time_s,source,dist_l_in,dist_r_in,dist_avg_in,speed_l_in_s,speed_r_in_s,enc_heading_deg,pitch_deg,roll_deg,yaw_deg,acc_x_g,acc_y_g,acc_z_g,note
0.030,ENC,160.6146,74.9384,117.7765,0.0000,0.0000,-245.444,-4.148,-0.617,-75.201,0.0000,0.0000,0.0000,
0.051,ENC,160.6146,74.9384,117.7765,0.0000,0.0000,-245.444,-4.148,-0.617,-75.201,0.0000,0.0000,0.0000,
0.059,IMU,160.6146,74.9384,117.7765,0.0000,0.0000,-245.444,-4.130,-0.584,-75.118,0.0576,-0.0176,1.0024,
0.069,ENC,160.6146,74.9384,117.7765,0.0000,0.0000,-245.444,-4.130,-0.584,-75.118,0.0576,-0.0176,1.0024,
0.079,IMU,160.6146,74.9384,117.7765,0.0000,0.0000,-245.444,-4.103,-0.584,-75.141,0.0601,-0.0078,1.0068,
0.090,ENC,160.6146,74.9384,117.7765,0.0000,0.0000,-245.444,-4.103,-0.584,-75.141,0.0601,-0.0078,1.0068,
0.102,IMU,160.6146,74.9384,117.7765,0.0000,0.0000,-245.444,-4.115,-0.584,-75.148,0.0723,-0.0171,1.0029,
0.132,ENC,160.6146,74.9384,117.7765,0.0000,0.0000,-245.444,-4.115,-0.584,-75.148,0.0723,-0.0171,1.0029,
0.139,IMU,160.6146,74.9384,117.7765,0.0000,0.0000,-245.444,-4.147,-0.593,-75.082,0.0610,-0.0122,0.9834,
0.159,IMU,160.6146,74.9384,117.7765,0.0000,0.0000,-245.444,-4.167,-0.607,-75.085,0.0552,-0.0088,0.9961,
0.171,ENC,160.6146,74.9384,117.7765,0.0000,0.0000,-245.444,-4.167,-0.607,-75.085,0.0552,-0.0088,0.9961,
0.179,IMU,160.6146,74.9384,117.7765,0.0000,0.0000,-245.444,-4.194,-0.598,-75.087,0.0752,-0.0107,0.9956,
0.197,ENC,160.6146,74.9384,117.7765,0.0000,0.0000,-245.444,-4.194,-0.598,-75.087,0.0752,-0.0107,0.9956,
0.205,IMU,160.6146,74.9384,117.7765,0.0000,0.0000,-245.444,-4.206,-0.583,-75.077,0.0679,-0.0024,0.9893,
0.221,IMU,160.6146,74.9384,117.7765,0.0000,0.0000,-245.444,-4.210,-0.566,-75.105,0.0728,-0.0190,0.9946,
0.240,IMU,160.6146,74.9384,117.7765,0.0000,0.0000,-245.444,-4.207,-0.564,-75.105,0.0557,-0.0083,1.0000,
0.250,ENC,160.6146,74.9384,117.7765,0.0000,0.0000,-245.444,-4.207,-0.564,-75.105,0.0557,-0.0083,1.0000,
0.259,IMU,160.6146,74.9384,117.7765,0.0000,0.0000,-245.444,-4.143,-0.599,-75.064,0.0474,-0.0239,0.9941,
0.291,ENC,160.6146,74.9384,117.7765,0.0000,0.0000,-245.444,-4.143,-0.599,-75.064,0.0474,-0.0239,0.9941,
0.299,IMU,160.6146,74.9384,117.7765,0.0000,0.0000,-245.444,-4.142,-0.653,-75.078,0.0586,-0.0181,1.0059,
0.319,IMU,160.6146,74.9384,117.7765,0.0000,0.0000,-245.444,-4.133,-0.646,-75.085,0.0771,-0.0127,0.9893,
0.342,IMU,160.6146,74.9384,117.7765,0.0000,0.0000,-245.444,-4.108,-0.636,-75.063,0.0562,-0.0386,0.9858,
0.350,ENC,160.6146,74.9418,117.7782,0.0000,0.0568,-245.435,-4.108,-0.636,-75.063,0.0562,-0.0386,0.9858,
0.360,IMU,160.6146,74.9418,117.7782,0.0000,0.0568,-245.435,-4.052,-0.801,-75.044,-0.0386,-0.1270,1.0024,
0.369,ENC,160.6146,74.9673,117.7910,0.0000,1.2783,-245.361,-4.052,-0.801,-75.044,-0.0386,-0.1270,1.0024,
0.403,IMU,160.6146,74.9673,117.7910,0.0000,1.2783,-245.361,-3.933,-0.947,-74.749,-0.0054,-0.1499,1.0259,
0.411,ENC,160.6402,75.1156,117.8779,0.6392,3.7071,-245.010,-3.933,-0.947,-74.749,-0.0054,-0.1499,1.0259,
0.420,IMU,160.6402,75.1156,117.8779,0.6392,3.7071,-245.010,-3.891,-1.045,-74.635,0.0542,-0.1055,1.0396,
0.430,ENC,160.6794,75.2094,117.9444,1.9601,4.6872,-244.854,-3.891,-1.045,-74.635,0.0542,-0.1055,1.0396,
0.440,IMU,160.6794,75.2094,117.9444,1.9601,4.6872,-244.854,-3.846,-1.035,-74.513,-0.0205,-0.0732,1.1021,
0.450,ENC,160.7356,75.3168,118.0262,2.8123,5.3689,-244.707,-3.846,-1.035,-74.513,-0.0205,-0.0732,1.1021,
0.460,IMU,160.7356,75.3168,118.0262,2.8123,5.3689,-244.707,-3.888,-1.082,-74.429,0.0635,-0.1123,0.9585,
0.473,ENC,160.8055,75.4395,118.1225,3.4941,6.1359,-244.556,-3.888,-1.082,-74.429,0.0635,-0.1123,0.9585,
0.480,IMU,160.8055,75.4395,118.1225,3.4941,6.1359,-244.556,-3.878,-1.138,-74.331,0.1050,-0.0640,0.9956,
0.491,ENC,160.8992,75.5571,118.2282,4.6872,5.8803,-244.487,-3.878,-1.138,-74.331,0.1050,-0.0640,0.9956,
0.511,ENC,161.0015,75.6747,118.3381,5.1133,5.8803,-244.443,-3.878,-1.138,-74.331,0.1050,-0.0640,0.9956,
0.521,IMU,161.0015,75.6747,118.3381,5.1133,5.8803,-244.443,-3.854,-1.128,-74.044,0.1279,-0.0273,0.9028,
0.530,ENC,161.1055,75.7991,118.4523,5.1985,6.2211,-244.385,-3.854,-1.128,-74.044,0.1279,-0.0273,0.9028,
0.541,IMU,161.1055,75.7991,118.4523,5.1985,6.2211,-244.385,-3.845,-1.107,-73.913,0.0913,-0.0269,1.0166,
0.550,ENC,161.2009,75.9235,118.5622,4.7724,6.2211,-244.302,-3.845,-1.107,-73.913,0.0913,-0.0269,1.0166,
0.560,IMU,161.2009,75.9235,118.5622,4.7724,6.2211,-244.302,-3.962,-1.144,-73.799,0.1567,-0.0708,0.9614,
0.570,ENC,161.2981,76.0548,118.6764,4.8576,6.5620,-244.204,-3.962,-1.144,-73.799,0.1567,-0.0708,0.9614,
0.590,ENC,161.3952,76.1928,118.7940,4.8576,6.9029,-244.087,-3.962,-1.144,-73.799,0.1567,-0.0708,0.9614,
0.611,ENC,161.4873,76.3241,118.9057,4.6019,6.5620,-243.975,-3.962,-1.144,-73.799,0.1567,-0.0708,0.9614,
0.619,IMU,161.4873,76.3241,118.9057,4.6019,6.5620,-243.975,-3.712,-1.234,-73.574,0.0767,-0.1050,0.9736,
0.630,ENC,161.5827,76.4604,119.0216,4.7724,6.8177,-243.857,-3.712,-1.234,-73.574,0.0767,-0.1050,0.9736,
0.639,IMU,161.5827,76.4604,119.0216,4.7724,6.8177,-243.857,-3.817,-1.233,-73.515,0.1182,-0.0435,0.9937,
0.650,ENC,161.6867,76.5968,119.1417,5.1985,6.8177,-243.765,-3.817,-1.233,-73.515,0.1182,-0.0435,0.9937,
0.659,IMU,161.6867,76.5968,119.1417,5.1985,6.8177,-243.765,-3.772,-1.108,-73.425,0.0312,0.0850,1.0078,
0.675,ENC,161.7855,76.7399,119.2627,4.9428,7.1586,-243.638,-3.772,-1.108,-73.425,0.0312,0.0850,1.0078,
0.684,IMU,161.7855,76.7399,119.2627,4.9428,7.1586,-243.638,-3.708,-1.005,-73.373,0.0342,0.0781,0.9849,
0.690,ENC,161.8793,76.8865,119.3829,4.6872,7.3290,-243.486,-3.708,-1.005,-73.373,0.0342,0.0781,0.9849,
0.699,IMU,161.8793,76.8865,119.3829,4.6872,7.3290,-243.486,-3.738,-0.945,-73.276,0.0566,0.0137,1.0269,
0.710,ENC,161.9850,77.0331,119.5090,5.2837,7.3290,-243.369,-3.738,-0.945,-73.276,0.0566,0.0137,1.0269,
0.719,IMU,161.9850,77.0331,119.5090,5.2837,7.3290,-243.369,-3.667,-0.860,-73.211,-0.0034,0.0547,1.0347,
0.730,ENC,162.0872,77.1780,119.6326,5.1133,7.2438,-243.247,-3.667,-0.860,-73.211,-0.0034,0.0547,1.0347,
0.739,IMU,162.0872,77.1780,119.6326,5.1133,7.2438,-243.247,-3.623,-0.763,-73.127,0.0396,0.0337,1.0171,
0.757,ENC,162.1895,77.3263,119.7579,5.1133,7.4142,-243.115,-3.623,-0.763,-73.127,0.0396,0.0337,1.0171,
0.760,IMU,162.1895,77.3263,119.7579,5.1133,7.4142,-243.115,-3.649,-0.780,-73.055,0.0747,-0.0376,1.0825,
0.770,ENC,162.2901,77.4780,119.8840,5.0280,7.5847,-242.969,-3.649,-0.780,-73.055,0.0747,-0.0376,1.0825,
0.780,IMU,162.2901,77.4780,119.8840,5.0280,7.5847,-242.969,-3.712,-0.788,-72.937,0.1309,-0.0234,0.9360,
0.790,ENC,162.3940,77.6211,120.0076,5.1985,7.1586,-242.856,-3.712,-0.788,-72.937,0.1309,-0.0234,0.9360,
0.799,IMU,162.3940,77.6211,120.0076,5.1985,7.1586,-242.856,-3.785,-0.779,-72.829,0.1538,-0.0146,0.9570,
0.811,ENC,162.4980,77.7626,120.1303,5.1985,7.0734,-242.749,-3.785,-0.779,-72.829,0.1538,-0.0146,0.9570,
0.820,IMU,162.4980,77.7626,120.1303,5.1985,7.0734,-242.749,-3.720,-0.893,-72.809,0.0361,-0.0830,0.9907,
0.833,ENC,162.6156,77.9109,120.2632,5.8803,7.4142,-242.661,-3.720,-0.893,-72.809,0.0361,-0.0830,0.9907,
0.841,IMU,162.6156,77.9109,120.2632,5.8803,7.4142,-242.661,-3.758,-1.011,-72.735,0.1021,-0.1011,0.9810,
0.853,ENC,162.7162,78.0541,120.3851,5.0280,7.1586,-242.539,-3.758,-1.011,-72.735,0.1021,-0.1011,0.9810,
0.860,IMU,162.7162,78.0541,120.3851,5.0280,7.1586,-242.539,-3.751,-1.083,-72.694,0.0474,-0.0215,0.9751,
0.871,ENC,162.8252,78.1972,120.5112,5.4542,7.1586,-242.441,-3.751,-1.083,-72.694,0.0474,-0.0215,0.9751,
0.879,IMU,162.8252,78.1972,120.5112,5.4542,7.1586,-242.441,-3.793,-1.105,-72.590,0.0977,-0.0195,1.0972,
0.900,IMU,162.8252,78.1972,120.5112,5.4542,7.1586,-242.441,-3.859,-1.193,-72.551,0.0933,-0.0679,1.0728,
0.921,IMU,162.8252,78.1972,120.5112,5.4542,7.1586,-242.441,-3.817,-1.139,-72.481,0.0850,0.0195,0.9780,
0.931,ENC,163.1627,78.6063,120.8845,5.6246,6.8177,-242.236,-3.817,-1.139,-72.481,0.0850,0.0195,0.9780,
0.940,IMU,163.1627,78.6063,120.8845,5.6246,6.8177,-242.236,-3.782,-1.098,-72.430,0.0747,0.0190,1.0059,
0.950,ENC,163.2769,78.7478,121.0123,5.7098,7.0734,-242.158,-3.782,-1.098,-72.430,0.0747,0.0190,1.0059,
0.960,IMU,163.2769,78.7478,121.0123,5.7098,7.0734,-242.158,-3.826,-1.129,-72.411,0.0747,-0.0400,1.1113,
0.971,ENC,163.3894,78.8824,121.1359,5.6246,6.7325,-242.095,-3.826,-1.129,-72.411,0.0747,-0.0400,1.1113,
0.979,IMU,163.3894,78.8824,121.1359,5.6246,6.7325,-242.095,-3.669,-1.036,-72.363,-0.0249,0.0669,0.9507,
0.999,IMU,163.3894,78.8824,121.1359,5.6246,6.7325,-242.095,-3.619,-0.909,-72.357,0.0332,0.0352,0.9678,
1.011,ENC,163.6212,79.1568,121.3890,5.7950,6.8603,-241.973,-3.619,-0.909,-72.357,0.0332,0.0352,0.9678,
1.020,IMU,163.6212,79.1568,121.3890,5.7950,6.8603,-241.973,-3.585,-0.962,-72.334,0.0239,-0.0732,1.0723,
1.030,ENC,163.7371,79.2915,121.5143,5.7950,6.7325,-241.919,-3.585,-0.962,-72.334,0.0239,-0.0732,1.0723,
1.039,IMU,163.7371,79.2915,121.5143,5.7950,6.7325,-241.919,-3.552,-0.857,-72.266,0.0308,0.0557,1.0415,
1.050,ENC,163.8598,79.4363,121.6481,6.1359,7.2438,-241.855,-3.552,-0.857,-72.266,0.0308,0.0557,1.0415,
1.059,IMU,163.8598,79.4363,121.6481,6.1359,7.2438,-241.855,-3.579,-0.793,-72.253,0.1016,0.0366,0.8779,
1.070,ENC,163.9740,79.5608,121.7674,5.7098,6.2211,-241.826,-3.579,-0.793,-72.253,0.1016,0.0366,0.8779,
1.079,IMU,163.9740,79.5608,121.7674,5.7098,6.2211,-241.826,-3.655,-0.867,-72.254,0.0972,-0.0435,1.0063,
1.093,ENC,164.1189,79.6971,121.9080,7.2438,6.8177,-241.851,-3.655,-0.867,-72.254,0.0972,-0.0435,1.0063,
1.099,IMU,164.1189,79.6971,121.9080,7.2438,6.8177,-241.851,-3.644,-0.909,-72.275,0.0742,-0.0581,0.9717,
1.120,IMU,164.1189,79.6971,121.9080,7.2438,6.8177,-241.851,-3.615,-0.948,-72.257,0.0859,-0.0708,0.9390,
1.130,ENC,164.4001,79.9664,122.1833,7.0307,6.7325,-241.885,-3.615,-0.948,-72.257,0.0859,-0.0708,0.9390,
1.139,IMU,164.4001,79.9664,122.1833,7.0307,6.7325,-241.885,-3.596,-0.908,-72.276,0.0718,0.0498,0.9146,
1.162,IMU,164.4001,79.9664,122.1833,7.0307,6.7325,-241.885,-3.580,-0.993,-72.285,0.1255,-0.0605,0.9517,
1.169,ENC,164.6626,80.2408,122.4517,6.5620,6.8603,-241.851,-3.580,-0.993,-72.285,0.1255,-0.0605,0.9517,
1.180,IMU,164.6626,80.2408,122.4517,6.5620,6.8603,-241.851,-3.548,-1.018,-72.247,-0.0405,-0.0693,1.0557,
1.191,ENC,164.7904,80.3891,122.5898,6.3916,7.4142,-241.792,-3.548,-1.018,-72.247,-0.0405,-0.0693,1.0557,
1.199,IMU,164.7904,80.3891,122.5898,6.3916,7.4142,-241.792,-3.549,-0.940,-72.151,0.0703,0.0601,0.9951,
1.211,ENC,164.9115,80.5340,122.7227,6.0507,7.2438,-241.724,-3.549,-0.940,-72.151,0.0703,0.0601,0.9951,
1.219,IMU,164.9115,80.5340,122.7227,6.0507,7.2438,-241.724,-3.682,-1.009,-72.105,0.1333,-0.0674,0.9360,
1.240,IMU,164.9115,80.5340,122.7227,6.0507,7.2438,-241.724,-3.819,-1.029,-72.173,0.1714,-0.0181,0.9976,
1.260,IMU,164.9115,80.5340,122.7227,6.0507,7.2438,-241.724,-3.745,-1.032,-72.210,-0.0034,0.0337,1.0444,
1.278,ENC,165.2932,80.9294,123.1113,6.3632,6.5904,-241.685,-3.745,-1.032,-72.210,-0.0034,0.0337,1.0444,
1.282,IMU,165.2932,80.9294,123.1113,6.3632,6.5904,-241.685,-3.737,-1.165,-72.246,0.0840,-0.0884,0.9653,
1.293,ENC,165.4143,81.0641,123.2392,6.0507,6.7325,-241.646,-3.737,-1.165,-72.246,0.0840,-0.0884,0.9653,
1.300,IMU,165.4143,81.0641,123.2392,6.0507,6.7325,-241.646,-3.767,-1.111,-72.240,0.0938,0.0098,0.9336,
1.311,ENC,165.5302,81.1987,123.3644,5.7950,6.7325,-241.592,-3.767,-1.111,-72.240,0.0938,0.0098,0.9336,
1.319,IMU,165.5302,81.1987,123.3644,5.7950,6.7325,-241.592,-3.790,-1.076,-72.226,0.0933,0.0356,1.0488,
1.330,ENC,165.6478,81.3368,123.4923,5.8803,6.9029,-241.533,-3.790,-1.076,-72.226,0.0933,0.0356,1.0488,
1.341,IMU,165.6478,81.3368,123.4923,5.8803,6.9029,-241.533,-3.743,-1.103,-72.195,0.0220,-0.0244,0.9937,
1.351,ENC,165.7773,81.4748,123.6261,6.4768,6.9029,-241.509,-3.743,-1.103,-72.195,0.0220,-0.0244,0.9937,
1.360,IMU,165.7773,81.4748,123.6261,6.4768,6.9029,-241.509,-3.847,-1.184,-72.158,0.1577,-0.0957,0.9521,
1.370,ENC,165.9000,81.6146,123.7573,6.1359,6.9881,-241.460,-3.847,-1.184,-72.158,0.1577,-0.0957,0.9521,
1.379,IMU,165.9000,81.6146,123.7573,6.1359,6.9881,-241.460,-3.864,-1.090,-72.194,0.0854,0.0537,0.9561,
1.390,ENC,166.0279,81.7509,123.8894,6.3916,6.8177,-241.436,-3.864,-1.090,-72.194,0.0854,0.0537,0.9561,
1.405,IMU,166.0279,81.7509,123.8894,6.3916,6.8177,-241.436,-3.911,-1.055,-72.182,0.0879,-0.0156,0.9194,
1.410,ENC,166.1523,81.8737,124.0130,6.2211,6.1359,-241.440,-3.911,-1.055,-72.182,0.0879,-0.0156,0.9194,
1.422,IMU,166.1523,81.8737,124.0130,6.2211,6.1359,-241.440,-3.835,-1.023,-72.179,-0.0127,0.0068,1.0596,
1.430,ENC,166.2920,81.9947,124.1434,6.9881,6.0507,-241.494,-3.835,-1.023,-72.179,-0.0127,0.0068,1.0596,
1.440,IMU,166.2920,81.9947,124.1434,6.9881,6.0507,-241.494,-3.803,-0.908,-72.253,0.0195,0.0713,0.9795,
1.459,IMU,166.2920,81.9947,124.1434,6.9881,6.0507,-241.494,-3.711,-0.818,-72.290,-0.0054,0.0723,0.9570,
1.474,ENC,166.5409,82.2231,124.3820,6.2211,5.7098,-241.553,-3.711,-0.818,-72.290,-0.0054,0.0723,0.9570,
1.480,IMU,166.5409,82.2231,124.3820,6.2211,5.7098,-241.553,-3.644,-0.769,-72.264,-0.0151,0.0420,1.0371,
1.490,ENC,166.6687,82.3339,124.5013,6.3916,5.5394,-241.602,-3.644,-0.769,-72.264,-0.0151,0.0420,1.0371,
1.501,IMU,166.6687,82.3339,124.5013,6.3916,5.5394,-241.602,-3.669,-0.816,-72.310,0.0864,-0.0640,1.0518,
1.510,ENC,166.7914,82.4464,124.6189,6.1359,5.6246,-241.631,-3.669,-0.816,-72.310,0.0864,-0.0640,1.0518,
1.519,IMU,166.7914,82.4464,124.6189,6.1359,5.6246,-241.631,-3.689,-0.825,-72.362,0.0464,-0.0078,1.0425,
1.530,ENC,166.9159,82.5537,124.7348,6.2211,5.3689,-241.680,-3.689,-0.825,-72.362,0.0464,-0.0078,1.0425,
1.539,IMU,166.9159,82.5537,124.7348,6.2211,5.3689,-241.680,-3.756,-0.898,-72.325,0.0674,-0.0610,1.0249,
1.550,ENC,167.0386,82.6611,124.8498,6.1359,5.3689,-241.724,-3.756,-0.898,-72.325,0.0674,-0.0610,1.0249,
1.560,IMU,167.0386,82.6611,124.8498,6.1359,5.3689,-241.724,-3.822,-0.811,-72.309,0.0835,0.0342,1.0464,
1.572,ENC,167.1630,82.7600,124.9615,6.2211,4.9428,-241.797,-3.822,-0.811,-72.309,0.0835,0.0342,1.0464,
1.579,IMU,167.1630,82.7600,124.9615,6.2211,4.9428,-241.797,-3.825,-0.759,-72.284,0.0864,0.0132,0.9956,
1.590,ENC,167.2789,82.8622,125.0706,5.7950,5.1133,-241.836,-3.825,-0.759,-72.284,0.0864,0.0132,0.9956,
1.599,IMU,167.2789,82.8622,125.0706,5.7950,5.1133,-241.836,-3.791,-0.751,-72.326,0.0181,0.0288,0.9971,
1.611,ENC,167.4067,82.9611,125.1839,6.3916,4.9428,-241.919,-3.791,-0.751,-72.326,0.0181,0.0288,0.9971,
1.619,IMU,167.4067,82.9611,125.1839,6.3916,4.9428,-241.919,-3.818,-0.754,-72.311,0.0952,-0.0146,1.0576,
1.631,ENC,167.5226,83.0548,125.2887,5.7950,4.6872,-241.982,-3.818,-0.754,-72.311,0.0952,-0.0146,1.0576,
1.640,IMU,167.5226,83.0548,125.2887,5.7950,4.6872,-241.982,-3.782,-0.764,-72.313,0.0020,-0.0107,1.0737,
1.650,ENC,167.6266,83.1588,125.3927,5.1985,5.1985,-241.982,-3.782,-0.764,-72.313,0.0020,-0.0107,1.0737,
1.659,IMU,167.6266,83.1588,125.3927,5.1985,5.1985,-241.982,-3.757,-0.744,-72.311,-0.0049,0.0195,0.9541,
1.676,ENC,167.7323,83.2560,125.4941,5.2837,4.8576,-242.007,-3.757,-0.744,-72.311,-0.0049,0.0195,0.9541,
1.680,IMU,167.7323,83.2560,125.4941,5.2837,4.8576,-242.007,-3.777,-0.680,-72.293,0.0728,-0.0049,0.9795,
1.690,ENC,167.8294,83.3446,125.5870,4.8576,4.4315,-242.031,-3.777,-0.680,-72.293,0.0728,-0.0049,0.9795,
1.699,IMU,167.8294,83.3446,125.5870,4.8576,4.4315,-242.031,-3.750,-0.683,-72.288,0.0342,-0.0576,0.9937,
1.713,ENC,167.9419,83.4332,125.6876,5.6246,4.4315,-242.100,-3.750,-0.683,-72.288,0.0342,-0.0576,0.9937,
1.720,IMU,167.9419,83.4332,125.6876,5.6246,4.4315,-242.100,-3.788,-0.721,-72.314,0.0840,-0.0054,1.0435,
1.731,ENC,168.0595,83.5304,125.7949,5.8803,4.8576,-242.158,-3.788,-0.721,-72.314,0.0840,-0.0054,1.0435,
1.739,IMU,168.0595,83.5304,125.7949,5.8803,4.8576,-242.158,-3.669,-0.754,-72.336,-0.0391,-0.0132,1.0117,
1.750,ENC,168.1635,83.6088,125.8861,5.1985,3.9202,-242.231,-3.669,-0.754,-72.336,-0.0391,-0.0132,1.0117,
1.759,IMU,168.1635,83.6088,125.8861,5.1985,3.9202,-242.231,-3.593,-0.760,-72.371,0.0386,0.0000,0.9761,
1.770,ENC,168.2709,83.6957,125.9833,5.3689,4.3463,-242.290,-3.593,-0.760,-72.371,0.0386,0.0000,0.9761,
1.779,IMU,168.2709,83.6957,125.9833,5.3689,4.3463,-242.290,-3.551,-0.762,-72.410,0.0879,0.0034,0.9941,
1.790,ENC,168.3680,83.7741,126.0711,4.8576,3.9202,-242.344,-3.551,-0.762,-72.410,0.0879,0.0034,0.9941,
1.800,IMU,168.3680,83.7741,126.0711,4.8576,3.9202,-242.344,-3.604,-0.750,-72.451,0.0859,-0.0117,0.9927,
1.810,ENC,168.4669,83.8695,126.1682,4.9428,4.7724,-242.354,-3.604,-0.750,-72.451,0.0859,-0.0117,0.9927,
1.820,IMU,168.4669,83.8695,126.1682,4.9428,4.7724,-242.354,-3.650,-0.749,-72.437,0.0615,0.0132,0.9761,
1.839,IMU,168.4669,83.8695,126.1682,4.9428,4.7724,-242.354,-3.679,-0.701,-72.377,0.0610,0.0273,0.9819,
1.850,ENC,168.6458,84.0553,126.3506,4.4741,4.6446,-242.334,-3.679,-0.701,-72.377,0.0610,0.0273,0.9819,
1.860,IMU,168.6458,84.0553,126.3506,4.4741,4.6446,-242.334,-3.719,-0.712,-72.337,0.1094,-0.0522,1.0063,
1.879,IMU,168.6458,84.0553,126.3506,4.4741,4.6446,-242.334,-3.755,-0.679,-72.283,0.0752,0.0020,1.0210,
1.899,IMU,168.6458,84.0553,126.3506,4.4741,4.6446,-242.334,-3.789,-0.641,-72.286,0.0420,0.0200,1.0659,
1.910,ENC,168.9066,84.3536,126.6301,4.3463,4.9712,-242.227,-3.789,-0.641,-72.286,0.0420,0.0200,1.0659,
1.924,IMU,168.9066,84.3536,126.6301,4.3463,4.9712,-242.227,-3.861,-0.611,-72.301,0.1152,0.0249,0.9990,
1.940,IMU,168.9066,84.3536,126.6301,4.3463,4.9712,-242.227,-3.866,-0.688,-72.373,0.0601,-0.0439,1.0513,
1.959,IMU,168.9066,84.3536,126.6301,4.3463,4.9712,-242.227,-3.925,-0.767,-72.347,0.0791,-0.0781,0.9746,
1.981,IMU,168.9066,84.3536,126.6301,4.3463,4.9712,-242.227,-3.878,-0.806,-72.389,0.0317,-0.0376,1.0068,
2.002,IMU,168.9066,84.3536,126.6301,4.3463,4.9712,-242.227,-3.897,-0.836,-72.453,0.1060,-0.0337,1.0225,
2.011,ENC,169.3736,84.8189,127.0963,4.6701,4.6531,-242.231,-3.897,-0.836,-72.453,0.1060,-0.0337,1.0225,
2.019,IMU,169.3736,84.8189,127.0963,4.6701,4.6531,-242.231,-3.894,-0.818,-72.496,0.0664,0.0029,0.9941,
2.039,IMU,169.3736,84.8189,127.0963,4.6701,4.6531,-242.231,-3.863,-0.855,-72.472,0.0361,-0.0254,0.9639,
2.051,ENC,169.5816,85.0064,127.2940,5.1985,4.6872,-242.290,-3.863,-0.855,-72.472,0.0361,-0.0254,0.9639,
2.059,IMU,169.5816,85.0064,127.2940,5.1985,4.6872,-242.290,-3.824,-0.852,-72.431,0.0435,-0.0186,0.9829,
2.080,IMU,169.5816,85.0064,127.2940,5.1985,4.6872,-242.290,-3.840,-0.835,-72.408,0.0449,0.0151,1.0405,
2.090,ENC,169.7810,85.2160,127.4985,4.9854,5.2411,-242.261,-3.840,-0.835,-72.408,0.0449,0.0151,1.0405,
2.099,IMU,169.7810,85.2160,127.4985,4.9854,5.2411,-242.261,-3.864,-0.856,-72.452,0.0962,-0.0151,0.9932,
2.110,ENC,169.8850,85.3166,127.6008,5.1985,5.0280,-242.271,-3.864,-0.856,-72.452,0.0962,-0.0151,0.9932,
2.120,IMU,169.8850,85.3166,127.6008,5.1985,5.0280,-242.271,-3.925,-0.858,-72.483,0.0869,-0.0459,0.9961,
2.130,ENC,169.9906,85.4206,127.7056,5.2837,5.1985,-242.275,-3.925,-0.858,-72.483,0.0869,-0.0459,0.9961,
2.139,IMU,169.9906,85.4206,127.7056,5.2837,5.1985,-242.275,-3.964,-0.869,-72.450,0.1245,-0.0098,0.9629,
2.150,ENC,170.0929,85.5228,127.8079,5.1133,5.1133,-242.275,-3.964,-0.869,-72.450,0.1245,-0.0098,0.9629,
2.159,IMU,170.0929,85.5228,127.8079,5.1133,5.1133,-242.275,-4.018,-0.844,-72.451,0.1025,-0.0146,1.0010,
2.170,ENC,170.2071,85.6251,127.9161,5.7098,5.1133,-242.310,-4.018,-0.844,-72.451,0.1025,-0.0146,1.0010,
2.180,IMU,170.2071,85.6251,127.9161,5.7098,5.1133,-242.310,-4.010,-0.880,-72.474,0.0625,-0.0371,0.9844,
2.190,ENC,170.3179,85.7291,128.0235,5.5394,5.1985,-242.329,-4.010,-0.880,-72.474,0.0625,-0.0371,0.9844,
2.199,IMU,170.3179,85.7291,128.0235,5.5394,5.1985,-242.329,-4.001,-0.873,-72.454,0.0630,0.0020,1.0283,
2.211,ENC,170.4253,85.8365,128.1309,5.3689,5.3689,-242.329,-4.001,-0.873,-72.454,0.0630,0.0020,1.0283,
2.219,IMU,170.4253,85.8365,128.1309,5.3689,5.3689,-242.329,-4.014,-0.837,-72.425,0.0776,0.0068,0.9380,
2.233,ENC,170.5395,85.9472,128.2434,5.7098,5.5394,-242.339,-4.014,-0.837,-72.425,0.0776,0.0068,0.9380,
2.242,IMU,170.5395,85.9472,128.2434,5.7098,5.5394,-242.339,-3.956,-0.835,-72.435,0.0693,-0.0063,1.0015,
2.250,ENC,170.6520,86.0529,128.3524,5.6246,5.2837,-242.358,-3.956,-0.835,-72.435,0.0693,-0.0063,1.0015,
2.259,IMU,170.6520,86.0529,128.3524,5.6246,5.2837,-242.358,-3.882,-0.851,-72.494,0.0259,-0.0200,0.9790,
2.270,ENC,170.7679,86.1654,128.4666,5.7950,5.6246,-242.368,-3.882,-0.851,-72.494,0.0259,-0.0200,0.9790,
2.284,IMU,170.7679,86.1654,128.4666,5.7950,5.6246,-242.368,-3.867,-0.885,-72.495,0.0605,-0.0103,1.0078,
2.291,ENC,170.8838,86.2694,128.5766,5.7950,5.1985,-242.402,-3.867,-0.885,-72.495,0.0605,-0.0103,1.0078,
2.300,IMU,170.8838,86.2694,128.5766,5.7950,5.1985,-242.402,-3.865,-0.822,-72.471,0.0825,0.0166,0.9800,
2.310,ENC,171.0048,86.3870,128.6959,6.0507,5.8803,-242.412,-3.865,-0.822,-72.471,0.0825,0.0166,0.9800,
2.320,IMU,171.0048,86.3870,128.6959,6.0507,5.8803,-242.412,-3.822,-0.821,-72.480,0.0635,-0.0303,0.9854,
2.330,ENC,171.1292,86.5029,128.8160,6.2211,5.7950,-242.437,-3.822,-0.821,-72.480,0.0635,-0.0303,0.9854,
2.339,IMU,171.1292,86.5029,128.8160,6.2211,5.7950,-242.437,-3.768,-0.843,-72.502,0.0479,-0.0200,0.9790,
2.350,ENC,171.2485,86.6103,128.9294,5.9655,5.3689,-242.471,-3.768,-0.843,-72.502,0.0479,-0.0200,0.9790,
2.359,IMU,171.2485,86.6103,128.9294,5.9655,5.3689,-242.471,-3.832,-0.835,-72.493,0.0898,0.0029,0.9663,
2.379,IMU,171.2485,86.6103,128.9294,5.9655,5.3689,-242.471,-3.848,-0.803,-72.440,0.0693,0.0024,1.0850,
2.390,ENC,171.4905,86.8574,129.1740,6.0507,6.1785,-242.456,-3.848,-0.803,-72.440,0.0693,0.0024,1.0850,
2.400,IMU,171.4905,86.8574,129.1740,6.0507,6.1785,-242.456,-3.908,-0.836,-72.429,0.0679,-0.0615,0.9839,
2.410,ENC,171.6047,86.9733,129.2890,5.7098,5.7950,-242.451,-3.908,-0.836,-72.429,0.0679,-0.0615,0.9839,
2.420,IMU,171.6047,86.9733,129.2890,5.7098,5.7950,-242.451,-3.839,-0.907,-72.413,0.0376,-0.0562,0.9727,
2.430,ENC,171.7240,87.0909,129.4075,5.9655,5.8803,-242.456,-3.839,-0.907,-72.413,0.0376,-0.0562,0.9727,
2.439,IMU,171.7240,87.0909,129.4075,5.9655,5.8803,-242.456,-3.850,-0.908,-72.440,0.0894,0.0137,0.9287,
2.449,ENC,171.8382,87.2085,129.5234,5.7098,5.8803,-242.446,-3.850,-0.908,-72.440,0.0894,0.0137,0.9287,
2.460,IMU,171.8382,87.2085,129.5234,5.7098,5.8803,-242.446,-3.804,-0.903,-72.402,0.0371,0.0142,1.0283,
2.491,ENC,172.0666,87.4488,129.7577,5.7098,6.0081,-242.412,-3.804,-0.903,-72.402,0.0371,0.0142,1.0283,
2.500,IMU,172.0666,87.4488,129.7577,5.7098,6.0081,-242.412,-3.802,-0.830,-72.370,-0.0229,0.0449,1.0625,
2.510,ENC,172.1808,87.5664,129.8736,5.7098,5.8803,-242.402,-3.802,-0.830,-72.370,-0.0229,0.0449,1.0625,
2.520,IMU,172.1808,87.5664,129.8736,5.7098,5.8803,-242.402,-3.916,-0.727,-72.371,0.1211,0.0986,0.9946,
2.530,ENC,172.2780,87.6926,129.9853,4.8576,6.3064,-242.319,-3.916,-0.727,-72.371,0.1211,0.0986,0.9946,
2.539,IMU,172.2780,87.6926,129.9853,4.8576,6.3064,-242.319,-3.904,-0.756,-72.341,0.0166,-0.0088,1.0654,
2.550,ENC,172.3785,87.8153,130.0969,5.0280,6.1359,-242.256,-3.904,-0.756,-72.341,0.0166,-0.0088,1.0654,
2.570,ENC,172.4808,87.9363,130.2086,5.1133,6.0507,-242.202,-3.904,-0.756,-72.341,0.0166,-0.0088,1.0654,
2.579,IMU,172.4808,87.9363,130.2086,5.1133,6.0507,-242.202,-3.892,-0.688,-72.289,0.0435,0.0361,0.9780,
2.590,ENC,172.5899,88.0590,130.3245,5.4542,6.1359,-242.163,-3.892,-0.688,-72.289,0.0435,0.0361,0.9780,
2.599,IMU,172.5899,88.0590,130.3245,5.4542,6.1359,-242.163,-3.914,-0.681,-72.273,0.0825,-0.0156,0.9238,
2.610,ENC,172.7024,88.1749,130.4386,5.6246,5.7950,-242.153,-3.914,-0.681,-72.273,0.0825,-0.0156,0.9238,
2.619,IMU,172.7024,88.1749,130.4386,5.6246,5.7950,-242.153,-3.876,-0.667,-72.298,0.0449,-0.0332,1.0137,
2.631,ENC,172.8132,88.2959,130.5545,5.5394,6.0507,-242.124,-3.876,-0.667,-72.298,0.0449,-0.0332,1.0137,
2.641,IMU,172.8132,88.2959,130.5545,5.5394,6.0507,-242.124,-3.776,-0.706,-72.262,-0.0146,-0.0435,0.9731,
2.650,ENC,172.9222,88.4135,130.6679,5.4542,5.8803,-242.100,-3.776,-0.706,-72.262,-0.0146,-0.0435,0.9731,
2.660,IMU,172.9222,88.4135,130.6679,5.4542,5.8803,-242.100,-3.769,-0.688,-72.253,0.0244,-0.0298,1.0366,
2.670,ENC,173.0364,88.5363,130.7863,5.7098,6.1359,-242.075,-3.769,-0.688,-72.253,0.0244,-0.0298,1.0366,
2.680,IMU,173.0364,88.5363,130.7863,5.7098,6.1359,-242.075,-3.858,-0.668,-72.278,0.1162,-0.0034,0.9727,
2.692,ENC,173.1558,88.6607,130.9082,5.9655,6.2211,-242.061,-3.858,-0.668,-72.278,0.1162,-0.0034,0.9727,
2.699,IMU,173.1558,88.6607,130.9082,5.9655,6.2211,-242.061,-3.882,-0.647,-72.254,0.0776,0.0063,0.9365,
2.710,ENC,173.2921,88.7817,131.0369,6.8177,6.0507,-242.104,-3.882,-0.647,-72.254,0.0776,0.0063,0.9365,
2.719,IMU,173.2921,88.7817,131.0369,6.8177,6.0507,-242.104,-3.877,-0.645,-72.260,0.0874,-0.0381,1.0039,
2.740,IMU,173.2921,88.7817,131.0369,6.8177,6.0507,-242.104,-3.919,-0.676,-72.278,0.1299,-0.0356,0.9795,
2.753,ENC,173.5205,89.0169,131.2687,5.7098,5.8803,-242.085,-3.919,-0.676,-72.278,0.1299,-0.0356,0.9795,
2.759,IMU,173.5205,89.0169,131.2687,5.7098,5.8803,-242.085,-3.893,-0.703,-72.273,0.0327,-0.0142,0.9800,
2.779,IMU,173.5205,89.0169,131.2687,5.7098,5.8803,-242.085,-3.860,-0.826,-72.316,0.0381,-0.1030,0.9800,
2.790,ENC,173.7642,89.2555,131.5099,6.0933,5.9655,-242.100,-3.860,-0.826,-72.316,0.0381,-0.1030,0.9800,
2.799,IMU,173.7642,89.2555,131.5099,6.0933,5.9655,-242.100,-3.891,-0.756,-72.316,0.0688,0.0254,0.9380,
2.810,ENC,173.9006,89.3765,131.6386,6.8177,6.0507,-242.144,-3.891,-0.756,-72.316,0.0688,0.0254,0.9380,
2.819,IMU,173.9006,89.3765,131.6386,6.8177,6.0507,-242.144,-3.872,-0.796,-72.348,0.0552,-0.0532,1.0610,
2.830,ENC,174.0267,89.4873,131.7570,6.3064,5.5394,-242.188,-3.872,-0.796,-72.348,0.0552,-0.0532,1.0610,
2.839,IMU,174.0267,89.4873,131.7570,6.3064,5.5394,-242.188,-3.906,-0.770,-72.305,0.0820,0.0161,0.9194,
2.850,ENC,174.1562,89.6032,131.8797,6.4768,5.7950,-242.227,-3.906,-0.770,-72.305,0.0820,0.0161,0.9194,
2.860,IMU,174.1562,89.6032,131.8797,6.4768,5.7950,-242.227,-3.937,-0.782,-72.282,0.0938,-0.0166,1.0693,
2.879,IMU,174.1562,89.6032,131.8797,6.4768,5.7950,-242.227,-3.912,-0.807,-72.283,-0.0142,-0.0610,0.9897,
2.892,ENC,174.4324,89.8521,132.1422,6.9029,6.2211,-242.305,-3.912,-0.807,-72.283,-0.0142,-0.0610,0.9897,
2.902,IMU,174.4324,89.8521,132.1422,6.9029,6.2211,-242.305,-3.962,-0.797,-72.270,0.0933,-0.0215,0.9854,
2.910,ENC,174.5721,89.9799,132.2760,6.9881,6.3916,-242.339,-3.962,-0.797,-72.270,0.0933,-0.0215,0.9854,
2.919,IMU,174.5721,89.9799,132.2760,6.9881,6.3916,-242.339,-3.881,-0.822,-72.318,0.0024,-0.0181,1.0547,
2.930,ENC,174.7102,90.1026,132.4064,6.9029,6.1359,-242.383,-3.881,-0.822,-72.318,0.0024,-0.0181,1.0547,
2.940,IMU,174.7102,90.1026,132.4064,6.9029,6.1359,-242.383,-3.779,-0.944,-72.366,0.0171,-0.0933,1.0068,
2.950,ENC,174.8517,90.2475,132.5496,7.0734,7.2438,-242.373,-3.779,-0.944,-72.366,0.0171,-0.0933,1.0068,
2.959,IMU,174.8517,90.2475,132.5496,7.0734,7.2438,-242.373,-3.781,-1.022,-72.414,0.0547,-0.0850,1.0093,
2.972,ENC,174.9829,90.3787,132.6808,6.5620,6.5620,-242.373,-3.781,-1.022,-72.414,0.0547,-0.0850,1.0093,
2.980,IMU,174.9829,90.3787,132.6808,6.5620,6.5620,-242.373,-3.711,-1.001,-72.417,0.0220,-0.0410,1.0186,
2.990,ENC,175.1141,90.5168,132.8155,6.5620,6.9029,-242.354,-3.711,-1.001,-72.417,0.0220,-0.0410,1.0186,
3.002,IMU,175.1141,90.5168,132.8155,6.5620,6.9029,-242.354,-3.784,-1.052,-72.416,0.0933,-0.0732,1.0020,
3.013,ENC,175.2420,90.6446,132.9433,6.3916,6.3916,-242.354,-3.784,-1.052,-72.416,0.0933,-0.0732,1.0020,
3.019,IMU,175.2420,90.6446,132.9433,6.3916,6.3916,-242.354,-3.767,-1.066,-72.410,0.0610,-0.0845,1.0093,
3.030,ENC,175.3732,90.7673,133.0703,6.5620,6.1359,-242.378,-3.767,-1.066,-72.410,0.0610,-0.0845,1.0093,
3.039,IMU,175.3732,90.7673,133.0703,6.5620,6.1359,-242.378,-3.749,-1.094,-72.361,0.0459,-0.0332,1.0806,
3.051,ENC,175.4993,90.9003,133.1998,6.3064,6.6473,-242.358,-3.749,-1.094,-72.361,0.0459,-0.0332,1.0806,
3.069,ENC,175.6169,91.0298,133.3234,5.8803,6.4768,-242.324,-3.749,-1.094,-72.361,0.0459,-0.0332,1.0806,
3.080,IMU,175.6169,91.0298,133.3234,5.8803,6.4768,-242.324,-3.782,-1.041,-72.272,0.0889,-0.0332,1.0039,
3.091,ENC,175.7448,91.1713,133.4580,6.3916,7.0734,-242.285,-3.782,-1.041,-72.272,0.0889,-0.0332,1.0039,
3.100,IMU,175.7448,91.1713,133.4580,6.3916,7.0734,-242.285,-3.730,-0.912,-72.255,-0.0229,0.0425,0.9946,
3.110,ENC,175.8675,91.3042,133.5859,6.1359,6.6473,-242.256,-3.730,-0.912,-72.255,-0.0229,0.0425,0.9946,
3.120,IMU,175.8675,91.3042,133.5859,6.1359,6.6473,-242.256,-3.751,-0.912,-72.244,0.0596,0.0127,1.0029,
3.134,ENC,175.9902,91.4440,133.7171,6.1359,6.9881,-242.207,-3.751,-0.912,-72.244,0.0596,0.0127,1.0029,
3.145,IMU,175.9902,91.4440,133.7171,6.1359,6.9881,-242.207,-3.787,-0.899,-72.281,0.0781,-0.0122,1.0352,
3.151,ENC,176.1197,91.5752,133.8475,6.4768,6.5620,-242.202,-3.787,-0.899,-72.281,0.0781,-0.0122,1.0352,
3.160,IMU,176.1197,91.5752,133.8475,6.4768,6.5620,-242.202,-3.860,-0.806,-72.236,0.1206,0.0747,0.9932,
3.179,IMU,176.1197,91.5752,133.8475,6.4768,6.5620,-242.202,-3.836,-0.818,-72.201,0.0264,-0.0483,0.9814,
3.199,IMU,176.1197,91.5752,133.8475,6.4768,6.5620,-242.202,-3.790,-0.862,-72.204,0.0239,-0.0381,0.9722,
3.215,ENC,176.5220,91.9792,134.2506,6.7041,6.7325,-242.197,-3.790,-0.862,-72.204,0.0239,-0.0381,0.9722,
3.221,IMU,176.5220,91.9792,134.2506,6.7041,6.7325,-242.197,-3.969,-0.889,-72.186,0.1948,-0.0312,0.9131,
3.230,ENC,176.6566,92.1138,134.3852,6.7325,6.7325,-242.197,-3.969,-0.889,-72.186,0.1948,-0.0312,0.9131,
3.239,IMU,176.6566,92.1138,134.3852,6.7325,6.7325,-242.197,-3.966,-0.770,-72.241,0.0449,0.0737,1.0713,
3.250,ENC,176.7862,92.2553,134.5207,6.4768,7.0734,-242.163,-3.966,-0.770,-72.241,0.0449,0.0737,1.0713,
3.269,ENC,176.9293,92.3900,134.6597,7.1586,6.7325,-242.188,-3.966,-0.770,-72.241,0.0449,0.0737,1.0713,
3.302,IMU,176.9293,92.3900,134.6597,7.1586,6.7325,-242.188,-3.907,-0.794,-72.223,0.0752,0.0679,0.9502,
3.310,ENC,177.2276,92.6610,134.9443,7.4569,6.7751,-242.266,-3.907,-0.794,-72.223,0.0752,0.0679,0.9502,
3.319,IMU,177.2276,92.6610,134.9443,7.4569,6.7751,-242.266,-3.888,-0.804,-72.202,0.0723,-0.0386,1.0000,
3.330,ENC,177.3708,92.7973,135.0841,7.1586,6.8177,-242.285,-3.888,-0.804,-72.202,0.0723,-0.0386,1.0000,
3.340,IMU,177.3708,92.7973,135.0841,7.1586,6.8177,-242.285,-4.000,-0.894,-72.238,0.1343,-0.0913,0.9863,
3.350,ENC,177.5157,92.9388,135.2272,7.2438,7.0734,-242.295,-4.000,-0.894,-72.238,0.1343,-0.0913,0.9863,
3.360,IMU,177.5157,92.9388,135.2272,7.2438,7.0734,-242.295,-3.998,-0.899,-72.208,0.0479,-0.0400,1.0254,
3.376,ENC,177.6708,93.0837,135.3772,7.7551,7.2438,-242.324,-3.998,-0.899,-72.208,0.0479,-0.0400,1.0254,
3.380,IMU,177.6708,93.0837,135.3772,7.7551,7.2438,-242.324,-3.948,-0.755,-72.138,0.0239,0.1094,0.9497,
3.390,ENC,177.8208,93.2234,135.5221,7.4995,6.9881,-242.354,-3.948,-0.755,-72.138,0.0239,0.1094,0.9497,
3.399,IMU,177.8208,93.2234,135.5221,7.4995,6.9881,-242.354,-3.812,-0.815,-72.130,-0.0225,-0.0732,1.0176,
3.413,ENC,177.9776,93.3666,135.6721,7.8403,7.1586,-242.393,-3.812,-0.815,-72.130,-0.0225,-0.0732,1.0176,
3.420,IMU,177.9776,93.3666,135.6721,7.8403,7.1586,-242.393,-3.788,-0.889,-72.196,0.0728,-0.0562,0.9712,
3.431,ENC,178.1412,93.5081,135.8246,8.1812,7.0734,-242.456,-3.788,-0.889,-72.196,0.0728,-0.0562,0.9712,
3.439,IMU,178.1412,93.5081,135.8246,8.1812,7.0734,-242.456,-3.690,-0.953,-72.236,0.0112,-0.0439,0.9619,
3.459,IMU,178.1412,93.5081,135.8246,8.1812,7.0734,-242.456,-3.626,-0.895,-72.264,0.0435,0.0605,0.9829,
3.471,ENC,178.4548,93.7842,136.1195,7.8403,6.9029,-242.563,-3.626,-0.895,-72.264,0.0435,0.0605,0.9829,
3.479,IMU,178.4548,93.7842,136.1195,7.8403,6.9029,-242.563,-3.601,-0.812,-72.267,0.0459,0.0503,1.0386,
3.489,ENC,178.6065,93.9291,136.2678,7.5847,7.2438,-242.583,-3.601,-0.812,-72.267,0.0459,0.0503,1.0386,
3.499,IMU,178.6065,93.9291,136.2678,7.5847,7.2438,-242.583,-3.599,-0.832,-72.296,0.0718,0.0083,0.9839,
3.510,ENC,178.7548,94.0671,136.4109,7.4142,6.9029,-242.612,-3.599,-0.832,-72.296,0.0718,0.0083,0.9839,
3.520,IMU,178.7548,94.0671,136.4109,7.4142,6.9029,-242.612,-3.539,-0.692,-72.303,-0.0190,0.1152,1.0278,
3.539,IMU,178.7548,94.0671,136.4109,7.4142,6.9029,-242.612,-3.561,-0.596,-72.323,0.0669,0.0742,0.9854,
3.560,IMU,178.7548,94.0671,136.4109,7.4142,6.9029,-242.612,-3.532,-0.612,-72.339,0.0962,-0.0122,1.0391,
3.572,ENC,179.1826,94.4983,136.8405,7.1302,7.1870,-242.603,-3.532,-0.612,-72.339,0.0962,-0.0122,1.0391,
3.579,IMU,179.1826,94.4983,136.8405,7.1302,7.1870,-242.603,-3.553,-0.694,-72.390,0.0835,-0.0850,0.9980,
3.594,ENC,179.3087,94.6466,136.9777,6.3064,7.4142,-242.539,-3.553,-0.694,-72.390,0.0835,-0.0850,0.9980,
3.601,IMU,179.3087,94.6466,136.9777,6.3064,7.4142,-242.539,-3.541,-0.796,-72.434,0.0522,-0.0703,0.9648,
3.610,ENC,179.4434,94.7881,137.1157,6.7325,7.0734,-242.520,-3.541,-0.796,-72.434,0.0522,-0.0703,0.9648,
3.619,IMU,179.4434,94.7881,137.1157,6.7325,7.0734,-242.520,-3.602,-0.687,-72.399,0.1289,0.0913,0.9180,
3.630,ENC,179.5814,94.9330,137.2572,6.9029,7.2438,-242.500,-3.602,-0.687,-72.399,0.1289,0.0913,0.9180,
3.640,IMU,179.5814,94.9330,137.2572,6.9029,7.2438,-242.500,-3.679,-0.670,-72.374,0.1045,-0.0024,0.9844,
3.651,ENC,179.7212,95.0744,137.3978,6.9881,7.0734,-242.495,-3.679,-0.670,-72.374,0.1045,-0.0024,0.9844,
3.660,IMU,179.7212,95.0744,137.3978,6.9881,7.0734,-242.495,-3.813,-0.717,-72.330,0.1152,-0.0400,1.0015,
3.670,ENC,179.8592,95.2091,137.5342,6.9029,6.7325,-242.505,-3.813,-0.717,-72.330,0.1152,-0.0400,1.0015,
3.680,IMU,179.8592,95.2091,137.5342,6.9029,6.7325,-242.505,-3.895,-0.800,-72.343,0.1255,-0.0425,0.9951,
3.690,ENC,179.9973,95.3522,137.6748,6.9029,7.1586,-242.490,-3.895,-0.800,-72.343,0.1255,-0.0425,0.9951,
3.710,ENC,180.1371,95.4937,137.8154,6.9881,7.0734,-242.485,-3.895,-0.800,-72.343,0.1255,-0.0425,0.9951,
3.722,IMU,180.1371,95.4937,137.8154,6.9881,7.0734,-242.485,-3.925,-0.738,-72.352,0.0024,0.0952,1.0547,
3.730,ENC,180.2871,95.6386,137.9628,7.4995,7.2438,-242.500,-3.925,-0.738,-72.352,0.0024,0.0952,1.0547,
3.739,IMU,180.2871,95.6386,137.9628,7.4995,7.2438,-242.500,-3.942,-0.642,-72.322,0.1250,0.0464,0.9062,
3.750,ENC,180.4439,95.7801,138.1120,7.8403,7.0734,-242.544,-3.942,-0.642,-72.322,0.1250,0.0464,0.9062,
3.761,IMU,180.4439,95.7801,138.1120,7.8403,7.0734,-242.544,-3.959,-0.614,-72.365,0.0649,0.0557,0.9497,
3.769,ENC,180.5870,95.9096,138.2483,7.1586,6.4768,-242.583,-3.959,-0.614,-72.365,0.0649,0.0557,0.9497,
3.780,IMU,180.5870,95.9096,138.2483,7.1586,6.4768,-242.583,-3.867,-0.598,-72.402,-0.0381,-0.0186,1.0088,
3.791,ENC,180.7370,96.0408,138.3889,7.4995,6.5620,-242.637,-3.867,-0.598,-72.402,-0.0381,-0.0186,1.0088,
3.800,IMU,180.7370,96.0408,138.3889,7.4995,6.5620,-242.637,-3.924,-0.521,-72.386,0.1387,0.0293,0.9673,
3.810,ENC,180.8853,96.1704,138.5278,7.4142,6.4768,-242.690,-3.924,-0.521,-72.386,0.1387,0.0293,0.9673,
3.819,IMU,180.8853,96.1704,138.5278,7.4142,6.4768,-242.690,-3.860,-0.535,-72.434,0.0483,-0.0176,0.9849,
3.830,ENC,181.0285,96.2999,138.6642,7.1586,6.4768,-242.729,-3.860,-0.535,-72.434,0.0483,-0.0176,0.9849,
3.841,IMU,181.0285,96.2999,138.6642,7.1586,6.4768,-242.729,-3.795,-0.736,-72.479,-0.0034,-0.1489,0.9155,
3.851,ENC,181.1785,96.4294,138.8040,7.4995,6.4768,-242.788,-3.795,-0.736,-72.479,-0.0034,-0.1489,0.9155,
3.860,IMU,181.1785,96.4294,138.8040,7.4995,6.4768,-242.788,-3.713,-0.841,-72.513,-0.0186,-0.0850,1.0620,
3.871,ENC,181.3336,96.5488,138.9412,7.7551,5.9655,-242.891,-3.713,-0.841,-72.513,-0.0186,-0.0850,1.0620,
3.880,IMU,181.3336,96.5488,138.9412,7.7551,5.9655,-242.891,-3.723,-0.706,-72.531,0.0835,0.1167,0.9258,
3.890,ENC,181.4819,96.6732,139.0775,7.4142,6.2211,-242.959,-3.723,-0.706,-72.531,0.0835,0.1167,0.9258,
3.899,IMU,181.4819,96.6732,139.0775,7.4142,6.2211,-242.959,-3.791,-0.756,-72.628,0.0615,-0.0391,0.9868,
3.910,ENC,181.6387,96.7942,139.2164,7.8403,6.0507,-243.062,-3.791,-0.756,-72.628,0.0615,-0.0391,0.9868,
3.920,IMU,181.6387,96.7942,139.2164,7.8403,6.0507,-243.062,-3.752,-0.806,-72.650,-0.0127,-0.0918,1.0391,
3.931,ENC,181.7955,96.9016,139.3485,7.8403,5.3689,-243.203,-3.752,-0.806,-72.650,-0.0127,-0.0918,1.0391,
3.939,IMU,181.7955,96.9016,139.3485,7.8403,5.3689,-243.203,-3.728,-0.776,-72.728,0.0117,0.0200,1.0293,
3.959,IMU,181.7955,96.9016,139.3485,7.8403,5.3689,-243.203,-3.633,-0.769,-72.777,-0.0791,-0.0103,1.0337,
3.970,ENC,182.1125,97.1078,139.6101,7.9256,5.1559,-243.521,-3.633,-0.769,-72.777,-0.0791,-0.0103,1.0337,
3.982,IMU,182.1125,97.1078,139.6101,7.9256,5.1559,-243.521,-3.813,-0.768,-72.829,0.1860,0.0073,0.9204,
3.990,ENC,182.2659,97.2067,139.7363,7.6699,4.9428,-243.677,-3.813,-0.768,-72.829,0.1860,0.0073,0.9204,
3.999,IMU,182.2659,97.2067,139.7363,7.6699,4.9428,-243.677,-3.882,-0.785,-72.934,0.1499,-0.0259,0.9927,
4.030,ENC,182.5625,97.4112,139.9868,7.4142,5.1133,-243.940,-3.882,-0.785,-72.934,0.1499,-0.0259,0.9927,
4.041,IMU,182.5625,97.4112,139.9868,7.4142,5.1133,-243.940,-4.035,-0.653,-73.108,0.1479,-0.0239,0.8936,
4.050,ENC,182.7039,97.5117,140.1078,7.0734,5.0280,-244.058,-4.035,-0.653,-73.108,0.1479,-0.0239,0.8936,
4.059,IMU,182.7039,97.5117,140.1078,7.0734,5.0280,-244.058,-4.006,-0.631,-73.160,-0.0312,-0.0117,1.0938,
4.070,ENC,182.8420,97.6157,140.2289,6.9029,5.1985,-244.155,-4.006,-0.631,-73.160,-0.0312,-0.0117,1.0938,
4.079,IMU,182.8420,97.6157,140.2289,6.9029,5.1985,-244.155,-4.032,-0.681,-73.227,0.0811,-0.0474,1.0874,
4.093,ENC,182.9800,97.7009,140.3405,6.9029,4.2611,-244.307,-4.032,-0.681,-73.227,0.0811,-0.0474,1.0874,
4.099,IMU,182.9800,97.7009,140.3405,6.9029,4.2611,-244.307,-4.119,-0.677,-73.357,0.1597,0.0254,0.9565,
4.120,IMU,182.9800,97.7009,140.3405,6.9029,4.2611,-244.307,-4.088,-0.635,-73.456,0.0093,0.0464,1.0801,
4.131,ENC,183.2783,97.8748,140.5766,7.4569,4.3463,-244.663,-4.088,-0.635,-73.456,0.0093,0.0464,1.0801,
4.139,IMU,183.2783,97.8748,140.5766,7.4569,4.3463,-244.663,-4.039,-0.605,-73.560,0.0161,0.0581,1.0283,
4.160,IMU,183.2783,97.8748,140.5766,7.4569,4.3463,-244.663,-3.976,-0.512,-73.639,0.0459,0.0640,0.9775,
4.170,ENC,183.5851,98.0418,140.8135,7.6699,4.1758,-245.063,-3.976,-0.512,-73.639,0.0459,0.0640,0.9775,
4.180,IMU,183.5851,98.0418,140.8135,7.6699,4.1758,-245.063,-3.968,-0.609,-73.738,-0.0186,-0.0752,1.0386,
4.200,IMU,183.5851,98.0418,140.8135,7.6699,4.1758,-245.063,-3.990,-0.540,-73.816,0.0874,0.0186,0.9438,
4.210,ENC,183.8885,98.2157,141.0521,7.5847,4.3463,-245.435,-3.990,-0.540,-73.816,0.0874,0.0186,0.9438,
4.220,IMU,183.8885,98.2157,141.0521,7.5847,4.3463,-245.435,-4.061,-0.530,-73.911,0.1304,0.0190,0.9155,
4.232,ENC,184.0453,98.2992,141.1723,7.8403,4.1758,-245.645,-4.061,-0.530,-73.911,0.1304,0.0190,0.9155,
4.239,IMU,184.0453,98.2992,141.1723,7.8403,4.1758,-245.645,-4.040,-0.366,-73.953,0.0659,0.1274,1.0503,
4.250,ENC,184.1953,98.3844,141.2899,7.4995,4.2611,-245.830,-4.040,-0.366,-73.953,0.0659,0.1274,1.0503,
4.259,IMU,184.1953,98.3844,141.2899,7.4995,4.2611,-245.830,-3.901,-0.288,-74.055,-0.0166,0.0845,1.0264,
4.271,ENC,184.3470,98.4679,141.4075,7.5847,4.1758,-246.025,-3.901,-0.288,-74.055,-0.0166,0.0845,1.0264,
4.279,IMU,184.3470,98.4679,141.4075,7.5847,4.1758,-246.025,-3.866,-0.177,-74.139,0.0332,0.0806,0.9399,
4.293,ENC,184.5072,98.5497,141.5285,8.0108,4.0906,-246.250,-3.866,-0.177,-74.139,0.0332,0.0806,0.9399,
4.299,IMU,184.5072,98.5497,141.5285,8.0108,4.0906,-246.250,-3.793,-0.270,-74.237,-0.0103,-0.0576,1.1064,
4.310,ENC,184.6657,98.6196,141.6427,7.9256,3.4941,-246.504,-3.793,-0.270,-74.237,-0.0103,-0.0576,1.1064,
4.319,IMU,184.6657,98.6196,141.6427,7.9256,3.4941,-246.504,-3.720,-0.326,-74.397,0.0430,-0.0303,0.9458,
4.330,ENC,184.8276,98.7031,141.7654,8.0960,4.1758,-246.729,-3.720,-0.326,-74.397,0.0430,-0.0303,0.9458,
4.339,IMU,184.8276,98.7031,141.7654,8.0960,4.1758,-246.729,-3.689,-0.466,-74.478,-0.0137,-0.0938,1.1270,
4.350,ENC,184.9896,98.7798,141.8847,8.0960,3.8350,-246.973,-3.689,-0.466,-74.478,-0.0137,-0.0938,1.1270,
4.360,IMU,184.9896,98.7798,141.8847,8.0960,3.8350,-246.973,-3.803,-0.455,-74.624,0.1450,-0.0332,0.9390,
4.370,ENC,185.1549,98.8617,142.0083,8.2665,4.0906,-247.212,-3.803,-0.455,-74.624,0.1450,-0.0332,0.9390,
4.379,IMU,185.1549,98.8617,142.0083,8.2665,4.0906,-247.212,-3.887,-0.284,-74.714,0.1030,0.1240,0.9907,
4.391,ENC,185.3151,98.9384,142.1267,8.0108,3.8350,-247.451,-3.887,-0.284,-74.714,0.1030,0.1240,0.9907,
4.399,IMU,185.3151,98.9384,142.1267,8.0108,3.8350,-247.451,-3.919,-0.276,-74.825,0.0903,0.0107,1.0186,
4.410,ENC,185.4668,99.0151,142.2409,7.5847,3.8350,-247.666,-3.919,-0.276,-74.825,0.0903,0.0107,1.0186,
4.419,IMU,185.4668,99.0151,142.2409,7.5847,3.8350,-247.666,-3.900,-0.143,-74.901,0.0713,0.0898,0.9595,
4.430,ENC,185.6219,99.0952,142.3585,7.7551,4.0054,-247.881,-3.900,-0.143,-74.901,0.0713,0.0898,0.9595,
4.440,IMU,185.6219,99.0952,142.3585,7.7551,4.0054,-247.881,-3.919,-0.151,-74.972,0.1182,0.0103,0.9907,
4.449,ENC,185.7685,99.1719,142.4702,7.3290,3.8350,-248.081,-3.919,-0.151,-74.972,0.1182,0.0103,0.9907,
4.459,IMU,185.7685,99.1719,142.4702,7.3290,3.8350,-248.081,-3.884,-0.062,-75.039,0.0391,0.0713,1.0146,
4.470,ENC,185.9082,99.2503,142.5793,6.9881,3.9202,-248.257,-3.884,-0.062,-75.039,0.0391,0.0713,1.0146,
4.480,IMU,185.9082,99.2503,142.5793,6.9881,3.9202,-248.257,-3.867,-0.222,-75.186,0.0400,-0.1357,1.0493,
4.494,ENC,186.0497,99.3287,142.6892,7.0734,3.9202,-248.437,-3.867,-0.222,-75.186,0.0400,-0.1357,1.0493,
4.500,IMU,186.0497,99.3287,142.6892,7.0734,3.9202,-248.437,-3.818,-0.309,-75.271,0.0049,-0.1143,1.0469,
4.530,ENC,186.3105,99.4684,142.8895,6.5194,3.4941,-248.784,-3.818,-0.309,-75.271,0.0049,-0.1143,1.0469,
4.540,IMU,186.3105,99.4684,142.8895,6.5194,3.4941,-248.784,-3.796,-0.417,-75.567,-0.0376,0.0078,1.1353,
4.550,ENC,186.4400,99.5315,142.9858,6.4768,3.1532,-248.975,-3.796,-0.417,-75.567,-0.0376,0.0078,1.1353,
4.560,IMU,186.4400,99.5315,142.9858,6.4768,3.1532,-248.975,-3.740,-0.380,-75.656,0.0239,0.0215,0.8833,
4.570,ENC,186.5713,99.5997,143.0855,6.5620,3.4088,-249.155,-3.740,-0.380,-75.656,0.0239,0.0215,0.8833,
4.580,IMU,186.5713,99.5997,143.0855,6.5620,3.4088,-249.155,-3.678,-0.336,-75.716,0.0347,0.0518,1.0625,
4.591,ENC,186.7110,99.6695,143.1903,6.9881,3.4941,-249.355,-3.678,-0.336,-75.716,0.0347,0.0518,1.0625,
4.600,IMU,186.7110,99.6695,143.1903,6.9881,3.4941,-249.355,-3.707,-0.320,-75.834,0.1270,-0.0234,0.9951,
4.610,ENC,186.8525,99.7377,143.2951,7.0734,3.4088,-249.565,-3.707,-0.320,-75.834,0.1270,-0.0234,0.9951,
4.619,IMU,186.8525,99.7377,143.2951,7.0734,3.4088,-249.565,-3.638,-0.326,-75.932,-0.0005,-0.0200,0.9780,
4.630,ENC,186.9940,99.7991,143.3965,7.0734,3.0680,-249.795,-3.638,-0.326,-75.932,-0.0005,-0.0200,0.9780,
4.639,IMU,186.9940,99.7991,143.3965,7.0734,3.0680,-249.795,-3.679,-0.361,-76.020,0.1309,-0.0254,1.0171,
4.651,ENC,187.1388,99.8656,143.5022,7.2438,3.3236,-250.020,-3.679,-0.361,-76.020,0.1309,-0.0254,1.0171,
4.659,IMU,187.1388,99.8656,143.5022,7.2438,3.3236,-250.020,-3.633,-0.193,-76.160,0.0620,0.1226,1.0146,
4.670,ENC,187.2888,99.9303,143.6096,7.4995,3.2384,-250.264,-3.633,-0.193,-76.160,0.0620,0.1226,1.0146,
4.680,IMU,187.2888,99.9303,143.6096,7.4995,3.2384,-250.264,-3.591,-0.114,-76.249,0.0942,0.0405,0.9219,
4.690,ENC,187.4337,99.9934,143.7135,7.2438,3.1532,-250.498,-3.591,-0.114,-76.249,0.0942,0.0405,0.9219,
4.699,IMU,187.4337,99.9934,143.7135,7.2438,3.1532,-250.498,-3.679,-0.222,-76.361,0.1196,-0.0952,1.0454,
4.710,ENC,187.5854,100.0565,143.8209,7.5847,3.1532,-250.752,-3.679,-0.222,-76.361,0.1196,-0.0952,1.0454,
4.719,IMU,187.5854,100.0565,143.8209,7.5847,3.1532,-250.752,-3.731,-0.166,-76.465,0.1191,0.0005,0.9634,
4.729,ENC,187.7337,100.1161,143.9249,7.4142,2.9827,-251.006,-3.731,-0.166,-76.465,0.1191,0.0005,0.9634,
4.740,IMU,187.7337,100.1161,143.9249,7.4142,2.9827,-251.006,-3.701,-0.058,-76.604,0.0923,0.0835,0.9771,
4.757,ENC,187.8956,100.1775,144.0365,8.0960,3.0680,-251.294,-3.701,-0.058,-76.604,0.0923,0.0835,0.9771,
4.760,IMU,187.8956,100.1775,144.0365,8.0960,3.0680,-251.294,-3.684,0.008,-76.739,0.0518,0.0796,0.9492,
4.770,ENC,188.0507,100.2405,144.1456,7.7551,3.1532,-251.558,-3.684,0.008,-76.739,0.0518,0.0796,0.9492,
4.780,IMU,188.0507,100.2405,144.1456,7.7551,3.1532,-251.558,-3.702,0.072,-76.849,0.0518,0.0435,0.9761,
4.790,ENC,188.2092,100.2985,144.2538,7.9256,2.8975,-251.846,-3.702,0.072,-76.849,0.0518,0.0435,0.9761,
4.802,IMU,188.2092,100.2985,144.2538,7.9256,2.8975,-251.846,-3.690,-0.005,-77.000,0.0889,-0.0474,1.0698,
4.810,ENC,188.3848,100.3615,144.3732,8.7778,3.1532,-252.168,-3.690,-0.005,-77.000,0.0889,-0.0474,1.0698,
4.820,IMU,188.3848,100.3615,144.3732,8.7778,3.1532,-252.168,-3.737,-0.023,-77.092,0.1016,0.0127,0.9722,
4.829,ENC,188.5450,100.4263,144.4857,8.0108,3.2384,-252.441,-3.737,-0.023,-77.092,0.1016,0.0127,0.9722,
4.839,IMU,188.5450,100.4263,144.4857,8.0108,3.2384,-252.441,-3.838,0.018,-77.180,0.1416,0.0361,1.0420,
4.850,ENC,188.7103,100.4979,144.6041,8.2665,3.5793,-252.710,-3.838,0.018,-77.180,0.1416,0.0361,1.0420,
4.862,IMU,188.7103,100.4979,144.6041,8.2665,3.5793,-252.710,-3.855,-0.026,-77.273,0.0610,-0.0435,1.1309,
4.870,ENC,188.8688,100.5661,144.7175,7.9256,3.4088,-252.969,-3.855,-0.026,-77.273,0.0610,-0.0435,1.1309,
4.879,IMU,188.8688,100.5661,144.7175,7.9256,3.4088,-252.969,-3.882,-0.096,-77.363,0.1396,-0.0566,0.9189,
4.889,ENC,189.0273,100.6360,144.8316,7.9256,3.4941,-253.223,-3.882,-0.096,-77.363,0.1396,-0.0566,0.9189,
4.900,IMU,189.0273,100.6360,144.8316,7.9256,3.4941,-253.223,-3.857,-0.042,-77.447,0.0068,0.0610,1.0166,
4.911,ENC,189.1893,100.7110,144.9501,8.0960,3.7497,-253.472,-3.857,-0.042,-77.447,0.0068,0.0610,1.0166,
4.919,IMU,189.1893,100.7110,144.9501,8.0960,3.7497,-253.472,-3.830,-0.055,-77.581,0.0483,-0.0142,1.0010,
4.935,ENC,189.3478,100.7928,145.0703,7.9256,4.0906,-253.691,-3.830,-0.055,-77.581,0.0483,-0.0142,1.0010,
4.945,IMU,189.3478,100.7928,145.0703,7.9256,4.0906,-253.691,-3.787,-0.197,-77.697,0.0488,-0.0767,0.9258,
4.949,ENC,189.4944,100.8848,145.1896,7.3290,4.6019,-253.848,-3.787,-0.197,-77.697,0.0488,-0.0767,0.9258,
4.959,IMU,189.4944,100.8848,145.1896,7.3290,4.6019,-253.848,-3.714,-0.263,-77.705,-0.0381,-0.0605,0.9976,
4.970,ENC,189.6392,100.9888,145.3140,7.2438,5.1985,-253.965,-3.714,-0.263,-77.705,-0.0381,-0.0605,0.9976,
4.979,IMU,189.6392,100.9888,145.3140,7.2438,5.1985,-253.965,-3.700,-0.380,-77.802,0.0449,-0.1094,1.0122,
4.991,ENC,189.7790,101.0791,145.4290,6.9881,4.5167,-254.106,-3.700,-0.380,-77.802,0.0449,-0.1094,1.0122,
5.000,IMU,189.7790,101.0791,145.4290,6.9881,4.5167,-254.106,-3.810,-0.530,-77.877,0.1392,-0.1250,0.9502,
5.010,ENC,189.9170,101.1694,145.5432,6.9029,4.5167,-254.243,-3.810,-0.530,-77.877,0.1392,-0.1250,0.9502,
5.019,IMU,189.9170,101.1694,145.5432,6.9029,4.5167,-254.243,-3.735,-0.583,-78.005,-0.0127,-0.0586,1.0088,
5.040,IMU,189.9170,101.1694,145.5432,6.9029,4.5167,-254.243,-3.669,-0.658,-78.020,-0.0137,-0.0464,0.9951,
5.051,ENC,190.2017,101.3620,145.7819,7.1160,4.8150,-254.507,-3.669,-0.658,-78.020,-0.0137,-0.0464,0.9951,
5.059,IMU,190.2017,101.3620,145.7819,7.1160,4.8150,-254.507,-3.645,-0.724,-78.083,0.1050,-0.0186,0.8491,
5.070,ENC,190.3449,101.4711,145.9080,7.1586,5.4542,-254.604,-3.645,-0.724,-78.083,0.1050,-0.0186,0.8491,
5.079,IMU,190.3449,101.4711,145.9080,7.1586,5.4542,-254.604,-3.627,-0.711,-78.055,0.0215,-0.0312,1.0312,
5.090,ENC,190.4795,101.5955,146.0375,6.7325,6.2211,-254.634,-3.627,-0.711,-78.055,0.0215,-0.0312,1.0312,
5.100,IMU,190.4795,101.5955,146.0375,6.7325,6.2211,-254.634,-3.521,-0.704,-78.024,-0.0259,0.0151,1.0869,
5.111,ENC,190.6142,101.7302,146.1722,6.7325,6.7325,-254.634,-3.521,-0.704,-78.024,-0.0259,0.0151,1.0869,
5.120,IMU,190.6142,101.7302,146.1722,6.7325,6.7325,-254.634,-3.541,-0.773,-78.013,0.0830,-0.0767,0.9756,
5.130,ENC,190.7471,101.8631,146.3051,6.6473,6.6473,-254.634,-3.541,-0.773,-78.013,0.0830,-0.0767,0.9756,
5.139,IMU,190.7471,101.8631,146.3051,6.6473,6.6473,-254.634,-3.632,-0.832,-77.965,0.1250,-0.0547,1.0596,
5.151,ENC,190.8869,102.0063,146.4466,6.9881,7.1586,-254.624,-3.632,-0.832,-77.965,0.1250,-0.0547,1.0596,
5.160,IMU,190.8869,102.0063,146.4466,6.9881,7.1586,-254.624,-3.632,-0.835,-77.937,0.0488,-0.0332,1.0869,
5.169,ENC,191.0215,102.1393,146.5804,6.7325,6.6473,-254.629,-3.632,-0.835,-77.937,0.0488,-0.0332,1.0869,
5.181,IMU,191.0215,102.1393,146.5804,6.7325,6.6473,-254.629,-3.667,-0.794,-77.883,0.1128,-0.0205,0.9673,
5.191,ENC,191.1613,102.2841,146.7227,6.9881,7.2438,-254.614,-3.667,-0.794,-77.883,0.1128,-0.0205,0.9673,
5.199,IMU,191.1613,102.2841,146.7227,6.9881,7.2438,-254.614,-3.646,-0.807,-77.825,0.0483,-0.0122,0.9194,
5.210,ENC,191.3027,102.4205,146.8616,7.0734,6.8177,-254.629,-3.646,-0.807,-77.825,0.0483,-0.0122,0.9194,
5.231,ENC,191.4408,102.5620,147.0014,6.9029,7.0734,-254.619,-3.646,-0.807,-77.825,0.0483,-0.0122,0.9194,
5.242,IMU,191.4408,102.5620,147.0014,6.9029,7.0734,-254.619,-3.745,-0.914,-77.817,0.0825,-0.0723,1.0767,
5.251,ENC,191.5891,102.7034,147.1463,7.4142,7.0734,-254.639,-3.745,-0.914,-77.817,0.0825,-0.0723,1.0767,
5.259,IMU,191.5891,102.7034,147.1463,7.4142,7.0734,-254.639,-3.815,-0.884,-77.760,0.1211,-0.0063,0.9473,
5.269,ENC,191.7323,102.8415,147.2869,7.1586,6.9029,-254.653,-3.815,-0.884,-77.760,0.1211,-0.0063,0.9473,
5.280,IMU,191.7323,102.8415,147.2869,7.1586,6.9029,-254.653,-3.827,-0.881,-77.700,0.0684,-0.0352,0.9790,
5.290,ENC,191.8720,102.9898,147.4309,6.9881,7.4142,-254.629,-3.827,-0.881,-77.700,0.0684,-0.0352,0.9790,
5.303,IMU,191.8720,102.9898,147.4309,6.9881,7.4142,-254.629,-3.801,-0.901,-77.638,0.0259,0.0015,0.9434,
5.313,ENC,192.0152,103.1381,147.5766,7.1586,7.4142,-254.614,-3.801,-0.901,-77.638,0.0259,0.0015,0.9434,
5.320,IMU,192.0152,103.1381,147.5766,7.1586,7.4142,-254.614,-3.674,-0.880,-77.636,-0.0620,0.0044,1.0737,
5.330,ENC,192.1601,103.2846,147.7223,7.2438,7.3290,-254.609,-3.674,-0.880,-77.636,-0.0620,0.0044,1.0737,
5.350,ENC,192.3066,103.4278,147.8672,7.3290,7.1586,-254.619,-3.674,-0.880,-77.636,-0.0620,0.0044,1.0737,
5.359,IMU,192.3066,103.4278,147.8672,7.3290,7.1586,-254.619,-3.816,-0.902,-77.636,0.1143,-0.0596,0.8438,
5.379,IMU,192.3066,103.4278,147.8672,7.3290,7.1586,-254.619,-3.772,-0.921,-77.593,0.0464,-0.0386,0.8765,
5.390,ENC,192.5998,103.6988,148.1493,7.3290,6.7751,-254.683,-3.772,-0.921,-77.593,0.0464,-0.0386,0.8765,
5.399,IMU,192.5998,103.6988,148.1493,7.3290,6.7751,-254.683,-3.769,-0.937,-77.656,0.0669,-0.0059,0.9893,
5.410,ENC,192.7396,103.8352,148.2874,6.9881,6.8177,-254.692,-3.769,-0.937,-77.656,0.0669,-0.0059,0.9893,
5.419,IMU,192.7396,103.8352,148.2874,6.9881,6.8177,-254.692,-3.726,-0.923,-77.593,0.0190,-0.0132,0.9805,
5.429,ENC,192.8674,103.9749,148.4212,6.3916,6.9881,-254.658,-3.726,-0.923,-77.593,0.0190,-0.0132,0.9805,
5.439,IMU,192.8674,103.9749,148.4212,6.3916,6.9881,-254.658,-3.708,-0.913,-77.522,0.0742,-0.0161,0.9961,
5.450,ENC,192.9850,104.1368,148.5609,5.8803,8.0960,-254.531,-3.708,-0.913,-77.522,0.0742,-0.0161,0.9961,
5.462,IMU,192.9850,104.1368,148.5609,5.8803,8.0960,-254.531,-3.770,-0.718,-77.370,0.0776,0.0854,1.0029,
5.470,ENC,193.0958,104.2834,148.6896,5.5394,7.3290,-254.429,-3.770,-0.718,-77.370,0.0776,0.0854,1.0029,
5.479,IMU,193.0958,104.2834,148.6896,5.5394,7.3290,-254.429,-3.782,-0.664,-77.268,0.0488,0.0332,0.9888,
5.490,ENC,193.1947,104.4266,148.8106,4.9428,7.1586,-254.302,-3.782,-0.664,-77.268,0.0488,0.0332,0.9888,
5.501,IMU,193.1947,104.4266,148.8106,4.9428,7.1586,-254.302,-3.777,-0.554,-77.154,0.0771,0.0449,1.0381,
5.511,ENC,193.2850,104.5749,148.9299,4.5167,7.4142,-254.136,-3.777,-0.554,-77.154,0.0771,0.0449,1.0381,
5.519,IMU,193.2850,104.5749,148.9299,4.5167,7.4142,-254.136,-3.845,-0.574,-77.061,0.0854,0.0005,0.9756,
5.530,ENC,193.3855,104.7129,149.0492,5.0280,6.9029,-254.028,-3.845,-0.574,-77.061,0.0854,0.0005,0.9756,
5.539,IMU,193.3855,104.7129,149.0492,5.0280,6.9029,-254.028,-3.769,-0.528,-77.063,0.0557,-0.0063,0.9502,
5.551,ENC,193.4844,104.8493,149.1668,4.9428,6.8177,-253.921,-3.769,-0.528,-77.063,0.0557,-0.0063,0.9502,
5.559,IMU,193.4844,104.8493,149.1668,4.9428,6.8177,-253.921,-3.791,-0.473,-77.039,0.0615,0.0449,0.9961,
5.570,ENC,193.5935,104.9720,149.2827,5.4542,6.1359,-253.882,-3.791,-0.473,-77.039,0.0615,0.0449,0.9961,
5.579,IMU,193.5935,104.9720,149.2827,5.4542,6.1359,-253.882,-3.806,-0.434,-77.078,0.0566,0.0298,1.0391,
5.590,ENC,193.7077,105.0981,149.4029,5.7098,6.3064,-253.848,-3.806,-0.434,-77.078,0.0566,0.0298,1.0391,
5.599,IMU,193.7077,105.0981,149.4029,5.7098,6.3064,-253.848,-3.818,-0.425,-77.031,0.0596,-0.0317,1.0508,
5.610,ENC,193.8100,105.2192,149.5146,5.1133,6.0507,-253.794,-3.818,-0.425,-77.031,0.0596,-0.0317,1.0508,
5.620,IMU,193.8100,105.2192,149.5146,5.1133,6.0507,-253.794,-3.852,-0.359,-77.043,0.0928,0.0444,0.9727,
5.634,ENC,193.9071,105.3402,149.6236,4.8576,6.0507,-253.726,-3.852,-0.359,-77.043,0.0928,0.0444,0.9727,
5.639,IMU,193.9071,105.3402,149.6236,4.8576,6.0507,-253.726,-3.821,-0.324,-77.091,0.0298,0.0215,1.0234,
5.649,ENC,193.9991,105.4561,149.7276,4.6019,5.7950,-253.657,-3.821,-0.324,-77.091,0.0298,0.0215,1.0234,
5.659,IMU,193.9991,105.4561,149.7276,4.6019,5.7950,-253.657,-3.821,-0.300,-77.101,0.0547,0.0186,1.0269,
5.673,ENC,194.0963,105.5720,149.8341,4.8576,5.7950,-253.604,-3.821,-0.300,-77.101,0.0547,0.0186,1.0269,
5.680,IMU,194.0963,105.5720,149.8341,4.8576,5.7950,-253.604,-3.798,-0.245,-77.082,0.0640,0.0132,0.9800,
5.690,ENC,194.1952,105.6810,149.9381,4.9428,5.4542,-253.574,-3.798,-0.245,-77.082,0.0640,0.0132,0.9800,
5.699,IMU,194.1952,105.6810,149.9381,4.9428,5.4542,-253.574,-3.785,-0.246,-77.032,0.0513,-0.0078,0.9453,
5.712,ENC,194.2906,105.7867,150.0387,4.7724,5.2837,-253.545,-3.785,-0.246,-77.032,0.0513,-0.0078,0.9453,
5.719,IMU,194.2906,105.7867,150.0387,4.7724,5.2837,-253.545,-3.758,-0.275,-77.038,0.0459,-0.0034,1.0269,
5.730,ENC,194.3895,105.9009,150.1452,4.9428,5.7098,-253.501,-3.758,-0.275,-77.038,0.0459,-0.0034,1.0269,
5.739,IMU,194.3895,105.9009,150.1452,4.9428,5.7098,-253.501,-3.677,-0.248,-77.014,0.0034,0.0249,1.0190,
5.752,ENC,194.4713,106.0134,150.2423,4.0906,5.6246,-253.413,-3.677,-0.248,-77.014,0.0034,0.0249,1.0190,
5.759,IMU,194.4713,106.0134,150.2423,4.0906,5.6246,-253.413,-3.690,-0.245,-76.934,0.0830,-0.0146,0.9897,
5.770,ENC,194.5582,106.1242,150.3412,4.3463,5.5394,-253.345,-3.690,-0.245,-76.934,0.0830,-0.0146,0.9897,
5.779,IMU,194.5582,106.1242,150.3412,4.3463,5.5394,-253.345,-3.659,-0.279,-76.868,0.0518,-0.0054,0.9829,
5.790,ENC,194.6485,106.2316,150.4401,4.5167,5.3689,-253.296,-3.659,-0.279,-76.868,0.0518,-0.0054,0.9829,
5.800,IMU,194.6485,106.2316,150.4401,4.5167,5.3689,-253.296,-3.678,-0.339,-76.878,0.0308,-0.0381,1.0288,
5.810,ENC,194.7440,106.3373,150.5406,4.7724,5.2837,-253.267,-3.678,-0.339,-76.878,0.0308,-0.0381,1.0288,
5.819,IMU,194.7440,106.3373,150.5406,4.7724,5.2837,-253.267,-3.609,-0.377,-76.903,-0.0137,-0.0225,0.9785,
5.830,ENC,194.8428,106.4429,150.6429,4.9428,5.2837,-253.247,-3.609,-0.377,-76.903,-0.0137,-0.0225,0.9785,
5.839,IMU,194.8428,106.4429,150.6429,4.9428,5.2837,-253.247,-3.607,-0.355,-76.859,0.0684,0.0049,0.9995,
5.850,ENC,194.9366,106.5350,150.7358,4.6872,4.6019,-253.252,-3.607,-0.355,-76.859,0.0684,0.0049,0.9995,
5.860,IMU,194.9366,106.5350,150.7358,4.6872,4.6019,-253.252,-3.545,-0.274,-76.875,0.0435,0.0625,1.0024,
5.870,ENC,195.0337,106.6406,150.8372,4.8576,5.2837,-253.228,-3.545,-0.274,-76.875,0.0435,0.0625,1.0024,
5.890,ENC,195.1462,106.7497,150.9480,5.6246,5.4542,-253.237,-3.545,-0.274,-76.875,0.0435,0.0625,1.0024,
5.899,IMU,195.1462,106.7497,150.9480,5.6246,5.4542,-253.237,-3.529,-0.356,-76.846,0.0459,-0.0562,0.9927,
5.910,ENC,195.2638,106.8520,151.0579,5.8803,5.1133,-253.281,-3.529,-0.356,-76.846,0.0459,-0.0562,0.9927,
5.921,IMU,195.2638,106.8520,151.0579,5.8803,5.1133,-253.281,-3.509,-0.462,-76.869,0.0200,-0.0771,1.1309,
5.929,ENC,195.3763,106.9577,151.1670,5.6246,5.2837,-253.301,-3.509,-0.462,-76.869,0.0200,-0.0771,1.1309,
5.939,IMU,195.3763,106.9577,151.1670,5.6246,5.2837,-253.301,-3.522,-0.411,-76.840,0.0347,0.0278,0.9946,
5.950,ENC,195.4871,107.0667,151.2769,5.5394,5.4542,-253.306,-3.522,-0.411,-76.840,0.0347,0.0278,0.9946,
5.959,IMU,195.4871,107.0667,151.2769,5.5394,5.4542,-253.306,-3.565,-0.443,-76.825,0.0820,0.0039,0.9331,
5.970,ENC,195.5979,107.1758,151.3869,5.5394,5.4542,-253.311,-3.565,-0.443,-76.825,0.0820,0.0039,0.9331,
5.980,IMU,195.5979,107.1758,151.3869,5.5394,5.4542,-253.311,-3.570,-0.473,-76.825,0.0576,-0.0122,1.0190,
5.990,ENC,195.7053,107.2917,151.4985,5.3689,5.7950,-253.286,-3.570,-0.473,-76.825,0.0576,-0.0122,1.0190,
5.999,IMU,195.7053,107.2917,151.4985,5.3689,5.7950,-253.286,-3.590,-0.542,-76.843,0.0957,-0.0605,0.9702,
6.020,IMU,195.7053,107.2917,151.4985,5.3689,5.7950,-253.286,-3.632,-0.497,-76.773,0.0396,-0.0103,1.0220,
6.034,ENC,195.9337,107.5235,151.7286,5.7098,5.7950,-253.276,-3.632,-0.497,-76.773,0.0396,-0.0103,1.0220,
6.040,IMU,195.9337,107.5235,151.7286,5.7098,5.7950,-253.276,-3.677,-0.460,-76.770,0.0557,0.0137,0.9634,
6.050,ENC,196.0479,107.6445,151.8462,5.7098,6.0507,-253.257,-3.677,-0.460,-76.770,0.0557,0.0137,0.9634,
6.059,IMU,196.0479,107.6445,151.8462,5.7098,6.0507,-253.257,-3.676,-0.461,-76.769,0.0020,0.0166,1.0425,
6.070,ENC,196.1672,107.7690,151.9681,5.9655,6.2211,-253.242,-3.676,-0.461,-76.769,0.0020,0.0166,1.0425,
6.080,IMU,196.1672,107.7690,151.9681,5.9655,6.2211,-253.242,-3.723,-0.418,-76.747,0.0815,0.0083,1.0298,
6.089,ENC,196.2780,107.8849,152.0814,5.5394,5.7950,-253.228,-3.723,-0.418,-76.747,0.0815,0.0083,1.0298,
6.099,IMU,196.2780,107.8849,152.0814,5.5394,5.7950,-253.228,-3.725,-0.363,-76.772,0.0581,0.0317,1.0049,
6.111,ENC,196.3922,108.0008,152.1965,5.7098,5.7950,-253.223,-3.725,-0.363,-76.772,0.0581,0.0317,1.0049,
6.119,IMU,196.3922,108.0008,152.1965,5.7098,5.7950,-253.223,-3.703,-0.370,-76.748,0.0537,-0.0225,1.0786,
6.132,ENC,196.5012,108.1184,152.3098,5.4542,5.8803,-253.198,-3.703,-0.370,-76.748,0.0537,-0.0225,1.0786,
6.141,IMU,196.5012,108.1184,152.3098,5.4542,5.8803,-253.198,-3.647,-0.262,-76.722,-0.0161,0.0640,1.0000,
6.162,IMU,196.5012,108.1184,152.3098,5.4542,5.8803,-253.198,-3.702,-0.311,-76.747,0.1016,-0.0293,0.9434,
6.170,ENC,196.7126,108.3570,152.5348,5.2837,5.9655,-253.120,-3.702,-0.311,-76.747,0.1016,-0.0293,0.9434,
6.179,IMU,196.7126,108.3570,152.5348,5.2837,5.9655,-253.120,-3.732,-0.313,-76.738,0.1255,0.0015,0.9795,
6.190,ENC,196.8131,108.4746,152.6439,5.0280,5.8803,-253.071,-3.732,-0.313,-76.738,0.1255,0.0015,0.9795,
6.202,IMU,196.8131,108.4746,152.6439,5.0280,5.8803,-253.071,-3.642,-0.300,-76.718,0.0029,-0.0039,1.0107,
6.210,ENC,196.9188,108.5922,152.7555,5.2837,5.8803,-253.037,-3.642,-0.300,-76.718,0.0029,-0.0039,1.0107,
6.223,IMU,196.9188,108.5922,152.7555,5.2837,5.8803,-253.037,-3.621,-0.263,-76.674,0.0508,0.0405,0.9233,
6.235,ENC,197.0262,108.7149,152.8706,5.3689,6.1359,-252.993,-3.621,-0.263,-76.674,0.0508,0.0405,0.9233,
6.240,IMU,197.0262,108.7149,152.8706,5.3689,6.1359,-252.993,-3.598,-0.201,-76.658,-0.0068,0.0483,1.0562,
6.251,ENC,197.1251,108.8308,152.9779,4.9428,5.7950,-252.944,-3.598,-0.201,-76.658,-0.0068,0.0483,1.0562,
6.259,IMU,197.1251,108.8308,152.9779,4.9428,5.7950,-252.944,-3.565,-0.225,-76.709,0.0391,0.0083,0.9810,
6.271,ENC,197.2410,108.9501,153.0955,5.7950,5.9655,-252.935,-3.565,-0.225,-76.709,0.0391,0.0083,0.9810,
6.281,IMU,197.2410,108.9501,153.0955,5.7950,5.9655,-252.935,-3.638,-0.308,-76.723,0.1147,-0.0215,1.0386,
6.293,ENC,197.3534,109.0592,153.2063,5.6246,5.4542,-252.944,-3.638,-0.308,-76.723,0.1147,-0.0215,1.0386,
6.304,IMU,197.3534,109.0592,153.2063,5.6246,5.4542,-252.944,-3.694,-0.256,-76.749,0.1069,0.0244,1.0210,
6.310,ENC,197.4642,109.1632,153.3137,5.5394,5.1985,-252.964,-3.694,-0.256,-76.749,0.1069,0.0244,1.0210,
6.319,IMU,197.4642,109.1632,153.3137,5.5394,5.1985,-252.964,-3.653,-0.213,-76.755,0.0386,0.0327,1.0068,
6.330,ENC,197.5750,109.2706,153.4228,5.5394,5.3689,-252.974,-3.653,-0.213,-76.755,0.0386,0.0327,1.0068,
6.340,IMU,197.5750,109.2706,153.4228,5.5394,5.3689,-252.974,-3.679,-0.185,-76.743,0.1006,-0.0020,0.9102,
6.350,ENC,197.6841,109.3779,153.5310,5.4542,5.3689,-252.979,-3.679,-0.185,-76.743,0.1006,-0.0020,0.9102,
6.359,IMU,197.6841,109.3779,153.5310,5.4542,5.3689,-252.979,-3.666,-0.143,-76.769,0.0640,0.0190,0.9702,
6.370,ENC,197.7864,109.4819,153.6341,5.1133,5.1985,-252.974,-3.666,-0.143,-76.769,0.0640,0.0190,0.9702,
6.379,IMU,197.7864,109.4819,153.6341,5.1133,5.1985,-252.974,-3.679,-0.146,-76.769,0.0796,-0.0220,0.9946,
6.391,ENC,197.8903,109.5927,153.7415,5.1985,5.5394,-252.954,-3.679,-0.146,-76.769,0.0796,-0.0220,0.9946,
6.399,IMU,197.8903,109.5927,153.7415,5.1985,5.5394,-252.954,-3.648,-0.176,-76.787,0.0620,-0.0137,0.9448,
6.410,ENC,197.9960,109.6967,153.8463,5.2837,5.1985,-252.959,-3.648,-0.176,-76.787,0.0620,-0.0137,0.9448,
6.420,IMU,197.9960,109.6967,153.8463,5.2837,5.1985,-252.959,-3.660,-0.200,-76.780,0.0537,-0.0381,0.9971,
6.430,ENC,198.1000,109.7955,153.9478,5.1985,4.9428,-252.974,-3.660,-0.200,-76.780,0.0537,-0.0381,0.9971,
6.441,IMU,198.1000,109.7955,153.9478,5.1985,4.9428,-252.974,-3.667,-0.166,-76.807,0.0449,-0.0176,1.0181,
6.450,ENC,198.2005,109.9029,154.0517,5.0280,5.3689,-252.954,-3.667,-0.166,-76.807,0.0449,-0.0176,1.0181,
6.460,IMU,198.2005,109.9029,154.0517,5.0280,5.3689,-252.954,-3.600,-0.151,-76.803,0.0664,0.0239,0.9419,
6.470,ENC,198.3011,110.0035,154.1523,5.0280,5.0280,-252.954,-3.600,-0.151,-76.803,0.0664,0.0239,0.9419,
6.479,IMU,198.3011,110.0035,154.1523,5.0280,5.0280,-252.954,-3.589,-0.170,-76.852,0.0967,-0.0005,1.0024,
6.490,ENC,198.4051,110.0989,154.2520,5.1985,4.7724,-252.979,-3.589,-0.170,-76.852,0.0967,-0.0005,1.0024,
6.500,IMU,198.4051,110.0989,154.2520,5.1985,4.7724,-252.979,-3.677,-0.137,-76.872,0.1035,0.0229,1.0264,
6.511,ENC,198.5125,110.1995,154.3560,5.3689,5.0280,-252.998,-3.677,-0.137,-76.872,0.1035,0.0229,1.0264,
6.519,IMU,198.5125,110.1995,154.3560,5.3689,5.0280,-252.998,-3.608,-0.169,-76.885,0.0122,-0.0171,0.9761,
6.529,ENC,198.6164,110.2966,154.4565,5.1985,4.8576,-253.018,-3.608,-0.169,-76.885,0.0122,-0.0171,0.9761,
6.544,IMU,198.6164,110.2966,154.4565,5.1985,4.8576,-253.018,-3.560,-0.173,-76.912,0.0518,-0.0122,0.9507,
6.552,ENC,198.7204,110.3972,154.5588,5.1985,5.0280,-253.027,-3.560,-0.173,-76.912,0.0518,-0.0122,0.9507,
6.579,IMU,198.7204,110.3972,154.5588,5.1985,5.0280,-253.027,-3.598,-0.110,-76.911,0.0903,0.0054,1.0146,
6.591,ENC,198.9198,110.5779,154.7488,4.9854,4.5167,-253.081,-3.598,-0.110,-76.911,0.0903,0.0054,1.0146,
6.600,IMU,198.9198,110.5779,154.7488,4.9854,4.5167,-253.081,-3.621,-0.123,-76.940,0.0918,-0.0054,1.0435,
6.610,ENC,199.0306,110.6733,154.8520,5.5394,4.7724,-253.125,-3.621,-0.123,-76.940,0.0918,-0.0054,1.0435,
6.620,IMU,199.0306,110.6733,154.8520,5.5394,4.7724,-253.125,-3.628,-0.220,-76.967,0.0479,-0.0688,0.9414,
6.631,ENC,199.1414,110.7670,154.9542,5.5394,4.6872,-253.174,-3.628,-0.220,-76.967,0.0479,-0.0688,0.9414,
6.639,IMU,199.1414,110.7670,154.9542,5.5394,4.6872,-253.174,-3.663,-0.235,-76.985,0.0723,0.0171,1.0137,
6.651,ENC,199.2505,110.8659,155.0582,5.4542,4.9428,-253.203,-3.663,-0.235,-76.985,0.0723,0.0171,1.0137,
6.659,IMU,199.2505,110.8659,155.0582,5.4542,4.9428,-253.203,-3.680,-0.261,-76.964,0.0474,-0.0098,1.0156,
6.679,IMU,199.2505,110.8659,155.0582,5.4542,4.9428,-253.203,-3.628,-0.276,-76.985,0.0557,-0.0151,0.9902,
6.690,ENC,199.4669,111.0790,155.2729,5.4115,5.3263,-253.213,-3.628,-0.276,-76.985,0.0557,-0.0151,0.9902,
6.699,IMU,199.4669,111.0790,155.2729,5.4115,5.3263,-253.213,-3.607,-0.230,-76.997,0.0254,0.0063,1.0181,
6.710,ENC,199.5777,111.1897,155.3837,5.5394,5.5394,-253.213,-3.607,-0.230,-76.997,0.0254,0.0063,1.0181,
6.720,IMU,199.5777,111.1897,155.3837,5.5394,5.5394,-253.213,-3.639,-0.258,-76.984,0.0630,-0.0146,0.9819,
6.735,ENC,199.6817,111.2903,155.4860,5.1985,5.0280,-253.223,-3.639,-0.258,-76.984,0.0630,-0.0146,0.9819,
6.740,IMU,199.6817,111.2903,155.4860,5.1985,5.0280,-253.223,-3.654,-0.199,-76.991,0.0391,0.0439,1.0068,
6.763,IMU,199.6817,111.2903,155.4860,5.1985,5.0280,-253.223,-3.624,-0.142,-77.009,0.0483,0.0430,1.0107,
6.766,ENC,199.7840,111.3977,155.5908,5.1133,5.3689,-253.208,-3.624,-0.142,-77.009,0.0483,0.0430,1.0107,
6.770,ENC,199.8913,111.4846,155.6880,5.3689,4.3463,-253.267,-3.624,-0.142,-77.009,0.0483,0.0430,1.0107,
6.785,IMU,199.8913,111.4846,155.6880,5.3689,4.3463,-253.267,-3.591,-0.082,-77.043,0.0420,0.0435,1.0610,
6.792,ENC,199.9902,111.5920,155.7911,4.9428,5.3689,-253.242,-3.591,-0.082,-77.043,0.0420,0.0435,1.0610,
6.810,ENC,200.0890,111.6840,155.8865,4.9428,4.6019,-253.262,-3.591,-0.082,-77.043,0.0420,0.0435,1.0610,
6.819,IMU,200.0890,111.6840,155.8865,4.9428,4.6019,-253.262,-3.574,-0.080,-77.145,0.0850,-0.0293,0.9204,
6.830,ENC,200.1845,111.7761,155.9803,4.7724,4.6019,-253.271,-3.574,-0.080,-77.145,0.0850,-0.0293,0.9204,
6.840,IMU,200.1845,111.7761,155.9803,4.7724,4.6019,-253.271,-3.538,-0.034,-77.135,0.0474,0.0146,1.0874,
6.850,ENC,200.2714,111.8800,156.0757,4.3463,5.1985,-253.223,-3.538,-0.034,-77.135,0.0474,0.0146,1.0874,
6.860,IMU,200.2714,111.8800,156.0757,4.3463,5.1985,-253.223,-3.576,-0.063,-77.129,0.1162,-0.0039,1.0420,
6.870,ENC,200.3635,111.9738,156.1686,4.6019,4.6872,-253.218,-3.576,-0.063,-77.129,0.1162,-0.0039,1.0420,
6.891,ENC,200.4589,112.0863,156.2726,4.7724,5.6246,-253.169,-3.576,-0.063,-77.129,0.1162,-0.0039,1.0420,
6.900,IMU,200.4589,112.0863,156.2726,4.7724,5.6246,-253.169,-3.514,-0.215,-77.110,0.0259,-0.0806,1.0737,
6.910,ENC,200.5629,112.1954,156.3791,5.1985,5.4542,-253.154,-3.514,-0.215,-77.110,0.0259,-0.0806,1.0737,
6.920,IMU,200.5629,112.1954,156.3791,5.1985,5.4542,-253.154,-3.498,-0.281,-77.153,0.0752,-0.0576,0.9341,
6.930,ENC,200.6703,112.3061,156.4882,5.3689,5.5394,-253.145,-3.498,-0.281,-77.153,0.0752,-0.0576,0.9341,
6.940,IMU,200.6703,112.3061,156.4882,5.3689,5.5394,-253.145,-3.404,-0.287,-77.197,-0.0420,-0.0059,1.0537,
6.951,ENC,200.7810,112.4237,156.6024,5.5394,5.8803,-253.125,-3.404,-0.287,-77.197,-0.0420,-0.0059,1.0537,
6.960,IMU,200.7810,112.4237,156.6024,5.5394,5.8803,-253.125,-3.426,-0.263,-77.149,0.0503,0.0195,0.9824,
6.990,ENC,201.0043,112.6555,156.8299,5.5820,5.7950,-253.101,-3.426,-0.263,-77.149,0.0503,0.0195,0.9824,
7.000,IMU,201.0043,112.6555,156.8299,5.5820,5.7950,-253.101,-3.340,-0.198,-77.170,-0.0029,0.0991,1.0327,
7.011,ENC,201.1236,112.7749,156.9492,5.9655,5.9655,-253.101,-3.340,-0.198,-77.170,-0.0029,0.0991,1.0327,
7.019,IMU,201.1236,112.7749,156.9492,5.9655,5.9655,-253.101,-3.338,-0.138,-77.189,0.0479,0.0366,1.0122,
7.029,ENC,201.2412,112.8908,157.0660,5.8803,5.7950,-253.105,-3.338,-0.138,-77.189,0.0479,0.0366,1.0122,
7.040,IMU,201.2412,112.8908,157.0660,5.8803,5.7950,-253.105,-3.357,-0.158,-77.167,0.0786,-0.0161,0.9463,
7.053,ENC,201.3640,113.0186,157.1913,6.1359,6.3916,-253.091,-3.357,-0.158,-77.167,0.0786,-0.0161,0.9463,
7.061,IMU,201.3640,113.0186,157.1913,6.1359,6.3916,-253.091,-3.399,-0.151,-77.162,0.0703,-0.0059,0.9507,
7.085,IMU,201.3640,113.0186,157.1913,6.1359,6.3916,-253.091,-3.434,-0.146,-77.146,0.0684,-0.0156,0.9658,
7.091,ENC,201.5923,113.2589,157.4256,5.7098,6.0081,-253.057,-3.434,-0.146,-77.146,0.0684,-0.0156,0.9658,
7.101,IMU,201.5923,113.2589,157.4256,5.7098,6.0081,-253.057,-3.440,-0.200,-77.133,0.0381,-0.0571,1.0410,
7.120,IMU,201.5923,113.2589,157.4256,5.7098,6.0081,-253.057,-3.368,-0.240,-77.163,0.0176,-0.0244,0.9756,
7.130,ENC,201.8429,113.5044,157.6736,6.2638,6.1359,-253.071,-3.368,-0.240,-77.163,0.0176,-0.0244,0.9756,
7.139,IMU,201.8429,113.5044,157.6736,6.2638,6.1359,-253.071,-3.401,-0.248,-77.237,0.1768,0.0098,1.0142,
7.149,ENC,201.9758,113.6237,157.7998,6.6473,5.9655,-253.110,-3.401,-0.248,-77.237,0.1768,0.0098,1.0142,
7.160,IMU,201.9758,113.6237,157.7998,6.6473,5.9655,-253.110,-3.483,-0.312,-77.220,0.1162,-0.0186,0.9624,
7.199,IMU,201.9758,113.6237,157.7998,6.6473,5.9655,-253.110,-3.491,-0.271,-77.257,0.0244,0.0430,1.0664,
7.210,ENC,202.3917,113.9952,158.1935,6.9313,6.1927,-253.237,-3.491,-0.271,-77.257,0.0244,0.0430,1.0664,
7.219,IMU,202.3917,113.9952,158.1935,6.9313,6.1927,-253.237,-3.513,-0.353,-77.285,0.0635,-0.0615,0.8984,
7.230,ENC,202.5315,114.1214,158.3264,6.9881,6.3064,-253.276,-3.513,-0.353,-77.285,0.0635,-0.0615,0.8984,
7.244,IMU,202.5315,114.1214,158.3264,6.9881,6.3064,-253.276,-3.613,-0.450,-77.287,0.1240,-0.0845,1.0015,
7.262,IMU,202.5315,114.1214,158.3264,6.9881,6.3064,-253.276,-3.601,-0.517,-77.311,0.0518,-0.0444,1.0034,
7.270,ENC,202.8025,114.3702,158.5863,6.7751,6.2211,-253.340,-3.601,-0.517,-77.311,0.0518,-0.0444,1.0034,
7.279,IMU,202.8025,114.3702,158.5863,6.7751,6.2211,-253.340,-3.580,-0.470,-77.291,0.0586,0.0156,0.9893,
7.300,IMU,202.8025,114.3702,158.5863,6.7751,6.2211,-253.340,-3.590,-0.447,-77.353,0.0732,-0.0161,0.9375,
7.311,ENC,203.0752,114.6310,158.8531,6.8177,6.5194,-253.374,-3.590,-0.447,-77.353,0.0732,-0.0161,0.9375,
7.323,IMU,203.0752,114.6310,158.8531,6.8177,6.5194,-253.374,-3.539,-0.329,-77.337,0.0288,0.0317,1.0459,
7.330,ENC,203.2013,114.7503,158.9758,6.3064,5.9655,-253.394,-3.539,-0.329,-77.337,0.0288,0.0317,1.0459,
7.340,IMU,203.2013,114.7503,158.9758,6.3064,5.9655,-253.394,-3.562,-0.237,-77.339,0.0776,0.0576,1.0601,
7.350,ENC,203.3360,114.8849,159.1105,6.7325,6.7325,-253.394,-3.562,-0.237,-77.339,0.0776,0.0576,1.0601,
7.359,IMU,203.3360,114.8849,159.1105,6.7325,6.7325,-253.394,-3.524,-0.292,-77.381,0.0020,-0.0547,1.0352,
7.370,ENC,203.4587,115.0179,159.2383,6.1359,6.6473,-253.364,-3.524,-0.292,-77.381,0.0020,-0.0547,1.0352,
7.383,IMU,203.4587,115.0179,159.2383,6.1359,6.6473,-253.364,-3.589,-0.064,-77.383,0.0669,0.1421,0.9663,
7.401,IMU,203.4587,115.0179,159.2383,6.1359,6.6473,-253.364,-3.638,0.055,-77.334,0.0664,0.0830,1.0508,
7.420,IMU,203.4587,115.0179,159.2383,6.1359,6.6473,-253.364,-3.714,0.038,-77.327,0.1396,-0.0151,1.0708,
7.430,ENC,203.8285,115.4218,159.6252,6.1643,6.7325,-253.267,-3.714,0.038,-77.327,0.1396,-0.0151,1.0708,
7.439,IMU,203.8285,115.4218,159.6252,6.1643,6.7325,-253.267,-3.766,-0.038,-77.363,0.1182,-0.0552,1.0195,
7.450,ENC,203.9649,115.5616,159.7632,6.8177,6.9881,-253.257,-3.766,-0.038,-77.363,0.1182,-0.0552,1.0195,
7.460,IMU,203.9649,115.5616,159.7632,6.8177,6.9881,-253.257,-3.762,-0.013,-77.351,0.0723,-0.0029,0.9443,
7.469,ENC,204.0842,115.6945,159.8894,5.9655,6.6473,-253.218,-3.762,-0.013,-77.351,0.0723,-0.0029,0.9443,
7.479,IMU,204.0842,115.6945,159.8894,5.9655,6.6473,-253.218,-3.692,-0.086,-77.328,0.0361,-0.0400,0.9072,
7.499,IMU,204.0842,115.6945,159.8894,5.9655,6.6473,-253.218,-3.710,-0.035,-77.319,0.0869,0.0156,0.8936,
7.510,ENC,204.3552,115.9724,160.1638,6.7751,6.9455,-253.198,-3.710,-0.035,-77.319,0.0869,0.0156,0.8936,
7.519,IMU,204.3552,115.9724,160.1638,6.7751,6.9455,-253.198,-3.712,-0.034,-77.282,0.0879,-0.0146,0.9614,
7.530,ENC,204.4899,116.1019,160.2959,6.7325,6.4768,-253.213,-3.712,-0.034,-77.282,0.0879,-0.0146,0.9614,
7.539,IMU,204.4899,116.1019,160.2959,6.7325,6.4768,-253.213,-3.777,-0.064,-77.279,0.1221,-0.0215,1.0356,
7.551,ENC,204.6296,116.2468,160.4382,6.9881,7.2438,-253.198,-3.777,-0.064,-77.279,0.1221,-0.0215,1.0356,
7.560,IMU,204.6296,116.2468,160.4382,6.9881,7.2438,-253.198,-3.787,0.016,-77.237,0.0405,0.0522,1.0581,
7.571,ENC,204.7643,116.3814,160.5728,6.7325,6.7325,-253.198,-3.787,0.016,-77.237,0.0405,0.0522,1.0581,
7.580,IMU,204.7643,116.3814,160.5728,6.7325,6.7325,-253.198,-3.795,0.073,-77.214,0.0645,0.0376,0.9888,
7.590,ENC,204.9023,116.5229,160.7126,6.9029,7.0734,-253.188,-3.795,0.073,-77.214,0.0645,0.0376,0.9888,
7.599,IMU,204.9023,116.5229,160.7126,6.9029,7.0734,-253.188,-3.612,0.019,-77.216,-0.0444,-0.0483,1.0063,
7.612,ENC,205.0489,116.6678,160.8583,7.3290,7.2438,-253.193,-3.612,0.019,-77.216,-0.0444,-0.0483,1.0063,
7.619,IMU,205.0489,116.6678,160.8583,7.3290,7.2438,-253.193,-3.690,0.095,-77.213,0.1538,0.0332,0.9561,
7.630,ENC,205.1955,116.8075,161.0015,7.3290,6.9881,-253.213,-3.690,0.095,-77.213,0.1538,0.0332,0.9561,
7.639,IMU,205.1955,116.8075,161.0015,7.3290,6.9881,-253.213,-3.673,-0.013,-77.204,0.0679,-0.0767,0.9873,
7.660,ENC,205.3370,116.9473,161.1421,7.0734,6.9881,-253.218,-3.673,-0.013,-77.204,0.0679,-0.0767,0.9873,
7.664,IMU,205.3370,116.9473,161.1421,7.0734,6.9881,-253.218,-3.763,-0.048,-77.158,0.1187,-0.0620,0.9346,
7.680,IMU,205.3370,116.9473,161.1421,7.0734,6.9881,-253.218,-3.805,-0.039,-77.188,0.1089,0.0303,1.0225,
7.691,ENC,205.6250,117.2234,161.4242,7.2012,6.9029,-253.252,-3.805,-0.039,-77.188,0.1089,0.0303,1.0225,
7.700,IMU,205.6250,117.2234,161.4242,7.2012,6.9029,-253.252,-3.781,-0.067,-77.157,0.0293,-0.0840,0.9629,
7.710,ENC,205.7682,117.3581,161.5631,7.1586,6.7325,-253.276,-3.781,-0.067,-77.157,0.0293,-0.0840,0.9629,
7.719,IMU,205.7682,117.3581,161.5631,7.1586,6.7325,-253.276,-3.872,0.000,-77.137,0.1172,0.0220,1.0640,
7.730,ENC,205.9250,117.4961,161.7106,7.8403,6.9029,-253.330,-3.872,0.000,-77.137,0.1172,0.0220,1.0640,
7.739,IMU,205.9250,117.4961,161.7106,7.8403,6.9029,-253.330,-3.870,-0.036,-77.113,0.1016,-0.0591,0.9863,
7.749,ENC,206.0682,117.6291,161.8486,7.1586,6.6473,-253.359,-3.870,-0.036,-77.113,0.1016,-0.0591,0.9863,
7.759,IMU,206.0682,117.6291,161.8486,7.1586,6.6473,-253.359,-3.787,0.088,-77.118,-0.0088,0.0439,1.0024,
7.770,ENC,206.2164,117.7722,161.9943,7.4142,7.1586,-253.374,-3.787,0.088,-77.118,-0.0088,0.0439,1.0024,
7.780,IMU,206.2164,117.7722,161.9943,7.4142,7.1586,-253.374,-3.868,0.100,-77.071,0.1523,-0.0112,0.9878,
7.790,ENC,206.3664,117.9171,162.1418,7.4995,7.2438,-253.389,-3.868,0.100,-77.071,0.1523,-0.0112,0.9878,
7.800,IMU,206.3664,117.9171,162.1418,7.4995,7.2438,-253.389,-3.920,0.141,-77.096,0.1299,0.0244,0.9805,
7.812,ENC,206.5130,118.0569,162.2849,7.3290,6.9881,-253.408,-3.920,0.141,-77.096,0.1299,0.0244,0.9805,
7.819,IMU,206.5130,118.0569,162.2849,7.3290,6.9881,-253.408,-3.915,0.171,-77.117,0.0361,0.0303,0.9756,
7.830,ENC,206.6613,118.2034,162.4324,7.4142,7.3290,-253.413,-3.915,0.171,-77.117,0.0361,0.0303,0.9756,
7.839,IMU,206.6613,118.2034,162.4324,7.4142,7.3290,-253.413,-3.861,0.225,-77.164,0.0093,0.0571,1.0234,
7.850,ENC,206.8079,118.3517,162.5798,7.3290,7.4142,-253.408,-3.861,0.225,-77.164,0.0093,0.0571,1.0234,
7.859,IMU,206.8079,118.3517,162.5798,7.3290,7.4142,-253.408,-3.781,0.197,-77.215,-0.0654,-0.0459,1.0703,
7.872,ENC,206.9442,118.4898,162.7170,6.8177,6.9029,-253.403,-3.781,0.197,-77.215,-0.0654,-0.0459,1.0703,
7.879,IMU,206.9442,118.4898,162.7170,6.8177,6.9029,-253.403,-3.752,0.310,-77.269,0.0347,0.0669,0.9673,
7.890,ENC,207.0857,118.6296,162.8576,7.0734,6.9881,-253.408,-3.752,0.310,-77.269,0.0347,0.0669,0.9673,
7.911,ENC,207.2118,118.7727,162.9923,6.3064,7.1586,-253.359,-3.752,0.310,-77.269,0.0347,0.0669,0.9673,
7.919,IMU,207.2118,118.7727,162.9923,6.3064,7.1586,-253.359,-3.685,0.167,-77.311,0.0483,-0.0186,1.1060,
7.930,ENC,207.3414,118.9125,163.1269,6.4768,6.9881,-253.330,-3.685,0.167,-77.311,0.0483,-0.0186,1.1060,
7.940,IMU,207.3414,118.9125,163.1269,6.4768,6.9881,-253.330,-3.761,0.269,-77.278,0.1016,0.0405,0.9976,
7.950,ENC,207.4965,119.0676,163.2820,7.7551,7.7551,-253.330,-3.761,0.269,-77.278,0.1016,0.0405,0.9976,
7.959,IMU,207.4965,119.0676,163.2820,7.7551,7.7551,-253.330,-3.804,0.248,-77.311,0.0811,0.0063,1.0273,
7.970,ENC,207.6311,119.2142,163.4226,6.7325,7.3290,-253.296,-3.804,0.248,-77.311,0.0811,0.0063,1.0273,
7.979,IMU,207.6311,119.2142,163.4226,6.7325,7.3290,-253.296,-3.678,0.194,-77.342,0.0049,-0.0356,0.8843,
7.990,ENC,207.7726,119.3642,163.5684,7.0734,7.4995,-253.271,-3.678,0.194,-77.342,0.0049,-0.0356,0.8843,
7.999,IMU,207.7726,119.3642,163.5684,7.0734,7.4995,-253.271,-3.659,0.147,-77.384,0.0078,0.0005,0.9800,
8.010,ENC,207.9209,119.5124,163.7167,7.4142,7.4142,-253.271,-3.659,0.147,-77.384,0.0078,0.0005,0.9800,
8.029,IMU,207.9209,119.5124,163.7167,7.4142,7.4142,-253.271,-3.624,0.204,-77.409,0.0000,0.0693,0.9883,
8.031,ENC,208.0777,119.6590,163.8683,7.8403,7.3290,-253.301,-3.624,0.204,-77.409,0.0000,0.0693,0.9883,
8.039,IMU,208.0777,119.6590,163.8683,7.8403,7.3290,-253.301,-3.546,0.328,-77.456,-0.0059,0.1089,1.0156,
8.050,ENC,208.2345,119.8022,164.0183,7.8403,7.1586,-253.340,-3.546,0.328,-77.456,-0.0059,0.1089,1.0156,
8.059,IMU,208.2345,119.8022,164.0183,7.8403,7.1586,-253.340,-3.659,0.379,-77.409,0.1719,0.0103,0.8960,
8.070,ENC,208.3879,119.9522,164.1700,7.6699,7.4995,-253.350,-3.659,0.379,-77.409,0.1719,0.0103,0.8960,
8.079,IMU,208.3879,119.9522,164.1700,7.6699,7.4995,-253.350,-3.709,0.534,-77.447,0.1284,0.1172,0.9048,
8.101,IMU,208.3879,119.9522,164.1700,7.6699,7.4995,-253.350,-3.696,0.699,-77.444,0.0737,0.1211,0.8682,
8.110,ENC,208.6879,120.2436,164.4658,7.4995,7.2864,-253.374,-3.696,0.699,-77.444,0.0737,0.1211,0.8682,
8.120,IMU,208.6879,120.2436,164.4658,7.4995,7.2864,-253.374,-3.680,0.799,-77.474,0.0308,0.1104,1.0435,
8.131,ENC,208.8430,120.3868,164.6149,7.7551,7.1586,-253.408,-3.680,0.799,-77.474,0.0308,0.1104,1.0435,
8.139,IMU,208.8430,120.3868,164.6149,7.7551,7.1586,-253.408,-3.689,0.767,-77.479,0.0571,0.0278,0.9443,
8.150,ENC,208.9947,120.5266,164.7606,7.5847,6.9881,-253.442,-3.689,0.767,-77.479,0.0571,0.0278,0.9443,
8.160,IMU,208.9947,120.5266,164.7606,7.5847,6.9881,-253.442,-3.600,0.785,-77.471,0.0015,0.0029,0.9883,
8.175,ENC,209.1566,120.6732,164.9149,8.0960,7.3290,-253.486,-3.600,0.785,-77.471,0.0015,0.0029,0.9883,
8.183,IMU,209.1566,120.6732,164.9149,8.0960,7.3290,-253.486,-3.540,0.849,-77.467,0.0288,0.0859,0.9409,
8.191,ENC,209.3219,120.8146,165.0683,8.2665,7.0734,-253.555,-3.540,0.849,-77.467,0.0288,0.0859,0.9409,
8.199,IMU,209.3219,120.8146,165.0683,8.2665,7.0734,-253.555,-3.485,0.850,-77.491,0.0415,0.0039,0.8984,
8.210,ENC,209.4821,120.9561,165.2191,8.0108,7.0734,-253.608,-3.485,0.850,-77.491,0.0415,0.0039,0.8984,
8.220,IMU,209.4821,120.9561,165.2191,8.0108,7.0734,-253.608,-3.490,0.951,-77.484,0.0869,0.0815,0.9072,
8.230,ENC,209.6423,121.0924,165.3674,8.0108,6.8177,-253.677,-3.490,0.951,-77.484,0.0869,0.0815,0.9072,
8.239,IMU,209.6423,121.0924,165.3674,8.0108,6.8177,-253.677,-3.375,0.943,-77.438,-0.0400,0.0347,0.9834,
8.249,ENC,209.7991,121.2288,165.5140,7.8403,6.8177,-253.735,-3.375,0.943,-77.438,-0.0400,0.0347,0.9834,
8.260,IMU,209.7991,121.2288,165.5140,7.8403,6.8177,-253.735,-3.273,0.969,-77.499,-0.0654,0.1035,1.0811,
8.272,ENC,209.9645,121.3703,165.6674,8.2665,7.0734,-253.804,-3.273,0.969,-77.499,-0.0654,0.1035,1.0811,
8.284,IMU,209.9645,121.3703,165.6674,8.2665,7.0734,-253.804,-3.271,0.944,-77.521,0.1016,0.0215,0.9165,
8.293,ENC,210.1179,121.5168,165.8174,7.6699,7.3290,-253.823,-3.271,0.944,-77.521,0.1016,0.0215,0.9165,
8.300,IMU,210.1179,121.5168,165.8174,7.6699,7.3290,-253.823,-3.195,0.830,-77.547,0.0156,-0.0469,0.9106,
8.311,ENC,210.2781,121.6617,165.9699,8.0108,7.2438,-253.867,-3.195,0.830,-77.547,0.0156,-0.0469,0.9106,
8.319,IMU,210.2781,121.6617,165.9699,8.0108,7.2438,-253.867,-3.190,0.820,-77.589,0.0732,0.0200,0.9028,
8.330,ENC,210.4196,121.7827,166.1011,7.0734,6.0507,-253.926,-3.190,0.820,-77.589,0.0732,0.0200,0.9028,
8.340,IMU,210.4196,121.7827,166.1011,7.0734,6.0507,-253.926,-3.125,0.693,-77.594,-0.0469,-0.0776,1.0991,
8.350,ENC,210.5678,121.9430,166.2554,7.4142,8.0108,-253.892,-3.125,0.693,-77.594,-0.0469,-0.0776,1.0991,
8.361,IMU,210.5678,121.9430,166.2554,7.4142,8.0108,-253.892,-3.245,0.707,-77.600,0.1997,0.0068,0.9702,
8.372,ENC,210.7025,122.0657,166.3841,6.7325,6.1359,-253.926,-3.245,0.707,-77.600,0.1997,0.0068,0.9702,
8.380,IMU,210.7025,122.0657,166.3841,6.7325,6.1359,-253.926,-3.236,0.555,-77.647,0.0610,-0.1270,0.9893,
8.392,ENC,210.8423,122.2174,166.5298,6.9881,7.5847,-253.892,-3.236,0.555,-77.647,0.0610,-0.1270,0.9893,
8.401,IMU,210.8423,122.2174,166.5298,6.9881,7.5847,-253.892,-3.178,0.515,-77.645,0.0249,-0.0063,1.0381,
8.419,IMU,210.8423,122.2174,166.5298,6.9881,7.5847,-253.892,-3.254,0.472,-77.689,0.1631,-0.0093,0.9346,
8.430,ENC,211.1201,122.4935,166.8068,6.9455,6.9029,-253.896,-3.254,0.472,-77.689,0.1631,-0.0093,0.9346,
8.440,IMU,211.1201,122.4935,166.8068,6.9455,6.9029,-253.896,-3.273,0.564,-77.686,0.0801,0.0815,0.9707,
8.453,ENC,211.2615,122.6367,166.9491,7.0734,7.1586,-253.892,-3.273,0.564,-77.686,0.0801,0.0815,0.9707,
8.460,IMU,211.2615,122.6367,166.9491,7.0734,7.1586,-253.892,-3.334,0.415,-77.732,0.0913,-0.0684,0.9897,
8.471,ENC,211.4115,122.7730,167.0923,7.4995,6.8177,-253.931,-3.334,0.415,-77.732,0.0913,-0.0684,0.9897,
8.479,IMU,211.4115,122.7730,167.0923,7.4995,6.8177,-253.931,-3.316,0.307,-77.796,0.0977,-0.0566,0.9976,
8.490,ENC,211.5547,122.9025,167.2286,7.1586,6.4768,-253.970,-3.316,0.307,-77.796,0.0977,-0.0566,0.9976,
8.500,IMU,211.5547,122.9025,167.2286,7.1586,6.4768,-253.970,-3.421,0.246,-77.800,0.1362,-0.0576,0.9512,
8.510,ENC,211.6996,123.0338,167.3667,7.2438,6.5620,-254.009,-3.421,0.246,-77.800,0.1362,-0.0576,0.9512,
8.524,IMU,211.6996,123.0338,167.3667,7.2438,6.5620,-254.009,-3.533,0.262,-77.781,0.1309,-0.0024,1.0054,
8.533,ENC,211.8462,123.1633,167.5047,7.3290,6.4768,-254.058,-3.533,0.262,-77.781,0.1309,-0.0024,1.0054,
8.539,IMU,211.8462,123.1633,167.5047,7.3290,6.4768,-254.058,-3.517,0.235,-77.785,-0.0352,-0.0200,1.0835,
8.550,ENC,211.9893,123.2929,167.6411,7.1586,6.4768,-254.097,-3.517,0.235,-77.785,-0.0352,-0.0200,1.0835,
8.559,IMU,211.9893,123.2929,167.6411,7.1586,6.4768,-254.097,-3.476,0.280,-77.782,0.0444,0.0415,1.0195,
8.579,IMU,211.9893,123.2929,167.6411,7.1586,6.4768,-254.097,-3.502,0.343,-77.733,0.0454,0.0791,0.9492,
8.590,ENC,212.2842,123.5553,167.9198,7.3716,6.5620,-254.189,-3.502,0.343,-77.733,0.0454,0.0791,0.9492,
8.599,IMU,212.2842,123.5553,167.9198,7.3716,6.5620,-254.189,-3.447,0.381,-77.801,0.0225,0.0493,0.9185,
8.611,ENC,212.4461,123.6832,168.0646,8.0960,6.3916,-254.287,-3.447,0.381,-77.801,0.0225,0.0493,0.9185,
8.620,IMU,212.4461,123.6832,168.0646,8.0960,6.3916,-254.287,-3.540,0.460,-77.822,0.1138,0.0703,0.8950,
8.630,ENC,212.6080,123.8059,168.2070,8.0960,6.1359,-254.399,-3.540,0.460,-77.822,0.1138,0.0703,0.8950,
8.639,IMU,212.6080,123.8059,168.2070,8.0960,6.1359,-254.399,-3.625,0.399,-77.862,0.1152,-0.0430,1.1313,
8.649,ENC,212.7648,123.9218,168.3433,7.8403,5.7950,-254.517,-3.625,0.399,-77.862,0.1152,-0.0430,1.1313,
8.659,IMU,212.7648,123.9218,168.3433,7.8403,5.7950,-254.517,-3.628,0.363,-77.931,0.1006,-0.0195,1.1079,
8.670,ENC,212.9302,124.0343,168.4822,8.2665,5.6246,-254.668,-3.628,0.363,-77.931,0.1006,-0.0195,1.1079,
8.679,IMU,212.9302,124.0343,168.4822,8.2665,5.6246,-254.668,-3.501,0.474,-77.981,-0.0190,0.1260,1.1294,
8.691,ENC,213.0904,124.1468,168.6186,8.0108,5.6246,-254.805,-3.501,0.474,-77.981,-0.0190,0.1260,1.1294,
8.700,IMU,213.0904,124.1468,168.6186,8.0108,5.6246,-254.805,-3.461,0.294,-78.056,-0.0112,-0.1279,1.1079,
8.710,ENC,213.2557,124.2627,168.7592,8.2665,5.7950,-254.946,-3.461,0.294,-78.056,-0.0112,-0.1279,1.1079,
8.721,IMU,213.2557,124.2627,168.7592,8.2665,5.7950,-254.946,-3.547,0.284,-78.135,0.1382,0.0513,1.0181,
8.730,ENC,213.4210,124.3632,168.8921,8.2665,5.0280,-255.132,-3.547,0.284,-78.135,0.1382,0.0513,1.0181,
8.739,IMU,213.4210,124.3632,168.8921,8.2665,5.0280,-255.132,-3.695,0.380,-78.239,0.1421,0.0625,0.9824,
8.749,ENC,213.5761,124.4672,169.0217,7.7551,5.1985,-255.278,-3.695,0.380,-78.239,0.1421,0.0625,0.9824,
8.768,IMU,213.5761,124.4672,169.0217,7.7551,5.1985,-255.278,-3.543,0.518,-78.334,0.0049,0.0874,1.0288,
8.782,IMU,213.5761,124.4672,169.0217,7.7551,5.1985,-255.278,-3.495,0.603,-78.428,0.0220,0.0601,0.9390,
8.790,ENC,213.8778,124.6717,169.2748,7.5421,5.1133,-255.557,-3.495,0.603,-78.428,0.0220,0.0601,0.9390,
8.800,IMU,213.8778,124.6717,169.2748,7.5421,5.1133,-255.557,-3.302,0.610,-78.484,-0.0376,0.0352,0.9761,
8.824,IMU,213.8778,124.6717,169.2748,7.5421,5.1133,-255.557,-3.331,0.596,-78.561,0.0728,-0.0117,1.0093,
8.833,ENC,214.1608,124.8797,169.5202,7.0734,5.1985,-255.771,-3.331,0.596,-78.561,0.0728,-0.0117,1.0093,
8.840,IMU,214.1608,124.8797,169.5202,7.0734,5.1985,-255.771,-3.316,0.512,-78.637,0.0308,-0.0723,0.9854,
8.850,ENC,214.2920,124.9853,169.6387,6.5620,5.2837,-255.845,-3.316,0.512,-78.637,0.0308,-0.0723,0.9854,
8.859,IMU,214.2920,124.9853,169.6387,6.5620,5.2837,-255.845,-3.383,0.501,-78.736,0.0918,0.0171,1.0342,
8.869,ENC,214.4267,125.0961,169.7614,6.7325,5.5394,-255.913,-3.383,0.501,-78.736,0.0918,0.0171,1.0342,
8.879,IMU,214.4267,125.0961,169.7614,6.7325,5.5394,-255.913,-3.381,0.550,-78.802,0.1113,0.0361,0.8916,
8.900,IMU,214.4267,125.0961,169.7614,6.7325,5.5394,-255.913,-3.290,0.521,-78.910,-0.0049,-0.0234,1.1450,
8.919,IMU,214.4267,125.0961,169.7614,6.7325,5.5394,-255.913,-3.319,0.369,-78.971,0.0322,-0.1250,1.0723,
8.929,ENC,214.8715,125.3927,170.1321,7.4142,4.9428,-256.338,-3.319,0.369,-78.971,0.0322,-0.1250,1.0723,
8.939,IMU,214.8715,125.3927,170.1321,7.4142,4.9428,-256.338,-3.411,0.191,-79.039,0.1274,-0.1211,0.9927,
8.950,ENC,215.0334,125.4916,170.2625,8.0960,4.9428,-256.519,-3.411,0.191,-79.039,0.1274,-0.1211,0.9927,
8.959,IMU,215.0334,125.4916,170.2625,8.0960,4.9428,-256.519,-3.368,0.164,-79.117,0.0229,-0.0034,0.9736,
8.972,ENC,215.2005,125.5768,170.3886,8.3517,4.2611,-256.753,-3.368,0.164,-79.117,0.0229,-0.0034,0.9736,
8.980,IMU,215.2005,125.5768,170.3886,8.3517,4.2611,-256.753,-3.260,0.153,-79.260,0.0083,-0.0356,0.9663,
8.990,ENC,215.3658,125.6569,170.5113,8.2665,4.0054,-256.997,-3.260,0.153,-79.260,0.0083,-0.0356,0.9663,
9.003,IMU,215.3658,125.6569,170.5113,8.2665,4.0054,-256.997,-3.192,0.252,-79.415,0.0034,0.1284,0.9937,
9.011,ENC,215.5311,125.7438,170.6375,8.2665,4.3463,-257.222,-3.192,0.252,-79.415,0.0034,0.1284,0.9937,
9.022,IMU,215.5311,125.7438,170.6375,8.2665,4.3463,-257.222,-3.326,0.273,-79.549,0.1226,0.0386,0.9131,
9.030,ENC,215.6964,125.8273,170.7619,8.2665,4.1758,-257.456,-3.326,0.273,-79.549,0.1226,0.0386,0.9131,
9.039,IMU,215.6964,125.8273,170.7619,8.2665,4.1758,-257.456,-3.326,0.212,-79.667,0.0044,-0.0356,1.0356,
9.054,ENC,215.8771,125.9074,170.8923,9.0334,4.0054,-257.744,-3.326,0.212,-79.667,0.0044,-0.0356,1.0356,
9.061,IMU,215.8771,125.9074,170.8923,9.0334,4.0054,-257.744,-3.417,0.075,-79.824,0.1748,-0.1108,1.0337,
9.070,ENC,216.0476,125.9910,171.0193,8.5221,4.1758,-257.993,-3.417,0.075,-79.824,0.1748,-0.1108,1.0337,
9.080,IMU,216.0476,125.9910,171.0193,8.5221,4.1758,-257.993,-3.373,0.053,-79.929,-0.0317,-0.0381,1.0376,
9.090,ENC,216.2248,126.0779,171.1513,8.8630,4.3463,-258.252,-3.373,0.053,-79.929,-0.0317,-0.0381,1.0376,
9.102,IMU,216.2248,126.0779,171.1513,8.8630,4.3463,-258.252,-3.419,0.237,-80.067,0.1304,0.1309,0.9741,
9.111,ENC,216.4021,126.1580,171.2800,8.8630,4.0054,-258.530,-3.419,0.237,-80.067,0.1304,0.1309,0.9741,
9.120,IMU,216.4021,126.1580,171.2800,8.8630,4.0054,-258.530,-3.369,0.236,-80.189,-0.0312,0.0449,1.0625,
9.137,ENC,216.5827,126.2330,171.4079,9.0334,3.7497,-258.833,-3.369,0.236,-80.189,-0.0312,0.0449,1.0625,
9.141,IMU,216.5827,126.2330,171.4079,9.0334,3.7497,-258.833,-3.285,0.203,-80.361,0.0103,-0.0107,1.0029,
9.150,ENC,216.7600,126.3165,171.5383,8.8630,4.1758,-259.102,-3.285,0.203,-80.361,0.0103,-0.0107,1.0029,
9.159,IMU,216.7600,126.3165,171.5383,8.8630,4.1758,-259.102,-3.345,0.122,-80.534,0.1377,-0.0669,0.9932,
9.170,ENC,216.9339,126.3966,171.6652,8.6926,4.0054,-259.370,-3.345,0.122,-80.534,0.1377,-0.0669,0.9932,
9.180,IMU,216.9339,126.3966,171.6652,8.6926,4.0054,-259.370,-3.153,0.039,-80.694,-0.0923,-0.0493,0.9878,
9.191,ENC,217.1009,126.4733,171.7871,8.3517,3.8350,-259.629,-3.153,0.039,-80.694,-0.0923,-0.0493,0.9878,
9.199,IMU,217.1009,126.4733,171.7871,8.3517,3.8350,-259.629,-3.191,0.043,-80.800,0.0752,-0.0264,0.9878,
9.212,ENC,217.2713,126.5500,171.9107,8.5221,3.8350,-259.897,-3.191,0.043,-80.800,0.0752,-0.0264,0.9878,
9.220,IMU,217.2713,126.5500,171.9107,8.5221,3.8350,-259.897,-3.073,0.185,-80.870,0.0024,0.1411,0.9316,
9.230,ENC,217.4230,126.6284,172.0257,7.5847,3.9202,-260.107,-3.073,0.185,-80.870,0.0024,0.1411,0.9316,
9.251,ENC,217.5747,126.7051,172.1399,7.5847,3.8350,-260.322,-3.073,0.185,-80.870,0.0024,0.1411,0.9316,
9.262,IMU,217.5747,126.7051,172.1399,7.5847,3.8350,-260.322,-3.072,0.341,-81.139,0.1724,0.0903,0.8755,
9.270,ENC,217.7247,126.7852,172.2550,7.4995,4.0054,-260.522,-3.072,0.341,-81.139,0.1724,0.0903,0.8755,
9.280,IMU,217.7247,126.7852,172.2550,7.4995,4.0054,-260.522,-2.938,0.336,-81.245,-0.0454,-0.0034,1.0371,
9.291,ENC,217.8747,126.8636,172.3692,7.4995,3.9202,-260.728,-2.938,0.336,-81.245,-0.0454,-0.0034,1.0371,
9.299,IMU,217.8747,126.8636,172.3692,7.4995,3.9202,-260.728,-2.890,0.209,-81.386,-0.0571,-0.1099,1.0928,
9.314,ENC,218.0213,126.9420,172.4817,7.3290,3.9202,-260.923,-2.890,0.209,-81.386,-0.0571,-0.1099,1.0928,
9.323,IMU,218.0213,126.9420,172.4817,7.3290,3.9202,-260.923,-2.965,0.182,-81.514,0.1157,-0.0542,0.9316,
9.340,IMU,218.0213,126.9420,172.4817,7.3290,3.9202,-260.923,-2.974,0.235,-81.672,0.1436,0.0728,0.8481,
9.352,ENC,218.3298,127.1005,172.7152,7.7125,3.9628,-261.353,-2.974,0.235,-81.672,0.1436,0.0728,0.8481,
9.360,IMU,218.3298,127.1005,172.7152,7.7125,3.9628,-261.353,-2.893,0.192,-81.823,-0.0254,-0.0098,0.9961,
9.370,ENC,218.4866,127.1738,172.8302,7.8403,3.6645,-261.592,-2.893,0.192,-81.823,-0.0254,-0.0098,0.9961,
9.379,IMU,218.4866,127.1738,172.8302,7.8403,3.6645,-261.592,-2.820,0.068,-81.940,-0.0610,-0.0801,1.1313,
9.390,ENC,218.6468,127.2556,172.9512,8.0108,4.0906,-261.816,-2.820,0.068,-81.940,-0.0610,-0.0801,1.1313,
9.399,IMU,218.6468,127.2556,172.9512,8.0108,4.0906,-261.816,-3.021,0.047,-82.101,0.2139,0.0073,0.8979,
9.410,ENC,218.8036,127.3409,173.0722,7.8403,4.2611,-262.021,-3.021,0.047,-82.101,0.2139,0.0073,0.8979,
9.420,IMU,218.8036,127.3409,173.0722,7.8403,4.2611,-262.021,-3.149,0.038,-82.264,0.1270,-0.0122,0.8608,
9.430,ENC,218.9638,127.4090,173.1864,8.0108,3.4088,-262.285,-3.149,0.038,-82.264,0.1270,-0.0122,0.8608,
9.440,IMU,218.9638,127.4090,173.1864,8.0108,3.4088,-262.285,-3.150,0.012,-82.416,0.0337,0.0288,1.0210,
9.450,ENC,219.1240,127.4874,173.3057,8.0108,3.9202,-262.520,-3.150,0.012,-82.416,0.0337,0.0288,1.0210,
9.460,IMU,219.1240,127.4874,173.3057,8.0108,3.9202,-262.520,-3.080,-0.061,-82.531,-0.0059,-0.0229,0.9985,
9.472,ENC,219.2791,127.5778,173.4285,7.7551,4.5167,-262.705,-3.080,-0.061,-82.531,-0.0059,-0.0229,0.9985,
9.479,IMU,219.2791,127.5778,173.4285,7.7551,4.5167,-262.705,-3.111,-0.146,-82.611,0.0488,-0.0532,0.9585,
9.491,ENC,219.4342,127.6698,173.5520,7.7551,4.6019,-262.886,-3.111,-0.146,-82.611,0.0488,-0.0532,0.9585,
9.499,IMU,219.4342,127.6698,173.5520,7.7551,4.6019,-262.886,-3.031,-0.205,-82.746,-0.0015,-0.0376,0.9819,
9.510,ENC,219.5893,127.7619,173.6756,7.7551,4.6019,-263.066,-3.031,-0.205,-82.746,-0.0015,-0.0376,0.9819,
9.520,IMU,219.5893,127.7619,173.6756,7.7551,4.6019,-263.066,-2.958,-0.226,-82.871,-0.0225,-0.0303,0.9634,
9.529,ENC,219.7410,127.8624,173.8017,7.5847,5.0280,-263.213,-2.958,-0.226,-82.871,-0.0225,-0.0303,0.9634,
9.550,ENC,219.8979,127.9596,173.9287,7.8403,4.8576,-263.384,-2.958,-0.226,-82.871,-0.0225,-0.0303,0.9634,
9.564,IMU,219.8979,127.9596,173.9287,7.8403,4.8576,-263.384,-2.835,-0.264,-83.006,0.0000,-0.0493,0.9116,
9.570,ENC,220.0547,128.0567,174.0557,7.8403,4.8576,-263.555,-2.835,-0.264,-83.006,0.0000,-0.0493,0.9116,
9.579,IMU,220.0547,128.0567,174.0557,7.8403,4.8576,-263.555,-2.794,-0.204,-83.078,0.0410,0.0576,0.8613,
9.589,ENC,220.2098,128.1539,174.1818,7.7551,4.8576,-263.721,-2.794,-0.204,-83.078,0.0410,0.0576,0.8613,
9.603,IMU,220.2098,128.1539,174.1818,7.7551,4.8576,-263.721,-2.743,-0.285,-83.123,-0.0376,-0.0635,1.0386,
9.613,ENC,220.3632,128.2578,174.3105,7.6699,5.1985,-263.862,-2.743,-0.285,-83.123,-0.0376,-0.0635,1.0386,
9.619,IMU,220.3632,128.2578,174.3105,7.6699,5.1985,-263.862,-2.811,-0.233,-83.176,0.0957,0.0371,1.0376,
9.651,ENC,220.6563,128.4760,174.5662,7.3290,5.4542,-264.077,-2.811,-0.233,-83.176,0.0957,0.0371,1.0376,
9.664,IMU,220.6563,128.4760,174.5662,7.3290,5.4542,-264.077,-2.634,-0.242,-83.183,-0.0884,-0.0317,1.0718,
9.670,ENC,220.7876,128.5987,174.6931,6.5620,6.1359,-264.102,-2.634,-0.242,-83.183,-0.0884,-0.0317,1.0718,
9.679,IMU,220.7876,128.5987,174.6931,6.5620,6.1359,-264.102,-2.551,-0.220,-83.184,-0.0610,0.0601,0.9756,
9.690,ENC,220.9205,128.7266,174.8235,6.6473,6.3916,-264.116,-2.551,-0.220,-83.184,-0.0610,0.0601,0.9756,
9.705,IMU,220.9205,128.7266,174.8235,6.6473,6.3916,-264.116,-2.562,-0.187,-83.288,0.0767,0.0356,0.9736,
9.710,ENC,221.0586,128.8629,174.9607,6.9029,6.8177,-264.121,-2.562,-0.187,-83.288,0.0767,0.0356,0.9736,
9.739,IMU,221.0586,128.8629,174.9607,6.9029,6.8177,-264.121,-2.564,-0.344,-83.273,0.0396,-0.1304,0.9863,
9.750,ENC,221.3006,129.1169,175.2087,6.0507,6.3490,-264.087,-2.564,-0.344,-83.273,0.0396,-0.1304,0.9863,
9.769,ENC,221.4199,129.2566,175.3383,5.9655,6.9881,-264.028,-2.564,-0.344,-83.273,0.0396,-0.1304,0.9863,
9.779,IMU,221.4199,129.2566,175.3383,5.9655,6.9881,-264.028,-2.693,-0.352,-83.248,0.1562,0.0249,0.8594,
9.791,ENC,221.5494,129.3828,175.4661,6.4768,6.3064,-264.038,-2.693,-0.352,-83.248,0.1562,0.0249,0.8594,
9.800,IMU,221.5494,129.3828,175.4661,6.4768,6.3064,-264.038,-2.654,-0.185,-83.253,0.0669,0.1123,0.9473,
9.820,IMU,221.5494,129.3828,175.4661,6.4768,6.3064,-264.038,-2.688,-0.228,-83.214,0.0723,-0.0078,1.0210,
9.829,ENC,221.7966,129.6674,175.7320,6.1785,7.1160,-263.931,-2.688,-0.228,-83.214,0.0723,-0.0078,1.0210,
9.842,IMU,221.7966,129.6674,175.7320,6.1785,7.1160,-263.931,-2.787,-0.104,-83.165,0.0737,0.0942,1.0020,
9.850,ENC,221.9210,129.8225,175.8717,6.2211,7.7551,-263.843,-2.787,-0.104,-83.165,0.0737,0.0942,1.0020,
9.860,IMU,221.9210,129.8225,175.8717,6.2211,7.7551,-263.843,-2.784,-0.107,-83.131,0.0435,-0.0283,1.0063,
9.871,ENC,222.0505,129.9742,176.0124,6.4768,7.5847,-263.779,-2.784,-0.107,-83.131,0.0435,-0.0283,1.0063,
9.879,IMU,222.0505,129.9742,176.0124,6.4768,7.5847,-263.779,-2.755,-0.167,-83.040,0.0454,-0.0469,0.9609,
9.890,ENC,222.1835,130.1293,176.1564,6.6473,7.7551,-263.716,-2.755,-0.167,-83.040,0.0454,-0.0469,0.9609,
9.900,IMU,222.1835,130.1293,176.1564,6.6473,7.7551,-263.716,-2.897,-0.291,-82.983,0.1465,-0.1260,0.9365,
9.911,ENC,222.3147,130.2793,176.2970,6.5620,7.4995,-263.662,-2.897,-0.291,-82.983,0.1465,-0.1260,0.9365,
9.922,IMU,222.3147,130.2793,176.2970,6.5620,7.4995,-263.662,-2.967,-0.248,-82.976,0.0615,0.0293,0.9419,
9.929,ENC,222.4460,130.4225,176.4342,6.5620,7.1586,-263.628,-2.967,-0.248,-82.976,0.0615,0.0293,0.9419,
9.950,ENC,222.5874,130.5724,176.5799,7.0734,7.4995,-263.604,-2.967,-0.248,-82.976,0.0615,0.0293,0.9419,
9.959,IMU,222.5874,130.5724,176.5799,7.0734,7.4995,-263.604,-3.031,-0.150,-82.966,0.1162,0.0566,1.0107,
9.976,ENC,222.7306,130.7156,176.7231,7.1586,7.1586,-263.604,-3.031,-0.150,-82.966,0.1162,0.0566,1.0107,
9.980,IMU,222.7306,130.7156,176.7231,7.1586,7.1586,-263.604,-3.141,-0.079,-82.898,0.1465,0.0469,0.9263,
9.989,ENC,222.8704,130.8639,176.8671,6.9881,7.4142,-263.579,-3.141,-0.079,-82.898,0.1465,0.0469,0.9263,
9.999,IMU,222.8704,130.8639,176.8671,6.9881,7.4142,-263.579,-3.252,-0.165,-82.820,0.1284,-0.0557,0.9810,
10.010,ENC,223.0221,131.0105,177.0163,7.5847,7.3290,-263.594,-3.252,-0.165,-82.820,0.1284,-0.0557,0.9810,
10.020,IMU,223.0221,131.0105,177.0163,7.5847,7.3290,-263.594,-3.310,-0.176,-82.745,0.1157,-0.0117,1.0278,
10.030,ENC,223.1703,131.1537,177.1620,7.4142,7.1586,-263.608,-3.310,-0.176,-82.745,0.1157,-0.0117,1.0278,
10.040,IMU,223.1703,131.1537,177.1620,7.4142,7.1586,-263.608,-3.369,-0.271,-82.723,0.0918,-0.0918,1.0024,
10.049,ENC,223.3118,131.2866,177.2992,7.0734,6.6473,-263.633,-3.369,-0.271,-82.723,0.0918,-0.0918,1.0024,
10.071,ENC,223.4550,131.4110,177.4330,7.1586,6.2211,-263.687,-3.369,-0.271,-82.723,0.0918,-0.0918,1.0024,
10.079,IMU,223.4550,131.4110,177.4330,7.1586,6.2211,-263.687,-3.406,-0.268,-82.665,0.0376,0.0088,0.9478,
10.092,ENC,223.5947,131.5457,177.5702,6.9881,6.7325,-263.701,-3.406,-0.268,-82.665,0.0376,0.0088,0.9478,
10.099,IMU,223.5947,131.5457,177.5702,6.9881,6.7325,-263.701,-3.364,-0.283,-82.626,0.0176,-0.0181,0.9570,
10.110,ENC,223.7294,131.6735,177.7014,6.7325,6.3916,-263.721,-3.364,-0.283,-82.626,0.0176,-0.0181,0.9570,
10.120,IMU,223.7294,131.6735,177.7014,6.7325,6.3916,-263.721,-3.420,-0.267,-82.602,0.0708,0.0083,1.0200,
10.133,ENC,223.8640,131.8064,177.8352,6.7325,6.6473,-263.726,-3.420,-0.267,-82.602,0.0708,0.0083,1.0200,
10.139,IMU,223.8640,131.8064,177.8352,6.7325,6.6473,-263.726,-3.431,-0.249,-82.583,0.0938,0.0283,1.0073,
10.150,ENC,223.9885,131.9360,177.9622,6.2211,6.4768,-263.711,-3.431,-0.249,-82.583,0.0938,0.0283,1.0073,
10.159,IMU,223.9885,131.9360,177.9622,6.2211,6.4768,-263.711,-3.433,-0.164,-82.582,0.0391,0.0425,0.9985,
10.171,ENC,224.0993,132.0706,178.0849,5.5394,6.7325,-263.643,-3.433,-0.164,-82.582,0.0391,0.0425,0.9985,
10.179,IMU,224.0993,132.0706,178.0849,5.5394,6.7325,-263.643,-3.481,-0.183,-82.461,0.0601,-0.0063,1.0293,
10.190,ENC,224.2083,132.2172,178.2128,5.4542,7.3290,-263.535,-3.481,-0.183,-82.461,0.0601,-0.0063,1.0293,
10.199,IMU,224.2083,132.2172,178.2128,5.4542,7.3290,-263.535,-3.570,-0.166,-82.393,0.0933,0.0088,1.0620,
10.210,ENC,224.3106,132.3399,178.3253,5.1133,6.1359,-263.477,-3.570,-0.166,-82.393,0.0933,0.0088,1.0620,
10.220,IMU,224.3106,132.3399,178.3253,5.1133,6.1359,-263.477,-3.531,-0.177,-82.364,0.0596,-0.0078,0.9858,
10.230,ENC,224.4078,132.4541,178.4309,4.8576,5.7098,-263.428,-3.531,-0.177,-82.364,0.0596,-0.0078,0.9858,
10.244,IMU,224.4078,132.4541,178.4309,4.8576,5.7098,-263.428,-3.484,-0.160,-82.399,0.0425,0.0083,1.0142,
10.250,ENC,224.5168,132.5734,178.5451,5.4542,5.9655,-263.398,-3.484,-0.160,-82.399,0.0425,0.0083,1.0142,
10.260,IMU,224.5168,132.5734,178.5451,5.4542,5.9655,-263.398,-3.490,-0.102,-82.368,0.0654,0.0444,0.9692,
10.274,ENC,224.6174,132.6757,178.6466,5.0280,5.1133,-263.394,-3.490,-0.102,-82.368,0.0654,0.0444,0.9692,
10.280,IMU,224.6174,132.6757,178.6466,5.0280,5.1133,-263.394,-3.546,-0.071,-82.340,0.0771,0.0742,0.9375,
10.290,ENC,224.7163,132.7916,178.7539,4.9428,5.7950,-263.345,-3.546,-0.071,-82.340,0.0771,0.0742,0.9375,
10.300,IMU,224.7163,132.7916,178.7539,4.9428,5.7950,-263.345,-3.609,-0.062,-82.344,0.0723,0.0298,0.9839,
10.310,ENC,224.8100,132.8973,178.8536,4.6872,5.2837,-263.311,-3.609,-0.062,-82.344,0.0723,0.0298,0.9839,
10.320,IMU,224.8100,132.8973,178.8536,4.6872,5.2837,-263.311,-3.554,-0.042,-82.308,-0.0020,0.0205,1.0259,
10.330,ENC,224.8969,133.0081,178.9525,4.3463,5.5394,-263.242,-3.554,-0.042,-82.308,-0.0020,0.0205,1.0259,
10.341,IMU,224.8969,133.0081,178.9525,4.3463,5.5394,-263.242,-3.540,0.018,-82.268,0.0688,0.0317,0.9570,
10.350,ENC,224.9838,133.1257,179.0548,4.3463,5.8803,-263.154,-3.540,0.018,-82.268,0.0688,0.0317,0.9570,
10.360,IMU,224.9838,133.1257,179.0548,4.3463,5.8803,-263.154,-3.449,-0.055,-82.209,-0.0210,-0.0264,1.0264,
10.370,ENC,225.0708,133.2433,179.1570,4.3463,5.8803,-263.066,-3.449,-0.055,-82.209,-0.0210,-0.0264,1.0264,
10.379,IMU,225.0708,133.2433,179.1570,4.3463,5.8803,-263.066,-3.439,-0.067,-82.136,0.0845,0.0137,0.9512,
10.389,ENC,225.1543,133.3592,179.2567,4.1758,5.7950,-262.974,-3.439,-0.067,-82.136,0.0845,0.0137,0.9512,
10.400,IMU,225.1543,133.3592,179.2567,4.1758,5.7950,-262.974,-3.452,-0.145,-82.064,0.0615,-0.0225,0.9683,
10.410,ENC,225.2395,133.4768,179.3581,4.2611,5.8803,-262.881,-3.452,-0.145,-82.064,0.0615,-0.0225,0.9683,
10.419,IMU,225.2395,133.4768,179.3581,4.2611,5.8803,-262.881,-3.444,-0.147,-82.033,0.0811,0.0278,0.9990,
10.432,ENC,225.3264,133.5842,179.4553,4.3463,5.3689,-262.822,-3.444,-0.147,-82.033,0.0811,0.0278,0.9990,
10.440,IMU,225.3264,133.5842,179.4553,4.3463,5.3689,-262.822,-3.454,-0.188,-82.063,0.0859,-0.0317,1.0288,
10.451,ENC,225.4287,133.6830,179.5559,5.1133,4.9428,-262.832,-3.454,-0.188,-82.063,0.0859,-0.0317,1.0288,
10.461,IMU,225.4287,133.6830,179.5559,5.1133,4.9428,-262.832,-3.441,-0.193,-82.086,0.0361,0.0288,1.0146,
10.470,ENC,225.5242,133.7836,179.6539,4.7724,5.0280,-262.817,-3.441,-0.193,-82.086,0.0361,0.0288,1.0146,
10.479,IMU,225.5242,133.7836,179.6539,4.7724,5.0280,-262.817,-3.409,-0.235,-82.073,0.0312,-0.0190,0.9644,
10.489,ENC,225.6247,133.8841,179.7544,5.0280,5.0280,-262.817,-3.409,-0.235,-82.073,0.0312,-0.0190,0.9644,
10.499,IMU,225.6247,133.8841,179.7544,5.0280,5.0280,-262.817,-3.411,-0.399,-82.058,0.0327,-0.0981,0.9673,
10.510,ENC,225.7236,134.0017,179.8627,4.9428,5.8803,-262.764,-3.411,-0.399,-82.058,0.0327,-0.0981,0.9673,
10.520,IMU,225.7236,134.0017,179.8627,4.9428,5.8803,-262.764,-3.405,-0.432,-82.006,0.1030,-0.0186,0.9082,
10.531,ENC,225.8207,134.1211,179.9709,4.8576,5.9655,-262.700,-3.405,-0.432,-82.006,0.1030,-0.0186,0.9082,
10.539,IMU,225.8207,134.1211,179.9709,4.8576,5.9655,-262.700,-3.399,-0.468,-81.968,0.0620,-0.0381,1.0518,
10.550,ENC,225.9196,134.2370,180.0783,4.9428,5.7950,-262.651,-3.399,-0.468,-81.968,0.0620,-0.0381,1.0518,
10.559,IMU,225.9196,134.2370,180.0783,4.9428,5.7950,-262.651,-3.378,-0.431,-81.905,0.0420,0.0083,0.9766,
10.571,ENC,226.0116,134.3529,180.1822,4.6019,5.7950,-262.583,-3.378,-0.431,-81.905,0.0420,0.0083,0.9766,
10.583,IMU,226.0116,134.3529,180.1822,4.6019,5.7950,-262.583,-3.426,-0.364,-81.792,0.0732,0.0312,0.9775,
10.592,ENC,226.1002,134.4705,180.2854,4.4315,5.8803,-262.500,-3.426,-0.364,-81.792,0.0732,0.0312,0.9775,
10.610,ENC,226.2161,134.5795,180.3978,5.7950,5.4542,-262.520,-3.426,-0.364,-81.792,0.0732,0.0312,0.9775,
10.619,IMU,226.2161,134.5795,180.3978,5.7950,5.4542,-262.520,-3.515,-0.383,-81.768,0.0889,-0.0088,0.9980,
10.630,ENC,226.3389,134.6903,180.5146,6.1359,5.5394,-262.554,-3.515,-0.383,-81.768,0.0889,-0.0088,0.9980,
10.639,IMU,226.3389,134.6903,180.5146,6.1359,5.5394,-262.554,-3.464,-0.485,-81.791,0.0103,-0.0796,1.0166,
10.650,ENC,226.4531,134.7960,180.6245,5.7098,5.2837,-262.578,-3.464,-0.485,-81.791,0.0103,-0.0796,1.0166,
10.659,IMU,226.4531,134.7960,180.6245,5.7098,5.2837,-262.578,-3.499,-0.496,-81.802,0.1284,-0.0298,0.9590,
10.670,ENC,226.5673,134.9119,180.7396,5.7098,5.7950,-262.573,-3.499,-0.496,-81.802,0.1284,-0.0298,0.9590,
10.684,IMU,226.5673,134.9119,180.7396,5.7098,5.7950,-262.573,-3.498,-0.430,-81.758,0.0586,0.0225,0.9590,
10.692,ENC,226.6815,135.0329,180.8572,5.7098,6.0507,-262.554,-3.498,-0.430,-81.758,0.0586,0.0225,0.9590,
10.699,IMU,226.6815,135.0329,180.8572,5.7098,6.0507,-262.554,-3.518,-0.517,-81.732,0.0869,-0.1147,1.0347,
10.709,ENC,226.7939,135.1437,180.9688,5.6246,5.5394,-262.559,-3.518,-0.517,-81.732,0.0869,-0.1147,1.0347,
10.721,IMU,226.7939,135.1437,180.9688,5.6246,5.5394,-262.559,-3.514,-0.520,-81.759,0.0659,-0.0200,1.0171,
10.731,ENC,226.9098,135.2613,181.0856,5.7950,5.8803,-262.554,-3.514,-0.520,-81.759,0.0659,-0.0200,1.0171,
10.740,IMU,226.9098,135.2613,181.0856,5.7950,5.8803,-262.554,-3.465,-0.538,-81.734,0.0210,0.0210,0.9790,
10.750,ENC,227.0257,135.3755,181.2006,5.7950,5.7098,-262.559,-3.465,-0.538,-81.734,0.0210,0.0210,0.9790,
10.759,IMU,227.0257,135.3755,181.2006,5.7950,5.7098,-262.559,-3.443,-0.508,-81.776,0.0674,0.0347,0.9473,
10.773,ENC,227.1468,135.4965,181.3216,6.0507,6.0507,-262.559,-3.443,-0.508,-81.776,0.0674,0.0347,0.9473,
10.781,IMU,227.1468,135.4965,181.3216,6.0507,6.0507,-262.559,-3.435,-0.520,-81.737,0.0659,-0.0166,1.0059,
10.790,ENC,227.2729,135.6175,181.4452,6.3064,6.0507,-262.573,-3.435,-0.520,-81.737,0.0659,-0.0166,1.0059,
10.799,IMU,227.2729,135.6175,181.4452,6.3064,6.0507,-262.573,-3.524,-0.480,-81.791,0.1274,0.0371,0.9844,
10.810,ENC,227.3956,135.7249,181.5603,6.1359,5.3689,-262.617,-3.524,-0.480,-81.791,0.1274,0.0371,0.9844,
10.819,IMU,227.3956,135.7249,181.5603,6.1359,5.3689,-262.617,-3.575,-0.480,-81.811,0.1079,-0.0078,1.0229,
10.830,ENC,227.5234,135.8306,181.6770,6.3916,5.2837,-262.681,-3.575,-0.480,-81.811,0.1079,-0.0078,1.0229,
10.839,IMU,227.5234,135.8306,181.6770,6.3916,5.2837,-262.681,-3.612,-0.429,-81.859,0.0957,0.0435,1.0229,
10.851,ENC,227.6427,135.9312,181.7869,5.9655,5.0280,-262.734,-3.612,-0.429,-81.859,0.0957,0.0435,1.0229,
10.859,IMU,227.6427,135.9312,181.7869,5.9655,5.0280,-262.734,-3.638,-0.352,-81.885,0.0605,0.0503,0.9609,
10.869,ENC,227.7518,136.0283,181.8901,5.4542,4.8576,-262.769,-3.638,-0.352,-81.885,0.0605,0.0503,0.9609,
10.880,IMU,227.7518,136.0283,181.8901,5.4542,4.8576,-262.769,-3.634,-0.317,-81.911,0.0435,0.0444,1.0137,
10.890,ENC,227.8456,136.1306,181.9881,4.6872,5.1133,-262.744,-3.634,-0.317,-81.911,0.0435,0.0444,1.0137,
10.911,IMU,227.8456,136.1306,181.9881,4.6872,5.1133,-262.744,-3.605,-0.395,-81.870,0.0757,-0.0244,1.0015,
10.914,ENC,227.9495,136.2345,182.0920,5.1985,5.1985,-262.744,-3.605,-0.395,-81.870,0.0757,-0.0244,1.0015,
10.920,IMU,227.9495,136.2345,182.0920,5.1985,5.1985,-262.744,-3.612,-0.405,-81.874,0.0718,-0.0435,1.0625,
10.934,ENC,228.0484,136.3402,182.1943,4.9428,5.2837,-262.725,-3.612,-0.405,-81.874,0.0718,-0.0435,1.0625,
10.939,IMU,228.0484,136.3402,182.1943,4.9428,5.2837,-262.725,-3.567,-0.351,-81.889,0.0415,0.0034,0.9946,
10.951,ENC,228.1421,136.4510,182.2966,4.6872,5.5394,-262.676,-3.567,-0.351,-81.889,0.0415,0.0034,0.9946,
10.959,IMU,228.1421,136.4510,182.2966,4.6872,5.5394,-262.676,-3.592,-0.338,-81.857,0.0532,0.0171,1.0176,
10.969,ENC,228.2291,136.5652,182.3971,4.3463,5.7098,-262.598,-3.592,-0.338,-81.857,0.0532,0.0171,1.0176,
10.980,IMU,228.2291,136.5652,182.3971,4.3463,5.7098,-262.598,-3.628,-0.388,-81.881,0.1001,-0.0420,0.9492,
10.991,ENC,228.3262,136.6572,182.4917,4.8576,4.6019,-262.612,-3.628,-0.388,-81.881,0.1001,-0.0420,0.9492,
10.999,IMU,228.3262,136.6572,182.4917,4.8576,4.6019,-262.612,-3.650,-0.436,-81.908,0.1084,0.0142,1.0469,
11.012,ENC,228.4319,136.7510,182.5914,5.2837,4.6872,-262.646,-3.650,-0.436,-81.908,0.1084,0.0142,1.0469,
11.023,IMU,228.4319,136.7510,182.5914,5.2837,4.6872,-262.646,-3.571,-0.487,-81.948,0.0254,-0.0669,0.9282,
11.030,ENC,228.5393,136.8532,182.6963,5.3689,5.1133,-262.661,-3.571,-0.487,-81.948,0.0254,-0.0669,0.9282,
11.040,IMU,228.5393,136.8532,182.6963,5.3689,5.1133,-262.661,-3.635,-0.677,-81.956,0.1138,-0.1953,1.0752,
11.051,ENC,228.6535,136.9606,182.8070,5.7098,5.3689,-262.681,-3.635,-0.677,-81.956,0.1138,-0.1953,1.0752,
11.059,IMU,228.6535,136.9606,182.8070,5.7098,5.3689,-262.681,-3.622,-0.707,-82.109,0.0454,0.0244,1.0229,
11.072,ENC,228.7762,137.0629,182.9195,6.1359,5.1133,-262.739,-3.622,-0.707,-82.109,0.0454,0.0244,1.0229,
11.079,IMU,228.7762,137.0629,182.9195,6.1359,5.1133,-262.739,-3.699,-0.735,-82.210,0.1289,-0.0366,0.9570,
11.094,ENC,228.9091,137.1703,183.0397,6.6473,5.3689,-262.812,-3.699,-0.735,-82.210,0.1289,-0.0366,0.9570,
11.100,IMU,228.9091,137.1703,183.0397,6.6473,5.3689,-262.812,-3.774,-0.753,-82.267,0.1099,-0.0063,0.9644,
11.110,ENC,229.0455,137.2828,183.1641,6.8177,5.6246,-262.881,-3.774,-0.753,-82.267,0.1099,-0.0063,0.9644,
11.120,IMU,229.0455,137.2828,183.1641,6.8177,5.6246,-262.881,-3.708,-0.763,-82.323,0.0503,-0.0347,0.9658,
11.129,ENC,229.1818,137.3935,183.2877,6.8177,5.5394,-262.954,-3.708,-0.763,-82.323,0.0503,-0.0347,0.9658,
11.139,IMU,229.1818,137.3935,183.2877,6.8177,5.5394,-262.954,-3.673,-0.768,-82.402,0.0596,-0.0361,1.0405,
11.150,ENC,229.3199,137.5146,183.4172,6.9029,6.0507,-263.003,-3.673,-0.768,-82.402,0.0596,-0.0361,1.0405,
11.161,IMU,229.3199,137.5146,183.4172,6.9029,6.0507,-263.003,-3.806,-0.690,-82.474,0.1104,0.0537,0.9126,
11.170,ENC,229.4665,137.6271,183.5468,7.3290,5.6246,-263.101,-3.806,-0.690,-82.474,0.1104,0.0537,0.9126,
11.180,IMU,229.4665,137.6271,183.5468,7.3290,5.6246,-263.101,-3.804,-0.719,-82.624,0.0610,-0.0352,1.0366,
11.191,ENC,229.6250,137.7395,183.6823,7.9256,5.6246,-263.232,-3.804,-0.719,-82.624,0.0610,-0.0352,1.0366,
11.201,IMU,229.6250,137.7395,183.6823,7.9256,5.6246,-263.232,-3.803,-0.575,-82.698,0.0493,0.0757,0.9463,
11.213,ENC,229.8005,137.8503,183.8254,8.7778,5.5394,-263.418,-3.803,-0.575,-82.698,0.0493,0.0757,0.9463,
11.223,IMU,229.8005,137.8503,183.8254,8.7778,5.5394,-263.418,-3.898,-0.530,-82.790,0.0947,0.0337,0.9243,
11.230,ENC,229.9693,137.9662,183.9678,8.4369,5.7950,-263.569,-3.898,-0.530,-82.790,0.0947,0.0337,0.9243,
11.241,IMU,229.9693,137.9662,183.9678,8.4369,5.7950,-263.569,-3.867,-0.506,-82.812,0.0337,0.0576,1.0532,
11.251,ENC,230.1363,138.0838,184.1101,8.3517,5.8803,-263.711,-3.867,-0.506,-82.812,0.0337,0.0576,1.0532,
11.260,IMU,230.1363,138.0838,184.1101,8.3517,5.8803,-263.711,-3.867,-0.518,-82.828,0.0195,0.0024,1.1548,
11.271,ENC,230.2982,138.1997,184.2490,8.0960,5.7950,-263.843,-3.867,-0.518,-82.828,0.0195,0.0024,1.1548,
11.290,ENC,230.4619,138.3139,184.3879,8.1812,5.7098,-263.984,-3.867,-0.518,-82.828,0.0195,0.0024,1.1548,
11.300,IMU,230.4619,138.3139,184.3879,8.1812,5.7098,-263.984,-3.911,-0.565,-82.955,0.0947,-0.0200,0.9253,
11.310,ENC,230.6306,138.4128,184.5217,8.4369,4.9428,-264.185,-3.911,-0.565,-82.955,0.0947,-0.0200,0.9253,
11.329,ENC,230.8010,138.5151,184.6581,8.5221,5.1133,-264.380,-3.911,-0.565,-82.955,0.0947,-0.0200,0.9253,
11.340,IMU,230.8010,138.5151,184.6581,8.5221,5.1133,-264.380,-3.738,-0.647,-83.227,-0.0308,-0.0200,0.9741,
11.350,ENC,230.9749,138.6037,184.7893,8.6926,4.4315,-264.624,-3.738,-0.647,-83.227,-0.0308,-0.0200,0.9741,
11.359,IMU,230.9749,138.6037,184.7893,8.6926,4.4315,-264.624,-3.795,-0.464,-83.303,0.0991,0.1377,0.9146,
11.370,ENC,231.1419,138.6872,184.9146,8.3517,4.1758,-264.863,-3.795,-0.464,-83.303,0.0991,0.1377,0.9146,
11.379,IMU,231.1419,138.6872,184.9146,8.3517,4.1758,-264.863,-3.739,-0.388,-83.473,0.0225,0.0601,1.0459,
11.391,ENC,231.3090,138.7741,185.0415,8.3517,4.3463,-265.093,-3.739,-0.388,-83.473,0.0225,0.0601,1.0459,
11.402,IMU,231.3090,138.7741,185.0415,8.3517,4.3463,-265.093,-3.787,-0.320,-83.633,0.1240,0.0806,0.9385,
11.416,ENC,231.4743,138.8611,185.1677,8.2665,4.3463,-265.317,-3.787,-0.320,-83.633,0.1240,0.0806,0.9385,
11.420,IMU,231.4743,138.8611,185.1677,8.2665,4.3463,-265.317,-3.864,-0.428,-83.755,0.0474,-0.1289,1.0532,
11.429,ENC,231.6294,138.9412,185.2853,7.7551,4.0054,-265.532,-3.864,-0.428,-83.755,0.0474,-0.1289,1.0532,
11.439,IMU,231.6294,138.9412,185.2853,7.7551,4.0054,-265.532,-3.933,-0.396,-83.904,0.1411,0.0679,0.9238,
11.450,ENC,231.7862,139.0298,185.4080,7.8403,4.4315,-265.728,-3.933,-0.396,-83.904,0.1411,0.0679,0.9238,
11.459,IMU,231.7862,139.0298,185.4080,7.8403,4.4315,-265.728,-3.980,-0.518,-84.078,0.0713,-0.1494,1.0527,
11.472,ENC,231.9498,139.1167,185.5333,8.1812,4.3463,-265.947,-3.980,-0.518,-84.078,0.0713,-0.1494,1.0527,
11.481,IMU,231.9498,139.1167,185.5333,8.1812,4.3463,-265.947,-3.942,-0.503,-84.260,0.0161,-0.0161,0.9722,
11.490,ENC,232.1169,139.1781,185.6475,8.3517,3.0680,-266.250,-3.942,-0.503,-84.260,0.0161,-0.0161,0.9722,
11.499,IMU,232.1169,139.1781,185.6475,8.3517,3.0680,-266.250,-3.940,-0.561,-84.467,0.0811,-0.0308,0.9639,
11.519,IMU,232.1169,139.1781,185.6475,8.3517,3.0680,-266.250,-3.847,-0.617,-84.697,0.0303,-0.0386,1.0078,
11.540,IMU,232.1169,139.1781,185.6475,8.3517,3.0680,-266.250,-3.844,-0.577,-84.931,0.0767,0.0312,1.0215,
11.566,IMU,232.1169,139.1781,185.6475,8.3517,3.0680,-266.250,-3.773,-0.622,-85.096,-0.0137,-0.0317,1.0044,
11.579,IMU,232.1169,139.1781,185.6475,8.3517,3.0680,-266.250,-3.764,-0.670,-85.292,0.0503,-0.0635,0.9160,
11.590,ENC,233.0287,139.5036,186.2662,9.1187,3.2554,-267.930,-3.764,-0.670,-85.292,0.0503,-0.0635,0.9160,
11.599,IMU,233.0287,139.5036,186.2662,9.1187,3.2554,-267.930,-3.762,-0.618,-85.511,0.0596,0.0269,0.9883,
11.610,ENC,233.2196,139.5684,186.3940,9.5448,3.2384,-268.291,-3.762,-0.618,-85.511,0.0596,0.0269,0.9883,
11.619,IMU,233.2196,139.5684,186.3940,9.5448,3.2384,-268.291,-3.859,-0.739,-85.785,0.0942,-0.1094,1.0054,
11.630,ENC,233.4054,139.6229,186.5142,9.2891,2.7271,-268.667,-3.859,-0.739,-85.785,0.0942,-0.1094,1.0054,
11.642,IMU,233.4054,139.6229,186.5142,9.2891,2.7271,-268.667,-3.995,-0.650,-86.002,0.1333,0.0786,0.9517,
11.650,ENC,233.5963,139.6843,186.6403,9.5448,3.0680,-269.038,-3.995,-0.650,-86.002,0.1333,0.0786,0.9517,
11.663,IMU,233.5963,139.6843,186.6403,9.5448,3.0680,-269.038,-4.071,-0.488,-86.175,0.1226,0.1001,0.8940,
11.671,ENC,233.7753,139.7456,186.7605,8.9482,3.0680,-269.375,-4.071,-0.488,-86.175,0.1226,0.1001,0.8940,
11.680,IMU,233.7753,139.7456,186.7605,8.9482,3.0680,-269.375,-4.048,-0.614,-86.392,0.0991,-0.0581,0.9067,
11.699,IMU,233.7753,139.7456,186.7605,8.9482,3.0680,-269.375,-3.936,-0.645,-86.622,-0.0127,-0.0166,0.9819,
11.710,ENC,234.1758,139.8564,187.0161,10.0135,2.7697,-270.205,-3.936,-0.645,-86.622,-0.0127,-0.0166,0.9819,
11.720,IMU,234.1758,139.8564,187.0161,10.0135,2.7697,-270.205,-3.892,-0.676,-86.862,-0.0293,0.0156,1.0903,
11.732,ENC,234.3667,139.9042,187.1354,9.5448,2.3862,-270.615,-3.892,-0.676,-86.862,-0.0293,0.0156,1.0903,
11.740,IMU,234.3667,139.9042,187.1354,9.5448,2.3862,-270.615,-3.798,-0.737,-87.094,-0.0566,-0.0405,1.0469,
11.750,ENC,234.5491,139.9553,187.2522,9.1187,2.5566,-270.991,-3.798,-0.737,-87.094,-0.0566,-0.0405,1.0469,
11.760,IMU,234.5491,139.9553,187.2522,9.1187,2.5566,-270.991,-3.889,-0.702,-87.262,0.0420,0.0210,0.9355,
11.769,ENC,234.7229,140.0030,187.3630,8.6926,2.3862,-271.353,-3.889,-0.702,-87.262,0.0420,0.0210,0.9355,
11.779,IMU,234.7229,140.0030,187.3630,8.6926,2.3862,-271.353,-3.877,-0.690,-87.464,0.0264,0.0083,1.0479,
11.790,ENC,234.9070,140.0456,187.4763,9.2039,2.1305,-271.758,-3.877,-0.690,-87.464,0.0264,0.0083,1.0479,
11.799,IMU,234.9070,140.0456,187.4763,9.2039,2.1305,-271.758,-4.082,-0.706,-87.678,0.2109,-0.0181,0.8799,
11.810,ENC,235.0791,140.0814,187.5803,8.6073,1.7896,-272.148,-4.082,-0.706,-87.678,0.2109,-0.0181,0.8799,
11.821,IMU,235.0791,140.0814,187.5803,8.6073,1.7896,-272.148,-4.175,-0.672,-87.888,0.1230,0.0088,0.9858,
11.829,ENC,235.2342,140.1104,187.6723,7.7551,1.4488,-272.510,-4.175,-0.672,-87.888,0.1230,0.0088,0.9858,
11.841,IMU,235.2342,140.1104,187.6723,7.7551,1.4488,-272.510,-4.233,-0.660,-88.094,0.1226,0.0112,0.8926,
11.851,ENC,235.4030,140.1274,187.7652,8.4369,0.8522,-272.944,-4.233,-0.660,-88.094,0.1226,0.0112,0.8926,
11.859,IMU,235.4030,140.1274,187.7652,8.4369,0.8522,-272.944,-4.206,-0.612,-88.319,0.0288,0.0625,0.9941,
11.879,IMU,235.4030,140.1274,187.7652,8.4369,0.8522,-272.944,-4.184,-0.687,-88.543,0.0215,-0.0435,1.1226,
11.890,ENC,235.7541,140.1598,187.9570,8.7778,0.8096,-273.857,-4.184,-0.687,-88.543,0.0215,-0.0435,1.1226,
11.916,ENC,235.9399,140.1718,188.0558,9.2891,0.5965,-274.355,-4.184,-0.687,-88.543,0.0215,-0.0435,1.1226,
11.919,IMU,235.9399,140.1718,188.0558,9.2891,0.5965,-274.355,-4.125,-0.741,-89.082,0.0024,0.0049,0.9385,
11.930,ENC,236.1461,140.1820,188.1640,10.3118,0.5113,-274.917,-4.125,-0.741,-89.082,0.0024,0.0049,0.9385,
11.939,IMU,236.1461,140.1820,188.1640,10.3118,0.5113,-274.917,-4.106,-0.773,-89.386,0.0405,-0.0283,1.0112,
11.950,ENC,236.3302,140.1905,188.2603,9.2039,0.4261,-275.420,-4.106,-0.773,-89.386,0.0405,-0.0283,1.0112,
11.959,IMU,236.3302,140.1905,188.2603,9.2039,0.4261,-275.420,-4.050,-0.690,-89.678,0.0425,0.0991,1.0273,
11.970,ENC,236.5347,140.1990,188.3669,10.2265,0.4261,-275.981,-4.050,-0.690,-89.678,0.0425,0.0991,1.0273,
11.984,IMU,236.5347,140.1990,188.3669,10.2265,0.4261,-275.981,-4.075,-0.804,-89.982,0.0396,-0.0557,0.9941,
12.006,IMU,236.5347,140.1990,188.3669,10.2265,0.4261,-275.981,-4.058,-0.946,-90.262,0.0947,-0.1265,1.0400,
12.014,ENC,236.9387,140.2058,188.5723,10.0987,0.1704,-277.119,-4.058,-0.946,-90.262,0.0947,-0.1265,1.0400,
12.031,ENC,237.1432,140.2075,188.6754,10.2265,0.0852,-277.700,-4.058,-0.946,-90.262,0.0947,-0.1265,1.0400,
12.040,IMU,237.1432,140.2075,188.6754,10.2265,0.0852,-277.700,-4.006,-0.970,-90.842,0.0576,0.0000,1.0112,
12.049,ENC,237.3460,140.2075,188.7768,10.1413,0.0000,-278.281,-4.006,-0.970,-90.842,0.0576,0.0000,1.0112,
12.060,IMU,237.3460,140.2075,188.7768,10.1413,0.0000,-278.281,-4.143,-0.813,-91.122,0.1748,0.1113,1.0439,
12.074,ENC,237.5574,140.2093,188.8833,10.5674,0.0852,-278.882,-4.143,-0.813,-91.122,0.1748,0.1113,1.0439,
12.084,IMU,237.5574,140.2093,188.8833,10.5674,0.0852,-278.882,-4.103,-0.766,-91.381,0.0352,0.0303,0.9517,
12.090,ENC,237.7636,140.2110,188.9873,10.3118,0.0852,-279.468,-4.103,-0.766,-91.381,0.0352,0.0303,0.9517,
12.099,IMU,237.7636,140.2110,188.9873,10.3118,0.0852,-279.468,-4.193,-0.859,-91.662,0.0786,-0.1108,1.0439,
12.121,IMU,237.7636,140.2110,188.9873,10.3118,0.0852,-279.468,-4.265,-0.841,-91.937,0.1060,-0.0112,1.0278,
12.140,IMU,237.7636,140.2110,188.9873,10.3118,0.0852,-279.468,-4.181,-0.823,-92.165,0.0444,0.0103,0.9385,
12.151,ENC,238.3499,140.2127,189.2813,9.7720,0.0284,-281.143,-4.181,-0.823,-92.165,0.0444,0.0103,0.9385,
12.161,IMU,238.3499,140.2127,189.2813,9.7720,0.0284,-281.143,-4.050,-0.742,-92.436,-0.0742,0.0571,1.0854,
12.169,ENC,238.5204,140.2144,189.3674,8.5221,0.0852,-281.626,-4.050,-0.742,-92.436,-0.0742,0.0571,1.0854,
12.180,IMU,238.5204,140.2144,189.3674,8.5221,0.0852,-281.626,-3.982,-0.686,-92.659,0.0098,0.0332,0.9858,
12.196,ENC,238.6772,140.2144,189.4458,7.8403,0.0000,-282.075,-3.982,-0.686,-92.659,0.0098,0.0332,0.9858,
12.211,ENC,238.8187,140.2144,189.5165,7.0734,0.0000,-282.480,-3.982,-0.686,-92.659,0.0098,0.0332,0.9858,
12.222,IMU,238.8187,140.2144,189.5165,7.0734,0.0000,-282.480,-3.980,-0.579,-93.038,0.0698,0.0869,0.9321,
12.229,ENC,238.9328,140.2161,189.5745,5.7098,0.0852,-282.803,-3.980,-0.579,-93.038,0.0698,0.0869,0.9321,
12.241,IMU,238.9328,140.2161,189.5745,5.7098,0.0852,-282.803,-3.929,-0.541,-93.125,0.0103,0.0586,1.0371,
12.250,ENC,239.0368,140.2161,189.6264,5.1985,0.0000,-283.101,-3.929,-0.541,-93.125,0.0103,0.0586,1.0371,
12.259,IMU,239.0368,140.2161,189.6264,5.1985,0.0000,-283.101,-3.875,-0.539,-93.267,0.0298,0.0171,1.0400,
12.269,ENC,239.1340,140.2178,189.6759,4.8576,0.0852,-283.374,-3.875,-0.539,-93.267,0.0298,0.0171,1.0400,
12.280,IMU,239.1340,140.2178,189.6759,4.8576,0.0852,-283.374,-3.869,-0.431,-93.405,0.1172,0.0815,1.0396,
12.290,ENC,239.2226,140.2178,189.7202,4.4315,0.0000,-283.628,-3.869,-0.431,-93.405,0.1172,0.0815,1.0396,
12.299,IMU,239.2226,140.2178,189.7202,4.4315,0.0000,-283.628,-3.989,-0.299,-93.546,0.1426,0.0742,0.9536,
12.310,ENC,239.3129,140.2212,189.7671,4.5167,0.1704,-283.877,-3.989,-0.299,-93.546,0.1426,0.0742,0.9536,
12.319,IMU,239.3129,140.2212,189.7671,4.5167,0.1704,-283.877,-3.983,-0.168,-93.721,0.1074,0.1006,0.9414,
12.340,IMU,239.3129,140.2212,189.7671,4.5167,0.1704,-283.877,-3.937,-0.154,-93.909,0.0806,0.0396,1.0459,
12.350,ENC,239.4680,140.2212,189.8446,3.8776,0.0000,-284.321,-3.937,-0.154,-93.909,0.0806,0.0396,1.0459,
12.360,IMU,239.4680,140.2212,189.8446,3.8776,0.0000,-284.321,-4.016,-0.078,-94.082,0.1099,0.0571,1.0229,
12.370,ENC,239.5413,140.2041,189.8727,3.6645,-0.8522,-284.580,-4.016,-0.078,-94.082,0.1099,0.0571,1.0229,
12.380,IMU,239.5413,140.2041,189.8727,3.6645,-0.8522,-284.580,-4.009,-0.085,-94.312,0.0664,-0.0044,0.9761,
12.390,ENC,239.6146,140.1445,189.8796,3.6645,-2.9827,-284.961,-4.009,-0.085,-94.312,0.0664,-0.0044,0.9761,
12.400,IMU,239.6146,140.1445,189.8796,3.6645,-2.9827,-284.961,-3.971,-0.126,-94.478,0.0137,-0.0186,1.0083,
12.410,ENC,239.6743,140.0695,189.8719,2.9827,-3.7497,-285.347,-3.971,-0.126,-94.478,0.0137,-0.0186,1.0083,
12.419,IMU,239.6743,140.0695,189.8719,2.9827,-3.7497,-285.347,-3.948,-0.060,-94.722,0.0547,0.0474,1.0029,
12.433,ENC,239.7237,140.0047,189.8642,2.4714,-3.2384,-285.674,-3.948,-0.060,-94.722,0.0547,0.0474,1.0029,
12.440,IMU,239.7237,140.0047,189.8642,2.4714,-3.2384,-285.674,-3.920,-0.065,-94.893,0.0381,0.0259,0.9580,
12.452,ENC,239.7731,139.9297,189.8514,2.4714,-3.7497,-286.030,-3.920,-0.065,-94.893,0.0381,0.0259,0.9580,
12.460,IMU,239.7731,139.9297,189.8514,2.4714,-3.7497,-286.030,-3.966,-0.034,-95.087,0.0820,0.0483,0.9810,
12.469,ENC,239.8328,139.8479,189.8403,2.9827,-4.0906,-286.436,-3.966,-0.034,-95.087,0.0820,0.0483,0.9810,
12.482,IMU,239.8328,139.8479,189.8403,2.9827,-4.0906,-286.436,-3.938,-0.006,-95.278,0.0469,0.0342,0.9961,
12.490,ENC,239.8873,139.7780,189.8327,2.7271,-3.4941,-286.792,-3.938,-0.006,-95.278,0.0469,0.0342,0.9961,
12.512,ENC,239.9385,139.6979,189.8182,2.5566,-4.0054,-287.168,-3.938,-0.006,-95.278,0.0469,0.0342,0.9961,
12.520,IMU,239.9385,139.6979,189.8182,2.5566,-4.0054,-287.168,-3.806,-0.100,-95.658,0.0269,-0.0229,1.0088,
12.529,ENC,239.9879,139.6195,189.8037,2.4714,-3.9202,-287.534,-3.806,-0.100,-95.658,0.0269,-0.0229,1.0088,
12.540,IMU,239.9879,139.6195,189.8037,2.4714,-3.9202,-287.534,-3.808,-0.107,-95.857,0.0610,-0.0093,1.0244,
12.550,ENC,240.0407,139.5411,189.7909,2.6419,-3.9202,-287.910,-3.808,-0.107,-95.857,0.0610,-0.0093,1.0244,
12.559,IMU,240.0407,139.5411,189.7909,2.6419,-3.9202,-287.910,-3.808,-0.150,-96.096,0.0918,0.0098,0.9863,
12.569,ENC,240.1021,139.4525,189.7773,3.0680,-4.4315,-288.340,-3.808,-0.150,-96.096,0.0918,0.0098,0.9863,
12.579,IMU,240.1021,139.4525,189.7773,3.0680,-4.4315,-288.340,-3.794,-0.218,-96.315,0.0630,-0.0308,1.0034,
12.596,ENC,240.1617,139.3741,189.7679,2.9827,-3.9202,-288.735,-3.794,-0.218,-96.315,0.0630,-0.0308,1.0034,
12.600,IMU,240.1617,139.3741,189.7679,2.9827,-3.9202,-288.735,-3.764,-0.258,-96.533,0.0859,-0.0244,1.0073,
12.611,ENC,240.2214,139.3093,189.7654,2.9827,-3.2384,-289.092,-3.764,-0.258,-96.533,0.0859,-0.0244,1.0073,
12.620,IMU,240.2214,139.3093,189.7654,2.9827,-3.2384,-289.092,-3.820,-0.316,-96.797,0.0732,-0.0176,0.9990,
12.629,ENC,240.2776,139.2360,189.7568,2.8123,-3.6645,-289.463,-3.820,-0.316,-96.797,0.0732,-0.0176,0.9990,
12.639,IMU,240.2776,139.2360,189.7568,2.8123,-3.6645,-289.463,-3.867,-0.326,-97.013,0.1016,-0.0034,0.9355,
12.650,ENC,240.3305,139.1542,189.7423,2.6419,-4.0906,-289.849,-3.867,-0.326,-97.013,0.1016,-0.0034,0.9355,
12.659,IMU,240.3305,139.1542,189.7423,2.6419,-4.0906,-289.849,-3.807,-0.368,-97.148,-0.0117,-0.0195,1.0068,
12.681,IMU,240.3305,139.1542,189.7423,2.6419,-4.0906,-289.849,-3.747,-0.374,-97.296,0.0503,-0.0078,0.9902,
12.692,ENC,240.4123,139.0417,189.7270,2.0453,-2.8123,-290.405,-3.747,-0.374,-97.296,0.0503,-0.0078,0.9902,
12.699,IMU,240.4123,139.0417,189.7270,2.0453,-2.8123,-290.405,-3.762,-0.335,-97.365,0.0234,0.0122,1.0220,
12.719,IMU,240.4123,139.0417,189.7270,2.0453,-2.8123,-290.405,-3.796,-0.405,-97.468,0.1289,-0.0264,0.9385,
12.732,ENC,240.4634,138.9463,189.7048,1.2783,-2.3862,-290.825,-3.796,-0.405,-97.468,0.1289,-0.0264,0.9385,
12.745,IMU,240.4634,138.9463,189.7048,1.2783,-2.3862,-290.825,-3.752,-0.390,-97.580,0.0308,0.0059,1.0977,
12.759,IMU,240.4634,138.9463,189.7048,1.2783,-2.3862,-290.825,-3.740,-0.374,-97.606,0.0454,0.0029,0.9854,
12.770,ENC,240.5128,138.8593,189.6861,1.2357,-2.1731,-291.216,-3.740,-0.374,-97.606,0.0454,0.0029,0.9854,
12.779,IMU,240.5128,138.8593,189.6861,1.2357,-2.1731,-291.216,-3.794,-0.415,-97.698,0.1172,0.0269,1.0283,
12.790,ENC,240.5333,138.8133,189.6733,1.0227,-2.3010,-291.406,-3.794,-0.415,-97.698,0.1172,0.0269,1.0283,
12.799,IMU,240.5333,138.8133,189.6733,1.0227,-2.3010,-291.406,-3.651,-0.495,-97.822,0.0000,-0.0518,0.9775,
12.809,ENC,240.5623,138.7690,189.6656,1.4488,-2.2158,-291.616,-3.651,-0.495,-97.822,0.0000,-0.0518,0.9775,
12.820,IMU,240.5623,138.7690,189.6656,1.4488,-2.2158,-291.616,-3.562,-0.524,-97.867,-0.0020,-0.0239,1.0190,
12.840,IMU,240.5623,138.7690,189.6656,1.4488,-2.2158,-291.616,-3.587,-0.490,-97.871,0.0620,0.0063,0.9414,
12.849,ENC,240.5895,138.7094,189.6495,0.6818,-1.4914,-291.865,-3.587,-0.490,-97.871,0.0620,0.0063,0.9414,
12.860,IMU,240.5895,138.7094,189.6495,0.6818,-1.4914,-291.865,-3.708,-0.429,-97.956,0.1333,0.0420,0.9775,
12.871,ENC,240.6083,138.6753,189.6418,0.9374,-1.7044,-292.017,-3.708,-0.429,-97.956,0.1333,0.0420,0.9775,
12.879,IMU,240.6083,138.6753,189.6418,0.9374,-1.7044,-292.017,-3.617,-0.446,-97.971,-0.0068,-0.0161,1.0342,
12.900,IMU,240.6083,138.6753,189.6418,0.9374,-1.7044,-292.017,-3.581,-0.400,-97.955,0.0684,0.0073,1.0269,
12.911,ENC,240.6168,138.6207,189.6188,0.2131,-1.3635,-292.197,-3.581,-0.400,-97.955,0.0684,0.0073,1.0269,
12.920,IMU,240.6168,138.6207,189.6188,0.2131,-1.3635,-292.197,-3.577,-0.424,-98.004,0.0845,-0.0254,0.9253,
12.930,ENC,240.6168,138.5969,189.6068,0.0000,-1.1931,-292.266,-3.577,-0.424,-98.004,0.0845,-0.0254,0.9253,
12.939,IMU,240.6168,138.5969,189.6068,0.0000,-1.1931,-292.266,-3.536,-0.463,-98.072,0.0488,0.0005,0.9995,
12.950,ENC,240.6185,138.5696,189.5941,0.0852,-1.3635,-292.349,-3.536,-0.463,-98.072,0.0488,0.0005,0.9995,
12.960,IMU,240.6185,138.5696,189.5941,0.0852,-1.3635,-292.349,-3.429,-0.556,-98.055,0.0054,-0.0459,0.9897,
12.969,ENC,240.6168,138.5423,189.5796,-0.0852,-1.3635,-292.422,-3.429,-0.556,-98.055,0.0054,-0.0459,0.9897,
12.979,IMU,240.6168,138.5423,189.5796,-0.0852,-1.3635,-292.422,-3.451,-0.653,-98.092,0.0571,-0.0547,1.0107,
12.992,ENC,240.6168,138.5338,189.5753,0.0000,-0.4261,-292.446,-3.451,-0.653,-98.092,0.0571,-0.0547,1.0107,
13.030,ENC,240.6185,138.5355,189.5770,0.0426,0.0426,-292.446,-3.451,-0.653,-98.092,0.0571,-0.0547,1.0107,
13.039,IMU,240.6185,138.5355,189.5770,0.0426,0.0426,-292.446,-3.433,-0.665,-98.204,0.0889,0.0103,0.9824,
13.050,ENC,240.6185,138.5372,189.5779,0.0000,0.0852,-292.441,-3.433,-0.665,-98.204,0.0889,0.0103,0.9824,
13.059,IMU,240.6185,138.5372,189.5779,0.0000,0.0852,-292.441,-3.408,-0.694,-98.208,0.0410,-0.0156,0.9956,
13.071,ENC,240.6185,138.5355,189.5770,0.0000,-0.0852,-292.446,-3.408,-0.694,-98.208,0.0410,-0.0156,0.9956,
13.092,ENC,240.6168,138.5355,189.5762,-0.0852,0.0000,-292.441,-3.408,-0.694,-98.208,0.0410,-0.0156,0.9956,
13.099,IMU,240.6168,138.5355,189.5762,-0.0852,0.0000,-292.441,-3.432,-0.747,-98.135,0.0674,-0.0269,0.9922,
13.111,ENC,240.6185,138.5355,189.5770,0.0852,0.0000,-292.446,-3.432,-0.747,-98.135,0.0674,-0.0269,0.9922,
13.119,IMU,240.6185,138.5355,189.5770,0.0852,0.0000,-292.446,-3.481,-0.750,-98.119,0.0786,-0.0156,0.9917,
13.131,ENC,240.6185,138.5355,189.5770,0.0000,0.0000,-292.446,-3.481,-0.750,-98.119,0.0786,-0.0156,0.9917,
13.143,IMU,240.6185,138.5355,189.5770,0.0000,0.0000,-292.446,-3.474,-0.762,-98.169,0.0679,0.0034,0.9897,
13.153,ENC,240.6185,138.5355,189.5770,0.0000,0.0000,-292.446,-3.474,-0.762,-98.169,0.0679,0.0034,0.9897,
13.170,ENC,240.6185,138.5355,189.5770,0.0000,0.0000,-292.446,-3.474,-0.762,-98.169,0.0679,0.0034,0.9897,
13.180,IMU,240.6185,138.5355,189.5770,0.0000,0.0000,-292.446,-3.532,-0.786,-98.109,0.0610,-0.0146,0.9956,
13.190,ENC,240.6168,138.5355,189.5762,-0.0852,0.0000,-292.441,-3.532,-0.786,-98.109,0.0610,-0.0146,0.9956,
13.199,IMU,240.6168,138.5355,189.5762,-0.0852,0.0000,-292.441,-3.551,-0.816,-98.124,0.0728,-0.0229,0.9863,
13.210,ENC,240.6168,138.5355,189.5762,0.0000,0.0000,-292.441,-3.551,-0.816,-98.124,0.0728,-0.0229,0.9863,
13.219,IMU,240.6168,138.5355,189.5762,0.0000,0.0000,-292.441,-3.585,-0.799,-98.108,0.0576,-0.0142,1.0049,
13.230,ENC,240.6168,138.5355,189.5762,0.0000,0.0000,-292.441,-3.585,-0.799,-98.108,0.0576,-0.0142,1.0049,
13.259,IMU,240.6168,138.5355,189.5762,0.0000,0.0000,-292.441,-3.566,-0.713,-98.130,0.0713,-0.0059,0.9893,
13.270,ENC,240.6168,138.5355,189.5762,0.0000,0.0000,-292.441,-3.566,-0.713,-98.130,0.0713,-0.0059,0.9893,
13.281,IMU,240.6168,138.5355,189.5762,0.0000,0.0000,-292.441,-3.621,-0.725,-98.104,0.0679,-0.0093,0.9971,
13.290,ENC,240.6168,138.5355,189.5762,0.0000,0.0000,-292.441,-3.621,-0.725,-98.104,0.0679,-0.0093,0.9971,
13.301,IMU,240.6168,138.5355,189.5762,0.0000,0.0000,-292.441,-3.595,-0.726,-98.091,0.0513,-0.0151,1.0010,
13.310,ENC,240.6168,138.5355,189.5762,0.0000,0.0000,-292.441,-3.595,-0.726,-98.091,0.0513,-0.0151,1.0010,
13.320,IMU,240.6168,138.5355,189.5762,0.0000,0.0000,-292.441,-3.605,-0.759,-98.073,0.0620,-0.0146,0.9951,
13.350,ENC,240.6185,138.5406,189.5796,0.0426,0.1278,-292.432,-3.605,-0.759,-98.073,0.0620,-0.0146,0.9951,
13.361,IMU,240.6185,138.5406,189.5796,0.0426,0.1278,-292.432,-3.593,-0.928,-98.136,0.0400,-0.0718,1.0015,
13.370,ENC,240.6236,138.5543,189.5889,0.2557,0.6818,-292.407,-3.593,-0.928,-98.136,0.0400,-0.0718,1.0015,
13.379,IMU,240.6236,138.5543,189.5889,0.2557,0.6818,-292.407,-3.615,-1.072,-98.138,0.0586,-0.1167,0.9863,
13.390,ENC,240.6543,138.5713,189.6128,1.5340,0.8522,-292.446,-3.615,-1.072,-98.138,0.0586,-0.1167,0.9863,
13.410,ENC,240.7157,138.5969,189.6563,3.0680,1.2783,-292.549,-3.615,-1.072,-98.138,0.0586,-0.1167,0.9863,
13.425,IMU,240.7157,138.5969,189.6563,3.0680,1.2783,-292.549,-3.718,-1.257,-98.403,0.1260,-0.1206,1.0176,
13.439,IMU,240.7157,138.5969,189.6563,3.0680,1.2783,-292.549,-3.717,-1.379,-98.539,0.0752,-0.1489,1.1235,
13.450,ENC,240.9236,138.6599,189.7918,5.1985,1.5766,-292.964,-3.717,-1.379,-98.539,0.0752,-0.1489,1.1235,
13.460,IMU,240.9236,138.6599,189.7918,5.1985,1.5766,-292.964,-3.568,-1.494,-98.689,-0.0220,-0.0884,0.9614,
13.469,ENC,241.0480,138.6991,189.8736,6.2211,1.9601,-293.208,-3.568,-1.494,-98.689,-0.0220,-0.0884,0.9614,
13.480,IMU,241.0480,138.6991,189.8736,6.2211,1.9601,-293.208,-3.603,-1.640,-98.880,0.0552,-0.1133,1.0034,
13.491,ENC,241.1861,138.7452,189.9656,6.9029,2.3010,-293.472,-3.603,-1.640,-98.880,0.0552,-0.1133,1.0034,
13.499,IMU,241.1861,138.7452,189.9656,6.9029,2.3010,-293.472,-3.609,-1.724,-99.025,0.0991,-0.0840,1.0186,
13.512,ENC,241.3276,138.8082,190.0679,7.0734,3.1532,-293.696,-3.609,-1.724,-99.025,0.0991,-0.0840,1.0186,
13.540,IMU,241.3276,138.8082,190.0679,7.0734,3.1532,-293.696,-3.501,-1.735,-99.137,0.0249,0.0117,0.9868,
13.550,ENC,241.5713,138.9804,190.2758,6.0933,4.3037,-293.901,-3.501,-1.735,-99.137,0.0249,0.0117,0.9868,
13.582,IMU,241.5713,138.9804,190.2758,6.0933,4.3037,-293.901,-3.518,-1.798,-99.118,0.0566,-0.0801,0.9731,
13.584,ENC,241.6991,139.0929,190.3960,6.3916,5.6246,-293.945,-3.518,-1.798,-99.118,0.0566,-0.0801,0.9731,
13.588,IMU,241.6991,139.0929,190.3960,6.3916,5.6246,-293.945,-3.574,-1.811,-99.140,0.0859,-0.0264,0.9673,
13.590,ENC,241.8218,139.2088,190.5153,6.1359,5.7950,-293.965,-3.574,-1.811,-99.140,0.0859,-0.0264,0.9673,
13.600,IMU,241.8218,139.2088,190.5153,6.1359,5.7950,-293.965,-3.540,-1.882,-99.169,0.0322,-0.0591,0.9937,
13.615,ENC,241.9480,139.3195,190.6338,6.3064,5.5394,-294.009,-3.540,-1.882,-99.169,0.0322,-0.0591,0.9937,
13.623,IMU,241.9480,139.3195,190.6338,6.3064,5.5394,-294.009,-3.503,-1.844,-99.154,0.0317,-0.0215,1.0645,
13.629,ENC,242.0673,139.4252,190.7462,5.9655,5.2837,-294.048,-3.503,-1.844,-99.154,0.0317,-0.0215,1.0645,
