time_s,source,dist_l_in,dist_r_in,dist_avg_in,speed_l_in_s,speed_r_in_s,enc_heading_deg,pitch_deg,roll_deg,yaw_deg,acc_x_g,acc_y_g,acc_z_g,note
0.003,ENC,0.0000,0.0000,0.0000,0.0852,0.0000,0.000,-2.894,-0.034,0.127,0.0000,0.0000,0.0000,
0.010,IMU,0.0000,0.0000,0.0000,0.0852,0.0000,0.000,-2.866,-0.047,0.093,0.0601,0.0024,0.9893,
0.014,IMU,0.0000,0.0000,0.0000,0.0852,0.0000,0.000,-2.851,-0.018,0.089,0.0498,-0.0024,1.0103,
0.018,ENC,-0.0017,0.0000,-0.0009,-0.0852,0.0000,0.005,-2.851,-0.018,0.089,0.0498,-0.0024,1.0103,
0.034,IMU,-0.0017,0.0000,-0.0009,-0.0852,0.0000,0.005,-2.836,-0.029,0.098,0.0542,0.0063,0.9976,
0.039,ENC,0.0000,0.0000,0.0000,0.0852,0.0000,0.000,-2.836,-0.029,0.098,0.0542,0.0063,0.9976,
0.066,IMU,0.0000,0.0000,0.0000,0.0852,0.0000,0.000,-2.837,-0.053,0.095,0.0527,-0.0049,0.9941,
0.072,IMU,0.0000,0.0000,0.0000,0.0852,0.0000,0.000,-2.842,-0.044,0.072,0.0454,0.0054,1.0054,
0.074,ENC,-0.0017,0.0000,-0.0009,-0.0852,0.0000,0.005,-2.842,-0.044,0.072,0.0454,0.0054,1.0054,
0.078,ENC,-0.0017,0.0000,-0.0009,0.0000,0.0000,0.005,-2.842,-0.044,0.072,0.0454,0.0054,1.0054,
0.090,IMU,-0.0017,0.0000,-0.0009,0.0000,0.0000,0.005,-2.862,-0.060,0.080,0.0605,0.0073,0.9941,
0.097,ENC,0.0000,0.0000,0.0000,0.0852,0.0000,0.000,-2.862,-0.060,0.080,0.0605,0.0073,0.9941,
0.112,IMU,0.0000,0.0000,0.0000,0.0852,0.0000,0.000,-2.879,-0.072,0.076,0.0439,-0.0005,0.9922,
0.118,ENC,0.0000,0.0000,0.0000,0.0000,0.0000,0.000,-2.879,-0.072,0.076,0.0439,-0.0005,0.9922,
0.132,IMU,0.0000,0.0000,0.0000,0.0000,0.0000,0.000,-2.885,-0.086,0.093,0.0488,0.0000,1.0063,
0.139,ENC,0.0000,0.0000,0.0000,0.0000,0.0000,0.000,-2.885,-0.086,0.093,0.0488,0.0000,1.0063,
0.151,IMU,0.0000,0.0000,0.0000,0.0000,0.0000,0.000,-2.853,-0.073,0.133,0.0493,-0.0010,0.9951,
0.159,ENC,0.0000,0.0000,0.0000,0.0000,0.0000,0.000,-2.853,-0.073,0.133,0.0493,-0.0010,0.9951,
0.198,IMU,0.0000,0.0000,0.0000,0.0000,0.0000,0.000,-2.874,-0.039,0.083,0.0449,-0.0015,1.0049,
0.219,ENC,-0.0017,0.0000,-0.0009,-0.0284,0.0000,0.005,-2.874,-0.039,0.083,0.0449,-0.0015,1.0049,
0.231,IMU,-0.0017,0.0000,-0.0009,-0.0284,0.0000,0.005,-2.800,-0.059,0.162,0.0474,0.0073,0.9854,
0.239,ENC,-0.0017,0.0000,-0.0009,0.0000,0.0000,0.005,-2.800,-0.059,0.162,0.0474,0.0073,0.9854,
0.251,IMU,-0.0017,0.0000,-0.0009,0.0000,0.0000,0.005,-2.810,-0.066,0.118,0.0479,0.0034,0.9917,
0.259,ENC,0.0000,0.0000,0.0000,0.0852,0.0000,0.000,-2.810,-0.066,0.118,0.0479,0.0034,0.9917,
0.271,IMU,0.0000,0.0000,0.0000,0.0852,0.0000,0.000,-2.822,-0.055,0.178,0.0498,-0.0005,0.9980,
0.279,ENC,-0.0017,0.0000,-0.0009,-0.0852,0.0000,0.005,-2.822,-0.055,0.178,0.0498,-0.0005,0.9980,
0.291,IMU,-0.0017,0.0000,-0.0009,-0.0852,0.0000,0.005,-2.834,-0.078,0.223,0.0464,-0.0068,0.9878,
0.299,ENC,0.0000,0.0000,0.0000,0.0852,0.0000,0.000,-2.834,-0.078,0.223,0.0464,-0.0068,0.9878,
0.316,IMU,0.0000,0.0000,0.0000,0.0852,0.0000,0.000,-2.818,-0.044,0.166,0.0474,0.0063,0.9941,
0.319,ENC,-0.0017,0.0000,-0.0009,-0.0852,0.0000,0.005,-2.818,-0.044,0.166,0.0474,0.0063,0.9941,
0.331,IMU,-0.0017,0.0000,-0.0009,-0.0852,0.0000,0.005,-2.784,-0.034,0.160,0.0601,0.0034,0.9971,
0.341,ENC,-0.0017,0.0000,-0.0009,0.0000,0.0000,0.005,-2.784,-0.034,0.160,0.0601,0.0034,0.9971,
0.351,IMU,-0.0017,0.0000,-0.0009,0.0000,0.0000,0.005,-2.822,-0.032,0.225,0.0459,0.0024,0.9971,
0.359,ENC,0.0000,0.0000,0.0000,0.0852,0.0000,0.000,-2.822,-0.032,0.225,0.0459,0.0024,0.9971,
0.371,IMU,0.0000,0.0000,0.0000,0.0852,0.0000,0.000,-2.816,-0.103,0.225,0.0591,-0.0059,0.9946,
0.378,ENC,-0.0017,0.0000,-0.0009,-0.0852,0.0000,0.005,-2.816,-0.103,0.225,0.0591,-0.0059,0.9946,
0.391,IMU,-0.0017,0.0000,-0.0009,-0.0852,0.0000,0.005,-2.798,-0.082,0.234,0.0376,0.0020,1.0024,
0.399,ENC,-0.0017,0.0000,-0.0009,0.0000,0.0000,0.005,-2.798,-0.082,0.234,0.0376,0.0020,1.0024,
0.411,IMU,-0.0017,0.0000,-0.0009,0.0000,0.0000,0.005,-2.812,-0.051,0.234,0.0508,0.0186,0.9844,
0.419,ENC,0.0000,0.0000,0.0000,0.0852,0.0000,0.000,-2.812,-0.051,0.234,0.0508,0.0186,0.9844,
0.432,IMU,0.0000,0.0000,0.0000,0.0852,0.0000,0.000,-2.815,-0.092,0.223,0.0518,0.0059,0.9927,
0.442,ENC,0.0000,0.0000,0.0000,0.0000,0.0000,0.000,-2.815,-0.092,0.223,0.0518,0.0059,0.9927,
0.451,IMU,0.0000,0.0000,0.0000,0.0000,0.0000,0.000,-2.855,-0.072,0.231,0.0596,-0.0010,0.9932,
0.459,ENC,0.0000,0.0000,0.0000,0.0000,0.0000,0.000,-2.855,-0.072,0.231,0.0596,-0.0010,0.9932,
0.472,IMU,0.0000,0.0000,0.0000,0.0000,0.0000,0.000,-2.845,-0.098,0.207,0.0469,-0.0015,0.9873,
0.478,ENC,-0.0017,0.0000,-0.0009,-0.0852,0.0000,0.005,-2.845,-0.098,0.207,0.0469,-0.0015,0.9873,
0.492,IMU,-0.0017,0.0000,-0.0009,-0.0852,0.0000,0.005,-2.859,-0.082,0.215,0.0420,0.0112,1.0049,
0.499,ENC,0.0000,0.0000,0.0000,0.0852,0.0000,0.000,-2.859,-0.082,0.215,0.0420,0.0112,1.0049,
0.511,IMU,0.0000,0.0000,0.0000,0.0852,0.0000,0.000,-2.874,-0.102,0.195,0.0444,-0.0034,0.9937,
0.519,ENC,-0.0017,0.0000,-0.0009,-0.0852,0.0000,0.005,-2.874,-0.102,0.195,0.0444,-0.0034,0.9937,
0.532,IMU,-0.0017,0.0000,-0.0009,-0.0852,0.0000,0.005,-2.848,-0.106,0.235,0.0469,0.0010,1.0024,
0.537,ENC,-0.0017,0.0000,-0.0009,0.0000,0.0000,0.005,-2.848,-0.106,0.235,0.0469,0.0010,1.0024,
0.552,IMU,-0.0017,0.0000,-0.0009,0.0000,0.0000,0.005,-2.834,-0.101,0.222,0.0547,0.0078,0.9927,
0.559,ENC,0.0000,0.0000,0.0000,0.0852,0.0000,0.000,-2.834,-0.101,0.222,0.0547,0.0078,0.9927,
0.572,IMU,0.0000,0.0000,0.0000,0.0852,0.0000,0.000,-2.826,-0.078,0.260,0.0405,0.0015,0.9888,
0.578,ENC,0.0000,0.0000,0.0000,0.0000,0.0000,0.000,-2.826,-0.078,0.260,0.0405,0.0015,0.9888,
0.594,IMU,0.0000,0.0000,0.0000,0.0000,0.0000,0.000,-2.826,-0.091,0.262,0.0435,0.0112,1.0010,
0.598,ENC,-0.0017,0.0000,-0.0009,-0.0852,0.0000,0.005,-2.826,-0.091,0.262,0.0435,0.0112,1.0010,
0.611,IMU,-0.0017,0.0000,-0.0009,-0.0852,0.0000,0.005,-2.791,-0.071,0.197,0.0610,0.0039,0.9844,
0.619,ENC,0.0000,0.0000,0.0000,0.0852,0.0000,0.000,-2.791,-0.071,0.197,0.0610,0.0039,0.9844,
0.632,IMU,0.0000,0.0000,0.0000,0.0852,0.0000,0.000,-2.809,-0.106,0.174,0.0581,-0.0083,0.9966,
0.639,ENC,0.0000,0.0000,0.0000,0.0000,0.0000,0.000,-2.809,-0.106,0.174,0.0581,-0.0083,0.9966,
0.651,IMU,0.0000,0.0000,0.0000,0.0000,0.0000,0.000,-2.789,-0.097,0.102,0.0479,0.0073,0.9951,
0.658,ENC,0.0000,0.0000,0.0000,0.0000,0.0000,0.000,-2.789,-0.097,0.102,0.0479,0.0073,0.9951,
0.672,IMU,0.0000,0.0000,0.0000,0.0000,0.0000,0.000,-2.745,-0.072,0.112,0.0615,-0.0073,0.9883,
0.678,ENC,-0.0017,0.0000,-0.0009,-0.0852,0.0000,0.005,-2.745,-0.072,0.112,0.0615,-0.0073,0.9883,
0.691,IMU,-0.0017,0.0000,-0.0009,-0.0852,0.0000,0.005,-2.741,-0.047,0.103,0.0552,-0.0024,1.0034,
0.699,ENC,-0.0017,0.0000,-0.0009,0.0000,0.0000,0.005,-2.741,-0.047,0.103,0.0552,-0.0024,1.0034,
0.710,IMU,-0.0017,0.0000,-0.0009,0.0000,0.0000,0.005,-2.731,-0.042,0.106,0.0474,0.0049,0.9941,
0.720,ENC,-0.0017,0.0000,-0.0009,0.0000,0.0000,0.005,-2.731,-0.042,0.106,0.0474,0.0049,0.9941,
0.731,IMU,-0.0017,0.0000,-0.0009,0.0000,0.0000,0.005,-2.779,-0.036,0.156,0.0630,0.0044,0.9927,
0.738,ENC,-0.0017,0.0000,-0.0009,0.0000,0.0000,0.005,-2.779,-0.036,0.156,0.0630,0.0044,0.9927,
0.751,IMU,-0.0017,0.0000,-0.0009,0.0000,0.0000,0.005,-2.752,-0.005,0.141,0.0566,0.0059,0.9854,
0.759,ENC,-0.0017,0.0000,-0.0009,0.0000,0.0000,0.005,-2.752,-0.005,0.141,0.0566,0.0059,0.9854,
0.771,IMU,-0.0017,0.0000,-0.0009,0.0000,0.0000,0.005,-2.741,-0.019,0.103,0.0542,0.0122,0.9893,
0.779,ENC,0.0000,0.0000,0.0000,0.0852,0.0000,0.000,-2.741,-0.019,0.103,0.0542,0.0122,0.9893,
0.792,IMU,0.0000,0.0000,0.0000,0.0852,0.0000,0.000,-2.804,-0.001,0.114,0.0576,0.0093,1.0010,
0.798,ENC,-0.0017,0.0000,-0.0009,-0.0852,0.0000,0.005,-2.804,-0.001,0.114,0.0576,0.0093,1.0010,
0.812,IMU,-0.0017,0.0000,-0.0009,-0.0852,0.0000,0.005,-2.842,0.018,0.117,0.0439,-0.0073,0.9922,
0.819,ENC,0.0000,0.0000,0.0000,0.0852,0.0000,0.000,-2.842,0.018,0.117,0.0439,-0.0073,0.9922,
0.833,IMU,0.0000,0.0000,0.0000,0.0852,0.0000,0.000,-2.860,0.003,0.105,0.0493,0.0034,0.9980,
0.839,ENC,-0.0017,0.0000,-0.0009,-0.0852,0.0000,0.005,-2.860,0.003,0.105,0.0493,0.0034,0.9980,
0.857,IMU,-0.0017,0.0000,-0.0009,-0.0852,0.0000,0.005,-2.791,0.013,0.140,0.0527,0.0063,1.0083,
0.859,ENC,0.0000,0.0000,0.0000,0.0852,0.0000,0.000,-2.791,0.013,0.140,0.0527,0.0063,1.0083,
0.871,IMU,0.0000,0.0000,0.0000,0.0852,0.0000,0.000,-2.769,0.046,0.178,0.0449,0.0049,0.9951,
0.879,ENC,-0.0017,0.0000,-0.0009,-0.0852,0.0000,0.005,-2.769,0.046,0.178,0.0449,0.0049,0.9951,
0.892,IMU,-0.0017,0.0000,-0.0009,-0.0852,0.0000,0.005,-2.764,0.017,0.158,0.0410,0.0039,0.9946,
0.899,ENC,-0.0017,0.0000,-0.0009,0.0000,0.0000,0.005,-2.764,0.017,0.158,0.0410,0.0039,0.9946,
0.912,IMU,-0.0017,0.0000,-0.0009,0.0000,0.0000,0.005,-2.785,0.026,0.167,0.0415,0.0044,1.0024,
0.918,ENC,0.0000,0.0000,0.0000,0.0852,0.0000,0.000,-2.785,0.026,0.167,0.0415,0.0044,1.0024,
0.938,ENC,0.0000,0.0000,0.0000,0.0000,0.0000,0.000,-2.785,0.026,0.167,0.0415,0.0044,1.0024,
0.954,IMU,0.0000,0.0000,0.0000,0.0000,0.0000,0.000,-2.697,0.024,0.056,0.0430,0.0024,1.0000,
0.959,ENC,0.0000,0.0000,0.0000,0.0000,0.0000,0.000,-2.697,0.024,0.056,0.0430,0.0024,1.0000,
0.971,IMU,0.0000,0.0000,0.0000,0.0000,0.0000,0.000,-2.717,0.042,0.069,0.0552,0.0083,0.9951,
0.979,ENC,0.0000,0.0000,0.0000,0.0000,0.0000,0.000,-2.717,0.042,0.069,0.0552,0.0083,0.9951,
0.992,IMU,0.0000,0.0000,0.0000,0.0000,0.0000,0.000,-2.699,-0.016,0.043,0.0503,-0.0029,0.9961,
0.999,ENC,-0.0017,0.0000,-0.0009,-0.0852,0.0000,0.005,-2.699,-0.016,0.043,0.0503,-0.0029,0.9961,
1.012,IMU,-0.0017,0.0000,-0.0009,-0.0852,0.0000,0.005,-2.687,-0.003,0.008,0.0522,0.0137,0.9937,
1.019,ENC,-0.0017,0.0000,-0.0009,0.0000,0.0000,0.005,-2.687,-0.003,0.008,0.0522,0.0137,0.9937,
1.043,IMU,-0.0017,0.0000,-0.0009,0.0000,0.0000,0.005,-2.727,0.005,0.014,0.0581,0.0117,1.0015,
1.051,IMU,-0.0017,0.0000,-0.0009,0.0000,0.0000,0.005,-2.739,0.010,0.017,0.0586,-0.0107,1.0015,
1.058,ENC,-0.0017,0.0000,-0.0009,0.0000,0.0000,0.005,-2.739,0.010,0.017,0.0586,-0.0107,1.0015,
1.071,IMU,-0.0017,0.0000,-0.0009,0.0000,0.0000,0.005,-2.762,0.018,-0.007,0.0620,0.0024,0.9922,
1.078,ENC,0.0000,0.0000,0.0000,0.0852,0.0000,0.000,-2.762,0.018,-0.007,0.0620,0.0024,0.9922,
1.091,IMU,0.0000,0.0000,0.0000,0.0852,0.0000,0.000,-2.747,0.005,0.008,0.0356,0.0000,0.9878,
1.099,ENC,0.0000,0.0000,0.0000,0.0000,0.0000,0.000,-2.747,0.005,0.008,0.0356,0.0000,0.9878,
1.112,IMU,0.0000,0.0000,0.0000,0.0000,0.0000,0.000,-2.755,0.042,0.016,0.0396,0.0063,1.0093,
1.120,ENC,0.0000,0.0000,0.0000,0.0000,0.0000,0.000,-2.755,0.042,0.016,0.0396,0.0063,1.0093,
1.131,IMU,0.0000,0.0000,0.0000,0.0000,0.0000,0.000,-2.766,0.035,0.009,0.0522,0.0054,0.9854,
1.138,ENC,-0.0017,0.0000,-0.0009,-0.0852,0.0000,0.005,-2.766,0.035,0.009,0.0522,0.0054,0.9854,
1.151,IMU,-0.0017,0.0000,-0.0009,-0.0852,0.0000,0.005,-2.760,0.051,0.057,0.0444,0.0054,0.9980,
1.160,ENC,0.0000,0.0000,0.0000,0.0852,0.0000,0.000,-2.760,0.051,0.057,0.0444,0.0054,0.9980,
1.171,IMU,0.0000,0.0000,0.0000,0.0852,0.0000,0.000,-2.780,0.039,0.053,0.0591,-0.0054,0.9912,
1.179,ENC,-0.0017,0.0000,-0.0009,-0.0852,0.0000,0.005,-2.780,0.039,0.053,0.0591,-0.0054,0.9912,
1.199,ENC,-0.0017,0.0000,-0.0009,0.0000,0.0000,0.005,-2.780,0.039,0.053,0.0591,-0.0054,0.9912,
1.212,IMU,-0.0017,0.0000,-0.0009,0.0000,0.0000,0.005,-2.750,0.083,0.001,0.0601,0.0024,0.9966,
1.219,ENC,-0.0017,0.0000,-0.0009,0.0000,0.0000,0.005,-2.750,0.083,0.001,0.0601,0.0024,0.9966,
1.232,IMU,-0.0017,0.0000,-0.0009,0.0000,0.0000,0.005,-2.766,0.134,0.053,0.0527,0.0107,1.0010,
1.239,ENC,0.0000,0.0000,0.0000,0.0852,0.0000,0.000,-2.766,0.134,0.053,0.0527,0.0107,1.0010,
1.251,IMU,0.0000,0.0000,0.0000,0.0852,0.0000,0.000,-2.793,0.124,0.070,0.0435,0.0054,0.9922,
1.260,ENC,-0.0017,0.0000,-0.0009,-0.0852,0.0000,0.005,-2.793,0.124,0.070,0.0435,0.0054,0.9922,
1.271,IMU,-0.0017,0.0000,-0.0009,-0.0852,0.0000,0.005,-2.848,0.120,0.057,0.0625,-0.0015,1.0000,
1.279,ENC,0.0000,0.0000,0.0000,0.0852,0.0000,0.000,-2.848,0.120,0.057,0.0625,-0.0015,1.0000,
1.291,IMU,0.0000,0.0000,0.0000,0.0852,0.0000,0.000,-2.853,0.111,-0.012,0.0605,0.0073,0.9966,
1.298,ENC,-0.0017,0.0000,-0.0009,-0.0852,0.0000,0.005,-2.853,0.111,-0.012,0.0605,0.0073,0.9966,
1.311,IMU,-0.0017,0.0000,-0.0009,-0.0852,0.0000,0.005,-2.855,0.111,-0.003,0.0483,0.0103,1.0015,
1.318,ENC,-0.0017,0.0000,-0.0009,0.0000,0.0000,0.005,-2.855,0.111,-0.003,0.0483,0.0103,1.0015,
1.331,IMU,-0.0017,0.0000,-0.0009,0.0000,0.0000,0.005,-2.880,0.100,-0.015,0.0547,-0.0024,0.9883,
1.340,ENC,-0.0017,0.0000,-0.0009,0.0000,0.0000,0.005,-2.880,0.100,-0.015,0.0547,-0.0024,0.9883,
1.352,IMU,-0.0017,0.0000,-0.0009,0.0000,0.0000,0.005,-2.909,0.092,0.038,0.0586,0.0049,0.9858,
1.358,ENC,-0.0017,0.0000,-0.0009,0.0000,0.0000,0.005,-2.909,0.092,0.038,0.0586,0.0049,0.9858,
1.371,IMU,-0.0017,0.0000,-0.0009,0.0000,0.0000,0.005,-2.891,0.110,0.027,0.0493,0.0024,1.0000,
1.378,ENC,0.0000,0.0000,0.0000,0.0852,0.0000,0.000,-2.891,0.110,0.027,0.0493,0.0024,1.0000,
1.391,IMU,0.0000,0.0000,0.0000,0.0852,0.0000,0.000,-2.892,0.064,0.017,0.0601,-0.0010,0.9971,
1.399,ENC,0.0000,0.0000,0.0000,0.0000,0.0000,0.000,-2.892,0.064,0.017,0.0601,-0.0010,0.9971,
1.412,IMU,0.0000,0.0000,0.0000,0.0000,0.0000,0.000,-2.909,0.037,0.007,0.0508,0.0024,0.9980,
1.419,ENC,-0.0017,0.0000,-0.0009,-0.0852,0.0000,0.005,-2.909,0.037,0.007,0.0508,0.0024,0.9980,
1.432,IMU,-0.0017,0.0000,-0.0009,-0.0852,0.0000,0.005,-2.909,0.040,-0.019,0.0562,0.0146,0.9810,
1.438,ENC,-0.0017,0.0000,-0.0009,0.0000,0.0000,0.005,-2.909,0.040,-0.019,0.0562,0.0146,0.9810,
1.454,IMU,-0.0017,0.0000,-0.0009,0.0000,0.0000,0.005,-2.959,0.071,-0.027,0.0454,0.0029,0.9868,
1.458,ENC,-0.0017,0.0000,-0.0009,0.0000,0.0000,0.005,-2.959,0.071,-0.027,0.0454,0.0029,0.9868,
1.471,IMU,-0.0017,0.0000,-0.0009,0.0000,0.0000,0.005,-2.988,0.063,-0.005,0.0547,-0.0049,0.9946,
1.478,ENC,0.0000,0.0000,0.0000,0.0852,0.0000,0.000,-2.988,0.063,-0.005,0.0547,-0.0049,0.9946,
1.492,IMU,0.0000,0.0000,0.0000,0.0852,0.0000,0.000,-2.996,0.037,0.008,0.0571,-0.0073,0.9902,
1.500,ENC,0.0000,0.0000,0.0000,0.0000,0.0000,0.000,-2.996,0.037,0.008,0.0571,-0.0073,0.9902,
1.512,IMU,0.0000,0.0000,0.0000,0.0000,0.0000,0.000,-2.985,0.021,-0.030,0.0513,0.0015,0.9878,
1.519,ENC,-0.0017,0.0000,-0.0009,-0.0852,0.0000,0.005,-2.985,0.021,-0.030,0.0513,0.0015,0.9878,
1.534,IMU,-0.0017,0.0000,-0.0009,-0.0852,0.0000,0.005,-3.020,-0.002,-0.008,0.0615,-0.0127,1.0044,
1.538,ENC,0.0000,0.0000,0.0000,0.0852,0.0000,0.000,-3.020,-0.002,-0.008,0.0615,-0.0127,1.0044,
1.551,IMU,0.0000,0.0000,0.0000,0.0852,0.0000,0.000,-2.961,-0.017,-0.043,0.0469,-0.0083,0.9956,
1.558,ENC,0.0000,0.0000,0.0000,0.0000,0.0000,0.000,-2.961,-0.017,-0.043,0.0469,-0.0083,0.9956,
1.572,IMU,0.0000,0.0000,0.0000,0.0000,0.0000,0.000,-2.967,-0.016,-0.033,0.0522,0.0063,0.9863,
1.578,ENC,-0.0017,0.0000,-0.0009,-0.0852,0.0000,0.005,-2.967,-0.016,-0.033,0.0522,0.0063,0.9863,
1.594,IMU,-0.0017,0.0000,-0.0009,-0.0852,0.0000,0.005,-2.983,-0.036,-0.037,0.0562,-0.0020,0.9985,
1.599,ENC,-0.0017,0.0000,-0.0009,0.0000,0.0000,0.005,-2.983,-0.036,-0.037,0.0562,-0.0020,0.9985,
1.613,IMU,-0.0017,0.0000,-0.0009,0.0000,0.0000,0.005,-2.938,-0.029,-0.074,0.0430,0.0044,0.9907,
1.621,ENC,0.0000,0.0000,0.0000,0.0852,0.0000,0.000,-2.938,-0.029,-0.074,0.0430,0.0044,0.9907,
1.640,ENC,0.0000,0.0000,0.0000,0.0000,0.0000,0.000,-2.938,-0.029,-0.074,0.0430,0.0044,0.9907,
1.652,IMU,0.0000,0.0000,0.0000,0.0000,0.0000,0.000,-2.890,-0.094,-0.129,0.0537,-0.0024,1.0039,
1.659,ENC,-0.0017,0.0000,-0.0009,-0.0852,0.0000,0.005,-2.890,-0.094,-0.129,0.0537,-0.0024,1.0039,
1.671,IMU,-0.0017,0.0000,-0.0009,-0.0852,0.0000,0.005,-2.888,-0.070,-0.109,0.0542,0.0005,0.9922,
1.681,ENC,0.0000,0.0000,0.0000,0.0852,0.0000,0.000,-2.888,-0.070,-0.109,0.0542,0.0005,0.9922,
1.691,IMU,0.0000,0.0000,0.0000,0.0852,0.0000,0.000,-2.884,-0.084,-0.143,0.0469,-0.0112,1.0020,
1.699,ENC,0.0000,0.0000,0.0000,0.0000,0.0000,0.000,-2.884,-0.084,-0.143,0.0469,-0.0112,1.0020,
1.711,IMU,0.0000,0.0000,0.0000,0.0000,0.0000,0.000,-2.886,-0.083,-0.157,0.0527,-0.0020,1.0029,
1.719,ENC,0.0000,0.0000,0.0000,0.0000,0.0000,0.000,-2.886,-0.083,-0.157,0.0527,-0.0020,1.0029,
1.733,IMU,0.0000,0.0000,0.0000,0.0000,0.0000,0.000,-2.935,-0.091,-0.119,0.0610,0.0034,1.0088,
1.739,ENC,-0.0017,0.0000,-0.0009,-0.0852,0.0000,0.005,-2.935,-0.091,-0.119,0.0610,0.0034,1.0088,
1.752,IMU,-0.0017,0.0000,-0.0009,-0.0852,0.0000,0.005,-2.998,-0.047,-0.099,0.0562,0.0029,1.0107,
1.758,ENC,-0.0017,0.0000,-0.0009,0.0000,0.0000,0.005,-2.998,-0.047,-0.099,0.0562,0.0029,1.0107,
1.774,IMU,-0.0017,0.0000,-0.0009,0.0000,0.0000,0.005,-3.032,-0.043,-0.138,0.0566,0.0112,0.9946,
1.779,ENC,0.0000,0.0000,0.0000,0.0852,0.0000,0.000,-3.032,-0.043,-0.138,0.0566,0.0112,0.9946,
1.794,IMU,0.0000,0.0000,0.0000,0.0852,0.0000,0.000,-3.026,-0.088,-0.126,0.0527,-0.0229,1.0049,
1.798,ENC,-0.0017,0.0000,-0.0009,-0.0852,0.0000,0.005,-3.026,-0.088,-0.126,0.0527,-0.0229,1.0049,
1.813,IMU,-0.0017,0.0000,-0.0009,-0.0852,0.0000,0.005,-3.056,-0.116,-0.115,0.0532,-0.0005,1.0034,
1.819,ENC,0.0000,0.0000,0.0000,0.0852,0.0000,0.000,-3.056,-0.116,-0.115,0.0532,-0.0005,1.0034,
1.831,IMU,0.0000,0.0000,0.0000,0.0852,0.0000,0.000,-3.058,-0.095,-0.177,0.0415,0.0093,1.0068,
1.838,ENC,-0.0017,0.0000,-0.0009,-0.0852,0.0000,0.005,-3.058,-0.095,-0.177,0.0415,0.0093,1.0068,
1.852,IMU,-0.0017,0.0000,-0.0009,-0.0852,0.0000,0.005,-3.004,-0.087,-0.182,0.0469,0.0103,0.9966,
1.858,ENC,0.0000,0.0000,0.0000,0.0852,0.0000,0.000,-3.004,-0.087,-0.182,0.0469,0.0103,0.9966,
1.871,IMU,0.0000,0.0000,0.0000,0.0852,0.0000,0.000,-2.992,-0.103,-0.187,0.0537,-0.0107,0.9932,
1.879,ENC,-0.0017,0.0000,-0.0009,-0.0852,0.0000,0.005,-2.992,-0.103,-0.187,0.0537,-0.0107,0.9932,
1.891,IMU,-0.0017,0.0000,-0.0009,-0.0852,0.0000,0.005,-2.985,-0.105,-0.193,0.0527,0.0049,1.0005,
1.899,ENC,-0.0017,0.0000,-0.0009,0.0000,0.0000,0.005,-2.985,-0.105,-0.193,0.0527,0.0049,1.0005,
1.911,IMU,-0.0017,0.0000,-0.0009,0.0000,0.0000,0.005,-2.919,-0.127,-0.135,0.0503,0.0020,1.0088,
1.919,ENC,-0.0017,0.0000,-0.0009,0.0000,0.0000,0.005,-2.919,-0.127,-0.135,0.0503,0.0020,1.0088,
1.931,IMU,-0.0017,0.0000,-0.0009,0.0000,0.0000,0.005,-2.972,-0.092,-0.160,0.0415,-0.0054,1.0054,
1.939,ENC,-0.0017,0.0000,-0.0009,0.0000,0.0000,0.005,-2.972,-0.092,-0.160,0.0415,-0.0054,1.0054,
1.952,IMU,-0.0017,0.0000,-0.0009,0.0000,0.0000,0.005,-2.979,-0.077,-0.233,0.0503,0.0020,1.0024,
1.959,ENC,0.0000,0.0000,0.0000,0.0852,0.0000,0.000,-2.979,-0.077,-0.233,0.0503,0.0020,1.0024,
1.973,IMU,0.0000,0.0000,0.0000,0.0852,0.0000,0.000,-3.001,-0.063,-0.216,0.0596,-0.0010,0.9951,
1.978,ENC,0.0000,0.0000,0.0000,0.0000,0.0000,0.000,-3.001,-0.063,-0.216,0.0596,-0.0010,0.9951,
1.991,IMU,0.0000,0.0000,0.0000,0.0000,0.0000,0.000,-2.987,-0.080,-0.223,0.0459,0.0083,0.9878,
1.998,ENC,0.0000,0.0000,0.0000,0.0000,0.0000,0.000,-2.987,-0.080,-0.223,0.0459,0.0083,0.9878,
2.011,IMU,0.0000,0.0000,0.0000,0.0000,0.0000,0.000,-3.011,-0.067,-0.190,0.0684,0.0098,0.9966,
2.019,ENC,-0.0017,0.0000,-0.0009,-0.0852,0.0000,0.005,-3.011,-0.067,-0.190,0.0684,0.0098,0.9966,
2.032,IMU,-0.0017,0.0000,-0.0009,-0.0852,0.0000,0.005,-2.983,-0.075,-0.166,0.0435,-0.0020,0.9971,
2.038,ENC,-0.0017,0.0000,-0.0009,0.0000,0.0000,0.005,-2.983,-0.075,-0.166,0.0435,-0.0020,0.9971,
2.051,IMU,-0.0017,0.0000,-0.0009,0.0000,0.0000,0.005,-2.990,-0.045,-0.132,0.0591,0.0112,0.9922,
2.058,ENC,0.0000,0.0000,0.0000,0.0852,0.0000,0.000,-2.990,-0.045,-0.132,0.0591,0.0112,0.9922,
2.071,IMU,0.0000,0.0000,0.0000,0.0852,0.0000,0.000,-2.989,-0.054,-0.140,0.0444,0.0000,0.9810,
2.080,ENC,0.0000,0.0000,0.0000,0.0000,0.0000,0.000,-2.989,-0.054,-0.140,0.0444,0.0000,0.9810,
2.091,IMU,0.0000,0.0000,0.0000,0.0000,0.0000,0.000,-3.075,-0.042,-0.157,0.0576,0.0103,0.9893,
2.099,ENC,-0.0017,0.0000,-0.0009,-0.0852,0.0000,0.005,-3.075,-0.042,-0.157,0.0576,0.0103,0.9893,
2.111,IMU,-0.0017,0.0000,-0.0009,-0.0852,0.0000,0.005,-3.029,-0.022,-0.219,0.0479,0.0093,1.0049,
2.118,ENC,0.0000,0.0000,0.0000,0.0852,0.0000,0.000,-3.029,-0.022,-0.219,0.0479,0.0093,1.0049,
2.131,IMU,0.0000,0.0000,0.0000,0.0852,0.0000,0.000,-3.000,-0.035,-0.193,0.0576,0.0044,0.9961,
2.139,ENC,-0.0017,0.0000,-0.0009,-0.0852,0.0000,0.005,-3.000,-0.035,-0.193,0.0576,0.0044,0.9961,
2.158,ENC,0.0000,0.0000,0.0000,0.0852,0.0000,0.000,-3.000,-0.035,-0.193,0.0576,0.0044,0.9961,
2.172,IMU,0.0000,0.0000,0.0000,0.0852,0.0000,0.000,-3.035,-0.025,-0.139,0.0493,-0.0024,0.9956,
2.178,ENC,-0.0017,0.0000,-0.0009,-0.0852,0.0000,0.005,-3.035,-0.025,-0.139,0.0493,-0.0024,0.9956,
2.192,IMU,-0.0017,0.0000,-0.0009,-0.0852,0.0000,0.005,-3.053,0.008,-0.115,0.0474,-0.0005,0.9985,
2.199,ENC,-0.0017,0.0000,-0.0009,0.0000,0.0000,0.005,-3.053,0.008,-0.115,0.0474,-0.0005,0.9985,
2.211,IMU,-0.0017,0.0000,-0.0009,0.0000,0.0000,0.005,-3.050,0.031,-0.129,0.0532,0.0039,0.9976,
2.219,ENC,0.0000,0.0000,0.0000,0.0852,0.0000,0.000,-3.050,0.031,-0.129,0.0532,0.0039,0.9976,
2.232,IMU,0.0000,0.0000,0.0000,0.0852,0.0000,0.000,-3.044,0.029,-0.109,0.0464,0.0010,0.9956,
2.238,ENC,-0.0017,0.0000,-0.0009,-0.0852,0.0000,0.005,-3.044,0.029,-0.109,0.0464,0.0010,0.9956,
2.251,IMU,-0.0017,0.0000,-0.0009,-0.0852,0.0000,0.005,-2.999,-0.012,-0.079,0.0488,0.0000,0.9956,
2.259,ENC,0.0000,0.0000,0.0000,0.0852,0.0000,0.000,-2.999,-0.012,-0.079,0.0488,0.0000,0.9956,
2.271,IMU,0.0000,0.0000,0.0000,0.0852,0.0000,0.000,-2.995,0.011,-0.178,0.0498,0.0049,0.9902,
2.278,ENC,-0.0017,0.0000,-0.0009,-0.0852,0.0000,0.005,-2.995,0.011,-0.178,0.0498,0.0049,0.9902,
2.291,IMU,-0.0017,0.0000,-0.0009,-0.0852,0.0000,0.005,-2.998,0.014,-0.144,0.0488,0.0049,0.9966,
2.299,ENC,0.0000,0.0000,0.0000,0.0852,0.0000,0.000,-2.998,0.014,-0.144,0.0488,0.0049,0.9966,
2.312,IMU,0.0000,0.0000,0.0000,0.0852,0.0000,0.000,-2.993,0.009,-0.169,0.0435,0.0112,0.9966,
2.320,ENC,-0.0017,0.0000,-0.0009,-0.0852,0.0000,0.005,-2.993,0.009,-0.169,0.0435,0.0112,0.9966,
2.331,IMU,-0.0017,0.0000,-0.0009,-0.0852,0.0000,0.005,-2.981,0.016,-0.199,0.0352,0.0039,0.9834,
2.338,ENC,-0.0017,0.0000,-0.0009,0.0000,0.0000,0.005,-2.981,0.016,-0.199,0.0352,0.0039,0.9834,
2.352,IMU,-0.0017,0.0000,-0.0009,0.0000,0.0000,0.005,-2.988,0.021,-0.162,0.0557,-0.0044,1.0049,
2.359,ENC,0.0000,0.0000,0.0000,0.0852,0.0000,0.000,-2.988,0.021,-0.162,0.0557,-0.0044,1.0049,
2.371,IMU,0.0000,0.0000,0.0000,0.0852,0.0000,0.000,-2.982,0.025,-0.221,0.0537,0.0005,1.0020,
2.378,ENC,-0.0017,0.0000,-0.0009,-0.0852,0.0000,0.005,-2.982,0.025,-0.221,0.0537,0.0005,1.0020,
2.391,IMU,-0.0017,0.0000,-0.0009,-0.0852,0.0000,0.005,-3.002,0.037,-0.236,0.0483,0.0063,0.9976,
2.399,ENC,-0.0017,0.0000,-0.0009,0.0000,0.0000,0.005,-3.002,0.037,-0.236,0.0483,0.0063,0.9976,
2.412,IMU,-0.0017,0.0000,-0.0009,0.0000,0.0000,0.005,-2.966,0.007,-0.246,0.0581,0.0068,0.9873,
2.418,ENC,0.0000,0.0000,0.0000,0.0852,0.0000,0.000,-2.966,0.007,-0.246,0.0581,0.0068,0.9873,
2.431,IMU,0.0000,0.0000,0.0000,0.0852,0.0000,0.000,-3.003,0.023,-0.251,0.0508,0.0068,0.9976,
2.439,ENC,0.0000,0.0000,0.0000,0.0000,0.0000,0.000,-3.003,0.023,-0.251,0.0508,0.0068,0.9976,
2.451,IMU,0.0000,0.0000,0.0000,0.0000,0.0000,0.000,-2.974,0.018,-0.251,0.0503,0.0010,0.9849,
2.459,ENC,-0.0017,0.0000,-0.0009,-0.0852,0.0000,0.005,-2.974,0.018,-0.251,0.0503,0.0010,0.9849,
2.472,IMU,-0.0017,0.0000,-0.0009,-0.0852,0.0000,0.005,-2.992,0.035,-0.204,0.0518,-0.0088,0.9976,
2.478,ENC,-0.0017,0.0000,-0.0009,0.0000,0.0000,0.005,-2.992,0.035,-0.204,0.0518,-0.0088,0.9976,
2.491,IMU,-0.0017,0.0000,-0.0009,0.0000,0.0000,0.005,-2.955,-0.007,-0.191,0.0474,0.0000,1.0117,
2.499,ENC,0.0000,0.0000,0.0000,0.0852,0.0000,0.000,-2.955,-0.007,-0.191,0.0474,0.0000,1.0117,
2.511,IMU,0.0000,0.0000,0.0000,0.0852,0.0000,0.000,-2.965,-0.021,-0.189,0.0430,0.0034,0.9834,
2.518,ENC,-0.0017,0.0000,-0.0009,-0.0852,0.0000,0.005,-2.965,-0.021,-0.189,0.0430,0.0034,0.9834,
2.531,IMU,-0.0017,0.0000,-0.0009,-0.0852,0.0000,0.005,-2.950,-0.038,-0.268,0.0449,-0.0059,1.0063,
2.539,ENC,0.0000,0.0000,0.0000,0.0852,0.0000,0.000,-2.950,-0.038,-0.268,0.0449,-0.0059,1.0063,
2.551,IMU,0.0000,0.0000,0.0000,0.0852,0.0000,0.000,-2.949,-0.037,-0.274,0.0488,0.0049,0.9922,
2.558,ENC,-0.0017,0.0000,-0.0009,-0.0852,0.0000,0.005,-2.949,-0.037,-0.274,0.0488,0.0049,0.9922,
2.571,IMU,-0.0017,0.0000,-0.0009,-0.0852,0.0000,0.005,-2.952,-0.059,-0.263,0.0566,-0.0039,0.9956,
2.578,ENC,-0.0017,0.0000,-0.0009,0.0000,0.0000,0.005,-2.952,-0.059,-0.263,0.0566,-0.0039,0.9956,
2.593,IMU,-0.0017,0.0000,-0.0009,0.0000,0.0000,0.005,-2.956,-0.054,-0.283,0.0522,0.0054,0.9932,
2.611,IMU,-0.0017,0.0000,-0.0009,0.0000,0.0000,0.005,-2.954,-0.026,-0.281,0.0581,0.0054,0.9980,
2.619,ENC,0.0000,0.0000,0.0000,0.0426,0.0000,0.000,-2.954,-0.026,-0.281,0.0581,0.0054,0.9980,
2.631,IMU,0.0000,0.0000,0.0000,0.0426,0.0000,0.000,-2.986,-0.015,-0.273,0.0493,0.0049,0.9946,
2.638,ENC,-0.0017,0.0000,-0.0009,-0.0852,0.0000,0.005,-2.986,-0.015,-0.273,0.0493,0.0049,0.9946,
2.651,IMU,-0.0017,0.0000,-0.0009,-0.0852,0.0000,0.005,-2.927,0.017,-0.308,0.0449,0.0098,1.0010,
2.658,ENC,0.0000,0.0000,0.0000,0.0852,0.0000,0.000,-2.927,0.017,-0.308,0.0449,0.0098,1.0010,
2.673,IMU,0.0000,0.0000,0.0000,0.0852,0.0000,0.000,-2.866,-0.013,-0.321,0.0498,0.0078,1.0015,
2.679,ENC,-0.0017,0.0000,-0.0009,-0.0852,0.0000,0.005,-2.866,-0.013,-0.321,0.0498,0.0078,1.0015,
2.691,IMU,-0.0017,0.0000,-0.0009,-0.0852,0.0000,0.005,-2.867,0.010,-0.295,0.0430,0.0063,0.9883,
2.699,ENC,-0.0017,0.0000,-0.0009,0.0000,0.0000,0.005,-2.867,0.010,-0.295,0.0430,0.0063,0.9883,
2.712,IMU,-0.0017,0.0000,-0.0009,0.0000,0.0000,0.005,-2.898,0.028,-0.316,0.0547,0.0020,0.9888,
2.719,ENC,0.0000,0.0000,0.0000,0.0852,0.0000,0.000,-2.898,0.028,-0.316,0.0547,0.0020,0.9888,
2.732,IMU,0.0000,0.0000,0.0000,0.0852,0.0000,0.000,-2.917,0.006,-0.330,0.0522,0.0049,0.9888,
2.738,ENC,0.0000,0.0000,0.0000,0.0000,0.0000,0.000,-2.917,0.006,-0.330,0.0522,0.0049,0.9888,
2.751,IMU,0.0000,0.0000,0.0000,0.0000,0.0000,0.000,-2.894,-0.007,-0.333,0.0571,0.0073,0.9937,
2.759,ENC,-0.0017,0.0000,-0.0009,-0.0852,0.0000,0.005,-2.894,-0.007,-0.333,0.0571,0.0073,0.9937,
2.773,IMU,-0.0017,0.0000,-0.0009,-0.0852,0.0000,0.005,-2.908,0.013,-0.306,0.0488,0.0049,0.9849,
2.781,ENC,-0.0017,0.0000,-0.0009,0.0000,0.0000,0.005,-2.908,0.013,-0.306,0.0488,0.0049,0.9849,
2.791,IMU,-0.0017,0.0000,-0.0009,0.0000,0.0000,0.005,-2.888,-0.020,-0.300,0.0518,-0.0029,1.0005,
2.800,ENC,0.0000,0.0000,0.0000,0.0852,0.0000,0.000,-2.888,-0.020,-0.300,0.0518,-0.0029,1.0005,
2.812,IMU,0.0000,0.0000,0.0000,0.0852,0.0000,0.000,-2.897,-0.021,-0.313,0.0562,0.0044,0.9854,
2.819,ENC,0.0000,0.0000,0.0000,0.0000,0.0000,0.000,-2.897,-0.021,-0.313,0.0562,0.0044,0.9854,
2.833,IMU,0.0000,0.0000,0.0000,0.0000,0.0000,0.000,-2.864,-0.010,-0.321,0.0498,0.0156,0.9863,
2.838,ENC,0.0000,0.0000,0.0000,0.0000,0.0000,0.000,-2.864,-0.010,-0.321,0.0498,0.0156,0.9863,
2.852,IMU,0.0000,0.0000,0.0000,0.0000,0.0000,0.000,-2.842,-0.004,-0.301,0.0488,0.0029,0.9966,
2.858,ENC,-0.0017,0.0000,-0.0009,-0.0852,0.0000,0.005,-2.842,-0.004,-0.301,0.0488,0.0029,0.9966,
2.875,IMU,-0.0017,0.0000,-0.0009,-0.0852,0.0000,0.005,-2.832,0.039,-0.290,0.0488,0.0088,0.9902,
2.880,ENC,-0.0017,0.0000,-0.0009,0.0000,0.0000,0.005,-2.832,0.039,-0.290,0.0488,0.0088,0.9902,
2.893,IMU,-0.0017,0.0000,-0.0009,0.0000,0.0000,0.005,-2.868,0.006,-0.297,0.0508,-0.0010,0.9868,
2.900,ENC,0.0000,0.0000,0.0000,0.0852,0.0000,0.000,-2.868,0.006,-0.297,0.0508,-0.0010,0.9868,
2.912,IMU,0.0000,0.0000,0.0000,0.0852,0.0000,0.000,-2.870,0.026,-0.306,0.0488,0.0107,0.9971,
2.918,ENC,-0.0017,0.0000,-0.0009,-0.0852,0.0000,0.005,-2.870,0.026,-0.306,0.0488,0.0107,0.9971,
2.932,IMU,-0.0017,0.0000,-0.0009,-0.0852,0.0000,0.005,-2.864,0.030,-0.309,0.0483,0.0151,1.0015,
2.938,ENC,0.0000,0.0000,0.0000,0.0852,0.0000,0.000,-2.864,0.030,-0.309,0.0483,0.0151,1.0015,
2.952,IMU,0.0000,0.0000,0.0000,0.0852,0.0000,0.000,-2.871,0.062,-0.302,0.0522,0.0127,0.9956,
2.959,ENC,0.0000,0.0000,0.0000,0.0000,0.0000,0.000,-2.871,0.062,-0.302,0.0522,0.0127,0.9956,
2.974,IMU,0.0000,0.0000,0.0000,0.0000,0.0000,0.000,-2.878,0.108,-0.362,0.0532,0.0054,0.9897,
2.978,ENC,-0.0017,0.0000,-0.0009,-0.0852,0.0000,0.005,-2.878,0.108,-0.362,0.0532,0.0054,0.9897,
2.991,IMU,-0.0017,0.0000,-0.0009,-0.0852,0.0000,0.005,-2.842,0.121,-0.398,0.0493,0.0010,1.0049,
3.002,ENC,0.0000,0.0000,0.0000,0.0852,0.0000,0.000,-2.842,0.121,-0.398,0.0493,0.0010,1.0049,
3.011,IMU,0.0000,0.0000,0.0000,0.0852,0.0000,0.000,-2.799,0.140,-0.381,0.0391,-0.0117,0.9941,
3.018,ENC,0.0000,0.0000,0.0000,0.0000,0.0000,0.000,-2.799,0.140,-0.381,0.0391,-0.0117,0.9941,
3.031,IMU,0.0000,0.0000,0.0000,0.0000,0.0000,0.000,-2.826,0.135,-0.378,0.0576,0.0098,1.0020,
3.039,ENC,-0.0017,0.0000,-0.0009,-0.0852,0.0000,0.005,-2.826,0.135,-0.378,0.0576,0.0098,1.0020,
3.052,IMU,-0.0017,0.0000,-0.0009,-0.0852,0.0000,0.005,-2.795,0.105,-0.345,0.0498,-0.0005,0.9907,
3.060,ENC,0.0000,0.0000,0.0000,0.0852,0.0000,0.000,-2.795,0.105,-0.345,0.0498,-0.0005,0.9907,
3.071,IMU,0.0000,0.0000,0.0000,0.0852,0.0000,0.000,-2.771,0.100,-0.301,0.0522,0.0063,0.9888,
3.078,ENC,0.0000,0.0000,0.0000,0.0000,0.0000,0.000,-2.771,0.100,-0.301,0.0522,0.0063,0.9888,
3.092,IMU,0.0000,0.0000,0.0000,0.0000,0.0000,0.000,-2.803,0.092,-0.299,0.0474,-0.0015,0.9819,
3.099,ENC,-0.0017,0.0000,-0.0009,-0.0852,0.0000,0.005,-2.803,0.092,-0.299,0.0474,-0.0015,0.9819,
3.111,IMU,-0.0017,0.0000,-0.0009,-0.0852,0.0000,0.005,-2.788,0.081,-0.287,0.0439,-0.0029,0.9927,
3.118,ENC,0.0000,0.0000,0.0000,0.0852,0.0000,0.000,-2.788,0.081,-0.287,0.0439,-0.0029,0.9927,
3.131,IMU,0.0000,0.0000,0.0000,0.0852,0.0000,0.000,-2.811,0.146,-0.243,0.0483,0.0103,0.9990,
3.138,ENC,-0.0017,0.0000,-0.0009,-0.0852,0.0000,0.005,-2.811,0.146,-0.243,0.0483,0.0103,0.9990,
3.151,IMU,-0.0017,0.0000,-0.0009,-0.0852,0.0000,0.005,-2.853,0.143,-0.243,0.0537,0.0083,0.9941,
3.159,ENC,-0.0017,0.0000,-0.0009,0.0000,0.0000,0.005,-2.853,0.143,-0.243,0.0537,0.0083,0.9941,
3.172,IMU,-0.0017,0.0000,-0.0009,0.0000,0.0000,0.005,-2.848,0.133,-0.240,0.0503,-0.0020,0.9917,
3.178,ENC,-0.0017,0.0000,-0.0009,0.0000,0.0000,0.005,-2.848,0.133,-0.240,0.0503,-0.0020,0.9917,
3.192,IMU,-0.0017,0.0000,-0.0009,0.0000,0.0000,0.005,-2.845,0.154,-0.196,0.0474,0.0117,0.9917,
3.199,ENC,-0.0017,0.0000,-0.0009,0.0000,0.0000,0.005,-2.845,0.154,-0.196,0.0474,0.0117,0.9917,
3.219,ENC,-0.0017,0.0000,-0.0009,0.0000,0.0000,0.005,-2.845,0.154,-0.196,0.0474,0.0117,0.9917,
3.232,IMU,-0.0017,0.0000,-0.0009,0.0000,0.0000,0.005,-2.796,0.187,-0.195,0.0479,-0.0005,0.9839,
3.240,ENC,-0.0017,0.0000,-0.0009,0.0000,0.0000,0.005,-2.796,0.187,-0.195,0.0479,-0.0005,0.9839,
3.252,IMU,-0.0017,0.0000,-0.0009,0.0000,0.0000,0.005,-2.796,0.174,-0.202,0.0518,0.0010,0.9985,
3.260,ENC,-0.0017,0.0000,-0.0009,0.0000,0.0000,0.005,-2.796,0.174,-0.202,0.0518,0.0010,0.9985,
3.272,IMU,-0.0017,0.0000,-0.0009,0.0000,0.0000,0.005,-2.839,0.169,-0.176,0.0493,-0.0068,0.9912,
3.279,ENC,0.0000,0.0000,0.0000,0.0852,0.0000,0.000,-2.839,0.169,-0.176,0.0493,-0.0068,0.9912,
3.293,IMU,0.0000,0.0000,0.0000,0.0852,0.0000,0.000,-2.855,0.191,-0.192,0.0630,-0.0117,0.9917,
3.299,ENC,-0.0017,0.0000,-0.0009,-0.0852,0.0000,0.005,-2.855,0.191,-0.192,0.0630,-0.0117,0.9917,
3.311,IMU,-0.0017,0.0000,-0.0009,-0.0852,0.0000,0.005,-2.823,0.188,-0.198,0.0498,0.0088,0.9883,
3.318,ENC,-0.0017,0.0000,-0.0009,0.0000,0.0000,0.005,-2.823,0.188,-0.198,0.0498,0.0088,0.9883,
3.331,IMU,-0.0017,0.0000,-0.0009,0.0000,0.0000,0.005,-2.840,0.164,-0.198,0.0503,-0.0039,0.9961,
3.338,ENC,0.0000,0.0000,0.0000,0.0852,0.0000,0.000,-2.840,0.164,-0.198,0.0503,-0.0039,0.9961,
3.352,IMU,0.0000,0.0000,0.0000,0.0852,0.0000,0.000,-2.865,0.168,-0.230,0.0498,0.0010,0.9932,
3.358,ENC,-0.0017,0.0000,-0.0009,-0.0852,0.0000,0.005,-2.865,0.168,-0.230,0.0498,0.0010,0.9932,
3.371,IMU,-0.0017,0.0000,-0.0009,-0.0852,0.0000,0.005,-2.890,0.123,-0.230,0.0552,0.0005,1.0059,
3.378,ENC,-0.0017,0.0000,-0.0009,0.0000,0.0000,0.005,-2.890,0.123,-0.230,0.0552,0.0005,1.0059,
3.392,IMU,-0.0017,0.0000,-0.0009,0.0000,0.0000,0.005,-2.913,0.121,-0.203,0.0742,-0.0103,0.9946,
3.398,ENC,-0.0017,0.0000,-0.0009,0.0000,0.0000,0.005,-2.913,0.121,-0.203,0.0742,-0.0103,0.9946,
3.414,IMU,-0.0017,0.0000,-0.0009,0.0000,0.0000,0.005,-2.892,0.139,-0.181,0.0522,0.0127,0.9946,
3.419,ENC,0.0000,0.0000,0.0000,0.0852,0.0000,0.000,-2.892,0.139,-0.181,0.0522,0.0127,0.9946,
3.432,IMU,0.0000,0.0000,0.0000,0.0852,0.0000,0.000,-2.856,0.130,-0.162,0.0425,0.0039,1.0024,
3.439,ENC,-0.0017,0.0000,-0.0009,-0.0852,0.0000,0.005,-2.856,0.130,-0.162,0.0425,0.0039,1.0024,
3.452,IMU,-0.0017,0.0000,-0.0009,-0.0852,0.0000,0.005,-2.831,0.151,-0.126,0.0591,-0.0049,0.9966,
3.458,ENC,-0.0017,0.0000,-0.0009,0.0000,0.0000,0.005,-2.831,0.151,-0.126,0.0591,-0.0049,0.9966,
3.471,IMU,-0.0017,0.0000,-0.0009,0.0000,0.0000,0.005,-2.840,0.158,-0.114,0.0601,0.0205,0.9990,
3.478,ENC,0.0000,0.0000,0.0000,0.0852,0.0000,0.000,-2.840,0.158,-0.114,0.0601,0.0205,0.9990,
3.492,IMU,0.0000,0.0000,0.0000,0.0852,0.0000,0.000,-2.860,0.209,-0.103,0.0503,0.0073,1.0000,
3.498,ENC,-0.0017,0.0000,-0.0009,-0.0852,0.0000,0.005,-2.860,0.209,-0.103,0.0503,0.0073,1.0000,
3.515,IMU,-0.0017,0.0000,-0.0009,-0.0852,0.0000,0.005,-2.860,0.201,-0.098,0.0454,0.0029,0.9917,
3.519,ENC,0.0000,0.0000,0.0000,0.0852,0.0000,0.000,-2.860,0.201,-0.098,0.0454,0.0029,0.9917,
3.531,IMU,0.0000,0.0000,0.0000,0.0852,0.0000,0.000,-2.867,0.213,-0.093,0.0547,0.0063,0.9966,
3.538,ENC,-0.0017,0.0000,-0.0009,-0.0852,0.0000,0.005,-2.867,0.213,-0.093,0.0547,0.0063,0.9966,
3.551,IMU,-0.0017,0.0000,-0.0009,-0.0852,0.0000,0.005,-2.860,0.200,-0.094,0.0630,-0.0059,0.9873,
3.559,ENC,-0.0017,0.0000,-0.0009,0.0000,0.0000,0.005,-2.860,0.200,-0.094,0.0630,-0.0059,0.9873,
3.571,IMU,-0.0017,0.0000,-0.0009,0.0000,0.0000,0.005,-2.884,0.221,-0.092,0.0356,0.0078,0.9878,
3.579,ENC,-0.0017,0.0000,-0.0009,0.0000,0.0000,0.005,-2.884,0.221,-0.092,0.0356,0.0078,0.9878,
3.592,IMU,-0.0017,0.0000,-0.0009,0.0000,0.0000,0.005,-2.866,0.215,-0.075,0.0464,-0.0034,0.9995,
3.599,ENC,0.0000,0.0000,0.0000,0.0852,0.0000,0.000,-2.866,0.215,-0.075,0.0464,-0.0034,0.9995,
3.611,IMU,0.0000,0.0000,0.0000,0.0852,0.0000,0.000,-2.861,0.246,-0.051,0.0483,0.0054,0.9941,
3.620,ENC,-0.0017,0.0000,-0.0009,-0.0852,0.0000,0.005,-2.861,0.246,-0.051,0.0483,0.0054,0.9941,
3.632,IMU,-0.0017,0.0000,-0.0009,-0.0852,0.0000,0.005,-2.852,0.248,-0.041,0.0532,0.0093,0.9990,
3.639,ENC,0.0000,0.0000,0.0000,0.0852,0.0000,0.000,-2.852,0.248,-0.041,0.0532,0.0093,0.9990,
3.652,IMU,0.0000,0.0000,0.0000,0.0852,0.0000,0.000,-2.844,0.238,-0.044,0.0518,-0.0005,0.9946,
3.659,ENC,-0.0017,0.0000,-0.0009,-0.0852,0.0000,0.005,-2.844,0.238,-0.044,0.0518,-0.0005,0.9946,
3.671,IMU,-0.0017,0.0000,-0.0009,-0.0852,0.0000,0.005,-2.860,0.211,-0.025,0.0361,0.0015,0.9888,
3.678,ENC,0.0000,0.0000,0.0000,0.0852,0.0000,0.000,-2.860,0.211,-0.025,0.0361,0.0015,0.9888,
3.692,IMU,0.0000,0.0000,0.0000,0.0852,0.0000,0.000,-2.866,0.235,-0.047,0.0488,0.0083,0.9946,
3.699,ENC,0.0000,0.0000,0.0000,0.0000,0.0000,0.000,-2.866,0.235,-0.047,0.0488,0.0083,0.9946,
3.712,IMU,0.0000,0.0000,0.0000,0.0000,0.0000,0.000,-2.863,0.211,-0.055,0.0483,0.0020,0.9863,
3.718,ENC,-0.0017,0.0000,-0.0009,-0.0852,0.0000,0.005,-2.863,0.211,-0.055,0.0483,0.0020,0.9863,
3.731,IMU,-0.0017,0.0000,-0.0009,-0.0852,0.0000,0.005,-2.870,0.204,-0.034,0.0464,0.0098,0.9980,
3.738,ENC,0.0000,0.0000,0.0000,0.0852,0.0000,0.000,-2.870,0.204,-0.034,0.0464,0.0098,0.9980,
3.751,IMU,0.0000,0.0000,0.0000,0.0852,0.0000,0.000,-2.874,0.186,-0.043,0.0532,-0.0044,0.9961,
3.758,ENC,-0.0017,0.0000,-0.0009,-0.0852,0.0000,0.005,-2.874,0.186,-0.043,0.0532,-0.0044,0.9961,
3.771,IMU,-0.0017,0.0000,-0.0009,-0.0852,0.0000,0.005,-2.892,0.178,-0.053,0.0479,-0.0127,0.9961,
3.778,ENC,-0.0017,0.0000,-0.0009,0.0000,0.0000,0.005,-2.892,0.178,-0.053,0.0479,-0.0127,0.9961,
3.799,ENC,-0.0017,0.0000,-0.0009,0.0000,0.0000,0.005,-2.892,0.178,-0.053,0.0479,-0.0127,0.9961,
3.811,IMU,-0.0017,0.0000,-0.0009,0.0000,0.0000,0.005,-2.879,0.151,-0.119,0.0508,0.0073,0.9849,
3.821,ENC,0.0000,0.0000,0.0000,0.0852,0.0000,0.000,-2.879,0.151,-0.119,0.0508,0.0073,0.9849,
3.831,IMU,0.0000,0.0000,0.0000,0.0852,0.0000,0.000,-2.896,0.126,-0.146,0.0581,-0.0063,0.9995,
3.838,ENC,-0.0017,0.0000,-0.0009,-0.0852,0.0000,0.005,-2.896,0.126,-0.146,0.0581,-0.0063,0.9995,
3.852,IMU,-0.0017,0.0000,-0.0009,-0.0852,0.0000,0.005,-2.871,0.105,-0.182,0.0645,-0.0020,0.9976,
3.858,ENC,-0.0017,0.0000,-0.0009,0.0000,0.0000,0.005,-2.871,0.105,-0.182,0.0645,-0.0020,0.9976,
3.872,IMU,-0.0017,0.0000,-0.0009,0.0000,0.0000,0.005,-2.847,0.096,-0.192,0.0571,0.0078,0.9932,
3.879,ENC,-0.0017,0.0000,-0.0009,0.0000,0.0000,0.005,-2.847,0.096,-0.192,0.0571,0.0078,0.9932,
3.892,IMU,-0.0017,0.0000,-0.0009,0.0000,0.0000,0.005,-2.879,0.126,-0.204,0.0557,0.0088,0.9912,
3.900,ENC,-0.0017,0.0000,-0.0009,0.0000,0.0000,0.005,-2.879,0.126,-0.204,0.0557,0.0088,0.9912,
3.912,IMU,-0.0017,0.0000,-0.0009,0.0000,0.0000,0.005,-2.915,0.137,-0.177,0.0562,0.0098,0.9922,
3.918,ENC,-0.0017,0.0000,-0.0009,0.0000,0.0000,0.005,-2.915,0.137,-0.177,0.0562,0.0098,0.9922,
3.931,IMU,-0.0017,0.0000,-0.0009,0.0000,0.0000,0.005,-2.952,0.148,-0.172,0.0645,-0.0015,1.0039,
3.940,ENC,-0.0017,0.0000,-0.0009,0.0000,0.0000,0.005,-2.952,0.148,-0.172,0.0645,-0.0015,1.0039,
3.951,IMU,-0.0017,0.0000,-0.0009,0.0000,0.0000,0.005,-2.916,0.147,-0.223,0.0542,-0.0078,0.9805,
3.958,ENC,-0.0017,0.0000,-0.0009,0.0000,0.0000,0.005,-2.916,0.147,-0.223,0.0542,-0.0078,0.9805,
3.971,IMU,-0.0017,0.0000,-0.0009,0.0000,0.0000,0.005,-2.923,0.111,-0.261,0.0571,0.0015,0.9941,
3.979,ENC,-0.0017,0.0000,-0.0009,0.0000,0.0000,0.005,-2.923,0.111,-0.261,0.0571,0.0015,0.9941,
3.991,IMU,-0.0017,0.0000,-0.0009,0.0000,0.0000,0.005,-2.932,0.147,-0.265,0.0625,0.0059,0.9971,
3.998,ENC,0.0000,0.0000,0.0000,0.0852,0.0000,0.000,-2.932,0.147,-0.265,0.0625,0.0059,0.9971,
4.011,IMU,0.0000,0.0000,0.0000,0.0852,0.0000,0.000,-2.927,0.105,-0.270,0.0459,0.0073,0.9976,
4.019,ENC,-0.0017,0.0000,-0.0009,-0.0852,0.0000,0.005,-2.927,0.105,-0.270,0.0459,0.0073,0.9976,
4.031,IMU,-0.0017,0.0000,-0.0009,-0.0852,0.0000,0.005,-2.984,0.118,-0.300,0.0610,0.0073,1.0059,
4.038,ENC,-0.0017,0.0000,-0.0009,0.0000,0.0000,0.005,-2.984,0.118,-0.300,0.0610,0.0073,1.0059,
4.051,IMU,-0.0017,0.0000,-0.0009,0.0000,0.0000,0.005,-3.030,0.167,-0.291,0.0483,-0.0034,0.9883,
4.058,ENC,-0.0017,0.0000,-0.0009,0.0000,0.0000,0.005,-3.030,0.167,-0.291,0.0483,-0.0034,0.9883,
4.071,IMU,-0.0017,0.0000,-0.0009,0.0000,0.0000,0.005,-2.976,0.185,-0.290,0.0474,0.0068,0.9883,
4.078,ENC,0.0000,0.0000,0.0000,0.0852,0.0000,0.000,-2.976,0.185,-0.290,0.0474,0.0068,0.9883,
4.099,ENC,-0.0017,0.0000,-0.0009,-0.0852,0.0000,0.005,-2.976,0.185,-0.290,0.0474,0.0068,0.9883,
4.111,IMU,-0.0017,0.0000,-0.0009,-0.0852,0.0000,0.005,-2.967,0.228,-0.172,0.0571,0.0078,0.9927,
4.118,ENC,-0.0017,0.0000,-0.0009,0.0000,0.0000,0.005,-2.967,0.228,-0.172,0.0571,0.0078,0.9927,
4.132,IMU,-0.0017,0.0000,-0.0009,0.0000,0.0000,0.005,-3.053,0.254,-0.220,0.0571,-0.0024,1.0044,
4.138,ENC,-0.0017,0.0000,-0.0009,0.0000,0.0000,0.005,-3.053,0.254,-0.220,0.0571,-0.0024,1.0044,
4.151,IMU,-0.0017,0.0000,-0.0009,0.0000,0.0000,0.005,-3.044,0.246,-0.231,0.0562,0.0020,0.9976,
4.158,ENC,-0.0017,0.0000,-0.0009,0.0000,0.0000,0.005,-3.044,0.246,-0.231,0.0562,0.0020,0.9976,
4.171,IMU,-0.0017,0.0000,-0.0009,0.0000,0.0000,0.005,-3.017,0.234,-0.230,0.0527,-0.0059,1.0024,
4.178,ENC,0.0000,0.0000,0.0000,0.0852,0.0000,0.000,-3.017,0.234,-0.230,0.0527,-0.0059,1.0024,
4.191,IMU,0.0000,0.0000,0.0000,0.0852,0.0000,0.000,-2.985,0.252,-0.243,0.0503,0.0024,0.9961,
4.199,ENC,0.0000,0.0000,0.0000,0.0000,0.0000,0.000,-2.985,0.252,-0.243,0.0503,0.0024,0.9961,
4.211,IMU,0.0000,0.0000,0.0000,0.0000,0.0000,0.000,-2.977,0.253,-0.245,0.0605,-0.0005,0.9922,
4.218,ENC,-0.0017,0.0000,-0.0009,-0.0852,0.0000,0.005,-2.977,0.253,-0.245,0.0605,-0.0005,0.9922,
4.240,ENC,-0.0017,0.0000,-0.0009,0.0000,0.0000,0.005,-2.977,0.253,-0.245,0.0605,-0.0005,0.9922,
4.251,IMU,-0.0017,0.0000,-0.0009,0.0000,0.0000,0.005,-2.991,0.293,-0.180,0.0591,0.0093,1.0029,
4.259,ENC,-0.0017,0.0000,-0.0009,0.0000,0.0000,0.005,-2.991,0.293,-0.180,0.0591,0.0093,1.0029,
4.273,IMU,-0.0017,0.0000,-0.0009,0.0000,0.0000,0.005,-3.010,0.282,-0.184,0.0562,-0.0029,0.9971,
4.293,IMU,-0.0017,0.0000,-0.0009,0.0000,0.0000,0.005,-3.040,0.280,-0.199,0.0542,-0.0020,0.9907,
4.299,ENC,-0.0017,0.0000,-0.0009,0.0000,0.0000,0.005,-3.040,0.280,-0.199,0.0542,-0.0020,0.9907,
4.311,IMU,-0.0017,0.0000,-0.0009,0.0000,0.0000,0.005,-3.033,0.279,-0.196,0.0479,-0.0068,0.9937,
4.318,ENC,0.0000,0.0000,0.0000,0.0852,0.0000,0.000,-3.033,0.279,-0.196,0.0479,-0.0068,0.9937,
4.334,IMU,0.0000,0.0000,0.0000,0.0852,0.0000,0.000,-3.033,0.286,-0.204,0.0620,-0.0083,0.9941,
4.338,ENC,-0.0017,0.0000,-0.0009,-0.0852,0.0000,0.005,-3.033,0.286,-0.204,0.0620,-0.0083,0.9941,
4.352,IMU,-0.0017,0.0000,-0.0009,-0.0852,0.0000,0.005,-3.038,0.244,-0.217,0.0537,0.0005,0.9893,
4.358,ENC,0.0000,0.0000,0.0000,0.0852,0.0000,0.000,-3.038,0.244,-0.217,0.0537,0.0005,0.9893,
4.380,ENC,-0.0017,0.0000,-0.0009,-0.0852,0.0000,0.005,-3.038,0.244,-0.217,0.0537,0.0005,0.9893,
4.383,IMU,-0.0017,0.0000,-0.0009,-0.0852,0.0000,0.005,-3.045,0.226,-0.240,0.0498,0.0020,0.9883,
4.399,ENC,-0.0017,0.0000,-0.0009,0.0000,0.0000,0.005,-3.045,0.226,-0.240,0.0498,0.0020,0.9883,
4.411,IMU,-0.0017,0.0000,-0.0009,0.0000,0.0000,0.005,-3.019,0.227,-0.237,0.0552,0.0103,0.9995,
4.418,ENC,-0.0017,0.0000,-0.0009,0.0000,0.0000,0.005,-3.019,0.227,-0.237,0.0552,0.0103,0.9995,
4.432,IMU,-0.0017,0.0000,-0.0009,0.0000,0.0000,0.005,-3.054,0.229,-0.209,0.0503,-0.0054,0.9937,
4.438,ENC,-0.0017,0.0000,-0.0009,0.0000,0.0000,0.005,-3.054,0.229,-0.209,0.0503,-0.0054,0.9937,
4.451,IMU,-0.0017,0.0000,-0.0009,0.0000,0.0000,0.005,-3.059,0.192,-0.215,0.0508,0.0107,0.9897,
4.460,ENC,0.0000,0.0000,0.0000,0.0852,0.0000,0.000,-3.059,0.192,-0.215,0.0508,0.0107,0.9897,
4.471,IMU,0.0000,0.0000,0.0000,0.0852,0.0000,0.000,-3.062,0.144,-0.241,0.0469,-0.0039,1.0068,
4.480,ENC,0.0000,0.0000,0.0000,0.0000,0.0000,0.000,-3.062,0.144,-0.241,0.0469,-0.0039,1.0068,
4.492,IMU,0.0000,0.0000,0.0000,0.0000,0.0000,0.000,-3.032,0.135,-0.261,0.0513,0.0054,1.0020,
4.498,ENC,-0.0017,0.0000,-0.0009,-0.0852,0.0000,0.005,-3.032,0.135,-0.261,0.0513,0.0054,1.0020,
4.511,IMU,-0.0017,0.0000,-0.0009,-0.0852,0.0000,0.005,-3.058,0.139,-0.237,0.0576,0.0098,1.0127,
4.519,ENC,-0.0017,0.0000,-0.0009,0.0000,0.0000,0.005,-3.058,0.139,-0.237,0.0576,0.0098,1.0127,
4.532,IMU,-0.0017,0.0000,-0.0009,0.0000,0.0000,0.005,-3.008,0.139,-0.295,0.0522,0.0039,0.9897,
4.538,ENC,-0.0017,0.0000,-0.0009,0.0000,0.0000,0.005,-3.008,0.139,-0.295,0.0522,0.0039,0.9897,
4.557,IMU,-0.0017,0.0000,-0.0009,0.0000,0.0000,0.005,-2.974,0.179,-0.300,0.0474,0.0088,0.9893,
4.559,ENC,0.0000,0.0000,0.0000,0.0852,0.0000,0.000,-2.974,0.179,-0.300,0.0474,0.0088,0.9893,
4.571,IMU,0.0000,0.0000,0.0000,0.0852,0.0000,0.000,-2.958,0.180,-0.322,0.0439,0.0166,0.9888,
4.579,ENC,-0.0017,0.0000,-0.0009,-0.0852,0.0000,0.005,-2.958,0.180,-0.322,0.0439,0.0166,0.9888,
4.591,IMU,-0.0017,0.0000,-0.0009,-0.0852,0.0000,0.005,-3.016,0.157,-0.266,0.0474,0.0010,1.0024,
4.598,ENC,-0.0017,0.0000,-0.0009,0.0000,0.0000,0.005,-3.016,0.157,-0.266,0.0474,0.0010,1.0024,
4.612,IMU,-0.0017,0.0000,-0.0009,0.0000,0.0000,0.005,-3.002,0.125,-0.293,0.0610,-0.0010,1.0044,
4.618,ENC,0.0000,0.0000,0.0000,0.0852,0.0000,0.000,-3.002,0.125,-0.293,0.0610,-0.0010,1.0044,
4.631,IMU,0.0000,0.0000,0.0000,0.0852,0.0000,0.000,-3.019,0.059,-0.320,0.0498,-0.0015,0.9956,
4.640,ENC,0.0000,0.0000,0.0000,0.0000,0.0000,0.000,-3.019,0.059,-0.320,0.0498,-0.0015,0.9956,
4.653,IMU,0.0000,0.0000,0.0000,0.0000,0.0000,0.000,-3.047,0.075,-0.343,0.0532,-0.0024,0.9932,
4.659,ENC,0.0000,0.0000,0.0000,0.0000,0.0000,0.000,-3.047,0.075,-0.343,0.0532,-0.0024,0.9932,
4.672,IMU,0.0000,0.0000,0.0000,0.0000,0.0000,0.000,-3.079,0.089,-0.308,0.0654,0.0005,0.9878,
4.679,ENC,-0.0017,0.0000,-0.0009,-0.0852,0.0000,0.005,-3.079,0.089,-0.308,0.0654,0.0005,0.9878,
4.691,IMU,-0.0017,0.0000,-0.0009,-0.0852,0.0000,0.005,-3.074,0.088,-0.299,0.0557,-0.0049,0.9951,
4.700,ENC,-0.0017,0.0000,-0.0009,0.0000,0.0000,0.005,-3.074,0.088,-0.299,0.0557,-0.0049,0.9951,
4.712,IMU,-0.0017,0.0000,-0.0009,0.0000,0.0000,0.005,-3.096,0.121,-0.252,0.0503,0.0010,0.9893,
4.718,ENC,0.0000,0.0000,0.0000,0.0852,0.0000,0.000,-3.096,0.121,-0.252,0.0503,0.0010,0.9893,
4.731,IMU,0.0000,0.0000,0.0000,0.0852,0.0000,0.000,-3.083,0.106,-0.237,0.0547,0.0034,0.9990,
4.738,ENC,0.0000,0.0000,0.0000,0.0000,0.0000,0.000,-3.083,0.106,-0.237,0.0547,0.0034,0.9990,
4.752,IMU,0.0000,0.0000,0.0000,0.0000,0.0000,0.000,-3.057,0.106,-0.310,0.0459,-0.0039,0.9868,
4.759,ENC,-0.0017,0.0000,-0.0009,-0.0852,0.0000,0.005,-3.057,0.106,-0.310,0.0459,-0.0039,0.9868,
4.770,IMU,-0.0017,0.0000,-0.0009,-0.0852,0.0000,0.005,-3.059,0.110,-0.271,0.0664,0.0049,0.9961,
4.778,ENC,-0.0017,0.0000,-0.0009,0.0000,0.0000,0.005,-3.059,0.110,-0.271,0.0664,0.0049,0.9961,
4.791,IMU,-0.0017,0.0000,-0.0009,0.0000,0.0000,0.005,-3.035,0.088,-0.229,0.0522,0.0137,0.9941,
4.798,ENC,0.0000,0.0000,0.0000,0.0852,0.0000,0.000,-3.035,0.088,-0.229,0.0522,0.0137,0.9941,
4.811,IMU,0.0000,0.0000,0.0000,0.0852,0.0000,0.000,-3.024,0.063,-0.274,0.0571,0.0068,0.9834,
4.818,ENC,-0.0017,0.0000,-0.0009,-0.0852,0.0000,0.005,-3.024,0.063,-0.274,0.0571,0.0068,0.9834,
4.831,IMU,-0.0017,0.0000,-0.0009,-0.0852,0.0000,0.005,-2.989,0.056,-0.291,0.0464,0.0029,0.9868,
4.838,ENC,0.0000,0.0000,0.0000,0.0852,0.0000,0.000,-2.989,0.056,-0.291,0.0464,0.0029,0.9868,
4.852,IMU,0.0000,0.0000,0.0000,0.0852,0.0000,0.000,-3.021,0.073,-0.304,0.0552,0.0034,1.0039,
4.861,ENC,0.0000,0.0000,0.0000,0.0000,0.0000,0.000,-3.021,0.073,-0.304,0.0552,0.0034,1.0039,
4.871,IMU,0.0000,0.0000,0.0000,0.0000,0.0000,0.000,-3.017,0.077,-0.295,0.0361,0.0034,0.9907,
4.878,ENC,0.0000,0.0000,0.0000,0.0000,0.0000,0.000,-3.017,0.077,-0.295,0.0361,0.0034,0.9907,
4.891,IMU,0.0000,0.0000,0.0000,0.0000,0.0000,0.000,-3.022,0.059,-0.312,0.0464,0.0127,1.0107,
4.899,ENC,-0.0017,0.0000,-0.0009,-0.0852,0.0000,0.005,-3.022,0.059,-0.312,0.0464,0.0127,1.0107,
4.911,IMU,-0.0017,0.0000,-0.0009,-0.0852,0.0000,0.005,-2.988,0.045,-0.312,0.0508,-0.0107,1.0044,
4.918,ENC,-0.0017,0.0000,-0.0009,0.0000,0.0000,0.005,-2.988,0.045,-0.312,0.0508,-0.0107,1.0044,
4.932,IMU,-0.0017,0.0000,-0.0009,0.0000,0.0000,0.005,-2.968,0.042,-0.344,0.0571,-0.0029,0.9985,
4.938,ENC,0.0000,0.0000,0.0000,0.0852,0.0000,0.000,-2.968,0.042,-0.344,0.0571,-0.0029,0.9985,
4.952,IMU,0.0000,0.0000,0.0000,0.0852,0.0000,0.000,-2.978,0.008,-0.386,0.0532,-0.0073,0.9912,
4.959,ENC,0.0000,0.0000,0.0000,0.0000,0.0000,0.000,-2.978,0.008,-0.386,0.0532,-0.0073,0.9912,
4.972,IMU,0.0000,0.0000,0.0000,0.0000,0.0000,0.000,-2.938,-0.009,-0.420,0.0542,0.0020,1.0039,
4.978,ENC,0.0000,0.0000,0.0000,0.0000,0.0000,0.000,-2.938,-0.009,-0.420,0.0542,0.0020,1.0039,
4.991,IMU,0.0000,0.0000,0.0000,0.0000,0.0000,0.000,-2.923,0.005,-0.419,0.0493,-0.0024,0.9995,
4.999,ENC,-0.0017,0.0000,-0.0009,-0.0852,0.0000,0.005,-2.923,0.005,-0.419,0.0493,-0.0024,0.9995,
5.011,IMU,-0.0017,0.0000,-0.0009,-0.0852,0.0000,0.005,-2.916,0.049,-0.389,0.0557,0.0088,0.9966,
5.018,ENC,-0.0017,0.0000,-0.0009,0.0000,0.0000,0.005,-2.916,0.049,-0.389,0.0557,0.0088,0.9966,
5.031,IMU,-0.0017,0.0000,-0.0009,0.0000,0.0000,0.005,-2.907,0.033,-0.408,0.0469,0.0063,0.9941,
5.039,ENC,0.0000,0.0000,0.0000,0.0852,0.0000,0.000,-2.907,0.033,-0.408,0.0469,0.0063,0.9941,
5.051,IMU,0.0000,0.0000,0.0000,0.0852,0.0000,0.000,-2.931,0.061,-0.407,0.0552,0.0059,1.0029,
5.058,ENC,-0.0017,0.0000,-0.0009,-0.0852,0.0000,0.005,-2.931,0.061,-0.407,0.0552,0.0059,1.0029,
5.071,IMU,-0.0017,0.0000,-0.0009,-0.0852,0.0000,0.005,-2.887,0.033,-0.456,0.0415,0.0098,0.9824,
5.079,ENC,0.0000,0.0000,0.0000,0.0852,0.0000,0.000,-2.887,0.033,-0.456,0.0415,0.0098,0.9824,
5.091,IMU,0.0000,0.0000,0.0000,0.0852,0.0000,0.000,-2.904,0.025,-0.411,0.0474,0.0093,0.9985,
5.098,ENC,-0.0017,0.0000,-0.0009,-0.0852,0.0000,0.005,-2.904,0.025,-0.411,0.0474,0.0093,0.9985,
5.110,IMU,-0.0017,0.0000,-0.0009,-0.0852,0.0000,0.005,-2.900,0.030,-0.399,0.0493,-0.0015,0.9946,
5.119,ENC,-0.0017,0.0000,-0.0009,0.0000,0.0000,0.005,-2.900,0.030,-0.399,0.0493,-0.0015,0.9946,
5.132,IMU,-0.0017,0.0000,-0.0009,0.0000,0.0000,0.005,-2.877,0.013,-0.381,0.0469,-0.0034,1.0010,
5.139,ENC,0.0000,0.0000,0.0000,0.0852,0.0000,0.000,-2.877,0.013,-0.381,0.0469,-0.0034,1.0010,
5.153,IMU,0.0000,0.0000,0.0000,0.0852,0.0000,0.000,-2.852,0.029,-0.346,0.0425,-0.0029,0.9966,
5.158,ENC,-0.0017,0.0000,-0.0009,-0.0852,0.0000,0.005,-2.852,0.029,-0.346,0.0425,-0.0029,0.9966,
5.174,IMU,-0.0017,0.0000,-0.0009,-0.0852,0.0000,0.005,-2.849,0.050,-0.331,0.0601,-0.0005,0.9985,
5.178,ENC,0.0000,0.0000,0.0000,0.0852,0.0000,0.000,-2.849,0.050,-0.331,0.0601,-0.0005,0.9985,
5.191,IMU,0.0000,0.0000,0.0000,0.0852,0.0000,0.000,-2.803,0.027,-0.305,0.0503,0.0024,0.9937,
5.199,ENC,0.0000,0.0000,0.0000,0.0000,0.0000,0.000,-2.803,0.027,-0.305,0.0503,0.0024,0.9937,
5.211,IMU,0.0000,0.0000,0.0000,0.0000,0.0000,0.000,-2.767,0.062,-0.287,0.0474,0.0024,0.9976,
5.218,ENC,0.0000,0.0000,0.0000,0.0000,0.0000,0.000,-2.767,0.062,-0.287,0.0474,0.0024,0.9976,
5.231,IMU,0.0000,0.0000,0.0000,0.0000,0.0000,0.000,-2.768,0.056,-0.344,0.0542,0.0000,0.9922,
5.238,ENC,0.0000,0.0000,0.0000,0.0000,0.0000,0.000,-2.768,0.056,-0.344,0.0542,0.0000,0.9922,
5.262,ENC,0.0000,0.0000,0.0000,0.0000,0.0000,0.000,-2.768,0.056,-0.344,0.0542,0.0000,0.9922,
5.272,IMU,0.0000,0.0000,0.0000,0.0000,0.0000,0.000,-2.663,0.027,-0.460,0.0435,0.0049,0.9888,
5.279,ENC,-0.0017,0.0000,-0.0009,-0.0852,0.0000,0.005,-2.663,0.027,-0.460,0.0435,0.0049,0.9888,
5.298,IMU,-0.0017,0.0000,-0.0009,-0.0852,0.0000,0.005,-2.675,0.035,-0.451,0.0449,0.0015,0.9844,
5.300,ENC,0.0000,0.0000,0.0000,0.0852,0.0000,0.000,-2.675,0.035,-0.451,0.0449,0.0015,0.9844,
5.312,IMU,0.0000,0.0000,0.0000,0.0852,0.0000,0.000,-2.643,0.029,-0.481,0.0503,0.0088,1.0059,
5.318,ENC,0.0000,0.0000,0.0000,0.0000,0.0000,0.000,-2.643,0.029,-0.481,0.0503,0.0088,1.0059,
5.338,ENC,-0.0017,0.0000,-0.0009,-0.0852,0.0000,0.005,-2.643,0.029,-0.481,0.0503,0.0088,1.0059,
5.352,IMU,-0.0017,0.0000,-0.0009,-0.0852,0.0000,0.005,-2.603,-0.014,-0.527,0.0513,-0.0005,0.9976,
5.358,ENC,0.0000,0.0000,0.0000,0.0852,0.0000,0.000,-2.603,-0.014,-0.527,0.0513,-0.0005,0.9976,
5.372,IMU,0.0000,0.0000,0.0000,0.0852,0.0000,0.000,-2.616,0.019,-0.520,0.0493,-0.0005,0.9907,
5.378,ENC,-0.0017,0.0000,-0.0009,-0.0852,0.0000,0.005,-2.616,0.019,-0.520,0.0493,-0.0005,0.9907,
5.393,IMU,-0.0017,0.0000,-0.0009,-0.0852,0.0000,0.005,-2.660,0.035,-0.537,0.0469,-0.0132,0.9951,
5.398,ENC,-0.0017,0.0000,-0.0009,0.0000,0.0000,0.005,-2.660,0.035,-0.537,0.0469,-0.0132,0.9951,
5.411,IMU,-0.0017,0.0000,-0.0009,0.0000,0.0000,0.005,-2.633,0.044,-0.544,0.0420,0.0059,1.0024,
5.419,ENC,0.0000,0.0000,0.0000,0.0852,0.0000,0.000,-2.633,0.044,-0.544,0.0420,0.0059,1.0024,
5.431,IMU,0.0000,0.0000,0.0000,0.0852,0.0000,0.000,-2.662,0.068,-0.544,0.0547,0.0010,0.9858,
5.439,ENC,0.0000,0.0000,0.0000,0.0000,0.0000,0.000,-2.662,0.068,-0.544,0.0547,0.0010,0.9858,
5.452,IMU,0.0000,0.0000,0.0000,0.0000,0.0000,0.000,-2.725,0.047,-0.509,0.0610,0.0063,0.9878,
5.460,ENC,-0.0017,0.0000,-0.0009,-0.0852,0.0000,0.005,-2.725,0.047,-0.509,0.0610,0.0063,0.9878,
5.472,IMU,-0.0017,0.0000,-0.0009,-0.0852,0.0000,0.005,-2.703,0.053,-0.476,0.0522,-0.0034,1.0000,
5.479,ENC,-0.0017,0.0000,-0.0009,0.0000,0.0000,0.005,-2.703,0.053,-0.476,0.0522,-0.0034,1.0000,
5.491,IMU,-0.0017,0.0000,-0.0009,0.0000,0.0000,0.005,-2.695,0.083,-0.455,0.0522,0.0044,1.0024,
5.498,ENC,0.0000,0.0000,0.0000,0.0852,0.0000,0.000,-2.695,0.083,-0.455,0.0522,0.0044,1.0024,
5.516,IMU,0.0000,0.0000,0.0000,0.0852,0.0000,0.000,-2.714,0.062,-0.414,0.0527,-0.0083,0.9971,
5.518,ENC,0.0000,0.0000,0.0000,0.0000,0.0000,0.000,-2.714,0.062,-0.414,0.0527,-0.0083,0.9971,
5.532,IMU,0.0000,0.0000,0.0000,0.0000,0.0000,0.000,-2.692,0.053,-0.429,0.0527,-0.0024,0.9941,
5.538,ENC,-0.0017,0.0000,-0.0009,-0.0852,0.0000,0.005,-2.692,0.053,-0.429,0.0527,-0.0024,0.9941,
5.559,IMU,-0.0017,0.0000,-0.0009,-0.0852,0.0000,0.005,-2.648,0.033,-0.458,0.0576,0.0020,1.0098,
5.561,ENC,-0.0017,0.0000,-0.0009,0.0000,0.0000,0.005,-2.648,0.033,-0.458,0.0576,0.0020,1.0098,
5.571,IMU,-0.0017,0.0000,-0.0009,0.0000,0.0000,0.005,-2.666,0.056,-0.438,0.0581,0.0093,0.9897,
5.578,ENC,0.0000,0.0000,0.0000,0.0852,0.0000,0.000,-2.666,0.056,-0.438,0.0581,0.0093,0.9897,
5.591,IMU,0.0000,0.0000,0.0000,0.0852,0.0000,0.000,-2.661,0.062,-0.399,0.0605,-0.0020,0.9922,
5.598,ENC,-0.0017,0.0000,-0.0009,-0.0852,0.0000,0.005,-2.661,0.062,-0.399,0.0605,-0.0020,0.9922,
5.613,IMU,-0.0017,0.0000,-0.0009,-0.0852,0.0000,0.005,-2.720,0.112,-0.386,0.0581,0.0005,0.9917,
5.619,ENC,0.0000,0.0000,0.0000,0.0852,0.0000,0.000,-2.720,0.112,-0.386,0.0581,0.0005,0.9917,
5.631,IMU,0.0000,0.0000,0.0000,0.0852,0.0000,0.000,-2.761,0.113,-0.406,0.0542,0.0005,0.9834,
5.638,ENC,0.0000,0.0000,0.0000,0.0000,0.0000,0.000,-2.761,0.113,-0.406,0.0542,0.0005,0.9834,
5.652,IMU,0.0000,0.0000,0.0000,0.0000,0.0000,0.000,-2.798,0.129,-0.417,0.0605,-0.0039,0.9780,
5.659,ENC,-0.0017,0.0000,-0.0009,-0.0852,0.0000,0.005,-2.798,0.129,-0.417,0.0605,-0.0039,0.9780,
5.674,IMU,-0.0017,0.0000,-0.0009,-0.0852,0.0000,0.005,-2.780,0.120,-0.369,0.0513,0.0005,0.9961,
5.680,ENC,0.0000,0.0000,0.0000,0.0852,0.0000,0.000,-2.780,0.120,-0.369,0.0513,0.0005,0.9961,
5.691,IMU,0.0000,0.0000,0.0000,0.0852,0.0000,0.000,-2.780,0.133,-0.398,0.0371,-0.0005,0.9922,
5.699,ENC,-0.0017,0.0000,-0.0009,-0.0852,0.0000,0.005,-2.780,0.133,-0.398,0.0371,-0.0005,0.9922,
5.713,IMU,-0.0017,0.0000,-0.0009,-0.0852,0.0000,0.005,-2.776,0.118,-0.354,0.0518,0.0054,1.0010,
5.719,ENC,-0.0017,0.0000,-0.0009,0.0000,0.0000,0.005,-2.776,0.118,-0.354,0.0518,0.0054,1.0010,
5.738,ENC,0.0000,0.0000,0.0000,0.0852,0.0000,0.000,-2.776,0.118,-0.354,0.0518,0.0054,1.0010,
5.751,IMU,0.0000,0.0000,0.0000,0.0852,0.0000,0.000,-2.713,0.191,-0.386,0.0420,0.0029,0.9980,
5.758,ENC,-0.0017,0.0000,-0.0009,-0.0852,0.0000,0.005,-2.713,0.191,-0.386,0.0420,0.0029,0.9980,
5.771,IMU,-0.0017,0.0000,-0.0009,-0.0852,0.0000,0.005,-2.715,0.145,-0.407,0.0532,-0.0093,0.9966,
5.778,ENC,-0.0017,0.0000,-0.0009,0.0000,0.0000,0.005,-2.715,0.145,-0.407,0.0532,-0.0093,0.9966,
5.791,IMU,-0.0017,0.0000,-0.0009,0.0000,0.0000,0.005,-2.710,0.124,-0.430,0.0542,0.0029,0.9927,
5.799,ENC,0.0000,0.0000,0.0000,0.0852,0.0000,0.000,-2.710,0.124,-0.430,0.0542,0.0029,0.9927,
5.813,IMU,0.0000,0.0000,0.0000,0.0852,0.0000,0.000,-2.716,0.161,-0.396,0.0562,0.0132,0.9961,
5.819,ENC,0.0000,0.0000,0.0000,0.0000,0.0000,0.000,-2.716,0.161,-0.396,0.0562,0.0132,0.9961,
5.831,IMU,0.0000,0.0000,0.0000,0.0000,0.0000,0.000,-2.758,0.180,-0.346,0.0444,0.0034,0.9932,
5.839,ENC,0.0000,0.0000,0.0000,0.0000,0.0000,0.000,-2.758,0.180,-0.346,0.0444,0.0034,0.9932,
5.851,IMU,0.0000,0.0000,0.0000,0.0000,0.0000,0.000,-2.733,0.171,-0.370,0.0459,-0.0127,1.0029,
5.859,ENC,0.0000,0.0000,0.0000,0.0000,0.0000,0.000,-2.733,0.171,-0.370,0.0459,-0.0127,1.0029,
5.871,IMU,0.0000,0.0000,0.0000,0.0000,0.0000,0.000,-2.743,0.189,-0.317,0.0562,0.0054,1.0044,
5.878,ENC,0.0000,0.0000,0.0000,0.0000,0.0000,0.000,-2.743,0.189,-0.317,0.0562,0.0054,1.0044,
5.891,IMU,0.0000,0.0000,0.0000,0.0000,0.0000,0.000,-2.772,0.203,-0.318,0.0557,0.0044,0.9927,
5.899,ENC,0.0000,0.0000,0.0000,0.0000,0.0000,0.000,-2.772,0.203,-0.318,0.0557,0.0044,0.9927,
5.911,IMU,0.0000,0.0000,0.0000,0.0000,0.0000,0.000,-2.810,0.169,-0.306,0.0552,-0.0063,1.0024,
5.918,ENC,-0.0017,0.0000,-0.0009,-0.0852,0.0000,0.005,-2.810,0.169,-0.306,0.0552,-0.0063,1.0024,
5.934,IMU,-0.0017,0.0000,-0.0009,-0.0852,0.0000,0.005,-2.833,0.202,-0.342,0.0591,0.0005,0.9971,
5.938,ENC,-0.0017,0.0000,-0.0009,0.0000,0.0000,0.005,-2.833,0.202,-0.342,0.0591,0.0005,0.9971,
5.952,IMU,-0.0017,0.0000,-0.0009,0.0000,0.0000,0.005,-2.909,0.188,-0.347,0.0635,-0.0103,0.9941,
5.958,ENC,0.0000,0.0000,0.0000,0.0852,0.0000,0.000,-2.909,0.188,-0.347,0.0635,-0.0103,0.9941,
5.972,IMU,0.0000,0.0000,0.0000,0.0852,0.0000,0.000,-2.913,0.235,-0.373,0.0532,0.0010,0.9932,
5.978,ENC,0.0000,0.0000,0.0000,0.0000,0.0000,0.000,-2.913,0.235,-0.373,0.0532,0.0010,0.9932,
5.991,IMU,0.0000,0.0000,0.0000,0.0000,0.0000,0.000,-2.916,0.266,-0.404,0.0371,0.0107,0.9834,
5.998,ENC,-0.0017,0.0000,-0.0009,-0.0852,0.0000,0.005,-2.916,0.266,-0.404,0.0371,0.0107,0.9834,
6.011,IMU,-0.0017,0.0000,-0.0009,-0.0852,0.0000,0.005,-2.929,0.285,-0.430,0.0581,0.0127,0.9912,
6.018,ENC,0.0000,0.0000,0.0000,0.0852,0.0000,0.000,-2.929,0.285,-0.430,0.0581,0.0127,0.9912,
6.031,IMU,0.0000,0.0000,0.0000,0.0852,0.0000,0.000,-2.943,0.334,-0.435,0.0566,0.0054,0.9883,
6.038,ENC,-0.0017,0.0000,-0.0009,-0.0852,0.0000,0.005,-2.943,0.334,-0.435,0.0566,0.0054,0.9883,
6.051,IMU,-0.0017,0.0000,-0.0009,-0.0852,0.0000,0.005,-2.946,0.324,-0.450,0.0430,0.0029,1.0049,
6.059,ENC,-0.0017,0.0000,-0.0009,0.0000,0.0000,0.005,-2.946,0.324,-0.450,0.0430,0.0029,1.0049,
6.074,IMU,-0.0017,0.0000,-0.0009,0.0000,0.0000,0.005,-2.953,0.327,-0.459,0.0474,0.0039,0.9980,
6.080,ENC,-0.0017,0.0000,-0.0009,0.0000,0.0000,0.005,-2.953,0.327,-0.459,0.0474,0.0039,0.9980,
6.091,IMU,-0.0017,0.0000,-0.0009,0.0000,0.0000,0.005,-2.890,0.293,-0.490,0.0542,-0.0039,0.9956,
6.099,ENC,0.0000,0.0000,0.0000,0.0852,0.0000,0.000,-2.890,0.293,-0.490,0.0542,-0.0039,0.9956,
6.112,IMU,0.0000,0.0000,0.0000,0.0852,0.0000,0.000,-2.929,0.308,-0.445,0.0591,-0.0054,0.9985,
6.118,ENC,0.0000,0.0000,0.0000,0.0000,0.0000,0.000,-2.929,0.308,-0.445,0.0591,-0.0054,0.9985,
6.132,IMU,0.0000,0.0000,0.0000,0.0000,0.0000,0.000,-2.905,0.331,-0.446,0.0415,0.0059,0.9946,
6.139,ENC,-0.0017,0.0000,-0.0009,-0.0852,0.0000,0.005,-2.905,0.331,-0.446,0.0415,0.0059,0.9946,
6.152,IMU,-0.0017,0.0000,-0.0009,-0.0852,0.0000,0.005,-2.918,0.365,-0.440,0.0552,0.0103,0.9961,
6.159,ENC,-0.0017,0.0000,-0.0009,0.0000,0.0000,0.005,-2.918,0.365,-0.440,0.0552,0.0103,0.9961,
6.172,IMU,-0.0017,0.0000,-0.0009,0.0000,0.0000,0.005,-2.911,0.329,-0.444,0.0415,-0.0093,0.9951,
6.178,ENC,-0.0017,0.0000,-0.0009,0.0000,0.0000,0.005,-2.911,0.329,-0.444,0.0415,-0.0093,0.9951,
6.191,IMU,-0.0017,0.0000,-0.0009,0.0000,0.0000,0.005,-2.880,0.326,-0.455,0.0454,-0.0039,0.9922,
6.199,ENC,-0.0017,0.0000,-0.0009,0.0000,0.0000,0.005,-2.880,0.326,-0.455,0.0454,-0.0039,0.9922,
6.215,IMU,-0.0017,0.0000,-0.0009,0.0000,0.0000,0.005,-2.903,0.291,-0.439,0.0381,-0.0044,1.0039,
6.218,ENC,0.0000,0.0000,0.0000,0.0852,0.0000,0.000,-2.903,0.291,-0.439,0.0381,-0.0044,1.0039,
6.231,IMU,0.0000,0.0000,0.0000,0.0852,0.0000,0.000,-2.884,0.275,-0.435,0.0464,0.0029,0.9863,
6.238,ENC,-0.0017,0.0000,-0.0009,-0.0852,0.0000,0.005,-2.884,0.275,-0.435,0.0464,0.0029,0.9863,
6.251,IMU,-0.0017,0.0000,-0.0009,-0.0852,0.0000,0.005,-2.866,0.277,-0.428,0.0625,-0.0078,0.9922,
6.260,ENC,0.0000,0.0000,0.0000,0.0852,0.0000,0.000,-2.866,0.277,-0.428,0.0625,-0.0078,0.9922,
6.271,IMU,0.0000,0.0000,0.0000,0.0852,0.0000,0.000,-2.833,0.289,-0.373,0.0498,0.0029,0.9951,
6.278,ENC,0.0000,0.0000,0.0000,0.0000,0.0000,0.000,-2.833,0.289,-0.373,0.0498,0.0029,0.9951,
6.291,IMU,0.0000,0.0000,0.0000,0.0000,0.0000,0.000,-2.813,0.290,-0.397,0.0508,-0.0122,0.9956,
6.299,ENC,0.0000,0.0000,0.0000,0.0000,0.0000,0.000,-2.813,0.290,-0.397,0.0508,-0.0122,0.9956,
6.311,IMU,0.0000,0.0000,0.0000,0.0000,0.0000,0.000,-2.809,0.270,-0.416,0.0562,0.0010,1.0103,
6.318,ENC,-0.0017,0.0000,-0.0009,-0.0852,0.0000,0.005,-2.809,0.270,-0.416,0.0562,0.0010,1.0103,
6.332,IMU,-0.0017,0.0000,-0.0009,-0.0852,0.0000,0.005,-2.833,0.248,-0.400,0.0576,0.0020,0.9912,
6.339,ENC,-0.0017,0.0000,-0.0009,0.0000,0.0000,0.005,-2.833,0.248,-0.400,0.0576,0.0020,0.9912,
6.351,IMU,-0.0017,0.0000,-0.0009,0.0000,0.0000,0.005,-2.853,0.206,-0.385,0.0410,0.0020,1.0059,
6.358,ENC,0.0000,0.0000,0.0000,0.0852,0.0000,0.000,-2.853,0.206,-0.385,0.0410,0.0020,1.0059,
6.371,IMU,0.0000,0.0000,0.0000,0.0852,0.0000,0.000,-2.896,0.180,-0.385,0.0596,-0.0034,1.0000,
6.381,ENC,-0.0017,0.0000,-0.0009,-0.0852,0.0000,0.005,-2.896,0.180,-0.385,0.0596,-0.0034,1.0000,
6.393,IMU,-0.0017,0.0000,-0.0009,-0.0852,0.0000,0.005,-2.908,0.161,-0.388,0.0596,-0.0044,0.9902,
6.399,ENC,0.0000,0.0000,0.0000,0.0852,0.0000,0.000,-2.908,0.161,-0.388,0.0596,-0.0044,0.9902,
6.411,IMU,0.0000,0.0000,0.0000,0.0852,0.0000,0.000,-2.915,0.158,-0.414,0.0542,-0.0015,0.9980,
6.419,ENC,-0.0017,0.0000,-0.0009,-0.0852,0.0000,0.005,-2.915,0.158,-0.414,0.0542,-0.0015,0.9980,
6.431,IMU,-0.0017,0.0000,-0.0009,-0.0852,0.0000,0.005,-2.935,0.176,-0.403,0.0645,0.0010,0.9985,
6.438,ENC,0.0000,0.0000,0.0000,0.0852,0.0000,0.000,-2.935,0.176,-0.403,0.0645,0.0010,0.9985,
6.452,IMU,0.0000,0.0000,0.0000,0.0852,0.0000,0.000,-2.958,0.182,-0.397,0.0430,0.0015,0.9971,
6.458,ENC,-0.0017,0.0000,-0.0009,-0.0852,0.0000,0.005,-2.958,0.182,-0.397,0.0430,0.0015,0.9971,
6.471,IMU,-0.0017,0.0000,-0.0009,-0.0852,0.0000,0.005,-2.925,0.204,-0.390,0.0469,0.0005,0.9868,
6.478,ENC,-0.0017,0.0000,-0.0009,0.0000,0.0000,0.005,-2.925,0.204,-0.390,0.0469,0.0005,0.9868,
6.492,IMU,-0.0017,0.0000,-0.0009,0.0000,0.0000,0.005,-2.907,0.195,-0.441,0.0537,-0.0166,0.9863,
6.500,ENC,0.0000,0.0000,0.0000,0.0852,0.0000,0.000,-2.907,0.195,-0.441,0.0537,-0.0166,0.9863,
6.512,IMU,0.0000,0.0000,0.0000,0.0852,0.0000,0.000,-2.944,0.227,-0.414,0.0508,0.0039,1.0010,
6.519,ENC,0.0000,0.0000,0.0000,0.0000,0.0000,0.000,-2.944,0.227,-0.414,0.0508,0.0039,1.0010,
6.531,IMU,0.0000,0.0000,0.0000,0.0000,0.0000,0.000,-2.927,0.217,-0.428,0.0503,0.0010,0.9946,
6.539,ENC,-0.0017,0.0000,-0.0009,-0.0852,0.0000,0.005,-2.927,0.217,-0.428,0.0503,0.0010,0.9946,
6.559,ENC,-0.0017,0.0000,-0.0009,0.0000,0.0000,0.005,-2.927,0.217,-0.428,0.0503,0.0010,0.9946,
6.571,IMU,-0.0017,0.0000,-0.0009,0.0000,0.0000,0.005,-2.939,0.158,-0.504,0.0493,-0.0039,0.9961,
6.579,ENC,-0.0017,0.0000,-0.0009,0.0000,0.0000,0.005,-2.939,0.158,-0.504,0.0493,-0.0039,0.9961,
6.591,IMU,-0.0017,0.0000,-0.0009,0.0000,0.0000,0.005,-2.932,0.186,-0.481,0.0522,0.0112,0.9961,
6.598,ENC,-0.0017,0.0000,-0.0009,0.0000,0.0000,0.005,-2.932,0.186,-0.481,0.0522,0.0112,0.9961,
6.611,IMU,-0.0017,0.0000,-0.0009,0.0000,0.0000,0.005,-2.907,0.220,-0.496,0.0493,0.0000,1.0122,
6.619,ENC,0.0000,0.0000,0.0000,0.0852,0.0000,0.000,-2.907,0.220,-0.496,0.0493,0.0000,1.0122,
6.632,IMU,0.0000,0.0000,0.0000,0.0852,0.0000,0.000,-2.914,0.232,-0.506,0.0410,-0.0024,0.9824,
6.639,ENC,0.0000,0.0000,0.0000,0.0000,0.0000,0.000,-2.914,0.232,-0.506,0.0410,-0.0024,0.9824,
6.659,ENC,-0.0017,0.0000,-0.0009,-0.0852,0.0000,0.005,-2.914,0.232,-0.506,0.0410,-0.0024,0.9824,
6.672,IMU,-0.0017,0.0000,-0.0009,-0.0852,0.0000,0.005,-2.937,0.180,-0.514,0.0488,0.0029,0.9976,
6.678,ENC,0.0000,0.0000,0.0000,0.0852,0.0000,0.000,-2.937,0.180,-0.514,0.0488,0.0029,0.9976,
6.693,IMU,0.0000,0.0000,0.0000,0.0852,0.0000,0.000,-2.955,0.179,-0.544,0.0503,0.0063,0.9937,
6.698,ENC,0.0000,0.0000,0.0000,0.0000,0.0000,0.000,-2.955,0.179,-0.544,0.0503,0.0063,0.9937,
6.711,IMU,0.0000,0.0000,0.0000,0.0000,0.0000,0.000,-2.932,0.235,-0.547,0.0415,0.0029,0.9927,
6.722,ENC,-0.0017,0.0000,-0.0009,-0.0852,0.0000,0.005,-2.932,0.235,-0.547,0.0415,0.0029,0.9927,
6.731,IMU,-0.0017,0.0000,-0.0009,-0.0852,0.0000,0.005,-2.968,0.262,-0.530,0.0459,-0.0068,0.9937,
6.738,ENC,0.0000,0.0000,0.0000,0.0852,0.0000,0.000,-2.968,0.262,-0.530,0.0459,-0.0068,0.9937,
6.751,IMU,0.0000,0.0000,0.0000,0.0852,0.0000,0.000,-2.976,0.204,-0.525,0.0674,0.0029,0.9966,
6.759,ENC,-0.0017,0.0000,-0.0009,-0.0852,0.0000,0.005,-2.976,0.204,-0.525,0.0674,0.0029,0.9966,
6.773,IMU,-0.0017,0.0000,-0.0009,-0.0852,0.0000,0.005,-2.978,0.216,-0.517,0.0635,0.0117,0.9897,
6.779,ENC,-0.0017,0.0000,-0.0009,0.0000,0.0000,0.005,-2.978,0.216,-0.517,0.0635,0.0117,0.9897,
6.791,IMU,-0.0017,0.0000,-0.0009,0.0000,0.0000,0.005,-2.939,0.216,-0.525,0.0513,0.0015,0.9956,
6.798,ENC,0.0000,0.0000,0.0000,0.0852,0.0000,0.000,-2.939,0.216,-0.525,0.0513,0.0015,0.9956,
6.811,IMU,0.0000,0.0000,0.0000,0.0852,0.0000,0.000,-2.919,0.248,-0.518,0.0513,0.0029,0.9985,
6.818,ENC,-0.0017,0.0000,-0.0009,-0.0852,0.0000,0.005,-2.919,0.248,-0.518,0.0513,0.0029,0.9985,
6.831,IMU,-0.0017,0.0000,-0.0009,-0.0852,0.0000,0.005,-2.942,0.233,-0.500,0.0459,0.0059,0.9937,
6.838,ENC,-0.0017,0.0000,-0.0009,0.0000,0.0000,0.005,-2.942,0.233,-0.500,0.0459,0.0059,0.9937,
6.851,IMU,-0.0017,0.0000,-0.0009,0.0000,0.0000,0.005,-2.914,0.226,-0.498,0.0571,-0.0103,0.9980,
6.858,ENC,-0.0017,0.0000,-0.0009,0.0000,0.0000,0.005,-2.914,0.226,-0.498,0.0571,-0.0103,0.9980,
6.873,IMU,-0.0017,0.0000,-0.0009,0.0000,0.0000,0.005,-2.944,0.249,-0.487,0.0591,0.0024,0.9902,
6.880,ENC,-0.0017,0.0000,-0.0009,0.0000,0.0000,0.005,-2.944,0.249,-0.487,0.0591,0.0024,0.9902,
6.893,IMU,-0.0017,0.0000,-0.0009,0.0000,0.0000,0.005,-2.950,0.273,-0.473,0.0615,0.0039,1.0024,
6.899,ENC,0.0000,0.0000,0.0000,0.0852,0.0000,0.000,-2.950,0.273,-0.473,0.0615,0.0039,1.0024,
6.911,IMU,0.0000,0.0000,0.0000,0.0852,0.0000,0.000,-2.970,0.264,-0.448,0.0537,-0.0029,0.9946,
6.920,ENC,0.0000,0.0000,0.0000,0.0000,0.0000,0.000,-2.970,0.264,-0.448,0.0537,-0.0029,0.9946,
6.931,IMU,0.0000,0.0000,0.0000,0.0000,0.0000,0.000,-2.979,0.295,-0.415,0.0439,-0.0015,0.9990,
6.940,ENC,-0.0017,0.0000,-0.0009,-0.0852,0.0000,0.005,-2.979,0.295,-0.415,0.0439,-0.0015,0.9990,
6.952,IMU,-0.0017,0.0000,-0.0009,-0.0852,0.0000,0.005,-2.949,0.282,-0.435,0.0474,0.0063,1.0000,
6.972,IMU,-0.0017,0.0000,-0.0009,-0.0852,0.0000,0.005,-2.965,0.273,-0.434,0.0415,0.0039,0.9888,
6.978,ENC,-0.0017,0.0000,-0.0009,0.0000,0.0000,0.005,-2.965,0.273,-0.434,0.0415,0.0039,0.9888,
6.991,IMU,-0.0017,0.0000,-0.0009,0.0000,0.0000,0.005,-2.938,0.281,-0.469,0.0601,-0.0015,1.0005,
6.999,ENC,0.0000,0.0000,0.0000,0.0852,0.0000,0.000,-2.938,0.281,-0.469,0.0601,-0.0015,1.0005,
7.011,IMU,0.0000,0.0000,0.0000,0.0852,0.0000,0.000,-2.952,0.281,-0.454,0.0430,0.0176,0.9771,
7.020,ENC,0.0000,0.0000,0.0000,0.0000,0.0000,0.000,-2.952,0.281,-0.454,0.0430,0.0176,0.9771,
7.031,IMU,0.0000,0.0000,0.0000,0.0000,0.0000,0.000,-2.961,0.258,-0.418,0.0562,0.0083,0.9927,
7.039,ENC,-0.0017,0.0000,-0.0009,-0.0852,0.0000,0.005,-2.961,0.258,-0.418,0.0562,0.0083,0.9927,
7.055,IMU,-0.0017,0.0000,-0.0009,-0.0852,0.0000,0.005,-2.933,0.253,-0.430,0.0552,0.0010,0.9927,
7.061,ENC,0.0000,0.0000,0.0000,0.0852,0.0000,0.000,-2.933,0.253,-0.430,0.0552,0.0010,0.9927,
7.072,IMU,0.0000,0.0000,0.0000,0.0852,0.0000,0.000,-2.955,0.267,-0.470,0.0469,0.0059,0.9971,
7.078,ENC,0.0000,0.0000,0.0000,0.0000,0.0000,0.000,-2.955,0.267,-0.470,0.0469,0.0059,0.9971,
7.091,IMU,0.0000,0.0000,0.0000,0.0000,0.0000,0.000,-2.950,0.266,-0.527,0.0488,0.0010,0.9995,
7.098,ENC,0.0000,0.0000,0.0000,0.0000,0.0000,0.000,-2.950,0.266,-0.527,0.0488,0.0010,0.9995,
7.113,IMU,0.0000,0.0000,0.0000,0.0000,0.0000,0.000,-2.944,0.278,-0.489,0.0527,0.0122,0.9961,
7.119,ENC,0.0000,0.0000,0.0000,0.0000,0.0000,0.000,-2.944,0.278,-0.489,0.0527,0.0122,0.9961,
7.131,IMU,0.0000,0.0000,0.0000,0.0000,0.0000,0.000,-2.920,0.269,-0.508,0.0532,-0.0083,0.9922,
7.139,ENC,-0.0017,0.0000,-0.0009,-0.0852,0.0000,0.005,-2.920,0.269,-0.508,0.0532,-0.0083,0.9922,
7.151,IMU,-0.0017,0.0000,-0.0009,-0.0852,0.0000,0.005,-2.911,0.272,-0.533,0.0483,-0.0015,0.9912,
7.159,ENC,-0.0017,0.0000,-0.0009,0.0000,0.0000,0.005,-2.911,0.272,-0.533,0.0483,-0.0015,0.9912,
7.176,IMU,-0.0017,0.0000,-0.0009,0.0000,0.0000,0.005,-2.926,0.305,-0.557,0.0527,0.0034,1.0005,
7.179,ENC,0.0000,0.0000,0.0000,0.0852,0.0000,0.000,-2.926,0.305,-0.557,0.0527,0.0034,1.0005,
7.191,IMU,0.0000,0.0000,0.0000,0.0852,0.0000,0.000,-2.948,0.301,-0.575,0.0518,0.0015,0.9966,
7.200,ENC,-0.0017,0.0000,-0.0009,-0.0852,0.0000,0.005,-2.948,0.301,-0.575,0.0518,0.0015,0.9966,
7.211,IMU,-0.0017,0.0000,-0.0009,-0.0852,0.0000,0.005,-2.953,0.302,-0.518,0.0610,-0.0005,0.9937,
7.218,ENC,-0.0017,0.0000,-0.0009,0.0000,0.0000,0.005,-2.953,0.302,-0.518,0.0610,-0.0005,0.9937,
7.231,IMU,-0.0017,0.0000,-0.0009,0.0000,0.0000,0.005,-2.976,0.324,-0.539,0.0513,0.0029,0.9946,
7.238,ENC,0.0000,0.0000,0.0000,0.0852,0.0000,0.000,-2.976,0.324,-0.539,0.0513,0.0029,0.9946,
7.251,IMU,0.0000,0.0000,0.0000,0.0852,0.0000,0.000,-2.993,0.334,-0.539,0.0488,-0.0063,1.0005,
7.259,ENC,0.0000,0.0000,0.0000,0.0000,0.0000,0.000,-2.993,0.334,-0.539,0.0488,-0.0063,1.0005,
7.277,IMU,0.0000,0.0000,0.0000,0.0000,0.0000,0.000,-2.985,0.310,-0.490,0.0498,-0.0020,0.9971,
7.279,ENC,0.0000,0.0000,0.0000,0.0000,0.0000,0.000,-2.985,0.310,-0.490,0.0498,-0.0020,0.9971,
7.291,IMU,0.0000,0.0000,0.0000,0.0000,0.0000,0.000,-2.989,0.279,-0.528,0.0459,0.0015,0.9956,
7.298,ENC,-0.0017,0.0000,-0.0009,-0.0852,0.0000,0.005,-2.989,0.279,-0.528,0.0459,0.0015,0.9956,
7.312,IMU,-0.0017,0.0000,-0.0009,-0.0852,0.0000,0.005,-3.001,0.274,-0.572,0.0537,0.0020,0.9907,
7.318,ENC,-0.0017,0.0000,-0.0009,0.0000,0.0000,0.005,-3.001,0.274,-0.572,0.0537,0.0020,0.9907,
7.331,IMU,-0.0017,0.0000,-0.0009,0.0000,0.0000,0.005,-2.979,0.316,-0.580,0.0498,0.0068,0.9912,
7.339,ENC,0.0000,0.0000,0.0000,0.0852,0.0000,0.000,-2.979,0.316,-0.580,0.0498,0.0068,0.9912,
7.352,IMU,0.0000,0.0000,0.0000,0.0852,0.0000,0.000,-2.999,0.280,-0.608,0.0537,-0.0112,1.0015,
7.360,ENC,-0.0017,0.0000,-0.0009,-0.0852,0.0000,0.005,-2.999,0.280,-0.608,0.0537,-0.0112,1.0015,
7.372,IMU,-0.0017,0.0000,-0.0009,-0.0852,0.0000,0.005,-3.036,0.300,-0.613,0.0483,0.0103,0.9961,
7.378,ENC,-0.0017,0.0000,-0.0009,0.0000,0.0000,0.005,-3.036,0.300,-0.613,0.0483,0.0103,0.9961,
7.392,IMU,-0.0017,0.0000,-0.0009,0.0000,0.0000,0.005,-3.024,0.281,-0.598,0.0635,0.0039,0.9941,
7.398,ENC,0.0000,0.0000,0.0000,0.0852,0.0000,0.000,-3.024,0.281,-0.598,0.0635,0.0039,0.9941,
7.413,IMU,0.0000,0.0000,0.0000,0.0852,0.0000,0.000,-3.019,0.261,-0.639,0.0566,-0.0093,0.9927,
7.419,ENC,-0.0017,0.0000,-0.0009,-0.0852,0.0000,0.005,-3.019,0.261,-0.639,0.0566,-0.0093,0.9927,
7.431,IMU,-0.0017,0.0000,-0.0009,-0.0852,0.0000,0.005,-3.057,0.262,-0.639,0.0513,-0.0137,1.0034,
7.438,ENC,0.0000,0.0000,0.0000,0.0852,0.0000,0.000,-3.057,0.262,-0.639,0.0513,-0.0137,1.0034,
7.451,IMU,0.0000,0.0000,0.0000,0.0852,0.0000,0.000,-3.057,0.271,-0.580,0.0376,0.0039,0.9932,
7.458,ENC,0.0000,0.0000,0.0000,0.0000,0.0000,0.000,-3.057,0.271,-0.580,0.0376,0.0039,0.9932,
7.472,IMU,0.0000,0.0000,0.0000,0.0000,0.0000,0.000,-3.035,0.229,-0.611,0.0640,-0.0083,1.0039,
7.478,ENC,0.0000,0.0000,0.0000,0.0000,0.0000,0.000,-3.035,0.229,-0.611,0.0640,-0.0083,1.0039,
7.492,IMU,0.0000,0.0000,0.0000,0.0000,0.0000,0.000,-3.034,0.200,-0.607,0.0474,-0.0044,1.0000,
7.499,ENC,-0.0017,0.0000,-0.0009,-0.0852,0.0000,0.005,-3.034,0.200,-0.607,0.0474,-0.0044,1.0000,
7.511,IMU,-0.0017,0.0000,-0.0009,-0.0852,0.0000,0.005,-3.033,0.181,-0.635,0.0527,0.0010,0.9829,
7.518,ENC,-0.0017,0.0000,-0.0009,0.0000,0.0000,0.005,-3.033,0.181,-0.635,0.0527,0.0010,0.9829,
7.531,IMU,-0.0017,0.0000,-0.0009,0.0000,0.0000,0.005,-3.018,0.206,-0.625,0.0547,0.0000,0.9961,
7.539,ENC,0.0000,0.0000,0.0000,0.0852,0.0000,0.000,-3.018,0.206,-0.625,0.0547,0.0000,0.9961,
7.552,IMU,0.0000,0.0000,0.0000,0.0852,0.0000,0.000,-3.070,0.164,-0.610,0.0508,-0.0054,0.9844,
7.559,ENC,0.0000,0.0000,0.0000,0.0000,0.0000,0.000,-3.070,0.164,-0.610,0.0508,-0.0054,0.9844,
7.571,IMU,0.0000,0.0000,0.0000,0.0000,0.0000,0.000,-3.071,0.151,-0.595,0.0552,0.0005,0.9893,
7.578,ENC,-0.0017,0.0000,-0.0009,-0.0852,0.0000,0.005,-3.071,0.151,-0.595,0.0552,0.0005,0.9893,
7.591,IMU,-0.0017,0.0000,-0.0009,-0.0852,0.0000,0.005,-3.062,0.109,-0.614,0.0586,-0.0117,0.9907,
7.598,ENC,-0.0017,0.0000,-0.0009,0.0000,0.0000,0.005,-3.062,0.109,-0.614,0.0586,-0.0117,0.9907,
7.611,IMU,-0.0017,0.0000,-0.0009,0.0000,0.0000,0.005,-3.021,0.117,-0.627,0.0391,-0.0049,1.0005,
7.618,ENC,-0.0017,0.0000,-0.0009,0.0000,0.0000,0.005,-3.021,0.117,-0.627,0.0391,-0.0049,1.0005,
7.632,IMU,-0.0017,0.0000,-0.0009,0.0000,0.0000,0.005,-3.021,0.087,-0.635,0.0557,0.0029,0.9888,
7.639,ENC,-0.0017,0.0000,-0.0009,0.0000,0.0000,0.005,-3.021,0.087,-0.635,0.0557,0.0029,0.9888,
7.652,IMU,-0.0017,0.0000,-0.0009,0.0000,0.0000,0.005,-3.029,0.064,-0.645,0.0513,-0.0029,0.9937,
7.658,ENC,-0.0017,0.0000,-0.0009,0.0000,0.0000,0.005,-3.029,0.064,-0.645,0.0513,-0.0029,0.9937,
7.673,IMU,-0.0017,0.0000,-0.0009,0.0000,0.0000,0.005,-3.012,0.035,-0.682,0.0493,-0.0034,0.9893,
7.678,ENC,-0.0017,0.0000,-0.0009,0.0000,0.0000,0.005,-3.012,0.035,-0.682,0.0493,-0.0034,0.9893,
7.693,IMU,-0.0017,0.0000,-0.0009,0.0000,0.0000,0.005,-3.021,0.008,-0.675,0.0503,-0.0083,0.9941,
7.698,ENC,-0.0017,0.0000,-0.0009,0.0000,0.0000,0.005,-3.021,0.008,-0.675,0.0503,-0.0083,0.9941,
7.717,IMU,-0.0017,0.0000,-0.0009,0.0000,0.0000,0.005,-3.034,0.000,-0.733,0.0503,-0.0049,0.9937,
7.719,ENC,-0.0017,0.0000,-0.0009,0.0000,0.0000,0.005,-3.034,0.000,-0.733,0.0503,-0.0049,0.9937,
7.731,IMU,-0.0017,0.0000,-0.0009,0.0000,0.0000,0.005,-3.029,0.029,-0.707,0.0488,0.0146,0.9980,
7.738,ENC,0.0000,0.0000,0.0000,0.0852,0.0000,0.000,-3.029,0.029,-0.707,0.0488,0.0146,0.9980,
7.751,IMU,0.0000,0.0000,0.0000,0.0852,0.0000,0.000,-3.022,0.052,-0.716,0.0503,0.0034,0.9858,
7.758,ENC,0.0000,0.0000,0.0000,0.0000,0.0000,0.000,-3.022,0.052,-0.716,0.0503,0.0034,0.9858,
7.771,IMU,0.0000,0.0000,0.0000,0.0000,0.0000,0.000,-2.982,0.036,-0.692,0.0439,-0.0020,0.9932,
7.778,ENC,-0.0017,0.0000,-0.0009,-0.0852,0.0000,0.005,-2.982,0.036,-0.692,0.0439,-0.0020,0.9932,
7.791,IMU,-0.0017,0.0000,-0.0009,-0.0852,0.0000,0.005,-2.994,0.057,-0.718,0.0566,0.0020,0.9814,
7.798,ENC,0.0000,0.0000,0.0000,0.0852,0.0000,0.000,-2.994,0.057,-0.718,0.0566,0.0020,0.9814,
7.812,IMU,0.0000,0.0000,0.0000,0.0852,0.0000,0.000,-2.943,-0.004,-0.762,0.0562,-0.0059,0.9883,
7.818,ENC,0.0000,0.0000,0.0000,0.0000,0.0000,0.000,-2.943,-0.004,-0.762,0.0562,-0.0059,0.9883,
7.831,IMU,0.0000,0.0000,0.0000,0.0000,0.0000,0.000,-2.994,-0.010,-0.783,0.0562,-0.0039,0.9995,
7.838,ENC,0.0000,0.0000,0.0000,0.0000,0.0000,0.000,-2.994,-0.010,-0.783,0.0562,-0.0039,0.9995,
7.851,IMU,0.0000,0.0000,0.0000,0.0000,0.0000,0.000,-2.970,-0.058,-0.846,0.0547,-0.0059,0.9863,
7.858,ENC,0.0000,0.0000,0.0000,0.0000,0.0000,0.000,-2.970,-0.058,-0.846,0.0547,-0.0059,0.9863,
7.871,IMU,0.0000,0.0000,0.0000,0.0000,0.0000,0.000,-2.998,-0.115,-0.854,0.0537,0.0059,0.9834,
7.878,ENC,-0.0017,0.0000,-0.0009,-0.0852,0.0000,0.005,-2.998,-0.115,-0.854,0.0537,0.0059,0.9834,
7.893,IMU,-0.0017,0.0000,-0.0009,-0.0852,0.0000,0.005,-2.974,-0.081,-0.836,0.0527,0.0049,0.9961,
7.898,ENC,0.0000,0.0000,0.0000,0.0852,0.0000,0.000,-2.974,-0.081,-0.836,0.0527,0.0049,0.9961,
7.912,IMU,0.0000,0.0000,0.0000,0.0852,0.0000,0.000,-2.960,-0.029,-0.853,0.0483,0.0151,0.9951,
7.919,ENC,0.0000,0.0000,0.0000,0.0000,0.0000,0.000,-2.960,-0.029,-0.853,0.0483,0.0151,0.9951,
7.931,IMU,0.0000,0.0000,0.0000,0.0000,0.0000,0.000,-2.952,-0.051,-0.846,0.0415,0.0054,1.0015,
7.940,ENC,0.0000,0.0000,0.0000,0.0000,0.0000,0.000,-2.952,-0.051,-0.846,0.0415,0.0054,1.0015,
7.952,IMU,0.0000,0.0000,0.0000,0.0000,0.0000,0.000,-2.913,-0.060,-0.884,0.0444,-0.0093,1.0029,
7.973,IMU,0.0000,0.0000,0.0000,0.0000,0.0000,0.000,-2.910,-0.062,-0.880,0.0542,0.0029,0.9946,
7.980,ENC,-0.0017,0.0000,-0.0009,-0.0426,0.0000,0.005,-2.910,-0.062,-0.880,0.0542,0.0029,0.9946,
7.993,IMU,-0.0017,0.0000,-0.0009,-0.0426,0.0000,0.005,-2.937,-0.070,-0.898,0.0488,-0.0015,0.9888,
7.998,ENC,0.0000,0.0000,0.0000,0.0852,0.0000,0.000,-2.937,-0.070,-0.898,0.0488,-0.0015,0.9888,
8.012,IMU,0.0000,0.0000,0.0000,0.0852,0.0000,0.000,-2.919,-0.050,-0.926,0.0493,-0.0020,0.9927,
8.031,IMU,0.0000,0.0000,0.0000,0.0852,0.0000,0.000,-2.943,-0.058,-0.916,0.0474,0.0063,0.9888,
8.039,ENC,0.0000,0.0000,0.0000,0.0000,0.0000,0.000,-2.943,-0.058,-0.916,0.0474,0.0063,0.9888,
8.051,IMU,0.0000,0.0000,0.0000,0.0000,0.0000,0.000,-2.954,-0.033,-0.925,0.0566,-0.0024,0.9829,
8.059,ENC,0.0000,0.0000,0.0000,0.0000,0.0000,0.000,-2.954,-0.033,-0.925,0.0566,-0.0024,0.9829,
8.073,IMU,0.0000,0.0000,0.0000,0.0000,0.0000,0.000,-3.004,-0.046,-0.895,0.0596,-0.0098,0.9961,
8.081,ENC,-0.0017,0.0000,-0.0009,-0.0852,0.0000,0.005,-3.004,-0.046,-0.895,0.0596,-0.0098,0.9961,
8.098,ENC,0.0000,0.0000,0.0000,0.0852,0.0000,0.000,-3.004,-0.046,-0.895,0.0596,-0.0098,0.9961,
8.111,IMU,0.0000,0.0000,0.0000,0.0852,0.0000,0.000,-2.991,-0.026,-0.813,0.0601,0.0039,0.9863,
8.119,ENC,-0.0017,0.0000,-0.0009,-0.0852,0.0000,0.005,-2.991,-0.026,-0.813,0.0601,0.0039,0.9863,
8.138,ENC,0.0000,0.0000,0.0000,0.0852,0.0000,0.000,-2.991,-0.026,-0.813,0.0601,0.0039,0.9863,
8.151,IMU,0.0000,0.0000,0.0000,0.0852,0.0000,0.000,-2.868,0.009,-0.748,0.0654,-0.0005,1.0010,
8.159,ENC,-0.0017,0.0000,-0.0009,-0.0852,0.0000,0.005,-2.868,0.009,-0.748,0.0654,-0.0005,1.0010,
8.171,IMU,-0.0017,0.0000,-0.0009,-0.0852,0.0000,0.005,-2.867,-0.014,-0.794,0.0488,-0.0020,1.0015,
8.178,ENC,0.0000,0.0000,0.0000,0.0852,0.0000,0.000,-2.867,-0.014,-0.794,0.0488,-0.0020,1.0015,
8.194,IMU,0.0000,0.0000,0.0000,0.0852,0.0000,0.000,-2.856,-0.041,-0.831,0.0454,0.0044,0.9888,
8.200,ENC,-0.0017,0.0000,-0.0009,-0.0852,0.0000,0.005,-2.856,-0.041,-0.831,0.0454,0.0044,0.9888,
8.214,IMU,-0.0017,0.0000,-0.0009,-0.0852,0.0000,0.005,-2.872,-0.040,-0.851,0.0640,0.0015,1.0010,
8.218,ENC,0.0000,0.0000,0.0000,0.0852,0.0000,0.000,-2.872,-0.040,-0.851,0.0640,0.0015,1.0010,
8.231,IMU,0.0000,0.0000,0.0000,0.0852,0.0000,0.000,-2.884,-0.026,-0.815,0.0557,-0.0059,0.9956,
8.239,ENC,-0.0017,0.0000,-0.0009,-0.0852,0.0000,0.005,-2.884,-0.026,-0.815,0.0557,-0.0059,0.9956,
8.251,IMU,-0.0017,0.0000,-0.0009,-0.0852,0.0000,0.005,-2.862,0.003,-0.810,0.0664,0.0000,0.9946,
8.271,IMU,-0.0017,0.0000,-0.0009,-0.0852,0.0000,0.005,-2.832,-0.049,-0.835,0.0532,-0.0083,1.0068,
8.279,ENC,-0.0017,0.0000,-0.0009,0.0000,0.0000,0.005,-2.832,-0.049,-0.835,0.0532,-0.0083,1.0068,
8.291,IMU,-0.0017,0.0000,-0.0009,0.0000,0.0000,0.005,-2.858,-0.016,-0.863,0.0542,0.0039,1.0063,
8.299,ENC,0.0000,0.0000,0.0000,0.0852,0.0000,0.000,-2.858,-0.016,-0.863,0.0542,0.0039,1.0063,
8.311,IMU,0.0000,0.0000,0.0000,0.0852,0.0000,0.000,-2.905,-0.039,-0.922,0.0488,-0.0063,0.9844,
8.337,IMU,0.0000,0.0000,0.0000,0.0852,0.0000,0.000,-2.943,-0.060,-0.978,0.0483,-0.0068,1.0034,
8.340,ENC,-0.0017,0.0000,-0.0009,-0.0426,0.0000,0.005,-2.943,-0.060,-0.978,0.0483,-0.0068,1.0034,
8.352,IMU,-0.0017,0.0000,-0.0009,-0.0426,0.0000,0.005,-2.966,-0.115,-0.948,0.0552,-0.0029,0.9927,
8.358,ENC,-0.0017,0.0000,-0.0009,0.0000,0.0000,0.005,-2.966,-0.115,-0.948,0.0552,-0.0029,0.9927,
8.371,IMU,-0.0017,0.0000,-0.0009,0.0000,0.0000,0.005,-2.970,-0.094,-0.877,0.0464,0.0049,1.0020,
8.399,ENC,0.0000,0.0000,0.0000,0.0426,0.0000,0.000,-2.970,-0.094,-0.877,0.0464,0.0049,1.0020,
8.411,IMU,0.0000,0.0000,0.0000,0.0426,0.0000,0.000,-2.950,-0.067,-0.834,0.0483,0.0015,0.9961,
8.418,ENC,-0.0017,0.0000,-0.0009,-0.0852,0.0000,0.005,-2.950,-0.067,-0.834,0.0483,0.0015,0.9961,
8.431,IMU,-0.0017,0.0000,-0.0009,-0.0852,0.0000,0.005,-2.928,-0.018,-0.862,0.0435,-0.0010,0.9951,
8.438,ENC,-0.0017,0.0000,-0.0009,0.0000,0.0000,0.005,-2.928,-0.018,-0.862,0.0435,-0.0010,0.9951,
8.455,IMU,-0.0017,0.0000,-0.0009,0.0000,0.0000,0.005,-2.909,-0.031,-0.861,0.0615,-0.0059,0.9932,
8.459,ENC,0.0000,0.0000,0.0000,0.0852,0.0000,0.000,-2.909,-0.031,-0.861,0.0615,-0.0059,0.9932,
8.471,IMU,0.0000,0.0000,0.0000,0.0852,0.0000,0.000,-2.923,0.016,-0.871,0.0464,0.0088,1.0034,
8.478,ENC,-0.0017,0.0000,-0.0009,-0.0852,0.0000,0.005,-2.923,0.016,-0.871,0.0464,0.0088,1.0034,
8.491,IMU,-0.0017,0.0000,-0.0009,-0.0852,0.0000,0.005,-2.936,0.053,-0.858,0.0586,0.0166,0.9966,
8.498,ENC,-0.0017,0.0000,-0.0009,0.0000,0.0000,0.005,-2.936,0.053,-0.858,0.0586,0.0166,0.9966,
8.513,IMU,-0.0017,0.0000,-0.0009,0.0000,0.0000,0.005,-2.903,0.006,-0.881,0.0620,-0.0093,0.9849,
8.518,ENC,-0.0017,0.0000,-0.0009,0.0000,0.0000,0.005,-2.903,0.006,-0.881,0.0620,-0.0093,0.9849,
8.532,IMU,-0.0017,0.0000,-0.0009,0.0000,0.0000,0.005,-2.866,0.007,-0.918,0.0415,0.0132,0.9946,
8.538,ENC,-0.0017,0.0000,-0.0009,0.0000,0.0000,0.005,-2.866,0.007,-0.918,0.0415,0.0132,0.9946,
8.557,IMU,-0.0017,0.0000,-0.0009,0.0000,0.0000,0.005,-2.888,0.009,-0.895,0.0493,-0.0098,0.9819,
8.559,ENC,-0.0017,0.0000,-0.0009,0.0000,0.0000,0.005,-2.888,0.009,-0.895,0.0493,-0.0098,0.9819,
8.572,IMU,-0.0017,0.0000,-0.0009,0.0000,0.0000,0.005,-2.817,-0.047,-0.890,0.0562,0.0015,0.9912,
8.578,ENC,-0.0017,0.0000,-0.0009,0.0000,0.0000,0.005,-2.817,-0.047,-0.890,0.0562,0.0015,0.9912,
8.592,IMU,-0.0017,0.0000,-0.0009,0.0000,0.0000,0.005,-2.794,-0.079,-0.938,0.0532,0.0015,0.9873,
8.598,ENC,0.0000,0.0000,0.0000,0.0852,0.0000,0.000,-2.794,-0.079,-0.938,0.0532,0.0015,0.9873,
8.612,IMU,0.0000,0.0000,0.0000,0.0852,0.0000,0.000,-2.799,-0.089,-0.942,0.0552,0.0015,0.9941,
8.618,ENC,0.0000,0.0000,0.0000,0.0000,0.0000,0.000,-2.799,-0.089,-0.942,0.0552,0.0015,0.9941,
8.635,IMU,0.0000,0.0000,0.0000,0.0000,0.0000,0.000,-2.802,-0.124,-0.946,0.0493,0.0054,0.9932,
8.639,ENC,-0.0017,0.0000,-0.0009,-0.0852,0.0000,0.005,-2.802,-0.124,-0.946,0.0493,0.0054,0.9932,
8.657,IMU,-0.0017,0.0000,-0.0009,-0.0852,0.0000,0.005,-2.831,-0.141,-0.948,0.0552,-0.0103,0.9946,
8.659,ENC,0.0000,0.0000,0.0000,0.0852,0.0000,0.000,-2.831,-0.141,-0.948,0.0552,-0.0103,0.9946,
8.671,IMU,0.0000,0.0000,0.0000,0.0852,0.0000,0.000,-2.865,-0.146,-0.958,0.0498,0.0034,1.0039,
8.678,ENC,0.0000,0.0000,0.0000,0.0000,0.0000,0.000,-2.865,-0.146,-0.958,0.0498,0.0034,1.0039,
8.691,IMU,0.0000,0.0000,0.0000,0.0000,0.0000,0.000,-2.862,-0.161,-0.969,0.0552,-0.0034,0.9883,
8.699,ENC,0.0000,0.0000,0.0000,0.0000,0.0000,0.000,-2.862,-0.161,-0.969,0.0552,-0.0034,0.9883,
8.714,IMU,0.0000,0.0000,0.0000,0.0000,0.0000,0.000,-2.857,-0.136,-1.002,0.0542,0.0073,0.9932,
8.719,ENC,-0.0017,0.0000,-0.0009,-0.0852,0.0000,0.005,-2.857,-0.136,-1.002,0.0542,0.0073,0.9932,
8.731,IMU,-0.0017,0.0000,-0.0009,-0.0852,0.0000,0.005,-2.807,-0.143,-1.029,0.0513,0.0098,0.9922,
8.740,ENC,0.0000,0.0000,0.0000,0.0852,0.0000,0.000,-2.807,-0.143,-1.029,0.0513,0.0098,0.9922,
8.763,ENC,0.0000,0.0000,0.0000,0.0000,0.0000,0.000,-2.807,-0.143,-1.029,0.0513,0.0098,0.9922,
8.773,IMU,0.0000,0.0000,0.0000,0.0000,0.0000,0.000,-2.853,-0.151,-1.079,0.0586,-0.0015,0.9956,
8.779,ENC,-0.0017,0.0000,-0.0009,-0.0852,0.0000,0.005,-2.853,-0.151,-1.079,0.0586,-0.0015,0.9956,
8.795,IMU,-0.0017,0.0000,-0.0009,-0.0852,0.0000,0.005,-2.820,-0.106,-1.089,0.0498,0.0107,0.9961,
8.821,IMU,-0.0017,0.0000,-0.0009,-0.0852,0.0000,0.005,-2.812,-0.053,-1.105,0.0435,0.0034,0.9995,
8.832,IMU,-0.0017,0.0000,-0.0009,-0.0852,0.0000,0.005,-2.818,-0.063,-1.086,0.0483,0.0034,0.9858,
8.839,ENC,0.0000,0.0000,0.0000,0.0284,0.0000,0.000,-2.818,-0.063,-1.086,0.0483,0.0034,0.9858,
8.851,IMU,0.0000,0.0000,0.0000,0.0284,0.0000,0.000,-2.826,-0.050,-1.060,0.0527,0.0151,0.9985,
8.858,ENC,0.0000,0.0000,0.0000,0.0000,0.0000,0.000,-2.826,-0.050,-1.060,0.0527,0.0151,0.9985,
8.872,IMU,0.0000,0.0000,0.0000,0.0000,0.0000,0.000,-2.815,-0.073,-1.142,0.0557,0.0049,0.9966,
8.878,ENC,-0.0017,0.0000,-0.0009,-0.0852,0.0000,0.005,-2.815,-0.073,-1.142,0.0557,0.0049,0.9966,
8.899,ENC,0.0000,0.0000,0.0000,0.0852,0.0000,0.000,-2.815,-0.073,-1.142,0.0557,0.0049,0.9966,
8.902,IMU,0.0000,0.0000,0.0000,0.0852,0.0000,0.000,-2.812,-0.048,-1.168,0.0562,0.0000,1.0000,
8.911,IMU,0.0000,0.0000,0.0000,0.0852,0.0000,0.000,-2.779,-0.071,-1.168,0.0547,0.0181,1.0039,
8.919,ENC,0.0000,0.0000,0.0000,0.0000,0.0000,0.000,-2.779,-0.071,-1.168,0.0547,0.0181,1.0039,
8.931,IMU,0.0000,0.0000,0.0000,0.0000,0.0000,0.000,-2.775,-0.070,-1.254,0.0664,0.0049,0.9990,
8.952,ENC,-0.0017,0.0000,-0.0009,-0.0852,0.0000,0.005,-2.775,-0.070,-1.254,0.0664,0.0049,0.9990,
8.959,ENC,0.0000,0.0000,0.0000,0.0852,0.0000,0.000,-2.775,-0.070,-1.254,0.0664,0.0049,0.9990,
8.978,ENC,-0.0017,0.0000,-0.0009,-0.0852,0.0000,0.005,-2.775,-0.070,-1.254,0.0664,0.0049,0.9990,
8.982,IMU,-0.0017,0.0000,-0.0009,-0.0852,0.0000,0.005,-2.782,-0.067,-1.292,0.0532,0.0044,0.9937,
8.992,IMU,-0.0017,0.0000,-0.0009,-0.0852,0.0000,0.005,-2.759,-0.043,-1.303,0.0527,0.0156,0.9995,
9.018,ENC,-0.0017,0.0000,-0.0009,0.0000,0.0000,0.005,-2.759,-0.043,-1.303,0.0527,0.0156,0.9995,
9.030,IMU,-0.0017,0.0000,-0.0009,0.0000,0.0000,0.005,-2.765,-0.023,-1.295,0.0542,0.0068,0.9995,
9.038,ENC,0.0000,0.0000,0.0000,0.0426,0.0000,0.000,-2.765,-0.023,-1.295,0.0542,0.0068,0.9995,
9.051,IMU,0.0000,0.0000,0.0000,0.0426,0.0000,0.000,-2.756,-0.020,-1.279,0.0571,0.0034,0.9893,
9.058,ENC,-0.0017,0.0000,-0.0009,-0.0852,0.0000,0.005,-2.756,-0.020,-1.279,0.0571,0.0034,0.9893,
9.071,IMU,-0.0017,0.0000,-0.0009,-0.0852,0.0000,0.005,-2.732,-0.014,-1.277,0.0557,0.0034,0.9922,
9.078,ENC,-0.0017,0.0000,-0.0009,0.0000,0.0000,0.005,-2.732,-0.014,-1.277,0.0557,0.0034,0.9922,
9.091,IMU,-0.0017,0.0000,-0.0009,0.0000,0.0000,0.005,-2.719,-0.035,-1.291,0.0664,0.0024,1.0005,
9.098,ENC,-0.0017,0.0000,-0.0009,0.0000,0.0000,0.005,-2.719,-0.035,-1.291,0.0664,0.0024,1.0005,
9.112,IMU,-0.0017,0.0000,-0.0009,0.0000,0.0000,0.005,-2.741,-0.038,-1.268,0.0488,0.0078,0.9941,
9.120,ENC,-0.0017,0.0000,-0.0009,0.0000,0.0000,0.005,-2.741,-0.038,-1.268,0.0488,0.0078,0.9941,
9.131,IMU,-0.0017,0.0000,-0.0009,0.0000,0.0000,0.005,-2.744,-0.045,-1.237,0.0381,0.0054,0.9937,
9.139,ENC,0.0000,0.0000,0.0000,0.0852,0.0000,0.000,-2.744,-0.045,-1.237,0.0381,0.0054,0.9937,
9.151,IMU,0.0000,0.0000,0.0000,0.0852,0.0000,0.000,-2.715,-0.079,-1.279,0.0493,0.0024,0.9937,
9.159,ENC,0.0000,0.0000,0.0000,0.0000,0.0000,0.000,-2.715,-0.079,-1.279,0.0493,0.0024,0.9937,
9.171,IMU,0.0000,0.0000,0.0000,0.0000,0.0000,0.000,-2.738,-0.094,-1.285,0.0508,-0.0044,1.0049,
9.179,ENC,0.0000,0.0000,0.0000,0.0000,0.0000,0.000,-2.738,-0.094,-1.285,0.0508,-0.0044,1.0049,
9.191,IMU,0.0000,0.0000,0.0000,0.0000,0.0000,0.000,-2.773,-0.105,-1.239,0.0581,-0.0005,1.0015,
9.198,ENC,0.0000,0.0000,0.0000,0.0000,0.0000,0.000,-2.773,-0.105,-1.239,0.0581,-0.0005,1.0015,
9.212,IMU,0.0000,0.0000,0.0000,0.0000,0.0000,0.000,-2.790,-0.098,-1.259,0.0488,-0.0020,0.9927,
9.219,ENC,0.0000,0.0000,0.0000,0.0000,0.0000,0.000,-2.790,-0.098,-1.259,0.0488,-0.0020,0.9927,
9.231,IMU,0.0000,0.0000,0.0000,0.0000,0.0000,0.000,-2.770,-0.115,-1.304,0.0605,-0.0024,0.9873,
9.238,ENC,-0.0017,0.0000,-0.0009,-0.0852,0.0000,0.005,-2.770,-0.115,-1.304,0.0605,-0.0024,0.9873,
9.252,IMU,-0.0017,0.0000,-0.0009,-0.0852,0.0000,0.005,-2.754,-0.093,-1.302,0.0459,0.0093,0.9966,
9.259,ENC,0.0000,0.0000,0.0000,0.0852,0.0000,0.000,-2.754,-0.093,-1.302,0.0459,0.0093,0.9966,
9.273,IMU,0.0000,0.0000,0.0000,0.0852,0.0000,0.000,-2.775,-0.085,-1.290,0.0596,-0.0059,0.9985,
9.279,ENC,-0.0017,0.0000,-0.0009,-0.0852,0.0000,0.005,-2.775,-0.085,-1.290,0.0596,-0.0059,0.9985,
9.291,IMU,-0.0017,0.0000,-0.0009,-0.0852,0.0000,0.005,-2.753,-0.084,-1.272,0.0483,0.0054,0.9932,
9.298,ENC,-0.0017,0.0000,-0.0009,0.0000,0.0000,0.005,-2.753,-0.084,-1.272,0.0483,0.0054,0.9932,
9.310,IMU,-0.0017,0.0000,-0.0009,0.0000,0.0000,0.005,-2.757,-0.071,-1.236,0.0513,0.0093,0.9946,
9.318,ENC,-0.0017,0.0000,-0.0009,0.0000,0.0000,0.005,-2.757,-0.071,-1.236,0.0513,0.0093,0.9946,
9.331,IMU,-0.0017,0.0000,-0.0009,0.0000,0.0000,0.005,-2.757,-0.054,-1.248,0.0483,0.0176,1.0034,
9.339,ENC,0.0000,0.0000,0.0000,0.0852,0.0000,0.000,-2.757,-0.054,-1.248,0.0483,0.0176,1.0034,
9.351,IMU,0.0000,0.0000,0.0000,0.0852,0.0000,0.000,-2.769,-0.043,-1.233,0.0522,0.0010,0.9971,
9.358,ENC,-0.0017,0.0000,-0.0009,-0.0852,0.0000,0.005,-2.769,-0.043,-1.233,0.0522,0.0010,0.9971,
9.372,IMU,-0.0017,0.0000,-0.0009,-0.0852,0.0000,0.005,-2.776,-0.004,-1.218,0.0508,0.0166,0.9966,
9.378,ENC,0.0000,0.0000,0.0000,0.0852,0.0000,0.000,-2.776,-0.004,-1.218,0.0508,0.0166,0.9966,
9.391,IMU,0.0000,0.0000,0.0000,0.0852,0.0000,0.000,-2.744,-0.018,-1.222,0.0576,0.0005,1.0005,
9.398,ENC,-0.0017,0.0000,-0.0009,-0.0852,0.0000,0.005,-2.744,-0.018,-1.222,0.0576,0.0005,1.0005,
9.411,IMU,-0.0017,0.0000,-0.0009,-0.0852,0.0000,0.005,-2.705,-0.040,-1.237,0.0581,-0.0010,0.9897,
9.418,ENC,0.0000,0.0000,0.0000,0.0852,0.0000,0.000,-2.705,-0.040,-1.237,0.0581,-0.0010,0.9897,
9.438,ENC,0.0000,0.0000,0.0000,0.0000,0.0000,0.000,-2.705,-0.040,-1.237,0.0581,-0.0010,0.9897,
9.453,IMU,0.0000,0.0000,0.0000,0.0000,0.0000,0.000,-2.662,-0.009,-1.243,0.0508,0.0024,1.0073,
9.458,ENC,-0.0017,0.0000,-0.0009,-0.0852,0.0000,0.005,-2.662,-0.009,-1.243,0.0508,0.0024,1.0073,
9.472,IMU,-0.0017,0.0000,-0.0009,-0.0852,0.0000,0.005,-2.670,-0.046,-1.260,0.0479,-0.0010,0.9976,
9.478,ENC,0.0000,0.0000,0.0000,0.0852,0.0000,0.000,-2.670,-0.046,-1.260,0.0479,-0.0010,0.9976,
9.492,IMU,0.0000,0.0000,0.0000,0.0852,0.0000,0.000,-2.693,-0.089,-1.238,0.0542,0.0078,0.9854,
9.498,ENC,0.0000,0.0000,0.0000,0.0000,0.0000,0.000,-2.693,-0.089,-1.238,0.0542,0.0078,0.9854,
9.511,IMU,0.0000,0.0000,0.0000,0.0000,0.0000,0.000,-2.691,-0.081,-1.292,0.0591,-0.0029,0.9956,
9.519,ENC,0.0000,0.0000,0.0000,0.0000,0.0000,0.000,-2.691,-0.081,-1.292,0.0591,-0.0029,0.9956,
9.532,IMU,0.0000,0.0000,0.0000,0.0000,0.0000,0.000,-2.716,-0.012,-1.295,0.0522,0.0117,0.9961,
9.538,ENC,-0.0017,0.0000,-0.0009,-0.0852,0.0000,0.005,-2.716,-0.012,-1.295,0.0522,0.0117,0.9961,
9.551,IMU,-0.0017,0.0000,-0.0009,-0.0852,0.0000,0.005,-2.711,-0.073,-1.338,0.0542,-0.0015,0.9922,
9.567,ENC,-0.0017,0.0000,-0.0009,0.0000,0.0000,0.005,-2.711,-0.073,-1.338,0.0542,-0.0015,0.9922,
9.571,IMU,-0.0017,0.0000,-0.0009,0.0000,0.0000,0.005,-2.729,-0.070,-1.319,0.0483,0.0103,0.9888,
9.578,ENC,0.0000,0.0000,0.0000,0.0852,0.0000,0.000,-2.729,-0.070,-1.319,0.0483,0.0103,0.9888,
9.591,IMU,0.0000,0.0000,0.0000,0.0852,0.0000,0.000,-2.711,-0.061,-1.293,0.0386,-0.0029,1.0063,
9.598,ENC,0.0000,0.0000,0.0000,0.0000,0.0000,0.000,-2.711,-0.061,-1.293,0.0386,-0.0029,1.0063,
9.611,IMU,0.0000,0.0000,0.0000,0.0000,0.0000,0.000,-2.713,-0.015,-1.248,0.0488,0.0059,0.9971,
9.618,ENC,-0.0017,0.0000,-0.0009,-0.0852,0.0000,0.005,-2.713,-0.015,-1.248,0.0488,0.0059,0.9971,
9.632,IMU,-0.0017,0.0000,-0.0009,-0.0852,0.0000,0.005,-2.775,-0.010,-1.240,0.0576,0.0005,0.9980,
9.638,ENC,-0.0017,0.0000,-0.0009,0.0000,0.0000,0.005,-2.775,-0.010,-1.240,0.0576,0.0005,0.9980,
9.652,IMU,-0.0017,0.0000,-0.0009,0.0000,0.0000,0.005,-2.747,-0.004,-1.264,0.0542,-0.0049,0.9985,
9.660,ENC,-0.0017,0.0000,-0.0009,0.0000,0.0000,0.005,-2.747,-0.004,-1.264,0.0542,-0.0049,0.9985,
9.678,ENC,-0.0017,0.0000,-0.0009,0.0000,0.0000,0.005,-2.747,-0.004,-1.264,0.0542,-0.0049,0.9985,
9.691,IMU,-0.0017,0.0000,-0.0009,0.0000,0.0000,0.005,-2.679,0.064,-1.322,0.0493,0.0078,0.9873,
9.698,ENC,0.0000,0.0000,0.0000,0.0852,0.0000,0.000,-2.679,0.064,-1.322,0.0493,0.0078,0.9873,
9.712,IMU,0.0000,0.0000,0.0000,0.0852,0.0000,0.000,-2.718,0.020,-1.278,0.0576,-0.0034,0.9951,
9.718,ENC,-0.0017,0.0000,-0.0009,-0.0852,0.0000,0.005,-2.718,0.020,-1.278,0.0576,-0.0034,0.9951,
9.732,IMU,-0.0017,0.0000,-0.0009,-0.0852,0.0000,0.005,-2.750,0.065,-1.278,0.0547,0.0005,0.9893,
9.751,IMU,-0.0017,0.0000,-0.0009,-0.0852,0.0000,0.005,-2.726,0.035,-1.296,0.0518,0.0088,0.9932,
9.760,ENC,0.0000,0.0000,0.0000,0.0426,0.0000,0.000,-2.726,0.035,-1.296,0.0518,0.0088,0.9932,
9.773,IMU,0.0000,0.0000,0.0000,0.0426,0.0000,0.000,-2.774,-0.014,-1.280,0.0562,-0.0054,0.9878,
9.778,ENC,-0.0017,0.0000,-0.0009,-0.0852,0.0000,0.005,-2.774,-0.014,-1.280,0.0562,-0.0054,0.9878,
9.791,IMU,-0.0017,0.0000,-0.0009,-0.0852,0.0000,0.005,-2.764,0.009,-1.258,0.0464,-0.0088,1.0000,
9.798,ENC,0.0000,0.0000,0.0000,0.0852,0.0000,0.000,-2.764,0.009,-1.258,0.0464,-0.0088,1.0000,
9.812,IMU,0.0000,0.0000,0.0000,0.0852,0.0000,0.000,-2.752,-0.043,-1.261,0.0527,-0.0117,0.9985,
9.833,ENC,-0.0017,0.0000,-0.0009,-0.0852,0.0000,0.005,-2.752,-0.043,-1.261,0.0527,-0.0117,0.9985,
9.838,ENC,0.0000,0.0000,0.0000,0.0852,0.0000,0.000,-2.752,-0.043,-1.261,0.0527,-0.0117,0.9985,
9.851,IMU,0.0000,0.0000,0.0000,0.0852,0.0000,0.000,-2.760,-0.049,-1.242,0.0532,0.0015,0.9946,
9.858,ENC,-0.0017,0.0000,-0.0009,-0.0852,0.0000,0.005,-2.760,-0.049,-1.242,0.0532,0.0015,0.9946,
9.871,IMU,-0.0017,0.0000,-0.0009,-0.0852,0.0000,0.005,-2.776,-0.017,-1.258,0.0620,0.0161,0.9902,
9.879,ENC,-0.0017,0.0000,-0.0009,0.0000,0.0000,0.005,-2.776,-0.017,-1.258,0.0620,0.0161,0.9902,
9.898,ENC,-0.0017,0.0000,-0.0009,0.0000,0.0000,0.005,-2.776,-0.017,-1.258,0.0620,0.0161,0.9902,
9.904,IMU,-0.0017,0.0000,-0.0009,0.0000,0.0000,0.005,-2.793,0.033,-1.315,0.0513,0.0044,0.9780,
9.911,IMU,-0.0017,0.0000,-0.0009,0.0000,0.0000,0.005,-2.762,-0.000,-1.295,0.0493,0.0020,1.0020,
9.918,ENC,-0.0017,0.0000,-0.0009,0.0000,0.0000,0.005,-2.762,-0.000,-1.295,0.0493,0.0020,1.0020,
9.937,IMU,-0.0017,0.0000,-0.0009,0.0000,0.0000,0.005,-2.769,-0.016,-1.279,0.0410,0.0020,0.9912,
9.939,ENC,-0.0017,0.0000,-0.0009,0.0000,0.0000,0.005,-2.769,-0.016,-1.279,0.0410,0.0020,0.9912,
9.951,IMU,-0.0017,0.0000,-0.0009,0.0000,0.0000,0.005,-2.774,-0.030,-1.214,0.0591,-0.0068,0.9844,
9.958,ENC,-0.0017,0.0000,-0.0009,0.0000,0.0000,0.005,-2.774,-0.030,-1.214,0.0591,-0.0068,0.9844,
9.972,IMU,-0.0017,0.0000,-0.0009,0.0000,0.0000,0.005,-2.791,0.018,-1.227,0.0527,0.0127,0.9990,
9.998,ENC,-0.0017,0.0000,-0.0009,0.0000,0.0000,0.005,-2.791,0.018,-1.227,0.0527,0.0127,0.9990,
10.002,IMU,-0.0017,0.0000,-0.0009,0.0000,0.0000,0.005,-2.800,0.014,-1.236,0.0532,0.0034,1.0010,
10.013,IMU,-0.0017,0.0000,-0.0009,0.0000,0.0000,0.005,-2.794,0.003,-1.259,0.0464,0.0005,1.0010,
10.018,ENC,-0.0017,0.0000,-0.0009,0.0000,0.0000,0.005,-2.794,0.003,-1.259,0.0464,0.0005,1.0010,
10.031,IMU,-0.0017,0.0000,-0.0009,0.0000,0.0000,0.005,-2.785,0.001,-1.291,0.0410,0.0005,0.9907,
10.045,ENC,0.0000,0.0000,0.0000,0.0852,0.0000,0.000,-2.785,0.001,-1.291,0.0410,0.0005,0.9907,
10.051,IMU,0.0000,0.0000,0.0000,0.0852,0.0000,0.000,-2.788,0.061,-1.293,0.0488,0.0039,0.9985,
10.059,ENC,-0.0017,0.0000,-0.0009,-0.0852,0.0000,0.005,-2.788,0.061,-1.293,0.0488,0.0039,0.9985,
10.071,IMU,-0.0017,0.0000,-0.0009,-0.0852,0.0000,0.005,-2.841,0.073,-1.269,0.0645,-0.0044,0.9907,
10.078,ENC,0.0000,0.0000,0.0000,0.0852,0.0000,0.000,-2.841,0.073,-1.269,0.0645,-0.0044,0.9907,
10.091,IMU,0.0000,0.0000,0.0000,0.0852,0.0000,0.000,-2.827,0.061,-1.238,0.0493,0.0073,0.9927,
10.098,ENC,-0.0017,0.0000,-0.0009,-0.0852,0.0000,0.005,-2.827,0.061,-1.238,0.0493,0.0073,0.9927,
10.112,IMU,-0.0017,0.0000,-0.0009,-0.0852,0.0000,0.005,-2.851,0.030,-1.188,0.0552,0.0024,1.0039,
10.135,ENC,-0.0017,0.0000,-0.0009,0.0000,0.0000,0.005,-2.851,0.030,-1.188,0.0552,0.0024,1.0039,
10.151,ENC,0.0000,0.0000,0.0000,0.0852,0.0000,0.000,-2.851,0.030,-1.188,0.0552,0.0024,1.0039,
10.159,ENC,-0.0017,0.0000,-0.0009,-0.0852,0.0000,0.005,-2.851,0.030,-1.188,0.0552,0.0024,1.0039,
10.179,IMU,-0.0017,0.0000,-0.0009,-0.0852,0.0000,0.005,-2.739,0.005,-1.427,0.0522,-0.0024,0.9868,
10.182,ENC,0.0000,0.0000,0.0000,0.0852,0.0000,0.000,-2.739,0.005,-1.427,0.0522,-0.0024,0.9868,
10.191,IMU,0.0000,0.0000,0.0000,0.0852,0.0000,0.000,-2.777,0.036,-1.410,0.0474,-0.0054,0.9917,
10.198,ENC,0.0000,0.0000,0.0000,0.0000,0.0000,0.000,-2.777,0.036,-1.410,0.0474,-0.0054,0.9917,
10.211,IMU,0.0000,0.0000,0.0000,0.0000,0.0000,0.000,-2.795,0.026,-1.429,0.0635,0.0039,0.9990,
10.226,ENC,-0.0017,0.0000,-0.0009,-0.0852,0.0000,0.005,-2.795,0.026,-1.429,0.0635,0.0039,0.9990,
10.231,IMU,-0.0017,0.0000,-0.0009,-0.0852,0.0000,0.005,-2.774,0.012,-1.417,0.0439,-0.0166,0.9878,
10.238,ENC,-0.0017,0.0000,-0.0009,0.0000,0.0000,0.005,-2.774,0.012,-1.417,0.0439,-0.0166,0.9878,
10.251,IMU,-0.0017,0.0000,-0.0009,0.0000,0.0000,0.005,-2.747,-0.010,-1.436,0.0454,0.0000,0.9946,
10.258,ENC,-0.0017,0.0000,-0.0009,0.0000,0.0000,0.005,-2.747,-0.010,-1.436,0.0454,0.0000,0.9946,
10.273,IMU,-0.0017,0.0000,-0.0009,0.0000,0.0000,0.005,-2.750,-0.028,-1.461,0.0503,0.0083,0.9873,
10.281,ENC,-0.0017,0.0000,-0.0009,0.0000,0.0000,0.005,-2.750,-0.028,-1.461,0.0503,0.0083,0.9873,
10.292,IMU,-0.0017,0.0000,-0.0009,0.0000,0.0000,0.005,-2.789,-0.054,-1.488,0.0620,-0.0049,0.9995,
10.298,ENC,-0.0017,0.0000,-0.0009,0.0000,0.0000,0.005,-2.789,-0.054,-1.488,0.0620,-0.0049,0.9995,
10.312,IMU,-0.0017,0.0000,-0.0009,0.0000,0.0000,0.005,-2.798,-0.057,-1.480,0.0435,-0.0088,1.0088,
10.318,ENC,-0.0017,0.0000,-0.0009,0.0000,0.0000,0.005,-2.798,-0.057,-1.480,0.0435,-0.0088,1.0088,
10.331,IMU,-0.0017,0.0000,-0.0009,0.0000,0.0000,0.005,-2.795,-0.035,-1.465,0.0566,-0.0103,0.9922,
10.339,ENC,-0.0017,0.0000,-0.0009,0.0000,0.0000,0.005,-2.795,-0.035,-1.465,0.0566,-0.0103,0.9922,
10.352,IMU,-0.0017,0.0000,-0.0009,0.0000,0.0000,0.005,-2.811,-0.035,-1.442,0.0537,0.0122,0.9980,
10.358,ENC,-0.0017,0.0000,-0.0009,0.0000,0.0000,0.005,-2.811,-0.035,-1.442,0.0537,0.0122,0.9980,
10.371,IMU,-0.0017,0.0000,-0.0009,0.0000,0.0000,0.005,-2.829,-0.051,-1.461,0.0493,0.0034,1.0005,
10.379,ENC,-0.0017,0.0000,-0.0009,0.0000,0.0000,0.005,-2.829,-0.051,-1.461,0.0493,0.0034,1.0005,
10.392,IMU,-0.0017,0.0000,-0.0009,0.0000,0.0000,0.005,-2.811,-0.055,-1.465,0.0518,-0.0068,1.0015,
10.400,ENC,-0.0017,0.0000,-0.0009,0.0000,0.0000,0.005,-2.811,-0.055,-1.465,0.0518,-0.0068,1.0015,
10.411,IMU,-0.0017,0.0000,-0.0009,0.0000,0.0000,0.005,-2.769,-0.068,-1.451,0.0532,0.0068,0.9971,
10.418,ENC,-0.0017,0.0000,-0.0009,0.0000,0.0000,0.005,-2.769,-0.068,-1.451,0.0532,0.0068,0.9971,
10.431,IMU,-0.0017,0.0000,-0.0009,0.0000,0.0000,0.005,-2.756,-0.074,-1.457,0.0420,-0.0010,0.9922,
10.438,ENC,-0.0017,0.0000,-0.0009,0.0000,0.0000,0.005,-2.756,-0.074,-1.457,0.0420,-0.0010,0.9922,
10.456,IMU,-0.0017,0.0000,-0.0009,0.0000,0.0000,0.005,-2.747,-0.029,-1.462,0.0498,-0.0015,0.9985,
10.458,ENC,0.0000,0.0000,0.0000,0.0852,0.0000,0.000,-2.747,-0.029,-1.462,0.0498,-0.0015,0.9985,
10.473,IMU,0.0000,0.0000,0.0000,0.0852,0.0000,0.000,-2.709,-0.057,-1.493,0.0532,0.0024,0.9902,
10.478,ENC,-0.0017,0.0000,-0.0009,-0.0852,0.0000,0.005,-2.709,-0.057,-1.493,0.0532,0.0024,0.9902,
10.490,IMU,-0.0017,0.0000,-0.0009,-0.0852,0.0000,0.005,-2.697,-0.053,-1.508,0.0474,0.0020,1.0073,
10.498,ENC,-0.0017,0.0000,-0.0009,0.0000,0.0000,0.005,-2.697,-0.053,-1.508,0.0474,0.0020,1.0073,
10.511,IMU,-0.0017,0.0000,-0.0009,0.0000,0.0000,0.005,-2.696,-0.031,-1.499,0.0498,0.0039,0.9922,
10.531,IMU,-0.0017,0.0000,-0.0009,0.0000,0.0000,0.005,-2.701,-0.026,-1.532,0.0391,-0.0015,0.9976,
10.538,ENC,0.0000,0.0000,0.0000,0.0426,0.0000,0.000,-2.701,-0.026,-1.532,0.0391,-0.0015,0.9976,
10.552,IMU,0.0000,0.0000,0.0000,0.0426,0.0000,0.000,-2.703,-0.031,-1.557,0.0459,0.0039,1.0029,
10.572,IMU,0.0000,0.0000,0.0000,0.0426,0.0000,0.000,-2.732,-0.056,-1.552,0.0488,0.0068,0.9873,
10.579,ENC,-0.0017,0.0000,-0.0009,-0.0426,0.0000,0.005,-2.732,-0.056,-1.552,0.0488,0.0068,0.9873,
10.593,IMU,-0.0017,0.0000,-0.0009,-0.0426,0.0000,0.005,-2.748,-0.063,-1.569,0.0522,0.0171,0.9956,
10.599,ENC,-0.0017,0.0000,-0.0009,0.0000,0.0000,0.005,-2.748,-0.063,-1.569,0.0522,0.0171,0.9956,
10.612,IMU,-0.0017,0.0000,-0.0009,0.0000,0.0000,0.005,-2.764,-0.080,-1.567,0.0479,-0.0015,0.9824,
10.619,ENC,0.0000,0.0000,0.0000,0.0852,0.0000,0.000,-2.764,-0.080,-1.567,0.0479,-0.0015,0.9824,
10.638,IMU,0.0000,0.0000,0.0000,0.0852,0.0000,0.000,-2.782,-0.074,-1.553,0.0547,0.0029,0.9976,
10.640,ENC,-0.0017,0.0000,-0.0009,-0.0852,0.0000,0.005,-2.782,-0.074,-1.553,0.0547,0.0029,0.9976,
10.662,ENC,0.0000,0.0000,0.0000,0.0852,0.0000,0.000,-2.782,-0.074,-1.553,0.0547,0.0029,0.9976,
10.671,IMU,0.0000,0.0000,0.0000,0.0852,0.0000,0.000,-2.863,-0.071,-1.494,0.0581,0.0098,0.9946,
10.694,IMU,0.0000,0.0000,0.0000,0.0852,0.0000,0.000,-2.880,-0.087,-1.493,0.0449,0.0005,0.9941,
10.698,ENC,0.0000,0.0000,0.0000,0.0000,0.0000,0.000,-2.880,-0.087,-1.493,0.0449,0.0005,0.9941,
10.711,IMU,0.0000,0.0000,0.0000,0.0000,0.0000,0.000,-2.875,-0.099,-1.452,0.0454,-0.0112,0.9810,
10.718,ENC,0.0000,0.0000,0.0000,0.0000,0.0000,0.000,-2.875,-0.099,-1.452,0.0454,-0.0112,0.9810,
10.731,IMU,0.0000,0.0000,0.0000,0.0000,0.0000,0.000,-2.875,-0.093,-1.412,0.0513,-0.0015,1.0024,
10.739,ENC,-0.0017,0.0000,-0.0009,-0.0852,0.0000,0.005,-2.875,-0.093,-1.412,0.0513,-0.0015,1.0024,
10.751,IMU,-0.0017,0.0000,-0.0009,-0.0852,0.0000,0.005,-2.863,-0.102,-1.411,0.0513,0.0039,0.9805,
10.758,ENC,-0.0017,0.0000,-0.0009,0.0000,0.0000,0.005,-2.863,-0.102,-1.411,0.0513,0.0039,0.9805,
10.771,IMU,-0.0017,0.0000,-0.0009,0.0000,0.0000,0.005,-2.887,-0.078,-1.424,0.0396,0.0034,0.9893,
10.778,ENC,0.0000,0.0000,0.0000,0.0852,0.0000,0.000,-2.887,-0.078,-1.424,0.0396,0.0034,0.9893,
10.792,IMU,0.0000,0.0000,0.0000,0.0852,0.0000,0.000,-2.844,-0.072,-1.414,0.0483,0.0073,0.9995,
10.798,ENC,-0.0017,0.0000,-0.0009,-0.0852,0.0000,0.005,-2.844,-0.072,-1.414,0.0483,0.0073,0.9995,
10.811,IMU,-0.0017,0.0000,-0.0009,-0.0852,0.0000,0.005,-2.827,-0.068,-1.407,0.0420,-0.0015,0.9995,
10.818,ENC,-0.0017,0.0000,-0.0009,0.0000,0.0000,0.005,-2.827,-0.068,-1.407,0.0420,-0.0015,0.9995,
10.832,IMU,-0.0017,0.0000,-0.0009,0.0000,0.0000,0.005,-2.812,-0.090,-1.435,0.0493,-0.0044,0.9922,
10.852,IMU,-0.0017,0.0000,-0.0009,0.0000,0.0000,0.005,-2.738,-0.108,-1.437,0.0459,0.0073,1.0073,
10.858,ENC,0.0000,0.0000,0.0000,0.0426,0.0000,0.000,-2.738,-0.108,-1.437,0.0459,0.0073,1.0073,
10.871,IMU,0.0000,0.0000,0.0000,0.0426,0.0000,0.000,-2.725,-0.077,-1.408,0.0488,0.0020,0.9873,
10.880,ENC,-0.0017,0.0000,-0.0009,-0.0852,0.0000,0.005,-2.725,-0.077,-1.408,0.0488,0.0020,0.9873,
10.891,IMU,-0.0017,0.0000,-0.0009,-0.0852,0.0000,0.005,-2.750,-0.098,-1.410,0.0464,-0.0005,0.9917,
10.899,ENC,0.0000,0.0000,0.0000,0.0852,0.0000,0.000,-2.750,-0.098,-1.410,0.0464,-0.0005,0.9917,
10.911,IMU,0.0000,0.0000,0.0000,0.0852,0.0000,0.000,-2.738,-0.119,-1.429,0.0532,0.0059,0.9883,
10.918,ENC,-0.0017,0.0000,-0.0009,-0.0852,0.0000,0.005,-2.738,-0.119,-1.429,0.0532,0.0059,0.9883,
10.931,IMU,-0.0017,0.0000,-0.0009,-0.0852,0.0000,0.005,-2.773,-0.071,-1.425,0.0620,0.0049,0.9897,
10.938,ENC,-0.0017,0.0000,-0.0009,0.0000,0.0000,0.005,-2.773,-0.071,-1.425,0.0620,0.0049,0.9897,
10.951,IMU,-0.0017,0.0000,-0.0009,0.0000,0.0000,0.005,-2.785,-0.084,-1.412,0.0615,-0.0029,1.0049,
10.958,ENC,-0.0017,0.0000,-0.0009,0.0000,0.0000,0.005,-2.785,-0.084,-1.412,0.0615,-0.0029,1.0049,
10.972,IMU,-0.0017,0.0000,-0.0009,0.0000,0.0000,0.005,-2.811,-0.077,-1.409,0.0552,0.0063,0.9810,
10.978,ENC,0.0000,0.0000,0.0000,0.0852,0.0000,0.000,-2.811,-0.077,-1.409,0.0552,0.0063,0.9810,
10.991,IMU,0.0000,0.0000,0.0000,0.0852,0.0000,0.000,-2.814,-0.114,-1.399,0.0508,-0.0039,1.0024,
10.998,ENC,-0.0017,0.0000,-0.0009,-0.0852,0.0000,0.005,-2.814,-0.114,-1.399,0.0508,-0.0039,1.0024,
11.011,IMU,-0.0017,0.0000,-0.0009,-0.0852,0.0000,0.005,-2.855,-0.096,-1.364,0.0547,0.0063,0.9932,
11.018,ENC,0.0000,0.0000,0.0000,0.0852,0.0000,0.000,-2.855,-0.096,-1.364,0.0547,0.0063,0.9932,
11.035,IMU,0.0000,0.0000,0.0000,0.0852,0.0000,0.000,-2.840,-0.134,-1.414,0.0547,0.0020,0.9932,
11.038,ENC,0.0000,0.0000,0.0000,0.0000,0.0000,0.000,-2.840,-0.134,-1.414,0.0547,0.0020,0.9932,
11.051,IMU,0.0000,0.0000,0.0000,0.0000,0.0000,0.000,-2.895,-0.161,-1.421,0.0605,0.0039,0.9922,
11.060,ENC,-0.0017,0.0000,-0.0009,-0.0852,0.0000,0.005,-2.895,-0.161,-1.421,0.0605,0.0039,0.9922,
11.071,IMU,-0.0017,0.0000,-0.0009,-0.0852,0.0000,0.005,-2.877,-0.147,-1.381,0.0522,0.0015,0.9946,
11.078,ENC,-0.0017,0.0000,-0.0009,0.0000,0.0000,0.005,-2.877,-0.147,-1.381,0.0522,0.0015,0.9946,
11.094,IMU,-0.0017,0.0000,-0.0009,0.0000,0.0000,0.005,-2.837,-0.124,-1.396,0.0552,0.0000,0.9893,
11.098,ENC,0.0000,0.0000,0.0000,0.0852,0.0000,0.000,-2.837,-0.124,-1.396,0.0552,0.0000,0.9893,
11.111,IMU,0.0000,0.0000,0.0000,0.0852,0.0000,0.000,-2.835,-0.092,-1.419,0.0571,0.0049,0.9985,
11.118,ENC,-0.0017,0.0000,-0.0009,-0.0852,0.0000,0.005,-2.835,-0.092,-1.419,0.0571,0.0049,0.9985,
11.131,IMU,-0.0017,0.0000,-0.0009,-0.0852,0.0000,0.005,-2.807,-0.059,-1.477,0.0527,0.0054,0.9976,
11.139,ENC,-0.0017,0.0000,-0.0009,0.0000,0.0000,0.005,-2.807,-0.059,-1.477,0.0527,0.0054,0.9976,
11.153,IMU,-0.0017,0.0000,-0.0009,0.0000,0.0000,0.005,-2.807,-0.079,-1.534,0.0493,-0.0039,0.9941,
11.158,ENC,-0.0017,0.0000,-0.0009,0.0000,0.0000,0.005,-2.807,-0.079,-1.534,0.0493,-0.0039,0.9941,
11.172,IMU,-0.0017,0.0000,-0.0009,0.0000,0.0000,0.005,-2.828,-0.086,-1.564,0.0557,0.0088,0.9922,
11.178,ENC,-0.0017,0.0000,-0.0009,0.0000,0.0000,0.005,-2.828,-0.086,-1.564,0.0557,0.0088,0.9922,
11.194,IMU,-0.0017,0.0000,-0.0009,0.0000,0.0000,0.005,-2.856,-0.087,-1.563,0.0444,-0.0107,1.0000,
11.198,ENC,-0.0017,0.0000,-0.0009,0.0000,0.0000,0.005,-2.856,-0.087,-1.563,0.0444,-0.0107,1.0000,
11.215,IMU,-0.0017,0.0000,-0.0009,0.0000,0.0000,0.005,-2.844,-0.108,-1.599,0.0493,0.0024,0.9990,
11.218,ENC,0.0000,0.0000,0.0000,0.0852,0.0000,0.000,-2.844,-0.108,-1.599,0.0493,0.0024,0.9990,
11.232,IMU,0.0000,0.0000,0.0000,0.0852,0.0000,0.000,-2.835,-0.104,-1.540,0.0459,0.0015,0.9888,
11.238,ENC,0.0000,0.0000,0.0000,0.0000,0.0000,0.000,-2.835,-0.104,-1.540,0.0459,0.0015,0.9888,
11.251,IMU,0.0000,0.0000,0.0000,0.0000,0.0000,0.000,-2.915,-0.070,-1.539,0.0542,-0.0039,0.9980,
11.259,ENC,-0.0017,0.0000,-0.0009,-0.0852,0.0000,0.005,-2.915,-0.070,-1.539,0.0542,-0.0039,0.9980,
11.271,IMU,-0.0017,0.0000,-0.0009,-0.0852,0.0000,0.005,-2.886,-0.060,-1.597,0.0542,-0.0107,1.0044,
11.291,IMU,-0.0017,0.0000,-0.0009,-0.0852,0.0000,0.005,-2.925,-0.057,-1.637,0.0664,-0.0034,0.9956,
11.299,ENC,0.0000,0.0000,0.0000,0.0426,0.0000,0.000,-2.925,-0.057,-1.637,0.0664,-0.0034,0.9956,
11.312,IMU,0.0000,0.0000,0.0000,0.0426,0.0000,0.000,-2.915,-0.096,-1.641,0.0503,-0.0024,0.9907,
11.318,ENC,0.0000,0.0000,0.0000,0.0000,0.0000,0.000,-2.915,-0.096,-1.641,0.0503,-0.0024,0.9907,
11.331,IMU,0.0000,0.0000,0.0000,0.0000,0.0000,0.000,-2.955,-0.132,-1.624,0.0527,0.0000,0.9951,
11.340,ENC,0.0000,0.0000,0.0000,0.0000,0.0000,0.000,-2.955,-0.132,-1.624,0.0527,0.0000,0.9951,
11.351,IMU,0.0000,0.0000,0.0000,0.0000,0.0000,0.000,-2.878,-0.088,-1.620,0.0283,-0.0024,0.9966,
11.358,ENC,0.0000,0.0000,0.0000,0.0000,0.0000,0.000,-2.878,-0.088,-1.620,0.0283,-0.0024,0.9966,
11.375,IMU,0.0000,0.0000,0.0000,0.0000,0.0000,0.000,-2.855,-0.084,-1.611,0.0483,-0.0054,0.9966,
11.378,ENC,0.0000,0.0000,0.0000,0.0000,0.0000,0.000,-2.855,-0.084,-1.611,0.0483,-0.0054,0.9966,
11.391,IMU,0.0000,0.0000,0.0000,0.0000,0.0000,0.000,-2.858,-0.079,-1.605,0.0459,-0.0039,0.9941,
11.411,IMU,0.0000,0.0000,0.0000,0.0000,0.0000,0.000,-2.900,-0.074,-1.562,0.0513,0.0049,0.9946,
11.418,ENC,-0.0017,0.0000,-0.0009,-0.0426,0.0000,0.005,-2.900,-0.074,-1.562,0.0513,0.0049,0.9946,
11.431,IMU,-0.0017,0.0000,-0.0009,-0.0426,0.0000,0.005,-2.927,-0.077,-1.576,0.0596,-0.0005,0.9961,
11.439,ENC,-0.0017,0.0000,-0.0009,0.0000,0.0000,0.005,-2.927,-0.077,-1.576,0.0596,-0.0005,0.9961,
11.452,IMU,-0.0017,0.0000,-0.0009,0.0000,0.0000,0.005,-2.912,-0.008,-1.551,0.0483,0.0068,0.9985,
11.478,ENC,0.0000,0.0000,0.0000,0.0426,0.0000,0.000,-2.912,-0.008,-1.551,0.0483,0.0068,0.9985,
11.492,IMU,0.0000,0.0000,0.0000,0.0426,0.0000,0.000,-2.862,-0.044,-1.569,0.0518,0.0034,0.9932,
11.500,ENC,-0.0017,0.0000,-0.0009,-0.0852,0.0000,0.005,-2.862,-0.044,-1.569,0.0518,0.0034,0.9932,
11.512,IMU,-0.0017,0.0000,-0.0009,-0.0852,0.0000,0.005,-2.865,-0.013,-1.537,0.0562,0.0117,0.9971,
11.518,ENC,0.0000,0.0000,0.0000,0.0852,0.0000,0.000,-2.865,-0.013,-1.537,0.0562,0.0117,0.9971,
11.531,IMU,0.0000,0.0000,0.0000,0.0852,0.0000,0.000,-2.915,-0.003,-1.536,0.0591,-0.0020,0.9849,
11.538,ENC,-0.0017,0.0000,-0.0009,-0.0852,0.0000,0.005,-2.915,-0.003,-1.536,0.0591,-0.0020,0.9849,
11.556,IMU,-0.0017,0.0000,-0.0009,-0.0852,0.0000,0.005,-2.937,0.021,-1.544,0.0566,0.0122,0.9839,
11.559,ENC,-0.0017,0.0000,-0.0009,0.0000,0.0000,0.005,-2.937,0.021,-1.544,0.0566,0.0122,0.9839,
11.572,IMU,-0.0017,0.0000,-0.0009,0.0000,0.0000,0.005,-2.924,-0.013,-1.584,0.0518,0.0059,1.0010,
11.578,ENC,0.0000,0.0000,0.0000,0.0852,0.0000,0.000,-2.924,-0.013,-1.584,0.0518,0.0059,1.0010,
11.591,IMU,0.0000,0.0000,0.0000,0.0852,0.0000,0.000,-2.962,-0.017,-1.578,0.0483,0.0010,0.9863,
11.598,ENC,0.0000,0.0000,0.0000,0.0000,0.0000,0.000,-2.962,-0.017,-1.578,0.0483,0.0010,0.9863,
11.612,IMU,0.0000,0.0000,0.0000,0.0000,0.0000,0.000,-2.966,-0.022,-1.555,0.0576,0.0073,0.9873,
11.618,ENC,0.0000,0.0000,0.0000,0.0000,0.0000,0.000,-2.966,-0.022,-1.555,0.0576,0.0073,0.9873,
11.631,IMU,0.0000,0.0000,0.0000,0.0000,0.0000,0.000,-2.938,-0.058,-1.547,0.0591,-0.0029,1.0024,
11.638,ENC,0.0000,0.0000,0.0000,0.0000,0.0000,0.000,-2.938,-0.058,-1.547,0.0591,-0.0029,1.0024,
11.653,IMU,0.0000,0.0000,0.0000,0.0000,0.0000,0.000,-2.914,-0.075,-1.555,0.0449,-0.0044,0.9956,
11.658,ENC,0.0000,0.0000,0.0000,0.0000,0.0000,0.000,-2.914,-0.075,-1.555,0.0449,-0.0044,0.9956,
11.673,IMU,0.0000,0.0000,0.0000,0.0000,0.0000,0.000,-2.886,-0.068,-1.496,0.0430,0.0078,0.9937,
11.679,ENC,0.0000,0.0000,0.0000,0.0000,0.0000,0.000,-2.886,-0.068,-1.496,0.0430,0.0078,0.9937,
11.692,IMU,0.0000,0.0000,0.0000,0.0000,0.0000,0.000,-2.897,-0.146,-1.522,0.0522,-0.0132,1.0005,
11.698,ENC,0.0000,0.0000,0.0000,0.0000,0.0000,0.000,-2.897,-0.146,-1.522,0.0522,-0.0132,1.0005,
11.711,IMU,0.0000,0.0000,0.0000,0.0000,0.0000,0.000,-2.901,-0.090,-1.488,0.0610,0.0024,1.0112,
11.718,ENC,-0.0017,0.0000,-0.0009,-0.0852,0.0000,0.005,-2.901,-0.090,-1.488,0.0610,0.0024,1.0112,
11.731,IMU,-0.0017,0.0000,-0.0009,-0.0852,0.0000,0.005,-2.907,-0.110,-1.478,0.0503,-0.0034,1.0044,
11.738,ENC,-0.0017,0.0000,-0.0009,0.0000,0.0000,0.005,-2.907,-0.110,-1.478,0.0503,-0.0034,1.0044,
11.752,IMU,-0.0017,0.0000,-0.0009,0.0000,0.0000,0.005,-2.901,-0.063,-1.466,0.0571,-0.0024,1.0049,
11.759,ENC,-0.0017,0.0000,-0.0009,0.0000,0.0000,0.005,-2.901,-0.063,-1.466,0.0571,-0.0024,1.0049,
11.774,IMU,-0.0017,0.0000,-0.0009,0.0000,0.0000,0.005,-2.936,-0.048,-1.440,0.0601,0.0122,0.9858,
11.779,ENC,-0.0017,0.0000,-0.0009,0.0000,0.0000,0.005,-2.936,-0.048,-1.440,0.0601,0.0122,0.9858,
11.791,IMU,-0.0017,0.0000,-0.0009,0.0000,0.0000,0.005,-2.950,-0.012,-1.467,0.0522,0.0146,0.9927,
11.798,ENC,-0.0017,0.0000,-0.0009,0.0000,0.0000,0.005,-2.950,-0.012,-1.467,0.0522,0.0146,0.9927,
11.814,IMU,-0.0017,0.0000,-0.0009,0.0000,0.0000,0.005,-2.925,0.001,-1.474,0.0488,0.0117,0.9902,
11.819,ENC,0.0000,0.0000,0.0000,0.0852,0.0000,0.000,-2.925,0.001,-1.474,0.0488,0.0117,0.9902,
11.832,IMU,0.0000,0.0000,0.0000,0.0852,0.0000,0.000,-2.969,-0.003,-1.477,0.0493,0.0063,0.9922,
11.840,ENC,-0.0017,0.0000,-0.0009,-0.0852,0.0000,0.005,-2.969,-0.003,-1.477,0.0493,0.0063,0.9922,
11.852,IMU,-0.0017,0.0000,-0.0009,-0.0852,0.0000,0.005,-2.939,-0.030,-1.522,0.0425,-0.0049,0.9966,
11.858,ENC,0.0000,0.0000,0.0000,0.0852,0.0000,0.000,-2.939,-0.030,-1.522,0.0425,-0.0049,0.9966,
11.871,IMU,0.0000,0.0000,0.0000,0.0852,0.0000,0.000,-2.923,-0.003,-1.548,0.0513,0.0005,0.9893,
11.878,ENC,0.0000,0.0000,0.0000,0.0000,0.0000,0.000,-2.923,-0.003,-1.548,0.0513,0.0005,0.9893,
11.891,IMU,0.0000,0.0000,0.0000,0.0000,0.0000,0.000,-2.944,-0.005,-1.561,0.0571,0.0063,0.9990,
11.901,ENC,-0.0017,0.0000,-0.0009,-0.0852,0.0000,0.005,-2.944,-0.005,-1.561,0.0571,0.0063,0.9990,
11.911,IMU,-0.0017,0.0000,-0.0009,-0.0852,0.0000,0.005,-2.985,0.019,-1.534,0.0537,0.0039,0.9922,
11.919,ENC,-0.0017,0.0000,-0.0009,0.0000,0.0000,0.005,-2.985,0.019,-1.534,0.0537,0.0039,0.9922,
11.931,IMU,-0.0017,0.0000,-0.0009,0.0000,0.0000,0.005,-3.021,0.023,-1.500,0.0537,0.0015,0.9810,
11.939,ENC,0.0000,0.0000,0.0000,0.0852,0.0000,0.000,-3.021,0.023,-1.500,0.0537,0.0015,0.9810,
11.951,IMU,0.0000,0.0000,0.0000,0.0852,0.0000,0.000,-2.999,0.041,-1.518,0.0459,0.0049,1.0005,
11.959,ENC,0.0000,0.0000,0.0000,0.0000,0.0000,0.000,-2.999,0.041,-1.518,0.0459,0.0049,1.0005,
11.971,IMU,0.0000,0.0000,0.0000,0.0000,0.0000,0.000,-3.004,0.027,-1.516,0.0356,-0.0015,0.9907,
11.978,ENC,-0.0017,0.0000,-0.0009,-0.0852,0.0000,0.005,-3.004,0.027,-1.516,0.0356,-0.0015,0.9907,
11.991,IMU,-0.0017,0.0000,-0.0009,-0.0852,0.0000,0.005,-2.965,0.038,-1.525,0.0396,-0.0034,0.9907,
11.999,ENC,0.0000,0.0000,0.0000,0.0852,0.0000,0.000,-2.965,0.038,-1.525,0.0396,-0.0034,0.9907,
12.014,IMU,0.0000,0.0000,0.0000,0.0852,0.0000,0.000,-3.006,0.008,-1.504,0.0493,-0.0044,0.9937,
12.031,IMU,0.0000,0.0000,0.0000,0.0852,0.0000,0.000,-3.026,0.024,-1.513,0.0566,0.0083,0.9795,
12.039,ENC,0.0000,0.0000,0.0000,0.0000,0.0000,0.000,-3.026,0.024,-1.513,0.0566,0.0083,0.9795,
12.051,IMU,0.0000,0.0000,0.0000,0.0000,0.0000,0.000,-2.999,0.031,-1.511,0.0459,0.0034,1.0005,
12.058,ENC,-0.0017,0.0000,-0.0009,-0.0852,0.0000,0.005,-2.999,0.031,-1.511,0.0459,0.0034,1.0005,
12.071,IMU,-0.0017,0.0000,-0.0009,-0.0852,0.0000,0.005,-3.014,0.016,-1.458,0.0464,-0.0132,0.9834,
12.081,ENC,0.0000,0.0000,0.0000,0.0852,0.0000,0.000,-3.014,0.016,-1.458,0.0464,-0.0132,0.9834,
12.091,IMU,0.0000,0.0000,0.0000,0.0852,0.0000,0.000,-3.015,0.029,-1.447,0.0464,0.0039,0.9951,
12.099,ENC,0.0000,0.0000,0.0000,0.0000,0.0000,0.000,-3.015,0.029,-1.447,0.0464,0.0039,0.9951,
12.111,IMU,0.0000,0.0000,0.0000,0.0000,0.0000,0.000,-3.018,0.007,-1.470,0.0493,-0.0083,0.9961,
12.118,ENC,0.0000,0.0000,0.0000,0.0000,0.0000,0.000,-3.018,0.007,-1.470,0.0493,-0.0083,0.9961,
12.132,IMU,0.0000,0.0000,0.0000,0.0000,0.0000,0.000,-3.003,0.064,-1.495,0.0479,0.0044,1.0010,
12.151,IMU,0.0000,0.0000,0.0000,0.0000,0.0000,0.000,-3.023,0.027,-1.513,0.0532,-0.0005,1.0000,
12.159,ENC,-0.0017,0.0000,-0.0009,-0.0426,0.0000,0.005,-3.023,0.027,-1.513,0.0532,-0.0005,1.0000,
12.171,IMU,-0.0017,0.0000,-0.0009,-0.0426,0.0000,0.005,-3.072,0.041,-1.477,0.0586,0.0044,0.9873,
12.178,ENC,-0.0017,0.0000,-0.0009,0.0000,0.0000,0.005,-3.072,0.041,-1.477,0.0586,0.0044,0.9873,
12.191,IMU,-0.0017,0.0000,-0.0009,0.0000,0.0000,0.005,-3.077,0.029,-1.522,0.0513,-0.0005,0.9976,
12.198,ENC,0.0000,0.0000,0.0000,0.0852,0.0000,0.000,-3.077,0.029,-1.522,0.0513,-0.0005,0.9976,
12.211,IMU,0.0000,0.0000,0.0000,0.0852,0.0000,0.000,-3.014,0.025,-1.550,0.0493,-0.0063,1.0068,
12.219,ENC,0.0000,0.0000,0.0000,0.0000,0.0000,0.000,-3.014,0.025,-1.550,0.0493,-0.0063,1.0068,
12.231,IMU,0.0000,0.0000,0.0000,0.0000,0.0000,0.000,-3.011,0.059,-1.544,0.0537,-0.0103,0.9990,
12.239,ENC,-0.0017,0.0000,-0.0009,-0.0852,0.0000,0.005,-3.011,0.059,-1.544,0.0537,-0.0103,0.9990,
12.250,IMU,-0.0017,0.0000,-0.0009,-0.0852,0.0000,0.005,-3.017,0.077,-1.530,0.0571,0.0049,0.9932,
12.258,ENC,0.0000,0.0000,0.0000,0.0852,0.0000,0.000,-3.017,0.077,-1.530,0.0571,0.0049,0.9932,
12.271,IMU,0.0000,0.0000,0.0000,0.0852,0.0000,0.000,-3.028,0.113,-1.476,0.0469,0.0059,0.9893,
12.278,ENC,0.0000,0.0000,0.0000,0.0000,0.0000,0.000,-3.028,0.113,-1.476,0.0469,0.0059,0.9893,
12.291,IMU,0.0000,0.0000,0.0000,0.0000,0.0000,0.000,-3.051,0.115,-1.490,0.0571,0.0015,0.9966,
12.299,ENC,-0.0017,0.0000,-0.0009,-0.0852,0.0000,0.005,-3.051,0.115,-1.490,0.0571,0.0015,0.9966,
12.312,IMU,-0.0017,0.0000,-0.0009,-0.0852,0.0000,0.005,-3.011,0.084,-1.478,0.0503,-0.0098,0.9966,
12.320,ENC,-0.0017,0.0000,-0.0009,0.0000,0.0000,0.005,-3.011,0.084,-1.478,0.0503,-0.0098,0.9966,
12.331,IMU,-0.0017,0.0000,-0.0009,0.0000,0.0000,0.005,-3.016,0.109,-1.471,0.0488,0.0127,0.9932,
12.338,ENC,0.0000,0.0000,0.0000,0.0852,0.0000,0.000,-3.016,0.109,-1.471,0.0488,0.0127,0.9932,
12.351,IMU,0.0000,0.0000,0.0000,0.0852,0.0000,0.000,-2.986,0.112,-1.444,0.0503,-0.0010,0.9941,
12.358,ENC,-0.0017,0.0000,-0.0009,-0.0852,0.0000,0.005,-2.986,0.112,-1.444,0.0503,-0.0010,0.9941,
12.371,IMU,-0.0017,0.0000,-0.0009,-0.0852,0.0000,0.005,-3.015,0.118,-1.457,0.0513,-0.0020,0.9937,
12.379,ENC,-0.0017,0.0000,-0.0009,0.0000,0.0000,0.005,-3.015,0.118,-1.457,0.0513,-0.0020,0.9937,
12.393,IMU,-0.0017,0.0000,-0.0009,0.0000,0.0000,0.005,-3.021,0.156,-1.441,0.0444,0.0195,0.9893,
12.398,ENC,-0.0017,0.0000,-0.0009,0.0000,0.0000,0.005,-3.021,0.156,-1.441,0.0444,0.0195,0.9893,
12.412,IMU,-0.0017,0.0000,-0.0009,0.0000,0.0000,0.005,-3.022,0.183,-1.479,0.0498,0.0146,0.9834,
12.419,ENC,-0.0017,0.0000,-0.0009,0.0000,0.0000,0.005,-3.022,0.183,-1.479,0.0498,0.0146,0.9834,
12.431,IMU,-0.0017,0.0000,-0.0009,0.0000,0.0000,0.005,-3.040,0.159,-1.507,0.0449,0.0010,1.0015,
12.438,ENC,-0.0017,0.0000,-0.0009,0.0000,0.0000,0.005,-3.040,0.159,-1.507,0.0449,0.0010,1.0015,
12.451,IMU,-0.0017,0.0000,-0.0009,0.0000,0.0000,0.005,-2.988,0.201,-1.467,0.0483,0.0146,0.9849,
12.458,ENC,-0.0017,0.0000,-0.0009,0.0000,0.0000,0.005,-2.988,0.201,-1.467,0.0483,0.0146,0.9849,
12.471,IMU,-0.0017,0.0000,-0.0009,0.0000,0.0000,0.005,-2.953,0.172,-1.455,0.0425,-0.0059,1.0054,
12.478,ENC,-0.0017,0.0000,-0.0009,0.0000,0.0000,0.005,-2.953,0.172,-1.455,0.0425,-0.0059,1.0054,
12.494,IMU,-0.0017,0.0000,-0.0009,0.0000,0.0000,0.005,-2.963,0.150,-1.487,0.0483,0.0020,1.0020,
12.498,ENC,0.0000,0.0000,0.0000,0.0852,0.0000,0.000,-2.963,0.150,-1.487,0.0483,0.0020,1.0020,
12.511,IMU,0.0000,0.0000,0.0000,0.0852,0.0000,0.000,-2.938,0.139,-1.494,0.0488,0.0044,1.0020,
12.519,ENC,-0.0017,0.0000,-0.0009,-0.0852,0.0000,0.005,-2.938,0.139,-1.494,0.0488,0.0044,1.0020,
12.531,IMU,-0.0017,0.0000,-0.0009,-0.0852,0.0000,0.005,-2.912,0.126,-1.518,0.0640,0.0020,0.9932,
12.538,ENC,-0.0017,0.0000,-0.0009,0.0000,0.0000,0.005,-2.912,0.126,-1.518,0.0640,0.0020,0.9932,
12.554,IMU,-0.0017,0.0000,-0.0009,0.0000,0.0000,0.005,-2.968,0.155,-1.527,0.0571,0.0005,0.9912,
12.562,ENC,0.0000,0.0000,0.0000,0.0852,0.0000,0.000,-2.968,0.155,-1.527,0.0571,0.0005,0.9912,
12.571,IMU,0.0000,0.0000,0.0000,0.0852,0.0000,0.000,-3.008,0.129,-1.511,0.0566,-0.0156,0.9966,
12.581,ENC,-0.0017,0.0000,-0.0009,-0.0852,0.0000,0.005,-3.008,0.129,-1.511,0.0566,-0.0156,0.9966,
12.590,IMU,-0.0017,0.0000,-0.0009,-0.0852,0.0000,0.005,-3.008,0.127,-1.511,0.0566,0.0000,0.9922,
12.598,ENC,-0.0017,0.0000,-0.0009,0.0000,0.0000,0.005,-3.008,0.127,-1.511,0.0566,0.0000,0.9922,
12.612,IMU,-0.0017,0.0000,-0.0009,0.0000,0.0000,0.005,-3.055,0.152,-1.487,0.0640,0.0029,1.0083,
12.619,ENC,0.0000,0.0000,0.0000,0.0852,0.0000,0.000,-3.055,0.152,-1.487,0.0640,0.0029,1.0083,
12.632,IMU,0.0000,0.0000,0.0000,0.0852,0.0000,0.000,-3.072,0.141,-1.526,0.0498,-0.0068,0.9971,
12.638,ENC,-0.0017,0.0000,-0.0009,-0.0852,0.0000,0.005,-3.072,0.141,-1.526,0.0498,-0.0068,0.9971,
12.654,IMU,-0.0017,0.0000,-0.0009,-0.0852,0.0000,0.005,-3.106,0.111,-1.516,0.0532,0.0005,0.9888,
12.658,ENC,-0.0017,0.0000,-0.0009,0.0000,0.0000,0.005,-3.106,0.111,-1.516,0.0532,0.0005,0.9888,
12.671,IMU,-0.0017,0.0000,-0.0009,0.0000,0.0000,0.005,-3.117,0.047,-1.504,0.0527,0.0024,0.9932,
12.678,ENC,0.0000,0.0000,0.0000,0.0852,0.0000,0.000,-3.117,0.047,-1.504,0.0527,0.0024,0.9932,
12.692,IMU,0.0000,0.0000,0.0000,0.0852,0.0000,0.000,-3.088,0.063,-1.463,0.0493,-0.0068,0.9854,
12.698,ENC,-0.0017,0.0000,-0.0009,-0.0852,0.0000,0.005,-3.088,0.063,-1.463,0.0493,-0.0068,0.9854,
12.711,IMU,-0.0017,0.0000,-0.0009,-0.0852,0.0000,0.005,-3.037,0.102,-1.503,0.0503,0.0029,0.9941,
12.718,ENC,-0.0017,0.0000,-0.0009,0.0000,0.0000,0.005,-3.037,0.102,-1.503,0.0503,0.0029,0.9941,
12.732,IMU,-0.0017,0.0000,-0.0009,0.0000,0.0000,0.005,-3.087,0.115,-1.498,0.0522,-0.0146,0.9927,
12.738,ENC,-0.0017,0.0000,-0.0009,0.0000,0.0000,0.005,-3.087,0.115,-1.498,0.0522,-0.0146,0.9927,
12.752,IMU,-0.0017,0.0000,-0.0009,0.0000,0.0000,0.005,-3.059,0.152,-1.478,0.0435,0.0054,0.9946,
12.758,ENC,0.0000,0.0000,0.0000,0.0852,0.0000,0.000,-3.059,0.152,-1.478,0.0435,0.0054,0.9946,
12.771,IMU,0.0000,0.0000,0.0000,0.0852,0.0000,0.000,-3.054,0.115,-1.468,0.0532,-0.0044,0.9980,
12.778,ENC,0.0000,0.0000,0.0000,0.0000,0.0000,0.000,-3.054,0.115,-1.468,0.0532,-0.0044,0.9980,
12.791,IMU,0.0000,0.0000,0.0000,0.0000,0.0000,0.000,-3.042,0.114,-1.477,0.0464,0.0039,0.9927,
12.798,ENC,0.0000,0.0000,0.0000,0.0000,0.0000,0.000,-3.042,0.114,-1.477,0.0464,0.0039,0.9927,
12.811,IMU,0.0000,0.0000,0.0000,0.0000,0.0000,0.000,-3.122,0.112,-1.509,0.0425,-0.0010,1.0054,
12.819,ENC,-0.0017,0.0000,-0.0009,-0.0852,0.0000,0.005,-3.122,0.112,-1.509,0.0425,-0.0010,1.0054,
12.837,IMU,-0.0017,0.0000,-0.0009,-0.0852,0.0000,0.005,-3.100,0.112,-1.502,0.0474,-0.0020,0.9927,
12.840,ENC,0.0000,0.0000,0.0000,0.0852,0.0000,0.000,-3.100,0.112,-1.502,0.0474,-0.0020,0.9927,
12.851,IMU,0.0000,0.0000,0.0000,0.0852,0.0000,0.000,-3.073,0.097,-1.503,0.0527,0.0029,0.9995,
12.858,ENC,0.0000,0.0000,0.0000,0.0000,0.0000,0.000,-3.073,0.097,-1.503,0.0527,0.0029,0.9995,
12.873,IMU,0.0000,0.0000,0.0000,0.0000,0.0000,0.000,-3.091,0.080,-1.521,0.0396,0.0054,1.0010,
12.878,ENC,-0.0017,0.0000,-0.0009,-0.0852,0.0000,0.005,-3.091,0.080,-1.521,0.0396,0.0054,1.0010,
12.892,IMU,-0.0017,0.0000,-0.0009,-0.0852,0.0000,0.005,-3.067,0.099,-1.531,0.0552,0.0020,0.9907,
12.899,ENC,-0.0017,0.0000,-0.0009,0.0000,0.0000,0.005,-3.067,0.099,-1.531,0.0552,0.0020,0.9907,
12.911,IMU,-0.0017,0.0000,-0.0009,0.0000,0.0000,0.005,-3.051,0.095,-1.530,0.0493,-0.0015,1.0005,
12.918,ENC,0.0000,0.0000,0.0000,0.0852,0.0000,0.000,-3.051,0.095,-1.530,0.0493,-0.0015,1.0005,
12.931,IMU,0.0000,0.0000,0.0000,0.0852,0.0000,0.000,-3.062,0.069,-1.542,0.0527,0.0044,0.9966,
12.938,ENC,-0.0017,0.0000,-0.0009,-0.0852,0.0000,0.005,-3.062,0.069,-1.542,0.0527,0.0044,0.9966,
12.952,IMU,-0.0017,0.0000,-0.0009,-0.0852,0.0000,0.005,-3.045,0.067,-1.512,0.0605,0.0029,0.9976,
12.958,ENC,-0.0017,0.0000,-0.0009,0.0000,0.0000,0.005,-3.045,0.067,-1.512,0.0605,0.0029,0.9976,
12.971,IMU,-0.0017,0.0000,-0.0009,0.0000,0.0000,0.005,-3.033,0.037,-1.577,0.0454,0.0059,0.9951,
12.978,ENC,0.0000,0.0000,0.0000,0.0852,0.0000,0.000,-3.033,0.037,-1.577,0.0454,0.0059,0.9951,
12.992,IMU,0.0000,0.0000,0.0000,0.0852,0.0000,0.000,-3.035,0.004,-1.609,0.0493,-0.0088,1.0000,
13.011,IMU,0.0000,0.0000,0.0000,0.0852,0.0000,0.000,-3.002,-0.005,-1.657,0.0493,0.0039,0.9995,
13.031,IMU,0.0000,0.0000,0.0000,0.0852,0.0000,0.000,-2.987,-0.006,-1.693,0.0596,0.0039,0.9946,
13.039,ENC,-0.0017,0.0000,-0.0009,-0.0284,0.0000,0.005,-2.987,-0.006,-1.693,0.0596,0.0039,0.9946,
13.052,IMU,-0.0017,0.0000,-0.0009,-0.0284,0.0000,0.005,-3.023,-0.009,-1.699,0.0615,0.0068,1.0039,
13.058,ENC,0.0000,0.0000,0.0000,0.0852,0.0000,0.000,-3.023,-0.009,-1.699,0.0615,0.0068,1.0039,
13.071,IMU,0.0000,0.0000,0.0000,0.0852,0.0000,0.000,-3.079,0.012,-1.718,0.0518,0.0034,0.9917,
13.078,ENC,-0.0017,0.0000,-0.0009,-0.0852,0.0000,0.005,-3.079,0.012,-1.718,0.0518,0.0034,0.9917,
13.091,IMU,-0.0017,0.0000,-0.0009,-0.0852,0.0000,0.005,-3.097,0.012,-1.684,0.0464,-0.0010,0.9917,
13.099,ENC,0.0000,0.0000,0.0000,0.0852,0.0000,0.000,-3.097,0.012,-1.684,0.0464,-0.0010,0.9917,
13.111,IMU,0.0000,0.0000,0.0000,0.0852,0.0000,0.000,-3.104,-0.012,-1.656,0.0483,0.0161,0.9902,
13.118,ENC,-0.0017,0.0000,-0.0009,-0.0852,0.0000,0.005,-3.104,-0.012,-1.656,0.0483,0.0161,0.9902,
13.131,IMU,-0.0017,0.0000,-0.0009,-0.0852,0.0000,0.005,-3.126,0.014,-1.611,0.0405,0.0078,1.0005,
13.142,ENC,0.0000,0.0000,0.0000,0.0852,0.0000,0.000,-3.126,0.014,-1.611,0.0405,0.0078,1.0005,
13.150,IMU,0.0000,0.0000,0.0000,0.0852,0.0000,0.000,-3.113,0.021,-1.604,0.0513,0.0054,1.0029,
13.158,ENC,-0.0017,0.0000,-0.0009,-0.0852,0.0000,0.005,-3.113,0.021,-1.604,0.0513,0.0054,1.0029,
13.171,IMU,-0.0017,0.0000,-0.0009,-0.0852,0.0000,0.005,-3.112,0.058,-1.676,0.0566,0.0073,0.9902,
13.179,ENC,-0.0017,0.0000,-0.0009,0.0000,0.0000,0.005,-3.112,0.058,-1.676,0.0566,0.0073,0.9902,
13.194,IMU,-0.0017,0.0000,-0.0009,0.0000,0.0000,0.005,-3.106,0.069,-1.616,0.0498,0.0073,0.9932,
13.200,ENC,0.0000,0.0000,0.0000,0.0852,0.0000,0.000,-3.106,0.069,-1.616,0.0498,0.0073,0.9932,
13.214,IMU,0.0000,0.0000,0.0000,0.0852,0.0000,0.000,-3.100,0.054,-1.562,0.0479,-0.0029,0.9946,
13.218,ENC,-0.0017,0.0000,-0.0009,-0.0852,0.0000,0.005,-3.100,0.054,-1.562,0.0479,-0.0029,0.9946,
13.231,IMU,-0.0017,0.0000,-0.0009,-0.0852,0.0000,0.005,-3.125,0.037,-1.558,0.0518,0.0078,0.9971,
13.242,ENC,0.0000,0.0000,0.0000,0.0852,0.0000,0.000,-3.125,0.037,-1.558,0.0518,0.0078,0.9971,
13.259,ENC,0.0000,0.0000,0.0000,0.0000,0.0000,0.000,-3.125,0.037,-1.558,0.0518,0.0078,0.9971,
13.271,IMU,0.0000,0.0000,0.0000,0.0000,0.0000,0.000,-3.027,0.012,-1.564,0.0542,0.0068,0.9854,
13.279,ENC,0.0000,0.0000,0.0000,0.0000,0.0000,0.000,-3.027,0.012,-1.564,0.0542,0.0068,0.9854,
13.291,IMU,0.0000,0.0000,0.0000,0.0000,0.0000,0.000,-3.006,0.031,-1.596,0.0552,0.0093,0.9990,
13.298,ENC,-0.0017,0.0000,-0.0009,-0.0852,0.0000,0.005,-3.006,0.031,-1.596,0.0552,0.0093,0.9990,
13.317,IMU,-0.0017,0.0000,-0.0009,-0.0852,0.0000,0.005,-3.044,0.048,-1.613,0.0508,-0.0010,0.9941,
13.319,ENC,0.0000,0.0000,0.0000,0.0852,0.0000,0.000,-3.044,0.048,-1.613,0.0508,-0.0010,0.9941,
13.331,IMU,0.0000,0.0000,0.0000,0.0852,0.0000,0.000,-3.065,0.071,-1.604,0.0527,0.0020,0.9858,
13.339,ENC,0.0000,0.0000,0.0000,0.0000,0.0000,0.000,-3.065,0.071,-1.604,0.0527,0.0020,0.9858,
13.351,IMU,0.0000,0.0000,0.0000,0.0000,0.0000,0.000,-3.038,0.053,-1.599,0.0493,-0.0112,0.9956,
13.358,ENC,0.0000,0.0000,0.0000,0.0000,0.0000,0.000,-3.038,0.053,-1.599,0.0493,-0.0112,0.9956,
13.372,IMU,0.0000,0.0000,0.0000,0.0000,0.0000,0.000,-3.062,0.055,-1.618,0.0479,-0.0005,0.9937,
13.379,ENC,-0.0017,0.0000,-0.0009,-0.0852,0.0000,0.005,-3.062,0.055,-1.618,0.0479,-0.0005,0.9937,
13.391,IMU,-0.0017,0.0000,-0.0009,-0.0852,0.0000,0.005,-3.057,0.030,-1.574,0.0547,0.0107,1.0034,
13.398,ENC,0.0000,0.0000,0.0000,0.0852,0.0000,0.000,-3.057,0.030,-1.574,0.0547,0.0107,1.0034,
13.411,IMU,0.0000,0.0000,0.0000,0.0852,0.0000,0.000,-3.074,0.002,-1.544,0.0566,0.0005,0.9941,
13.418,ENC,0.0000,0.0000,0.0000,0.0000,0.0000,0.000,-3.074,0.002,-1.544,0.0566,0.0005,0.9941,
13.432,IMU,0.0000,0.0000,0.0000,0.0000,0.0000,0.000,-3.096,0.053,-1.557,0.0435,0.0142,0.9927,
13.440,ENC,-0.0017,0.0000,-0.0009,-0.0852,0.0000,0.005,-3.096,0.053,-1.557,0.0435,0.0142,0.9927,
13.451,IMU,-0.0017,0.0000,-0.0009,-0.0852,0.0000,0.005,-3.065,0.057,-1.624,0.0439,0.0068,0.9932,
13.458,ENC,0.0000,0.0000,0.0000,0.0852,0.0000,0.000,-3.065,0.057,-1.624,0.0439,0.0068,0.9932,
13.471,IMU,0.0000,0.0000,0.0000,0.0852,0.0000,0.000,-3.050,0.059,-1.583,0.0459,-0.0015,0.9961,
13.478,ENC,0.0000,0.0000,0.0000,0.0000,0.0000,0.000,-3.050,0.059,-1.583,0.0459,-0.0015,0.9961,
13.491,IMU,0.0000,0.0000,0.0000,0.0000,0.0000,0.000,-3.100,0.043,-1.607,0.0508,-0.0073,0.9995,
13.498,ENC,0.0000,0.0000,0.0000,0.0000,0.0000,0.000,-3.100,0.043,-1.607,0.0508,-0.0073,0.9995,
13.511,IMU,0.0000,0.0000,0.0000,0.0000,0.0000,0.000,-3.055,0.035,-1.629,0.0410,0.0078,0.9863,
13.519,ENC,0.0000,0.0000,0.0000,0.0000,0.0000,0.000,-3.055,0.035,-1.629,0.0410,0.0078,0.9863,
13.532,IMU,0.0000,0.0000,0.0000,0.0000,0.0000,0.000,-3.053,0.066,-1.647,0.0415,0.0054,0.9873,
13.539,ENC,0.0000,0.0000,0.0000,0.0000,0.0000,0.000,-3.053,0.066,-1.647,0.0415,0.0054,0.9873,
13.554,IMU,0.0000,0.0000,0.0000,0.0000,0.0000,0.000,-3.051,0.077,-1.656,0.0498,-0.0059,0.9902,
13.571,IMU,0.0000,0.0000,0.0000,0.0000,0.0000,0.000,-3.084,0.053,-1.605,0.0493,-0.0068,0.9976,
13.578,ENC,-0.0017,0.0000,-0.0009,-0.0426,0.0000,0.005,-3.084,0.053,-1.605,0.0493,-0.0068,0.9976,
13.591,IMU,-0.0017,0.0000,-0.0009,-0.0426,0.0000,0.005,-3.135,0.063,-1.587,0.0547,0.0083,0.9917,
13.599,ENC,-0.0017,0.0000,-0.0009,0.0000,0.0000,0.005,-3.135,0.063,-1.587,0.0547,0.0083,0.9917,
13.611,IMU,-0.0017,0.0000,-0.0009,0.0000,0.0000,0.005,-3.147,0.078,-1.543,0.0444,0.0117,0.9927,
13.618,ENC,-0.0017,0.0000,-0.0009,0.0000,0.0000,0.005,-3.147,0.078,-1.543,0.0444,0.0117,0.9927,
13.632,IMU,-0.0017,0.0000,-0.0009,0.0000,0.0000,0.005,-3.153,0.071,-1.610,0.0527,0.0083,0.9922,
13.638,ENC,-0.0017,0.0000,-0.0009,0.0000,0.0000,0.005,-3.153,0.071,-1.610,0.0527,0.0083,0.9922,
13.652,IMU,-0.0017,0.0000,-0.0009,0.0000,0.0000,0.005,-3.166,0.066,-1.573,0.0522,0.0054,0.9937,
13.659,ENC,-0.0017,0.0000,-0.0009,0.0000,0.0000,0.005,-3.166,0.066,-1.573,0.0522,0.0054,0.9937,
13.671,IMU,-0.0017,0.0000,-0.0009,0.0000,0.0000,0.005,-3.191,0.079,-1.535,0.0601,-0.0059,0.9985,
13.678,ENC,0.0000,0.0000,0.0000,0.0852,0.0000,0.000,-3.191,0.079,-1.535,0.0601,-0.0059,0.9985,
13.691,IMU,0.0000,0.0000,0.0000,0.0852,0.0000,0.000,-3.179,0.088,-1.512,0.0527,0.0122,1.0093,
13.699,ENC,0.0000,0.0000,0.0000,0.0000,0.0000,0.000,-3.179,0.088,-1.512,0.0527,0.0122,1.0093,
13.711,IMU,0.0000,0.0000,0.0000,0.0000,0.0000,0.000,-3.202,0.104,-1.516,0.0586,0.0054,0.9946,
13.718,ENC,-0.0017,0.0000,-0.0009,-0.0852,0.0000,0.005,-3.202,0.104,-1.516,0.0586,0.0054,0.9946,
13.736,IMU,-0.0017,0.0000,-0.0009,-0.0852,0.0000,0.005,-3.170,0.114,-1.522,0.0547,0.0049,0.9941,
13.738,ENC,-0.0017,0.0000,-0.0009,0.0000,0.0000,0.005,-3.170,0.114,-1.522,0.0547,0.0049,0.9941,
13.758,IMU,-0.0017,0.0000,-0.0009,0.0000,0.0000,0.005,-3.173,0.090,-1.507,0.0522,-0.0151,0.9829,
13.760,ENC,-0.0017,0.0000,-0.0009,0.0000,0.0000,0.005,-3.173,0.090,-1.507,0.0522,-0.0151,0.9829,
13.771,IMU,-0.0017,0.0000,-0.0009,0.0000,0.0000,0.005,-3.176,0.110,-1.507,0.0469,0.0029,0.9946,
13.785,ENC,0.0000,0.0000,0.0000,0.0852,0.0000,0.000,-3.176,0.110,-1.507,0.0469,0.0029,0.9946,
13.793,IMU,0.0000,0.0000,0.0000,0.0852,0.0000,0.000,-3.172,0.153,-1.489,0.0435,0.0156,0.9976,
13.799,ENC,-0.0017,0.0000,-0.0009,-0.0852,0.0000,0.005,-3.172,0.153,-1.489,0.0435,0.0156,0.9976,
13.811,IMU,-0.0017,0.0000,-0.0009,-0.0852,0.0000,0.005,-3.172,0.125,-1.477,0.0508,-0.0107,0.9878,
13.819,ENC,-0.0017,0.0000,-0.0009,0.0000,0.0000,0.005,-3.172,0.125,-1.477,0.0508,-0.0107,0.9878,
13.834,IMU,-0.0017,0.0000,-0.0009,0.0000,0.0000,0.005,-3.198,0.105,-1.464,0.0596,0.0151,0.9995,
13.839,ENC,-0.0017,0.0000,-0.0009,0.0000,0.0000,0.005,-3.198,0.105,-1.464,0.0596,0.0151,0.9995,
13.851,IMU,-0.0017,0.0000,-0.0009,0.0000,0.0000,0.005,-3.194,0.111,-1.484,0.0488,-0.0049,0.9883,
13.872,IMU,-0.0017,0.0000,-0.0009,0.0000,0.0000,0.005,-3.181,0.118,-1.533,0.0425,0.0181,0.9868,
13.879,ENC,0.0000,0.0000,0.0000,0.0426,0.0000,0.000,-3.181,0.118,-1.533,0.0425,0.0181,0.9868,
13.891,IMU,0.0000,0.0000,0.0000,0.0426,0.0000,0.000,-3.214,0.136,-1.521,0.0503,0.0073,0.9907,
13.898,ENC,-0.0017,0.0000,-0.0009,-0.0852,0.0000,0.005,-3.214,0.136,-1.521,0.0503,0.0073,0.9907,
13.911,IMU,-0.0017,0.0000,-0.0009,-0.0852,0.0000,0.005,-3.150,0.123,-1.539,0.0518,-0.0093,0.9971,
13.932,IMU,-0.0017,0.0000,-0.0009,-0.0852,0.0000,0.005,-3.149,0.113,-1.615,0.0449,0.0073,0.9897,
13.938,ENC,0.0000,0.0000,0.0000,0.0426,0.0000,0.000,-3.149,0.113,-1.615,0.0449,0.0073,0.9897,
13.958,ENC,0.0000,0.0000,0.0000,0.0000,0.0000,0.000,-3.149,0.113,-1.615,0.0449,0.0073,0.9897,
13.971,IMU,0.0000,0.0000,0.0000,0.0000,0.0000,0.000,-3.145,0.101,-1.490,0.0542,0.0039,1.0000,
13.991,IMU,0.0000,0.0000,0.0000,0.0000,0.0000,0.000,-3.172,0.110,-1.466,0.0566,-0.0034,0.9849,
14.000,ENC,0.0000,0.0000,0.0000,0.0000,0.0000,0.000,-3.172,0.110,-1.466,0.0566,-0.0034,0.9849,
14.012,IMU,0.0000,0.0000,0.0000,0.0000,0.0000,0.000,-3.179,0.114,-1.482,0.0449,-0.0029,0.9849,
14.018,ENC,-0.0017,0.0000,-0.0009,-0.0852,0.0000,0.005,-3.179,0.114,-1.482,0.0449,-0.0029,0.9849,
14.051,IMU,-0.0017,0.0000,-0.0009,-0.0852,0.0000,0.005,-3.131,0.117,-1.499,0.0459,-0.0049,0.9917,
14.061,ENC,0.0000,0.0000,0.0000,0.0426,0.0000,0.000,-3.131,0.117,-1.499,0.0459,-0.0049,0.9917,
14.071,IMU,0.0000,0.0000,0.0000,0.0426,0.0000,0.000,-3.137,0.092,-1.485,0.0562,-0.0107,0.9927,
14.079,ENC,-0.0017,0.0000,-0.0009,-0.0852,0.0000,0.005,-3.137,0.092,-1.485,0.0562,-0.0107,0.9927,
14.091,IMU,-0.0017,0.0000,-0.0009,-0.0852,0.0000,0.005,-3.119,0.153,-1.464,0.0464,0.0146,0.9956,
14.099,ENC,-0.0017,0.0000,-0.0009,0.0000,0.0000,0.005,-3.119,0.153,-1.464,0.0464,0.0146,0.9956,
14.111,IMU,-0.0017,0.0000,-0.0009,0.0000,0.0000,0.005,-3.111,0.191,-1.465,0.0513,0.0166,0.9863,
14.119,ENC,0.0000,0.0000,0.0000,0.0852,0.0000,0.000,-3.111,0.191,-1.465,0.0513,0.0166,0.9863,
14.133,IMU,0.0000,0.0000,0.0000,0.0852,0.0000,0.000,-3.111,0.172,-1.454,0.0522,0.0103,1.0005,
14.139,ENC,0.0000,0.0000,0.0000,0.0000,0.0000,0.000,-3.111,0.172,-1.454,0.0522,0.0103,1.0005,
14.152,IMU,0.0000,0.0000,0.0000,0.0000,0.0000,0.000,-3.081,0.195,-1.482,0.0537,-0.0020,0.9951,
14.159,ENC,-0.0017,0.0000,-0.0009,-0.0852,0.0000,0.005,-3.081,0.195,-1.482,0.0537,-0.0020,0.9951,
14.171,IMU,-0.0017,0.0000,-0.0009,-0.0852,0.0000,0.005,-3.093,0.190,-1.448,0.0513,-0.0039,0.9893,
14.179,ENC,0.0000,0.0000,0.0000,0.0852,0.0000,0.000,-3.093,0.190,-1.448,0.0513,-0.0039,0.9893,
14.191,IMU,0.0000,0.0000,0.0000,0.0852,0.0000,0.000,-3.036,0.186,-1.393,0.0483,0.0049,0.9922,
14.199,ENC,-0.0017,0.0000,-0.0009,-0.0852,0.0000,0.005,-3.036,0.186,-1.393,0.0483,0.0049,0.9922,
14.211,IMU,-0.0017,0.0000,-0.0009,-0.0852,0.0000,0.005,-3.019,0.223,-1.396,0.0503,0.0112,0.9946,
14.231,IMU,-0.0017,0.0000,-0.0009,-0.0852,0.0000,0.005,-3.018,0.244,-1.410,0.0415,0.0015,0.9927,
14.238,ENC,0.0000,0.0000,0.0000,0.0426,0.0000,0.000,-3.018,0.244,-1.410,0.0415,0.0015,0.9927,
14.251,IMU,0.0000,0.0000,0.0000,0.0426,0.0000,0.000,-2.990,0.245,-1.410,0.0479,-0.0029,0.9946,
14.259,ENC,-0.0017,0.0000,-0.0009,-0.0852,0.0000,0.005,-2.990,0.245,-1.410,0.0479,-0.0029,0.9946,
14.271,IMU,-0.0017,0.0000,-0.0009,-0.0852,0.0000,0.005,-3.008,0.249,-1.394,0.0537,0.0015,0.9897,
14.278,ENC,-0.0017,0.0000,-0.0009,0.0000,0.0000,0.005,-3.008,0.249,-1.394,0.0537,0.0015,0.9897,
14.291,IMU,-0.0017,0.0000,-0.0009,0.0000,0.0000,0.005,-2.979,0.235,-1.364,0.0405,-0.0054,1.0068,
14.298,ENC,0.0000,0.0000,0.0000,0.0852,0.0000,0.000,-2.979,0.235,-1.364,0.0405,-0.0054,1.0068,
14.311,IMU,0.0000,0.0000,0.0000,0.0852,0.0000,0.000,-2.984,0.210,-1.369,0.0591,0.0015,0.9888,
14.319,ENC,0.0000,0.0000,0.0000,0.0000,0.0000,0.000,-2.984,0.210,-1.369,0.0591,0.0015,0.9888,
14.331,IMU,0.0000,0.0000,0.0000,0.0000,0.0000,0.000,-3.006,0.206,-1.351,0.0513,0.0020,0.9980,
14.339,ENC,-0.0017,0.0000,-0.0009,-0.0852,0.0000,0.005,-3.006,0.206,-1.351,0.0513,0.0020,0.9980,
14.352,IMU,-0.0017,0.0000,-0.0009,-0.0852,0.0000,0.005,-3.068,0.205,-1.335,0.0479,-0.0083,0.9966,
14.359,ENC,-0.0017,0.0000,-0.0009,0.0000,0.0000,0.005,-3.068,0.205,-1.335,0.0479,-0.0083,0.9966,
14.371,IMU,-0.0017,0.0000,-0.0009,0.0000,0.0000,0.005,-3.051,0.174,-1.287,0.0522,0.0005,0.9951,
14.378,ENC,0.0000,0.0000,0.0000,0.0852,0.0000,0.000,-3.051,0.174,-1.287,0.0522,0.0005,0.9951,
14.391,IMU,0.0000,0.0000,0.0000,0.0852,0.0000,0.000,-3.065,0.194,-1.255,0.0410,0.0024,0.9839,
14.398,ENC,0.0000,0.0000,0.0000,0.0000,0.0000,0.000,-3.065,0.194,-1.255,0.0410,0.0024,0.9839,
14.411,IMU,0.0000,0.0000,0.0000,0.0000,0.0000,0.000,-3.055,0.176,-1.263,0.0469,0.0063,0.9883,
14.419,ENC,-0.0017,0.0000,-0.0009,-0.0852,0.0000,0.005,-3.055,0.176,-1.263,0.0469,0.0063,0.9883,
14.431,IMU,-0.0017,0.0000,-0.0009,-0.0852,0.0000,0.005,-3.040,0.156,-1.266,0.0630,0.0093,1.0049,
14.438,ENC,0.0000,0.0000,0.0000,0.0852,0.0000,0.000,-3.040,0.156,-1.266,0.0630,0.0093,1.0049,
14.451,IMU,0.0000,0.0000,0.0000,0.0852,0.0000,0.000,-3.043,0.147,-1.276,0.0566,0.0020,0.9883,
14.461,ENC,-0.0017,0.0000,-0.0009,-0.0852,0.0000,0.005,-3.043,0.147,-1.276,0.0566,0.0020,0.9883,
14.471,IMU,-0.0017,0.0000,-0.0009,-0.0852,0.0000,0.005,-3.051,0.150,-1.289,0.0527,0.0112,0.9980,
14.479,ENC,0.0000,0.0000,0.0000,0.0852,0.0000,0.000,-3.051,0.150,-1.289,0.0527,0.0112,0.9980,
14.491,IMU,0.0000,0.0000,0.0000,0.0852,0.0000,0.000,-3.036,0.137,-1.286,0.0508,-0.0010,0.9932,
14.498,ENC,0.0000,0.0000,0.0000,0.0000,0.0000,0.000,-3.036,0.137,-1.286,0.0508,-0.0010,0.9932,
14.512,IMU,0.0000,0.0000,0.0000,0.0000,0.0000,0.000,-3.010,0.116,-1.315,0.0479,0.0010,0.9946,
14.519,ENC,-0.0017,0.0000,-0.0009,-0.0852,0.0000,0.005,-3.010,0.116,-1.315,0.0479,0.0010,0.9946,
14.531,IMU,-0.0017,0.0000,-0.0009,-0.0852,0.0000,0.005,-2.977,0.114,-1.292,0.0342,0.0093,0.9907,
14.538,ENC,0.0000,0.0000,0.0000,0.0852,0.0000,0.000,-2.977,0.114,-1.292,0.0342,0.0093,0.9907,
14.558,ENC,0.0000,0.0000,0.0000,0.0000,0.0000,0.000,-2.977,0.114,-1.292,0.0342,0.0093,0.9907,
14.574,IMU,0.0000,0.0000,0.0000,0.0000,0.0000,0.000,-2.957,0.054,-1.354,0.0679,-0.0024,1.0181,
14.579,ENC,0.0000,0.0000,0.0000,0.0000,0.0000,0.000,-2.957,0.054,-1.354,0.0679,-0.0024,1.0181,
14.591,IMU,0.0000,0.0000,0.0000,0.0000,0.0000,0.000,-2.922,0.052,-1.326,0.0400,0.0068,1.0063,
14.598,ENC,0.0000,0.0000,0.0000,0.0000,0.0000,0.000,-2.922,0.052,-1.326,0.0400,0.0068,1.0063,
14.611,IMU,0.0000,0.0000,0.0000,0.0000,0.0000,0.000,-2.922,0.026,-1.340,0.0508,-0.0015,0.9995,
14.618,ENC,-0.0017,0.0000,-0.0009,-0.0852,0.0000,0.005,-2.922,0.026,-1.340,0.0508,-0.0015,0.9995,
14.631,IMU,-0.0017,0.0000,-0.0009,-0.0852,0.0000,0.005,-2.923,0.010,-1.382,0.0488,-0.0034,0.9927,
14.638,ENC,-0.0017,0.0000,-0.0009,0.0000,0.0000,0.005,-2.923,0.010,-1.382,0.0488,-0.0034,0.9927,
14.659,IMU,-0.0017,0.0000,-0.0009,0.0000,0.0000,0.005,-2.936,0.016,-1.385,0.0483,-0.0098,0.9941,
14.661,ENC,-0.0017,0.0000,-0.0009,0.0000,0.0000,0.005,-2.936,0.016,-1.385,0.0483,-0.0098,0.9941,
14.670,IMU,-0.0017,0.0000,-0.0009,0.0000,0.0000,0.005,-2.931,0.021,-1.397,0.0596,-0.0024,0.9966,
14.678,ENC,-0.0017,0.0000,-0.0009,0.0000,0.0000,0.005,-2.931,0.021,-1.397,0.0596,-0.0024,0.9966,
14.691,IMU,-0.0017,0.0000,-0.0009,0.0000,0.0000,0.005,-2.929,0.044,-1.433,0.0386,0.0054,0.9971,
14.698,ENC,-0.0017,0.0000,-0.0009,0.0000,0.0000,0.005,-2.929,0.044,-1.433,0.0386,0.0054,0.9971,
14.711,IMU,-0.0017,0.0000,-0.0009,0.0000,0.0000,0.005,-2.940,0.045,-1.441,0.0610,0.0132,0.9990,
14.718,ENC,-0.0017,0.0000,-0.0009,0.0000,0.0000,0.005,-2.940,0.045,-1.441,0.0610,0.0132,0.9990,
14.731,IMU,-0.0017,0.0000,-0.0009,0.0000,0.0000,0.005,-2.932,0.033,-1.396,0.0552,0.0044,0.9902,
14.738,ENC,0.0000,0.0000,0.0000,0.0852,0.0000,0.000,-2.932,0.033,-1.396,0.0552,0.0044,0.9902,
14.761,IMU,0.0000,0.0000,0.0000,0.0852,0.0000,0.000,-2.906,0.064,-1.404,0.0454,0.0029,0.9966,
14.771,IMU,0.0000,0.0000,0.0000,0.0852,0.0000,0.000,-2.901,0.064,-1.349,0.0518,0.0068,0.9971,
14.778,ENC,0.0000,0.0000,0.0000,0.0000,0.0000,0.000,-2.901,0.064,-1.349,0.0518,0.0068,0.9971,
14.792,IMU,0.0000,0.0000,0.0000,0.0000,0.0000,0.000,-2.943,0.043,-1.362,0.0557,-0.0078,0.9868,
14.798,ENC,0.0000,0.0000,0.0000,0.0000,0.0000,0.000,-2.943,0.043,-1.362,0.0557,-0.0078,0.9868,
14.814,IMU,0.0000,0.0000,0.0000,0.0000,0.0000,0.000,-2.966,0.017,-1.358,0.0449,0.0024,0.9922,
14.818,ENC,-0.0017,0.0000,-0.0009,-0.0852,0.0000,0.005,-2.966,0.017,-1.358,0.0449,0.0024,0.9922,
14.832,IMU,-0.0017,0.0000,-0.0009,-0.0852,0.0000,0.005,-2.930,-0.036,-1.387,0.0537,-0.0088,0.9922,
14.839,ENC,0.0000,0.0000,0.0000,0.0852,0.0000,0.000,-2.930,-0.036,-1.387,0.0537,-0.0088,0.9922,
14.858,ENC,-0.0017,0.0000,-0.0009,-0.0852,0.0000,0.005,-2.930,-0.036,-1.387,0.0537,-0.0088,0.9922,
14.880,ENC,-0.0017,0.0000,-0.0009,0.0000,0.0000,0.005,-2.930,-0.036,-1.387,0.0537,-0.0088,0.9922,
14.891,IMU,-0.0017,0.0000,-0.0009,0.0000,0.0000,0.005,-3.210,-0.001,-1.328,0.0527,-0.0049,0.9971,
14.898,ENC,-0.0017,0.0000,-0.0009,0.0000,0.0000,0.005,-3.210,-0.001,-1.328,0.0527,-0.0049,0.9971,
14.911,IMU,-0.0017,0.0000,-0.0009,0.0000,0.0000,0.005,-3.222,0.002,-1.288,0.0513,0.0034,0.9912,
14.918,ENC,-0.0017,0.0000,-0.0009,0.0000,0.0000,0.005,-3.222,0.002,-1.288,0.0513,0.0034,0.9912,
14.933,IMU,-0.0017,0.0000,-0.0009,0.0000,0.0000,0.005,-3.226,0.057,-1.291,0.0488,0.0103,0.9897,
14.938,ENC,-0.0017,0.0000,-0.0009,0.0000,0.0000,0.005,-3.226,0.057,-1.291,0.0488,0.0103,0.9897,
14.954,IMU,-0.0017,0.0000,-0.0009,0.0000,0.0000,0.005,-3.283,0.079,-1.285,0.0610,-0.0020,0.9966,
14.958,ENC,0.0000,0.0000,0.0000,0.0852,0.0000,0.000,-3.283,0.079,-1.285,0.0610,-0.0020,0.9966,
14.970,IMU,0.0000,0.0000,0.0000,0.0852,0.0000,0.000,-3.275,0.097,-1.276,0.0532,0.0122,0.9922,
14.978,ENC,-0.0017,0.0000,-0.0009,-0.0852,0.0000,0.005,-3.275,0.097,-1.276,0.0532,0.0122,0.9922,
14.991,IMU,-0.0017,0.0000,-0.0009,-0.0852,0.0000,0.005,-3.266,0.079,-1.253,0.0454,0.0034,0.9946,
14.998,ENC,0.0000,0.0000,0.0000,0.0852,0.0000,0.000,-3.266,0.079,-1.253,0.0454,0.0034,0.9946,
15.011,IMU,0.0000,0.0000,0.0000,0.0852,0.0000,0.000,-3.245,0.050,-1.279,0.0591,-0.0098,1.0000,
15.018,ENC,-0.0017,0.0000,-0.0009,-0.0852,0.0000,0.005,-3.245,0.050,-1.279,0.0591,-0.0098,1.0000,
15.031,IMU,-0.0017,0.0000,-0.0009,-0.0852,0.0000,0.005,-3.204,0.050,-1.307,0.0566,-0.0005,0.9863,
15.039,ENC,-0.0017,0.0000,-0.0009,0.0000,0.0000,0.005,-3.204,0.050,-1.307,0.0566,-0.0005,0.9863,
15.055,IMU,-0.0017,0.0000,-0.0009,0.0000,0.0000,0.005,-3.213,0.033,-1.236,0.0449,-0.0059,0.9854,
15.058,ENC,-0.0017,0.0000,-0.0009,0.0000,0.0000,0.005,-3.213,0.033,-1.236,0.0449,-0.0059,0.9854,
15.071,IMU,-0.0017,0.0000,-0.0009,0.0000,0.0000,0.005,-3.231,0.007,-1.196,0.0474,0.0020,0.9941,
15.078,ENC,-0.0017,0.0000,-0.0009,0.0000,0.0000,0.005,-3.231,0.007,-1.196,0.0474,0.0020,0.9941,
15.092,IMU,-0.0017,0.0000,-0.0009,0.0000,0.0000,0.005,-3.221,-0.016,-1.234,0.0527,-0.0078,0.9922,
15.099,ENC,-0.0017,0.0000,-0.0009,0.0000,0.0000,0.005,-3.221,-0.016,-1.234,0.0527,-0.0078,0.9922,
15.118,ENC,-0.0017,0.0000,-0.0009,0.0000,0.0000,0.005,-3.221,-0.016,-1.234,0.0527,-0.0078,0.9922,
15.132,IMU,-0.0017,0.0000,-0.0009,0.0000,0.0000,0.005,-3.207,-0.062,-1.250,0.0630,0.0107,1.0015,
15.139,ENC,0.0000,0.0000,0.0000,0.0852,0.0000,0.000,-3.207,-0.062,-1.250,0.0630,0.0107,1.0015,
15.151,IMU,0.0000,0.0000,0.0000,0.0852,0.0000,0.000,-3.203,-0.048,-1.309,0.0493,-0.0117,0.9951,
15.158,ENC,0.0000,0.0000,0.0000,0.0000,0.0000,0.000,-3.203,-0.048,-1.309,0.0493,-0.0117,0.9951,
15.171,IMU,0.0000,0.0000,0.0000,0.0000,0.0000,0.000,-3.224,-0.053,-1.293,0.0493,0.0083,0.9927,
15.191,IMU,0.0000,0.0000,0.0000,0.0000,0.0000,0.000,-3.244,-0.053,-1.302,0.0532,0.0054,0.9980,
15.198,ENC,-0.0017,0.0000,-0.0009,-0.0426,0.0000,0.005,-3.244,-0.053,-1.302,0.0532,0.0054,0.9980,
15.211,IMU,-0.0017,0.0000,-0.0009,-0.0426,0.0000,0.005,-3.213,-0.032,-1.293,0.0400,0.0054,0.9937,
15.218,ENC,0.0000,0.0000,0.0000,0.0852,0.0000,0.000,-3.213,-0.032,-1.293,0.0400,0.0054,0.9937,
15.232,IMU,0.0000,0.0000,0.0000,0.0852,0.0000,0.000,-3.229,-0.047,-1.277,0.0664,-0.0005,0.9868,
15.252,IMU,0.0000,0.0000,0.0000,0.0852,0.0000,0.000,-3.201,-0.065,-1.227,0.0547,-0.0039,1.0098,
15.258,ENC,-0.0017,0.0000,-0.0009,-0.0426,0.0000,0.005,-3.201,-0.065,-1.227,0.0547,-0.0039,1.0098,
15.271,IMU,-0.0017,0.0000,-0.0009,-0.0426,0.0000,0.005,-3.178,-0.092,-1.224,0.0562,-0.0054,1.0010,
15.278,ENC,0.0000,0.0000,0.0000,0.0852,0.0000,0.000,-3.178,-0.092,-1.224,0.0562,-0.0054,1.0010,
15.292,IMU,0.0000,0.0000,0.0000,0.0852,0.0000,0.000,-3.193,-0.113,-1.184,0.0439,0.0015,0.9941,
15.298,ENC,0.0000,0.0000,0.0000,0.0000,0.0000,0.000,-3.193,-0.113,-1.184,0.0439,0.0015,0.9941,
15.312,IMU,0.0000,0.0000,0.0000,0.0000,0.0000,0.000,-3.140,-0.172,-1.185,0.0493,-0.0122,0.9814,
15.318,ENC,0.0000,0.0000,0.0000,0.0000,0.0000,0.000,-3.140,-0.172,-1.185,0.0493,-0.0122,0.9814,
15.335,IMU,0.0000,0.0000,0.0000,0.0000,0.0000,0.000,-3.135,-0.225,-1.264,0.0576,-0.0029,0.9878,
15.339,ENC,-0.0017,0.0000,-0.0009,-0.0852,0.0000,0.005,-3.135,-0.225,-1.264,0.0576,-0.0029,0.9878,
15.353,IMU,-0.0017,0.0000,-0.0009,-0.0852,0.0000,0.005,-3.160,-0.220,-1.260,0.0435,-0.0044,0.9971,
15.371,IMU,-0.0017,0.0000,-0.0009,-0.0852,0.0000,0.005,-3.179,-0.181,-1.242,0.0664,0.0020,1.0005,
15.379,ENC,0.0000,0.0000,0.0000,0.0426,0.0000,0.000,-3.179,-0.181,-1.242,0.0664,0.0020,1.0005,
15.393,IMU,0.0000,0.0000,0.0000,0.0426,0.0000,0.000,-3.192,-0.163,-1.250,0.0542,-0.0034,0.9990,
15.399,ENC,0.0000,0.0000,0.0000,0.0000,0.0000,0.000,-3.192,-0.163,-1.250,0.0542,-0.0034,0.9990,
15.412,IMU,0.0000,0.0000,0.0000,0.0000,0.0000,0.000,-3.240,-0.181,-1.278,0.0547,-0.0093,1.0029,
15.418,ENC,-0.0017,0.0000,-0.0009,-0.0852,0.0000,0.005,-3.240,-0.181,-1.278,0.0547,-0.0093,1.0029,
15.432,IMU,-0.0017,0.0000,-0.0009,-0.0852,0.0000,0.005,-3.212,-0.155,-1.255,0.0493,0.0220,0.9985,
15.438,ENC,0.0000,0.0000,0.0000,0.0852,0.0000,0.000,-3.212,-0.155,-1.255,0.0493,0.0220,0.9985,
15.451,IMU,0.0000,0.0000,0.0000,0.0852,0.0000,0.000,-3.213,-0.168,-1.230,0.0430,-0.0073,0.9854,
15.458,ENC,0.0000,0.0000,0.0000,0.0000,0.0000,0.000,-3.213,-0.168,-1.230,0.0430,-0.0073,0.9854,
15.471,IMU,0.0000,0.0000,0.0000,0.0000,0.0000,0.000,-3.196,-0.172,-1.234,0.0498,0.0024,0.9883,
15.478,ENC,0.0000,0.0000,0.0000,0.0000,0.0000,0.000,-3.196,-0.172,-1.234,0.0498,0.0024,0.9883,
15.492,IMU,0.0000,0.0000,0.0000,0.0000,0.0000,0.000,-3.201,-0.163,-1.203,0.0625,-0.0063,0.9932,
15.498,ENC,-0.0017,0.0000,-0.0009,-0.0852,0.0000,0.005,-3.201,-0.163,-1.203,0.0625,-0.0063,0.9932,
15.511,IMU,-0.0017,0.0000,-0.0009,-0.0852,0.0000,0.005,-3.186,-0.130,-1.231,0.0498,0.0073,0.9858,
15.518,ENC,0.0000,0.0000,0.0000,0.0852,0.0000,0.000,-3.186,-0.130,-1.231,0.0498,0.0073,0.9858,
15.531,IMU,0.0000,0.0000,0.0000,0.0852,0.0000,0.000,-3.149,-0.087,-1.198,0.0479,-0.0034,1.0010,
15.539,ENC,0.0000,0.0000,0.0000,0.0000,0.0000,0.000,-3.149,-0.087,-1.198,0.0479,-0.0034,1.0010,
15.572,IMU,0.0000,0.0000,0.0000,0.0000,0.0000,0.000,-3.118,-0.062,-1.097,0.0640,-0.0034,0.9917,
15.578,ENC,-0.0017,0.0000,-0.0009,-0.0426,0.0000,0.005,-3.118,-0.062,-1.097,0.0640,-0.0034,0.9917,
15.591,IMU,-0.0017,0.0000,-0.0009,-0.0426,0.0000,0.005,-3.119,-0.031,-1.086,0.0483,0.0039,0.9922,
15.599,ENC,0.0000,0.0000,0.0000,0.0852,0.0000,0.000,-3.119,-0.031,-1.086,0.0483,0.0039,0.9922,
15.611,IMU,0.0000,0.0000,0.0000,0.0852,0.0000,0.000,-3.163,0.031,-1.137,0.0479,0.0000,1.0015,
15.618,ENC,0.0000,0.0000,0.0000,0.0000,0.0000,0.000,-3.163,0.031,-1.137,0.0479,0.0000,1.0015,
15.631,IMU,0.0000,0.0000,0.0000,0.0000,0.0000,0.000,-3.176,0.013,-1.112,0.0566,-0.0078,0.9976,
15.639,ENC,0.0000,0.0000,0.0000,0.0000,0.0000,0.000,-3.176,0.013,-1.112,0.0566,-0.0078,0.9976,
15.656,IMU,0.0000,0.0000,0.0000,0.0000,0.0000,0.000,-3.128,0.013,-1.131,0.0439,-0.0015,0.9878,
15.658,ENC,-0.0017,0.0000,-0.0009,-0.0852,0.0000,0.005,-3.128,0.013,-1.131,0.0439,-0.0015,0.9878,
15.671,IMU,-0.0017,0.0000,-0.0009,-0.0852,0.0000,0.005,-3.103,-0.026,-1.139,0.0547,0.0010,0.9941,
15.679,ENC,-0.0017,0.0000,-0.0009,0.0000,0.0000,0.005,-3.103,-0.026,-1.139,0.0547,0.0010,0.9941,
15.691,IMU,-0.0017,0.0000,-0.0009,0.0000,0.0000,0.005,-3.107,-0.003,-1.152,0.0508,0.0000,0.9966,
15.699,ENC,-0.0017,0.0000,-0.0009,0.0000,0.0000,0.005,-3.107,-0.003,-1.152,0.0508,0.0000,0.9966,
15.711,IMU,-0.0017,0.0000,-0.0009,0.0000,0.0000,0.005,-3.091,-0.050,-1.146,0.0474,-0.0034,0.9985,
15.720,ENC,-0.0017,0.0000,-0.0009,0.0000,0.0000,0.005,-3.091,-0.050,-1.146,0.0474,-0.0034,0.9985,
15.731,IMU,-0.0017,0.0000,-0.0009,0.0000,0.0000,0.005,-3.121,-0.037,-1.124,0.0493,0.0059,1.0029,
15.751,IMU,-0.0017,0.0000,-0.0009,0.0000,0.0000,0.005,-3.145,-0.034,-1.145,0.0601,0.0010,1.0054,
15.758,ENC,0.0000,0.0000,0.0000,0.0426,0.0000,0.000,-3.145,-0.034,-1.145,0.0601,0.0010,1.0054,
15.773,IMU,0.0000,0.0000,0.0000,0.0426,0.0000,0.000,-3.125,-0.050,-1.168,0.0581,-0.0083,0.9917,
15.779,ENC,-0.0017,0.0000,-0.0009,-0.0852,0.0000,0.005,-3.125,-0.050,-1.168,0.0581,-0.0083,0.9917,
15.791,IMU,-0.0017,0.0000,-0.0009,-0.0852,0.0000,0.005,-3.138,-0.023,-1.213,0.0435,-0.0029,0.9902,
15.811,IMU,-0.0017,0.0000,-0.0009,-0.0852,0.0000,0.005,-3.120,-0.027,-1.214,0.0518,-0.0093,0.9971,
15.819,ENC,0.0000,0.0000,0.0000,0.0426,0.0000,0.000,-3.120,-0.027,-1.214,0.0518,-0.0093,0.9971,
15.831,IMU,0.0000,0.0000,0.0000,0.0426,0.0000,0.000,-3.127,-0.017,-1.254,0.0537,0.0073,1.0068,
15.838,ENC,-0.0017,0.0000,-0.0009,-0.0852,0.0000,0.005,-3.127,-0.017,-1.254,0.0537,0.0073,1.0068,
15.851,IMU,-0.0017,0.0000,-0.0009,-0.0852,0.0000,0.005,-3.146,-0.048,-1.303,0.0493,-0.0117,1.0044,
15.858,ENC,-0.0017,0.0000,-0.0009,0.0000,0.0000,0.005,-3.146,-0.048,-1.303,0.0493,-0.0117,1.0044,
15.870,IMU,-0.0017,0.0000,-0.0009,0.0000,0.0000,0.005,-3.164,-0.041,-1.277,0.0586,0.0039,1.0005,
15.878,ENC,-0.0017,0.0000,-0.0009,0.0000,0.0000,0.005,-3.164,-0.041,-1.277,0.0586,0.0039,1.0005,
15.891,IMU,-0.0017,0.0000,-0.0009,0.0000,0.0000,0.005,-3.170,-0.035,-1.257,0.0498,-0.0083,0.9995,
15.898,ENC,-0.0017,0.0000,-0.0009,0.0000,0.0000,0.005,-3.170,-0.035,-1.257,0.0498,-0.0083,0.9995,
15.912,IMU,-0.0017,0.0000,-0.0009,0.0000,0.0000,0.005,-3.239,0.022,-1.271,0.0615,-0.0063,0.9927,
15.918,ENC,-0.0017,0.0000,-0.0009,0.0000,0.0000,0.005,-3.239,0.022,-1.271,0.0615,-0.0063,0.9927,
15.931,IMU,-0.0017,0.0000,-0.0009,0.0000,0.0000,0.005,-3.200,0.019,-1.254,0.0439,0.0059,0.9902,
15.938,ENC,0.0000,0.0000,0.0000,0.0852,0.0000,0.000,-3.200,0.019,-1.254,0.0439,0.0059,0.9902,
15.954,IMU,0.0000,0.0000,0.0000,0.0852,0.0000,0.000,-3.191,0.059,-1.265,0.0522,-0.0059,0.9927,
15.958,ENC,-0.0017,0.0000,-0.0009,-0.0852,0.0000,0.005,-3.191,0.059,-1.265,0.0522,-0.0059,0.9927,
15.979,ENC,0.0153,0.0034,0.0094,0.8522,0.1704,-0.034,-3.191,0.059,-1.265,0.0522,-0.0059,0.9927,
15.991,IMU,0.0153,0.0034,0.0094,0.8522,0.1704,-0.034,-3.223,0.003,-1.302,0.0620,-0.0581,1.0098,
15.998,ENC,0.0341,0.0153,0.0247,0.9374,0.5965,-0.054,-3.223,0.003,-1.302,0.0620,-0.0581,1.0098,
16.011,IMU,0.0341,0.0153,0.0247,0.9374,0.5965,-0.054,-3.283,-0.048,-1.291,0.0933,-0.0879,0.9971,
16.018,ENC,0.0682,0.0392,0.0537,1.7044,1.1931,-0.083,-3.283,-0.048,-1.291,0.0933,-0.0879,0.9971,
16.031,IMU,0.0682,0.0392,0.0537,1.7044,1.1931,-0.083,-3.351,-0.159,-1.369,0.0913,-0.0645,0.9849,
16.038,ENC,0.1244,0.0699,0.0972,2.8123,1.5340,-0.156,-3.351,-0.159,-1.369,0.0913,-0.0645,0.9849,
16.052,IMU,0.1244,0.0699,0.0972,2.8123,1.5340,-0.156,-3.299,-0.185,-1.423,0.0073,-0.0249,1.0327,
16.058,ENC,0.1807,0.0989,0.1398,2.8123,1.4488,-0.234,-3.299,-0.185,-1.423,0.0073,-0.0249,1.0327,
16.072,IMU,0.1807,0.0989,0.1398,2.8123,1.4488,-0.234,-3.231,-0.253,-1.409,0.0151,-0.0430,0.9629,
16.078,ENC,0.2403,0.1449,0.1926,2.9827,2.3010,-0.273,-3.231,-0.253,-1.409,0.0151,-0.0430,0.9629,
16.091,IMU,0.2403,0.1449,0.1926,2.9827,2.3010,-0.273,-3.228,-0.306,-1.468,0.0732,-0.0186,1.0034,
16.112,IMU,0.2403,0.1449,0.1926,2.9827,2.3010,-0.273,-3.259,-0.340,-1.475,0.0737,-0.0376,0.9595,
16.118,ENC,0.3682,0.2454,0.3068,3.1958,2.5140,-0.352,-3.259,-0.340,-1.475,0.0737,-0.0376,0.9595,
16.131,IMU,0.3682,0.2454,0.3068,3.1958,2.5140,-0.352,-3.213,-0.391,-1.524,0.0186,-0.0215,1.0034,
16.138,ENC,0.4397,0.3034,0.3716,3.5793,2.8975,-0.391,-3.213,-0.391,-1.524,0.0186,-0.0215,1.0034,
16.151,IMU,0.4397,0.3034,0.3716,3.5793,2.8975,-0.391,-3.172,-0.391,-1.504,0.0083,-0.0044,0.9771,
16.159,ENC,0.5147,0.3665,0.4406,3.7497,3.1532,-0.425,-3.172,-0.391,-1.504,0.0083,-0.0044,0.9771,
16.171,IMU,0.5147,0.3665,0.4406,3.7497,3.1532,-0.425,-3.185,-0.391,-1.519,0.0596,-0.0044,1.0044,
16.178,ENC,0.5863,0.4346,0.5105,3.5793,3.4088,-0.435,-3.185,-0.391,-1.519,0.0596,-0.0044,1.0044,
16.192,IMU,0.5863,0.4346,0.5105,3.5793,3.4088,-0.435,-3.226,-0.382,-1.473,0.0894,-0.0127,0.9961,
16.198,ENC,0.6545,0.5011,0.5778,3.4088,3.3236,-0.439,-3.226,-0.382,-1.473,0.0894,-0.0127,0.9961,
16.213,IMU,0.6545,0.5011,0.5778,3.4088,3.3236,-0.439,-3.225,-0.395,-1.523,0.0547,-0.0288,0.9985,
16.219,ENC,0.7244,0.5642,0.6443,3.4941,3.1532,-0.459,-3.225,-0.395,-1.523,0.0547,-0.0288,0.9985,
16.231,IMU,0.7244,0.5642,0.6443,3.4941,3.1532,-0.459,-3.150,-0.326,-1.531,-0.0220,0.0215,1.0044,
16.238,ENC,0.7943,0.6340,0.7142,3.4941,3.4941,-0.459,-3.150,-0.326,-1.531,-0.0220,0.0215,1.0044,
16.252,IMU,0.7943,0.6340,0.7142,3.4941,3.4941,-0.459,-3.196,-0.337,-1.536,0.1069,-0.0176,1.0195,
16.258,ENC,0.8641,0.7056,0.7849,3.4941,3.5793,-0.454,-3.196,-0.337,-1.536,0.1069,-0.0176,1.0195,
16.273,IMU,0.8641,0.7056,0.7849,3.4941,3.5793,-0.454,-3.198,-0.369,-1.525,0.0620,-0.0352,1.0098,
16.278,ENC,0.9357,0.7772,0.8565,3.5793,3.5793,-0.454,-3.198,-0.369,-1.525,0.0620,-0.0352,1.0098,
16.291,IMU,0.9357,0.7772,0.8565,3.5793,3.5793,-0.454,-3.218,-0.426,-1.592,0.0405,-0.0303,0.9883,
16.298,ENC,1.0039,0.8488,0.9264,3.4088,3.5793,-0.444,-3.218,-0.426,-1.592,0.0405,-0.0303,0.9883,
16.311,IMU,1.0039,0.8488,0.9264,3.4088,3.5793,-0.444,-3.172,-0.411,-1.551,0.0054,-0.0020,0.9814,
16.318,ENC,1.0789,0.9204,0.9996,3.7497,3.5793,-0.454,-3.172,-0.411,-1.551,0.0054,-0.0020,0.9814,
16.331,IMU,1.0789,0.9204,0.9996,3.7497,3.5793,-0.454,-3.208,-0.366,-1.528,0.0850,0.0122,1.0103,
16.338,ENC,1.1505,0.9920,1.0712,3.5793,3.5793,-0.454,-3.208,-0.366,-1.528,0.0850,0.0122,1.0103,
16.351,IMU,1.1505,0.9920,1.0712,3.5793,3.5793,-0.454,-3.237,-0.388,-1.536,0.0957,-0.0190,1.0215,
16.358,ENC,1.2204,1.0653,1.1428,3.4941,3.6645,-0.444,-3.237,-0.388,-1.536,0.0957,-0.0190,1.0215,
16.371,IMU,1.2204,1.0653,1.1428,3.4941,3.6645,-0.444,-3.221,-0.414,-1.527,0.0430,-0.0308,1.0303,
16.378,ENC,1.2885,1.1403,1.2144,3.4088,3.7497,-0.425,-3.221,-0.414,-1.527,0.0430,-0.0308,1.0303,
16.391,IMU,1.2885,1.1403,1.2144,3.4088,3.7497,-0.425,-3.204,-0.398,-1.532,0.0547,0.0024,1.0010,
16.398,ENC,1.3567,1.2118,1.2843,3.4088,3.5793,-0.415,-3.204,-0.398,-1.532,0.0547,0.0024,1.0010,
16.411,IMU,1.3567,1.2118,1.2843,3.4088,3.5793,-0.415,-3.143,-0.345,-1.559,0.0269,0.0020,0.9810,
16.418,ENC,1.4300,1.2868,1.3584,3.6645,3.7497,-0.410,-3.143,-0.345,-1.559,0.0269,0.0020,0.9810,
16.431,IMU,1.4300,1.2868,1.3584,3.6645,3.7497,-0.410,-3.162,-0.304,-1.554,0.0728,0.0244,1.0298,
16.438,ENC,1.4999,1.3567,1.4283,3.4941,3.4941,-0.410,-3.162,-0.304,-1.554,0.0728,0.0244,1.0298,
16.451,IMU,1.4999,1.3567,1.4283,3.4941,3.4941,-0.410,-3.171,-0.312,-1.559,0.0381,0.0269,0.9639,
16.459,ENC,1.5664,1.4266,1.4965,3.3236,3.4941,-0.400,-3.171,-0.312,-1.559,0.0381,0.0269,0.9639,
16.473,IMU,1.5664,1.4266,1.4965,3.3236,3.4941,-0.400,-3.069,-0.310,-1.526,-0.0493,-0.0273,1.0117,
16.478,ENC,1.6345,1.5016,1.5681,3.4088,3.7497,-0.381,-3.069,-0.310,-1.526,-0.0493,-0.0273,1.0117,
16.492,IMU,1.6345,1.5016,1.5681,3.4088,3.7497,-0.381,-3.128,-0.274,-1.560,0.0518,0.0156,0.9990,
16.499,ENC,1.7061,1.5698,1.6380,3.5793,3.4088,-0.391,-3.128,-0.274,-1.560,0.0518,0.0156,0.9990,
16.511,IMU,1.7061,1.5698,1.6380,3.5793,3.4088,-0.391,-3.115,-0.254,-1.516,0.0635,-0.0127,0.9956,
16.519,ENC,1.7743,1.6431,1.7087,3.4088,3.6645,-0.376,-3.115,-0.254,-1.516,0.0635,-0.0127,0.9956,
16.532,IMU,1.7743,1.6431,1.7087,3.4088,3.6645,-0.376,-3.107,-0.211,-1.493,0.0845,0.0059,0.9678,
16.538,ENC,1.8425,1.7181,1.7803,3.4088,3.7497,-0.356,-3.107,-0.211,-1.493,0.0845,0.0059,0.9678,
16.553,IMU,1.8425,1.7181,1.7803,3.4088,3.7497,-0.356,-2.997,-0.210,-1.468,-0.0176,-0.0122,0.9775,
16.558,ENC,1.9141,1.7879,1.8510,3.5793,3.4941,-0.361,-2.997,-0.210,-1.468,-0.0176,-0.0122,0.9775,
16.572,IMU,1.9141,1.7879,1.8510,3.5793,3.4941,-0.361,-3.032,-0.222,-1.446,0.0815,0.0063,1.0127,
16.578,ENC,1.9857,1.8612,1.9234,3.5793,3.6645,-0.356,-3.032,-0.222,-1.446,0.0815,0.0063,1.0127,
16.591,IMU,1.9857,1.8612,1.9234,3.5793,3.6645,-0.356,-2.963,-0.245,-1.445,0.0107,-0.0137,0.9854,
16.598,ENC,2.0589,1.9447,2.0018,3.6645,4.1758,-0.327,-2.963,-0.245,-1.445,0.0107,-0.0137,0.9854,
16.611,IMU,2.0589,1.9447,2.0018,3.6645,4.1758,-0.327,-2.953,-0.253,-1.439,0.0566,-0.0068,0.9795,
16.620,ENC,2.1305,2.0266,2.0785,3.5793,4.0906,-0.298,-2.953,-0.253,-1.439,0.0566,-0.0068,0.9795,
16.632,IMU,2.1305,2.0266,2.0785,3.5793,4.0906,-0.298,-2.954,-0.258,-1.488,0.0024,0.0176,1.0000,
16.638,ENC,2.2038,2.1033,2.1535,3.6645,3.8350,-0.288,-2.954,-0.258,-1.488,0.0024,0.0176,1.0000,
16.653,IMU,2.2038,2.1033,2.1535,3.6645,3.8350,-0.288,-2.953,-0.298,-1.504,0.0537,-0.0273,1.0059,
16.658,ENC,2.2788,2.1851,2.2319,3.7497,4.0906,-0.269,-2.953,-0.298,-1.504,0.0537,-0.0273,1.0059,
16.672,IMU,2.2788,2.1851,2.2319,3.7497,4.0906,-0.269,-2.950,-0.312,-1.499,0.0430,-0.0103,1.0195,
16.680,ENC,2.3555,2.2635,2.3095,3.8350,3.9202,-0.264,-2.950,-0.312,-1.499,0.0430,-0.0103,1.0195,
16.691,IMU,2.3555,2.2635,2.3095,3.8350,3.9202,-0.264,-3.003,-0.332,-1.444,0.0703,0.0063,0.9897,
16.699,ENC,2.4322,2.3470,2.3896,3.8350,4.1758,-0.244,-3.003,-0.332,-1.444,0.0703,0.0063,0.9897,
16.711,IMU,2.4322,2.3470,2.3896,3.8350,4.1758,-0.244,-2.991,-0.333,-1.475,0.0435,0.0127,1.0107,
16.718,ENC,2.5123,2.4118,2.4620,4.0054,3.2384,-0.288,-2.991,-0.333,-1.475,0.0435,0.0127,1.0107,
16.732,IMU,2.5123,2.4118,2.4620,4.0054,3.2384,-0.288,-3.021,-0.304,-1.430,0.1045,0.0151,0.9673,
16.752,IMU,2.5123,2.4118,2.4620,4.0054,3.2384,-0.288,-3.004,-0.328,-1.444,0.0576,0.0337,0.9814,
16.760,ENC,2.6606,2.5907,2.6257,3.7071,4.4741,-0.200,-3.004,-0.328,-1.444,0.0576,0.0337,0.9814,
16.772,IMU,2.6606,2.5907,2.6257,3.7071,4.4741,-0.200,-2.990,-0.323,-1.428,0.0659,0.0156,0.9404,
16.778,ENC,2.7441,2.6742,2.7092,4.1758,4.1758,-0.200,-2.990,-0.323,-1.428,0.0659,0.0156,0.9404,
16.791,IMU,2.7441,2.6742,2.7092,4.1758,4.1758,-0.200,-2.957,-0.324,-1.423,-0.0020,-0.0073,1.0132,
16.798,ENC,2.8174,2.7509,2.7842,3.6645,3.8350,-0.190,-2.957,-0.324,-1.423,-0.0020,-0.0073,1.0132,
16.811,IMU,2.8174,2.7509,2.7842,3.6645,3.8350,-0.190,-2.901,-0.299,-1.387,-0.0190,0.0171,0.9238,
16.819,ENC,2.8975,2.8242,2.8609,4.0054,3.6645,-0.210,-2.901,-0.299,-1.387,-0.0190,0.0171,0.9238,
16.831,IMU,2.8975,2.8242,2.8609,4.0054,3.6645,-0.210,-2.888,-0.320,-1.380,0.0215,0.0083,0.9585,
16.838,ENC,2.9776,2.9095,2.9435,4.0054,4.2611,-0.195,-2.888,-0.320,-1.380,0.0215,0.0083,0.9585,
16.852,IMU,2.9776,2.9095,2.9435,4.0054,4.2611,-0.195,-2.880,-0.369,-1.382,0.0249,-0.0166,0.9639,
16.858,ENC,3.0611,2.9998,3.0305,4.1758,4.5167,-0.176,-2.880,-0.369,-1.382,0.0249,-0.0166,0.9639,
16.871,IMU,3.0611,2.9998,3.0305,4.1758,4.5167,-0.176,-3.002,-0.362,-1.397,0.1211,0.0010,1.0117,
16.891,IMU,3.0611,2.9998,3.0305,4.1758,4.5167,-0.176,-3.023,-0.368,-1.399,0.0693,-0.0205,0.9595,
16.898,ENC,3.2248,3.1719,3.1983,4.0906,4.3037,-0.151,-3.023,-0.368,-1.399,0.0693,-0.0205,0.9595,
16.912,IMU,3.2248,3.1719,3.1983,4.0906,4.3037,-0.151,-3.060,-0.379,-1.375,0.0669,-0.0186,1.0063,
16.918,ENC,3.3100,3.2657,3.2878,4.2611,4.6872,-0.127,-3.060,-0.379,-1.375,0.0669,-0.0186,1.0063,
16.933,IMU,3.3100,3.2657,3.2878,4.2611,4.6872,-0.127,-3.073,-0.350,-1.395,0.0625,0.0112,0.9971,
16.938,ENC,3.3935,3.3509,3.3722,4.1758,4.2611,-0.122,-3.073,-0.350,-1.395,0.0625,0.0112,0.9971,
16.951,IMU,3.3935,3.3509,3.3722,4.1758,4.2611,-0.122,-3.140,-0.377,-1.360,0.0884,-0.0093,0.9707,
16.959,ENC,3.4787,3.4429,3.4608,4.2611,4.6019,-0.103,-3.140,-0.377,-1.360,0.0884,-0.0093,0.9707,
16.972,IMU,3.4787,3.4429,3.4608,4.2611,4.6019,-0.103,-3.152,-0.362,-1.372,0.1011,0.0078,0.9712,
16.978,ENC,3.5639,3.5384,3.5512,4.2611,4.7724,-0.073,-3.152,-0.362,-1.372,0.1011,0.0078,0.9712,
16.993,IMU,3.5639,3.5384,3.5512,4.2611,4.7724,-0.073,-3.118,-0.343,-1.390,0.0205,0.0132,0.9668,
16.998,ENC,3.6475,3.6236,3.6355,4.1758,4.2611,-0.068,-3.118,-0.343,-1.390,0.0205,0.0132,0.9668,
17.013,IMU,3.6475,3.6236,3.6355,4.1758,4.2611,-0.068,-3.123,-0.350,-1.375,0.0718,0.0195,0.9629,
17.019,ENC,3.7378,3.7088,3.7233,4.5167,4.2611,-0.083,-3.123,-0.350,-1.375,0.0718,0.0195,0.9629,
17.031,IMU,3.7378,3.7088,3.7233,4.5167,4.2611,-0.083,-3.124,-0.339,-1.355,0.0601,0.0122,0.9785,
17.038,ENC,3.8213,3.7923,3.8068,4.1758,4.1758,-0.083,-3.124,-0.339,-1.355,0.0601,0.0122,0.9785,
17.053,IMU,3.8213,3.7923,3.8068,4.1758,4.1758,-0.083,-3.126,-0.346,-1.432,0.0439,-0.0034,1.0410,
17.058,ENC,3.9065,3.8759,3.8912,4.2611,4.1758,-0.088,-3.126,-0.346,-1.432,0.0439,-0.0034,1.0410,
17.072,IMU,3.9065,3.8759,3.8912,4.2611,4.1758,-0.088,-3.104,-0.331,-1.452,0.0161,0.0288,1.0112,
17.078,ENC,3.9952,3.9611,3.9781,4.4315,4.2611,-0.098,-3.104,-0.331,-1.452,0.0161,0.0288,1.0112,
17.091,IMU,3.9952,3.9611,3.9781,4.4315,4.2611,-0.098,-3.112,-0.325,-1.443,0.0381,0.0342,0.9595,
17.098,ENC,4.0770,4.0429,4.0599,4.0906,4.0906,-0.098,-3.112,-0.325,-1.443,0.0381,0.0342,0.9595,
17.111,IMU,4.0770,4.0429,4.0599,4.0906,4.0906,-0.098,-3.162,-0.298,-1.418,0.0967,0.0259,1.0146,
17.118,ENC,4.1588,4.1264,4.1426,4.0906,4.1758,-0.093,-3.162,-0.298,-1.418,0.0967,0.0259,1.0146,
17.133,IMU,4.1588,4.1264,4.1426,4.0906,4.1758,-0.093,-3.254,-0.291,-1.384,0.1265,0.0005,0.9844,
17.139,ENC,4.2372,4.2082,4.2227,3.9202,4.0906,-0.083,-3.254,-0.291,-1.384,0.1265,0.0005,0.9844,
17.151,IMU,4.2372,4.2082,4.2227,3.9202,4.0906,-0.083,-3.162,-0.257,-1.378,0.0151,0.0356,0.9629,
17.158,ENC,4.3139,4.2798,4.2969,3.8350,3.5793,-0.098,-3.162,-0.257,-1.378,0.0151,0.0356,0.9629,
17.172,IMU,4.3139,4.2798,4.2969,3.8350,3.5793,-0.098,-3.167,-0.263,-1.386,0.0884,-0.0356,1.0371,
17.179,ENC,4.3889,4.3548,4.3718,3.7497,3.7497,-0.098,-3.167,-0.263,-1.386,0.0884,-0.0356,1.0371,
17.191,IMU,4.3889,4.3548,4.3718,3.7497,3.7497,-0.098,-3.097,-0.254,-1.369,-0.0010,-0.0068,1.0190,
17.198,ENC,4.4588,4.4264,4.4426,3.4941,3.5793,-0.093,-3.097,-0.254,-1.369,-0.0010,-0.0068,1.0190,
17.213,IMU,4.4588,4.4264,4.4426,3.4941,3.5793,-0.093,-3.076,-0.189,-1.380,0.0229,-0.0049,1.0186,
17.221,ENC,4.5235,4.4929,4.5082,3.2384,3.3236,-0.088,-3.076,-0.189,-1.380,0.0229,-0.0049,1.0186,
17.232,IMU,4.5235,4.4929,4.5082,3.2384,3.3236,-0.088,-3.117,-0.238,-1.408,0.1040,-0.0151,1.0273,
17.238,ENC,4.5917,4.5627,4.5772,3.4088,3.4941,-0.083,-3.117,-0.238,-1.408,0.1040,-0.0151,1.0273,
17.252,IMU,4.5917,4.5627,4.5772,3.4088,3.4941,-0.083,-3.109,-0.268,-1.364,0.0781,0.0068,0.9912,
17.258,ENC,4.6582,4.6258,4.6420,3.3236,3.1532,-0.093,-3.109,-0.268,-1.364,0.0781,0.0068,0.9912,
17.271,IMU,4.6582,4.6258,4.6420,3.3236,3.1532,-0.093,-3.078,-0.236,-1.335,0.0557,0.0259,0.9858,
17.278,ENC,4.7230,4.6923,4.7076,3.2384,3.3236,-0.088,-3.078,-0.236,-1.335,0.0557,0.0259,0.9858,
17.292,IMU,4.7230,4.6923,4.7076,3.2384,3.3236,-0.088,-3.160,-0.314,-1.388,0.0933,-0.0381,1.0498,
17.298,ENC,4.7843,4.7587,4.7715,3.0680,3.3236,-0.073,-3.160,-0.314,-1.388,0.0933,-0.0381,1.0498,
17.311,IMU,4.7843,4.7587,4.7715,3.0680,3.3236,-0.073,-3.170,-0.281,-1.335,0.0586,0.0093,1.0010,
17.321,ENC,4.8440,4.8269,4.8354,2.9827,3.4088,-0.049,-3.170,-0.281,-1.335,0.0586,0.0093,1.0010,
17.331,IMU,4.8440,4.8269,4.8354,2.9827,3.4088,-0.049,-3.145,-0.277,-1.317,0.0522,-0.0005,0.9961,
17.340,ENC,4.9087,4.8866,4.8977,3.2384,2.9827,-0.063,-3.145,-0.277,-1.317,0.0522,-0.0005,0.9961,
17.352,IMU,4.9087,4.8866,4.8977,3.2384,2.9827,-0.063,-3.230,-0.310,-1.352,0.1006,-0.0029,1.0127,
17.358,ENC,4.9684,4.9479,4.9582,2.9827,3.0680,-0.059,-3.230,-0.310,-1.352,0.1006,-0.0029,1.0127,
17.371,IMU,4.9684,4.9479,4.9582,2.9827,3.0680,-0.059,-3.256,-0.280,-1.337,0.0864,0.0278,0.9927,
17.378,ENC,5.0246,5.0161,5.0204,2.8123,3.4088,-0.024,-3.256,-0.280,-1.337,0.0864,0.0278,0.9927,
17.395,IMU,5.0246,5.0161,5.0204,2.8123,3.4088,-0.024,-3.240,-0.293,-1.311,0.0288,0.0083,0.9941,
17.399,ENC,5.0707,5.0826,5.0766,2.3010,3.3236,0.034,-3.240,-0.293,-1.311,0.0288,0.0083,0.9941,
17.414,IMU,5.0707,5.0826,5.0766,2.3010,3.3236,0.034,-3.161,-0.298,-1.298,0.0088,0.0044,0.9824,
17.418,ENC,5.1235,5.1422,5.1329,2.6419,2.9827,0.054,-3.161,-0.298,-1.298,0.0088,0.0044,0.9824,
17.431,IMU,5.1235,5.1422,5.1329,2.6419,2.9827,0.054,-3.110,-0.295,-1.247,0.0195,0.0088,0.9731,
17.440,ENC,5.1763,5.2070,5.1917,2.6419,3.2384,0.088,-3.110,-0.295,-1.247,0.0195,0.0088,0.9731,
17.452,IMU,5.1763,5.2070,5.1917,2.6419,3.2384,0.088,-3.100,-0.242,-1.220,0.0112,0.0093,0.9722,
17.458,ENC,5.2309,5.2650,5.2479,2.7271,2.8975,0.098,-3.100,-0.242,-1.220,0.0112,0.0093,0.9722,
17.472,IMU,5.2309,5.2650,5.2479,2.7271,2.8975,0.098,-3.046,-0.260,-1.207,0.0122,0.0132,0.9746,
17.478,ENC,5.2820,5.3212,5.3016,2.5566,2.8123,0.112,-3.046,-0.260,-1.207,0.0122,0.0132,0.9746,
17.492,IMU,5.2820,5.3212,5.3016,2.5566,2.8123,0.112,-3.032,-0.262,-1.176,0.0342,-0.0112,0.9893,
17.498,ENC,5.3400,5.3792,5.3596,2.8975,2.8975,0.112,-3.032,-0.262,-1.176,0.0342,-0.0112,0.9893,
17.513,IMU,5.3400,5.3792,5.3596,2.8975,2.8975,0.112,-3.002,-0.287,-1.211,0.0161,0.0005,0.9932,
17.519,ENC,5.3979,5.4456,5.4218,2.8975,3.3236,0.137,-3.002,-0.287,-1.211,0.0161,0.0005,0.9932,
17.531,IMU,5.3979,5.4456,5.4218,2.8975,3.3236,0.137,-2.967,-0.283,-1.229,0.0566,-0.0166,0.9927,
17.539,ENC,5.4559,5.5036,5.4797,2.8975,2.8975,0.137,-2.967,-0.283,-1.229,0.0566,-0.0166,0.9927,
17.551,IMU,5.4559,5.5036,5.4797,2.8975,2.8975,0.137,-2.968,-0.312,-1.206,0.0483,-0.0020,0.9893,
17.558,ENC,5.5172,5.5649,5.5411,3.0680,3.0680,0.137,-2.968,-0.312,-1.206,0.0483,-0.0020,0.9893,
17.573,IMU,5.5172,5.5649,5.5411,3.0680,3.0680,0.137,-3.016,-0.311,-1.158,0.0557,0.0000,0.9893,
17.578,ENC,5.5752,5.6263,5.6007,2.8975,3.0680,0.146,-3.016,-0.311,-1.158,0.0557,0.0000,0.9893,
17.591,IMU,5.5752,5.6263,5.6007,2.8975,3.0680,0.146,-3.058,-0.373,-1.198,0.0874,-0.0469,0.9722,
17.598,ENC,5.6450,5.6962,5.6706,3.4941,3.4941,0.146,-3.058,-0.373,-1.198,0.0874,-0.0469,0.9722,
17.614,IMU,5.6450,5.6962,5.6706,3.4941,3.4941,0.146,-3.138,-0.461,-1.229,0.1436,-0.0566,0.9834,
17.619,ENC,5.7269,5.7575,5.7422,4.0906,3.0680,0.088,-3.138,-0.461,-1.229,0.1436,-0.0566,0.9834,
17.631,IMU,5.7269,5.7575,5.7422,4.0906,3.0680,0.088,-3.073,-0.520,-1.299,0.0020,-0.0806,0.9917,
17.638,ENC,5.8223,5.8172,5.8198,4.7724,2.9827,-0.015,-3.073,-0.520,-1.299,0.0020,-0.0806,0.9917,
17.660,IMU,5.8223,5.8172,5.8198,4.7724,2.9827,-0.015,-3.123,-0.352,-1.446,0.1362,0.0522,0.9375,
17.663,ENC,5.9399,5.8888,5.9143,5.8803,3.5793,-0.146,-3.123,-0.352,-1.446,0.1362,0.0522,0.9375,
17.671,IMU,5.9399,5.8888,5.9143,5.8803,3.5793,-0.146,-3.150,-0.223,-1.580,0.0776,0.0088,1.0542,
17.678,ENC,6.0712,5.8888,5.9800,6.5620,0.0000,-0.522,-3.150,-0.223,-1.580,0.0776,0.0088,1.0542,
17.691,IMU,6.0712,5.8888,5.9800,6.5620,0.0000,-0.522,-3.216,-0.175,-1.858,0.1104,0.0400,0.8022,
17.700,ENC,6.2399,5.8734,6.0567,8.4369,-0.7670,-1.050,-3.216,-0.175,-1.858,0.1104,0.0400,0.8022,
17.720,ENC,6.4291,5.8751,6.1521,9.4595,0.0852,-1.587,-3.216,-0.175,-1.858,0.1104,0.0400,0.8022,
17.731,IMU,6.4291,5.8751,6.1521,9.4595,0.0852,-1.587,-3.266,-0.277,-2.322,0.1206,0.0039,0.9800,
17.738,ENC,6.5995,5.8734,6.2365,8.5221,-0.0852,-2.080,-3.266,-0.277,-2.322,0.1206,0.0039,0.9800,
17.753,IMU,6.5995,5.8734,6.2365,8.5221,-0.0852,-2.080,-3.312,-0.428,-2.548,0.1040,-0.1035,1.0356,
17.771,IMU,6.5995,5.8734,6.2365,8.5221,-0.0852,-2.080,-3.192,-0.407,-2.772,-0.0513,0.0449,0.9907,
17.778,ENC,6.9796,5.8751,6.4274,9.5022,0.0426,-3.164,-3.192,-0.407,-2.772,-0.0513,0.0449,0.9907,
17.792,IMU,6.9796,5.8751,6.4274,9.5022,0.0426,-3.164,-3.287,-0.514,-2.991,0.1558,-0.0576,0.8643,
17.798,ENC,7.1790,5.8734,6.5262,9.9709,-0.0852,-3.740,-3.287,-0.514,-2.991,0.1558,-0.0576,0.8643,
17.811,IMU,7.1790,5.8734,6.5262,9.9709,-0.0852,-3.740,-3.267,-0.518,-3.274,0.0874,-0.0068,1.0483,
17.818,ENC,7.3938,5.8751,6.6345,10.7379,0.0852,-4.351,-3.267,-0.518,-3.274,0.0874,-0.0068,1.0483,
17.834,IMU,7.3938,5.8751,6.6345,10.7379,0.0852,-4.351,-3.326,-0.443,-3.517,0.1006,0.0469,1.0503,
17.838,ENC,7.6034,5.8734,6.7384,10.4822,-0.0852,-4.956,-3.326,-0.443,-3.517,0.1006,0.0469,1.0503,
17.851,IMU,7.6034,5.8734,6.7384,10.4822,-0.0852,-4.956,-3.386,-0.491,-3.789,0.1421,-0.0298,1.1079,
17.858,ENC,7.8148,5.8751,6.8450,10.5674,0.0852,-5.557,-3.386,-0.491,-3.789,0.1421,-0.0298,1.1079,
17.874,IMU,7.8148,5.8751,6.8450,10.5674,0.0852,-5.557,-3.441,-0.480,-4.003,0.1211,-0.0347,0.9536,
17.878,ENC,8.0193,5.8734,6.9464,10.2265,-0.0852,-6.147,-3.441,-0.480,-4.003,0.1211,-0.0347,0.9536,
17.892,IMU,8.0193,5.8734,6.9464,10.2265,-0.0852,-6.147,-3.482,-0.511,-4.258,0.1050,-0.0410,1.0259,
17.898,ENC,8.2136,5.8734,7.0435,9.7152,0.0000,-6.704,-3.482,-0.511,-4.258,0.1050,-0.0410,1.0259,
17.915,IMU,8.2136,5.8734,7.0435,9.7152,0.0000,-6.704,-3.353,-0.479,-4.496,-0.0190,-0.0142,1.0562,
17.918,ENC,8.4130,5.8734,7.1432,9.9709,0.0000,-7.275,-3.353,-0.479,-4.496,-0.0190,-0.0142,1.0562,
17.931,IMU,8.4130,5.8734,7.1432,9.9709,0.0000,-7.275,-3.216,-0.484,-4.741,-0.0342,0.0161,0.9336,
17.938,ENC,8.5988,5.8734,7.2361,9.2891,0.0000,-7.808,-3.216,-0.484,-4.741,-0.0342,0.0161,0.9336,
17.954,IMU,8.5988,5.8734,7.2361,9.2891,0.0000,-7.808,-3.082,-0.428,-4.996,-0.0532,0.0273,1.0366,
17.958,ENC,8.7795,5.8734,7.3265,9.0334,0.0000,-8.325,-3.082,-0.428,-4.996,-0.0532,0.0273,1.0366,
17.972,IMU,8.7795,5.8734,7.3265,9.0334,0.0000,-8.325,-2.915,-0.495,-5.219,-0.0576,-0.0513,0.9858,
17.978,ENC,8.9619,5.8751,7.4185,9.1187,0.0852,-8.843,-2.915,-0.495,-5.219,-0.0576,-0.0513,0.9858,
17.991,IMU,8.9619,5.8751,7.4185,9.1187,0.0852,-8.843,-2.871,-0.485,-5.472,-0.0308,0.0103,1.0625,
17.999,ENC,9.1425,5.8769,7.5097,9.0334,0.0852,-9.355,-2.871,-0.485,-5.472,-0.0308,0.0103,1.0625,
18.011,IMU,9.1425,5.8769,7.5097,9.0334,0.0852,-9.355,-2.823,-0.496,-5.648,0.0112,-0.0166,0.9829,
18.018,ENC,9.3164,5.8769,7.5966,8.6926,0.0000,-9.854,-2.823,-0.496,-5.648,0.0112,-0.0166,0.9829,
18.034,IMU,9.3164,5.8769,7.5966,8.6926,0.0000,-9.854,-2.639,-0.536,-5.876,-0.0693,-0.0239,1.0112,
18.038,ENC,9.4885,5.8786,7.6835,8.6073,0.0852,-10.342,-2.639,-0.536,-5.876,-0.0693,-0.0239,1.0112,
18.051,IMU,9.4885,5.8786,7.6835,8.6073,0.0852,-10.342,-2.663,-0.507,-6.063,0.0801,0.0474,0.9937,
18.058,ENC,9.6573,5.8786,7.7679,8.4369,0.0000,-10.825,-2.663,-0.507,-6.063,0.0801,0.0474,0.9937,
18.072,IMU,9.6573,5.8786,7.7679,8.4369,0.0000,-10.825,-2.798,-0.551,-6.203,0.1152,-0.0522,0.9722,
18.078,ENC,9.8328,5.8803,7.8565,8.7778,0.0852,-11.323,-2.798,-0.551,-6.203,0.1152,-0.0522,0.9722,
18.091,IMU,9.8328,5.8803,7.8565,8.7778,0.0852,-11.323,-2.815,-0.510,-6.367,0.0732,-0.0063,1.0444,
18.099,ENC,10.0067,5.8803,7.9435,8.6926,0.0000,-11.821,-2.815,-0.510,-6.367,0.0732,-0.0063,1.0444,
18.111,IMU,10.0067,5.8803,7.9435,8.6926,0.0000,-11.821,-2.733,-0.499,-6.514,-0.0322,-0.0103,0.9810,
18.118,ENC,10.1805,5.8803,8.0304,8.6926,0.0000,-12.319,-2.733,-0.499,-6.514,-0.0322,-0.0103,0.9810,
18.132,IMU,10.1805,5.8803,8.0304,8.6926,0.0000,-12.319,-2.813,-0.536,-6.675,0.1099,-0.0132,0.9897,
18.138,ENC,10.3629,5.8803,8.1216,9.1187,0.0000,-12.842,-2.813,-0.536,-6.675,0.1099,-0.0132,0.9897,
18.151,IMU,10.3629,5.8803,8.1216,9.1187,0.0000,-12.842,-2.792,-0.493,-6.853,0.0361,0.0254,0.9922,
18.158,ENC,10.5265,5.8803,8.2034,8.1812,0.0000,-13.311,-2.792,-0.493,-6.853,0.0361,0.0254,0.9922,
18.171,IMU,10.5265,5.8803,8.2034,8.1812,0.0000,-13.311,-2.867,-0.586,-7.039,0.1211,-0.0317,1.0327,
18.181,ENC,10.7089,5.8820,8.2954,9.1187,0.0852,-13.828,-2.867,-0.586,-7.039,0.1211,-0.0317,1.0327,
18.191,IMU,10.7089,5.8820,8.2954,9.1187,0.0852,-13.828,-2.771,-0.591,-7.219,-0.0239,0.0186,0.9492,
18.199,ENC,10.8930,5.8820,8.3875,9.2039,0.0000,-14.355,-2.771,-0.591,-7.219,-0.0239,0.0186,0.9492,
18.211,IMU,10.8930,5.8820,8.3875,9.2039,0.0000,-14.355,-2.799,-0.401,-7.394,0.0898,0.1187,0.9858,
18.218,ENC,11.0736,5.8820,8.4778,9.0334,0.0000,-14.873,-2.799,-0.401,-7.394,0.0898,0.1187,0.9858,
18.235,IMU,11.0736,5.8820,8.4778,9.0334,0.0000,-14.873,-2.802,-0.381,-7.593,0.0293,0.0405,1.0693,
18.238,ENC,11.2594,5.8820,8.5707,9.2891,0.0000,-15.405,-2.802,-0.381,-7.593,0.0293,0.0405,1.0693,
18.251,IMU,11.2594,5.8820,8.5707,9.2891,0.0000,-15.405,-2.771,-0.377,-7.773,0.0225,-0.0176,1.0127,
18.259,ENC,11.4316,5.8820,8.6568,8.6073,0.0000,-15.898,-2.771,-0.377,-7.773,0.0225,-0.0176,1.0127,
18.271,IMU,11.4316,5.8820,8.6568,8.6073,0.0000,-15.898,-2.695,-0.344,-7.946,0.0337,0.0317,0.8730,
18.278,ENC,11.5901,5.8820,8.7360,7.9256,0.0000,-16.353,-2.695,-0.344,-7.946,0.0337,0.0317,0.8730,
18.292,IMU,11.5901,5.8820,8.7360,7.9256,0.0000,-16.353,-2.641,-0.345,-8.115,-0.0391,0.0156,1.0645,
18.298,ENC,11.7418,5.8837,8.8127,7.5847,0.0852,-16.782,-2.641,-0.345,-8.115,-0.0391,0.0156,1.0645,
18.311,IMU,11.7418,5.8837,8.8127,7.5847,0.0852,-16.782,-2.651,-0.451,-8.187,0.0693,-0.0527,0.9849,
18.319,ENC,11.8764,5.8871,8.8817,6.7325,0.1704,-17.158,-2.651,-0.451,-8.187,0.0693,-0.0527,0.9849,
18.336,IMU,11.8764,5.8871,8.8817,6.7325,0.1704,-17.158,-2.609,-0.376,-8.265,0.0469,0.0376,0.9341,
18.338,ENC,12.0025,5.8888,8.9457,6.3064,0.0852,-17.515,-2.609,-0.376,-8.265,0.0469,0.0376,0.9341,
18.352,IMU,12.0025,5.8888,8.9457,6.3064,0.0852,-17.515,-2.550,-0.307,-8.404,0.0288,0.0527,0.9790,
18.373,IMU,12.0025,5.8888,8.9457,6.3064,0.0852,-17.515,-2.552,-0.336,-8.466,0.0366,0.0186,1.0322,
18.378,ENC,12.2071,5.8922,9.0496,5.1133,0.0852,-18.091,-2.552,-0.336,-8.466,0.0366,0.0186,1.0322,
18.391,IMU,12.2071,5.8922,9.0496,5.1133,0.0852,-18.091,-2.515,-0.287,-8.562,0.0186,0.0474,1.0176,
18.398,ENC,12.3196,5.8973,9.1084,5.6246,0.2557,-18.398,-2.515,-0.287,-8.562,0.0186,0.0474,1.0176,
18.412,IMU,12.3196,5.8973,9.1084,5.6246,0.2557,-18.398,-2.503,-0.295,-8.638,0.0337,0.0186,1.0107,
18.419,ENC,12.4235,5.9382,9.1809,5.1985,2.0453,-18.579,-2.503,-0.295,-8.638,0.0337,0.0186,1.0107,
18.431,IMU,12.4235,5.9382,9.1809,5.1985,2.0453,-18.579,-2.521,-0.375,-8.727,-0.0063,-0.0444,0.9590,
18.438,ENC,12.5326,5.9962,9.2644,5.4542,2.8975,-18.726,-2.521,-0.375,-8.727,-0.0063,-0.0444,0.9590,
18.451,IMU,12.5326,5.9962,9.2644,5.4542,2.8975,-18.726,-2.454,-0.432,-8.774,0.0000,0.0122,1.0386,
18.458,ENC,12.6298,6.0967,9.3632,4.8576,5.0280,-18.716,-2.454,-0.432,-8.774,0.0000,0.0122,1.0386,
18.471,IMU,12.6298,6.0967,9.3632,4.8576,5.0280,-18.716,-2.408,-0.458,-8.822,-0.0068,-0.0171,0.9512,
18.479,ENC,12.7303,6.1768,9.4536,5.0280,4.0054,-18.774,-2.408,-0.458,-8.822,-0.0068,-0.0171,0.9512,
18.491,IMU,12.7303,6.1768,9.4536,5.0280,4.0054,-18.774,-2.340,-0.484,-8.841,-0.0186,-0.0132,1.0010,
18.498,ENC,12.8292,6.2774,9.5533,4.9428,5.0280,-18.770,-2.340,-0.484,-8.841,-0.0186,-0.0132,1.0010,
18.512,IMU,12.8292,6.2774,9.5533,4.9428,5.0280,-18.770,-2.324,-0.486,-8.821,-0.0029,-0.0283,1.0308,
18.518,ENC,12.9059,6.3814,9.6436,3.8350,5.1985,-18.691,-2.324,-0.486,-8.821,-0.0029,-0.0283,1.0308,
18.531,IMU,12.9059,6.3814,9.6436,3.8350,5.1985,-18.691,-2.285,-0.452,-8.785,0.0063,0.0122,0.9556,
18.538,ENC,12.9792,6.4853,9.7323,3.6645,5.1985,-18.604,-2.285,-0.452,-8.785,0.0063,0.0122,0.9556,
18.551,IMU,12.9792,6.4853,9.7323,3.6645,5.1985,-18.604,-2.285,-0.445,-8.662,0.0312,0.0137,0.9766,
18.559,ENC,13.0508,6.5944,9.8226,3.5793,5.4542,-18.496,-2.285,-0.445,-8.662,0.0312,0.0137,0.9766,
18.572,IMU,13.0508,6.5944,9.8226,3.5793,5.4542,-18.496,-2.296,-0.335,-8.576,0.0454,0.0171,0.9575,
18.578,ENC,13.1377,6.7069,9.9223,4.3463,5.6246,-18.423,-2.296,-0.335,-8.576,0.0454,0.0171,0.9575,
18.591,IMU,13.1377,6.7069,9.9223,4.3463,5.6246,-18.423,-2.300,-0.308,-8.488,0.0454,0.0107,0.9805,
18.598,ENC,13.2297,6.8092,10.0195,4.6019,5.1133,-18.394,-2.300,-0.308,-8.488,0.0454,0.0107,0.9805,
18.612,IMU,13.2297,6.8092,10.0195,4.6019,5.1133,-18.394,-2.327,-0.341,-8.391,0.0405,-0.0151,0.9995,
18.618,ENC,13.3081,6.9148,10.1115,3.9202,5.2837,-18.315,-2.327,-0.341,-8.391,0.0405,-0.0151,0.9995,
18.632,IMU,13.3081,6.9148,10.1115,3.9202,5.2837,-18.315,-2.257,-0.368,-8.374,-0.0195,-0.0083,0.9937,
18.638,ENC,13.3695,7.0188,10.1942,3.0680,5.1985,-18.193,-2.257,-0.368,-8.374,-0.0195,-0.0083,0.9937,
18.651,IMU,13.3695,7.0188,10.1942,3.0680,5.1985,-18.193,-2.254,-0.378,-8.311,0.0591,0.0034,1.0200,
18.660,ENC,13.4598,7.1143,10.2870,4.5167,4.7724,-18.179,-2.254,-0.378,-8.311,0.0591,0.0034,1.0200,
18.673,IMU,13.4598,7.1143,10.2870,4.5167,4.7724,-18.179,-2.259,-0.337,-8.278,0.0518,0.0396,0.9941,
18.678,ENC,13.5365,7.2029,10.3697,3.8350,4.4315,-18.145,-2.259,-0.337,-8.278,0.0518,0.0396,0.9941,
18.691,IMU,13.5365,7.2029,10.3697,3.8350,4.4315,-18.145,-2.233,-0.242,-8.262,0.0435,0.0601,0.9717,
18.699,ENC,13.6200,7.2932,10.4566,4.1758,4.5167,-18.125,-2.233,-0.242,-8.262,0.0435,0.0601,0.9717,
18.711,IMU,13.6200,7.2932,10.4566,4.1758,4.5167,-18.125,-2.251,-0.215,-8.258,0.0503,0.0391,0.9580,
18.719,ENC,13.7087,7.3836,10.5461,4.4315,4.5167,-18.120,-2.251,-0.215,-8.258,0.0503,0.0391,0.9580,
18.731,IMU,13.7087,7.3836,10.5461,4.4315,4.5167,-18.120,-2.279,-0.243,-8.272,0.0547,0.0112,1.0361,
18.738,ENC,13.7734,7.4586,10.6160,3.2384,3.7497,-18.091,-2.279,-0.243,-8.272,0.0547,0.0112,1.0361,
18.756,IMU,13.7734,7.4586,10.6160,3.2384,3.7497,-18.091,-2.273,-0.199,-8.278,0.0347,0.0132,1.0005,
18.759,ENC,13.8621,7.5284,10.6953,4.4315,3.4941,-18.145,-2.273,-0.199,-8.278,0.0347,0.0132,1.0005,
18.772,IMU,13.8621,7.5284,10.6953,4.4315,3.4941,-18.145,-2.230,-0.183,-8.312,0.0298,0.0195,1.0156,
18.778,ENC,13.9405,7.6017,10.7711,3.9202,3.6645,-18.159,-2.230,-0.183,-8.312,0.0298,0.0195,1.0156,
18.792,IMU,13.9405,7.6017,10.7711,3.9202,3.6645,-18.159,-2.263,-0.198,-8.336,0.0332,0.0088,1.0098,
18.798,ENC,14.0223,7.6750,10.8487,4.0906,3.6645,-18.184,-2.263,-0.198,-8.336,0.0332,0.0088,1.0098,
18.819,ENC,14.1075,7.7449,10.9262,4.2611,3.4941,-18.228,-2.263,-0.198,-8.336,0.0332,0.0088,1.0098,
18.822,IMU,14.1075,7.7449,10.9262,4.2611,3.4941,-18.228,-2.322,-0.132,-8.307,0.0635,0.0322,1.0083,
18.831,IMU,14.1075,7.7449,10.9262,4.2611,3.4941,-18.228,-2.246,-0.148,-8.338,0.0215,0.0166,0.9692,
18.838,ENC,14.1825,7.8148,10.9986,3.7497,3.4941,-18.242,-2.246,-0.148,-8.338,0.0215,0.0166,0.9692,
18.851,IMU,14.1825,7.8148,10.9986,3.7497,3.4941,-18.242,-2.214,-0.100,-8.263,0.0298,0.0112,0.9966,
18.858,ENC,14.2677,7.8881,11.0779,4.2611,3.6645,-18.276,-2.214,-0.100,-8.263,0.0298,0.0112,0.9966,
18.874,IMU,14.2677,7.8881,11.0779,4.2611,3.6645,-18.276,-2.177,-0.129,-8.293,0.0396,-0.0044,0.9839,
18.878,ENC,14.3495,7.9614,11.1554,4.0906,3.6645,-18.301,-2.177,-0.129,-8.293,0.0396,-0.0044,0.9839,
18.891,IMU,14.3495,7.9614,11.1554,4.0906,3.6645,-18.301,-2.135,-0.129,-8.282,0.0229,-0.0107,0.9644,
18.898,ENC,14.4296,8.0329,11.2313,4.0054,3.5793,-18.325,-2.135,-0.129,-8.282,0.0229,-0.0107,0.9644,
18.917,IMU,14.4296,8.0329,11.2313,4.0054,3.5793,-18.325,-2.133,-0.140,-8.301,0.0610,-0.0078,1.0269,
18.919,ENC,14.5115,8.1045,11.3080,4.0906,3.5793,-18.354,-2.133,-0.140,-8.301,0.0610,-0.0078,1.0269,
18.932,IMU,14.5115,8.1045,11.3080,4.0906,3.5793,-18.354,-2.128,-0.168,-8.269,0.0522,-0.0132,0.9824,
18.938,ENC,14.5865,8.1761,11.3813,3.7497,3.5793,-18.364,-2.128,-0.168,-8.269,0.0522,-0.0132,0.9824,
18.951,IMU,14.5865,8.1761,11.3813,3.7497,3.5793,-18.364,-2.067,-0.146,-8.240,0.0103,0.0068,0.9800,
18.958,ENC,14.6632,8.2511,11.4571,3.8350,3.7497,-18.369,-2.067,-0.146,-8.240,0.0103,0.0068,0.9800,
18.977,IMU,14.6632,8.2511,11.4571,3.8350,3.7497,-18.369,-2.054,-0.148,-8.267,0.0532,0.0029,1.0239,
18.979,ENC,14.7364,8.3278,11.5321,3.6645,3.8350,-18.359,-2.054,-0.148,-8.267,0.0532,0.0029,1.0239,
18.992,IMU,14.7364,8.3278,11.5321,3.6645,3.8350,-18.359,-2.081,-0.135,-8.239,0.0537,0.0317,1.0049,
18.998,ENC,14.8097,8.3977,11.6037,3.6645,3.4941,-18.369,-2.081,-0.135,-8.239,0.0537,0.0317,1.0049,
19.012,IMU,14.8097,8.3977,11.6037,3.6645,3.4941,-18.369,-2.095,-0.191,-8.271,0.0332,-0.0059,1.0068,
19.020,ENC,14.8847,8.4556,11.6702,3.7497,2.8975,-18.418,-2.095,-0.191,-8.271,0.0332,-0.0059,1.0068,
19.032,IMU,14.8847,8.4556,11.6702,3.7497,2.8975,-18.418,-2.154,-0.148,-8.250,0.0410,0.0220,1.0308,
19.052,IMU,14.8847,8.4556,11.6702,3.7497,2.8975,-18.418,-2.137,-0.150,-8.295,0.0127,0.0122,1.0142,
19.058,ENC,15.0211,8.5869,11.8040,3.4088,3.2810,-18.433,-2.137,-0.150,-8.295,0.0127,0.0122,1.0142,
19.071,IMU,15.0211,8.5869,11.8040,3.4088,3.2810,-18.433,-2.130,-0.146,-8.281,0.0249,0.0151,0.9502,
19.091,IMU,15.0211,8.5869,11.8040,3.4088,3.2810,-18.433,-2.157,-0.174,-8.284,0.0601,-0.0171,1.0234,
19.098,ENC,15.1540,8.7215,11.9378,3.3236,3.3662,-18.428,-2.157,-0.174,-8.284,0.0601,-0.0171,1.0234,
19.111,IMU,15.1540,8.7215,11.9378,3.3236,3.3662,-18.428,-2.140,-0.170,-8.272,0.0264,-0.0068,0.9766,
19.118,ENC,15.2154,8.7846,12.0000,3.0680,3.1532,-18.423,-2.140,-0.170,-8.272,0.0264,-0.0068,0.9766,
19.131,IMU,15.2154,8.7846,12.0000,3.0680,3.1532,-18.423,-2.156,-0.182,-8.292,0.0444,-0.0098,0.9897,
19.141,ENC,15.2819,8.8477,12.0648,3.3236,3.1532,-18.433,-2.156,-0.182,-8.292,0.0444,-0.0098,0.9897,
19.152,IMU,15.2819,8.8477,12.0648,3.3236,3.1532,-18.433,-2.200,-0.116,-8.248,0.0547,0.0205,0.9917,
19.158,ENC,15.3415,8.9175,12.1295,2.9827,3.4941,-18.403,-2.200,-0.116,-8.248,0.0547,0.0205,0.9917,
19.171,IMU,15.3415,8.9175,12.1295,2.9827,3.4941,-18.403,-2.199,-0.125,-8.271,0.0562,0.0034,0.9937,
19.180,ENC,15.4063,8.9840,12.1951,3.2384,3.3236,-18.398,-2.199,-0.125,-8.271,0.0562,0.0034,0.9937,
19.191,IMU,15.4063,8.9840,12.1951,3.2384,3.3236,-18.398,-2.225,-0.112,-8.208,0.0288,-0.0068,0.9951,
19.198,ENC,15.4676,9.0471,12.2574,3.0680,3.1532,-18.394,-2.225,-0.112,-8.208,0.0288,-0.0068,0.9951,
19.211,IMU,15.4676,9.0471,12.2574,3.0680,3.1532,-18.394,-2.211,-0.131,-8.201,0.0654,0.0083,0.9883,
19.218,ENC,15.5256,9.1101,12.3179,2.8975,3.1532,-18.379,-2.211,-0.131,-8.201,0.0654,0.0083,0.9883,
19.232,IMU,15.5256,9.1101,12.3179,2.8975,3.1532,-18.379,-2.227,-0.149,-8.185,0.0361,-0.0186,1.0127,
19.238,ENC,15.5784,9.1766,12.3775,2.6419,3.3236,-18.340,-2.227,-0.149,-8.185,0.0361,-0.0186,1.0127,
19.255,IMU,15.5784,9.1766,12.3775,2.6419,3.3236,-18.340,-2.273,-0.127,-8.189,0.0483,-0.0083,0.9766,
19.262,ENC,15.6330,9.2414,12.4372,2.7271,3.2384,-18.311,-2.273,-0.127,-8.189,0.0483,-0.0083,0.9766,
19.271,IMU,15.6330,9.2414,12.4372,2.7271,3.2384,-18.311,-2.260,-0.107,-8.235,0.0381,0.0083,1.0107,
19.278,ENC,15.6909,9.3044,12.4977,2.8975,3.1532,-18.296,-2.260,-0.107,-8.235,0.0381,0.0083,1.0107,
19.292,IMU,15.6909,9.3044,12.4977,2.8975,3.1532,-18.296,-2.233,-0.106,-8.217,0.0127,0.0146,0.9990,
19.298,ENC,15.7506,9.3641,12.5573,2.9827,2.9827,-18.296,-2.233,-0.106,-8.217,0.0127,0.0146,0.9990,
19.312,IMU,15.7506,9.3641,12.5573,2.9827,2.9827,-18.296,-2.192,-0.072,-8.187,0.0176,0.0029,0.9741,
19.319,ENC,15.8068,9.4306,12.6187,2.8123,3.3236,-18.267,-2.192,-0.072,-8.187,0.0176,0.0029,0.9741,
19.332,IMU,15.8068,9.4306,12.6187,2.8123,3.3236,-18.267,-2.214,-0.110,-8.207,0.0586,-0.0068,0.9917,
19.338,ENC,15.8614,9.4851,12.6732,2.7271,2.7271,-18.267,-2.214,-0.110,-8.207,0.0586,-0.0068,0.9917,
19.351,IMU,15.8614,9.4851,12.6732,2.7271,2.7271,-18.267,-2.252,-0.064,-8.162,0.0547,-0.0063,0.9966,
19.358,ENC,15.9125,9.5567,12.7346,2.5566,3.5793,-18.208,-2.252,-0.064,-8.162,0.0547,-0.0063,0.9966,
19.372,IMU,15.9125,9.5567,12.7346,2.5566,3.5793,-18.208,-2.295,-0.069,-8.196,0.0708,-0.0068,1.0078,
19.378,ENC,15.9687,9.6249,12.7968,2.8123,3.4088,-18.174,-2.295,-0.069,-8.196,0.0708,-0.0068,1.0078,
19.391,IMU,15.9687,9.6249,12.7968,2.8123,3.4088,-18.174,-2.287,-0.099,-8.149,0.0312,-0.0117,1.0112,
19.398,ENC,16.0301,9.6862,12.8582,3.0680,3.0680,-18.174,-2.287,-0.099,-8.149,0.0312,-0.0117,1.0112,
19.419,IMU,16.0301,9.6862,12.8582,3.0680,3.0680,-18.174,-2.219,-0.094,-8.106,-0.0264,0.0049,0.9634,
19.431,IMU,16.0301,9.6862,12.8582,3.0680,3.0680,-18.174,-2.239,-0.057,-8.074,0.0405,0.0063,0.9795,
19.444,ENC,16.1460,9.8073,12.9766,2.8975,3.0254,-18.159,-2.239,-0.057,-8.074,0.0405,0.0063,0.9795,
19.451,IMU,16.1460,9.8073,12.9766,2.8975,3.0254,-18.159,-2.244,-0.105,-8.041,0.0449,-0.0015,1.0068,
19.471,IMU,16.1460,9.8073,12.9766,2.8975,3.0254,-18.159,-2.258,-0.096,-8.049,0.0400,0.0239,0.9717,
19.478,ENC,16.2636,9.9334,13.0985,2.9401,3.1532,-18.135,-2.258,-0.096,-8.049,0.0400,0.0239,0.9717,
19.491,IMU,16.2636,9.9334,13.0985,2.9401,3.1532,-18.135,-2.236,-0.090,-8.025,0.0420,-0.0073,0.9883,
19.498,ENC,16.3267,9.9964,13.1616,3.1532,3.1532,-18.135,-2.236,-0.090,-8.025,0.0420,-0.0073,0.9883,
19.514,IMU,16.3267,9.9964,13.1616,3.1532,3.1532,-18.135,-2.264,-0.066,-8.027,0.0488,0.0156,1.0117,
19.518,ENC,16.3846,10.0646,13.2246,2.8975,3.4088,-18.105,-2.264,-0.066,-8.027,0.0488,0.0156,1.0117,
19.535,IMU,16.3846,10.0646,13.2246,2.8975,3.4088,-18.105,-2.238,-0.121,-7.958,0.0273,-0.0171,1.0239,
19.538,ENC,16.4443,10.1362,13.2902,2.9827,3.5793,-18.071,-2.238,-0.121,-7.958,0.0273,-0.0171,1.0239,
19.551,IMU,16.4443,10.1362,13.2902,2.9827,3.5793,-18.071,-2.249,-0.171,-7.922,0.0586,-0.0337,0.9966,
19.558,ENC,16.5039,10.2010,13.3525,2.9827,3.2384,-18.057,-2.249,-0.171,-7.922,0.0586,-0.0337,0.9966,
19.571,IMU,16.5039,10.2010,13.3525,2.9827,3.2384,-18.057,-2.283,-0.225,-7.934,0.0693,-0.0093,0.9932,
19.578,ENC,16.5653,10.2674,13.4164,3.0680,3.3236,-18.042,-2.283,-0.225,-7.934,0.0693,-0.0093,0.9932,
19.591,IMU,16.5653,10.2674,13.4164,3.0680,3.3236,-18.042,-2.231,-0.233,-7.927,0.0298,-0.0112,0.9902,
19.598,ENC,16.6301,10.3339,13.4820,3.2384,3.3236,-18.037,-2.231,-0.233,-7.927,0.0298,-0.0112,0.9902,
19.611,IMU,16.6301,10.3339,13.4820,3.2384,3.3236,-18.037,-2.192,-0.256,-7.945,0.0151,0.0000,1.0010,
19.618,ENC,16.6931,10.3987,13.5459,3.1532,3.2384,-18.032,-2.192,-0.256,-7.945,0.0151,0.0000,1.0010,
19.631,IMU,16.6931,10.3987,13.5459,3.1532,3.2384,-18.032,-2.187,-0.230,-7.987,0.0083,0.0044,1.0093,
19.638,ENC,16.7596,10.4720,13.6158,3.3236,3.6645,-18.013,-2.187,-0.230,-7.987,0.0083,0.0044,1.0093,
19.666,IMU,16.7596,10.4720,13.6158,3.3236,3.6645,-18.013,-2.232,-0.214,-8.009,0.0576,-0.0005,0.9746,
19.671,IMU,16.7596,10.4720,13.6158,3.3236,3.6645,-18.013,-2.188,-0.188,-8.008,0.0132,0.0322,1.0093,
19.678,ENC,16.9096,10.6066,13.7581,3.7497,3.3662,-18.057,-2.188,-0.188,-8.008,0.0132,0.0322,1.0093,
19.697,IMU,16.9096,10.6066,13.7581,3.7497,3.3662,-18.057,-2.164,-0.213,-8.052,0.0205,-0.0176,0.9814,
19.699,ENC,16.9761,10.6748,13.8254,3.3236,3.4088,-18.052,-2.164,-0.213,-8.052,0.0205,-0.0176,0.9814,
19.711,IMU,16.9761,10.6748,13.8254,3.3236,3.4088,-18.052,-2.161,-0.220,-8.068,0.0347,0.0044,0.9761,
19.719,ENC,17.0425,10.7464,13.8945,3.3236,3.5793,-18.037,-2.161,-0.220,-8.068,0.0347,0.0044,0.9761,
19.733,IMU,17.0425,10.7464,13.8945,3.3236,3.5793,-18.037,-2.166,-0.237,-8.029,0.0210,-0.0029,1.0371,
19.738,ENC,17.1141,10.8231,13.9686,3.5793,3.8350,-18.022,-2.166,-0.237,-8.029,0.0210,-0.0029,1.0371,
19.756,IMU,17.1141,10.8231,13.9686,3.5793,3.8350,-18.022,-2.195,-0.268,-7.993,0.0444,-0.0332,1.0166,
19.758,ENC,17.1874,10.8947,14.0410,3.6645,3.5793,-18.027,-2.195,-0.268,-7.993,0.0444,-0.0332,1.0166,
19.773,IMU,17.1874,10.8947,14.0410,3.6645,3.5793,-18.027,-2.246,-0.232,-7.971,0.0601,0.0068,1.0122,
19.778,ENC,17.2607,10.9680,14.1143,3.6645,3.6645,-18.027,-2.246,-0.232,-7.971,0.0601,0.0068,1.0122,
19.797,IMU,17.2607,10.9680,14.1143,3.6645,3.6645,-18.027,-2.252,-0.235,-7.936,0.0229,-0.0088,0.9614,
19.799,ENC,17.3340,11.0430,14.1885,3.6645,3.7497,-18.022,-2.252,-0.235,-7.936,0.0229,-0.0088,0.9614,
19.811,IMU,17.3340,11.0430,14.1885,3.6645,3.7497,-18.022,-2.224,-0.247,-7.934,0.0029,0.0078,1.0215,
19.820,ENC,17.4073,11.1214,14.2643,3.6645,3.9202,-18.008,-2.224,-0.247,-7.934,0.0029,0.0078,1.0215,
19.831,IMU,17.4073,11.1214,14.2643,3.6645,3.9202,-18.008,-2.248,-0.316,-8.022,0.0454,-0.0273,0.9873,
19.838,ENC,17.4857,11.1998,14.3427,3.9202,3.9202,-18.008,-2.248,-0.316,-8.022,0.0454,-0.0273,0.9873,
19.852,IMU,17.4857,11.1998,14.3427,3.9202,3.9202,-18.008,-2.303,-0.379,-8.054,0.0840,-0.0215,1.0356,
19.858,ENC,17.5726,11.2731,14.4228,4.3463,3.6645,-18.047,-2.303,-0.379,-8.054,0.0840,-0.0215,1.0356,
19.872,IMU,17.5726,11.2731,14.4228,4.3463,3.6645,-18.047,-2.268,-0.425,-8.065,0.0469,-0.0225,1.0215,
19.878,ENC,17.6578,11.3480,14.5029,4.2611,3.7497,-18.076,-2.268,-0.425,-8.065,0.0469,-0.0225,1.0215,
19.893,IMU,17.6578,11.3480,14.5029,4.2611,3.7497,-18.076,-2.295,-0.461,-8.050,0.0732,-0.0308,1.0220,
19.898,ENC,17.7550,11.4247,14.5899,4.8576,3.8350,-18.135,-2.295,-0.461,-8.050,0.0732,-0.0308,1.0220,
19.911,IMU,17.7550,11.4247,14.5899,4.8576,3.8350,-18.135,-2.203,-0.512,-8.102,-0.0054,-0.0259,0.9570,
19.918,ENC,17.8589,11.5066,14.6828,5.1985,4.0906,-18.198,-2.203,-0.512,-8.102,-0.0054,-0.0259,0.9570,
19.954,IMU,17.8589,11.5066,14.6828,5.1985,4.0906,-18.198,-2.323,-0.404,-8.153,0.1436,0.0601,1.0044,
19.957,IMU,17.8589,11.5066,14.6828,5.1985,4.0906,-18.198,-2.311,-0.305,-8.177,0.0513,0.0654,1.0205,
19.959,ENC,17.9663,11.5918,14.7791,5.3689,4.2611,-18.262,-2.311,-0.305,-8.177,0.0513,0.0654,1.0205,
19.967,ENC,18.0788,11.6634,14.8711,5.6246,3.5793,-18.379,-2.311,-0.305,-8.177,0.0513,0.0654,1.0205,
19.974,IMU,18.0788,11.6634,14.8711,5.6246,3.5793,-18.379,-2.245,-0.262,-8.224,0.0117,0.0444,0.9775,
19.981,ENC,18.1896,11.7332,14.9614,5.5394,3.4941,-18.496,-2.245,-0.262,-8.224,0.0117,0.0444,0.9775,
19.991,IMU,18.1896,11.7332,14.9614,5.5394,3.4941,-18.496,-2.145,-0.267,-8.313,-0.0239,0.0171,1.0010,
20.000,ENC,18.2987,11.8151,15.0569,5.4542,4.0906,-18.574,-2.145,-0.267,-8.313,-0.0239,0.0171,1.0010,
20.017,IMU,18.2987,11.8151,15.0569,5.4542,4.0906,-18.574,-2.129,-0.349,-8.350,0.0225,-0.0347,0.9805,
20.021,ENC,18.4095,11.9020,15.1557,5.5394,4.3463,-18.643,-2.129,-0.349,-8.350,0.0225,-0.0347,0.9805,
20.031,IMU,18.4095,11.9020,15.1557,5.5394,4.3463,-18.643,-2.198,-0.400,-8.374,0.0947,-0.0586,1.0220,
20.039,ENC,18.5066,11.9923,15.2495,4.8576,4.5167,-18.662,-2.198,-0.400,-8.374,0.0947,-0.0586,1.0220,
20.055,IMU,18.5066,11.9923,15.2495,4.8576,4.5167,-18.662,-2.241,-0.446,-8.412,0.0854,-0.0332,0.9980,
20.073,IMU,18.5066,11.9923,15.2495,4.8576,4.5167,-18.662,-2.220,-0.431,-8.482,0.0264,0.0137,0.9941,
20.075,ENC,18.6072,12.0878,15.3475,5.0280,4.7724,-18.677,-2.220,-0.431,-8.482,0.0264,0.0137,0.9941,
20.082,ENC,18.7060,12.1832,15.4446,4.9428,4.7724,-18.687,-2.220,-0.431,-8.482,0.0264,0.0137,0.9941,
20.091,IMU,18.7060,12.1832,15.4446,4.9428,4.7724,-18.687,-2.209,-0.348,-8.464,0.0020,0.0498,0.9976,
20.098,ENC,18.8032,12.2770,15.5401,4.8576,4.6872,-18.696,-2.209,-0.348,-8.464,0.0020,0.0498,0.9976,
20.112,IMU,18.8032,12.2770,15.5401,4.8576,4.6872,-18.696,-2.209,-0.303,-8.451,0.0181,0.0024,1.0005,
20.118,ENC,18.9003,12.3809,15.6406,4.8576,5.1985,-18.677,-2.209,-0.303,-8.451,0.0181,0.0024,1.0005,
20.136,IMU,18.9003,12.3809,15.6406,4.8576,5.1985,-18.677,-2.206,-0.276,-8.446,0.0308,-0.0166,1.0361,
20.138,ENC,18.9907,12.4815,15.7361,4.5167,5.0280,-18.647,-2.206,-0.276,-8.446,0.0308,-0.0166,1.0361,
20.151,IMU,18.9907,12.4815,15.7361,4.5167,5.0280,-18.647,-2.260,-0.327,-8.426,0.0859,-0.0190,1.0332,
20.158,ENC,19.0776,12.5889,15.8332,4.3463,5.3689,-18.589,-2.260,-0.327,-8.426,0.0859,-0.0190,1.0332,
20.172,IMU,19.0776,12.5889,15.8332,4.3463,5.3689,-18.589,-2.283,-0.336,-8.410,0.0493,-0.0059,1.0171,
20.178,ENC,19.1731,12.7116,15.9423,4.7724,6.1359,-18.511,-2.283,-0.336,-8.410,0.0493,-0.0059,1.0171,
20.199,ENC,19.2719,12.8173,16.0446,4.9428,5.2837,-18.491,-2.283,-0.336,-8.410,0.0493,-0.0059,1.0171,
20.212,IMU,19.2719,12.8173,16.0446,4.9428,5.2837,-18.491,-2.160,-0.217,-8.329,-0.0054,0.0352,0.9556,
20.218,ENC,19.3759,12.9178,16.1469,5.1985,5.0280,-18.501,-2.160,-0.217,-8.329,-0.0054,0.0352,0.9556,
20.231,IMU,19.3759,12.9178,16.1469,5.1985,5.0280,-18.501,-2.162,-0.254,-8.348,0.0381,-0.0293,0.9819,
20.238,ENC,19.4816,13.0252,16.2534,5.2837,5.3689,-18.496,-2.162,-0.254,-8.348,0.0381,-0.0293,0.9819,
20.252,IMU,19.4816,13.0252,16.2534,5.2837,5.3689,-18.496,-2.190,-0.235,-8.320,0.0537,0.0249,0.9956,
20.258,ENC,19.5838,13.1360,16.3599,5.1133,5.5394,-18.472,-2.190,-0.235,-8.320,0.0537,0.0249,0.9956,
20.271,IMU,19.5838,13.1360,16.3599,5.1133,5.5394,-18.472,-2.235,-0.253,-8.321,0.0771,-0.0264,1.0684,
20.278,ENC,19.6946,13.2570,16.4758,5.5394,6.0507,-18.442,-2.235,-0.253,-8.321,0.0771,-0.0264,1.0684,
20.292,IMU,19.6946,13.2570,16.4758,5.5394,6.0507,-18.442,-2.236,-0.314,-8.375,0.0615,-0.0562,0.9902,
20.298,ENC,19.8088,13.3780,16.5934,5.7098,6.0507,-18.423,-2.236,-0.314,-8.375,0.0615,-0.0562,0.9902,
20.314,IMU,19.8088,13.3780,16.5934,5.7098,6.0507,-18.423,-2.239,-0.316,-8.409,0.0205,0.0049,0.9263,
20.318,ENC,19.9400,13.4871,16.7136,6.5620,5.4542,-18.486,-2.239,-0.316,-8.409,0.0205,0.0049,0.9263,
20.332,IMU,19.9400,13.4871,16.7136,6.5620,5.4542,-18.486,-2.227,-0.447,-8.439,0.0142,-0.0815,0.9717,
20.338,ENC,20.0662,13.6030,16.8346,6.3064,5.7950,-18.516,-2.227,-0.447,-8.439,0.0142,-0.0815,0.9717,
20.351,IMU,20.0662,13.6030,16.8346,6.3064,5.7950,-18.516,-2.190,-0.527,-8.504,0.0215,-0.0747,1.0474,
20.364,ENC,20.1906,13.7223,16.9565,6.2211,5.9655,-18.530,-2.190,-0.527,-8.504,0.0215,-0.0747,1.0474,
20.372,IMU,20.1906,13.7223,16.9565,6.2211,5.9655,-18.530,-2.273,-0.453,-8.519,0.0942,0.0312,0.9473,
20.378,ENC,20.3167,13.8416,17.0792,6.3064,5.9655,-18.550,-2.273,-0.453,-8.519,0.0942,0.0312,0.9473,
20.392,IMU,20.3167,13.8416,17.0792,6.3064,5.9655,-18.550,-2.266,-0.551,-8.484,0.0503,-0.0659,0.9409,
20.398,ENC,20.4377,13.9660,17.2019,6.0507,6.2211,-18.540,-2.266,-0.551,-8.484,0.0503,-0.0659,0.9409,
20.411,IMU,20.4377,13.9660,17.2019,6.0507,6.2211,-18.540,-2.312,-0.576,-8.475,0.0308,-0.0269,1.1006,
20.418,ENC,20.5588,14.0905,17.3246,6.0507,6.2211,-18.530,-2.312,-0.576,-8.475,0.0308,-0.0269,1.1006,
20.431,IMU,20.5588,14.0905,17.3246,6.0507,6.2211,-18.530,-2.277,-0.508,-8.461,0.0073,0.0449,0.9932,
20.438,ENC,20.6883,14.2149,17.4516,6.4768,6.2211,-18.545,-2.277,-0.508,-8.461,0.0073,0.0449,0.9932,
20.451,IMU,20.6883,14.2149,17.4516,6.4768,6.2211,-18.545,-2.307,-0.389,-8.450,0.0435,0.0688,0.9658,
20.458,ENC,20.8281,14.3410,17.5845,6.9881,6.3064,-18.584,-2.307,-0.389,-8.450,0.0435,0.0688,0.9658,
20.478,ENC,20.9627,14.4637,17.7132,6.7325,6.1359,-18.618,-2.307,-0.389,-8.450,0.0435,0.0688,0.9658,
20.491,IMU,20.9627,14.4637,17.7132,6.7325,6.1359,-18.618,-2.305,-0.356,-8.418,0.0742,0.0020,1.0142,
20.498,ENC,21.1076,14.5950,17.8513,7.2438,6.5620,-18.657,-2.305,-0.356,-8.418,0.0742,0.0020,1.0142,
20.514,IMU,21.1076,14.5950,17.8513,7.2438,6.5620,-18.657,-2.291,-0.265,-8.396,0.0063,0.0850,0.9893,
20.518,ENC,21.2405,14.7177,17.9791,6.6473,6.1359,-18.687,-2.291,-0.265,-8.396,0.0063,0.0850,0.9893,
20.532,IMU,21.2405,14.7177,17.9791,6.6473,6.1359,-18.687,-2.356,-0.268,-8.388,0.0928,0.0190,1.0181,
20.538,ENC,21.3854,14.8472,18.1163,7.2438,6.4768,-18.730,-2.356,-0.268,-8.388,0.0928,0.0190,1.0181,
20.553,IMU,21.3854,14.8472,18.1163,7.2438,6.4768,-18.730,-2.381,-0.263,-8.329,0.0649,-0.0137,1.0576,
20.558,ENC,21.5183,14.9768,18.2476,6.6473,6.4768,-18.740,-2.381,-0.263,-8.329,0.0649,-0.0137,1.0576,
20.572,IMU,21.5183,14.9768,18.2476,6.6473,6.4768,-18.740,-2.425,-0.203,-8.300,0.0942,0.0278,0.9688,
20.578,ENC,21.6530,15.1046,18.3788,6.7325,6.3916,-18.760,-2.425,-0.203,-8.300,0.0942,0.0278,0.9688,
20.591,IMU,21.6530,15.1046,18.3788,6.7325,6.3916,-18.760,-2.407,-0.091,-8.327,0.0430,0.0786,0.8945,
20.598,ENC,21.7859,15.2341,18.5100,6.6473,6.4768,-18.770,-2.407,-0.091,-8.327,0.0430,0.0786,0.8945,
20.611,IMU,21.7859,15.2341,18.5100,6.6473,6.4768,-18.770,-2.396,-0.045,-8.301,0.0679,0.0532,0.9756,
20.618,ENC,21.9138,15.3569,18.6353,6.3916,6.1359,-18.784,-2.396,-0.045,-8.301,0.0679,0.0532,0.9756,
20.632,IMU,21.9138,15.3569,18.6353,6.3916,6.1359,-18.784,-2.477,-0.024,-8.329,0.0874,0.0083,0.9009,
20.638,ENC,22.0399,15.4728,18.7563,6.3064,5.7950,-18.813,-2.477,-0.024,-8.329,0.0874,0.0083,0.9009,
20.656,IMU,22.0399,15.4728,18.7563,6.3064,5.7950,-18.813,-2.426,0.011,-8.335,0.0034,0.0049,1.0381,
20.659,ENC,22.1660,15.5801,18.8731,6.3064,5.3689,-18.867,-2.426,0.011,-8.335,0.0034,0.0049,1.0381,
20.671,IMU,22.1660,15.5801,18.8731,6.3064,5.3689,-18.867,-2.375,0.077,-8.286,-0.0225,0.0571,1.0649,
20.678,ENC,22.2802,15.6909,18.9856,5.7098,5.5394,-18.877,-2.375,0.077,-8.286,-0.0225,0.0571,1.0649,
20.691,IMU,22.2802,15.6909,18.9856,5.7098,5.5394,-18.877,-2.377,0.055,-8.295,0.0469,0.0127,1.0244,
20.699,ENC,22.4012,15.8034,19.1023,6.0507,5.6246,-18.901,-2.377,0.055,-8.295,0.0469,0.0127,1.0244,
20.716,IMU,22.4012,15.8034,19.1023,6.0507,5.6246,-18.901,-2.427,0.059,-8.276,0.0728,-0.0166,0.9902,
20.718,ENC,22.5137,15.9176,19.2157,5.6246,5.7098,-18.896,-2.427,0.059,-8.276,0.0728,-0.0166,0.9902,
20.733,IMU,22.5137,15.9176,19.2157,5.6246,5.7098,-18.896,-2.456,0.099,-8.257,0.0317,0.0454,1.0254,
20.738,ENC,22.6092,16.0250,19.3171,4.7724,5.3689,-18.862,-2.456,0.099,-8.257,0.0317,0.0454,1.0254,
20.755,IMU,22.6092,16.0250,19.3171,4.7724,5.3689,-18.862,-2.419,0.124,-8.268,0.0273,-0.0029,1.0229,
20.758,ENC,22.7200,16.1273,19.4236,5.5394,5.1133,-18.887,-2.419,0.124,-8.268,0.0273,-0.0029,1.0229,
20.771,IMU,22.7200,16.1273,19.4236,5.5394,5.1133,-18.887,-2.394,0.113,-8.314,0.0508,0.0171,0.9741,
20.778,ENC,22.8205,16.2466,19.5335,5.0280,5.9655,-18.833,-2.394,0.113,-8.314,0.0508,0.0171,0.9741,
20.793,IMU,22.8205,16.2466,19.5335,5.0280,5.9655,-18.833,-2.351,0.137,-8.281,0.0112,0.0371,1.0391,
20.798,ENC,22.9245,16.3403,19.6324,5.1985,4.6872,-18.862,-2.351,0.137,-8.281,0.0112,0.0371,1.0391,
20.814,IMU,22.9245,16.3403,19.6324,5.1985,4.6872,-18.862,-2.299,0.138,-8.322,-0.0044,0.0083,0.9780,
20.818,ENC,23.0268,16.4443,19.7355,5.1133,5.1985,-18.857,-2.299,0.138,-8.322,-0.0044,0.0083,0.9780,
20.832,IMU,23.0268,16.4443,19.7355,5.1133,5.1985,-18.857,-2.325,0.124,-8.382,0.0303,-0.0449,0.9771,
20.838,ENC,23.1273,16.5431,19.8352,5.0280,4.9428,-18.862,-2.325,0.124,-8.382,0.0303,-0.0449,0.9771,
20.851,IMU,23.1273,16.5431,19.8352,5.0280,4.9428,-18.862,-2.353,0.106,-8.378,0.0488,-0.0029,1.0112,
20.858,ENC,23.2347,16.6403,19.9375,5.3689,4.8576,-18.892,-2.353,0.106,-8.378,0.0488,-0.0029,1.0112,
20.875,IMU,23.2347,16.6403,19.9375,5.3689,4.8576,-18.892,-2.345,0.142,-8.390,0.0225,0.0254,1.0112,
20.878,ENC,23.3267,16.7374,20.0321,4.6019,4.8576,-18.877,-2.345,0.142,-8.390,0.0225,0.0254,1.0112,
20.891,IMU,23.3267,16.7374,20.0321,4.6019,4.8576,-18.877,-2.306,0.101,-8.431,0.0195,0.0122,1.0269,
20.898,ENC,23.4256,16.8380,20.1318,4.9428,5.0280,-18.872,-2.306,0.101,-8.431,0.0195,0.0122,1.0269,
20.913,IMU,23.4256,16.8380,20.1318,4.9428,5.0280,-18.872,-2.273,0.048,-8.438,0.0034,-0.0278,0.9751,
20.932,IMU,23.4256,16.8380,20.1318,4.9428,5.0280,-18.872,-2.305,0.009,-8.438,0.0571,-0.0024,1.0039,
20.938,ENC,23.6318,17.0255,20.3287,5.1559,4.6872,-18.926,-2.305,0.009,-8.438,0.0571,-0.0024,1.0039,
20.951,IMU,23.6318,17.0255,20.3287,5.1559,4.6872,-18.926,-2.340,-0.045,-8.442,0.0513,-0.0552,0.9692,
20.959,ENC,23.7375,17.1243,20.4309,5.2837,4.9428,-18.945,-2.340,-0.045,-8.442,0.0513,-0.0552,0.9692,
20.971,IMU,23.7375,17.1243,20.4309,5.2837,4.9428,-18.945,-2.331,0.000,-8.400,0.0073,-0.0029,0.9839,
20.978,ENC,23.8347,17.2232,20.5289,4.8576,4.9428,-18.940,-2.331,0.000,-8.400,0.0073,-0.0029,0.9839,
20.991,IMU,23.8347,17.2232,20.5289,4.8576,4.9428,-18.940,-2.437,0.024,-8.405,0.1094,0.0127,1.0352,
21.000,ENC,23.9352,17.3135,20.6244,5.0280,4.5167,-18.970,-2.437,0.024,-8.405,0.1094,0.0127,1.0352,
21.014,IMU,23.9352,17.3135,20.6244,5.0280,4.5167,-18.970,-2.409,-0.049,-8.402,0.0000,-0.0688,1.0103,
21.019,ENC,24.0460,17.4107,20.7283,5.5394,4.8576,-19.009,-2.409,-0.049,-8.402,0.0000,-0.0688,1.0103,
21.031,IMU,24.0460,17.4107,20.7283,5.5394,4.8576,-19.009,-2.389,-0.096,-8.436,0.0000,-0.0503,0.9292,
21.042,ENC,24.1619,17.5044,20.8332,5.7950,4.6872,-19.072,-2.389,-0.096,-8.436,0.0000,-0.0503,0.9292,
21.052,IMU,24.1619,17.5044,20.8332,5.7950,4.6872,-19.072,-2.419,-0.005,-8.519,0.0454,0.0435,0.9531,
21.058,ENC,24.2710,17.5948,20.9329,5.4542,4.5167,-19.126,-2.419,-0.005,-8.519,0.0454,0.0435,0.9531,
21.071,IMU,24.2710,17.5948,20.9329,5.4542,4.5167,-19.126,-2.472,0.118,-8.543,0.1118,0.0547,0.9673,
21.078,ENC,24.3886,17.6868,21.0377,5.8803,4.6019,-19.199,-2.472,0.118,-8.543,0.1118,0.0547,0.9673,
21.091,IMU,24.3886,17.6868,21.0377,5.8803,4.6019,-19.199,-2.468,0.169,-8.630,0.0537,0.0146,1.0405,
21.105,ENC,24.5028,17.7840,21.1434,5.7098,4.8576,-19.248,-2.468,0.169,-8.630,0.0537,0.0146,1.0405,
21.112,IMU,24.5028,17.7840,21.1434,5.7098,4.8576,-19.248,-2.489,0.200,-8.637,0.0161,-0.0029,1.0122,
21.121,ENC,24.6119,17.8743,21.2431,5.4542,4.5167,-19.302,-2.489,0.200,-8.637,0.0161,-0.0029,1.0122,
21.130,IMU,24.6119,17.8743,21.2431,5.4542,4.5167,-19.302,-2.455,0.170,-8.680,0.0171,0.0024,1.0142,
21.138,ENC,24.7278,17.9612,21.3445,5.7950,4.3463,-19.385,-2.455,0.170,-8.680,0.0171,0.0024,1.0142,
21.154,IMU,24.7278,17.9612,21.3445,5.7950,4.3463,-19.385,-2.490,0.164,-8.733,0.0200,-0.0020,0.9849,
21.158,ENC,24.8420,18.0550,21.4485,5.7098,4.6872,-19.443,-2.490,0.164,-8.733,0.0200,-0.0020,0.9849,
21.171,IMU,24.8420,18.0550,21.4485,5.7098,4.6872,-19.443,-2.486,0.225,-8.850,0.0747,0.0508,0.9297,
21.178,ENC,24.9613,18.1470,21.5541,5.9655,4.6019,-19.521,-2.486,0.225,-8.850,0.0747,0.0508,0.9297,
21.192,IMU,24.9613,18.1470,21.5541,5.9655,4.6019,-19.521,-2.465,0.232,-8.842,0.0620,0.0146,1.0332,
21.198,ENC,25.0840,18.2373,21.6607,6.1359,4.5167,-19.614,-2.465,0.232,-8.842,0.0620,0.0146,1.0332,
21.214,IMU,25.0840,18.2373,21.6607,6.1359,4.5167,-19.614,-2.388,0.237,-8.860,0.0010,0.0029,0.9521,
21.218,ENC,25.1897,18.3225,21.7561,5.2837,4.2611,-19.673,-2.388,0.237,-8.860,0.0010,0.0029,0.9521,
21.231,IMU,25.1897,18.3225,21.7561,5.2837,4.2611,-19.673,-2.376,0.211,-8.858,0.0146,0.0098,0.9678,
21.238,ENC,25.2970,18.4044,21.8507,5.3689,4.0906,-19.746,-2.376,0.211,-8.858,0.0146,0.0098,0.9678,
21.259,IMU,25.2970,18.4044,21.8507,5.3689,4.0906,-19.746,-2.516,0.235,-8.912,0.1240,0.0337,1.0044,
21.261,ENC,25.4044,18.4845,21.9444,5.3689,4.0054,-19.824,-2.516,0.235,-8.912,0.1240,0.0337,1.0044,
21.275,IMU,25.4044,18.4845,21.9444,5.3689,4.0054,-19.824,-2.531,0.237,-8.986,0.0654,0.0083,1.0342,
21.278,ENC,25.5016,18.5595,22.0305,4.8576,3.7497,-19.888,-2.531,0.237,-8.986,0.0654,0.0083,1.0342,
21.291,IMU,25.5016,18.5595,22.0305,4.8576,3.7497,-19.888,-2.482,0.246,-9.091,0.0186,0.0298,0.9995,
21.298,ENC,25.6038,18.6328,22.1183,5.1133,3.6645,-19.971,-2.482,0.246,-9.091,0.0186,0.0298,0.9995,
21.312,IMU,25.6038,18.6328,22.1183,5.1133,3.6645,-19.971,-2.425,0.282,-9.124,0.0098,0.0200,0.9800,
21.320,ENC,25.7044,18.7043,22.2044,5.0280,3.5793,-20.054,-2.425,0.282,-9.124,0.0098,0.0200,0.9800,
21.332,IMU,25.7044,18.7043,22.2044,5.0280,3.5793,-20.054,-2.440,0.295,-9.193,0.0117,0.0000,0.9937,
21.338,ENC,25.7981,18.7776,22.2879,4.6872,3.6645,-20.112,-2.440,0.295,-9.193,0.0117,0.0000,0.9937,
21.351,IMU,25.7981,18.7776,22.2879,4.6872,3.6645,-20.112,-2.435,0.332,-9.254,0.0684,0.0542,0.9722,
21.358,ENC,25.8953,18.8492,22.3723,4.8576,3.5793,-20.186,-2.435,0.332,-9.254,0.0684,0.0542,0.9722,
21.371,IMU,25.8953,18.8492,22.3723,4.8576,3.5793,-20.186,-2.426,0.458,-9.297,0.0469,0.0620,0.9561,
21.378,ENC,25.9839,18.9157,22.4498,4.4315,3.3236,-20.249,-2.426,0.458,-9.297,0.0469,0.0620,0.9561,
21.391,IMU,25.9839,18.9157,22.4498,4.4315,3.3236,-20.249,-2.413,0.442,-9.311,0.0435,0.0098,0.9678,
21.398,ENC,26.0640,18.9822,22.5231,4.0054,3.3236,-20.288,-2.413,0.442,-9.311,0.0435,0.0098,0.9678,
21.412,IMU,26.0640,18.9822,22.5231,4.0054,3.3236,-20.288,-2.430,0.430,-9.345,0.0454,0.0078,0.9531,
21.418,ENC,26.1476,19.0520,22.5998,4.1758,3.4941,-20.327,-2.430,0.430,-9.345,0.0454,0.0078,0.9531,
21.431,IMU,26.1476,19.0520,22.5998,4.1758,3.4941,-20.327,-2.454,0.473,-9.425,0.0337,0.0444,1.0244,
21.441,ENC,26.2328,19.1185,22.6756,4.2611,3.3236,-20.381,-2.454,0.473,-9.425,0.0337,0.0444,1.0244,
21.451,IMU,26.2328,19.1185,22.6756,4.2611,3.3236,-20.381,-2.458,0.435,-9.464,0.0454,-0.0029,0.9434,
21.458,ENC,26.3163,19.1816,22.7489,4.1758,3.1532,-20.439,-2.458,0.435,-9.464,0.0454,-0.0029,0.9434,
21.471,IMU,26.3163,19.1816,22.7489,4.1758,3.1532,-20.439,-2.445,0.469,-9.469,0.0381,0.0571,0.9849,
21.478,ENC,26.4049,19.2498,22.8273,4.4315,3.4088,-20.498,-2.445,0.469,-9.469,0.0381,0.0571,0.9849,
21.491,IMU,26.4049,19.2498,22.8273,4.4315,3.4088,-20.498,-2.465,0.454,-9.486,0.0449,-0.0024,1.0122,
21.498,ENC,26.4936,19.3145,22.9040,4.4315,3.2384,-20.566,-2.465,0.454,-9.486,0.0449,-0.0024,1.0122,
21.515,IMU,26.4936,19.3145,22.9040,4.4315,3.2384,-20.566,-2.413,0.433,-9.489,0.0493,-0.0151,1.0063,
21.519,ENC,26.5771,19.3810,22.9790,4.1758,3.3236,-20.615,-2.413,0.433,-9.489,0.0493,-0.0151,1.0063,
21.531,IMU,26.5771,19.3810,22.9790,4.1758,3.3236,-20.615,-2.437,0.471,-9.515,0.0708,0.0107,1.0034,
21.538,ENC,26.6691,19.4458,23.0574,4.6019,3.2384,-20.693,-2.437,0.471,-9.515,0.0708,0.0107,1.0034,
21.551,IMU,26.6691,19.4458,23.0574,4.6019,3.2384,-20.693,-2.476,0.453,-9.579,0.0806,0.0034,0.9888,
21.558,ENC,26.7560,19.4969,23.1265,4.3463,2.5566,-20.796,-2.476,0.453,-9.579,0.0806,0.0034,0.9888,
21.571,IMU,26.7560,19.4969,23.1265,4.3463,2.5566,-20.796,-2.550,0.478,-9.604,0.0991,-0.0151,0.9902,
21.578,ENC,26.8464,19.5583,23.2023,4.5167,3.0680,-20.879,-2.550,0.478,-9.604,0.0991,-0.0151,0.9902,
21.595,IMU,26.8464,19.5583,23.2023,4.5167,3.0680,-20.879,-2.485,0.447,-9.678,0.0259,0.0210,0.9834,
21.598,ENC,26.9435,19.6213,23.2824,4.8576,3.1532,-20.977,-2.485,0.447,-9.678,0.0259,0.0210,0.9834,
21.611,IMU,26.9435,19.6213,23.2824,4.8576,3.1532,-20.977,-2.474,0.454,-9.739,0.0283,0.0068,0.9839,
21.618,ENC,27.0356,19.6759,23.3557,4.6019,2.7271,-21.084,-2.474,0.454,-9.739,0.0283,0.0068,0.9839,
21.636,IMU,27.0356,19.6759,23.3557,4.6019,2.7271,-21.084,-2.472,0.397,-9.782,0.0493,0.0107,0.9717,
21.641,ENC,27.1429,19.7372,23.4401,5.3689,3.0680,-21.216,-2.472,0.397,-9.782,0.0493,0.0107,0.9717,
21.651,IMU,27.1429,19.7372,23.4401,5.3689,3.0680,-21.216,-2.535,0.384,-9.854,0.1157,0.0112,0.9722,
21.658,ENC,27.2418,19.7901,23.5159,4.9428,2.6419,-21.348,-2.535,0.384,-9.854,0.1157,0.0112,0.9722,
21.671,IMU,27.2418,19.7901,23.5159,4.9428,2.6419,-21.348,-2.557,0.333,-9.861,0.0625,-0.0278,0.9883,
21.678,ENC,27.3458,19.8395,23.5926,5.1985,2.4714,-21.504,-2.557,0.333,-9.861,0.0625,-0.0278,0.9883,
21.691,IMU,27.3458,19.8395,23.5926,5.1985,2.4714,-21.504,-2.501,0.289,-9.940,0.0054,-0.0034,0.9443,
21.698,ENC,27.4429,19.8991,23.6710,4.8576,2.9827,-21.611,-2.501,0.289,-9.940,0.0054,-0.0034,0.9443,
21.711,IMU,27.4429,19.8991,23.6710,4.8576,2.9827,-21.611,-2.555,0.304,-10.000,0.0566,0.0000,1.0068,
21.718,ENC,27.5401,19.9554,23.7477,4.8576,2.8123,-21.729,-2.555,0.304,-10.000,0.0566,0.0000,1.0068,
21.732,IMU,27.5401,19.9554,23.7477,4.8576,2.8123,-21.729,-2.603,0.367,-10.067,0.0400,0.0474,1.0430,
21.743,ENC,27.6372,20.0133,23.8253,4.8576,2.8975,-21.841,-2.603,0.367,-10.067,0.0400,0.0474,1.0430,
21.751,IMU,27.6372,20.0133,23.8253,4.8576,2.8975,-21.841,-2.574,0.328,-10.111,0.0488,-0.0073,0.9756,
21.758,ENC,27.7310,20.0645,23.8977,4.6872,2.5566,-21.963,-2.574,0.328,-10.111,0.0488,-0.0073,0.9756,
21.771,IMU,27.7310,20.0645,23.8977,4.6872,2.5566,-21.963,-2.525,0.299,-10.220,0.0254,0.0068,0.9951,
21.778,ENC,27.8315,20.1224,23.9770,5.0280,2.8975,-22.085,-2.525,0.299,-10.220,0.0254,0.0068,0.9951,
21.791,IMU,27.8315,20.1224,23.9770,5.0280,2.8975,-22.085,-2.447,0.347,-10.285,0.0000,0.0322,0.9834,
21.799,ENC,27.9355,20.1718,24.0537,5.1985,2.4714,-22.241,-2.447,0.347,-10.285,0.0000,0.0322,0.9834,
21.812,IMU,27.9355,20.1718,24.0537,5.1985,2.4714,-22.241,-2.417,0.218,-10.335,-0.0015,-0.0562,0.9912,
21.818,ENC,28.0429,20.2349,24.1389,5.3689,3.1532,-22.368,-2.417,0.218,-10.335,-0.0015,-0.0562,0.9912,
21.831,IMU,28.0429,20.2349,24.1389,5.3689,3.1532,-22.368,-2.418,0.143,-10.365,0.0425,-0.0493,1.0034,
21.838,ENC,28.1451,20.2946,24.2199,5.1133,2.9827,-22.490,-2.418,0.143,-10.365,0.0425,-0.0493,1.0034,
21.853,IMU,28.1451,20.2946,24.2199,5.1133,2.9827,-22.490,-2.475,0.087,-10.425,0.0610,-0.0239,0.9585,
21.858,ENC,28.2542,20.3576,24.3059,5.4542,3.1532,-22.622,-2.475,0.087,-10.425,0.0610,-0.0239,0.9585,
21.871,IMU,28.2542,20.3576,24.3059,5.4542,3.1532,-22.622,-2.456,0.099,-10.494,0.0127,0.0156,0.9980,
21.878,ENC,28.3650,20.4156,24.3903,5.5394,2.8975,-22.773,-2.456,0.099,-10.494,0.0127,0.0156,0.9980,
21.891,IMU,28.3650,20.4156,24.3903,5.5394,2.8975,-22.773,-2.439,0.101,-10.578,0.0444,-0.0010,0.9922,
21.898,ENC,28.4673,20.4735,24.4704,5.1133,2.8975,-22.900,-2.439,0.101,-10.578,0.0444,-0.0010,0.9922,
21.911,IMU,28.4673,20.4735,24.4704,5.1133,2.8975,-22.900,-2.483,0.093,-10.684,0.0488,-0.0190,0.9629,
21.918,ENC,28.5729,20.5315,24.5522,5.2837,2.8975,-23.037,-2.483,0.093,-10.684,0.0488,-0.0190,0.9629,
21.934,IMU,28.5729,20.5315,24.5522,5.2837,2.8975,-23.037,-2.513,0.091,-10.716,0.0532,-0.0190,1.0176,
21.938,ENC,28.6769,20.5775,24.6272,5.1985,2.3010,-23.203,-2.513,0.091,-10.716,0.0532,-0.0190,1.0176,
21.953,IMU,28.6769,20.5775,24.6272,5.1985,2.3010,-23.203,-2.539,0.085,-10.791,0.0449,-0.0186,0.9746,
21.958,ENC,28.7860,20.6355,24.7107,5.4542,2.8975,-23.350,-2.539,0.085,-10.791,0.0449,-0.0186,0.9746,
21.971,IMU,28.7860,20.6355,24.7107,5.4542,2.8975,-23.350,-2.535,0.076,-10.850,0.0439,-0.0059,0.9150,
21.980,ENC,28.8900,20.6900,24.7900,5.1985,2.7271,-23.491,-2.535,0.076,-10.850,0.0439,-0.0059,0.9150,
21.992,IMU,28.8900,20.6900,24.7900,5.1985,2.7271,-23.491,-2.477,0.025,-10.958,0.0186,-0.0107,0.9780,
21.998,ENC,28.9956,20.7445,24.8701,5.2837,2.7271,-23.638,-2.477,0.025,-10.958,0.0186,-0.0107,0.9780,
22.011,IMU,28.9956,20.7445,24.8701,5.2837,2.7271,-23.638,-2.481,0.015,-11.015,0.0557,-0.0020,1.0913,
22.018,ENC,29.1013,20.8025,24.9519,5.2837,2.8975,-23.774,-2.481,0.015,-11.015,0.0557,-0.0020,1.0913,
22.031,IMU,29.1013,20.8025,24.9519,5.2837,2.8975,-23.774,-2.490,0.026,-11.076,0.0562,-0.0210,0.9722,
22.038,ENC,29.2019,20.8587,25.0303,5.0280,2.8123,-23.901,-2.490,0.026,-11.076,0.0562,-0.0210,0.9722,
22.051,IMU,29.2019,20.8587,25.0303,5.0280,2.8123,-23.901,-2.488,0.043,-11.181,0.0039,0.0005,0.9668,
22.058,ENC,29.2973,20.9099,25.1036,4.7724,2.5566,-24.028,-2.488,0.043,-11.181,0.0039,0.0005,0.9668,
22.073,IMU,29.2973,20.9099,25.1036,4.7724,2.5566,-24.028,-2.531,0.079,-11.233,0.0342,0.0093,0.9775,
22.078,ENC,29.3979,20.9627,25.1803,5.0280,2.6419,-24.165,-2.531,0.079,-11.233,0.0342,0.0093,0.9775,
22.091,IMU,29.3979,20.9627,25.1803,5.0280,2.6419,-24.165,-2.523,0.064,-11.339,0.0508,-0.0171,0.9653,
22.111,IMU,29.3979,20.9627,25.1803,5.0280,2.6419,-24.165,-2.515,0.006,-11.422,0.0425,-0.0317,0.9805,
22.118,ENC,29.5837,21.0718,25.3277,4.6446,2.7271,-24.385,-2.515,0.006,-11.422,0.0425,-0.0317,0.9805,
22.131,IMU,29.5837,21.0718,25.3277,4.6446,2.7271,-24.385,-2.526,-0.000,-11.502,0.0420,0.0020,1.0239,
22.138,ENC,29.6842,21.1246,25.4044,5.0280,2.6419,-24.521,-2.526,-0.000,-11.502,0.0420,0.0020,1.0239,
22.151,IMU,29.6842,21.1246,25.4044,5.0280,2.6419,-24.521,-2.460,-0.034,-11.575,-0.0044,-0.0054,0.9839,
22.158,ENC,29.7848,21.1826,25.4837,5.0280,2.8975,-24.644,-2.460,-0.034,-11.575,-0.0044,-0.0054,0.9839,
22.172,IMU,29.7848,21.1826,25.4837,5.0280,2.8975,-24.644,-2.493,-0.014,-11.615,0.0430,-0.0078,0.9990,
22.178,ENC,29.8768,21.2354,25.5561,4.6019,2.6419,-24.756,-2.493,-0.014,-11.615,0.0430,-0.0078,0.9990,
22.191,IMU,29.8768,21.2354,25.5561,4.6019,2.6419,-24.756,-2.512,-0.059,-11.713,0.0488,0.0063,0.9468,
22.198,ENC,29.9791,21.2917,25.6354,5.1133,2.8123,-24.888,-2.512,-0.059,-11.713,0.0488,0.0063,0.9468,
22.212,IMU,29.9791,21.2917,25.6354,5.1133,2.8123,-24.888,-2.544,-0.026,-11.773,0.0493,0.0259,0.9629,
22.224,ENC,30.0780,21.3496,25.7138,4.9428,2.8975,-25.005,-2.544,-0.026,-11.773,0.0493,0.0259,0.9629,
22.232,IMU,30.0780,21.3496,25.7138,4.9428,2.8975,-25.005,-2.532,-0.032,-11.831,0.0283,0.0103,0.9751,
22.238,ENC,30.1785,21.4041,25.7913,5.0280,2.7271,-25.137,-2.532,-0.032,-11.831,0.0283,0.0103,0.9751,
22.254,IMU,30.1785,21.4041,25.7913,5.0280,2.7271,-25.137,-2.461,-0.087,-11.937,0.0220,-0.0117,0.9937,
22.265,ENC,30.2825,21.4570,25.8697,5.1985,2.6419,-25.283,-2.461,-0.087,-11.937,0.0220,-0.0117,0.9937,
22.271,IMU,30.2825,21.4570,25.8697,5.1985,2.6419,-25.283,-2.527,-0.072,-11.967,0.0850,0.0039,0.9956,
22.281,ENC,30.3882,21.5098,25.9490,5.2837,2.6419,-25.435,-2.527,-0.072,-11.967,0.0850,0.0039,0.9956,
22.292,IMU,30.3882,21.5098,25.9490,5.2837,2.6419,-25.435,-2.556,-0.102,-12.058,0.0347,-0.0122,0.9580,
22.298,ENC,30.4938,21.5627,26.0282,5.2837,2.6419,-25.586,-2.556,-0.102,-12.058,0.0347,-0.0122,0.9580,
22.311,IMU,30.4938,21.5627,26.0282,5.2837,2.6419,-25.586,-2.560,-0.142,-12.143,0.0151,-0.0098,1.0156,
22.318,ENC,30.5995,21.6223,26.1109,5.2837,2.9827,-25.718,-2.560,-0.142,-12.143,0.0151,-0.0098,1.0156,
22.339,IMU,30.5995,21.6223,26.1109,5.2837,2.9827,-25.718,-2.617,-0.093,-12.229,0.0815,0.0415,1.0283,
22.341,ENC,30.7001,21.6769,26.1885,5.0280,2.7271,-25.850,-2.617,-0.093,-12.229,0.0815,0.0415,1.0283,
22.352,IMU,30.7001,21.6769,26.1885,5.0280,2.7271,-25.850,-2.576,-0.110,-12.309,0.0352,-0.0088,1.0049,
22.358,ENC,30.8040,21.7348,26.2694,5.1985,2.8975,-25.981,-2.576,-0.110,-12.309,0.0352,-0.0088,1.0049,
22.372,IMU,30.8040,21.7348,26.2694,5.1985,2.8975,-25.981,-2.562,-0.134,-12.336,0.0879,-0.0137,1.0063,
22.380,ENC,30.9114,21.7928,26.3521,5.3689,2.8975,-26.123,-2.562,-0.134,-12.336,0.0879,-0.0137,1.0063,
22.391,IMU,30.9114,21.7928,26.3521,5.3689,2.8975,-26.123,-2.509,-0.112,-12.401,0.0112,0.0127,1.0029,
22.411,IMU,30.9114,21.7928,26.3521,5.3689,2.8975,-26.123,-2.538,-0.081,-12.442,0.0425,0.0093,0.9033,
22.418,ENC,31.1074,21.9155,26.5114,4.9002,3.0680,-26.333,-2.538,-0.081,-12.442,0.0425,0.0093,0.9033,
22.431,IMU,31.1074,21.9155,26.5114,4.9002,3.0680,-26.333,-2.551,-0.121,-12.485,0.0239,-0.0171,1.0039,
22.438,ENC,31.1995,21.9836,26.5916,4.6019,3.4088,-26.401,-2.551,-0.121,-12.485,0.0239,-0.0171,1.0039,
22.452,IMU,31.1995,21.9836,26.5916,4.6019,3.4088,-26.401,-2.534,-0.145,-12.480,0.0166,-0.0049,1.0142,
22.462,ENC,31.2966,22.0467,26.6717,4.8576,3.1532,-26.499,-2.534,-0.145,-12.480,0.0166,-0.0049,1.0142,
22.471,IMU,31.2966,22.0467,26.6717,4.8576,3.1532,-26.499,-2.520,-0.195,-12.494,0.0015,-0.0215,0.9521,
22.478,ENC,31.3904,22.1149,26.7526,4.6872,3.4088,-26.572,-2.520,-0.195,-12.494,0.0015,-0.0215,0.9521,
22.491,IMU,31.3904,22.1149,26.7526,4.6872,3.4088,-26.572,-2.577,-0.173,-12.525,0.0742,-0.0186,0.9766,
22.498,ENC,31.4841,22.1797,26.8319,4.6872,3.2384,-26.655,-2.577,-0.173,-12.525,0.0742,-0.0186,0.9766,
22.511,IMU,31.4841,22.1797,26.8319,4.6872,3.2384,-26.655,-2.611,-0.188,-12.555,0.0791,-0.0015,0.9653,
22.518,ENC,31.5778,22.2478,26.9128,4.6872,3.4088,-26.729,-2.611,-0.188,-12.555,0.0791,-0.0015,0.9653,
22.534,IMU,31.5778,22.2478,26.9128,4.6872,3.4088,-26.729,-2.573,-0.205,-12.587,0.0029,-0.0054,0.9712,
22.551,IMU,31.5778,22.2478,26.9128,4.6872,3.4088,-26.729,-2.570,-0.203,-12.604,0.0430,-0.0254,1.0156,
22.560,ENC,31.7722,22.3740,27.0731,4.8576,3.1532,-26.924,-2.570,-0.203,-12.604,0.0430,-0.0254,1.0156,
22.571,IMU,31.7722,22.3740,27.0731,4.8576,3.1532,-26.924,-2.637,-0.165,-12.661,0.0894,-0.0093,1.0444,
22.579,ENC,31.8710,22.4370,27.1540,4.9428,3.1532,-27.026,-2.637,-0.165,-12.661,0.0894,-0.0093,1.0444,
22.591,IMU,31.8710,22.4370,27.1540,4.9428,3.1532,-27.026,-2.681,-0.149,-12.699,0.0376,-0.0034,1.0933,
22.598,ENC,31.9579,22.5035,27.2307,4.3463,3.3236,-27.085,-2.681,-0.149,-12.699,0.0376,-0.0034,1.0933,
22.611,IMU,31.9579,22.5035,27.2307,4.3463,3.3236,-27.085,-2.637,-0.102,-12.691,-0.0122,0.0425,1.0400,
22.618,ENC,32.0312,22.5666,27.2989,3.6645,3.1532,-27.114,-2.637,-0.102,-12.691,-0.0122,0.0425,1.0400,
22.631,IMU,32.0312,22.5666,27.2989,3.6645,3.1532,-27.114,-2.673,-0.067,-12.609,0.0654,0.0186,0.9907,
22.638,ENC,32.0875,22.6501,27.3688,2.8123,4.1758,-27.036,-2.673,-0.067,-12.609,0.0654,0.0186,0.9907,
22.653,IMU,32.0875,22.6501,27.3688,2.8123,4.1758,-27.036,-2.747,-0.016,-12.524,0.1040,0.0396,0.9658,
22.662,ENC,32.1335,22.7336,27.4335,2.3010,4.1758,-26.929,-2.747,-0.016,-12.524,0.1040,0.0396,0.9658,
22.671,IMU,32.1335,22.7336,27.4335,2.3010,4.1758,-26.929,-2.792,0.040,-12.404,0.0933,0.0112,1.0039,
22.678,ENC,32.1693,22.8052,27.4872,1.7896,3.5793,-26.826,-2.792,0.040,-12.404,0.0933,0.0112,1.0039,
22.691,IMU,32.1693,22.8052,27.4872,1.7896,3.5793,-26.826,-2.837,0.093,-12.286,0.0728,0.0425,0.9761,
22.698,ENC,32.2034,22.8751,27.5392,1.7044,3.4941,-26.724,-2.837,0.093,-12.286,0.0728,0.0425,0.9761,
22.711,IMU,32.2034,22.8751,27.5392,1.7044,3.4941,-26.724,-2.945,0.119,-12.188,0.0767,0.0439,0.9448,
22.718,ENC,32.2340,22.9347,27.5844,1.5340,2.9827,-26.641,-2.945,0.119,-12.188,0.0767,0.0439,0.9448,
22.731,IMU,32.2340,22.9347,27.5844,1.5340,2.9827,-26.641,-2.952,0.137,-12.055,0.0381,0.0278,1.0039,
22.740,ENC,32.2562,22.9910,27.6236,1.1079,2.8123,-26.543,-2.952,0.137,-12.055,0.0381,0.0278,1.0039,
22.753,IMU,32.2562,22.9910,27.6236,1.1079,2.8123,-26.543,-3.009,0.195,-11.938,0.0503,0.0415,0.9795,
22.758,ENC,32.2818,23.0421,27.6619,1.2783,2.5566,-26.470,-3.009,0.195,-11.938,0.0503,0.0415,0.9795,
22.771,IMU,32.2818,23.0421,27.6619,1.2783,2.5566,-26.470,-3.021,0.286,-11.875,0.0703,0.0522,0.9761,
22.778,ENC,32.3005,23.0779,27.6892,0.9374,1.7896,-26.421,-3.021,0.286,-11.875,0.0703,0.0522,0.9761,
22.792,IMU,32.3005,23.0779,27.6892,0.9374,1.7896,-26.421,-3.032,0.339,-11.893,0.0586,0.0557,0.9863,
22.798,ENC,32.3176,23.1069,27.7122,0.8522,1.4488,-26.387,-3.032,0.339,-11.893,0.0586,0.0557,0.9863,
22.811,IMU,32.3176,23.1069,27.7122,0.8522,1.4488,-26.387,-3.066,0.369,-11.895,0.0552,0.0415,1.0103,
22.818,ENC,32.3312,23.1188,27.7250,0.6818,0.5965,-26.392,-3.066,0.369,-11.895,0.0552,0.0415,1.0103,
22.831,IMU,32.3312,23.1188,27.7250,0.6818,0.5965,-26.392,-3.062,0.370,-11.905,0.0488,0.0234,0.9800,
22.838,ENC,32.3346,23.1205,27.7276,0.1704,0.0852,-26.396,-3.062,0.370,-11.905,0.0488,0.0234,0.9800,
22.851,IMU,32.3346,23.1205,27.7276,0.1704,0.0852,-26.396,-3.082,0.382,-11.936,0.0503,0.0063,0.9971,
22.858,ENC,32.3363,23.1205,27.7284,0.0852,0.0000,-26.401,-3.082,0.382,-11.936,0.0503,0.0063,0.9971,
22.873,IMU,32.3363,23.1205,27.7284,0.0852,0.0000,-26.401,-3.060,0.362,-11.933,0.0312,-0.0146,1.0088,
22.878,ENC,32.3346,23.1188,27.7267,-0.0852,-0.0852,-26.401,-3.060,0.362,-11.933,0.0312,-0.0146,1.0088,
22.891,IMU,32.3346,23.1188,27.7267,-0.0852,-0.0852,-26.401,-3.035,0.361,-11.896,0.0430,0.0020,0.9956,
22.898,ENC,32.3295,23.1137,27.7216,-0.2557,-0.2557,-26.401,-3.035,0.361,-11.896,0.0430,0.0020,0.9956,
22.918,ENC,32.3261,23.1103,27.7182,-0.1704,-0.1704,-26.401,-3.035,0.361,-11.896,0.0430,0.0020,0.9956,
22.932,IMU,32.3261,23.1103,27.7182,-0.1704,-0.1704,-26.401,-3.022,0.241,-11.871,0.0376,-0.0054,1.0054,
22.937,ENC,32.3244,23.1069,27.7156,-0.0852,-0.1704,-26.406,-3.022,0.241,-11.871,0.0376,-0.0054,1.0054,
22.951,IMU,32.3244,23.1069,27.7156,-0.0852,-0.1704,-26.406,-2.955,0.188,-11.860,0.0327,-0.0356,1.0117,
22.958,ENC,32.3244,23.1052,27.7148,0.0000,-0.0852,-26.411,-2.955,0.188,-11.860,0.0327,-0.0356,1.0117,
22.971,IMU,32.3244,23.1052,27.7148,0.0000,-0.0852,-26.411,-2.993,0.196,-11.845,0.0591,0.0044,1.0034,
22.978,ENC,32.3244,23.1052,27.7148,0.0000,0.0000,-26.411,-2.993,0.196,-11.845,0.0591,0.0044,1.0034,
22.991,IMU,32.3244,23.1052,27.7148,0.0000,0.0000,-26.411,-3.063,0.217,-11.881,0.0547,0.0186,0.9907,
22.997,ENC,32.3261,23.1069,27.7165,0.0852,0.0852,-26.411,-3.063,0.217,-11.881,0.0547,0.0186,0.9907,
23.011,IMU,32.3261,23.1069,27.7165,0.0852,0.0852,-26.411,-3.081,0.206,-11.860,0.0464,0.0063,0.9844,
23.018,ENC,32.3261,23.1069,27.7165,0.0000,0.0000,-26.411,-3.081,0.206,-11.860,0.0464,0.0063,0.9844,
23.031,IMU,32.3261,23.1069,27.7165,0.0000,0.0000,-26.411,-3.096,0.222,-11.820,0.0376,0.0161,0.9951,
23.038,ENC,32.3261,23.1069,27.7165,0.0000,0.0000,-26.411,-3.096,0.222,-11.820,0.0376,0.0161,0.9951,
23.051,IMU,32.3261,23.1069,27.7165,0.0000,0.0000,-26.411,-3.108,0.166,-11.824,0.0542,-0.0039,0.9971,
23.058,ENC,32.3261,23.1069,27.7165,0.0000,0.0000,-26.411,-3.108,0.166,-11.824,0.0542,-0.0039,0.9971,
23.073,IMU,32.3261,23.1069,27.7165,0.0000,0.0000,-26.411,-3.152,0.177,-11.798,0.0596,0.0049,0.9941,
23.078,ENC,32.3261,23.1069,27.7165,0.0000,0.0000,-26.411,-3.152,0.177,-11.798,0.0596,0.0049,0.9941,
23.091,IMU,32.3261,23.1069,27.7165,0.0000,0.0000,-26.411,-3.188,0.217,-11.786,0.0664,0.0005,0.9951,
23.098,ENC,32.3261,23.1069,27.7165,0.0000,0.0000,-26.411,-3.188,0.217,-11.786,0.0664,0.0005,0.9951,
23.111,IMU,32.3261,23.1069,27.7165,0.0000,0.0000,-26.411,-3.183,0.249,-11.822,0.0552,-0.0073,1.0098,
23.118,ENC,32.3261,23.1069,27.7165,0.0000,0.0000,-26.411,-3.183,0.249,-11.822,0.0552,-0.0073,1.0098,
23.139,IMU,32.3261,23.1069,27.7165,0.0000,0.0000,-26.411,-3.157,0.256,-11.768,0.0547,-0.0083,0.9932,
23.142,ENC,32.3261,23.1069,27.7165,0.0000,0.0000,-26.411,-3.157,0.256,-11.768,0.0547,-0.0083,0.9932,
23.151,IMU,32.3261,23.1069,27.7165,0.0000,0.0000,-26.411,-3.124,0.268,-11.764,0.0430,0.0024,0.9961,
23.187,IMU,32.3261,23.1069,27.7165,0.0000,0.0000,-26.411,-3.091,0.211,-11.737,0.0410,-0.0044,0.9907,
23.193,IMU,32.3261,23.1069,27.7165,0.0000,0.0000,-26.411,-3.130,0.197,-11.760,0.0488,-0.0044,0.9922,
23.194,ENC,32.3261,23.1069,27.7165,0.0000,0.0000,-26.411,-3.130,0.197,-11.760,0.0488,-0.0044,0.9922,
23.196,ENC,32.3278,23.1069,27.7173,0.0852,0.0000,-26.416,-3.130,0.197,-11.760,0.0488,-0.0044,0.9922,
23.198,ENC,32.3278,23.1069,27.7173,0.0000,0.0000,-26.416,-3.130,0.197,-11.760,0.0488,-0.0044,0.9922,
23.211,IMU,32.3278,23.1069,27.7173,0.0000,0.0000,-26.416,-3.125,0.171,-11.726,0.0518,0.0054,0.9976,
23.221,ENC,32.3278,23.1069,27.7173,0.0000,0.0000,-26.416,-3.125,0.171,-11.726,0.0518,0.0054,0.9976,
23.231,IMU,32.3278,23.1069,27.7173,0.0000,0.0000,-26.416,-3.101,0.145,-11.716,0.0449,-0.0034,0.9941,
23.239,ENC,32.3261,23.1069,27.7165,-0.0852,0.0000,-26.411,-3.101,0.145,-11.716,0.0449,-0.0034,0.9941,
23.250,IMU,32.3261,23.1069,27.7165,-0.0852,0.0000,-26.411,-3.090,0.153,-11.734,0.0464,0.0073,0.9971,
23.257,ENC,32.3261,23.1069,27.7165,0.0000,0.0000,-26.411,-3.090,0.153,-11.734,0.0464,0.0073,0.9971,
23.272,IMU,32.3261,23.1069,27.7165,0.0000,0.0000,-26.411,-3.116,0.158,-11.744,0.0488,-0.0059,0.9976,
23.280,ENC,32.3261,23.1069,27.7165,0.0000,0.0000,-26.411,-3.116,0.158,-11.744,0.0488,-0.0059,0.9976,
23.291,IMU,32.3261,23.1069,27.7165,0.0000,0.0000,-26.411,-3.118,0.191,-11.767,0.0522,-0.0005,1.0103,
23.298,ENC,32.3278,23.1069,27.7173,0.0852,0.0000,-26.416,-3.118,0.191,-11.767,0.0522,-0.0005,1.0103,
23.311,IMU,32.3278,23.1069,27.7173,0.0852,0.0000,-26.416,-3.130,0.176,-11.769,0.0376,0.0088,0.9951,
23.318,ENC,32.3261,23.1069,27.7165,-0.0852,0.0000,-26.411,-3.130,0.176,-11.769,0.0376,0.0088,0.9951,
23.332,IMU,32.3261,23.1069,27.7165,-0.0852,0.0000,-26.411,-3.112,0.186,-11.750,0.0518,0.0054,1.0010,
23.338,ENC,32.3278,23.1069,27.7173,0.0852,0.0000,-26.416,-3.112,0.186,-11.750,0.0518,0.0054,1.0010,
23.351,IMU,32.3278,23.1069,27.7173,0.0852,0.0000,-26.416,-3.151,0.194,-11.771,0.0532,0.0029,0.9927,
23.358,ENC,32.3278,23.1069,27.7173,0.0000,0.0000,-26.416,-3.151,0.194,-11.771,0.0532,0.0029,0.9927,
23.371,IMU,32.3278,23.1069,27.7173,0.0000,0.0000,-26.416,-3.146,0.175,-11.742,0.0610,-0.0146,0.9849,
23.378,ENC,32.3312,23.1069,27.7190,0.1704,0.0000,-26.426,-3.146,0.175,-11.742,0.0610,-0.0146,0.9849,
23.395,IMU,32.3312,23.1069,27.7190,0.1704,0.0000,-26.426,-3.134,0.105,-11.767,0.0454,-0.0420,0.9849,
23.397,ENC,32.3431,23.1086,27.7259,0.5965,0.0852,-26.455,-3.134,0.105,-11.767,0.0454,-0.0420,0.9849,
23.412,IMU,32.3431,23.1086,27.7259,0.5965,0.0852,-26.455,-3.098,0.091,-11.784,0.0278,-0.0254,1.0259,
23.419,ENC,32.3551,23.1103,27.7327,0.5965,0.0852,-26.484,-3.098,0.091,-11.784,0.0278,-0.0254,1.0259,
23.431,IMU,32.3551,23.1103,27.7327,0.5965,0.0852,-26.484,-3.071,0.030,-11.789,0.0225,-0.0317,0.9448,
23.439,ENC,32.3738,23.1171,27.7455,0.9374,0.3409,-26.519,-3.071,0.030,-11.789,0.0225,-0.0317,0.9448,
23.451,IMU,32.3738,23.1171,27.7455,0.9374,0.3409,-26.519,-3.069,0.001,-11.837,0.0649,-0.0361,1.0474,
23.461,ENC,32.3977,23.1324,27.7651,1.1931,0.7670,-26.543,-3.069,0.001,-11.837,0.0649,-0.0361,1.0474,
23.471,IMU,32.3977,23.1324,27.7651,1.1931,0.7670,-26.543,-3.010,-0.212,-11.846,0.0293,-0.0972,0.9092,
23.482,ENC,32.4284,23.1597,27.7940,1.5340,1.3635,-26.553,-3.010,-0.212,-11.846,0.0293,-0.0972,0.9092,
23.491,IMU,32.4284,23.1597,27.7940,1.5340,1.3635,-26.553,-2.989,-0.341,-11.834,0.0732,-0.1431,1.0562,
23.498,ENC,32.4727,23.2108,27.8418,2.2158,2.5566,-26.533,-2.989,-0.341,-11.834,0.0732,-0.1431,1.0562,
23.511,IMU,32.4727,23.2108,27.8418,2.2158,2.5566,-26.533,-3.014,-0.434,-11.806,0.0474,-0.1064,0.9497,
23.518,ENC,32.5255,23.2722,27.8988,2.6419,3.0680,-26.509,-3.014,-0.434,-11.806,0.0474,-0.1064,0.9497,
23.530,IMU,32.5255,23.2722,27.8988,2.6419,3.0680,-26.509,-2.937,-0.482,-11.792,0.0029,-0.0601,0.9937,
23.538,ENC,32.5954,23.3472,27.9713,3.4941,3.7497,-26.494,-2.937,-0.482,-11.792,0.0029,-0.0601,0.9937,
23.551,IMU,32.5954,23.3472,27.9713,3.4941,3.7497,-26.494,-2.922,-0.437,-11.745,0.0410,-0.0112,0.9834,
23.559,ENC,32.6687,23.4307,28.0497,3.6645,4.1758,-26.465,-2.922,-0.437,-11.745,0.0410,-0.0112,0.9834,
23.575,IMU,32.6687,23.4307,28.0497,3.6645,4.1758,-26.465,-2.923,-0.394,-11.694,0.0542,0.0156,1.0010,
23.580,ENC,32.7471,23.5091,28.1281,3.9202,3.9202,-26.465,-2.923,-0.394,-11.694,0.0542,0.0156,1.0010,
23.592,IMU,32.7471,23.5091,28.1281,3.9202,3.9202,-26.465,-2.990,-0.419,-11.682,0.1025,-0.0474,1.0029,
23.599,ENC,32.8306,23.5994,28.2150,4.1758,4.5167,-26.445,-2.990,-0.419,-11.682,0.1025,-0.0474,1.0029,
23.613,IMU,32.8306,23.5994,28.2150,4.1758,4.5167,-26.445,-3.010,-0.454,-11.613,0.0503,-0.0278,1.0005,
23.618,ENC,32.9090,23.6915,28.3002,3.9202,4.6019,-26.406,-3.010,-0.454,-11.613,0.0503,-0.0278,1.0005,
23.631,IMU,32.9090,23.6915,28.3002,3.9202,4.6019,-26.406,-3.076,-0.398,-11.611,0.0864,0.0283,0.9922,
23.638,ENC,32.9823,23.7767,28.3795,3.6645,4.2611,-26.372,-3.076,-0.398,-11.611,0.0864,0.0283,0.9922,
23.654,IMU,32.9823,23.7767,28.3795,3.6645,4.2611,-26.372,-3.011,-0.429,-11.568,-0.0278,-0.0054,1.0806,
23.671,IMU,32.9823,23.7767,28.3795,3.6645,4.2611,-26.372,-2.997,-0.422,-11.588,0.0488,-0.0034,1.0635,
23.681,ENC,33.1459,23.9727,28.5593,4.0906,4.9002,-26.279,-2.997,-0.422,-11.588,0.0488,-0.0034,1.0635,
23.691,IMU,33.1459,23.9727,28.5593,4.0906,4.9002,-26.279,-3.001,-0.426,-11.569,0.0591,-0.0034,0.9644,
23.711,IMU,33.1459,23.9727,28.5593,4.0906,4.9002,-26.279,-3.002,-0.432,-11.532,0.0566,-0.0063,0.9795,
23.718,ENC,33.3147,24.1807,28.7477,4.2184,5.1985,-26.167,-3.002,-0.432,-11.532,0.0566,-0.0063,0.9795,
23.732,IMU,33.3147,24.1807,28.7477,4.2184,5.1985,-26.167,-3.015,-0.445,-11.534,0.0776,-0.0396,1.0024,
23.738,ENC,33.4084,24.2897,28.8491,4.6872,5.4542,-26.123,-3.015,-0.445,-11.534,0.0776,-0.0396,1.0024,
23.755,IMU,33.4084,24.2897,28.8491,4.6872,5.4542,-26.123,-2.974,-0.450,-11.560,0.0288,-0.0200,0.9873,
23.771,IMU,33.4084,24.2897,28.8491,4.6872,5.4542,-26.123,-2.974,-0.398,-11.572,0.0366,0.0410,1.0195,
23.777,ENC,33.5908,24.5028,29.0468,4.5593,5.3263,-26.035,-2.974,-0.398,-11.572,0.0366,0.0410,1.0195,
23.792,IMU,33.5908,24.5028,29.0468,4.5593,5.3263,-26.035,-2.952,-0.430,-11.580,0.0371,-0.0181,0.9854,
23.799,ENC,33.6828,24.6136,29.1482,4.6019,5.5394,-25.981,-2.952,-0.430,-11.580,0.0371,-0.0181,0.9854,
23.814,IMU,33.6828,24.6136,29.1482,4.6019,5.5394,-25.981,-2.987,-0.342,-11.578,0.0757,0.0308,1.0586,
23.818,ENC,33.7748,24.7227,29.2488,4.6019,5.4542,-25.933,-2.987,-0.342,-11.578,0.0757,0.0308,1.0586,
23.831,IMU,33.7748,24.7227,29.2488,4.6019,5.4542,-25.933,-2.988,-0.295,-11.575,0.0366,0.0195,0.8823,
23.838,ENC,33.8669,24.8249,29.3459,4.6019,5.1133,-25.903,-2.988,-0.295,-11.575,0.0366,0.0195,0.8823,
23.851,IMU,33.8669,24.8249,29.3459,4.6019,5.1133,-25.903,-2.968,-0.275,-11.604,-0.0015,0.0200,1.0332,
23.858,ENC,33.9657,24.9357,29.4507,4.9428,5.5394,-25.869,-2.968,-0.275,-11.604,-0.0015,0.0200,1.0332,
23.871,IMU,33.9657,24.9357,29.4507,4.9428,5.5394,-25.869,-2.870,-0.271,-11.596,-0.0161,-0.0098,1.1826,
23.878,ENC,34.0646,25.0465,29.5555,4.9428,5.5394,-25.835,-2.870,-0.271,-11.596,-0.0161,-0.0098,1.1826,
23.893,IMU,34.0646,25.0465,29.5555,4.9428,5.5394,-25.835,-2.852,-0.326,-11.582,0.0293,-0.0332,1.0244,
23.898,ENC,34.1618,25.1573,29.6595,4.8576,5.5394,-25.796,-2.852,-0.326,-11.582,0.0293,-0.0332,1.0244,
23.911,IMU,34.1618,25.1573,29.6595,4.8576,5.5394,-25.796,-2.892,-0.341,-11.528,0.0781,-0.0186,0.9727,
23.918,ENC,34.2521,25.2681,29.7601,4.5167,5.5394,-25.737,-2.892,-0.341,-11.528,0.0781,-0.0186,0.9727,
23.933,IMU,34.2521,25.2681,29.7601,4.5167,5.5394,-25.737,-2.887,-0.258,-11.462,0.0278,0.0615,1.0425,
23.938,ENC,34.3561,25.3755,29.8658,5.1985,5.3689,-25.728,-2.887,-0.258,-11.462,0.0278,0.0615,1.0425,
23.951,IMU,34.3561,25.3755,29.8658,5.1985,5.3689,-25.728,-2.732,-0.301,-11.457,-0.0508,-0.0576,0.9810,
23.958,ENC,34.4720,25.4811,29.9765,5.7950,5.2837,-25.757,-2.732,-0.301,-11.457,-0.0508,-0.0576,0.9810,
23.977,IMU,34.4720,25.4811,29.9765,5.7950,5.2837,-25.757,-2.749,-0.314,-11.469,0.0566,-0.0020,0.9800,
23.979,ENC,34.5742,25.5851,30.0797,5.1133,5.1985,-25.752,-2.749,-0.314,-11.469,0.0566,-0.0020,0.9800,
23.994,IMU,34.5742,25.5851,30.0797,5.1133,5.1985,-25.752,-2.783,-0.293,-11.440,0.0566,0.0020,1.0005,
23.998,ENC,34.6986,25.6857,30.1922,6.2211,5.0280,-25.820,-2.783,-0.293,-11.440,0.0566,0.0020,1.0005,
24.010,IMU,34.6986,25.6857,30.1922,6.2211,5.0280,-25.820,-2.827,-0.294,-11.433,0.0405,0.0010,1.0674,
24.019,ENC,34.8060,25.7896,30.2978,5.3689,5.1985,-25.830,-2.827,-0.294,-11.433,0.0405,0.0010,1.0674,
24.031,IMU,34.8060,25.7896,30.2978,5.3689,5.1985,-25.830,-2.806,-0.316,-11.433,0.0903,-0.0151,0.9209,
24.038,ENC,34.9117,25.8919,30.4018,5.2837,5.1133,-25.840,-2.806,-0.316,-11.433,0.0903,-0.0151,0.9209,
24.051,IMU,34.9117,25.8919,30.4018,5.2837,5.1133,-25.840,-2.833,-0.337,-11.405,0.0576,-0.0044,0.9014,
24.058,ENC,35.0225,25.9976,30.5100,5.5394,5.2837,-25.854,-2.833,-0.337,-11.405,0.0576,-0.0044,0.9014,
24.071,IMU,35.0225,25.9976,30.5100,5.5394,5.2837,-25.854,-2.791,-0.408,-11.367,0.0308,-0.0420,0.8970,
24.078,ENC,35.1333,26.1049,30.6191,5.5394,5.3689,-25.864,-2.791,-0.408,-11.367,0.0308,-0.0420,0.8970,
24.091,IMU,35.1333,26.1049,30.6191,5.5394,5.3689,-25.864,-2.786,-0.450,-11.351,0.0103,-0.0215,0.9502,
24.098,ENC,35.2441,26.2106,30.7273,5.5394,5.2837,-25.879,-2.786,-0.450,-11.351,0.0103,-0.0215,0.9502,
24.112,IMU,35.2441,26.2106,30.7273,5.5394,5.2837,-25.879,-2.821,-0.430,-11.388,0.0674,0.0283,1.0791,
24.118,ENC,35.3566,26.3231,30.8398,5.6246,5.6246,-25.879,-2.821,-0.430,-11.388,0.0674,0.0283,1.0791,
24.132,IMU,35.3566,26.3231,30.8398,5.6246,5.6246,-25.879,-2.838,-0.390,-11.347,0.0630,0.0024,0.9492,
24.138,ENC,35.4639,26.4339,30.9489,5.3689,5.5394,-25.869,-2.838,-0.390,-11.347,0.0630,0.0024,0.9492,
24.151,IMU,35.4639,26.4339,30.9489,5.3689,5.5394,-25.869,-2.867,-0.383,-11.317,0.0098,-0.0469,1.0103,
24.172,IMU,35.4639,26.4339,30.9489,5.3689,5.5394,-25.869,-2.850,-0.419,-11.325,0.0396,-0.0063,0.9492,
24.178,ENC,35.6889,26.6487,31.1688,5.6246,5.3689,-25.898,-2.850,-0.419,-11.325,0.0396,-0.0063,0.9492,
24.191,IMU,35.6889,26.6487,31.1688,5.6246,5.3689,-25.898,-2.822,-0.421,-11.318,0.0581,0.0063,0.9707,
24.198,ENC,35.7946,26.7646,31.2796,5.2837,5.7950,-25.869,-2.822,-0.421,-11.318,0.0581,0.0063,0.9707,
24.216,IMU,35.7946,26.7646,31.2796,5.2837,5.7950,-25.869,-2.831,-0.404,-11.317,0.0659,0.0132,1.0264,
24.218,ENC,35.9054,26.8736,31.3895,5.5394,5.4542,-25.874,-2.831,-0.404,-11.317,0.0659,0.0132,1.0264,
24.231,IMU,35.9054,26.8736,31.3895,5.5394,5.4542,-25.874,-2.853,-0.423,-11.342,0.0806,0.0122,0.9458,
24.239,ENC,36.0076,26.9827,31.4952,5.1133,5.4542,-25.854,-2.853,-0.423,-11.342,0.0806,0.0122,0.9458,
24.251,IMU,36.0076,26.9827,31.4952,5.1133,5.4542,-25.854,-2.864,-0.413,-11.346,0.0488,0.0137,0.9946,
24.258,ENC,36.1065,27.0884,31.5974,4.9428,5.2837,-25.835,-2.864,-0.413,-11.346,0.0488,0.0137,0.9946,
24.271,IMU,36.1065,27.0884,31.5974,4.9428,5.2837,-25.835,-2.854,-0.373,-11.324,0.0430,0.0083,0.9941,
24.278,ENC,36.2088,27.1975,31.7031,5.1133,5.4542,-25.815,-2.854,-0.373,-11.324,0.0430,0.0083,0.9941,
24.291,IMU,36.2088,27.1975,31.7031,5.1133,5.4542,-25.815,-2.976,-0.379,-11.336,0.0786,-0.0029,1.0527,
24.301,ENC,36.3059,27.3083,31.8071,4.8576,5.5394,-25.776,-2.976,-0.379,-11.336,0.0786,-0.0029,1.0527,
24.311,IMU,36.3059,27.3083,31.8071,4.8576,5.5394,-25.776,-2.989,-0.404,-11.362,0.0469,-0.0068,0.9487,
24.319,ENC,36.3963,27.4173,31.9068,4.5167,5.4542,-25.723,-2.989,-0.404,-11.362,0.0469,-0.0068,0.9487,
24.330,IMU,36.3963,27.4173,31.9068,4.5167,5.4542,-25.723,-2.970,-0.358,-11.344,0.0190,0.0020,0.9395,
24.351,IMU,36.3963,27.4173,31.9068,4.5167,5.4542,-25.723,-3.023,-0.404,-11.340,0.0684,-0.0229,0.9570,
24.358,ENC,36.5837,27.6253,32.1045,4.6872,5.1985,-25.664,-3.023,-0.404,-11.340,0.0684,-0.0229,0.9570,
24.372,IMU,36.5837,27.6253,32.1045,4.6872,5.1985,-25.664,-3.038,-0.373,-11.355,0.0527,0.0234,0.9600,
24.379,ENC,36.6792,27.7276,32.2034,4.7724,5.1133,-25.645,-3.038,-0.373,-11.355,0.0527,0.0234,0.9600,
24.392,IMU,36.6792,27.7276,32.2034,4.7724,5.1133,-25.645,-3.050,-0.379,-11.384,0.0552,-0.0371,0.9678,
24.408,ENC,36.7712,27.8281,32.2997,4.6019,5.0280,-25.620,-3.050,-0.379,-11.384,0.0552,-0.0371,0.9678,
24.411,IMU,36.7712,27.8281,32.2997,4.6019,5.0280,-25.620,-3.045,-0.375,-11.355,0.0342,-0.0352,0.9497,
24.418,ENC,36.8599,27.9287,32.3943,4.4315,5.0280,-25.586,-3.045,-0.375,-11.355,0.0342,-0.0352,0.9497,
24.431,IMU,36.8599,27.9287,32.3943,4.4315,5.0280,-25.586,-2.968,-0.391,-11.356,0.0220,-0.0005,0.9355,
24.438,ENC,36.9570,28.0309,32.4940,4.8576,5.1133,-25.571,-2.968,-0.391,-11.356,0.0220,-0.0005,0.9355,
24.451,IMU,36.9570,28.0309,32.4940,4.8576,5.1133,-25.571,-2.947,-0.433,-11.371,0.0747,-0.0366,1.0259,
24.458,ENC,37.0490,28.1298,32.5894,4.6019,4.9428,-25.552,-2.947,-0.433,-11.371,0.0747,-0.0366,1.0259,
24.471,IMU,37.0490,28.1298,32.5894,4.6019,4.9428,-25.552,-2.986,-0.474,-11.369,0.0586,-0.0146,0.9731,
24.478,ENC,37.1360,28.2218,32.6789,4.3463,4.6019,-25.537,-2.986,-0.474,-11.369,0.0586,-0.0146,0.9731,
24.492,IMU,37.1360,28.2218,32.6789,4.3463,4.6019,-25.537,-3.028,-0.446,-11.419,0.0791,0.0269,1.0093,
24.498,ENC,37.2263,28.3224,32.7744,4.5167,5.0280,-25.508,-3.028,-0.446,-11.419,0.0791,0.0269,1.0093,
24.511,IMU,37.2263,28.3224,32.7744,4.5167,5.0280,-25.508,-3.078,-0.445,-11.442,0.1157,-0.0151,0.9814,
24.518,ENC,37.3218,28.4178,32.8698,4.7724,4.7724,-25.508,-3.078,-0.445,-11.442,0.1157,-0.0151,0.9814,
24.531,IMU,37.3218,28.4178,32.8698,4.7724,4.7724,-25.508,-2.997,-0.437,-11.494,0.0347,0.0127,1.0381,
24.538,ENC,37.4121,28.5082,32.9601,4.5167,4.5167,-25.508,-2.997,-0.437,-11.494,0.0347,0.0127,1.0381,
24.551,IMU,37.4121,28.5082,32.9601,4.5167,4.5167,-25.508,-2.956,-0.362,-11.448,0.0439,0.0239,0.9731,
24.558,ENC,37.5024,28.6104,33.0564,4.5167,5.1133,-25.474,-2.956,-0.362,-11.448,0.0439,0.0239,0.9731,
24.571,IMU,37.5024,28.6104,33.0564,4.5167,5.1133,-25.474,-2.945,-0.378,-11.426,0.0034,-0.0308,0.9570,
24.594,IMU,37.5024,28.6104,33.0564,4.5167,5.1133,-25.474,-2.901,-0.380,-11.441,0.0518,0.0107,1.0146,
24.598,ENC,37.6814,28.7979,33.2397,4.4741,4.6872,-25.449,-2.901,-0.380,-11.441,0.0518,0.0107,1.0146,
24.611,IMU,37.6814,28.7979,33.2397,4.4741,4.6872,-25.449,-2.848,-0.371,-11.468,0.0571,0.0229,0.9868,
24.618,ENC,37.7615,28.8934,33.3274,4.0054,4.7724,-25.405,-2.848,-0.371,-11.468,0.0571,0.0229,0.9868,
24.632,IMU,37.7615,28.8934,33.3274,4.0054,4.7724,-25.405,-2.858,-0.349,-11.491,0.0439,0.0298,0.9673,
24.637,ENC,37.8552,28.9837,33.4195,4.6872,4.5167,-25.415,-2.858,-0.349,-11.491,0.0439,0.0298,0.9673,
24.661,ENC,37.9541,29.0740,33.5141,4.9428,4.5167,-25.439,-2.858,-0.349,-11.491,0.0439,0.0298,0.9673,
24.670,IMU,37.9541,29.0740,33.5141,4.9428,4.5167,-25.439,-2.850,-0.384,-11.533,0.0444,-0.0376,0.9761,
24.679,ENC,38.0308,29.1644,33.5976,3.8350,4.5167,-25.400,-2.850,-0.384,-11.533,0.0444,-0.0376,0.9761,
24.691,IMU,38.0308,29.1644,33.5976,3.8350,4.5167,-25.400,-2.900,-0.380,-11.535,0.0815,0.0088,0.9878,
24.698,ENC,38.1177,29.2530,33.6854,4.3463,4.4315,-25.396,-2.900,-0.380,-11.535,0.0815,0.0088,0.9878,
24.712,IMU,38.1177,29.2530,33.6854,4.3463,4.4315,-25.396,-2.926,-0.361,-11.551,0.0615,-0.0010,0.9863,
24.718,ENC,38.2200,29.3433,33.7817,5.1133,4.5167,-25.430,-2.926,-0.361,-11.551,0.0615,-0.0010,0.9863,
24.731,IMU,38.2200,29.3433,33.7817,5.1133,4.5167,-25.430,-2.934,-0.366,-11.569,0.0542,0.0068,1.0513,
24.737,ENC,38.3086,29.4269,33.8677,4.4315,4.1758,-25.444,-2.934,-0.366,-11.569,0.0542,0.0068,1.0513,
24.756,IMU,38.3086,29.4269,33.8677,4.4315,4.1758,-25.444,-2.934,-0.361,-11.565,0.0400,-0.0112,0.9907,
24.758,ENC,38.3938,29.5104,33.9521,4.2611,4.1758,-25.449,-2.934,-0.361,-11.565,0.0400,-0.0112,0.9907,
24.771,IMU,38.3938,29.5104,33.9521,4.2611,4.1758,-25.449,-2.898,-0.365,-11.546,0.0352,-0.0015,1.0142,
24.778,ENC,38.4825,29.5956,34.0390,4.4315,4.2611,-25.459,-2.898,-0.365,-11.546,0.0352,-0.0015,1.0142,
24.791,IMU,38.4825,29.5956,34.0390,4.4315,4.2611,-25.459,-2.857,-0.389,-11.555,0.0405,0.0024,0.9849,
24.798,ENC,38.5745,29.6740,34.1243,4.6019,3.9202,-25.498,-2.857,-0.389,-11.555,0.0405,0.0024,0.9849,
24.814,IMU,38.5745,29.6740,34.1243,4.6019,3.9202,-25.498,-2.957,-0.421,-11.566,0.0771,0.0039,1.0562,
24.818,ENC,38.6665,29.7558,34.2112,4.6019,4.0906,-25.527,-2.957,-0.421,-11.566,0.0771,0.0039,1.0562,
24.831,IMU,38.6665,29.7558,34.2112,4.6019,4.0906,-25.527,-2.979,-0.390,-11.611,0.0269,0.0220,0.9526,
24.838,ENC,38.7586,29.8479,34.3032,4.6019,4.6019,-25.527,-2.979,-0.390,-11.611,0.0269,0.0220,0.9526,
24.851,IMU,38.7586,29.8479,34.3032,4.6019,4.6019,-25.527,-2.993,-0.331,-11.620,0.0649,0.0107,1.0127,
24.857,ENC,38.8489,29.9348,34.3918,4.5167,4.3463,-25.537,-2.993,-0.331,-11.620,0.0649,0.0107,1.0127,
24.871,IMU,38.8489,29.9348,34.3918,4.5167,4.3463,-25.537,-3.003,-0.337,-11.639,0.0703,-0.0068,1.0337,
24.878,ENC,38.9341,30.0166,34.4754,4.2611,4.0906,-25.547,-3.003,-0.337,-11.639,0.0703,-0.0068,1.0337,
24.892,IMU,38.9341,30.0166,34.4754,4.2611,4.0906,-25.547,-2.981,-0.348,-11.669,0.0283,-0.0161,0.9888,
24.911,IMU,38.9341,30.0166,34.4754,4.2611,4.0906,-25.547,-2.963,-0.357,-11.667,0.0527,0.0195,0.9609,
24.919,ENC,39.1097,30.1887,34.6492,4.3889,4.3037,-25.557,-2.963,-0.357,-11.667,0.0527,0.0195,0.9609,
24.931,IMU,39.1097,30.1887,34.6492,4.3889,4.3037,-25.557,-2.981,-0.335,-11.650,0.0537,0.0249,1.0356,
24.951,IMU,39.1097,30.1887,34.6492,4.3889,4.3037,-25.557,-2.973,-0.344,-11.701,0.0693,0.0215,0.9985,
24.958,ENC,39.2835,30.3592,34.8214,4.3463,4.2611,-25.566,-2.973,-0.344,-11.701,0.0693,0.0215,0.9985,
24.971,IMU,39.2835,30.3592,34.8214,4.3463,4.2611,-25.566,-2.989,-0.271,-11.607,0.0713,0.0054,0.9839,
24.978,ENC,39.3705,30.4529,34.9117,4.3463,4.6872,-25.547,-2.989,-0.271,-11.607,0.0713,0.0054,0.9839,
24.991,IMU,39.3705,30.4529,34.9117,4.3463,4.6872,-25.547,-3.016,-0.293,-11.631,0.0703,-0.0298,0.9771,
25.011,IMU,39.3705,30.4529,34.9117,4.3463,4.6872,-25.547,-3.038,-0.278,-11.639,0.0479,0.0024,0.9487,
25.018,ENC,39.5290,30.6200,35.0745,3.9628,4.1758,-25.522,-3.038,-0.278,-11.639,0.0479,0.0024,0.9487,
25.031,IMU,39.5290,30.6200,35.0745,3.9628,4.1758,-25.522,-3.007,-0.262,-11.629,0.0566,0.0010,0.9707,
25.038,ENC,39.6108,30.7086,35.1597,4.0906,4.4315,-25.503,-3.007,-0.262,-11.629,0.0566,0.0010,0.9707,
25.052,IMU,39.6108,30.7086,35.1597,4.0906,4.4315,-25.503,-3.019,-0.266,-11.677,0.0786,0.0107,0.9766,
25.057,ENC,39.6858,30.7938,35.2398,3.7497,4.2611,-25.474,-3.019,-0.266,-11.677,0.0786,0.0107,0.9766,
25.071,IMU,39.6858,30.7938,35.2398,3.7497,4.2611,-25.474,-3.044,-0.257,-11.631,0.0420,0.0015,0.9707,
25.078,ENC,39.7574,30.8790,35.3182,3.5793,4.2611,-25.435,-3.044,-0.257,-11.631,0.0420,0.0015,0.9707,
25.097,ENC,39.8290,30.9608,35.3949,3.5793,4.0906,-25.405,-3.044,-0.257,-11.631,0.0420,0.0015,0.9707,
25.111,IMU,39.8290,30.9608,35.3949,3.5793,4.0906,-25.405,-3.146,-0.202,-11.757,0.0752,0.0327,1.0142,
25.121,ENC,39.9022,31.0410,35.4716,3.6645,4.0054,-25.386,-3.146,-0.202,-11.757,0.0752,0.0327,1.0142,
25.131,IMU,39.9022,31.0410,35.4716,3.6645,4.0054,-25.386,-3.133,-0.196,-11.785,0.0527,0.0127,0.9990,
25.138,ENC,39.9636,31.1245,35.5440,3.0680,4.1758,-25.322,-3.133,-0.196,-11.785,0.0527,0.0127,0.9990,
25.151,IMU,39.9636,31.1245,35.5440,3.0680,4.1758,-25.322,-3.058,-0.178,-11.799,-0.0093,0.0386,1.0391,
25.158,ENC,40.0267,31.1995,35.6131,3.1532,3.7497,-25.288,-3.058,-0.178,-11.799,-0.0093,0.0386,1.0391,
25.171,IMU,40.0267,31.1995,35.6131,3.1532,3.7497,-25.288,-3.055,-0.199,-11.803,0.0527,0.0010,1.0337,
25.177,ENC,40.0914,31.2745,35.6829,3.2384,3.7497,-25.259,-3.055,-0.199,-11.803,0.0527,0.0010,1.0337,
25.195,IMU,40.0914,31.2745,35.6829,3.2384,3.7497,-25.259,-3.035,-0.183,-11.858,0.0317,-0.0039,1.0049,
25.197,ENC,40.1460,31.3512,35.7486,2.7271,3.8350,-25.195,-3.035,-0.183,-11.858,0.0317,-0.0039,1.0049,
25.211,IMU,40.1460,31.3512,35.7486,2.7271,3.8350,-25.195,-3.039,-0.171,-11.868,0.0620,0.0161,0.9971,
25.218,ENC,40.1988,31.4279,35.8133,2.6419,3.8350,-25.127,-3.039,-0.171,-11.868,0.0620,0.0161,0.9971,
25.235,IMU,40.1988,31.4279,35.8133,2.6419,3.8350,-25.127,-3.085,-0.094,-11.841,0.0762,0.0352,0.9854,
25.238,ENC,40.2534,31.4943,35.8738,2.7271,3.3236,-25.093,-3.085,-0.094,-11.841,0.0762,0.0352,0.9854,
25.252,IMU,40.2534,31.4943,35.8738,2.7271,3.3236,-25.093,-3.133,-0.048,-11.866,0.0459,0.0566,0.9795,
25.257,ENC,40.2977,31.5506,35.9241,2.2158,2.8123,-25.059,-3.133,-0.048,-11.866,0.0459,0.0566,0.9795,
25.271,IMU,40.2977,31.5506,35.9241,2.2158,2.8123,-25.059,-3.156,-0.023,-11.852,0.0527,0.0029,1.0073,
25.277,ENC,40.3454,31.6034,35.9744,2.3862,2.6419,-25.044,-3.156,-0.023,-11.852,0.0527,0.0029,1.0073,
25.296,IMU,40.3454,31.6034,35.9744,2.3862,2.6419,-25.044,-3.109,0.017,-11.822,0.0508,0.0308,1.0166,
25.298,ENC,40.3710,31.6443,36.0076,1.2783,2.0453,-25.000,-3.109,0.017,-11.822,0.0508,0.0308,1.0166,
25.311,IMU,40.3710,31.6443,36.0076,1.2783,2.0453,-25.000,-3.152,0.079,-11.885,0.0903,0.0605,0.9653,
25.317,ENC,40.3982,31.6767,36.0375,1.3635,1.6192,-24.985,-3.152,0.079,-11.885,0.0903,0.0605,0.9653,
25.331,IMU,40.3982,31.6767,36.0375,1.3635,1.6192,-24.985,-3.190,0.239,-11.829,0.0298,0.0933,0.9912,
25.338,ENC,40.4085,31.7006,36.0545,0.5113,1.1931,-24.946,-3.190,0.239,-11.829,0.0298,0.0933,0.9912,
25.354,IMU,40.4085,31.7006,36.0545,0.5113,1.1931,-24.946,-3.197,0.311,-11.759,0.0771,0.0601,0.9917,
25.358,ENC,40.4119,31.7193,36.0656,0.1704,0.9374,-24.902,-3.197,0.311,-11.759,0.0771,0.0601,0.9917,
25.371,IMU,40.4119,31.7193,36.0656,0.1704,0.9374,-24.902,-3.198,0.345,-11.725,0.0669,0.0581,1.0098,
25.377,ENC,40.4102,31.7278,36.0690,-0.0852,0.4261,-24.873,-3.198,0.345,-11.725,0.0669,0.0581,1.0098,
25.391,IMU,40.4102,31.7278,36.0690,-0.0852,0.4261,-24.873,-3.221,0.325,-11.708,0.0786,0.0327,0.9907,
25.398,ENC,40.4102,31.7227,36.0664,0.0000,-0.2557,-24.888,-3.221,0.325,-11.708,0.0786,0.0327,0.9907,
25.413,IMU,40.4102,31.7227,36.0664,0.0000,-0.2557,-24.888,-3.238,0.286,-11.727,0.0615,0.0234,1.0225,
25.418,ENC,40.4051,31.7023,36.0537,-0.2557,-1.0227,-24.932,-3.238,0.286,-11.727,0.0615,0.0234,1.0225,
25.431,IMU,40.4051,31.7023,36.0537,-0.2557,-1.0227,-24.932,-3.190,0.258,-11.793,0.0415,-0.0054,0.9829,
25.437,ENC,40.4051,31.6818,36.0434,0.0000,-1.0227,-24.990,-3.190,0.258,-11.793,0.0415,-0.0054,0.9829,
25.452,IMU,40.4051,31.6818,36.0434,0.0000,-1.0227,-24.990,-3.174,0.276,-11.799,0.0259,-0.0049,0.9541,
25.458,ENC,40.4016,31.6614,36.0315,-0.1704,-1.0227,-25.039,-3.174,0.276,-11.799,0.0259,-0.0049,0.9541,
25.479,ENC,40.3999,31.6443,36.0221,-0.0852,-0.8522,-25.083,-3.174,0.276,-11.799,0.0259,-0.0049,0.9541,
25.482,IMU,40.3999,31.6443,36.0221,-0.0852,-0.8522,-25.083,-3.143,0.323,-11.796,0.0493,0.0098,0.9810,
25.491,IMU,40.3999,31.6443,36.0221,-0.0852,-0.8522,-25.083,-3.103,0.300,-11.793,0.0435,-0.0083,0.9863,
25.497,ENC,40.3931,31.6307,36.0119,-0.3409,-0.6818,-25.103,-3.103,0.300,-11.793,0.0435,-0.0083,0.9863,
25.512,IMU,40.3931,31.6307,36.0119,-0.3409,-0.6818,-25.103,-3.117,0.253,-11.795,0.0640,-0.0225,0.9976,
25.518,ENC,40.3795,31.6239,36.0017,-0.6818,-0.3409,-25.083,-3.117,0.253,-11.795,0.0640,-0.0225,0.9976,
25.531,IMU,40.3795,31.6239,36.0017,-0.6818,-0.3409,-25.083,-3.127,0.200,-11.773,0.0635,-0.0288,0.9966,
25.551,IMU,40.3795,31.6239,36.0017,-0.6818,-0.3409,-25.083,-3.126,0.174,-11.734,0.0532,-0.0269,1.0078,
25.558,ENC,40.3676,31.6170,35.9923,-0.2983,-0.1704,-25.068,-3.126,0.174,-11.734,0.0532,-0.0269,1.0078,
25.570,IMU,40.3676,31.6170,35.9923,-0.2983,-0.1704,-25.068,-3.096,0.139,-11.696,0.0469,-0.0278,0.9980,
25.577,ENC,40.3676,31.6188,35.9932,0.0000,0.0852,-25.063,-3.096,0.139,-11.696,0.0469,-0.0278,0.9980,
25.591,IMU,40.3676,31.6188,35.9932,0.0000,0.0852,-25.063,-3.096,0.099,-11.722,0.0449,-0.0151,0.9946,
25.598,ENC,40.3641,31.6205,35.9923,-0.1704,0.0852,-25.049,-3.096,0.099,-11.722,0.0449,-0.0151,0.9946,
25.614,IMU,40.3641,31.6205,35.9923,-0.1704,0.0852,-25.049,-3.122,0.121,-11.739,0.0493,-0.0054,0.9980,
25.619,ENC,40.3624,31.6239,35.9932,-0.0852,0.1704,-25.034,-3.122,0.121,-11.739,0.0493,-0.0054,0.9980,
25.633,IMU,40.3624,31.6239,35.9932,-0.0852,0.1704,-25.034,-3.103,0.163,-11.770,0.0425,-0.0020,1.0078,
25.637,ENC,40.3641,31.6290,35.9966,0.0852,0.2557,-25.024,-3.103,0.163,-11.770,0.0425,-0.0020,1.0078,
25.651,IMU,40.3641,31.6290,35.9966,0.0852,0.2557,-25.024,-3.105,0.159,-11.773,0.0522,0.0132,1.0083,
25.658,ENC,40.3710,31.6341,36.0025,0.3409,0.2557,-25.029,-3.105,0.159,-11.773,0.0522,0.0132,1.0083,
25.673,IMU,40.3710,31.6341,36.0025,0.3409,0.2557,-25.029,-3.131,0.132,-11.787,0.0552,-0.0024,0.9927,
25.678,ENC,40.3761,31.6409,36.0085,0.2557,0.3409,-25.024,-3.131,0.132,-11.787,0.0552,-0.0024,0.9927,
25.691,IMU,40.3761,31.6409,36.0085,0.2557,0.3409,-25.024,-3.154,0.131,-11.782,0.0601,0.0044,0.9990,
25.699,ENC,40.3795,31.6460,36.0128,0.1704,0.2557,-25.020,-3.154,0.131,-11.782,0.0601,0.0044,0.9990,
25.711,IMU,40.3795,31.6460,36.0128,0.1704,0.2557,-25.020,-3.135,0.117,-11.798,0.0532,0.0068,0.9995,
25.718,ENC,40.3829,31.6494,36.0162,0.1704,0.1704,-25.020,-3.135,0.117,-11.798,0.0532,0.0068,0.9995,
25.730,IMU,40.3829,31.6494,36.0162,0.1704,0.1704,-25.020,-3.090,0.145,-11.786,0.0308,0.0142,0.9980,
25.737,ENC,40.3846,31.6511,36.0179,0.0852,0.0852,-25.020,-3.090,0.145,-11.786,0.0308,0.0142,0.9980,
25.761,IMU,40.3846,31.6511,36.0179,0.0852,0.0852,-25.020,-3.072,0.138,-11.813,0.0449,0.0127,0.9907,
25.771,IMU,40.3846,31.6511,36.0179,0.0852,0.0852,-25.020,-3.077,0.176,-11.820,0.0615,0.0161,0.9976,
25.778,ENC,40.3846,31.6511,36.0179,0.0000,0.0000,-25.020,-3.077,0.176,-11.820,0.0615,0.0161,0.9976,
25.791,IMU,40.3846,31.6511,36.0179,0.0000,0.0000,-25.020,-3.050,0.208,-11.807,0.0522,0.0112,0.9863,
25.798,ENC,40.3846,31.6494,36.0170,0.0000,-0.0852,-25.024,-3.050,0.208,-11.807,0.0522,0.0112,0.9863,
25.811,IMU,40.3846,31.6494,36.0170,0.0000,-0.0852,-25.024,-3.083,0.194,-11.840,0.0430,0.0020,0.9932,
25.817,ENC,40.3829,31.6477,36.0153,-0.0852,-0.0852,-25.024,-3.083,0.194,-11.840,0.0430,0.0020,0.9932,
25.831,IMU,40.3829,31.6477,36.0153,-0.0852,-0.0852,-25.024,-3.110,0.180,-11.807,0.0415,-0.0029,0.9985,
25.838,ENC,40.3829,31.6443,36.0136,0.0000,-0.1704,-25.034,-3.110,0.180,-11.807,0.0415,-0.0029,0.9985,
25.850,IMU,40.3829,31.6443,36.0136,0.0000,-0.1704,-25.034,-3.103,0.176,-11.772,0.0552,0.0054,0.9961,
25.858,ENC,40.3829,31.6443,36.0136,0.0000,0.0000,-25.034,-3.103,0.176,-11.772,0.0552,0.0054,0.9961,
25.871,IMU,40.3829,31.6443,36.0136,0.0000,0.0000,-25.034,-3.143,0.212,-11.730,0.0518,0.0103,1.0005,
25.877,ENC,40.3829,31.6426,36.0128,0.0000,-0.0852,-25.039,-3.143,0.212,-11.730,0.0518,0.0103,1.0005,
25.893,IMU,40.3829,31.6426,36.0128,0.0000,-0.0852,-25.039,-3.136,0.190,-11.743,0.0479,0.0010,0.9922,
25.898,ENC,40.3812,31.6409,36.0111,-0.0852,-0.0852,-25.039,-3.136,0.190,-11.743,0.0479,0.0010,0.9922,
25.912,IMU,40.3812,31.6409,36.0111,-0.0852,-0.0852,-25.039,-3.098,0.175,-11.745,0.0386,0.0000,0.9946,
25.918,ENC,40.3812,31.6409,36.0111,0.0000,0.0000,-25.039,-3.098,0.175,-11.745,0.0386,0.0000,0.9946,
25.931,IMU,40.3812,31.6409,36.0111,0.0000,0.0000,-25.039,-3.064,0.161,-11.729,0.0430,-0.0142,1.0034,
25.938,ENC,40.3812,31.6409,36.0111,0.0000,0.0000,-25.039,-3.064,0.161,-11.729,0.0430,-0.0142,1.0034,
25.951,IMU,40.3812,31.6409,36.0111,0.0000,0.0000,-25.039,-3.061,0.117,-11.698,0.0493,0.0117,0.9990,
25.957,ENC,40.3812,31.6409,36.0111,0.0000,0.0000,-25.039,-3.061,0.117,-11.698,0.0493,0.0117,0.9990,
25.971,IMU,40.3812,31.6409,36.0111,0.0000,0.0000,-25.039,-3.074,0.143,-11.721,0.0508,0.0029,1.0068,
25.985,ENC,40.3812,31.6409,36.0111,0.0000,0.0000,-25.039,-3.074,0.143,-11.721,0.0508,0.0029,1.0068,
25.991,IMU,40.3812,31.6409,36.0111,0.0000,0.0000,-25.039,-3.071,0.154,-11.769,0.0527,0.0010,0.9927,
26.001,ENC,40.3812,31.6409,36.0111,0.0000,0.0000,-25.039,-3.071,0.154,-11.769,0.0527,0.0010,0.9927,
26.011,IMU,40.3812,31.6409,36.0111,0.0000,0.0000,-25.039,-3.034,0.146,-11.758,0.0430,0.0015,0.9976,
26.018,ENC,40.3812,31.6426,36.0119,0.0000,0.0852,-25.034,-3.034,0.146,-11.758,0.0430,0.0015,0.9976,
26.031,IMU,40.3812,31.6426,36.0119,0.0000,0.0852,-25.034,-3.031,0.146,-11.793,0.0518,-0.0034,0.9912,
26.045,ENC,40.3812,31.6426,36.0119,0.0000,0.0000,-25.034,-3.031,0.146,-11.793,0.0518,-0.0034,0.9912,
26.051,IMU,40.3812,31.6426,36.0119,0.0000,0.0000,-25.034,-3.045,0.123,-11.821,0.0552,-0.0098,0.9985,
26.058,ENC,40.3812,31.6426,36.0119,0.0000,0.0000,-25.034,-3.045,0.123,-11.821,0.0552,-0.0098,0.9985,
26.071,IMU,40.3812,31.6426,36.0119,0.0000,0.0000,-25.034,-3.088,0.095,-11.882,0.0547,-0.0044,0.9951,
26.078,ENC,40.3812,31.6426,36.0119,0.0000,0.0000,-25.034,-3.088,0.095,-11.882,0.0547,-0.0044,0.9951,
26.091,IMU,40.3812,31.6426,36.0119,0.0000,0.0000,-25.034,-3.108,0.102,-11.851,0.0518,0.0000,0.9995,
26.102,ENC,40.3812,31.6426,36.0119,0.0000,0.0000,-25.034,-3.108,0.102,-11.851,0.0518,0.0000,0.9995,
26.111,IMU,40.3812,31.6426,36.0119,0.0000,0.0000,-25.034,-3.061,0.119,-11.878,0.0493,0.0044,0.9839,
26.118,ENC,40.3812,31.6426,36.0119,0.0000,0.0000,-25.034,-3.061,0.119,-11.878,0.0493,0.0044,0.9839,
26.131,IMU,40.3812,31.6426,36.0119,0.0000,0.0000,-25.034,-3.071,0.111,-11.848,0.0488,0.0107,0.9854,
26.137,ENC,40.3812,31.6426,36.0119,0.0000,0.0000,-25.034,-3.071,0.111,-11.848,0.0488,0.0107,0.9854,
26.151,IMU,40.3812,31.6426,36.0119,0.0000,0.0000,-25.034,-3.075,0.099,-11.822,0.0361,0.0010,0.9937,
26.158,ENC,40.3812,31.6426,36.0119,0.0000,0.0000,-25.034,-3.075,0.099,-11.822,0.0361,0.0010,0.9937,
26.171,IMU,40.3812,31.6426,36.0119,0.0000,0.0000,-25.034,-3.083,0.080,-11.825,0.0386,-0.0073,0.9995,
26.179,ENC,40.3812,31.6426,36.0119,0.0000,0.0000,-25.034,-3.083,0.080,-11.825,0.0386,-0.0073,0.9995,
26.192,IMU,40.3812,31.6426,36.0119,0.0000,0.0000,-25.034,-3.093,0.110,-11.804,0.0483,-0.0078,1.0005,
26.198,ENC,40.3812,31.6426,36.0119,0.0000,0.0000,-25.034,-3.093,0.110,-11.804,0.0483,-0.0078,1.0005,
26.211,IMU,40.3812,31.6426,36.0119,0.0000,0.0000,-25.034,-3.109,0.091,-11.861,0.0527,0.0034,0.9917,
26.217,ENC,40.3812,31.6426,36.0119,0.0000,0.0000,-25.034,-3.109,0.091,-11.861,0.0527,0.0034,0.9917,
26.238,ENC,40.3812,31.6443,36.0128,0.0000,0.0852,-25.029,-3.109,0.091,-11.861,0.0527,0.0034,0.9917,
26.252,IMU,40.3812,31.6443,36.0128,0.0000,0.0852,-25.029,-3.135,0.125,-11.828,0.0312,-0.0103,1.0112,
26.258,ENC,40.3812,31.6477,36.0145,0.0000,0.1704,-25.020,-3.135,0.125,-11.828,0.0312,-0.0103,1.0112,
26.271,IMU,40.3812,31.6477,36.0145,0.0000,0.1704,-25.020,-3.162,0.135,-11.850,0.0693,0.0259,0.9292,
26.278,ENC,40.3829,31.6494,36.0162,0.0852,0.0852,-25.020,-3.162,0.135,-11.850,0.0693,0.0259,0.9292,
26.291,IMU,40.3829,31.6494,36.0162,0.0852,0.0852,-25.020,-3.126,0.108,-11.903,0.0532,-0.0088,1.0161,
26.298,ENC,40.3948,31.6511,36.0230,0.5965,0.0852,-25.049,-3.126,0.108,-11.903,0.0532,-0.0088,1.0161,
26.311,IMU,40.3948,31.6511,36.0230,0.5965,0.0852,-25.049,-3.129,-0.025,-11.947,0.0713,-0.0557,1.0186,
26.317,ENC,40.4238,31.6563,36.0400,1.4488,0.2557,-25.117,-3.129,-0.025,-11.947,0.0713,-0.0557,1.0186,
26.331,IMU,40.4238,31.6563,36.0400,1.4488,0.2557,-25.117,-3.128,-0.079,-11.996,0.0137,-0.0547,0.9614,
26.343,ENC,40.4511,31.6716,36.0613,1.3635,0.7670,-25.151,-3.128,-0.079,-11.996,0.0137,-0.0547,0.9614,
26.351,IMU,40.4511,31.6716,36.0613,1.3635,0.7670,-25.151,-3.081,-0.162,-11.997,0.0166,-0.0479,1.0234,
26.358,ENC,40.4783,31.6972,36.0878,1.3635,1.2783,-25.156,-3.081,-0.162,-11.997,0.0166,-0.0479,1.0234,
26.372,IMU,40.4783,31.6972,36.0878,1.3635,1.2783,-25.156,-3.109,-0.158,-11.990,0.0508,-0.0239,0.9624,
26.377,ENC,40.5039,31.7312,36.1176,1.2783,1.7044,-25.132,-3.109,-0.158,-11.990,0.0508,-0.0239,0.9624,
26.391,IMU,40.5039,31.7312,36.1176,1.2783,1.7044,-25.132,-3.149,-0.128,-11.933,0.0767,0.0093,1.0117,
26.398,ENC,40.5244,31.7687,36.1466,1.0227,1.8749,-25.083,-3.149,-0.128,-11.933,0.0767,0.0093,1.0117,
26.411,IMU,40.5244,31.7687,36.1466,1.0227,1.8749,-25.083,-3.142,-0.089,-11.869,0.0391,0.0166,0.9219,
26.420,ENC,40.5533,31.8062,36.1798,1.4488,1.8749,-25.059,-3.142,-0.089,-11.869,0.0391,0.0166,0.9219,
26.431,IMU,40.5533,31.8062,36.1798,1.4488,1.8749,-25.059,-3.087,-0.150,-11.906,0.0396,-0.0225,1.0352,
26.437,ENC,40.5738,31.8420,36.2079,1.0227,1.7896,-25.015,-3.087,-0.150,-11.906,0.0396,-0.0225,1.0352,
26.452,IMU,40.5738,31.8420,36.2079,1.0227,1.7896,-25.015,-3.087,-0.124,-11.907,0.0615,-0.0288,0.9912,
26.463,ENC,40.6113,31.8778,36.2446,1.8749,1.7896,-25.020,-3.087,-0.124,-11.907,0.0615,-0.0288,0.9912,
26.472,IMU,40.6113,31.8778,36.2446,1.8749,1.7896,-25.020,-3.044,-0.154,-11.925,0.0356,-0.0239,0.9731,
26.478,ENC,40.6573,31.9153,36.2863,2.3010,1.8749,-25.044,-3.044,-0.154,-11.925,0.0356,-0.0239,0.9731,
26.491,IMU,40.6573,31.9153,36.2863,2.3010,1.8749,-25.044,-3.025,-0.201,-11.927,0.0435,-0.0161,1.0376,
26.498,ENC,40.7033,31.9596,36.3315,2.3010,2.2158,-25.049,-3.025,-0.201,-11.927,0.0435,-0.0161,1.0376,
26.511,IMU,40.7033,31.9596,36.3315,2.3010,2.2158,-25.049,-3.038,-0.206,-11.934,0.0405,-0.0073,0.9658,
26.532,IMU,40.7033,31.9596,36.3315,2.3010,2.2158,-25.049,-2.984,-0.192,-11.918,0.0522,-0.0107,1.0156,
26.537,ENC,40.7937,32.0653,36.4295,2.2584,2.6419,-25.005,-2.984,-0.192,-11.918,0.0522,-0.0107,1.0156,
26.554,IMU,40.7937,32.0653,36.4295,2.2584,2.6419,-25.005,-2.951,-0.183,-11.907,0.0420,0.0229,0.9712,
26.557,ENC,40.8329,32.1199,36.4764,1.9601,2.7271,-24.961,-2.951,-0.183,-11.907,0.0420,0.0229,0.9712,
26.570,IMU,40.8329,32.1199,36.4764,1.9601,2.7271,-24.961,-2.945,-0.170,-11.888,0.0542,0.0034,0.9868,
26.578,ENC,40.8755,32.1710,36.5232,2.1305,2.5566,-24.937,-2.945,-0.170,-11.888,0.0542,0.0034,0.9868,
26.591,IMU,40.8755,32.1710,36.5232,2.1305,2.5566,-24.937,-2.919,-0.146,-11.893,0.0293,-0.0137,0.9971,
26.597,ENC,40.9164,32.2153,36.5658,2.0453,2.2158,-24.927,-2.919,-0.146,-11.893,0.0293,-0.0137,0.9971,
26.611,IMU,40.9164,32.2153,36.5658,2.0453,2.2158,-24.927,-2.936,-0.147,-11.916,0.0625,-0.0142,0.9668,
26.618,ENC,40.9675,32.2630,36.6153,2.5566,2.3862,-24.937,-2.936,-0.147,-11.916,0.0625,-0.0142,0.9668,
26.631,IMU,40.9675,32.2630,36.6153,2.5566,2.3862,-24.937,-2.966,-0.180,-11.908,0.0400,-0.0161,0.9961,
26.638,ENC,41.0238,32.3193,36.6715,2.8123,2.8123,-24.937,-2.966,-0.180,-11.908,0.0400,-0.0161,0.9961,
26.651,IMU,41.0238,32.3193,36.6715,2.8123,2.8123,-24.937,-2.940,-0.169,-11.878,0.0381,-0.0156,1.0234,
26.659,ENC,41.0817,32.3721,36.7269,2.8975,2.6419,-24.951,-2.940,-0.169,-11.878,0.0381,-0.0156,1.0234,
26.671,IMU,41.0817,32.3721,36.7269,2.8975,2.6419,-24.951,-2.956,-0.191,-11.890,0.0405,-0.0190,1.0059,
26.677,ENC,41.1465,32.4284,36.7874,3.2384,2.8123,-24.976,-2.956,-0.191,-11.890,0.0405,-0.0190,1.0059,
26.691,IMU,41.1465,32.4284,36.7874,3.2384,2.8123,-24.976,-2.954,-0.146,-11.869,0.0259,0.0205,0.9829,
26.698,ENC,41.1976,32.4795,36.8385,2.5566,2.5566,-24.976,-2.954,-0.146,-11.869,0.0259,0.0205,0.9829,
26.711,IMU,41.1976,32.4795,36.8385,2.5566,2.5566,-24.976,-2.914,-0.149,-11.809,0.0410,-0.0010,1.0044,
26.717,ENC,41.2522,32.5340,36.8931,2.7271,2.7271,-24.976,-2.914,-0.149,-11.809,0.0410,-0.0010,1.0044,
26.731,IMU,41.2522,32.5340,36.8931,2.7271,2.7271,-24.976,-2.965,-0.121,-11.814,0.0684,0.0098,0.9702,
26.738,ENC,41.3084,32.5920,36.9502,2.8123,2.8975,-24.971,-2.965,-0.121,-11.814,0.0684,0.0098,0.9702,
26.770,ENC,41.3681,32.6533,37.0107,2.9827,3.0680,-24.966,-2.965,-0.121,-11.814,0.0684,0.0098,0.9702,
26.778,ENC,41.4243,32.7045,37.0644,2.8123,2.5566,-24.980,-2.965,-0.121,-11.814,0.0684,0.0098,0.9702,
26.791,IMU,41.4243,32.7045,37.0644,2.8123,2.5566,-24.980,-2.900,-0.106,-11.945,0.0581,-0.0127,1.0088,
26.798,ENC,41.4737,32.7624,37.1181,2.4714,2.8975,-24.956,-2.900,-0.106,-11.945,0.0581,-0.0127,1.0088,
26.811,IMU,41.4737,32.7624,37.1181,2.4714,2.8975,-24.956,-2.909,-0.128,-11.973,0.0586,-0.0005,0.9805,
26.818,ENC,41.5351,32.8187,37.1769,3.0680,2.8123,-24.971,-2.909,-0.128,-11.973,0.0586,-0.0005,0.9805,
26.837,IMU,41.5351,32.8187,37.1769,3.0680,2.8123,-24.971,-2.955,-0.141,-11.945,0.0708,-0.0132,0.9565,
26.839,ENC,41.5913,32.8783,37.2348,2.8123,2.9827,-24.961,-2.955,-0.141,-11.945,0.0708,-0.0132,0.9565,
26.857,IMU,41.5913,32.8783,37.2348,2.8123,2.9827,-24.961,-2.913,-0.141,-11.942,-0.0054,-0.0215,0.9800,
26.869,ENC,41.6527,32.9380,37.2953,3.0680,2.9827,-24.966,-2.913,-0.141,-11.942,-0.0054,-0.0215,0.9800,
26.878,ENC,41.7158,33.0010,37.3584,3.1532,3.1532,-24.966,-2.913,-0.141,-11.942,-0.0054,-0.0215,0.9800,
26.891,IMU,41.7158,33.0010,37.3584,3.1532,3.1532,-24.966,-2.871,-0.076,-11.895,0.0542,-0.0161,0.9990,
26.898,ENC,41.7737,33.0607,37.4172,2.8975,2.9827,-24.961,-2.871,-0.076,-11.895,0.0542,-0.0161,0.9990,
26.911,IMU,41.7737,33.0607,37.4172,2.8975,2.9827,-24.961,-2.804,-0.099,-11.910,0.0420,-0.0146,0.9917,
26.931,IMU,41.7737,33.0607,37.4172,2.8975,2.9827,-24.961,-2.832,-0.084,-11.968,0.0649,0.0063,0.9277,
26.939,ENC,41.8981,33.1800,37.5391,3.1106,2.9827,-24.976,-2.832,-0.084,-11.968,0.0649,0.0063,0.9277,
26.952,IMU,41.8981,33.1800,37.5391,3.1106,2.9827,-24.976,-2.815,-0.059,-11.990,0.0356,0.0117,0.9902,
26.958,ENC,41.9646,33.2363,37.6004,3.3236,2.8123,-25.005,-2.815,-0.059,-11.990,0.0356,0.0117,0.9902,
26.971,IMU,41.9646,33.2363,37.6004,3.3236,2.8123,-25.005,-2.802,-0.059,-12.003,0.0747,-0.0010,0.9941,
26.980,ENC,42.0294,33.2976,37.6635,3.2384,3.0680,-25.015,-2.802,-0.059,-12.003,0.0747,-0.0010,0.9941,
26.990,IMU,42.0294,33.2976,37.6635,3.2384,3.0680,-25.015,-2.807,-0.063,-11.978,0.0576,0.0063,0.9819,
26.998,ENC,42.0924,33.3573,37.7248,3.1532,2.9827,-25.024,-2.807,-0.063,-11.978,0.0576,0.0063,0.9819,
27.011,IMU,42.0924,33.3573,37.7248,3.1532,2.9827,-25.024,-2.793,-0.090,-11.989,0.0625,-0.0273,0.9829,
27.020,ENC,42.1589,33.4152,37.7871,3.3236,2.8975,-25.049,-2.793,-0.090,-11.989,0.0625,-0.0273,0.9829,
27.032,IMU,42.1589,33.4152,37.7871,3.3236,2.8975,-25.049,-2.800,-0.024,-11.953,0.0283,0.0308,1.0405,
27.038,ENC,42.2237,33.4749,37.8493,3.2384,2.9827,-25.063,-2.800,-0.024,-11.953,0.0283,0.0308,1.0405,
27.051,IMU,42.2237,33.4749,37.8493,3.2384,2.9827,-25.063,-2.756,-0.081,-11.912,0.0386,-0.0273,0.9736,
27.057,ENC,42.2867,33.5345,37.9106,3.1532,2.9827,-25.073,-2.756,-0.081,-11.912,0.0386,-0.0273,0.9736,
27.071,IMU,42.2867,33.5345,37.9106,3.1532,2.9827,-25.073,-2.806,-0.057,-11.914,0.1045,0.0244,0.9868,
27.077,ENC,42.3498,33.6027,37.9763,3.1532,3.4088,-25.059,-2.806,-0.057,-11.914,0.1045,0.0244,0.9868,
27.091,IMU,42.3498,33.6027,37.9763,3.1532,3.4088,-25.059,-2.805,-0.096,-11.909,0.0161,-0.0337,1.0068,
27.098,ENC,42.4163,33.6589,38.0376,3.3236,2.8123,-25.088,-2.805,-0.096,-11.909,0.0161,-0.0337,1.0068,
27.111,IMU,42.4163,33.6589,38.0376,3.3236,2.8123,-25.088,-2.707,-0.124,-11.898,-0.0015,-0.0034,1.0195,
27.117,ENC,42.4776,33.7220,38.0998,3.0680,3.1532,-25.083,-2.707,-0.124,-11.898,-0.0015,-0.0034,1.0195,
27.131,IMU,42.4776,33.7220,38.0998,3.0680,3.1532,-25.083,-2.728,-0.102,-11.894,0.0625,0.0078,1.0078,
27.138,ENC,42.5407,33.7970,38.1689,3.1532,3.7497,-25.049,-2.728,-0.102,-11.894,0.0625,0.0078,1.0078,
27.151,IMU,42.5407,33.7970,38.1689,3.1532,3.7497,-25.049,-2.753,-0.111,-11.840,0.0498,-0.0142,0.9453,
27.158,ENC,42.6055,33.8584,38.2319,3.2384,3.0680,-25.059,-2.753,-0.111,-11.840,0.0498,-0.0142,0.9453,
27.171,IMU,42.6055,33.8584,38.2319,3.2384,3.0680,-25.059,-2.719,-0.097,-11.826,0.0312,-0.0244,1.0098,
27.183,ENC,42.6651,33.9197,38.2924,2.9827,3.0680,-25.054,-2.719,-0.097,-11.826,0.0312,-0.0244,1.0098,
27.191,IMU,42.6651,33.9197,38.2924,2.9827,3.0680,-25.054,-2.674,-0.083,-11.843,0.0210,0.0273,1.0176,
27.198,ENC,42.7333,33.9845,38.3589,3.4088,3.2384,-25.063,-2.674,-0.083,-11.843,0.0210,0.0273,1.0176,
27.213,IMU,42.7333,33.9845,38.3589,3.4088,3.2384,-25.063,-2.708,-0.053,-11.880,0.0483,-0.0015,1.0176,
27.218,ENC,42.7981,34.0441,38.4211,3.2384,2.9827,-25.078,-2.708,-0.053,-11.880,0.0483,-0.0015,1.0176,
27.231,IMU,42.7981,34.0441,38.4211,3.2384,2.9827,-25.078,-2.808,-0.055,-11.859,0.0630,-0.0039,0.9570,
27.238,ENC,42.8594,34.1038,38.4816,3.0680,2.9827,-25.083,-2.808,-0.055,-11.859,0.0630,-0.0039,0.9570,
27.251,IMU,42.8594,34.1038,38.4816,3.0680,2.9827,-25.083,-2.824,-0.033,-11.885,0.0635,0.0063,0.9810,
27.258,ENC,42.9191,34.1737,38.5464,2.9827,3.4941,-25.054,-2.824,-0.033,-11.885,0.0635,0.0063,0.9810,
27.271,IMU,42.9191,34.1737,38.5464,2.9827,3.4941,-25.054,-2.866,-0.055,-11.878,0.0845,-0.0132,0.9731,
27.277,ENC,42.9753,34.2350,38.6052,2.8123,3.0680,-25.039,-2.866,-0.055,-11.878,0.0845,-0.0132,0.9731,
27.291,IMU,42.9753,34.2350,38.6052,2.8123,3.0680,-25.039,-2.883,-0.084,-11.916,0.0576,-0.0142,0.9565,
27.299,ENC,43.0367,34.3015,38.6691,3.0680,3.3236,-25.024,-2.883,-0.084,-11.916,0.0576,-0.0142,0.9565,
27.311,IMU,43.0367,34.3015,38.6691,3.0680,3.3236,-25.024,-2.871,-0.052,-11.910,0.0386,-0.0034,1.0161,
27.319,ENC,43.0980,34.3646,38.7313,3.0680,3.1532,-25.020,-2.871,-0.052,-11.910,0.0386,-0.0034,1.0161,
27.332,IMU,43.0980,34.3646,38.7313,3.0680,3.1532,-25.020,-2.882,-0.002,-11.952,0.0317,-0.0039,0.9663,
27.338,ENC,43.1543,34.4157,38.7850,2.8123,2.5566,-25.034,-2.882,-0.002,-11.952,0.0317,-0.0039,0.9663,
27.351,IMU,43.1543,34.4157,38.7850,2.8123,2.5566,-25.034,-2.940,0.021,-11.961,0.1035,0.0225,0.9917,
27.358,ENC,43.2139,34.4856,38.8498,2.9827,3.4941,-25.005,-2.940,0.021,-11.961,0.1035,0.0225,0.9917,
27.373,IMU,43.2139,34.4856,38.8498,2.9827,3.4941,-25.005,-3.009,0.013,-11.973,0.0874,-0.0103,1.0347,
27.378,ENC,43.2719,34.5470,38.9094,2.8975,3.0680,-24.995,-3.009,0.013,-11.973,0.0874,-0.0103,1.0347,
27.396,IMU,43.2719,34.5470,38.9094,2.8975,3.0680,-24.995,-3.065,-0.032,-11.978,0.0991,-0.0215,1.0186,
27.399,ENC,43.3333,34.6134,38.9733,3.0680,3.3236,-24.980,-3.065,-0.032,-11.978,0.0991,-0.0215,1.0186,
27.418,IMU,43.3333,34.6134,38.9733,3.0680,3.3236,-24.980,-3.025,-0.057,-11.970,0.0137,-0.0249,1.0161,
27.420,ENC,43.3912,34.6680,39.0296,2.8975,2.7271,-24.990,-3.025,-0.057,-11.970,0.0137,-0.0249,1.0161,
27.431,IMU,43.3912,34.6680,39.0296,2.8975,2.7271,-24.990,-3.003,-0.004,-11.936,0.0371,0.0176,1.0229,
27.438,ENC,43.4440,34.7310,39.0875,2.6419,3.1532,-24.961,-3.003,-0.004,-11.936,0.0371,0.0176,1.0229,
27.451,IMU,43.4440,34.7310,39.0875,2.6419,3.1532,-24.961,-2.969,0.016,-11.941,0.0220,0.0127,1.0024,
27.458,ENC,43.4935,34.7924,39.1429,2.4714,3.0680,-24.927,-2.969,0.016,-11.941,0.0220,0.0127,1.0024,
27.479,IMU,43.4935,34.7924,39.1429,2.4714,3.0680,-24.927,-2.922,0.042,-11.992,0.0649,0.0278,0.9561,
27.481,ENC,43.5378,34.8503,39.1941,2.2158,2.8975,-24.888,-2.922,0.042,-11.992,0.0649,0.0278,0.9561,
27.491,IMU,43.5378,34.8503,39.1941,2.2158,2.8975,-24.888,-2.898,0.093,-11.971,0.0459,0.0215,0.9536,
27.497,ENC,43.5923,34.9083,39.2503,2.7271,2.8975,-24.878,-2.898,0.093,-11.971,0.0459,0.0215,0.9536,
27.511,IMU,43.5923,34.9083,39.2503,2.7271,2.8975,-24.878,-2.856,0.157,-11.978,0.0210,0.0469,1.0234,
27.518,ENC,43.6366,34.9645,39.3006,2.2158,2.8123,-24.844,-2.856,0.157,-11.978,0.0210,0.0469,1.0234,
27.535,IMU,43.6366,34.9645,39.3006,2.2158,2.8123,-24.844,-2.907,0.178,-11.980,0.0508,0.0303,0.9922,
27.538,ENC,43.6810,35.0157,39.3483,2.2158,2.5566,-24.824,-2.907,0.178,-11.980,0.0508,0.0303,0.9922,
27.556,IMU,43.6810,35.0157,39.3483,2.2158,2.5566,-24.824,-2.907,0.222,-11.972,0.0566,0.0415,0.9922,
27.558,ENC,43.7185,35.0617,39.3901,1.8749,2.3010,-24.800,-2.907,0.222,-11.972,0.0566,0.0415,0.9922,
27.571,IMU,43.7185,35.0617,39.3901,1.8749,2.3010,-24.800,-2.897,0.176,-11.974,0.0322,-0.0098,1.0176,
27.578,ENC,43.7525,35.1009,39.4267,1.7044,1.9601,-24.785,-2.897,0.176,-11.974,0.0322,-0.0098,1.0176,
27.592,IMU,43.7525,35.1009,39.4267,1.7044,1.9601,-24.785,-2.940,0.297,-11.992,0.0791,0.0674,0.9873,
27.598,ENC,43.7815,35.1333,39.4574,1.4488,1.6192,-24.775,-2.940,0.297,-11.992,0.0791,0.0674,0.9873,
27.611,IMU,43.7815,35.1333,39.4574,1.4488,1.6192,-24.775,-2.922,0.410,-12.077,0.0444,0.1147,1.0127,
27.618,ENC,43.8037,35.1537,39.4787,1.1079,1.0227,-24.780,-2.922,0.410,-12.077,0.0444,0.1147,1.0127,
27.631,IMU,43.8037,35.1537,39.4787,1.1079,1.0227,-24.780,-2.912,0.526,-12.054,0.0181,0.1230,1.0356,
27.638,ENC,43.8139,35.1640,39.4889,0.5113,0.5113,-24.780,-2.912,0.526,-12.054,0.0181,0.1230,1.0356,
27.651,IMU,43.8139,35.1640,39.4889,0.5113,0.5113,-24.780,-2.923,0.564,-12.056,0.0234,0.0439,0.9561,
27.662,ENC,43.8139,35.1674,39.4906,0.0000,0.1704,-24.771,-2.923,0.564,-12.056,0.0234,0.0439,0.9561,
27.671,IMU,43.8139,35.1674,39.4906,0.0000,0.1704,-24.771,-2.902,0.555,-12.002,0.0518,0.0039,1.0337,
27.681,ENC,43.8122,35.1691,39.4906,-0.0852,0.0852,-24.761,-2.902,0.555,-12.002,0.0518,0.0039,1.0337,
27.690,IMU,43.8122,35.1691,39.4906,-0.0852,0.0852,-24.761,-2.921,0.551,-12.001,0.0732,-0.0142,0.9741,
27.698,ENC,43.8088,35.1674,39.4881,-0.1704,-0.0852,-24.756,-2.921,0.551,-12.001,0.0732,-0.0142,0.9741,
27.711,IMU,43.8088,35.1674,39.4881,-0.1704,-0.0852,-24.756,-2.896,0.532,-12.027,0.0625,-0.0078,0.9873,
27.718,ENC,43.8071,35.1605,39.4838,-0.0852,-0.3409,-24.771,-2.896,0.532,-12.027,0.0625,-0.0078,0.9873,
27.731,IMU,43.8071,35.1605,39.4838,-0.0852,-0.3409,-24.771,-2.876,0.485,-12.023,0.0337,-0.0176,1.0015,
27.739,ENC,43.8071,35.1554,39.4813,0.0000,-0.2557,-24.785,-2.876,0.485,-12.023,0.0337,-0.0176,1.0015,
27.751,IMU,43.8071,35.1554,39.4813,0.0000,-0.2557,-24.785,-2.856,0.483,-12.060,0.0386,-0.0024,1.0010,
27.759,ENC,43.8071,35.1520,39.4796,0.0000,-0.1704,-24.795,-2.856,0.483,-12.060,0.0386,-0.0024,1.0010,
27.772,IMU,43.8071,35.1520,39.4796,0.0000,-0.1704,-24.795,-2.869,0.453,-12.061,0.0532,-0.0098,0.9937,
27.778,ENC,43.8054,35.1503,39.4778,-0.0852,-0.0852,-24.795,-2.869,0.453,-12.061,0.0532,-0.0098,0.9937,
27.791,IMU,43.8054,35.1503,39.4778,-0.0852,-0.0852,-24.795,-2.924,0.420,-12.010,0.0698,0.0068,0.9946,
27.798,ENC,43.8054,35.1520,39.4787,0.0000,0.0852,-24.790,-2.924,0.420,-12.010,0.0698,0.0068,0.9946,
27.810,IMU,43.8054,35.1520,39.4787,0.0000,0.0852,-24.790,-2.913,0.408,-12.007,0.0420,0.0034,0.9985,
27.818,ENC,43.8054,35.1520,39.4787,0.0000,0.0000,-24.790,-2.913,0.408,-12.007,0.0420,0.0034,0.9985,
27.832,IMU,43.8054,35.1520,39.4787,0.0000,0.0000,-24.790,-2.898,0.376,-12.055,0.0278,-0.0049,0.9893,
27.837,ENC,43.8071,35.1520,39.4796,0.0852,0.0000,-24.795,-2.898,0.376,-12.055,0.0278,-0.0049,0.9893,
27.856,IMU,43.8071,35.1520,39.4796,0.0852,0.0000,-24.795,-2.875,0.380,-12.094,0.0386,0.0000,0.9961,
27.858,ENC,43.8071,35.1537,39.4804,0.0000,0.0852,-24.790,-2.875,0.380,-12.094,0.0386,0.0000,0.9961,
27.871,IMU,43.8071,35.1537,39.4804,0.0000,0.0852,-24.790,-2.853,0.368,-12.068,0.0679,-0.0068,0.9917,
27.878,ENC,43.8088,35.1554,39.4821,0.0852,0.0852,-24.790,-2.853,0.368,-12.068,0.0679,-0.0068,0.9917,
27.894,IMU,43.8088,35.1554,39.4821,0.0852,0.0852,-24.790,-2.872,0.341,-12.020,0.0400,0.0034,0.9844,
27.897,ENC,43.8088,35.1554,39.4821,0.0000,0.0000,-24.790,-2.872,0.341,-12.020,0.0400,0.0034,0.9844,
27.911,IMU,43.8088,35.1554,39.4821,0.0000,0.0000,-24.790,-2.849,0.332,-12.032,0.0391,0.0029,0.9941,
27.918,ENC,43.8088,35.1554,39.4821,0.0000,0.0000,-24.790,-2.849,0.332,-12.032,0.0391,0.0029,0.9941,
27.931,IMU,43.8088,35.1554,39.4821,0.0000,0.0000,-24.790,-2.845,0.341,-12.041,0.0469,0.0098,1.0063,
27.938,ENC,43.8088,35.1554,39.4821,0.0000,0.0000,-24.790,-2.845,0.341,-12.041,0.0469,0.0098,1.0063,
27.951,IMU,43.8088,35.1554,39.4821,0.0000,0.0000,-24.790,-2.845,0.314,-12.085,0.0430,-0.0098,0.9937,
27.962,ENC,43.8088,35.1554,39.4821,0.0000,0.0000,-24.790,-2.845,0.314,-12.085,0.0430,-0.0098,0.9937,
27.971,IMU,43.8088,35.1554,39.4821,0.0000,0.0000,-24.790,-2.846,0.291,-12.107,0.0503,0.0020,0.9937,
27.978,ENC,43.8088,35.1554,39.4821,0.0000,0.0000,-24.790,-2.846,0.291,-12.107,0.0503,0.0020,0.9937,
27.991,IMU,43.8088,35.1554,39.4821,0.0000,0.0000,-24.790,-2.841,0.288,-12.117,0.0405,0.0020,1.0054,
27.998,ENC,43.8071,35.1554,39.4813,-0.0852,0.0000,-24.785,-2.841,0.288,-12.117,0.0405,0.0020,1.0054,
28.011,IMU,43.8071,35.1554,39.4813,-0.0852,0.0000,-24.785,-2.846,0.322,-12.103,0.0576,-0.0024,0.9966,
28.020,ENC,43.8088,35.1554,39.4821,0.0852,0.0000,-24.790,-2.846,0.322,-12.103,0.0576,-0.0024,0.9966,
28.031,IMU,43.8088,35.1554,39.4821,0.0852,0.0000,-24.790,-2.847,0.333,-12.092,0.0459,-0.0015,0.9985,
28.038,ENC,43.8088,35.1554,39.4821,0.0000,0.0000,-24.790,-2.847,0.333,-12.092,0.0459,-0.0015,0.9985,
28.051,IMU,43.8088,35.1554,39.4821,0.0000,0.0000,-24.790,-2.814,0.310,-12.089,0.0571,-0.0029,0.9956,
28.059,ENC,43.8088,35.1554,39.4821,0.0000,0.0000,-24.790,-2.814,0.310,-12.089,0.0571,-0.0029,0.9956,
28.071,IMU,43.8088,35.1554,39.4821,0.0000,0.0000,-24.790,-2.844,0.286,-12.101,0.0396,0.0000,0.9941,
28.084,ENC,43.8088,35.1554,39.4821,0.0000,0.0000,-24.790,-2.844,0.286,-12.101,0.0396,0.0000,0.9941,
28.090,IMU,43.8088,35.1554,39.4821,0.0000,0.0000,-24.790,-2.836,0.326,-12.083,0.0474,0.0049,0.9966,
28.098,ENC,43.8088,35.1554,39.4821,0.0000,0.0000,-24.790,-2.836,0.326,-12.083,0.0474,0.0049,0.9966,
28.111,IMU,43.8088,35.1554,39.4821,0.0000,0.0000,-24.790,-2.840,0.329,-12.093,0.0430,-0.0029,1.0063,
28.117,ENC,43.8088,35.1554,39.4821,0.0000,0.0000,-24.790,-2.840,0.329,-12.093,0.0430,-0.0029,1.0063,
28.131,IMU,43.8088,35.1554,39.4821,0.0000,0.0000,-24.790,-2.849,0.342,-12.103,0.0723,0.0034,1.0068,
28.141,ENC,43.8088,35.1554,39.4821,0.0000,0.0000,-24.790,-2.849,0.342,-12.103,0.0723,0.0034,1.0068,
28.152,IMU,43.8088,35.1554,39.4821,0.0000,0.0000,-24.790,-2.707,0.246,-12.127,-0.0640,-0.0723,0.9775,
28.158,ENC,43.8207,35.1588,39.4898,0.5965,0.1704,-24.814,-2.707,0.246,-12.127,-0.0640,-0.0723,0.9775,
28.171,IMU,43.8207,35.1588,39.4898,0.5965,0.1704,-24.814,-2.593,-0.105,-12.120,-0.0195,-0.2183,0.9512,
28.178,ENC,43.8548,35.1878,39.5213,1.7044,1.4488,-24.829,-2.593,-0.105,-12.120,-0.0195,-0.2183,0.9512,
28.193,IMU,43.8548,35.1878,39.5213,1.7044,1.4488,-24.829,-2.557,-0.380,-12.109,0.0215,-0.2368,1.1401,
28.200,ENC,43.9196,35.2441,39.5818,3.2384,2.8123,-24.854,-2.557,-0.380,-12.109,0.0215,-0.2368,1.1401,
28.211,IMU,43.9196,35.2441,39.5818,3.2384,2.8123,-24.854,-2.598,-0.540,-12.096,0.0586,-0.1812,0.8740,
28.218,ENC,43.9929,35.3174,39.6551,3.6645,3.6645,-24.854,-2.598,-0.540,-12.096,0.0586,-0.1812,0.8740,
28.233,IMU,43.9929,35.3174,39.6551,3.6645,3.6645,-24.854,-2.586,-0.549,-12.125,-0.0117,-0.0811,1.0444,
28.238,ENC,44.0559,35.4060,39.7310,3.1532,4.4315,-24.780,-2.586,-0.549,-12.125,-0.0117,-0.0811,1.0444,
28.251,IMU,44.0559,35.4060,39.7310,3.1532,4.4315,-24.780,-2.573,-0.618,-12.069,0.0181,-0.0713,1.0425,
28.262,ENC,44.1429,35.5151,39.8290,4.3463,5.4542,-24.717,-2.573,-0.618,-12.069,0.0181,-0.0713,1.0425,
28.271,IMU,44.1429,35.5151,39.8290,4.3463,5.4542,-24.717,-2.549,-0.704,-12.097,0.0146,-0.0654,1.0039,
28.278,ENC,44.2690,35.6378,39.9534,6.3064,6.1359,-24.727,-2.549,-0.704,-12.097,0.0146,-0.0654,1.0039,
28.291,IMU,44.2690,35.6378,39.9534,6.3064,6.1359,-24.727,-2.556,-0.739,-12.093,0.0752,-0.0356,0.9219,
28.297,ENC,44.3900,35.7554,40.0727,6.0507,5.8803,-24.736,-2.556,-0.739,-12.093,0.0752,-0.0356,0.9219,
28.311,IMU,44.3900,35.7554,40.0727,6.0507,5.8803,-24.736,-2.480,-0.686,-12.093,0.0068,0.0190,1.0327,
28.318,ENC,44.5178,35.8866,40.2022,6.3916,6.5620,-24.727,-2.480,-0.686,-12.093,0.0068,0.0190,1.0327,
28.331,IMU,44.5178,35.8866,40.2022,6.3916,6.5620,-24.727,-2.454,-0.706,-12.058,0.0225,-0.0254,0.9429,
28.337,ENC,44.6525,36.0145,40.3335,6.7325,6.3916,-24.746,-2.454,-0.706,-12.058,0.0225,-0.0254,0.9429,
28.351,IMU,44.6525,36.0145,40.3335,6.7325,6.3916,-24.746,-2.452,-0.673,-12.006,-0.0078,-0.0176,1.0361,
28.357,ENC,44.7974,36.1457,40.4715,7.2438,6.5620,-24.785,-2.452,-0.673,-12.006,-0.0078,-0.0176,1.0361,
28.372,IMU,44.7974,36.1457,40.4715,7.2438,6.5620,-24.785,-2.579,-0.619,-11.917,0.1196,0.0303,1.0659,
28.378,ENC,44.9303,36.2804,40.6053,6.6473,6.7325,-24.780,-2.579,-0.619,-11.917,0.1196,0.0303,1.0659,
28.391,IMU,44.9303,36.2804,40.6053,6.6473,6.7325,-24.780,-2.610,-0.635,-11.821,0.0322,-0.0425,0.9897,
28.398,ENC,45.0496,36.3980,40.7238,5.9655,5.8803,-24.785,-2.610,-0.635,-11.821,0.0322,-0.0425,0.9897,
28.411,IMU,45.0496,36.3980,40.7238,5.9655,5.8803,-24.785,-2.554,-0.583,-11.783,0.0146,0.0464,0.8521,
28.418,ENC,45.1774,36.5173,40.8474,6.3916,5.9655,-24.810,-2.554,-0.583,-11.783,0.0146,0.0464,0.8521,
28.431,IMU,45.1774,36.5173,40.8474,6.3916,5.9655,-24.810,-2.598,-0.555,-11.768,0.0615,0.0195,1.0610,
28.438,ENC,45.3019,36.6383,40.9701,6.2211,6.0507,-24.819,-2.598,-0.555,-11.768,0.0615,0.0195,1.0610,
28.451,IMU,45.3019,36.6383,40.9701,6.2211,6.0507,-24.819,-2.599,-0.568,-11.779,0.0884,0.0024,0.9883,
28.457,ENC,45.4178,36.7508,41.0843,5.7950,5.6246,-24.829,-2.599,-0.568,-11.779,0.0884,0.0024,0.9883,
28.474,IMU,45.4178,36.7508,41.0843,5.7950,5.6246,-24.829,-2.586,-0.553,-11.802,0.0601,0.0298,1.0146,
28.480,ENC,45.5303,36.8667,41.1985,5.6246,5.7950,-24.819,-2.586,-0.553,-11.802,0.0601,0.0298,1.0146,
28.491,IMU,45.5303,36.8667,41.1985,5.6246,5.7950,-24.819,-2.612,-0.533,-11.794,0.0405,0.0254,1.0103,
28.507,ENC,45.6427,36.9621,41.3024,5.6246,4.7724,-24.868,-2.612,-0.533,-11.794,0.0405,0.0254,1.0103,
28.511,IMU,45.6427,36.9621,41.3024,5.6246,4.7724,-24.868,-2.620,-0.525,-11.834,0.0708,0.0264,1.0137,
28.518,ENC,45.7484,37.0746,41.4115,5.2837,5.6246,-24.849,-2.620,-0.525,-11.834,0.0708,0.0264,1.0137,
28.531,IMU,45.7484,37.0746,41.4115,5.2837,5.6246,-24.849,-2.669,-0.506,-11.840,0.0967,0.0303,0.9819,
28.538,ENC,45.8507,37.1752,41.5129,5.1133,5.0280,-24.854,-2.669,-0.506,-11.840,0.0967,0.0303,0.9819,
28.551,IMU,45.8507,37.1752,41.5129,5.1133,5.0280,-24.854,-2.671,-0.438,-11.849,0.0474,0.0444,1.0151,
28.557,ENC,45.9427,37.2587,41.6007,4.6019,4.1758,-24.878,-2.671,-0.438,-11.849,0.0474,0.0444,1.0151,
28.571,IMU,45.9427,37.2587,41.6007,4.6019,4.1758,-24.878,-2.682,-0.411,-11.842,0.0781,0.0557,0.9253,
28.579,ENC,46.0262,37.3337,41.6800,4.1758,3.7497,-24.902,-2.682,-0.411,-11.842,0.0781,0.0557,0.9253,
28.590,IMU,46.0262,37.3337,41.6800,4.1758,3.7497,-24.902,-2.735,-0.334,-11.822,0.0845,0.0532,0.9487,
28.611,IMU,46.0262,37.3337,41.6800,4.1758,3.7497,-24.902,-2.665,-0.181,-11.853,0.0059,0.1113,1.0020,
28.618,ENC,46.1609,37.4683,41.8146,3.3662,3.3662,-24.902,-2.665,-0.181,-11.853,0.0059,0.1113,1.0020,
28.634,IMU,46.1609,37.4683,41.8146,3.3662,3.3662,-24.902,-2.681,-0.134,-11.758,0.0591,0.0571,0.9951,
28.638,ENC,46.2086,37.5161,41.8623,2.3862,2.3862,-24.902,-2.681,-0.134,-11.758,0.0591,0.0571,0.9951,
28.651,IMU,46.2086,37.5161,41.8623,2.3862,2.3862,-24.902,-2.749,-0.135,-11.703,0.0786,0.0312,0.9883,
28.659,ENC,46.2546,37.5689,41.9118,2.3010,2.6419,-24.883,-2.749,-0.135,-11.703,0.0786,0.0312,0.9883,
28.678,IMU,46.2546,37.5689,41.9118,2.3010,2.6419,-24.883,-2.749,-0.034,-11.758,0.0522,0.0356,0.9795,
28.680,ENC,46.2938,37.6081,41.9510,1.9601,1.9601,-24.883,-2.749,-0.034,-11.758,0.0522,0.0356,0.9795,
28.691,IMU,46.2938,37.6081,41.9510,1.9601,1.9601,-24.883,-2.803,0.013,-11.796,0.0747,0.0239,1.0107,
28.698,ENC,46.3296,37.6354,41.9825,1.7896,1.3635,-24.907,-2.803,0.013,-11.796,0.0747,0.0239,1.0107,
28.713,IMU,46.3296,37.6354,41.9825,1.7896,1.3635,-24.907,-2.889,0.171,-11.829,0.0757,0.1172,0.9487,
28.718,ENC,46.3450,37.6422,41.9936,0.7670,0.3409,-24.932,-2.889,0.171,-11.829,0.0757,0.1172,0.9487,
28.731,IMU,46.3450,37.6422,41.9936,0.7670,0.3409,-24.932,-2.892,0.233,-11.827,0.0635,0.0928,0.9775,
28.738,ENC,46.3467,37.6456,41.9961,0.0852,0.1704,-24.927,-2.892,0.233,-11.827,0.0635,0.0928,0.9775,
28.758,ENC,46.3467,37.6320,41.9893,0.0000,-0.6818,-24.966,-2.892,0.233,-11.827,0.0635,0.0928,0.9775,
28.771,IMU,46.3467,37.6320,41.9893,0.0000,-0.6818,-24.966,-2.812,0.155,-11.734,0.0479,0.0117,0.9795,
28.784,ENC,46.3433,37.6132,41.9782,-0.1704,-0.9374,-25.010,-2.812,0.155,-11.734,0.0479,0.0117,0.9795,
28.791,IMU,46.3433,37.6132,41.9782,-0.1704,-0.9374,-25.010,-2.798,0.120,-11.689,0.0430,-0.0020,1.0010,
28.798,ENC,46.3296,37.5979,41.9637,-0.6818,-0.7670,-25.015,-2.798,0.120,-11.689,0.0430,-0.0020,1.0010,
28.810,IMU,46.3296,37.5979,41.9637,-0.6818,-0.7670,-25.015,-2.788,0.106,-11.644,0.0469,-0.0142,0.9971,
28.818,ENC,46.3126,37.5859,41.9493,-0.8522,-0.5965,-25.000,-2.788,0.106,-11.644,0.0469,-0.0142,0.9971,
28.831,IMU,46.3126,37.5859,41.9493,-0.8522,-0.5965,-25.000,-2.804,0.109,-11.654,0.0674,-0.0044,1.0044,
28.837,ENC,46.2989,37.5689,41.9339,-0.6818,-0.8522,-25.010,-2.804,0.109,-11.654,0.0674,-0.0044,1.0044,
28.855,IMU,46.2989,37.5689,41.9339,-0.6818,-0.8522,-25.010,-2.836,0.147,-11.672,0.0571,-0.0073,0.9893,
28.858,ENC,46.2887,37.5553,41.9220,-0.5113,-0.6818,-25.020,-2.836,0.147,-11.672,0.0571,-0.0073,0.9893,
28.878,ENC,46.2836,37.5450,41.9143,-0.2557,-0.5113,-25.034,-2.836,0.147,-11.672,0.0571,-0.0073,0.9893,
28.891,IMU,46.2836,37.5450,41.9143,-0.2557,-0.5113,-25.034,-2.815,0.149,-11.716,0.0464,-0.0293,0.9873,
28.899,ENC,46.2819,37.5365,41.9092,-0.0852,-0.4261,-25.054,-2.815,0.149,-11.716,0.0464,-0.0293,0.9873,
28.920,IMU,46.2819,37.5365,41.9092,-0.0852,-0.4261,-25.054,-2.741,0.084,-11.740,0.0371,-0.0176,1.0000,
28.921,ENC,46.2751,37.5331,41.9041,-0.3409,-0.1704,-25.044,-2.741,0.084,-11.740,0.0371,-0.0176,1.0000,
28.931,IMU,46.2751,37.5331,41.9041,-0.3409,-0.1704,-25.044,-2.707,0.028,-11.745,0.0488,-0.0278,0.9844,
28.938,ENC,46.2717,37.5314,41.9015,-0.1704,-0.0852,-25.039,-2.707,0.028,-11.745,0.0488,-0.0278,0.9844,
28.951,IMU,46.2717,37.5314,41.9015,-0.1704,-0.0852,-25.039,-2.713,-0.001,-11.697,0.0576,-0.0195,0.9932,
28.958,ENC,46.2700,37.5314,41.9007,-0.0852,0.0000,-25.034,-2.713,-0.001,-11.697,0.0576,-0.0195,0.9932,
28.971,IMU,46.2700,37.5314,41.9007,-0.0852,0.0000,-25.034,-2.732,-0.047,-11.689,0.0552,-0.0176,0.9897,
28.978,ENC,46.2700,37.5314,41.9007,0.0000,0.0000,-25.034,-2.732,-0.047,-11.689,0.0552,-0.0176,0.9897,
28.991,IMU,46.2700,37.5314,41.9007,0.0000,0.0000,-25.034,-2.739,-0.124,-11.704,0.0532,-0.0215,1.0000,
29.012,IMU,46.2700,37.5314,41.9007,0.0000,0.0000,-25.034,-2.738,-0.141,-11.715,0.0513,0.0024,0.9858,
29.018,ENC,46.2700,37.5331,41.9015,0.0000,0.0426,-25.029,-2.738,-0.141,-11.715,0.0513,0.0024,0.9858,
29.031,IMU,46.2700,37.5331,41.9015,0.0000,0.0426,-25.029,-2.735,-0.123,-11.689,0.0410,0.0015,1.0039,
29.038,ENC,46.2717,37.5348,41.9032,0.0852,0.0852,-25.029,-2.735,-0.123,-11.689,0.0410,0.0015,1.0039,
29.051,IMU,46.2717,37.5348,41.9032,0.0852,0.0852,-25.029,-2.759,-0.140,-11.715,0.0552,0.0107,0.9912,
29.063,ENC,46.2717,37.5365,41.9041,0.0000,0.0852,-25.024,-2.759,-0.140,-11.715,0.0552,0.0107,0.9912,
29.071,IMU,46.2717,37.5365,41.9041,0.0000,0.0852,-25.024,-2.743,-0.172,-11.754,0.0547,-0.0073,0.9927,
29.078,ENC,46.2717,37.5365,41.9041,0.0000,0.0000,-25.024,-2.743,-0.172,-11.754,0.0547,-0.0073,0.9927,
29.090,IMU,46.2717,37.5365,41.9041,0.0000,0.0000,-25.024,-2.726,-0.181,-11.776,0.0532,-0.0005,1.0015,
29.097,ENC,46.2717,37.5382,41.9049,0.0000,0.0852,-25.020,-2.726,-0.181,-11.776,0.0532,-0.0005,1.0015,
29.111,IMU,46.2717,37.5382,41.9049,0.0000,0.0852,-25.020,-2.673,-0.213,-11.826,0.0547,0.0098,0.9937,
29.118,ENC,46.2717,37.5382,41.9049,0.0000,0.0000,-25.020,-2.673,-0.213,-11.826,0.0547,0.0098,0.9937,
29.133,IMU,46.2717,37.5382,41.9049,0.0000,0.0000,-25.020,-2.682,-0.256,-11.841,0.0444,-0.0010,0.9912,
29.138,ENC,46.2700,37.5365,41.9032,-0.0852,-0.0852,-25.020,-2.682,-0.256,-11.841,0.0444,-0.0010,0.9912,
29.151,IMU,46.2700,37.5365,41.9032,-0.0852,-0.0852,-25.020,-2.724,-0.247,-11.859,0.0479,-0.0015,1.0049,
29.158,ENC,46.2700,37.5365,41.9032,0.0000,0.0000,-25.020,-2.724,-0.247,-11.859,0.0479,-0.0015,1.0049,
29.171,IMU,46.2700,37.5365,41.9032,0.0000,0.0000,-25.020,-2.670,-0.236,-11.835,0.0508,-0.0073,1.0029,
29.178,ENC,46.2700,37.5365,41.9032,0.0000,0.0000,-25.020,-2.670,-0.236,-11.835,0.0508,-0.0073,1.0029,
29.193,IMU,46.2700,37.5365,41.9032,0.0000,0.0000,-25.020,-2.650,-0.273,-11.837,0.0527,0.0000,0.9834,
29.198,ENC,46.2700,37.5365,41.9032,0.0000,0.0000,-25.020,-2.650,-0.273,-11.837,0.0527,0.0000,0.9834,
29.211,IMU,46.2700,37.5365,41.9032,0.0000,0.0000,-25.020,-2.630,-0.284,-11.787,0.0488,-0.0190,0.9858,
29.218,ENC,46.2700,37.5382,41.9041,0.0000,0.0852,-25.015,-2.630,-0.284,-11.787,0.0488,-0.0190,0.9858,
29.231,IMU,46.2700,37.5382,41.9041,0.0000,0.0852,-25.015,-2.631,-0.266,-11.816,0.0532,-0.0054,0.9893,
29.238,ENC,46.2700,37.5365,41.9032,0.0000,-0.0852,-25.020,-2.631,-0.266,-11.816,0.0532,-0.0054,0.9893,
29.251,IMU,46.2700,37.5365,41.9032,0.0000,-0.0852,-25.020,-2.626,-0.273,-11.834,0.0381,-0.0122,0.9927,
29.258,ENC,46.2700,37.5365,41.9032,0.0000,0.0000,-25.020,-2.626,-0.273,-11.834,0.0381,-0.0122,0.9927,
29.271,IMU,46.2700,37.5365,41.9032,0.0000,0.0000,-25.020,-2.614,-0.265,-11.857,0.0430,0.0020,1.0024,
29.278,ENC,46.2700,37.5382,41.9041,0.0000,0.0852,-25.015,-2.614,-0.265,-11.857,0.0430,0.0020,1.0024,
29.291,IMU,46.2700,37.5382,41.9041,0.0000,0.0852,-25.015,-2.585,-0.221,-11.838,0.0347,0.0093,0.9956,
29.298,ENC,46.2700,37.5382,41.9041,0.0000,0.0000,-25.015,-2.585,-0.221,-11.838,0.0347,0.0093,0.9956,
29.312,IMU,46.2700,37.5382,41.9041,0.0000,0.0000,-25.015,-2.625,-0.200,-11.820,0.0493,-0.0049,0.9985,
29.322,ENC,46.2700,37.5365,41.9032,0.0000,-0.0852,-25.020,-2.625,-0.200,-11.820,0.0493,-0.0049,0.9985,
29.331,IMU,46.2700,37.5365,41.9032,0.0000,-0.0852,-25.020,-2.611,-0.204,-11.856,0.0479,0.0054,0.9966,
29.337,ENC,46.2700,37.5365,41.9032,0.0000,0.0000,-25.020,-2.611,-0.204,-11.856,0.0479,0.0054,0.9966,
29.351,IMU,46.2700,37.5365,41.9032,0.0000,0.0000,-25.020,-2.626,-0.193,-11.802,0.0474,-0.0020,0.9805,
29.359,ENC,46.2700,37.5382,41.9041,0.0000,0.0852,-25.015,-2.626,-0.193,-11.802,0.0474,-0.0020,0.9805,
29.376,IMU,46.2700,37.5382,41.9041,0.0000,0.0852,-25.015,-2.702,-0.133,-11.794,0.0459,0.0068,0.9932,
29.379,ENC,46.2700,37.5365,41.9032,0.0000,-0.0852,-25.020,-2.702,-0.133,-11.794,0.0459,0.0068,0.9932,
29.394,IMU,46.2700,37.5365,41.9032,0.0000,-0.0852,-25.020,-2.680,-0.123,-11.836,0.0405,0.0044,0.9912,
29.398,ENC,46.2700,37.5382,41.9041,0.0000,0.0852,-25.015,-2.680,-0.123,-11.836,0.0405,0.0044,0.9912,
29.411,IMU,46.2700,37.5382,41.9041,0.0000,0.0852,-25.015,-2.703,-0.127,-11.851,0.0410,-0.0098,1.0010,
29.420,ENC,46.2700,37.5365,41.9032,0.0000,-0.0852,-25.020,-2.703,-0.127,-11.851,0.0410,-0.0098,1.0010,
29.437,ENC,46.2700,37.5382,41.9041,0.0000,0.0852,-25.015,-2.703,-0.127,-11.851,0.0410,-0.0098,1.0010,
29.451,IMU,46.2700,37.5382,41.9041,0.0000,0.0852,-25.015,-2.818,-0.106,-11.802,0.0508,-0.0059,0.9980,
29.458,ENC,46.2700,37.5365,41.9032,0.0000,-0.0852,-25.020,-2.818,-0.106,-11.802,0.0508,-0.0059,0.9980,
29.471,IMU,46.2700,37.5365,41.9032,0.0000,-0.0852,-25.020,-2.818,-0.125,-11.809,0.0454,-0.0029,1.0005,
29.478,ENC,46.2700,37.5365,41.9032,0.0000,0.0000,-25.020,-2.818,-0.125,-11.809,0.0454,-0.0029,1.0005,
29.494,IMU,46.2700,37.5365,41.9032,0.0000,0.0000,-25.020,-2.817,-0.144,-11.792,0.0439,-0.0117,0.9961,
29.497,ENC,46.2700,37.5382,41.9041,0.0000,0.0852,-25.015,-2.817,-0.144,-11.792,0.0439,-0.0117,0.9961,
29.511,IMU,46.2700,37.5382,41.9041,0.0000,0.0852,-25.015,-2.801,-0.124,-11.805,0.0439,-0.0049,1.0000,
29.520,ENC,46.2700,37.5382,41.9041,0.0000,0.0000,-25.015,-2.801,-0.124,-11.805,0.0439,-0.0049,1.0000,
29.535,IMU,46.2700,37.5382,41.9041,0.0000,0.0000,-25.015,-2.814,-0.118,-11.802,0.0498,-0.0015,0.9971,
29.538,ENC,46.2700,37.5365,41.9032,0.0000,-0.0852,-25.020,-2.814,-0.118,-11.802,0.0498,-0.0015,0.9971,
29.557,IMU,46.2700,37.5365,41.9032,0.0000,-0.0852,-25.020,-2.831,-0.087,-11.824,0.0464,0.0024,1.0010,
29.559,ENC,46.2700,37.5365,41.9032,0.0000,0.0000,-25.020,-2.831,-0.087,-11.824,0.0464,0.0024,1.0010,
29.571,IMU,46.2700,37.5365,41.9032,0.0000,0.0000,-25.020,-2.819,-0.105,-11.803,0.0498,-0.0068,0.9868,
29.577,ENC,46.2700,37.5365,41.9032,0.0000,0.0000,-25.020,-2.819,-0.105,-11.803,0.0498,-0.0068,0.9868,
29.591,IMU,46.2700,37.5365,41.9032,0.0000,0.0000,-25.020,-2.798,-0.141,-11.810,0.0498,-0.0103,1.0049,
29.598,ENC,46.2700,37.5382,41.9041,0.0000,0.0852,-25.015,-2.798,-0.141,-11.810,0.0498,-0.0103,1.0049,
29.611,IMU,46.2700,37.5382,41.9041,0.0000,0.0852,-25.015,-2.799,-0.179,-11.800,0.0430,0.0088,0.9937,
29.620,ENC,46.2700,37.5365,41.9032,0.0000,-0.0852,-25.020,-2.799,-0.179,-11.800,0.0430,0.0088,0.9937,
29.631,IMU,46.2700,37.5365,41.9032,0.0000,-0.0852,-25.020,-2.783,-0.153,-11.793,0.0483,-0.0137,1.0049,
29.637,ENC,46.2700,37.5365,41.9032,0.0000,0.0000,-25.020,-2.783,-0.153,-11.793,0.0483,-0.0137,1.0049,
29.651,IMU,46.2700,37.5365,41.9032,0.0000,0.0000,-25.020,-2.765,-0.201,-11.788,0.0513,-0.0029,0.9941,
29.658,ENC,46.2700,37.5365,41.9032,0.0000,0.0000,-25.020,-2.765,-0.201,-11.788,0.0513,-0.0029,0.9941,
29.673,IMU,46.2700,37.5365,41.9032,0.0000,0.0000,-25.020,-2.753,-0.201,-11.795,0.0366,-0.0054,0.9897,
29.678,ENC,46.2700,37.5382,41.9041,0.0000,0.0852,-25.015,-2.753,-0.201,-11.795,0.0366,-0.0054,0.9897,
29.691,IMU,46.2700,37.5382,41.9041,0.0000,0.0852,-25.015,-2.791,-0.187,-11.780,0.0430,-0.0015,0.9927,
29.704,ENC,46.2700,37.5365,41.9032,0.0000,-0.0852,-25.020,-2.791,-0.187,-11.780,0.0430,-0.0015,0.9927,
29.713,IMU,46.2700,37.5365,41.9032,0.0000,-0.0852,-25.020,-2.794,-0.164,-11.742,0.0513,-0.0005,0.9941,
29.720,ENC,46.2700,37.5382,41.9041,0.0000,0.0852,-25.015,-2.794,-0.164,-11.742,0.0513,-0.0005,0.9941,
29.732,IMU,46.2700,37.5382,41.9041,0.0000,0.0852,-25.015,-2.754,-0.175,-11.719,0.0576,-0.0044,0.9912,
29.737,ENC,46.2700,37.5365,41.9032,0.0000,-0.0852,-25.020,-2.754,-0.175,-11.719,0.0576,-0.0044,0.9912,
29.751,IMU,46.2700,37.5365,41.9032,0.0000,-0.0852,-25.020,-2.753,-0.155,-11.729,0.0381,0.0059,1.0005,
29.764,ENC,46.2700,37.5365,41.9032,0.0000,0.0000,-25.020,-2.753,-0.155,-11.729,0.0381,0.0059,1.0005,
29.772,IMU,46.2700,37.5365,41.9032,0.0000,0.0000,-25.020,-2.793,-0.134,-11.731,0.0410,-0.0063,0.9971,
29.779,ENC,46.2700,37.5382,41.9041,0.0000,0.0852,-25.015,-2.793,-0.134,-11.731,0.0410,-0.0063,0.9971,
29.793,IMU,46.2700,37.5382,41.9041,0.0000,0.0852,-25.015,-2.816,-0.178,-11.731,0.0483,0.0088,0.9995,
29.798,ENC,46.2700,37.5382,41.9041,0.0000,0.0000,-25.015,-2.816,-0.178,-11.731,0.0483,0.0088,0.9995,
29.811,IMU,46.2700,37.5382,41.9041,0.0000,0.0000,-25.015,-2.844,-0.168,-11.742,0.0522,-0.0151,0.9946,
29.817,ENC,46.2700,37.5365,41.9032,0.0000,-0.0852,-25.020,-2.844,-0.168,-11.742,0.0522,-0.0151,0.9946,
29.832,IMU,46.2700,37.5365,41.9032,0.0000,-0.0852,-25.020,-2.831,-0.175,-11.757,0.0439,-0.0063,1.0000,
29.838,ENC,46.2700,37.5382,41.9041,0.0000,0.0852,-25.015,-2.831,-0.175,-11.757,0.0439,-0.0063,1.0000,
29.851,IMU,46.2700,37.5382,41.9041,0.0000,0.0852,-25.015,-2.780,-0.186,-11.798,0.0498,-0.0098,1.0039,
29.858,ENC,46.2700,37.5382,41.9041,0.0000,0.0000,-25.015,-2.780,-0.186,-11.798,0.0498,-0.0098,1.0039,
29.871,IMU,46.2700,37.5382,41.9041,0.0000,0.0000,-25.015,-2.807,-0.178,-11.805,0.0547,-0.0039,0.9946,
29.878,ENC,46.2700,37.5382,41.9041,0.0000,0.0000,-25.015,-2.807,-0.178,-11.805,0.0547,-0.0039,0.9946,
29.891,IMU,46.2700,37.5382,41.9041,0.0000,0.0000,-25.015,-2.801,-0.186,-11.835,0.0522,-0.0078,0.9829,
29.898,ENC,46.2700,37.5382,41.9041,0.0000,0.0000,-25.015,-2.801,-0.186,-11.835,0.0522,-0.0078,0.9829,
29.910,IMU,46.2700,37.5382,41.9041,0.0000,0.0000,-25.015,-2.784,-0.195,-11.853,0.0488,-0.0107,0.9897,
29.922,ENC,46.2700,37.5382,41.9041,0.0000,0.0000,-25.015,-2.784,-0.195,-11.853,0.0488,-0.0107,0.9897,
29.933,IMU,46.2700,37.5382,41.9041,0.0000,0.0000,-25.015,-2.783,-0.154,-11.799,0.0474,-0.0024,0.9917,
29.938,ENC,46.2700,37.5365,41.9032,0.0000,-0.0852,-25.020,-2.783,-0.154,-11.799,0.0474,-0.0024,0.9917,
29.951,IMU,46.2700,37.5365,41.9032,0.0000,-0.0852,-25.020,-2.778,-0.138,-11.818,0.0386,0.0054,0.9917,
29.958,ENC,46.2700,37.5382,41.9041,0.0000,0.0852,-25.015,-2.778,-0.138,-11.818,0.0386,0.0054,0.9917,
29.971,IMU,46.2700,37.5382,41.9041,0.0000,0.0852,-25.015,-2.804,-0.085,-11.785,0.0444,-0.0015,0.9971,
29.978,ENC,46.2700,37.5365,41.9032,0.0000,-0.0852,-25.020,-2.804,-0.085,-11.785,0.0444,-0.0015,0.9971,
29.991,IMU,46.2700,37.5365,41.9032,0.0000,-0.0852,-25.020,-2.807,-0.117,-11.785,0.0527,-0.0015,0.9990,
29.998,ENC,46.2700,37.5365,41.9032,0.0000,0.0000,-25.020,-2.807,-0.117,-11.785,0.0527,-0.0015,0.9990,
30.015,IMU,46.2700,37.5365,41.9032,0.0000,0.0000,-25.020,-2.812,-0.090,-11.746,0.0449,-0.0049,0.9990,
30.018,ENC,46.2700,37.5382,41.9041,0.0000,0.0852,-25.015,-2.812,-0.090,-11.746,0.0449,-0.0049,0.9990,
30.030,IMU,46.2700,37.5382,41.9041,0.0000,0.0852,-25.015,-2.827,-0.104,-11.739,0.0522,-0.0059,0.9946,
30.043,ENC,46.2700,37.5365,41.9032,0.0000,-0.0852,-25.020,-2.827,-0.104,-11.739,0.0522,-0.0059,0.9946,
30.071,ENC,46.2700,37.5382,41.9041,0.0000,0.0852,-25.015,-2.827,-0.104,-11.739,0.0522,-0.0059,0.9946,
30.074,IMU,46.2700,37.5382,41.9041,0.0000,0.0852,-25.015,-2.839,-0.103,-11.718,0.0415,0.0107,0.9912,
30.078,IMU,46.2700,37.5382,41.9041,0.0000,0.0852,-25.015,-2.836,-0.079,-11.754,0.0591,-0.0049,0.9653,
30.080,ENC,46.2683,37.5382,41.9032,-0.0852,0.0000,-25.010,-2.836,-0.079,-11.754,0.0591,-0.0049,0.9653,
30.091,IMU,46.2683,37.5382,41.9032,-0.0852,0.0000,-25.010,-2.854,-0.113,-11.718,0.0537,-0.0522,0.9888,
30.107,ENC,46.2785,37.5382,41.9084,0.5113,0.0000,-25.039,-2.854,-0.113,-11.718,0.0537,-0.0522,0.9888,
30.111,IMU,46.2785,37.5382,41.9084,0.5113,0.0000,-25.039,-2.788,-0.339,-11.748,0.0171,-0.1240,0.9990,
30.118,ENC,46.3058,37.5501,41.9280,1.3635,0.5965,-25.083,-2.788,-0.339,-11.748,0.0171,-0.1240,0.9990,
30.131,IMU,46.3058,37.5501,41.9280,1.3635,0.5965,-25.083,-2.740,-0.566,-11.733,0.0244,-0.1738,1.0225,
30.140,ENC,46.3501,37.5893,41.9697,2.2158,1.9601,-25.098,-2.740,-0.566,-11.733,0.0244,-0.1738,1.0225,
30.151,IMU,46.3501,37.5893,41.9697,2.2158,1.9601,-25.098,-2.767,-0.718,-11.706,0.0225,-0.1626,0.9893,
30.160,ENC,46.4063,37.6609,42.0336,2.8123,3.5793,-25.054,-2.767,-0.718,-11.706,0.0225,-0.1626,0.9893,
30.171,IMU,46.4063,37.6609,42.0336,2.8123,3.5793,-25.054,-2.813,-0.773,-11.697,0.0972,-0.0723,0.9653,
30.179,ENC,46.4694,37.7325,42.1010,3.1532,3.5793,-25.029,-2.813,-0.773,-11.697,0.0972,-0.0723,0.9653,
30.191,IMU,46.4694,37.7325,42.1010,3.1532,3.5793,-25.029,-2.862,-0.774,-11.711,0.0845,-0.0059,0.9692,
30.198,ENC,46.5461,37.8126,42.1794,3.8350,4.0054,-25.020,-2.862,-0.774,-11.711,0.0845,-0.0059,0.9692,
30.214,IMU,46.5461,37.8126,42.1794,3.8350,4.0054,-25.020,-2.850,-0.844,-11.702,0.0342,-0.0410,0.9897,
30.222,ENC,46.6194,37.8927,42.2561,3.6645,4.0054,-25.000,-2.850,-0.844,-11.702,0.0342,-0.0410,0.9897,
30.231,IMU,46.6194,37.8927,42.2561,3.6645,4.0054,-25.000,-2.800,-0.893,-11.706,-0.0010,-0.0312,1.0195,
30.239,ENC,46.6978,37.9831,42.3404,3.9202,4.5167,-24.966,-2.800,-0.893,-11.706,-0.0010,-0.0312,1.0195,
30.252,IMU,46.6978,37.9831,42.3404,3.9202,4.5167,-24.966,-2.846,-0.893,-11.670,0.0688,-0.0142,1.0034,
30.258,ENC,46.7745,38.0836,42.4291,3.8350,5.0280,-24.897,-2.846,-0.893,-11.670,0.0688,-0.0142,1.0034,
30.277,IMU,46.7745,38.0836,42.4291,3.8350,5.0280,-24.897,-2.865,-0.951,-11.630,0.0454,-0.0093,0.9688,
30.278,ENC,46.8512,38.1808,42.5160,3.8350,4.8576,-24.839,-2.865,-0.951,-11.630,0.0454,-0.0093,0.9688,
30.291,IMU,46.8512,38.1808,42.5160,3.8350,4.8576,-24.839,-2.838,-0.926,-11.704,0.0249,-0.0142,1.0894,
30.297,ENC,46.9211,38.2728,42.5969,3.4941,4.6019,-24.775,-2.838,-0.926,-11.704,0.0249,-0.0142,1.0894,
30.313,IMU,46.9211,38.2728,42.5969,3.4941,4.6019,-24.775,-2.694,-0.863,-11.684,-0.0181,0.0293,0.9429,
30.318,ENC,46.9892,38.3666,42.6779,3.4088,4.6872,-24.702,-2.694,-0.863,-11.684,-0.0181,0.0293,0.9429,
30.330,IMU,46.9892,38.3666,42.6779,3.4088,4.6872,-24.702,-2.688,-0.839,-11.637,0.0181,0.0049,1.0259,
30.338,ENC,47.0642,38.4603,42.7623,3.7497,4.6872,-24.648,-2.688,-0.839,-11.637,0.0181,0.0049,1.0259,
30.351,IMU,47.0642,38.4603,42.7623,3.7497,4.6872,-24.648,-2.734,-0.803,-11.593,0.0713,0.0303,1.0503,
30.361,ENC,47.1375,38.5506,42.8441,3.6645,4.5167,-24.600,-2.734,-0.803,-11.593,0.0713,0.0303,1.0503,
30.371,IMU,47.1375,38.5506,42.8441,3.6645,4.5167,-24.600,-2.756,-0.767,-11.568,0.0581,0.0225,1.0005,
30.378,ENC,47.2023,38.6461,42.9242,3.2384,4.7724,-24.512,-2.756,-0.767,-11.568,0.0581,0.0225,1.0005,
30.392,IMU,47.2023,38.6461,42.9242,3.2384,4.7724,-24.512,-2.746,-0.755,-11.506,0.0342,-0.0005,1.0288,
30.398,ENC,47.2654,38.7467,43.0060,3.1532,5.0280,-24.404,-2.746,-0.755,-11.506,0.0342,-0.0005,1.0288,
30.411,IMU,47.2654,38.7467,43.0060,3.1532,5.0280,-24.404,-2.757,-0.667,-11.420,0.0176,0.0264,1.0137,
30.418,ENC,47.3301,38.8404,43.0853,3.2384,4.6872,-24.321,-2.757,-0.667,-11.420,0.0176,0.0264,1.0137,
30.431,IMU,47.3301,38.8404,43.0853,3.2384,4.6872,-24.321,-2.828,-0.635,-11.308,0.0894,0.0420,0.8965,
30.438,ENC,47.3813,38.9478,43.1645,2.5566,5.3689,-24.160,-2.828,-0.635,-11.308,0.0894,0.0420,0.8965,
30.451,IMU,47.3813,38.9478,43.1645,2.5566,5.3689,-24.160,-2.794,-0.513,-11.126,0.0352,0.0684,0.9307,
30.457,ENC,47.3915,39.0603,43.2259,0.5113,5.6246,-23.867,-2.794,-0.513,-11.126,0.0352,0.0684,0.9307,
30.473,IMU,47.3915,39.0603,43.2259,0.5113,5.6246,-23.867,-2.824,-0.595,-10.911,0.1299,-0.0308,0.9141,
30.478,ENC,47.4153,39.1813,43.2983,1.1931,6.0507,-23.589,-2.824,-0.595,-10.911,0.1299,-0.0308,0.9141,
30.491,IMU,47.4153,39.1813,43.2983,1.1931,6.0507,-23.589,-2.797,-0.556,-10.738,0.0522,0.0098,0.9780,
30.498,ENC,47.4290,39.2904,43.3597,0.6818,5.4542,-23.315,-2.797,-0.556,-10.738,0.0522,0.0098,0.9780,
30.511,IMU,47.4290,39.2904,43.3597,0.6818,5.4542,-23.315,-2.692,-0.492,-10.549,-0.0430,0.0513,0.9683,
30.522,ENC,47.4307,39.3790,43.4048,0.0852,4.4315,-23.066,-2.692,-0.492,-10.549,-0.0430,0.0513,0.9683,
30.531,IMU,47.4307,39.3790,43.4048,0.0852,4.4315,-23.066,-2.745,-0.491,-10.415,0.0771,0.0073,0.9438,
30.538,ENC,47.4290,39.4710,43.4500,-0.0852,4.6019,-22.798,-2.745,-0.491,-10.415,0.0771,0.0073,0.9438,
30.551,IMU,47.4290,39.4710,43.4500,-0.0852,4.6019,-22.798,-2.739,-0.518,-10.296,0.0381,-0.0513,1.0249,
30.559,ENC,47.4307,39.5545,43.4926,0.0852,4.1758,-22.563,-2.739,-0.518,-10.296,0.0381,-0.0513,1.0249,
30.571,IMU,47.4307,39.5545,43.4926,0.0852,4.1758,-22.563,-2.726,-0.521,-10.132,0.0273,-0.0249,1.0054,
30.581,ENC,47.4307,39.6466,43.5386,0.0000,4.6019,-22.300,-2.726,-0.521,-10.132,0.0273,-0.0249,1.0054,
30.592,IMU,47.4307,39.6466,43.5386,0.0000,4.6019,-22.300,-2.674,-0.554,-9.989,0.0586,-0.0200,1.0312,
30.598,ENC,47.4307,39.7403,43.5855,0.0000,4.6872,-22.031,-2.674,-0.554,-9.989,0.0586,-0.0200,1.0312,
30.611,IMU,47.4307,39.7403,43.5855,0.0000,4.6872,-22.031,-2.661,-0.565,-9.912,0.0640,-0.0342,1.0249,
30.618,ENC,47.4307,39.8324,43.6315,0.0000,4.6019,-21.768,-2.661,-0.565,-9.912,0.0640,-0.0342,1.0249,
30.632,IMU,47.4307,39.8324,43.6315,0.0000,4.6019,-21.768,-2.636,-0.637,-9.759,0.0259,-0.0654,0.9458,
30.637,ENC,47.4307,39.9261,43.6784,0.0000,4.6872,-21.499,-2.636,-0.637,-9.759,0.0259,-0.0654,0.9458,
30.651,IMU,47.4307,39.9261,43.6784,0.0000,4.6872,-21.499,-2.651,-0.655,-9.674,0.0679,-0.0366,0.9644,
30.658,ENC,47.4307,40.0250,43.7278,0.0000,4.9428,-21.216,-2.651,-0.655,-9.674,0.0679,-0.0366,0.9644,
30.671,IMU,47.4307,40.0250,43.7278,0.0000,4.9428,-21.216,-2.573,-0.663,-9.614,0.0410,-0.0132,1.0103,
30.677,ENC,47.4307,40.1255,43.7781,0.0000,5.0280,-20.928,-2.573,-0.663,-9.614,0.0410,-0.0132,1.0103,
30.691,IMU,47.4307,40.1255,43.7781,0.0000,5.0280,-20.928,-2.618,-0.644,-9.481,0.0801,-0.0259,1.0015,
30.698,ENC,47.4307,40.2210,43.8258,0.0000,4.7724,-20.654,-2.618,-0.644,-9.481,0.0801,-0.0259,1.0015,
30.711,IMU,47.4307,40.2210,43.8258,0.0000,4.7724,-20.654,-2.600,-0.640,-9.391,0.0454,0.0005,1.0015,
30.718,ENC,47.4307,40.3301,43.8804,0.0000,5.4542,-20.342,-2.600,-0.640,-9.391,0.0454,0.0005,1.0015,
30.730,IMU,47.4307,40.3301,43.8804,0.0000,5.4542,-20.342,-2.606,-0.604,-9.303,0.0513,0.0132,1.0098,
30.737,ENC,47.4307,40.4357,43.9332,0.0000,5.2837,-20.039,-2.606,-0.604,-9.303,0.0513,0.0132,1.0098,
30.753,IMU,47.4307,40.4357,43.9332,0.0000,5.2837,-20.039,-2.664,-0.603,-9.163,0.0591,-0.0161,0.9756,
30.762,ENC,47.4307,40.5380,43.9843,0.0000,5.1133,-19.746,-2.664,-0.603,-9.163,0.0591,-0.0161,0.9756,
30.770,IMU,47.4307,40.5380,43.9843,0.0000,5.1133,-19.746,-2.631,-0.569,-9.092,0.0532,-0.0024,0.9478,
30.778,ENC,47.4307,40.6471,44.0389,0.0000,5.4542,-19.434,-2.631,-0.569,-9.092,0.0532,-0.0024,0.9478,
30.791,IMU,47.4307,40.6471,44.0389,0.0000,5.4542,-19.434,-2.646,-0.509,-8.905,0.0630,-0.0063,1.0010,
30.797,ENC,47.4307,40.7306,44.0806,0.0000,4.1758,-19.194,-2.646,-0.509,-8.905,0.0630,-0.0063,1.0010,
30.811,IMU,47.4307,40.7306,44.0806,0.0000,4.1758,-19.194,-2.700,-0.494,-8.790,0.0542,-0.0166,0.9814,
30.818,ENC,47.4307,40.8312,44.1309,0.0000,5.0280,-18.906,-2.700,-0.494,-8.790,0.0542,-0.0166,0.9814,
30.831,IMU,47.4307,40.8312,44.1309,0.0000,5.0280,-18.906,-2.689,-0.546,-8.720,0.0229,-0.0483,0.9351,
30.839,ENC,47.4324,40.9471,44.1897,0.0852,5.7950,-18.579,-2.689,-0.546,-8.720,0.0229,-0.0483,0.9351,
30.851,IMU,47.4324,40.9471,44.1897,0.0852,5.7950,-18.579,-2.733,-0.553,-8.602,0.0649,-0.0215,1.0488,
30.858,ENC,47.4324,41.0578,44.2451,0.0000,5.5394,-18.262,-2.733,-0.553,-8.602,0.0649,-0.0215,1.0488,
30.871,IMU,47.4324,41.0578,44.2451,0.0000,5.5394,-18.262,-2.762,-0.655,-8.513,0.0796,-0.0796,0.9873,
30.880,ENC,47.4324,41.1686,44.3005,0.0000,5.5394,-17.944,-2.762,-0.655,-8.513,0.0796,-0.0796,0.9873,
30.893,IMU,47.4324,41.1686,44.3005,0.0000,5.5394,-17.944,-2.735,-0.664,-8.341,0.0225,-0.0166,1.0024,
30.898,ENC,47.4324,41.2965,44.3644,0.0000,6.3916,-17.578,-2.735,-0.664,-8.341,0.0225,-0.0166,1.0024,
30.912,IMU,47.4324,41.2965,44.3644,0.0000,6.3916,-17.578,-2.680,-0.732,-8.195,0.0303,-0.0400,0.9761,
30.919,ENC,47.4324,41.4158,44.4241,0.0000,5.9655,-17.236,-2.680,-0.732,-8.195,0.0303,-0.0400,0.9761,
30.931,IMU,47.4324,41.4158,44.4241,0.0000,5.9655,-17.236,-2.658,-0.645,-8.017,0.0156,0.0469,0.9668,
30.938,ENC,47.4290,41.5470,44.4880,-0.1704,6.5620,-16.851,-2.658,-0.645,-8.017,0.0156,0.0469,0.9668,
30.952,IMU,47.4290,41.5470,44.4880,-0.1704,6.5620,-16.851,-2.656,-0.521,-7.788,0.0205,0.0796,1.0288,
30.959,ENC,47.4102,41.6885,44.5494,-0.9374,7.0734,-16.392,-2.656,-0.521,-7.788,0.0205,0.0796,1.0288,
30.971,IMU,47.4102,41.6885,44.5494,-0.9374,7.0734,-16.392,-2.600,-0.404,-7.547,0.0117,0.0293,0.9111,
30.978,ENC,47.3881,41.8231,44.6056,-1.1079,6.7325,-15.942,-2.600,-0.404,-7.547,0.0117,0.0293,0.9111,
30.991,IMU,47.3881,41.8231,44.6056,-1.1079,6.7325,-15.942,-2.617,-0.352,-7.184,0.0938,-0.0151,0.9517,
30.999,ENC,47.3233,41.9765,44.6499,-3.2384,7.6699,-15.317,-2.617,-0.352,-7.184,0.0938,-0.0151,0.9517,
31.012,IMU,47.3233,41.9765,44.6499,-3.2384,7.6699,-15.317,-2.610,-0.324,-6.835,0.0190,-0.0278,1.0137,
31.018,ENC,47.2347,42.1163,44.6755,-4.4315,6.9881,-14.663,-2.610,-0.324,-6.835,0.0190,-0.0278,1.0137,
31.032,IMU,47.2347,42.1163,44.6755,-4.4315,6.9881,-14.663,-2.542,-0.324,-6.460,0.0181,0.0239,1.0044,
31.039,ENC,47.1103,42.2714,44.6908,-6.2211,7.7551,-13.862,-2.542,-0.324,-6.460,0.0181,0.0239,1.0044,
31.051,IMU,47.1103,42.2714,44.6908,-6.2211,7.7551,-13.862,-2.462,-0.156,-6.012,-0.0098,0.0796,0.9102,
31.060,ENC,46.9500,42.4163,44.6832,-8.0108,7.2438,-12.988,-2.462,-0.156,-6.012,-0.0098,0.0796,0.9102,
31.071,IMU,46.9500,42.4163,44.6832,-8.0108,7.2438,-12.988,-2.433,-0.030,-5.544,0.0386,0.0708,0.8486,
31.078,ENC,46.7711,42.5731,44.6721,-8.9482,7.8403,-12.026,-2.433,-0.030,-5.544,0.0386,0.0708,0.8486,
31.091,IMU,46.7711,42.5731,44.6721,-8.9482,7.8403,-12.026,-2.452,0.103,-5.040,0.1177,0.1079,0.9746,
31.097,ENC,46.6023,42.7180,44.6601,-8.4369,7.2438,-11.128,-2.452,0.103,-5.040,0.1177,0.1079,0.9746,
31.111,IMU,46.6023,42.7180,44.6601,-8.4369,7.2438,-11.128,-2.448,0.109,-4.536,0.0317,-0.0527,0.9888,
31.119,ENC,46.4166,42.8645,44.6405,-9.2891,7.3290,-10.176,-2.448,0.109,-4.536,0.0317,-0.0527,0.9888,
31.131,IMU,46.4166,42.8645,44.6405,-9.2891,7.3290,-10.176,-2.440,0.195,-3.978,-0.0024,0.0347,1.0151,
31.138,ENC,46.2171,43.0094,44.6133,-9.9709,7.2438,-9.189,-2.440,0.195,-3.978,-0.0024,0.0347,1.0151,
31.151,IMU,46.2171,43.0094,44.6133,-9.9709,7.2438,-9.189,-2.461,0.208,-3.459,0.0493,-0.0303,1.1162,
31.161,ENC,46.0297,43.1492,44.5894,-9.3743,6.9881,-8.252,-2.461,0.208,-3.459,0.0493,-0.0303,1.1162,
31.171,IMU,46.0297,43.1492,44.5894,-9.3743,6.9881,-8.252,-2.468,0.180,-2.931,0.0435,-0.0493,1.0522,
31.178,ENC,45.8064,43.2923,44.5494,-11.1640,7.1586,-7.202,-2.468,0.180,-2.931,0.0435,-0.0493,1.0522,
31.191,IMU,45.8064,43.2923,44.5494,-11.1640,7.1586,-7.202,-2.452,0.322,-2.362,0.0117,0.0649,0.9380,
31.198,ENC,45.5848,43.4321,44.5085,-11.0788,6.9881,-6.167,-2.452,0.322,-2.362,0.0117,0.0649,0.9380,
31.211,IMU,45.5848,43.4321,44.5085,-11.0788,6.9881,-6.167,-2.287,0.484,-1.771,-0.0771,0.0703,0.9253,
31.217,ENC,45.3479,43.5702,44.4590,-11.8457,6.9029,-5.093,-2.287,0.484,-1.771,-0.0771,0.0703,0.9253,
31.231,IMU,45.3479,43.5702,44.4590,-11.8457,6.9029,-5.093,-2.266,0.499,-1.226,0.0186,0.0044,1.0146,
31.238,ENC,45.1314,43.7082,44.4198,-10.8231,6.9029,-4.077,-2.266,0.499,-1.226,0.0186,0.0044,1.0146,
31.252,IMU,45.1314,43.7082,44.4198,-10.8231,6.9029,-4.077,-2.329,0.528,-0.647,0.0615,0.0024,0.9546,
31.258,ENC,44.9167,43.8480,44.3823,-10.7379,6.9881,-3.062,-2.329,0.528,-0.647,0.0615,0.0024,0.9546,
31.271,IMU,44.9167,43.8480,44.3823,-10.7379,6.9881,-3.062,-2.354,0.565,-0.065,0.0767,0.0239,1.0098,
31.280,ENC,44.7019,44.0048,44.3534,-10.7379,7.8403,-1.997,-2.354,0.565,-0.065,0.0767,0.0239,1.0098,
31.291,IMU,44.7019,44.0048,44.3534,-10.7379,7.8403,-1.997,-2.313,0.707,0.499,-0.0015,0.1074,0.9717,
31.299,ENC,44.4923,44.1531,44.3227,-10.4822,7.4142,-0.972,-2.313,0.707,0.499,-0.0015,0.1074,0.9717,
31.311,IMU,44.4923,44.1531,44.3227,-10.4822,7.4142,-0.972,-2.282,0.787,1.064,0.0151,0.0874,0.9932,
31.318,ENC,44.3048,44.3048,44.3048,-9.3743,7.5847,0.000,-2.282,0.787,1.064,0.0151,0.0874,0.9932,
31.331,IMU,44.3048,44.3048,44.3048,-9.3743,7.5847,0.000,-2.290,0.701,1.651,0.0107,-0.0503,1.0459,
31.338,ENC,44.1002,44.4684,44.2843,-10.2265,8.1812,1.055,-2.290,0.701,1.651,0.0107,-0.0503,1.0459,
31.351,IMU,44.1002,44.4684,44.2843,-10.2265,8.1812,1.055,-2.297,0.582,2.200,-0.0146,-0.1187,1.0010,
31.358,ENC,43.9042,44.6099,44.2571,-9.8004,7.0734,2.021,-2.297,0.582,2.200,-0.0146,-0.1187,1.0010,
31.373,IMU,43.9042,44.6099,44.2571,-9.8004,7.0734,2.021,-2.359,0.511,2.827,0.0474,-0.0586,1.0254,
31.379,ENC,43.7185,44.7650,44.2417,-9.2891,7.7551,2.998,-2.359,0.511,2.827,0.0474,-0.0586,1.0254,
31.392,IMU,43.7185,44.7650,44.2417,-9.2891,7.7551,2.998,-2.428,0.428,3.393,0.1362,-0.0913,0.8950,
31.398,ENC,43.5088,44.9167,44.2127,-10.4822,7.5847,4.033,-2.428,0.428,3.393,0.1362,-0.0913,0.8950,
31.411,IMU,43.5088,44.9167,44.2127,-10.4822,7.5847,4.033,-2.457,0.531,4.020,0.0708,0.0244,1.0117,
31.418,ENC,43.3111,45.0735,44.1923,-9.8857,7.8403,5.049,-2.457,0.531,4.020,0.0708,0.0244,1.0117,
31.431,IMU,43.3111,45.0735,44.1923,-9.8857,7.8403,5.049,-2.406,0.580,4.590,0.0063,0.0088,1.0259,
31.439,ENC,43.1236,45.2218,44.1727,-9.3743,7.4142,6.011,-2.406,0.580,4.590,0.0063,0.0088,1.0259,
31.451,IMU,43.1236,45.2218,44.1727,-9.3743,7.4142,6.011,-2.348,0.686,5.127,-0.0107,0.0488,1.0361,
31.458,ENC,42.9378,45.3649,44.1514,-9.2891,7.1586,6.953,-2.348,0.686,5.127,-0.0107,0.0488,1.0361,
31.471,IMU,42.9378,45.3649,44.1514,-9.2891,7.1586,6.953,-2.287,0.677,5.715,-0.0010,-0.0405,0.9985,
31.478,ENC,42.7589,45.5030,44.1309,-8.9482,6.9029,7.861,-2.287,0.677,5.715,-0.0010,-0.0405,0.9985,
31.491,IMU,42.7589,45.5030,44.1309,-8.9482,6.9029,7.861,-2.373,0.572,6.199,0.1299,-0.0869,1.0396,
31.498,ENC,42.5952,45.6513,44.1233,-8.1812,7.4142,8.755,-2.373,0.572,6.199,0.1299,-0.0869,1.0396,
31.511,IMU,42.5952,45.6513,44.1233,-8.1812,7.4142,8.755,-2.473,0.448,6.626,0.1265,-0.1050,0.9995,
31.518,ENC,42.4708,45.7910,44.1309,-6.2211,6.9881,9.512,-2.473,0.448,6.626,0.1265,-0.1050,0.9995,
31.531,IMU,42.4708,45.7910,44.1309,-6.2211,6.9881,9.512,-2.483,0.367,6.973,0.0454,-0.0776,1.0054,
31.537,ENC,42.3788,45.9223,44.1505,-4.6019,6.5620,10.151,-2.483,0.367,6.973,0.0454,-0.0776,1.0054,
31.553,IMU,42.3788,45.9223,44.1505,-4.6019,6.5620,10.151,-2.585,0.311,7.323,0.0820,-0.0840,0.9624,
31.558,ENC,42.3208,46.0467,44.1838,-2.8975,6.2211,10.674,-2.585,0.311,7.323,0.0820,-0.0840,0.9624,
31.572,IMU,42.3208,46.0467,44.1838,-2.8975,6.2211,10.674,-2.729,0.202,7.529,0.1445,-0.0898,1.0342,
31.578,ENC,42.3089,46.1609,44.2349,-0.5965,5.7098,11.035,-2.729,0.202,7.529,0.1445,-0.0898,1.0342,
31.591,IMU,42.3089,46.1609,44.2349,-0.5965,5.7098,11.035,-2.864,0.120,7.693,0.0981,-0.0957,0.9209,
31.597,ENC,42.3328,46.2683,44.3005,1.1931,5.3689,11.274,-2.864,0.120,7.693,0.0981,-0.0957,0.9209,
31.611,IMU,42.3328,46.2683,44.3005,1.1931,5.3689,11.274,-2.853,0.121,7.853,0.0332,-0.0088,1.0669,
31.618,ENC,42.3583,46.3808,44.3695,1.2783,5.6246,11.523,-2.853,0.121,7.853,0.0332,-0.0088,1.0669,
31.631,IMU,42.3583,46.3808,44.3695,1.2783,5.6246,11.523,-2.822,0.136,8.016,0.0405,0.0039,0.9976,
31.642,ENC,42.3668,46.4984,44.4326,0.4261,5.8803,11.836,-2.822,0.136,8.016,0.0405,0.0039,0.9976,
31.652,IMU,42.3668,46.4984,44.4326,0.4261,5.8803,11.836,-2.899,0.147,8.205,0.0728,0.0186,0.9458,
31.657,ENC,42.3856,46.6245,44.5050,0.9374,6.3064,12.144,-2.899,0.147,8.205,0.0728,0.0186,0.9458,
31.674,IMU,42.3856,46.6245,44.5050,0.9374,6.3064,12.144,-2.909,0.097,8.369,0.0415,-0.0063,1.0195,
31.678,ENC,42.4163,46.7472,44.5817,1.5340,6.1359,12.407,-2.909,0.097,8.369,0.0415,-0.0063,1.0195,
31.694,IMU,42.4163,46.7472,44.5817,1.5340,6.1359,12.407,-3.005,0.094,8.564,0.0972,-0.0278,1.0186,
31.697,ENC,42.4299,46.8699,44.6499,0.6818,6.1359,12.720,-3.005,0.094,8.564,0.0972,-0.0278,1.0186,
31.711,IMU,42.4299,46.8699,44.6499,0.6818,6.1359,12.720,-3.008,0.041,8.756,0.0439,-0.0439,0.9805,
31.719,ENC,42.4589,47.0012,44.7300,1.4488,6.5620,13.013,-3.008,0.041,8.756,0.0439,-0.0439,0.9805,
31.731,IMU,42.4589,47.0012,44.7300,1.4488,6.5620,13.013,-3.053,0.138,8.951,0.0728,0.0811,0.9751,
31.752,IMU,42.4589,47.0012,44.7300,1.4488,6.5620,13.013,-3.084,0.211,9.140,0.0518,0.0420,0.9434,
31.769,ENC,42.4998,47.2415,44.8706,1.0227,6.0081,13.584,-3.084,0.211,9.140,0.0518,0.0420,0.9434,
31.772,IMU,42.4998,47.2415,44.8706,1.0227,6.0081,13.584,-3.007,0.198,9.298,-0.0386,0.0356,1.0669,
31.778,ENC,42.5305,47.3693,44.9499,1.5340,6.3916,13.862,-3.007,0.198,9.298,-0.0386,0.0356,1.0669,
31.791,IMU,42.5305,47.3693,44.9499,1.5340,6.3916,13.862,-3.040,0.284,9.467,0.0630,0.0718,1.0063,
31.801,ENC,42.5475,47.4903,45.0189,0.8522,6.0507,14.160,-3.040,0.284,9.467,0.0630,0.0718,1.0063,
31.811,IMU,42.5475,47.4903,45.0189,0.8522,6.0507,14.160,-3.093,0.303,9.664,0.0918,0.0132,0.9839,
31.818,ENC,42.5765,47.6165,45.0965,1.4488,6.3064,14.438,-3.093,0.303,9.664,0.0918,0.0132,0.9839,
31.831,IMU,42.5765,47.6165,45.0965,1.4488,6.3064,14.438,-3.053,0.338,9.800,-0.0083,0.0054,1.0391,
31.838,ENC,42.5867,47.7443,45.1655,0.5113,6.3916,14.775,-3.053,0.338,9.800,-0.0083,0.0054,1.0391,
31.857,IMU,42.5867,47.7443,45.1655,0.5113,6.3916,14.775,-3.080,0.337,9.959,0.0957,-0.0005,0.9351,
31.859,ENC,42.6072,47.8721,45.2397,1.0227,6.3916,15.083,-3.080,0.337,9.959,0.0957,-0.0005,0.9351,
31.871,IMU,42.6072,47.8721,45.2397,1.0227,6.3916,15.083,-3.054,0.339,10.108,0.0581,0.0220,1.0034,
31.878,ENC,42.6276,47.9983,45.3129,1.0227,6.3064,15.386,-3.054,0.339,10.108,0.0581,0.0220,1.0034,
31.892,IMU,42.6276,47.9983,45.3129,1.0227,6.3064,15.386,-3.018,0.314,10.238,0.0205,-0.0669,0.9922,
31.898,ENC,42.6293,48.1108,45.3700,0.0852,5.6246,15.703,-3.018,0.314,10.238,0.0205,-0.0669,0.9922,
31.911,IMU,42.6293,48.1108,45.3700,0.0852,5.6246,15.703,-3.003,0.384,10.366,0.0405,0.0283,0.9785,
31.918,ENC,42.6225,48.2318,45.4271,-0.3409,6.0507,16.069,-3.003,0.384,10.366,0.0405,0.0283,0.9785,
31.931,IMU,42.6225,48.2318,45.4271,-0.3409,6.0507,16.069,-2.918,0.467,10.529,-0.0122,0.0518,1.0029,
31.938,ENC,42.6174,48.3613,45.4893,-0.2557,6.4768,16.455,-2.918,0.467,10.529,-0.0122,0.0518,1.0029,
31.952,IMU,42.6174,48.3613,45.4893,-0.2557,6.4768,16.455,-2.977,0.475,10.755,0.0845,-0.0127,0.9980,
31.958,ENC,42.6140,48.4908,45.5524,-0.1704,6.4768,16.836,-2.977,0.475,10.755,0.0845,-0.0127,0.9980,
31.971,IMU,42.6140,48.4908,45.5524,-0.1704,6.4768,16.836,-3.064,0.532,10.942,0.1001,0.0254,1.0381,
31.986,ENC,42.6106,48.6153,45.6129,-0.1704,6.2211,17.202,-3.064,0.532,10.942,0.1001,0.0254,1.0381,
31.990,IMU,42.6106,48.6153,45.6129,-0.1704,6.2211,17.202,-3.077,0.603,11.175,0.0044,0.0396,1.0024,
31.998,ENC,42.5884,48.7397,45.6641,-1.1079,6.2211,17.622,-3.077,0.603,11.175,0.0044,0.0396,1.0024,
32.011,IMU,42.5884,48.7397,45.6641,-1.1079,6.2211,17.622,-3.064,0.648,11.490,0.0244,0.0400,0.9800,
32.017,ENC,42.5373,48.8726,45.7050,-2.5566,6.6473,18.149,-3.064,0.648,11.490,0.0244,0.0400,0.9800,
32.033,IMU,42.5373,48.8726,45.7050,-2.5566,6.6473,18.149,-3.062,0.658,11.835,-0.0010,0.0073,1.0859,
32.038,ENC,42.4640,49.0107,45.7373,-3.6645,6.9029,18.755,-3.062,0.658,11.835,-0.0010,0.0073,1.0859,
32.051,IMU,42.4640,49.0107,45.7373,-3.6645,6.9029,18.755,-3.111,0.670,12.198,0.0938,-0.0283,0.9819,
32.058,ENC,42.3839,49.1453,45.7646,-4.0054,6.7325,19.370,-3.111,0.670,12.198,0.0938,-0.0283,0.9819,
32.071,IMU,42.3839,49.1453,45.7646,-4.0054,6.7325,19.370,-3.129,0.589,12.501,0.0571,-0.0605,1.0122,
32.078,ENC,42.3089,49.2783,45.7936,-3.7497,6.6473,19.966,-3.129,0.589,12.501,0.0571,-0.0605,1.0122,
32.092,IMU,42.3089,49.2783,45.7936,-3.7497,6.6473,19.966,-3.120,0.489,12.781,0.0400,-0.0742,1.0029,
32.098,ENC,42.2322,49.4095,45.8209,-3.8350,6.5620,20.562,-3.120,0.489,12.781,0.0400,-0.0742,1.0029,
32.110,IMU,42.2322,49.4095,45.8209,-3.8350,6.5620,20.562,-3.081,0.592,13.042,0.0391,0.0474,0.9126,
32.119,ENC,42.1436,49.5510,45.8473,-4.4315,7.0734,21.221,-3.081,0.592,13.042,0.0391,0.0474,0.9126,
32.131,IMU,42.1436,49.5510,45.8473,-4.4315,7.0734,21.221,-3.119,0.573,13.372,0.0718,-0.0269,0.9224,
32.138,ENC,42.0532,49.6839,45.8686,-4.5167,6.6473,21.860,-3.119,0.573,13.372,0.0718,-0.0269,0.9224,
32.153,IMU,42.0532,49.6839,45.8686,-4.5167,6.6473,21.860,-3.145,0.655,13.713,0.0366,0.0659,1.0337,
32.159,ENC,41.9407,49.8135,45.8771,-5.6246,6.4768,22.554,-3.145,0.655,13.713,0.0366,0.0659,1.0337,
32.172,IMU,41.9407,49.8135,45.8771,-5.6246,6.4768,22.554,-3.166,0.711,14.080,0.1187,0.0337,0.9155,
32.179,ENC,41.8317,49.9464,45.8890,-5.4542,6.6473,23.247,-3.166,0.711,14.080,0.1187,0.0337,0.9155,
32.191,IMU,41.8317,49.9464,45.8890,-5.4542,6.6473,23.247,-3.194,0.735,14.405,0.1177,-0.0024,0.9863,
32.198,ENC,41.7192,50.0811,45.9001,-5.6246,6.7325,23.955,-3.194,0.735,14.405,0.1177,-0.0024,0.9863,
32.214,IMU,41.7192,50.0811,45.9001,-5.6246,6.7325,23.955,-3.176,0.661,14.692,-0.0103,-0.0356,1.0640,
32.218,ENC,41.6135,50.2123,45.9129,-5.2837,6.5620,24.634,-3.176,0.661,14.692,-0.0103,-0.0356,1.0640,
32.231,IMU,41.6135,50.2123,45.9129,-5.2837,6.5620,24.634,-3.225,0.688,14.987,0.0957,-0.0420,0.9341,
32.238,ENC,41.5215,50.3384,45.9299,-4.6019,6.3064,25.259,-3.225,0.688,14.987,0.0957,-0.0420,0.9341,
32.253,IMU,41.5215,50.3384,45.9299,-4.6019,6.3064,25.259,-3.167,0.774,15.289,0.0088,0.0542,0.9536,
32.260,ENC,41.4175,50.4697,45.9436,-5.1985,6.5620,25.933,-3.167,0.774,15.289,0.0088,0.0542,0.9536,
32.271,IMU,41.4175,50.4697,45.9436,-5.1985,6.5620,25.933,-3.130,0.773,15.676,0.0298,0.0254,0.9917,
32.278,ENC,41.3169,50.6060,45.9615,-5.0280,6.8177,26.611,-3.130,0.773,15.676,0.0298,0.0254,0.9917,
32.290,IMU,41.3169,50.6060,45.9615,-5.0280,6.8177,26.611,-3.114,0.846,16.014,0.0405,0.0645,0.9341,
32.298,ENC,41.2317,50.7287,45.9802,-4.2611,6.1359,27.207,-3.114,0.846,16.014,0.0405,0.0645,0.9341,
32.311,IMU,41.2317,50.7287,45.9802,-4.2611,6.1359,27.207,-3.103,0.863,16.412,0.0532,0.0049,0.9028,
32.318,ENC,41.1363,50.8702,46.0032,-4.7724,7.0734,27.886,-3.103,0.863,16.412,0.0532,0.0049,0.9028,
32.332,IMU,41.1363,50.8702,46.0032,-4.7724,7.0734,27.886,-3.302,0.739,16.843,0.1665,-0.0640,0.9497,
32.337,ENC,41.0391,51.0100,46.0245,-4.8576,6.9881,28.564,-3.302,0.739,16.843,0.1665,-0.0640,0.9497,
32.351,IMU,41.0391,51.0100,46.0245,-4.8576,6.9881,28.564,-3.304,0.749,17.175,0.0571,-0.0073,1.0171,
32.358,ENC,40.9539,51.1395,46.0467,-4.2611,6.4768,29.180,-3.304,0.749,17.175,0.0571,-0.0073,1.0171,
32.373,IMU,40.9539,51.1395,46.0467,-4.2611,6.4768,29.180,-3.369,0.782,17.569,0.0493,0.0063,1.0166,
32.391,IMU,40.9539,51.1395,46.0467,-4.2611,6.4768,29.180,-3.364,0.770,17.944,0.0371,-0.0200,1.0205,
32.398,ENC,40.7698,51.4241,46.0970,-4.6019,7.1160,30.522,-3.364,0.770,17.944,0.0371,-0.0200,1.0205,
32.411,IMU,40.7698,51.4241,46.0970,-4.6019,7.1160,30.522,-3.378,0.849,18.307,0.0542,0.0376,1.0112,
32.418,ENC,40.6744,51.5571,46.1157,-4.7724,6.6473,31.177,-3.378,0.849,18.307,0.0542,0.0376,1.0112,
32.431,IMU,40.6744,51.5571,46.1157,-4.7724,6.6473,31.177,-3.362,0.801,18.659,0.0483,-0.0151,1.0337,
32.438,ENC,40.5857,51.6900,46.1379,-4.4315,6.6473,31.812,-3.362,0.801,18.659,0.0483,-0.0151,1.0337,
32.451,IMU,40.5857,51.6900,46.1379,-4.4315,6.6473,31.812,-3.441,0.882,19.057,0.1011,0.0654,0.9985,
32.457,ENC,40.4954,51.8315,46.1634,-4.5167,7.0734,32.476,-3.441,0.882,19.057,0.1011,0.0654,0.9985,
32.471,IMU,40.4954,51.8315,46.1634,-4.5167,7.0734,32.476,-3.438,0.813,19.416,0.0825,-0.0698,0.9609,
32.478,ENC,40.4051,51.9713,46.1882,-4.5167,6.9881,33.135,-3.438,0.813,19.416,0.0825,-0.0698,0.9609,
32.495,IMU,40.4051,51.9713,46.1882,-4.5167,6.9881,33.135,-3.383,0.843,19.791,0.0356,0.0293,0.9912,
32.498,ENC,40.3130,52.1161,46.2146,-4.6019,7.2438,33.813,-3.383,0.843,19.791,0.0356,0.0293,0.9912,
32.511,IMU,40.3130,52.1161,46.2146,-4.6019,7.2438,33.813,-3.307,0.714,20.176,-0.0015,-0.1206,1.0415,
32.518,ENC,40.2261,52.2559,46.2410,-4.3463,6.9881,34.463,-3.307,0.714,20.176,-0.0015,-0.1206,1.0415,
32.531,IMU,40.2261,52.2559,46.2410,-4.3463,6.9881,34.463,-3.276,0.796,20.506,0.0200,0.0503,0.9785,
32.538,ENC,40.1341,52.3906,46.2623,-4.6019,6.7325,35.112,-3.276,0.796,20.506,0.0200,0.0503,0.9785,
32.551,IMU,40.1341,52.3906,46.2623,-4.6019,6.7325,35.112,-3.167,0.775,20.797,0.0234,-0.0562,0.9951,
32.557,ENC,40.0608,52.5286,46.2947,-3.6645,6.9029,35.718,-3.167,0.775,20.797,0.0234,-0.0562,0.9951,
32.571,IMU,40.0608,52.5286,46.2947,-3.6645,6.9029,35.718,-3.173,0.802,21.243,0.0327,0.0254,1.0469,
32.577,ENC,39.9636,52.6701,46.3168,-4.8576,7.0734,36.401,-3.173,0.802,21.243,0.0327,0.0254,1.0469,
32.598,ENC,39.8716,52.8167,46.3441,-4.6019,7.3290,37.085,-3.173,0.802,21.243,0.0327,0.0254,1.0469,
32.610,IMU,39.8716,52.8167,46.3441,-4.6019,7.3290,37.085,-3.074,0.916,22.027,-0.0283,0.0020,0.9727,
32.617,ENC,39.7829,52.9564,46.3697,-4.4315,6.9881,37.739,-3.074,0.916,22.027,-0.0283,0.0020,0.9727,
32.631,IMU,39.7829,52.9564,46.3697,-4.4315,6.9881,37.739,-3.034,0.877,22.370,0.0366,-0.0073,0.9536,
32.638,ENC,39.7011,53.1030,46.4021,-4.0906,7.3290,38.394,-3.034,0.877,22.370,0.0366,-0.0073,0.9536,
32.651,IMU,39.7011,53.1030,46.4021,-4.0906,7.3290,38.394,-3.080,0.893,22.755,0.1143,-0.0015,0.9365,
32.658,ENC,39.6159,53.2411,46.4285,-4.2611,6.9029,39.033,-3.080,0.893,22.755,0.1143,-0.0015,0.9365,
32.672,IMU,39.6159,53.2411,46.4285,-4.2611,6.9029,39.033,-3.142,0.757,23.083,0.1401,-0.0859,0.9692,
32.677,ENC,39.5494,53.3808,46.4651,-3.3236,6.9881,39.624,-3.142,0.757,23.083,0.1401,-0.0859,0.9692,
32.695,IMU,39.5494,53.3808,46.4651,-3.3236,6.9881,39.624,-3.209,0.683,23.373,0.1533,-0.0610,0.9819,
32.698,ENC,39.4813,53.5291,46.5052,-3.4088,7.4142,40.244,-3.209,0.683,23.373,0.1533,-0.0610,0.9819,
32.711,IMU,39.4813,53.5291,46.5052,-3.4088,7.4142,40.244,-3.225,0.648,23.720,0.0850,-0.0693,0.9619,
32.718,ENC,39.4199,53.6774,46.5486,-3.0680,7.4142,40.845,-3.225,0.648,23.720,0.0850,-0.0693,0.9619,
32.731,IMU,39.4199,53.6774,46.5486,-3.0680,7.4142,40.845,-3.238,0.717,23.969,0.0571,0.0269,1.0483,
32.738,ENC,39.3722,53.8189,46.5955,-2.3862,7.0734,41.387,-3.238,0.717,23.969,0.0571,0.0269,1.0483,
32.754,IMU,39.3722,53.8189,46.5955,-2.3862,7.0734,41.387,-3.230,0.679,24.255,0.0659,-0.0513,0.9629,
32.758,ENC,39.3193,53.9723,46.6458,-2.6419,7.6699,41.978,-3.230,0.679,24.255,0.0659,-0.0513,0.9629,
32.771,IMU,39.3193,53.9723,46.6458,-2.6419,7.6699,41.978,-3.227,0.693,24.600,0.0215,0.0269,0.9238,
32.779,ENC,39.2682,54.1137,46.6910,-2.5566,7.0734,42.529,-3.227,0.693,24.600,0.0215,0.0269,0.9238,
32.791,IMU,39.2682,54.1137,46.6910,-2.5566,7.0734,42.529,-3.292,0.590,24.972,0.0596,-0.0786,0.9663,
32.800,ENC,39.2341,54.2586,46.7464,-1.7044,7.2438,43.042,-3.292,0.590,24.972,0.0596,-0.0786,0.9663,
32.811,IMU,39.2341,54.2586,46.7464,-1.7044,7.2438,43.042,-3.347,0.473,25.248,0.0815,-0.0908,0.9565,
32.820,ENC,39.2085,54.4018,46.8052,-1.2783,7.1586,43.525,-3.347,0.473,25.248,0.0815,-0.0908,0.9565,
32.831,IMU,39.2085,54.4018,46.8052,-1.2783,7.1586,43.525,-3.328,0.378,25.572,-0.0342,-0.0889,1.1104,
32.838,ENC,39.2017,54.5467,46.8742,-0.3409,7.2438,43.960,-3.328,0.378,25.572,-0.0342,-0.0889,1.1104,
32.851,IMU,39.2017,54.5467,46.8742,-0.3409,7.2438,43.960,-3.339,0.340,25.888,-0.0034,-0.0337,1.1226,
32.858,ENC,39.2000,54.6898,46.9449,-0.0852,7.1586,44.375,-3.339,0.340,25.888,-0.0034,-0.0337,1.1226,
32.870,IMU,39.2000,54.6898,46.9449,-0.0852,7.1586,44.375,-3.186,0.337,26.219,-0.0039,0.0059,1.0215,
32.878,ENC,39.1983,54.8466,47.0225,-0.0852,7.8403,44.829,-3.186,0.337,26.219,-0.0039,0.0059,1.0215,
32.903,ENC,39.1966,54.9932,47.0949,-0.0852,7.3290,45.254,-3.186,0.337,26.219,-0.0039,0.0059,1.0215,
32.912,IMU,39.1966,54.9932,47.0949,-0.0852,7.3290,45.254,-3.258,0.154,26.863,0.0547,-0.0977,1.0396,
32.918,ENC,39.1983,55.1517,47.1750,0.0852,7.9256,45.703,-3.258,0.154,26.863,0.0547,-0.0977,1.0396,
32.932,IMU,39.1983,55.1517,47.1750,0.0852,7.9256,45.703,-3.323,0.097,27.090,0.0962,-0.1001,1.0010,
32.938,ENC,39.1983,55.2949,47.2466,0.0000,7.1586,46.113,-3.323,0.097,27.090,0.0962,-0.1001,1.0010,
32.951,IMU,39.1983,55.2949,47.2466,0.0000,7.1586,46.113,-3.285,0.099,27.287,-0.0391,-0.0122,1.0308,
32.958,ENC,39.1983,55.4534,47.3259,0.0000,7.9256,46.567,-3.285,0.099,27.287,-0.0391,-0.0122,1.0308,
32.973,IMU,39.1983,55.4534,47.3259,0.0000,7.9256,46.567,-3.254,0.192,27.617,0.0181,0.0322,0.9736,
32.978,ENC,39.1983,55.6102,47.4043,0.0000,7.8403,47.017,-3.254,0.192,27.617,0.0181,0.0322,0.9736,
32.991,IMU,39.1983,55.6102,47.4043,0.0000,7.8403,47.017,-3.287,0.278,27.942,0.1060,0.0371,1.0376,
32.998,ENC,39.1983,55.7653,47.4818,0.0000,7.7551,47.461,-3.287,0.278,27.942,0.1060,0.0371,1.0376,
33.011,IMU,39.1983,55.7653,47.4818,0.0000,7.7551,47.461,-3.273,0.343,28.131,0.0684,0.0391,1.0366,
33.018,ENC,39.1983,55.9153,47.5568,0.0000,7.4995,47.891,-3.273,0.343,28.131,0.0684,0.0391,1.0366,
33.031,IMU,39.1983,55.9153,47.5568,0.0000,7.4995,47.891,-3.252,0.372,28.405,0.0811,0.0044,0.9634,
33.038,ENC,39.1983,56.0738,47.6361,0.0000,7.9256,48.345,-3.252,0.372,28.405,0.0811,0.0044,0.9634,
33.050,IMU,39.1983,56.0738,47.6361,0.0000,7.9256,48.345,-3.341,0.371,28.651,0.1421,-0.0342,0.9736,
33.061,ENC,39.1983,56.2204,47.7094,0.0000,7.3290,48.765,-3.341,0.371,28.651,0.1421,-0.0342,0.9736,
33.074,IMU,39.1983,56.2204,47.7094,0.0000,7.3290,48.765,-3.314,0.466,28.935,-0.0024,0.0332,1.0923,
33.077,ENC,39.1966,56.3670,47.7818,-0.0852,7.3290,49.189,-3.314,0.466,28.935,-0.0024,0.0332,1.0923,
33.092,IMU,39.1966,56.3670,47.7818,-0.0852,7.3290,49.189,-3.345,0.444,29.219,0.1167,-0.0176,0.9443,
33.098,ENC,39.1864,56.5204,47.8534,-0.5113,7.6699,49.658,-3.345,0.444,29.219,0.1167,-0.0176,0.9443,
33.111,IMU,39.1864,56.5204,47.8534,-0.5113,7.6699,49.658,-3.320,0.514,29.471,0.0244,0.0898,0.9639,
33.119,ENC,39.1591,56.6635,47.9113,-1.3635,7.1586,50.146,-3.320,0.514,29.471,0.0244,0.0898,0.9639,
33.131,IMU,39.1591,56.6635,47.9113,-1.3635,7.1586,50.146,-3.345,0.652,29.725,0.1094,0.1216,0.9390,
33.138,ENC,39.1455,56.7999,47.9727,-0.6818,6.8177,50.576,-3.345,0.652,29.725,0.1094,0.1216,0.9390,
33.151,IMU,39.1455,56.7999,47.9727,-0.6818,6.8177,50.576,-3.386,0.709,29.970,0.0840,0.0317,0.9736,
33.158,ENC,39.1301,56.9448,48.0375,-0.7670,7.2438,51.035,-3.386,0.709,29.970,0.0840,0.0317,0.9736,
33.171,IMU,39.1301,56.9448,48.0375,-0.7670,7.2438,51.035,-3.373,0.653,30.230,0.0884,-0.0361,0.9775,
33.177,ENC,39.1046,57.0862,48.0954,-1.2783,7.0734,51.514,-3.373,0.653,30.230,0.0884,-0.0361,0.9775,
33.192,IMU,39.1046,57.0862,48.0954,-1.2783,7.0734,51.514,-3.337,0.655,30.498,0.0225,0.0039,0.9146,
33.198,ENC,39.0926,57.2260,48.1593,-0.5965,6.9881,51.948,-3.337,0.655,30.498,0.0225,0.0039,0.9146,
33.211,IMU,39.0926,57.2260,48.1593,-0.5965,6.9881,51.948,-3.379,0.677,30.793,0.0698,0.0225,1.0264,
33.218,ENC,39.0858,57.3658,48.2258,-0.3409,6.9881,52.368,-3.379,0.677,30.793,0.0698,0.0225,1.0264,
33.231,IMU,39.0858,57.3658,48.2258,-0.3409,6.9881,52.368,-3.347,0.714,31.083,-0.0093,0.0229,1.0664,
33.238,ENC,39.0586,57.4953,48.2769,-1.3635,6.4768,52.817,-3.347,0.714,31.083,-0.0093,0.0229,1.0664,
33.251,IMU,39.0586,57.4953,48.2769,-1.3635,6.4768,52.817,-3.451,0.710,31.328,0.0830,0.0234,1.0898,
33.258,ENC,39.0381,57.6231,48.3306,-1.0227,6.3916,53.242,-3.451,0.710,31.328,0.0830,0.0234,1.0898,
33.271,IMU,39.0381,57.6231,48.3306,-1.0227,6.3916,53.242,-3.489,0.774,31.622,0.1021,0.0352,0.9536,
33.277,ENC,39.0245,57.7459,48.3852,-0.6818,6.1359,53.633,-3.489,0.774,31.622,0.1021,0.0352,0.9536,
33.291,IMU,39.0245,57.7459,48.3852,-0.6818,6.1359,53.633,-3.454,0.707,31.866,0.0806,-0.0522,0.8789,
33.299,ENC,38.9938,57.8856,48.4397,-1.5340,6.9881,54.121,-3.454,0.707,31.866,0.0806,-0.0522,0.8789,
33.313,IMU,38.9938,57.8856,48.4397,-1.5340,6.9881,54.121,-3.425,0.733,32.101,0.0859,0.0259,0.9478,
33.318,ENC,38.9836,58.0134,48.4985,-0.5113,6.3916,54.517,-3.425,0.733,32.101,0.0859,0.0259,0.9478,
33.331,IMU,38.9836,58.0134,48.4985,-0.5113,6.3916,54.517,-3.459,0.793,32.383,0.1094,0.0107,0.9272,
33.337,ENC,38.9767,58.1413,48.5590,-0.3409,6.3916,54.902,-3.459,0.793,32.383,0.1094,0.0107,0.9272,
33.352,IMU,38.9767,58.1413,48.5590,-0.3409,6.3916,54.902,-3.487,0.805,32.620,0.0562,0.0151,0.9800,
33.359,ENC,38.9478,58.2623,48.6050,-1.4488,6.0507,55.332,-3.487,0.805,32.620,0.0562,0.0151,0.9800,
33.371,IMU,38.9478,58.2623,48.6050,-1.4488,6.0507,55.332,-3.537,0.871,32.921,0.0820,0.0776,0.9644,
33.379,ENC,38.9290,58.3935,48.6613,-0.9374,6.5620,55.762,-3.537,0.871,32.921,0.0820,0.0776,0.9644,
33.391,IMU,38.9290,58.3935,48.6613,-0.9374,6.5620,55.762,-3.645,0.930,33.148,0.1362,0.0229,0.9785,
33.399,ENC,38.9222,58.5043,48.7133,-0.3409,5.5394,56.099,-3.645,0.930,33.148,0.1362,0.0229,0.9785,
33.411,IMU,38.9222,58.5043,48.7133,-0.3409,5.5394,56.099,-3.618,0.905,33.399,0.0576,-0.0391,1.0166,
33.418,ENC,38.9018,58.6305,48.7661,-1.0227,6.3064,56.519,-3.618,0.905,33.399,0.0576,-0.0391,1.0166,
33.431,IMU,38.9018,58.6305,48.7661,-1.0227,6.3064,56.519,-3.544,0.954,33.600,0.0356,0.0093,0.9263,
33.438,ENC,38.8813,58.7566,48.8189,-1.0227,6.3064,56.938,-3.544,0.954,33.600,0.0356,0.0093,0.9263,
33.451,IMU,38.8813,58.7566,48.8189,-1.0227,6.3064,56.938,-3.540,0.981,33.835,0.0820,0.0063,0.9189,
33.458,ENC,38.8762,58.8793,48.8777,-0.2557,6.1359,57.305,-3.540,0.981,33.835,0.0820,0.0063,0.9189,
33.471,IMU,38.8762,58.8793,48.8777,-0.2557,6.1359,57.305,-3.557,0.979,34.075,0.0796,0.0117,0.9575,
33.478,ENC,38.8728,59.0020,48.9374,-0.1704,6.1359,57.666,-3.557,0.979,34.075,0.0796,0.0117,0.9575,
33.491,IMU,38.8728,59.0020,48.9374,-0.1704,6.1359,57.666,-3.552,0.970,34.315,0.0610,-0.0479,0.9927,
33.498,ENC,38.8557,59.1298,48.9928,-0.8522,6.3916,58.081,-3.552,0.970,34.315,0.0610,-0.0479,0.9927,
33.511,IMU,38.8557,59.1298,48.9928,-0.8522,6.3916,58.081,-3.546,0.917,34.573,0.0557,-0.0293,0.9082,
33.518,ENC,38.8319,59.2509,49.0414,-1.1931,6.0507,58.496,-3.546,0.917,34.573,0.0557,-0.0293,0.9082,
33.537,ENC,38.8199,59.3736,49.0968,-0.5965,6.1359,58.882,-3.546,0.917,34.573,0.0557,-0.0293,0.9082,
33.543,IMU,38.8199,59.3736,49.0968,-0.5965,6.1359,58.882,-3.493,0.960,34.740,0.0542,0.0361,0.9312,
33.552,IMU,38.8199,59.3736,49.0968,-0.5965,6.1359,58.882,-3.499,1.010,35.017,0.0293,0.0190,1.0776,
33.558,ENC,38.8182,59.4980,49.1581,-0.0852,6.2211,59.243,-3.499,1.010,35.017,0.0293,0.0190,1.0776,
33.571,IMU,38.8182,59.4980,49.1581,-0.0852,6.2211,59.243,-3.508,0.999,35.269,0.0542,0.0107,1.1030,
33.578,ENC,38.8182,59.6224,49.2203,0.0000,6.2211,59.600,-3.508,0.999,35.269,0.0542,0.0107,1.1030,
33.597,IMU,38.8182,59.6224,49.2203,0.0000,6.2211,59.600,-3.530,0.993,35.504,0.1050,-0.0151,0.9888,
33.598,ENC,38.8216,59.7400,49.2808,0.1704,5.8803,59.927,-3.530,0.993,35.504,0.1050,-0.0151,0.9888,
33.611,IMU,38.8216,59.7400,49.2808,0.1704,5.8803,59.927,-3.579,0.935,35.622,0.1187,0.0117,0.9536,
33.619,ENC,38.8302,59.8559,49.3430,0.4261,5.7950,60.234,-3.579,0.935,35.622,0.1187,0.0117,0.9536,
33.631,IMU,38.8302,59.8559,49.3430,0.4261,5.7950,60.234,-3.578,0.956,35.796,0.0552,0.0132,1.0137,
33.638,ENC,38.8455,59.9684,49.4070,0.7670,5.6246,60.513,-3.578,0.956,35.796,0.0552,0.0132,1.0137,
33.654,IMU,38.8455,59.9684,49.4070,0.7670,5.6246,60.513,-3.554,0.909,35.901,0.0566,-0.0483,0.9458,
33.658,ENC,38.8557,60.0775,49.4666,0.5113,5.4542,60.796,-3.554,0.909,35.901,0.0566,-0.0483,0.9458,
33.671,IMU,38.8557,60.0775,49.4666,0.5113,5.4542,60.796,-3.516,0.911,36.015,0.0264,0.0103,1.0078,
33.679,ENC,38.8557,60.1747,49.5152,0.0000,4.8576,61.074,-3.516,0.911,36.015,0.0264,0.0103,1.0078,
33.690,IMU,38.8557,60.1747,49.5152,0.0000,4.8576,61.074,-3.536,0.916,36.187,0.0781,0.0093,0.9351,
33.698,ENC,38.8557,60.2786,49.5672,0.0000,5.1985,61.372,-3.536,0.916,36.187,0.0781,0.0093,0.9351,
33.711,IMU,38.8557,60.2786,49.5672,0.0000,5.1985,61.372,-3.524,0.895,36.342,0.0610,0.0010,0.9395,
33.722,ENC,38.8557,60.3775,49.6166,0.0000,4.9428,61.655,-3.524,0.895,36.342,0.0610,0.0010,0.9395,
33.731,IMU,38.8557,60.3775,49.6166,0.0000,4.9428,61.655,-3.564,0.920,36.449,0.0894,0.0215,1.0054,
33.738,ENC,38.8557,60.4746,49.6652,0.0000,4.8576,61.934,-3.564,0.920,36.449,0.0894,0.0215,1.0054,
33.753,IMU,38.8557,60.4746,49.6652,0.0000,4.8576,61.934,-3.536,0.872,36.579,0.0571,-0.0283,0.9858,
33.757,ENC,38.8557,60.5769,49.7163,0.0000,5.1133,62.227,-3.536,0.872,36.579,0.0571,-0.0283,0.9858,
33.771,IMU,38.8557,60.5769,49.7163,0.0000,5.1133,62.227,-3.506,0.852,36.687,0.0649,0.0264,0.9810,
33.778,ENC,38.8557,60.6672,49.7615,0.0000,4.5167,62.485,-3.506,0.852,36.687,0.0649,0.0264,0.9810,
33.791,IMU,38.8557,60.6672,49.7615,0.0000,4.5167,62.485,-3.526,0.818,36.839,0.0449,-0.0103,1.0176,
33.798,ENC,38.8557,60.7627,49.8092,0.0000,4.7724,62.759,-3.526,0.818,36.839,0.0449,-0.0103,1.0176,
33.811,IMU,38.8557,60.7627,49.8092,0.0000,4.7724,62.759,-3.532,0.809,36.961,0.0879,0.0161,0.9751,
33.817,ENC,38.8557,60.8598,49.8578,0.0000,4.8576,63.037,-3.532,0.809,36.961,0.0879,0.0161,0.9751,
33.831,IMU,38.8557,60.8598,49.8578,0.0000,4.8576,63.037,-3.548,0.831,37.036,0.0713,0.0283,0.9937,
33.838,ENC,38.8557,60.9519,49.9038,0.0000,4.6019,63.301,-3.548,0.831,37.036,0.0713,0.0283,0.9937,
33.854,IMU,38.8557,60.9519,49.9038,0.0000,4.6019,63.301,-3.518,0.794,37.122,0.0493,0.0005,1.0020,
33.858,ENC,38.8557,61.0405,49.9481,0.0000,4.4315,63.555,-3.518,0.794,37.122,0.0493,0.0005,1.0020,
33.871,IMU,38.8557,61.0405,49.9481,0.0000,4.4315,63.555,-3.477,0.738,37.172,0.0293,0.0068,1.0186,
33.891,IMU,38.8557,61.0405,49.9481,0.0000,4.4315,63.555,-3.448,0.744,37.311,0.0464,-0.0137,1.0503,
33.898,ENC,38.8557,61.2246,50.0402,0.0000,4.6019,64.082,-3.448,0.744,37.311,0.0464,-0.0137,1.0503,
33.911,IMU,38.8557,61.2246,50.0402,0.0000,4.6019,64.082,-3.465,0.690,37.405,0.0884,-0.0103,0.9712,
33.918,ENC,38.8557,61.3251,50.0904,0.0000,5.0280,64.370,-3.465,0.690,37.405,0.0884,-0.0103,0.9712,
33.931,IMU,38.8557,61.3251,50.0904,0.0000,5.0280,64.370,-3.483,0.607,37.506,0.0620,-0.0459,0.9736,
33.938,ENC,38.8557,61.4087,50.1322,0.0000,4.1758,64.609,-3.483,0.607,37.506,0.0620,-0.0459,0.9736,
33.951,IMU,38.8557,61.4087,50.1322,0.0000,4.1758,64.609,-3.427,0.575,37.631,0.0728,-0.0088,0.9941,
33.958,ENC,38.8557,61.5075,50.1816,0.0000,4.9428,64.893,-3.427,0.575,37.631,0.0728,-0.0088,0.9941,
33.971,IMU,38.8557,61.5075,50.1816,0.0000,4.9428,64.893,-3.365,0.515,37.764,0.0283,-0.0122,1.0054,
33.978,ENC,38.8557,61.6030,50.2293,0.0000,4.7724,65.166,-3.365,0.515,37.764,0.0283,-0.0122,1.0054,
33.991,IMU,38.8557,61.6030,50.2293,0.0000,4.7724,65.166,-3.374,0.488,37.883,0.0532,-0.0420,1.0112,
33.998,ENC,38.8557,61.7052,50.2805,0.0000,5.1133,65.459,-3.374,0.488,37.883,0.0532,-0.0420,1.0112,
34.011,IMU,38.8557,61.7052,50.2805,0.0000,5.1133,65.459,-3.359,0.464,37.987,0.0400,0.0229,1.0063,
34.018,ENC,38.8557,61.8007,50.3282,0.0000,4.7724,65.732,-3.359,0.464,37.987,0.0400,0.0229,1.0063,
34.032,IMU,38.8557,61.8007,50.3282,0.0000,4.7724,65.732,-3.362,0.447,38.080,0.0557,0.0151,0.9800,
34.038,ENC,38.8557,61.8893,50.3725,0.0000,4.4315,65.986,-3.362,0.447,38.080,0.0557,0.0151,0.9800,
34.053,IMU,38.8557,61.8893,50.3725,0.0000,4.4315,65.986,-3.466,0.396,38.177,0.1143,-0.0117,0.9956,
34.058,ENC,38.8557,61.9865,50.4211,0.0000,4.8576,66.265,-3.466,0.396,38.177,0.1143,-0.0117,0.9956,
34.071,IMU,38.8557,61.9865,50.4211,0.0000,4.8576,66.265,-3.478,0.332,38.285,0.0542,-0.0269,0.9844,
34.078,ENC,38.8557,62.0853,50.4705,0.0000,4.9428,66.548,-3.478,0.332,38.285,0.0542,-0.0269,0.9844,
34.094,IMU,38.8557,62.0853,50.4705,0.0000,4.9428,66.548,-3.510,0.288,38.403,0.0449,-0.0527,0.9829,
34.099,ENC,38.8557,62.1774,50.5165,0.0000,4.6019,66.812,-3.510,0.288,38.403,0.0449,-0.0527,0.9829,
34.111,IMU,38.8557,62.1774,50.5165,0.0000,4.6019,66.812,-3.543,0.313,38.543,0.1089,0.0054,0.9482,
34.118,ENC,38.8557,62.2745,50.5651,0.0000,4.8576,67.090,-3.543,0.313,38.543,0.1089,0.0054,0.9482,
34.132,IMU,38.8557,62.2745,50.5651,0.0000,4.8576,67.090,-3.547,0.345,38.662,0.0586,0.0234,0.9971,
34.138,ENC,38.8557,62.3717,50.6137,0.0000,4.8576,67.368,-3.547,0.345,38.662,0.0586,0.0234,0.9971,
34.151,IMU,38.8557,62.3717,50.6137,0.0000,4.8576,67.368,-3.544,0.327,38.771,0.0498,-0.0054,0.9795,
34.157,ENC,38.8557,62.4620,50.6589,0.0000,4.5167,67.627,-3.544,0.327,38.771,0.0498,-0.0054,0.9795,
34.171,IMU,38.8557,62.4620,50.6589,0.0000,4.5167,67.627,-3.573,0.380,38.854,0.0713,0.0195,0.9673,
34.177,ENC,38.8557,62.5608,50.7083,0.0000,4.9428,67.910,-3.573,0.380,38.854,0.0713,0.0195,0.9673,
34.191,IMU,38.8557,62.5608,50.7083,0.0000,4.9428,67.910,-3.576,0.350,38.932,0.0649,-0.0371,1.0259,
34.198,ENC,38.8557,62.6597,50.7577,0.0000,4.9428,68.193,-3.576,0.350,38.932,0.0649,-0.0371,1.0259,
34.212,IMU,38.8557,62.6597,50.7577,0.0000,4.9428,68.193,-3.632,0.414,38.969,0.0977,0.0488,0.9985,
34.221,ENC,38.8557,62.7432,50.7995,0.0000,4.1758,68.433,-3.632,0.414,38.969,0.0977,0.0488,0.9985,
34.234,IMU,38.8557,62.7432,50.7995,0.0000,4.1758,68.433,-3.725,0.511,38.987,0.1240,0.0605,1.0127,
34.237,ENC,38.8557,62.8199,50.8378,0.0000,3.8350,68.652,-3.725,0.511,38.987,0.1240,0.0605,1.0127,
34.250,IMU,38.8557,62.8199,50.8378,0.0000,3.8350,68.652,-3.857,0.582,38.996,0.1333,0.0635,1.0093,
34.258,ENC,38.8557,62.8796,50.8677,0.0000,2.9827,68.823,-3.857,0.582,38.996,0.1333,0.0635,1.0093,
34.271,IMU,38.8557,62.8796,50.8677,0.0000,2.9827,68.823,-3.900,0.650,38.968,0.1162,0.0610,0.9883,
34.277,ENC,38.8557,62.9188,50.8873,0.0000,1.9601,68.936,-3.900,0.650,38.968,0.1162,0.0610,0.9883,
34.292,IMU,38.8557,62.9188,50.8873,0.0000,1.9601,68.936,-3.929,0.793,38.875,0.0874,0.1128,0.9727,
34.298,ENC,38.8557,62.9358,50.8958,0.0000,0.8522,68.984,-3.929,0.793,38.875,0.0874,0.1128,0.9727,
34.313,IMU,38.8557,62.9358,50.8958,0.0000,0.8522,68.984,-3.970,0.876,38.768,0.0645,0.1113,0.9888,
34.318,ENC,38.8557,62.9426,50.8992,0.0000,0.3409,69.004,-3.970,0.876,38.768,0.0645,0.1113,0.9888,
34.331,IMU,38.8557,62.9426,50.8992,0.0000,0.3409,69.004,-3.967,0.882,38.687,0.0693,0.0503,0.9844,
34.339,ENC,38.8557,62.9409,50.8983,0.0000,-0.0852,68.999,-3.967,0.882,38.687,0.0693,0.0503,0.9844,
34.353,IMU,38.8557,62.9409,50.8983,0.0000,-0.0852,68.999,-3.910,0.826,38.631,0.0225,-0.0063,0.9893,
34.361,ENC,38.8591,62.9460,50.9026,0.1704,0.2557,69.004,-3.910,0.826,38.631,0.0225,-0.0063,0.9893,
34.371,IMU,38.8591,62.9460,50.9026,0.1704,0.2557,69.004,-3.725,0.618,38.740,-0.0474,-0.1069,1.0610,
34.378,ENC,38.8608,62.9784,50.9196,0.0852,1.6192,69.092,-3.725,0.618,38.740,-0.0474,-0.1069,1.0610,
34.391,IMU,38.8608,62.9784,50.9196,0.0852,1.6192,69.092,-3.717,0.514,38.896,0.0513,-0.1030,1.0024,
34.399,ENC,38.8608,63.0313,50.9461,0.0000,2.6419,69.243,-3.717,0.514,38.896,0.0513,-0.1030,1.0024,
34.412,IMU,38.8608,63.0313,50.9461,0.0000,2.6419,69.243,-3.698,0.400,39.086,0.0640,-0.0737,0.9697,
34.418,ENC,38.8591,63.0960,50.9776,-0.0852,3.2384,69.434,-3.698,0.400,39.086,0.0640,-0.0737,0.9697,
34.431,IMU,38.8591,63.0960,50.9776,-0.0852,3.2384,69.434,-3.645,0.379,39.142,0.0273,-0.0181,1.0830,
34.438,ENC,38.8608,63.1659,51.0134,0.0852,3.4941,69.629,-3.645,0.379,39.142,0.0273,-0.0181,1.0830,
34.451,IMU,38.8608,63.1659,51.0134,0.0852,3.4941,69.629,-3.492,0.315,39.218,-0.0112,-0.0439,0.9609,
34.458,ENC,38.8591,63.2341,51.0466,-0.0852,3.4088,69.829,-3.492,0.315,39.218,-0.0112,-0.0439,0.9609,
34.471,IMU,38.8591,63.2341,51.0466,-0.0852,3.4088,69.829,-3.493,0.359,39.347,0.0605,0.0308,1.0112,
34.478,ENC,38.8591,63.3006,51.0799,0.0000,3.3236,70.020,-3.493,0.359,39.347,0.0605,0.0308,1.0112,
34.491,IMU,38.8591,63.3006,51.0799,0.0000,3.3236,70.020,-3.501,0.355,39.458,0.0762,-0.0063,0.9927,
34.498,ENC,38.8591,63.3670,51.1131,0.0000,3.3236,70.210,-3.501,0.355,39.458,0.0762,-0.0063,0.9927,
34.518,ENC,38.8591,63.4420,51.1506,0.0000,3.7497,70.425,-3.501,0.355,39.458,0.0762,-0.0063,0.9927,
34.536,IMU,38.8591,63.4420,51.1506,0.0000,3.7497,70.425,-3.483,0.314,39.547,0.0742,-0.0415,1.0156,
34.544,ENC,38.8591,63.5170,51.1881,0.0000,3.7497,70.640,-3.483,0.314,39.547,0.0742,-0.0415,1.0156,
34.553,IMU,38.8591,63.5170,51.1881,0.0000,3.7497,70.640,-3.475,0.306,39.669,0.0811,0.0010,1.0420,
34.557,ENC,38.8591,63.5869,51.2230,0.0000,3.4941,70.840,-3.475,0.306,39.669,0.0811,0.0010,1.0420,
34.571,IMU,38.8591,63.5869,51.2230,0.0000,3.4941,70.840,-3.430,0.353,39.720,0.0229,0.0405,0.9902,
34.578,ENC,38.8591,63.6568,51.2580,0.0000,3.4941,71.040,-3.430,0.353,39.720,0.0229,0.0405,0.9902,
34.591,IMU,38.8591,63.6568,51.2580,0.0000,3.4941,71.040,-3.436,0.359,39.749,0.0977,0.0200,0.9717,
34.598,ENC,38.8591,63.7284,51.2938,0.0000,3.5793,71.245,-3.436,0.359,39.749,0.0977,0.0200,0.9717,
34.611,IMU,38.8591,63.7284,51.2938,0.0000,3.5793,71.245,-3.379,0.353,39.828,0.0317,0.0171,1.0620,
34.620,ENC,38.8591,63.8034,51.3313,0.0000,3.7497,71.460,-3.379,0.353,39.828,0.0317,0.0171,1.0620,
34.631,IMU,38.8591,63.8034,51.3313,0.0000,3.7497,71.460,-3.335,0.368,39.907,0.0186,0.0210,0.9585,
34.638,ENC,38.8591,63.8801,51.3696,0.0000,3.8350,71.680,-3.335,0.368,39.907,0.0186,0.0210,0.9585,
34.650,IMU,38.8591,63.8801,51.3696,0.0000,3.8350,71.680,-3.384,0.328,39.920,0.0991,-0.0332,1.0464,
34.658,ENC,38.8591,63.9517,51.4054,0.0000,3.5793,71.885,-3.384,0.328,39.920,0.0991,-0.0332,1.0464,
34.671,IMU,38.8591,63.9517,51.4054,0.0000,3.5793,71.885,-3.336,0.224,39.925,0.0420,-0.0815,0.9961,
34.677,ENC,38.8591,64.0232,51.4412,0.0000,3.5793,72.090,-3.336,0.224,39.925,0.0420,-0.0815,0.9961,
34.691,IMU,38.8591,64.0232,51.4412,0.0000,3.5793,72.090,-3.359,0.196,40.005,0.0933,-0.0298,0.9658,
34.698,ENC,38.8591,64.0999,51.4795,0.0000,3.8350,72.310,-3.359,0.196,40.005,0.0933,-0.0298,0.9658,
34.711,IMU,38.8591,64.0999,51.4795,0.0000,3.8350,72.310,-3.379,0.176,40.103,0.0327,-0.0200,1.0049,
34.718,ENC,38.8591,64.1886,51.5239,0.0000,4.4315,72.563,-3.379,0.176,40.103,0.0327,-0.0200,1.0049,
34.733,IMU,38.8591,64.1886,51.5239,0.0000,4.4315,72.563,-3.383,0.136,40.203,0.0659,-0.0586,0.9937,
34.738,ENC,38.8591,64.2636,51.5614,0.0000,3.7497,72.778,-3.383,0.136,40.203,0.0659,-0.0586,0.9937,
34.751,IMU,38.8591,64.2636,51.5614,0.0000,3.7497,72.778,-3.370,0.151,40.229,0.0259,0.0107,1.0054,
34.771,IMU,38.8591,64.2636,51.5614,0.0000,3.7497,72.778,-3.316,0.077,40.332,0.0249,-0.0527,0.9961,
34.778,ENC,38.8591,64.4425,51.6508,0.0000,4.4741,73.291,-3.316,0.077,40.332,0.0249,-0.0527,0.9961,
34.791,IMU,38.8591,64.4425,51.6508,0.0000,4.4741,73.291,-3.305,0.105,40.390,0.0483,0.0029,1.0278,
34.798,ENC,38.8591,64.5312,51.6952,0.0000,4.4315,73.545,-3.305,0.105,40.390,0.0483,0.0029,1.0278,
34.811,IMU,38.8591,64.5312,51.6952,0.0000,4.4315,73.545,-3.325,0.043,40.453,0.0781,-0.0532,0.9692,
34.818,ENC,38.8591,64.6198,51.7395,0.0000,4.4315,73.799,-3.325,0.043,40.453,0.0781,-0.0532,0.9692,
34.831,IMU,38.8591,64.6198,51.7395,0.0000,4.4315,73.799,-3.327,0.053,40.548,0.0342,0.0161,1.0254,
34.838,ENC,38.8591,64.7152,51.7872,0.0000,4.7724,74.072,-3.327,0.053,40.548,0.0342,0.0161,1.0254,
34.854,IMU,38.8591,64.7152,51.7872,0.0000,4.7724,74.072,-3.259,0.035,40.663,0.0269,-0.0132,0.9937,
34.857,ENC,38.8591,64.8158,51.8375,0.0000,5.0280,74.360,-3.259,0.035,40.663,0.0269,-0.0132,0.9937,
34.871,IMU,38.8591,64.8158,51.8375,0.0000,5.0280,74.360,-3.214,0.069,40.791,0.0483,0.0254,0.9453,
34.878,ENC,38.8591,64.9130,51.8860,0.0000,4.8576,74.639,-3.214,0.069,40.791,0.0483,0.0254,0.9453,
34.891,IMU,38.8591,64.9130,51.8860,0.0000,4.8576,74.639,-3.239,0.104,40.893,0.0693,-0.0024,0.9575,
34.898,ENC,38.8591,65.0118,51.9355,0.0000,4.9428,74.922,-3.239,0.104,40.893,0.0693,-0.0024,0.9575,
34.911,IMU,38.8591,65.0118,51.9355,0.0000,4.9428,74.922,-3.216,0.148,41.059,0.0835,0.0312,1.0029,
34.918,ENC,38.8591,65.1192,51.9892,0.0000,5.3689,75.229,-3.216,0.148,41.059,0.0835,0.0312,1.0029,
34.934,IMU,38.8591,65.1192,51.9892,0.0000,5.3689,75.229,-3.248,0.114,41.181,0.0601,-0.0166,0.9707,
34.938,ENC,38.8591,65.2197,52.0394,0.0000,5.0280,75.518,-3.248,0.114,41.181,0.0601,-0.0166,0.9707,
34.951,IMU,38.8591,65.2197,52.0394,0.0000,5.0280,75.518,-3.274,0.079,41.311,0.0923,-0.0107,0.9575,
34.957,ENC,38.8591,65.3118,52.0855,0.0000,4.6019,75.781,-3.274,0.079,41.311,0.0923,-0.0107,0.9575,
34.972,IMU,38.8591,65.3118,52.0855,0.0000,4.6019,75.781,-3.259,0.062,41.420,0.0669,-0.0005,1.0020,
34.978,ENC,38.8591,65.4158,52.1375,0.0000,5.1985,76.079,-3.259,0.062,41.420,0.0669,-0.0005,1.0020,
34.992,IMU,38.8591,65.4158,52.1375,0.0000,5.1985,76.079,-3.155,0.051,41.545,-0.0283,0.0361,1.0615,
34.998,ENC,38.8591,65.5283,52.1937,0.0000,5.6246,76.401,-3.155,0.051,41.545,-0.0283,0.0361,1.0615,
35.011,IMU,38.8591,65.5283,52.1937,0.0000,5.6246,76.401,-3.101,0.113,41.723,0.0522,0.0347,1.0122,
35.018,ENC,38.8608,65.6288,52.2448,0.0852,5.0280,76.685,-3.101,0.113,41.723,0.0522,0.0347,1.0122,
35.031,IMU,38.8608,65.6288,52.2448,0.0852,5.0280,76.685,-3.093,0.145,41.855,0.0273,0.0386,1.0034,
35.039,ENC,38.8608,65.7396,52.3002,0.0000,5.5394,77.002,-3.093,0.145,41.855,0.0273,0.0386,1.0034,
35.053,IMU,38.8608,65.7396,52.3002,0.0000,5.5394,77.002,-3.141,0.194,41.945,0.0679,0.0469,0.9614,
35.061,ENC,38.8608,65.8436,52.3522,0.0000,5.1985,77.300,-3.141,0.194,41.945,0.0679,0.0469,0.9614,
35.071,IMU,38.8608,65.8436,52.3522,0.0000,5.1985,77.300,-3.093,0.221,42.051,0.0308,-0.0176,0.9727,
35.077,ENC,38.8608,65.9492,52.4050,0.0000,5.2837,77.603,-3.093,0.221,42.051,0.0308,-0.0176,0.9727,
35.093,IMU,38.8608,65.9492,52.4050,0.0000,5.2837,77.603,-3.167,0.228,42.192,0.0825,0.0088,0.9556,
35.098,ENC,38.8608,66.0651,52.4630,0.0000,5.7950,77.935,-3.167,0.228,42.192,0.0825,0.0088,0.9556,
35.111,IMU,38.8608,66.0651,52.4630,0.0000,5.7950,77.935,-3.183,0.173,42.288,0.0605,-0.0229,1.0327,
35.117,ENC,38.8608,66.1725,52.5167,0.0000,5.3689,78.242,-3.183,0.173,42.288,0.0605,-0.0229,1.0327,
35.131,IMU,38.8608,66.1725,52.5167,0.0000,5.3689,78.242,-3.145,0.189,42.455,0.0366,-0.0117,0.9971,
35.138,ENC,38.8608,66.2918,52.5763,0.0000,5.9655,78.584,-3.145,0.189,42.455,0.0366,-0.0117,0.9971,
35.151,IMU,38.8608,66.2918,52.5763,0.0000,5.9655,78.584,-3.121,0.196,42.574,0.0630,0.0225,0.9707,
35.158,ENC,38.8608,66.4128,52.6368,0.0000,6.0507,78.931,-3.121,0.196,42.574,0.0630,0.0225,0.9707,
35.171,IMU,38.8608,66.4128,52.6368,0.0000,6.0507,78.931,-3.104,0.178,42.741,0.0615,-0.0024,0.9941,
35.178,ENC,38.8608,66.5236,52.6922,0.0000,5.5394,79.248,-3.104,0.178,42.741,0.0615,-0.0024,0.9941,
35.191,IMU,38.8608,66.5236,52.6922,0.0000,5.5394,79.248,-3.141,0.187,42.898,0.0156,0.0059,1.0654,
35.198,ENC,38.8608,66.6429,52.7519,0.0000,5.9655,79.590,-3.141,0.187,42.898,0.0156,0.0059,1.0654,
35.211,IMU,38.8608,66.6429,52.7519,0.0000,5.9655,79.590,-3.118,0.182,43.001,0.0259,-0.0103,0.9805,
35.224,ENC,38.8608,66.7605,52.8107,0.0000,5.8803,79.927,-3.118,0.182,43.001,0.0259,-0.0103,0.9805,
35.231,IMU,38.8608,66.7605,52.8107,0.0000,5.8803,79.927,-3.136,0.174,43.164,0.0820,0.0063,1.0386,
35.237,ENC,38.8608,66.8782,52.8695,0.0000,5.8803,80.264,-3.136,0.174,43.164,0.0820,0.0063,1.0386,
35.252,IMU,38.8608,66.8782,52.8695,0.0000,5.8803,80.264,-3.132,0.135,43.320,0.0474,-0.0576,1.0161,
35.258,ENC,38.8608,66.9941,52.9275,0.0000,5.7950,80.596,-3.132,0.135,43.320,0.0474,-0.0576,1.0161,
35.271,IMU,38.8608,66.9941,52.9275,0.0000,5.7950,80.596,-3.048,0.090,43.419,0.0312,-0.0122,1.0229,
35.278,ENC,38.8608,67.1151,52.9880,0.0000,6.0507,80.942,-3.048,0.090,43.419,0.0312,-0.0122,1.0229,
35.290,IMU,38.8608,67.1151,52.9880,0.0000,6.0507,80.942,-3.000,0.115,43.554,0.0552,0.0229,1.0361,
35.298,ENC,38.8608,67.2224,53.0416,0.0000,5.3689,81.250,-3.000,0.115,43.554,0.0552,0.0229,1.0361,
35.315,IMU,38.8608,67.2224,53.0416,0.0000,5.3689,81.250,-2.958,0.118,43.747,0.0474,-0.0176,0.9873,
35.323,ENC,38.8608,67.3383,53.0996,0.0000,5.7950,81.582,-2.958,0.118,43.747,0.0474,-0.0176,0.9873,
35.331,IMU,38.8608,67.3383,53.0996,0.0000,5.7950,81.582,-2.900,0.052,43.909,0.0029,-0.0444,1.0713,
35.351,IMU,38.8608,67.3383,53.0996,0.0000,5.7950,81.582,-2.957,0.108,44.075,0.0464,0.0078,0.9995,
35.360,ENC,38.8626,67.5684,53.2155,0.0426,5.7524,82.236,-2.957,0.108,44.075,0.0464,0.0078,0.9995,
35.371,IMU,38.8626,67.5684,53.2155,0.0426,5.7524,82.236,-2.942,0.035,44.221,0.0425,-0.0635,0.9399,
35.378,ENC,38.8626,67.6861,53.2743,0.0000,5.8803,82.573,-2.942,0.035,44.221,0.0425,-0.0635,0.9399,
35.394,IMU,38.8626,67.6861,53.2743,0.0000,5.8803,82.573,-2.934,-0.016,44.377,0.0635,-0.0010,1.0562,
35.398,ENC,38.8608,67.8054,53.3331,-0.0852,5.9655,82.920,-2.934,-0.016,44.377,0.0635,-0.0010,1.0562,
35.411,IMU,38.8608,67.8054,53.3331,-0.0852,5.9655,82.920,-2.973,-0.002,44.605,0.0688,-0.0039,0.9922,
35.418,ENC,38.8540,67.9230,53.3885,-0.3409,5.8803,83.276,-2.973,-0.002,44.605,0.0688,-0.0039,0.9922,
35.431,IMU,38.8540,67.9230,53.3885,-0.3409,5.8803,83.276,-2.993,0.009,44.777,0.0630,-0.0181,0.9009,
35.438,ENC,38.8387,68.0406,53.4396,-0.7670,5.8803,83.657,-2.993,0.009,44.777,0.0630,-0.0181,0.9009,
35.453,IMU,38.8387,68.0406,53.4396,-0.7670,5.8803,83.657,-3.018,0.003,45.031,0.0708,-0.0010,1.0117,
35.464,ENC,38.8251,68.1616,53.4933,-0.6818,6.0507,84.043,-3.018,0.003,45.031,0.0708,-0.0010,1.0117,
35.471,IMU,38.8251,68.1616,53.4933,-0.6818,6.0507,84.043,-3.007,0.035,45.277,0.0625,0.0020,1.0630,
35.477,ENC,38.7944,68.2843,53.5393,-1.5340,6.1359,84.482,-3.007,0.035,45.277,0.0625,0.0020,1.0630,
35.491,IMU,38.7944,68.2843,53.5393,-1.5340,6.1359,84.482,-3.002,0.123,45.582,0.0249,0.0576,0.9951,
35.498,ENC,38.7449,68.4070,53.5760,-2.4714,6.1359,84.976,-3.002,0.123,45.582,0.0249,0.0576,0.9951,
35.514,IMU,38.7449,68.4070,53.5760,-2.4714,6.1359,84.976,-2.976,0.187,45.909,0.0288,0.0454,1.0010,
35.518,ENC,38.6768,68.5263,53.6015,-3.4088,5.9655,85.513,-2.976,0.187,45.909,0.0288,0.0454,1.0010,
35.531,IMU,38.6768,68.5263,53.6015,-3.4088,5.9655,85.513,-2.995,0.205,46.225,0.0479,0.0195,0.9150,
35.537,ENC,38.6035,68.6508,53.6271,-3.6645,6.2211,86.079,-2.995,0.205,46.225,0.0479,0.0195,0.9150,
35.551,IMU,38.6035,68.6508,53.6271,-3.6645,6.2211,86.079,-3.040,0.272,46.526,0.0649,0.0283,1.0557,
35.571,IMU,38.6035,68.6508,53.6271,-3.6645,6.2211,86.079,-3.008,0.393,46.839,0.0381,0.0864,1.0225,
35.577,ENC,38.4211,68.8689,53.6450,-4.5593,5.4542,87.227,-3.008,0.393,46.839,0.0381,0.0864,1.0225,
35.592,IMU,38.4211,68.8689,53.6450,-4.5593,5.4542,87.227,-2.960,0.361,47.176,0.0322,-0.0029,1.0503,
35.598,ENC,38.3308,68.9916,53.6612,-4.5167,6.1359,87.837,-2.960,0.361,47.176,0.0322,-0.0029,1.0503,
35.611,IMU,38.3308,68.9916,53.6612,-4.5167,6.1359,87.837,-2.937,0.348,47.424,0.0454,-0.0117,0.9219,
35.619,ENC,38.2387,69.1092,53.6740,-4.6019,5.8803,88.438,-2.937,0.348,47.424,0.0454,-0.0117,0.9219,
35.633,IMU,38.2387,69.1092,53.6740,-4.6019,5.8803,88.438,-2.969,0.391,47.716,0.0693,0.0166,0.9897,
35.651,IMU,38.2387,69.1092,53.6740,-4.6019,5.8803,88.438,-2.916,0.437,48.089,0.0381,0.0322,0.9429,
35.658,ENC,38.0291,69.3342,53.6817,-5.2411,5.6246,89.683,-2.916,0.437,48.089,0.0381,0.0322,0.9429,
35.671,IMU,38.0291,69.3342,53.6817,-5.2411,5.6246,89.683,-2.936,0.437,48.484,0.0503,-0.0103,1.0308,
35.678,ENC,37.9217,69.4433,53.6825,-5.3689,5.4542,90.303,-2.936,0.437,48.484,0.0503,-0.0103,1.0308,
35.691,IMU,37.9217,69.4433,53.6825,-5.3689,5.4542,90.303,-2.963,0.437,48.862,0.0928,0.0000,1.0122,
35.697,ENC,37.8177,69.5524,53.6851,-5.1985,5.4542,90.913,-2.963,0.437,48.862,0.0928,0.0000,1.0122,
35.711,IMU,37.8177,69.5524,53.6851,-5.1985,5.4542,90.913,-3.020,0.471,49.207,0.0684,0.0283,1.0205,
35.718,ENC,37.7104,69.6530,53.6817,-5.3689,5.0280,91.509,-3.020,0.471,49.207,0.0684,0.0283,1.0205,
35.731,IMU,37.7104,69.6530,53.6817,-5.3689,5.0280,91.509,-3.026,0.387,49.509,0.0742,-0.0195,1.0288,
35.737,ENC,37.6132,69.7586,53.6859,-4.8576,5.2837,92.090,-3.026,0.387,49.509,0.0742,-0.0195,1.0288,
35.754,IMU,37.6132,69.7586,53.6859,-4.8576,5.2837,92.090,-3.079,0.377,49.867,0.0859,-0.0244,0.9785,
35.758,ENC,37.5092,69.8660,53.6876,-5.1985,5.3689,92.695,-3.079,0.377,49.867,0.0859,-0.0244,0.9785,
35.773,IMU,37.5092,69.8660,53.6876,-5.1985,5.3689,92.695,-3.100,0.290,50.182,0.0728,-0.0156,0.9819,
35.778,ENC,37.4138,69.9700,53.6919,-4.7724,5.1985,93.267,-3.100,0.290,50.182,0.0728,-0.0156,0.9819,
35.791,IMU,37.4138,69.9700,53.6919,-4.7724,5.1985,93.267,-3.135,0.245,50.555,0.0601,-0.0229,1.0698,
35.797,ENC,37.3303,70.0722,53.7013,-4.1758,5.1133,93.799,-3.135,0.245,50.555,0.0601,-0.0229,1.0698,
35.811,IMU,37.3303,70.0722,53.7013,-4.1758,5.1133,93.799,-3.087,0.355,50.914,0.0308,0.0513,0.9834,
35.821,ENC,37.2314,70.1796,53.7055,-4.9428,5.3689,94.390,-3.087,0.355,50.914,0.0308,0.0513,0.9834,
35.831,IMU,37.2314,70.1796,53.7055,-4.9428,5.3689,94.390,-3.187,0.322,51.250,0.1079,-0.0332,0.9707,
35.838,ENC,37.1257,70.2802,53.7030,-5.2837,5.0280,94.980,-3.187,0.322,51.250,0.1079,-0.0332,0.9707,
35.851,IMU,37.1257,70.2802,53.7030,-5.2837,5.0280,94.980,-3.198,0.276,51.576,0.0410,-0.0562,1.0620,
35.861,ENC,37.0303,70.3739,53.7021,-4.7724,4.6872,95.522,-3.198,0.276,51.576,0.0410,-0.0562,1.0620,
35.873,IMU,37.0303,70.3739,53.7021,-4.7724,4.6872,95.522,-3.334,0.315,51.917,0.1665,-0.0024,1.0293,
35.878,ENC,36.9348,70.4711,53.7030,-4.7724,4.8576,96.074,-3.334,0.315,51.917,0.1665,-0.0024,1.0293,
35.891,IMU,36.9348,70.4711,53.7030,-4.7724,4.8576,96.074,-3.331,0.395,52.282,0.0479,0.0063,0.9751,
35.898,ENC,36.8428,70.5648,53.7038,-4.6019,4.6872,96.606,-3.331,0.395,52.282,0.0479,0.0063,0.9751,
35.912,IMU,36.8428,70.5648,53.7038,-4.6019,4.6872,96.606,-3.363,0.360,52.558,0.0615,-0.0151,1.0527,
35.918,ENC,36.7576,70.6569,53.7072,-4.2611,4.6019,97.114,-3.363,0.360,52.558,0.0615,-0.0151,1.0527,
35.931,IMU,36.7576,70.6569,53.7072,-4.2611,4.6019,97.114,-3.370,0.372,52.893,0.0425,0.0151,0.9941,
35.941,ENC,36.6604,70.7591,53.7098,-4.8576,5.1133,97.686,-3.370,0.372,52.893,0.0425,0.0151,0.9941,
35.951,IMU,36.6604,70.7591,53.7098,-4.8576,5.1133,97.686,-3.393,0.395,53.271,0.0620,-0.0020,0.9976,
35.978,IMU,36.6604,70.7591,53.7098,-4.8576,5.1133,97.686,-3.334,0.308,53.601,0.0303,-0.0449,0.9917,
35.979,ENC,36.4883,70.9568,53.7226,-4.3037,4.9428,98.745,-3.334,0.308,53.601,0.0303,-0.0449,0.9917,
35.991,IMU,36.4883,70.9568,53.7226,-4.3037,4.9428,98.745,-3.286,0.320,53.901,0.0410,-0.0044,1.0176,
35.998,ENC,36.4048,71.0659,53.7353,-4.1758,5.4542,99.297,-3.286,0.320,53.901,0.0410,-0.0044,1.0176,
36.011,IMU,36.4048,71.0659,53.7353,-4.1758,5.4542,99.297,-3.276,0.241,54.213,0.0698,-0.0571,0.9170,
36.017,ENC,36.3247,71.1767,53.7507,-4.0054,5.5394,99.844,-3.276,0.241,54.213,0.0698,-0.0571,0.9170,
36.031,IMU,36.3247,71.1767,53.7507,-4.0054,5.5394,99.844,-3.297,0.131,54.566,0.0923,-0.1025,1.0083,
36.038,ENC,36.2548,71.2892,53.7720,-3.4941,5.6246,100.366,-3.297,0.131,54.566,0.0923,-0.1025,1.0083,
36.051,IMU,36.2548,71.2892,53.7720,-3.4941,5.6246,100.366,-3.327,0.147,54.860,0.0830,-0.0283,0.9531,
36.058,ENC,36.1968,71.3949,53.7959,-2.8975,5.2837,100.835,-3.327,0.147,54.860,0.0830,-0.0283,0.9531,
36.072,IMU,36.1968,71.3949,53.7959,-2.8975,5.2837,100.835,-3.341,0.116,55.136,0.0576,-0.0679,0.9673,
36.077,ENC,36.1542,71.5142,53.8342,-2.1305,5.9655,101.299,-3.341,0.116,55.136,0.0576,-0.0679,0.9673,
36.094,IMU,36.1542,71.5142,53.8342,-2.1305,5.9655,101.299,-3.330,0.086,55.415,0.0830,-0.0439,1.0474,
36.098,ENC,36.1252,71.6352,53.8802,-1.4488,6.0507,101.729,-3.330,0.086,55.415,0.0830,-0.0439,1.0474,
36.111,IMU,36.1252,71.6352,53.8802,-1.4488,6.0507,101.729,-3.417,0.166,55.696,0.1064,0.0400,0.9893,
36.118,ENC,36.1218,71.7579,53.9399,-0.1704,6.1359,102.090,-3.417,0.166,55.696,0.1064,0.0400,0.9893,
36.131,IMU,36.1218,71.7579,53.9399,-0.1704,6.1359,102.090,-3.443,0.128,55.859,0.0767,-0.0410,1.0078,
36.137,ENC,36.1270,71.8653,53.9961,0.2557,5.3689,102.383,-3.443,0.128,55.859,0.0767,-0.0410,1.0078,
36.154,IMU,36.1270,71.8653,53.9961,0.2557,5.3689,102.383,-3.404,0.100,56.053,0.0146,-0.0542,0.9927,
36.158,ENC,36.1423,71.9914,54.0669,0.7670,6.3064,102.700,-3.404,0.100,56.053,0.0146,-0.0542,0.9927,
36.171,IMU,36.1423,71.9914,54.0669,0.7670,6.3064,102.700,-3.456,0.064,56.262,0.0884,-0.0386,1.0562,
36.178,ENC,36.1576,72.1022,54.1299,0.7670,5.5394,102.974,-3.456,0.064,56.262,0.0884,-0.0386,1.0562,
36.193,IMU,36.1576,72.1022,54.1299,0.7670,5.5394,102.974,-3.392,0.079,56.485,0.0093,-0.0146,0.9868,
36.198,ENC,36.1644,72.2096,54.1870,0.3409,5.3689,103.262,-3.392,0.079,56.485,0.0093,-0.0146,0.9868,
36.212,IMU,36.1644,72.2096,54.1870,0.3409,5.3689,103.262,-3.355,0.098,56.675,0.0679,-0.0059,0.9517,
36.218,ENC,36.1815,72.3442,54.2629,0.8522,6.7325,103.599,-3.355,0.098,56.675,0.0679,-0.0059,0.9517,
36.232,IMU,36.1815,72.3442,54.2629,0.8522,6.7325,103.599,-3.452,0.101,56.871,0.0835,-0.0557,1.0464,
36.237,ENC,36.2037,72.4789,54.3413,1.1079,6.7325,103.921,-3.452,0.101,56.871,0.0835,-0.0557,1.0464,
36.253,IMU,36.2037,72.4789,54.3413,1.1079,6.7325,103.921,-3.426,0.138,57.068,0.0029,0.0088,1.0522,
36.258,ENC,36.2207,72.6016,54.4112,0.8522,6.1359,104.224,-3.426,0.138,57.068,0.0029,0.0088,1.0522,
36.271,IMU,36.2207,72.6016,54.4112,0.8522,6.1359,104.224,-3.462,0.105,57.188,0.1128,0.0059,0.9302,
36.281,ENC,36.2497,72.7209,54.4853,1.4488,5.9655,104.482,-3.462,0.105,57.188,0.1128,0.0059,0.9302,
36.291,IMU,36.2497,72.7209,54.4853,1.4488,5.9655,104.482,-3.449,0.100,57.328,0.0850,-0.0415,1.0093,
36.297,ENC,36.2701,72.8419,54.5560,1.0227,6.0507,104.771,-3.449,0.100,57.328,0.0850,-0.0415,1.0093,
36.311,IMU,36.2701,72.8419,54.5560,1.0227,6.0507,104.771,-3.457,0.077,57.546,0.0864,-0.0366,1.0063,
36.318,ENC,36.2974,72.9749,54.6361,1.3635,6.6473,105.073,-3.457,0.077,57.546,0.0864,-0.0366,1.0063,
36.330,IMU,36.2974,72.9749,54.6361,1.3635,6.6473,105.073,-3.416,0.068,57.702,0.0415,-0.0322,1.0156,
36.337,ENC,36.3161,73.0976,54.7069,0.9374,6.1359,105.371,-3.416,0.068,57.702,0.0415,-0.0322,1.0156,
36.351,IMU,36.3161,73.0976,54.7069,0.9374,6.1359,105.371,-3.413,0.107,57.896,0.1094,-0.0049,1.0454,
36.371,IMU,36.3161,73.0976,54.7069,0.9374,6.1359,105.371,-3.436,0.048,58.013,0.1113,-0.0547,0.9463,
36.378,ENC,36.3519,73.3481,54.8500,0.8948,6.2638,105.986,-3.436,0.048,58.013,0.1113,-0.0547,0.9463,
36.393,IMU,36.3519,73.3481,54.8500,0.8948,6.2638,105.986,-3.412,0.051,58.111,0.0591,-0.0010,0.9966,
36.397,ENC,36.3570,73.4589,54.9080,0.2557,5.5394,106.289,-3.412,0.051,58.111,0.0591,-0.0010,0.9966,
36.412,IMU,36.3570,73.4589,54.9080,0.2557,5.5394,106.289,-3.468,0.038,58.189,0.0859,0.0029,1.0288,
36.418,ENC,36.3775,73.5663,54.9719,1.0227,5.3689,106.538,-3.468,0.038,58.189,0.0859,0.0029,1.0288,
36.434,IMU,36.3775,73.5663,54.9719,1.0227,5.3689,106.538,-3.423,0.122,58.304,0.0059,0.0259,0.9995,
36.438,ENC,36.3843,73.6720,55.0282,0.3409,5.2837,106.821,-3.423,0.122,58.304,0.0059,0.0259,0.9995,
36.452,IMU,36.3843,73.6720,55.0282,0.3409,5.2837,106.821,-3.389,0.184,58.455,-0.0103,0.0034,0.9697,
36.459,ENC,36.3843,73.7760,55.0801,0.0000,5.1985,107.119,-3.389,0.184,58.455,-0.0103,0.0034,0.9697,
36.471,IMU,36.3843,73.7760,55.0801,0.0000,5.1985,107.119,-3.395,0.284,58.571,0.0776,0.0757,0.9570,
36.478,ENC,36.3826,73.8799,55.1313,-0.0852,5.1985,107.422,-3.395,0.284,58.571,0.0776,0.0757,0.9570,
36.491,IMU,36.3826,73.8799,55.1313,-0.0852,5.1985,107.422,-3.405,0.281,58.756,0.0542,0.0059,0.9780,
36.500,ENC,36.3775,73.9839,55.1807,-0.2557,5.1985,107.734,-3.405,0.281,58.756,0.0542,0.0059,0.9780,
36.511,IMU,36.3775,73.9839,55.1807,-0.2557,5.1985,107.734,-3.442,0.358,58.964,0.0845,0.0229,0.9814,
36.518,ENC,36.3588,74.0913,55.2250,-0.9374,5.3689,108.096,-3.442,0.358,58.964,0.0845,0.0229,0.9814,
36.531,IMU,36.3588,74.0913,55.2250,-0.9374,5.3689,108.096,-3.423,0.428,59.260,0.0244,0.0200,1.0112,
36.538,ENC,36.3178,74.1969,55.2574,-2.0453,5.2837,108.516,-3.423,0.428,59.260,0.0244,0.0200,1.0112,
36.551,IMU,36.3178,74.1969,55.2574,-2.0453,5.2837,108.516,-3.356,0.402,59.515,0.0396,0.0063,1.0347,
36.562,ENC,36.2752,74.3043,55.2898,-2.1305,5.3689,108.945,-3.356,0.402,59.515,0.0396,0.0063,1.0347,
36.571,IMU,36.2752,74.3043,55.2898,-2.1305,5.3689,108.945,-3.366,0.440,59.722,0.0977,0.0396,0.9663,
36.578,ENC,36.2360,74.4066,55.3213,-1.9601,5.1133,109.351,-3.366,0.440,59.722,0.0977,0.0396,0.9663,
36.591,IMU,36.2360,74.4066,55.3213,-1.9601,5.1133,109.351,-3.429,0.429,59.962,0.1069,-0.0332,0.9746,
36.598,ENC,36.1951,74.5106,55.3528,-2.0453,5.1985,109.766,-3.429,0.429,59.962,0.1069,-0.0332,0.9746,
36.611,IMU,36.1951,74.5106,55.3528,-2.0453,5.1985,109.766,-3.401,0.440,60.184,0.0122,-0.0151,0.9102,
36.618,ENC,36.1525,74.6145,55.3835,-2.1305,5.1985,110.186,-3.401,0.440,60.184,0.0122,-0.0151,0.9102,
36.631,IMU,36.1525,74.6145,55.3835,-2.1305,5.1985,110.186,-3.464,0.466,60.400,0.1021,0.0327,1.0054,
36.638,ENC,36.1065,74.7151,55.4108,-2.3010,5.0280,110.605,-3.464,0.466,60.400,0.1021,0.0327,1.0054,
36.651,IMU,36.1065,74.7151,55.4108,-2.3010,5.0280,110.605,-3.477,0.479,60.619,0.0459,-0.0151,0.9561,
36.658,ENC,36.0588,74.8157,55.4372,-2.3862,5.0280,111.030,-3.477,0.479,60.619,0.0459,-0.0151,0.9561,
36.671,IMU,36.0588,74.8157,55.4372,-2.3862,5.0280,111.030,-3.506,0.472,60.873,0.0688,0.0073,1.0024,
36.677,ENC,36.0111,74.9162,55.4636,-2.3862,5.0280,111.455,-3.506,0.472,60.873,0.0688,0.0073,1.0024,
36.692,IMU,36.0111,74.9162,55.4636,-2.3862,5.0280,111.455,-3.463,0.452,61.196,0.0181,-0.0347,0.9731,
36.698,ENC,35.9616,75.0236,55.4926,-2.4714,5.3689,111.904,-3.463,0.452,61.196,0.0181,-0.0347,0.9731,
36.712,IMU,35.9616,75.0236,55.4926,-2.4714,5.3689,111.904,-3.524,0.396,61.444,0.1084,-0.0327,1.0190,
36.718,ENC,35.9139,75.1344,55.5241,-2.3862,5.5394,112.358,-3.524,0.396,61.444,0.1084,-0.0327,1.0190,
36.731,IMU,35.9139,75.1344,55.5241,-2.3862,5.5394,112.358,-3.587,0.354,61.715,0.0815,-0.0488,0.9683,
36.737,ENC,35.8696,75.2401,55.5548,-2.2158,5.2837,112.788,-3.587,0.354,61.715,0.0815,-0.0488,0.9683,
36.753,IMU,35.8696,75.2401,55.5548,-2.2158,5.2837,112.788,-3.535,0.326,61.936,0.0645,-0.0205,1.0151,
36.758,ENC,35.8236,75.3457,55.5846,-2.3010,5.2837,113.223,-3.535,0.326,61.936,0.0645,-0.0205,1.0151,
36.771,IMU,35.8236,75.3457,55.5846,-2.3010,5.2837,113.223,-3.501,0.274,62.109,0.0649,-0.0176,0.9668,
36.777,ENC,35.7775,75.4480,55.6128,-2.3010,5.1133,113.647,-3.501,0.274,62.109,0.0649,-0.0176,0.9668,
36.798,IMU,35.7775,75.4480,55.6128,-2.3010,5.1133,113.647,-3.476,0.311,62.377,0.0156,0.0190,0.9326,
36.800,ENC,35.7298,75.5503,55.6400,-2.3862,5.1133,114.077,-3.476,0.311,62.377,0.0156,0.0190,0.9326,
36.811,IMU,35.7298,75.5503,55.6400,-2.3862,5.1133,114.077,-3.463,0.383,62.611,0.0610,0.0024,0.9478,
36.818,ENC,35.6787,75.6542,55.6665,-2.5566,5.1985,114.521,-3.463,0.383,62.611,0.0610,0.0024,0.9478,
36.831,IMU,35.6787,75.6542,55.6665,-2.5566,5.1985,114.521,-3.438,0.411,62.860,-0.0229,0.0229,1.0405,
36.838,ENC,35.6310,75.7650,55.6980,-2.3862,5.5394,114.976,-3.438,0.411,62.860,-0.0229,0.0229,1.0405,
36.853,IMU,35.6310,75.7650,55.6980,-2.3862,5.5394,114.976,-3.460,0.381,63.110,0.0698,0.0029,0.9844,
36.858,ENC,35.5798,75.8843,55.7321,-2.5566,5.9655,115.464,-3.460,0.381,63.110,0.0698,0.0029,0.9844,
36.873,IMU,35.5798,75.8843,55.7321,-2.5566,5.9655,115.464,-3.461,0.370,63.399,0.0239,0.0112,1.0220,
36.878,ENC,35.5253,75.9900,55.7576,-2.7271,5.2837,115.923,-3.461,0.370,63.399,0.0239,0.0112,1.0220,
36.891,IMU,35.5253,75.9900,55.7576,-2.7271,5.2837,115.923,-3.423,0.365,63.686,0.0312,-0.0054,1.0449,
36.898,ENC,35.4725,76.1076,55.7900,-2.6419,5.8803,116.411,-3.423,0.365,63.686,0.0312,-0.0054,1.0449,
36.911,IMU,35.4725,76.1076,55.7900,-2.6419,5.8803,116.411,-3.459,0.321,63.933,0.0947,-0.0532,0.9893,
36.918,ENC,35.4162,76.2201,55.8182,-2.8123,5.6246,116.895,-3.459,0.321,63.933,0.0947,-0.0532,0.9893,
36.930,IMU,35.4162,76.2201,55.8182,-2.8123,5.6246,116.895,-3.480,0.384,64.202,0.0435,0.0596,0.9863,
36.937,ENC,35.3617,76.3360,55.8488,-2.7271,5.7950,117.383,-3.480,0.384,64.202,0.0435,0.0596,0.9863,
36.952,IMU,35.3617,76.3360,55.8488,-2.7271,5.7950,117.383,-3.489,0.382,64.503,0.0767,-0.0073,1.0010,
36.957,ENC,35.3088,76.4604,55.8846,-2.6419,6.2211,117.891,-3.489,0.382,64.503,0.0767,-0.0073,1.0010,
36.972,IMU,35.3088,76.4604,55.8846,-2.6419,6.2211,117.891,-3.499,0.370,64.740,0.0845,0.0122,1.0103,
36.978,ENC,35.2543,76.5814,55.9179,-2.7271,6.0507,118.394,-3.499,0.370,64.740,0.0845,0.0122,1.0103,
36.992,IMU,35.2543,76.5814,55.9179,-2.7271,6.0507,118.394,-3.439,0.334,64.984,0.0474,-0.0093,0.9907,
36.998,ENC,35.2015,76.7042,55.9528,-2.6419,6.1359,118.896,-3.439,0.334,64.984,0.0474,-0.0093,0.9907,
37.011,IMU,35.2015,76.7042,55.9528,-2.6419,6.1359,118.896,-3.466,0.328,65.278,0.0596,-0.0166,1.0229,
37.018,ENC,35.1452,76.8286,55.9869,-2.8123,6.2211,119.414,-3.466,0.328,65.278,0.0596,-0.0166,1.0229,
37.031,IMU,35.1452,76.8286,55.9869,-2.8123,6.2211,119.414,-3.439,0.354,65.540,0.0527,-0.0127,0.9873,
37.038,ENC,35.0907,76.9479,56.0193,-2.7271,5.9655,119.912,-3.439,0.354,65.540,0.0527,-0.0127,0.9873,
37.051,IMU,35.0907,76.9479,56.0193,-2.7271,5.9655,119.912,-3.385,0.382,65.797,0.0137,0.0122,0.9966,
37.059,ENC,35.0344,77.0723,56.0534,-2.8123,6.2211,120.430,-3.385,0.382,65.797,0.0137,0.0122,0.9966,
37.071,IMU,35.0344,77.0723,56.0534,-2.8123,6.2211,120.430,-3.289,0.403,66.094,0.0303,0.0098,0.9858,
37.078,ENC,34.9748,77.1984,56.0866,-2.9827,6.3064,120.962,-3.289,0.403,66.094,0.0303,0.0098,0.9858,
37.092,IMU,34.9748,77.1984,56.0866,-2.9827,6.3064,120.962,-3.265,0.358,66.415,0.0527,-0.0298,1.0117,
37.100,ENC,34.9202,77.3177,56.1190,-2.7271,5.9655,121.460,-3.265,0.358,66.415,0.0527,-0.0298,1.0117,
37.111,IMU,34.9202,77.3177,56.1190,-2.7271,5.9655,121.460,-3.266,0.290,66.644,0.0908,-0.0518,1.0083,
37.118,ENC,34.8589,77.4422,56.1505,-3.0680,6.2211,121.992,-3.266,0.290,66.644,0.0908,-0.0518,1.0083,
37.131,IMU,34.8589,77.4422,56.1505,-3.0680,6.2211,121.992,-3.351,0.350,66.920,0.0942,0.0332,0.9390,
37.138,ENC,34.8009,77.5649,56.1829,-2.8975,6.1359,122.510,-3.351,0.350,66.920,0.0942,0.0332,0.9390,
37.151,IMU,34.8009,77.5649,56.1829,-2.8975,6.1359,122.510,-3.417,0.318,67.204,0.1162,-0.0391,1.0063,
37.158,ENC,34.7430,77.6893,56.2161,-2.8975,6.2211,123.032,-3.417,0.318,67.204,0.1162,-0.0391,1.0063,
37.173,IMU,34.7430,77.6893,56.2161,-2.8975,6.2211,123.032,-3.382,0.278,67.488,0.0239,-0.0659,1.0620,
37.178,ENC,34.6850,77.8154,56.2502,-2.8975,6.3064,123.560,-3.382,0.278,67.488,0.0239,-0.0659,1.0620,
37.191,IMU,34.6850,77.8154,56.2502,-2.8975,6.3064,123.560,-3.432,0.250,67.745,0.0991,-0.0342,0.9429,
37.204,ENC,34.6305,77.9347,56.2826,-2.7271,5.9655,124.058,-3.432,0.250,67.745,0.0991,-0.0342,0.9429,
37.211,IMU,34.6305,77.9347,56.2826,-2.7271,5.9655,124.058,-3.459,0.208,68.002,0.0947,-0.0288,0.9766,
37.219,ENC,34.5793,78.0558,56.3175,-2.5566,6.0507,124.551,-3.459,0.208,68.002,0.0947,-0.0288,0.9766,
37.232,IMU,34.5793,78.0558,56.3175,-2.5566,6.0507,124.551,-3.467,0.180,68.307,0.0737,-0.0215,1.0083,
37.238,ENC,34.5333,78.1751,56.3542,-2.3010,5.9655,125.024,-3.467,0.180,68.307,0.0737,-0.0215,1.0083,
37.251,IMU,34.5333,78.1751,56.3542,-2.3010,5.9655,125.024,-3.523,0.274,68.571,0.0811,0.0474,1.0435,
37.258,ENC,34.4958,78.2842,56.3900,-1.8749,5.4542,125.444,-3.523,0.274,68.571,0.0811,0.0474,1.0435,
37.272,IMU,34.4958,78.2842,56.3900,-1.8749,5.4542,125.444,-3.572,0.260,68.795,0.0723,0.0024,0.9819,
37.278,ENC,34.4703,78.4001,56.4352,-1.2783,5.7950,125.850,-3.572,0.260,68.795,0.0723,0.0024,0.9819,
37.291,IMU,34.4703,78.4001,56.4352,-1.2783,5.7950,125.850,-3.474,0.278,69.005,-0.0430,0.0234,1.0093,
37.298,ENC,34.4396,78.5211,56.4803,-1.5340,6.0507,126.284,-3.474,0.278,69.005,-0.0430,0.0234,1.0093,
37.310,IMU,34.4396,78.5211,56.4803,-1.5340,6.0507,126.284,-3.526,0.350,69.328,0.0996,0.0293,0.9150,
37.317,ENC,34.4174,78.6370,56.5272,-1.1079,5.7950,126.680,-3.526,0.350,69.328,0.0996,0.0293,0.9150,
37.333,IMU,34.4174,78.6370,56.5272,-1.1079,5.7950,126.680,-3.525,0.349,69.570,0.0459,-0.0117,1.0127,
37.338,ENC,34.3867,78.7614,56.5741,-1.5340,6.2211,127.124,-3.525,0.349,69.570,0.0459,-0.0117,1.0127,
37.351,IMU,34.3867,78.7614,56.5741,-1.5340,6.2211,127.124,-3.530,0.333,69.866,0.0107,-0.0293,0.9873,
37.358,ENC,34.3782,78.8756,56.6269,-0.4261,5.7098,127.476,-3.530,0.333,69.866,0.0107,-0.0293,0.9873,
37.376,IMU,34.3782,78.8756,56.6269,-0.4261,5.7098,127.476,-3.592,0.294,70.118,0.1006,-0.0259,0.9922,
37.380,ENC,34.3782,79.0017,56.6900,0.0000,6.3064,127.837,-3.592,0.294,70.118,0.1006,-0.0259,0.9922,
37.391,IMU,34.3782,79.0017,56.6900,0.0000,6.3064,127.837,-3.548,0.261,70.312,0.0703,-0.0317,0.9707,
37.398,ENC,34.3816,79.1210,56.7513,0.1704,5.9655,128.169,-3.548,0.261,70.312,0.0703,-0.0317,0.9707,
37.411,IMU,34.3816,79.1210,56.7513,0.1704,5.9655,128.169,-3.569,0.269,70.572,0.0645,-0.0176,1.0044,
37.417,ENC,34.3850,79.2472,56.8161,0.1704,6.3064,128.521,-3.569,0.269,70.572,0.0645,-0.0176,1.0044,
37.431,IMU,34.3850,79.2472,56.8161,0.1704,6.3064,128.521,-3.508,0.269,70.778,0.0566,-0.0073,0.9980,
37.438,ENC,34.3970,79.3801,56.8885,0.5965,6.6473,128.867,-3.508,0.269,70.778,0.0566,-0.0073,0.9980,
37.451,IMU,34.3970,79.3801,56.8885,0.5965,6.6473,128.867,-3.483,0.293,70.972,0.0410,0.0098,0.9614,
37.459,ENC,34.4055,79.4841,56.9448,0.4261,5.1985,129.141,-3.483,0.293,70.972,0.0410,0.0098,0.9614,
37.471,IMU,34.4055,79.4841,56.9448,0.4261,5.1985,129.141,-3.406,0.177,71.145,0.0142,-0.0894,1.0493,
37.478,ENC,34.4174,79.5949,57.0061,0.5965,5.5394,129.424,-3.406,0.177,71.145,0.0142,-0.0894,1.0493,
37.491,IMU,34.4174,79.5949,57.0061,0.5965,5.5394,129.424,-3.401,0.173,71.307,0.0103,-0.0610,1.0391,
37.498,ENC,34.4208,79.7108,57.0658,0.1704,5.7950,129.746,-3.401,0.173,71.307,0.0103,-0.0610,1.0391,
37.511,IMU,34.4208,79.7108,57.0658,0.1704,5.7950,129.746,-3.482,0.086,71.501,0.1284,-0.0449,0.9404,
37.518,ENC,34.4225,79.8284,57.1254,0.0852,5.8803,130.078,-3.482,0.086,71.501,0.1284,-0.0449,0.9404,
37.531,IMU,34.4225,79.8284,57.1254,0.0852,5.8803,130.078,-3.492,0.105,71.692,0.0327,0.0049,0.9893,
37.537,ENC,34.4208,79.9477,57.1842,-0.0852,5.9655,130.425,-3.492,0.105,71.692,0.0327,0.0049,0.9893,
37.551,IMU,34.4208,79.9477,57.1842,-0.0852,5.9655,130.425,-3.469,0.161,71.884,0.0298,0.0083,1.0098,
37.558,ENC,34.4225,80.0789,57.2507,0.0852,6.5620,130.796,-3.469,0.161,71.884,0.0298,0.0083,1.0098,
37.571,IMU,34.4225,80.0789,57.2507,0.0852,6.5620,130.796,-3.506,0.249,72.039,0.0610,0.0576,0.9966,
37.578,ENC,34.4225,80.2050,57.3138,0.0000,6.3064,131.157,-3.506,0.249,72.039,0.0610,0.0576,0.9966,
37.591,IMU,34.4225,80.2050,57.3138,0.0000,6.3064,131.157,-3.545,0.204,72.197,0.0928,-0.0840,0.9873,
37.598,ENC,34.4208,80.3448,57.3828,-0.0852,6.9881,131.562,-3.545,0.204,72.197,0.0928,-0.0840,0.9873,
37.614,IMU,34.4208,80.3448,57.3828,-0.0852,6.9881,131.562,-3.555,0.146,72.355,0.0303,-0.0854,1.0000,
37.618,ENC,34.4208,80.4726,57.4467,0.0000,6.3916,131.929,-3.555,0.146,72.355,0.0303,-0.0854,1.0000,
37.630,IMU,34.4208,80.4726,57.4467,0.0000,6.3916,131.929,-3.521,0.123,72.567,0.0435,-0.0225,1.0249,
37.637,ENC,34.4225,80.5988,57.5106,0.0852,6.3064,132.285,-3.521,0.123,72.567,0.0435,-0.0225,1.0249,
37.653,IMU,34.4225,80.5988,57.5106,0.0852,6.3064,132.285,-3.532,0.165,72.736,0.0488,-0.0112,1.0288,
37.658,ENC,34.4208,80.7300,57.5754,-0.0852,6.5620,132.666,-3.532,0.165,72.736,0.0488,-0.0112,1.0288,
37.671,IMU,34.4208,80.7300,57.5754,-0.0852,6.5620,132.666,-3.578,0.208,72.938,0.0850,0.0112,0.9531,
37.678,ENC,34.4208,80.8578,57.6393,0.0000,6.3916,133.032,-3.578,0.208,72.938,0.0850,0.0112,0.9531,
37.699,ENC,34.4208,80.9823,57.7015,0.0000,6.2211,133.389,-3.578,0.208,72.938,0.0850,0.0112,0.9531,
37.721,ENC,34.4225,81.1118,57.7672,0.0852,6.4768,133.755,-3.578,0.208,72.938,0.0850,0.0112,0.9531,
37.730,IMU,34.4225,81.1118,57.7672,0.0852,6.4768,133.755,-3.447,0.189,73.453,0.0967,0.0015,0.9463,
37.738,ENC,34.4208,81.2413,57.8311,-0.0852,6.4768,134.131,-3.447,0.189,73.453,0.0967,0.0015,0.9463,
37.751,IMU,34.4208,81.2413,57.8311,-0.0852,6.4768,134.131,-3.500,0.172,73.673,0.1440,-0.0171,0.9829,
37.757,ENC,34.4208,81.3640,57.8924,0.0000,6.1359,134.482,-3.500,0.172,73.673,0.1440,-0.0171,0.9829,
37.771,IMU,34.4208,81.3640,57.8924,0.0000,6.1359,134.482,-3.391,0.151,73.850,0.0176,-0.0420,1.0127,
37.778,ENC,34.4208,81.4919,57.9564,0.0000,6.3916,134.849,-3.391,0.151,73.850,0.0176,-0.0420,1.0127,
37.793,IMU,34.4208,81.4919,57.9564,0.0000,6.3916,134.849,-3.446,0.173,74.009,0.0776,-0.0044,0.9883,
37.798,ENC,34.4208,81.6129,58.0169,0.0000,6.0507,135.195,-3.446,0.173,74.009,0.0776,-0.0044,0.9883,
37.813,IMU,34.4208,81.6129,58.0169,0.0000,6.0507,135.195,-3.434,0.237,74.212,0.0547,0.0112,1.0688,
37.817,ENC,34.4208,81.7117,58.0663,0.0000,4.9428,135.479,-3.434,0.237,74.212,0.0547,0.0112,1.0688,
37.833,IMU,34.4208,81.7117,58.0663,0.0000,4.9428,135.479,-3.487,0.230,74.389,0.1104,-0.0137,0.9702,
37.838,ENC,34.4208,81.8259,58.1234,0.0000,5.7098,135.806,-3.487,0.230,74.389,0.1104,-0.0137,0.9702,
37.852,IMU,34.4208,81.8259,58.1234,0.0000,5.7098,135.806,-3.506,0.224,74.566,0.0449,0.0151,1.0366,
37.858,ENC,34.4208,81.9401,58.1805,0.0000,5.7098,136.133,-3.506,0.224,74.566,0.0449,0.0151,1.0366,
37.871,IMU,34.4208,81.9401,58.1805,0.0000,5.7098,136.133,-3.483,0.268,74.690,0.0112,0.0400,0.9751,
37.877,ENC,34.4208,82.0441,58.2325,0.0000,5.1985,136.431,-3.483,0.268,74.690,0.0112,0.0400,0.9751,
37.895,IMU,34.4208,82.0441,58.2325,0.0000,5.1985,136.431,-3.506,0.261,74.844,0.0391,0.0303,0.9922,
37.912,IMU,34.4208,82.0441,58.2325,0.0000,5.1985,136.431,-3.498,0.263,75.047,0.0557,0.0146,1.0244,
37.932,IMU,34.4208,82.0441,58.2325,0.0000,5.1985,136.431,-3.485,0.243,75.225,0.0479,-0.0454,0.9941,
37.937,ENC,34.4225,82.3611,58.3918,0.0284,5.2837,137.334,-3.485,0.243,75.225,0.0479,-0.0454,0.9941,
37.952,IMU,34.4225,82.3611,58.3918,0.0284,5.2837,137.334,-3.551,0.267,75.369,0.1069,-0.0259,0.9961,
37.959,ENC,34.4208,82.4668,58.4438,-0.0852,5.2837,137.642,-3.551,0.267,75.369,0.1069,-0.0259,0.9961,
37.974,IMU,34.4208,82.4668,58.4438,-0.0852,5.2837,137.642,-3.540,0.338,75.500,0.0752,0.0151,0.9473,
37.978,ENC,34.4208,82.5708,58.4958,0.0000,5.1985,137.939,-3.540,0.338,75.500,0.0752,0.0151,0.9473,
37.993,IMU,34.4208,82.5708,58.4958,0.0000,5.1985,137.939,-3.477,0.289,75.676,0.0015,-0.0063,0.9937,
38.000,ENC,34.4225,82.6747,58.5486,0.0852,5.1985,138.232,-3.477,0.289,75.676,0.0015,-0.0063,0.9937,
38.013,IMU,34.4225,82.6747,58.5486,0.0852,5.1985,138.232,-3.438,0.347,75.848,0.0654,0.0308,1.0029,
38.018,ENC,34.4225,82.7855,58.6040,0.0000,5.5394,138.550,-3.438,0.347,75.848,0.0654,0.0308,1.0029,
38.031,IMU,34.4225,82.7855,58.6040,0.0000,5.5394,138.550,-3.494,0.352,76.024,0.1235,-0.0210,0.9624,
38.041,ENC,34.4225,82.8963,58.6594,0.0000,5.5394,138.867,-3.494,0.352,76.024,0.1235,-0.0210,0.9624,
38.051,IMU,34.4225,82.8963,58.6594,0.0000,5.5394,138.867,-3.564,0.366,76.149,0.1265,0.0225,0.9131,
38.058,ENC,34.4225,83.0003,58.7114,0.0000,5.1985,139.165,-3.564,0.366,76.149,0.1265,0.0225,0.9131,
38.071,IMU,34.4225,83.0003,58.7114,0.0000,5.1985,139.165,-3.556,0.333,76.341,0.0444,-0.0415,0.9937,
38.078,ENC,34.4225,83.1111,58.7668,0.0000,5.5394,139.482,-3.556,0.333,76.341,0.0444,-0.0415,0.9937,
38.091,IMU,34.4225,83.1111,58.7668,0.0000,5.5394,139.482,-3.499,0.287,76.500,0.0581,-0.0073,0.9971,
38.098,ENC,34.4225,83.2219,58.8222,0.0000,5.5394,139.800,-3.499,0.287,76.500,0.0581,-0.0073,0.9971,
38.111,IMU,34.4225,83.2219,58.8222,0.0000,5.5394,139.800,-3.495,0.291,76.671,0.0254,-0.0396,1.0342,
38.118,ENC,34.4225,83.3497,58.8861,0.0000,6.3916,140.166,-3.495,0.291,76.671,0.0254,-0.0396,1.0342,
38.131,IMU,34.4225,83.3497,58.8861,0.0000,6.3916,140.166,-3.479,0.332,76.842,0.0786,-0.0181,0.9854,
38.137,ENC,34.4225,83.4758,58.9492,0.0000,6.3064,140.527,-3.479,0.332,76.842,0.0786,-0.0181,0.9854,
38.151,IMU,34.4225,83.4758,58.9492,0.0000,6.3064,140.527,-3.526,0.274,77.010,0.0991,-0.0312,0.9663,
38.158,ENC,34.4225,83.5951,59.0088,0.0000,5.9655,140.869,-3.526,0.274,77.010,0.0991,-0.0312,0.9663,
38.171,IMU,34.4225,83.5951,59.0088,0.0000,5.9655,140.869,-3.565,0.257,77.205,0.0942,0.0200,0.9888,
38.179,ENC,34.4225,83.7161,59.0693,0.0000,6.0507,141.216,-3.565,0.257,77.205,0.0942,0.0200,0.9888,
38.192,IMU,34.4225,83.7161,59.0693,0.0000,6.0507,141.216,-3.602,0.200,77.410,0.1104,-0.0439,0.9521,
38.197,ENC,34.4225,83.8440,59.1333,0.0000,6.3916,141.582,-3.602,0.200,77.410,0.1104,-0.0439,0.9521,
38.212,IMU,34.4225,83.8440,59.1333,0.0000,6.3916,141.582,-3.492,0.188,77.536,-0.0029,-0.0283,1.0176,
38.218,ENC,34.4225,83.9718,59.1972,0.0000,6.3916,141.948,-3.492,0.188,77.536,-0.0029,-0.0283,1.0176,
38.231,IMU,34.4225,83.9718,59.1972,0.0000,6.3916,141.948,-3.445,0.268,77.727,0.0020,0.0898,1.0439,
38.238,ENC,34.4242,84.1048,59.2645,0.0852,6.6473,142.324,-3.445,0.268,77.727,0.0020,0.0898,1.0439,
38.251,IMU,34.4242,84.1048,59.2645,0.0852,6.6473,142.324,-3.504,0.243,77.909,0.1030,-0.0674,0.9951,
38.257,ENC,34.4311,84.2360,59.3335,0.3409,6.5620,142.681,-3.504,0.243,77.909,0.1030,-0.0674,0.9951,
38.271,IMU,34.4311,84.2360,59.3335,0.3409,6.5620,142.681,-3.620,0.274,78.096,0.1406,0.0205,0.9624,
38.277,ENC,34.4600,84.3672,59.4136,1.4488,6.5620,142.974,-3.620,0.274,78.096,0.1406,0.0205,0.9624,
38.291,IMU,34.4600,84.3672,59.4136,1.4488,6.5620,142.974,-3.537,0.294,78.280,0.0122,-0.0205,1.0210,
38.298,ENC,34.4856,84.5036,59.4946,1.2783,6.8177,143.291,-3.537,0.294,78.280,0.0122,-0.0205,1.0210,
38.312,IMU,34.4856,84.5036,59.4946,1.2783,6.8177,143.291,-3.557,0.268,78.433,0.0591,-0.0356,0.9551,
38.317,ENC,34.5146,84.6365,59.5756,1.4488,6.6473,143.589,-3.557,0.268,78.433,0.0591,-0.0356,0.9551,
38.331,IMU,34.5146,84.6365,59.5756,1.4488,6.6473,143.589,-3.639,0.265,78.591,0.1401,-0.0171,0.9526,
38.338,ENC,34.5333,84.7712,59.6523,0.9374,6.7325,143.921,-3.639,0.265,78.591,0.1401,-0.0171,0.9526,
38.351,IMU,34.5333,84.7712,59.6523,0.9374,6.7325,143.921,-3.686,0.217,78.804,0.0532,-0.0410,0.9829,
38.358,ENC,34.5623,84.9024,59.7324,1.4488,6.5620,144.214,-3.686,0.217,78.804,0.0532,-0.0410,0.9829,
38.371,IMU,34.5623,84.9024,59.7324,1.4488,6.5620,144.214,-3.642,0.180,78.960,0.0269,-0.0381,1.0117,
38.380,ENC,34.5793,85.0320,59.8056,0.8522,6.4768,144.536,-3.642,0.180,78.960,0.0269,-0.0381,1.0117,
38.391,IMU,34.5793,85.0320,59.8056,0.8522,6.4768,144.536,-3.677,0.156,79.182,0.1006,-0.0293,1.0146,
38.398,ENC,34.6083,85.1632,59.8858,1.4488,6.5620,144.829,-3.677,0.156,79.182,0.1006,-0.0293,1.0146,
38.411,IMU,34.6083,85.1632,59.8858,1.4488,6.5620,144.829,-3.776,0.375,79.385,0.1680,0.1167,0.8706,
38.418,ENC,34.6288,85.2910,59.9599,1.0227,6.3916,145.137,-3.776,0.375,79.385,0.1680,0.1167,0.8706,
38.433,IMU,34.6288,85.2910,59.9599,1.0227,6.3916,145.137,-3.753,0.378,79.610,0.0791,0.0225,1.0352,
38.439,ENC,34.6629,85.4155,60.0392,1.7044,6.2211,145.396,-3.753,0.378,79.610,0.0791,0.0225,1.0352,
38.453,IMU,34.6629,85.4155,60.0392,1.7044,6.2211,145.396,-3.769,0.340,79.743,0.0811,-0.0308,1.0137,
38.460,ENC,34.6833,85.5382,60.1107,1.0227,6.1359,145.688,-3.769,0.340,79.743,0.0811,-0.0308,1.0137,
38.472,IMU,34.6833,85.5382,60.1107,1.0227,6.1359,145.688,-3.800,0.402,79.934,0.0532,0.0327,0.9683,
38.478,ENC,34.7089,85.6643,60.1866,1.2783,6.3064,145.977,-3.800,0.402,79.934,0.0532,0.0327,0.9683,
38.491,IMU,34.7089,85.6643,60.1866,1.2783,6.3064,145.977,-3.859,0.346,80.078,0.0947,-0.0659,0.9839,
38.498,ENC,34.7225,85.7904,60.2565,0.6818,6.3064,146.299,-3.859,0.346,80.078,0.0947,-0.0659,0.9839,
38.511,IMU,34.7225,85.7904,60.2565,0.6818,6.3064,146.299,-3.860,0.397,80.219,0.0679,0.0083,0.9224,
38.518,ENC,34.7430,85.9200,60.3315,1.0227,6.4768,146.611,-3.860,0.397,80.219,0.0679,0.0083,0.9224,
38.531,IMU,34.7430,85.9200,60.3315,1.0227,6.4768,146.611,-3.889,0.447,80.408,0.0732,0.0366,0.9912,
38.537,ENC,34.7634,86.0529,60.4082,1.0227,6.6473,146.934,-3.889,0.447,80.408,0.0732,0.0366,0.9912,
38.552,IMU,34.7634,86.0529,60.4082,1.0227,6.6473,146.934,-3.849,0.407,80.532,0.0439,-0.0264,0.9399,
38.558,ENC,34.7770,86.1773,60.4772,0.6818,6.2211,147.251,-3.849,0.407,80.532,0.0439,-0.0264,0.9399,
38.572,IMU,34.7770,86.1773,60.4772,0.6818,6.2211,147.251,-3.767,0.373,80.687,0.0220,-0.0317,0.9902,
38.577,ENC,34.8043,86.3222,60.5633,1.3635,7.2438,147.588,-3.767,0.373,80.687,0.0220,-0.0317,0.9902,
38.591,IMU,34.8043,86.3222,60.5633,1.3635,7.2438,147.588,-3.729,0.449,80.887,0.0093,0.0278,1.0024,
38.598,ENC,34.8214,86.4500,60.6357,0.8522,6.3916,147.905,-3.729,0.449,80.887,0.0093,0.0278,1.0024,
38.614,IMU,34.8214,86.4500,60.6357,0.8522,6.3916,147.905,-3.668,0.462,81.074,0.0088,-0.0083,0.9746,
38.618,ENC,34.8350,86.5813,60.7081,0.6818,6.5620,148.242,-3.668,0.462,81.074,0.0088,-0.0083,0.9746,
38.630,IMU,34.8350,86.5813,60.7081,0.6818,6.5620,148.242,-3.736,0.468,81.244,0.0903,0.0039,0.9907,
38.639,ENC,34.8623,86.7057,60.7840,1.3635,6.2211,148.521,-3.736,0.468,81.244,0.0903,0.0039,0.9907,
38.651,IMU,34.8623,86.7057,60.7840,1.3635,6.2211,148.521,-3.750,0.605,81.497,0.0801,0.0596,1.0005,
38.657,ENC,34.8776,86.8404,60.8590,0.7670,6.7325,148.862,-3.750,0.605,81.497,0.0801,0.0596,1.0005,
38.671,IMU,34.8776,86.8404,60.8590,0.7670,6.7325,148.862,-3.806,0.649,81.664,0.0967,0.0532,1.0122,
38.678,ENC,34.8878,86.9835,60.9357,0.5113,7.1586,149.243,-3.806,0.649,81.664,0.0967,0.0532,1.0122,
38.691,IMU,34.8878,86.9835,60.9357,0.5113,7.1586,149.243,-3.807,0.610,81.897,0.0508,-0.0420,1.0376,
38.698,ENC,34.9202,87.1250,61.0226,1.6192,7.0734,149.556,-3.807,0.610,81.897,0.0508,-0.0420,1.0376,
38.711,IMU,34.9202,87.1250,61.0226,1.6192,7.0734,149.556,-3.784,0.644,82.065,0.0098,0.0327,0.9668,
38.731,IMU,34.9202,87.1250,61.0226,1.6192,7.0734,149.556,-3.828,0.582,82.286,0.0938,-0.0742,1.0059,
38.739,ENC,34.9560,87.4130,61.1845,0.8948,7.2012,150.278,-3.828,0.582,82.286,0.0938,-0.0742,1.0059,
38.751,IMU,34.9560,87.4130,61.1845,0.8948,7.2012,150.278,-3.804,0.571,82.498,0.0713,-0.0142,1.0288,
38.758,ENC,34.9884,87.5545,61.2715,1.6192,7.0734,150.591,-3.804,0.571,82.498,0.0713,-0.0142,1.0288,
38.771,IMU,34.9884,87.5545,61.2715,1.6192,7.0734,150.591,-3.754,0.518,82.696,0.0640,-0.0801,0.9365,
38.778,ENC,35.0071,87.6994,61.3533,0.9374,7.2438,150.952,-3.754,0.518,82.696,0.0640,-0.0801,0.9365,
38.791,IMU,35.0071,87.6994,61.3533,0.9374,7.2438,150.952,-3.784,0.559,82.879,0.0977,0.0225,0.9009,
38.798,ENC,35.0378,87.8357,61.4368,1.5340,6.8177,151.255,-3.784,0.559,82.879,0.0977,0.0225,0.9009,
38.811,IMU,35.0378,87.8357,61.4368,1.5340,6.8177,151.255,-3.846,0.583,83.023,0.1450,0.0151,1.0610,
38.822,ENC,35.0600,87.9704,61.5152,1.1079,6.7325,151.577,-3.846,0.583,83.023,0.1450,0.0151,1.0610,
38.831,IMU,35.0600,87.9704,61.5152,1.1079,6.7325,151.577,-3.758,0.523,83.148,-0.0190,-0.0669,1.0176,
38.852,IMU,35.0600,87.9704,61.5152,1.1079,6.7325,151.577,-3.767,0.449,83.351,0.0796,-0.0200,1.0020,
38.862,ENC,35.1026,88.2397,61.6711,1.0653,6.7325,152.227,-3.767,0.449,83.351,0.0796,-0.0200,1.0020,
38.874,IMU,35.1026,88.2397,61.6711,1.0653,6.7325,152.227,-3.844,0.497,83.493,0.0796,0.0312,1.0332,
38.893,IMU,35.1026,88.2397,61.6711,1.0653,6.7325,152.227,-3.788,0.473,83.700,0.0542,-0.0576,1.0049,
38.901,ENC,35.1435,88.4834,61.8135,1.0227,6.0933,152.808,-3.788,0.473,83.700,0.0542,-0.0576,1.0049,
38.911,IMU,35.1435,88.4834,61.8135,1.0227,6.0933,152.808,-3.789,0.389,83.836,0.1108,-0.0405,1.0225,
38.923,ENC,35.1725,88.6027,61.8876,1.4488,5.9655,153.066,-3.789,0.389,83.836,0.1108,-0.0405,1.0225,
38.939,ENC,35.1963,88.6999,61.9481,1.1931,4.8576,153.276,-3.789,0.389,83.836,0.1108,-0.0405,1.0225,
38.942,IMU,35.1963,88.6999,61.9481,1.1931,4.8576,153.276,-3.786,0.472,83.944,0.0493,0.0420,1.0107,
38.956,IMU,35.1963,88.6999,61.9481,1.1931,4.8576,153.276,-3.816,0.486,84.117,0.0952,0.0439,0.9600,
38.958,ENC,35.2032,88.8090,62.0061,0.3409,5.4542,153.569,-3.816,0.486,84.117,0.0952,0.0439,0.9600,
38.971,IMU,35.2032,88.8090,62.0061,0.3409,5.4542,153.569,-3.855,0.488,84.284,0.0933,0.0181,1.0098,
38.978,ENC,35.2219,88.9180,62.0700,0.9374,5.4542,153.828,-3.855,0.488,84.284,0.0933,0.0181,1.0098,
38.991,IMU,35.2219,88.9180,62.0700,0.9374,5.4542,153.828,-3.898,0.482,84.414,0.1309,0.0122,1.0176,
38.997,ENC,35.2492,89.0135,62.1313,1.3635,4.7724,154.023,-3.898,0.482,84.414,0.1309,0.0122,1.0176,
39.012,IMU,35.2492,89.0135,62.1313,1.3635,4.7724,154.023,-3.812,0.551,84.513,0.0000,0.0791,1.0142,
39.030,IMU,35.2492,89.0135,62.1313,1.3635,4.7724,154.023,-3.770,0.575,84.655,0.0459,0.0161,0.9614,
39.038,ENC,35.2850,89.2129,62.2489,0.8948,4.9854,154.492,-3.770,0.575,84.655,0.0459,0.0161,0.9614,
39.052,IMU,35.2850,89.2129,62.2489,0.8948,4.9854,154.492,-3.760,0.537,84.745,0.0601,-0.0415,1.0278,
39.063,ENC,35.3105,89.3169,62.3137,1.2783,5.1985,154.717,-3.760,0.537,84.745,0.0601,-0.0415,1.0278,
39.074,IMU,35.3105,89.3169,62.3137,1.2783,5.1985,154.717,-3.834,0.597,84.879,0.1167,0.0278,0.9561,
39.078,ENC,35.3259,89.4140,62.3700,0.7670,4.8576,154.951,-3.834,0.597,84.879,0.1167,0.0278,0.9561,
39.092,IMU,35.3259,89.4140,62.3700,0.7670,4.8576,154.951,-3.963,0.606,85.013,0.1680,0.0190,0.9985,
39.111,IMU,35.3259,89.4140,62.3700,0.7670,4.8576,154.951,-3.948,0.536,85.120,0.0527,-0.0532,0.9839,
39.131,IMU,35.3259,89.4140,62.3700,0.7670,4.8576,154.951,-3.899,0.517,85.266,0.0410,0.0073,1.0225,
39.138,ENC,35.4196,89.6731,62.5464,1.5624,4.3179,155.425,-3.899,0.517,85.266,0.0410,0.0073,1.0225,
39.150,IMU,35.4196,89.6731,62.5464,1.5624,4.3179,155.425,-3.899,0.531,85.384,0.0718,0.0083,0.9604,
39.158,ENC,35.4571,89.7754,62.6162,1.8749,5.1133,155.610,-3.899,0.531,85.384,0.0718,0.0083,0.9604,
39.171,IMU,35.4571,89.7754,62.6162,1.8749,5.1133,155.610,-3.903,0.501,85.503,0.0718,-0.0264,1.0186,
39.178,ENC,35.4997,89.8776,62.6887,2.1305,5.1133,155.781,-3.903,0.501,85.503,0.0718,-0.0264,1.0186,
39.191,IMU,35.4997,89.8776,62.6887,2.1305,5.1133,155.781,-3.846,0.495,85.594,-0.0166,-0.0049,0.9893,
39.197,ENC,35.5389,89.9697,62.7543,1.9601,4.6019,155.933,-3.846,0.495,85.594,-0.0166,-0.0049,0.9893,
39.211,IMU,35.5389,89.9697,62.7543,1.9601,4.6019,155.933,-3.864,0.498,85.684,0.1138,-0.0239,0.9302,
39.217,ENC,35.5798,90.0651,62.8225,2.0453,4.7724,156.089,-3.864,0.498,85.684,0.1138,-0.0239,0.9302,
39.234,IMU,35.5798,90.0651,62.8225,2.0453,4.7724,156.089,-3.856,0.393,85.700,0.0845,-0.0781,0.9819,
39.238,ENC,35.6310,90.1725,62.9017,2.5566,5.3689,156.250,-3.856,0.393,85.700,0.0845,-0.0781,0.9819,
39.252,IMU,35.6310,90.1725,62.9017,2.5566,5.3689,156.250,-3.915,0.410,85.739,0.1191,0.0200,0.9932,
39.257,ENC,35.6906,90.2680,62.9793,2.9827,4.7724,156.353,-3.915,0.410,85.739,0.1191,0.0200,0.9932,
39.271,IMU,35.6906,90.2680,62.9793,2.9827,4.7724,156.353,-3.944,0.495,85.816,0.0830,0.0283,0.9575,
39.278,ENC,35.7605,90.3515,63.0560,3.4941,4.1758,156.392,-3.944,0.495,85.816,0.0830,0.0283,0.9575,
39.291,IMU,35.7605,90.3515,63.0560,3.4941,4.1758,156.392,-4.040,0.454,85.857,0.1201,-0.0234,0.9966,
39.297,ENC,35.8372,90.4452,63.1412,3.8350,4.6872,156.440,-4.040,0.454,85.857,0.1201,-0.0234,0.9966,
39.311,IMU,35.8372,90.4452,63.1412,3.8350,4.6872,156.440,-4.088,0.423,85.878,0.0918,-0.0229,1.0093,
39.331,IMU,35.8372,90.4452,63.1412,3.8350,4.6872,156.440,-4.061,0.354,85.872,0.0483,-0.0591,0.9961,
39.351,IMU,35.8372,90.4452,63.1412,3.8350,4.6872,156.440,-4.013,0.310,85.856,0.0127,-0.0503,1.0166,
39.357,ENC,36.0997,90.7264,63.4131,4.3747,4.6872,156.494,-4.013,0.310,85.856,0.0127,-0.0503,1.0166,
39.371,IMU,36.0997,90.7264,63.4131,4.3747,4.6872,156.494,-3.983,0.274,85.794,0.0869,-0.0576,0.9663,
39.378,ENC,36.1951,90.8253,63.5102,4.7724,4.9428,156.504,-3.983,0.274,85.794,0.0869,-0.0576,0.9663,
39.393,IMU,36.1951,90.8253,63.5102,4.7724,4.9428,156.504,-3.958,0.258,85.832,0.0542,-0.0259,0.9961,
39.398,ENC,36.2957,90.9276,63.6116,5.0280,5.1133,156.509,-3.958,0.258,85.832,0.0542,-0.0259,0.9961,
39.433,IMU,36.2957,90.9276,63.6116,5.0280,5.1133,156.509,-3.960,0.263,85.814,0.0898,-0.0142,0.9800,
39.438,ENC,36.4866,91.1355,63.8110,4.7724,5.1985,156.558,-3.960,0.263,85.814,0.0898,-0.0142,0.9800,
39.451,IMU,36.4866,91.1355,63.8110,4.7724,5.1985,156.558,-3.923,0.362,85.809,0.0093,0.0322,1.0205,
39.457,ENC,36.5820,91.2327,63.9073,4.7724,4.8576,156.562,-3.923,0.362,85.809,0.0093,0.0322,1.0205,
39.478,ENC,36.6860,91.3315,64.0088,5.1985,4.9428,156.548,-3.923,0.362,85.809,0.0093,0.0322,1.0205,
39.491,IMU,36.6860,91.3315,64.0088,5.1985,4.9428,156.548,-4.019,0.217,85.671,0.1421,-0.0249,1.0352,
39.498,ENC,36.8121,91.4440,64.1281,6.3064,5.6246,156.509,-4.019,0.217,85.671,0.1421,-0.0249,1.0352,
39.511,IMU,36.8121,91.4440,64.1281,6.3064,5.6246,156.509,-4.116,0.195,85.641,0.1484,-0.0044,0.9561,
39.551,IMU,36.8121,91.4440,64.1281,6.3064,5.6246,156.509,-4.132,0.230,85.505,0.0303,-0.0181,1.0674,
39.558,ENC,37.1547,91.7866,64.4707,5.7098,5.7098,156.509,-4.132,0.230,85.505,0.0303,-0.0181,1.0674,
39.571,IMU,37.1547,91.7866,64.4707,5.7098,5.7098,156.509,-4.064,0.195,85.498,-0.0195,-0.0273,0.9248,
39.578,ENC,37.2808,91.9042,64.5925,6.3064,5.8803,156.484,-4.064,0.195,85.498,-0.0195,-0.0273,0.9248,
39.591,IMU,37.2808,91.9042,64.5925,6.3064,5.8803,156.484,-4.165,0.167,85.510,0.1758,0.0015,1.0122,
39.598,ENC,37.4104,92.0337,64.7221,6.4768,6.4768,156.484,-4.165,0.167,85.510,0.1758,0.0015,1.0122,
39.611,IMU,37.4104,92.0337,64.7221,6.4768,6.4768,156.484,-4.186,0.186,85.494,0.0669,-0.0142,0.9629,
39.618,ENC,37.5433,92.1582,64.8507,6.6473,6.2211,156.460,-4.186,0.186,85.494,0.0669,-0.0142,0.9629,
39.634,IMU,37.5433,92.1582,64.8507,6.6473,6.2211,156.460,-4.207,0.155,85.506,0.0962,-0.0259,0.9717,
39.637,ENC,37.6763,92.2809,64.9786,6.6473,6.1359,156.431,-4.207,0.155,85.506,0.0962,-0.0259,0.9717,
39.651,IMU,37.6763,92.2809,64.9786,6.6473,6.1359,156.431,-4.247,0.170,85.496,0.0337,-0.0161,1.0337,
39.660,ENC,37.8075,92.4104,65.1090,6.5620,6.4768,156.426,-4.247,0.170,85.496,0.0337,-0.0161,1.0337,
39.671,IMU,37.8075,92.4104,65.1090,6.5620,6.4768,156.426,-4.234,0.088,85.524,0.0479,-0.0654,0.9697,
39.678,ENC,37.9524,92.5382,65.2453,7.2438,6.3916,156.377,-4.234,0.088,85.524,0.0479,-0.0654,0.9697,
39.698,ENC,38.0836,92.6729,65.3783,6.5620,6.7325,156.387,-4.234,0.088,85.524,0.0479,-0.0654,0.9697,
39.711,IMU,38.0836,92.6729,65.3783,6.5620,6.7325,156.387,-4.241,0.119,85.623,0.1484,0.0479,1.0112,
39.718,ENC,38.2285,92.8144,65.5214,7.2438,7.0734,156.377,-4.241,0.119,85.623,0.1484,0.0479,1.0112,
39.732,IMU,38.2285,92.8144,65.5214,7.2438,7.0734,156.377,-4.231,0.051,85.686,0.0396,-0.0352,1.0737,
39.738,ENC,38.3615,92.9541,65.6578,6.6473,6.9881,156.396,-4.231,0.051,85.686,0.0396,-0.0352,1.0737,
39.754,IMU,38.3615,92.9541,65.6578,6.6473,6.9881,156.396,-4.143,0.043,85.708,0.0259,-0.0088,1.0698,
39.758,ENC,38.5029,93.0990,65.8010,7.0734,7.2438,156.406,-4.143,0.043,85.708,0.0259,-0.0088,1.0698,
39.771,IMU,38.5029,93.0990,65.8010,7.0734,7.2438,156.406,-4.163,-0.004,85.664,0.0767,-0.0288,0.9800,
39.778,ENC,38.6529,93.2319,65.9424,7.4995,6.6473,156.357,-4.163,-0.004,85.664,0.0767,-0.0288,0.9800,
39.791,IMU,38.6529,93.2319,65.9424,7.4995,6.6473,156.357,-4.063,0.030,85.675,0.0190,0.0078,1.0161,
39.797,ENC,38.7927,93.3785,66.0856,6.9881,7.3290,156.377,-4.063,0.030,85.675,0.0190,0.0078,1.0161,
39.811,IMU,38.7927,93.3785,66.0856,6.9881,7.3290,156.377,-4.179,0.022,85.667,0.1494,-0.0190,0.8701,
39.831,IMU,38.7927,93.3785,66.0856,6.9881,7.3290,156.377,-4.194,-0.000,85.726,0.1245,0.0039,1.0288,
39.838,ENC,39.0790,93.6512,66.3651,7.1586,6.8177,156.338,-4.194,-0.000,85.726,0.1245,0.0039,1.0288,
39.853,IMU,39.0790,93.6512,66.3651,7.1586,6.8177,156.338,-4.203,0.000,85.662,0.0723,0.0073,0.9673,
39.857,ENC,39.2154,93.7859,66.5006,6.8177,6.7325,156.333,-4.203,0.000,85.662,0.0723,0.0073,0.9673,
39.877,ENC,39.3534,93.9273,66.6404,6.9029,7.0734,156.343,-4.203,0.000,85.662,0.0723,0.0073,0.9673,
39.890,IMU,39.3534,93.9273,66.6404,6.9029,7.0734,156.343,-4.058,-0.054,85.693,-0.0317,-0.0483,1.0469,
39.898,ENC,39.4864,94.0739,66.7801,6.6473,7.3290,156.382,-4.058,-0.054,85.693,-0.0317,-0.0483,1.0469,
39.911,IMU,39.4864,94.0739,66.7801,6.6473,7.3290,156.382,-4.058,0.004,85.720,0.0815,0.0347,1.0405,
39.917,ENC,39.6176,94.2222,66.9199,6.5620,7.4142,156.431,-4.058,0.004,85.720,0.0815,0.0347,1.0405,
39.950,IMU,39.6176,94.2222,66.9199,6.5620,7.4142,156.431,-4.026,0.015,85.807,0.0400,0.0249,0.9482,
39.958,ENC,39.8835,94.5171,67.2003,6.6473,7.3716,156.514,-4.026,0.015,85.807,0.0400,0.0249,0.9482,
39.972,IMU,39.8835,94.5171,67.2003,6.6473,7.3716,156.514,-4.060,-0.052,85.804,0.1577,-0.0396,0.9673,
39.978,ENC,39.9977,94.6654,67.3315,5.7098,7.4142,156.611,-4.060,-0.052,85.804,0.1577,-0.0396,0.9673,
39.992,IMU,39.9977,94.6654,67.3315,5.7098,7.4142,156.611,-4.057,-0.121,85.819,0.0815,-0.0342,1.0161,
39.997,ENC,40.1306,94.8171,67.4738,6.6473,7.5847,156.665,-4.057,-0.121,85.819,0.0815,-0.0342,1.0161,
40.013,IMU,40.1306,94.8171,67.4738,6.6473,7.5847,156.665,-4.073,-0.083,85.851,0.0586,0.0117,0.9639,
40.018,ENC,40.2636,94.9688,67.6162,6.6473,7.5847,156.719,-4.073,-0.083,85.851,0.0586,0.0117,0.9639,
40.031,IMU,40.2636,94.9688,67.6162,6.6473,7.5847,156.719,-4.062,-0.154,85.868,0.0249,-0.0889,1.0288,
40.038,ENC,40.3999,95.1187,67.7593,6.8177,7.4995,156.758,-4.062,-0.154,85.868,0.0249,-0.0889,1.0288,
40.051,IMU,40.3999,95.1187,67.7593,6.8177,7.4995,156.758,-4.034,-0.159,85.832,0.0688,-0.0029,1.0679,
40.057,ENC,40.5414,95.2704,67.9059,7.0734,7.5847,156.787,-4.034,-0.159,85.832,0.0688,-0.0029,1.0679,
40.073,IMU,40.5414,95.2704,67.9059,7.0734,7.5847,156.787,-4.096,-0.281,85.858,0.1006,-0.0610,1.0215,
40.078,ENC,40.6829,95.4289,68.0559,7.0734,7.9256,156.836,-4.096,-0.281,85.858,0.1006,-0.0610,1.0215,
40.091,IMU,40.6829,95.4289,68.0559,7.0734,7.9256,156.836,-4.026,-0.230,85.895,0.0239,0.0708,0.8804,
40.097,ENC,40.8243,95.5823,68.2033,7.0734,7.6699,156.870,-4.026,-0.230,85.895,0.0239,0.0708,0.8804,
40.111,IMU,40.8243,95.5823,68.2033,7.0734,7.6699,156.870,-3.928,-0.359,85.903,0.0093,-0.0864,1.0112,
40.125,ENC,40.9675,95.7340,68.3508,7.1586,7.5847,156.895,-3.928,-0.359,85.903,0.0093,-0.0864,1.0112,
40.131,IMU,40.9675,95.7340,68.3508,7.1586,7.5847,156.895,-3.878,-0.358,85.959,0.0356,-0.0151,0.9146,
40.138,ENC,41.1209,95.8943,68.5076,7.6699,8.0108,156.914,-3.878,-0.358,85.959,0.0356,-0.0151,0.9146,
40.154,IMU,41.1209,95.8943,68.5076,7.6699,8.0108,156.914,-3.947,-0.410,85.956,0.1460,-0.0601,1.0312,
40.157,ENC,41.2845,96.0494,68.6669,8.1812,7.7551,156.890,-3.947,-0.410,85.956,0.1460,-0.0601,1.0312,
40.174,IMU,41.2845,96.0494,68.6669,8.1812,7.7551,156.890,-3.927,-0.433,85.945,0.0532,-0.0024,1.0273,
40.178,ENC,41.4430,96.2181,68.8306,7.9256,8.4369,156.919,-3.927,-0.433,85.945,0.0532,-0.0024,1.0273,
40.193,IMU,41.4430,96.2181,68.8306,7.9256,8.4369,156.919,-3.855,-0.499,85.966,-0.0200,-0.0601,0.9575,
40.198,ENC,41.6135,96.3732,68.9933,8.5221,7.7551,156.875,-3.855,-0.499,85.966,-0.0200,-0.0601,0.9575,
40.211,IMU,41.6135,96.3732,68.9933,8.5221,7.7551,156.875,-3.946,-0.485,85.963,0.1245,0.0142,1.0371,
40.227,ENC,41.7856,96.5470,69.1663,8.6073,8.6926,156.880,-3.946,-0.485,85.963,0.1245,0.0142,1.0371,
40.231,IMU,41.7856,96.5470,69.1663,8.6073,8.6926,156.880,-4.004,-0.554,85.972,0.1279,-0.0527,1.0063,
40.238,ENC,41.9561,96.7090,69.3325,8.5221,8.0960,156.855,-4.004,-0.554,85.972,0.1279,-0.0527,1.0063,
40.250,IMU,41.9561,96.7090,69.3325,8.5221,8.0960,156.855,-4.048,-0.512,86.007,0.1196,0.0186,1.0083,
40.257,ENC,42.1282,96.8760,69.5021,8.6073,8.3517,156.841,-4.048,-0.512,86.007,0.1196,0.0186,1.0083,
40.271,IMU,42.1282,96.8760,69.5021,8.6073,8.3517,156.841,-4.057,-0.601,86.015,0.0576,-0.0635,1.0601,
40.278,ENC,42.3072,97.0481,69.6777,8.9482,8.6073,156.821,-4.057,-0.601,86.015,0.0576,-0.0635,1.0601,
40.291,IMU,42.3072,97.0481,69.6777,8.9482,8.6073,156.821,-4.036,-0.624,86.055,0.0942,-0.0239,1.1265,
40.298,ENC,42.4827,97.2186,69.8507,8.7778,8.5221,156.807,-4.036,-0.624,86.055,0.0942,-0.0239,1.1265,
40.313,IMU,42.4827,97.2186,69.8507,8.7778,8.5221,156.807,-3.876,-0.656,86.102,-0.0303,-0.0103,0.9736,
40.318,ENC,42.6583,97.3924,70.0254,8.7778,8.6926,156.802,-3.876,-0.656,86.102,-0.0303,-0.0103,0.9736,
40.331,IMU,42.6583,97.3924,70.0254,8.7778,8.6926,156.802,-3.801,-0.889,86.124,0.0352,-0.1675,0.9326,
40.338,ENC,42.8492,97.5816,70.2154,9.5448,9.4595,156.797,-3.801,-0.889,86.124,0.0352,-0.1675,0.9326,
40.351,IMU,42.8492,97.5816,70.2154,9.5448,9.4595,156.797,-3.780,-0.869,86.087,0.0488,0.0146,0.9326,
40.357,ENC,43.0248,97.7640,70.3944,8.7778,9.1187,156.816,-3.780,-0.869,86.087,0.0488,0.0146,0.9326,
40.371,IMU,43.0248,97.7640,70.3944,8.7778,9.1187,156.816,-3.696,-0.874,86.094,-0.0142,-0.0308,0.9937,
40.380,ENC,43.2139,97.9566,70.5853,9.4595,9.6300,156.826,-3.696,-0.874,86.094,-0.0142,-0.0308,0.9937,
40.391,IMU,43.2139,97.9566,70.5853,9.4595,9.6300,156.826,-3.863,-0.892,86.105,0.2549,-0.0225,0.9121,
40.398,ENC,43.4014,98.1645,70.7830,9.3743,10.3970,156.885,-3.863,-0.892,86.105,0.2549,-0.0225,0.9121,
40.410,IMU,43.4014,98.1645,70.7830,9.3743,10.3970,156.885,-3.976,-0.835,86.131,0.1953,0.0337,0.9268,
40.420,ENC,43.5821,98.3708,70.9764,9.0334,10.3118,156.958,-3.976,-0.835,86.131,0.1953,0.0337,0.9268,
40.431,IMU,43.5821,98.3708,70.9764,9.0334,10.3118,156.958,-3.717,-0.938,86.083,-0.1489,-0.0845,1.0327,
40.437,ENC,43.7832,98.5753,71.1793,10.0561,10.2265,156.968,-3.717,-0.938,86.083,-0.1489,-0.0845,1.0327,
40.453,IMU,43.7832,98.5753,71.1793,10.0561,10.2265,156.968,-3.675,-0.960,86.149,0.0752,-0.0425,0.9507,
40.471,IMU,43.7832,98.5753,71.1793,10.0561,10.2265,156.968,-3.661,-0.978,86.153,0.0308,-0.0078,1.0327,
40.486,ENC,44.1377,98.9946,71.5662,8.8630,10.4822,157.153,-3.661,-0.978,86.153,0.0308,-0.0078,1.0327,
40.491,IMU,44.1377,98.9946,71.5662,8.8630,10.4822,157.153,-3.418,-1.021,86.201,-0.1289,-0.0820,1.0552,
40.498,ENC,44.3525,99.2145,71.7835,10.7379,10.9935,157.168,-3.418,-1.021,86.201,-0.1289,-0.0820,1.0552,
40.511,IMU,44.3525,99.2145,71.7835,10.7379,10.9935,157.168,-3.611,-0.930,86.286,0.2129,0.0464,0.9023,
40.518,ENC,44.5826,99.4275,72.0051,11.5049,10.6526,157.119,-3.611,-0.930,86.286,0.2129,0.0464,0.9023,
40.531,IMU,44.5826,99.4275,72.0051,11.5049,10.6526,157.119,-3.381,-1.036,86.258,-0.0962,-0.0811,0.9858,
40.538,ENC,44.8195,99.6542,72.2369,11.8457,11.3344,157.090,-3.381,-1.036,86.258,-0.0962,-0.0811,0.9858,
40.550,IMU,44.8195,99.6542,72.2369,11.8457,11.3344,157.090,-3.317,-1.037,86.285,0.0039,-0.0459,1.0522,
40.558,ENC,45.1093,99.8945,72.5019,14.4876,12.0162,156.948,-3.317,-1.037,86.285,0.0039,-0.0459,1.0522,
40.571,IMU,45.1093,99.8945,72.5019,14.4876,12.0162,156.948,-3.314,-1.176,86.301,0.0737,-0.1074,0.9023,
40.578,ENC,45.3786,100.1434,72.7610,13.4649,12.4423,156.890,-3.314,-1.176,86.301,0.0737,-0.1074,0.9023,
40.593,IMU,45.3786,100.1434,72.7610,13.4649,12.4423,156.890,-3.356,-1.273,86.318,0.0928,-0.0854,1.0186,
40.597,ENC,45.6717,100.4280,73.0499,14.6580,14.2319,156.865,-3.356,-1.273,86.318,0.0928,-0.0854,1.0186,
40.614,IMU,45.6717,100.4280,73.0499,14.6580,14.2319,156.865,-3.345,-1.402,86.327,0.1143,-0.1182,0.9941,
40.618,ENC,45.9785,100.7178,73.3481,15.3398,14.4876,156.816,-3.345,-1.402,86.327,0.1143,-0.1182,0.9941,
40.631,IMU,45.9785,100.7178,73.3481,15.3398,14.4876,156.816,-3.200,-1.330,86.294,-0.0513,-0.0049,0.8525,
40.638,ENC,46.2717,101.0160,73.6439,14.6580,14.9137,156.831,-3.200,-1.330,86.294,-0.0513,-0.0049,0.8525,
40.651,IMU,46.2717,101.0160,73.6439,14.6580,14.9137,156.831,-2.968,-1.349,86.343,-0.1377,0.0020,0.9185,
40.671,IMU,46.2717,101.0160,73.6439,14.6580,14.9137,156.831,-2.750,-1.473,86.383,-0.1289,-0.0957,0.9478,
40.678,ENC,46.8665,101.6535,74.2600,14.8711,15.9364,156.953,-2.750,-1.473,86.383,-0.1289,-0.0957,0.9478,
40.691,IMU,46.8665,101.6535,74.2600,14.8711,15.9364,156.953,-2.498,-1.487,86.427,-0.1182,-0.0195,0.8799,
40.699,ENC,47.1290,101.9756,74.5523,13.1241,16.1068,157.124,-2.498,-1.487,86.427,-0.1182,-0.0195,0.8799,
40.711,IMU,47.1290,101.9756,74.5523,13.1241,16.1068,157.124,-2.629,-1.576,86.484,0.1533,-0.0996,0.9536,
40.719,ENC,47.4153,102.3012,74.8583,14.3172,16.2772,157.236,-2.629,-1.576,86.484,0.1533,-0.0996,0.9536,
40.731,IMU,47.4153,102.3012,74.8583,14.3172,16.2772,157.236,-2.734,-1.700,86.508,0.1240,-0.1099,0.9023,
40.738,ENC,47.7102,102.6165,75.1634,14.7433,15.7659,157.295,-2.734,-1.700,86.508,0.1240,-0.1099,0.9023,
40.751,IMU,47.7102,102.6165,75.1634,14.7433,15.7659,157.295,-2.690,-1.731,86.540,0.0518,-0.0347,0.9761,
40.759,ENC,48.0170,102.9489,75.4829,15.3398,16.6181,157.368,-2.690,-1.731,86.540,0.0518,-0.0347,0.9761,
40.771,IMU,48.0170,102.9489,75.4829,15.3398,16.6181,157.368,-2.698,-1.812,86.568,0.0996,-0.0776,0.9912,
40.778,ENC,48.3426,103.2863,75.8144,16.2772,16.8738,157.402,-2.698,-1.812,86.568,0.0996,-0.0776,0.9912,
40.791,IMU,48.3426,103.2863,75.8144,16.2772,16.8738,157.402,-2.712,-2.040,86.592,0.0874,-0.1699,0.9155,
40.798,ENC,48.6920,103.6119,76.1519,17.4703,16.2772,157.334,-2.712,-2.040,86.592,0.0874,-0.1699,0.9155,
40.811,IMU,48.6920,103.6119,76.1519,17.4703,16.2772,157.334,-2.695,-2.114,86.644,0.0166,-0.0581,0.9653,
40.818,ENC,49.0618,103.9459,76.5039,18.4930,16.7033,157.231,-2.695,-2.114,86.644,0.0166,-0.0581,0.9653,
40.831,IMU,49.0618,103.9459,76.5039,18.4930,16.7033,157.231,-2.731,-2.152,86.663,0.0708,-0.0151,1.0176,
40.838,ENC,49.4197,104.2834,76.8516,17.8964,16.8738,157.173,-2.731,-2.152,86.663,0.0708,-0.0151,1.0176,
40.854,IMU,49.4197,104.2834,76.8516,17.8964,16.8738,157.173,-2.686,-2.065,86.733,0.0493,0.0366,0.9141,
40.857,ENC,49.7487,104.6209,77.1848,16.4477,16.8738,157.197,-2.686,-2.065,86.733,0.0493,0.0366,0.9141,
40.873,IMU,49.7487,104.6209,77.1848,16.4477,16.8738,157.197,-2.619,-2.088,86.765,0.0391,-0.0054,1.0044,
40.878,ENC,50.0742,104.9703,77.5223,16.2772,17.4703,157.266,-2.619,-2.088,86.765,0.0391,-0.0054,1.0044,
40.891,IMU,50.0742,104.9703,77.5223,16.2772,17.4703,157.266,-2.632,-2.020,86.840,0.0483,-0.0093,1.0977,
40.898,ENC,50.3657,105.2941,77.8299,14.5728,16.1920,157.358,-2.632,-2.020,86.840,0.0483,-0.0093,1.0977,
40.911,IMU,50.3657,105.2941,77.8299,14.5728,16.1920,157.358,-2.733,-2.026,86.971,0.1260,-0.0220,0.7739,
40.918,ENC,50.6572,105.6129,78.1350,14.5728,15.9364,157.437,-2.733,-2.026,86.971,0.1260,-0.0220,0.7739,
40.931,IMU,50.6572,105.6129,78.1350,14.5728,15.9364,157.437,-2.631,-1.841,87.005,-0.0527,0.1172,1.0088,
40.943,ENC,50.9435,105.9111,78.4273,14.3172,14.9137,157.471,-2.631,-1.841,87.005,-0.0527,0.1172,1.0088,
40.951,IMU,50.9435,105.9111,78.4273,14.3172,14.9137,157.471,-2.646,-1.694,87.004,0.0884,0.1343,1.0669,
40.957,ENC,51.2043,106.1839,78.6941,13.0388,13.6354,157.505,-2.646,-1.694,87.004,0.0884,0.1343,1.0669,
40.971,IMU,51.2043,106.1839,78.6941,13.0388,13.6354,157.505,-2.699,-1.552,87.040,0.1230,0.1099,0.9614,
40.978,ENC,51.4548,106.4327,78.9438,12.5275,12.4423,157.500,-2.699,-1.552,87.040,0.1230,0.1099,0.9614,
40.993,IMU,51.4548,106.4327,78.9438,12.5275,12.4423,157.500,-2.677,-1.366,87.091,0.0024,0.1714,1.0679,
40.998,ENC,51.6952,106.6764,79.1858,12.0162,12.1866,157.510,-2.677,-1.366,87.091,0.0024,0.1714,1.0679,
41.011,IMU,51.6952,106.6764,79.1858,12.0162,12.1866,157.510,-2.575,-1.227,87.132,-0.0869,0.0991,1.0278,
41.017,ENC,51.9099,106.9133,79.4116,10.7379,11.8457,157.573,-2.575,-1.227,87.132,-0.0869,0.0991,1.0278,
41.031,IMU,51.9099,106.9133,79.4116,10.7379,11.8457,157.573,-2.514,-0.828,87.267,-0.0117,0.2539,1.0420,
41.038,ENC,52.0957,107.1162,79.6059,9.2891,10.1413,157.622,-2.514,-0.828,87.267,-0.0117,0.2539,1.0420,
41.052,IMU,52.0957,107.1162,79.6059,9.2891,10.1413,157.622,-2.576,-0.461,87.431,0.0698,0.2261,0.9878,
41.058,ENC,52.2082,107.2900,79.7491,5.6246,8.6926,157.798,-2.576,-0.461,87.431,0.0698,0.2261,0.9878,
41.071,IMU,52.2082,107.2900,79.7491,5.6246,8.6926,157.798,-2.662,-0.166,87.497,0.1445,0.2817,0.9985,
41.078,ENC,52.3053,107.4230,79.8642,4.8576,6.6473,157.900,-2.662,-0.166,87.497,0.1445,0.2817,0.9985,
41.091,IMU,52.3053,107.4230,79.8642,4.8576,6.6473,157.900,-2.742,0.041,87.443,0.1216,0.2051,1.0093,
41.098,ENC,52.3889,107.4997,79.9443,4.1758,3.8350,157.881,-2.742,0.041,87.443,0.1216,0.2051,1.0093,
41.111,IMU,52.3889,107.4997,79.9443,4.1758,3.8350,157.881,-2.748,0.051,87.382,0.0527,0.0742,1.0200,
41.117,ENC,52.4656,107.5338,79.9997,3.8350,1.7044,157.759,-2.748,0.051,87.382,0.0527,0.0742,1.0200,
41.131,IMU,52.4656,107.5338,79.9997,3.8350,1.7044,157.759,-2.768,0.081,87.311,0.0376,0.0039,0.9878,
41.138,ENC,52.5184,107.5576,80.0380,2.6419,1.1931,157.676,-2.768,0.081,87.311,0.0376,0.0039,0.9878,
41.151,IMU,52.5184,107.5576,80.0380,2.6419,1.1931,157.676,-2.799,0.120,87.254,0.0605,0.0293,1.0098,
41.160,ENC,52.5576,107.5696,80.0636,1.9601,0.5965,157.598,-2.799,0.120,87.254,0.0605,0.0293,1.0098,
41.171,IMU,52.5576,107.5696,80.0636,1.9601,0.5965,157.598,-2.864,0.132,87.200,0.1343,0.0176,1.1094,
41.177,ENC,52.6019,107.5917,80.0968,2.2158,1.1079,157.534,-2.864,0.132,87.200,0.1343,0.0176,1.1094,
41.191,IMU,52.6019,107.5917,80.0968,2.2158,1.1079,157.534,-2.923,-0.029,87.156,0.0791,-0.0879,0.9556,
41.199,ENC,52.6547,107.6070,80.1309,2.6419,0.7670,157.427,-2.923,-0.029,87.156,0.0791,-0.0879,0.9556,
41.213,IMU,52.6547,107.6070,80.1309,2.6419,0.7670,157.427,-2.944,-0.092,86.998,0.0879,-0.0669,1.0356,
41.218,ENC,52.7331,107.6053,80.1692,3.9202,-0.0852,157.197,-2.944,-0.092,86.998,0.0879,-0.0669,1.0356,
41.231,IMU,52.7331,107.6053,80.1692,3.9202,-0.0852,157.197,-2.881,-0.152,86.848,0.0161,-0.0537,0.9839,
41.238,ENC,52.8269,107.5883,80.2076,4.6872,-0.8522,156.880,-2.881,-0.152,86.848,0.0161,-0.0537,0.9839,
41.251,IMU,52.8269,107.5883,80.2076,4.6872,-0.8522,156.880,-2.940,-0.426,86.615,0.1372,-0.1304,1.0171,
41.258,ENC,52.9615,107.5713,80.2664,6.7325,-0.8522,156.445,-2.940,-0.426,86.615,0.1372,-0.1304,1.0171,
41.273,IMU,52.9615,107.5713,80.2664,6.7325,-0.8522,156.445,-2.931,-0.633,86.249,0.0913,-0.1333,1.0444,
41.278,ENC,53.1115,107.5457,80.3286,7.4995,-1.2783,155.942,-2.931,-0.633,86.249,0.0913,-0.1333,1.0444,
41.291,IMU,53.1115,107.5457,80.3286,7.4995,-1.2783,155.942,-2.919,-0.739,85.821,0.0195,-0.1025,0.9248,
41.298,ENC,53.2956,107.4826,80.3891,9.2039,-3.1532,155.234,-2.919,-0.739,85.821,0.0195,-0.1025,0.9248,
41.311,IMU,53.2956,107.4826,80.3891,9.2039,-3.1532,155.234,-2.919,-0.844,85.299,0.0684,-0.0708,1.1353,
41.318,ENC,53.5104,107.3923,80.4513,10.7379,-4.5167,154.360,-2.919,-0.844,85.299,0.0684,-0.0708,1.1353,
41.332,IMU,53.5104,107.3923,80.4513,10.7379,-4.5167,154.360,-3.035,-0.772,84.684,0.1528,0.0615,0.9702,
41.337,ENC,53.7371,107.2815,80.5093,11.3344,-5.5394,153.394,-3.035,-0.772,84.684,0.1528,0.0615,0.9702,
41.351,IMU,53.7371,107.2815,80.5093,11.3344,-5.5394,153.394,-2.975,-0.872,83.937,0.0713,-0.0684,0.9624,
41.357,ENC,53.9757,107.1315,80.5536,11.9310,-7.4995,152.280,-2.975,-0.872,83.937,0.0713,-0.0684,0.9624,
41.371,IMU,53.9757,107.1315,80.5536,11.9310,-7.4995,152.280,-3.075,-0.870,83.230,0.1294,-0.0068,0.8481,
41.378,ENC,54.2160,106.9611,80.5885,12.0162,-8.5221,151.104,-3.075,-0.870,83.230,0.1294,-0.0068,0.8481,
41.391,IMU,54.2160,106.9611,80.5885,12.0162,-8.5221,151.104,-3.161,-0.979,82.436,0.1323,-0.0601,0.9258,
41.411,IMU,54.2160,106.9611,80.5885,12.0162,-8.5221,151.104,-3.298,-0.955,81.598,0.1748,0.0244,0.9146,
41.418,ENC,54.7307,106.5452,80.6380,12.8684,-10.3970,148.438,-3.298,-0.955,81.598,0.1748,0.0244,0.9146,
41.431,IMU,54.7307,106.5452,80.6380,12.8684,-10.3970,148.438,-3.552,-1.068,80.687,0.2437,-0.0884,1.0596,
41.438,ENC,55.0103,106.2981,80.6542,13.9763,-12.3571,146.929,-3.552,-1.068,80.687,0.2437,-0.0884,1.0596,
41.454,IMU,55.0103,106.2981,80.6542,13.9763,-12.3571,146.929,-3.610,-0.972,79.671,0.0762,0.1147,1.1416,
41.458,ENC,55.2898,106.0475,80.6686,13.9763,-12.5275,145.410,-3.610,-0.972,79.671,0.0762,0.1147,1.1416,
41.478,IMU,55.2898,106.0475,80.6686,13.9763,-12.5275,145.410,-3.661,-0.950,78.716,0.0801,0.0884,1.1250,
41.480,ENC,55.5983,105.7731,80.6857,15.4250,-13.7206,143.740,-3.661,-0.950,78.716,0.0801,0.0884,1.1250,
41.492,IMU,55.5983,105.7731,80.6857,15.4250,-13.7206,143.740,-3.566,-1.057,77.690,-0.0127,-0.0254,0.9956,
41.498,ENC,55.8863,105.5055,80.6959,14.4024,-13.3797,142.148,-3.566,-1.057,77.690,-0.0127,-0.0254,0.9956,
41.511,IMU,55.8863,105.5055,80.6959,14.4024,-13.3797,142.148,-3.624,-1.087,76.662,0.0752,0.0049,1.0801,
41.518,ENC,56.1982,105.2192,80.7087,15.5955,-14.3172,140.435,-3.624,-1.087,76.662,0.0752,0.0049,1.0801,
41.531,IMU,56.1982,105.2192,80.7087,15.5955,-14.3172,140.435,-3.594,-1.063,75.617,-0.0112,0.0806,1.1489,
41.538,ENC,56.5016,104.9311,80.7164,15.1694,-14.4024,138.740,-3.594,-1.063,75.617,-0.0112,0.0806,1.1489,
41.552,IMU,56.5016,104.9311,80.7164,15.1694,-14.4024,138.740,-3.503,-0.963,74.571,0.0342,0.0874,0.9565,
41.557,ENC,56.7965,104.6465,80.7215,14.7433,-14.2319,137.080,-3.503,-0.963,74.571,0.0342,0.0874,0.9565,
41.572,IMU,56.7965,104.6465,80.7215,14.7433,-14.2319,137.080,-3.440,-1.098,73.471,0.0083,-0.0635,0.8623,
41.591,IMU,56.7965,104.6465,80.7215,14.7433,-14.2319,137.080,-3.444,-1.187,72.399,0.0532,-0.0488,0.9727,
41.613,IMU,56.7965,104.6465,80.7215,14.7433,-14.2319,137.080,-3.530,-1.325,71.358,0.1270,-0.0459,0.9688,
41.617,ENC,57.6112,103.7772,80.6942,13.5786,-14.4876,132.256,-3.530,-1.325,71.358,0.1270,-0.0459,0.9688,
41.631,IMU,57.6112,103.7772,80.6942,13.5786,-14.4876,132.256,-3.341,-1.458,70.347,-0.1108,-0.0815,1.0835,
41.638,ENC,57.8805,103.4994,80.6899,13.4649,-13.8910,130.688,-3.341,-1.458,70.347,-0.1108,-0.0815,1.0835,
41.651,IMU,57.8805,103.4994,80.6899,13.4649,-13.8910,130.688,-3.148,-1.501,69.284,-0.0752,-0.0034,0.9077,
41.657,ENC,58.1464,103.2352,80.6908,13.2945,-13.2093,129.170,-3.148,-1.501,69.284,-0.0752,-0.0034,0.9077,
41.671,IMU,58.1464,103.2352,80.6908,13.2945,-13.2093,129.170,-3.138,-1.583,68.227,0.0376,-0.0747,1.1733,
41.677,ENC,58.4293,102.9625,80.6959,14.1467,-13.6354,127.578,-3.138,-1.583,68.227,0.0376,-0.0747,1.1733,
41.693,IMU,58.4293,102.9625,80.6959,14.1467,-13.6354,127.578,-3.255,-1.605,67.127,0.1304,0.0293,1.1279,
41.698,ENC,58.7157,102.6949,80.7053,14.3172,-13.3797,125.991,-3.255,-1.605,67.127,0.1304,0.0293,1.1279,
41.711,IMU,58.7157,102.6949,80.7053,14.3172,-13.3797,125.991,-3.231,-1.717,66.136,0.0229,-0.1021,0.9546,
41.718,ENC,58.9867,102.4409,80.7138,13.5502,-12.6980,124.487,-3.231,-1.717,66.136,0.0229,-0.1021,0.9546,
41.731,IMU,58.9867,102.4409,80.7138,13.5502,-12.6980,124.487,-3.375,-1.769,65.115,0.1396,0.0029,0.9561,
41.738,ENC,59.2832,102.1716,80.7274,14.8285,-13.4649,122.866,-3.375,-1.769,65.115,0.1396,0.0029,0.9561,
41.751,IMU,59.2832,102.1716,80.7274,14.8285,-13.4649,122.866,-3.379,-1.783,64.045,0.0703,0.0312,1.1421,
41.758,ENC,59.5679,101.9075,80.7377,14.2319,-13.2093,121.294,-3.379,-1.783,64.045,0.0703,0.0312,1.1421,
41.771,IMU,59.5679,101.9075,80.7377,14.2319,-13.2093,121.294,-3.426,-1.779,62.975,0.0776,0.0439,0.9194,
41.778,ENC,59.8730,101.6382,80.7556,15.2546,-13.4649,119.648,-3.426,-1.779,62.975,0.0776,0.0439,0.9194,
41.791,IMU,59.8730,101.6382,80.7556,15.2546,-13.4649,119.648,-3.520,-1.941,61.902,0.1475,-0.0869,0.7988,
41.798,ENC,60.1815,101.3620,80.7718,15.4250,-13.8058,117.974,-3.520,-1.941,61.902,0.1475,-0.0869,0.7988,
41.812,IMU,60.1815,101.3620,80.7718,15.4250,-13.8058,117.974,-3.472,-2.101,60.837,-0.0083,-0.0854,1.0825,
41.818,ENC,60.4712,101.0944,80.7828,14.4876,-13.3797,116.377,-3.472,-2.101,60.837,-0.0083,-0.0854,1.0825,
41.831,IMU,60.4712,101.0944,80.7828,14.4876,-13.3797,116.377,-3.474,-1.975,59.771,0.0039,0.1128,1.0811,
41.837,ENC,60.7320,100.8541,80.7931,13.0388,-12.0162,114.941,-3.474,-1.975,59.771,0.0039,0.1128,1.0811,
41.852,IMU,60.7320,100.8541,80.7931,13.0388,-12.0162,114.941,-3.492,-2.015,58.802,0.0176,-0.0054,1.1123,
41.858,ENC,60.9706,100.6496,80.8101,11.9310,-10.2265,113.672,-3.492,-2.015,58.802,0.0176,-0.0054,1.1123,
41.872,IMU,60.9706,100.6496,80.8101,11.9310,-10.2265,113.672,-3.297,-2.064,57.824,-0.0654,-0.0557,0.8770,
41.878,ENC,61.1871,100.3786,80.7828,10.8231,-13.5502,112.275,-3.297,-2.064,57.824,-0.0654,-0.0557,0.8770,
41.892,IMU,61.1871,100.3786,80.7828,10.8231,-13.5502,112.275,-3.154,-2.158,56.886,-0.0508,-0.0908,1.0693,
41.898,ENC,61.3950,100.1706,80.7828,10.3970,-10.3970,111.084,-3.154,-2.158,56.886,-0.0508,-0.0908,1.0693,
41.911,IMU,61.3950,100.1706,80.7828,10.3970,-10.3970,111.084,-3.090,-2.122,56.092,0.0801,0.0464,1.0029,
41.918,ENC,61.5723,100.0104,80.7914,8.8630,-8.0108,110.117,-3.090,-2.122,56.092,0.0801,0.0464,1.0029,
41.931,IMU,61.5723,100.0104,80.7914,8.8630,-8.0108,110.117,-2.969,-2.098,55.487,-0.0630,-0.0024,0.9980,
41.937,ENC,61.7206,99.8621,80.7914,7.4142,-7.4142,109.268,-2.969,-2.098,55.487,-0.0630,-0.0024,0.9980,
41.953,IMU,61.7206,99.8621,80.7914,7.4142,-7.4142,109.268,-2.834,-2.101,55.008,-0.0425,-0.0161,0.9497,
41.958,ENC,61.8416,99.7599,80.8007,6.0507,-5.1133,108.628,-2.834,-2.101,55.008,-0.0425,-0.0161,0.9497,
41.971,IMU,61.8416,99.7599,80.8007,6.0507,-5.1133,108.628,-2.709,-2.055,54.667,-0.0586,0.0244,1.0474,
41.991,IMU,61.8416,99.7599,80.8007,6.0507,-5.1133,108.628,-2.516,-2.013,54.492,-0.0845,-0.0020,1.0034,
41.998,ENC,61.9762,99.6457,80.8110,3.3662,-2.8549,107.915,-2.516,-2.013,54.492,-0.0845,-0.0020,1.0034,
42.011,IMU,61.9762,99.6457,80.8110,3.3662,-2.8549,107.915,-2.397,-1.950,54.511,-0.0796,-0.0015,0.9937,
42.018,ENC,61.9813,99.6338,80.8076,0.2557,-0.5965,107.866,-2.397,-1.950,54.511,-0.0796,-0.0015,0.9937,
42.031,IMU,61.9813,99.6338,80.8076,0.2557,-0.5965,107.866,-2.322,-1.931,54.562,-0.0068,-0.0166,0.9844,
42.037,ENC,61.9711,99.6423,80.8067,-0.5113,0.4261,107.920,-2.322,-1.931,54.562,-0.0068,-0.0166,0.9844,
42.053,IMU,61.9711,99.6423,80.8067,-0.5113,0.4261,107.920,-2.416,-1.959,54.653,0.1206,-0.0718,0.9907,
42.058,ENC,61.9541,99.6525,80.8033,-0.8522,0.5113,107.998,-2.416,-1.959,54.653,0.1206,-0.0718,0.9907,
42.071,IMU,61.9541,99.6525,80.8033,-0.8522,0.5113,107.998,-2.504,-1.939,54.715,0.1260,-0.0337,1.0098,
42.077,ENC,61.9438,99.6525,80.7982,-0.5113,0.0000,108.027,-2.504,-1.939,54.715,0.1260,-0.0337,1.0098,
42.092,IMU,61.9438,99.6525,80.7982,-0.5113,0.0000,108.027,-2.557,-1.960,54.694,0.0376,-0.0552,0.9858,
42.097,ENC,61.9438,99.6508,80.7973,0.0000,-0.0852,108.022,-2.557,-1.960,54.694,0.0376,-0.0552,0.9858,
42.111,IMU,61.9438,99.6508,80.7973,0.0000,-0.0852,108.022,-2.522,-1.972,54.731,0.0337,-0.0303,1.0361,
42.119,ENC,61.9438,99.6576,80.8007,0.0000,0.3409,108.042,-2.522,-1.972,54.731,0.0337,-0.0303,1.0361,
42.131,IMU,61.9438,99.6576,80.8007,0.0000,0.3409,108.042,-2.590,-1.925,54.771,0.0732,-0.0073,0.9790,
42.137,ENC,61.9438,99.6627,80.8033,0.0000,0.2557,108.057,-2.590,-1.925,54.771,0.0732,-0.0073,0.9790,
42.151,IMU,61.9438,99.6627,80.8033,0.0000,0.2557,108.057,-2.613,-1.857,54.765,0.0864,0.0117,0.9990,
42.159,ENC,61.9456,99.6627,80.8041,0.0852,0.0000,108.052,-2.613,-1.857,54.765,0.0864,0.0117,0.9990,
42.171,IMU,61.9456,99.6627,80.8041,0.0852,0.0000,108.052,-2.678,-1.796,54.758,0.0610,-0.0024,0.9951,
42.178,ENC,61.9490,99.6610,80.8050,0.1704,-0.0852,108.037,-2.678,-1.796,54.758,0.0610,-0.0024,0.9951,
42.191,IMU,61.9490,99.6610,80.8050,0.1704,-0.0852,108.037,-2.687,-1.823,54.771,0.0493,-0.0405,1.0059,
42.197,ENC,61.9490,99.6610,80.8050,0.0000,0.0000,108.037,-2.687,-1.823,54.771,0.0493,-0.0405,1.0059,
42.210,IMU,61.9490,99.6610,80.8050,0.0000,0.0000,108.037,-2.693,-1.870,54.772,0.0669,-0.0527,0.9941,
42.220,ENC,61.9490,99.6610,80.8050,0.0000,0.0000,108.037,-2.693,-1.870,54.772,0.0669,-0.0527,0.9941,
42.231,IMU,61.9490,99.6610,80.8050,0.0000,0.0000,108.037,-2.692,-1.827,54.778,0.0620,-0.0137,1.0015,
42.237,ENC,61.9490,99.6610,80.8050,0.0000,0.0000,108.037,-2.692,-1.827,54.778,0.0620,-0.0137,1.0015,
42.251,IMU,61.9490,99.6610,80.8050,0.0000,0.0000,108.037,-2.654,-1.808,54.741,0.0547,-0.0039,0.9902,
42.257,ENC,61.9490,99.6610,80.8050,0.0000,0.0000,108.037,-2.654,-1.808,54.741,0.0547,-0.0039,0.9902,
42.272,IMU,61.9490,99.6610,80.8050,0.0000,0.0000,108.037,-2.645,-1.831,54.725,0.0684,-0.0264,0.9990,
42.278,ENC,61.9490,99.6627,80.8058,0.0000,0.0852,108.042,-2.645,-1.831,54.725,0.0684,-0.0264,0.9990,
42.291,IMU,61.9490,99.6627,80.8058,0.0000,0.0852,108.042,-2.681,-1.839,54.730,0.0732,-0.0322,0.9897,
42.298,ENC,61.9490,99.6627,80.8058,0.0000,0.0000,108.042,-2.681,-1.839,54.730,0.0732,-0.0322,0.9897,
42.311,IMU,61.9490,99.6627,80.8058,0.0000,0.0000,108.042,-2.663,-1.851,54.704,0.0498,-0.0415,1.0005,
42.318,ENC,61.9490,99.6661,80.8076,0.0000,0.1704,108.052,-2.663,-1.851,54.704,0.0498,-0.0415,1.0005,
42.330,IMU,61.9490,99.6661,80.8076,0.0000,0.1704,108.052,-2.623,-1.875,54.744,0.0356,-0.0503,1.0146,
42.338,ENC,61.9490,99.6747,80.8118,0.0000,0.4261,108.076,-2.623,-1.875,54.744,0.0356,-0.0503,1.0146,
42.351,IMU,61.9490,99.6747,80.8118,0.0000,0.4261,108.076,-2.662,-1.877,54.775,0.0518,-0.0493,0.9902,
42.359,ENC,61.9524,99.6883,80.8203,0.1704,0.6818,108.105,-2.662,-1.877,54.775,0.0518,-0.0493,0.9902,
42.370,IMU,61.9524,99.6883,80.8203,0.1704,0.6818,108.105,-2.643,-1.890,54.802,0.0317,-0.0439,1.0024,
42.378,ENC,61.9609,99.7088,80.8348,0.4261,1.0227,108.140,-2.643,-1.890,54.802,0.0317,-0.0439,1.0024,
42.390,IMU,61.9609,99.7088,80.8348,0.4261,1.0227,108.140,-2.616,-1.906,54.775,0.0435,-0.0503,0.9795,
42.398,ENC,61.9711,99.7394,80.8553,0.5113,1.5340,108.198,-2.616,-1.906,54.775,0.0435,-0.0503,0.9795,
42.411,IMU,61.9711,99.7394,80.8553,0.5113,1.5340,108.198,-2.670,-1.974,54.850,0.0845,-0.0752,1.0020,
42.419,ENC,61.9933,99.7735,80.8834,1.1079,1.7044,108.232,-2.670,-1.974,54.850,0.0845,-0.0752,1.0020,
42.431,IMU,61.9933,99.7735,80.8834,1.1079,1.7044,108.232,-2.705,-2.001,54.834,0.0845,-0.0581,0.9941,
42.437,ENC,62.0188,99.8025,80.9107,1.2783,1.4488,108.242,-2.705,-2.001,54.834,0.0845,-0.0581,0.9941,
42.450,IMU,62.0188,99.8025,80.9107,1.2783,1.4488,108.242,-2.691,-2.083,54.846,0.0239,-0.0879,0.9756,
42.458,ENC,62.0546,99.8468,80.9507,1.7896,2.2158,108.267,-2.691,-2.083,54.846,0.0239,-0.0879,0.9756,
42.471,IMU,62.0546,99.8468,80.9507,1.7896,2.2158,108.267,-2.674,-2.182,54.873,0.0337,-0.0928,0.9761,
42.477,ENC,62.0938,99.8979,80.9959,1.9601,2.5566,108.301,-2.674,-2.182,54.873,0.0337,-0.0928,0.9761,
42.491,IMU,62.0938,99.8979,80.9959,1.9601,2.5566,108.301,-2.624,-2.256,54.901,0.0396,-0.0732,0.9517,
42.514,IMU,62.0938,99.8979,80.9959,1.9601,2.5566,108.301,-2.620,-2.245,54.960,0.0200,-0.0371,1.0259,
42.517,ENC,62.1910,100.0241,81.1075,2.4288,3.1532,108.384,-2.620,-2.245,54.960,0.0200,-0.0371,1.0259,
42.531,IMU,62.1910,100.0241,81.1075,2.4288,3.1532,108.384,-2.620,-2.249,55.004,0.0508,-0.0659,0.9180,
42.542,ENC,62.2438,100.0974,81.1706,2.6419,3.6645,108.442,-2.620,-2.249,55.004,0.0508,-0.0659,0.9180,
42.551,IMU,62.2438,100.0974,81.1706,2.6419,3.6645,108.442,-2.648,-2.233,55.071,0.0444,-0.0239,1.0625,
42.559,ENC,62.3018,100.1621,81.2320,2.8975,3.2384,108.462,-2.648,-2.233,55.071,0.0444,-0.0239,1.0625,
42.572,IMU,62.3018,100.1621,81.2320,2.8975,3.2384,108.462,-2.639,-2.175,55.127,0.0347,0.0269,0.9712,
42.578,ENC,62.3546,100.2303,81.2925,2.6419,3.4088,108.506,-2.639,-2.175,55.127,0.0347,0.0269,0.9712,
42.591,IMU,62.3546,100.2303,81.2925,2.6419,3.4088,108.506,-2.661,-2.167,55.179,0.0771,-0.0405,0.9575,
42.598,ENC,62.4109,100.3036,81.3572,2.8123,3.6645,108.555,-2.661,-2.167,55.179,0.0771,-0.0405,0.9575,
42.611,IMU,62.4109,100.3036,81.3572,2.8123,3.6645,108.555,-2.676,-2.211,55.172,0.0293,-0.0957,1.0630,
42.618,ENC,62.4756,100.3735,81.4246,3.2384,3.4941,108.569,-2.676,-2.211,55.172,0.0293,-0.0957,1.0630,
42.635,IMU,62.4756,100.3735,81.4246,3.2384,3.4941,108.569,-2.732,-2.218,55.156,0.0767,-0.0635,1.0508,
42.638,ENC,62.5557,100.4502,81.5030,4.0054,3.8350,108.560,-2.732,-2.218,55.156,0.0767,-0.0635,1.0508,
42.651,IMU,62.5557,100.4502,81.5030,4.0054,3.8350,108.560,-2.687,-2.223,55.162,0.0293,-0.0386,1.0361,
42.658,ENC,62.6444,100.5286,81.5865,4.4315,3.9202,108.530,-2.687,-2.223,55.162,0.0293,-0.0386,1.0361,
42.671,IMU,62.6444,100.5286,81.5865,4.4315,3.9202,108.530,-2.665,-2.243,55.167,0.0610,-0.0723,1.0444,
42.678,ENC,62.7330,100.6019,81.6674,4.4315,3.6645,108.486,-2.665,-2.243,55.167,0.0610,-0.0723,1.0444,
42.691,IMU,62.7330,100.6019,81.6674,4.4315,3.6645,108.486,-2.597,-2.281,55.175,0.0210,-0.0483,1.1289,
42.698,ENC,62.8165,100.6922,81.7544,4.1758,4.5167,108.506,-2.597,-2.281,55.175,0.0210,-0.0483,1.1289,
42.710,IMU,62.8165,100.6922,81.7544,4.1758,4.5167,108.506,-2.598,-2.267,55.192,0.0708,-0.0254,0.9775,
42.718,ENC,62.9000,100.7672,81.8336,4.1758,3.7497,108.481,-2.598,-2.267,55.192,0.0708,-0.0254,0.9775,
42.734,IMU,62.9000,100.7672,81.8336,4.1758,3.7497,108.481,-2.637,-2.292,55.197,0.0430,-0.0488,1.0386,
42.737,ENC,62.9801,100.8473,81.9137,4.0054,4.0054,108.481,-2.637,-2.292,55.197,0.0430,-0.0488,1.0386,
42.753,IMU,62.9801,100.8473,81.9137,4.0054,4.0054,108.481,-2.617,-2.359,55.230,0.0410,-0.0859,1.0698,
42.758,ENC,63.0688,100.9393,82.0041,4.4315,4.6019,108.491,-2.617,-2.359,55.230,0.0410,-0.0859,1.0698,
42.775,IMU,63.0688,100.9393,82.0041,4.4315,4.6019,108.491,-2.598,-2.396,55.255,0.0220,-0.0547,1.0239,
42.777,ENC,63.1574,101.0314,82.0944,4.4315,4.6019,108.501,-2.598,-2.396,55.255,0.0220,-0.0547,1.0239,
42.791,IMU,63.1574,101.0314,82.0944,4.4315,4.6019,108.501,-2.620,-2.340,55.274,0.0571,-0.0430,1.0474,
42.797,ENC,63.2528,101.1234,82.1881,4.7724,4.6019,108.491,-2.620,-2.340,55.274,0.0571,-0.0430,1.0474,
42.811,IMU,63.2528,101.1234,82.1881,4.7724,4.6019,108.491,-2.647,-2.285,55.290,0.0757,0.0142,0.9214,
42.818,ENC,63.3517,101.2223,82.2870,4.9428,4.9428,108.491,-2.647,-2.285,55.290,0.0757,0.0142,0.9214,
42.831,IMU,63.3517,101.2223,82.2870,4.9428,4.9428,108.491,-2.665,-2.280,55.243,0.0659,-0.0073,1.0049,
42.837,ENC,63.4506,101.3228,82.3867,4.9428,5.0280,108.496,-2.665,-2.280,55.243,0.0659,-0.0073,1.0049,
42.853,IMU,63.4506,101.3228,82.3867,4.9428,5.0280,108.496,-2.673,-2.256,55.261,0.0425,-0.0371,0.9961,
42.857,ENC,63.5494,101.4268,82.4881,4.9428,5.1985,108.511,-2.673,-2.256,55.261,0.0425,-0.0371,0.9961,
42.871,IMU,63.5494,101.4268,82.4881,4.9428,5.1985,108.511,-2.677,-2.259,55.276,0.0356,-0.0444,1.0288,
42.878,ENC,63.6517,101.5291,82.5904,5.1133,5.1133,108.511,-2.677,-2.259,55.276,0.0356,-0.0444,1.0288,
42.891,IMU,63.6517,101.5291,82.5904,5.1133,5.1133,108.511,-2.699,-2.330,55.260,0.0415,-0.0869,1.0259,
42.897,ENC,63.7488,101.6279,82.6884,4.8576,4.9428,108.516,-2.699,-2.330,55.260,0.0415,-0.0869,1.0259,
42.911,IMU,63.7488,101.6279,82.6884,4.8576,4.9428,108.516,-2.715,-2.317,55.249,0.0547,-0.0186,1.0259,
42.918,ENC,63.8477,101.7285,82.7881,4.9428,5.0280,108.521,-2.715,-2.317,55.249,0.0547,-0.0186,1.0259,
42.932,IMU,63.8477,101.7285,82.7881,4.9428,5.0280,108.521,-2.773,-2.330,55.290,0.0742,-0.0234,0.9761,
42.938,ENC,63.9431,101.8342,82.8887,4.7724,5.2837,108.550,-2.773,-2.330,55.290,0.0742,-0.0234,0.9761,
42.951,IMU,63.9431,101.8342,82.8887,4.7724,5.2837,108.550,-2.784,-2.262,55.367,0.0703,-0.0103,0.9771,
42.957,ENC,64.0352,101.9381,82.9867,4.6019,5.1985,108.584,-2.784,-2.262,55.367,0.0703,-0.0103,0.9771,
42.971,IMU,64.0352,101.9381,82.9867,4.6019,5.1985,108.584,-2.772,-2.254,55.404,0.0303,0.0088,1.0259,
42.979,ENC,64.1289,102.0421,83.0855,4.6872,5.1985,108.613,-2.772,-2.254,55.404,0.0303,0.0088,1.0259,
42.991,IMU,64.1289,102.0421,83.0855,4.6872,5.1985,108.613,-2.862,-2.368,55.380,0.1265,-0.0742,0.9111,
42.998,ENC,64.2210,102.1444,83.1827,4.6019,5.1133,108.643,-2.862,-2.368,55.380,0.1265,-0.0742,0.9111,
43.011,IMU,64.2210,102.1444,83.1827,4.6019,5.1133,108.643,-2.830,-2.397,55.414,0.0342,-0.0317,0.9790,
43.018,ENC,64.3096,102.2432,83.2764,4.4315,4.9428,108.672,-2.830,-2.397,55.414,0.0342,-0.0317,0.9790,
43.031,IMU,64.3096,102.2432,83.2764,4.4315,4.9428,108.672,-2.802,-2.326,55.401,0.0386,-0.0054,0.9468,
43.040,ENC,64.3999,102.3438,83.3719,4.5167,5.0280,108.701,-2.802,-2.326,55.401,0.0386,-0.0054,0.9468,
43.050,IMU,64.3999,102.3438,83.3719,4.5167,5.0280,108.701,-2.849,-2.346,55.401,0.1123,-0.0562,1.0288,
43.058,ENC,64.4920,102.4478,83.4699,4.6019,5.1985,108.735,-2.849,-2.346,55.401,0.1123,-0.0562,1.0288,
43.071,IMU,64.4920,102.4478,83.4699,4.6019,5.1985,108.735,-2.922,-2.354,55.423,0.0938,-0.0562,1.0239,
43.077,ENC,64.5823,102.5466,83.5645,4.5167,4.9428,108.760,-2.922,-2.354,55.423,0.0938,-0.0562,1.0239,
43.091,IMU,64.5823,102.5466,83.5645,4.5167,4.9428,108.760,-2.926,-2.364,55.451,0.0479,-0.0386,1.0117,
43.098,ENC,64.6760,102.6472,83.6616,4.6872,5.0280,108.779,-2.926,-2.364,55.451,0.0479,-0.0386,1.0117,
43.110,IMU,64.6760,102.6472,83.6616,4.6872,5.0280,108.779,-2.847,-2.421,55.489,0.0078,-0.1025,0.9932,
43.119,ENC,64.7698,102.7511,83.7605,4.6872,5.1985,108.809,-2.847,-2.421,55.489,0.0078,-0.1025,0.9932,
43.130,IMU,64.7698,102.7511,83.7605,4.6872,5.1985,108.809,-2.873,-2.336,55.493,0.0757,0.0132,0.9629,
43.137,ENC,64.8635,102.8517,83.8576,4.6872,5.0280,108.828,-2.873,-2.336,55.493,0.0757,0.0132,0.9629,
43.151,IMU,64.8635,102.8517,83.8576,4.6872,5.0280,108.828,-2.862,-2.397,55.497,0.0610,-0.0742,0.9692,
43.159,ENC,64.9692,102.9574,83.9633,5.2837,5.2837,108.828,-2.862,-2.397,55.497,0.0610,-0.0742,0.9692,
43.170,IMU,64.9692,102.9574,83.9633,5.2837,5.2837,108.828,-2.924,-2.346,55.529,0.0713,-0.0098,1.0054,
43.178,ENC,65.0664,103.0614,84.0639,4.8576,5.1985,108.848,-2.924,-2.346,55.529,0.0713,-0.0098,1.0054,
43.191,IMU,65.0664,103.0614,84.0639,4.8576,5.1985,108.848,-2.915,-2.436,55.525,0.0698,-0.0889,1.0322,
43.197,ENC,65.1737,103.1824,84.1780,5.3689,6.0507,108.887,-2.915,-2.436,55.525,0.0698,-0.0889,1.0322,
43.211,IMU,65.1737,103.1824,84.1780,5.3689,6.0507,108.887,-2.883,-2.374,55.469,-0.0225,-0.0708,0.9492,
43.218,ENC,65.2947,103.3034,84.2991,6.0507,6.0507,108.887,-2.883,-2.374,55.469,-0.0225,-0.0708,0.9492,
43.231,IMU,65.2947,103.3034,84.2991,6.0507,6.0507,108.887,-2.918,-2.382,55.512,0.0532,-0.0747,1.0254,
43.239,ENC,65.4123,103.4210,84.4167,5.8803,5.8803,108.887,-2.918,-2.382,55.512,0.0532,-0.0747,1.0254,
43.252,IMU,65.4123,103.4210,84.4167,5.8803,5.8803,108.887,-2.994,-2.378,55.532,0.0903,-0.0249,0.9668,
43.258,ENC,65.5317,103.5539,84.5428,5.9655,6.6473,108.926,-2.994,-2.378,55.532,0.0903,-0.0249,0.9668,
43.270,IMU,65.5317,103.5539,84.5428,5.9655,6.6473,108.926,-3.096,-2.305,55.518,0.1377,-0.0068,0.9873,
43.278,ENC,65.6561,103.6869,84.6715,6.2211,6.6473,108.950,-3.096,-2.305,55.518,0.1377,-0.0068,0.9873,
43.290,IMU,65.6561,103.6869,84.6715,6.2211,6.6473,108.950,-2.987,-2.288,55.527,0.0269,-0.0405,1.0093,
43.297,ENC,65.7839,103.8130,84.7985,6.3916,6.3064,108.945,-2.987,-2.288,55.527,0.0269,-0.0405,1.0093,
43.314,IMU,65.7839,103.8130,84.7985,6.3916,6.3064,108.945,-3.044,-2.361,55.565,0.0645,-0.0923,0.9590,
43.331,IMU,65.7839,103.8130,84.7985,6.3916,6.3064,108.945,-3.084,-2.366,55.547,0.0928,-0.0483,1.0210,
43.339,ENC,66.0924,104.0993,85.0959,7.7125,7.1586,108.882,-3.084,-2.366,55.547,0.0928,-0.0483,1.0210,
43.351,IMU,66.0924,104.0993,85.0959,7.7125,7.1586,108.882,-3.051,-2.515,55.451,0.0405,-0.1670,1.0659,
43.357,ENC,66.2594,104.2408,85.2501,8.3517,7.0734,108.809,-3.051,-2.515,55.451,0.0405,-0.1670,1.0659,
43.371,IMU,66.2594,104.2408,85.2501,8.3517,7.0734,108.809,-2.790,-2.592,55.356,-0.1567,-0.0957,0.9312,
43.378,ENC,66.4469,104.4010,85.4240,9.3743,8.0108,108.730,-2.790,-2.592,55.356,-0.1567,-0.0957,0.9312,
43.391,IMU,66.4469,104.4010,85.4240,9.3743,8.0108,108.730,-2.627,-2.624,55.307,-0.0757,-0.0669,0.9487,
43.398,ENC,66.6395,104.5681,85.6038,9.6300,8.3517,108.657,-2.627,-2.624,55.307,-0.0757,-0.0669,0.9487,
43.411,IMU,66.6395,104.5681,85.6038,9.6300,8.3517,108.657,-2.777,-2.815,55.247,0.1660,-0.1724,0.9858,
43.418,ENC,66.8560,104.7504,85.8032,10.8231,9.1187,108.560,-2.777,-2.815,55.247,0.1660,-0.1724,0.9858,
43.431,IMU,66.8560,104.7504,85.8032,10.8231,9.1187,108.560,-2.897,-2.824,55.117,0.0981,-0.0635,1.0479,
43.438,ENC,67.0980,104.9192,86.0086,12.1014,8.4369,108.350,-2.897,-2.824,55.117,0.0981,-0.0635,1.0479,
43.451,IMU,67.0980,104.9192,86.0086,12.1014,8.4369,108.350,-2.917,-2.848,55.000,0.0552,-0.1074,1.1162,
43.458,ENC,67.3247,105.0998,86.2123,11.3344,9.0334,108.218,-2.917,-2.848,55.000,0.0552,-0.1074,1.1162,
43.471,IMU,67.3247,105.0998,86.2123,11.3344,9.0334,108.218,-2.804,-2.934,54.847,-0.0542,-0.1401,1.0791,
43.481,ENC,67.5497,105.2805,86.4151,11.2492,9.0334,108.091,-2.804,-2.934,54.847,-0.0542,-0.1401,1.0791,
43.491,IMU,67.5497,105.2805,86.4151,11.2492,9.0334,108.091,-2.802,-2.950,54.723,0.0308,-0.0918,0.9312,
43.498,ENC,67.7815,105.4867,86.6341,11.5901,10.3118,108.018,-2.802,-2.950,54.723,0.0308,-0.0918,0.9312,
43.511,IMU,67.7815,105.4867,86.6341,11.5901,10.3118,108.018,-2.771,-2.989,54.661,0.0103,-0.0952,1.1338,
43.518,ENC,67.9843,105.6913,86.8378,10.1413,10.2265,108.022,-2.771,-2.989,54.661,0.0103,-0.0952,1.1338,
43.531,IMU,67.9843,105.6913,86.8378,10.1413,10.2265,108.022,-2.884,-3.139,54.628,0.1533,-0.1724,0.8472,
43.553,IMU,67.9843,105.6913,86.8378,10.1413,10.2265,108.022,-2.919,-3.212,54.656,0.1118,-0.1499,0.9888,
43.558,ENC,68.4360,106.1344,87.2852,11.2918,11.0788,107.998,-2.919,-3.212,54.656,0.1118,-0.1499,0.9888,
43.571,IMU,68.4360,106.1344,87.2852,11.2918,11.0788,107.998,-2.943,-3.043,54.626,0.0693,0.0962,0.8896,
43.578,ENC,68.6712,106.3424,87.5068,11.7605,10.3970,107.920,-2.943,-3.043,54.626,0.0693,0.0962,0.8896,
43.591,IMU,68.6712,106.3424,87.5068,11.7605,10.3970,107.920,-2.989,-3.062,54.616,0.0830,-0.0522,1.0542,
43.598,ENC,68.9201,106.5759,87.7480,12.4423,11.6753,107.876,-2.989,-3.062,54.616,0.0830,-0.0522,1.0542,
43.611,IMU,68.9201,106.5759,87.7480,12.4423,11.6753,107.876,-2.776,-3.105,54.624,-0.1011,-0.0771,0.9912,
43.618,ENC,69.1774,106.8264,88.0019,12.8684,12.5275,107.856,-2.776,-3.105,54.624,-0.1011,-0.0771,0.9912,
43.631,IMU,69.1774,106.8264,88.0019,12.8684,12.5275,107.856,-2.924,-3.012,54.630,0.2007,0.0093,1.0210,
43.638,ENC,69.4552,107.0923,88.2738,13.8910,13.2945,107.822,-2.924,-3.012,54.630,0.2007,0.0093,1.0210,
43.651,IMU,69.4552,107.0923,88.2738,13.8910,13.2945,107.822,-2.904,-3.043,54.635,0.0464,-0.0723,0.9819,
43.658,ENC,69.7007,107.3343,88.5175,12.2718,12.1014,107.812,-2.904,-3.043,54.635,0.0464,-0.0723,0.9819,
43.671,IMU,69.7007,107.3343,88.5175,12.2718,12.1014,107.812,-2.822,-2.921,54.664,0.0161,0.0767,1.0171,
43.678,ENC,69.9580,107.5849,88.7715,12.8684,12.5275,107.793,-2.822,-2.921,54.664,0.0161,0.0767,1.0171,
43.691,IMU,69.9580,107.5849,88.7715,12.8684,12.5275,107.793,-2.977,-2.699,54.738,0.1758,0.0811,0.8643,
43.698,ENC,70.2001,107.8252,89.0126,12.1014,12.0162,107.788,-2.977,-2.699,54.738,0.1758,0.0811,0.8643,
43.712,IMU,70.2001,107.8252,89.0126,12.1014,12.0162,107.788,-3.013,-2.626,54.755,0.0332,0.0459,1.0073,
43.718,ENC,70.4489,108.0724,89.2606,12.4423,12.3571,107.783,-3.013,-2.626,54.755,0.0332,0.0459,1.0073,
43.730,IMU,70.4489,108.0724,89.2606,12.4423,12.3571,107.783,-2.978,-2.585,54.763,0.0093,0.0166,1.0381,
43.738,ENC,70.6875,108.3144,89.5010,11.9310,12.1014,107.793,-2.978,-2.585,54.763,0.0093,0.0166,1.0381,
43.751,IMU,70.6875,108.3144,89.5010,11.9310,12.1014,107.793,-3.118,-2.415,54.706,0.1592,0.0923,0.9502,
43.758,ENC,70.8972,108.5223,89.7098,10.4822,10.3970,107.788,-3.118,-2.415,54.706,0.1592,0.0923,0.9502,
43.771,IMU,70.8972,108.5223,89.7098,10.4822,10.3970,107.788,-3.207,-2.271,54.667,0.0557,0.0708,0.9746,
43.778,ENC,71.0915,108.7064,89.8989,9.7152,9.2039,107.759,-3.207,-2.271,54.667,0.0557,0.0708,0.9746,
43.790,IMU,71.0915,108.7064,89.8989,9.7152,9.2039,107.759,-3.401,-2.179,54.537,0.2222,0.0513,0.9014,
43.798,ENC,71.2807,108.8479,90.0643,9.4595,7.0734,107.622,-3.401,-2.179,54.537,0.2222,0.0513,0.9014,
43.811,IMU,71.2807,108.8479,90.0643,9.4595,7.0734,107.622,-3.555,-2.043,54.404,0.1958,0.0742,1.0039,
43.818,ENC,71.4494,108.9501,90.1998,8.4369,5.1133,107.432,-3.555,-2.043,54.404,0.1958,0.0742,1.0039,
43.833,IMU,71.4494,108.9501,90.1998,8.4369,5.1133,107.432,-3.654,-1.965,54.202,0.1299,0.0884,0.9170,
43.840,ENC,71.6284,109.0200,90.3242,8.9482,3.4941,107.119,-3.654,-1.965,54.202,0.1299,0.0884,0.9170,
43.854,IMU,71.6284,109.0200,90.3242,8.9482,3.4941,107.119,-3.614,-1.780,53.980,0.0425,0.1011,0.9995,
43.860,ENC,71.7988,109.0780,90.4384,8.5221,2.8975,106.797,-3.614,-1.780,53.980,0.0425,0.1011,0.9995,
43.871,IMU,71.7988,109.0780,90.4384,8.5221,2.8975,106.797,-3.669,-1.855,53.742,0.1504,-0.0615,0.9868,
43.878,ENC,71.9965,109.1189,90.5577,9.8857,2.0453,106.348,-3.669,-1.855,53.742,0.1504,-0.0615,0.9868,
43.891,IMU,71.9965,109.1189,90.5577,9.8857,2.0453,106.348,-3.588,-1.940,53.438,-0.0044,-0.0747,1.0840,
43.898,ENC,72.2011,109.1581,90.6796,10.2265,1.9601,105.874,-3.588,-1.940,53.438,-0.0044,-0.0747,1.0840,
43.911,IMU,72.2011,109.1581,90.6796,10.2265,1.9601,105.874,-3.658,-1.968,53.139,0.1235,-0.0747,0.9951,
43.917,ENC,72.4107,109.1956,90.8031,10.4822,1.8749,105.381,-3.658,-1.968,53.139,0.1235,-0.0747,0.9951,
43.931,IMU,72.4107,109.1956,90.8031,10.4822,1.8749,105.381,-3.753,-2.058,52.788,0.0801,-0.0757,0.8462,
43.937,ENC,72.6255,109.2280,90.9267,10.7379,1.6192,104.858,-3.753,-2.058,52.788,0.0801,-0.0757,0.8462,
43.953,IMU,72.6255,109.2280,90.9267,10.7379,1.6192,104.858,-3.799,-2.014,52.427,0.0962,0.0186,0.9785,
43.961,ENC,72.8590,109.2552,91.0571,11.6753,1.3635,104.268,-3.799,-2.014,52.427,0.0962,0.0186,0.9785,
43.971,IMU,72.8590,109.2552,91.0571,11.6753,1.3635,104.268,-3.802,-2.007,52.112,0.0557,-0.0195,1.0381,
43.977,ENC,73.0823,109.2808,91.1815,11.1640,1.2783,103.701,-3.802,-2.007,52.112,0.0557,-0.0195,1.0381,
43.991,IMU,73.0823,109.2808,91.1815,11.1640,1.2783,103.701,-3.844,-2.020,51.770,0.0713,-0.0073,1.0029,
44.000,ENC,73.3243,109.3064,91.3153,12.1014,1.2783,103.081,-3.844,-2.020,51.770,0.0713,-0.0073,1.0029,
44.011,IMU,73.3243,109.3064,91.3153,12.1014,1.2783,103.081,-3.628,-2.007,51.446,-0.1216,0.0215,0.9819,
44.018,ENC,73.5646,109.3387,91.4517,12.0162,1.6192,102.485,-3.628,-2.007,51.446,-0.1216,0.0215,0.9819,
44.032,IMU,73.5646,109.3387,91.4517,12.0162,1.6192,102.485,-3.655,-2.154,51.076,0.1030,-0.1035,0.9170,
44.037,ENC,73.8254,109.3711,91.5983,13.0388,1.6192,101.831,-3.655,-2.154,51.076,0.1030,-0.1035,0.9170,
44.050,IMU,73.8254,109.3711,91.5983,13.0388,1.6192,101.831,-3.733,-2.106,50.685,0.1357,0.0103,0.9961,
44.057,ENC,74.0862,109.4035,91.7448,13.0388,1.6192,101.177,-3.733,-2.106,50.685,0.1357,0.0103,0.9961,
44.071,IMU,74.0862,109.4035,91.7448,13.0388,1.6192,101.177,-3.691,-2.090,50.306,-0.0215,-0.0151,1.1025,
44.091,IMU,74.0862,109.4035,91.7448,13.0388,1.6192,101.177,-3.835,-1.909,49.966,0.1885,0.1055,0.8643,
44.098,ENC,74.5583,109.4598,92.0090,11.8031,1.4061,99.985,-3.835,-1.909,49.966,0.1885,0.1055,0.8643,
44.112,IMU,74.5583,109.4598,92.0090,11.8031,1.4061,99.985,-3.835,-1.790,49.636,0.0454,0.0845,0.9204,
44.117,ENC,74.7901,109.4938,92.1420,11.5901,1.7044,99.419,-3.835,-1.790,49.636,0.0454,0.0845,0.9204,
44.131,IMU,74.7901,109.4938,92.1420,11.5901,1.7044,99.419,-3.855,-1.712,49.234,0.0249,0.0322,1.0200,
44.138,ENC,74.9912,109.5194,92.2553,10.0561,1.2783,98.916,-3.855,-1.712,49.234,0.0249,0.0322,1.0200,
44.151,IMU,74.9912,109.5194,92.2553,10.0561,1.2783,98.916,-3.849,-1.701,48.892,0.1104,-0.0137,0.9927,
44.158,ENC,75.1991,109.5450,92.3721,10.3970,1.2783,98.394,-3.849,-1.701,48.892,0.1104,-0.0137,0.9927,
44.171,IMU,75.1991,109.5450,92.3721,10.3970,1.2783,98.394,-3.922,-1.581,48.494,0.0469,0.0938,0.9487,
44.178,ENC,75.4241,109.5637,92.4939,11.2492,0.9374,97.803,-3.922,-1.581,48.494,0.0469,0.0938,0.9487,
44.191,IMU,75.4241,109.5637,92.4939,11.2492,0.9374,97.803,-4.003,-1.646,48.156,0.0615,-0.0518,1.1030,
44.198,ENC,75.6457,109.5859,92.6158,11.0788,1.1079,97.231,-4.003,-1.646,48.156,0.0615,-0.0518,1.1030,
44.211,IMU,75.6457,109.5859,92.6158,11.0788,1.1079,97.231,-4.045,-1.733,47.815,0.0283,-0.0918,0.9155,
44.218,ENC,75.8622,109.6063,92.7343,10.8231,1.0227,96.670,-4.045,-1.733,47.815,0.0283,-0.0918,0.9155,
44.231,IMU,75.8622,109.6063,92.7343,10.8231,1.0227,96.670,-4.098,-1.783,47.435,0.1187,-0.0488,0.9897,
44.239,ENC,76.1127,109.6336,92.8732,12.5275,1.3635,96.030,-4.098,-1.783,47.435,0.1187,-0.0488,0.9897,
44.251,IMU,76.1127,109.6336,92.8732,12.5275,1.3635,96.030,-4.135,-1.714,47.110,0.1055,0.0327,0.8374,
44.257,ENC,76.3309,109.6558,92.9933,10.9083,1.1079,95.469,-4.135,-1.714,47.110,0.1055,0.0327,0.8374,
44.272,IMU,76.3309,109.6558,92.9933,10.9083,1.1079,95.469,-4.067,-1.818,46.756,-0.0371,-0.0781,1.0361,
44.278,ENC,76.5695,109.6779,93.1237,11.9310,1.1079,94.849,-4.067,-1.818,46.756,-0.0371,-0.0781,1.0361,
44.291,IMU,76.5695,109.6779,93.1237,11.9310,1.1079,94.849,-4.098,-1.759,46.364,0.1255,-0.0068,0.9043,
44.298,ENC,76.8201,109.6881,93.2541,12.5275,0.5113,94.160,-4.098,-1.759,46.364,0.1255,-0.0068,0.9043,
44.311,IMU,76.8201,109.6881,93.2541,12.5275,0.5113,94.160,-4.121,-1.634,46.064,0.0483,0.0669,1.0752,
44.318,ENC,77.0502,109.7171,93.3836,11.5049,1.4488,93.584,-4.121,-1.634,46.064,0.0483,0.0669,1.0752,
44.331,IMU,77.0502,109.7171,93.3836,11.5049,1.4488,93.584,-4.175,-1.683,45.735,0.0918,-0.0420,0.8950,
44.339,ENC,77.3126,109.7308,93.5217,13.1241,0.6818,92.871,-4.175,-1.683,45.735,0.0918,-0.0420,0.8950,
44.351,IMU,77.3126,109.7308,93.5217,13.1241,0.6818,92.871,-4.257,-1.655,45.405,0.1289,0.0508,1.1040,
44.378,IMU,77.3126,109.7308,93.5217,13.1241,0.6818,92.871,-4.369,-1.664,45.029,0.1235,-0.0566,1.2324,
44.380,ENC,77.7984,109.7683,93.7833,12.1440,0.9374,91.587,-4.369,-1.664,45.029,0.1235,-0.0566,1.2324,
44.391,IMU,77.7984,109.7683,93.7833,12.1440,0.9374,91.587,-4.360,-1.702,44.700,0.0752,-0.0859,1.0562,
44.398,ENC,78.0285,109.7700,93.8992,11.5049,0.0852,90.933,-4.360,-1.702,44.700,0.0752,-0.0859,1.0562,
44.411,IMU,78.0285,109.7700,93.8992,11.5049,0.0852,90.933,-4.407,-1.751,44.328,0.0894,-0.0527,0.9546,
44.420,ENC,78.2518,109.7700,94.0109,11.1640,0.0000,90.293,-4.407,-1.751,44.328,0.0894,-0.0527,0.9546,
44.431,IMU,78.2518,109.7700,94.0109,11.1640,0.0000,90.293,-4.260,-1.713,43.983,-0.0166,0.0215,1.0029,
44.437,ENC,78.4427,109.7700,94.1063,9.5448,0.0000,89.746,-4.260,-1.713,43.983,-0.0166,0.0215,1.0029,
44.453,IMU,78.4427,109.7700,94.1063,9.5448,0.0000,89.746,-4.118,-1.658,43.641,-0.0430,0.0352,0.9751,
44.458,ENC,78.6540,109.7700,94.2120,10.5674,0.0000,89.141,-4.118,-1.658,43.641,-0.0430,0.0352,0.9751,
44.471,IMU,78.6540,109.7700,94.2120,10.5674,0.0000,89.141,-4.160,-1.638,43.351,0.0693,0.0015,0.9727,
44.478,ENC,78.8483,109.7717,94.3100,9.7152,0.0852,88.589,-4.160,-1.638,43.351,0.0693,0.0015,0.9727,
44.491,IMU,78.8483,109.7717,94.3100,9.7152,0.0852,88.589,-4.002,-1.613,43.055,-0.0571,0.0000,0.9946,
44.497,ENC,79.0375,109.7717,94.4046,9.4595,0.0000,88.047,-4.002,-1.613,43.055,-0.0571,0.0000,0.9946,
44.511,IMU,79.0375,109.7717,94.4046,9.4595,0.0000,88.047,-4.106,-1.744,42.758,0.1748,-0.1196,0.9956,
44.518,ENC,79.2420,109.7717,94.5069,10.2265,0.0000,87.461,-4.106,-1.744,42.758,0.1748,-0.1196,0.9956,
44.531,IMU,79.2420,109.7717,94.5069,10.2265,0.0000,87.461,-4.028,-1.911,42.373,0.0103,-0.1328,0.8955,
44.552,IMU,79.2420,109.7717,94.5069,10.2265,0.0000,87.461,-3.999,-1.832,42.121,0.0444,-0.0088,1.0581,
44.557,ENC,79.6375,109.7734,94.7054,9.8857,0.0426,86.333,-3.999,-1.832,42.121,0.0444,-0.0088,1.0581,
44.571,IMU,79.6375,109.7734,94.7054,9.8857,0.0426,86.333,-3.965,-1.844,41.818,-0.0117,-0.0063,0.9648,
44.578,ENC,79.8539,109.7734,94.8136,10.8231,0.0000,85.713,-3.965,-1.844,41.818,-0.0117,-0.0063,0.9648,
44.591,IMU,79.8539,109.7734,94.8136,10.8231,0.0000,85.713,-4.031,-1.770,41.552,0.1733,0.0352,0.9380,
44.598,ENC,80.0550,109.7751,94.9151,10.0561,0.0852,85.142,-4.031,-1.770,41.552,0.1733,0.0352,0.9380,
44.611,IMU,80.0550,109.7751,94.9151,10.0561,0.0852,85.142,-4.059,-1.684,41.310,0.0767,0.0493,0.9805,
44.618,ENC,80.2647,109.7751,95.0199,10.4822,0.0000,84.541,-4.059,-1.684,41.310,0.0767,0.0493,0.9805,
44.631,IMU,80.2647,109.7751,95.0199,10.4822,0.0000,84.541,-3.999,-1.725,41.029,0.0356,-0.0649,1.1050,
44.651,IMU,80.2647,109.7751,95.0199,10.4822,0.0000,84.541,-4.167,-1.700,40.775,0.2114,0.0215,1.0767,
44.657,ENC,80.6772,109.7751,95.2261,10.3118,0.0000,83.359,-4.167,-1.700,40.775,0.2114,0.0215,1.0767,
44.671,IMU,80.6772,109.7751,95.2261,10.3118,0.0000,83.359,-4.297,-1.783,40.504,0.1953,-0.0464,0.9937,
44.678,ENC,80.8936,109.7768,95.3352,10.8231,0.0852,82.744,-4.297,-1.783,40.504,0.1953,-0.0464,0.9937,
44.691,IMU,80.8936,109.7768,95.3352,10.8231,0.0852,82.744,-4.218,-1.774,40.127,-0.0210,0.0283,0.9175,
44.698,ENC,81.1033,109.7768,95.4400,10.4822,0.0000,82.144,-4.218,-1.774,40.127,-0.0210,0.0283,0.9175,
44.711,IMU,81.1033,109.7768,95.4400,10.4822,0.0000,82.144,-4.295,-1.780,39.847,0.1411,-0.0088,0.9009,
44.717,ENC,81.3146,109.7768,95.5457,10.5674,0.0000,81.538,-4.295,-1.780,39.847,0.1411,-0.0088,0.9009,
44.731,IMU,81.3146,109.7768,95.5457,10.5674,0.0000,81.538,-4.183,-1.834,39.481,0.0508,-0.0532,1.0337,
44.738,ENC,81.5123,109.7768,95.6446,9.8857,0.0000,80.972,-4.183,-1.834,39.481,0.0508,-0.0532,1.0337,
44.754,IMU,81.5123,109.7768,95.6446,9.8857,0.0000,80.972,-4.175,-1.767,39.133,0.0400,0.0586,1.0596,
44.758,ENC,81.7049,109.7785,95.7417,9.6300,0.0852,80.425,-4.175,-1.767,39.133,0.0400,0.0586,1.0596,
44.771,IMU,81.7049,109.7785,95.7417,9.6300,0.0852,80.425,-4.229,-1.778,38.774,0.1079,-0.0303,0.9463,
44.780,ENC,81.8873,109.7785,95.8329,9.1187,0.0000,79.902,-4.229,-1.778,38.774,0.1079,-0.0303,0.9463,
44.792,IMU,81.8873,109.7785,95.8329,9.1187,0.0000,79.902,-4.387,-1.842,38.472,0.2017,-0.0708,0.9712,
44.798,ENC,82.0782,109.7785,95.9283,9.5448,0.0000,79.355,-4.387,-1.842,38.472,0.2017,-0.0708,0.9712,
44.811,IMU,82.0782,109.7785,95.9283,9.5448,0.0000,79.355,-4.401,-1.722,38.125,0.0767,0.0679,1.0088,
44.821,ENC,82.2520,109.7785,96.0153,8.6926,0.0000,78.857,-4.401,-1.722,38.125,0.0767,0.0679,1.0088,
44.831,IMU,82.2520,109.7785,96.0153,8.6926,0.0000,78.857,-4.498,-1.703,37.782,0.1406,0.0190,1.0059,
44.838,ENC,82.4498,109.7785,96.1141,9.8857,0.0000,78.291,-4.498,-1.703,37.782,0.1406,0.0190,1.0059,
44.854,IMU,82.4498,109.7785,96.1141,9.8857,0.0000,78.291,-4.289,-1.631,37.467,-0.1230,-0.0278,0.9810,
44.858,ENC,82.6441,109.7785,96.2113,9.7152,0.0000,77.734,-4.289,-1.631,37.467,-0.1230,-0.0278,0.9810,
44.871,IMU,82.6441,109.7785,96.2113,9.7152,0.0000,77.734,-4.282,-1.672,37.166,0.0542,-0.0718,0.9326,
44.889,ENC,82.8401,109.7785,96.3093,9.8004,0.0000,77.173,-4.282,-1.672,37.166,0.0542,-0.0718,0.9326,
44.892,IMU,82.8401,109.7785,96.3093,9.8004,0.0000,77.173,-4.219,-1.648,36.863,-0.0044,-0.0400,1.0264,
44.897,ENC,83.0634,109.7785,96.4209,11.1640,0.0000,76.533,-4.219,-1.648,36.863,-0.0044,-0.0400,1.0264,
44.911,IMU,83.0634,109.7785,96.4209,11.1640,0.0000,76.533,-4.156,-1.629,36.582,0.0522,-0.0063,0.9561,
44.919,ENC,83.2577,109.7802,96.5189,9.7152,0.0852,75.981,-4.156,-1.629,36.582,0.0522,-0.0063,0.9561,
44.931,IMU,83.2577,109.7802,96.5189,9.7152,0.0852,75.981,-4.052,-1.674,36.267,0.0151,-0.0659,1.0381,
44.937,ENC,83.4537,109.7802,96.6169,9.8004,0.0000,75.420,-4.052,-1.674,36.267,0.0151,-0.0659,1.0381,
44.953,IMU,83.4537,109.7802,96.6169,9.8004,0.0000,75.420,-4.148,-1.672,35.944,0.1533,-0.0210,0.9976,
44.958,ENC,83.6718,109.7802,96.7260,10.9083,0.0000,74.795,-4.148,-1.672,35.944,0.1533,-0.0210,0.9976,
44.971,IMU,83.6718,109.7802,96.7260,10.9083,0.0000,74.795,-4.108,-1.690,35.654,0.0820,-0.0635,0.9902,
44.978,ENC,83.8798,109.7802,96.8300,10.3970,0.0000,74.199,-4.108,-1.690,35.654,0.0820,-0.0635,0.9902,
44.993,IMU,83.8798,109.7802,96.8300,10.3970,0.0000,74.199,-3.982,-1.660,35.371,-0.0171,-0.0181,1.0264,
44.997,ENC,84.0741,109.7802,96.9271,9.7152,0.0000,73.643,-3.982,-1.660,35.371,-0.0171,-0.0181,1.0264,
45.011,IMU,84.0741,109.7802,96.9271,9.7152,0.0000,73.643,-4.080,-1.622,35.107,0.1416,0.0215,0.9644,
45.017,ENC,84.2786,109.7802,97.0294,10.2265,0.0000,73.057,-4.080,-1.622,35.107,0.1416,0.0215,0.9644,
45.031,IMU,84.2786,109.7802,97.0294,10.2265,0.0000,73.057,-4.162,-1.601,34.858,0.0947,-0.0347,1.0586,
45.038,ENC,84.4610,109.7802,97.1206,9.1187,0.0000,72.534,-4.162,-1.601,34.858,0.0947,-0.0347,1.0586,
45.051,IMU,84.4610,109.7802,97.1206,9.1187,0.0000,72.534,-4.234,-1.497,34.609,0.1172,0.0659,0.8691,
45.060,ENC,84.6331,109.7802,97.2067,8.6073,0.0000,72.041,-4.234,-1.497,34.609,0.1172,0.0659,0.8691,
45.071,IMU,84.6331,109.7802,97.2067,8.6073,0.0000,72.041,-4.186,-1.457,34.400,0.0195,-0.0171,1.0562,
45.077,ENC,84.7797,109.7785,97.2791,7.3290,-0.0852,71.616,-4.186,-1.457,34.400,0.0195,-0.0171,1.0562,
45.091,IMU,84.7797,109.7785,97.2791,7.3290,-0.0852,71.616,-4.182,-1.331,34.238,0.0278,0.0874,0.9741,
45.098,ENC,84.9058,109.7802,97.3430,6.3064,0.0852,71.260,-4.182,-1.331,34.238,0.0278,0.0874,0.9741,
45.111,IMU,84.9058,109.7802,97.3430,6.3064,0.0852,71.260,-4.062,-1.281,34.156,-0.0210,0.0596,1.0156,
45.117,ENC,85.0030,109.7802,97.3916,4.8576,0.0000,70.981,-4.062,-1.281,34.156,-0.0210,0.0596,1.0156,
45.131,IMU,85.0030,109.7802,97.3916,4.8576,0.0000,70.981,-4.045,-1.203,34.102,0.0396,0.0430,0.9946,
45.138,ENC,85.0848,109.7802,97.4325,4.0906,0.0000,70.747,-4.045,-1.203,34.102,0.0396,0.0430,0.9946,
45.151,IMU,85.0848,109.7802,97.4325,4.0906,0.0000,70.747,-3.955,-1.109,34.092,0.0098,0.0527,1.0117,
45.171,IMU,85.0848,109.7802,97.4325,4.0906,0.0000,70.747,-3.911,-1.025,34.139,0.0400,0.0586,0.9785,
45.177,ENC,85.1768,109.8075,97.4921,2.3010,0.6818,70.562,-3.911,-1.025,34.139,0.0400,0.0586,0.9785,
45.191,IMU,85.1768,109.8075,97.4921,2.3010,0.6818,70.562,-3.920,-0.939,34.232,0.0630,0.0552,0.9785,
45.198,ENC,85.1990,109.8620,97.5305,1.1079,2.7271,70.654,-3.920,-0.939,34.232,0.0630,0.0552,0.9785,
45.210,IMU,85.1990,109.8620,97.5305,1.1079,2.7271,70.654,-3.884,-0.874,34.342,0.0732,0.0093,0.9761,
45.220,ENC,85.2058,109.9217,97.5637,0.3409,2.9827,70.806,-3.884,-0.874,34.342,0.0732,0.0093,0.9761,
45.230,IMU,85.2058,109.9217,97.5637,0.3409,2.9827,70.806,-3.867,-0.880,34.465,0.0728,-0.0220,1.0610,
45.238,ENC,85.2075,109.9677,97.5876,0.0852,2.3010,70.933,-3.867,-0.880,34.465,0.0728,-0.0220,1.0610,
45.251,IMU,85.2075,109.9677,97.5876,0.0852,2.3010,70.933,-3.874,-0.855,34.592,0.0718,-0.0005,1.0073,
45.258,ENC,85.2075,110.0069,97.6072,0.0000,1.9601,71.045,-3.874,-0.855,34.592,0.0718,-0.0005,1.0073,
45.271,IMU,85.2075,110.0069,97.6072,0.0000,1.9601,71.045,-3.908,-0.809,34.679,0.0884,-0.0015,1.0264,
45.277,ENC,85.2075,110.0359,97.6217,0.0000,1.4488,71.128,-3.908,-0.809,34.679,0.0884,-0.0015,1.0264,
45.293,IMU,85.2075,110.0359,97.6217,0.0000,1.4488,71.128,-3.936,-0.802,34.759,0.0796,-0.0093,0.9912,
45.297,ENC,85.2075,110.0597,97.6336,0.0000,1.1931,71.196,-3.936,-0.802,34.759,0.0796,-0.0093,0.9912,
45.311,IMU,85.2075,110.0597,97.6336,0.0000,1.1931,71.196,-3.953,-0.786,34.812,0.0767,-0.0059,1.0078,
45.318,ENC,85.2092,110.0716,97.6404,0.0852,0.5965,71.226,-3.953,-0.786,34.812,0.0767,-0.0059,1.0078,
45.331,IMU,85.2092,110.0716,97.6404,0.0852,0.5965,71.226,-3.961,-0.823,34.780,0.0522,-0.0073,0.9634,
45.337,ENC,85.2143,110.0819,97.6481,0.2557,0.5113,71.240,-3.961,-0.823,34.780,0.0522,-0.0073,0.9634,
45.354,IMU,85.2143,110.0819,97.6481,0.2557,0.5113,71.240,-3.915,-0.831,34.710,0.0518,-0.0029,1.0142,
45.357,ENC,85.2177,110.0836,97.6507,0.1704,0.0852,71.235,-3.915,-0.831,34.710,0.0518,-0.0029,1.0142,
45.371,IMU,85.2177,110.0836,97.6507,0.1704,0.0852,71.235,-3.954,-0.797,34.692,0.0830,0.0029,0.9790,
45.378,ENC,85.2195,110.0853,97.6524,0.0852,0.0852,71.235,-3.954,-0.797,34.692,0.0830,0.0029,0.9790,
45.391,IMU,85.2195,110.0853,97.6524,0.0852,0.0852,71.235,-3.966,-0.817,34.652,0.0615,-0.0010,0.9917,
45.397,ENC,85.2195,110.0921,97.6558,0.0000,0.3409,71.255,-3.966,-0.817,34.652,0.0615,-0.0010,0.9917,
45.411,IMU,85.2195,110.0921,97.6558,0.0000,0.3409,71.255,-3.981,-0.821,34.661,0.0620,-0.0176,0.9985,
45.418,ENC,85.2177,110.0938,97.6558,-0.0852,0.0852,71.265,-3.981,-0.821,34.661,0.0620,-0.0176,0.9985,
45.431,IMU,85.2177,110.0938,97.6558,-0.0852,0.0852,71.265,-3.977,-0.772,34.680,0.0684,-0.0225,0.9927,
45.438,ENC,85.2177,110.0955,97.6566,0.0000,0.0852,71.270,-3.977,-0.772,34.680,0.0684,-0.0225,0.9927,
45.451,IMU,85.2177,110.0955,97.6566,0.0000,0.0852,71.270,-4.008,-0.731,34.634,0.0474,-0.0103,0.9966,
45.457,ENC,85.2177,110.0955,97.6566,0.0000,0.0000,71.270,-4.008,-0.731,34.634,0.0474,-0.0103,0.9966,
45.471,IMU,85.2177,110.0955,97.6566,0.0000,0.0000,71.270,-4.023,-0.765,34.605,0.0581,-0.0171,1.0063,
45.479,ENC,85.2177,110.0955,97.6566,0.0000,0.0000,71.270,-4.023,-0.765,34.605,0.0581,-0.0171,1.0063,
45.491,IMU,85.2177,110.0955,97.6566,0.0000,0.0000,71.270,-4.003,-0.765,34.586,0.0664,-0.0176,0.9966,
45.498,ENC,85.2177,110.0955,97.6566,0.0000,0.0000,71.270,-4.003,-0.765,34.586,0.0664,-0.0176,0.9966,
45.511,IMU,85.2177,110.0955,97.6566,0.0000,0.0000,71.270,-4.031,-0.766,34.621,0.0679,-0.0234,0.9932,
45.522,ENC,85.2177,110.0955,97.6566,0.0000,0.0000,71.270,-4.031,-0.766,34.621,0.0679,-0.0234,0.9932,
45.534,IMU,85.2177,110.0955,97.6566,0.0000,0.0000,71.270,-4.036,-0.762,34.612,0.0825,-0.0229,0.9946,
45.537,ENC,85.2177,110.0955,97.6566,0.0000,0.0000,71.270,-4.036,-0.762,34.612,0.0825,-0.0229,0.9946,
45.550,IMU,85.2177,110.0955,97.6566,0.0000,0.0000,71.270,-4.059,-0.762,34.590,0.0757,-0.0132,0.9946,
45.558,ENC,85.2177,110.0955,97.6566,0.0000,0.0000,71.270,-4.059,-0.762,34.590,0.0757,-0.0132,0.9946,
45.573,IMU,85.2177,110.0955,97.6566,0.0000,0.0000,71.270,-4.061,-0.793,34.596,0.0581,-0.0239,0.9976,
45.578,ENC,85.2177,110.0972,97.6575,0.0000,0.0852,71.274,-4.061,-0.793,34.596,0.0581,-0.0239,0.9976,
45.592,IMU,85.2177,110.0972,97.6575,0.0000,0.0852,71.274,-4.086,-0.854,34.569,0.0674,-0.0371,0.9990,
45.599,ENC,85.2246,110.0972,97.6609,0.3409,0.0000,71.255,-4.086,-0.854,34.569,0.0674,-0.0371,0.9990,
45.611,IMU,85.2246,110.0972,97.6609,0.3409,0.0000,71.255,-4.122,-0.936,34.512,0.0830,-0.0640,0.9897,
45.618,ENC,85.2416,110.0989,97.6703,0.8522,0.0852,71.211,-4.122,-0.936,34.512,0.0830,-0.0640,0.9897,
45.631,IMU,85.2416,110.0989,97.6703,0.8522,0.0852,71.211,-4.106,-1.037,34.488,0.0620,-0.0796,1.0020,
45.637,ENC,85.2672,110.1057,97.6865,1.2783,0.3409,71.157,-4.106,-1.037,34.488,0.0620,-0.0796,1.0020,
45.651,IMU,85.2672,110.1057,97.6865,1.2783,0.3409,71.157,-4.133,-1.182,34.397,0.0825,-0.1099,0.9937,
45.657,ENC,85.3030,110.1245,97.7137,1.7896,0.9374,71.108,-4.133,-1.182,34.397,0.0825,-0.1099,0.9937,
45.671,IMU,85.3030,110.1245,97.7137,1.7896,0.9374,71.108,-4.048,-1.327,34.411,0.0015,-0.1152,0.9976,
45.678,ENC,85.3422,110.1586,97.7504,1.9601,1.7044,71.094,-4.048,-1.327,34.411,0.0015,-0.1152,0.9976,
45.691,IMU,85.3422,110.1586,97.7504,1.9601,1.7044,71.094,-4.019,-1.394,34.435,0.0391,-0.0894,1.0029,
45.698,ENC,85.3711,110.2063,97.7887,1.4488,2.3862,71.147,-4.019,-1.394,34.435,0.0391,-0.0894,1.0029,
45.711,IMU,85.3711,110.2063,97.7887,1.4488,2.3862,71.147,-4.086,-1.411,34.507,0.1182,-0.0601,0.9805,
45.718,ENC,85.4189,110.2728,97.8458,2.3862,3.3236,71.201,-4.086,-1.411,34.507,0.1182,-0.0601,0.9805,
45.730,IMU,85.4189,110.2728,97.8458,2.3862,3.3236,71.201,-4.057,-1.391,34.538,0.0610,-0.0156,0.9966,
45.738,ENC,85.4785,110.3409,97.9097,2.9827,3.4088,71.226,-4.057,-1.391,34.538,0.0610,-0.0156,0.9966,
45.751,IMU,85.4785,110.3409,97.9097,2.9827,3.4088,71.226,-4.043,-1.335,34.543,0.0244,-0.0142,0.9482,
45.770,IMU,85.4785,110.3409,97.9097,2.9827,3.4088,71.226,-3.955,-1.384,34.522,0.0508,-0.0537,0.9941,
45.778,ENC,85.6200,110.4960,98.0580,3.5367,3.8776,71.265,-3.955,-1.384,34.522,0.0508,-0.0537,0.9941,
45.791,IMU,85.6200,110.4960,98.0580,3.5367,3.8776,71.265,-3.920,-1.358,34.509,0.0283,-0.0552,1.0034,
45.798,ENC,85.7018,110.5881,98.1449,4.0906,4.6019,71.294,-3.920,-1.358,34.509,0.0283,-0.0552,1.0034,
45.811,IMU,85.7018,110.5881,98.1449,4.0906,4.6019,71.294,-3.977,-1.415,34.537,0.0879,-0.0703,1.0190,
45.830,IMU,85.7018,110.5881,98.1449,4.0906,4.6019,71.294,-3.920,-1.444,34.541,0.0718,-0.0532,0.9282,
45.838,ENC,85.8961,110.7977,98.3469,4.8576,5.2411,71.338,-3.920,-1.444,34.541,0.0718,-0.0532,0.9282,
45.851,IMU,85.8961,110.7977,98.3469,4.8576,5.2411,71.338,-3.820,-1.397,34.576,0.0166,0.0435,0.9995,
45.858,ENC,85.9967,110.9085,98.4526,5.0280,5.5394,71.367,-3.820,-1.397,34.576,0.0166,0.0435,0.9995,
45.871,IMU,85.9967,110.9085,98.4526,5.0280,5.5394,71.367,-3.802,-1.487,34.574,0.0522,-0.0293,0.9873,
45.878,ENC,86.1143,111.0261,98.5702,5.8803,5.8803,71.367,-3.802,-1.487,34.574,0.0522,-0.0293,0.9873,
45.891,IMU,86.1143,111.0261,98.5702,5.8803,5.8803,71.367,-3.824,-1.419,34.633,0.0654,0.0620,1.0112,
45.898,ENC,86.2182,111.1386,98.6784,5.1985,5.6246,71.392,-3.824,-1.419,34.633,0.0654,0.0620,1.0112,
45.911,IMU,86.2182,111.1386,98.6784,5.1985,5.6246,71.392,-3.827,-1.391,34.605,0.1118,-0.0190,1.0557,
45.917,ENC,86.3307,111.2545,98.7926,5.6246,5.7950,71.401,-3.827,-1.391,34.605,0.1118,-0.0190,1.0557,
45.931,IMU,86.3307,111.2545,98.7926,5.6246,5.7950,71.401,-3.811,-1.322,34.694,0.1060,0.0293,0.9741,
45.937,ENC,86.4415,111.3892,98.9153,5.5394,6.7325,71.470,-3.811,-1.322,34.694,0.1060,0.0293,0.9741,
45.955,IMU,86.4415,111.3892,98.9153,5.5394,6.7325,71.470,-3.890,-1.304,34.722,0.1143,-0.0405,0.9897,
45.958,ENC,86.5540,111.5187,99.0364,5.6246,6.4768,71.519,-3.890,-1.304,34.722,0.1143,-0.0405,0.9897,
45.971,IMU,86.5540,111.5187,99.0364,5.6246,6.4768,71.519,-3.727,-1.278,34.694,0.0005,0.0024,0.9233,
45.977,ENC,86.6733,111.6363,99.1548,5.9655,5.8803,71.514,-3.727,-1.278,34.694,0.0005,0.0024,0.9233,
45.993,IMU,86.6733,111.6363,99.1548,5.9655,5.8803,71.514,-3.729,-1.283,34.719,0.0547,-0.0186,0.9805,
45.998,ENC,86.7892,111.7590,99.2741,5.7950,6.1359,71.533,-3.729,-1.283,34.719,0.0547,-0.0186,0.9805,
46.014,IMU,86.7892,111.7590,99.2741,5.7950,6.1359,71.533,-3.660,-1.323,34.804,0.0151,-0.0273,0.9961,
46.019,ENC,86.9102,111.8851,99.3977,6.0507,6.3064,71.548,-3.660,-1.323,34.804,0.0151,-0.0273,0.9961,
46.031,IMU,86.9102,111.8851,99.3977,6.0507,6.3064,71.548,-3.765,-1.254,34.800,0.1392,0.0464,0.9409,
46.039,ENC,87.0261,112.0028,99.5144,5.7950,5.8803,71.553,-3.765,-1.254,34.800,0.1392,0.0464,0.9409,
46.052,IMU,87.0261,112.0028,99.5144,5.7950,5.8803,71.553,-3.759,-1.250,34.784,0.0508,-0.0215,0.9976,
46.060,ENC,87.1472,112.1238,99.6355,6.0507,6.0507,71.553,-3.759,-1.250,34.784,0.0508,-0.0215,0.9976,
46.070,IMU,87.1472,112.1238,99.6355,6.0507,6.0507,71.553,-3.774,-1.179,34.784,0.0679,0.0356,0.9819,
46.092,IMU,87.1472,112.1238,99.6355,6.0507,6.0507,71.553,-3.773,-1.120,34.804,0.0498,0.0308,0.9717,
46.098,ENC,87.3585,112.3453,99.8519,5.2837,5.5394,71.582,-3.773,-1.120,34.804,0.0498,0.0308,0.9717,
46.116,IMU,87.3585,112.3453,99.8519,5.2837,5.5394,71.582,-3.817,-1.095,34.820,0.0952,-0.0029,1.0024,
46.120,ENC,87.4642,112.4510,99.9576,5.2837,5.2837,71.582,-3.817,-1.095,34.820,0.0952,-0.0029,1.0024,
46.134,IMU,87.4642,112.4510,99.9576,5.2837,5.2837,71.582,-3.798,-1.117,34.846,0.1392,-0.0156,1.0205,
46.138,ENC,87.5647,112.5482,100.0565,5.0280,4.8576,71.572,-3.798,-1.117,34.846,0.1392,-0.0156,1.0205,
46.150,IMU,87.5647,112.5482,100.0565,5.0280,4.8576,71.572,-3.790,-1.041,34.858,0.0659,0.0283,0.9819,
46.157,ENC,87.6551,112.6368,100.1459,4.5167,4.4315,71.567,-3.790,-1.041,34.858,0.0659,0.0283,0.9819,
46.171,IMU,87.6551,112.6368,100.1459,4.5167,4.4315,71.567,-3.747,-1.028,34.869,0.0483,0.0059,0.9927,
46.177,ENC,87.7471,112.7271,100.2371,4.6019,4.5167,71.562,-3.747,-1.028,34.869,0.0483,0.0059,0.9927,
46.191,IMU,87.7471,112.7271,100.2371,4.6019,4.5167,71.562,-3.770,-1.020,34.842,0.0728,0.0049,0.9839,
46.198,ENC,87.8306,112.8089,100.3198,4.1758,4.0906,71.558,-3.770,-1.020,34.842,0.0728,0.0049,0.9839,
46.211,IMU,87.8306,112.8089,100.3198,4.1758,4.0906,71.558,-3.811,-1.012,34.902,0.0859,0.0063,1.0020,
46.217,ENC,87.9107,112.8839,100.3973,4.0054,3.7497,71.543,-3.811,-1.012,34.902,0.0859,0.0063,1.0020,
46.232,IMU,87.9107,112.8839,100.3973,4.0054,3.7497,71.543,-3.758,-1.005,34.877,0.0464,0.0107,1.0088,
46.238,ENC,87.9874,112.9538,100.4706,3.8350,3.4941,71.523,-3.758,-1.005,34.877,0.0464,0.0107,1.0088,
46.250,IMU,87.9874,112.9538,100.4706,3.8350,3.4941,71.523,-3.702,-1.016,34.864,0.0371,0.0005,0.9878,
46.258,ENC,88.0573,113.0135,100.5354,3.4941,2.9827,71.494,-3.702,-1.016,34.864,0.0371,0.0005,0.9878,
46.271,IMU,88.0573,113.0135,100.5354,3.4941,2.9827,71.494,-3.751,-0.963,34.907,0.1108,0.0425,0.9829,
46.278,ENC,88.1153,113.0714,100.5933,2.8975,2.8975,71.494,-3.751,-0.963,34.907,0.1108,0.0425,0.9829,
46.291,IMU,88.1153,113.0714,100.5933,2.8975,2.8975,71.494,-3.753,-0.876,34.912,0.0483,0.0410,0.9639,
46.298,ENC,88.1596,113.1226,100.6411,2.2158,2.5566,71.514,-3.753,-0.876,34.912,0.0483,0.0410,0.9639,
46.310,IMU,88.1596,113.1226,100.6411,2.2158,2.5566,71.514,-3.712,-0.819,34.898,0.0703,0.0273,0.9873,
46.318,ENC,88.2005,113.1652,100.6828,2.0453,2.1305,71.519,-3.712,-0.819,34.898,0.0703,0.0273,0.9873,
46.331,IMU,88.2005,113.1652,100.6828,2.0453,2.1305,71.519,-3.723,-0.736,34.922,0.0752,0.0366,0.9834,
46.337,ENC,88.2465,113.2061,100.7263,2.3010,2.0453,71.504,-3.723,-0.736,34.922,0.0752,0.0366,0.9834,
46.351,IMU,88.2465,113.2061,100.7263,2.3010,2.0453,71.504,-3.688,-0.714,34.870,0.0547,0.0298,0.9956,
46.358,ENC,88.2857,113.2385,100.7621,1.9601,1.6192,71.484,-3.688,-0.714,34.870,0.0547,0.0298,0.9956,
46.371,IMU,88.2857,113.2385,100.7621,1.9601,1.6192,71.484,-3.655,-0.621,34.844,0.0674,0.0396,0.9863,
46.377,ENC,88.3147,113.2674,100.7911,1.4488,1.4488,71.484,-3.655,-0.621,34.844,0.0674,0.0396,0.9863,
46.392,IMU,88.3147,113.2674,100.7911,1.4488,1.4488,71.484,-3.658,-0.594,34.913,0.0586,0.0093,0.9468,
46.398,ENC,88.3420,113.2947,100.8183,1.3635,1.3635,71.484,-3.658,-0.594,34.913,0.0586,0.0093,0.9468,
46.411,IMU,88.3420,113.2947,100.8183,1.3635,1.3635,71.484,-3.619,-0.580,34.923,0.0737,-0.0063,1.0459,
46.418,ENC,88.3709,113.3152,100.8430,1.4488,1.0227,71.460,-3.619,-0.580,34.923,0.0737,-0.0063,1.0459,
46.431,IMU,88.3709,113.3152,100.8430,1.4488,1.0227,71.460,-3.637,-0.606,34.919,0.0684,-0.0278,0.9922,
46.437,ENC,88.3965,113.3322,100.8644,1.2783,0.8522,71.436,-3.637,-0.606,34.919,0.0684,-0.0278,0.9922,
46.451,IMU,88.3965,113.3322,100.8644,1.2783,0.8522,71.436,-3.698,-0.573,34.909,0.0942,0.0015,1.0049,
46.458,ENC,88.4067,113.3458,100.8763,0.5113,0.6818,71.445,-3.698,-0.573,34.909,0.0942,0.0015,1.0049,
46.471,IMU,88.4067,113.3458,100.8763,0.5113,0.6818,71.445,-3.707,-0.497,34.962,0.0630,0.0234,0.9795,
46.478,ENC,88.4084,113.3561,100.8822,0.0852,0.5113,71.470,-3.707,-0.497,34.962,0.0630,0.0234,0.9795,
46.490,IMU,88.4084,113.3561,100.8822,0.0852,0.5113,71.470,-3.719,-0.524,34.967,0.0723,-0.0059,0.9941,
46.498,ENC,88.4204,113.3663,100.8933,0.5965,0.5113,71.465,-3.719,-0.524,34.967,0.0723,-0.0059,0.9941,
46.511,IMU,88.4204,113.3663,100.8933,0.5965,0.5113,71.465,-3.723,-0.498,34.992,0.0718,0.0176,1.0312,
46.522,ENC,88.4221,113.3680,100.8950,0.0852,0.0852,71.465,-3.723,-0.498,34.992,0.0718,0.0176,1.0312,
46.532,IMU,88.4221,113.3680,100.8950,0.0852,0.0852,71.465,-3.688,-0.522,34.957,0.0698,0.0015,0.9683,
46.540,ENC,88.4221,113.3680,100.8950,0.0000,0.0000,71.465,-3.688,-0.522,34.957,0.0698,0.0015,0.9683,
46.551,IMU,88.4221,113.3680,100.8950,0.0000,0.0000,71.465,-3.632,-0.493,34.944,0.0640,-0.0093,1.0112,
46.557,ENC,88.4221,113.3663,100.8942,0.0000,-0.0852,71.460,-3.632,-0.493,34.944,0.0640,-0.0093,1.0112,
46.571,IMU,88.4221,113.3663,100.8942,0.0000,-0.0852,71.460,-3.625,-0.508,34.985,0.0454,-0.0356,1.0234,
46.577,ENC,88.4221,113.3663,100.8942,0.0000,0.0000,71.460,-3.625,-0.508,34.985,0.0454,-0.0356,1.0234,
46.590,IMU,88.4221,113.3663,100.8942,0.0000,0.0000,71.460,-3.628,-0.521,35.017,0.0806,-0.0303,1.0005,
46.598,ENC,88.4221,113.3680,100.8950,0.0000,0.0852,71.465,-3.628,-0.521,35.017,0.0806,-0.0303,1.0005,
46.611,IMU,88.4221,113.3680,100.8950,0.0000,0.0852,71.465,-3.592,-0.531,35.041,0.0635,-0.0151,0.9937,
46.617,ENC,88.4221,113.3680,100.8950,0.0000,0.0000,71.465,-3.592,-0.531,35.041,0.0635,-0.0151,0.9937,
46.630,IMU,88.4221,113.3680,100.8950,0.0000,0.0000,71.465,-3.580,-0.512,35.055,0.0586,-0.0063,0.9878,
46.638,ENC,88.4221,113.3680,100.8950,0.0000,0.0000,71.465,-3.580,-0.512,35.055,0.0586,-0.0063,0.9878,
46.650,IMU,88.4221,113.3680,100.8950,0.0000,0.0000,71.465,-3.600,-0.515,35.062,0.0576,-0.0132,0.9897,
46.658,ENC,88.4221,113.3697,100.8959,0.0000,0.0852,71.470,-3.600,-0.515,35.062,0.0576,-0.0132,0.9897,
46.671,IMU,88.4221,113.3697,100.8959,0.0000,0.0852,71.470,-3.597,-0.541,35.032,0.0625,-0.0088,1.0005,
46.677,ENC,88.4221,113.3697,100.8959,0.0000,0.0000,71.470,-3.597,-0.541,35.032,0.0625,-0.0088,1.0005,
46.691,IMU,88.4221,113.3697,100.8959,0.0000,0.0000,71.470,-3.610,-0.543,35.036,0.0601,-0.0200,0.9897,
46.698,ENC,88.4221,113.3697,100.8959,0.0000,0.0000,71.470,-3.610,-0.543,35.036,0.0601,-0.0200,0.9897,
46.711,IMU,88.4221,113.3697,100.8959,0.0000,0.0000,71.470,-3.625,-0.601,35.029,0.0688,-0.0112,0.9971,
46.717,ENC,88.4221,113.3697,100.8959,0.0000,0.0000,71.470,-3.625,-0.601,35.029,0.0688,-0.0112,0.9971,
46.731,IMU,88.4221,113.3697,100.8959,0.0000,0.0000,71.470,-3.636,-0.618,35.064,0.0728,-0.0259,0.9966,
46.738,ENC,88.4221,113.3697,100.8959,0.0000,0.0000,71.470,-3.636,-0.618,35.064,0.0728,-0.0259,0.9966,
46.751,IMU,88.4221,113.3697,100.8959,0.0000,0.0000,71.470,-3.653,-0.616,35.039,0.0708,-0.0151,0.9785,
46.758,ENC,88.4221,113.3697,100.8959,0.0000,0.0000,71.470,-3.653,-0.616,35.039,0.0708,-0.0151,0.9785,
46.771,IMU,88.4221,113.3697,100.8959,0.0000,0.0000,71.470,-3.637,-0.644,35.016,0.0708,-0.0127,0.9858,
46.777,ENC,88.4221,113.3697,100.8959,0.0000,0.0000,71.470,-3.637,-0.644,35.016,0.0708,-0.0127,0.9858,
46.791,IMU,88.4221,113.3697,100.8959,0.0000,0.0000,71.470,-3.617,-0.685,35.037,0.0659,-0.0205,0.9971,
46.798,ENC,88.4221,113.3697,100.8959,0.0000,0.0000,71.470,-3.617,-0.685,35.037,0.0659,-0.0205,0.9971,
46.811,IMU,88.4221,113.3697,100.8959,0.0000,0.0000,71.470,-3.675,-0.743,35.103,0.0806,-0.0312,0.9897,
46.819,ENC,88.4221,113.3697,100.8959,0.0000,0.0000,71.470,-3.675,-0.743,35.103,0.0806,-0.0312,0.9897,
46.830,IMU,88.4221,113.3697,100.8959,0.0000,0.0000,71.470,-3.705,-0.740,35.103,0.0610,-0.0127,0.9990,
46.838,ENC,88.4221,113.3697,100.8959,0.0000,0.0000,71.470,-3.705,-0.740,35.103,0.0610,-0.0127,0.9990,
46.851,IMU,88.4221,113.3697,100.8959,0.0000,0.0000,71.470,-3.701,-0.770,35.125,0.0625,-0.0225,0.9956,
46.858,ENC,88.4221,113.3697,100.8959,0.0000,0.0000,71.470,-3.701,-0.770,35.125,0.0625,-0.0225,0.9956,
46.870,IMU,88.4221,113.3697,100.8959,0.0000,0.0000,71.470,-3.696,-0.748,35.078,0.0688,-0.0034,0.9824,
46.891,IMU,88.4221,113.3697,100.8959,0.0000,0.0000,71.470,-3.704,-0.764,35.073,0.0566,0.0029,0.9878,
46.897,ENC,88.4221,113.3697,100.8959,0.0000,0.0000,71.470,-3.704,-0.764,35.073,0.0566,0.0029,0.9878,
46.911,IMU,88.4221,113.3697,100.8959,0.0000,0.0000,71.470,-3.727,-0.805,35.052,0.0601,-0.0171,0.9946,
46.917,ENC,88.4221,113.3697,100.8959,0.0000,0.0000,71.470,-3.727,-0.805,35.052,0.0601,-0.0171,0.9946,
46.932,IMU,88.4221,113.3697,100.8959,0.0000,0.0000,71.470,-3.784,-0.776,35.058,0.0659,-0.0181,0.9995,
46.938,ENC,88.4221,113.3697,100.8959,0.0000,0.0000,71.470,-3.784,-0.776,35.058,0.0659,-0.0181,0.9995,
46.954,IMU,88.4221,113.3697,100.8959,0.0000,0.0000,71.470,-3.794,-0.805,35.048,0.0625,-0.0156,1.0000,
46.957,ENC,88.4221,113.3697,100.8959,0.0000,0.0000,71.470,-3.794,-0.805,35.048,0.0625,-0.0156,1.0000,
46.971,IMU,88.4221,113.3697,100.8959,0.0000,0.0000,71.470,-3.822,-0.816,34.986,0.0713,-0.0176,0.9878,
46.978,ENC,88.4221,113.3697,100.8959,0.0000,0.0000,71.470,-3.822,-0.816,34.986,0.0713,-0.0176,0.9878,
46.991,IMU,88.4221,113.3697,100.8959,0.0000,0.0000,71.470,-3.816,-0.840,35.002,0.0547,-0.0215,0.9980,
46.999,ENC,88.4221,113.3697,100.8959,0.0000,0.0000,71.470,-3.816,-0.840,35.002,0.0547,-0.0215,0.9980,
47.012,IMU,88.4221,113.3697,100.8959,0.0000,0.0000,71.470,-3.802,-0.796,35.007,0.0610,-0.0029,0.9863,
47.018,ENC,88.4221,113.3697,100.8959,0.0000,0.0000,71.470,-3.802,-0.796,35.007,0.0610,-0.0029,0.9863,
47.031,IMU,88.4221,113.3697,100.8959,0.0000,0.0000,71.470,-3.796,-0.813,34.984,0.0645,-0.0107,0.9927,
47.037,ENC,88.4221,113.3697,100.8959,0.0000,0.0000,71.470,-3.796,-0.813,34.984,0.0645,-0.0107,0.9927,
47.054,IMU,88.4221,113.3697,100.8959,0.0000,0.0000,71.470,-3.758,-0.830,35.034,0.0698,-0.0132,0.9937,
47.059,ENC,88.4221,113.3697,100.8959,0.0000,0.0000,71.470,-3.758,-0.830,35.034,0.0698,-0.0132,0.9937,
47.071,IMU,88.4221,113.3697,100.8959,0.0000,0.0000,71.470,-3.835,-0.822,35.010,0.0796,-0.0146,0.9912,
47.077,ENC,88.4221,113.3697,100.8959,0.0000,0.0000,71.470,-3.835,-0.822,35.010,0.0796,-0.0146,0.9912,
47.092,IMU,88.4221,113.3697,100.8959,0.0000,0.0000,71.470,-3.845,-0.806,35.013,0.0635,-0.0088,0.9951,
47.098,ENC,88.4221,113.3697,100.8959,0.0000,0.0000,71.470,-3.845,-0.806,35.013,0.0635,-0.0088,0.9951,
47.111,IMU,88.4221,113.3697,100.8959,0.0000,0.0000,71.470,-3.843,-0.780,35.011,0.0601,-0.0254,1.0005,
47.118,ENC,88.4221,113.3697,100.8959,0.0000,0.0000,71.470,-3.843,-0.780,35.011,0.0601,-0.0254,1.0005,
47.131,IMU,88.4221,113.3697,100.8959,0.0000,0.0000,71.470,-3.871,-0.776,35.050,0.0747,-0.0215,0.9937,
47.137,ENC,88.4221,113.3697,100.8959,0.0000,0.0000,71.470,-3.871,-0.776,35.050,0.0747,-0.0215,0.9937,
47.151,IMU,88.4221,113.3697,100.8959,0.0000,0.0000,71.470,-3.919,-0.763,35.048,0.0728,-0.0107,0.9966,
47.157,ENC,88.4221,113.3697,100.8959,0.0000,0.0000,71.470,-3.919,-0.763,35.048,0.0728,-0.0107,0.9966,
47.170,IMU,88.4221,113.3697,100.8959,0.0000,0.0000,71.470,-3.911,-0.674,35.049,0.0723,-0.0171,1.0024,
47.177,ENC,88.4221,113.3697,100.8959,0.0000,0.0000,71.470,-3.911,-0.674,35.049,0.0723,-0.0171,1.0024,
47.192,IMU,88.4221,113.3697,100.8959,0.0000,0.0000,71.470,-3.881,-0.700,35.053,0.0776,-0.0234,0.9941,
47.197,ENC,88.4221,113.3697,100.8959,0.0000,0.0000,71.470,-3.881,-0.700,35.053,0.0776,-0.0234,0.9941,
47.212,IMU,88.4221,113.3697,100.8959,0.0000,0.0000,71.470,-3.903,-0.725,35.030,0.0718,-0.0205,0.9990,
47.218,ENC,88.4221,113.3697,100.8959,0.0000,0.0000,71.470,-3.903,-0.725,35.030,0.0718,-0.0205,0.9990,
47.231,IMU,88.4221,113.3697,100.8959,0.0000,0.0000,71.470,-3.893,-0.670,35.038,0.0605,-0.0093,1.0034,
47.238,ENC,88.4221,113.3697,100.8959,0.0000,0.0000,71.470,-3.893,-0.670,35.038,0.0605,-0.0093,1.0034,
47.251,IMU,88.4221,113.3697,100.8959,0.0000,0.0000,71.470,-3.874,-0.707,34.987,0.0674,-0.0098,1.0034,
47.258,ENC,88.4221,113.3697,100.8959,0.0000,0.0000,71.470,-3.874,-0.707,34.987,0.0674,-0.0098,1.0034,
47.270,IMU,88.4221,113.3697,100.8959,0.0000,0.0000,71.470,-3.878,-0.704,34.948,0.0781,-0.0137,0.9805,
47.278,ENC,88.4221,113.3697,100.8959,0.0000,0.0000,71.470,-3.878,-0.704,34.948,0.0781,-0.0137,0.9805,
47.291,IMU,88.4221,113.3697,100.8959,0.0000,0.0000,71.470,-3.863,-0.708,34.967,0.0801,-0.0186,0.9863,
47.298,ENC,88.4221,113.3697,100.8959,0.0000,0.0000,71.470,-3.863,-0.708,34.967,0.0801,-0.0186,0.9863,
47.314,IMU,88.4221,113.3697,100.8959,0.0000,0.0000,71.470,-3.870,-0.712,34.926,0.0669,-0.0122,0.9961,
47.317,ENC,88.4221,113.3697,100.8959,0.0000,0.0000,71.470,-3.870,-0.712,34.926,0.0669,-0.0122,0.9961,
47.331,IMU,88.4221,113.3697,100.8959,0.0000,0.0000,71.470,-3.860,-0.692,34.948,0.0713,-0.0088,0.9888,
47.340,ENC,88.4221,113.3697,100.8959,0.0000,0.0000,71.470,-3.860,-0.692,34.948,0.0713,-0.0088,0.9888,
47.350,IMU,88.4221,113.3697,100.8959,0.0000,0.0000,71.470,-3.854,-0.679,34.955,0.0684,-0.0132,0.9917,
47.358,ENC,88.4221,113.3697,100.8959,0.0000,0.0000,71.470,-3.854,-0.679,34.955,0.0684,-0.0132,0.9917,
47.371,IMU,88.4221,113.3697,100.8959,0.0000,0.0000,71.470,-3.887,-0.683,34.929,0.0664,-0.0269,1.0005,
47.380,ENC,88.4221,113.3697,100.8959,0.0000,0.0000,71.470,-3.887,-0.683,34.929,0.0664,-0.0269,1.0005,
47.390,IMU,88.4221,113.3697,100.8959,0.0000,0.0000,71.470,-3.894,-0.698,34.916,0.0620,-0.0122,0.9946,
47.398,ENC,88.4221,113.3697,100.8959,0.0000,0.0000,71.470,-3.894,-0.698,34.916,0.0620,-0.0122,0.9946,
47.411,IMU,88.4221,113.3697,100.8959,0.0000,0.0000,71.470,-3.935,-0.675,34.969,0.0703,-0.0127,0.9971,
47.418,ENC,88.4221,113.3697,100.8959,0.0000,0.0000,71.470,-3.935,-0.675,34.969,0.0703,-0.0127,0.9971,
47.431,IMU,88.4221,113.3697,100.8959,0.0000,0.0000,71.470,-3.950,-0.631,34.932,0.0674,-0.0181,0.9946,
47.438,ENC,88.4221,113.3697,100.8959,0.0000,0.0000,71.470,-3.950,-0.631,34.932,0.0674,-0.0181,0.9946,
47.451,IMU,88.4221,113.3697,100.8959,0.0000,0.0000,71.470,-3.941,-0.618,34.922,0.0605,-0.0122,0.9941,
47.458,ENC,88.4221,113.3697,100.8959,0.0000,0.0000,71.470,-3.941,-0.618,34.922,0.0605,-0.0122,0.9941,
47.471,IMU,88.4221,113.3697,100.8959,0.0000,0.0000,71.470,-3.959,-0.669,34.927,0.0771,-0.0190,1.0083,
47.478,ENC,88.4221,113.3697,100.8959,0.0000,0.0000,71.470,-3.959,-0.669,34.927,0.0771,-0.0190,1.0083,
47.490,IMU,88.4221,113.3697,100.8959,0.0000,0.0000,71.470,-3.975,-0.691,34.872,0.0830,-0.0146,0.9966,
47.499,ENC,88.4221,113.3697,100.8959,0.0000,0.0000,71.470,-3.975,-0.691,34.872,0.0830,-0.0146,0.9966,
47.511,IMU,88.4221,113.3697,100.8959,0.0000,0.0000,71.470,-3.959,-0.678,34.871,0.0615,-0.0229,1.0049,
47.518,ENC,88.4221,113.3697,100.8959,0.0000,0.0000,71.470,-3.959,-0.678,34.871,0.0615,-0.0229,1.0049,
47.531,IMU,88.4221,113.3697,100.8959,0.0000,0.0000,71.470,-3.983,-0.638,34.876,0.0649,-0.0146,1.0005,
47.538,ENC,88.4238,113.3697,100.8967,0.0852,0.0000,71.465,-3.983,-0.638,34.876,0.0649,-0.0146,1.0005,
47.550,IMU,88.4238,113.3697,100.8967,0.0852,0.0000,71.465,-3.990,-0.675,34.863,0.0610,-0.0479,0.9702,
47.557,ENC,88.4306,113.3799,100.9053,0.3409,0.5113,71.475,-3.990,-0.675,34.863,0.0610,-0.0479,0.9702,
47.571,IMU,88.4306,113.3799,100.9053,0.3409,0.5113,71.475,-3.975,-0.822,34.847,0.0688,-0.1113,1.0283,
47.578,ENC,88.4459,113.3936,100.9197,0.7670,0.6818,71.470,-3.975,-0.822,34.847,0.0688,-0.1113,1.0283,
47.591,IMU,88.4459,113.3936,100.9197,0.7670,0.6818,71.470,-3.978,-0.876,34.889,0.0288,-0.0801,1.0215,
47.598,ENC,88.4613,113.4157,100.9385,0.7670,1.1079,71.489,-3.978,-0.876,34.889,0.0288,-0.0801,1.0215,
47.614,IMU,88.4613,113.4157,100.9385,0.7670,1.1079,71.489,-3.972,-0.851,34.891,0.0698,-0.0176,0.9595,
47.617,ENC,88.4800,113.4481,100.9641,0.9374,1.6192,71.528,-3.972,-0.851,34.891,0.0698,-0.0176,0.9595,
47.631,IMU,88.4800,113.4481,100.9641,0.9374,1.6192,71.528,-3.978,-0.901,34.915,0.0903,-0.0288,1.0186,
47.638,ENC,88.5090,113.4805,100.9947,1.4488,1.6192,71.538,-3.978,-0.901,34.915,0.0903,-0.0288,1.0186,
47.651,IMU,88.5090,113.4805,100.9947,1.4488,1.6192,71.538,-4.020,-0.911,34.846,0.0825,-0.0566,0.9663,
47.657,ENC,88.5431,113.5095,101.0263,1.7044,1.4488,71.523,-4.020,-0.911,34.846,0.0825,-0.0566,0.9663,
47.672,IMU,88.5431,113.5095,101.0263,1.7044,1.4488,71.523,-4.025,-0.966,34.795,0.0830,-0.0518,1.0078,
47.691,IMU,88.5431,113.5095,101.0263,1.7044,1.4488,71.523,-4.024,-1.004,34.766,0.0679,-0.0522,1.0630,
47.698,ENC,88.6368,113.5981,101.1175,2.3436,2.2158,71.509,-4.024,-1.004,34.766,0.0679,-0.0522,1.0630,
47.710,IMU,88.6368,113.5981,101.1175,2.3436,2.2158,71.509,-4.014,-0.999,34.781,0.0757,-0.0371,0.9971,
47.718,ENC,88.6845,113.6526,101.1686,2.3862,2.7271,71.528,-4.014,-0.999,34.781,0.0757,-0.0371,0.9971,
47.731,IMU,88.6845,113.6526,101.1686,2.3862,2.7271,71.528,-4.066,-0.995,34.769,0.0884,0.0005,0.9839,
47.738,ENC,88.7340,113.7072,101.2206,2.4714,2.7271,71.543,-4.066,-0.995,34.769,0.0884,0.0005,0.9839,
47.751,IMU,88.7340,113.7072,101.2206,2.4714,2.7271,71.543,-4.117,-0.983,34.754,0.0864,0.0049,1.0132,
47.758,ENC,88.7834,113.7617,101.2726,2.4714,2.7271,71.558,-4.117,-0.983,34.754,0.0864,0.0049,1.0132,
47.772,IMU,88.7834,113.7617,101.2726,2.4714,2.7271,71.558,-4.091,-1.028,34.802,0.0444,-0.0396,1.0132,
47.777,ENC,88.8243,113.8180,101.3211,2.0453,2.8123,71.602,-4.091,-1.028,34.802,0.0444,-0.0396,1.0132,
47.791,IMU,88.8243,113.8180,101.3211,2.0453,2.8123,71.602,-4.087,-1.046,34.804,0.0532,-0.0298,0.9946,
47.798,ENC,88.8686,113.8793,101.3740,2.2158,3.0680,71.650,-4.087,-1.046,34.804,0.0532,-0.0298,0.9946,
47.811,IMU,88.8686,113.8793,101.3740,2.2158,3.0680,71.650,-4.042,-1.032,34.792,0.0640,-0.0181,0.9858,
47.818,ENC,88.9215,113.9390,101.4302,2.6419,2.9827,71.670,-4.042,-1.032,34.792,0.0640,-0.0181,0.9858,
47.831,IMU,88.9215,113.9390,101.4302,2.6419,2.9827,71.670,-4.044,-1.034,34.783,0.0640,-0.0068,0.9976,
47.839,ENC,88.9692,113.9969,101.4831,2.3862,2.8975,71.699,-4.044,-1.034,34.783,0.0640,-0.0068,0.9976,
47.853,IMU,88.9692,113.9969,101.4831,2.3862,2.8975,71.699,-4.007,-1.058,34.784,0.0791,-0.0103,0.9883,
47.858,ENC,89.0254,114.0549,101.5402,2.8123,2.8975,71.704,-4.007,-1.058,34.784,0.0791,-0.0103,0.9883,
47.870,IMU,89.0254,114.0549,101.5402,2.8123,2.8975,71.704,-4.009,-1.063,34.826,0.1001,-0.0254,0.9995,
47.878,ENC,89.0766,114.1094,101.5930,2.5566,2.7271,71.714,-4.009,-1.063,34.826,0.1001,-0.0254,0.9995,
47.891,IMU,89.0766,114.1094,101.5930,2.5566,2.7271,71.714,-3.996,-1.018,34.843,0.0537,-0.0146,1.0322,
47.898,ENC,89.1260,114.1657,101.6458,2.4714,2.8123,71.733,-3.996,-1.018,34.843,0.0537,-0.0146,1.0322,
47.911,IMU,89.1260,114.1657,101.6458,2.4714,2.8123,71.733,-3.989,-1.039,34.811,0.0747,-0.0161,0.9912,
47.917,ENC,89.1771,114.2236,101.7004,2.5566,2.8975,71.753,-3.989,-1.039,34.811,0.0747,-0.0161,0.9912,
47.930,IMU,89.1771,114.2236,101.7004,2.5566,2.8975,71.753,-3.969,-0.957,34.827,0.0786,0.0215,0.9712,
47.938,ENC,89.2265,114.2799,101.7532,2.4714,2.8123,71.772,-3.969,-0.957,34.827,0.0786,0.0215,0.9712,
47.951,IMU,89.2265,114.2799,101.7532,2.4714,2.8123,71.772,-3.979,-0.861,34.795,0.0493,0.0190,1.0093,
47.961,ENC,89.2692,114.3293,101.7992,2.1305,2.4714,71.792,-3.979,-0.861,34.795,0.0493,0.0190,1.0093,
47.971,IMU,89.2692,114.3293,101.7992,2.1305,2.4714,71.792,-3.979,-0.844,34.859,0.0723,0.0161,0.9795,
47.979,ENC,89.3084,114.3770,101.8427,1.9601,2.3862,71.816,-3.979,-0.844,34.859,0.0723,0.0161,0.9795,
47.991,IMU,89.3084,114.3770,101.8427,1.9601,2.3862,71.816,-3.965,-0.830,34.887,0.0596,0.0347,0.9927,
47.998,ENC,89.3459,114.4196,101.8827,1.8749,2.1305,71.831,-3.965,-0.830,34.887,0.0596,0.0347,0.9927,
48.011,IMU,89.3459,114.4196,101.8827,1.8749,2.1305,71.831,-4.024,-0.782,34.907,0.0835,0.0181,0.9956,
48.018,ENC,89.3765,114.4588,101.9177,1.5340,1.9601,71.855,-4.024,-0.782,34.907,0.0835,0.0181,0.9956,
48.031,IMU,89.3765,114.4588,101.9177,1.5340,1.9601,71.855,-3.997,-0.776,34.883,0.0811,0.0308,0.9971,
48.038,ENC,89.4021,114.4895,101.9458,1.2783,1.5340,71.870,-3.997,-0.776,34.883,0.0811,0.0308,0.9971,
48.050,IMU,89.4021,114.4895,101.9458,1.2783,1.5340,71.870,-4.033,-0.726,34.839,0.0552,0.0283,0.9976,
48.060,ENC,89.4243,114.5151,101.9697,1.1079,1.2783,71.880,-4.033,-0.726,34.839,0.0552,0.0283,0.9976,
48.071,IMU,89.4243,114.5151,101.9697,1.1079,1.2783,71.880,-4.082,-0.678,34.876,0.0581,0.0381,0.9854,
48.078,ENC,89.4345,114.5372,101.9859,0.5113,1.1079,71.914,-4.082,-0.678,34.876,0.0581,0.0381,0.9854,
48.091,IMU,89.4345,114.5372,101.9859,0.5113,1.1079,71.914,-4.100,-0.643,34.960,0.0762,0.0396,0.9878,
48.097,ENC,89.4345,114.5560,101.9952,0.0000,0.9374,71.968,-4.100,-0.643,34.960,0.0762,0.0396,0.9878,
48.113,IMU,89.4345,114.5560,101.9952,0.0000,0.9374,71.968,-4.115,-0.596,35.008,0.0767,0.0317,0.9932,
48.119,ENC,89.4345,114.5628,101.9986,0.0000,0.3409,71.987,-4.115,-0.596,35.008,0.0767,0.0317,0.9932,
48.131,IMU,89.4345,114.5628,101.9986,0.0000,0.3409,71.987,-4.130,-0.597,34.968,0.0811,0.0010,0.9922,
48.138,ENC,89.4328,114.5628,101.9978,-0.0852,0.0000,71.992,-4.130,-0.597,34.968,0.0811,0.0010,0.9922,
48.151,IMU,89.4328,114.5628,101.9978,-0.0852,0.0000,71.992,-4.139,-0.646,34.941,0.0742,-0.0200,1.0068,
48.160,ENC,89.4328,114.5509,101.9918,0.0000,-0.5965,71.958,-4.139,-0.646,34.941,0.0742,-0.0200,1.0068,
48.173,IMU,89.4328,114.5509,101.9918,0.0000,-0.5965,71.958,-4.118,-0.687,34.943,0.0557,-0.0259,0.9951,
48.178,ENC,89.4311,114.5440,101.9876,-0.0852,-0.3409,71.943,-4.118,-0.687,34.943,0.0557,-0.0259,0.9951,
48.191,IMU,89.4311,114.5440,101.9876,-0.0852,-0.3409,71.943,-4.115,-0.722,34.938,0.0464,-0.0513,1.0103,
48.198,ENC,89.4294,114.5423,101.9859,-0.0852,-0.0852,71.943,-4.115,-0.722,34.938,0.0464,-0.0513,1.0103,
48.211,IMU,89.4294,114.5423,101.9859,-0.0852,-0.0852,71.943,-4.134,-0.669,34.880,0.0757,-0.0337,1.0039,
48.218,ENC,89.4277,114.5440,101.9859,-0.0852,0.0852,71.953,-4.134,-0.669,34.880,0.0757,-0.0337,1.0039,
48.231,IMU,89.4277,114.5440,101.9859,-0.0852,0.0852,71.953,-4.144,-0.710,34.907,0.0815,-0.0225,0.9966,
48.241,ENC,89.4294,114.5475,101.9884,0.0852,0.1704,71.958,-4.144,-0.710,34.907,0.0815,-0.0225,0.9966,
48.250,IMU,89.4294,114.5475,101.9884,0.0852,0.1704,71.958,-4.116,-0.683,34.882,0.0566,0.0020,0.9858,
48.258,ENC,89.4294,114.5475,101.9884,0.0000,0.0000,71.958,-4.116,-0.683,34.882,0.0566,0.0020,0.9858,
48.271,IMU,89.4294,114.5475,101.9884,0.0000,0.0000,71.958,-4.080,-0.687,34.862,0.0615,0.0024,0.9927,
48.277,ENC,89.4277,114.5475,101.9876,-0.0852,0.0000,71.963,-4.080,-0.687,34.862,0.0615,0.0024,0.9927,
48.293,IMU,89.4277,114.5475,101.9876,-0.0852,0.0000,71.963,-4.105,-0.686,34.929,0.0630,-0.0278,1.0034,
48.298,ENC,89.4294,114.5509,101.9901,0.0852,0.1704,71.968,-4.105,-0.686,34.929,0.0630,-0.0278,1.0034,
48.311,IMU,89.4294,114.5509,101.9901,0.0852,0.1704,71.968,-4.076,-0.772,34.963,0.0532,-0.0542,0.9707,
48.317,ENC,89.4277,114.5662,101.9969,-0.0852,0.7670,72.017,-4.076,-0.772,34.963,0.0532,-0.0542,0.9707,
48.331,IMU,89.4277,114.5662,101.9969,-0.0852,0.7670,72.017,-4.057,-0.809,35.066,0.0586,-0.0850,1.0088,
48.340,ENC,89.4294,114.6003,102.0148,0.0852,1.7044,72.109,-4.057,-0.809,35.066,0.0586,-0.0850,1.0088,
48.354,IMU,89.4294,114.6003,102.0148,0.0852,1.7044,72.109,-4.057,-0.810,35.180,0.0923,-0.0332,0.9800,
48.359,ENC,89.4362,114.6378,102.0370,0.3409,1.8749,72.197,-4.057,-0.810,35.180,0.0923,-0.0332,0.9800,
48.371,IMU,89.4362,114.6378,102.0370,0.3409,1.8749,72.197,-4.104,-0.901,35.289,0.0854,-0.0391,0.9985,
48.379,ENC,89.4532,114.6753,102.0643,0.8522,1.8749,72.256,-4.104,-0.901,35.289,0.0854,-0.0391,0.9985,
48.391,IMU,89.4532,114.6753,102.0643,0.8522,1.8749,72.256,-4.107,-0.904,35.337,0.0728,-0.0068,1.0020,
48.397,ENC,89.4703,114.7145,102.0924,0.8522,1.9601,72.319,-4.107,-0.904,35.337,0.0728,-0.0068,1.0020,
48.412,IMU,89.4703,114.7145,102.0924,0.8522,1.9601,72.319,-4.091,-0.937,35.378,0.0786,-0.0444,0.9727,
48.418,ENC,89.4856,114.7554,102.1205,0.7670,2.0453,72.393,-4.091,-0.937,35.378,0.0786,-0.0444,0.9727,
48.431,IMU,89.4856,114.7554,102.1205,0.7670,2.0453,72.393,-4.124,-0.982,35.416,0.0835,-0.0298,1.0142,
48.440,ENC,89.5044,114.7929,102.1486,0.9374,1.8749,72.446,-4.124,-0.982,35.416,0.0835,-0.0298,1.0142,
48.451,IMU,89.5044,114.7929,102.1486,0.9374,1.8749,72.446,-4.134,-1.079,35.386,0.0825,-0.0703,1.0361,
48.458,ENC,89.5333,114.8270,102.1802,1.4488,1.7044,72.461,-4.134,-1.079,35.386,0.0825,-0.0703,1.0361,
48.471,IMU,89.5333,114.8270,102.1802,1.4488,1.7044,72.461,-4.131,-1.098,35.309,0.0288,-0.0337,0.9624,
48.478,ENC,89.5555,114.8628,102.2091,1.1079,1.7896,72.500,-4.131,-1.098,35.309,0.0288,-0.0337,0.9624,
48.490,IMU,89.5555,114.8628,102.2091,1.1079,1.7896,72.500,-4.076,-1.026,35.352,0.0137,0.0122,1.0415,
48.498,ENC,89.5708,114.9088,102.2398,0.7670,2.3010,72.588,-4.076,-1.026,35.352,0.0137,0.0122,1.0415,
48.511,IMU,89.5708,114.9088,102.2398,0.7670,2.3010,72.588,-4.093,-1.103,35.438,0.0859,-0.0347,0.9551,
48.518,ENC,89.5879,114.9633,102.2756,0.8522,2.7271,72.695,-4.093,-1.103,35.438,0.0859,-0.0347,0.9551,
48.533,IMU,89.5879,114.9633,102.2756,0.8522,2.7271,72.695,-4.151,-1.148,35.516,0.1226,-0.0635,1.0034,
48.538,ENC,89.6100,115.0162,102.3131,1.1079,2.6419,72.783,-4.151,-1.148,35.516,0.1226,-0.0635,1.0034,
48.551,IMU,89.6100,115.0162,102.3131,1.1079,2.6419,72.783,-4.136,-1.128,35.566,0.0454,-0.0283,0.9990,
48.558,ENC,89.6254,115.0673,102.3463,0.7670,2.5566,72.886,-4.136,-1.128,35.566,0.0454,-0.0283,0.9990,
48.571,IMU,89.6254,115.0673,102.3463,0.7670,2.5566,72.886,-4.204,-1.141,35.617,0.0801,-0.0342,0.9775,
48.581,ENC,89.6475,115.1184,102.3830,1.1079,2.5566,72.969,-4.204,-1.141,35.617,0.0801,-0.0342,0.9775,
48.590,IMU,89.6475,115.1184,102.3830,1.1079,2.5566,72.969,-4.182,-1.106,35.675,0.0522,-0.0161,1.0337,
48.598,ENC,89.6629,115.1696,102.4162,0.7670,2.5566,73.071,-4.182,-1.106,35.675,0.0522,-0.0161,1.0337,
48.611,IMU,89.6629,115.1696,102.4162,0.7670,2.5566,73.071,-4.133,-1.117,35.789,0.0312,-0.0405,0.9424,
48.617,ENC,89.6765,115.2207,102.4486,0.6818,2.5566,73.179,-4.133,-1.117,35.789,0.0312,-0.0405,0.9424,
48.630,IMU,89.6765,115.2207,102.4486,0.6818,2.5566,73.179,-4.199,-1.123,35.872,0.1143,-0.0264,1.0508,
48.637,ENC,89.7021,115.2718,102.4870,1.2783,2.5566,73.252,-4.199,-1.123,35.872,0.1143,-0.0264,1.0508,
48.650,IMU,89.7021,115.2718,102.4870,1.2783,2.5566,73.252,-4.095,-1.198,35.910,0.0293,-0.0732,0.9712,
48.658,ENC,89.7174,115.3230,102.5202,0.7670,2.5566,73.354,-4.095,-1.198,35.910,0.0293,-0.0732,0.9712,
48.672,IMU,89.7174,115.3230,102.5202,0.7670,2.5566,73.354,-4.077,-1.161,35.986,0.0557,-0.0151,0.9937,
48.677,ENC,89.7413,115.3792,102.5603,1.1931,2.8123,73.447,-4.077,-1.161,35.986,0.0557,-0.0151,0.9937,
48.690,IMU,89.7413,115.3792,102.5603,1.1931,2.8123,73.447,-4.066,-1.124,35.995,0.0596,0.0034,1.0068,
48.698,ENC,89.7617,115.4321,102.5969,1.0227,2.6419,73.540,-4.066,-1.124,35.995,0.0596,0.0034,1.0068,
48.711,IMU,89.7617,115.4321,102.5969,1.0227,2.6419,73.540,-4.033,-1.125,36.057,0.0615,-0.0293,0.9419,
48.718,ENC,89.7839,115.4849,102.6344,1.1079,2.6419,73.628,-4.033,-1.125,36.057,0.0615,-0.0293,0.9419,
48.731,IMU,89.7839,115.4849,102.6344,1.1079,2.6419,73.628,-3.997,-1.088,36.097,0.0703,-0.0181,1.0474,
48.737,ENC,89.8061,115.5360,102.6710,1.1079,2.5566,73.711,-3.997,-1.088,36.097,0.0703,-0.0181,1.0474,
48.756,IMU,89.8061,115.5360,102.6710,1.1079,2.5566,73.711,-3.971,-1.168,36.141,0.0693,-0.0762,0.9800,
48.758,ENC,89.8248,115.5923,102.7085,0.9374,2.8123,73.818,-3.971,-1.168,36.141,0.0693,-0.0762,0.9800,
48.771,IMU,89.8248,115.5923,102.7085,0.9374,2.8123,73.818,-3.979,-1.226,36.181,0.0918,-0.0283,1.0098,
48.777,ENC,89.8538,115.6536,102.7537,1.4488,3.0680,73.911,-3.979,-1.226,36.181,0.0918,-0.0283,1.0098,
48.791,IMU,89.8538,115.6536,102.7537,1.4488,3.0680,73.911,-3.997,-1.129,36.261,0.0586,0.0239,0.9907,
48.798,ENC,89.8691,115.7133,102.7912,0.7670,2.9827,74.038,-3.997,-1.129,36.261,0.0586,0.0239,0.9907,
48.811,IMU,89.8691,115.7133,102.7912,0.7670,2.9827,74.038,-4.000,-1.124,36.302,0.0620,-0.0249,1.0166,
48.818,ENC,89.8964,115.7746,102.8355,1.3635,3.0680,74.136,-4.000,-1.124,36.302,0.0620,-0.0249,1.0166,
48.832,IMU,89.8964,115.7746,102.8355,1.3635,3.0680,74.136,-4.011,-1.120,36.318,0.0732,0.0005,0.9985,
48.837,ENC,89.9151,115.8326,102.8739,0.9374,2.8975,74.248,-4.011,-1.120,36.318,0.0732,0.0005,0.9985,
48.851,IMU,89.9151,115.8326,102.8739,0.9374,2.8975,74.248,-3.983,-1.075,36.363,0.0518,-0.0142,0.9429,
48.857,ENC,89.9424,115.8957,102.9190,1.3635,3.1532,74.351,-3.983,-1.075,36.363,0.0518,-0.0142,0.9429,
48.871,IMU,89.9424,115.8957,102.9190,1.3635,3.1532,74.351,-4.027,-1.056,36.433,0.0854,0.0142,0.9644,
48.877,ENC,89.9612,115.9587,102.9599,0.9374,3.1532,74.478,-4.027,-1.056,36.433,0.0854,0.0142,0.9644,
48.894,IMU,89.9612,115.9587,102.9599,0.9374,3.1532,74.478,-3.996,-1.026,36.534,0.0459,0.0063,0.9619,
48.898,ENC,89.9799,116.0218,103.0008,0.9374,3.1532,74.604,-3.996,-1.026,36.534,0.0459,0.0063,0.9619,
48.911,IMU,89.9799,116.0218,103.0008,0.9374,3.1532,74.604,-4.035,-1.049,36.565,0.0889,-0.0200,1.0039,
48.917,ENC,90.0055,116.0797,103.0426,1.2783,2.8975,74.697,-4.035,-1.049,36.565,0.0889,-0.0200,1.0039,
48.931,IMU,90.0055,116.0797,103.0426,1.2783,2.8975,74.697,-4.015,-1.099,36.592,0.0591,-0.0347,0.9795,
48.938,ENC,90.0225,116.1411,103.0818,0.8522,3.0680,74.824,-4.015,-1.099,36.592,0.0591,-0.0347,0.9795,
48.951,IMU,90.0225,116.1411,103.0818,0.8522,3.0680,74.824,-4.071,-1.100,36.680,0.0913,-0.0347,1.0278,
48.963,ENC,90.0464,116.2025,103.1244,1.1931,3.0680,74.932,-4.071,-1.100,36.680,0.0913,-0.0347,1.0278,
48.971,IMU,90.0464,116.2025,103.1244,1.1931,3.0680,74.932,-4.057,-1.095,36.755,0.0791,-0.0107,1.0054,
48.981,ENC,90.0583,116.2604,103.1594,0.5965,2.8975,75.063,-4.057,-1.095,36.755,0.0791,-0.0107,1.0054,
48.991,IMU,90.0583,116.2604,103.1594,0.5965,2.8975,75.063,-4.032,-1.114,36.819,0.0449,-0.0029,0.9775,
48.998,ENC,90.0839,116.3201,103.2020,1.2783,2.9827,75.161,-4.032,-1.114,36.819,0.0449,-0.0029,0.9775,
49.011,IMU,90.0839,116.3201,103.2020,1.2783,2.9827,75.161,-3.967,-1.122,36.879,0.0703,-0.0146,0.9614,
49.017,ENC,90.1009,116.3780,103.2395,0.8522,2.8975,75.278,-3.967,-1.122,36.879,0.0703,-0.0146,0.9614,
49.031,IMU,90.1009,116.3780,103.2395,0.8522,2.8975,75.278,-3.911,-1.127,36.986,0.0332,0.0029,0.9873,
49.038,ENC,90.1146,116.4394,103.2770,0.6818,3.0680,75.415,-3.911,-1.127,36.986,0.0332,0.0029,0.9873,
49.051,IMU,90.1146,116.4394,103.2770,0.6818,3.0680,75.415,-3.927,-1.142,37.044,0.0723,-0.0215,1.0254,
49.058,ENC,90.1401,116.4990,103.3196,1.2783,2.9827,75.513,-3.927,-1.142,37.044,0.0723,-0.0215,1.0254,
49.071,IMU,90.1401,116.4990,103.3196,1.2783,2.9827,75.513,-3.868,-1.161,37.103,0.0352,-0.0200,0.9922,
49.078,ENC,90.1521,116.5621,103.3571,0.5965,3.1532,75.659,-3.868,-1.161,37.103,0.0352,-0.0200,0.9922,
49.091,IMU,90.1521,116.5621,103.3571,0.5965,3.1532,75.659,-3.868,-1.094,37.147,0.0659,0.0195,0.9653,
49.098,ENC,90.1691,116.6269,103.3980,0.8522,3.2384,75.796,-3.868,-1.094,37.147,0.0659,0.0195,0.9653,
49.111,IMU,90.1691,116.6269,103.3980,0.8522,3.2384,75.796,-3.881,-1.087,37.227,0.0698,-0.0410,1.0068,
49.118,ENC,90.1913,116.7001,103.4457,1.1079,3.6645,75.942,-3.881,-1.087,37.227,0.0698,-0.0410,1.0068,
49.131,IMU,90.1913,116.7001,103.4457,1.1079,3.6645,75.942,-3.839,-1.107,37.247,0.0503,-0.0527,1.0059,
49.137,ENC,90.2032,116.7751,103.4892,0.5965,3.7497,76.123,-3.839,-1.107,37.247,0.0503,-0.0527,1.0059,
49.151,IMU,90.2032,116.7751,103.4892,0.5965,3.7497,76.123,-3.860,-1.127,37.373,0.0791,-0.0293,0.9829,
49.157,ENC,90.2305,116.8587,103.5446,1.3635,4.1758,76.284,-3.860,-1.127,37.373,0.0791,-0.0293,0.9829,
49.170,IMU,90.2305,116.8587,103.5446,1.3635,4.1758,76.284,-3.798,-1.116,37.478,0.0503,-0.0039,0.9771,
49.178,ENC,90.2526,116.9371,103.5948,1.1079,3.9202,76.445,-3.798,-1.116,37.478,0.0503,-0.0039,0.9771,
49.190,IMU,90.2526,116.9371,103.5948,1.1079,3.9202,76.445,-3.770,-1.153,37.586,0.0298,-0.0605,0.9595,
49.197,ENC,90.2662,117.0189,103.6426,0.6818,4.0906,76.641,-3.770,-1.153,37.586,0.0298,-0.0605,0.9595,
49.211,IMU,90.2662,117.0189,103.6426,0.6818,4.0906,76.641,-3.801,-1.121,37.700,0.1050,-0.0024,1.0601,
49.218,ENC,90.2986,117.1143,103.7065,1.6192,4.7724,76.821,-3.801,-1.121,37.700,0.1050,-0.0024,1.0601,
49.230,IMU,90.2986,117.1143,103.7065,1.6192,4.7724,76.821,-3.788,-1.156,37.790,0.0581,-0.0493,1.0347,
49.238,ENC,90.3191,117.2149,103.7670,1.0227,5.0280,77.051,-3.788,-1.156,37.790,0.0581,-0.0493,1.0347,
49.251,IMU,90.3191,117.2149,103.7670,1.0227,5.0280,77.051,-3.758,-1.241,37.940,0.0347,-0.0898,1.0078,
49.260,ENC,90.3464,117.3257,103.8360,1.3635,5.5394,77.290,-3.758,-1.241,37.940,0.0347,-0.0898,1.0078,
49.270,IMU,90.3464,117.3257,103.8360,1.3635,5.5394,77.290,-3.773,-1.210,38.042,0.0410,0.0054,0.9746,
49.278,ENC,90.3702,117.4484,103.9093,1.1931,6.1359,77.573,-3.773,-1.210,38.042,0.0410,0.0054,0.9746,
49.290,IMU,90.3702,117.4484,103.9093,1.1931,6.1359,77.573,-3.732,-1.151,38.181,0.0171,0.0029,0.9971,
49.298,ENC,90.3839,117.5592,103.9715,0.6818,5.5394,77.852,-3.732,-1.151,38.181,0.0171,0.0029,0.9971,
49.311,IMU,90.3839,117.5592,103.9715,0.6818,5.5394,77.852,-3.712,-1.179,38.329,0.0210,-0.0352,1.0610,
49.317,ENC,90.4111,117.6512,104.0312,1.3635,4.6019,78.037,-3.712,-1.179,38.329,0.0210,-0.0352,1.0610,
49.330,IMU,90.4111,117.6512,104.0312,1.3635,4.6019,78.037,-3.738,-1.149,38.480,0.0791,-0.0142,0.9824,
49.338,ENC,90.4282,117.7739,104.1010,0.8522,6.1359,78.340,-3.738,-1.149,38.480,0.0791,-0.0142,0.9824,
49.351,IMU,90.4282,117.7739,104.1010,0.8522,6.1359,78.340,-3.747,-1.223,38.651,0.0625,-0.0806,1.0181,
49.363,ENC,90.4503,117.9018,104.1760,1.1079,6.3916,78.643,-3.747,-1.223,38.651,0.0625,-0.0806,1.0181,
49.371,IMU,90.4503,117.9018,104.1760,1.1079,6.3916,78.643,-3.753,-1.183,38.782,0.0596,-0.0195,0.9990,
49.378,ENC,90.4776,118.0160,104.2468,1.3635,5.7098,78.892,-3.753,-1.183,38.782,0.0596,-0.0195,0.9990,
49.390,IMU,90.4776,118.0160,104.2468,1.3635,5.7098,78.892,-3.712,-1.178,38.947,0.0039,-0.0083,0.9766,
49.398,ENC,90.4912,118.1489,104.3201,0.6818,6.6473,79.233,-3.712,-1.178,38.947,0.0039,-0.0083,0.9766,
49.411,IMU,90.4912,118.1489,104.3201,0.6818,6.6473,79.233,-3.708,-1.151,39.109,0.0601,-0.0137,1.0352,
49.418,ENC,90.5185,118.2853,104.4019,1.3635,6.8177,79.546,-3.708,-1.151,39.109,0.0601,-0.0137,1.0352,
49.432,IMU,90.5185,118.2853,104.4019,1.3635,6.8177,79.546,-3.653,-1.097,39.279,0.0166,-0.0044,0.9995,
49.439,ENC,90.5321,118.4233,104.4777,0.6818,6.9029,79.902,-3.653,-1.097,39.279,0.0166,-0.0044,0.9995,
49.450,IMU,90.5321,118.4233,104.4777,0.6818,6.9029,79.902,-3.545,-1.113,39.416,-0.0073,-0.0327,0.9360,
49.458,ENC,90.5526,118.5563,104.5544,1.0227,6.6473,80.225,-3.545,-1.113,39.416,-0.0073,-0.0327,0.9360,
49.471,IMU,90.5526,118.5563,104.5544,1.0227,6.6473,80.225,-3.556,-1.086,39.582,0.0273,-0.0459,1.0630,
49.478,ENC,90.5730,118.6875,104.6303,1.0227,6.5620,80.542,-3.556,-1.086,39.582,0.0273,-0.0459,1.0630,
49.492,IMU,90.5730,118.6875,104.6303,1.0227,6.5620,80.542,-3.601,-1.023,39.749,0.0459,0.0117,0.9961,
49.497,ENC,90.5816,118.8222,104.7019,0.4261,6.7325,80.903,-3.601,-1.023,39.749,0.0459,0.0117,0.9961,
49.511,IMU,90.5816,118.8222,104.7019,0.4261,6.7325,80.903,-3.615,-0.958,39.951,0.0977,0.0063,0.9482,
49.518,ENC,90.6088,118.9432,104.7760,1.3635,6.0507,81.172,-3.615,-0.958,39.951,0.0977,0.0063,0.9482,
49.531,IMU,90.6088,118.9432,104.7760,1.3635,6.0507,81.172,-3.603,-1.021,40.120,0.0347,-0.0781,1.0654,
49.542,ENC,90.6276,119.0744,104.8510,0.9374,6.5620,81.494,-3.603,-1.021,40.120,0.0347,-0.0781,1.0654,
49.552,IMU,90.6276,119.0744,104.8510,0.9374,6.5620,81.494,-3.610,-1.103,40.316,0.0830,-0.1025,0.9790,
49.558,ENC,90.6293,119.2091,104.9192,0.0852,6.7325,81.875,-3.610,-1.103,40.316,0.0830,-0.1025,0.9790,
49.571,IMU,90.6293,119.2091,104.9192,0.0852,6.7325,81.875,-3.539,-1.074,40.448,0.0298,-0.0176,0.9883,
49.578,ENC,90.6293,119.3454,104.9873,0.0000,6.8177,82.266,-3.539,-1.074,40.448,0.0298,-0.0176,0.9883,
49.590,IMU,90.6293,119.3454,104.9873,0.0000,6.8177,82.266,-3.552,-1.124,40.587,0.1279,-0.0649,0.9341,
49.598,ENC,90.6293,119.4784,105.0538,0.0000,6.6473,82.646,-3.552,-1.124,40.587,0.1279,-0.0649,0.9341,
49.611,IMU,90.6293,119.4784,105.0538,0.0000,6.6473,82.646,-3.485,-1.118,40.760,-0.0034,-0.0259,1.0737,
49.618,ENC,90.6293,119.6062,105.1177,0.0000,6.3916,83.013,-3.485,-1.118,40.760,-0.0034,-0.0259,1.0737,
49.632,IMU,90.6293,119.6062,105.1177,0.0000,6.3916,83.013,-3.485,-1.023,40.973,0.0566,0.0327,1.0425,
49.638,ENC,90.6259,119.7357,105.1808,-0.1704,6.4768,83.394,-3.485,-1.023,40.973,0.0566,0.0327,1.0425,
49.651,IMU,90.6259,119.7357,105.1808,-0.1704,6.4768,83.394,-3.457,-0.874,41.186,0.0244,0.0415,0.9775,
49.658,ENC,90.6122,119.8636,105.2379,-0.6818,6.3916,83.799,-3.457,-0.874,41.186,0.0244,0.0415,0.9775,
49.672,IMU,90.6122,119.8636,105.2379,-0.6818,6.3916,83.799,-3.475,-0.862,41.448,0.0693,0.0117,1.0254,
49.680,ENC,90.5986,119.9931,105.2959,-0.6818,6.4768,84.209,-3.475,-0.862,41.448,0.0693,0.0117,1.0254,
49.691,IMU,90.5986,119.9931,105.2959,-0.6818,6.4768,84.209,-3.581,-0.848,41.669,0.1255,-0.0015,1.0190,
49.697,ENC,90.5918,120.1260,105.3589,-0.3409,6.6473,84.609,-3.581,-0.848,41.669,0.1255,-0.0015,1.0190,
49.710,IMU,90.5918,120.1260,105.3589,-0.3409,6.6473,84.609,-3.636,-0.860,41.936,0.0972,-0.0225,0.9790,
49.719,ENC,90.5833,120.2505,105.4169,-0.4261,6.2211,84.990,-3.636,-0.860,41.936,0.0972,-0.0225,0.9790,
49.731,IMU,90.5833,120.2505,105.4169,-0.4261,6.2211,84.990,-3.657,-0.634,42.163,0.0889,0.1523,0.9541,
49.737,ENC,90.5526,120.3698,105.4612,-1.5340,5.9655,85.420,-3.657,-0.634,42.163,0.0889,0.1523,0.9541,
49.751,IMU,90.5526,120.3698,105.4612,-1.5340,5.9655,85.420,-3.633,-0.605,42.485,0.0610,0.0088,1.0229,
49.758,ENC,90.5338,120.4908,105.5123,-0.9374,6.0507,85.820,-3.633,-0.605,42.485,0.0610,0.0088,1.0229,
49.771,IMU,90.5338,120.4908,105.5123,-0.9374,6.0507,85.820,-3.575,-0.574,42.754,0.0015,-0.0210,1.0356,
49.777,ENC,90.5032,120.6050,105.5541,-1.5340,5.7098,86.235,-3.575,-0.574,42.754,0.0015,-0.0210,1.0356,
49.791,IMU,90.5032,120.6050,105.5541,-1.5340,5.7098,86.235,-3.488,-0.595,43.053,0.0215,-0.0127,0.9902,
49.798,ENC,90.4674,120.7260,105.5967,-1.7896,6.0507,86.685,-3.488,-0.595,43.053,0.0215,-0.0127,0.9902,
49.810,IMU,90.4674,120.7260,105.5967,-1.7896,6.0507,86.685,-3.456,-0.530,43.401,0.0391,0.0361,1.0059,
49.821,ENC,90.4231,120.8555,105.6393,-2.2158,6.4768,87.183,-3.456,-0.530,43.401,0.0391,0.0361,1.0059,
49.842,ENC,90.3702,120.9800,105.6751,-2.6419,6.2211,87.690,-3.456,-0.530,43.401,0.0391,0.0361,1.0059,
49.851,IMU,90.3702,120.9800,105.6751,-2.6419,6.2211,87.690,-3.535,-0.455,44.187,0.1470,0.0161,0.9902,
49.858,ENC,90.3174,121.1214,105.7194,-2.6419,7.0734,88.247,-3.535,-0.455,44.187,0.1470,0.0161,0.9902,
49.883,ENC,90.2645,121.2527,105.7586,-2.6419,6.5620,88.774,-3.535,-0.455,44.187,0.1470,0.0161,0.9902,
49.889,IMU,90.2645,121.2527,105.7586,-2.6419,6.5620,88.774,-3.581,-0.511,44.445,0.0952,-0.1025,0.9658,
49.894,IMU,90.2645,121.2527,105.7586,-2.6419,6.5620,88.774,-3.602,-0.461,44.705,0.0991,0.0283,0.9863,
49.900,ENC,90.2100,121.3771,105.7935,-2.7271,6.2211,89.287,-3.602,-0.461,44.705,0.0991,0.0283,0.9863,
49.911,IMU,90.2100,121.3771,105.7935,-2.7271,6.2211,89.287,-3.606,-0.411,44.991,0.0513,0.0073,1.1133,
49.918,ENC,90.1503,121.4964,105.8234,-2.9827,5.9655,89.800,-3.606,-0.411,44.991,0.0513,0.0073,1.1133,
49.931,IMU,90.1503,121.4964,105.8234,-2.9827,5.9655,89.800,-3.626,-0.353,45.293,0.0723,0.0151,0.9497,
49.938,ENC,90.0941,121.6362,105.8651,-2.8123,6.9881,90.361,-3.626,-0.353,45.293,0.0723,0.0151,0.9497,
49.953,IMU,90.0941,121.6362,105.8651,-2.8123,6.9881,90.361,-3.563,-0.334,45.556,0.0054,-0.0142,0.9790,
49.958,ENC,90.0396,121.7674,105.9035,-2.7271,6.5620,90.894,-3.563,-0.334,45.556,0.0054,-0.0142,0.9790,
49.973,IMU,90.0396,121.7674,105.9035,-2.7271,6.5620,90.894,-3.615,-0.393,45.883,0.1045,-0.0557,0.9780,
49.979,ENC,89.9935,121.9089,105.9512,-2.3010,7.0734,91.431,-3.615,-0.393,45.883,0.1045,-0.0557,0.9780,
49.991,IMU,89.9935,121.9089,105.9512,-2.3010,7.0734,91.431,-3.545,-0.385,46.218,-0.0146,-0.0024,1.0581,
49.998,ENC,89.9458,122.0486,105.9972,-2.3862,6.9881,91.968,-3.545,-0.385,46.218,-0.0146,-0.0024,1.0581,
50.011,IMU,89.9458,122.0486,105.9972,-2.3862,6.9881,91.968,-3.592,-0.465,46.536,0.1016,-0.0933,0.9697,
50.018,ENC,89.8981,122.1884,106.0432,-2.3862,6.9881,92.505,-3.592,-0.465,46.536,0.1016,-0.0933,0.9697,
50.031,IMU,89.8981,122.1884,106.0432,-2.3862,6.9881,92.505,-3.593,-0.397,46.842,0.0342,-0.0190,1.0986,
50.069,ENC,89.7975,122.4645,106.1310,-2.5140,6.9029,93.584,-3.593,-0.397,46.842,0.0342,-0.0190,1.0986,
50.085,IMU,89.7975,122.4645,106.1310,-2.5140,6.9029,93.584,-3.578,-0.306,47.477,0.0708,0.0225,0.9409,
50.091,IMU,89.7975,122.4645,106.1310,-2.5140,6.9029,93.584,-3.517,-0.261,47.795,0.0337,0.0186,0.9824,
50.097,ENC,89.6936,122.7474,106.2205,-2.5992,7.0734,94.692,-3.517,-0.261,47.795,0.0337,0.0186,0.9824,
50.111,IMU,89.6936,122.7474,106.2205,-2.5992,7.0734,94.692,-3.554,-0.235,48.134,0.0859,-0.0190,0.9116,
50.118,ENC,89.6424,122.8923,106.2674,-2.5566,7.2438,95.254,-3.554,-0.235,48.134,0.0859,-0.0190,0.9116,
50.149,IMU,89.6424,122.8923,106.2674,-2.5566,7.2438,95.254,-3.624,-0.151,48.485,0.1011,0.0103,1.0034,
50.152,IMU,89.6424,122.8923,106.2674,-2.5566,7.2438,95.254,-3.568,-0.222,48.805,0.0386,-0.0630,0.9971,
50.157,ENC,89.5385,123.1701,106.3543,-2.5992,6.9455,96.348,-3.568,-0.222,48.805,0.0386,-0.0630,0.9971,
50.171,IMU,89.5385,123.1701,106.3543,-2.5992,6.9455,96.348,-3.528,-0.206,49.160,0.0215,-0.0229,1.0117,
50.180,ENC,89.4856,123.3048,106.3952,-2.6419,6.7325,96.885,-3.528,-0.206,49.160,0.0215,-0.0229,1.0117,
50.191,IMU,89.4856,123.3048,106.3952,-2.6419,6.7325,96.885,-3.503,-0.237,49.493,0.0669,-0.0239,0.9424,
50.200,ENC,89.4345,123.4480,106.4412,-2.5566,7.1586,97.441,-3.503,-0.237,49.493,0.0669,-0.0239,0.9424,
50.211,IMU,89.4345,123.4480,106.4412,-2.5566,7.1586,97.441,-3.424,-0.191,49.826,0.0254,-0.0234,1.0171,
50.217,ENC,89.3834,123.5860,106.4847,-2.5566,6.9029,97.983,-3.424,-0.191,49.826,0.0254,-0.0234,1.0171,
50.231,IMU,89.3834,123.5860,106.4847,-2.5566,6.9029,97.983,-3.378,-0.173,50.100,0.0308,-0.0088,0.9883,
50.238,ENC,89.3339,123.7377,106.5358,-2.4714,7.5847,98.560,-3.378,-0.173,50.100,0.0308,-0.0088,0.9883,
50.250,IMU,89.3339,123.7377,106.5358,-2.4714,7.5847,98.560,-3.392,-0.200,50.388,0.0684,-0.0410,1.0654,
50.257,ENC,89.2828,123.8707,106.5767,-2.5566,6.6473,99.087,-3.392,-0.200,50.388,0.0684,-0.0410,1.0654,
50.271,IMU,89.2828,123.8707,106.5767,-2.5566,6.6473,99.087,-3.395,-0.266,50.703,0.0645,-0.0864,0.9888,
50.277,ENC,89.2385,124.0053,106.6219,-2.2158,6.7325,99.600,-3.395,-0.266,50.703,0.0645,-0.0864,0.9888,
50.291,IMU,89.2385,124.0053,106.6219,-2.2158,6.7325,99.600,-3.522,-0.205,51.056,0.1304,0.0073,0.9375,
50.311,IMU,89.2385,124.0053,106.6219,-2.2158,6.7325,99.600,-3.540,-0.227,51.376,0.1099,-0.0342,1.0244,
50.318,ENC,89.1362,124.2899,106.7131,-2.5566,7.1160,100.708,-3.540,-0.227,51.376,0.1099,-0.0342,1.0244,
50.331,IMU,89.1362,124.2899,106.7131,-2.5566,7.1160,100.708,-3.549,-0.255,51.733,0.0186,-0.0288,1.0977,
50.338,ENC,89.0851,124.4382,106.7617,-2.5566,7.4142,101.279,-3.549,-0.255,51.733,0.0186,-0.0288,1.0977,
50.350,IMU,89.0851,124.4382,106.7617,-2.5566,7.4142,101.279,-3.509,-0.155,52.074,0.0186,0.0615,0.9946,
50.361,ENC,89.0425,124.5746,106.8085,-2.1305,6.8177,101.792,-3.509,-0.155,52.074,0.0186,0.0615,0.9946,
50.371,IMU,89.0425,124.5746,106.8085,-2.1305,6.8177,101.792,-3.501,-0.120,52.379,0.0474,0.0288,0.9746,
50.381,ENC,89.0084,124.7092,106.8588,-1.7044,6.7325,102.275,-3.501,-0.120,52.379,0.0474,0.0288,0.9746,
50.391,IMU,89.0084,124.7092,106.8588,-1.7044,6.7325,102.275,-3.552,-0.137,52.686,0.0923,-0.0112,0.9946,
50.398,ENC,88.9965,124.8422,106.9193,-0.5965,6.6473,102.690,-3.552,-0.137,52.686,0.0923,-0.0112,0.9946,
50.413,IMU,88.9965,124.8422,106.9193,-0.5965,6.6473,102.690,-3.635,-0.174,52.928,0.1655,-0.0303,1.0200,
50.420,ENC,88.9965,124.9615,106.9790,0.0000,5.9655,103.032,-3.635,-0.174,52.928,0.1655,-0.0303,1.0200,
50.431,IMU,88.9965,124.9615,106.9790,0.0000,5.9655,103.032,-3.681,-0.172,53.199,0.1108,-0.0361,0.9111,
50.438,ENC,88.9982,125.0859,107.0420,0.0852,6.2211,103.384,-3.681,-0.172,53.199,0.1108,-0.0361,0.9111,
50.451,IMU,88.9982,125.0859,107.0420,0.0852,6.2211,103.384,-3.775,-0.208,53.424,0.1123,0.0083,1.0181,
50.458,ENC,89.0016,125.2001,107.1008,0.1704,5.7098,103.701,-3.775,-0.208,53.424,0.1123,0.0083,1.0181,
50.470,IMU,89.0016,125.2001,107.1008,0.1704,5.7098,103.701,-3.805,-0.222,53.566,0.0898,-0.0229,0.9888,
50.491,IMU,89.0016,125.2001,107.1008,0.1704,5.7098,103.701,-3.795,-0.239,53.664,0.1045,-0.0361,1.0059,
50.499,ENC,89.0339,125.4166,107.2253,0.8096,5.4115,104.229,-3.795,-0.239,53.664,0.1045,-0.0361,1.0059,
50.510,IMU,89.0339,125.4166,107.2253,0.8096,5.4115,104.229,-3.788,-0.234,53.770,0.0400,-0.0151,0.9536,
50.518,ENC,89.0374,125.5120,107.2747,0.1704,4.7724,104.492,-3.788,-0.234,53.770,0.0400,-0.0151,0.9536,
50.530,IMU,89.0374,125.5120,107.2747,0.1704,4.7724,104.492,-3.726,-0.260,53.914,0.0029,0.0205,0.9321,
50.538,ENC,89.0510,125.6126,107.3318,0.6818,5.0280,104.741,-3.726,-0.260,53.914,0.0029,0.0205,0.9321,
50.551,IMU,89.0510,125.6126,107.3318,0.6818,5.0280,104.741,-3.766,-0.247,54.010,0.0718,-0.0190,1.0532,
50.558,ENC,89.0680,125.7080,107.3880,0.8522,4.7724,104.966,-3.766,-0.247,54.010,0.0718,-0.0190,1.0532,
50.570,IMU,89.0680,125.7080,107.3880,0.8522,4.7724,104.966,-3.749,-0.271,54.121,0.0273,-0.0146,1.0220,
50.577,ENC,89.0749,125.7949,107.4349,0.3409,4.3463,105.195,-3.749,-0.271,54.121,0.0273,-0.0146,1.0220,
50.591,IMU,89.0749,125.7949,107.4349,0.3409,4.3463,105.195,-3.800,-0.198,54.229,0.1001,0.0332,0.9570,
50.598,ENC,89.0800,125.8853,107.4826,0.2557,4.5167,105.439,-3.800,-0.198,54.229,0.1001,0.0332,0.9570,
50.611,IMU,89.0800,125.8853,107.4826,0.2557,4.5167,105.439,-3.813,-0.223,54.338,0.0688,-0.0151,0.9927,
50.618,ENC,89.1004,125.9756,107.5380,1.0227,4.5167,105.640,-3.813,-0.223,54.338,0.0688,-0.0151,0.9927,
50.634,IMU,89.1004,125.9756,107.5380,1.0227,4.5167,105.640,-3.833,-0.272,54.390,0.0635,-0.0283,0.9663,
50.651,IMU,89.1004,125.9756,107.5380,1.0227,4.5167,105.640,-3.738,-0.302,54.457,0.0435,-0.0635,1.0229,
50.658,ENC,89.1124,126.1563,107.6343,0.2983,4.5167,106.123,-3.738,-0.302,54.457,0.0435,-0.0635,1.0229,
50.671,IMU,89.1124,126.1563,107.6343,0.2983,4.5167,106.123,-3.680,-0.293,54.598,0.0166,-0.0005,1.0210,
50.678,ENC,89.1124,126.2449,107.6786,0.0000,4.4315,106.377,-3.680,-0.293,54.598,0.0166,-0.0005,1.0210,
50.690,IMU,89.1124,126.2449,107.6786,0.0000,4.4315,106.377,-3.657,-0.393,54.718,0.0562,-0.0830,1.0034,
50.697,ENC,89.1124,126.3387,107.7255,0.0000,4.6872,106.646,-3.657,-0.393,54.718,0.0562,-0.0830,1.0034,
50.711,IMU,89.1124,126.3387,107.7255,0.0000,4.6872,106.646,-3.654,-0.394,54.873,0.0571,-0.0327,1.0020,
50.719,ENC,89.1124,126.4375,107.7749,0.0000,4.9428,106.929,-3.654,-0.394,54.873,0.0571,-0.0327,1.0020,
50.731,IMU,89.1124,126.4375,107.7749,0.0000,4.9428,106.929,-3.617,-0.307,55.021,0.0566,0.0078,1.0029,
50.737,ENC,89.1124,126.5278,107.8201,0.0000,4.5167,107.187,-3.617,-0.307,55.021,0.0566,0.0078,1.0029,
50.752,IMU,89.1124,126.5278,107.8201,0.0000,4.5167,107.187,-3.586,-0.280,55.102,0.0474,-0.0332,0.9971,
50.757,ENC,89.1124,126.6216,107.8670,0.0000,4.6872,107.456,-3.586,-0.280,55.102,0.0474,-0.0332,0.9971,
50.772,IMU,89.1124,126.6216,107.8670,0.0000,4.6872,107.456,-3.547,-0.304,55.205,0.0830,-0.0596,1.0015,
50.778,ENC,89.1124,126.7187,107.9155,0.0000,4.8576,107.734,-3.547,-0.304,55.205,0.0830,-0.0596,1.0015,
50.790,IMU,89.1124,126.7187,107.9155,0.0000,4.8576,107.734,-3.578,-0.349,55.287,0.0801,-0.0205,0.9575,
50.798,ENC,89.1124,126.8091,107.9607,0.0000,4.5167,107.993,-3.578,-0.349,55.287,0.0801,-0.0205,0.9575,
50.811,IMU,89.1124,126.8091,107.9607,0.0000,4.5167,107.993,-3.576,-0.304,55.426,0.0361,0.0020,1.0381,
50.817,ENC,89.1124,126.9028,108.0076,0.0000,4.6872,108.262,-3.576,-0.304,55.426,0.0361,0.0020,1.0381,
50.831,IMU,89.1124,126.9028,108.0076,0.0000,4.6872,108.262,-3.585,-0.309,55.568,0.0625,0.0088,1.0205,
50.838,ENC,89.1124,126.9966,108.0545,0.0000,4.6872,108.530,-3.585,-0.309,55.568,0.0625,0.0088,1.0205,
50.850,IMU,89.1124,126.9966,108.0545,0.0000,4.6872,108.530,-3.650,-0.310,55.689,0.1157,-0.0117,0.9531,
50.857,ENC,89.1124,127.0920,108.1022,0.0000,4.7724,108.804,-3.650,-0.310,55.689,0.1157,-0.0117,0.9531,
50.872,IMU,89.1124,127.0920,108.1022,0.0000,4.7724,108.804,-3.584,-0.293,55.815,0.0337,-0.0034,0.9844,
50.878,ENC,89.1124,127.1841,108.1482,0.0000,4.6019,109.067,-3.584,-0.293,55.815,0.0337,-0.0034,0.9844,
50.891,IMU,89.1124,127.1841,108.1482,0.0000,4.6019,109.067,-3.587,-0.377,55.968,0.0889,-0.0786,0.9849,
50.898,ENC,89.1124,127.2642,108.1883,0.0000,4.0054,109.297,-3.587,-0.377,55.968,0.0889,-0.0786,0.9849,
50.910,IMU,89.1124,127.2642,108.1883,0.0000,4.0054,109.297,-3.625,-0.443,56.078,0.0405,-0.0542,1.0542,
50.918,ENC,89.1124,127.3562,108.2343,0.0000,4.6019,109.561,-3.625,-0.443,56.078,0.0405,-0.0542,1.0542,
50.931,IMU,89.1124,127.3562,108.2343,0.0000,4.6019,109.561,-3.641,-0.469,56.210,0.1021,-0.0308,0.9810,
50.938,ENC,89.1124,127.4414,108.2769,0.0000,4.2611,109.805,-3.641,-0.469,56.210,0.1021,-0.0308,0.9810,
50.954,IMU,89.1124,127.4414,108.2769,0.0000,4.2611,109.805,-3.580,-0.456,56.364,0.0522,0.0093,0.9897,
50.958,ENC,89.1124,127.5318,108.3221,0.0000,4.5167,110.063,-3.580,-0.456,56.364,0.0522,0.0093,0.9897,
50.971,IMU,89.1124,127.5318,108.3221,0.0000,4.5167,110.063,-3.599,-0.492,56.502,0.1025,-0.0635,0.9844,
50.978,ENC,89.1124,127.6272,108.3698,0.0000,4.7724,110.337,-3.599,-0.492,56.502,0.1025,-0.0635,0.9844,
50.991,IMU,89.1124,127.6272,108.3698,0.0000,4.7724,110.337,-3.591,-0.504,56.612,0.0796,0.0039,1.0303,
50.999,ENC,89.1124,127.7192,108.4158,0.0000,4.6019,110.601,-3.591,-0.504,56.612,0.0796,0.0039,1.0303,
51.011,IMU,89.1124,127.7192,108.4158,0.0000,4.6019,110.601,-3.641,-0.511,56.718,0.0854,0.0186,0.9902,
51.018,ENC,89.1124,127.8130,108.4627,0.0000,4.6872,110.869,-3.641,-0.511,56.718,0.0854,0.0186,0.9902,
51.031,IMU,89.1124,127.8130,108.4627,0.0000,4.6872,110.869,-3.643,-0.588,56.870,0.0791,-0.0698,0.9463,
51.037,ENC,89.1124,127.9084,108.5104,0.0000,4.7724,111.143,-3.643,-0.588,56.870,0.0791,-0.0698,0.9463,
51.051,IMU,89.1124,127.9084,108.5104,0.0000,4.7724,111.143,-3.680,-0.614,57.008,0.0669,-0.0405,0.9829,
51.058,ENC,89.1124,128.0056,108.5590,0.0000,4.8576,111.421,-3.680,-0.614,57.008,0.0669,-0.0405,0.9829,
51.070,IMU,89.1124,128.0056,108.5590,0.0000,4.8576,111.421,-3.724,-0.643,57.158,0.0825,-0.0483,0.9902,
51.077,ENC,89.1124,128.0976,108.6050,0.0000,4.6019,111.685,-3.724,-0.643,57.158,0.0825,-0.0483,0.9902,
51.091,IMU,89.1124,128.0976,108.6050,0.0000,4.6019,111.685,-3.745,-0.613,57.302,0.0986,0.0171,0.9702,
51.098,ENC,89.1124,128.1897,108.6510,0.0000,4.6019,111.948,-3.745,-0.613,57.302,0.0986,0.0171,0.9702,
51.111,IMU,89.1124,128.1897,108.6510,0.0000,4.6019,111.948,-3.783,-0.570,57.434,0.1001,-0.0171,0.9482,
51.117,ENC,89.1124,128.2766,108.6945,0.0000,4.3463,112.197,-3.783,-0.570,57.434,0.1001,-0.0171,0.9482,
51.130,IMU,89.1124,128.2766,108.6945,0.0000,4.3463,112.197,-3.798,-0.464,57.550,0.0869,0.0259,0.9541,
51.138,ENC,89.1124,128.3703,108.7413,0.0000,4.6872,112.466,-3.798,-0.464,57.550,0.0869,0.0259,0.9541,
51.150,IMU,89.1124,128.3703,108.7413,0.0000,4.6872,112.466,-3.802,-0.520,57.674,0.0508,-0.0547,0.9800,
51.158,ENC,89.1124,128.4521,108.7822,0.0000,4.0906,112.700,-3.802,-0.520,57.674,0.0508,-0.0547,0.9800,
51.170,IMU,89.1124,128.4521,108.7822,0.0000,4.0906,112.700,-3.784,-0.525,57.802,0.0415,-0.0166,0.9873,
51.178,ENC,89.1124,128.5459,108.8291,0.0000,4.6872,112.969,-3.784,-0.525,57.802,0.0415,-0.0166,0.9873,
51.191,IMU,89.1124,128.5459,108.8291,0.0000,4.6872,112.969,-3.809,-0.522,57.869,0.0767,-0.0137,0.9966,
51.198,ENC,89.1124,128.6345,108.8734,0.0000,4.4315,113.223,-3.809,-0.522,57.869,0.0767,-0.0137,0.9966,
51.211,IMU,89.1124,128.6345,108.8734,0.0000,4.4315,113.223,-3.856,-0.572,57.936,0.0752,-0.0420,1.0186,
51.217,ENC,89.1141,128.7112,108.9126,0.0852,3.8350,113.438,-3.856,-0.572,57.936,0.0752,-0.0420,1.0186,
51.233,IMU,89.1141,128.7112,108.9126,0.0852,3.8350,113.438,-3.825,-0.603,58.012,0.0859,-0.0273,1.0083,
51.238,ENC,89.1141,128.7964,108.9552,0.0000,4.2611,113.682,-3.825,-0.603,58.012,0.0859,-0.0273,1.0083,
51.251,IMU,89.1141,128.7964,108.9552,0.0000,4.2611,113.682,-3.883,-0.670,58.109,0.0703,-0.0435,0.9751,
51.258,ENC,89.1141,128.8817,108.9979,0.0000,4.2611,113.926,-3.883,-0.670,58.109,0.0703,-0.0435,0.9751,
51.271,IMU,89.1141,128.8817,108.9979,0.0000,4.2611,113.926,-3.876,-0.685,58.203,0.0771,-0.0166,0.9902,
51.277,ENC,89.1158,128.9618,109.0388,0.0852,4.0054,114.150,-3.876,-0.685,58.203,0.0771,-0.0166,0.9902,
51.291,IMU,89.1158,128.9618,109.0388,0.0852,4.0054,114.150,-3.849,-0.620,58.301,0.0283,0.0239,0.9546,
51.298,ENC,89.1158,129.0402,109.0780,0.0000,3.9202,114.375,-3.849,-0.620,58.301,0.0283,0.0239,0.9546,
51.310,IMU,89.1158,129.0402,109.0780,0.0000,3.9202,114.375,-3.887,-0.592,58.372,0.0864,0.0044,0.9746,
51.318,ENC,89.1141,129.1203,109.1172,-0.0852,4.0054,114.609,-3.887,-0.592,58.372,0.0864,0.0044,0.9746,
51.336,IMU,89.1141,129.1203,109.1172,-0.0852,4.0054,114.609,-3.878,-0.591,58.458,0.0762,-0.0015,0.9814,
51.338,ENC,89.1158,129.2004,109.1581,0.0852,4.0054,114.834,-3.878,-0.591,58.458,0.0762,-0.0015,0.9814,
51.351,IMU,89.1158,129.2004,109.1581,0.0852,4.0054,114.834,-3.942,-0.590,58.580,0.0947,-0.0264,0.9756,
51.358,ENC,89.1158,129.2703,109.1930,0.0000,3.4941,115.034,-3.942,-0.590,58.580,0.0947,-0.0264,0.9756,
51.371,IMU,89.1158,129.2703,109.1930,0.0000,3.4941,115.034,-3.965,-0.610,58.694,0.0508,-0.0342,0.9819,
51.378,ENC,89.1158,129.3419,109.2288,0.0000,3.5793,115.239,-3.965,-0.610,58.694,0.0508,-0.0342,0.9819,
51.391,IMU,89.1158,129.3419,109.2288,0.0000,3.5793,115.239,-3.978,-0.651,58.756,0.0786,-0.0381,1.0283,
51.398,ENC,89.1158,129.4151,109.2655,0.0000,3.6645,115.449,-3.978,-0.651,58.756,0.0786,-0.0381,1.0283,
51.410,IMU,89.1158,129.4151,109.2655,0.0000,3.6645,115.449,-3.957,-0.616,58.825,0.0396,-0.0093,1.0117,
51.418,ENC,89.1158,129.4850,109.3004,0.0000,3.4941,115.649,-3.957,-0.616,58.825,0.0396,-0.0093,1.0117,
51.430,IMU,89.1158,129.4850,109.3004,0.0000,3.4941,115.649,-3.923,-0.609,58.863,0.0625,-0.0039,0.9722,
51.437,ENC,89.1158,129.5549,109.3353,0.0000,3.4941,115.850,-3.923,-0.609,58.863,0.0625,-0.0039,0.9722,
51.451,IMU,89.1158,129.5549,109.3353,0.0000,3.4941,115.850,-3.931,-0.583,58.920,0.0459,-0.0039,0.9985,
51.458,ENC,89.1158,129.6248,109.3703,0.0000,3.4941,116.050,-3.931,-0.583,58.920,0.0459,-0.0039,0.9985,
51.471,IMU,89.1158,129.6248,109.3703,0.0000,3.4941,116.050,-3.951,-0.560,59.046,0.0591,-0.0034,0.9844,
51.477,ENC,89.1175,129.6981,109.4078,0.0852,3.6645,116.255,-3.951,-0.560,59.046,0.0591,-0.0034,0.9844,
51.491,IMU,89.1175,129.6981,109.4078,0.0852,3.6645,116.255,-3.948,-0.590,59.156,0.0469,-0.0166,1.0098,
51.498,ENC,89.1175,129.7765,109.4470,0.0000,3.9202,116.479,-3.948,-0.590,59.156,0.0469,-0.0166,1.0098,
51.512,IMU,89.1175,129.7765,109.4470,0.0000,3.9202,116.479,-3.939,-0.527,59.219,0.0732,0.0015,0.9932,
51.518,ENC,89.1175,129.8447,109.4811,0.0000,3.4088,116.675,-3.939,-0.527,59.219,0.0732,0.0015,0.9932,
51.531,IMU,89.1175,129.8447,109.4811,0.0000,3.4088,116.675,-3.980,-0.523,59.332,0.0820,-0.0078,0.9863,
51.539,ENC,89.1192,129.9128,109.5160,0.0852,3.4088,116.865,-3.980,-0.523,59.332,0.0820,-0.0078,0.9863,
51.551,IMU,89.1192,129.9128,109.5160,0.0852,3.4088,116.865,-3.958,-0.504,59.411,0.0640,0.0000,0.9873,
51.561,ENC,89.1226,129.9776,109.5501,0.1704,3.2384,117.041,-3.958,-0.504,59.411,0.0640,0.0000,0.9873,
51.571,IMU,89.1226,129.9776,109.5501,0.1704,3.2384,117.041,-3.989,-0.576,59.442,0.1543,-0.0371,0.9961,
51.578,ENC,89.1447,130.0407,109.5927,1.1079,3.1532,117.158,-3.989,-0.576,59.442,0.1543,-0.0371,0.9961,
51.590,IMU,89.1447,130.0407,109.5927,1.1079,3.1532,117.158,-4.013,-0.611,59.451,0.0703,-0.0386,1.0410,
51.597,ENC,89.1618,130.0986,109.6302,0.8522,2.8975,117.275,-4.013,-0.611,59.451,0.0703,-0.0386,1.0410,
51.613,IMU,89.1618,130.0986,109.6302,0.8522,2.8975,117.275,-4.014,-0.681,59.526,0.0557,-0.0425,0.9595,
51.622,ENC,89.1771,130.1617,109.6694,0.7670,3.1532,117.412,-4.014,-0.681,59.526,0.0557,-0.0425,0.9595,
51.631,IMU,89.1771,130.1617,109.6694,0.7670,3.1532,117.412,-4.044,-0.655,59.586,0.0894,0.0112,1.0103,
51.642,ENC,89.2010,130.2196,109.7103,1.1931,2.8975,117.510,-4.044,-0.655,59.586,0.0894,0.0112,1.0103,
51.650,IMU,89.2010,130.2196,109.7103,1.1931,2.8975,117.510,-3.970,-0.628,59.674,0.0381,-0.0137,1.0234,
51.658,ENC,89.2129,130.2742,109.7435,0.5965,2.7271,117.632,-3.970,-0.628,59.674,0.0381,-0.0137,1.0234,
51.671,IMU,89.2129,130.2742,109.7435,0.5965,2.7271,117.632,-3.967,-0.597,59.702,0.0479,0.0020,0.9873,
51.678,ENC,89.2419,130.3304,109.7862,1.4488,2.8123,117.710,-3.967,-0.597,59.702,0.0479,0.0020,0.9873,
51.691,IMU,89.2419,130.3304,109.7862,1.4488,2.8123,117.710,-3.996,-0.613,59.722,0.0845,-0.0449,0.9722,
51.698,ENC,89.2709,130.3833,109.8271,1.4488,2.6419,117.778,-3.996,-0.613,59.722,0.0845,-0.0449,0.9722,
51.710,IMU,89.2709,130.3833,109.8271,1.4488,2.6419,117.778,-3.992,-0.600,59.749,0.0747,-0.0137,0.9810,
51.717,ENC,89.3118,130.4361,109.8739,2.0453,2.6419,117.813,-3.992,-0.600,59.749,0.0747,-0.0137,0.9810,
51.734,IMU,89.3118,130.4361,109.8739,2.0453,2.6419,117.813,-3.967,-0.573,59.745,0.0757,0.0093,1.0107,
51.738,ENC,89.3561,130.4855,109.9208,2.2158,2.4714,117.827,-3.967,-0.573,59.745,0.0757,0.0093,1.0107,
51.751,IMU,89.3561,130.4855,109.9208,2.2158,2.4714,117.827,-3.999,-0.616,59.776,0.0493,-0.0586,0.9863,
51.758,ENC,89.4038,130.5332,109.9685,2.3862,2.3862,117.827,-3.999,-0.616,59.776,0.0493,-0.0586,0.9863,
51.771,IMU,89.4038,130.5332,109.9685,2.3862,2.3862,117.827,-4.008,-0.607,59.782,0.0479,0.0107,0.9746,
51.778,ENC,89.4566,130.5827,110.0197,2.6419,2.4714,117.817,-4.008,-0.607,59.782,0.0479,0.0107,0.9746,
51.796,IMU,89.4566,130.5827,110.0197,2.6419,2.4714,117.817,-3.981,-0.645,59.780,0.0532,-0.0151,1.0020,
51.816,IMU,89.4566,130.5827,110.0197,2.6419,2.4714,117.817,-3.928,-0.620,59.762,0.0322,-0.0015,0.9839,
51.819,ENC,89.5589,130.6883,110.1236,2.5566,2.6419,117.827,-3.928,-0.620,59.762,0.0322,-0.0015,0.9839,
51.830,IMU,89.5589,130.6883,110.1236,2.5566,2.6419,117.827,-3.932,-0.619,59.736,0.0713,-0.0151,0.9624,
51.837,ENC,89.6083,130.7395,110.1739,2.4714,2.5566,117.832,-3.932,-0.619,59.736,0.0713,-0.0151,0.9624,
51.851,IMU,89.6083,130.7395,110.1739,2.4714,2.5566,117.832,-3.916,-0.637,59.729,0.0532,-0.0181,1.0073,
51.857,ENC,89.6578,130.7974,110.2276,2.4714,2.8975,117.856,-3.916,-0.637,59.729,0.0532,-0.0181,1.0073,
51.871,IMU,89.6578,130.7974,110.2276,2.4714,2.8975,117.856,-3.992,-0.659,59.699,0.1040,-0.0190,1.0039,
51.877,ENC,89.7089,130.8571,110.2830,2.5566,2.9827,117.881,-3.992,-0.659,59.699,0.1040,-0.0190,1.0039,
51.891,IMU,89.7089,130.8571,110.2830,2.5566,2.9827,117.881,-3.964,-0.690,59.629,0.0713,-0.0381,0.9858,
51.898,ENC,89.7651,130.9150,110.3401,2.8123,2.8975,117.886,-3.964,-0.690,59.629,0.0713,-0.0381,0.9858,
51.911,IMU,89.7651,130.9150,110.3401,2.8123,2.8975,117.886,-4.012,-0.731,59.639,0.0796,-0.0371,1.0288,
51.921,ENC,89.8248,130.9696,110.3972,2.9827,2.7271,117.871,-4.012,-0.731,59.639,0.0796,-0.0371,1.0288,
51.931,IMU,89.8248,130.9696,110.3972,2.9827,2.7271,117.871,-4.024,-0.785,59.622,0.0635,-0.0332,0.9902,
51.938,ENC,89.8828,131.0258,110.4543,2.8975,2.8123,117.866,-4.024,-0.785,59.622,0.0635,-0.0332,0.9902,
51.962,ENC,89.9441,131.0906,110.5174,3.0680,3.2384,117.876,-4.024,-0.785,59.622,0.0635,-0.0332,0.9902,
51.973,IMU,89.9441,131.0906,110.5174,3.0680,3.2384,117.876,-3.953,-0.860,59.560,0.0513,-0.0288,1.0020,
51.977,ENC,90.0004,131.1519,110.5762,2.8123,3.0680,117.891,-3.953,-0.860,59.560,0.0513,-0.0288,1.0020,
51.990,IMU,90.0004,131.1519,110.5762,2.8123,3.0680,117.891,-3.936,-0.866,59.505,0.0513,-0.0122,0.9565,
51.997,ENC,90.0583,131.2133,110.6358,2.8975,3.0680,117.900,-3.936,-0.866,59.505,0.0513,-0.0122,0.9565,
52.011,IMU,90.0583,131.2133,110.6358,2.8975,3.0680,117.900,-3.920,-0.912,59.482,0.0479,-0.0356,0.9746,
52.018,ENC,90.1197,131.2781,110.6989,3.0680,3.2384,117.910,-3.920,-0.912,59.482,0.0479,-0.0356,0.9746,
52.030,IMU,90.1197,131.2781,110.6989,3.0680,3.2384,117.910,-3.928,-0.889,59.464,0.0708,0.0000,0.9761,
52.038,ENC,90.1810,131.3497,110.7653,3.0680,3.5793,117.939,-3.928,-0.889,59.464,0.0708,0.0000,0.9761,
52.052,IMU,90.1810,131.3497,110.7653,3.0680,3.5793,117.939,-3.865,-0.886,59.440,0.0576,-0.0024,0.9922,
52.058,ENC,90.2458,131.4008,110.8233,3.2384,2.5566,117.900,-3.865,-0.886,59.440,0.0576,-0.0024,0.9922,
52.074,IMU,90.2458,131.4008,110.8233,3.2384,2.5566,117.900,-3.888,-0.883,59.492,0.0645,-0.0474,1.0229,
52.078,ENC,90.3208,131.4656,110.8932,3.7497,3.2384,117.871,-3.888,-0.883,59.492,0.0645,-0.0474,1.0229,
52.090,IMU,90.3208,131.4656,110.8932,3.7497,3.2384,117.871,-3.841,-0.813,59.513,0.0581,0.0034,0.9370,
52.098,ENC,90.3924,131.5371,110.9648,3.5793,3.5793,117.871,-3.841,-0.813,59.513,0.0581,0.0034,0.9370,
52.111,IMU,90.3924,131.5371,110.9648,3.5793,3.5793,117.871,-3.857,-0.851,59.490,0.1060,-0.0322,0.9868,
52.118,ENC,90.4691,131.6104,111.0398,3.8350,3.6645,117.861,-3.857,-0.851,59.490,0.1060,-0.0322,0.9868,
52.131,IMU,90.4691,131.6104,111.0398,3.8350,3.6645,117.861,-3.845,-0.831,59.530,0.0552,0.0210,0.9956,
52.137,ENC,90.5407,131.6803,111.1105,3.5793,3.4941,117.856,-3.845,-0.831,59.530,0.0552,0.0210,0.9956,
52.150,IMU,90.5407,131.6803,111.1105,3.5793,3.4941,117.856,-3.889,-0.797,59.494,0.1118,-0.0146,0.9678,
52.157,ENC,90.6122,131.7502,111.1812,3.5793,3.4941,117.852,-3.889,-0.797,59.494,0.1118,-0.0146,0.9678,
52.170,IMU,90.6122,131.7502,111.1812,3.5793,3.4941,117.852,-3.857,-0.726,59.446,0.0312,0.0269,0.9556,
52.177,ENC,90.6804,131.8116,111.2460,3.4088,3.0680,117.832,-3.857,-0.726,59.446,0.0312,0.0269,0.9556,
52.191,IMU,90.6804,131.8116,111.2460,3.4088,3.0680,117.832,-3.935,-0.710,59.432,0.0884,-0.0249,0.9966,
52.198,ENC,90.7554,131.8746,111.3150,3.7497,3.1532,117.798,-3.935,-0.710,59.432,0.0884,-0.0249,0.9966,
52.211,IMU,90.7554,131.8746,111.3150,3.7497,3.1532,117.798,-3.917,-0.716,59.388,0.0752,-0.0073,0.9932,
52.218,ENC,90.8304,131.9428,111.3866,3.7497,3.4088,117.778,-3.917,-0.716,59.388,0.0752,-0.0073,0.9932,
52.231,IMU,90.8304,131.9428,111.3866,3.7497,3.4088,117.778,-3.884,-0.703,59.415,-0.0166,-0.0112,1.0107,
52.238,ENC,90.9054,132.0025,111.4539,3.7497,2.9827,117.734,-3.884,-0.703,59.415,-0.0166,-0.0112,1.0107,
52.251,IMU,90.9054,132.0025,111.4539,3.7497,2.9827,117.734,-3.932,-0.715,59.363,0.0762,0.0288,0.9771,
52.258,ENC,90.9787,132.0638,111.5213,3.6645,3.0680,117.700,-3.932,-0.715,59.363,0.0762,0.0288,0.9771,
52.271,IMU,90.9787,132.0638,111.5213,3.6645,3.0680,117.700,-3.914,-0.732,59.361,0.0381,-0.0410,1.0171,
52.278,ENC,91.0503,132.1337,111.5920,3.5793,3.4941,117.695,-3.914,-0.732,59.361,0.0381,-0.0410,1.0171,
52.293,IMU,91.0503,132.1337,111.5920,3.5793,3.4941,117.695,-3.925,-0.806,59.354,0.0894,-0.0396,1.0317,
52.298,ENC,91.1185,132.2019,111.6602,3.4088,3.4088,117.695,-3.925,-0.806,59.354,0.0894,-0.0396,1.0317,
52.310,IMU,91.1185,132.2019,111.6602,3.4088,3.4088,117.695,-3.892,-0.792,59.370,0.0347,-0.0161,1.0015,
52.317,ENC,91.1917,132.2718,111.7318,3.6645,3.4941,117.686,-3.892,-0.792,59.370,0.0347,-0.0161,1.0015,
52.332,IMU,91.1917,132.2718,111.7318,3.6645,3.4941,117.686,-3.886,-0.877,59.326,0.0498,-0.0469,1.0020,
52.338,ENC,91.2684,132.3416,111.8050,3.8350,3.4941,117.666,-3.886,-0.877,59.326,0.0498,-0.0469,1.0020,
52.350,IMU,91.2684,132.3416,111.8050,3.8350,3.4941,117.666,-3.841,-0.942,59.324,0.0469,-0.0649,1.0039,
52.357,ENC,91.3503,132.4081,111.8792,4.0906,3.3236,117.622,-3.841,-0.942,59.324,0.0469,-0.0649,1.0039,
52.371,IMU,91.3503,132.4081,111.8792,4.0906,3.3236,117.622,-3.874,-1.026,59.342,0.0723,-0.0610,1.0151,
52.377,ENC,91.4321,132.4729,111.9525,4.0906,3.2384,117.573,-3.874,-1.026,59.342,0.0723,-0.0610,1.0151,
52.391,IMU,91.4321,132.4729,111.9525,4.0906,3.2384,117.573,-3.878,-1.005,59.349,0.0674,-0.0210,1.0259,
52.398,ENC,91.5139,132.5411,112.0275,4.0906,3.4088,117.534,-3.878,-1.005,59.349,0.0674,-0.0210,1.0259,
52.411,IMU,91.5139,132.5411,112.0275,4.0906,3.4088,117.534,-3.841,-1.056,59.333,0.0620,-0.0303,0.9370,
52.417,ENC,91.5974,132.6160,112.1067,4.1758,3.7497,117.510,-3.841,-1.056,59.333,0.0620,-0.0303,0.9370,
52.434,IMU,91.5974,132.6160,112.1067,4.1758,3.7497,117.510,-3.815,-1.051,59.320,0.0312,-0.0249,1.0029,
52.437,ENC,91.6792,132.6910,112.1851,4.0906,3.7497,117.490,-3.815,-1.051,59.320,0.0312,-0.0249,1.0029,
52.451,IMU,91.6792,132.6910,112.1851,4.0906,3.7497,117.490,-3.765,-1.071,59.280,0.0195,-0.0059,1.0073,
52.461,ENC,91.7610,132.7660,112.2635,4.0906,3.7497,117.471,-3.765,-1.071,59.280,0.0195,-0.0059,1.0073,
52.471,IMU,91.7610,132.7660,112.2635,4.0906,3.7497,117.471,-3.709,-1.047,59.272,0.0469,-0.0264,0.9912,
52.477,ENC,91.8394,132.8427,112.3411,3.9202,3.8350,117.466,-3.709,-1.047,59.272,0.0469,-0.0264,0.9912,
52.491,IMU,91.8394,132.8427,112.3411,3.9202,3.8350,117.466,-3.764,-0.999,59.189,0.1025,-0.0059,0.9814,
52.497,ENC,91.9247,132.9263,112.4255,4.2611,4.1758,117.461,-3.764,-0.999,59.189,0.1025,-0.0059,0.9814,
52.510,IMU,91.9247,132.9263,112.4255,4.2611,4.1758,117.461,-3.712,-1.033,59.146,0.0171,-0.0503,1.0049,
52.518,ENC,92.0065,133.0132,112.5098,4.0906,4.3463,117.476,-3.712,-1.033,59.146,0.0171,-0.0503,1.0049,
52.531,IMU,92.0065,133.0132,112.5098,4.0906,4.3463,117.476,-3.755,-1.078,59.188,0.0938,-0.0430,0.9814,
52.537,ENC,92.0832,133.0984,112.5908,3.8350,4.2611,117.500,-3.755,-1.078,59.188,0.0938,-0.0430,0.9814,
52.551,IMU,92.0832,133.0984,112.5908,3.8350,4.2611,117.500,-3.814,-1.115,59.204,0.1323,-0.0381,1.0605,
52.558,ENC,92.1599,133.1836,112.6717,3.8350,4.2611,117.524,-3.814,-1.115,59.204,0.1323,-0.0381,1.0605,
52.574,IMU,92.1599,133.1836,112.6717,3.8350,4.2611,117.524,-3.736,-1.125,59.212,0.0117,-0.0425,0.9419,
52.578,ENC,92.2383,133.2723,112.7553,3.9202,4.4315,117.554,-3.736,-1.125,59.212,0.0117,-0.0425,0.9419,
52.591,IMU,92.2383,133.2723,112.7553,3.9202,4.4315,117.554,-3.803,-1.103,59.253,0.0762,0.0117,0.9692,
52.597,ENC,92.3184,133.3592,112.8388,4.0054,4.3463,117.573,-3.803,-1.103,59.253,0.0762,0.0117,0.9692,
52.612,IMU,92.3184,133.3592,112.8388,4.0054,4.3463,117.573,-3.832,-1.128,59.254,0.0542,-0.0171,1.0562,
52.621,ENC,92.3968,133.4478,112.9223,3.9202,4.4315,117.603,-3.832,-1.128,59.254,0.0542,-0.0171,1.0562,
52.631,IMU,92.3968,133.4478,112.9223,3.9202,4.4315,117.603,-3.859,-0.993,59.310,0.0996,0.0522,0.9443,
52.637,ENC,92.4752,133.5296,113.0024,3.9202,4.0906,117.612,-3.859,-0.993,59.310,0.0996,0.0522,0.9443,
52.651,IMU,92.4752,133.5296,113.0024,3.9202,4.0906,117.612,-3.866,-0.972,59.325,0.0889,-0.0171,0.9878,
52.661,ENC,92.5536,133.6165,113.0851,3.9202,4.3463,117.637,-3.866,-0.972,59.325,0.0889,-0.0171,0.9878,
52.671,IMU,92.5536,133.6165,113.0851,3.9202,4.3463,117.637,-3.926,-0.952,59.304,0.1138,-0.0264,0.9551,
52.678,ENC,92.6337,133.7052,113.1694,4.0054,4.4315,117.661,-3.926,-0.952,59.304,0.1138,-0.0264,0.9551,
52.690,IMU,92.6337,133.7052,113.1694,4.0054,4.4315,117.661,-3.925,-1.001,59.313,0.0518,-0.0527,1.0093,
52.698,ENC,92.7121,133.7887,113.2504,3.9202,4.1758,117.676,-3.925,-1.001,59.313,0.0518,-0.0527,1.0093,
52.710,IMU,92.7121,133.7887,113.2504,3.9202,4.1758,117.676,-3.965,-1.016,59.318,0.0591,-0.0405,1.0229,
52.717,ENC,92.7956,133.8739,113.3348,4.1758,4.2611,117.681,-3.965,-1.016,59.318,0.0591,-0.0405,1.0229,
52.731,IMU,92.7956,133.8739,113.3348,4.1758,4.2611,117.681,-3.971,-0.990,59.323,0.0122,-0.0210,0.9775,
52.745,ENC,92.8808,133.9677,113.4242,4.2611,4.6872,117.705,-3.971,-0.990,59.323,0.0122,-0.0210,0.9775,
52.750,IMU,92.8808,133.9677,113.4242,4.2611,4.6872,117.705,-3.952,-0.994,59.298,0.0425,-0.0361,1.0083,
52.757,ENC,92.9626,134.0563,113.5095,4.0906,4.4315,117.725,-3.952,-0.994,59.298,0.0425,-0.0361,1.0083,
52.771,IMU,92.9626,134.0563,113.5095,4.0906,4.4315,117.725,-3.962,-0.967,59.297,0.0659,-0.0010,1.0049,
52.778,ENC,93.0547,134.1432,113.5989,4.6019,4.3463,117.710,-3.962,-0.967,59.297,0.0659,-0.0010,1.0049,
52.791,IMU,93.0547,134.1432,113.5989,4.6019,4.3463,117.710,-3.988,-0.966,59.380,0.0747,-0.0415,1.0005,
52.798,ENC,93.1501,134.2301,113.6901,4.7724,4.3463,117.686,-3.988,-0.966,59.380,0.0747,-0.0415,1.0005,
52.811,IMU,93.1501,134.2301,113.6901,4.7724,4.3463,117.686,-4.016,-0.951,59.357,0.0825,-0.0103,1.0205,
52.817,ENC,93.2388,134.3205,113.7796,4.4315,4.5167,117.690,-4.016,-0.951,59.357,0.0825,-0.0103,1.0205,
52.830,IMU,93.2388,134.3205,113.7796,4.4315,4.5167,117.690,-4.080,-0.913,59.383,0.1064,0.0034,0.9395,
52.838,ENC,93.3308,134.4125,113.8717,4.6019,4.6019,117.690,-4.080,-0.913,59.383,0.1064,0.0034,0.9395,
52.851,IMU,93.3308,134.4125,113.8717,4.6019,4.6019,117.690,-4.029,-0.790,59.405,0.0381,0.0581,0.9214,
52.859,ENC,93.4297,134.5114,113.9705,4.9428,4.9428,117.690,-4.029,-0.790,59.405,0.0381,0.0581,0.9214,
52.873,IMU,93.4297,134.5114,113.9705,4.9428,4.9428,117.690,-3.971,-0.845,59.361,0.0405,-0.0249,0.9941,
52.879,ENC,93.5234,134.6119,114.0677,4.6872,5.0280,117.710,-3.971,-0.845,59.361,0.0405,-0.0249,0.9941,
52.890,IMU,93.5234,134.6119,114.0677,4.6872,5.0280,117.710,-3.900,-0.791,59.346,0.0464,-0.0264,0.9541,
52.898,ENC,93.6188,134.7108,114.1648,4.7724,4.9428,117.720,-3.900,-0.791,59.346,0.0464,-0.0264,0.9541,
52.911,IMU,93.6188,134.7108,114.1648,4.7724,4.9428,117.720,-3.894,-0.882,59.353,0.0757,-0.0986,0.9893,
52.918,ENC,93.7160,134.7926,114.2543,4.8576,4.0906,117.676,-3.894,-0.882,59.353,0.0757,-0.0986,0.9893,
52.931,IMU,93.7160,134.7926,114.2543,4.8576,4.0906,117.676,-3.818,-0.939,59.377,0.0020,-0.0420,0.9849,
52.937,ENC,93.8132,134.8966,114.3549,4.8576,5.1985,117.695,-3.818,-0.939,59.377,0.0020,-0.0420,0.9849,
52.954,IMU,93.8132,134.8966,114.3549,4.8576,5.1985,117.695,-3.730,-0.845,59.441,-0.0073,0.0215,0.9292,
52.958,ENC,93.9069,135.0005,114.4537,4.6872,5.1985,117.725,-3.730,-0.845,59.441,-0.0073,0.0215,0.9292,
52.978,IMU,93.9069,135.0005,114.4537,4.6872,5.1985,117.725,-3.767,-0.894,59.433,0.1050,-0.0474,0.9849,
52.980,ENC,94.0075,135.0892,114.5483,5.0280,4.4315,117.690,-3.767,-0.894,59.433,0.1050,-0.0474,0.9849,
52.991,IMU,94.0075,135.0892,114.5483,5.0280,4.4315,117.690,-3.786,-0.866,59.441,0.0854,0.0000,0.9741,
52.997,ENC,94.0995,135.1863,114.6429,4.6019,4.8576,117.705,-3.786,-0.866,59.441,0.0854,0.0000,0.9741,
53.011,IMU,94.0995,135.1863,114.6429,4.6019,4.8576,117.705,-3.795,-0.853,59.480,0.0269,-0.0356,1.0283,
53.017,ENC,94.1932,135.2852,114.7392,4.6872,4.9428,117.720,-3.795,-0.853,59.480,0.0269,-0.0356,1.0283,
53.031,IMU,94.1932,135.2852,114.7392,4.6872,4.9428,117.720,-3.757,-0.814,59.470,0.0425,-0.0371,0.9194,
53.038,ENC,94.2887,135.3806,114.8347,4.7724,4.7724,117.720,-3.757,-0.814,59.470,0.0425,-0.0371,0.9194,
53.051,IMU,94.2887,135.3806,114.8347,4.7724,4.7724,117.720,-3.724,-0.808,59.490,0.0728,-0.0088,0.9580,
53.057,ENC,94.3790,135.4693,114.9241,4.5167,4.4315,117.715,-3.724,-0.808,59.490,0.0728,-0.0088,0.9580,
53.071,IMU,94.3790,135.4693,114.9241,4.5167,4.4315,117.715,-3.650,-0.789,59.467,0.0151,-0.0220,0.9980,
53.077,ENC,94.4796,135.5749,115.0273,5.0280,5.2837,117.729,-3.650,-0.789,59.467,0.0151,-0.0220,0.9980,
53.090,IMU,94.4796,135.5749,115.0273,5.0280,5.2837,117.729,-3.645,-0.825,59.465,0.0752,-0.0474,1.0264,
53.098,ENC,94.5750,135.6619,115.1184,4.7724,4.3463,117.705,-3.645,-0.825,59.465,0.0752,-0.0474,1.0264,
53.110,IMU,94.5750,135.6619,115.1184,4.7724,4.3463,117.705,-3.655,-0.837,59.572,0.0322,-0.0552,1.0352,
53.117,ENC,94.6688,135.7522,115.2105,4.6872,4.5167,117.695,-3.655,-0.837,59.572,0.0322,-0.0552,1.0352,
53.130,IMU,94.6688,135.7522,115.2105,4.6872,4.5167,117.695,-3.627,-0.776,59.585,0.0488,-0.0073,0.9424,
53.138,ENC,94.7625,135.8527,115.3076,4.6872,5.0280,117.715,-3.627,-0.776,59.585,0.0488,-0.0073,0.9424,
53.152,IMU,94.7625,135.8527,115.3076,4.6872,5.0280,117.715,-3.675,-0.701,59.638,0.1123,0.0249,1.0039,
53.158,ENC,94.8563,135.9533,115.4048,4.6872,5.0280,117.734,-3.675,-0.701,59.638,0.1123,0.0249,1.0039,
53.171,IMU,94.8563,135.9533,115.4048,4.6872,5.0280,117.734,-3.705,-0.667,59.633,0.0264,-0.0249,1.0327,
53.177,ENC,94.9466,136.0419,115.4943,4.5167,4.4315,117.729,-3.705,-0.667,59.633,0.0264,-0.0249,1.0327,
53.191,IMU,94.9466,136.0419,115.4943,4.5167,4.4315,117.729,-3.649,-0.673,59.634,0.0640,0.0288,1.0063,
53.198,ENC,95.0420,136.1459,115.5940,4.7724,5.1985,117.754,-3.649,-0.673,59.634,0.0640,0.0288,1.0063,
53.210,IMU,95.0420,136.1459,115.5940,4.7724,5.1985,117.754,-3.612,-0.653,59.605,0.0605,-0.0024,1.0034,
53.218,ENC,95.1375,136.2431,115.6903,4.7724,4.8576,117.759,-3.612,-0.653,59.605,0.0605,-0.0024,1.0034,
53.231,IMU,95.1375,136.2431,115.6903,4.7724,4.8576,117.759,-3.627,-0.631,59.674,0.1113,-0.0161,0.9819,
53.237,ENC,95.2261,136.3334,115.7798,4.4315,4.5167,117.764,-3.627,-0.631,59.674,0.1113,-0.0161,0.9819,
53.253,IMU,95.2261,136.3334,115.7798,4.4315,4.5167,117.764,-3.618,-0.630,59.680,0.0581,-0.0059,0.9956,
53.258,ENC,95.3079,136.4305,115.8692,4.0906,4.8576,117.808,-3.618,-0.630,59.680,0.0581,-0.0059,0.9956,
53.270,IMU,95.3079,136.4305,115.8692,4.0906,4.8576,117.808,-3.688,-0.564,59.699,0.1079,-0.0054,1.0107,
53.281,ENC,95.3829,136.5243,115.9536,3.7497,4.6872,117.861,-3.688,-0.564,59.699,0.1079,-0.0054,1.0107,
53.291,IMU,95.3829,136.5243,115.9536,3.7497,4.6872,117.861,-3.681,-0.526,59.706,0.0527,0.0020,0.9546,
53.298,ENC,95.4699,136.6163,116.0431,4.3463,4.6019,117.876,-3.681,-0.526,59.706,0.0527,0.0020,0.9546,
53.310,IMU,95.4699,136.6163,116.0431,4.3463,4.6019,117.876,-3.688,-0.464,59.693,0.0596,0.0005,0.9980,
53.318,ENC,95.5568,136.7118,116.1343,4.3463,4.7724,117.900,-3.688,-0.464,59.693,0.0596,0.0005,0.9980,
53.330,IMU,95.5568,136.7118,116.1343,4.3463,4.7724,117.900,-3.769,-0.426,59.689,0.1323,0.0093,0.9521,
53.337,ENC,95.6386,136.8072,116.2229,4.0906,4.7724,117.939,-3.769,-0.426,59.689,0.1323,0.0093,0.9521,
53.351,IMU,95.6386,136.8072,116.2229,4.0906,4.7724,117.939,-3.821,-0.403,59.709,0.0825,-0.0215,1.0181,
53.358,ENC,95.7238,136.9044,116.3141,4.2611,4.8576,117.974,-3.821,-0.403,59.709,0.0825,-0.0215,1.0181,
53.373,IMU,95.7238,136.9044,116.3141,4.2611,4.8576,117.974,-3.828,-0.437,59.716,0.0718,-0.0371,1.0200,
53.378,ENC,95.7988,136.9981,116.3985,3.7497,4.6872,118.027,-3.828,-0.437,59.716,0.0718,-0.0371,1.0200,
53.391,IMU,95.7988,136.9981,116.3985,3.7497,4.6872,118.027,-3.822,-0.444,59.718,0.0640,-0.0181,1.0093,
53.397,ENC,95.8738,137.0850,116.4794,3.7497,4.3463,118.062,-3.822,-0.444,59.718,0.0640,-0.0181,1.0093,
53.411,IMU,95.8738,137.0850,116.4794,3.7497,4.3463,118.062,-3.841,-0.415,59.667,0.0928,-0.0210,0.9634,
53.417,ENC,95.9539,137.1822,116.5681,4.0054,4.8576,118.110,-3.841,-0.415,59.667,0.0928,-0.0210,0.9634,
53.430,IMU,95.9539,137.1822,116.5681,4.0054,4.8576,118.110,-3.754,-0.365,59.667,-0.0020,0.0093,0.9976,
53.438,ENC,96.0340,137.2759,116.6550,4.0054,4.6872,118.149,-3.754,-0.365,59.667,-0.0020,0.0093,0.9976,
53.450,IMU,96.0340,137.2759,116.6550,4.0054,4.6872,118.149,-3.715,-0.331,59.675,0.0078,0.0073,1.0059,
53.458,ENC,96.1141,137.3663,116.7402,4.0054,4.5167,118.179,-3.715,-0.331,59.675,0.0078,0.0073,1.0059,
53.471,IMU,96.1141,137.3663,116.7402,4.0054,4.5167,118.179,-3.651,-0.323,59.600,-0.0015,-0.0342,1.0435,
53.478,ENC,96.2010,137.4651,116.8331,4.3463,4.9428,118.213,-3.651,-0.323,59.600,-0.0015,-0.0342,1.0435,
53.490,IMU,96.2010,137.4651,116.8331,4.3463,4.9428,118.213,-3.619,-0.352,59.592,0.0522,-0.0195,1.0122,
53.498,ENC,96.2846,137.5555,116.9200,4.1758,4.5167,118.232,-3.619,-0.352,59.592,0.0522,-0.0195,1.0122,
53.510,IMU,96.2846,137.5555,116.9200,4.1758,4.5167,118.232,-3.643,-0.428,59.582,0.0796,-0.0542,0.9316,
53.518,ENC,96.3664,137.6475,117.0069,4.0906,4.6019,118.262,-3.643,-0.428,59.582,0.0796,-0.0542,0.9316,
53.530,IMU,96.3664,137.6475,117.0069,4.0906,4.6019,118.262,-3.553,-0.402,59.545,-0.0098,0.0039,0.9668,
53.537,ENC,96.4550,137.7412,117.0981,4.4315,4.6872,118.276,-3.553,-0.402,59.545,-0.0098,0.0039,0.9668,
53.550,IMU,96.4550,137.7412,117.0981,4.4315,4.6872,118.276,-3.553,-0.447,59.595,0.0532,-0.0317,0.9980,
53.560,ENC,96.5419,137.8401,117.1910,4.3463,4.9428,118.311,-3.553,-0.447,59.595,0.0532,-0.0317,0.9980,
53.571,IMU,96.5419,137.8401,117.1910,4.3463,4.9428,118.311,-3.536,-0.506,59.597,0.0181,-0.0386,0.9829,
53.577,ENC,96.6254,137.9287,117.2771,4.1758,4.4315,118.325,-3.536,-0.506,59.597,0.0181,-0.0386,0.9829,
53.591,IMU,96.6254,137.9287,117.2771,4.1758,4.4315,118.325,-3.477,-0.518,59.600,0.0259,-0.0415,1.0161,
53.597,ENC,96.7124,138.0225,117.3674,4.3463,4.6872,118.345,-3.477,-0.518,59.600,0.0259,-0.0415,1.0161,
53.610,IMU,96.7124,138.0225,117.3674,4.3463,4.6872,118.345,-3.433,-0.528,59.607,0.0625,-0.0049,1.0220,
53.618,ENC,96.7959,138.1179,117.4569,4.1758,4.7724,118.379,-3.433,-0.528,59.607,0.0625,-0.0049,1.0220,
53.631,IMU,96.7959,138.1179,117.4569,4.1758,4.7724,118.379,-3.518,-0.513,59.566,0.1099,0.0161,0.9819,
53.638,ENC,96.8862,138.2083,117.5472,4.5167,4.5167,118.379,-3.518,-0.513,59.566,0.1099,0.0161,0.9819,
53.653,IMU,96.8862,138.2083,117.5472,4.5167,4.5167,118.379,-3.500,-0.463,59.599,0.0571,0.0220,1.0127,
53.658,ENC,96.9766,138.3037,117.6401,4.5167,4.7724,118.394,-3.500,-0.463,59.599,0.0571,0.0220,1.0127,
53.671,IMU,96.9766,138.3037,117.6401,4.5167,4.7724,118.394,-3.471,-0.464,59.538,0.0586,-0.0366,0.9585,
53.678,ENC,97.0856,138.4026,117.7441,5.4542,4.9428,118.364,-3.471,-0.464,59.538,0.0586,-0.0366,0.9585,
53.691,IMU,97.0856,138.4026,117.7441,5.4542,4.9428,118.364,-3.513,-0.488,59.564,0.0688,-0.0093,1.0723,
53.698,ENC,97.1862,138.5014,117.8438,5.0280,4.9428,118.359,-3.513,-0.488,59.564,0.0688,-0.0093,1.0723,
53.712,IMU,97.1862,138.5014,117.8438,5.0280,4.9428,118.359,-3.447,-0.477,59.571,-0.0176,-0.0176,0.9712,
53.717,ENC,97.2731,138.6020,117.9376,4.3463,5.0280,118.398,-3.447,-0.477,59.571,-0.0176,-0.0176,0.9712,
53.730,IMU,97.2731,138.6020,117.9376,4.3463,5.0280,118.398,-3.445,-0.462,59.582,0.0405,-0.0112,0.9946,
53.738,ENC,97.3584,138.6974,118.0279,4.2611,4.7724,118.428,-3.445,-0.462,59.582,0.0405,-0.0112,0.9946,
53.750,IMU,97.3584,138.6974,118.0279,4.2611,4.7724,118.428,-3.447,-0.404,59.582,0.0698,0.0205,0.9395,
53.757,ENC,97.4402,138.7792,118.1097,4.0906,4.0906,118.428,-3.447,-0.404,59.582,0.0698,0.0205,0.9395,
53.771,IMU,97.4402,138.7792,118.1097,4.0906,4.0906,118.428,-3.500,-0.459,59.577,0.0649,-0.0220,0.9810,
53.778,ENC,97.5271,138.8474,118.1873,4.3463,3.4088,118.374,-3.500,-0.459,59.577,0.0649,-0.0220,0.9810,
53.792,IMU,97.5271,138.8474,118.1873,4.3463,3.4088,118.374,-3.514,-0.410,59.604,0.0239,0.0269,1.0439,
53.798,ENC,97.6089,138.9292,118.2691,4.0906,4.0906,118.374,-3.514,-0.410,59.604,0.0239,0.0269,1.0439,
53.811,IMU,97.6089,138.9292,118.2691,4.0906,4.0906,118.374,-3.530,-0.372,59.604,0.0620,0.0308,1.0137,
53.818,ENC,97.6856,139.0230,118.3543,3.8350,4.6872,118.423,-3.530,-0.372,59.604,0.0620,0.0308,1.0137,
53.831,IMU,97.6856,139.0230,118.3543,3.8350,4.6872,118.423,-3.594,-0.347,59.603,0.1221,0.0239,0.9722,
53.838,ENC,97.7555,139.1048,118.4301,3.4941,4.0906,118.457,-3.594,-0.347,59.603,0.1221,0.0239,0.9722,
53.851,IMU,97.7555,139.1048,118.4301,3.4941,4.0906,118.457,-3.636,-0.257,59.640,0.1084,0.0459,0.9858,
53.858,ENC,97.8305,139.1764,118.5034,3.7497,3.5793,118.447,-3.636,-0.257,59.640,0.1084,0.0459,0.9858,
53.870,IMU,97.8305,139.1764,118.5034,3.7497,3.5793,118.447,-3.647,-0.195,59.621,0.0659,0.0386,0.9736,
53.878,ENC,97.8952,139.2411,118.5682,3.2384,3.2384,118.447,-3.647,-0.195,59.621,0.0659,0.0386,0.9736,
53.891,IMU,97.8952,139.2411,118.5682,3.2384,3.2384,118.447,-3.618,-0.168,59.629,0.0435,0.0542,0.9868,
53.898,ENC,97.9566,139.3059,118.6313,3.0680,3.2384,118.457,-3.618,-0.168,59.629,0.0435,0.0542,0.9868,
53.910,IMU,97.9566,139.3059,118.6313,3.0680,3.2384,118.457,-3.616,-0.106,59.669,0.0698,0.0151,0.9834,
53.918,ENC,98.0129,139.3656,118.6892,2.8123,2.9827,118.467,-3.616,-0.106,59.669,0.0698,0.0151,0.9834,
53.930,IMU,98.0129,139.3656,118.6892,2.8123,2.9827,118.467,-3.642,-0.053,59.713,0.0752,0.0366,0.9961,
53.937,ENC,98.0640,139.4167,118.7403,2.5566,2.5566,118.467,-3.642,-0.053,59.713,0.0752,0.0366,0.9961,
53.953,IMU,98.0640,139.4167,118.7403,2.5566,2.5566,118.467,-3.577,0.077,59.706,0.0249,0.1123,0.9272,
53.960,ENC,98.1066,139.4610,118.7838,2.1305,2.2158,118.472,-3.577,0.077,59.706,0.0249,0.1123,0.9272,
53.971,IMU,98.1066,139.4610,118.7838,2.1305,2.2158,118.472,-3.638,0.190,59.719,0.0557,0.0698,1.0205,
53.979,ENC,98.1458,139.5002,118.8230,1.9601,1.9601,118.472,-3.638,0.190,59.719,0.0557,0.0698,1.0205,
53.990,IMU,98.1458,139.5002,118.8230,1.9601,1.9601,118.472,-3.613,0.275,59.646,0.0664,0.0801,1.0293,
53.999,ENC,98.1680,139.5241,118.8460,1.1079,1.1931,118.477,-3.613,0.275,59.646,0.0664,0.0801,1.0293,
54.012,IMU,98.1680,139.5241,118.8460,1.1079,1.1931,118.477,-3.611,0.379,59.613,0.0659,0.0806,0.9590,
54.018,ENC,98.1782,139.5292,118.8537,0.5113,0.2557,118.462,-3.611,0.379,59.613,0.0659,0.0806,0.9590,
54.031,IMU,98.1782,139.5292,118.8537,0.5113,0.2557,118.462,-3.567,0.433,59.643,0.0571,0.0796,1.0054,
54.038,ENC,98.1799,139.5241,118.8520,0.0852,-0.2557,118.442,-3.567,0.433,59.643,0.0571,0.0796,1.0054,
54.051,IMU,98.1799,139.5241,118.8520,0.0852,-0.2557,118.442,-3.550,0.433,59.642,0.0615,0.0342,0.9819,
54.057,ENC,98.1731,139.5121,118.8426,-0.3409,-0.5965,118.428,-3.550,0.433,59.642,0.0615,0.0342,0.9819,
54.072,IMU,98.1731,139.5121,118.8426,-0.3409,-0.5965,118.428,-3.507,0.403,59.678,0.0732,-0.0005,1.0088,
54.077,ENC,98.1611,139.4951,118.8281,-0.5965,-0.8522,118.413,-3.507,0.403,59.678,0.0732,-0.0005,1.0088,
54.099,ENC,98.1407,139.4746,118.8077,-1.0227,-1.0227,118.413,-3.507,0.403,59.678,0.0732,-0.0005,1.0088,
54.111,IMU,98.1407,139.4746,118.8077,-1.0227,-1.0227,118.413,-3.542,0.405,59.616,0.0645,-0.0171,0.9897,
54.118,ENC,98.1236,139.4542,118.7889,-0.8522,-1.0227,118.403,-3.542,0.405,59.616,0.0645,-0.0171,0.9897,
54.131,IMU,98.1236,139.4542,118.7889,-0.8522,-1.0227,118.403,-3.557,0.320,59.565,0.0518,-0.0371,0.9868,
54.138,ENC,98.1066,139.4440,118.7753,-0.8522,-0.5113,118.423,-3.557,0.320,59.565,0.0518,-0.0371,0.9868,
54.150,IMU,98.1066,139.4440,118.7753,-0.8522,-0.5113,118.423,-3.518,0.318,59.658,0.0850,-0.0542,0.9985,
54.157,ENC,98.0964,139.4389,118.7676,-0.5113,-0.2557,118.438,-3.518,0.318,59.658,0.0850,-0.0542,0.9985,
54.171,IMU,98.0964,139.4389,118.7676,-0.5113,-0.2557,118.438,-3.482,0.251,59.661,0.0654,-0.0405,0.9980,
54.177,ENC,98.0930,139.4371,118.7651,-0.1704,-0.0852,118.442,-3.482,0.251,59.661,0.0654,-0.0405,0.9980,
54.204,ENC,98.0947,139.4389,118.7668,0.0852,0.0852,118.442,-3.482,0.251,59.661,0.0654,-0.0405,0.9980,
54.210,IMU,98.0947,139.4389,118.7668,0.0852,0.0852,118.442,-3.517,0.205,59.649,0.0547,0.0000,0.9941,
54.219,ENC,98.0998,139.4423,118.7710,0.2557,0.1704,118.438,-3.517,0.205,59.649,0.0547,0.0000,0.9941,
54.230,IMU,98.0998,139.4423,118.7710,0.2557,0.1704,118.438,-3.531,0.185,59.651,0.0640,-0.0044,0.9941,
54.238,ENC,98.1083,139.4474,118.7778,0.4261,0.2557,118.428,-3.531,0.185,59.651,0.0640,-0.0044,0.9941,
54.250,IMU,98.1083,139.4474,118.7778,0.4261,0.2557,118.428,-3.564,0.179,59.674,0.0620,-0.0103,0.9888,
54.258,ENC,98.1168,139.4508,118.7838,0.4261,0.1704,118.413,-3.564,0.179,59.674,0.0620,-0.0103,0.9888,
54.278,ENC,98.1219,139.4542,118.7881,0.2557,0.1704,118.408,-3.564,0.179,59.674,0.0620,-0.0103,0.9888,
54.297,ENC,98.1270,139.4576,118.7923,0.2557,0.1704,118.403,-3.564,0.179,59.674,0.0620,-0.0103,0.9888,
54.310,IMU,98.1270,139.4576,118.7923,0.2557,0.1704,118.403,-3.533,0.272,59.689,0.0649,0.0010,0.9971,
54.318,ENC,98.1288,139.4593,118.7940,0.0852,0.0852,118.403,-3.533,0.272,59.689,0.0649,0.0010,0.9971,
54.331,IMU,98.1288,139.4593,118.7940,0.0852,0.0852,118.403,-3.553,0.226,59.608,0.0635,-0.0088,0.9922,
54.342,ENC,98.1288,139.4593,118.7940,0.0000,0.0000,118.403,-3.553,0.226,59.608,0.0635,-0.0088,0.9922,
54.351,IMU,98.1288,139.4593,118.7940,0.0000,0.0000,118.403,-3.575,0.223,59.553,0.0645,-0.0068,0.9937,
54.358,ENC,98.1270,139.4576,118.7923,-0.0852,-0.0852,118.403,-3.575,0.223,59.553,0.0645,-0.0068,0.9937,
54.371,IMU,98.1270,139.4576,118.7923,-0.0852,-0.0852,118.403,-3.577,0.213,59.553,0.0586,-0.0137,1.0034,
54.379,ENC,98.1270,139.4576,118.7923,0.0000,0.0000,118.403,-3.577,0.213,59.553,0.0586,-0.0137,1.0034,
54.391,IMU,98.1270,139.4576,118.7923,0.0000,0.0000,118.403,-3.543,0.140,59.507,0.0605,-0.0225,0.9893,
54.397,ENC,98.1253,139.4576,118.7915,-0.0852,0.0000,118.408,-3.543,0.140,59.507,0.0605,-0.0225,0.9893,
54.411,IMU,98.1253,139.4576,118.7915,-0.0852,0.0000,118.408,-3.508,0.111,59.481,0.0576,-0.0107,0.9917,
54.417,ENC,98.1253,139.4576,118.7915,0.0000,0.0000,118.408,-3.508,0.111,59.481,0.0576,-0.0107,0.9917,
54.431,IMU,98.1253,139.4576,118.7915,0.0000,0.0000,118.408,-3.468,0.082,59.471,0.0513,-0.0156,0.9995,
54.438,ENC,98.1253,139.4576,118.7915,0.0000,0.0000,118.408,-3.468,0.082,59.471,0.0513,-0.0156,0.9995,
54.451,IMU,98.1253,139.4576,118.7915,0.0000,0.0000,118.408,-3.448,0.080,59.521,0.0571,-0.0088,0.9878,
54.457,ENC,98.1253,139.4576,118.7915,0.0000,0.0000,118.408,-3.448,0.080,59.521,0.0571,-0.0088,0.9878,
54.500,ENC,98.1253,139.4576,118.7915,0.0000,0.0000,118.408,-3.448,0.080,59.521,0.0571,-0.0088,0.9878,
54.512,IMU,98.1253,139.4576,118.7915,0.0000,0.0000,118.408,-3.424,0.128,59.615,0.0542,0.0044,1.0020,
54.519,ENC,98.1253,139.4576,118.7915,0.0000,0.0000,118.408,-3.424,0.128,59.615,0.0542,0.0044,1.0020,
54.531,IMU,98.1253,139.4576,118.7915,0.0000,0.0000,118.408,-3.463,0.110,59.559,0.0718,0.0010,0.9922,
54.537,ENC,98.1253,139.4576,118.7915,0.0000,0.0000,118.408,-3.463,0.110,59.559,0.0718,0.0010,0.9922,
54.551,IMU,98.1253,139.4576,118.7915,0.0000,0.0000,118.408,-3.462,0.083,59.576,0.0498,-0.0093,1.0005,
54.558,ENC,98.1253,139.4576,118.7915,0.0000,0.0000,118.408,-3.462,0.083,59.576,0.0498,-0.0093,1.0005,
54.570,IMU,98.1253,139.4576,118.7915,0.0000,0.0000,118.408,-3.475,0.069,59.571,0.0723,0.0020,0.9961,
54.579,ENC,98.1253,139.4576,118.7915,0.0000,0.0000,118.408,-3.475,0.069,59.571,0.0723,0.0020,0.9961,
54.590,IMU,98.1253,139.4576,118.7915,0.0000,0.0000,118.408,-3.489,0.082,59.567,0.0635,0.0122,0.9937,
54.598,ENC,98.1253,139.4576,118.7915,0.0000,0.0000,118.408,-3.489,0.082,59.567,0.0635,0.0122,0.9937,
54.611,IMU,98.1253,139.4576,118.7915,0.0000,0.0000,118.408,-3.488,0.063,59.585,0.0576,-0.0034,0.9980,
54.617,ENC,98.1253,139.4576,118.7915,0.0000,0.0000,118.408,-3.488,0.063,59.585,0.0576,-0.0034,0.9980,
54.631,IMU,98.1253,139.4576,118.7915,0.0000,0.0000,118.408,-3.484,0.046,59.558,0.0640,-0.0171,0.9917,
54.651,IMU,98.1253,139.4576,118.7915,0.0000,0.0000,118.408,-3.503,0.031,59.543,0.0630,-0.0132,0.9941,
54.657,ENC,98.1253,139.4576,118.7915,0.0000,0.0000,118.408,-3.503,0.031,59.543,0.0630,-0.0132,0.9941,
54.671,IMU,98.1253,139.4576,118.7915,0.0000,0.0000,118.408,-3.524,0.051,59.564,0.0610,0.0044,1.0039,
54.677,ENC,98.1253,139.4576,118.7915,0.0000,0.0000,118.408,-3.524,0.051,59.564,0.0610,0.0044,1.0039,
54.691,IMU,98.1253,139.4576,118.7915,0.0000,0.0000,118.408,-3.546,0.050,59.521,0.0630,-0.0073,0.9961,
54.698,ENC,98.1253,139.4576,118.7915,0.0000,0.0000,118.408,-3.546,0.050,59.521,0.0630,-0.0073,0.9961,
54.715,IMU,98.1253,139.4576,118.7915,0.0000,0.0000,118.408,-3.540,0.056,59.548,0.0547,-0.0122,0.9917,
54.718,ENC,98.1253,139.4576,118.7915,0.0000,0.0000,118.408,-3.540,0.056,59.548,0.0547,-0.0122,0.9917,
54.730,IMU,98.1253,139.4576,118.7915,0.0000,0.0000,118.408,-3.535,0.043,59.545,0.0586,-0.0054,0.9966,
54.737,ENC,98.1253,139.4576,118.7915,0.0000,0.0000,118.408,-3.535,0.043,59.545,0.0586,-0.0054,0.9966,
54.751,IMU,98.1253,139.4576,118.7915,0.0000,0.0000,118.408,-3.574,0.030,59.546,0.0669,-0.0098,0.9849,
54.758,ENC,98.1253,139.4576,118.7915,0.0000,0.0000,118.408,-3.574,0.030,59.546,0.0669,-0.0098,0.9849,
54.772,IMU,98.1253,139.4576,118.7915,0.0000,0.0000,118.408,-3.559,0.053,59.549,0.0708,-0.0039,0.9995,
54.778,ENC,98.1253,139.4576,118.7915,0.0000,0.0000,118.408,-3.559,0.053,59.549,0.0708,-0.0039,0.9995,
54.791,IMU,98.1253,139.4576,118.7915,0.0000,0.0000,118.408,-3.585,-0.027,59.548,0.0586,-0.0166,1.0020,
54.798,ENC,98.1253,139.4576,118.7915,0.0000,0.0000,118.408,-3.585,-0.027,59.548,0.0586,-0.0166,1.0020,
54.811,IMU,98.1253,139.4576,118.7915,0.0000,0.0000,118.408,-3.613,-0.082,59.500,0.0610,-0.0029,0.9980,
54.818,ENC,98.1253,139.4576,118.7915,0.0000,0.0000,118.408,-3.613,-0.082,59.500,0.0610,-0.0029,0.9980,
54.831,IMU,98.1253,139.4576,118.7915,0.0000,0.0000,118.408,-3.566,-0.070,59.504,0.0625,-0.0073,0.9907,
54.838,ENC,98.1253,139.4576,118.7915,0.0000,0.0000,118.408,-3.566,-0.070,59.504,0.0625,-0.0073,0.9907,
54.851,IMU,98.1253,139.4576,118.7915,0.0000,0.0000,118.408,-3.557,-0.052,59.493,0.0693,0.0029,1.0044,
54.859,ENC,98.1253,139.4576,118.7915,0.0000,0.0000,118.408,-3.557,-0.052,59.493,0.0693,0.0029,1.0044,
54.871,IMU,98.1253,139.4576,118.7915,0.0000,0.0000,118.408,-3.541,-0.057,59.523,0.0615,-0.0098,0.9941,
54.878,ENC,98.1253,139.4576,118.7915,0.0000,0.0000,118.408,-3.541,-0.057,59.523,0.0615,-0.0098,0.9941,
54.897,ENC,98.1253,139.4576,118.7915,0.0000,0.0000,118.408,-3.541,-0.057,59.523,0.0615,-0.0098,0.9941,
54.911,IMU,98.1253,139.4576,118.7915,0.0000,0.0000,118.408,-3.455,-0.068,59.490,0.0576,-0.0083,0.9941,
54.918,ENC,98.1253,139.4576,118.7915,0.0000,0.0000,118.408,-3.455,-0.068,59.490,0.0576,-0.0083,0.9941,
54.930,IMU,98.1253,139.4576,118.7915,0.0000,0.0000,118.408,-3.465,-0.100,59.484,0.0669,-0.0107,1.0015,
54.938,ENC,98.1253,139.4576,118.7915,0.0000,0.0000,118.408,-3.465,-0.100,59.484,0.0669,-0.0107,1.0015,
54.955,IMU,98.1253,139.4576,118.7915,0.0000,0.0000,118.408,-3.433,-0.120,59.453,0.0698,-0.0122,1.0024,
54.957,ENC,98.1253,139.4576,118.7915,0.0000,0.0000,118.408,-3.433,-0.120,59.453,0.0698,-0.0122,1.0024,
54.971,IMU,98.1253,139.4576,118.7915,0.0000,0.0000,118.408,-3.445,-0.110,59.478,0.0601,0.0020,0.9917,
54.978,ENC,98.1253,139.4576,118.7915,0.0000,0.0000,118.408,-3.445,-0.110,59.478,0.0601,0.0020,0.9917,
54.990,IMU,98.1253,139.4576,118.7915,0.0000,0.0000,118.408,-3.435,-0.111,59.491,0.0610,-0.0049,0.9937,
54.998,ENC,98.1253,139.4576,118.7915,0.0000,0.0000,118.408,-3.435,-0.111,59.491,0.0610,-0.0049,0.9937,
55.010,IMU,98.1253,139.4576,118.7915,0.0000,0.0000,118.408,-3.486,-0.099,59.478,0.0615,0.0000,0.9839,
55.020,ENC,98.1253,139.4576,118.7915,0.0000,0.0000,118.408,-3.486,-0.099,59.478,0.0615,0.0000,0.9839,
55.030,IMU,98.1253,139.4576,118.7915,0.0000,0.0000,118.408,-3.495,-0.135,59.496,0.0601,-0.0107,1.0068,
55.038,ENC,98.1253,139.4576,118.7915,0.0000,0.0000,118.408,-3.495,-0.135,59.496,0.0601,-0.0107,1.0068,
55.056,IMU,98.1253,139.4576,118.7915,0.0000,0.0000,118.408,-3.509,-0.140,59.504,0.0771,0.0059,0.9951,
55.058,ENC,98.1253,139.4576,118.7915,0.0000,0.0000,118.408,-3.509,-0.140,59.504,0.0771,0.0059,0.9951,
55.071,IMU,98.1253,139.4576,118.7915,0.0000,0.0000,118.408,-3.547,-0.143,59.486,0.0571,-0.0005,0.9966,
55.077,ENC,98.1253,139.4576,118.7915,0.0000,0.0000,118.408,-3.547,-0.143,59.486,0.0571,-0.0005,0.9966,
55.091,IMU,98.1253,139.4576,118.7915,0.0000,0.0000,118.408,-3.582,-0.169,59.447,0.0698,-0.0015,0.9907,
55.099,ENC,98.1253,139.4576,118.7915,0.0000,0.0000,118.408,-3.582,-0.169,59.447,0.0698,-0.0015,0.9907,
55.110,IMU,98.1253,139.4576,118.7915,0.0000,0.0000,118.408,-3.579,-0.183,59.463,0.0630,-0.0034,1.0039,
55.118,ENC,98.1253,139.4576,118.7915,0.0000,0.0000,118.408,-3.579,-0.183,59.463,0.0630,-0.0034,1.0039,
55.131,IMU,98.1253,139.4576,118.7915,0.0000,0.0000,118.408,-3.597,-0.157,59.411,0.0698,0.0059,0.9849,
55.137,ENC,98.1253,139.4576,118.7915,0.0000,0.0000,118.408,-3.597,-0.157,59.411,0.0698,0.0059,0.9849,
55.151,IMU,98.1253,139.4576,118.7915,0.0000,0.0000,118.408,-3.602,-0.151,59.388,0.0703,-0.0117,0.9897,
55.158,ENC,98.1253,139.4576,118.7915,0.0000,0.0000,118.408,-3.602,-0.151,59.388,0.0703,-0.0117,0.9897,
55.171,IMU,98.1253,139.4576,118.7915,0.0000,0.0000,118.408,-3.625,-0.122,59.384,0.0718,0.0020,0.9902,
55.177,ENC,98.1253,139.4576,118.7915,0.0000,0.0000,118.408,-3.625,-0.122,59.384,0.0718,0.0020,0.9902,
55.191,IMU,98.1253,139.4576,118.7915,0.0000,0.0000,118.408,-3.668,-0.152,59.381,0.0679,-0.0039,0.9863,
55.197,ENC,98.1253,139.4576,118.7915,0.0000,0.0000,118.408,-3.668,-0.152,59.381,0.0679,-0.0039,0.9863,
55.211,IMU,98.1253,139.4576,118.7915,0.0000,0.0000,118.408,-3.702,-0.144,59.387,0.0684,-0.0068,0.9937,
55.217,ENC,98.1253,139.4576,118.7915,0.0000,0.0000,118.408,-3.702,-0.144,59.387,0.0684,-0.0068,0.9937,
55.234,IMU,98.1253,139.4576,118.7915,0.0000,0.0000,118.408,-3.714,-0.115,59.402,0.0605,-0.0034,0.9902,
55.237,ENC,98.1253,139.4576,118.7915,0.0000,0.0000,118.408,-3.714,-0.115,59.402,0.0605,-0.0034,0.9902,
55.255,IMU,98.1253,139.4576,118.7915,0.0000,0.0000,118.408,-3.697,-0.126,59.425,0.0615,-0.0020,0.9912,
55.257,ENC,98.1253,139.4576,118.7915,0.0000,0.0000,118.408,-3.697,-0.126,59.425,0.0615,-0.0020,0.9912,
55.282,ENC,98.1253,139.4576,118.7915,0.0000,0.0000,118.408,-3.697,-0.126,59.425,0.0615,-0.0020,0.9912,
55.295,IMU,98.1253,139.4576,118.7915,0.0000,0.0000,118.408,-3.726,-0.207,59.354,0.0454,-0.0103,0.9912,
55.299,ENC,98.1253,139.4576,118.7915,0.0000,0.0000,118.408,-3.726,-0.207,59.354,0.0454,-0.0103,0.9912,
55.312,IMU,98.1253,139.4576,118.7915,0.0000,0.0000,118.408,-3.737,-0.164,59.326,0.0615,-0.0117,0.9858,
55.318,ENC,98.1253,139.4576,118.7915,0.0000,0.0000,118.408,-3.737,-0.164,59.326,0.0615,-0.0117,0.9858,
55.330,IMU,98.1253,139.4576,118.7915,0.0000,0.0000,118.408,-3.740,-0.205,59.341,0.0625,-0.0073,0.9912,
55.339,ENC,98.1253,139.4576,118.7915,0.0000,0.0000,118.408,-3.740,-0.205,59.341,0.0625,-0.0073,0.9912,
55.350,IMU,98.1253,139.4576,118.7915,0.0000,0.0000,118.408,-3.766,-0.180,59.350,0.0752,-0.0059,0.9922,
55.358,ENC,98.1253,139.4576,118.7915,0.0000,0.0000,118.408,-3.766,-0.180,59.350,0.0752,-0.0059,0.9922,
55.370,IMU,98.1253,139.4576,118.7915,0.0000,0.0000,118.408,-3.763,-0.164,59.344,0.0654,0.0049,1.0020,
55.378,ENC,98.1253,139.4576,118.7915,0.0000,0.0000,118.408,-3.763,-0.164,59.344,0.0654,0.0049,1.0020,
55.396,IMU,98.1253,139.4576,118.7915,0.0000,0.0000,118.408,-3.759,-0.115,59.353,0.0630,0.0015,0.9951,
55.398,ENC,98.1253,139.4576,118.7915,0.0000,0.0000,118.408,-3.759,-0.115,59.353,0.0630,0.0015,0.9951,
55.410,IMU,98.1253,139.4576,118.7915,0.0000,0.0000,118.408,-3.753,-0.091,59.402,0.0503,0.0000,0.9912,
55.417,ENC,98.1253,139.4576,118.7915,0.0000,0.0000,118.408,-3.753,-0.091,59.402,0.0503,0.0000,0.9912,
55.431,IMU,98.1253,139.4576,118.7915,0.0000,0.0000,118.408,-3.755,-0.068,59.401,0.0498,-0.0083,0.9971,
55.437,ENC,98.1253,139.4576,118.7915,0.0000,0.0000,118.408,-3.755,-0.068,59.401,0.0498,-0.0083,0.9971,
55.454,IMU,98.1253,139.4576,118.7915,0.0000,0.0000,118.408,-3.767,-0.061,59.424,0.0679,0.0049,1.0000,
55.458,ENC,98.1253,139.4576,118.7915,0.0000,0.0000,118.408,-3.767,-0.061,59.424,0.0679,0.0049,1.0000,
55.471,IMU,98.1253,139.4576,118.7915,0.0000,0.0000,118.408,-3.758,-0.042,59.427,0.0703,-0.0093,0.9893,
55.478,ENC,98.1253,139.4576,118.7915,0.0000,0.0000,118.408,-3.758,-0.042,59.427,0.0703,-0.0093,0.9893,
55.491,IMU,98.1253,139.4576,118.7915,0.0000,0.0000,118.408,-3.732,-0.065,59.422,0.0586,-0.0015,0.9961,
55.497,ENC,98.1253,139.4576,118.7915,0.0000,0.0000,118.408,-3.732,-0.065,59.422,0.0586,-0.0015,0.9961,
55.511,IMU,98.1253,139.4576,118.7915,0.0000,0.0000,118.408,-3.748,-0.085,59.413,0.0723,-0.0029,0.9883,
55.517,ENC,98.1253,139.4576,118.7915,0.0000,0.0000,118.408,-3.748,-0.085,59.413,0.0723,-0.0029,0.9883,
55.534,IMU,98.1253,139.4576,118.7915,0.0000,0.0000,118.408,-3.749,-0.094,59.391,0.0664,-0.0010,1.0073,
55.538,ENC,98.1253,139.4576,118.7915,0.0000,0.0000,118.408,-3.749,-0.094,59.391,0.0664,-0.0010,1.0073,
55.550,IMU,98.1253,139.4576,118.7915,0.0000,0.0000,118.408,-3.709,-0.095,59.392,0.0757,-0.0137,0.9932,
55.557,ENC,98.1253,139.4576,118.7915,0.0000,0.0000,118.408,-3.709,-0.095,59.392,0.0757,-0.0137,0.9932,
55.571,IMU,98.1253,139.4576,118.7915,0.0000,0.0000,118.408,-3.707,-0.119,59.415,0.0591,-0.0103,0.9956,
55.579,ENC,98.1253,139.4576,118.7915,0.0000,0.0000,118.408,-3.707,-0.119,59.415,0.0591,-0.0103,0.9956,
55.591,IMU,98.1253,139.4576,118.7915,0.0000,0.0000,118.408,-3.713,-0.118,59.399,0.0654,0.0039,0.9941,
55.598,ENC,98.1253,139.4576,118.7915,0.0000,0.0000,118.408,-3.713,-0.118,59.399,0.0654,0.0039,0.9941,
55.611,IMU,98.1253,139.4576,118.7915,0.0000,0.0000,118.408,-3.732,-0.159,59.374,0.0713,-0.0122,1.0049,
55.618,ENC,98.1253,139.4576,118.7915,0.0000,0.0000,118.408,-3.732,-0.159,59.374,0.0713,-0.0122,1.0049,
55.630,IMU,98.1253,139.4576,118.7915,0.0000,0.0000,118.408,-3.764,-0.145,59.425,0.0684,-0.0039,0.9932,
55.637,ENC,98.1253,139.4576,118.7915,0.0000,0.0000,118.408,-3.764,-0.145,59.425,0.0684,-0.0039,0.9932,
55.651,IMU,98.1253,139.4576,118.7915,0.0000,0.0000,118.408,-3.803,-0.156,59.402,0.0693,-0.0122,0.9951,
55.658,ENC,98.1253,139.4576,118.7915,0.0000,0.0000,118.408,-3.803,-0.156,59.402,0.0693,-0.0122,0.9951,
55.673,IMU,98.1253,139.4576,118.7915,0.0000,0.0000,118.408,-3.805,-0.175,59.446,0.0654,-0.0146,0.9917,
55.678,ENC,98.1253,139.4576,118.7915,0.0000,0.0000,118.408,-3.805,-0.175,59.446,0.0654,-0.0146,0.9917,
55.694,IMU,98.1253,139.4576,118.7915,0.0000,0.0000,118.408,-3.837,-0.168,59.441,0.0693,-0.0098,0.9961,
55.698,ENC,98.1253,139.4576,118.7915,0.0000,0.0000,118.408,-3.837,-0.168,59.441,0.0693,-0.0098,0.9961,
55.714,IMU,98.1253,139.4576,118.7915,0.0000,0.0000,118.408,-3.854,-0.173,59.412,0.0615,-0.0044,0.9917,
55.717,ENC,98.1253,139.4576,118.7915,0.0000,0.0000,118.408,-3.854,-0.173,59.412,0.0615,-0.0044,0.9917,
55.730,IMU,98.1253,139.4576,118.7915,0.0000,0.0000,118.408,-3.807,-0.232,59.434,0.0664,-0.0132,0.9927,
55.738,ENC,98.1253,139.4576,118.7915,0.0000,0.0000,118.408,-3.807,-0.232,59.434,0.0664,-0.0132,0.9927,
55.751,IMU,98.1253,139.4576,118.7915,0.0000,0.0000,118.408,-3.834,-0.212,59.454,0.0649,-0.0078,0.9985,
55.757,ENC,98.1253,139.4576,118.7915,0.0000,0.0000,118.408,-3.834,-0.212,59.454,0.0649,-0.0078,0.9985,
55.770,IMU,98.1253,139.4576,118.7915,0.0000,0.0000,118.408,-3.830,-0.212,59.408,0.0630,-0.0044,0.9873,
55.778,ENC,98.1253,139.4576,118.7915,0.0000,0.0000,118.408,-3.830,-0.212,59.408,0.0630,-0.0044,0.9873,
55.791,IMU,98.1253,139.4576,118.7915,0.0000,0.0000,118.408,-3.780,-0.272,59.379,0.0625,-0.0166,0.9927,
55.798,ENC,98.1253,139.4576,118.7915,0.0000,0.0000,118.408,-3.780,-0.272,59.379,0.0625,-0.0166,0.9927,
55.830,IMU,98.1253,139.4576,118.7915,0.0000,0.0000,118.408,-3.781,-0.259,59.439,0.0649,-0.0142,0.9868,
55.840,ENC,98.1253,139.4576,118.7915,0.0000,0.0000,118.408,-3.781,-0.259,59.439,0.0649,-0.0142,0.9868,
55.850,IMU,98.1253,139.4576,118.7915,0.0000,0.0000,118.408,-3.732,-0.260,59.449,0.0469,-0.0044,1.0039,
55.858,ENC,98.1253,139.4576,118.7915,0.0000,0.0000,118.408,-3.732,-0.260,59.449,0.0469,-0.0044,1.0039,
55.870,IMU,98.1253,139.4576,118.7915,0.0000,0.0000,118.408,-3.786,-0.261,59.479,0.0732,-0.0034,0.9863,
55.884,ENC,98.1253,139.4576,118.7915,0.0000,0.0000,118.408,-3.786,-0.261,59.479,0.0732,-0.0034,0.9863,
55.891,IMU,98.1253,139.4576,118.7915,0.0000,0.0000,118.408,-3.777,-0.260,59.447,0.0640,-0.0112,0.9966,
55.898,ENC,98.1253,139.4576,118.7915,0.0000,0.0000,118.408,-3.777,-0.260,59.447,0.0640,-0.0112,0.9966,
55.911,IMU,98.1253,139.4576,118.7915,0.0000,0.0000,118.408,-3.801,-0.263,59.459,0.0713,0.0059,1.0029,
55.918,ENC,98.1253,139.4576,118.7915,0.0000,0.0000,118.408,-3.801,-0.263,59.459,0.0713,0.0059,1.0029,
55.931,IMU,98.1253,139.4576,118.7915,0.0000,0.0000,118.408,-3.835,-0.314,59.451,0.0591,-0.0088,1.0010,
55.938,ENC,98.1253,139.4576,118.7915,0.0000,0.0000,118.408,-3.835,-0.314,59.451,0.0591,-0.0088,1.0010,
55.951,IMU,98.1253,139.4576,118.7915,0.0000,0.0000,118.408,-3.808,-0.310,59.457,0.0645,-0.0146,1.0044,
55.957,ENC,98.1253,139.4576,118.7915,0.0000,0.0000,118.408,-3.808,-0.310,59.457,0.0645,-0.0146,1.0044,
55.970,IMU,98.1253,139.4576,118.7915,0.0000,0.0000,118.408,-3.795,-0.305,59.444,0.0601,0.0000,0.9946,
55.978,ENC,98.1253,139.4576,118.7915,0.0000,0.0000,118.408,-3.795,-0.305,59.444,0.0601,0.0000,0.9946,
55.990,IMU,98.1253,139.4576,118.7915,0.0000,0.0000,118.408,-3.731,-0.281,59.446,0.0674,-0.0107,0.9927,
55.998,ENC,98.1253,139.4576,118.7915,0.0000,0.0000,118.408,-3.731,-0.281,59.446,0.0674,-0.0107,0.9927,
56.020,IMU,98.1253,139.4576,118.7915,0.0000,0.0000,118.408,-3.724,-0.265,59.434,0.0664,0.0103,0.9873,
56.022,ENC,98.1253,139.4576,118.7915,0.0000,0.0000,118.408,-3.724,-0.265,59.434,0.0664,0.0103,0.9873,
56.031,IMU,98.1253,139.4576,118.7915,0.0000,0.0000,118.408,-3.733,-0.291,59.395,0.0679,-0.0107,0.9844,
56.038,ENC,98.1253,139.4576,118.7915,0.0000,0.0000,118.408,-3.733,-0.291,59.395,0.0679,-0.0107,0.9844,
56.056,IMU,98.1253,139.4576,118.7915,0.0000,0.0000,118.408,-3.733,-0.321,59.369,0.0625,-0.0103,0.9878,
56.058,ENC,98.1253,139.4576,118.7915,0.0000,0.0000,118.408,-3.733,-0.321,59.369,0.0625,-0.0103,0.9878,
56.071,IMU,98.1253,139.4576,118.7915,0.0000,0.0000,118.408,-3.668,-0.361,59.383,0.0557,-0.0122,0.9858,
56.078,ENC,98.1253,139.4576,118.7915,0.0000,0.0000,118.408,-3.668,-0.361,59.383,0.0557,-0.0122,0.9858,
56.091,IMU,98.1253,139.4576,118.7915,0.0000,0.0000,118.408,-3.621,-0.394,59.357,0.0615,-0.0127,0.9966,
56.098,ENC,98.1253,139.4576,118.7915,0.0000,0.0000,118.408,-3.621,-0.394,59.357,0.0615,-0.0127,0.9966,
56.110,IMU,98.1253,139.4576,118.7915,0.0000,0.0000,118.408,-3.632,-0.381,59.377,0.0586,0.0005,0.9883,
56.120,ENC,98.1253,139.4576,118.7915,0.0000,0.0000,118.408,-3.632,-0.381,59.377,0.0586,0.0005,0.9883,
56.130,IMU,98.1253,139.4576,118.7915,0.0000,0.0000,118.408,-3.589,-0.380,59.431,0.0615,0.0005,0.9907,
56.138,ENC,98.1253,139.4576,118.7915,0.0000,0.0000,118.408,-3.589,-0.380,59.431,0.0615,0.0005,0.9907,
56.155,IMU,98.1253,139.4576,118.7915,0.0000,0.0000,118.408,-3.573,-0.373,59.423,0.0503,-0.0068,0.9912,
56.158,ENC,98.1253,139.4576,118.7915,0.0000,0.0000,118.408,-3.573,-0.373,59.423,0.0503,-0.0068,0.9912,
56.170,IMU,98.1253,139.4576,118.7915,0.0000,0.0000,118.408,-3.562,-0.365,59.449,0.0571,-0.0034,0.9863,
56.177,ENC,98.1253,139.4576,118.7915,0.0000,0.0000,118.408,-3.562,-0.365,59.449,0.0571,-0.0034,0.9863,
56.190,IMU,98.1253,139.4576,118.7915,0.0000,0.0000,118.408,-3.550,-0.373,59.475,0.0547,0.0010,1.0010,
56.197,ENC,98.1253,139.4576,118.7915,0.0000,0.0000,118.408,-3.550,-0.373,59.475,0.0547,0.0010,1.0010,
56.210,IMU,98.1253,139.4576,118.7915,0.0000,0.0000,118.408,-3.557,-0.400,59.486,0.0684,-0.0166,0.9829,
56.218,ENC,98.1253,139.4576,118.7915,0.0000,0.0000,118.408,-3.557,-0.400,59.486,0.0684,-0.0166,0.9829,
56.231,IMU,98.1253,139.4576,118.7915,0.0000,0.0000,118.408,-3.604,-0.361,59.540,0.0635,-0.0010,0.9932,
56.237,ENC,98.1253,139.4576,118.7915,0.0000,0.0000,118.408,-3.604,-0.361,59.540,0.0635,-0.0010,0.9932,
56.250,IMU,98.1253,139.4576,118.7915,0.0000,0.0000,118.408,-3.613,-0.353,59.547,0.0640,-0.0156,1.0024,
56.258,ENC,98.1253,139.4576,118.7915,0.0000,0.0000,118.408,-3.613,-0.353,59.547,0.0640,-0.0156,1.0024,
56.271,IMU,98.1253,139.4576,118.7915,0.0000,0.0000,118.408,-3.635,-0.372,59.580,0.0610,-0.0088,0.9907,
56.277,ENC,98.1253,139.4576,118.7915,0.0000,0.0000,118.408,-3.635,-0.372,59.580,0.0610,-0.0088,0.9907,
56.291,IMU,98.1253,139.4576,118.7915,0.0000,0.0000,118.408,-3.653,-0.363,59.613,0.0684,-0.0029,0.9946,
56.298,ENC,98.1253,139.4576,118.7915,0.0000,0.0000,118.408,-3.653,-0.363,59.613,0.0684,-0.0029,0.9946,
56.310,IMU,98.1253,139.4576,118.7915,0.0000,0.0000,118.408,-3.668,-0.392,59.611,0.0576,0.0049,0.9961,
56.318,ENC,98.1253,139.4576,118.7915,0.0000,0.0000,118.408,-3.668,-0.392,59.611,0.0576,0.0049,0.9961,
56.331,IMU,98.1253,139.4576,118.7915,0.0000,0.0000,118.408,-3.671,-0.365,59.576,0.0581,-0.0015,0.9980,
56.343,ENC,98.1253,139.4576,118.7915,0.0000,0.0000,118.408,-3.671,-0.365,59.576,0.0581,-0.0015,0.9980,
56.352,IMU,98.1253,139.4576,118.7915,0.0000,0.0000,118.408,-3.608,-0.327,59.591,0.0479,-0.0176,0.9985,
56.357,ENC,98.1253,139.4576,118.7915,0.0000,0.0000,118.408,-3.608,-0.327,59.591,0.0479,-0.0176,0.9985,
56.370,IMU,98.1253,139.4576,118.7915,0.0000,0.0000,118.408,-3.598,-0.372,59.606,0.0557,-0.0093,0.9873,
56.378,ENC,98.1253,139.4576,118.7915,0.0000,0.0000,118.408,-3.598,-0.372,59.606,0.0557,-0.0093,0.9873,
56.392,IMU,98.1253,139.4576,118.7915,0.0000,0.0000,118.408,-3.592,-0.395,59.640,0.0581,-0.0146,1.0010,
56.411,IMU,98.1253,139.4576,118.7915,0.0000,0.0000,118.408,-3.592,-0.337,59.625,0.0703,-0.0005,0.9893,
56.417,ENC,98.1253,139.4576,118.7915,0.0000,0.0000,118.408,-3.592,-0.337,59.625,0.0703,-0.0005,0.9893,
56.432,IMU,98.1253,139.4576,118.7915,0.0000,0.0000,118.408,-3.582,-0.352,59.629,0.0713,-0.0063,0.9985,
56.437,ENC,98.1253,139.4576,118.7915,0.0000,0.0000,118.408,-3.582,-0.352,59.629,0.0713,-0.0063,0.9985,
56.451,IMU,98.1253,139.4576,118.7915,0.0000,0.0000,118.408,-3.616,-0.347,59.683,0.0640,0.0029,0.9922,
56.457,ENC,98.1253,139.4576,118.7915,0.0000,0.0000,118.408,-3.616,-0.347,59.683,0.0640,0.0029,0.9922,
56.470,IMU,98.1253,139.4576,118.7915,0.0000,0.0000,118.408,-3.612,-0.346,59.732,0.0586,-0.0049,0.9937,
56.477,ENC,98.1253,139.4576,118.7915,0.0000,0.0000,118.408,-3.612,-0.346,59.732,0.0586,-0.0049,0.9937,
56.492,IMU,98.1253,139.4576,118.7915,0.0000,0.0000,118.408,-3.579,-0.319,59.728,0.0591,0.0005,0.9941,
56.497,ENC,98.1253,139.4576,118.7915,0.0000,0.0000,118.408,-3.579,-0.319,59.728,0.0591,0.0005,0.9941,
56.510,IMU,98.1253,139.4576,118.7915,0.0000,0.0000,118.408,-3.581,-0.295,59.705,0.0596,-0.0127,0.9971,
56.518,ENC,98.1253,139.4576,118.7915,0.0000,0.0000,118.408,-3.581,-0.295,59.705,0.0596,-0.0127,0.9971,
56.532,IMU,98.1253,139.4576,118.7915,0.0000,0.0000,118.408,-3.560,-0.301,59.679,0.0679,-0.0093,0.9941,
56.537,ENC,98.1253,139.4576,118.7915,0.0000,0.0000,118.408,-3.560,-0.301,59.679,0.0679,-0.0093,0.9941,
56.551,IMU,98.1253,139.4576,118.7915,0.0000,0.0000,118.408,-3.559,-0.304,59.657,0.0601,0.0029,0.9922,
56.558,ENC,98.1253,139.4576,118.7915,0.0000,0.0000,118.408,-3.559,-0.304,59.657,0.0601,0.0029,0.9922,
56.571,IMU,98.1253,139.4576,118.7915,0.0000,0.0000,118.408,-3.554,-0.284,59.650,0.0659,-0.0112,0.9995,
56.578,ENC,98.1253,139.4576,118.7915,0.0000,0.0000,118.408,-3.554,-0.284,59.650,0.0659,-0.0112,0.9995,
56.595,IMU,98.1253,139.4576,118.7915,0.0000,0.0000,118.408,-3.529,-0.276,59.637,0.0703,-0.0103,1.0142,
56.598,ENC,98.1253,139.4576,118.7915,0.0000,0.0000,118.408,-3.529,-0.276,59.637,0.0703,-0.0103,1.0142,
56.610,IMU,98.1253,139.4576,118.7915,0.0000,0.0000,118.408,-3.512,-0.256,59.620,0.0586,0.0078,1.0020,
56.618,ENC,98.1253,139.4576,118.7915,0.0000,0.0000,118.408,-3.512,-0.256,59.620,0.0586,0.0078,1.0020,
56.632,IMU,98.1253,139.4576,118.7915,0.0000,0.0000,118.408,-3.545,-0.285,59.673,0.0659,-0.0161,0.9937,
56.638,ENC,98.1253,139.4576,118.7915,0.0000,0.0000,118.408,-3.545,-0.285,59.673,0.0659,-0.0161,0.9937,
56.651,IMU,98.1253,139.4576,118.7915,0.0000,0.0000,118.408,-3.516,-0.295,59.705,0.0591,-0.0005,1.0010,
56.661,ENC,98.1253,139.4576,118.7915,0.0000,0.0000,118.408,-3.516,-0.295,59.705,0.0591,-0.0005,1.0010,
56.670,IMU,98.1253,139.4576,118.7915,0.0000,0.0000,118.408,-3.533,-0.275,59.726,0.0684,-0.0044,0.9912,
56.678,ENC,98.1253,139.4576,118.7915,0.0000,0.0000,118.408,-3.533,-0.275,59.726,0.0684,-0.0044,0.9912,
56.692,IMU,98.1253,139.4576,118.7915,0.0000,0.0000,118.408,-3.556,-0.312,59.681,0.0571,-0.0161,0.9990,
56.698,ENC,98.1253,139.4576,118.7915,0.0000,0.0000,118.408,-3.556,-0.312,59.681,0.0571,-0.0161,0.9990,
56.710,IMU,98.1253,139.4576,118.7915,0.0000,0.0000,118.408,-3.553,-0.329,59.706,0.0605,0.0054,0.9932,
56.719,ENC,98.1253,139.4576,118.7915,0.0000,0.0000,118.408,-3.553,-0.329,59.706,0.0605,0.0054,0.9932,
56.731,IMU,98.1253,139.4576,118.7915,0.0000,0.0000,118.408,-3.573,-0.329,59.649,0.0654,-0.0068,0.9990,
56.738,ENC,98.1253,139.4576,118.7915,0.0000,0.0000,118.408,-3.573,-0.329,59.649,0.0654,-0.0068,0.9990,
56.750,IMU,98.1253,139.4576,118.7915,0.0000,0.0000,118.408,-3.578,-0.359,59.649,0.0576,-0.0024,0.9795,
56.758,ENC,98.1253,139.4576,118.7915,0.0000,0.0000,118.408,-3.578,-0.359,59.649,0.0576,-0.0024,0.9795,
56.771,IMU,98.1253,139.4576,118.7915,0.0000,0.0000,118.408,-3.583,-0.373,59.622,0.0728,-0.0010,1.0044,
56.780,ENC,98.1253,139.4576,118.7915,0.0000,0.0000,118.408,-3.583,-0.373,59.622,0.0728,-0.0010,1.0044,
56.791,IMU,98.1253,139.4576,118.7915,0.0000,0.0000,118.408,-3.567,-0.356,59.649,0.0576,0.0020,0.9980,
56.798,ENC,98.1253,139.4576,118.7915,0.0000,0.0000,118.408,-3.567,-0.356,59.649,0.0576,0.0020,0.9980,
56.810,IMU,98.1253,139.4576,118.7915,0.0000,0.0000,118.408,-3.592,-0.361,59.618,0.0645,-0.0020,0.9941,
56.818,ENC,98.1253,139.4576,118.7915,0.0000,0.0000,118.408,-3.592,-0.361,59.618,0.0645,-0.0020,0.9941,
56.832,IMU,98.1253,139.4576,118.7915,0.0000,0.0000,118.408,-3.648,-0.385,59.617,0.0654,-0.0078,1.0000,
56.837,ENC,98.1253,139.4576,118.7915,0.0000,0.0000,118.408,-3.648,-0.385,59.617,0.0654,-0.0078,1.0000,
56.854,IMU,98.1253,139.4576,118.7915,0.0000,0.0000,118.408,-3.631,-0.394,59.567,0.0669,-0.0039,0.9932,
56.857,ENC,98.1253,139.4576,118.7915,0.0000,0.0000,118.408,-3.631,-0.394,59.567,0.0669,-0.0039,0.9932,
56.872,IMU,98.1253,139.4576,118.7915,0.0000,0.0000,118.408,-3.642,-0.413,59.500,0.0591,-0.0107,1.0000,
56.877,ENC,98.1253,139.4576,118.7915,0.0000,0.0000,118.408,-3.642,-0.413,59.500,0.0591,-0.0107,1.0000,
56.891,IMU,98.1253,139.4576,118.7915,0.0000,0.0000,118.408,-3.648,-0.448,59.479,0.0718,-0.0054,0.9951,
56.898,ENC,98.1253,139.4576,118.7915,0.0000,0.0000,118.408,-3.648,-0.448,59.479,0.0718,-0.0054,0.9951,
56.911,IMU,98.1253,139.4576,118.7915,0.0000,0.0000,118.408,-3.679,-0.440,59.439,0.0732,-0.0093,1.0005,
56.917,ENC,98.1253,139.4576,118.7915,0.0000,0.0000,118.408,-3.679,-0.440,59.439,0.0732,-0.0093,1.0005,
56.931,IMU,98.1253,139.4576,118.7915,0.0000,0.0000,118.408,-3.701,-0.441,59.445,0.0732,-0.0127,0.9927,
56.937,ENC,98.1253,139.4576,118.7915,0.0000,0.0000,118.408,-3.701,-0.441,59.445,0.0732,-0.0127,0.9927,
56.951,IMU,98.1253,139.4576,118.7915,0.0000,0.0000,118.408,-3.693,-0.426,59.450,0.0640,-0.0059,0.9961,
56.959,ENC,98.1253,139.4576,118.7915,0.0000,0.0000,118.408,-3.693,-0.426,59.450,0.0640,-0.0059,0.9961,
56.970,IMU,98.1253,139.4576,118.7915,0.0000,0.0000,118.408,-3.694,-0.423,59.433,0.0615,-0.0005,0.9956,
56.977,ENC,98.1253,139.4576,118.7915,0.0000,0.0000,118.408,-3.694,-0.423,59.433,0.0615,-0.0005,0.9956,
56.991,IMU,98.1253,139.4576,118.7915,0.0000,0.0000,118.408,-3.700,-0.408,59.414,0.0635,-0.0039,0.9995,
56.998,ENC,98.1253,139.4576,118.7915,0.0000,0.0000,118.408,-3.700,-0.408,59.414,0.0635,-0.0039,0.9995,
57.010,IMU,98.1253,139.4576,118.7915,0.0000,0.0000,118.408,-3.712,-0.434,59.420,0.0645,-0.0083,0.9858,
57.018,ENC,98.1253,139.4576,118.7915,0.0000,0.0000,118.408,-3.712,-0.434,59.420,0.0645,-0.0083,0.9858,
57.032,IMU,98.1253,139.4576,118.7915,0.0000,0.0000,118.408,-3.722,-0.450,59.423,0.0630,-0.0015,0.9902,
57.044,ENC,98.1253,139.4576,118.7915,0.0000,0.0000,118.408,-3.722,-0.450,59.423,0.0630,-0.0015,0.9902,
57.050,IMU,98.1253,139.4576,118.7915,0.0000,0.0000,118.408,-3.682,-0.452,59.430,0.0596,-0.0132,0.9917,
57.057,ENC,98.1253,139.4576,118.7915,0.0000,0.0000,118.408,-3.682,-0.452,59.430,0.0596,-0.0132,0.9917,
57.074,IMU,98.1253,139.4576,118.7915,0.0000,0.0000,118.408,-3.665,-0.454,59.447,0.0459,0.0020,0.9980,
57.078,ENC,98.1253,139.4576,118.7915,0.0000,0.0000,118.408,-3.665,-0.454,59.447,0.0459,0.0020,0.9980,
57.091,IMU,98.1253,139.4576,118.7915,0.0000,0.0000,118.408,-3.647,-0.466,59.475,0.0615,-0.0137,0.9868,
57.098,ENC,98.1253,139.4576,118.7915,0.0000,0.0000,118.408,-3.647,-0.466,59.475,0.0615,-0.0137,0.9868,
57.111,IMU,98.1253,139.4576,118.7915,0.0000,0.0000,118.408,-3.631,-0.490,59.454,0.0659,-0.0107,0.9966,
57.117,ENC,98.1253,139.4576,118.7915,0.0000,0.0000,118.408,-3.631,-0.490,59.454,0.0659,-0.0107,0.9966,
57.130,IMU,98.1253,139.4576,118.7915,0.0000,0.0000,118.408,-3.619,-0.481,59.424,0.0649,0.0010,0.9941,
57.137,ENC,98.1253,139.4576,118.7915,0.0000,0.0000,118.408,-3.619,-0.481,59.424,0.0649,0.0010,0.9941,
57.150,IMU,98.1253,139.4576,118.7915,0.0000,0.0000,118.408,-3.595,-0.460,59.475,0.0630,-0.0005,0.9907,
57.158,ENC,98.1253,139.4576,118.7915,0.0000,0.0000,118.408,-3.595,-0.460,59.475,0.0630,-0.0005,0.9907,
57.172,IMU,98.1253,139.4576,118.7915,0.0000,0.0000,118.408,-3.601,-0.451,59.460,0.0698,-0.0098,0.9927,
57.178,ENC,98.1253,139.4576,118.7915,0.0000,0.0000,118.408,-3.601,-0.451,59.460,0.0698,-0.0098,0.9927,
57.190,IMU,98.1253,139.4576,118.7915,0.0000,0.0000,118.408,-3.564,-0.446,59.416,0.0562,-0.0015,1.0137,
57.198,ENC,98.1253,139.4576,118.7915,0.0000,0.0000,118.408,-3.564,-0.446,59.416,0.0562,-0.0015,1.0137,
57.210,IMU,98.1253,139.4576,118.7915,0.0000,0.0000,118.408,-3.539,-0.448,59.412,0.0581,0.0029,0.9956,
57.218,ENC,98.1253,139.4576,118.7915,0.0000,0.0000,118.408,-3.539,-0.448,59.412,0.0581,0.0029,0.9956,
57.231,IMU,98.1253,139.4576,118.7915,0.0000,0.0000,118.408,-3.502,-0.488,59.401,0.0610,-0.0093,0.9932,
57.237,ENC,98.1253,139.4576,118.7915,0.0000,0.0000,118.408,-3.502,-0.488,59.401,0.0610,-0.0093,0.9932,
57.250,IMU,98.1253,139.4576,118.7915,0.0000,0.0000,118.408,-3.474,-0.514,59.434,0.0581,-0.0049,0.9878,
57.257,ENC,98.1253,139.4576,118.7915,0.0000,0.0000,118.408,-3.474,-0.514,59.434,0.0581,-0.0049,0.9878,
57.271,IMU,98.1253,139.4576,118.7915,0.0000,0.0000,118.408,-3.423,-0.521,59.378,0.0459,-0.0181,0.9976,
57.277,ENC,98.1253,139.4576,118.7915,0.0000,0.0000,118.408,-3.423,-0.521,59.378,0.0459,-0.0181,0.9976,
57.290,IMU,98.1253,139.4576,118.7915,0.0000,0.0000,118.408,-3.475,-0.511,59.378,0.0576,-0.0063,0.9956,
57.299,ENC,98.1253,139.4576,118.7915,0.0000,0.0000,118.408,-3.475,-0.511,59.378,0.0576,-0.0063,0.9956,
57.312,IMU,98.1253,139.4576,118.7915,0.0000,0.0000,118.408,-3.469,-0.512,59.370,0.0508,-0.0039,0.9854,
57.318,ENC,98.1253,139.4576,118.7915,0.0000,0.0000,118.408,-3.469,-0.512,59.370,0.0508,-0.0039,0.9854,
57.330,IMU,98.1253,139.4576,118.7915,0.0000,0.0000,118.408,-3.453,-0.508,59.364,0.0586,-0.0181,0.9937,
57.338,ENC,98.1253,139.4576,118.7915,0.0000,0.0000,118.408,-3.453,-0.508,59.364,0.0586,-0.0181,0.9937,
57.350,IMU,98.1253,139.4576,118.7915,0.0000,0.0000,118.408,-3.484,-0.472,59.333,0.0610,-0.0015,0.9980,
57.361,ENC,98.1253,139.4576,118.7915,0.0000,0.0000,118.408,-3.484,-0.472,59.333,0.0610,-0.0015,0.9980,
57.371,IMU,98.1253,139.4576,118.7915,0.0000,0.0000,118.408,-3.464,-0.458,59.322,0.0664,-0.0049,0.9941,
57.378,ENC,98.1253,139.4576,118.7915,0.0000,0.0000,118.408,-3.464,-0.458,59.322,0.0664,-0.0049,0.9941,
57.391,IMU,98.1253,139.4576,118.7915,0.0000,0.0000,118.408,-3.469,-0.446,59.279,0.0581,-0.0049,0.9951,
57.398,ENC,98.1253,139.4576,118.7915,0.0000,0.0000,118.408,-3.469,-0.446,59.279,0.0581,-0.0049,0.9951,
57.410,IMU,98.1253,139.4576,118.7915,0.0000,0.0000,118.408,-3.475,-0.454,59.283,0.0693,-0.0044,0.9937,
57.418,ENC,98.1253,139.4576,118.7915,0.0000,0.0000,118.408,-3.475,-0.454,59.283,0.0693,-0.0044,0.9937,
57.431,IMU,98.1253,139.4576,118.7915,0.0000,0.0000,118.408,-3.431,-0.517,59.281,0.0542,-0.0176,0.9966,
57.437,ENC,98.1253,139.4576,118.7915,0.0000,0.0000,118.408,-3.431,-0.517,59.281,0.0542,-0.0176,0.9966,
57.451,IMU,98.1253,139.4576,118.7915,0.0000,0.0000,118.408,-3.446,-0.542,59.255,0.0767,-0.0029,0.9917,
57.457,ENC,98.1253,139.4576,118.7915,0.0000,0.0000,118.408,-3.446,-0.542,59.255,0.0767,-0.0029,0.9917,
57.473,IMU,98.1253,139.4576,118.7915,0.0000,0.0000,118.408,-3.419,-0.525,59.338,0.0649,-0.0122,0.9878,
57.477,ENC,98.1253,139.4576,118.7915,0.0000,0.0000,118.408,-3.419,-0.525,59.338,0.0649,-0.0122,0.9878,
57.491,IMU,98.1253,139.4576,118.7915,0.0000,0.0000,118.408,-3.444,-0.523,59.376,0.0630,-0.0103,0.9907,
57.497,ENC,98.1253,139.4576,118.7915,0.0000,0.0000,118.408,-3.444,-0.523,59.376,0.0630,-0.0103,0.9907,
57.510,IMU,98.1253,139.4576,118.7915,0.0000,0.0000,118.408,-3.454,-0.525,59.314,0.0649,-0.0117,1.0000,
57.518,ENC,98.1253,139.4576,118.7915,0.0000,0.0000,118.408,-3.454,-0.525,59.314,0.0649,-0.0117,1.0000,
57.531,IMU,98.1253,139.4576,118.7915,0.0000,0.0000,118.408,-3.487,-0.498,59.266,0.0645,-0.0186,0.9922,
57.537,ENC,98.1253,139.4576,118.7915,0.0000,0.0000,118.408,-3.487,-0.498,59.266,0.0645,-0.0186,0.9922,
57.554,IMU,98.1253,139.4576,118.7915,0.0000,0.0000,118.408,-3.463,-0.453,59.284,0.0513,0.0093,0.9873,
57.558,ENC,98.1253,139.4576,118.7915,0.0000,0.0000,118.408,-3.463,-0.453,59.284,0.0513,0.0093,0.9873,
57.570,IMU,98.1253,139.4576,118.7915,0.0000,0.0000,118.408,-3.439,-0.448,59.287,0.0654,-0.0146,0.9927,
57.581,ENC,98.1253,139.4576,118.7915,0.0000,0.0000,118.408,-3.439,-0.448,59.287,0.0654,-0.0146,0.9927,
57.591,IMU,98.1253,139.4576,118.7915,0.0000,0.0000,118.408,-3.438,-0.450,59.273,0.0615,-0.0010,0.9971,
57.598,ENC,98.1253,139.4576,118.7915,0.0000,0.0000,118.408,-3.438,-0.450,59.273,0.0615,-0.0010,0.9971,
57.619,ENC,98.1253,139.4576,118.7915,0.0000,0.0000,118.408,-3.438,-0.450,59.273,0.0615,-0.0010,0.9971,
57.632,IMU,98.1253,139.4576,118.7915,0.0000,0.0000,118.408,-3.446,-0.364,59.266,0.0581,-0.0010,0.9917,
57.638,ENC,98.1253,139.4576,118.7915,0.0000,0.0000,118.408,-3.446,-0.364,59.266,0.0581,-0.0010,0.9917,
57.651,IMU,98.1253,139.4576,118.7915,0.0000,0.0000,118.408,-3.501,-0.415,59.294,0.0645,-0.0107,0.9966,
57.662,ENC,98.1253,139.4576,118.7915,0.0000,0.0000,118.408,-3.501,-0.415,59.294,0.0645,-0.0107,0.9966,
57.672,IMU,98.1253,139.4576,118.7915,0.0000,0.0000,118.408,-3.487,-0.389,59.340,0.0576,-0.0068,0.9946,
57.679,ENC,98.1253,139.4576,118.7915,0.0000,0.0000,118.408,-3.487,-0.389,59.340,0.0576,-0.0068,0.9946,
57.691,IMU,98.1253,139.4576,118.7915,0.0000,0.0000,118.408,-3.518,-0.428,59.312,0.0811,-0.0093,0.9854,
57.698,ENC,98.1253,139.4576,118.7915,0.0000,0.0000,118.408,-3.518,-0.428,59.312,0.0811,-0.0093,0.9854,
57.711,IMU,98.1253,139.4576,118.7915,0.0000,0.0000,118.408,-3.538,-0.400,59.293,0.0625,-0.0005,0.9971,
57.717,ENC,98.1253,139.4576,118.7915,0.0000,0.0000,118.408,-3.538,-0.400,59.293,0.0625,-0.0005,0.9971,
57.730,IMU,98.1253,139.4576,118.7915,0.0000,0.0000,118.408,-3.551,-0.365,59.286,0.0737,0.0015,0.9863,
57.737,ENC,98.1253,139.4576,118.7915,0.0000,0.0000,118.408,-3.551,-0.365,59.286,0.0737,0.0015,0.9863,
57.750,IMU,98.1253,139.4576,118.7915,0.0000,0.0000,118.408,-3.543,-0.391,59.256,0.0630,-0.0005,0.9814,
57.758,ENC,98.1253,139.4576,118.7915,0.0000,0.0000,118.408,-3.543,-0.391,59.256,0.0630,-0.0005,0.9814,
57.771,IMU,98.1253,139.4576,118.7915,0.0000,0.0000,118.408,-3.558,-0.407,59.297,0.0693,-0.0049,0.9971,
57.777,ENC,98.1253,139.4576,118.7915,0.0000,0.0000,118.408,-3.558,-0.407,59.297,0.0693,-0.0049,0.9971,
57.791,IMU,98.1253,139.4576,118.7915,0.0000,0.0000,118.408,-3.565,-0.388,59.288,0.0737,-0.0117,0.9893,
57.797,ENC,98.1253,139.4576,118.7915,0.0000,0.0000,118.408,-3.565,-0.388,59.288,0.0737,-0.0117,0.9893,
57.810,IMU,98.1253,139.4576,118.7915,0.0000,0.0000,118.408,-3.624,-0.364,59.294,0.0693,-0.0034,1.0015,
57.817,ENC,98.1253,139.4576,118.7915,0.0000,0.0000,118.408,-3.624,-0.364,59.294,0.0693,-0.0034,1.0015,
57.832,IMU,98.1253,139.4576,118.7915,0.0000,0.0000,118.408,-3.642,-0.335,59.277,0.0596,-0.0176,1.0039,
57.838,ENC,98.1253,139.4576,118.7915,0.0000,0.0000,118.408,-3.642,-0.335,59.277,0.0596,-0.0176,1.0039,
57.851,IMU,98.1253,139.4576,118.7915,0.0000,0.0000,118.408,-3.634,-0.340,59.239,0.0513,-0.0039,1.0059,
57.871,IMU,98.1253,139.4576,118.7915,0.0000,0.0000,118.408,-3.650,-0.328,59.202,0.0552,-0.0059,1.0000,
57.878,ENC,98.1253,139.4576,118.7915,0.0000,0.0000,118.408,-3.650,-0.328,59.202,0.0552,-0.0059,1.0000,
57.891,IMU,98.1253,139.4576,118.7915,0.0000,0.0000,118.408,-3.654,-0.343,59.204,0.0620,-0.0083,0.9971,
57.902,ENC,98.1253,139.4576,118.7915,0.0000,0.0000,118.408,-3.654,-0.343,59.204,0.0620,-0.0083,0.9971,
57.910,IMU,98.1253,139.4576,118.7915,0.0000,0.0000,118.408,-3.638,-0.335,59.185,0.0630,-0.0068,0.9863,
57.918,ENC,98.1253,139.4576,118.7915,0.0000,0.0000,118.408,-3.638,-0.335,59.185,0.0630,-0.0068,0.9863,
57.930,IMU,98.1253,139.4576,118.7915,0.0000,0.0000,118.408,-3.627,-0.328,59.204,0.0591,0.0015,0.9883,
57.937,ENC,98.1253,139.4576,118.7915,0.0000,0.0000,118.408,-3.627,-0.328,59.204,0.0591,0.0015,0.9883,
57.951,IMU,98.1253,139.4576,118.7915,0.0000,0.0000,118.408,-3.601,-0.355,59.237,0.0571,0.0024,0.9951,
57.958,ENC,98.1253,139.4576,118.7915,0.0000,0.0000,118.408,-3.601,-0.355,59.237,0.0571,0.0024,0.9951,
57.972,IMU,98.1253,139.4576,118.7915,0.0000,0.0000,118.408,-3.591,-0.409,59.200,0.0679,-0.0063,1.0010,
57.977,ENC,98.1253,139.4576,118.7915,0.0000,0.0000,118.408,-3.591,-0.409,59.200,0.0679,-0.0063,1.0010,
57.991,IMU,98.1253,139.4576,118.7915,0.0000,0.0000,118.408,-3.606,-0.384,59.235,0.0591,-0.0181,0.9937,
57.998,ENC,98.1253,139.4576,118.7915,0.0000,0.0000,118.408,-3.606,-0.384,59.235,0.0591,-0.0181,0.9937,
58.010,IMU,98.1253,139.4576,118.7915,0.0000,0.0000,118.408,-3.599,-0.402,59.251,0.0693,-0.0166,0.9941,
58.018,ENC,98.1253,139.4576,118.7915,0.0000,0.0000,118.408,-3.599,-0.402,59.251,0.0693,-0.0166,0.9941,
58.031,IMU,98.1253,139.4576,118.7915,0.0000,0.0000,118.408,-3.562,-0.369,59.225,0.0713,-0.0059,0.9888,
58.037,ENC,98.1253,139.4576,118.7915,0.0000,0.0000,118.408,-3.562,-0.369,59.225,0.0713,-0.0059,0.9888,
58.065,ENC,98.1253,139.4576,118.7915,0.0000,0.0000,118.408,-3.562,-0.369,59.225,0.0713,-0.0059,0.9888,
58.068,IMU,98.1253,139.4576,118.7915,0.0000,0.0000,118.408,-3.567,-0.372,59.213,0.0645,0.0020,0.9971,
58.071,IMU,98.1253,139.4576,118.7915,0.0000,0.0000,118.408,-3.588,-0.351,59.187,0.0576,-0.0034,0.9995,
58.082,ENC,98.1253,139.4576,118.7915,0.0000,0.0000,118.408,-3.588,-0.351,59.187,0.0576,-0.0034,0.9995,
58.093,IMU,98.1253,139.4576,118.7915,0.0000,0.0000,118.408,-3.599,-0.338,59.251,0.0645,-0.0024,0.9902,
58.097,ENC,98.1253,139.4576,118.7915,0.0000,0.0000,118.408,-3.599,-0.338,59.251,0.0645,-0.0024,0.9902,
58.111,IMU,98.1253,139.4576,118.7915,0.0000,0.0000,118.408,-3.599,-0.335,59.260,0.0605,-0.0054,0.9912,
58.118,ENC,98.1253,139.4576,118.7915,0.0000,0.0000,118.408,-3.599,-0.335,59.260,0.0605,-0.0054,0.9912,
58.131,IMU,98.1253,139.4576,118.7915,0.0000,0.0000,118.408,-3.594,-0.314,59.282,0.0659,0.0107,0.9971,
58.139,ENC,98.1253,139.4576,118.7915,0.0000,0.0000,118.408,-3.594,-0.314,59.282,0.0659,0.0107,0.9971,
58.151,IMU,98.1253,139.4576,118.7915,0.0000,0.0000,118.408,-3.613,-0.321,59.269,0.0635,-0.0132,1.0054,
58.157,ENC,98.1253,139.4576,118.7915,0.0000,0.0000,118.408,-3.613,-0.321,59.269,0.0635,-0.0132,1.0054,
58.171,IMU,98.1253,139.4576,118.7915,0.0000,0.0000,118.408,-3.584,-0.339,59.236,0.0601,-0.0103,0.9893,
58.177,ENC,98.1253,139.4576,118.7915,0.0000,0.0000,118.408,-3.584,-0.339,59.236,0.0601,-0.0103,0.9893,
58.191,IMU,98.1253,139.4576,118.7915,0.0000,0.0000,118.408,-3.628,-0.364,59.228,0.0684,-0.0122,1.0024,
58.198,ENC,98.1253,139.4576,118.7915,0.0000,0.0000,118.408,-3.628,-0.364,59.228,0.0684,-0.0122,1.0024,
58.212,IMU,98.1253,139.4576,118.7915,0.0000,0.0000,118.408,-3.586,-0.428,59.209,0.0669,-0.0029,1.0034,
58.218,ENC,98.1253,139.4576,118.7915,0.0000,0.0000,118.408,-3.586,-0.428,59.209,0.0669,-0.0029,1.0034,
58.230,IMU,98.1253,139.4576,118.7915,0.0000,0.0000,118.408,-3.566,-0.437,59.218,0.0659,-0.0166,0.9971,
58.238,ENC,98.1253,139.4576,118.7915,0.0000,0.0000,118.408,-3.566,-0.437,59.218,0.0659,-0.0166,0.9971,
58.250,IMU,98.1253,139.4576,118.7915,0.0000,0.0000,118.408,-3.551,-0.433,59.208,0.0591,-0.0107,0.9951,
58.262,ENC,98.1253,139.4576,118.7915,0.0000,0.0000,118.408,-3.551,-0.433,59.208,0.0591,-0.0107,0.9951,
58.271,IMU,98.1253,139.4576,118.7915,0.0000,0.0000,118.408,-3.501,-0.415,59.208,0.0620,-0.0010,1.0005,
58.278,ENC,98.1253,139.4576,118.7915,0.0000,0.0000,118.408,-3.501,-0.415,59.208,0.0620,-0.0010,1.0005,
58.290,IMU,98.1253,139.4576,118.7915,0.0000,0.0000,118.408,-3.504,-0.415,59.210,0.0674,-0.0151,0.9941,
58.297,ENC,98.1253,139.4576,118.7915,0.0000,0.0000,118.408,-3.504,-0.415,59.210,0.0674,-0.0151,0.9941,
58.311,IMU,98.1253,139.4576,118.7915,0.0000,0.0000,118.408,-3.499,-0.379,59.178,0.0596,0.0083,0.9995,
58.322,ENC,98.1253,139.4576,118.7915,0.0000,0.0000,118.408,-3.499,-0.379,59.178,0.0596,0.0083,0.9995,
58.331,IMU,98.1253,139.4576,118.7915,0.0000,0.0000,118.408,-3.537,-0.355,59.201,0.0703,-0.0049,1.0039,
58.339,ENC,98.1253,139.4576,118.7915,0.0000,0.0000,118.408,-3.537,-0.355,59.201,0.0703,-0.0049,1.0039,
58.350,IMU,98.1253,139.4576,118.7915,0.0000,0.0000,118.408,-3.576,-0.333,59.216,0.0591,0.0005,0.9951,
58.357,ENC,98.1253,139.4576,118.7915,0.0000,0.0000,118.408,-3.576,-0.333,59.216,0.0591,0.0005,0.9951,
58.373,IMU,98.1253,139.4576,118.7915,0.0000,0.0000,118.408,-3.606,-0.335,59.229,0.0615,-0.0156,1.0015,
58.381,ENC,98.1253,139.4576,118.7915,0.0000,0.0000,118.408,-3.606,-0.335,59.229,0.0615,-0.0156,1.0015,
58.392,IMU,98.1253,139.4576,118.7915,0.0000,0.0000,118.408,-3.581,-0.320,59.294,0.0479,-0.0073,0.9946,
58.400,ENC,98.1253,139.4576,118.7915,0.0000,0.0000,118.408,-3.581,-0.320,59.294,0.0479,-0.0073,0.9946,
58.412,IMU,98.1253,139.4576,118.7915,0.0000,0.0000,118.408,-3.614,-0.319,59.255,0.0654,0.0000,1.0049,
58.418,ENC,98.1253,139.4576,118.7915,0.0000,0.0000,118.408,-3.614,-0.319,59.255,0.0654,0.0000,1.0049,
58.431,IMU,98.1253,139.4576,118.7915,0.0000,0.0000,118.408,-3.613,-0.270,59.221,0.0571,0.0010,0.9863,
58.450,IMU,98.1253,139.4576,118.7915,0.0000,0.0000,118.408,-3.596,-0.285,59.211,0.0571,-0.0098,0.9922,
58.457,ENC,98.1253,139.4576,118.7915,0.0000,0.0000,118.408,-3.596,-0.285,59.211,0.0571,-0.0098,0.9922,
58.491,IMU,98.1253,139.4576,118.7915,0.0000,0.0000,118.408,-3.646,-0.210,59.320,0.0586,-0.0093,0.9976,
58.505,ENC,98.1253,139.4576,118.7915,0.0000,0.0000,118.408,-3.646,-0.210,59.320,0.0586,-0.0093,0.9976,
58.511,IMU,98.1253,139.4576,118.7915,0.0000,0.0000,118.408,-3.615,-0.212,59.313,0.0669,0.0093,0.9927,
58.517,ENC,98.1253,139.4576,118.7915,0.0000,0.0000,118.408,-3.615,-0.212,59.313,0.0669,0.0093,0.9927,
58.530,IMU,98.1253,139.4576,118.7915,0.0000,0.0000,118.408,-3.570,-0.227,59.281,0.0615,-0.0015,0.9883,
58.537,ENC,98.1253,139.4576,118.7915,0.0000,0.0000,118.408,-3.570,-0.227,59.281,0.0615,-0.0015,0.9883,
58.550,IMU,98.1253,139.4576,118.7915,0.0000,0.0000,118.408,-3.578,-0.203,59.300,0.0576,-0.0073,0.9990,
58.558,ENC,98.1253,139.4576,118.7915,0.0000,0.0000,118.408,-3.578,-0.203,59.300,0.0576,-0.0073,0.9990,
58.571,IMU,98.1253,139.4576,118.7915,0.0000,0.0000,118.408,-3.570,-0.245,59.256,0.0693,-0.0112,0.9863,
58.578,ENC,98.1253,139.4576,118.7915,0.0000,0.0000,118.408,-3.570,-0.245,59.256,0.0693,-0.0112,0.9863,
58.591,IMU,98.1253,139.4576,118.7915,0.0000,0.0000,118.408,-3.592,-0.210,59.269,0.0684,-0.0083,0.9961,
58.598,ENC,98.1253,139.4576,118.7915,0.0000,0.0000,118.408,-3.592,-0.210,59.269,0.0684,-0.0083,0.9961,
58.611,IMU,98.1253,139.4576,118.7915,0.0000,0.0000,118.408,-3.592,-0.243,59.230,0.0596,-0.0044,0.9868,
58.618,ENC,98.1253,139.4576,118.7915,0.0000,0.0000,118.408,-3.592,-0.243,59.230,0.0596,-0.0044,0.9868,
58.632,IMU,98.1253,139.4576,118.7915,0.0000,0.0000,118.408,-3.622,-0.294,59.221,0.0640,-0.0015,0.9893,
58.638,ENC,98.1253,139.4576,118.7915,0.0000,0.0000,118.408,-3.622,-0.294,59.221,0.0640,-0.0015,0.9893,
58.650,IMU,98.1253,139.4576,118.7915,0.0000,0.0000,118.408,-3.652,-0.262,59.196,0.0835,0.0049,0.9961,
58.657,ENC,98.1253,139.4576,118.7915,0.0000,0.0000,118.408,-3.652,-0.262,59.196,0.0835,0.0049,0.9961,
58.670,IMU,98.1253,139.4576,118.7915,0.0000,0.0000,118.408,-3.660,-0.230,59.221,0.0610,-0.0088,0.9946,
58.679,ENC,98.1253,139.4576,118.7915,0.0000,0.0000,118.408,-3.660,-0.230,59.221,0.0610,-0.0088,0.9946,
58.691,IMU,98.1253,139.4576,118.7915,0.0000,0.0000,118.408,-3.676,-0.254,59.159,0.0679,-0.0205,0.9946,
58.697,ENC,98.1253,139.4576,118.7915,0.0000,0.0000,118.408,-3.676,-0.254,59.159,0.0679,-0.0205,0.9946,
58.711,IMU,98.1253,139.4576,118.7915,0.0000,0.0000,118.408,-3.677,-0.248,59.098,0.0659,0.0020,0.9917,
58.717,ENC,98.1253,139.4576,118.7915,0.0000,0.0000,118.408,-3.677,-0.248,59.098,0.0659,0.0020,0.9917,
58.730,IMU,98.1253,139.4576,118.7915,0.0000,0.0000,118.408,-3.654,-0.253,59.079,0.0605,-0.0088,0.9922,
58.743,ENC,98.1253,139.4576,118.7915,0.0000,0.0000,118.408,-3.654,-0.253,59.079,0.0605,-0.0088,0.9922,
58.751,IMU,98.1253,139.4576,118.7915,0.0000,0.0000,118.408,-3.602,-0.276,59.064,0.0659,-0.0146,0.9971,
58.758,ENC,98.1253,139.4576,118.7915,0.0000,0.0000,118.408,-3.602,-0.276,59.064,0.0659,-0.0146,0.9971,
58.771,IMU,98.1253,139.4576,118.7915,0.0000,0.0000,118.408,-3.595,-0.293,59.032,0.0806,-0.0049,1.0068,
58.777,ENC,98.1253,139.4576,118.7915,0.0000,0.0000,118.408,-3.595,-0.293,59.032,0.0806,-0.0049,1.0068,
58.790,IMU,98.1253,139.4576,118.7915,0.0000,0.0000,118.408,-3.597,-0.299,59.006,0.0566,-0.0059,0.9854,
58.798,ENC,98.1253,139.4576,118.7915,0.0000,0.0000,118.408,-3.597,-0.299,59.006,0.0566,-0.0059,0.9854,
58.810,IMU,98.1253,139.4576,118.7915,0.0000,0.0000,118.408,-3.543,-0.317,59.028,0.0591,-0.0093,0.9912,
58.818,ENC,98.1253,139.4576,118.7915,0.0000,0.0000,118.408,-3.543,-0.317,59.028,0.0591,-0.0093,0.9912,
58.831,IMU,98.1253,139.4576,118.7915,0.0000,0.0000,118.408,-3.548,-0.323,58.975,0.0537,-0.0210,0.9854,
58.837,ENC,98.1253,139.4576,118.7915,0.0000,0.0000,118.408,-3.548,-0.323,58.975,0.0537,-0.0210,0.9854,
58.850,IMU,98.1253,139.4576,118.7915,0.0000,0.0000,118.408,-3.538,-0.380,59.002,0.0591,-0.0171,0.9951,
58.863,ENC,98.1253,139.4576,118.7915,0.0000,0.0000,118.408,-3.538,-0.380,59.002,0.0591,-0.0171,0.9951,
58.871,IMU,98.1253,139.4576,118.7915,0.0000,0.0000,118.408,-3.572,-0.369,59.019,0.0522,-0.0103,0.9941,
58.877,ENC,98.1253,139.4576,118.7915,0.0000,0.0000,118.408,-3.572,-0.369,59.019,0.0522,-0.0103,0.9941,
58.891,IMU,98.1253,139.4576,118.7915,0.0000,0.0000,118.408,-3.601,-0.404,59.044,0.0586,-0.0044,0.9980,
58.897,ENC,98.1253,139.4576,118.7915,0.0000,0.0000,118.408,-3.601,-0.404,59.044,0.0586,-0.0044,0.9980,
58.913,IMU,98.1253,139.4576,118.7915,0.0000,0.0000,118.408,-3.636,-0.384,59.045,0.0703,-0.0083,0.9990,
58.918,ENC,98.1253,139.4576,118.7915,0.0000,0.0000,118.408,-3.636,-0.384,59.045,0.0703,-0.0083,0.9990,
58.933,IMU,98.1253,139.4576,118.7915,0.0000,0.0000,118.408,-3.598,-0.368,59.030,0.0542,-0.0112,0.9990,
58.937,ENC,98.1253,139.4576,118.7915,0.0000,0.0000,118.408,-3.598,-0.368,59.030,0.0542,-0.0112,0.9990,
58.952,IMU,98.1253,139.4576,118.7915,0.0000,0.0000,118.408,-3.584,-0.357,59.049,0.0635,-0.0083,1.0010,
58.958,ENC,98.1253,139.4576,118.7915,0.0000,0.0000,118.408,-3.584,-0.357,59.049,0.0635,-0.0083,1.0010,
58.970,IMU,98.1253,139.4576,118.7915,0.0000,0.0000,118.408,-3.551,-0.339,59.071,0.0654,-0.0034,1.0000,
58.977,ENC,98.1253,139.4576,118.7915,0.0000,0.0000,118.408,-3.551,-0.339,59.071,0.0654,-0.0034,1.0000,
58.992,IMU,98.1253,139.4576,118.7915,0.0000,0.0000,118.408,-3.560,-0.350,59.079,0.0771,0.0005,0.9976,
58.997,ENC,98.1253,139.4576,118.7915,0.0000,0.0000,118.408,-3.560,-0.350,59.079,0.0771,0.0005,0.9976,
59.010,IMU,98.1253,139.4576,118.7915,0.0000,0.0000,118.408,-3.558,-0.344,59.100,0.0708,-0.0161,0.9971,
59.017,ENC,98.1253,139.4576,118.7915,0.0000,0.0000,118.408,-3.558,-0.344,59.100,0.0708,-0.0161,0.9971,
59.032,IMU,98.1253,139.4576,118.7915,0.0000,0.0000,118.408,-3.609,-0.321,59.080,0.0703,-0.0034,0.9927,
59.037,ENC,98.1253,139.4576,118.7915,0.0000,0.0000,118.408,-3.609,-0.321,59.080,0.0703,-0.0034,0.9927,
59.058,IMU,98.1253,139.4576,118.7915,0.0000,0.0000,118.408,-3.594,-0.335,59.070,0.0596,-0.0020,0.9966,
59.060,ENC,98.1253,139.4576,118.7915,0.0000,0.0000,118.408,-3.594,-0.335,59.070,0.0596,-0.0020,0.9966,
59.070,IMU,98.1253,139.4576,118.7915,0.0000,0.0000,118.408,-3.650,-0.310,59.058,0.0723,0.0000,0.9980,
59.077,ENC,98.1253,139.4576,118.7915,0.0000,0.0000,118.408,-3.650,-0.310,59.058,0.0723,0.0000,0.9980,
59.090,IMU,98.1253,139.4576,118.7915,0.0000,0.0000,118.408,-3.594,-0.266,59.019,0.0522,0.0029,0.9888,
59.098,ENC,98.1253,139.4576,118.7915,0.0000,0.0000,118.408,-3.594,-0.266,59.019,0.0522,0.0029,0.9888,
59.112,IMU,98.1253,139.4576,118.7915,0.0000,0.0000,118.408,-3.579,-0.333,59.025,0.0498,-0.0146,1.0063,
59.118,ENC,98.1253,139.4576,118.7915,0.0000,0.0000,118.408,-3.579,-0.333,59.025,0.0498,-0.0146,1.0063,
59.131,IMU,98.1253,139.4576,118.7915,0.0000,0.0000,118.408,-3.647,-0.356,58.962,0.0771,-0.0225,0.9956,
59.138,ENC,98.1253,139.4576,118.7915,0.0000,0.0000,118.408,-3.647,-0.356,58.962,0.0771,-0.0225,0.9956,
59.150,IMU,98.1253,139.4576,118.7915,0.0000,0.0000,118.408,-3.665,-0.358,58.959,0.0566,-0.0010,0.9985,
59.158,ENC,98.1253,139.4576,118.7915,0.0000,0.0000,118.408,-3.665,-0.358,58.959,0.0566,-0.0010,0.9985,
59.171,IMU,98.1253,139.4576,118.7915,0.0000,0.0000,118.408,-3.693,-0.317,58.937,0.0649,0.0024,0.9961,
59.180,ENC,98.1253,139.4576,118.7915,0.0000,0.0000,118.408,-3.693,-0.317,58.937,0.0649,0.0024,0.9961,
59.193,IMU,98.1253,139.4576,118.7915,0.0000,0.0000,118.408,-3.687,-0.299,58.937,0.0581,-0.0049,0.9824,
59.197,ENC,98.1253,139.4576,118.7915,0.0000,0.0000,118.408,-3.687,-0.299,58.937,0.0581,-0.0049,0.9824,
59.210,IMU,98.1253,139.4576,118.7915,0.0000,0.0000,118.408,-3.704,-0.313,58.935,0.0664,0.0005,0.9902,
59.218,ENC,98.1253,139.4576,118.7915,0.0000,0.0000,118.408,-3.704,-0.313,58.935,0.0664,0.0005,0.9902,
59.230,IMU,98.1253,139.4576,118.7915,0.0000,0.0000,118.408,-3.756,-0.301,58.936,0.0737,0.0088,1.0034,
59.237,ENC,98.1253,139.4576,118.7915,0.0000,0.0000,118.408,-3.756,-0.301,58.936,0.0737,0.0088,1.0034,
59.250,IMU,98.1253,139.4576,118.7915,0.0000,0.0000,118.408,-3.780,-0.336,58.936,0.0659,-0.0015,0.9917,
59.258,ENC,98.1253,139.4576,118.7915,0.0000,0.0000,118.408,-3.780,-0.336,58.936,0.0659,-0.0015,0.9917,
59.272,IMU,98.1253,139.4576,118.7915,0.0000,0.0000,118.408,-3.811,-0.306,58.915,0.0693,-0.0073,0.9902,
59.278,ENC,98.1253,139.4576,118.7915,0.0000,0.0000,118.408,-3.811,-0.306,58.915,0.0693,-0.0073,0.9902,
59.291,IMU,98.1253,139.4576,118.7915,0.0000,0.0000,118.408,-3.787,-0.322,58.910,0.0605,-0.0112,0.9868,
59.304,ENC,98.1253,139.4576,118.7915,0.0000,0.0000,118.408,-3.787,-0.322,58.910,0.0605,-0.0112,0.9868,
59.310,IMU,98.1253,139.4576,118.7915,0.0000,0.0000,118.408,-3.769,-0.334,58.945,0.0659,-0.0127,1.0015,
59.337,ENC,98.1253,139.4576,118.7915,0.0000,0.0000,118.408,-3.769,-0.334,58.945,0.0659,-0.0127,1.0015,
59.350,IMU,98.1253,139.4576,118.7915,0.0000,0.0000,118.408,-3.813,-0.339,58.910,0.0703,-0.0068,0.9897,
59.358,ENC,98.1253,139.4576,118.7915,0.0000,0.0000,118.408,-3.813,-0.339,58.910,0.0703,-0.0068,0.9897,
59.371,IMU,98.1253,139.4576,118.7915,0.0000,0.0000,118.408,-3.777,-0.315,58.893,0.0732,-0.0078,1.0024,
59.378,ENC,98.1253,139.4576,118.7915,0.0000,0.0000,118.408,-3.777,-0.315,58.893,0.0732,-0.0078,1.0024,
59.391,IMU,98.1253,139.4576,118.7915,0.0000,0.0000,118.408,-3.782,-0.304,58.847,0.0615,-0.0098,0.9932,
59.398,ENC,98.1253,139.4576,118.7915,0.0000,0.0000,118.408,-3.782,-0.304,58.847,0.0615,-0.0098,0.9932,
59.411,IMU,98.1253,139.4576,118.7915,0.0000,0.0000,118.408,-3.798,-0.305,58.817,0.0615,-0.0059,1.0156,
59.419,ENC,98.1253,139.4576,118.7915,0.0000,0.0000,118.408,-3.798,-0.305,58.817,0.0615,-0.0059,1.0156,
59.434,IMU,98.1253,139.4576,118.7915,0.0000,0.0000,118.408,-3.810,-0.317,58.826,0.0664,-0.0107,0.9990,
59.442,ENC,98.1253,139.4576,118.7915,0.0000,0.0000,118.408,-3.810,-0.317,58.826,0.0664,-0.0107,0.9990,
59.451,IMU,98.1253,139.4576,118.7915,0.0000,0.0000,118.408,-3.796,-0.337,58.877,0.0562,-0.0093,1.0020,
59.457,ENC,98.1253,139.4576,118.7915,0.0000,0.0000,118.408,-3.796,-0.337,58.877,0.0562,-0.0093,1.0020,
59.470,IMU,98.1253,139.4576,118.7915,0.0000,0.0000,118.408,-3.800,-0.316,58.900,0.0571,-0.0024,1.0010,
59.477,ENC,98.1253,139.4576,118.7915,0.0000,0.0000,118.408,-3.800,-0.316,58.900,0.0571,-0.0024,1.0010,
59.492,IMU,98.1253,139.4576,118.7915,0.0000,0.0000,118.408,-3.786,-0.297,58.918,0.0615,-0.0210,0.9902,
59.498,ENC,98.1253,139.4576,118.7915,0.0000,0.0000,118.408,-3.786,-0.297,58.918,0.0615,-0.0210,0.9902,
59.513,IMU,98.1253,139.4576,118.7915,0.0000,0.0000,118.408,-3.802,-0.265,58.913,0.0615,-0.0063,0.9956,
59.517,ENC,98.1253,139.4576,118.7915,0.0000,0.0000,118.408,-3.802,-0.265,58.913,0.0615,-0.0063,0.9956,
59.531,IMU,98.1253,139.4576,118.7915,0.0000,0.0000,118.408,-3.850,-0.251,58.951,0.0615,-0.0107,1.0063,
59.538,ENC,98.1253,139.4576,118.7915,0.0000,0.0000,118.408,-3.850,-0.251,58.951,0.0615,-0.0107,1.0063,
59.551,IMU,98.1253,139.4576,118.7915,0.0000,0.0000,118.408,-3.855,-0.225,58.928,0.0615,0.0112,0.9980,
59.557,ENC,98.1253,139.4576,118.7915,0.0000,0.0000,118.408,-3.855,-0.225,58.928,0.0615,0.0112,0.9980,
59.570,IMU,98.1253,139.4576,118.7915,0.0000,0.0000,118.408,-3.857,-0.209,58.920,0.0503,-0.0083,0.9932,
59.578,ENC,98.1253,139.4576,118.7915,0.0000,0.0000,118.408,-3.857,-0.209,58.920,0.0503,-0.0083,0.9932,
59.591,IMU,98.1253,139.4576,118.7915,0.0000,0.0000,118.408,-3.865,-0.206,58.909,0.0703,-0.0107,0.9858,
59.601,ENC,98.1253,139.4576,118.7915,0.0000,0.0000,118.408,-3.865,-0.206,58.909,0.0703,-0.0107,0.9858,
