time_s,source,dist_l_in,dist_r_in,dist_avg_in,speed_l_in_s,speed_r_in_s,enc_heading_deg,pitch_deg,roll_deg,yaw_deg,acc_x_g,acc_y_g,acc_z_g,note
0.002,IMU,52.9292,0.0000,26.4646,0.0000,0.0000,-151.631,-3.267,-0.813,251.860,0.0581,-0.0151,0.9810,
0.004,ENC,52.9292,0.1739,26.5515,0.0000,8.6926,-151.133,-3.267,-0.813,251.860,0.0581,-0.0151,0.9810,
0.024,ENC,52.9275,0.0000,26.4637,-0.0852,-8.6926,-151.626,-3.267,-0.813,251.860,0.0581,-0.0151,0.9810,
0.027,IMU,52.9275,0.0000,26.4637,-0.0852,-8.6926,-151.626,-3.271,-0.847,251.877,0.0654,-0.0244,0.9976,
0.042,IMU,52.9275,0.0000,26.4637,-0.0852,-8.6926,-151.626,-3.237,-0.834,251.891,0.0542,-0.0132,0.9956,
0.044,ENC,52.9292,0.0000,26.4646,0.0852,0.0000,-151.631,-3.237,-0.834,251.891,0.0542,-0.0132,0.9956,
0.061,ENC,52.9275,0.0000,26.4637,-0.0852,0.0000,-151.626,-3.237,-0.834,251.891,0.0542,-0.0132,0.9956,
0.066,IMU,52.9275,0.0000,26.4637,-0.0852,0.0000,-151.626,-3.191,-0.827,251.869,0.0601,-0.0024,1.0005,
0.082,IMU,52.9275,0.0000,26.4637,-0.0852,0.0000,-151.626,-3.206,-0.830,251.823,0.0537,-0.0210,1.0000,
0.084,ENC,52.9275,0.0000,26.4637,0.0000,0.0000,-151.626,-3.206,-0.830,251.823,0.0537,-0.0210,1.0000,
0.102,IMU,52.9275,0.0000,26.4637,0.0000,0.0000,-151.626,-3.189,-0.833,251.803,0.0522,-0.0059,0.9956,
0.104,ENC,52.9275,0.2045,26.5660,0.0000,10.2265,-151.040,-3.189,-0.833,251.803,0.0522,-0.0059,0.9956,
0.122,IMU,52.9275,0.2045,26.5660,0.0000,10.2265,-151.040,-3.218,-0.858,251.825,0.0645,-0.0259,0.9907,
0.124,ENC,52.9275,0.0000,26.4637,0.0000,-10.2265,-151.626,-3.218,-0.858,251.825,0.0645,-0.0259,0.9907,
0.141,ENC,52.9275,0.0000,26.4637,0.0000,0.0000,-151.626,-3.218,-0.858,251.825,0.0645,-0.0259,0.9907,
0.144,IMU,52.9275,0.0000,26.4637,0.0000,0.0000,-151.626,-3.216,-0.916,251.852,0.0552,-0.0190,0.9971,
0.161,ENC,52.9275,0.1824,26.5549,0.0000,9.1187,-151.104,-3.216,-0.916,251.852,0.0552,-0.0190,0.9971,
0.164,IMU,52.9275,0.1824,26.5549,0.0000,9.1187,-151.104,-3.238,-0.917,251.878,0.0522,-0.0283,0.9688,
0.188,IMU,52.9275,0.1824,26.5549,0.0000,9.1187,-151.104,-3.209,-0.964,251.880,0.0425,-0.0308,1.0269,
0.189,ENC,52.9292,0.0000,26.4646,0.0852,-9.1187,-151.631,-3.209,-0.964,251.880,0.0425,-0.0308,1.0269,
0.203,IMU,52.9292,0.0000,26.4646,0.0852,-9.1187,-151.631,-3.243,-0.983,251.876,0.0776,-0.0664,0.9644,
0.204,ENC,52.9292,0.0000,26.4646,0.0000,0.0000,-151.631,-3.243,-0.983,251.876,0.0776,-0.0664,0.9644,
0.221,ENC,52.9326,0.1960,26.5643,0.1704,9.8004,-151.079,-3.243,-0.983,251.876,0.0776,-0.0664,0.9644,
0.224,IMU,52.9326,0.1960,26.5643,0.1704,9.8004,-151.079,-3.207,-1.033,251.971,0.0308,-0.0688,1.0659,
0.242,ENC,52.9411,0.0000,26.4705,0.4261,-9.8004,-151.665,-3.207,-1.033,251.971,0.0308,-0.0688,1.0659,
0.245,IMU,52.9411,0.0000,26.4705,0.4261,-9.8004,-151.665,-3.171,-1.176,252.158,0.0215,-0.1338,0.9458,
0.263,IMU,52.9411,0.0000,26.4705,0.4261,-9.8004,-151.665,-3.096,-1.323,252.483,-0.0122,-0.1909,1.0522,
0.264,ENC,52.9598,0.1960,26.5779,0.9374,9.8004,-151.157,-3.096,-1.323,252.483,-0.0122,-0.1909,1.0522,
0.282,ENC,52.9667,0.0000,26.4833,0.3409,-9.8004,-151.738,-3.096,-1.323,252.483,-0.0122,-0.1909,1.0522,
0.286,IMU,52.9667,0.0000,26.4833,0.3409,-9.8004,-151.738,-3.171,-1.364,252.820,0.1133,-0.1006,1.0200,
0.303,IMU,52.9667,0.0000,26.4833,0.3409,-9.8004,-151.738,-3.196,-1.548,253.141,0.1143,-0.1689,1.0625,
0.305,ENC,52.9939,0.0000,26.4970,1.3635,0.0000,-151.816,-3.196,-1.548,253.141,0.1143,-0.1689,1.0625,
0.321,ENC,53.0434,0.0000,26.5217,2.4714,0.0000,-151.958,-3.196,-1.548,253.141,0.1143,-0.1689,1.0625,
0.343,IMU,53.0434,0.0000,26.5217,2.4714,0.0000,-151.958,-3.248,-1.583,253.636,0.0073,-0.0386,1.2114,
0.345,ENC,53.1081,-0.2182,26.4450,3.2384,-10.9083,-152.769,-3.248,-1.583,253.636,0.0073,-0.0386,1.2114,
0.362,IMU,53.1081,-0.2182,26.4450,3.2384,-10.9083,-152.769,-3.179,-1.515,253.934,0.0127,0.0347,1.0161,
0.364,ENC,53.1337,0.2045,26.6691,1.2783,21.1348,-151.631,-3.179,-1.515,253.934,0.0127,0.0347,1.0161,
0.383,IMU,53.1337,0.2045,26.6691,1.2783,21.1348,-151.631,-3.093,-1.413,254.289,-0.0625,0.0317,1.0264,
0.402,IMU,53.1337,0.2045,26.6691,1.2783,21.1348,-151.631,-3.174,-1.360,254.637,0.0996,-0.0273,1.0791,
0.404,ENC,53.1933,0.0000,26.5967,1.4914,-5.1133,-152.388,-3.174,-1.360,254.637,0.0996,-0.0273,1.0791,
0.422,IMU,53.1933,0.0000,26.5967,1.4914,-5.1133,-152.388,-3.194,-1.451,255.047,0.0771,-0.1104,0.9307,
0.424,ENC,53.2121,0.0000,26.6060,0.9374,0.0000,-152.441,-3.194,-1.451,255.047,0.0771,-0.1104,0.9307,
0.440,ENC,53.2274,0.0000,26.6137,0.7670,0.0000,-152.485,-3.194,-1.451,255.047,0.0771,-0.1104,0.9307,
0.444,IMU,53.2274,0.0000,26.6137,0.7670,0.0000,-152.485,-3.210,-1.382,255.382,0.0464,-0.0122,0.8862,
0.463,IMU,53.2274,0.0000,26.6137,0.7670,0.0000,-152.485,-3.243,-1.509,255.716,0.0156,-0.1455,0.9199,
0.482,IMU,53.2274,0.0000,26.6137,0.7670,0.0000,-152.485,-3.200,-1.466,256.086,0.0483,0.0093,0.8877,
0.484,ENC,53.2752,0.0000,26.6376,1.1931,0.0000,-152.622,-3.200,-1.466,256.086,0.0483,0.0093,0.8877,
0.501,ENC,53.3007,0.1960,26.7484,1.2783,9.8004,-152.134,-3.200,-1.466,256.086,0.0483,0.0093,0.8877,
0.504,IMU,53.3007,0.1960,26.7484,1.2783,9.8004,-152.134,-3.226,-1.402,256.502,0.0840,-0.0015,0.9688,
0.522,IMU,53.3007,0.1960,26.7484,1.2783,9.8004,-152.134,-3.239,-1.349,256.830,0.0591,0.0229,0.9790,
0.524,ENC,53.3144,0.0000,26.6572,0.6818,-9.8004,-152.734,-3.239,-1.349,256.830,0.0591,0.0229,0.9790,
0.540,ENC,53.3297,0.0000,26.6648,0.7670,0.0000,-152.778,-3.239,-1.349,256.830,0.0591,0.0229,0.9790,
0.544,IMU,53.3297,0.0000,26.6648,0.7670,0.0000,-152.778,-3.303,-1.360,257.197,0.0859,-0.0078,0.9819,
0.561,ENC,53.3536,0.0000,26.6768,1.1931,0.0000,-152.847,-3.303,-1.360,257.197,0.0859,-0.0078,0.9819,
0.564,IMU,53.3536,0.0000,26.6768,1.1931,0.0000,-152.847,-3.279,-1.291,257.598,0.0205,0.0044,0.9731,
0.582,IMU,53.3536,0.0000,26.6768,1.1931,0.0000,-152.847,-3.302,-1.322,257.975,0.1030,-0.0537,0.9048,
0.584,ENC,53.3655,0.0000,26.6827,0.5965,0.0000,-152.881,-3.302,-1.322,257.975,0.1030,-0.0537,0.9048,
0.603,IMU,53.3655,0.0000,26.6827,0.5965,0.0000,-152.881,-3.322,-1.270,258.338,0.0688,-0.0312,0.9219,
0.604,ENC,53.3842,0.0000,26.6921,0.9374,0.0000,-152.935,-3.322,-1.270,258.338,0.0688,-0.0312,0.9219,
0.621,ENC,53.4081,0.0000,26.7040,1.1931,0.0000,-153.003,-3.322,-1.270,258.338,0.0688,-0.0312,0.9219,
0.624,IMU,53.4081,0.0000,26.7040,1.1931,0.0000,-153.003,-3.259,-1.309,258.634,0.0249,-0.1006,0.9321,
0.642,IMU,53.4081,0.0000,26.7040,1.1931,0.0000,-153.003,-3.221,-1.200,259.068,0.0430,0.0859,1.0479,
0.644,ENC,53.4149,0.0000,26.7075,0.3409,0.0000,-153.022,-3.221,-1.200,259.068,0.0430,0.0859,1.0479,
0.660,ENC,53.4388,0.0000,26.7194,1.1931,0.0000,-153.091,-3.221,-1.200,259.068,0.0430,0.0859,1.0479,
0.664,IMU,53.4388,0.0000,26.7194,1.1931,0.0000,-153.091,-3.264,-1.173,259.380,0.0684,0.0308,1.0234,
0.682,IMU,53.4388,0.0000,26.7194,1.1931,0.0000,-153.091,-3.300,-1.180,259.697,0.0854,-0.0898,0.9502,
0.684,ENC,53.4575,0.0000,26.7288,0.9374,0.0000,-153.145,-3.300,-1.180,259.697,0.0854,-0.0898,0.9502,
0.702,IMU,53.4575,0.0000,26.7288,0.9374,0.0000,-153.145,-3.270,-1.138,260.092,0.0415,0.0503,0.9570,
0.704,ENC,53.4626,0.0000,26.7313,0.2557,0.0000,-153.159,-3.270,-1.138,260.092,0.0415,0.0503,0.9570,
0.721,ENC,53.4712,0.0000,26.7356,0.4261,0.0000,-153.184,-3.270,-1.138,260.092,0.0415,0.0503,0.9570,
0.724,IMU,53.4712,0.0000,26.7356,0.4261,0.0000,-153.184,-3.285,-1.070,260.474,0.0972,0.0239,1.0073,
0.742,IMU,53.4712,0.0000,26.7356,0.4261,0.0000,-153.184,-3.345,-1.063,260.816,0.1074,-0.0737,1.0068,
0.744,ENC,53.4950,0.0000,26.7475,1.1931,0.0000,-153.252,-3.345,-1.063,260.816,0.1074,-0.0737,1.0068,
0.762,IMU,53.4950,0.0000,26.7475,1.1931,0.0000,-153.252,-3.361,-1.006,261.163,0.0840,0.0054,1.0117,
0.781,ENC,53.5121,0.0000,26.7560,0.4261,0.0000,-153.301,-3.361,-1.006,261.163,0.0840,0.0054,1.0117,
0.784,IMU,53.5121,0.0000,26.7560,0.4261,0.0000,-153.301,-3.358,-0.842,261.505,0.0498,0.1147,1.0352,
0.802,IMU,53.5121,0.0000,26.7560,0.4261,0.0000,-153.301,-3.341,-0.763,261.863,0.0181,0.0269,1.0806,
0.804,ENC,53.5138,0.0000,26.7569,0.0852,0.0000,-153.306,-3.341,-0.763,261.863,0.0181,0.0269,1.0806,
0.823,IMU,53.5138,0.0000,26.7569,0.0852,0.0000,-153.306,-3.192,-0.790,262.128,-0.0615,-0.0425,1.0713,
0.824,ENC,53.5138,0.0000,26.7569,0.0000,0.0000,-153.306,-3.192,-0.790,262.128,-0.0615,-0.0425,1.0713,
0.842,IMU,53.5138,0.0000,26.7569,0.0000,0.0000,-153.306,-3.193,-0.776,262.502,0.0400,-0.0098,1.1094,
0.844,ENC,53.5138,0.0000,26.7569,0.0000,0.0000,-153.306,-3.193,-0.776,262.502,0.0400,-0.0098,1.1094,
0.862,IMU,53.5138,0.0000,26.7569,0.0000,0.0000,-153.306,-3.286,-0.766,262.836,0.1299,-0.0029,0.8794,
0.864,ENC,53.5138,0.0000,26.7569,0.0000,0.0000,-153.306,-3.286,-0.766,262.836,0.1299,-0.0029,0.8794,
0.881,ENC,53.5138,0.0000,26.7569,0.0000,0.0000,-153.306,-3.286,-0.766,262.836,0.1299,-0.0029,0.8794,
0.884,IMU,53.5138,0.0000,26.7569,0.0000,0.0000,-153.306,-3.263,-0.724,263.163,0.0649,-0.0049,0.9316,
0.902,IMU,53.5138,0.0000,26.7569,0.0000,0.0000,-153.306,-3.275,-0.587,263.510,0.0859,0.1064,1.0415,
0.904,ENC,53.5155,0.0000,26.7577,0.0852,0.0000,-153.311,-3.275,-0.587,263.510,0.0859,0.1064,1.0415,
0.922,IMU,53.5155,0.0000,26.7577,0.0852,0.0000,-153.311,-3.263,-0.458,263.873,0.0464,0.0898,0.9180,
0.924,ENC,53.5155,0.0000,26.7577,0.0000,0.0000,-153.311,-3.263,-0.458,263.873,0.0464,0.0898,0.9180,
0.941,ENC,53.5206,0.0000,26.7603,0.2557,0.0000,-153.325,-3.263,-0.458,263.873,0.0464,0.0898,0.9180,
0.944,IMU,53.5206,0.0000,26.7603,0.2557,0.0000,-153.325,-3.217,-0.488,264.162,-0.0269,-0.0586,1.2002,
0.961,ENC,53.5479,0.0000,26.7739,1.3635,0.0000,-153.403,-3.217,-0.488,264.162,-0.0269,-0.0586,1.2002,
0.983,IMU,53.5479,0.0000,26.7739,1.3635,0.0000,-153.403,-3.271,-0.453,264.621,0.0815,-0.0381,1.0801,
0.984,ENC,53.6007,0.0000,26.8003,2.6419,0.0000,-153.555,-3.271,-0.453,264.621,0.0815,-0.0381,1.0801,
1.002,IMU,53.6007,0.0000,26.8003,2.6419,0.0000,-153.555,-3.233,-0.458,264.791,0.0430,-0.0518,1.0503,
1.004,ENC,53.6672,0.0000,26.8336,3.3236,0.0000,-153.745,-3.233,-0.458,264.791,0.0430,-0.0518,1.0503,
1.020,ENC,53.7524,0.0000,26.8762,4.2611,0.0000,-153.989,-3.233,-0.458,264.791,0.0430,-0.0518,1.0503,
1.024,IMU,53.7524,0.0000,26.8762,4.2611,0.0000,-153.989,-3.225,-0.486,264.932,0.0298,0.0132,1.1235,
1.042,IMU,53.7524,0.0000,26.8762,4.2611,0.0000,-153.989,-3.300,-0.527,265.033,0.0986,-0.0508,0.9390,
1.044,ENC,53.8564,0.0000,26.9282,5.1985,0.0000,-154.287,-3.300,-0.527,265.033,0.0986,-0.0508,0.9390,
1.061,ENC,53.9689,0.1926,27.0807,5.6246,9.6300,-154.058,-3.300,-0.527,265.033,0.0986,-0.0508,0.9390,
1.064,IMU,53.9689,0.1926,27.0807,5.6246,9.6300,-154.058,-3.383,-0.686,265.116,0.1567,-0.1309,0.9517,
1.081,ENC,54.1001,0.0000,27.0500,6.5620,-9.6300,-154.985,-3.383,-0.686,265.116,0.1567,-0.1309,0.9517,
1.084,IMU,54.1001,0.0000,27.0500,6.5620,-9.6300,-154.985,-3.438,-0.553,265.175,0.1460,0.0688,0.9541,
1.103,IMU,54.1001,0.0000,27.0500,6.5620,-9.6300,-154.985,-3.439,-0.528,265.254,0.0474,-0.0552,1.0015,
1.105,ENC,54.2416,0.1960,27.2188,7.0734,9.8004,-154.829,-3.439,-0.528,265.254,0.0474,-0.0552,1.0015,
1.124,ENC,54.3881,0.0000,27.1941,7.3290,-9.8004,-155.811,-3.439,-0.528,265.254,0.0474,-0.0552,1.0015,
1.141,ENC,54.5552,0.0000,27.2776,8.3517,0.0000,-156.289,-3.439,-0.528,265.254,0.0474,-0.0552,1.0015,
1.144,IMU,54.5552,0.0000,27.2776,8.3517,0.0000,-156.289,-3.413,-0.599,265.350,-0.0049,-0.0874,1.0859,
1.162,IMU,54.5552,0.0000,27.2776,8.3517,0.0000,-156.289,-3.509,-0.543,265.304,0.1133,0.0112,1.0137,
1.164,ENC,54.7307,0.0000,27.3654,8.7778,0.0000,-156.792,-3.509,-0.543,265.304,0.1133,0.0112,1.0137,
1.181,ENC,54.9063,0.0000,27.4531,8.7778,0.0000,-157.295,-3.509,-0.543,265.304,0.1133,0.0112,1.0137,
1.184,IMU,54.9063,0.0000,27.4531,8.7778,0.0000,-157.295,-3.569,-0.470,265.231,0.1172,0.0229,0.8984,
1.204,ENC,55.0853,0.0000,27.5426,8.9482,0.0000,-157.808,-3.569,-0.470,265.231,0.1172,0.0229,0.8984,
1.208,IMU,55.0853,0.0000,27.5426,8.9482,0.0000,-157.808,-3.473,-0.497,265.159,-0.0103,-0.0112,1.0327,
1.225,IMU,55.0853,0.0000,27.5426,8.9482,0.0000,-157.808,-3.433,-0.435,265.174,-0.0039,0.0024,0.9819,
1.231,ENC,55.2557,0.2045,27.7301,8.5221,10.2265,-157.710,-3.433,-0.435,265.174,-0.0039,0.0024,0.9819,
1.241,ENC,55.4210,0.0000,27.7105,8.2665,-10.2265,-158.770,-3.433,-0.435,265.174,-0.0039,0.0024,0.9819,
1.244,IMU,55.4210,0.0000,27.7105,8.2665,-10.2265,-158.770,-3.517,-0.471,265.142,0.1587,-0.0327,0.9253,
1.262,IMU,55.4210,0.0000,27.7105,8.2665,-10.2265,-158.770,-3.529,-0.542,265.154,0.1104,-0.0649,0.8936,
1.264,ENC,55.5795,0.0000,27.7898,7.9256,0.0000,-159.224,-3.529,-0.542,265.154,0.1104,-0.0649,0.8936,
1.283,IMU,55.5795,0.0000,27.7898,7.9256,0.0000,-159.224,-3.515,-0.425,265.096,0.0239,0.0723,1.0430,
1.284,ENC,55.7363,0.0000,27.8682,7.8403,0.0000,-159.673,-3.515,-0.425,265.096,0.0239,0.0723,1.0430,
1.301,ENC,55.8795,0.0000,27.9398,7.1586,0.0000,-160.083,-3.515,-0.425,265.096,0.0239,0.0723,1.0430,
1.304,IMU,55.8795,0.0000,27.9398,7.1586,0.0000,-160.083,-3.538,-0.364,265.072,0.0864,0.0327,0.9858,
1.322,IMU,55.8795,0.0000,27.9398,7.1586,0.0000,-160.083,-3.442,-0.341,265.078,-0.0220,0.0083,1.0068,
1.323,ENC,56.0125,0.0000,28.0062,6.6473,0.0000,-160.464,-3.442,-0.341,265.078,-0.0220,0.0083,1.0068,
1.341,ENC,56.1403,0.0000,28.0701,6.3916,0.0000,-160.830,-3.442,-0.341,265.078,-0.0220,0.0083,1.0068,
1.362,IMU,56.1403,0.0000,28.0701,6.3916,0.0000,-160.830,-3.424,-0.338,264.963,0.0645,-0.0596,0.9453,
1.364,ENC,56.2869,0.0000,28.1434,7.3290,0.0000,-161.250,-3.424,-0.338,264.963,0.0645,-0.0596,0.9453,
1.383,IMU,56.2869,0.0000,28.1434,7.3290,0.0000,-161.250,-3.430,-0.314,264.930,0.0610,-0.0146,1.0259,
1.384,ENC,56.4300,0.0000,28.2150,7.1586,0.0000,-161.660,-3.430,-0.314,264.930,0.0610,-0.0146,1.0259,
1.401,ENC,56.5698,0.1960,28.3829,6.9881,9.8004,-161.499,-3.430,-0.314,264.930,0.0610,-0.0146,1.0259,
1.422,IMU,56.5698,0.1960,28.3829,6.9881,9.8004,-161.499,-3.422,-0.319,264.869,0.1089,-0.0254,0.9316,
1.424,ENC,56.7130,0.0000,28.3565,7.1586,-9.8004,-162.471,-3.422,-0.319,264.869,0.1089,-0.0254,0.9316,
1.440,ENC,56.8493,0.0000,28.4247,6.8177,0.0000,-162.861,-3.422,-0.319,264.869,0.1089,-0.0254,0.9316,
1.444,IMU,56.8493,0.0000,28.4247,6.8177,0.0000,-162.861,-3.450,-0.257,264.857,0.1177,0.0518,1.0269,
1.462,IMU,56.8493,0.0000,28.4247,6.8177,0.0000,-162.861,-3.465,-0.274,264.852,0.0581,-0.0371,1.0215,
1.464,ENC,56.9891,0.0000,28.4945,6.9881,0.0000,-163.262,-3.465,-0.274,264.852,0.0581,-0.0371,1.0215,
1.482,IMU,56.9891,0.0000,28.4945,6.9881,0.0000,-163.262,-3.499,-0.273,264.828,0.0820,0.0239,0.9951,
1.484,ENC,57.1289,0.0000,28.5644,6.9881,0.0000,-163.662,-3.499,-0.273,264.828,0.0820,0.0239,0.9951,
1.502,IMU,57.1289,0.0000,28.5644,6.9881,0.0000,-163.662,-3.561,-0.274,264.825,0.1162,-0.0024,0.9712,
1.504,ENC,57.2754,0.1960,28.7357,7.3290,9.8004,-163.521,-3.561,-0.274,264.825,0.1162,-0.0024,0.9712,
1.520,ENC,57.4152,0.0000,28.7076,6.9881,-9.8004,-164.482,-3.561,-0.274,264.825,0.1162,-0.0024,0.9712,
1.524,IMU,57.4152,0.0000,28.7076,6.9881,-9.8004,-164.482,-3.631,-0.327,264.860,0.1221,-0.0518,0.8789,
1.541,ENC,57.5618,0.0000,28.7809,7.3290,0.0000,-164.902,-3.631,-0.327,264.860,0.1221,-0.0518,0.8789,
1.544,IMU,57.5618,0.0000,28.7809,7.3290,0.0000,-164.902,-3.597,-0.420,264.952,0.0293,-0.0723,0.9971,
1.561,ENC,57.6998,0.0000,28.8499,6.9029,0.0000,-165.298,-3.597,-0.420,264.952,0.0293,-0.0723,0.9971,
1.564,IMU,57.6998,0.0000,28.8499,6.9029,0.0000,-165.298,-3.592,-0.463,264.988,-0.0205,-0.0439,1.0967,
1.581,ENC,57.8447,0.0000,28.9224,7.2438,0.0000,-165.713,-3.592,-0.463,264.988,-0.0205,-0.0439,1.0967,
1.584,IMU,57.8447,0.0000,28.9224,7.2438,0.0000,-165.713,-3.629,-0.450,264.996,0.0688,0.0039,1.0259,
1.603,IMU,57.8447,0.0000,28.9224,7.2438,0.0000,-165.713,-3.658,-0.405,265.028,0.0703,-0.0044,0.9893,
1.604,ENC,57.9845,0.0000,28.9922,6.9881,0.0000,-166.113,-3.658,-0.405,265.028,0.0703,-0.0044,0.9893,
1.620,ENC,58.1242,0.0000,29.0621,6.9881,0.0000,-166.514,-3.658,-0.405,265.028,0.0703,-0.0044,0.9893,
1.624,IMU,58.1242,0.0000,29.0621,6.9881,0.0000,-166.514,-3.683,-0.413,265.015,0.0952,-0.0361,0.9458,
1.641,ENC,58.2691,0.0000,29.1346,7.2438,0.0000,-166.929,-3.683,-0.413,265.015,0.0952,-0.0361,0.9458,
1.644,IMU,58.2691,0.0000,29.1346,7.2438,0.0000,-166.929,-3.679,-0.422,265.076,0.0557,-0.0210,1.0210,
1.662,IMU,58.2691,0.0000,29.1346,7.2438,0.0000,-166.929,-3.630,-0.528,265.121,0.0103,-0.0757,0.9775,
1.664,ENC,58.4106,0.1739,29.2922,7.0734,8.6926,-166.836,-3.630,-0.528,265.121,0.0103,-0.0757,0.9775,
1.681,ENC,58.5469,0.0000,29.2735,6.8177,-8.6926,-167.725,-3.630,-0.528,265.121,0.0103,-0.0757,0.9775,
1.684,IMU,58.5469,0.0000,29.2735,6.8177,-8.6926,-167.725,-3.637,-0.476,265.191,0.1104,0.0205,0.9673,
1.702,IMU,58.5469,0.0000,29.2735,6.8177,-8.6926,-167.725,-3.664,-0.484,265.305,0.0596,0.0239,1.0820,
1.704,ENC,58.6867,0.0000,29.3433,6.9881,0.0000,-168.125,-3.664,-0.484,265.305,0.0596,0.0239,1.0820,
1.723,IMU,58.6867,0.0000,29.3433,6.9881,0.0000,-168.125,-3.668,-0.479,265.432,0.0713,-0.0278,0.8672,
1.725,ENC,58.8213,0.0000,29.4107,6.7325,0.0000,-168.511,-3.668,-0.479,265.432,0.0713,-0.0278,0.8672,
1.743,IMU,58.8213,0.0000,29.4107,6.7325,0.0000,-168.511,-3.640,-0.547,265.506,0.0513,-0.0498,1.0562,
1.745,ENC,58.9594,0.0000,29.4797,6.9029,0.0000,-168.906,-3.640,-0.547,265.506,0.0513,-0.0498,1.0562,
1.762,IMU,58.9594,0.0000,29.4797,6.9029,0.0000,-168.906,-3.696,-0.551,265.615,0.0820,-0.0366,0.9531,
1.764,ENC,59.0804,-0.0222,29.5291,6.0507,-1.1079,-169.316,-3.696,-0.551,265.615,0.0820,-0.0366,0.9531,
1.782,IMU,59.0804,-0.0222,29.5291,6.0507,-1.1079,-169.316,-3.629,-0.557,265.713,-0.0020,-0.0298,0.9517,
1.784,ENC,59.2031,0.0000,29.6016,6.1359,1.1079,-169.604,-3.629,-0.557,265.713,-0.0020,-0.0298,0.9517,
1.802,IMU,59.2031,0.0000,29.6016,6.1359,1.1079,-169.604,-3.646,-0.489,265.802,0.0171,0.0293,1.0659,
1.804,ENC,59.3361,0.0000,29.6680,6.6473,0.0000,-169.985,-3.646,-0.489,265.802,0.0171,0.0293,1.0659,
1.823,IMU,59.3361,0.0000,29.6680,6.6473,0.0000,-169.985,-3.749,-0.474,265.779,0.1196,-0.0127,0.9312,
1.824,ENC,59.4690,0.0000,29.7345,6.6473,0.0000,-170.366,-3.749,-0.474,265.779,0.1196,-0.0127,0.9312,
1.840,ENC,59.6122,0.0000,29.8061,7.1586,0.0000,-170.776,-3.749,-0.474,265.779,0.1196,-0.0127,0.9312,
1.844,IMU,59.6122,0.0000,29.8061,7.1586,0.0000,-170.776,-3.670,-0.668,265.835,-0.0107,-0.1665,1.0400,
1.862,IMU,59.6122,0.0000,29.8061,7.1586,0.0000,-170.776,-3.738,-0.642,265.845,0.1206,-0.0430,1.0200,
1.864,ENC,59.7588,0.0000,29.8794,7.3290,0.0000,-171.196,-3.738,-0.642,265.845,0.1206,-0.0430,1.0200,
1.882,IMU,59.7588,0.0000,29.8794,7.3290,0.0000,-171.196,-3.807,-0.807,265.887,0.1040,-0.1562,0.9243,
1.884,ENC,59.9088,0.1960,30.0524,7.4995,9.8004,-171.064,-3.807,-0.807,265.887,0.1040,-0.1562,0.9243,
1.902,IMU,59.9088,0.1960,30.0524,7.4995,9.8004,-171.064,-3.754,-0.830,265.874,0.0312,-0.0254,1.0542,
1.903,ENC,60.0639,0.0000,30.0319,7.7551,-9.8004,-172.070,-3.754,-0.830,265.874,0.0312,-0.0254,1.0542,
1.922,ENC,60.2275,0.1960,30.2118,8.1812,9.8004,-171.978,-3.754,-0.830,265.874,0.0312,-0.0254,1.0542,
1.944,IMU,60.2275,0.1960,30.2118,8.1812,9.8004,-171.978,-3.817,-0.791,265.898,0.1240,0.0518,1.0288,
1.946,ENC,60.3911,0.0000,30.1956,8.1812,-9.8004,-173.008,-3.817,-0.791,265.898,0.1240,0.0518,1.0288,
1.962,IMU,60.3911,0.0000,30.1956,8.1812,-9.8004,-173.008,-3.879,-0.754,265.837,0.1309,-0.0020,0.9521,
1.964,ENC,60.5616,0.0000,30.2808,8.5221,0.0000,-173.496,-3.879,-0.754,265.837,0.1309,-0.0020,0.9521,
1.982,IMU,60.5616,0.0000,30.2808,8.5221,0.0000,-173.496,-3.931,-0.780,265.882,0.0962,-0.0479,0.8823,
1.984,ENC,60.7320,0.1926,30.4623,8.5221,9.6300,-173.433,-3.931,-0.780,265.882,0.0962,-0.0479,0.8823,
2.000,ENC,60.9059,0.0000,30.4529,8.6926,-9.6300,-174.482,-3.931,-0.780,265.882,0.0962,-0.0479,0.8823,
2.004,IMU,60.9059,0.0000,30.4529,8.6926,-9.6300,-174.482,-3.956,-0.812,265.920,0.0293,-0.0591,1.1289,
2.024,IMU,60.9059,0.0000,30.4529,8.6926,-9.6300,-174.482,-3.938,-0.759,265.968,0.0532,0.0161,1.0601,
2.040,ENC,61.2467,0.0000,30.6234,8.5221,0.0000,-175.459,-3.938,-0.759,265.968,0.0532,0.0161,1.0601,
2.044,IMU,61.2467,0.0000,30.6234,8.5221,0.0000,-175.459,-4.058,-0.741,265.987,0.1997,0.0161,0.8188,
2.082,IMU,61.2467,0.0000,30.6234,8.5221,0.0000,-175.459,-4.071,-0.698,266.100,0.0151,0.0137,1.1011,
2.084,ENC,61.5927,0.0000,30.7964,8.6499,0.0000,-176.450,-4.071,-0.698,266.100,0.0151,0.0137,1.1011,
2.101,ENC,61.7666,0.0000,30.8833,8.6926,0.0000,-176.948,-4.071,-0.698,266.100,0.0151,0.0137,1.1011,
2.104,IMU,61.7666,0.0000,30.8833,8.6926,0.0000,-176.948,-4.147,-0.558,266.170,0.0459,0.0869,1.0625,
2.122,IMU,61.7666,0.0000,30.8833,8.6926,0.0000,-176.948,-4.138,-0.442,266.272,0.0610,0.0664,1.0200,
2.124,ENC,61.9456,0.2045,31.0750,8.9482,10.2265,-176.875,-4.138,-0.442,266.272,0.0610,0.0664,1.0200,
2.142,IMU,61.9456,0.2045,31.0750,8.9482,10.2265,-176.875,-4.035,-0.366,266.292,-0.1084,0.0459,1.1826,
2.144,ENC,62.1194,0.0000,31.0597,8.6926,-10.2265,-177.959,-4.035,-0.366,266.292,-0.1084,0.0459,1.1826,
2.161,ENC,62.2916,0.0000,31.1458,8.6073,0.0000,-178.452,-4.035,-0.366,266.292,-0.1084,0.0459,1.1826,
2.164,IMU,62.2916,0.0000,31.1458,8.6073,0.0000,-178.452,-3.973,-0.330,266.315,-0.0015,0.0137,0.9829,
2.180,ENC,62.4535,0.0000,31.2267,8.0960,0.0000,-178.916,-3.973,-0.330,266.315,-0.0015,0.0137,0.9829,
2.184,IMU,62.4535,0.0000,31.2267,8.0960,0.0000,-178.916,-4.045,-0.326,266.343,0.1514,0.0171,0.8794,
2.216,IMU,62.4535,0.0000,31.2267,8.0960,0.0000,-178.916,-3.913,-0.248,266.385,-0.0103,0.0391,1.0015,
2.218,ENC,62.6171,0.0000,31.3085,8.1812,0.0000,-179.385,-3.913,-0.248,266.385,-0.0103,0.0391,1.0015,
2.220,ENC,62.7739,0.0000,31.3870,7.8403,0.0000,-179.834,-3.913,-0.248,266.385,-0.0103,0.0391,1.0015,
2.224,IMU,62.7739,0.0000,31.3870,7.8403,0.0000,-179.834,-3.929,-0.212,266.427,0.0679,-0.0049,1.0322,
2.245,ENC,62.9239,0.0000,31.4619,7.4995,0.0000,-180.264,-3.929,-0.212,266.427,0.0679,-0.0049,1.0322,
2.260,ENC,63.0620,0.0000,31.5310,6.9029,0.0000,-180.659,-3.929,-0.212,266.427,0.0679,-0.0049,1.0322,
2.263,IMU,63.0620,0.0000,31.5310,6.9029,0.0000,-180.659,-4.013,-0.144,266.556,0.1060,0.0444,0.9907,
2.281,ENC,63.2068,0.0000,31.6034,7.2438,0.0000,-181.074,-4.013,-0.144,266.556,0.1060,0.0444,0.9907,
2.284,IMU,63.2068,0.0000,31.6034,7.2438,0.0000,-181.074,-4.021,-0.095,266.642,0.1030,0.0020,0.9434,
2.302,IMU,63.2068,0.0000,31.6034,7.2438,0.0000,-181.074,-3.978,-0.157,266.696,0.0420,-0.0513,0.9907,
2.303,ENC,63.3500,0.0000,31.6750,7.1586,0.0000,-181.484,-3.978,-0.157,266.696,0.0420,-0.0513,0.9907,
2.322,IMU,63.3500,0.0000,31.6750,7.1586,0.0000,-181.484,-3.874,-0.175,266.756,0.0132,-0.0308,1.0396,
2.342,IMU,63.3500,0.0000,31.6750,7.1586,0.0000,-181.484,-3.814,-0.141,266.884,0.0322,0.0220,0.9604,
2.345,ENC,63.4966,0.0000,31.7483,7.3290,0.0000,-181.904,-3.814,-0.141,266.884,0.0322,0.0220,0.9604,
2.346,ENC,63.6244,0.0000,31.8122,6.3916,0.0000,-182.271,-3.814,-0.141,266.884,0.0322,0.0220,0.9604,
2.362,IMU,63.6244,0.0000,31.8122,6.3916,0.0000,-182.271,-3.800,-0.085,267.055,0.0596,0.0615,1.0786,
2.363,ENC,63.7591,0.0000,31.8795,6.7325,0.0000,-182.656,-3.800,-0.085,267.055,0.0596,0.0615,1.0786,
2.382,IMU,63.7591,0.0000,31.8795,6.7325,0.0000,-182.656,-3.841,-0.149,267.193,0.0957,-0.0713,0.9717,
2.384,ENC,63.8869,0.0000,31.9434,6.3916,0.0000,-183.022,-3.841,-0.149,267.193,0.0957,-0.0713,0.9717,
2.400,ENC,64.0147,0.0000,32.0074,6.3916,0.0000,-183.389,-3.841,-0.149,267.193,0.0957,-0.0713,0.9717,
2.404,IMU,64.0147,0.0000,32.0074,6.3916,0.0000,-183.389,-3.797,-0.047,267.336,-0.0132,0.0894,1.1802,
2.422,IMU,64.0147,0.0000,32.0074,6.3916,0.0000,-183.389,-3.858,0.117,267.425,0.0879,0.0659,0.9023,
2.424,ENC,64.1443,0.0000,32.0721,6.4768,0.0000,-183.760,-3.858,0.117,267.425,0.0879,0.0659,0.9023,
2.440,ENC,64.2755,0.0000,32.1377,6.5620,0.0000,-184.136,-3.858,0.117,267.425,0.0879,0.0659,0.9023,
2.444,IMU,64.2755,0.0000,32.1377,6.5620,0.0000,-184.136,-3.856,-0.060,267.569,0.1104,-0.1196,0.9902,
2.462,IMU,64.2755,0.0000,32.1377,6.5620,0.0000,-184.136,-3.905,0.068,267.721,0.1226,0.1069,0.9233,
2.464,ENC,64.4067,0.0000,32.2034,6.5620,0.0000,-184.512,-3.905,0.068,267.721,0.1226,0.1069,0.9233,
2.482,IMU,64.4067,0.0000,32.2034,6.5620,0.0000,-184.512,-3.953,0.078,267.841,0.1206,0.0005,0.8638,
2.484,ENC,64.5465,0.2045,32.3755,6.9881,10.2265,-184.326,-3.953,0.078,267.841,0.1206,0.0005,0.8638,
2.502,ENC,64.6743,0.0000,32.3372,6.3916,-10.2265,-185.278,-3.953,0.078,267.841,0.1206,0.0005,0.8638,
2.522,IMU,64.6743,0.0000,32.3372,6.3916,-10.2265,-185.278,-3.914,0.211,268.225,0.1279,0.0405,0.8809,
2.524,ENC,64.8090,0.0000,32.4045,6.7325,0.0000,-185.664,-3.914,0.211,268.225,0.1279,0.0405,0.8809,
2.546,ENC,64.9522,0.0000,32.4761,7.1586,0.0000,-186.074,-3.914,0.211,268.225,0.1279,0.0405,0.8809,
2.550,IMU,64.9522,0.0000,32.4761,7.1586,0.0000,-186.074,-3.848,0.127,268.341,0.0132,-0.0698,1.0410,
2.561,ENC,65.0970,0.0000,32.5485,7.2438,0.0000,-186.489,-3.848,0.127,268.341,0.0132,-0.0698,1.0410,
2.565,IMU,65.0970,0.0000,32.5485,7.2438,0.0000,-186.489,-3.875,-0.007,268.513,-0.0308,-0.1670,1.2251,
2.582,IMU,65.0970,0.0000,32.5485,7.2438,0.0000,-186.489,-3.881,0.033,268.683,0.0806,-0.0161,0.9463,
2.584,ENC,65.2351,0.0000,32.6175,6.9029,0.0000,-186.885,-3.881,0.033,268.683,0.0806,-0.0161,0.9463,
2.602,IMU,65.2351,0.0000,32.6175,6.9029,0.0000,-186.885,-3.864,0.045,268.839,0.1069,-0.0083,0.8862,
2.604,ENC,65.3595,0.0000,32.6798,6.2211,0.0000,-187.241,-3.864,0.045,268.839,0.1069,-0.0083,0.8862,
2.622,IMU,65.3595,0.0000,32.6798,6.2211,0.0000,-187.241,-3.820,0.168,268.990,0.0649,0.0791,0.9746,
2.624,ENC,65.4925,0.0000,32.7462,6.6473,0.0000,-187.622,-3.820,0.168,268.990,0.0649,0.0791,0.9746,
2.642,ENC,65.6203,0.0000,32.8101,6.3916,0.0000,-187.988,-3.820,0.168,268.990,0.0649,0.0791,0.9746,
2.645,IMU,65.6203,0.0000,32.8101,6.3916,0.0000,-187.988,-3.866,0.068,269.105,0.0981,-0.0806,1.0815,
2.662,ENC,65.7618,0.2045,32.9831,7.0734,10.2265,-187.808,-3.866,0.068,269.105,0.0981,-0.0806,1.0815,
2.665,IMU,65.7618,0.2045,32.9831,7.0734,10.2265,-187.808,-3.816,0.253,269.266,-0.0039,0.0903,1.0610,
2.682,IMU,65.7618,0.2045,32.9831,7.0734,10.2265,-187.808,-3.731,0.181,269.363,-0.0234,-0.0776,1.0967,
2.684,ENC,65.8930,0.0000,32.9465,6.5620,-10.2265,-188.770,-3.731,0.181,269.363,-0.0234,-0.0776,1.0967,
2.702,IMU,65.8930,0.0000,32.9465,6.5620,-10.2265,-188.770,-3.721,0.192,269.480,0.0659,0.0176,0.9639,
2.705,ENC,66.0345,0.0000,33.0172,7.0734,0.0000,-189.175,-3.721,0.192,269.480,0.0659,0.0176,0.9639,
2.721,ENC,66.1708,0.1960,33.1834,6.8177,9.8004,-189.004,-3.721,0.192,269.480,0.0659,0.0176,0.9639,
2.724,IMU,66.1708,0.1960,33.1834,6.8177,9.8004,-189.004,-3.676,0.071,269.534,0.0747,-0.0806,1.0146,
2.742,IMU,66.1708,0.1960,33.1834,6.8177,9.8004,-189.004,-3.495,0.043,269.574,-0.0693,0.0044,1.0786,
2.744,ENC,66.3106,0.0000,33.1553,6.9881,-9.8004,-189.966,-3.495,0.043,269.574,-0.0693,0.0044,1.0786,
2.763,IMU,66.3106,0.0000,33.1553,6.9881,-9.8004,-189.966,-3.471,0.188,269.665,0.0435,0.1113,1.0503,
2.764,ENC,66.4572,0.0000,33.2286,7.3290,0.0000,-190.386,-3.471,0.188,269.665,0.0435,0.1113,1.0503,
2.780,ENC,66.6140,0.0000,33.3070,7.8403,0.0000,-190.835,-3.471,0.188,269.665,0.0435,0.1113,1.0503,
2.784,IMU,66.6140,0.0000,33.3070,7.8403,0.0000,-190.835,-3.418,0.249,269.727,-0.1230,0.0435,1.2183,
2.802,IMU,66.6140,0.0000,33.3070,7.8403,0.0000,-190.835,-3.403,0.321,269.827,-0.0063,0.0146,1.0581,
2.804,ENC,66.7725,0.0000,33.3862,7.9256,0.0000,-191.289,-3.403,0.321,269.827,-0.0063,0.0146,1.0581,
2.822,IMU,66.7725,0.0000,33.3862,7.9256,0.0000,-191.289,-3.462,0.283,269.956,0.0977,0.0190,0.9609,
2.824,ENC,66.9344,0.0000,33.4672,8.0960,0.0000,-191.753,-3.462,0.283,269.956,0.0977,0.0190,0.9609,
2.842,ENC,67.0895,0.0000,33.5448,7.7551,0.0000,-192.197,-3.462,0.283,269.956,0.0977,0.0190,0.9609,
2.845,IMU,67.0895,0.0000,33.5448,7.7551,0.0000,-192.197,-3.456,0.303,270.034,0.0039,0.0195,1.1357,
2.860,ENC,67.2599,0.0000,33.6300,8.5221,0.0000,-192.686,-3.456,0.303,270.034,0.0039,0.0195,1.1357,
2.864,IMU,67.2599,0.0000,33.6300,8.5221,0.0000,-192.686,-3.371,0.285,270.079,-0.0098,-0.0220,0.9673,
2.881,ENC,67.4304,0.0000,33.7152,8.5221,0.0000,-193.174,-3.371,0.285,270.079,-0.0098,-0.0220,0.9673,
2.884,IMU,67.4304,0.0000,33.7152,8.5221,0.0000,-193.174,-3.296,0.257,270.101,0.0327,-0.0264,1.0688,
2.901,ENC,67.5991,0.0000,33.7996,8.4369,0.0000,-193.657,-3.296,0.257,270.101,0.0327,-0.0264,1.0688,
2.904,IMU,67.5991,0.0000,33.7996,8.4369,0.0000,-193.657,-3.520,0.240,270.121,0.2368,-0.0054,0.8330,
2.922,IMU,67.5991,0.0000,33.7996,8.4369,0.0000,-193.657,-3.515,0.242,270.129,0.0869,0.0156,1.0361,
2.924,ENC,67.7798,0.0000,33.8899,9.0334,0.0000,-194.175,-3.515,0.242,270.129,0.0869,0.0156,1.0361,
2.942,IMU,67.7798,0.0000,33.8899,9.0334,0.0000,-194.175,-3.599,0.185,270.102,0.1987,-0.0586,0.9902,
2.944,ENC,67.9639,0.1960,34.0799,9.2039,9.8004,-194.141,-3.599,0.185,270.102,0.1987,-0.0586,0.9902,
2.962,IMU,67.9639,0.1960,34.0799,9.2039,9.8004,-194.141,-3.584,0.176,270.092,0.0874,-0.0332,0.9849,
2.964,ENC,68.1582,0.0000,34.0791,9.7152,-9.8004,-195.259,-3.584,0.176,270.092,0.0874,-0.0332,0.9849,
2.980,ENC,68.3457,0.0000,34.1728,9.3743,0.0000,-195.796,-3.584,0.176,270.092,0.0874,-0.0332,0.9849,
2.984,IMU,68.3457,0.0000,34.1728,9.3743,0.0000,-195.796,-3.632,0.212,270.117,0.0991,0.0581,1.1626,
3.004,IMU,68.3457,0.0000,34.1728,9.3743,0.0000,-195.796,-3.464,0.290,270.094,-0.0454,0.0352,0.9668,
3.005,ENC,68.5485,0.0000,34.2742,10.1413,0.0000,-196.377,-3.464,0.290,270.094,-0.0454,0.0352,0.9668,
3.021,ENC,68.7462,0.0000,34.3731,9.8857,0.0000,-196.943,-3.464,0.290,270.094,-0.0454,0.0352,0.9668,
3.042,IMU,68.7462,0.0000,34.3731,9.8857,0.0000,-196.943,-3.432,0.322,270.161,0.0498,0.0269,0.9829,
3.043,ENC,68.9388,0.1960,34.5674,9.6300,9.8004,-196.934,-3.432,0.322,270.161,0.0498,0.0269,0.9829,
3.060,ENC,69.1195,0.0000,34.5597,9.0334,-9.8004,-198.013,-3.432,0.322,270.161,0.0498,0.0269,0.9829,
3.064,IMU,69.1195,0.0000,34.5597,9.0334,-9.8004,-198.013,-3.398,0.212,270.204,0.0151,-0.0962,1.0098,
3.081,ENC,69.3035,0.0000,34.6518,9.2039,0.0000,-198.540,-3.398,0.212,270.204,0.0151,-0.0962,1.0098,
3.085,IMU,69.3035,0.0000,34.6518,9.2039,0.0000,-198.540,-3.374,0.203,270.256,0.0718,-0.0107,0.9624,
3.101,ENC,69.4621,0.0000,34.7310,7.9256,0.0000,-198.994,-3.374,0.203,270.256,0.0718,-0.0107,0.9624,
3.110,IMU,69.4621,0.0000,34.7310,7.9256,0.0000,-198.994,-3.240,0.338,270.297,-0.0137,0.0303,0.9653,
3.122,IMU,69.4621,0.0000,34.7310,7.9256,0.0000,-198.994,-3.291,0.289,270.297,0.1392,-0.0415,1.0347,
3.124,ENC,69.6274,0.0000,34.8137,8.2665,0.0000,-199.468,-3.291,0.289,270.297,0.1392,-0.0415,1.0347,
3.141,ENC,69.7774,0.0000,34.8887,7.4995,0.0000,-199.897,-3.291,0.289,270.297,0.1392,-0.0415,1.0347,
3.145,IMU,69.7774,0.0000,34.8887,7.4995,0.0000,-199.897,-3.325,0.364,270.334,0.0356,0.0474,0.9897,
3.162,IMU,69.7774,0.0000,34.8887,7.4995,0.0000,-199.897,-3.357,0.385,270.350,0.0552,0.0259,0.9971,
3.164,ENC,69.9188,0.0000,34.9594,7.0734,0.0000,-200.303,-3.357,0.385,270.350,0.0552,0.0259,0.9971,
3.180,ENC,70.0603,0.0000,35.0302,7.0734,0.0000,-200.708,-3.357,0.385,270.350,0.0552,0.0259,0.9971,
3.185,IMU,70.0603,0.0000,35.0302,7.0734,0.0000,-200.708,-3.482,0.379,270.365,0.2056,-0.0083,0.9780,
3.201,ENC,70.2052,0.1960,35.2006,7.2438,9.8004,-200.562,-3.482,0.379,270.365,0.2056,-0.0083,0.9780,
3.204,IMU,70.2052,0.1960,35.2006,7.2438,9.8004,-200.562,-3.523,0.405,270.402,0.0874,0.0088,1.0161,
3.222,IMU,70.2052,0.1960,35.2006,7.2438,9.8004,-200.562,-3.607,0.423,270.421,0.1270,0.0332,0.9458,
3.224,ENC,70.3535,0.0000,35.1767,7.4142,-9.8004,-201.548,-3.607,0.423,270.421,0.1270,0.0332,0.9458,
3.242,IMU,70.3535,0.0000,35.1767,7.4142,-9.8004,-201.548,-3.505,0.447,270.449,-0.0127,0.0088,1.0479,
3.246,ENC,70.4932,-0.2182,35.1375,6.9881,-10.9083,-202.573,-3.505,0.447,270.449,-0.0127,0.0088,1.0479,
3.261,ENC,70.6415,0.0000,35.3208,7.4142,10.9083,-202.373,-3.505,0.447,270.449,-0.0127,0.0088,1.0479,
3.264,IMU,70.6415,0.0000,35.3208,7.4142,10.9083,-202.373,-3.548,0.449,270.445,0.1235,-0.0273,0.9302,
3.284,IMU,70.6415,0.0000,35.3208,7.4142,10.9083,-202.373,-3.595,0.402,270.472,0.0439,-0.0273,1.0684,
3.285,ENC,70.7949,0.0000,35.3975,7.6699,0.0000,-202.812,-3.595,0.402,270.472,0.0439,-0.0273,1.0684,
3.302,ENC,70.9449,0.0000,35.4725,7.4995,0.0000,-203.242,-3.595,0.402,270.472,0.0439,-0.0273,1.0684,
3.321,ENC,71.0881,0.0000,35.5440,7.1586,0.0000,-203.652,-3.595,0.402,270.472,0.0439,-0.0273,1.0684,
3.324,IMU,71.0881,0.0000,35.5440,7.1586,0.0000,-203.652,-3.654,0.446,270.499,0.1230,-0.0415,0.9829,
3.341,ENC,71.2398,0.0000,35.6199,7.5847,0.0000,-204.087,-3.654,0.446,270.499,0.1230,-0.0415,0.9829,
3.344,IMU,71.2398,0.0000,35.6199,7.5847,0.0000,-204.087,-3.691,0.540,270.505,0.0874,0.0884,0.9712,
3.360,ENC,71.3932,0.0000,35.6966,7.6699,0.0000,-204.526,-3.691,0.540,270.505,0.0874,0.0884,0.9712,
3.363,IMU,71.3932,0.0000,35.6966,7.6699,0.0000,-204.526,-3.726,0.581,270.526,0.0488,0.0425,1.0635,
3.381,ENC,71.5704,-0.2182,35.6761,8.8630,-10.9083,-205.659,-3.726,0.581,270.526,0.0488,0.0425,1.0635,
3.384,IMU,71.5704,-0.2182,35.6761,8.8630,-10.9083,-205.659,-3.624,0.609,270.553,-0.0122,-0.0103,1.0840,
3.402,IMU,71.5704,-0.2182,35.6761,8.8630,-10.9083,-205.659,-3.654,0.610,270.505,0.0933,-0.0132,0.9507,
3.404,ENC,71.7306,0.0000,35.8653,8.0108,10.9083,-205.493,-3.654,0.610,270.505,0.0933,-0.0132,0.9507,
3.423,IMU,71.7306,0.0000,35.8653,8.0108,10.9083,-205.493,-3.657,0.490,270.371,0.1064,-0.0537,0.8975,
3.424,ENC,71.9164,0.0000,35.9582,9.2891,0.0000,-206.025,-3.657,0.490,270.371,0.1064,-0.0537,0.8975,
3.440,ENC,72.0954,0.0000,36.0477,8.9482,0.0000,-206.538,-3.657,0.490,270.371,0.1064,-0.0537,0.8975,
3.444,IMU,72.0954,0.0000,36.0477,8.9482,0.0000,-206.538,-3.664,0.446,270.298,0.0400,-0.0493,1.0034,
3.462,IMU,72.0954,0.0000,36.0477,8.9482,0.0000,-206.538,-3.612,0.382,270.181,0.0386,-0.0679,0.9609,
3.464,ENC,72.2761,0.0000,36.1380,9.0334,0.0000,-207.056,-3.612,0.382,270.181,0.0386,-0.0679,0.9609,
3.481,ENC,72.4601,0.0000,36.2301,9.2039,0.0000,-207.583,-3.612,0.382,270.181,0.0386,-0.0679,0.9609,
3.503,IMU,72.4601,0.0000,36.2301,9.2039,0.0000,-207.583,-3.575,0.449,270.070,0.1196,0.1055,1.0571,
3.505,ENC,72.6357,0.0000,36.3178,8.7778,0.0000,-208.086,-3.575,0.449,270.070,0.1196,0.1055,1.0571,
3.521,ENC,72.8078,0.0000,36.4039,8.6073,0.0000,-208.579,-3.575,0.449,270.070,0.1196,0.1055,1.0571,
3.524,IMU,72.8078,0.0000,36.4039,8.6073,0.0000,-208.579,-3.694,0.576,270.067,0.1484,0.0566,0.9966,
3.542,IMU,72.8078,0.0000,36.4039,8.6073,0.0000,-208.579,-3.647,0.599,269.961,0.0020,0.0615,0.9961,
3.544,ENC,72.9834,0.1824,36.5829,8.7778,9.1187,-208.560,-3.647,0.599,269.961,0.0020,0.0615,0.9961,
3.562,IMU,72.9834,0.1824,36.5829,8.7778,9.1187,-208.560,-3.594,0.550,269.901,-0.0303,0.0132,1.0420,
3.564,ENC,73.1521,0.1824,36.6673,8.4369,0.0000,-209.043,-3.594,0.550,269.901,-0.0303,0.0132,1.0420,
3.581,ENC,73.3158,0.0000,36.6579,8.1812,-9.1187,-210.034,-3.594,0.550,269.901,-0.0303,0.0132,1.0420,
3.585,IMU,73.3158,0.0000,36.6579,8.1812,-9.1187,-210.034,-3.614,0.491,269.910,0.0503,-0.0469,1.0142,
3.602,ENC,73.4675,0.0000,36.7337,7.5847,0.0000,-210.469,-3.614,0.491,269.910,0.0503,-0.0469,1.0142,
3.605,IMU,73.4675,0.0000,36.7337,7.5847,0.0000,-210.469,-3.599,0.504,269.975,0.0732,-0.0273,1.0420,
3.620,ENC,73.6243,0.0000,36.8121,7.8403,0.0000,-210.918,-3.599,0.504,269.975,0.0732,-0.0273,1.0420,
3.624,IMU,73.6243,0.0000,36.8121,7.8403,0.0000,-210.918,-3.573,0.411,269.966,0.0195,-0.0479,0.9683,
3.641,ENC,73.7828,0.0000,36.8914,7.9256,0.0000,-211.372,-3.573,0.411,269.966,0.0195,-0.0479,0.9683,
3.644,IMU,73.7828,0.0000,36.8914,7.9256,0.0000,-211.372,-3.546,0.402,269.978,0.0103,0.0039,0.9912,
3.662,ENC,73.9481,0.3920,37.1701,8.2665,19.6009,-210.723,-3.546,0.402,269.978,0.0103,0.0039,0.9912,
3.666,IMU,73.9481,0.3920,37.1701,8.2665,19.6009,-210.723,-3.505,0.305,269.976,-0.0493,-0.0913,1.0815,
3.680,ENC,74.1237,0.0000,37.0618,8.7778,-19.6009,-212.349,-3.505,0.305,269.976,-0.0493,-0.0913,1.0815,
3.687,IMU,74.1237,0.0000,37.0618,8.7778,-19.6009,-212.349,-3.474,0.370,270.011,-0.0054,0.0469,1.0132,
3.701,ENC,74.3111,0.0000,37.1556,9.3743,0.0000,-212.886,-3.474,0.370,270.011,-0.0054,0.0469,1.0132,
3.705,IMU,74.3111,0.0000,37.1556,9.3743,0.0000,-212.886,-3.537,0.302,269.923,0.1084,-0.0830,1.1313,
3.722,IMU,74.3111,0.0000,37.1556,9.3743,0.0000,-212.886,-3.597,0.180,269.832,0.1323,-0.1123,0.8223,
3.724,ENC,74.5003,0.1960,37.3482,9.4595,9.8004,-212.866,-3.597,0.180,269.832,0.1323,-0.1123,0.8223,
3.743,IMU,74.5003,0.1960,37.3482,9.4595,9.8004,-212.866,-3.623,0.166,269.823,0.0713,0.0107,0.9976,
3.744,ENC,74.6980,0.0000,37.3490,9.8857,-9.8004,-213.994,-3.623,0.166,269.823,0.0713,0.0107,0.9976,
3.765,ENC,74.9026,0.0000,37.4513,10.2265,0.0000,-214.580,-3.623,0.166,269.823,0.0713,0.0107,0.9976,
3.781,ENC,75.1054,0.1960,37.6507,10.1413,9.8004,-214.600,-3.623,0.166,269.823,0.0713,0.0107,0.9976,
3.784,IMU,75.1054,0.1960,37.6507,10.1413,9.8004,-214.600,-3.703,0.167,269.727,0.0537,-0.0117,1.1313,
3.802,IMU,75.1054,0.1960,37.6507,10.1413,9.8004,-214.600,-3.776,0.092,269.663,0.1353,-0.0518,0.9678,
3.804,ENC,75.3168,0.0000,37.6584,10.5674,-9.8004,-215.767,-3.776,0.092,269.663,0.1353,-0.0518,0.9678,
3.823,IMU,75.3168,0.0000,37.6584,10.5674,-9.8004,-215.767,-3.748,0.067,269.604,0.0830,-0.0454,0.9873,
3.824,ENC,75.5315,0.0000,37.7658,10.7379,0.0000,-216.382,-3.748,0.067,269.604,0.0830,-0.0454,0.9873,
3.841,ENC,75.7463,0.0000,37.8731,10.7379,0.0000,-216.997,-3.748,0.067,269.604,0.0830,-0.0454,0.9873,
3.844,IMU,75.7463,0.0000,37.8731,10.7379,0.0000,-216.997,-3.735,0.126,269.504,0.1060,-0.0107,1.0474,
3.862,IMU,75.7463,0.0000,37.8731,10.7379,0.0000,-216.997,-3.832,0.129,269.371,0.1489,-0.0103,0.9019,
3.864,ENC,75.9713,0.0000,37.9856,11.2492,0.0000,-217.642,-3.832,0.129,269.371,0.1489,-0.0103,0.9019,
3.882,IMU,75.9713,0.0000,37.9856,11.2492,0.0000,-217.642,-3.728,0.101,269.361,0.0264,-0.0176,0.9668,
3.886,ENC,76.1928,0.0000,38.0964,11.0788,0.0000,-218.276,-3.728,0.101,269.361,0.0264,-0.0176,0.9668,
3.902,IMU,76.1928,0.0000,38.0964,11.0788,0.0000,-218.276,-3.691,0.173,269.272,0.0283,0.0098,0.9971,
3.904,ENC,76.3922,0.0000,38.1961,9.9709,0.0000,-218.848,-3.691,0.173,269.272,0.0283,0.0098,0.9971,
3.924,IMU,76.3922,0.0000,38.1961,9.9709,0.0000,-218.848,-3.689,0.223,269.163,0.0044,0.0146,1.1113,
3.926,ENC,76.5934,0.0000,38.2967,10.0561,0.0000,-219.424,-3.689,0.223,269.163,0.0044,0.0146,1.1113,
3.943,IMU,76.5934,0.0000,38.2967,10.0561,0.0000,-219.424,-3.687,0.207,269.015,0.0273,-0.0132,1.1074,
3.944,ENC,76.8047,0.1960,38.5004,10.5674,9.8004,-219.468,-3.687,0.207,269.015,0.0273,-0.0132,1.1074,
3.962,IMU,76.8047,0.1960,38.5004,10.5674,9.8004,-219.468,-3.889,0.305,268.778,0.2021,0.0737,0.8818,
3.964,ENC,77.0007,0.0000,38.5004,9.8004,-9.8004,-220.591,-3.889,0.305,268.778,0.2021,0.0737,0.8818,
3.982,IMU,77.0007,0.0000,38.5004,9.8004,-9.8004,-220.591,-4.008,0.367,268.523,0.1592,0.0532,0.9414,
3.984,ENC,77.2018,0.0000,38.6009,10.0561,0.0000,-221.167,-4.008,0.367,268.523,0.1592,0.0532,0.9414,
4.001,ENC,77.4319,0.0000,38.7160,11.5049,0.0000,-221.826,-4.008,0.367,268.523,0.1592,0.0532,0.9414,
4.004,IMU,77.4319,0.0000,38.7160,11.5049,0.0000,-221.826,-3.957,0.308,268.245,0.0635,-0.0005,0.9956,
4.022,IMU,77.4319,0.0000,38.7160,11.5049,0.0000,-221.826,-3.976,0.274,267.965,0.0137,0.0225,1.0171,
4.024,ENC,77.6757,0.0000,38.8378,12.1866,0.0000,-222.524,-3.976,0.274,267.965,0.0137,0.0225,1.0171,
4.042,IMU,77.6757,0.0000,38.8378,12.1866,0.0000,-222.524,-4.068,0.286,267.656,0.1392,0.0239,0.8564,
4.044,ENC,77.9296,0.0000,38.9648,12.6980,0.0000,-223.252,-4.068,0.286,267.656,0.1392,0.0239,0.8564,
4.060,ENC,78.1785,0.0000,39.0892,12.4423,0.0000,-223.965,-4.068,0.286,267.656,0.1392,0.0239,0.8564,
4.064,IMU,78.1785,0.0000,39.0892,12.4423,0.0000,-223.965,-4.143,0.271,267.348,0.1274,0.0200,0.8696,
4.081,ENC,78.4393,0.0000,39.2196,13.0388,0.0000,-224.712,-4.143,0.271,267.348,0.1274,0.0200,0.8696,
4.101,ENC,78.7068,0.0000,39.3534,13.3797,0.0000,-225.479,-4.143,0.271,267.348,0.1274,0.0200,0.8696,
4.104,IMU,78.7068,0.0000,39.3534,13.3797,0.0000,-225.479,-4.240,0.202,266.586,0.2012,-0.0376,0.8613,
4.123,ENC,78.9744,-0.2182,39.3781,13.3797,-10.9083,-226.870,-4.240,0.202,266.586,0.2012,-0.0376,0.8613,
4.129,IMU,78.9744,-0.2182,39.3781,13.3797,-10.9083,-226.870,-4.192,0.215,266.294,0.0317,0.0278,0.9019,
4.142,IMU,78.9744,-0.2182,39.3781,13.3797,-10.9083,-226.870,-4.347,0.256,265.980,0.2031,0.0288,0.9707,
4.144,ENC,79.2506,0.0000,39.6253,13.8058,10.9083,-227.036,-4.347,0.256,265.980,0.2031,0.0288,0.9707,
4.161,ENC,79.5182,0.0000,39.7591,13.3797,0.0000,-227.803,-4.347,0.256,265.980,0.2031,0.0288,0.9707,
4.164,IMU,79.5182,0.0000,39.7591,13.3797,0.0000,-227.803,-4.245,0.225,265.609,0.0278,-0.0200,0.8574,
4.181,ENC,79.7875,0.0000,39.8937,13.4649,0.0000,-228.574,-4.245,0.225,265.609,0.0278,-0.0200,0.8574,
4.184,IMU,79.7875,0.0000,39.8937,13.4649,0.0000,-228.574,-4.156,0.260,265.280,-0.0405,0.0259,1.2568,
4.202,IMU,79.7875,0.0000,39.8937,13.4649,0.0000,-228.574,-4.097,0.181,264.925,0.0142,-0.0132,1.0142,
4.204,ENC,80.0414,0.0000,40.0207,12.6980,0.0000,-229.302,-4.097,0.181,264.925,0.0142,-0.0132,1.0142,
4.221,ENC,80.3005,0.0000,40.1502,12.9536,0.0000,-230.044,-4.097,0.181,264.925,0.0142,-0.0132,1.0142,
4.241,ENC,80.5374,0.2045,40.3710,11.8457,10.2265,-230.137,-4.097,0.181,264.925,0.0142,-0.0132,1.0142,
4.244,IMU,80.5374,0.2045,40.3710,11.8457,10.2265,-230.137,-4.021,0.157,264.121,0.0410,0.0210,0.9692,
4.263,IMU,80.5374,0.2045,40.3710,11.8457,10.2265,-230.137,-4.037,0.143,263.770,0.0620,0.0068,1.0767,
4.264,ENC,80.7794,0.0000,40.3897,12.1014,-10.2265,-231.416,-4.037,0.143,263.770,0.0620,0.0068,1.0767,
4.283,IMU,80.7794,0.0000,40.3897,12.1014,-10.2265,-231.416,-4.045,0.152,263.450,0.1138,0.0161,0.8735,
4.284,ENC,81.0419,0.0000,40.5210,13.1241,0.0000,-232.168,-4.045,0.152,263.450,0.1138,0.0161,0.8735,
4.303,IMU,81.0419,0.0000,40.5210,13.1241,0.0000,-232.168,-4.123,0.153,263.120,0.1084,-0.0083,1.1235,
4.304,ENC,81.2959,0.0000,40.6479,12.6980,0.0000,-232.896,-4.123,0.153,263.120,0.1084,-0.0083,1.1235,
4.322,IMU,81.2959,0.0000,40.6479,12.6980,0.0000,-232.896,-4.051,0.209,262.773,-0.0171,0.0479,1.1616,
4.324,ENC,81.5515,0.0000,40.7758,12.7832,0.0000,-233.628,-4.051,0.209,262.773,-0.0171,0.0479,1.1616,
4.342,IMU,81.5515,0.0000,40.7758,12.7832,0.0000,-233.628,-4.083,0.256,262.439,0.1147,0.0146,1.0527,
4.344,ENC,81.8038,0.0000,40.9019,12.6127,0.0000,-234.351,-4.083,0.256,262.439,0.1147,0.0146,1.0527,
4.362,IMU,81.8038,0.0000,40.9019,12.6127,0.0000,-234.351,-4.003,0.166,262.071,0.0493,-0.0845,0.8896,
4.364,ENC,82.0697,0.0000,41.0348,13.2945,0.0000,-235.112,-4.003,0.166,262.071,0.0493,-0.0845,0.8896,
4.382,IMU,82.0697,0.0000,41.0348,13.2945,0.0000,-235.112,-3.919,0.193,261.685,0.0186,0.0269,0.9097,
4.384,ENC,82.3168,0.1960,41.2564,12.3571,9.8004,-235.259,-3.919,0.193,261.685,0.0186,0.0269,0.9097,
4.414,ENC,82.5759,0.0000,41.2879,12.9536,-9.8004,-236.562,-3.919,0.193,261.685,0.0186,0.0269,0.9097,
4.421,ENC,82.8435,0.0000,41.4217,13.3797,0.0000,-237.329,-3.919,0.193,261.685,0.0186,0.0269,0.9097,
4.424,IMU,82.8435,0.0000,41.4217,13.3797,0.0000,-237.329,-3.978,0.239,261.044,0.0220,0.0215,0.9868,
4.442,IMU,82.8435,0.0000,41.4217,13.3797,0.0000,-237.329,-3.994,0.204,260.673,0.0762,-0.0132,1.0278,
4.444,ENC,83.1094,0.0000,41.5547,13.2945,0.0000,-238.091,-3.994,0.204,260.673,0.0762,-0.0132,1.0278,
4.461,ENC,83.3599,0.0000,41.6800,12.5275,0.0000,-238.809,-3.994,0.204,260.673,0.0762,-0.0132,1.0278,
4.464,IMU,83.3599,0.0000,41.6800,12.5275,0.0000,-238.809,-4.006,0.120,260.305,0.0283,-0.0669,1.0718,
4.486,ENC,83.6020,0.0000,41.8010,12.1014,0.0000,-239.502,-4.006,0.120,260.305,0.0283,-0.0669,1.0718,
4.503,IMU,83.6020,0.0000,41.8010,12.1014,0.0000,-239.502,-4.037,0.131,259.573,0.0947,-0.0376,0.9038,
4.504,ENC,83.8372,0.0000,41.9186,11.7605,0.0000,-240.176,-4.037,0.131,259.573,0.0947,-0.0376,0.9038,
4.521,ENC,84.0536,0.0000,42.0268,10.8231,0.0000,-240.796,-4.037,0.131,259.573,0.0947,-0.0376,0.9038,
4.524,IMU,84.0536,0.0000,42.0268,10.8231,0.0000,-240.796,-3.907,0.075,259.212,-0.0005,-0.0127,0.9204,
4.540,ENC,84.2786,0.0000,42.1393,11.2492,0.0000,-241.440,-3.907,0.075,259.212,-0.0005,-0.0127,0.9204,
4.544,IMU,84.2786,0.0000,42.1393,11.2492,0.0000,-241.440,-3.811,0.024,258.816,-0.0747,-0.0391,1.0928,
4.561,ENC,84.5138,0.0000,42.2569,11.7605,0.0000,-242.114,-3.811,0.024,258.816,-0.0747,-0.0391,1.0928,
4.564,IMU,84.5138,0.0000,42.2569,11.7605,0.0000,-242.114,-3.810,-0.187,258.428,0.0732,-0.0942,0.9878,
4.583,ENC,84.7524,0.0000,42.3762,11.9310,0.0000,-242.798,-3.810,-0.187,258.428,0.0732,-0.0942,0.9878,
4.587,IMU,84.7524,0.0000,42.3762,11.9310,0.0000,-242.798,-3.888,-0.153,258.051,0.1108,0.0176,0.9028,
4.600,ENC,85.0149,-0.2182,42.3984,13.1241,-10.9083,-244.175,-3.888,-0.153,258.051,0.1108,0.0176,0.9028,
4.604,IMU,85.0149,-0.2182,42.3984,13.1241,-10.9083,-244.175,-3.781,-0.162,257.648,-0.0054,-0.0146,0.9697,
4.624,IMU,85.0149,-0.2182,42.3984,13.1241,-10.9083,-244.175,-3.841,-0.091,257.247,0.0918,0.0737,1.0967,
4.626,ENC,85.2672,0.0000,42.6336,12.6127,10.9083,-244.272,-3.841,-0.091,257.247,0.0918,0.0737,1.0967,
4.640,ENC,85.5194,0.0000,42.7597,12.6127,0.0000,-244.995,-3.841,-0.091,257.247,0.0918,0.0737,1.0967,
4.644,IMU,85.5194,0.0000,42.7597,12.6127,0.0000,-244.995,-3.751,-0.117,256.809,0.0049,-0.0034,0.9492,
4.662,IMU,85.5194,0.0000,42.7597,12.6127,0.0000,-244.995,-3.754,-0.149,256.450,0.0488,0.0098,1.0249,
4.664,ENC,85.7819,0.0000,42.8910,13.1241,0.0000,-245.747,-3.754,-0.149,256.450,0.0488,0.0098,1.0249,
4.681,ENC,86.0444,0.0000,43.0222,13.1241,0.0000,-246.499,-3.754,-0.149,256.450,0.0488,0.0098,1.0249,
4.684,IMU,86.0444,0.0000,43.0222,13.1241,0.0000,-246.499,-3.867,-0.177,256.026,0.1777,-0.0117,0.9600,
4.701,ENC,86.3205,0.1960,43.2583,13.8058,9.8004,-246.729,-3.867,-0.177,256.026,0.1777,-0.0117,0.9600,
4.705,IMU,86.3205,0.1960,43.2583,13.8058,9.8004,-246.729,-3.813,-0.157,255.603,-0.0234,0.0596,1.1724,
4.722,IMU,86.3205,0.1960,43.2583,13.8058,9.8004,-246.729,-3.966,-0.239,255.225,0.1885,-0.0171,0.8711,
4.724,ENC,86.5932,0.0000,43.2966,13.6354,-9.8004,-248.071,-3.966,-0.239,255.225,0.1885,-0.0171,0.8711,
4.746,IMU,86.5932,0.0000,43.2966,13.6354,-9.8004,-248.071,-3.945,-0.219,254.839,-0.0215,0.0352,1.1260,
4.748,ENC,86.8421,0.0000,43.4210,12.4423,0.0000,-248.784,-3.945,-0.219,254.839,-0.0215,0.0352,1.1260,
4.762,IMU,86.8421,0.0000,43.4210,12.4423,0.0000,-248.784,-3.942,-0.218,254.480,0.1074,0.0156,0.9946,
4.764,ENC,87.0926,0.0000,43.5463,12.5275,0.0000,-249.502,-3.942,-0.218,254.480,0.1074,0.0156,0.9946,
4.781,ENC,87.3278,0.0000,43.6639,11.7605,0.0000,-250.176,-3.942,-0.218,254.480,0.1074,0.0156,0.9946,
4.784,IMU,87.3278,0.0000,43.6639,11.7605,0.0000,-250.176,-3.937,-0.313,254.155,0.0400,-0.0469,1.0620,
4.801,ENC,87.5681,0.0000,43.7841,12.0162,0.0000,-250.864,-3.937,-0.313,254.155,0.0400,-0.0469,1.0620,
4.804,IMU,87.5681,0.0000,43.7841,12.0162,0.0000,-250.864,-3.842,-0.251,253.809,0.0239,0.0249,1.0625,
4.822,IMU,87.5681,0.0000,43.7841,12.0162,0.0000,-250.864,-3.934,-0.167,253.450,0.1758,0.0381,1.0181,
4.824,ENC,87.8068,0.0000,43.9034,11.9310,0.0000,-251.548,-3.934,-0.167,253.450,0.1758,0.0381,1.0181,
4.840,ENC,88.0505,0.0000,44.0252,12.1866,0.0000,-252.246,-3.934,-0.167,253.450,0.1758,0.0381,1.0181,
4.844,IMU,88.0505,0.0000,44.0252,12.1866,0.0000,-252.246,-4.028,-0.195,253.070,0.0527,-0.0020,0.9365,
4.863,IMU,88.0505,0.0000,44.0252,12.1866,0.0000,-252.246,-4.022,-0.259,252.670,0.0894,-0.0498,0.8584,
4.864,ENC,88.3096,0.0000,44.1548,12.9536,0.0000,-252.988,-4.022,-0.259,252.670,0.0894,-0.0498,0.8584,
4.883,IMU,88.3096,0.0000,44.1548,12.9536,0.0000,-252.988,-4.087,-0.253,252.293,0.0723,0.0049,1.0503,
4.884,ENC,88.5567,0.0000,44.2784,12.3571,0.0000,-253.696,-4.087,-0.253,252.293,0.0723,0.0049,1.0503,
4.901,ENC,88.8039,0.0000,44.4019,12.3571,0.0000,-254.404,-4.087,-0.253,252.293,0.0723,0.0049,1.0503,
4.904,IMU,88.8039,0.0000,44.4019,12.3571,0.0000,-254.404,-4.147,-0.247,251.883,0.0967,0.0298,0.9873,
4.925,IMU,88.8039,0.0000,44.4019,12.3571,0.0000,-254.404,-4.157,-0.247,251.558,0.0840,0.0186,0.9502,
4.926,ENC,89.0578,0.0000,44.5289,12.6980,0.0000,-255.132,-4.157,-0.247,251.558,0.0840,0.0186,0.9502,
4.941,ENC,89.3032,0.0000,44.6516,12.2718,0.0000,-255.835,-4.157,-0.247,251.558,0.0840,0.0186,0.9502,
4.945,IMU,89.3032,0.0000,44.6516,12.2718,0.0000,-255.835,-4.135,-0.238,251.234,0.0620,0.0537,0.8809,
4.962,IMU,89.3032,0.0000,44.6516,12.2718,0.0000,-255.835,-4.121,-0.281,250.877,0.0356,0.0229,0.9365,
4.964,ENC,89.5572,0.0000,44.7786,12.6980,0.0000,-256.563,-4.121,-0.281,250.877,0.0356,0.0229,0.9365,
4.981,ENC,89.8129,0.0000,44.9064,12.7832,0.0000,-257.295,-4.121,-0.281,250.877,0.0356,0.0229,0.9365,
4.984,IMU,89.8129,0.0000,44.9064,12.7832,0.0000,-257.295,-4.052,-0.290,250.545,-0.0342,0.0410,1.0811,
5.001,ENC,90.0719,0.0000,45.0360,12.9536,0.0000,-258.037,-4.052,-0.290,250.545,-0.0342,0.0410,1.0811,
5.020,ENC,90.3072,0.0000,45.1536,11.7605,0.0000,-258.711,-4.052,-0.290,250.545,-0.0342,0.0410,1.0811,
5.028,IMU,90.3072,0.0000,45.1536,11.7605,0.0000,-258.711,-4.164,-0.237,249.882,0.1353,0.0791,0.6987,
5.040,ENC,90.5407,0.0000,45.2703,11.6753,0.0000,-259.380,-4.164,-0.237,249.882,0.1353,0.0791,0.6987,
5.044,IMU,90.5407,0.0000,45.2703,11.6753,0.0000,-259.380,-4.141,-0.250,249.584,0.0605,0.0210,0.9648,
5.062,IMU,90.5407,0.0000,45.2703,11.6753,0.0000,-259.380,-4.146,-0.195,249.347,0.1216,0.0518,1.0479,
5.064,ENC,90.7639,0.0000,45.3820,11.1640,0.0000,-260.020,-4.146,-0.195,249.347,0.1216,0.0518,1.0479,
5.080,ENC,90.9531,0.0000,45.4766,9.4595,0.0000,-260.562,-4.146,-0.195,249.347,0.1216,0.0518,1.0479,
5.084,IMU,90.9531,0.0000,45.4766,9.4595,0.0000,-260.562,-4.068,-0.153,249.111,-0.0122,0.0474,1.0664,
5.101,ENC,91.1645,0.0000,45.5822,10.5674,0.0000,-261.167,-4.068,-0.153,249.111,-0.0122,0.0474,1.0664,
5.104,IMU,91.1645,0.0000,45.5822,10.5674,0.0000,-261.167,-4.013,-0.285,248.822,0.0366,-0.0674,0.9448,
5.122,IMU,91.1645,0.0000,45.5822,10.5674,0.0000,-261.167,-3.937,-0.322,248.603,-0.0171,-0.0078,1.0137,
5.124,ENC,91.3707,0.0000,45.6854,10.3118,0.0000,-261.758,-3.937,-0.322,248.603,-0.0171,-0.0078,1.0137,
5.141,ENC,91.5889,0.0000,45.7944,10.9083,0.0000,-262.383,-3.937,-0.322,248.603,-0.0171,-0.0078,1.0137,
5.160,ENC,91.7917,0.1824,45.9870,10.1413,9.1187,-262.441,-3.937,-0.322,248.603,-0.0171,-0.0078,1.0137,
5.182,IMU,91.7917,0.1824,45.9870,10.1413,9.1187,-262.441,-3.900,-0.285,248.263,0.0454,0.0137,0.9668,
5.201,ENC,92.1769,0.0000,46.0885,9.6300,-4.5593,-264.067,-3.900,-0.285,248.263,0.0454,0.0137,0.9668,
5.204,IMU,92.1769,0.0000,46.0885,9.6300,-4.5593,-264.067,-3.772,-0.254,248.201,-0.0435,0.0483,1.0420,
5.222,IMU,92.1769,0.0000,46.0885,9.6300,-4.5593,-264.067,-3.804,-0.210,248.152,0.0557,0.0063,1.0928,
5.224,ENC,92.3610,0.0000,46.1805,9.2039,0.0000,-264.595,-3.804,-0.210,248.152,0.0557,0.0063,1.0928,
5.243,IMU,92.3610,0.0000,46.1805,9.2039,0.0000,-264.595,-3.752,-0.219,248.108,-0.0073,-0.0293,1.0005,
5.244,ENC,92.5468,-0.2182,46.1643,9.2891,-10.9083,-265.752,-3.752,-0.219,248.108,-0.0073,-0.0293,1.0005,
5.262,IMU,92.5468,-0.2182,46.1643,9.2891,-10.9083,-265.752,-3.662,-0.149,248.152,0.0112,0.0342,0.9404,
5.263,ENC,92.7223,0.0000,46.3612,8.7778,10.9083,-265.630,-3.662,-0.149,248.152,0.0112,0.0342,0.9404,
5.282,IMU,92.7223,0.0000,46.3612,8.7778,10.9083,-265.630,-3.620,-0.212,248.199,0.0674,-0.0039,0.9287,
5.284,ENC,92.9064,0.0000,46.4532,9.2039,0.0000,-266.157,-3.620,-0.212,248.199,0.0674,-0.0039,0.9287,
5.304,IMU,92.9064,0.0000,46.4532,9.2039,0.0000,-266.157,-3.522,-0.230,248.252,-0.0269,-0.0498,1.0127,
5.323,IMU,92.9064,0.0000,46.4532,9.2039,0.0000,-266.157,-3.576,-0.210,248.283,0.0835,0.0347,0.9497,
5.325,ENC,93.2728,0.0000,46.6364,9.1613,0.0000,-267.207,-3.576,-0.210,248.283,0.0835,0.0347,0.9497,
5.341,ENC,93.4535,0.0000,46.7268,9.0334,0.0000,-267.725,-3.576,-0.210,248.283,0.0835,0.0347,0.9497,
5.344,IMU,93.4535,0.0000,46.7268,9.0334,0.0000,-267.725,-3.595,-0.209,248.353,0.0518,-0.0371,1.0396,
5.360,ENC,93.6359,0.0000,46.8179,9.1187,0.0000,-268.247,-3.595,-0.209,248.353,0.0518,-0.0371,1.0396,
5.364,IMU,93.6359,0.0000,46.8179,9.1187,0.0000,-268.247,-3.648,-0.183,248.350,0.1313,-0.0078,1.0190,
5.382,IMU,93.6359,0.0000,46.8179,9.1187,0.0000,-268.247,-3.561,-0.081,248.425,-0.0142,0.0483,0.9692,
5.384,ENC,93.8063,0.0000,46.9032,8.5221,0.0000,-268.735,-3.561,-0.081,248.425,-0.0142,0.0483,0.9692,
5.404,IMU,93.8063,0.0000,46.9032,8.5221,0.0000,-268.735,-3.436,-0.104,248.575,-0.0557,-0.0273,1.0933,
5.406,ENC,93.9614,0.0000,46.9807,7.7551,0.0000,-269.180,-3.436,-0.104,248.575,-0.0557,-0.0273,1.0933,
5.425,IMU,93.9614,0.0000,46.9807,7.7551,0.0000,-269.180,-3.487,-0.129,248.697,0.0791,-0.0332,1.0444,
5.427,ENC,94.1097,0.0000,47.0549,7.4142,0.0000,-269.604,-3.487,-0.129,248.697,0.0791,-0.0332,1.0444,
5.440,ENC,94.2495,0.0000,47.1247,6.9881,0.0000,-270.005,-3.487,-0.129,248.697,0.0791,-0.0332,1.0444,
5.444,IMU,94.2495,0.0000,47.1247,6.9881,0.0000,-270.005,-3.562,-0.098,248.796,0.0928,0.0454,0.9131,
5.461,ENC,94.3944,0.0000,47.1972,7.2438,0.0000,-270.420,-3.562,-0.098,248.796,0.0928,0.0454,0.9131,
5.464,IMU,94.3944,0.0000,47.1972,7.2438,0.0000,-270.420,-3.614,-0.046,248.854,0.1138,0.0405,0.9893,
5.481,ENC,94.5358,0.0000,47.2679,7.0734,0.0000,-270.825,-3.614,-0.046,248.854,0.1138,0.0405,0.9893,
5.484,IMU,94.5358,0.0000,47.2679,7.0734,0.0000,-270.825,-3.713,0.015,248.902,0.0996,0.0391,0.9854,
5.501,ENC,94.6926,0.0000,47.3463,7.8403,0.0000,-271.274,-3.713,0.015,248.902,0.0996,0.0391,0.9854,
5.507,IMU,94.6926,0.0000,47.3463,7.8403,0.0000,-271.274,-3.751,-0.013,248.890,0.1001,0.0215,1.0122,
5.523,IMU,94.6926,0.0000,47.3463,7.8403,0.0000,-271.274,-3.705,0.005,248.908,0.0366,0.0322,1.0508,
5.525,ENC,94.8477,0.0000,47.4239,7.7551,0.0000,-271.719,-3.705,0.005,248.908,0.0366,0.0322,1.0508,
5.542,IMU,94.8477,0.0000,47.4239,7.7551,0.0000,-271.719,-3.660,0.102,248.885,0.0806,0.0420,0.9297,
5.544,ENC,94.9994,0.0000,47.4997,7.5847,0.0000,-272.153,-3.660,0.102,248.885,0.0806,0.0420,0.9297,
5.563,IMU,94.9994,0.0000,47.4997,7.5847,0.0000,-272.153,-3.639,0.154,248.867,0.0190,0.0229,1.1157,
5.564,ENC,95.1545,0.0000,47.5773,7.7551,0.0000,-272.598,-3.639,0.154,248.867,0.0190,0.0229,1.1157,
5.582,IMU,95.1545,0.0000,47.5773,7.7551,0.0000,-272.598,-3.614,0.110,248.873,0.0195,-0.0298,1.0210,
5.584,ENC,95.2994,0.0000,47.6497,7.2438,0.0000,-273.013,-3.614,0.110,248.873,0.0195,-0.0298,1.0210,
5.602,IMU,95.2994,0.0000,47.6497,7.2438,0.0000,-273.013,-3.667,0.103,248.885,0.0967,0.0112,0.9238,
5.604,ENC,95.4494,0.0000,47.7247,7.4995,0.0000,-273.442,-3.667,0.103,248.885,0.0967,0.0112,0.9238,
5.622,IMU,95.4494,0.0000,47.7247,7.4995,0.0000,-273.442,-3.600,0.046,248.914,0.0522,-0.0044,1.1191,
5.624,ENC,95.5926,0.2045,47.8986,7.1586,10.2265,-273.267,-3.600,0.046,248.914,0.0522,-0.0044,1.1191,
5.642,IMU,95.5926,0.2045,47.8986,7.1586,10.2265,-273.267,-3.696,0.129,248.968,0.1206,0.0757,1.0327,
5.644,ENC,95.7443,0.1960,47.9701,7.5847,-0.4261,-273.726,-3.696,0.129,248.968,0.1206,0.0757,1.0327,
5.662,IMU,95.7443,0.1960,47.9701,7.5847,-0.4261,-273.726,-3.642,0.136,248.940,0.0264,0.0444,1.0635,
5.664,ENC,95.8943,0.0000,47.9471,7.4995,-9.8004,-274.717,-3.642,0.136,248.940,0.0264,0.0444,1.0635,
5.682,IMU,95.8943,0.0000,47.9471,7.4995,-9.8004,-274.717,-3.653,0.209,248.990,0.0923,0.0361,0.9736,
5.684,ENC,96.0408,0.0000,48.0204,7.3290,0.0000,-275.137,-3.653,0.209,248.990,0.0923,0.0361,0.9736,
5.702,IMU,96.0408,0.0000,48.0204,7.3290,0.0000,-275.137,-3.557,0.177,248.995,0.0200,-0.0005,1.0586,
5.704,ENC,96.1908,0.0000,48.0954,7.4995,0.0000,-275.566,-3.557,0.177,248.995,0.0200,-0.0005,1.0586,
5.722,IMU,96.1908,0.0000,48.0954,7.4995,0.0000,-275.566,-3.404,0.244,249.017,-0.0645,0.0527,0.9712,
5.724,ENC,96.3408,0.0000,48.1704,7.4995,0.0000,-275.996,-3.404,0.244,249.017,-0.0645,0.0527,0.9712,
5.740,ENC,96.4959,0.0000,48.2480,7.7551,0.0000,-276.440,-3.404,0.244,249.017,-0.0645,0.0527,0.9712,
5.746,IMU,96.4959,0.0000,48.2480,7.7551,0.0000,-276.440,-3.433,0.209,248.995,0.0679,-0.0137,1.0254,
5.761,ENC,96.6561,0.0000,48.3281,8.0108,0.0000,-276.899,-3.433,0.209,248.995,0.0679,-0.0137,1.0254,
5.764,IMU,96.6561,0.0000,48.3281,8.0108,0.0000,-276.899,-3.430,0.188,249.012,0.0391,-0.0024,1.0356,
5.782,IMU,96.6561,0.0000,48.3281,8.0108,0.0000,-276.899,-3.324,0.129,249.070,-0.0273,-0.0386,1.0151,
5.784,ENC,96.8215,0.1960,48.5087,8.2665,9.8004,-276.812,-3.324,0.129,249.070,-0.0273,-0.0386,1.0151,
5.800,ENC,96.9766,0.0000,48.4883,7.7551,-9.8004,-277.817,-3.324,0.129,249.070,-0.0273,-0.0386,1.0151,
5.804,IMU,96.9766,0.0000,48.4883,7.7551,-9.8004,-277.817,-3.256,0.092,249.058,0.0083,-0.0400,1.0610,
5.823,IMU,96.9766,0.0000,48.4883,7.7551,-9.8004,-277.817,-3.311,0.050,249.102,0.0776,-0.0215,0.9785,
5.825,ENC,97.1283,0.1960,48.6621,7.5847,9.8004,-277.690,-3.311,0.050,249.102,0.0776,-0.0215,0.9785,
5.842,ENC,97.2885,0.0000,48.6442,8.0108,-9.8004,-278.711,-3.311,0.050,249.102,0.0776,-0.0215,0.9785,
5.861,ENC,97.4265,0.0000,48.7133,6.9029,0.0000,-279.106,-3.311,0.050,249.102,0.0776,-0.0215,0.9785,
5.864,IMU,97.4265,0.0000,48.7133,6.9029,0.0000,-279.106,-3.401,0.062,249.154,0.0796,-0.0029,1.0190,
5.882,IMU,97.4265,0.0000,48.7133,6.9029,0.0000,-279.106,-3.373,0.013,249.136,0.0439,-0.0449,1.0151,
5.884,ENC,97.5680,0.2045,48.8863,7.0734,10.2265,-278.926,-3.373,0.013,249.136,0.0439,-0.0449,1.0151,
5.903,IMU,97.5680,0.2045,48.8863,7.0734,10.2265,-278.926,-3.430,0.068,249.193,0.1006,0.0767,0.9888,
5.904,ENC,97.7146,0.0000,48.8573,7.3290,-10.2265,-279.932,-3.430,0.068,249.193,0.1006,0.0767,0.9888,
5.922,IMU,97.7146,0.0000,48.8573,7.3290,-10.2265,-279.932,-3.412,0.099,249.220,0.0210,0.0054,1.0850,
5.924,ENC,97.8424,0.0000,48.9212,6.3916,0.0000,-280.298,-3.412,0.099,249.220,0.0210,0.0054,1.0850,
5.942,IMU,97.8424,0.0000,48.9212,6.3916,0.0000,-280.298,-3.454,0.091,249.204,0.0771,0.0132,1.0195,
5.944,ENC,97.9754,0.0000,48.9877,6.6473,0.0000,-280.679,-3.454,0.091,249.204,0.0771,0.0132,1.0195,
5.961,ENC,98.1083,0.1960,49.1522,6.6473,9.8004,-280.498,-3.454,0.091,249.204,0.0771,0.0132,1.0195,
5.964,IMU,98.1083,0.1960,49.1522,6.6473,9.8004,-280.498,-3.437,0.036,249.234,0.0566,-0.0400,1.0015,
5.982,IMU,98.1083,0.1960,49.1522,6.6473,9.8004,-280.498,-3.397,0.035,249.203,0.0508,-0.0044,1.0688,
5.984,ENC,98.2481,0.0000,49.1240,6.9881,-9.8004,-281.460,-3.397,0.035,249.203,0.0508,-0.0044,1.0688,
6.003,ENC,98.3895,0.0000,49.1948,7.0734,0.0000,-281.865,-3.397,0.035,249.203,0.0508,-0.0044,1.0688,
6.022,IMU,98.3895,0.0000,49.1948,7.0734,0.0000,-281.865,-3.391,-0.027,249.279,0.1011,0.0249,1.0215,
6.024,ENC,98.5310,0.0000,49.2655,7.0734,0.0000,-282.271,-3.391,-0.027,249.279,0.1011,0.0249,1.0215,
6.042,IMU,98.5310,0.0000,49.2655,7.0734,0.0000,-282.271,-3.346,0.056,249.290,0.0557,0.0527,0.9219,
6.044,ENC,98.6691,0.0000,49.3345,6.9029,0.0000,-282.666,-3.346,0.056,249.290,0.0557,0.0527,0.9219,
6.061,ENC,98.8173,0.0000,49.4087,7.4142,0.0000,-283.091,-3.346,0.056,249.290,0.0557,0.0527,0.9219,
6.064,IMU,98.8173,0.0000,49.4087,7.4142,0.0000,-283.091,-3.375,-0.021,249.299,0.0493,0.0093,1.0352,
6.082,IMU,98.8173,0.0000,49.4087,7.4142,0.0000,-283.091,-3.368,-0.074,249.303,0.0952,-0.0034,0.9736,
6.083,ENC,98.9571,0.0000,49.4786,6.9881,0.0000,-283.491,-3.368,-0.074,249.303,0.0952,-0.0034,0.9736,
6.101,ENC,99.0952,0.0000,49.5476,6.9029,0.0000,-283.887,-3.368,-0.074,249.303,0.0952,-0.0034,0.9736,
6.104,IMU,99.0952,0.0000,49.5476,6.9029,0.0000,-283.887,-3.429,-0.023,249.347,0.0918,-0.0029,0.9922,
6.122,IMU,99.0952,0.0000,49.5476,6.9029,0.0000,-283.887,-3.460,-0.044,249.329,0.1006,-0.0146,0.9517,
6.124,ENC,99.2383,0.0000,49.6192,7.1586,0.0000,-284.297,-3.460,-0.044,249.329,0.1006,-0.0146,0.9517,
6.142,IMU,99.2383,0.0000,49.6192,7.1586,0.0000,-284.297,-3.477,-0.034,249.383,0.1074,-0.0024,0.9624,
6.143,ENC,99.3798,0.0000,49.6899,7.0734,0.0000,-284.702,-3.477,-0.034,249.383,0.1074,-0.0024,0.9624,
6.162,IMU,99.3798,0.0000,49.6899,7.0734,0.0000,-284.702,-3.454,-0.001,249.389,0.0698,-0.0068,0.9727,
6.164,ENC,99.5400,0.0000,49.7700,8.0108,0.0000,-285.161,-3.454,-0.001,249.389,0.0698,-0.0068,0.9727,
6.182,IMU,99.5400,0.0000,49.7700,8.0108,0.0000,-285.161,-3.476,-0.092,249.370,0.0371,-0.0430,1.0083,
6.184,ENC,99.6866,0.0000,49.8433,7.3290,0.0000,-285.581,-3.476,-0.092,249.370,0.0371,-0.0430,1.0083,
6.203,IMU,99.6866,0.0000,49.8433,7.3290,0.0000,-285.581,-3.471,-0.174,249.386,0.0845,-0.0352,1.0254,
6.204,ENC,99.8434,0.0000,49.9217,7.8403,0.0000,-286.030,-3.471,-0.174,249.386,0.0845,-0.0352,1.0254,
6.222,ENC,99.9968,0.0000,49.9984,7.6699,0.0000,-286.470,-3.471,-0.174,249.386,0.0845,-0.0352,1.0254,
6.225,IMU,99.9968,0.0000,49.9984,7.6699,0.0000,-286.470,-3.492,-0.200,249.364,0.0864,-0.0327,0.9473,
6.244,IMU,99.9968,0.0000,49.9984,7.6699,0.0000,-286.470,-3.501,-0.202,249.407,0.0801,-0.0029,1.0449,
6.246,ENC,100.1604,0.0000,50.0802,8.1812,0.0000,-286.938,-3.501,-0.202,249.407,0.0801,-0.0029,1.0449,
6.260,ENC,100.3138,0.0000,50.1569,7.6699,0.0000,-287.378,-3.501,-0.202,249.407,0.0801,-0.0029,1.0449,
6.263,IMU,100.3138,0.0000,50.1569,7.6699,0.0000,-287.378,-3.473,-0.147,249.395,0.0430,0.0073,0.9697,
6.282,IMU,100.3138,0.0000,50.1569,7.6699,0.0000,-287.378,-3.467,-0.130,249.433,0.0244,0.0117,0.9844,
6.283,ENC,100.4723,0.0000,50.2362,7.9256,0.0000,-287.832,-3.467,-0.130,249.433,0.0244,0.0117,0.9844,
6.301,ENC,100.6257,0.1960,50.4109,7.6699,9.8004,-287.710,-3.467,-0.130,249.433,0.0244,0.0117,0.9844,
6.305,IMU,100.6257,0.1960,50.4109,7.6699,9.8004,-287.710,-3.533,-0.022,249.475,0.0986,0.0391,1.0083,
6.320,ENC,100.7774,0.0000,50.3887,7.5847,-9.8004,-288.706,-3.533,-0.022,249.475,0.0986,0.0391,1.0083,
6.327,IMU,100.7774,0.0000,50.3887,7.5847,-9.8004,-288.706,-3.504,-0.008,249.543,-0.0098,0.0176,0.9648,
6.342,IMU,100.7774,0.0000,50.3887,7.5847,-9.8004,-288.706,-3.444,0.058,249.638,-0.0566,0.0522,1.0845,
6.344,ENC,100.9155,0.1960,50.5557,6.9029,9.8004,-288.540,-3.444,0.058,249.638,-0.0566,0.0522,1.0845,
6.362,IMU,100.9155,0.1960,50.5557,6.9029,9.8004,-288.540,-3.549,0.032,249.685,0.1431,-0.0391,0.8965,
6.364,ENC,101.0501,0.0000,50.5251,6.7325,-9.8004,-289.487,-3.549,0.032,249.685,0.1431,-0.0391,0.8965,
6.382,IMU,101.0501,0.0000,50.5251,6.7325,-9.8004,-289.487,-3.559,0.025,249.753,0.0542,-0.0005,1.0269,
6.384,ENC,101.1950,0.0000,50.5975,7.2438,0.0000,-289.902,-3.559,0.025,249.753,0.0542,-0.0005,1.0269,
6.402,IMU,101.1950,0.0000,50.5975,7.2438,0.0000,-289.902,-3.653,0.064,249.849,0.1484,0.0059,1.0312,
6.404,ENC,101.3399,0.0000,50.6699,7.2438,0.0000,-290.317,-3.653,0.064,249.849,0.1484,0.0059,1.0312,
6.422,IMU,101.3399,0.0000,50.6699,7.2438,0.0000,-290.317,-3.643,0.098,249.940,0.0483,0.0264,0.9155,
6.423,ENC,101.4848,0.1960,50.8404,7.2438,9.8004,-290.171,-3.643,0.098,249.940,0.0483,0.0264,0.9155,
6.443,IMU,101.4848,0.1960,50.8404,7.2438,9.8004,-290.171,-3.577,0.063,249.997,0.0601,-0.0063,0.9922,
6.445,ENC,101.6262,0.0000,50.8131,7.0734,-9.8004,-291.138,-3.577,0.063,249.997,0.0601,-0.0063,0.9922,
6.462,ENC,101.7830,0.0000,50.8915,7.8403,0.0000,-291.587,-3.577,0.063,249.997,0.0601,-0.0063,0.9922,
6.465,IMU,101.7830,0.0000,50.8915,7.8403,0.0000,-291.587,-3.613,0.037,250.031,0.0591,-0.0127,0.8843,
6.482,IMU,101.7830,0.0000,50.8915,7.8403,0.0000,-291.587,-3.594,-0.002,250.120,0.1108,0.0142,0.9907,
6.484,ENC,101.9313,0.0000,50.9657,7.4142,0.0000,-292.012,-3.594,-0.002,250.120,0.1108,0.0142,0.9907,
6.501,ENC,102.0881,0.0000,51.0441,7.8403,0.0000,-292.461,-3.594,-0.002,250.120,0.1108,0.0142,0.9907,
6.504,IMU,102.0881,0.0000,51.0441,7.8403,0.0000,-292.461,-3.729,0.024,250.232,0.2021,-0.0015,0.8828,
6.521,ENC,102.2432,0.0000,51.1216,7.7551,0.0000,-292.905,-3.729,0.024,250.232,0.2021,-0.0015,0.8828,
6.524,IMU,102.2432,0.0000,51.1216,7.7551,0.0000,-292.905,-3.750,-0.021,250.366,0.0645,-0.0249,0.8599,
6.543,IMU,102.2432,0.0000,51.1216,7.7551,0.0000,-292.905,-3.778,-0.044,250.516,0.0698,-0.0024,1.0356,
6.544,ENC,102.3932,0.0000,51.1966,7.4995,0.0000,-293.335,-3.778,-0.044,250.516,0.0698,-0.0024,1.0356,
6.561,ENC,102.5347,0.0000,51.2673,7.0734,0.0000,-293.740,-3.778,-0.044,250.516,0.0698,-0.0024,1.0356,
6.564,IMU,102.5347,0.0000,51.2673,7.0734,0.0000,-293.740,-3.763,0.006,250.626,-0.0249,0.0298,0.9775,
6.582,IMU,102.5347,0.0000,51.2673,7.0734,0.0000,-293.740,-3.710,0.097,250.746,-0.0186,0.0688,1.0825,
6.584,ENC,102.6830,0.0000,51.3415,7.4142,0.0000,-294.165,-3.710,0.097,250.746,-0.0186,0.0688,1.0825,
6.601,ENC,102.8398,0.0000,51.4199,7.8403,0.0000,-294.614,-3.710,0.097,250.746,-0.0186,0.0688,1.0825,
6.604,IMU,102.8398,0.0000,51.4199,7.8403,0.0000,-294.614,-3.667,0.128,250.832,-0.0439,-0.0059,1.0923,
6.622,IMU,102.8398,0.0000,51.4199,7.8403,0.0000,-294.614,-3.596,0.129,250.944,-0.0366,-0.0054,1.0991,
6.624,ENC,102.9915,0.0000,51.4957,7.5847,0.0000,-295.049,-3.596,0.129,250.944,-0.0366,-0.0054,1.0991,
6.642,IMU,102.9915,0.0000,51.4957,7.5847,0.0000,-295.049,-3.527,0.318,251.107,-0.0117,0.0991,1.0942,
6.644,ENC,103.1415,0.0000,51.5707,7.4995,0.0000,-295.479,-3.527,0.318,251.107,-0.0117,0.0991,1.0942,
6.660,ENC,103.2761,0.0000,51.6381,6.7325,0.0000,-295.864,-3.527,0.318,251.107,-0.0117,0.0991,1.0942,
6.665,IMU,103.2761,0.0000,51.6381,6.7325,0.0000,-295.864,-3.482,0.273,251.248,0.0737,-0.0396,0.9121,
6.682,IMU,103.2761,0.0000,51.6381,6.7325,0.0000,-295.864,-3.531,0.230,251.406,0.1182,-0.0146,0.9473,
6.684,ENC,103.3988,0.0000,51.6994,6.1359,0.0000,-296.216,-3.531,0.230,251.406,0.1182,-0.0146,0.9473,
6.702,ENC,103.5198,0.0000,51.7599,6.0507,0.0000,-296.562,-3.531,0.230,251.406,0.1182,-0.0146,0.9473,
6.705,IMU,103.5198,0.0000,51.7599,6.0507,0.0000,-296.562,-3.531,0.165,251.568,0.0820,-0.0254,0.9688,
6.720,ENC,103.6443,0.0000,51.8221,6.2211,0.0000,-296.919,-3.531,0.165,251.568,0.0820,-0.0254,0.9688,
6.724,IMU,103.6443,0.0000,51.8221,6.2211,0.0000,-296.919,-3.625,0.228,251.740,0.1353,0.0425,1.0200,
6.742,IMU,103.6443,0.0000,51.8221,6.2211,0.0000,-296.919,-3.644,0.241,251.912,0.0518,-0.0054,0.9800,
6.744,ENC,103.7329,0.0000,51.8664,4.4315,0.0000,-297.173,-3.644,0.241,251.912,0.0518,-0.0054,0.9800,
6.761,ENC,103.7994,0.0000,51.8997,3.3236,0.0000,-297.363,-3.644,0.241,251.912,0.0518,-0.0054,0.9800,
6.764,IMU,103.7994,0.0000,51.8997,3.3236,0.0000,-297.363,-3.482,0.302,252.225,-0.1074,0.0615,1.1255,
6.782,IMU,103.7994,0.0000,51.8997,3.3236,0.0000,-297.363,-3.452,0.331,252.562,0.0107,0.0220,0.9658,
6.784,ENC,103.8437,0.0000,51.9218,2.2158,0.0000,-297.490,-3.452,0.331,252.562,0.0107,0.0220,0.9658,
6.801,ENC,103.8744,0.0000,51.9372,1.5340,0.0000,-297.578,-3.452,0.331,252.562,0.0107,0.0220,0.9658,
6.804,IMU,103.8744,0.0000,51.9372,1.5340,0.0000,-297.578,-3.401,0.311,252.939,0.0000,-0.0342,0.9883,
6.822,IMU,103.8744,0.0000,51.9372,1.5340,0.0000,-297.578,-3.355,0.347,253.288,0.0269,0.0347,1.1313,
6.824,ENC,103.9084,0.0000,51.9542,1.7044,0.0000,-297.676,-3.355,0.347,253.288,0.0269,0.0347,1.1313,
6.840,ENC,103.9374,0.0000,51.9687,1.4488,0.0000,-297.759,-3.355,0.347,253.288,0.0269,0.0347,1.1313,
6.844,IMU,103.9374,0.0000,51.9687,1.4488,0.0000,-297.759,-3.394,0.459,253.678,0.0752,0.0503,1.0654,
6.861,ENC,103.9681,0.0000,51.9841,1.5340,0.0000,-297.847,-3.394,0.459,253.678,0.0752,0.0503,1.0654,
6.866,IMU,103.9681,0.0000,51.9841,1.5340,0.0000,-297.847,-3.446,0.487,254.012,0.0845,0.0176,0.9541,
6.883,IMU,103.9681,0.0000,51.9841,1.5340,0.0000,-297.847,-3.519,0.526,254.356,0.1230,0.0068,1.1196,
6.884,ENC,104.0056,0.0000,52.0028,1.8749,0.0000,-297.954,-3.519,0.526,254.356,0.1230,0.0068,1.1196,
6.901,ENC,104.0295,0.0000,52.0147,1.1931,0.0000,-298.022,-3.519,0.526,254.356,0.1230,0.0068,1.1196,
6.904,IMU,104.0295,0.0000,52.0147,1.1931,0.0000,-298.022,-3.366,0.597,254.668,-0.0327,0.0708,0.9858,
6.922,IMU,104.0295,0.0000,52.0147,1.1931,0.0000,-298.022,-3.388,0.572,255.017,0.0596,-0.0288,1.0376,
6.924,ENC,104.0636,0.1824,52.1230,1.7044,9.1187,-297.598,-3.388,0.572,255.017,0.0596,-0.0288,1.0376,
6.942,IMU,104.0636,0.1824,52.1230,1.7044,9.1187,-297.598,-3.423,0.549,255.351,0.0557,-0.0098,0.9868,
6.944,ENC,104.0976,0.0000,52.0488,1.7044,-9.1187,-298.218,-3.423,0.549,255.351,0.0557,-0.0098,0.9868,
6.962,IMU,104.0976,0.0000,52.0488,1.7044,-9.1187,-298.218,-3.427,0.560,255.664,0.1387,0.0044,0.8828,
6.964,ENC,104.1283,0.0000,52.0642,1.5340,0.0000,-298.306,-3.427,0.560,255.664,0.1387,0.0044,0.8828,
6.982,IMU,104.1283,0.0000,52.0642,1.5340,0.0000,-298.306,-3.460,0.557,256.004,0.0757,-0.0215,0.9683,
6.984,ENC,104.1658,0.1960,52.1809,1.8749,9.8004,-297.852,-3.460,0.557,256.004,0.0757,-0.0215,0.9683,
7.002,IMU,104.1658,0.1960,52.1809,1.8749,9.8004,-297.852,-3.440,0.568,256.315,0.0928,0.0186,1.0161,
7.003,ENC,104.1999,0.0000,52.1000,1.7044,-9.8004,-298.511,-3.440,0.568,256.315,0.0928,0.0186,1.0161,
7.020,ENC,104.2306,0.0000,52.1153,1.5340,0.0000,-298.599,-3.440,0.568,256.315,0.0928,0.0186,1.0161,
7.024,IMU,104.2306,0.0000,52.1153,1.5340,0.0000,-298.599,-3.451,0.641,256.652,0.0229,0.0117,1.0586,
7.041,ENC,104.2698,0.1960,52.2329,1.9601,9.8004,-298.149,-3.451,0.641,256.652,0.0229,0.0117,1.0586,
7.044,IMU,104.2698,0.1960,52.2329,1.9601,9.8004,-298.149,-3.378,0.577,256.993,-0.0122,-0.0723,1.0088,
7.060,ENC,104.3073,0.0000,52.1536,1.8749,-9.8004,-298.818,-3.378,0.577,256.993,-0.0122,-0.0723,1.0088,
7.064,IMU,104.3073,0.0000,52.1536,1.8749,-9.8004,-298.818,-3.409,0.517,257.340,0.1006,-0.0464,0.9526,
7.083,IMU,104.3073,0.0000,52.1536,1.8749,-9.8004,-298.818,-3.389,0.505,257.679,0.0234,0.0498,1.0435,
7.102,IMU,104.3073,0.0000,52.1536,1.8749,-9.8004,-298.818,-3.421,0.345,258.027,0.0288,-0.1343,1.0005,
7.104,ENC,104.3806,0.0000,52.1903,1.8323,0.0000,-299.028,-3.421,0.345,258.027,0.0288,-0.1343,1.0005,
7.122,IMU,104.3806,0.0000,52.1903,1.8323,0.0000,-299.028,-3.491,0.323,258.351,0.1475,-0.0342,0.8774,
7.124,ENC,104.4317,0.0000,52.2159,2.5566,0.0000,-299.175,-3.491,0.323,258.351,0.1475,-0.0342,0.8774,
7.145,IMU,104.4317,0.0000,52.2159,2.5566,0.0000,-299.175,-3.558,0.280,258.611,0.1011,-0.0088,0.9111,
7.147,ENC,104.4862,-0.2182,52.1340,2.7271,-10.9083,-299.956,-3.558,0.280,258.611,0.1011,-0.0088,0.9111,
7.160,ENC,104.5544,0.0000,52.2772,3.4088,10.9083,-299.526,-3.558,0.280,258.611,0.1011,-0.0088,0.9111,
7.168,IMU,104.5544,0.0000,52.2772,3.4088,10.9083,-299.526,-3.639,0.300,258.910,0.1118,0.0518,1.1069,
7.183,IMU,104.5544,0.0000,52.2772,3.4088,10.9083,-299.526,-3.598,0.129,259.052,-0.0073,-0.1318,1.1504,
7.184,ENC,104.6277,0.0000,52.3139,3.6645,0.0000,-299.736,-3.598,0.129,259.052,-0.0073,-0.1318,1.1504,
7.201,ENC,104.7163,0.1960,52.4562,4.4315,9.8004,-299.429,-3.598,0.129,259.052,-0.0073,-0.1318,1.1504,
7.204,IMU,104.7163,0.1960,52.4562,4.4315,9.8004,-299.429,-3.597,0.162,259.165,0.0718,0.0430,0.9644,
7.222,IMU,104.7163,0.1960,52.4562,4.4315,9.8004,-299.429,-3.695,0.277,259.274,0.1138,0.1064,1.0723,
7.224,ENC,104.8033,0.0000,52.4016,4.3463,-9.8004,-300.239,-3.695,0.277,259.274,0.1138,0.1064,1.0723,
7.242,IMU,104.8033,0.0000,52.4016,4.3463,-9.8004,-300.239,-3.740,0.115,259.275,0.1504,-0.0820,1.0298,
7.244,ENC,104.9345,0.0000,52.4673,6.5620,0.0000,-300.615,-3.740,0.115,259.275,0.1504,-0.0820,1.0298,
7.262,IMU,104.9345,0.0000,52.4673,6.5620,0.0000,-300.615,-3.863,0.130,259.264,0.1401,0.0205,1.0288,
7.264,ENC,105.0743,0.0000,52.5371,6.9881,0.0000,-301.016,-3.863,0.130,259.264,0.1401,0.0205,1.0288,
7.283,IMU,105.0743,0.0000,52.5371,6.9881,0.0000,-301.016,-3.791,0.025,259.186,0.0103,-0.0518,1.0771,
7.284,ENC,105.2277,0.0000,52.6138,7.6699,0.0000,-301.455,-3.791,0.025,259.186,0.0103,-0.0518,1.0771,
7.303,IMU,105.2277,0.0000,52.6138,7.6699,0.0000,-301.455,-3.676,-0.125,259.153,-0.0420,-0.0835,1.0459,
7.304,ENC,105.3930,0.0000,52.6965,8.2665,0.0000,-301.929,-3.676,-0.125,259.153,-0.0420,-0.0835,1.0459,
7.321,ENC,105.5703,0.0000,52.7851,8.8630,0.0000,-302.437,-3.676,-0.125,259.153,-0.0420,-0.0835,1.0459,
7.324,IMU,105.5703,0.0000,52.7851,8.8630,0.0000,-302.437,-3.774,-0.150,259.100,0.1357,-0.0215,0.9683,
7.342,IMU,105.5703,0.0000,52.7851,8.8630,0.0000,-302.437,-3.776,-0.197,259.120,0.0728,-0.0854,0.9800,
7.344,ENC,105.7680,0.0000,52.8840,9.8857,0.0000,-303.003,-3.776,-0.197,259.120,0.0728,-0.0854,0.9800,
7.360,ENC,105.9486,0.0000,52.9743,9.0334,0.0000,-303.521,-3.776,-0.197,259.120,0.0728,-0.0854,0.9800,
7.364,IMU,105.9486,0.0000,52.9743,9.0334,0.0000,-303.521,-3.844,-0.191,259.106,0.1396,-0.0269,0.9438,
7.381,ENC,106.1191,0.0000,53.0595,8.5221,0.0000,-304.009,-3.844,-0.191,259.106,0.1396,-0.0269,0.9438,
7.384,IMU,106.1191,0.0000,53.0595,8.5221,0.0000,-304.009,-3.854,-0.091,259.091,0.0703,0.0386,0.9150,
7.402,IMU,106.1191,0.0000,53.0595,8.5221,0.0000,-304.009,-3.769,0.014,259.032,0.0073,0.1016,0.9438,
7.404,ENC,106.3049,0.0000,53.1524,9.2891,0.0000,-304.541,-3.769,0.014,259.032,0.0073,0.1016,0.9438,
7.422,IMU,106.3049,0.0000,53.1524,9.2891,0.0000,-304.541,-3.796,-0.036,258.998,0.0903,-0.0488,1.0278,
7.424,ENC,106.4872,0.2045,53.3459,9.1187,10.2265,-304.478,-3.796,-0.036,258.998,0.0903,-0.0488,1.0278,
7.442,IMU,106.4872,0.2045,53.3459,9.1187,10.2265,-304.478,-3.772,-0.095,259.009,0.0635,-0.0503,1.0166,
7.443,ENC,106.6628,0.0000,53.3314,8.7778,-10.2265,-305.566,-3.772,-0.095,259.009,0.0635,-0.0503,1.0166,
7.462,IMU,106.6628,0.0000,53.3314,8.7778,-10.2265,-305.566,-3.812,-0.147,259.037,0.0723,-0.0405,1.0796,
7.464,ENC,106.8435,0.0000,53.4217,9.0334,0.0000,-306.084,-3.812,-0.147,259.037,0.0723,-0.0405,1.0796,
7.484,IMU,106.8435,0.0000,53.4217,9.0334,0.0000,-306.084,-3.791,-0.033,259.061,0.0259,0.0737,1.0820,
7.485,ENC,107.0241,0.0000,53.5121,9.0334,0.0000,-306.602,-3.791,-0.033,259.061,0.0259,0.0737,1.0820,
7.502,ENC,107.2099,0.0000,53.6050,9.2891,0.0000,-307.134,-3.791,-0.033,259.061,0.0259,0.0737,1.0820,
7.505,IMU,107.2099,0.0000,53.6050,9.2891,0.0000,-307.134,-3.805,-0.036,259.082,0.0889,0.0059,0.9863,
7.521,ENC,107.3821,0.0000,53.6910,8.6073,0.0000,-307.627,-3.805,-0.036,259.082,0.0889,0.0059,0.9863,
7.525,IMU,107.3821,0.0000,53.6910,8.6073,0.0000,-307.627,-3.821,-0.063,259.033,0.0762,-0.0215,1.0146,
7.542,IMU,107.3821,0.0000,53.6910,8.6073,0.0000,-307.627,-3.779,-0.002,259.060,0.0127,0.0581,0.9819,
7.543,ENC,107.5576,0.0000,53.7788,8.7778,0.0000,-308.130,-3.779,-0.002,259.060,0.0127,0.0581,0.9819,
7.562,IMU,107.5576,0.0000,53.7788,8.7778,0.0000,-308.130,-3.778,-0.036,259.106,0.0298,0.0029,1.0137,
7.564,ENC,107.7212,0.0000,53.8606,8.1812,0.0000,-308.599,-3.778,-0.036,259.106,0.0298,0.0029,1.0137,
7.582,IMU,107.7212,0.0000,53.8606,8.1812,0.0000,-308.599,-3.734,0.032,259.125,-0.0112,0.0430,1.0513,
7.584,ENC,107.8798,0.0000,53.9399,7.9256,0.0000,-309.053,-3.734,0.032,259.125,-0.0112,0.0430,1.0513,
7.602,IMU,107.8798,0.0000,53.9399,7.9256,0.0000,-309.053,-3.687,0.141,259.173,0.0273,0.0674,0.9556,
7.603,ENC,108.0178,0.0000,54.0089,6.9029,0.0000,-309.448,-3.687,0.141,259.173,0.0273,0.0674,0.9556,
7.628,IMU,108.0178,0.0000,54.0089,6.9029,0.0000,-309.448,-3.756,0.213,259.210,0.0747,0.0610,0.9307,
7.641,ENC,108.3025,0.1960,54.2492,7.1160,4.9002,-309.702,-3.756,0.213,259.210,0.0747,0.0610,0.9307,
7.644,IMU,108.3025,0.1960,54.2492,7.1160,4.9002,-309.702,-3.707,0.136,259.198,0.0093,-0.0610,1.0645,
7.662,IMU,108.3025,0.1960,54.2492,7.1160,4.9002,-309.702,-3.684,0.170,259.174,0.0107,0.0215,1.1069,
7.664,ENC,108.4422,0.0000,54.2211,6.9881,-9.8004,-310.664,-3.684,0.170,259.174,0.0107,0.0215,1.1069,
7.680,ENC,108.5786,0.0000,54.2893,6.8177,0.0000,-311.055,-3.684,0.170,259.174,0.0107,0.0215,1.1069,
7.684,IMU,108.5786,0.0000,54.2893,6.8177,0.0000,-311.055,-3.593,0.113,259.199,-0.0059,-0.0708,1.0332,
7.701,ENC,108.7200,0.0000,54.3600,7.0734,0.0000,-311.460,-3.593,0.113,259.199,-0.0059,-0.0708,1.0332,
7.704,IMU,108.7200,0.0000,54.3600,7.0734,0.0000,-311.460,-3.550,0.129,259.251,-0.0117,-0.0166,1.0728,
7.722,IMU,108.7200,0.0000,54.3600,7.0734,0.0000,-311.460,-3.536,0.081,259.301,0.0605,-0.0005,0.9639,
7.726,ENC,108.8598,0.1960,54.5279,6.9881,9.8004,-311.299,-3.536,0.081,259.301,0.0605,-0.0005,0.9639,
7.743,IMU,108.8598,0.1960,54.5279,6.9881,9.8004,-311.299,-3.548,0.021,259.285,0.0854,-0.0205,0.9976,
7.744,ENC,109.0047,0.1960,54.6003,7.2438,0.0000,-311.714,-3.548,0.021,259.285,0.0854,-0.0205,0.9976,
7.761,ENC,109.1496,0.0000,54.5748,7.2438,-9.8004,-312.690,-3.548,0.021,259.285,0.0854,-0.0205,0.9976,
7.782,IMU,109.1496,0.0000,54.5748,7.2438,-9.8004,-312.690,-3.644,0.057,259.285,0.1484,0.0039,0.9873,
7.783,ENC,109.2995,0.0000,54.6498,7.4995,0.0000,-313.120,-3.644,0.057,259.285,0.1484,0.0039,0.9873,
7.802,IMU,109.2995,0.0000,54.6498,7.4995,0.0000,-313.120,-3.564,0.062,259.356,0.0376,0.0034,0.9189,
7.804,ENC,109.4478,0.0000,54.7239,7.4142,0.0000,-313.545,-3.564,0.062,259.356,0.0376,0.0034,0.9189,
7.822,IMU,109.4478,0.0000,54.7239,7.4142,0.0000,-313.545,-3.443,-0.003,259.461,-0.0312,-0.0840,1.0020,
7.824,ENC,109.5910,0.0000,54.7955,7.1586,0.0000,-313.955,-3.443,-0.003,259.461,-0.0312,-0.0840,1.0020,
7.841,ENC,109.7376,0.0000,54.8688,7.3290,0.0000,-314.375,-3.443,-0.003,259.461,-0.0312,-0.0840,1.0020,
7.844,IMU,109.7376,0.0000,54.8688,7.3290,0.0000,-314.375,-3.428,0.033,259.496,0.0078,-0.0161,1.0771,
7.862,IMU,109.7376,0.0000,54.8688,7.3290,0.0000,-314.375,-3.390,0.062,259.526,-0.0142,0.0142,1.0918,
7.864,ENC,109.8910,0.0000,54.9455,7.6699,0.0000,-314.814,-3.390,0.062,259.526,-0.0142,0.0142,1.0918,
7.883,IMU,109.8910,0.0000,54.9455,7.6699,0.0000,-314.814,-3.355,0.076,259.596,0.0347,-0.0098,1.0508,
7.885,ENC,110.0461,0.0000,55.0230,7.7551,0.0000,-315.259,-3.355,0.076,259.596,0.0347,-0.0098,1.0508,
7.903,IMU,110.0461,0.0000,55.0230,7.7551,0.0000,-315.259,-3.275,-0.022,259.606,0.0620,-0.0508,0.9907,
7.922,IMU,110.0461,0.0000,55.0230,7.7551,0.0000,-315.259,-3.247,-0.032,259.649,0.0601,-0.0322,0.9795,
7.924,ENC,110.3512,0.0000,55.1756,7.6273,0.0000,-316.133,-3.247,-0.032,259.649,0.0601,-0.0322,0.9795,
7.944,IMU,110.3512,0.0000,55.1756,7.6273,0.0000,-316.133,-3.228,0.022,259.738,0.0562,0.0229,0.9565,
7.964,IMU,110.3512,0.0000,55.1756,7.6273,0.0000,-316.133,-3.225,0.022,259.814,0.0991,-0.0225,1.0674,
7.983,ENC,110.8267,0.0000,55.4134,7.9256,0.0000,-317.495,-3.225,0.022,259.814,0.0991,-0.0225,1.0674,
7.987,IMU,110.8267,0.0000,55.4134,7.9256,0.0000,-317.495,-3.322,-0.076,259.807,0.1646,-0.0659,0.9951,
8.000,ENC,110.9886,0.0000,55.4943,8.0960,0.0000,-317.959,-3.322,-0.076,259.807,0.1646,-0.0659,0.9951,
8.003,IMU,110.9886,0.0000,55.4943,8.0960,0.0000,-317.959,-3.373,-0.040,259.799,0.0669,0.0283,0.9175,
8.022,IMU,110.9886,0.0000,55.4943,8.0960,0.0000,-317.959,-3.336,-0.014,259.787,0.0835,0.0078,0.9507,
8.024,ENC,111.1557,0.0000,55.5778,8.3517,0.0000,-318.438,-3.336,-0.014,259.787,0.0835,0.0078,0.9507,
8.042,IMU,111.1557,0.0000,55.5778,8.3517,0.0000,-318.438,-3.343,-0.018,259.815,0.0303,-0.0337,0.9438,
8.044,ENC,111.3039,0.1739,55.7389,7.4142,8.6926,-318.364,-3.343,-0.018,259.815,0.0303,-0.0337,0.9438,
8.062,IMU,111.3039,0.1739,55.7389,7.4142,8.6926,-318.364,-3.344,0.040,259.816,0.0396,0.0366,0.9917,
8.082,IMU,111.3039,0.1739,55.7389,7.4142,8.6926,-318.364,-3.284,0.015,259.834,0.0698,-0.0488,0.9673,
8.084,ENC,111.6005,0.0000,55.8003,7.4142,-4.3463,-319.712,-3.284,0.015,259.834,0.0698,-0.0488,0.9673,
8.102,IMU,111.6005,0.0000,55.8003,7.4142,-4.3463,-319.712,-3.265,-0.004,259.864,0.0581,-0.0010,0.9399,
8.104,ENC,111.7454,0.0000,55.8727,7.2438,0.0000,-320.127,-3.265,-0.004,259.864,0.0581,-0.0010,0.9399,
8.121,ENC,111.8766,0.1739,56.0252,6.5620,8.6926,-320.005,-3.265,-0.004,259.864,0.0581,-0.0010,0.9399,
8.124,IMU,111.8766,0.1739,56.0252,6.5620,8.6926,-320.005,-3.314,-0.030,259.946,0.1055,-0.0410,0.9980,
8.142,IMU,111.8766,0.1739,56.0252,6.5620,8.6926,-320.005,-3.296,0.003,259.926,0.0537,-0.0020,1.0376,
8.143,ENC,112.0317,0.0000,56.0159,7.7551,-8.6926,-320.947,-3.296,0.003,259.926,0.0537,-0.0020,1.0376,
8.160,ENC,112.1630,0.0000,56.0815,6.5620,0.0000,-321.323,-3.296,0.003,259.926,0.0537,-0.0020,1.0376,
8.164,IMU,112.1630,0.0000,56.0815,6.5620,0.0000,-321.323,-3.310,-0.008,259.981,0.0762,-0.0273,0.8843,
8.181,ENC,112.3096,0.0000,56.1548,7.3290,0.0000,-321.743,-3.310,-0.008,259.981,0.0762,-0.0273,0.8843,
8.184,IMU,112.3096,0.0000,56.1548,7.3290,0.0000,-321.743,-3.296,0.022,259.962,-0.0093,0.0073,1.1162,
8.200,ENC,112.4527,0.0000,56.2264,7.1586,0.0000,-322.153,-3.296,0.022,259.962,-0.0093,0.0073,1.1162,
8.204,IMU,112.4527,0.0000,56.2264,7.1586,0.0000,-322.153,-3.295,0.065,259.979,0.0298,0.0615,0.9609,
8.224,IMU,112.4527,0.0000,56.2264,7.1586,0.0000,-322.153,-3.280,0.107,260.071,0.0498,0.0483,0.9619,
8.225,ENC,112.6112,0.0000,56.3056,7.9256,0.0000,-322.607,-3.280,0.107,260.071,0.0498,0.0483,0.9619,
8.240,ENC,112.7697,0.0000,56.3849,7.9256,0.0000,-323.062,-3.280,0.107,260.071,0.0498,0.0483,0.9619,
8.243,IMU,112.7697,0.0000,56.3849,7.9256,0.0000,-323.062,-3.266,-0.002,260.109,0.0186,-0.0786,1.0649,
8.261,ENC,112.9300,0.1960,56.5630,8.0108,9.8004,-322.959,-3.266,-0.002,260.109,0.0186,-0.0786,1.0649,
8.264,IMU,112.9300,0.1960,56.5630,8.0108,9.8004,-322.959,-3.252,-0.007,260.132,-0.0029,0.0068,1.0845,
8.300,ENC,113.2572,0.2045,56.7309,8.1812,0.2131,-323.872,-3.252,-0.007,260.132,-0.0029,0.0068,1.0845,
8.304,IMU,113.2572,0.2045,56.7309,8.1812,0.2131,-323.872,-3.243,0.080,260.194,0.0029,-0.0122,1.0312,
8.320,ENC,113.4345,0.0000,56.7172,8.8630,-10.2265,-324.966,-3.243,0.080,260.194,0.0029,-0.0122,1.0312,
8.324,IMU,113.4345,0.0000,56.7172,8.8630,-10.2265,-324.966,-3.173,0.004,260.215,-0.0024,-0.0786,1.0806,
8.343,IMU,113.4345,0.0000,56.7172,8.8630,-10.2265,-324.966,-3.122,0.048,260.269,-0.0684,0.0615,1.1665,
8.344,ENC,113.6032,0.0000,56.8016,8.4369,0.0000,-325.449,-3.122,0.048,260.269,-0.0684,0.0615,1.1665,
8.360,ENC,113.7668,0.0000,56.8834,8.1812,0.0000,-325.918,-3.122,0.048,260.269,-0.0684,0.0615,1.1665,
8.364,IMU,113.7668,0.0000,56.8834,8.1812,0.0000,-325.918,-3.169,-0.002,260.325,0.1235,-0.0352,0.9565,
8.390,IMU,113.7668,0.0000,56.8834,8.1812,0.0000,-325.918,-3.162,0.015,260.363,0.0864,0.0464,1.0039,
8.402,IMU,113.7668,0.0000,56.8834,8.1812,0.0000,-325.918,-3.226,0.015,260.376,0.1333,0.0010,1.0332,
8.422,IMU,113.7668,0.0000,56.8834,8.1812,0.0000,-325.918,-3.197,-0.065,260.388,0.0352,-0.0918,0.9780,
8.424,ENC,114.2918,0.0000,57.1459,8.7494,0.0000,-327.422,-3.197,-0.065,260.388,0.0352,-0.0918,0.9780,
8.440,ENC,114.4520,0.1960,57.3240,8.0108,9.8004,-327.319,-3.197,-0.065,260.388,0.0352,-0.0918,0.9780,
8.444,IMU,114.4520,0.1960,57.3240,8.0108,9.8004,-327.319,-3.187,-0.120,260.401,0.1162,-0.0439,0.9727,
8.462,IMU,114.4520,0.1960,57.3240,8.0108,9.8004,-327.319,-3.202,-0.143,260.379,0.0610,-0.0303,0.9819,
8.464,ENC,114.6190,0.0000,57.3095,8.3517,-9.8004,-328.359,-3.202,-0.143,260.379,0.0610,-0.0303,0.9819,
8.480,ENC,114.7759,0.0000,57.3879,7.8403,0.0000,-328.809,-3.202,-0.143,260.379,0.0610,-0.0303,0.9819,
8.483,IMU,114.7759,0.0000,57.3879,7.8403,0.0000,-328.809,-3.208,-0.088,260.369,0.0215,0.0498,0.9829,
8.502,IMU,114.7759,0.0000,57.3879,7.8403,0.0000,-328.809,-3.203,-0.142,260.443,0.0767,-0.0757,1.0444,
8.504,ENC,114.9361,0.0000,57.4680,8.0108,0.0000,-329.268,-3.203,-0.142,260.443,0.0767,-0.0757,1.0444,
8.520,ENC,115.0878,0.0000,57.5439,7.5847,0.0000,-329.702,-3.203,-0.142,260.443,0.0767,-0.0757,1.0444,
8.524,IMU,115.0878,0.0000,57.5439,7.5847,0.0000,-329.702,-3.213,-0.217,260.437,0.1006,-0.0498,0.9712,
8.542,IMU,115.0878,0.0000,57.5439,7.5847,0.0000,-329.702,-3.199,-0.217,260.489,0.0352,-0.0117,1.0259,
8.544,ENC,115.2378,0.1824,57.7101,7.4995,9.1187,-329.609,-3.199,-0.217,260.489,0.0352,-0.0117,1.0259,
8.562,ENC,115.3826,0.0000,57.6913,7.2438,-9.1187,-330.547,-3.199,-0.217,260.489,0.0352,-0.0117,1.0259,
8.565,IMU,115.3826,0.0000,57.6913,7.2438,-9.1187,-330.547,-3.183,-0.161,260.513,0.0415,0.0229,0.9702,
8.581,ENC,115.5394,0.0000,57.7697,7.8403,0.0000,-330.996,-3.183,-0.161,260.513,0.0415,0.0229,0.9702,
8.584,IMU,115.5394,0.0000,57.7697,7.8403,0.0000,-330.996,-3.188,-0.146,260.545,0.0068,-0.0273,1.1182,
8.602,IMU,115.5394,0.0000,57.7697,7.8403,0.0000,-330.996,-3.222,-0.225,260.589,0.1094,-0.0562,0.8696,
8.604,ENC,115.6911,0.0000,57.8456,7.5847,0.0000,-331.431,-3.222,-0.225,260.589,0.1094,-0.0562,0.8696,
8.625,ENC,115.8479,0.0000,57.9240,7.8403,0.0000,-331.880,-3.222,-0.225,260.589,0.1094,-0.0562,0.8696,
8.628,IMU,115.8479,0.0000,57.9240,7.8403,0.0000,-331.880,-3.178,-0.223,260.597,-0.0254,0.0190,1.0317,
8.642,IMU,115.8479,0.0000,57.9240,7.8403,0.0000,-331.880,-3.311,-0.209,260.567,0.1255,-0.0054,0.8960,
8.644,ENC,116.0116,0.0000,58.0058,8.1812,0.0000,-332.349,-3.311,-0.209,260.567,0.1255,-0.0054,0.8960,
8.662,IMU,116.0116,0.0000,58.0058,8.1812,0.0000,-332.349,-3.357,-0.170,260.604,0.0752,0.0044,0.9268,
8.664,ENC,116.1786,0.0000,58.0893,8.3517,0.0000,-332.827,-3.357,-0.170,260.604,0.0752,0.0044,0.9268,
8.683,IMU,116.1786,0.0000,58.0893,8.3517,0.0000,-332.827,-3.421,-0.213,260.641,0.0522,-0.0723,1.0776,
8.684,ENC,116.3456,0.0000,58.1728,8.3517,0.0000,-333.306,-3.421,-0.213,260.641,0.0522,-0.0723,1.0776,
8.701,ENC,116.5041,0.1960,58.3501,7.9256,9.8004,-333.198,-3.421,-0.213,260.641,0.0522,-0.0723,1.0776,
8.704,IMU,116.5041,0.1960,58.3501,7.9256,9.8004,-333.198,-3.450,-0.352,260.651,0.0195,-0.0708,0.9463,
8.721,ENC,116.6729,0.1960,58.4344,8.4369,0.0000,-333.682,-3.450,-0.352,260.651,0.0195,-0.0708,0.9463,
8.725,IMU,116.6729,0.1960,58.4344,8.4369,0.0000,-333.682,-3.380,-0.434,260.718,-0.0337,-0.0142,1.0405,
8.742,IMU,116.6729,0.1960,58.4344,8.4369,0.0000,-333.682,-3.370,-0.402,260.749,0.0762,0.0693,1.1216,
8.744,ENC,116.8450,0.0000,58.4225,8.6073,-9.8004,-334.736,-3.370,-0.402,260.749,0.0762,0.0693,1.1216,
8.760,ENC,117.0069,0.1926,58.5998,8.0960,9.6300,-334.648,-3.370,-0.402,260.749,0.0762,0.0693,1.1216,
8.763,IMU,117.0069,0.1926,58.5998,8.0960,9.6300,-334.648,-3.453,-0.364,260.750,0.1426,0.0059,0.8135,
8.782,ENC,117.1757,0.0000,58.5878,8.4369,-9.6300,-335.684,-3.453,-0.364,260.750,0.1426,0.0059,0.8135,
8.804,IMU,117.1757,0.0000,58.5878,8.4369,-9.6300,-335.684,-3.489,-0.344,260.909,0.0825,-0.0195,0.8994,
8.806,ENC,117.3410,0.0000,58.6705,8.2665,0.0000,-336.157,-3.489,-0.344,260.909,0.0825,-0.0195,0.8994,
8.820,ENC,117.5080,0.0000,58.7540,8.3517,0.0000,-336.636,-3.489,-0.344,260.909,0.0825,-0.0195,0.8994,
8.823,IMU,117.5080,0.0000,58.7540,8.3517,0.0000,-336.636,-3.471,-0.432,260.957,0.0566,-0.0269,0.9819,
8.840,ENC,117.6870,0.0000,58.8435,8.9482,0.0000,-337.148,-3.471,-0.432,260.957,0.0566,-0.0269,0.9819,
8.846,IMU,117.6870,0.0000,58.8435,8.9482,0.0000,-337.148,-3.496,-0.404,261.022,0.0278,-0.0269,1.0542,
8.862,IMU,117.6870,0.0000,58.8435,8.9482,0.0000,-337.148,-3.488,-0.472,261.053,0.0576,-0.1094,0.9839,
8.863,ENC,117.8643,0.0000,58.9321,8.8630,0.0000,-337.656,-3.488,-0.472,261.053,0.0576,-0.1094,0.9839,
8.887,ENC,118.0330,0.0000,59.0165,8.4369,0.0000,-338.140,-3.488,-0.472,261.053,0.0576,-0.1094,0.9839,
8.891,IMU,118.0330,0.0000,59.0165,8.4369,0.0000,-338.140,-3.479,-0.476,261.050,0.0474,-0.0488,1.0884,
8.902,IMU,118.0330,0.0000,59.0165,8.4369,0.0000,-338.140,-3.582,-0.637,261.091,0.1333,-0.1426,0.8462,
8.904,ENC,118.1966,0.1960,59.1963,8.1812,9.8004,-338.047,-3.582,-0.637,261.091,0.1333,-0.1426,0.8462,
8.920,ENC,118.3534,0.1960,59.2747,7.8403,0.0000,-338.496,-3.582,-0.637,261.091,0.1333,-0.1426,0.8462,
8.924,IMU,118.3534,0.1960,59.2747,7.8403,0.0000,-338.496,-3.499,-0.753,261.084,-0.0190,-0.1201,1.1172,
8.940,ENC,118.5119,0.0000,59.2560,7.9256,-9.8004,-339.512,-3.499,-0.753,261.084,-0.0190,-0.1201,1.1172,
8.944,IMU,118.5119,0.0000,59.2560,7.9256,-9.8004,-339.512,-3.422,-0.788,261.104,-0.0684,-0.0405,1.1660,
8.962,IMU,118.5119,0.0000,59.2560,7.9256,-9.8004,-339.512,-3.360,-0.904,261.121,-0.0420,-0.0850,1.1177,
8.964,ENC,118.6739,0.0000,59.3369,8.0960,0.0000,-339.976,-3.360,-0.904,261.121,-0.0420,-0.0850,1.1177,
8.981,ENC,118.8119,0.0000,59.4060,6.9029,0.0000,-340.371,-3.360,-0.904,261.121,-0.0420,-0.0850,1.1177,
8.984,IMU,118.8119,0.0000,59.4060,6.9029,0.0000,-340.371,-3.281,-0.954,261.134,0.0088,-0.0566,1.1357,
9.002,IMU,118.8119,0.0000,59.4060,6.9029,0.0000,-340.371,-3.493,-0.948,261.191,0.2075,-0.0347,0.8247,
9.003,ENC,118.9619,0.0000,59.4810,7.4995,0.0000,-340.801,-3.493,-0.948,261.191,0.2075,-0.0347,0.8247,
9.022,ENC,119.1136,0.0000,59.5568,7.5847,0.0000,-341.235,-3.493,-0.948,261.191,0.2075,-0.0347,0.8247,
9.044,IMU,119.1136,0.0000,59.5568,7.5847,0.0000,-341.235,-3.593,-1.063,261.344,0.1719,-0.1372,0.9365,
9.045,ENC,119.2653,0.0000,59.6327,7.5847,0.0000,-341.670,-3.593,-1.063,261.344,0.1719,-0.1372,0.9365,
9.063,ENC,119.4340,0.0000,59.7170,8.4369,0.0000,-342.153,-3.593,-1.063,261.344,0.1719,-0.1372,0.9365,
9.082,IMU,119.4340,0.0000,59.7170,8.4369,0.0000,-342.153,-3.540,-0.926,261.332,0.1328,0.0913,1.0132,
9.084,ENC,119.5977,0.0000,59.7988,8.1812,0.0000,-342.622,-3.540,-0.926,261.332,0.1328,0.0913,1.0132,
9.112,ENC,119.7596,0.0000,59.8798,8.0960,0.0000,-343.086,-3.540,-0.926,261.332,0.1328,0.0913,1.0132,
9.121,ENC,119.9232,0.0000,59.9616,8.1812,0.0000,-343.555,-3.540,-0.926,261.332,0.1328,0.0913,1.0132,
9.126,IMU,119.9232,0.0000,59.9616,8.1812,0.0000,-343.555,-3.550,-0.961,261.415,0.0273,-0.0088,1.0825,
9.159,IMU,119.9232,0.0000,59.9616,8.1812,0.0000,-343.555,-3.471,-0.844,261.451,-0.0996,0.0967,1.2319,
9.164,ENC,120.2777,0.0000,60.1389,8.8630,0.0000,-344.570,-3.471,-0.844,261.451,-0.0996,0.0967,1.2319,
9.187,IMU,120.2777,0.0000,60.1389,8.8630,0.0000,-344.570,-3.534,-0.861,261.509,0.0903,0.0225,0.9868,
9.189,ENC,120.4550,0.0000,60.2275,8.8630,0.0000,-345.078,-3.534,-0.861,261.509,0.0903,0.0225,0.9868,
9.203,IMU,120.4550,0.0000,60.2275,8.8630,0.0000,-345.078,-3.608,-0.749,261.601,0.0479,0.1084,1.1030,
9.204,ENC,120.6254,0.0000,60.3127,8.5221,0.0000,-345.566,-3.608,-0.749,261.601,0.0479,0.1084,1.1030,
9.223,IMU,120.6254,0.0000,60.3127,8.5221,0.0000,-345.566,-3.694,-0.873,261.677,0.1470,-0.0776,0.9292,
9.224,ENC,120.8044,0.0000,60.4022,8.9482,0.0000,-346.079,-3.694,-0.873,261.677,0.1470,-0.0776,0.9292,
9.242,IMU,120.8044,0.0000,60.4022,8.9482,0.0000,-346.079,-3.665,-0.871,261.745,0.0601,-0.0132,1.0459,
9.243,ENC,120.9851,0.0000,60.4925,9.0334,0.0000,-346.597,-3.665,-0.871,261.745,0.0601,-0.0132,1.0459,
9.262,IMU,120.9851,0.0000,60.4925,9.0334,0.0000,-346.597,-3.643,-0.941,261.752,0.0298,-0.0884,1.0288,
9.264,ENC,121.1708,0.0000,60.5854,9.2891,0.0000,-347.129,-3.643,-0.941,261.752,0.0298,-0.0884,1.0288,
9.287,ENC,121.3447,0.0000,60.6723,8.6926,0.0000,-347.627,-3.643,-0.941,261.752,0.0298,-0.0884,1.0288,
9.305,IMU,121.3447,0.0000,60.6723,8.6926,0.0000,-347.627,-3.476,-0.892,261.901,0.0723,-0.0142,0.9355,
9.321,ENC,121.6907,0.0000,60.8453,8.6499,0.0000,-348.618,-3.476,-0.892,261.901,0.0723,-0.0142,0.9355,
9.324,IMU,121.6907,0.0000,60.8453,8.6499,0.0000,-348.618,-3.443,-0.882,261.961,-0.0054,-0.0332,1.0391,
9.342,IMU,121.6907,0.0000,60.8453,8.6499,0.0000,-348.618,-3.453,-0.843,261.993,0.0923,0.0156,0.9927,
9.362,IMU,121.6907,0.0000,60.8453,8.6499,0.0000,-348.618,-3.502,-0.797,262.050,0.1416,0.0449,0.9355,
9.364,ENC,122.0248,0.1960,61.1104,8.3517,4.9002,-349.014,-3.502,-0.797,262.050,0.1416,0.0449,0.9355,
9.386,IMU,122.0248,0.1960,61.1104,8.3517,4.9002,-349.014,-3.407,-0.801,262.085,-0.0249,0.0078,1.0591,
9.402,IMU,122.0248,0.1960,61.1104,8.3517,4.9002,-349.014,-3.401,-0.802,262.134,0.0801,-0.0073,0.9102,
9.404,ENC,122.3452,0.0000,61.1726,8.0108,-4.9002,-350.493,-3.401,-0.802,262.134,0.0801,-0.0073,0.9102,
9.420,ENC,122.5088,0.0000,61.2544,8.1812,0.0000,-350.962,-3.401,-0.802,262.134,0.0801,-0.0073,0.9102,
9.424,IMU,122.5088,0.0000,61.2544,8.1812,0.0000,-350.962,-3.520,-0.891,262.172,0.1680,-0.0591,0.9736,
9.443,IMU,122.5088,0.0000,61.2544,8.1812,0.0000,-350.962,-3.514,-0.850,262.197,0.0474,0.0625,1.0630,
9.463,IMU,122.5088,0.0000,61.2544,8.1812,0.0000,-350.962,-3.456,-0.880,262.226,-0.0557,-0.0093,1.1138,
9.464,ENC,122.8480,0.2045,61.5263,8.4795,5.1133,-351.348,-3.456,-0.880,262.226,-0.0557,-0.0093,1.1138,
9.480,ENC,123.0116,0.0000,61.5058,8.1812,-10.2265,-352.402,-3.456,-0.880,262.226,-0.0557,-0.0093,1.1138,
9.484,IMU,123.0116,0.0000,61.5058,8.1812,-10.2265,-352.402,-3.474,-1.012,262.232,0.0972,-0.1152,0.9346,
9.502,IMU,123.0116,0.0000,61.5058,8.1812,-10.2265,-352.402,-3.477,-1.103,262.318,0.0405,-0.1123,0.9487,
9.504,ENC,123.1821,0.0000,61.5910,8.5221,0.0000,-352.891,-3.477,-1.103,262.318,0.0405,-0.1123,0.9487,
9.522,IMU,123.1821,0.0000,61.5910,8.5221,0.0000,-352.891,-3.556,-0.992,262.428,0.0908,0.0366,1.0015,
9.524,ENC,123.3491,0.1960,61.7726,8.3517,9.8004,-352.808,-3.556,-0.992,262.428,0.0908,0.0366,1.0015,
9.542,IMU,123.3491,0.1960,61.7726,8.3517,9.8004,-352.808,-3.609,-0.956,262.497,0.1187,0.0171,0.9438,
9.544,ENC,123.5247,0.0000,61.7623,8.7778,-9.8004,-353.872,-3.609,-0.956,262.497,0.1187,0.0171,0.9438,
9.561,ENC,123.6985,0.0000,61.8493,8.6926,0.0000,-354.370,-3.609,-0.956,262.497,0.1187,0.0171,0.9438,
9.564,IMU,123.6985,0.0000,61.8493,8.6926,0.0000,-354.370,-3.517,-0.940,262.539,0.0391,0.0142,1.0449,
9.582,IMU,123.6985,0.0000,61.8493,8.6926,0.0000,-354.370,-3.462,-0.907,262.588,0.0195,0.0024,1.0444,
9.584,ENC,123.8707,0.0000,61.9353,8.6073,0.0000,-354.863,-3.462,-0.907,262.588,0.0195,0.0024,1.0444,
9.601,ENC,124.0377,0.2045,62.1211,8.3517,10.2265,-354.756,-3.462,-0.907,262.588,0.0195,0.0024,1.0444,
9.604,IMU,124.0377,0.2045,62.1211,8.3517,10.2265,-354.756,-3.483,-0.907,262.670,0.0532,-0.0181,0.8677,
9.620,ENC,124.2098,0.0000,62.1049,8.6073,-10.2265,-355.835,-3.483,-0.907,262.670,0.0532,-0.0181,0.8677,
9.626,IMU,124.2098,0.0000,62.1049,8.6073,-10.2265,-355.835,-3.445,-0.988,262.665,0.0464,-0.0610,0.9863,
9.642,IMU,124.2098,0.0000,62.1049,8.6073,-10.2265,-355.835,-3.523,-0.969,262.695,0.1104,-0.0112,1.0234,
9.644,ENC,124.3871,0.0000,62.1935,8.8630,0.0000,-356.343,-3.523,-0.969,262.695,0.1104,-0.0112,1.0234,
9.660,ENC,124.5626,0.0000,62.2813,8.7778,0.0000,-356.846,-3.523,-0.969,262.695,0.1104,-0.0112,1.0234,
9.664,IMU,124.5626,0.0000,62.2813,8.7778,0.0000,-356.846,-3.497,-0.941,262.732,-0.0259,0.0405,1.1313,
9.682,IMU,124.5626,0.0000,62.2813,8.7778,0.0000,-356.846,-3.503,-1.047,262.762,0.0605,-0.0703,0.8916,
9.684,ENC,124.7467,0.0000,62.3734,9.2039,0.0000,-357.373,-3.503,-1.047,262.762,0.0605,-0.0703,0.8916,
9.703,ENC,124.9206,0.0000,62.4603,8.6926,0.0000,-357.871,-3.503,-1.047,262.762,0.0605,-0.0703,0.8916,
9.720,ENC,125.0927,0.0000,62.5464,8.6073,0.0000,-358.364,-3.503,-1.047,262.762,0.0605,-0.0703,0.8916,
9.726,IMU,125.0927,0.0000,62.5464,8.6073,0.0000,-358.364,-3.544,-0.940,262.796,-0.0225,0.0229,1.0571,
9.742,IMU,125.0927,0.0000,62.5464,8.6073,0.0000,-358.364,-3.621,-0.939,262.889,0.1475,-0.0010,0.8623,
9.744,ENC,125.2563,0.2045,62.7304,8.1812,10.2265,-358.247,-3.621,-0.939,262.889,0.1475,-0.0010,0.8623,
9.765,IMU,125.2563,0.2045,62.7304,8.1812,10.2265,-358.247,-3.674,-0.932,262.994,0.1128,-0.0010,0.8970,
9.780,ENC,125.5734,0.0000,62.7867,7.9256,-5.1133,-359.741,-3.674,-0.932,262.994,0.1128,-0.0010,0.8970,
9.783,IMU,125.5734,0.0000,62.7867,7.9256,-5.1133,-359.741,-3.697,-1.043,263.000,0.0259,-0.1260,1.1226,
9.800,ENC,125.7302,0.0000,62.8651,7.8403,0.0000,-360.190,-3.697,-1.043,263.000,0.0259,-0.1260,1.1226,
9.804,IMU,125.7302,0.0000,62.8651,7.8403,0.0000,-360.190,-3.678,-1.012,263.062,0.0405,-0.0117,0.9229,
9.822,IMU,125.7302,0.0000,62.8651,7.8403,0.0000,-360.190,-3.561,-1.042,263.083,-0.0732,-0.0508,1.0366,
9.824,ENC,125.8734,0.0000,62.9367,7.1586,0.0000,-360.601,-3.561,-1.042,263.083,-0.0732,-0.0508,1.0366,
9.842,IMU,125.8734,0.0000,62.9367,7.1586,0.0000,-360.601,-3.538,-1.004,263.119,0.0063,0.0132,1.1294,
9.844,ENC,126.0421,0.0000,63.0210,8.4369,0.0000,-361.084,-3.538,-1.004,263.119,0.0063,0.0132,1.1294,
9.862,IMU,126.0421,0.0000,63.0210,8.4369,0.0000,-361.084,-3.560,-0.982,263.119,0.0317,-0.0254,1.0820,
9.863,ENC,126.1921,0.0000,63.0960,7.4995,0.0000,-361.514,-3.560,-0.982,263.119,0.0317,-0.0254,1.0820,
9.881,ENC,126.3472,0.0000,63.1736,7.7551,0.0000,-361.958,-3.560,-0.982,263.119,0.0317,-0.0254,1.0820,
9.884,IMU,126.3472,0.0000,63.1736,7.7551,0.0000,-361.958,-3.436,-1.013,263.130,-0.0454,-0.0601,1.0781,
9.902,IMU,126.3472,0.0000,63.1736,7.7551,0.0000,-361.958,-3.514,-0.875,263.182,0.1338,0.0732,0.8892,
9.904,ENC,126.4972,0.0000,63.2486,7.4995,0.0000,-362.388,-3.514,-0.875,263.182,0.1338,0.0732,0.8892,
9.922,ENC,126.6540,0.0000,63.3270,7.8403,0.0000,-362.837,-3.514,-0.875,263.182,0.1338,0.0732,0.8892,
9.940,ENC,126.8125,0.0000,63.4062,7.9256,0.0000,-363.291,-3.514,-0.875,263.182,0.1338,0.0732,0.8892,
9.944,IMU,126.8125,0.0000,63.4062,7.9256,0.0000,-363.291,-3.541,-0.940,263.256,0.0410,-0.0908,1.0967,
9.960,ENC,126.9676,0.0000,63.4838,7.7551,0.0000,-363.735,-3.541,-0.940,263.256,0.0410,-0.0908,1.0967,
9.963,IMU,126.9676,0.0000,63.4838,7.7551,0.0000,-363.735,-3.545,-0.932,263.348,0.0659,-0.0181,0.9453,
9.982,IMU,126.9676,0.0000,63.4838,7.7551,0.0000,-363.735,-3.464,-0.931,263.383,-0.0088,-0.0342,1.0264,
9.984,ENC,127.1329,0.1960,63.6645,8.2665,9.8004,-363.647,-3.464,-0.931,263.383,-0.0088,-0.0342,1.0264,
10.000,ENC,127.3085,0.0000,63.6542,8.7778,-9.8004,-364.712,-3.464,-0.931,263.383,-0.0088,-0.0342,1.0264,
10.022,IMU,127.3085,0.0000,63.6542,8.7778,-9.8004,-364.712,-3.522,-1.021,263.413,0.0908,-0.0757,0.9551,
10.024,ENC,127.4874,0.0000,63.7437,8.9482,0.0000,-365.225,-3.522,-1.021,263.413,0.0908,-0.0757,0.9551,
10.041,ENC,127.6630,0.0000,63.8315,8.7778,0.0000,-365.728,-3.522,-1.021,263.413,0.0908,-0.0757,0.9551,
10.044,IMU,127.6630,0.0000,63.8315,8.7778,0.0000,-365.728,-3.412,-1.053,263.436,-0.0640,-0.0479,1.0986,
10.065,IMU,127.6630,0.0000,63.8315,8.7778,0.0000,-365.728,-3.348,-1.069,263.438,0.0342,-0.0078,0.8994,
10.080,ENC,128.0311,0.2045,64.1178,9.2039,5.1133,-366.196,-3.348,-1.069,263.438,0.0342,-0.0078,0.8994,
10.083,IMU,128.0311,0.2045,64.1178,9.2039,5.1133,-366.196,-3.355,-1.013,263.480,0.0171,0.0103,1.0679,
10.100,ENC,128.2118,0.0000,64.1059,9.0334,-10.2265,-367.300,-3.355,-1.013,263.480,0.0171,0.0103,1.0679,
10.104,IMU,128.2118,0.0000,64.1059,9.0334,-10.2265,-367.300,-3.268,-0.991,263.517,-0.1001,0.0337,1.0898,
10.122,IMU,128.2118,0.0000,64.1059,9.0334,-10.2265,-367.300,-3.262,-0.912,263.554,0.0210,0.1201,1.0850,
10.124,ENC,128.3840,0.0000,64.1920,8.6073,0.0000,-367.793,-3.262,-0.912,263.554,0.0210,0.1201,1.0850,
10.142,IMU,128.3840,0.0000,64.1920,8.6073,0.0000,-367.793,-3.259,-0.978,263.662,0.0317,-0.0596,1.0078,
10.144,ENC,128.5493,0.0000,64.2746,8.2665,0.0000,-368.267,-3.259,-0.978,263.662,0.0317,-0.0596,1.0078,
10.160,ENC,128.7129,0.0000,64.3565,8.1812,0.0000,-368.735,-3.259,-0.978,263.662,0.0317,-0.0596,1.0078,
10.163,IMU,128.7129,0.0000,64.3565,8.1812,0.0000,-368.735,-3.250,-0.991,263.700,0.0718,-0.0156,0.9756,
10.182,IMU,128.7129,0.0000,64.3565,8.1812,0.0000,-368.735,-3.185,-0.926,263.764,-0.0381,0.0464,1.1089,
10.184,ENC,128.8731,0.1926,64.5329,8.0108,9.6300,-368.643,-3.185,-0.926,263.764,-0.0381,0.0464,1.1089,
10.200,ENC,129.0265,0.0000,64.5133,7.6699,-9.6300,-369.634,-3.185,-0.926,263.764,-0.0381,0.0464,1.1089,
10.205,IMU,129.0265,0.0000,64.5133,7.6699,-9.6300,-369.634,-3.135,-0.994,263.802,0.0244,-0.0557,1.0039,
10.222,IMU,129.0265,0.0000,64.5133,7.6699,-9.6300,-369.634,-3.132,-0.948,263.874,0.0610,-0.0083,1.0674,
10.224,ENC,129.1799,0.0000,64.5900,7.6699,0.0000,-370.073,-3.132,-0.948,263.874,0.0610,-0.0083,1.0674,
10.242,IMU,129.1799,0.0000,64.5900,7.6699,0.0000,-370.073,-3.085,-0.987,263.907,-0.0254,0.0156,1.0283,
10.244,ENC,129.3282,0.0000,64.6641,7.4142,0.0000,-370.498,-3.085,-0.987,263.907,-0.0254,0.0156,1.0283,
10.262,IMU,129.3282,0.0000,64.6641,7.4142,0.0000,-370.498,-3.057,-1.054,263.944,0.0488,-0.0708,1.0728,
10.264,ENC,129.4833,0.1960,64.8397,7.7551,9.8004,-370.381,-3.057,-1.054,263.944,0.0488,-0.0708,1.0728,
10.282,IMU,129.4833,0.1960,64.8397,7.7551,9.8004,-370.381,-3.055,-1.027,263.953,0.0381,0.0000,1.0181,
10.284,ENC,129.6367,0.0000,64.8184,7.6699,-9.8004,-371.382,-3.055,-1.027,263.953,0.0381,0.0000,1.0181,
10.302,IMU,129.6367,0.0000,64.8184,7.6699,-9.8004,-371.382,-3.052,-1.057,264.011,0.0225,-0.0322,1.0811,
10.304,ENC,129.8020,0.0000,64.9010,8.2665,0.0000,-371.855,-3.052,-1.057,264.011,0.0225,-0.0322,1.0811,
10.322,IMU,129.8020,0.0000,64.9010,8.2665,0.0000,-371.855,-3.158,-1.100,264.100,0.1538,-0.0425,0.9614,
10.324,ENC,129.9657,0.0000,64.9828,8.1812,0.0000,-372.324,-3.158,-1.100,264.100,0.1538,-0.0425,0.9614,
10.340,ENC,130.1276,0.1960,65.1618,8.0960,9.8004,-372.227,-3.158,-1.100,264.100,0.1538,-0.0425,0.9614,
10.344,IMU,130.1276,0.1960,65.1618,8.0960,9.8004,-372.227,-3.208,-1.109,264.153,0.1768,-0.0391,0.9517,
10.361,ENC,130.2980,0.0000,65.1490,8.5221,-9.8004,-373.276,-3.208,-1.109,264.153,0.1768,-0.0391,0.9517,
10.364,IMU,130.2980,0.0000,65.1490,8.5221,-9.8004,-373.276,-3.103,-1.117,264.180,-0.1191,-0.0654,1.1899,
10.383,ENC,130.4514,0.0000,65.2257,7.6699,0.0000,-373.716,-3.103,-1.117,264.180,-0.1191,-0.0654,1.1899,
10.400,ENC,130.6185,0.0000,65.3092,8.3517,0.0000,-374.194,-3.103,-1.117,264.180,-0.1191,-0.0654,1.1899,
10.404,IMU,130.6185,0.0000,65.3092,8.3517,0.0000,-374.194,-3.098,-1.065,264.312,-0.0088,0.0488,1.0518,
10.445,ENC,130.7872,0.0000,65.3936,8.4369,0.0000,-374.678,-3.098,-1.065,264.312,-0.0088,0.0488,1.0518,
10.449,IMU,130.7872,0.0000,65.3936,8.4369,0.0000,-374.678,-3.112,-1.153,264.406,0.0776,-0.0488,0.9443,
10.452,IMU,130.7872,0.0000,65.3936,8.4369,0.0000,-374.678,-3.119,-1.185,264.511,0.0073,-0.0542,1.1260,
10.461,ENC,131.1110,0.0000,65.5555,8.0960,0.0000,-375.605,-3.119,-1.185,264.511,0.0073,-0.0542,1.1260,
10.464,IMU,131.1110,0.0000,65.5555,8.0960,0.0000,-375.605,-3.134,-1.076,264.590,0.0366,0.0352,1.0410,
10.480,ENC,131.2713,0.0000,65.6356,8.0108,0.0000,-376.064,-3.134,-1.076,264.590,0.0366,0.0352,1.0410,
10.484,IMU,131.2713,0.0000,65.6356,8.0108,0.0000,-376.064,-3.047,-1.026,264.686,-0.0845,0.0625,1.1143,
10.500,ENC,131.4315,0.0000,65.7157,8.0108,0.0000,-376.523,-3.047,-1.026,264.686,-0.0845,0.0625,1.1143,
10.504,IMU,131.4315,0.0000,65.7157,8.0108,0.0000,-376.523,-3.073,-0.945,264.774,0.0513,0.0278,1.0913,
10.524,IMU,131.4315,0.0000,65.7157,8.0108,0.0000,-376.523,-3.062,-0.898,264.896,0.0249,0.0083,1.0469,
10.540,ENC,131.7604,0.0000,65.8802,8.2238,0.0000,-377.466,-3.062,-0.898,264.896,0.0249,0.0083,1.0469,
10.544,IMU,131.7604,0.0000,65.8802,8.2238,0.0000,-377.466,-3.081,-0.901,264.962,0.0244,-0.0356,1.0630,
10.562,IMU,131.7604,0.0000,65.8802,8.2238,0.0000,-377.466,-2.924,-0.890,265.038,-0.1353,0.0435,1.1577,
10.564,ENC,131.9258,0.1960,66.0609,8.2665,9.8004,-377.378,-2.924,-0.890,265.038,-0.1353,0.0435,1.1577,
10.582,IMU,131.9258,0.1960,66.0609,8.2665,9.8004,-377.378,-2.863,-0.984,265.093,-0.0146,-0.0210,1.0923,
10.584,ENC,132.0792,0.1960,66.1376,7.6699,0.0000,-377.817,-2.863,-0.984,265.093,-0.0146,-0.0210,1.0923,
10.602,IMU,132.0792,0.1960,66.1376,7.6699,0.0000,-377.817,-2.920,-0.942,265.107,0.0840,-0.0156,0.9502,
10.604,ENC,132.2394,0.1824,66.2109,8.0108,-0.6818,-378.315,-2.920,-0.942,265.107,0.0840,-0.0156,0.9502,
10.623,IMU,132.2394,0.1824,66.2109,8.0108,-0.6818,-378.315,-2.948,-0.914,265.123,0.0957,0.0000,0.9180,
10.624,ENC,132.3979,0.0000,66.1989,7.9256,-9.1187,-379.292,-2.948,-0.914,265.123,0.0957,0.0000,0.9180,
10.642,IMU,132.3979,0.0000,66.1989,7.9256,-9.1187,-379.292,-2.950,-0.844,265.216,0.0527,0.0083,0.9722,
10.643,ENC,132.5479,0.0000,66.2739,7.4995,0.0000,-379.722,-2.950,-0.844,265.216,0.0527,0.0083,0.9722,
10.662,IMU,132.5479,0.0000,66.2739,7.4995,0.0000,-379.722,-3.146,-0.855,265.244,0.2314,0.0083,0.8237,
10.664,ENC,132.7030,0.0000,66.3515,7.7551,0.0000,-380.166,-3.146,-0.855,265.244,0.2314,0.0083,0.8237,
10.683,IMU,132.7030,0.0000,66.3515,7.7551,0.0000,-380.166,-3.275,-0.827,265.355,0.1973,0.0190,0.8901,
10.685,ENC,132.8496,0.0000,66.4248,7.3290,0.0000,-380.586,-3.275,-0.827,265.355,0.1973,0.0190,0.8901,
10.702,IMU,132.8496,0.0000,66.4248,7.3290,0.0000,-380.586,-3.376,-0.870,265.417,0.1597,-0.0391,0.9512,
10.704,ENC,132.9825,0.0000,66.4912,6.6473,0.0000,-380.967,-3.376,-0.870,265.417,0.1597,-0.0391,0.9512,
10.720,ENC,133.1308,0.0000,66.5654,7.4142,0.0000,-381.392,-3.376,-0.870,265.417,0.1597,-0.0391,0.9512,
10.724,IMU,133.1308,0.0000,66.5654,7.4142,0.0000,-381.392,-3.335,-0.807,265.421,-0.0249,0.0171,1.1362,
10.740,ENC,133.2774,0.0000,66.6387,7.3290,0.0000,-381.812,-3.335,-0.807,265.421,-0.0249,0.0171,1.1362,
10.744,IMU,133.2774,0.0000,66.6387,7.3290,0.0000,-381.812,-3.272,-0.812,265.457,-0.0264,0.0249,1.1099,
10.760,ENC,133.4376,0.0000,66.7188,8.0108,0.0000,-382.271,-3.272,-0.812,265.457,-0.0264,0.0249,1.1099,
10.764,IMU,133.4376,0.0000,66.7188,8.0108,0.0000,-382.271,-3.304,-0.976,265.521,0.0215,-0.1445,1.0430,
10.782,IMU,133.4376,0.0000,66.7188,8.0108,0.0000,-382.271,-3.240,-0.984,265.548,-0.0244,-0.0371,1.1260,
10.784,ENC,133.5927,0.0000,66.7963,7.7551,0.0000,-382.715,-3.240,-0.984,265.548,-0.0244,-0.0371,1.1260,
10.800,ENC,133.7478,0.0000,66.8739,7.7551,0.0000,-383.159,-3.240,-0.984,265.548,-0.0244,-0.0371,1.1260,
10.804,IMU,133.7478,0.0000,66.8739,7.7551,0.0000,-383.159,-3.237,-1.043,265.578,0.0229,-0.0728,1.0864,
10.822,IMU,133.7478,0.0000,66.8739,7.7551,0.0000,-383.159,-3.149,-1.157,265.575,0.0342,-0.1069,1.0928,
10.824,ENC,133.9097,0.0000,66.9549,8.0960,0.0000,-383.623,-3.149,-1.157,265.575,0.0342,-0.1069,1.0928,
10.840,ENC,134.0767,0.0000,67.0384,8.3517,0.0000,-384.102,-3.149,-1.157,265.575,0.0342,-0.1069,1.0928,
10.843,IMU,134.0767,0.0000,67.0384,8.3517,0.0000,-384.102,-3.081,-1.242,265.592,0.0049,-0.1294,0.9756,
10.860,ENC,134.2506,0.0000,67.1253,8.6926,0.0000,-384.600,-3.081,-1.242,265.592,0.0049,-0.1294,0.9756,
10.864,IMU,134.2506,0.0000,67.1253,8.6926,0.0000,-384.600,-3.095,-1.373,265.621,0.0708,-0.1323,0.9932,
10.881,ENC,134.4006,0.0000,67.2003,7.4995,0.0000,-385.029,-3.095,-1.373,265.621,0.0708,-0.1323,0.9932,
10.884,IMU,134.4006,0.0000,67.2003,7.4995,0.0000,-385.029,-3.121,-1.491,265.603,0.1069,-0.0688,0.9644,
10.900,ENC,134.5864,0.0000,67.2932,9.2891,0.0000,-385.562,-3.121,-1.491,265.603,0.1069,-0.0688,0.9644,
10.904,IMU,134.5864,0.0000,67.2932,9.2891,0.0000,-385.562,-3.110,-1.528,265.684,0.0137,-0.0527,1.0112,
10.922,IMU,134.5864,0.0000,67.2932,9.2891,0.0000,-385.562,-3.142,-1.601,265.704,0.1094,-0.0806,1.0298,
10.924,ENC,134.7892,0.0000,67.3946,10.1413,0.0000,-386.143,-3.142,-1.601,265.704,0.1094,-0.0806,1.0298,
10.940,ENC,134.9852,0.0000,67.4926,9.8004,0.0000,-386.704,-3.142,-1.601,265.704,0.1094,-0.0806,1.0298,
10.961,ENC,135.1693,0.0000,67.5846,9.2039,0.0000,-387.231,-3.142,-1.601,265.704,0.1094,-0.0806,1.0298,
10.964,IMU,135.1693,0.0000,67.5846,9.2039,0.0000,-387.231,-3.173,-1.627,265.714,-0.0054,-0.1079,1.0254,
10.980,ENC,135.3448,0.2045,67.7747,8.7778,10.2265,-387.148,-3.173,-1.627,265.714,-0.0054,-0.1079,1.0254,
10.984,IMU,135.3448,0.2045,67.7747,8.7778,10.2265,-387.148,-3.253,-1.628,265.744,0.1162,-0.0303,1.0020,
11.001,ENC,135.5289,0.2045,67.8667,9.2039,0.0000,-387.676,-3.253,-1.628,265.744,0.1162,-0.0303,1.0020,
11.004,IMU,135.5289,0.2045,67.8667,9.2039,0.0000,-387.676,-3.291,-1.658,265.777,0.0449,-0.0337,0.9219,
11.021,ENC,135.6976,0.0000,67.8488,8.4369,-10.2265,-388.745,-3.291,-1.658,265.777,0.0449,-0.0337,0.9219,
11.024,IMU,135.6976,0.0000,67.8488,8.4369,-10.2265,-388.745,-3.306,-1.652,265.771,0.0938,-0.0073,1.0645,
11.040,ENC,135.8732,0.0000,67.9366,8.7778,0.0000,-389.248,-3.306,-1.652,265.771,0.0938,-0.0073,1.0645,
11.043,IMU,135.8732,0.0000,67.9366,8.7778,0.0000,-389.248,-3.297,-1.570,265.807,0.0591,0.0381,1.0200,
11.062,IMU,135.8732,0.0000,67.9366,8.7778,0.0000,-389.248,-3.312,-1.491,265.864,-0.0034,-0.0098,1.1201,
11.064,ENC,136.0368,0.0000,68.0184,8.1812,0.0000,-389.717,-3.312,-1.491,265.864,-0.0034,-0.0098,1.1201,
11.080,ENC,136.1868,0.0000,68.0934,7.4995,0.0000,-390.146,-3.312,-1.491,265.864,-0.0034,-0.0098,1.1201,
11.084,IMU,136.1868,0.0000,68.0934,7.4995,0.0000,-390.146,-3.380,-1.486,265.898,0.0957,-0.0513,1.0122,
11.102,IMU,136.1868,0.0000,68.0934,7.4995,0.0000,-390.146,-3.320,-1.502,265.927,0.0293,-0.0122,1.0576,
11.104,ENC,136.3487,0.0000,68.1744,8.0960,0.0000,-390.610,-3.320,-1.502,265.927,0.0293,-0.0122,1.0576,
11.122,IMU,136.3487,0.0000,68.1744,8.0960,0.0000,-390.610,-3.379,-1.443,265.960,0.1479,-0.0039,0.8633,
11.124,ENC,136.5141,0.0000,68.2570,8.2665,0.0000,-391.084,-3.379,-1.443,265.960,0.1479,-0.0039,0.8633,
11.140,ENC,136.6794,0.0000,68.3397,8.2665,0.0000,-391.558,-3.379,-1.443,265.960,0.1479,-0.0039,0.8633,
11.144,IMU,136.6794,0.0000,68.3397,8.2665,0.0000,-391.558,-3.365,-1.390,265.958,0.0425,0.0122,1.0303,
11.162,IMU,136.6794,0.0000,68.3397,8.2665,0.0000,-391.558,-3.367,-1.373,266.008,-0.0483,-0.0449,1.1313,
11.164,ENC,136.8567,0.0000,68.4283,8.8630,0.0000,-392.065,-3.367,-1.373,266.008,-0.0483,-0.0449,1.1313,
11.183,IMU,136.8567,0.0000,68.4283,8.8630,0.0000,-392.065,-3.330,-1.382,265.992,-0.0518,-0.0225,1.1680,
11.184,ENC,137.0510,0.0000,68.5255,9.7152,0.0000,-392.622,-3.330,-1.382,265.992,-0.0518,-0.0225,1.1680,
11.203,IMU,137.0510,0.0000,68.5255,9.7152,0.0000,-392.622,-3.276,-1.350,265.997,0.0005,-0.0415,1.1250,
11.205,ENC,137.2146,0.0000,68.6073,8.1812,0.0000,-393.091,-3.276,-1.350,265.997,0.0005,-0.0415,1.1250,
11.220,ENC,137.3850,0.0000,68.6925,8.5221,0.0000,-393.579,-3.276,-1.350,265.997,0.0005,-0.0415,1.1250,
11.224,IMU,137.3850,0.0000,68.6925,8.5221,0.0000,-393.579,-3.206,-1.363,266.003,-0.0854,0.0190,1.0952,
11.241,ENC,137.5623,0.1960,68.8791,8.8630,9.8004,-393.525,-3.206,-1.363,266.003,-0.0854,0.0190,1.0952,
11.244,IMU,137.5623,0.1960,68.8791,8.8630,9.8004,-393.525,-3.243,-1.408,266.012,0.0850,-0.0757,0.9678,
11.262,IMU,137.5623,0.1960,68.8791,8.8630,9.8004,-393.525,-3.247,-1.354,266.023,-0.0054,-0.0034,1.0562,
11.264,ENC,137.7412,0.0000,68.8706,8.9482,-9.8004,-394.600,-3.247,-1.354,266.023,-0.0054,-0.0034,1.0562,
11.287,IMU,137.7412,0.0000,68.8706,8.9482,-9.8004,-394.600,-3.249,-1.331,266.055,0.0605,-0.0210,0.9717,
11.288,ENC,137.9151,0.0000,68.9575,8.6926,0.0000,-395.098,-3.249,-1.331,266.055,0.0605,-0.0210,0.9717,
11.303,IMU,137.9151,0.0000,68.9575,8.6926,0.0000,-395.098,-3.266,-1.363,266.052,0.0913,-0.0386,1.0122,
11.304,ENC,138.0958,0.0000,69.0479,9.0334,0.0000,-395.615,-3.266,-1.363,266.052,0.0913,-0.0386,1.0122,
11.322,IMU,138.0958,0.0000,69.0479,9.0334,0.0000,-395.615,-3.193,-1.364,266.067,-0.0488,0.0171,1.0479,
11.324,ENC,138.2679,0.0000,69.1340,8.6073,0.0000,-396.108,-3.193,-1.364,266.067,-0.0488,0.0171,1.0479,
11.343,IMU,138.2679,0.0000,69.1340,8.6073,0.0000,-396.108,-3.213,-1.446,266.084,0.0723,-0.0981,0.9824,
11.345,ENC,138.4520,0.2045,69.3283,9.2039,10.2265,-396.050,-3.213,-1.446,266.084,0.0723,-0.0981,0.9824,
11.365,IMU,138.4520,0.2045,69.3283,9.2039,10.2265,-396.050,-3.346,-1.467,266.135,0.1602,-0.0605,0.8213,
11.367,ENC,138.6327,0.1960,69.4143,9.0334,-0.4261,-396.592,-3.346,-1.467,266.135,0.1602,-0.0605,0.8213,
11.382,IMU,138.6327,0.1960,69.4143,9.0334,-0.4261,-396.592,-3.294,-1.440,266.179,0.0317,-0.0063,0.9185,
11.384,ENC,138.8082,0.0000,69.4041,8.7778,-9.8004,-397.656,-3.294,-1.440,266.179,0.0317,-0.0063,0.9185,
11.401,ENC,138.9787,0.0000,69.4893,8.5221,0.0000,-398.145,-3.294,-1.440,266.179,0.0317,-0.0063,0.9185,
11.404,IMU,138.9787,0.0000,69.4893,8.5221,0.0000,-398.145,-3.333,-1.343,266.174,0.0249,0.0562,1.1216,
11.422,IMU,138.9787,0.0000,69.4893,8.5221,0.0000,-398.145,-3.283,-1.305,266.188,-0.0713,-0.0210,1.0776,
11.424,ENC,139.1508,0.0000,69.5754,8.6073,0.0000,-398.638,-3.283,-1.305,266.188,-0.0713,-0.0210,1.0776,
11.442,IMU,139.1508,0.0000,69.5754,8.6073,0.0000,-398.638,-3.306,-1.343,266.172,0.0488,-0.0659,0.9463,
11.462,IMU,139.1508,0.0000,69.5754,8.6073,0.0000,-398.638,-3.347,-1.306,266.203,0.0664,-0.0215,0.9888,
11.464,ENC,139.4729,0.0000,69.7365,8.0534,0.0000,-399.561,-3.347,-1.306,266.203,0.0664,-0.0215,0.9888,
11.482,IMU,139.4729,0.0000,69.7365,8.0534,0.0000,-399.561,-3.320,-1.329,266.212,0.0435,-0.0688,1.0347,
11.484,ENC,139.6366,0.0000,69.8183,8.1812,0.0000,-400.029,-3.320,-1.329,266.212,0.0435,-0.0688,1.0347,
11.502,IMU,139.6366,0.0000,69.8183,8.1812,0.0000,-400.029,-3.257,-1.334,266.285,0.0244,-0.0654,0.9893,
11.504,ENC,139.7746,0.0000,69.8873,6.9029,0.0000,-400.425,-3.257,-1.334,266.285,0.0244,-0.0654,0.9893,
11.522,IMU,139.7746,0.0000,69.8873,6.9029,0.0000,-400.425,-3.305,-1.256,266.338,0.1011,0.0142,0.9829,
11.524,ENC,139.9314,0.0000,69.9657,7.8403,0.0000,-400.874,-3.305,-1.256,266.338,0.1011,0.0142,0.9829,
11.540,ENC,140.0899,0.0000,70.0450,7.9256,0.0000,-401.328,-3.305,-1.256,266.338,0.1011,0.0142,0.9829,
11.544,IMU,140.0899,0.0000,70.0450,7.9256,0.0000,-401.328,-3.261,-1.184,266.384,0.0371,-0.0151,1.0835,
11.560,ENC,140.2468,0.0000,70.1234,7.8403,0.0000,-401.777,-3.261,-1.184,266.384,0.0371,-0.0151,1.0835,
11.564,IMU,140.2468,0.0000,70.1234,7.8403,0.0000,-401.777,-3.337,-1.239,266.371,0.1675,-0.0298,0.8623,
11.580,ENC,140.4121,0.0000,70.2060,8.2665,0.0000,-402.251,-3.337,-1.239,266.371,0.1675,-0.0298,0.8623,
11.584,IMU,140.4121,0.0000,70.2060,8.2665,0.0000,-402.251,-3.277,-1.225,266.404,-0.0298,0.0195,1.0869,
11.602,IMU,140.4121,0.0000,70.2060,8.2665,0.0000,-402.251,-3.321,-1.380,266.399,0.0625,-0.1587,0.9995,
11.604,ENC,140.5740,0.1739,70.3739,8.0960,8.6926,-402.217,-3.321,-1.380,266.399,0.0625,-0.1587,0.9995,
11.620,ENC,140.7530,0.0000,70.3765,8.9482,-8.6926,-403.228,-3.321,-1.380,266.399,0.0625,-0.1587,0.9995,
11.624,IMU,140.7530,0.0000,70.3765,8.9482,-8.6926,-403.228,-3.375,-1.415,266.416,0.1309,-0.0195,0.9131,
11.640,ENC,140.9370,0.0000,70.4685,9.2039,0.0000,-403.755,-3.375,-1.415,266.416,0.1309,-0.0195,0.9131,
11.645,IMU,140.9370,0.0000,70.4685,9.2039,0.0000,-403.755,-3.345,-1.408,266.452,0.0645,-0.0498,1.0298,
11.661,ENC,141.1075,0.1960,70.6517,8.5221,9.8004,-403.682,-3.345,-1.408,266.452,0.0645,-0.0498,1.0298,
11.664,IMU,141.1075,0.1960,70.6517,8.5221,9.8004,-403.682,-3.313,-1.461,266.489,-0.0083,-0.0044,1.0576,
11.681,ENC,141.2779,0.0000,70.6390,8.5221,-9.8004,-404.731,-3.313,-1.461,266.489,-0.0083,-0.0044,1.0576,
11.684,IMU,141.2779,0.0000,70.6390,8.5221,-9.8004,-404.731,-3.365,-1.484,266.531,0.1406,-0.0771,0.9321,
11.706,ENC,141.4501,0.0000,70.7250,8.6073,0.0000,-405.225,-3.365,-1.484,266.531,0.1406,-0.0771,0.9321,
11.722,IMU,141.4501,0.0000,70.7250,8.6073,0.0000,-405.225,-3.435,-1.452,266.522,0.0923,-0.0684,1.0249,
11.724,ENC,141.6256,0.0000,70.8128,8.7778,0.0000,-405.728,-3.435,-1.452,266.522,0.0923,-0.0684,1.0249,
11.742,IMU,141.6256,0.0000,70.8128,8.7778,0.0000,-405.728,-3.489,-1.514,266.522,0.1113,-0.0698,0.9258,
11.763,ENC,141.9938,0.0000,70.9969,9.2039,0.0000,-406.782,-3.489,-1.514,266.522,0.1113,-0.0698,0.9258,
11.768,IMU,141.9938,0.0000,70.9969,9.2039,0.0000,-406.782,-3.461,-1.368,266.533,-0.0283,0.0503,0.9907,
11.782,IMU,141.9938,0.0000,70.9969,9.2039,0.0000,-406.782,-3.475,-1.487,266.539,0.0947,-0.1338,0.9175,
11.784,ENC,142.1813,0.0000,71.0906,9.3743,0.0000,-407.319,-3.475,-1.487,266.539,0.0947,-0.1338,0.9175,
11.802,IMU,142.1813,0.0000,71.0906,9.3743,0.0000,-407.319,-3.543,-1.526,266.605,0.1138,-0.0723,0.9629,
11.804,ENC,142.3517,0.0000,71.1759,8.5221,0.0000,-407.808,-3.543,-1.526,266.605,0.1138,-0.0723,0.9629,
11.821,ENC,142.5290,0.4005,71.4648,8.8630,20.0270,-407.168,-3.543,-1.526,266.605,0.1138,-0.0723,0.9629,
11.824,IMU,142.5290,0.4005,71.4648,8.8630,20.0270,-407.168,-3.525,-1.470,266.691,0.0605,-0.0195,1.0059,
11.841,ENC,142.7028,0.0000,71.3514,8.6926,-20.0270,-408.813,-3.525,-1.470,266.691,0.0605,-0.0195,1.0059,
11.844,IMU,142.7028,0.0000,71.3514,8.6926,-20.0270,-408.813,-3.490,-1.448,266.716,0.0254,-0.0342,0.9849,
11.862,IMU,142.7028,0.0000,71.3514,8.6926,-20.0270,-408.813,-3.477,-1.524,266.751,0.0415,-0.0728,0.9258,
11.864,ENC,142.8767,0.0000,71.4383,8.6926,0.0000,-409.312,-3.477,-1.524,266.751,0.0415,-0.0728,0.9258,
11.881,ENC,143.0369,0.0000,71.5184,8.0108,0.0000,-409.771,-3.477,-1.524,266.751,0.0415,-0.0728,0.9258,
11.884,IMU,143.0369,0.0000,71.5184,8.0108,0.0000,-409.771,-3.496,-1.500,266.809,0.0654,0.0161,1.0996,
11.903,IMU,143.0369,0.0000,71.5184,8.0108,0.0000,-409.771,-3.519,-1.473,266.835,0.0332,0.0093,1.1167,
11.904,ENC,143.1954,0.1960,71.6957,7.9256,9.8004,-409.663,-3.519,-1.473,266.835,0.0332,0.0093,1.1167,
11.922,IMU,143.1954,0.1960,71.6957,7.9256,9.8004,-409.663,-3.501,-1.543,266.844,0.0762,-0.0981,1.0898,
11.924,ENC,143.3590,0.0000,71.6795,8.1812,-9.8004,-410.693,-3.501,-1.543,266.844,0.0762,-0.0981,1.0898,
11.942,IMU,143.3590,0.0000,71.6795,8.1812,-9.8004,-410.693,-3.606,-1.643,266.820,0.1348,-0.1514,1.0400,
11.944,ENC,143.5209,0.0000,71.7605,8.0960,0.0000,-411.157,-3.606,-1.643,266.820,0.1348,-0.1514,1.0400,
11.962,IMU,143.5209,0.0000,71.7605,8.0960,0.0000,-411.157,-3.548,-1.611,266.863,-0.0151,0.0117,1.0615,
11.964,ENC,143.6948,0.0000,71.8474,8.6926,0.0000,-411.655,-3.548,-1.611,266.863,-0.0151,0.0117,1.0615,
11.980,ENC,143.8584,0.0000,71.9292,8.1812,0.0000,-412.124,-3.548,-1.611,266.863,-0.0151,0.0117,1.0615,
11.983,IMU,143.8584,0.0000,71.9292,8.1812,0.0000,-412.124,-3.580,-1.594,266.865,0.0161,-0.0488,1.0859,
12.002,IMU,143.8584,0.0000,71.9292,8.1812,0.0000,-412.124,-3.655,-1.582,266.861,0.1719,-0.0103,0.8940,
12.004,ENC,144.0323,0.0000,72.0161,8.6926,0.0000,-412.622,-3.655,-1.582,266.861,0.1719,-0.0103,0.8940,
12.022,IMU,144.0323,0.0000,72.0161,8.6926,0.0000,-412.622,-3.577,-1.484,266.895,0.0376,0.0562,0.9272,
12.024,ENC,144.1976,0.0000,72.0988,8.2665,0.0000,-413.096,-3.577,-1.484,266.895,0.0376,0.0562,0.9272,
12.041,ENC,144.3663,0.0000,72.1832,8.4369,0.0000,-413.579,-3.577,-1.484,266.895,0.0376,0.0562,0.9272,
12.044,IMU,144.3663,0.0000,72.1832,8.4369,0.0000,-413.579,-3.641,-1.571,266.934,0.0762,-0.0435,0.9175,
12.075,IMU,144.3663,0.0000,72.1832,8.4369,0.0000,-413.579,-3.568,-1.472,266.996,-0.0479,0.0537,1.1748,
12.076,ENC,144.5317,0.0000,72.2658,8.2665,0.0000,-414.053,-3.568,-1.472,266.996,-0.0479,0.0537,1.1748,
12.082,IMU,144.5317,0.0000,72.2658,8.2665,0.0000,-414.053,-3.519,-1.387,267.030,-0.0151,0.0723,1.0400,
12.084,ENC,144.7106,0.0000,72.3553,8.9482,0.0000,-414.565,-3.519,-1.387,267.030,-0.0151,0.0723,1.0400,
12.100,ENC,144.8760,0.0000,72.4380,8.2665,0.0000,-415.039,-3.519,-1.387,267.030,-0.0151,0.0723,1.0400,
12.105,IMU,144.8760,0.0000,72.4380,8.2665,0.0000,-415.039,-3.597,-1.475,267.034,0.1504,-0.1465,0.8794,
12.121,ENC,145.0498,0.0000,72.5249,8.6926,0.0000,-415.537,-3.597,-1.475,267.034,0.1504,-0.1465,0.8794,
12.124,IMU,145.0498,0.0000,72.5249,8.6926,0.0000,-415.537,-3.472,-1.487,267.082,-0.0498,-0.0610,1.0435,
12.142,IMU,145.0498,0.0000,72.5249,8.6926,0.0000,-415.537,-3.497,-1.556,267.114,0.0913,-0.0889,0.9380,
12.144,ENC,145.2203,0.0000,72.6101,8.5221,0.0000,-416.025,-3.497,-1.556,267.114,0.0913,-0.0889,0.9380,
12.162,IMU,145.2203,0.0000,72.6101,8.5221,0.0000,-416.025,-3.444,-1.551,267.123,0.0283,-0.0264,1.0161,
12.164,ENC,145.4009,0.0000,72.7005,9.0334,0.0000,-416.543,-3.444,-1.551,267.123,0.0283,-0.0264,1.0161,
12.181,ENC,145.5697,0.2045,72.8871,8.4369,10.2265,-416.440,-3.444,-1.551,267.123,0.0283,-0.0264,1.0161,
12.184,IMU,145.5697,0.2045,72.8871,8.4369,10.2265,-416.440,-3.528,-1.474,267.180,0.1392,0.0107,0.9331,
12.207,IMU,145.5697,0.2045,72.8871,8.4369,10.2265,-416.440,-3.522,-1.406,267.215,0.0718,0.0630,0.9702,
12.209,ENC,145.7486,0.1739,72.9612,8.9482,-1.5340,-417.041,-3.522,-1.406,267.215,0.0718,0.0630,0.9702,
12.221,ENC,145.9276,0.0000,72.9638,8.9482,-8.6926,-418.052,-3.522,-1.406,267.215,0.0718,0.0630,0.9702,
12.242,IMU,145.9276,0.0000,72.9638,8.9482,-8.6926,-418.052,-3.637,-1.389,267.261,0.1567,-0.0322,0.8823,
12.243,ENC,146.0912,0.0000,73.0456,8.1812,0.0000,-418.521,-3.637,-1.389,267.261,0.1567,-0.0322,0.8823,
12.247,IMU,146.0912,0.0000,73.0456,8.1812,0.0000,-418.521,-3.759,-1.305,267.300,0.1411,0.0015,1.0566,
12.265,IMU,146.0912,0.0000,73.0456,8.1812,0.0000,-418.521,-3.878,-1.316,267.369,0.1816,-0.0562,0.8804,
12.283,IMU,146.0912,0.0000,73.0456,8.1812,0.0000,-418.521,-3.828,-1.246,267.411,-0.0503,0.0752,1.1304,
12.284,ENC,146.4065,0.0000,73.2033,7.8830,0.0000,-419.424,-3.828,-1.246,267.411,-0.0503,0.0752,1.1304,
12.300,ENC,146.5719,0.0000,73.2859,8.2665,0.0000,-419.897,-3.828,-1.246,267.411,-0.0503,0.0752,1.1304,
12.304,IMU,146.5719,0.0000,73.2859,8.2665,0.0000,-419.897,-3.840,-1.212,267.470,-0.0830,0.0552,1.2983,
12.323,IMU,146.5719,0.0000,73.2859,8.2665,0.0000,-419.897,-3.878,-1.292,267.518,0.1631,-0.0596,0.8584,
12.340,ENC,146.8480,0.0000,73.4240,6.9029,0.0000,-420.688,-3.878,-1.292,267.518,0.1631,-0.0596,0.8584,
12.344,IMU,146.8480,0.0000,73.4240,6.9029,0.0000,-420.688,-3.943,-1.338,267.495,0.1182,-0.0542,0.9458,
12.360,ENC,147.0031,0.0000,73.5015,7.7551,0.0000,-421.133,-3.943,-1.338,267.495,0.1182,-0.0542,0.9458,
12.364,IMU,147.0031,0.0000,73.5015,7.7551,0.0000,-421.133,-3.992,-1.270,267.576,0.0762,-0.0015,1.1147,
12.402,IMU,147.0031,0.0000,73.5015,7.7551,0.0000,-421.133,-4.008,-1.189,267.644,0.1055,0.0063,0.9702,
12.403,ENC,147.3252,0.0000,73.6626,8.0534,0.0000,-422.056,-4.008,-1.189,267.644,0.1055,0.0063,0.9702,
12.421,ENC,147.4974,0.0000,73.7487,8.6073,0.0000,-422.549,-4.008,-1.189,267.644,0.1055,0.0063,0.9702,
12.442,IMU,147.4974,0.0000,73.7487,8.6073,0.0000,-422.549,-3.927,-1.203,267.719,0.0640,-0.0049,0.9839,
12.444,ENC,147.6644,0.0000,73.8322,8.3517,0.0000,-423.027,-3.927,-1.203,267.719,0.0640,-0.0049,0.9839,
12.462,IMU,147.6644,0.0000,73.8322,8.3517,0.0000,-423.027,-3.924,-1.170,267.774,0.0171,-0.0146,1.1289,
12.464,ENC,147.8400,0.0000,73.9200,8.7778,0.0000,-423.530,-3.924,-1.170,267.774,0.0171,-0.0146,1.1289,
12.482,IMU,147.8400,0.0000,73.9200,8.7778,0.0000,-423.530,-3.961,-1.104,267.781,0.1377,0.0293,0.9785,
12.484,ENC,148.0053,-0.2182,73.8936,8.2665,-10.9083,-424.629,-3.961,-1.104,267.781,0.1377,0.0293,0.9785,
12.503,IMU,148.0053,-0.2182,73.8936,8.2665,-10.9083,-424.629,-4.019,-1.051,267.761,0.1216,0.0396,0.9849,
12.504,ENC,148.1825,0.0000,74.0913,8.8630,10.9083,-424.512,-4.019,-1.051,267.761,0.1216,0.0396,0.9849,
12.520,ENC,148.3598,0.1960,74.2779,8.8630,9.8004,-424.458,-4.019,-1.051,267.761,0.1216,0.0396,0.9849,
12.524,IMU,148.3598,0.1960,74.2779,8.8630,9.8004,-424.458,-3.975,-1.034,267.776,0.0649,-0.0322,0.9746,
12.542,IMU,148.3598,0.1960,74.2779,8.8630,9.8004,-424.458,-4.015,-1.146,267.732,0.1377,-0.0845,0.9023,
12.544,ENC,148.5320,0.0000,74.2660,8.6073,-9.8004,-425.513,-4.015,-1.146,267.732,0.1377,-0.0845,0.9023,
12.561,ENC,148.7143,0.0000,74.3572,9.1187,0.0000,-426.035,-4.015,-1.146,267.732,0.1377,-0.0845,0.9023,
12.564,IMU,148.7143,0.0000,74.3572,9.1187,0.0000,-426.035,-4.096,-1.188,267.780,0.1001,-0.0415,1.0166,
12.580,ENC,148.9001,0.0000,74.4501,9.2891,0.0000,-426.567,-4.096,-1.188,267.780,0.1001,-0.0415,1.0166,
12.584,IMU,148.9001,0.0000,74.4501,9.2891,0.0000,-426.567,-4.109,-1.301,267.757,0.0981,-0.1064,0.9385,
12.603,IMU,148.9001,0.0000,74.4501,9.2891,0.0000,-426.567,-4.153,-1.229,267.806,0.0566,0.0000,1.0239,
12.605,ENC,149.0893,0.0000,74.5446,9.4595,0.0000,-427.109,-4.153,-1.229,267.806,0.0566,0.0000,1.0239,
12.622,IMU,149.0893,0.0000,74.5446,9.4595,0.0000,-427.109,-4.101,-1.146,267.807,-0.0244,0.0410,1.0444,
12.623,ENC,149.2649,0.0000,74.6324,8.7778,0.0000,-427.612,-4.101,-1.146,267.807,-0.0244,0.0410,1.0444,
12.642,IMU,149.2649,0.0000,74.6324,8.7778,0.0000,-427.612,-4.074,-1.195,267.822,0.0483,-0.0459,0.9268,
12.643,ENC,149.4387,0.0000,74.7194,8.6926,0.0000,-428.110,-4.074,-1.195,267.822,0.0483,-0.0459,0.9268,
12.662,IMU,149.4387,0.0000,74.7194,8.6926,0.0000,-428.110,-4.187,-1.240,267.848,0.1704,-0.0630,0.8145,
12.664,ENC,149.6160,0.0000,74.8080,8.8630,0.0000,-428.618,-4.187,-1.240,267.848,0.1704,-0.0630,0.8145,
12.682,IMU,149.6160,0.0000,74.8080,8.8630,0.0000,-428.618,-4.172,-1.343,267.904,0.0283,-0.1177,1.0317,
12.684,ENC,149.7864,0.0000,74.8932,8.5221,0.0000,-429.106,-4.172,-1.343,267.904,0.0283,-0.1177,1.0317,
12.702,IMU,149.7864,0.0000,74.8932,8.5221,0.0000,-429.106,-4.134,-1.391,267.899,0.0518,-0.1025,0.9438,
12.704,ENC,149.9449,0.0000,74.9725,7.9256,0.0000,-429.561,-4.134,-1.391,267.899,0.0518,-0.1025,0.9438,
12.722,IMU,149.9449,0.0000,74.9725,7.9256,0.0000,-429.561,-4.020,-1.305,267.912,-0.0439,0.0356,1.0801,
12.724,ENC,150.1051,0.0000,75.0526,8.0108,0.0000,-430.020,-4.020,-1.305,267.912,-0.0439,0.0356,1.0801,
12.740,ENC,150.2568,0.0000,75.1284,7.5847,0.0000,-430.454,-4.020,-1.305,267.912,-0.0439,0.0356,1.0801,
12.746,IMU,150.2568,0.0000,75.1284,7.5847,0.0000,-430.454,-3.962,-1.335,267.967,-0.0186,-0.0483,1.0669,
12.763,IMU,150.2568,0.0000,75.1284,7.5847,0.0000,-430.454,-3.999,-1.394,267.991,0.0767,-0.0635,1.0332,
12.764,ENC,150.4170,0.0000,75.2085,8.0108,0.0000,-430.913,-3.999,-1.394,267.991,0.0767,-0.0635,1.0332,
12.781,ENC,150.5738,0.0000,75.2869,7.8403,0.0000,-431.362,-3.999,-1.394,267.991,0.0767,-0.0635,1.0332,
12.784,IMU,150.5738,0.0000,75.2869,7.8403,0.0000,-431.362,-4.009,-1.437,267.951,0.0669,-0.0493,0.9990,
12.803,IMU,150.5738,0.0000,75.2869,7.8403,0.0000,-431.362,-3.913,-1.384,267.919,0.0107,0.0049,1.0127,
12.804,ENC,150.7358,0.0000,75.3679,8.0960,0.0000,-431.826,-3.913,-1.384,267.919,0.0107,0.0049,1.0127,
12.820,ENC,150.8960,0.0000,75.4480,8.0108,0.0000,-432.285,-3.913,-1.384,267.919,0.0107,0.0049,1.0127,
12.824,IMU,150.8960,0.0000,75.4480,8.0108,0.0000,-432.285,-3.797,-1.314,267.903,-0.0405,0.0278,1.1885,
12.842,IMU,150.8960,0.0000,75.4480,8.0108,0.0000,-432.285,-3.965,-1.362,267.897,0.1978,-0.0596,0.7588,
12.844,ENC,151.0630,0.1960,75.6295,8.3517,9.8004,-432.202,-3.965,-1.362,267.897,0.1978,-0.0596,0.7588,
12.860,ENC,151.2249,0.0000,75.6125,8.0960,-9.8004,-433.228,-3.965,-1.362,267.897,0.1978,-0.0596,0.7588,
12.863,IMU,151.2249,0.0000,75.6125,8.0960,-9.8004,-433.228,-3.904,-1.323,267.918,0.0312,-0.0083,1.0566,
12.881,ENC,151.3920,0.2045,75.7983,8.3517,10.2265,-433.120,-3.904,-1.323,267.918,0.0312,-0.0083,1.0566,
12.884,IMU,151.3920,0.2045,75.7983,8.3517,10.2265,-433.120,-3.846,-1.383,267.952,0.0205,-0.0518,0.9175,
12.902,IMU,151.3920,0.2045,75.7983,8.3517,10.2265,-433.120,-3.862,-1.355,267.988,0.0913,-0.0156,0.9346,
12.904,ENC,151.5607,0.0000,75.7804,8.4369,-10.2265,-434.189,-3.862,-1.355,267.988,0.0913,-0.0156,0.9346,
12.922,IMU,151.5607,0.0000,75.7804,8.4369,-10.2265,-434.189,-3.861,-1.324,268.020,0.0088,0.0059,1.1338,
12.923,ENC,151.7277,0.0000,75.8639,8.3517,0.0000,-434.668,-3.861,-1.324,268.020,0.0088,0.0059,1.1338,
12.941,ENC,151.8880,0.0000,75.9440,8.0108,0.0000,-435.127,-3.861,-1.324,268.020,0.0088,0.0059,1.1338,
12.944,IMU,151.8880,0.0000,75.9440,8.0108,0.0000,-435.127,-3.827,-1.331,268.049,0.0684,-0.0410,1.0327,
12.962,IMU,151.8880,0.0000,75.9440,8.0108,0.0000,-435.127,-3.842,-1.258,268.156,0.0186,0.0356,1.0288,
12.964,ENC,152.0567,0.0000,76.0283,8.4369,0.0000,-435.610,-3.842,-1.258,268.156,0.0186,0.0356,1.0288,
12.981,ENC,152.2220,0.0000,76.1110,8.2665,0.0000,-436.084,-3.842,-1.258,268.156,0.0186,0.0356,1.0288,
12.987,IMU,152.2220,0.0000,76.1110,8.2665,0.0000,-436.084,-3.816,-1.167,268.184,0.0625,0.0273,1.0684,
13.002,IMU,152.2220,0.0000,76.1110,8.2665,0.0000,-436.084,-3.867,-1.204,268.229,0.0942,-0.0566,0.8950,
13.007,ENC,152.3839,0.0000,76.1920,8.0960,0.0000,-436.548,-3.867,-1.204,268.229,0.0942,-0.0566,0.8950,
13.022,IMU,152.3839,0.0000,76.1920,8.0960,0.0000,-436.548,-3.949,-1.073,268.228,0.1235,0.0874,0.9868,
13.024,ENC,152.5612,0.2113,76.3863,8.8630,10.5674,-436.450,-3.949,-1.073,268.228,0.1235,0.0874,0.9868,
13.042,IMU,152.5612,0.2113,76.3863,8.8630,10.5674,-436.450,-3.903,-1.073,268.189,0.0386,-0.0264,0.9043,
13.044,ENC,152.7214,0.0000,76.3607,8.0108,-10.5674,-437.515,-3.903,-1.073,268.189,0.0386,-0.0264,0.9043,
13.061,ENC,152.8936,0.0000,76.4468,8.6073,0.0000,-438.008,-3.903,-1.073,268.189,0.0386,-0.0264,0.9043,
13.064,IMU,152.8936,0.0000,76.4468,8.6073,0.0000,-438.008,-3.925,-1.145,268.193,0.0723,-0.0635,1.0278,
13.082,ENC,153.0589,0.0000,76.5294,8.2665,0.0000,-438.481,-3.925,-1.145,268.193,0.0723,-0.0635,1.0278,
13.087,IMU,153.0589,0.0000,76.5294,8.2665,0.0000,-438.481,-3.899,-1.174,268.179,0.0625,-0.0396,0.9937,
13.101,ENC,153.2140,0.0000,76.6070,7.7551,0.0000,-438.926,-3.899,-1.174,268.179,0.0625,-0.0396,0.9937,
13.107,IMU,153.2140,0.0000,76.6070,7.7551,0.0000,-438.926,-3.910,-1.181,268.213,0.1084,-0.0244,0.9756,
13.122,IMU,153.2140,0.0000,76.6070,7.7551,0.0000,-438.926,-3.896,-1.098,268.195,0.0635,0.0537,1.0093,
13.124,ENC,153.3674,0.0000,76.6837,7.6699,0.0000,-439.365,-3.896,-1.098,268.195,0.0635,0.0537,1.0093,
13.142,IMU,153.3674,0.0000,76.6837,7.6699,0.0000,-439.365,-3.853,-1.076,268.209,0.0117,-0.0225,0.9688,
13.144,ENC,153.5174,0.0000,76.7587,7.4995,0.0000,-439.795,-3.853,-1.076,268.209,0.0117,-0.0225,0.9688,
13.162,IMU,153.5174,0.0000,76.7587,7.4995,0.0000,-439.795,-3.803,-1.116,268.202,0.0518,-0.0415,0.9399,
13.164,ENC,153.6589,0.0000,76.8294,7.0734,0.0000,-440.200,-3.803,-1.116,268.202,0.0518,-0.0415,0.9399,
13.180,ENC,153.7901,0.0000,76.8950,6.5620,0.0000,-440.576,-3.803,-1.116,268.202,0.0518,-0.0415,0.9399,
13.183,IMU,153.7901,0.0000,76.8950,6.5620,0.0000,-440.576,-3.746,-1.191,268.213,0.0127,-0.0981,1.1128,
13.200,ENC,153.9299,0.0000,76.9649,6.9881,0.0000,-440.977,-3.746,-1.191,268.213,0.0127,-0.0981,1.1128,
13.221,ENC,154.0730,0.0000,77.0365,7.1586,0.0000,-441.387,-3.746,-1.191,268.213,0.0127,-0.0981,1.1128,
13.224,IMU,154.0730,0.0000,77.0365,7.1586,0.0000,-441.387,-3.704,-1.078,268.334,0.0312,0.0610,0.9526,
13.242,IMU,154.0730,0.0000,77.0365,7.1586,0.0000,-441.387,-3.785,-1.013,268.368,0.0938,0.0312,0.9868,
13.243,ENC,154.2179,0.0000,77.1090,7.2438,0.0000,-441.802,-3.785,-1.013,268.368,0.0938,0.0312,0.9868,
13.262,IMU,154.2179,0.0000,77.1090,7.2438,0.0000,-441.802,-3.830,-1.136,268.452,0.0981,-0.1074,1.0410,
13.264,ENC,154.3594,0.0000,77.1797,7.0734,0.0000,-442.207,-3.830,-1.136,268.452,0.0981,-0.1074,1.0410,
13.287,ENC,154.5008,0.0000,77.2504,7.0734,0.0000,-442.612,-3.830,-1.136,268.452,0.0981,-0.1074,1.0410,
13.303,ENC,154.6508,0.0000,77.3254,7.4995,0.0000,-443.042,-3.830,-1.136,268.452,0.0981,-0.1074,1.0410,
13.322,IMU,154.6508,0.0000,77.3254,7.4995,0.0000,-443.042,-3.716,-1.015,268.442,0.0620,-0.0020,0.9453,
13.324,ENC,154.8127,0.0000,77.4064,8.0960,0.0000,-443.506,-3.716,-1.015,268.442,0.0620,-0.0020,0.9453,
13.342,IMU,154.8127,0.0000,77.4064,8.0960,0.0000,-443.506,-3.690,-0.951,268.434,0.0518,0.0376,1.0571,
13.344,ENC,154.9423,0.4091,77.6757,6.4768,20.4531,-442.705,-3.690,-0.951,268.434,0.0518,0.0376,1.0571,
13.361,ENC,155.0872,0.0000,77.5436,7.2438,-20.4531,-444.292,-3.690,-0.951,268.434,0.0518,0.0376,1.0571,
13.364,IMU,155.0872,0.0000,77.5436,7.2438,-20.4531,-444.292,-3.711,-0.961,268.419,0.0879,-0.0366,1.0176,
13.383,ENC,155.2644,0.0000,77.6322,8.8630,0.0000,-444.800,-3.711,-0.961,268.419,0.0879,-0.0366,1.0176,
13.403,IMU,155.2644,0.0000,77.6322,8.8630,0.0000,-444.800,-3.809,-1.003,268.511,0.0654,-0.0396,0.9204,
13.405,ENC,155.4195,0.0000,77.7098,7.7551,0.0000,-445.244,-3.809,-1.003,268.511,0.0654,-0.0396,0.9204,
13.421,ENC,155.5712,0.0000,77.7856,7.5847,0.0000,-445.679,-3.809,-1.003,268.511,0.0654,-0.0396,0.9204,
13.424,IMU,155.5712,0.0000,77.7856,7.5847,0.0000,-445.679,-3.872,-0.928,268.504,0.1045,0.0239,0.9971,
13.440,ENC,155.7212,0.0000,77.8606,7.4995,0.0000,-446.108,-3.872,-0.928,268.504,0.1045,0.0239,0.9971,
13.443,IMU,155.7212,0.0000,77.8606,7.4995,0.0000,-446.108,-3.863,-0.807,268.480,0.0562,0.0571,0.9321,
13.461,ENC,155.8797,0.2045,78.0421,7.9256,10.2265,-445.977,-3.863,-0.807,268.480,0.0562,0.0571,0.9321,
13.482,IMU,155.8797,0.2045,78.0421,7.9256,10.2265,-445.977,-4.007,-0.779,268.519,0.1470,-0.0244,0.9478,
13.484,ENC,156.0365,0.0000,78.0183,7.8403,-10.2265,-447.012,-4.007,-0.779,268.519,0.1470,-0.0244,0.9478,
13.502,IMU,156.0365,0.0000,78.0183,7.8403,-10.2265,-447.012,-3.978,-0.821,268.505,0.0352,-0.0571,0.9209,
13.504,ENC,156.1899,0.0000,78.0950,7.6699,0.0000,-447.451,-3.978,-0.821,268.505,0.0352,-0.0571,0.9209,
13.522,IMU,156.1899,0.0000,78.0950,7.6699,0.0000,-447.451,-4.010,-0.783,268.462,0.0996,-0.0186,1.0117,
13.524,ENC,156.3399,0.0000,78.1700,7.4995,0.0000,-447.881,-4.010,-0.783,268.462,0.0996,-0.0186,1.0117,
13.540,ENC,156.4899,0.0000,78.2450,7.4995,0.0000,-448.311,-4.010,-0.783,268.462,0.0996,-0.0186,1.0117,
13.544,IMU,156.4899,0.0000,78.2450,7.4995,0.0000,-448.311,-3.960,-0.877,268.466,0.0249,-0.0977,1.0024,
13.563,IMU,156.4899,0.0000,78.2450,7.4995,0.0000,-448.311,-3.938,-0.945,268.437,0.0625,-0.0884,0.9585,
13.564,ENC,156.6348,0.1824,78.4086,7.2438,9.1187,-448.203,-3.938,-0.945,268.437,0.0625,-0.0884,0.9585,
13.583,IMU,156.6348,0.1824,78.4086,7.2438,9.1187,-448.203,-3.962,-1.071,268.410,0.0737,-0.1372,0.9722,
13.584,ENC,156.7797,0.0000,78.3898,7.2438,-9.1187,-449.141,-3.962,-1.071,268.410,0.0737,-0.1372,0.9722,
13.602,IMU,156.7797,0.0000,78.3898,7.2438,-9.1187,-449.141,-3.883,-1.048,268.470,0.0098,-0.0127,1.0400,
13.603,ENC,156.9160,0.0000,78.4580,6.8177,0.0000,-449.531,-3.883,-1.048,268.470,0.0098,-0.0127,1.0400,
13.624,ENC,157.0524,0.1960,78.6242,6.8177,9.8004,-449.360,-3.883,-1.048,268.470,0.0098,-0.0127,1.0400,
13.627,IMU,157.0524,0.1960,78.6242,6.8177,9.8004,-449.360,-3.809,-0.964,268.475,0.0122,0.0151,0.9531,
13.641,ENC,157.1904,0.0000,78.5952,6.9029,-9.8004,-450.317,-3.809,-0.964,268.475,0.0122,0.0151,0.9531,
13.644,IMU,157.1904,0.0000,78.5952,6.9029,-9.8004,-450.317,-3.855,-1.010,268.496,0.0981,-0.0337,0.9902,
13.662,IMU,157.1904,0.0000,78.5952,6.9029,-9.8004,-450.317,-3.836,-0.885,268.523,0.0898,0.0566,0.9722,
13.663,ENC,157.3319,0.0000,78.6659,7.0734,0.0000,-450.723,-3.836,-0.885,268.523,0.0898,0.0566,0.9722,
13.680,ENC,157.4682,0.0000,78.7341,6.8177,0.0000,-451.113,-3.836,-0.885,268.523,0.0898,0.0566,0.9722,
13.683,IMU,157.4682,0.0000,78.7341,6.8177,0.0000,-451.113,-3.847,-0.798,268.538,0.0547,0.0146,0.9502,
13.700,ENC,157.6029,0.0000,78.8014,6.7325,0.0000,-451.499,-3.847,-0.798,268.538,0.0547,0.0146,0.9502,
13.704,IMU,157.6029,0.0000,78.8014,6.7325,0.0000,-451.499,-3.831,-0.829,268.533,0.0977,-0.0322,0.8818,
13.722,IMU,157.6029,0.0000,78.8014,6.7325,0.0000,-451.499,-3.780,-0.857,268.503,0.0303,-0.0518,0.9824,
13.723,ENC,157.7461,0.0000,78.8730,7.1586,0.0000,-451.909,-3.780,-0.857,268.503,0.0303,-0.0518,0.9824,
13.742,IMU,157.7461,0.0000,78.8730,7.1586,0.0000,-451.909,-3.748,-0.889,268.478,0.0791,-0.0591,0.9062,
13.744,ENC,157.8995,0.1960,79.0477,7.6699,9.8004,-451.787,-3.748,-0.889,268.478,0.0791,-0.0591,0.9062,
13.762,IMU,157.8995,0.1960,79.0477,7.6699,9.8004,-451.787,-3.707,-0.898,268.528,0.0410,-0.0068,1.0435,
13.764,ENC,158.0443,0.0000,79.0222,7.2438,-9.8004,-452.764,-3.707,-0.898,268.528,0.0410,-0.0068,1.0435,
13.782,IMU,158.0443,0.0000,79.0222,7.2438,-9.8004,-452.764,-3.712,-0.891,268.565,0.0278,-0.0435,1.0454,
13.784,ENC,158.1926,0.0000,79.0963,7.4142,0.0000,-453.188,-3.712,-0.891,268.565,0.0278,-0.0435,1.0454,
13.802,IMU,158.1926,0.0000,79.0963,7.4142,0.0000,-453.188,-3.741,-0.818,268.583,0.0845,0.0005,1.0239,
13.804,ENC,158.3443,-0.1960,79.0742,7.5847,-9.8004,-454.185,-3.741,-0.818,268.583,0.0845,0.0005,1.0239,
13.822,IMU,158.3443,-0.1960,79.0742,7.5847,-9.8004,-454.185,-3.720,-0.868,268.626,0.0708,-0.0601,0.9844,
13.823,ENC,158.4926,0.0000,79.2463,7.4142,9.8004,-454.048,-3.720,-0.868,268.626,0.0708,-0.0601,0.9844,
13.842,IMU,158.4926,0.0000,79.2463,7.4142,9.8004,-454.048,-3.719,-0.838,268.591,0.0552,0.0464,1.0576,
13.844,ENC,158.6528,0.0000,79.3264,8.0108,0.0000,-454.507,-3.719,-0.838,268.591,0.0552,0.0464,1.0576,
13.862,IMU,158.6528,0.0000,79.3264,8.0108,0.0000,-454.507,-3.751,-0.762,268.599,0.0776,0.0254,0.9580,
13.864,ENC,158.8062,0.0000,79.4031,7.6699,0.0000,-454.946,-3.751,-0.762,268.599,0.0776,0.0254,0.9580,
13.882,IMU,158.8062,0.0000,79.4031,7.6699,0.0000,-454.946,-3.764,-0.768,268.564,0.0664,-0.0171,1.0571,
13.884,ENC,158.9630,0.2113,79.5872,7.8403,10.5674,-454.790,-3.764,-0.768,268.564,0.0664,-0.0171,1.0571,
13.903,ENC,159.1215,0.0000,79.5608,7.9256,-10.5674,-455.850,-3.764,-0.768,268.564,0.0664,-0.0171,1.0571,
13.906,IMU,159.1215,0.0000,79.5608,7.9256,-10.5674,-455.850,-3.756,-0.719,268.596,0.0381,0.0269,1.0078,
13.920,ENC,159.2783,0.0000,79.6392,7.8403,0.0000,-456.299,-3.756,-0.719,268.596,0.0381,0.0269,1.0078,
13.925,IMU,159.2783,0.0000,79.6392,7.8403,0.0000,-456.299,-3.731,-0.735,268.614,0.0566,-0.0303,0.9956,
13.941,ENC,159.4420,0.0000,79.7210,8.1812,0.0000,-456.768,-3.731,-0.735,268.614,0.0566,-0.0303,0.9956,
13.944,IMU,159.4420,0.0000,79.7210,8.1812,0.0000,-456.768,-3.765,-0.733,268.641,0.0498,-0.0034,1.0415,
13.964,ENC,159.6073,0.1960,79.9017,8.2665,9.8004,-456.680,-3.765,-0.733,268.641,0.0498,-0.0034,1.0415,
14.008,ENC,159.9328,0.1960,80.0644,8.1386,0.0000,-457.612,-3.765,-0.733,268.641,0.0498,-0.0034,1.0415,
14.024,ENC,160.0948,0.0000,80.0474,8.0960,-9.8004,-458.638,-3.765,-0.733,268.641,0.0498,-0.0034,1.0415,
14.040,ENC,160.2430,-0.1960,80.0235,7.4142,-9.8004,-459.624,-3.765,-0.733,268.641,0.0498,-0.0034,1.0415,
14.043,IMU,160.2430,-0.1960,80.0235,7.4142,-9.8004,-459.624,-3.790,-0.726,268.644,0.1074,0.0200,1.0049,
14.061,ENC,160.3913,0.0000,80.1957,7.4142,9.8004,-459.487,-3.790,-0.726,268.644,0.1074,0.0200,1.0049,
14.064,IMU,160.3913,0.0000,80.1957,7.4142,9.8004,-459.487,-3.796,-0.685,268.660,0.0942,0.0386,0.9609,
14.080,ENC,160.5379,0.0000,80.2690,7.3290,0.0000,-459.907,-3.796,-0.685,268.660,0.0942,0.0386,0.9609,
14.083,IMU,160.5379,0.0000,80.2690,7.3290,0.0000,-459.907,-3.789,-0.606,268.652,0.0742,0.0391,1.0244,
14.101,ENC,160.6709,0.0000,80.3354,6.6473,0.0000,-460.288,-3.789,-0.606,268.652,0.0742,0.0391,1.0244,
14.104,IMU,160.6709,0.0000,80.3354,6.6473,0.0000,-460.288,-3.778,-0.632,268.659,0.0796,-0.0195,1.0264,
14.120,ENC,160.8038,0.0000,80.4019,6.6473,0.0000,-460.669,-3.778,-0.632,268.659,0.0796,-0.0195,1.0264,
14.124,IMU,160.8038,0.0000,80.4019,6.6473,0.0000,-460.669,-3.744,-0.525,268.689,0.0571,0.0601,0.9121,
14.140,ENC,160.9384,0.0000,80.4692,6.7325,0.0000,-461.055,-3.744,-0.525,268.689,0.0571,0.0601,0.9121,
14.143,IMU,160.9384,0.0000,80.4692,6.7325,0.0000,-461.055,-3.734,-0.608,268.698,0.0508,-0.1191,0.9492,
14.161,ENC,161.0782,0.1960,80.6371,6.9881,9.8004,-460.894,-3.734,-0.608,268.698,0.0508,-0.1191,0.9492,
14.167,IMU,161.0782,0.1960,80.6371,6.9881,9.8004,-460.894,-3.809,-0.625,268.702,0.1235,-0.0352,1.0093,
14.182,IMU,161.0782,0.1960,80.6371,6.9881,9.8004,-460.894,-3.906,-0.671,268.765,0.1030,-0.0610,0.9819,
14.184,ENC,161.2350,0.0000,80.6175,7.8403,-9.8004,-461.904,-3.906,-0.671,268.765,0.1030,-0.0610,0.9819,
14.200,ENC,161.3850,0.2045,80.7948,7.4995,10.2265,-461.748,-3.906,-0.671,268.765,0.1030,-0.0610,0.9819,
14.220,ENC,161.5350,0.0000,80.7675,7.4995,-10.2265,-462.764,-3.906,-0.671,268.765,0.1030,-0.0610,0.9819,
14.240,ENC,161.6799,0.0000,80.8399,7.2438,0.0000,-463.179,-3.906,-0.671,268.765,0.1030,-0.0610,0.9819,
14.262,IMU,161.6799,0.0000,80.8399,7.2438,0.0000,-463.179,-3.740,-0.641,268.810,0.0786,0.0142,0.9399,
14.264,ENC,161.8265,-0.2182,80.8041,7.3290,-10.9083,-464.224,-3.740,-0.641,268.810,0.0786,0.0142,0.9399,
14.280,ENC,161.9764,0.0000,80.9882,7.4995,10.9083,-464.028,-3.740,-0.641,268.810,0.0786,0.0142,0.9399,
14.284,IMU,161.9764,0.0000,80.9882,7.4995,10.9083,-464.028,-3.717,-0.716,268.809,0.0708,-0.0425,0.9785,
14.300,ENC,162.1367,0.0000,81.0683,8.0108,0.0000,-464.487,-3.717,-0.716,268.809,0.0708,-0.0425,0.9785,
14.304,IMU,162.1367,0.0000,81.0683,8.0108,0.0000,-464.487,-3.694,-0.763,268.747,0.0366,-0.0239,1.1177,
14.320,ENC,162.2935,0.0000,81.1467,7.8403,0.0000,-464.937,-3.694,-0.763,268.747,0.0366,-0.0239,1.1177,
14.324,IMU,162.2935,0.0000,81.1467,7.8403,0.0000,-464.937,-3.697,-0.843,268.754,0.0532,-0.0332,1.0225,
14.342,IMU,162.2935,0.0000,81.1467,7.8403,0.0000,-464.937,-3.659,-0.881,268.773,0.0479,-0.0435,0.9292,
14.344,ENC,162.4469,0.0000,81.2234,7.6699,0.0000,-465.376,-3.659,-0.881,268.773,0.0479,-0.0435,0.9292,
14.360,ENC,162.6003,0.0000,81.3001,7.6699,0.0000,-465.815,-3.659,-0.881,268.773,0.0479,-0.0435,0.9292,
14.363,IMU,162.6003,0.0000,81.3001,7.6699,0.0000,-465.815,-3.597,-0.919,268.798,0.0088,-0.0420,0.9473,
14.402,IMU,162.6003,0.0000,81.3001,7.6699,0.0000,-465.815,-3.634,-0.977,268.751,0.0420,-0.0098,0.9673,
14.410,ENC,162.9309,0.0000,81.4655,8.2665,0.0000,-466.763,-3.634,-0.977,268.751,0.0420,-0.0098,0.9673,
14.436,IMU,162.9309,0.0000,81.4655,8.2665,0.0000,-466.763,-3.699,-1.007,268.748,0.1060,-0.0264,0.9893,
14.441,ENC,163.2599,0.4005,81.8302,8.2238,10.0135,-466.558,-3.699,-1.007,268.748,0.1060,-0.0264,0.9893,
14.444,IMU,163.2599,0.4005,81.8302,8.2238,10.0135,-466.558,-3.730,-0.951,268.762,0.0845,-0.0029,0.9995,
14.463,IMU,163.2599,0.4005,81.8302,8.2238,10.0135,-466.558,-3.836,-0.940,268.744,0.1616,-0.0137,0.9312,
14.465,ENC,163.4167,0.0000,81.7083,7.8403,-20.0270,-468.154,-3.836,-0.940,268.744,0.1616,-0.0137,0.9312,
14.480,ENC,163.5752,0.0000,81.7876,7.9256,0.0000,-468.608,-3.836,-0.940,268.744,0.1616,-0.0137,0.9312,
14.485,IMU,163.5752,0.0000,81.7876,7.9256,0.0000,-468.608,-3.928,-0.856,268.757,0.1025,0.0386,1.0015,
14.501,ENC,163.7303,0.0000,81.8651,7.7551,0.0000,-469.053,-3.928,-0.856,268.757,0.1025,0.0386,1.0015,
14.522,IMU,163.7303,0.0000,81.8651,7.7551,0.0000,-469.053,-3.885,-0.899,268.770,0.0054,-0.0420,1.0078,
14.523,ENC,163.8837,0.0000,81.9418,7.6699,0.0000,-469.492,-3.885,-0.899,268.770,0.0054,-0.0420,1.0078,
14.542,ENC,164.0337,0.0000,82.0168,7.4995,0.0000,-469.922,-3.885,-0.899,268.770,0.0054,-0.0420,1.0078,
14.545,IMU,164.0337,0.0000,82.0168,7.4995,0.0000,-469.922,-3.906,-1.026,268.731,0.0952,-0.1060,0.9517,
14.560,ENC,164.1803,0.0000,82.0901,7.3290,0.0000,-470.342,-3.906,-1.026,268.731,0.0952,-0.1060,0.9517,
14.564,IMU,164.1803,0.0000,82.0901,7.3290,0.0000,-470.342,-3.951,-0.977,268.728,0.1279,-0.0210,0.9336,
14.582,IMU,164.1803,0.0000,82.0901,7.3290,0.0000,-470.342,-3.985,-0.867,268.734,0.0493,0.0508,0.9917,
14.584,ENC,164.3337,0.0000,82.1668,7.6699,0.0000,-470.781,-3.985,-0.867,268.734,0.0493,0.0508,0.9917,
14.608,IMU,164.3337,0.0000,82.1668,7.6699,0.0000,-470.781,-3.946,-0.840,268.735,-0.0156,0.0186,1.0366,
14.609,ENC,164.4734,0.0000,82.2367,6.9881,0.0000,-471.182,-3.946,-0.840,268.735,-0.0156,0.0186,1.0366,
14.622,IMU,164.4734,0.0000,82.2367,6.9881,0.0000,-471.182,-3.916,-0.834,268.741,0.0308,-0.0269,0.9897,
14.624,ENC,164.6302,0.0000,82.3151,7.8403,0.0000,-471.631,-3.916,-0.834,268.741,0.0308,-0.0269,0.9897,
14.640,ENC,164.7819,0.0000,82.3910,7.5847,0.0000,-472.065,-3.916,-0.834,268.741,0.0308,-0.0269,0.9897,
14.643,IMU,164.7819,0.0000,82.3910,7.5847,0.0000,-472.065,-3.892,-0.730,268.718,0.0962,0.0713,0.9824,
14.662,IMU,164.7819,0.0000,82.3910,7.5847,0.0000,-472.065,-3.924,-0.699,268.701,0.1099,-0.0088,0.9746,
14.664,ENC,164.9472,0.0000,82.4736,8.2665,0.0000,-472.539,-3.924,-0.699,268.701,0.1099,-0.0088,0.9746,
14.680,ENC,165.1006,0.0000,82.5503,7.6699,0.0000,-472.979,-3.924,-0.699,268.701,0.1099,-0.0088,0.9746,
14.684,IMU,165.1006,0.0000,82.5503,7.6699,0.0000,-472.979,-3.859,-0.746,268.693,0.0137,-0.0376,0.9868,
14.702,IMU,165.1006,0.0000,82.5503,7.6699,0.0000,-472.979,-3.807,-0.850,268.690,0.0186,-0.0967,1.0044,
14.704,ENC,165.2643,0.0000,82.6321,8.1812,0.0000,-473.447,-3.807,-0.850,268.690,0.0186,-0.0967,1.0044,
14.721,ENC,165.4143,0.1960,82.8051,7.4995,9.8004,-473.315,-3.807,-0.850,268.690,0.0186,-0.0967,1.0044,
14.724,IMU,165.4143,0.1960,82.8051,7.4995,9.8004,-473.315,-3.895,-0.898,268.695,0.1309,-0.0542,1.0078,
14.743,IMU,165.4143,0.1960,82.8051,7.4995,9.8004,-473.315,-3.878,-0.946,268.652,0.0376,-0.0337,1.0454,
14.744,ENC,165.5949,0.0000,82.7975,9.0334,-9.8004,-474.395,-3.878,-0.946,268.652,0.0376,-0.0337,1.0454,
14.762,IMU,165.5949,0.0000,82.7975,9.0334,-9.8004,-474.395,-3.899,-0.971,268.640,0.0664,-0.0259,0.9497,
14.764,ENC,165.7637,0.0000,82.8818,8.4369,0.0000,-474.878,-3.899,-0.971,268.640,0.0664,-0.0259,0.9497,
14.782,ENC,165.9307,0.0000,82.9654,8.3517,0.0000,-475.356,-3.899,-0.971,268.640,0.0664,-0.0259,0.9497,
14.785,IMU,165.9307,0.0000,82.9654,8.3517,0.0000,-475.356,-3.787,-1.092,268.621,-0.0361,-0.1118,0.9966,
14.800,ENC,166.1011,0.1994,83.1503,8.5221,9.9709,-475.273,-3.787,-1.092,268.621,-0.0361,-0.1118,0.9966,
14.804,IMU,166.1011,0.1994,83.1503,8.5221,9.9709,-475.273,-3.784,-1.034,268.634,0.0786,0.0391,0.8574,
14.825,IMU,166.1011,0.1994,83.1503,8.5221,9.9709,-475.273,-3.790,-0.976,268.603,0.1123,0.0142,0.9790,
14.841,ENC,166.4454,0.0000,83.2227,8.6073,-4.9854,-476.831,-3.790,-0.976,268.603,0.1123,0.0142,0.9790,
14.844,IMU,166.4454,0.0000,83.2227,8.6073,-4.9854,-476.831,-3.802,-0.968,268.570,0.1196,0.0112,1.0400,
14.860,ENC,166.6295,0.0000,83.3148,9.2039,0.0000,-477.358,-3.802,-0.968,268.570,0.1196,0.0112,1.0400,
14.864,IMU,166.6295,0.0000,83.3148,9.2039,0.0000,-477.358,-3.714,-0.974,268.603,-0.0234,-0.0151,1.1040,
14.880,ENC,166.8000,-0.2045,83.2977,8.5221,-10.2265,-478.433,-3.714,-0.974,268.603,-0.0234,-0.0151,1.1040,
14.883,IMU,166.8000,-0.2045,83.2977,8.5221,-10.2265,-478.433,-3.750,-0.956,268.611,0.0933,-0.0098,0.9863,
14.900,ENC,166.9721,0.0000,83.4861,8.6073,10.2265,-478.340,-3.750,-0.956,268.611,0.0933,-0.0098,0.9863,
14.904,IMU,166.9721,0.0000,83.4861,8.6073,10.2265,-478.340,-3.736,-1.046,268.641,0.0444,-0.0571,0.9829,
14.922,IMU,166.9721,0.0000,83.4861,8.6073,10.2265,-478.340,-3.812,-1.040,268.675,0.1489,-0.0498,0.9863,
