time_s,source,dist_l_in,dist_r_in,dist_avg_in,speed_l_in_s,speed_r_in_s,enc_heading_deg,pitch_deg,roll_deg,yaw_deg,acc_x_g,acc_y_g,acc_z_g,note
0.007,IMU,-10.3458,-2.5140,-6.4299,0.0000,0.0000,22.437,-3.194,-0.226,-56.561,0.0400,-0.0088,0.9951,
0.010,ENC,-10.3458,-2.5140,-6.4299,0.0000,0.0000,22.437,-3.194,-0.226,-56.561,0.0400,-0.0088,0.9951,
0.023,IMU,-10.3458,-2.5140,-6.4299,0.0000,0.0000,22.437,-3.179,-0.218,-56.533,0.0537,-0.0078,0.9883,
0.029,ENC,-10.3458,-2.5140,-6.4299,0.0000,0.0000,22.437,-3.179,-0.218,-56.533,0.0537,-0.0078,0.9883,
0.043,IMU,-10.3458,-2.5140,-6.4299,0.0000,0.0000,22.437,-3.149,-0.231,-56.551,0.0459,-0.0054,0.9858,
0.049,ENC,-10.3458,-2.5140,-6.4299,0.0000,0.0000,22.437,-3.149,-0.231,-56.551,0.0459,-0.0054,0.9858,
0.064,IMU,-10.3458,-2.5140,-6.4299,0.0000,0.0000,22.437,-3.139,-0.235,-56.519,0.0420,-0.0156,1.0044,
0.069,ENC,-10.3458,-2.5140,-6.4299,0.0000,0.0000,22.437,-3.139,-0.235,-56.519,0.0420,-0.0156,1.0044,
0.085,IMU,-10.3458,-2.5140,-6.4299,0.0000,0.0000,22.437,-3.143,-0.219,-56.539,0.0488,-0.0044,0.9937,
0.089,ENC,-10.3458,-2.5140,-6.4299,0.0000,0.0000,22.437,-3.143,-0.219,-56.539,0.0488,-0.0044,0.9937,
0.104,IMU,-10.3458,-2.5140,-6.4299,0.0000,0.0000,22.437,-3.189,-0.252,-56.544,0.0601,-0.0063,0.9932,
0.109,ENC,-10.3458,-2.5140,-6.4299,0.0000,0.0000,22.437,-3.189,-0.252,-56.544,0.0601,-0.0063,0.9932,
0.124,IMU,-10.3458,-2.5140,-6.4299,0.0000,0.0000,22.437,-3.136,-0.240,-56.578,0.0571,-0.0015,0.9937,
0.129,ENC,-10.3458,-2.5140,-6.4299,0.0000,0.0000,22.437,-3.136,-0.240,-56.578,0.0571,-0.0015,0.9937,
0.143,IMU,-10.3458,-2.5140,-6.4299,0.0000,0.0000,22.437,-3.116,-0.248,-56.578,0.0483,-0.0029,0.9956,
0.149,ENC,-10.3458,-2.5140,-6.4299,0.0000,0.0000,22.437,-3.116,-0.248,-56.578,0.0483,-0.0029,0.9956,
0.163,IMU,-10.3458,-2.5140,-6.4299,0.0000,0.0000,22.437,-3.091,-0.256,-56.569,0.0503,-0.0151,1.0000,
0.171,ENC,-10.3458,-2.5140,-6.4299,0.0000,0.0000,22.437,-3.091,-0.256,-56.569,0.0503,-0.0151,1.0000,
0.184,IMU,-10.3458,-2.5140,-6.4299,0.0000,0.0000,22.437,-3.111,-0.248,-56.567,0.0488,0.0054,0.9810,
0.189,ENC,-10.3458,-2.5140,-6.4299,0.0000,0.0000,22.437,-3.111,-0.248,-56.567,0.0488,0.0054,0.9810,
0.204,IMU,-10.3458,-2.5140,-6.4299,0.0000,0.0000,22.437,-3.096,-0.258,-56.579,0.0542,-0.0093,0.9990,
0.209,ENC,-10.3458,-2.5140,-6.4299,0.0000,0.0000,22.437,-3.096,-0.258,-56.579,0.0542,-0.0093,0.9990,
0.225,IMU,-10.3458,-2.5140,-6.4299,0.0000,0.0000,22.437,-3.086,-0.249,-56.611,0.0552,0.0054,1.0015,
0.229,ENC,-10.3458,-2.5140,-6.4299,0.0000,0.0000,22.437,-3.086,-0.249,-56.611,0.0552,0.0054,1.0015,
0.244,IMU,-10.3458,-2.5140,-6.4299,0.0000,0.0000,22.437,-3.071,-0.277,-56.609,0.0571,0.0024,0.9844,
0.250,ENC,-10.3458,-2.5140,-6.4299,0.0000,0.0000,22.437,-3.071,-0.277,-56.609,0.0571,0.0024,0.9844,
0.264,IMU,-10.3458,-2.5140,-6.4299,0.0000,0.0000,22.437,-3.078,-0.251,-56.639,0.0513,0.0063,0.9858,
0.269,ENC,-10.3458,-2.5140,-6.4299,0.0000,0.0000,22.437,-3.078,-0.251,-56.639,0.0513,0.0063,0.9858,
0.284,IMU,-10.3458,-2.5140,-6.4299,0.0000,0.0000,22.437,-3.094,-0.205,-56.602,0.0610,-0.0156,0.9995,
0.289,ENC,-10.3458,-2.5140,-6.4299,0.0000,0.0000,22.437,-3.094,-0.205,-56.602,0.0610,-0.0156,0.9995,
0.303,IMU,-10.3458,-2.5140,-6.4299,0.0000,0.0000,22.437,-3.115,-0.201,-56.633,0.0586,0.0063,0.9966,
0.309,ENC,-10.3458,-2.5140,-6.4299,0.0000,0.0000,22.437,-3.115,-0.201,-56.633,0.0586,0.0063,0.9966,
0.328,IMU,-10.3458,-2.5140,-6.4299,0.0000,0.0000,22.437,-3.065,-0.191,-56.658,0.0439,-0.0015,1.0029,
0.330,ENC,-10.3458,-2.5140,-6.4299,0.0000,0.0000,22.437,-3.065,-0.191,-56.658,0.0439,-0.0015,1.0029,
0.348,IMU,-10.3458,-2.5140,-6.4299,0.0000,0.0000,22.437,-3.075,-0.220,-56.653,0.0537,-0.0117,0.9907,
0.351,ENC,-10.3458,-2.5140,-6.4299,0.0000,0.0000,22.437,-3.075,-0.220,-56.653,0.0537,-0.0117,0.9907,
0.363,IMU,-10.3458,-2.5140,-6.4299,0.0000,0.0000,22.437,-3.036,-0.234,-56.666,0.0391,-0.0005,0.9902,
0.371,ENC,-10.3458,-2.5140,-6.4299,0.0000,0.0000,22.437,-3.036,-0.234,-56.666,0.0391,-0.0005,0.9902,
0.384,IMU,-10.3458,-2.5140,-6.4299,0.0000,0.0000,22.437,-3.085,-0.188,-56.625,0.0610,0.0044,1.0020,
0.389,ENC,-10.3458,-2.5140,-6.4299,0.0000,0.0000,22.437,-3.085,-0.188,-56.625,0.0610,0.0044,1.0020,
0.428,IMU,-10.3458,-2.5140,-6.4299,0.0000,0.0000,22.437,-3.129,-0.152,-56.527,0.0625,0.0029,0.9839,
0.430,ENC,-10.3476,-2.5140,-6.4308,-0.0426,0.0000,22.441,-3.129,-0.152,-56.527,0.0625,0.0029,0.9839,
0.444,IMU,-10.3476,-2.5140,-6.4308,-0.0426,0.0000,22.441,-3.115,-0.137,-56.539,0.0620,-0.0034,1.0029,
0.450,ENC,-10.3458,-2.5140,-6.4299,0.0852,0.0000,22.437,-3.115,-0.137,-56.539,0.0620,-0.0034,1.0029,
0.465,IMU,-10.3458,-2.5140,-6.4299,0.0852,0.0000,22.437,-3.183,-0.122,-56.489,0.0625,-0.0122,1.0024,
0.483,IMU,-10.3458,-2.5140,-6.4299,0.0852,0.0000,22.437,-3.126,-0.154,-56.473,0.0483,0.0015,0.9922,
0.489,ENC,-10.3458,-2.5140,-6.4299,0.0000,0.0000,22.437,-3.126,-0.154,-56.473,0.0483,0.0015,0.9922,
0.505,IMU,-10.3458,-2.5140,-6.4299,0.0000,0.0000,22.437,-3.138,-0.186,-56.433,0.0610,-0.0078,0.9976,
0.509,ENC,-10.3458,-2.5140,-6.4299,0.0000,0.0000,22.437,-3.138,-0.186,-56.433,0.0610,-0.0078,0.9976,
0.533,ENC,-10.3458,-2.5140,-6.4299,0.0000,0.0000,22.437,-3.138,-0.186,-56.433,0.0610,-0.0078,0.9976,
0.543,IMU,-10.3458,-2.5140,-6.4299,0.0000,0.0000,22.437,-3.177,-0.173,-56.370,0.0508,0.0024,1.0024,
0.550,ENC,-10.3458,-2.5140,-6.4299,0.0000,0.0000,22.437,-3.177,-0.173,-56.370,0.0508,0.0024,1.0024,
0.564,IMU,-10.3458,-2.5140,-6.4299,0.0000,0.0000,22.437,-3.144,-0.190,-56.430,0.0532,-0.0054,0.9946,
0.569,ENC,-10.3458,-2.5140,-6.4299,0.0000,0.0000,22.437,-3.144,-0.190,-56.430,0.0532,-0.0054,0.9946,
0.583,IMU,-10.3458,-2.5140,-6.4299,0.0000,0.0000,22.437,-3.147,-0.205,-56.413,0.0503,0.0005,1.0093,
0.589,ENC,-10.3458,-2.5140,-6.4299,0.0000,0.0000,22.437,-3.147,-0.205,-56.413,0.0503,0.0005,1.0093,
0.604,IMU,-10.3458,-2.5140,-6.4299,0.0000,0.0000,22.437,-3.183,-0.251,-56.418,0.0605,-0.0029,0.9912,
0.609,ENC,-10.3458,-2.5140,-6.4299,0.0000,0.0000,22.437,-3.183,-0.251,-56.418,0.0605,-0.0029,0.9912,
0.630,ENC,-10.3458,-2.5140,-6.4299,0.0000,0.0000,22.437,-3.183,-0.251,-56.418,0.0605,-0.0029,0.9912,
0.634,IMU,-10.3458,-2.5140,-6.4299,0.0000,0.0000,22.437,-3.141,-0.220,-56.472,0.0562,0.0049,0.9868,
0.643,IMU,-10.3458,-2.5140,-6.4299,0.0000,0.0000,22.437,-3.107,-0.187,-56.517,0.0542,0.0054,0.9922,
0.661,ENC,-10.3476,-2.5140,-6.4308,-0.0852,0.0000,22.441,-3.107,-0.187,-56.517,0.0542,0.0054,0.9922,
0.665,IMU,-10.3476,-2.5140,-6.4308,-0.0852,0.0000,22.441,-3.084,-0.187,-56.550,0.0542,-0.0073,1.0078,
0.669,ENC,-10.3458,-2.5140,-6.4299,0.0852,0.0000,22.437,-3.084,-0.187,-56.550,0.0542,-0.0073,1.0078,
0.683,IMU,-10.3458,-2.5140,-6.4299,0.0852,0.0000,22.437,-3.096,-0.189,-56.549,0.0615,-0.0020,1.0000,
0.689,ENC,-10.3458,-2.5140,-6.4299,0.0000,0.0000,22.437,-3.096,-0.189,-56.549,0.0615,-0.0020,1.0000,
0.703,IMU,-10.3458,-2.5140,-6.4299,0.0000,0.0000,22.437,-3.088,-0.174,-56.499,0.0493,0.0024,0.9980,
0.709,ENC,-10.3458,-2.5140,-6.4299,0.0000,0.0000,22.437,-3.088,-0.174,-56.499,0.0493,0.0024,0.9980,
0.723,IMU,-10.3458,-2.5140,-6.4299,0.0000,0.0000,22.437,-3.059,-0.156,-56.461,0.0591,0.0034,1.0059,
0.730,ENC,-10.3458,-2.5140,-6.4299,0.0000,0.0000,22.437,-3.059,-0.156,-56.461,0.0591,0.0034,1.0059,
0.744,IMU,-10.3458,-2.5140,-6.4299,0.0000,0.0000,22.437,-3.102,-0.161,-56.472,0.0645,-0.0034,0.9980,
0.749,ENC,-10.3458,-2.5140,-6.4299,0.0000,0.0000,22.437,-3.102,-0.161,-56.472,0.0645,-0.0034,0.9980,
0.764,IMU,-10.3458,-2.5140,-6.4299,0.0000,0.0000,22.437,-3.085,-0.172,-56.479,0.0566,-0.0059,1.0020,
0.769,ENC,-10.3458,-2.5140,-6.4299,0.0000,0.0000,22.437,-3.085,-0.172,-56.479,0.0566,-0.0059,1.0020,
0.783,IMU,-10.3458,-2.5140,-6.4299,0.0000,0.0000,22.437,-3.083,-0.180,-56.521,0.0503,0.0122,0.9893,
0.790,ENC,-10.3458,-2.5140,-6.4299,0.0000,0.0000,22.437,-3.083,-0.180,-56.521,0.0503,0.0122,0.9893,
0.804,IMU,-10.3458,-2.5140,-6.4299,0.0000,0.0000,22.437,-3.070,-0.157,-56.556,0.0435,0.0083,0.9980,
0.809,ENC,-10.3458,-2.5140,-6.4299,0.0000,0.0000,22.437,-3.070,-0.157,-56.556,0.0435,0.0083,0.9980,
0.825,IMU,-10.3458,-2.5140,-6.4299,0.0000,0.0000,22.437,-3.054,-0.182,-56.540,0.0405,-0.0059,1.0024,
0.845,IMU,-10.3458,-2.5140,-6.4299,0.0000,0.0000,22.437,-3.038,-0.207,-56.557,0.0464,-0.0186,0.9927,
0.849,ENC,-10.3458,-2.5140,-6.4299,0.0000,0.0000,22.437,-3.038,-0.207,-56.557,0.0464,-0.0186,0.9927,
0.864,IMU,-10.3458,-2.5140,-6.4299,0.0000,0.0000,22.437,-3.022,-0.262,-56.546,0.0498,-0.0068,1.0049,
0.869,ENC,-10.3458,-2.5140,-6.4299,0.0000,0.0000,22.437,-3.022,-0.262,-56.546,0.0498,-0.0068,1.0049,
0.883,IMU,-10.3458,-2.5140,-6.4299,0.0000,0.0000,22.437,-3.021,-0.295,-56.501,0.0522,0.0029,0.9888,
0.889,ENC,-10.3458,-2.5140,-6.4299,0.0000,0.0000,22.437,-3.021,-0.295,-56.501,0.0522,0.0029,0.9888,
0.903,IMU,-10.3458,-2.5140,-6.4299,0.0000,0.0000,22.437,-3.008,-0.299,-56.520,0.0513,-0.0059,1.0039,
0.909,ENC,-10.3458,-2.5140,-6.4299,0.0000,0.0000,22.437,-3.008,-0.299,-56.520,0.0513,-0.0059,1.0039,
0.924,IMU,-10.3458,-2.5140,-6.4299,0.0000,0.0000,22.437,-3.035,-0.288,-56.483,0.0542,-0.0020,0.9985,
0.943,IMU,-10.3458,-2.5140,-6.4299,0.0000,0.0000,22.437,-2.999,-0.282,-56.502,0.0469,-0.0024,0.9937,
0.949,ENC,-10.3458,-2.5140,-6.4299,0.0000,0.0000,22.437,-2.999,-0.282,-56.502,0.0469,-0.0024,0.9937,
0.965,IMU,-10.3458,-2.5140,-6.4299,0.0000,0.0000,22.437,-2.961,-0.303,-56.516,0.0562,-0.0098,0.9878,
0.969,ENC,-10.3458,-2.5140,-6.4299,0.0000,0.0000,22.437,-2.961,-0.303,-56.516,0.0562,-0.0098,0.9878,
0.985,IMU,-10.3458,-2.5140,-6.4299,0.0000,0.0000,22.437,-2.996,-0.331,-56.495,0.0684,-0.0127,1.0015,
0.989,ENC,-10.3458,-2.5140,-6.4299,0.0000,0.0000,22.437,-2.996,-0.331,-56.495,0.0684,-0.0127,1.0015,
1.004,IMU,-10.3458,-2.5140,-6.4299,0.0000,0.0000,22.437,-3.002,-0.369,-56.503,0.0479,-0.0117,0.9961,
1.009,ENC,-10.3458,-2.5140,-6.4299,0.0000,0.0000,22.437,-3.002,-0.369,-56.503,0.0479,-0.0117,0.9961,
1.024,IMU,-10.3458,-2.5140,-6.4299,0.0000,0.0000,22.437,-2.984,-0.406,-56.504,0.0684,-0.0059,1.0010,
1.029,ENC,-10.3476,-2.5140,-6.4308,-0.0852,0.0000,22.441,-2.984,-0.406,-56.504,0.0684,-0.0059,1.0010,
1.045,IMU,-10.3476,-2.5140,-6.4308,-0.0852,0.0000,22.441,-2.973,-0.400,-56.481,0.0513,-0.0156,0.9990,
1.049,ENC,-10.3458,-2.5140,-6.4299,0.0852,0.0000,22.437,-2.973,-0.400,-56.481,0.0513,-0.0156,0.9990,
1.064,IMU,-10.3458,-2.5140,-6.4299,0.0852,0.0000,22.437,-3.034,-0.366,-56.498,0.0693,-0.0127,0.9956,
1.069,ENC,-10.3458,-2.5140,-6.4299,0.0000,0.0000,22.437,-3.034,-0.366,-56.498,0.0693,-0.0127,0.9956,
1.084,IMU,-10.3458,-2.5140,-6.4299,0.0000,0.0000,22.437,-3.046,-0.365,-56.445,0.0601,-0.0093,0.9854,
1.089,ENC,-10.3458,-2.5140,-6.4299,0.0000,0.0000,22.437,-3.046,-0.365,-56.445,0.0601,-0.0093,0.9854,
1.103,IMU,-10.3458,-2.5140,-6.4299,0.0000,0.0000,22.437,-3.073,-0.401,-56.470,0.0464,0.0010,0.9985,
1.109,ENC,-10.3458,-2.5140,-6.4299,0.0000,0.0000,22.437,-3.073,-0.401,-56.470,0.0464,0.0010,0.9985,
1.124,IMU,-10.3458,-2.5140,-6.4299,0.0000,0.0000,22.437,-3.049,-0.456,-56.432,0.0513,-0.0176,0.9961,
1.129,ENC,-10.3458,-2.5140,-6.4299,0.0000,0.0000,22.437,-3.049,-0.456,-56.432,0.0513,-0.0176,0.9961,
1.149,IMU,-10.3458,-2.5140,-6.4299,0.0000,0.0000,22.437,-3.086,-0.407,-56.415,0.0581,0.0020,0.9863,
1.152,ENC,-10.3458,-2.5140,-6.4299,0.0000,0.0000,22.437,-3.086,-0.407,-56.415,0.0581,0.0020,0.9863,
1.165,IMU,-10.3458,-2.5140,-6.4299,0.0000,0.0000,22.437,-3.079,-0.389,-56.415,0.0508,-0.0049,0.9888,
1.169,ENC,-10.3458,-2.5140,-6.4299,0.0000,0.0000,22.437,-3.079,-0.389,-56.415,0.0508,-0.0049,0.9888,
1.184,IMU,-10.3458,-2.5140,-6.4299,0.0000,0.0000,22.437,-3.054,-0.419,-56.407,0.0610,-0.0024,0.9912,
1.189,ENC,-10.3458,-2.5140,-6.4299,0.0000,0.0000,22.437,-3.054,-0.419,-56.407,0.0610,-0.0024,0.9912,
1.204,IMU,-10.3458,-2.5140,-6.4299,0.0000,0.0000,22.437,-3.081,-0.419,-56.354,0.0571,0.0000,0.9985,
1.209,ENC,-10.3458,-2.5140,-6.4299,0.0000,0.0000,22.437,-3.081,-0.419,-56.354,0.0571,0.0000,0.9985,
1.224,IMU,-10.3458,-2.5140,-6.4299,0.0000,0.0000,22.437,-3.114,-0.447,-56.356,0.0547,-0.0044,1.0010,
1.230,ENC,-10.3458,-2.5140,-6.4299,0.0000,0.0000,22.437,-3.114,-0.447,-56.356,0.0547,-0.0044,1.0010,
1.247,IMU,-10.3458,-2.5140,-6.4299,0.0000,0.0000,22.437,-3.065,-0.471,-56.358,0.0444,-0.0098,0.9858,
1.249,ENC,-10.3458,-2.5140,-6.4299,0.0000,0.0000,22.437,-3.065,-0.471,-56.358,0.0444,-0.0098,0.9858,
1.263,IMU,-10.3458,-2.5140,-6.4299,0.0000,0.0000,22.437,-3.061,-0.454,-56.322,0.0576,0.0088,0.9907,
1.269,ENC,-10.3458,-2.5140,-6.4299,0.0000,0.0000,22.437,-3.061,-0.454,-56.322,0.0576,0.0088,0.9907,
1.284,IMU,-10.3458,-2.5140,-6.4299,0.0000,0.0000,22.437,-3.051,-0.477,-56.376,0.0454,-0.0078,0.9917,
1.289,ENC,-10.3458,-2.5140,-6.4299,0.0000,0.0000,22.437,-3.051,-0.477,-56.376,0.0454,-0.0078,0.9917,
1.304,IMU,-10.3458,-2.5140,-6.4299,0.0000,0.0000,22.437,-3.056,-0.447,-56.343,0.0503,0.0010,0.9922,
1.309,ENC,-10.3458,-2.5140,-6.4299,0.0000,0.0000,22.437,-3.056,-0.447,-56.343,0.0503,0.0010,0.9922,
1.323,IMU,-10.3458,-2.5140,-6.4299,0.0000,0.0000,22.437,-3.075,-0.428,-56.343,0.0464,-0.0034,0.9966,
1.329,ENC,-10.3458,-2.5140,-6.4299,0.0000,0.0000,22.437,-3.075,-0.428,-56.343,0.0464,-0.0034,0.9966,
1.344,IMU,-10.3458,-2.5140,-6.4299,0.0000,0.0000,22.437,-3.114,-0.374,-56.361,0.0513,0.0020,0.9971,
1.349,ENC,-10.3458,-2.5140,-6.4299,0.0000,0.0000,22.437,-3.114,-0.374,-56.361,0.0513,0.0020,0.9971,
1.364,IMU,-10.3458,-2.5140,-6.4299,0.0000,0.0000,22.437,-3.104,-0.368,-56.355,0.0547,-0.0190,0.9849,
1.369,ENC,-10.3458,-2.5140,-6.4299,0.0000,0.0000,22.437,-3.104,-0.368,-56.355,0.0547,-0.0190,0.9849,
1.389,ENC,-10.3458,-2.5140,-6.4299,0.0000,0.0000,22.437,-3.104,-0.368,-56.355,0.0547,-0.0190,0.9849,
1.404,IMU,-10.3458,-2.5140,-6.4299,0.0000,0.0000,22.437,-3.069,-0.336,-56.347,0.0503,-0.0039,1.0044,
1.409,ENC,-10.3458,-2.5140,-6.4299,0.0000,0.0000,22.437,-3.069,-0.336,-56.347,0.0503,-0.0039,1.0044,
1.427,IMU,-10.3458,-2.5140,-6.4299,0.0000,0.0000,22.437,-3.071,-0.339,-56.392,0.0557,-0.0049,0.9971,
1.429,ENC,-10.3458,-2.5140,-6.4299,0.0000,0.0000,22.437,-3.071,-0.339,-56.392,0.0557,-0.0049,0.9971,
1.444,IMU,-10.3458,-2.5140,-6.4299,0.0000,0.0000,22.437,-3.061,-0.369,-56.382,0.0454,-0.0093,0.9941,
1.449,ENC,-10.3458,-2.5140,-6.4299,0.0000,0.0000,22.437,-3.061,-0.369,-56.382,0.0454,-0.0093,0.9941,
1.467,IMU,-10.3458,-2.5140,-6.4299,0.0000,0.0000,22.437,-3.026,-0.366,-56.353,0.0498,0.0073,0.9844,
1.479,ENC,-10.3458,-2.5140,-6.4299,0.0000,0.0000,22.437,-3.026,-0.366,-56.353,0.0498,0.0073,0.9844,
1.490,IMU,-10.3458,-2.5140,-6.4299,0.0000,0.0000,22.437,-3.034,-0.375,-56.351,0.0620,-0.0005,0.9956,
1.492,ENC,-10.3458,-2.5140,-6.4299,0.0000,0.0000,22.437,-3.034,-0.375,-56.351,0.0620,-0.0005,0.9956,
1.503,IMU,-10.3458,-2.5140,-6.4299,0.0000,0.0000,22.437,-3.044,-0.375,-56.306,0.0664,-0.0127,0.9951,
1.509,ENC,-10.3458,-2.5140,-6.4299,0.0000,0.0000,22.437,-3.044,-0.375,-56.306,0.0664,-0.0127,0.9951,
1.523,IMU,-10.3458,-2.5140,-6.4299,0.0000,0.0000,22.437,-3.001,-0.356,-56.309,0.0400,0.0068,0.9966,
1.529,ENC,-10.3458,-2.5140,-6.4299,0.0000,0.0000,22.437,-3.001,-0.356,-56.309,0.0400,0.0068,0.9966,
1.552,ENC,-10.3458,-2.5140,-6.4299,0.0000,0.0000,22.437,-3.001,-0.356,-56.309,0.0400,0.0068,0.9966,
1.555,IMU,-10.3458,-2.5140,-6.4299,0.0000,0.0000,22.437,-2.981,-0.345,-56.338,0.0459,0.0000,0.9927,
1.563,IMU,-10.3458,-2.5140,-6.4299,0.0000,0.0000,22.437,-2.980,-0.312,-56.346,0.0454,-0.0039,0.9927,
1.569,ENC,-10.3458,-2.5140,-6.4299,0.0000,0.0000,22.437,-2.980,-0.312,-56.346,0.0454,-0.0039,0.9927,
1.584,IMU,-10.3458,-2.5140,-6.4299,0.0000,0.0000,22.437,-3.006,-0.341,-56.346,0.0591,-0.0166,0.9868,
1.589,ENC,-10.3458,-2.5140,-6.4299,0.0000,0.0000,22.437,-3.006,-0.341,-56.346,0.0591,-0.0166,0.9868,
1.607,IMU,-10.3458,-2.5140,-6.4299,0.0000,0.0000,22.437,-3.003,-0.314,-56.336,0.0508,-0.0005,0.9980,
1.611,ENC,-10.3458,-2.5140,-6.4299,0.0000,0.0000,22.437,-3.003,-0.314,-56.336,0.0508,-0.0005,0.9980,
1.623,IMU,-10.3458,-2.5140,-6.4299,0.0000,0.0000,22.437,-3.035,-0.293,-56.339,0.0571,-0.0005,0.9932,
1.637,ENC,-10.3458,-2.5140,-6.4299,0.0000,0.0000,22.437,-3.035,-0.293,-56.339,0.0571,-0.0005,0.9932,
1.646,IMU,-10.3458,-2.5140,-6.4299,0.0000,0.0000,22.437,-2.973,-0.295,-56.399,0.0493,-0.0010,1.0088,
1.667,IMU,-10.3458,-2.5140,-6.4299,0.0000,0.0000,22.437,-2.991,-0.280,-56.439,0.0444,-0.0068,0.9937,
1.669,ENC,-10.3458,-2.5140,-6.4299,0.0000,0.0000,22.437,-2.991,-0.280,-56.439,0.0444,-0.0068,0.9937,
1.685,IMU,-10.3458,-2.5140,-6.4299,0.0000,0.0000,22.437,-3.017,-0.246,-56.460,0.0547,-0.0098,0.9995,
1.689,ENC,-10.3458,-2.5140,-6.4299,0.0000,0.0000,22.437,-3.017,-0.246,-56.460,0.0547,-0.0098,0.9995,
1.704,IMU,-10.3458,-2.5140,-6.4299,0.0000,0.0000,22.437,-3.033,-0.263,-56.443,0.0508,0.0117,0.9985,
1.709,ENC,-10.3458,-2.5140,-6.4299,0.0000,0.0000,22.437,-3.033,-0.263,-56.443,0.0508,0.0117,0.9985,
1.723,IMU,-10.3458,-2.5140,-6.4299,0.0000,0.0000,22.437,-2.951,-0.300,-56.451,0.0410,-0.0010,1.0063,
1.739,ENC,-10.3458,-2.5140,-6.4299,0.0000,0.0000,22.437,-2.951,-0.300,-56.451,0.0410,-0.0010,1.0063,
1.749,IMU,-10.3458,-2.5140,-6.4299,0.0000,0.0000,22.437,-2.975,-0.306,-56.447,0.0459,-0.0176,0.9902,
1.764,IMU,-10.3458,-2.5140,-6.4299,0.0000,0.0000,22.437,-2.939,-0.320,-56.413,0.0459,-0.0039,1.0127,
1.774,ENC,-10.3458,-2.5140,-6.4299,0.0000,0.0000,22.437,-2.939,-0.320,-56.413,0.0459,-0.0039,1.0127,
1.784,IMU,-10.3458,-2.5140,-6.4299,0.0000,0.0000,22.437,-2.931,-0.303,-56.432,0.0522,-0.0117,0.9863,
1.792,ENC,-10.3458,-2.5140,-6.4299,0.0000,0.0000,22.437,-2.931,-0.303,-56.432,0.0522,-0.0117,0.9863,
1.804,IMU,-10.3458,-2.5140,-6.4299,0.0000,0.0000,22.437,-2.975,-0.316,-56.437,0.0654,-0.0068,0.9995,
1.810,ENC,-10.3458,-2.5140,-6.4299,0.0000,0.0000,22.437,-2.975,-0.316,-56.437,0.0654,-0.0068,0.9995,
1.823,IMU,-10.3458,-2.5140,-6.4299,0.0000,0.0000,22.437,-2.964,-0.270,-56.436,0.0454,-0.0132,0.9971,
1.829,ENC,-10.3458,-2.5140,-6.4299,0.0000,0.0000,22.437,-2.964,-0.270,-56.436,0.0454,-0.0132,0.9971,
1.845,IMU,-10.3458,-2.5140,-6.4299,0.0000,0.0000,22.437,-2.944,-0.279,-56.454,0.0645,-0.0088,0.9805,
1.860,ENC,-10.3458,-2.5140,-6.4299,0.0000,0.0000,22.437,-2.944,-0.279,-56.454,0.0645,-0.0088,0.9805,
1.869,IMU,-10.3458,-2.5140,-6.4299,0.0000,0.0000,22.437,-2.994,-0.289,-56.462,0.0537,-0.0186,1.0029,
1.872,ENC,-10.3458,-2.5140,-6.4299,0.0000,0.0000,22.437,-2.994,-0.289,-56.462,0.0537,-0.0186,1.0029,
1.883,IMU,-10.3458,-2.5140,-6.4299,0.0000,0.0000,22.437,-2.947,-0.239,-56.478,0.0474,0.0024,0.9902,
1.894,ENC,-10.3458,-2.5140,-6.4299,0.0000,0.0000,22.437,-2.947,-0.239,-56.478,0.0474,0.0024,0.9902,
1.904,IMU,-10.3458,-2.5140,-6.4299,0.0000,0.0000,22.437,-2.977,-0.272,-56.493,0.0718,-0.0107,1.0024,
1.909,ENC,-10.3458,-2.5140,-6.4299,0.0000,0.0000,22.437,-2.977,-0.272,-56.493,0.0718,-0.0107,1.0024,
1.926,IMU,-10.3458,-2.5140,-6.4299,0.0000,0.0000,22.437,-2.942,-0.290,-56.497,0.0522,-0.0020,0.9917,
1.929,ENC,-10.3458,-2.5140,-6.4299,0.0000,0.0000,22.437,-2.942,-0.290,-56.497,0.0522,-0.0020,0.9917,
1.943,IMU,-10.3458,-2.5140,-6.4299,0.0000,0.0000,22.437,-2.941,-0.287,-56.440,0.0444,-0.0083,0.9917,
1.949,ENC,-10.3458,-2.5140,-6.4299,0.0000,0.0000,22.437,-2.941,-0.287,-56.440,0.0444,-0.0083,0.9917,
1.965,IMU,-10.3458,-2.5140,-6.4299,0.0000,0.0000,22.437,-2.928,-0.298,-56.463,0.0586,-0.0020,0.9941,
1.969,ENC,-10.3458,-2.5140,-6.4299,0.0000,0.0000,22.437,-2.928,-0.298,-56.463,0.0586,-0.0020,0.9941,
1.985,IMU,-10.3458,-2.5140,-6.4299,0.0000,0.0000,22.437,-2.947,-0.254,-56.440,0.0488,-0.0024,0.9956,
1.989,ENC,-10.3458,-2.5140,-6.4299,0.0000,0.0000,22.437,-2.947,-0.254,-56.440,0.0488,-0.0024,0.9956,
2.005,IMU,-10.3458,-2.5140,-6.4299,0.0000,0.0000,22.437,-2.928,-0.182,-56.491,0.0522,0.0034,1.0029,
2.023,IMU,-10.3458,-2.5140,-6.4299,0.0000,0.0000,22.437,-2.918,-0.183,-56.513,0.0552,0.0020,1.0010,
2.029,ENC,-10.3458,-2.5140,-6.4299,0.0000,0.0000,22.437,-2.918,-0.183,-56.513,0.0552,0.0020,1.0010,
2.043,IMU,-10.3458,-2.5140,-6.4299,0.0000,0.0000,22.437,-2.961,-0.171,-56.478,0.0601,0.0088,0.9932,
2.049,ENC,-10.3458,-2.5140,-6.4299,0.0000,0.0000,22.437,-2.961,-0.171,-56.478,0.0601,0.0088,0.9932,
2.069,IMU,-10.3458,-2.5140,-6.4299,0.0000,0.0000,22.437,-3.029,-0.211,-56.458,0.0596,-0.0078,0.9927,
2.071,ENC,-10.3458,-2.5140,-6.4299,0.0000,0.0000,22.437,-3.029,-0.211,-56.458,0.0596,-0.0078,0.9927,
2.084,IMU,-10.3458,-2.5140,-6.4299,0.0000,0.0000,22.437,-3.002,-0.185,-56.484,0.0518,-0.0015,0.9976,
2.089,ENC,-10.3476,-2.5140,-6.4308,-0.0852,0.0000,22.441,-3.002,-0.185,-56.484,0.0518,-0.0015,0.9976,
2.104,IMU,-10.3476,-2.5140,-6.4308,-0.0852,0.0000,22.441,-3.015,-0.194,-56.496,0.0620,0.0020,0.9951,
2.110,ENC,-10.3458,-2.5140,-6.4299,0.0852,0.0000,22.437,-3.015,-0.194,-56.496,0.0620,0.0020,0.9951,
2.124,IMU,-10.3458,-2.5140,-6.4299,0.0852,0.0000,22.437,-3.046,-0.204,-56.498,0.0527,-0.0039,0.9897,
2.129,ENC,-10.3458,-2.5140,-6.4299,0.0000,0.0000,22.437,-3.046,-0.204,-56.498,0.0527,-0.0039,0.9897,
2.145,IMU,-10.3458,-2.5140,-6.4299,0.0000,0.0000,22.437,-3.053,-0.167,-56.508,0.0483,-0.0049,0.9858,
2.163,IMU,-10.3458,-2.5140,-6.4299,0.0000,0.0000,22.437,-3.078,-0.172,-56.520,0.0513,-0.0078,0.9941,
2.169,ENC,-10.3458,-2.5140,-6.4299,0.0000,0.0000,22.437,-3.078,-0.172,-56.520,0.0513,-0.0078,0.9941,
2.184,IMU,-10.3458,-2.5140,-6.4299,0.0000,0.0000,22.437,-3.029,-0.193,-56.549,0.0444,-0.0005,0.9971,
2.192,ENC,-10.3458,-2.5140,-6.4299,0.0000,0.0000,22.437,-3.029,-0.193,-56.549,0.0444,-0.0005,0.9971,
2.203,IMU,-10.3458,-2.5140,-6.4299,0.0000,0.0000,22.437,-3.025,-0.137,-56.504,0.0586,0.0010,0.9966,
2.209,ENC,-10.3458,-2.5140,-6.4299,0.0000,0.0000,22.437,-3.025,-0.137,-56.504,0.0586,0.0010,0.9966,
2.223,IMU,-10.3458,-2.5140,-6.4299,0.0000,0.0000,22.437,-3.016,-0.106,-56.502,0.0439,-0.0073,1.0024,
2.229,ENC,-10.3458,-2.5140,-6.4299,0.0000,0.0000,22.437,-3.016,-0.106,-56.502,0.0439,-0.0073,1.0024,
2.245,IMU,-10.3458,-2.5140,-6.4299,0.0000,0.0000,22.437,-3.044,-0.159,-56.482,0.0737,-0.0054,1.0073,
2.250,ENC,-10.3458,-2.5140,-6.4299,0.0000,0.0000,22.437,-3.044,-0.159,-56.482,0.0737,-0.0054,1.0073,
2.265,IMU,-10.3458,-2.5140,-6.4299,0.0000,0.0000,22.437,-3.064,-0.176,-56.490,0.0527,-0.0005,1.0024,
2.269,ENC,-10.3458,-2.5140,-6.4299,0.0000,0.0000,22.437,-3.064,-0.176,-56.490,0.0527,-0.0005,1.0024,
2.283,IMU,-10.3458,-2.5140,-6.4299,0.0000,0.0000,22.437,-3.061,-0.152,-56.486,0.0557,-0.0024,0.9775,
2.291,ENC,-10.3458,-2.5140,-6.4299,0.0000,0.0000,22.437,-3.061,-0.152,-56.486,0.0557,-0.0024,0.9775,
2.304,IMU,-10.3458,-2.5140,-6.4299,0.0000,0.0000,22.437,-3.071,-0.178,-56.477,0.0645,-0.0078,0.9956,
2.309,ENC,-10.3458,-2.5140,-6.4299,0.0000,0.0000,22.437,-3.071,-0.178,-56.477,0.0645,-0.0078,0.9956,
2.324,IMU,-10.3458,-2.5140,-6.4299,0.0000,0.0000,22.437,-3.127,-0.180,-56.467,0.0635,-0.0068,0.9863,
2.329,ENC,-10.3458,-2.5140,-6.4299,0.0000,0.0000,22.437,-3.127,-0.180,-56.467,0.0635,-0.0068,0.9863,
2.344,IMU,-10.3458,-2.5140,-6.4299,0.0000,0.0000,22.437,-3.084,-0.196,-56.484,0.0532,-0.0073,1.0098,
2.349,ENC,-10.3458,-2.5140,-6.4299,0.0000,0.0000,22.437,-3.084,-0.196,-56.484,0.0532,-0.0073,1.0098,
2.366,IMU,-10.3458,-2.5140,-6.4299,0.0000,0.0000,22.437,-3.102,-0.158,-56.494,0.0557,-0.0005,0.9873,
2.369,ENC,-10.3458,-2.5140,-6.4299,0.0000,0.0000,22.437,-3.102,-0.158,-56.494,0.0557,-0.0005,0.9873,
2.388,IMU,-10.3458,-2.5140,-6.4299,0.0000,0.0000,22.437,-3.106,-0.196,-56.482,0.0669,-0.0034,0.9961,
2.405,IMU,-10.3458,-2.5140,-6.4299,0.0000,0.0000,22.437,-3.126,-0.191,-56.473,0.0576,-0.0073,0.9980,
2.409,ENC,-10.3458,-2.5140,-6.4299,0.0000,0.0000,22.437,-3.126,-0.191,-56.473,0.0576,-0.0073,0.9980,
2.423,IMU,-10.3458,-2.5140,-6.4299,0.0000,0.0000,22.437,-3.098,-0.226,-56.476,0.0532,0.0029,1.0024,
2.429,ENC,-10.3458,-2.5140,-6.4299,0.0000,0.0000,22.437,-3.098,-0.226,-56.476,0.0532,0.0029,1.0024,
2.443,IMU,-10.3458,-2.5140,-6.4299,0.0000,0.0000,22.437,-3.113,-0.194,-56.474,0.0464,0.0005,0.9966,
2.451,ENC,-10.3458,-2.5140,-6.4299,0.0000,0.0000,22.437,-3.113,-0.194,-56.474,0.0464,0.0005,0.9966,
2.465,IMU,-10.3458,-2.5140,-6.4299,0.0000,0.0000,22.437,-3.087,-0.248,-56.493,0.0527,-0.0142,0.9980,
2.469,ENC,-10.3458,-2.5140,-6.4299,0.0000,0.0000,22.437,-3.087,-0.248,-56.493,0.0527,-0.0142,0.9980,
2.483,IMU,-10.3458,-2.5140,-6.4299,0.0000,0.0000,22.437,-3.101,-0.305,-56.508,0.0518,0.0020,0.9971,
2.490,ENC,-10.3458,-2.5140,-6.4299,0.0000,0.0000,22.437,-3.101,-0.305,-56.508,0.0518,0.0020,0.9971,
2.505,IMU,-10.3458,-2.5140,-6.4299,0.0000,0.0000,22.437,-3.142,-0.285,-56.513,0.0576,0.0005,0.9907,
2.509,ENC,-10.3458,-2.5140,-6.4299,0.0000,0.0000,22.437,-3.142,-0.285,-56.513,0.0576,0.0005,0.9907,
2.523,IMU,-10.3458,-2.5140,-6.4299,0.0000,0.0000,22.437,-3.135,-0.276,-56.506,0.0483,-0.0039,0.9976,
2.529,ENC,-10.3458,-2.5140,-6.4299,0.0000,0.0000,22.437,-3.135,-0.276,-56.506,0.0483,-0.0039,0.9976,
2.545,IMU,-10.3458,-2.5140,-6.4299,0.0000,0.0000,22.437,-3.097,-0.281,-56.475,0.0635,0.0024,0.9922,
2.549,ENC,-10.3458,-2.5140,-6.4299,0.0000,0.0000,22.437,-3.097,-0.281,-56.475,0.0635,0.0024,0.9922,
2.568,IMU,-10.3458,-2.5140,-6.4299,0.0000,0.0000,22.437,-3.120,-0.228,-56.468,0.0571,0.0000,0.9927,
2.584,IMU,-10.3458,-2.5140,-6.4299,0.0000,0.0000,22.437,-3.098,-0.212,-56.475,0.0464,0.0044,0.9980,
2.589,ENC,-10.3476,-2.5140,-6.4308,-0.0426,0.0000,22.441,-3.098,-0.212,-56.475,0.0464,0.0044,0.9980,
2.603,IMU,-10.3476,-2.5140,-6.4308,-0.0426,0.0000,22.441,-3.073,-0.223,-56.467,0.0459,-0.0039,0.9854,
2.609,ENC,-10.3458,-2.5140,-6.4299,0.0852,0.0000,22.437,-3.073,-0.223,-56.467,0.0459,-0.0039,0.9854,
2.624,IMU,-10.3458,-2.5140,-6.4299,0.0852,0.0000,22.437,-3.102,-0.237,-56.467,0.0605,0.0029,0.9995,
2.643,IMU,-10.3458,-2.5140,-6.4299,0.0852,0.0000,22.437,-3.079,-0.213,-56.451,0.0532,-0.0083,0.9966,
2.663,IMU,-10.3458,-2.5140,-6.4299,0.0852,0.0000,22.437,-3.037,-0.202,-56.445,0.0503,0.0000,1.0068,
2.669,ENC,-10.3458,-2.5140,-6.4299,0.0000,0.0000,22.437,-3.037,-0.202,-56.445,0.0503,0.0000,1.0068,
2.683,IMU,-10.3458,-2.5140,-6.4299,0.0000,0.0000,22.437,-3.026,-0.191,-56.425,0.0557,0.0039,0.9873,
2.689,ENC,-10.3458,-2.5140,-6.4299,0.0000,0.0000,22.437,-3.026,-0.191,-56.425,0.0557,0.0039,0.9873,
2.704,IMU,-10.3458,-2.5140,-6.4299,0.0000,0.0000,22.437,-3.038,-0.199,-56.444,0.0479,-0.0151,1.0010,
2.709,ENC,-10.3458,-2.5140,-6.4299,0.0000,0.0000,22.437,-3.038,-0.199,-56.444,0.0479,-0.0151,1.0010,
2.723,IMU,-10.3458,-2.5140,-6.4299,0.0000,0.0000,22.437,-3.043,-0.224,-56.446,0.0566,-0.0132,0.9888,
2.732,ENC,-10.3458,-2.5140,-6.4299,0.0000,0.0000,22.437,-3.043,-0.224,-56.446,0.0566,-0.0132,0.9888,
2.750,ENC,-10.3458,-2.5140,-6.4299,0.0000,0.0000,22.437,-3.043,-0.224,-56.446,0.0566,-0.0132,0.9888,
2.753,IMU,-10.3458,-2.5140,-6.4299,0.0000,0.0000,22.437,-3.097,-0.205,-56.446,0.0674,-0.0093,1.0039,
2.763,IMU,-10.3458,-2.5140,-6.4299,0.0000,0.0000,22.437,-3.092,-0.188,-56.423,0.0664,-0.0078,0.9917,
2.769,ENC,-10.3458,-2.5140,-6.4299,0.0000,0.0000,22.437,-3.092,-0.188,-56.423,0.0664,-0.0078,0.9917,
2.787,IMU,-10.3458,-2.5140,-6.4299,0.0000,0.0000,22.437,-3.065,-0.218,-56.431,0.0479,-0.0117,0.9873,
2.789,ENC,-10.3458,-2.5140,-6.4299,0.0000,0.0000,22.437,-3.065,-0.218,-56.431,0.0479,-0.0117,0.9873,
2.804,IMU,-10.3458,-2.5140,-6.4299,0.0000,0.0000,22.437,-3.092,-0.213,-56.427,0.0562,0.0068,0.9990,
2.809,ENC,-10.3458,-2.5140,-6.4299,0.0000,0.0000,22.437,-3.092,-0.213,-56.427,0.0562,0.0068,0.9990,
2.823,IMU,-10.3458,-2.5140,-6.4299,0.0000,0.0000,22.437,-3.070,-0.200,-56.396,0.0542,-0.0083,0.9985,
2.838,ENC,-10.3458,-2.5140,-6.4299,0.0000,0.0000,22.437,-3.070,-0.200,-56.396,0.0542,-0.0083,0.9985,
2.844,IMU,-10.3458,-2.5140,-6.4299,0.0000,0.0000,22.437,-3.083,-0.212,-56.421,0.0601,-0.0015,0.9922,
2.849,ENC,-10.3458,-2.5140,-6.4299,0.0000,0.0000,22.437,-3.083,-0.212,-56.421,0.0601,-0.0015,0.9922,
2.864,IMU,-10.3458,-2.5140,-6.4299,0.0000,0.0000,22.437,-3.070,-0.218,-56.399,0.0493,-0.0078,0.9976,
2.871,ENC,-10.3476,-2.5140,-6.4308,-0.0852,0.0000,22.441,-3.070,-0.218,-56.399,0.0493,-0.0078,0.9976,
2.888,IMU,-10.3476,-2.5140,-6.4308,-0.0852,0.0000,22.441,-3.088,-0.214,-56.416,0.0474,-0.0049,0.9927,
2.893,ENC,-10.3458,-2.5140,-6.4299,0.0852,0.0000,22.437,-3.088,-0.214,-56.416,0.0474,-0.0049,0.9927,
2.907,IMU,-10.3458,-2.5140,-6.4299,0.0852,0.0000,22.437,-3.135,-0.264,-56.417,0.0610,-0.0093,0.9927,
2.909,ENC,-10.3458,-2.5140,-6.4299,0.0000,0.0000,22.437,-3.135,-0.264,-56.417,0.0610,-0.0093,0.9927,
2.923,IMU,-10.3458,-2.5140,-6.4299,0.0000,0.0000,22.437,-3.175,-0.241,-56.422,0.0552,0.0005,0.9961,
2.943,IMU,-10.3458,-2.5140,-6.4299,0.0000,0.0000,22.437,-3.174,-0.267,-56.511,0.0562,0.0020,0.9985,
2.949,ENC,-10.3458,-2.5140,-6.4299,0.0000,0.0000,22.437,-3.174,-0.267,-56.511,0.0562,0.0020,0.9985,
2.964,IMU,-10.3458,-2.5140,-6.4299,0.0000,0.0000,22.437,-3.207,-0.273,-56.499,0.0522,0.0000,1.0039,
2.969,ENC,-10.3458,-2.5140,-6.4299,0.0000,0.0000,22.437,-3.207,-0.273,-56.499,0.0522,0.0000,1.0039,
2.984,IMU,-10.3458,-2.5140,-6.4299,0.0000,0.0000,22.437,-3.257,-0.301,-56.531,0.0640,-0.0132,1.0132,
2.991,ENC,-10.3458,-2.5140,-6.4299,0.0000,0.0000,22.437,-3.257,-0.301,-56.531,0.0640,-0.0132,1.0132,
3.003,IMU,-10.3458,-2.5140,-6.4299,0.0000,0.0000,22.437,-3.235,-0.298,-56.510,0.0483,0.0005,1.0107,
3.009,ENC,-10.3458,-2.5140,-6.4299,0.0000,0.0000,22.437,-3.235,-0.298,-56.510,0.0483,0.0005,1.0107,
3.024,IMU,-10.3458,-2.5140,-6.4299,0.0000,0.0000,22.437,-3.208,-0.298,-56.516,0.0601,-0.0010,1.0029,
3.029,ENC,-10.3458,-2.5140,-6.4299,0.0000,0.0000,22.437,-3.208,-0.298,-56.516,0.0601,-0.0010,1.0029,
3.044,IMU,-10.3458,-2.5140,-6.4299,0.0000,0.0000,22.437,-3.232,-0.311,-56.542,0.0488,-0.0063,1.0029,
3.049,ENC,-10.3458,-2.5140,-6.4299,0.0000,0.0000,22.437,-3.232,-0.311,-56.542,0.0488,-0.0063,1.0029,
3.064,IMU,-10.3458,-2.5140,-6.4299,0.0000,0.0000,22.437,-3.227,-0.324,-56.520,0.0591,-0.0083,0.9912,
3.070,ENC,-10.3458,-2.5140,-6.4299,0.0000,0.0000,22.437,-3.227,-0.324,-56.520,0.0591,-0.0083,0.9912,
3.084,IMU,-10.3458,-2.5140,-6.4299,0.0000,0.0000,22.437,-3.246,-0.333,-56.503,0.0513,-0.0068,0.9966,
3.089,ENC,-10.3458,-2.5140,-6.4299,0.0000,0.0000,22.437,-3.246,-0.333,-56.503,0.0513,-0.0068,0.9966,
3.103,IMU,-10.3458,-2.5140,-6.4299,0.0000,0.0000,22.437,-3.267,-0.324,-56.517,0.0664,-0.0107,0.9912,
3.110,ENC,-10.3458,-2.5140,-6.4299,0.0000,0.0000,22.437,-3.267,-0.324,-56.517,0.0664,-0.0107,0.9912,
3.124,IMU,-10.3458,-2.5140,-6.4299,0.0000,0.0000,22.437,-3.270,-0.333,-56.506,0.0566,0.0059,0.9961,
3.129,ENC,-10.3458,-2.5140,-6.4299,0.0000,0.0000,22.437,-3.270,-0.333,-56.506,0.0566,0.0059,0.9961,
3.143,IMU,-10.3458,-2.5140,-6.4299,0.0000,0.0000,22.437,-3.253,-0.370,-56.538,0.0459,-0.0044,1.0020,
3.149,ENC,-10.3458,-2.5140,-6.4299,0.0000,0.0000,22.437,-3.253,-0.370,-56.538,0.0459,-0.0044,1.0020,
3.164,IMU,-10.3458,-2.5140,-6.4299,0.0000,0.0000,22.437,-3.293,-0.388,-56.552,0.0557,-0.0039,1.0029,
3.185,IMU,-10.3458,-2.5140,-6.4299,0.0000,0.0000,22.437,-3.275,-0.340,-56.555,0.0537,0.0068,0.9980,
3.189,ENC,-10.3458,-2.5140,-6.4299,0.0000,0.0000,22.437,-3.275,-0.340,-56.555,0.0537,0.0068,0.9980,
3.209,ENC,-10.3458,-2.5140,-6.4299,0.0000,0.0000,22.437,-3.275,-0.340,-56.555,0.0537,0.0068,0.9980,
3.223,IMU,-10.3458,-2.5140,-6.4299,0.0000,0.0000,22.437,-3.299,-0.346,-56.573,0.0591,-0.0166,0.9805,
3.229,ENC,-10.3458,-2.5140,-6.4299,0.0000,0.0000,22.437,-3.299,-0.346,-56.573,0.0591,-0.0166,0.9805,
3.244,IMU,-10.3458,-2.5140,-6.4299,0.0000,0.0000,22.437,-3.295,-0.327,-56.584,0.0571,-0.0049,0.9990,
3.249,ENC,-10.3458,-2.5140,-6.4299,0.0000,0.0000,22.437,-3.295,-0.327,-56.584,0.0571,-0.0049,0.9990,
3.263,IMU,-10.3458,-2.5140,-6.4299,0.0000,0.0000,22.437,-3.261,-0.336,-56.554,0.0464,-0.0078,0.9922,
3.269,ENC,-10.3458,-2.5140,-6.4299,0.0000,0.0000,22.437,-3.261,-0.336,-56.554,0.0464,-0.0078,0.9922,
3.284,IMU,-10.3458,-2.5140,-6.4299,0.0000,0.0000,22.437,-3.227,-0.314,-56.560,0.0469,-0.0059,0.9907,
3.289,ENC,-10.3458,-2.5140,-6.4299,0.0000,0.0000,22.437,-3.227,-0.314,-56.560,0.0469,-0.0059,0.9907,
3.303,IMU,-10.3458,-2.5140,-6.4299,0.0000,0.0000,22.437,-3.251,-0.297,-56.551,0.0610,-0.0083,1.0000,
3.309,ENC,-10.3458,-2.5140,-6.4299,0.0000,0.0000,22.437,-3.251,-0.297,-56.551,0.0610,-0.0083,1.0000,
3.323,IMU,-10.3458,-2.5140,-6.4299,0.0000,0.0000,22.437,-3.239,-0.298,-56.543,0.0547,0.0059,0.9941,
3.329,ENC,-10.3458,-2.5140,-6.4299,0.0000,0.0000,22.437,-3.239,-0.298,-56.543,0.0547,0.0059,0.9941,
3.344,IMU,-10.3458,-2.5140,-6.4299,0.0000,0.0000,22.437,-3.271,-0.335,-56.529,0.0610,-0.0059,0.9858,
3.349,ENC,-10.3476,-2.5140,-6.4308,-0.0852,0.0000,22.441,-3.271,-0.335,-56.529,0.0610,-0.0059,0.9858,
3.363,IMU,-10.3476,-2.5140,-6.4308,-0.0852,0.0000,22.441,-3.283,-0.316,-56.506,0.0601,-0.0063,0.9937,
3.369,ENC,-10.3458,-2.5140,-6.4299,0.0852,0.0000,22.437,-3.283,-0.316,-56.506,0.0601,-0.0063,0.9937,
3.384,IMU,-10.3458,-2.5140,-6.4299,0.0852,0.0000,22.437,-3.235,-0.318,-56.491,0.0469,-0.0088,0.9961,
3.389,ENC,-10.3458,-2.5140,-6.4299,0.0000,0.0000,22.437,-3.235,-0.318,-56.491,0.0469,-0.0088,0.9961,
3.403,IMU,-10.3458,-2.5140,-6.4299,0.0000,0.0000,22.437,-3.207,-0.338,-56.454,0.0522,-0.0010,0.9878,
3.409,ENC,-10.3458,-2.5140,-6.4299,0.0000,0.0000,22.437,-3.207,-0.338,-56.454,0.0522,-0.0010,0.9878,
3.429,IMU,-10.3458,-2.5140,-6.4299,0.0000,0.0000,22.437,-3.251,-0.310,-56.446,0.0674,0.0000,1.0029,
3.432,ENC,-10.3458,-2.5140,-6.4299,0.0000,0.0000,22.437,-3.251,-0.310,-56.446,0.0674,0.0000,1.0029,
3.444,IMU,-10.3458,-2.5140,-6.4299,0.0000,0.0000,22.437,-3.269,-0.265,-56.462,0.0649,-0.0010,1.0000,
3.449,ENC,-10.3458,-2.5140,-6.4299,0.0000,0.0000,22.437,-3.269,-0.265,-56.462,0.0649,-0.0010,1.0000,
3.463,IMU,-10.3458,-2.5140,-6.4299,0.0000,0.0000,22.437,-3.213,-0.253,-56.470,0.0439,0.0073,1.0000,
3.469,ENC,-10.3458,-2.5140,-6.4299,0.0000,0.0000,22.437,-3.213,-0.253,-56.470,0.0439,0.0073,1.0000,
3.488,IMU,-10.3458,-2.5140,-6.4299,0.0000,0.0000,22.437,-3.208,-0.211,-56.418,0.0493,-0.0005,1.0020,
3.492,ENC,-10.3458,-2.5140,-6.4299,0.0000,0.0000,22.437,-3.208,-0.211,-56.418,0.0493,-0.0005,1.0020,
3.504,IMU,-10.3458,-2.5140,-6.4299,0.0000,0.0000,22.437,-3.235,-0.203,-56.396,0.0557,-0.0005,0.9897,
3.509,ENC,-10.3458,-2.5140,-6.4299,0.0000,0.0000,22.437,-3.235,-0.203,-56.396,0.0557,-0.0005,0.9897,
3.523,IMU,-10.3458,-2.5140,-6.4299,0.0000,0.0000,22.437,-3.280,-0.167,-56.376,0.0522,-0.0078,0.9863,
3.529,ENC,-10.3458,-2.5140,-6.4299,0.0000,0.0000,22.437,-3.280,-0.167,-56.376,0.0522,-0.0078,0.9863,
3.546,IMU,-10.3458,-2.5140,-6.4299,0.0000,0.0000,22.437,-3.258,-0.191,-56.415,0.0493,0.0034,0.9976,
3.549,ENC,-10.3458,-2.5140,-6.4299,0.0000,0.0000,22.437,-3.258,-0.191,-56.415,0.0493,0.0034,0.9976,
3.563,IMU,-10.3458,-2.5140,-6.4299,0.0000,0.0000,22.437,-3.289,-0.162,-56.401,0.0405,0.0024,0.9941,
3.569,ENC,-10.3458,-2.5140,-6.4299,0.0000,0.0000,22.437,-3.289,-0.162,-56.401,0.0405,0.0024,0.9941,
3.583,IMU,-10.3458,-2.5140,-6.4299,0.0000,0.0000,22.437,-3.293,-0.141,-56.338,0.0586,-0.0029,0.9961,
3.589,ENC,-10.3458,-2.5140,-6.4299,0.0000,0.0000,22.437,-3.293,-0.141,-56.338,0.0586,-0.0029,0.9961,
3.603,IMU,-10.3458,-2.5140,-6.4299,0.0000,0.0000,22.437,-3.287,-0.114,-56.339,0.0610,0.0088,0.9966,
3.609,ENC,-10.3458,-2.5140,-6.4299,0.0000,0.0000,22.437,-3.287,-0.114,-56.339,0.0610,0.0088,0.9966,
3.623,IMU,-10.3458,-2.5140,-6.4299,0.0000,0.0000,22.437,-3.324,-0.118,-56.323,0.0532,-0.0088,1.0010,
3.629,ENC,-10.3458,-2.5140,-6.4299,0.0000,0.0000,22.437,-3.324,-0.118,-56.323,0.0532,-0.0088,1.0010,
3.644,IMU,-10.3458,-2.5140,-6.4299,0.0000,0.0000,22.437,-3.322,-0.110,-56.309,0.0542,0.0000,0.9951,
3.649,ENC,-10.3458,-2.5140,-6.4299,0.0000,0.0000,22.437,-3.322,-0.110,-56.309,0.0542,0.0000,0.9951,
3.665,IMU,-10.3458,-2.5140,-6.4299,0.0000,0.0000,22.437,-3.320,-0.122,-56.314,0.0356,-0.0054,0.9971,
3.669,ENC,-10.3458,-2.5140,-6.4299,0.0000,0.0000,22.437,-3.320,-0.122,-56.314,0.0356,-0.0054,0.9971,
3.684,IMU,-10.3458,-2.5140,-6.4299,0.0000,0.0000,22.437,-3.347,-0.138,-56.311,0.0605,-0.0029,0.9810,
3.689,ENC,-10.3458,-2.5140,-6.4299,0.0000,0.0000,22.437,-3.347,-0.138,-56.311,0.0605,-0.0029,0.9810,
3.706,IMU,-10.3458,-2.5140,-6.4299,0.0000,0.0000,22.437,-3.360,-0.162,-56.322,0.0630,-0.0103,0.9937,
3.711,ENC,-10.3476,-2.5140,-6.4308,-0.0852,0.0000,22.441,-3.360,-0.162,-56.322,0.0630,-0.0103,0.9937,
3.726,IMU,-10.3476,-2.5140,-6.4308,-0.0852,0.0000,22.441,-3.351,-0.185,-56.298,0.0439,-0.0054,0.9985,
3.743,IMU,-10.3476,-2.5140,-6.4308,-0.0852,0.0000,22.441,-3.352,-0.187,-56.294,0.0718,-0.0098,0.9824,
3.749,ENC,-10.3458,-2.5140,-6.4299,0.0426,0.0000,22.437,-3.352,-0.187,-56.294,0.0718,-0.0098,0.9824,
3.764,IMU,-10.3458,-2.5140,-6.4299,0.0426,0.0000,22.437,-3.373,-0.177,-56.270,0.0532,0.0107,0.9907,
3.769,ENC,-10.3458,-2.5140,-6.4299,0.0000,0.0000,22.437,-3.373,-0.177,-56.270,0.0532,0.0107,0.9907,
3.784,IMU,-10.3458,-2.5140,-6.4299,0.0000,0.0000,22.437,-3.355,-0.144,-56.293,0.0518,-0.0098,0.9946,
3.789,ENC,-10.3458,-2.5140,-6.4299,0.0000,0.0000,22.437,-3.355,-0.144,-56.293,0.0518,-0.0098,0.9946,
3.818,IMU,-10.3458,-2.5140,-6.4299,0.0000,0.0000,22.437,-3.308,-0.143,-56.377,0.0557,-0.0166,0.9854,
3.822,ENC,-10.3458,-2.5140,-6.4299,0.0000,0.0000,22.437,-3.308,-0.143,-56.377,0.0557,-0.0166,0.9854,
3.825,IMU,-10.3458,-2.5140,-6.4299,0.0000,0.0000,22.437,-3.296,-0.139,-56.378,0.0537,-0.0181,1.0005,
3.830,ENC,-10.3458,-2.5140,-6.4299,0.0000,0.0000,22.437,-3.296,-0.139,-56.378,0.0537,-0.0181,1.0005,
3.843,IMU,-10.3458,-2.5140,-6.4299,0.0000,0.0000,22.437,-3.307,-0.138,-56.423,0.0532,0.0078,0.9810,
3.856,ENC,-10.3458,-2.5140,-6.4299,0.0000,0.0000,22.437,-3.307,-0.138,-56.423,0.0532,0.0078,0.9810,
3.864,IMU,-10.3458,-2.5140,-6.4299,0.0000,0.0000,22.437,-3.319,-0.175,-56.435,0.0552,-0.0078,1.0024,
3.869,ENC,-10.3458,-2.5140,-6.4299,0.0000,0.0000,22.437,-3.319,-0.175,-56.435,0.0552,-0.0078,1.0024,
3.884,IMU,-10.3458,-2.5140,-6.4299,0.0000,0.0000,22.437,-3.315,-0.149,-56.476,0.0532,-0.0020,0.9897,
3.889,ENC,-10.3458,-2.5140,-6.4299,0.0000,0.0000,22.437,-3.315,-0.149,-56.476,0.0532,-0.0020,0.9897,
3.903,IMU,-10.3458,-2.5140,-6.4299,0.0000,0.0000,22.437,-3.306,-0.126,-56.426,0.0591,-0.0063,0.9932,
3.914,ENC,-10.3458,-2.5140,-6.4299,0.0000,0.0000,22.437,-3.306,-0.126,-56.426,0.0591,-0.0063,0.9932,
3.924,IMU,-10.3458,-2.5140,-6.4299,0.0000,0.0000,22.437,-3.319,-0.161,-56.438,0.0605,-0.0171,0.9937,
3.929,ENC,-10.3458,-2.5140,-6.4299,0.0000,0.0000,22.437,-3.319,-0.161,-56.438,0.0605,-0.0171,0.9937,
3.943,IMU,-10.3458,-2.5140,-6.4299,0.0000,0.0000,22.437,-3.278,-0.103,-56.431,0.0581,0.0088,0.9941,
3.949,ENC,-10.3458,-2.5140,-6.4299,0.0000,0.0000,22.437,-3.278,-0.103,-56.431,0.0581,0.0088,0.9941,
3.963,IMU,-10.3458,-2.5140,-6.4299,0.0000,0.0000,22.437,-3.276,-0.116,-56.373,0.0610,-0.0112,0.9956,
3.969,ENC,-10.3458,-2.5140,-6.4299,0.0000,0.0000,22.437,-3.276,-0.116,-56.373,0.0610,-0.0112,0.9956,
3.984,IMU,-10.3458,-2.5140,-6.4299,0.0000,0.0000,22.437,-3.271,-0.129,-56.386,0.0518,0.0029,0.9922,
3.989,ENC,-10.3458,-2.5140,-6.4299,0.0000,0.0000,22.437,-3.271,-0.129,-56.386,0.0518,0.0029,0.9922,
4.004,IMU,-10.3458,-2.5140,-6.4299,0.0000,0.0000,22.437,-3.251,-0.106,-56.388,0.0508,0.0068,1.0000,
4.009,ENC,-10.3458,-2.5140,-6.4299,0.0000,0.0000,22.437,-3.251,-0.106,-56.388,0.0508,0.0068,1.0000,
4.025,IMU,-10.3458,-2.5140,-6.4299,0.0000,0.0000,22.437,-3.207,-0.095,-56.396,0.0552,-0.0029,0.9932,
4.040,ENC,-10.3458,-2.5140,-6.4299,0.0000,0.0000,22.437,-3.207,-0.095,-56.396,0.0552,-0.0029,0.9932,
4.044,IMU,-10.3458,-2.5140,-6.4299,0.0000,0.0000,22.437,-3.211,-0.093,-56.406,0.0625,-0.0122,0.9951,
4.049,ENC,-10.3458,-2.5140,-6.4299,0.0000,0.0000,22.437,-3.211,-0.093,-56.406,0.0625,-0.0122,0.9951,
4.064,IMU,-10.3458,-2.5140,-6.4299,0.0000,0.0000,22.437,-3.237,-0.115,-56.347,0.0586,-0.0039,0.9995,
4.069,ENC,-10.3458,-2.5140,-6.4299,0.0000,0.0000,22.437,-3.237,-0.115,-56.347,0.0586,-0.0039,0.9995,
4.083,IMU,-10.3458,-2.5140,-6.4299,0.0000,0.0000,22.437,-3.283,-0.100,-56.347,0.0527,0.0083,0.9824,
4.089,ENC,-10.3458,-2.5140,-6.4299,0.0000,0.0000,22.437,-3.283,-0.100,-56.347,0.0527,0.0083,0.9824,
4.104,IMU,-10.3458,-2.5140,-6.4299,0.0000,0.0000,22.437,-3.283,-0.133,-56.306,0.0508,-0.0181,1.0000,
4.109,ENC,-10.3458,-2.5140,-6.4299,0.0000,0.0000,22.437,-3.283,-0.133,-56.306,0.0508,-0.0181,1.0000,
4.123,IMU,-10.3458,-2.5140,-6.4299,0.0000,0.0000,22.437,-3.268,-0.150,-56.192,0.0474,-0.0020,0.9976,
4.129,ENC,-10.3458,-2.5140,-6.4299,0.0000,0.0000,22.437,-3.268,-0.150,-56.192,0.0474,-0.0020,0.9976,
4.143,IMU,-10.3458,-2.5140,-6.4299,0.0000,0.0000,22.437,-3.278,-0.145,-56.178,0.0571,-0.0117,1.0029,
4.149,ENC,-10.3458,-2.5140,-6.4299,0.0000,0.0000,22.437,-3.278,-0.145,-56.178,0.0571,-0.0117,1.0029,
4.163,IMU,-10.3458,-2.5140,-6.4299,0.0000,0.0000,22.437,-3.273,-0.134,-56.158,0.0571,-0.0068,1.0000,
4.169,ENC,-10.3458,-2.5140,-6.4299,0.0000,0.0000,22.437,-3.273,-0.134,-56.158,0.0571,-0.0068,1.0000,
4.184,IMU,-10.3458,-2.5140,-6.4299,0.0000,0.0000,22.437,-3.226,-0.101,-56.184,0.0410,0.0015,0.9902,
4.189,ENC,-10.3458,-2.5140,-6.4299,0.0000,0.0000,22.437,-3.226,-0.101,-56.184,0.0410,0.0015,0.9902,
4.203,IMU,-10.3458,-2.5140,-6.4299,0.0000,0.0000,22.437,-3.204,-0.072,-56.202,0.0400,0.0103,1.0034,
4.209,ENC,-10.3458,-2.5140,-6.4299,0.0000,0.0000,22.437,-3.204,-0.072,-56.202,0.0400,0.0103,1.0034,
4.224,IMU,-10.3458,-2.5140,-6.4299,0.0000,0.0000,22.437,-3.197,-0.088,-56.213,0.0542,-0.0137,0.9985,
4.229,ENC,-10.3476,-2.5140,-6.4308,-0.0852,0.0000,22.441,-3.197,-0.088,-56.213,0.0542,-0.0137,0.9985,
4.244,IMU,-10.3476,-2.5140,-6.4308,-0.0852,0.0000,22.441,-3.248,-0.126,-56.224,0.0679,-0.0103,0.9966,
4.249,ENC,-10.3458,-2.5140,-6.4299,0.0852,0.0000,22.437,-3.248,-0.126,-56.224,0.0679,-0.0103,0.9966,
4.263,IMU,-10.3458,-2.5140,-6.4299,0.0852,0.0000,22.437,-3.284,-0.094,-56.215,0.0469,0.0010,0.9878,
4.269,ENC,-10.3458,-2.5140,-6.4299,0.0000,0.0000,22.437,-3.284,-0.094,-56.215,0.0469,0.0010,0.9878,
4.288,IMU,-10.3458,-2.5140,-6.4299,0.0000,0.0000,22.437,-3.271,-0.119,-56.234,0.0532,-0.0005,0.9927,
4.290,ENC,-10.3458,-2.5140,-6.4299,0.0000,0.0000,22.437,-3.271,-0.119,-56.234,0.0532,-0.0005,0.9927,
4.304,IMU,-10.3458,-2.5140,-6.4299,0.0000,0.0000,22.437,-3.250,-0.103,-56.222,0.0532,0.0098,0.9995,
4.323,IMU,-10.3458,-2.5140,-6.4299,0.0000,0.0000,22.437,-3.256,-0.082,-56.230,0.0552,0.0054,1.0083,
4.329,ENC,-10.3458,-2.5140,-6.4299,0.0000,0.0000,22.437,-3.256,-0.082,-56.230,0.0552,0.0054,1.0083,
4.351,IMU,-10.3458,-2.5140,-6.4299,0.0000,0.0000,22.437,-3.271,-0.095,-56.208,0.0640,-0.0049,0.9971,
4.354,ENC,-10.3458,-2.5140,-6.4299,0.0000,0.0000,22.437,-3.271,-0.095,-56.208,0.0640,-0.0049,0.9971,
4.365,IMU,-10.3458,-2.5140,-6.4299,0.0000,0.0000,22.437,-3.251,-0.141,-56.252,0.0522,-0.0044,0.9937,
4.369,ENC,-10.3458,-2.5140,-6.4299,0.0000,0.0000,22.437,-3.251,-0.141,-56.252,0.0522,-0.0044,0.9937,
4.383,IMU,-10.3458,-2.5140,-6.4299,0.0000,0.0000,22.437,-3.250,-0.140,-56.262,0.0596,-0.0044,0.9976,
4.390,ENC,-10.3458,-2.5140,-6.4299,0.0000,0.0000,22.437,-3.250,-0.140,-56.262,0.0596,-0.0044,0.9976,
4.410,IMU,-10.3458,-2.5140,-6.4299,0.0000,0.0000,22.437,-3.221,-0.146,-56.267,0.0552,-0.0049,0.9907,
4.412,ENC,-10.3458,-2.5140,-6.4299,0.0000,0.0000,22.437,-3.221,-0.146,-56.267,0.0552,-0.0049,0.9907,
4.424,IMU,-10.3458,-2.5140,-6.4299,0.0000,0.0000,22.437,-3.222,-0.130,-56.253,0.0586,-0.0015,0.9985,
4.429,ENC,-10.3458,-2.5140,-6.4299,0.0000,0.0000,22.437,-3.222,-0.130,-56.253,0.0586,-0.0015,0.9985,
4.444,IMU,-10.3458,-2.5140,-6.4299,0.0000,0.0000,22.437,-3.253,-0.129,-56.245,0.0537,0.0088,1.0063,
4.449,ENC,-10.3458,-2.5140,-6.4299,0.0000,0.0000,22.437,-3.253,-0.129,-56.245,0.0537,0.0088,1.0063,
4.463,IMU,-10.3458,-2.5140,-6.4299,0.0000,0.0000,22.437,-3.284,-0.127,-56.236,0.0620,0.0059,0.9907,
4.469,ENC,-10.3458,-2.5140,-6.4299,0.0000,0.0000,22.437,-3.284,-0.127,-56.236,0.0620,0.0059,0.9907,
4.484,IMU,-10.3458,-2.5140,-6.4299,0.0000,0.0000,22.437,-3.244,-0.159,-56.249,0.0620,-0.0132,0.9990,
4.489,ENC,-10.3458,-2.5140,-6.4299,0.0000,0.0000,22.437,-3.244,-0.159,-56.249,0.0620,-0.0132,0.9990,
4.505,IMU,-10.3458,-2.5140,-6.4299,0.0000,0.0000,22.437,-3.227,-0.221,-56.227,0.0659,-0.0059,0.9922,
4.509,ENC,-10.3458,-2.5140,-6.4299,0.0000,0.0000,22.437,-3.227,-0.221,-56.227,0.0659,-0.0059,0.9922,
4.525,IMU,-10.3458,-2.5140,-6.4299,0.0000,0.0000,22.437,-3.176,-0.193,-56.254,0.0493,0.0098,1.0034,
4.531,ENC,-10.3458,-2.5140,-6.4299,0.0000,0.0000,22.437,-3.176,-0.193,-56.254,0.0493,0.0098,1.0034,
4.545,IMU,-10.3458,-2.5140,-6.4299,0.0000,0.0000,22.437,-3.183,-0.158,-56.273,0.0474,0.0010,1.0054,
4.549,ENC,-10.3458,-2.5140,-6.4299,0.0000,0.0000,22.437,-3.183,-0.158,-56.273,0.0474,0.0010,1.0054,
4.564,IMU,-10.3458,-2.5140,-6.4299,0.0000,0.0000,22.437,-3.144,-0.167,-56.275,0.0596,-0.0024,0.9927,
4.569,ENC,-10.3458,-2.5140,-6.4299,0.0000,0.0000,22.437,-3.144,-0.167,-56.275,0.0596,-0.0024,0.9927,
4.583,IMU,-10.3458,-2.5140,-6.4299,0.0000,0.0000,22.437,-3.124,-0.156,-56.244,0.0449,0.0063,0.9893,
4.594,ENC,-10.3458,-2.5140,-6.4299,0.0000,0.0000,22.437,-3.124,-0.156,-56.244,0.0449,0.0063,0.9893,
4.603,IMU,-10.3458,-2.5140,-6.4299,0.0000,0.0000,22.437,-3.154,-0.183,-56.274,0.0469,0.0010,1.0000,
4.609,ENC,-10.3458,-2.5140,-6.4299,0.0000,0.0000,22.437,-3.154,-0.183,-56.274,0.0469,0.0010,1.0000,
4.624,IMU,-10.3458,-2.5140,-6.4299,0.0000,0.0000,22.437,-3.182,-0.205,-56.259,0.0547,-0.0049,0.9951,
4.629,ENC,-10.3458,-2.5140,-6.4299,0.0000,0.0000,22.437,-3.182,-0.205,-56.259,0.0547,-0.0049,0.9951,
4.644,IMU,-10.3458,-2.5140,-6.4299,0.0000,0.0000,22.437,-3.189,-0.230,-56.267,0.0542,-0.0029,0.9990,
4.664,IMU,-10.3458,-2.5140,-6.4299,0.0000,0.0000,22.437,-3.210,-0.242,-56.284,0.0586,-0.0034,1.0054,
4.669,ENC,-10.3458,-2.5140,-6.4299,0.0000,0.0000,22.437,-3.210,-0.242,-56.284,0.0586,-0.0034,1.0054,
4.685,IMU,-10.3458,-2.5140,-6.4299,0.0000,0.0000,22.437,-3.245,-0.249,-56.275,0.0566,-0.0034,0.9902,
4.689,ENC,-10.3458,-2.5140,-6.4299,0.0000,0.0000,22.437,-3.245,-0.249,-56.275,0.0566,-0.0034,0.9902,
4.703,IMU,-10.3458,-2.5140,-6.4299,0.0000,0.0000,22.437,-3.257,-0.245,-56.246,0.0469,-0.0039,0.9927,
4.724,IMU,-10.3458,-2.5140,-6.4299,0.0000,0.0000,22.437,-3.271,-0.259,-56.276,0.0576,0.0010,0.9956,
4.731,ENC,-10.3458,-2.5140,-6.4299,0.0000,0.0000,22.437,-3.271,-0.259,-56.276,0.0576,0.0010,0.9956,
4.743,IMU,-10.3458,-2.5140,-6.4299,0.0000,0.0000,22.437,-3.319,-0.245,-56.253,0.0728,-0.0112,0.9976,
4.749,ENC,-10.3458,-2.5140,-6.4299,0.0000,0.0000,22.437,-3.319,-0.245,-56.253,0.0728,-0.0112,0.9976,
4.763,IMU,-10.3458,-2.5140,-6.4299,0.0000,0.0000,22.437,-3.315,-0.226,-56.265,0.0493,0.0049,1.0005,
4.784,IMU,-10.3458,-2.5140,-6.4299,0.0000,0.0000,22.437,-3.351,-0.232,-56.275,0.0562,-0.0029,1.0083,
4.789,ENC,-10.3458,-2.5140,-6.4299,0.0000,0.0000,22.437,-3.351,-0.232,-56.275,0.0562,-0.0029,1.0083,
4.803,IMU,-10.3458,-2.5140,-6.4299,0.0000,0.0000,22.437,-3.336,-0.217,-56.252,0.0630,-0.0142,1.0029,
4.809,ENC,-10.3458,-2.5140,-6.4299,0.0000,0.0000,22.437,-3.336,-0.217,-56.252,0.0630,-0.0142,1.0029,
4.842,IMU,-10.3458,-2.5140,-6.4299,0.0000,0.0000,22.437,-3.363,-0.212,-56.219,0.0513,-0.0073,0.9985,
4.846,IMU,-10.3458,-2.5140,-6.4299,0.0000,0.0000,22.437,-3.320,-0.218,-56.184,0.0493,0.0049,1.0024,
4.851,ENC,-10.3458,-2.5140,-6.4299,0.0000,0.0000,22.437,-3.320,-0.218,-56.184,0.0493,0.0049,1.0024,
4.864,IMU,-10.3458,-2.5140,-6.4299,0.0000,0.0000,22.437,-3.359,-0.229,-56.201,0.0601,-0.0078,0.9941,
4.870,ENC,-10.3458,-2.5140,-6.4299,0.0000,0.0000,22.437,-3.359,-0.229,-56.201,0.0601,-0.0078,0.9941,
4.884,IMU,-10.3458,-2.5140,-6.4299,0.0000,0.0000,22.437,-3.344,-0.228,-56.182,0.0498,-0.0132,1.0000,
4.893,ENC,-10.3458,-2.5140,-6.4299,0.0000,0.0000,22.437,-3.344,-0.228,-56.182,0.0498,-0.0132,1.0000,
4.903,IMU,-10.3458,-2.5140,-6.4299,0.0000,0.0000,22.437,-3.367,-0.222,-56.142,0.0503,-0.0049,1.0083,
4.909,ENC,-10.3458,-2.5140,-6.4299,0.0000,0.0000,22.437,-3.367,-0.222,-56.142,0.0503,-0.0049,1.0083,
4.925,IMU,-10.3458,-2.5140,-6.4299,0.0000,0.0000,22.437,-3.340,-0.272,-56.150,0.0586,-0.0034,1.0054,
4.929,ENC,-10.3458,-2.5140,-6.4299,0.0000,0.0000,22.437,-3.340,-0.272,-56.150,0.0586,-0.0034,1.0054,
4.944,IMU,-10.3458,-2.5140,-6.4299,0.0000,0.0000,22.437,-3.352,-0.311,-56.129,0.0518,-0.0195,1.0044,
4.949,ENC,-10.3458,-2.5140,-6.4299,0.0000,0.0000,22.437,-3.352,-0.311,-56.129,0.0518,-0.0195,1.0044,
4.966,IMU,-10.3458,-2.5140,-6.4299,0.0000,0.0000,22.437,-3.346,-0.314,-56.082,0.0469,-0.0098,0.9951,
4.969,ENC,-10.3458,-2.5140,-6.4299,0.0000,0.0000,22.437,-3.346,-0.314,-56.082,0.0469,-0.0098,0.9951,
4.985,IMU,-10.3458,-2.5140,-6.4299,0.0000,0.0000,22.437,-3.319,-0.324,-56.100,0.0449,-0.0166,1.0044,
4.989,ENC,-10.3458,-2.5140,-6.4299,0.0000,0.0000,22.437,-3.319,-0.324,-56.100,0.0449,-0.0166,1.0044,
5.003,IMU,-10.3458,-2.5140,-6.4299,0.0000,0.0000,22.437,-3.319,-0.329,-56.138,0.0591,0.0005,0.9893,
5.009,ENC,-10.3458,-2.5140,-6.4299,0.0000,0.0000,22.437,-3.319,-0.329,-56.138,0.0591,0.0005,0.9893,
5.031,ENC,-10.3458,-2.5140,-6.4299,0.0000,0.0000,22.437,-3.319,-0.329,-56.138,0.0591,0.0005,0.9893,
5.043,IMU,-10.3458,-2.5140,-6.4299,0.0000,0.0000,22.437,-3.341,-0.408,-56.219,0.0557,-0.0107,1.0000,
5.049,ENC,-10.3458,-2.5140,-6.4299,0.0000,0.0000,22.437,-3.341,-0.408,-56.219,0.0557,-0.0107,1.0000,
5.066,IMU,-10.3458,-2.5140,-6.4299,0.0000,0.0000,22.437,-3.341,-0.406,-56.221,0.0498,0.0049,0.9932,
5.069,ENC,-10.3458,-2.5140,-6.4299,0.0000,0.0000,22.437,-3.341,-0.406,-56.221,0.0498,0.0049,0.9932,
5.089,IMU,-10.3458,-2.5140,-6.4299,0.0000,0.0000,22.437,-3.324,-0.464,-56.216,0.0449,-0.0063,0.9941,
5.091,ENC,-10.3458,-2.5140,-6.4299,0.0000,0.0000,22.437,-3.324,-0.464,-56.216,0.0449,-0.0063,0.9941,
5.103,IMU,-10.3458,-2.5140,-6.4299,0.0000,0.0000,22.437,-3.316,-0.476,-56.245,0.0479,-0.0063,0.9941,
5.109,ENC,-10.3458,-2.5140,-6.4299,0.0000,0.0000,22.437,-3.316,-0.476,-56.245,0.0479,-0.0063,0.9941,
5.123,IMU,-10.3458,-2.5140,-6.4299,0.0000,0.0000,22.437,-3.306,-0.476,-56.250,0.0566,0.0068,1.0044,
5.129,ENC,-10.3458,-2.5140,-6.4299,0.0000,0.0000,22.437,-3.306,-0.476,-56.250,0.0566,0.0068,1.0044,
5.146,IMU,-10.3458,-2.5140,-6.4299,0.0000,0.0000,22.437,-3.286,-0.423,-56.215,0.0547,-0.0015,0.9971,
5.149,ENC,-10.3458,-2.5140,-6.4299,0.0000,0.0000,22.437,-3.286,-0.423,-56.215,0.0547,-0.0015,0.9971,
5.164,IMU,-10.3458,-2.5140,-6.4299,0.0000,0.0000,22.437,-3.340,-0.426,-56.263,0.0537,-0.0068,0.9985,
5.169,ENC,-10.3458,-2.5140,-6.4299,0.0000,0.0000,22.437,-3.340,-0.426,-56.263,0.0537,-0.0068,0.9985,
5.183,IMU,-10.3458,-2.5140,-6.4299,0.0000,0.0000,22.437,-3.327,-0.459,-56.249,0.0581,-0.0142,0.9941,
5.189,ENC,-10.3458,-2.5140,-6.4299,0.0000,0.0000,22.437,-3.327,-0.459,-56.249,0.0581,-0.0142,0.9941,
5.210,IMU,-10.3458,-2.5140,-6.4299,0.0000,0.0000,22.437,-3.334,-0.469,-56.266,0.0381,0.0020,0.9980,
5.223,IMU,-10.3458,-2.5140,-6.4299,0.0000,0.0000,22.437,-3.347,-0.425,-56.274,0.0454,0.0024,0.9971,
5.243,IMU,-10.3458,-2.5140,-6.4299,0.0000,0.0000,22.437,-3.325,-0.419,-56.287,0.0493,-0.0088,0.9946,
5.249,ENC,-10.3458,-2.5140,-6.4299,0.0000,0.0000,22.437,-3.325,-0.419,-56.287,0.0493,-0.0088,0.9946,
5.264,IMU,-10.3458,-2.5140,-6.4299,0.0000,0.0000,22.437,-3.290,-0.407,-56.264,0.0381,-0.0127,0.9922,
5.271,ENC,-10.3458,-2.5140,-6.4299,0.0000,0.0000,22.437,-3.290,-0.407,-56.264,0.0381,-0.0127,0.9922,
5.284,IMU,-10.3458,-2.5140,-6.4299,0.0000,0.0000,22.437,-3.310,-0.393,-56.210,0.0454,-0.0073,1.0010,
5.289,ENC,-10.3458,-2.5140,-6.4299,0.0000,0.0000,22.437,-3.310,-0.393,-56.210,0.0454,-0.0073,1.0010,
5.304,IMU,-10.3458,-2.5140,-6.4299,0.0000,0.0000,22.437,-3.281,-0.415,-56.198,0.0410,-0.0068,0.9956,
5.309,ENC,-10.3458,-2.5140,-6.4299,0.0000,0.0000,22.437,-3.281,-0.415,-56.198,0.0410,-0.0068,0.9956,
5.324,IMU,-10.3458,-2.5140,-6.4299,0.0000,0.0000,22.437,-3.239,-0.417,-56.208,0.0537,-0.0054,0.9907,
5.335,ENC,-10.3458,-2.5140,-6.4299,0.0000,0.0000,22.437,-3.239,-0.417,-56.208,0.0537,-0.0054,0.9907,
5.344,IMU,-10.3458,-2.5140,-6.4299,0.0000,0.0000,22.437,-3.238,-0.403,-56.160,0.0439,0.0068,0.9912,
5.349,ENC,-10.3458,-2.5140,-6.4299,0.0000,0.0000,22.437,-3.238,-0.403,-56.160,0.0439,0.0068,0.9912,
5.364,IMU,-10.3458,-2.5140,-6.4299,0.0000,0.0000,22.437,-3.219,-0.396,-56.207,0.0488,0.0005,0.9927,
5.369,ENC,-10.3458,-2.5140,-6.4299,0.0000,0.0000,22.437,-3.219,-0.396,-56.207,0.0488,0.0005,0.9927,
5.386,IMU,-10.3458,-2.5140,-6.4299,0.0000,0.0000,22.437,-3.208,-0.441,-56.218,0.0557,-0.0122,0.9937,
5.391,ENC,-10.3458,-2.5140,-6.4299,0.0000,0.0000,22.437,-3.208,-0.441,-56.218,0.0557,-0.0122,0.9937,
5.406,IMU,-10.3458,-2.5140,-6.4299,0.0000,0.0000,22.437,-3.249,-0.399,-56.210,0.0625,0.0024,1.0044,
5.409,ENC,-10.3458,-2.5140,-6.4299,0.0000,0.0000,22.437,-3.249,-0.399,-56.210,0.0625,0.0024,1.0044,
5.423,IMU,-10.3458,-2.5140,-6.4299,0.0000,0.0000,22.437,-3.278,-0.337,-56.195,0.0498,0.0005,0.9961,
5.429,ENC,-10.3458,-2.5140,-6.4299,0.0000,0.0000,22.437,-3.278,-0.337,-56.195,0.0498,0.0005,0.9961,
5.444,IMU,-10.3458,-2.5140,-6.4299,0.0000,0.0000,22.437,-3.281,-0.290,-56.226,0.0566,0.0000,0.9902,
5.454,ENC,-10.3458,-2.5140,-6.4299,0.0000,0.0000,22.437,-3.281,-0.290,-56.226,0.0566,0.0000,0.9902,
5.467,IMU,-10.3458,-2.5140,-6.4299,0.0000,0.0000,22.437,-3.276,-0.306,-56.203,0.0596,-0.0098,0.9878,
5.469,ENC,-10.3458,-2.5140,-6.4299,0.0000,0.0000,22.437,-3.276,-0.306,-56.203,0.0596,-0.0098,0.9878,
5.485,IMU,-10.3458,-2.5140,-6.4299,0.0000,0.0000,22.437,-3.289,-0.317,-56.222,0.0645,-0.0063,1.0020,
5.489,ENC,-10.3458,-2.5140,-6.4299,0.0000,0.0000,22.437,-3.289,-0.317,-56.222,0.0645,-0.0063,1.0020,
5.503,IMU,-10.3458,-2.5140,-6.4299,0.0000,0.0000,22.437,-3.335,-0.311,-56.193,0.0547,0.0049,0.9941,
5.512,ENC,-10.3458,-2.5140,-6.4299,0.0000,0.0000,22.437,-3.335,-0.311,-56.193,0.0547,0.0049,0.9941,
5.523,IMU,-10.3458,-2.5140,-6.4299,0.0000,0.0000,22.437,-3.299,-0.249,-56.169,0.0542,0.0039,0.9937,
5.529,ENC,-10.3458,-2.5140,-6.4299,0.0000,0.0000,22.437,-3.299,-0.249,-56.169,0.0542,0.0039,0.9937,
5.544,IMU,-10.3458,-2.5140,-6.4299,0.0000,0.0000,22.437,-3.302,-0.268,-56.156,0.0449,-0.0039,0.9912,
5.549,ENC,-10.3458,-2.5140,-6.4299,0.0000,0.0000,22.437,-3.302,-0.268,-56.156,0.0449,-0.0039,0.9912,
5.564,IMU,-10.3458,-2.5140,-6.4299,0.0000,0.0000,22.437,-3.273,-0.269,-56.184,0.0542,0.0015,0.9932,
5.583,IMU,-10.3458,-2.5140,-6.4299,0.0000,0.0000,22.437,-3.281,-0.239,-56.228,0.0518,-0.0083,0.9971,
5.589,ENC,-10.3458,-2.5140,-6.4299,0.0000,0.0000,22.437,-3.281,-0.239,-56.228,0.0518,-0.0083,0.9971,
5.604,IMU,-10.3458,-2.5140,-6.4299,0.0000,0.0000,22.437,-3.354,-0.206,-56.196,0.0493,-0.0020,0.9990,
5.609,ENC,-10.3458,-2.5140,-6.4299,0.0000,0.0000,22.437,-3.354,-0.206,-56.196,0.0493,-0.0020,0.9990,
5.625,IMU,-10.3458,-2.5140,-6.4299,0.0000,0.0000,22.437,-3.337,-0.235,-56.228,0.0425,0.0029,1.0068,
5.630,ENC,-10.3476,-2.5140,-6.4308,-0.0852,0.0000,22.441,-3.337,-0.235,-56.228,0.0425,0.0029,1.0068,
5.644,IMU,-10.3476,-2.5140,-6.4308,-0.0852,0.0000,22.441,-3.314,-0.256,-56.267,0.0469,-0.0059,1.0029,
5.649,ENC,-10.3458,-2.5140,-6.4299,0.0852,0.0000,22.437,-3.314,-0.256,-56.267,0.0469,-0.0059,1.0029,
5.666,IMU,-10.3458,-2.5140,-6.4299,0.0852,0.0000,22.437,-3.265,-0.291,-56.299,0.0439,-0.0078,0.9961,
5.671,ENC,-10.3458,-2.5140,-6.4299,0.0000,0.0000,22.437,-3.265,-0.291,-56.299,0.0439,-0.0078,0.9961,
5.684,IMU,-10.3458,-2.5140,-6.4299,0.0000,0.0000,22.437,-3.272,-0.296,-56.329,0.0459,-0.0073,0.9980,
5.689,ENC,-10.3458,-2.5140,-6.4299,0.0000,0.0000,22.437,-3.272,-0.296,-56.329,0.0459,-0.0073,0.9980,
5.703,IMU,-10.3458,-2.5140,-6.4299,0.0000,0.0000,22.437,-3.248,-0.267,-56.335,0.0498,-0.0034,0.9927,
5.710,ENC,-10.3458,-2.5140,-6.4299,0.0000,0.0000,22.437,-3.248,-0.267,-56.335,0.0498,-0.0034,0.9927,
5.724,IMU,-10.3458,-2.5140,-6.4299,0.0000,0.0000,22.437,-3.237,-0.271,-56.341,0.0425,0.0034,1.0005,
5.731,ENC,-10.3458,-2.5140,-6.4299,0.0000,0.0000,22.437,-3.237,-0.271,-56.341,0.0425,0.0034,1.0005,
5.745,IMU,-10.3458,-2.5140,-6.4299,0.0000,0.0000,22.437,-3.224,-0.255,-56.351,0.0435,-0.0015,1.0020,
5.754,ENC,-10.3458,-2.5140,-6.4299,0.0000,0.0000,22.437,-3.224,-0.255,-56.351,0.0435,-0.0015,1.0020,
5.763,IMU,-10.3458,-2.5140,-6.4299,0.0000,0.0000,22.437,-3.197,-0.274,-56.358,0.0415,-0.0059,0.9893,
5.773,ENC,-10.3458,-2.5140,-6.4299,0.0000,0.0000,22.437,-3.197,-0.274,-56.358,0.0415,-0.0059,0.9893,
5.784,IMU,-10.3458,-2.5140,-6.4299,0.0000,0.0000,22.437,-3.221,-0.293,-56.329,0.0630,0.0039,0.9966,
5.789,ENC,-10.3458,-2.5140,-6.4299,0.0000,0.0000,22.437,-3.221,-0.293,-56.329,0.0630,0.0039,0.9966,
5.804,IMU,-10.3458,-2.5140,-6.4299,0.0000,0.0000,22.437,-3.208,-0.314,-56.346,0.0508,-0.0020,0.9966,
5.809,ENC,-10.3458,-2.5140,-6.4299,0.0000,0.0000,22.437,-3.208,-0.314,-56.346,0.0508,-0.0020,0.9966,
5.824,IMU,-10.3458,-2.5140,-6.4299,0.0000,0.0000,22.437,-3.209,-0.334,-56.363,0.0547,-0.0044,0.9873,
5.843,IMU,-10.3458,-2.5140,-6.4299,0.0000,0.0000,22.437,-3.224,-0.338,-56.347,0.0547,-0.0093,0.9917,
5.849,ENC,-10.3458,-2.5140,-6.4299,0.0000,0.0000,22.437,-3.224,-0.338,-56.347,0.0547,-0.0093,0.9917,
5.864,IMU,-10.3458,-2.5140,-6.4299,0.0000,0.0000,22.437,-3.227,-0.306,-56.357,0.0630,-0.0073,0.9946,
5.870,ENC,-10.3458,-2.5140,-6.4299,0.0000,0.0000,22.437,-3.227,-0.306,-56.357,0.0630,-0.0073,0.9946,
5.886,IMU,-10.3458,-2.5140,-6.4299,0.0000,0.0000,22.437,-3.222,-0.300,-56.346,0.0552,-0.0054,0.9980,
5.889,ENC,-10.3458,-2.5140,-6.4299,0.0000,0.0000,22.437,-3.222,-0.300,-56.346,0.0552,-0.0054,0.9980,
5.904,IMU,-10.3458,-2.5140,-6.4299,0.0000,0.0000,22.437,-3.230,-0.292,-56.339,0.0508,-0.0024,0.9912,
5.909,ENC,-10.3458,-2.5140,-6.4299,0.0000,0.0000,22.437,-3.230,-0.292,-56.339,0.0508,-0.0024,0.9912,
5.923,IMU,-10.3458,-2.5140,-6.4299,0.0000,0.0000,22.437,-3.197,-0.267,-56.353,0.0557,-0.0015,0.9902,
5.929,ENC,-10.3458,-2.5140,-6.4299,0.0000,0.0000,22.437,-3.197,-0.267,-56.353,0.0557,-0.0015,0.9902,
5.943,IMU,-10.3458,-2.5140,-6.4299,0.0000,0.0000,22.437,-3.191,-0.323,-56.360,0.0537,0.0000,0.9873,
5.949,ENC,-10.3458,-2.5140,-6.4299,0.0000,0.0000,22.437,-3.191,-0.323,-56.360,0.0537,0.0000,0.9873,
5.966,IMU,-10.3458,-2.5140,-6.4299,0.0000,0.0000,22.437,-3.178,-0.286,-56.366,0.0464,-0.0010,0.9883,
5.969,ENC,-10.3458,-2.5140,-6.4299,0.0000,0.0000,22.437,-3.178,-0.286,-56.366,0.0464,-0.0010,0.9883,
5.983,IMU,-10.3458,-2.5140,-6.4299,0.0000,0.0000,22.437,-3.176,-0.283,-56.373,0.0522,-0.0044,1.0029,
5.989,ENC,-10.3458,-2.5140,-6.4299,0.0000,0.0000,22.437,-3.176,-0.283,-56.373,0.0522,-0.0044,1.0029,
6.004,IMU,-10.3458,-2.5140,-6.4299,0.0000,0.0000,22.437,-3.204,-0.266,-56.350,0.0659,-0.0044,0.9854,
6.009,ENC,-10.3458,-2.5140,-6.4299,0.0000,0.0000,22.437,-3.204,-0.266,-56.350,0.0659,-0.0044,0.9854,
6.024,IMU,-10.3458,-2.5140,-6.4299,0.0000,0.0000,22.437,-3.204,-0.286,-56.365,0.0493,-0.0039,0.9878,
6.029,ENC,-10.3458,-2.5140,-6.4299,0.0000,0.0000,22.437,-3.204,-0.286,-56.365,0.0493,-0.0039,0.9878,
6.047,IMU,-10.3458,-2.5140,-6.4299,0.0000,0.0000,22.437,-3.211,-0.292,-56.347,0.0562,-0.0078,0.9873,
6.050,ENC,-10.3458,-2.5140,-6.4299,0.0000,0.0000,22.437,-3.211,-0.292,-56.347,0.0562,-0.0078,0.9873,
6.065,IMU,-10.3458,-2.5140,-6.4299,0.0000,0.0000,22.437,-3.208,-0.277,-56.379,0.0513,-0.0059,0.9927,
6.069,ENC,-10.3458,-2.5140,-6.4299,0.0000,0.0000,22.437,-3.208,-0.277,-56.379,0.0513,-0.0059,0.9927,
6.083,IMU,-10.3458,-2.5140,-6.4299,0.0000,0.0000,22.437,-3.222,-0.251,-56.382,0.0513,0.0020,0.9873,
6.089,ENC,-10.3458,-2.5140,-6.4299,0.0000,0.0000,22.437,-3.222,-0.251,-56.382,0.0513,0.0020,0.9873,
6.103,IMU,-10.3458,-2.5140,-6.4299,0.0000,0.0000,22.437,-3.232,-0.295,-56.368,0.0537,-0.0054,0.9980,
6.109,ENC,-10.3458,-2.5140,-6.4299,0.0000,0.0000,22.437,-3.232,-0.295,-56.368,0.0537,-0.0054,0.9980,
6.124,IMU,-10.3458,-2.5140,-6.4299,0.0000,0.0000,22.437,-3.212,-0.290,-56.413,0.0649,0.0005,1.0039,
6.129,ENC,-10.3458,-2.5140,-6.4299,0.0000,0.0000,22.437,-3.212,-0.290,-56.413,0.0649,0.0005,1.0039,
6.143,IMU,-10.3458,-2.5140,-6.4299,0.0000,0.0000,22.437,-3.142,-0.286,-56.413,0.0430,-0.0137,1.0029,
6.149,ENC,-10.3458,-2.5140,-6.4299,0.0000,0.0000,22.437,-3.142,-0.286,-56.413,0.0430,-0.0137,1.0029,
6.165,IMU,-10.3458,-2.5140,-6.4299,0.0000,0.0000,22.437,-3.173,-0.318,-56.429,0.0483,-0.0005,0.9985,
6.169,ENC,-10.3476,-2.5140,-6.4308,-0.0852,0.0000,22.441,-3.173,-0.318,-56.429,0.0483,-0.0005,0.9985,
6.183,IMU,-10.3476,-2.5140,-6.4308,-0.0852,0.0000,22.441,-3.151,-0.333,-56.425,0.0337,0.0039,0.9937,
6.189,ENC,-10.3458,-2.5140,-6.4299,0.0852,0.0000,22.437,-3.151,-0.333,-56.425,0.0337,0.0039,0.9937,
6.204,IMU,-10.3458,-2.5140,-6.4299,0.0852,0.0000,22.437,-3.172,-0.349,-56.419,0.0439,0.0015,0.9980,
6.209,ENC,-10.3458,-2.5140,-6.4299,0.0000,0.0000,22.437,-3.172,-0.349,-56.419,0.0439,0.0015,0.9980,
6.223,IMU,-10.3458,-2.5140,-6.4299,0.0000,0.0000,22.437,-3.175,-0.349,-56.406,0.0405,-0.0010,0.9980,
6.243,IMU,-10.3458,-2.5140,-6.4299,0.0000,0.0000,22.437,-3.164,-0.387,-56.423,0.0537,0.0020,1.0034,
6.249,ENC,-10.3458,-2.5140,-6.4299,0.0000,0.0000,22.437,-3.164,-0.387,-56.423,0.0537,0.0020,1.0034,
6.267,IMU,-10.3458,-2.5140,-6.4299,0.0000,0.0000,22.437,-3.175,-0.406,-56.389,0.0493,-0.0176,0.9937,
6.269,ENC,-10.3458,-2.5140,-6.4299,0.0000,0.0000,22.437,-3.175,-0.406,-56.389,0.0493,-0.0176,0.9937,
6.286,IMU,-10.3458,-2.5140,-6.4299,0.0000,0.0000,22.437,-3.211,-0.397,-56.409,0.0498,0.0063,1.0044,
6.293,ENC,-10.3458,-2.5140,-6.4299,0.0000,0.0000,22.437,-3.211,-0.397,-56.409,0.0498,0.0063,1.0044,
6.304,IMU,-10.3458,-2.5140,-6.4299,0.0000,0.0000,22.437,-3.197,-0.379,-56.428,0.0513,0.0112,1.0005,
6.309,ENC,-10.3458,-2.5140,-6.4299,0.0000,0.0000,22.437,-3.197,-0.379,-56.428,0.0513,0.0112,1.0005,
6.323,IMU,-10.3458,-2.5140,-6.4299,0.0000,0.0000,22.437,-3.196,-0.383,-56.444,0.0562,-0.0151,0.9971,
6.329,ENC,-10.3458,-2.5140,-6.4299,0.0000,0.0000,22.437,-3.196,-0.383,-56.444,0.0562,-0.0151,0.9971,
6.344,IMU,-10.3458,-2.5140,-6.4299,0.0000,0.0000,22.437,-3.211,-0.371,-56.418,0.0615,-0.0073,0.9946,
6.350,ENC,-10.3458,-2.5140,-6.4299,0.0000,0.0000,22.437,-3.211,-0.371,-56.418,0.0615,-0.0073,0.9946,
6.365,IMU,-10.3458,-2.5140,-6.4299,0.0000,0.0000,22.437,-3.211,-0.338,-56.459,0.0508,-0.0049,0.9966,
6.369,ENC,-10.3458,-2.5140,-6.4299,0.0000,0.0000,22.437,-3.211,-0.338,-56.459,0.0508,-0.0049,0.9966,
6.383,IMU,-10.3458,-2.5140,-6.4299,0.0000,0.0000,22.437,-3.255,-0.303,-56.434,0.0630,0.0122,0.9976,
6.389,ENC,-10.3458,-2.5140,-6.4299,0.0000,0.0000,22.437,-3.255,-0.303,-56.434,0.0630,0.0122,0.9976,
6.403,IMU,-10.3458,-2.5140,-6.4299,0.0000,0.0000,22.437,-3.249,-0.347,-56.431,0.0430,-0.0093,0.9980,
6.413,ENC,-10.3458,-2.5140,-6.4299,0.0000,0.0000,22.437,-3.249,-0.347,-56.431,0.0430,-0.0093,0.9980,
6.424,IMU,-10.3458,-2.5140,-6.4299,0.0000,0.0000,22.437,-3.286,-0.371,-56.432,0.0586,-0.0107,1.0000,
6.429,ENC,-10.3458,-2.5140,-6.4299,0.0000,0.0000,22.437,-3.286,-0.371,-56.432,0.0586,-0.0107,1.0000,
6.443,IMU,-10.3458,-2.5140,-6.4299,0.0000,0.0000,22.437,-3.302,-0.330,-56.412,0.0537,0.0049,1.0024,
6.449,ENC,-10.3458,-2.5140,-6.4299,0.0000,0.0000,22.437,-3.302,-0.330,-56.412,0.0537,0.0049,1.0024,
6.464,IMU,-10.3458,-2.5140,-6.4299,0.0000,0.0000,22.437,-3.302,-0.340,-56.457,0.0562,-0.0107,0.9980,
6.483,IMU,-10.3458,-2.5140,-6.4299,0.0000,0.0000,22.437,-3.269,-0.333,-56.445,0.0381,-0.0122,0.9937,
6.489,ENC,-10.3458,-2.5140,-6.4299,0.0000,0.0000,22.437,-3.269,-0.333,-56.445,0.0381,-0.0122,0.9937,
6.506,IMU,-10.3458,-2.5140,-6.4299,0.0000,0.0000,22.437,-3.293,-0.386,-56.453,0.0562,-0.0039,1.0024,
6.509,ENC,-10.3458,-2.5140,-6.4299,0.0000,0.0000,22.437,-3.293,-0.386,-56.453,0.0562,-0.0039,1.0024,
6.524,IMU,-10.3458,-2.5140,-6.4299,0.0000,0.0000,22.437,-3.344,-0.389,-56.453,0.0610,-0.0068,0.9937,
6.529,ENC,-10.3458,-2.5140,-6.4299,0.0000,0.0000,22.437,-3.344,-0.389,-56.453,0.0610,-0.0068,0.9937,
6.548,IMU,-10.3458,-2.5140,-6.4299,0.0000,0.0000,22.437,-3.316,-0.393,-56.487,0.0537,0.0073,0.9971,
6.550,ENC,-10.3458,-2.5140,-6.4299,0.0000,0.0000,22.437,-3.316,-0.393,-56.487,0.0537,0.0073,0.9971,
6.565,IMU,-10.3458,-2.5140,-6.4299,0.0000,0.0000,22.437,-3.300,-0.386,-56.507,0.0469,0.0088,1.0015,
6.569,ENC,-10.3458,-2.5140,-6.4299,0.0000,0.0000,22.437,-3.300,-0.386,-56.507,0.0469,0.0088,1.0015,
6.583,IMU,-10.3458,-2.5140,-6.4299,0.0000,0.0000,22.437,-3.285,-0.379,-56.485,0.0566,-0.0049,0.9961,
6.592,ENC,-10.3458,-2.5140,-6.4299,0.0000,0.0000,22.437,-3.285,-0.379,-56.485,0.0566,-0.0049,0.9961,
6.604,IMU,-10.3458,-2.5140,-6.4299,0.0000,0.0000,22.437,-3.312,-0.391,-56.479,0.0576,0.0039,0.9980,
6.609,ENC,-10.3458,-2.5140,-6.4299,0.0000,0.0000,22.437,-3.312,-0.391,-56.479,0.0576,0.0039,0.9980,
6.623,IMU,-10.3458,-2.5140,-6.4299,0.0000,0.0000,22.437,-3.295,-0.350,-56.500,0.0566,0.0020,1.0063,
6.629,ENC,-10.3458,-2.5140,-6.4299,0.0000,0.0000,22.437,-3.295,-0.350,-56.500,0.0566,0.0020,1.0063,
6.643,IMU,-10.3458,-2.5140,-6.4299,0.0000,0.0000,22.437,-3.286,-0.339,-56.491,0.0552,-0.0029,0.9971,
6.649,ENC,-10.3458,-2.5140,-6.4299,0.0000,0.0000,22.437,-3.286,-0.339,-56.491,0.0552,-0.0029,0.9971,
6.664,IMU,-10.3458,-2.5140,-6.4299,0.0000,0.0000,22.437,-3.277,-0.372,-56.470,0.0625,-0.0107,1.0015,
6.669,ENC,-10.3458,-2.5140,-6.4299,0.0000,0.0000,22.437,-3.277,-0.372,-56.470,0.0625,-0.0107,1.0015,
6.684,IMU,-10.3458,-2.5140,-6.4299,0.0000,0.0000,22.437,-3.303,-0.354,-56.446,0.0562,-0.0044,0.9980,
6.689,ENC,-10.3458,-2.5140,-6.4299,0.0000,0.0000,22.437,-3.303,-0.354,-56.446,0.0562,-0.0044,0.9980,
6.703,IMU,-10.3458,-2.5140,-6.4299,0.0000,0.0000,22.437,-3.315,-0.374,-56.443,0.0591,-0.0068,0.9966,
6.709,ENC,-10.3458,-2.5140,-6.4299,0.0000,0.0000,22.437,-3.315,-0.374,-56.443,0.0591,-0.0068,0.9966,
6.723,IMU,-10.3458,-2.5140,-6.4299,0.0000,0.0000,22.437,-3.316,-0.350,-56.433,0.0645,-0.0078,0.9868,
6.747,IMU,-10.3458,-2.5140,-6.4299,0.0000,0.0000,22.437,-3.324,-0.376,-56.500,0.0469,-0.0215,0.9995,
6.750,ENC,-10.3458,-2.5140,-6.4299,0.0000,0.0000,22.437,-3.324,-0.376,-56.500,0.0469,-0.0215,0.9995,
6.764,IMU,-10.3458,-2.5140,-6.4299,0.0000,0.0000,22.437,-3.350,-0.347,-56.510,0.0479,-0.0044,0.9873,
6.769,ENC,-10.3458,-2.5140,-6.4299,0.0000,0.0000,22.437,-3.350,-0.347,-56.510,0.0479,-0.0044,0.9873,
6.784,IMU,-10.3458,-2.5140,-6.4299,0.0000,0.0000,22.437,-3.374,-0.385,-56.527,0.0601,-0.0049,0.9941,
6.789,ENC,-10.3458,-2.5140,-6.4299,0.0000,0.0000,22.437,-3.374,-0.385,-56.527,0.0601,-0.0049,0.9941,
6.806,IMU,-10.3458,-2.5140,-6.4299,0.0000,0.0000,22.437,-3.415,-0.380,-56.535,0.0664,-0.0112,0.9897,
6.810,ENC,-10.3458,-2.5140,-6.4299,0.0000,0.0000,22.437,-3.415,-0.380,-56.535,0.0664,-0.0112,0.9897,
6.828,IMU,-10.3458,-2.5140,-6.4299,0.0000,0.0000,22.437,-3.434,-0.331,-56.498,0.0552,0.0098,0.9971,
6.830,ENC,-10.3458,-2.5140,-6.4299,0.0000,0.0000,22.437,-3.434,-0.331,-56.498,0.0552,0.0098,0.9971,
6.848,IMU,-10.3458,-2.5140,-6.4299,0.0000,0.0000,22.437,-3.478,-0.372,-56.508,0.0459,-0.0044,0.9932,
6.851,ENC,-10.3458,-2.5140,-6.4299,0.0000,0.0000,22.437,-3.478,-0.372,-56.508,0.0459,-0.0044,0.9932,
6.863,IMU,-10.3458,-2.5140,-6.4299,0.0000,0.0000,22.437,-3.476,-0.349,-56.522,0.0620,0.0068,0.9990,
6.869,ENC,-10.3458,-2.5140,-6.4299,0.0000,0.0000,22.437,-3.476,-0.349,-56.522,0.0620,0.0068,0.9990,
6.883,IMU,-10.3458,-2.5140,-6.4299,0.0000,0.0000,22.437,-3.467,-0.375,-56.473,0.0483,-0.0039,0.9912,
6.889,ENC,-10.3458,-2.5140,-6.4299,0.0000,0.0000,22.437,-3.467,-0.375,-56.473,0.0483,-0.0039,0.9912,
6.909,ENC,-10.3458,-2.5140,-6.4299,0.0000,0.0000,22.437,-3.467,-0.375,-56.473,0.0483,-0.0039,0.9912,
6.924,IMU,-10.3458,-2.5140,-6.4299,0.0000,0.0000,22.437,-3.547,-0.413,-56.366,0.0576,-0.0083,1.0024,
6.944,IMU,-10.3458,-2.5140,-6.4299,0.0000,0.0000,22.437,-3.527,-0.394,-56.383,0.0498,-0.0093,0.9902,
6.949,ENC,-10.3458,-2.5140,-6.4299,0.0000,0.0000,22.437,-3.527,-0.394,-56.383,0.0498,-0.0093,0.9902,
6.966,IMU,-10.3458,-2.5140,-6.4299,0.0000,0.0000,22.437,-3.531,-0.387,-56.422,0.0508,0.0010,0.9893,
6.984,IMU,-10.3458,-2.5140,-6.4299,0.0000,0.0000,22.437,-3.559,-0.395,-56.480,0.0459,-0.0005,0.9912,
6.989,ENC,-10.3458,-2.5140,-6.4299,0.0000,0.0000,22.437,-3.559,-0.395,-56.480,0.0459,-0.0005,0.9912,
7.004,IMU,-10.3458,-2.5140,-6.4299,0.0000,0.0000,22.437,-3.536,-0.394,-56.495,0.0469,-0.0010,0.9976,
7.009,ENC,-10.3458,-2.5140,-6.4299,0.0000,0.0000,22.437,-3.536,-0.394,-56.495,0.0469,-0.0010,0.9976,
7.024,IMU,-10.3458,-2.5140,-6.4299,0.0000,0.0000,22.437,-3.489,-0.417,-56.513,0.0425,-0.0083,0.9888,
7.033,ENC,-10.3458,-2.5140,-6.4299,0.0000,0.0000,22.437,-3.489,-0.417,-56.513,0.0425,-0.0083,0.9888,
7.044,IMU,-10.3458,-2.5140,-6.4299,0.0000,0.0000,22.437,-3.509,-0.372,-56.501,0.0537,-0.0029,0.9883,
7.049,ENC,-10.3458,-2.5140,-6.4299,0.0000,0.0000,22.437,-3.509,-0.372,-56.501,0.0537,-0.0029,0.9883,
7.063,IMU,-10.3458,-2.5140,-6.4299,0.0000,0.0000,22.437,-3.509,-0.374,-56.520,0.0532,-0.0005,1.0024,
7.069,ENC,-10.3458,-2.5140,-6.4299,0.0000,0.0000,22.437,-3.509,-0.374,-56.520,0.0532,-0.0005,1.0024,
7.089,IMU,-10.3458,-2.5140,-6.4299,0.0000,0.0000,22.437,-3.518,-0.359,-56.526,0.0449,0.0063,0.9902,
7.093,ENC,-10.3458,-2.5140,-6.4299,0.0000,0.0000,22.437,-3.518,-0.359,-56.526,0.0449,0.0063,0.9902,
7.108,IMU,-10.3458,-2.5140,-6.4299,0.0000,0.0000,22.437,-3.517,-0.354,-56.522,0.0591,-0.0059,0.9863,
7.110,ENC,-10.3458,-2.5140,-6.4299,0.0000,0.0000,22.437,-3.517,-0.354,-56.522,0.0591,-0.0059,0.9863,
7.123,IMU,-10.3458,-2.5140,-6.4299,0.0000,0.0000,22.437,-3.501,-0.365,-56.514,0.0625,-0.0005,0.9805,
7.129,ENC,-10.3458,-2.5140,-6.4299,0.0000,0.0000,22.437,-3.501,-0.365,-56.514,0.0625,-0.0005,0.9805,
7.144,IMU,-10.3458,-2.5140,-6.4299,0.0000,0.0000,22.437,-3.514,-0.370,-56.490,0.0605,-0.0122,0.9922,
7.154,ENC,-10.3458,-2.5140,-6.4299,0.0000,0.0000,22.437,-3.514,-0.370,-56.490,0.0605,-0.0122,0.9922,
7.163,IMU,-10.3458,-2.5140,-6.4299,0.0000,0.0000,22.437,-3.521,-0.389,-56.517,0.0537,-0.0171,0.9971,
7.169,ENC,-10.3458,-2.5140,-6.4299,0.0000,0.0000,22.437,-3.521,-0.389,-56.517,0.0537,-0.0171,0.9971,
7.188,IMU,-10.3458,-2.5140,-6.4299,0.0000,0.0000,22.437,-3.510,-0.352,-56.539,0.0483,-0.0049,0.9937,
7.191,ENC,-10.3458,-2.5140,-6.4299,0.0000,0.0000,22.437,-3.510,-0.352,-56.539,0.0483,-0.0049,0.9937,
7.204,IMU,-10.3458,-2.5140,-6.4299,0.0000,0.0000,22.437,-3.526,-0.347,-56.594,0.0605,-0.0093,0.9917,
7.210,ENC,-10.3458,-2.5140,-6.4299,0.0000,0.0000,22.437,-3.526,-0.347,-56.594,0.0605,-0.0093,0.9917,
7.223,IMU,-10.3458,-2.5140,-6.4299,0.0000,0.0000,22.437,-3.526,-0.326,-56.566,0.0552,0.0005,0.9932,
7.229,ENC,-10.3458,-2.5140,-6.4299,0.0000,0.0000,22.437,-3.526,-0.326,-56.566,0.0552,0.0005,0.9932,
7.245,IMU,-10.3458,-2.5140,-6.4299,0.0000,0.0000,22.437,-3.480,-0.353,-56.576,0.0576,-0.0103,1.0039,
7.249,ENC,-10.3458,-2.5140,-6.4299,0.0000,0.0000,22.437,-3.480,-0.353,-56.576,0.0576,-0.0103,1.0039,
7.263,IMU,-10.3458,-2.5140,-6.4299,0.0000,0.0000,22.437,-3.406,-0.365,-56.599,0.0566,0.0034,0.9980,
7.273,ENC,-10.3458,-2.5140,-6.4299,0.0000,0.0000,22.437,-3.406,-0.365,-56.599,0.0566,0.0034,0.9980,
7.284,IMU,-10.3458,-2.5140,-6.4299,0.0000,0.0000,22.437,-3.422,-0.374,-56.625,0.0508,-0.0093,0.9927,
7.290,ENC,-10.3458,-2.5140,-6.4299,0.0000,0.0000,22.437,-3.422,-0.374,-56.625,0.0508,-0.0093,0.9927,
7.304,IMU,-10.3458,-2.5140,-6.4299,0.0000,0.0000,22.437,-3.363,-0.385,-56.624,0.0425,-0.0059,0.9927,
7.309,ENC,-10.3458,-2.5140,-6.4299,0.0000,0.0000,22.437,-3.363,-0.385,-56.624,0.0425,-0.0059,0.9927,
7.329,IMU,-10.3458,-2.5140,-6.4299,0.0000,0.0000,22.437,-3.335,-0.423,-56.658,0.0415,-0.0088,1.0020,
7.343,IMU,-10.3458,-2.5140,-6.4299,0.0000,0.0000,22.437,-3.352,-0.415,-56.644,0.0596,-0.0088,0.9946,
7.349,ENC,-10.3458,-2.5140,-6.4299,0.0000,0.0000,22.437,-3.352,-0.415,-56.644,0.0596,-0.0088,0.9946,
7.364,IMU,-10.3458,-2.5140,-6.4299,0.0000,0.0000,22.437,-3.297,-0.438,-56.660,0.0508,-0.0068,0.9985,
7.369,ENC,-10.3458,-2.5140,-6.4299,0.0000,0.0000,22.437,-3.297,-0.438,-56.660,0.0508,-0.0068,0.9985,
7.386,IMU,-10.3458,-2.5140,-6.4299,0.0000,0.0000,22.437,-3.310,-0.412,-56.700,0.0547,-0.0015,0.9946,
7.389,ENC,-10.3458,-2.5140,-6.4299,0.0000,0.0000,22.437,-3.310,-0.412,-56.700,0.0547,-0.0015,0.9946,
7.403,IMU,-10.3458,-2.5140,-6.4299,0.0000,0.0000,22.437,-3.282,-0.391,-56.646,0.0488,0.0132,0.9985,
7.411,ENC,-10.3458,-2.5140,-6.4299,0.0000,0.0000,22.437,-3.282,-0.391,-56.646,0.0488,0.0132,0.9985,
7.424,IMU,-10.3458,-2.5140,-6.4299,0.0000,0.0000,22.437,-3.301,-0.393,-56.651,0.0542,-0.0078,0.9985,
7.429,ENC,-10.3458,-2.5140,-6.4299,0.0000,0.0000,22.437,-3.301,-0.393,-56.651,0.0542,-0.0078,0.9985,
7.443,IMU,-10.3458,-2.5140,-6.4299,0.0000,0.0000,22.437,-3.345,-0.386,-56.636,0.0474,-0.0098,0.9937,
7.449,ENC,-10.3458,-2.5140,-6.4299,0.0000,0.0000,22.437,-3.345,-0.386,-56.636,0.0474,-0.0098,0.9937,
7.464,IMU,-10.3458,-2.5140,-6.4299,0.0000,0.0000,22.437,-3.326,-0.413,-56.657,0.0425,-0.0117,0.9912,
7.472,ENC,-10.3458,-2.5140,-6.4299,0.0000,0.0000,22.437,-3.326,-0.413,-56.657,0.0425,-0.0117,0.9912,
7.489,IMU,-10.3458,-2.5140,-6.4299,0.0000,0.0000,22.437,-3.299,-0.399,-56.652,0.0562,-0.0005,0.9985,
7.491,ENC,-10.3458,-2.5140,-6.4299,0.0000,0.0000,22.437,-3.299,-0.399,-56.652,0.0562,-0.0005,0.9985,
7.503,IMU,-10.3458,-2.5140,-6.4299,0.0000,0.0000,22.437,-3.323,-0.405,-56.651,0.0576,-0.0146,1.0010,
7.509,ENC,-10.3458,-2.5140,-6.4299,0.0000,0.0000,22.437,-3.323,-0.405,-56.651,0.0576,-0.0146,1.0010,
7.525,IMU,-10.3458,-2.5140,-6.4299,0.0000,0.0000,22.437,-3.303,-0.384,-56.638,0.0527,-0.0029,0.9951,
7.529,ENC,-10.3458,-2.5140,-6.4299,0.0000,0.0000,22.437,-3.303,-0.384,-56.638,0.0527,-0.0029,0.9951,
7.543,IMU,-10.3458,-2.5140,-6.4299,0.0000,0.0000,22.437,-3.303,-0.365,-56.689,0.0566,0.0063,0.9878,
7.549,ENC,-10.3458,-2.5140,-6.4299,0.0000,0.0000,22.437,-3.303,-0.365,-56.689,0.0566,0.0063,0.9878,
7.567,IMU,-10.3458,-2.5140,-6.4299,0.0000,0.0000,22.437,-3.324,-0.368,-56.702,0.0493,-0.0049,1.0044,
7.570,ENC,-10.3458,-2.5140,-6.4299,0.0000,0.0000,22.437,-3.324,-0.368,-56.702,0.0493,-0.0049,1.0044,
7.585,IMU,-10.3458,-2.5140,-6.4299,0.0000,0.0000,22.437,-3.376,-0.353,-56.664,0.0557,-0.0044,0.9907,
7.590,ENC,-10.3458,-2.5140,-6.4299,0.0000,0.0000,22.437,-3.376,-0.353,-56.664,0.0557,-0.0044,0.9907,
7.603,IMU,-10.3458,-2.5140,-6.4299,0.0000,0.0000,22.437,-3.399,-0.366,-56.678,0.0474,0.0000,1.0142,
7.609,ENC,-10.3458,-2.5140,-6.4299,0.0000,0.0000,22.437,-3.399,-0.366,-56.678,0.0474,0.0000,1.0142,
7.623,IMU,-10.3458,-2.5140,-6.4299,0.0000,0.0000,22.437,-3.409,-0.307,-56.626,0.0479,0.0044,0.9966,
7.629,ENC,-10.3458,-2.5140,-6.4299,0.0000,0.0000,22.437,-3.409,-0.307,-56.626,0.0479,0.0044,0.9966,
7.643,IMU,-10.3458,-2.5140,-6.4299,0.0000,0.0000,22.437,-3.400,-0.319,-56.615,0.0552,-0.0049,1.0073,
7.649,ENC,-10.3458,-2.5140,-6.4299,0.0000,0.0000,22.437,-3.400,-0.319,-56.615,0.0552,-0.0049,1.0073,
7.663,IMU,-10.3458,-2.5140,-6.4299,0.0000,0.0000,22.437,-3.394,-0.329,-56.606,0.0547,0.0034,0.9912,
7.669,ENC,-10.3458,-2.5140,-6.4299,0.0000,0.0000,22.437,-3.394,-0.329,-56.606,0.0547,0.0034,0.9912,
7.683,IMU,-10.3458,-2.5140,-6.4299,0.0000,0.0000,22.437,-3.410,-0.340,-56.566,0.0552,-0.0088,0.9868,
7.690,ENC,-10.3458,-2.5140,-6.4299,0.0000,0.0000,22.437,-3.410,-0.340,-56.566,0.0552,-0.0088,0.9868,
7.704,IMU,-10.3458,-2.5140,-6.4299,0.0000,0.0000,22.437,-3.426,-0.341,-56.574,0.0527,0.0010,1.0010,
7.709,ENC,-10.3458,-2.5140,-6.4299,0.0000,0.0000,22.437,-3.426,-0.341,-56.574,0.0527,0.0010,1.0010,
7.724,IMU,-10.3458,-2.5140,-6.4299,0.0000,0.0000,22.437,-3.381,-0.367,-56.608,0.0532,-0.0015,0.9927,
7.749,ENC,-10.3458,-2.5140,-6.4299,0.0000,0.0000,22.437,-3.381,-0.367,-56.608,0.0532,-0.0015,0.9927,
7.764,IMU,-10.3458,-2.5140,-6.4299,0.0000,0.0000,22.437,-3.437,-0.411,-56.635,0.0420,-0.0044,0.9932,
7.769,ENC,-10.3458,-2.5140,-6.4299,0.0000,0.0000,22.437,-3.437,-0.411,-56.635,0.0420,-0.0044,0.9932,
7.783,IMU,-10.3458,-2.5140,-6.4299,0.0000,0.0000,22.437,-3.432,-0.393,-56.615,0.0601,-0.0054,0.9946,
7.789,ENC,-10.3458,-2.5140,-6.4299,0.0000,0.0000,22.437,-3.432,-0.393,-56.615,0.0601,-0.0054,0.9946,
7.803,IMU,-10.3458,-2.5140,-6.4299,0.0000,0.0000,22.437,-3.391,-0.385,-56.623,0.0571,-0.0054,1.0054,
7.809,ENC,-10.3458,-2.5140,-6.4299,0.0000,0.0000,22.437,-3.391,-0.385,-56.623,0.0571,-0.0054,1.0054,
7.824,IMU,-10.3458,-2.5140,-6.4299,0.0000,0.0000,22.437,-3.394,-0.358,-56.611,0.0439,-0.0088,1.0034,
7.835,ENC,-10.3458,-2.5140,-6.4299,0.0000,0.0000,22.437,-3.394,-0.358,-56.611,0.0439,-0.0088,1.0034,
7.843,IMU,-10.3458,-2.5140,-6.4299,0.0000,0.0000,22.437,-3.380,-0.344,-56.596,0.0483,-0.0088,0.9976,
7.849,ENC,-10.3458,-2.5140,-6.4299,0.0000,0.0000,22.437,-3.380,-0.344,-56.596,0.0483,-0.0088,0.9976,
7.867,IMU,-10.3458,-2.5140,-6.4299,0.0000,0.0000,22.437,-3.342,-0.319,-56.654,0.0469,-0.0039,1.0024,
7.870,ENC,-10.3458,-2.5140,-6.4299,0.0000,0.0000,22.437,-3.342,-0.319,-56.654,0.0469,-0.0039,1.0024,
7.884,IMU,-10.3458,-2.5140,-6.4299,0.0000,0.0000,22.437,-3.349,-0.314,-56.646,0.0439,-0.0083,1.0039,
7.889,ENC,-10.3458,-2.5140,-6.4299,0.0000,0.0000,22.437,-3.349,-0.314,-56.646,0.0439,-0.0083,1.0039,
7.906,IMU,-10.3458,-2.5140,-6.4299,0.0000,0.0000,22.437,-3.327,-0.307,-56.648,0.0596,-0.0034,0.9995,
7.911,ENC,-10.3458,-2.5140,-6.4299,0.0000,0.0000,22.437,-3.327,-0.307,-56.648,0.0596,-0.0034,0.9995,
7.924,IMU,-10.3458,-2.5140,-6.4299,0.0000,0.0000,22.437,-3.353,-0.294,-56.663,0.0620,-0.0005,0.9990,
7.929,ENC,-10.3458,-2.5140,-6.4299,0.0000,0.0000,22.437,-3.353,-0.294,-56.663,0.0620,-0.0005,0.9990,
7.943,IMU,-10.3458,-2.5140,-6.4299,0.0000,0.0000,22.437,-3.310,-0.303,-56.641,0.0547,0.0015,0.9990,
7.949,ENC,-10.3458,-2.5140,-6.4299,0.0000,0.0000,22.437,-3.310,-0.303,-56.641,0.0547,0.0015,0.9990,
7.963,IMU,-10.3458,-2.5140,-6.4299,0.0000,0.0000,22.437,-3.305,-0.306,-56.658,0.0518,-0.0034,1.0020,
7.969,ENC,-10.3458,-2.5140,-6.4299,0.0000,0.0000,22.437,-3.305,-0.306,-56.658,0.0518,-0.0034,1.0020,
7.984,IMU,-10.3458,-2.5140,-6.4299,0.0000,0.0000,22.437,-3.325,-0.308,-56.609,0.0620,0.0088,0.9893,
7.989,ENC,-10.3458,-2.5140,-6.4299,0.0000,0.0000,22.437,-3.325,-0.308,-56.609,0.0620,0.0088,0.9893,
8.010,ENC,-10.3476,-2.5140,-6.4308,-0.0852,0.0000,22.441,-3.325,-0.308,-56.609,0.0620,0.0088,0.9893,
8.027,IMU,-10.3476,-2.5140,-6.4308,-0.0852,0.0000,22.441,-3.359,-0.379,-56.649,0.0605,-0.0107,1.0029,
8.044,IMU,-10.3476,-2.5140,-6.4308,-0.0852,0.0000,22.441,-3.350,-0.342,-56.655,0.0508,0.0054,0.9971,
8.065,IMU,-10.3476,-2.5140,-6.4308,-0.0852,0.0000,22.441,-3.400,-0.357,-56.606,0.0576,-0.0039,0.9780,
8.069,ENC,-10.3458,-2.5140,-6.4299,0.0284,0.0000,22.437,-3.400,-0.357,-56.606,0.0576,-0.0039,0.9780,
8.084,IMU,-10.3458,-2.5140,-6.4299,0.0284,0.0000,22.437,-3.347,-0.388,-56.618,0.0518,-0.0078,0.9937,
8.104,ENC,-10.3458,-2.5140,-6.4299,0.0000,0.0000,22.437,-3.347,-0.388,-56.618,0.0518,-0.0078,0.9937,
8.108,IMU,-10.3458,-2.5140,-6.4299,0.0000,0.0000,22.437,-3.320,-0.427,-56.635,0.0483,0.0093,0.9951,
8.111,ENC,-10.3458,-2.5140,-6.4299,0.0000,0.0000,22.437,-3.320,-0.427,-56.635,0.0483,0.0093,0.9951,
8.123,IMU,-10.3458,-2.5140,-6.4299,0.0000,0.0000,22.437,-3.369,-0.413,-56.621,0.0674,0.0029,0.9912,
8.129,ENC,-10.3458,-2.5140,-6.4299,0.0000,0.0000,22.437,-3.369,-0.413,-56.621,0.0674,0.0029,0.9912,
8.143,IMU,-10.3458,-2.5140,-6.4299,0.0000,0.0000,22.437,-3.363,-0.407,-56.624,0.0488,-0.0151,1.0015,
8.155,ENC,-10.3458,-2.5140,-6.4299,0.0000,0.0000,22.437,-3.363,-0.407,-56.624,0.0488,-0.0151,1.0015,
8.163,IMU,-10.3458,-2.5140,-6.4299,0.0000,0.0000,22.437,-3.340,-0.384,-56.628,0.0498,-0.0029,0.9868,
8.170,ENC,-10.3458,-2.5140,-6.4299,0.0000,0.0000,22.437,-3.340,-0.384,-56.628,0.0498,-0.0029,0.9868,
8.185,IMU,-10.3458,-2.5140,-6.4299,0.0000,0.0000,22.437,-3.335,-0.404,-56.649,0.0508,-0.0034,0.9985,
8.194,ENC,-10.3458,-2.5140,-6.4299,0.0000,0.0000,22.437,-3.335,-0.404,-56.649,0.0508,-0.0034,0.9985,
8.204,IMU,-10.3458,-2.5140,-6.4299,0.0000,0.0000,22.437,-3.323,-0.435,-56.641,0.0625,0.0044,0.9858,
8.209,ENC,-10.3476,-2.5140,-6.4308,-0.0852,0.0000,22.441,-3.323,-0.435,-56.641,0.0625,0.0044,0.9858,
8.226,IMU,-10.3476,-2.5140,-6.4308,-0.0852,0.0000,22.441,-3.341,-0.417,-56.615,0.0562,0.0015,1.0107,
8.239,ENC,-10.3458,-2.5140,-6.4299,0.0852,0.0000,22.437,-3.341,-0.417,-56.615,0.0562,0.0015,1.0107,
8.244,IMU,-10.3458,-2.5140,-6.4299,0.0852,0.0000,22.437,-3.375,-0.430,-56.581,0.0596,-0.0015,0.9917,
8.285,IMU,-10.3458,-2.5140,-6.4299,0.0852,0.0000,22.437,-3.408,-0.396,-56.562,0.0586,0.0000,0.9922,
8.293,ENC,-10.3458,-2.5140,-6.4299,0.0000,0.0000,22.437,-3.408,-0.396,-56.562,0.0586,0.0000,0.9922,
8.305,IMU,-10.3458,-2.5140,-6.4299,0.0000,0.0000,22.437,-3.385,-0.430,-56.584,0.0454,-0.0098,1.0054,
8.309,ENC,-10.3458,-2.5140,-6.4299,0.0000,0.0000,22.437,-3.385,-0.430,-56.584,0.0454,-0.0098,1.0054,
8.323,IMU,-10.3458,-2.5140,-6.4299,0.0000,0.0000,22.437,-3.370,-0.381,-56.587,0.0503,0.0005,0.9878,
8.332,ENC,-10.3458,-2.5140,-6.4299,0.0000,0.0000,22.437,-3.370,-0.381,-56.587,0.0503,0.0005,0.9878,
8.347,IMU,-10.3458,-2.5140,-6.4299,0.0000,0.0000,22.437,-3.397,-0.411,-56.643,0.0552,0.0063,0.9966,
8.349,ENC,-10.3458,-2.5140,-6.4299,0.0000,0.0000,22.437,-3.397,-0.411,-56.643,0.0552,0.0063,0.9966,
8.363,IMU,-10.3458,-2.5140,-6.4299,0.0000,0.0000,22.437,-3.392,-0.359,-56.612,0.0552,-0.0034,1.0000,
8.369,ENC,-10.3458,-2.5140,-6.4299,0.0000,0.0000,22.437,-3.392,-0.359,-56.612,0.0552,-0.0034,1.0000,
8.389,ENC,-10.3458,-2.5140,-6.4299,0.0000,0.0000,22.437,-3.392,-0.359,-56.612,0.0552,-0.0034,1.0000,
8.394,IMU,-10.3458,-2.5140,-6.4299,0.0000,0.0000,22.437,-3.429,-0.406,-56.595,0.0601,-0.0049,0.9946,
8.405,IMU,-10.3458,-2.5140,-6.4299,0.0000,0.0000,22.437,-3.452,-0.415,-56.596,0.0469,-0.0005,0.9854,
8.423,IMU,-10.3458,-2.5140,-6.4299,0.0000,0.0000,22.437,-3.458,-0.418,-56.580,0.0542,0.0039,0.9976,
8.429,ENC,-10.3458,-2.5140,-6.4299,0.0000,0.0000,22.437,-3.458,-0.418,-56.580,0.0542,0.0039,0.9976,
8.459,ENC,-10.3458,-2.5140,-6.4299,0.0000,0.0000,22.437,-3.458,-0.418,-56.580,0.0542,0.0039,0.9976,
8.469,IMU,-10.3458,-2.5140,-6.4299,0.0000,0.0000,22.437,-3.461,-0.479,-56.591,0.0552,-0.0229,0.9897,
8.474,ENC,-10.3458,-2.5140,-6.4299,0.0000,0.0000,22.437,-3.461,-0.479,-56.591,0.0552,-0.0229,0.9897,
8.484,IMU,-10.3458,-2.5140,-6.4299,0.0000,0.0000,22.437,-3.431,-0.505,-56.625,0.0625,0.0010,0.9951,
8.489,ENC,-10.3458,-2.5140,-6.4299,0.0000,0.0000,22.437,-3.431,-0.505,-56.625,0.0625,0.0010,0.9951,
8.503,IMU,-10.3458,-2.5140,-6.4299,0.0000,0.0000,22.437,-3.403,-0.496,-56.630,0.0508,-0.0039,0.9912,
8.509,ENC,-10.3458,-2.5140,-6.4299,0.0000,0.0000,22.437,-3.403,-0.496,-56.630,0.0508,-0.0039,0.9912,
8.524,IMU,-10.3458,-2.5140,-6.4299,0.0000,0.0000,22.437,-3.356,-0.508,-56.699,0.0537,-0.0063,0.9971,
8.532,ENC,-10.3458,-2.5140,-6.4299,0.0000,0.0000,22.437,-3.356,-0.508,-56.699,0.0537,-0.0063,0.9971,
8.544,IMU,-10.3458,-2.5140,-6.4299,0.0000,0.0000,22.437,-3.327,-0.495,-56.706,0.0425,0.0103,0.9941,
8.549,ENC,-10.3458,-2.5140,-6.4299,0.0000,0.0000,22.437,-3.327,-0.495,-56.706,0.0425,0.0103,0.9941,
8.563,IMU,-10.3458,-2.5140,-6.4299,0.0000,0.0000,22.437,-3.287,-0.499,-56.711,0.0518,-0.0073,1.0044,
8.569,ENC,-10.3458,-2.5140,-6.4299,0.0000,0.0000,22.437,-3.287,-0.499,-56.711,0.0518,-0.0073,1.0044,
8.586,IMU,-10.3458,-2.5140,-6.4299,0.0000,0.0000,22.437,-3.318,-0.480,-56.674,0.0605,-0.0068,0.9941,
8.589,ENC,-10.3458,-2.5140,-6.4299,0.0000,0.0000,22.437,-3.318,-0.480,-56.674,0.0605,-0.0068,0.9941,
8.603,IMU,-10.3458,-2.5140,-6.4299,0.0000,0.0000,22.437,-3.282,-0.483,-56.707,0.0518,0.0005,0.9775,
8.623,IMU,-10.3458,-2.5140,-6.4299,0.0000,0.0000,22.437,-3.297,-0.470,-56.721,0.0508,-0.0063,0.9976,
8.630,ENC,-10.3458,-2.5140,-6.4299,0.0000,0.0000,22.437,-3.297,-0.470,-56.721,0.0508,-0.0063,0.9976,
8.643,IMU,-10.3458,-2.5140,-6.4299,0.0000,0.0000,22.437,-3.290,-0.475,-56.745,0.0532,-0.0112,0.9922,
8.649,ENC,-10.3476,-2.5140,-6.4308,-0.0852,0.0000,22.441,-3.290,-0.475,-56.745,0.0532,-0.0112,0.9922,
8.664,IMU,-10.3476,-2.5140,-6.4308,-0.0852,0.0000,22.441,-3.277,-0.431,-56.778,0.0562,-0.0098,0.9961,
8.669,ENC,-10.3458,-2.5140,-6.4299,0.0852,0.0000,22.437,-3.277,-0.431,-56.778,0.0562,-0.0098,0.9961,
8.687,IMU,-10.3458,-2.5140,-6.4299,0.0852,0.0000,22.437,-3.287,-0.470,-56.779,0.0557,-0.0161,0.9888,
8.690,ENC,-10.3458,-2.5140,-6.4299,0.0000,0.0000,22.437,-3.287,-0.470,-56.779,0.0557,-0.0161,0.9888,
8.704,IMU,-10.3458,-2.5140,-6.4299,0.0000,0.0000,22.437,-3.295,-0.434,-56.780,0.0508,-0.0083,1.0049,
8.709,ENC,-10.3458,-2.5140,-6.4299,0.0000,0.0000,22.437,-3.295,-0.434,-56.780,0.0508,-0.0083,1.0049,
8.724,IMU,-10.3458,-2.5140,-6.4299,0.0000,0.0000,22.437,-3.218,-0.399,-56.775,0.0444,0.0059,1.0049,
8.747,IMU,-10.3458,-2.5140,-6.4299,0.0000,0.0000,22.437,-3.208,-0.417,-56.781,0.0542,0.0044,0.9902,
8.763,IMU,-10.3458,-2.5140,-6.4299,0.0000,0.0000,22.437,-3.203,-0.385,-56.786,0.0479,0.0098,0.9868,
8.769,ENC,-10.3458,-2.5140,-6.4299,0.0000,0.0000,22.437,-3.203,-0.385,-56.786,0.0479,0.0098,0.9868,
8.783,IMU,-10.3458,-2.5140,-6.4299,0.0000,0.0000,22.437,-3.199,-0.407,-56.798,0.0630,0.0005,1.0063,
8.789,ENC,-10.3458,-2.5140,-6.4299,0.0000,0.0000,22.437,-3.199,-0.407,-56.798,0.0630,0.0005,1.0063,
8.806,IMU,-10.3458,-2.5140,-6.4299,0.0000,0.0000,22.437,-3.196,-0.402,-56.770,0.0391,-0.0044,0.9902,
8.809,ENC,-10.3458,-2.5140,-6.4299,0.0000,0.0000,22.437,-3.196,-0.402,-56.770,0.0391,-0.0044,0.9902,
8.825,IMU,-10.3458,-2.5140,-6.4299,0.0000,0.0000,22.437,-3.200,-0.404,-56.849,0.0586,-0.0132,0.9927,
8.829,ENC,-10.3458,-2.5140,-6.4299,0.0000,0.0000,22.437,-3.200,-0.404,-56.849,0.0586,-0.0132,0.9927,
8.847,IMU,-10.3458,-2.5140,-6.4299,0.0000,0.0000,22.437,-3.232,-0.410,-56.889,0.0547,0.0054,0.9907,
8.850,ENC,-10.3458,-2.5140,-6.4299,0.0000,0.0000,22.437,-3.232,-0.410,-56.889,0.0547,0.0054,0.9907,
8.863,IMU,-10.3458,-2.5140,-6.4299,0.0000,0.0000,22.437,-3.222,-0.405,-56.918,0.0562,0.0073,0.9971,
8.869,ENC,-10.3458,-2.5140,-6.4299,0.0000,0.0000,22.437,-3.222,-0.405,-56.918,0.0562,0.0073,0.9971,
8.883,IMU,-10.3458,-2.5140,-6.4299,0.0000,0.0000,22.437,-3.245,-0.376,-56.916,0.0562,0.0083,0.9932,
8.903,IMU,-10.3458,-2.5140,-6.4299,0.0000,0.0000,22.437,-3.248,-0.383,-56.925,0.0571,-0.0034,0.9985,
8.909,ENC,-10.3458,-2.5140,-6.4299,0.0000,0.0000,22.437,-3.248,-0.383,-56.925,0.0571,-0.0034,0.9985,
8.930,IMU,-10.3458,-2.5140,-6.4299,0.0000,0.0000,22.437,-3.254,-0.375,-56.987,0.0493,-0.0005,0.9868,
8.932,ENC,-10.3458,-2.5140,-6.4299,0.0000,0.0000,22.437,-3.254,-0.375,-56.987,0.0493,-0.0005,0.9868,
8.943,IMU,-10.3458,-2.5140,-6.4299,0.0000,0.0000,22.437,-3.285,-0.341,-56.985,0.0581,-0.0029,1.0024,
8.949,ENC,-10.3458,-2.5140,-6.4299,0.0000,0.0000,22.437,-3.285,-0.341,-56.985,0.0581,-0.0029,1.0024,
8.964,IMU,-10.3458,-2.5140,-6.4299,0.0000,0.0000,22.437,-3.320,-0.363,-56.965,0.0664,-0.0137,1.0015,
8.969,ENC,-10.3458,-2.5140,-6.4299,0.0000,0.0000,22.437,-3.320,-0.363,-56.965,0.0664,-0.0137,1.0015,
8.984,IMU,-10.3458,-2.5140,-6.4299,0.0000,0.0000,22.437,-3.333,-0.310,-56.952,0.0518,-0.0034,0.9902,
8.989,ENC,-10.3458,-2.5140,-6.4299,0.0000,0.0000,22.437,-3.333,-0.310,-56.952,0.0518,-0.0034,0.9902,
9.003,IMU,-10.3458,-2.5140,-6.4299,0.0000,0.0000,22.437,-3.347,-0.295,-56.939,0.0571,-0.0010,0.9858,
9.009,ENC,-10.3458,-2.5140,-6.4299,0.0000,0.0000,22.437,-3.347,-0.295,-56.939,0.0571,-0.0010,0.9858,
9.024,IMU,-10.3458,-2.5140,-6.4299,0.0000,0.0000,22.437,-3.386,-0.323,-56.964,0.0659,-0.0005,0.9922,
9.029,ENC,-10.3458,-2.5140,-6.4299,0.0000,0.0000,22.437,-3.386,-0.323,-56.964,0.0659,-0.0005,0.9922,
9.044,IMU,-10.3458,-2.5140,-6.4299,0.0000,0.0000,22.437,-3.362,-0.338,-56.977,0.0576,-0.0083,0.9961,
9.049,ENC,-10.3458,-2.5140,-6.4299,0.0000,0.0000,22.437,-3.362,-0.338,-56.977,0.0576,-0.0083,0.9961,
9.063,IMU,-10.3458,-2.5140,-6.4299,0.0000,0.0000,22.437,-3.353,-0.338,-56.943,0.0591,-0.0034,0.9956,
9.069,ENC,-10.3458,-2.5140,-6.4299,0.0000,0.0000,22.437,-3.353,-0.338,-56.943,0.0591,-0.0034,0.9956,
9.087,IMU,-10.3458,-2.5140,-6.4299,0.0000,0.0000,22.437,-3.364,-0.349,-56.915,0.0562,-0.0049,0.9893,
9.089,ENC,-10.3458,-2.5140,-6.4299,0.0000,0.0000,22.437,-3.364,-0.349,-56.915,0.0562,-0.0049,0.9893,
9.103,IMU,-10.3458,-2.5140,-6.4299,0.0000,0.0000,22.437,-3.355,-0.341,-56.854,0.0586,-0.0034,0.9922,
9.109,ENC,-10.3458,-2.5140,-6.4299,0.0000,0.0000,22.437,-3.355,-0.341,-56.854,0.0586,-0.0034,0.9922,
9.124,IMU,-10.3458,-2.5140,-6.4299,0.0000,0.0000,22.437,-3.357,-0.328,-56.843,0.0586,-0.0010,0.9995,
9.136,ENC,-10.3458,-2.5140,-6.4299,0.0000,0.0000,22.437,-3.357,-0.328,-56.843,0.0586,-0.0010,0.9995,
9.144,IMU,-10.3458,-2.5140,-6.4299,0.0000,0.0000,22.437,-3.363,-0.320,-56.860,0.0479,-0.0059,1.0054,
9.152,ENC,-10.3458,-2.5140,-6.4299,0.0000,0.0000,22.437,-3.363,-0.320,-56.860,0.0479,-0.0059,1.0054,
9.165,IMU,-10.3458,-2.5140,-6.4299,0.0000,0.0000,22.437,-3.317,-0.359,-56.894,0.0591,-0.0073,0.9883,
9.169,ENC,-10.3458,-2.5140,-6.4299,0.0000,0.0000,22.437,-3.317,-0.359,-56.894,0.0591,-0.0073,0.9883,
9.183,IMU,-10.3458,-2.5140,-6.4299,0.0000,0.0000,22.437,-3.322,-0.347,-56.898,0.0508,-0.0083,1.0020,
9.191,ENC,-10.3458,-2.5140,-6.4299,0.0000,0.0000,22.437,-3.322,-0.347,-56.898,0.0508,-0.0083,1.0020,
9.203,IMU,-10.3458,-2.5140,-6.4299,0.0000,0.0000,22.437,-3.275,-0.339,-56.878,0.0532,0.0010,0.9990,
9.209,ENC,-10.3458,-2.5140,-6.4299,0.0000,0.0000,22.437,-3.275,-0.339,-56.878,0.0532,0.0010,0.9990,
9.223,IMU,-10.3458,-2.5140,-6.4299,0.0000,0.0000,22.437,-3.239,-0.373,-56.909,0.0542,0.0063,1.0146,
9.229,ENC,-10.3476,-2.5140,-6.4308,-0.0852,0.0000,22.441,-3.239,-0.373,-56.909,0.0542,0.0063,1.0146,
9.243,IMU,-10.3476,-2.5140,-6.4308,-0.0852,0.0000,22.441,-3.237,-0.378,-56.927,0.0522,-0.0024,1.0068,
9.264,IMU,-10.3476,-2.5140,-6.4308,-0.0852,0.0000,22.441,-3.238,-0.408,-56.932,0.0601,-0.0059,0.9888,
9.269,ENC,-10.3458,-2.5140,-6.4299,0.0426,0.0000,22.437,-3.238,-0.408,-56.932,0.0601,-0.0059,0.9888,
9.283,IMU,-10.3458,-2.5140,-6.4299,0.0426,0.0000,22.437,-3.257,-0.417,-56.927,0.0693,0.0005,1.0015,
9.290,ENC,-10.3458,-2.5140,-6.4299,0.0000,0.0000,22.437,-3.257,-0.417,-56.927,0.0693,0.0005,1.0015,
9.303,IMU,-10.3458,-2.5140,-6.4299,0.0000,0.0000,22.437,-3.277,-0.428,-56.929,0.0542,-0.0044,0.9932,
9.309,ENC,-10.3458,-2.5140,-6.4299,0.0000,0.0000,22.437,-3.277,-0.428,-56.929,0.0542,-0.0044,0.9932,
9.324,IMU,-10.3458,-2.5140,-6.4299,0.0000,0.0000,22.437,-3.256,-0.439,-56.909,0.0566,-0.0049,1.0034,
9.331,ENC,-10.3458,-2.5140,-6.4299,0.0000,0.0000,22.437,-3.256,-0.439,-56.909,0.0566,-0.0049,1.0034,
9.343,IMU,-10.3458,-2.5140,-6.4299,0.0000,0.0000,22.437,-3.192,-0.448,-56.958,0.0522,0.0024,1.0010,
9.349,ENC,-10.3458,-2.5140,-6.4299,0.0000,0.0000,22.437,-3.192,-0.448,-56.958,0.0522,0.0024,1.0010,
9.365,IMU,-10.3458,-2.5140,-6.4299,0.0000,0.0000,22.437,-3.216,-0.409,-56.906,0.0615,-0.0088,0.9917,
9.383,IMU,-10.3458,-2.5140,-6.4299,0.0000,0.0000,22.437,-3.216,-0.396,-56.845,0.0503,0.0005,0.9907,
9.390,ENC,-10.3458,-2.5140,-6.4299,0.0000,0.0000,22.437,-3.216,-0.396,-56.845,0.0503,0.0005,0.9907,
9.403,IMU,-10.3458,-2.5140,-6.4299,0.0000,0.0000,22.437,-3.175,-0.353,-56.801,0.0620,-0.0024,0.9990,
9.409,ENC,-10.3458,-2.5140,-6.4299,0.0000,0.0000,22.437,-3.175,-0.353,-56.801,0.0620,-0.0024,0.9990,
9.424,IMU,-10.3458,-2.5140,-6.4299,0.0000,0.0000,22.437,-3.135,-0.377,-56.826,0.0400,0.0010,0.9971,
9.434,ENC,-10.3458,-2.5140,-6.4299,0.0000,0.0000,22.437,-3.135,-0.377,-56.826,0.0400,0.0010,0.9971,
9.444,IMU,-10.3458,-2.5140,-6.4299,0.0000,0.0000,22.437,-3.174,-0.382,-56.799,0.0620,-0.0044,0.9980,
9.449,ENC,-10.3458,-2.5140,-6.4299,0.0000,0.0000,22.437,-3.174,-0.382,-56.799,0.0620,-0.0044,0.9980,
9.464,IMU,-10.3458,-2.5140,-6.4299,0.0000,0.0000,22.437,-3.123,-0.351,-56.796,0.0366,0.0034,0.9863,
9.469,ENC,-10.3458,-2.5140,-6.4299,0.0000,0.0000,22.437,-3.123,-0.351,-56.796,0.0366,0.0034,0.9863,
9.489,ENC,-10.3458,-2.5140,-6.4299,0.0000,0.0000,22.437,-3.123,-0.351,-56.796,0.0366,0.0034,0.9863,
9.493,IMU,-10.3458,-2.5140,-6.4299,0.0000,0.0000,22.437,-3.115,-0.364,-56.847,0.0522,0.0029,1.0054,
9.503,IMU,-10.3458,-2.5140,-6.4299,0.0000,0.0000,22.437,-3.126,-0.335,-56.855,0.0552,0.0024,0.9976,
9.509,ENC,-10.3458,-2.5140,-6.4299,0.0000,0.0000,22.437,-3.126,-0.335,-56.855,0.0552,0.0024,0.9976,
9.524,IMU,-10.3458,-2.5140,-6.4299,0.0000,0.0000,22.437,-3.171,-0.304,-56.911,0.0659,0.0000,1.0039,
9.529,ENC,-10.3458,-2.5140,-6.4299,0.0000,0.0000,22.437,-3.171,-0.304,-56.911,0.0659,0.0000,1.0039,
9.548,IMU,-10.3458,-2.5140,-6.4299,0.0000,0.0000,22.437,-3.158,-0.322,-56.933,0.0449,-0.0078,0.9941,
9.550,ENC,-10.3458,-2.5140,-6.4299,0.0000,0.0000,22.437,-3.158,-0.322,-56.933,0.0449,-0.0078,0.9941,
9.564,IMU,-10.3458,-2.5140,-6.4299,0.0000,0.0000,22.437,-3.111,-0.350,-56.945,0.0576,-0.0176,0.9883,
9.569,ENC,-10.3458,-2.5140,-6.4299,0.0000,0.0000,22.437,-3.111,-0.350,-56.945,0.0576,-0.0176,0.9883,
9.583,IMU,-10.3458,-2.5140,-6.4299,0.0000,0.0000,22.437,-3.100,-0.358,-56.937,0.0498,-0.0005,1.0049,
9.589,ENC,-10.3458,-2.5140,-6.4299,0.0000,0.0000,22.437,-3.100,-0.358,-56.937,0.0498,-0.0005,1.0049,
9.605,IMU,-10.3458,-2.5140,-6.4299,0.0000,0.0000,22.437,-3.104,-0.381,-56.905,0.0479,-0.0127,0.9907,
9.609,ENC,-10.3458,-2.5140,-6.4299,0.0000,0.0000,22.437,-3.104,-0.381,-56.905,0.0479,-0.0127,0.9907,
9.623,IMU,-10.3458,-2.5140,-6.4299,0.0000,0.0000,22.437,-3.090,-0.386,-56.899,0.0513,-0.0112,1.0039,
9.629,ENC,-10.3458,-2.5140,-6.4299,0.0000,0.0000,22.437,-3.090,-0.386,-56.899,0.0513,-0.0112,1.0039,
9.646,IMU,-10.3458,-2.5140,-6.4299,0.0000,0.0000,22.437,-3.122,-0.389,-56.967,0.0479,-0.0044,1.0005,
9.649,ENC,-10.3458,-2.5140,-6.4299,0.0000,0.0000,22.437,-3.122,-0.389,-56.967,0.0479,-0.0044,1.0005,
9.664,IMU,-10.3458,-2.5140,-6.4299,0.0000,0.0000,22.437,-3.122,-0.414,-56.921,0.0552,0.0010,1.0015,
9.669,ENC,-10.3458,-2.5140,-6.4299,0.0000,0.0000,22.437,-3.122,-0.414,-56.921,0.0552,0.0010,1.0015,
9.684,IMU,-10.3458,-2.5140,-6.4299,0.0000,0.0000,22.437,-3.082,-0.435,-56.997,0.0537,-0.0049,0.9961,
9.689,ENC,-10.3458,-2.5140,-6.4299,0.0000,0.0000,22.437,-3.082,-0.435,-56.997,0.0537,-0.0049,0.9961,
9.703,IMU,-10.3458,-2.5140,-6.4299,0.0000,0.0000,22.437,-3.046,-0.454,-57.013,0.0542,-0.0142,0.9863,
9.709,ENC,-10.3458,-2.5140,-6.4299,0.0000,0.0000,22.437,-3.046,-0.454,-57.013,0.0542,-0.0142,0.9863,
9.723,IMU,-10.3458,-2.5140,-6.4299,0.0000,0.0000,22.437,-3.038,-0.430,-57.046,0.0522,-0.0137,1.0015,
9.749,IMU,-10.3458,-2.5140,-6.4299,0.0000,0.0000,22.437,-3.071,-0.370,-57.055,0.0576,0.0127,0.9937,
9.751,ENC,-10.3458,-2.5140,-6.4299,0.0000,0.0000,22.437,-3.071,-0.370,-57.055,0.0576,0.0127,0.9937,
9.764,IMU,-10.3458,-2.5140,-6.4299,0.0000,0.0000,22.437,-3.086,-0.376,-57.038,0.0459,-0.0010,0.9927,
9.769,ENC,-10.3458,-2.5140,-6.4299,0.0000,0.0000,22.437,-3.086,-0.376,-57.038,0.0459,-0.0010,0.9927,
9.784,IMU,-10.3458,-2.5140,-6.4299,0.0000,0.0000,22.437,-3.113,-0.365,-57.063,0.0625,-0.0098,0.9829,
9.789,ENC,-10.3458,-2.5140,-6.4299,0.0000,0.0000,22.437,-3.113,-0.365,-57.063,0.0625,-0.0098,0.9829,
9.803,IMU,-10.3458,-2.5140,-6.4299,0.0000,0.0000,22.437,-3.111,-0.349,-57.057,0.0542,-0.0034,0.9883,
9.809,ENC,-10.3458,-2.5140,-6.4299,0.0000,0.0000,22.437,-3.111,-0.349,-57.057,0.0542,-0.0034,0.9883,
9.825,IMU,-10.3458,-2.5140,-6.4299,0.0000,0.0000,22.437,-3.111,-0.335,-57.045,0.0479,-0.0068,0.9976,
9.836,ENC,-10.3458,-2.5140,-6.4299,0.0000,0.0000,22.437,-3.111,-0.335,-57.045,0.0479,-0.0068,0.9976,
9.844,IMU,-10.3458,-2.5140,-6.4299,0.0000,0.0000,22.437,-3.147,-0.357,-57.024,0.0562,-0.0059,0.9995,
9.849,ENC,-10.3458,-2.5140,-6.4299,0.0000,0.0000,22.437,-3.147,-0.357,-57.024,0.0562,-0.0059,0.9995,
9.864,IMU,-10.3458,-2.5140,-6.4299,0.0000,0.0000,22.437,-3.157,-0.340,-56.979,0.0542,-0.0103,1.0044,
9.872,ENC,-10.3458,-2.5140,-6.4299,0.0000,0.0000,22.437,-3.157,-0.340,-56.979,0.0542,-0.0103,1.0044,
9.883,IMU,-10.3458,-2.5140,-6.4299,0.0000,0.0000,22.437,-3.134,-0.326,-56.948,0.0381,-0.0068,0.9927,
9.904,IMU,-10.3458,-2.5140,-6.4299,0.0000,0.0000,22.437,-3.124,-0.322,-56.960,0.0596,0.0020,0.9956,
9.909,ENC,-10.3458,-2.5140,-6.4299,0.0000,0.0000,22.437,-3.124,-0.322,-56.960,0.0596,0.0020,0.9956,
9.924,IMU,-10.3458,-2.5140,-6.4299,0.0000,0.0000,22.437,-3.126,-0.318,-56.960,0.0469,-0.0059,1.0005,
9.929,ENC,-10.3458,-2.5140,-6.4299,0.0000,0.0000,22.437,-3.126,-0.318,-56.960,0.0469,-0.0059,1.0005,
9.944,IMU,-10.3458,-2.5140,-6.4299,0.0000,0.0000,22.437,-3.146,-0.264,-56.898,0.0518,0.0098,0.9912,
9.954,ENC,-10.3458,-2.5140,-6.4299,0.0000,0.0000,22.437,-3.146,-0.264,-56.898,0.0518,0.0098,0.9912,
9.963,IMU,-10.3458,-2.5140,-6.4299,0.0000,0.0000,22.437,-3.140,-0.294,-56.909,0.0601,-0.0020,0.9912,
9.971,ENC,-10.3458,-2.5140,-6.4299,0.0000,0.0000,22.437,-3.140,-0.294,-56.909,0.0601,-0.0020,0.9912,
9.984,IMU,-10.3458,-2.5140,-6.4299,0.0000,0.0000,22.437,-3.167,-0.298,-56.895,0.0537,-0.0005,0.9937,
9.989,ENC,-10.3458,-2.5140,-6.4299,0.0000,0.0000,22.437,-3.167,-0.298,-56.895,0.0537,-0.0005,0.9937,
10.003,IMU,-10.3458,-2.5140,-6.4299,0.0000,0.0000,22.437,-3.175,-0.279,-56.875,0.0625,-0.0068,0.9941,
10.009,ENC,-10.3458,-2.5140,-6.4299,0.0000,0.0000,22.437,-3.175,-0.279,-56.875,0.0625,-0.0068,0.9941,
10.026,IMU,-10.3458,-2.5140,-6.4299,0.0000,0.0000,22.437,-3.160,-0.248,-56.872,0.0547,-0.0078,0.9932,
10.029,ENC,-10.3458,-2.5140,-6.4299,0.0000,0.0000,22.437,-3.160,-0.248,-56.872,0.0547,-0.0078,0.9932,
10.043,IMU,-10.3458,-2.5140,-6.4299,0.0000,0.0000,22.437,-3.168,-0.232,-56.872,0.0562,-0.0015,1.0044,
10.049,ENC,-10.3458,-2.5140,-6.4299,0.0000,0.0000,22.437,-3.168,-0.232,-56.872,0.0562,-0.0015,1.0044,
10.064,IMU,-10.3458,-2.5140,-6.4299,0.0000,0.0000,22.437,-3.123,-0.252,-56.876,0.0586,0.0024,0.9829,
10.069,ENC,-10.3458,-2.5140,-6.4299,0.0000,0.0000,22.437,-3.123,-0.252,-56.876,0.0586,0.0024,0.9829,
10.086,IMU,-10.3458,-2.5140,-6.4299,0.0000,0.0000,22.437,-3.138,-0.242,-56.891,0.0483,-0.0088,1.0010,
10.089,ENC,-10.3458,-2.5140,-6.4299,0.0000,0.0000,22.437,-3.138,-0.242,-56.891,0.0483,-0.0088,1.0010,
10.104,IMU,-10.3458,-2.5140,-6.4299,0.0000,0.0000,22.437,-3.167,-0.280,-56.913,0.0508,0.0029,0.9946,
10.109,ENC,-10.3476,-2.5140,-6.4308,-0.0852,0.0000,22.441,-3.167,-0.280,-56.913,0.0508,0.0029,0.9946,
10.123,IMU,-10.3476,-2.5140,-6.4308,-0.0852,0.0000,22.441,-3.082,-0.233,-56.905,0.0493,0.0029,0.9976,
10.131,ENC,-10.3458,-2.5140,-6.4299,0.0852,0.0000,22.437,-3.082,-0.233,-56.905,0.0493,0.0029,0.9976,
10.163,IMU,-10.3458,-2.5140,-6.4299,0.0852,0.0000,22.437,-3.082,-0.317,-56.995,0.0586,0.0020,0.9976,
10.169,ENC,-10.3458,-2.5140,-6.4299,0.0000,0.0000,22.437,-3.082,-0.317,-56.995,0.0586,0.0020,0.9976,
10.183,IMU,-10.3458,-2.5140,-6.4299,0.0000,0.0000,22.437,-3.092,-0.326,-56.948,0.0435,-0.0137,0.9956,
10.189,ENC,-10.3458,-2.5140,-6.4299,0.0000,0.0000,22.437,-3.092,-0.326,-56.948,0.0435,-0.0137,0.9956,
10.203,IMU,-10.3458,-2.5140,-6.4299,0.0000,0.0000,22.437,-3.089,-0.330,-56.986,0.0586,0.0020,0.9966,
10.213,ENC,-10.3458,-2.5140,-6.4299,0.0000,0.0000,22.437,-3.089,-0.330,-56.986,0.0586,0.0020,0.9966,
10.223,IMU,-10.3458,-2.5140,-6.4299,0.0000,0.0000,22.437,-3.054,-0.331,-56.963,0.0615,-0.0034,0.9985,
10.229,ENC,-10.3458,-2.5140,-6.4299,0.0000,0.0000,22.437,-3.054,-0.331,-56.963,0.0615,-0.0034,0.9985,
10.244,IMU,-10.3458,-2.5140,-6.4299,0.0000,0.0000,22.437,-3.013,-0.340,-56.992,0.0449,0.0073,1.0015,
10.249,ENC,-10.3458,-2.5140,-6.4299,0.0000,0.0000,22.437,-3.013,-0.340,-56.992,0.0449,0.0073,1.0015,
10.265,IMU,-10.3458,-2.5140,-6.4299,0.0000,0.0000,22.437,-3.007,-0.330,-57.049,0.0625,0.0015,0.9868,
10.272,ENC,-10.3458,-2.5140,-6.4299,0.0000,0.0000,22.437,-3.007,-0.330,-57.049,0.0625,0.0015,0.9868,
10.283,IMU,-10.3458,-2.5140,-6.4299,0.0000,0.0000,22.437,-3.017,-0.314,-57.040,0.0459,-0.0029,1.0020,
10.289,ENC,-10.3458,-2.5140,-6.4299,0.0000,0.0000,22.437,-3.017,-0.314,-57.040,0.0459,-0.0029,1.0020,
10.304,IMU,-10.3458,-2.5140,-6.4299,0.0000,0.0000,22.437,-3.057,-0.288,-57.092,0.0552,0.0049,0.9902,
10.309,ENC,-10.3458,-2.5140,-6.4299,0.0000,0.0000,22.437,-3.057,-0.288,-57.092,0.0552,0.0049,0.9902,
10.323,IMU,-10.3458,-2.5140,-6.4299,0.0000,0.0000,22.437,-2.999,-0.285,-57.122,0.0410,-0.0098,0.9863,
10.335,ENC,-10.3458,-2.5140,-6.4299,0.0000,0.0000,22.437,-2.999,-0.285,-57.122,0.0410,-0.0098,0.9863,
10.343,IMU,-10.3458,-2.5140,-6.4299,0.0000,0.0000,22.437,-2.963,-0.285,-57.143,0.0479,-0.0078,0.9980,
10.349,ENC,-10.3458,-2.5140,-6.4299,0.0000,0.0000,22.437,-2.963,-0.285,-57.143,0.0479,-0.0078,0.9980,
10.365,IMU,-10.3458,-2.5140,-6.4299,0.0000,0.0000,22.437,-2.934,-0.266,-57.126,0.0371,-0.0039,0.9966,
10.369,ENC,-10.3458,-2.5140,-6.4299,0.0000,0.0000,22.437,-2.934,-0.266,-57.126,0.0371,-0.0039,0.9966,
10.383,IMU,-10.3458,-2.5140,-6.4299,0.0000,0.0000,22.437,-3.003,-0.302,-57.114,0.0522,-0.0098,0.9956,
10.389,ENC,-10.3458,-2.5140,-6.4299,0.0000,0.0000,22.437,-3.003,-0.302,-57.114,0.0522,-0.0098,0.9956,
10.410,IMU,-10.3458,-2.5140,-6.4299,0.0000,0.0000,22.437,-3.043,-0.324,-57.128,0.0488,-0.0103,0.9917,
10.412,ENC,-10.3458,-2.5140,-6.4299,0.0000,0.0000,22.437,-3.043,-0.324,-57.128,0.0488,-0.0103,0.9917,
10.423,IMU,-10.3458,-2.5140,-6.4299,0.0000,0.0000,22.437,-3.058,-0.340,-57.096,0.0557,-0.0142,0.9995,
10.429,ENC,-10.3458,-2.5140,-6.4299,0.0000,0.0000,22.437,-3.058,-0.340,-57.096,0.0557,-0.0142,0.9995,
10.443,IMU,-10.3458,-2.5140,-6.4299,0.0000,0.0000,22.437,-3.065,-0.349,-57.055,0.0527,0.0005,0.9922,
10.449,ENC,-10.3458,-2.5140,-6.4299,0.0000,0.0000,22.437,-3.065,-0.349,-57.055,0.0527,0.0005,0.9922,
10.465,IMU,-10.3458,-2.5140,-6.4299,0.0000,0.0000,22.437,-3.094,-0.350,-57.020,0.0420,-0.0034,0.9893,
10.469,ENC,-10.3458,-2.5140,-6.4299,0.0000,0.0000,22.437,-3.094,-0.350,-57.020,0.0420,-0.0034,0.9893,
10.484,IMU,-10.3458,-2.5140,-6.4299,0.0000,0.0000,22.437,-3.130,-0.336,-57.007,0.0674,-0.0015,1.0010,
10.489,ENC,-10.3458,-2.5140,-6.4299,0.0000,0.0000,22.437,-3.130,-0.336,-57.007,0.0674,-0.0015,1.0010,
10.506,IMU,-10.3458,-2.5140,-6.4299,0.0000,0.0000,22.437,-3.116,-0.295,-56.998,0.0684,0.0010,0.9917,
10.519,ENC,-10.3458,-2.5140,-6.4299,0.0000,0.0000,22.437,-3.116,-0.295,-56.998,0.0684,0.0010,0.9917,
10.523,IMU,-10.3458,-2.5140,-6.4299,0.0000,0.0000,22.437,-3.117,-0.288,-56.961,0.0576,-0.0127,0.9854,
10.529,ENC,-10.3458,-2.5140,-6.4299,0.0000,0.0000,22.437,-3.117,-0.288,-56.961,0.0576,-0.0127,0.9854,
10.543,IMU,-10.3458,-2.5140,-6.4299,0.0000,0.0000,22.437,-3.095,-0.300,-56.907,0.0596,-0.0068,0.9961,
10.549,ENC,-10.3458,-2.5140,-6.4299,0.0000,0.0000,22.437,-3.095,-0.300,-56.907,0.0596,-0.0068,0.9961,
10.566,IMU,-10.3458,-2.5140,-6.4299,0.0000,0.0000,22.437,-3.062,-0.299,-56.975,0.0532,0.0000,0.9854,
10.569,ENC,-10.3458,-2.5140,-6.4299,0.0000,0.0000,22.437,-3.062,-0.299,-56.975,0.0532,0.0000,0.9854,
10.586,IMU,-10.3458,-2.5140,-6.4299,0.0000,0.0000,22.437,-3.095,-0.278,-56.958,0.0586,-0.0059,0.9976,
10.589,ENC,-10.3458,-2.5140,-6.4299,0.0000,0.0000,22.437,-3.095,-0.278,-56.958,0.0586,-0.0059,0.9976,
10.604,IMU,-10.3458,-2.5140,-6.4299,0.0000,0.0000,22.437,-3.067,-0.283,-56.941,0.0513,-0.0029,1.0039,
10.609,ENC,-10.3458,-2.5140,-6.4299,0.0000,0.0000,22.437,-3.067,-0.283,-56.941,0.0513,-0.0029,1.0039,
10.624,IMU,-10.3458,-2.5140,-6.4299,0.0000,0.0000,22.437,-3.028,-0.320,-56.973,0.0532,-0.0220,0.9927,
10.634,ENC,-10.3458,-2.5140,-6.4299,0.0000,0.0000,22.437,-3.028,-0.320,-56.973,0.0532,-0.0220,0.9927,
10.643,IMU,-10.3458,-2.5140,-6.4299,0.0000,0.0000,22.437,-3.043,-0.297,-57.004,0.0649,0.0122,1.0010,
10.649,ENC,-10.3458,-2.5140,-6.4299,0.0000,0.0000,22.437,-3.043,-0.297,-57.004,0.0649,0.0122,1.0010,
10.663,IMU,-10.3458,-2.5140,-6.4299,0.0000,0.0000,22.437,-2.967,-0.286,-57.035,0.0410,0.0103,1.0093,
10.669,ENC,-10.3458,-2.5140,-6.4299,0.0000,0.0000,22.437,-2.967,-0.286,-57.035,0.0410,0.0103,1.0093,
10.683,IMU,-10.3458,-2.5140,-6.4299,0.0000,0.0000,22.437,-3.011,-0.276,-57.026,0.0586,-0.0039,0.9893,
10.689,ENC,-10.3458,-2.5140,-6.4299,0.0000,0.0000,22.437,-3.011,-0.276,-57.026,0.0586,-0.0039,0.9893,
10.703,IMU,-10.3458,-2.5140,-6.4299,0.0000,0.0000,22.437,-3.063,-0.247,-56.987,0.0605,0.0107,0.9854,
10.710,ENC,-10.3458,-2.5140,-6.4299,0.0000,0.0000,22.437,-3.063,-0.247,-56.987,0.0605,0.0107,0.9854,
10.723,IMU,-10.3458,-2.5140,-6.4299,0.0000,0.0000,22.437,-3.033,-0.246,-57.002,0.0586,-0.0020,1.0010,
10.729,ENC,-10.3458,-2.5140,-6.4299,0.0000,0.0000,22.437,-3.033,-0.246,-57.002,0.0586,-0.0020,1.0010,
10.744,IMU,-10.3458,-2.5140,-6.4299,0.0000,0.0000,22.437,-3.066,-0.256,-57.010,0.0576,-0.0029,0.9976,
10.749,ENC,-10.3458,-2.5140,-6.4299,0.0000,0.0000,22.437,-3.066,-0.256,-57.010,0.0576,-0.0029,0.9976,
10.769,IMU,-10.3458,-2.5140,-6.4299,0.0000,0.0000,22.437,-3.055,-0.221,-57.035,0.0439,-0.0049,0.9961,
10.771,ENC,-10.3458,-2.5140,-6.4299,0.0000,0.0000,22.437,-3.055,-0.221,-57.035,0.0439,-0.0049,0.9961,
10.783,IMU,-10.3458,-2.5140,-6.4299,0.0000,0.0000,22.437,-3.041,-0.202,-57.054,0.0576,0.0039,1.0088,
10.790,ENC,-10.3458,-2.5140,-6.4299,0.0000,0.0000,22.437,-3.041,-0.202,-57.054,0.0576,0.0039,1.0088,
10.804,IMU,-10.3458,-2.5140,-6.4299,0.0000,0.0000,22.437,-3.025,-0.206,-57.107,0.0586,0.0024,0.9966,
10.809,ENC,-10.3476,-2.5140,-6.4308,-0.0852,0.0000,22.441,-3.025,-0.206,-57.107,0.0586,0.0024,0.9966,
10.823,IMU,-10.3476,-2.5140,-6.4308,-0.0852,0.0000,22.441,-3.041,-0.183,-57.109,0.0645,0.0039,1.0024,
10.833,ENC,-10.3458,-2.5140,-6.4299,0.0852,0.0000,22.437,-3.041,-0.183,-57.109,0.0645,0.0039,1.0024,
10.844,IMU,-10.3458,-2.5140,-6.4299,0.0852,0.0000,22.437,-3.042,-0.222,-57.099,0.0498,-0.0093,0.9966,
10.849,ENC,-10.3458,-2.5140,-6.4299,0.0000,0.0000,22.437,-3.042,-0.222,-57.099,0.0498,-0.0093,0.9966,
10.863,IMU,-10.3458,-2.5140,-6.4299,0.0000,0.0000,22.437,-3.067,-0.223,-57.087,0.0479,-0.0151,1.0054,
10.869,ENC,-10.3458,-2.5140,-6.4299,0.0000,0.0000,22.437,-3.067,-0.223,-57.087,0.0479,-0.0151,1.0054,
10.884,IMU,-10.3458,-2.5140,-6.4299,0.0000,0.0000,22.437,-3.100,-0.235,-57.101,0.0615,0.0044,0.9927,
10.889,ENC,-10.3458,-2.5140,-6.4299,0.0000,0.0000,22.437,-3.100,-0.235,-57.101,0.0615,0.0044,0.9927,
10.904,IMU,-10.3458,-2.5140,-6.4299,0.0000,0.0000,22.437,-3.101,-0.222,-57.051,0.0684,0.0068,0.9873,
10.909,ENC,-10.3458,-2.5140,-6.4299,0.0000,0.0000,22.437,-3.101,-0.222,-57.051,0.0684,0.0068,0.9873,
10.923,IMU,-10.3458,-2.5140,-6.4299,0.0000,0.0000,22.437,-3.102,-0.197,-57.018,0.0615,0.0010,1.0049,
10.929,ENC,-10.3458,-2.5140,-6.4299,0.0000,0.0000,22.437,-3.102,-0.197,-57.018,0.0615,0.0010,1.0049,
10.944,IMU,-10.3458,-2.5140,-6.4299,0.0000,0.0000,22.437,-3.136,-0.210,-56.980,0.0449,0.0039,0.9971,
10.967,IMU,-10.3458,-2.5140,-6.4299,0.0000,0.0000,22.437,-3.146,-0.184,-56.976,0.0547,-0.0010,0.9966,
10.969,ENC,-10.3458,-2.5140,-6.4299,0.0000,0.0000,22.437,-3.146,-0.184,-56.976,0.0547,-0.0010,0.9966,
10.983,IMU,-10.3458,-2.5140,-6.4299,0.0000,0.0000,22.437,-3.165,-0.138,-57.007,0.0469,-0.0010,0.9932,
10.989,ENC,-10.3458,-2.5140,-6.4299,0.0000,0.0000,22.437,-3.165,-0.138,-57.007,0.0469,-0.0010,0.9932,
11.003,IMU,-10.3458,-2.5140,-6.4299,0.0000,0.0000,22.437,-3.146,-0.153,-57.009,0.0479,-0.0186,1.0034,
11.009,ENC,-10.3458,-2.5140,-6.4299,0.0000,0.0000,22.437,-3.146,-0.153,-57.009,0.0479,-0.0186,1.0034,
11.023,IMU,-10.3458,-2.5140,-6.4299,0.0000,0.0000,22.437,-3.134,-0.164,-56.932,0.0435,-0.0054,0.9907,
11.029,ENC,-10.3458,-2.5140,-6.4299,0.0000,0.0000,22.437,-3.134,-0.164,-56.932,0.0435,-0.0054,0.9907,
11.043,IMU,-10.3458,-2.5140,-6.4299,0.0000,0.0000,22.437,-3.132,-0.166,-56.900,0.0522,-0.0112,0.9922,
11.049,ENC,-10.3458,-2.5140,-6.4299,0.0000,0.0000,22.437,-3.132,-0.166,-56.900,0.0522,-0.0112,0.9922,
11.063,IMU,-10.3458,-2.5140,-6.4299,0.0000,0.0000,22.437,-3.115,-0.148,-56.933,0.0542,0.0059,0.9951,
11.069,ENC,-10.3458,-2.5140,-6.4299,0.0000,0.0000,22.437,-3.115,-0.148,-56.933,0.0542,0.0059,0.9951,
11.083,IMU,-10.3458,-2.5140,-6.4299,0.0000,0.0000,22.437,-3.076,-0.127,-56.922,0.0439,-0.0029,0.9922,
11.089,ENC,-10.3458,-2.5140,-6.4299,0.0000,0.0000,22.437,-3.076,-0.127,-56.922,0.0439,-0.0029,0.9922,
11.103,IMU,-10.3458,-2.5140,-6.4299,0.0000,0.0000,22.437,-3.053,-0.146,-56.945,0.0435,0.0010,1.0000,
11.109,ENC,-10.3458,-2.5140,-6.4299,0.0000,0.0000,22.437,-3.053,-0.146,-56.945,0.0435,0.0010,1.0000,
11.123,IMU,-10.3458,-2.5140,-6.4299,0.0000,0.0000,22.437,-3.044,-0.171,-56.935,0.0518,-0.0015,0.9927,
11.143,IMU,-10.3458,-2.5140,-6.4299,0.0000,0.0000,22.437,-3.073,-0.192,-56.926,0.0513,0.0000,0.9917,
11.149,ENC,-10.3458,-2.5140,-6.4299,0.0000,0.0000,22.437,-3.073,-0.192,-56.926,0.0513,0.0000,0.9917,
11.164,IMU,-10.3458,-2.5140,-6.4299,0.0000,0.0000,22.437,-3.120,-0.197,-56.937,0.0586,-0.0054,0.9917,
11.186,IMU,-10.3458,-2.5140,-6.4299,0.0000,0.0000,22.437,-3.124,-0.164,-56.992,0.0576,0.0015,1.0000,
11.207,IMU,-10.3458,-2.5140,-6.4299,0.0000,0.0000,22.437,-3.134,-0.135,-57.005,0.0488,0.0083,0.9961,
11.209,ENC,-10.3458,-2.5140,-6.4299,0.0000,0.0000,22.437,-3.134,-0.135,-57.005,0.0488,0.0083,0.9961,
11.223,IMU,-10.3458,-2.5140,-6.4299,0.0000,0.0000,22.437,-3.147,-0.137,-57.007,0.0610,-0.0054,0.9907,
11.229,ENC,-10.3458,-2.5140,-6.4299,0.0000,0.0000,22.437,-3.147,-0.137,-57.007,0.0610,-0.0054,0.9907,
11.244,IMU,-10.3458,-2.5140,-6.4299,0.0000,0.0000,22.437,-3.173,-0.094,-57.043,0.0708,-0.0117,1.0000,
11.255,ENC,-10.3458,-2.5140,-6.4299,0.0000,0.0000,22.437,-3.173,-0.094,-57.043,0.0708,-0.0117,1.0000,
11.264,IMU,-10.3458,-2.5140,-6.4299,0.0000,0.0000,22.437,-3.165,-0.115,-57.040,0.0425,-0.0010,0.9932,
11.269,ENC,-10.3458,-2.5140,-6.4299,0.0000,0.0000,22.437,-3.165,-0.115,-57.040,0.0425,-0.0010,0.9932,
11.285,IMU,-10.3458,-2.5140,-6.4299,0.0000,0.0000,22.437,-3.119,-0.134,-57.030,0.0352,-0.0107,1.0063,
11.304,IMU,-10.3458,-2.5140,-6.4299,0.0000,0.0000,22.437,-3.092,-0.159,-57.042,0.0483,-0.0015,0.9819,
11.323,IMU,-10.3458,-2.5140,-6.4299,0.0000,0.0000,22.437,-3.100,-0.183,-57.037,0.0625,-0.0073,0.9946,
11.330,ENC,-10.3458,-2.5140,-6.4299,0.0000,0.0000,22.437,-3.100,-0.183,-57.037,0.0625,-0.0073,0.9946,
11.345,IMU,-10.3458,-2.5140,-6.4299,0.0000,0.0000,22.437,-3.123,-0.220,-57.027,0.0493,-0.0117,0.9888,
11.349,ENC,-10.3458,-2.5140,-6.4299,0.0000,0.0000,22.437,-3.123,-0.220,-57.027,0.0493,-0.0117,0.9888,
11.364,IMU,-10.3458,-2.5140,-6.4299,0.0000,0.0000,22.437,-3.116,-0.256,-57.062,0.0571,-0.0122,0.9897,
11.374,ENC,-10.3458,-2.5140,-6.4299,0.0000,0.0000,22.437,-3.116,-0.256,-57.062,0.0571,-0.0122,0.9897,
11.384,IMU,-10.3458,-2.5140,-6.4299,0.0000,0.0000,22.437,-3.134,-0.218,-57.011,0.0522,0.0024,0.9893,
11.389,ENC,-10.3458,-2.5140,-6.4299,0.0000,0.0000,22.437,-3.134,-0.218,-57.011,0.0522,0.0024,0.9893,
11.407,IMU,-10.3458,-2.5140,-6.4299,0.0000,0.0000,22.437,-3.171,-0.198,-57.060,0.0615,0.0005,0.9922,
11.409,ENC,-10.3458,-2.5140,-6.4299,0.0000,0.0000,22.437,-3.171,-0.198,-57.060,0.0615,0.0005,0.9922,
11.423,IMU,-10.3458,-2.5140,-6.4299,0.0000,0.0000,22.437,-3.198,-0.170,-57.039,0.0562,0.0103,0.9976,
11.443,IMU,-10.3458,-2.5140,-6.4299,0.0000,0.0000,22.437,-3.197,-0.145,-57.019,0.0449,0.0029,0.9888,
11.449,ENC,-10.3476,-2.5140,-6.4308,-0.0426,0.0000,22.441,-3.197,-0.145,-57.019,0.0449,0.0029,0.9888,
11.464,IMU,-10.3476,-2.5140,-6.4308,-0.0426,0.0000,22.441,-3.222,-0.154,-57.037,0.0483,0.0000,0.9829,
11.469,ENC,-10.3458,-2.5140,-6.4299,0.0852,0.0000,22.437,-3.222,-0.154,-57.037,0.0483,0.0000,0.9829,
11.487,IMU,-10.3458,-2.5140,-6.4299,0.0852,0.0000,22.437,-3.261,-0.143,-56.980,0.0537,0.0005,1.0005,
11.489,ENC,-10.3458,-2.5140,-6.4299,0.0000,0.0000,22.437,-3.261,-0.143,-56.980,0.0537,0.0005,1.0005,
11.503,IMU,-10.3458,-2.5140,-6.4299,0.0000,0.0000,22.437,-3.239,-0.184,-57.011,0.0552,-0.0054,1.0034,
11.509,ENC,-10.3458,-2.5140,-6.4299,0.0000,0.0000,22.437,-3.239,-0.184,-57.011,0.0552,-0.0054,1.0034,
11.524,IMU,-10.3458,-2.5140,-6.4299,0.0000,0.0000,22.437,-3.310,-0.175,-57.023,0.0566,-0.0059,0.9893,
11.529,ENC,-10.3458,-2.5140,-6.4299,0.0000,0.0000,22.437,-3.310,-0.175,-57.023,0.0566,-0.0059,0.9893,
11.548,IMU,-10.3458,-2.5140,-6.4299,0.0000,0.0000,22.437,-3.322,-0.149,-57.049,0.0620,-0.0049,1.0044,
11.550,ENC,-10.3458,-2.5140,-6.4299,0.0000,0.0000,22.437,-3.322,-0.149,-57.049,0.0620,-0.0049,1.0044,
11.563,IMU,-10.3458,-2.5140,-6.4299,0.0000,0.0000,22.437,-3.332,-0.179,-57.048,0.0508,-0.0186,1.0083,
11.569,ENC,-10.3458,-2.5140,-6.4299,0.0000,0.0000,22.437,-3.332,-0.179,-57.048,0.0508,-0.0186,1.0083,
11.583,IMU,-10.3458,-2.5140,-6.4299,0.0000,0.0000,22.437,-3.330,-0.221,-57.042,0.0552,0.0000,0.9858,
11.603,IMU,-10.3458,-2.5140,-6.4299,0.0000,0.0000,22.437,-3.319,-0.248,-57.006,0.0537,-0.0039,0.9897,
11.623,IMU,-10.3458,-2.5140,-6.4299,0.0000,0.0000,22.437,-3.330,-0.241,-56.989,0.0410,-0.0093,1.0000,
11.629,ENC,-10.3458,-2.5140,-6.4299,0.0000,0.0000,22.437,-3.330,-0.241,-56.989,0.0410,-0.0093,1.0000,
11.644,IMU,-10.3458,-2.5140,-6.4299,0.0000,0.0000,22.437,-3.335,-0.214,-57.017,0.0469,-0.0029,0.9907,
11.649,ENC,-10.3458,-2.5140,-6.4299,0.0000,0.0000,22.437,-3.335,-0.214,-57.017,0.0469,-0.0029,0.9907,
11.663,IMU,-10.3458,-2.5140,-6.4299,0.0000,0.0000,22.437,-3.335,-0.246,-56.997,0.0557,-0.0132,0.9956,
11.673,ENC,-10.3458,-2.5140,-6.4299,0.0000,0.0000,22.437,-3.335,-0.246,-56.997,0.0557,-0.0132,0.9956,
11.685,IMU,-10.3458,-2.5140,-6.4299,0.0000,0.0000,22.437,-3.324,-0.206,-57.038,0.0493,-0.0156,0.9893,
11.689,ENC,-10.3458,-2.5140,-6.4299,0.0000,0.0000,22.437,-3.324,-0.206,-57.038,0.0493,-0.0156,0.9893,
11.703,IMU,-10.3458,-2.5140,-6.4299,0.0000,0.0000,22.437,-3.334,-0.199,-57.029,0.0640,0.0010,1.0015,
11.712,ENC,-10.3458,-2.5140,-6.4299,0.0000,0.0000,22.437,-3.334,-0.199,-57.029,0.0640,0.0010,1.0015,
11.724,IMU,-10.3458,-2.5140,-6.4299,0.0000,0.0000,22.437,-3.331,-0.226,-57.026,0.0615,0.0005,0.9902,
11.743,IMU,-10.3458,-2.5140,-6.4299,0.0000,0.0000,22.437,-3.358,-0.203,-57.021,0.0605,0.0020,0.9849,
11.749,ENC,-10.3458,-2.5140,-6.4299,0.0000,0.0000,22.437,-3.358,-0.203,-57.021,0.0605,0.0020,0.9849,
11.764,IMU,-10.3458,-2.5140,-6.4299,0.0000,0.0000,22.437,-3.362,-0.236,-57.046,0.0586,-0.0117,0.9971,
11.769,ENC,-10.3458,-2.5140,-6.4299,0.0000,0.0000,22.437,-3.362,-0.236,-57.046,0.0586,-0.0117,0.9971,
11.783,IMU,-10.3458,-2.5140,-6.4299,0.0000,0.0000,22.437,-3.341,-0.290,-57.025,0.0503,-0.0034,1.0015,
11.789,ENC,-10.3458,-2.5140,-6.4299,0.0000,0.0000,22.437,-3.341,-0.290,-57.025,0.0503,-0.0034,1.0015,
11.803,IMU,-10.3458,-2.5140,-6.4299,0.0000,0.0000,22.437,-3.366,-0.262,-57.031,0.0659,0.0044,0.9922,
11.809,ENC,-10.3458,-2.5140,-6.4299,0.0000,0.0000,22.437,-3.366,-0.262,-57.031,0.0659,0.0044,0.9922,
11.824,IMU,-10.3458,-2.5140,-6.4299,0.0000,0.0000,22.437,-3.353,-0.277,-57.082,0.0527,-0.0127,0.9819,
11.848,IMU,-10.3458,-2.5140,-6.4299,0.0000,0.0000,22.437,-3.362,-0.266,-57.063,0.0542,-0.0044,1.0015,
11.865,IMU,-10.3458,-2.5140,-6.4299,0.0000,0.0000,22.437,-3.313,-0.308,-57.040,0.0576,-0.0210,1.0039,
11.869,ENC,-10.3458,-2.5140,-6.4299,0.0000,0.0000,22.437,-3.313,-0.308,-57.040,0.0576,-0.0210,1.0039,
11.883,IMU,-10.3458,-2.5140,-6.4299,0.0000,0.0000,22.437,-3.314,-0.308,-57.014,0.0508,0.0054,0.9917,
11.889,ENC,-10.3458,-2.5140,-6.4299,0.0000,0.0000,22.437,-3.314,-0.308,-57.014,0.0508,0.0054,0.9917,
11.903,IMU,-10.3458,-2.5140,-6.4299,0.0000,0.0000,22.437,-3.333,-0.296,-57.033,0.0669,-0.0054,0.9922,
11.909,ENC,-10.3458,-2.5140,-6.4299,0.0000,0.0000,22.437,-3.333,-0.296,-57.033,0.0669,-0.0054,0.9922,
11.926,IMU,-10.3458,-2.5140,-6.4299,0.0000,0.0000,22.437,-3.357,-0.308,-57.005,0.0469,0.0034,0.9863,
11.929,ENC,-10.3458,-2.5140,-6.4299,0.0000,0.0000,22.437,-3.357,-0.308,-57.005,0.0469,0.0034,0.9863,
11.943,IMU,-10.3458,-2.5140,-6.4299,0.0000,0.0000,22.437,-3.320,-0.292,-57.034,0.0552,0.0039,0.9917,
11.949,ENC,-10.3458,-2.5140,-6.4299,0.0000,0.0000,22.437,-3.320,-0.292,-57.034,0.0552,0.0039,0.9917,
11.965,IMU,-10.3458,-2.5140,-6.4299,0.0000,0.0000,22.437,-3.331,-0.312,-57.062,0.0581,-0.0156,1.0020,
11.985,IMU,-10.3458,-2.5140,-6.4299,0.0000,0.0000,22.437,-3.299,-0.354,-57.074,0.0518,-0.0181,0.9922,
12.005,IMU,-10.3458,-2.5140,-6.4299,0.0000,0.0000,22.437,-3.293,-0.374,-57.059,0.0493,0.0005,0.9937,
12.009,ENC,-10.3458,-2.5140,-6.4299,0.0000,0.0000,22.437,-3.293,-0.374,-57.059,0.0493,0.0005,0.9937,
12.023,IMU,-10.3458,-2.5140,-6.4299,0.0000,0.0000,22.437,-3.283,-0.372,-57.039,0.0542,-0.0015,0.9854,
12.044,IMU,-10.3458,-2.5140,-6.4299,0.0000,0.0000,22.437,-3.265,-0.339,-57.054,0.0581,0.0010,0.9912,
12.049,ENC,-10.3458,-2.5140,-6.4299,0.0000,0.0000,22.437,-3.265,-0.339,-57.054,0.0581,0.0010,0.9912,
12.063,IMU,-10.3458,-2.5140,-6.4299,0.0000,0.0000,22.437,-3.288,-0.333,-57.025,0.0532,-0.0020,0.9995,
12.069,ENC,-10.3458,-2.5140,-6.4299,0.0000,0.0000,22.437,-3.288,-0.333,-57.025,0.0532,-0.0020,0.9995,
12.083,IMU,-10.3458,-2.5140,-6.4299,0.0000,0.0000,22.437,-3.326,-0.312,-57.001,0.0610,0.0005,0.9980,
12.090,ENC,-10.3458,-2.5140,-6.4299,0.0000,0.0000,22.437,-3.326,-0.312,-57.001,0.0610,0.0005,0.9980,
12.104,IMU,-10.3458,-2.5140,-6.4299,0.0000,0.0000,22.437,-3.291,-0.374,-57.033,0.0571,-0.0024,0.9961,
12.110,ENC,-10.3458,-2.5140,-6.4299,0.0000,0.0000,22.437,-3.291,-0.374,-57.033,0.0571,-0.0024,0.9961,
12.123,IMU,-10.3458,-2.5140,-6.4299,0.0000,0.0000,22.437,-3.310,-0.364,-56.977,0.0645,-0.0015,0.9932,
12.129,ENC,-10.3458,-2.5140,-6.4299,0.0000,0.0000,22.437,-3.310,-0.364,-56.977,0.0645,-0.0015,0.9932,
12.143,IMU,-10.3458,-2.5140,-6.4299,0.0000,0.0000,22.437,-3.321,-0.366,-56.996,0.0488,0.0020,0.9951,
12.149,ENC,-10.3458,-2.5140,-6.4299,0.0000,0.0000,22.437,-3.321,-0.366,-56.996,0.0488,0.0020,0.9951,
12.164,IMU,-10.3458,-2.5140,-6.4299,0.0000,0.0000,22.437,-3.358,-0.420,-57.018,0.0498,-0.0029,1.0044,
12.169,ENC,-10.3458,-2.5140,-6.4299,0.0000,0.0000,22.437,-3.358,-0.420,-57.018,0.0498,-0.0029,1.0044,
12.183,IMU,-10.3458,-2.5140,-6.4299,0.0000,0.0000,22.437,-3.347,-0.411,-56.998,0.0391,0.0029,1.0024,
12.189,ENC,-10.3458,-2.5140,-6.4299,0.0000,0.0000,22.437,-3.347,-0.411,-56.998,0.0391,0.0029,1.0024,
12.203,IMU,-10.3458,-2.5140,-6.4299,0.0000,0.0000,22.437,-3.335,-0.359,-56.991,0.0532,0.0044,0.9985,
12.210,ENC,-10.3458,-2.5140,-6.4299,0.0000,0.0000,22.437,-3.335,-0.359,-56.991,0.0532,0.0044,0.9985,
12.225,IMU,-10.3458,-2.5140,-6.4299,0.0000,0.0000,22.437,-3.348,-0.397,-56.965,0.0469,-0.0029,1.0020,
12.235,ENC,-10.3458,-2.5140,-6.4299,0.0000,0.0000,22.437,-3.348,-0.397,-56.965,0.0469,-0.0029,1.0020,
12.243,IMU,-10.3458,-2.5140,-6.4299,0.0000,0.0000,22.437,-3.334,-0.349,-56.957,0.0610,-0.0034,0.9927,
12.249,ENC,-10.3458,-2.5140,-6.4299,0.0000,0.0000,22.437,-3.334,-0.349,-56.957,0.0610,-0.0034,0.9927,
12.264,IMU,-10.3458,-2.5140,-6.4299,0.0000,0.0000,22.437,-3.317,-0.357,-56.926,0.0464,-0.0122,1.0103,
12.269,ENC,-10.3458,-2.5140,-6.4299,0.0000,0.0000,22.437,-3.317,-0.357,-56.926,0.0464,-0.0122,1.0103,
12.283,IMU,-10.3458,-2.5140,-6.4299,0.0000,0.0000,22.437,-3.324,-0.365,-56.918,0.0488,0.0039,0.9961,
12.309,ENC,-10.3458,-2.5140,-6.4299,0.0000,0.0000,22.437,-3.324,-0.365,-56.918,0.0488,0.0039,0.9961,
12.323,IMU,-10.3458,-2.5140,-6.4299,0.0000,0.0000,22.437,-3.284,-0.355,-56.947,0.0493,-0.0083,0.9995,
12.329,ENC,-10.3458,-2.5140,-6.4299,0.0000,0.0000,22.437,-3.284,-0.355,-56.947,0.0493,-0.0083,0.9995,
12.343,IMU,-10.3458,-2.5140,-6.4299,0.0000,0.0000,22.437,-3.256,-0.346,-57.007,0.0425,-0.0039,0.9951,
12.349,ENC,-10.3458,-2.5140,-6.4299,0.0000,0.0000,22.437,-3.256,-0.346,-57.007,0.0425,-0.0039,0.9951,
12.363,IMU,-10.3458,-2.5140,-6.4299,0.0000,0.0000,22.437,-3.294,-0.350,-56.956,0.0610,-0.0112,0.9897,
12.369,ENC,-10.3458,-2.5140,-6.4299,0.0000,0.0000,22.437,-3.294,-0.350,-56.956,0.0610,-0.0112,0.9897,
12.384,IMU,-10.3458,-2.5140,-6.4299,0.0000,0.0000,22.437,-3.276,-0.318,-56.928,0.0586,-0.0010,0.9941,
12.389,ENC,-10.3458,-2.5140,-6.4299,0.0000,0.0000,22.437,-3.276,-0.318,-56.928,0.0586,-0.0010,0.9941,
12.404,IMU,-10.3458,-2.5140,-6.4299,0.0000,0.0000,22.437,-3.249,-0.291,-56.961,0.0547,-0.0034,0.9932,
12.409,ENC,-10.3458,-2.5140,-6.4299,0.0000,0.0000,22.437,-3.249,-0.291,-56.961,0.0547,-0.0034,0.9932,
12.429,ENC,-10.3458,-2.5140,-6.4299,0.0000,0.0000,22.437,-3.249,-0.291,-56.961,0.0547,-0.0034,0.9932,
12.443,IMU,-10.3458,-2.5140,-6.4299,0.0000,0.0000,22.437,-3.219,-0.282,-57.012,0.0498,0.0010,1.0015,
12.449,ENC,-10.3458,-2.5140,-6.4299,0.0000,0.0000,22.437,-3.219,-0.282,-57.012,0.0498,0.0010,1.0015,
12.463,IMU,-10.3458,-2.5140,-6.4299,0.0000,0.0000,22.437,-3.198,-0.268,-57.027,0.0498,-0.0078,0.9922,
12.471,ENC,-10.3458,-2.5140,-6.4299,0.0000,0.0000,22.437,-3.198,-0.268,-57.027,0.0498,-0.0078,0.9922,
12.483,IMU,-10.3458,-2.5140,-6.4299,0.0000,0.0000,22.437,-3.211,-0.237,-56.986,0.0532,0.0015,0.9917,
12.489,ENC,-10.3458,-2.5140,-6.4299,0.0000,0.0000,22.437,-3.211,-0.237,-56.986,0.0532,0.0015,0.9917,
12.504,IMU,-10.3458,-2.5140,-6.4299,0.0000,0.0000,22.437,-3.232,-0.275,-56.969,0.0557,-0.0068,0.9956,
12.509,ENC,-10.3458,-2.5140,-6.4299,0.0000,0.0000,22.437,-3.232,-0.275,-56.969,0.0557,-0.0068,0.9956,
12.523,IMU,-10.3458,-2.5140,-6.4299,0.0000,0.0000,22.437,-3.227,-0.257,-56.942,0.0566,0.0020,0.9893,
12.531,ENC,-10.3458,-2.5140,-6.4299,0.0000,0.0000,22.437,-3.227,-0.257,-56.942,0.0566,0.0020,0.9893,
12.546,IMU,-10.3458,-2.5140,-6.4299,0.0000,0.0000,22.437,-3.240,-0.248,-56.914,0.0513,-0.0020,0.9941,
12.549,ENC,-10.3458,-2.5140,-6.4299,0.0000,0.0000,22.437,-3.240,-0.248,-56.914,0.0513,-0.0020,0.9941,
12.563,IMU,-10.3458,-2.5140,-6.4299,0.0000,0.0000,22.437,-3.239,-0.244,-56.891,0.0610,0.0049,0.9897,
12.569,ENC,-10.3458,-2.5140,-6.4299,0.0000,0.0000,22.437,-3.239,-0.244,-56.891,0.0610,0.0049,0.9897,
12.583,IMU,-10.3458,-2.5140,-6.4299,0.0000,0.0000,22.437,-3.198,-0.257,-56.918,0.0474,-0.0024,0.9976,
12.589,ENC,-10.3476,-2.5140,-6.4308,-0.0852,0.0000,22.441,-3.198,-0.257,-56.918,0.0474,-0.0024,0.9976,
12.604,IMU,-10.3476,-2.5140,-6.4308,-0.0852,0.0000,22.441,-3.236,-0.273,-56.950,0.0649,0.0005,1.0088,
12.609,ENC,-10.3458,-2.5140,-6.4299,0.0852,0.0000,22.437,-3.236,-0.273,-56.950,0.0649,0.0005,1.0088,
12.624,IMU,-10.3458,-2.5140,-6.4299,0.0852,0.0000,22.437,-3.216,-0.334,-56.931,0.0400,-0.0068,1.0049,
12.629,ENC,-10.3458,-2.5140,-6.4299,0.0000,0.0000,22.437,-3.216,-0.334,-56.931,0.0400,-0.0068,1.0049,
12.643,IMU,-10.3458,-2.5140,-6.4299,0.0000,0.0000,22.437,-3.199,-0.341,-56.926,0.0518,0.0024,0.9873,
12.649,ENC,-10.3458,-2.5140,-6.4299,0.0000,0.0000,22.437,-3.199,-0.341,-56.926,0.0518,0.0024,0.9873,
12.664,IMU,-10.3458,-2.5140,-6.4299,0.0000,0.0000,22.437,-3.210,-0.364,-56.944,0.0488,-0.0068,0.9844,
12.669,ENC,-10.3458,-2.5140,-6.4299,0.0000,0.0000,22.437,-3.210,-0.364,-56.944,0.0488,-0.0068,0.9844,
12.683,IMU,-10.3458,-2.5140,-6.4299,0.0000,0.0000,22.437,-3.183,-0.354,-56.943,0.0557,0.0054,1.0010,
12.703,IMU,-10.3458,-2.5140,-6.4299,0.0000,0.0000,22.437,-3.183,-0.344,-56.895,0.0459,-0.0151,0.9893,
12.709,ENC,-10.3458,-2.5140,-6.4299,0.0000,0.0000,22.437,-3.183,-0.344,-56.895,0.0459,-0.0151,0.9893,
12.723,IMU,-10.3458,-2.5140,-6.4299,0.0000,0.0000,22.437,-3.180,-0.377,-56.862,0.0498,0.0015,0.9912,
12.744,IMU,-10.3458,-2.5140,-6.4299,0.0000,0.0000,22.437,-3.186,-0.400,-56.843,0.0493,-0.0073,0.9966,
12.749,ENC,-10.3458,-2.5140,-6.4299,0.0000,0.0000,22.437,-3.186,-0.400,-56.843,0.0493,-0.0073,0.9966,
12.763,IMU,-10.3458,-2.5140,-6.4299,0.0000,0.0000,22.437,-3.175,-0.342,-56.840,0.0532,-0.0083,0.9868,
12.769,ENC,-10.3458,-2.5140,-6.4299,0.0000,0.0000,22.437,-3.175,-0.342,-56.840,0.0532,-0.0083,0.9868,
12.784,IMU,-10.3458,-2.5140,-6.4299,0.0000,0.0000,22.437,-3.179,-0.405,-56.805,0.0547,-0.0103,0.9917,
12.791,ENC,-10.3458,-2.5140,-6.4299,0.0000,0.0000,22.437,-3.179,-0.405,-56.805,0.0547,-0.0103,0.9917,
12.803,IMU,-10.3458,-2.5140,-6.4299,0.0000,0.0000,22.437,-3.213,-0.395,-56.802,0.0566,-0.0063,1.0078,
12.823,IMU,-10.3458,-2.5140,-6.4299,0.0000,0.0000,22.437,-3.199,-0.364,-56.762,0.0518,-0.0034,0.9941,
12.829,ENC,-10.3458,-2.5140,-6.4299,0.0000,0.0000,22.437,-3.199,-0.364,-56.762,0.0518,-0.0034,0.9941,
12.844,IMU,-10.3458,-2.5140,-6.4299,0.0000,0.0000,22.437,-3.202,-0.359,-56.808,0.0562,-0.0122,1.0044,
12.849,ENC,-10.3458,-2.5140,-6.4299,0.0000,0.0000,22.437,-3.202,-0.359,-56.808,0.0562,-0.0122,1.0044,
12.863,IMU,-10.3458,-2.5140,-6.4299,0.0000,0.0000,22.437,-3.204,-0.404,-56.851,0.0493,-0.0142,0.9961,
12.884,IMU,-10.3458,-2.5140,-6.4299,0.0000,0.0000,22.437,-3.215,-0.427,-56.834,0.0513,-0.0049,0.9976,
12.889,ENC,-10.3458,-2.5140,-6.4299,0.0000,0.0000,22.437,-3.215,-0.427,-56.834,0.0513,-0.0049,0.9976,
12.903,IMU,-10.3458,-2.5140,-6.4299,0.0000,0.0000,22.437,-3.174,-0.452,-56.812,0.0562,-0.0024,0.9971,
12.912,ENC,-10.3458,-2.5140,-6.4299,0.0000,0.0000,22.437,-3.174,-0.452,-56.812,0.0562,-0.0024,0.9971,
12.923,IMU,-10.3458,-2.5140,-6.4299,0.0000,0.0000,22.437,-3.222,-0.439,-56.818,0.0640,-0.0005,0.9946,
12.944,IMU,-10.3458,-2.5140,-6.4299,0.0000,0.0000,22.437,-3.228,-0.426,-56.851,0.0498,-0.0034,0.9941,
12.949,ENC,-10.3458,-2.5140,-6.4299,0.0000,0.0000,22.437,-3.228,-0.426,-56.851,0.0498,-0.0034,0.9941,
12.963,IMU,-10.3458,-2.5140,-6.4299,0.0000,0.0000,22.437,-3.208,-0.453,-56.871,0.0508,-0.0029,0.9946,
12.969,ENC,-10.3458,-2.5140,-6.4299,0.0000,0.0000,22.437,-3.208,-0.453,-56.871,0.0508,-0.0029,0.9946,
12.983,IMU,-10.3458,-2.5140,-6.4299,0.0000,0.0000,22.437,-3.209,-0.452,-56.900,0.0566,0.0098,1.0029,
12.989,ENC,-10.3458,-2.5140,-6.4299,0.0000,0.0000,22.437,-3.209,-0.452,-56.900,0.0566,0.0098,1.0029,
13.006,IMU,-10.3458,-2.5140,-6.4299,0.0000,0.0000,22.437,-3.223,-0.410,-56.887,0.0444,-0.0049,0.9961,
13.009,ENC,-10.3458,-2.5140,-6.4299,0.0000,0.0000,22.437,-3.223,-0.410,-56.887,0.0444,-0.0049,0.9961,
13.025,IMU,-10.3458,-2.5140,-6.4299,0.0000,0.0000,22.437,-3.261,-0.386,-56.909,0.0513,-0.0034,1.0005,
13.029,ENC,-10.3458,-2.5140,-6.4299,0.0000,0.0000,22.437,-3.261,-0.386,-56.909,0.0513,-0.0034,1.0005,
13.044,IMU,-10.3458,-2.5140,-6.4299,0.0000,0.0000,22.437,-3.278,-0.359,-56.938,0.0625,0.0029,1.0073,
13.049,ENC,-10.3458,-2.5140,-6.4299,0.0000,0.0000,22.437,-3.278,-0.359,-56.938,0.0625,0.0029,1.0073,
13.063,IMU,-10.3458,-2.5140,-6.4299,0.0000,0.0000,22.437,-3.314,-0.333,-56.939,0.0527,0.0024,0.9956,
13.070,ENC,-10.3458,-2.5140,-6.4299,0.0000,0.0000,22.437,-3.314,-0.333,-56.939,0.0527,0.0024,0.9956,
13.083,IMU,-10.3458,-2.5140,-6.4299,0.0000,0.0000,22.437,-3.322,-0.361,-56.904,0.0435,-0.0068,0.9897,
13.089,ENC,-10.3458,-2.5140,-6.4299,0.0000,0.0000,22.437,-3.322,-0.361,-56.904,0.0435,-0.0068,0.9897,
13.104,IMU,-10.3458,-2.5140,-6.4299,0.0000,0.0000,22.437,-3.325,-0.343,-56.924,0.0513,-0.0073,1.0015,
13.109,ENC,-10.3458,-2.5140,-6.4299,0.0000,0.0000,22.437,-3.325,-0.343,-56.924,0.0513,-0.0073,1.0015,
13.128,IMU,-10.3458,-2.5140,-6.4299,0.0000,0.0000,22.437,-3.313,-0.328,-56.917,0.0547,-0.0059,0.9966,
13.130,ENC,-10.3458,-2.5140,-6.4299,0.0000,0.0000,22.437,-3.313,-0.328,-56.917,0.0547,-0.0059,0.9966,
13.147,IMU,-10.3458,-2.5140,-6.4299,0.0000,0.0000,22.437,-3.297,-0.389,-56.912,0.0498,-0.0054,1.0054,
13.149,ENC,-10.3458,-2.5140,-6.4299,0.0000,0.0000,22.437,-3.297,-0.389,-56.912,0.0498,-0.0054,1.0054,
13.163,IMU,-10.3458,-2.5140,-6.4299,0.0000,0.0000,22.437,-3.306,-0.406,-56.902,0.0444,-0.0142,1.0073,
13.169,ENC,-10.3458,-2.5140,-6.4299,0.0000,0.0000,22.437,-3.306,-0.406,-56.902,0.0444,-0.0142,1.0073,
13.184,IMU,-10.3458,-2.5140,-6.4299,0.0000,0.0000,22.437,-3.337,-0.393,-56.909,0.0664,-0.0073,0.9902,
13.189,ENC,-10.3458,-2.5140,-6.4299,0.0000,0.0000,22.437,-3.337,-0.393,-56.909,0.0664,-0.0073,0.9902,
13.203,IMU,-10.3458,-2.5140,-6.4299,0.0000,0.0000,22.437,-3.393,-0.410,-56.886,0.0596,-0.0034,0.9971,
13.209,ENC,-10.3458,-2.5140,-6.4299,0.0000,0.0000,22.437,-3.393,-0.410,-56.886,0.0596,-0.0034,0.9971,
13.223,IMU,-10.3458,-2.5140,-6.4299,0.0000,0.0000,22.437,-3.417,-0.368,-56.926,0.0542,-0.0034,1.0073,
13.229,ENC,-10.3458,-2.5140,-6.4299,0.0000,0.0000,22.437,-3.417,-0.368,-56.926,0.0542,-0.0034,1.0073,
13.244,IMU,-10.3458,-2.5140,-6.4299,0.0000,0.0000,22.437,-3.420,-0.397,-56.930,0.0430,0.0015,0.9858,
13.249,ENC,-10.3458,-2.5140,-6.4299,0.0000,0.0000,22.437,-3.420,-0.397,-56.930,0.0430,0.0015,0.9858,
13.265,IMU,-10.3458,-2.5140,-6.4299,0.0000,0.0000,22.437,-3.419,-0.416,-56.953,0.0444,-0.0249,0.9883,
13.269,ENC,-10.3458,-2.5140,-6.4299,0.0000,0.0000,22.437,-3.419,-0.416,-56.953,0.0444,-0.0249,0.9883,
13.284,IMU,-10.3458,-2.5140,-6.4299,0.0000,0.0000,22.437,-3.456,-0.402,-56.937,0.0464,-0.0015,0.9990,
13.289,ENC,-10.3458,-2.5140,-6.4299,0.0000,0.0000,22.437,-3.456,-0.402,-56.937,0.0464,-0.0015,0.9990,
13.304,IMU,-10.3458,-2.5140,-6.4299,0.0000,0.0000,22.437,-3.450,-0.407,-56.937,0.0566,0.0034,1.0039,
13.309,ENC,-10.3458,-2.5140,-6.4299,0.0000,0.0000,22.437,-3.450,-0.407,-56.937,0.0566,0.0034,1.0039,
13.329,ENC,-10.3458,-2.5140,-6.4299,0.0000,0.0000,22.437,-3.450,-0.407,-56.937,0.0566,0.0034,1.0039,
13.333,IMU,-10.3458,-2.5140,-6.4299,0.0000,0.0000,22.437,-3.427,-0.405,-56.953,0.0615,-0.0015,1.0000,
13.343,IMU,-10.3458,-2.5140,-6.4299,0.0000,0.0000,22.437,-3.409,-0.373,-57.008,0.0474,-0.0020,1.0034,
13.350,ENC,-10.3458,-2.5140,-6.4299,0.0000,0.0000,22.437,-3.409,-0.373,-57.008,0.0474,-0.0020,1.0034,
13.363,IMU,-10.3458,-2.5140,-6.4299,0.0000,0.0000,22.437,-3.400,-0.370,-56.987,0.0532,-0.0034,1.0039,
13.369,ENC,-10.3458,-2.5140,-6.4299,0.0000,0.0000,22.437,-3.400,-0.370,-56.987,0.0532,-0.0034,1.0039,
13.404,IMU,-10.3458,-2.5140,-6.4299,0.0000,0.0000,22.437,-3.375,-0.342,-57.045,0.0469,0.0034,0.9961,
13.409,ENC,-10.3458,-2.5140,-6.4299,0.0000,0.0000,22.437,-3.375,-0.342,-57.045,0.0469,0.0034,0.9961,
13.425,IMU,-10.3458,-2.5140,-6.4299,0.0000,0.0000,22.437,-3.368,-0.327,-57.008,0.0562,-0.0015,0.9932,
13.429,ENC,-10.3458,-2.5140,-6.4299,0.0000,0.0000,22.437,-3.368,-0.327,-57.008,0.0562,-0.0015,0.9932,
13.446,IMU,-10.3458,-2.5140,-6.4299,0.0000,0.0000,22.437,-3.361,-0.319,-57.017,0.0469,-0.0015,0.9976,
13.449,ENC,-10.3458,-2.5140,-6.4299,0.0000,0.0000,22.437,-3.361,-0.319,-57.017,0.0469,-0.0015,0.9976,
13.464,IMU,-10.3458,-2.5140,-6.4299,0.0000,0.0000,22.437,-3.353,-0.303,-57.021,0.0601,0.0015,1.0000,
13.469,ENC,-10.3458,-2.5140,-6.4299,0.0000,0.0000,22.437,-3.353,-0.303,-57.021,0.0601,0.0015,1.0000,
13.483,IMU,-10.3458,-2.5140,-6.4299,0.0000,0.0000,22.437,-3.325,-0.347,-57.059,0.0503,-0.0063,0.9922,
13.490,ENC,-10.3458,-2.5140,-6.4299,0.0000,0.0000,22.437,-3.325,-0.347,-57.059,0.0503,-0.0063,0.9922,
13.506,IMU,-10.3458,-2.5140,-6.4299,0.0000,0.0000,22.437,-3.338,-0.369,-57.087,0.0527,-0.0073,0.9971,
13.509,ENC,-10.3458,-2.5140,-6.4299,0.0000,0.0000,22.437,-3.338,-0.369,-57.087,0.0527,-0.0073,0.9971,
13.527,IMU,-10.3458,-2.5140,-6.4299,0.0000,0.0000,22.437,-3.357,-0.370,-57.096,0.0537,-0.0015,0.9971,
13.530,ENC,-10.3458,-2.5140,-6.4299,0.0000,0.0000,22.437,-3.357,-0.370,-57.096,0.0537,-0.0015,0.9971,
13.543,IMU,-10.3458,-2.5140,-6.4299,0.0000,0.0000,22.437,-3.341,-0.333,-57.103,0.0498,0.0059,0.9956,
13.549,ENC,-10.3458,-2.5140,-6.4299,0.0000,0.0000,22.437,-3.341,-0.333,-57.103,0.0498,0.0059,0.9956,
13.564,IMU,-10.3458,-2.5140,-6.4299,0.0000,0.0000,22.437,-3.323,-0.343,-57.131,0.0420,-0.0176,0.9956,
13.569,ENC,-10.3458,-2.5140,-6.4299,0.0000,0.0000,22.437,-3.323,-0.343,-57.131,0.0420,-0.0176,0.9956,
13.583,IMU,-10.3458,-2.5140,-6.4299,0.0000,0.0000,22.437,-3.286,-0.348,-57.112,0.0469,0.0015,0.9907,
13.589,ENC,-10.3458,-2.5140,-6.4299,0.0000,0.0000,22.437,-3.286,-0.348,-57.112,0.0469,0.0015,0.9907,
13.611,IMU,-10.3458,-2.5140,-6.4299,0.0000,0.0000,22.437,-3.283,-0.351,-57.082,0.0449,0.0049,0.9902,
13.632,ENC,-10.3458,-2.5140,-6.4299,0.0000,0.0000,22.437,-3.283,-0.351,-57.082,0.0449,0.0049,0.9902,
13.636,IMU,-10.3458,-2.5140,-6.4299,0.0000,0.0000,22.437,-3.288,-0.383,-57.079,0.0527,-0.0039,0.9805,
13.643,IMU,-10.3458,-2.5140,-6.4299,0.0000,0.0000,22.437,-3.274,-0.406,-57.080,0.0591,-0.0049,0.9937,
13.649,ENC,-10.3458,-2.5140,-6.4299,0.0000,0.0000,22.437,-3.274,-0.406,-57.080,0.0591,-0.0049,0.9937,
13.663,IMU,-10.3458,-2.5140,-6.4299,0.0000,0.0000,22.437,-3.264,-0.407,-57.036,0.0527,0.0039,0.9995,
13.669,ENC,-10.3476,-2.5140,-6.4308,-0.0852,0.0000,22.441,-3.264,-0.407,-57.036,0.0527,0.0039,0.9995,
13.686,IMU,-10.3476,-2.5140,-6.4308,-0.0852,0.0000,22.441,-3.226,-0.424,-57.047,0.0552,-0.0059,0.9927,
13.689,ENC,-10.3458,-2.5140,-6.4299,0.0852,0.0000,22.437,-3.226,-0.424,-57.047,0.0552,-0.0059,0.9927,
13.703,IMU,-10.3458,-2.5140,-6.4299,0.0852,0.0000,22.437,-3.206,-0.437,-57.100,0.0430,-0.0044,0.9946,
13.709,ENC,-10.3458,-2.5140,-6.4299,0.0000,0.0000,22.437,-3.206,-0.437,-57.100,0.0430,-0.0044,0.9946,
13.724,IMU,-10.3458,-2.5140,-6.4299,0.0000,0.0000,22.437,-3.269,-0.411,-57.141,0.0591,-0.0078,0.9863,
13.729,ENC,-10.3458,-2.5140,-6.4299,0.0000,0.0000,22.437,-3.269,-0.411,-57.141,0.0591,-0.0078,0.9863,
13.746,IMU,-10.3458,-2.5140,-6.4299,0.0000,0.0000,22.437,-3.252,-0.388,-57.118,0.0562,0.0000,1.0010,
13.763,IMU,-10.3458,-2.5140,-6.4299,0.0000,0.0000,22.437,-3.205,-0.396,-57.153,0.0420,-0.0146,0.9922,
13.769,ENC,-10.3458,-2.5140,-6.4299,0.0000,0.0000,22.437,-3.205,-0.396,-57.153,0.0420,-0.0146,0.9922,
13.784,IMU,-10.3458,-2.5140,-6.4299,0.0000,0.0000,22.437,-3.239,-0.372,-57.154,0.0537,-0.0098,0.9951,
13.789,ENC,-10.3458,-2.5140,-6.4299,0.0000,0.0000,22.437,-3.239,-0.372,-57.154,0.0537,-0.0098,0.9951,
13.803,IMU,-10.3458,-2.5140,-6.4299,0.0000,0.0000,22.437,-3.277,-0.353,-57.128,0.0571,-0.0049,0.9844,
13.809,ENC,-10.3458,-2.5140,-6.4299,0.0000,0.0000,22.437,-3.277,-0.353,-57.128,0.0571,-0.0049,0.9844,
13.823,IMU,-10.3458,-2.5140,-6.4299,0.0000,0.0000,22.437,-3.292,-0.337,-57.103,0.0596,0.0044,0.9897,
13.844,IMU,-10.3458,-2.5140,-6.4299,0.0000,0.0000,22.437,-3.272,-0.342,-57.090,0.0542,0.0044,0.9810,
13.849,ENC,-10.3458,-2.5140,-6.4299,0.0000,0.0000,22.437,-3.272,-0.342,-57.090,0.0542,0.0044,0.9810,
13.870,IMU,-10.3458,-2.5140,-6.4299,0.0000,0.0000,22.437,-3.288,-0.283,-57.102,0.0493,0.0059,0.9966,
13.872,ENC,-10.3458,-2.5140,-6.4299,0.0000,0.0000,22.437,-3.288,-0.283,-57.102,0.0493,0.0059,0.9966,
13.886,IMU,-10.3458,-2.5140,-6.4299,0.0000,0.0000,22.437,-3.307,-0.311,-57.108,0.0576,-0.0054,0.9873,
13.889,ENC,-10.3458,-2.5140,-6.4299,0.0000,0.0000,22.437,-3.307,-0.311,-57.108,0.0576,-0.0054,0.9873,
13.903,IMU,-10.3458,-2.5140,-6.4299,0.0000,0.0000,22.437,-3.300,-0.278,-57.094,0.0532,-0.0010,1.0010,
13.909,ENC,-10.3458,-2.5140,-6.4299,0.0000,0.0000,22.437,-3.300,-0.278,-57.094,0.0532,-0.0010,1.0010,
13.930,IMU,-10.3458,-2.5140,-6.4299,0.0000,0.0000,22.437,-3.284,-0.264,-57.125,0.0542,-0.0146,0.9951,
13.945,IMU,-10.3458,-2.5140,-6.4299,0.0000,0.0000,22.437,-3.275,-0.265,-57.131,0.0723,0.0029,0.9932,
13.949,ENC,-10.3458,-2.5140,-6.4299,0.0000,0.0000,22.437,-3.275,-0.265,-57.131,0.0723,0.0029,0.9932,
13.966,IMU,-10.3458,-2.5140,-6.4299,0.0000,0.0000,22.437,-3.247,-0.303,-57.155,0.0474,-0.0054,1.0000,
13.969,ENC,-10.3458,-2.5140,-6.4299,0.0000,0.0000,22.437,-3.247,-0.303,-57.155,0.0474,-0.0054,1.0000,
13.985,IMU,-10.3458,-2.5140,-6.4299,0.0000,0.0000,22.437,-3.216,-0.316,-57.179,0.0464,-0.0010,0.9937,
13.990,ENC,-10.3458,-2.5140,-6.4299,0.0000,0.0000,22.437,-3.216,-0.316,-57.179,0.0464,-0.0010,0.9937,
14.005,IMU,-10.3458,-2.5140,-6.4299,0.0000,0.0000,22.437,-3.245,-0.314,-57.214,0.0679,0.0059,0.9946,
14.009,ENC,-10.3458,-2.5140,-6.4299,0.0000,0.0000,22.437,-3.245,-0.314,-57.214,0.0679,0.0059,0.9946,
14.024,IMU,-10.3458,-2.5140,-6.4299,0.0000,0.0000,22.437,-3.233,-0.300,-57.194,0.0601,0.0049,0.9951,
14.030,ENC,-10.3458,-2.5140,-6.4299,0.0000,0.0000,22.437,-3.233,-0.300,-57.194,0.0601,0.0049,0.9951,
14.048,IMU,-10.3458,-2.5140,-6.4299,0.0000,0.0000,22.437,-3.207,-0.285,-57.169,0.0566,0.0049,0.9932,
14.050,ENC,-10.3458,-2.5140,-6.4299,0.0000,0.0000,22.437,-3.207,-0.285,-57.169,0.0566,0.0049,0.9932,
14.064,IMU,-10.3458,-2.5140,-6.4299,0.0000,0.0000,22.437,-3.235,-0.249,-57.125,0.0591,-0.0059,0.9902,
14.069,ENC,-10.3458,-2.5140,-6.4299,0.0000,0.0000,22.437,-3.235,-0.249,-57.125,0.0591,-0.0059,0.9902,
14.083,IMU,-10.3458,-2.5140,-6.4299,0.0000,0.0000,22.437,-3.270,-0.263,-57.125,0.0605,-0.0103,0.9961,
14.089,ENC,-10.3458,-2.5140,-6.4299,0.0000,0.0000,22.437,-3.270,-0.263,-57.125,0.0605,-0.0103,0.9961,
14.104,IMU,-10.3458,-2.5140,-6.4299,0.0000,0.0000,22.437,-3.295,-0.251,-57.120,0.0562,-0.0229,0.9985,
14.109,ENC,-10.3458,-2.5140,-6.4299,0.0000,0.0000,22.437,-3.295,-0.251,-57.120,0.0562,-0.0229,0.9985,
14.123,IMU,-10.3458,-2.5140,-6.4299,0.0000,0.0000,22.437,-3.312,-0.247,-57.123,0.0527,-0.0024,0.9990,
14.143,IMU,-10.3458,-2.5140,-6.4299,0.0000,0.0000,22.437,-3.318,-0.299,-57.104,0.0522,-0.0063,0.9717,
14.149,ENC,-10.3458,-2.5140,-6.4299,0.0000,0.0000,22.437,-3.318,-0.299,-57.104,0.0522,-0.0063,0.9717,
14.164,IMU,-10.3458,-2.5140,-6.4299,0.0000,0.0000,22.437,-3.311,-0.315,-57.080,0.0566,-0.0156,1.0010,
14.183,IMU,-10.3458,-2.5140,-6.4299,0.0000,0.0000,22.437,-3.316,-0.293,-57.125,0.0396,0.0049,0.9937,
14.189,ENC,-10.3458,-2.5140,-6.4299,0.0000,0.0000,22.437,-3.316,-0.293,-57.125,0.0396,0.0049,0.9937,
14.203,IMU,-10.3458,-2.5140,-6.4299,0.0000,0.0000,22.437,-3.311,-0.304,-57.083,0.0601,-0.0044,0.9951,
14.209,ENC,-10.3458,-2.5140,-6.4299,0.0000,0.0000,22.437,-3.311,-0.304,-57.083,0.0601,-0.0044,0.9951,
14.224,IMU,-10.3458,-2.5140,-6.4299,0.0000,0.0000,22.437,-3.319,-0.311,-57.086,0.0586,-0.0059,0.9971,
14.243,IMU,-10.3458,-2.5140,-6.4299,0.0000,0.0000,22.437,-3.305,-0.306,-57.062,0.0537,-0.0024,0.9839,
14.249,ENC,-10.3458,-2.5140,-6.4299,0.0000,0.0000,22.437,-3.305,-0.306,-57.062,0.0537,-0.0024,0.9839,
14.263,IMU,-10.3458,-2.5140,-6.4299,0.0000,0.0000,22.437,-3.335,-0.290,-57.062,0.0532,-0.0005,0.9990,
14.272,ENC,-10.3458,-2.5140,-6.4299,0.0000,0.0000,22.437,-3.335,-0.290,-57.062,0.0532,-0.0005,0.9990,
14.285,IMU,-10.3458,-2.5140,-6.4299,0.0000,0.0000,22.437,-3.328,-0.325,-57.082,0.0469,-0.0010,0.9951,
14.289,ENC,-10.3458,-2.5140,-6.4299,0.0000,0.0000,22.437,-3.328,-0.325,-57.082,0.0469,-0.0010,0.9951,
14.303,IMU,-10.3458,-2.5140,-6.4299,0.0000,0.0000,22.437,-3.297,-0.356,-57.100,0.0503,-0.0059,0.9854,
14.309,ENC,-10.3458,-2.5140,-6.4299,0.0000,0.0000,22.437,-3.297,-0.356,-57.100,0.0503,-0.0059,0.9854,
14.323,IMU,-10.3458,-2.5140,-6.4299,0.0000,0.0000,22.437,-3.272,-0.335,-57.136,0.0488,-0.0034,1.0029,
14.329,ENC,-10.3458,-2.5140,-6.4299,0.0000,0.0000,22.437,-3.272,-0.335,-57.136,0.0488,-0.0034,1.0029,
14.344,IMU,-10.3458,-2.5140,-6.4299,0.0000,0.0000,22.437,-3.220,-0.321,-57.165,0.0601,-0.0015,0.9883,
14.351,ENC,-10.3458,-2.5140,-6.4299,0.0000,0.0000,22.437,-3.220,-0.321,-57.165,0.0601,-0.0015,0.9883,
14.363,IMU,-10.3458,-2.5140,-6.4299,0.0000,0.0000,22.437,-3.232,-0.309,-57.194,0.0444,0.0020,0.9956,
14.369,ENC,-10.3458,-2.5140,-6.4299,0.0000,0.0000,22.437,-3.232,-0.309,-57.194,0.0444,0.0020,0.9956,
14.384,IMU,-10.3458,-2.5140,-6.4299,0.0000,0.0000,22.437,-3.215,-0.331,-57.222,0.0547,-0.0088,1.0005,
14.389,ENC,-10.3458,-2.5140,-6.4299,0.0000,0.0000,22.437,-3.215,-0.331,-57.222,0.0547,-0.0088,1.0005,
14.403,IMU,-10.3458,-2.5140,-6.4299,0.0000,0.0000,22.437,-3.226,-0.351,-57.261,0.0591,0.0039,0.9927,
14.410,ENC,-10.3458,-2.5140,-6.4299,0.0000,0.0000,22.437,-3.226,-0.351,-57.261,0.0591,0.0039,0.9927,
14.423,IMU,-10.3458,-2.5140,-6.4299,0.0000,0.0000,22.437,-3.230,-0.307,-57.225,0.0596,-0.0054,0.9956,
14.429,ENC,-10.3458,-2.5140,-6.4299,0.0000,0.0000,22.437,-3.230,-0.307,-57.225,0.0596,-0.0054,0.9956,
14.444,IMU,-10.3458,-2.5140,-6.4299,0.0000,0.0000,22.437,-3.213,-0.391,-57.264,0.0425,-0.0093,0.9907,
14.449,ENC,-10.3458,-2.5140,-6.4299,0.0000,0.0000,22.437,-3.213,-0.391,-57.264,0.0425,-0.0093,0.9907,
14.468,IMU,-10.3458,-2.5140,-6.4299,0.0000,0.0000,22.437,-3.208,-0.374,-57.303,0.0527,-0.0015,0.9980,
14.470,ENC,-10.3458,-2.5140,-6.4299,0.0000,0.0000,22.437,-3.208,-0.374,-57.303,0.0527,-0.0015,0.9980,
14.483,IMU,-10.3458,-2.5140,-6.4299,0.0000,0.0000,22.437,-3.180,-0.391,-57.287,0.0552,-0.0034,0.9839,
14.489,ENC,-10.3458,-2.5140,-6.4299,0.0000,0.0000,22.437,-3.180,-0.391,-57.287,0.0552,-0.0034,0.9839,
14.504,IMU,-10.3458,-2.5140,-6.4299,0.0000,0.0000,22.437,-3.160,-0.424,-57.302,0.0562,-0.0146,0.9985,
14.509,ENC,-10.3458,-2.5140,-6.4299,0.0000,0.0000,22.437,-3.160,-0.424,-57.302,0.0562,-0.0146,0.9985,
14.529,IMU,-10.3458,-2.5140,-6.4299,0.0000,0.0000,22.437,-3.207,-0.413,-57.288,0.0664,0.0015,0.9971,
14.532,ENC,-10.3458,-2.5140,-6.4299,0.0000,0.0000,22.437,-3.207,-0.413,-57.288,0.0664,0.0015,0.9971,
14.544,IMU,-10.3458,-2.5140,-6.4299,0.0000,0.0000,22.437,-3.205,-0.458,-57.336,0.0454,-0.0078,0.9888,
14.549,ENC,-10.3458,-2.5140,-6.4299,0.0000,0.0000,22.437,-3.205,-0.458,-57.336,0.0454,-0.0078,0.9888,
14.564,IMU,-10.3458,-2.5140,-6.4299,0.0000,0.0000,22.437,-3.171,-0.488,-57.318,0.0571,-0.0010,0.9976,
14.569,ENC,-10.3458,-2.5140,-6.4299,0.0000,0.0000,22.437,-3.171,-0.488,-57.318,0.0571,-0.0010,0.9976,
14.583,IMU,-10.3458,-2.5140,-6.4299,0.0000,0.0000,22.437,-3.167,-0.422,-57.348,0.0513,-0.0083,1.0029,
14.603,IMU,-10.3458,-2.5140,-6.4299,0.0000,0.0000,22.437,-3.172,-0.454,-57.363,0.0532,-0.0005,0.9780,
14.609,ENC,-10.3458,-2.5140,-6.4299,0.0000,0.0000,22.437,-3.172,-0.454,-57.363,0.0532,-0.0005,0.9780,
14.624,IMU,-10.3458,-2.5140,-6.4299,0.0000,0.0000,22.437,-3.172,-0.489,-57.325,0.0566,-0.0137,1.0024,
14.629,ENC,-10.3458,-2.5140,-6.4299,0.0000,0.0000,22.437,-3.172,-0.489,-57.325,0.0566,-0.0137,1.0024,
14.644,IMU,-10.3458,-2.5140,-6.4299,0.0000,0.0000,22.437,-3.160,-0.470,-57.327,0.0562,-0.0039,0.9932,
14.650,ENC,-10.3458,-2.5140,-6.4299,0.0000,0.0000,22.437,-3.160,-0.470,-57.327,0.0562,-0.0039,0.9932,
14.665,IMU,-10.3458,-2.5140,-6.4299,0.0000,0.0000,22.437,-3.210,-0.483,-57.351,0.0698,-0.0068,0.9971,
14.669,ENC,-10.3458,-2.5140,-6.4299,0.0000,0.0000,22.437,-3.210,-0.483,-57.351,0.0698,-0.0068,0.9971,
14.683,IMU,-10.3458,-2.5140,-6.4299,0.0000,0.0000,22.437,-3.241,-0.453,-57.352,0.0625,0.0015,0.9966,
14.689,ENC,-10.3458,-2.5140,-6.4299,0.0000,0.0000,22.437,-3.241,-0.453,-57.352,0.0625,0.0015,0.9966,
14.705,IMU,-10.3458,-2.5140,-6.4299,0.0000,0.0000,22.437,-3.274,-0.472,-57.356,0.0596,-0.0122,1.0000,
14.711,ENC,-10.3458,-2.5140,-6.4299,0.0000,0.0000,22.437,-3.274,-0.472,-57.356,0.0596,-0.0122,1.0000,
14.723,IMU,-10.3458,-2.5140,-6.4299,0.0000,0.0000,22.437,-3.285,-0.512,-57.352,0.0503,-0.0093,1.0005,
14.729,ENC,-10.3458,-2.5140,-6.4299,0.0000,0.0000,22.437,-3.285,-0.512,-57.352,0.0503,-0.0093,1.0005,
14.743,IMU,-10.3458,-2.5140,-6.4299,0.0000,0.0000,22.437,-3.315,-0.483,-57.390,0.0547,-0.0068,0.9961,
14.749,ENC,-10.3458,-2.5140,-6.4299,0.0000,0.0000,22.437,-3.315,-0.483,-57.390,0.0547,-0.0068,0.9961,
14.766,IMU,-10.3458,-2.5140,-6.4299,0.0000,0.0000,22.437,-3.346,-0.482,-57.341,0.0596,-0.0122,1.0020,
14.769,ENC,-10.3458,-2.5140,-6.4299,0.0000,0.0000,22.437,-3.346,-0.482,-57.341,0.0596,-0.0122,1.0020,
14.785,IMU,-10.3458,-2.5140,-6.4299,0.0000,0.0000,22.437,-3.344,-0.458,-57.377,0.0615,-0.0039,0.9990,
14.789,ENC,-10.3458,-2.5140,-6.4299,0.0000,0.0000,22.437,-3.344,-0.458,-57.377,0.0615,-0.0039,0.9990,
14.803,IMU,-10.3458,-2.5140,-6.4299,0.0000,0.0000,22.437,-3.341,-0.488,-57.357,0.0562,-0.0112,1.0029,
14.809,ENC,-10.3458,-2.5140,-6.4299,0.0000,0.0000,22.437,-3.341,-0.488,-57.357,0.0562,-0.0112,1.0029,
14.824,IMU,-10.3458,-2.5140,-6.4299,0.0000,0.0000,22.437,-3.364,-0.491,-57.359,0.0605,-0.0029,0.9883,
14.829,ENC,-10.3458,-2.5140,-6.4299,0.0000,0.0000,22.437,-3.364,-0.491,-57.359,0.0605,-0.0029,0.9883,
14.852,ENC,-10.3458,-2.5140,-6.4299,0.0000,0.0000,22.437,-3.364,-0.491,-57.359,0.0605,-0.0029,0.9883,
14.856,IMU,-10.3458,-2.5140,-6.4299,0.0000,0.0000,22.437,-3.317,-0.463,-57.360,0.0547,-0.0073,0.9971,
14.866,IMU,-10.3458,-2.5140,-6.4299,0.0000,0.0000,22.437,-3.285,-0.431,-57.354,0.0620,-0.0054,0.9990,
14.869,ENC,-10.3458,-2.5140,-6.4299,0.0000,0.0000,22.437,-3.285,-0.431,-57.354,0.0620,-0.0054,0.9990,
14.883,IMU,-10.3458,-2.5140,-6.4299,0.0000,0.0000,22.437,-3.280,-0.437,-57.336,0.0566,-0.0024,1.0049,
14.889,ENC,-10.3458,-2.5140,-6.4299,0.0000,0.0000,22.437,-3.280,-0.437,-57.336,0.0566,-0.0024,1.0049,
14.903,IMU,-10.3458,-2.5140,-6.4299,0.0000,0.0000,22.437,-3.279,-0.410,-57.321,0.0469,-0.0068,1.0059,
14.909,ENC,-10.3458,-2.5140,-6.4299,0.0000,0.0000,22.437,-3.279,-0.410,-57.321,0.0469,-0.0068,1.0059,
14.924,IMU,-10.3458,-2.5140,-6.4299,0.0000,0.0000,22.437,-3.246,-0.405,-57.347,0.0312,-0.0093,0.9971,
14.929,ENC,-10.3458,-2.5140,-6.4299,0.0000,0.0000,22.437,-3.246,-0.405,-57.347,0.0312,-0.0093,0.9971,
14.943,IMU,-10.3458,-2.5140,-6.4299,0.0000,0.0000,22.437,-3.275,-0.365,-57.299,0.0649,0.0107,0.9937,
14.949,ENC,-10.3458,-2.5140,-6.4299,0.0000,0.0000,22.437,-3.275,-0.365,-57.299,0.0649,0.0107,0.9937,
14.968,IMU,-10.3458,-2.5140,-6.4299,0.0000,0.0000,22.437,-3.213,-0.328,-57.297,0.0601,-0.0049,1.0015,
14.970,ENC,-10.3458,-2.5140,-6.4299,0.0000,0.0000,22.437,-3.213,-0.328,-57.297,0.0601,-0.0049,1.0015,
14.983,IMU,-10.3458,-2.5140,-6.4299,0.0000,0.0000,22.437,-3.257,-0.294,-57.273,0.0566,0.0024,0.9956,
14.989,ENC,-10.3458,-2.5140,-6.4299,0.0000,0.0000,22.437,-3.257,-0.294,-57.273,0.0566,0.0024,0.9956,
15.003,IMU,-10.3458,-2.5140,-6.4299,0.0000,0.0000,22.437,-3.228,-0.242,-57.257,0.0449,-0.0020,0.9907,
15.009,ENC,-10.3458,-2.5140,-6.4299,0.0000,0.0000,22.437,-3.228,-0.242,-57.257,0.0449,-0.0020,0.9907,
15.024,IMU,-10.3458,-2.5140,-6.4299,0.0000,0.0000,22.437,-3.240,-0.236,-57.252,0.0586,-0.0107,0.9956,
15.029,ENC,-10.3458,-2.5140,-6.4299,0.0000,0.0000,22.437,-3.240,-0.236,-57.252,0.0586,-0.0107,0.9956,
15.044,IMU,-10.3458,-2.5140,-6.4299,0.0000,0.0000,22.437,-3.255,-0.232,-57.229,0.0562,-0.0010,0.9927,
15.049,ENC,-10.3458,-2.5140,-6.4299,0.0000,0.0000,22.437,-3.255,-0.232,-57.229,0.0562,-0.0010,0.9927,
15.063,IMU,-10.3458,-2.5140,-6.4299,0.0000,0.0000,22.437,-3.264,-0.234,-57.259,0.0630,0.0005,0.9990,
15.069,ENC,-10.3458,-2.5140,-6.4299,0.0000,0.0000,22.437,-3.264,-0.234,-57.259,0.0630,0.0005,0.9990,
15.083,IMU,-10.3458,-2.5140,-6.4299,0.0000,0.0000,22.437,-3.251,-0.237,-57.296,0.0474,-0.0005,0.9956,
15.103,IMU,-10.3458,-2.5140,-6.4299,0.0000,0.0000,22.437,-3.251,-0.187,-57.294,0.0508,-0.0049,0.9922,
15.109,ENC,-10.3458,-2.5140,-6.4299,0.0000,0.0000,22.437,-3.251,-0.187,-57.294,0.0508,-0.0049,0.9922,
15.123,IMU,-10.3458,-2.5140,-6.4299,0.0000,0.0000,22.437,-3.257,-0.169,-57.250,0.0444,-0.0054,0.9951,
15.129,ENC,-10.3458,-2.5140,-6.4299,0.0000,0.0000,22.437,-3.257,-0.169,-57.250,0.0444,-0.0054,0.9951,
15.145,IMU,-10.3458,-2.5140,-6.4299,0.0000,0.0000,22.437,-3.245,-0.166,-57.297,0.0669,-0.0093,0.9946,
15.149,ENC,-10.3458,-2.5140,-6.4299,0.0000,0.0000,22.437,-3.245,-0.166,-57.297,0.0669,-0.0093,0.9946,
15.163,IMU,-10.3458,-2.5140,-6.4299,0.0000,0.0000,22.437,-3.304,-0.145,-57.285,0.0464,-0.0024,0.9971,
15.169,ENC,-10.3458,-2.5140,-6.4299,0.0000,0.0000,22.437,-3.304,-0.145,-57.285,0.0464,-0.0024,0.9971,
15.183,IMU,-10.3458,-2.5140,-6.4299,0.0000,0.0000,22.437,-3.308,-0.135,-57.269,0.0542,-0.0020,0.9941,
15.195,ENC,-10.3458,-2.5140,-6.4299,0.0000,0.0000,22.437,-3.308,-0.135,-57.269,0.0542,-0.0020,0.9941,
15.204,IMU,-10.3458,-2.5140,-6.4299,0.0000,0.0000,22.437,-3.288,-0.126,-57.264,0.0591,-0.0112,0.9985,
15.209,ENC,-10.3458,-2.5140,-6.4299,0.0000,0.0000,22.437,-3.288,-0.126,-57.264,0.0591,-0.0112,0.9985,
15.223,IMU,-10.3458,-2.5140,-6.4299,0.0000,0.0000,22.437,-3.267,-0.121,-57.291,0.0522,-0.0005,0.9810,
15.229,ENC,-10.3458,-2.5140,-6.4299,0.0000,0.0000,22.437,-3.267,-0.121,-57.291,0.0522,-0.0005,0.9810,
15.243,IMU,-10.3458,-2.5140,-6.4299,0.0000,0.0000,22.437,-3.267,-0.087,-57.332,0.0610,-0.0063,0.9897,
15.250,ENC,-10.3458,-2.5140,-6.4299,0.0000,0.0000,22.437,-3.267,-0.087,-57.332,0.0610,-0.0063,0.9897,
15.264,IMU,-10.3458,-2.5140,-6.4299,0.0000,0.0000,22.437,-3.239,-0.072,-57.337,0.0479,0.0044,0.9976,
15.269,ENC,-10.3458,-2.5140,-6.4299,0.0000,0.0000,22.437,-3.239,-0.072,-57.337,0.0479,0.0044,0.9976,
15.283,IMU,-10.3458,-2.5140,-6.4299,0.0000,0.0000,22.437,-3.221,-0.065,-57.316,0.0518,-0.0029,0.9990,
15.289,ENC,-10.3458,-2.5140,-6.4299,0.0000,0.0000,22.437,-3.221,-0.065,-57.316,0.0518,-0.0029,0.9990,
15.303,IMU,-10.3458,-2.5140,-6.4299,0.0000,0.0000,22.437,-3.252,-0.063,-57.257,0.0464,0.0034,1.0010,
15.311,ENC,-10.3458,-2.5140,-6.4299,0.0000,0.0000,22.437,-3.252,-0.063,-57.257,0.0464,0.0034,1.0010,
15.324,IMU,-10.3458,-2.5140,-6.4299,0.0000,0.0000,22.437,-3.247,-0.075,-57.294,0.0391,0.0024,1.0068,
15.329,ENC,-10.3458,-2.5140,-6.4299,0.0000,0.0000,22.437,-3.247,-0.075,-57.294,0.0391,0.0024,1.0068,
15.343,IMU,-10.3458,-2.5140,-6.4299,0.0000,0.0000,22.437,-3.229,-0.086,-57.311,0.0537,-0.0088,0.9980,
15.349,ENC,-10.3458,-2.5140,-6.4299,0.0000,0.0000,22.437,-3.229,-0.086,-57.311,0.0537,-0.0088,0.9980,
15.363,IMU,-10.3458,-2.5140,-6.4299,0.0000,0.0000,22.437,-3.226,-0.115,-57.332,0.0547,0.0034,0.9868,
15.383,IMU,-10.3458,-2.5140,-6.4299,0.0000,0.0000,22.437,-3.189,-0.099,-57.331,0.0503,-0.0020,0.9883,
15.389,ENC,-10.3458,-2.5140,-6.4299,0.0000,0.0000,22.437,-3.189,-0.099,-57.331,0.0503,-0.0020,0.9883,
15.403,IMU,-10.3458,-2.5140,-6.4299,0.0000,0.0000,22.437,-3.216,-0.114,-57.300,0.0610,0.0039,0.9854,
15.409,ENC,-10.3458,-2.5140,-6.4299,0.0000,0.0000,22.437,-3.216,-0.114,-57.300,0.0610,0.0039,0.9854,
15.424,IMU,-10.3458,-2.5140,-6.4299,0.0000,0.0000,22.437,-3.209,-0.114,-57.296,0.0566,-0.0034,1.0015,
15.429,ENC,-10.3458,-2.5140,-6.4299,0.0000,0.0000,22.437,-3.209,-0.114,-57.296,0.0566,-0.0034,1.0015,
15.444,IMU,-10.3458,-2.5140,-6.4299,0.0000,0.0000,22.437,-3.235,-0.116,-57.283,0.0537,0.0039,0.9956,
15.449,ENC,-10.3458,-2.5140,-6.4299,0.0000,0.0000,22.437,-3.235,-0.116,-57.283,0.0537,0.0039,0.9956,
15.463,IMU,-10.3458,-2.5140,-6.4299,0.0000,0.0000,22.437,-3.239,-0.071,-57.280,0.0513,-0.0073,0.9956,
15.469,ENC,-10.3458,-2.5140,-6.4299,0.0000,0.0000,22.437,-3.239,-0.071,-57.280,0.0513,-0.0073,0.9956,
15.483,IMU,-10.3458,-2.5140,-6.4299,0.0000,0.0000,22.437,-3.211,-0.086,-57.285,0.0527,-0.0068,0.9868,
15.489,ENC,-10.3458,-2.5140,-6.4299,0.0000,0.0000,22.437,-3.211,-0.086,-57.285,0.0527,-0.0068,0.9868,
15.504,IMU,-10.3458,-2.5140,-6.4299,0.0000,0.0000,22.437,-3.244,-0.095,-57.257,0.0586,0.0000,1.0049,
15.509,ENC,-10.3458,-2.5140,-6.4299,0.0000,0.0000,22.437,-3.244,-0.095,-57.257,0.0586,0.0000,1.0049,
15.524,IMU,-10.3458,-2.5140,-6.4299,0.0000,0.0000,22.437,-3.234,-0.116,-57.280,0.0562,-0.0054,0.9932,
15.529,ENC,-10.3458,-2.5140,-6.4299,0.0000,0.0000,22.437,-3.234,-0.116,-57.280,0.0562,-0.0054,0.9932,
15.543,IMU,-10.3458,-2.5140,-6.4299,0.0000,0.0000,22.437,-3.219,-0.101,-57.264,0.0430,-0.0054,0.9902,
15.549,ENC,-10.3458,-2.5140,-6.4299,0.0000,0.0000,22.437,-3.219,-0.101,-57.264,0.0430,-0.0054,0.9902,
15.563,IMU,-10.3458,-2.5140,-6.4299,0.0000,0.0000,22.437,-3.222,-0.087,-57.280,0.0449,0.0039,1.0059,
15.569,ENC,-10.3458,-2.5140,-6.4299,0.0000,0.0000,22.437,-3.222,-0.087,-57.280,0.0449,0.0039,1.0059,
15.588,IMU,-10.3458,-2.5140,-6.4299,0.0000,0.0000,22.437,-3.209,-0.092,-57.298,0.0444,-0.0054,0.9917,
15.590,ENC,-10.3458,-2.5140,-6.4299,0.0000,0.0000,22.437,-3.209,-0.092,-57.298,0.0444,-0.0054,0.9917,
15.604,IMU,-10.3458,-2.5140,-6.4299,0.0000,0.0000,22.437,-3.213,-0.072,-57.334,0.0474,-0.0010,0.9907,
15.609,ENC,-10.3458,-2.5140,-6.4299,0.0000,0.0000,22.437,-3.213,-0.072,-57.334,0.0474,-0.0010,0.9907,
15.623,IMU,-10.3458,-2.5140,-6.4299,0.0000,0.0000,22.437,-3.215,-0.069,-57.335,0.0415,-0.0024,0.9927,
15.629,ENC,-10.3458,-2.5140,-6.4299,0.0000,0.0000,22.437,-3.215,-0.069,-57.335,0.0415,-0.0024,0.9927,
15.643,IMU,-10.3458,-2.5140,-6.4299,0.0000,0.0000,22.437,-3.210,-0.063,-57.257,0.0518,-0.0029,0.9980,
15.649,ENC,-10.3458,-2.5140,-6.4299,0.0000,0.0000,22.437,-3.210,-0.063,-57.257,0.0518,-0.0029,0.9980,
15.664,IMU,-10.3458,-2.5140,-6.4299,0.0000,0.0000,22.437,-3.226,-0.089,-57.271,0.0542,-0.0010,0.9902,
15.672,ENC,-10.3458,-2.5140,-6.4299,0.0000,0.0000,22.437,-3.226,-0.089,-57.271,0.0542,-0.0010,0.9902,
15.684,IMU,-10.3458,-2.5140,-6.4299,0.0000,0.0000,22.437,-3.222,-0.064,-57.311,0.0522,0.0034,0.9893,
15.692,ENC,-10.3458,-2.5140,-6.4299,0.0000,0.0000,22.437,-3.222,-0.064,-57.311,0.0522,0.0034,0.9893,
15.706,IMU,-10.3458,-2.5140,-6.4299,0.0000,0.0000,22.437,-3.203,-0.078,-57.348,0.0444,-0.0078,0.9966,
15.711,ENC,-10.3458,-2.5140,-6.4299,0.0000,0.0000,22.437,-3.203,-0.078,-57.348,0.0444,-0.0078,0.9966,
15.723,IMU,-10.3458,-2.5140,-6.4299,0.0000,0.0000,22.437,-3.194,-0.101,-57.330,0.0474,0.0039,1.0034,
15.729,ENC,-10.3458,-2.5140,-6.4299,0.0000,0.0000,22.437,-3.194,-0.101,-57.330,0.0474,0.0039,1.0034,
15.743,IMU,-10.3458,-2.5140,-6.4299,0.0000,0.0000,22.437,-3.242,-0.112,-57.351,0.0688,0.0010,0.9971,
15.754,ENC,-10.3458,-2.5140,-6.4299,0.0000,0.0000,22.437,-3.242,-0.112,-57.351,0.0688,0.0010,0.9971,
15.763,IMU,-10.3458,-2.5140,-6.4299,0.0000,0.0000,22.437,-3.251,-0.095,-57.375,0.0493,0.0044,0.9897,
15.769,ENC,-10.3458,-2.5140,-6.4299,0.0000,0.0000,22.437,-3.251,-0.095,-57.375,0.0493,0.0044,0.9897,
15.784,IMU,-10.3458,-2.5140,-6.4299,0.0000,0.0000,22.437,-3.231,-0.121,-57.390,0.0586,-0.0024,0.9883,
15.789,ENC,-10.3458,-2.5140,-6.4299,0.0000,0.0000,22.437,-3.231,-0.121,-57.390,0.0586,-0.0024,0.9883,
15.804,IMU,-10.3458,-2.5140,-6.4299,0.0000,0.0000,22.437,-3.212,-0.163,-57.425,0.0581,0.0029,1.0039,
15.809,ENC,-10.3458,-2.5140,-6.4299,0.0000,0.0000,22.437,-3.212,-0.163,-57.425,0.0581,0.0029,1.0039,
15.824,IMU,-10.3458,-2.5140,-6.4299,0.0000,0.0000,22.437,-3.250,-0.118,-57.464,0.0518,-0.0039,0.9961,
15.843,IMU,-10.3458,-2.5140,-6.4299,0.0000,0.0000,22.437,-3.236,-0.164,-57.482,0.0527,-0.0127,1.0103,
15.849,ENC,-10.3458,-2.5140,-6.4299,0.0000,0.0000,22.437,-3.236,-0.164,-57.482,0.0527,-0.0127,1.0103,
15.863,IMU,-10.3458,-2.5140,-6.4299,0.0000,0.0000,22.437,-3.187,-0.200,-57.453,0.0444,0.0078,0.9907,
15.873,ENC,-10.3458,-2.5140,-6.4299,0.0000,0.0000,22.437,-3.187,-0.200,-57.453,0.0444,0.0078,0.9907,
15.885,IMU,-10.3458,-2.5140,-6.4299,0.0000,0.0000,22.437,-3.163,-0.191,-57.405,0.0518,-0.0107,0.9966,
15.889,ENC,-10.3458,-2.5140,-6.4299,0.0000,0.0000,22.437,-3.163,-0.191,-57.405,0.0518,-0.0107,0.9966,
15.903,IMU,-10.3458,-2.5140,-6.4299,0.0000,0.0000,22.437,-3.151,-0.192,-57.382,0.0444,-0.0078,0.9902,
15.910,ENC,-10.3458,-2.5140,-6.4299,0.0000,0.0000,22.437,-3.151,-0.192,-57.382,0.0444,-0.0078,0.9902,
15.923,IMU,-10.3458,-2.5140,-6.4299,0.0000,0.0000,22.437,-3.169,-0.109,-57.379,0.0508,-0.0015,1.0024,
15.929,ENC,-10.3458,-2.5140,-6.4299,0.0000,0.0000,22.437,-3.169,-0.109,-57.379,0.0508,-0.0015,1.0024,
15.943,IMU,-10.3458,-2.5140,-6.4299,0.0000,0.0000,22.437,-3.128,-0.103,-57.373,0.0581,-0.0059,0.9917,
15.950,ENC,-10.3458,-2.5140,-6.4299,0.0000,0.0000,22.437,-3.128,-0.103,-57.373,0.0581,-0.0059,0.9917,
15.963,IMU,-10.3458,-2.5140,-6.4299,0.0000,0.0000,22.437,-3.137,-0.108,-57.450,0.0605,-0.0015,0.9863,
15.969,ENC,-10.3458,-2.5140,-6.4299,0.0000,0.0000,22.437,-3.137,-0.108,-57.450,0.0605,-0.0015,0.9863,
15.983,IMU,-10.3458,-2.5140,-6.4299,0.0000,0.0000,22.437,-3.135,-0.138,-57.448,0.0449,-0.0142,0.9878,
15.990,ENC,-10.3458,-2.5140,-6.4299,0.0000,0.0000,22.437,-3.135,-0.138,-57.448,0.0449,-0.0142,0.9878,
16.003,IMU,-10.3458,-2.5140,-6.4299,0.0000,0.0000,22.437,-3.173,-0.103,-57.452,0.0576,0.0015,0.9946,
16.009,ENC,-10.3458,-2.5140,-6.4299,0.0000,0.0000,22.437,-3.173,-0.103,-57.452,0.0576,0.0015,0.9946,
16.023,IMU,-10.3458,-2.5140,-6.4299,0.0000,0.0000,22.437,-3.167,-0.102,-57.462,0.0557,-0.0010,0.9971,
16.029,ENC,-10.3458,-2.5140,-6.4299,0.0000,0.0000,22.437,-3.167,-0.102,-57.462,0.0557,-0.0010,0.9971,
16.043,IMU,-10.3458,-2.5140,-6.4299,0.0000,0.0000,22.437,-3.127,-0.102,-57.472,0.0576,-0.0068,0.9829,
16.049,ENC,-10.3458,-2.5140,-6.4299,0.0000,0.0000,22.437,-3.127,-0.102,-57.472,0.0576,-0.0068,0.9829,
16.064,IMU,-10.3458,-2.5140,-6.4299,0.0000,0.0000,22.437,-3.144,-0.151,-57.453,0.0454,-0.0176,1.0059,
16.075,ENC,-10.3458,-2.5140,-6.4299,0.0000,0.0000,22.437,-3.144,-0.151,-57.453,0.0454,-0.0176,1.0059,
16.083,IMU,-10.3458,-2.5140,-6.4299,0.0000,0.0000,22.437,-3.131,-0.133,-57.471,0.0469,0.0039,1.0000,
16.089,ENC,-10.3458,-2.5140,-6.4299,0.0000,0.0000,22.437,-3.131,-0.133,-57.471,0.0469,0.0039,1.0000,
16.104,IMU,-10.3458,-2.5140,-6.4299,0.0000,0.0000,22.437,-3.168,-0.120,-57.498,0.0547,0.0039,0.9985,
16.109,ENC,-10.3458,-2.5140,-6.4299,0.0000,0.0000,22.437,-3.168,-0.120,-57.498,0.0547,0.0039,0.9985,
16.123,IMU,-10.3458,-2.5140,-6.4299,0.0000,0.0000,22.437,-3.195,-0.092,-57.558,0.0557,0.0508,0.9897,
16.134,ENC,-10.3476,-2.5140,-6.4308,-0.0852,0.0000,22.441,-3.195,-0.092,-57.558,0.0557,0.0508,0.9897,
16.143,IMU,-10.3476,-2.5140,-6.4308,-0.0852,0.0000,22.441,-3.166,-0.062,-57.537,0.0190,0.0117,0.9204,
16.152,ENC,-10.3441,-2.5140,-6.4291,0.1704,0.0000,22.432,-3.166,-0.062,-57.537,0.0190,0.0117,0.9204,
16.164,IMU,-10.3441,-2.5140,-6.4291,0.1704,0.0000,22.432,-3.174,-0.187,-57.565,0.0835,-0.0791,1.0259,
16.169,ENC,-10.3288,-2.5123,-6.4206,0.7670,0.0852,22.393,-3.174,-0.187,-57.565,0.0835,-0.0791,1.0259,
16.184,IMU,-10.3288,-2.5123,-6.4206,0.7670,0.0852,22.393,-3.109,-0.297,-57.625,-0.0420,-0.0996,1.0068,
16.196,ENC,-10.2981,-2.4885,-6.3933,1.5340,1.1931,22.373,-3.109,-0.297,-57.625,-0.0420,-0.0996,1.0068,
16.203,IMU,-10.2981,-2.4885,-6.3933,1.5340,1.1931,22.373,-3.074,-0.420,-57.604,0.0186,-0.1118,1.0088,
16.209,ENC,-10.2623,-2.4493,-6.3558,1.7896,1.9601,22.383,-3.074,-0.420,-57.604,0.0186,-0.1118,1.0088,
16.224,IMU,-10.2623,-2.4493,-6.3558,1.7896,1.9601,22.383,-3.137,-0.400,-57.509,0.0898,-0.0361,1.0293,
16.229,ENC,-10.2197,-2.4083,-6.3140,2.1305,2.0453,22.378,-3.137,-0.400,-57.509,0.0898,-0.0361,1.0293,
16.243,IMU,-10.2197,-2.4083,-6.3140,2.1305,2.0453,22.378,-3.140,-0.423,-57.497,0.0801,-0.0049,0.9717,
16.251,ENC,-10.1635,-2.3623,-6.2629,2.8123,2.3010,22.349,-3.140,-0.423,-57.497,0.0801,-0.0049,0.9717,
16.263,IMU,-10.1635,-2.3623,-6.2629,2.8123,2.3010,22.349,-3.079,-0.376,-57.553,0.0078,0.0186,1.0142,
16.269,ENC,-10.1055,-2.3146,-6.2101,2.8975,2.3862,22.319,-3.079,-0.376,-57.553,0.0078,0.0186,1.0142,
16.284,IMU,-10.1055,-2.3146,-6.2101,2.8975,2.3862,22.319,-3.046,-0.341,-57.453,0.0278,0.0415,0.9756,
16.304,IMU,-10.1055,-2.3146,-6.2101,2.8975,2.3862,22.319,-3.094,-0.359,-57.427,0.0737,-0.0195,1.0137,
16.324,IMU,-10.1055,-2.3146,-6.2101,2.8975,2.3862,22.319,-3.087,-0.422,-57.404,0.0732,-0.0537,1.0264,
16.329,ENC,-9.9845,-2.1544,-6.0695,2.0169,2.6703,22.432,-3.087,-0.422,-57.404,0.0732,-0.0537,1.0264,
16.344,IMU,-9.9845,-2.1544,-6.0695,2.0169,2.6703,22.432,-3.135,-0.452,-57.446,0.0874,-0.0439,0.9995,
16.349,ENC,-9.9300,-2.1101,-6.0200,2.7271,2.2158,22.402,-3.135,-0.452,-57.446,0.0874,-0.0439,0.9995,
16.363,IMU,-9.9300,-2.1101,-6.0200,2.7271,2.2158,22.402,-3.141,-0.442,-57.469,0.0371,-0.0156,1.0093,
16.369,ENC,-9.8686,-2.0641,-5.9663,3.0680,2.3010,22.358,-3.141,-0.442,-57.469,0.0371,-0.0156,1.0093,
16.384,IMU,-9.8686,-2.0641,-5.9663,3.0680,2.3010,22.358,-3.164,-0.461,-57.430,0.0894,-0.0190,1.0273,
16.389,ENC,-9.8124,-2.0129,-5.9126,2.8123,2.5566,22.344,-3.164,-0.461,-57.430,0.0894,-0.0190,1.0273,
16.405,IMU,-9.8124,-2.0129,-5.9126,2.8123,2.5566,22.344,-3.118,-0.461,-57.414,0.0181,-0.0010,1.0054,
16.409,ENC,-9.7578,-1.9567,-5.8572,2.7271,2.8123,22.349,-3.118,-0.461,-57.414,0.0181,-0.0010,1.0054,
16.423,IMU,-9.7578,-1.9567,-5.8572,2.7271,2.8123,22.349,-3.093,-0.420,-57.371,0.0542,-0.0029,0.9746,
16.429,ENC,-9.7016,-1.8987,-5.8002,2.8123,2.8975,22.354,-3.093,-0.420,-57.371,0.0542,-0.0029,0.9746,
16.444,IMU,-9.7016,-1.8987,-5.8002,2.8123,2.8975,22.354,-3.106,-0.424,-57.404,0.0781,-0.0288,1.0391,
16.449,ENC,-9.6470,-1.8459,-5.7465,2.7271,2.6419,22.349,-3.106,-0.424,-57.404,0.0781,-0.0288,1.0391,
16.464,IMU,-9.6470,-1.8459,-5.7465,2.7271,2.6419,22.349,-3.136,-0.460,-57.412,0.0723,-0.0264,1.0073,
16.469,ENC,-9.5925,-1.7862,-5.6894,2.7271,2.9827,22.363,-3.136,-0.460,-57.412,0.0723,-0.0264,1.0073,
16.483,IMU,-9.5925,-1.7862,-5.6894,2.7271,2.9827,22.363,-3.121,-0.468,-57.391,0.0420,-0.0107,0.9692,
16.489,ENC,-9.5362,-1.7283,-5.6323,2.8123,2.8975,22.368,-3.121,-0.468,-57.391,0.0420,-0.0107,0.9692,
16.509,IMU,-9.5362,-1.7283,-5.6323,2.8123,2.8975,22.368,-3.101,-0.510,-57.357,0.0352,-0.0317,1.0005,
16.512,ENC,-9.4783,-1.6806,-5.5794,2.8975,2.3862,22.339,-3.101,-0.510,-57.357,0.0352,-0.0317,1.0005,
16.526,IMU,-9.4783,-1.6806,-5.5794,2.8975,2.3862,22.339,-3.043,-0.504,-57.347,-0.0293,-0.0190,0.9766,
16.529,ENC,-9.4169,-1.6107,-5.5138,3.0680,3.4941,22.363,-3.043,-0.504,-57.347,-0.0293,-0.0190,0.9766,
16.543,IMU,-9.4169,-1.6107,-5.5138,3.0680,3.4941,22.363,-3.033,-0.599,-57.338,0.0293,-0.0435,0.9902,
16.549,ENC,-9.3539,-1.5391,-5.4465,3.1532,3.5793,22.388,-3.033,-0.599,-57.338,0.0293,-0.0435,0.9902,
16.564,IMU,-9.3539,-1.5391,-5.4465,3.1532,3.5793,22.388,-2.985,-0.654,-57.366,0.0347,-0.0469,0.9805,
16.570,ENC,-9.2806,-1.4641,-5.3723,3.6645,3.7497,22.393,-2.985,-0.654,-57.366,0.0347,-0.0469,0.9805,
16.583,IMU,-9.2806,-1.4641,-5.3723,3.6645,3.7497,22.393,-2.964,-0.680,-57.311,0.0254,-0.0381,0.9810,
16.589,ENC,-9.2056,-1.3891,-5.2973,3.7497,3.7497,22.393,-2.964,-0.680,-57.311,0.0254,-0.0381,0.9810,
16.611,ENC,-9.1289,-1.2971,-5.2130,3.8350,4.6019,22.437,-2.964,-0.680,-57.311,0.0254,-0.0381,0.9810,
16.614,IMU,-9.1289,-1.2971,-5.2130,3.8350,4.6019,22.437,-2.990,-0.649,-57.305,0.0820,-0.0469,0.9844,
16.625,IMU,-9.1289,-1.2971,-5.2130,3.8350,4.6019,22.437,-2.990,-0.633,-57.265,0.0688,-0.0269,0.9858,
16.629,ENC,-9.0471,-1.2067,-5.1269,4.0906,4.5167,22.461,-2.990,-0.633,-57.265,0.0688,-0.0269,0.9858,
16.643,IMU,-9.0471,-1.2067,-5.1269,4.0906,4.5167,22.461,-3.016,-0.598,-57.238,0.0811,0.0181,0.9980,
16.649,ENC,-8.9602,-1.1113,-5.0357,4.3463,4.7724,22.485,-3.016,-0.598,-57.238,0.0811,0.0181,0.9980,
16.664,IMU,-8.9602,-1.1113,-5.0357,4.3463,4.7724,22.485,-3.040,-0.616,-57.272,0.1016,-0.0171,0.9810,
16.670,ENC,-8.8869,-1.0244,-4.9556,3.6645,4.3463,22.524,-3.040,-0.616,-57.272,0.1016,-0.0171,0.9810,
16.684,IMU,-8.8869,-1.0244,-4.9556,3.6645,4.3463,22.524,-3.062,-0.618,-57.279,0.0508,-0.0068,1.0103,
16.689,ENC,-8.7999,-0.9187,-4.8593,4.3463,5.2837,22.578,-3.062,-0.618,-57.279,0.0508,-0.0068,1.0103,
16.703,IMU,-8.7999,-0.9187,-4.8593,4.3463,5.2837,22.578,-3.067,-0.603,-57.316,0.0747,0.0073,1.0356,
16.709,ENC,-8.7164,-0.8181,-4.7673,4.1758,5.0280,22.627,-3.067,-0.603,-57.316,0.0747,0.0073,1.0356,
16.724,IMU,-8.7164,-0.8181,-4.7673,4.1758,5.0280,22.627,-3.053,-0.599,-57.298,0.0229,-0.0010,1.0356,
16.729,ENC,-8.6244,-0.7244,-4.6744,4.6019,4.6872,22.632,-3.053,-0.599,-57.298,0.0229,-0.0010,1.0356,
16.743,IMU,-8.6244,-0.7244,-4.6744,4.6019,4.6872,22.632,-3.035,-0.571,-57.305,0.0537,-0.0005,0.9702,
16.749,ENC,-8.5409,-0.6170,-4.5789,4.1758,5.3689,22.700,-3.035,-0.571,-57.305,0.0537,-0.0005,0.9702,
16.763,IMU,-8.5409,-0.6170,-4.5789,4.1758,5.3689,22.700,-2.996,-0.559,-57.301,0.0225,0.0137,1.0249,
16.769,ENC,-8.4505,-0.5130,-4.4818,4.5167,5.1985,22.739,-2.996,-0.559,-57.301,0.0225,0.0137,1.0249,
16.783,IMU,-8.4505,-0.5130,-4.4818,4.5167,5.1985,22.739,-2.935,-0.531,-57.266,-0.0410,0.0010,1.0210,
16.804,IMU,-8.4505,-0.5130,-4.4818,4.5167,5.1985,22.739,-2.903,-0.533,-57.240,0.0479,-0.0308,1.0176,
16.810,ENC,-8.2630,-0.3017,-4.2824,4.6872,5.2837,22.808,-2.903,-0.533,-57.240,0.0479,-0.0308,1.0176,
16.824,IMU,-8.2630,-0.3017,-4.2824,4.6872,5.2837,22.808,-2.979,-0.559,-57.194,0.0908,-0.0078,1.0532,
16.838,ENC,-8.1710,-0.1977,-4.1844,4.6019,5.1985,22.842,-2.979,-0.559,-57.194,0.0908,-0.0078,1.0532,
16.843,IMU,-8.1710,-0.1977,-4.1844,4.6019,5.1985,22.842,-2.994,-0.578,-57.183,0.0728,-0.0171,1.0322,
16.849,ENC,-8.0739,-0.0937,-4.0838,4.8576,5.1985,22.861,-2.994,-0.578,-57.183,0.0728,-0.0171,1.0322,
16.863,IMU,-8.0739,-0.0937,-4.0838,4.8576,5.1985,22.861,-2.917,-0.557,-57.227,-0.0005,0.0132,1.0488,
16.869,ENC,-7.9801,0.0170,-3.9815,4.6872,5.5394,22.910,-2.917,-0.557,-57.227,-0.0005,0.0132,1.0488,
16.883,IMU,-7.9801,0.0170,-3.9815,4.6872,5.5394,22.910,-2.976,-0.594,-57.221,0.1040,-0.0186,1.0220,
16.889,ENC,-7.8847,0.1261,-3.8793,4.7724,5.4542,22.949,-2.976,-0.594,-57.221,0.1040,-0.0186,1.0220,
16.903,IMU,-7.8847,0.1261,-3.8793,4.7724,5.4542,22.949,-3.002,-0.629,-57.258,0.0957,-0.0273,0.9883,
16.910,ENC,-7.7926,0.2301,-3.7813,4.6019,5.1985,22.983,-3.002,-0.629,-57.258,0.0957,-0.0273,0.9883,
16.923,IMU,-7.7926,0.2301,-3.7813,4.6019,5.1985,22.983,-2.902,-0.591,-57.269,-0.0063,-0.0034,0.9907,
16.929,ENC,-7.6938,0.3409,-3.6764,4.9428,5.5394,23.018,-2.902,-0.591,-57.269,-0.0063,-0.0034,0.9907,
16.944,IMU,-7.6938,0.3409,-3.6764,4.9428,5.5394,23.018,-2.882,-0.634,-57.197,0.0352,-0.0269,0.9937,
16.949,ENC,-7.5949,0.4483,-3.5733,4.9428,5.3689,23.042,-2.882,-0.634,-57.197,0.0352,-0.0269,0.9937,
16.963,IMU,-7.5949,0.4483,-3.5733,4.9428,5.3689,23.042,-2.933,-0.645,-57.137,0.0898,-0.0171,1.0435,
16.969,ENC,-7.4995,0.5505,-3.4745,4.7724,5.1133,23.062,-2.933,-0.645,-57.137,0.0898,-0.0171,1.0435,
16.983,IMU,-7.4995,0.5505,-3.4745,4.7724,5.1133,23.062,-2.907,-0.651,-57.213,0.0132,-0.0181,1.0137,
16.989,ENC,-7.3853,0.6545,-3.3654,5.7098,5.1985,23.032,-2.907,-0.651,-57.213,0.0132,-0.0181,1.0137,
17.003,IMU,-7.3853,0.6545,-3.3654,5.7098,5.1985,23.032,-2.904,-0.678,-57.171,0.0352,-0.0239,1.0562,
17.009,ENC,-7.2591,0.7602,-3.2495,6.3064,5.2837,22.974,-2.904,-0.678,-57.171,0.0352,-0.0239,1.0562,
17.023,IMU,-7.2591,0.7602,-3.2495,6.3064,5.2837,22.974,-2.885,-0.747,-57.160,0.0693,-0.0186,0.9858,
17.029,ENC,-7.1518,0.8658,-3.1430,5.3689,5.2837,22.969,-2.885,-0.747,-57.160,0.0693,-0.0186,0.9858,
17.046,IMU,-7.1518,0.8658,-3.1430,5.3689,5.2837,22.969,-2.863,-0.708,-57.094,0.0352,0.0112,1.0269,
17.065,IMU,-7.1518,0.8658,-3.1430,5.3689,5.2837,22.969,-2.902,-0.723,-57.105,0.1001,-0.0059,0.9878,
17.069,ENC,-6.9387,1.0840,-2.9273,5.3263,5.4542,22.983,-2.902,-0.723,-57.105,0.1001,-0.0059,0.9878,
17.087,IMU,-6.9387,1.0840,-2.9273,5.3263,5.4542,22.983,-2.922,-0.696,-57.120,0.0566,0.0054,1.0029,
17.104,IMU,-6.9387,1.0840,-2.9273,5.3263,5.4542,22.983,-2.836,-0.690,-57.148,-0.0757,-0.0234,1.0103,
17.111,ENC,-6.7188,1.2902,-2.7143,5.4968,5.1559,22.944,-2.836,-0.690,-57.148,-0.0757,-0.0234,1.0103,
17.123,IMU,-6.7188,1.2902,-2.7143,5.4968,5.1559,22.944,-2.885,-0.640,-57.138,0.0864,0.0093,0.9902,
17.129,ENC,-6.6098,1.3942,-2.6078,5.4542,5.1985,22.930,-2.885,-0.640,-57.138,0.0864,0.0093,0.9902,
17.144,IMU,-6.6098,1.3942,-2.6078,5.4542,5.1985,22.930,-2.869,-0.630,-57.129,0.0278,0.0073,0.9521,
17.149,ENC,-6.4973,1.4846,-2.5064,5.6246,4.5167,22.866,-2.869,-0.630,-57.129,0.0278,0.0073,0.9521,
17.163,IMU,-6.4973,1.4846,-2.5064,5.6246,4.5167,22.866,-2.864,-0.672,-57.188,0.0483,-0.0342,1.0142,
17.171,ENC,-6.3865,1.5851,-2.4007,5.5394,5.0280,22.837,-2.864,-0.672,-57.188,0.0483,-0.0342,1.0142,
17.183,IMU,-6.3865,1.5851,-2.4007,5.5394,5.0280,22.837,-2.891,-0.679,-57.190,0.0854,-0.0166,0.9873,
17.189,ENC,-6.2757,1.6857,-2.2950,5.5394,5.0280,22.808,-2.891,-0.679,-57.190,0.0854,-0.0166,0.9873,
17.205,IMU,-6.2757,1.6857,-2.2950,5.5394,5.0280,22.808,-2.913,-0.674,-57.176,0.0737,0.0176,1.0400,
17.218,ENC,-6.1649,1.7777,-2.1936,5.5394,4.6019,22.754,-2.913,-0.674,-57.176,0.0737,0.0176,1.0400,
17.225,IMU,-6.1649,1.7777,-2.1936,5.5394,4.6019,22.754,-2.901,-0.696,-57.129,0.0190,-0.0166,1.0332,
17.232,ENC,-6.0507,1.8902,-2.0802,5.7098,5.6246,22.749,-2.901,-0.696,-57.129,0.0190,-0.0166,1.0332,
17.247,IMU,-6.0507,1.8902,-2.0802,5.7098,5.6246,22.749,-2.872,-0.607,-57.116,0.0586,0.0562,0.9458,
17.251,ENC,-5.9416,2.0078,-1.9669,5.4542,5.8803,22.773,-2.872,-0.607,-57.116,0.0586,0.0562,0.9458,
17.266,IMU,-5.9416,2.0078,-1.9669,5.4542,5.8803,22.773,-2.902,-0.605,-57.031,0.0532,-0.0093,0.9893,
17.270,ENC,-5.8359,2.1118,-1.8621,5.2837,5.1985,22.769,-2.902,-0.605,-57.031,0.0532,-0.0093,0.9893,
17.284,IMU,-5.8359,2.1118,-1.8621,5.2837,5.1985,22.769,-2.880,-0.568,-57.004,0.0293,-0.0083,1.0078,
17.303,IMU,-5.8359,2.1118,-1.8621,5.2837,5.1985,22.769,-2.835,-0.559,-56.987,0.0605,-0.0146,0.9878,
17.309,ENC,-5.6229,2.3317,-1.6456,5.3263,5.4968,22.788,-2.835,-0.559,-56.987,0.0605,-0.0146,0.9878,
17.326,IMU,-5.6229,2.3317,-1.6456,5.3263,5.4968,22.788,-2.883,-0.512,-56.975,0.0918,0.0352,0.9912,
17.329,ENC,-5.5240,2.4407,-1.5417,4.9428,5.4542,22.817,-2.883,-0.512,-56.975,0.0918,0.0352,0.9912,
17.348,IMU,-5.5240,2.4407,-1.5417,4.9428,5.4542,22.817,-2.867,-0.511,-56.959,0.0225,-0.0283,1.0337,
17.351,ENC,-5.4252,2.5635,-1.4309,4.9428,6.1359,22.886,-2.867,-0.511,-56.959,0.0225,-0.0283,1.0337,
17.364,IMU,-5.4252,2.5635,-1.4309,4.9428,6.1359,22.886,-2.816,-0.522,-56.965,-0.0205,-0.0269,0.9966,
17.369,ENC,-5.3246,2.6759,-1.3243,5.0280,5.6246,22.920,-2.816,-0.522,-56.965,-0.0205,-0.0269,0.9966,
17.383,IMU,-5.3246,2.6759,-1.3243,5.0280,5.6246,22.920,-2.817,-0.479,-56.949,0.0210,0.0127,1.0283,
17.389,ENC,-5.2189,2.7799,-1.2195,5.2837,5.1985,22.915,-2.817,-0.479,-56.949,0.0210,0.0127,1.0283,
17.403,IMU,-5.2189,2.7799,-1.2195,5.2837,5.1985,22.915,-2.894,-0.441,-56.960,0.1235,0.0366,0.9795,
17.409,ENC,-5.1167,2.8856,-1.1155,5.1133,5.2837,22.925,-2.894,-0.441,-56.960,0.1235,0.0366,0.9795,
17.425,IMU,-5.1167,2.8856,-1.1155,5.1133,5.2837,22.925,-2.979,-0.430,-56.932,0.1025,-0.0264,0.9619,
17.429,ENC,-5.0178,2.9930,-1.0124,4.9428,5.3689,22.949,-2.979,-0.430,-56.932,0.1025,-0.0264,0.9619,
17.443,IMU,-5.0178,2.9930,-1.0124,4.9428,5.3689,22.949,-3.070,-0.408,-56.903,0.1299,0.0107,1.0522,
17.451,ENC,-4.9087,3.1089,-0.8999,5.4542,5.7950,22.969,-3.070,-0.408,-56.903,0.1299,0.0107,1.0522,
17.463,IMU,-4.9087,3.1089,-0.8999,5.4542,5.7950,22.969,-3.140,-0.331,-56.888,0.1411,0.0068,0.9771,
17.469,ENC,-4.8065,3.2282,-0.7891,5.1133,5.9655,23.018,-3.140,-0.331,-56.888,0.1411,0.0068,0.9771,
17.483,IMU,-4.8065,3.2282,-0.7891,5.1133,5.9655,23.018,-3.091,-0.358,-56.858,0.0210,-0.0132,1.0312,
17.489,ENC,-4.7042,3.3407,-0.6818,5.1133,5.6246,23.047,-3.091,-0.358,-56.858,0.0210,-0.0132,1.0312,
17.503,IMU,-4.7042,3.3407,-0.6818,5.1133,5.6246,23.047,-3.112,-0.364,-56.813,0.0293,0.0215,1.0020,
17.509,ENC,-4.5934,3.4566,-0.5684,5.5394,5.7950,23.062,-3.112,-0.364,-56.813,0.0293,0.0215,1.0020,
17.523,IMU,-4.5934,3.4566,-0.5684,5.5394,5.7950,23.062,-3.119,-0.377,-56.801,0.0508,-0.0312,1.0054,
17.529,ENC,-4.4877,3.5793,-0.4542,5.2837,6.1359,23.110,-3.119,-0.377,-56.801,0.0508,-0.0312,1.0054,
17.545,IMU,-4.4877,3.5793,-0.4542,5.2837,6.1359,23.110,-3.077,-0.392,-56.825,0.0449,-0.0317,0.9966,
17.549,ENC,-4.3770,3.6918,-0.3426,5.5394,5.6246,23.115,-3.077,-0.392,-56.825,0.0449,-0.0317,0.9966,
17.563,IMU,-4.3770,3.6918,-0.3426,5.5394,5.6246,23.115,-3.043,-0.445,-56.793,0.0107,-0.0283,1.0078,
17.569,ENC,-4.2730,3.8111,-0.2309,5.1985,5.9655,23.159,-3.043,-0.445,-56.793,0.0107,-0.0283,1.0078,
17.583,IMU,-4.2730,3.8111,-0.2309,5.1985,5.9655,23.159,-3.054,-0.427,-56.813,0.0288,0.0098,0.9819,
17.589,ENC,-4.1673,3.9270,-0.1202,5.2837,5.7950,23.188,-3.054,-0.427,-56.813,0.0288,0.0098,0.9819,
17.604,IMU,-4.1673,3.9270,-0.1202,5.2837,5.7950,23.188,-3.049,-0.423,-56.838,0.0420,0.0029,0.9487,
17.609,ENC,-4.0582,4.0378,-0.0102,5.4542,5.5394,23.193,-3.049,-0.423,-56.838,0.0420,0.0029,0.9487,
17.623,IMU,-4.0582,4.0378,-0.0102,5.4542,5.5394,23.193,-2.995,-0.419,-56.844,0.0112,-0.0068,0.9668,
17.630,ENC,-3.9457,4.1452,0.0997,5.6246,5.3689,23.179,-2.995,-0.419,-56.844,0.0112,-0.0068,0.9668,
17.643,IMU,-3.9457,4.1452,0.0997,5.6246,5.3689,23.179,-3.027,-0.424,-56.865,0.0513,0.0020,0.9604,
17.651,ENC,-3.8401,4.2508,0.2054,5.2837,5.2837,23.179,-3.027,-0.424,-56.865,0.0513,0.0020,0.9604,
17.663,IMU,-3.8401,4.2508,0.2054,5.2837,5.2837,23.179,-3.014,-0.443,-56.842,0.0205,0.0044,1.0127,
17.669,ENC,-3.7378,4.3497,0.3059,5.1133,4.9428,23.169,-3.014,-0.443,-56.842,0.0205,0.0044,1.0127,
17.683,IMU,-3.7378,4.3497,0.3059,5.1133,4.9428,23.169,-3.003,-0.412,-56.810,0.0342,0.0029,1.0049,
17.690,ENC,-3.6389,4.4520,0.4065,4.9428,5.1133,23.179,-3.003,-0.412,-56.810,0.0342,0.0029,1.0049,
17.704,IMU,-3.6389,4.4520,0.4065,4.9428,5.1133,23.179,-3.051,-0.360,-56.795,0.1099,0.0396,1.0088,
17.709,ENC,-3.5401,4.5491,0.5045,4.9428,4.8576,23.174,-3.051,-0.360,-56.795,0.1099,0.0396,1.0088,
17.724,IMU,-3.5401,4.5491,0.5045,4.9428,4.8576,23.174,-2.961,-0.318,-56.802,-0.0356,0.0474,0.9517,
17.729,ENC,-3.4429,4.6428,0.6000,4.8576,4.6872,23.164,-2.961,-0.318,-56.802,-0.0356,0.0474,0.9517,
17.743,IMU,-3.4429,4.6428,0.6000,4.8576,4.6872,23.164,-2.889,-0.305,-56.866,0.0449,-0.0161,0.9634,
17.750,ENC,-3.3543,4.7315,0.6886,4.4315,4.4315,23.164,-2.889,-0.305,-56.866,0.0449,-0.0161,0.9634,
17.763,IMU,-3.3543,4.7315,0.6886,4.4315,4.4315,23.164,-2.906,-0.262,-56.835,0.0459,0.0181,1.0137,
17.769,ENC,-3.2691,4.8218,0.7764,4.2611,4.5167,23.179,-2.906,-0.262,-56.835,0.0459,0.0181,1.0137,
17.783,IMU,-3.2691,4.8218,0.7764,4.2611,4.5167,23.179,-2.931,-0.271,-56.840,0.0767,0.0361,1.0273,
17.789,ENC,-3.1805,4.9036,0.8616,4.4315,4.0906,23.159,-2.931,-0.271,-56.840,0.0767,0.0361,1.0273,
17.803,IMU,-3.1805,4.9036,0.8616,4.4315,4.0906,23.159,-2.924,-0.272,-56.833,0.0234,0.0176,1.0029,
17.809,ENC,-3.0986,4.9752,0.9383,4.0906,3.5793,23.130,-2.924,-0.272,-56.833,0.0234,0.0176,1.0029,
17.825,IMU,-3.0986,4.9752,0.9383,4.0906,3.5793,23.130,-2.934,-0.293,-56.877,0.0361,0.0078,0.9785,
17.833,ENC,-3.0219,5.0519,1.0150,3.8350,3.8350,23.130,-2.934,-0.293,-56.877,0.0361,0.0078,0.9785,
17.843,IMU,-3.0219,5.0519,1.0150,3.8350,3.8350,23.130,-2.913,-0.283,-56.859,0.0532,0.0371,0.9956,
17.849,ENC,-2.9538,5.1201,1.0832,3.4088,3.4088,23.130,-2.913,-0.283,-56.859,0.0532,0.0371,0.9956,
17.863,IMU,-2.9538,5.1201,1.0832,3.4088,3.4088,23.130,-2.966,-0.213,-56.828,0.0732,0.0229,0.9927,
17.872,ENC,-2.8873,5.1849,1.1488,3.3236,3.2384,23.125,-2.966,-0.213,-56.828,0.0732,0.0229,0.9927,
17.884,IMU,-2.8873,5.1849,1.1488,3.3236,3.2384,23.125,-2.991,-0.259,-56.873,0.0962,-0.0103,1.0161,
17.890,ENC,-2.8123,5.2445,1.2161,3.7497,2.9827,23.081,-2.991,-0.259,-56.873,0.0962,-0.0103,1.0161,
17.903,IMU,-2.8123,5.2445,1.2161,3.7497,2.9827,23.081,-2.990,-0.277,-56.964,0.0391,-0.0137,1.0347,
17.909,ENC,-2.7424,5.2939,1.2758,3.4941,2.4714,23.022,-2.990,-0.277,-56.964,0.0391,-0.0137,1.0347,
17.927,IMU,-2.7424,5.2939,1.2758,3.4941,2.4714,23.022,-2.974,-0.367,-56.976,0.0571,-0.0391,0.9912,
17.944,IMU,-2.7424,5.2939,1.2758,3.4941,2.4714,23.022,-2.949,-0.391,-56.980,0.0425,-0.0298,0.9780,
17.949,ENC,-2.6027,5.4150,1.4061,3.4941,3.0254,22.969,-2.949,-0.391,-56.980,0.0425,-0.0298,0.9780,
17.965,IMU,-2.6027,5.4150,1.4061,3.4941,3.0254,22.969,-2.924,-0.380,-56.950,0.0234,-0.0229,0.9961,
17.969,ENC,-2.5311,5.4746,1.4718,3.5793,2.9827,22.935,-2.924,-0.380,-56.950,0.0234,-0.0229,0.9961,
17.987,IMU,-2.5311,5.4746,1.4718,3.5793,2.9827,22.935,-3.015,-0.294,-57.031,0.1250,0.0483,1.0444,
17.989,ENC,-2.4595,5.5326,1.5365,3.5793,2.8975,22.896,-3.015,-0.294,-57.031,0.1250,0.0483,1.0444,
18.003,IMU,-2.4595,5.5326,1.5365,3.5793,2.8975,22.896,-2.996,-0.246,-57.208,0.0698,0.0332,0.9141,
18.009,ENC,-2.3862,5.5718,1.5928,3.6645,1.9601,22.798,-2.996,-0.246,-57.208,0.0698,0.0332,0.9141,
18.024,IMU,-2.3862,5.5718,1.5928,3.6645,1.9601,22.798,-2.918,-0.294,-57.289,-0.0430,-0.0381,1.0635,
18.046,IMU,-2.3862,5.5718,1.5928,3.6645,1.9601,22.798,-2.825,-0.299,-57.283,0.0103,-0.0342,1.0029,
18.051,ENC,-2.2464,5.6655,1.7095,3.4941,2.3436,22.666,-2.825,-0.299,-57.283,0.0103,-0.0342,1.0029,
18.065,IMU,-2.2464,5.6655,1.7095,3.4941,2.3436,22.666,-2.791,-0.421,-57.242,0.0244,-0.1016,1.0132,
18.069,ENC,-2.1868,5.7235,1.7683,2.9827,2.8975,22.661,-2.791,-0.421,-57.242,0.0244,-0.1016,1.0132,
18.084,IMU,-2.1868,5.7235,1.7683,2.9827,2.8975,22.661,-2.853,-0.411,-57.247,0.0776,-0.0156,0.9736,
18.089,ENC,-2.1203,5.7746,1.8271,3.3236,2.5566,22.617,-2.853,-0.411,-57.247,0.0776,-0.0156,0.9736,
18.106,IMU,-2.1203,5.7746,1.8271,3.3236,2.5566,22.617,-2.872,-0.465,-57.260,0.0503,-0.0430,1.0625,
18.109,ENC,-2.0504,5.8376,1.8936,3.4941,3.1532,22.598,-2.872,-0.465,-57.260,0.0503,-0.0430,1.0625,
18.140,ENC,-1.9788,5.9041,1.9626,3.5793,3.3236,22.583,-2.872,-0.465,-57.260,0.0503,-0.0430,1.0625,
18.143,IMU,-1.9788,5.9041,1.9626,3.5793,3.3236,22.583,-2.866,-0.490,-57.233,0.0591,-0.0435,1.0059,
18.146,IMU,-1.9788,5.9041,1.9626,3.5793,3.3236,22.583,-2.842,-0.502,-57.228,0.0156,-0.0474,0.9912,
18.149,ENC,-1.9175,5.9774,2.0300,3.0680,3.6645,22.617,-2.842,-0.502,-57.228,0.0156,-0.0474,0.9912,
18.164,IMU,-1.9175,5.9774,2.0300,3.0680,3.6645,22.617,-2.911,-0.538,-57.224,0.0806,-0.0269,0.9824,
18.170,ENC,-1.8510,6.0558,2.1024,3.3236,3.9202,22.651,-2.911,-0.538,-57.224,0.0806,-0.0269,0.9824,
18.184,IMU,-1.8510,6.0558,2.1024,3.3236,3.9202,22.651,-2.991,-0.622,-57.240,0.1206,-0.0518,1.0049,
18.189,ENC,-1.7845,6.1308,2.1731,3.3236,3.7497,22.676,-2.991,-0.622,-57.240,0.1206,-0.0518,1.0049,
18.203,IMU,-1.7845,6.1308,2.1731,3.3236,3.7497,22.676,-3.004,-0.586,-57.233,0.0747,0.0068,1.0034,
18.209,ENC,-1.7129,6.2126,2.2498,3.5793,4.0906,22.705,-3.004,-0.586,-57.233,0.0747,0.0068,1.0034,
18.223,IMU,-1.7129,6.2126,2.2498,3.5793,4.0906,22.705,-2.979,-0.544,-57.227,0.0273,0.0054,0.9326,
18.230,ENC,-1.6380,6.2978,2.3299,3.7497,4.2611,22.734,-2.979,-0.544,-57.227,0.0273,0.0054,0.9326,
18.247,IMU,-1.6380,6.2978,2.3299,3.7497,4.2611,22.734,-2.946,-0.539,-57.230,0.0112,0.0195,1.0479,
18.249,ENC,-1.5630,6.3865,2.4118,3.7497,4.4315,22.773,-2.946,-0.539,-57.230,0.0112,0.0195,1.0479,
18.266,IMU,-1.5630,6.3865,2.4118,3.7497,4.4315,22.773,-2.927,-0.572,-57.243,0.0386,-0.0293,0.9937,
18.269,ENC,-1.4794,6.4751,2.4978,4.1758,4.4315,22.788,-2.927,-0.572,-57.243,0.0386,-0.0293,0.9937,
18.286,IMU,-1.4794,6.4751,2.4978,4.1758,4.4315,22.788,-2.905,-0.577,-57.273,-0.0078,0.0190,1.0210,
18.289,ENC,-1.3942,6.5603,2.5831,4.2611,4.2611,22.788,-2.905,-0.577,-57.273,-0.0078,0.0190,1.0210,
18.303,IMU,-1.3942,6.5603,2.5831,4.2611,4.2611,22.788,-2.935,-0.581,-57.284,0.0874,0.0005,0.9692,
18.310,ENC,-1.3141,6.6490,2.6674,4.0054,4.4315,22.812,-2.935,-0.581,-57.284,0.0874,0.0005,0.9692,
18.323,IMU,-1.3141,6.6490,2.6674,4.0054,4.4315,22.812,-2.942,-0.599,-57.282,0.0933,-0.0093,1.0151,
18.329,ENC,-1.2255,6.7342,2.7543,4.4315,4.2611,22.803,-2.942,-0.599,-57.282,0.0933,-0.0093,1.0151,
18.349,ENC,-1.1420,6.8211,2.8396,4.1758,4.3463,22.812,-2.942,-0.599,-57.282,0.0933,-0.0093,1.0151,
18.352,IMU,-1.1420,6.8211,2.8396,4.1758,4.3463,22.812,-2.901,-0.589,-57.319,0.0386,0.0078,0.9849,
18.364,IMU,-1.1420,6.8211,2.8396,4.1758,4.3463,22.812,-2.846,-0.612,-57.358,0.0518,-0.0215,0.9839,
18.371,ENC,-1.0516,6.9097,2.9291,4.5167,4.4315,22.808,-2.846,-0.612,-57.358,0.0518,-0.0215,0.9839,
18.383,IMU,-1.0516,6.9097,2.9291,4.5167,4.4315,22.808,-2.838,-0.623,-57.347,0.0479,-0.0254,0.9985,
18.389,ENC,-0.9613,7.0001,3.0194,4.5167,4.5167,22.808,-2.838,-0.623,-57.347,0.0479,-0.0254,0.9985,
18.403,IMU,-0.9613,7.0001,3.0194,4.5167,4.5167,22.808,-2.785,-0.623,-57.328,0.0151,-0.0200,0.9907,
18.409,ENC,-0.8744,7.0887,3.1072,4.3463,4.4315,22.812,-2.785,-0.623,-57.328,0.0151,-0.0200,0.9907,
18.423,IMU,-0.8744,7.0887,3.1072,4.3463,4.4315,22.812,-2.736,-0.599,-57.398,0.0034,-0.0107,0.9771,
18.430,ENC,-0.7857,7.1756,3.1949,4.4315,4.3463,22.808,-2.736,-0.599,-57.398,0.0034,-0.0107,0.9771,
18.444,IMU,-0.7857,7.1756,3.1949,4.4315,4.3463,22.808,-2.774,-0.694,-57.364,0.0674,-0.0845,1.0078,
18.449,ENC,-0.6937,7.2677,3.2870,4.6019,4.6019,22.808,-2.774,-0.694,-57.364,0.0674,-0.0845,1.0078,
18.464,IMU,-0.6937,7.2677,3.2870,4.6019,4.6019,22.808,-2.781,-0.684,-57.379,0.0684,0.0083,0.9473,
18.470,ENC,-0.6034,7.3563,3.3765,4.5167,4.4315,22.803,-2.781,-0.684,-57.379,0.0684,0.0083,0.9473,
18.483,IMU,-0.6034,7.3563,3.3765,4.5167,4.4315,22.803,-2.749,-0.665,-57.386,0.0776,-0.0176,1.0513,
18.489,ENC,-0.5062,7.4449,3.4694,4.8576,4.4315,22.778,-2.749,-0.665,-57.386,0.0776,-0.0176,1.0513,
18.503,IMU,-0.5062,7.4449,3.4694,4.8576,4.4315,22.778,-2.857,-0.585,-57.364,0.1299,0.0464,0.9595,
18.512,ENC,-0.4108,7.5284,3.5588,4.7724,4.1758,22.744,-2.857,-0.585,-57.364,0.1299,0.0464,0.9595,
18.525,IMU,-0.4108,7.5284,3.5588,4.7724,4.1758,22.744,-2.816,-0.635,-57.436,0.0190,-0.0425,1.0215,
18.529,ENC,-0.3000,7.6222,3.6611,5.5394,4.6872,22.695,-2.816,-0.635,-57.436,0.0190,-0.0425,1.0215,
18.543,IMU,-0.3000,7.6222,3.6611,5.5394,4.6872,22.695,-2.769,-0.594,-57.425,-0.0068,0.0024,0.9688,
18.551,ENC,-0.1960,7.7125,3.7583,5.1985,4.5167,22.656,-2.769,-0.594,-57.425,-0.0068,0.0024,0.9688,
18.563,IMU,-0.1960,7.7125,3.7583,5.1985,4.5167,22.656,-2.752,-0.569,-57.408,0.0615,-0.0029,0.9834,
18.569,ENC,-0.0920,7.7960,3.8520,5.1985,4.1758,22.598,-2.752,-0.569,-57.408,0.0615,-0.0029,0.9834,
18.584,IMU,-0.0920,7.7960,3.8520,5.1985,4.1758,22.598,-2.774,-0.537,-57.427,0.0503,-0.0107,1.0210,
18.589,ENC,0.0153,7.8830,3.9491,5.3689,4.3463,22.539,-2.774,-0.537,-57.427,0.0503,-0.0107,1.0210,
18.605,IMU,0.0153,7.8830,3.9491,5.3689,4.3463,22.539,-2.820,-0.543,-57.434,0.0649,-0.0396,0.9902,
18.609,ENC,0.1295,7.9682,4.0489,5.7098,4.2611,22.456,-2.820,-0.543,-57.434,0.0649,-0.0396,0.9902,
18.624,IMU,0.1295,7.9682,4.0489,5.7098,4.2611,22.456,-2.836,-0.557,-57.562,0.0635,-0.0063,1.0747,
18.629,ENC,0.2523,8.0398,4.1460,6.1359,3.5793,22.310,-2.836,-0.557,-57.562,0.0635,-0.0063,1.0747,
18.643,IMU,0.2523,8.0398,4.1460,6.1359,3.5793,22.310,-2.779,-0.522,-57.692,0.0190,-0.0122,0.9751,
18.649,ENC,0.3869,8.1045,4.2457,6.7325,3.2384,22.109,-2.779,-0.522,-57.692,0.0190,-0.0122,0.9751,
18.663,IMU,0.3869,8.1045,4.2457,6.7325,3.2384,22.109,-2.821,-0.501,-57.800,0.0850,0.0122,0.9688,
18.669,ENC,0.5216,8.1642,4.3429,6.7325,2.9827,21.895,-2.821,-0.501,-57.800,0.0850,0.0122,0.9688,
18.683,IMU,0.5216,8.1642,4.3429,6.7325,2.9827,21.895,-2.851,-0.413,-57.905,0.0498,0.0562,0.9746,
18.691,ENC,0.6545,8.2273,4.4409,6.6473,3.1532,21.694,-2.851,-0.413,-57.905,0.0498,0.0562,0.9746,
18.703,IMU,0.6545,8.2273,4.4409,6.6473,3.1532,21.694,-2.873,-0.335,-57.992,0.0396,0.0093,0.9375,
18.709,ENC,0.7874,8.2920,4.5397,6.6473,3.2384,21.499,-2.873,-0.335,-57.992,0.0396,0.0093,0.9375,
18.724,IMU,0.7874,8.2920,4.5397,6.6473,3.2384,21.499,-2.917,-0.317,-58.117,0.0747,-0.0151,1.0010,
18.729,ENC,0.9153,8.3500,4.6326,6.3916,2.8975,21.299,-2.917,-0.317,-58.117,0.0747,-0.0151,1.0010,
18.743,IMU,0.9153,8.3500,4.6326,6.3916,2.8975,21.299,-2.866,-0.276,-58.179,-0.0039,0.0264,0.9585,
18.751,ENC,1.0431,8.4062,4.7247,6.3916,2.8123,21.094,-2.866,-0.276,-58.179,-0.0039,0.0264,0.9585,
18.763,IMU,1.0431,8.4062,4.7247,6.3916,2.8123,21.094,-2.917,-0.266,-58.274,0.1074,0.0142,0.9614,
18.769,ENC,1.1692,8.4573,4.8133,6.3064,2.5566,20.879,-2.917,-0.266,-58.274,0.1074,0.0142,0.9614,
18.784,IMU,1.1692,8.4573,4.8133,6.3064,2.5566,20.879,-2.937,-0.211,-58.389,0.0527,0.0171,1.0352,
18.789,ENC,1.2902,8.4965,4.8934,6.0507,1.9601,20.645,-2.937,-0.211,-58.389,0.0527,0.0171,1.0352,
18.803,IMU,1.2902,8.4965,4.8934,6.0507,1.9601,20.645,-2.933,-0.223,-58.518,0.0532,0.0190,1.0527,
18.809,ENC,1.4096,8.5443,4.9769,5.9655,2.3862,20.439,-2.933,-0.223,-58.518,0.0532,0.0190,1.0527,
18.823,IMU,1.4096,8.5443,4.9769,5.9655,2.3862,20.439,-2.831,-0.142,-58.612,-0.0005,0.0645,0.9507,
18.830,ENC,1.5289,8.5835,5.0562,5.9655,1.9601,20.210,-2.831,-0.142,-58.612,-0.0005,0.0645,0.9507,
18.844,IMU,1.5289,8.5835,5.0562,5.9655,1.9601,20.210,-2.854,-0.080,-58.723,0.0806,0.0381,1.0264,
18.851,ENC,1.6431,8.6312,5.1371,5.7098,2.3862,20.020,-2.854,-0.080,-58.723,0.0806,0.0381,1.0264,
18.866,IMU,1.6431,8.6312,5.1371,5.7098,2.3862,20.020,-2.816,-0.024,-58.900,0.0176,0.0327,0.9438,
18.871,ENC,1.7624,8.6789,5.2206,5.9655,2.3862,19.814,-2.816,-0.024,-58.900,0.0176,0.0327,0.9438,
18.883,IMU,1.7624,8.6789,5.2206,5.9655,2.3862,19.814,-2.797,0.013,-58.988,0.0229,0.0254,1.0093,
18.889,ENC,1.8766,8.7266,5.3016,5.7098,2.3862,19.624,-2.797,0.013,-58.988,0.0229,0.0254,1.0093,
18.908,IMU,1.8766,8.7266,5.3016,5.7098,2.3862,19.624,-2.898,0.083,-59.073,0.1221,0.0410,0.9463,
18.910,ENC,1.9891,8.7727,5.3809,5.6246,2.3010,19.434,-2.898,0.083,-59.073,0.1221,0.0410,0.9463,
18.924,IMU,1.9891,8.7727,5.3809,5.6246,2.3010,19.434,-2.955,0.082,-59.088,0.0679,0.0059,0.9688,
18.930,ENC,2.1101,8.8221,5.4661,6.0507,2.4714,19.229,-2.955,0.082,-59.088,0.0679,0.0059,0.9688,
18.944,IMU,2.1101,8.8221,5.4661,6.0507,2.4714,19.229,-2.966,0.081,-59.159,0.0425,0.0029,1.0161,
18.949,ENC,2.2328,8.8732,5.5530,6.1359,2.5566,19.023,-2.966,0.081,-59.159,0.0425,0.0029,1.0161,
18.963,IMU,2.2328,8.8732,5.5530,6.1359,2.5566,19.023,-2.986,0.091,-59.223,0.0430,0.0166,0.9922,
18.969,ENC,2.3572,8.9261,5.6416,6.2211,2.6419,18.818,-2.986,0.091,-59.223,0.0430,0.0166,0.9922,
18.983,IMU,2.3572,8.9261,5.6416,6.2211,2.6419,18.818,-2.972,0.099,-59.309,0.0317,0.0068,0.9785,
18.989,ENC,2.4850,8.9755,5.7303,6.3916,2.4714,18.594,-2.972,0.099,-59.309,0.0317,0.0068,0.9785,
19.004,IMU,2.4850,8.9755,5.7303,6.3916,2.4714,18.594,-2.951,0.041,-59.427,0.0591,-0.0361,0.9707,
19.010,ENC,2.6112,9.0249,5.8180,6.3064,2.4714,18.374,-2.951,0.041,-59.427,0.0591,-0.0361,0.9707,
19.023,IMU,2.6112,9.0249,5.8180,6.3064,2.4714,18.374,-2.978,0.071,-59.535,0.0322,-0.0005,1.0376,
19.029,ENC,2.7288,9.0726,5.9007,5.8803,2.3862,18.174,-2.978,0.071,-59.535,0.0322,-0.0005,1.0376,
19.044,IMU,2.7288,9.0726,5.9007,5.8803,2.3862,18.174,-2.980,0.039,-59.668,0.0947,0.0112,1.0039,
19.049,ENC,2.8566,9.1221,5.9893,6.3916,2.4714,17.949,-2.980,0.039,-59.668,0.0947,0.0112,1.0039,
19.064,IMU,2.8566,9.1221,5.9893,6.3916,2.4714,17.949,-3.025,0.039,-59.793,0.0718,-0.0039,1.0073,
19.070,ENC,2.9861,9.1698,6.0780,6.4768,2.3862,17.715,-3.025,0.039,-59.793,0.0718,-0.0039,1.0073,
19.084,IMU,2.9861,9.1698,6.0780,6.4768,2.3862,17.715,-3.079,-0.031,-59.892,0.0903,-0.0229,1.0581,
19.092,ENC,3.1208,9.2141,6.1675,6.7325,2.2158,17.456,-3.079,-0.031,-59.892,0.0903,-0.0229,1.0581,
19.103,IMU,3.1208,9.2141,6.1675,6.7325,2.2158,17.456,-3.002,-0.054,-59.993,-0.0054,-0.0464,1.0044,
19.109,ENC,3.2486,9.2669,6.2578,6.3916,2.6419,17.241,-3.002,-0.054,-59.993,-0.0054,-0.0464,1.0044,
19.124,IMU,3.2486,9.2669,6.2578,6.3916,2.6419,17.241,-2.927,-0.056,-60.058,-0.0527,0.0142,0.9785,
19.129,ENC,3.3782,9.3130,6.3456,6.4768,2.3010,17.002,-2.927,-0.056,-60.058,-0.0527,0.0142,0.9785,
19.144,IMU,3.3782,9.3130,6.3456,6.4768,2.3010,17.002,-2.959,-0.064,-60.215,0.0684,0.0186,0.9751,
19.149,ENC,3.5060,9.3539,6.4299,6.3916,2.0453,16.753,-2.959,-0.064,-60.215,0.0684,0.0186,0.9751,
19.168,IMU,3.5060,9.3539,6.4299,6.3916,2.0453,16.753,-3.062,-0.054,-60.305,0.1138,0.0000,0.9355,
19.170,ENC,3.6304,9.3982,6.5143,6.2211,2.2158,16.523,-3.062,-0.054,-60.305,0.1138,0.0000,0.9355,
19.184,IMU,3.6304,9.3982,6.5143,6.2211,2.2158,16.523,-3.086,-0.048,-60.405,0.0508,-0.0166,0.9897,
19.189,ENC,3.7617,9.4425,6.6021,6.5620,2.2158,16.274,-3.086,-0.048,-60.405,0.0508,-0.0166,0.9897,
19.203,IMU,3.7617,9.4425,6.6021,6.5620,2.2158,16.274,-3.048,-0.035,-60.501,0.0215,-0.0015,0.9893,
19.214,ENC,3.8963,9.4868,6.6916,6.7325,2.2158,16.016,-3.048,-0.035,-60.501,0.0215,-0.0015,0.9893,
19.223,IMU,3.8963,9.4868,6.6916,6.7325,2.2158,16.016,-3.003,-0.059,-60.603,0.0518,-0.0151,1.0117,
19.234,ENC,4.0276,9.5328,6.7802,6.5620,2.3010,15.771,-3.003,-0.059,-60.603,0.0518,-0.0151,1.0117,
19.243,IMU,4.0276,9.5328,6.7802,6.5620,2.3010,15.771,-2.994,-0.018,-60.719,0.0327,0.0151,1.0337,
19.249,ENC,4.1605,9.5789,6.8697,6.6473,2.3010,15.522,-2.994,-0.018,-60.719,0.0327,0.0151,1.0337,
19.263,IMU,4.1605,9.5789,6.8697,6.6473,2.3010,15.522,-3.016,-0.090,-60.801,0.0664,-0.0576,1.0151,
19.269,ENC,4.2969,9.6249,6.9609,6.8177,2.3010,15.264,-3.016,-0.090,-60.801,0.0664,-0.0576,1.0151,
19.283,IMU,4.2969,9.6249,6.9609,6.8177,2.3010,15.264,-3.033,-0.045,-60.909,0.0781,0.0190,0.9497,
19.290,ENC,4.4281,9.6692,7.0486,6.5620,2.2158,15.015,-3.033,-0.045,-60.909,0.0781,0.0190,0.9497,
19.303,IMU,4.4281,9.6692,7.0486,6.5620,2.2158,15.015,-2.953,-0.052,-60.981,-0.0005,-0.0195,0.9863,
19.309,ENC,4.5491,9.7186,7.1339,6.0507,2.4714,14.810,-2.953,-0.052,-60.981,-0.0005,-0.0195,0.9863,
19.326,IMU,4.5491,9.7186,7.1339,6.0507,2.4714,14.810,-2.916,-0.081,-61.093,0.0454,0.0146,1.0122,
19.329,ENC,4.6752,9.7680,7.2216,6.3064,2.4714,14.590,-2.916,-0.081,-61.093,0.0454,0.0146,1.0122,
19.344,IMU,4.6752,9.7680,7.2216,6.3064,2.4714,14.590,-3.036,-0.066,-61.165,0.1499,0.0103,1.0186,
19.349,ENC,4.7945,9.8141,7.3043,5.9655,2.3010,14.380,-3.036,-0.066,-61.165,0.1499,0.0103,1.0186,
19.364,IMU,4.7945,9.8141,7.3043,5.9655,2.3010,14.380,-2.968,-0.147,-61.240,0.0063,-0.0605,1.0122,
19.369,ENC,4.9190,9.8669,7.3929,6.2211,2.6419,14.175,-2.968,-0.147,-61.240,0.0063,-0.0605,1.0122,
19.385,IMU,4.9190,9.8669,7.3929,6.2211,2.6419,14.175,-2.919,-0.124,-61.311,0.0078,-0.0239,0.9961,
19.396,ENC,5.0332,9.9180,7.4756,5.7098,2.5566,13.994,-2.919,-0.124,-61.311,0.0078,-0.0239,0.9961,
19.407,IMU,5.0332,9.9180,7.4756,5.7098,2.5566,13.994,-2.911,-0.111,-61.433,0.0493,0.0190,1.0117,
19.409,ENC,5.1354,9.9692,7.5523,5.1133,2.5566,13.848,-2.911,-0.111,-61.433,0.0493,0.0190,1.0117,
19.424,IMU,5.1354,9.9692,7.5523,5.1133,2.5566,13.848,-2.909,-0.100,-61.553,0.0439,0.0122,1.0303,
19.429,ENC,5.2428,10.0237,7.6333,5.3689,2.7271,13.696,-2.909,-0.100,-61.553,0.0439,0.0122,1.0303,
19.443,IMU,5.2428,10.0237,7.6333,5.3689,2.7271,13.696,-2.915,-0.150,-61.632,0.0376,-0.0186,1.0498,
19.449,ENC,5.3604,10.0800,7.7202,5.8803,2.8123,13.521,-2.915,-0.150,-61.632,0.0376,-0.0186,1.0498,
19.464,IMU,5.3604,10.0800,7.7202,5.8803,2.8123,13.521,-2.873,-0.158,-61.755,0.0420,0.0195,0.9619,
19.469,ENC,5.4746,10.1379,7.8063,5.7098,2.8975,13.359,-2.873,-0.158,-61.755,0.0420,0.0195,0.9619,
19.484,IMU,5.4746,10.1379,7.8063,5.7098,2.8975,13.359,-2.865,-0.160,-61.869,0.0293,-0.0200,1.0425,
19.489,ENC,5.5922,10.1942,7.8932,5.8803,2.8123,13.184,-2.865,-0.160,-61.869,0.0293,-0.0200,1.0425,
19.503,IMU,5.5922,10.1942,7.8932,5.8803,2.8123,13.184,-2.854,-0.155,-61.944,0.0396,0.0010,0.9990,
19.510,ENC,5.7132,10.2453,7.9793,6.0507,2.5566,12.983,-2.854,-0.155,-61.944,0.0396,0.0010,0.9990,
19.524,IMU,5.7132,10.2453,7.9793,6.0507,2.5566,12.983,-2.877,-0.173,-61.981,0.0332,-0.0010,1.0259,
19.529,ENC,5.8291,10.2981,8.0636,5.7950,2.6419,12.803,-2.877,-0.173,-61.981,0.0332,-0.0010,1.0259,
19.543,IMU,5.8291,10.2981,8.0636,5.7950,2.6419,12.803,-2.848,-0.161,-62.088,0.0029,0.0103,0.9785,
19.552,ENC,5.9501,10.3544,8.1523,6.0507,2.8123,12.617,-2.848,-0.161,-62.088,0.0029,0.0103,0.9785,
19.563,IMU,5.9501,10.3544,8.1523,6.0507,2.8123,12.617,-2.847,-0.138,-62.202,0.0439,0.0098,1.0420,
19.569,ENC,6.0677,10.4174,8.2426,5.8803,3.1532,12.461,-2.847,-0.138,-62.202,0.0439,0.0098,1.0420,
19.583,IMU,6.0677,10.4174,8.2426,5.8803,3.1532,12.461,-2.759,-0.121,-62.266,-0.0215,0.0010,0.9395,
19.589,ENC,6.1871,10.4822,8.3346,5.9655,3.2384,12.305,-2.759,-0.121,-62.266,-0.0215,0.0010,0.9395,
19.604,IMU,6.1871,10.4822,8.3346,5.9655,3.2384,12.305,-2.683,-0.098,-62.374,-0.0239,0.0117,1.0410,
19.611,ENC,6.3200,10.5436,8.4318,6.6473,3.0680,12.100,-2.683,-0.098,-62.374,-0.0239,0.0117,1.0410,
19.623,IMU,6.3200,10.5436,8.4318,6.6473,3.0680,12.100,-2.730,-0.009,-62.481,0.0552,0.0527,0.9727,
19.631,ENC,6.4547,10.6066,8.5306,6.7325,3.1532,11.895,-2.730,-0.009,-62.481,0.0552,0.0527,0.9727,
19.644,IMU,6.4547,10.6066,8.5306,6.7325,3.1532,11.895,-2.654,0.069,-62.556,-0.0347,0.0781,0.9722,
19.649,ENC,6.5808,10.6731,8.6269,6.3064,3.3236,11.724,-2.654,0.069,-62.556,-0.0347,0.0781,0.9722,
19.663,IMU,6.5808,10.6731,8.6269,6.3064,3.3236,11.724,-2.567,0.116,-62.616,-0.0195,0.0225,0.9629,
19.669,ENC,6.7069,10.7362,8.7215,6.3064,3.1532,11.543,-2.567,0.116,-62.616,-0.0195,0.0225,0.9629,
19.684,IMU,6.7069,10.7362,8.7215,6.3064,3.1532,11.543,-2.573,0.103,-62.750,0.0488,0.0049,0.9858,
19.689,ENC,6.8330,10.8009,8.8170,6.3064,3.2384,11.367,-2.573,0.103,-62.750,0.0488,0.0049,0.9858,
19.705,IMU,6.8330,10.8009,8.8170,6.3064,3.2384,11.367,-2.547,0.106,-62.828,0.0239,-0.0122,1.0029,
19.709,ENC,6.9592,10.8674,8.9133,6.3064,3.3236,11.196,-2.547,0.106,-62.828,0.0239,-0.0122,1.0029,
19.723,IMU,6.9592,10.8674,8.9133,6.3064,3.3236,11.196,-2.573,0.093,-62.916,0.0195,-0.0176,1.0073,
19.729,ENC,7.0921,10.9339,9.0130,6.6473,3.3236,11.006,-2.573,0.093,-62.916,0.0195,-0.0176,1.0073,
19.746,IMU,7.0921,10.9339,9.0130,6.6473,3.3236,11.006,-2.579,0.093,-62.970,0.0776,0.0156,0.9854,
19.749,ENC,7.2233,10.9969,9.1101,6.5620,3.1532,10.811,-2.579,0.093,-62.970,0.0776,0.0156,0.9854,
19.763,IMU,7.2233,10.9969,9.1101,6.5620,3.1532,10.811,-2.603,0.036,-63.089,0.0708,-0.0405,0.9673,
19.769,ENC,7.3631,11.0719,9.2175,6.9881,3.7497,10.625,-2.603,0.036,-63.089,0.0708,-0.0405,0.9673,
19.784,IMU,7.3631,11.0719,9.2175,6.9881,3.7497,10.625,-2.609,-0.040,-63.176,0.0664,-0.0259,1.0347,
19.789,ENC,7.4961,11.1435,9.3198,6.6473,3.5793,10.449,-2.609,-0.040,-63.176,0.0664,-0.0259,1.0347,
19.807,IMU,7.4961,11.1435,9.3198,6.6473,3.5793,10.449,-2.510,-0.098,-63.211,0.0029,-0.0459,0.9717,
19.810,ENC,7.6307,11.2202,9.4255,6.7325,3.8350,10.283,-2.510,-0.098,-63.211,0.0029,-0.0459,0.9717,
19.824,IMU,7.6307,11.2202,9.4255,6.7325,3.8350,10.283,-2.449,-0.161,-63.296,-0.0161,-0.0273,0.9307,
19.829,ENC,7.7585,11.3088,9.5337,6.3916,4.4315,10.171,-2.449,-0.161,-63.296,-0.0161,-0.0273,0.9307,
19.845,IMU,7.7585,11.3088,9.5337,6.3916,4.4315,10.171,-2.415,-0.198,-63.369,0.0532,-0.0039,0.9609,
19.849,ENC,7.8761,11.3924,9.6343,5.8803,4.1758,10.073,-2.415,-0.198,-63.369,0.0532,-0.0039,0.9609,
19.863,IMU,7.8761,11.3924,9.6343,5.8803,4.1758,10.073,-2.375,-0.222,-63.406,0.0469,-0.0161,0.9360,
19.887,IMU,7.8761,11.3924,9.6343,5.8803,4.1758,10.073,-2.298,-0.249,-63.393,-0.0317,-0.0205,1.0498,
19.889,ENC,8.1182,11.5799,9.8490,6.0507,4.6872,9.917,-2.298,-0.249,-63.393,-0.0317,-0.0205,1.0498,
19.908,IMU,8.1182,11.5799,9.8490,6.0507,4.6872,9.917,-2.259,-0.333,-63.430,0.0283,-0.0640,1.0649,
19.910,ENC,8.2273,11.6821,9.9547,5.4542,5.1133,9.897,-2.259,-0.333,-63.430,0.0283,-0.0640,1.0649,
19.924,IMU,8.2273,11.6821,9.9547,5.4542,5.1133,9.897,-2.227,-0.386,-63.385,-0.0410,-0.0298,1.0981,
19.929,ENC,8.3346,11.7946,10.0646,5.3689,5.6246,9.912,-2.227,-0.386,-63.385,-0.0410,-0.0298,1.0981,
19.944,IMU,8.3346,11.7946,10.0646,5.3689,5.6246,9.912,-2.123,-0.300,-63.414,-0.0449,0.0679,1.0132,
19.949,ENC,8.4437,11.9071,10.1754,5.4542,5.6246,9.922,-2.123,-0.300,-63.414,-0.0449,0.0679,1.0132,
19.963,IMU,8.4437,11.9071,10.1754,5.4542,5.6246,9.922,-2.179,-0.295,-63.356,0.0933,0.0039,1.0552,
19.969,ENC,8.5511,12.0230,10.2870,5.3689,5.7950,9.946,-2.179,-0.295,-63.356,0.0933,0.0039,1.0552,
19.989,ENC,8.6568,12.1440,10.4004,5.2837,6.0507,9.990,-2.179,-0.295,-63.356,0.0933,0.0039,1.0552,
20.007,IMU,8.6568,12.1440,10.4004,5.2837,6.0507,9.990,-2.211,-0.313,-63.323,0.0991,-0.0405,0.9590,
20.010,ENC,8.7658,12.2582,10.5120,5.4542,5.7098,10.005,-2.211,-0.313,-63.323,0.0991,-0.0405,0.9590,
20.023,IMU,8.7658,12.2582,10.5120,5.4542,5.7098,10.005,-2.223,-0.332,-63.317,0.0508,-0.0078,1.0332,
20.029,ENC,8.8783,12.3877,10.6330,5.6246,6.4768,10.054,-2.223,-0.332,-63.317,0.0508,-0.0078,1.0332,
20.043,IMU,8.8783,12.3877,10.6330,5.6246,6.4768,10.054,-2.210,-0.218,-63.282,0.0220,0.0732,0.9795,
20.049,ENC,8.9994,12.5122,10.7558,6.0507,6.2211,10.063,-2.210,-0.218,-63.282,0.0220,0.0732,0.9795,
20.065,IMU,8.9994,12.5122,10.7558,6.0507,6.2211,10.063,-2.208,-0.261,-63.270,0.0713,-0.0015,0.9961,
20.069,ENC,9.1118,12.6281,10.8700,5.6246,5.7950,10.073,-2.208,-0.261,-63.270,0.0713,-0.0015,0.9961,
20.084,IMU,9.1118,12.6281,10.8700,5.6246,5.7950,10.073,-2.274,-0.225,-63.246,0.0762,0.0454,0.9790,
20.091,ENC,9.2226,12.7525,10.9876,5.5394,6.2211,10.112,-2.274,-0.225,-63.246,0.0762,0.0454,0.9790,
20.110,IMU,9.2226,12.7525,10.9876,5.5394,6.2211,10.112,-2.347,-0.170,-63.235,0.1304,0.0557,0.9653,
20.112,ENC,9.3385,12.8701,11.1043,5.7950,5.8803,10.117,-2.347,-0.170,-63.235,0.1304,0.0557,0.9653,
20.125,IMU,9.3385,12.8701,11.1043,5.7950,5.8803,10.117,-2.312,-0.139,-63.175,-0.0254,0.0317,0.9727,
20.129,ENC,9.4493,12.9877,11.2185,5.5394,5.8803,10.137,-2.312,-0.139,-63.175,-0.0254,0.0317,0.9727,
20.144,IMU,9.4493,12.9877,11.2185,5.5394,5.8803,10.137,-2.326,-0.106,-63.180,0.0366,0.0010,0.9375,
20.149,ENC,9.5550,13.1155,11.3353,5.2837,6.3916,10.200,-2.326,-0.106,-63.180,0.0366,0.0010,0.9375,
20.165,IMU,9.5550,13.1155,11.3353,5.2837,6.3916,10.200,-2.352,-0.078,-63.153,0.0303,-0.0020,0.9512,
20.184,IMU,9.5550,13.1155,11.3353,5.2837,6.3916,10.200,-2.289,-0.173,-63.135,-0.0117,-0.0757,1.0376,
20.189,ENC,9.7800,13.3559,11.5679,5.6246,6.0081,10.244,-2.289,-0.173,-63.135,-0.0117,-0.0757,1.0376,
20.203,IMU,9.7800,13.3559,11.5679,5.6246,6.0081,10.244,-2.335,-0.083,-63.111,0.0718,0.0361,0.9995,
20.211,ENC,9.8857,13.4615,11.6736,5.2837,5.2837,10.244,-2.335,-0.083,-63.111,0.0718,0.0361,0.9995,
20.223,IMU,9.8857,13.4615,11.6736,5.2837,5.2837,10.244,-2.399,-0.003,-63.113,0.0610,0.0508,0.9751,
20.232,ENC,9.9964,13.5808,11.7886,5.5394,5.9655,10.269,-2.399,-0.003,-63.113,0.0610,0.0508,0.9751,
20.243,IMU,9.9964,13.5808,11.7886,5.5394,5.9655,10.269,-2.398,-0.034,-63.107,0.0405,-0.0107,0.9702,
20.249,ENC,10.1021,13.7036,11.9028,5.2837,6.1359,10.317,-2.398,-0.034,-63.107,0.0405,-0.0107,0.9702,
20.263,IMU,10.1021,13.7036,11.9028,5.2837,6.1359,10.317,-2.500,-0.011,-63.077,0.0972,0.0024,1.0283,
20.270,ENC,10.2078,13.8041,12.0060,5.2837,5.0280,10.303,-2.500,-0.011,-63.077,0.0972,0.0024,1.0283,
20.284,IMU,10.2078,13.8041,12.0060,5.2837,5.0280,10.303,-2.504,0.047,-63.062,0.0303,0.0532,1.0098,
20.303,IMU,10.2078,13.8041,12.0060,5.2837,5.0280,10.303,-2.504,0.077,-63.088,0.0552,0.0239,1.0410,
20.309,ENC,10.4225,14.0325,12.2275,5.3689,5.7098,10.342,-2.504,0.077,-63.088,0.0552,0.0239,1.0410,
20.323,IMU,10.4225,14.0325,12.2275,5.3689,5.7098,10.342,-2.436,0.060,-63.092,0.0029,-0.0024,0.9771,
20.329,ENC,10.5248,14.1348,12.3298,5.1133,5.1133,10.342,-2.436,0.060,-63.092,0.0029,-0.0024,0.9771,
20.345,IMU,10.5248,14.1348,12.3298,5.1133,5.1133,10.342,-2.483,0.038,-63.088,0.0654,-0.0015,0.9756,
20.349,ENC,10.6356,14.2439,12.4397,5.5394,5.4542,10.337,-2.483,0.038,-63.088,0.0654,-0.0015,0.9756,
20.364,IMU,10.6356,14.2439,12.4397,5.5394,5.4542,10.337,-2.544,0.018,-63.061,0.0825,-0.0195,1.0142,
20.369,ENC,10.7430,14.3495,12.5463,5.3689,5.2837,10.332,-2.544,0.018,-63.061,0.0825,-0.0195,1.0142,
20.384,IMU,10.7430,14.3495,12.5463,5.3689,5.2837,10.332,-2.575,0.060,-63.092,0.0503,0.0142,1.0190,
20.389,ENC,10.8469,14.4484,12.6477,5.1985,4.9428,10.317,-2.575,0.060,-63.092,0.0503,0.0142,1.0190,
20.405,IMU,10.8469,14.4484,12.6477,5.1985,4.9428,10.317,-2.574,0.095,-63.156,0.0815,0.0508,0.9775,
20.409,ENC,10.9577,14.5558,12.7568,5.5394,5.3689,10.308,-2.574,0.095,-63.156,0.0815,0.0508,0.9775,
20.423,IMU,10.9577,14.5558,12.7568,5.5394,5.3689,10.308,-2.561,0.084,-63.177,0.0703,0.0288,0.9604,
20.429,ENC,11.0685,14.6632,12.8658,5.5394,5.3689,10.298,-2.561,0.084,-63.177,0.0703,0.0288,0.9604,
20.443,IMU,11.0685,14.6632,12.8658,5.5394,5.3689,10.298,-2.482,-0.018,-63.151,-0.0161,-0.0845,0.9883,
20.449,ENC,11.1708,14.7654,12.9681,5.1133,5.1133,10.298,-2.482,-0.018,-63.151,-0.0161,-0.0845,0.9883,
20.463,IMU,11.1708,14.7654,12.9681,5.1133,5.1133,10.298,-2.450,0.005,-63.202,0.0361,0.0205,1.0337,
20.469,ENC,11.2765,14.8694,13.0729,5.2837,5.1985,10.293,-2.450,0.005,-63.202,0.0361,0.0205,1.0337,
20.483,IMU,11.2765,14.8694,13.0729,5.2837,5.1985,10.293,-2.569,0.075,-63.171,0.1284,0.0508,0.9146,
20.489,ENC,11.3821,14.9717,13.1769,5.2837,5.1133,10.283,-2.569,0.075,-63.171,0.1284,0.0508,0.9146,
20.503,IMU,11.3821,14.9717,13.1769,5.2837,5.1133,10.283,-2.561,0.057,-63.171,0.0337,-0.0146,0.9951,
20.509,ENC,11.4827,15.0739,13.2783,5.0280,5.1133,10.288,-2.561,0.057,-63.171,0.0337,-0.0146,0.9951,
20.531,ENC,11.5764,15.1728,13.3746,4.6872,4.9428,10.303,-2.561,0.057,-63.171,0.0337,-0.0146,0.9951,
20.534,IMU,11.5764,15.1728,13.3746,4.6872,4.9428,10.303,-2.575,0.042,-63.179,0.0396,-0.0063,1.0254,
20.543,IMU,11.5764,15.1728,13.3746,4.6872,4.9428,10.303,-2.506,0.001,-63.154,0.0122,-0.0454,1.0073,
20.549,ENC,11.6736,15.2767,13.4752,4.8576,5.1985,10.322,-2.506,0.001,-63.154,0.0122,-0.0454,1.0073,
20.564,IMU,11.6736,15.2767,13.4752,4.8576,5.1985,10.322,-2.474,-0.017,-63.158,0.0186,-0.0151,0.9478,
20.569,ENC,11.7725,15.3773,13.5749,4.9428,5.0280,10.327,-2.474,-0.017,-63.158,0.0186,-0.0151,0.9478,
20.588,IMU,11.7725,15.3773,13.5749,4.9428,5.0280,10.327,-2.467,-0.032,-63.117,-0.0078,0.0303,1.0459,
20.590,ENC,11.8662,15.4745,13.6703,4.6872,4.8576,10.337,-2.467,-0.032,-63.117,-0.0078,0.0303,1.0459,
20.603,IMU,11.8662,15.4745,13.6703,4.6872,4.8576,10.337,-2.415,-0.051,-63.116,-0.0093,0.0068,1.0229,
20.609,ENC,11.9616,15.5631,13.7624,4.7724,4.4315,10.317,-2.415,-0.051,-63.116,-0.0093,0.0068,1.0229,
20.628,IMU,11.9616,15.5631,13.7624,4.7724,4.4315,10.317,-2.419,-0.078,-63.093,0.0352,0.0024,1.0073,
20.630,ENC,12.0486,15.6636,13.8561,4.3463,5.0280,10.356,-2.419,-0.078,-63.093,0.0352,0.0024,1.0073,
20.646,IMU,12.0486,15.6636,13.8561,4.3463,5.0280,10.356,-2.462,-0.035,-63.098,0.0488,0.0659,1.0474,
20.649,ENC,12.1287,15.7608,13.9447,4.0054,4.8576,10.405,-2.462,-0.035,-63.098,0.0488,0.0659,1.0474,
20.663,IMU,12.1287,15.7608,13.9447,4.0054,4.8576,10.405,-2.421,0.063,-63.118,0.0088,0.0537,0.9678,
20.669,ENC,12.2173,15.8597,14.0385,4.4315,4.9428,10.435,-2.421,0.063,-63.118,0.0088,0.0537,0.9678,
20.683,IMU,12.2173,15.8597,14.0385,4.4315,4.9428,10.435,-2.461,0.097,-63.068,0.0776,-0.0063,0.9629,
20.689,ENC,12.3093,15.9585,14.1339,4.6019,4.9428,10.454,-2.461,0.097,-63.068,0.0776,-0.0063,0.9629,
20.706,IMU,12.3093,15.9585,14.1339,4.6019,4.9428,10.454,-2.520,0.080,-63.128,0.0601,-0.0103,0.9810,
20.709,ENC,12.3980,16.0523,14.2251,4.4315,4.6872,10.469,-2.520,0.080,-63.128,0.0601,-0.0103,0.9810,
20.724,IMU,12.3980,16.0523,14.2251,4.4315,4.6872,10.469,-2.499,0.145,-63.100,0.0239,0.0513,1.0132,
20.729,ENC,12.4951,16.1460,14.3206,4.8576,4.6872,10.459,-2.499,0.145,-63.100,0.0239,0.0513,1.0132,
20.743,IMU,12.4951,16.1460,14.3206,4.8576,4.6872,10.459,-2.582,0.200,-63.090,0.1548,0.0435,0.9233,
20.749,ENC,12.5855,16.2534,14.4194,4.5167,5.3689,10.508,-2.582,0.200,-63.090,0.1548,0.0435,0.9233,
20.764,IMU,12.5855,16.2534,14.4194,4.5167,5.3689,10.508,-2.601,0.254,-63.082,0.0664,0.0537,0.9775,
20.769,ENC,12.6758,16.3437,14.5098,4.5167,4.5167,10.508,-2.601,0.254,-63.082,0.0664,0.0537,0.9775,
20.789,ENC,12.7695,16.4443,14.6069,4.6872,5.0280,10.527,-2.601,0.254,-63.082,0.0664,0.0537,0.9775,
20.808,IMU,12.7695,16.4443,14.6069,4.6872,5.0280,10.527,-2.573,0.360,-63.093,0.0928,0.0337,0.8867,
20.810,ENC,12.8616,16.5414,14.7015,4.6019,4.8576,10.542,-2.573,0.360,-63.093,0.0928,0.0337,0.8867,
20.827,IMU,12.8616,16.5414,14.7015,4.6019,4.8576,10.542,-2.560,0.385,-63.047,0.0991,0.0464,1.0845,
20.832,ENC,12.9485,16.6369,14.7927,4.3463,4.7724,10.566,-2.560,0.385,-63.047,0.0991,0.0464,1.0845,
20.843,IMU,12.9485,16.6369,14.7927,4.3463,4.7724,10.566,-2.569,0.399,-63.113,0.0254,-0.0020,1.0415,
20.849,ENC,13.0405,16.7289,14.8847,4.6019,4.6019,10.566,-2.569,0.399,-63.113,0.0254,-0.0020,1.0415,
20.866,IMU,13.0405,16.7289,14.8847,4.6019,4.6019,10.566,-2.607,0.375,-63.104,0.0400,-0.0269,1.0005,
20.869,ENC,13.1650,16.8329,14.9989,6.2211,5.1985,10.508,-2.607,0.375,-63.104,0.0400,-0.0269,1.0005,
20.884,IMU,13.1650,16.8329,14.9989,6.2211,5.1985,10.508,-2.624,0.377,-63.128,0.0249,-0.0093,1.0088,
20.889,ENC,13.2706,16.9283,15.0995,5.2837,4.7724,10.479,-2.624,0.377,-63.128,0.0249,-0.0093,1.0088,
20.903,IMU,13.2706,16.9283,15.0995,5.2837,4.7724,10.479,-2.722,0.370,-63.120,0.1104,0.0044,0.9561,
20.909,ENC,13.3576,17.0221,15.1898,4.3463,4.6872,10.498,-2.722,0.370,-63.120,0.1104,0.0044,0.9561,
20.923,IMU,13.3576,17.0221,15.1898,4.3463,4.6872,10.498,-2.749,0.366,-63.144,0.0752,0.0137,1.0273,
20.931,ENC,13.4598,17.1192,15.2895,5.1133,4.8576,10.483,-2.749,0.366,-63.144,0.0752,0.0137,1.0273,
20.944,IMU,13.4598,17.1192,15.2895,5.1133,4.8576,10.483,-2.851,0.299,-63.159,0.1143,-0.0122,1.0234,
20.949,ENC,13.5485,17.2181,15.3833,4.4315,4.9428,10.513,-2.851,0.299,-63.159,0.1143,-0.0122,1.0234,
20.963,IMU,13.5485,17.2181,15.3833,4.4315,4.9428,10.513,-2.848,0.281,-63.138,0.0840,0.0205,0.9517,
20.969,ENC,13.6627,17.3152,15.4889,5.7098,4.8576,10.464,-2.848,0.281,-63.138,0.0840,0.0205,0.9517,
20.983,IMU,13.6627,17.3152,15.4889,5.7098,4.8576,10.464,-2.899,0.215,-63.112,0.1021,-0.0430,0.9126,
20.993,ENC,13.7598,17.4158,15.5878,4.8576,5.0280,10.474,-2.899,0.215,-63.112,0.1021,-0.0430,0.9126,
21.003,IMU,13.7598,17.4158,15.5878,4.8576,5.0280,10.474,-2.947,0.155,-63.132,0.1006,-0.0269,0.9985,
21.023,IMU,13.7598,17.4158,15.5878,4.8576,5.0280,10.474,-2.941,0.172,-63.173,0.0469,0.0054,1.0220,
21.031,ENC,14.0001,17.6169,15.8085,6.0081,5.0280,10.361,-2.941,0.172,-63.173,0.0469,0.0054,1.0220,
21.044,IMU,14.0001,17.6169,15.8085,6.0081,5.0280,10.361,-2.820,0.235,-63.217,-0.0059,0.0625,1.0127,
21.049,ENC,14.1160,17.7226,15.9193,5.7950,5.2837,10.332,-2.820,0.235,-63.217,-0.0059,0.0625,1.0127,
21.063,IMU,14.1160,17.7226,15.9193,5.7950,5.2837,10.332,-2.808,0.159,-63.224,0.0381,-0.0537,1.0981,
21.069,ENC,14.2302,17.8317,16.0310,5.7098,5.4542,10.317,-2.808,0.159,-63.224,0.0381,-0.0537,1.0981,
21.084,IMU,14.2302,17.8317,16.0310,5.7098,5.4542,10.317,-2.814,0.054,-63.250,0.0723,-0.0576,1.0312,
21.089,ENC,14.3461,17.9356,16.1409,5.7950,5.1985,10.283,-2.814,0.054,-63.250,0.0723,-0.0576,1.0312,
21.105,IMU,14.3461,17.9356,16.1409,5.7950,5.1985,10.283,-2.793,0.059,-63.272,0.0361,0.0132,0.9360,
21.110,ENC,14.4603,18.0413,16.2508,5.7098,5.2837,10.259,-2.793,0.059,-63.272,0.0361,0.0132,0.9360,
21.123,IMU,14.4603,18.0413,16.2508,5.7098,5.2837,10.259,-2.862,0.081,-63.228,0.1206,0.0200,0.9517,
21.132,ENC,14.5745,18.1538,16.3642,5.7098,5.6246,10.254,-2.862,0.081,-63.228,0.1206,0.0200,0.9517,
21.143,IMU,14.5745,18.1538,16.3642,5.7098,5.6246,10.254,-2.816,0.052,-63.264,0.0288,0.0034,1.1055,
21.148,ENC,14.6853,18.2646,16.4750,5.5394,5.5394,10.254,-2.816,0.052,-63.264,0.0288,0.0034,1.1055,
21.163,IMU,14.6853,18.2646,16.4750,5.5394,5.5394,10.254,-2.790,-0.087,-63.275,0.0532,-0.1177,0.9653,
21.170,ENC,14.7995,18.3652,16.5823,5.7098,5.0280,10.215,-2.790,-0.087,-63.275,0.0532,-0.1177,0.9653,
21.184,IMU,14.7995,18.3652,16.5823,5.7098,5.0280,10.215,-2.808,-0.027,-63.269,0.0635,0.0474,0.9844,
21.189,ENC,14.9120,18.4725,16.6923,5.6246,5.3689,10.200,-2.808,-0.027,-63.269,0.0635,0.0474,0.9844,
21.204,IMU,14.9120,18.4725,16.6923,5.6246,5.3689,10.200,-2.771,-0.042,-63.321,0.0454,-0.0088,0.9814,
21.212,ENC,15.0194,18.5782,16.7988,5.3689,5.2837,10.195,-2.771,-0.042,-63.321,0.0454,-0.0088,0.9814,
21.226,IMU,15.0194,18.5782,16.7988,5.3689,5.2837,10.195,-2.762,0.001,-63.362,0.0771,0.0342,0.9971,
21.229,ENC,15.1370,18.6839,16.9104,5.8803,5.2837,10.161,-2.762,0.001,-63.362,0.0771,0.0342,0.9971,
21.243,IMU,15.1370,18.6839,16.9104,5.8803,5.2837,10.161,-2.759,0.050,-63.373,0.0249,0.0391,1.0142,
21.249,ENC,15.2478,18.7947,17.0212,5.5394,5.5394,10.161,-2.759,0.050,-63.373,0.0249,0.0391,1.0142,
21.264,IMU,15.2478,18.7947,17.0212,5.5394,5.5394,10.161,-2.744,0.068,-63.447,0.0269,0.0210,1.1396,
21.269,ENC,15.3500,18.8935,17.1218,5.1133,4.9428,10.151,-2.744,0.068,-63.447,0.0269,0.0210,1.1396,
21.284,IMU,15.3500,18.8935,17.1218,5.1133,4.9428,10.151,-2.709,-0.014,-63.456,-0.0073,-0.0410,1.0454,
21.289,ENC,15.4574,19.0009,17.2292,5.3689,5.3689,10.151,-2.709,-0.014,-63.456,-0.0073,-0.0410,1.0454,
21.303,IMU,15.4574,19.0009,17.2292,5.3689,5.3689,10.151,-2.685,-0.044,-63.445,-0.0161,-0.0161,1.0571,
21.309,ENC,15.5546,19.1083,17.3314,4.8576,5.3689,10.181,-2.685,-0.044,-63.445,-0.0161,-0.0161,1.0571,
21.329,IMU,15.5546,19.1083,17.3314,4.8576,5.3689,10.181,-2.702,-0.061,-63.389,0.0752,-0.0215,0.9756,
21.331,ENC,15.6432,19.2106,17.4269,4.4315,5.1133,10.220,-2.702,-0.061,-63.389,0.0752,-0.0215,0.9756,
21.343,IMU,15.6432,19.2106,17.4269,4.4315,5.1133,10.220,-2.709,-0.030,-63.396,-0.0029,0.0156,1.1035,
21.349,ENC,15.7523,19.3179,17.5351,5.4542,5.3689,10.215,-2.709,-0.030,-63.396,-0.0029,0.0156,1.1035,
21.363,IMU,15.7523,19.3179,17.5351,5.4542,5.3689,10.215,-2.609,-0.046,-63.422,-0.0405,-0.0176,0.9922,
21.369,ENC,15.8511,19.4253,17.6382,4.9428,5.3689,10.239,-2.609,-0.046,-63.422,-0.0405,-0.0176,0.9922,
21.384,IMU,15.8511,19.4253,17.6382,4.9428,5.3689,10.239,-2.588,0.040,-63.418,0.0464,0.0796,0.9688,
21.389,ENC,15.9500,19.5276,17.7388,4.9428,5.1133,10.249,-2.588,0.040,-63.418,0.0464,0.0796,0.9688,
21.403,IMU,15.9500,19.5276,17.7388,4.9428,5.1133,10.249,-2.603,0.021,-63.408,0.0630,-0.0254,1.0303,
21.409,ENC,16.0591,19.6350,17.8470,5.4542,5.3689,10.244,-2.603,0.021,-63.408,0.0630,-0.0254,1.0303,
21.424,IMU,16.0591,19.6350,17.8470,5.4542,5.3689,10.244,-2.534,-0.001,-63.446,-0.0332,-0.0283,1.0967,
21.429,ENC,16.1579,19.7406,17.9493,4.9428,5.2837,10.264,-2.534,-0.001,-63.446,-0.0332,-0.0283,1.0967,
21.443,IMU,16.1579,19.7406,17.9493,4.9428,5.2837,10.264,-2.413,0.048,-63.484,-0.0669,0.0381,1.0386,
21.463,IMU,16.1579,19.7406,17.9493,4.9428,5.2837,10.264,-2.433,0.103,-63.470,0.0479,0.0415,0.9839,
21.471,ENC,16.3710,19.9520,18.1615,5.3263,5.2837,10.259,-2.433,0.103,-63.470,0.0479,0.0415,0.9839,
21.484,IMU,16.3710,19.9520,18.1615,5.3263,5.2837,10.259,-2.530,0.126,-63.476,0.1313,0.0024,0.8965,
21.489,ENC,16.4732,20.0628,18.2680,5.1133,5.5394,10.283,-2.530,0.126,-63.476,0.1313,0.0024,0.8965,
21.510,IMU,16.4732,20.0628,18.2680,5.1133,5.5394,10.283,-2.519,0.069,-63.507,0.0405,-0.0337,1.0532,
21.512,ENC,16.5772,20.1616,18.3694,5.1985,4.9428,10.269,-2.519,0.069,-63.507,0.0405,-0.0337,1.0532,
21.525,IMU,16.5772,20.1616,18.3694,5.1985,4.9428,10.269,-2.588,0.090,-63.504,0.1055,0.0107,0.9395,
21.529,ENC,16.6880,20.2724,18.4802,5.5394,5.5394,10.269,-2.588,0.090,-63.504,0.1055,0.0107,0.9395,
21.544,IMU,16.6880,20.2724,18.4802,5.5394,5.5394,10.269,-2.547,0.147,-63.498,0.0024,0.0664,0.9766,
21.549,ENC,16.8073,20.3934,18.6004,5.9655,6.0507,10.273,-2.547,0.147,-63.498,0.0024,0.0664,0.9766,
21.568,IMU,16.8073,20.3934,18.6004,5.9655,6.0507,10.273,-2.580,0.119,-63.501,0.0723,-0.0181,0.9370,
21.570,ENC,16.9300,20.5127,18.7214,6.1359,5.9655,10.264,-2.580,0.119,-63.501,0.0723,-0.0181,0.9370,
21.589,IMU,16.9300,20.5127,18.7214,6.1359,5.9655,10.264,-2.526,0.117,-63.474,0.0391,0.0078,0.9097,
21.591,ENC,17.0425,20.6269,18.8347,5.6246,5.7098,10.269,-2.526,0.117,-63.474,0.0391,0.0078,0.9097,
21.603,IMU,17.0425,20.6269,18.8347,5.6246,5.7098,10.269,-2.537,0.054,-63.505,0.0371,-0.0322,1.0161,
21.609,ENC,17.1635,20.7411,18.9523,6.0507,5.7098,10.249,-2.537,0.054,-63.505,0.0371,-0.0322,1.0161,
21.624,IMU,17.1635,20.7411,18.9523,6.0507,5.7098,10.249,-2.504,0.098,-63.551,0.0249,0.0391,1.0264,
21.629,ENC,17.2846,20.8570,19.0708,6.0507,5.7950,10.234,-2.504,0.098,-63.551,0.0249,0.0391,1.0264,
21.646,IMU,17.2846,20.8570,19.0708,6.0507,5.7950,10.234,-2.503,0.203,-63.579,0.0356,0.0747,0.9473,
21.649,ENC,17.4073,20.9729,19.1901,6.1359,5.7950,10.215,-2.503,0.203,-63.579,0.0356,0.0747,0.9473,
21.663,IMU,17.4073,20.9729,19.1901,6.1359,5.7950,10.215,-2.517,0.079,-63.622,0.0801,-0.0952,0.8965,
21.669,ENC,17.5402,21.0871,19.3137,6.6473,5.7098,10.161,-2.517,0.079,-63.622,0.0801,-0.0952,0.8965,
21.683,IMU,17.5402,21.0871,19.3137,6.6473,5.7098,10.161,-2.463,0.038,-63.618,0.0312,-0.0410,1.0073,
21.688,ENC,17.6629,21.2013,19.4321,6.1359,5.7098,10.137,-2.463,0.038,-63.618,0.0312,-0.0410,1.0073,
21.703,IMU,17.6629,21.2013,19.4321,6.1359,5.7098,10.137,-2.483,0.064,-63.556,0.0610,0.0356,1.0444,
21.709,ENC,17.7976,21.3240,19.5608,6.7325,6.1359,10.103,-2.483,0.064,-63.556,0.0610,0.0356,1.0444,
21.730,IMU,17.7976,21.3240,19.5608,6.7325,6.1359,10.103,-2.534,0.045,-63.485,0.0815,-0.0034,1.0562,
21.732,ENC,17.9288,21.4451,19.6869,6.5620,6.0507,10.073,-2.534,0.045,-63.485,0.0815,-0.0034,1.0562,
21.743,IMU,17.9288,21.4451,19.6869,6.5620,6.0507,10.073,-2.552,0.067,-63.511,0.0718,-0.0063,0.9468,
21.749,ENC,18.0601,21.5678,19.8139,6.5620,6.1359,10.049,-2.552,0.067,-63.511,0.0718,-0.0063,0.9468,
21.764,IMU,18.0601,21.5678,19.8139,6.5620,6.1359,10.049,-2.534,-0.097,-63.521,0.0327,-0.1196,1.0059,
21.769,ENC,18.1930,21.6990,19.9460,6.6473,6.5620,10.044,-2.534,-0.097,-63.521,0.0327,-0.1196,1.0059,
21.783,IMU,18.1930,21.6990,19.9460,6.6473,6.5620,10.044,-2.560,-0.162,-63.478,0.0757,-0.0288,0.9468,
21.788,ENC,18.3208,21.8251,20.0730,6.3916,6.3064,10.039,-2.560,-0.162,-63.478,0.0757,-0.0288,0.9468,
21.804,IMU,18.3208,21.8251,20.0730,6.3916,6.3064,10.039,-2.591,-0.338,-63.521,0.0942,-0.1182,0.9712,
21.809,ENC,18.4555,21.9513,20.2034,6.7325,6.3064,10.015,-2.591,-0.338,-63.521,0.0942,-0.1182,0.9712,
21.823,IMU,18.4555,21.9513,20.2034,6.7325,6.3064,10.015,-2.493,-0.325,-63.533,0.0142,-0.0044,0.9805,
21.829,ENC,18.5850,22.0791,20.3321,6.4768,6.3916,10.010,-2.493,-0.325,-63.533,0.0142,-0.0044,0.9805,
21.845,IMU,18.5850,22.0791,20.3321,6.4768,6.3916,10.010,-2.483,-0.257,-63.509,0.0044,0.0674,0.9546,
21.852,ENC,18.7095,22.2018,20.4556,6.2211,6.1359,10.005,-2.483,-0.257,-63.509,0.0044,0.0674,0.9546,
21.864,IMU,18.7095,22.2018,20.4556,6.2211,6.1359,10.005,-2.607,-0.253,-63.488,0.1133,0.0356,1.0908,
21.869,ENC,18.8373,22.3279,20.5826,6.3916,6.3064,10.000,-2.607,-0.253,-63.488,0.1133,0.0356,1.0908,
21.883,IMU,18.8373,22.3279,20.5826,6.3916,6.3064,10.000,-2.616,-0.255,-63.475,0.0498,-0.0132,1.1069,
21.888,ENC,18.9634,22.4473,20.7053,6.3064,5.9655,9.980,-2.616,-0.255,-63.475,0.0498,-0.0132,1.1069,
21.905,IMU,18.9634,22.4473,20.7053,6.3064,5.9655,9.980,-2.642,-0.384,-63.483,0.0557,-0.0913,0.9106,
21.909,ENC,19.0776,22.5649,20.8212,5.7098,5.8803,9.990,-2.642,-0.384,-63.483,0.0557,-0.0913,0.9106,
21.923,IMU,19.0776,22.5649,20.8212,5.7098,5.8803,9.990,-2.643,-0.348,-63.510,0.0391,0.0024,0.9722,
21.929,ENC,19.1969,22.6910,20.9440,5.9655,6.3064,10.010,-2.643,-0.348,-63.510,0.0391,0.0024,0.9722,
21.944,IMU,19.1969,22.6910,20.9440,5.9655,6.3064,10.010,-2.586,-0.528,-63.529,-0.0527,-0.1411,1.1206,
21.953,ENC,19.3230,22.8103,21.0667,6.3064,5.9655,9.990,-2.586,-0.528,-63.529,-0.0527,-0.1411,1.1206,
21.967,IMU,19.3230,22.8103,21.0667,6.3064,5.9655,9.990,-2.617,-0.552,-63.590,0.0576,-0.0029,1.0835,
21.970,ENC,19.4577,22.9313,21.1945,6.7325,6.0507,9.951,-2.617,-0.552,-63.590,0.0576,-0.0029,1.0835,
21.984,IMU,19.4577,22.9313,21.1945,6.7325,6.0507,9.951,-2.610,-0.570,-63.612,0.0640,-0.0317,0.9961,
21.989,ENC,19.5906,23.0625,21.3266,6.6473,6.5620,9.946,-2.610,-0.570,-63.612,0.0640,-0.0317,0.9961,
22.004,IMU,19.5906,23.0625,21.3266,6.6473,6.5620,9.946,-2.554,-0.472,-63.609,0.0342,0.0977,0.9805,
22.009,ENC,19.7185,23.1682,21.4433,6.3916,5.2837,9.883,-2.554,-0.472,-63.609,0.0342,0.0977,0.9805,
22.026,IMU,19.7185,23.1682,21.4433,6.3916,5.2837,9.883,-2.554,-0.426,-63.629,0.0713,0.0371,1.0298,
22.029,ENC,19.8514,23.2926,21.5720,6.6473,6.2211,9.858,-2.554,-0.426,-63.629,0.0713,0.0371,1.0298,
22.043,IMU,19.8514,23.2926,21.5720,6.6473,6.2211,9.858,-2.559,-0.503,-63.664,0.1011,-0.0767,0.8721,
22.048,ENC,19.9844,23.4205,21.7024,6.6473,6.3916,9.844,-2.559,-0.503,-63.664,0.1011,-0.0767,0.8721,
22.064,IMU,19.9844,23.4205,21.7024,6.6473,6.3916,9.844,-2.559,-0.554,-63.721,0.0698,-0.0430,1.0781,
22.069,ENC,20.1139,23.5517,21.8328,6.4768,6.5620,9.849,-2.559,-0.554,-63.721,0.0698,-0.0430,1.0781,
22.083,IMU,20.1139,23.5517,21.8328,6.4768,6.5620,9.849,-2.519,-0.664,-63.751,0.0361,-0.1079,0.9521,
22.089,ENC,20.2741,23.6761,21.9751,8.0108,6.2211,9.746,-2.519,-0.664,-63.751,0.0361,-0.1079,0.9521,
22.103,IMU,20.2741,23.6761,21.9751,8.0108,6.2211,9.746,-2.494,-0.747,-63.756,0.0264,-0.0483,0.9521,
22.108,ENC,20.4054,23.7886,22.0970,6.5620,5.6246,9.692,-2.494,-0.747,-63.756,0.0264,-0.0483,0.9521,
22.123,IMU,20.4054,23.7886,22.0970,6.5620,5.6246,9.692,-2.429,-0.716,-63.788,0.0073,0.0122,1.0474,
22.129,ENC,20.5417,23.9250,22.2333,6.8177,6.8177,9.692,-2.429,-0.716,-63.788,0.0073,0.0122,1.0474,
22.143,IMU,20.5417,23.9250,22.2333,6.8177,6.8177,9.692,-2.450,-0.651,-63.792,0.0464,0.0098,1.0137,
22.149,ENC,20.6883,24.0375,22.3629,7.3290,5.6246,9.595,-2.450,-0.651,-63.792,0.0464,0.0098,1.0137,
22.169,ENC,20.8417,24.1636,22.5026,7.6699,6.3064,9.517,-2.450,-0.651,-63.792,0.0464,0.0098,1.0137,
22.184,IMU,20.8417,24.1636,22.5026,7.6699,6.3064,9.517,-2.575,-0.754,-63.825,0.0957,-0.0464,0.9785,
22.189,ENC,20.9883,24.2966,22.6424,7.3290,6.6473,9.478,-2.575,-0.754,-63.825,0.0957,-0.0464,0.9785,
22.203,IMU,20.9883,24.2966,22.6424,7.3290,6.6473,9.478,-2.625,-0.719,-63.834,0.1016,-0.0029,0.9165,
22.215,ENC,21.1502,24.4312,22.7907,8.0960,6.7325,9.399,-2.625,-0.719,-63.834,0.1016,-0.0029,0.9165,
22.223,IMU,21.1502,24.4312,22.7907,8.0960,6.7325,9.399,-2.538,-0.663,-63.882,-0.0308,0.0469,1.1230,
22.229,ENC,21.2985,24.5573,22.9279,7.4142,6.3064,9.336,-2.538,-0.663,-63.882,-0.0308,0.0469,1.1230,
22.244,IMU,21.2985,24.5573,22.9279,7.4142,6.3064,9.336,-2.548,-0.762,-63.896,-0.0513,-0.1401,1.0488,
22.249,ENC,21.4553,24.6852,23.0702,7.8403,6.3916,9.253,-2.548,-0.762,-63.896,-0.0513,-0.1401,1.0488,
22.264,IMU,21.4553,24.6852,23.0702,7.8403,6.3916,9.253,-2.554,-0.702,-63.957,0.0581,0.0581,0.8813,
22.269,ENC,21.5967,24.8096,23.2032,7.0734,6.2211,9.204,-2.554,-0.702,-63.957,0.0581,0.0581,0.8813,
22.284,IMU,21.5967,24.8096,23.2032,7.0734,6.2211,9.204,-2.598,-0.490,-64.042,0.0498,0.1348,0.9648,
22.289,ENC,21.7416,24.9374,23.3395,7.2438,6.3916,9.155,-2.598,-0.490,-64.042,0.0498,0.1348,0.9648,
22.303,IMU,21.7416,24.9374,23.3395,7.2438,6.3916,9.155,-2.552,-0.516,-64.112,-0.0723,-0.0288,1.0820,
22.309,ENC,21.8916,25.0618,23.4767,7.4995,6.2211,9.082,-2.552,-0.516,-64.112,-0.0723,-0.0288,1.0820,
22.324,IMU,21.8916,25.0618,23.4767,7.4995,6.2211,9.082,-2.474,-0.448,-64.128,-0.0605,0.0659,0.9668,
22.335,ENC,22.0297,25.1846,23.6071,6.9029,6.1359,9.038,-2.474,-0.448,-64.128,-0.0605,0.0659,0.9668,
22.344,IMU,22.0297,25.1846,23.6071,6.9029,6.1359,9.038,-2.531,-0.465,-64.198,0.0430,0.0107,0.9346,
22.349,ENC,22.1745,25.3107,23.7426,7.2438,6.3064,8.984,-2.531,-0.465,-64.198,0.0430,0.0107,0.9346,
22.363,IMU,22.1745,25.3107,23.7426,7.2438,6.3064,8.984,-2.578,-0.483,-64.227,0.1230,-0.0020,1.0703,
22.368,ENC,22.3024,25.4300,23.8662,6.3916,5.9655,8.960,-2.578,-0.483,-64.227,0.1230,-0.0020,1.0703,
22.384,IMU,22.3024,25.4300,23.8662,6.3916,5.9655,8.960,-2.622,-0.448,-64.259,0.0640,0.0732,1.0000,
22.391,ENC,22.4455,25.5425,23.9940,7.1586,5.6246,8.872,-2.622,-0.448,-64.259,0.0640,0.0732,1.0000,
22.403,IMU,22.4455,25.5425,23.9940,7.1586,5.6246,8.872,-2.673,-0.465,-64.318,0.0850,-0.0322,1.0303,
22.409,ENC,22.5649,25.6601,24.1125,5.9655,5.8803,8.867,-2.673,-0.465,-64.318,0.0850,-0.0322,1.0303,
22.425,IMU,22.5649,25.6601,24.1125,5.9655,5.8803,8.867,-2.767,-0.496,-64.346,0.1133,0.0103,1.0332,
22.430,ENC,22.6893,25.7692,24.2292,6.2211,5.4542,8.823,-2.767,-0.496,-64.346,0.1133,0.0103,1.0332,
22.443,IMU,22.6893,25.7692,24.2292,6.2211,5.4542,8.823,-2.707,-0.493,-64.409,0.0073,0.0205,0.9966,
22.449,ENC,22.8205,25.8714,24.3460,6.5620,5.1133,8.740,-2.707,-0.493,-64.409,0.0073,0.0205,0.9966,
22.465,IMU,22.8205,25.8714,24.3460,6.5620,5.1133,8.740,-2.718,-0.502,-64.441,0.0894,-0.0015,1.0625,
22.469,ENC,22.9569,25.9822,24.4696,6.8177,5.5394,8.667,-2.718,-0.502,-64.441,0.0894,-0.0015,1.0625,
22.484,IMU,22.9569,25.9822,24.4696,6.8177,5.5394,8.667,-2.776,-0.536,-64.543,0.0903,-0.0503,1.0381,
22.489,ENC,23.0949,26.0896,24.5923,6.9029,5.3689,8.579,-2.776,-0.536,-64.543,0.0903,-0.0503,1.0381,
22.506,IMU,23.0949,26.0896,24.5923,6.9029,5.3689,8.579,-2.754,-0.492,-64.640,0.0601,0.0464,1.0718,
22.509,ENC,23.2398,26.1970,24.7184,7.2438,5.3689,8.472,-2.754,-0.492,-64.640,0.0601,0.0464,1.0718,
22.525,IMU,23.2398,26.1970,24.7184,7.2438,5.3689,8.472,-2.743,-0.587,-64.676,0.0107,-0.0884,1.1113,
22.529,ENC,23.3745,26.3112,24.8428,6.7325,5.7098,8.413,-2.743,-0.587,-64.676,0.0107,-0.0884,1.1113,
22.543,IMU,23.3745,26.3112,24.8428,6.7325,5.7098,8.413,-2.659,-0.618,-64.721,0.0005,-0.0581,0.9600,
22.549,ENC,23.5091,26.4203,24.9647,6.7325,5.4542,8.340,-2.659,-0.618,-64.721,0.0005,-0.0581,0.9600,
22.569,ENC,23.6506,26.5259,25.0883,7.0734,5.2837,8.237,-2.659,-0.618,-64.721,0.0005,-0.0581,0.9600,
22.573,IMU,23.6506,26.5259,25.0883,7.0734,5.2837,8.237,-2.748,-0.612,-64.767,0.1226,-0.0010,0.9624,
22.584,IMU,23.6506,26.5259,25.0883,7.0734,5.2837,8.237,-2.683,-0.552,-64.867,-0.0376,0.0264,1.0088,
22.588,ENC,23.8023,26.6299,25.2161,7.5847,5.1985,8.101,-2.683,-0.552,-64.867,-0.0376,0.0264,1.0088,
22.603,IMU,23.8023,26.6299,25.2161,7.5847,5.1985,8.101,-2.748,-0.502,-64.943,0.1299,-0.0112,1.1763,
22.609,ENC,23.9437,26.7373,25.3405,7.0734,5.3689,8.003,-2.748,-0.502,-64.943,0.1299,-0.0112,1.1763,
22.625,IMU,23.9437,26.7373,25.3405,7.0734,5.3689,8.003,-2.781,-0.574,-65.012,0.0620,-0.0586,1.0078,
22.631,ENC,24.0886,26.8447,25.4666,7.2438,5.3689,7.896,-2.781,-0.574,-65.012,0.0620,-0.0586,1.0078,
22.649,IMU,24.0886,26.8447,25.4666,7.2438,5.3689,7.896,-2.684,-0.597,-65.044,-0.0342,-0.0542,0.9814,
22.651,ENC,24.2301,26.9520,25.5911,7.0734,5.3689,7.798,-2.684,-0.597,-65.044,-0.0342,-0.0542,0.9814,
22.663,IMU,24.2301,26.9520,25.5911,7.0734,5.3689,7.798,-2.678,-0.569,-65.086,0.0054,0.0229,0.9717,
22.669,ENC,24.3784,27.0611,25.7197,7.4142,5.4542,7.686,-2.678,-0.569,-65.086,0.0054,0.0229,0.9717,
22.687,IMU,24.3784,27.0611,25.7197,7.4142,5.4542,7.686,-2.689,-0.599,-65.135,0.0698,-0.0449,1.0674,
22.692,ENC,24.5266,27.1685,25.8476,7.4142,5.3689,7.568,-2.689,-0.599,-65.135,0.0698,-0.0449,1.0674,
22.703,IMU,24.5266,27.1685,25.8476,7.4142,5.3689,7.568,-2.673,-0.582,-65.217,0.0522,0.0356,1.0669,
22.709,ENC,24.6749,27.2827,25.9788,7.4142,5.7098,7.471,-2.673,-0.582,-65.217,0.0522,0.0356,1.0669,
22.723,IMU,24.6749,27.2827,25.9788,7.4142,5.7098,7.471,-2.588,-0.634,-65.263,-0.0107,0.0137,0.9814,
22.729,ENC,24.8232,27.3969,26.1101,7.4142,5.7098,7.373,-2.588,-0.634,-65.263,-0.0107,0.0137,0.9814,
22.745,IMU,24.8232,27.3969,26.1101,7.4142,5.7098,7.373,-2.630,-0.602,-65.278,0.0913,0.0117,0.8545,
22.749,ENC,24.9749,27.5009,26.2379,7.5847,5.1985,7.236,-2.630,-0.602,-65.278,0.0913,0.0117,0.8545,
22.763,IMU,24.9749,27.5009,26.2379,7.5847,5.1985,7.236,-2.562,-0.545,-65.298,-0.0874,-0.0083,1.1138,
22.773,ENC,25.1317,27.6099,26.3708,7.8403,5.4542,7.100,-2.562,-0.545,-65.298,-0.0874,-0.0083,1.1138,
22.783,IMU,25.1317,27.6099,26.3708,7.8403,5.4542,7.100,-2.584,-0.375,-65.311,0.0005,0.0825,0.8730,
22.789,ENC,25.2749,27.7276,26.5012,7.1586,5.8803,7.026,-2.584,-0.375,-65.311,0.0005,0.0825,0.8730,
22.803,IMU,25.2749,27.7276,26.5012,7.1586,5.8803,7.026,-2.546,-0.252,-65.328,0.0322,0.1094,0.9766,
22.810,ENC,25.4300,27.8400,26.6350,7.7551,5.6246,6.904,-2.546,-0.252,-65.328,0.0322,0.1094,0.9766,
22.823,IMU,25.4300,27.8400,26.6350,7.7551,5.6246,6.904,-2.567,-0.238,-65.363,0.0547,0.0225,0.9683,
22.830,ENC,25.5595,27.9508,26.7552,6.4768,5.5394,6.851,-2.567,-0.238,-65.363,0.0547,0.0225,0.9683,
22.844,IMU,25.5595,27.9508,26.7552,6.4768,5.5394,6.851,-2.477,-0.260,-65.411,-0.0122,-0.0063,1.0205,
22.849,ENC,25.6925,28.0650,26.8788,6.6473,5.7098,6.797,-2.477,-0.260,-65.411,-0.0122,-0.0063,1.0205,
22.863,IMU,25.6925,28.0650,26.8788,6.6473,5.7098,6.797,-2.463,-0.231,-65.460,0.0889,0.0073,1.1484,
22.868,ENC,25.8220,28.1724,26.9972,6.4768,5.3689,6.733,-2.463,-0.231,-65.460,0.0889,0.0073,1.1484,
22.883,IMU,25.8220,28.1724,26.9972,6.4768,5.3689,6.733,-2.527,-0.182,-65.504,0.0630,0.0298,0.9941,
22.888,ENC,25.9550,28.2883,27.1216,6.6473,5.7950,6.685,-2.527,-0.182,-65.504,0.0630,0.0298,0.9941,
22.903,IMU,25.9550,28.2883,27.1216,6.6473,5.7950,6.685,-2.585,-0.167,-65.602,0.0562,-0.0059,1.0093,
22.909,ENC,26.0709,28.3991,27.2350,5.7950,5.5394,6.670,-2.585,-0.167,-65.602,0.0562,-0.0059,1.0093,
22.923,IMU,26.0709,28.3991,27.2350,5.7950,5.5394,6.670,-2.561,-0.145,-65.640,0.0386,0.0239,0.8672,
22.943,IMU,26.0709,28.3991,27.2350,5.7950,5.5394,6.670,-2.585,-0.133,-65.685,0.0552,0.0205,0.9097,
22.949,ENC,26.3282,28.6224,27.4753,6.4342,5.5820,6.572,-2.585,-0.133,-65.685,0.0552,0.0205,0.9097,
22.963,IMU,26.3282,28.6224,27.4753,6.4342,5.5820,6.572,-2.605,-0.161,-65.699,0.0508,-0.0376,0.9839,
22.969,ENC,26.4629,28.7366,27.5997,6.7325,5.7098,6.514,-2.605,-0.161,-65.699,0.0508,-0.0376,0.9839,
22.983,IMU,26.4629,28.7366,27.5997,6.7325,5.7098,6.514,-2.648,-0.155,-65.806,0.1270,0.0122,1.0376,
22.988,ENC,26.5907,28.8422,27.7165,6.3916,5.2837,6.450,-2.648,-0.155,-65.806,0.1270,0.0122,1.0376,
23.003,IMU,26.5907,28.8422,27.7165,6.3916,5.2837,6.450,-2.667,-0.162,-65.841,0.0547,0.0010,1.1284,
23.009,ENC,26.7305,28.9513,27.8409,6.9881,5.4542,6.362,-2.667,-0.162,-65.841,0.0547,0.0010,1.1284,
23.023,IMU,26.7305,28.9513,27.8409,6.9881,5.4542,6.362,-2.661,-0.242,-65.899,0.0317,-0.0376,0.9429,
23.029,ENC,26.8651,29.0587,27.9619,6.7325,5.3689,6.284,-2.661,-0.242,-65.899,0.0317,-0.0376,0.9429,
23.045,IMU,26.8651,29.0587,27.9619,6.7325,5.3689,6.284,-2.582,-0.354,-65.923,-0.0596,-0.0815,0.9980,
23.049,ENC,27.0066,29.1627,28.0846,7.0734,5.1985,6.177,-2.582,-0.354,-65.923,-0.0596,-0.0815,0.9980,
23.063,IMU,27.0066,29.1627,28.0846,7.0734,5.1985,6.177,-2.527,-0.245,-65.990,0.0596,0.0967,1.1108,
23.069,ENC,27.1600,29.2666,28.2133,7.6699,5.1985,6.035,-2.527,-0.245,-65.990,0.0596,0.0967,1.1108,
23.083,IMU,27.1600,29.2666,28.2133,7.6699,5.1985,6.035,-2.453,-0.337,-66.093,-0.0137,-0.1050,0.9692,
23.089,ENC,27.3032,29.3655,28.3343,7.1586,4.9428,5.908,-2.453,-0.337,-66.093,-0.0137,-0.1050,0.9692,
23.104,IMU,27.3032,29.3655,28.3343,7.1586,4.9428,5.908,-2.492,-0.389,-66.142,0.1021,-0.0269,0.9233,
23.109,ENC,27.4412,29.4610,28.4511,6.9029,4.7724,5.786,-2.492,-0.389,-66.142,0.1021,-0.0269,0.9233,
23.124,IMU,27.4412,29.4610,28.4511,6.9029,4.7724,5.786,-2.548,-0.412,-66.224,0.1040,-0.0586,1.0151,
23.129,ENC,27.5844,29.5683,28.5764,7.1586,5.3689,5.684,-2.548,-0.412,-66.224,0.1040,-0.0586,1.0151,
23.148,IMU,27.5844,29.5683,28.5764,7.1586,5.3689,5.684,-2.501,-0.338,-66.287,0.0029,0.0576,1.0532,
23.150,ENC,27.7241,29.6655,28.6948,6.9881,4.8576,5.562,-2.501,-0.338,-66.287,0.0029,0.0576,1.0532,
23.163,IMU,27.7241,29.6655,28.6948,6.9881,4.8576,5.562,-2.528,-0.327,-66.317,0.0713,-0.0063,1.0840,
23.169,ENC,27.8707,29.7677,28.8192,7.3290,5.1133,5.435,-2.528,-0.327,-66.317,0.0713,-0.0063,1.0840,
23.184,IMU,27.8707,29.7677,28.8192,7.3290,5.1133,5.435,-2.496,-0.298,-66.419,0.0132,0.0269,1.0693,
23.188,ENC,28.0224,29.8768,28.9496,7.5847,5.4542,5.313,-2.496,-0.298,-66.419,0.0132,0.0269,1.0693,
23.205,IMU,28.0224,29.8768,28.9496,7.5847,5.4542,5.313,-2.557,-0.181,-66.439,0.0972,0.0874,0.9785,
23.209,ENC,28.1741,29.9808,29.0775,7.5847,5.1985,5.176,-2.557,-0.181,-66.439,0.0972,0.0874,0.9785,
23.223,IMU,28.1741,29.9808,29.0775,7.5847,5.1985,5.176,-2.557,-0.157,-66.489,0.0249,0.0010,1.0522,
23.229,ENC,28.3292,30.0899,29.2096,7.7551,5.4542,5.044,-2.557,-0.157,-66.489,0.0249,0.0010,1.0522,
23.243,IMU,28.3292,30.0899,29.2096,7.7551,5.4542,5.044,-2.563,-0.160,-66.540,0.0913,-0.0093,0.9492,
23.248,ENC,28.4792,30.1973,29.3382,7.4995,5.3689,4.922,-2.563,-0.160,-66.540,0.0913,-0.0093,0.9492,
23.263,IMU,28.4792,30.1973,29.3382,7.4995,5.3689,4.922,-2.561,-0.126,-66.631,0.0200,0.0068,1.0459,
23.269,ENC,28.6275,30.3046,29.4661,7.4142,5.3689,4.805,-2.561,-0.126,-66.631,0.0200,0.0068,1.0459,
23.284,IMU,28.6275,30.3046,29.4661,7.4142,5.3689,4.805,-2.501,-0.079,-66.704,0.0186,0.0562,1.0356,
23.288,ENC,28.7792,30.3950,29.5871,7.5847,4.5167,4.629,-2.501,-0.079,-66.704,0.0186,0.0562,1.0356,
23.304,IMU,28.7792,30.3950,29.5871,7.5847,4.5167,4.629,-2.588,-0.153,-66.742,0.1533,-0.1108,1.0708,
23.308,ENC,28.9241,30.5092,29.7166,7.2438,5.7098,4.541,-2.588,-0.153,-66.742,0.1533,-0.1108,1.0708,
23.323,IMU,28.9241,30.5092,29.7166,7.2438,5.7098,4.541,-2.666,-0.196,-66.781,0.1543,-0.0059,0.9785,
23.329,ENC,29.0740,30.6217,29.8479,7.4995,5.6246,4.434,-2.666,-0.196,-66.781,0.1543,-0.0059,0.9785,
23.344,IMU,29.0740,30.6217,29.8479,7.4995,5.6246,4.434,-2.598,-0.103,-66.806,-0.0083,0.0581,1.0718,
23.348,ENC,29.2121,30.7188,29.9655,6.9029,4.8576,4.316,-2.598,-0.103,-66.806,-0.0083,0.0581,1.0718,
23.365,IMU,29.2121,30.7188,29.9655,6.9029,4.8576,4.316,-2.672,-0.078,-66.854,0.1016,0.0132,1.0527,
23.371,ENC,29.3502,30.8177,30.0839,6.9029,4.9428,4.204,-2.672,-0.078,-66.854,0.1016,0.0132,1.0527,
23.386,IMU,29.3502,30.8177,30.0839,6.9029,4.9428,4.204,-2.771,-0.080,-66.924,0.1206,-0.0117,0.9092,
23.388,ENC,29.4814,30.9199,30.2007,6.5620,5.1133,4.121,-2.771,-0.080,-66.924,0.1206,-0.0117,0.9092,
23.403,IMU,29.4814,30.9199,30.2007,6.5620,5.1133,4.121,-2.726,-0.104,-66.953,0.0239,0.0044,1.1460,
23.410,ENC,29.6109,31.0205,30.3157,6.4768,5.0280,4.038,-2.726,-0.104,-66.953,0.0239,0.0044,1.1460,
23.423,IMU,29.6109,31.0205,30.3157,6.4768,5.0280,4.038,-2.721,-0.119,-67.006,0.0547,-0.0483,1.0586,
23.429,ENC,29.7524,31.1296,30.4410,7.0734,5.4542,3.945,-2.721,-0.119,-67.006,0.0547,-0.0483,1.0586,
23.443,IMU,29.7524,31.1296,30.4410,7.0734,5.4542,3.945,-2.708,-0.124,-67.070,0.0352,0.0220,0.9019,
23.448,ENC,29.8871,31.2318,30.5595,6.7325,5.1133,3.853,-2.708,-0.124,-67.070,0.0352,0.0220,0.9019,
23.464,IMU,29.8871,31.2318,30.5595,6.7325,5.1133,3.853,-2.784,-0.132,-67.105,0.0938,0.0044,1.0327,
23.468,ENC,30.0319,31.3392,30.6856,7.2438,5.3689,3.745,-2.784,-0.132,-67.105,0.0938,0.0044,1.0327,
23.483,IMU,30.0319,31.3392,30.6856,7.2438,5.3689,3.745,-2.745,-0.252,-67.182,0.0176,-0.0874,0.8379,
23.489,ENC,30.1649,31.4534,30.8092,6.6473,5.7098,3.691,-2.745,-0.252,-67.182,0.0176,-0.0874,0.8379,
23.503,IMU,30.1649,31.4534,30.8092,6.6473,5.7098,3.691,-2.720,-0.297,-67.197,-0.0049,-0.0327,1.1074,
23.512,ENC,30.2961,31.5608,30.9285,6.5620,5.3689,3.623,-2.720,-0.297,-67.197,-0.0049,-0.0327,1.1074,
23.523,IMU,30.2961,31.5608,30.9285,6.5620,5.3689,3.623,-2.676,-0.250,-67.263,0.0195,0.0200,0.9321,
23.530,ENC,30.4205,31.6801,31.0503,6.2211,5.9655,3.608,-2.676,-0.250,-67.263,0.0195,0.0200,0.9321,
23.544,IMU,30.4205,31.6801,31.0503,6.2211,5.9655,3.608,-2.695,-0.047,-67.248,0.0659,0.1226,0.9160,
23.549,ENC,30.5364,31.7994,31.1679,5.7950,5.9655,3.618,-2.695,-0.047,-67.248,0.0659,0.1226,0.9160,
23.563,IMU,30.5364,31.7994,31.1679,5.7950,5.9655,3.618,-2.688,-0.088,-67.246,0.0542,-0.0439,1.0522,
23.584,IMU,30.5364,31.7994,31.1679,5.7950,5.9655,3.618,-2.635,-0.138,-67.168,0.0508,-0.0122,1.0078,
23.590,ENC,30.7597,32.0483,31.4040,5.5820,6.2211,3.691,-2.635,-0.138,-67.168,0.0508,-0.0122,1.0078,
23.603,IMU,30.7597,32.0483,31.4040,5.5820,6.2211,3.691,-2.661,-0.054,-67.135,0.0703,0.0229,0.9204,
23.611,ENC,30.8671,32.1812,31.5242,5.3689,6.6473,3.765,-2.661,-0.054,-67.135,0.0703,0.0229,0.9204,
23.623,IMU,30.8671,32.1812,31.5242,5.3689,6.6473,3.765,-2.700,0.009,-67.066,0.1025,0.0322,0.8823,
23.628,ENC,30.9711,32.2920,31.6315,5.1985,5.5394,3.784,-2.700,0.009,-67.066,0.1025,0.0322,0.8823,
23.643,IMU,30.9711,32.2920,31.6315,5.1985,5.5394,3.784,-2.746,-0.014,-67.044,0.0684,0.0132,1.0273,
23.649,ENC,31.0733,32.4079,31.7406,5.1133,5.7950,3.823,-2.746,-0.014,-67.044,0.0684,0.0132,1.0273,
23.663,IMU,31.0733,32.4079,31.7406,5.1133,5.7950,3.823,-2.795,0.039,-66.926,0.0557,0.0059,1.0142,
23.668,ENC,31.1654,32.5153,31.8403,4.6019,5.3689,3.867,-2.795,0.039,-66.926,0.0557,0.0059,1.0142,
23.684,IMU,31.1654,32.5153,31.8403,4.6019,5.3689,3.867,-2.772,0.031,-66.866,0.0420,0.0215,1.0386,
23.689,ENC,31.2574,32.6175,31.9375,4.6019,5.1133,3.896,-2.772,0.031,-66.866,0.0420,0.0215,1.0386,
23.703,IMU,31.2574,32.6175,31.9375,4.6019,5.1133,3.896,-2.715,0.146,-66.771,-0.0107,0.0762,0.9727,
23.709,ENC,31.3443,32.7249,32.0346,4.3463,5.3689,3.955,-2.715,0.146,-66.771,-0.0107,0.0762,0.9727,
23.723,IMU,31.3443,32.7249,32.0346,4.3463,5.3689,3.955,-2.744,0.200,-66.711,0.0786,0.0557,1.0288,
23.732,ENC,31.4210,32.8187,32.1199,3.8350,4.6872,4.004,-2.744,0.200,-66.711,0.0786,0.0557,1.0288,
23.743,IMU,31.4210,32.8187,32.1199,3.8350,4.6872,4.004,-2.724,0.269,-66.611,0.0552,0.0391,0.9976,
23.749,ENC,31.4909,32.9056,32.1983,3.4941,4.3463,4.053,-2.724,0.269,-66.611,0.0552,0.0391,0.9976,
23.763,IMU,31.4909,32.9056,32.1983,3.4941,4.3463,4.053,-2.724,0.355,-66.580,0.0610,0.0688,0.9927,
23.769,ENC,31.5523,32.9857,32.2690,3.0680,4.0054,4.106,-2.724,0.355,-66.580,0.0610,0.0688,0.9927,
23.783,IMU,31.5523,32.9857,32.2690,3.0680,4.0054,4.106,-2.701,0.449,-66.542,0.0796,0.0420,0.9727,
23.789,ENC,31.6068,33.0556,32.3312,2.7271,3.4941,4.150,-2.701,0.449,-66.542,0.0796,0.0420,0.9727,
23.803,IMU,31.6068,33.0556,32.3312,2.7271,3.4941,4.150,-2.683,0.489,-66.542,0.0693,0.0269,1.0181,
23.809,ENC,31.6614,33.1135,32.3874,2.7271,2.8975,4.160,-2.683,0.489,-66.542,0.0693,0.0269,1.0181,
23.823,IMU,31.6614,33.1135,32.3874,2.7271,2.8975,4.160,-2.706,0.574,-66.558,0.0303,0.0371,1.0146,
23.829,ENC,31.7159,33.1664,32.4411,2.7271,2.6419,4.155,-2.706,0.574,-66.558,0.0303,0.0371,1.0146,
23.847,IMU,31.7159,33.1664,32.4411,2.7271,2.6419,4.155,-2.666,0.589,-66.545,0.0171,0.0264,0.9585,
23.849,ENC,31.7670,33.2107,32.4889,2.5566,2.2158,4.136,-2.666,0.589,-66.545,0.0171,0.0264,0.9585,
23.863,IMU,31.7670,33.2107,32.4889,2.5566,2.2158,4.136,-2.690,0.561,-66.519,0.0688,0.0073,0.9785,
23.869,ENC,31.8182,33.2584,32.5383,2.5566,2.3862,4.126,-2.690,0.561,-66.519,0.0688,0.0073,0.9785,
23.883,IMU,31.8182,33.2584,32.5383,2.5566,2.3862,4.126,-2.685,0.553,-66.523,0.0601,0.0098,0.9985,
23.889,ENC,31.8676,33.3027,32.5852,2.4714,2.2158,4.111,-2.685,0.553,-66.523,0.0601,0.0098,0.9985,
23.903,IMU,31.8676,33.3027,32.5852,2.4714,2.2158,4.111,-2.697,0.520,-66.541,0.0513,0.0122,0.9604,
23.908,ENC,31.9170,33.3453,32.6312,2.4714,2.1305,4.092,-2.697,0.520,-66.541,0.0513,0.0122,0.9604,
23.923,IMU,31.9170,33.3453,32.6312,2.4714,2.1305,4.092,-2.718,0.530,-66.533,0.0654,0.0186,0.9863,
23.943,IMU,31.9170,33.3453,32.6312,2.4714,2.1305,4.092,-2.726,0.515,-66.514,0.0361,0.0044,0.9868,
23.948,ENC,32.0057,33.4220,32.7138,2.2158,1.9175,4.058,-2.726,0.515,-66.514,0.0361,0.0044,0.9868,
23.965,IMU,32.0057,33.4220,32.7138,2.2158,1.9175,4.058,-2.690,0.485,-66.512,0.0371,0.0122,0.9946,
23.971,ENC,32.0466,33.4595,32.7530,2.0453,1.8749,4.048,-2.690,0.485,-66.512,0.0371,0.0122,0.9946,
23.983,IMU,32.0466,33.4595,32.7530,2.0453,1.8749,4.048,-2.711,0.451,-66.502,0.0640,0.0029,0.9888,
23.989,ENC,32.0892,33.4953,32.7922,2.1305,1.7896,4.028,-2.711,0.451,-66.502,0.0640,0.0029,0.9888,
24.003,IMU,32.0892,33.4953,32.7922,2.1305,1.7896,4.028,-2.750,0.439,-66.586,0.0474,-0.0015,1.0068,
24.008,ENC,32.1301,33.5311,32.8306,2.0453,1.7896,4.014,-2.750,0.439,-66.586,0.0474,-0.0015,1.0068,
24.026,IMU,32.1301,33.5311,32.8306,2.0453,1.7896,4.014,-2.743,0.466,-66.563,0.0396,0.0127,0.9766,
24.031,ENC,32.1693,33.5669,32.8681,1.9601,1.7896,4.004,-2.743,0.466,-66.563,0.0396,0.0127,0.9766,
24.043,IMU,32.1693,33.5669,32.8681,1.9601,1.7896,4.004,-2.732,0.434,-66.528,0.0435,-0.0010,0.9985,
24.048,ENC,32.2051,33.6095,32.9073,1.7896,2.1305,4.023,-2.732,0.434,-66.528,0.0435,-0.0010,0.9985,
24.064,IMU,32.2051,33.6095,32.9073,1.7896,2.1305,4.023,-2.741,0.408,-66.485,0.0527,-0.0073,0.9888,
24.068,ENC,32.2375,33.6504,32.9439,1.6192,2.0453,4.048,-2.741,0.408,-66.485,0.0527,-0.0073,0.9888,
24.083,IMU,32.2375,33.6504,32.9439,1.6192,2.0453,4.048,-2.726,0.422,-66.523,0.0381,0.0010,1.0000,
24.105,IMU,32.2375,33.6504,32.9439,1.6192,2.0453,4.048,-2.709,0.370,-66.537,0.0522,-0.0190,1.0176,
24.108,ENC,32.3056,33.7254,33.0155,1.7044,1.8749,4.067,-2.709,0.370,-66.537,0.0522,-0.0190,1.0176,
24.124,IMU,32.3056,33.7254,33.0155,1.7044,1.8749,4.067,-2.689,0.342,-66.584,0.0259,-0.0132,1.0181,
24.129,ENC,32.3397,33.7629,33.0513,1.7044,1.8749,4.077,-2.689,0.342,-66.584,0.0259,-0.0132,1.0181,
24.152,IMU,32.3397,33.7629,33.0513,1.7044,1.8749,4.077,-2.680,0.307,-66.576,0.0586,-0.0132,0.9966,
24.154,ENC,32.3755,33.7970,33.0863,1.7896,1.7044,4.072,-2.680,0.307,-66.576,0.0586,-0.0132,0.9966,
24.163,IMU,32.3755,33.7970,33.0863,1.7896,1.7044,4.072,-2.700,0.279,-66.557,0.0859,-0.0103,1.0010,
24.168,ENC,32.4130,33.8209,33.1169,1.8749,1.1931,4.033,-2.700,0.279,-66.557,0.0859,-0.0103,1.0010,
24.183,IMU,32.4130,33.8209,33.1169,1.8749,1.1931,4.033,-2.680,0.236,-66.561,0.0469,-0.0093,1.0239,
24.188,ENC,32.4505,33.8618,33.1561,1.8749,2.0453,4.043,-2.680,0.236,-66.561,0.0469,-0.0093,1.0239,
24.210,IMU,32.4505,33.8618,33.1561,1.8749,2.0453,4.043,-2.696,0.229,-66.566,0.0415,-0.0337,1.0054,
24.223,IMU,32.4505,33.8618,33.1561,1.8749,2.0453,4.043,-2.680,0.147,-66.606,0.0444,-0.0449,1.0078,
24.243,IMU,32.4505,33.8618,33.1561,1.8749,2.0453,4.043,-2.664,0.107,-66.576,0.0371,-0.0420,0.9912,
24.249,ENC,32.5835,34.0066,33.2951,2.2158,2.4146,4.077,-2.664,0.107,-66.576,0.0371,-0.0420,0.9912,
24.268,ENC,32.6312,34.0595,33.3453,2.3862,2.6419,4.092,-2.664,0.107,-66.576,0.0371,-0.0420,0.9912,
24.284,IMU,32.6312,34.0595,33.3453,2.3862,2.6419,4.092,-2.692,0.031,-66.523,0.0747,-0.0581,0.9951,
24.288,ENC,32.6806,34.1123,33.3965,2.4714,2.6419,4.102,-2.692,0.031,-66.523,0.0747,-0.0581,0.9951,
24.303,IMU,32.6806,34.1123,33.3965,2.4714,2.6419,4.102,-2.707,0.009,-66.443,0.0503,-0.0283,1.0039,
24.308,ENC,32.7317,34.1754,33.4536,2.5566,3.1532,4.136,-2.707,0.009,-66.443,0.0503,-0.0283,1.0039,
24.326,IMU,32.7317,34.1754,33.4536,2.5566,3.1532,4.136,-2.700,0.039,-66.439,0.0430,-0.0083,0.9810,
24.328,ENC,32.7880,34.2402,33.5141,2.8123,3.2384,4.160,-2.700,0.039,-66.439,0.0430,-0.0083,0.9810,
24.343,IMU,32.7880,34.2402,33.5141,2.8123,3.2384,4.160,-2.707,0.056,-66.421,0.0415,-0.0078,1.0137,
24.349,ENC,32.8459,34.3083,33.5771,2.8975,3.4088,4.189,-2.707,0.056,-66.421,0.0415,-0.0078,1.0137,
24.363,IMU,32.8459,34.3083,33.5771,2.8975,3.4088,4.189,-2.670,0.058,-66.456,0.0522,-0.0142,0.9858,
24.368,ENC,32.9022,34.3731,33.6376,2.8123,3.2384,4.214,-2.670,0.058,-66.456,0.0522,-0.0142,0.9858,
24.391,IMU,32.9022,34.3731,33.6376,2.8123,3.2384,4.214,-2.646,0.063,-66.471,0.0488,0.0024,0.9795,
24.403,IMU,32.9022,34.3731,33.6376,2.8123,3.2384,4.214,-2.637,0.083,-66.506,0.0312,0.0249,0.9565,
24.424,IMU,32.9022,34.3731,33.6376,2.8123,3.2384,4.214,-2.731,0.078,-66.501,0.0757,-0.0200,0.9370,
24.428,ENC,33.0590,34.5674,33.8132,2.6134,3.2384,4.321,-2.731,0.078,-66.501,0.0757,-0.0200,0.9370,
24.443,IMU,33.0590,34.5674,33.8132,2.6134,3.2384,4.321,-2.685,0.117,-66.503,0.0405,0.0391,1.0024,
24.464,IMU,33.0590,34.5674,33.8132,2.6134,3.2384,4.321,-2.748,0.092,-66.497,0.0684,0.0059,1.0249,
24.469,ENC,33.1698,34.7072,33.9385,2.7697,3.4941,4.404,-2.748,0.092,-66.497,0.0684,0.0059,1.0249,
24.489,ENC,33.2243,34.7719,33.9981,2.7271,3.2384,4.434,-2.748,0.092,-66.497,0.0684,0.0059,1.0249,
24.503,IMU,33.2243,34.7719,33.9981,2.7271,3.2384,4.434,-2.809,0.112,-66.563,0.1011,-0.0049,1.0059,
24.523,IMU,33.2243,34.7719,33.9981,2.7271,3.2384,4.434,-2.859,0.118,-66.540,0.0649,0.0225,1.0488,
24.529,ENC,33.3436,34.9100,34.1268,2.9827,3.4515,4.487,-2.859,0.118,-66.540,0.0649,0.0225,1.0488,
24.544,IMU,33.3436,34.9100,34.1268,2.9827,3.4515,4.487,-2.852,0.113,-66.578,0.0264,0.0200,1.0488,
24.548,ENC,33.4050,34.9799,34.1924,3.0680,3.4941,4.512,-2.852,0.113,-66.578,0.0264,0.0200,1.0488,
24.563,IMU,33.4050,34.9799,34.1924,3.0680,3.4941,4.512,-2.893,0.098,-66.591,0.0869,0.0093,0.9775,
24.583,IMU,33.4050,34.9799,34.1924,3.0680,3.4941,4.512,-2.874,0.108,-66.590,0.0503,-0.0039,0.9897,
24.590,ENC,33.5311,35.1128,34.3220,3.1532,3.3236,4.531,-2.874,0.108,-66.590,0.0503,-0.0039,0.9897,
24.604,IMU,33.5311,35.1128,34.3220,3.1532,3.3236,4.531,-2.910,0.060,-66.621,0.0952,-0.0112,0.8916,
24.608,ENC,33.5891,35.1810,34.3850,2.8975,3.4088,4.561,-2.910,0.060,-66.621,0.0952,-0.0112,0.8916,
24.628,IMU,33.5891,35.1810,34.3850,2.8975,3.4088,4.561,-2.930,0.053,-66.576,0.0552,0.0000,1.0181,
24.630,ENC,33.6470,35.2526,34.4498,2.8975,3.5793,4.600,-2.930,0.053,-66.576,0.0552,0.0000,1.0181,
24.643,IMU,33.6470,35.2526,34.4498,2.8975,3.5793,4.600,-2.928,0.061,-66.580,0.0854,-0.0264,1.0415,
24.650,ENC,33.7084,35.3225,34.5154,3.0680,3.4941,4.624,-2.928,0.061,-66.580,0.0854,-0.0264,1.0415,
24.663,IMU,33.7084,35.3225,34.5154,3.0680,3.4941,4.624,-2.949,0.038,-66.549,0.0391,-0.0146,0.9932,
24.669,ENC,33.7680,35.3906,34.5793,2.9827,3.4088,4.648,-2.949,0.038,-66.549,0.0391,-0.0146,0.9932,
24.684,IMU,33.7680,35.3906,34.5793,2.9827,3.4088,4.648,-2.895,0.054,-66.529,0.0303,0.0059,1.0010,
24.705,IMU,33.7680,35.3906,34.5793,2.9827,3.4088,4.648,-2.896,0.077,-66.539,0.0454,0.0049,1.0474,
24.709,ENC,33.8907,35.5304,34.7106,3.0680,3.4941,4.697,-2.896,0.077,-66.539,0.0454,0.0049,1.0474,
24.724,IMU,33.8907,35.5304,34.7106,3.0680,3.4941,4.697,-2.847,0.042,-66.548,0.0376,-0.0137,0.9727,
24.728,ENC,33.9504,35.6003,34.7753,2.9827,3.4941,4.727,-2.847,0.042,-66.548,0.0376,-0.0137,0.9727,
24.743,IMU,33.9504,35.6003,34.7753,2.9827,3.4941,4.727,-2.874,0.042,-66.525,0.0518,0.0122,1.0254,
24.749,ENC,34.0135,35.6702,34.8418,3.1532,3.4941,4.746,-2.874,0.042,-66.525,0.0518,0.0122,1.0254,
24.763,IMU,34.0135,35.6702,34.8418,3.1532,3.4941,4.746,-2.868,0.019,-66.500,0.0044,-0.0132,0.9985,
24.769,ENC,34.0765,35.7349,34.9057,3.1532,3.2384,4.751,-2.868,0.019,-66.500,0.0044,-0.0132,0.9985,
24.783,IMU,34.0765,35.7349,34.9057,3.1532,3.2384,4.751,-2.933,0.049,-66.458,0.0498,-0.0034,0.9985,
24.788,ENC,34.1379,35.8048,34.9714,3.0680,3.4941,4.775,-2.933,0.049,-66.458,0.0498,-0.0034,0.9985,
24.806,IMU,34.1379,35.8048,34.9714,3.0680,3.4941,4.775,-3.011,0.010,-66.477,0.0850,-0.0142,0.9326,
24.809,ENC,34.2010,35.8764,35.0387,3.1532,3.5793,4.800,-3.011,0.010,-66.477,0.0850,-0.0142,0.9326,
24.823,IMU,34.2010,35.8764,35.0387,3.1532,3.5793,4.800,-2.990,0.017,-66.453,0.0269,0.0010,1.0562,
24.828,ENC,34.2606,35.9463,35.1034,2.9827,3.4941,4.829,-2.990,0.017,-66.453,0.0269,0.0010,1.0562,
24.843,IMU,34.2606,35.9463,35.1034,2.9827,3.4941,4.829,-2.999,0.027,-66.493,0.0479,0.0063,0.9722,
24.849,ENC,34.3305,36.0128,35.1716,3.4941,3.3236,4.819,-2.999,0.027,-66.493,0.0479,0.0063,0.9722,
24.863,IMU,34.3305,36.0128,35.1716,3.4941,3.3236,4.819,-2.935,0.072,-66.457,-0.0005,-0.0020,1.0073,
24.871,ENC,34.4089,36.0775,35.2432,3.9202,3.2384,4.780,-2.935,0.072,-66.457,-0.0005,-0.0020,1.0073,
24.883,IMU,34.4089,36.0775,35.2432,3.9202,3.2384,4.780,-2.918,0.053,-66.445,0.0259,-0.0093,0.9844,
24.889,ENC,34.4839,36.1474,35.3156,3.7497,3.4941,4.766,-2.918,0.053,-66.445,0.0259,-0.0093,0.9844,
24.903,IMU,34.4839,36.1474,35.3156,3.7497,3.4941,4.766,-2.925,0.015,-66.399,0.0391,-0.0225,0.9595,
24.909,ENC,34.5470,36.2207,35.3838,3.1532,3.6645,4.795,-2.925,0.015,-66.399,0.0391,-0.0225,0.9595,
24.923,IMU,34.5470,36.2207,35.3838,3.1532,3.6645,4.795,-2.905,0.006,-66.422,0.0405,0.0015,0.9756,
24.929,ENC,34.6305,36.2872,35.4588,4.1758,3.3236,4.746,-2.905,0.006,-66.422,0.0405,0.0015,0.9756,
24.943,IMU,34.6305,36.2872,35.4588,4.1758,3.3236,4.746,-2.945,0.030,-66.429,0.0732,0.0000,1.0146,
24.949,ENC,34.7038,36.3536,35.5287,3.6645,3.3236,4.727,-2.945,0.030,-66.429,0.0732,0.0000,1.0146,
24.963,IMU,34.7038,36.3536,35.5287,3.6645,3.3236,4.727,-2.989,0.031,-66.396,0.0620,-0.0146,1.0122,
24.969,ENC,34.7702,36.4184,35.5943,3.3236,3.2384,4.722,-2.989,0.031,-66.396,0.0620,-0.0146,1.0122,
24.983,IMU,34.7702,36.4184,35.5943,3.3236,3.2384,4.722,-2.970,-0.026,-66.365,0.0088,-0.0054,0.9883,
24.989,ENC,34.8401,36.4798,35.6599,3.4941,3.0680,4.697,-2.970,-0.026,-66.365,0.0088,-0.0054,0.9883,
25.006,IMU,34.8401,36.4798,35.6599,3.4941,3.0680,4.697,-2.991,-0.041,-66.293,0.0698,0.0088,1.0161,
25.009,ENC,34.9100,36.5479,35.7290,3.4941,3.4088,4.692,-2.991,-0.041,-66.293,0.0698,0.0088,1.0161,
25.025,IMU,34.9100,36.5479,35.7290,3.4941,3.4088,4.692,-2.957,-0.068,-66.300,0.0435,-0.0015,1.0024,
25.029,ENC,34.9799,36.6144,35.7971,3.4941,3.3236,4.683,-2.957,-0.068,-66.300,0.0435,-0.0015,1.0024,
25.043,IMU,34.9799,36.6144,35.7971,3.4941,3.3236,4.683,-2.900,-0.079,-66.344,0.0146,-0.0078,1.0024,
25.048,ENC,35.0549,36.6809,35.8679,3.7497,3.3236,4.658,-2.900,-0.079,-66.344,0.0146,-0.0078,1.0024,
25.070,IMU,35.0549,36.6809,35.8679,3.7497,3.3236,4.658,-2.905,-0.055,-66.384,0.0483,0.0073,1.0410,
25.072,ENC,35.1299,36.7491,35.9395,3.7497,3.4088,4.639,-2.905,-0.055,-66.384,0.0483,0.0073,1.0410,
25.083,IMU,35.1299,36.7491,35.9395,3.7497,3.4088,4.639,-2.899,-0.005,-66.351,0.0361,0.0195,0.9868,
25.109,IMU,35.1299,36.7491,35.9395,3.7497,3.4088,4.639,-2.863,0.010,-66.367,0.0225,0.0059,1.0190,
25.111,ENC,35.2645,36.8871,36.0758,3.3662,3.4515,4.648,-2.863,0.010,-66.367,0.0225,0.0059,1.0190,
25.132,IMU,35.2645,36.8871,36.0758,3.3662,3.4515,4.648,-2.831,0.025,-66.352,0.0361,0.0039,1.0264,
25.134,ENC,35.3276,36.9502,36.1389,3.1532,3.1532,4.648,-2.831,0.025,-66.352,0.0361,0.0039,1.0264,
25.143,IMU,35.3276,36.9502,36.1389,3.1532,3.1532,4.648,-2.796,0.112,-66.311,0.0430,0.0312,0.9966,
25.148,ENC,35.3889,37.0098,36.1994,3.0680,2.9827,4.644,-2.796,0.112,-66.311,0.0430,0.0312,0.9966,
25.163,IMU,35.3889,37.0098,36.1994,3.0680,2.9827,4.644,-2.841,0.048,-66.308,0.0659,0.0024,0.9844,
25.169,ENC,35.4486,37.0678,36.2582,2.9827,2.8975,4.639,-2.841,0.048,-66.308,0.0659,0.0024,0.9844,
25.187,IMU,35.4486,37.0678,36.2582,2.9827,2.8975,4.639,-2.808,0.064,-66.341,0.0581,0.0234,0.9785,
25.189,ENC,35.5048,37.1274,36.3161,2.8123,2.9827,4.648,-2.808,0.064,-66.341,0.0581,0.0234,0.9785,
25.206,IMU,35.5048,37.1274,36.3161,2.8123,2.9827,4.648,-2.820,0.079,-66.359,0.0664,0.0259,1.0010,
25.208,ENC,35.5560,37.1769,36.3664,2.5566,2.4714,4.644,-2.820,0.079,-66.359,0.0664,0.0259,1.0010,
25.223,IMU,35.5560,37.1769,36.3664,2.5566,2.4714,4.644,-2.855,0.069,-66.365,0.0405,0.0269,1.0088,
25.229,ENC,35.6037,37.2246,36.4141,2.3862,2.3862,4.644,-2.855,0.069,-66.365,0.0405,0.0269,1.0088,
25.246,IMU,35.6037,37.2246,36.4141,2.3862,2.3862,4.644,-2.868,0.138,-66.326,0.0361,0.0273,0.9780,
25.248,ENC,35.6463,37.2672,36.4568,2.1305,2.1305,4.644,-2.868,0.138,-66.326,0.0361,0.0273,0.9780,
25.265,IMU,35.6463,37.2672,36.4568,2.1305,2.1305,4.644,-2.872,0.116,-66.345,0.0493,0.0142,1.0293,
25.268,ENC,35.6872,37.3115,36.4994,2.0453,2.2158,4.653,-2.872,0.116,-66.345,0.0493,0.0142,1.0293,
25.283,IMU,35.6872,37.3115,36.4994,2.0453,2.2158,4.653,-2.914,0.187,-66.323,0.0620,0.0220,1.0049,
25.289,ENC,35.7247,37.3524,36.5386,1.8749,2.0453,4.663,-2.914,0.187,-66.323,0.0620,0.0220,1.0049,
25.304,IMU,35.7247,37.3524,36.5386,1.8749,2.0453,4.663,-2.900,0.229,-66.388,0.0566,0.0293,0.9756,
25.313,ENC,35.7588,37.3814,36.5701,1.7044,1.4488,4.648,-2.900,0.229,-66.388,0.0566,0.0293,0.9756,
25.323,IMU,35.7588,37.3814,36.5701,1.7044,1.4488,4.648,-2.883,0.254,-66.393,0.0308,0.0083,0.9849,
25.331,ENC,35.7929,37.4002,36.5965,1.7044,0.9374,4.604,-2.883,0.254,-66.393,0.0308,0.0083,0.9849,
25.343,IMU,35.7929,37.4002,36.5965,1.7044,0.9374,4.604,-2.904,0.268,-66.373,0.0420,0.0171,1.0122,
25.348,ENC,35.8236,37.4257,36.6246,1.5340,1.2783,4.590,-2.904,0.268,-66.373,0.0420,0.0171,1.0122,
25.363,IMU,35.8236,37.4257,36.6246,1.5340,1.2783,4.590,-2.869,0.239,-66.405,0.0454,-0.0107,0.9829,
25.372,ENC,35.8542,37.4581,36.6562,1.5340,1.6192,4.595,-2.869,0.239,-66.405,0.0454,-0.0107,0.9829,
25.384,IMU,35.8542,37.4581,36.6562,1.5340,1.6192,4.595,-2.900,0.217,-66.379,0.0605,0.0156,1.0083,
25.389,ENC,35.8815,37.4905,36.6860,1.3635,1.6192,4.609,-2.900,0.217,-66.379,0.0605,0.0156,1.0083,
25.403,IMU,35.8815,37.4905,36.6860,1.3635,1.6192,4.609,-2.854,0.237,-66.359,0.0361,0.0264,0.9917,
25.408,ENC,35.9054,37.5161,36.7107,1.1931,1.2783,4.614,-2.854,0.237,-66.359,0.0361,0.0264,0.9917,
25.423,IMU,35.9054,37.5161,36.7107,1.1931,1.2783,4.614,-2.847,0.331,-66.311,0.0459,0.0542,0.9878,
25.429,ENC,35.9224,37.5450,36.7337,0.8522,1.4488,4.648,-2.847,0.331,-66.311,0.0459,0.0542,0.9878,
25.443,IMU,35.9224,37.5450,36.7337,0.8522,1.4488,4.648,-2.857,0.346,-66.284,0.0591,0.0225,1.0093,
25.450,ENC,35.9395,37.5655,36.7525,0.8522,1.0227,4.658,-2.857,0.346,-66.284,0.0591,0.0225,1.0093,
25.463,IMU,35.9395,37.5655,36.7525,0.8522,1.0227,4.658,-2.781,0.377,-66.275,0.0005,0.0396,1.0264,
25.469,ENC,35.9463,37.5825,36.7644,0.3409,0.8522,4.687,-2.781,0.377,-66.275,0.0005,0.0396,1.0264,
25.483,IMU,35.9463,37.5825,36.7644,0.3409,0.8522,4.687,-2.796,0.382,-66.250,0.0566,0.0034,0.9639,
25.489,ENC,35.9514,37.5945,36.7729,0.2557,0.5965,4.707,-2.796,0.382,-66.250,0.0566,0.0034,0.9639,
25.503,IMU,35.9514,37.5945,36.7729,0.2557,0.5965,4.707,-2.829,0.407,-66.265,0.0981,0.0103,1.0029,
25.509,ENC,35.9599,37.5996,36.7797,0.4261,0.2557,4.697,-2.829,0.407,-66.265,0.0981,0.0103,1.0029,
25.524,IMU,35.9599,37.5996,36.7797,0.4261,0.2557,4.697,-2.837,0.373,-66.304,0.0171,-0.0015,0.9771,
25.529,ENC,35.9770,37.5962,36.7866,0.8522,-0.1704,4.639,-2.837,0.373,-66.304,0.0171,-0.0015,0.9771,
25.549,IMU,35.9770,37.5962,36.7866,0.8522,-0.1704,4.639,-2.819,0.393,-66.367,0.0000,-0.0132,0.9976,
25.551,ENC,35.9991,37.5979,36.7985,1.1079,0.0852,4.580,-2.819,0.393,-66.367,0.0000,-0.0132,0.9976,
25.563,IMU,35.9991,37.5979,36.7985,1.1079,0.0852,4.580,-2.760,0.362,-66.359,0.0488,-0.0312,1.0229,
25.568,ENC,36.0128,37.6098,36.8113,0.6818,0.5965,4.575,-2.760,0.362,-66.359,0.0488,-0.0312,1.0229,
25.589,IMU,36.0128,37.6098,36.8113,0.6818,0.5965,4.575,-2.800,0.330,-66.360,0.0664,-0.0049,0.9985,
25.591,ENC,36.0298,37.6320,36.8309,0.8522,1.1079,4.590,-2.800,0.330,-66.360,0.0664,-0.0049,0.9985,
25.603,IMU,36.0298,37.6320,36.8309,0.8522,1.1079,4.590,-2.804,0.372,-66.397,0.0493,0.0151,0.9985,
25.617,ENC,36.0383,37.6541,36.8462,0.4261,1.1079,4.629,-2.804,0.372,-66.397,0.0493,0.0151,0.9985,
25.624,IMU,36.0383,37.6541,36.8462,0.4261,1.1079,4.629,-2.796,0.378,-66.384,0.0405,0.0225,1.0015,
25.629,ENC,36.0451,37.6763,36.8607,0.3409,1.1079,4.673,-2.796,0.378,-66.384,0.0405,0.0225,1.0015,
25.644,IMU,36.0451,37.6763,36.8607,0.3409,1.1079,4.673,-2.770,0.398,-66.390,0.0444,0.0420,0.9990,
25.648,ENC,36.0503,37.6899,36.8701,0.2557,0.6818,4.697,-2.770,0.398,-66.390,0.0444,0.0420,0.9990,
25.663,IMU,36.0503,37.6899,36.8701,0.2557,0.6818,4.697,-2.733,0.376,-66.454,0.0303,0.0171,0.9683,
25.671,ENC,36.0537,37.7001,36.8769,0.1704,0.5113,4.717,-2.733,0.376,-66.454,0.0303,0.0171,0.9683,
25.684,IMU,36.0537,37.7001,36.8769,0.1704,0.5113,4.717,-2.727,0.380,-66.430,0.0581,-0.0068,1.0220,
25.688,ENC,36.0588,37.7087,36.8837,0.2557,0.4261,4.727,-2.727,0.380,-66.430,0.0581,-0.0068,1.0220,
25.703,IMU,36.0588,37.7087,36.8837,0.2557,0.4261,4.727,-2.746,0.298,-66.435,0.0518,-0.0396,1.0000,
25.709,ENC,36.0690,37.7189,36.8939,0.5113,0.5113,4.727,-2.746,0.298,-66.435,0.0518,-0.0396,1.0000,
25.723,IMU,36.0690,37.7189,36.8939,0.5113,0.5113,4.727,-2.743,0.311,-66.450,0.0337,0.0098,1.0269,
25.730,ENC,36.0775,37.7274,36.9025,0.4261,0.4261,4.727,-2.743,0.311,-66.450,0.0337,0.0098,1.0269,
25.744,IMU,36.0775,37.7274,36.9025,0.4261,0.4261,4.727,-2.719,0.326,-66.466,0.0322,0.0146,0.9761,
25.750,ENC,36.0860,37.7359,36.9110,0.4261,0.4261,4.727,-2.719,0.326,-66.466,0.0322,0.0146,0.9761,
25.763,IMU,36.0860,37.7359,36.9110,0.4261,0.4261,4.727,-2.671,0.369,-66.451,0.0479,0.0449,0.9966,
25.769,ENC,36.0912,37.7444,36.9178,0.2557,0.4261,4.736,-2.671,0.369,-66.451,0.0479,0.0449,0.9966,
25.783,IMU,36.0912,37.7444,36.9178,0.2557,0.4261,4.736,-2.679,0.436,-66.399,0.0498,0.0225,0.9868,
25.788,ENC,36.0912,37.7479,36.9195,0.0000,0.1704,4.746,-2.679,0.436,-66.399,0.0498,0.0225,0.9868,
25.803,IMU,36.0912,37.7479,36.9195,0.0000,0.1704,4.746,-2.656,0.463,-66.427,0.0562,0.0337,0.9976,
25.808,ENC,36.0912,37.7479,36.9195,0.0000,0.0000,4.746,-2.656,0.463,-66.427,0.0562,0.0337,0.9976,
25.823,IMU,36.0912,37.7479,36.9195,0.0000,0.0000,4.746,-2.631,0.417,-66.420,0.0303,-0.0024,0.9976,
25.831,ENC,36.0912,37.7462,36.9187,0.0000,-0.0852,4.741,-2.631,0.417,-66.420,0.0303,-0.0024,0.9976,
25.844,IMU,36.0912,37.7462,36.9187,0.0000,-0.0852,4.741,-2.613,0.382,-66.420,0.0439,-0.0039,1.0020,
25.848,ENC,36.0912,37.7444,36.9178,0.0000,-0.0852,4.736,-2.613,0.382,-66.420,0.0439,-0.0039,1.0020,
25.864,IMU,36.0912,37.7444,36.9178,0.0000,-0.0852,4.736,-2.615,0.403,-66.426,0.0488,-0.0034,0.9956,
25.868,ENC,36.0895,37.7444,36.9170,-0.0852,0.0000,4.741,-2.615,0.403,-66.426,0.0488,-0.0034,0.9956,
25.883,IMU,36.0895,37.7444,36.9170,-0.0852,0.0000,4.741,-2.657,0.362,-66.413,0.0610,-0.0176,0.9873,
25.889,ENC,36.0929,37.7462,36.9195,0.1704,0.0852,4.736,-2.657,0.362,-66.413,0.0610,-0.0176,0.9873,
25.903,IMU,36.0929,37.7462,36.9195,0.1704,0.0852,4.736,-2.680,0.251,-66.472,0.0713,-0.0483,1.0059,
25.908,ENC,36.1082,37.7462,36.9272,0.7670,0.0000,4.692,-2.680,0.251,-66.472,0.0713,-0.0483,1.0059,
25.937,ENC,36.1355,37.7496,36.9425,1.3635,0.1704,4.624,-2.680,0.251,-66.472,0.0713,-0.0483,1.0059,
25.946,IMU,36.1355,37.7496,36.9425,1.3635,0.1704,4.624,-2.630,0.266,-66.424,0.0122,-0.0342,0.9741,
25.949,ENC,36.1627,37.7632,36.9630,1.3635,0.6818,4.585,-2.630,0.266,-66.424,0.0122,-0.0342,0.9741,
25.964,IMU,36.1627,37.7632,36.9630,1.3635,0.6818,4.585,-2.585,0.155,-66.433,0.0273,-0.0347,1.0054,
25.973,ENC,36.1934,37.7905,36.9919,1.5340,1.3635,4.575,-2.585,0.155,-66.433,0.0273,-0.0347,1.0054,
25.983,IMU,36.1934,37.7905,36.9919,1.5340,1.3635,4.575,-2.577,0.078,-66.414,0.0537,-0.0469,1.0195,
25.988,ENC,36.2275,37.8314,37.0294,1.7044,2.0453,4.595,-2.577,0.078,-66.414,0.0537,-0.0469,1.0195,
26.003,IMU,36.2275,37.8314,37.0294,1.7044,2.0453,4.595,-2.608,0.058,-66.343,0.0679,-0.0508,0.9766,
26.009,ENC,36.2650,37.8808,37.0729,1.8749,2.4714,4.629,-2.608,0.058,-66.343,0.0679,-0.0508,0.9766,
26.025,IMU,36.2650,37.8808,37.0729,1.8749,2.4714,4.629,-2.581,0.038,-66.368,0.0464,-0.0024,1.0176,
26.029,ENC,36.3059,37.9336,37.1198,2.0453,2.6419,4.663,-2.581,0.038,-66.368,0.0464,-0.0024,1.0176,
26.043,IMU,36.3059,37.9336,37.1198,2.0453,2.6419,4.663,-2.566,-0.015,-66.366,0.0322,-0.0396,0.9971,
26.048,ENC,36.3519,37.9933,37.1726,2.3010,2.9827,4.702,-2.566,-0.015,-66.366,0.0322,-0.0396,0.9971,
26.063,IMU,36.3519,37.9933,37.1726,2.3010,2.9827,4.702,-2.591,-0.030,-66.400,0.0273,-0.0020,1.0049,
26.068,ENC,36.4031,38.0530,37.2280,2.5566,2.9827,4.727,-2.591,-0.030,-66.400,0.0273,-0.0020,1.0049,
26.085,IMU,36.4031,38.0530,37.2280,2.5566,2.9827,4.727,-2.647,-0.107,-66.413,0.0747,-0.0273,1.0229,
26.091,ENC,36.4627,38.1194,37.2911,2.9827,3.3236,4.746,-2.647,-0.107,-66.413,0.0747,-0.0273,1.0229,
26.103,IMU,36.4627,38.1194,37.2911,2.9827,3.3236,4.746,-2.608,-0.091,-66.422,0.0117,-0.0229,1.0762,
26.109,ENC,36.5241,38.1859,37.3550,3.0680,3.3236,4.761,-2.608,-0.091,-66.422,0.0117,-0.0229,1.0762,
26.129,ENC,36.5854,38.2541,37.4198,3.0680,3.4088,4.780,-2.608,-0.091,-66.422,0.0117,-0.0229,1.0762,
26.147,IMU,36.5854,38.2541,37.4198,3.0680,3.4088,4.780,-2.574,-0.058,-66.473,0.0605,-0.0249,1.0122,
26.156,ENC,36.6519,38.3291,37.4905,3.3236,3.7497,4.805,-2.574,-0.058,-66.473,0.0605,-0.0249,1.0122,
26.164,IMU,36.6519,38.3291,37.4905,3.3236,3.7497,4.805,-2.586,-0.081,-66.484,0.0859,-0.0093,0.9507,
26.169,ENC,36.7184,38.4126,37.5655,3.3236,4.1758,4.854,-2.586,-0.081,-66.484,0.0859,-0.0093,0.9507,
26.183,IMU,36.7184,38.4126,37.5655,3.3236,4.1758,4.854,-2.658,-0.068,-66.481,0.0679,-0.0210,1.0103,
26.188,ENC,36.7866,38.4876,37.6371,3.4088,3.7497,4.873,-2.658,-0.068,-66.481,0.0679,-0.0210,1.0103,
26.222,ENC,36.8564,38.5643,37.7104,3.4941,3.8350,4.893,-2.658,-0.068,-66.481,0.0679,-0.0210,1.0103,
26.233,ENC,36.9314,38.6444,37.7879,3.7497,4.0054,4.907,-2.658,-0.068,-66.481,0.0679,-0.0210,1.0103,
26.236,IMU,36.9314,38.6444,37.7879,3.7497,4.0054,4.907,-2.742,-0.136,-66.503,0.0830,-0.0049,1.0620,
26.244,IMU,36.9314,38.6444,37.7879,3.7497,4.0054,4.907,-2.757,-0.217,-66.501,0.0493,-0.0283,0.9219,
26.250,ENC,37.0030,38.7228,37.8629,3.5793,3.9202,4.927,-2.757,-0.217,-66.501,0.0493,-0.0283,0.9219,
26.264,IMU,37.0030,38.7228,37.8629,3.5793,3.9202,4.927,-2.735,-0.205,-66.527,0.0322,-0.0239,1.0054,
26.269,ENC,37.0763,38.8029,37.9396,3.6645,4.0054,4.946,-2.735,-0.205,-66.527,0.0322,-0.0239,1.0054,
26.284,IMU,37.0763,38.8029,37.9396,3.6645,4.0054,4.946,-2.752,-0.169,-66.514,0.0474,0.0063,0.9985,
26.288,ENC,37.1462,38.8830,38.0146,3.4941,4.0054,4.976,-2.752,-0.169,-66.514,0.0474,0.0063,0.9985,
26.303,IMU,37.1462,38.8830,38.0146,3.4941,4.0054,4.976,-2.838,-0.133,-66.521,0.0854,0.0312,1.0654,
26.309,ENC,37.2229,38.9665,38.0947,3.8350,4.1758,4.995,-2.838,-0.133,-66.521,0.0854,0.0312,1.0654,
26.332,ENC,37.3030,39.0500,38.1765,4.0054,4.1758,5.005,-2.838,-0.133,-66.521,0.0854,0.0312,1.0654,
26.334,IMU,37.3030,39.0500,38.1765,4.0054,4.1758,5.005,-2.813,-0.131,-66.479,0.0347,-0.0015,0.9663,
26.344,IMU,37.3030,39.0500,38.1765,4.0054,4.1758,5.005,-2.796,-0.135,-66.519,0.0430,0.0327,1.0640,
26.354,ENC,37.3780,39.1301,38.2541,3.7497,4.0054,5.020,-2.796,-0.135,-66.519,0.0430,0.0327,1.0640,
26.366,IMU,37.3780,39.1301,38.2541,3.7497,4.0054,5.020,-2.799,-0.140,-66.483,0.0464,-0.0059,0.9810,
26.370,ENC,37.4530,39.2120,38.3325,3.7497,4.0906,5.039,-2.799,-0.140,-66.483,0.0464,-0.0059,0.9810,
26.384,IMU,37.4530,39.2120,38.3325,3.7497,4.0906,5.039,-2.762,-0.103,-66.421,0.0220,0.0088,1.0337,
26.389,ENC,37.5348,39.2938,38.4143,4.0906,4.0906,5.039,-2.762,-0.103,-66.421,0.0220,0.0088,1.0337,
26.403,IMU,37.5348,39.2938,38.4143,4.0906,4.0906,5.039,-2.777,-0.045,-66.413,0.0552,0.0513,1.0312,
26.408,ENC,37.6115,39.3722,38.4918,3.8350,3.9202,5.044,-2.777,-0.045,-66.413,0.0552,0.0513,1.0312,
26.424,IMU,37.6115,39.3722,38.4918,3.8350,3.9202,5.044,-2.812,-0.088,-66.413,0.0420,-0.0005,0.9585,
26.429,ENC,37.6882,39.4506,38.5694,3.8350,3.9202,5.049,-2.812,-0.088,-66.413,0.0420,-0.0005,0.9585,
26.449,ENC,37.7598,39.5290,38.6444,3.5793,3.9202,5.068,-2.812,-0.088,-66.413,0.0420,-0.0005,0.9585,
26.463,IMU,37.7598,39.5290,38.6444,3.5793,3.9202,5.068,-2.859,-0.056,-66.433,0.0356,0.0269,0.9570,
26.468,ENC,37.8365,39.6091,38.7228,3.8350,4.0054,5.078,-2.859,-0.056,-66.433,0.0356,0.0269,0.9570,
26.483,IMU,37.8365,39.6091,38.7228,3.8350,4.0054,5.078,-2.845,-0.053,-66.441,0.0576,0.0059,0.9858,
26.489,ENC,37.9285,39.6926,38.8106,4.6019,4.1758,5.054,-2.845,-0.053,-66.441,0.0576,0.0059,0.9858,
26.503,IMU,37.9285,39.6926,38.8106,4.6019,4.1758,5.054,-2.881,-0.021,-66.417,0.0859,0.0264,1.0161,
26.509,ENC,38.0086,39.7744,38.8915,4.0054,4.0906,5.059,-2.881,-0.021,-66.417,0.0859,0.0264,1.0161,
26.523,IMU,38.0086,39.7744,38.8915,4.0054,4.0906,5.059,-2.837,-0.001,-66.400,0.0293,0.0151,0.9839,
26.530,ENC,38.0785,39.8494,38.9640,3.4941,3.7497,5.073,-2.837,-0.001,-66.400,0.0293,0.0151,0.9839,
26.543,IMU,38.0785,39.8494,38.9640,3.4941,3.7497,5.073,-2.886,-0.009,-66.375,0.0532,0.0010,1.0293,
26.549,ENC,38.1569,39.9312,39.0441,3.9202,4.0906,5.083,-2.886,-0.009,-66.375,0.0532,0.0010,1.0293,
26.563,IMU,38.1569,39.9312,39.0441,3.9202,4.0906,5.083,-2.859,0.042,-66.316,0.0601,0.0459,0.9995,
26.568,ENC,38.2285,40.0028,39.1157,3.5793,3.5793,5.083,-2.859,0.042,-66.316,0.0601,0.0459,0.9995,
26.585,IMU,38.2285,40.0028,39.1157,3.5793,3.5793,5.083,-2.845,0.063,-66.337,0.0391,0.0459,1.0093,
26.588,ENC,38.2950,40.0727,39.1838,3.3236,3.4941,5.093,-2.845,0.063,-66.337,0.0391,0.0459,1.0093,
26.604,IMU,38.2950,40.0727,39.1838,3.3236,3.4941,5.093,-2.888,0.064,-66.318,0.0918,0.0273,0.9331,
26.611,ENC,38.3632,40.1358,39.2495,3.4088,3.1532,5.078,-2.888,0.064,-66.318,0.0918,0.0273,0.9331,
26.624,IMU,38.3632,40.1358,39.2495,3.4088,3.1532,5.078,-2.880,0.105,-66.270,0.0522,0.0303,0.9805,
26.628,ENC,38.4228,40.1954,39.3091,2.9827,2.9827,5.078,-2.880,0.105,-66.270,0.0522,0.0303,0.9805,
26.646,IMU,38.4228,40.1954,39.3091,2.9827,2.9827,5.078,-2.947,0.077,-66.249,0.0527,0.0332,1.0361,
26.649,ENC,38.4791,40.2482,39.3637,2.8123,2.6419,5.068,-2.947,0.077,-66.249,0.0527,0.0332,1.0361,
26.664,IMU,38.4791,40.2482,39.3637,2.8123,2.6419,5.068,-2.976,0.151,-66.233,0.0493,0.0361,0.9922,
26.671,ENC,38.5336,40.3028,39.4182,2.7271,2.7271,5.068,-2.976,0.151,-66.233,0.0493,0.0361,0.9922,
26.683,IMU,38.5336,40.3028,39.4182,2.7271,2.7271,5.068,-2.999,0.188,-66.238,0.0537,0.0464,1.0029,
26.688,ENC,38.5779,40.3522,39.4651,2.2158,2.4714,5.083,-2.999,0.188,-66.238,0.0537,0.0464,1.0029,
26.703,IMU,38.5779,40.3522,39.4651,2.2158,2.4714,5.083,-3.050,0.207,-66.195,0.0635,0.0371,0.9893,
26.708,ENC,38.6222,40.3982,39.5102,2.2158,2.3010,5.088,-3.050,0.207,-66.195,0.0635,0.0371,0.9893,
26.731,IMU,38.6222,40.3982,39.5102,2.2158,2.3010,5.088,-3.098,0.214,-66.206,0.0703,0.0186,0.9907,
26.732,ENC,38.6614,40.4391,39.5503,1.9601,2.0453,5.093,-3.098,0.214,-66.206,0.0703,0.0186,0.9907,
26.744,IMU,38.6614,40.4391,39.5503,1.9601,2.0453,5.093,-3.136,0.327,-66.195,0.0791,0.0942,0.9517,
26.748,ENC,38.6904,40.4698,39.5801,1.4488,1.5340,5.098,-3.136,0.327,-66.195,0.0791,0.0942,0.9517,
26.768,IMU,38.6904,40.4698,39.5801,1.4488,1.5340,5.098,-3.165,0.435,-66.195,0.0786,0.0894,0.9741,
26.770,ENC,38.7074,40.4852,39.5963,0.8522,0.7670,5.093,-3.165,0.435,-66.195,0.0786,0.0894,0.9741,
26.788,IMU,38.7074,40.4852,39.5963,0.8522,0.7670,5.093,-3.183,0.484,-66.242,0.0605,0.0928,0.9795,
26.790,ENC,38.7245,40.4869,39.6057,0.8522,0.0852,5.049,-3.183,0.484,-66.242,0.0605,0.0928,0.9795,
26.803,IMU,38.7245,40.4869,39.6057,0.8522,0.0852,5.049,-3.154,0.524,-66.265,0.0264,0.0278,0.9868,
26.808,ENC,38.7313,40.4852,39.6082,0.3409,-0.0852,5.024,-3.154,0.524,-66.265,0.0264,0.0278,0.9868,
26.824,IMU,38.7313,40.4852,39.6082,0.3409,-0.0852,5.024,-3.112,0.509,-66.274,0.0244,0.0010,1.0068,
26.829,ENC,38.7262,40.4818,39.6040,-0.2557,-0.1704,5.029,-3.112,0.509,-66.274,0.0244,0.0010,1.0068,
26.847,IMU,38.7262,40.4818,39.6040,-0.2557,-0.1704,5.029,-3.126,0.552,-66.256,0.0640,0.0190,0.9985,
26.849,ENC,38.7109,40.4835,39.5972,-0.7670,0.0852,5.078,-3.126,0.552,-66.256,0.0640,0.0190,0.9985,
26.870,IMU,38.7109,40.4835,39.5972,-0.7670,0.0852,5.078,-3.160,0.542,-66.269,0.0884,0.0049,1.0000,
26.872,ENC,38.6989,40.4835,39.5912,-0.5965,0.0000,5.112,-3.160,0.542,-66.269,0.0884,0.0049,1.0000,
26.883,IMU,38.6989,40.4835,39.5912,-0.5965,0.0000,5.112,-3.146,0.544,-66.247,0.0601,-0.0044,1.0054,
26.889,ENC,38.6972,40.4766,39.5869,-0.0852,-0.3409,5.098,-3.146,0.544,-66.247,0.0601,-0.0044,1.0054,
26.903,IMU,38.6972,40.4766,39.5869,-0.0852,-0.3409,5.098,-3.141,0.532,-66.229,0.0430,-0.0049,0.9868,
26.909,ENC,38.7006,40.4664,39.5835,0.1704,-0.5113,5.059,-3.141,0.532,-66.229,0.0430,-0.0049,0.9868,
26.925,IMU,38.7006,40.4664,39.5835,0.1704,-0.5113,5.059,-3.085,0.524,-66.262,0.0327,-0.0039,0.9985,
26.942,ENC,38.7023,40.4630,39.5827,0.0852,-0.1704,5.044,-3.085,0.524,-66.262,0.0327,-0.0039,0.9985,
26.945,IMU,38.7023,40.4630,39.5827,0.0852,-0.1704,5.044,-3.082,0.525,-66.269,0.0439,0.0029,1.0059,
26.949,ENC,38.6972,40.4613,39.5793,-0.2557,-0.0852,5.054,-3.082,0.525,-66.269,0.0439,0.0029,1.0059,
26.967,IMU,38.6972,40.4613,39.5793,-0.2557,-0.0852,5.054,-3.110,0.502,-66.255,0.0664,-0.0029,0.9878,
26.973,ENC,38.6938,40.4630,39.5784,-0.1704,0.0852,5.068,-3.110,0.502,-66.255,0.0664,-0.0029,0.9878,
26.984,IMU,38.6938,40.4630,39.5784,-0.1704,0.0852,5.068,-3.120,0.513,-66.231,0.0493,0.0039,1.0000,
26.988,ENC,38.6938,40.4630,39.5784,0.0000,0.0000,5.068,-3.120,0.513,-66.231,0.0493,0.0039,1.0000,
27.004,IMU,38.6938,40.4630,39.5784,0.0000,0.0000,5.068,-3.091,0.519,-66.273,0.0552,-0.0024,0.9946,
27.008,ENC,38.6955,40.4630,39.5793,0.0852,0.0000,5.063,-3.091,0.519,-66.273,0.0552,-0.0024,0.9946,
27.030,ENC,38.6955,40.4630,39.5793,0.0000,0.0000,5.063,-3.091,0.519,-66.273,0.0552,-0.0024,0.9946,
27.033,IMU,38.6955,40.4630,39.5793,0.0000,0.0000,5.063,-3.058,0.495,-66.309,0.0361,0.0024,0.9976,
27.045,IMU,38.6955,40.4630,39.5793,0.0000,0.0000,5.063,-3.065,0.497,-66.328,0.0518,0.0073,1.0034,
27.048,ENC,38.6955,40.4630,39.5793,0.0000,0.0000,5.063,-3.065,0.497,-66.328,0.0518,0.0073,1.0034,
27.063,IMU,38.6955,40.4630,39.5793,0.0000,0.0000,5.063,-3.084,0.462,-66.332,0.0503,0.0078,0.9858,
27.071,ENC,38.6955,40.4630,39.5793,0.0000,0.0000,5.063,-3.084,0.462,-66.332,0.0503,0.0078,0.9858,
27.088,IMU,38.6955,40.4630,39.5793,0.0000,0.0000,5.063,-3.056,0.416,-66.350,0.0483,0.0020,0.9956,
27.090,ENC,38.6955,40.4630,39.5793,0.0000,0.0000,5.063,-3.056,0.416,-66.350,0.0483,0.0020,0.9956,
27.103,IMU,38.6955,40.4630,39.5793,0.0000,0.0000,5.063,-3.030,0.444,-66.370,0.0439,0.0146,1.0054,
27.108,ENC,38.6955,40.4630,39.5793,0.0000,0.0000,5.063,-3.030,0.444,-66.370,0.0439,0.0146,1.0054,
27.123,IMU,38.6955,40.4630,39.5793,0.0000,0.0000,5.063,-3.049,0.439,-66.326,0.0513,-0.0029,0.9951,
27.129,ENC,38.6955,40.4630,39.5793,0.0000,0.0000,5.063,-3.049,0.439,-66.326,0.0513,-0.0029,0.9951,
27.149,IMU,38.6955,40.4630,39.5793,0.0000,0.0000,5.063,-3.007,0.425,-66.327,0.0542,-0.0088,0.9829,
27.151,ENC,38.6955,40.4630,39.5793,0.0000,0.0000,5.063,-3.007,0.425,-66.327,0.0542,-0.0088,0.9829,
27.163,IMU,38.6955,40.4630,39.5793,0.0000,0.0000,5.063,-3.002,0.428,-66.327,0.0435,0.0063,0.9971,
27.169,ENC,38.6955,40.4630,39.5793,0.0000,0.0000,5.063,-3.002,0.428,-66.327,0.0435,0.0063,0.9971,
27.183,IMU,38.6955,40.4630,39.5793,0.0000,0.0000,5.063,-2.972,0.436,-66.358,0.0400,0.0039,1.0015,
27.189,ENC,38.6955,40.4630,39.5793,0.0000,0.0000,5.063,-2.972,0.436,-66.358,0.0400,0.0039,1.0015,
27.208,ENC,38.6955,40.4630,39.5793,0.0000,0.0000,5.063,-2.972,0.436,-66.358,0.0400,0.0039,1.0015,
27.212,IMU,38.6955,40.4630,39.5793,0.0000,0.0000,5.063,-2.964,0.422,-66.374,0.0605,-0.0024,0.9922,
27.229,ENC,38.6955,40.4630,39.5793,0.0000,0.0000,5.063,-2.964,0.422,-66.374,0.0605,-0.0024,0.9922,
27.232,IMU,38.6955,40.4630,39.5793,0.0000,0.0000,5.063,-2.985,0.447,-66.332,0.0425,0.0049,1.0015,
27.243,IMU,38.6955,40.4630,39.5793,0.0000,0.0000,5.063,-2.989,0.469,-66.313,0.0518,0.0093,0.9888,
27.248,ENC,38.6955,40.4630,39.5793,0.0000,0.0000,5.063,-2.989,0.469,-66.313,0.0518,0.0093,0.9888,
27.263,IMU,38.6955,40.4630,39.5793,0.0000,0.0000,5.063,-2.972,0.455,-66.295,0.0513,0.0039,0.9980,
27.271,ENC,38.6955,40.4630,39.5793,0.0000,0.0000,5.063,-2.972,0.455,-66.295,0.0513,0.0039,0.9980,
27.284,IMU,38.6955,40.4630,39.5793,0.0000,0.0000,5.063,-2.999,0.446,-66.276,0.0522,0.0034,1.0029,
27.288,ENC,38.6955,40.4630,39.5793,0.0000,0.0000,5.063,-2.999,0.446,-66.276,0.0522,0.0034,1.0029,
27.307,IMU,38.6955,40.4630,39.5793,0.0000,0.0000,5.063,-2.999,0.441,-66.327,0.0552,0.0083,0.9888,
27.309,ENC,38.6955,40.4630,39.5793,0.0000,0.0000,5.063,-2.999,0.441,-66.327,0.0552,0.0083,0.9888,
27.324,IMU,38.6955,40.4630,39.5793,0.0000,0.0000,5.063,-3.022,0.482,-66.253,0.0537,-0.0020,1.0010,
27.332,ENC,38.6955,40.4630,39.5793,0.0000,0.0000,5.063,-3.022,0.482,-66.253,0.0537,-0.0020,1.0010,
27.343,IMU,38.6955,40.4630,39.5793,0.0000,0.0000,5.063,-3.018,0.465,-66.214,0.0537,0.0034,0.9873,
27.348,ENC,38.6955,40.4630,39.5793,0.0000,0.0000,5.063,-3.018,0.465,-66.214,0.0537,0.0034,0.9873,
27.365,IMU,38.6955,40.4630,39.5793,0.0000,0.0000,5.063,-3.033,0.459,-66.221,0.0718,0.0215,0.9727,
27.368,ENC,38.6955,40.4630,39.5793,0.0000,0.0000,5.063,-3.033,0.459,-66.221,0.0718,0.0215,0.9727,
27.383,IMU,38.6955,40.4630,39.5793,0.0000,0.0000,5.063,-3.016,0.449,-66.233,0.0630,0.0083,0.9902,
27.393,ENC,38.6870,40.4630,39.5750,-0.4261,0.0000,5.088,-3.016,0.449,-66.233,0.0630,0.0083,0.9902,
27.403,IMU,38.6870,40.4630,39.5750,-0.4261,0.0000,5.088,-3.009,0.385,-66.253,0.0508,-0.0083,0.9878,
27.408,ENC,38.6904,40.4630,39.5767,0.1704,0.0000,5.078,-3.009,0.385,-66.253,0.0508,-0.0083,0.9878,
27.423,IMU,38.6904,40.4630,39.5767,0.1704,0.0000,5.078,-3.006,0.353,-66.280,0.0615,-0.0186,1.0181,
27.428,ENC,38.7040,40.4647,39.5844,0.6818,0.0852,5.044,-3.006,0.353,-66.280,0.0615,-0.0186,1.0181,
27.444,IMU,38.7040,40.4647,39.5844,0.6818,0.0852,5.044,-3.008,0.356,-66.311,0.0366,-0.0054,0.9771,
27.456,ENC,38.7109,40.4664,39.5886,0.3409,0.0852,5.029,-3.008,0.356,-66.311,0.0366,-0.0054,0.9771,
27.463,IMU,38.7109,40.4664,39.5886,0.3409,0.0852,5.029,-3.007,0.351,-66.299,0.0508,0.0010,1.0342,
27.468,ENC,38.7126,40.4783,39.5955,0.0852,0.5965,5.059,-3.007,0.351,-66.299,0.0508,0.0010,1.0342,
27.483,IMU,38.7126,40.4783,39.5955,0.0852,0.5965,5.059,-3.010,0.394,-66.300,0.0605,0.0244,0.9834,
27.488,ENC,38.7143,40.4903,39.6023,0.0852,0.5965,5.088,-3.010,0.394,-66.300,0.0605,0.0244,0.9834,
27.503,IMU,38.7143,40.4903,39.6023,0.0852,0.5965,5.088,-3.007,0.425,-66.361,0.0688,0.0122,0.9731,
27.512,ENC,38.7279,40.4937,39.6108,0.6818,0.1704,5.059,-3.007,0.425,-66.361,0.0688,0.0122,0.9731,
27.523,IMU,38.7279,40.4937,39.6108,0.6818,0.1704,5.059,-2.953,0.415,-66.382,0.0410,-0.0166,1.0186,
27.528,ENC,38.7518,40.4937,39.6227,1.1931,0.0000,4.990,-2.953,0.415,-66.382,0.0410,-0.0166,1.0186,
27.544,IMU,38.7518,40.4937,39.6227,1.1931,0.0000,4.990,-2.903,0.465,-66.404,0.0244,0.0068,0.9771,
27.548,ENC,38.7586,40.4954,39.6270,0.3409,0.0852,4.976,-2.903,0.465,-66.404,0.0244,0.0068,0.9771,
27.565,IMU,38.7586,40.4954,39.6270,0.3409,0.0852,4.976,-2.954,0.504,-66.388,0.0718,0.0640,0.9751,
27.572,ENC,38.7586,40.5039,39.6312,0.0000,0.4261,5.000,-2.954,0.504,-66.388,0.0718,0.0640,0.9751,
27.586,IMU,38.7586,40.5039,39.6312,0.0000,0.4261,5.000,-3.011,0.512,-66.325,0.0889,0.0239,0.9702,
27.588,ENC,38.7569,40.5107,39.6338,-0.0852,0.3409,5.024,-3.011,0.512,-66.325,0.0889,0.0239,0.9702,
27.604,IMU,38.7569,40.5107,39.6338,-0.0852,0.3409,5.024,-2.992,0.473,-66.338,0.0522,-0.0049,0.9990,
27.609,ENC,38.7586,40.5107,39.6347,0.0852,0.0000,5.020,-2.992,0.473,-66.338,0.0522,-0.0049,0.9990,
27.623,IMU,38.7586,40.5107,39.6347,0.0852,0.0000,5.020,-3.007,0.485,-66.349,0.0269,-0.0083,1.0034,
27.630,ENC,38.7620,40.5090,39.6355,0.1704,-0.0852,5.005,-3.007,0.485,-66.349,0.0269,-0.0083,1.0034,
27.643,IMU,38.7620,40.5090,39.6355,0.1704,-0.0852,5.005,-2.994,0.436,-66.344,0.0518,-0.0244,0.9844,
27.648,ENC,38.7722,40.5124,39.6423,0.5113,0.1704,4.985,-2.994,0.436,-66.344,0.0518,-0.0244,0.9844,
27.663,IMU,38.7722,40.5124,39.6423,0.5113,0.1704,4.985,-3.016,0.364,-66.342,0.0713,-0.0396,1.0254,
27.675,ENC,38.7978,40.5193,39.6585,1.2783,0.3409,4.932,-3.016,0.364,-66.342,0.0713,-0.0396,1.0254,
27.683,IMU,38.7978,40.5193,39.6585,1.2783,0.3409,4.932,-3.027,0.339,-66.345,0.0327,-0.0405,0.9775,
27.693,ENC,38.8285,40.5312,39.6798,1.5340,0.5965,4.878,-3.027,0.339,-66.345,0.0327,-0.0405,0.9775,
27.704,IMU,38.8285,40.5312,39.6798,1.5340,0.5965,4.878,-2.975,0.091,-66.291,-0.0063,-0.1436,0.9243,
27.708,ENC,38.8677,40.5704,39.7190,1.9601,1.9601,4.878,-2.975,0.091,-66.291,-0.0063,-0.1436,0.9243,
27.723,IMU,38.8677,40.5704,39.7190,1.9601,1.9601,4.878,-2.951,-0.094,-66.253,0.0449,-0.1890,1.0850,
27.729,ENC,38.9103,40.6454,39.7778,2.1305,3.7497,4.971,-2.951,-0.094,-66.253,0.0449,-0.1890,1.0850,
27.743,IMU,38.9103,40.6454,39.7778,2.1305,3.7497,4.971,-3.013,-0.190,-66.263,0.1021,-0.1362,0.9829,
27.750,ENC,38.9750,40.7204,39.8477,3.2384,3.7497,5.000,-3.013,-0.190,-66.263,0.1021,-0.1362,0.9829,
27.764,IMU,38.9750,40.7204,39.8477,3.2384,3.7497,5.000,-2.929,-0.218,-66.264,0.0137,-0.0176,1.0737,
27.768,ENC,39.0739,40.8039,39.9389,4.9428,4.1758,4.956,-2.929,-0.218,-66.264,0.0137,-0.0176,1.0737,
27.783,IMU,39.0739,40.8039,39.9389,4.9428,4.1758,4.956,-2.849,-0.176,-66.297,-0.0405,-0.0010,1.0205,
27.789,ENC,39.1625,40.8993,40.0309,4.4315,4.7724,4.976,-2.849,-0.176,-66.297,-0.0405,-0.0010,1.0205,
27.803,IMU,39.1625,40.8993,40.0309,4.4315,4.7724,4.976,-2.805,-0.277,-66.287,0.0098,-0.0708,0.9126,
27.808,ENC,39.2631,40.9880,40.1255,5.0280,4.4315,4.941,-2.805,-0.277,-66.287,0.0098,-0.0708,0.9126,
27.823,IMU,39.2631,40.9880,40.1255,5.0280,4.4315,4.941,-2.811,-0.219,-66.276,0.0508,0.0117,0.9985,
27.828,ENC,39.3807,41.0919,40.2363,5.8803,5.1985,4.902,-2.811,-0.219,-66.276,0.0508,0.0117,0.9985,
27.843,IMU,39.3807,41.0919,40.2363,5.8803,5.1985,4.902,-2.790,-0.267,-66.310,0.0020,-0.0166,0.9526,
27.848,ENC,39.4744,41.2010,40.3377,4.6872,5.4542,4.946,-2.790,-0.267,-66.310,0.0020,-0.0166,0.9526,
27.864,IMU,39.4744,41.2010,40.3377,4.6872,5.4542,4.946,-2.713,-0.257,-66.277,-0.0488,0.0698,1.1719,
27.868,ENC,39.5733,41.3084,40.4408,4.9428,5.3689,4.971,-2.713,-0.257,-66.277,-0.0488,0.0698,1.1719,
27.883,IMU,39.5733,41.3084,40.4408,4.9428,5.3689,4.971,-2.764,-0.169,-66.245,0.0898,0.0469,0.9419,
27.890,ENC,39.6739,41.4192,40.5465,5.0280,5.5394,5.000,-2.764,-0.169,-66.245,0.0898,0.0469,0.9419,
27.903,IMU,39.6739,41.4192,40.5465,5.0280,5.5394,5.000,-2.799,-0.168,-66.230,0.1187,-0.0186,0.8706,
27.908,ENC,39.7727,41.5300,40.6513,4.9428,5.5394,5.034,-2.799,-0.168,-66.230,0.1187,-0.0186,0.8706,
27.923,IMU,39.7727,41.5300,40.6513,4.9428,5.5394,5.034,-2.781,-0.113,-66.209,0.0278,0.0034,0.8853,
27.935,ENC,39.8699,41.6408,40.7553,4.8576,5.5394,5.073,-2.781,-0.113,-66.209,0.0278,0.0034,0.8853,
27.943,IMU,39.8699,41.6408,40.7553,4.8576,5.5394,5.073,-2.775,-0.120,-66.144,0.0127,0.0127,1.0820,
27.949,ENC,39.9602,41.7601,40.8601,4.5167,5.9655,5.156,-2.775,-0.120,-66.144,0.0127,0.0127,1.0820,
27.966,IMU,39.9602,41.7601,40.8601,4.5167,5.9655,5.156,-2.847,-0.109,-66.161,0.1064,0.0107,1.1108,
27.968,ENC,40.0522,41.8709,40.9615,4.6019,5.5394,5.210,-2.847,-0.109,-66.161,0.1064,0.0107,1.1108,
27.984,IMU,40.0522,41.8709,40.9615,4.6019,5.5394,5.210,-2.874,-0.104,-66.229,0.0635,0.0239,1.0737,
27.988,ENC,40.1494,41.9851,41.0672,4.8576,5.7098,5.259,-2.874,-0.104,-66.229,0.0635,0.0239,1.0737,
28.003,IMU,40.1494,41.9851,41.0672,4.8576,5.7098,5.259,-2.894,-0.193,-66.212,0.0571,-0.0464,0.8838,
28.008,ENC,40.2431,42.0907,41.1669,4.6872,5.2837,5.293,-2.894,-0.193,-66.212,0.0571,-0.0464,0.8838,
28.026,IMU,40.2431,42.0907,41.1669,4.6872,5.2837,5.293,-2.918,-0.244,-66.226,0.0527,0.0103,1.0264,
28.028,ENC,40.3454,42.2100,41.2777,5.1133,5.9655,5.342,-2.918,-0.244,-66.226,0.0527,0.0103,1.0264,
28.043,IMU,40.3454,42.2100,41.2777,5.1133,5.9655,5.342,-2.884,-0.268,-66.249,-0.0088,-0.0220,1.0586,
28.049,ENC,40.4426,42.3191,41.3808,4.8576,5.4542,5.376,-2.884,-0.268,-66.249,-0.0088,-0.0220,1.0586,
28.063,IMU,40.4426,42.3191,41.3808,4.8576,5.4542,5.376,-2.776,-0.237,-66.229,-0.0029,0.0283,1.0439,
28.071,ENC,40.5244,42.4214,41.4729,4.0906,5.1133,5.435,-2.776,-0.237,-66.229,-0.0029,0.0283,1.0439,
28.083,IMU,40.5244,42.4214,41.4729,4.0906,5.1133,5.435,-2.779,-0.182,-66.225,0.0322,0.0312,0.9863,
28.088,ENC,40.6130,42.5288,41.5709,4.4315,5.3689,5.488,-2.779,-0.182,-66.225,0.0322,0.0312,0.9863,
28.103,IMU,40.6130,42.5288,41.5709,4.4315,5.3689,5.488,-2.777,-0.111,-66.243,0.0557,0.0244,1.0078,
28.109,ENC,40.6897,42.6276,41.6587,3.8350,4.9428,5.552,-2.777,-0.111,-66.243,0.0557,0.0244,1.0078,
28.123,IMU,40.6897,42.6276,41.6587,3.8350,4.9428,5.552,-2.838,0.045,-66.239,0.0947,0.1245,0.9473,
28.128,ENC,40.7647,42.7111,41.7379,3.7497,4.1758,5.576,-2.838,0.045,-66.239,0.0947,0.1245,0.9473,
28.149,ENC,40.8005,42.7776,41.7890,1.7896,3.3236,5.664,-2.838,0.045,-66.239,0.0947,0.1245,0.9473,
28.163,IMU,40.8005,42.7776,41.7890,1.7896,3.3236,5.664,-2.862,0.239,-66.240,0.0400,0.1309,1.0815,
28.167,IMU,40.8005,42.7776,41.7890,1.7896,3.3236,5.664,-2.812,0.453,-66.236,-0.0112,0.1494,0.9219,
28.169,ENC,40.8056,42.8185,41.8121,0.2557,2.0453,5.767,-2.812,0.453,-66.236,-0.0112,0.1494,0.9219,
28.183,IMU,40.8056,42.8185,41.8121,0.2557,2.0453,5.767,-2.824,0.509,-66.242,0.0674,0.0957,0.9668,
28.188,ENC,40.8243,42.8458,41.8351,0.9374,1.3635,5.791,-2.824,0.509,-66.242,0.0674,0.0957,0.9668,
28.203,IMU,40.8243,42.8458,41.8351,0.9374,1.3635,5.791,-2.908,0.568,-66.236,0.0908,0.0449,1.0444,
28.209,ENC,40.8295,42.8577,41.8436,0.2557,0.5965,5.811,-2.908,0.568,-66.236,0.0908,0.0449,1.0444,
28.224,IMU,40.8295,42.8577,41.8436,0.2557,0.5965,5.811,-2.902,0.567,-66.218,0.0688,0.0322,0.9902,
28.233,ENC,40.8295,42.8526,41.8410,0.0000,-0.2557,5.796,-2.902,0.567,-66.218,0.0688,0.0322,0.9902,
28.244,IMU,40.8295,42.8526,41.8410,0.0000,-0.2557,5.796,-2.884,0.605,-66.289,0.0522,0.0215,1.0083,
28.248,ENC,40.8278,42.8407,41.8342,-0.0852,-0.5965,5.767,-2.884,0.605,-66.289,0.0522,0.0215,1.0083,
28.269,ENC,40.8243,42.8219,41.8231,-0.1704,-0.9374,5.723,-2.884,0.605,-66.289,0.0522,0.0215,1.0083,
28.280,IMU,40.8243,42.8219,41.8231,-0.1704,-0.9374,5.723,-2.852,0.610,-66.285,0.0278,0.0151,0.9771,
28.283,IMU,40.8243,42.8219,41.8231,-0.1704,-0.9374,5.723,-2.863,0.602,-66.298,0.0425,0.0107,1.0073,
28.289,ENC,40.8226,42.8032,41.8129,-0.0852,-0.9374,5.674,-2.863,0.602,-66.298,0.0425,0.0107,1.0073,
28.304,IMU,40.8226,42.8032,41.8129,-0.0852,-0.9374,5.674,-2.827,0.574,-66.348,0.0566,-0.0078,0.9951,
28.336,IMU,40.8226,42.8032,41.8129,-0.0852,-0.9374,5.674,-2.778,0.566,-66.316,0.0474,0.0063,1.0137,
28.338,ENC,40.8226,42.7878,41.8052,0.0000,-0.7670,5.630,-2.778,0.566,-66.316,0.0474,0.0063,1.0137,
28.340,ENC,40.8175,42.7759,41.7967,-0.2557,-0.5965,5.610,-2.778,0.566,-66.316,0.0474,0.0063,1.0137,
28.345,IMU,40.8175,42.7759,41.7967,-0.2557,-0.5965,5.610,-2.774,0.531,-66.337,0.0479,-0.0044,1.0049,
28.350,ENC,40.8090,42.7640,41.7865,-0.4261,-0.5965,5.601,-2.774,0.531,-66.337,0.0479,-0.0044,1.0049,
28.365,IMU,40.8090,42.7640,41.7865,-0.4261,-0.5965,5.601,-2.795,0.465,-66.289,0.0571,-0.0239,0.9800,
28.368,ENC,40.7988,42.7555,41.7771,-0.5113,-0.4261,5.605,-2.795,0.465,-66.289,0.0571,-0.0239,0.9800,
28.383,IMU,40.7988,42.7555,41.7771,-0.5113,-0.4261,5.605,-2.793,0.451,-66.302,0.0464,-0.0347,1.0083,
28.388,ENC,40.7903,42.7486,41.7694,-0.4261,-0.3409,5.610,-2.793,0.451,-66.302,0.0464,-0.0347,1.0083,
28.407,IMU,40.7903,42.7486,41.7694,-0.4261,-0.3409,5.610,-2.729,0.405,-66.314,0.0361,-0.0200,1.0059,
28.412,ENC,40.7868,42.7452,41.7660,-0.1704,-0.1704,5.610,-2.729,0.405,-66.314,0.0361,-0.0200,1.0059,
28.433,ENC,40.7851,42.7469,41.7660,-0.0852,0.0852,5.620,-2.729,0.405,-66.314,0.0361,-0.0200,1.0059,
28.437,IMU,40.7851,42.7469,41.7660,-0.0852,0.0852,5.620,-2.750,0.424,-66.239,0.0498,-0.0156,0.9932,
28.444,IMU,40.7851,42.7469,41.7660,-0.0852,0.0852,5.620,-2.726,0.406,-66.258,0.0444,-0.0015,1.0020,
28.450,ENC,40.7851,42.7469,41.7660,0.0000,0.0000,5.620,-2.726,0.406,-66.258,0.0444,-0.0015,1.0020,
28.464,IMU,40.7851,42.7469,41.7660,0.0000,0.0000,5.620,-2.768,0.377,-66.304,0.0596,-0.0020,0.9868,
28.474,ENC,40.7868,42.7486,41.7677,0.0852,0.0852,5.620,-2.768,0.377,-66.304,0.0596,-0.0020,0.9868,
28.483,IMU,40.7868,42.7486,41.7677,0.0852,0.0852,5.620,-2.783,0.372,-66.323,0.0508,0.0083,1.0015,
28.489,ENC,40.7903,42.7503,41.7703,0.1704,0.0852,5.615,-2.783,0.372,-66.323,0.0508,0.0083,1.0015,
28.508,IMU,40.7903,42.7503,41.7703,0.1704,0.0852,5.615,-2.806,0.394,-66.331,0.0527,0.0220,0.9946,
28.510,ENC,40.7920,42.7503,41.7711,0.0852,0.0000,5.610,-2.806,0.394,-66.331,0.0527,0.0220,0.9946,
28.523,IMU,40.7920,42.7503,41.7711,0.0852,0.0000,5.610,-2.799,0.444,-66.326,0.0327,0.0068,1.0000,
28.528,ENC,40.7920,42.7520,41.7720,0.0000,0.0852,5.615,-2.799,0.444,-66.326,0.0327,0.0068,1.0000,
28.544,IMU,40.7920,42.7520,41.7720,0.0000,0.0852,5.615,-2.769,0.410,-66.310,0.0542,0.0171,0.9922,
28.549,ENC,40.7937,42.7520,41.7729,0.0852,0.0000,5.610,-2.769,0.410,-66.310,0.0542,0.0171,0.9922,
28.564,IMU,40.7937,42.7520,41.7729,0.0852,0.0000,5.610,-2.764,0.405,-66.272,0.0503,0.0020,0.9863,
28.569,ENC,40.7937,42.7520,41.7729,0.0000,0.0000,5.610,-2.764,0.405,-66.272,0.0503,0.0020,0.9863,
28.584,IMU,40.7937,42.7520,41.7729,0.0000,0.0000,5.610,-2.772,0.410,-66.340,0.0654,0.0078,0.9985,
28.589,ENC,40.7937,42.7520,41.7729,0.0000,0.0000,5.610,-2.772,0.410,-66.340,0.0654,0.0078,0.9985,
28.603,IMU,40.7937,42.7520,41.7729,0.0000,0.0000,5.610,-2.776,0.419,-66.330,0.0488,0.0059,0.9902,
28.609,ENC,40.7920,42.7520,41.7720,-0.0852,0.0000,5.615,-2.776,0.419,-66.330,0.0488,0.0059,0.9902,
28.623,IMU,40.7920,42.7520,41.7720,-0.0852,0.0000,5.615,-2.762,0.424,-66.322,0.0396,0.0103,0.9985,
28.628,ENC,40.7920,42.7503,41.7711,0.0000,-0.0852,5.610,-2.762,0.424,-66.322,0.0396,0.0103,0.9985,
28.643,IMU,40.7920,42.7503,41.7711,0.0000,-0.0852,5.610,-2.763,0.443,-66.319,0.0586,-0.0020,0.9980,
28.653,ENC,40.7920,42.7503,41.7711,0.0000,0.0000,5.610,-2.763,0.443,-66.319,0.0586,-0.0020,0.9980,
28.666,IMU,40.7920,42.7503,41.7711,0.0000,0.0000,5.610,-2.754,0.427,-66.342,0.0430,0.0068,0.9922,
28.669,ENC,40.7920,42.7503,41.7711,0.0000,0.0000,5.610,-2.754,0.427,-66.342,0.0430,0.0068,0.9922,
28.686,IMU,40.7920,42.7503,41.7711,0.0000,0.0000,5.610,-2.762,0.339,-66.380,0.0488,0.0010,0.9951,
28.688,ENC,40.7920,42.7503,41.7711,0.0000,0.0000,5.610,-2.762,0.339,-66.380,0.0488,0.0010,0.9951,
28.703,IMU,40.7920,42.7503,41.7711,0.0000,0.0000,5.610,-2.764,0.332,-66.384,0.0415,-0.0039,0.9912,
28.715,ENC,40.7920,42.7503,41.7711,0.0000,0.0000,5.610,-2.764,0.332,-66.384,0.0415,-0.0039,0.9912,
28.723,IMU,40.7920,42.7503,41.7711,0.0000,0.0000,5.610,-2.740,0.273,-66.416,0.0464,0.0020,1.0132,
28.729,ENC,40.7920,42.7520,41.7720,0.0000,0.0852,5.615,-2.740,0.273,-66.416,0.0464,0.0020,1.0132,
28.743,IMU,40.7920,42.7520,41.7720,0.0000,0.0852,5.615,-2.759,0.252,-66.342,0.0527,-0.0005,1.0049,
28.748,ENC,40.7920,42.7503,41.7711,0.0000,-0.0852,5.610,-2.759,0.252,-66.342,0.0527,-0.0005,1.0049,
28.768,ENC,40.7920,42.7503,41.7711,0.0000,0.0000,5.610,-2.759,0.252,-66.342,0.0527,-0.0005,1.0049,
28.785,IMU,40.7920,42.7503,41.7711,0.0000,0.0000,5.610,-2.809,0.305,-66.445,0.0381,-0.0122,1.0039,
28.788,ENC,40.7920,42.7503,41.7711,0.0000,0.0000,5.610,-2.809,0.305,-66.445,0.0381,-0.0122,1.0039,
28.804,IMU,40.7920,42.7503,41.7711,0.0000,0.0000,5.610,-2.809,0.299,-66.413,0.0508,-0.0098,0.9932,
28.808,ENC,40.7920,42.7503,41.7711,0.0000,0.0000,5.610,-2.809,0.299,-66.413,0.0508,-0.0098,0.9932,
28.829,IMU,40.7920,42.7503,41.7711,0.0000,0.0000,5.610,-2.817,0.323,-66.417,0.0444,0.0015,0.9883,
28.831,ENC,40.7920,42.7503,41.7711,0.0000,0.0000,5.610,-2.817,0.323,-66.417,0.0444,0.0015,0.9883,
28.843,IMU,40.7920,42.7503,41.7711,0.0000,0.0000,5.610,-2.811,0.297,-66.429,0.0444,-0.0117,0.9971,
28.848,ENC,40.7920,42.7503,41.7711,0.0000,0.0000,5.610,-2.811,0.297,-66.429,0.0444,-0.0117,0.9971,
28.863,IMU,40.7920,42.7503,41.7711,0.0000,0.0000,5.610,-2.820,0.290,-66.418,0.0518,0.0005,0.9927,
28.869,ENC,40.7920,42.7503,41.7711,0.0000,0.0000,5.610,-2.820,0.290,-66.418,0.0518,0.0005,0.9927,
28.883,IMU,40.7920,42.7503,41.7711,0.0000,0.0000,5.610,-2.819,0.316,-66.379,0.0493,0.0068,0.9961,
28.888,ENC,40.7920,42.7503,41.7711,0.0000,0.0000,5.610,-2.819,0.316,-66.379,0.0493,0.0068,0.9961,
28.903,IMU,40.7920,42.7503,41.7711,0.0000,0.0000,5.610,-2.786,0.289,-66.362,0.0488,0.0029,0.9990,
28.908,ENC,40.7920,42.7503,41.7711,0.0000,0.0000,5.610,-2.786,0.289,-66.362,0.0488,0.0029,0.9990,
28.923,IMU,40.7920,42.7503,41.7711,0.0000,0.0000,5.610,-2.793,0.277,-66.428,0.0415,0.0054,1.0059,
28.929,ENC,40.7920,42.7503,41.7711,0.0000,0.0000,5.610,-2.793,0.277,-66.428,0.0415,0.0054,1.0059,
28.945,IMU,40.7920,42.7503,41.7711,0.0000,0.0000,5.610,-2.808,0.269,-66.412,0.0537,-0.0015,0.9883,
28.949,ENC,40.7920,42.7503,41.7711,0.0000,0.0000,5.610,-2.808,0.269,-66.412,0.0537,-0.0015,0.9883,
28.963,IMU,40.7920,42.7503,41.7711,0.0000,0.0000,5.610,-2.824,0.241,-66.447,0.0503,-0.0122,0.9951,
28.968,ENC,40.7920,42.7503,41.7711,0.0000,0.0000,5.610,-2.824,0.241,-66.447,0.0503,-0.0122,0.9951,
28.983,IMU,40.7920,42.7503,41.7711,0.0000,0.0000,5.610,-2.766,0.226,-66.486,0.0415,0.0068,1.0015,
28.988,ENC,40.7920,42.7503,41.7711,0.0000,0.0000,5.610,-2.766,0.226,-66.486,0.0415,0.0068,1.0015,
29.003,IMU,40.7920,42.7503,41.7711,0.0000,0.0000,5.610,-2.756,0.179,-66.535,0.0503,-0.0068,1.0112,
29.009,ENC,40.7920,42.7503,41.7711,0.0000,0.0000,5.610,-2.756,0.179,-66.535,0.0503,-0.0068,1.0112,
29.023,IMU,40.7920,42.7503,41.7711,0.0000,0.0000,5.610,-2.793,0.173,-66.522,0.0566,0.0005,1.0005,
29.028,ENC,40.7920,42.7503,41.7711,0.0000,0.0000,5.610,-2.793,0.173,-66.522,0.0566,0.0005,1.0005,
29.043,IMU,40.7920,42.7503,41.7711,0.0000,0.0000,5.610,-2.802,0.190,-66.499,0.0508,-0.0010,1.0000,
29.048,ENC,40.7920,42.7503,41.7711,0.0000,0.0000,5.610,-2.802,0.190,-66.499,0.0508,-0.0010,1.0000,
29.069,IMU,40.7920,42.7503,41.7711,0.0000,0.0000,5.610,-2.770,0.205,-66.567,0.0479,0.0127,0.9976,
29.071,ENC,40.7920,42.7520,41.7720,0.0000,0.0852,5.615,-2.770,0.205,-66.567,0.0479,0.0127,0.9976,
29.086,IMU,40.7920,42.7520,41.7720,0.0000,0.0852,5.615,-2.743,0.196,-66.575,0.0439,-0.0107,1.0000,
29.088,ENC,40.7920,42.7520,41.7720,0.0000,0.0000,5.615,-2.743,0.196,-66.575,0.0439,-0.0107,1.0000,
29.103,IMU,40.7920,42.7520,41.7720,0.0000,0.0000,5.615,-2.729,0.180,-66.564,0.0444,-0.0034,1.0005,
29.108,ENC,40.7937,42.7520,41.7729,0.0852,0.0000,5.610,-2.729,0.180,-66.564,0.0444,-0.0034,1.0005,
29.129,IMU,40.7937,42.7520,41.7729,0.0852,0.0000,5.610,-2.722,0.162,-66.552,0.0552,-0.0059,0.9937,
29.131,ENC,40.7937,42.7537,41.7737,0.0000,0.0852,5.615,-2.722,0.162,-66.552,0.0552,-0.0059,0.9937,
29.144,IMU,40.7937,42.7537,41.7737,0.0000,0.0852,5.615,-2.740,0.177,-66.536,0.0508,0.0063,0.9980,
29.149,ENC,40.7954,42.7555,41.7754,0.0852,0.0852,5.615,-2.740,0.177,-66.536,0.0508,0.0063,0.9980,
29.163,IMU,40.7954,42.7555,41.7754,0.0852,0.0852,5.615,-2.760,0.151,-66.587,0.0571,-0.0107,1.0010,
29.168,ENC,40.7954,42.7572,41.7763,0.0000,0.0852,5.620,-2.760,0.151,-66.587,0.0571,-0.0107,1.0010,
29.187,IMU,40.7954,42.7572,41.7763,0.0000,0.0852,5.620,-2.757,0.125,-66.696,0.0410,0.0049,1.0005,
29.189,ENC,40.7971,42.7589,41.7780,0.0852,0.0852,5.620,-2.757,0.125,-66.696,0.0410,0.0049,1.0005,
29.203,IMU,40.7971,42.7589,41.7780,0.0852,0.0852,5.620,-2.721,0.129,-66.730,0.0493,0.0049,0.9946,
29.209,ENC,40.7988,42.7589,41.7788,0.0852,0.0000,5.615,-2.721,0.129,-66.730,0.0493,0.0049,0.9946,
29.228,IMU,40.7988,42.7589,41.7788,0.0852,0.0000,5.615,-2.724,0.151,-66.731,0.0527,0.0127,1.0054,
29.230,ENC,40.7988,42.7606,41.7797,0.0000,0.0852,5.620,-2.724,0.151,-66.731,0.0527,0.0127,1.0054,
29.244,IMU,40.7988,42.7606,41.7797,0.0000,0.0852,5.620,-2.673,0.115,-66.796,0.0415,0.0059,0.9995,
29.263,IMU,40.7988,42.7606,41.7797,0.0000,0.0852,5.620,-2.717,0.080,-66.805,0.0669,0.0063,0.9971,
29.268,ENC,40.8022,42.7640,41.7831,0.0852,0.0852,5.620,-2.717,0.080,-66.805,0.0669,0.0063,0.9971,
29.283,IMU,40.8022,42.7640,41.7831,0.0852,0.0852,5.620,-2.756,0.052,-66.826,0.0459,-0.0020,1.0029,
29.289,ENC,40.8022,42.7657,41.7839,0.0000,0.0852,5.625,-2.756,0.052,-66.826,0.0459,-0.0020,1.0029,
29.309,ENC,40.8039,42.7657,41.7848,0.0852,0.0000,5.620,-2.756,0.052,-66.826,0.0459,-0.0020,1.0029,
29.326,IMU,40.8039,42.7657,41.7848,0.0852,0.0000,5.620,-2.810,0.112,-66.837,0.0449,0.0073,1.0059,
29.328,ENC,40.8039,42.7691,41.7865,0.0000,0.1704,5.630,-2.810,0.112,-66.837,0.0449,0.0073,1.0059,
29.343,IMU,40.8039,42.7691,41.7865,0.0000,0.1704,5.630,-2.762,0.021,-66.820,0.0352,-0.0317,0.9780,
29.349,ENC,40.8056,42.7810,41.7933,0.0852,0.5965,5.659,-2.762,0.021,-66.820,0.0352,-0.0317,0.9780,
29.363,IMU,40.8056,42.7810,41.7933,0.0852,0.5965,5.659,-2.732,-0.035,-66.780,0.0303,-0.0356,1.0000,
29.371,ENC,40.7800,42.7964,41.7882,-1.2783,0.7670,5.776,-2.732,-0.035,-66.780,0.0303,-0.0356,1.0000,
29.383,IMU,40.7800,42.7964,41.7882,-1.2783,0.7670,5.776,-2.763,0.065,-66.727,0.0522,0.0332,0.9717,
29.388,ENC,40.7749,42.8049,41.7899,-0.2557,0.4261,5.815,-2.763,0.065,-66.727,0.0522,0.0332,0.9717,
29.404,IMU,40.7749,42.8049,41.7899,-0.2557,0.4261,5.815,-2.681,0.088,-66.676,0.0151,0.0259,0.8931,
29.409,ENC,40.7698,42.8168,41.7933,-0.2557,0.5965,5.864,-2.681,0.088,-66.676,0.0151,0.0259,0.8931,
29.424,IMU,40.7698,42.8168,41.7933,-0.2557,0.5965,5.864,-2.546,-0.005,-66.542,-0.0288,-0.0679,0.9834,
29.429,ENC,40.7442,42.8509,41.7976,-1.2783,1.7044,6.035,-2.546,-0.005,-66.542,-0.0288,-0.0679,0.9834,
29.443,IMU,40.7442,42.8509,41.7976,-1.2783,1.7044,6.035,-2.603,-0.139,-66.372,0.0693,-0.1045,0.9961,
29.450,ENC,40.7204,42.8952,41.8078,-1.1931,2.2158,6.230,-2.603,-0.139,-66.372,0.0693,-0.1045,0.9961,
29.464,IMU,40.7204,42.8952,41.8078,-1.1931,2.2158,6.230,-2.593,-0.223,-66.253,0.0449,-0.0610,1.0439,
29.469,ENC,40.6982,42.9498,41.8240,-1.1079,2.7271,6.450,-2.593,-0.223,-66.253,0.0449,-0.0610,1.0439,
29.483,IMU,40.6982,42.9498,41.8240,-1.1079,2.7271,6.450,-2.583,-0.261,-66.109,0.0137,-0.0239,0.9810,
29.488,ENC,40.6726,43.0043,41.8385,-1.2783,2.7271,6.680,-2.583,-0.261,-66.109,0.0137,-0.0239,0.9810,
29.504,IMU,40.6726,43.0043,41.8385,-1.2783,2.7271,6.680,-2.598,-0.322,-65.948,0.0322,-0.0615,1.0122,
29.508,ENC,40.6420,43.0657,41.8538,-1.5340,3.0680,6.943,-2.598,-0.322,-65.948,0.0322,-0.0615,1.0122,
29.524,IMU,40.6420,43.0657,41.8538,-1.5340,3.0680,6.943,-2.645,-0.404,-65.793,0.0732,-0.0630,0.9614,
29.529,ENC,40.6283,43.1441,41.8862,-0.6818,3.9202,7.207,-2.645,-0.404,-65.793,0.0732,-0.0630,0.9614,
29.543,IMU,40.6283,43.1441,41.8862,-0.6818,3.9202,7.207,-2.592,-0.491,-65.631,0.0005,-0.0757,1.0713,
29.550,ENC,40.5994,43.2276,41.9135,-1.4488,4.1758,7.529,-2.592,-0.491,-65.631,0.0005,-0.0757,1.0713,
29.565,IMU,40.5994,43.2276,41.9135,-1.4488,4.1758,7.529,-2.597,-0.531,-65.463,0.0195,-0.0532,1.0420,
29.569,ENC,40.5840,43.3196,41.9518,-0.7670,4.6019,7.837,-2.597,-0.531,-65.463,0.0195,-0.0532,1.0420,
29.583,IMU,40.5840,43.3196,41.9518,-0.7670,4.6019,7.837,-2.584,-0.413,-65.296,0.0044,0.0522,1.0552,
29.589,ENC,40.5567,43.4048,41.9808,-1.3635,4.2611,8.159,-2.584,-0.413,-65.296,0.0044,0.0522,1.0552,
29.604,IMU,40.5567,43.4048,41.9808,-1.3635,4.2611,8.159,-2.573,-0.365,-65.092,0.0278,0.0293,0.9561,
29.608,ENC,40.5312,43.4918,42.0115,-1.2783,4.3463,8.481,-2.573,-0.365,-65.092,0.0278,0.0293,0.9561,
29.631,ENC,40.4937,43.5872,42.0404,-1.8749,4.7724,8.862,-2.573,-0.365,-65.092,0.0278,0.0293,0.9561,
29.635,IMU,40.4937,43.5872,42.0404,-1.8749,4.7724,8.862,-2.587,-0.337,-64.872,0.0449,-0.0034,0.9971,
29.643,IMU,40.4937,43.5872,42.0404,-1.8749,4.7724,8.862,-2.609,-0.338,-64.673,0.0547,0.0005,1.0415,
29.649,ENC,40.4749,43.6793,42.0771,-0.9374,4.6019,9.180,-2.609,-0.338,-64.673,0.0547,0.0005,1.0415,
29.663,IMU,40.4749,43.6793,42.0771,-0.9374,4.6019,9.180,-2.571,-0.343,-64.445,0.0181,-0.0161,0.9541,
29.668,ENC,40.4460,43.7713,42.1086,-1.4488,4.6019,9.526,-2.571,-0.343,-64.445,0.0181,-0.0161,0.9541,
29.684,IMU,40.4460,43.7713,42.1086,-1.4488,4.6019,9.526,-2.585,-0.321,-64.219,0.0381,0.0200,1.0273,
29.688,ENC,40.4136,43.8684,42.1410,-1.6192,4.8576,9.897,-2.585,-0.321,-64.219,0.0381,0.0200,1.0273,
29.703,IMU,40.4136,43.8684,42.1410,-1.6192,4.8576,9.897,-2.581,-0.266,-64.033,0.0415,0.0039,1.0806,
29.708,ENC,40.3829,43.9639,42.1734,-1.5340,4.7724,10.259,-2.581,-0.266,-64.033,0.0415,0.0039,1.0806,
29.723,IMU,40.3829,43.9639,42.1734,-1.5340,4.7724,10.259,-2.608,-0.235,-63.840,0.0122,0.0093,1.0049,
29.728,ENC,40.3607,44.0696,42.2152,-1.1079,5.2837,10.625,-2.608,-0.235,-63.840,0.0122,0.0093,1.0049,
29.747,IMU,40.3607,44.0696,42.2152,-1.1079,5.2837,10.625,-2.668,-0.170,-63.595,0.0894,0.0186,0.9731,
29.749,ENC,40.3249,44.1701,42.2475,-1.7896,5.0280,11.016,-2.668,-0.170,-63.595,0.0894,0.0186,0.9731,
29.764,IMU,40.3249,44.1701,42.2475,-1.7896,5.0280,11.016,-2.694,-0.076,-63.400,0.0518,0.0605,1.0464,
29.768,ENC,40.2943,44.2724,42.2833,-1.5340,5.1133,11.396,-2.694,-0.076,-63.400,0.0518,0.0605,1.0464,
29.783,IMU,40.2943,44.2724,42.2833,-1.5340,5.1133,11.396,-2.675,-0.059,-63.232,0.0576,-0.0249,0.9868,
29.788,ENC,40.2636,44.3661,42.3149,-1.5340,4.6872,11.753,-2.675,-0.059,-63.232,0.0576,-0.0249,0.9868,
29.804,IMU,40.2636,44.3661,42.3149,-1.5340,4.6872,11.753,-2.654,-0.076,-63.028,0.0342,-0.0068,1.0063,
29.808,ENC,40.2295,44.4531,42.3413,-1.7044,4.3463,12.100,-2.654,-0.076,-63.028,0.0342,-0.0068,1.0063,
29.823,IMU,40.2295,44.4531,42.3413,-1.7044,4.3463,12.100,-2.642,-0.037,-62.887,0.0552,0.0088,1.0220,
29.828,ENC,40.2005,44.5502,42.3754,-1.4488,4.8576,12.461,-2.642,-0.037,-62.887,0.0552,0.0088,1.0220,
29.843,IMU,40.2005,44.5502,42.3754,-1.4488,4.8576,12.461,-2.606,-0.131,-62.702,0.0103,-0.0483,0.9771,
29.849,ENC,40.1750,44.6405,42.4078,-1.2783,4.5167,12.793,-2.606,-0.131,-62.702,0.0103,-0.0483,0.9771,
29.864,IMU,40.1750,44.6405,42.4078,-1.2783,4.5167,12.793,-2.615,-0.226,-62.468,0.0503,-0.0454,0.9531,
29.868,ENC,40.1460,44.7292,42.4376,-1.4488,4.4315,13.130,-2.615,-0.226,-62.468,0.0503,-0.0454,0.9531,
29.883,IMU,40.1460,44.7292,42.4376,-1.4488,4.4315,13.130,-2.627,-0.216,-62.308,0.0483,-0.0073,1.0332,
29.889,ENC,40.1289,44.8297,42.4793,-0.8522,5.0280,13.467,-2.627,-0.216,-62.308,0.0483,-0.0073,1.0332,
29.905,IMU,40.1289,44.8297,42.4793,-0.8522,5.0280,13.467,-2.640,-0.192,-62.073,0.0586,0.0195,0.9629,
29.909,ENC,40.1153,44.9252,42.5202,-0.6818,4.7724,13.779,-2.640,-0.192,-62.073,0.0586,0.0195,0.9629,
29.923,IMU,40.1153,44.9252,42.5202,-0.6818,4.7724,13.779,-2.610,-0.097,-61.873,0.0396,0.0352,0.9717,
29.931,ENC,40.0914,45.0104,42.5509,-1.1931,4.2611,14.092,-2.610,-0.097,-61.873,0.0396,0.0352,0.9717,
29.944,IMU,40.0914,45.0104,42.5509,-1.1931,4.2611,14.092,-2.587,-0.088,-61.672,0.0352,-0.0083,1.0107,
29.949,ENC,40.0676,45.1110,42.5893,-1.1931,5.0280,14.448,-2.587,-0.088,-61.672,0.0352,-0.0083,1.0107,
29.968,ENC,40.0420,45.2047,42.6234,-1.2783,4.6872,14.790,-2.587,-0.088,-61.672,0.0352,-0.0083,1.0107,
29.977,IMU,40.0420,45.2047,42.6234,-1.2783,4.6872,14.790,-2.581,-0.094,-61.473,0.0044,-0.0015,0.9814,
29.985,IMU,40.0420,45.2047,42.6234,-1.2783,4.6872,14.790,-2.605,-0.135,-61.247,0.0562,-0.0293,0.9946,
29.988,ENC,40.0199,45.2985,42.6592,-1.1079,4.6872,15.122,-2.605,-0.135,-61.247,0.0562,-0.0293,0.9946,
30.004,IMU,40.0199,45.2985,42.6592,-1.1079,4.6872,15.122,-2.666,-0.196,-61.000,0.0962,-0.0483,0.9922,
30.009,ENC,40.0113,45.3990,42.7052,-0.4261,5.0280,15.435,-2.666,-0.196,-61.000,0.0962,-0.0483,0.9922,
30.023,IMU,40.0113,45.3990,42.7052,-0.4261,5.0280,15.435,-2.743,-0.211,-60.872,0.1250,-0.0371,0.9912,
30.028,ENC,40.0096,45.4911,42.7503,-0.0852,4.6019,15.703,-2.743,-0.211,-60.872,0.1250,-0.0371,0.9912,
30.045,IMU,40.0096,45.4911,42.7503,-0.0852,4.6019,15.703,-2.806,-0.147,-60.689,0.0991,0.0181,0.9409,
30.048,ENC,40.0113,45.5848,42.7981,0.0852,4.6872,15.967,-2.806,-0.147,-60.689,0.0991,0.0181,0.9409,
30.064,IMU,40.0113,45.5848,42.7981,0.0852,4.6872,15.967,-2.740,-0.147,-60.510,0.0640,-0.0122,1.0371,
30.069,ENC,40.0199,45.6751,42.8475,0.4261,4.5167,16.201,-2.740,-0.147,-60.510,0.0640,-0.0122,1.0371,
30.083,IMU,40.0199,45.6751,42.8475,0.4261,4.5167,16.201,-2.786,-0.186,-60.365,0.0098,-0.0049,1.0586,
30.088,ENC,40.0250,45.7689,42.8969,0.2557,4.6872,16.455,-2.786,-0.186,-60.365,0.0098,-0.0049,1.0586,
30.103,IMU,40.0250,45.7689,42.8969,0.2557,4.6872,16.455,-2.732,-0.209,-60.213,-0.0142,-0.0215,0.9663,
30.108,ENC,40.0267,45.8677,42.9472,0.0852,4.9428,16.733,-2.732,-0.209,-60.213,-0.0142,-0.0215,0.9663,
30.124,IMU,40.0267,45.8677,42.9472,0.0852,4.9428,16.733,-2.662,-0.256,-60.130,-0.0024,-0.0269,0.9863,
30.129,ENC,40.0267,45.9649,42.9958,0.0000,4.8576,17.012,-2.662,-0.256,-60.130,-0.0024,-0.0269,0.9863,
30.145,IMU,40.0267,45.9649,42.9958,0.0000,4.8576,17.012,-2.660,-0.245,-59.955,0.0479,-0.0142,0.9849,
30.148,ENC,40.0267,46.0689,43.0478,0.0000,5.1985,17.310,-2.660,-0.245,-59.955,0.0479,-0.0142,0.9849,
30.163,IMU,40.0267,46.0689,43.0478,0.0000,5.1985,17.310,-2.688,-0.275,-59.860,0.0439,-0.0122,0.9570,
30.169,ENC,40.0267,46.1745,43.1006,0.0000,5.2837,17.612,-2.688,-0.275,-59.860,0.0439,-0.0122,0.9570,
30.183,IMU,40.0267,46.1745,43.1006,0.0000,5.2837,17.612,-2.698,-0.274,-59.694,0.0630,0.0186,0.9727,
30.188,ENC,40.0267,46.2768,43.1517,0.0000,5.1133,17.905,-2.698,-0.274,-59.694,0.0630,0.0186,0.9727,
30.204,IMU,40.0267,46.2768,43.1517,0.0000,5.1133,17.905,-2.701,-0.260,-59.537,0.0757,-0.0073,0.9814,
30.209,ENC,40.0267,46.3842,43.2054,0.0000,5.3689,18.213,-2.701,-0.260,-59.537,0.0757,-0.0073,0.9814,
30.225,IMU,40.0267,46.3842,43.2054,0.0000,5.3689,18.213,-2.712,-0.303,-59.458,0.0146,-0.0024,1.0161,
30.238,ENC,40.0267,46.4967,43.2617,0.0000,5.6246,18.535,-2.712,-0.303,-59.458,0.0146,-0.0024,1.0161,
30.243,IMU,40.0267,46.4967,43.2617,0.0000,5.6246,18.535,-2.699,-0.328,-59.363,0.0312,-0.0107,0.9790,
30.248,ENC,40.0267,46.6057,43.3162,0.0000,5.4542,18.848,-2.699,-0.328,-59.363,0.0312,-0.0107,0.9790,
30.263,IMU,40.0267,46.6057,43.3162,0.0000,5.4542,18.848,-2.659,-0.395,-59.193,0.0366,-0.0132,1.0029,
30.268,ENC,40.0267,46.7268,43.3767,0.0000,6.0507,19.194,-2.659,-0.395,-59.193,0.0366,-0.0132,1.0029,
30.286,IMU,40.0267,46.7268,43.3767,0.0000,6.0507,19.194,-2.638,-0.430,-59.033,0.0098,-0.0117,0.9443,
30.289,ENC,40.0267,46.8341,43.4304,0.0000,5.3689,19.502,-2.638,-0.430,-59.033,0.0098,-0.0117,0.9443,
30.303,IMU,40.0267,46.8341,43.4304,0.0000,5.3689,19.502,-2.645,-0.394,-58.876,0.0444,0.0557,0.9834,
30.308,ENC,40.0267,46.9449,43.4858,0.0000,5.5394,19.819,-2.645,-0.394,-58.876,0.0444,0.0557,0.9834,
30.324,IMU,40.0267,46.9449,43.4858,0.0000,5.5394,19.819,-2.653,-0.400,-58.737,0.0225,-0.0161,1.0220,
30.328,ENC,40.0267,47.0574,43.5420,0.0000,5.6246,20.142,-2.653,-0.400,-58.737,0.0225,-0.0161,1.0220,
30.343,IMU,40.0267,47.0574,43.5420,0.0000,5.6246,20.142,-2.628,-0.409,-58.606,0.0483,-0.0210,1.0137,
30.351,ENC,40.0267,47.1648,43.5957,0.0000,5.3689,20.449,-2.628,-0.409,-58.606,0.0483,-0.0210,1.0137,
30.364,IMU,40.0267,47.1648,43.5957,0.0000,5.3689,20.449,-2.623,-0.439,-58.448,0.0493,0.0137,0.9990,
30.368,ENC,40.0284,47.2705,43.6494,0.0852,5.2837,20.747,-2.623,-0.439,-58.448,0.0493,0.0137,0.9990,
30.385,IMU,40.0284,47.2705,43.6494,0.0852,5.2837,20.747,-2.708,-0.456,-58.315,0.0957,-0.0146,1.0166,
30.388,ENC,40.0284,47.3813,43.7048,0.0000,5.5394,21.064,-2.708,-0.456,-58.315,0.0957,-0.0146,1.0166,
30.403,IMU,40.0284,47.3813,43.7048,0.0000,5.5394,21.064,-2.799,-0.400,-58.143,0.1294,0.0098,0.9229,
30.409,ENC,40.0284,47.4903,43.7594,0.0000,5.4542,21.377,-2.799,-0.400,-58.143,0.1294,0.0098,0.9229,
30.423,IMU,40.0284,47.4903,43.7594,0.0000,5.4542,21.377,-2.747,-0.381,-57.997,-0.0010,0.0063,1.0332,
30.428,ENC,40.0284,47.5977,43.8130,0.0000,5.3689,21.685,-2.747,-0.381,-57.997,-0.0010,0.0063,1.0332,
30.444,IMU,40.0284,47.5977,43.8130,0.0000,5.3689,21.685,-2.744,-0.413,-57.867,0.0601,-0.0464,1.0439,
30.450,ENC,40.0284,47.7136,43.8710,0.0000,5.7950,22.017,-2.744,-0.413,-57.867,0.0601,-0.0464,1.0439,
30.466,IMU,40.0284,47.7136,43.8710,0.0000,5.7950,22.017,-2.752,-0.339,-57.696,0.0078,0.0088,0.9976,
30.468,ENC,40.0284,47.8176,43.9230,0.0000,5.1985,22.314,-2.752,-0.339,-57.696,0.0078,0.0088,0.9976,
30.483,IMU,40.0284,47.8176,43.9230,0.0000,5.1985,22.314,-2.771,-0.399,-57.508,0.0635,-0.0518,0.9976,
30.488,ENC,40.0318,47.9318,43.9818,0.1704,5.7098,22.632,-2.771,-0.399,-57.508,0.0635,-0.0518,0.9976,
30.504,IMU,40.0318,47.9318,43.9818,0.1704,5.7098,22.632,-2.786,-0.364,-57.371,0.0518,0.0034,0.9912,
30.509,ENC,40.0318,48.0375,44.0346,0.0000,5.2837,22.935,-2.786,-0.364,-57.371,0.0518,0.0034,0.9912,
30.525,IMU,40.0318,48.0375,44.0346,0.0000,5.2837,22.935,-2.739,-0.463,-57.222,0.0371,-0.0728,1.0000,
30.528,ENC,40.0318,48.1380,44.0849,0.0000,5.0280,23.223,-2.739,-0.463,-57.222,0.0371,-0.0728,1.0000,
30.547,IMU,40.0318,48.1380,44.0849,0.0000,5.0280,23.223,-2.760,-0.448,-57.118,0.0464,-0.0181,0.9673,
30.550,ENC,40.0318,48.2471,44.1394,0.0000,5.4542,23.535,-2.760,-0.448,-57.118,0.0464,-0.0181,0.9673,
30.563,IMU,40.0318,48.2471,44.1394,0.0000,5.4542,23.535,-2.751,-0.434,-56.988,0.0381,0.0361,1.0571,
30.568,ENC,40.0335,48.3545,44.1940,0.0852,5.3689,23.838,-2.751,-0.434,-56.988,0.0381,0.0361,1.0571,
30.583,IMU,40.0335,48.3545,44.1940,0.0852,5.3689,23.838,-2.796,-0.376,-56.858,0.0259,0.0303,0.9785,
30.589,ENC,40.0335,48.4704,44.2519,0.0000,5.7950,24.170,-2.796,-0.376,-56.858,0.0259,0.0303,0.9785,
30.604,IMU,40.0335,48.4704,44.2519,0.0000,5.7950,24.170,-2.852,-0.420,-56.712,0.0610,0.0020,1.0181,
30.609,ENC,40.0335,48.5709,44.3022,0.0000,5.0280,24.458,-2.852,-0.420,-56.712,0.0610,0.0020,1.0181,
30.623,IMU,40.0335,48.5709,44.3022,0.0000,5.0280,24.458,-2.856,-0.388,-56.592,0.0469,0.0068,0.9648,
30.632,ENC,40.0335,48.6681,44.3508,0.0000,4.8576,24.736,-2.856,-0.388,-56.592,0.0469,0.0068,0.9648,
30.643,IMU,40.0335,48.6681,44.3508,0.0000,4.8576,24.736,-2.872,-0.351,-56.464,0.0337,0.0264,1.0596,
30.649,ENC,40.0335,48.7687,44.4011,0.0000,5.0280,25.024,-2.872,-0.351,-56.464,0.0337,0.0264,1.0596,
30.664,IMU,40.0335,48.7687,44.4011,0.0000,5.0280,25.024,-2.786,-0.310,-56.341,0.0259,0.0283,0.9976,
30.671,ENC,40.0335,48.8726,44.4531,0.0000,5.1985,25.322,-2.786,-0.310,-56.341,0.0259,0.0283,0.9976,
30.683,IMU,40.0335,48.8726,44.4531,0.0000,5.1985,25.322,-2.757,-0.307,-56.276,0.0425,-0.0117,1.0239,
30.691,ENC,40.0335,48.9715,44.5025,0.0000,4.9428,25.605,-2.757,-0.307,-56.276,0.0425,-0.0117,1.0239,
30.703,IMU,40.0335,48.9715,44.5025,0.0000,4.9428,25.605,-2.740,-0.263,-56.173,0.0308,0.0034,1.0171,
30.708,ENC,40.0335,49.0720,44.5528,0.0000,5.0280,25.894,-2.740,-0.263,-56.173,0.0308,0.0034,1.0171,
30.723,IMU,40.0335,49.0720,44.5528,0.0000,5.0280,25.894,-2.696,-0.201,-55.997,-0.0083,0.0405,1.0376,
30.729,ENC,40.0335,49.1777,44.6056,0.0000,5.2837,26.196,-2.696,-0.201,-55.997,-0.0083,0.0405,1.0376,
30.743,IMU,40.0335,49.1777,44.6056,0.0000,5.2837,26.196,-2.697,-0.169,-55.917,0.0869,0.0146,0.9985,
30.750,ENC,40.0318,49.2783,44.6550,-0.0852,5.0280,26.489,-2.697,-0.169,-55.917,0.0869,0.0146,0.9985,
30.763,IMU,40.0318,49.2783,44.6550,-0.0852,5.0280,26.489,-2.687,-0.252,-55.815,0.0615,-0.0303,1.0166,
30.768,ENC,40.0335,49.3788,44.7062,0.0852,5.0280,26.772,-2.687,-0.252,-55.815,0.0615,-0.0303,1.0166,
30.783,IMU,40.0335,49.3788,44.7062,0.0852,5.0280,26.772,-2.716,-0.248,-55.628,0.0312,0.0205,1.0356,
30.789,ENC,40.0318,49.4862,44.7590,-0.0852,5.3689,27.085,-2.716,-0.248,-55.628,0.0312,0.0205,1.0356,
30.807,IMU,40.0318,49.4862,44.7590,-0.0852,5.3689,27.085,-2.693,-0.175,-55.517,0.0483,0.0449,0.9927,
30.809,ENC,40.0318,49.5902,44.8110,0.0000,5.1985,27.383,-2.693,-0.175,-55.517,0.0483,0.0449,0.9927,
30.823,IMU,40.0318,49.5902,44.8110,0.0000,5.1985,27.383,-2.691,-0.133,-55.396,0.0522,-0.0151,0.9233,
30.829,ENC,40.0318,49.6959,44.8638,0.0000,5.2837,27.686,-2.691,-0.133,-55.396,0.0522,-0.0151,0.9233,
30.843,IMU,40.0318,49.6959,44.8638,0.0000,5.2837,27.686,-2.768,-0.122,-55.255,0.1025,-0.0308,0.9282,
30.848,ENC,40.0301,49.7947,44.9124,-0.0852,4.9428,27.974,-2.768,-0.122,-55.255,0.1025,-0.0308,0.9282,
30.863,IMU,40.0301,49.7947,44.9124,-0.0852,4.9428,27.974,-2.787,-0.087,-55.103,0.0410,0.0205,0.9927,
30.868,ENC,40.0284,49.8987,44.9635,-0.0852,5.1985,28.276,-2.787,-0.087,-55.103,0.0410,0.0205,0.9927,
30.885,IMU,40.0284,49.8987,44.9635,-0.0852,5.1985,28.276,-2.794,-0.109,-54.936,0.0088,-0.0132,1.0664,
30.888,ENC,40.0284,50.0044,45.0164,0.0000,5.2837,28.579,-2.794,-0.109,-54.936,0.0088,-0.0132,1.0664,
30.903,IMU,40.0284,50.0044,45.0164,0.0000,5.2837,28.579,-2.764,-0.097,-54.761,0.0410,0.0063,0.9692,
30.908,ENC,40.0284,50.1049,45.0667,0.0000,5.0280,28.867,-2.764,-0.097,-54.761,0.0410,0.0063,0.9692,
30.929,ENC,40.0284,50.2072,45.1178,0.0000,5.1133,29.160,-2.764,-0.097,-54.761,0.0410,0.0063,0.9692,
30.943,IMU,40.0284,50.2072,45.1178,0.0000,5.1133,29.160,-2.698,-0.132,-54.519,0.0239,0.0146,1.0151,
30.949,ENC,40.0284,50.3078,45.1681,0.0000,5.0280,29.448,-2.698,-0.132,-54.519,0.0239,0.0146,1.0151,
30.964,IMU,40.0284,50.3078,45.1681,0.0000,5.0280,29.448,-2.637,-0.115,-54.343,0.0210,0.0122,1.0557,
30.968,ENC,40.0284,50.4015,45.2149,0.0000,4.6872,29.717,-2.637,-0.115,-54.343,0.0210,0.0122,1.0557,
30.983,IMU,40.0284,50.4015,45.2149,0.0000,4.6872,29.717,-2.642,-0.053,-54.153,0.0493,0.0552,0.9834,
30.988,ENC,40.0284,50.4986,45.2635,0.0000,4.8576,29.995,-2.642,-0.053,-54.153,0.0493,0.0552,0.9834,
31.003,IMU,40.0284,50.4986,45.2635,0.0000,4.8576,29.995,-2.610,-0.092,-54.035,0.0269,-0.0254,1.0186,
31.009,ENC,40.0216,50.5975,45.3095,-0.3409,4.9428,30.298,-2.610,-0.092,-54.035,0.0269,-0.0254,1.0186,
31.023,IMU,40.0216,50.5975,45.3095,-0.3409,4.9428,30.298,-2.600,-0.115,-53.871,0.0503,0.0039,1.0049,
31.028,ENC,40.0130,50.6964,45.3547,-0.4261,4.9428,30.605,-2.600,-0.115,-53.871,0.0503,0.0039,1.0049,
31.049,ENC,39.9926,50.8054,45.3990,-1.0227,5.4542,30.977,-2.600,-0.115,-53.871,0.0503,0.0039,1.0049,
31.066,IMU,39.9926,50.8054,45.3990,-1.0227,5.4542,30.977,-2.659,0.024,-53.249,0.0337,0.0776,1.0376,
31.068,ENC,39.9551,50.9145,45.4348,-1.8749,5.4542,31.396,-2.659,0.024,-53.249,0.0337,0.0776,1.0376,
31.084,IMU,39.9551,50.9145,45.4348,-1.8749,5.4542,31.396,-2.688,0.066,-52.968,0.0566,0.0049,1.0557,
31.088,ENC,39.9074,51.0304,45.4689,-2.3862,5.7950,31.865,-2.688,0.066,-52.968,0.0566,0.0049,1.0557,
31.103,IMU,39.9074,51.0304,45.4689,-2.3862,5.7950,31.865,-2.681,0.093,-52.711,0.0503,0.0288,1.0073,
31.109,ENC,39.8426,51.1276,45.4851,-3.2384,4.8576,32.329,-2.681,0.093,-52.711,0.0503,0.0288,1.0073,
31.129,ENC,39.7676,51.2298,45.4987,-3.7497,5.1133,32.837,-2.681,0.093,-52.711,0.0503,0.0288,1.0073,
31.143,IMU,39.7676,51.2298,45.4987,-3.7497,5.1133,32.837,-2.641,0.225,-52.267,0.0171,0.0195,1.0029,
31.150,ENC,39.6722,51.3389,45.5055,-4.7724,5.4542,33.423,-2.641,0.225,-52.267,0.0171,0.0195,1.0029,
31.163,IMU,39.6722,51.3389,45.5055,-4.7724,5.4542,33.423,-2.558,0.218,-51.938,-0.0142,-0.0088,0.9331,
31.170,ENC,39.5545,51.4293,45.4919,-5.8803,4.5167,34.019,-2.558,0.218,-51.938,-0.0142,-0.0088,0.9331,
31.183,IMU,39.5545,51.4293,45.4919,-5.8803,4.5167,34.019,-2.509,0.303,-51.666,0.0376,0.0493,0.9883,
31.188,ENC,39.4369,51.5298,45.4834,-5.8803,5.0280,34.644,-2.509,0.303,-51.666,0.0376,0.0493,0.9883,
31.204,IMU,39.4369,51.5298,45.4834,-5.8803,5.0280,34.644,-2.489,0.346,-51.278,0.0312,0.0186,1.0557,
31.209,ENC,39.3091,51.6406,45.4749,-6.3916,5.5394,35.327,-2.489,0.346,-51.278,0.0312,0.0186,1.0557,
31.223,IMU,39.3091,51.6406,45.4749,-6.3916,5.5394,35.327,-2.474,0.437,-50.973,0.0249,0.0693,0.9565,
31.229,ENC,39.1796,51.7463,45.4629,-6.4768,5.2837,36.001,-2.474,0.437,-50.973,0.0249,0.0693,0.9565,
31.247,IMU,39.1796,51.7463,45.4629,-6.4768,5.2837,36.001,-2.541,0.446,-50.644,0.0776,-0.0020,0.9619,
31.249,ENC,39.0483,51.8486,45.4484,-6.5620,5.1133,36.670,-2.541,0.446,-50.644,0.0776,-0.0020,0.9619,
31.264,IMU,39.0483,51.8486,45.4484,-6.5620,5.1133,36.670,-2.522,0.461,-50.357,0.0190,0.0112,0.9917,
31.270,ENC,38.9069,51.9491,45.4280,-7.0734,5.0280,37.363,-2.522,0.461,-50.357,0.0190,0.0112,0.9917,
31.283,IMU,38.9069,51.9491,45.4280,-7.0734,5.0280,37.363,-2.509,0.532,-50.053,0.0156,0.0537,1.0703,
31.289,ENC,38.7722,52.0548,45.4135,-6.7325,5.2837,38.052,-2.509,0.532,-50.053,0.0156,0.0537,1.0703,
31.303,IMU,38.7722,52.0548,45.4135,-6.7325,5.2837,38.052,-2.540,0.525,-49.770,0.0840,-0.0142,0.9424,
31.308,ENC,38.6376,52.1639,45.4007,-6.7325,5.4542,38.750,-2.540,0.525,-49.770,0.0840,-0.0142,0.9424,
31.324,IMU,38.6376,52.1639,45.4007,-6.7325,5.4542,38.750,-2.631,0.515,-49.449,0.1050,-0.0117,0.9771,
31.329,ENC,38.5012,52.2661,45.3837,-6.8177,5.1133,39.434,-2.631,0.515,-49.449,0.1050,-0.0117,0.9771,
31.343,IMU,38.5012,52.2661,45.3837,-6.8177,5.1133,39.434,-2.641,0.541,-49.089,0.0269,0.0103,1.0127,
31.350,ENC,38.3700,52.3633,45.3666,-6.5620,4.8576,40.088,-2.641,0.541,-49.089,0.0269,0.0103,1.0127,
31.364,IMU,38.3700,52.3633,45.3666,-6.5620,4.8576,40.088,-2.597,0.469,-48.751,0.0332,-0.0073,0.9731,
31.368,ENC,38.2455,52.4673,45.3564,-6.2211,5.1985,40.742,-2.597,0.469,-48.751,0.0332,-0.0073,0.9731,
31.383,IMU,38.2455,52.4673,45.3564,-6.2211,5.1985,40.742,-2.594,0.421,-48.412,0.0381,-0.0264,0.9819,
31.389,ENC,38.1177,52.5729,45.3453,-6.3916,5.2837,41.411,-2.594,0.421,-48.412,0.0381,-0.0264,0.9819,
31.403,IMU,38.1177,52.5729,45.3453,-6.3916,5.2837,41.411,-2.608,0.451,-48.048,0.0522,0.0078,0.9912,
31.408,ENC,37.9899,52.6752,45.3325,-6.3916,5.1133,42.070,-2.608,0.451,-48.048,0.0522,0.0078,0.9912,
31.424,IMU,37.9899,52.6752,45.3325,-6.3916,5.1133,42.070,-2.674,0.463,-47.679,0.1128,0.0132,0.9897,
31.429,ENC,37.8604,52.7843,45.3223,-6.4768,5.4542,42.754,-2.674,0.463,-47.679,0.1128,0.0132,0.9897,
31.443,IMU,37.8604,52.7843,45.3223,-6.4768,5.4542,42.754,-2.706,0.426,-47.377,0.0420,-0.0757,1.0132,
31.454,ENC,37.7376,52.8865,45.3121,-6.1359,5.1133,43.398,-2.706,0.426,-47.377,0.0420,-0.0757,1.0132,
31.463,IMU,37.7376,52.8865,45.3121,-6.1359,5.1133,43.398,-2.777,0.371,-47.062,0.0698,-0.0591,1.0039,
31.469,ENC,37.6217,52.9922,45.3070,-5.7950,5.2837,44.033,-2.777,0.371,-47.062,0.0698,-0.0591,1.0039,
31.484,IMU,37.6217,52.9922,45.3070,-5.7950,5.2837,44.033,-2.846,0.367,-46.688,0.1118,-0.0068,0.9180,
31.490,ENC,37.5007,53.0945,45.2976,-6.0507,5.1133,44.673,-2.846,0.367,-46.688,0.1118,-0.0068,0.9180,
31.503,IMU,37.5007,53.0945,45.2976,-6.0507,5.1133,44.673,-2.851,0.356,-46.298,0.0498,-0.0371,0.9741,
31.509,ENC,37.3916,53.1882,45.2899,-5.4542,4.6872,45.254,-2.851,0.356,-46.298,0.0498,-0.0371,0.9741,
31.523,IMU,37.3916,53.1882,45.2899,-5.4542,4.6872,45.254,-2.871,0.231,-45.982,0.0679,-0.0850,0.9941,
31.529,ENC,37.2911,53.2854,45.2882,-5.0280,4.8576,45.820,-2.871,0.231,-45.982,0.0679,-0.0850,0.9941,
31.543,IMU,37.2911,53.2854,45.2882,-5.0280,4.8576,45.820,-2.902,0.242,-45.631,0.0728,-0.0073,0.9795,
31.548,ENC,37.1684,53.3876,45.2780,-6.1359,5.1133,46.465,-2.902,0.242,-45.631,0.0728,-0.0073,0.9795,
31.564,IMU,37.1684,53.3876,45.2780,-6.1359,5.1133,46.465,-2.888,0.296,-45.244,0.0093,0.0073,0.9580,
31.568,ENC,37.0559,53.4848,45.2703,-5.6246,4.8576,47.065,-2.888,0.296,-45.244,0.0093,0.0073,0.9580,
31.586,IMU,37.0559,53.4848,45.2703,-5.6246,4.8576,47.065,-2.851,0.324,-44.882,0.0264,0.0083,1.0083,
31.588,ENC,36.9417,53.5888,45.2652,-5.7098,5.1985,47.690,-2.851,0.324,-44.882,0.0264,0.0083,1.0083,
31.604,IMU,36.9417,53.5888,45.2652,-5.7098,5.1985,47.690,-2.892,0.271,-44.541,0.0977,-0.0444,1.0161,
31.609,ENC,36.8377,53.6910,45.2644,-5.1985,5.1133,48.281,-2.892,0.271,-44.541,0.0977,-0.0444,1.0161,
31.629,ENC,36.7440,53.7865,45.2652,-4.6872,4.7724,48.823,-2.892,0.271,-44.541,0.0977,-0.0444,1.0161,
31.644,IMU,36.7440,53.7865,45.2652,-4.6872,4.7724,48.823,-2.859,0.250,-43.886,0.1064,-0.0654,0.9741,
31.650,ENC,36.6553,53.8922,45.2737,-4.4315,5.2837,49.380,-2.859,0.250,-43.886,0.1064,-0.0654,0.9741,
31.664,IMU,36.6553,53.8922,45.2737,-4.4315,5.2837,49.380,-2.888,0.196,-43.579,0.0811,-0.0444,1.0146,
31.668,ENC,36.5820,53.9876,45.2848,-3.6645,4.7724,49.863,-2.888,0.196,-43.579,0.0811,-0.0444,1.0146,
31.689,ENC,36.5156,54.0882,45.3019,-3.3236,5.0280,50.342,-2.888,0.196,-43.579,0.0811,-0.0444,1.0146,
31.703,IMU,36.5156,54.0882,45.3019,-3.3236,5.0280,50.342,-2.872,0.195,-43.010,0.0303,-0.0459,1.0239,
31.709,ENC,36.4542,54.1819,45.3181,-3.0680,4.6872,50.786,-2.872,0.195,-43.010,0.0303,-0.0459,1.0239,
31.723,IMU,36.4542,54.1819,45.3181,-3.0680,4.6872,50.786,-2.965,0.215,-42.713,0.1455,-0.0068,1.0049,
31.728,ENC,36.3980,54.2808,45.3394,-2.8123,4.9428,51.230,-2.965,0.215,-42.713,0.1455,-0.0068,1.0049,
31.744,IMU,36.3980,54.2808,45.3394,-2.8123,4.9428,51.230,-2.926,0.189,-42.481,0.0347,0.0127,1.0322,
31.748,ENC,36.3434,54.3762,45.3598,-2.7271,4.7724,51.660,-2.926,0.189,-42.481,0.0347,0.0127,1.0322,
31.763,IMU,36.3434,54.3762,45.3598,-2.7271,4.7724,51.660,-2.924,0.199,-42.228,0.0781,-0.0200,0.9526,
31.769,ENC,36.2923,54.4665,45.3794,-2.5566,4.5167,52.065,-2.924,0.199,-42.228,0.0781,-0.0200,0.9526,
31.784,IMU,36.2923,54.4665,45.3794,-2.5566,4.5167,52.065,-2.945,0.167,-42.007,0.0698,-0.0176,0.9634,
31.789,ENC,36.2531,54.5688,45.4109,-1.9601,5.1133,52.471,-2.945,0.167,-42.007,0.0698,-0.0176,0.9634,
31.803,IMU,36.2531,54.5688,45.4109,-1.9601,5.1133,52.471,-2.935,0.155,-41.804,0.0513,-0.0107,0.9824,
31.808,ENC,36.2105,54.6626,45.4365,-2.1305,4.6872,52.861,-2.935,0.155,-41.804,0.0513,-0.0107,0.9824,
31.823,IMU,36.2105,54.6626,45.4365,-2.1305,4.6872,52.861,-2.950,0.129,-41.587,0.0410,-0.0444,0.9902,
31.829,ENC,36.1679,54.7580,45.4629,-2.1305,4.7724,53.257,-2.950,0.129,-41.587,0.0410,-0.0444,0.9902,
31.844,IMU,36.1679,54.7580,45.4629,-2.1305,4.7724,53.257,-2.944,0.158,-41.337,0.0410,-0.0137,0.9956,
31.849,ENC,36.1270,54.8586,45.4928,-2.0453,5.0280,53.662,-2.944,0.158,-41.337,0.0410,-0.0137,0.9956,
31.864,IMU,36.1270,54.8586,45.4928,-2.0453,5.0280,53.662,-2.964,0.151,-41.123,0.0811,-0.0054,1.0850,
31.869,ENC,36.0878,54.9591,45.5234,-1.9601,5.0280,54.062,-2.964,0.151,-41.123,0.0811,-0.0054,1.0850,
31.889,IMU,36.0878,54.9591,45.5234,-1.9601,5.0280,54.062,-2.971,0.089,-40.875,0.0498,-0.0293,0.9800,
31.891,ENC,36.0503,55.0614,45.5558,-1.8749,5.1133,54.463,-2.971,0.089,-40.875,0.0498,-0.0293,0.9800,
31.904,IMU,36.0503,55.0614,45.5558,-1.8749,5.1133,54.463,-2.912,0.067,-40.631,0.0181,-0.0376,0.9927,
31.908,ENC,36.0059,55.1619,45.5839,-2.2158,5.0280,54.878,-2.912,0.067,-40.631,0.0181,-0.0376,0.9927,
31.923,IMU,36.0059,55.1619,45.5839,-2.2158,5.0280,54.878,-2.925,0.068,-40.396,0.0586,-0.0127,0.9902,
31.929,ENC,35.9616,55.2693,45.6155,-2.2158,5.3689,55.312,-2.925,0.068,-40.396,0.0586,-0.0127,0.9902,
31.943,IMU,35.9616,55.2693,45.6155,-2.2158,5.3689,55.312,-2.956,0.059,-40.135,0.0815,-0.0278,1.0552,
31.949,ENC,35.9207,55.3750,45.6479,-2.0453,5.2837,55.732,-2.956,0.059,-40.135,0.0815,-0.0278,1.0552,
31.963,IMU,35.9207,55.3750,45.6479,-2.0453,5.2837,55.732,-3.037,0.007,-39.876,0.0522,-0.0405,1.1050,
31.969,ENC,35.8815,55.4892,45.6854,-1.9601,5.7098,56.172,-3.037,0.007,-39.876,0.0522,-0.0405,1.1050,
31.983,IMU,35.8815,55.4892,45.6854,-1.9601,5.7098,56.172,-3.065,0.070,-39.638,0.0347,0.0562,1.0244,
31.988,ENC,35.8372,55.6034,45.7203,-2.2158,5.7098,56.626,-3.065,0.070,-39.638,0.0347,0.0562,1.0244,
32.003,IMU,35.8372,55.6034,45.7203,-2.2158,5.7098,56.626,-3.046,0.059,-39.387,0.0547,0.0044,0.9590,
32.009,ENC,35.7895,55.7108,45.7501,-2.3862,5.3689,57.070,-3.046,0.059,-39.387,0.0547,0.0044,0.9590,
32.023,IMU,35.7895,55.7108,45.7501,-2.3862,5.3689,57.070,-3.056,0.056,-39.156,0.0430,-0.0317,1.0308,
32.031,ENC,35.7435,55.8164,45.7800,-2.3010,5.2837,57.505,-3.056,0.056,-39.156,0.0430,-0.0317,1.0308,
32.043,IMU,35.7435,55.8164,45.7800,-2.3010,5.2837,57.505,-3.027,0.133,-38.856,0.0117,0.0229,1.0337,
32.048,ENC,35.6974,55.9255,45.8115,-2.3010,5.4542,57.949,-3.027,0.133,-38.856,0.0117,0.0229,1.0337,
32.066,IMU,35.6974,55.9255,45.8115,-2.3010,5.4542,57.949,-3.043,0.132,-38.691,0.0498,0.0039,1.0454,
32.068,ENC,35.6531,56.0397,45.8464,-2.2158,5.7098,58.403,-3.043,0.132,-38.691,0.0498,0.0039,1.0454,
32.085,IMU,35.6531,56.0397,45.8464,-2.2158,5.7098,58.403,-3.045,0.134,-38.400,0.0742,-0.0225,1.0439,
32.089,ENC,35.6071,56.1488,45.8780,-2.3010,5.4542,58.848,-3.045,0.134,-38.400,0.0742,-0.0225,1.0439,
32.103,IMU,35.6071,56.1488,45.8780,-2.3010,5.4542,58.848,-3.093,0.047,-38.124,0.0791,-0.0767,0.9619,
32.109,ENC,35.5645,56.2613,45.9129,-2.1305,5.6246,59.292,-3.093,0.047,-38.124,0.0791,-0.0767,0.9619,
32.124,IMU,35.5645,56.2613,45.9129,-2.1305,5.6246,59.292,-3.058,0.072,-37.923,0.0410,0.0298,0.9644,
32.128,ENC,35.5168,56.3704,45.9436,-2.3862,5.4542,59.741,-3.058,0.072,-37.923,0.0410,0.0298,0.9644,
32.146,IMU,35.5168,56.3704,45.9436,-2.3862,5.4542,59.741,-3.082,0.046,-37.664,0.0698,-0.0146,1.0156,
32.149,ENC,35.4673,56.4829,45.9751,-2.4714,5.6246,60.205,-3.082,0.046,-37.664,0.0698,-0.0146,1.0156,
32.165,IMU,35.4673,56.4829,45.9751,-2.4714,5.6246,60.205,-3.075,0.034,-37.412,0.0430,-0.0181,0.9541,
32.168,ENC,35.4196,56.5937,46.0066,-2.3862,5.5394,60.659,-3.075,0.034,-37.412,0.0430,-0.0181,0.9541,
32.183,IMU,35.4196,56.5937,46.0066,-2.3862,5.5394,60.659,-2.983,0.054,-37.211,0.0044,-0.0142,1.0098,
32.191,ENC,35.3702,56.6976,46.0339,-2.4714,5.1985,61.099,-2.983,0.054,-37.211,0.0044,-0.0142,1.0098,
32.203,IMU,35.3702,56.6976,46.0339,-2.4714,5.1985,61.099,-3.006,0.063,-36.951,0.0771,0.0000,1.0283,
32.209,ENC,35.3225,56.8050,46.0637,-2.3862,5.3689,61.543,-3.006,0.063,-36.951,0.0771,0.0000,1.0283,
32.223,IMU,35.3225,56.8050,46.0637,-2.3862,5.3689,61.543,-3.022,0.112,-36.690,0.0620,0.0078,1.0020,
32.231,ENC,35.2781,56.9175,46.0978,-2.2158,5.6246,61.992,-3.022,0.112,-36.690,0.0620,0.0078,1.0020,
32.244,IMU,35.2781,56.9175,46.0978,-2.2158,5.6246,61.992,-2.978,0.157,-36.425,0.0620,0.0171,1.0142,
32.249,ENC,35.2321,57.0351,46.1336,-2.3010,5.8803,62.461,-2.978,0.157,-36.425,0.0620,0.0171,1.0142,
32.263,IMU,35.2321,57.0351,46.1336,-2.3010,5.8803,62.461,-2.944,0.103,-36.204,0.0405,-0.0327,0.9448,
32.269,ENC,35.1861,57.1408,46.1634,-2.3010,5.2837,62.896,-2.944,0.103,-36.204,0.0405,-0.0327,0.9448,
32.283,IMU,35.1861,57.1408,46.1634,-2.3010,5.2837,62.896,-2.945,0.141,-35.945,0.0483,-0.0068,1.0151,
32.289,ENC,35.1401,57.2516,46.1958,-2.3010,5.5394,63.345,-2.945,0.141,-35.945,0.0483,-0.0068,1.0151,
32.304,IMU,35.1401,57.2516,46.1958,-2.3010,5.5394,63.345,-2.940,0.119,-35.719,0.0674,-0.0381,0.9673,
32.309,ENC,35.0924,57.3607,46.2265,-2.3862,5.4542,63.794,-2.940,0.119,-35.719,0.0674,-0.0381,0.9673,
32.323,IMU,35.0924,57.3607,46.2265,-2.3862,5.4542,63.794,-2.929,0.111,-35.457,0.0288,-0.0093,1.0029,
32.328,ENC,35.0532,57.4629,46.2580,-1.9601,5.1133,64.199,-2.929,0.111,-35.457,0.0288,-0.0093,1.0029,
32.343,IMU,35.0532,57.4629,46.2580,-1.9601,5.1133,64.199,-2.980,0.085,-35.175,0.0781,-0.0029,1.0034,
32.348,ENC,35.0208,57.5601,46.2904,-1.6192,4.8576,64.570,-2.980,0.085,-35.175,0.0781,-0.0029,1.0034,
32.363,IMU,35.0208,57.5601,46.2904,-1.6192,4.8576,64.570,-3.003,0.091,-34.925,0.0503,-0.0156,0.9873,
32.369,ENC,34.9986,57.6572,46.3279,-1.1079,4.8576,64.912,-3.003,0.091,-34.925,0.0503,-0.0156,0.9873,
32.384,IMU,34.9986,57.6572,46.3279,-1.1079,4.8576,64.912,-3.055,0.080,-34.814,0.1021,-0.0020,1.0063,
32.388,ENC,34.9986,57.7390,46.3688,0.0000,4.0906,65.146,-3.055,0.080,-34.814,0.1021,-0.0020,1.0063,
32.403,IMU,34.9986,57.7390,46.3688,0.0000,4.0906,65.146,-3.078,0.126,-34.674,0.0840,0.0059,0.9629,
32.409,ENC,35.0003,57.8277,46.4140,0.0852,4.4315,65.396,-3.078,0.126,-34.674,0.0840,0.0059,0.9629,
32.425,IMU,35.0003,57.8277,46.4140,0.0852,4.4315,65.396,-3.056,0.109,-34.569,0.0557,-0.0347,1.0283,
32.428,ENC,35.0037,57.9129,46.4583,0.1704,4.2611,65.630,-3.056,0.109,-34.569,0.0557,-0.0347,1.0283,
32.444,IMU,35.0037,57.9129,46.4583,0.1704,4.2611,65.630,-2.964,0.095,-34.433,0.0283,-0.0029,0.9731,
32.449,ENC,35.0054,58.0015,46.5035,0.0852,4.4315,65.879,-2.964,0.095,-34.433,0.0283,-0.0029,0.9731,
32.463,IMU,35.0054,58.0015,46.5035,0.0852,4.4315,65.879,-2.954,0.093,-34.315,0.0205,-0.0161,0.9951,
32.471,ENC,35.0071,58.0936,46.5504,0.0852,4.6019,66.138,-2.954,0.093,-34.315,0.0205,-0.0161,0.9951,
32.483,IMU,35.0071,58.0936,46.5504,0.0852,4.6019,66.138,-2.932,0.015,-34.201,0.0918,-0.0439,1.0396,
32.488,ENC,35.0106,58.1873,46.5989,0.1704,4.6872,66.396,-2.932,0.015,-34.201,0.0918,-0.0439,1.0396,
32.506,IMU,35.0106,58.1873,46.5989,0.1704,4.6872,66.396,-2.912,-0.010,-34.114,0.0605,-0.0054,0.9795,
32.509,ENC,35.0140,58.2896,46.6518,0.1704,5.1133,66.680,-2.912,-0.010,-34.114,0.0605,-0.0054,0.9795,
32.523,IMU,35.0140,58.2896,46.6518,0.1704,5.1133,66.680,-2.932,0.003,-34.000,0.0776,0.0015,0.9370,
32.530,ENC,35.0174,58.3748,46.6961,0.1704,4.2611,66.914,-2.932,0.003,-34.000,0.0776,0.0015,0.9370,
32.543,IMU,35.0174,58.3748,46.6961,0.1704,4.2611,66.914,-2.966,0.025,-33.896,0.0479,0.0103,0.9888,
32.548,ENC,35.0174,58.4430,46.7302,0.0000,3.4088,67.109,-2.966,0.025,-33.896,0.0479,0.0103,0.9888,
32.564,IMU,35.0174,58.4430,46.7302,0.0000,3.4088,67.109,-3.009,-0.045,-33.743,0.0786,-0.0103,0.9722,
32.569,ENC,35.0174,58.5333,46.7753,0.0000,4.5167,67.368,-3.009,-0.045,-33.743,0.0786,-0.0103,0.9722,
32.584,IMU,35.0174,58.5333,46.7753,0.0000,4.5167,67.368,-2.993,-0.004,-33.593,0.0635,0.0068,1.0273,
32.589,ENC,35.0191,58.6168,46.8179,0.0852,4.1758,67.603,-2.993,-0.004,-33.593,0.0635,0.0068,1.0273,
32.603,IMU,35.0191,58.6168,46.8179,0.0852,4.1758,67.603,-3.042,0.059,-33.509,0.0947,0.0195,0.9316,
32.608,ENC,35.0191,58.7140,46.8665,0.0000,4.8576,67.881,-3.042,0.059,-33.509,0.0947,0.0195,0.9316,
32.623,IMU,35.0191,58.7140,46.8665,0.0000,4.8576,67.881,-3.082,0.001,-33.361,0.0464,-0.0347,1.0811,
32.629,ENC,35.0191,58.8043,46.9117,0.0000,4.5167,68.140,-3.082,0.001,-33.361,0.0464,-0.0347,1.0811,
32.643,IMU,35.0191,58.8043,46.9117,0.0000,4.5167,68.140,-3.077,-0.007,-33.235,0.0576,-0.0117,1.0029,
32.648,ENC,35.0191,58.8929,46.9560,0.0000,4.4315,68.394,-3.077,-0.007,-33.235,0.0576,-0.0117,1.0029,
32.664,IMU,35.0191,58.8929,46.9560,0.0000,4.4315,68.394,-3.077,-0.031,-33.128,0.0356,0.0063,1.0259,
32.669,ENC,35.0191,58.9833,47.0012,0.0000,4.5167,68.652,-3.077,-0.031,-33.128,0.0356,0.0063,1.0259,
32.683,IMU,35.0191,58.9833,47.0012,0.0000,4.5167,68.652,-3.078,0.039,-33.022,0.0513,0.0361,0.9507,
32.688,ENC,35.0191,59.0736,47.0463,0.0000,4.5167,68.911,-3.078,0.039,-33.022,0.0513,0.0361,0.9507,
32.705,IMU,35.0191,59.0736,47.0463,0.0000,4.5167,68.911,-3.123,-0.004,-32.935,0.0952,-0.0063,0.9824,
32.708,ENC,35.0191,59.1605,47.0898,0.0000,4.3463,69.160,-3.123,-0.004,-32.935,0.0952,-0.0063,0.9824,
32.724,IMU,35.0191,59.1605,47.0898,0.0000,4.3463,69.160,-3.112,0.041,-32.799,0.0552,0.0562,1.0181,
32.730,ENC,35.0191,59.2475,47.1333,0.0000,4.3463,69.409,-3.112,0.041,-32.799,0.0552,0.0562,1.0181,
32.743,IMU,35.0191,59.2475,47.1333,0.0000,4.3463,69.409,-3.143,0.115,-32.691,0.0806,0.0386,0.8975,
32.749,ENC,35.0191,59.3327,47.1759,0.0000,4.2611,69.653,-3.143,0.115,-32.691,0.0806,0.0386,0.8975,
32.763,IMU,35.0191,59.3327,47.1759,0.0000,4.2611,69.653,-3.146,0.078,-32.573,0.0581,-0.0391,1.0034,
32.769,ENC,35.0191,59.4264,47.2227,0.0000,4.6872,69.922,-3.146,0.078,-32.573,0.0581,-0.0391,1.0034,
32.783,IMU,35.0191,59.4264,47.2227,0.0000,4.6872,69.922,-3.223,0.057,-32.467,0.0591,-0.0366,1.0342,
32.789,ENC,35.0191,59.5168,47.2679,0.0000,4.5167,70.181,-3.223,0.057,-32.467,0.0591,-0.0366,1.0342,
32.803,IMU,35.0191,59.5168,47.2679,0.0000,4.5167,70.181,-3.216,0.043,-32.342,0.0947,0.0000,1.0430,
32.808,ENC,35.0191,59.6037,47.3114,0.0000,4.3463,70.430,-3.216,0.043,-32.342,0.0947,0.0000,1.0430,
32.823,IMU,35.0191,59.6037,47.3114,0.0000,4.3463,70.430,-3.188,0.100,-32.239,0.0405,0.0312,0.9775,
32.832,ENC,35.0191,59.6940,47.3565,0.0000,4.5167,70.688,-3.188,0.100,-32.239,0.0405,0.0312,0.9775,
32.849,IMU,35.0191,59.6940,47.3565,0.0000,4.5167,70.688,-3.245,0.127,-32.140,0.0967,0.0239,0.9136,
32.851,ENC,35.0191,59.7878,47.4034,0.0000,4.6872,70.957,-3.245,0.127,-32.140,0.0967,0.0239,0.9136,
32.863,IMU,35.0191,59.7878,47.4034,0.0000,4.6872,70.957,-3.247,0.179,-32.024,0.0615,0.0161,1.0166,
32.869,ENC,35.0191,59.8730,47.4460,0.0000,4.2611,71.201,-3.247,0.179,-32.024,0.0615,0.0161,1.0166,
32.883,IMU,35.0191,59.8730,47.4460,0.0000,4.2611,71.201,-3.186,0.127,-31.867,0.0356,-0.0200,1.0190,
32.889,ENC,35.0191,59.9633,47.4912,0.0000,4.5167,71.460,-3.186,0.127,-31.867,0.0356,-0.0200,1.0190,
32.903,IMU,35.0191,59.9633,47.4912,0.0000,4.5167,71.460,-3.175,0.164,-31.717,0.0352,0.0361,0.9844,
32.908,ENC,35.0191,60.0451,47.5321,0.0000,4.0906,71.694,-3.175,0.164,-31.717,0.0352,0.0361,0.9844,
32.924,IMU,35.0191,60.0451,47.5321,0.0000,4.0906,71.694,-3.221,0.169,-31.643,0.0615,-0.0142,1.0303,
32.934,ENC,35.0191,60.1286,47.5739,0.0000,4.1758,71.934,-3.221,0.169,-31.643,0.0615,-0.0142,1.0303,
32.945,IMU,35.0191,60.1286,47.5739,0.0000,4.1758,71.934,-3.174,0.135,-31.513,0.0205,-0.0298,0.9629,
32.951,ENC,35.0174,60.2190,47.6182,-0.0852,4.5167,72.197,-3.174,0.135,-31.513,0.0205,-0.0298,0.9629,
32.964,IMU,35.0174,60.2190,47.6182,-0.0852,4.5167,72.197,-3.164,0.095,-31.413,0.0815,-0.0337,1.0444,
32.969,ENC,35.0191,60.3025,47.6608,0.0852,4.1758,72.432,-3.164,0.095,-31.413,0.0815,-0.0337,1.0444,
32.984,IMU,35.0191,60.3025,47.6608,0.0852,4.1758,72.432,-3.047,0.096,-31.317,-0.0322,0.0088,0.9468,
32.989,ENC,35.0191,60.3843,47.7017,0.0000,4.0906,72.666,-3.047,0.096,-31.317,-0.0322,0.0088,0.9468,
33.004,IMU,35.0191,60.3843,47.7017,0.0000,4.0906,72.666,-3.077,0.073,-31.210,0.0552,-0.0151,1.0215,
33.013,ENC,35.0191,60.4661,47.7426,0.0000,4.0906,72.900,-3.077,0.073,-31.210,0.0552,-0.0151,1.0215,
33.024,IMU,35.0191,60.4661,47.7426,0.0000,4.0906,72.900,-3.041,0.037,-31.062,0.0200,-0.0210,1.0156,
33.028,ENC,35.0191,60.5530,47.7861,0.0000,4.3463,73.149,-3.041,0.037,-31.062,0.0200,-0.0210,1.0156,
33.043,IMU,35.0191,60.5530,47.7861,0.0000,4.3463,73.149,-3.037,0.128,-30.929,0.0605,0.0308,0.9482,
33.049,ENC,35.0157,60.6366,47.8261,-0.1704,4.1758,73.398,-3.037,0.128,-30.929,0.0605,0.0308,0.9482,
33.063,IMU,35.0157,60.6366,47.8261,-0.1704,4.1758,73.398,-3.091,0.136,-30.731,0.0996,0.0176,1.0107,
33.068,ENC,35.0106,60.7167,47.8636,-0.2557,4.0054,73.643,-3.091,0.136,-30.731,0.0996,0.0176,1.0107,
33.083,IMU,35.0106,60.7167,47.8636,-0.2557,4.0054,73.643,-3.062,0.215,-30.507,-0.0122,0.0693,0.9937,
33.089,ENC,34.9986,60.8019,47.9003,-0.5965,4.2611,73.921,-3.062,0.215,-30.507,-0.0122,0.0693,0.9937,
33.104,IMU,34.9986,60.8019,47.9003,-0.5965,4.2611,73.921,-3.027,0.239,-30.335,0.0605,0.0498,0.9463,
33.109,ENC,34.9867,60.8871,47.9369,-0.5965,4.2611,74.199,-3.027,0.239,-30.335,0.0605,0.0498,0.9463,
33.123,IMU,34.9867,60.8871,47.9369,-0.5965,4.2611,74.199,-3.004,0.181,-30.149,0.0303,-0.0044,1.0264,
33.128,ENC,34.9799,60.9638,47.9718,-0.3409,3.8350,74.438,-3.004,0.181,-30.149,0.0303,-0.0044,1.0264,
33.146,IMU,34.9799,60.9638,47.9718,-0.3409,3.8350,74.438,-3.084,0.185,-29.987,0.1294,0.0122,0.9653,
33.149,ENC,34.9748,61.0422,48.0085,-0.2557,3.9202,74.678,-3.084,0.185,-29.987,0.1294,0.0122,0.9653,
33.163,IMU,34.9748,61.0422,48.0085,-0.2557,3.9202,74.678,-3.081,0.194,-29.837,0.0806,0.0093,0.9756,
33.169,ENC,34.9645,61.1189,48.0417,-0.5113,3.8350,74.927,-3.081,0.194,-29.837,0.0806,0.0093,0.9756,
33.183,IMU,34.9645,61.1189,48.0417,-0.5113,3.8350,74.927,-3.051,0.271,-29.633,0.0103,0.0244,0.9946,
33.190,ENC,34.9407,61.1854,48.0630,-1.1931,3.3236,75.186,-3.051,0.271,-29.633,0.0103,0.0244,0.9946,
33.205,IMU,34.9407,61.1854,48.0630,-1.1931,3.3236,75.186,-3.040,0.324,-29.497,0.0410,0.0356,0.9878,
33.223,IMU,34.9407,61.1854,48.0630,-1.1931,3.3236,75.186,-3.062,0.332,-29.307,0.0386,0.0195,1.0337,
33.229,ENC,34.8708,61.3507,48.1108,-1.7470,4.1332,75.859,-3.062,0.332,-29.307,0.0386,0.0195,1.0337,
33.243,IMU,34.8708,61.3507,48.1108,-1.7470,4.1332,75.859,-3.079,0.326,-29.095,0.0630,0.0132,0.9727,
33.249,ENC,34.8299,61.4240,48.1269,-2.0453,3.6645,76.187,-3.079,0.326,-29.095,0.0630,0.0132,0.9727,
33.264,IMU,34.8299,61.4240,48.1269,-2.0453,3.6645,76.187,-3.047,0.311,-28.875,0.0791,-0.0215,1.0024,
33.268,ENC,34.7822,61.5092,48.1457,-2.3862,4.2611,76.567,-3.047,0.311,-28.875,0.0791,-0.0215,1.0024,
33.283,IMU,34.7822,61.5092,48.1457,-2.3862,4.2611,76.567,-3.041,0.322,-28.747,0.0615,0.0142,0.9502,
33.289,ENC,34.7344,61.5876,48.1610,-2.3862,3.9202,76.929,-3.041,0.322,-28.747,0.0615,0.0142,0.9502,
33.303,IMU,34.7344,61.5876,48.1610,-2.3862,3.9202,76.929,-3.029,0.318,-28.567,0.0298,0.0034,0.9897,
33.308,ENC,34.6867,61.6797,48.1832,-2.3862,4.6019,77.329,-3.029,0.318,-28.567,0.0298,0.0034,0.9897,
33.323,IMU,34.6867,61.6797,48.1832,-2.3862,4.6019,77.329,-3.027,0.341,-28.443,0.0732,-0.0166,1.0483,
33.329,ENC,34.6407,61.7649,48.2028,-2.3010,4.2611,77.705,-3.027,0.341,-28.443,0.0732,-0.0166,1.0483,
33.343,IMU,34.6407,61.7649,48.2028,-2.3010,4.2611,77.705,-3.062,0.347,-28.329,0.0522,0.0288,0.9824,
33.349,ENC,34.6049,61.8399,48.2224,-1.7896,3.7497,78.022,-3.062,0.347,-28.329,0.0522,0.0288,0.9824,
33.363,IMU,34.6049,61.8399,48.2224,-1.7896,3.7497,78.022,-3.098,0.326,-28.140,0.0859,-0.0088,0.9785,
33.369,ENC,34.5691,61.9217,48.2454,-1.7896,4.0906,78.359,-3.098,0.326,-28.140,0.0859,-0.0088,0.9785,
33.385,IMU,34.5691,61.9217,48.2454,-1.7896,4.0906,78.359,-3.046,0.317,-27.988,0.0264,-0.0078,0.9673,
33.389,ENC,34.5299,62.0018,48.2659,-1.9601,4.0054,78.701,-3.046,0.317,-27.988,0.0264,-0.0078,0.9673,
33.403,IMU,34.5299,62.0018,48.2659,-1.9601,4.0054,78.701,-3.055,0.311,-27.840,0.0776,-0.0229,1.0283,
33.409,ENC,34.4907,62.0870,48.2889,-1.9601,4.2611,79.058,-3.055,0.311,-27.840,0.0776,-0.0229,1.0283,
33.424,IMU,34.4907,62.0870,48.2889,-1.9601,4.2611,79.058,-3.064,0.340,-27.635,0.0757,0.0166,0.9736,
33.429,ENC,34.4515,62.1705,48.3110,-1.9601,4.1758,79.409,-3.064,0.340,-27.635,0.0757,0.0166,0.9736,
33.443,IMU,34.4515,62.1705,48.3110,-1.9601,4.1758,79.409,-3.081,0.354,-27.453,0.0786,0.0020,0.9414,
33.448,ENC,34.4123,62.2506,48.3315,-1.9601,4.0054,79.751,-3.081,0.354,-27.453,0.0786,0.0020,0.9414,
33.463,IMU,34.4123,62.2506,48.3315,-1.9601,4.0054,79.751,-3.139,0.276,-27.275,0.0889,-0.0508,0.9429,
33.469,ENC,34.3697,62.3325,48.3511,-2.1305,4.0906,80.107,-3.139,0.276,-27.275,0.0889,-0.0508,0.9429,
33.483,IMU,34.3697,62.3325,48.3511,-2.1305,4.0906,80.107,-3.225,0.288,-27.080,0.1216,-0.0303,1.0254,
33.489,ENC,34.3288,62.4057,48.3673,-2.0453,3.6645,80.435,-3.225,0.288,-27.080,0.1216,-0.0303,1.0254,
33.503,IMU,34.3288,62.4057,48.3673,-2.0453,3.6645,80.435,-3.254,0.301,-26.875,0.0581,0.0552,0.9883,
33.509,ENC,34.2879,62.4824,48.3852,-2.0453,3.8350,80.771,-3.254,0.301,-26.875,0.0581,0.0552,0.9883,
33.524,IMU,34.2879,62.4824,48.3852,-2.0453,3.8350,80.771,-3.330,0.369,-26.709,0.1035,0.0449,0.9590,
33.529,ENC,34.2504,62.5591,48.4048,-1.8749,3.8350,81.099,-3.330,0.369,-26.709,0.1035,0.0449,0.9590,
33.544,IMU,34.2504,62.5591,48.4048,-1.8749,3.8350,81.099,-3.274,0.418,-26.546,0.0073,0.0347,0.9873,
33.549,ENC,34.2129,62.6375,48.4252,-1.8749,3.9202,81.431,-3.274,0.418,-26.546,0.0073,0.0347,0.9873,
33.563,IMU,34.2129,62.6375,48.4252,-1.8749,3.9202,81.431,-3.236,0.424,-26.389,0.0303,0.0083,0.9517,
33.569,ENC,34.1737,62.7074,48.4406,-1.9601,3.4941,81.743,-3.236,0.424,-26.389,0.0303,0.0083,0.9517,
33.583,IMU,34.1737,62.7074,48.4406,-1.9601,3.4941,81.743,-3.297,0.421,-26.182,0.0811,-0.0039,0.9912,
33.589,ENC,34.1379,62.7790,48.4585,-1.7896,3.5793,82.051,-3.297,0.421,-26.182,0.0811,-0.0039,0.9912,
33.603,IMU,34.1379,62.7790,48.4585,-1.7896,3.5793,82.051,-3.261,0.388,-26.059,0.0552,-0.0161,0.9775,
33.613,ENC,34.0987,62.8591,48.4789,-1.9601,4.0054,82.393,-3.261,0.388,-26.059,0.0552,-0.0161,0.9775,
33.623,IMU,34.0987,62.8591,48.4789,-1.9601,4.0054,82.393,-3.267,0.432,-25.877,0.0444,0.0161,0.9771,
33.630,ENC,34.0629,62.9375,48.5002,-1.7896,3.9202,82.720,-3.267,0.432,-25.877,0.0444,0.0161,0.9771,
33.643,IMU,34.0629,62.9375,48.5002,-1.7896,3.9202,82.720,-3.274,0.484,-25.717,0.0684,0.0454,0.9673,
33.649,ENC,34.0254,63.0125,48.5190,-1.8749,3.7497,83.042,-3.274,0.484,-25.717,0.0684,0.0454,0.9673,
33.663,IMU,34.0254,63.0125,48.5190,-1.8749,3.7497,83.042,-3.196,0.470,-25.565,0.0264,0.0269,1.0112,
33.670,ENC,33.9913,63.0875,48.5394,-1.7044,3.7497,83.354,-3.196,0.470,-25.565,0.0264,0.0269,1.0112,
33.684,IMU,33.9913,63.0875,48.5394,-1.7044,3.7497,83.354,-3.171,0.505,-25.376,0.0166,0.0171,0.9780,
33.689,ENC,33.9606,63.1710,48.5658,-1.5340,4.1758,83.682,-3.171,0.505,-25.376,0.0166,0.0171,0.9780,
33.703,IMU,33.9606,63.1710,48.5658,-1.5340,4.1758,83.682,-3.143,0.515,-25.196,0.0273,-0.0264,1.0269,
33.708,ENC,33.9300,63.2563,48.5931,-1.5340,4.2611,84.014,-3.143,0.515,-25.196,0.0273,-0.0264,1.0269,
33.723,IMU,33.9300,63.2563,48.5931,-1.5340,4.2611,84.014,-3.180,0.532,-25.049,0.0923,0.0181,0.9814,
33.743,IMU,33.9300,63.2563,48.5931,-1.5340,4.2611,84.014,-3.232,0.487,-24.882,0.0674,-0.0410,1.0283,
33.748,ENC,33.9129,63.4114,48.6621,-0.4261,3.8776,84.507,-3.232,0.487,-24.882,0.0674,-0.0410,1.0283,
33.765,IMU,33.9129,63.4114,48.6621,-0.4261,3.8776,84.507,-3.218,0.488,-24.759,0.0625,-0.0132,0.9951,
33.768,ENC,33.8993,63.5000,48.6996,-0.6818,4.4315,84.800,-3.218,0.488,-24.759,0.0625,-0.0132,0.9951,
33.783,IMU,33.8993,63.5000,48.6996,-0.6818,4.4315,84.800,-3.242,0.535,-24.610,0.0527,0.0107,0.9751,
33.788,ENC,33.8907,63.5818,48.7363,-0.4261,4.0906,85.059,-3.242,0.535,-24.610,0.0527,0.0107,0.9751,
33.803,IMU,33.8907,63.5818,48.7363,-0.4261,4.0906,85.059,-3.273,0.488,-24.499,0.0747,-0.0142,1.0317,
33.808,ENC,33.8907,63.6619,48.7763,0.0000,4.0054,85.288,-3.273,0.488,-24.499,0.0747,-0.0142,1.0317,
33.823,IMU,33.8907,63.6619,48.7763,0.0000,4.0054,85.288,-3.269,0.463,-24.330,0.0571,-0.0073,0.9932,
33.831,ENC,33.8942,63.7437,48.8189,0.1704,4.0906,85.513,-3.269,0.463,-24.330,0.0571,-0.0073,0.9932,
33.843,IMU,33.8942,63.7437,48.8189,0.1704,4.0906,85.513,-3.212,0.483,-24.172,0.0176,-0.0068,1.0073,
33.864,IMU,33.8942,63.7437,48.8189,0.1704,4.0906,85.513,-3.251,0.519,-24.015,0.0869,0.0098,0.9868,
33.869,ENC,33.8959,63.9125,48.9042,0.0426,4.2184,85.991,-3.251,0.519,-24.015,0.0869,0.0098,0.9868,
33.883,IMU,33.8959,63.9125,48.9042,0.0426,4.2184,85.991,-3.263,0.501,-23.894,0.0718,0.0127,0.9678,
33.889,ENC,33.8959,63.9943,48.9451,0.0000,4.0906,86.226,-3.263,0.501,-23.894,0.0718,0.0127,0.9678,
33.903,IMU,33.8959,63.9943,48.9451,0.0000,4.0906,86.226,-3.216,0.533,-23.750,0.0420,0.0015,1.0073,
33.912,ENC,33.9010,64.0744,48.9877,0.2557,4.0054,86.440,-3.216,0.533,-23.750,0.0420,0.0015,1.0073,
33.924,IMU,33.9010,64.0744,48.9877,0.2557,4.0054,86.440,-3.244,0.489,-23.568,0.0337,-0.0146,1.0117,
33.928,ENC,33.9095,64.1613,49.0354,0.4261,4.3463,86.665,-3.244,0.489,-23.568,0.0337,-0.0146,1.0117,
33.943,IMU,33.9095,64.1613,49.0354,0.4261,4.3463,86.665,-3.256,0.420,-23.459,0.0664,-0.0669,1.0503,
33.948,ENC,33.9112,64.2414,49.0763,0.0852,4.0054,86.890,-3.256,0.420,-23.459,0.0664,-0.0669,1.0503,
33.963,IMU,33.9112,64.2414,49.0763,0.0852,4.0054,86.890,-3.235,0.471,-23.364,0.0049,0.0010,0.9648,
33.973,ENC,33.9112,64.3317,49.1215,0.0000,4.5167,87.148,-3.235,0.471,-23.364,0.0049,0.0010,0.9648,
33.983,IMU,33.9112,64.3317,49.1215,0.0000,4.5167,87.148,-3.303,0.459,-23.229,0.0933,-0.0024,0.9316,
33.988,ENC,33.9112,64.4187,49.1649,0.0000,4.3463,87.397,-3.303,0.459,-23.229,0.0933,-0.0024,0.9316,
34.003,IMU,33.9112,64.4187,49.1649,0.0000,4.3463,87.397,-3.348,0.508,-23.074,0.0557,0.0420,1.0210,
34.008,ENC,33.9095,64.5073,49.2084,-0.0852,4.4315,87.656,-3.348,0.508,-23.074,0.0557,0.0420,1.0210,
34.023,IMU,33.9095,64.5073,49.2084,-0.0852,4.4315,87.656,-3.351,0.526,-22.964,0.0444,-0.0039,1.0601,
34.029,ENC,33.9095,64.5976,49.2536,0.0000,4.5167,87.915,-3.351,0.526,-22.964,0.0444,-0.0039,1.0601,
34.043,IMU,33.9095,64.5976,49.2536,0.0000,4.5167,87.915,-3.349,0.561,-22.812,0.0366,0.0068,0.9941,
34.049,ENC,33.9095,64.6897,49.2996,0.0000,4.6019,88.179,-3.349,0.561,-22.812,0.0366,0.0068,0.9941,
34.063,IMU,33.9095,64.6897,49.2996,0.0000,4.6019,88.179,-3.330,0.603,-22.689,0.0449,0.0176,0.9819,
34.070,ENC,33.9095,64.7902,49.3499,0.0000,5.0280,88.467,-3.330,0.603,-22.689,0.0449,0.0176,0.9819,
34.083,IMU,33.9095,64.7902,49.3499,0.0000,5.0280,88.467,-3.291,0.626,-22.560,0.0205,0.0073,0.9917,
34.088,ENC,33.9095,64.8874,49.3984,0.0000,4.8576,88.745,-3.291,0.626,-22.560,0.0205,0.0073,0.9917,
34.103,IMU,33.9095,64.8874,49.3984,0.0000,4.8576,88.745,-3.298,0.580,-22.429,0.0654,-0.0229,1.0088,
34.109,ENC,33.9095,64.9811,49.4453,0.0000,4.6872,89.014,-3.298,0.580,-22.429,0.0654,-0.0229,1.0088,
34.123,IMU,33.9095,64.9811,49.4453,0.0000,4.6872,89.014,-3.296,0.555,-22.343,0.0684,0.0010,1.0273,
34.130,ENC,33.9095,65.0868,49.4982,0.0000,5.2837,89.316,-3.296,0.555,-22.343,0.0684,0.0010,1.0273,
34.145,IMU,33.9095,65.0868,49.4982,0.0000,5.2837,89.316,-3.332,0.564,-22.224,0.1309,-0.0181,0.9502,
34.148,ENC,33.9095,65.1874,49.5484,0.0000,5.0280,89.604,-3.332,0.564,-22.224,0.1309,-0.0181,0.9502,
34.163,IMU,33.9095,65.1874,49.5484,0.0000,5.0280,89.604,-3.287,0.585,-22.111,0.0107,0.0361,1.0059,
34.169,ENC,33.9095,65.2828,49.5962,0.0000,4.7724,89.878,-3.287,0.585,-22.111,0.0107,0.0361,1.0059,
34.183,IMU,33.9095,65.2828,49.5962,0.0000,4.7724,89.878,-3.226,0.601,-21.941,0.0405,0.0117,1.0103,
34.188,ENC,33.9095,65.3783,49.6439,0.0000,4.7724,90.151,-3.226,0.601,-21.941,0.0405,0.0117,1.0103,
34.204,IMU,33.9095,65.3783,49.6439,0.0000,4.7724,90.151,-3.168,0.616,-21.864,0.0454,0.0371,1.0073,
34.208,ENC,33.9095,65.4771,49.6933,0.0000,4.9428,90.435,-3.168,0.616,-21.864,0.0454,0.0371,1.0073,
34.223,IMU,33.9095,65.4771,49.6933,0.0000,4.9428,90.435,-3.162,0.628,-21.771,0.0879,0.0312,0.8979,
34.229,ENC,33.9095,65.5743,49.7419,0.0000,4.8576,90.713,-3.162,0.628,-21.771,0.0879,0.0312,0.8979,
34.245,IMU,33.9095,65.5743,49.7419,0.0000,4.8576,90.713,-3.224,0.601,-21.631,0.0869,-0.0186,0.9736,
34.253,ENC,33.9095,65.6629,49.7862,0.0000,4.4315,90.967,-3.224,0.601,-21.631,0.0869,-0.0186,0.9736,
34.264,IMU,33.9095,65.6629,49.7862,0.0000,4.4315,90.967,-3.286,0.552,-21.482,0.1050,-0.0005,0.9717,
34.269,ENC,33.9095,65.7549,49.8322,0.0000,4.6019,91.230,-3.286,0.552,-21.482,0.1050,-0.0005,0.9717,
34.283,IMU,33.9095,65.7549,49.8322,0.0000,4.6019,91.230,-3.392,0.526,-21.355,0.1187,0.0127,0.9497,
34.288,ENC,33.9095,65.8385,49.8740,0.0000,4.1758,91.470,-3.392,0.526,-21.355,0.1187,0.0127,0.9497,
34.304,IMU,33.9095,65.8385,49.8740,0.0000,4.1758,91.470,-3.458,0.493,-21.267,0.0947,0.0151,1.0186,
34.308,ENC,33.9095,65.9203,49.9149,0.0000,4.0906,91.704,-3.458,0.493,-21.267,0.0947,0.0151,1.0186,
34.323,IMU,33.9095,65.9203,49.9149,0.0000,4.0906,91.704,-3.451,0.492,-21.190,0.0806,-0.0132,0.9321,
34.329,ENC,33.9095,66.0072,49.9583,0.0000,4.3463,91.953,-3.451,0.492,-21.190,0.0806,-0.0132,0.9321,
34.343,IMU,33.9095,66.0072,49.9583,0.0000,4.3463,91.953,-3.443,0.544,-21.119,0.0747,0.0400,1.0063,
34.348,ENC,33.9095,66.0890,49.9993,0.0000,4.0906,92.188,-3.443,0.544,-21.119,0.0747,0.0400,1.0063,
34.363,IMU,33.9095,66.0890,49.9993,0.0000,4.0906,92.188,-3.425,0.497,-21.018,0.0562,0.0015,0.9297,
34.369,ENC,33.9061,66.1640,50.0350,-0.1704,3.7497,92.412,-3.425,0.497,-21.018,0.0562,0.0015,0.9297,
34.383,IMU,33.9061,66.1640,50.0350,-0.1704,3.7497,92.412,-3.480,0.530,-20.893,0.0679,0.0176,1.0024,
34.388,ENC,33.9027,66.2441,50.0734,-0.1704,4.0054,92.651,-3.480,0.530,-20.893,0.0679,0.0176,1.0024,
34.404,IMU,33.9027,66.2441,50.0734,-0.1704,4.0054,92.651,-3.439,0.553,-20.767,0.0215,0.0142,1.0654,
34.408,ENC,33.8993,66.3259,50.1126,-0.1704,4.0906,92.896,-3.439,0.553,-20.767,0.0215,0.0142,1.0654,
34.423,IMU,33.8993,66.3259,50.1126,-0.1704,4.0906,92.896,-3.418,0.601,-20.576,0.0532,0.0229,0.9624,
34.428,ENC,33.8959,66.3992,50.1475,-0.1704,3.6645,93.115,-3.418,0.601,-20.576,0.0532,0.0229,0.9624,
34.447,IMU,33.8959,66.3992,50.1475,-0.1704,3.6645,93.115,-3.449,0.652,-20.425,0.0576,0.0435,0.9561,
34.449,ENC,33.8856,66.4725,50.1791,-0.5113,3.6645,93.354,-3.449,0.652,-20.425,0.0576,0.0435,0.9561,
34.466,IMU,33.8856,66.4725,50.1791,-0.5113,3.6645,93.354,-3.429,0.587,-20.336,0.0918,0.0029,0.9937,
34.468,ENC,33.8788,66.5458,50.2123,-0.3409,3.6645,93.584,-3.429,0.587,-20.336,0.0918,0.0029,0.9937,
34.483,IMU,33.8788,66.5458,50.2123,-0.3409,3.6645,93.584,-3.444,0.576,-20.277,0.0513,0.0132,1.0132,
34.489,ENC,33.8754,66.6123,50.2438,-0.1704,3.3236,93.784,-3.444,0.576,-20.277,0.0513,0.0132,1.0132,
34.505,IMU,33.8754,66.6123,50.2438,-0.1704,3.3236,93.784,-3.451,0.617,-20.216,0.0298,0.0273,0.9907,
34.509,ENC,33.8703,66.6770,50.2737,-0.2557,3.2384,93.984,-3.451,0.617,-20.216,0.0298,0.0273,0.9907,
34.524,IMU,33.8703,66.6770,50.2737,-0.2557,3.2384,93.984,-3.449,0.740,-20.050,0.0366,0.0630,1.0151,
34.529,ENC,33.8328,66.7401,50.2864,-1.8749,3.1532,94.272,-3.449,0.740,-20.050,0.0366,0.0630,1.0151,
34.544,IMU,33.8328,66.7401,50.2864,-1.8749,3.1532,94.272,-3.395,0.788,-19.929,0.0308,0.0713,0.9658,
34.549,ENC,33.7851,66.8049,50.2950,-2.3862,3.2384,94.595,-3.395,0.788,-19.929,0.0308,0.0713,0.9658,
34.567,IMU,33.7851,66.8049,50.2950,-2.3862,3.2384,94.595,-3.391,0.821,-19.715,0.0762,0.0283,1.0229,
34.569,ENC,33.7374,66.8679,50.3026,-2.3862,3.1532,94.912,-3.391,0.821,-19.715,0.0762,0.0283,1.0229,
34.584,IMU,33.7374,66.8679,50.3026,-2.3862,3.1532,94.912,-3.452,0.733,-19.567,0.0811,-0.0503,1.0137,
34.590,ENC,33.6896,66.9242,50.3069,-2.3862,2.8123,95.210,-3.452,0.733,-19.567,0.0811,-0.0503,1.0137,
34.603,IMU,33.6896,66.9242,50.3069,-2.3862,2.8123,95.210,-3.472,0.737,-19.461,0.0562,-0.0073,1.0122,
34.609,ENC,33.6385,66.9787,50.3086,-2.5566,2.7271,95.513,-3.472,0.737,-19.461,0.0562,-0.0073,1.0122,
34.623,IMU,33.6385,66.9787,50.3086,-2.5566,2.7271,95.513,-3.445,0.727,-19.312,0.0415,0.0269,0.9653,
34.633,ENC,33.5874,67.0367,50.3120,-2.5566,2.8975,95.825,-3.445,0.727,-19.312,0.0415,0.0269,0.9653,
34.644,IMU,33.5874,67.0367,50.3120,-2.5566,2.8975,95.825,-3.415,0.703,-19.105,0.0479,-0.0312,0.9878,
34.649,ENC,33.5328,67.1014,50.3171,-2.7271,3.2384,96.167,-3.415,0.703,-19.105,0.0479,-0.0312,0.9878,
34.664,IMU,33.5328,67.1014,50.3171,-2.7271,3.2384,96.167,-3.491,0.712,-18.953,0.0786,-0.0059,0.9849,
34.669,ENC,33.4749,67.1594,50.3171,-2.8975,2.8975,96.499,-3.491,0.712,-18.953,0.0786,-0.0059,0.9849,
34.695,IMU,33.4749,67.1594,50.3171,-2.8975,2.8975,96.499,-3.495,0.710,-18.854,0.0635,-0.0122,0.9937,
34.704,IMU,33.4749,67.1594,50.3171,-2.8975,2.8975,96.499,-3.483,0.624,-18.691,0.0493,-0.0415,1.0195,
34.708,ENC,33.3709,67.2685,50.3197,-2.5992,2.7271,97.109,-3.483,0.624,-18.691,0.0493,-0.0415,1.0195,
34.726,IMU,33.3709,67.2685,50.3197,-2.5992,2.7271,97.109,-3.502,0.632,-18.554,0.0503,0.0122,1.0005,
34.729,ENC,33.3181,67.3298,50.3239,-2.6419,3.0680,97.437,-3.502,0.632,-18.554,0.0503,0.0122,1.0005,
34.744,IMU,33.3181,67.3298,50.3239,-2.6419,3.0680,97.437,-3.488,0.633,-18.445,0.0571,-0.0083,1.0078,
34.751,ENC,33.2703,67.3878,50.3291,-2.3862,2.8975,97.739,-3.488,0.633,-18.445,0.0571,-0.0083,1.0078,
34.767,IMU,33.2703,67.3878,50.3291,-2.3862,2.8975,97.739,-3.467,0.667,-18.286,0.0449,0.0190,1.0259,
34.770,ENC,33.2158,67.4457,50.3308,-2.7271,2.8975,98.062,-3.467,0.667,-18.286,0.0449,0.0190,1.0259,
34.783,IMU,33.2158,67.4457,50.3308,-2.7271,2.8975,98.062,-3.426,0.650,-18.134,0.0571,-0.0127,0.9604,
34.789,ENC,33.1647,67.5020,50.3333,-2.5566,2.8123,98.369,-3.426,0.650,-18.134,0.0571,-0.0127,0.9604,
34.808,ENC,33.1221,67.5582,50.3401,-2.1305,2.8123,98.652,-3.426,0.650,-18.134,0.0571,-0.0127,0.9604,
34.829,IMU,33.1221,67.5582,50.3401,-2.1305,2.8123,98.652,-3.433,0.598,-17.887,0.0762,-0.0015,0.9932,
34.831,ENC,33.0726,67.6179,50.3452,-2.4714,2.9827,98.965,-3.433,0.598,-17.887,0.0762,-0.0015,0.9932,
34.843,IMU,33.0726,67.6179,50.3452,-2.4714,2.9827,98.965,-3.400,0.596,-17.802,0.0508,0.0210,1.0176,
34.848,ENC,33.0181,67.6758,50.3470,-2.7271,2.8975,99.287,-3.400,0.596,-17.802,0.0508,0.0210,1.0176,
34.864,IMU,33.0181,67.6758,50.3470,-2.7271,2.8975,99.287,-3.415,0.598,-17.658,0.0684,-0.0132,1.0024,
34.870,ENC,32.9567,67.7304,50.3435,-3.0680,2.7271,99.619,-3.415,0.598,-17.658,0.0684,-0.0132,1.0024,
34.883,IMU,32.9567,67.7304,50.3435,-3.0680,2.7271,99.619,-3.425,0.526,-17.509,0.0674,-0.0249,0.9697,
34.888,ENC,32.8988,67.7866,50.3427,-2.8975,2.8123,99.946,-3.425,0.526,-17.509,0.0674,-0.0249,0.9697,
34.904,IMU,32.8988,67.7866,50.3427,-2.8975,2.8123,99.946,-3.408,0.553,-17.327,0.0532,0.0527,0.9844,
34.908,ENC,32.8442,67.8429,50.3435,-2.7271,2.8123,100.264,-3.408,0.553,-17.327,0.0532,0.0527,0.9844,
34.924,IMU,32.8442,67.8429,50.3435,-2.7271,2.8123,100.264,-3.364,0.572,-17.205,0.0640,0.0210,1.0254,
34.930,ENC,32.7829,67.8974,50.3401,-3.0680,2.7271,100.596,-3.364,0.572,-17.205,0.0640,0.0210,1.0254,
34.944,IMU,32.7829,67.8974,50.3401,-3.0680,2.7271,100.596,-3.333,0.550,-17.098,0.0430,0.0020,1.0034,
34.949,ENC,32.7232,67.9571,50.3401,-2.9827,2.9827,100.937,-3.333,0.550,-17.098,0.0430,0.0020,1.0034,
34.963,IMU,32.7232,67.9571,50.3401,-2.9827,2.9827,100.937,-3.329,0.518,-16.909,0.0576,0.0083,1.0083,
34.969,ENC,32.6585,68.0201,50.3393,-3.2384,3.1532,101.304,-3.329,0.518,-16.909,0.0576,0.0083,1.0083,
34.983,IMU,32.6585,68.0201,50.3393,-3.2384,3.1532,101.304,-3.282,0.535,-16.774,0.0254,0.0161,1.0122,
34.988,ENC,32.5920,68.0781,50.3350,-3.3236,2.8975,101.660,-3.282,0.535,-16.774,0.0254,0.0161,1.0122,
35.003,IMU,32.5920,68.0781,50.3350,-3.3236,2.8975,101.660,-3.256,0.502,-16.652,0.0752,-0.0234,1.0249,
35.009,ENC,32.5255,68.1360,50.3308,-3.3236,2.8975,102.017,-3.256,0.502,-16.652,0.0752,-0.0234,1.0249,
35.024,IMU,32.5255,68.1360,50.3308,-3.3236,2.8975,102.017,-3.279,0.560,-16.494,0.0645,0.0161,0.9731,
35.035,ENC,32.4556,68.2008,50.3282,-3.4941,3.2384,102.402,-3.279,0.560,-16.494,0.0645,0.0161,0.9731,
35.043,IMU,32.4556,68.2008,50.3282,-3.4941,3.2384,102.402,-3.263,0.500,-16.349,0.0557,-0.0210,1.0083,
35.049,ENC,32.3806,68.2673,50.3239,-3.7497,3.3236,102.808,-3.263,0.500,-16.349,0.0557,-0.0210,1.0083,
35.063,IMU,32.3806,68.2673,50.3239,-3.7497,3.3236,102.808,-3.310,0.467,-16.212,0.0947,-0.0132,1.0044,
35.083,IMU,32.3806,68.2673,50.3239,-3.7497,3.3236,102.808,-3.320,0.478,-16.108,0.0615,0.0020,0.9785,
35.088,ENC,32.2204,68.3866,50.3035,-4.0054,2.9827,103.608,-3.320,0.478,-16.108,0.0615,0.0020,0.9785,
35.104,IMU,32.2204,68.3866,50.3035,-4.0054,2.9827,103.608,-3.358,0.463,-15.929,0.0640,-0.0293,1.0215,
35.109,ENC,32.1335,68.4462,50.2899,-4.3463,2.9827,104.028,-3.358,0.463,-15.929,0.0640,-0.0293,1.0215,
35.123,IMU,32.1335,68.4462,50.2899,-4.3463,2.9827,104.028,-3.363,0.456,-15.772,0.0552,-0.0146,0.9976,
35.145,IMU,32.1335,68.4462,50.2899,-4.3463,2.9827,104.028,-3.349,0.490,-15.610,0.0469,0.0381,1.0020,
35.149,ENC,31.9665,68.5758,50.2711,-4.1758,3.2384,104.878,-3.349,0.490,-15.610,0.0469,0.0381,1.0020,
35.165,IMU,31.9665,68.5758,50.2711,-4.1758,3.2384,104.878,-3.311,0.514,-15.433,0.0269,0.0273,0.9756,
35.183,IMU,31.9665,68.5758,50.2711,-4.1758,3.2384,104.878,-3.307,0.496,-15.289,0.0601,-0.0210,0.9678,
35.189,ENC,31.7790,68.6934,50.2362,-4.6872,2.9401,105.752,-3.307,0.496,-15.289,0.0601,-0.0210,0.9678,
35.205,IMU,31.7790,68.6934,50.2362,-4.6872,2.9401,105.752,-3.299,0.535,-15.183,0.0396,0.0166,1.0088,
35.209,ENC,31.6852,68.7564,50.2208,-4.6872,3.1532,106.201,-3.299,0.535,-15.183,0.0396,0.0166,1.0088,
35.228,IMU,31.6852,68.7564,50.2208,-4.6872,3.1532,106.201,-3.308,0.472,-15.049,0.0557,-0.0312,1.0000,
35.230,ENC,31.5881,68.8195,50.2038,-4.8576,3.1532,106.660,-3.308,0.472,-15.049,0.0557,-0.0312,1.0000,
35.245,IMU,31.5881,68.8195,50.2038,-4.8576,3.1532,106.660,-3.295,0.443,-14.882,0.0371,-0.0239,1.0103,
35.249,ENC,31.4943,68.8877,50.1910,-4.6872,3.4088,107.124,-3.295,0.443,-14.882,0.0371,-0.0239,1.0103,
35.265,IMU,31.4943,68.8877,50.1910,-4.6872,3.4088,107.124,-3.271,0.522,-14.671,0.0112,0.0420,0.9902,
35.268,ENC,31.4040,68.9490,50.1765,-4.5167,3.0680,107.559,-3.271,0.522,-14.671,0.0112,0.0420,0.9902,
35.283,IMU,31.4040,68.9490,50.1765,-4.5167,3.0680,107.559,-3.254,0.461,-14.534,0.0596,-0.0591,1.0303,
35.289,ENC,31.3188,68.9950,50.1569,-4.2611,2.3010,107.935,-3.254,0.461,-14.534,0.0596,-0.0591,1.0303,
35.303,IMU,31.3188,68.9950,50.1569,-4.2611,2.3010,107.935,-3.220,0.512,-14.400,0.0562,0.0112,0.9492,
35.309,ENC,31.2216,69.0666,50.1441,-4.8576,3.5793,108.418,-3.220,0.512,-14.400,0.0562,0.0112,0.9492,
35.331,IMU,31.2216,69.0666,50.1441,-4.8576,3.5793,108.418,-3.252,0.499,-14.264,0.0615,-0.0024,0.9980,
35.338,ENC,31.1313,69.1382,50.1348,-4.5167,3.5793,108.882,-3.252,0.499,-14.264,0.0615,-0.0024,0.9980,
35.350,IMU,31.1313,69.1382,50.1348,-4.5167,3.5793,108.882,-3.230,0.496,-14.113,0.0625,0.0137,0.9829,
35.352,ENC,31.0444,69.2098,50.1271,-4.3463,3.5793,109.336,-3.230,0.496,-14.113,0.0625,0.0137,0.9829,
35.363,IMU,31.0444,69.2098,50.1271,-4.3463,3.5793,109.336,-3.235,0.465,-13.974,0.0835,-0.0444,1.0049,
35.375,ENC,30.9540,69.2695,50.1117,-4.5167,2.9827,109.766,-3.235,0.465,-13.974,0.0835,-0.0444,1.0049,
35.387,IMU,30.9540,69.2695,50.1117,-4.5167,2.9827,109.766,-3.265,0.445,-13.802,0.0752,0.0083,1.0161,
35.389,ENC,30.8620,69.3342,50.0981,-4.6019,3.2384,110.215,-3.265,0.445,-13.802,0.0752,0.0083,1.0161,
35.404,IMU,30.8620,69.3342,50.0981,-4.6019,3.2384,110.215,-3.295,0.466,-13.605,0.0396,0.0044,0.9629,
35.409,ENC,30.7648,69.3956,50.0802,-4.8576,3.0680,110.669,-3.295,0.466,-13.605,0.0396,0.0044,0.9629,
35.423,IMU,30.7648,69.3956,50.0802,-4.8576,3.0680,110.669,-3.275,0.451,-13.456,0.0640,-0.0034,0.9805,
35.432,ENC,30.6762,69.4604,50.0683,-4.4315,3.2384,111.108,-3.275,0.451,-13.456,0.0640,-0.0034,0.9805,
35.444,IMU,30.6762,69.4604,50.0683,-4.4315,3.2384,111.108,-3.284,0.493,-13.317,0.0723,0.0156,0.9814,
35.449,ENC,30.5842,69.5285,50.0563,-4.6019,3.4088,111.567,-3.284,0.493,-13.317,0.0723,0.0156,0.9814,
35.464,IMU,30.5842,69.5285,50.0563,-4.6019,3.4088,111.567,-3.287,0.531,-13.175,0.0835,0.0366,0.9810,
35.470,ENC,30.4955,69.5916,50.0436,-4.4315,3.1532,112.002,-3.287,0.531,-13.175,0.0835,0.0366,0.9810,
35.484,IMU,30.4955,69.5916,50.0436,-4.4315,3.1532,112.002,-3.267,0.591,-13.035,0.0361,0.0605,0.9761,
35.492,ENC,30.4154,69.6495,50.0325,-4.0054,2.8975,112.397,-3.267,0.591,-13.035,0.0361,0.0605,0.9761,
35.506,IMU,30.4154,69.6495,50.0325,-4.0054,2.8975,112.397,-3.181,0.611,-12.884,-0.0020,0.0073,0.9863,
35.509,ENC,30.3268,69.7109,50.0189,-4.4315,3.0680,112.827,-3.181,0.611,-12.884,-0.0020,0.0073,0.9863,
35.525,IMU,30.3268,69.7109,50.0189,-4.4315,3.0680,112.827,-3.165,0.619,-12.719,0.0645,-0.0024,1.0044,
35.530,ENC,30.2382,69.7757,50.0069,-4.4315,3.2384,113.267,-3.165,0.619,-12.719,0.0645,-0.0024,1.0044,
35.545,IMU,30.2382,69.7757,50.0069,-4.4315,3.2384,113.267,-3.175,0.625,-12.547,0.0386,0.0015,0.9673,
35.550,ENC,30.1495,69.8387,49.9941,-4.4315,3.1532,113.701,-3.175,0.625,-12.547,0.0386,0.0015,0.9673,
35.564,IMU,30.1495,69.8387,49.9941,-4.4315,3.1532,113.701,-3.207,0.637,-12.382,0.0640,0.0225,1.0161,
35.584,IMU,30.1495,69.8387,49.9941,-4.4315,3.1532,113.701,-3.205,0.621,-12.207,0.0264,0.0078,1.0190,
35.589,ENC,29.9774,69.9632,49.9703,-4.3037,3.1106,114.551,-3.205,0.621,-12.207,0.0264,0.0078,1.0190,
35.603,IMU,29.9774,69.9632,49.9703,-4.3037,3.1106,114.551,-3.133,0.649,-12.074,0.0366,0.0098,0.9858,
35.609,ENC,29.8956,70.0211,49.9583,-4.0906,2.8975,114.951,-3.133,0.649,-12.074,0.0366,0.0098,0.9858,
35.625,IMU,29.8956,70.0211,49.9583,-4.0906,2.8975,114.951,-3.105,0.722,-11.887,0.0405,0.0288,1.0049,
35.629,ENC,29.8104,70.0893,49.9498,-4.2611,3.4088,115.391,-3.105,0.722,-11.887,0.0405,0.0288,1.0049,
35.646,IMU,29.8104,70.0893,49.9498,-4.2611,3.4088,115.391,-3.167,0.749,-11.707,0.1030,0.0049,1.0547,
35.651,ENC,29.7337,70.1524,49.9430,-3.8350,3.1532,115.791,-3.167,0.749,-11.707,0.1030,0.0049,1.0547,
35.663,IMU,29.7337,70.1524,49.9430,-3.8350,3.1532,115.791,-3.231,0.702,-11.544,0.1143,-0.0288,1.0171,
35.668,ENC,29.6553,70.2154,49.9353,-3.9202,3.1532,116.196,-3.231,0.702,-11.544,0.1143,-0.0288,1.0171,
35.685,IMU,29.6553,70.2154,49.9353,-3.9202,3.1532,116.196,-3.318,0.718,-11.384,0.1055,0.0181,1.0376,
35.689,ENC,29.5683,70.2751,49.9217,-4.3463,2.9827,116.616,-3.318,0.718,-11.384,0.1055,0.0181,1.0376,
35.703,IMU,29.5683,70.2751,49.9217,-4.3463,2.9827,116.616,-3.368,0.738,-11.221,0.0840,-0.0068,1.0000,
35.709,ENC,29.4882,70.3296,49.9089,-4.0054,2.7271,117.002,-3.368,0.738,-11.221,0.0840,-0.0068,1.0000,
35.723,IMU,29.4882,70.3296,49.9089,-4.0054,2.7271,117.002,-3.403,0.771,-11.080,0.0977,-0.0137,1.0269,
35.734,ENC,29.3996,70.3893,49.8944,-4.4315,2.9827,117.427,-3.403,0.771,-11.080,0.0977,-0.0137,1.0269,
35.743,IMU,29.3996,70.3893,49.8944,-4.4315,2.9827,117.427,-3.368,0.803,-10.945,0.0137,0.0430,0.9712,
35.749,ENC,29.3144,70.4472,49.8808,-4.2611,2.8975,117.837,-3.368,0.803,-10.945,0.0137,0.0430,0.9712,
35.763,IMU,29.3144,70.4472,49.8808,-4.2611,2.8975,117.837,-3.392,0.786,-10.776,0.0889,0.0317,0.9795,
35.769,ENC,29.2257,70.5052,49.8655,-4.4315,2.8975,118.257,-3.392,0.786,-10.776,0.0889,0.0317,0.9795,
35.785,IMU,29.2257,70.5052,49.8655,-4.4315,2.8975,118.257,-3.384,0.758,-10.655,0.0283,-0.0020,1.0361,
35.792,ENC,29.1388,70.5648,49.8518,-4.3463,2.9827,118.677,-3.384,0.758,-10.655,0.0283,-0.0020,1.0361,
35.803,IMU,29.1388,70.5648,49.8518,-4.3463,2.9827,118.677,-3.369,0.825,-10.540,0.0356,0.0396,0.9580,
35.809,ENC,29.0519,70.6245,49.8382,-4.3463,2.9827,119.097,-3.369,0.825,-10.540,0.0356,0.0396,0.9580,
35.823,IMU,29.0519,70.6245,49.8382,-4.3463,2.9827,119.097,-3.363,0.751,-10.417,0.0859,-0.0288,0.9966,
35.829,ENC,28.9633,70.6841,49.8237,-4.4315,2.9827,119.521,-3.363,0.751,-10.417,0.0859,-0.0288,0.9966,
35.843,IMU,28.9633,70.6841,49.8237,-4.4315,2.9827,119.521,-3.372,0.714,-10.224,0.0625,-0.0400,0.9644,
35.849,ENC,28.8746,70.7438,49.8092,-4.4315,2.9827,119.946,-3.372,0.714,-10.224,0.0625,-0.0400,0.9644,
35.866,IMU,28.8746,70.7438,49.8092,-4.4315,2.9827,119.946,-3.407,0.668,-10.116,0.1079,-0.0200,0.9990,
35.869,ENC,28.7843,70.8086,49.7964,-4.5167,3.2384,120.391,-3.407,0.668,-10.116,0.1079,-0.0200,0.9990,
35.883,IMU,28.7843,70.8086,49.7964,-4.5167,3.2384,120.391,-3.400,0.694,-9.965,0.0513,0.0288,1.0244,
35.889,ENC,28.6871,70.8750,49.7811,-4.8576,3.3236,120.859,-3.400,0.694,-9.965,0.0513,0.0288,1.0244,
35.903,IMU,28.6871,70.8750,49.7811,-4.8576,3.3236,120.859,-3.499,0.679,-9.867,0.1196,0.0000,0.9468,
35.914,ENC,28.5900,70.9364,49.7632,-4.8576,3.0680,121.313,-3.499,0.679,-9.867,0.1196,0.0000,0.9468,
35.923,IMU,28.5900,70.9364,49.7632,-4.8576,3.0680,121.313,-3.398,0.684,-9.755,0.0166,0.0181,1.0015,
35.928,ENC,28.4962,71.0029,49.7496,-4.6872,3.3236,121.772,-3.398,0.684,-9.755,0.0166,0.0181,1.0015,
35.943,IMU,28.4962,71.0029,49.7496,-4.6872,3.3236,121.772,-3.376,0.666,-9.620,0.0518,0.0073,0.9800,
35.952,ENC,28.3974,71.0727,49.7351,-4.9428,3.4941,122.256,-3.376,0.666,-9.620,0.0518,0.0073,0.9800,
35.964,IMU,28.3974,71.0727,49.7351,-4.9428,3.4941,122.256,-3.417,0.623,-9.468,0.0620,-0.0298,1.0020,
35.968,ENC,28.3105,71.1426,49.7265,-4.3463,3.4941,122.705,-3.417,0.623,-9.468,0.0620,-0.0298,1.0020,
35.984,IMU,28.3105,71.1426,49.7265,-4.3463,3.4941,122.705,-3.347,0.592,-9.294,0.0317,-0.0181,0.9756,
35.991,ENC,28.2270,71.2091,49.7180,-4.1758,3.3236,123.135,-3.347,0.592,-9.294,0.0317,-0.0181,0.9756,
36.003,IMU,28.2270,71.2091,49.7180,-4.1758,3.3236,123.135,-3.443,0.586,-9.109,0.0864,-0.0234,1.0107,
36.009,ENC,28.1417,71.2756,49.7086,-4.2611,3.3236,123.569,-3.443,0.586,-9.109,0.0864,-0.0234,1.0107,
36.024,IMU,28.1417,71.2756,49.7086,-4.2611,3.3236,123.569,-3.437,0.552,-8.954,0.0498,-0.0254,0.9961,
36.028,ENC,28.0548,71.3352,49.6950,-4.3463,2.9827,123.989,-3.437,0.552,-8.954,0.0498,-0.0254,0.9961,
36.043,IMU,28.0548,71.3352,49.6950,-4.3463,2.9827,123.989,-3.452,0.571,-8.726,0.0889,0.0142,0.9419,
36.049,ENC,27.9696,71.4051,49.6873,-4.2611,3.4941,124.434,-3.452,0.571,-8.726,0.0889,0.0142,0.9419,
36.063,IMU,27.9696,71.4051,49.6873,-4.2611,3.4941,124.434,-3.470,0.525,-8.591,0.0830,0.0034,1.0029,
36.068,ENC,27.8963,71.4767,49.6865,-3.6645,3.5793,124.849,-3.470,0.525,-8.591,0.0830,0.0034,1.0029,
36.084,IMU,27.8963,71.4767,49.6865,-3.6645,3.5793,124.849,-3.419,0.521,-8.418,0.0459,0.0103,1.0093,
36.089,ENC,27.8264,71.5500,49.6882,-3.4941,3.6645,125.259,-3.419,0.521,-8.418,0.0459,0.0103,1.0093,
36.103,IMU,27.8264,71.5500,49.6882,-3.4941,3.6645,125.259,-3.432,0.636,-8.193,0.0684,0.0430,0.9678,
36.109,ENC,27.7531,71.6250,49.6890,-3.6645,3.7497,125.684,-3.432,0.636,-8.193,0.0684,0.0430,0.9678,
36.123,IMU,27.7531,71.6250,49.6890,-3.6645,3.7497,125.684,-3.440,0.639,-8.025,0.0381,-0.0146,0.9702,
36.128,ENC,27.6866,71.7034,49.6950,-3.3236,3.9202,126.099,-3.440,0.639,-8.025,0.0381,-0.0146,0.9702,
36.143,IMU,27.6866,71.7034,49.6950,-3.3236,3.9202,126.099,-3.433,0.618,-7.829,0.0312,-0.0234,0.9907,
36.152,ENC,27.6185,71.7903,49.7044,-3.4088,4.3463,126.543,-3.433,0.618,-7.829,0.0312,-0.0234,0.9907,
36.164,IMU,27.6185,71.7903,49.7044,-3.4088,4.3463,126.543,-3.423,0.606,-7.605,0.0112,0.0010,1.0063,
36.169,ENC,27.5503,71.8704,49.7104,-3.4088,4.0054,126.968,-3.423,0.606,-7.605,0.0112,0.0010,1.0063,
36.186,IMU,27.5503,71.8704,49.7104,-3.4088,4.0054,126.968,-3.394,0.674,-7.403,0.0659,0.0576,0.9858,
36.189,ENC,27.4821,71.9522,49.7172,-3.4088,4.0906,127.397,-3.394,0.674,-7.403,0.0659,0.0576,0.9858,
36.203,IMU,27.4821,71.9522,49.7172,-3.4088,4.0906,127.397,-3.345,0.722,-7.182,0.0288,0.0132,1.0142,
36.209,ENC,27.4156,72.0409,49.7282,-3.3236,4.4315,127.842,-3.345,0.722,-7.182,0.0288,0.0132,1.0142,
36.223,IMU,27.4156,72.0409,49.7282,-3.3236,4.4315,127.842,-3.258,0.763,-6.976,0.0005,0.0420,0.9863,
36.230,ENC,27.3475,72.1312,49.7393,-3.4088,4.5167,128.296,-3.258,0.763,-6.976,0.0005,0.0420,0.9863,
36.243,IMU,27.3475,72.1312,49.7393,-3.4088,4.5167,128.296,-3.233,0.786,-6.764,0.0454,0.0107,1.0024,
36.248,ENC,27.2776,72.2113,49.7444,-3.4941,4.0054,128.726,-3.233,0.786,-6.764,0.0454,0.0107,1.0024,
36.264,IMU,27.2776,72.2113,49.7444,-3.4941,4.0054,128.726,-3.200,0.823,-6.554,0.0366,0.0317,0.9888,
36.269,ENC,27.2060,72.2982,49.7521,-3.5793,4.3463,129.180,-3.200,0.823,-6.554,0.0366,0.0317,0.9888,
36.283,IMU,27.2060,72.2982,49.7521,-3.5793,4.3463,129.180,-3.188,0.852,-6.324,0.0737,0.0083,0.9771,
36.289,ENC,27.1395,72.3886,49.7640,-3.3236,4.5167,129.629,-3.188,0.852,-6.324,0.0737,0.0083,0.9771,
36.303,IMU,27.1395,72.3886,49.7640,-3.3236,4.5167,129.629,-3.173,0.885,-6.130,0.0679,0.0347,1.0020,
36.309,ENC,27.0765,72.4687,49.7726,-3.1532,4.0054,130.039,-3.173,0.885,-6.130,0.0679,0.0347,1.0020,
36.324,IMU,27.0765,72.4687,49.7726,-3.1532,4.0054,130.039,-3.151,0.856,-5.920,0.0571,-0.0039,1.0161,
36.343,IMU,27.0765,72.4687,49.7726,-3.1532,4.0054,130.039,-3.181,0.879,-5.735,0.1016,0.0181,0.9707,
36.348,ENC,26.9589,72.6476,49.8032,-2.9401,4.4741,130.889,-3.181,0.879,-5.735,0.1016,0.0181,0.9707,
36.363,IMU,26.9589,72.6476,49.8032,-2.9401,4.4741,130.889,-3.197,0.857,-5.566,0.0845,-0.0425,0.9419,
36.369,ENC,26.8941,72.7414,49.8177,-3.2384,4.6872,131.343,-3.197,0.857,-5.566,0.0845,-0.0425,0.9419,
36.385,IMU,26.8941,72.7414,49.8177,-3.2384,4.6872,131.343,-3.154,0.884,-5.301,0.0156,-0.0020,0.9995,
36.394,ENC,26.8327,72.8283,49.8305,-3.0680,4.3463,131.768,-3.154,0.884,-5.301,0.0156,-0.0020,0.9995,
36.403,IMU,26.8327,72.8283,49.8305,-3.0680,4.3463,131.768,-3.149,0.870,-5.092,0.0566,-0.0073,1.0278,
36.408,ENC,26.7663,72.9203,49.8433,-3.3236,4.6019,132.222,-3.149,0.870,-5.092,0.0566,-0.0073,1.0278,
36.424,IMU,26.7663,72.9203,49.8433,-3.3236,4.6019,132.222,-3.219,0.779,-4.864,0.1406,-0.0664,0.9951,
36.429,ENC,26.6998,73.0158,49.8578,-3.3236,4.7724,132.686,-3.219,0.779,-4.864,0.1406,-0.0664,0.9951,
36.444,IMU,26.6998,73.0158,49.8578,-3.3236,4.7724,132.686,-3.254,0.851,-4.652,0.0615,0.0210,1.0264,
36.448,ENC,26.6401,73.1044,49.8723,-2.9827,4.4315,133.110,-3.254,0.851,-4.652,0.0615,0.0210,1.0264,
36.463,IMU,26.6401,73.1044,49.8723,-2.9827,4.4315,133.110,-3.278,0.827,-4.393,0.0942,-0.0127,1.0215,
36.468,ENC,26.5788,73.1947,49.8868,-3.0680,4.5167,133.545,-3.278,0.827,-4.393,0.0942,-0.0127,1.0215,
36.483,IMU,26.5788,73.1947,49.8868,-3.0680,4.5167,133.545,-3.367,0.740,-4.214,0.1006,-0.0425,1.0352,
36.492,ENC,26.5242,73.3004,49.9123,-2.7271,5.2837,134.004,-3.367,0.740,-4.214,0.1006,-0.0425,1.0352,
36.503,IMU,26.5242,73.3004,49.9123,-2.7271,5.2837,134.004,-3.336,0.755,-3.991,0.0474,0.0127,0.9966,
36.511,ENC,26.4714,73.3942,49.9328,-2.6419,4.6872,134.424,-3.336,0.755,-3.991,0.0474,0.0127,0.9966,
36.523,IMU,26.4714,73.3942,49.9328,-2.6419,4.6872,134.424,-3.372,0.803,-3.741,0.1104,0.0547,0.9883,
36.529,ENC,26.4203,73.4930,49.9566,-2.5566,4.9428,134.854,-3.372,0.803,-3.741,0.1104,0.0547,0.9883,
36.543,IMU,26.4203,73.4930,49.9566,-2.5566,4.9428,134.854,-3.366,0.785,-3.515,0.0698,-0.0044,0.9932,
36.548,ENC,26.3725,73.5936,49.9831,-2.3862,5.0280,135.278,-3.366,0.785,-3.515,0.0698,-0.0044,0.9932,
36.567,IMU,26.3725,73.5936,49.9831,-2.3862,5.0280,135.278,-3.430,0.821,-3.245,0.0728,-0.0122,1.0352,
36.569,ENC,26.3214,73.6958,50.0086,-2.5566,5.1133,135.718,-3.430,0.821,-3.245,0.0728,-0.0122,1.0352,
36.583,IMU,26.3214,73.6958,50.0086,-2.5566,5.1133,135.718,-3.437,0.738,-2.990,0.0435,-0.0649,0.9814,
36.589,ENC,26.2720,73.7998,50.0359,-2.4714,5.1985,136.157,-3.437,0.738,-2.990,0.0435,-0.0649,0.9814,
36.603,IMU,26.2720,73.7998,50.0359,-2.4714,5.1985,136.157,-3.431,0.718,-2.725,0.0859,-0.0068,0.9731,
36.608,ENC,26.2294,73.9004,50.0649,-2.1305,5.0280,136.567,-3.431,0.718,-2.725,0.0859,-0.0068,0.9731,
36.624,IMU,26.2294,73.9004,50.0649,-2.1305,5.0280,136.567,-3.414,0.703,-2.506,0.0356,0.0005,0.9385,
36.628,ENC,26.1902,74.0043,50.0973,-1.9601,5.1985,136.978,-3.414,0.703,-2.506,0.0356,0.0005,0.9385,
36.643,IMU,26.1902,74.0043,50.0973,-1.9601,5.1985,136.978,-3.505,0.743,-2.325,0.1372,0.0405,0.9663,
36.649,ENC,26.1612,74.1049,50.1330,-1.4488,5.0280,137.349,-3.505,0.743,-2.325,0.1372,0.0405,0.9663,
36.664,IMU,26.1612,74.1049,50.1330,-1.4488,5.0280,137.349,-3.545,0.760,-2.083,0.0776,-0.0015,0.9810,
36.669,ENC,26.1390,74.2055,50.1723,-1.1079,5.0280,137.700,-3.545,0.760,-2.083,0.0776,-0.0015,0.9810,
36.685,IMU,26.1390,74.2055,50.1723,-1.1079,5.0280,137.700,-3.506,0.706,-1.869,0.0493,-0.0254,0.9995,
36.689,ENC,26.1288,74.3111,50.2200,-0.5113,5.2837,138.032,-3.506,0.706,-1.869,0.0493,-0.0254,0.9995,
36.703,IMU,26.1288,74.3111,50.2200,-0.5113,5.2837,138.032,-3.537,0.744,-1.654,0.0664,0.0005,1.0171,
36.709,ENC,26.1135,74.4032,50.2583,-0.7670,4.6019,138.340,-3.537,0.744,-1.654,0.0664,0.0005,1.0171,
36.723,IMU,26.1135,74.4032,50.2583,-0.7670,4.6019,138.340,-3.568,0.743,-1.448,0.0596,0.0166,1.0073,
36.731,ENC,26.1049,74.5020,50.3035,-0.4261,4.9428,138.647,-3.568,0.743,-1.448,0.0596,0.0166,1.0073,
36.744,IMU,26.1049,74.5020,50.3035,-0.4261,4.9428,138.647,-3.603,0.743,-1.249,0.0688,0.0098,1.0210,
36.749,ENC,26.1049,74.6009,50.3529,0.0000,4.9428,138.931,-3.603,0.743,-1.249,0.0688,0.0098,1.0210,
36.763,IMU,26.1049,74.6009,50.3529,0.0000,4.9428,138.931,-3.554,0.655,-1.081,0.0835,-0.0195,0.9233,
36.771,ENC,26.1049,74.6929,50.3989,0.0000,4.6019,139.194,-3.554,0.655,-1.081,0.0835,-0.0195,0.9233,
36.784,IMU,26.1049,74.6929,50.3989,0.0000,4.6019,139.194,-3.550,0.591,-0.950,0.0479,-0.0063,1.0386,
36.789,ENC,26.1118,74.7799,50.4458,0.3409,4.3463,139.424,-3.550,0.591,-0.950,0.0479,-0.0063,1.0386,
36.803,IMU,26.1118,74.7799,50.4458,0.3409,4.3463,139.424,-3.533,0.529,-0.776,0.0884,-0.0586,0.9541,
36.809,ENC,26.1135,74.8668,50.4901,0.0852,4.3463,139.668,-3.533,0.529,-0.776,0.0884,-0.0586,0.9541,
36.823,IMU,26.1135,74.8668,50.4901,0.0852,4.3463,139.668,-3.479,0.506,-0.629,0.0205,0.0098,1.0381,
36.830,ENC,26.1135,74.9571,50.5353,0.0000,4.5167,139.927,-3.479,0.506,-0.629,0.0205,0.0098,1.0381,
36.843,IMU,26.1135,74.9571,50.5353,0.0000,4.5167,139.927,-3.502,0.520,-0.435,0.0674,0.0200,0.9854,
36.850,ENC,26.1135,75.0560,50.5847,0.0000,4.9428,140.210,-3.502,0.520,-0.435,0.0674,0.0200,0.9854,
36.863,IMU,26.1135,75.0560,50.5847,0.0000,4.9428,140.210,-3.483,0.506,-0.328,0.0488,-0.0200,1.0303,
36.869,ENC,26.1152,75.1548,50.6350,0.0852,4.9428,140.488,-3.483,0.506,-0.328,0.0488,-0.0200,1.0303,
36.883,IMU,26.1152,75.1548,50.6350,0.0852,4.9428,140.488,-3.524,0.464,-0.202,0.1182,-0.0312,0.9868,
36.889,ENC,26.1135,75.2537,50.6836,-0.0852,4.9428,140.776,-3.524,0.464,-0.202,0.1182,-0.0312,0.9868,
36.907,IMU,26.1135,75.2537,50.6836,-0.0852,4.9428,140.776,-3.453,0.273,-0.038,0.0610,-0.0835,0.9536,
36.913,ENC,26.1152,75.3525,50.7339,0.0852,4.9428,141.055,-3.453,0.273,-0.038,0.0610,-0.0835,0.9536,
36.923,IMU,26.1152,75.3525,50.7339,0.0852,4.9428,141.055,-3.414,0.265,0.081,0.0347,-0.0044,0.9844,
36.929,ENC,26.1152,75.4548,50.7850,0.0000,5.1133,141.348,-3.414,0.265,0.081,0.0347,-0.0044,0.9844,
36.943,IMU,26.1152,75.4548,50.7850,0.0000,5.1133,141.348,-3.482,0.296,0.278,0.0791,0.0210,0.9360,
36.948,ENC,26.1186,75.5554,50.8370,0.1704,5.0280,141.626,-3.482,0.296,0.278,0.0791,0.0210,0.9360,
36.964,IMU,26.1186,75.5554,50.8370,0.1704,5.0280,141.626,-3.477,0.268,0.464,0.0698,-0.0464,0.9814,
36.968,ENC,26.1186,75.6542,50.8864,0.0000,4.9428,141.909,-3.477,0.268,0.464,0.0698,-0.0464,0.9814,
36.983,IMU,26.1186,75.6542,50.8864,0.0000,4.9428,141.909,-3.422,0.299,0.611,0.0332,0.0425,0.9399,
36.988,ENC,26.1186,75.7480,50.9333,0.0000,4.6872,142.178,-3.422,0.299,0.611,0.0332,0.0425,0.9399,
37.004,IMU,26.1186,75.7480,50.9333,0.0000,4.6872,142.178,-3.510,0.277,0.799,0.1177,-0.0103,1.0186,
37.008,ENC,26.1169,75.8451,50.9810,-0.0852,4.8576,142.461,-3.510,0.277,0.799,0.1177,-0.0103,1.0186,
37.023,IMU,26.1169,75.8451,50.9810,-0.0852,4.8576,142.461,-3.523,0.167,0.915,0.0864,-0.0693,0.9692,
37.043,IMU,26.1169,75.8451,50.9810,-0.0852,4.8576,142.461,-3.509,0.198,1.076,0.0508,0.0332,0.9453,
37.048,ENC,26.1186,76.0462,51.0824,0.0426,5.0280,143.032,-3.509,0.198,1.076,0.0508,0.0332,0.9453,
37.064,IMU,26.1186,76.0462,51.0824,0.0426,5.0280,143.032,-3.478,0.212,1.219,0.0386,0.0098,0.9795,
37.069,ENC,26.1186,76.1536,51.1361,0.0000,5.3689,143.340,-3.478,0.212,1.219,0.0386,0.0098,0.9795,
37.083,IMU,26.1186,76.1536,51.1361,0.0000,5.3689,143.340,-3.523,0.133,1.309,0.0728,-0.0386,0.9810,
37.089,ENC,26.1186,76.2423,51.1804,0.0000,4.4315,143.594,-3.523,0.133,1.309,0.0728,-0.0386,0.9810,
37.103,IMU,26.1186,76.2423,51.1804,0.0000,4.4315,143.594,-3.463,0.153,1.433,0.0728,0.0034,0.9683,
37.110,ENC,26.1186,76.3445,51.2315,0.0000,5.1133,143.887,-3.463,0.153,1.433,0.0728,0.0034,0.9683,
37.123,IMU,26.1186,76.3445,51.2315,0.0000,5.1133,143.887,-3.425,0.161,1.583,0.0322,0.0176,1.0327,
37.128,ENC,26.1203,76.4434,51.2818,0.0852,4.9428,144.165,-3.425,0.161,1.583,0.0322,0.0176,1.0327,
37.146,IMU,26.1203,76.4434,51.2818,0.0852,4.9428,144.165,-3.382,0.200,1.686,0.0767,0.0127,0.9634,
37.149,ENC,26.1186,76.5405,51.3296,-0.0852,4.8576,144.448,-3.382,0.200,1.686,0.0767,0.0127,0.9634,
37.163,IMU,26.1186,76.5405,51.3296,-0.0852,4.8576,144.448,-3.362,0.222,1.836,0.0181,-0.0044,0.9692,
37.170,ENC,26.1186,76.6326,51.3756,0.0000,4.6019,144.712,-3.362,0.222,1.836,0.0181,-0.0044,0.9692,
37.184,IMU,26.1186,76.6326,51.3756,0.0000,4.6019,144.712,-3.281,0.282,1.967,-0.0088,0.0220,1.0361,
37.189,ENC,26.1186,76.7280,51.4233,0.0000,4.7724,144.985,-3.281,0.282,1.967,-0.0088,0.0220,1.0361,
37.203,IMU,26.1186,76.7280,51.4233,0.0000,4.7724,144.985,-3.278,0.333,2.114,0.0200,0.0371,0.9727,
37.210,ENC,26.1186,76.8269,51.4727,0.0000,4.9428,145.269,-3.278,0.333,2.114,0.0200,0.0371,0.9727,
37.224,IMU,26.1186,76.8269,51.4727,0.0000,4.9428,145.269,-3.278,0.315,2.230,0.0703,-0.0054,1.0459,
37.229,ENC,26.1203,76.9223,51.5213,0.0852,4.7724,145.537,-3.278,0.315,2.230,0.0703,-0.0054,1.0459,
37.245,IMU,26.1203,76.9223,51.5213,0.0852,4.7724,145.537,-3.314,0.293,2.435,0.0825,-0.0049,0.9746,
37.248,ENC,26.1203,77.0144,51.5673,0.0000,4.6019,145.801,-3.314,0.293,2.435,0.0825,-0.0049,0.9746,
37.263,IMU,26.1203,77.0144,51.5673,0.0000,4.6019,145.801,-3.384,0.322,2.581,0.0854,0.0396,0.9937,
37.285,IMU,26.1203,77.0144,51.5673,0.0000,4.6019,145.801,-3.437,0.315,2.660,0.0942,0.0156,1.0220,
37.290,ENC,26.1203,77.2070,51.6636,0.0000,4.8150,146.353,-3.437,0.315,2.660,0.0942,0.0156,1.0220,
37.304,IMU,26.1203,77.2070,51.6636,0.0000,4.8150,146.353,-3.454,0.273,2.800,0.0591,-0.0039,0.9849,
37.312,ENC,26.1203,77.2956,51.7079,0.0000,4.4315,146.606,-3.454,0.273,2.800,0.0591,-0.0039,0.9849,
37.323,IMU,26.1203,77.2956,51.7079,0.0000,4.4315,146.606,-3.453,0.273,2.902,0.0952,0.0342,0.9883,
37.329,ENC,26.1220,77.3842,51.7531,0.0852,4.4315,146.855,-3.453,0.273,2.902,0.0952,0.0342,0.9883,
37.343,IMU,26.1220,77.3842,51.7531,0.0852,4.4315,146.855,-3.479,0.369,3.032,0.0654,0.0464,0.9536,
37.348,ENC,26.1203,77.4711,51.7957,-0.0852,4.3463,147.109,-3.479,0.369,3.032,0.0654,0.0464,0.9536,
37.364,IMU,26.1203,77.4711,51.7957,-0.0852,4.3463,147.109,-3.466,0.278,3.137,0.0723,-0.0381,0.9980,
37.369,ENC,26.1220,77.5632,51.8426,0.0852,4.6019,147.368,-3.466,0.278,3.137,0.0723,-0.0381,0.9980,
37.383,IMU,26.1220,77.5632,51.8426,0.0852,4.6019,147.368,-3.522,0.265,3.304,0.0723,-0.0161,0.9927,
37.388,ENC,26.1203,77.6467,51.8835,-0.0852,4.1758,147.612,-3.522,0.265,3.304,0.0723,-0.0161,0.9927,
37.404,IMU,26.1203,77.6467,51.8835,-0.0852,4.1758,147.612,-3.529,0.274,3.407,0.1040,0.0127,0.9961,
37.409,ENC,26.1220,77.7285,51.9252,0.0852,4.0906,147.842,-3.529,0.274,3.407,0.1040,0.0127,0.9961,
37.426,IMU,26.1220,77.7285,51.9252,0.0852,4.0906,147.842,-3.554,0.289,3.579,0.0986,0.0195,0.9648,
37.428,ENC,26.1203,77.8137,51.9670,-0.0852,4.2611,148.091,-3.554,0.289,3.579,0.0986,0.0195,0.9648,
37.443,IMU,26.1203,77.8137,51.9670,-0.0852,4.2611,148.091,-3.601,0.303,3.743,0.1289,0.0273,1.0386,
37.449,ENC,26.1220,77.8990,52.0105,0.0852,4.2611,148.330,-3.601,0.303,3.743,0.1289,0.0273,1.0386,
37.464,IMU,26.1220,77.8990,52.0105,0.0852,4.2611,148.330,-3.619,0.346,3.893,0.0874,-0.0171,0.9888,
37.469,ENC,26.1186,77.9774,52.0480,-0.1704,3.9202,148.564,-3.619,0.346,3.893,0.0874,-0.0171,0.9888,
37.484,IMU,26.1186,77.9774,52.0480,-0.1704,3.9202,148.564,-3.628,0.323,4.066,0.0850,0.0044,1.0063,
37.491,ENC,26.1186,78.0575,52.0880,0.0000,4.0054,148.794,-3.628,0.323,4.066,0.0850,0.0044,1.0063,
37.508,IMU,26.1186,78.0575,52.0880,0.0000,4.0054,148.794,-3.593,0.245,4.156,0.0171,-0.0254,1.0293,
37.510,ENC,26.1220,78.1342,52.1281,0.1704,3.8350,149.004,-3.593,0.245,4.156,0.0171,-0.0254,1.0293,
37.523,IMU,26.1220,78.1342,52.1281,0.1704,3.8350,149.004,-3.549,0.239,4.275,0.0474,-0.0225,0.9980,
37.529,ENC,26.1220,78.2057,52.1639,0.0000,3.5793,149.209,-3.549,0.239,4.275,0.0474,-0.0225,0.9980,
37.543,IMU,26.1220,78.2057,52.1639,0.0000,3.5793,149.209,-3.533,0.249,4.391,0.0522,0.0083,1.0435,
37.548,ENC,26.1237,78.2705,52.1971,0.0852,3.2384,149.390,-3.533,0.249,4.391,0.0522,0.0083,1.0435,
37.566,IMU,26.1237,78.2705,52.1971,0.0852,3.2384,149.390,-3.539,0.214,4.516,0.0571,-0.0195,0.9819,
37.572,ENC,26.1237,78.3370,52.2303,0.0000,3.3236,149.580,-3.539,0.214,4.516,0.0571,-0.0195,0.9819,
37.583,IMU,26.1237,78.3370,52.2303,0.0000,3.3236,149.580,-3.550,0.268,4.652,0.0747,0.0547,0.9351,
37.589,ENC,26.1220,78.4069,52.2644,-0.0852,3.4941,149.785,-3.550,0.268,4.652,0.0747,0.0547,0.9351,
37.605,IMU,26.1220,78.4069,52.2644,-0.0852,3.4941,149.785,-3.488,0.285,4.747,0.0459,0.0264,0.9824,
37.609,ENC,26.1237,78.4750,52.2994,0.0852,3.4088,149.976,-3.488,0.285,4.747,0.0459,0.0264,0.9824,
37.624,IMU,26.1237,78.4750,52.2994,0.0852,3.4088,149.976,-3.559,0.310,4.853,0.1050,0.0146,1.0391,
37.632,ENC,26.1237,78.5449,52.3343,0.0000,3.4941,150.176,-3.559,0.310,4.853,0.1050,0.0146,1.0391,
37.643,IMU,26.1237,78.5449,52.3343,0.0000,3.4941,150.176,-3.525,0.322,4.927,0.0557,0.0010,0.9346,
37.648,ENC,26.1203,78.6148,52.3675,-0.1704,3.4941,150.386,-3.525,0.322,4.927,0.0557,0.0010,0.9346,
37.663,IMU,26.1203,78.6148,52.3675,-0.1704,3.4941,150.386,-3.494,0.354,5.013,0.0610,0.0073,1.0225,
37.668,ENC,26.1203,78.6932,52.4067,0.0000,3.9202,150.610,-3.494,0.354,5.013,0.0610,0.0073,1.0225,
37.685,IMU,26.1203,78.6932,52.4067,0.0000,3.9202,150.610,-3.544,0.454,5.198,0.1006,0.0493,0.9678,
37.689,ENC,26.1203,78.7665,52.4434,0.0000,3.6645,150.820,-3.544,0.454,5.198,0.1006,0.0493,0.9678,
37.703,IMU,26.1203,78.7665,52.4434,0.0000,3.6645,150.820,-3.564,0.464,5.319,0.0952,0.0083,1.0098,
37.708,ENC,26.1203,78.8296,52.4749,0.0000,3.1532,151.001,-3.564,0.464,5.319,0.0952,0.0083,1.0098,
37.726,IMU,26.1203,78.8296,52.4749,0.0000,3.1532,151.001,-3.539,0.453,5.455,0.0420,-0.0112,0.9971,
37.730,ENC,26.1203,78.8960,52.5082,0.0000,3.3236,151.191,-3.539,0.453,5.455,0.0420,-0.0112,0.9971,
37.743,IMU,26.1203,78.8960,52.5082,0.0000,3.3236,151.191,-3.517,0.453,5.558,0.0640,-0.0146,0.9990,
37.749,ENC,26.1220,78.9693,52.5457,0.0852,3.6645,151.396,-3.517,0.453,5.558,0.0640,-0.0146,0.9990,
37.763,IMU,26.1220,78.9693,52.5457,0.0852,3.6645,151.396,-3.551,0.430,5.709,0.0479,-0.0273,1.0229,
37.769,ENC,26.1220,79.0460,52.5840,0.0000,3.8350,151.616,-3.551,0.430,5.709,0.0479,-0.0273,1.0229,
37.785,IMU,26.1220,79.0460,52.5840,0.0000,3.8350,151.616,-3.493,0.415,5.882,0.0474,-0.0020,0.9756,
37.789,ENC,26.1220,79.1193,52.6207,0.0000,3.6645,151.826,-3.493,0.415,5.882,0.0474,-0.0020,0.9756,
37.804,IMU,26.1220,79.1193,52.6207,0.0000,3.6645,151.826,-3.489,0.411,5.995,0.0669,0.0015,0.9990,
37.808,ENC,26.1220,79.1909,52.6564,0.0000,3.5793,152.031,-3.489,0.411,5.995,0.0669,0.0015,0.9990,
37.825,IMU,26.1220,79.1909,52.6564,0.0000,3.5793,152.031,-3.486,0.390,6.127,0.0776,-0.0205,1.0156,
37.830,ENC,26.1203,79.2625,52.6914,-0.0852,3.5793,152.241,-3.486,0.390,6.127,0.0776,-0.0205,1.0156,
37.843,IMU,26.1203,79.2625,52.6914,-0.0852,3.5793,152.241,-3.443,0.478,6.292,0.0396,0.0410,0.9917,
37.849,ENC,26.1203,79.3187,52.7195,0.0000,2.8123,152.402,-3.443,0.478,6.292,0.0396,0.0410,0.9917,
37.863,IMU,26.1203,79.3187,52.7195,0.0000,2.8123,152.402,-3.399,0.486,6.477,0.0547,0.0034,1.0244,
37.869,ENC,26.1203,79.3954,52.7579,0.0000,3.8350,152.622,-3.399,0.486,6.477,0.0547,0.0034,1.0244,
37.884,IMU,26.1203,79.3954,52.7579,0.0000,3.8350,152.622,-3.410,0.436,6.613,0.0566,-0.0483,0.9961,
37.890,ENC,26.1203,79.4926,52.8064,0.0000,4.8576,152.900,-3.410,0.436,6.613,0.0566,-0.0483,0.9961,
37.906,IMU,26.1203,79.4926,52.8064,0.0000,4.8576,152.900,-3.420,0.490,6.797,0.0781,0.0254,0.9800,
37.909,ENC,26.1186,79.5795,52.8490,-0.0852,4.3463,153.154,-3.420,0.490,6.797,0.0781,0.0254,0.9800,
37.924,IMU,26.1186,79.5795,52.8490,-0.0852,4.3463,153.154,-3.454,0.435,6.985,0.0640,-0.0688,0.9990,
37.930,ENC,26.1186,79.6579,52.8882,0.0000,3.9202,153.379,-3.454,0.435,6.985,0.0640,-0.0688,0.9990,
37.945,IMU,26.1186,79.6579,52.8882,0.0000,3.9202,153.379,-3.279,0.481,7.152,-0.0728,0.0171,1.0205,
37.949,ENC,26.1186,79.7483,52.9334,0.0000,4.5167,153.638,-3.279,0.481,7.152,-0.0728,0.0171,1.0205,
37.964,IMU,26.1186,79.7483,52.9334,0.0000,4.5167,153.638,-3.232,0.475,7.316,0.0254,0.0142,0.9590,
37.969,ENC,26.1203,79.8369,52.9786,0.0852,4.4315,153.887,-3.232,0.475,7.316,0.0254,0.0142,0.9590,
37.985,IMU,26.1203,79.8369,52.9786,0.0852,4.4315,153.887,-3.162,0.478,7.546,-0.0103,-0.0039,0.9380,
37.990,ENC,26.1237,79.9306,53.0272,0.1704,4.6872,154.146,-3.162,0.478,7.546,-0.0103,-0.0039,0.9380,
38.004,IMU,26.1237,79.9306,53.0272,0.1704,4.6872,154.146,-3.188,0.454,7.707,0.0601,0.0020,1.0122,
38.010,ENC,26.1254,80.0227,53.0740,0.0852,4.6019,154.404,-3.188,0.454,7.707,0.0601,0.0020,1.0122,
38.024,IMU,26.1254,80.0227,53.0740,0.0852,4.6019,154.404,-3.177,0.530,7.868,0.0552,0.0498,0.9585,
38.038,ENC,26.1254,80.1198,53.1226,0.0000,4.8576,154.683,-3.177,0.530,7.868,0.0552,0.0498,0.9585,
38.044,IMU,26.1254,80.1198,53.1226,0.0000,4.8576,154.683,-3.099,0.575,8.100,-0.0312,0.0264,0.9653,
38.050,ENC,26.1271,80.2187,53.1729,0.0852,4.9428,154.961,-3.099,0.575,8.100,-0.0312,0.0264,0.9653,
38.066,IMU,26.1271,80.2187,53.1729,0.0852,4.9428,154.961,-3.159,0.554,8.332,0.0713,-0.0039,0.9990,
38.069,ENC,26.1305,80.3158,53.2232,0.1704,4.8576,155.229,-3.159,0.554,8.332,0.0713,-0.0039,0.9990,
38.083,IMU,26.1305,80.3158,53.2232,0.1704,4.8576,155.229,-3.147,0.435,8.545,0.0591,-0.1021,1.0703,
38.089,ENC,26.1339,80.4147,53.2743,0.1704,4.9428,155.503,-3.147,0.435,8.545,0.0591,-0.1021,1.0703,
38.104,IMU,26.1339,80.4147,53.2743,0.1704,4.9428,155.503,-3.081,0.412,8.723,0.0347,-0.0278,0.9980,
38.109,ENC,26.1373,80.5118,53.3246,0.1704,4.8576,155.771,-3.081,0.412,8.723,0.0347,-0.0278,0.9980,
38.126,IMU,26.1373,80.5118,53.3246,0.1704,4.8576,155.771,-3.073,0.418,8.933,0.0522,0.0049,1.0000,
38.131,ENC,26.1373,80.6124,53.3749,0.0000,5.0280,156.060,-3.073,0.418,8.933,0.0522,0.0049,1.0000,
38.144,IMU,26.1373,80.6124,53.3749,0.0000,5.0280,156.060,-3.067,0.438,9.107,0.0654,-0.0005,0.9951,
38.150,ENC,26.1356,80.7095,53.4226,-0.0852,4.8576,156.343,-3.067,0.438,9.107,0.0654,-0.0005,0.9951,
38.164,IMU,26.1356,80.7095,53.4226,-0.0852,4.8576,156.343,-3.041,0.420,9.284,0.0591,-0.0117,0.9561,
38.169,ENC,26.1356,80.8084,53.4720,0.0000,4.9428,156.626,-3.041,0.420,9.284,0.0591,-0.0117,0.9561,
38.184,IMU,26.1356,80.8084,53.4720,0.0000,4.9428,156.626,-3.085,0.297,9.505,0.0952,-0.0615,0.9634,
38.196,ENC,26.1356,80.9039,53.5197,0.0000,4.7724,156.899,-3.085,0.297,9.505,0.0952,-0.0615,0.9634,
38.208,IMU,26.1356,80.9039,53.5197,0.0000,4.7724,156.899,-3.024,0.345,9.655,0.0293,0.0308,0.9897,
38.209,ENC,26.1356,81.0061,53.5709,0.0000,5.1133,157.192,-3.024,0.345,9.655,0.0293,0.0308,0.9897,
38.223,IMU,26.1356,81.0061,53.5709,0.0000,5.1133,157.192,-2.989,0.341,9.883,0.0229,0.0327,1.0317,
38.229,ENC,26.1356,81.1084,53.6220,0.0000,5.1133,157.485,-2.989,0.341,9.883,0.0229,0.0327,1.0317,
38.244,IMU,26.1356,81.1084,53.6220,0.0000,5.1133,157.485,-3.041,0.259,10.079,0.0884,-0.0771,0.9380,
38.249,ENC,26.1356,81.2175,53.6765,0.0000,5.4542,157.798,-3.041,0.259,10.079,0.0884,-0.0771,0.9380,
38.264,IMU,26.1356,81.2175,53.6765,0.0000,5.4542,157.798,-3.041,0.298,10.265,0.0723,0.0298,1.0229,
38.269,ENC,26.1356,81.3180,53.7268,0.0000,5.0280,158.086,-3.041,0.298,10.265,0.0723,0.0298,1.0229,
38.284,IMU,26.1356,81.3180,53.7268,0.0000,5.0280,158.086,-3.004,0.262,10.441,0.0024,-0.0503,1.0312,
38.290,ENC,26.1339,81.4237,53.7788,-0.0852,5.2837,158.394,-3.004,0.262,10.441,0.0024,-0.0503,1.0312,
38.309,IMU,26.1339,81.4237,53.7788,-0.0852,5.2837,158.394,-3.020,0.223,10.663,0.0693,-0.0288,0.9487,
38.311,ENC,26.1339,81.5345,53.8342,0.0000,5.5394,158.711,-3.020,0.223,10.663,0.0693,-0.0288,0.9487,
38.324,IMU,26.1339,81.5345,53.8342,0.0000,5.5394,158.711,-2.980,0.206,10.862,0.0151,-0.0303,1.0063,
38.330,ENC,26.1322,81.6385,53.8853,-0.0852,5.1985,159.014,-2.980,0.206,10.862,0.0151,-0.0303,1.0063,
38.343,IMU,26.1322,81.6385,53.8853,-0.0852,5.1985,159.014,-2.973,0.162,11.065,0.0723,-0.0591,1.0361,
38.349,ENC,26.1322,81.7339,53.9331,0.0000,4.7724,159.287,-2.973,0.162,11.065,0.0723,-0.0591,1.0361,
38.367,IMU,26.1322,81.7339,53.9331,0.0000,4.7724,159.287,-3.008,0.132,11.295,0.0854,-0.0347,0.9746,
38.369,ENC,26.1322,81.8379,53.9850,0.0000,5.1985,159.585,-3.008,0.132,11.295,0.0854,-0.0347,0.9746,
38.384,IMU,26.1322,81.8379,53.9850,0.0000,5.1985,159.585,-2.970,0.177,11.482,0.0361,0.0210,1.0103,
38.392,ENC,26.1322,81.9435,54.0379,0.0000,5.2837,159.888,-2.970,0.177,11.482,0.0361,0.0210,1.0103,
38.403,IMU,26.1322,81.9435,54.0379,0.0000,5.2837,159.888,-2.988,0.262,11.696,0.0625,0.0728,0.9355,
38.411,ENC,26.1322,82.0458,54.0890,0.0000,5.1133,160.181,-2.988,0.262,11.696,0.0625,0.0728,0.9355,
38.423,IMU,26.1322,82.0458,54.0890,0.0000,5.1133,160.181,-3.044,0.295,11.917,0.1328,0.0015,1.0190,
38.429,ENC,26.1322,82.1532,54.1427,0.0000,5.3689,160.488,-3.044,0.295,11.917,0.1328,0.0015,1.0190,
38.445,IMU,26.1322,82.1532,54.1427,0.0000,5.3689,160.488,-3.114,0.226,12.147,0.0928,-0.0171,1.0366,
38.449,ENC,26.1339,82.2520,54.1930,0.0852,4.9428,160.767,-3.114,0.226,12.147,0.0928,-0.0171,1.0366,
38.463,IMU,26.1339,82.2520,54.1930,0.0852,4.9428,160.767,-3.173,0.227,12.375,0.1133,-0.0093,0.9805,
38.468,ENC,26.1339,82.3509,54.2424,0.0000,4.9428,161.050,-3.173,0.227,12.375,0.1133,-0.0093,0.9805,
38.483,IMU,26.1339,82.3509,54.2424,0.0000,4.9428,161.050,-3.204,0.188,12.545,0.1250,-0.0405,1.0020,
38.513,IMU,26.1339,82.3509,54.2424,0.0000,4.9428,161.050,-3.233,0.182,12.778,0.0698,-0.0171,1.0068,
38.514,ENC,26.1339,82.5588,54.3464,0.0000,5.1985,161.646,-3.233,0.182,12.778,0.0698,-0.0171,1.0068,
38.523,IMU,26.1339,82.5588,54.3464,0.0000,5.1985,161.646,-3.223,0.167,13.021,0.0190,-0.0381,1.0737,
38.529,ENC,26.1339,82.6577,54.3958,0.0000,4.9428,161.929,-3.223,0.167,13.021,0.0190,-0.0381,1.0737,
38.544,IMU,26.1339,82.6577,54.3958,0.0000,4.9428,161.929,-3.167,0.231,13.254,0.0479,0.0361,0.9971,
38.548,ENC,26.1339,82.7634,54.4486,0.0000,5.2837,162.231,-3.167,0.231,13.254,0.0479,0.0361,0.9971,
38.563,IMU,26.1339,82.7634,54.4486,0.0000,5.2837,162.231,-3.245,0.215,13.570,0.1157,-0.0366,0.9888,
38.569,ENC,26.1339,82.8742,54.5040,0.0000,5.5394,162.549,-3.245,0.215,13.570,0.1157,-0.0366,0.9888,
38.583,IMU,26.1339,82.8742,54.5040,0.0000,5.5394,162.549,-3.294,0.201,13.777,0.0601,-0.0234,1.0020,
38.589,ENC,26.1339,82.9645,54.5492,0.0000,4.5167,162.808,-3.294,0.201,13.777,0.0601,-0.0234,1.0020,
38.604,IMU,26.1339,82.9645,54.5492,0.0000,4.5167,162.808,-3.255,0.181,13.935,0.0400,-0.0264,0.9570,
38.609,ENC,26.1356,83.0685,54.6020,0.0852,5.1985,163.101,-3.255,0.181,13.935,0.0400,-0.0264,0.9570,
38.623,IMU,26.1356,83.0685,54.6020,0.0852,5.1985,163.101,-3.274,0.142,14.244,0.0439,-0.0215,1.0293,
38.629,ENC,26.1339,83.1707,54.6523,-0.0852,5.1133,163.398,-3.274,0.142,14.244,0.0439,-0.0215,1.0293,
38.645,IMU,26.1339,83.1707,54.6523,-0.0852,5.1133,163.398,-3.247,0.132,14.410,0.0664,0.0171,1.0796,
38.648,ENC,26.1339,83.2730,54.7035,0.0000,5.1133,163.691,-3.247,0.132,14.410,0.0664,0.0171,1.0796,
38.663,IMU,26.1339,83.2730,54.7035,0.0000,5.1133,163.691,-3.261,0.147,14.618,0.0840,0.0342,0.9951,
38.669,ENC,26.1339,83.3872,54.7606,0.0000,5.7098,164.019,-3.261,0.147,14.618,0.0840,0.0342,0.9951,
38.683,IMU,26.1339,83.3872,54.7606,0.0000,5.7098,164.019,-3.194,0.199,14.782,0.0127,0.0459,0.9644,
38.688,ENC,26.1339,83.4878,54.8108,0.0000,5.0280,164.307,-3.194,0.199,14.782,0.0127,0.0459,0.9644,
38.703,IMU,26.1339,83.4878,54.8108,0.0000,5.0280,164.307,-3.266,0.212,14.971,0.0752,-0.0073,1.0186,
38.708,ENC,26.1356,83.5849,54.8603,0.0852,4.8576,164.580,-3.266,0.212,14.971,0.0752,-0.0073,1.0186,
38.724,IMU,26.1356,83.5849,54.8603,0.0852,4.8576,164.580,-3.266,0.167,15.153,0.0684,-0.0352,1.0259,
38.729,ENC,26.1356,83.6821,54.9088,0.0000,4.8576,164.858,-3.266,0.167,15.153,0.0684,-0.0352,1.0259,
38.748,IMU,26.1356,83.6821,54.9088,0.0000,4.8576,164.858,-3.261,0.159,15.374,0.0444,-0.0098,1.0210,
38.749,ENC,26.1356,83.7775,54.9566,0.0000,4.7724,165.132,-3.261,0.159,15.374,0.0444,-0.0098,1.0210,
38.764,IMU,26.1356,83.7775,54.9566,0.0000,4.7724,165.132,-3.261,0.224,15.548,0.0786,0.0044,0.9888,
38.769,ENC,26.1373,83.8730,55.0051,0.0852,4.7724,165.400,-3.261,0.224,15.548,0.0786,0.0044,0.9888,
38.785,IMU,26.1373,83.8730,55.0051,0.0852,4.7724,165.400,-3.241,0.246,15.694,0.0176,0.0151,0.9922,
38.789,ENC,26.1373,83.9599,55.0486,0.0000,4.3463,165.649,-3.241,0.246,15.694,0.0176,0.0151,0.9922,
38.809,IMU,26.1373,83.9599,55.0486,0.0000,4.3463,165.649,-3.269,0.280,15.847,0.0449,0.0186,1.0308,
38.811,ENC,26.1356,84.0417,55.0887,-0.0852,4.0906,165.889,-3.269,0.280,15.847,0.0449,0.0186,1.0308,
38.823,IMU,26.1356,84.0417,55.0887,-0.0852,4.0906,165.889,-3.203,0.299,15.955,0.0742,0.0107,0.9790,
38.829,ENC,26.1373,84.1252,55.1313,0.0852,4.1758,166.123,-3.203,0.299,15.955,0.0742,0.0107,0.9790,
38.843,IMU,26.1373,84.1252,55.1313,0.0852,4.1758,166.123,-3.275,0.238,16.106,0.0972,-0.0244,0.9951,
38.848,ENC,26.1373,84.2019,55.1696,0.0000,3.8350,166.343,-3.275,0.238,16.106,0.0972,-0.0244,0.9951,
38.864,IMU,26.1373,84.2019,55.1696,0.0000,3.8350,166.343,-3.323,0.134,16.205,0.1016,-0.0391,1.0278,
38.880,ENC,26.1424,84.2752,55.2088,0.2557,3.6645,166.538,-3.323,0.134,16.205,0.1016,-0.0391,1.0278,
38.891,IMU,26.1424,84.2752,55.2088,0.2557,3.6645,166.538,-3.345,0.053,16.302,0.0898,-0.0425,0.9873,
38.892,ENC,26.1527,84.3468,55.2497,0.5113,3.5793,166.714,-3.345,0.053,16.302,0.0898,-0.0425,0.9873,
38.903,IMU,26.1527,84.3468,55.2497,0.5113,3.5793,166.714,-3.304,-0.002,16.357,0.0396,-0.0327,1.0073,
38.908,ENC,26.1578,84.4218,55.2898,0.2557,3.7497,166.914,-3.304,-0.002,16.357,0.0396,-0.0327,1.0073,
38.924,IMU,26.1578,84.4218,55.2898,0.2557,3.7497,166.914,-3.305,-0.080,16.408,0.0645,-0.0591,0.9932,
38.929,ENC,26.1595,84.5019,55.3307,0.0852,4.0054,167.139,-3.305,-0.080,16.408,0.0645,-0.0591,0.9932,
38.943,IMU,26.1595,84.5019,55.3307,0.0852,4.0054,167.139,-3.384,-0.081,16.497,0.0571,-0.0093,1.0088,
38.950,ENC,26.1578,84.5803,55.3690,-0.0852,3.9202,167.368,-3.384,-0.081,16.497,0.0571,-0.0093,1.0088,
38.963,IMU,26.1578,84.5803,55.3690,-0.0852,3.9202,167.368,-3.357,-0.033,16.586,0.0137,0.0034,0.9644,
38.969,ENC,26.1578,84.6587,55.4082,0.0000,3.9202,167.593,-3.357,-0.033,16.586,0.0137,0.0034,0.9644,
38.983,IMU,26.1578,84.6587,55.4082,0.0000,3.9202,167.593,-3.421,-0.074,16.654,0.1099,-0.0327,1.0010,
38.989,ENC,26.1578,84.7337,55.4457,0.0000,3.7497,167.808,-3.421,-0.074,16.654,0.1099,-0.0327,1.0010,
39.003,IMU,26.1578,84.7337,55.4457,0.0000,3.7497,167.808,-3.431,-0.052,16.765,0.0918,0.0039,0.9624,
39.009,ENC,26.1595,84.8138,55.4866,0.0852,4.0054,168.032,-3.431,-0.052,16.765,0.0918,0.0039,0.9624,
39.023,IMU,26.1595,84.8138,55.4866,0.0852,4.0054,168.032,-3.365,-0.049,16.860,-0.0083,0.0127,1.0347,
39.044,IMU,26.1595,84.8138,55.4866,0.0852,4.0054,168.032,-3.306,-0.042,16.981,0.0454,0.0225,0.9805,
39.049,ENC,26.1578,84.9638,55.5608,-0.0426,3.7497,168.467,-3.306,-0.042,16.981,0.0454,0.0225,0.9805,
39.063,IMU,26.1578,84.9638,55.5608,-0.0426,3.7497,168.467,-3.270,0.021,17.036,0.0444,0.0181,0.9746,
39.068,ENC,26.1578,85.0405,55.5991,0.0000,3.8350,168.687,-3.270,0.021,17.036,0.0444,0.0181,0.9746,
39.084,IMU,26.1578,85.0405,55.5991,0.0000,3.8350,168.687,-3.315,-0.047,17.174,0.0752,-0.0415,1.0142,
39.089,ENC,26.1578,85.1189,55.6383,0.0000,3.9202,168.911,-3.315,-0.047,17.174,0.0752,-0.0415,1.0142,
39.103,IMU,26.1578,85.1189,55.6383,0.0000,3.9202,168.911,-3.326,-0.021,17.252,0.0518,0.0000,0.9438,
39.109,ENC,26.1578,85.1922,55.6750,0.0000,3.6645,169.121,-3.326,-0.021,17.252,0.0518,0.0000,0.9438,
39.123,IMU,26.1578,85.1922,55.6750,0.0000,3.6645,169.121,-3.318,-0.008,17.381,0.0317,0.0259,0.9785,
39.129,ENC,26.1561,85.2638,55.7099,-0.0852,3.5793,169.331,-3.318,-0.008,17.381,0.0317,0.0259,0.9785,
39.144,IMU,26.1561,85.2638,55.7099,-0.0852,3.5793,169.331,-3.335,-0.011,17.492,0.0942,-0.0073,0.9863,
39.150,ENC,26.1578,85.3336,55.7457,0.0852,3.4941,169.526,-3.335,-0.011,17.492,0.0942,-0.0073,0.9863,
39.164,IMU,26.1578,85.3336,55.7457,0.0852,3.4941,169.526,-3.340,-0.014,17.586,0.0889,-0.0312,1.0137,
39.169,ENC,26.1578,85.4086,55.7832,0.0000,3.7497,169.741,-3.340,-0.014,17.586,0.0889,-0.0312,1.0137,
39.183,IMU,26.1578,85.4086,55.7832,0.0000,3.7497,169.741,-3.322,-0.025,17.639,0.0654,-0.0244,0.9800,
39.189,ENC,26.1578,85.4887,55.8233,0.0000,4.0054,169.971,-3.322,-0.025,17.639,0.0654,-0.0244,0.9800,
39.205,IMU,26.1578,85.4887,55.8233,0.0000,4.0054,169.971,-3.371,-0.083,17.780,0.0693,-0.0259,0.9927,
39.209,ENC,26.1578,85.5637,55.8608,0.0000,3.7497,170.186,-3.371,-0.083,17.780,0.0693,-0.0259,0.9927,
39.231,IMU,26.1578,85.5637,55.8608,0.0000,3.7497,170.186,-3.350,-0.020,17.964,0.0103,0.0557,1.0005,
39.232,ENC,26.1561,85.6404,55.8983,-0.0852,3.8350,170.410,-3.350,-0.020,17.964,0.0103,0.0557,1.0005,
39.243,IMU,26.1561,85.6404,55.8983,-0.0852,3.8350,170.410,-3.387,0.041,18.054,0.0610,0.0312,0.9492,
39.249,ENC,26.1561,85.7223,55.9392,0.0000,4.0906,170.645,-3.387,0.041,18.054,0.0610,0.0312,0.9492,
39.263,IMU,26.1561,85.7223,55.9392,0.0000,4.0906,170.645,-3.358,0.073,18.156,0.0459,0.0225,0.9922,
39.269,ENC,26.1561,85.7990,55.9775,0.0000,3.8350,170.864,-3.358,0.073,18.156,0.0459,0.0225,0.9922,
39.283,IMU,26.1561,85.7990,55.9775,0.0000,3.8350,170.864,-3.343,0.023,18.278,0.0269,-0.0186,0.9751,
39.288,ENC,26.1561,85.8688,56.0125,0.0000,3.4941,171.064,-3.343,0.023,18.278,0.0269,-0.0186,0.9751,
39.303,IMU,26.1561,85.8688,56.0125,0.0000,3.4941,171.064,-3.356,0.014,18.421,0.0864,-0.0244,0.9961,
39.310,ENC,26.1544,85.9575,56.0559,-0.0852,4.4315,171.323,-3.356,0.014,18.421,0.0864,-0.0244,0.9961,
39.324,IMU,26.1544,85.9575,56.0559,-0.0852,4.4315,171.323,-3.399,-0.032,18.490,0.1216,-0.0181,1.0288,
39.329,ENC,26.1544,86.0342,56.0943,0.0000,3.8350,171.543,-3.399,-0.032,18.490,0.1216,-0.0181,1.0288,
39.343,IMU,26.1544,86.0342,56.0943,0.0000,3.8350,171.543,-3.443,-0.029,18.547,0.0825,0.0103,1.0293,
39.349,ENC,26.1544,86.1058,56.1301,0.0000,3.5793,171.748,-3.443,-0.029,18.547,0.0825,0.0103,1.0293,
39.364,IMU,26.1544,86.1058,56.1301,0.0000,3.5793,171.748,-3.515,-0.032,18.631,0.1069,0.0210,0.9780,
39.369,ENC,26.1527,86.1739,56.1633,-0.0852,3.4088,171.948,-3.515,-0.032,18.631,0.1069,0.0210,0.9780,
39.383,IMU,26.1527,86.1739,56.1633,-0.0852,3.4088,171.948,-3.559,0.017,18.725,0.0791,0.0093,1.0010,
39.390,ENC,26.1527,86.2353,56.1940,0.0000,3.0680,172.124,-3.559,0.017,18.725,0.0791,0.0093,1.0010,
39.404,IMU,26.1527,86.2353,56.1940,0.0000,3.0680,172.124,-3.533,-0.004,18.719,0.0708,0.0068,1.0210,
39.409,ENC,26.1544,86.2898,56.2221,0.0852,2.7271,172.275,-3.533,-0.004,18.719,0.0708,0.0068,1.0210,
39.423,IMU,26.1544,86.2898,56.2221,0.0852,2.7271,172.275,-3.537,0.057,18.735,0.0630,-0.0039,1.0186,
39.429,ENC,26.1544,86.3461,56.2502,0.0000,2.8123,172.437,-3.537,0.057,18.735,0.0630,-0.0039,1.0186,
39.444,IMU,26.1544,86.3461,56.2502,0.0000,2.8123,172.437,-3.518,0.010,18.765,0.0513,-0.0142,1.0000,
39.449,ENC,26.1561,86.4023,56.2792,0.0852,2.8123,172.593,-3.518,0.010,18.765,0.0513,-0.0142,1.0000,
39.466,IMU,26.1561,86.4023,56.2792,0.0852,2.8123,172.593,-3.556,0.031,18.795,0.0713,0.0122,0.9756,
39.468,ENC,26.1646,86.4552,56.3099,0.4261,2.6419,172.720,-3.556,0.031,18.795,0.0713,0.0122,0.9756,
39.485,IMU,26.1646,86.4552,56.3099,0.4261,2.6419,172.720,-3.621,-0.063,18.790,0.1128,-0.0435,1.0352,
39.489,ENC,26.2004,86.5165,56.3585,1.7896,3.0680,172.793,-3.621,-0.063,18.790,0.1128,-0.0435,1.0352,
39.503,IMU,26.2004,86.5165,56.3585,1.7896,3.0680,172.793,-3.622,-0.115,18.767,0.0879,-0.0386,1.0122,
39.509,ENC,26.2413,86.5711,56.4062,2.0453,2.7271,172.832,-3.622,-0.115,18.767,0.0879,-0.0386,1.0122,
39.523,IMU,26.2413,86.5711,56.4062,2.0453,2.7271,172.832,-3.589,-0.148,18.746,0.0581,-0.0420,1.0132,
39.529,ENC,26.2907,86.6239,56.4573,2.4714,2.6419,172.842,-3.589,-0.148,18.746,0.0581,-0.0420,1.0132,
39.544,IMU,26.2907,86.6239,56.4573,2.4714,2.6419,172.842,-3.544,-0.101,18.747,0.0356,0.0098,0.9727,
39.549,ENC,26.3385,86.6853,56.5119,2.3862,3.0680,172.881,-3.544,-0.101,18.747,0.0356,0.0098,0.9727,
39.573,IMU,26.3385,86.6853,56.5119,2.3862,3.0680,172.881,-3.544,-0.107,18.783,0.0498,0.0044,1.0054,
39.574,ENC,26.3913,86.7517,56.5715,2.6419,3.3236,172.920,-3.544,-0.107,18.783,0.0498,0.0044,1.0054,
39.583,IMU,26.3913,86.7517,56.5715,2.6419,3.3236,172.920,-3.567,-0.079,18.779,0.0962,0.0215,0.9526,
39.589,ENC,26.4424,86.8165,56.6295,2.5566,3.2384,172.959,-3.567,-0.079,18.779,0.0962,0.0215,0.9526,
39.607,IMU,26.4424,86.8165,56.6295,2.5566,3.2384,172.959,-3.522,-0.109,18.821,0.0688,-0.0264,1.0298,
39.609,ENC,26.4987,86.8813,56.6900,2.8123,3.2384,172.983,-3.522,-0.109,18.821,0.0688,-0.0264,1.0298,
39.624,IMU,26.4987,86.8813,56.6900,2.8123,3.2384,172.983,-3.551,-0.156,18.812,0.0952,-0.0234,0.9834,
39.629,ENC,26.5532,86.9563,56.7547,2.7271,3.7497,173.042,-3.551,-0.156,18.812,0.0952,-0.0234,0.9834,
39.643,IMU,26.5532,86.9563,56.7547,2.7271,3.7497,173.042,-3.520,-0.125,18.841,0.0591,0.0005,0.9673,
39.649,ENC,26.6112,87.0330,56.8221,2.8975,3.8350,173.096,-3.520,-0.125,18.841,0.0591,0.0005,0.9673,
39.664,IMU,26.6112,87.0330,56.8221,2.8975,3.8350,173.096,-3.547,-0.143,18.882,0.0752,-0.0015,0.9956,
39.669,ENC,26.6759,87.1114,56.8936,3.2384,3.9202,173.135,-3.547,-0.143,18.882,0.0752,-0.0015,0.9956,
39.685,IMU,26.6759,87.1114,56.8936,3.2384,3.9202,173.135,-3.541,-0.137,18.897,0.0767,0.0146,0.9629,
39.689,ENC,26.7407,87.1881,56.9644,3.2384,3.8350,173.169,-3.541,-0.137,18.897,0.0767,0.0146,0.9629,
39.703,IMU,26.7407,87.1881,56.9644,3.2384,3.8350,173.169,-3.544,-0.100,18.942,0.0903,0.0239,1.0269,
39.709,ENC,26.8055,87.2596,57.0326,3.2384,3.5793,173.188,-3.544,-0.100,18.942,0.0903,0.0239,1.0269,
39.723,IMU,26.8055,87.2596,57.0326,3.2384,3.5793,173.188,-3.529,-0.141,18.919,0.0420,-0.0264,0.9727,
39.729,ENC,26.8736,87.3312,57.1024,3.4088,3.5793,173.198,-3.529,-0.141,18.919,0.0420,-0.0264,0.9727,
39.743,IMU,26.8736,87.3312,57.1024,3.4088,3.5793,173.198,-3.529,-0.167,18.915,0.0200,-0.0103,1.0068,
39.756,ENC,26.9486,87.4062,57.1774,3.7497,3.7497,173.198,-3.529,-0.167,18.915,0.0200,-0.0103,1.0068,
39.779,IMU,26.9486,87.4062,57.1774,3.7497,3.7497,173.198,-3.571,-0.205,18.933,0.0659,-0.0156,1.0034,
39.784,IMU,26.9486,87.4062,57.1774,3.7497,3.7497,173.198,-3.561,-0.269,18.920,0.0327,-0.0234,0.9863,
39.789,ENC,27.0867,87.5681,57.3274,3.4515,4.0480,173.267,-3.561,-0.269,18.920,0.0327,-0.0234,0.9863,
39.809,ENC,27.1532,87.6483,57.4007,3.3236,4.0054,173.306,-3.561,-0.269,18.920,0.0327,-0.0234,0.9863,
39.814,IMU,27.1532,87.6483,57.4007,3.3236,4.0054,173.306,-3.624,-0.229,18.921,0.1279,0.0088,0.9395,
39.823,IMU,27.1532,87.6483,57.4007,3.3236,4.0054,173.306,-3.648,-0.263,18.922,0.0762,-0.0439,0.9546,
39.828,ENC,27.2196,87.7284,57.4740,3.3236,4.0054,173.345,-3.648,-0.263,18.922,0.0762,-0.0439,0.9546,
39.844,IMU,27.2196,87.7284,57.4740,3.3236,4.0054,173.345,-3.688,-0.311,18.923,0.0776,-0.0122,1.0298,
39.849,ENC,27.2912,87.8051,57.5481,3.5793,3.8350,173.359,-3.688,-0.311,18.923,0.0776,-0.0122,1.0298,
39.863,IMU,27.2912,87.8051,57.5481,3.5793,3.8350,173.359,-3.733,-0.325,18.923,0.0776,-0.0117,0.9834,
39.872,ENC,27.3628,87.8903,57.6265,3.5793,4.2611,173.398,-3.733,-0.325,18.923,0.0776,-0.0117,0.9834,
39.883,IMU,27.3628,87.8903,57.6265,3.5793,4.2611,173.398,-3.652,-0.303,18.919,0.0269,0.0205,1.0142,
39.888,ENC,27.4310,87.9704,57.7007,3.4088,4.0054,173.433,-3.652,-0.303,18.919,0.0269,0.0205,1.0142,
39.903,IMU,27.4310,87.9704,57.7007,3.4088,4.0054,173.433,-3.675,-0.365,18.908,0.1064,-0.0640,0.9688,
39.909,ENC,27.5026,88.0505,57.7765,3.5793,4.0054,173.457,-3.675,-0.365,18.908,0.1064,-0.0640,0.9688,
39.924,IMU,27.5026,88.0505,57.7765,3.5793,4.0054,173.457,-3.651,-0.340,18.938,0.0547,-0.0020,1.0142,
39.929,ENC,27.5759,88.1357,57.8558,3.6645,4.2611,173.491,-3.651,-0.340,18.938,0.0547,-0.0020,1.0142,
39.943,IMU,27.5759,88.1357,57.8558,3.6645,4.2611,173.491,-3.678,-0.305,18.968,0.0508,-0.0234,0.9551,
39.949,ENC,27.6560,88.2141,57.9350,4.0054,3.9202,173.486,-3.678,-0.305,18.968,0.0508,-0.0234,0.9551,
39.963,IMU,27.6560,88.2141,57.9350,4.0054,3.9202,173.486,-3.668,-0.310,18.985,0.0581,0.0020,1.0273,
39.969,ENC,27.7497,88.2959,58.0228,4.6872,4.0906,173.452,-3.668,-0.310,18.985,0.0581,0.0020,1.0273,
39.983,IMU,27.7497,88.2959,58.0228,4.6872,4.0906,173.452,-3.697,-0.328,18.986,0.0703,0.0054,1.0195,
39.989,ENC,27.8452,88.3743,58.1097,4.7724,3.9202,173.403,-3.697,-0.328,18.986,0.0703,0.0054,1.0195,
40.003,IMU,27.8452,88.3743,58.1097,4.7724,3.9202,173.403,-3.747,-0.409,19.042,0.0815,-0.0195,1.0034,
40.009,ENC,27.9389,88.4579,58.1984,4.6872,4.1758,173.374,-3.747,-0.409,19.042,0.0815,-0.0195,1.0034,
40.023,IMU,27.9389,88.4579,58.1984,4.6872,4.1758,173.374,-3.766,-0.435,19.068,0.0752,-0.0381,1.0244,
40.043,IMU,27.9389,88.4579,58.1984,4.6872,4.1758,173.374,-3.734,-0.410,19.060,0.0557,0.0132,1.0073,
40.049,ENC,28.1230,88.6164,58.3697,4.6019,3.9628,173.301,-3.734,-0.410,19.060,0.0557,0.0132,1.0073,
40.063,IMU,28.1230,88.6164,58.3697,4.6019,3.9628,173.301,-3.776,-0.373,19.071,0.0776,0.0117,0.9375,
40.083,IMU,28.1230,88.6164,58.3697,4.6019,3.9628,173.301,-3.727,-0.353,19.082,0.0371,0.0098,0.9600,
40.089,ENC,28.3002,88.7749,58.5376,4.4315,3.9628,173.247,-3.727,-0.353,19.082,0.0371,0.0098,0.9600,
40.109,IMU,28.3002,88.7749,58.5376,4.4315,3.9628,173.247,-3.723,-0.334,19.125,0.0820,-0.0029,1.0474,
40.110,ENC,28.3821,88.8550,58.6185,4.0906,4.0054,173.242,-3.723,-0.334,19.125,0.0820,-0.0029,1.0474,
40.123,IMU,28.3821,88.8550,58.6185,4.0906,4.0054,173.242,-3.776,-0.302,19.131,0.0615,0.0425,0.9771,
40.135,ENC,28.4673,88.9402,58.7037,4.2611,4.2611,173.242,-3.776,-0.302,19.131,0.0615,0.0425,0.9771,
40.165,IMU,28.4673,88.9402,58.7037,4.2611,4.2611,173.242,-3.832,-0.352,19.131,0.0591,-0.0215,1.0386,
40.184,IMU,28.4673,88.9402,58.7037,4.2611,4.2611,173.242,-3.796,-0.383,19.124,0.0391,-0.0317,0.9839,
40.189,ENC,28.7093,89.1856,58.9475,4.0338,4.0906,173.252,-3.796,-0.383,19.124,0.0391,-0.0317,0.9839,
40.206,IMU,28.7093,89.1856,58.9475,4.0338,4.0906,173.252,-3.759,-0.448,19.183,0.0063,-0.0488,1.0557,
40.211,ENC,28.7894,89.2760,59.0327,4.0054,4.5167,173.281,-3.759,-0.448,19.183,0.0063,-0.0488,1.0557,
40.225,IMU,28.7894,89.2760,59.0327,4.0054,4.5167,173.281,-3.723,-0.441,19.239,-0.0034,0.0215,1.0752,
40.230,ENC,28.8525,89.3731,59.1128,3.1532,4.8576,173.379,-3.723,-0.441,19.239,-0.0034,0.0215,1.0752,
40.244,IMU,28.8525,89.3731,59.1128,3.1532,4.8576,173.379,-3.633,-0.444,19.365,0.0015,-0.0073,1.0151,
40.250,ENC,28.8832,89.4822,59.1827,1.5340,5.4542,173.604,-3.633,-0.444,19.365,0.0015,-0.0073,1.0151,
40.266,IMU,28.8832,89.4822,59.1827,1.5340,5.4542,173.604,-3.563,-0.385,19.500,-0.0337,0.0571,1.0811,
40.270,ENC,28.9121,89.5845,59.2483,1.4488,5.1133,173.813,-3.563,-0.385,19.500,-0.0337,0.0571,1.0811,
40.285,IMU,28.9121,89.5845,59.2483,1.4488,5.1133,173.813,-3.571,-0.418,19.640,0.0703,-0.0625,0.9673,
40.289,ENC,28.9292,89.6731,59.3011,0.8522,4.4315,174.019,-3.571,-0.418,19.640,0.0703,-0.0625,0.9673,
40.303,IMU,28.9292,89.6731,59.3011,0.8522,4.4315,174.019,-3.550,-0.390,19.686,0.0757,-0.0171,1.0176,
40.309,ENC,28.9547,89.7600,59.3574,1.2783,4.3463,174.194,-3.550,-0.390,19.686,0.0757,-0.0171,1.0176,
40.327,IMU,28.9547,89.7600,59.3574,1.2783,4.3463,174.194,-3.560,-0.336,19.763,0.0454,0.0083,0.9790,
40.329,ENC,28.9650,89.8521,59.4085,0.5113,4.6019,174.429,-3.560,-0.336,19.763,0.0454,0.0083,0.9790,
40.348,IMU,28.9650,89.8521,59.4085,0.5113,4.6019,174.429,-3.624,-0.356,19.875,0.0967,0.0317,0.9917,
40.350,ENC,28.9956,89.9356,59.4656,1.5340,4.1758,174.580,-3.624,-0.356,19.875,0.0967,0.0317,0.9917,
40.371,ENC,29.0127,90.0157,59.5142,0.8522,4.0054,174.761,-3.624,-0.356,19.875,0.0967,0.0317,0.9917,
40.388,IMU,29.0127,90.0157,59.5142,0.8522,4.0054,174.761,-3.703,-0.296,20.053,0.0601,-0.0107,0.9907,
40.390,ENC,29.0348,90.0992,59.5670,1.1079,4.1758,174.937,-3.703,-0.296,20.053,0.0601,-0.0107,0.9907,
40.404,IMU,29.0348,90.0992,59.5670,1.1079,4.1758,174.937,-3.815,-0.217,20.158,0.0947,0.0503,1.0488,
40.409,ENC,29.0638,90.1844,59.6241,1.4488,4.2611,175.098,-3.815,-0.217,20.158,0.0947,0.0503,1.0488,
40.424,IMU,29.0638,90.1844,59.6241,1.4488,4.2611,175.098,-3.751,-0.224,20.194,0.0371,-0.0254,1.0073,
40.430,ENC,29.0826,90.2662,59.6744,0.9374,4.0906,175.278,-3.751,-0.224,20.194,0.0371,-0.0254,1.0073,
40.445,IMU,29.0826,90.2662,59.6744,0.9374,4.0906,175.278,-3.781,-0.157,20.279,0.0508,-0.0015,1.0454,
40.449,ENC,29.1115,90.3344,59.7230,1.4488,3.4088,175.391,-3.781,-0.157,20.279,0.0508,-0.0015,1.0454,
40.464,IMU,29.1115,90.3344,59.7230,1.4488,3.4088,175.391,-3.801,-0.167,20.328,0.0645,-0.0249,0.9619,
40.469,ENC,29.1303,90.4145,59.7724,0.9374,4.0054,175.566,-3.801,-0.167,20.328,0.0645,-0.0249,0.9619,
40.484,IMU,29.1303,90.4145,59.7724,0.9374,4.0054,175.566,-3.788,-0.151,20.403,0.0317,0.0078,1.0317,
40.490,ENC,29.1576,90.4980,59.8278,1.3635,4.1758,175.728,-3.788,-0.151,20.403,0.0317,0.0078,1.0317,
40.504,IMU,29.1576,90.4980,59.8278,1.3635,4.1758,175.728,-3.801,-0.148,20.480,0.0576,-0.0127,0.9985,
40.509,ENC,29.1695,90.5816,59.8755,0.5965,4.1758,175.933,-3.801,-0.148,20.480,0.0576,-0.0127,0.9985,
40.524,IMU,29.1695,90.5816,59.8755,0.5965,4.1758,175.933,-3.759,-0.121,20.566,0.0439,-0.0015,0.9639,
40.530,ENC,29.1968,90.6685,59.9326,1.3635,4.3463,176.104,-3.759,-0.121,20.566,0.0439,-0.0015,0.9639,
40.544,IMU,29.1968,90.6685,59.9326,1.3635,4.3463,176.104,-3.744,-0.110,20.632,0.0303,0.0034,0.9980,
40.549,ENC,29.2121,90.7520,59.9821,0.7670,4.1758,176.299,-3.744,-0.110,20.632,0.0303,0.0034,0.9980,
40.575,ENC,29.2343,90.8423,60.0383,1.1079,4.5167,176.494,-3.744,-0.110,20.632,0.0303,0.0034,0.9980,
40.579,IMU,29.2343,90.8423,60.0383,1.1079,4.5167,176.494,-3.753,-0.145,20.777,0.0625,-0.0312,0.9658,
40.583,IMU,29.2343,90.8423,60.0383,1.1079,4.5167,176.494,-3.766,-0.204,20.848,0.0786,-0.0391,1.0005,
40.589,ENC,29.2547,90.9225,60.0886,1.0227,4.0054,176.665,-3.766,-0.204,20.848,0.0786,-0.0391,1.0005,
40.604,IMU,29.2547,90.9225,60.0886,1.0227,4.0054,176.665,-3.735,-0.230,20.873,0.0386,-0.0366,0.9844,
40.626,IMU,29.2547,90.9225,60.0886,1.0227,4.0054,176.665,-3.692,-0.229,20.946,0.0601,-0.0342,0.9849,
40.629,ENC,29.2939,91.0912,60.1926,0.9800,4.2184,177.036,-3.692,-0.229,20.946,0.0601,-0.0342,0.9849,
40.644,IMU,29.2939,91.0912,60.1926,0.9800,4.2184,177.036,-3.615,-0.251,20.989,-0.0239,0.0210,1.0283,
40.650,ENC,29.3076,91.1747,60.2411,0.6818,4.1758,177.236,-3.615,-0.251,20.989,-0.0239,0.0210,1.0283,
40.665,IMU,29.3076,91.1747,60.2411,0.6818,4.1758,177.236,-3.620,-0.259,21.085,0.1035,-0.0356,0.9614,
40.669,ENC,29.3314,91.2531,60.2923,1.1931,3.9202,177.393,-3.620,-0.259,21.085,0.1035,-0.0356,0.9614,
40.684,IMU,29.3314,91.2531,60.2923,1.1931,3.9202,177.393,-3.639,-0.257,21.174,0.0586,0.0015,1.0171,
40.692,ENC,29.3536,91.3298,60.3417,1.1079,3.8350,177.549,-3.639,-0.257,21.174,0.0586,0.0015,1.0171,
40.704,IMU,29.3536,91.3298,60.3417,1.1079,3.8350,177.549,-3.634,-0.269,21.273,0.0776,-0.0151,0.9224,
40.710,ENC,29.3672,91.4167,60.3920,0.6818,4.3463,177.759,-3.634,-0.269,21.273,0.0776,-0.0151,0.9224,
40.724,IMU,29.3672,91.4167,60.3920,0.6818,4.3463,177.759,-3.696,-0.254,21.339,0.0903,-0.0371,1.0732,
40.730,ENC,29.3945,91.5054,60.4499,1.3635,4.4315,177.935,-3.696,-0.254,21.339,0.0903,-0.0371,1.0732,
40.744,IMU,29.3945,91.5054,60.4499,1.3635,4.4315,177.935,-3.690,-0.196,21.416,0.0464,0.0142,1.0098,
40.750,ENC,29.4098,91.5906,60.5002,0.7670,4.2611,178.135,-3.690,-0.196,21.416,0.0464,0.0142,1.0098,
40.767,IMU,29.4098,91.5906,60.5002,0.7670,4.2611,178.135,-3.684,-0.202,21.556,0.0820,-0.0015,1.0156,
40.770,ENC,29.4388,91.6741,60.5564,1.4488,4.1758,178.291,-3.684,-0.202,21.556,0.0820,-0.0015,1.0156,
40.784,IMU,29.4388,91.6741,60.5564,1.4488,4.1758,178.291,-3.703,-0.148,21.656,0.1064,0.0278,0.9570,
40.804,IMU,29.4388,91.6741,60.5564,1.4488,4.1758,178.291,-3.783,-0.184,21.695,0.0977,0.0034,0.9966,
40.810,ENC,29.4780,91.8428,60.6604,0.9800,4.2184,178.662,-3.783,-0.184,21.695,0.0977,0.0034,0.9966,
40.824,IMU,29.4780,91.8428,60.6604,0.9800,4.2184,178.662,-3.775,-0.183,21.735,0.0498,0.0044,1.0146,
40.830,ENC,29.5002,91.9178,60.7090,1.1079,3.7497,178.813,-3.775,-0.183,21.735,0.0498,0.0044,1.0146,
40.845,IMU,29.5002,91.9178,60.7090,1.1079,3.7497,178.813,-3.759,-0.135,21.859,0.0576,0.0127,0.9424,
40.850,ENC,29.5240,92.0031,60.7635,1.1931,4.2611,178.989,-3.759,-0.135,21.859,0.0576,0.0127,0.9424,
40.864,IMU,29.5240,92.0031,60.7635,1.1931,4.2611,178.989,-3.742,-0.123,21.914,0.0635,-0.0117,1.0088,
40.869,ENC,29.5462,92.0780,60.8121,1.1079,3.7497,179.141,-3.742,-0.123,21.914,0.0635,-0.0117,1.0088,
40.885,IMU,29.5462,92.0780,60.8121,1.1079,3.7497,179.141,-3.723,-0.082,22.039,0.0469,0.0317,0.9438,
40.889,ENC,29.5649,92.1633,60.8641,0.9374,4.2611,179.331,-3.723,-0.082,22.039,0.0469,0.0317,0.9438,
40.906,IMU,29.5649,92.1633,60.8641,0.9374,4.2611,179.331,-3.706,-0.101,22.142,0.0615,-0.0049,1.0122,
40.909,ENC,29.5905,92.2349,60.9127,1.2783,3.5793,179.463,-3.706,-0.101,22.142,0.0615,-0.0049,1.0122,
40.924,IMU,29.5905,92.2349,60.9127,1.2783,3.5793,179.463,-3.710,-0.158,22.255,0.0576,-0.0698,0.9902,
40.930,ENC,29.6092,92.3150,60.9621,0.9374,4.0054,179.639,-3.710,-0.158,22.255,0.0576,-0.0698,0.9902,
40.944,IMU,29.6092,92.3150,60.9621,0.9374,4.0054,179.639,-3.731,-0.150,22.272,0.0908,-0.0181,1.0605,
40.950,ENC,29.6365,92.4002,61.0183,1.3635,4.2611,179.805,-3.731,-0.150,22.272,0.0908,-0.0181,1.0605,
40.964,IMU,29.6365,92.4002,61.0183,1.3635,4.2611,179.805,-3.612,-0.147,22.357,0.0020,0.0088,0.9795,
40.985,IMU,29.6365,92.4002,61.0183,1.3635,4.2611,179.805,-3.644,-0.120,22.468,0.0859,0.0283,0.9995,
40.989,ENC,29.6774,92.5655,61.1215,1.0227,4.1332,180.161,-3.644,-0.120,22.468,0.0859,0.0283,0.9995,
41.005,IMU,29.6774,92.5655,61.1215,1.0227,4.1332,180.161,-3.632,-0.100,22.565,0.0503,0.0171,1.0171,
41.010,ENC,29.6928,92.6524,61.1726,0.7670,4.3463,180.366,-3.632,-0.100,22.565,0.0503,0.0171,1.0171,
41.024,IMU,29.6928,92.6524,61.1726,0.7670,4.3463,180.366,-3.654,-0.081,22.672,0.0713,-0.0024,0.9585,
41.030,ENC,29.7098,92.7411,61.2254,0.8522,4.4315,180.571,-3.654,-0.081,22.672,0.0713,-0.0024,0.9585,
41.050,ENC,29.7303,92.8229,61.2766,1.0227,4.0906,180.747,-3.654,-0.081,22.672,0.0713,-0.0024,0.9585,
41.057,IMU,29.7303,92.8229,61.2766,1.0227,4.0906,180.747,-3.700,-0.056,22.763,0.0820,0.0259,0.9980,
41.064,IMU,29.7303,92.8229,61.2766,1.0227,4.0906,180.747,-3.665,-0.066,22.873,0.0459,-0.0356,1.0093,
41.070,ENC,29.7388,92.9098,61.3243,0.4261,4.3463,180.972,-3.665,-0.066,22.873,0.0459,-0.0356,1.0093,
41.084,IMU,29.7388,92.9098,61.3243,0.4261,4.3463,180.972,-3.711,-0.013,22.956,0.0991,0.0356,0.9697,
41.090,ENC,29.7626,92.9950,61.3788,1.1931,4.2611,181.147,-3.711,-0.013,22.956,0.0991,0.0356,0.9697,
41.105,IMU,29.7626,92.9950,61.3788,1.1931,4.2611,181.147,-3.710,-0.067,23.008,0.0640,-0.0356,0.9800,
41.109,ENC,29.7831,93.0820,61.4325,1.0227,4.3463,181.338,-3.710,-0.067,23.008,0.0640,-0.0356,0.9800,
41.124,IMU,29.7831,93.0820,61.4325,1.0227,4.3463,181.338,-3.669,-0.055,23.129,0.0225,0.0049,0.9526,
41.131,ENC,29.7984,93.1638,61.4811,0.7670,4.0906,181.528,-3.669,-0.055,23.129,0.0225,0.0049,0.9526,
41.148,IMU,29.7984,93.1638,61.4811,0.7670,4.0906,181.528,-3.680,-0.066,23.210,0.0718,0.0049,0.9819,
41.170,ENC,29.8325,93.3359,61.5842,0.8522,4.3037,181.924,-3.680,-0.066,23.210,0.0718,0.0049,0.9819,
41.184,IMU,29.8325,93.3359,61.5842,0.8522,4.3037,181.924,-3.793,-0.136,23.462,0.1152,-0.0068,0.9624,
41.189,ENC,29.8547,93.4194,61.6371,1.1079,4.1758,182.100,-3.793,-0.136,23.462,0.1152,-0.0068,0.9624,
41.207,IMU,29.8547,93.4194,61.6371,1.1079,4.1758,182.100,-3.794,-0.172,23.535,0.0742,-0.0225,0.9814,
41.209,ENC,29.8734,93.4978,61.6856,0.9374,3.9202,182.271,-3.794,-0.172,23.535,0.0742,-0.0225,0.9814,
41.224,IMU,29.8734,93.4978,61.6856,0.9374,3.9202,182.271,-3.743,-0.131,23.608,0.0552,-0.0039,0.9858,
41.230,ENC,29.8922,93.5762,61.7342,0.9374,3.9202,182.441,-3.743,-0.131,23.608,0.0552,-0.0039,0.9858,
41.244,IMU,29.8922,93.5762,61.7342,0.9374,3.9202,182.441,-3.750,-0.129,23.665,0.0776,0.0127,1.0103,
41.266,IMU,29.8922,93.5762,61.7342,0.9374,3.9202,182.441,-3.715,-0.150,23.740,0.0610,-0.0557,0.9917,
41.269,ENC,29.9194,93.6563,61.7879,1.3635,4.0054,182.593,-3.715,-0.150,23.740,0.0610,-0.0557,0.9917,
41.272,ENC,29.9382,93.7347,61.8365,0.9374,3.9202,182.764,-3.715,-0.150,23.740,0.0610,-0.0557,0.9917,
41.284,IMU,29.9382,93.7347,61.8365,0.9374,3.9202,182.764,-3.690,-0.157,23.811,0.0894,-0.0034,1.0464,
41.291,ENC,29.9672,93.8200,61.8936,1.4488,4.2611,182.925,-3.690,-0.157,23.811,0.0894,-0.0034,1.0464,
41.309,IMU,29.9672,93.8200,61.8936,1.4488,4.2611,182.925,-3.619,-0.122,23.902,-0.0176,0.0444,0.9692,
41.311,ENC,29.9842,93.9035,61.9438,0.8522,4.1758,183.115,-3.619,-0.122,23.902,-0.0176,0.0444,0.9692,
41.324,IMU,29.9842,93.9035,61.9438,0.8522,4.1758,183.115,-3.619,-0.127,23.996,0.0728,0.0234,1.0283,
41.331,ENC,30.0132,93.9955,62.0044,1.4488,4.6019,183.296,-3.619,-0.127,23.996,0.0728,0.0234,1.0283,
41.364,IMU,30.0132,93.9955,62.0044,1.4488,4.6019,183.296,-3.587,-0.085,24.111,0.0542,-0.0049,0.9912,
41.367,IMU,30.0132,93.9955,62.0044,1.4488,4.6019,183.296,-3.635,-0.084,24.263,0.0840,0.0410,0.9775,
41.370,ENC,30.0302,94.0825,62.0563,0.8522,4.3463,183.496,-3.635,-0.084,24.263,0.0840,0.0410,0.9775,
41.372,ENC,30.0558,94.1660,62.1109,1.2783,4.1758,183.662,-3.635,-0.084,24.263,0.0840,0.0410,0.9775,
41.404,IMU,30.0558,94.1660,62.1109,1.2783,4.1758,183.662,-3.680,-0.077,24.348,0.0864,-0.0288,0.9863,
41.410,ENC,30.0780,94.2546,62.1663,1.1079,4.4315,183.853,-3.680,-0.077,24.348,0.0864,-0.0288,0.9863,
41.413,ENC,30.1035,94.3398,62.2217,1.2783,4.2611,184.023,-3.680,-0.077,24.348,0.0864,-0.0288,0.9863,
41.426,IMU,30.1035,94.3398,62.2217,1.2783,4.2611,184.023,-3.719,-0.005,24.483,0.0747,0.0503,0.9771,
41.430,ENC,30.1223,94.4182,62.2702,0.9374,3.9202,184.194,-3.719,-0.005,24.483,0.0747,0.0503,0.9771,
41.446,IMU,30.1223,94.4182,62.2702,0.9374,3.9202,184.194,-3.747,-0.023,24.587,0.0757,-0.0103,0.9312,
41.468,IMU,30.1223,94.4182,62.2702,0.9374,3.9202,184.194,-3.744,-0.057,24.616,0.0474,-0.0117,1.0161,
41.470,ENC,30.1444,94.5017,62.3231,1.1079,4.1758,184.370,-3.744,-0.057,24.616,0.0474,-0.0117,1.0161,
41.472,ENC,30.1649,94.5784,62.3717,1.0227,3.8350,184.531,-3.744,-0.057,24.616,0.0474,-0.0117,1.0161,
41.484,IMU,30.1649,94.5784,62.3717,1.0227,3.8350,184.531,-3.772,-0.123,24.659,0.0806,-0.0332,0.9531,
41.514,IMU,30.1649,94.5784,62.3717,1.0227,3.8350,184.531,-3.838,-0.192,24.723,0.0854,-0.0688,1.0259,
41.524,IMU,30.1649,94.5784,62.3717,1.0227,3.8350,184.531,-3.843,-0.119,24.848,0.0640,0.0347,0.9121,
41.532,ENC,30.2177,94.7284,62.4731,1.3209,3.7497,184.810,-3.843,-0.119,24.848,0.0640,0.0347,0.9121,
41.535,ENC,30.2433,94.8085,62.5259,1.2783,4.0054,184.966,-3.843,-0.119,24.848,0.0640,0.0347,0.9121,
41.545,IMU,30.2433,94.8085,62.5259,1.2783,4.0054,184.966,-3.828,-0.158,24.891,0.0498,-0.0376,1.0127,
41.550,ENC,30.2740,94.8801,62.5770,1.5340,3.5793,185.083,-3.828,-0.158,24.891,0.0498,-0.0376,1.0127,
41.567,IMU,30.2740,94.8801,62.5770,1.5340,3.5793,185.083,-3.806,-0.152,24.946,0.0693,-0.0356,0.9482,
41.569,ENC,30.3012,94.9585,62.6299,1.3635,3.9202,185.229,-3.806,-0.152,24.946,0.0693,-0.0356,0.9482,
41.584,IMU,30.3012,94.9585,62.6299,1.3635,3.9202,185.229,-3.810,-0.179,24.973,0.0732,-0.0234,1.0396,
41.592,ENC,30.3251,95.0369,62.6810,1.1931,3.9202,185.386,-3.810,-0.179,24.973,0.0732,-0.0234,1.0396,
41.604,IMU,30.3251,95.0369,62.6810,1.1931,3.9202,185.386,-3.826,-0.208,25.048,0.1045,-0.0449,0.9844,
41.622,ENC,30.3524,95.1068,62.7296,1.3635,3.4941,185.508,-3.826,-0.208,25.048,0.1045,-0.0449,0.9844,
41.630,ENC,30.3762,95.1818,62.7790,1.1931,3.7497,185.654,-3.826,-0.208,25.048,0.1045,-0.0449,0.9844,
41.650,IMU,30.3762,95.1818,62.7790,1.1931,3.7497,185.654,-3.778,-0.221,25.052,0.0601,0.0054,1.0239,
41.653,IMU,30.3762,95.1818,62.7790,1.1931,3.7497,185.654,-3.738,-0.273,25.129,0.0684,-0.0312,0.9707,
41.655,ENC,30.4018,95.2619,62.8319,1.2783,4.0054,185.811,-3.738,-0.273,25.129,0.0684,-0.0312,0.9707,
41.666,IMU,30.4018,95.2619,62.8319,1.2783,4.0054,185.811,-3.757,-0.271,25.213,0.0669,0.0239,1.0220,
41.670,ENC,30.4222,95.3403,62.8813,1.0227,3.9202,185.977,-3.757,-0.271,25.213,0.0669,0.0239,1.0220,
41.684,IMU,30.4222,95.3403,62.8813,1.0227,3.9202,185.977,-3.745,-0.271,25.263,0.0322,-0.0103,0.9595,
41.691,ENC,30.4410,95.4204,62.9307,0.9374,4.0054,186.152,-3.745,-0.271,25.263,0.0322,-0.0103,0.9595,
41.705,IMU,30.4410,95.4204,62.9307,0.9374,4.0054,186.152,-3.734,-0.225,25.354,0.0708,0.0054,1.0146,
41.709,ENC,30.4632,95.5022,62.9827,1.1079,4.0906,186.323,-3.734,-0.225,25.354,0.0708,0.0054,1.0146,
41.724,IMU,30.4632,95.5022,62.9827,1.1079,4.0906,186.323,-3.782,-0.150,25.446,0.0713,0.0762,0.9663,
41.753,IMU,30.4632,95.5022,62.9827,1.1079,4.0906,186.323,-3.778,-0.173,25.560,0.0771,0.0010,1.0127,
41.762,ENC,30.4768,95.5840,63.0304,0.6818,4.0906,186.519,-3.778,-0.173,25.560,0.0771,0.0010,1.0127,
41.765,ENC,30.5024,95.6590,63.0807,1.2783,3.7497,186.660,-3.778,-0.173,25.560,0.0771,0.0010,1.0127,
41.768,IMU,30.5024,95.6590,63.0807,1.2783,3.7497,186.660,-3.738,-0.198,25.662,0.0161,-0.0215,1.0405,
41.771,ENC,30.5160,95.7409,63.1284,0.6818,4.0906,186.855,-3.738,-0.198,25.662,0.0161,-0.0215,1.0405,
41.785,IMU,30.5160,95.7409,63.1284,0.6818,4.0906,186.855,-3.731,-0.170,25.788,0.0615,0.0024,0.9434,
41.797,ENC,30.5399,95.8261,63.1830,1.1931,4.2611,187.031,-3.731,-0.170,25.788,0.0615,0.0024,0.9434,
41.803,IMU,30.5399,95.8261,63.1830,1.1931,4.2611,187.031,-3.691,-0.157,25.864,0.0303,0.0010,0.9839,
41.809,ENC,30.5586,95.9062,63.2324,0.9374,4.0054,187.207,-3.691,-0.157,25.864,0.0303,0.0010,0.9839,
41.825,IMU,30.5586,95.9062,63.2324,0.9374,4.0054,187.207,-3.660,-0.084,25.989,0.0054,0.0317,0.9224,
41.829,ENC,30.5671,95.9948,63.2810,0.4261,4.4315,187.437,-3.660,-0.084,25.989,0.0054,0.0317,0.9224,
41.876,IMU,30.5671,95.9948,63.2810,0.4261,4.4315,187.437,-3.639,-0.079,26.119,0.0801,-0.0186,1.0044,
41.880,IMU,30.5671,95.9948,63.2810,0.4261,4.4315,187.437,-3.605,-0.036,26.213,0.0352,0.0088,0.9585,
41.882,ENC,30.6063,96.1550,63.3807,0.9800,4.0054,187.783,-3.605,-0.036,26.213,0.0352,0.0088,0.9585,
41.886,IMU,30.6063,96.1550,63.3807,0.9800,4.0054,187.783,-3.522,-0.120,26.290,0.0151,-0.0220,0.9717,
41.890,ENC,30.6131,96.2368,63.4250,0.3409,4.0906,187.998,-3.522,-0.120,26.290,0.0151,-0.0220,0.9717,
41.910,IMU,30.6131,96.2368,63.4250,0.3409,4.0906,187.998,-3.581,-0.141,26.383,0.0977,0.0020,0.9692,
41.911,ENC,30.6404,96.3118,63.4761,1.3635,3.7497,188.135,-3.581,-0.141,26.383,0.0977,0.0020,0.9692,
41.923,IMU,30.6404,96.3118,63.4761,1.3635,3.7497,188.135,-3.592,-0.148,26.441,0.0762,-0.0298,1.0093,
41.928,ENC,30.6609,96.3902,63.5256,1.0227,3.9202,188.301,-3.592,-0.148,26.441,0.0762,-0.0298,1.0093,
41.944,IMU,30.6609,96.3902,63.5256,1.0227,3.9202,188.301,-3.540,-0.149,26.510,0.0723,0.0215,0.9141,
41.952,ENC,30.6847,96.4772,63.5809,1.1931,4.3463,188.481,-3.540,-0.149,26.510,0.0723,0.0215,0.9141,
41.965,IMU,30.6847,96.4772,63.5809,1.1931,4.3463,188.481,-3.699,-0.152,26.610,0.1802,-0.0259,1.0288,
41.969,ENC,30.7069,96.5522,63.6295,1.1079,3.7497,188.633,-3.699,-0.152,26.610,0.1802,-0.0259,1.0288,
41.984,IMU,30.7069,96.5522,63.6295,1.1079,3.7497,188.633,-3.665,-0.173,26.710,0.0532,0.0039,0.9883,
41.990,ENC,30.7256,96.6289,63.6772,0.9374,3.8350,188.799,-3.665,-0.173,26.710,0.0532,0.0039,0.9883,
42.004,IMU,30.7256,96.6289,63.6772,0.9374,3.8350,188.799,-3.698,-0.262,26.732,0.0928,-0.0273,0.9941,
42.012,ENC,30.7512,96.7294,63.7403,1.2783,5.0280,189.014,-3.698,-0.262,26.732,0.0928,-0.0273,0.9941,
42.024,IMU,30.7512,96.7294,63.7403,1.2783,5.0280,189.014,-3.646,-0.246,26.815,0.0239,-0.0483,1.0317,
42.060,IMU,30.7512,96.7294,63.7403,1.2783,5.0280,189.014,-3.663,-0.262,26.968,0.0591,-0.0176,1.0166,
42.064,IMU,30.7512,96.7294,63.7403,1.2783,5.0280,189.014,-3.681,-0.207,27.068,0.0884,0.0088,1.0034,
42.066,ENC,30.7648,96.8129,63.7889,0.6818,4.1758,189.214,-3.681,-0.207,27.068,0.0884,0.0088,1.0034,
42.068,ENC,30.7904,96.8965,63.8434,1.2783,4.1758,189.380,-3.681,-0.207,27.068,0.0884,0.0088,1.0034,
42.070,ENC,30.8126,96.9714,63.8920,1.1079,3.7497,189.531,-3.681,-0.207,27.068,0.0884,0.0088,1.0034,
42.083,IMU,30.8126,96.9714,63.8920,1.1079,3.7497,189.531,-3.687,-0.205,27.155,0.0596,-0.0474,0.9585,
42.088,ENC,30.8330,97.0550,63.9440,1.0227,4.1758,189.712,-3.687,-0.205,27.155,0.0596,-0.0474,0.9585,
42.103,IMU,30.8330,97.0550,63.9440,1.0227,4.1758,189.712,-3.663,-0.246,27.222,0.0737,-0.0146,1.0205,
42.110,ENC,30.8620,97.1368,63.9994,1.4488,4.0906,189.863,-3.663,-0.246,27.222,0.0737,-0.0146,1.0205,
42.127,IMU,30.8620,97.1368,63.9994,1.4488,4.0906,189.863,-3.645,-0.301,27.280,0.0356,-0.0347,0.9829,
42.160,IMU,30.8620,97.1368,63.9994,1.4488,4.0906,189.863,-3.730,-0.375,27.354,0.1108,-0.0361,0.9849,
42.162,ENC,30.9063,97.3072,64.1068,1.1079,4.2611,190.225,-3.730,-0.375,27.354,0.1108,-0.0361,0.9849,
42.166,IMU,30.9063,97.3072,64.1068,1.1079,4.2611,190.225,-3.743,-0.364,27.424,0.0771,0.0181,0.9956,
42.169,ENC,30.9182,97.4010,64.1596,0.5965,4.6872,190.459,-3.743,-0.364,27.424,0.0771,0.0181,0.9956,
42.184,IMU,30.9182,97.4010,64.1596,0.5965,4.6872,190.459,-3.711,-0.296,27.462,0.0400,0.0190,0.9556,
42.189,ENC,30.9438,97.4947,64.2193,1.2783,4.6872,190.654,-3.711,-0.296,27.462,0.0400,0.0190,0.9556,
42.204,IMU,30.9438,97.4947,64.2193,1.2783,4.6872,190.654,-3.699,-0.314,27.570,0.0591,-0.0215,1.0391,
42.209,ENC,30.9643,97.5782,64.2712,1.0227,4.1758,190.835,-3.699,-0.314,27.570,0.0591,-0.0215,1.0391,
42.246,IMU,30.9643,97.5782,64.2712,1.0227,4.1758,190.835,-3.684,-0.265,27.676,0.0474,0.0317,0.9863,
42.285,IMU,30.9643,97.5782,64.2712,1.0227,4.1758,190.835,-3.696,-0.317,27.945,0.0825,-0.0312,1.0146,
42.288,IMU,30.9643,97.5782,64.2712,1.0227,4.1758,190.835,-3.657,-0.350,28.031,0.0254,-0.0420,0.9351,
42.290,ENC,31.0222,97.8424,64.4323,0.9658,4.4031,191.426,-3.657,-0.350,28.031,0.0254,-0.0420,0.9351,
42.292,ENC,31.0427,97.9276,64.4851,1.0227,4.2611,191.611,-3.657,-0.350,28.031,0.0254,-0.0420,0.9351,
42.304,IMU,31.0427,97.9276,64.4851,1.0227,4.2611,191.611,-3.707,-0.298,28.087,0.1118,0.0386,0.9741,
42.309,ENC,31.0631,98.0146,64.5388,1.0227,4.3463,191.802,-3.707,-0.298,28.087,0.1118,0.0386,0.9741,
42.324,IMU,31.0631,98.0146,64.5388,1.0227,4.3463,191.802,-3.743,-0.295,28.198,0.0688,0.0020,1.0342,
42.329,ENC,31.0767,98.0998,64.5883,0.6818,4.2611,192.007,-3.743,-0.295,28.198,0.0688,0.0020,1.0342,
42.345,IMU,31.0767,98.0998,64.5883,0.6818,4.2611,192.007,-3.752,-0.351,28.251,0.0879,-0.0156,0.9644,
42.349,ENC,31.1057,98.1782,64.6420,1.4488,3.9202,192.148,-3.752,-0.351,28.251,0.0879,-0.0156,0.9644,
42.364,IMU,31.1057,98.1782,64.6420,1.4488,3.9202,192.148,-3.720,-0.391,28.322,0.0264,-0.0474,1.0635,
42.385,IMU,31.1057,98.1782,64.6420,1.4488,3.9202,192.148,-3.706,-0.389,28.431,0.0503,-0.0122,0.9897,
42.390,ENC,31.1483,98.3503,64.7493,1.0653,4.3037,192.520,-3.706,-0.389,28.431,0.0503,-0.0122,0.9897,
42.404,IMU,31.1483,98.3503,64.7493,1.0653,4.3037,192.520,-3.766,-0.364,28.508,0.0894,0.0288,0.9502,
42.409,ENC,31.1739,98.4355,64.8047,1.2783,4.2611,192.690,-3.766,-0.364,28.508,0.0894,0.0288,0.9502,
42.423,IMU,31.1739,98.4355,64.8047,1.2783,4.2611,192.690,-3.728,-0.302,28.619,0.0405,0.0186,0.9868,
42.449,IMU,31.1739,98.4355,64.8047,1.2783,4.2611,192.690,-3.733,-0.297,28.691,0.0664,-0.0029,1.0151,
42.464,IMU,31.1739,98.4355,64.8047,1.2783,4.2611,192.690,-3.741,-0.275,28.748,0.0225,0.0103,0.9824,
42.530,IMU,31.1739,98.4355,64.8047,1.2783,4.2611,192.690,-3.821,-0.391,28.831,0.1099,-0.0376,1.0620,
42.533,IMU,31.1739,98.4355,64.8047,1.2783,4.2611,192.690,-3.800,-0.423,28.955,0.0693,-0.0039,1.0020,
42.540,ENC,31.2745,98.8634,65.0689,1.0056,4.2781,193.628,-3.800,-0.423,28.955,0.0693,-0.0039,1.0020,
42.542,ENC,31.2864,98.9418,65.1141,0.5965,3.9202,193.818,-3.800,-0.423,28.955,0.0693,-0.0039,1.0020,
42.548,ENC,31.3137,99.0202,65.1669,1.3635,3.9202,193.965,-3.800,-0.423,28.955,0.0693,-0.0039,1.0020,
42.570,ENC,31.3307,99.1020,65.2163,0.8522,4.0906,194.150,-3.800,-0.423,28.955,0.0693,-0.0039,1.0020,
42.589,IMU,31.3307,99.1020,65.2163,0.8522,4.0906,194.150,-3.782,-0.480,29.122,0.0693,-0.0317,0.9839,
42.593,IMU,31.3307,99.1020,65.2163,0.8522,4.0906,194.150,-3.784,-0.410,29.256,0.0352,0.0566,0.9790,
42.594,ENC,31.3443,99.1787,65.2615,0.6818,3.8350,194.331,-3.784,-0.410,29.256,0.0352,0.0566,0.9790,
42.609,ENC,31.3665,99.2571,65.3118,1.1079,3.9202,194.492,-3.784,-0.410,29.256,0.0352,0.0566,0.9790,
42.617,IMU,31.3665,99.2571,65.3118,1.1079,3.9202,194.492,-3.881,-0.458,29.324,0.0972,-0.0474,1.0430,
42.623,IMU,31.3665,99.2571,65.3118,1.1079,3.9202,194.492,-3.804,-0.390,29.385,-0.0273,-0.0112,0.9941,
42.629,ENC,31.3801,99.3389,65.3595,0.6818,4.0906,194.688,-3.804,-0.390,29.385,-0.0273,-0.0112,0.9941,
42.645,IMU,31.3801,99.3389,65.3595,0.6818,4.0906,194.688,-3.778,-0.324,29.454,0.0371,0.0181,0.9697,
42.649,ENC,31.3938,99.4224,65.4081,0.6818,4.1758,194.888,-3.778,-0.324,29.454,0.0371,0.0181,0.9697,
42.689,IMU,31.3938,99.4224,65.4081,0.6818,4.1758,194.888,-3.811,-0.337,29.600,0.0786,-0.0337,1.0054,
42.692,IMU,31.3938,99.4224,65.4081,0.6818,4.1758,194.888,-3.760,-0.351,29.689,0.0151,0.0005,1.0190,
42.694,ENC,31.4176,99.5042,65.4609,1.1931,4.0906,195.054,-3.760,-0.351,29.689,0.0151,0.0005,1.0190,
42.696,ENC,31.4279,99.5860,65.5069,0.5113,4.0906,195.259,-3.760,-0.351,29.689,0.0151,0.0005,1.0190,
42.704,IMU,31.4279,99.5860,65.5069,0.5113,4.0906,195.259,-3.753,-0.414,29.793,0.0596,-0.0283,1.0044,
42.710,ENC,31.4262,99.6832,65.5547,-0.0852,4.8576,195.542,-3.753,-0.414,29.793,0.0596,-0.0283,1.0044,
42.724,IMU,31.4262,99.6832,65.5547,-0.0852,4.8576,195.542,-3.775,-0.365,29.925,0.0815,0.0249,0.9990,
42.729,ENC,31.4279,99.7837,65.6058,0.0852,5.0280,195.825,-3.775,-0.365,29.925,0.0815,0.0249,0.9990,
42.745,IMU,31.4279,99.7837,65.6058,0.0852,5.0280,195.825,-3.746,-0.343,30.056,0.0342,0.0132,0.9834,
42.752,ENC,31.4262,99.8792,65.6527,-0.0852,4.7724,196.104,-3.746,-0.343,30.056,0.0342,0.0132,0.9834,
42.765,IMU,31.4262,99.8792,65.6527,-0.0852,4.7724,196.104,-3.703,-0.289,30.229,0.0337,-0.0029,1.0020,
42.769,ENC,31.4262,99.9883,65.7072,0.0000,5.4542,196.416,-3.703,-0.289,30.229,0.0337,-0.0029,1.0020,
42.784,IMU,31.4262,99.9883,65.7072,0.0000,5.4542,196.416,-3.699,-0.311,30.372,0.0508,-0.0278,1.0298,
42.789,ENC,31.4262,100.0922,65.7592,0.0000,5.1985,196.714,-3.699,-0.311,30.372,0.0508,-0.0278,1.0298,
42.805,IMU,31.4262,100.0922,65.7592,0.0000,5.1985,196.714,-3.686,-0.304,30.547,0.0244,0.0073,1.0107,
42.810,ENC,31.4279,100.1945,65.8112,0.0852,5.1133,197.002,-3.686,-0.304,30.547,0.0244,0.0073,1.0107,
42.859,IMU,31.4279,100.1945,65.8112,0.0852,5.1133,197.002,-3.537,-0.246,30.815,0.0532,0.0317,0.9888,
42.861,ENC,31.4279,100.3019,65.8649,0.0000,5.3689,197.310,-3.537,-0.246,30.815,0.0532,0.0317,0.9888,
42.863,ENC,31.4262,100.3905,65.9083,-0.0852,4.4315,197.568,-3.537,-0.246,30.815,0.0532,0.0317,0.9888,
42.866,IMU,31.4262,100.3905,65.9083,-0.0852,4.4315,197.568,-3.566,-0.218,30.938,0.0757,0.0312,0.9775,
42.869,ENC,31.4279,100.4945,65.9612,0.0852,5.1985,197.861,-3.566,-0.218,30.938,0.0757,0.0312,0.9775,
42.904,IMU,31.4279,100.4945,65.9612,0.0852,5.1985,197.861,-3.591,-0.113,31.178,0.0693,0.0073,1.0156,
42.906,ENC,31.4279,100.5985,66.0132,0.0000,5.1985,198.159,-3.591,-0.113,31.178,0.0693,0.0073,1.0156,
42.909,ENC,31.4262,100.7092,66.0677,-0.0852,5.5394,198.481,-3.591,-0.113,31.178,0.0693,0.0073,1.0156,
42.930,ENC,31.4279,100.8013,66.1146,0.0852,4.6019,198.740,-3.591,-0.113,31.178,0.0693,0.0073,1.0156,
42.949,IMU,31.4279,100.8013,66.1146,0.0852,4.6019,198.740,-3.651,-0.146,31.418,0.0376,0.0186,0.9873,
42.984,IMU,31.4279,100.8013,66.1146,0.0852,4.6019,198.740,-3.578,-0.108,31.545,0.0137,0.0356,0.9697,
42.986,ENC,31.4279,100.9138,66.1708,0.0000,5.6246,199.063,-3.578,-0.108,31.545,0.0137,0.0356,0.9697,
42.988,ENC,31.4279,101.0263,66.2271,0.0000,5.6246,199.385,-3.578,-0.108,31.545,0.0137,0.0356,0.9697,
42.990,ENC,31.4279,101.1302,66.2790,0.0000,5.1985,199.683,-3.578,-0.108,31.545,0.0137,0.0356,0.9697,
43.005,IMU,31.4279,101.1302,66.2790,0.0000,5.1985,199.683,-3.600,-0.010,31.876,-0.0142,0.0176,0.9595,
43.009,ENC,31.4279,101.2427,66.3353,0.0000,5.6246,200.005,-3.600,-0.010,31.876,-0.0142,0.0176,0.9595,
43.026,IMU,31.4279,101.2427,66.3353,0.0000,5.6246,200.005,-3.544,-0.046,32.002,0.0640,-0.0273,0.9561,
43.049,ENC,31.4279,101.4541,66.4410,0.0000,5.2837,200.610,-3.544,-0.046,32.002,0.0640,-0.0273,0.9561,
43.060,IMU,31.4279,101.4541,66.4410,0.0000,5.2837,200.610,-3.581,0.006,32.153,0.0830,0.0400,1.0000,
43.071,ENC,31.4279,101.5563,66.4921,0.0000,5.1133,200.903,-3.581,0.006,32.153,0.0830,0.0400,1.0000,
43.087,IMU,31.4279,101.5563,66.4921,0.0000,5.1133,200.903,-3.620,-0.000,32.280,0.1143,-0.0264,0.9932,
43.090,IMU,31.4279,101.5563,66.4921,0.0000,5.1133,200.903,-3.637,0.043,32.385,0.0815,0.0454,0.9536,
43.092,ENC,31.4279,101.6552,66.5415,0.0000,4.9428,201.187,-3.637,0.043,32.385,0.0815,0.0454,0.9536,
43.103,IMU,31.4279,101.6552,66.5415,0.0000,4.9428,201.187,-3.668,0.116,32.497,0.0723,0.0200,0.9697,
43.108,ENC,31.4279,101.7524,66.5901,0.0000,4.8576,201.465,-3.668,0.116,32.497,0.0723,0.0200,0.9697,
43.124,IMU,31.4279,101.7524,66.5901,0.0000,4.8576,201.465,-3.728,0.016,32.639,0.1089,-0.0449,1.0039,
43.135,ENC,31.4279,101.8580,66.6429,0.0000,5.2837,201.768,-3.728,0.016,32.639,0.1089,-0.0449,1.0039,
43.145,IMU,31.4279,101.8580,66.6429,0.0000,5.2837,201.768,-3.734,0.032,32.775,0.0610,-0.0176,0.9907,
43.149,ENC,31.4279,101.9603,66.6941,0.0000,5.1133,202.061,-3.734,0.032,32.775,0.0610,-0.0176,0.9907,
43.166,IMU,31.4279,101.9603,66.6941,0.0000,5.1133,202.061,-3.699,-0.079,32.898,0.0596,-0.0674,1.0352,
43.168,ENC,31.4279,102.0592,66.7435,0.0000,4.9428,202.344,-3.699,-0.079,32.898,0.0596,-0.0674,1.0352,
43.183,IMU,31.4279,102.0592,66.7435,0.0000,4.9428,202.344,-3.692,-0.129,33.030,0.0884,-0.0273,0.9878,
43.188,ENC,31.4279,102.1512,66.7895,0.0000,4.6019,202.607,-3.692,-0.129,33.030,0.0884,-0.0273,0.9878,
43.204,IMU,31.4279,102.1512,66.7895,0.0000,4.6019,202.607,-3.751,-0.049,33.100,0.0659,0.0459,0.9858,
43.209,ENC,31.4279,102.2364,66.8321,0.0000,4.2611,202.852,-3.751,-0.049,33.100,0.0659,0.0459,0.9858,
43.224,IMU,31.4279,102.2364,66.8321,0.0000,4.2611,202.852,-3.762,-0.016,33.181,0.0796,0.0132,1.0166,
43.233,ENC,31.4279,102.3063,66.8671,0.0000,3.4941,203.052,-3.762,-0.016,33.181,0.0796,0.0132,1.0166,
43.274,IMU,31.4279,102.3063,66.8671,0.0000,3.4941,203.052,-3.823,0.060,33.241,0.0894,0.0562,0.9785,
43.276,ENC,31.4296,102.3677,66.8986,0.0852,3.0680,203.223,-3.823,0.060,33.241,0.0894,0.0562,0.9785,
43.279,IMU,31.4296,102.3677,66.8986,0.0852,3.0680,203.223,-3.793,0.091,33.314,0.0767,0.0020,0.9663,
43.281,ENC,31.4330,102.4239,66.9284,0.1704,2.8123,203.374,-3.793,0.091,33.314,0.0767,0.0020,0.9663,
43.284,IMU,31.4330,102.4239,66.9284,0.1704,2.8123,203.374,-3.855,0.035,33.319,0.0991,-0.0088,0.9526,
43.288,ENC,31.4619,102.4733,66.9676,1.4488,2.4714,203.433,-3.855,0.035,33.319,0.0991,-0.0088,0.9526,
43.309,ENC,31.5080,102.5176,67.0128,2.3010,2.2158,203.428,-3.855,0.035,33.319,0.0991,-0.0088,0.9526,
43.316,IMU,31.5080,102.5176,67.0128,2.3010,2.2158,203.428,-3.859,-0.021,33.320,0.0967,-0.0146,0.9941,
43.324,IMU,31.5080,102.5176,67.0128,2.3010,2.2158,203.428,-3.868,-0.051,33.293,0.0825,-0.0156,1.0200,
43.330,ENC,31.5642,102.5551,67.0597,2.8123,1.8749,203.374,-3.868,-0.051,33.293,0.0825,-0.0156,1.0200,
43.345,IMU,31.5642,102.5551,67.0597,2.8123,1.8749,203.374,-3.834,-0.056,33.277,0.0435,-0.0039,0.9575,
43.348,ENC,31.6188,102.5875,67.1031,2.7271,1.6192,203.311,-3.834,-0.056,33.277,0.0435,-0.0039,0.9575,
43.403,ENC,31.6716,102.6233,67.1475,2.6419,1.7896,203.262,-3.834,-0.056,33.277,0.0435,-0.0039,0.9575,
43.405,ENC,31.7227,102.6591,67.1909,2.5566,1.7896,203.218,-3.834,-0.056,33.277,0.0435,-0.0039,0.9575,
43.408,IMU,31.7227,102.6591,67.1909,2.5566,1.7896,203.218,-3.780,-0.084,33.224,0.0400,-0.0420,0.9810,
43.411,IMU,31.7227,102.6591,67.1909,2.5566,1.7896,203.218,-3.775,-0.141,33.182,0.0439,-0.0391,1.0161,
43.413,ENC,31.7687,102.7000,67.2344,2.3010,2.0453,203.203,-3.775,-0.141,33.182,0.0439,-0.0391,1.0161,
43.423,IMU,31.7687,102.7000,67.2344,2.3010,2.0453,203.203,-3.805,-0.165,33.213,0.0566,0.0073,1.0044,
43.435,ENC,31.8148,102.7392,67.2770,2.3010,1.9601,203.184,-3.805,-0.165,33.213,0.0566,0.0073,1.0044,
43.443,IMU,31.8148,102.7392,67.2770,2.3010,1.9601,203.184,-3.827,-0.146,33.249,0.0811,0.0093,0.9717,
43.449,ENC,31.8659,102.7767,67.3213,2.5566,1.8749,203.145,-3.827,-0.146,33.249,0.0811,0.0093,0.9717,
43.464,IMU,31.8659,102.7767,67.3213,2.5566,1.8749,203.145,-3.884,-0.164,33.204,0.0771,0.0020,0.9888,
43.470,ENC,31.9136,102.8125,67.3631,2.3862,1.7896,203.110,-3.884,-0.164,33.204,0.0771,0.0020,0.9888,
43.506,ENC,31.9596,102.8432,67.4014,2.3010,1.5340,203.066,-3.884,-0.164,33.204,0.0771,0.0020,0.9888,
43.509,IMU,31.9596,102.8432,67.4014,2.3010,1.5340,203.066,-3.880,-0.159,33.166,0.0566,0.0059,0.9854,
43.512,IMU,31.9596,102.8432,67.4014,2.3010,1.5340,203.066,-3.877,-0.189,33.139,0.0615,-0.0376,1.0347,
43.514,ENC,32.0022,102.8756,67.4389,2.1305,1.6192,203.037,-3.877,-0.189,33.139,0.0615,-0.0376,1.0347,
43.524,IMU,32.0022,102.8756,67.4389,2.1305,1.6192,203.037,-3.842,-0.253,33.107,0.0410,-0.0508,0.9688,
43.544,IMU,32.0022,102.8756,67.4389,2.1305,1.6192,203.037,-3.808,-0.288,33.076,0.0254,-0.0337,0.9409,
43.546,ENC,32.0534,102.9114,67.4824,2.5566,1.7896,202.993,-3.808,-0.288,33.076,0.0254,-0.0337,0.9409,
43.550,ENC,32.1096,102.9489,67.5292,2.8123,1.8749,202.939,-3.808,-0.288,33.076,0.0254,-0.0337,0.9409,
43.564,IMU,32.1096,102.9489,67.5292,2.8123,1.8749,202.939,-3.793,-0.389,33.064,0.0562,-0.0620,1.0029,
43.568,ENC,32.1676,102.9932,67.5804,2.8975,2.2158,202.900,-3.793,-0.389,33.064,0.0562,-0.0620,1.0029,
43.583,IMU,32.1676,102.9932,67.5804,2.8975,2.2158,202.900,-3.805,-0.403,33.037,0.0752,-0.0430,0.9888,
43.603,ENC,32.2272,103.0443,67.6358,2.9827,2.5566,202.876,-3.805,-0.403,33.037,0.0752,-0.0430,0.9888,
43.609,ENC,32.2937,103.1040,67.6988,3.3236,2.9827,202.856,-3.805,-0.403,33.037,0.0752,-0.0430,0.9888,
43.623,IMU,32.2937,103.1040,67.6988,3.3236,2.9827,202.856,-3.779,-0.497,33.032,0.0479,-0.0576,0.9858,
43.625,IMU,32.2937,103.1040,67.6988,3.3236,2.9827,202.856,-3.698,-0.479,33.024,0.0137,-0.0503,0.9980,
43.632,ENC,32.3602,103.1653,67.7627,3.3236,3.0680,202.842,-3.698,-0.479,33.024,0.0137,-0.0503,0.9980,
43.651,ENC,32.4335,103.2335,67.8335,3.6645,3.4088,202.827,-3.698,-0.479,33.024,0.0137,-0.0503,0.9980,
43.686,ENC,32.5102,103.3051,67.9076,3.8350,3.5793,202.812,-3.698,-0.479,33.024,0.0137,-0.0503,0.9980,
43.690,IMU,32.5102,103.3051,67.9076,3.8350,3.5793,202.812,-3.739,-0.424,32.889,0.1226,-0.0244,1.0059,
43.692,ENC,32.5869,103.3971,67.9920,3.8350,4.6019,202.856,-3.739,-0.424,32.889,0.1226,-0.0244,1.0059,
43.714,ENC,32.6653,103.4858,68.0755,3.9202,4.4315,202.886,-3.739,-0.424,32.889,0.1226,-0.0244,1.0059,
43.717,IMU,32.6653,103.4858,68.0755,3.9202,4.4315,202.886,-3.811,-0.495,32.923,0.1221,-0.0464,1.0020,
43.724,IMU,32.6653,103.4858,68.0755,3.9202,4.4315,202.886,-3.879,-0.533,32.951,0.1318,-0.0298,1.0259,
43.730,ENC,32.7437,103.5710,68.1573,3.9202,4.2611,202.905,-3.879,-0.533,32.951,0.1318,-0.0298,1.0259,
43.747,IMU,32.7437,103.5710,68.1573,3.9202,4.2611,202.905,-3.829,-0.547,32.982,0.0342,-0.0098,1.0103,
43.750,ENC,32.8238,103.6511,68.2374,4.0054,4.0054,202.905,-3.829,-0.547,32.982,0.0342,-0.0098,1.0103,
43.788,IMU,32.8238,103.6511,68.2374,4.0054,4.0054,202.905,-3.751,-0.595,32.996,0.0107,-0.0513,0.9951,
43.791,IMU,32.8238,103.6511,68.2374,4.0054,4.0054,202.905,-3.798,-0.685,32.949,0.0698,-0.0557,0.9883,
43.802,ENC,32.9090,103.7397,68.3244,4.2611,4.4315,202.915,-3.798,-0.685,32.949,0.0698,-0.0557,0.9883,
43.803,ENC,32.9857,103.8300,68.4079,3.8350,4.5167,202.954,-3.798,-0.685,32.949,0.0698,-0.0557,0.9883,
43.806,IMU,32.9857,103.8300,68.4079,3.8350,4.5167,202.954,-3.726,-0.743,32.905,0.0200,-0.0498,1.0288,
43.828,IMU,32.9857,103.8300,68.4079,3.8350,4.5167,202.954,-3.704,-0.780,32.939,0.0894,-0.0435,1.0322,
43.829,ENC,33.1510,104.0158,68.5834,4.1332,4.6446,203.013,-3.704,-0.780,32.939,0.0894,-0.0435,1.0322,
43.849,IMU,33.1510,104.0158,68.5834,4.1332,4.6446,203.013,-3.754,-0.791,32.964,0.1133,-0.0044,1.0361,
43.851,ENC,33.2397,104.1215,68.6806,4.4315,5.2837,203.062,-3.754,-0.791,32.964,0.1133,-0.0044,1.0361,
43.868,IMU,33.2397,104.1215,68.6806,4.4315,5.2837,203.062,-3.730,-0.833,32.933,0.0977,-0.0322,0.9189,
43.870,ENC,33.3317,104.2255,68.7786,4.6019,5.1985,203.096,-3.730,-0.833,32.933,0.0977,-0.0322,0.9189,
43.900,IMU,33.3317,104.2255,68.7786,4.6019,5.1985,203.096,-3.714,-0.901,32.902,0.0435,-0.0366,0.9502,
43.902,ENC,33.4306,104.3294,68.8800,4.9428,5.1985,203.110,-3.714,-0.901,32.902,0.0435,-0.0366,0.9502,
43.910,IMU,33.4306,104.3294,68.8800,4.9428,5.1985,203.110,-3.610,-0.890,32.920,0.0093,-0.0107,0.9248,
43.912,ENC,33.5294,104.4505,68.9899,4.9428,6.0507,203.174,-3.610,-0.890,32.920,0.0093,-0.0107,0.9248,
43.924,IMU,33.5294,104.4505,68.9899,4.9428,6.0507,203.174,-3.646,-0.895,32.936,0.0654,0.0107,1.0386,
43.929,ENC,33.6300,104.5629,69.0965,5.0280,5.6246,203.208,-3.646,-0.895,32.936,0.0654,0.0107,1.0386,
43.947,IMU,33.6300,104.5629,69.0965,5.0280,5.6246,203.208,-3.626,-0.902,32.968,0.0410,-0.0117,0.9839,
43.949,ENC,33.7339,104.6754,69.2047,5.1985,5.6246,203.232,-3.626,-0.902,32.968,0.0410,-0.0117,0.9839,
43.965,IMU,33.7339,104.6754,69.2047,5.1985,5.6246,203.232,-3.581,-0.971,33.022,0.0454,-0.0806,1.0161,
43.970,ENC,33.8345,104.7896,69.3121,5.0280,5.7098,203.271,-3.581,-0.971,33.022,0.0454,-0.0806,1.0161,
43.984,IMU,33.8345,104.7896,69.3121,5.0280,5.7098,203.271,-3.605,-1.031,33.026,0.0903,-0.0664,0.9751,
43.994,ENC,33.9436,104.9038,69.4237,5.4542,5.7098,203.286,-3.605,-1.031,33.026,0.0903,-0.0664,0.9751,
44.016,IMU,33.9436,104.9038,69.4237,5.4542,5.7098,203.286,-3.531,-1.005,33.023,0.0015,-0.0054,0.9854,
44.024,IMU,33.9436,104.9038,69.4237,5.4542,5.7098,203.286,-3.497,-1.020,33.030,0.0234,-0.0132,1.0474,
44.026,ENC,34.0544,105.0231,69.5388,5.5394,5.9655,203.311,-3.497,-1.020,33.030,0.0234,-0.0132,1.0474,
44.030,ENC,34.1583,105.1390,69.6487,5.1985,5.7950,203.345,-3.497,-1.020,33.030,0.0234,-0.0132,1.0474,
44.044,IMU,34.1583,105.1390,69.6487,5.1985,5.7950,203.345,-3.387,-1.023,33.086,-0.0146,0.0000,0.9351,
44.050,ENC,34.2657,105.2532,69.7595,5.3689,5.7098,203.364,-3.387,-1.023,33.086,-0.0146,0.0000,0.9351,
44.072,IMU,34.2657,105.2532,69.7595,5.3689,5.7098,203.364,-3.486,-0.988,33.078,0.1587,-0.0112,1.0454,
44.074,ENC,34.3799,105.3743,69.8771,5.7098,6.0507,203.384,-3.486,-0.988,33.078,0.1587,-0.0112,1.0454,
44.084,IMU,34.3799,105.3743,69.8771,5.7098,6.0507,203.384,-3.441,-0.923,33.098,0.0376,0.0264,0.9761,
44.089,ENC,34.4958,105.4919,69.9938,5.7950,5.8803,203.389,-3.441,-0.923,33.098,0.0376,0.0264,0.9761,
44.104,IMU,34.4958,105.4919,69.9938,5.7950,5.8803,203.389,-3.382,-0.902,33.107,0.0181,-0.0181,1.0459,
44.109,ENC,34.6254,105.6112,70.1183,6.4768,5.9655,203.359,-3.382,-0.902,33.107,0.0181,-0.0181,1.0459,
44.124,IMU,34.6254,105.6112,70.1183,6.4768,5.9655,203.359,-3.435,-0.923,33.113,0.1172,-0.0386,0.9771,
44.134,ENC,34.7736,105.7356,70.2546,7.4142,6.2211,203.291,-3.435,-0.923,33.113,0.1172,-0.0386,0.9771,
44.149,ENC,34.8981,105.8532,70.3756,6.2211,5.8803,203.271,-3.435,-0.923,33.113,0.1172,-0.0386,0.9771,
44.154,IMU,34.8981,105.8532,70.3756,6.2211,5.8803,203.271,-3.391,-0.934,33.109,-0.0181,-0.0435,1.0190,
44.166,IMU,34.8981,105.8532,70.3756,6.2211,5.8803,203.271,-3.455,-0.902,33.175,0.0928,0.0112,0.9824,
44.184,IMU,34.8981,105.8532,70.3756,6.2211,5.8803,203.271,-3.555,-0.995,33.178,0.1724,-0.0732,1.0259,
44.200,ENC,35.1554,106.1003,70.6279,6.4342,6.1785,203.242,-3.555,-0.995,33.178,0.1724,-0.0732,1.0259,
44.204,IMU,35.1554,106.1003,70.6279,6.4342,6.1785,203.242,-3.431,-1.024,33.200,-0.0161,-0.0674,0.9980,
44.208,ENC,35.2850,106.2179,70.7515,6.4768,5.8803,203.208,-3.431,-1.024,33.200,-0.0161,-0.0674,0.9980,
44.224,IMU,35.2850,106.2179,70.7515,6.4768,5.8803,203.208,-3.512,-1.006,33.231,0.1719,0.0239,0.9746,
44.231,ENC,35.4145,106.3304,70.8725,6.4768,5.6246,203.159,-3.512,-1.006,33.231,0.1719,0.0239,0.9746,
44.248,IMU,35.4145,106.3304,70.8725,6.4768,5.6246,203.159,-3.405,-1.025,33.265,0.0068,0.0039,1.0103,
44.250,ENC,35.5474,106.4549,71.0012,6.6473,6.2211,203.135,-3.405,-1.025,33.265,0.0068,0.0039,1.0103,
44.265,IMU,35.5474,106.4549,71.0012,6.6473,6.2211,203.135,-3.387,-1.023,33.269,0.0454,-0.0073,0.9531,
44.269,ENC,35.6719,106.5708,71.1213,6.2211,5.7950,203.110,-3.387,-1.023,33.269,0.0454,-0.0073,0.9531,
44.286,IMU,35.6719,106.5708,71.1213,6.2211,5.7950,203.110,-3.485,-0.958,33.237,0.1621,0.0474,0.9556,
44.325,IMU,35.6719,106.5708,71.1213,6.2211,5.7950,203.110,-3.418,-0.978,33.260,0.0117,-0.0068,0.9922,
44.327,ENC,35.8048,106.7037,71.2543,6.6473,6.6473,203.110,-3.418,-0.978,33.260,0.0117,-0.0068,0.9922,
44.330,IMU,35.8048,106.7037,71.2543,6.6473,6.6473,203.110,-3.412,-0.986,33.259,0.0742,-0.0210,1.0166,
44.332,ENC,35.9326,106.8247,71.3787,6.3916,6.0507,203.091,-3.412,-0.986,33.259,0.0742,-0.0210,1.0166,
44.334,ENC,36.0537,106.9560,71.5048,6.0507,6.5620,203.120,-3.412,-0.986,33.259,0.0742,-0.0210,1.0166,
44.347,IMU,36.0537,106.9560,71.5048,6.0507,6.5620,203.120,-3.371,-1.057,33.263,0.0737,-0.0615,1.0063,
44.354,ENC,36.1713,107.0753,71.6233,5.8803,5.9655,203.125,-3.371,-1.057,33.263,0.0737,-0.0615,1.0063,
44.365,IMU,36.1713,107.0753,71.6233,5.8803,5.9655,203.125,-3.308,-1.094,33.249,0.0142,-0.0122,0.9229,
44.369,ENC,36.2872,107.1963,71.7417,5.7950,6.0507,203.140,-3.308,-1.094,33.249,0.0142,-0.0122,0.9229,
44.384,IMU,36.2872,107.1963,71.7417,5.7950,6.0507,203.140,-3.360,-1.033,33.246,0.1250,0.0190,0.9541,
44.389,ENC,36.3997,107.3292,71.8644,5.6246,6.6473,203.198,-3.360,-1.033,33.246,0.1250,0.0190,0.9541,
44.409,ENC,36.5104,107.4502,71.9803,5.5394,6.0507,203.228,-3.360,-1.033,33.246,0.1250,0.0190,0.9541,
44.435,IMU,36.5104,107.4502,71.9803,5.5394,6.0507,203.228,-3.382,-1.074,33.266,0.0459,-0.0498,1.0532,
44.438,IMU,36.5104,107.4502,71.9803,5.5394,6.0507,203.228,-3.435,-0.980,33.280,0.1338,0.0454,0.9785,
44.442,ENC,36.6212,107.5747,72.0979,5.5394,6.2211,203.267,-3.435,-0.980,33.280,0.1338,0.0454,0.9785,
44.444,IMU,36.6212,107.5747,72.0979,5.5394,6.2211,203.267,-3.496,-0.969,33.318,0.0806,-0.0459,1.0093,
44.449,ENC,36.7388,107.7076,72.2232,5.8803,6.6473,203.311,-3.496,-0.969,33.318,0.0806,-0.0459,1.0093,
44.465,IMU,36.7388,107.7076,72.2232,5.8803,6.6473,203.311,-3.540,-1.133,33.347,0.0806,-0.0815,0.9805,
44.495,ENC,36.8496,107.8252,72.3374,5.5394,5.8803,203.330,-3.540,-1.133,33.347,0.0806,-0.0815,0.9805,
44.497,ENC,36.9706,107.9633,72.4670,6.0507,6.9029,203.379,-3.540,-1.133,33.347,0.0806,-0.0815,0.9805,
44.505,IMU,36.9706,107.9633,72.4670,6.0507,6.9029,203.379,-3.596,-1.048,33.405,0.0869,-0.0205,1.0146,
44.510,ENC,37.0865,108.0962,72.5914,5.7950,6.6473,203.428,-3.596,-1.048,33.405,0.0869,-0.0205,1.0146,
44.530,IMU,37.0865,108.0962,72.5914,5.7950,6.6473,203.428,-3.598,-1.034,33.424,0.0981,0.0342,0.9834,
44.538,ENC,37.2007,108.2326,72.7167,5.7098,6.8177,203.491,-3.598,-1.034,33.424,0.0981,0.0342,0.9834,
44.544,IMU,37.2007,108.2326,72.7167,5.7098,6.8177,203.491,-3.505,-0.970,33.419,-0.0229,0.0039,0.8804,
44.549,ENC,37.3166,108.3672,72.8419,5.7950,6.7325,203.545,-3.505,-0.970,33.419,-0.0229,0.0039,0.8804,
44.564,IMU,37.3166,108.3672,72.8419,5.7950,6.7325,203.545,-3.437,-0.981,33.438,0.0186,-0.0029,1.0142,
44.569,ENC,37.4359,108.4968,72.9664,5.9655,6.4768,203.574,-3.437,-0.981,33.438,0.0186,-0.0029,1.0142,
44.601,IMU,37.4359,108.4968,72.9664,5.9655,6.4768,203.574,-3.452,-0.953,33.471,0.0688,-0.0176,1.0171,
44.604,IMU,37.4359,108.4968,72.9664,5.9655,6.4768,203.574,-3.446,-0.857,33.529,0.0664,0.0449,0.9673,
44.609,ENC,37.5638,108.6280,73.0959,6.3916,6.5620,203.584,-3.446,-0.857,33.529,0.0664,0.0449,0.9673,
44.611,ENC,37.6678,108.7524,73.2101,5.1985,6.2211,203.643,-3.446,-0.857,33.529,0.0664,0.0449,0.9673,
44.624,IMU,37.6678,108.7524,73.2101,5.1985,6.2211,203.643,-3.444,-0.787,33.549,0.0488,0.0332,0.9604,
44.640,ENC,37.7768,108.8734,73.3251,5.4542,6.0507,203.677,-3.444,-0.787,33.549,0.0488,0.0332,0.9604,
44.648,IMU,37.7768,108.8734,73.3251,5.4542,6.0507,203.677,-3.431,-0.778,33.560,0.0547,-0.0073,1.0127,
44.650,ENC,37.8842,108.9927,73.4385,5.3689,5.9655,203.711,-3.431,-0.778,33.560,0.0547,-0.0073,1.0127,
44.664,IMU,37.8842,108.9927,73.4385,5.3689,5.9655,203.711,-3.382,-0.774,33.585,0.0449,-0.0063,1.0405,
44.669,ENC,37.9780,109.1018,73.5399,4.6872,5.4542,203.755,-3.382,-0.774,33.585,0.0449,-0.0063,1.0405,
44.689,IMU,37.9780,109.1018,73.5399,4.6872,5.4542,203.755,-3.423,-0.704,33.615,0.0430,0.0464,1.0073,
44.704,IMU,37.9780,109.1018,73.5399,4.6872,5.4542,203.755,-3.375,-0.640,33.611,0.0820,0.0435,0.9771,
44.724,IMU,37.9780,109.1018,73.5399,4.6872,5.4542,203.755,-3.429,-0.528,33.650,0.0850,0.0679,0.9995,
44.727,ENC,38.1450,109.2842,73.7146,4.1758,4.5593,203.799,-3.429,-0.528,33.650,0.0850,0.0679,0.9995,
44.729,ENC,38.2115,109.3575,73.7845,3.3236,3.6645,203.818,-3.429,-0.528,33.650,0.0850,0.0679,0.9995,
44.744,IMU,38.2115,109.3575,73.7845,3.3236,3.6645,203.818,-3.528,-0.455,33.639,0.1206,0.0718,0.9517,
44.750,ENC,38.2745,109.4137,73.8441,3.1532,2.8123,203.799,-3.528,-0.455,33.639,0.1206,0.0718,0.9517,
44.764,IMU,38.2745,109.4137,73.8441,3.1532,2.8123,203.799,-3.581,-0.440,33.606,0.0723,0.0742,1.0190,
44.769,ENC,38.3325,109.4615,73.8970,2.8975,2.3862,203.770,-3.581,-0.440,33.606,0.0723,0.0742,1.0190,
44.784,IMU,38.3325,109.4615,73.8970,2.8975,2.3862,203.770,-3.604,-0.502,33.552,0.0732,0.0103,1.0249,
44.789,ENC,38.3785,109.4938,73.9362,2.3010,1.6192,203.730,-3.604,-0.502,33.552,0.0732,0.0103,1.0249,
44.804,IMU,38.3785,109.4938,73.9362,2.3010,1.6192,203.730,-3.643,-0.466,33.559,0.0752,0.0425,0.9795,
44.844,IMU,38.3785,109.4938,73.9362,2.3010,1.6192,203.730,-3.639,-0.407,33.507,0.0483,0.0371,0.9829,
44.848,IMU,38.3785,109.4938,73.9362,2.3010,1.6192,203.730,-3.629,-0.272,33.486,0.0596,0.0801,0.9966,
44.850,ENC,38.4330,109.5416,73.9873,1.3635,1.1931,203.711,-3.629,-0.272,33.486,0.0596,0.0801,0.9966,
44.852,ENC,38.4416,109.5450,73.9933,0.4261,0.1704,203.696,-3.629,-0.272,33.486,0.0596,0.0801,0.9966,
44.867,IMU,38.4416,109.5450,73.9933,0.4261,0.1704,203.696,-3.622,-0.244,33.431,0.0737,0.0684,0.9653,
44.884,IMU,38.4416,109.5450,73.9933,0.4261,0.1704,203.696,-3.639,-0.279,33.375,0.0557,0.0278,1.0166,
44.901,ENC,38.4399,109.5450,73.9924,-0.0852,0.0000,203.701,-3.639,-0.279,33.375,0.0557,0.0278,1.0166,
44.903,ENC,38.4330,109.5399,73.9865,-0.3409,-0.2557,203.706,-3.639,-0.279,33.375,0.0557,0.0278,1.0166,
44.906,IMU,38.4330,109.5399,73.9865,-0.3409,-0.2557,203.706,-3.645,-0.284,33.354,0.0649,-0.0176,0.9980,
44.909,ENC,38.4177,109.5313,73.9745,-0.7670,-0.4261,203.726,-3.645,-0.284,33.354,0.0649,-0.0176,0.9980,
44.924,IMU,38.4177,109.5313,73.9745,-0.7670,-0.4261,203.726,-3.655,-0.321,33.329,0.0630,-0.0137,1.0024,
44.931,ENC,38.4007,109.5177,73.9592,-0.8522,-0.6818,203.735,-3.655,-0.321,33.329,0.0630,-0.0137,1.0024,
44.949,ENC,38.3836,109.5024,73.9430,-0.8522,-0.7670,203.740,-3.655,-0.321,33.329,0.0630,-0.0137,1.0024,
44.953,IMU,38.3836,109.5024,73.9430,-0.8522,-0.7670,203.740,-3.618,-0.350,33.312,0.0522,-0.0161,0.9922,
44.967,IMU,38.3836,109.5024,73.9430,-0.8522,-0.7670,203.740,-3.591,-0.388,33.299,0.0557,-0.0225,0.9976,
44.970,ENC,38.3683,109.4870,73.9276,-0.7670,-0.7670,203.740,-3.591,-0.388,33.299,0.0557,-0.0225,0.9976,
44.984,IMU,38.3683,109.4870,73.9276,-0.7670,-0.7670,203.740,-3.561,-0.405,33.285,0.0552,-0.0361,1.0098,
45.001,ENC,38.3529,109.4734,73.9132,-0.7670,-0.6818,203.745,-3.561,-0.405,33.285,0.0552,-0.0361,1.0098,
45.036,IMU,38.3529,109.4734,73.9132,-0.7670,-0.6818,203.745,-3.563,-0.493,33.192,0.0625,-0.0332,1.0005,
45.038,ENC,38.3257,109.4495,73.8876,-0.6818,-0.5965,203.755,-3.563,-0.493,33.192,0.0625,-0.0332,1.0005,
45.044,IMU,38.3257,109.4495,73.8876,-0.6818,-0.5965,203.755,-3.591,-0.568,33.163,0.0635,-0.0430,0.9966,
45.049,ENC,38.3171,109.4410,73.8791,-0.4261,-0.4261,203.755,-3.591,-0.568,33.163,0.0635,-0.0430,0.9966,
45.068,IMU,38.3171,109.4410,73.8791,-0.4261,-0.4261,203.755,-3.594,-0.609,33.173,0.0659,-0.0410,0.9990,
45.070,ENC,38.3103,109.4359,73.8731,-0.3409,-0.2557,203.760,-3.594,-0.609,33.173,0.0659,-0.0410,0.9990,
45.084,IMU,38.3103,109.4359,73.8731,-0.3409,-0.2557,203.760,-3.668,-0.627,33.154,0.0630,-0.0269,1.0005,
45.089,ENC,38.3086,109.4359,73.8723,-0.0852,0.0000,203.765,-3.668,-0.627,33.154,0.0630,-0.0269,1.0005,
45.104,IMU,38.3086,109.4359,73.8723,-0.0852,0.0000,203.765,-3.622,-0.632,33.122,0.0688,-0.0352,1.0034,
45.109,ENC,38.3069,109.4359,73.8714,-0.0852,0.0000,203.770,-3.622,-0.632,33.122,0.0688,-0.0352,1.0034,
45.152,ENC,38.3086,109.4359,73.8723,0.0852,0.0000,203.765,-3.622,-0.632,33.122,0.0688,-0.0352,1.0034,
45.163,IMU,38.3086,109.4359,73.8723,0.0852,0.0000,203.765,-3.579,-0.674,33.083,0.0669,-0.0122,0.9800,
45.166,ENC,38.3120,109.4359,73.8740,0.1704,0.0000,203.755,-3.579,-0.674,33.083,0.0669,-0.0122,0.9800,
45.169,IMU,38.3120,109.4359,73.8740,0.1704,0.0000,203.755,-3.537,-0.694,33.103,0.0547,-0.0024,1.0059,
45.171,ENC,38.3137,109.4359,73.8748,0.0852,0.0000,203.750,-3.537,-0.694,33.103,0.0547,-0.0024,1.0059,
45.185,IMU,38.3137,109.4359,73.8748,0.0852,0.0000,203.750,-3.513,-0.677,33.076,0.0547,-0.0054,0.9873,
45.220,ENC,38.3137,109.4359,73.8748,0.0000,0.0000,203.750,-3.513,-0.677,33.076,0.0547,-0.0054,0.9873,
45.223,IMU,38.3137,109.4359,73.8748,0.0000,0.0000,203.750,-3.502,-0.695,33.084,0.0664,-0.0103,0.9888,
45.225,ENC,38.3137,109.4376,73.8757,0.0000,0.0852,203.755,-3.502,-0.695,33.084,0.0664,-0.0103,0.9888,
45.228,IMU,38.3137,109.4376,73.8757,0.0000,0.0852,203.755,-3.527,-0.692,33.074,0.0605,-0.0146,0.9912,
45.261,IMU,38.3137,109.4376,73.8757,0.0000,0.0852,203.755,-3.533,-0.665,32.991,0.0654,-0.0229,0.9971,
45.268,ENC,38.3137,109.4376,73.8757,0.0000,0.0000,203.755,-3.533,-0.665,32.991,0.0654,-0.0229,0.9971,
45.270,ENC,38.3137,109.4359,73.8748,0.0000,-0.0852,203.750,-3.533,-0.665,32.991,0.0654,-0.0229,0.9971,
45.272,ENC,38.3120,109.4359,73.8740,-0.0852,0.0000,203.755,-3.533,-0.665,32.991,0.0654,-0.0229,0.9971,
45.288,IMU,38.3120,109.4359,73.8740,-0.0852,0.0000,203.755,-3.496,-0.701,32.945,0.0679,-0.0225,0.9927,
45.338,ENC,38.3120,109.4359,73.8740,0.0000,0.0000,203.755,-3.496,-0.701,32.945,0.0679,-0.0225,0.9927,
45.364,IMU,38.3120,109.4359,73.8740,0.0000,0.0000,203.755,-3.547,-0.714,32.932,0.0693,-0.0142,0.9922,
45.367,IMU,38.3120,109.4359,73.8740,0.0000,0.0000,203.755,-3.576,-0.704,32.968,0.0571,-0.0103,0.9829,
45.375,ENC,38.3137,109.4359,73.8748,0.0426,0.0000,203.750,-3.576,-0.704,32.968,0.0571,-0.0103,0.9829,
45.376,ENC,38.3137,109.4359,73.8748,0.0000,0.0000,203.750,-3.576,-0.704,32.968,0.0571,-0.0103,0.9829,
45.384,IMU,38.3137,109.4359,73.8748,0.0000,0.0000,203.750,-3.608,-0.657,32.975,0.0596,-0.0132,0.9878,
45.404,IMU,38.3137,109.4359,73.8748,0.0000,0.0000,203.750,-3.602,-0.622,32.947,0.0513,-0.0195,1.0063,
45.418,ENC,38.3137,109.4359,73.8748,0.0000,0.0000,203.750,-3.602,-0.622,32.947,0.0513,-0.0195,1.0063,
45.421,ENC,38.3120,109.4359,73.8740,-0.0852,0.0000,203.755,-3.602,-0.622,32.947,0.0513,-0.0195,1.0063,
45.424,IMU,38.3120,109.4359,73.8740,-0.0852,0.0000,203.755,-3.617,-0.633,32.951,0.0552,-0.0195,1.0000,
45.431,ENC,38.3120,109.4359,73.8740,0.0000,0.0000,203.755,-3.617,-0.633,32.951,0.0552,-0.0195,1.0000,
45.459,ENC,38.3120,109.4359,73.8740,0.0000,0.0000,203.755,-3.617,-0.633,32.951,0.0552,-0.0195,1.0000,
45.466,IMU,38.3120,109.4359,73.8740,0.0000,0.0000,203.755,-3.603,-0.625,32.964,0.0635,-0.0225,0.9932,
45.469,IMU,38.3120,109.4359,73.8740,0.0000,0.0000,203.755,-3.631,-0.679,32.967,0.0708,-0.0259,0.9922,
45.471,ENC,38.3137,109.4359,73.8748,0.0852,0.0000,203.750,-3.631,-0.679,32.967,0.0708,-0.0259,0.9922,
45.483,IMU,38.3137,109.4359,73.8748,0.0852,0.0000,203.750,-3.639,-0.703,32.913,0.0591,-0.0112,0.9971,
45.488,ENC,38.3120,109.4359,73.8740,-0.0852,0.0000,203.755,-3.639,-0.703,32.913,0.0591,-0.0112,0.9971,
45.521,IMU,38.3120,109.4359,73.8740,-0.0852,0.0000,203.755,-3.626,-0.727,32.907,0.0601,-0.0249,0.9922,
45.525,IMU,38.3120,109.4359,73.8740,-0.0852,0.0000,203.755,-3.643,-0.743,32.936,0.0449,-0.0137,1.0015,
45.531,ENC,38.3120,109.4359,73.8740,0.0000,0.0000,203.755,-3.643,-0.743,32.936,0.0449,-0.0137,1.0015,
45.544,IMU,38.3120,109.4359,73.8740,0.0000,0.0000,203.755,-3.650,-0.736,32.927,0.0474,-0.0244,0.9976,
45.554,ENC,38.3120,109.4359,73.8740,0.0000,0.0000,203.755,-3.650,-0.736,32.927,0.0474,-0.0244,0.9976,
45.569,IMU,38.3120,109.4359,73.8740,0.0000,0.0000,203.755,-3.629,-0.746,32.895,0.0557,-0.0161,0.9941,
45.571,ENC,38.3120,109.4359,73.8740,0.0000,0.0000,203.755,-3.629,-0.746,32.895,0.0557,-0.0161,0.9941,
45.584,IMU,38.3120,109.4359,73.8740,0.0000,0.0000,203.755,-3.659,-0.780,32.905,0.0474,-0.0181,0.9990,
45.590,ENC,38.3120,109.4359,73.8740,0.0000,0.0000,203.755,-3.659,-0.780,32.905,0.0474,-0.0181,0.9990,
45.604,IMU,38.3120,109.4359,73.8740,0.0000,0.0000,203.755,-3.681,-0.773,32.913,0.0630,-0.0195,0.9873,
45.617,ENC,38.3120,109.4359,73.8740,0.0000,0.0000,203.755,-3.681,-0.773,32.913,0.0630,-0.0195,0.9873,
45.625,IMU,38.3120,109.4359,73.8740,0.0000,0.0000,203.755,-3.710,-0.739,32.902,0.0713,-0.0073,0.9907,
45.630,ENC,38.3120,109.4359,73.8740,0.0000,0.0000,203.755,-3.710,-0.739,32.902,0.0713,-0.0073,0.9907,
45.665,IMU,38.3120,109.4359,73.8740,0.0000,0.0000,203.755,-3.737,-0.731,32.891,0.0625,-0.0190,0.9839,
45.667,ENC,38.3120,109.4359,73.8740,0.0000,0.0000,203.755,-3.737,-0.731,32.891,0.0625,-0.0190,0.9839,
45.670,ENC,38.3120,109.4359,73.8740,0.0000,0.0000,203.755,-3.737,-0.731,32.891,0.0625,-0.0190,0.9839,
45.687,IMU,38.3120,109.4359,73.8740,0.0000,0.0000,203.755,-3.745,-0.757,32.865,0.0669,-0.0073,1.0010,
45.691,ENC,38.3120,109.4359,73.8740,0.0000,0.0000,203.755,-3.745,-0.757,32.865,0.0669,-0.0073,1.0010,
45.704,IMU,38.3120,109.4359,73.8740,0.0000,0.0000,203.755,-3.748,-0.732,32.883,0.0596,-0.0117,0.9956,
45.709,ENC,38.3120,109.4359,73.8740,0.0000,0.0000,203.755,-3.748,-0.732,32.883,0.0596,-0.0117,0.9956,
45.729,IMU,38.3120,109.4359,73.8740,0.0000,0.0000,203.755,-3.726,-0.692,32.887,0.0522,-0.0210,0.9932,
45.735,ENC,38.3120,109.4359,73.8740,0.0000,0.0000,203.755,-3.726,-0.692,32.887,0.0522,-0.0210,0.9932,
45.747,IMU,38.3120,109.4359,73.8740,0.0000,0.0000,203.755,-3.724,-0.682,32.860,0.0635,-0.0166,1.0000,
45.749,ENC,38.3120,109.4359,73.8740,0.0000,0.0000,203.755,-3.724,-0.682,32.860,0.0635,-0.0166,1.0000,
45.764,IMU,38.3120,109.4359,73.8740,0.0000,0.0000,203.755,-3.735,-0.732,32.880,0.0649,-0.0254,1.0029,
45.769,ENC,38.3137,109.4359,73.8748,0.0852,0.0000,203.750,-3.735,-0.732,32.880,0.0649,-0.0254,1.0029,
45.804,IMU,38.3137,109.4359,73.8748,0.0852,0.0000,203.750,-3.688,-0.790,32.788,0.0620,-0.0229,0.9927,
45.824,IMU,38.3137,109.4359,73.8748,0.0852,0.0000,203.750,-3.681,-0.857,32.782,0.0552,-0.0527,1.0068,
45.827,ENC,38.3222,109.4376,73.8799,0.2131,0.0426,203.730,-3.681,-0.857,32.782,0.0552,-0.0527,1.0068,
45.830,ENC,38.3359,109.4376,73.8867,0.6818,0.0000,203.691,-3.681,-0.857,32.782,0.0552,-0.0527,1.0068,
45.846,IMU,38.3359,109.4376,73.8867,0.6818,0.0000,203.691,-3.669,-0.888,32.792,0.0396,-0.0347,0.9873,
45.872,IMU,38.3359,109.4376,73.8867,0.6818,0.0000,203.691,-3.662,-0.864,32.800,0.0376,-0.0127,0.9917,
45.877,ENC,38.3461,109.4410,73.8936,0.5113,0.1704,203.672,-3.662,-0.864,32.800,0.0376,-0.0127,0.9917,
45.879,ENC,38.3546,109.4495,73.9021,0.4261,0.4261,203.672,-3.662,-0.864,32.800,0.0376,-0.0127,0.9917,
45.884,IMU,38.3546,109.4495,73.9021,0.4261,0.4261,203.672,-3.663,-0.848,32.839,0.0664,-0.0166,1.0044,
45.890,ENC,38.3580,109.4632,73.9106,0.1704,0.6818,203.701,-3.663,-0.848,32.839,0.0664,-0.0166,1.0044,
45.905,IMU,38.3580,109.4632,73.9106,0.1704,0.6818,203.701,-3.654,-0.865,32.813,0.0747,-0.0093,0.9878,
45.939,ENC,38.3597,109.4751,73.9174,0.0852,0.5965,203.730,-3.654,-0.865,32.813,0.0747,-0.0093,0.9878,
45.941,ENC,38.3632,109.4836,73.9234,0.1704,0.4261,203.745,-3.654,-0.865,32.813,0.0747,-0.0093,0.9878,
45.945,IMU,38.3632,109.4836,73.9234,0.1704,0.4261,203.745,-3.665,-0.801,32.883,0.0532,-0.0034,0.9990,
45.950,ENC,38.3683,109.4853,73.9268,0.2557,0.0852,203.735,-3.665,-0.801,32.883,0.0532,-0.0034,0.9990,
45.965,IMU,38.3683,109.4853,73.9268,0.2557,0.0852,203.735,-3.675,-0.811,32.817,0.0674,-0.0215,0.9805,
45.972,ENC,38.3785,109.4870,73.9328,0.5113,0.0852,203.711,-3.675,-0.811,32.817,0.0674,-0.0215,0.9805,
45.984,IMU,38.3785,109.4870,73.9328,0.5113,0.0852,203.711,-3.655,-0.810,32.796,0.0669,-0.0264,0.9932,
45.989,ENC,38.3887,109.4887,73.9387,0.5113,0.0852,203.687,-3.655,-0.810,32.796,0.0669,-0.0264,0.9932,
46.005,IMU,38.3887,109.4887,73.9387,0.5113,0.0852,203.687,-3.588,-0.802,32.829,0.0337,-0.0195,0.9707,
46.011,ENC,38.3955,109.4921,73.9438,0.3409,0.1704,203.677,-3.588,-0.802,32.829,0.0337,-0.0195,0.9707,
46.024,IMU,38.3955,109.4921,73.9438,0.3409,0.1704,203.677,-3.529,-0.788,32.861,0.0454,-0.0127,1.0073,
46.057,ENC,38.3989,109.5024,73.9507,0.1704,0.5113,203.696,-3.529,-0.788,32.861,0.0454,-0.0127,1.0073,
46.060,ENC,38.4075,109.5109,73.9592,0.4261,0.4261,203.696,-3.529,-0.788,32.861,0.0454,-0.0127,1.0073,
46.064,IMU,38.4075,109.5109,73.9592,0.4261,0.4261,203.696,-3.512,-0.792,32.820,0.0459,-0.0317,1.0098,
46.069,ENC,38.4194,109.5177,73.9686,0.5965,0.3409,203.682,-3.512,-0.792,32.820,0.0459,-0.0317,1.0098,
46.084,IMU,38.4194,109.5177,73.9686,0.5965,0.3409,203.682,-3.508,-0.777,32.778,0.0356,0.0005,0.9819,
46.089,ENC,38.4279,109.5194,73.9737,0.4261,0.0852,203.662,-3.508,-0.777,32.778,0.0356,0.0005,0.9819,
46.109,IMU,38.4279,109.5194,73.9737,0.4261,0.0852,203.662,-3.547,-0.707,32.821,0.0771,0.0430,0.9844,
46.111,ENC,38.4313,109.5262,73.9788,0.1704,0.3409,203.672,-3.547,-0.707,32.821,0.0771,0.0430,0.9844,
46.125,IMU,38.4313,109.5262,73.9788,0.1704,0.3409,203.672,-3.555,-0.716,32.800,0.1021,0.0029,0.9863,
46.136,ENC,38.4313,109.5279,73.9796,0.0000,0.0852,203.677,-3.555,-0.716,32.800,0.1021,0.0029,0.9863,
46.163,ENC,38.4313,109.5262,73.9788,0.0000,-0.0852,203.672,-3.555,-0.716,32.800,0.1021,0.0029,0.9863,
46.170,ENC,38.4313,109.5262,73.9788,0.0000,0.0000,203.672,-3.555,-0.716,32.800,0.1021,0.0029,0.9863,
46.174,IMU,38.4313,109.5262,73.9788,0.0000,0.0000,203.672,-3.571,-0.682,32.779,0.0586,0.0024,0.9966,
46.177,IMU,38.4313,109.5262,73.9788,0.0000,0.0000,203.672,-3.579,-0.691,32.777,0.0405,-0.0337,0.9990,
46.184,IMU,38.4313,109.5262,73.9788,0.0000,0.0000,203.672,-3.596,-0.707,32.787,0.0625,-0.0293,0.9971,
46.192,ENC,38.4296,109.5245,73.9771,-0.0852,-0.0852,203.672,-3.596,-0.707,32.787,0.0625,-0.0293,0.9971,
46.204,IMU,38.4296,109.5245,73.9771,-0.0852,-0.0852,203.672,-3.605,-0.730,32.797,0.0781,-0.0347,1.0093,
46.216,ENC,38.4330,109.5245,73.9788,0.1704,0.0000,203.662,-3.605,-0.730,32.797,0.0781,-0.0347,1.0093,
46.230,ENC,38.4518,109.5262,73.9890,0.9374,0.0852,203.613,-3.605,-0.730,32.797,0.0781,-0.0347,1.0093,
46.241,IMU,38.4518,109.5262,73.9890,0.9374,0.0852,203.613,-3.655,-0.777,32.801,0.0830,-0.0532,0.9976,
46.246,IMU,38.4518,109.5262,73.9890,0.9374,0.0852,203.613,-3.653,-0.712,32.770,0.0356,0.0054,1.0137,
46.264,IMU,38.4518,109.5262,73.9890,0.9374,0.0852,203.613,-3.592,-0.693,32.766,0.0356,0.0098,0.9912,
46.269,ENC,38.4774,109.5313,74.0043,0.6392,0.1278,203.555,-3.592,-0.693,32.766,0.0356,0.0098,0.9912,
46.286,IMU,38.4774,109.5313,74.0043,0.6392,0.1278,203.555,-3.645,-0.678,32.785,0.0928,0.0034,0.9868,
46.289,ENC,38.4842,109.5348,74.0095,0.3409,0.1704,203.545,-3.645,-0.678,32.785,0.0928,0.0034,0.9868,
46.312,IMU,38.4842,109.5348,74.0095,0.3409,0.1704,203.545,-3.656,-0.769,32.744,0.0981,-0.0552,1.0000,
46.314,ENC,38.5046,109.5382,74.0214,1.0227,0.1704,203.496,-3.656,-0.769,32.744,0.0981,-0.0552,1.0000,
46.329,ENC,38.5404,109.5365,74.0384,1.7896,-0.0852,203.389,-3.656,-0.769,32.744,0.0981,-0.0552,1.0000,
46.343,IMU,38.5404,109.5365,74.0384,1.7896,-0.0852,203.389,-3.565,-0.801,32.633,0.0366,-0.0718,1.0078,
46.346,IMU,38.5404,109.5365,74.0384,1.7896,-0.0852,203.389,-3.490,-0.908,32.521,0.0215,-0.0737,1.0098,
46.350,ENC,38.5933,109.5382,74.0657,2.6419,0.0852,203.242,-3.490,-0.908,32.521,0.0215,-0.0737,1.0098,
46.364,IMU,38.5933,109.5382,74.0657,2.6419,0.0852,203.242,-3.421,-0.949,32.379,0.0352,-0.0356,1.0010,
46.370,ENC,38.6529,109.5416,74.0972,2.9827,0.1704,203.081,-3.421,-0.949,32.379,0.0352,-0.0356,1.0010,
46.384,IMU,38.6529,109.5416,74.0972,2.9827,0.1704,203.081,-3.499,-0.990,32.251,0.0913,-0.0308,0.9390,
46.389,ENC,38.7194,109.5450,74.1322,3.3236,0.1704,202.900,-3.499,-0.990,32.251,0.0913,-0.0308,0.9390,
46.404,IMU,38.7194,109.5450,74.1322,3.3236,0.1704,202.900,-3.522,-0.953,32.129,0.0693,-0.0034,0.9941,
46.410,ENC,38.7944,109.5501,74.1722,3.7497,0.2557,202.700,-3.522,-0.953,32.129,0.0693,-0.0034,0.9941,
46.433,ENC,38.8762,109.5484,74.2123,4.0906,-0.0852,202.461,-3.522,-0.953,32.129,0.0693,-0.0034,0.9941,
46.464,ENC,38.9546,109.5484,74.2515,3.9202,0.0000,202.236,-3.522,-0.953,32.129,0.0693,-0.0034,0.9941,
46.467,IMU,38.9546,109.5484,74.2515,3.9202,0.0000,202.236,-3.454,-0.909,31.914,0.0596,-0.0112,0.9844,
46.471,IMU,38.9546,109.5484,74.2515,3.9202,0.0000,202.236,-3.640,-0.946,31.737,0.1616,-0.0459,1.0039,
46.474,ENC,39.0552,109.5484,74.3018,5.0280,0.0000,201.948,-3.640,-0.946,31.737,0.1616,-0.0459,1.0039,
46.484,IMU,39.0552,109.5484,74.3018,5.0280,0.0000,201.948,-3.697,-1.039,31.556,0.1040,-0.0913,1.0078,
46.494,ENC,39.1676,109.5467,74.3572,5.6246,-0.0852,201.621,-3.697,-1.039,31.556,0.1040,-0.0913,1.0078,
46.518,IMU,39.1676,109.5467,74.3572,5.6246,-0.0852,201.621,-3.666,-1.166,31.355,0.0137,-0.0903,0.9966,
46.524,IMU,39.1676,109.5467,74.3572,5.6246,-0.0852,201.621,-3.685,-1.173,31.176,0.0732,-0.0806,1.0449,
46.528,ENC,39.2801,109.5467,74.4134,5.6246,0.0000,201.299,-3.685,-1.173,31.176,0.0732,-0.0806,1.0449,
46.530,ENC,39.3943,109.5484,74.4714,5.7098,0.0852,200.977,-3.685,-1.173,31.176,0.0732,-0.0806,1.0449,
46.575,IMU,39.3943,109.5484,74.4714,5.7098,0.0852,200.977,-3.625,-1.149,30.900,0.0513,-0.0522,1.0205,
46.578,ENC,39.5051,109.5484,74.5268,5.5394,0.0000,200.659,-3.625,-1.149,30.900,0.0513,-0.0522,1.0205,
46.581,ENC,39.6193,109.5484,74.5839,5.7098,0.0000,200.332,-3.625,-1.149,30.900,0.0513,-0.0522,1.0205,
46.585,IMU,39.6193,109.5484,74.5839,5.7098,0.0000,200.332,-3.554,-1.154,30.838,0.0317,-0.0220,0.9595,
46.589,ENC,39.7284,109.5484,74.6384,5.4542,0.0000,200.020,-3.554,-1.154,30.838,0.0317,-0.0220,0.9595,
46.609,IMU,39.7284,109.5484,74.6384,5.4542,0.0000,200.020,-3.537,-1.179,30.751,0.0557,-0.0479,1.0078,
46.611,ENC,39.8375,109.5484,74.6929,5.4542,0.0000,199.707,-3.537,-1.179,30.751,0.0557,-0.0479,1.0078,
46.625,IMU,39.8375,109.5484,74.6929,5.4542,0.0000,199.707,-3.593,-1.257,30.601,0.0923,-0.0649,0.9609,
46.644,IMU,39.8375,109.5484,74.6929,5.4542,0.0000,199.707,-3.529,-1.235,30.490,-0.0151,0.0308,0.9771,
46.649,ENC,40.0505,109.5484,74.7995,5.3263,0.0000,199.097,-3.529,-1.235,30.490,-0.0151,0.0308,0.9771,
46.666,IMU,40.0505,109.5484,74.7995,5.3263,0.0000,199.097,-3.562,-1.151,30.429,0.0933,0.0503,0.9497,
46.673,ENC,40.1562,109.5484,74.8523,5.2837,0.0000,198.794,-3.562,-1.151,30.429,0.0933,0.0503,0.9497,
46.690,ENC,40.2670,109.5484,74.9077,5.5394,0.0000,198.477,-3.562,-1.151,30.429,0.0933,0.0503,0.9497,
46.695,IMU,40.2670,109.5484,74.9077,5.5394,0.0000,198.477,-3.570,-1.208,30.348,0.0767,-0.0288,0.9712,
46.705,IMU,40.2670,109.5484,74.9077,5.5394,0.0000,198.477,-3.646,-1.171,30.285,0.1650,0.0234,0.9429,
46.709,ENC,40.3846,109.5484,74.9665,5.8803,0.0000,198.140,-3.646,-1.171,30.285,0.1650,0.0234,0.9429,
46.724,IMU,40.3846,109.5484,74.9665,5.8803,0.0000,198.140,-3.623,-1.194,30.157,0.0620,-0.0366,0.9971,
46.745,IMU,40.3846,109.5484,74.9665,5.8803,0.0000,198.140,-3.664,-1.122,30.087,0.0903,0.0063,0.9873,
46.781,ENC,40.4988,109.5484,75.0236,5.7098,0.0000,197.813,-3.664,-1.122,30.087,0.0903,0.0063,0.9873,
46.788,IMU,40.4988,109.5484,75.0236,5.7098,0.0000,197.813,-3.666,-1.135,30.003,0.0610,-0.0234,0.9497,
46.790,ENC,40.6096,109.5484,75.0790,5.5394,0.0000,197.495,-3.666,-1.135,30.003,0.0610,-0.0234,0.9497,
46.794,IMU,40.6096,109.5484,75.0790,5.5394,0.0000,197.495,-3.696,-1.126,29.921,0.1079,-0.0244,1.0020,
46.795,ENC,40.7255,109.5484,75.1369,5.7950,0.0000,197.163,-3.696,-1.126,29.921,0.1079,-0.0244,1.0020,
46.797,ENC,40.8482,109.5484,75.1983,6.1359,0.0000,196.812,-3.696,-1.126,29.921,0.1079,-0.0244,1.0020,
46.812,ENC,40.9675,109.5484,75.2579,5.9655,0.0000,196.470,-3.696,-1.126,29.921,0.1079,-0.0244,1.0020,
46.829,ENC,41.0885,109.5484,75.3185,6.0507,0.0000,196.123,-3.696,-1.126,29.921,0.1079,-0.0244,1.0020,
46.837,IMU,41.0885,109.5484,75.3185,6.0507,0.0000,196.123,-3.710,-1.136,29.849,0.0762,-0.0068,1.0322,
46.842,IMU,41.0885,109.5484,75.3185,6.0507,0.0000,196.123,-3.740,-1.198,29.762,0.0806,-0.0396,0.9653,
46.847,IMU,41.0885,109.5484,75.3185,6.0507,0.0000,196.123,-3.815,-1.207,29.640,0.1436,-0.0352,0.9932,
46.850,ENC,41.2061,109.5484,75.3773,5.8803,0.0000,195.786,-3.815,-1.207,29.640,0.1436,-0.0352,0.9932,
46.885,ENC,41.3271,109.5484,75.4378,6.0507,0.0000,195.439,-3.815,-1.207,29.640,0.1436,-0.0352,0.9932,
46.890,IMU,41.3271,109.5484,75.4378,6.0507,0.0000,195.439,-3.844,-1.174,29.460,0.0581,0.0361,1.0684,
46.892,ENC,41.4516,109.5484,75.5000,6.2211,0.0000,195.083,-3.844,-1.174,29.460,0.0581,0.0361,1.0684,
46.904,IMU,41.4516,109.5484,75.5000,6.2211,0.0000,195.083,-3.816,-1.201,29.280,0.0820,-0.0483,0.9805,
46.938,ENC,41.5845,109.5484,75.5665,6.6473,0.0000,194.702,-3.816,-1.201,29.280,0.0820,-0.0483,0.9805,
46.941,IMU,41.5845,109.5484,75.5665,6.6473,0.0000,194.702,-3.846,-1.182,29.176,0.0820,0.0000,0.9189,
46.944,ENC,41.7226,109.5484,75.6355,6.9029,0.0000,194.307,-3.846,-1.182,29.176,0.0820,0.0000,0.9189,
46.947,IMU,41.7226,109.5484,75.6355,6.9029,0.0000,194.307,-3.934,-1.167,29.106,0.1348,-0.0161,0.9980,
46.949,ENC,41.8606,109.5484,75.7045,6.9029,0.0000,193.911,-3.934,-1.167,29.106,0.1348,-0.0161,0.9980,
46.993,ENC,42.0072,109.5484,75.7778,7.3290,0.0000,193.491,-3.934,-1.167,29.106,0.1348,-0.0161,0.9980,
46.996,ENC,42.1453,109.5484,75.8468,6.9029,0.0000,193.096,-3.934,-1.167,29.106,0.1348,-0.0161,0.9980,
47.000,IMU,42.1453,109.5484,75.8468,6.9029,0.0000,193.096,-3.894,-1.161,28.949,0.0684,-0.0039,1.0488,
47.005,IMU,42.1453,109.5484,75.8468,6.9029,0.0000,193.096,-3.843,-1.193,28.843,0.0396,-0.0332,0.9536,
47.010,ENC,42.2799,109.5484,75.9142,6.7325,0.0000,192.710,-3.843,-1.193,28.843,0.0396,-0.0332,0.9536,
47.026,IMU,42.2799,109.5484,75.9142,6.7325,0.0000,192.710,-3.849,-1.175,28.784,0.1016,0.0107,1.0273,
47.060,IMU,42.2799,109.5484,75.9142,6.7325,0.0000,192.710,-3.902,-1.174,28.723,0.0942,-0.0039,0.9805,
47.062,ENC,42.5390,109.5484,76.0437,6.4768,0.0000,191.968,-3.902,-1.174,28.723,0.0942,-0.0039,0.9805,
47.066,IMU,42.5390,109.5484,76.0437,6.4768,0.0000,191.968,-3.945,-1.137,28.661,0.1147,0.0269,0.9956,
47.069,ENC,42.6634,109.5484,76.1059,6.2211,0.0000,191.611,-3.945,-1.137,28.661,0.1147,0.0269,0.9956,
47.084,IMU,42.6634,109.5484,76.1059,6.2211,0.0000,191.611,-3.899,-1.125,28.533,0.0659,0.0010,1.0010,
47.090,ENC,42.7895,109.5484,76.1690,6.3064,0.0000,191.250,-3.899,-1.125,28.533,0.0659,0.0010,1.0010,
47.104,IMU,42.7895,109.5484,76.1690,6.3064,0.0000,191.250,-3.823,-1.101,28.391,0.0234,0.0225,0.9463,
47.110,ENC,42.9157,109.5484,76.2320,6.3064,0.0000,190.889,-3.823,-1.101,28.391,0.0234,0.0225,0.9463,
47.124,IMU,42.9157,109.5484,76.2320,6.3064,0.0000,190.889,-3.845,-1.153,28.285,0.0532,-0.0503,0.9482,
47.148,IMU,42.9157,109.5484,76.2320,6.3064,0.0000,190.889,-3.858,-1.162,28.145,0.0737,-0.0254,1.0249,
47.151,ENC,43.0333,109.5467,76.2900,5.8803,-0.0852,190.547,-3.858,-1.162,28.145,0.0737,-0.0254,1.0249,
47.152,ENC,43.1492,109.5467,76.3479,5.7950,0.0000,190.215,-3.858,-1.162,28.145,0.0737,-0.0254,1.0249,
47.168,IMU,43.1492,109.5467,76.3479,5.7950,0.0000,190.215,-3.804,-1.199,28.047,0.0469,-0.0127,0.9873,
47.171,ENC,43.2600,109.5467,76.4033,5.5394,0.0000,189.897,-3.804,-1.199,28.047,0.0469,-0.0127,0.9873,
47.191,ENC,43.3656,109.5467,76.4562,5.2837,0.0000,189.595,-3.804,-1.199,28.047,0.0469,-0.0127,0.9873,
47.204,IMU,43.3656,109.5467,76.4562,5.2837,0.0000,189.595,-3.785,-1.283,27.714,0.0859,-0.0586,0.9941,
47.210,ENC,43.4662,109.5467,76.5064,5.0280,0.0000,189.307,-3.785,-1.283,27.714,0.0859,-0.0586,0.9941,
47.227,IMU,43.4662,109.5467,76.5064,5.0280,0.0000,189.307,-3.753,-1.212,27.582,0.0522,0.0273,0.9741,
47.236,ENC,43.5651,109.5467,76.5559,4.9428,0.0000,189.023,-3.753,-1.212,27.582,0.0522,0.0273,0.9741,
47.250,IMU,43.5651,109.5467,76.5559,4.9428,0.0000,189.023,-3.764,-1.200,27.492,0.0723,-0.0229,0.9814,
47.252,ENC,43.6673,109.5467,76.6070,5.1133,0.0000,188.730,-3.764,-1.200,27.492,0.0723,-0.0229,0.9814,
47.270,ENC,43.7594,109.5467,76.6530,4.6019,0.0000,188.467,-3.764,-1.200,27.492,0.0723,-0.0229,0.9814,
47.284,IMU,43.7594,109.5467,76.6530,4.6019,0.0000,188.467,-3.786,-1.154,27.324,0.0986,-0.0356,1.0112,
47.290,ENC,43.8565,109.5467,76.7016,4.8576,0.0000,188.188,-3.786,-1.154,27.324,0.0986,-0.0356,1.0112,
47.304,IMU,43.8565,109.5467,76.7016,4.8576,0.0000,188.188,-3.829,-1.196,27.253,0.0942,-0.0420,1.0381,
47.310,ENC,43.9571,109.5484,76.7527,5.0280,0.0852,187.905,-3.829,-1.196,27.253,0.0942,-0.0420,1.0381,
47.324,IMU,43.9571,109.5484,76.7527,5.0280,0.0852,187.905,-3.814,-1.172,27.149,0.0645,-0.0127,1.0078,
47.329,ENC,44.0491,109.5484,76.7987,4.6019,0.0000,187.642,-3.814,-1.172,27.149,0.0645,-0.0127,1.0078,
47.352,ENC,44.1377,109.5484,76.8431,4.4315,0.0000,187.388,-3.814,-1.172,27.149,0.0645,-0.0127,1.0078,
47.359,IMU,44.1377,109.5484,76.8431,4.4315,0.0000,187.388,-3.814,-1.161,27.073,0.0547,-0.0146,0.9717,
47.364,IMU,44.1377,109.5484,76.8431,4.4315,0.0000,187.388,-3.852,-1.161,27.020,0.1011,-0.0186,1.0132,
47.373,ENC,44.2349,109.5484,76.8916,4.8576,0.0000,187.109,-3.852,-1.161,27.020,0.1011,-0.0186,1.0132,
47.384,IMU,44.2349,109.5484,76.8916,4.8576,0.0000,187.109,-3.851,-1.131,26.944,0.0420,-0.0020,1.0195,
47.392,ENC,44.3167,109.5484,76.9325,4.0906,0.0000,186.875,-3.851,-1.131,26.944,0.0420,-0.0020,1.0195,
47.412,IMU,44.3167,109.5484,76.9325,4.0906,0.0000,186.875,-3.822,-1.135,26.852,0.0337,-0.0205,0.9912,
47.421,ENC,44.3917,109.5467,76.9692,3.7497,-0.0852,186.655,-3.822,-1.135,26.852,0.0337,-0.0205,0.9912,
47.425,IMU,44.3917,109.5467,76.9692,3.7497,-0.0852,186.655,-3.816,-1.075,26.821,0.0601,0.0337,0.9717,
47.429,ENC,44.4650,109.5484,77.0067,3.6645,0.0852,186.450,-3.816,-1.075,26.821,0.0601,0.0337,0.9717,
47.464,IMU,44.4650,109.5484,77.0067,3.6645,0.0852,186.450,-3.789,-1.127,26.745,0.0688,-0.0181,1.0278,
47.468,IMU,44.4650,109.5484,77.0067,3.6645,0.0852,186.450,-3.782,-1.138,26.684,0.0259,-0.0225,1.0161,
47.501,IMU,44.4650,109.5484,77.0067,3.6645,0.0852,186.450,-3.819,-1.107,26.591,0.0776,-0.0117,1.0083,
47.503,ENC,44.6917,109.5484,77.1200,3.7781,0.0000,185.801,-3.819,-1.107,26.591,0.0776,-0.0117,1.0083,
47.506,IMU,44.6917,109.5484,77.1200,3.7781,0.0000,185.801,-3.842,-1.123,26.531,0.0908,-0.0205,1.0391,
47.512,ENC,44.7684,109.5501,77.1592,3.8350,0.0852,185.586,-3.842,-1.123,26.531,0.0908,-0.0205,1.0391,
47.531,ENC,44.8434,109.5484,77.1959,3.7497,-0.0852,185.366,-3.842,-1.123,26.531,0.0908,-0.0205,1.0391,
47.555,IMU,44.8434,109.5484,77.1959,3.7497,-0.0852,185.366,-3.893,-1.104,26.457,0.1055,0.0005,1.0288,
47.559,IMU,44.8434,109.5484,77.1959,3.7497,-0.0852,185.366,-3.893,-1.074,26.388,0.0845,-0.0220,1.0068,
47.565,IMU,44.8434,109.5484,77.1959,3.7497,-0.0852,185.366,-3.888,-1.031,26.311,0.0518,0.0000,0.9897,
47.584,IMU,44.8434,109.5484,77.1959,3.7497,-0.0852,185.366,-3.921,-1.038,26.231,0.1240,0.0044,0.9917,
47.614,ENC,45.0649,109.5501,77.3075,3.6929,0.0284,184.736,-3.921,-1.038,26.231,0.1240,0.0044,0.9917,
47.618,IMU,45.0649,109.5501,77.3075,3.6929,0.0284,184.736,-3.888,-1.061,26.171,0.0444,-0.0156,1.0278,
47.620,ENC,45.1434,109.5484,77.3459,3.9202,-0.0852,184.507,-3.888,-1.061,26.171,0.0444,-0.0156,1.0278,
47.624,IMU,45.1434,109.5484,77.3459,3.9202,-0.0852,184.507,-3.924,-1.040,26.113,0.0796,-0.0078,0.9883,
47.630,ENC,45.2269,109.5501,77.3885,4.1758,0.0852,184.272,-3.924,-1.040,26.113,0.0796,-0.0078,0.9883,
47.676,IMU,45.2269,109.5501,77.3885,4.1758,0.0852,184.272,-3.926,-1.095,26.027,0.0679,-0.0103,1.0063,
47.679,ENC,45.3820,109.5484,77.4652,3.8776,-0.0426,183.823,-3.926,-1.095,26.027,0.0679,-0.0103,1.0063,
47.682,IMU,45.3820,109.5484,77.4652,3.8776,-0.0426,183.823,-3.947,-1.088,25.932,0.0723,-0.0298,1.0156,
47.685,IMU,45.3820,109.5484,77.4652,3.8776,-0.0426,183.823,-3.898,-1.065,25.848,0.0571,0.0044,0.9854,
47.689,ENC,45.4655,109.5501,77.5078,4.1758,0.0852,183.589,-3.898,-1.065,25.848,0.0571,0.0044,0.9854,
47.704,IMU,45.4655,109.5501,77.5078,4.1758,0.0852,183.589,-3.904,-1.056,25.754,0.0728,-0.0312,1.0039,
47.724,IMU,45.4655,109.5501,77.5078,4.1758,0.0852,183.589,-3.837,-1.049,25.677,0.0405,-0.0098,1.0029,
47.729,ENC,45.5405,109.5501,77.5453,3.7497,0.0000,183.374,-3.837,-1.049,25.677,0.0405,-0.0098,1.0029,
47.731,ENC,45.6172,109.5501,77.5836,3.8350,0.0000,183.154,-3.837,-1.049,25.677,0.0405,-0.0098,1.0029,
47.743,IMU,45.6172,109.5501,77.5836,3.8350,0.0000,183.154,-3.831,-1.070,25.615,0.0762,-0.0278,1.0186,
47.749,ENC,45.6922,109.5501,77.6211,3.7497,0.0000,182.939,-3.831,-1.070,25.615,0.0762,-0.0278,1.0186,
47.777,ENC,45.7689,109.5501,77.6595,3.8350,0.0000,182.720,-3.831,-1.070,25.615,0.0762,-0.0278,1.0186,
47.790,ENC,45.8422,109.5501,77.6961,3.6645,0.0000,182.510,-3.831,-1.070,25.615,0.0762,-0.0278,1.0186,
47.799,IMU,45.8422,109.5501,77.6961,3.6645,0.0000,182.510,-3.818,-1.083,25.488,0.0776,-0.0024,0.9839,
47.803,IMU,45.8422,109.5501,77.6961,3.6645,0.0000,182.510,-3.877,-1.104,25.429,0.1138,-0.0293,1.0039,
47.805,IMU,45.8422,109.5501,77.6961,3.6645,0.0000,182.510,-3.816,-1.125,25.363,0.0610,-0.0405,1.0195,
47.809,ENC,45.9172,109.5518,77.7345,3.7497,0.0852,182.300,-3.816,-1.125,25.363,0.0610,-0.0405,1.0195,
47.827,IMU,45.9172,109.5518,77.7345,3.7497,0.0852,182.300,-3.750,-1.110,25.324,0.0269,-0.0034,0.9565,
47.830,ENC,45.9973,109.5518,77.7745,4.0054,0.0000,182.070,-3.750,-1.110,25.324,0.0269,-0.0034,0.9565,
47.844,IMU,45.9973,109.5518,77.7745,4.0054,0.0000,182.070,-3.763,-1.138,25.259,0.0640,-0.0122,0.9897,
47.863,ENC,46.0706,109.5501,77.8103,3.6645,-0.0852,181.855,-3.763,-1.138,25.259,0.0640,-0.0122,0.9897,
47.866,IMU,46.0706,109.5501,77.8103,3.6645,-0.0852,181.855,-3.751,-1.131,25.201,0.0723,-0.0249,0.9946,
47.869,ENC,46.1387,109.5501,77.8444,3.4088,0.0000,181.660,-3.751,-1.131,25.201,0.0723,-0.0249,0.9946,
47.911,ENC,46.2137,109.5518,77.8828,3.7497,0.0852,181.450,-3.751,-1.131,25.201,0.0723,-0.0249,0.9946,
47.914,IMU,46.2137,109.5518,77.8828,3.7497,0.0852,181.450,-3.767,-1.128,25.167,0.1006,-0.0176,0.9756,
47.916,ENC,46.2904,109.5518,77.9211,3.8350,0.0000,181.230,-3.767,-1.128,25.167,0.1006,-0.0176,0.9756,
47.919,IMU,46.2904,109.5518,77.9211,3.8350,0.0000,181.230,-3.797,-1.089,25.142,0.0811,-0.0098,0.9517,
47.925,IMU,46.2904,109.5518,77.9211,3.8350,0.0000,181.230,-3.809,-1.074,24.999,0.0444,0.0269,0.9941,
47.930,ENC,46.3654,109.5518,77.9586,3.7497,0.0000,181.016,-3.809,-1.074,24.999,0.0444,0.0269,0.9941,
47.943,IMU,46.3654,109.5518,77.9586,3.7497,0.0000,181.016,-3.755,-1.099,24.965,0.0273,-0.0269,0.9746,
47.949,ENC,46.4336,109.5501,77.9918,3.4088,-0.0852,180.815,-3.755,-1.099,24.965,0.0273,-0.0269,0.9746,
47.965,IMU,46.4336,109.5501,77.9918,3.4088,-0.0852,180.815,-3.772,-0.990,24.907,0.0630,0.0508,1.0454,
47.969,ENC,46.4967,109.5467,78.0217,3.1532,-0.1704,180.625,-3.772,-0.990,24.907,0.0630,0.0508,1.0454,
47.985,IMU,46.4967,109.5467,78.0217,3.1532,-0.1704,180.625,-3.771,-0.914,24.781,0.0649,0.0557,0.9365,
48.025,ENC,46.5546,109.5382,78.0464,2.8975,-0.4261,180.435,-3.771,-0.914,24.781,0.0649,0.0557,0.9365,
48.029,IMU,46.5546,109.5382,78.0464,2.8975,-0.4261,180.435,-3.772,-0.846,24.665,0.0332,0.0664,1.0298,
48.031,ENC,46.5989,109.5228,78.0609,2.2158,-0.7670,180.264,-3.772,-0.846,24.665,0.0332,0.0664,1.0298,
48.034,IMU,46.5989,109.5228,78.0609,2.2158,-0.7670,180.264,-3.745,-0.783,24.589,0.0430,0.0337,0.9873,
48.036,ENC,46.6364,109.5075,78.0720,1.8749,-0.7670,180.112,-3.745,-0.783,24.589,0.0430,0.0337,0.9873,
48.044,IMU,46.6364,109.5075,78.0720,1.8749,-0.7670,180.112,-3.719,-0.820,24.569,0.0522,-0.0078,1.0562,
48.049,ENC,46.6654,109.5058,78.0856,1.4488,-0.0852,180.024,-3.719,-0.820,24.569,0.0522,-0.0078,1.0562,
48.066,IMU,46.6654,109.5058,78.0856,1.4488,-0.0852,180.024,-3.671,-0.849,24.544,0.0356,-0.0415,0.9404,
48.074,ENC,46.6876,109.5024,78.0950,1.1079,-0.1704,179.951,-3.671,-0.849,24.544,0.0356,-0.0415,0.9404,
48.084,IMU,46.6876,109.5024,78.0950,1.1079,-0.1704,179.951,-3.599,-0.847,24.501,0.0347,-0.0142,1.0596,
48.090,ENC,46.7063,109.5024,78.1043,0.9374,0.0000,179.897,-3.599,-0.847,24.501,0.0347,-0.0142,1.0596,
48.106,IMU,46.7063,109.5024,78.1043,0.9374,0.0000,179.897,-3.647,-0.805,24.502,0.0640,-0.0156,0.9434,
48.109,ENC,46.7216,109.5007,78.1112,0.7670,-0.0852,179.849,-3.647,-0.805,24.502,0.0640,-0.0156,0.9434,
48.124,IMU,46.7216,109.5007,78.1112,0.7670,-0.0852,179.849,-3.660,-0.766,24.461,0.0732,0.0146,1.0039,
48.144,IMU,46.7216,109.5007,78.1112,0.7670,-0.0852,179.849,-3.648,-0.776,24.400,0.0640,0.0044,1.0098,
48.160,ENC,46.7438,109.5024,78.1231,1.1079,0.0852,179.790,-3.648,-0.776,24.400,0.0640,0.0044,1.0098,
48.162,ENC,46.7523,109.4990,78.1256,0.4261,-0.1704,179.756,-3.648,-0.776,24.400,0.0640,0.0044,1.0098,
48.171,IMU,46.7523,109.4990,78.1256,0.4261,-0.1704,179.756,-3.650,-0.830,24.396,0.0659,-0.0186,0.9863,
48.173,ENC,46.7762,109.4990,78.1376,1.1931,0.0000,179.688,-3.650,-0.830,24.396,0.0659,-0.0186,0.9863,
48.184,IMU,46.7762,109.4990,78.1376,1.1931,0.0000,179.688,-3.634,-0.865,24.357,0.0547,-0.0322,1.0093,
48.188,ENC,46.7949,109.4938,78.1444,0.9374,-0.2557,179.619,-3.634,-0.865,24.357,0.0547,-0.0322,1.0093,
48.209,ENC,46.8069,109.4751,78.1410,0.5965,-0.9374,179.531,-3.634,-0.865,24.357,0.0547,-0.0322,1.0093,
48.218,IMU,46.8069,109.4751,78.1410,0.5965,-0.9374,179.531,-3.703,-0.861,24.349,0.0898,-0.0132,0.9829,
48.225,IMU,46.8069,109.4751,78.1410,0.5965,-0.9374,179.531,-3.772,-0.941,24.253,0.1240,-0.0410,0.9956,
48.232,ENC,46.8410,109.4546,78.1478,1.7044,-1.0227,179.375,-3.772,-0.941,24.253,0.1240,-0.0410,0.9956,
48.249,IMU,46.8410,109.4546,78.1478,1.7044,-1.0227,179.375,-3.729,-0.919,24.134,0.0308,-0.0405,1.0469,
48.264,IMU,46.8410,109.4546,78.1478,1.7044,-1.0227,179.375,-3.729,-0.937,24.030,0.0649,-0.0249,0.9497,
48.271,ENC,46.8597,109.4291,78.1444,0.9374,-1.2783,179.248,-3.729,-0.937,24.030,0.0649,-0.0249,0.9497,
48.273,ENC,46.8904,109.4069,78.1487,1.5340,-1.1079,179.097,-3.729,-0.937,24.030,0.0649,-0.0249,0.9497,
48.285,IMU,46.8904,109.4069,78.1487,1.5340,-1.1079,179.097,-3.775,-0.943,23.968,0.0859,-0.0078,0.9980,
48.289,ENC,46.9177,109.3916,78.1546,1.3635,-0.7670,178.975,-3.775,-0.943,23.968,0.0859,-0.0078,0.9980,
48.307,IMU,46.9177,109.3916,78.1546,1.3635,-0.7670,178.975,-3.789,-0.912,23.883,0.0981,0.0000,0.9961,
48.332,ENC,46.9415,109.3660,78.1538,1.1931,-1.2783,178.833,-3.789,-0.912,23.883,0.0981,0.0000,0.9961,
48.335,IMU,46.9415,109.3660,78.1538,1.1931,-1.2783,178.833,-3.855,-0.989,23.834,0.0952,-0.0547,1.0000,
48.337,ENC,46.9773,109.3456,78.1614,1.7896,-1.0227,178.672,-3.855,-0.989,23.834,0.0952,-0.0547,1.0000,
48.345,IMU,46.9773,109.3456,78.1614,1.7896,-1.0227,178.672,-3.943,-0.978,23.707,0.0972,-0.0210,0.9780,
48.349,ENC,47.0319,109.3064,78.1691,2.7271,-1.9601,178.403,-3.943,-0.978,23.707,0.0972,-0.0210,0.9780,
48.368,IMU,47.0319,109.3064,78.1691,2.7271,-1.9601,178.403,-3.933,-0.980,23.486,0.0967,-0.0356,1.0195,
48.385,IMU,47.0319,109.3064,78.1691,2.7271,-1.9601,178.403,-4.005,-1.038,23.266,0.1309,-0.0537,1.0581,
48.404,IMU,47.0319,109.3064,78.1691,2.7271,-1.9601,178.403,-4.036,-1.061,23.032,0.0859,-0.0244,0.9849,
48.409,ENC,47.0966,109.2569,78.1768,3.2384,-2.4714,178.076,-4.036,-1.061,23.032,0.0859,-0.0244,0.9849,
48.411,ENC,47.1801,109.1888,78.1844,4.1758,-3.4088,177.642,-4.036,-1.061,23.032,0.0859,-0.0244,0.9849,
48.413,ENC,47.2637,109.1155,78.1896,4.1758,-3.6645,177.192,-4.036,-1.061,23.032,0.0859,-0.0244,0.9849,
48.436,IMU,47.2637,109.1155,78.1896,4.1758,-3.6645,177.192,-4.025,-1.111,22.773,0.0454,-0.0146,0.9912,
48.438,ENC,47.3540,109.0371,78.1955,4.5167,-3.9202,176.709,-4.025,-1.111,22.773,0.0454,-0.0146,0.9912,
48.447,IMU,47.3540,109.0371,78.1955,4.5167,-3.9202,176.709,-3.982,-1.112,22.462,0.0464,-0.0122,0.9482,
48.449,ENC,47.4494,108.9570,78.2032,4.7724,-4.0054,176.206,-3.982,-1.112,22.462,0.0464,-0.0122,0.9482,
48.471,IMU,47.4494,108.9570,78.2032,4.7724,-4.0054,176.206,-3.988,-1.191,22.202,0.0615,-0.0454,0.9932,
48.473,ENC,47.5432,108.8734,78.2083,4.6872,-4.1758,175.698,-3.988,-1.191,22.202,0.0615,-0.0454,0.9932,
48.489,ENC,47.6403,108.7916,78.2160,4.8576,-4.0906,175.186,-3.988,-1.191,22.202,0.0615,-0.0454,0.9932,
48.492,IMU,47.6403,108.7916,78.2160,4.8576,-4.0906,175.186,-4.045,-1.222,21.953,0.1279,-0.0400,1.0488,
48.504,IMU,47.6403,108.7916,78.2160,4.8576,-4.0906,175.186,-3.984,-1.246,21.652,0.0283,-0.0278,0.9849,
48.509,ENC,47.7528,108.7064,78.2296,5.6246,-4.2611,174.619,-3.984,-1.246,21.652,0.0283,-0.0278,0.9849,
48.525,IMU,47.7528,108.7064,78.2296,5.6246,-4.2611,174.619,-3.945,-1.323,21.332,0.0264,-0.0664,1.0352,
48.529,ENC,47.8687,108.6178,78.2432,5.7950,-4.4315,174.033,-3.945,-1.323,21.332,0.0264,-0.0664,1.0352,
48.544,IMU,47.8687,108.6178,78.2432,5.7950,-4.4315,174.033,-3.954,-1.360,21.048,0.0908,-0.0234,0.9751,
48.564,IMU,47.8687,108.6178,78.2432,5.7950,-4.4315,174.033,-3.930,-1.370,20.693,0.0801,-0.0029,0.9961,
48.584,IMU,47.8687,108.6178,78.2432,5.7950,-4.4315,174.033,-3.874,-1.341,20.344,0.0356,0.0112,1.0044,
48.587,ENC,48.1159,108.4252,78.2705,6.1785,-4.8150,172.773,-3.874,-1.341,20.344,0.0356,0.0112,1.0044,
48.589,ENC,48.2437,108.3263,78.2850,6.3916,-4.9428,172.124,-3.874,-1.341,20.344,0.0356,0.0112,1.0044,
48.604,IMU,48.2437,108.3263,78.2850,6.3916,-4.9428,172.124,-3.988,-1.337,19.964,0.1470,0.0244,0.9546,
48.614,ENC,48.3715,108.2275,78.2995,6.3916,-4.9428,171.475,-3.988,-1.337,19.964,0.1470,0.0244,0.9546,
48.629,ENC,48.4925,108.1354,78.3140,6.0507,-4.6019,170.864,-3.988,-1.337,19.964,0.1470,0.0244,0.9546,
48.641,IMU,48.4925,108.1354,78.3140,6.0507,-4.6019,170.864,-3.912,-1.432,19.632,-0.0098,-0.0962,1.0122,
48.646,IMU,48.4925,108.1354,78.3140,6.0507,-4.6019,170.864,-3.978,-1.396,19.320,0.1055,0.0127,0.9712,
48.651,ENC,48.6289,108.0383,78.3336,6.8177,-4.8576,170.195,-3.978,-1.396,19.320,0.1055,0.0127,0.9712,
48.672,IMU,48.6289,108.0383,78.3336,6.8177,-4.8576,170.195,-3.977,-1.363,19.016,0.0850,0.0229,0.9941,
48.674,ENC,48.7721,107.9394,78.3557,7.1586,-4.9428,169.502,-3.977,-1.363,19.016,0.0850,0.0229,0.9941,
48.685,IMU,48.7721,107.9394,78.3557,7.1586,-4.9428,169.502,-3.956,-1.431,18.647,0.0654,-0.0381,1.0444,
48.689,ENC,48.9221,107.8644,78.3932,7.4995,-3.7497,168.857,-3.956,-1.431,18.647,0.0654,-0.0381,1.0444,
48.704,IMU,48.9221,107.8644,78.3932,7.4995,-3.7497,168.857,-3.974,-1.438,18.249,0.1089,0.0034,0.9829,
48.709,ENC,49.0652,107.8269,78.4461,7.1586,-1.8749,168.340,-3.974,-1.438,18.249,0.1089,0.0034,0.9829,
48.726,IMU,49.0652,107.8269,78.4461,7.1586,-1.8749,168.340,-3.978,-1.498,17.862,0.0649,-0.0527,1.0171,
48.744,IMU,49.0652,107.8269,78.4461,7.1586,-1.8749,168.340,-3.927,-1.480,17.494,-0.0005,0.0352,1.0122,
48.752,ENC,49.3550,107.6156,78.4853,7.2438,-5.2837,166.904,-3.927,-1.480,17.494,-0.0005,0.0352,1.0122,
48.765,IMU,49.3550,107.6156,78.4853,7.2438,-5.2837,166.904,-3.942,-1.453,17.121,0.0825,0.0181,1.0898,
48.769,ENC,49.4913,107.4571,78.4742,6.8177,-7.9256,166.060,-3.942,-1.453,17.121,0.0825,0.0181,1.0898,
48.792,ENC,49.6294,107.3701,78.4998,6.9029,-4.3463,165.415,-3.942,-1.453,17.121,0.0825,0.0181,1.0898,
48.797,IMU,49.6294,107.3701,78.4998,6.9029,-4.3463,165.415,-3.835,-1.519,16.735,-0.0200,-0.0562,1.1479,
48.810,IMU,49.6294,107.3701,78.4998,6.9029,-4.3463,165.415,-3.735,-1.614,16.403,-0.0054,-0.0537,0.9697,
48.812,ENC,49.7862,107.2985,78.5424,7.8403,-3.5793,164.761,-3.735,-1.614,16.403,-0.0054,-0.0537,0.9697,
48.824,IMU,49.7862,107.2985,78.5424,7.8403,-3.5793,164.761,-3.636,-1.641,16.070,0.0098,-0.0024,0.9888,
48.829,ENC,49.9311,107.2338,78.5824,7.2438,-3.2384,164.160,-3.636,-1.641,16.070,0.0098,-0.0024,0.9888,
48.846,IMU,49.9311,107.2338,78.5824,7.2438,-3.2384,164.160,-3.637,-1.642,15.697,0.0205,-0.0024,0.9224,
48.849,ENC,50.0811,107.1809,78.6310,7.4995,-2.6419,163.579,-3.637,-1.642,15.697,0.0205,-0.0024,0.9224,
48.866,IMU,50.0811,107.1809,78.6310,7.4995,-2.6419,163.579,-3.519,-1.678,15.310,-0.0098,-0.0151,0.9648,
48.869,ENC,50.2242,107.1417,78.6830,7.1586,-1.9601,163.057,-3.519,-1.678,15.310,-0.0098,-0.0151,0.9648,
48.885,IMU,50.2242,107.1417,78.6830,7.1586,-1.9601,163.057,-3.461,-1.868,14.928,0.0332,-0.1509,0.9741,
48.888,ENC,50.3930,107.1162,78.7546,8.4369,-1.2783,162.500,-3.461,-1.868,14.928,0.0332,-0.1509,0.9741,
48.909,ENC,50.5736,107.0957,78.8347,9.0334,-1.0227,161.924,-3.461,-1.868,14.928,0.0332,-0.1509,0.9741,
48.930,ENC,50.7526,107.0872,78.9199,8.9482,-0.4261,161.387,-3.461,-1.868,14.928,0.0332,-0.1509,0.9741,
48.934,IMU,50.7526,107.0872,78.9199,8.9482,-0.4261,161.387,-3.471,-2.042,14.579,0.0938,-0.1826,1.0010,
48.938,IMU,50.7526,107.0872,78.9199,8.9482,-0.4261,161.387,-3.422,-2.204,14.215,0.0322,-0.1333,0.9854,
48.944,IMU,50.7526,107.0872,78.9199,8.9482,-0.4261,161.387,-3.364,-2.250,13.822,0.0938,-0.0747,1.0903,
48.950,ENC,50.9435,107.0855,79.0145,9.5448,-0.0852,160.835,-3.364,-2.250,13.822,0.0938,-0.0747,1.0903,
48.969,ENC,51.1361,107.0889,79.1125,9.6300,0.1704,160.293,-3.364,-2.250,13.822,0.0938,-0.0747,1.0903,
48.982,IMU,51.1361,107.0889,79.1125,9.6300,0.1704,160.293,-3.356,-2.405,13.475,0.0938,-0.1411,0.9751,
48.987,IMU,51.1361,107.0889,79.1125,9.6300,0.1704,160.293,-3.315,-2.496,13.098,0.0923,-0.0737,1.0181,
48.989,ENC,51.3560,107.0957,79.2258,10.9935,0.3409,159.683,-3.315,-2.496,13.098,0.0923,-0.0737,1.0181,
49.004,IMU,51.3560,107.0957,79.2258,10.9935,0.3409,159.683,-3.170,-2.452,12.717,-0.0386,0.0107,0.8184,
49.008,ENC,51.5741,107.0957,79.3349,10.9083,0.0000,159.058,-3.170,-2.452,12.717,-0.0386,0.0107,0.8184,
49.032,ENC,51.8128,107.0957,79.4542,11.9310,0.0000,158.374,-3.170,-2.452,12.717,-0.0386,0.0107,0.8184,
49.050,IMU,51.8128,107.0957,79.4542,11.9310,0.0000,158.374,-3.167,-2.324,12.301,0.0737,0.0723,0.9678,
49.054,IMU,51.8128,107.0957,79.4542,11.9310,0.0000,158.374,-3.169,-2.233,11.883,0.0483,0.0542,0.9565,
49.055,ENC,52.0582,107.0991,79.5787,12.2718,0.1704,157.681,-3.169,-2.233,11.883,0.0483,0.0542,0.9565,
49.063,IMU,52.0582,107.0991,79.5787,12.2718,0.1704,157.681,-3.143,-2.157,11.415,0.0664,0.0298,0.9565,
49.069,ENC,52.3139,107.1008,79.7073,12.7832,0.0852,156.953,-3.143,-2.157,11.415,0.0664,0.0298,0.9565,
49.083,IMU,52.3139,107.1008,79.7073,12.7832,0.0852,156.953,-3.264,-2.267,10.952,0.1230,-0.1055,0.9336,
49.088,ENC,52.5746,107.1008,79.8377,13.0388,0.0000,156.206,-3.264,-2.267,10.952,0.1230,-0.1055,0.9336,
49.103,IMU,52.5746,107.1008,79.8377,13.0388,0.0000,156.206,-3.333,-2.258,10.492,0.0850,-0.0059,1.0347,
49.108,ENC,52.8252,107.1008,79.9630,12.5275,0.0000,155.488,-3.333,-2.258,10.492,0.0850,-0.0059,1.0347,
49.126,IMU,52.8252,107.1008,79.9630,12.5275,0.0000,155.488,-3.281,-2.378,10.027,0.0195,-0.0835,0.9404,
49.130,ENC,53.0979,107.1025,80.1002,13.6354,0.0852,154.712,-3.281,-2.378,10.027,0.0195,-0.0835,0.9404,
49.153,IMU,53.0979,107.1025,80.1002,13.6354,0.0852,154.712,-3.374,-2.393,9.576,0.1226,-0.0137,1.0317,
49.155,ENC,53.3689,107.1025,80.2357,13.5502,0.0000,153.936,-3.374,-2.393,9.576,0.1226,-0.0137,1.0317,
49.164,IMU,53.3689,107.1025,80.2357,13.5502,0.0000,153.936,-3.546,-2.396,9.109,0.2344,-0.0288,0.8389,
49.168,ENC,53.6280,107.1042,80.3661,12.9536,0.0852,153.198,-3.546,-2.396,9.109,0.2344,-0.0288,0.8389,
49.183,IMU,53.6280,107.1042,80.3661,12.9536,0.0852,153.198,-3.533,-2.440,8.598,0.0425,-0.0259,0.9878,
49.190,ENC,53.8615,107.1025,80.4820,11.6753,-0.0852,152.524,-3.533,-2.440,8.598,0.0425,-0.0259,0.9878,
49.203,IMU,53.8615,107.1025,80.4820,11.6753,-0.0852,152.524,-3.607,-2.428,8.176,0.1387,-0.0166,0.8945,
49.209,ENC,54.0745,107.1042,80.5894,10.6526,0.0852,151.919,-3.607,-2.428,8.176,0.1387,-0.0166,0.8945,
49.223,IMU,54.0745,107.1042,80.5894,10.6526,0.0852,151.919,-3.611,-2.505,7.706,0.1011,-0.0596,0.9185,
49.229,ENC,54.2944,107.1094,80.7019,10.9935,0.2557,151.304,-3.611,-2.505,7.706,0.1011,-0.0596,0.9185,
49.249,ENC,54.5075,107.1111,80.8093,10.6526,0.0852,150.698,-3.611,-2.505,7.706,0.1011,-0.0596,0.9185,
49.254,IMU,54.5075,107.1111,80.8093,10.6526,0.0852,150.698,-3.659,-2.453,7.268,0.0811,-0.0127,1.0356,
49.265,IMU,54.5075,107.1111,80.8093,10.6526,0.0852,150.698,-3.778,-2.442,6.836,0.1323,0.0059,0.8623,
49.268,ENC,54.7120,107.1111,80.9115,10.2265,0.0000,150.112,-3.778,-2.442,6.836,0.1323,0.0059,0.8623,
49.283,IMU,54.7120,107.1111,80.9115,10.2265,0.0000,150.112,-3.745,-2.380,6.486,0.0376,0.0479,1.0962,
49.332,IMU,54.7120,107.1111,80.9115,10.2265,0.0000,150.112,-3.728,-2.390,6.138,0.0439,-0.0239,0.9448,
49.335,IMU,54.7120,107.1111,80.9115,10.2265,0.0000,150.112,-3.765,-2.410,5.834,0.0718,-0.0635,1.1396,
49.338,ENC,55.3477,107.1162,81.2320,10.5958,0.0852,148.306,-3.765,-2.410,5.834,0.0718,-0.0635,1.1396,
49.344,IMU,55.3477,107.1162,81.2320,10.5958,0.0852,148.306,-3.874,-2.412,5.515,0.1426,-0.0405,0.8599,
49.349,ENC,55.5471,107.1179,81.3325,9.9709,0.0852,147.739,-3.874,-2.412,5.515,0.1426,-0.0405,0.8599,
49.364,IMU,55.5471,107.1179,81.3325,9.9709,0.0852,147.739,-3.768,-2.321,5.194,-0.0454,0.0298,0.9873,
49.369,ENC,55.7534,107.1179,81.4356,10.3118,0.0000,147.148,-3.768,-2.321,5.194,-0.0454,0.0298,0.9873,
49.383,IMU,55.7534,107.1179,81.4356,10.3118,0.0000,147.148,-3.706,-2.268,4.824,0.0288,0.0127,0.8677,
49.388,ENC,55.9647,107.1179,81.5413,10.5674,0.0000,146.543,-3.706,-2.268,4.824,0.0288,0.0127,0.8677,
49.404,IMU,55.9647,107.1179,81.5413,10.5674,0.0000,146.543,-3.724,-2.163,4.534,0.0225,0.0449,1.0566,
49.408,ENC,56.1846,107.1179,81.6512,10.9935,0.0000,145.913,-3.724,-2.163,4.534,0.0225,0.0449,1.0566,
49.424,IMU,56.1846,107.1179,81.6512,10.9935,0.0000,145.913,-3.755,-2.355,4.226,0.1650,-0.1416,1.0156,
49.443,IMU,56.1846,107.1179,81.6512,10.9935,0.0000,145.913,-3.570,-2.392,3.865,-0.1353,-0.0288,1.0518,
49.447,ENC,56.4062,107.1179,81.7620,11.0788,0.0000,145.278,-3.570,-2.392,3.865,-0.1353,-0.0288,1.0518,
49.450,ENC,56.6209,107.1179,81.8694,10.7379,0.0000,144.663,-3.570,-2.392,3.865,-0.1353,-0.0288,1.0518,
49.468,IMU,56.6209,107.1179,81.8694,10.7379,0.0000,144.663,-3.512,-2.334,3.532,-0.0488,0.0596,1.0850,
49.476,ENC,56.8357,107.1179,81.9768,10.7379,0.0000,144.048,-3.512,-2.334,3.532,-0.0488,0.0596,1.0850,
49.487,IMU,56.8357,107.1179,81.9768,10.7379,0.0000,144.048,-3.556,-2.358,3.170,0.1299,-0.0601,1.0679,
49.489,ENC,57.0470,107.1179,82.0825,10.5674,0.0000,143.442,-3.556,-2.358,3.170,0.1299,-0.0601,1.0679,
49.503,IMU,57.0470,107.1179,82.0825,10.5674,0.0000,143.442,-3.542,-2.416,2.834,0.0562,-0.0630,1.0532,
49.508,ENC,57.2396,107.1196,82.1796,9.6300,0.0852,142.896,-3.542,-2.416,2.834,0.0562,-0.0630,1.0532,
49.524,IMU,57.2396,107.1196,82.1796,9.6300,0.0852,142.896,-3.546,-2.510,2.477,0.0820,-0.0835,1.0010,
49.550,ENC,57.4459,107.1179,82.2819,10.3118,-0.0852,142.300,-3.546,-2.510,2.477,0.0820,-0.0835,1.0010,
49.553,ENC,57.6623,107.1196,82.3910,10.8231,0.0852,141.685,-3.546,-2.510,2.477,0.0820,-0.0835,1.0010,
49.557,IMU,57.6623,107.1196,82.3910,10.8231,0.0852,141.685,-3.497,-2.488,2.122,0.0278,0.0020,0.8691,
49.564,IMU,57.6623,107.1196,82.3910,10.8231,0.0852,141.685,-3.560,-2.489,1.681,0.0532,0.0000,0.9678,
49.571,ENC,57.8720,107.1196,82.4958,10.4822,0.0000,141.084,-3.560,-2.489,1.681,0.0532,0.0000,0.9678,
49.583,IMU,57.8720,107.1196,82.4958,10.4822,0.0000,141.084,-3.570,-2.604,1.280,0.0444,-0.1323,0.9561,
49.605,IMU,57.8720,107.1196,82.4958,10.4822,0.0000,141.084,-3.556,-2.630,0.898,0.0498,-0.0586,0.9722,
49.619,ENC,58.0936,107.1196,82.6066,11.0788,0.0000,140.449,-3.556,-2.630,0.898,0.0498,-0.0586,0.9722,
49.621,ENC,58.3288,107.1196,82.7242,11.7605,0.0000,139.775,-3.556,-2.630,0.898,0.0498,-0.0586,0.9722,
49.625,IMU,58.3288,107.1196,82.7242,11.7605,0.0000,139.775,-3.652,-2.696,0.525,0.1270,-0.0684,0.9307,
49.629,ENC,58.5572,107.1196,82.8384,11.4196,0.0000,139.121,-3.652,-2.696,0.525,0.1270,-0.0684,0.9307,
49.659,IMU,58.5572,107.1196,82.8384,11.4196,0.0000,139.121,-3.626,-2.706,0.130,0.0181,-0.0449,0.9453,
49.660,ENC,58.7770,107.1196,82.9483,10.9935,0.0000,138.491,-3.626,-2.706,0.130,0.0181,-0.0449,0.9453,
49.665,IMU,58.7770,107.1196,82.9483,10.9935,0.0000,138.491,-3.568,-2.786,-0.244,-0.0171,-0.0830,1.0820,
49.669,ENC,59.0020,107.1196,83.0608,11.2492,0.0000,137.847,-3.568,-2.786,-0.244,-0.0171,-0.0830,1.0820,
49.683,IMU,59.0020,107.1196,83.0608,11.2492,0.0000,137.847,-3.655,-2.976,-0.618,0.1870,-0.2036,0.9077,
49.688,ENC,59.2219,107.1196,83.1707,10.9935,0.0000,137.217,-3.655,-2.976,-0.618,0.1870,-0.2036,0.9077,
49.706,IMU,59.2219,107.1196,83.1707,10.9935,0.0000,137.217,-3.580,-3.024,-0.967,-0.0063,-0.0508,0.9185,
49.724,IMU,59.2219,107.1196,83.1707,10.9935,0.0000,137.217,-3.672,-2.996,-1.276,0.1069,0.0078,0.9575,
49.725,ENC,59.4418,107.1196,83.2807,10.9935,0.0000,136.587,-3.672,-2.996,-1.276,0.1069,0.0078,0.9575,
49.729,ENC,59.6582,107.1196,83.3889,10.8231,0.0000,135.967,-3.672,-2.996,-1.276,0.1069,0.0078,0.9575,
49.744,IMU,59.6582,107.1196,83.3889,10.8231,0.0000,135.967,-3.514,-2.977,-1.589,-0.0693,0.0098,0.8965,
49.749,ENC,59.8662,107.1213,83.4937,10.3970,0.0852,135.376,-3.514,-2.977,-1.589,-0.0693,0.0098,0.8965,
49.763,IMU,59.8662,107.1213,83.4937,10.3970,0.0852,135.376,-3.525,-2.952,-1.842,0.0562,-0.0322,1.1270,
49.769,ENC,60.0656,107.1196,83.5926,9.9709,-0.0852,134.800,-3.525,-2.952,-1.842,0.0562,-0.0322,1.1270,
49.784,IMU,60.0656,107.1196,83.5926,9.9709,-0.0852,134.800,-3.541,-2.965,-2.077,0.0620,-0.0396,1.0479,
49.789,ENC,60.2565,107.1213,83.6889,9.5448,0.0852,134.258,-3.541,-2.965,-2.077,0.0620,-0.0396,1.0479,
49.806,IMU,60.2565,107.1213,83.6889,9.5448,0.0852,134.258,-3.475,-2.952,-2.362,-0.0020,-0.0176,1.0889,
49.809,ENC,60.4252,107.1213,83.7732,8.4369,0.0000,133.774,-3.475,-2.952,-2.362,-0.0020,-0.0176,1.0889,
49.829,ENC,60.5786,107.1213,83.8499,7.6699,0.0000,133.335,-3.475,-2.952,-2.362,-0.0020,-0.0176,1.0889,
49.842,IMU,60.5786,107.1213,83.8499,7.6699,0.0000,133.335,-3.417,-2.824,-2.613,-0.0020,0.0430,0.9565,
49.845,IMU,60.5786,107.1213,83.8499,7.6699,0.0000,133.335,-3.375,-2.670,-2.739,0.0264,0.0703,0.9204,
49.849,ENC,60.6996,107.1332,83.9164,6.0507,0.5965,133.022,-3.375,-2.670,-2.739,0.0264,0.0703,0.9204,
49.863,IMU,60.6996,107.1332,83.9164,6.0507,0.5965,133.022,-3.293,-2.569,-2.776,-0.0532,0.0562,1.0405,
49.869,ENC,60.8002,107.1878,83.9940,5.0280,2.7271,132.891,-3.293,-2.569,-2.776,-0.0532,0.0562,1.0405,
49.889,ENC,60.8684,107.2815,84.0749,3.4088,4.6872,132.964,-3.293,-2.569,-2.776,-0.0532,0.0562,1.0405,
49.909,ENC,60.9144,107.3582,84.1363,2.3010,3.8350,133.052,-3.293,-2.569,-2.776,-0.0532,0.0562,1.0405,
49.913,IMU,60.9144,107.3582,84.1363,2.3010,3.8350,133.052,-3.161,-2.496,-2.707,-0.0659,-0.0122,1.0068,
49.916,IMU,60.9144,107.3582,84.1363,2.3010,3.8350,133.052,-3.181,-2.447,-2.586,0.0581,-0.0098,0.9917,
49.924,IMU,60.9144,107.3582,84.1363,2.3010,3.8350,133.052,-3.157,-2.487,-2.467,0.0840,-0.0713,0.9941,
49.928,ENC,60.9638,107.4519,84.2079,2.4714,4.6872,133.179,-3.157,-2.487,-2.467,0.0840,-0.0713,0.9941,
49.952,ENC,61.0201,107.5440,84.2820,2.8123,4.6019,133.281,-3.157,-2.487,-2.467,0.0840,-0.0713,0.9941,
49.955,IMU,61.0201,107.5440,84.2820,2.8123,4.6019,133.281,-3.299,-2.559,-2.368,0.1738,-0.0713,0.9932,
49.963,IMU,61.0201,107.5440,84.2820,2.8123,4.6019,133.281,-3.303,-2.504,-2.310,0.0928,-0.0381,0.9937,
49.968,ENC,61.0746,107.6326,84.3536,2.7271,4.4315,133.379,-3.303,-2.504,-2.310,0.0928,-0.0381,0.9937,
49.984,IMU,61.0746,107.6326,84.3536,2.7271,4.4315,133.379,-3.261,-2.446,-2.299,0.0400,-0.0161,0.9897,
49.989,ENC,61.1377,107.7161,84.4269,3.1532,4.1758,133.437,-3.261,-2.446,-2.299,0.0400,-0.0161,0.9897,
50.030,ENC,61.2075,107.7979,84.5027,3.4941,4.0906,133.472,-3.261,-2.446,-2.299,0.0400,-0.0161,0.9897,
50.033,ENC,61.2825,107.8951,84.5888,3.7497,4.8576,133.535,-3.261,-2.446,-2.299,0.0400,-0.0161,0.9897,
50.036,IMU,61.2825,107.8951,84.5888,3.7497,4.8576,133.535,-3.289,-2.534,-2.178,0.0229,-0.0586,1.0244,
50.047,IMU,61.2825,107.8951,84.5888,3.7497,4.8576,133.535,-3.287,-2.506,-2.181,0.0439,-0.0386,0.9609,
50.067,IMU,61.2825,107.8951,84.5888,3.7497,4.8576,133.535,-3.292,-2.430,-2.112,0.0547,-0.0020,1.0239,
50.075,ENC,61.3558,107.9888,84.6723,3.6645,4.6872,133.594,-3.292,-2.430,-2.112,0.0547,-0.0020,1.0239,
50.077,ENC,61.4359,108.0860,84.7610,4.0054,4.8576,133.643,-3.292,-2.430,-2.112,0.0547,-0.0020,1.0239,
50.085,IMU,61.4359,108.0860,84.7610,4.0054,4.8576,133.643,-3.376,-2.451,-2.135,0.1465,-0.0459,0.9717,
50.089,ENC,61.5177,108.1866,84.8521,4.0906,5.0280,133.696,-3.376,-2.451,-2.135,0.1465,-0.0459,0.9717,
50.114,IMU,61.5177,108.1866,84.8521,4.0906,5.0280,133.696,-3.393,-2.478,-2.080,0.0601,-0.0649,0.9751,
50.124,IMU,61.5177,108.1866,84.8521,4.0906,5.0280,133.696,-3.419,-2.434,-2.026,0.0752,-0.0132,0.9888,
50.145,IMU,61.5177,108.1866,84.8521,4.0906,5.0280,133.696,-3.387,-2.385,-1.980,0.0610,-0.0205,0.9751,
50.162,IMU,61.5177,108.1866,84.8521,4.0906,5.0280,133.696,-3.377,-2.334,-1.937,0.0449,-0.0005,0.8916,
50.169,ENC,61.8620,108.6024,85.2322,4.3037,5.1985,133.901,-3.377,-2.334,-1.937,0.0449,-0.0005,0.8916,
50.184,IMU,61.8620,108.6024,85.2322,4.3037,5.1985,133.901,-3.429,-2.394,-1.892,0.1016,-0.0669,0.9678,
50.189,ENC,61.9677,108.7081,85.3379,5.2837,5.2837,133.901,-3.429,-2.394,-1.892,0.1016,-0.0669,0.9678,
50.204,IMU,61.9677,108.7081,85.3379,5.2837,5.2837,133.901,-3.369,-2.453,-1.882,0.0630,-0.0854,0.9424,
50.209,ENC,62.0785,108.8121,85.4453,5.5394,5.1985,133.882,-3.369,-2.453,-1.882,0.0630,-0.0854,0.9424,
50.223,IMU,62.0785,108.8121,85.4453,5.5394,5.1985,133.882,-3.417,-2.521,-1.915,0.0742,-0.0815,0.9429,
50.229,ENC,62.1995,108.9280,85.5637,6.0507,5.7950,133.867,-3.417,-2.521,-1.915,0.0742,-0.0815,0.9429,
50.252,IMU,62.1995,108.9280,85.5637,6.0507,5.7950,133.867,-3.514,-2.616,-1.962,0.1104,-0.1382,0.9199,
50.264,IMU,62.1995,108.9280,85.5637,6.0507,5.7950,133.867,-3.560,-2.739,-2.069,0.1143,-0.1245,1.0015,
50.269,ENC,62.3325,109.0439,85.6882,6.6473,5.7950,133.818,-3.560,-2.739,-2.069,0.1143,-0.1245,1.0015,
50.271,ENC,62.4978,109.1717,85.8347,8.2665,6.3916,133.711,-3.560,-2.739,-2.069,0.1143,-0.1245,1.0015,
50.284,IMU,62.4978,109.1717,85.8347,8.2665,6.3916,133.711,-3.519,-2.710,-2.181,0.0161,-0.0103,0.9912,
50.288,ENC,62.6665,109.2978,85.9822,8.4369,6.3064,133.589,-3.519,-2.710,-2.181,0.0161,-0.0103,0.9912,
50.303,IMU,62.6665,109.2978,85.9822,8.4369,6.3064,133.589,-3.441,-2.740,-2.255,0.0142,-0.0527,1.0371,
50.309,ENC,62.8506,109.4393,86.1450,9.2039,7.0734,133.467,-3.441,-2.740,-2.255,0.0142,-0.0527,1.0371,
50.324,IMU,62.8506,109.4393,86.1450,9.2039,7.0734,133.467,-3.446,-2.921,-2.337,0.0713,-0.1992,1.1274,
50.329,ENC,63.0449,109.5978,86.3214,9.7152,7.9256,133.364,-3.446,-2.921,-2.337,0.0713,-0.1992,1.1274,
50.351,ENC,63.2426,109.7478,86.4952,9.8857,7.4995,133.228,-3.446,-2.921,-2.337,0.0713,-0.1992,1.1274,
50.355,IMU,63.2426,109.7478,86.4952,9.8857,7.4995,133.228,-3.431,-3.005,-2.445,0.0903,-0.1465,0.8643,
50.369,ENC,63.4540,109.8825,86.6682,10.5674,6.7325,133.008,-3.431,-3.005,-2.445,0.0903,-0.1465,0.8643,
50.374,IMU,63.4540,109.8825,86.6682,10.5674,6.7325,133.008,-3.688,-2.857,-2.573,0.2285,0.0146,0.8735,
50.383,IMU,63.4540,109.8825,86.6682,10.5674,6.7325,133.008,-3.657,-2.825,-2.712,0.0166,0.0264,0.9097,
50.392,ENC,63.6619,110.0239,86.8429,10.3970,7.0734,132.817,-3.657,-2.825,-2.712,0.0166,0.0264,0.9097,
50.403,IMU,63.6619,110.0239,86.8429,10.3970,7.0734,132.817,-3.708,-2.889,-2.789,0.0532,-0.0894,1.1270,
50.409,ENC,63.8647,110.1910,87.0278,10.1413,8.3517,132.715,-3.708,-2.889,-2.789,0.0532,-0.0894,1.1270,
50.425,IMU,63.8647,110.1910,87.0278,10.1413,8.3517,132.715,-3.729,-2.899,-2.849,0.0264,-0.0317,0.9785,
50.456,IMU,63.8647,110.1910,87.0278,10.1413,8.3517,132.715,-3.681,-2.885,-2.889,-0.0181,-0.0625,1.0088,
50.460,ENC,64.0590,110.3699,87.2145,9.7152,8.9482,132.671,-3.681,-2.885,-2.889,-0.0181,-0.0625,1.0088,
50.463,ENC,64.2499,110.5216,87.3858,9.5448,7.5847,132.559,-3.681,-2.885,-2.889,-0.0181,-0.0625,1.0088,
50.466,IMU,64.2499,110.5216,87.3858,9.5448,7.5847,132.559,-3.694,-2.747,-2.990,0.0703,0.0493,0.9897,
50.469,ENC,64.4442,110.6989,87.5716,9.7152,8.8630,132.510,-3.694,-2.747,-2.990,0.0703,0.0493,0.9897,
50.489,ENC,64.6437,110.8966,87.7701,9.9709,9.8857,132.505,-3.694,-2.747,-2.990,0.0703,0.0493,0.9897,
50.512,IMU,64.6437,110.8966,87.7701,9.9709,9.8857,132.505,-3.643,-2.752,-3.031,0.0566,-0.0698,0.8501,
50.514,ENC,64.8328,111.1079,87.9704,9.4595,10.5674,132.568,-3.643,-2.752,-3.031,0.0566,-0.0698,0.8501,
50.518,IMU,64.8328,111.1079,87.9704,9.4595,10.5674,132.568,-3.749,-2.715,-3.060,0.1558,-0.0264,0.9751,
50.524,IMU,64.8328,111.1079,87.9704,9.4595,10.5674,132.568,-3.840,-2.683,-3.114,0.1353,-0.0195,0.9248,
50.530,ENC,65.0340,111.3091,88.1715,10.0561,10.0561,132.568,-3.840,-2.683,-3.114,0.1353,-0.0195,0.9248,
50.560,IMU,65.0340,111.3091,88.1715,10.0561,10.0561,132.568,-3.876,-2.620,-3.141,0.1538,-0.0039,1.1621,
50.564,IMU,65.0340,111.3091,88.1715,10.0561,10.0561,132.568,-3.944,-2.602,-3.120,0.1562,-0.0332,1.0586,
50.571,ENC,65.2402,111.5204,88.3803,10.3118,10.5674,132.583,-3.944,-2.602,-3.120,0.1562,-0.0332,1.0586,
50.573,ENC,65.4311,111.7215,88.5763,9.5448,10.0561,132.612,-3.944,-2.602,-3.120,0.1562,-0.0332,1.0586,
50.586,IMU,65.4311,111.7215,88.5763,9.5448,10.0561,132.612,-3.960,-2.552,-3.144,0.0718,-0.0391,1.0933,
50.595,ENC,65.6237,111.9244,88.7740,9.6300,10.1413,132.642,-3.960,-2.552,-3.144,0.0718,-0.0391,1.0933,
50.609,ENC,65.8163,112.1221,88.9692,9.6300,9.8857,132.656,-3.960,-2.552,-3.144,0.0718,-0.0391,1.0933,
50.627,IMU,65.8163,112.1221,88.9692,9.6300,9.8857,132.656,-3.908,-2.354,-3.099,0.0547,0.1479,0.9937,
50.630,IMU,65.8163,112.1221,88.9692,9.6300,9.8857,132.656,-4.045,-1.994,-3.102,0.1758,0.1958,0.9053,
50.633,ENC,65.9987,112.2891,89.1439,9.1187,8.3517,132.612,-4.045,-1.994,-3.102,0.1758,0.1958,0.9053,
50.644,IMU,65.9987,112.2891,89.1439,9.1187,8.3517,132.612,-4.065,-1.774,-3.133,0.0317,0.1533,0.9775,
50.664,IMU,65.9987,112.2891,89.1439,9.1187,8.3517,132.612,-4.155,-1.615,-3.125,0.0991,0.1318,1.0234,
50.678,ENC,66.1691,112.4442,89.3067,8.5221,7.7551,132.568,-4.155,-1.615,-3.125,0.0991,0.1318,1.0234,
50.681,ENC,66.3293,112.5806,89.4549,8.0108,6.8177,132.500,-4.155,-1.615,-3.125,0.0991,0.1318,1.0234,
50.685,IMU,66.3293,112.5806,89.4549,8.0108,6.8177,132.500,-4.118,-1.625,-3.148,0.0410,-0.0098,0.9233,
50.690,ENC,66.4810,112.7101,89.5956,7.5847,6.4768,132.437,-4.118,-1.625,-3.148,0.0410,-0.0098,0.9233,
50.704,IMU,66.4810,112.7101,89.5956,7.5847,6.4768,132.437,-4.043,-1.526,-3.251,0.0322,0.0640,0.9487,
50.709,ENC,66.6157,112.8192,89.7174,6.7325,5.4542,132.363,-4.043,-1.526,-3.251,0.0322,0.0640,0.9487,
50.729,ENC,66.7520,112.9129,89.8325,6.8177,4.6872,132.241,-4.043,-1.526,-3.251,0.0322,0.0640,0.9487,
50.744,IMU,66.7520,112.9129,89.8325,6.8177,4.6872,132.241,-4.012,-1.463,-3.380,0.1343,0.0400,0.9619,
50.751,ENC,66.8867,112.9947,89.9407,6.7325,4.0906,132.090,-4.012,-1.463,-3.380,0.1343,0.0400,0.9619,
50.764,IMU,66.8867,112.9947,89.9407,6.7325,4.0906,132.090,-4.030,-1.421,-3.449,0.0610,0.0156,1.0044,
50.784,IMU,66.8867,112.9947,89.9407,6.7325,4.0906,132.090,-4.040,-1.447,-3.525,0.0459,-0.0293,1.0259,
50.789,ENC,67.0162,113.0561,90.0362,6.4768,3.0680,131.895,-4.040,-1.447,-3.525,0.0459,-0.0293,1.0259,
50.791,ENC,67.1440,113.1123,90.1282,6.3916,2.8123,131.689,-4.040,-1.447,-3.525,0.0459,-0.0293,1.0259,
50.805,IMU,67.1440,113.1123,90.1282,6.3916,2.8123,131.689,-3.988,-1.390,-3.601,0.0396,0.0591,0.9570,
50.809,ENC,67.2685,113.1669,90.2177,6.2211,2.7271,131.489,-3.988,-1.390,-3.601,0.0396,0.0591,0.9570,
50.824,IMU,67.2685,113.1669,90.2177,6.2211,2.7271,131.489,-3.966,-1.387,-3.679,0.0542,-0.0464,0.9214,
50.830,ENC,67.3895,113.2180,90.3037,6.0507,2.5566,131.289,-3.966,-1.387,-3.679,0.0542,-0.0464,0.9214,
50.866,IMU,67.3895,113.2180,90.3037,6.0507,2.5566,131.289,-3.982,-1.408,-3.781,0.1294,-0.0195,1.0615,
50.869,IMU,67.3895,113.2180,90.3037,6.0507,2.5566,131.289,-3.961,-1.364,-3.896,0.0352,0.0054,0.9312,
50.872,ENC,67.6434,113.2913,90.4674,6.3490,1.8323,130.771,-3.961,-1.364,-3.896,0.0352,0.0054,0.9312,
50.884,IMU,67.6434,113.2913,90.4674,6.3490,1.8323,130.771,-3.968,-1.452,-4.034,0.0991,-0.0718,1.0059,
50.889,ENC,67.7781,113.3237,90.5509,6.7325,1.6192,130.479,-3.968,-1.452,-4.034,0.0991,-0.0718,1.0059,
50.909,ENC,67.9042,113.3510,90.6276,6.3064,1.3635,130.195,-3.968,-1.452,-4.034,0.0991,-0.0718,1.0059,
50.931,ENC,68.0320,113.3765,90.7043,6.3916,1.2783,129.902,-3.968,-1.452,-4.034,0.0991,-0.0718,1.0059,
50.935,IMU,68.0320,113.3765,90.7043,6.3916,1.2783,129.902,-3.969,-1.521,-4.183,0.0469,-0.0894,0.9580,
50.939,IMU,68.0320,113.3765,90.7043,6.3916,1.2783,129.902,-3.947,-1.550,-4.377,0.0581,-0.0327,0.9629,
50.944,IMU,68.0320,113.3765,90.7043,6.3916,1.2783,129.902,-3.967,-1.558,-4.587,0.0537,-0.0146,0.9316,
50.949,ENC,68.1701,113.4038,90.7869,6.9029,1.3635,129.585,-3.967,-1.558,-4.587,0.0537,-0.0146,0.9316,
50.968,IMU,68.1701,113.4038,90.7869,6.9029,1.3635,129.585,-4.068,-1.577,-4.793,0.1284,0.0020,0.9951,
50.984,IMU,68.1701,113.4038,90.7869,6.9029,1.3635,129.585,-4.015,-1.565,-5.030,0.0371,0.0083,0.8770,
50.990,ENC,68.3082,113.4225,90.8654,6.9029,0.9374,129.243,-4.015,-1.565,-5.030,0.0371,0.0083,0.8770,
50.992,ENC,68.4564,113.4464,90.9514,7.4142,1.1931,128.887,-4.015,-1.565,-5.030,0.0371,0.0083,0.8770,
51.007,IMU,68.4564,113.4464,90.9514,7.4142,1.1931,128.887,-3.953,-1.695,-5.207,0.0029,-0.1206,1.0664,
51.009,ENC,68.6013,113.4686,91.0349,7.2438,1.1079,128.535,-3.953,-1.695,-5.207,0.0029,-0.1206,1.0664,
51.052,IMU,68.6013,113.4686,91.0349,7.2438,1.1079,128.535,-4.064,-1.708,-5.401,0.1621,-0.0474,1.0293,
51.054,ENC,68.7530,113.4907,91.1219,7.5847,1.1079,128.164,-4.064,-1.708,-5.401,0.1621,-0.0474,1.0293,
51.059,IMU,68.7530,113.4907,91.1219,7.5847,1.1079,128.164,-4.062,-1.836,-5.545,0.0801,-0.1030,1.0186,
51.061,ENC,68.9013,113.5163,91.2088,7.4142,1.2783,127.812,-4.062,-1.836,-5.545,0.0801,-0.1030,1.0186,
51.065,IMU,68.9013,113.5163,91.2088,7.4142,1.2783,127.812,-4.036,-1.906,-5.789,0.0532,-0.0610,0.9878,
51.069,ENC,69.0547,113.5453,91.3000,7.6699,1.4488,127.456,-4.036,-1.906,-5.789,0.0532,-0.0610,0.9878,
51.085,IMU,69.0547,113.5453,91.3000,7.6699,1.4488,127.456,-4.078,-1.973,-5.939,0.0664,-0.1299,1.0679,
51.098,ENC,69.2013,113.5674,91.3843,7.3290,1.1079,127.100,-4.078,-1.973,-5.939,0.0664,-0.1299,1.0679,
51.104,IMU,69.2013,113.5674,91.3843,7.3290,1.1079,127.100,-4.061,-1.926,-6.112,0.1025,-0.0151,0.9790,
51.109,ENC,69.3598,113.5981,91.4789,7.9256,1.5340,126.733,-4.061,-1.926,-6.112,0.1025,-0.0151,0.9790,
51.124,IMU,69.3598,113.5981,91.4789,7.9256,1.5340,126.733,-4.160,-1.878,-6.274,0.1470,-0.0518,1.0142,
51.132,ENC,69.5166,113.6254,91.5710,7.8403,1.3635,126.362,-4.160,-1.878,-6.274,0.1470,-0.0518,1.0142,
51.153,IMU,69.5166,113.6254,91.5710,7.8403,1.3635,126.362,-4.199,-1.829,-6.497,0.0889,-0.0137,0.9609,
51.155,ENC,69.6768,113.6595,91.6681,8.0108,1.7044,126.001,-4.199,-1.829,-6.497,0.0889,-0.0137,0.9609,
51.164,IMU,69.6768,113.6595,91.6681,8.0108,1.7044,126.001,-4.338,-1.819,-6.680,0.1714,-0.0044,0.9170,
51.169,ENC,69.8319,113.6850,91.7585,7.7551,1.2783,125.630,-4.338,-1.819,-6.680,0.1714,-0.0044,0.9170,
51.183,IMU,69.8319,113.6850,91.7585,7.7551,1.2783,125.630,-4.284,-1.784,-6.887,0.0664,0.0112,0.9932,
51.189,ENC,69.9990,113.7123,91.8556,8.3517,1.3635,125.229,-4.284,-1.784,-6.887,0.0664,0.0112,0.9932,
51.204,IMU,69.9990,113.7123,91.8556,8.3517,1.3635,125.229,-4.231,-1.731,-7.045,0.0693,0.0293,0.9214,
51.210,ENC,70.1643,113.7396,91.9519,8.2665,1.3635,124.834,-4.231,-1.731,-7.045,0.0693,0.0293,0.9214,
51.225,IMU,70.1643,113.7396,91.9519,8.2665,1.3635,124.834,-4.181,-1.768,-7.296,0.0425,-0.0342,1.0400,
51.255,IMU,70.1643,113.7396,91.9519,8.2665,1.3635,124.834,-4.158,-1.738,-7.490,0.0479,0.0049,0.9194,
51.279,ENC,70.4949,113.7958,92.1454,8.2665,1.4061,124.048,-4.158,-1.738,-7.490,0.0479,0.0049,0.9194,
51.281,ENC,70.6517,113.8248,92.2383,7.8403,1.4488,123.682,-4.158,-1.738,-7.490,0.0479,0.0049,0.9194,
51.292,ENC,70.8086,113.8538,92.3312,7.8403,1.4488,123.315,-4.158,-1.738,-7.490,0.0479,0.0049,0.9194,
51.295,IMU,70.8086,113.8538,92.3312,7.8403,1.4488,123.315,-4.036,-1.720,-7.691,-0.0508,-0.0371,1.0596,
51.300,IMU,70.8086,113.8538,92.3312,7.8403,1.4488,123.315,-3.980,-1.798,-7.851,0.0562,-0.0894,1.0112,
51.304,IMU,70.8086,113.8538,92.3312,7.8403,1.4488,123.315,-3.960,-1.833,-7.994,0.0132,-0.0645,0.9585,
51.313,ENC,70.9534,113.8793,92.4164,7.2438,1.2783,122.974,-3.960,-1.833,-7.994,0.0132,-0.0645,0.9585,
51.325,IMU,70.9534,113.8793,92.4164,7.2438,1.2783,122.974,-3.953,-1.914,-8.180,0.0527,-0.0830,1.1060,
51.330,ENC,71.1017,113.9083,92.5050,7.4142,1.4488,122.632,-3.953,-1.914,-8.180,0.0527,-0.0830,1.1060,
51.344,IMU,71.1017,113.9083,92.5050,7.4142,1.4488,122.632,-3.991,-2.043,-8.321,0.0708,-0.1362,1.1484,
51.349,ENC,71.2483,113.9407,92.5945,7.3290,1.6192,122.305,-3.991,-2.043,-8.321,0.0708,-0.1362,1.1484,
51.364,IMU,71.2483,113.9407,92.5945,7.3290,1.6192,122.305,-4.053,-2.147,-8.530,0.1152,-0.0781,1.0298,
51.369,ENC,71.3829,113.9663,92.6746,6.7325,1.2783,121.992,-4.053,-2.147,-8.530,0.1152,-0.0781,1.0298,
51.403,ENC,71.5244,114.0072,92.7658,7.0734,2.0453,121.704,-4.053,-2.147,-8.530,0.1152,-0.0781,1.0298,
51.407,IMU,71.5244,114.0072,92.7658,7.0734,2.0453,121.704,-3.976,-2.129,-8.724,0.0205,0.0005,1.0674,
51.410,IMU,71.5244,114.0072,92.7658,7.0734,2.0453,121.704,-3.954,-2.100,-8.893,0.0215,0.0059,0.9209,
51.412,ENC,71.6642,114.0395,92.8519,6.9881,1.6192,121.396,-3.954,-2.100,-8.893,0.0215,0.0059,0.9209,
51.425,IMU,71.6642,114.0395,92.8519,6.9881,1.6192,121.396,-3.969,-2.056,-9.013,0.0679,0.0151,1.0308,
51.429,ENC,71.7954,114.0685,92.9320,6.5620,1.4488,121.104,-3.969,-2.056,-9.013,0.0679,0.0151,1.0308,
51.448,IMU,71.7954,114.0685,92.9320,6.5620,1.4488,121.104,-3.934,-2.063,-9.167,0.0469,0.0000,0.9863,
51.464,IMU,71.7954,114.0685,92.9320,6.5620,1.4488,121.104,-3.861,-2.030,-9.381,0.0229,0.0083,0.8896,
51.469,ENC,71.9454,114.0873,93.0163,7.4995,0.9374,120.728,-3.861,-2.030,-9.381,0.0229,0.0083,0.8896,
51.470,ENC,72.0920,114.1179,93.1050,7.3290,1.5340,120.396,-3.861,-2.030,-9.381,0.0229,0.0083,0.8896,
51.506,IMU,72.0920,114.1179,93.1050,7.3290,1.5340,120.396,-3.793,-2.086,-9.719,0.0132,-0.0244,1.0005,
51.508,ENC,72.2420,114.1503,93.1962,7.4995,1.6192,120.059,-3.793,-2.086,-9.719,0.0132,-0.0244,1.0005,
51.511,ENC,72.3886,114.1708,93.2797,7.3290,1.0227,119.697,-3.793,-2.086,-9.719,0.0132,-0.0244,1.0005,
51.524,IMU,72.3886,114.1708,93.2797,7.3290,1.0227,119.697,-3.795,-2.075,-9.852,0.0625,-0.0103,1.0059,
51.529,ENC,72.5402,114.2032,93.3717,7.5847,1.6192,119.355,-3.795,-2.075,-9.852,0.0625,-0.0103,1.0059,
51.547,IMU,72.5402,114.2032,93.3717,7.5847,1.6192,119.355,-3.706,-2.076,-10.009,0.0156,0.0000,0.9067,
51.552,ENC,72.6749,114.2253,93.4501,6.7325,1.1079,119.033,-3.706,-2.076,-10.009,0.0156,0.0000,0.9067,
51.567,IMU,72.6749,114.2253,93.4501,6.7325,1.1079,119.033,-3.704,-1.986,-10.181,0.0942,0.0332,0.9326,
51.569,ENC,72.8334,114.2560,93.5447,7.9256,1.5340,118.667,-3.704,-1.986,-10.181,0.0942,0.0332,0.9326,
51.584,IMU,72.8334,114.2560,93.5447,7.9256,1.5340,118.667,-3.810,-2.045,-10.359,0.1772,-0.0518,0.9746,
51.590,ENC,72.9817,114.2833,93.6325,7.4142,1.3635,118.320,-3.810,-2.045,-10.359,0.1772,-0.0518,0.9746,
51.610,IMU,72.9817,114.2833,93.6325,7.4142,1.3635,118.320,-3.818,-2.135,-10.524,0.0596,-0.0991,1.0596,
51.612,ENC,73.1368,114.3122,93.7245,7.7551,1.4488,117.959,-3.818,-2.135,-10.524,0.0596,-0.0991,1.0596,
51.625,IMU,73.1368,114.3122,93.7245,7.7551,1.4488,117.959,-3.706,-2.153,-10.710,-0.0542,-0.0352,0.9902,
51.630,ENC,73.2902,114.3395,93.8149,7.6699,1.3635,117.598,-3.706,-2.153,-10.710,-0.0542,-0.0352,0.9902,
51.644,IMU,73.2902,114.3395,93.8149,7.6699,1.3635,117.598,-3.684,-2.173,-10.883,0.0513,-0.0386,0.9414,
51.649,ENC,73.4385,114.3668,93.9026,7.4142,1.3635,117.251,-3.684,-2.173,-10.883,0.0513,-0.0386,0.9414,
51.680,IMU,73.4385,114.3668,93.9026,7.4142,1.3635,117.251,-3.611,-2.096,-11.050,0.0459,0.0356,0.8545,
51.684,IMU,73.4385,114.3668,93.9026,7.4142,1.3635,117.251,-3.599,-2.162,-11.238,0.0459,-0.0176,0.9771,
51.689,ENC,73.7521,114.4247,94.0884,7.8403,1.4488,116.519,-3.599,-2.162,-11.238,0.0459,-0.0176,0.9771,
51.706,IMU,73.7521,114.4247,94.0884,7.8403,1.4488,116.519,-3.515,-2.110,-11.453,-0.0137,0.0103,0.9614,
51.709,ENC,73.9021,114.4605,94.1813,7.4995,1.7896,116.191,-3.515,-2.110,-11.453,-0.0137,0.0103,0.9614,
51.724,IMU,73.9021,114.4605,94.1813,7.4995,1.7896,116.191,-3.482,-2.055,-11.651,0.0601,-0.0010,0.8657,
51.730,ENC,74.0589,114.4793,94.2691,7.8403,0.9374,115.796,-3.482,-2.055,-11.651,0.0601,-0.0010,0.8657,
51.750,ENC,74.2072,114.5083,94.3577,7.4142,1.4488,115.454,-3.482,-2.055,-11.651,0.0601,-0.0010,0.8657,
51.763,IMU,74.2072,114.5083,94.3577,7.4142,1.4488,115.454,-3.344,-2.036,-11.884,-0.0059,0.0137,0.9736,
51.766,IMU,74.2072,114.5083,94.3577,7.4142,1.4488,115.454,-3.402,-2.073,-12.114,0.1177,-0.0869,1.0215,
51.768,ENC,74.3469,114.5389,94.4429,6.9881,1.5340,115.142,-3.402,-2.073,-12.114,0.1177,-0.0869,1.0215,
51.783,IMU,74.3469,114.5389,94.4429,6.9881,1.5340,115.142,-3.397,-2.178,-12.298,0.0649,-0.0947,0.9795,
51.790,ENC,74.4884,114.5679,94.5282,7.0734,1.4488,114.819,-3.397,-2.178,-12.298,0.0649,-0.0947,0.9795,
51.815,IMU,74.4884,114.5679,94.5282,7.0734,1.4488,114.819,-3.475,-2.129,-12.495,0.0610,0.0205,1.0200,
51.817,ENC,74.6248,114.6071,94.6159,6.8177,1.9601,114.541,-3.475,-2.129,-12.495,0.0610,0.0205,1.0200,
51.844,IMU,74.6248,114.6071,94.6159,6.8177,1.9601,114.541,-3.433,-2.093,-12.853,0.0454,0.0415,1.0039,
51.892,IMU,74.6248,114.6071,94.6159,6.8177,1.9601,114.541,-3.457,-2.084,-13.019,0.0796,-0.0610,0.9336,
51.894,ENC,75.1429,114.7145,94.9287,6.4768,1.3422,113.364,-3.457,-2.084,-13.019,0.0796,-0.0610,0.9336,
51.898,IMU,75.1429,114.7145,94.9287,6.4768,1.3422,113.364,-3.510,-2.039,-13.228,0.1284,0.0112,1.0142,
51.905,IMU,75.1429,114.7145,94.9287,6.4768,1.3422,113.364,-3.444,-1.955,-13.429,0.0444,0.0518,0.9595,
51.910,ENC,75.2741,114.7401,95.0071,6.5620,1.2783,113.062,-3.444,-1.955,-13.429,0.0444,0.0518,0.9595,
51.929,ENC,75.4139,114.7571,95.0855,6.9881,0.8522,112.710,-3.444,-1.955,-13.429,0.0444,0.0518,0.9595,
51.951,ENC,75.5537,114.7707,95.1622,6.9881,0.6818,112.349,-3.444,-1.955,-13.429,0.0444,0.0518,0.9595,
51.955,IMU,75.5537,114.7707,95.1622,6.9881,0.6818,112.349,-3.491,-1.845,-13.587,0.0874,0.0811,0.9580,
51.959,IMU,75.5537,114.7707,95.1622,6.9881,0.6818,112.349,-3.564,-1.841,-13.750,0.1016,-0.0229,0.9961,
51.964,IMU,75.5537,114.7707,95.1622,6.9881,0.6818,112.349,-3.659,-1.812,-13.898,0.1538,-0.0317,0.9292,
51.969,ENC,75.6934,114.7963,95.2449,6.9881,1.2783,112.021,-3.659,-1.812,-13.898,0.1538,-0.0317,0.9292,
52.010,ENC,75.8366,114.8151,95.3258,7.1586,0.9374,111.665,-3.659,-1.812,-13.898,0.1538,-0.0317,0.9292,
52.013,IMU,75.8366,114.8151,95.3258,7.1586,0.9374,111.665,-3.632,-1.899,-14.357,0.0410,-0.0522,1.0859,
52.015,ENC,75.9968,114.8457,95.4213,8.0108,1.5340,111.294,-3.632,-1.899,-14.357,0.0410,-0.0522,1.0859,
52.025,IMU,75.9968,114.8457,95.4213,8.0108,1.5340,111.294,-3.651,-1.854,-14.567,0.0576,-0.0117,1.0161,
52.049,ENC,76.3190,114.8849,95.6019,8.0534,0.9800,110.483,-3.651,-1.854,-14.567,0.0576,-0.0117,1.0161,
52.060,IMU,76.3190,114.8849,95.6019,8.0534,0.9800,110.483,-3.711,-1.882,-14.820,0.1362,-0.0342,0.9873,
52.064,IMU,76.3190,114.8849,95.6019,8.0534,0.9800,110.483,-3.683,-1.756,-15.030,0.0586,0.0684,0.9546,
52.069,ENC,76.4672,114.9020,95.6846,7.4142,0.8522,110.107,-3.683,-1.756,-15.030,0.0586,0.0684,0.9546,
52.085,IMU,76.4672,114.9020,95.6846,7.4142,0.8522,110.107,-3.658,-1.691,-15.222,0.0718,0.0337,1.0015,
52.105,IMU,76.4672,114.9020,95.6846,7.4142,0.8522,110.107,-3.639,-1.587,-15.460,0.0684,0.0430,0.9424,
52.109,ENC,76.7979,114.9054,95.8516,8.2665,0.0852,109.170,-3.639,-1.587,-15.460,0.0684,0.0430,0.9424,
52.125,IMU,76.7979,114.9054,95.8516,8.2665,0.0852,109.170,-3.634,-1.566,-15.704,0.0083,0.0259,1.1416,
52.129,ENC,76.9649,114.9054,95.9352,8.3517,0.0000,108.691,-3.634,-1.566,-15.704,0.0083,0.0259,1.1416,
52.144,IMU,76.9649,114.9054,95.9352,8.3517,0.0000,108.691,-3.508,-1.626,-15.924,-0.0210,-0.0352,0.9141,
52.169,IMU,76.9649,114.9054,95.9352,8.3517,0.0000,108.691,-3.529,-1.667,-16.112,0.0327,-0.0513,0.9941,
52.182,ENC,77.2990,114.9054,96.1022,8.3517,0.0000,107.734,-3.529,-1.667,-16.112,0.0327,-0.0513,0.9941,
52.185,IMU,77.2990,114.9054,96.1022,8.3517,0.0000,107.734,-3.557,-1.714,-16.284,0.0698,-0.0415,0.9839,
52.189,ENC,77.4592,114.9054,96.1823,8.0108,0.0000,107.275,-3.557,-1.714,-16.284,0.0698,-0.0415,0.9839,
52.204,IMU,77.4592,114.9054,96.1823,8.0108,0.0000,107.275,-3.689,-1.748,-16.498,0.1470,-0.0605,1.0605,
52.209,ENC,77.6194,114.9054,96.2624,8.0108,0.0000,106.816,-3.689,-1.748,-16.498,0.1470,-0.0605,1.0605,
52.224,IMU,77.6194,114.9054,96.2624,8.0108,0.0000,106.816,-3.725,-1.724,-16.701,0.1353,-0.0171,1.0635,
52.244,IMU,77.6194,114.9054,96.2624,8.0108,0.0000,106.816,-3.874,-1.660,-16.900,0.1558,-0.0029,0.9248,
52.249,ENC,77.9228,114.9054,96.4141,7.5847,0.0000,105.947,-3.874,-1.660,-16.900,0.1558,-0.0029,0.9248,
52.264,IMU,77.9228,114.9054,96.4141,7.5847,0.0000,105.947,-3.912,-1.664,-17.100,0.1035,-0.0400,0.9810,
52.269,ENC,78.0711,114.9054,96.4882,7.4142,0.0000,105.522,-3.912,-1.664,-17.100,0.1035,-0.0400,0.9810,
52.290,ENC,78.2177,114.9054,96.5615,7.3290,0.0000,105.103,-3.912,-1.664,-17.100,0.1035,-0.0400,0.9810,
52.304,IMU,78.2177,114.9054,96.5615,7.3290,0.0000,105.103,-3.933,-1.657,-17.605,0.1460,-0.0752,1.0146,
52.309,ENC,78.3677,114.9054,96.6365,7.4995,0.0000,104.673,-3.933,-1.657,-17.605,0.1460,-0.0752,1.0146,
52.331,IMU,78.3677,114.9054,96.6365,7.4995,0.0000,104.673,-3.735,-1.710,-17.857,-0.1235,-0.0239,1.0029,
52.349,IMU,78.3677,114.9054,96.6365,7.4995,0.0000,104.673,-3.822,-1.714,-18.123,0.1460,-0.0396,1.0923,
52.367,IMU,78.3677,114.9054,96.6365,7.4995,0.0000,104.673,-3.704,-1.729,-18.368,-0.0737,-0.0093,1.0083,
52.369,ENC,78.8415,114.9054,96.8734,7.8972,0.0000,103.315,-3.704,-1.729,-18.368,-0.0737,-0.0093,1.0083,
52.384,IMU,78.8415,114.9054,96.8734,7.8972,0.0000,103.315,-3.627,-1.687,-18.588,0.0220,0.0010,0.8706,
52.390,ENC,79.0085,114.9054,96.9570,8.3517,0.0000,102.837,-3.627,-1.687,-18.588,0.0220,0.0010,0.8706,
52.405,IMU,79.0085,114.9054,96.9570,8.3517,0.0000,102.837,-3.704,-1.771,-18.774,0.0977,-0.0869,1.0347,
52.410,ENC,79.1824,114.9054,97.0439,8.6926,0.0000,102.339,-3.704,-1.771,-18.774,0.0977,-0.0869,1.0347,
52.424,IMU,79.1824,114.9054,97.0439,8.6926,0.0000,102.339,-3.587,-1.685,-19.017,-0.0435,0.0425,1.0479,
52.430,ENC,79.3528,114.9054,97.1291,8.5221,0.0000,101.851,-3.587,-1.685,-19.017,-0.0435,0.0425,1.0479,
52.449,ENC,79.5386,114.9071,97.2229,9.2891,0.0852,101.323,-3.587,-1.685,-19.017,-0.0435,0.0425,1.0479,
52.470,IMU,79.5386,114.9071,97.2229,9.2891,0.0852,101.323,-3.503,-1.651,-19.210,-0.0435,0.0435,0.9912,
52.474,IMU,79.5386,114.9071,97.2229,9.2891,0.0852,101.323,-3.365,-1.773,-19.419,-0.0005,-0.0747,0.9170,
52.476,ENC,79.7176,114.9071,97.3123,8.9482,0.0000,100.811,-3.365,-1.773,-19.419,-0.0005,-0.0747,0.9170,
52.484,IMU,79.7176,114.9071,97.3123,8.9482,0.0000,100.811,-3.271,-1.783,-19.647,0.0322,-0.0073,0.8989,
52.489,ENC,79.8965,114.9088,97.4027,8.9482,0.0852,100.303,-3.271,-1.783,-19.647,0.0322,-0.0073,0.8989,
52.518,ENC,80.0738,114.9088,97.4913,8.8630,0.0000,99.795,-3.271,-1.783,-19.647,0.0322,-0.0073,0.8989,
52.529,ENC,80.2391,114.9156,97.5774,8.2665,0.3409,99.341,-3.271,-1.783,-19.647,0.0322,-0.0073,0.8989,
52.533,IMU,80.2391,114.9156,97.5774,8.2665,0.3409,99.341,-3.383,-1.812,-19.831,0.1494,-0.0889,0.9492,
52.536,IMU,80.2391,114.9156,97.5774,8.2665,0.3409,99.341,-3.267,-1.790,-19.929,-0.0195,0.0044,0.9712,
52.544,IMU,80.2391,114.9156,97.5774,8.2665,0.3409,99.341,-3.198,-1.679,-19.951,0.0322,0.0688,0.9321,
52.550,ENC,80.3857,114.9787,97.6822,7.3290,3.1532,99.102,-3.198,-1.679,-19.951,0.0322,0.0688,0.9321,
52.570,ENC,80.5135,115.0656,97.7896,6.3916,4.3463,98.984,-3.198,-1.679,-19.951,0.0322,0.0688,0.9321,
52.586,IMU,80.5135,115.0656,97.7896,6.3916,4.3463,98.984,-3.163,-1.632,-19.891,0.0352,-0.0083,0.9722,
52.590,IMU,80.5135,115.0656,97.7896,6.3916,4.3463,98.984,-3.171,-1.635,-19.889,0.0874,-0.0557,0.9478,
52.592,ENC,80.6294,115.2003,97.9148,5.7950,6.7325,99.038,-3.171,-1.635,-19.889,0.0874,-0.0557,0.9478,
52.604,IMU,80.6294,115.2003,97.9148,5.7950,6.7325,99.038,-3.060,-1.611,-19.778,-0.0728,-0.0493,1.0273,
52.634,IMU,80.6294,115.2003,97.9148,5.7950,6.7325,99.038,-3.087,-1.667,-19.678,0.1392,-0.0601,1.0132,
52.636,ENC,80.7385,115.3417,98.0401,5.4542,7.0734,99.131,-3.087,-1.667,-19.678,0.1392,-0.0601,1.0132,
52.638,ENC,80.8493,115.4934,98.1714,5.5394,7.5847,99.248,-3.087,-1.667,-19.678,0.1392,-0.0601,1.0132,
52.646,IMU,80.8493,115.4934,98.1714,5.5394,7.5847,99.248,-3.072,-1.698,-19.553,0.0454,-0.0508,1.0181,
52.649,ENC,80.9669,115.6502,98.3086,5.8803,7.8403,99.360,-3.072,-1.698,-19.553,0.0454,-0.0508,1.0181,
52.696,IMU,80.9669,115.6502,98.3086,5.8803,7.8403,99.360,-3.144,-1.722,-19.464,0.1353,-0.0469,1.0371,
52.700,IMU,80.9669,115.6502,98.3086,5.8803,7.8403,99.360,-3.181,-1.698,-19.404,0.1006,-0.0278,1.0220,
52.702,ENC,81.2021,115.9434,98.5728,5.8803,7.3290,99.526,-3.181,-1.698,-19.404,0.1006,-0.0278,1.0220,
52.706,IMU,81.2021,115.9434,98.5728,5.8803,7.3290,99.526,-3.167,-1.609,-19.381,0.0381,0.0493,1.0088,
52.709,ENC,81.3231,116.0883,98.7057,6.0507,7.2438,99.595,-3.167,-1.609,-19.381,0.0381,0.0493,1.0088,
52.734,ENC,81.4424,116.2229,98.8327,5.9655,6.7325,99.639,-3.167,-1.609,-19.381,0.0381,0.0493,1.0088,
52.738,IMU,81.4424,116.2229,98.8327,5.9655,6.7325,99.639,-3.093,-1.520,-19.315,0.0132,-0.0029,0.9795,
52.745,IMU,81.4424,116.2229,98.8327,5.9655,6.7325,99.639,-3.072,-1.436,-19.259,0.0869,0.0776,0.9731,
52.750,ENC,81.5618,116.3490,98.9554,5.9655,6.3064,99.658,-3.072,-1.436,-19.259,0.0869,0.0776,0.9731,
52.764,IMU,81.5618,116.3490,98.9554,5.9655,6.3064,99.658,-3.136,-1.450,-19.276,0.1445,-0.0420,1.0312,
52.769,ENC,81.6862,116.4820,99.0841,6.2211,6.6473,99.683,-3.136,-1.450,-19.276,0.1445,-0.0420,1.0312,
52.820,ENC,81.8021,116.6030,99.2025,5.7950,6.0507,99.697,-3.136,-1.450,-19.276,0.1445,-0.0420,1.0312,
52.823,ENC,81.9026,116.7308,99.3167,5.0280,6.3916,99.775,-3.136,-1.450,-19.276,0.1445,-0.0420,1.0312,
52.826,IMU,81.9026,116.7308,99.3167,5.0280,6.3916,99.775,-3.043,-1.406,-19.113,0.0430,0.0166,0.9893,
52.829,IMU,81.9026,116.7308,99.3167,5.0280,6.3916,99.775,-3.002,-1.353,-19.048,0.0415,0.0161,1.0112,
52.831,ENC,81.9998,116.8552,99.4275,4.8576,6.2211,99.854,-3.002,-1.353,-19.048,0.0415,0.0161,1.0112,
52.844,IMU,81.9998,116.8552,99.4275,4.8576,6.2211,99.854,-3.019,-1.268,-19.002,0.1045,0.0566,0.9561,
52.849,ENC,82.0867,116.9660,99.5264,4.3463,5.5394,99.922,-3.019,-1.268,-19.002,0.1045,0.0566,0.9561,
52.865,IMU,82.0867,116.9660,99.5264,4.3463,5.5394,99.922,-3.013,-1.130,-18.909,0.0444,0.0669,1.0117,
52.870,ENC,82.1651,117.0734,99.6193,3.9202,5.3689,100.005,-3.013,-1.130,-18.909,0.0444,0.0669,1.0117,
52.884,IMU,82.1651,117.0734,99.6193,3.9202,5.3689,100.005,-3.073,-1.041,-18.839,0.1206,0.0684,0.9907,
52.892,ENC,82.2418,117.1689,99.7053,3.8350,4.7724,100.059,-3.073,-1.041,-18.839,0.1206,0.0684,0.9907,
52.910,ENC,82.3134,117.2524,99.7829,3.5793,4.1758,100.093,-3.073,-1.041,-18.839,0.1206,0.0684,0.9907,
52.926,IMU,82.3134,117.2524,99.7829,3.5793,4.1758,100.093,-3.074,-1.001,-18.875,0.0952,0.0181,0.9795,
52.931,IMU,82.3134,117.2524,99.7829,3.5793,4.1758,100.093,-3.079,-0.958,-18.912,0.0557,0.0552,0.9458,
52.933,ENC,82.3884,117.3240,99.8562,3.7497,3.5793,100.083,-3.079,-0.958,-18.912,0.0557,0.0552,0.9458,
52.944,IMU,82.3884,117.3240,99.8562,3.7497,3.5793,100.083,-3.114,-0.932,-18.956,0.0884,0.0000,1.0117,
52.952,ENC,82.4566,117.3819,99.9192,3.4088,2.8975,100.054,-3.114,-0.932,-18.956,0.0884,0.0000,1.0117,
52.964,IMU,82.4566,117.3819,99.9192,3.4088,2.8975,100.054,-3.129,-0.880,-18.973,0.0688,0.0083,1.0229,
52.976,ENC,82.5179,117.4348,99.9763,3.0680,2.6419,100.029,-3.129,-0.880,-18.973,0.0688,0.0083,1.0229,
52.985,IMU,82.5179,117.4348,99.9763,3.0680,2.6419,100.029,-3.098,-0.850,-18.959,0.0479,0.0132,0.9834,
52.989,ENC,82.5998,117.4927,100.0462,4.0906,2.8975,99.961,-3.098,-0.850,-18.959,0.0479,0.0132,0.9834,
53.004,IMU,82.5998,117.4927,100.0462,4.0906,2.8975,99.961,-3.069,-0.869,-18.944,0.0278,-0.0117,1.0029,
53.016,ENC,82.6372,117.5524,100.0948,1.8749,2.9827,100.024,-3.069,-0.869,-18.944,0.0278,-0.0117,1.0029,
53.029,ENC,82.6799,117.6035,100.1417,2.1305,2.5566,100.049,-3.069,-0.869,-18.944,0.0278,-0.0117,1.0029,
53.037,IMU,82.6799,117.6035,100.1417,2.1305,2.5566,100.049,-3.106,-0.892,-18.944,0.0703,-0.0303,1.0083,
53.045,IMU,82.6799,117.6035,100.1417,2.1305,2.5566,100.049,-3.134,-0.875,-18.923,0.0688,-0.0259,1.0195,
53.049,ENC,82.7293,117.6580,100.1937,2.4714,2.7271,100.063,-3.134,-0.875,-18.923,0.0688,-0.0259,1.0195,
53.069,ENC,82.7770,117.7194,100.2482,2.3862,3.0680,100.103,-3.134,-0.875,-18.923,0.0688,-0.0259,1.0195,
53.088,IMU,82.7770,117.7194,100.2482,2.3862,3.0680,100.103,-3.173,-0.862,-18.902,0.0557,-0.0039,1.0171,
53.091,IMU,82.7770,117.7194,100.2482,2.3862,3.0680,100.103,-3.221,-0.890,-18.885,0.1157,-0.0225,0.9731,
53.093,ENC,82.8264,117.7842,100.3053,2.4714,3.2384,100.146,-3.221,-0.890,-18.885,0.1157,-0.0225,0.9731,
53.104,IMU,82.8264,117.7842,100.3053,2.4714,3.2384,100.146,-3.260,-0.852,-18.892,0.0591,-0.0146,0.9785,
53.109,ENC,82.8844,117.8370,100.3607,2.8975,2.6419,100.132,-3.260,-0.852,-18.892,0.0591,-0.0146,0.9785,
53.124,IMU,82.8844,117.8370,100.3607,2.8975,2.6419,100.132,-3.313,-0.826,-18.908,0.0981,-0.0054,0.9785,
53.144,IMU,82.8844,117.8370,100.3607,2.8975,2.6419,100.132,-3.373,-0.812,-18.896,0.0894,-0.0444,1.0312,
53.146,ENC,82.9270,117.8949,100.4110,2.1305,2.8975,100.176,-3.373,-0.812,-18.896,0.0894,-0.0444,1.0312,
53.154,ENC,82.9713,117.9461,100.4587,2.2158,2.5566,100.195,-3.373,-0.812,-18.896,0.0894,-0.0444,1.0312,
53.164,IMU,82.9713,117.9461,100.4587,2.2158,2.5566,100.195,-3.376,-0.826,-18.870,0.0591,-0.0151,0.9814,
53.172,ENC,83.0276,117.9938,100.5107,2.8123,2.3862,100.171,-3.376,-0.826,-18.870,0.0591,-0.0151,0.9814,
53.187,IMU,83.0276,117.9938,100.5107,2.8123,2.3862,100.171,-3.423,-0.874,-18.884,0.0815,-0.0503,1.0107,
53.189,ENC,83.1077,118.0535,100.5806,4.0054,2.9827,100.112,-3.423,-0.874,-18.884,0.0815,-0.0503,1.0107,
53.204,IMU,83.1077,118.0535,100.5806,4.0054,2.9827,100.112,-3.404,-0.873,-18.854,0.0610,-0.0215,0.9927,
53.209,ENC,83.1690,118.1148,100.6419,3.0680,3.0680,100.112,-3.404,-0.873,-18.854,0.0610,-0.0215,0.9927,
53.224,IMU,83.1690,118.1148,100.6419,3.0680,3.0680,100.112,-3.450,-0.873,-18.841,0.0747,-0.0205,1.0034,
53.245,IMU,83.1690,118.1148,100.6419,3.0680,3.0680,100.112,-3.458,-0.892,-18.795,0.0854,-0.0464,0.9922,
53.247,ENC,83.2202,118.1762,100.6982,2.5566,3.0680,100.142,-3.458,-0.892,-18.795,0.0854,-0.0464,0.9922,
53.249,ENC,83.2628,118.2426,100.7527,2.1305,3.3236,100.210,-3.458,-0.892,-18.795,0.0854,-0.0464,0.9922,
53.265,IMU,83.2628,118.2426,100.7527,2.1305,3.3236,100.210,-3.478,-0.854,-18.813,0.1050,-0.0132,1.0020,
53.269,ENC,83.3241,118.3142,100.8192,3.0680,3.5793,100.239,-3.478,-0.854,-18.813,0.1050,-0.0132,1.0020,
53.284,IMU,83.3241,118.3142,100.8192,3.0680,3.5793,100.239,-3.509,-0.859,-18.773,0.0645,-0.0278,0.9751,
53.289,ENC,83.4094,118.3892,100.8993,4.2611,3.7497,100.210,-3.509,-0.859,-18.773,0.0645,-0.0278,0.9751,
53.304,IMU,83.4094,118.3892,100.8993,4.2611,3.7497,100.210,-3.471,-0.963,-18.706,0.0566,-0.0439,1.0151,
53.309,ENC,83.4843,118.4659,100.9751,3.7497,3.8350,100.215,-3.471,-0.963,-18.706,0.0566,-0.0439,1.0151,
53.324,IMU,83.4843,118.4659,100.9751,3.7497,3.8350,100.215,-3.516,-1.104,-18.678,0.0894,-0.1104,0.9902,
53.336,ENC,83.5628,118.5443,101.0535,3.9202,3.9202,100.215,-3.516,-1.104,-18.678,0.0894,-0.1104,0.9902,
53.349,ENC,83.6565,118.6398,101.1481,4.6872,4.7724,100.220,-3.516,-1.104,-18.678,0.0894,-0.1104,0.9902,
53.370,IMU,83.6565,118.6398,101.1481,4.6872,4.7724,100.220,-3.473,-1.193,-18.669,0.0029,-0.0845,0.9844,
53.374,IMU,83.6565,118.6398,101.1481,4.6872,4.7724,100.220,-3.465,-1.331,-18.623,0.0610,-0.1294,0.9346,
53.376,ENC,83.7605,118.7489,101.2547,5.1985,5.4542,100.234,-3.465,-1.331,-18.623,0.0610,-0.1294,0.9346,
53.393,IMU,83.7605,118.7489,101.2547,5.1985,5.4542,100.234,-3.395,-1.388,-18.618,0.0225,-0.1035,0.9189,
53.405,IMU,83.7605,118.7489,101.2547,5.1985,5.4542,100.234,-3.435,-1.439,-18.552,0.1089,-0.0732,0.9624,
53.410,ENC,83.8798,118.8665,101.3731,5.9655,5.8803,100.229,-3.435,-1.439,-18.552,0.1089,-0.0732,0.9624,
53.412,ENC,84.0076,118.9892,101.4984,6.3916,6.1359,100.215,-3.435,-1.439,-18.552,0.1089,-0.0732,0.9624,
53.424,IMU,84.0076,118.9892,101.4984,6.3916,6.1359,100.215,-3.409,-1.622,-18.540,0.0352,-0.1514,0.9839,
53.453,ENC,84.3025,119.2755,101.7890,7.3716,7.1586,100.190,-3.409,-1.622,-18.540,0.0352,-0.1514,0.9839,
53.460,IMU,84.3025,119.2755,101.7890,7.3716,7.1586,100.190,-3.361,-1.639,-18.517,-0.0151,-0.1055,1.0249,
53.468,IMU,84.3025,119.2755,101.7890,7.3716,7.1586,100.190,-3.251,-1.679,-18.482,0.0010,-0.0972,0.9180,
53.471,ENC,84.4542,119.4323,101.9432,7.5847,7.8403,100.205,-3.251,-1.679,-18.482,0.0010,-0.0972,0.9180,
53.484,IMU,84.4542,119.4323,101.9432,7.5847,7.8403,100.205,-3.160,-1.769,-18.461,-0.0229,-0.0845,1.0781,
53.514,IMU,84.4542,119.4323,101.9432,7.5847,7.8403,100.205,-3.114,-1.709,-18.408,0.0161,-0.0215,0.9824,
53.525,IMU,84.4542,119.4323,101.9432,7.5847,7.8403,100.205,-3.127,-1.604,-18.370,0.0483,0.0229,0.8652,
53.527,ENC,84.7695,119.7408,102.2552,7.8830,7.7125,100.186,-3.127,-1.604,-18.370,0.0483,0.0229,0.8652,
53.529,ENC,84.9263,119.8993,102.4128,7.8403,7.9256,100.190,-3.127,-1.604,-18.370,0.0483,0.0229,0.8652,
53.544,IMU,84.9263,119.8993,102.4128,7.8403,7.9256,100.190,-3.141,-1.571,-18.375,0.0811,0.0005,1.0229,
53.549,ENC,85.0831,120.0630,102.5730,7.8403,8.1812,100.210,-3.141,-1.571,-18.375,0.0811,0.0005,1.0229,
53.567,IMU,85.0831,120.0630,102.5730,7.8403,8.1812,100.210,-3.080,-1.537,-18.333,0.0127,0.0049,1.0410,
53.570,ENC,85.2365,120.2232,102.7298,7.6699,8.0108,100.229,-3.080,-1.537,-18.333,0.0127,0.0049,1.0410,
53.585,IMU,85.2365,120.2232,102.7298,7.6699,8.0108,100.229,-2.972,-1.560,-18.329,-0.0488,-0.0400,0.8511,
53.589,ENC,85.3814,120.3817,102.8815,7.2438,7.9256,100.269,-2.972,-1.560,-18.329,-0.0488,-0.0400,0.8511,
53.635,IMU,85.3814,120.3817,102.8815,7.2438,7.9256,100.269,-3.096,-1.605,-18.344,0.1362,-0.0850,1.0293,
53.639,IMU,85.3814,120.3817,102.8815,7.2438,7.9256,100.269,-3.141,-1.530,-18.325,0.0923,0.0288,1.0747,
53.642,ENC,85.5348,120.5419,103.0383,7.6699,8.0108,100.288,-3.141,-1.530,-18.325,0.0923,0.0288,1.0747,
53.644,ENC,85.6762,120.7055,103.1909,7.0734,8.1812,100.352,-3.141,-1.530,-18.325,0.0923,0.0288,1.0747,
53.647,IMU,85.6762,120.7055,103.1909,7.0734,8.1812,100.352,-3.108,-1.394,-18.269,0.0098,0.0776,1.0317,
53.651,ENC,85.8313,120.8692,103.3503,7.7551,8.1812,100.376,-3.108,-1.394,-18.269,0.0098,0.0776,1.0317,
53.664,IMU,85.8313,120.8692,103.3503,7.7551,8.1812,100.376,-3.264,-1.409,-18.191,0.1582,0.0034,1.0938,
53.673,ENC,85.9745,121.0277,103.5011,7.1586,7.9256,100.420,-3.264,-1.409,-18.191,0.1582,0.0034,1.0938,
53.685,IMU,85.9745,121.0277,103.5011,7.1586,7.9256,100.420,-3.212,-1.264,-18.195,0.0508,0.1001,0.9619,
53.689,ENC,86.1143,121.1879,103.6511,6.9881,8.0108,100.479,-3.212,-1.264,-18.195,0.0508,0.1001,0.9619,
53.704,IMU,86.1143,121.1879,103.6511,6.9881,8.0108,100.479,-3.255,-1.148,-18.104,0.0781,0.0664,1.0107,
53.710,ENC,86.2523,121.3447,103.7985,6.9029,7.8403,100.532,-3.255,-1.148,-18.104,0.0781,0.0664,1.0107,
53.724,IMU,86.2523,121.3447,103.7985,6.9029,7.8403,100.532,-3.294,-1.118,-18.123,0.0698,0.0093,0.9663,
53.758,IMU,86.2523,121.3447,103.7985,6.9029,7.8403,100.532,-3.323,-0.997,-18.020,0.0146,0.0454,0.8647,
53.760,ENC,86.3870,121.4964,103.9417,6.7325,7.5847,100.581,-3.323,-0.997,-18.020,0.0146,0.0454,0.8647,
53.762,ENC,86.5148,121.6327,104.0738,6.3916,6.8177,100.605,-3.323,-0.997,-18.020,0.0146,0.0454,0.8647,
53.765,IMU,86.5148,121.6327,104.0738,6.3916,6.8177,100.605,-3.348,-0.828,-18.003,0.0649,0.1108,0.9751,
53.785,IMU,86.5148,121.6327,104.0738,6.3916,6.8177,100.605,-3.264,-0.721,-18.039,0.0083,0.1177,1.0747,
53.804,IMU,86.5148,121.6327,104.0738,6.3916,6.8177,100.605,-3.305,-0.560,-18.014,0.0679,0.1021,0.9805,
53.818,ENC,86.7262,121.8680,104.2971,5.2837,5.8803,100.674,-3.305,-0.560,-18.014,0.0679,0.1021,0.9805,
53.821,ENC,86.8199,121.9668,104.3934,4.6872,4.9428,100.688,-3.305,-0.560,-18.014,0.0679,0.1021,0.9805,
53.826,IMU,86.8199,121.9668,104.3934,4.6872,4.9428,100.688,-3.287,-0.570,-18.061,0.0234,0.0435,0.9331,
53.829,ENC,86.9085,122.0520,104.4803,4.4315,4.2611,100.679,-3.287,-0.570,-18.061,0.0234,0.0435,0.9331,
53.844,IMU,86.9085,122.0520,104.4803,4.4315,4.2611,100.679,-3.306,-0.487,-18.071,0.0825,0.0601,1.0347,
53.860,ENC,86.9903,122.1253,104.5578,4.0906,3.6645,100.654,-3.306,-0.487,-18.071,0.0825,0.0601,1.0347,
53.865,IMU,86.9903,122.1253,104.5578,4.0906,3.6645,100.654,-3.266,-0.472,-18.115,0.0762,0.0356,0.9927,
53.873,ENC,87.0551,122.1850,104.6200,3.2384,2.9827,100.640,-3.266,-0.472,-18.115,0.0762,0.0356,0.9927,
53.885,IMU,87.0551,122.1850,104.6200,3.2384,2.9827,100.640,-3.288,-0.368,-18.075,0.0610,0.0708,1.0073,
53.889,ENC,87.1148,122.2412,104.6780,2.9827,2.8123,100.630,-3.288,-0.368,-18.075,0.0610,0.0708,1.0073,
53.904,IMU,87.1148,122.2412,104.6780,2.9827,2.8123,100.630,-3.307,-0.267,-18.092,0.0664,0.0610,0.9976,
53.909,ENC,87.1574,122.2907,104.7240,2.1305,2.4714,100.649,-3.307,-0.267,-18.092,0.0664,0.0610,0.9976,
53.947,IMU,87.1574,122.2907,104.7240,2.1305,2.4714,100.649,-3.337,-0.220,-18.047,0.0757,0.0508,0.9893,
53.950,IMU,87.1574,122.2907,104.7240,2.1305,2.4714,100.649,-3.388,-0.122,-18.010,0.1030,0.0635,1.0103,
53.953,ENC,87.2136,122.3554,104.7845,1.4061,1.6192,100.674,-3.388,-0.122,-18.010,0.1030,0.0635,1.0103,
53.964,IMU,87.2136,122.3554,104.7845,1.4061,1.6192,100.674,-3.420,-0.035,-18.010,0.0703,0.0537,0.9707,
53.972,ENC,87.2307,122.3588,104.7947,0.8522,0.1704,100.635,-3.420,-0.035,-18.010,0.0703,0.0537,0.9707,
53.988,IMU,87.2307,122.3588,104.7947,0.8522,0.1704,100.635,-3.477,0.002,-18.029,0.0649,0.0620,1.0020,
53.990,ENC,87.2375,122.3571,104.7973,0.3409,-0.0852,100.610,-3.477,0.002,-18.029,0.0649,0.0620,1.0020,
54.006,IMU,87.2375,122.3571,104.7973,0.3409,-0.0852,100.610,-3.499,0.014,-18.071,0.0811,0.0190,0.9956,
54.009,ENC,87.2307,122.3503,104.7905,-0.3409,-0.3409,100.610,-3.499,0.014,-18.071,0.0811,0.0190,0.9956,
54.024,IMU,87.2307,122.3503,104.7905,-0.3409,-0.3409,100.610,-3.486,-0.009,-18.054,0.0659,0.0049,1.0044,
54.029,ENC,87.2187,122.3401,104.7794,-0.5965,-0.5113,100.615,-3.486,-0.009,-18.054,0.0659,0.0049,1.0044,
54.051,ENC,87.2000,122.3264,104.7632,-0.9374,-0.6818,100.630,-3.486,-0.009,-18.054,0.0659,0.0049,1.0044,
54.055,IMU,87.2000,122.3264,104.7632,-0.9374,-0.6818,100.630,-3.481,0.003,-18.018,0.0386,-0.0181,1.0210,
54.065,IMU,87.2000,122.3264,104.7632,-0.9374,-0.6818,100.630,-3.505,-0.038,-18.017,0.0679,-0.0166,0.9902,
54.069,ENC,87.1812,122.3179,104.7496,-0.9374,-0.4261,100.659,-3.505,-0.038,-18.017,0.0679,-0.0166,0.9902,
54.088,IMU,87.1812,122.3179,104.7496,-0.9374,-0.4261,100.659,-3.479,-0.109,-17.980,0.0605,-0.0254,1.0024,
54.090,ENC,87.1642,122.3077,104.7359,-0.8522,-0.5113,100.679,-3.479,-0.109,-17.980,0.0605,-0.0254,1.0024,
54.107,IMU,87.1642,122.3077,104.7359,-0.8522,-0.5113,100.679,-3.458,-0.121,-17.983,0.0625,-0.0122,0.9604,
54.142,IMU,87.1642,122.3077,104.7359,-0.8522,-0.5113,100.679,-3.464,-0.168,-17.998,0.0684,-0.0112,0.9858,
54.145,ENC,87.1489,122.2924,104.7206,-0.7670,-0.7670,100.679,-3.464,-0.168,-17.998,0.0684,-0.0112,0.9858,
54.147,ENC,87.1352,122.2804,104.7078,-0.6818,-0.5965,100.684,-3.464,-0.168,-17.998,0.0684,-0.0112,0.9858,
54.150,IMU,87.1352,122.2804,104.7078,-0.6818,-0.5965,100.684,-3.483,-0.169,-17.982,0.0630,-0.0303,0.9927,
54.152,ENC,87.1250,122.2685,104.6967,-0.5113,-0.5965,100.679,-3.483,-0.169,-17.982,0.0630,-0.0303,0.9927,
54.165,IMU,87.1250,122.2685,104.6967,-0.5113,-0.5965,100.679,-3.502,-0.214,-17.964,0.0728,-0.0254,0.9766,
54.169,ENC,87.1165,122.2600,104.6882,-0.4261,-0.4261,100.679,-3.502,-0.214,-17.964,0.0728,-0.0254,0.9766,
54.184,IMU,87.1165,122.2600,104.6882,-0.4261,-0.4261,100.679,-3.490,-0.209,-17.918,0.0513,-0.0166,0.9985,
54.190,ENC,87.1114,122.2532,104.6823,-0.2557,-0.3409,100.674,-3.490,-0.209,-17.918,0.0513,-0.0166,0.9985,
54.204,IMU,87.1114,122.2532,104.6823,-0.2557,-0.3409,100.674,-3.473,-0.236,-17.920,0.0713,-0.0220,0.9907,
54.210,ENC,87.1080,122.2463,104.6771,-0.1704,-0.3409,100.664,-3.473,-0.236,-17.920,0.0713,-0.0220,0.9907,
54.224,IMU,87.1080,122.2463,104.6771,-0.1704,-0.3409,100.664,-3.472,-0.263,-17.901,0.0698,-0.0283,0.9976,
54.242,ENC,87.1080,122.2446,104.6763,0.0000,-0.0852,100.659,-3.472,-0.263,-17.901,0.0698,-0.0283,0.9976,
54.246,IMU,87.1080,122.2446,104.6763,0.0000,-0.0852,100.659,-3.521,-0.290,-17.891,0.0737,-0.0195,0.9941,
54.249,ENC,87.1080,122.2446,104.6763,0.0000,0.0000,100.659,-3.521,-0.290,-17.891,0.0737,-0.0195,0.9941,
54.264,IMU,87.1080,122.2446,104.6763,0.0000,0.0000,100.659,-3.530,-0.331,-17.907,0.0713,-0.0127,0.9902,
54.269,ENC,87.1097,122.2480,104.6788,0.0852,0.1704,100.664,-3.530,-0.331,-17.907,0.0713,-0.0127,0.9902,
54.284,IMU,87.1097,122.2480,104.6788,0.0852,0.1704,100.664,-3.568,-0.338,-17.920,0.0732,-0.0098,0.9917,
54.294,ENC,87.1097,122.2532,104.6814,0.0000,0.2557,100.679,-3.568,-0.338,-17.920,0.0732,-0.0098,0.9917,
54.304,IMU,87.1097,122.2532,104.6814,0.0000,0.2557,100.679,-3.534,-0.382,-17.914,0.0693,-0.0171,0.9941,
54.325,IMU,87.1097,122.2532,104.6814,0.0000,0.2557,100.679,-3.518,-0.382,-17.979,0.0659,0.0034,0.9941,
54.328,ENC,87.1114,122.2532,104.6823,0.0852,0.0000,100.674,-3.518,-0.382,-17.979,0.0659,0.0034,0.9941,
54.331,ENC,87.1114,122.2532,104.6823,0.0000,0.0000,100.674,-3.518,-0.382,-17.979,0.0659,0.0034,0.9941,
54.344,IMU,87.1114,122.2532,104.6823,0.0000,0.0000,100.674,-3.535,-0.426,-17.969,0.0669,-0.0181,0.9951,
54.352,ENC,87.1114,122.2515,104.6814,0.0000,-0.0852,100.669,-3.535,-0.426,-17.969,0.0669,-0.0181,0.9951,
54.370,ENC,87.1114,122.2497,104.6806,0.0000,-0.0852,100.664,-3.535,-0.426,-17.969,0.0669,-0.0181,0.9951,
54.387,IMU,87.1114,122.2497,104.6806,0.0000,-0.0852,100.664,-3.526,-0.462,-17.978,0.0654,-0.0298,0.9941,
54.390,IMU,87.1114,122.2497,104.6806,0.0000,-0.0852,100.664,-3.527,-0.534,-17.998,0.0566,-0.0654,1.0176,
54.393,ENC,87.1097,122.2497,104.6797,-0.0852,0.0000,100.669,-3.527,-0.534,-17.998,0.0566,-0.0654,1.0176,
54.440,IMU,87.1097,122.2497,104.6797,-0.0852,0.0000,100.669,-3.423,-0.586,-17.974,-0.0112,-0.0522,0.9731,
54.443,IMU,87.1097,122.2497,104.6797,-0.0852,0.0000,100.669,-3.370,-0.700,-17.922,0.0254,-0.0840,0.9878,
54.445,ENC,87.1199,122.2889,104.7044,0.2557,0.9800,100.752,-3.370,-0.700,-17.922,0.0254,-0.0840,0.9878,
54.448,IMU,87.1199,122.2889,104.7044,0.2557,0.9800,100.752,-3.413,-0.713,-17.811,0.0991,-0.0601,0.9863,
54.451,ENC,87.1352,122.3264,104.7308,0.7670,1.8749,100.815,-3.413,-0.713,-17.811,0.0991,-0.0601,0.9863,
54.469,ENC,87.1591,122.3656,104.7624,1.1931,1.9601,100.859,-3.413,-0.713,-17.811,0.0991,-0.0601,0.9863,
54.473,IMU,87.1591,122.3656,104.7624,1.1931,1.9601,100.859,-3.406,-0.786,-17.794,0.0840,-0.0557,1.0059,
54.484,IMU,87.1591,122.3656,104.7624,1.1931,1.9601,100.859,-3.400,-0.887,-17.785,0.0625,-0.1182,1.0312,
54.490,ENC,87.2017,122.4117,104.8067,2.1305,2.3010,100.869,-3.400,-0.887,-17.785,0.0625,-0.1182,1.0312,
54.507,IMU,87.2017,122.4117,104.8067,2.1305,2.3010,100.869,-3.358,-0.883,-17.733,0.0122,-0.0312,1.0020,
54.509,ENC,87.2392,122.4696,104.8544,1.8749,2.8975,100.928,-3.358,-0.883,-17.733,0.0122,-0.0312,1.0020,
54.529,IMU,87.2392,122.4696,104.8544,1.8749,2.8975,100.928,-3.361,-0.743,-17.646,0.0459,0.0327,1.0103,
54.544,IMU,87.2392,122.4696,104.8544,1.8749,2.8975,100.928,-3.423,-0.641,-17.523,0.0869,0.0259,0.9531,
54.557,ENC,87.2784,122.5957,104.9371,0.9800,3.1532,101.177,-3.423,-0.641,-17.523,0.0869,0.0259,0.9531,
54.566,IMU,87.2784,122.5957,104.9371,0.9800,3.1532,101.177,-3.498,-0.622,-17.419,0.0669,0.0386,0.9883,
54.587,IMU,87.2784,122.5957,104.9371,0.9800,3.1532,101.177,-3.480,-0.625,-17.352,0.0449,0.0024,1.0151,
54.610,IMU,87.2784,122.5957,104.9371,0.9800,3.1532,101.177,-3.458,-0.626,-17.301,0.0400,-0.0312,1.0254,
54.624,IMU,87.2784,122.5957,104.9371,0.9800,3.1532,101.177,-3.541,-0.592,-17.315,0.1299,0.0215,0.9956,
54.629,ENC,87.2971,122.7679,105.0325,0.3125,2.8691,101.616,-3.541,-0.592,-17.315,0.1299,0.0215,0.9956,
54.646,IMU,87.2971,122.7679,105.0325,0.3125,2.8691,101.616,-3.636,-0.577,-17.356,0.1099,0.0171,0.9624,
54.649,ENC,87.3363,122.8224,105.0794,0.9800,1.3635,101.660,-3.636,-0.577,-17.356,0.1099,0.0171,0.9624,
54.668,IMU,87.3363,122.8224,105.0794,0.9800,1.3635,101.660,-3.641,-0.415,-17.335,0.0776,0.0986,0.9976,
54.670,ENC,87.3449,122.8258,105.0854,0.4261,0.1704,101.646,-3.641,-0.415,-17.335,0.0776,0.0986,0.9976,
54.684,IMU,87.3449,122.8258,105.0854,0.4261,0.1704,101.646,-3.604,-0.399,-17.358,0.0601,0.0479,0.9370,
54.710,IMU,87.3449,122.8258,105.0854,0.4261,0.1704,101.646,-3.619,-0.350,-17.357,0.0713,0.0288,1.0317,
54.742,IMU,87.3449,122.8258,105.0854,0.4261,0.1704,101.646,-3.657,-0.367,-17.339,0.0542,-0.0332,0.9644,
54.748,IMU,87.3449,122.8258,105.0854,0.4261,0.1704,101.646,-3.661,-0.443,-17.365,0.0444,-0.0527,1.0239,
54.764,IMU,87.3449,122.8258,105.0854,0.4261,0.1704,101.646,-3.653,-0.498,-17.456,0.0776,-0.0591,1.0005,
54.770,ENC,87.3517,122.7849,105.0683,0.0682,-0.4091,101.509,-3.653,-0.498,-17.456,0.0776,-0.0591,1.0005,
54.785,IMU,87.3517,122.7849,105.0683,0.0682,-0.4091,101.509,-3.593,-0.481,-17.465,0.0771,-0.0220,1.0010,
54.790,ENC,87.3534,122.7866,105.0700,0.0852,0.0852,101.509,-3.593,-0.481,-17.465,0.0771,-0.0220,1.0010,
54.811,IMU,87.3534,122.7866,105.0700,0.0852,0.0852,101.509,-3.565,-0.467,-17.485,0.0605,0.0093,0.9893,
54.814,ENC,87.3551,122.7900,105.0726,0.0852,0.1704,101.514,-3.565,-0.467,-17.485,0.0605,0.0093,0.9893,
54.824,IMU,87.3551,122.7900,105.0726,0.0852,0.1704,101.514,-3.566,-0.450,-17.485,0.0708,0.0176,0.9771,
54.830,ENC,87.3551,122.7900,105.0726,0.0000,0.0000,101.514,-3.566,-0.450,-17.485,0.0708,0.0176,0.9771,
54.844,IMU,87.3551,122.7900,105.0726,0.0000,0.0000,101.514,-3.553,-0.422,-17.488,0.0791,0.0024,0.9888,
54.849,ENC,87.3551,122.7900,105.0726,0.0000,0.0000,101.514,-3.553,-0.422,-17.488,0.0791,0.0024,0.9888,
54.866,IMU,87.3551,122.7900,105.0726,0.0000,0.0000,101.514,-3.558,-0.439,-17.501,0.0708,-0.0200,1.0010,
54.870,ENC,87.3534,122.7883,105.0709,-0.0852,-0.0852,101.514,-3.558,-0.439,-17.501,0.0708,-0.0200,1.0010,
54.890,IMU,87.3534,122.7883,105.0709,-0.0852,-0.0852,101.514,-3.569,-0.460,-17.485,0.0444,-0.0342,1.0005,
54.892,ENC,87.3534,122.7883,105.0709,0.0000,0.0000,101.514,-3.569,-0.460,-17.485,0.0444,-0.0342,1.0005,
54.906,IMU,87.3534,122.7883,105.0709,0.0000,0.0000,101.514,-3.591,-0.466,-17.490,0.0571,-0.0142,0.9849,
54.909,ENC,87.3551,122.7883,105.0717,0.0852,0.0000,101.509,-3.591,-0.466,-17.490,0.0571,-0.0142,0.9849,
54.929,IMU,87.3551,122.7883,105.0717,0.0852,0.0000,101.509,-3.627,-0.460,-17.440,0.0596,-0.0093,1.0010,
54.962,IMU,87.3551,122.7883,105.0717,0.0852,0.0000,101.509,-3.671,-0.444,-17.453,0.0703,-0.0010,0.9912,
54.964,ENC,87.3551,122.7900,105.0726,0.0000,0.0852,101.514,-3.671,-0.444,-17.453,0.0703,-0.0010,0.9912,
54.968,IMU,87.3551,122.7900,105.0726,0.0000,0.0852,101.514,-3.663,-0.463,-17.450,0.0649,-0.0107,1.0049,
54.970,ENC,87.3551,122.7900,105.0726,0.0000,0.0000,101.514,-3.663,-0.463,-17.450,0.0649,-0.0107,1.0049,
54.972,ENC,87.3551,122.7900,105.0726,0.0000,0.0000,101.514,-3.663,-0.463,-17.450,0.0649,-0.0107,1.0049,
54.984,IMU,87.3551,122.7900,105.0726,0.0000,0.0000,101.514,-3.645,-0.488,-17.447,0.0640,-0.0107,1.0000,
54.992,ENC,87.3551,122.7900,105.0726,0.0000,0.0000,101.514,-3.645,-0.488,-17.447,0.0640,-0.0107,1.0000,
55.010,IMU,87.3551,122.7900,105.0726,0.0000,0.0000,101.514,-3.671,-0.503,-17.452,0.0742,-0.0205,1.0049,
55.012,ENC,87.3551,122.7883,105.0717,0.0000,-0.0852,101.509,-3.671,-0.503,-17.452,0.0742,-0.0205,1.0049,
55.024,IMU,87.3551,122.7883,105.0717,0.0000,-0.0852,101.509,-3.724,-0.510,-17.433,0.0713,-0.0308,0.9990,
55.029,ENC,87.3551,122.7900,105.0726,0.0000,0.0852,101.514,-3.724,-0.510,-17.433,0.0713,-0.0308,0.9990,
55.044,IMU,87.3551,122.7900,105.0726,0.0000,0.0852,101.514,-3.725,-0.501,-17.413,0.0801,-0.0137,0.9829,
55.084,ENC,87.3551,122.7900,105.0726,0.0000,0.0000,101.514,-3.725,-0.501,-17.413,0.0801,-0.0137,0.9829,
55.089,ENC,87.3551,122.7900,105.0726,0.0000,0.0000,101.514,-3.725,-0.501,-17.413,0.0801,-0.0137,0.9829,
55.092,IMU,87.3551,122.7900,105.0726,0.0000,0.0000,101.514,-3.731,-0.525,-17.430,0.0703,-0.0020,0.9902,
55.096,IMU,87.3551,122.7900,105.0726,0.0000,0.0000,101.514,-3.696,-0.541,-17.402,0.0508,-0.0181,0.9878,
55.105,IMU,87.3551,122.7900,105.0726,0.0000,0.0000,101.514,-3.680,-0.569,-17.439,0.0649,-0.0171,1.0068,
55.109,ENC,87.3551,122.7900,105.0726,0.0000,0.0000,101.514,-3.680,-0.569,-17.439,0.0649,-0.0171,1.0068,
55.132,IMU,87.3551,122.7900,105.0726,0.0000,0.0000,101.514,-3.657,-0.555,-17.419,0.0586,-0.0269,0.9824,
55.134,ENC,87.3551,122.7900,105.0726,0.0000,0.0000,101.514,-3.657,-0.555,-17.419,0.0586,-0.0269,0.9824,
55.144,IMU,87.3551,122.7900,105.0726,0.0000,0.0000,101.514,-3.640,-0.559,-17.453,0.0562,-0.0088,0.9863,
55.149,ENC,87.3551,122.7900,105.0726,0.0000,0.0000,101.514,-3.640,-0.559,-17.453,0.0562,-0.0088,0.9863,
55.164,IMU,87.3551,122.7900,105.0726,0.0000,0.0000,101.514,-3.633,-0.547,-17.459,0.0659,-0.0068,0.9976,
55.169,ENC,87.3551,122.7900,105.0726,0.0000,0.0000,101.514,-3.633,-0.547,-17.459,0.0659,-0.0068,0.9976,
55.184,IMU,87.3551,122.7900,105.0726,0.0000,0.0000,101.514,-3.690,-0.505,-17.493,0.0630,-0.0049,0.9907,
55.189,ENC,87.3551,122.7900,105.0726,0.0000,0.0000,101.514,-3.690,-0.505,-17.493,0.0630,-0.0049,0.9907,
55.205,IMU,87.3551,122.7900,105.0726,0.0000,0.0000,101.514,-3.668,-0.488,-17.497,0.0581,-0.0161,1.0024,
55.224,IMU,87.3551,122.7900,105.0726,0.0000,0.0000,101.514,-3.687,-0.497,-17.505,0.0654,-0.0195,0.9829,
55.247,IMU,87.3551,122.7900,105.0726,0.0000,0.0000,101.514,-3.667,-0.510,-17.508,0.0654,-0.0122,0.9976,
55.261,ENC,87.3551,122.7883,105.0717,0.0000,-0.0284,101.509,-3.667,-0.510,-17.508,0.0654,-0.0122,0.9976,
55.265,IMU,87.3551,122.7883,105.0717,0.0000,-0.0284,101.509,-3.671,-0.509,-17.514,0.0713,-0.0039,0.9961,
55.270,ENC,87.3551,122.7900,105.0726,0.0000,0.0852,101.514,-3.671,-0.509,-17.514,0.0713,-0.0039,0.9961,
55.284,IMU,87.3551,122.7900,105.0726,0.0000,0.0852,101.514,-3.679,-0.534,-17.539,0.0669,-0.0107,0.9956,
55.289,ENC,87.3551,122.7900,105.0726,0.0000,0.0000,101.514,-3.679,-0.534,-17.539,0.0669,-0.0107,0.9956,
55.307,IMU,87.3551,122.7900,105.0726,0.0000,0.0000,101.514,-3.672,-0.528,-17.530,0.0581,-0.0205,1.0029,
55.316,ENC,87.3551,122.7883,105.0717,0.0000,-0.0852,101.509,-3.672,-0.528,-17.530,0.0581,-0.0205,1.0029,
55.324,IMU,87.3551,122.7883,105.0717,0.0000,-0.0852,101.509,-3.666,-0.533,-17.552,0.0684,-0.0107,0.9912,
55.329,ENC,87.3551,122.7900,105.0726,0.0000,0.0852,101.514,-3.666,-0.533,-17.552,0.0684,-0.0107,0.9912,
55.344,IMU,87.3551,122.7900,105.0726,0.0000,0.0852,101.514,-3.645,-0.501,-17.529,0.0576,-0.0190,0.9990,
55.350,ENC,87.3551,122.7900,105.0726,0.0000,0.0000,101.514,-3.645,-0.501,-17.529,0.0576,-0.0190,0.9990,
55.368,IMU,87.3551,122.7900,105.0726,0.0000,0.0000,101.514,-3.626,-0.511,-17.550,0.0635,-0.0024,0.9971,
55.370,ENC,87.3551,122.7900,105.0726,0.0000,0.0000,101.514,-3.626,-0.511,-17.550,0.0635,-0.0024,0.9971,
55.404,IMU,87.3551,122.7900,105.0726,0.0000,0.0000,101.514,-3.751,-0.539,-17.584,0.0664,-0.0215,1.0068,
55.421,ENC,87.3551,122.7900,105.0726,0.0000,0.0000,101.514,-3.751,-0.539,-17.584,0.0664,-0.0215,1.0068,
55.429,IMU,87.3551,122.7900,105.0726,0.0000,0.0000,101.514,-3.743,-0.558,-17.549,0.0723,-0.0137,0.9966,
55.431,ENC,87.3551,122.7900,105.0726,0.0000,0.0000,101.514,-3.743,-0.558,-17.549,0.0723,-0.0137,0.9966,
55.444,IMU,87.3551,122.7900,105.0726,0.0000,0.0000,101.514,-3.765,-0.591,-17.553,0.0645,-0.0176,0.9932,
55.449,ENC,87.3551,122.7900,105.0726,0.0000,0.0000,101.514,-3.765,-0.591,-17.553,0.0645,-0.0176,0.9932,
55.463,IMU,87.3551,122.7900,105.0726,0.0000,0.0000,101.514,-3.769,-0.581,-17.510,0.0576,-0.0137,1.0020,
55.469,ENC,87.3551,122.7900,105.0726,0.0000,0.0000,101.514,-3.769,-0.581,-17.510,0.0576,-0.0137,1.0020,
55.489,ENC,87.3551,122.7900,105.0726,0.0000,0.0000,101.514,-3.769,-0.581,-17.510,0.0576,-0.0137,1.0020,
55.508,IMU,87.3551,122.7900,105.0726,0.0000,0.0000,101.514,-3.793,-0.577,-17.536,0.0625,-0.0117,0.9893,
55.511,IMU,87.3551,122.7900,105.0726,0.0000,0.0000,101.514,-3.803,-0.612,-17.528,0.0605,-0.0229,0.9912,
55.513,ENC,87.3551,122.7900,105.0726,0.0000,0.0000,101.514,-3.803,-0.612,-17.528,0.0605,-0.0229,0.9912,
55.533,ENC,87.3551,122.7900,105.0726,0.0000,0.0000,101.514,-3.803,-0.612,-17.528,0.0605,-0.0229,0.9912,
55.545,IMU,87.3551,122.7900,105.0726,0.0000,0.0000,101.514,-3.830,-0.616,-17.548,0.0684,-0.0205,1.0034,
55.551,IMU,87.3551,122.7900,105.0726,0.0000,0.0000,101.514,-3.850,-0.612,-17.541,0.0708,-0.0112,0.9951,
55.564,IMU,87.3551,122.7900,105.0726,0.0000,0.0000,101.514,-3.864,-0.643,-17.534,0.0820,-0.0146,1.0054,
55.570,ENC,87.3551,122.7900,105.0726,0.0000,0.0000,101.514,-3.864,-0.643,-17.534,0.0820,-0.0146,1.0054,
55.584,IMU,87.3551,122.7900,105.0726,0.0000,0.0000,101.514,-3.860,-0.657,-17.541,0.0713,-0.0098,1.0107,
55.597,ENC,87.3551,122.7900,105.0726,0.0000,0.0000,101.514,-3.860,-0.657,-17.541,0.0713,-0.0098,1.0107,
55.605,IMU,87.3551,122.7900,105.0726,0.0000,0.0000,101.514,-3.846,-0.668,-17.515,0.0542,-0.0127,0.9878,
55.609,ENC,87.3551,122.7900,105.0726,0.0000,0.0000,101.514,-3.846,-0.668,-17.515,0.0542,-0.0127,0.9878,
55.625,IMU,87.3551,122.7900,105.0726,0.0000,0.0000,101.514,-3.793,-0.649,-17.515,0.0620,-0.0107,0.9912,
55.629,ENC,87.3551,122.7900,105.0726,0.0000,0.0000,101.514,-3.793,-0.649,-17.515,0.0620,-0.0107,0.9912,
55.644,IMU,87.3551,122.7900,105.0726,0.0000,0.0000,101.514,-3.787,-0.629,-17.524,0.0742,-0.0181,0.9932,
55.669,ENC,87.3551,122.7900,105.0726,0.0000,0.0000,101.514,-3.787,-0.629,-17.524,0.0742,-0.0181,0.9932,
55.681,IMU,87.3551,122.7900,105.0726,0.0000,0.0000,101.514,-3.801,-0.638,-17.521,0.0674,-0.0107,1.0005,
55.687,IMU,87.3551,122.7900,105.0726,0.0000,0.0000,101.514,-3.802,-0.659,-17.583,0.0640,-0.0039,0.9966,
55.690,ENC,87.3551,122.7900,105.0726,0.0000,0.0000,101.514,-3.802,-0.659,-17.583,0.0640,-0.0039,0.9966,
55.704,IMU,87.3551,122.7900,105.0726,0.0000,0.0000,101.514,-3.836,-0.627,-17.586,0.0708,-0.0156,0.9966,
55.724,IMU,87.3551,122.7900,105.0726,0.0000,0.0000,101.514,-3.789,-0.647,-17.605,0.0654,-0.0220,0.9922,
55.729,ENC,87.3534,122.7900,105.0717,-0.0426,0.0000,101.519,-3.789,-0.647,-17.605,0.0654,-0.0220,0.9922,
55.745,IMU,87.3534,122.7900,105.0717,-0.0426,0.0000,101.519,-3.740,-0.617,-17.573,0.0405,-0.0332,0.9912,
55.750,ENC,87.3500,122.7952,105.0726,-0.1704,0.2557,101.543,-3.740,-0.617,-17.573,0.0405,-0.0332,0.9912,
55.765,IMU,87.3500,122.7952,105.0726,-0.1704,0.2557,101.543,-3.732,-0.621,-17.602,0.0688,-0.0098,0.9888,
55.771,ENC,87.3466,122.8003,105.0734,-0.1704,0.2557,101.567,-3.732,-0.621,-17.602,0.0688,-0.0098,0.9888,
55.800,ENC,87.3415,122.8037,105.0726,-0.2557,0.1704,101.592,-3.732,-0.621,-17.602,0.0688,-0.0098,0.9888,
55.808,IMU,87.3415,122.8037,105.0726,-0.2557,0.1704,101.592,-3.737,-0.640,-17.593,0.0776,-0.0073,0.9976,
55.811,IMU,87.3415,122.8037,105.0726,-0.2557,0.1704,101.592,-3.717,-0.569,-17.478,0.0557,0.0264,1.0044,
55.813,ENC,87.3278,122.8054,105.0666,-0.6818,0.0852,101.636,-3.717,-0.569,-17.478,0.0557,0.0264,1.0044,
55.830,IMU,87.3278,122.8054,105.0666,-0.6818,0.0852,101.636,-3.693,-0.527,-17.414,0.0796,0.0171,0.9805,
55.855,ENC,87.3006,122.8037,105.0521,-0.6818,-0.0426,101.709,-3.693,-0.527,-17.414,0.0796,0.0171,0.9805,
55.858,IMU,87.3006,122.8037,105.0521,-0.6818,-0.0426,101.709,-3.670,-0.543,-17.412,0.0649,-0.0117,1.0068,
55.864,IMU,87.3006,122.8037,105.0521,-0.6818,-0.0426,101.709,-3.679,-0.533,-17.371,0.0396,-0.0049,0.9873,
55.869,ENC,87.2784,122.7969,105.0376,-1.1079,-0.3409,101.753,-3.679,-0.533,-17.371,0.0396,-0.0049,0.9873,
55.884,IMU,87.2784,122.7969,105.0376,-1.1079,-0.3409,101.753,-3.644,-0.545,-17.375,0.0283,-0.0156,0.9858,
55.894,ENC,87.2528,122.7969,105.0248,-1.2783,0.0000,101.826,-3.644,-0.545,-17.375,0.0283,-0.0156,0.9858,
55.909,ENC,87.2170,122.7935,105.0052,-1.7896,-0.1704,101.919,-3.644,-0.545,-17.375,0.0283,-0.0156,0.9858,
55.912,IMU,87.2170,122.7935,105.0052,-1.7896,-0.1704,101.919,-3.641,-0.499,-17.353,0.0498,-0.0024,1.0166,
55.924,IMU,87.2170,122.7935,105.0052,-1.7896,-0.1704,101.919,-3.672,-0.478,-17.311,0.0815,-0.0181,0.9771,
55.929,ENC,87.1881,122.7952,104.9916,-1.4488,0.0852,102.007,-3.672,-0.478,-17.311,0.0815,-0.0181,0.9771,
55.944,IMU,87.1881,122.7952,104.9916,-1.4488,0.0852,102.007,-3.636,-0.482,-17.295,0.0645,-0.0171,1.0239,
55.965,IMU,87.1881,122.7952,104.9916,-1.4488,0.0852,102.007,-3.684,-0.504,-17.190,0.0747,-0.0181,0.9922,
55.969,ENC,87.1284,122.7952,104.9618,-1.4914,0.0000,102.178,-3.684,-0.504,-17.190,0.0747,-0.0181,0.9922,
55.985,IMU,87.1284,122.7952,104.9618,-1.4914,0.0000,102.178,-3.671,-0.485,-17.145,0.0654,-0.0122,0.9805,
55.989,ENC,87.0994,122.7986,104.9490,-1.4488,0.1704,102.271,-3.671,-0.485,-17.145,0.0654,-0.0122,0.9805,
56.004,IMU,87.0994,122.7986,104.9490,-1.4488,0.1704,102.271,-3.680,-0.486,-17.154,0.0615,0.0059,1.0142,
56.009,ENC,87.0773,122.7986,104.9379,-1.1079,0.0000,102.334,-3.680,-0.486,-17.154,0.0615,0.0059,1.0142,
56.028,IMU,87.0773,122.7986,104.9379,-1.1079,0.0000,102.334,-3.668,-0.444,-17.136,0.0508,-0.0088,0.9692,
56.043,IMU,87.0773,122.7986,104.9379,-1.1079,0.0000,102.334,-3.659,-0.440,-17.095,0.0586,-0.0176,0.9878,
56.061,ENC,87.0534,122.8003,104.9268,-1.1931,0.0852,102.407,-3.659,-0.440,-17.095,0.0586,-0.0176,0.9878,
56.064,ENC,87.0381,122.8020,104.9200,-0.7670,0.0852,102.456,-3.659,-0.440,-17.095,0.0586,-0.0176,0.9878,
56.067,IMU,87.0381,122.8020,104.9200,-0.7670,0.0852,102.456,-3.666,-0.435,-17.072,0.0811,-0.0146,1.0269,
56.069,ENC,87.0142,122.8020,104.9081,-1.1931,0.0000,102.524,-3.666,-0.435,-17.072,0.0811,-0.0146,1.0269,
56.085,IMU,87.0142,122.8020,104.9081,-1.1931,0.0000,102.524,-3.638,-0.434,-17.034,0.0498,0.0098,1.0190,
56.109,IMU,87.0142,122.8020,104.9081,-1.1931,0.0000,102.524,-3.702,-0.375,-16.962,0.0684,0.0034,1.0034,
56.114,ENC,86.9886,122.8037,104.8962,-1.2783,0.0852,102.603,-3.702,-0.375,-16.962,0.0684,0.0034,1.0034,
56.116,ENC,86.9614,122.8037,104.8825,-1.3635,0.0000,102.681,-3.702,-0.375,-16.962,0.0684,0.0034,1.0034,
56.127,IMU,86.9614,122.8037,104.8825,-1.3635,0.0000,102.681,-3.726,-0.402,-16.943,0.0718,-0.0278,0.9873,
56.129,ENC,86.9358,122.8054,104.8706,-1.2783,0.0852,102.759,-3.726,-0.402,-16.943,0.0718,-0.0278,0.9873,
56.145,IMU,86.9358,122.8054,104.8706,-1.2783,0.0852,102.759,-3.752,-0.434,-16.965,0.0884,-0.0269,1.0513,
56.149,ENC,86.9136,122.8071,104.8604,-1.1079,0.0852,102.827,-3.752,-0.434,-16.965,0.0884,-0.0269,1.0513,
56.164,IMU,86.9136,122.8071,104.8604,-1.1079,0.0852,102.827,-3.770,-0.436,-16.937,0.0625,-0.0439,0.9810,
56.169,ENC,86.8898,122.8071,104.8484,-1.1931,0.0000,102.896,-3.770,-0.436,-16.937,0.0625,-0.0439,0.9810,
56.184,IMU,86.8898,122.8071,104.8484,-1.1931,0.0000,102.896,-3.771,-0.451,-16.947,0.0981,-0.0210,1.0298,
56.190,ENC,86.8710,122.8088,104.8399,-0.9374,0.0852,102.954,-3.771,-0.451,-16.947,0.0981,-0.0210,1.0298,
56.205,IMU,86.8710,122.8088,104.8399,-0.9374,0.0852,102.954,-3.718,-0.421,-16.949,0.0439,-0.0117,0.9780,
56.209,ENC,86.8438,122.8088,104.8263,-1.3635,0.0000,103.032,-3.718,-0.421,-16.949,0.0439,-0.0117,0.9780,
56.224,IMU,86.8438,122.8088,104.8263,-1.3635,0.0000,103.032,-3.732,-0.375,-16.915,0.0645,0.0132,0.9824,
56.245,IMU,86.8438,122.8088,104.8263,-1.3635,0.0000,103.032,-3.697,-0.353,-16.854,0.0405,0.0073,1.0068,
56.266,IMU,86.8438,122.8088,104.8263,-1.3635,0.0000,103.032,-3.694,-0.364,-16.821,0.0586,-0.0112,0.9771,
56.301,IMU,86.8438,122.8088,104.8263,-1.3635,0.0000,103.032,-3.750,-0.378,-16.808,0.0815,-0.0122,1.0254,
56.303,ENC,86.7807,122.8139,104.7973,-1.0511,0.0852,103.228,-3.750,-0.378,-16.808,0.0815,-0.0122,1.0254,
56.305,ENC,86.7517,122.8139,104.7828,-1.4488,0.0000,103.311,-3.750,-0.378,-16.808,0.0815,-0.0122,1.0254,
56.308,IMU,86.7517,122.8139,104.7828,-1.4488,0.0000,103.311,-3.737,-0.416,-16.781,0.0601,-0.0361,0.9976,
56.310,ENC,86.7313,122.8139,104.7726,-1.0227,0.0000,103.369,-3.737,-0.416,-16.781,0.0601,-0.0361,0.9976,
56.324,IMU,86.7313,122.8139,104.7726,-1.0227,0.0000,103.369,-3.784,-0.404,-16.777,0.0601,-0.0205,1.0234,
56.344,IMU,86.7313,122.8139,104.7726,-1.0227,0.0000,103.369,-3.806,-0.391,-16.732,0.0693,-0.0142,0.9897,
56.362,ENC,86.6870,122.8173,104.7521,-1.1079,0.0852,103.506,-3.806,-0.391,-16.732,0.0693,-0.0142,0.9897,
56.365,IMU,86.6870,122.8173,104.7521,-1.1079,0.0852,103.506,-3.789,-0.375,-16.668,0.0620,-0.0107,1.0181,
56.369,ENC,86.6614,122.8190,104.7402,-1.2783,0.0852,103.584,-3.789,-0.375,-16.668,0.0620,-0.0107,1.0181,
56.384,IMU,86.6614,122.8190,104.7402,-1.2783,0.0852,103.584,-3.796,-0.403,-16.581,0.0620,-0.0156,0.9868,
56.393,ENC,86.6443,122.8258,104.7351,-0.8522,0.3409,103.652,-3.796,-0.403,-16.581,0.0620,-0.0156,0.9868,
56.404,IMU,86.6443,122.8258,104.7351,-0.8522,0.3409,103.652,-3.751,-0.454,-16.550,0.0664,-0.0249,0.9912,
56.414,ENC,86.6358,122.8429,104.7394,-0.4261,0.8522,103.726,-3.751,-0.454,-16.550,0.0664,-0.0249,0.9912,
56.425,IMU,86.6358,122.8429,104.7394,-0.4261,0.8522,103.726,-3.726,-0.419,-16.496,0.0264,-0.0093,1.0225,
56.432,ENC,86.6120,122.8616,104.7368,-1.1931,0.9374,103.848,-3.726,-0.419,-16.496,0.0264,-0.0093,1.0225,
56.481,IMU,86.6120,122.8616,104.7368,-1.1931,0.9374,103.848,-3.753,-0.389,-16.421,0.0771,0.0244,0.9800,
56.483,ENC,86.5728,122.8838,104.7283,-0.9800,0.5539,104.023,-3.753,-0.389,-16.421,0.0771,0.0244,0.9800,
56.486,IMU,86.5728,122.8838,104.7283,-0.9800,0.5539,104.023,-3.757,-0.414,-16.375,0.0884,-0.0010,0.9575,
56.490,IMU,86.5728,122.8838,104.7283,-0.9800,0.5539,104.023,-3.737,-0.368,-16.312,0.0479,-0.0107,0.9893,
56.492,ENC,86.5421,122.8991,104.7206,-1.5340,0.7670,104.155,-3.737,-0.368,-16.312,0.0479,-0.0107,0.9893,
56.523,ENC,86.5148,122.9025,104.7087,-1.3635,0.1704,104.243,-3.737,-0.368,-16.312,0.0479,-0.0107,0.9893,
56.527,IMU,86.5148,122.9025,104.7087,-1.3635,0.1704,104.243,-3.778,-0.340,-16.265,0.0908,-0.0112,1.0381,
56.530,IMU,86.5148,122.9025,104.7087,-1.3635,0.1704,104.243,-3.750,-0.317,-16.327,0.0527,-0.0132,0.9697,
56.532,ENC,86.4910,122.9025,104.6967,-1.1931,0.0000,104.312,-3.750,-0.317,-16.327,0.0527,-0.0132,0.9697,
56.545,IMU,86.4910,122.9025,104.6967,-1.1931,0.0000,104.312,-3.823,-0.325,-16.278,0.0747,-0.0210,1.0151,
56.549,ENC,86.4671,122.9042,104.6857,-1.1931,0.0852,104.385,-3.823,-0.325,-16.278,0.0747,-0.0210,1.0151,
56.565,IMU,86.4671,122.9042,104.6857,-1.1931,0.0852,104.385,-3.834,-0.304,-16.240,0.0781,-0.0361,1.0054,
56.569,ENC,86.4483,122.9059,104.6771,-0.9374,0.0852,104.443,-3.834,-0.304,-16.240,0.0781,-0.0361,1.0054,
56.590,IMU,86.4483,122.9059,104.6771,-0.9374,0.0852,104.443,-3.868,-0.313,-16.278,0.0845,-0.0107,0.9893,
56.592,ENC,86.4398,122.9077,104.6737,-0.4261,0.0852,104.473,-3.868,-0.313,-16.278,0.0845,-0.0107,0.9893,
56.604,IMU,86.4398,122.9077,104.6737,-0.4261,0.0852,104.473,-3.895,-0.266,-16.298,0.0767,0.0093,1.0112,
56.609,ENC,86.4313,122.9059,104.6686,-0.4261,-0.0852,104.492,-3.895,-0.266,-16.298,0.0767,0.0093,1.0112,
56.623,IMU,86.4313,122.9059,104.6686,-0.4261,-0.0852,104.492,-3.831,-0.259,-16.270,0.0225,0.0005,0.9854,
56.629,ENC,86.4125,122.9059,104.6592,-0.9374,0.0000,104.546,-3.831,-0.259,-16.270,0.0225,0.0005,0.9854,
56.658,ENC,86.4074,122.9077,104.6575,-0.2557,0.0852,104.565,-3.831,-0.259,-16.270,0.0225,0.0005,0.9854,
56.669,ENC,86.4057,122.9077,104.6567,-0.0852,0.0000,104.570,-3.831,-0.259,-16.270,0.0225,0.0005,0.9854,
56.678,IMU,86.4057,122.9077,104.6567,-0.0852,0.0000,104.570,-3.785,-0.233,-16.294,0.0723,-0.0068,0.9829,
56.683,IMU,86.4057,122.9077,104.6567,-0.0852,0.0000,104.570,-3.797,-0.258,-16.311,0.0938,-0.0430,1.0059,
56.686,IMU,86.4057,122.9077,104.6567,-0.0852,0.0000,104.570,-3.807,-0.305,-16.331,0.0640,-0.0347,1.0015,
56.689,ENC,86.4057,122.9077,104.6567,0.0000,0.0000,104.570,-3.807,-0.305,-16.331,0.0640,-0.0347,1.0015,
56.728,IMU,86.4057,122.9077,104.6567,0.0000,0.0000,104.570,-3.778,-0.275,-16.364,0.0508,-0.0225,0.9902,
56.732,IMU,86.4057,122.9077,104.6567,0.0000,0.0000,104.570,-3.828,-0.284,-16.420,0.0986,-0.0107,1.0156,
56.734,ENC,86.4057,122.9077,104.6567,0.0000,0.0000,104.570,-3.828,-0.284,-16.420,0.0986,-0.0107,1.0156,
56.736,ENC,86.4125,122.9077,104.6601,0.3409,0.0000,104.551,-3.828,-0.284,-16.420,0.0986,-0.0107,1.0156,
56.744,IMU,86.4125,122.9077,104.6601,0.3409,0.0000,104.551,-3.841,-0.320,-16.524,0.0566,-0.0142,0.9951,
56.750,ENC,86.4262,122.9059,104.6661,0.6818,-0.0852,104.507,-3.841,-0.320,-16.524,0.0566,-0.0142,0.9951,
56.775,IMU,86.4262,122.9059,104.6661,0.6818,-0.0852,104.507,-3.809,-0.353,-16.565,0.0332,-0.0303,0.9780,
56.786,IMU,86.4262,122.9059,104.6661,0.6818,-0.0852,104.507,-3.847,-0.317,-16.594,0.0815,-0.0132,1.0073,
56.795,ENC,86.4381,122.9042,104.6712,0.5965,-0.0852,104.468,-3.847,-0.317,-16.594,0.0815,-0.0132,1.0073,
56.797,ENC,86.4500,122.9059,104.6780,0.5965,0.0852,104.438,-3.847,-0.317,-16.594,0.0815,-0.0132,1.0073,
56.804,IMU,86.4500,122.9059,104.6780,0.5965,0.0852,104.438,-3.892,-0.308,-16.589,0.0615,-0.0034,0.9824,
56.830,ENC,86.4569,122.9094,104.6831,0.1704,0.0852,104.429,-3.892,-0.308,-16.589,0.0615,-0.0034,0.9824,
56.844,IMU,86.4569,122.9094,104.6831,0.1704,0.0852,104.429,-3.887,-0.301,-16.587,0.0488,0.0269,0.9912,
56.847,IMU,86.4569,122.9094,104.6831,0.1704,0.0852,104.429,-3.899,-0.302,-16.587,0.0732,-0.0010,0.9951,
56.867,IMU,86.4569,122.9094,104.6831,0.1704,0.0852,104.429,-3.949,-0.331,-16.573,0.0835,-0.0200,0.9814,
56.907,IMU,86.4569,122.9094,104.6831,0.1704,0.0852,104.429,-3.930,-0.370,-16.615,0.0640,-0.0356,0.9966,
56.909,ENC,86.4535,122.9077,104.6806,-0.0568,-0.0284,104.434,-3.930,-0.370,-16.615,0.0640,-0.0356,0.9966,
56.913,IMU,86.4535,122.9077,104.6806,-0.0568,-0.0284,104.434,-3.942,-0.394,-16.619,0.0654,-0.0308,1.0029,
56.916,ENC,86.4535,122.9077,104.6806,0.0000,0.0000,104.434,-3.942,-0.394,-16.619,0.0654,-0.0308,1.0029,
56.924,IMU,86.4535,122.9077,104.6806,0.0000,0.0000,104.434,-3.956,-0.409,-16.640,0.0640,-0.0063,0.9888,
56.953,IMU,86.4535,122.9077,104.6806,0.0000,0.0000,104.434,-3.909,-0.366,-16.679,0.0645,0.0063,0.9961,
56.966,IMU,86.4535,122.9077,104.6806,0.0000,0.0000,104.434,-3.944,-0.364,-16.669,0.0728,-0.0166,1.0044,
56.969,ENC,86.4552,122.9077,104.6814,0.0284,0.0000,104.429,-3.944,-0.364,-16.669,0.0728,-0.0166,1.0044,
56.983,IMU,86.4552,122.9077,104.6814,0.0284,0.0000,104.429,-3.925,-0.357,-16.656,0.0625,-0.0254,0.9917,
56.994,ENC,86.4552,122.9077,104.6814,0.0000,0.0000,104.429,-3.925,-0.357,-16.656,0.0625,-0.0254,0.9917,
57.010,ENC,86.4535,122.9077,104.6806,-0.0852,0.0000,104.434,-3.925,-0.357,-16.656,0.0625,-0.0254,0.9917,
57.023,IMU,86.4535,122.9077,104.6806,-0.0852,0.0000,104.434,-3.901,-0.397,-16.665,0.0562,-0.0264,0.9990,
57.028,IMU,86.4535,122.9077,104.6806,-0.0852,0.0000,104.434,-3.912,-0.378,-16.662,0.0596,-0.0122,0.9917,
57.030,ENC,86.4552,122.9077,104.6814,0.0852,0.0000,104.429,-3.912,-0.378,-16.662,0.0596,-0.0122,0.9917,
57.044,IMU,86.4552,122.9077,104.6814,0.0852,0.0000,104.429,-3.919,-0.393,-16.685,0.0747,-0.0068,0.9922,
57.068,IMU,86.4552,122.9077,104.6814,0.0852,0.0000,104.429,-3.921,-0.363,-16.641,0.0796,-0.0039,0.9902,
57.070,ENC,86.4552,122.9077,104.6814,0.0000,0.0000,104.429,-3.921,-0.363,-16.641,0.0796,-0.0039,0.9902,
57.085,IMU,86.4552,122.9077,104.6814,0.0000,0.0000,104.429,-3.914,-0.349,-16.619,0.0547,-0.0195,0.9995,
57.090,ENC,86.4552,122.9077,104.6814,0.0000,0.0000,104.429,-3.914,-0.349,-16.619,0.0547,-0.0195,0.9995,
57.108,IMU,86.4552,122.9077,104.6814,0.0000,0.0000,104.429,-3.931,-0.323,-16.647,0.0601,-0.0215,1.0000,
57.138,IMU,86.4552,122.9077,104.6814,0.0000,0.0000,104.429,-3.968,-0.350,-16.636,0.0596,-0.0176,1.0024,
57.140,ENC,86.4552,122.9077,104.6814,0.0000,0.0000,104.429,-3.968,-0.350,-16.636,0.0596,-0.0176,1.0024,
57.142,ENC,86.4552,122.9077,104.6814,0.0000,0.0000,104.429,-3.968,-0.350,-16.636,0.0596,-0.0176,1.0024,
57.145,IMU,86.4552,122.9077,104.6814,0.0000,0.0000,104.429,-3.974,-0.369,-16.647,0.0688,-0.0015,0.9917,
57.164,IMU,86.4552,122.9077,104.6814,0.0000,0.0000,104.429,-3.953,-0.399,-16.671,0.0615,-0.0068,0.9941,
57.169,ENC,86.4552,122.9077,104.6814,0.0000,0.0000,104.429,-3.953,-0.399,-16.671,0.0615,-0.0068,0.9941,
57.184,IMU,86.4552,122.9077,104.6814,0.0000,0.0000,104.429,-3.956,-0.464,-16.686,0.0649,-0.0229,1.0029,
57.189,ENC,86.4552,122.9077,104.6814,0.0000,0.0000,104.429,-3.956,-0.464,-16.686,0.0649,-0.0229,1.0029,
57.204,IMU,86.4552,122.9077,104.6814,0.0000,0.0000,104.429,-3.912,-0.493,-16.685,0.0630,-0.0146,0.9966,
57.209,ENC,86.4552,122.9077,104.6814,0.0000,0.0000,104.429,-3.912,-0.493,-16.685,0.0630,-0.0146,0.9966,
57.224,IMU,86.4552,122.9077,104.6814,0.0000,0.0000,104.429,-3.907,-0.469,-16.661,0.0688,-0.0171,0.9985,
57.240,ENC,86.4552,122.9077,104.6814,0.0000,0.0000,104.429,-3.907,-0.469,-16.661,0.0688,-0.0171,0.9985,
57.244,IMU,86.4552,122.9077,104.6814,0.0000,0.0000,104.429,-3.846,-0.481,-16.742,0.0601,-0.0195,0.9834,
57.251,ENC,86.4552,122.9077,104.6814,0.0000,0.0000,104.429,-3.846,-0.481,-16.742,0.0601,-0.0195,0.9834,
57.264,IMU,86.4552,122.9077,104.6814,0.0000,0.0000,104.429,-3.812,-0.459,-16.748,0.0605,-0.0049,0.9976,
57.269,ENC,86.4552,122.9077,104.6814,0.0000,0.0000,104.429,-3.812,-0.459,-16.748,0.0605,-0.0049,0.9976,
57.284,IMU,86.4552,122.9077,104.6814,0.0000,0.0000,104.429,-3.811,-0.499,-16.704,0.0674,-0.0259,0.9937,
57.289,ENC,86.4552,122.9077,104.6814,0.0000,0.0000,104.429,-3.811,-0.499,-16.704,0.0674,-0.0259,0.9937,
57.305,IMU,86.4552,122.9077,104.6814,0.0000,0.0000,104.429,-3.792,-0.469,-16.722,0.0664,-0.0254,0.9985,
57.309,ENC,86.4552,122.9077,104.6814,0.0000,0.0000,104.429,-3.792,-0.469,-16.722,0.0664,-0.0254,0.9985,
57.328,IMU,86.4552,122.9077,104.6814,0.0000,0.0000,104.429,-3.781,-0.447,-16.763,0.0645,-0.0093,0.9839,
57.342,ENC,86.4552,122.9059,104.6806,0.0000,-0.0852,104.424,-3.781,-0.447,-16.763,0.0645,-0.0093,0.9839,
57.353,IMU,86.4552,122.9059,104.6806,0.0000,-0.0852,104.424,-3.783,-0.440,-16.732,0.0581,-0.0049,0.9893,
57.365,IMU,86.4552,122.9059,104.6806,0.0000,-0.0852,104.424,-3.773,-0.461,-16.759,0.0659,-0.0137,0.9946,
57.369,ENC,86.4552,122.9059,104.6806,0.0000,0.0000,104.424,-3.773,-0.461,-16.759,0.0659,-0.0137,0.9946,
57.385,IMU,86.4552,122.9059,104.6806,0.0000,0.0000,104.424,-3.760,-0.442,-16.721,0.0615,-0.0146,0.9980,
57.389,ENC,86.4552,122.9059,104.6806,0.0000,0.0000,104.424,-3.760,-0.442,-16.721,0.0615,-0.0146,0.9980,
57.404,IMU,86.4552,122.9059,104.6806,0.0000,0.0000,104.424,-3.718,-0.460,-16.722,0.0581,-0.0049,1.0015,
57.409,ENC,86.4552,122.9059,104.6806,0.0000,0.0000,104.424,-3.718,-0.460,-16.722,0.0581,-0.0049,1.0015,
57.443,IMU,86.4552,122.9059,104.6806,0.0000,0.0000,104.424,-3.719,-0.437,-16.735,0.0620,-0.0063,0.9878,
57.450,IMU,86.4552,122.9059,104.6806,0.0000,0.0000,104.424,-3.687,-0.457,-16.726,0.0762,-0.0088,0.9917,
57.452,ENC,86.4552,122.9059,104.6806,0.0000,0.0000,104.424,-3.687,-0.457,-16.726,0.0762,-0.0088,0.9917,
57.465,IMU,86.4552,122.9059,104.6806,0.0000,0.0000,104.424,-3.701,-0.451,-16.758,0.0605,-0.0156,0.9922,
57.469,ENC,86.4552,122.9059,104.6806,0.0000,0.0000,104.424,-3.701,-0.451,-16.758,0.0605,-0.0156,0.9922,
57.491,IMU,86.4552,122.9059,104.6806,0.0000,0.0000,104.424,-3.702,-0.434,-16.791,0.0557,-0.0088,1.0044,
57.525,IMU,86.4552,122.9059,104.6806,0.0000,0.0000,104.424,-3.691,-0.486,-16.803,0.0566,-0.0103,0.9976,
57.527,ENC,86.4552,122.9059,104.6806,0.0000,0.0000,104.424,-3.691,-0.486,-16.803,0.0566,-0.0103,0.9976,
57.531,IMU,86.4552,122.9059,104.6806,0.0000,0.0000,104.424,-3.693,-0.456,-16.773,0.0693,-0.0088,1.0000,
57.533,ENC,86.4552,122.9059,104.6806,0.0000,0.0000,104.424,-3.693,-0.456,-16.773,0.0693,-0.0088,1.0000,
57.545,IMU,86.4552,122.9059,104.6806,0.0000,0.0000,104.424,-3.690,-0.460,-16.848,0.0645,-0.0137,1.0015,
57.550,ENC,86.4552,122.9059,104.6806,0.0000,0.0000,104.424,-3.690,-0.460,-16.848,0.0645,-0.0137,1.0015,
57.564,IMU,86.4552,122.9059,104.6806,0.0000,0.0000,104.424,-3.654,-0.428,-16.851,0.0566,-0.0107,0.9824,
57.575,ENC,86.4552,122.9059,104.6806,0.0000,0.0000,104.424,-3.654,-0.428,-16.851,0.0566,-0.0107,0.9824,
57.585,IMU,86.4552,122.9059,104.6806,0.0000,0.0000,104.424,-3.641,-0.465,-16.877,0.0688,-0.0244,0.9951,
57.589,ENC,86.4552,122.9059,104.6806,0.0000,0.0000,104.424,-3.641,-0.465,-16.877,0.0688,-0.0244,0.9951,
57.604,IMU,86.4552,122.9059,104.6806,0.0000,0.0000,104.424,-3.594,-0.494,-16.885,0.0649,-0.0137,1.0010,
57.609,ENC,86.4552,122.9059,104.6806,0.0000,0.0000,104.424,-3.594,-0.494,-16.885,0.0649,-0.0137,1.0010,
57.634,ENC,86.4552,122.9059,104.6806,0.0000,0.0000,104.424,-3.594,-0.494,-16.885,0.0649,-0.0137,1.0010,
57.650,ENC,86.4552,122.9059,104.6806,0.0000,0.0000,104.424,-3.594,-0.494,-16.885,0.0649,-0.0137,1.0010,
57.653,IMU,86.4552,122.9059,104.6806,0.0000,0.0000,104.424,-3.593,-0.485,-16.874,0.0723,-0.0088,0.9980,
57.656,IMU,86.4552,122.9059,104.6806,0.0000,0.0000,104.424,-3.579,-0.500,-16.872,0.0640,-0.0205,0.9932,
57.667,IMU,86.4552,122.9059,104.6806,0.0000,0.0000,104.424,-3.606,-0.564,-16.870,0.0576,-0.0112,0.9985,
57.684,IMU,86.4552,122.9059,104.6806,0.0000,0.0000,104.424,-3.586,-0.589,-16.903,0.0435,-0.0249,0.9907,
57.700,ENC,86.4552,122.9059,104.6806,0.0000,0.0000,104.424,-3.586,-0.589,-16.903,0.0435,-0.0249,0.9907,
57.702,ENC,86.4552,122.9059,104.6806,0.0000,0.0000,104.424,-3.586,-0.589,-16.903,0.0435,-0.0249,0.9907,
57.706,IMU,86.4552,122.9059,104.6806,0.0000,0.0000,104.424,-3.605,-0.590,-16.884,0.0684,-0.0068,0.9941,
57.709,ENC,86.4552,122.9059,104.6806,0.0000,0.0000,104.424,-3.605,-0.590,-16.884,0.0684,-0.0068,0.9941,
57.724,IMU,86.4552,122.9059,104.6806,0.0000,0.0000,104.424,-3.613,-0.567,-16.807,0.0698,-0.0068,0.9956,
57.730,ENC,86.4552,122.9059,104.6806,0.0000,0.0000,104.424,-3.613,-0.567,-16.807,0.0698,-0.0068,0.9956,
57.745,IMU,86.4552,122.9059,104.6806,0.0000,0.0000,104.424,-3.595,-0.578,-16.847,0.0698,-0.0049,0.9985,
57.749,ENC,86.4552,122.9059,104.6806,0.0000,0.0000,104.424,-3.595,-0.578,-16.847,0.0698,-0.0049,0.9985,
57.764,IMU,86.4552,122.9059,104.6806,0.0000,0.0000,104.424,-3.657,-0.560,-16.824,0.0688,-0.0073,0.9966,
57.770,ENC,86.4552,122.9077,104.6814,0.0000,0.0852,104.429,-3.657,-0.560,-16.824,0.0688,-0.0073,0.9966,
57.784,IMU,86.4552,122.9077,104.6814,0.0000,0.0852,104.429,-3.684,-0.595,-16.825,0.0654,-0.0063,0.9971,
57.792,ENC,86.4552,122.9059,104.6806,0.0000,-0.0852,104.424,-3.684,-0.595,-16.825,0.0654,-0.0063,0.9971,
57.804,IMU,86.4552,122.9059,104.6806,0.0000,-0.0852,104.424,-3.649,-0.625,-16.859,0.0679,-0.0112,0.9990,
57.809,ENC,86.4552,122.9077,104.6814,0.0000,0.0852,104.429,-3.649,-0.625,-16.859,0.0679,-0.0112,0.9990,
57.824,IMU,86.4552,122.9077,104.6814,0.0000,0.0852,104.429,-3.624,-0.620,-16.885,0.0586,-0.0195,0.9902,
57.830,ENC,86.4552,122.9077,104.6814,0.0000,0.0000,104.429,-3.624,-0.620,-16.885,0.0586,-0.0195,0.9902,
57.850,ENC,86.4552,122.9094,104.6823,0.0000,0.0852,104.434,-3.624,-0.620,-16.885,0.0586,-0.0195,0.9902,
57.853,IMU,86.4552,122.9094,104.6823,0.0000,0.0852,104.434,-3.561,-0.601,-16.852,0.0605,-0.0137,0.9878,
57.868,IMU,86.4552,122.9094,104.6823,0.0000,0.0852,104.434,-3.561,-0.595,-16.864,0.0659,-0.0322,1.0063,
57.870,ENC,86.4552,122.9128,104.6840,0.0000,0.1704,104.443,-3.561,-0.595,-16.864,0.0659,-0.0322,1.0063,
57.885,IMU,86.4552,122.9128,104.6840,0.0000,0.1704,104.443,-3.557,-0.608,-16.853,0.0693,-0.0176,0.9858,
57.889,ENC,86.4552,122.9145,104.6848,0.0000,0.0852,104.448,-3.557,-0.608,-16.853,0.0693,-0.0176,0.9858,
57.910,IMU,86.4552,122.9145,104.6848,0.0000,0.0852,104.448,-3.536,-0.625,-16.816,0.0542,-0.0059,0.9971,
57.943,IMU,86.4552,122.9145,104.6848,0.0000,0.0852,104.448,-3.541,-0.650,-16.812,0.0522,-0.0269,0.9814,
57.946,IMU,86.4552,122.9145,104.6848,0.0000,0.0852,104.448,-3.562,-0.676,-16.792,0.0737,-0.0112,1.0044,
57.953,ENC,86.4569,122.9162,104.6865,0.0852,0.0852,104.448,-3.562,-0.676,-16.792,0.0737,-0.0112,1.0044,
57.956,ENC,86.4569,122.9162,104.6865,0.0000,0.0000,104.448,-3.562,-0.676,-16.792,0.0737,-0.0112,1.0044,
57.958,ENC,86.4569,122.9179,104.6874,0.0000,0.0852,104.453,-3.562,-0.676,-16.792,0.0737,-0.0112,1.0044,
57.963,IMU,86.4569,122.9179,104.6874,0.0000,0.0852,104.453,-3.537,-0.669,-16.783,0.0684,-0.0142,0.9863,
57.969,ENC,86.4569,122.9196,104.6882,0.0000,0.0852,104.458,-3.537,-0.669,-16.783,0.0684,-0.0142,0.9863,
57.984,IMU,86.4569,122.9196,104.6882,0.0000,0.0852,104.458,-3.523,-0.702,-16.765,0.0518,-0.0127,0.9951,
57.989,ENC,86.4569,122.9196,104.6882,0.0000,0.0000,104.458,-3.523,-0.702,-16.765,0.0518,-0.0127,0.9951,
58.007,IMU,86.4569,122.9196,104.6882,0.0000,0.0000,104.458,-3.484,-0.737,-16.805,0.0708,-0.0059,0.9902,
58.011,ENC,86.4569,122.9213,104.6891,0.0000,0.0852,104.463,-3.484,-0.737,-16.805,0.0708,-0.0059,0.9902,
58.024,IMU,86.4569,122.9213,104.6891,0.0000,0.0852,104.463,-3.507,-0.750,-16.787,0.0640,-0.0059,0.9863,
58.034,ENC,86.4569,122.9213,104.6891,0.0000,0.0000,104.463,-3.507,-0.750,-16.787,0.0640,-0.0059,0.9863,
58.044,IMU,86.4569,122.9213,104.6891,0.0000,0.0000,104.463,-3.458,-0.770,-16.734,0.0547,-0.0225,1.0034,
58.049,ENC,86.4569,122.9196,104.6882,0.0000,-0.0852,104.458,-3.458,-0.770,-16.734,0.0547,-0.0225,1.0034,
58.064,IMU,86.4569,122.9196,104.6882,0.0000,-0.0852,104.458,-3.471,-0.746,-16.687,0.0610,-0.0103,1.0010,
58.073,ENC,86.4569,122.9213,104.6891,0.0000,0.0852,104.463,-3.471,-0.746,-16.687,0.0610,-0.0103,1.0010,
58.092,IMU,86.4569,122.9213,104.6891,0.0000,0.0852,104.463,-3.463,-0.769,-16.692,0.0723,-0.0044,0.9976,
58.094,ENC,86.4569,122.9213,104.6891,0.0000,0.0000,104.463,-3.463,-0.769,-16.692,0.0723,-0.0044,0.9976,
58.104,IMU,86.4569,122.9213,104.6891,0.0000,0.0000,104.463,-3.509,-0.771,-16.667,0.0630,-0.0171,1.0000,
58.121,ENC,86.4569,122.9247,104.6908,0.0000,0.1704,104.473,-3.509,-0.771,-16.667,0.0630,-0.0171,1.0000,
58.125,IMU,86.4569,122.9247,104.6908,0.0000,0.1704,104.473,-3.498,-0.823,-16.616,0.0444,-0.0522,0.9927,
58.137,ENC,86.4586,122.9366,104.6976,0.0852,0.5965,104.502,-3.498,-0.823,-16.616,0.0444,-0.0522,0.9927,
58.145,IMU,86.4586,122.9366,104.6976,0.0852,0.5965,104.502,-3.529,-0.801,-16.660,0.0620,-0.0483,0.9941,
58.161,ENC,86.4586,122.9486,104.7036,0.0000,0.5965,104.536,-3.529,-0.801,-16.660,0.0620,-0.0483,0.9941,
58.169,ENC,86.4637,122.9605,104.7121,0.2557,0.5965,104.556,-3.529,-0.801,-16.660,0.0620,-0.0483,0.9941,
58.178,IMU,86.4637,122.9605,104.7121,0.2557,0.5965,104.556,-3.543,-0.755,-16.652,0.0586,-0.0376,0.9932,
58.183,IMU,86.4637,122.9605,104.7121,0.2557,0.5965,104.556,-3.572,-0.799,-16.651,0.0596,-0.0098,1.0166,
58.189,ENC,86.4722,122.9741,104.7232,0.4261,0.6818,104.570,-3.572,-0.799,-16.651,0.0596,-0.0098,1.0166,
58.204,IMU,86.4722,122.9741,104.7232,0.4261,0.6818,104.570,-3.636,-0.828,-16.587,0.0479,-0.0449,0.9243,
58.210,ENC,86.4790,123.0099,104.7445,0.3409,1.7896,104.653,-3.636,-0.828,-16.587,0.0479,-0.0449,0.9243,
58.225,IMU,86.4790,123.0099,104.7445,0.3409,1.7896,104.653,-3.615,-0.943,-16.552,0.0420,-0.0723,1.0259,
58.230,ENC,86.4961,123.0593,104.7777,0.8522,2.4714,104.746,-3.615,-0.943,-16.552,0.0420,-0.0723,1.0259,
58.249,ENC,86.5199,123.1037,104.8118,1.1931,2.2158,104.805,-3.615,-0.943,-16.552,0.0420,-0.0723,1.0259,
58.261,IMU,86.5199,123.1037,104.8118,1.1931,2.2158,104.805,-3.630,-1.061,-16.492,0.0679,-0.0962,1.0117,
58.268,IMU,86.5199,123.1037,104.8118,1.1931,2.2158,104.805,-3.611,-1.196,-16.418,0.0781,-0.1147,0.9883,
58.270,ENC,86.5455,123.1582,104.8518,1.2783,2.7271,104.888,-3.611,-1.196,-16.418,0.0781,-0.1147,0.9883,
58.285,IMU,86.5455,123.1582,104.8518,1.2783,2.7271,104.888,-3.581,-1.141,-16.242,0.0537,-0.0312,1.0039,
58.289,ENC,86.5659,123.2281,104.8970,1.0227,3.4941,105.029,-3.581,-1.141,-16.242,0.0537,-0.0312,1.0039,
58.305,IMU,86.5659,123.2281,104.8970,1.0227,3.4941,105.029,-3.471,-1.121,-16.091,-0.0132,-0.0098,1.0034,
58.309,ENC,86.5745,123.3099,104.9422,0.4261,4.0906,105.239,-3.471,-1.121,-16.091,-0.0132,-0.0098,1.0034,
58.324,IMU,86.5745,123.3099,104.9422,0.4261,4.0906,105.239,-3.428,-1.217,-15.932,0.0293,-0.0986,0.9800,
58.332,ENC,86.5864,123.4122,104.9993,0.5965,5.1133,105.498,-3.428,-1.217,-15.932,0.0293,-0.0986,0.9800,
58.367,IMU,86.5864,123.4122,104.9993,0.5965,5.1133,105.498,-3.528,-1.320,-15.716,0.0967,-0.1333,1.0322,
58.374,ENC,86.6716,123.6116,105.1416,2.1305,4.9854,105.825,-3.528,-1.320,-15.716,0.0967,-0.1333,1.0322,
58.390,ENC,86.7245,123.7190,105.2217,2.6419,5.3689,105.981,-3.528,-1.320,-15.716,0.0967,-0.1333,1.0322,
58.397,IMU,86.7245,123.7190,105.2217,2.6419,5.3689,105.981,-3.506,-1.310,-15.669,0.0220,-0.0405,1.0186,
58.409,IMU,86.7245,123.7190,105.2217,2.6419,5.3689,105.981,-3.437,-1.304,-15.531,0.0015,-0.0498,1.0151,
58.424,IMU,86.7245,123.7190,105.2217,2.6419,5.3689,105.981,-3.396,-1.228,-15.427,0.0459,0.0405,1.0107,
58.426,ENC,86.7824,123.8263,105.3044,2.8975,5.3689,106.123,-3.396,-1.228,-15.427,0.0459,0.0405,1.0107,
58.429,ENC,86.8506,123.9337,105.3922,3.4088,5.3689,106.235,-3.396,-1.228,-15.427,0.0459,0.0405,1.0107,
58.444,IMU,86.8506,123.9337,105.3922,3.4088,5.3689,106.235,-3.406,-1.245,-15.327,0.0444,-0.0220,1.0410,
58.470,IMU,86.8506,123.9337,105.3922,3.4088,5.3689,106.235,-3.424,-1.185,-15.308,0.0889,-0.0137,0.8872,
58.472,ENC,86.9222,124.0445,105.4833,3.5793,5.5394,106.348,-3.424,-1.185,-15.308,0.0889,-0.0137,0.8872,
58.474,ENC,87.0006,124.1638,105.5822,3.9202,5.9655,106.465,-3.424,-1.185,-15.308,0.0889,-0.0137,0.8872,
58.495,IMU,87.0006,124.1638,105.5822,3.9202,5.9655,106.465,-3.443,-1.159,-15.222,0.0698,-0.0039,1.0312,
58.503,IMU,87.0006,124.1638,105.5822,3.9202,5.9655,106.465,-3.464,-1.095,-15.160,0.0854,0.0132,0.9961,
58.525,IMU,87.0006,124.1638,105.5822,3.9202,5.9655,106.465,-3.540,-1.105,-15.109,0.1147,-0.0322,1.0088,
58.569,IMU,87.0006,124.1638,105.5822,3.9202,5.9655,106.465,-3.509,-1.127,-15.049,0.0303,-0.0161,1.0249,
58.572,IMU,87.0006,124.1638,105.5822,3.9202,5.9655,106.465,-3.471,-1.057,-14.972,0.0659,0.0029,0.9727,
58.584,IMU,87.0006,124.1638,105.5822,3.9202,5.9655,106.465,-3.498,-1.048,-14.913,0.0815,0.0039,1.0469,
58.589,ENC,87.5238,124.8916,106.2077,4.3605,6.0649,107.051,-3.498,-1.048,-14.913,0.0815,0.0039,1.0469,
58.604,IMU,87.5238,124.8916,106.2077,4.3605,6.0649,107.051,-3.533,-0.992,-14.872,0.0576,0.0132,0.9399,
58.624,IMU,87.5238,124.8916,106.2077,4.3605,6.0649,107.051,-3.503,-0.882,-14.760,0.0293,0.0649,0.9844,
58.644,IMU,87.5238,124.8916,106.2077,4.3605,6.0649,107.051,-3.553,-0.941,-14.661,0.0850,-0.0469,0.9868,
58.677,IMU,87.5238,124.8916,106.2077,4.3605,6.0649,107.051,-3.601,-0.908,-14.573,0.0801,-0.0054,1.0190,
58.680,ENC,87.8119,125.2700,106.5409,4.8008,6.3064,107.310,-3.601,-0.908,-14.573,0.0801,-0.0054,1.0190,
58.683,ENC,87.9124,125.3961,106.6543,5.0280,6.3064,107.383,-3.601,-0.908,-14.573,0.0801,-0.0054,1.0190,
58.686,IMU,87.9124,125.3961,106.6543,5.0280,6.3064,107.383,-3.627,-0.825,-14.499,0.0869,0.0142,0.9727,
58.717,IMU,87.9124,125.3961,106.6543,5.0280,6.3064,107.383,-3.636,-0.819,-14.466,0.0601,0.0059,1.0181,
58.724,IMU,87.9124,125.3961,106.6543,5.0280,6.3064,107.383,-3.617,-0.781,-14.404,0.0225,0.0239,1.0244,
58.726,ENC,88.0130,125.5222,106.7676,5.0280,6.3064,107.456,-3.617,-0.781,-14.404,0.0225,0.0239,1.0244,
58.728,ENC,88.1102,125.6467,106.8784,4.8576,6.2211,107.534,-3.617,-0.781,-14.404,0.0225,0.0239,1.0244,
58.733,ENC,88.2039,125.7694,106.9866,4.6872,6.1359,107.617,-3.617,-0.781,-14.404,0.0225,0.0239,1.0244,
58.761,IMU,88.2039,125.7694,106.9866,4.6872,6.1359,107.617,-3.659,-0.842,-14.308,0.1260,-0.0552,0.9517,
58.765,IMU,88.2039,125.7694,106.9866,4.6872,6.1359,107.617,-3.682,-0.880,-14.241,0.0635,-0.0430,1.0439,
58.769,ENC,88.3795,126.0131,107.1963,4.3889,6.0933,107.812,-3.682,-0.880,-14.241,0.0635,-0.0430,1.0439,
58.784,IMU,88.3795,126.0131,107.1963,4.3889,6.0933,107.812,-3.607,-0.858,-14.078,0.0352,-0.0352,0.9478,
58.789,ENC,88.4152,126.1461,107.2807,1.7896,6.6473,108.091,-3.607,-0.858,-14.078,0.0352,-0.0352,0.9478,
58.804,IMU,88.4152,126.1461,107.2807,1.7896,6.6473,108.091,-3.468,-0.707,-13.885,-0.0415,0.1104,0.9585,
58.809,ENC,88.4391,126.2875,107.3633,1.1931,7.0734,108.428,-3.468,-0.707,-13.885,-0.0415,0.1104,0.9585,
58.825,IMU,88.4391,126.2875,107.3633,1.1931,7.0734,108.428,-3.476,-0.767,-13.679,0.0845,-0.0283,0.9355,
58.829,ENC,88.4630,126.4358,107.4494,1.1931,7.4142,108.784,-3.476,-0.767,-13.679,0.0845,-0.0283,0.9355,
58.849,ENC,88.4749,126.5756,107.5252,0.5965,6.9881,109.150,-3.476,-0.767,-13.679,0.0845,-0.0283,0.9355,
58.870,IMU,88.4749,126.5756,107.5252,0.5965,6.9881,109.150,-3.477,-0.697,-13.370,0.1143,0.0459,0.9141,
58.872,ENC,88.4885,126.7187,107.6036,0.6818,7.1586,109.521,-3.477,-0.697,-13.370,0.1143,0.0459,0.9141,
58.884,IMU,88.4885,126.7187,107.6036,0.6818,7.1586,109.521,-3.485,-0.610,-13.214,0.0474,0.0552,0.9761,
58.905,IMU,88.4885,126.7187,107.6036,0.6818,7.1586,109.521,-3.457,-0.602,-12.971,0.1094,-0.0361,1.0093,
58.909,ENC,88.5107,126.9915,107.7511,0.5539,6.8177,110.239,-3.457,-0.602,-12.971,0.1094,-0.0361,1.0093,
58.929,ENC,88.5107,127.1312,107.8210,0.0000,6.9881,110.640,-3.457,-0.602,-12.971,0.1094,-0.0361,1.0093,
58.941,IMU,88.5107,127.1312,107.8210,0.0000,6.9881,110.640,-3.418,-0.709,-12.785,0.0649,-0.0923,1.0029,
58.944,IMU,88.5107,127.1312,107.8210,0.0000,6.9881,110.640,-3.417,-0.878,-12.590,0.0195,-0.1587,1.0083,
58.949,ENC,88.5107,127.2812,107.8959,0.0000,7.4995,111.069,-3.417,-0.878,-12.590,0.0195,-0.1587,1.0083,
58.964,IMU,88.5107,127.2812,107.8959,0.0000,7.4995,111.069,-3.415,-0.889,-12.366,0.0952,-0.0801,1.0317,
58.969,ENC,88.5090,127.4380,107.9735,-0.0852,7.8403,111.523,-3.415,-0.889,-12.366,0.0952,-0.0801,1.0317,
58.984,IMU,88.5090,127.4380,107.9735,-0.0852,7.8403,111.523,-3.362,-0.766,-12.047,0.0010,0.0972,1.0522,
58.989,ENC,88.5107,127.5982,108.0545,0.0852,8.0108,111.978,-3.362,-0.766,-12.047,0.0010,0.0972,1.0522,
59.004,IMU,88.5107,127.5982,108.0545,0.0852,8.0108,111.978,-3.436,-0.603,-11.803,0.1284,0.0957,0.9141,
59.027,IMU,88.5107,127.5982,108.0545,0.0852,8.0108,111.978,-3.451,-0.639,-11.572,0.0679,-0.0630,1.0986,
59.029,ENC,88.5090,127.9493,108.2292,-0.0426,8.7778,112.988,-3.451,-0.639,-11.572,0.0679,-0.0630,1.0986,
59.044,IMU,88.5090,127.9493,108.2292,-0.0426,8.7778,112.988,-3.377,-0.698,-11.333,-0.0503,-0.0801,1.0903,
59.049,ENC,88.5107,128.1096,108.3101,0.0852,8.0108,113.442,-3.377,-0.698,-11.333,-0.0503,-0.0801,1.0903,
59.064,IMU,88.5107,128.1096,108.3101,0.0852,8.0108,113.442,-3.305,-0.793,-11.074,0.0161,-0.1030,0.9766,
59.069,ENC,88.5107,128.2953,108.4030,0.0000,9.2891,113.975,-3.305,-0.793,-11.074,0.0161,-0.1030,0.9766,
59.085,IMU,88.5107,128.2953,108.4030,0.0000,9.2891,113.975,-3.299,-0.709,-10.790,0.1489,0.0498,0.9067,
59.089,ENC,88.5107,128.4658,108.4882,0.0000,8.5221,114.463,-3.299,-0.709,-10.790,0.1489,0.0498,0.9067,
59.110,IMU,88.5107,128.4658,108.4882,0.0000,8.5221,114.463,-3.338,-0.717,-10.515,0.1567,0.0044,0.9102,
59.112,ENC,88.5107,128.6584,108.5845,0.0000,9.6300,115.015,-3.338,-0.717,-10.515,0.1567,0.0044,0.9102,
59.125,IMU,88.5107,128.6584,108.5845,0.0000,9.6300,115.015,-3.279,-0.725,-10.192,0.0469,-0.0630,0.9097,
59.129,ENC,88.5090,128.8425,108.6757,-0.0852,9.2039,115.547,-3.279,-0.725,-10.192,0.0469,-0.0630,0.9097,
59.145,IMU,88.5090,128.8425,108.6757,-0.0852,9.2039,115.547,-3.071,-0.729,-9.920,-0.0903,-0.0298,1.1045,
59.149,ENC,88.5090,129.0299,108.7695,0.0000,9.3743,116.084,-3.071,-0.729,-9.920,-0.0903,-0.0298,1.1045,
59.164,IMU,88.5090,129.0299,108.7695,0.0000,9.3743,116.084,-3.063,-0.843,-9.665,0.0303,-0.1221,0.9609,
59.169,ENC,88.5090,129.2277,108.8683,0.0000,9.8857,116.650,-3.063,-0.843,-9.665,0.0303,-0.1221,0.9609,
59.184,IMU,88.5090,129.2277,108.8683,0.0000,9.8857,116.650,-3.029,-0.848,-9.415,0.0479,-0.0537,1.0024,
59.189,ENC,88.5090,129.4049,108.9570,0.0000,8.8630,117.158,-3.029,-0.848,-9.415,0.0479,-0.0537,1.0024,
59.204,IMU,88.5090,129.4049,108.9570,0.0000,8.8630,117.158,-2.989,-0.849,-9.138,0.0400,-0.0249,1.0166,
59.209,ENC,88.5090,129.6009,109.0550,0.0000,9.8004,117.720,-2.989,-0.849,-9.138,0.0400,-0.0249,1.0166,
59.224,IMU,88.5090,129.6009,109.0550,0.0000,9.8004,117.720,-3.005,-0.809,-8.875,0.0894,0.0317,0.9697,
59.230,ENC,88.5090,129.7816,109.1453,0.0000,9.0334,118.237,-3.005,-0.809,-8.875,0.0894,0.0317,0.9697,
59.245,IMU,88.5090,129.7816,109.1453,0.0000,9.0334,118.237,-2.970,-0.755,-8.593,0.0195,0.0146,1.0254,
59.250,ENC,88.5090,129.9691,109.2390,0.0000,9.3743,118.774,-2.970,-0.755,-8.593,0.0195,0.0146,1.0254,
59.264,IMU,88.5090,129.9691,109.2390,0.0000,9.3743,118.774,-2.974,-0.883,-8.330,0.0669,-0.1289,0.9585,
59.270,ENC,88.5090,130.1532,109.3311,0.0000,9.2039,119.302,-2.974,-0.883,-8.330,0.0669,-0.1289,0.9585,
59.284,IMU,88.5090,130.1532,109.3311,0.0000,9.2039,119.302,-2.901,-0.879,-8.047,-0.0015,0.0132,1.0781,
59.289,ENC,88.5107,130.3236,109.4171,0.0852,8.5221,119.785,-2.901,-0.879,-8.047,-0.0015,0.0132,1.0781,
59.304,IMU,88.5107,130.3236,109.4171,0.0852,8.5221,119.785,-2.873,-0.887,-7.766,0.0527,-0.0781,0.9922,
59.309,ENC,88.5090,130.4940,109.5015,-0.0852,8.5221,120.278,-2.873,-0.887,-7.766,0.0527,-0.0781,0.9922,
59.324,IMU,88.5090,130.4940,109.5015,-0.0852,8.5221,120.278,-2.945,-0.853,-7.503,0.1489,-0.0059,0.9863,
59.330,ENC,88.5107,130.6491,109.5799,0.0852,7.7551,120.718,-2.945,-0.853,-7.503,0.1489,-0.0059,0.9863,
59.344,IMU,88.5107,130.6491,109.5799,0.0852,7.7551,120.718,-2.998,-0.729,-7.293,0.0537,0.0962,1.0688,
59.349,ENC,88.5107,130.7804,109.6455,0.0000,6.5620,121.094,-2.998,-0.729,-7.293,0.0537,0.0962,1.0688,
59.390,ENC,88.5107,130.9014,109.7060,0.0000,6.0507,121.440,-2.998,-0.729,-7.293,0.0537,0.0962,1.0688,
59.392,ENC,88.5124,130.9883,109.7504,0.0852,4.3463,121.685,-2.998,-0.729,-7.293,0.0537,0.0962,1.0688,
59.398,IMU,88.5124,130.9883,109.7504,0.0852,4.3463,121.685,-3.055,-0.682,-7.156,0.0928,0.0449,1.0386,
59.401,IMU,88.5124,130.9883,109.7504,0.0852,4.3463,121.685,-3.092,-0.545,-7.054,0.0923,0.0864,0.9966,
59.404,IMU,88.5124,130.9883,109.7504,0.0852,4.3463,121.685,-3.181,-0.452,-7.012,0.1445,0.0747,1.0249,
59.409,ENC,88.5141,131.0616,109.7879,0.0852,3.6645,121.890,-3.181,-0.452,-7.012,0.1445,0.0747,1.0249,
59.447,ENC,88.5158,131.1162,109.8160,0.0852,2.7271,122.041,-3.181,-0.452,-7.012,0.1445,0.0747,1.0249,
59.451,IMU,88.5158,131.1162,109.8160,0.0852,2.7271,122.041,-3.198,-0.358,-7.098,0.1079,0.0972,0.9980,
59.453,ENC,88.5175,131.1417,109.8296,0.0852,1.2783,122.109,-3.198,-0.358,-7.098,0.1079,0.0972,0.9980,
59.464,IMU,88.5175,131.1417,109.8296,0.0852,1.2783,122.109,-3.210,-0.262,-7.189,0.0659,0.0918,0.9795,
59.471,ENC,88.5192,131.1502,109.8347,0.0852,0.4261,122.129,-3.210,-0.262,-7.189,0.0659,0.0918,0.9795,
59.484,IMU,88.5192,131.1502,109.8347,0.0852,0.4261,122.129,-3.217,-0.162,-7.218,0.0488,0.0825,1.0020,
59.489,ENC,88.5243,131.1519,109.8381,0.2557,0.0852,122.119,-3.217,-0.162,-7.218,0.0488,0.0825,1.0020,
59.507,IMU,88.5243,131.1519,109.8381,0.2557,0.0852,122.119,-3.221,-0.225,-7.247,0.0820,0.0029,0.9653,
59.509,ENC,88.5346,131.1485,109.8415,0.5113,-0.1704,122.080,-3.221,-0.225,-7.247,0.0820,0.0029,0.9653,
59.524,IMU,88.5346,131.1485,109.8415,0.5113,-0.1704,122.080,-3.203,-0.277,-7.291,0.0747,-0.0361,1.0186,
59.529,ENC,88.5431,131.1400,109.8415,0.4261,-0.4261,122.031,-3.203,-0.277,-7.291,0.0747,-0.0361,1.0186,
59.556,IMU,88.5431,131.1400,109.8415,0.4261,-0.4261,122.031,-3.185,-0.327,-7.363,0.0425,-0.0493,0.9771,
59.558,ENC,88.5499,131.1332,109.8415,0.3409,-0.3409,121.992,-3.185,-0.327,-7.363,0.0425,-0.0493,0.9771,
59.564,IMU,88.5499,131.1332,109.8415,0.3409,-0.3409,121.992,-3.192,-0.339,-7.389,0.0283,-0.0205,1.0220,
59.569,ENC,88.5584,131.1315,109.8450,0.4261,-0.0852,121.963,-3.192,-0.339,-7.389,0.0283,-0.0205,1.0220,
59.585,IMU,88.5584,131.1315,109.8450,0.4261,-0.0852,121.963,-3.211,-0.331,-7.386,0.0366,-0.0093,0.9883,
59.589,ENC,88.5652,131.1332,109.8492,0.3409,0.0852,121.948,-3.211,-0.331,-7.386,0.0366,-0.0093,0.9883,
59.605,IMU,88.5652,131.1332,109.8492,0.3409,0.0852,121.948,-3.260,-0.307,-7.383,0.0664,0.0132,1.0098,
59.609,ENC,88.5686,131.1366,109.8526,0.1704,0.1704,121.948,-3.260,-0.307,-7.383,0.0664,0.0132,1.0098,
59.629,ENC,88.5703,131.1366,109.8535,0.0852,0.0000,121.943,-3.260,-0.307,-7.383,0.0664,0.0132,1.0098,
59.644,IMU,88.5703,131.1366,109.8535,0.0852,0.0000,121.943,-3.326,-0.283,-7.358,0.0796,0.0112,0.9873,
59.647,IMU,88.5703,131.1366,109.8535,0.0852,0.0000,121.943,-3.331,-0.256,-7.293,0.0669,0.0044,0.9951,
59.678,ENC,88.5703,131.1332,109.8518,0.0000,-0.0852,121.934,-3.331,-0.256,-7.293,0.0669,0.0044,0.9951,
59.684,IMU,88.5703,131.1332,109.8518,0.0000,-0.0852,121.934,-3.381,-0.284,-7.256,0.0640,-0.0332,0.9961,
59.689,ENC,88.5686,131.1332,109.8509,-0.0852,0.0000,121.938,-3.381,-0.284,-7.256,0.0640,-0.0332,0.9961,
59.704,IMU,88.5686,131.1332,109.8509,-0.0852,0.0000,121.938,-3.366,-0.317,-7.269,0.0464,-0.0269,0.9941,
59.712,ENC,88.5686,131.1332,109.8509,0.0000,0.0000,121.938,-3.366,-0.317,-7.269,0.0464,-0.0269,0.9941,
59.749,ENC,88.5686,131.1332,109.8509,0.0000,0.0000,121.938,-3.366,-0.317,-7.269,0.0464,-0.0269,0.9941,
59.751,ENC,88.5703,131.1349,109.8526,0.0852,0.0852,121.938,-3.366,-0.317,-7.269,0.0464,-0.0269,0.9941,
59.754,IMU,88.5703,131.1349,109.8526,0.0852,0.0852,121.938,-3.381,-0.294,-7.381,0.0732,-0.0054,0.9907,
59.764,IMU,88.5703,131.1349,109.8526,0.0852,0.0852,121.938,-3.411,-0.321,-7.400,0.0679,-0.0010,0.9917,
59.769,ENC,88.5703,131.1349,109.8526,0.0000,0.0000,121.938,-3.411,-0.321,-7.400,0.0679,-0.0010,0.9917,
59.784,IMU,88.5703,131.1349,109.8526,0.0000,0.0000,121.938,-3.410,-0.345,-7.332,0.0645,-0.0015,0.9878,
59.789,ENC,88.5703,131.1349,109.8526,0.0000,0.0000,121.938,-3.410,-0.345,-7.332,0.0645,-0.0015,0.9878,
59.804,IMU,88.5703,131.1349,109.8526,0.0000,0.0000,121.938,-3.415,-0.360,-7.375,0.0586,-0.0249,0.9946,
59.812,ENC,88.5703,131.1332,109.8518,0.0000,-0.0852,121.934,-3.415,-0.360,-7.375,0.0586,-0.0249,0.9946,
59.825,IMU,88.5703,131.1332,109.8518,0.0000,-0.0852,121.934,-3.427,-0.357,-7.388,0.0532,-0.0391,0.9941,
59.829,ENC,88.5703,131.1366,109.8535,0.0000,0.1704,121.943,-3.427,-0.357,-7.388,0.0532,-0.0391,0.9941,
59.843,IMU,88.5703,131.1366,109.8535,0.0000,0.1704,121.943,-3.415,-0.369,-7.363,0.0562,-0.0420,1.0166,
59.849,ENC,88.5738,131.1468,109.8603,0.1704,0.5113,121.963,-3.415,-0.369,-7.363,0.0562,-0.0420,1.0166,
59.864,IMU,88.5738,131.1468,109.8603,0.1704,0.5113,121.963,-3.412,-0.411,-7.358,0.0620,-0.0132,1.0103,
59.869,ENC,88.5806,131.1571,109.8688,0.3409,0.5113,121.973,-3.412,-0.411,-7.358,0.0620,-0.0132,1.0103,
59.901,IMU,88.5806,131.1571,109.8688,0.3409,0.5113,121.973,-3.548,-0.351,-7.333,0.1987,0.0303,0.8101,
59.905,IMU,88.5806,131.1571,109.8688,0.3409,0.5113,121.973,-3.496,-0.429,-7.338,0.0493,-0.0620,0.9780,
59.907,ENC,88.6113,131.1673,109.8893,1.5340,0.5113,121.914,-3.496,-0.429,-7.338,0.0493,-0.0620,0.9780,
59.910,ENC,88.6317,131.1792,109.9055,1.0227,0.5965,121.890,-3.496,-0.429,-7.338,0.0493,-0.0620,0.9780,
59.924,IMU,88.6317,131.1792,109.9055,1.0227,0.5965,121.890,-3.494,-0.511,-7.342,0.0449,-0.0908,0.9917,
59.929,ENC,88.6607,131.1980,109.9293,1.4488,0.9374,121.860,-3.494,-0.511,-7.342,0.0449,-0.0908,0.9917,
59.948,IMU,88.6607,131.1980,109.9293,1.4488,0.9374,121.860,-3.513,-0.589,-7.344,0.0796,-0.0684,0.9814,
59.950,ENC,88.6914,131.2321,109.9617,1.5340,1.7044,121.870,-3.513,-0.589,-7.344,0.0796,-0.0684,0.9814,
59.970,ENC,88.7306,131.2730,110.0018,1.9601,2.0453,121.875,-3.513,-0.589,-7.344,0.0796,-0.0684,0.9814,
59.986,IMU,88.7306,131.2730,110.0018,1.9601,2.0453,121.875,-3.528,-0.599,-7.418,0.0938,-0.0317,0.9780,
59.989,IMU,88.7306,131.2730,110.0018,1.9601,2.0453,121.875,-3.601,-0.648,-7.457,0.1016,-0.0552,1.0039,
59.991,ENC,88.7834,131.3173,110.0503,2.6419,2.2158,121.851,-3.601,-0.648,-7.457,0.1016,-0.0552,1.0039,
60.009,ENC,88.8294,131.3616,110.0955,2.3010,2.2158,121.846,-3.601,-0.648,-7.457,0.1016,-0.0552,1.0039,
60.019,IMU,88.8294,131.3616,110.0955,2.3010,2.2158,121.846,-3.624,-0.669,-7.519,0.0547,-0.0337,1.0117,
60.025,IMU,88.8294,131.3616,110.0955,2.3010,2.2158,121.846,-3.613,-0.684,-7.531,0.0454,-0.0225,0.9717,
60.030,ENC,88.8857,131.4127,110.1492,2.8123,2.5566,121.831,-3.613,-0.684,-7.531,0.0454,-0.0225,0.9717,
60.047,IMU,88.8857,131.4127,110.1492,2.8123,2.5566,121.831,-3.608,-0.677,-7.561,0.0713,-0.0210,1.0015,
60.053,ENC,88.9419,131.4639,110.2029,2.8123,2.5566,121.816,-3.608,-0.677,-7.561,0.0713,-0.0210,1.0015,
60.089,IMU,88.9419,131.4639,110.2029,2.8123,2.5566,121.816,-3.645,-0.692,-7.568,0.0586,-0.0269,0.9907,
60.091,ENC,88.9982,131.5252,110.2617,2.8123,3.0680,121.831,-3.645,-0.692,-7.568,0.0586,-0.0269,0.9907,
60.094,IMU,88.9982,131.5252,110.2617,2.8123,3.0680,121.831,-3.655,-0.649,-7.557,0.0513,0.0088,1.0322,
60.096,ENC,89.0595,131.5917,110.3256,3.0680,3.3236,121.846,-3.655,-0.649,-7.557,0.0513,0.0088,1.0322,
60.105,IMU,89.0595,131.5917,110.3256,3.0680,3.3236,121.846,-3.591,-0.683,-7.585,0.0190,-0.0225,0.9634,
60.113,ENC,89.1226,131.6633,110.3929,3.1532,3.5793,121.870,-3.591,-0.683,-7.585,0.0190,-0.0225,0.9634,
60.125,IMU,89.1226,131.6633,110.3929,3.1532,3.5793,121.870,-3.578,-0.652,-7.623,0.0283,-0.0005,1.0073,
60.129,ENC,89.1908,131.7332,110.4620,3.4088,3.4941,121.875,-3.578,-0.652,-7.623,0.0283,-0.0005,1.0073,
60.150,IMU,89.1908,131.7332,110.4620,3.4088,3.4941,121.875,-3.491,-0.677,-7.663,0.0098,-0.0098,0.9819,
60.152,ENC,89.2623,131.8013,110.5318,3.5793,3.4088,121.865,-3.491,-0.677,-7.663,0.0098,-0.0098,0.9819,
60.168,IMU,89.2623,131.8013,110.5318,3.5793,3.4088,121.865,-3.468,-0.632,-7.668,0.0337,0.0093,0.9893,
60.171,ENC,89.3305,131.8695,110.6000,3.4088,3.4088,121.865,-3.468,-0.632,-7.668,0.0337,0.0093,0.9893,
60.211,IMU,89.3305,131.8695,110.6000,3.4088,3.4088,121.865,-3.399,-0.638,-7.659,0.0283,-0.0195,0.9521,
60.214,IMU,89.3305,131.8695,110.6000,3.4088,3.4088,121.865,-3.423,-0.648,-7.666,0.0278,0.0015,1.0166,
60.216,ENC,89.3987,131.9445,110.6716,3.4088,3.7497,121.885,-3.423,-0.648,-7.666,0.0278,0.0015,1.0166,
60.219,ENC,89.4703,132.0246,110.7474,3.5793,4.0054,121.909,-3.423,-0.648,-7.666,0.0278,0.0015,1.0166,
60.224,IMU,89.4703,132.0246,110.7474,3.5793,4.0054,121.909,-3.407,-0.657,-7.642,0.0264,-0.0088,0.9995,
60.234,ENC,89.5436,132.1030,110.8233,3.6645,3.9202,121.924,-3.407,-0.657,-7.642,0.0264,-0.0088,0.9995,
60.252,ENC,89.6152,132.1797,110.8974,3.5793,3.8350,121.938,-3.407,-0.657,-7.642,0.0264,-0.0088,0.9995,
60.266,IMU,89.6152,132.1797,110.8974,3.5793,3.8350,121.938,-3.396,-0.657,-7.679,0.0898,-0.0244,0.9854,
60.271,IMU,89.6152,132.1797,110.8974,3.5793,3.8350,121.938,-3.407,-0.649,-7.684,0.0767,-0.0229,1.0088,
60.273,ENC,89.6902,132.2683,110.9792,3.7497,4.4315,121.978,-3.407,-0.649,-7.684,0.0767,-0.0229,1.0088,
60.284,IMU,89.6902,132.2683,110.9792,3.7497,4.4315,121.978,-3.353,-0.608,-7.717,0.0493,0.0122,0.9390,
60.289,ENC,89.7703,132.3536,111.0619,4.0054,4.2611,121.992,-3.353,-0.608,-7.717,0.0493,0.0122,0.9390,
60.304,IMU,89.7703,132.3536,111.0619,4.0054,4.2611,121.992,-3.388,-0.627,-7.672,0.0718,-0.0361,1.0396,
60.309,ENC,89.8470,132.4388,111.1429,3.8350,4.2611,122.017,-3.388,-0.627,-7.672,0.0718,-0.0361,1.0396,
60.326,IMU,89.8470,132.4388,111.1429,3.8350,4.2611,122.017,-3.319,-0.654,-7.673,-0.0015,-0.0181,0.9346,
60.332,ENC,89.9202,132.5257,111.2230,3.6645,4.3463,122.056,-3.319,-0.654,-7.673,-0.0015,-0.0181,0.9346,
60.344,IMU,89.9202,132.5257,111.2230,3.6645,4.3463,122.056,-3.306,-0.662,-7.707,0.0469,-0.0298,1.0068,
60.352,ENC,89.9969,132.6058,111.3014,3.8350,4.0054,122.065,-3.306,-0.662,-7.707,0.0469,-0.0298,1.0068,
60.364,IMU,89.9969,132.6058,111.3014,3.8350,4.0054,122.065,-3.248,-0.617,-7.707,0.0146,0.0073,1.0161,
60.369,ENC,90.0754,132.6893,111.3823,3.9202,4.1758,122.080,-3.248,-0.617,-7.707,0.0146,0.0073,1.0161,
60.384,IMU,90.0754,132.6893,111.3823,3.9202,4.1758,122.080,-3.233,-0.622,-7.669,0.0615,0.0059,0.9517,
60.389,ENC,90.1503,132.7660,111.4582,3.7497,3.8350,122.085,-3.233,-0.622,-7.669,0.0615,0.0059,0.9517,
60.406,IMU,90.1503,132.7660,111.4582,3.7497,3.8350,122.085,-3.283,-0.621,-7.662,0.0601,-0.0327,1.0503,
60.415,ENC,90.2253,132.8496,111.5374,3.7497,4.1758,122.109,-3.283,-0.621,-7.662,0.0601,-0.0327,1.0503,
60.424,IMU,90.2253,132.8496,111.5374,3.7497,4.1758,122.109,-3.224,-0.646,-7.640,0.0288,0.0127,0.9546,
60.429,ENC,90.3037,132.9399,111.6218,3.9202,4.5167,122.144,-3.224,-0.646,-7.640,0.0288,0.0127,0.9546,
60.471,IMU,90.3037,132.9399,111.6218,3.9202,4.5167,122.144,-3.319,-0.664,-7.636,0.1216,-0.0029,1.0312,
60.473,ENC,90.3839,133.0268,111.7053,4.0054,4.3463,122.163,-3.319,-0.664,-7.636,0.1216,-0.0029,1.0312,
60.476,IMU,90.3839,133.0268,111.7053,4.0054,4.3463,122.163,-3.218,-0.634,-7.622,0.0103,0.0049,0.9785,
60.478,ENC,90.4725,133.1137,111.7931,4.4315,4.3463,122.158,-3.218,-0.634,-7.622,0.0103,0.0049,0.9785,
60.485,IMU,90.4725,133.1137,111.7931,4.4315,4.3463,122.158,-3.179,-0.545,-7.604,0.0347,0.0410,0.9653,
60.499,ENC,90.5492,133.2024,111.8758,3.8350,4.4315,122.192,-3.179,-0.545,-7.604,0.0347,0.0410,0.9653,
60.504,IMU,90.5492,133.2024,111.8758,3.8350,4.4315,122.192,-3.163,-0.556,-7.595,0.0239,-0.0015,0.9883,
60.509,ENC,90.6310,133.2978,111.9644,4.0906,4.7724,122.231,-3.163,-0.556,-7.595,0.0239,-0.0015,0.9883,
60.524,IMU,90.6310,133.2978,111.9644,4.0906,4.7724,122.231,-3.106,-0.572,-7.549,0.0601,0.0205,0.9985,
60.529,ENC,90.7145,133.3916,112.0530,4.1758,4.6872,122.261,-3.106,-0.572,-7.549,0.0601,0.0205,0.9985,
60.544,IMU,90.7145,133.3916,112.0530,4.1758,4.6872,122.261,-3.108,-0.632,-7.586,0.0679,-0.0029,0.9834,
60.560,ENC,90.7997,133.4802,112.1400,4.2611,4.4315,122.271,-3.108,-0.632,-7.586,0.0679,-0.0029,0.9834,
60.569,ENC,90.8901,133.5825,112.2363,4.5167,5.1133,122.305,-3.108,-0.632,-7.586,0.0679,-0.0029,0.9834,
60.583,IMU,90.8901,133.5825,112.2363,4.5167,5.1133,122.305,-3.188,-0.619,-7.525,0.0693,0.0044,1.1343,
60.587,IMU,90.8901,133.5825,112.2363,4.5167,5.1133,122.305,-3.039,-0.692,-7.439,-0.0103,-0.0825,0.9878,
60.590,ENC,90.9617,133.6984,112.3300,3.5793,5.7950,122.432,-3.039,-0.692,-7.439,-0.0103,-0.0825,0.9878,
60.604,IMU,90.9617,133.6984,112.3300,3.5793,5.7950,122.432,-2.977,-0.637,-7.312,0.0249,-0.0327,0.9849,
60.624,IMU,90.9617,133.6984,112.3300,3.5793,5.7950,122.432,-2.977,-0.603,-7.130,0.0752,0.0044,0.9238,
60.631,ENC,91.0247,133.8160,112.4203,3.1532,5.8803,122.588,-2.977,-0.603,-7.130,0.0752,0.0044,0.9238,
60.633,ENC,91.0895,133.9506,112.5200,3.2384,6.7325,122.788,-2.977,-0.603,-7.130,0.0752,0.0044,0.9238,
60.645,IMU,91.0895,133.9506,112.5200,3.2384,6.7325,122.788,-3.049,-0.649,-6.940,0.1255,-0.0674,0.9932,
60.649,ENC,91.1611,134.0819,112.6215,3.5793,6.5620,122.959,-3.049,-0.649,-6.940,0.1255,-0.0674,0.9932,
60.686,ENC,91.2241,134.2012,112.7126,3.1532,5.9655,123.120,-3.049,-0.649,-6.940,0.1255,-0.0674,0.9932,
60.689,ENC,91.2855,134.3324,112.8089,3.0680,6.5620,123.320,-3.049,-0.649,-6.940,0.1255,-0.0674,0.9932,
60.695,IMU,91.2855,134.3324,112.8089,3.0680,6.5620,123.320,-3.012,-0.631,-6.774,0.0176,-0.0332,1.0278,
60.699,IMU,91.2855,134.3324,112.8089,3.0680,6.5620,123.320,-2.938,-0.505,-6.611,0.0229,0.0527,0.9048,
60.704,IMU,91.2855,134.3324,112.8089,3.0680,6.5620,123.320,-2.884,-0.463,-6.459,-0.0049,0.0210,1.0640,
60.712,ENC,91.3469,134.4636,112.9052,3.0680,6.5620,123.521,-2.884,-0.463,-6.459,-0.0049,0.0210,1.0640,
60.724,IMU,91.3469,134.4636,112.9052,3.0680,6.5620,123.521,-2.887,-0.421,-6.282,0.0693,0.0107,0.9614,
60.735,ENC,91.4031,134.5983,113.0007,2.8123,6.7325,123.745,-2.887,-0.421,-6.282,0.0693,0.0107,0.9614,
60.745,IMU,91.4031,134.5983,113.0007,2.8123,6.7325,123.745,-2.854,-0.460,-6.182,0.0688,-0.0518,0.9468,
60.751,ENC,91.4610,134.7364,113.0987,2.8975,6.9029,123.975,-2.854,-0.460,-6.182,0.0688,-0.0518,0.9468,
60.771,IMU,91.4610,134.7364,113.0987,2.8975,6.9029,123.975,-2.821,-0.334,-6.022,0.0059,0.0664,1.0625,
60.773,ENC,91.5156,134.8727,113.1941,2.7271,6.8177,124.209,-2.821,-0.334,-6.022,0.0059,0.0664,1.0625,
60.798,IMU,91.5156,134.8727,113.1941,2.7271,6.8177,124.209,-2.868,-0.299,-5.857,0.0752,0.0107,0.9302,
60.805,IMU,91.5156,134.8727,113.1941,2.7271,6.8177,124.209,-2.873,-0.268,-5.696,0.0479,-0.0225,1.0938,
60.807,ENC,91.5667,135.0261,113.2964,2.5566,7.6699,124.502,-2.873,-0.268,-5.696,0.0479,-0.0225,1.0938,
60.809,ENC,91.6196,135.1676,113.3936,2.6419,7.0734,124.756,-2.873,-0.268,-5.696,0.0479,-0.0225,1.0938,
60.824,IMU,91.6196,135.1676,113.3936,2.6419,7.0734,124.756,-2.806,-0.162,-5.544,0.0176,0.0713,1.0103,
60.831,ENC,91.6707,135.3005,113.4856,2.5566,6.6473,124.990,-2.806,-0.162,-5.544,0.0176,0.0713,1.0103,
60.869,IMU,91.6707,135.3005,113.4856,2.5566,6.6473,124.990,-2.813,-0.181,-5.328,0.0317,-0.0322,0.9600,
60.871,ENC,91.7167,135.4403,113.5785,2.3010,6.9881,125.259,-2.813,-0.181,-5.328,0.0317,-0.0322,0.9600,
60.874,IMU,91.7167,135.4403,113.5785,2.3010,6.9881,125.259,-2.827,-0.108,-5.157,0.0503,0.0596,1.0283,
60.876,ENC,91.7593,135.5886,113.6739,2.1305,7.4142,125.562,-2.827,-0.108,-5.157,0.0503,0.0596,1.0283,
60.884,IMU,91.7593,135.5886,113.6739,2.1305,7.4142,125.562,-2.902,0.008,-5.018,0.1089,0.1094,1.0034,
60.925,ENC,91.8036,135.7351,113.7694,2.2158,7.3290,125.854,-2.902,0.008,-5.018,0.1089,0.1094,1.0034,
60.928,ENC,91.8462,135.8868,113.8665,2.1305,7.5847,126.167,-2.902,0.008,-5.018,0.1089,0.1094,1.0034,
60.932,IMU,91.8462,135.8868,113.8665,2.1305,7.5847,126.167,-2.839,-0.008,-4.820,0.0342,-0.0322,0.9771,
60.935,IMU,91.8462,135.8868,113.8665,2.1305,7.5847,126.167,-2.830,0.027,-4.657,-0.0015,0.0166,0.9971,
60.937,ENC,91.8854,136.0368,113.9611,1.9601,7.4995,126.484,-2.830,0.027,-4.657,-0.0015,0.0166,0.9971,
60.947,IMU,91.8854,136.0368,113.9611,1.9601,7.4995,126.484,-2.857,0.017,-4.474,0.0532,-0.0225,0.9800,
60.981,IMU,91.8854,136.0368,113.9611,1.9601,7.4995,126.484,-2.808,0.108,-4.314,-0.0210,0.0923,1.0391,
60.984,ENC,91.9247,136.1817,114.0532,1.9601,7.2438,126.787,-2.808,0.108,-4.314,-0.0210,0.0923,1.0391,
60.986,ENC,91.9621,136.3351,114.1486,1.8749,7.6699,127.119,-2.808,0.108,-4.314,-0.0210,0.0923,1.0391,
60.989,IMU,91.9621,136.3351,114.1486,1.8749,7.6699,127.119,-2.835,0.098,-4.126,0.0806,-0.0005,0.8818,
60.991,ENC,91.9962,136.4800,114.2381,1.7044,7.2438,127.437,-2.835,0.098,-4.126,0.0806,-0.0005,0.8818,
61.034,ENC,92.0303,136.6317,114.3310,1.7044,7.5847,127.773,-2.835,0.098,-4.126,0.0806,-0.0005,0.8818,
61.038,IMU,92.0303,136.6317,114.3310,1.7044,7.5847,127.773,-2.862,-0.020,-3.960,0.1245,-0.0518,0.9478,
61.040,ENC,92.0627,136.7817,114.4222,1.6192,7.4995,128.110,-2.862,-0.020,-3.960,0.1245,-0.0518,0.9478,
61.043,IMU,92.0627,136.7817,114.4222,1.6192,7.4995,128.110,-2.913,-0.027,-3.772,0.0352,-0.0825,1.0610,
61.047,IMU,92.0627,136.7817,114.4222,1.6192,7.4995,128.110,-2.912,-0.206,-3.590,0.0928,-0.1294,0.9814,
61.049,ENC,92.0968,136.9334,114.5151,1.7044,7.5847,128.447,-2.912,-0.206,-3.590,0.0928,-0.1294,0.9814,
61.089,ENC,92.1326,137.0765,114.6046,1.7896,7.1586,128.755,-2.912,-0.206,-3.590,0.0928,-0.1294,0.9814,
61.093,IMU,92.1326,137.0765,114.6046,1.7896,7.1586,128.755,-2.920,-0.122,-3.432,0.0205,0.0757,0.9673,
61.095,ENC,92.1684,137.2282,114.6983,1.7896,7.5847,129.087,-2.920,-0.122,-3.432,0.0205,0.0757,0.9673,
61.098,IMU,92.1684,137.2282,114.6983,1.7896,7.5847,129.087,-2.944,-0.095,-3.185,0.0757,0.0303,1.0361,
61.105,IMU,92.1684,137.2282,114.6983,1.7896,7.5847,129.087,-3.038,-0.157,-2.984,0.1470,-0.0659,1.0264,
61.134,ENC,92.2025,137.3731,114.7878,1.7044,7.2438,129.404,-3.038,-0.157,-2.984,0.1470,-0.0659,1.0264,
61.136,ENC,92.2349,137.5248,114.8798,1.6192,7.5847,129.746,-3.038,-0.157,-2.984,0.1470,-0.0659,1.0264,
61.147,IMU,92.2349,137.5248,114.8798,1.6192,7.5847,129.746,-3.093,-0.172,-2.836,0.0854,-0.0063,1.0522,
61.150,ENC,92.2689,137.6714,114.9702,1.7044,7.3290,130.068,-3.093,-0.172,-2.836,0.0854,-0.0063,1.0522,
61.176,ENC,92.2979,137.8179,115.0579,1.4488,7.3290,130.405,-3.093,-0.172,-2.836,0.0854,-0.0063,1.0522,
61.214,IMU,92.2979,137.8179,115.0579,1.4488,7.3290,130.405,-3.073,-0.369,-2.340,0.0879,-0.0771,1.0176,
61.216,ENC,92.3320,137.9645,115.1483,1.7044,7.3290,130.728,-3.073,-0.369,-2.340,0.0879,-0.0771,1.0176,
61.221,IMU,92.3320,137.9645,115.1483,1.7044,7.3290,130.728,-3.193,-0.422,-2.160,0.1470,-0.0332,1.0024,
61.223,ENC,92.3678,138.1213,115.2446,1.7896,7.8403,131.074,-3.193,-0.422,-2.160,0.1470,-0.0332,1.0024,
61.226,IMU,92.3678,138.1213,115.2446,1.7896,7.8403,131.074,-3.224,-0.441,-1.981,0.0723,-0.0015,1.0391,
61.237,ENC,92.4019,138.2645,115.3332,1.7044,7.1586,131.387,-3.224,-0.441,-1.981,0.0723,-0.0015,1.0391,
61.249,ENC,92.4377,138.4094,115.4235,1.7896,7.2438,131.699,-3.224,-0.441,-1.981,0.0723,-0.0015,1.0391,
61.266,IMU,92.4377,138.4094,115.4235,1.7896,7.2438,131.699,-3.254,-0.493,-1.832,0.1035,-0.0649,0.9829,
61.270,IMU,92.4377,138.4094,115.4235,1.7896,7.2438,131.699,-3.298,-0.501,-1.665,0.0557,-0.0396,1.1104,
61.273,ENC,92.4786,138.5508,115.5147,2.0453,7.0734,131.987,-3.298,-0.501,-1.665,0.0557,-0.0396,1.1104,
61.284,IMU,92.4786,138.5508,115.5147,2.0453,7.0734,131.987,-3.299,-0.364,-1.559,0.0088,0.0908,0.9429,
61.289,ENC,92.5212,138.7077,115.6144,2.1305,7.8403,132.314,-3.299,-0.364,-1.559,0.0088,0.0908,0.9429,
61.304,IMU,92.5212,138.7077,115.6144,2.1305,7.8403,132.314,-3.296,-0.410,-1.397,0.0283,-0.0010,1.0322,
61.309,ENC,92.5604,138.8593,115.7099,1.9601,7.5847,132.637,-3.296,-0.410,-1.397,0.0283,-0.0010,1.0322,
61.349,ENC,92.6439,139.1644,115.9042,2.0879,7.6273,133.271,-3.296,-0.410,-1.397,0.0283,-0.0010,1.0322,
61.369,ENC,92.6848,139.3161,116.0005,2.0453,7.5847,133.589,-3.296,-0.410,-1.397,0.0283,-0.0010,1.0322,
61.377,IMU,92.6848,139.3161,116.0005,2.0453,7.5847,133.589,-3.295,-0.387,-1.051,0.0542,-0.0073,0.9941,
61.382,IMU,92.6848,139.3161,116.0005,2.0453,7.5847,133.589,-3.304,-0.318,-0.804,0.0703,-0.0034,0.9219,
61.385,IMU,92.6848,139.3161,116.0005,2.0453,7.5847,133.589,-3.239,-0.236,-0.653,-0.0034,0.0293,0.9873,
61.389,ENC,92.7257,139.4644,116.0951,2.0453,7.4142,133.896,-3.239,-0.236,-0.653,-0.0034,0.0293,0.9873,
61.404,IMU,92.7257,139.4644,116.0951,2.0453,7.4142,133.896,-3.234,-0.095,-0.450,0.0742,0.0718,0.9556,
61.409,ENC,92.7632,139.6161,116.1897,1.8749,7.5847,134.224,-3.234,-0.095,-0.450,0.0742,0.0718,0.9556,
61.434,IMU,92.7632,139.6161,116.1897,1.8749,7.5847,134.224,-3.232,-0.012,-0.224,0.0552,0.0806,0.9678,
61.436,ENC,92.8024,139.7746,116.2885,1.9601,7.9256,134.565,-3.232,-0.012,-0.224,0.0552,0.0806,0.9678,
61.445,IMU,92.8024,139.7746,116.2885,1.9601,7.9256,134.565,-3.161,-0.024,-0.053,0.0186,0.0156,0.9512,
61.453,ENC,92.8382,139.9195,116.3789,1.7896,7.2438,134.878,-3.161,-0.024,-0.053,0.0186,0.0156,0.9512,
61.474,ENC,92.8774,140.0695,116.4735,1.9601,7.4995,135.195,-3.161,-0.024,-0.053,0.0186,0.0156,0.9512,
61.478,IMU,92.8774,140.0695,116.4735,1.9601,7.4995,135.195,-3.154,0.024,0.085,0.0928,0.0620,0.9302,
61.493,IMU,92.8774,140.0695,116.4735,1.9601,7.4995,135.195,-3.193,0.026,0.280,0.0757,-0.0718,1.0864,
61.495,ENC,92.9200,140.2144,116.5672,2.1305,7.2438,135.488,-3.193,0.026,0.280,0.0757,-0.0718,1.0864,
61.509,ENC,92.9626,140.3609,116.6618,2.1305,7.3290,135.786,-3.193,0.026,0.280,0.0757,-0.0718,1.0864,
61.529,ENC,93.0036,140.5007,116.7521,2.0453,6.9881,136.069,-3.193,0.026,0.280,0.0757,-0.0718,1.0864,
61.536,IMU,93.0036,140.5007,116.7521,2.0453,6.9881,136.069,-3.259,-0.041,0.512,0.0942,-0.0073,1.0723,
61.544,IMU,93.0036,140.5007,116.7521,2.0453,6.9881,136.069,-3.184,0.006,0.694,-0.0195,0.0254,0.9648,
61.554,ENC,93.0530,140.6456,116.8493,2.4714,7.2438,136.343,-3.184,0.006,0.694,-0.0195,0.0254,0.9648,
61.564,IMU,93.0530,140.6456,116.8493,2.4714,7.2438,136.343,-3.234,0.013,0.884,0.0903,0.0229,0.9370,
61.569,ENC,93.1041,140.7802,116.9422,2.5566,6.7325,136.582,-3.234,0.013,0.884,0.0903,0.0229,0.9370,
61.584,IMU,93.1041,140.7802,116.9422,2.5566,6.7325,136.582,-3.267,0.103,1.035,0.0366,0.0381,1.0005,
61.589,ENC,93.1638,140.9047,117.0342,2.9827,6.2211,136.768,-3.267,0.103,1.035,0.0366,0.0381,1.0005,
61.604,IMU,93.1638,140.9047,117.0342,2.9827,6.2211,136.768,-3.335,0.109,1.090,0.1152,0.0205,0.9814,
61.609,ENC,93.2336,141.0223,117.1280,3.4941,5.8803,136.904,-3.335,0.109,1.090,0.1152,0.0205,0.9814,
61.642,IMU,93.2336,141.0223,117.1280,3.4941,5.8803,136.904,-3.349,0.136,1.173,0.0518,0.0142,1.0332,
61.646,IMU,93.2336,141.0223,117.1280,3.4941,5.8803,136.904,-3.414,0.037,1.270,0.0708,-0.0708,1.0093,
61.648,ENC,93.3103,141.1296,117.2200,3.8350,5.3689,136.992,-3.414,0.037,1.270,0.0708,-0.0708,1.0093,
61.650,ENC,93.4007,141.2421,117.3214,4.5167,5.6246,137.056,-3.414,0.037,1.270,0.0708,-0.0708,1.0093,
61.664,IMU,93.4007,141.2421,117.3214,4.5167,5.6246,137.056,-3.422,-0.024,1.326,0.0630,-0.0493,1.0264,
61.671,ENC,93.4961,141.3410,117.4186,4.7724,4.9428,137.065,-3.422,-0.024,1.326,0.0630,-0.0493,1.0264,
61.689,ENC,93.5848,141.4416,117.5132,4.4315,5.0280,137.100,-3.422,-0.024,1.326,0.0630,-0.0493,1.0264,
61.709,ENC,93.6819,141.5472,117.6146,4.8576,5.2837,137.124,-3.422,-0.024,1.326,0.0630,-0.0493,1.0264,
61.712,IMU,93.6819,141.5472,117.6146,4.8576,5.2837,137.124,-3.392,-0.055,1.363,0.0288,-0.0249,0.9189,
61.716,IMU,93.6819,141.5472,117.6146,4.8576,5.2837,137.124,-3.368,-0.040,1.397,0.0332,-0.0107,0.9287,
61.725,IMU,93.6819,141.5472,117.6146,4.8576,5.2837,137.124,-3.491,-0.141,1.424,0.1504,-0.0542,0.8911,
61.730,ENC,93.7876,141.6529,117.7202,5.2837,5.2837,137.124,-3.491,-0.141,1.424,0.1504,-0.0542,0.8911,
61.749,ENC,93.8864,141.7569,117.8217,4.9428,5.1985,137.139,-3.491,-0.141,1.424,0.1504,-0.0542,0.8911,
61.766,IMU,93.8864,141.7569,117.8217,4.9428,5.1985,137.139,-3.539,-0.133,1.443,0.0986,0.0034,0.9575,
61.770,IMU,93.8864,141.7569,117.8217,4.9428,5.1985,137.139,-3.591,-0.146,1.439,0.0562,-0.0073,1.0771,
61.772,ENC,93.9802,141.8660,117.9231,4.6872,5.4542,137.183,-3.591,-0.146,1.439,0.0562,-0.0073,1.0771,
61.783,IMU,93.9802,141.8660,117.9231,4.6872,5.4542,137.183,-3.658,-0.182,1.440,0.1030,-0.0396,0.9761,
61.795,ENC,94.0842,141.9870,118.0356,5.1985,6.0507,137.231,-3.658,-0.182,1.440,0.1030,-0.0396,0.9761,
61.805,IMU,94.0842,141.9870,118.0356,5.1985,6.0507,137.231,-3.747,-0.135,1.433,0.1133,-0.0054,0.9302,
61.809,ENC,94.1932,142.0960,118.1446,5.4542,5.4542,137.231,-3.747,-0.135,1.433,0.1133,-0.0054,0.9302,
61.825,IMU,94.1932,142.0960,118.1446,5.4542,5.4542,137.231,-3.766,-0.091,1.365,0.1069,0.0151,1.0181,
61.849,ENC,94.3040,142.1710,118.2375,5.5394,3.7497,137.129,-3.766,-0.091,1.365,0.1069,0.0151,1.0181,
61.851,ENC,94.4233,142.2529,118.3381,5.9655,4.0906,137.021,-3.766,-0.091,1.365,0.1069,0.0151,1.0181,
61.856,IMU,94.4233,142.2529,118.3381,5.9655,4.0906,137.021,-3.757,-0.132,1.266,0.0747,-0.0122,1.0425,
61.869,ENC,94.5409,142.3279,118.4344,5.8803,3.7497,136.899,-3.757,-0.132,1.266,0.0747,-0.0122,1.0425,
61.889,ENC,94.6568,142.4011,118.5290,5.7950,3.6645,136.777,-3.757,-0.132,1.266,0.0747,-0.0122,1.0425,
61.899,IMU,94.6568,142.4011,118.5290,5.7950,3.6645,136.777,-3.792,-0.126,1.162,0.0859,-0.0181,1.0332,
61.902,IMU,94.6568,142.4011,118.5290,5.7950,3.6645,136.777,-3.748,-0.148,1.078,0.0396,0.0054,0.9941,
61.905,IMU,94.6568,142.4011,118.5290,5.7950,3.6645,136.777,-3.730,-0.092,1.083,0.0054,0.0137,1.0391,
61.909,ENC,94.7727,142.4710,118.6219,5.7950,3.4941,136.646,-3.730,-0.092,1.083,0.0054,0.0137,1.0391,
61.940,ENC,94.8648,142.5579,118.7114,4.6019,4.3463,136.631,-3.730,-0.092,1.083,0.0054,0.0137,1.0391,
61.943,IMU,94.8648,142.5579,118.7114,4.6019,4.3463,136.631,-3.734,-0.009,1.059,0.0396,0.0322,0.9814,
61.946,IMU,94.8648,142.5579,118.7114,4.6019,4.3463,136.631,-3.732,0.087,1.037,0.0615,0.0674,0.9824,
61.949,ENC,94.9432,142.6312,118.7872,3.9202,3.6645,136.616,-3.732,0.087,1.037,0.0615,0.0674,0.9824,
61.963,IMU,94.9432,142.6312,118.7872,3.9202,3.6645,136.616,-3.774,0.075,1.047,0.1069,-0.0215,1.0122,
61.970,ENC,95.0233,142.7096,118.8665,4.0054,3.9202,136.611,-3.774,0.075,1.047,0.1069,-0.0215,1.0122,
61.999,IMU,95.0233,142.7096,118.8665,4.0054,3.9202,136.611,-3.742,0.122,1.064,0.0806,0.0249,1.0015,
62.004,IMU,95.0233,142.7096,118.8665,4.0054,3.9202,136.611,-3.703,0.110,1.116,0.0366,-0.0146,0.9829,
62.010,ENC,95.1085,142.7880,118.9483,4.2611,3.9202,136.592,-3.703,0.110,1.116,0.0366,-0.0146,0.9829,
62.012,ENC,95.1818,142.8664,119.0241,3.6645,3.9202,136.606,-3.703,0.110,1.116,0.0366,-0.0146,0.9829,
62.024,IMU,95.1818,142.8664,119.0241,3.6645,3.9202,136.606,-3.705,0.048,1.145,0.0449,-0.0234,0.9736,
62.052,IMU,95.1818,142.8664,119.0241,3.6645,3.9202,136.606,-3.672,0.105,1.152,0.0425,0.0264,1.0010,
62.054,ENC,95.3182,143.0079,119.1630,3.4088,3.5367,136.621,-3.672,0.105,1.152,0.0425,0.0264,1.0010,
62.066,IMU,95.3182,143.0079,119.1630,3.4088,3.5367,136.621,-3.686,0.124,1.159,0.0635,0.0137,0.9438,
62.069,ENC,95.3591,143.0659,119.2125,2.0453,2.8975,136.670,-3.686,0.124,1.159,0.0635,0.0137,0.9438,
62.086,IMU,95.3591,143.0659,119.2125,2.0453,2.8975,136.670,-3.643,0.195,1.144,0.0352,0.0381,0.9834,
62.104,IMU,95.3591,143.0659,119.2125,2.0453,2.8975,136.670,-3.702,0.175,1.150,0.0977,0.0039,1.0312,
62.118,ENC,95.4119,143.1187,119.2653,2.6419,2.6419,136.670,-3.702,0.175,1.150,0.0977,0.0039,1.0312,
62.121,ENC,95.4511,143.1681,119.3096,1.9601,2.4714,136.699,-3.702,0.175,1.150,0.0977,0.0039,1.0312,
62.125,IMU,95.4511,143.1681,119.3096,1.9601,2.4714,136.699,-3.745,0.310,1.202,0.1001,0.0903,1.0049,
62.129,ENC,95.4699,143.2056,119.3377,0.9374,1.8749,136.753,-3.745,0.310,1.202,0.1001,0.0903,1.0049,
62.143,IMU,95.4699,143.2056,119.3377,0.9374,1.8749,136.753,-3.806,0.481,1.265,0.1182,0.1187,0.9854,
62.150,ENC,95.4767,143.2261,119.3514,0.3409,1.0227,136.792,-3.806,0.481,1.265,0.1182,0.1187,0.9854,
62.164,IMU,95.4767,143.2261,119.3514,0.3409,1.0227,136.792,-3.845,0.574,1.257,0.0913,0.1055,0.9448,
62.169,ENC,95.4784,143.2278,119.3531,0.0852,0.0852,136.792,-3.845,0.574,1.257,0.0913,0.1055,0.9448,
62.184,IMU,95.4784,143.2278,119.3531,0.0852,0.0852,136.792,-3.825,0.587,1.249,0.0557,0.0430,0.9971,
62.189,ENC,95.4767,143.2193,119.3480,-0.0852,-0.4261,136.772,-3.825,0.587,1.249,0.0557,0.0430,0.9971,
62.214,IMU,95.4767,143.2193,119.3480,-0.0852,-0.4261,136.772,-3.839,0.592,1.259,0.0718,0.0161,1.0024,
62.224,IMU,95.4767,143.2193,119.3480,-0.0852,-0.4261,136.772,-3.850,0.504,1.250,0.0625,-0.0156,0.9854,
62.234,ENC,95.4716,143.2005,119.3360,-0.2557,-0.9374,136.733,-3.850,0.504,1.250,0.0625,-0.0156,0.9854,
62.236,ENC,95.4647,143.1818,119.3233,-0.3409,-0.9374,136.699,-3.850,0.504,1.250,0.0625,-0.0156,0.9854,
62.245,IMU,95.4647,143.1818,119.3233,-0.3409,-0.9374,136.699,-3.890,0.521,1.288,0.0737,-0.0200,1.0063,
62.249,ENC,95.4562,143.1596,119.3079,-0.4261,-1.1079,136.660,-3.890,0.521,1.288,0.0737,-0.0200,1.0063,
62.264,IMU,95.4562,143.1596,119.3079,-0.4261,-1.1079,136.660,-3.872,0.421,1.278,0.0454,-0.0488,0.9507,
62.269,ENC,95.4443,143.1392,119.2917,-0.5965,-1.0227,136.636,-3.872,0.421,1.278,0.0454,-0.0488,0.9507,
62.284,IMU,95.4443,143.1392,119.2917,-0.5965,-1.0227,136.636,-3.873,0.399,1.308,0.0659,-0.0210,0.9976,
62.289,ENC,95.4341,143.1255,119.2798,-0.5113,-0.6818,136.626,-3.873,0.399,1.308,0.0659,-0.0210,0.9976,
62.305,IMU,95.4341,143.1255,119.2798,-0.5113,-0.6818,136.626,-3.832,0.361,1.300,0.0518,-0.0405,0.9946,
62.309,ENC,95.4221,143.1170,119.2696,-0.5965,-0.4261,136.636,-3.832,0.361,1.300,0.0518,-0.0405,0.9946,
62.323,IMU,95.4221,143.1170,119.2696,-0.5965,-0.4261,136.636,-3.830,0.291,1.313,0.0630,-0.0435,0.9893,
62.342,ENC,95.4153,143.1153,119.2653,-0.3409,-0.0852,136.650,-3.830,0.291,1.313,0.0630,-0.0435,0.9893,
62.345,IMU,95.4153,143.1153,119.2653,-0.3409,-0.0852,136.650,-3.815,0.217,1.333,0.0723,-0.0278,0.9971,
62.349,ENC,95.4136,143.1153,119.2644,-0.0852,0.0000,136.655,-3.815,0.217,1.333,0.0723,-0.0278,0.9971,
62.364,IMU,95.4136,143.1153,119.2644,-0.0852,0.0000,136.655,-3.843,0.194,1.310,0.0732,-0.0190,0.9927,
62.373,ENC,95.4153,143.1170,119.2662,0.0852,0.0852,136.655,-3.843,0.194,1.310,0.0732,-0.0190,0.9927,
62.385,IMU,95.4153,143.1170,119.2662,0.0852,0.0852,136.655,-3.840,0.155,1.281,0.0645,-0.0156,0.9883,
62.389,ENC,95.4170,143.1170,119.2670,0.0852,0.0000,136.650,-3.840,0.155,1.281,0.0645,-0.0156,0.9883,
62.404,IMU,95.4170,143.1170,119.2670,0.0852,0.0000,136.650,-3.815,0.149,1.325,0.0659,-0.0059,1.0010,
62.409,ENC,95.4187,143.1204,119.2696,0.0852,0.1704,136.655,-3.815,0.149,1.325,0.0659,-0.0059,1.0010,
62.424,IMU,95.4187,143.1204,119.2696,0.0852,0.1704,136.655,-3.792,0.112,1.342,0.0513,0.0010,0.9951,
62.448,IMU,95.4187,143.1204,119.2696,0.0852,0.1704,136.655,-3.794,0.104,1.353,0.0630,0.0000,0.9907,
62.450,ENC,95.4221,143.1255,119.2738,0.0852,0.1278,136.660,-3.794,0.104,1.353,0.0630,0.0000,0.9907,
62.465,IMU,95.4221,143.1255,119.2738,0.0852,0.1278,136.660,-3.797,0.135,1.330,0.0576,0.0005,0.9951,
62.469,ENC,95.4221,143.1272,119.2747,0.0000,0.0852,136.665,-3.797,0.135,1.330,0.0576,0.0005,0.9951,
62.488,IMU,95.4221,143.1272,119.2747,0.0000,0.0852,136.665,-3.767,0.161,1.333,0.0669,0.0044,0.9990,
62.503,ENC,95.4221,143.1289,119.2755,0.0000,0.0852,136.670,-3.767,0.161,1.333,0.0669,0.0044,0.9990,
62.507,IMU,95.4221,143.1289,119.2755,0.0000,0.0852,136.670,-3.769,0.147,1.357,0.0693,-0.0107,0.9868,
62.509,ENC,95.4221,143.1272,119.2747,0.0000,-0.0852,136.665,-3.769,0.147,1.357,0.0693,-0.0107,0.9868,
62.524,IMU,95.4221,143.1272,119.2747,0.0000,-0.0852,136.665,-3.778,0.159,1.358,0.0586,-0.0181,0.9961,
62.529,ENC,95.4221,143.1272,119.2747,0.0000,0.0000,136.665,-3.778,0.159,1.358,0.0586,-0.0181,0.9961,
62.546,IMU,95.4221,143.1272,119.2747,0.0000,0.0000,136.665,-3.784,0.161,1.392,0.0596,-0.0166,1.0083,
62.564,IMU,95.4221,143.1272,119.2747,0.0000,0.0000,136.665,-3.779,0.172,1.395,0.0562,-0.0063,0.9907,
62.566,ENC,95.4221,143.1272,119.2747,0.0000,0.0000,136.665,-3.779,0.172,1.395,0.0562,-0.0063,0.9907,
62.569,ENC,95.4221,143.1272,119.2747,0.0000,0.0000,136.665,-3.779,0.172,1.395,0.0562,-0.0063,0.9907,
62.584,IMU,95.4221,143.1272,119.2747,0.0000,0.0000,136.665,-3.762,0.171,1.424,0.0620,-0.0010,0.9956,
62.589,ENC,95.4221,143.1272,119.2747,0.0000,0.0000,136.665,-3.762,0.171,1.424,0.0620,-0.0010,0.9956,
62.610,IMU,95.4221,143.1272,119.2747,0.0000,0.0000,136.665,-3.720,0.180,1.421,0.0625,-0.0020,0.9849,
62.648,IMU,95.4221,143.1272,119.2747,0.0000,0.0000,136.665,-3.722,0.173,1.429,0.0674,-0.0078,1.0020,
62.650,ENC,95.4221,143.1272,119.2747,0.0000,0.0000,136.665,-3.722,0.173,1.429,0.0674,-0.0078,1.0020,
62.653,IMU,95.4221,143.1272,119.2747,0.0000,0.0000,136.665,-3.696,0.185,1.401,0.0581,0.0039,0.9961,
62.656,ENC,95.4221,143.1272,119.2747,0.0000,0.0000,136.665,-3.696,0.185,1.401,0.0581,0.0039,0.9961,
62.665,IMU,95.4221,143.1272,119.2747,0.0000,0.0000,136.665,-3.669,0.140,1.386,0.0664,-0.0093,0.9941,
62.670,ENC,95.4221,143.1272,119.2747,0.0000,0.0000,136.665,-3.669,0.140,1.386,0.0664,-0.0093,0.9941,
62.687,IMU,95.4221,143.1272,119.2747,0.0000,0.0000,136.665,-3.652,0.087,1.397,0.0591,-0.0151,0.9946,
62.692,ENC,95.4221,143.1272,119.2747,0.0000,0.0000,136.665,-3.652,0.087,1.397,0.0591,-0.0151,0.9946,
62.704,IMU,95.4221,143.1272,119.2747,0.0000,0.0000,136.665,-3.631,0.090,1.372,0.0547,-0.0088,0.9941,
62.709,ENC,95.4221,143.1272,119.2747,0.0000,0.0000,136.665,-3.631,0.090,1.372,0.0547,-0.0088,0.9941,
62.727,IMU,95.4221,143.1272,119.2747,0.0000,0.0000,136.665,-3.595,0.052,1.354,0.0654,-0.0264,1.0005,
62.744,IMU,95.4221,143.1272,119.2747,0.0000,0.0000,136.665,-3.607,0.069,1.330,0.0684,-0.0024,0.9956,
62.749,ENC,95.4221,143.1272,119.2747,0.0000,0.0000,136.665,-3.607,0.069,1.330,0.0684,-0.0024,0.9956,
62.764,IMU,95.4221,143.1272,119.2747,0.0000,0.0000,136.665,-3.597,0.036,1.332,0.0684,0.0010,0.9980,
62.769,ENC,95.4221,143.1272,119.2747,0.0000,0.0000,136.665,-3.597,0.036,1.332,0.0684,0.0010,0.9980,
62.787,IMU,95.4221,143.1272,119.2747,0.0000,0.0000,136.665,-3.572,0.087,1.283,0.0571,0.0034,0.9902,
62.814,IMU,95.4221,143.1272,119.2747,0.0000,0.0000,136.665,-3.617,0.115,1.283,0.0669,-0.0088,0.9951,
62.817,ENC,95.4221,143.1272,119.2747,0.0000,0.0000,136.665,-3.617,0.115,1.283,0.0669,-0.0088,0.9951,
62.819,ENC,95.4221,143.1272,119.2747,0.0000,0.0000,136.665,-3.617,0.115,1.283,0.0669,-0.0088,0.9951,
62.824,IMU,95.4221,143.1272,119.2747,0.0000,0.0000,136.665,-3.599,0.091,1.313,0.0596,-0.0103,0.9961,
62.829,ENC,95.4221,143.1272,119.2747,0.0000,0.0000,136.665,-3.599,0.091,1.313,0.0596,-0.0103,0.9961,
62.853,IMU,95.4221,143.1272,119.2747,0.0000,0.0000,136.665,-3.586,0.101,1.296,0.0737,-0.0010,0.9893,
62.864,IMU,95.4221,143.1272,119.2747,0.0000,0.0000,136.665,-3.591,0.059,1.260,0.0659,-0.0044,0.9976,
62.871,ENC,95.4221,143.1272,119.2747,0.0000,0.0000,136.665,-3.591,0.059,1.260,0.0659,-0.0044,0.9976,
62.873,ENC,95.4221,143.1272,119.2747,0.0000,0.0000,136.665,-3.591,0.059,1.260,0.0659,-0.0044,0.9976,
62.884,IMU,95.4221,143.1272,119.2747,0.0000,0.0000,136.665,-3.605,0.071,1.256,0.0669,-0.0088,0.9956,
62.889,ENC,95.4221,143.1272,119.2747,0.0000,0.0000,136.665,-3.605,0.071,1.256,0.0669,-0.0088,0.9956,
62.903,IMU,95.4221,143.1272,119.2747,0.0000,0.0000,136.665,-3.596,0.023,1.268,0.0591,-0.0020,0.9897,
62.918,ENC,95.4221,143.1272,119.2747,0.0000,0.0000,136.665,-3.596,0.023,1.268,0.0591,-0.0020,0.9897,
62.924,IMU,95.4221,143.1272,119.2747,0.0000,0.0000,136.665,-3.595,0.047,1.274,0.0571,-0.0112,0.9824,
62.929,ENC,95.4221,143.1272,119.2747,0.0000,0.0000,136.665,-3.595,0.047,1.274,0.0571,-0.0112,0.9824,
62.945,IMU,95.4221,143.1272,119.2747,0.0000,0.0000,136.665,-3.593,0.005,1.216,0.0605,-0.0020,1.0015,
62.949,ENC,95.4221,143.1272,119.2747,0.0000,0.0000,136.665,-3.593,0.005,1.216,0.0605,-0.0020,1.0015,
62.976,IMU,95.4221,143.1272,119.2747,0.0000,0.0000,136.665,-3.577,-0.043,1.211,0.0737,-0.0044,0.9902,
62.989,IMU,95.4221,143.1272,119.2747,0.0000,0.0000,136.665,-3.542,-0.055,1.170,0.0630,-0.0117,1.0020,
62.991,ENC,95.4221,143.1272,119.2747,0.0000,0.0000,136.665,-3.542,-0.055,1.170,0.0630,-0.0117,1.0020,
63.004,IMU,95.4221,143.1272,119.2747,0.0000,0.0000,136.665,-3.541,-0.061,1.173,0.0674,-0.0093,0.9883,
63.009,ENC,95.4221,143.1272,119.2747,0.0000,0.0000,136.665,-3.541,-0.061,1.173,0.0674,-0.0093,0.9883,
63.025,IMU,95.4221,143.1272,119.2747,0.0000,0.0000,136.665,-3.524,-0.050,1.145,0.0640,0.0029,0.9844,
63.051,IMU,95.4221,143.1272,119.2747,0.0000,0.0000,136.665,-3.548,-0.041,1.145,0.0718,-0.0044,1.0020,
63.058,ENC,95.4221,143.1272,119.2747,0.0000,0.0000,136.665,-3.548,-0.041,1.145,0.0718,-0.0044,1.0020,
63.060,ENC,95.4221,143.1272,119.2747,0.0000,0.0000,136.665,-3.548,-0.041,1.145,0.0718,-0.0044,1.0020,
63.064,IMU,95.4221,143.1272,119.2747,0.0000,0.0000,136.665,-3.570,-0.067,1.178,0.0581,-0.0020,0.9956,
63.084,IMU,95.4221,143.1272,119.2747,0.0000,0.0000,136.665,-3.603,-0.068,1.184,0.0688,-0.0103,0.9927,
63.089,ENC,95.4221,143.1272,119.2747,0.0000,0.0000,136.665,-3.603,-0.068,1.184,0.0688,-0.0103,0.9927,
63.105,IMU,95.4221,143.1272,119.2747,0.0000,0.0000,136.665,-3.597,-0.059,1.188,0.0601,-0.0068,0.9956,
63.109,ENC,95.4221,143.1272,119.2747,0.0000,0.0000,136.665,-3.597,-0.059,1.188,0.0601,-0.0068,0.9956,
63.127,IMU,95.4221,143.1272,119.2747,0.0000,0.0000,136.665,-3.611,-0.106,1.183,0.0752,-0.0078,0.9966,
63.145,IMU,95.4221,143.1272,119.2747,0.0000,0.0000,136.665,-3.526,-0.119,1.178,0.0542,-0.0103,0.9893,
63.149,ENC,95.4221,143.1272,119.2747,0.0000,0.0000,136.665,-3.526,-0.119,1.178,0.0542,-0.0103,0.9893,
63.164,IMU,95.4221,143.1272,119.2747,0.0000,0.0000,136.665,-3.514,-0.126,1.170,0.0649,0.0010,0.9946,
63.171,ENC,95.4221,143.1272,119.2747,0.0000,0.0000,136.665,-3.514,-0.126,1.170,0.0649,0.0010,0.9946,
63.186,IMU,95.4221,143.1272,119.2747,0.0000,0.0000,136.665,-3.496,-0.133,1.186,0.0571,-0.0010,0.9961,
63.204,IMU,95.4221,143.1272,119.2747,0.0000,0.0000,136.665,-3.540,-0.181,1.156,0.0654,-0.0078,0.9990,
63.210,ENC,95.4221,143.1272,119.2747,0.0000,0.0000,136.665,-3.540,-0.181,1.156,0.0654,-0.0078,0.9990,
63.223,IMU,95.4221,143.1272,119.2747,0.0000,0.0000,136.665,-3.541,-0.201,1.164,0.0635,-0.0054,1.0020,
63.229,ENC,95.4221,143.1272,119.2747,0.0000,0.0000,136.665,-3.541,-0.201,1.164,0.0635,-0.0054,1.0020,
63.249,ENC,95.4221,143.1272,119.2747,0.0000,0.0000,136.665,-3.541,-0.201,1.164,0.0635,-0.0054,1.0020,
63.264,IMU,95.4221,143.1272,119.2747,0.0000,0.0000,136.665,-3.560,-0.172,1.142,0.0732,-0.0093,1.0010,
63.272,ENC,95.4221,143.1272,119.2747,0.0000,0.0000,136.665,-3.560,-0.172,1.142,0.0732,-0.0093,1.0010,
63.284,IMU,95.4221,143.1272,119.2747,0.0000,0.0000,136.665,-3.507,-0.208,1.111,0.0669,-0.0098,0.9980,
63.289,ENC,95.4221,143.1272,119.2747,0.0000,0.0000,136.665,-3.507,-0.208,1.111,0.0669,-0.0098,0.9980,
63.304,IMU,95.4221,143.1272,119.2747,0.0000,0.0000,136.665,-3.524,-0.246,1.162,0.0601,-0.0098,0.9956,
63.309,ENC,95.4221,143.1272,119.2747,0.0000,0.0000,136.665,-3.524,-0.246,1.162,0.0601,-0.0098,0.9956,
63.325,IMU,95.4221,143.1272,119.2747,0.0000,0.0000,136.665,-3.568,-0.255,1.161,0.0728,-0.0015,0.9937,
63.346,IMU,95.4221,143.1272,119.2747,0.0000,0.0000,136.665,-3.579,-0.281,1.167,0.0718,-0.0078,0.9878,
63.349,ENC,95.4221,143.1272,119.2747,0.0000,0.0000,136.665,-3.579,-0.281,1.167,0.0718,-0.0078,0.9878,
63.367,IMU,95.4221,143.1272,119.2747,0.0000,0.0000,136.665,-3.569,-0.239,1.185,0.0757,-0.0039,0.9971,
63.373,ENC,95.4221,143.1272,119.2747,0.0000,0.0000,136.665,-3.569,-0.239,1.185,0.0757,-0.0039,0.9971,
63.384,IMU,95.4221,143.1272,119.2747,0.0000,0.0000,136.665,-3.562,-0.245,1.159,0.0596,-0.0063,1.0015,
63.389,ENC,95.4221,143.1272,119.2747,0.0000,0.0000,136.665,-3.562,-0.245,1.159,0.0596,-0.0063,1.0015,
63.404,IMU,95.4221,143.1272,119.2747,0.0000,0.0000,136.665,-3.539,-0.240,1.147,0.0601,-0.0112,1.0054,
63.409,ENC,95.4221,143.1272,119.2747,0.0000,0.0000,136.665,-3.539,-0.240,1.147,0.0601,-0.0112,1.0054,
63.441,ENC,95.4221,143.1272,119.2747,0.0000,0.0000,136.665,-3.539,-0.240,1.147,0.0601,-0.0112,1.0054,
63.445,IMU,95.4221,143.1272,119.2747,0.0000,0.0000,136.665,-3.446,-0.205,1.117,0.0625,-0.0063,1.0000,
63.449,ENC,95.4221,143.1272,119.2747,0.0000,0.0000,136.665,-3.446,-0.205,1.117,0.0625,-0.0063,1.0000,
63.464,IMU,95.4221,143.1272,119.2747,0.0000,0.0000,136.665,-3.464,-0.198,1.142,0.0557,-0.0020,0.9990,
63.469,ENC,95.4221,143.1272,119.2747,0.0000,0.0000,136.665,-3.464,-0.198,1.142,0.0557,-0.0020,0.9990,
63.484,IMU,95.4221,143.1272,119.2747,0.0000,0.0000,136.665,-3.449,-0.214,1.168,0.0459,-0.0044,0.9927,
63.505,IMU,95.4221,143.1272,119.2747,0.0000,0.0000,136.665,-3.434,-0.260,1.128,0.0615,-0.0044,0.9951,
63.509,ENC,95.4221,143.1272,119.2747,0.0000,0.0000,136.665,-3.434,-0.260,1.128,0.0615,-0.0044,0.9951,
63.524,IMU,95.4221,143.1272,119.2747,0.0000,0.0000,136.665,-3.460,-0.256,1.140,0.0620,-0.0078,0.9951,
63.529,ENC,95.4221,143.1272,119.2747,0.0000,0.0000,136.665,-3.460,-0.256,1.140,0.0620,-0.0078,0.9951,
63.543,IMU,95.4221,143.1272,119.2747,0.0000,0.0000,136.665,-3.460,-0.247,1.168,0.0610,-0.0093,0.9995,
63.549,ENC,95.4221,143.1272,119.2747,0.0000,0.0000,136.665,-3.460,-0.247,1.168,0.0610,-0.0093,0.9995,
63.566,IMU,95.4221,143.1272,119.2747,0.0000,0.0000,136.665,-3.457,-0.245,1.232,0.0625,-0.0161,0.9961,
63.569,ENC,95.4221,143.1272,119.2747,0.0000,0.0000,136.665,-3.457,-0.245,1.232,0.0625,-0.0161,0.9961,
63.584,IMU,95.4221,143.1272,119.2747,0.0000,0.0000,136.665,-3.393,-0.244,1.272,0.0488,-0.0068,0.9971,
63.589,ENC,95.4221,143.1272,119.2747,0.0000,0.0000,136.665,-3.393,-0.244,1.272,0.0488,-0.0068,0.9971,
63.604,IMU,95.4221,143.1272,119.2747,0.0000,0.0000,136.665,-3.410,-0.258,1.240,0.0659,-0.0015,0.9966,
63.609,ENC,95.4221,143.1272,119.2747,0.0000,0.0000,136.665,-3.410,-0.258,1.240,0.0659,-0.0015,0.9966,
63.631,ENC,95.4221,143.1272,119.2747,0.0000,0.0000,136.665,-3.410,-0.258,1.240,0.0659,-0.0015,0.9966,
63.641,IMU,95.4221,143.1272,119.2747,0.0000,0.0000,136.665,-3.439,-0.257,1.243,0.0605,-0.0088,1.0015,
63.645,IMU,95.4221,143.1272,119.2747,0.0000,0.0000,136.665,-3.494,-0.269,1.227,0.0664,-0.0122,0.9951,
63.649,ENC,95.4221,143.1272,119.2747,0.0000,0.0000,136.665,-3.494,-0.269,1.227,0.0664,-0.0122,0.9951,
63.666,IMU,95.4221,143.1272,119.2747,0.0000,0.0000,136.665,-3.510,-0.221,1.190,0.0615,0.0044,1.0010,
63.669,ENC,95.4221,143.1272,119.2747,0.0000,0.0000,136.665,-3.510,-0.221,1.190,0.0615,0.0044,1.0010,
63.683,IMU,95.4221,143.1272,119.2747,0.0000,0.0000,136.665,-3.528,-0.276,1.192,0.0693,-0.0039,1.0029,
63.689,ENC,95.4221,143.1272,119.2747,0.0000,0.0000,136.665,-3.528,-0.276,1.192,0.0693,-0.0039,1.0029,
63.704,IMU,95.4221,143.1272,119.2747,0.0000,0.0000,136.665,-3.523,-0.317,1.181,0.0557,0.0010,0.9937,
63.709,ENC,95.4221,143.1272,119.2747,0.0000,0.0000,136.665,-3.523,-0.317,1.181,0.0557,0.0010,0.9937,
63.726,IMU,95.4221,143.1272,119.2747,0.0000,0.0000,136.665,-3.594,-0.274,1.172,0.0684,-0.0093,0.9966,
63.731,ENC,95.4221,143.1272,119.2747,0.0000,0.0000,136.665,-3.594,-0.274,1.172,0.0684,-0.0093,0.9966,
63.744,IMU,95.4221,143.1272,119.2747,0.0000,0.0000,136.665,-3.595,-0.267,1.130,0.0596,-0.0024,0.9917,
63.749,ENC,95.4221,143.1272,119.2747,0.0000,0.0000,136.665,-3.595,-0.267,1.130,0.0596,-0.0024,0.9917,
63.764,IMU,95.4221,143.1272,119.2747,0.0000,0.0000,136.665,-3.623,-0.254,1.143,0.0684,-0.0083,0.9990,
63.784,IMU,95.4221,143.1272,119.2747,0.0000,0.0000,136.665,-3.642,-0.232,1.115,0.0640,-0.0088,0.9980,
63.789,ENC,95.4221,143.1272,119.2747,0.0000,0.0000,136.665,-3.642,-0.232,1.115,0.0640,-0.0088,0.9980,
63.831,IMU,95.4221,143.1272,119.2747,0.0000,0.0000,136.665,-3.605,-0.248,1.160,0.0601,-0.0181,0.9917,
63.834,IMU,95.4221,143.1272,119.2747,0.0000,0.0000,136.665,-3.606,-0.262,1.159,0.0586,-0.0127,0.9858,
63.845,IMU,95.4221,143.1272,119.2747,0.0000,0.0000,136.665,-3.622,-0.299,1.105,0.0640,-0.0107,0.9956,
63.865,IMU,95.4221,143.1272,119.2747,0.0000,0.0000,136.665,-3.604,-0.278,1.075,0.0645,-0.0098,0.9922,
63.869,ENC,95.4221,143.1272,119.2747,0.0000,0.0000,136.665,-3.604,-0.278,1.075,0.0645,-0.0098,0.9922,
63.884,IMU,95.4221,143.1272,119.2747,0.0000,0.0000,136.665,-3.645,-0.253,1.042,0.0649,-0.0024,0.9897,
63.905,IMU,95.4221,143.1272,119.2747,0.0000,0.0000,136.665,-3.621,-0.308,1.085,0.0645,-0.0171,0.9980,
63.909,ENC,95.4221,143.1272,119.2747,0.0000,0.0000,136.665,-3.621,-0.308,1.085,0.0645,-0.0171,0.9980,
63.924,IMU,95.4221,143.1272,119.2747,0.0000,0.0000,136.665,-3.634,-0.326,1.091,0.0718,-0.0127,0.9863,
63.929,ENC,95.4221,143.1272,119.2747,0.0000,0.0000,136.665,-3.634,-0.326,1.091,0.0718,-0.0127,0.9863,
63.944,IMU,95.4221,143.1272,119.2747,0.0000,0.0000,136.665,-3.629,-0.341,1.076,0.0630,-0.0112,0.9946,
63.965,IMU,95.4221,143.1272,119.2747,0.0000,0.0000,136.665,-3.652,-0.338,1.105,0.0596,-0.0098,0.9956,
63.969,ENC,95.4221,143.1272,119.2747,0.0000,0.0000,136.665,-3.652,-0.338,1.105,0.0596,-0.0098,0.9956,
63.985,IMU,95.4221,143.1272,119.2747,0.0000,0.0000,136.665,-3.676,-0.390,1.144,0.0562,-0.0132,1.0020,
63.989,ENC,95.4221,143.1272,119.2747,0.0000,0.0000,136.665,-3.676,-0.390,1.144,0.0562,-0.0132,1.0020,
64.006,IMU,95.4221,143.1272,119.2747,0.0000,0.0000,136.665,-3.696,-0.382,1.144,0.0684,-0.0181,1.0005,
64.028,IMU,95.4221,143.1272,119.2747,0.0000,0.0000,136.665,-3.706,-0.443,1.137,0.0625,-0.0054,0.9937,
64.031,ENC,95.4221,143.1272,119.2747,0.0000,0.0000,136.665,-3.706,-0.443,1.137,0.0625,-0.0054,0.9937,
64.043,IMU,95.4221,143.1272,119.2747,0.0000,0.0000,136.665,-3.699,-0.444,1.148,0.0703,-0.0083,0.9995,
64.049,ENC,95.4221,143.1272,119.2747,0.0000,0.0000,136.665,-3.699,-0.444,1.148,0.0703,-0.0083,0.9995,
64.069,IMU,95.4221,143.1272,119.2747,0.0000,0.0000,136.665,-3.715,-0.424,1.092,0.0552,0.0044,0.9897,
64.071,ENC,95.4221,143.1272,119.2747,0.0000,0.0000,136.665,-3.715,-0.424,1.092,0.0552,0.0044,0.9897,
64.084,IMU,95.4221,143.1272,119.2747,0.0000,0.0000,136.665,-3.739,-0.462,1.061,0.0708,0.0015,0.9990,
64.089,ENC,95.4221,143.1272,119.2747,0.0000,0.0000,136.665,-3.739,-0.462,1.061,0.0708,0.0015,0.9990,
64.105,IMU,95.4221,143.1272,119.2747,0.0000,0.0000,136.665,-3.709,-0.452,1.067,0.0645,-0.0029,0.9980,
64.109,ENC,95.4221,143.1272,119.2747,0.0000,0.0000,136.665,-3.709,-0.452,1.067,0.0645,-0.0029,0.9980,
64.126,IMU,95.4221,143.1272,119.2747,0.0000,0.0000,136.665,-3.710,-0.455,1.053,0.0596,-0.0054,0.9995,
64.133,ENC,95.4221,143.1272,119.2747,0.0000,0.0000,136.665,-3.710,-0.455,1.053,0.0596,-0.0054,0.9995,
64.147,IMU,95.4221,143.1272,119.2747,0.0000,0.0000,136.665,-3.700,-0.451,1.021,0.0586,0.0020,1.0068,
64.149,ENC,95.4221,143.1272,119.2747,0.0000,0.0000,136.665,-3.700,-0.451,1.021,0.0586,0.0020,1.0068,
64.167,IMU,95.4221,143.1272,119.2747,0.0000,0.0000,136.665,-3.694,-0.446,1.004,0.0703,-0.0024,0.9751,
64.169,ENC,95.4221,143.1272,119.2747,0.0000,0.0000,136.665,-3.694,-0.446,1.004,0.0703,-0.0024,0.9751,
64.184,IMU,95.4221,143.1272,119.2747,0.0000,0.0000,136.665,-3.750,-0.467,1.044,0.0552,-0.0039,0.9863,
64.191,ENC,95.4221,143.1272,119.2747,0.0000,0.0000,136.665,-3.750,-0.467,1.044,0.0552,-0.0039,0.9863,
64.205,IMU,95.4221,143.1272,119.2747,0.0000,0.0000,136.665,-3.769,-0.455,1.060,0.0752,-0.0010,0.9932,
64.210,ENC,95.4221,143.1272,119.2747,0.0000,0.0000,136.665,-3.769,-0.455,1.060,0.0752,-0.0010,0.9932,
64.225,IMU,95.4221,143.1272,119.2747,0.0000,0.0000,136.665,-3.744,-0.482,1.008,0.0566,-0.0088,0.9897,
64.229,ENC,95.4221,143.1272,119.2747,0.0000,0.0000,136.665,-3.744,-0.482,1.008,0.0566,-0.0088,0.9897,
64.245,IMU,95.4221,143.1272,119.2747,0.0000,0.0000,136.665,-3.707,-0.488,0.997,0.0659,-0.0098,1.0010,
64.249,ENC,95.4221,143.1272,119.2747,0.0000,0.0000,136.665,-3.707,-0.488,0.997,0.0659,-0.0098,1.0010,
64.265,IMU,95.4221,143.1272,119.2747,0.0000,0.0000,136.665,-3.731,-0.455,0.989,0.0527,-0.0171,0.9902,
64.269,ENC,95.4221,143.1272,119.2747,0.0000,0.0000,136.665,-3.731,-0.455,0.989,0.0527,-0.0171,0.9902,
64.285,IMU,95.4221,143.1272,119.2747,0.0000,0.0000,136.665,-3.729,-0.498,1.020,0.0698,-0.0020,0.9927,
64.289,ENC,95.4221,143.1272,119.2747,0.0000,0.0000,136.665,-3.729,-0.498,1.020,0.0698,-0.0020,0.9927,
64.303,IMU,95.4221,143.1272,119.2747,0.0000,0.0000,136.665,-3.708,-0.523,1.031,0.0547,-0.0044,0.9941,
64.309,ENC,95.4221,143.1272,119.2747,0.0000,0.0000,136.665,-3.708,-0.523,1.031,0.0547,-0.0044,0.9941,
64.325,IMU,95.4221,143.1272,119.2747,0.0000,0.0000,136.665,-3.730,-0.542,1.022,0.0649,-0.0107,1.0000,
64.343,IMU,95.4221,143.1272,119.2747,0.0000,0.0000,136.665,-3.748,-0.599,1.023,0.0596,-0.0132,0.9893,
64.349,ENC,95.4221,143.1272,119.2747,0.0000,0.0000,136.665,-3.748,-0.599,1.023,0.0596,-0.0132,0.9893,
64.367,IMU,95.4221,143.1272,119.2747,0.0000,0.0000,136.665,-3.723,-0.581,1.035,0.0615,-0.0044,0.9985,
64.384,IMU,95.4221,143.1272,119.2747,0.0000,0.0000,136.665,-3.753,-0.579,1.004,0.0723,-0.0020,0.9888,
64.402,ENC,95.4221,143.1272,119.2747,0.0000,0.0000,136.665,-3.753,-0.579,1.004,0.0723,-0.0020,0.9888,
64.406,IMU,95.4221,143.1272,119.2747,0.0000,0.0000,136.665,-3.753,-0.522,1.040,0.0605,0.0010,0.9946,
64.408,ENC,95.4221,143.1272,119.2747,0.0000,0.0000,136.665,-3.753,-0.522,1.040,0.0605,0.0010,0.9946,
64.410,ENC,95.4221,143.1272,119.2747,0.0000,0.0000,136.665,-3.753,-0.522,1.040,0.0605,0.0010,0.9946,
64.424,IMU,95.4221,143.1272,119.2747,0.0000,0.0000,136.665,-3.753,-0.534,1.062,0.0571,-0.0063,0.9902,
64.454,IMU,95.4221,143.1272,119.2747,0.0000,0.0000,136.665,-3.733,-0.596,1.058,0.0635,-0.0166,0.9937,
64.464,IMU,95.4221,143.1272,119.2747,0.0000,0.0000,136.665,-3.723,-0.647,1.041,0.0610,-0.0088,0.9868,
64.468,ENC,95.4221,143.1272,119.2747,0.0000,0.0000,136.665,-3.723,-0.647,1.041,0.0610,-0.0088,0.9868,
64.470,ENC,95.4221,143.1272,119.2747,0.0000,0.0000,136.665,-3.723,-0.647,1.041,0.0610,-0.0088,0.9868,
64.506,IMU,95.4221,143.1272,119.2747,0.0000,0.0000,136.665,-3.756,-0.580,1.131,0.0630,0.0000,0.9946,
64.509,ENC,95.4221,143.1272,119.2747,0.0000,0.0000,136.665,-3.756,-0.580,1.131,0.0630,0.0000,0.9946,
64.524,IMU,95.4221,143.1272,119.2747,0.0000,0.0000,136.665,-3.788,-0.594,1.101,0.0591,-0.0151,0.9995,
64.529,ENC,95.4221,143.1272,119.2747,0.0000,0.0000,136.665,-3.788,-0.594,1.101,0.0591,-0.0151,0.9995,
64.575,ENC,95.4221,143.1272,119.2747,0.0000,0.0000,136.665,-3.788,-0.594,1.101,0.0591,-0.0151,0.9995,
64.578,ENC,95.4221,143.1272,119.2747,0.0000,0.0000,136.665,-3.788,-0.594,1.101,0.0591,-0.0151,0.9995,
64.581,IMU,95.4221,143.1272,119.2747,0.0000,0.0000,136.665,-3.885,-0.636,1.119,0.0640,-0.0088,0.9927,
64.584,IMU,95.4221,143.1272,119.2747,0.0000,0.0000,136.665,-3.859,-0.637,1.135,0.0757,-0.0098,0.9966,
64.590,ENC,95.4221,143.1272,119.2747,0.0000,0.0000,136.665,-3.859,-0.637,1.135,0.0757,-0.0098,0.9966,
64.613,IMU,95.4221,143.1272,119.2747,0.0000,0.0000,136.665,-3.908,-0.638,1.151,0.0742,-0.0010,0.9946,
64.616,ENC,95.4221,143.1272,119.2747,0.0000,0.0000,136.665,-3.908,-0.638,1.151,0.0742,-0.0010,0.9946,
64.627,IMU,95.4221,143.1272,119.2747,0.0000,0.0000,136.665,-3.922,-0.659,1.178,0.0698,-0.0117,0.9907,
64.630,ENC,95.4221,143.1272,119.2747,0.0000,0.0000,136.665,-3.922,-0.659,1.178,0.0698,-0.0117,0.9907,
64.645,IMU,95.4221,143.1272,119.2747,0.0000,0.0000,136.665,-3.967,-0.630,1.211,0.0684,-0.0146,1.0034,
64.694,ENC,95.4221,143.1272,119.2747,0.0000,0.0000,136.665,-3.967,-0.630,1.211,0.0684,-0.0146,1.0034,
64.697,IMU,95.4221,143.1272,119.2747,0.0000,0.0000,136.665,-3.977,-0.675,1.180,0.0781,-0.0034,0.9907,
64.701,IMU,95.4221,143.1272,119.2747,0.0000,0.0000,136.665,-3.955,-0.709,1.151,0.0532,-0.0083,0.9951,
64.704,IMU,95.4221,143.1272,119.2747,0.0000,0.0000,136.665,-3.954,-0.693,1.179,0.0688,-0.0195,0.9961,
64.709,ENC,95.4221,143.1272,119.2747,0.0000,0.0000,136.665,-3.954,-0.693,1.179,0.0688,-0.0195,0.9961,
64.724,IMU,95.4221,143.1272,119.2747,0.0000,0.0000,136.665,-3.954,-0.666,1.209,0.0654,-0.0015,0.9961,
64.747,IMU,95.4221,143.1272,119.2747,0.0000,0.0000,136.665,-3.924,-0.686,1.242,0.0601,-0.0107,0.9941,
64.765,IMU,95.4221,143.1272,119.2747,0.0000,0.0000,136.665,-3.874,-0.681,1.212,0.0605,-0.0039,0.9956,
64.769,ENC,95.4221,143.1272,119.2747,0.0000,0.0000,136.665,-3.874,-0.681,1.212,0.0605,-0.0039,0.9956,
64.790,IMU,95.4221,143.1272,119.2747,0.0000,0.0000,136.665,-3.848,-0.730,1.214,0.0752,-0.0049,0.9980,
64.804,IMU,95.4221,143.1272,119.2747,0.0000,0.0000,136.665,-3.862,-0.728,1.202,0.0591,-0.0098,0.9902,
64.818,ENC,95.4221,143.1272,119.2747,0.0000,0.0000,136.665,-3.862,-0.728,1.202,0.0591,-0.0098,0.9902,
64.821,ENC,95.4221,143.1272,119.2747,0.0000,0.0000,136.665,-3.862,-0.728,1.202,0.0591,-0.0098,0.9902,
64.824,IMU,95.4221,143.1272,119.2747,0.0000,0.0000,136.665,-3.860,-0.728,1.266,0.0576,-0.0151,0.9863,
64.830,ENC,95.4221,143.1272,119.2747,0.0000,0.0000,136.665,-3.860,-0.728,1.266,0.0576,-0.0151,0.9863,
64.852,IMU,95.4221,143.1272,119.2747,0.0000,0.0000,136.665,-3.909,-0.723,1.278,0.0742,-0.0083,1.0039,
64.864,IMU,95.4221,143.1272,119.2747,0.0000,0.0000,136.665,-3.912,-0.694,1.329,0.0654,-0.0054,0.9976,
64.872,ENC,95.4221,143.1272,119.2747,0.0000,0.0000,136.665,-3.912,-0.694,1.329,0.0654,-0.0054,0.9976,
64.875,ENC,95.4221,143.1272,119.2747,0.0000,0.0000,136.665,-3.912,-0.694,1.329,0.0654,-0.0054,0.9976,
64.884,IMU,95.4221,143.1272,119.2747,0.0000,0.0000,136.665,-3.937,-0.723,1.279,0.0513,-0.0137,0.9976,
64.891,ENC,95.4221,143.1272,119.2747,0.0000,0.0000,136.665,-3.937,-0.723,1.279,0.0513,-0.0137,0.9976,
64.909,IMU,95.4221,143.1272,119.2747,0.0000,0.0000,136.665,-3.951,-0.753,1.283,0.0601,-0.0088,0.9980,
64.911,ENC,95.4221,143.1272,119.2747,0.0000,0.0000,136.665,-3.951,-0.753,1.283,0.0601,-0.0088,0.9980,
64.925,IMU,95.4221,143.1272,119.2747,0.0000,0.0000,136.665,-3.945,-0.770,1.320,0.0508,-0.0161,0.9985,
64.933,ENC,95.4221,143.1272,119.2747,0.0000,0.0000,136.665,-3.945,-0.770,1.320,0.0508,-0.0161,0.9985,
64.944,IMU,95.4221,143.1272,119.2747,0.0000,0.0000,136.665,-3.883,-0.761,1.280,0.0615,-0.0015,0.9956,
64.949,ENC,95.4221,143.1272,119.2747,0.0000,0.0000,136.665,-3.883,-0.761,1.280,0.0615,-0.0015,0.9956,
64.968,IMU,95.4221,143.1272,119.2747,0.0000,0.0000,136.665,-3.870,-0.762,1.240,0.0664,-0.0127,0.9897,
64.971,ENC,95.4221,143.1272,119.2747,0.0000,0.0000,136.665,-3.870,-0.762,1.240,0.0664,-0.0127,0.9897,
64.983,IMU,95.4221,143.1272,119.2747,0.0000,0.0000,136.665,-3.844,-0.745,1.259,0.0708,-0.0029,0.9971,
64.989,ENC,95.4221,143.1272,119.2747,0.0000,0.0000,136.665,-3.844,-0.745,1.259,0.0708,-0.0029,0.9971,
65.004,IMU,95.4221,143.1272,119.2747,0.0000,0.0000,136.665,-3.869,-0.720,1.269,0.0684,-0.0083,1.0054,
65.009,ENC,95.4221,143.1272,119.2747,0.0000,0.0000,136.665,-3.869,-0.720,1.269,0.0684,-0.0083,1.0054,
65.042,ENC,95.4221,143.1272,119.2747,0.0000,0.0000,136.665,-3.869,-0.720,1.269,0.0684,-0.0083,1.0054,
65.049,ENC,95.4221,143.1272,119.2747,0.0000,0.0000,136.665,-3.869,-0.720,1.269,0.0684,-0.0083,1.0054,
65.069,IMU,95.4221,143.1272,119.2747,0.0000,0.0000,136.665,-3.857,-0.737,1.274,0.0674,-0.0176,0.9932,
65.072,IMU,95.4221,143.1272,119.2747,0.0000,0.0000,136.665,-3.832,-0.743,1.235,0.0596,-0.0195,0.9893,
65.075,IMU,95.4221,143.1272,119.2747,0.0000,0.0000,136.665,-3.839,-0.716,1.236,0.0605,0.0000,0.9912,
65.077,ENC,95.4221,143.1272,119.2747,0.0000,0.0000,136.665,-3.839,-0.716,1.236,0.0605,0.0000,0.9912,
65.085,IMU,95.4221,143.1272,119.2747,0.0000,0.0000,136.665,-3.831,-0.720,1.246,0.0640,-0.0010,0.9839,
65.093,ENC,95.4221,143.1272,119.2747,0.0000,0.0000,136.665,-3.831,-0.720,1.246,0.0640,-0.0010,0.9839,
65.104,IMU,95.4221,143.1272,119.2747,0.0000,0.0000,136.665,-3.911,-0.701,1.263,0.0776,-0.0039,0.9868,
65.109,ENC,95.4221,143.1272,119.2747,0.0000,0.0000,136.665,-3.911,-0.701,1.263,0.0776,-0.0039,0.9868,
65.125,IMU,95.4221,143.1272,119.2747,0.0000,0.0000,136.665,-3.928,-0.709,1.322,0.0674,-0.0122,0.9971,
65.129,ENC,95.4221,143.1272,119.2747,0.0000,0.0000,136.665,-3.928,-0.709,1.322,0.0674,-0.0122,0.9971,
65.151,IMU,95.4221,143.1272,119.2747,0.0000,0.0000,136.665,-3.895,-0.712,1.318,0.0703,-0.0215,0.9956,
65.166,IMU,95.4221,143.1272,119.2747,0.0000,0.0000,136.665,-3.892,-0.665,1.292,0.0596,0.0015,0.9854,
65.169,ENC,95.4221,143.1272,119.2747,0.0000,0.0000,136.665,-3.892,-0.665,1.292,0.0596,0.0015,0.9854,
65.185,IMU,95.4221,143.1272,119.2747,0.0000,0.0000,136.665,-3.840,-0.667,1.307,0.0615,-0.0020,0.9839,
65.189,ENC,95.4221,143.1272,119.2747,0.0000,0.0000,136.665,-3.840,-0.667,1.307,0.0615,-0.0020,0.9839,
65.203,IMU,95.4221,143.1272,119.2747,0.0000,0.0000,136.665,-3.851,-0.673,1.299,0.0776,-0.0073,0.9858,
65.216,ENC,95.4221,143.1272,119.2747,0.0000,0.0000,136.665,-3.851,-0.673,1.299,0.0776,-0.0073,0.9858,
65.225,IMU,95.4221,143.1272,119.2747,0.0000,0.0000,136.665,-3.883,-0.676,1.246,0.0669,-0.0083,0.9854,
65.229,ENC,95.4221,143.1272,119.2747,0.0000,0.0000,136.665,-3.883,-0.676,1.246,0.0669,-0.0083,0.9854,
65.244,IMU,95.4221,143.1272,119.2747,0.0000,0.0000,136.665,-3.877,-0.658,1.223,0.0742,0.0063,0.9917,
65.249,ENC,95.4221,143.1272,119.2747,0.0000,0.0000,136.665,-3.877,-0.658,1.223,0.0742,0.0063,0.9917,
65.264,IMU,95.4221,143.1272,119.2747,0.0000,0.0000,136.665,-3.836,-0.682,1.285,0.0596,-0.0044,1.0010,
65.270,ENC,95.4221,143.1272,119.2747,0.0000,0.0000,136.665,-3.836,-0.682,1.285,0.0596,-0.0044,1.0010,
65.284,IMU,95.4221,143.1272,119.2747,0.0000,0.0000,136.665,-3.866,-0.661,1.253,0.0747,0.0010,0.9897,
65.290,ENC,95.4221,143.1272,119.2747,0.0000,0.0000,136.665,-3.866,-0.661,1.253,0.0747,0.0010,0.9897,
65.304,IMU,95.4221,143.1272,119.2747,0.0000,0.0000,136.665,-3.885,-0.674,1.245,0.0552,-0.0034,1.0005,
65.309,ENC,95.4221,143.1272,119.2747,0.0000,0.0000,136.665,-3.885,-0.674,1.245,0.0552,-0.0034,1.0005,
65.324,IMU,95.4221,143.1272,119.2747,0.0000,0.0000,136.665,-3.901,-0.663,1.287,0.0703,-0.0088,1.0034,
65.375,ENC,95.4221,143.1272,119.2747,0.0000,0.0000,136.665,-3.901,-0.663,1.287,0.0703,-0.0088,1.0034,
65.377,ENC,95.4221,143.1272,119.2747,0.0000,0.0000,136.665,-3.901,-0.663,1.287,0.0703,-0.0088,1.0034,
65.384,IMU,95.4221,143.1272,119.2747,0.0000,0.0000,136.665,-3.864,-0.738,1.331,0.0596,-0.0156,0.9941,
65.389,ENC,95.4221,143.1272,119.2747,0.0000,0.0000,136.665,-3.864,-0.738,1.331,0.0596,-0.0156,0.9941,
65.406,IMU,95.4221,143.1272,119.2747,0.0000,0.0000,136.665,-3.844,-0.753,1.350,0.0615,-0.0088,0.9951,
65.410,ENC,95.4221,143.1272,119.2747,0.0000,0.0000,136.665,-3.844,-0.753,1.350,0.0615,-0.0088,0.9951,
65.424,IMU,95.4221,143.1272,119.2747,0.0000,0.0000,136.665,-3.883,-0.763,1.352,0.0635,-0.0039,0.9932,
65.432,ENC,95.4221,143.1272,119.2747,0.0000,0.0000,136.665,-3.883,-0.763,1.352,0.0635,-0.0039,0.9932,
65.451,ENC,95.4221,143.1272,119.2747,0.0000,0.0000,136.665,-3.883,-0.763,1.352,0.0635,-0.0039,0.9932,
65.472,ENC,95.4221,143.1272,119.2747,0.0000,0.0000,136.665,-3.883,-0.763,1.352,0.0635,-0.0039,0.9932,
65.485,IMU,95.4221,143.1272,119.2747,0.0000,0.0000,136.665,-3.795,-0.859,1.211,0.0557,-0.0132,0.9932,
65.489,ENC,95.4221,143.1272,119.2747,0.0000,0.0000,136.665,-3.795,-0.859,1.211,0.0557,-0.0132,0.9932,
65.509,IMU,95.4221,143.1272,119.2747,0.0000,0.0000,136.665,-3.806,-0.785,1.230,0.0781,-0.0107,1.0034,
65.524,IMU,95.4221,143.1272,119.2747,0.0000,0.0000,136.665,-3.764,-0.820,1.234,0.0513,-0.0103,1.0005,
65.537,ENC,95.4221,143.1272,119.2747,0.0000,0.0000,136.665,-3.764,-0.820,1.234,0.0513,-0.0103,1.0005,
65.539,ENC,95.4221,143.1272,119.2747,0.0000,0.0000,136.665,-3.764,-0.820,1.234,0.0513,-0.0103,1.0005,
65.544,IMU,95.4221,143.1272,119.2747,0.0000,0.0000,136.665,-3.765,-0.848,1.253,0.0586,-0.0068,0.9902,
65.549,ENC,95.4221,143.1272,119.2747,0.0000,0.0000,136.665,-3.765,-0.848,1.253,0.0586,-0.0068,0.9902,
65.575,ENC,95.4221,143.1272,119.2747,0.0000,0.0000,136.665,-3.765,-0.848,1.253,0.0586,-0.0068,0.9902,
65.589,ENC,95.4221,143.1272,119.2747,0.0000,0.0000,136.665,-3.765,-0.848,1.253,0.0586,-0.0068,0.9902,
65.598,IMU,95.4221,143.1272,119.2747,0.0000,0.0000,136.665,-3.757,-0.829,1.247,0.0659,0.0054,0.9888,
65.601,IMU,95.4221,143.1272,119.2747,0.0000,0.0000,136.665,-3.742,-0.833,1.269,0.0659,-0.0049,0.9922,
65.605,IMU,95.4221,143.1272,119.2747,0.0000,0.0000,136.665,-3.734,-0.829,1.307,0.0503,-0.0098,1.0000,
65.609,ENC,95.4221,143.1272,119.2747,0.0000,0.0000,136.665,-3.734,-0.829,1.307,0.0503,-0.0098,1.0000,
65.637,ENC,95.4221,143.1272,119.2747,0.0000,0.0000,136.665,-3.734,-0.829,1.307,0.0503,-0.0098,1.0000,
65.640,IMU,95.4221,143.1272,119.2747,0.0000,0.0000,136.665,-3.723,-0.823,1.304,0.0630,-0.0088,0.9956,
65.644,IMU,95.4221,143.1272,119.2747,0.0000,0.0000,136.665,-3.737,-0.835,1.306,0.0703,-0.0063,0.9917,
65.649,ENC,95.4221,143.1272,119.2747,0.0000,0.0000,136.665,-3.737,-0.835,1.306,0.0703,-0.0063,0.9917,
65.663,IMU,95.4221,143.1272,119.2747,0.0000,0.0000,136.665,-3.745,-0.811,1.313,0.0742,0.0073,0.9893,
65.669,ENC,95.4221,143.1272,119.2747,0.0000,0.0000,136.665,-3.745,-0.811,1.313,0.0742,0.0073,0.9893,
65.687,IMU,95.4221,143.1272,119.2747,0.0000,0.0000,136.665,-3.735,-0.795,1.295,0.0669,-0.0142,0.9863,
65.703,IMU,95.4221,143.1272,119.2747,0.0000,0.0000,136.665,-3.702,-0.814,1.304,0.0576,-0.0063,1.0029,
65.722,ENC,95.4221,143.1272,119.2747,0.0000,0.0000,136.665,-3.702,-0.814,1.304,0.0576,-0.0063,1.0029,
65.726,IMU,95.4221,143.1272,119.2747,0.0000,0.0000,136.665,-3.712,-0.804,1.293,0.0537,-0.0073,0.9927,
65.728,ENC,95.4221,143.1272,119.2747,0.0000,0.0000,136.665,-3.712,-0.804,1.293,0.0537,-0.0073,0.9927,
65.730,ENC,95.4221,143.1272,119.2747,0.0000,0.0000,136.665,-3.712,-0.804,1.293,0.0537,-0.0073,0.9927,
65.749,IMU,95.4221,143.1272,119.2747,0.0000,0.0000,136.665,-3.734,-0.812,1.264,0.0635,-0.0293,1.0073,
65.751,ENC,95.4221,143.1272,119.2747,0.0000,0.0000,136.665,-3.734,-0.812,1.264,0.0635,-0.0293,1.0073,
65.780,ENC,95.4221,143.1272,119.2747,0.0000,0.0000,136.665,-3.734,-0.812,1.264,0.0635,-0.0293,1.0073,
65.784,IMU,95.4221,143.1272,119.2747,0.0000,0.0000,136.665,-3.756,-0.839,1.239,0.0669,-0.0132,0.9912,
65.787,IMU,95.4221,143.1272,119.2747,0.0000,0.0000,136.665,-3.736,-0.875,1.246,0.0684,-0.0068,0.9985,
65.790,ENC,95.4221,143.1272,119.2747,0.0000,0.0000,136.665,-3.736,-0.875,1.246,0.0684,-0.0068,0.9985,
65.805,IMU,95.4221,143.1272,119.2747,0.0000,0.0000,136.665,-3.698,-0.887,1.223,0.0586,-0.0151,0.9927,
65.824,IMU,95.4221,143.1272,119.2747,0.0000,0.0000,136.665,-3.699,-0.905,1.230,0.0566,-0.0146,1.0049,
65.846,IMU,95.4221,143.1272,119.2747,0.0000,0.0000,136.665,-3.685,-0.898,1.217,0.0669,-0.0166,0.9858,
65.848,ENC,95.4221,143.1272,119.2747,0.0000,0.0000,136.665,-3.685,-0.898,1.217,0.0669,-0.0166,0.9858,
65.850,ENC,95.4221,143.1272,119.2747,0.0000,0.0000,136.665,-3.685,-0.898,1.217,0.0669,-0.0166,0.9858,
65.852,ENC,95.4221,143.1272,119.2747,0.0000,0.0000,136.665,-3.685,-0.898,1.217,0.0669,-0.0166,0.9858,
65.872,IMU,95.4221,143.1272,119.2747,0.0000,0.0000,136.665,-3.692,-0.915,1.183,0.0615,-0.0078,0.9971,
65.886,IMU,95.4221,143.1272,119.2747,0.0000,0.0000,136.665,-3.684,-0.862,1.138,0.0522,-0.0054,0.9922,
65.893,ENC,95.4221,143.1272,119.2747,0.0000,0.0000,136.665,-3.684,-0.862,1.138,0.0522,-0.0054,0.9922,
65.904,IMU,95.4221,143.1272,119.2747,0.0000,0.0000,136.665,-3.679,-0.822,1.142,0.0669,0.0020,0.9878,
65.911,ENC,95.4221,143.1272,119.2747,0.0000,0.0000,136.665,-3.679,-0.822,1.142,0.0669,0.0020,0.9878,
65.926,IMU,95.4221,143.1272,119.2747,0.0000,0.0000,136.665,-3.696,-0.846,1.158,0.0576,-0.0024,0.9961,
65.950,IMU,95.4221,143.1272,119.2747,0.0000,0.0000,136.665,-3.732,-0.848,1.160,0.0747,-0.0088,1.0010,
65.952,ENC,95.4221,143.1272,119.2747,0.0000,0.0000,136.665,-3.732,-0.848,1.160,0.0747,-0.0088,1.0010,
65.964,IMU,95.4221,143.1272,119.2747,0.0000,0.0000,136.665,-3.729,-0.871,1.155,0.0532,-0.0112,1.0010,
65.969,ENC,95.4221,143.1272,119.2747,0.0000,0.0000,136.665,-3.729,-0.871,1.155,0.0532,-0.0112,1.0010,
65.985,IMU,95.4221,143.1272,119.2747,0.0000,0.0000,136.665,-3.715,-0.846,1.140,0.0620,-0.0083,0.9951,
66.022,IMU,95.4221,143.1272,119.2747,0.0000,0.0000,136.665,-3.705,-0.880,1.089,0.0610,-0.0020,0.9946,
66.024,ENC,95.4221,143.1272,119.2747,0.0000,0.0000,136.665,-3.705,-0.880,1.089,0.0610,-0.0020,0.9946,
66.027,ENC,95.4221,143.1272,119.2747,0.0000,0.0000,136.665,-3.705,-0.880,1.089,0.0610,-0.0020,0.9946,
66.030,IMU,95.4221,143.1272,119.2747,0.0000,0.0000,136.665,-3.735,-0.905,1.128,0.0791,-0.0093,0.9946,
66.032,ENC,95.4221,143.1272,119.2747,0.0000,0.0000,136.665,-3.735,-0.905,1.128,0.0791,-0.0093,0.9946,
66.049,IMU,95.4221,143.1272,119.2747,0.0000,0.0000,136.665,-3.687,-0.924,1.130,0.0679,-0.0034,0.9971,
66.064,IMU,95.4221,143.1272,119.2747,0.0000,0.0000,136.665,-3.696,-0.933,1.164,0.0659,-0.0005,0.9976,
66.069,ENC,95.4221,143.1272,119.2747,0.0000,0.0000,136.665,-3.696,-0.933,1.164,0.0659,-0.0005,0.9976,
66.084,IMU,95.4221,143.1272,119.2747,0.0000,0.0000,136.665,-3.674,-0.937,1.147,0.0640,-0.0190,0.9932,
66.089,ENC,95.4221,143.1272,119.2747,0.0000,0.0000,136.665,-3.674,-0.937,1.147,0.0640,-0.0190,0.9932,
66.106,IMU,95.4221,143.1272,119.2747,0.0000,0.0000,136.665,-3.713,-0.980,1.145,0.0601,-0.0068,0.9883,
66.124,IMU,95.4221,143.1272,119.2747,0.0000,0.0000,136.665,-3.760,-0.948,1.167,0.0693,-0.0068,0.9927,
66.139,ENC,95.4221,143.1272,119.2747,0.0000,0.0000,136.665,-3.760,-0.948,1.167,0.0693,-0.0068,0.9927,
66.142,ENC,95.4221,143.1272,119.2747,0.0000,0.0000,136.665,-3.760,-0.948,1.167,0.0693,-0.0068,0.9927,
66.145,IMU,95.4221,143.1272,119.2747,0.0000,0.0000,136.665,-3.778,-0.942,1.173,0.0723,-0.0078,0.9971,
66.149,ENC,95.4221,143.1272,119.2747,0.0000,0.0000,136.665,-3.778,-0.942,1.173,0.0723,-0.0078,0.9971,
66.166,IMU,95.4221,143.1272,119.2747,0.0000,0.0000,136.665,-3.758,-0.936,1.163,0.0640,-0.0098,0.9902,
66.201,ENC,95.4221,143.1272,119.2747,0.0000,0.0000,136.665,-3.758,-0.936,1.163,0.0640,-0.0098,0.9902,
66.206,IMU,95.4221,143.1272,119.2747,0.0000,0.0000,136.665,-3.803,-0.935,1.118,0.0630,-0.0093,0.9941,
66.208,ENC,95.4221,143.1272,119.2747,0.0000,0.0000,136.665,-3.803,-0.935,1.118,0.0630,-0.0093,0.9941,
66.211,IMU,95.4221,143.1272,119.2747,0.0000,0.0000,136.665,-3.791,-0.905,1.060,0.0518,-0.0073,0.9956,
66.213,ENC,95.4221,143.1272,119.2747,0.0000,0.0000,136.665,-3.791,-0.905,1.060,0.0518,-0.0073,0.9956,
66.251,ENC,95.4221,143.1272,119.2747,0.0000,0.0000,136.665,-3.791,-0.905,1.060,0.0518,-0.0073,0.9956,
66.265,IMU,95.4221,143.1272,119.2747,0.0000,0.0000,136.665,-3.678,-0.990,1.083,0.0664,-0.0020,1.0054,
66.269,ENC,95.4221,143.1272,119.2747,0.0000,0.0000,136.665,-3.678,-0.990,1.083,0.0664,-0.0020,1.0054,
66.283,IMU,95.4221,143.1272,119.2747,0.0000,0.0000,136.665,-3.689,-0.953,1.077,0.0576,-0.0029,0.9927,
66.291,ENC,95.4221,143.1272,119.2747,0.0000,0.0000,136.665,-3.689,-0.953,1.077,0.0576,-0.0029,0.9927,
66.304,IMU,95.4221,143.1272,119.2747,0.0000,0.0000,136.665,-3.641,-0.968,1.075,0.0610,-0.0078,0.9927,
66.309,ENC,95.4221,143.1272,119.2747,0.0000,0.0000,136.665,-3.641,-0.968,1.075,0.0610,-0.0078,0.9927,
66.324,IMU,95.4221,143.1272,119.2747,0.0000,0.0000,136.665,-3.639,-0.947,1.096,0.0742,-0.0083,0.9849,
66.329,ENC,95.4221,143.1272,119.2747,0.0000,0.0000,136.665,-3.639,-0.947,1.096,0.0742,-0.0083,0.9849,
66.345,IMU,95.4221,143.1272,119.2747,0.0000,0.0000,136.665,-3.625,-0.917,1.129,0.0625,-0.0015,0.9966,
66.354,ENC,95.4221,143.1272,119.2747,0.0000,0.0000,136.665,-3.625,-0.917,1.129,0.0625,-0.0015,0.9966,
66.367,IMU,95.4221,143.1272,119.2747,0.0000,0.0000,136.665,-3.629,-0.934,1.126,0.0708,-0.0122,0.9897,
66.369,ENC,95.4221,143.1272,119.2747,0.0000,0.0000,136.665,-3.629,-0.934,1.126,0.0708,-0.0122,0.9897,
66.384,IMU,95.4221,143.1272,119.2747,0.0000,0.0000,136.665,-3.633,-0.883,1.103,0.0615,-0.0107,0.9927,
66.389,ENC,95.4221,143.1272,119.2747,0.0000,0.0000,136.665,-3.633,-0.883,1.103,0.0615,-0.0107,0.9927,
66.404,IMU,95.4221,143.1272,119.2747,0.0000,0.0000,136.665,-3.604,-0.899,1.063,0.0684,-0.0054,0.9932,
66.409,ENC,95.4221,143.1272,119.2747,0.0000,0.0000,136.665,-3.604,-0.899,1.063,0.0684,-0.0054,0.9932,
66.446,IMU,95.4221,143.1272,119.2747,0.0000,0.0000,136.665,-3.625,-0.898,1.063,0.0562,-0.0078,0.9814,
66.448,ENC,95.4221,143.1272,119.2747,0.0000,0.0000,136.665,-3.625,-0.898,1.063,0.0562,-0.0078,0.9814,
66.451,ENC,95.4221,143.1272,119.2747,0.0000,0.0000,136.665,-3.625,-0.898,1.063,0.0562,-0.0078,0.9814,
66.465,IMU,95.4221,143.1272,119.2747,0.0000,0.0000,136.665,-3.590,-0.906,1.047,0.0571,-0.0044,0.9932,
66.476,ENC,95.4221,143.1272,119.2747,0.0000,0.0000,136.665,-3.590,-0.906,1.047,0.0571,-0.0044,0.9932,
66.489,ENC,95.4221,143.1272,119.2747,0.0000,0.0000,136.665,-3.590,-0.906,1.047,0.0571,-0.0044,0.9932,
66.503,IMU,95.4221,143.1272,119.2747,0.0000,0.0000,136.665,-3.593,-0.848,1.048,0.0708,-0.0020,0.9937,
66.506,IMU,95.4221,143.1272,119.2747,0.0000,0.0000,136.665,-3.623,-0.807,1.100,0.0562,0.0005,0.9966,
66.509,ENC,95.4221,143.1272,119.2747,0.0000,0.0000,136.665,-3.623,-0.807,1.100,0.0562,0.0005,0.9966,
66.525,IMU,95.4221,143.1272,119.2747,0.0000,0.0000,136.665,-3.627,-0.761,1.075,0.0576,-0.0107,0.9941,
66.529,ENC,95.4221,143.1272,119.2747,0.0000,0.0000,136.665,-3.627,-0.761,1.075,0.0576,-0.0107,0.9941,
66.558,ENC,95.4221,143.1272,119.2747,0.0000,0.0000,136.665,-3.627,-0.761,1.075,0.0576,-0.0107,0.9941,
66.562,IMU,95.4221,143.1272,119.2747,0.0000,0.0000,136.665,-3.646,-0.784,1.087,0.0566,-0.0034,1.0054,
66.565,IMU,95.4221,143.1272,119.2747,0.0000,0.0000,136.665,-3.659,-0.769,1.083,0.0688,-0.0068,0.9985,
66.570,ENC,95.4221,143.1272,119.2747,0.0000,0.0000,136.665,-3.659,-0.769,1.083,0.0688,-0.0068,0.9985,
66.586,IMU,95.4221,143.1272,119.2747,0.0000,0.0000,136.665,-3.657,-0.730,1.058,0.0674,-0.0181,0.9854,
66.599,ENC,95.4221,143.1272,119.2747,0.0000,0.0000,136.665,-3.657,-0.730,1.058,0.0674,-0.0181,0.9854,
66.609,ENC,95.4221,143.1272,119.2747,0.0000,0.0000,136.665,-3.657,-0.730,1.058,0.0674,-0.0181,0.9854,
66.620,IMU,95.4221,143.1272,119.2747,0.0000,0.0000,136.665,-3.679,-0.730,1.082,0.0635,-0.0054,0.9966,
66.625,IMU,95.4221,143.1272,119.2747,0.0000,0.0000,136.665,-3.701,-0.732,1.107,0.0654,-0.0127,1.0020,
66.637,ENC,95.4221,143.1272,119.2747,0.0000,0.0000,136.665,-3.701,-0.732,1.107,0.0654,-0.0127,1.0020,
66.668,IMU,95.4221,143.1272,119.2747,0.0000,0.0000,136.665,-3.654,-0.687,1.124,0.0635,-0.0020,1.0010,
66.672,ENC,95.4221,143.1272,119.2747,0.0000,0.0000,136.665,-3.654,-0.687,1.124,0.0635,-0.0020,1.0010,
66.685,IMU,95.4221,143.1272,119.2747,0.0000,0.0000,136.665,-3.615,-0.685,1.080,0.0454,-0.0107,0.9868,
66.689,ENC,95.4221,143.1272,119.2747,0.0000,0.0000,136.665,-3.615,-0.685,1.080,0.0454,-0.0107,0.9868,
66.707,IMU,95.4221,143.1272,119.2747,0.0000,0.0000,136.665,-3.618,-0.715,1.038,0.0591,0.0015,0.9878,
66.711,ENC,95.4221,143.1272,119.2747,0.0000,0.0000,136.665,-3.618,-0.715,1.038,0.0591,0.0015,0.9878,
66.724,IMU,95.4221,143.1272,119.2747,0.0000,0.0000,136.665,-3.677,-0.698,1.034,0.0703,-0.0132,0.9966,
66.729,ENC,95.4221,143.1272,119.2747,0.0000,0.0000,136.665,-3.677,-0.698,1.034,0.0703,-0.0132,0.9966,
66.743,IMU,95.4221,143.1272,119.2747,0.0000,0.0000,136.665,-3.668,-0.691,1.020,0.0576,-0.0039,0.9937,
66.765,IMU,95.4221,143.1272,119.2747,0.0000,0.0000,136.665,-3.659,-0.711,1.015,0.0674,-0.0098,0.9888,
66.769,ENC,95.4221,143.1272,119.2747,0.0000,0.0000,136.665,-3.659,-0.711,1.015,0.0674,-0.0098,0.9888,
66.784,IMU,95.4221,143.1272,119.2747,0.0000,0.0000,136.665,-3.659,-0.658,0.999,0.0713,0.0029,0.9966,
66.789,ENC,95.4221,143.1272,119.2747,0.0000,0.0000,136.665,-3.659,-0.658,0.999,0.0713,0.0029,0.9966,
66.809,ENC,95.4221,143.1272,119.2747,0.0000,0.0000,136.665,-3.659,-0.658,0.999,0.0713,0.0029,0.9966,
66.840,IMU,95.4221,143.1272,119.2747,0.0000,0.0000,136.665,-3.609,-0.603,1.091,0.0557,0.0049,0.9839,
66.844,IMU,95.4221,143.1272,119.2747,0.0000,0.0000,136.665,-3.699,-0.572,1.082,0.0732,-0.0137,1.0010,
66.853,ENC,95.4221,143.1272,119.2747,0.0000,0.0000,136.665,-3.699,-0.572,1.082,0.0732,-0.0137,1.0010,
66.855,ENC,95.4221,143.1272,119.2747,0.0000,0.0000,136.665,-3.699,-0.572,1.082,0.0732,-0.0137,1.0010,
66.863,IMU,95.4221,143.1272,119.2747,0.0000,0.0000,136.665,-3.651,-0.573,1.082,0.0620,-0.0151,0.9951,
66.869,ENC,95.4221,143.1272,119.2747,0.0000,0.0000,136.665,-3.651,-0.573,1.082,0.0620,-0.0151,0.9951,
66.884,IMU,95.4221,143.1272,119.2747,0.0000,0.0000,136.665,-3.646,-0.539,1.134,0.0518,-0.0068,0.9917,
66.910,IMU,95.4221,143.1272,119.2747,0.0000,0.0000,136.665,-3.666,-0.596,1.135,0.0630,-0.0073,0.9873,
66.920,ENC,95.4221,143.1272,119.2747,0.0000,0.0000,136.665,-3.666,-0.596,1.135,0.0630,-0.0073,0.9873,
66.924,IMU,95.4221,143.1272,119.2747,0.0000,0.0000,136.665,-3.691,-0.576,1.119,0.0698,-0.0073,0.9990,
66.945,IMU,95.4221,143.1272,119.2747,0.0000,0.0000,136.665,-3.661,-0.587,1.135,0.0703,-0.0137,0.9995,
66.963,IMU,95.4221,143.1272,119.2747,0.0000,0.0000,136.665,-3.657,-0.610,1.167,0.0762,-0.0073,0.9907,
66.969,ENC,95.4221,143.1272,119.2747,0.0000,0.0000,136.665,-3.657,-0.610,1.167,0.0762,-0.0073,0.9907,
66.971,ENC,95.4221,143.1272,119.2747,0.0000,0.0000,136.665,-3.657,-0.610,1.167,0.0762,-0.0073,0.9907,
66.973,ENC,95.4221,143.1272,119.2747,0.0000,0.0000,136.665,-3.657,-0.610,1.167,0.0762,-0.0073,0.9907,
66.983,IMU,95.4221,143.1272,119.2747,0.0000,0.0000,136.665,-3.632,-0.609,1.162,0.0591,0.0000,0.9956,
67.021,IMU,95.4221,143.1272,119.2747,0.0000,0.0000,136.665,-3.593,-0.607,1.156,0.0640,-0.0034,1.0029,
67.023,ENC,95.4221,143.1272,119.2747,0.0000,0.0000,136.665,-3.593,-0.607,1.156,0.0640,-0.0034,1.0029,
67.026,IMU,95.4221,143.1272,119.2747,0.0000,0.0000,136.665,-3.596,-0.599,1.169,0.0708,-0.0078,1.0020,
67.051,IMU,95.4221,143.1272,119.2747,0.0000,0.0000,136.665,-3.622,-0.569,1.212,0.0596,-0.0024,0.9941,
67.071,ENC,95.4221,143.1272,119.2747,0.0000,0.0000,136.665,-3.622,-0.569,1.212,0.0596,-0.0024,0.9941,
67.075,IMU,95.4221,143.1272,119.2747,0.0000,0.0000,136.665,-3.650,-0.554,1.174,0.0703,-0.0098,0.9927,
67.083,IMU,95.4221,143.1272,119.2747,0.0000,0.0000,136.665,-3.610,-0.531,1.134,0.0635,0.0005,0.9912,
67.089,ENC,95.4221,143.1272,119.2747,0.0000,0.0000,136.665,-3.610,-0.531,1.134,0.0635,0.0005,0.9912,
