time_s,source,dist_l_in,dist_r_in,dist_avg_in,speed_l_in_s,speed_r_in_s,enc_heading_deg,pitch_deg,roll_deg,yaw_deg,acc_x_g,acc_y_g,acc_z_g,note
0.002,IMU,322.7598,0.0000,161.3799,0.0000,0.0000,-924.639,-3.886,-0.495,-394.915,0.0547,0.0000,0.9990,
0.012,ENC,322.7598,0.0000,161.3799,0.0000,0.0000,-924.639,-3.886,-0.495,-394.915,0.0547,0.0000,0.9990,
0.022,IMU,322.7598,0.0000,161.3799,0.0000,0.0000,-924.639,-3.860,-0.474,-394.906,0.0649,-0.0073,1.0005,
0.033,ENC,322.7598,0.0000,161.3799,0.0000,0.0000,-924.639,-3.860,-0.474,-394.906,0.0649,-0.0073,1.0005,
0.048,IMU,322.7598,0.0000,161.3799,0.0000,0.0000,-924.639,-3.868,-0.519,-394.920,0.0640,-0.0049,1.0039,
0.054,ENC,322.7598,0.0000,161.3799,0.0000,0.0000,-924.639,-3.868,-0.519,-394.920,0.0640,-0.0049,1.0039,
0.068,IMU,322.7598,0.0000,161.3799,0.0000,0.0000,-924.639,-3.865,-0.541,-394.920,0.0747,-0.0049,0.9941,
0.073,ENC,322.7598,0.0000,161.3799,0.0000,0.0000,-924.639,-3.865,-0.541,-394.920,0.0747,-0.0049,0.9941,
0.082,IMU,322.7598,0.0000,161.3799,0.0000,0.0000,-924.639,-3.859,-0.520,-394.915,0.0630,-0.0063,0.9971,
0.092,ENC,322.7598,0.0000,161.3799,0.0000,0.0000,-924.639,-3.859,-0.520,-394.915,0.0630,-0.0063,0.9971,
0.102,IMU,322.7598,0.0000,161.3799,0.0000,0.0000,-924.639,-3.884,-0.502,-394.857,0.0708,-0.0015,0.9927,
0.112,ENC,322.7598,0.0000,161.3799,0.0000,0.0000,-924.639,-3.884,-0.502,-394.857,0.0708,-0.0015,0.9927,
0.123,IMU,322.7598,0.0000,161.3799,0.0000,0.0000,-924.639,-3.914,-0.497,-394.870,0.0703,0.0005,1.0034,
0.133,ENC,322.7598,0.0000,161.3799,0.0000,0.0000,-924.639,-3.914,-0.497,-394.870,0.0703,0.0005,1.0034,
0.142,IMU,322.7598,0.0000,161.3799,0.0000,0.0000,-924.639,-3.906,-0.487,-394.899,0.0557,0.0020,0.9922,
0.152,ENC,322.7598,0.0000,161.3799,0.0000,0.0000,-924.639,-3.906,-0.487,-394.899,0.0557,0.0020,0.9922,
0.162,IMU,322.7598,0.0000,161.3799,0.0000,0.0000,-924.639,-3.857,-0.488,-394.926,0.0796,0.0005,0.9883,
0.172,ENC,322.7598,0.0000,161.3799,0.0000,0.0000,-924.639,-3.857,-0.488,-394.926,0.0796,0.0005,0.9883,
0.183,IMU,322.7598,0.0000,161.3799,0.0000,0.0000,-924.639,-3.868,-0.450,-394.911,0.0640,-0.0063,0.9985,
0.192,ENC,322.7598,0.0000,161.3799,0.0000,0.0000,-924.639,-3.868,-0.450,-394.911,0.0640,-0.0063,0.9985,
0.202,IMU,322.7598,0.0000,161.3799,0.0000,0.0000,-924.639,-3.893,-0.424,-394.931,0.0728,0.0005,0.9956,
0.213,ENC,322.7598,0.0000,161.3799,0.0000,0.0000,-924.639,-3.893,-0.424,-394.931,0.0728,0.0005,0.9956,
0.226,IMU,322.7598,0.0000,161.3799,0.0000,0.0000,-924.639,-3.865,-0.425,-394.921,0.0820,-0.0146,0.9990,
0.232,ENC,322.7598,0.0000,161.3799,0.0000,0.0000,-924.639,-3.865,-0.425,-394.921,0.0820,-0.0146,0.9990,
0.242,IMU,322.7598,0.0000,161.3799,0.0000,0.0000,-924.639,-3.905,-0.369,-394.921,0.0791,-0.0073,0.9878,
0.253,ENC,322.7598,0.0000,161.3799,0.0000,0.0000,-924.639,-3.905,-0.369,-394.921,0.0791,-0.0073,0.9878,
0.262,IMU,322.7598,0.0000,161.3799,0.0000,0.0000,-924.639,-3.917,-0.319,-394.927,0.0537,0.0044,0.9951,
0.272,ENC,322.7598,0.0000,161.3799,0.0000,0.0000,-924.639,-3.917,-0.319,-394.927,0.0537,0.0044,0.9951,
0.284,IMU,322.7598,0.0000,161.3799,0.0000,0.0000,-924.639,-3.886,-0.312,-394.936,0.0488,-0.0039,0.9863,
0.305,IMU,322.7598,0.0000,161.3799,0.0000,0.0000,-924.639,-3.844,-0.357,-394.931,0.0571,-0.0107,1.0161,
0.313,ENC,322.7598,0.0000,161.3799,0.0000,0.0000,-924.639,-3.844,-0.357,-394.931,0.0571,-0.0107,1.0161,
0.323,IMU,322.7598,0.0000,161.3799,0.0000,0.0000,-924.639,-3.819,-0.421,-394.913,0.0347,-0.0327,0.9751,
0.333,ENC,322.7598,0.0000,161.3799,0.0000,0.0000,-924.639,-3.819,-0.421,-394.913,0.0347,-0.0327,0.9751,
0.344,IMU,322.7598,0.0000,161.3799,0.0000,0.0000,-924.639,-3.817,-0.446,-394.823,0.0703,-0.0020,0.9653,
0.364,IMU,322.7598,0.0000,161.3799,0.0000,0.0000,-924.639,-3.693,-0.530,-394.748,-0.0156,-0.0854,1.0342,
0.372,ENC,322.7598,0.0000,161.3799,0.0000,0.0000,-924.639,-3.693,-0.530,-394.748,-0.0156,-0.0854,1.0342,
0.382,IMU,322.7598,0.0000,161.3799,0.0000,0.0000,-924.639,-3.664,-0.746,-394.651,0.0225,-0.2290,1.0654,
0.395,ENC,322.7615,0.0000,161.3807,0.0852,0.0000,-924.644,-3.664,-0.746,-394.651,0.0225,-0.2290,1.0654,
0.403,IMU,322.7615,0.0000,161.3807,0.0852,0.0000,-924.644,-3.648,-0.925,-394.316,0.0054,-0.1372,1.0229,
0.412,ENC,322.7666,0.0000,161.3833,0.2557,0.0000,-924.658,-3.648,-0.925,-394.316,0.0054,-0.1372,1.0229,
0.428,IMU,322.7666,0.0000,161.3833,0.2557,0.0000,-924.658,-3.682,-0.968,-394.043,0.1240,-0.0957,1.0366,
0.444,IMU,322.7666,0.0000,161.3833,0.2557,0.0000,-924.658,-3.687,-0.965,-393.826,0.0752,-0.0586,0.9502,
0.454,ENC,322.8211,0.0000,161.4106,1.3635,0.0000,-924.814,-3.687,-0.965,-393.826,0.0752,-0.0586,0.9502,
0.463,IMU,322.8211,0.0000,161.4106,1.3635,0.0000,-924.814,-3.798,-1.088,-393.628,0.1553,-0.1270,1.2505,
0.472,ENC,322.8774,0.0000,161.4387,2.8123,0.0000,-924.976,-3.798,-1.088,-393.628,0.1553,-0.1270,1.2505,
0.482,IMU,322.8774,0.0000,161.4387,2.8123,0.0000,-924.976,-3.805,-1.208,-393.469,0.0513,-0.1670,1.0742,
0.492,ENC,322.9251,0.0000,161.4626,2.3862,0.0000,-925.112,-3.805,-1.208,-393.469,0.0513,-0.1670,1.0742,
0.503,IMU,322.9251,0.0000,161.4626,2.3862,0.0000,-925.112,-3.722,-1.320,-393.277,-0.0293,-0.1675,0.9038,
0.512,ENC,322.9507,0.0000,161.4753,1.2783,0.0000,-925.186,-3.722,-1.320,-393.277,-0.0293,-0.1675,0.9038,
0.523,IMU,322.9507,0.0000,161.4753,1.2783,0.0000,-925.186,-3.702,-1.531,-392.971,0.0820,-0.1997,0.9307,
0.546,ENC,322.9814,0.0000,161.4907,1.5340,0.0000,-925.273,-3.702,-1.531,-392.971,0.0820,-0.1997,0.9307,
0.550,IMU,322.9814,0.0000,161.4907,1.5340,0.0000,-925.273,-3.729,-1.645,-392.640,0.1226,-0.1611,0.9761,
0.552,ENC,323.0120,0.0000,161.5060,1.5340,0.0000,-925.361,-3.729,-1.645,-392.640,0.1226,-0.1611,0.9761,
0.563,IMU,323.0120,0.0000,161.5060,1.5340,0.0000,-925.361,-3.741,-1.527,-392.284,0.0718,0.0303,1.0908,
0.573,ENC,323.0444,0.0000,161.5222,1.6192,0.0000,-925.454,-3.741,-1.527,-392.284,0.0718,0.0303,1.0908,
0.583,IMU,323.0444,0.0000,161.5222,1.6192,0.0000,-925.454,-3.875,-1.517,-391.999,0.2197,-0.0454,0.8989,
0.593,ENC,323.0717,0.0000,161.5358,1.3635,0.0000,-925.532,-3.875,-1.517,-391.999,0.2197,-0.0454,0.8989,
0.606,IMU,323.0717,0.0000,161.5358,1.3635,0.0000,-925.532,-3.923,-1.559,-391.716,0.0908,-0.0615,1.0273,
0.612,ENC,323.1075,0.0000,161.5537,1.7896,0.0000,-925.635,-3.923,-1.559,-391.716,0.0908,-0.0615,1.0273,
0.623,IMU,323.1075,0.0000,161.5537,1.7896,0.0000,-925.635,-3.862,-1.560,-391.423,-0.0103,-0.0435,1.1235,
0.633,ENC,323.1399,0.0000,161.5699,1.6192,0.0000,-925.728,-3.862,-1.560,-391.423,-0.0103,-0.0435,1.1235,
0.643,IMU,323.1399,0.0000,161.5699,1.6192,0.0000,-925.728,-3.868,-1.484,-391.141,0.0684,0.0015,1.0210,
0.652,ENC,323.1774,0.0000,161.5887,1.8749,0.0000,-925.835,-3.868,-1.484,-391.141,0.0684,0.0015,1.0210,
0.667,IMU,323.1774,0.0000,161.5887,1.8749,0.0000,-925.835,-3.803,-1.606,-390.880,0.0308,-0.1255,0.9019,
0.672,ENC,323.2166,0.0000,161.6083,1.9601,0.0000,-925.947,-3.803,-1.606,-390.880,0.0308,-0.1255,0.9019,
0.683,IMU,323.2166,0.0000,161.6083,1.9601,0.0000,-925.947,-3.640,-1.659,-390.557,-0.0767,-0.1128,1.0977,
0.692,ENC,323.2524,0.0000,161.6262,1.7896,0.0000,-926.050,-3.640,-1.659,-390.557,-0.0767,-0.1128,1.0977,
0.704,IMU,323.2524,0.0000,161.6262,1.7896,0.0000,-926.050,-3.502,-1.762,-390.281,-0.0923,-0.1182,1.2563,
0.713,ENC,323.2899,0.0000,161.6449,1.8749,0.0000,-926.157,-3.502,-1.762,-390.281,-0.0923,-0.1182,1.2563,
0.723,IMU,323.2899,0.0000,161.6449,1.8749,0.0000,-926.157,-3.576,-1.860,-389.983,0.0483,-0.1504,0.9229,
0.732,ENC,323.3291,0.0000,161.6645,1.9601,0.0000,-926.270,-3.576,-1.860,-389.983,0.0483,-0.1504,0.9229,
0.742,IMU,323.3291,0.0000,161.6645,1.9601,0.0000,-926.270,-3.607,-1.987,-389.689,0.1221,-0.1201,0.8091,
0.753,ENC,323.3717,0.0000,161.6858,2.1305,0.0000,-926.392,-3.607,-1.987,-389.689,0.1221,-0.1201,0.8091,
0.766,IMU,323.3717,0.0000,161.6858,2.1305,0.0000,-926.392,-3.662,-1.892,-389.411,0.0869,0.0513,0.9512,
0.773,ENC,323.4109,0.0000,161.7054,1.9601,0.0000,-926.504,-3.662,-1.892,-389.411,0.0869,0.0513,0.9512,
0.782,IMU,323.4109,0.0000,161.7054,1.9601,0.0000,-926.504,-3.747,-1.823,-389.077,0.1401,0.0005,0.7954,
0.793,ENC,323.4467,0.0000,161.7233,1.7896,0.0000,-926.606,-3.747,-1.823,-389.077,0.1401,0.0005,0.7954,
0.803,IMU,323.4467,0.0000,161.7233,1.7896,0.0000,-926.606,-3.882,-1.713,-388.759,0.1895,0.0576,0.9141,
0.812,ENC,323.4859,0.0000,161.7429,1.9601,0.0000,-926.719,-3.882,-1.713,-388.759,0.1895,0.0576,0.9141,
0.822,IMU,323.4859,0.0000,161.7429,1.9601,0.0000,-926.719,-3.794,-1.624,-388.443,-0.0298,0.0254,1.0464,
0.832,ENC,323.5251,0.0000,161.7625,1.9601,0.0000,-926.831,-3.794,-1.624,-388.443,-0.0298,0.0254,1.0464,
0.852,ENC,323.5592,0.0000,161.7796,1.7044,0.0000,-926.929,-3.794,-1.624,-388.443,-0.0298,0.0254,1.0464,
0.863,IMU,323.5592,0.0000,161.7796,1.7044,0.0000,-926.929,-3.771,-1.606,-387.850,0.0225,-0.0137,1.1133,
0.873,ENC,323.5915,0.0000,161.7958,1.6192,0.0000,-927.021,-3.771,-1.606,-387.850,0.0225,-0.0137,1.1133,
0.883,IMU,323.5915,0.0000,161.7958,1.6192,0.0000,-927.021,-3.715,-1.534,-387.467,-0.0015,-0.0259,0.9565,
0.892,ENC,323.6273,0.0000,161.8137,1.7896,0.0000,-927.124,-3.715,-1.534,-387.467,-0.0015,-0.0259,0.9565,
0.903,IMU,323.6273,0.0000,161.8137,1.7896,0.0000,-927.124,-3.703,-1.398,-387.138,0.0068,0.0698,1.1079,
0.913,ENC,323.6546,0.0000,161.8273,1.3635,0.0000,-927.202,-3.703,-1.398,-387.138,0.0068,0.0698,1.1079,
0.922,IMU,323.6546,0.0000,161.8273,1.3635,0.0000,-927.202,-3.804,-1.360,-386.769,0.1362,0.0327,0.9478,
0.932,ENC,323.6853,0.0000,161.8426,1.5340,0.0000,-927.290,-3.804,-1.360,-386.769,0.1362,0.0327,0.9478,
0.943,IMU,323.6853,0.0000,161.8426,1.5340,0.0000,-927.290,-3.834,-1.368,-386.417,0.0684,-0.0249,0.9604,
0.954,ENC,323.7126,0.0000,161.8563,1.3635,0.0000,-927.368,-3.834,-1.368,-386.417,0.0684,-0.0249,0.9604,
0.963,IMU,323.7126,0.0000,161.8563,1.3635,0.0000,-927.368,-3.790,-1.398,-386.072,0.0049,-0.0591,1.0688,
0.972,ENC,323.7347,0.0000,161.8674,1.1079,0.0000,-927.432,-3.790,-1.398,-386.072,0.0049,-0.0591,1.0688,
0.982,IMU,323.7347,0.0000,161.8674,1.1079,0.0000,-927.432,-3.767,-1.396,-385.751,0.0322,-0.0508,1.1060,
0.992,ENC,323.7483,0.0000,161.8742,0.6818,0.0000,-927.471,-3.767,-1.396,-385.751,0.0322,-0.0508,1.1060,
1.003,IMU,323.7483,0.0000,161.8742,0.6818,0.0000,-927.471,-3.797,-1.321,-385.353,0.1045,0.0620,1.0879,
1.012,ENC,323.7790,0.0000,161.8895,1.5340,0.0000,-927.559,-3.797,-1.321,-385.353,0.1045,0.0620,1.0879,
1.022,IMU,323.7790,0.0000,161.8895,1.5340,0.0000,-927.559,-3.769,-1.303,-385.015,0.0151,-0.0190,1.0469,
1.033,ENC,323.7995,0.0000,161.8997,1.0227,0.0000,-927.617,-3.769,-1.303,-385.015,0.0151,-0.0190,1.0469,
1.042,IMU,323.7995,0.0000,161.8997,1.0227,0.0000,-927.617,-3.656,-1.277,-384.726,-0.0249,-0.0117,1.0718,
1.052,ENC,323.8268,0.0000,161.9134,1.3635,0.0000,-927.695,-3.656,-1.277,-384.726,-0.0249,-0.0117,1.0718,
1.066,IMU,323.8268,0.0000,161.9134,1.3635,0.0000,-927.695,-3.725,-1.122,-384.396,0.1665,0.0903,0.8999,
1.072,ENC,323.8523,0.0000,161.9262,1.2783,0.0000,-927.769,-3.725,-1.122,-384.396,0.1665,0.0903,0.8999,
1.083,IMU,323.8523,0.0000,161.9262,1.2783,0.0000,-927.769,-3.709,-1.090,-384.055,0.0654,0.0278,0.9688,
1.092,ENC,323.8932,0.0000,161.9466,2.0453,0.0000,-927.886,-3.709,-1.090,-384.055,0.0654,0.0278,0.9688,
1.102,IMU,323.8932,0.0000,161.9466,2.0453,0.0000,-927.886,-3.704,-1.104,-383.698,0.0317,-0.0586,1.0840,
1.113,ENC,323.9341,0.0000,161.9671,2.0453,0.0000,-928.003,-3.704,-1.104,-383.698,0.0317,-0.0586,1.0840,
1.134,ENC,324.0006,0.0000,162.0003,3.3236,0.0000,-928.193,-3.704,-1.104,-383.698,0.0317,-0.0586,1.0840,
1.144,IMU,324.0006,0.0000,162.0003,3.3236,0.0000,-928.193,-3.836,-1.043,-383.237,0.0762,0.0630,1.2227,
1.155,ENC,324.0892,0.0000,162.0446,4.4315,0.0000,-928.447,-3.836,-1.043,-383.237,0.0762,0.0630,1.2227,
1.173,ENC,324.2034,0.0000,162.1017,5.7098,0.0000,-928.774,-3.836,-1.043,-383.237,0.0762,0.0630,1.2227,
1.182,IMU,324.2034,0.0000,162.1017,5.7098,0.0000,-928.774,-3.975,-1.106,-383.248,0.2241,-0.0571,0.9741,
1.193,ENC,324.3466,0.0000,162.1733,7.1586,0.0000,-929.185,-3.975,-1.106,-383.248,0.2241,-0.0571,0.9741,
1.203,IMU,324.3466,0.0000,162.1733,7.1586,0.0000,-929.185,-3.969,-1.058,-383.239,0.0293,0.0078,1.0557,
1.214,ENC,324.5068,0.0000,162.2534,8.0108,0.0000,-929.644,-3.969,-1.058,-383.239,0.0293,0.0078,1.0557,
1.222,IMU,324.5068,0.0000,162.2534,8.0108,0.0000,-929.644,-3.966,-1.093,-383.258,0.0933,-0.0571,1.0317,
1.233,ENC,324.6773,0.0000,162.3386,8.5221,0.0000,-930.132,-3.966,-1.093,-383.258,0.0933,-0.0571,1.0317,
1.243,IMU,324.6773,0.0000,162.3386,8.5221,0.0000,-930.132,-3.921,-1.093,-383.315,0.0776,-0.0132,0.9233,
1.252,ENC,324.8426,0.0000,162.4213,8.2665,0.0000,-930.605,-3.921,-1.093,-383.315,0.0776,-0.0132,0.9233,
1.263,IMU,324.8426,0.0000,162.4213,8.2665,0.0000,-930.605,-3.876,-1.189,-383.295,0.0342,-0.0679,0.9653,
1.273,ENC,325.0130,0.0000,162.5065,8.5221,0.0000,-931.094,-3.876,-1.189,-383.295,0.0342,-0.0679,0.9653,
1.282,IMU,325.0130,0.0000,162.5065,8.5221,0.0000,-931.094,-3.855,-1.242,-383.309,0.0176,-0.0635,0.9453,
1.293,ENC,325.1647,0.0000,162.5824,7.5847,0.0000,-931.528,-3.855,-1.242,-383.309,0.0176,-0.0635,0.9453,
1.302,IMU,325.1647,0.0000,162.5824,7.5847,0.0000,-931.528,-3.959,-1.229,-383.320,0.1191,-0.0112,0.9434,
1.312,ENC,325.3249,0.0000,162.6625,8.0108,0.0000,-931.987,-3.959,-1.229,-383.320,0.1191,-0.0112,0.9434,
1.323,IMU,325.3249,0.0000,162.6625,8.0108,0.0000,-931.987,-3.920,-1.168,-383.364,0.0347,0.0508,1.0254,
1.332,ENC,325.4852,0.0000,162.7426,8.0108,0.0000,-932.446,-3.920,-1.168,-383.364,0.0347,0.0508,1.0254,
1.342,IMU,325.4852,0.0000,162.7426,8.0108,0.0000,-932.446,-3.925,-1.077,-383.445,0.0610,0.0195,1.0215,
1.354,ENC,325.6539,0.0000,162.8269,8.4369,0.0000,-932.930,-3.925,-1.077,-383.445,0.0610,0.0195,1.0215,
1.364,IMU,325.6539,0.0000,162.8269,8.4369,0.0000,-932.930,-3.937,-0.997,-383.493,0.0996,0.0317,0.9712,
1.372,ENC,325.8107,0.0000,162.9054,7.8403,0.0000,-933.379,-3.937,-0.997,-383.493,0.0996,0.0317,0.9712,
1.382,IMU,325.8107,0.0000,162.9054,7.8403,0.0000,-933.379,-3.963,-0.958,-383.586,0.0620,0.0068,1.0913,
1.392,ENC,325.9760,0.0000,162.9880,8.2665,0.0000,-933.853,-3.963,-0.958,-383.586,0.0620,0.0068,1.0913,
1.403,IMU,325.9760,0.0000,162.9880,8.2665,0.0000,-933.853,-3.948,-1.044,-383.698,0.0840,-0.0479,0.8936,
1.413,ENC,326.1482,0.0000,163.0741,8.6073,0.0000,-934.346,-3.948,-1.044,-383.698,0.0840,-0.0479,0.8936,
1.422,IMU,326.1482,0.0000,163.0741,8.6073,0.0000,-934.346,-3.927,-1.130,-383.716,0.0723,-0.0303,1.0684,
1.434,ENC,326.3169,0.0000,163.1585,8.4369,0.0000,-934.829,-3.927,-1.130,-383.716,0.0723,-0.0303,1.0684,
1.442,IMU,326.3169,0.0000,163.1585,8.4369,0.0000,-934.829,-3.984,-1.071,-383.756,0.1128,0.0415,1.0083,
1.452,ENC,326.4703,0.0000,163.2352,7.6699,0.0000,-935.269,-3.984,-1.071,-383.756,0.1128,0.0415,1.0083,
1.463,IMU,326.4703,0.0000,163.2352,7.6699,0.0000,-935.269,-3.871,-1.138,-383.798,-0.0815,-0.1016,1.0737,
1.472,ENC,326.6305,0.0000,163.3153,8.0108,0.0000,-935.728,-3.871,-1.138,-383.798,-0.0815,-0.1016,1.0737,
1.483,IMU,326.6305,0.0000,163.3153,8.0108,0.0000,-935.728,-3.758,-1.212,-383.760,-0.0674,-0.0693,0.9971,
1.506,IMU,326.6305,0.0000,163.3153,8.0108,0.0000,-935.728,-3.882,-1.007,-383.789,0.1450,0.1235,0.9580,
1.514,ENC,326.9510,0.0000,163.4755,8.0108,0.0000,-936.646,-3.882,-1.007,-383.789,0.1450,0.1235,0.9580,
1.524,IMU,326.9510,0.0000,163.4755,8.0108,0.0000,-936.646,-3.845,-0.864,-383.820,0.0791,0.0869,0.9580,
1.532,ENC,327.1146,0.0000,163.5573,8.1812,0.0000,-937.114,-3.845,-0.864,-383.820,0.0791,0.0869,0.9580,
1.542,IMU,327.1146,0.0000,163.5573,8.1812,0.0000,-937.114,-3.715,-0.935,-383.874,-0.0225,-0.0498,1.0420,
1.552,ENC,327.2867,0.0000,163.6434,8.6073,0.0000,-937.607,-3.715,-0.935,-383.874,-0.0225,-0.0498,1.0420,
1.568,IMU,327.2867,0.0000,163.6434,8.6073,0.0000,-937.607,-3.748,-0.960,-383.892,0.0659,-0.0205,1.0283,
1.572,ENC,327.4708,0.0000,163.7354,9.2039,0.0000,-938.135,-3.748,-0.960,-383.892,0.0659,-0.0205,1.0283,
1.582,IMU,327.4708,0.0000,163.7354,9.2039,0.0000,-938.135,-3.680,-1.033,-383.993,-0.0059,-0.0884,1.0718,
1.592,ENC,327.6600,-0.2182,163.7209,9.4595,-10.9083,-939.302,-3.680,-1.033,-383.993,-0.0059,-0.0884,1.0718,
1.602,IMU,327.6600,-0.2182,163.7209,9.4595,-10.9083,-939.302,-3.635,-1.074,-384.120,0.0425,-0.0327,0.9961,
1.615,ENC,327.8594,0.0000,163.9297,9.9709,10.9083,-939.248,-3.635,-1.074,-384.120,0.0425,-0.0327,0.9961,
1.623,IMU,327.8594,0.0000,163.9297,9.9709,10.9083,-939.248,-3.601,-1.156,-384.261,0.0293,-0.0635,0.9561,
1.632,ENC,328.0639,0.0000,164.0320,10.2265,0.0000,-939.834,-3.601,-1.156,-384.261,0.0293,-0.0635,0.9561,
1.642,IMU,328.0639,0.0000,164.0320,10.2265,0.0000,-939.834,-3.567,-1.173,-384.429,-0.0498,-0.0503,1.1265,
1.652,ENC,328.2787,0.0000,164.1394,10.7379,0.0000,-940.449,-3.567,-1.173,-384.429,-0.0498,-0.0503,1.1265,
1.666,IMU,328.2787,0.0000,164.1394,10.7379,0.0000,-940.449,-3.541,-1.213,-384.579,0.0679,0.0088,1.0171,
1.672,ENC,328.4866,0.0000,164.2433,10.3970,0.0000,-941.045,-3.541,-1.213,-384.579,0.0679,0.0088,1.0171,
1.684,IMU,328.4866,0.0000,164.2433,10.3970,0.0000,-941.045,-3.497,-1.169,-384.707,0.0293,0.0244,0.9966,
1.692,ENC,328.6827,0.0000,164.3413,9.8004,0.0000,-941.606,-3.497,-1.169,-384.707,0.0293,0.0244,0.9966,
1.703,IMU,328.6827,0.0000,164.3413,9.8004,0.0000,-941.606,-3.433,-1.206,-384.865,0.0156,-0.0547,0.9238,
1.713,ENC,328.8701,0.0000,164.4351,9.3743,0.0000,-942.144,-3.433,-1.206,-384.865,0.0156,-0.0547,0.9238,
1.723,IMU,328.8701,0.0000,164.4351,9.3743,0.0000,-942.144,-3.526,-1.209,-384.953,0.1299,-0.0439,0.9995,
1.732,ENC,329.0423,0.0000,164.5211,8.6073,0.0000,-942.637,-3.526,-1.209,-384.953,0.1299,-0.0439,0.9995,
1.742,IMU,329.0423,0.0000,164.5211,8.6073,0.0000,-942.637,-3.515,-1.269,-385.053,0.0869,-0.0723,1.1284,
1.752,ENC,329.2247,0.0000,164.6123,9.1187,0.0000,-943.159,-3.515,-1.269,-385.053,0.0869,-0.0723,1.1284,
1.762,IMU,329.2247,0.0000,164.6123,9.1187,0.0000,-943.159,-3.482,-1.127,-385.135,0.0122,0.0693,0.9917,
1.775,ENC,329.3764,0.0000,164.6882,7.5847,0.0000,-943.594,-3.482,-1.127,-385.135,0.0122,0.0693,0.9917,
1.782,IMU,329.3764,0.0000,164.6882,7.5847,0.0000,-943.594,-3.443,-1.058,-385.256,0.0190,0.0405,0.9321,
1.793,ENC,329.5383,0.0000,164.7691,8.0960,0.0000,-944.058,-3.443,-1.058,-385.256,0.0190,0.0405,0.9321,
1.802,IMU,329.5383,0.0000,164.7691,8.0960,0.0000,-944.058,-3.472,-0.882,-385.297,0.0698,0.1011,0.9209,
1.822,IMU,329.5383,0.0000,164.7691,8.0960,0.0000,-944.058,-3.562,-0.756,-385.305,0.1299,0.0840,0.9019,
1.832,ENC,329.7939,0.0000,164.8970,6.3916,0.0000,-944.790,-3.562,-0.756,-385.305,0.1299,0.0840,0.9019,
1.842,IMU,329.7939,0.0000,164.8970,6.3916,0.0000,-944.790,-3.509,-0.672,-385.299,0.0259,0.0806,1.0063,
1.852,ENC,329.9030,0.0000,164.9515,5.4542,0.0000,-945.103,-3.509,-0.672,-385.299,0.0259,0.0806,1.0063,
1.863,IMU,329.9030,0.0000,164.9515,5.4542,0.0000,-945.103,-3.541,-0.640,-385.336,0.0566,0.0669,1.0049,
1.872,ENC,329.9899,0.0000,164.9950,4.3463,0.0000,-945.352,-3.541,-0.640,-385.336,0.0566,0.0669,1.0049,
1.882,IMU,329.9899,0.0000,164.9950,4.3463,0.0000,-945.352,-3.568,-0.565,-385.384,0.0869,0.0503,1.0425,
1.892,ENC,330.0854,0.0000,165.0427,4.7724,0.0000,-945.625,-3.568,-0.565,-385.384,0.0869,0.0503,1.0425,
1.906,IMU,330.0854,0.0000,165.0427,4.7724,0.0000,-945.625,-3.621,-0.484,-385.393,0.1099,0.0684,1.0132,
1.913,ENC,330.1655,0.0000,165.0828,4.0054,0.0000,-945.854,-3.621,-0.484,-385.393,0.1099,0.0684,1.0132,
1.922,IMU,330.1655,0.0000,165.0828,4.0054,0.0000,-945.854,-3.722,-0.384,-385.431,0.1626,0.0669,0.9976,
1.933,ENC,330.2473,0.0000,165.1237,4.0906,0.0000,-946.089,-3.722,-0.384,-385.431,0.1626,0.0669,0.9976,
1.943,IMU,330.2473,0.0000,165.1237,4.0906,0.0000,-946.089,-3.742,-0.359,-385.598,0.0635,0.0381,1.0259,
1.954,ENC,330.3308,0.0000,165.1654,4.1758,0.0000,-946.328,-3.742,-0.359,-385.598,0.0635,0.0381,1.0259,
1.964,IMU,330.3308,0.0000,165.1654,4.1758,0.0000,-946.328,-3.859,-0.193,-385.796,0.1187,0.1201,1.0088,
1.972,ENC,330.4195,0.0000,165.2097,4.4315,0.0000,-946.582,-3.859,-0.193,-385.796,0.1187,0.1201,1.0088,
1.983,IMU,330.4195,0.0000,165.2097,4.4315,0.0000,-946.582,-3.902,-0.178,-385.991,0.0967,0.0493,0.9810,
1.993,ENC,330.5013,0.0000,165.2506,4.0906,0.0000,-946.816,-3.902,-0.178,-385.991,0.0967,0.0493,0.9810,
2.003,IMU,330.5013,0.0000,165.2506,4.0906,0.0000,-946.816,-3.889,-0.227,-386.206,0.0610,0.0010,0.9688,
2.012,ENC,330.5797,-0.2182,165.1808,3.9202,-10.9083,-947.666,-3.889,-0.227,-386.206,0.0610,0.0010,0.9688,
2.053,ENC,330.7297,0.0000,165.3648,3.7497,5.4542,-947.471,-3.889,-0.227,-386.206,0.0610,0.0010,0.9688,
2.063,IMU,330.7297,0.0000,165.3648,3.7497,5.4542,-947.471,-3.868,-0.160,-386.878,0.0996,-0.0068,0.9688,
2.073,ENC,330.8030,0.0000,165.4015,3.6645,0.0000,-947.681,-3.868,-0.160,-386.878,0.0996,-0.0068,0.9688,
2.082,IMU,330.8030,0.0000,165.4015,3.6645,0.0000,-947.681,-3.950,-0.112,-387.041,0.1021,0.0078,1.0088,
2.092,ENC,330.8711,0.0000,165.4356,3.4088,0.0000,-947.876,-3.950,-0.112,-387.041,0.1021,0.0078,1.0088,
2.103,IMU,330.8711,0.0000,165.4356,3.4088,0.0000,-947.876,-3.970,-0.110,-387.296,0.1025,0.0054,0.9873,
2.115,ENC,330.9461,0.0000,165.4731,3.7497,0.0000,-948.091,-3.970,-0.110,-387.296,0.1025,0.0054,0.9873,
2.122,IMU,330.9461,0.0000,165.4731,3.7497,0.0000,-948.091,-3.949,-0.077,-387.517,0.0562,0.0239,1.0283,
2.136,ENC,331.0245,0.0000,165.5123,3.9202,0.0000,-948.315,-3.949,-0.077,-387.517,0.0562,0.0239,1.0283,
2.152,ENC,331.0944,0.0000,165.5472,3.4941,0.0000,-948.516,-3.949,-0.077,-387.517,0.0562,0.0239,1.0283,
2.164,IMU,331.0944,0.0000,165.5472,3.4941,0.0000,-948.516,-3.860,-0.124,-387.895,0.0728,-0.0752,0.9741,
2.183,IMU,331.0944,0.0000,165.5472,3.4941,0.0000,-948.516,-3.897,-0.152,-388.138,0.0903,-0.0342,0.9907,
2.193,ENC,331.2308,0.2045,165.7176,3.4088,5.1133,-948.320,-3.897,-0.152,-388.138,0.0903,-0.0342,0.9907,
2.203,IMU,331.2308,0.2045,165.7176,3.4088,5.1133,-948.320,-3.847,-0.097,-388.347,0.0522,0.0146,0.9517,
2.212,ENC,331.3024,0.0000,165.6512,3.5793,-10.2265,-949.111,-3.847,-0.097,-388.347,0.0522,0.0146,0.9517,
2.226,IMU,331.3024,0.0000,165.6512,3.5793,-10.2265,-949.111,-3.809,-0.167,-388.530,0.0151,-0.0176,1.0225,
2.232,ENC,331.3688,0.0000,165.6844,3.3236,0.0000,-949.302,-3.809,-0.167,-388.530,0.0151,-0.0176,1.0225,
2.244,IMU,331.3688,0.0000,165.6844,3.3236,0.0000,-949.302,-3.849,-0.143,-388.715,0.0962,0.0103,0.9927,
2.252,ENC,331.4404,0.0000,165.7202,3.5793,0.0000,-949.507,-3.849,-0.143,-388.715,0.0962,0.0103,0.9927,
2.263,IMU,331.4404,0.0000,165.7202,3.5793,0.0000,-949.507,-3.814,-0.177,-388.944,0.0020,-0.0317,0.9976,
2.272,ENC,331.5120,0.0000,165.7560,3.5793,0.0000,-949.712,-3.814,-0.177,-388.944,0.0020,-0.0317,0.9976,
2.283,IMU,331.5120,0.0000,165.7560,3.5793,0.0000,-949.712,-3.841,-0.198,-389.164,0.0503,-0.0293,0.9678,
2.297,ENC,331.5785,0.0000,165.7892,3.3236,0.0000,-949.902,-3.841,-0.198,-389.164,0.0503,-0.0293,0.9678,
2.302,IMU,331.5785,0.0000,165.7892,3.3236,0.0000,-949.902,-3.799,-0.244,-389.342,0.0498,-0.0391,1.0122,
2.312,ENC,331.6501,0.0000,165.8250,3.5793,0.0000,-950.107,-3.799,-0.244,-389.342,0.0498,-0.0391,1.0122,
2.323,IMU,331.6501,0.0000,165.8250,3.5793,0.0000,-950.107,-3.730,-0.224,-389.535,0.0127,-0.0068,1.0508,
2.332,ENC,331.7165,0.0000,165.8583,3.3236,0.0000,-950.298,-3.730,-0.224,-389.535,0.0127,-0.0068,1.0508,
2.342,IMU,331.7165,0.0000,165.8583,3.3236,0.0000,-950.298,-3.764,-0.218,-389.720,0.1230,0.0015,0.9253,
2.352,ENC,331.7830,0.0000,165.8915,3.3236,0.0000,-950.488,-3.764,-0.218,-389.720,0.1230,0.0015,0.9253,
2.383,IMU,331.7830,0.0000,165.8915,3.3236,0.0000,-950.488,-3.862,-0.253,-390.129,0.0327,0.0034,1.0366,
2.392,ENC,331.9108,0.0000,165.9554,3.1958,0.0000,-950.854,-3.862,-0.253,-390.129,0.0327,0.0034,1.0366,
2.413,ENC,331.9756,0.0000,165.9878,3.2384,0.0000,-951.040,-3.862,-0.253,-390.129,0.0327,0.0034,1.0366,
2.424,IMU,331.9756,0.0000,165.9878,3.2384,0.0000,-951.040,-3.804,-0.298,-390.509,0.0146,-0.0171,1.0464,
2.432,ENC,332.0370,0.0000,166.0185,3.0680,0.0000,-951.216,-3.804,-0.298,-390.509,0.0146,-0.0171,1.0464,
2.444,IMU,332.0370,0.0000,166.0185,3.0680,0.0000,-951.216,-3.808,-0.277,-390.744,0.0864,0.0259,0.9990,
2.453,ENC,332.1000,0.0000,166.0500,3.1532,0.0000,-951.396,-3.808,-0.277,-390.744,0.0864,0.0259,0.9990,
2.462,IMU,332.1000,0.0000,166.0500,3.1532,0.0000,-951.396,-3.864,-0.206,-391.022,0.1172,0.0435,0.9434,
2.472,ENC,332.1750,0.0000,166.0875,3.7497,0.0000,-951.611,-3.864,-0.206,-391.022,0.1172,0.0435,0.9434,
2.504,IMU,332.1750,0.0000,166.0875,3.7497,0.0000,-951.611,-3.912,-0.280,-391.647,0.0640,-0.0723,0.9604,
2.514,ENC,332.3438,0.0000,166.1719,4.2184,0.0000,-952.095,-3.912,-0.280,-391.647,0.0640,-0.0723,0.9604,
2.523,IMU,332.3438,0.0000,166.1719,4.2184,0.0000,-952.095,-3.937,-0.297,-392.034,0.0674,-0.0469,0.9722,
2.533,ENC,332.4307,0.0000,166.2153,4.3463,0.0000,-952.344,-3.937,-0.297,-392.034,0.0674,-0.0469,0.9722,
2.543,IMU,332.4307,0.0000,166.2153,4.3463,0.0000,-952.344,-3.944,-0.461,-392.341,0.0693,-0.1265,0.9463,
2.553,ENC,332.5176,0.0000,166.2588,4.3463,0.0000,-952.593,-3.944,-0.461,-392.341,0.0693,-0.1265,0.9463,
2.563,IMU,332.5176,0.0000,166.2588,4.3463,0.0000,-952.593,-3.969,-0.534,-392.696,0.0801,-0.0425,1.0669,
2.576,ENC,332.6131,0.0000,166.3065,4.7724,0.0000,-952.866,-3.969,-0.534,-392.696,0.0801,-0.0425,1.0669,
2.583,IMU,332.6131,0.0000,166.3065,4.7724,0.0000,-952.866,-3.932,-0.622,-393.043,-0.0078,-0.0649,1.0737,
2.592,ENC,332.7102,0.0000,166.3551,4.8576,0.0000,-953.145,-3.932,-0.622,-393.043,-0.0078,-0.0649,1.0737,
2.604,IMU,332.7102,0.0000,166.3551,4.8576,0.0000,-953.145,-3.916,-0.666,-393.422,0.0278,0.0132,1.0381,
2.612,ENC,332.8074,0.0000,166.4037,4.8576,0.0000,-953.423,-3.916,-0.666,-393.422,0.0278,0.0132,1.0381,
2.624,IMU,332.8074,0.0000,166.4037,4.8576,0.0000,-953.423,-3.897,-0.704,-393.831,0.1226,0.0049,1.0059,
2.632,ENC,332.9113,0.0000,166.4557,5.1985,0.0000,-953.721,-3.897,-0.704,-393.831,0.1226,0.0049,1.0059,
2.643,IMU,332.9113,0.0000,166.4557,5.1985,0.0000,-953.721,-3.906,-0.743,-394.209,0.0684,-0.0068,0.9619,
2.653,ENC,333.0085,0.0000,166.5042,4.8576,0.0000,-953.999,-3.906,-0.743,-394.209,0.0684,-0.0068,0.9619,
2.663,IMU,333.0085,0.0000,166.5042,4.8576,0.0000,-953.999,-3.832,-0.739,-394.587,0.0220,0.0107,1.0757,
2.672,ENC,333.1142,0.0000,166.5571,5.2837,0.0000,-954.302,-3.832,-0.739,-394.587,0.0220,0.0107,1.0757,
2.683,IMU,333.1142,0.0000,166.5571,5.2837,0.0000,-954.302,-3.815,-0.790,-395.044,0.0698,-0.0293,0.9771,
2.692,ENC,333.2130,0.0000,166.6065,4.9428,0.0000,-954.585,-3.815,-0.790,-395.044,0.0698,-0.0293,0.9771,
2.713,ENC,333.3153,0.0000,166.6576,5.1133,0.0000,-954.878,-3.815,-0.790,-395.044,0.0698,-0.0293,0.9771,
2.717,IMU,333.3153,0.0000,166.6576,5.1133,0.0000,-954.878,-3.739,-0.760,-395.489,0.0229,0.0376,1.1245,
2.735,ENC,333.4124,0.0000,166.7062,4.8576,0.0000,-955.156,-3.739,-0.760,-395.489,0.0229,0.0376,1.1245,
2.747,IMU,333.4124,0.0000,166.7062,4.8576,0.0000,-955.156,-3.691,-0.796,-396.340,0.0396,0.0337,1.0659,
2.752,ENC,333.5130,0.0000,166.7565,5.0280,0.0000,-955.444,-3.691,-0.796,-396.340,0.0396,0.0337,1.0659,
2.764,IMU,333.5130,0.0000,166.7565,5.0280,0.0000,-955.444,-3.733,-0.731,-396.764,0.1206,0.0791,1.0000,
2.772,ENC,333.6101,0.0000,166.8051,4.8576,0.0000,-955.723,-3.733,-0.731,-396.764,0.1206,0.0791,1.0000,
2.792,IMU,333.6101,0.0000,166.8051,4.8576,0.0000,-955.723,-3.670,-0.737,-397.122,0.0405,-0.0020,0.9893,
2.793,ENC,333.7090,0.0000,166.8545,4.9428,0.0000,-956.006,-3.670,-0.737,-397.122,0.0405,-0.0020,0.9893,
2.803,IMU,333.7090,0.0000,166.8545,4.9428,0.0000,-956.006,-3.611,-0.854,-397.546,0.0249,-0.1060,0.9961,
2.813,ENC,333.8096,0.0000,166.9048,5.0280,0.0000,-956.294,-3.611,-0.854,-397.546,0.0249,-0.1060,0.9961,
2.823,IMU,333.8096,0.0000,166.9048,5.0280,0.0000,-956.294,-3.600,-0.970,-397.932,0.0449,-0.0718,1.0601,
2.833,ENC,333.9033,0.0000,166.9517,4.6872,0.0000,-956.562,-3.600,-0.970,-397.932,0.0449,-0.0718,1.0601,
2.843,IMU,333.9033,0.0000,166.9517,4.6872,0.0000,-956.562,-3.599,-1.057,-398.273,0.0015,-0.0449,1.0630,
2.853,ENC,334.0022,0.0000,167.0011,4.9428,0.0000,-956.846,-3.599,-1.057,-398.273,0.0015,-0.0449,1.0630,
2.862,IMU,334.0022,0.0000,167.0011,4.9428,0.0000,-956.846,-3.669,-1.012,-398.663,0.1533,0.0327,1.0176,
2.872,ENC,334.1010,0.0000,167.0505,4.9428,0.0000,-957.129,-3.669,-1.012,-398.663,0.1533,0.0327,1.0176,
2.883,IMU,334.1010,0.0000,167.0505,4.9428,0.0000,-957.129,-3.719,-0.974,-399.025,0.1030,0.0205,1.1162,
2.892,ENC,334.1982,0.0000,167.0991,4.8576,0.0000,-957.407,-3.719,-0.974,-399.025,0.1030,0.0205,1.1162,
2.906,IMU,334.1982,0.0000,167.0991,4.8576,0.0000,-957.407,-3.714,-0.965,-399.433,0.0151,0.0137,1.0669,
2.913,ENC,334.3038,0.0000,167.1519,5.2837,0.0000,-957.710,-3.714,-0.965,-399.433,0.0151,0.0137,1.0669,
2.923,IMU,334.3038,0.0000,167.1519,5.2837,0.0000,-957.710,-3.723,-0.930,-399.791,0.0815,-0.0044,0.9854,
2.938,ENC,334.4061,0.0000,167.2031,5.1133,0.0000,-958.003,-3.723,-0.930,-399.791,0.0815,-0.0044,0.9854,
2.943,IMU,334.4061,0.0000,167.2031,5.1133,0.0000,-958.003,-3.673,-1.019,-400.232,0.0181,-0.0967,1.0107,
2.955,ENC,334.5067,0.0000,167.2533,5.0280,0.0000,-958.291,-3.673,-1.019,-400.232,0.0181,-0.0967,1.0107,
2.963,IMU,334.5067,0.0000,167.2533,5.0280,0.0000,-958.291,-3.649,-1.021,-400.622,0.0410,-0.0449,1.0083,
2.972,ENC,334.6055,0.0000,167.3028,4.9428,0.0000,-958.574,-3.649,-1.021,-400.622,0.0410,-0.0449,1.0083,
2.983,IMU,334.6055,0.0000,167.3028,4.9428,0.0000,-958.574,-3.599,-1.044,-401.018,-0.0098,-0.0327,1.1123,
2.992,ENC,334.7163,0.0000,167.3582,5.5394,0.0000,-958.892,-3.599,-1.044,-401.018,-0.0098,-0.0327,1.1123,
3.004,IMU,334.7163,0.0000,167.3582,5.5394,0.0000,-958.892,-3.589,-1.199,-401.380,0.0752,-0.0835,0.8721,
3.012,ENC,334.8152,0.0000,167.4076,4.9428,0.0000,-959.175,-3.589,-1.199,-401.380,0.0752,-0.0835,0.8721,
3.022,IMU,334.8152,0.0000,167.4076,4.9428,0.0000,-959.175,-3.626,-1.193,-401.762,0.0908,-0.0142,0.9390,
3.035,ENC,334.9174,0.0000,167.4587,5.1133,0.0000,-959.468,-3.626,-1.193,-401.762,0.0908,-0.0142,0.9390,
3.043,IMU,334.9174,0.0000,167.4587,5.1133,0.0000,-959.468,-3.673,-1.258,-402.210,0.0806,-0.0576,0.9209,
3.052,ENC,335.0248,0.0000,167.5124,5.3689,0.0000,-959.775,-3.673,-1.258,-402.210,0.0806,-0.0576,0.9209,
3.062,IMU,335.0248,0.0000,167.5124,5.3689,0.0000,-959.775,-3.698,-1.265,-402.614,0.0771,-0.0010,0.9790,
3.072,ENC,335.1305,0.0000,167.5652,5.2837,0.0000,-960.078,-3.698,-1.265,-402.614,0.0771,-0.0010,0.9790,
3.083,IMU,335.1305,0.0000,167.5652,5.2837,0.0000,-960.078,-3.691,-1.288,-402.947,0.0312,-0.0293,0.9746,
3.093,ENC,335.2310,-0.2045,167.5133,5.0280,-10.2265,-960.952,-3.691,-1.288,-402.947,0.0312,-0.0293,0.9746,
3.103,IMU,335.2310,-0.2045,167.5133,5.0280,-10.2265,-960.952,-3.623,-1.401,-403.349,-0.0190,-0.0562,1.0308,
3.114,ENC,335.3299,0.0000,167.6650,4.9428,10.2265,-960.649,-3.623,-1.401,-403.349,-0.0190,-0.0562,1.0308,
3.123,IMU,335.3299,0.0000,167.6650,4.9428,10.2265,-960.649,-3.612,-1.532,-403.728,0.0811,-0.0942,0.9336,
3.143,IMU,335.3299,0.0000,167.6650,4.9428,10.2265,-960.649,-3.632,-1.569,-404.088,0.0547,-0.0200,1.0679,
3.154,ENC,335.5242,0.0000,167.7621,4.8576,0.0000,-961.206,-3.632,-1.569,-404.088,0.0547,-0.0200,1.0679,
3.164,IMU,335.5242,0.0000,167.7621,4.8576,0.0000,-961.206,-3.507,-1.658,-404.445,-0.0415,-0.0591,1.0312,
3.172,ENC,335.6197,0.0000,167.8098,4.7724,0.0000,-961.479,-3.507,-1.658,-404.445,-0.0415,-0.0591,1.0312,
3.185,IMU,335.6197,0.0000,167.8098,4.7724,0.0000,-961.479,-3.618,-1.690,-404.803,0.1089,-0.0264,0.9033,
3.192,ENC,335.7100,0.0000,167.8550,4.5167,0.0000,-961.738,-3.618,-1.690,-404.803,0.1089,-0.0264,0.9033,
3.202,IMU,335.7100,0.0000,167.8550,4.5167,0.0000,-961.738,-3.632,-1.629,-405.224,0.1113,0.0464,0.9351,
3.213,ENC,335.7952,0.0000,167.8976,4.2611,0.0000,-961.982,-3.632,-1.629,-405.224,0.1113,0.0464,0.9351,
3.223,IMU,335.7952,0.0000,167.8976,4.2611,0.0000,-961.982,-3.634,-1.595,-405.597,0.0605,0.0420,0.9683,
3.232,ENC,335.8787,0.0000,167.9394,4.1758,0.0000,-962.222,-3.634,-1.595,-405.597,0.0605,0.0420,0.9683,
3.244,IMU,335.8787,0.0000,167.9394,4.1758,0.0000,-962.222,-3.641,-1.688,-406.022,0.0938,-0.0981,1.0103,
3.252,ENC,335.9691,0.0000,167.9845,4.5167,0.0000,-962.480,-3.641,-1.688,-406.022,0.0938,-0.0981,1.0103,
3.264,IMU,335.9691,0.0000,167.9845,4.5167,0.0000,-962.480,-3.782,-1.719,-406.390,0.1519,-0.0405,0.8765,
3.272,ENC,336.0560,0.0000,168.0280,4.3463,0.0000,-962.729,-3.782,-1.719,-406.390,0.1519,-0.0405,0.8765,
3.282,IMU,336.0560,0.0000,168.0280,4.3463,0.0000,-962.729,-3.760,-1.715,-406.788,0.0439,0.0117,1.0669,
3.292,ENC,336.1463,0.0000,168.0732,4.5167,0.0000,-962.988,-3.760,-1.715,-406.788,0.0439,0.0117,1.0669,
3.303,IMU,336.1463,0.0000,168.0732,4.5167,0.0000,-962.988,-3.841,-1.742,-407.209,0.1870,-0.0405,0.8877,
3.317,ENC,336.2401,0.0000,168.1200,4.6872,0.0000,-963.257,-3.841,-1.742,-407.209,0.1870,-0.0405,0.8877,
3.322,IMU,336.2401,0.0000,168.1200,4.6872,0.0000,-963.257,-3.816,-1.770,-407.564,0.0254,-0.0459,1.0210,
3.333,ENC,336.3304,0.0000,168.1652,4.5167,0.0000,-963.516,-3.816,-1.770,-407.564,0.0254,-0.0459,1.0210,
3.343,IMU,336.3304,0.0000,168.1652,4.5167,0.0000,-963.516,-3.849,-1.766,-407.915,0.0972,-0.0068,0.9575,
3.353,ENC,336.4224,0.0000,168.2112,4.6019,0.0000,-963.779,-3.849,-1.766,-407.915,0.0972,-0.0068,0.9575,
3.362,IMU,336.4224,0.0000,168.2112,4.6019,0.0000,-963.779,-3.810,-1.768,-408.324,0.0044,-0.0337,0.9849,
3.374,ENC,336.5043,0.0000,168.2521,4.0906,0.0000,-964.014,-3.810,-1.768,-408.324,0.0044,-0.0337,0.9849,
3.384,IMU,336.5043,0.0000,168.2521,4.0906,0.0000,-964.014,-3.806,-1.839,-408.690,0.0435,-0.0605,1.0151,
3.392,ENC,336.5912,0.0000,168.2956,4.3463,0.0000,-964.263,-3.806,-1.839,-408.690,0.0435,-0.0605,1.0151,
3.402,IMU,336.5912,0.0000,168.2956,4.3463,0.0000,-964.263,-3.824,-1.836,-409.038,0.0913,-0.0400,1.0000,
3.413,ENC,336.6832,0.0000,168.3416,4.6019,0.0000,-964.526,-3.824,-1.836,-409.038,0.0913,-0.0400,1.0000,
3.422,IMU,336.6832,0.0000,168.3416,4.6019,0.0000,-964.526,-3.780,-1.771,-409.349,0.0229,0.0171,0.9448,
3.433,ENC,336.7701,0.0000,168.3851,4.3463,0.0000,-964.775,-3.780,-1.771,-409.349,0.0229,0.0171,0.9448,
3.442,IMU,336.7701,0.0000,168.3851,4.3463,0.0000,-964.775,-3.662,-1.762,-409.709,0.0142,0.0054,0.9336,
3.453,ENC,336.8520,0.0000,168.4260,4.0906,0.0000,-965.010,-3.662,-1.762,-409.709,0.0142,0.0054,0.9336,
3.464,IMU,336.8520,0.0000,168.4260,4.0906,0.0000,-965.010,-3.699,-1.840,-410.108,0.0840,-0.0156,0.9609,
3.474,ENC,336.9389,0.0000,168.4694,4.3463,0.0000,-965.259,-3.699,-1.840,-410.108,0.0840,-0.0156,0.9609,
3.483,IMU,336.9389,0.0000,168.4694,4.3463,0.0000,-965.259,-3.716,-1.793,-410.474,0.0747,0.0200,1.0151,
3.492,ENC,337.0258,0.0000,168.5129,4.3463,0.0000,-965.508,-3.716,-1.793,-410.474,0.0747,0.0200,1.0151,
3.503,IMU,337.0258,0.0000,168.5129,4.3463,0.0000,-965.508,-3.766,-1.720,-410.800,0.0942,0.0532,0.9692,
3.512,ENC,337.1315,0.0000,168.5657,5.2837,0.0000,-965.811,-3.766,-1.720,-410.800,0.0942,0.0532,0.9692,
3.523,IMU,337.1315,0.0000,168.5657,5.2837,0.0000,-965.811,-3.701,-1.729,-411.191,0.0356,-0.0005,1.0132,
3.532,ENC,337.2320,0.0000,168.6160,5.0280,0.0000,-966.099,-3.701,-1.729,-411.191,0.0356,-0.0005,1.0132,
3.544,IMU,337.2320,0.0000,168.6160,5.0280,0.0000,-966.099,-3.784,-1.809,-411.564,0.1045,-0.0781,0.9663,
3.565,IMU,337.2320,0.0000,168.6160,5.0280,0.0000,-966.099,-3.752,-1.781,-411.954,0.0703,0.0312,0.9668,
3.574,ENC,337.3906,0.0000,168.6953,3.9628,0.0000,-966.553,-3.752,-1.781,-411.954,0.0703,0.0312,0.9668,
3.584,IMU,337.3906,0.0000,168.6953,3.9628,0.0000,-966.553,-3.780,-1.837,-412.262,0.0503,-0.0562,1.0630,
3.593,ENC,337.4690,0.0000,168.7345,3.9202,0.0000,-966.777,-3.780,-1.837,-412.262,0.0503,-0.0562,1.0630,
3.604,IMU,337.4690,0.0000,168.7345,3.9202,0.0000,-966.777,-3.717,-1.936,-412.654,0.0283,-0.0962,1.0024,
3.612,ENC,337.5508,0.0000,168.7754,4.0906,0.0000,-967.012,-3.717,-1.936,-412.654,0.0283,-0.0962,1.0024,
3.626,IMU,337.5508,0.0000,168.7754,4.0906,0.0000,-967.012,-3.758,-1.980,-413.017,0.0488,-0.0308,0.9482,
3.633,ENC,337.6377,0.0000,168.8188,4.3463,0.0000,-967.261,-3.758,-1.980,-413.017,0.0488,-0.0308,0.9482,
3.654,ENC,337.7246,0.0000,168.8623,4.3463,0.0000,-967.510,-3.758,-1.980,-413.017,0.0488,-0.0308,0.9482,
3.663,IMU,337.7246,0.0000,168.8623,4.3463,0.0000,-967.510,-3.752,-2.000,-413.740,0.1274,0.0034,0.9512,
3.672,ENC,337.8184,0.0000,168.9092,4.6872,0.0000,-967.778,-3.752,-2.000,-413.740,0.1274,0.0034,0.9512,
3.683,IMU,337.8184,0.0000,168.9092,4.6872,0.0000,-967.778,-3.793,-2.071,-414.144,0.0947,-0.0400,0.9224,
3.692,ENC,337.9104,0.0000,168.9552,4.6019,0.0000,-968.042,-3.793,-2.071,-414.144,0.0947,-0.0400,0.9224,
3.723,IMU,337.9104,0.0000,168.9552,4.6019,0.0000,-968.042,-3.758,-2.075,-414.691,0.0566,0.0049,0.9961,
3.733,ENC,338.0621,0.0000,169.0310,3.7923,0.0000,-968.477,-3.758,-2.075,-414.691,0.0566,0.0049,0.9961,
3.752,ENC,338.1217,0.0000,169.0609,2.9827,0.0000,-968.647,-3.758,-2.075,-414.691,0.0566,0.0049,0.9961,
3.765,IMU,338.1217,0.0000,169.0609,2.9827,0.0000,-968.647,-3.718,-2.147,-415.196,0.0547,-0.0010,1.0391,
3.774,ENC,338.1797,0.0000,169.0899,2.8975,0.0000,-968.813,-3.718,-2.147,-415.196,0.0547,-0.0010,1.0391,
3.783,IMU,338.1797,0.0000,169.0899,2.8975,0.0000,-968.813,-3.702,-2.209,-415.406,0.0630,-0.0498,0.9819,
3.792,ENC,338.2394,0.0000,169.1197,2.9827,0.0000,-968.984,-3.702,-2.209,-415.406,0.0630,-0.0498,0.9819,
3.812,ENC,338.2990,0.0000,169.1495,2.9827,0.0000,-969.155,-3.702,-2.209,-415.406,0.0630,-0.0498,0.9819,
3.823,IMU,338.2990,0.0000,169.1495,2.9827,0.0000,-969.155,-3.714,-2.244,-415.766,0.0693,-0.0254,0.9971,
3.843,IMU,338.2990,0.0000,169.1495,2.9827,0.0000,-969.155,-3.668,-2.214,-415.944,0.0220,-0.0063,1.0425,
3.853,ENC,338.4132,0.0000,169.2066,2.8549,0.0000,-969.482,-3.668,-2.214,-415.944,0.0220,-0.0063,1.0425,
3.864,IMU,338.4132,0.0000,169.2066,2.8549,0.0000,-969.482,-3.734,-2.169,-416.109,0.1016,-0.0132,0.9512,
3.872,ENC,338.4695,0.0000,169.2347,2.8123,0.0000,-969.644,-3.734,-2.169,-416.109,0.1016,-0.0132,0.9512,
3.882,IMU,338.4695,0.0000,169.2347,2.8123,0.0000,-969.644,-3.709,-2.196,-416.370,0.0908,-0.0181,0.9819,
3.893,ENC,338.5325,0.0000,169.2663,3.1532,0.0000,-969.824,-3.709,-2.196,-416.370,0.0908,-0.0181,0.9819,
3.903,IMU,338.5325,0.0000,169.2663,3.1532,0.0000,-969.824,-3.734,-2.231,-416.549,0.0825,-0.0376,0.9624,
3.913,ENC,338.6058,0.0000,169.3029,3.6645,0.0000,-970.034,-3.734,-2.231,-416.549,0.0825,-0.0376,0.9624,
3.924,IMU,338.6058,0.0000,169.3029,3.6645,0.0000,-970.034,-3.710,-2.334,-416.775,0.0259,-0.0874,1.0288,
3.932,ENC,338.6774,0.0000,169.3387,3.5793,0.0000,-970.239,-3.710,-2.334,-416.775,0.0259,-0.0874,1.0288,
3.943,IMU,338.6774,0.0000,169.3387,3.5793,0.0000,-970.239,-3.584,-2.432,-416.984,-0.0332,-0.0840,1.0068,
3.952,ENC,338.7473,0.0000,169.3736,3.4941,0.0000,-970.439,-3.584,-2.432,-416.984,-0.0332,-0.0840,1.0068,
3.963,IMU,338.7473,0.0000,169.3736,3.4941,0.0000,-970.439,-3.494,-2.524,-417.151,-0.0229,-0.0620,0.9980,
3.974,ENC,338.8206,0.0000,169.4103,3.6645,0.0000,-970.649,-3.494,-2.524,-417.151,-0.0229,-0.0620,0.9980,
3.984,IMU,338.8206,0.0000,169.4103,3.6645,0.0000,-970.649,-3.429,-2.617,-417.271,0.0273,-0.0913,0.9990,
3.993,ENC,338.8904,0.0000,169.4452,3.4941,0.0000,-970.850,-3.429,-2.617,-417.271,0.0273,-0.0913,0.9990,
4.004,IMU,338.8904,0.0000,169.4452,3.4941,0.0000,-970.850,-3.456,-2.635,-417.328,0.0527,-0.0654,1.0210,
4.012,ENC,338.9518,0.0000,169.4759,3.0680,0.0000,-971.025,-3.456,-2.635,-417.328,0.0527,-0.0654,1.0210,
4.024,IMU,338.9518,0.0000,169.4759,3.0680,0.0000,-971.025,-3.449,-2.637,-417.333,0.0425,-0.0229,0.9863,
4.033,ENC,339.0217,0.0000,169.5108,3.4941,0.0000,-971.226,-3.449,-2.637,-417.333,0.0425,-0.0229,0.9863,
4.052,ENC,339.0950,0.0000,169.5475,3.6645,0.0000,-971.436,-3.449,-2.637,-417.333,0.0425,-0.0229,0.9863,
4.063,IMU,339.0950,0.0000,169.5475,3.6645,0.0000,-971.436,-3.450,-2.714,-417.459,0.0786,-0.0391,0.9980,
4.073,ENC,339.1751,0.0000,169.5875,4.0054,0.0000,-971.665,-3.450,-2.714,-417.459,0.0786,-0.0391,0.9980,
4.084,IMU,339.1751,0.0000,169.5875,4.0054,0.0000,-971.665,-3.399,-2.645,-417.512,0.0601,-0.0117,1.0947,
4.092,ENC,339.2467,0.0000,169.6233,3.5793,0.0000,-971.870,-3.399,-2.645,-417.512,0.0601,-0.0117,1.0947,
4.113,ENC,339.3029,0.0000,169.6515,2.8123,0.0000,-972.031,-3.399,-2.645,-417.512,0.0601,-0.0117,1.0947,
4.123,IMU,339.3029,0.0000,169.6515,2.8123,0.0000,-972.031,-3.302,-2.521,-417.448,0.0195,0.0649,0.9585,
4.133,ENC,339.3455,0.1960,169.7708,2.1305,9.8004,-971.592,-3.302,-2.521,-417.448,0.0195,0.0649,0.9585,
4.143,IMU,339.3455,0.1960,169.7708,2.1305,9.8004,-971.592,-3.297,-2.404,-417.287,0.0547,0.0513,0.9648,
4.153,ENC,339.3694,-0.2182,169.5756,1.1931,-20.7087,-972.847,-3.297,-2.404,-417.287,0.0547,0.0513,0.9648,
4.163,IMU,339.3694,-0.2182,169.5756,1.1931,-20.7087,-972.847,-3.251,-2.410,-417.129,0.0093,-0.0142,0.9888,
4.179,ENC,339.3762,0.0000,169.6881,0.3409,10.9083,-972.241,-3.251,-2.410,-417.129,0.0093,-0.0142,0.9888,
4.193,IMU,339.3762,0.0000,169.6881,0.3409,10.9083,-972.241,-3.249,-2.297,-416.849,0.0586,0.0752,1.0063,
4.195,ENC,339.3762,0.0000,169.6881,0.0000,0.0000,-972.241,-3.249,-2.297,-416.849,0.0586,0.0752,1.0063,
4.203,IMU,339.3762,0.0000,169.6881,0.0000,0.0000,-972.241,-3.340,-2.160,-416.607,0.1396,0.0234,1.0288,
4.212,ENC,339.3796,0.0000,169.6898,0.1704,0.0000,-972.251,-3.340,-2.160,-416.607,0.1396,0.0234,1.0288,
4.223,IMU,339.3796,0.0000,169.6898,0.1704,0.0000,-972.251,-3.397,-2.084,-416.457,0.1084,0.0381,1.0454,
4.233,ENC,339.3932,0.0000,169.6966,0.6818,0.0000,-972.290,-3.397,-2.084,-416.457,0.1084,0.0381,1.0454,
4.243,IMU,339.3932,0.0000,169.6966,0.6818,0.0000,-972.290,-3.499,-2.073,-416.462,0.1191,-0.0396,0.9385,
4.253,ENC,339.4290,0.0000,169.7145,1.7896,0.0000,-972.393,-3.499,-2.073,-416.462,0.1191,-0.0396,0.9385,
4.263,IMU,339.4290,0.0000,169.7145,1.7896,0.0000,-972.393,-3.233,-2.515,-416.438,-0.1274,-0.3076,0.9688,
4.273,ENC,339.4768,0.0000,169.7384,2.3862,0.0000,-972.529,-3.233,-2.515,-416.438,-0.1274,-0.3076,0.9688,
4.283,IMU,339.4768,0.0000,169.7384,2.3862,0.0000,-972.529,-3.209,-2.669,-416.240,-0.0107,-0.1313,1.1392,
4.297,ENC,339.5228,0.0000,169.7614,2.3010,0.0000,-972.661,-3.209,-2.669,-416.240,-0.0107,-0.1313,1.1392,
4.303,IMU,339.5228,0.0000,169.7614,2.3010,0.0000,-972.661,-3.310,-2.580,-416.011,0.1328,-0.0728,0.9883,
4.312,ENC,339.5569,0.0000,169.7784,1.7044,0.0000,-972.759,-3.310,-2.580,-416.011,0.1328,-0.0728,0.9883,
4.322,IMU,339.5569,0.0000,169.7784,1.7044,0.0000,-972.759,-3.332,-2.585,-415.831,0.1030,-0.0493,0.9697,
4.333,ENC,339.5858,0.0000,169.7929,1.4488,0.0000,-972.842,-3.332,-2.585,-415.831,0.1030,-0.0493,0.9697,
4.342,IMU,339.5858,0.0000,169.7929,1.4488,0.0000,-972.842,-3.355,-2.535,-415.544,0.0356,0.0356,1.1235,
4.352,ENC,339.6268,0.0000,169.8134,2.0453,0.0000,-972.959,-3.355,-2.535,-415.544,0.0356,0.0356,1.1235,
4.365,IMU,339.6268,0.0000,169.8134,2.0453,0.0000,-972.959,-3.404,-2.705,-415.234,0.0732,-0.2212,1.0181,
4.372,ENC,339.6574,0.0000,169.8287,1.5340,0.0000,-973.047,-3.404,-2.705,-415.234,0.0732,-0.2212,1.0181,
4.382,IMU,339.6574,0.0000,169.8287,1.5340,0.0000,-973.047,-3.395,-2.987,-414.876,0.0728,-0.2441,0.8306,
4.392,ENC,339.6949,0.0000,169.8475,1.8749,0.0000,-973.154,-3.395,-2.987,-414.876,0.0728,-0.2441,0.8306,
4.414,IMU,339.6949,0.0000,169.8475,1.8749,0.0000,-973.154,-3.398,-3.198,-414.583,0.0161,-0.2690,1.0264,
4.422,IMU,339.6949,0.0000,169.8475,1.8749,0.0000,-973.154,-3.367,-3.275,-414.328,0.0669,-0.1548,0.8481,
4.428,ENC,339.7290,0.0000,169.8645,1.7044,0.0000,-973.252,-3.367,-3.275,-414.328,0.0669,-0.1548,0.8481,
4.435,ENC,339.7750,0.0000,169.8875,2.3010,0.0000,-973.384,-3.367,-3.275,-414.328,0.0669,-0.1548,0.8481,
4.442,IMU,339.7750,0.0000,169.8875,2.3010,0.0000,-973.384,-3.342,-3.144,-414.085,0.0229,0.0537,1.0483,
4.479,IMU,339.7750,0.0000,169.8875,2.3010,0.0000,-973.384,-3.370,-3.025,-413.756,0.0312,-0.0464,1.0493,
4.481,ENC,339.8211,0.0000,169.9105,2.3010,0.0000,-973.516,-3.370,-3.025,-413.756,0.0312,-0.0464,1.0493,
4.483,ENC,339.8637,0.0000,169.9318,2.1305,0.0000,-973.638,-3.370,-3.025,-413.756,0.0312,-0.0464,1.0493,
4.486,IMU,339.8637,0.0000,169.9318,2.1305,0.0000,-973.638,-3.433,-3.004,-413.488,0.1167,-0.0020,0.8799,
4.492,ENC,339.9114,0.0000,169.9557,2.3862,0.0000,-973.774,-3.433,-3.004,-413.488,0.1167,-0.0020,0.8799,
4.503,IMU,339.9114,0.0000,169.9557,2.3862,0.0000,-973.774,-3.409,-3.106,-413.209,0.0576,-0.1211,1.0308,
4.516,ENC,339.9557,0.0000,169.9779,2.2158,0.0000,-973.901,-3.409,-3.106,-413.209,0.0576,-0.1211,1.0308,
4.522,IMU,339.9557,0.0000,169.9779,2.2158,0.0000,-973.901,-3.336,-3.055,-412.910,-0.0186,-0.0112,1.0601,
4.533,ENC,340.0017,0.0000,170.0009,2.3010,0.0000,-974.033,-3.336,-3.055,-412.910,-0.0186,-0.0112,1.0601,
4.542,IMU,340.0017,0.0000,170.0009,2.3010,0.0000,-974.033,-3.338,-2.796,-412.632,0.0698,0.1528,1.0205,
4.553,ENC,340.0460,0.0000,170.0230,2.2158,0.0000,-974.160,-3.338,-2.796,-412.632,0.0698,0.1528,1.0205,
4.562,IMU,340.0460,0.0000,170.0230,2.2158,0.0000,-974.160,-3.223,-2.865,-412.372,-0.0327,-0.1328,1.1138,
4.574,ENC,340.0938,0.0000,170.0469,2.3862,0.0000,-974.297,-3.223,-2.865,-412.372,-0.0327,-0.1328,1.1138,
4.583,IMU,340.0938,0.0000,170.0469,2.3862,0.0000,-974.297,-3.170,-2.583,-412.049,-0.0356,0.1650,1.0894,
4.593,ENC,340.1381,0.0000,170.0690,2.2158,0.0000,-974.424,-3.170,-2.583,-412.049,-0.0356,0.1650,1.0894,
4.602,IMU,340.1381,0.0000,170.0690,2.2158,0.0000,-974.424,-3.124,-2.691,-411.810,0.0063,-0.1460,1.0303,
4.612,ENC,340.1790,0.0000,170.0895,2.0453,0.0000,-974.541,-3.124,-2.691,-411.810,0.0063,-0.1460,1.0303,
4.622,IMU,340.1790,0.0000,170.0895,2.0453,0.0000,-974.541,-3.122,-2.588,-411.569,0.0635,0.0542,1.0215,
4.632,ENC,340.2199,0.0000,170.1099,2.0453,0.0000,-974.658,-3.122,-2.588,-411.569,0.0635,0.0542,1.0215,
4.642,IMU,340.2199,0.0000,170.1099,2.0453,0.0000,-974.658,-3.173,-2.323,-411.433,0.1426,0.1582,0.9150,
4.653,ENC,340.2625,0.0000,170.1313,2.1305,0.0000,-974.780,-3.173,-2.323,-411.433,0.1426,0.1582,0.9150,
4.662,IMU,340.2625,0.0000,170.1313,2.1305,0.0000,-974.780,-3.288,-2.115,-411.315,0.1865,0.1089,0.9219,
4.673,ENC,340.3068,0.0000,170.1534,2.2158,0.0000,-974.907,-3.288,-2.115,-411.315,0.1865,0.1089,0.9219,
4.682,IMU,340.3068,0.0000,170.1534,2.2158,0.0000,-974.907,-3.323,-1.978,-411.234,0.1260,0.0757,0.9868,
4.696,ENC,340.3239,0.0000,170.1619,0.8522,0.0000,-974.956,-3.323,-1.978,-411.234,0.1260,0.0757,0.9868,
4.702,IMU,340.3239,0.0000,170.1619,0.8522,0.0000,-974.956,-3.240,-1.872,-411.135,0.0210,0.0537,1.0122,
4.712,ENC,340.3290,0.0000,170.1645,0.2557,0.0000,-974.971,-3.240,-1.872,-411.135,0.0210,0.0537,1.0122,
4.723,IMU,340.3290,0.0000,170.1645,0.2557,0.0000,-974.971,-3.184,-1.751,-410.938,-0.0210,0.0674,1.0112,
4.735,ENC,340.3222,0.0000,170.1611,-0.3409,0.0000,-974.951,-3.184,-1.751,-410.938,-0.0210,0.0674,1.0112,
4.742,IMU,340.3222,0.0000,170.1611,-0.3409,0.0000,-974.951,-3.132,-1.562,-410.683,-0.0244,0.0952,1.0137,
4.752,ENC,340.3051,0.0000,170.1526,-0.8522,0.0000,-974.902,-3.132,-1.562,-410.683,-0.0244,0.0952,1.0137,
4.763,IMU,340.3051,0.0000,170.1526,-0.8522,0.0000,-974.902,-3.083,-1.489,-410.464,0.0532,0.0435,0.9976,
4.773,ENC,340.2489,0.0000,170.1244,-2.8123,0.0000,-974.741,-3.083,-1.489,-410.464,0.0532,0.0435,0.9976,
4.783,IMU,340.2489,0.0000,170.1244,-2.8123,0.0000,-974.741,-3.064,-1.466,-410.243,0.0347,0.0317,0.9912,
4.792,ENC,340.1841,0.0000,170.0921,-3.2384,0.0000,-974.556,-3.064,-1.466,-410.243,0.0347,0.0317,0.9912,
4.803,IMU,340.1841,0.0000,170.0921,-3.2384,0.0000,-974.556,-3.061,-1.442,-410.024,0.0903,0.0112,1.0166,
4.812,ENC,340.1142,0.0000,170.0571,-3.4941,0.0000,-974.355,-3.061,-1.442,-410.024,0.0903,0.0112,1.0166,
4.823,IMU,340.1142,0.0000,170.0571,-3.4941,0.0000,-974.355,-3.101,-1.418,-409.755,0.0610,-0.0176,1.0093,
4.832,ENC,340.0341,0.0000,170.0171,-4.0054,0.0000,-974.126,-3.101,-1.418,-409.755,0.0610,-0.0176,1.0093,
4.844,IMU,340.0341,0.0000,170.0171,-4.0054,0.0000,-974.126,-3.125,-1.439,-409.455,0.0537,-0.0459,0.9985,
4.852,ENC,339.9523,0.0000,169.9762,-4.0906,0.0000,-973.892,-3.125,-1.439,-409.455,0.0537,-0.0459,0.9985,
4.862,IMU,339.9523,0.0000,169.9762,-4.0906,0.0000,-973.892,-3.176,-1.430,-409.153,0.0835,0.0044,1.0107,
4.873,ENC,339.8722,0.0000,169.9361,-4.0054,0.0000,-973.662,-3.176,-1.430,-409.153,0.0835,0.0044,1.0107,
4.892,IMU,339.8722,0.0000,169.9361,-4.0054,0.0000,-973.662,-3.227,-1.361,-408.877,0.0796,-0.0088,0.9863,
4.907,IMU,339.8722,0.0000,169.9361,-4.0054,0.0000,-973.662,-3.259,-1.271,-408.595,0.0874,0.0308,1.0200,
4.917,ENC,339.7955,0.0000,169.8977,-3.8350,0.0000,-973.442,-3.259,-1.271,-408.595,0.0874,0.0308,1.0200,
4.919,ENC,339.7137,0.0000,169.8568,-4.0906,0.0000,-973.208,-3.259,-1.271,-408.595,0.0874,0.0308,1.0200,
4.925,IMU,339.7137,0.0000,169.8568,-4.0906,0.0000,-973.208,-3.201,-1.200,-408.275,0.0332,0.0137,0.9980,
4.945,IMU,339.7137,0.0000,169.8568,-4.0906,0.0000,-973.208,-3.232,-1.179,-408.004,0.0718,0.0034,0.9624,
4.952,ENC,339.5552,0.0000,169.7776,-3.9628,0.0000,-972.754,-3.232,-1.179,-408.004,0.0718,0.0034,0.9624,
4.964,IMU,339.5552,0.0000,169.7776,-3.9628,0.0000,-972.754,-3.248,-1.136,-407.760,0.0820,-0.0005,1.0034,
4.972,ENC,339.4785,0.0000,169.7392,-3.8350,0.0000,-972.534,-3.248,-1.136,-407.760,0.0820,-0.0005,1.0034,
4.983,IMU,339.4785,0.0000,169.7392,-3.8350,0.0000,-972.534,-3.274,-1.058,-407.473,0.0708,0.0166,0.9453,
4.994,ENC,339.3984,0.0000,169.6992,-4.0054,0.0000,-972.305,-3.274,-1.058,-407.473,0.0708,0.0166,0.9453,
5.004,IMU,339.3984,0.0000,169.6992,-4.0054,0.0000,-972.305,-3.280,-1.016,-407.184,0.0806,-0.0054,0.9805,
5.012,ENC,339.3217,0.0000,169.6608,-3.8350,0.0000,-972.085,-3.280,-1.016,-407.184,0.0806,-0.0054,0.9805,
5.024,IMU,339.3217,0.0000,169.6608,-3.8350,0.0000,-972.085,-3.366,-1.008,-406.937,0.0913,-0.0127,0.9761,
5.032,ENC,339.2569,0.0000,169.6284,-3.2384,0.0000,-971.899,-3.366,-1.008,-406.937,0.0913,-0.0127,0.9761,
5.044,IMU,339.2569,0.0000,169.6284,-3.2384,0.0000,-971.899,-3.397,-0.983,-406.712,0.0752,-0.0269,0.9990,
5.052,ENC,339.1887,0.0000,169.5944,-3.4088,0.0000,-971.704,-3.397,-0.983,-406.712,0.0752,-0.0269,0.9990,
5.062,IMU,339.1887,0.0000,169.5944,-3.4088,0.0000,-971.704,-3.456,-0.998,-406.458,0.0884,-0.0439,0.9839,
5.072,ENC,339.1222,0.0000,169.5611,-3.3236,0.0000,-971.514,-3.456,-0.998,-406.458,0.0884,-0.0439,0.9839,
5.083,IMU,339.1222,0.0000,169.5611,-3.3236,0.0000,-971.514,-3.472,-0.939,-406.222,0.0420,-0.0049,0.9731,
5.092,ENC,339.0490,0.0000,169.5245,-3.6645,0.0000,-971.304,-3.472,-0.939,-406.222,0.0420,-0.0049,0.9731,
5.102,IMU,339.0490,0.0000,169.5245,-3.6645,0.0000,-971.304,-3.487,-0.918,-406.042,0.0610,-0.0273,0.9932,
5.116,ENC,338.9808,0.0000,169.4904,-3.4088,0.0000,-971.108,-3.487,-0.918,-406.042,0.0610,-0.0273,0.9932,
5.123,IMU,338.9808,0.0000,169.4904,-3.4088,0.0000,-971.108,-3.576,-0.969,-405.791,0.1006,-0.0732,0.9854,
5.132,ENC,338.9143,0.0000,169.4572,-3.3236,0.0000,-970.918,-3.576,-0.969,-405.791,0.1006,-0.0732,0.9854,
5.156,IMU,338.9143,0.0000,169.4572,-3.3236,0.0000,-970.918,-3.623,-0.905,-405.556,0.1094,0.0103,1.0781,
5.167,IMU,338.9143,0.0000,169.4572,-3.3236,0.0000,-970.918,-3.623,-0.921,-405.367,0.0532,-0.0557,1.0156,
5.173,ENC,338.8478,0.0000,169.4239,-3.3236,0.0000,-970.728,-3.623,-0.921,-405.367,0.0532,-0.0557,1.0156,
5.175,ENC,338.7762,0.1960,169.4861,-3.5793,9.8004,-969.961,-3.623,-0.921,-405.367,0.0532,-0.0557,1.0156,
5.184,IMU,338.7762,0.1960,169.4861,-3.5793,9.8004,-969.961,-3.690,-0.909,-405.157,0.0835,0.0015,0.9834,
5.192,ENC,338.7149,0.0000,169.3574,-3.0680,-9.8004,-970.347,-3.690,-0.909,-405.157,0.0835,0.0015,0.9834,
5.202,IMU,338.7149,0.0000,169.3574,-3.0680,-9.8004,-970.347,-3.799,-0.914,-405.084,0.1372,-0.0205,1.0000,
5.219,ENC,338.6706,0.0000,169.3353,-2.2158,0.0000,-970.220,-3.799,-0.914,-405.084,0.1372,-0.0205,1.0000,
5.223,IMU,338.6706,0.0000,169.3353,-2.2158,0.0000,-970.220,-3.815,-0.872,-404.936,0.0801,0.0005,1.0122,
5.232,ENC,338.6280,0.0000,169.3140,-2.1305,0.0000,-970.098,-3.815,-0.872,-404.936,0.0801,0.0005,1.0122,
5.243,IMU,338.6280,0.0000,169.3140,-2.1305,0.0000,-970.098,-3.786,-0.964,-404.795,0.0791,-0.0757,0.9751,
5.252,ENC,338.5922,0.0000,169.2961,-1.7896,0.0000,-969.995,-3.786,-0.964,-404.795,0.0791,-0.0757,0.9751,
5.262,IMU,338.5922,0.0000,169.2961,-1.7896,0.0000,-969.995,-3.770,-1.065,-404.606,0.0547,-0.0640,0.9482,
5.282,IMU,338.5922,0.0000,169.2961,-1.7896,0.0000,-969.995,-3.757,-1.097,-404.471,0.0640,0.0005,0.9937,
5.292,ENC,338.5274,0.0000,169.2637,-1.6192,0.0000,-969.810,-3.757,-1.097,-404.471,0.0640,0.0005,0.9937,
5.302,IMU,338.5274,0.0000,169.2637,-1.6192,0.0000,-969.810,-3.825,-1.035,-404.364,0.0713,0.0068,0.9780,
5.313,ENC,338.5001,0.0000,169.2501,-1.3635,0.0000,-969.731,-3.825,-1.035,-404.364,0.0713,0.0068,0.9780,
5.323,IMU,338.5001,0.0000,169.2501,-1.3635,0.0000,-969.731,-3.855,-1.007,-404.259,0.0903,0.0078,0.9536,
5.332,ENC,338.4729,0.0000,169.2364,-1.3635,0.0000,-969.653,-3.855,-1.007,-404.259,0.0903,0.0078,0.9536,
5.343,IMU,338.4729,0.0000,169.2364,-1.3635,0.0000,-969.653,-3.896,-0.953,-404.154,0.1104,0.0303,0.9639,
5.352,ENC,338.4490,0.0000,169.2245,-1.1931,0.0000,-969.585,-3.896,-0.953,-404.154,0.1104,0.0303,0.9639,
5.363,IMU,338.4490,0.0000,169.2245,-1.1931,0.0000,-969.585,-3.866,-0.947,-403.993,0.0244,-0.0146,0.9834,
5.374,ENC,338.4166,0.0000,169.2083,-1.6192,0.0000,-969.492,-3.866,-0.947,-403.993,0.0244,-0.0146,0.9834,
5.382,IMU,338.4166,0.0000,169.2083,-1.6192,0.0000,-969.492,-3.920,-0.994,-403.884,0.0962,-0.0171,0.9639,
5.393,ENC,338.3979,0.0000,169.1989,-0.9374,0.0000,-969.438,-3.920,-0.994,-403.884,0.0962,-0.0171,0.9639,
5.402,IMU,338.3979,0.0000,169.1989,-0.9374,0.0000,-969.438,-3.954,-0.951,-403.807,0.0659,0.0171,1.0410,
5.413,ENC,338.3740,0.0000,169.1870,-1.1931,0.0000,-969.370,-3.954,-0.951,-403.807,0.0659,0.0171,1.0410,
5.422,IMU,338.3740,0.0000,169.1870,-1.1931,0.0000,-969.370,-3.964,-0.915,-403.711,0.0532,0.0010,0.9946,
5.432,ENC,338.3587,0.0000,169.1793,-0.7670,0.0000,-969.326,-3.964,-0.915,-403.711,0.0532,0.0010,0.9946,
5.442,IMU,338.3587,0.0000,169.1793,-0.7670,0.0000,-969.326,-3.954,-0.942,-403.645,0.0698,-0.0215,0.9937,
5.453,ENC,338.3399,0.0000,169.1700,-0.9374,0.0000,-969.272,-3.954,-0.942,-403.645,0.0698,-0.0215,0.9937,
5.466,IMU,338.3399,0.0000,169.1700,-0.9374,0.0000,-969.272,-4.004,-0.877,-403.582,0.0728,0.0098,1.0312,
5.474,ENC,338.3178,0.0000,169.1589,-1.1079,0.0000,-969.209,-4.004,-0.877,-403.582,0.0728,0.0098,1.0312,
5.483,IMU,338.3178,0.0000,169.1589,-1.1079,0.0000,-969.209,-4.013,-0.833,-403.529,0.0610,-0.0098,0.9463,
5.492,ENC,338.3109,0.0000,169.1555,-0.3409,0.0000,-969.189,-4.013,-0.833,-403.529,0.0610,-0.0098,0.9463,
5.502,IMU,338.3109,0.0000,169.1555,-0.3409,0.0000,-969.189,-4.045,-0.835,-403.450,0.1152,-0.0005,1.0200,
5.515,ENC,338.3092,0.0000,169.1546,-0.0852,0.0000,-969.185,-4.045,-0.835,-403.450,0.1152,-0.0005,1.0200,
5.522,IMU,338.3092,0.0000,169.1546,-0.0852,0.0000,-969.185,-4.065,-0.824,-403.404,0.0576,-0.0063,1.0605,
5.533,ENC,338.3092,0.0000,169.1546,0.0000,0.0000,-969.185,-4.065,-0.824,-403.404,0.0576,-0.0063,1.0605,
5.542,IMU,338.3092,0.0000,169.1546,0.0000,0.0000,-969.185,-4.074,-0.747,-403.434,0.0894,0.0444,0.9951,
5.553,ENC,338.3092,0.2045,169.2569,0.0000,10.2265,-968.599,-4.074,-0.747,-403.434,0.0894,0.0444,0.9951,
5.562,IMU,338.3092,0.2045,169.2569,0.0000,10.2265,-968.599,-4.050,-0.731,-403.419,0.0488,-0.0034,0.9424,
5.573,ENC,338.3092,0.0000,169.1546,0.0000,-10.2265,-969.185,-4.050,-0.731,-403.419,0.0488,-0.0034,0.9424,
5.583,IMU,338.3092,0.0000,169.1546,0.0000,-10.2265,-969.185,-4.023,-0.763,-403.378,0.0176,-0.0386,0.9785,
5.592,ENC,338.3075,0.0000,169.1538,-0.0852,0.0000,-969.180,-4.023,-0.763,-403.378,0.0176,-0.0386,0.9785,
5.604,IMU,338.3075,0.0000,169.1538,-0.0852,0.0000,-969.180,-4.026,-0.887,-403.314,0.0698,-0.1006,0.9604,
5.612,ENC,338.3058,0.0000,169.1529,-0.0852,0.0000,-969.175,-4.026,-0.887,-403.314,0.0698,-0.1006,0.9604,
5.624,IMU,338.3058,0.0000,169.1529,-0.0852,0.0000,-969.175,-4.038,-1.023,-403.250,0.0566,-0.1040,0.9580,
5.632,ENC,338.3161,0.0000,169.1580,0.5113,0.0000,-969.204,-4.038,-1.023,-403.250,0.0566,-0.1040,0.9580,
5.644,IMU,338.3161,0.0000,169.1580,0.5113,0.0000,-969.204,-4.047,-1.144,-403.167,0.1021,-0.1040,0.9297,
5.655,ENC,338.3416,0.0000,169.1708,1.2783,0.0000,-969.277,-4.047,-1.144,-403.167,0.1021,-0.1040,0.9297,
5.662,IMU,338.3416,0.0000,169.1708,1.2783,0.0000,-969.277,-3.869,-1.294,-403.077,-0.0283,-0.1240,1.0542,
5.673,ENC,338.3740,0.0000,169.1870,1.6192,0.0000,-969.370,-3.869,-1.294,-403.077,-0.0283,-0.1240,1.0542,
5.683,IMU,338.3740,0.0000,169.1870,1.6192,0.0000,-969.370,-3.751,-1.409,-402.948,-0.0601,-0.1323,1.0928,
5.692,ENC,338.4149,0.1960,169.3055,2.0453,9.8004,-968.926,-3.751,-1.409,-402.948,-0.0601,-0.1323,1.0928,
5.702,IMU,338.4149,0.1960,169.3055,2.0453,9.8004,-968.926,-3.700,-1.479,-402.784,0.0522,-0.1548,1.0444,
5.712,ENC,338.4558,0.0000,169.2279,2.0453,-9.8004,-969.604,-3.700,-1.479,-402.784,0.0522,-0.1548,1.0444,
5.723,IMU,338.4558,0.0000,169.2279,2.0453,-9.8004,-969.604,-3.653,-1.564,-402.546,0.0425,-0.0928,0.9683,
5.740,ENC,338.5001,0.0000,169.2501,2.2158,0.0000,-969.731,-3.653,-1.564,-402.546,0.0425,-0.0928,0.9683,
5.744,IMU,338.5001,0.0000,169.2501,2.2158,0.0000,-969.731,-3.695,-1.574,-402.363,0.1309,-0.1167,0.9971,
5.774,ENC,338.5871,0.0000,169.2935,2.1731,0.0000,-969.980,-3.695,-1.574,-402.363,0.1309,-0.1167,0.9971,
5.782,IMU,338.5871,0.0000,169.2935,2.1731,0.0000,-969.980,-3.644,-1.421,-401.885,0.0547,0.1265,1.1099,
5.793,ENC,338.6314,0.0000,169.3157,2.2158,0.0000,-970.107,-3.644,-1.421,-401.885,0.0547,0.1265,1.1099,
5.803,IMU,338.6314,0.0000,169.3157,2.2158,0.0000,-970.107,-3.628,-1.241,-401.653,0.0645,0.1265,1.0732,
5.813,ENC,338.6774,0.0000,169.3387,2.3010,0.0000,-970.239,-3.628,-1.241,-401.653,0.0645,0.1265,1.0732,
5.825,IMU,338.6774,0.0000,169.3387,2.3010,0.0000,-970.239,-3.603,-1.142,-401.428,0.0532,0.0249,1.0205,
5.832,ENC,338.7200,0.0000,169.3600,2.1305,0.0000,-970.361,-3.603,-1.142,-401.428,0.0532,0.0249,1.0205,
5.843,IMU,338.7200,0.0000,169.3600,2.1305,0.0000,-970.361,-3.636,-1.175,-401.213,0.0791,-0.0596,0.9678,
5.864,ENC,338.7677,0.0000,169.3839,2.3862,0.0000,-970.498,-3.636,-1.175,-401.213,0.0791,-0.0596,0.9678,
5.873,ENC,338.8137,0.0000,169.4069,2.3010,0.0000,-970.630,-3.636,-1.175,-401.213,0.0791,-0.0596,0.9678,
5.883,IMU,338.8137,0.0000,169.4069,2.3010,0.0000,-970.630,-3.707,-1.092,-400.936,0.0967,-0.0161,0.9321,
5.892,ENC,338.8615,0.0000,169.4307,2.3862,0.0000,-970.767,-3.707,-1.092,-400.936,0.0967,-0.0161,0.9321,
5.903,IMU,338.8615,0.0000,169.4307,2.3862,0.0000,-970.767,-3.625,-1.039,-400.835,0.0552,0.0337,0.9058,
5.912,ENC,338.9092,0.0000,169.4546,2.3862,0.0000,-970.903,-3.625,-1.039,-400.835,0.0552,0.0337,0.9058,
5.922,IMU,338.9092,0.0000,169.4546,2.3862,0.0000,-970.903,-3.680,-1.025,-400.801,0.0903,0.0210,0.9985,
5.932,ENC,338.9603,0.0000,169.4802,2.5566,0.0000,-971.050,-3.680,-1.025,-400.801,0.0903,0.0210,0.9985,
5.942,IMU,338.9603,0.0000,169.4802,2.5566,0.0000,-971.050,-3.588,-0.978,-400.747,-0.0107,0.0518,1.0659,
5.952,ENC,338.9944,0.0000,169.4972,1.7044,0.0000,-971.147,-3.588,-0.978,-400.747,-0.0107,0.0518,1.0659,
5.964,IMU,338.9944,0.0000,169.4972,1.7044,0.0000,-971.147,-3.400,-0.840,-400.601,-0.0684,0.0679,0.9858,
5.972,ENC,339.0012,0.0000,169.5006,0.3409,0.0000,-971.167,-3.400,-0.840,-400.601,-0.0684,0.0679,0.9858,
5.983,IMU,339.0012,0.0000,169.5006,0.3409,0.0000,-971.167,-3.284,-0.837,-400.453,-0.0107,-0.0059,0.9404,
5.994,ENC,339.0166,0.0000,169.5083,0.7670,0.0000,-971.211,-3.284,-0.837,-400.453,-0.0107,-0.0059,0.9404,
6.003,IMU,339.0166,0.0000,169.5083,0.7670,0.0000,-971.211,-3.371,-1.067,-400.322,0.1318,-0.1201,0.9893,
6.014,ENC,339.0524,0.0000,169.5262,1.7896,0.0000,-971.313,-3.371,-1.067,-400.322,0.1318,-0.1201,0.9893,
6.023,IMU,339.0524,0.0000,169.5262,1.7896,0.0000,-971.313,-3.515,-1.265,-400.182,0.1929,-0.1812,1.0127,
6.032,ENC,339.0950,0.0000,169.5475,2.1305,0.0000,-971.436,-3.515,-1.265,-400.182,0.1929,-0.1812,1.0127,
6.043,IMU,339.0950,0.0000,169.5475,2.1305,0.0000,-971.436,-3.438,-1.416,-400.004,0.0259,-0.1934,1.0469,
6.052,ENC,339.1376,0.0000,169.5688,2.1305,0.0000,-971.558,-3.438,-1.416,-400.004,0.0259,-0.1934,1.0469,
6.063,IMU,339.1376,0.0000,169.5688,2.1305,0.0000,-971.558,-3.388,-1.449,-399.811,-0.0234,-0.1182,0.9712,
6.072,ENC,339.1819,0.0000,169.5910,2.2158,0.0000,-971.685,-3.388,-1.449,-399.811,-0.0234,-0.1182,0.9712,
6.083,IMU,339.1819,0.0000,169.5910,2.2158,0.0000,-971.685,-3.297,-1.542,-399.594,0.0010,-0.1235,0.9492,
6.092,ENC,339.2262,0.0000,169.6131,2.2158,0.0000,-971.812,-3.297,-1.542,-399.594,0.0010,-0.1235,0.9492,
6.103,IMU,339.2262,0.0000,169.6131,2.2158,0.0000,-971.812,-3.224,-1.418,-399.420,0.0332,0.0952,1.0669,
6.113,ENC,339.2688,0.0000,169.6344,2.1305,0.0000,-971.934,-3.224,-1.418,-399.420,0.0332,0.0952,1.0669,
6.123,IMU,339.2688,0.0000,169.6344,2.1305,0.0000,-971.934,-3.207,-1.469,-399.188,0.0078,-0.0962,1.0400,
6.132,ENC,339.3097,0.0000,169.6549,2.0453,0.0000,-972.051,-3.207,-1.469,-399.188,0.0078,-0.0962,1.0400,
6.143,IMU,339.3097,0.0000,169.6549,2.0453,0.0000,-972.051,-3.193,-1.434,-399.009,0.0479,0.0215,0.9722,
6.152,ENC,339.3643,0.0000,169.6821,2.7271,0.0000,-972.207,-3.193,-1.434,-399.009,0.0479,0.0215,0.9722,
6.163,IMU,339.3643,0.0000,169.6821,2.7271,0.0000,-972.207,-3.226,-1.441,-398.865,0.0513,-0.0352,1.0527,
6.172,ENC,339.4376,0.0000,169.7188,3.6645,0.0000,-972.417,-3.226,-1.441,-398.865,0.0513,-0.0352,1.0527,
6.182,IMU,339.4376,0.0000,169.7188,3.6645,0.0000,-972.417,-3.418,-1.431,-398.767,0.2363,0.0015,1.0112,
6.192,ENC,339.5296,0.0000,169.7648,4.6019,0.0000,-972.681,-3.418,-1.431,-398.767,0.2363,0.0015,1.0112,
6.204,IMU,339.5296,0.0000,169.7648,4.6019,0.0000,-972.681,-3.503,-1.386,-398.764,0.1250,0.0225,1.1089,
6.213,ENC,339.6455,0.0000,169.8228,5.7950,0.0000,-973.013,-3.503,-1.386,-398.764,0.1250,0.0225,1.1089,
6.223,IMU,339.6455,0.0000,169.8228,5.7950,0.0000,-973.013,-3.550,-1.392,-398.771,0.1274,-0.0869,1.0430,
6.233,ENC,339.7819,0.0000,169.8909,6.8177,0.0000,-973.403,-3.550,-1.392,-398.771,0.1274,-0.0869,1.0430,
6.243,IMU,339.7819,0.0000,169.8909,6.8177,0.0000,-973.403,-3.510,-1.324,-398.909,0.0581,0.0293,1.0298,
6.252,ENC,339.9318,0.0000,169.9659,7.4995,0.0000,-973.833,-3.510,-1.324,-398.909,0.0581,0.0293,1.0298,
6.268,IMU,339.9318,0.0000,169.9659,7.4995,0.0000,-973.833,-3.421,-1.309,-399.033,-0.0405,-0.0073,0.9634,
6.272,ENC,340.1006,0.0000,170.0503,8.4369,0.0000,-974.316,-3.421,-1.309,-399.033,-0.0405,-0.0073,0.9634,
6.283,IMU,340.1006,0.0000,170.0503,8.4369,0.0000,-974.316,-3.396,-1.351,-399.138,0.0264,-0.0098,1.0151,
6.293,ENC,340.2625,0.0000,170.1313,8.0960,0.0000,-974.780,-3.396,-1.351,-399.138,0.0264,-0.0098,1.0151,
6.302,IMU,340.2625,0.0000,170.1313,8.0960,0.0000,-974.780,-3.351,-1.289,-399.251,0.0220,-0.0103,0.9780,
6.313,ENC,340.4108,0.0000,170.2054,7.4142,0.0000,-975.205,-3.351,-1.289,-399.251,0.0220,-0.0103,0.9780,
6.323,IMU,340.4108,0.0000,170.2054,7.4142,0.0000,-975.205,-3.389,-1.297,-399.277,0.0605,-0.0542,1.0073,
6.334,ENC,340.5591,0.0000,170.2795,7.4142,0.0000,-975.630,-3.389,-1.297,-399.277,0.0605,-0.0542,1.0073,
6.342,IMU,340.5591,0.0000,170.2795,7.4142,0.0000,-975.630,-3.388,-1.263,-399.242,0.0547,0.0000,0.9570,
6.352,ENC,340.7040,0.0000,170.3520,7.2438,0.0000,-976.045,-3.388,-1.263,-399.242,0.0547,0.0000,0.9570,
6.365,IMU,340.7040,0.0000,170.3520,7.2438,0.0000,-976.045,-3.308,-1.199,-399.244,-0.0078,0.0356,0.9609,
6.373,ENC,340.8573,0.0000,170.4287,7.6699,0.0000,-976.484,-3.308,-1.199,-399.244,-0.0078,0.0356,0.9609,
6.383,IMU,340.8573,0.0000,170.4287,7.6699,0.0000,-976.484,-3.291,-1.218,-399.228,0.0356,-0.0312,1.0728,
6.392,ENC,341.0056,0.0000,170.5028,7.4142,0.0000,-976.909,-3.291,-1.218,-399.228,0.0356,-0.0312,1.0728,
6.402,IMU,341.0056,0.0000,170.5028,7.4142,0.0000,-976.909,-3.314,-1.226,-399.201,0.1196,0.0034,1.0283,
6.415,ENC,341.1573,0.0000,170.5787,7.5847,0.0000,-977.344,-3.314,-1.226,-399.201,0.1196,0.0034,1.0283,
6.422,IMU,341.1573,0.0000,170.5787,7.5847,0.0000,-977.344,-3.267,-1.208,-399.177,0.0630,-0.0361,0.9219,
6.432,ENC,341.3107,0.0000,170.6554,7.6699,0.0000,-977.783,-3.267,-1.208,-399.177,0.0630,-0.0361,0.9219,
6.443,IMU,341.3107,0.0000,170.6554,7.6699,0.0000,-977.783,-3.351,-1.197,-399.204,0.0957,-0.0225,0.9272,
6.452,ENC,341.4692,0.0000,170.7346,7.9256,0.0000,-978.237,-3.351,-1.197,-399.204,0.0957,-0.0225,0.9272,
6.464,IMU,341.4692,0.0000,170.7346,7.9256,0.0000,-978.237,-3.429,-1.162,-399.221,0.1284,0.0381,1.0522,
6.476,ENC,341.6363,0.0000,170.8181,8.3517,0.0000,-978.716,-3.429,-1.162,-399.221,0.1284,0.0381,1.0522,
6.496,ENC,341.8084,0.0000,170.9042,8.6073,0.0000,-979.209,-3.429,-1.162,-399.221,0.1284,0.0381,1.0522,
6.500,IMU,341.8084,0.0000,170.9042,8.6073,0.0000,-979.209,-3.478,-1.228,-399.367,0.1348,-0.0684,0.9380,
6.504,IMU,341.8084,0.0000,170.9042,8.6073,0.0000,-979.209,-3.578,-1.304,-399.459,0.1099,-0.0928,0.9678,
6.512,ENC,342.0010,0.0000,171.0005,9.6300,0.0000,-979.761,-3.578,-1.304,-399.459,0.1099,-0.0928,0.9678,
6.522,IMU,342.0010,0.0000,171.0005,9.6300,0.0000,-979.761,-3.771,-1.265,-399.551,0.2783,0.0410,0.8960,
6.532,ENC,342.1834,0.0000,171.0917,9.1187,0.0000,-980.283,-3.771,-1.265,-399.551,0.2783,0.0410,0.8960,
6.543,IMU,342.1834,0.0000,171.0917,9.1187,0.0000,-980.283,-3.880,-1.117,-399.739,0.1465,0.0239,0.9976,
6.582,ENC,342.5345,0.0000,171.2673,8.7778,0.0000,-981.289,-3.880,-1.117,-399.739,0.1465,0.0239,0.9976,
6.584,IMU,342.5345,0.0000,171.2673,8.7778,0.0000,-981.289,-3.861,-1.178,-399.819,-0.0024,-0.0171,1.0571,
6.602,IMU,342.5345,0.0000,171.2673,8.7778,0.0000,-981.289,-3.873,-1.215,-399.829,0.0898,-0.0566,0.9824,
6.612,ENC,342.8430,0.0000,171.4215,7.7125,0.0000,-982.173,-3.873,-1.215,-399.829,0.0898,-0.0566,0.9824,
6.622,IMU,342.8430,0.0000,171.4215,7.7125,0.0000,-982.173,-3.868,-1.158,-399.889,0.0562,0.0044,0.9766,
6.632,ENC,343.0015,0.0000,171.5008,7.9256,0.0000,-982.627,-3.868,-1.158,-399.889,0.0562,0.0044,0.9766,
6.643,IMU,343.0015,0.0000,171.5008,7.9256,0.0000,-982.627,-3.741,-1.152,-399.857,-0.0444,-0.0581,1.0762,
6.652,ENC,343.1737,0.0000,171.5868,8.6073,0.0000,-983.120,-3.741,-1.152,-399.857,-0.0444,-0.0581,1.0762,
6.663,IMU,343.1737,0.0000,171.5868,8.6073,0.0000,-983.120,-3.890,-1.029,-399.900,0.2095,0.0640,0.9683,
6.678,ENC,343.3629,0.0000,171.6814,9.4595,0.0000,-983.662,-3.890,-1.029,-399.900,0.2095,0.0640,0.9683,
6.683,IMU,343.3629,0.0000,171.6814,9.4595,0.0000,-983.662,-3.966,-0.857,-400.107,0.0996,0.0820,1.0781,
6.694,ENC,343.5572,0.0000,171.7786,9.7152,0.0000,-984.219,-3.966,-0.857,-400.107,0.0996,0.0820,1.0781,
6.702,IMU,343.5572,0.0000,171.7786,9.7152,0.0000,-984.219,-3.850,-0.967,-400.315,-0.0527,-0.1274,1.1187,
6.713,ENC,343.7685,0.0000,171.8843,10.5674,0.0000,-984.824,-3.850,-0.967,-400.315,-0.0527,-0.1274,1.1187,
6.722,IMU,343.7685,0.0000,171.8843,10.5674,0.0000,-984.824,-3.852,-0.921,-400.477,0.0278,0.0117,1.1313,
6.732,ENC,343.9747,0.0000,171.9874,10.3118,0.0000,-985.415,-3.852,-0.921,-400.477,0.0278,0.0117,1.1313,
6.745,IMU,343.9747,0.0000,171.9874,10.3118,0.0000,-985.415,-3.753,-0.890,-400.704,-0.0444,-0.0225,1.1953,
6.752,ENC,344.1895,0.0000,172.0947,10.7379,0.0000,-986.030,-3.753,-0.890,-400.704,-0.0444,-0.0225,1.1953,
6.762,IMU,344.1895,0.0000,172.0947,10.7379,0.0000,-986.030,-3.730,-0.813,-400.824,0.0083,0.0317,1.1685,
6.775,ENC,344.3991,0.0000,172.1996,10.4822,0.0000,-986.631,-3.730,-0.813,-400.824,0.0083,0.0317,1.1685,
6.785,IMU,344.3991,0.0000,172.1996,10.4822,0.0000,-986.631,-3.823,-0.853,-400.994,0.1426,-0.0483,1.0059,
6.793,ENC,344.6156,0.0000,172.3078,10.8231,0.0000,-987.251,-3.823,-0.853,-400.994,0.1426,-0.0483,1.0059,
6.803,IMU,344.6156,0.0000,172.3078,10.8231,0.0000,-987.251,-3.726,-0.799,-401.135,0.0215,0.0469,1.0488,
6.813,ENC,344.8287,0.0000,172.4143,10.6526,0.0000,-987.861,-3.726,-0.799,-401.135,0.0215,0.0469,1.0488,
6.822,IMU,344.8287,0.0000,172.4143,10.6526,0.0000,-987.861,-3.715,-0.677,-401.308,0.0986,0.0430,0.9302,
6.832,ENC,345.0485,0.0000,172.5243,10.9935,0.0000,-988.491,-3.715,-0.677,-401.308,0.0986,0.0430,0.9302,
6.843,IMU,345.0485,0.0000,172.5243,10.9935,0.0000,-988.491,-3.739,-0.767,-401.417,0.1079,-0.0698,0.9072,
6.852,ENC,345.2633,0.0000,172.6316,10.7379,0.0000,-989.106,-3.739,-0.767,-401.417,0.1079,-0.0698,0.9072,
6.862,IMU,345.2633,0.0000,172.6316,10.7379,0.0000,-989.106,-3.815,-0.620,-401.602,0.1436,0.0542,1.0107,
6.873,ENC,345.4797,0.0000,172.7399,10.8231,0.0000,-989.727,-3.815,-0.620,-401.602,0.1436,0.0542,1.0107,
6.882,IMU,345.4797,0.0000,172.7399,10.8231,0.0000,-989.727,-3.897,-0.551,-401.793,0.1860,0.0679,1.1011,
6.894,ENC,345.6928,0.0000,172.8464,10.6526,0.0000,-990.337,-3.897,-0.551,-401.793,0.1860,0.0679,1.1011,
6.903,IMU,345.6928,0.0000,172.8464,10.6526,0.0000,-990.337,-3.842,-0.592,-401.991,0.0557,-0.0454,0.9761,
6.912,ENC,345.8939,0.0000,172.9470,10.0561,0.0000,-990.913,-3.842,-0.592,-401.991,0.0557,-0.0454,0.9761,
6.922,IMU,345.8939,0.0000,172.9470,10.0561,0.0000,-990.913,-3.833,-0.673,-402.182,0.0820,-0.0474,0.9731,
6.933,ENC,346.0916,0.0000,173.0458,9.8857,0.0000,-991.479,-3.833,-0.673,-402.182,0.0820,-0.0474,0.9731,
6.943,IMU,346.0916,0.0000,173.0458,9.8857,0.0000,-991.479,-3.679,-0.640,-402.345,-0.0337,0.0166,0.9204,
6.952,ENC,346.2825,0.2045,173.2435,9.5448,10.2265,-991.440,-3.679,-0.640,-402.345,-0.0337,0.0166,0.9204,
6.964,IMU,346.2825,0.2045,173.2435,9.5448,10.2265,-991.440,-3.523,-0.589,-402.536,-0.0352,-0.0112,0.8877,
6.972,ENC,346.4819,0.0000,173.2410,9.9709,-10.2265,-992.598,-3.523,-0.589,-402.536,-0.0352,-0.0112,0.8877,
6.983,IMU,346.4819,0.0000,173.2410,9.9709,-10.2265,-992.598,-3.507,-0.661,-402.728,0.0703,-0.0698,0.9106,
6.993,ENC,346.6831,0.0000,173.3415,10.0561,0.0000,-993.174,-3.507,-0.661,-402.728,0.0703,-0.0698,0.9106,
7.007,IMU,346.6831,0.0000,173.3415,10.0561,0.0000,-993.174,-3.504,-0.634,-402.974,0.0400,-0.0059,0.9707,
7.012,ENC,346.8757,0.0000,173.4378,9.6300,0.0000,-993.726,-3.504,-0.634,-402.974,0.0400,-0.0059,0.9707,
7.022,IMU,346.8757,0.0000,173.4378,9.6300,0.0000,-993.726,-3.538,-0.621,-403.171,0.1177,-0.0068,0.9419,
7.033,ENC,347.0751,0.0000,173.5375,9.9709,0.0000,-994.297,-3.538,-0.621,-403.171,0.1177,-0.0068,0.9419,
7.043,IMU,347.0751,0.0000,173.5375,9.9709,0.0000,-994.297,-3.750,-0.653,-403.335,0.2031,-0.0205,0.8833,
7.087,IMU,347.0751,0.0000,173.5375,9.9709,0.0000,-994.297,-3.610,-0.692,-403.580,-0.0107,-0.0303,0.9961,
7.117,ENC,347.7313,0.0000,173.8656,8.2025,0.0000,-996.177,-3.610,-0.692,-403.580,-0.0107,-0.0303,0.9961,
7.125,IMU,347.7313,0.0000,173.8656,8.2025,0.0000,-996.177,-3.558,-0.275,-403.575,0.0103,0.1167,1.0254,
7.145,IMU,347.7313,0.0000,173.8656,8.2025,0.0000,-996.177,-3.588,-0.156,-403.633,0.1099,0.0840,0.9878,
7.156,ENC,347.9665,0.0000,173.9832,5.8803,0.0000,-996.851,-3.588,-0.156,-403.633,0.1099,0.0840,0.9878,
7.172,ENC,348.0722,0.0000,174.0361,5.2837,0.0000,-997.153,-3.588,-0.156,-403.633,0.1099,0.0840,0.9878,
7.189,IMU,348.0722,0.0000,174.0361,5.2837,0.0000,-997.153,-3.666,0.028,-403.922,0.1343,0.1509,0.9766,
7.200,ENC,348.1659,0.0000,174.0830,4.6872,0.0000,-997.422,-3.666,0.028,-403.922,0.1343,0.1509,0.9766,
7.207,IMU,348.1659,0.0000,174.0830,4.6872,0.0000,-997.422,-3.712,0.199,-404.111,0.0640,0.1504,0.9512,
7.217,ENC,348.2562,0.0000,174.1281,4.5167,0.0000,-997.681,-3.712,0.199,-404.111,0.0640,0.1504,0.9512,
7.227,IMU,348.2562,0.0000,174.1281,4.5167,0.0000,-997.681,-3.745,0.261,-404.316,0.0962,0.0757,0.9390,
7.236,ENC,348.3381,0.0000,174.1690,4.0906,0.0000,-997.915,-3.745,0.261,-404.316,0.0962,0.0757,0.9390,
7.246,IMU,348.3381,0.0000,174.1690,4.0906,0.0000,-997.915,-3.774,0.272,-404.480,0.0732,0.0811,0.9849,
7.260,ENC,348.4199,0.0000,174.2099,4.0906,0.0000,-998.149,-3.774,0.272,-404.480,0.0732,0.0811,0.9849,
7.264,IMU,348.4199,0.0000,174.2099,4.0906,0.0000,-998.149,-3.780,0.231,-404.685,0.0718,-0.0225,1.0444,
7.272,ENC,348.4863,0.0000,174.2432,3.3236,0.0000,-998.340,-3.780,0.231,-404.685,0.0718,-0.0225,1.0444,
7.294,ENC,348.5460,0.0000,174.2730,2.9827,0.0000,-998.511,-3.780,0.231,-404.685,0.0718,-0.0225,1.0444,
7.304,IMU,348.5460,0.0000,174.2730,2.9827,0.0000,-998.511,-3.844,0.192,-404.956,0.0366,-0.0190,0.9873,
7.313,ENC,348.6040,0.0000,174.3020,2.8975,0.0000,-998.677,-3.844,0.192,-404.956,0.0366,-0.0190,0.9873,
7.327,IMU,348.6040,0.0000,174.3020,2.8975,0.0000,-998.677,-3.777,0.117,-405.061,0.0342,0.0083,0.9883,
7.338,ENC,348.6585,0.0000,174.3292,2.7271,0.0000,-998.833,-3.777,0.117,-405.061,0.0342,0.0083,0.9883,
7.345,IMU,348.6585,0.0000,174.3292,2.7271,0.0000,-998.833,-3.796,0.061,-405.164,0.0308,-0.0278,1.0137,
7.354,ENC,348.7079,0.0000,174.3540,2.4714,0.0000,-998.975,-3.796,0.061,-405.164,0.0308,-0.0278,1.0137,
7.370,IMU,348.7079,0.0000,174.3540,2.4714,0.0000,-998.975,-3.791,0.109,-405.239,0.0547,0.0337,0.9985,
7.377,ENC,348.7539,0.0000,174.3770,2.3010,0.0000,-999.106,-3.791,0.109,-405.239,0.0547,0.0337,0.9985,
7.384,IMU,348.7539,0.0000,174.3770,2.3010,0.0000,-999.106,-3.832,0.162,-405.331,0.1094,0.0444,0.9785,
7.392,ENC,348.7983,0.0000,174.3991,2.2158,0.0000,-999.233,-3.832,0.162,-405.331,0.1094,0.0444,0.9785,
7.404,IMU,348.7983,0.0000,174.3991,2.2158,0.0000,-999.233,-3.732,0.104,-405.403,-0.0020,0.0103,0.9531,
7.413,ENC,348.8477,0.0000,174.4238,2.4714,0.0000,-999.375,-3.732,0.104,-405.403,-0.0020,0.0103,0.9531,
7.423,IMU,348.8477,0.0000,174.4238,2.4714,0.0000,-999.375,-3.649,0.194,-405.484,0.0039,0.0698,1.0498,
7.434,ENC,348.8954,0.0000,174.4477,2.3862,0.0000,-999.512,-3.649,0.194,-405.484,0.0039,0.0698,1.0498,
7.444,IMU,348.8954,0.0000,174.4477,2.3862,0.0000,-999.512,-3.664,0.099,-405.549,0.0962,-0.0708,0.8940,
7.453,ENC,348.9380,0.0000,174.4690,2.1305,0.0000,-999.634,-3.664,0.099,-405.549,0.0962,-0.0708,0.8940,
7.463,IMU,348.9380,0.0000,174.4690,2.1305,0.0000,-999.634,-3.622,0.018,-405.667,-0.0190,-0.0601,1.0396,
7.472,ENC,348.9840,0.0000,174.4920,2.3010,0.0000,-999.766,-3.622,0.018,-405.667,-0.0190,-0.0601,1.0396,
7.493,ENC,349.0301,0.0000,174.5150,2.3010,0.0000,-999.897,-3.622,0.018,-405.667,-0.0190,-0.0601,1.0396,
7.502,IMU,349.0301,0.0000,174.5150,2.3010,0.0000,-999.897,-3.521,0.021,-405.832,0.0142,-0.0107,1.0615,
7.513,ENC,349.0778,0.0000,174.5389,2.3862,0.0000,-1000.034,-3.521,0.021,-405.832,0.0142,-0.0107,1.0615,
7.522,IMU,349.0778,0.0000,174.5389,2.3862,0.0000,-1000.034,-3.569,0.033,-405.908,0.0815,0.0415,0.9604,
7.533,ENC,349.1272,0.0000,174.5636,2.4714,0.0000,-1000.176,-3.569,0.033,-405.908,0.0815,0.0415,0.9604,
7.543,IMU,349.1272,0.0000,174.5636,2.4714,0.0000,-1000.176,-3.551,-0.027,-405.985,0.0010,-0.0386,1.0415,
7.553,ENC,349.1783,0.0000,174.5892,2.5566,0.0000,-1000.322,-3.551,-0.027,-405.985,0.0010,-0.0386,1.0415,
7.565,IMU,349.1783,0.0000,174.5892,2.5566,0.0000,-1000.322,-3.557,-0.116,-406.064,0.0420,-0.0977,1.0073,
7.577,ENC,349.2278,0.0000,174.6139,2.4714,0.0000,-1000.464,-3.557,-0.116,-406.064,0.0420,-0.0977,1.0073,
7.586,IMU,349.2278,0.0000,174.6139,2.4714,0.0000,-1000.464,-3.608,-0.051,-406.134,0.0908,0.0103,0.9385,
7.592,ENC,349.2755,0.0000,174.6377,2.3862,0.0000,-1000.601,-3.608,-0.051,-406.134,0.0908,0.0103,0.9385,
7.605,IMU,349.2755,0.0000,174.6377,2.3862,0.0000,-1000.601,-3.645,0.003,-406.250,0.0825,0.0713,0.9307,
7.612,ENC,349.3215,0.0000,174.6608,2.3010,0.0000,-1000.732,-3.645,0.003,-406.250,0.0825,0.0713,0.9307,
7.622,IMU,349.3215,0.0000,174.6608,2.3010,0.0000,-1000.732,-3.628,0.039,-406.373,0.0596,0.0361,1.0054,
7.633,ENC,349.3726,0.0000,174.6863,2.5566,0.0000,-1000.879,-3.628,0.039,-406.373,0.0596,0.0361,1.0054,
7.642,IMU,349.3726,0.0000,174.6863,2.5566,0.0000,-1000.879,-3.589,0.058,-406.518,0.0396,0.0176,1.0229,
7.654,ENC,349.4204,0.0000,174.7102,2.3862,0.0000,-1001.016,-3.589,0.058,-406.518,0.0396,0.0176,1.0229,
7.663,IMU,349.4204,0.0000,174.7102,2.3862,0.0000,-1001.016,-3.558,0.045,-406.675,0.0327,-0.0171,1.0381,
7.673,ENC,349.4698,0.0000,174.7349,2.4714,0.0000,-1001.157,-3.558,0.045,-406.675,0.0327,-0.0171,1.0381,
7.682,IMU,349.4698,0.0000,174.7349,2.4714,0.0000,-1001.157,-3.511,0.065,-406.796,-0.0181,0.0029,0.9912,
7.702,IMU,349.4698,0.0000,174.7349,2.4714,0.0000,-1001.157,-3.444,0.075,-406.928,0.0132,0.0112,1.0786,
7.713,ENC,349.5687,0.0000,174.7843,2.4714,0.0000,-1001.440,-3.444,0.075,-406.928,0.0132,0.0112,1.0786,
7.722,IMU,349.5687,0.0000,174.7843,2.4714,0.0000,-1001.440,-3.456,0.027,-407.087,0.0840,-0.0210,0.9292,
7.732,ENC,349.6181,0.0000,174.8090,2.4714,0.0000,-1001.582,-3.456,0.027,-407.087,0.0840,-0.0210,0.9292,
7.742,IMU,349.6181,0.0000,174.8090,2.4714,0.0000,-1001.582,-3.496,0.007,-407.210,0.0474,0.0024,1.0767,
7.753,ENC,349.6692,0.0000,174.8346,2.5566,0.0000,-1001.729,-3.496,0.007,-407.210,0.0474,0.0024,1.0767,
7.763,IMU,349.6692,0.0000,174.8346,2.5566,0.0000,-1001.729,-3.530,0.022,-407.349,0.0586,0.0298,1.0010,
7.774,ENC,349.7186,0.0000,174.8593,2.4714,0.0000,-1001.870,-3.530,0.022,-407.349,0.0586,0.0298,1.0010,
7.782,IMU,349.7186,0.0000,174.8593,2.4714,0.0000,-1001.870,-3.470,0.100,-407.463,0.0239,0.0361,1.0078,
7.793,ENC,349.7613,0.0000,174.8806,2.1305,0.0000,-1001.992,-3.470,0.100,-407.463,0.0239,0.0361,1.0078,
7.804,IMU,349.7613,0.0000,174.8806,2.1305,0.0000,-1001.992,-3.475,0.029,-407.589,0.1025,-0.0356,0.9321,
7.813,ENC,349.8328,0.0000,174.9164,3.5793,0.0000,-1002.197,-3.475,0.029,-407.589,0.1025,-0.0356,0.9321,
7.823,IMU,349.8328,0.0000,174.9164,3.5793,0.0000,-1002.197,-3.425,-0.008,-407.837,0.0161,-0.0479,1.0498,
7.833,ENC,349.8942,0.0000,174.9471,3.0680,0.0000,-1002.373,-3.425,-0.008,-407.837,0.0161,-0.0479,1.0498,
7.844,IMU,349.8942,0.0000,174.9471,3.0680,0.0000,-1002.373,-3.517,-0.072,-408.135,0.1006,0.0088,0.9204,
7.853,ENC,349.9573,0.0000,174.9786,3.1532,0.0000,-1002.554,-3.517,-0.072,-408.135,0.1006,0.0088,0.9204,
7.864,IMU,349.9573,0.0000,174.9786,3.1532,0.0000,-1002.554,-3.500,-0.162,-408.358,0.0688,-0.0552,0.9595,
7.873,ENC,350.0306,0.0000,175.0153,3.6645,0.0000,-1002.764,-3.500,-0.162,-408.358,0.0688,-0.0552,0.9595,
7.882,IMU,350.0306,0.0000,175.0153,3.6645,0.0000,-1002.764,-3.488,-0.273,-408.601,0.0674,-0.0610,0.9585,
7.892,ENC,350.1124,0.0000,175.0562,4.0906,0.0000,-1002.998,-3.488,-0.273,-408.601,0.0674,-0.0610,0.9585,
7.912,IMU,350.1124,0.0000,175.0562,4.0906,0.0000,-1002.998,-3.475,-0.228,-408.888,0.0625,0.0322,1.0420,
7.913,ENC,350.2027,0.0000,175.1014,4.5167,0.0000,-1003.257,-3.475,-0.228,-408.888,0.0625,0.0322,1.0420,
7.927,IMU,350.2027,0.0000,175.1014,4.5167,0.0000,-1003.257,-3.445,-0.189,-409.235,0.0166,0.0317,1.0278,
7.939,ENC,350.2845,0.0000,175.1423,4.0906,0.0000,-1003.491,-3.445,-0.189,-409.235,0.0166,0.0317,1.0278,
7.943,IMU,350.2845,0.0000,175.1423,4.0906,0.0000,-1003.491,-3.385,-0.194,-409.468,0.0259,0.0264,1.0166,
7.965,IMU,350.2845,0.0000,175.1423,4.0906,0.0000,-1003.491,-3.384,-0.322,-409.690,0.0454,-0.0659,0.9443,
7.972,ENC,350.4652,0.0000,175.2326,4.5167,0.0000,-1004.009,-3.384,-0.322,-409.690,0.0454,-0.0659,0.9443,
7.982,IMU,350.4652,0.0000,175.2326,4.5167,0.0000,-1004.009,-3.449,-0.355,-410.005,0.1255,-0.0146,0.9155,
7.993,ENC,350.5657,0.0000,175.2829,5.0280,0.0000,-1004.297,-3.449,-0.355,-410.005,0.1255,-0.0146,0.9155,
8.003,IMU,350.5657,0.0000,175.2829,5.0280,0.0000,-1004.297,-3.465,-0.415,-410.302,0.0361,-0.0591,0.9946,
8.017,ENC,350.6578,0.0000,175.3289,4.6019,0.0000,-1004.561,-3.465,-0.415,-410.302,0.0361,-0.0591,0.9946,
8.024,IMU,350.6578,0.0000,175.3289,4.6019,0.0000,-1004.561,-3.414,-0.502,-410.624,0.0322,-0.0552,0.9727,
8.033,ENC,350.7600,0.0000,175.3800,5.1133,0.0000,-1004.854,-3.414,-0.502,-410.624,0.0322,-0.0552,0.9727,
8.042,IMU,350.7600,0.0000,175.3800,5.1133,0.0000,-1004.854,-3.381,-0.624,-410.893,0.0264,-0.0591,0.9678,
8.053,ENC,350.8504,0.0000,175.4252,4.5167,0.0000,-1005.112,-3.381,-0.624,-410.893,0.0264,-0.0591,0.9678,
8.063,IMU,350.8504,0.0000,175.4252,4.5167,0.0000,-1005.112,-3.324,-0.687,-411.114,-0.0103,-0.0220,1.0264,
8.076,ENC,350.9390,0.0000,175.4695,4.4315,0.0000,-1005.366,-3.324,-0.687,-411.114,-0.0103,-0.0220,1.0264,
8.083,IMU,350.9390,0.0000,175.4695,4.4315,0.0000,-1005.366,-3.371,-0.788,-411.295,0.0977,-0.0796,0.9639,
8.092,ENC,351.0311,0.0000,175.5155,4.6019,0.0000,-1005.630,-3.371,-0.788,-411.295,0.0977,-0.0796,0.9639,
8.102,IMU,351.0311,0.0000,175.5155,4.6019,0.0000,-1005.630,-3.364,-0.803,-411.531,0.0908,-0.0366,1.0239,
8.115,ENC,351.1180,0.0000,175.5590,4.3463,0.0000,-1005.879,-3.364,-0.803,-411.531,0.0908,-0.0366,1.0239,
8.123,IMU,351.1180,0.0000,175.5590,4.3463,0.0000,-1005.879,-3.471,-0.835,-411.803,0.1206,-0.0269,1.0083,
8.132,ENC,351.2219,0.0000,175.6110,5.1985,0.0000,-1006.177,-3.471,-0.835,-411.803,0.1206,-0.0269,1.0083,
8.142,IMU,351.2219,0.0000,175.6110,5.1985,0.0000,-1006.177,-3.562,-0.930,-412.048,0.1543,-0.0801,0.8755,
8.152,ENC,351.3344,0.0000,175.6672,5.6246,0.0000,-1006.499,-3.562,-0.930,-412.048,0.1543,-0.0801,0.8755,
8.162,IMU,351.3344,0.0000,175.6672,5.6246,0.0000,-1006.499,-3.532,-0.858,-412.245,0.0459,0.0498,1.0605,
8.172,ENC,351.4367,0.0000,175.7184,5.1133,0.0000,-1006.792,-3.532,-0.858,-412.245,0.0459,0.0498,1.0605,
8.182,IMU,351.4367,0.0000,175.7184,5.1133,0.0000,-1006.792,-3.447,-0.910,-412.488,-0.0044,-0.0220,1.0352,
8.194,ENC,351.5390,0.0000,175.7695,5.1133,0.0000,-1007.085,-3.447,-0.910,-412.488,-0.0044,-0.0220,1.0352,
8.213,ENC,351.6463,0.0000,175.8232,5.3689,0.0000,-1007.393,-3.447,-0.910,-412.488,-0.0044,-0.0220,1.0352,
8.224,IMU,351.6463,0.0000,175.8232,5.3689,0.0000,-1007.393,-3.384,-0.863,-412.962,-0.0171,0.0762,1.0527,
8.233,ENC,351.7554,0.0000,175.8777,5.4542,0.0000,-1007.705,-3.384,-0.863,-412.962,-0.0171,0.0762,1.0527,
8.243,IMU,351.7554,0.0000,175.8777,5.4542,0.0000,-1007.705,-3.329,-0.861,-413.237,0.0024,0.0107,0.9497,
8.252,ENC,351.8679,0.0000,175.9340,5.6246,0.0000,-1008.027,-3.329,-0.861,-413.237,0.0024,0.0107,0.9497,
8.273,IMU,351.8679,0.0000,175.9340,5.6246,0.0000,-1008.027,-3.351,-0.754,-413.552,0.0923,0.0630,0.8931,
8.275,ENC,351.9821,0.0000,175.9911,5.7098,0.0000,-1008.354,-3.351,-0.754,-413.552,0.0923,0.0630,0.8931,
8.283,IMU,351.9821,0.0000,175.9911,5.7098,0.0000,-1008.354,-3.327,-0.696,-413.756,0.0186,0.0386,1.0068,
8.293,ENC,352.0929,0.0000,176.0465,5.5394,0.0000,-1008.672,-3.327,-0.696,-413.756,0.0186,0.0386,1.0068,
8.303,IMU,352.0929,0.0000,176.0465,5.5394,0.0000,-1008.672,-3.154,-0.688,-414.003,-0.0830,-0.0303,1.0342,
8.320,ENC,352.2003,0.0000,176.1001,5.3689,0.0000,-1008.979,-3.154,-0.688,-414.003,-0.0830,-0.0303,1.0342,
8.324,IMU,352.2003,0.0000,176.1001,5.3689,0.0000,-1008.979,-3.160,-0.736,-414.233,0.0776,-0.0640,0.9585,
8.333,ENC,352.3128,0.0000,176.1564,5.6246,0.0000,-1009.302,-3.160,-0.736,-414.233,0.0776,-0.0640,0.9585,
8.343,IMU,352.3128,0.0000,176.1564,5.6246,0.0000,-1009.302,-3.120,-0.757,-414.497,0.0254,0.0122,0.9556,
8.353,ENC,352.4219,0.0000,176.2109,5.4542,0.0000,-1009.614,-3.120,-0.757,-414.497,0.0254,0.0122,0.9556,
8.366,IMU,352.4219,0.0000,176.2109,5.4542,0.0000,-1009.614,-3.040,-0.876,-414.778,0.0186,-0.0854,0.9829,
8.373,ENC,352.5326,0.0000,176.2663,5.5394,0.0000,-1009.932,-3.040,-0.876,-414.778,0.0186,-0.0854,0.9829,
8.386,IMU,352.5326,0.0000,176.2663,5.5394,0.0000,-1009.932,-3.076,-0.837,-415.022,0.0532,0.0571,1.0532,
8.394,ENC,352.6417,0.0000,176.3209,5.4542,0.0000,-1010.244,-3.076,-0.837,-415.022,0.0532,0.0571,1.0532,
8.404,IMU,352.6417,0.0000,176.3209,5.4542,0.0000,-1010.244,-3.186,-0.814,-415.235,0.1514,0.0288,0.9648,
8.420,ENC,352.7457,0.0000,176.3728,5.1985,0.0000,-1010.542,-3.186,-0.814,-415.235,0.1514,0.0288,0.9648,
8.424,IMU,352.7457,0.0000,176.3728,5.1985,0.0000,-1010.542,-3.146,-0.833,-415.532,0.0742,-0.0205,0.8726,
8.435,ENC,352.8514,0.0000,176.4257,5.2837,0.0000,-1010.845,-3.146,-0.833,-415.532,0.0742,-0.0205,0.8726,
8.444,IMU,352.8514,0.0000,176.4257,5.2837,0.0000,-1010.845,-3.229,-0.942,-415.755,0.0996,-0.0791,0.9722,
8.453,ENC,352.9502,0.0000,176.4751,4.9428,0.0000,-1011.128,-3.229,-0.942,-415.755,0.0996,-0.0791,0.9722,
8.464,IMU,352.9502,0.0000,176.4751,4.9428,0.0000,-1011.128,-3.124,-0.929,-415.990,-0.0557,0.0151,1.0205,
8.477,ENC,353.0525,0.0000,176.5262,5.1133,0.0000,-1011.421,-3.124,-0.929,-415.990,-0.0557,0.0151,1.0205,
8.488,IMU,353.0525,0.0000,176.5262,5.1133,0.0000,-1011.421,-3.110,-0.947,-416.269,0.0513,-0.0259,1.0269,
8.493,ENC,353.1496,0.0000,176.5748,4.8576,0.0000,-1011.699,-3.110,-0.947,-416.269,0.0513,-0.0259,1.0269,
8.504,IMU,353.1496,0.0000,176.5748,4.8576,0.0000,-1011.699,-3.082,-0.941,-416.514,0.0239,-0.0381,1.0117,
8.514,ENC,353.2468,0.0000,176.6234,4.8576,0.0000,-1011.978,-3.082,-0.941,-416.514,0.0239,-0.0381,1.0117,
8.523,IMU,353.2468,0.0000,176.6234,4.8576,0.0000,-1011.978,-3.061,-0.971,-416.736,0.0693,-0.0361,1.0376,
8.533,ENC,353.3405,0.0000,176.6703,4.6872,0.0000,-1012.246,-3.061,-0.971,-416.736,0.0693,-0.0361,1.0376,
8.544,IMU,353.3405,0.0000,176.6703,4.6872,0.0000,-1012.246,-3.049,-0.999,-416.939,0.0107,-0.0166,1.0684,
8.554,ENC,353.4377,0.0000,176.7188,4.8576,0.0000,-1012.524,-3.049,-0.999,-416.939,0.0107,-0.0166,1.0684,
8.563,IMU,353.4377,0.0000,176.7188,4.8576,0.0000,-1012.524,-2.957,-1.042,-417.166,-0.0034,-0.0073,1.0610,
8.585,IMU,353.4377,0.0000,176.7188,4.8576,0.0000,-1012.524,-2.911,-1.064,-417.347,0.0342,-0.0283,1.0527,
8.593,ENC,353.6218,0.0000,176.8109,4.6019,0.0000,-1013.052,-2.911,-1.064,-417.347,0.0342,-0.0283,1.0527,
8.604,IMU,353.6218,0.0000,176.8109,4.6019,0.0000,-1013.052,-2.918,-1.097,-417.591,0.0884,-0.0215,0.9927,
8.613,ENC,353.7138,0.0000,176.8569,4.6019,0.0000,-1013.315,-2.918,-1.097,-417.591,0.0884,-0.0215,0.9927,
8.626,IMU,353.7138,0.0000,176.8569,4.6019,0.0000,-1013.315,-2.885,-1.099,-417.806,-0.0210,0.0176,1.1191,
8.634,ENC,353.8059,0.0000,176.9029,4.6019,0.0000,-1013.579,-2.885,-1.099,-417.806,-0.0210,0.0176,1.1191,
8.643,IMU,353.8059,0.0000,176.9029,4.6019,0.0000,-1013.579,-2.833,-1.152,-418.002,0.0176,-0.0459,1.0146,
8.653,ENC,353.8894,0.0000,176.9447,4.1758,0.0000,-1013.818,-2.833,-1.152,-418.002,0.0176,-0.0459,1.0146,
8.663,IMU,353.8894,0.0000,176.9447,4.1758,0.0000,-1013.818,-2.923,-1.162,-418.206,0.0864,0.0034,0.9551,
8.684,IMU,353.8894,0.0000,176.9447,4.1758,0.0000,-1013.818,-2.912,-1.123,-418.420,0.0366,0.0562,1.1445,
8.694,ENC,354.0973,0.0000,177.0487,5.1985,0.0000,-1014.414,-2.912,-1.123,-418.420,0.0366,0.0562,1.1445,
8.704,IMU,354.0973,0.0000,177.0487,5.1985,0.0000,-1014.414,-2.853,-1.149,-418.771,0.0098,-0.0713,1.0220,
8.714,ENC,354.2047,0.0000,177.1023,5.3689,0.0000,-1014.722,-2.853,-1.149,-418.771,0.0098,-0.0713,1.0220,
8.723,IMU,354.2047,0.0000,177.1023,5.3689,0.0000,-1014.722,-2.804,-1.183,-419.118,-0.0430,0.0327,1.0396,
8.734,ENC,354.3240,0.0000,177.1620,5.9655,0.0000,-1015.063,-2.804,-1.183,-419.118,-0.0430,0.0327,1.0396,
8.743,IMU,354.3240,0.0000,177.1620,5.9655,0.0000,-1015.063,-2.744,-1.061,-419.415,-0.0015,0.1025,1.0688,
8.756,ENC,354.4399,0.0000,177.2199,5.7950,0.0000,-1015.396,-2.744,-1.061,-419.415,-0.0015,0.1025,1.0688,
8.764,IMU,354.4399,0.0000,177.2199,5.7950,0.0000,-1015.396,-2.852,-1.030,-419.748,0.1338,0.0249,0.8486,
8.773,ENC,354.5592,0.0000,177.2796,5.9655,0.0000,-1015.737,-2.852,-1.030,-419.748,0.1338,0.0249,0.8486,
8.784,IMU,354.5592,0.0000,177.2796,5.9655,0.0000,-1015.737,-2.837,-0.922,-420.036,0.0161,0.0908,1.0811,
8.799,ENC,354.6768,0.0000,177.3384,5.8803,0.0000,-1016.074,-2.837,-0.922,-420.036,0.0161,0.0908,1.0811,
8.805,IMU,354.6768,0.0000,177.3384,5.8803,0.0000,-1016.074,-2.766,-0.917,-420.416,0.0137,0.0020,1.0029,
8.813,ENC,354.7961,0.0000,177.3981,5.9655,0.0000,-1016.416,-2.766,-0.917,-420.416,0.0137,0.0020,1.0029,
8.824,IMU,354.7961,0.0000,177.3981,5.9655,0.0000,-1016.416,-2.725,-1.034,-420.777,0.0034,-0.0742,1.0288,
8.832,ENC,354.9103,0.0000,177.4552,5.7098,0.0000,-1016.743,-2.725,-1.034,-420.777,0.0034,-0.0742,1.0288,
8.843,IMU,354.9103,0.0000,177.4552,5.7098,0.0000,-1016.743,-2.765,-1.032,-421.115,0.0981,-0.0259,0.8809,
8.853,ENC,355.0399,0.0000,177.5199,6.4768,0.0000,-1017.114,-2.765,-1.032,-421.115,0.0981,-0.0259,0.8809,
8.868,IMU,355.0399,0.0000,177.5199,6.4768,0.0000,-1017.114,-2.755,-0.994,-421.504,0.0371,0.0693,0.9414,
8.873,ENC,355.1609,0.0000,177.5804,6.0507,0.0000,-1017.461,-2.755,-0.994,-421.504,0.0371,0.0693,0.9414,
8.885,IMU,355.1609,0.0000,177.5804,6.0507,0.0000,-1017.461,-2.783,-1.004,-421.916,0.0957,-0.0137,0.9097,
8.895,ENC,355.2836,0.0000,177.6418,6.1359,0.0000,-1017.813,-2.783,-1.004,-421.916,0.0957,-0.0137,0.9097,
8.903,IMU,355.2836,0.0000,177.6418,6.1359,0.0000,-1017.813,-2.775,-1.081,-422.295,-0.0273,-0.0308,0.9976,
8.915,ENC,355.4131,0.0000,177.7066,6.4768,0.0000,-1018.184,-2.775,-1.081,-422.295,-0.0273,-0.0308,0.9976,
8.925,IMU,355.4131,0.0000,177.7066,6.4768,0.0000,-1018.184,-2.714,-1.052,-422.647,0.0508,0.0127,1.0376,
8.934,ENC,355.5375,0.0000,177.7688,6.2211,0.0000,-1018.540,-2.714,-1.052,-422.647,0.0508,0.0127,1.0376,
8.944,IMU,355.5375,0.0000,177.7688,6.2211,0.0000,-1018.540,-2.712,-1.004,-423.012,0.0483,0.0269,1.0249,
8.953,ENC,355.6637,0.0000,177.8318,6.3064,0.0000,-1018.901,-2.712,-1.004,-423.012,0.0483,0.0269,1.0249,
8.963,IMU,355.6637,0.0000,177.8318,6.3064,0.0000,-1018.901,-2.784,-1.132,-423.421,0.1226,-0.0874,1.0068,
8.973,ENC,355.7915,0.0000,177.8958,6.3916,0.0000,-1019.268,-2.784,-1.132,-423.421,0.1226,-0.0874,1.0068,
8.987,IMU,355.7915,0.0000,177.8958,6.3916,0.0000,-1019.268,-2.754,-1.045,-423.788,0.0356,0.0747,0.9932,
8.994,ENC,355.9279,0.0000,177.9639,6.8177,0.0000,-1019.658,-2.754,-1.045,-423.788,0.0356,0.0747,0.9932,
9.004,IMU,355.9279,0.0000,177.9639,6.8177,0.0000,-1019.658,-2.777,-1.018,-424.151,0.0747,0.0259,0.9922,
9.012,ENC,356.0557,0.0000,178.0278,6.3916,0.0000,-1020.024,-2.777,-1.018,-424.151,0.0747,0.0259,0.9922,
9.024,IMU,356.0557,0.0000,178.0278,6.3916,0.0000,-1020.024,-2.853,-0.967,-424.554,0.1216,0.0503,0.9331,
9.039,ENC,356.1886,0.0000,178.0943,6.6473,0.0000,-1020.405,-2.853,-0.967,-424.554,0.1216,0.0503,0.9331,
9.043,IMU,356.1886,0.0000,178.0943,6.6473,0.0000,-1020.405,-2.750,-0.909,-424.966,-0.0332,0.0371,1.0688,
9.053,ENC,356.3062,0.0000,178.1531,5.8803,0.0000,-1020.742,-2.750,-0.909,-424.966,-0.0332,0.0371,1.0688,
9.063,IMU,356.3062,0.0000,178.1531,5.8803,0.0000,-1020.742,-2.674,-1.016,-425.348,0.0195,-0.0571,0.9756,
9.073,ENC,356.4255,0.0000,178.2128,5.9655,0.0000,-1021.084,-2.674,-1.016,-425.348,0.0195,-0.0571,0.9756,
9.083,IMU,356.4255,0.0000,178.2128,5.9655,0.0000,-1021.084,-2.703,-1.105,-425.756,0.0874,-0.0864,0.9038,
9.094,ENC,356.5415,0.0000,178.2707,5.7950,0.0000,-1021.416,-2.703,-1.105,-425.756,0.0874,-0.0864,0.9038,
9.113,ENC,356.6574,0.0000,178.3287,5.7950,0.0000,-1021.748,-2.703,-1.105,-425.756,0.0874,-0.0864,0.9038,
9.124,IMU,356.6574,0.0000,178.3287,5.7950,0.0000,-1021.748,-2.788,-1.204,-426.507,0.0825,-0.0308,1.0898,
9.134,ENC,356.7613,0.0000,178.3807,5.1985,0.0000,-1022.046,-2.788,-1.204,-426.507,0.0825,-0.0308,1.0898,
9.144,IMU,356.7613,0.0000,178.3807,5.1985,0.0000,-1022.046,-2.790,-1.224,-426.947,0.0234,0.0098,1.0986,
9.155,ENC,356.8721,0.0000,178.4361,5.5394,0.0000,-1022.363,-2.790,-1.224,-426.947,0.0234,0.0098,1.0986,
9.173,ENC,356.9812,0.0000,178.4906,5.4542,0.0000,-1022.676,-2.790,-1.224,-426.947,0.0234,0.0098,1.0986,
9.186,IMU,356.9812,0.0000,178.4906,5.4542,0.0000,-1022.676,-2.878,-1.246,-427.728,0.0151,0.0430,1.0659,
9.193,ENC,357.0937,0.0000,178.5468,5.6246,0.0000,-1022.998,-2.878,-1.246,-427.728,0.0151,0.0430,1.0659,
9.204,IMU,357.0937,0.0000,178.5468,5.6246,0.0000,-1022.998,-2.831,-1.260,-428.131,0.0093,-0.0098,1.0908,
9.213,ENC,357.2011,0.0000,178.6005,5.3689,0.0000,-1023.306,-2.831,-1.260,-428.131,0.0093,-0.0098,1.0908,
9.227,IMU,357.2011,0.0000,178.6005,5.3689,0.0000,-1023.306,-2.755,-1.254,-428.491,0.0391,-0.0166,0.8350,
9.233,ENC,357.3136,0.0000,178.6568,5.6246,0.0000,-1023.628,-2.755,-1.254,-428.491,0.0391,-0.0166,0.8350,
9.243,IMU,357.3136,0.0000,178.6568,5.6246,0.0000,-1023.628,-2.730,-1.236,-428.882,0.0142,0.0151,0.9756,
9.254,ENC,357.4278,0.0000,178.7139,5.7098,0.0000,-1023.955,-2.730,-1.236,-428.882,0.0142,0.0151,0.9756,
9.263,IMU,357.4278,0.0000,178.7139,5.7098,0.0000,-1023.955,-2.711,-1.293,-429.271,-0.0264,-0.0176,1.1973,
9.273,ENC,357.5368,0.0000,178.7684,5.4542,0.0000,-1024.268,-2.711,-1.293,-429.271,-0.0264,-0.0176,1.1973,
9.284,IMU,357.5368,0.0000,178.7684,5.4542,0.0000,-1024.268,-2.724,-1.213,-429.675,-0.0166,0.0835,1.1836,
9.296,ENC,357.6544,0.0000,178.8272,5.8803,0.0000,-1024.604,-2.724,-1.213,-429.675,-0.0166,0.0835,1.1836,
9.304,IMU,357.6544,0.0000,178.8272,5.8803,0.0000,-1024.604,-2.844,-1.008,-430.022,0.1143,0.1646,1.0186,
9.313,ENC,357.7720,0.0000,178.8860,5.8803,0.0000,-1024.941,-2.844,-1.008,-430.022,0.1143,0.1646,1.0186,
9.324,IMU,357.7720,0.0000,178.8860,5.8803,0.0000,-1024.941,-2.829,-1.055,-430.396,0.0146,-0.0562,1.0532,
9.334,ENC,357.8828,0.0000,178.9414,5.5394,0.0000,-1025.259,-2.829,-1.055,-430.396,0.0146,-0.0562,1.0532,
9.344,IMU,357.8828,0.0000,178.9414,5.5394,0.0000,-1025.259,-2.958,-1.090,-430.804,0.1079,-0.0024,0.8691,
9.354,ENC,358.0004,0.0000,179.0002,5.8803,0.0000,-1025.596,-2.958,-1.090,-430.804,0.1079,-0.0024,0.8691,
9.373,ENC,358.1146,0.0000,179.0573,5.7098,0.0000,-1025.923,-2.958,-1.090,-430.804,0.1079,-0.0024,0.8691,
9.384,IMU,358.1146,0.0000,179.0573,5.7098,0.0000,-1025.923,-3.023,-1.206,-431.646,0.0913,-0.0483,1.0049,
9.393,ENC,358.2493,0.0000,179.1246,6.7325,0.0000,-1026.309,-3.023,-1.206,-431.646,0.0913,-0.0483,1.0049,
9.403,IMU,358.2493,0.0000,179.1246,6.7325,0.0000,-1026.309,-3.050,-1.164,-432.076,0.0771,-0.0034,0.9785,
9.413,ENC,358.3925,0.0000,179.1962,7.1586,0.0000,-1026.719,-3.050,-1.164,-432.076,0.0771,-0.0034,0.9785,
9.435,ENC,358.5152,0.0000,179.2576,6.1359,0.0000,-1027.070,-3.050,-1.164,-432.076,0.0771,-0.0034,0.9785,
9.454,ENC,358.6430,0.0000,179.3215,6.3916,0.0000,-1027.437,-3.050,-1.164,-432.076,0.0771,-0.0034,0.9785,
9.473,ENC,358.7674,0.0000,179.3837,6.2211,0.0000,-1027.793,-3.050,-1.164,-432.076,0.0771,-0.0034,0.9785,
9.484,IMU,358.7674,0.0000,179.3837,6.2211,0.0000,-1027.793,-2.904,-1.323,-433.610,-0.0874,0.0684,1.1177,
9.493,ENC,358.9004,0.0000,179.4502,6.6473,0.0000,-1028.174,-2.904,-1.323,-433.610,-0.0874,0.0684,1.1177,
9.505,IMU,358.9004,0.0000,179.4502,6.6473,0.0000,-1028.174,-2.997,-1.250,-433.949,0.0688,0.0498,0.9668,
9.513,ENC,359.0299,0.0000,179.5150,6.4768,0.0000,-1028.545,-2.997,-1.250,-433.949,0.0688,0.0498,0.9668,
9.533,ENC,359.1663,0.0000,179.5831,6.8177,0.0000,-1028.936,-2.997,-1.250,-433.949,0.0688,0.0498,0.9668,
9.547,IMU,359.1663,0.0000,179.5831,6.8177,0.0000,-1028.936,-2.927,-1.349,-434.749,-0.0923,0.0273,1.1743,
9.553,ENC,359.3009,0.0000,179.6505,6.7325,0.0000,-1029.321,-2.927,-1.349,-434.749,-0.0923,0.0273,1.1743,
9.563,IMU,359.3009,0.0000,179.6505,6.7325,0.0000,-1029.321,-2.965,-1.458,-435.140,0.0815,-0.1128,0.9238,
9.572,ENC,359.4356,0.1960,179.8158,6.7325,9.8004,-1029.146,-2.965,-1.458,-435.140,0.0815,-0.1128,0.9238,
9.584,IMU,359.4356,0.1960,179.8158,6.7325,9.8004,-1029.146,-3.002,-1.474,-435.553,0.0947,-0.0322,0.8794,
9.597,ENC,359.5753,0.0000,179.7877,6.9881,-9.8004,-1030.107,-3.002,-1.474,-435.553,0.0947,-0.0322,0.8794,
9.603,IMU,359.5753,0.0000,179.7877,6.9881,-9.8004,-1030.107,-3.099,-1.471,-435.928,0.1816,0.0234,0.9287,
9.613,ENC,359.7066,0.1960,179.9513,6.5620,9.8004,-1029.922,-3.099,-1.471,-435.928,0.1816,0.0234,0.9287,
9.623,IMU,359.7066,0.1960,179.9513,6.5620,9.8004,-1029.922,-3.104,-1.363,-436.370,0.0542,0.0762,1.0254,
9.634,ENC,359.8378,0.0000,179.9189,6.5620,-9.8004,-1030.859,-3.104,-1.363,-436.370,0.0542,0.0762,1.0254,
9.645,IMU,359.8378,0.0000,179.9189,6.5620,-9.8004,-1030.859,-3.052,-1.480,-436.797,0.0142,-0.0698,0.8496,
9.654,ENC,359.9639,0.0000,179.9820,6.3064,0.0000,-1031.221,-3.052,-1.480,-436.797,0.0142,-0.0698,0.8496,
9.664,IMU,359.9639,0.0000,179.9820,6.3064,0.0000,-1031.221,-3.150,-1.534,-437.196,0.1318,-0.0601,1.0278,
9.676,ENC,360.0832,0.0000,180.0416,5.9655,0.0000,-1031.562,-3.150,-1.534,-437.196,0.1318,-0.0601,1.0278,
9.689,IMU,360.0832,0.0000,180.0416,5.9655,0.0000,-1031.562,-3.075,-1.530,-437.650,0.0225,0.0151,0.9346,
9.693,ENC,360.2077,0.0000,180.1038,6.2211,0.0000,-1031.919,-3.075,-1.530,-437.650,0.0225,0.0151,0.9346,
9.705,IMU,360.2077,0.0000,180.1038,6.2211,0.0000,-1031.919,-2.986,-1.492,-438.079,-0.0723,0.0518,1.1255,
9.716,ENC,360.3253,0.0000,180.1626,5.8803,0.0000,-1032.256,-2.986,-1.492,-438.079,-0.0723,0.0518,1.1255,
9.724,IMU,360.3253,0.0000,180.1626,5.8803,0.0000,-1032.256,-3.055,-1.437,-438.513,0.0571,0.0376,0.9463,
9.733,ENC,360.4480,0.0000,180.2240,6.1359,0.0000,-1032.607,-3.055,-1.437,-438.513,0.0571,0.0376,0.9463,
9.759,ENC,360.5707,0.0000,180.2854,6.1359,0.0000,-1032.959,-3.055,-1.437,-438.513,0.0571,0.0376,0.9463,
9.764,IMU,360.5707,0.0000,180.2854,6.1359,0.0000,-1032.959,-3.023,-1.448,-439.333,0.0020,-0.0229,1.0249,
9.774,ENC,360.6866,0.0000,180.3433,5.7950,0.0000,-1033.291,-3.023,-1.448,-439.333,0.0020,-0.0229,1.0249,
9.783,IMU,360.6866,0.0000,180.3433,5.7950,0.0000,-1033.291,-3.032,-1.405,-439.751,0.0674,0.0488,0.9634,
9.793,ENC,360.8076,0.0000,180.4038,6.0507,0.0000,-1033.638,-3.032,-1.405,-439.751,0.0674,0.0488,0.9634,
9.804,IMU,360.8076,0.0000,180.4038,6.0507,0.0000,-1033.638,-3.191,-1.526,-440.200,0.1562,-0.0825,1.0024,
9.824,IMU,360.8076,0.0000,180.4038,6.0507,0.0000,-1033.638,-3.126,-1.513,-440.566,0.0581,0.0200,0.9912,
9.840,ENC,361.0633,0.0000,180.5316,6.3916,0.0000,-1034.370,-3.126,-1.513,-440.566,0.0581,0.0200,0.9912,
9.844,IMU,361.0633,0.0000,180.5316,6.3916,0.0000,-1034.370,-3.241,-1.476,-440.933,0.1479,0.0156,0.9595,
9.864,IMU,361.0633,0.0000,180.5316,6.3916,0.0000,-1034.370,-3.241,-1.551,-441.321,0.0518,-0.0996,0.9629,
9.883,IMU,361.0633,0.0000,180.5316,6.3916,0.0000,-1034.370,-3.301,-1.584,-441.668,0.0542,-0.0425,0.9775,
9.903,IMU,361.0633,0.0000,180.5316,6.3916,0.0000,-1034.370,-3.252,-1.612,-441.962,0.0327,-0.0005,0.8970,
9.914,ENC,361.4723,0.0000,180.7362,5.1133,0.0000,-1035.542,-3.252,-1.612,-441.962,0.0327,-0.0005,0.8970,
9.924,IMU,361.4723,0.0000,180.7362,5.1133,0.0000,-1035.542,-3.102,-1.604,-442.323,-0.0244,-0.0298,0.9937,
9.934,ENC,361.5542,0.0000,180.7771,4.0906,0.0000,-1035.776,-3.102,-1.604,-442.323,-0.0244,-0.0298,0.9937,
9.949,IMU,361.5542,0.0000,180.7771,4.0906,0.0000,-1035.776,-3.115,-1.649,-442.635,0.0083,-0.0459,1.0366,
9.953,ENC,361.6411,0.0000,180.8205,4.3463,0.0000,-1036.025,-3.115,-1.649,-442.635,0.0083,-0.0459,1.0366,
9.963,IMU,361.6411,0.0000,180.8205,4.3463,0.0000,-1036.025,-3.082,-1.709,-442.944,0.0361,-0.0400,0.9590,
9.973,ENC,361.7280,0.0000,180.8640,4.3463,0.0000,-1036.274,-3.082,-1.709,-442.944,0.0361,-0.0400,0.9590,
9.983,IMU,361.7280,0.0000,180.8640,4.3463,0.0000,-1036.274,-3.136,-1.664,-443.214,0.0957,0.0322,0.9805,
9.993,ENC,361.8115,0.0000,180.9058,4.1758,0.0000,-1036.514,-3.136,-1.664,-443.214,0.0957,0.0322,0.9805,
10.004,IMU,361.8115,0.0000,180.9058,4.1758,0.0000,-1036.514,-3.052,-1.795,-443.469,-0.0103,-0.0898,0.9800,
10.013,ENC,361.8916,0.0000,180.9458,4.0054,0.0000,-1036.743,-3.052,-1.795,-443.469,-0.0103,-0.0898,0.9800,
10.023,IMU,361.8916,0.0000,180.9458,4.0054,0.0000,-1036.743,-3.092,-1.787,-443.807,0.0557,-0.0366,0.9639,
10.033,ENC,361.9854,0.0000,180.9927,4.6872,0.0000,-1037.012,-3.092,-1.787,-443.807,0.0557,-0.0366,0.9639,
10.045,IMU,361.9854,0.0000,180.9927,4.6872,0.0000,-1037.012,-3.033,-1.993,-444.080,-0.0400,-0.1294,0.9810,
10.053,ENC,362.0825,0.0000,181.0413,4.8576,0.0000,-1037.290,-3.033,-1.993,-444.080,-0.0400,-0.1294,0.9810,
10.064,IMU,362.0825,0.0000,181.0413,4.8576,0.0000,-1037.290,-2.946,-1.995,-444.300,-0.0322,-0.0449,0.9839,
10.073,ENC,362.1712,0.0000,181.0856,4.4315,0.0000,-1037.544,-2.946,-1.995,-444.300,-0.0322,-0.0449,0.9839,
10.095,ENC,362.2598,0.0000,181.1299,4.4315,0.0000,-1037.798,-2.946,-1.995,-444.300,-0.0322,-0.0449,0.9839,
10.106,IMU,362.2598,0.0000,181.1299,4.4315,0.0000,-1037.798,-2.843,-2.035,-444.564,0.0508,-0.0688,0.9414,
10.114,ENC,362.3535,0.0000,181.1768,4.6872,0.0000,-1038.066,-2.843,-2.035,-444.564,0.0508,-0.0688,0.9414,
10.125,IMU,362.3535,0.0000,181.1768,4.6872,0.0000,-1038.066,-2.848,-2.114,-444.709,0.0444,-0.0737,0.9922,
10.133,ENC,362.4456,0.0000,181.2228,4.6019,0.0000,-1038.330,-2.848,-2.114,-444.709,0.0444,-0.0737,0.9922,
10.144,IMU,362.4456,0.0000,181.2228,4.6019,0.0000,-1038.330,-2.827,-2.218,-444.748,0.0229,-0.1118,0.9912,
10.165,ENC,362.5359,0.0000,181.2680,4.5167,0.0000,-1038.589,-2.827,-2.218,-444.748,0.0229,-0.1118,0.9912,
10.168,IMU,362.5359,0.0000,181.2680,4.5167,0.0000,-1038.589,-2.828,-2.270,-444.846,0.0591,-0.0703,0.9951,
10.173,ENC,362.6296,0.0000,181.3148,4.6872,0.0000,-1038.857,-2.828,-2.270,-444.846,0.0591,-0.0703,0.9951,
10.194,ENC,362.7285,0.0000,181.3643,4.9428,0.0000,-1039.141,-2.828,-2.270,-444.846,0.0591,-0.0703,0.9951,
10.204,IMU,362.7285,0.0000,181.3643,4.9428,0.0000,-1039.141,-2.893,-2.363,-444.942,0.0586,-0.0474,1.0220,
10.214,ENC,362.8308,0.0000,181.4154,5.1133,0.0000,-1039.434,-2.893,-2.363,-444.942,0.0586,-0.0474,1.0220,
10.234,ENC,362.9177,0.0000,181.4588,4.3463,0.0000,-1039.683,-2.893,-2.363,-444.942,0.0586,-0.0474,1.0220,
10.246,IMU,362.9177,0.0000,181.4588,4.3463,0.0000,-1039.683,-2.801,-2.216,-445.004,0.0229,0.0249,1.0127,
10.253,ENC,362.9944,0.0000,181.4972,3.8350,0.0000,-1039.902,-2.801,-2.216,-445.004,0.0229,0.0249,1.0127,
10.263,IMU,362.9944,0.0000,181.4972,3.8350,0.0000,-1039.902,-2.740,-2.049,-444.972,0.0049,0.0576,0.9287,
10.273,ENC,363.0506,0.0000,181.5253,2.8123,0.0000,-1040.063,-2.740,-2.049,-444.972,0.0049,0.0576,0.9287,
10.293,ENC,363.0847,0.0000,181.5424,1.7044,0.0000,-1040.161,-2.740,-2.049,-444.972,0.0049,0.0576,0.9287,
10.313,ENC,363.1035,0.0000,181.5517,0.9374,0.0000,-1040.215,-2.740,-2.049,-444.972,0.0049,0.0576,0.9287,
10.323,IMU,363.1035,0.0000,181.5517,0.9374,0.0000,-1040.215,-2.952,-1.855,-444.331,0.0601,0.0322,1.0112,
10.338,ENC,363.1171,0.0000,181.5586,0.6818,0.0000,-1040.254,-2.952,-1.855,-444.331,0.0601,0.0322,1.0112,
10.354,ENC,363.1307,-0.2182,181.4563,0.6818,-10.9083,-1040.918,-2.952,-1.855,-444.331,0.0601,0.0322,1.0112,
10.364,IMU,363.1307,-0.2182,181.4563,0.6818,-10.9083,-1040.918,-3.004,-1.924,-443.952,0.0430,0.0195,1.0098,
10.374,ENC,363.1461,0.0000,181.5730,0.7670,10.9083,-1040.337,-3.004,-1.924,-443.952,0.0430,0.0195,1.0098,
10.393,ENC,363.1648,0.0000,181.5824,0.9374,0.0000,-1040.391,-3.004,-1.924,-443.952,0.0430,0.0195,1.0098,
10.404,IMU,363.1648,0.0000,181.5824,0.9374,0.0000,-1040.391,-3.146,-2.043,-443.789,0.0435,-0.0737,0.9609,
10.413,ENC,363.1887,0.0000,181.5944,1.1931,0.0000,-1040.459,-3.146,-2.043,-443.789,0.0435,-0.0737,0.9609,
10.423,IMU,363.1887,0.0000,181.5944,1.1931,0.0000,-1040.459,-3.116,-2.085,-443.700,0.0747,-0.0742,1.0972,
10.432,ENC,363.2245,0.0000,181.6122,1.7896,0.0000,-1040.562,-3.116,-2.085,-443.700,0.0747,-0.0742,1.0972,
10.453,ENC,363.2620,0.0000,181.6310,1.8749,0.0000,-1040.669,-3.116,-2.085,-443.700,0.0747,-0.0742,1.0972,
10.465,IMU,363.2620,0.0000,181.6310,1.8749,0.0000,-1040.669,-3.217,-1.931,-443.566,0.0640,0.0044,0.9619,
10.473,ENC,363.3046,0.0000,181.6523,2.1305,0.0000,-1040.791,-3.217,-1.931,-443.566,0.0640,0.0044,0.9619,
10.482,IMU,363.3046,0.0000,181.6523,2.1305,0.0000,-1040.791,-3.210,-1.843,-443.427,0.0430,0.0469,0.9619,
10.492,ENC,363.3489,0.2045,181.7767,2.2158,10.2265,-1040.332,-3.210,-1.843,-443.427,0.0430,0.0469,0.9619,
10.506,IMU,363.3489,0.2045,181.7767,2.2158,10.2265,-1040.332,-3.197,-1.764,-443.354,0.0156,0.0356,0.9849,
10.513,ENC,363.3932,0.0000,181.6966,2.2158,-10.2265,-1041.045,-3.197,-1.764,-443.354,0.0156,0.0356,0.9849,
10.522,IMU,363.3932,0.0000,181.6966,2.2158,-10.2265,-1041.045,-3.180,-1.706,-443.287,0.0044,0.0269,0.9707,
10.533,ENC,363.4290,0.0000,181.7145,1.7896,0.0000,-1041.147,-3.180,-1.706,-443.287,0.0044,0.0269,0.9707,
10.543,IMU,363.4290,0.0000,181.7145,1.7896,0.0000,-1041.147,-3.186,-1.687,-443.262,0.0625,0.0176,0.9912,
10.573,ENC,363.5006,0.0000,181.7503,1.7896,0.0000,-1041.353,-3.186,-1.687,-443.262,0.0625,0.0176,0.9912,
10.582,IMU,363.5006,0.0000,181.7503,1.7896,0.0000,-1041.353,-3.162,-1.539,-443.282,0.0151,0.0415,1.0156,
10.592,ENC,363.5177,0.0000,181.7588,0.8522,0.0000,-1041.401,-3.162,-1.539,-443.282,0.0151,0.0415,1.0156,
10.608,IMU,363.5177,0.0000,181.7588,0.8522,0.0000,-1041.401,-3.084,-1.438,-443.194,0.0039,0.0684,0.9736,
10.612,ENC,363.5159,0.0000,181.7580,-0.0852,0.0000,-1041.396,-3.084,-1.438,-443.194,0.0039,0.0684,0.9736,
10.623,IMU,363.5159,0.0000,181.7580,-0.0852,0.0000,-1041.396,-3.034,-1.347,-443.068,0.0195,0.0635,0.9707,
10.633,ENC,363.5091,0.0000,181.7546,-0.3409,0.0000,-1041.377,-3.034,-1.347,-443.068,0.0195,0.0635,0.9707,
10.646,IMU,363.5091,0.0000,181.7546,-0.3409,0.0000,-1041.377,-3.014,-1.335,-442.970,0.0098,0.0005,0.9995,
10.661,ENC,363.4904,0.0000,181.7452,-0.9374,0.0000,-1041.323,-3.014,-1.335,-442.970,0.0098,0.0005,0.9995,
10.665,IMU,363.4904,0.0000,181.7452,-0.9374,0.0000,-1041.323,-2.899,-1.340,-442.760,-0.0679,-0.0137,1.0376,
10.673,ENC,363.4393,0.0000,181.7196,-2.5566,0.0000,-1041.177,-2.899,-1.340,-442.760,-0.0679,-0.0137,1.0376,
10.683,IMU,363.4393,0.0000,181.7196,-2.5566,0.0000,-1041.177,-2.849,-1.291,-442.506,0.0132,-0.0181,0.9980,
10.703,IMU,363.4393,0.0000,181.7196,-2.5566,0.0000,-1041.177,-2.833,-1.162,-442.223,0.0571,0.0879,1.0024,
10.713,ENC,363.2978,0.0000,181.6489,-3.5367,0.0000,-1040.771,-2.833,-1.162,-442.223,0.0571,0.0879,1.0024,
10.723,IMU,363.2978,0.0000,181.6489,-3.5367,0.0000,-1040.771,-2.758,-1.058,-441.974,0.0298,0.0645,1.0088,
10.733,ENC,363.2313,0.0000,181.6157,-3.3236,0.0000,-1040.581,-2.758,-1.058,-441.974,0.0298,0.0645,1.0088,
10.743,IMU,363.2313,0.0000,181.6157,-3.3236,0.0000,-1040.581,-2.730,-1.102,-441.664,0.0278,-0.0957,0.9351,
10.754,ENC,363.1427,0.0000,181.5713,-4.4315,0.0000,-1040.327,-2.730,-1.102,-441.664,0.0278,-0.0957,0.9351,
10.766,IMU,363.1427,0.0000,181.5713,-4.4315,0.0000,-1040.327,-2.706,-1.065,-441.431,0.0244,0.0044,0.9834,
10.774,ENC,363.0523,0.0000,181.5262,-4.5167,0.0000,-1040.068,-2.706,-1.065,-441.431,0.0244,0.0044,0.9834,
10.783,IMU,363.0523,0.0000,181.5262,-4.5167,0.0000,-1040.068,-2.717,-1.063,-441.139,0.0454,0.0044,0.9824,
10.793,ENC,362.9654,0.0000,181.4827,-4.3463,0.0000,-1039.819,-2.717,-1.063,-441.139,0.0454,0.0044,0.9824,
10.806,IMU,362.9654,0.0000,181.4827,-4.3463,0.0000,-1039.819,-2.703,-1.164,-440.856,0.0308,-0.0723,1.0488,
10.823,IMU,362.9654,0.0000,181.4827,-4.3463,0.0000,-1039.819,-2.675,-1.150,-440.621,0.0747,0.0117,0.9937,
10.835,ENC,362.7967,0.0000,181.3983,-4.2184,0.0000,-1039.336,-2.675,-1.150,-440.621,0.0747,0.0117,0.9937,
10.843,IMU,362.7967,0.0000,181.3983,-4.2184,0.0000,-1039.336,-2.626,-1.114,-440.341,0.0278,-0.0356,0.9678,
10.853,ENC,362.7183,0.0000,181.3591,-3.9202,0.0000,-1039.111,-2.626,-1.114,-440.341,0.0278,-0.0356,0.9678,
10.863,IMU,362.7183,0.0000,181.3591,-3.9202,0.0000,-1039.111,-2.697,-1.069,-440.156,0.0903,0.0127,0.9370,
10.873,ENC,362.6416,0.0000,181.3208,-3.8350,0.0000,-1038.892,-2.697,-1.069,-440.156,0.0903,0.0127,0.9370,
10.885,IMU,362.6416,0.0000,181.3208,-3.8350,0.0000,-1038.892,-2.668,-1.021,-439.949,0.0171,-0.0244,1.0020,
10.893,ENC,362.5530,0.0000,181.2765,-4.4315,0.0000,-1038.638,-2.668,-1.021,-439.949,0.0171,-0.0244,1.0020,
10.904,IMU,362.5530,0.0000,181.2765,-4.4315,0.0000,-1038.638,-2.679,-1.010,-439.699,0.0581,-0.0210,1.0054,
10.914,ENC,362.4745,0.0000,181.2373,-3.9202,0.0000,-1038.413,-2.679,-1.010,-439.699,0.0581,-0.0210,1.0054,
10.922,IMU,362.4745,0.0000,181.2373,-3.9202,0.0000,-1038.413,-2.714,-0.886,-439.498,0.0845,0.0400,0.9385,
10.933,ENC,362.4013,0.0000,181.2006,-3.6645,0.0000,-1038.203,-2.714,-0.886,-439.498,0.0845,0.0400,0.9385,
10.945,IMU,362.4013,0.0000,181.2006,-3.6645,0.0000,-1038.203,-2.721,-0.858,-439.266,0.0430,-0.0093,1.0107,
10.954,ENC,362.3229,-0.2182,181.0523,-3.9202,-10.9083,-1038.604,-2.721,-0.858,-439.266,0.0430,-0.0093,1.0107,
10.963,IMU,362.3229,-0.2182,181.0523,-3.9202,-10.9083,-1038.604,-2.720,-0.814,-439.064,0.0669,0.0186,1.0112,
10.976,ENC,362.2581,0.0000,181.1290,-3.2384,10.9083,-1037.793,-2.720,-0.814,-439.064,0.0669,0.0186,1.0112,
10.984,IMU,362.2581,0.0000,181.1290,-3.2384,10.9083,-1037.793,-2.825,-0.761,-438.977,0.1431,-0.0088,0.9990,
10.994,ENC,362.2189,0.0000,181.1094,-1.9601,0.0000,-1037.681,-2.825,-0.761,-438.977,0.1431,-0.0088,0.9990,
11.003,IMU,362.2189,0.0000,181.1094,-1.9601,0.0000,-1037.681,-3.004,-0.762,-438.937,0.1792,-0.0200,0.9663,
11.013,ENC,362.2155,0.0000,181.1077,-0.1704,0.0000,-1037.671,-3.004,-0.762,-438.937,0.1792,-0.0200,0.9663,
11.023,IMU,362.2155,0.0000,181.1077,-0.1704,0.0000,-1037.671,-3.150,-0.742,-438.938,0.1753,0.0190,0.9922,
11.034,ENC,362.2342,0.0000,181.1171,0.9374,0.0000,-1037.725,-3.150,-0.742,-438.938,0.1753,0.0190,0.9922,
11.044,IMU,362.2342,0.0000,181.1171,0.9374,0.0000,-1037.725,-3.104,-0.796,-438.992,0.0317,-0.0059,0.9922,
11.053,ENC,362.2547,0.0000,181.1273,1.0227,0.0000,-1037.783,-3.104,-0.796,-438.992,0.0317,-0.0059,0.9922,
11.064,IMU,362.2547,0.0000,181.1273,1.0227,0.0000,-1037.783,-3.027,-0.799,-439.009,-0.0200,-0.0078,0.9653,
11.086,IMU,362.2547,0.0000,181.1273,1.0227,0.0000,-1037.783,-2.976,-0.853,-439.068,0.0195,-0.0098,1.0107,
