time_s,source,dist_l_in,dist_r_in,dist_avg_in,speed_l_in_s,speed_r_in_s,enc_heading_deg,pitch_deg,roll_deg,yaw_deg,acc_x_g,acc_y_g,acc_z_g,note
0.014,IMU,0.0409,0.0409,0.0409,0.0000,0.0000,0.000,-3.675,-0.063,-13.610,0.0669,-0.0088,0.9937,
0.022,ENC,0.0409,0.0409,0.0409,0.0000,0.0000,0.000,-3.675,-0.063,-13.610,0.0669,-0.0088,0.9937,
0.029,IMU,0.0409,0.0409,0.0409,0.0000,0.0000,0.000,-3.706,-0.076,-13.562,0.0674,-0.0034,0.9985,
0.042,ENC,0.0409,0.0409,0.0409,0.0000,0.0000,0.000,-3.706,-0.076,-13.562,0.0674,-0.0034,0.9985,
0.046,IMU,0.0409,0.0409,0.0409,0.0000,0.0000,0.000,-3.784,-0.071,-13.552,0.0703,-0.0171,0.9932,
0.062,ENC,0.0409,0.0409,0.0409,0.0000,0.0000,0.000,-3.784,-0.071,-13.552,0.0703,-0.0171,0.9932,
0.067,IMU,0.0409,0.0409,0.0409,0.0000,0.0000,0.000,-3.784,-0.109,-13.552,0.0576,-0.0073,1.0015,
0.088,IMU,0.0409,0.0409,0.0409,0.0000,0.0000,0.000,-3.791,-0.144,-13.508,0.0542,-0.0068,0.9785,
0.109,ENC,0.0409,0.0409,0.0409,0.0000,0.0000,0.000,-3.791,-0.144,-13.508,0.0542,-0.0068,0.9785,
0.115,IMU,0.0409,0.0409,0.0409,0.0000,0.0000,0.000,-3.772,-0.158,-13.567,0.0488,-0.0098,0.9878,
0.122,ENC,0.0409,0.0409,0.0409,0.0000,0.0000,0.000,-3.772,-0.158,-13.567,0.0488,-0.0098,0.9878,
0.126,IMU,0.0409,0.0409,0.0409,0.0000,0.0000,0.000,-3.695,-0.163,-13.594,0.0542,0.0029,1.0034,
0.142,ENC,0.0409,0.0409,0.0409,0.0000,0.0000,0.000,-3.695,-0.163,-13.594,0.0542,0.0029,1.0034,
0.146,IMU,0.0409,0.0409,0.0409,0.0000,0.0000,0.000,-3.747,-0.141,-13.631,0.0645,0.0068,0.9971,
0.164,ENC,0.0409,0.0409,0.0409,0.0000,0.0000,0.000,-3.747,-0.141,-13.631,0.0645,0.0068,0.9971,
0.167,IMU,0.0409,0.0409,0.0409,0.0000,0.0000,0.000,-3.766,-0.104,-13.629,0.0635,-0.0005,0.9834,
0.185,ENC,0.0409,0.0409,0.0409,0.0000,0.0000,0.000,-3.766,-0.104,-13.629,0.0635,-0.0005,0.9834,
0.203,ENC,0.0409,0.0409,0.0409,0.0000,0.0000,0.000,-3.766,-0.104,-13.629,0.0635,-0.0005,0.9834,
0.213,IMU,0.0409,0.0409,0.0409,0.0000,0.0000,0.000,-3.681,-0.198,-13.650,0.0498,-0.0010,0.9888,
0.242,ENC,0.0409,0.0409,0.0409,0.0000,0.0000,0.000,-3.681,-0.198,-13.650,0.0498,-0.0010,0.9888,
0.243,ENC,0.0409,0.0409,0.0409,0.0000,0.0000,0.000,-3.681,-0.198,-13.650,0.0498,-0.0010,0.9888,
0.252,IMU,0.0409,0.0409,0.0409,0.0000,0.0000,0.000,-3.696,-0.205,-13.681,0.0566,0.0083,0.9902,
0.255,IMU,0.0409,0.0409,0.0409,0.0000,0.0000,0.000,-3.652,-0.171,-13.655,0.0615,0.0439,0.9814,
0.262,ENC,0.0409,0.0426,0.0418,0.0000,0.0852,0.005,-3.652,-0.171,-13.655,0.0615,0.0439,0.9814,
0.266,IMU,0.0409,0.0426,0.0418,0.0000,0.0852,0.005,-3.579,-0.108,-13.627,0.0298,0.0322,0.9844,
0.287,IMU,0.0409,0.0426,0.0418,0.0000,0.0852,0.005,-3.605,-0.377,-13.554,0.0327,-0.2056,0.9355,
0.289,ENC,0.0409,0.0511,0.0460,0.0000,0.4261,0.029,-3.605,-0.377,-13.554,0.0327,-0.2056,0.9355,
0.307,IMU,0.0409,0.0511,0.0460,0.0000,0.4261,0.029,-3.555,-0.599,-13.419,-0.0049,-0.2065,1.0176,
0.323,ENC,0.0614,0.1739,0.1176,0.5113,3.0680,0.322,-3.555,-0.599,-13.419,-0.0049,-0.2065,1.0176,
0.328,IMU,0.0614,0.1739,0.1176,0.5113,3.0680,0.322,-3.701,-0.748,-13.293,0.1909,-0.1289,0.9761,
0.342,ENC,0.0903,0.2829,0.1866,1.4488,5.4542,0.552,-3.701,-0.748,-13.293,0.1909,-0.1289,0.9761,
0.346,IMU,0.0903,0.2829,0.1866,1.4488,5.4542,0.552,-3.737,-0.708,-13.191,0.1304,0.0225,0.9780,
0.364,ENC,0.1329,0.4039,0.2684,2.1305,6.0507,0.776,-3.737,-0.708,-13.191,0.1304,0.0225,0.9780,
0.368,IMU,0.1329,0.4039,0.2684,2.1305,6.0507,0.776,-3.647,-0.711,-13.008,0.0249,-0.0688,1.0630,
0.383,ENC,0.1739,0.5573,0.3656,2.0453,7.6699,1.099,-3.647,-0.711,-13.008,0.0249,-0.0688,1.0630,
0.402,ENC,0.2352,0.7261,0.4806,3.0680,8.4369,1.406,-3.647,-0.711,-13.008,0.0249,-0.0688,1.0630,
0.421,IMU,0.2352,0.7261,0.4806,3.0680,8.4369,1.406,-3.509,-0.722,-12.809,0.0356,-0.0264,1.0259,
0.425,IMU,0.2352,0.7261,0.4806,3.0680,8.4369,1.406,-3.574,-0.810,-12.559,0.1348,-0.0381,1.0596,
0.426,ENC,0.3119,0.9033,0.6076,3.8350,8.8630,1.694,-3.574,-0.810,-12.559,0.1348,-0.0381,1.0596,
0.430,IMU,0.3119,0.9033,0.6076,3.8350,8.8630,1.694,-3.649,-0.948,-12.312,0.0811,-0.1440,1.0317,
0.454,ENC,0.3954,1.0891,0.7423,4.1758,9.2891,1.987,-3.649,-0.948,-12.312,0.0811,-0.1440,1.0317,
0.462,ENC,0.4909,1.2834,0.8872,4.7724,9.7152,2.271,-3.649,-0.948,-12.312,0.0811,-0.1440,1.0317,
0.467,IMU,0.4909,1.2834,0.8872,4.7724,9.7152,2.271,-3.721,-0.826,-11.913,0.1172,-0.0762,0.9165,
0.483,ENC,0.5983,1.4863,1.0423,5.3689,10.1413,2.544,-3.721,-0.826,-11.913,0.1172,-0.0762,0.9165,
0.493,IMU,0.5983,1.4863,1.0423,5.3689,10.1413,2.544,-3.764,-0.907,-11.774,0.0986,-0.0981,0.9531,
0.502,ENC,0.7261,1.7010,1.2135,6.3916,10.7379,2.793,-3.764,-0.907,-11.774,0.0986,-0.0981,0.9531,
0.506,IMU,0.7261,1.7010,1.2135,6.3916,10.7379,2.793,-3.666,-1.053,-11.589,0.0112,-0.0952,1.0132,
0.522,ENC,0.8641,1.9124,1.3883,6.9029,10.5674,3.003,-3.666,-1.053,-11.589,0.0112,-0.0952,1.0132,
0.526,IMU,0.8641,1.9124,1.3883,6.9029,10.5674,3.003,-3.590,-1.154,-11.515,0.0215,-0.1104,1.1382,
0.543,ENC,0.9988,2.1203,1.5595,6.7325,10.3970,3.213,-3.590,-1.154,-11.515,0.0215,-0.1104,1.1382,
0.547,IMU,0.9988,2.1203,1.5595,6.7325,10.3970,3.213,-3.481,-1.252,-11.414,0.0273,-0.0947,1.0640,
0.566,IMU,0.9988,2.1203,1.5595,6.7325,10.3970,3.213,-3.512,-1.277,-11.344,0.0811,-0.0620,0.9995,
0.584,ENC,1.3260,2.5737,1.9499,8.1812,11.3344,3.574,-3.512,-1.277,-11.344,0.0811,-0.0620,0.9995,
0.594,IMU,1.3260,2.5737,1.9499,8.1812,11.3344,3.574,-3.600,-1.292,-11.319,0.1250,-0.0479,0.9141,
0.608,IMU,1.3260,2.5737,1.9499,8.1812,11.3344,3.574,-3.517,-1.224,-11.262,-0.0249,0.0298,1.0005,
0.610,ENC,1.5067,2.8021,2.1544,9.0334,11.4196,3.711,-3.517,-1.224,-11.262,-0.0249,0.0298,1.0005,
0.622,ENC,1.6857,3.0288,2.3572,8.9482,11.3344,3.848,-3.517,-1.224,-11.262,-0.0249,0.0298,1.0005,
0.628,IMU,1.6857,3.0288,2.3572,8.9482,11.3344,3.848,-3.574,-1.068,-11.194,0.1348,0.1055,1.0332,
0.643,ENC,1.8527,3.2742,2.5635,8.3517,12.2718,4.072,-3.574,-1.068,-11.194,0.1348,0.1055,1.0332,
0.648,IMU,1.8527,3.2742,2.5635,8.3517,12.2718,4.072,-3.528,-0.956,-11.169,0.0425,0.0464,0.9536,
0.663,ENC,2.0232,3.5077,2.7654,8.5221,11.6753,4.253,-3.528,-0.956,-11.169,0.0425,0.0464,0.9536,
0.666,IMU,2.0232,3.5077,2.7654,8.5221,11.6753,4.253,-3.552,-0.874,-11.091,0.0776,0.0718,0.9561,
0.686,IMU,2.0232,3.5077,2.7654,8.5221,11.6753,4.253,-3.398,-0.875,-11.019,-0.0381,0.0044,0.9863,
0.706,IMU,2.0232,3.5077,2.7654,8.5221,11.6753,4.253,-3.423,-0.881,-10.952,0.1025,-0.0332,0.9648,
0.709,ENC,2.1970,3.7463,2.9717,8.6926,11.9310,4.438,-3.423,-0.881,-10.952,0.1025,-0.0332,0.9648,
0.711,ENC,2.3657,3.9713,3.1685,8.4369,11.2492,4.600,-3.423,-0.881,-10.952,0.1025,-0.0332,0.9648,
0.723,ENC,2.5345,4.1827,3.3586,8.4369,10.5674,4.722,-3.423,-0.881,-10.952,0.1025,-0.0332,0.9648,
0.727,IMU,2.5345,4.1827,3.3586,8.4369,10.5674,4.722,-3.426,-0.829,-10.868,0.0566,-0.0024,0.9648,
0.745,ENC,2.6947,4.4230,3.5588,8.0108,12.0162,4.951,-3.426,-0.829,-10.868,0.0566,-0.0024,0.9648,
0.763,ENC,2.8430,4.6582,3.7506,7.4142,11.7605,5.200,-3.426,-0.829,-10.868,0.0566,-0.0024,0.9648,
0.767,IMU,2.8430,4.6582,3.7506,7.4142,11.7605,5.200,-3.343,-0.812,-10.557,-0.0107,0.0132,0.9258,
0.786,IMU,2.8430,4.6582,3.7506,7.4142,11.7605,5.200,-3.273,-0.819,-10.418,0.0049,-0.0171,1.0215,
0.788,ENC,2.9947,4.8883,3.9415,7.5847,11.5049,5.425,-3.273,-0.819,-10.418,0.0049,-0.0171,1.0215,
0.803,ENC,3.1430,5.1133,4.1281,7.4142,11.2492,5.645,-3.273,-0.819,-10.418,0.0049,-0.0171,1.0215,
0.810,IMU,3.1430,5.1133,4.1281,7.4142,11.2492,5.645,-3.236,-0.881,-10.349,0.0454,-0.0605,0.9722,
0.823,ENC,3.2759,5.3468,4.3113,6.6473,11.6753,5.933,-3.236,-0.881,-10.349,0.0454,-0.0605,0.9722,
0.827,IMU,3.2759,5.3468,4.3113,6.6473,11.6753,5.933,-3.127,-0.919,-10.247,-0.0522,-0.0679,1.0020,
0.842,ENC,3.4071,5.5786,4.4929,6.5620,11.5901,6.221,-3.127,-0.919,-10.247,-0.0522,-0.0679,1.0020,
0.848,IMU,3.4071,5.5786,4.4929,6.5620,11.5901,6.221,-3.017,-0.872,-10.125,0.0181,0.0142,1.0059,
0.863,ENC,3.5367,5.8087,4.6727,6.4768,11.5049,6.509,-3.017,-0.872,-10.125,0.0181,0.0142,1.0059,
0.866,IMU,3.5367,5.8087,4.6727,6.4768,11.5049,6.509,-2.955,-0.844,-10.003,-0.0332,0.0044,0.9966,
0.887,ENC,3.6747,6.0439,4.8593,6.9029,11.7605,6.787,-2.955,-0.844,-10.003,-0.0332,0.0044,0.9966,
0.895,IMU,3.6747,6.0439,4.8593,6.9029,11.7605,6.787,-2.877,-0.898,-9.863,0.0293,-0.0537,1.0146,
0.903,ENC,3.8213,6.2774,5.0494,7.3290,11.6753,7.036,-2.877,-0.898,-9.863,0.0293,-0.0537,1.0146,
0.913,IMU,3.8213,6.2774,5.0494,7.3290,11.6753,7.036,-2.964,-0.933,-9.724,0.1392,-0.0522,1.0347,
0.923,ENC,3.9730,6.4785,5.2258,7.5847,10.0561,7.178,-2.964,-0.933,-9.724,0.1392,-0.0522,1.0347,
0.929,IMU,3.9730,6.4785,5.2258,7.5847,10.0561,7.178,-2.976,-1.021,-9.751,0.0986,-0.1191,1.0298,
0.942,ENC,4.1417,6.6882,5.4150,8.4369,10.4822,7.295,-2.976,-1.021,-9.751,0.0986,-0.1191,1.0298,
0.947,IMU,4.1417,6.6882,5.4150,8.4369,10.4822,7.295,-2.913,-1.120,-9.742,0.0151,-0.1050,1.0825,
0.963,ENC,4.3122,6.8791,5.5956,8.5221,9.5448,7.354,-2.913,-1.120,-9.742,0.0151,-0.1050,1.0825,
0.967,IMU,4.3122,6.8791,5.5956,8.5221,9.5448,7.354,-2.793,-0.981,-9.714,-0.0327,0.0449,0.9570,
0.992,IMU,4.3122,6.8791,5.5956,8.5221,9.5448,7.354,-2.843,-0.965,-9.659,0.0435,0.0044,1.0308,
1.003,ENC,4.6582,7.2557,5.9570,8.6499,9.4169,7.441,-2.843,-0.965,-9.659,0.0435,0.0044,1.0308,
1.006,IMU,4.6582,7.2557,5.9570,8.6499,9.4169,7.441,-2.848,-0.974,-9.625,0.0718,-0.0298,1.0430,
1.023,ENC,4.8337,7.4262,6.1300,8.7778,8.5221,7.427,-2.848,-0.974,-9.625,0.0718,-0.0298,1.0430,
1.026,IMU,4.8337,7.4262,6.1300,8.7778,8.5221,7.427,-2.991,-0.902,-9.715,0.1470,0.0396,0.9199,
1.046,IMU,4.8337,7.4262,6.1300,8.7778,8.5221,7.427,-3.041,-0.905,-9.749,0.0571,-0.0186,0.9829,
1.068,IMU,4.8337,7.4262,6.1300,8.7778,8.5221,7.427,-3.029,-0.808,-9.773,0.0244,0.0283,1.0156,
1.070,ENC,5.0161,7.5949,6.3055,9.1187,8.4369,7.388,-3.029,-0.808,-9.773,0.0244,0.0283,1.0156,
1.072,ENC,5.2019,7.7585,6.4802,9.2891,8.1812,7.324,-3.029,-0.808,-9.773,0.0244,0.0283,1.0156,
1.087,IMU,5.2019,7.7585,6.4802,9.2891,8.1812,7.324,-2.963,-0.733,-9.861,-0.0015,0.0078,0.9697,
1.126,IMU,5.2019,7.7585,6.4802,9.2891,8.1812,7.324,-2.905,-0.752,-9.947,0.0122,-0.0073,0.9487,
1.129,IMU,5.2019,7.7585,6.4802,9.2891,8.1812,7.324,-2.720,-0.705,-9.986,-0.1108,0.0137,1.0156,
1.131,ENC,5.7780,8.2307,7.0043,9.6016,7.8688,7.026,-2.720,-0.705,-9.986,-0.1108,0.0137,1.0156,
1.143,ENC,5.9587,8.3909,7.1748,9.0334,8.0108,6.968,-2.720,-0.705,-9.986,-0.1108,0.0137,1.0156,
1.147,IMU,5.9587,8.3909,7.1748,9.0334,8.0108,6.968,-2.692,-0.623,-9.987,-0.0337,0.0396,1.0054,
1.162,ENC,6.1257,8.5596,7.3427,8.3517,8.4369,6.973,-2.692,-0.623,-9.987,-0.0337,0.0396,1.0054,
1.167,IMU,6.1257,8.5596,7.3427,8.3517,8.4369,6.973,-2.810,-0.577,-9.969,0.1641,0.0542,1.0327,
1.183,ENC,6.2842,8.7079,7.4961,7.9256,7.4142,6.943,-2.810,-0.577,-9.969,0.1641,0.0542,1.0327,
1.191,IMU,6.2842,8.7079,7.4961,7.9256,7.4142,6.943,-2.836,-0.482,-9.918,0.0820,0.0493,0.9609,
1.203,ENC,6.4325,8.8698,7.6512,7.4142,8.0960,6.982,-2.836,-0.482,-9.918,0.0820,0.0493,0.9609,
1.207,IMU,6.4325,8.8698,7.6512,7.4142,8.0960,6.982,-2.862,-0.407,-9.996,0.0625,0.0352,0.9639,
1.223,ENC,6.5791,9.0113,7.7952,7.3290,7.0734,6.968,-2.862,-0.407,-9.996,0.0625,0.0352,0.9639,
1.227,IMU,6.5791,9.0113,7.7952,7.3290,7.0734,6.968,-2.894,-0.370,-10.020,0.0469,0.0264,1.0068,
1.243,ENC,6.7171,9.1562,7.9366,6.9029,7.2438,6.987,-2.894,-0.370,-10.020,0.0469,0.0264,1.0068,
1.247,IMU,6.7171,9.1562,7.9366,6.9029,7.2438,6.987,-2.878,-0.273,-9.997,0.0298,0.0483,1.0254,
1.263,ENC,6.8398,9.2993,8.0696,6.1359,7.1586,7.046,-2.878,-0.273,-9.997,0.0298,0.0483,1.0254,
1.267,IMU,6.8398,9.2993,8.0696,6.1359,7.1586,7.046,-2.849,-0.171,-9.992,0.0254,0.0635,0.9917,
1.282,ENC,6.9643,9.4272,8.1957,6.2211,6.3916,7.056,-2.849,-0.171,-9.992,0.0254,0.0635,0.9917,
1.288,IMU,6.9643,9.4272,8.1957,6.2211,6.3916,7.056,-2.903,-0.077,-10.035,0.0889,0.0874,0.9927,
1.303,ENC,7.0819,9.5584,8.3201,5.8803,6.5620,7.095,-2.903,-0.077,-10.035,0.0889,0.0874,0.9927,
1.307,IMU,7.0819,9.5584,8.3201,5.8803,6.5620,7.095,-2.945,-0.109,-10.080,0.0913,0.0415,1.0669,
1.323,ENC,7.1978,9.6641,8.4309,5.7950,5.2837,7.065,-2.945,-0.109,-10.080,0.0913,0.0415,1.0669,
1.328,IMU,7.1978,9.6641,8.4309,5.7950,5.2837,7.065,-2.967,-0.053,-10.147,0.0776,0.0044,0.9692,
1.343,ENC,7.3171,9.7698,8.5434,5.9655,5.2837,7.026,-2.967,-0.053,-10.147,0.0776,0.0044,0.9692,
1.347,IMU,7.3171,9.7698,8.5434,5.9655,5.2837,7.026,-2.924,-0.125,-10.269,0.0488,0.0063,0.9644,
1.375,ENC,7.4586,9.8686,8.6636,7.0734,4.9428,6.904,-2.924,-0.125,-10.269,0.0488,0.0063,0.9644,
1.384,ENC,7.6222,9.9658,8.7940,8.1812,4.8576,6.714,-2.924,-0.125,-10.269,0.0488,0.0063,0.9644,
1.403,ENC,7.8028,10.0663,8.9346,9.0334,5.0280,6.484,-2.924,-0.125,-10.269,0.0488,0.0063,0.9644,
1.408,IMU,7.8028,10.0663,8.9346,9.0334,5.0280,6.484,-2.808,-0.143,-10.957,0.0190,-0.1196,1.1450,
1.427,IMU,7.8028,10.0663,8.9346,9.0334,5.0280,6.484,-2.831,-0.271,-11.139,0.0762,-0.1084,0.9565,
1.443,ENC,8.1659,10.2760,9.2209,9.0761,5.2411,6.045,-2.831,-0.271,-11.139,0.0762,-0.1084,0.9565,
1.447,IMU,8.1659,10.2760,9.2209,9.0761,5.2411,6.045,-2.884,-0.280,-11.235,0.0752,0.0078,0.9702,
1.463,ENC,8.3568,10.3850,9.3709,9.5448,5.4542,5.811,-2.884,-0.280,-11.235,0.0752,0.0078,0.9702,
1.468,IMU,8.3568,10.3850,9.3709,9.5448,5.4542,5.811,-2.822,-0.203,-11.286,0.0049,0.0342,0.9106,
1.483,ENC,8.5460,10.4975,9.5218,9.4595,5.6246,5.591,-2.822,-0.203,-11.286,0.0049,0.0342,0.9106,
1.489,IMU,8.5460,10.4975,9.5218,9.4595,5.6246,5.591,-2.773,-0.256,-11.352,0.0073,-0.0483,1.0625,
1.504,ENC,8.7420,10.6169,9.6794,9.8004,5.9655,5.371,-2.773,-0.256,-11.352,0.0073,-0.0483,1.0625,
1.508,IMU,8.7420,10.6169,9.6794,9.8004,5.9655,5.371,-2.614,-0.208,-11.389,-0.0444,0.0420,1.0112,
1.535,ENC,8.9192,10.7498,9.8345,8.8630,6.6473,5.244,-2.614,-0.208,-11.389,-0.0444,0.0420,1.0112,
1.543,IMU,8.9192,10.7498,9.8345,8.8630,6.6473,5.244,-2.554,-0.265,-11.358,0.0059,-0.0591,0.9775,
1.545,ENC,9.1016,10.8879,9.9947,9.1187,6.9029,5.117,-2.554,-0.265,-11.358,0.0059,-0.0591,0.9775,
1.548,IMU,9.1016,10.8879,9.9947,9.1187,6.9029,5.117,-2.547,-0.302,-11.283,0.0425,0.0063,0.9790,
1.563,ENC,9.2738,11.0498,10.1618,8.6073,8.0960,5.088,-2.547,-0.302,-11.283,0.0425,0.0063,0.9790,
1.567,IMU,9.2738,11.0498,10.1618,8.6073,8.0960,5.088,-2.497,-0.271,-11.211,0.0469,0.0488,1.0591,
1.583,ENC,9.4425,11.2100,10.3262,8.4369,8.0108,5.063,-2.497,-0.271,-11.211,0.0469,0.0488,1.0591,
1.587,IMU,9.4425,11.2100,10.3262,8.4369,8.0108,5.063,-2.506,-0.307,-11.160,0.0640,0.0073,0.9922,
1.603,ENC,9.6181,11.3821,10.5001,8.7778,8.6073,5.054,-2.506,-0.307,-11.160,0.0640,0.0073,0.9922,
1.607,IMU,9.6181,11.3821,10.5001,8.7778,8.6073,5.054,-2.449,-0.429,-11.168,0.0215,-0.0859,1.0752,
1.625,ENC,9.8004,11.5645,10.6825,9.1187,9.1187,5.054,-2.449,-0.429,-11.168,0.0215,-0.0859,1.0752,
1.629,IMU,9.8004,11.5645,10.6825,9.1187,9.1187,5.054,-2.464,-0.584,-11.248,0.0381,-0.1514,1.0654,
1.643,ENC,9.9828,11.7281,10.8555,9.1187,8.1812,5.000,-2.464,-0.584,-11.248,0.0381,-0.1514,1.0654,
1.650,IMU,9.9828,11.7281,10.8555,9.1187,8.1812,5.000,-2.542,-0.689,-11.358,0.0938,-0.1577,1.0703,
1.668,ENC,10.1805,11.8935,11.0370,9.8857,8.2665,4.907,-2.542,-0.689,-11.358,0.0938,-0.1577,1.0703,
1.676,IMU,10.1805,11.8935,11.0370,9.8857,8.2665,4.907,-2.514,-0.535,-11.502,0.0400,0.0820,1.1196,
1.683,ENC,10.3629,12.0435,11.2032,9.1187,7.4995,4.814,-2.514,-0.535,-11.502,0.0400,0.0820,1.1196,
1.689,IMU,10.3629,12.0435,11.2032,9.1187,7.4995,4.814,-2.400,-0.509,-11.632,-0.0796,0.0474,1.0371,
1.702,ENC,10.5521,12.1900,11.3711,9.4595,7.3290,4.692,-2.400,-0.509,-11.632,-0.0796,0.0474,1.0371,
1.707,IMU,10.5521,12.1900,11.3711,9.4595,7.3290,4.692,-2.518,-0.445,-11.653,0.1509,0.0264,0.9595,
1.723,ENC,10.7532,12.3537,11.5534,10.0561,8.1812,4.585,-2.518,-0.445,-11.653,0.1509,0.0264,0.9595,
1.728,IMU,10.7532,12.3537,11.5534,10.0561,8.1812,4.585,-2.568,-0.419,-11.729,0.1406,0.0015,0.9160,
1.743,ENC,10.9628,12.5002,11.7315,10.4822,7.3290,4.404,-2.568,-0.419,-11.729,0.1406,0.0015,0.9160,
1.747,IMU,10.9628,12.5002,11.7315,10.4822,7.3290,4.404,-2.530,-0.421,-11.848,0.0640,-0.0283,1.0508,
1.763,ENC,11.1674,12.6656,11.9165,10.2265,8.2665,4.292,-2.530,-0.421,-11.848,0.0640,-0.0283,1.0508,
1.779,IMU,11.1674,12.6656,11.9165,10.2265,8.2665,4.292,-2.435,-0.436,-11.936,-0.0571,-0.0303,0.9678,
1.783,ENC,11.3804,12.8343,12.1074,10.6526,8.4369,4.165,-2.435,-0.436,-11.936,-0.0571,-0.0303,0.9678,
1.789,IMU,11.3804,12.8343,12.1074,10.6526,8.4369,4.165,-2.344,-0.344,-12.023,-0.0371,0.0488,1.0557,
1.803,ENC,11.5816,13.0167,12.2991,10.0561,9.1187,4.111,-2.344,-0.344,-12.023,-0.0371,0.0488,1.0557,
1.807,IMU,11.5816,13.0167,12.2991,10.0561,9.1187,4.111,-2.340,-0.343,-11.992,0.0674,0.0005,1.0122,
1.824,ENC,11.7895,13.1973,12.4934,10.3970,9.0334,4.033,-2.340,-0.343,-11.992,0.0674,0.0005,1.0122,
1.827,IMU,11.7895,13.1973,12.4934,10.3970,9.0334,4.033,-2.293,-0.426,-12.043,0.0215,-0.0771,0.9712,
1.843,ENC,11.9991,13.3882,12.6937,10.4822,9.5448,3.979,-2.293,-0.426,-12.043,0.0215,-0.0771,0.9712,
1.847,IMU,11.9991,13.3882,12.6937,10.4822,9.5448,3.979,-2.311,-0.407,-12.144,0.0396,0.0127,1.0957,
1.862,ENC,12.2173,13.5672,12.8923,10.9083,8.9482,3.867,-2.311,-0.407,-12.144,0.0396,0.0127,1.0957,
1.876,IMU,12.2173,13.5672,12.8923,10.9083,8.9482,3.867,-2.300,-0.427,-12.249,0.0850,-0.0308,1.0620,
1.883,ENC,12.4576,13.7428,13.1002,12.0162,8.7778,3.682,-2.300,-0.427,-12.249,0.0850,-0.0308,1.0620,
1.886,IMU,12.4576,13.7428,13.1002,12.0162,8.7778,3.682,-2.339,-0.460,-12.381,0.1069,-0.0386,0.8506,
1.905,ENC,12.6945,13.9064,13.3005,11.8457,8.1812,3.472,-2.339,-0.460,-12.381,0.1069,-0.0386,0.8506,
1.908,IMU,12.6945,13.9064,13.3005,11.8457,8.1812,3.472,-2.323,-0.389,-12.461,-0.0068,0.0728,1.0752,
1.924,ENC,12.9366,14.0700,13.5033,12.1014,8.1812,3.247,-2.323,-0.389,-12.461,-0.0068,0.0728,1.0752,
1.927,IMU,12.9366,14.0700,13.5033,12.1014,8.1812,3.247,-2.360,-0.541,-12.554,0.0825,-0.1255,0.9580,
1.943,ENC,13.1820,14.2405,13.7112,12.2718,8.5221,3.032,-2.360,-0.541,-12.554,0.0825,-0.1255,0.9580,
1.982,IMU,13.1820,14.2405,13.7112,12.2718,8.5221,3.032,-2.388,-0.445,-12.879,0.0586,-0.0156,0.9346,
1.984,ENC,13.4138,14.3956,13.9047,11.5901,7.7551,2.813,-2.388,-0.445,-12.879,0.0586,-0.0156,0.9346,
1.986,ENC,13.6354,14.5507,14.0930,11.0788,7.7551,2.622,-2.388,-0.445,-12.879,0.0586,-0.0156,0.9346,
1.991,IMU,13.6354,14.5507,14.0930,11.0788,7.7551,2.622,-2.213,-0.288,-13.029,-0.0894,0.1597,0.9824,
2.003,ENC,13.8587,14.7109,14.2848,11.1640,8.0108,2.441,-2.213,-0.288,-13.029,-0.0894,0.1597,0.9824,
2.008,IMU,13.8587,14.7109,14.2848,11.1640,8.0108,2.441,-2.259,-0.381,-13.171,0.0625,-0.0562,1.0327,
2.027,IMU,13.8587,14.7109,14.2848,11.1640,8.0108,2.441,-2.349,-0.412,-13.339,0.1514,-0.0215,0.8921,
2.043,ENC,14.3103,15.0109,14.6606,11.2918,7.4995,2.007,-2.349,-0.412,-13.339,0.1514,-0.0215,0.8921,
2.048,IMU,14.3103,15.0109,14.6606,11.2918,7.4995,2.007,-2.440,-0.358,-13.515,0.1416,0.0205,0.9072,
2.062,ENC,14.5404,15.1165,14.8285,11.5049,5.2837,1.650,-2.440,-0.358,-13.515,0.1416,0.0205,0.9072,
2.068,IMU,14.5404,15.1165,14.8285,11.5049,5.2837,1.650,-2.396,-0.380,-13.718,0.0078,-0.0435,1.0366,
2.085,ENC,14.7808,15.2171,14.9989,12.0162,5.0280,1.250,-2.396,-0.380,-13.718,0.0078,-0.0435,1.0366,
2.090,IMU,14.7808,15.2171,14.9989,12.0162,5.0280,1.250,-2.385,-0.253,-13.972,0.0098,0.0898,0.9624,
2.104,ENC,15.0194,15.3040,15.1617,11.9310,4.3463,0.815,-2.385,-0.253,-13.972,0.0098,0.0898,0.9624,
2.111,IMU,15.0194,15.3040,15.1617,11.9310,4.3463,0.815,-2.370,-0.239,-14.246,0.0508,0.0552,1.0405,
2.123,ENC,15.2546,15.3773,15.3159,11.7605,3.6645,0.352,-2.370,-0.239,-14.246,0.0508,0.0552,1.0405,
2.126,IMU,15.2546,15.3773,15.3159,11.7605,3.6645,0.352,-2.287,-0.157,-14.522,0.0122,0.1064,1.0396,
2.143,ENC,15.4847,15.4557,15.4702,11.5049,3.9202,-0.083,-2.287,-0.157,-14.522,0.0122,0.1064,1.0396,
2.147,IMU,15.4847,15.4557,15.4702,11.5049,3.9202,-0.083,-2.246,-0.216,-14.822,-0.0059,-0.0166,1.0122,
2.163,ENC,15.7182,15.5375,15.6279,11.6753,4.0906,-0.518,-2.246,-0.216,-14.822,-0.0059,-0.0166,1.0122,
2.167,IMU,15.7182,15.5375,15.6279,11.6753,4.0906,-0.518,-2.293,-0.181,-15.044,0.0366,0.0269,1.0659,
2.183,ENC,15.9602,15.6040,15.7821,12.1014,3.3236,-1.021,-2.293,-0.181,-15.044,0.0366,0.0269,1.0659,
2.187,IMU,15.9602,15.6040,15.7821,12.1014,3.3236,-1.021,-2.300,-0.179,-15.318,0.0527,0.0166,0.9980,
2.207,IMU,15.9602,15.6040,15.7821,12.1014,3.3236,-1.021,-2.257,-0.133,-15.534,0.0410,0.0454,0.9961,
2.227,IMU,15.9602,15.6040,15.7821,12.1014,3.3236,-1.021,-2.262,-0.158,-15.809,0.0166,0.0146,1.1255,
2.228,ENC,16.4528,15.7472,16.1000,12.3145,3.5793,-2.021,-2.262,-0.158,-15.809,0.0166,0.0146,1.1255,
2.242,ENC,16.6914,15.8324,16.2619,11.9310,4.2611,-2.461,-2.262,-0.158,-15.809,0.0166,0.0146,1.1255,
2.263,ENC,16.9181,15.9159,16.4170,11.3344,4.1758,-2.871,-2.262,-0.158,-15.809,0.0166,0.0146,1.1255,
2.266,IMU,16.9181,15.9159,16.4170,11.3344,4.1758,-2.871,-2.237,-0.218,-16.348,0.0815,-0.0703,0.9155,
2.283,ENC,17.1295,15.9960,16.5627,10.5674,4.0054,-3.247,-2.237,-0.218,-16.348,0.0815,-0.0703,0.9155,
2.288,IMU,17.1295,15.9960,16.5627,10.5674,4.0054,-3.247,-2.192,-0.275,-16.638,0.0181,-0.0488,0.9883,
2.303,ENC,17.3340,16.0898,16.7119,10.2265,4.6872,-3.564,-2.192,-0.275,-16.638,0.0181,-0.0488,0.9883,
2.308,IMU,17.3340,16.0898,16.7119,10.2265,4.6872,-3.564,-2.172,-0.262,-16.900,0.0010,0.0078,1.0708,
2.323,ENC,17.5334,16.1818,16.8576,9.9709,4.6019,-3.872,-2.172,-0.262,-16.900,0.0010,0.0078,1.0708,
2.327,IMU,17.5334,16.1818,16.8576,9.9709,4.6019,-3.872,-2.205,-0.316,-17.142,0.0952,-0.0273,0.9292,
2.343,ENC,17.7499,16.2670,17.0084,10.8231,4.2611,-4.248,-2.205,-0.316,-17.142,0.0952,-0.0273,0.9292,
2.346,IMU,17.7499,16.2670,17.0084,10.8231,4.2611,-4.248,-2.225,-0.308,-17.361,0.0117,-0.0034,0.9556,
2.364,ENC,17.9578,16.3727,17.1652,10.3970,5.2837,-4.541,-2.225,-0.308,-17.361,0.0117,-0.0034,0.9556,
2.384,ENC,18.1862,16.4818,17.3340,11.4196,5.4542,-4.883,-2.225,-0.308,-17.361,0.0117,-0.0034,0.9556,
2.387,IMU,18.1862,16.4818,17.3340,11.4196,5.4542,-4.883,-2.226,-0.313,-17.873,0.0469,0.0283,1.0562,
2.403,ENC,18.3992,16.5857,17.4925,10.6526,5.1985,-5.195,-2.226,-0.313,-17.873,0.0469,0.0283,1.0562,
2.410,IMU,18.3992,16.5857,17.4925,10.6526,5.1985,-5.195,-2.188,-0.386,-18.138,-0.0122,-0.0547,0.9438,
2.427,IMU,18.3992,16.5857,17.4925,10.6526,5.1985,-5.195,-2.238,-0.447,-18.372,0.0610,-0.0283,0.9731,
2.434,ENC,18.6242,16.7033,17.6638,11.2492,5.8803,-5.503,-2.238,-0.447,-18.372,0.0610,-0.0283,0.9731,
2.444,ENC,18.8526,16.8192,17.8359,11.4196,5.7950,-5.825,-2.238,-0.447,-18.372,0.0610,-0.0283,0.9731,
2.447,IMU,18.8526,16.8192,17.8359,11.4196,5.7950,-5.825,-2.232,-0.437,-18.528,0.0552,-0.0073,0.9023,
2.469,IMU,18.8526,16.8192,17.8359,11.4196,5.7950,-5.825,-2.163,-0.480,-18.703,-0.0088,-0.0146,1.0508,
2.480,ENC,19.1134,16.9300,18.0217,13.0388,5.5394,-6.255,-2.163,-0.480,-18.703,-0.0088,-0.0146,1.0508,
2.488,IMU,19.1134,16.9300,18.0217,13.0388,5.5394,-6.255,-2.203,-0.506,-18.879,0.0337,-0.0679,1.0317,
2.507,ENC,19.6196,17.1806,18.4001,12.6553,6.2638,-6.987,-2.203,-0.506,-18.879,0.0337,-0.0679,1.0317,
2.524,ENC,19.8599,17.3033,18.5816,12.0162,6.1359,-7.324,-2.203,-0.506,-18.879,0.0337,-0.0679,1.0317,
2.527,IMU,19.8599,17.3033,18.5816,12.0162,6.1359,-7.324,-2.256,-0.470,-19.274,0.0522,-0.0522,1.0391,
2.543,ENC,20.1088,17.4277,18.7683,12.4423,6.2211,-7.681,-2.256,-0.470,-19.274,0.0522,-0.0522,1.0391,
2.547,IMU,20.1088,17.4277,18.7683,12.4423,6.2211,-7.681,-2.248,-0.488,-19.473,-0.0020,-0.0322,0.9897,
2.563,ENC,20.3372,17.5470,18.9421,11.4196,5.9655,-7.993,-2.248,-0.488,-19.473,-0.0020,-0.0322,0.9897,
2.574,IMU,20.3372,17.5470,18.9421,11.4196,5.9655,-7.993,-2.258,-0.516,-19.680,0.0171,-0.0181,1.0493,
2.584,ENC,20.5605,17.6766,19.1185,11.1640,6.4768,-8.262,-2.258,-0.516,-19.680,0.0171,-0.0181,1.0493,
2.589,IMU,20.5605,17.6766,19.1185,11.1640,6.4768,-8.262,-2.308,-0.498,-19.886,0.0376,-0.0029,0.9985,
2.605,ENC,20.7820,17.8078,19.2949,11.0788,6.5620,-8.521,-2.308,-0.498,-19.886,0.0376,-0.0029,0.9985,
2.623,ENC,21.0070,17.9339,19.4705,11.2492,6.3064,-8.804,-2.308,-0.498,-19.886,0.0376,-0.0029,0.9985,
2.627,IMU,21.0070,17.9339,19.4705,11.2492,6.3064,-8.804,-2.370,-0.582,-20.179,0.0093,-0.0527,1.0596,
2.644,ENC,21.2388,18.0567,19.6477,11.5901,6.1359,-9.116,-2.370,-0.582,-20.179,0.0093,-0.0527,1.0596,
2.649,IMU,21.2388,18.0567,19.6477,11.5901,6.1359,-9.116,-2.305,-0.705,-20.401,0.0034,-0.0767,0.9697,
2.663,ENC,21.4689,18.1811,19.8250,11.5049,6.2211,-9.419,-2.305,-0.705,-20.401,0.0034,-0.0767,0.9697,
2.669,IMU,21.4689,18.1811,19.8250,11.5049,6.2211,-9.419,-2.328,-0.775,-20.582,0.0332,-0.0503,0.9487,
2.683,ENC,21.7195,18.3072,20.0133,12.5275,6.3064,-9.775,-2.328,-0.775,-20.582,0.0332,-0.0503,0.9487,
2.686,IMU,21.7195,18.3072,20.0133,12.5275,6.3064,-9.775,-2.332,-0.796,-20.726,0.0190,-0.0317,1.0317,
2.703,ENC,21.9427,18.4367,20.1897,11.1640,6.4768,-10.044,-2.332,-0.796,-20.726,0.0190,-0.0317,1.0317,
2.712,IMU,21.9427,18.4367,20.1897,11.1640,6.4768,-10.044,-2.387,-0.831,-20.958,0.1196,-0.0420,0.9233,
2.723,ENC,22.1865,18.5748,20.3806,12.1866,6.9029,-10.347,-2.387,-0.831,-20.958,0.1196,-0.0420,0.9233,
2.730,IMU,22.1865,18.5748,20.3806,12.1866,6.9029,-10.347,-2.377,-0.710,-21.124,0.0439,0.0757,0.9658,
2.744,ENC,22.4166,18.7129,20.5647,11.5049,6.9029,-10.610,-2.377,-0.710,-21.124,0.0439,0.0757,0.9658,
2.748,IMU,22.4166,18.7129,20.5647,11.5049,6.9029,-10.610,-2.356,-0.695,-21.281,0.0073,-0.0308,1.0703,
2.770,IMU,22.4166,18.7129,20.5647,11.5049,6.9029,-10.610,-2.416,-0.688,-21.520,0.0659,-0.0269,1.0820,
2.772,ENC,22.6654,18.8424,20.7539,12.4423,6.4768,-10.952,-2.416,-0.688,-21.520,0.0659,-0.0269,1.0820,
2.806,ENC,22.9006,18.9856,20.9431,11.7605,7.1586,-11.216,-2.416,-0.688,-21.520,0.0659,-0.0269,1.0820,
2.823,ENC,23.1410,19.1151,21.1280,12.0162,6.4768,-11.533,-2.416,-0.688,-21.520,0.0659,-0.0269,1.0820,
2.827,ENC,23.3762,19.2446,21.3104,11.7605,6.4768,-11.836,-2.416,-0.688,-21.520,0.0659,-0.0269,1.0820,
2.841,IMU,23.3762,19.2446,21.3104,11.7605,6.4768,-11.836,-2.568,-0.605,-21.907,0.0864,0.0674,1.0205,
2.847,IMU,23.3762,19.2446,21.3104,11.7605,6.4768,-11.836,-2.537,-0.635,-22.161,0.0107,-0.0117,0.9800,
2.850,IMU,23.3762,19.2446,21.3104,11.7605,6.4768,-11.836,-2.496,-0.629,-22.297,0.0088,0.0010,1.1133,
2.864,ENC,23.8534,19.5139,21.6837,11.9310,6.7325,-12.432,-2.496,-0.629,-22.297,0.0088,0.0010,1.1133,
2.868,IMU,23.8534,19.5139,21.6837,11.9310,6.7325,-12.432,-2.448,-0.655,-22.440,0.0171,0.0093,0.9927,
2.883,ENC,24.0852,19.6622,21.8737,11.5901,7.4142,-12.671,-2.448,-0.655,-22.440,0.0171,0.0093,0.9927,
2.886,IMU,24.0852,19.6622,21.8737,11.5901,7.4142,-12.671,-2.544,-0.661,-22.592,0.1157,0.0034,0.9814,
2.903,ENC,24.3170,19.8054,22.0612,11.5901,7.1586,-12.925,-2.544,-0.661,-22.592,0.1157,0.0034,0.9814,
2.907,IMU,24.3170,19.8054,22.0612,11.5901,7.1586,-12.925,-2.563,-0.673,-22.774,0.0674,0.0161,0.9399,
2.923,ENC,24.5232,19.9452,22.2342,10.3118,6.9881,-13.115,-2.563,-0.673,-22.774,0.0674,0.0161,0.9399,
2.927,IMU,24.5232,19.9452,22.2342,10.3118,6.9881,-13.115,-2.482,-0.636,-22.938,-0.0171,0.0166,0.9517,
2.943,ENC,24.7380,20.0798,22.4089,10.7379,6.7325,-13.345,-2.482,-0.636,-22.938,-0.0171,0.0166,0.9517,
2.953,IMU,24.7380,20.0798,22.4089,10.7379,6.7325,-13.345,-2.554,-0.621,-23.083,0.0566,0.0112,1.0952,
2.967,IMU,24.7380,20.0798,22.4089,10.7379,6.7325,-13.345,-2.600,-0.672,-23.258,0.0361,-0.0195,1.0376,
2.982,ENC,24.9476,20.2145,22.5810,10.4822,6.7325,-13.560,-2.600,-0.672,-23.258,0.0361,-0.0195,1.0376,
2.984,ENC,25.1641,20.3474,22.7558,10.8231,6.6473,-13.799,-2.600,-0.672,-23.258,0.0361,-0.0195,1.0376,
2.991,IMU,25.1641,20.3474,22.7558,10.8231,6.6473,-13.799,-2.507,-0.609,-23.374,-0.0669,0.0273,0.9678,
3.010,IMU,25.1641,20.3474,22.7558,10.8231,6.6473,-13.799,-2.450,-0.667,-23.509,0.0469,-0.0161,0.9331,
3.024,ENC,25.6192,20.6167,23.1179,11.3770,6.7325,-14.331,-2.450,-0.667,-23.509,0.0469,-0.0161,0.9331,
3.027,IMU,25.6192,20.6167,23.1179,11.3770,6.7325,-14.331,-2.473,-0.732,-23.676,0.0317,-0.0840,1.0596,
3.043,ENC,25.8425,20.7479,23.2952,11.1640,6.5620,-14.595,-2.473,-0.732,-23.676,0.0317,-0.0840,1.0596,
3.053,IMU,25.8425,20.7479,23.2952,11.1640,6.5620,-14.595,-2.365,-0.743,-23.889,-0.0425,-0.0278,0.9668,
3.088,ENC,26.0828,20.8758,23.4793,12.0162,6.3916,-14.917,-2.365,-0.743,-23.889,-0.0425,-0.0278,0.9668,
3.092,IMU,26.0828,20.8758,23.4793,12.0162,6.3916,-14.917,-2.360,-0.781,-24.116,0.0508,-0.0361,0.9658,
3.094,ENC,26.3214,21.0019,23.6617,11.9310,6.3064,-15.239,-2.360,-0.781,-24.116,0.0508,-0.0361,0.9658,
3.097,IMU,26.3214,21.0019,23.6617,11.9310,6.3064,-15.239,-2.381,-0.782,-24.275,0.0264,0.0249,1.0586,
3.103,ENC,26.5754,21.1297,23.8525,12.6980,6.3916,-15.601,-2.381,-0.782,-24.275,0.0264,0.0249,1.0586,
3.108,IMU,26.5754,21.1297,23.8525,12.6980,6.3916,-15.601,-2.339,-0.742,-24.477,0.0117,0.0078,1.0342,
3.128,IMU,26.5754,21.1297,23.8525,12.6980,6.3916,-15.601,-2.404,-0.859,-24.618,0.0576,-0.0898,1.0659,
3.143,ENC,27.0662,21.3871,24.2267,12.2718,6.4342,-16.270,-2.404,-0.859,-24.618,0.0576,-0.0898,1.0659,
3.147,IMU,27.0662,21.3871,24.2267,12.2718,6.4342,-16.270,-2.442,-0.903,-24.827,0.0625,-0.0322,0.9795,
3.163,ENC,27.3049,21.5132,24.4090,11.9310,6.3064,-16.592,-2.442,-0.903,-24.827,0.0625,-0.0322,0.9795,
3.166,IMU,27.3049,21.5132,24.4090,11.9310,6.3064,-16.592,-2.493,-0.888,-24.991,0.0137,0.0044,1.0801,
3.202,ENC,27.5281,21.6359,24.5820,11.1640,6.1359,-16.880,-2.493,-0.888,-24.991,0.0137,0.0044,1.0801,
3.204,ENC,27.7463,21.7570,24.7516,10.9083,6.0507,-17.158,-2.493,-0.888,-24.991,0.0137,0.0044,1.0801,
3.213,IMU,27.7463,21.7570,24.7516,10.9083,6.0507,-17.158,-2.533,-1.012,-25.437,0.1396,-0.1006,0.9346,
3.227,IMU,27.7463,21.7570,24.7516,10.9083,6.0507,-17.158,-2.496,-0.996,-25.619,0.0063,0.0186,1.0132,
3.243,ENC,28.2099,22.0109,25.1104,11.5901,6.3490,-17.759,-2.496,-0.996,-25.619,0.0063,0.0186,1.0132,
3.248,IMU,28.2099,22.0109,25.1104,11.5901,6.3490,-17.759,-2.463,-0.968,-25.770,0.0156,0.0249,0.9497,
3.263,ENC,28.4383,22.1370,25.2877,11.4196,6.3064,-18.052,-2.463,-0.968,-25.770,0.0156,0.0249,0.9497,
3.266,IMU,28.4383,22.1370,25.2877,11.4196,6.3064,-18.052,-2.452,-1.017,-25.958,0.0444,-0.0376,0.9697,
3.284,ENC,28.6803,22.2666,25.4735,12.1014,6.4768,-18.374,-2.452,-1.017,-25.958,0.0444,-0.0376,0.9697,
3.287,IMU,28.6803,22.2666,25.4735,12.1014,6.4768,-18.374,-2.480,-0.919,-26.124,0.0566,0.0483,1.0610,
3.304,ENC,28.9207,22.4029,25.6618,12.0162,6.8177,-18.672,-2.480,-0.919,-26.124,0.0566,0.0483,1.0610,
3.313,IMU,28.9207,22.4029,25.6618,12.0162,6.8177,-18.672,-2.402,-0.875,-26.330,0.0298,0.0288,0.9771,
3.323,ENC,29.1576,22.5205,25.8391,11.8457,5.8803,-19.014,-2.402,-0.875,-26.330,0.0298,0.0288,0.9771,
3.334,IMU,29.1576,22.5205,25.8391,11.8457,5.8803,-19.014,-2.315,-0.807,-26.447,-0.0029,0.0439,0.9404,
3.344,ENC,29.3962,22.6484,26.0223,11.9310,6.3916,-19.331,-2.315,-0.807,-26.447,-0.0029,0.0439,0.9404,
3.348,IMU,29.3962,22.6484,26.0223,11.9310,6.3916,-19.331,-2.331,-0.845,-26.596,0.0503,-0.0352,0.9536,
3.369,ENC,29.6399,22.7813,26.2106,12.1866,6.6473,-19.648,-2.331,-0.845,-26.596,0.0503,-0.0352,0.9536,
3.372,IMU,29.6399,22.7813,26.2106,12.1866,6.6473,-19.648,-2.367,-0.804,-26.778,0.0664,0.0215,1.0293,
3.383,ENC,29.8802,22.9074,26.3938,12.0162,6.3064,-19.976,-2.367,-0.804,-26.778,0.0664,0.0215,1.0293,
3.392,IMU,29.8802,22.9074,26.3938,12.0162,6.3064,-19.976,-2.350,-0.847,-26.996,-0.0278,-0.0386,1.0376,
3.411,IMU,29.8802,22.9074,26.3938,12.0162,6.3064,-19.976,-2.348,-0.800,-27.235,0.0264,0.0439,0.9785,
3.413,ENC,30.1325,23.0370,26.5847,12.6127,6.4768,-20.327,-2.348,-0.800,-27.235,0.0264,0.0439,0.9785,
3.424,ENC,30.3796,23.1699,26.7748,12.3571,6.6473,-20.654,-2.348,-0.800,-27.235,0.0264,0.0439,0.9785,
3.427,IMU,30.3796,23.1699,26.7748,12.3571,6.6473,-20.654,-2.339,-0.797,-27.434,0.0171,0.0015,0.9424,
3.455,ENC,30.6234,23.2995,26.9614,12.1866,6.4768,-20.981,-2.339,-0.797,-27.434,0.0171,0.0015,0.9424,
3.463,ENC,30.8535,23.4341,27.1438,11.5049,6.7325,-21.255,-2.339,-0.797,-27.434,0.0171,0.0015,0.9424,
3.474,IMU,30.8535,23.4341,27.1438,11.5049,6.7325,-21.255,-2.162,-0.791,-27.633,-0.0942,0.0220,0.9985,
3.477,IMU,30.8535,23.4341,27.1438,11.5049,6.7325,-21.255,-2.114,-0.770,-27.874,0.0381,0.0132,0.9126,
3.489,IMU,30.8535,23.4341,27.1438,11.5049,6.7325,-21.255,-2.137,-0.805,-28.076,0.0410,-0.0332,1.0288,
3.505,ENC,31.2659,23.6932,27.4796,10.3118,6.4768,-21.694,-2.137,-0.805,-28.076,0.0410,-0.0332,1.0288,
3.508,IMU,31.2659,23.6932,27.4796,10.3118,6.4768,-21.694,-2.000,-0.750,-28.196,-0.0400,0.0547,1.0918,
3.525,ENC,31.4671,23.8261,27.6466,10.0561,6.6473,-21.890,-2.000,-0.750,-28.196,-0.0400,0.0547,1.0918,
3.528,IMU,31.4671,23.8261,27.6466,10.0561,6.6473,-21.890,-1.986,-0.771,-28.362,0.0278,-0.0288,0.8970,
3.574,ENC,31.6716,23.9574,27.8145,10.2265,6.5620,-22.100,-1.986,-0.771,-28.362,0.0278,-0.0288,0.8970,
3.578,IMU,31.6716,23.9574,27.8145,10.2265,6.5620,-22.100,-1.948,-0.714,-28.477,-0.0630,0.0317,1.0439,
3.579,ENC,31.8829,24.1022,27.9926,10.5674,7.2438,-22.290,-1.948,-0.714,-28.477,-0.0630,0.0317,1.0439,
3.582,IMU,31.8829,24.1022,27.9926,10.5674,7.2438,-22.290,-2.051,-0.684,-28.611,0.0591,0.0278,1.0063,
3.595,IMU,31.8829,24.1022,27.9926,10.5674,7.2438,-22.290,-2.057,-0.604,-28.749,0.0444,0.0298,0.9937,
3.606,ENC,32.3346,24.3784,28.3565,11.2918,6.9029,-22.793,-2.057,-0.604,-28.749,0.0444,0.0298,0.9937,
3.609,IMU,32.3346,24.3784,28.3565,11.2918,6.9029,-22.793,-2.084,-0.687,-28.861,0.0386,-0.0791,0.9585,
3.628,IMU,32.3346,24.3784,28.3565,11.2918,6.9029,-22.793,-2.165,-0.840,-29.034,0.0845,-0.1392,1.0396,
3.648,IMU,32.3346,24.3784,28.3565,11.2918,6.9029,-22.793,-2.234,-0.965,-29.215,0.1050,-0.0908,0.9453,
3.662,ENC,33.0402,24.7994,28.9198,11.7605,7.0165,-23.608,-2.234,-0.965,-29.215,0.1050,-0.0908,0.9453,
3.668,IMU,33.0402,24.7994,28.9198,11.7605,7.0165,-23.608,-2.222,-0.908,-29.289,-0.0117,0.0371,1.0605,
3.683,ENC,33.2823,24.9374,29.1098,12.1014,6.9029,-23.906,-2.222,-0.908,-29.289,-0.0117,0.0371,1.0605,
3.691,IMU,33.2823,24.9374,29.1098,12.1014,6.9029,-23.906,-2.264,-0.916,-29.430,-0.0029,-0.0430,0.9897,
3.707,IMU,33.2823,24.9374,29.1098,12.1014,6.9029,-23.906,-2.211,-0.860,-29.591,0.0200,0.0117,0.9077,
3.723,ENC,33.5260,25.0755,29.3007,12.1866,6.9029,-24.209,-2.211,-0.860,-29.591,0.0200,0.0117,0.9077,
3.725,ENC,33.7748,25.2101,29.4925,12.4423,6.7325,-24.536,-2.211,-0.860,-29.591,0.0200,0.0117,0.9077,
3.729,IMU,33.7748,25.2101,29.4925,12.4423,6.7325,-24.536,-2.224,-0.909,-29.782,0.0342,-0.0298,1.0234,
3.744,ENC,34.0203,25.3567,29.6885,12.2718,7.3290,-24.819,-2.224,-0.909,-29.782,0.0342,-0.0298,1.0234,
3.747,IMU,34.0203,25.3567,29.6885,12.2718,7.3290,-24.819,-2.224,-0.971,-29.912,-0.0146,-0.1040,1.1606,
3.763,ENC,34.2589,25.4965,29.8777,11.9310,6.9881,-25.103,-2.224,-0.971,-29.912,-0.0146,-0.1040,1.1606,
3.768,IMU,34.2589,25.4965,29.8777,11.9310,6.9881,-25.103,-2.159,-1.054,-30.101,-0.0020,-0.0562,0.9951,
3.784,ENC,34.4754,25.6447,30.0601,10.8231,7.4142,-25.298,-2.159,-1.054,-30.101,-0.0020,-0.0562,0.9951,
3.798,IMU,34.4754,25.6447,30.0601,10.8231,7.4142,-25.298,-2.172,-1.068,-30.216,0.0386,0.0112,0.9229,
3.807,IMU,34.4754,25.6447,30.0601,10.8231,7.4142,-25.298,-2.122,-1.123,-30.373,-0.0356,-0.0527,1.0439,
3.824,ENC,34.6986,25.7930,30.2458,11.1640,7.4142,-25.513,-2.122,-1.123,-30.373,-0.0356,-0.0527,1.0439,
3.826,ENC,34.9219,25.9464,30.4342,11.1640,7.6699,-25.713,-2.122,-1.123,-30.373,-0.0356,-0.0527,1.0439,
3.829,IMU,34.9219,25.9464,30.4342,11.1640,7.6699,-25.713,-2.191,-1.084,-30.554,0.0811,0.0166,1.0425,
3.843,ENC,35.1571,26.0794,30.6183,11.7605,6.6473,-26.006,-2.191,-1.084,-30.554,0.0811,0.0166,1.0425,
3.858,IMU,35.1571,26.0794,30.6183,11.7605,6.6473,-26.006,-2.193,-1.054,-30.724,0.0073,0.0366,1.1147,
3.863,ENC,35.3702,26.2106,30.7904,10.6526,6.5620,-26.240,-2.193,-1.054,-30.724,0.0073,0.0366,1.1147,
3.867,IMU,35.3702,26.2106,30.7904,10.6526,6.5620,-26.240,-2.241,-0.989,-30.844,0.0723,0.0220,1.0146,
3.887,ENC,35.6071,26.3589,30.9830,11.8457,7.4142,-26.494,-2.241,-0.989,-30.844,0.0723,0.0220,1.0146,
3.904,ENC,35.8355,26.5004,31.1679,11.4196,7.0734,-26.743,-2.241,-0.989,-30.844,0.0723,0.0220,1.0146,
3.907,IMU,35.8355,26.5004,31.1679,11.4196,7.0734,-26.743,-2.364,-0.905,-31.114,0.1079,0.0176,1.1328,
3.923,ENC,36.0554,26.6504,31.3529,10.9935,7.4995,-26.943,-2.364,-0.905,-31.114,0.1079,0.0176,1.1328,
3.927,IMU,36.0554,26.6504,31.3529,10.9935,7.4995,-26.943,-2.231,-0.861,-31.273,-0.0991,0.0186,1.0527,
3.944,ENC,36.2769,26.7952,31.5361,11.0788,7.2438,-27.163,-2.231,-0.861,-31.273,-0.0991,0.0186,1.0527,
3.947,IMU,36.2769,26.7952,31.5361,11.0788,7.2438,-27.163,-2.367,-0.836,-31.401,0.1162,-0.0093,1.0054,
3.963,ENC,36.5070,26.9384,31.7227,11.5049,7.1586,-27.412,-2.367,-0.836,-31.401,0.1162,-0.0093,1.0054,
3.967,IMU,36.5070,26.9384,31.7227,11.5049,7.1586,-27.412,-2.364,-0.869,-31.564,0.0376,-0.0278,1.0220,
3.983,ENC,36.7474,27.0833,31.9153,12.0162,7.2438,-27.686,-2.364,-0.869,-31.564,0.0376,-0.0278,1.0220,
3.991,IMU,36.7474,27.0833,31.9153,12.0162,7.2438,-27.686,-2.345,-0.815,-31.713,0.0435,0.0361,0.9907,
4.004,ENC,36.9877,27.2299,32.1088,12.0162,7.3290,-27.954,-2.345,-0.815,-31.713,0.0435,0.0361,0.9907,
4.008,IMU,36.9877,27.2299,32.1088,12.0162,7.3290,-27.954,-2.364,-0.681,-31.892,-0.0107,0.0986,1.1226,
4.056,ENC,37.2263,27.3730,32.2997,11.9310,7.1586,-28.228,-2.364,-0.681,-31.892,-0.0107,0.0986,1.1226,
4.059,IMU,37.2263,27.3730,32.2997,11.9310,7.1586,-28.228,-2.413,-0.708,-32.044,0.0757,0.0078,0.9746,
4.060,ENC,37.4700,27.5162,32.4931,12.1866,7.1586,-28.516,-2.413,-0.708,-32.044,0.0757,0.0078,0.9746,
4.064,IMU,37.4700,27.5162,32.4931,12.1866,7.1586,-28.516,-2.468,-0.713,-32.221,0.1084,-0.0288,0.9438,
4.071,ENC,37.7001,27.6594,32.6798,11.5049,7.1586,-28.765,-2.468,-0.713,-32.221,0.1084,-0.0288,0.9438,
4.076,IMU,37.7001,27.6594,32.6798,11.5049,7.1586,-28.765,-2.506,-0.614,-32.413,0.0581,0.0796,1.0024,
4.084,ENC,37.9081,27.7889,32.8485,10.3970,6.4768,-28.989,-2.506,-0.614,-32.413,0.0581,0.0796,1.0024,
4.088,IMU,37.9081,27.7889,32.8485,10.3970,6.4768,-28.989,-2.584,-0.586,-32.615,0.1182,0.0229,0.9609,
4.103,ENC,38.1245,27.9236,33.0240,10.8231,6.7325,-29.224,-2.584,-0.586,-32.615,0.1182,0.0229,0.9609,
4.106,IMU,38.1245,27.9236,33.0240,10.8231,6.7325,-29.224,-2.617,-0.538,-32.762,0.0742,0.0386,1.0996,
4.124,ENC,38.3171,28.0548,33.1860,9.6300,6.5620,-29.399,-2.617,-0.538,-32.762,0.0742,0.0386,1.0996,
4.127,IMU,38.3171,28.0548,33.1860,9.6300,6.5620,-29.399,-2.581,-0.578,-32.929,0.0171,0.0103,0.9956,
4.143,ENC,38.5268,28.1929,33.3598,10.4822,6.9029,-29.604,-2.581,-0.578,-32.929,0.0171,0.0103,0.9956,
4.146,IMU,38.5268,28.1929,33.3598,10.4822,6.9029,-29.604,-2.584,-0.488,-33.014,0.0342,0.0703,1.0439,
4.167,IMU,38.5268,28.1929,33.3598,10.4822,6.9029,-29.604,-2.633,-0.494,-33.198,0.0747,-0.0005,0.8901,
4.187,IMU,38.5268,28.1929,33.3598,10.4822,6.9029,-29.604,-2.631,-0.515,-33.356,0.0449,-0.0483,0.9395,
4.203,ENC,39.1796,28.5866,33.8831,10.8799,6.5620,-30.347,-2.631,-0.515,-33.356,0.0449,-0.0483,0.9395,
4.208,IMU,39.1796,28.5866,33.8831,10.8799,6.5620,-30.347,-2.628,-0.437,-33.565,0.0688,0.0806,1.0400,
4.223,ENC,39.4029,28.7127,34.0578,11.1640,6.3064,-30.625,-2.628,-0.437,-33.565,0.0688,0.0806,1.0400,
4.231,IMU,39.4029,28.7127,34.0578,11.1640,6.3064,-30.625,-2.513,-0.358,-33.730,-0.0620,0.0278,0.9980,
4.244,ENC,39.6415,28.8474,34.2444,11.9310,6.7325,-30.923,-2.513,-0.358,-33.730,-0.0620,0.0278,0.9980,
4.268,IMU,39.6415,28.8474,34.2444,11.9310,6.7325,-30.923,-2.674,-0.346,-34.184,0.1562,-0.0562,1.0220,
4.291,IMU,39.6415,28.8474,34.2444,11.9310,6.7325,-30.923,-2.725,-0.347,-34.361,0.0415,-0.0205,1.0483,
4.303,ENC,40.3590,29.2496,34.8043,11.9594,6.7041,-31.826,-2.725,-0.347,-34.361,0.0415,-0.0205,1.0483,
4.307,IMU,40.3590,29.2496,34.8043,11.9594,6.7041,-31.826,-2.752,-0.420,-34.522,0.0186,-0.0571,1.1587,
4.323,ENC,40.5908,29.3911,34.9910,11.5901,7.0734,-32.085,-2.752,-0.420,-34.522,0.0186,-0.0571,1.1587,
4.341,IMU,40.5908,29.3911,34.9910,11.5901,7.0734,-32.085,-2.785,-0.424,-34.732,0.0728,-0.0503,0.9458,
4.355,IMU,40.5908,29.3911,34.9910,11.5901,7.0734,-32.085,-2.722,-0.443,-34.862,0.0015,0.0181,0.9468,
4.357,ENC,40.8312,29.5155,35.1733,12.0162,6.2211,-32.417,-2.722,-0.443,-34.862,0.0015,0.0181,0.9468,
4.364,ENC,41.0630,29.6536,35.3583,11.5901,6.9029,-32.686,-2.722,-0.443,-34.862,0.0015,0.0181,0.9468,
4.367,IMU,41.0630,29.6536,35.3583,11.5901,6.9029,-32.686,-2.771,-0.369,-34.949,0.1074,0.0688,0.9277,
4.384,ENC,41.2777,29.7831,35.5304,10.7379,6.4768,-32.930,-2.771,-0.369,-34.949,0.1074,0.0688,0.9277,
4.387,IMU,41.2777,29.7831,35.5304,10.7379,6.4768,-32.930,-2.773,-0.267,-35.041,0.0566,0.0771,1.0234,
4.408,IMU,41.2777,29.7831,35.5304,10.7379,6.4768,-32.930,-2.849,-0.311,-35.122,0.0815,-0.0312,0.9629,
4.410,ENC,41.4908,29.9263,35.7085,10.6526,7.1586,-33.130,-2.849,-0.311,-35.122,0.0815,-0.0312,0.9629,
4.423,ENC,41.6919,30.0745,35.8832,10.0561,7.4142,-33.281,-2.849,-0.311,-35.122,0.0815,-0.0312,0.9629,
4.427,IMU,41.6919,30.0745,35.8832,10.0561,7.4142,-33.281,-2.788,-0.403,-35.227,-0.0342,-0.0815,1.0713,
4.443,ENC,41.8947,30.2245,36.0596,10.1413,7.4995,-33.433,-2.788,-0.403,-35.227,-0.0342,-0.0815,1.0713,
4.451,IMU,41.8947,30.2245,36.0596,10.1413,7.4995,-33.433,-2.738,-0.412,-35.325,-0.0410,-0.0503,1.0664,
4.464,ENC,42.0941,30.3813,36.2377,9.9709,7.8403,-33.555,-2.738,-0.412,-35.325,-0.0410,-0.0503,1.0664,
4.467,IMU,42.0941,30.3813,36.2377,9.9709,7.8403,-33.555,-2.752,-0.409,-35.388,0.0083,-0.0024,0.9839,
4.484,ENC,42.2901,30.5467,36.4184,9.8004,8.2665,-33.643,-2.752,-0.409,-35.388,0.0083,-0.0024,0.9839,
4.502,ENC,42.4930,30.7222,36.6076,10.1413,8.7778,-33.721,-2.752,-0.409,-35.388,0.0083,-0.0024,0.9839,
4.514,IMU,42.4930,30.7222,36.6076,10.1413,8.7778,-33.721,-2.676,-0.370,-35.404,0.0264,0.0859,0.9810,
4.518,IMU,42.4930,30.7222,36.6076,10.1413,8.7778,-33.721,-2.764,-0.430,-35.442,0.0815,-0.0757,1.1147,
4.529,IMU,42.4930,30.7222,36.6076,10.1413,8.7778,-33.721,-2.770,-0.496,-35.471,0.0562,-0.0591,1.0586,
4.531,ENC,42.6873,30.9046,36.7959,9.7152,9.1187,-33.755,-2.770,-0.496,-35.471,0.0562,-0.0591,1.0586,
4.549,IMU,42.6873,30.9046,36.7959,9.7152,9.1187,-33.755,-2.640,-0.568,-35.501,-0.0083,-0.0645,0.9780,
4.564,ENC,43.0640,31.2779,37.1709,9.4169,9.3317,-33.765,-2.640,-0.568,-35.501,-0.0083,-0.0645,0.9780,
4.567,IMU,43.0640,31.2779,37.1709,9.4169,9.3317,-33.765,-2.687,-0.589,-35.511,0.0649,-0.0029,0.8633,
4.586,IMU,43.0640,31.2779,37.1709,9.4169,9.3317,-33.765,-2.769,-0.524,-35.527,0.0869,0.0723,1.0815,
4.588,ENC,43.2617,31.4722,37.3669,9.8857,9.7152,-33.774,-2.769,-0.524,-35.527,0.0869,0.0723,1.0815,
4.627,IMU,43.2617,31.4722,37.3669,9.8857,9.7152,-33.774,-2.729,-0.557,-35.522,0.0034,0.0020,1.0303,
4.631,IMU,43.2617,31.4722,37.3669,9.8857,9.7152,-33.774,-2.760,-0.523,-35.424,0.0649,0.0000,1.0283,
4.632,ENC,43.4440,31.6614,37.5527,9.1187,9.4595,-33.755,-2.760,-0.523,-35.424,0.0649,0.0000,1.0283,
4.633,ENC,43.6400,31.8506,37.7453,9.8004,9.4595,-33.774,-2.760,-0.523,-35.424,0.0649,0.0000,1.0283,
4.643,ENC,43.8275,32.0312,37.9294,9.3743,9.0334,-33.794,-2.760,-0.523,-35.424,0.0649,0.0000,1.0283,
4.646,IMU,43.8275,32.0312,37.9294,9.3743,9.0334,-33.794,-2.785,-0.456,-35.400,0.1016,-0.0059,0.9136,
4.664,ENC,44.0252,32.2187,38.1220,9.8857,9.3743,-33.823,-2.785,-0.456,-35.400,0.1016,-0.0059,0.9136,
4.668,IMU,44.0252,32.2187,38.1220,9.8857,9.3743,-33.823,-2.761,-0.332,-35.345,0.0439,0.0640,0.9302,
4.684,ENC,44.2196,32.4079,38.3137,9.7152,9.4595,-33.838,-2.761,-0.332,-35.345,0.0439,0.0640,0.9302,
4.693,IMU,44.2196,32.4079,38.3137,9.7152,9.4595,-33.838,-2.780,-0.343,-35.351,0.1060,0.0093,0.9272,
4.705,ENC,44.4173,32.5937,38.5055,9.8857,9.2891,-33.872,-2.780,-0.343,-35.351,0.1060,0.0093,0.9272,
4.708,IMU,44.4173,32.5937,38.5055,9.8857,9.2891,-33.872,-2.734,-0.459,-35.373,0.0176,-0.0659,1.0088,
4.724,ENC,44.6030,32.7812,38.6921,9.2891,9.3743,-33.867,-2.734,-0.459,-35.373,0.0176,-0.0659,1.0088,
4.744,ENC,44.7735,32.9652,38.8694,8.5221,9.2039,-33.828,-2.734,-0.459,-35.373,0.0176,-0.0659,1.0088,
4.752,IMU,44.7735,32.9652,38.8694,8.5221,9.2039,-33.828,-2.589,-0.434,-35.387,-0.0664,0.0225,1.0044,
4.754,IMU,44.7735,32.9652,38.8694,8.5221,9.2039,-33.828,-2.590,-0.388,-35.367,0.0664,0.0396,1.0586,
4.764,ENC,44.9439,33.1442,39.0441,8.5221,8.9482,-33.804,-2.590,-0.388,-35.367,0.0664,0.0396,1.0586,
4.770,IMU,44.9439,33.1442,39.0441,8.5221,8.9482,-33.804,-2.509,-0.417,-35.336,-0.0264,0.0552,0.9873,
4.783,ENC,45.0990,33.3283,39.2137,7.7551,9.2039,-33.721,-2.509,-0.417,-35.336,-0.0264,0.0552,0.9873,
4.788,IMU,45.0990,33.3283,39.2137,7.7551,9.2039,-33.721,-2.529,-0.358,-35.305,0.0615,0.0884,1.0132,
4.803,ENC,45.2439,33.5141,39.3790,7.2438,9.2891,-33.604,-2.529,-0.358,-35.305,0.0615,0.0884,1.0132,
4.822,IMU,45.2439,33.5141,39.3790,7.2438,9.2891,-33.604,-2.555,-0.256,-35.276,0.0752,0.0894,1.0532,
4.826,ENC,45.3854,33.7033,39.5443,7.0734,9.4595,-33.467,-2.555,-0.256,-35.276,0.0752,0.0894,1.0532,
4.829,IMU,45.3854,33.7033,39.5443,7.0734,9.4595,-33.467,-2.614,-0.192,-35.165,0.0801,0.0132,0.9751,
4.843,ENC,45.5251,33.8839,39.7045,6.9881,9.0334,-33.350,-2.614,-0.192,-35.165,0.0801,0.0132,0.9751,
4.849,IMU,45.5251,33.8839,39.7045,6.9881,9.0334,-33.350,-2.709,-0.139,-35.100,0.0903,0.0698,1.0449,
4.863,ENC,45.6768,34.0714,39.8741,7.5847,9.3743,-33.247,-2.709,-0.139,-35.100,0.0903,0.0698,1.0449,
4.867,IMU,45.6768,34.0714,39.8741,7.5847,9.3743,-33.247,-2.766,-0.193,-35.042,0.0981,-0.0166,1.0400,
4.884,ENC,45.8268,34.2470,40.0369,7.4995,8.7778,-33.174,-2.766,-0.193,-35.042,0.0981,-0.0166,1.0400,
4.891,IMU,45.8268,34.2470,40.0369,7.4995,8.7778,-33.174,-2.841,-0.175,-34.989,0.0806,-0.0029,0.9258,
4.905,ENC,45.9598,34.4242,40.1920,6.6473,8.8630,-33.047,-2.841,-0.175,-34.989,0.0806,-0.0029,0.9258,
4.907,IMU,45.9598,34.4242,40.1920,6.6473,8.8630,-33.047,-2.808,-0.139,-34.927,0.0806,0.0449,0.9023,
4.926,IMU,45.9598,34.4242,40.1920,6.6473,8.8630,-33.047,-2.793,-0.069,-34.946,0.0376,0.0049,1.0195,
4.943,ENC,46.2308,34.7532,40.4920,6.7751,8.2238,-32.881,-2.793,-0.069,-34.946,0.0376,0.0049,1.0195,
4.962,ENC,46.3688,34.9117,40.6403,6.9029,7.9256,-32.822,-2.793,-0.069,-34.946,0.0376,0.0049,1.0195,
4.970,IMU,46.3688,34.9117,40.6403,6.9029,7.9256,-32.822,-2.821,-0.059,-34.923,0.0259,-0.0122,1.0156,
4.973,IMU,46.3688,34.9117,40.6403,6.9029,7.9256,-32.822,-2.760,0.085,-34.910,0.0317,0.1152,0.9893,
4.995,ENC,46.5086,35.0583,40.7834,6.9881,7.3290,-32.803,-2.760,0.085,-34.910,0.0317,0.1152,0.9893,
4.998,IMU,46.5086,35.0583,40.7834,6.9881,7.3290,-32.803,-2.790,0.039,-34.942,0.0459,0.0029,1.0122,
5.003,ENC,46.6518,35.1997,40.9258,7.1586,7.0734,-32.808,-2.790,0.039,-34.942,0.0459,0.0029,1.0122,
5.007,IMU,46.6518,35.1997,40.9258,7.1586,7.0734,-32.808,-2.790,0.019,-34.934,0.0488,-0.0278,1.0679,
5.028,IMU,46.6518,35.1997,40.9258,7.1586,7.0734,-32.808,-2.775,0.013,-34.883,0.0093,-0.0117,0.9897,
5.054,IMU,46.6518,35.1997,40.9258,7.1586,7.0734,-32.808,-2.839,0.049,-34.815,0.1021,0.0649,1.0161,
5.062,ENC,47.0625,35.6463,41.3544,6.8461,7.4426,-32.705,-2.839,0.049,-34.815,0.1021,0.0649,1.0161,
5.067,IMU,47.0625,35.6463,41.3544,6.8461,7.4426,-32.705,-2.873,0.040,-34.708,0.1030,-0.0391,1.0537,
5.086,IMU,47.0625,35.6463,41.3544,6.8461,7.4426,-32.705,-2.940,0.060,-34.627,0.0869,0.0229,0.9668,
5.088,ENC,47.2006,35.7997,41.5001,6.9029,7.6699,-32.661,-2.940,0.060,-34.627,0.0869,0.0229,0.9668,
5.103,ENC,47.3574,35.9616,41.6595,7.8403,8.0960,-32.646,-2.940,0.060,-34.627,0.0869,0.0229,0.9668,
5.106,IMU,47.3574,35.9616,41.6595,7.8403,8.0960,-32.646,-2.950,0.083,-34.571,0.0361,0.0181,1.0781,
5.123,ENC,47.4989,36.1014,41.8001,7.0734,6.9881,-32.651,-2.950,0.083,-34.571,0.0361,0.0181,1.0781,
5.127,IMU,47.4989,36.1014,41.8001,7.0734,6.9881,-32.651,-2.905,0.178,-34.504,-0.0112,0.0464,1.0161,
5.143,ENC,47.6591,36.2633,41.9612,8.0108,8.0960,-32.646,-2.905,0.178,-34.504,-0.0112,0.0464,1.0161,
5.156,IMU,47.6591,36.2633,41.9612,8.0108,8.0960,-32.646,-2.963,0.186,-34.420,0.1055,0.0107,0.9219,
5.165,ENC,47.8074,36.4337,42.1206,7.4142,8.5221,-32.583,-2.963,0.186,-34.420,0.1055,0.0107,0.9219,
5.169,IMU,47.8074,36.4337,42.1206,7.4142,8.5221,-32.583,-2.858,0.186,-34.345,-0.0625,-0.0015,1.0532,
5.185,ENC,47.9318,36.6059,42.2688,6.2211,8.6073,-32.446,-2.858,0.186,-34.345,-0.0625,-0.0015,1.0532,
5.207,IMU,47.9318,36.6059,42.2688,6.2211,8.6073,-32.446,-2.887,0.125,-34.115,0.0054,-0.0459,0.9585,
5.225,ENC,48.2113,36.9877,42.5995,6.9881,9.5448,-32.153,-2.887,0.125,-34.115,0.0054,-0.0459,0.9585,
5.229,IMU,48.2113,36.9877,42.5995,6.9881,9.5448,-32.153,-2.923,0.099,-34.088,0.0552,0.0034,0.9746,
5.245,ENC,48.3613,37.1701,42.7657,7.4995,9.1187,-32.061,-2.923,0.099,-34.088,0.0552,0.0034,0.9746,
5.247,IMU,48.3613,37.1701,42.7657,7.4995,9.1187,-32.061,-3.009,-0.051,-34.013,0.1206,-0.0815,0.8628,
5.264,ENC,48.5164,37.3575,42.9370,7.7551,9.3743,-31.968,-3.009,-0.051,-34.013,0.1206,-0.0815,0.8628,
5.267,IMU,48.5164,37.3575,42.9370,7.7551,9.3743,-31.968,-2.927,-0.211,-33.939,-0.0493,-0.1187,0.9146,
5.283,ENC,48.6545,37.5536,43.1040,6.9029,9.8004,-31.802,-2.927,-0.211,-33.939,-0.0493,-0.1187,0.9146,
5.291,IMU,48.6545,37.5536,43.1040,6.9029,9.8004,-31.802,-2.961,-0.170,-33.776,0.0713,0.0576,0.8955,
5.303,ENC,48.7840,37.7598,43.2719,6.4768,10.3118,-31.582,-2.961,-0.170,-33.776,0.0713,0.0576,0.8955,
5.308,IMU,48.7840,37.7598,43.2719,6.4768,10.3118,-31.582,-2.909,-0.210,-33.596,0.0142,-0.0166,1.1133,
5.324,ENC,48.9033,37.9677,43.4355,5.9655,10.3970,-31.328,-2.909,-0.210,-33.596,0.0142,-0.0166,1.1133,
5.327,IMU,48.9033,37.9677,43.4355,5.9655,10.3970,-31.328,-2.829,-0.156,-33.374,0.0171,0.0576,1.0254,
5.343,ENC,49.0141,38.1671,43.5906,5.5394,9.9709,-31.074,-2.829,-0.156,-33.374,0.0171,0.0576,1.0254,
5.348,IMU,49.0141,38.1671,43.5906,5.5394,9.9709,-31.074,-2.862,-0.322,-33.234,0.0591,-0.1519,1.0181,
5.366,ENC,49.1334,38.3700,43.7517,5.9655,10.1413,-30.835,-2.862,-0.322,-33.234,0.0591,-0.1519,1.0181,
5.368,IMU,49.1334,38.3700,43.7517,5.9655,10.1413,-30.835,-2.818,-0.245,-33.070,0.0693,0.0215,0.8813,
5.383,ENC,49.2493,38.5677,43.9085,5.7950,9.8857,-30.601,-2.818,-0.245,-33.070,0.0693,0.0215,0.8813,
5.398,IMU,49.2493,38.5677,43.9085,5.7950,9.8857,-30.601,-2.811,-0.138,-32.947,0.0591,0.1079,1.0381,
5.408,ENC,49.3686,38.7637,44.0662,5.9655,9.8004,-30.381,-2.811,-0.138,-32.947,0.0591,0.1079,1.0381,
5.423,ENC,49.4896,38.9597,44.2247,6.0507,9.8004,-30.166,-2.811,-0.138,-32.947,0.0591,0.1079,1.0381,
5.428,IMU,49.4896,38.9597,44.2247,6.0507,9.8004,-30.166,-2.851,-0.257,-32.690,0.0947,-0.0474,1.0005,
5.443,ENC,49.6038,39.1540,44.3789,5.7098,9.7152,-29.937,-2.851,-0.257,-32.690,0.0947,-0.0474,1.0005,
5.446,IMU,49.6038,39.1540,44.3789,5.7098,9.7152,-29.937,-2.914,-0.170,-32.469,0.0688,0.0508,0.9229,
5.464,ENC,49.7197,39.3534,44.5366,5.7950,9.9709,-29.697,-2.914,-0.170,-32.469,0.0688,0.0508,0.9229,
5.469,IMU,49.7197,39.3534,44.5366,5.7950,9.9709,-29.697,-3.008,-0.067,-32.317,0.1226,0.0947,0.9082,
5.489,IMU,49.7197,39.3534,44.5366,5.7950,9.9709,-29.697,-3.064,0.012,-32.168,0.1045,0.0298,0.9819,
5.507,IMU,49.7197,39.3534,44.5366,5.7950,9.9709,-29.697,-3.069,-0.046,-31.935,0.0435,-0.0562,1.0679,
5.528,IMU,49.7197,39.3534,44.5366,5.7950,9.9709,-29.697,-3.038,-0.182,-31.768,0.0488,-0.1094,1.0972,
5.543,ENC,50.1936,40.1767,45.1851,5.9229,10.2905,-28.696,-3.038,-0.182,-31.768,0.0488,-0.1094,1.0972,
5.547,IMU,50.1936,40.1767,45.1851,5.9229,10.2905,-28.696,-3.114,-0.257,-31.525,0.0771,-0.1074,1.0176,
5.566,ENC,50.3146,40.3863,45.3504,6.0507,10.4822,-28.442,-3.114,-0.257,-31.525,0.0771,-0.1074,1.0176,
5.569,IMU,50.3146,40.3863,45.3504,6.0507,10.4822,-28.442,-3.180,-0.188,-31.356,0.1191,0.0278,0.9395,
5.583,ENC,50.4288,40.5874,45.5081,5.7098,10.0561,-28.193,-3.180,-0.188,-31.356,0.1191,0.0278,0.9395,
5.587,IMU,50.4288,40.5874,45.5081,5.7098,10.0561,-28.193,-3.183,-0.238,-31.160,-0.0063,-0.0649,1.1353,
5.612,IMU,50.4288,40.5874,45.5081,5.7098,10.0561,-28.193,-3.176,-0.107,-30.962,-0.0200,0.1060,1.0371,
5.626,IMU,50.4288,40.5874,45.5081,5.7098,10.0561,-28.193,-3.119,-0.132,-30.774,-0.0054,-0.0610,1.0410,
5.633,ENC,50.6657,41.0067,45.8362,5.9229,10.4822,-27.671,-3.119,-0.132,-30.774,-0.0054,-0.0610,1.0410,
5.644,ENC,50.7884,41.2147,46.0015,6.1359,10.3970,-27.427,-3.119,-0.132,-30.774,-0.0054,-0.0610,1.0410,
5.647,IMU,50.7884,41.2147,46.0015,6.1359,10.3970,-27.427,-3.122,-0.217,-30.575,0.0376,-0.1064,1.0293,
5.664,ENC,50.9094,41.4090,46.1592,6.0507,9.7152,-27.217,-3.122,-0.217,-30.575,0.0376,-0.1064,1.0293,
5.669,IMU,50.9094,41.4090,46.1592,6.0507,9.7152,-27.217,-3.161,-0.213,-30.360,0.0654,0.0117,0.9819,
5.709,IMU,50.9094,41.4090,46.1592,6.0507,9.7152,-27.217,-3.139,-0.398,-29.869,0.0244,-0.1719,1.1177,
5.725,ENC,51.2622,42.0157,46.6390,5.8803,10.1129,-26.489,-3.139,-0.398,-29.869,0.0244,-0.1719,1.1177,
5.729,IMU,51.2622,42.0157,46.6390,5.8803,10.1129,-26.489,-3.085,-0.370,-29.655,0.0044,0.0200,1.0210,
5.757,IMU,51.2622,42.0157,46.6390,5.8803,10.1129,-26.489,-3.175,-0.210,-29.455,0.1055,0.1167,0.9155,
5.771,ENC,51.3713,42.2066,46.7890,5.4542,9.5448,-26.255,-3.175,-0.210,-29.455,0.1055,0.1167,0.9155,
5.774,IMU,51.3713,42.2066,46.7890,5.4542,9.5448,-26.255,-3.184,-0.105,-29.272,0.0435,0.0811,0.9937,
5.776,ENC,51.4855,42.3992,46.9424,5.7098,9.6300,-26.030,-3.184,-0.105,-29.272,0.0435,0.0811,0.9937,
5.783,ENC,51.5997,42.5986,47.0992,5.7098,9.9709,-25.786,-3.184,-0.105,-29.272,0.0435,0.0811,0.9937,
5.787,IMU,51.5997,42.5986,47.0992,5.7098,9.9709,-25.786,-3.156,-0.102,-29.035,0.0024,-0.0234,0.9688,
5.805,ENC,51.7037,42.7878,47.2458,5.1985,9.4595,-25.542,-3.156,-0.102,-29.035,0.0024,-0.0234,0.9688,
5.807,IMU,51.7037,42.7878,47.2458,5.1985,9.4595,-25.542,-3.144,-0.031,-28.865,0.0376,0.0547,1.0674,
5.823,ENC,51.8128,42.9856,47.3992,5.4542,9.8857,-25.288,-3.144,-0.031,-28.865,0.0376,0.0547,1.0674,
5.827,IMU,51.8128,42.9856,47.3992,5.4542,9.8857,-25.288,-3.198,-0.043,-28.661,0.0991,0.0142,1.0000,
5.843,ENC,51.9150,43.1833,47.5491,5.1133,9.8857,-25.015,-3.198,-0.043,-28.661,0.0991,0.0142,1.0000,
5.847,IMU,51.9150,43.1833,47.5491,5.1133,9.8857,-25.015,-3.118,0.045,-28.475,0.0254,0.0488,0.9277,
5.865,ENC,52.0173,43.3810,47.6991,5.1133,9.8857,-24.741,-3.118,0.045,-28.475,0.0254,0.0488,0.9277,
5.868,IMU,52.0173,43.3810,47.6991,5.1133,9.8857,-24.741,-3.175,0.053,-28.242,0.0234,0.0073,1.0649,
5.882,ENC,52.1110,43.5838,47.8474,4.6872,10.1413,-24.429,-3.175,0.053,-28.242,0.0234,0.0073,1.0649,
5.886,IMU,52.1110,43.5838,47.8474,4.6872,10.1413,-24.429,-3.128,-0.016,-28.050,0.0229,-0.0542,0.9966,
5.907,IMU,52.1110,43.5838,47.8474,4.6872,10.1413,-24.429,-3.128,-0.030,-27.838,0.0615,-0.0405,1.0630,
5.908,ENC,52.2031,43.7900,47.9966,4.6019,10.3118,-24.102,-3.128,-0.030,-27.838,0.0615,-0.0405,1.0630,
5.927,IMU,52.2031,43.7900,47.9966,4.6019,10.3118,-24.102,-3.110,0.011,-27.625,0.1084,0.0371,0.7490,
5.943,ENC,52.3940,44.1940,48.2940,4.7724,10.0987,-23.491,-3.110,0.011,-27.625,0.1084,0.0371,0.7490,
5.946,IMU,52.3940,44.1940,48.2940,4.7724,10.0987,-23.491,-3.117,-0.107,-27.424,0.0576,-0.0576,1.0962,
5.974,IMU,52.3940,44.1940,48.2940,4.7724,10.0987,-23.491,-3.166,-0.054,-27.218,0.0815,-0.0088,1.0645,
5.978,ENC,52.4860,44.3934,48.4397,4.6019,9.9709,-23.184,-3.166,-0.054,-27.218,0.0815,-0.0088,1.0645,
5.983,ENC,52.5832,44.5979,48.5905,4.8576,10.2265,-22.876,-3.166,-0.054,-27.218,0.0815,-0.0088,1.0645,
6.003,ENC,52.6769,44.7991,48.7380,4.6872,10.0561,-22.568,-3.166,-0.054,-27.218,0.0815,-0.0088,1.0645,
6.006,IMU,52.6769,44.7991,48.7380,4.6872,10.0561,-22.568,-3.254,0.027,-27.009,0.1050,0.0566,0.9121,
6.009,IMU,52.6769,44.7991,48.7380,4.6872,10.0561,-22.568,-3.226,0.053,-26.806,-0.0054,0.0596,1.0088,
6.025,ENC,52.7672,44.9968,48.8820,4.5167,9.8857,-22.261,-3.226,0.053,-26.806,-0.0054,0.0596,1.0088,
6.028,IMU,52.7672,44.9968,48.8820,4.5167,9.8857,-22.261,-3.090,0.031,-26.592,-0.0137,0.0142,1.0571,
6.045,ENC,52.8627,45.1996,49.0311,4.7724,10.1413,-21.953,-3.090,0.031,-26.592,-0.0137,0.0142,1.0571,
6.061,IMU,52.8627,45.1996,49.0311,4.7724,10.1413,-21.953,-3.154,0.108,-26.374,0.1143,0.0273,0.9771,
6.063,ENC,52.9547,45.4041,49.1794,4.6019,10.2265,-21.631,-3.154,0.108,-26.374,0.1143,0.0273,0.9771,
6.080,IMU,52.9547,45.4041,49.1794,4.6019,10.2265,-21.631,-3.156,0.100,-26.193,0.0713,-0.0073,0.9946,
6.083,ENC,53.0502,45.5967,49.3234,4.7724,9.6300,-21.353,-3.156,0.100,-26.193,0.0713,-0.0073,0.9946,
6.087,IMU,53.0502,45.5967,49.3234,4.7724,9.6300,-21.353,-3.235,0.220,-26.007,0.1514,0.0854,0.8882,
6.103,ENC,53.1456,45.7808,49.4632,4.7724,9.2039,-21.099,-3.235,0.220,-26.007,0.1514,0.0854,0.8882,
6.108,IMU,53.1456,45.7808,49.4632,4.7724,9.2039,-21.099,-3.237,0.085,-25.802,0.0420,-0.0850,0.9829,
6.123,ENC,53.2394,45.9717,49.6055,4.6872,9.5448,-20.820,-3.237,0.085,-25.802,0.0420,-0.0850,0.9829,
6.127,IMU,53.2394,45.9717,49.6055,4.6872,9.5448,-20.820,-3.177,0.000,-25.644,0.0356,-0.0933,1.0718,
6.143,ENC,53.3331,46.1592,49.7461,4.6872,9.3743,-20.552,-3.177,0.000,-25.644,0.0356,-0.0933,1.0718,
6.147,IMU,53.3331,46.1592,49.7461,4.6872,9.3743,-20.552,-3.178,-0.036,-25.495,0.0415,-0.0493,0.9927,
6.164,ENC,53.4354,46.3586,49.8970,5.1133,9.9709,-20.273,-3.178,-0.036,-25.495,0.0415,-0.0493,0.9927,
6.167,IMU,53.4354,46.3586,49.8970,5.1133,9.9709,-20.273,-3.243,0.008,-25.248,0.0698,0.0449,1.0605,
6.183,ENC,53.5291,46.5529,50.0410,4.6872,9.7152,-19.985,-3.243,0.008,-25.248,0.0698,0.0449,1.0605,
6.189,IMU,53.5291,46.5529,50.0410,4.6872,9.7152,-19.985,-3.244,-0.037,-25.069,0.0435,-0.0303,0.9766,
6.210,IMU,53.5291,46.5529,50.0410,4.6872,9.7152,-19.985,-3.209,0.027,-24.843,0.0688,0.0566,0.9336,
6.223,ENC,53.7353,46.9466,50.3410,5.1559,9.8430,-19.448,-3.209,0.027,-24.843,0.0688,0.0566,0.9336,
6.227,IMU,53.7353,46.9466,50.3410,5.1559,9.8430,-19.448,-3.231,-0.004,-24.650,0.0566,-0.0186,1.0229,
6.243,ENC,53.8359,47.1290,50.4825,5.0280,9.1187,-19.214,-3.231,-0.004,-24.650,0.0566,-0.0186,1.0229,
6.246,IMU,53.8359,47.1290,50.4825,5.0280,9.1187,-19.214,-3.243,0.005,-24.448,0.0669,-0.0254,1.0308,
6.271,IMU,53.8359,47.1290,50.4825,5.0280,9.1187,-19.214,-3.254,-0.005,-24.294,0.0283,-0.0444,0.9741,
6.283,ENC,54.0064,47.5227,50.7645,4.2611,9.8430,-18.574,-3.254,-0.005,-24.294,0.0283,-0.0444,0.9741,
6.287,IMU,54.0064,47.5227,50.7645,4.2611,9.8430,-18.574,-3.247,0.009,-24.073,0.0020,-0.0093,1.0547,
6.303,ENC,54.0779,47.7307,50.9043,3.5793,10.3970,-18.184,-3.247,0.009,-24.073,0.0020,-0.0093,1.0547,
6.306,IMU,54.0779,47.7307,50.9043,3.5793,10.3970,-18.184,-3.297,0.092,-23.830,0.0913,0.0518,0.9341,
6.323,ENC,54.1444,47.9318,51.0381,3.3236,10.0561,-17.798,-3.297,0.092,-23.830,0.0913,0.0518,0.9341,
6.328,IMU,54.1444,47.9318,51.0381,3.3236,10.0561,-17.798,-3.289,0.129,-23.601,0.0894,0.0181,0.9893,
6.343,ENC,54.2211,48.1346,51.1779,3.8350,10.1413,-17.437,-3.289,0.129,-23.601,0.0894,0.0181,0.9893,
6.348,IMU,54.2211,48.1346,51.1779,3.8350,10.1413,-17.437,-3.210,0.053,-23.435,0.0181,-0.0630,1.0542,
6.384,IMU,54.2211,48.1346,51.1779,3.8350,10.1413,-17.437,-3.247,0.025,-23.292,0.0889,-0.0352,0.9658,
6.388,IMU,54.2211,48.1346,51.1779,3.8350,10.1413,-17.437,-3.259,-0.023,-23.105,0.0342,-0.0469,1.0503,
6.394,ENC,54.3762,48.5198,51.4480,3.8776,9.6300,-16.777,-3.259,-0.023,-23.105,0.0342,-0.0469,1.0503,
6.403,ENC,54.4495,48.7141,51.5818,3.6645,9.7152,-16.431,-3.259,-0.023,-23.105,0.0342,-0.0469,1.0503,
6.413,IMU,54.4495,48.7141,51.5818,3.6645,9.7152,-16.431,-3.238,0.079,-22.931,0.0195,0.0562,0.9263,
6.423,ENC,54.5245,48.9033,51.7139,3.7497,9.4595,-16.104,-3.238,0.079,-22.931,0.0195,0.0562,0.9263,
6.430,IMU,54.5245,48.9033,51.7139,3.7497,9.4595,-16.104,-3.388,0.167,-22.767,0.1367,0.0518,0.9810,
6.443,ENC,54.5927,49.0874,51.8400,3.4088,9.2039,-15.771,-3.388,0.167,-22.767,0.1367,0.0518,0.9810,
6.446,IMU,54.5927,49.0874,51.8400,3.4088,9.2039,-15.771,-3.372,0.215,-22.552,0.0122,-0.0083,0.9951,
6.466,IMU,54.5927,49.0874,51.8400,3.4088,9.2039,-15.771,-3.358,0.307,-22.408,0.0503,0.0684,0.9854,
6.468,ENC,54.6438,49.2663,51.9551,2.5566,8.9482,-15.405,-3.358,0.307,-22.408,0.0503,0.0684,0.9854,
6.484,ENC,54.6626,49.4419,52.0522,0.9374,8.7778,-14.956,-3.358,0.307,-22.408,0.0503,0.0684,0.9854,
6.489,IMU,54.6626,49.4419,52.0522,0.9374,8.7778,-14.956,-3.352,0.320,-22.184,0.0361,-0.0195,0.9780,
6.505,ENC,54.6830,49.6021,52.1426,1.0227,8.0108,-14.556,-3.352,0.320,-22.184,0.0361,-0.0195,0.9780,
6.518,IMU,54.6830,49.6021,52.1426,1.0227,8.0108,-14.556,-3.356,0.421,-22.064,0.1055,0.0854,1.0264,
6.523,ENC,54.6983,49.7521,52.2252,0.7670,7.4995,-14.170,-3.356,0.421,-22.064,0.1055,0.0854,1.0264,
6.535,IMU,54.6983,49.7521,52.2252,0.7670,7.4995,-14.170,-3.346,0.479,-21.952,0.0659,0.0898,0.9800,
6.546,ENC,54.7018,49.8868,52.2943,0.1704,6.7325,-13.794,-3.346,0.479,-21.952,0.0659,0.0898,0.9800,
6.549,IMU,54.7018,49.8868,52.2943,0.1704,6.7325,-13.794,-3.383,0.485,-21.849,0.0767,0.0034,1.0444,
6.563,ENC,54.7018,50.0044,52.3531,0.0000,5.8803,-13.457,-3.383,0.485,-21.849,0.0767,0.0034,1.0444,
6.566,IMU,54.7018,50.0044,52.3531,0.0000,5.8803,-13.457,-3.310,0.540,-21.731,-0.0142,0.0483,1.0537,
6.590,IMU,54.7018,50.0044,52.3531,0.0000,5.8803,-13.457,-3.408,0.492,-21.631,0.1323,-0.0366,0.9873,
6.606,IMU,54.7018,50.0044,52.3531,0.0000,5.8803,-13.457,-3.423,0.499,-21.537,0.0503,0.0034,0.9858,
6.608,ENC,54.7035,50.1407,52.4221,0.0852,6.8177,-13.071,-3.423,0.499,-21.537,0.0503,0.0034,0.9858,
6.610,ENC,54.7052,50.2600,52.4826,0.0852,5.9655,-12.734,-3.423,0.499,-21.537,0.0503,0.0034,0.9858,
6.634,ENC,54.7052,50.3793,52.5423,0.0000,5.9655,-12.393,-3.423,0.499,-21.537,0.0503,0.0034,0.9858,
6.643,ENC,54.7018,50.4833,52.5925,-0.1704,5.1985,-12.085,-3.423,0.499,-21.537,0.0503,0.0034,0.9858,
6.650,IMU,54.7018,50.4833,52.5925,-0.1704,5.1985,-12.085,-3.355,0.501,-21.464,-0.0024,0.0190,1.0400,
6.654,IMU,54.7018,50.4833,52.5925,-0.1704,5.1985,-12.085,-3.272,0.595,-21.332,0.0264,0.0996,1.0381,
6.663,ENC,54.6608,50.6060,52.6334,-2.0453,6.1359,-11.616,-3.272,0.595,-21.332,0.0264,0.0996,1.0381,
6.678,IMU,54.6608,50.6060,52.6334,-2.0453,6.1359,-11.616,-3.224,0.687,-21.173,0.0146,0.0625,1.0107,
6.686,ENC,54.5876,50.7236,52.6556,-3.6645,5.8803,-11.069,-3.224,0.687,-21.173,0.0146,0.0625,1.0107,
6.689,IMU,54.5876,50.7236,52.6556,-3.6645,5.8803,-11.069,-3.185,0.792,-20.905,0.0225,0.0776,1.0259,
6.703,ENC,54.4802,50.8259,52.6530,-5.3689,5.1133,-10.469,-3.185,0.792,-20.905,0.0225,0.0776,1.0259,
6.707,IMU,54.4802,50.8259,52.6530,-5.3689,5.1133,-10.469,-3.139,0.808,-20.569,0.0356,0.0835,0.9385,
6.723,ENC,54.3575,50.9350,52.6462,-6.1359,5.4542,-9.805,-3.139,0.808,-20.569,0.0356,0.0835,0.9385,
6.726,IMU,54.3575,50.9350,52.6462,-6.1359,5.4542,-9.805,-3.140,0.827,-20.275,0.0513,0.0571,1.0303,
6.743,ENC,54.2245,51.0441,52.6343,-6.6473,5.4542,-9.111,-3.140,0.827,-20.275,0.0513,0.0571,1.0303,
6.747,IMU,54.2245,51.0441,52.6343,-6.6473,5.4542,-9.111,-3.121,0.822,-19.980,0.0425,-0.0044,0.9609,
6.767,IMU,54.2245,51.0441,52.6343,-6.6473,5.4542,-9.111,-3.113,0.798,-19.711,0.0552,0.0156,1.0371,
6.790,IMU,54.2245,51.0441,52.6343,-6.6473,5.4542,-9.111,-3.079,0.754,-19.427,0.0703,-0.0181,0.9565,
6.792,ENC,54.0865,51.1480,52.6172,-6.9029,5.1985,-8.418,-3.079,0.754,-19.427,0.0703,-0.0181,0.9565,
6.794,ENC,53.9535,51.2435,52.5985,-6.6473,4.7724,-7.764,-3.079,0.754,-19.427,0.0703,-0.0181,0.9565,
6.803,ENC,53.8206,51.3492,52.5849,-6.6473,5.2837,-7.080,-3.079,0.754,-19.427,0.0703,-0.0181,0.9565,
6.807,IMU,53.8206,51.3492,52.5849,-6.6473,5.2837,-7.080,-3.113,0.796,-19.182,0.0659,0.0288,0.9419,
6.831,IMU,53.8206,51.3492,52.5849,-6.6473,5.2837,-7.080,-3.115,0.850,-18.910,0.0796,0.0508,0.9751,
6.844,ENC,53.5632,51.5383,52.5508,-6.4342,4.7298,-5.801,-3.115,0.850,-18.910,0.0796,0.0508,0.9751,
6.846,IMU,53.5632,51.5383,52.5508,-6.4342,4.7298,-5.801,-3.077,0.813,-18.631,0.0303,-0.0112,1.0205,
6.863,ENC,53.4354,51.6389,52.5371,-6.3916,5.0280,-5.146,-3.077,0.813,-18.631,0.0303,-0.0112,1.0205,
6.867,IMU,53.4354,51.6389,52.5371,-6.3916,5.0280,-5.146,-3.039,0.794,-18.305,0.0439,-0.0225,1.0093,
6.885,ENC,53.2939,51.7326,52.5133,-7.0734,4.6872,-4.473,-3.039,0.794,-18.305,0.0439,-0.0225,1.0093,
6.890,IMU,53.2939,51.7326,52.5133,-7.0734,4.6872,-4.473,-2.991,0.689,-17.991,0.0142,-0.0405,1.0293,
6.928,IMU,53.2939,51.7326,52.5133,-7.0734,4.6872,-4.473,-2.992,0.683,-17.419,0.0400,0.0171,0.9478,
6.930,ENC,53.0382,51.9218,52.4800,-6.3916,4.7298,-3.198,-2.992,0.683,-17.419,0.0400,0.0171,0.9478,
6.949,ENC,52.9189,52.0224,52.4707,-5.9655,5.0280,-2.568,-2.992,0.683,-17.419,0.0400,0.0171,0.9478,
6.969,IMU,52.9189,52.0224,52.4707,-5.9655,5.0280,-2.568,-3.197,0.691,-16.851,0.0537,0.0088,1.0015,
6.986,IMU,52.9189,52.0224,52.4707,-5.9655,5.0280,-2.568,-3.162,0.613,-16.517,0.0269,-0.0586,0.9814,
6.993,ENC,52.7911,52.1213,52.4562,-6.3916,4.9428,-1.919,-3.162,0.613,-16.517,0.0269,-0.0586,0.9814,
6.995,ENC,52.6718,52.2167,52.4442,-5.9655,4.7724,-1.304,-3.162,0.613,-16.517,0.0269,-0.0586,0.9814,
7.009,ENC,52.5542,52.3190,52.4366,-5.8803,5.1133,-0.674,-3.162,0.613,-16.517,0.0269,-0.0586,0.9814,
7.023,ENC,52.4366,52.4178,52.4272,-5.8803,4.9428,-0.054,-3.162,0.613,-16.517,0.0269,-0.0586,0.9814,
7.028,IMU,52.4366,52.4178,52.4272,-5.8803,4.9428,-0.054,-3.167,0.598,-15.857,0.0664,-0.0127,0.9258,
7.044,ENC,52.3207,52.5082,52.4144,-5.7950,4.5167,0.537,-3.167,0.598,-15.857,0.0664,-0.0127,0.9258,
7.051,IMU,52.3207,52.5082,52.4144,-5.7950,4.5167,0.537,-3.180,0.619,-15.553,0.0483,-0.0020,0.9556,
7.082,IMU,52.3207,52.5082,52.4144,-5.7950,4.5167,0.537,-3.160,0.589,-15.276,0.0469,-0.0430,1.0171,
7.085,ENC,52.2133,52.6104,52.4119,-5.3689,5.1133,1.138,-3.160,0.589,-15.276,0.0469,-0.0430,1.0171,
7.094,IMU,52.2133,52.6104,52.4119,-5.3689,5.1133,1.138,-3.206,0.616,-14.975,0.0981,0.0312,1.0098,
7.096,ENC,52.0872,52.7110,52.3991,-6.3064,5.0280,1.787,-3.206,0.616,-14.975,0.0981,0.0312,1.0098,
7.103,ENC,51.9662,52.7979,52.3820,-6.0507,4.3463,2.383,-3.206,0.616,-14.975,0.0981,0.0312,1.0098,
7.110,IMU,51.9662,52.7979,52.3820,-6.0507,4.3463,2.383,-3.269,0.607,-14.613,0.0898,-0.0200,0.9282,
7.124,ENC,51.8486,52.8951,52.3718,-5.8803,4.8576,2.998,-3.269,0.607,-14.613,0.0898,-0.0200,0.9282,
7.129,IMU,51.8486,52.8951,52.3718,-5.8803,4.8576,2.998,-3.258,0.641,-14.245,0.0854,0.0459,0.9575,
7.145,ENC,51.7207,52.9939,52.3573,-6.3916,4.9428,3.647,-3.258,0.641,-14.245,0.0854,0.0459,0.9575,
7.150,IMU,51.7207,52.9939,52.3573,-6.3916,4.9428,3.647,-3.224,0.626,-13.882,0.0264,-0.0078,1.0400,
7.163,ENC,51.5929,53.0894,52.3411,-6.3916,4.7724,4.287,-3.224,0.626,-13.882,0.0264,-0.0078,1.0400,
7.167,IMU,51.5929,53.0894,52.3411,-6.3916,4.7724,4.287,-3.220,0.629,-13.561,0.0469,-0.0200,0.9688,
7.186,IMU,51.5929,53.0894,52.3411,-6.3916,4.7724,4.287,-3.244,0.581,-13.209,0.0869,-0.0615,0.9536,
7.204,ENC,51.4582,53.1848,52.3215,-6.7325,4.7724,4.946,-3.244,0.581,-13.209,0.0869,-0.0615,0.9536,
7.207,ENC,51.3219,53.2837,52.3028,-6.8177,4.9428,5.620,-3.244,0.581,-13.209,0.0869,-0.0615,0.9536,
7.211,IMU,51.3219,53.2837,52.3028,-6.8177,4.9428,5.620,-3.257,0.571,-12.868,0.0864,-0.0312,0.9585,
7.224,ENC,51.1855,53.3808,52.2832,-6.8177,4.8576,6.289,-3.257,0.571,-12.868,0.0864,-0.0312,0.9585,
7.228,IMU,51.1855,53.3808,52.2832,-6.8177,4.8576,6.289,-3.259,0.581,-12.589,0.0415,0.0005,0.9629,
7.244,ENC,51.0389,53.4831,52.2610,-7.3290,5.1133,7.002,-3.259,0.581,-12.589,0.0415,0.0005,0.9629,
7.250,IMU,51.0389,53.4831,52.2610,-7.3290,5.1133,7.002,-3.276,0.538,-12.298,0.0205,-0.0254,0.9932,
7.263,ENC,50.8975,53.5785,52.2380,-7.0734,4.7724,7.681,-3.276,0.538,-12.298,0.0205,-0.0254,0.9932,
7.267,IMU,50.8975,53.5785,52.2380,-7.0734,4.7724,7.681,-3.240,0.562,-11.958,0.0386,0.0234,0.9722,
7.283,ENC,50.7509,53.6893,52.2201,-7.3290,5.5394,8.418,-3.240,0.562,-11.958,0.0386,0.0234,0.9722,
7.292,IMU,50.7509,53.6893,52.2201,-7.3290,5.5394,8.418,-3.242,0.516,-11.652,0.0342,-0.0332,0.9941,
7.304,ENC,50.6009,53.7865,52.1937,-7.4995,4.8576,9.126,-3.242,0.516,-11.652,0.0342,-0.0332,0.9941,
7.308,IMU,50.6009,53.7865,52.1937,-7.4995,4.8576,9.126,-3.192,0.472,-11.287,0.0210,-0.0347,1.0488,
7.325,ENC,50.4612,53.8973,52.1792,-6.9881,5.5394,9.844,-3.192,0.472,-11.287,0.0210,-0.0347,1.0488,
7.328,IMU,50.4612,53.8973,52.1792,-6.9881,5.5394,9.844,-3.179,0.446,-10.975,0.0239,-0.0557,0.9790,
7.343,ENC,50.3146,54.0029,52.1588,-7.3290,5.2837,10.566,-3.179,0.446,-10.975,0.0239,-0.0557,0.9790,
7.347,IMU,50.3146,54.0029,52.1588,-7.3290,5.2837,10.566,-3.188,0.508,-10.587,0.0337,0.0498,0.9824,
7.363,ENC,50.1782,54.1052,52.1417,-6.8177,5.1133,11.250,-3.188,0.508,-10.587,0.0337,0.0498,0.9824,
7.368,IMU,50.1782,54.1052,52.1417,-6.8177,5.1133,11.250,-3.143,0.504,-10.260,0.0503,0.0166,0.9561,
7.399,IMU,50.1782,54.1052,52.1417,-6.8177,5.1133,11.250,-3.247,0.545,-9.861,0.1250,0.0176,0.9707,
7.408,IMU,50.1782,54.1052,52.1417,-6.8177,5.1133,11.250,-3.237,0.588,-9.456,0.0039,-0.0122,1.0132,
7.412,ENC,50.0419,54.2126,52.1272,-6.8177,5.3689,11.948,-3.237,0.588,-9.456,0.0039,-0.0122,1.0132,
7.414,ENC,49.8987,54.3200,52.1093,-7.1586,5.3689,12.666,-3.237,0.588,-9.456,0.0039,-0.0122,1.0132,
7.422,ENC,49.7640,54.4325,52.0982,-6.7325,5.6246,13.374,-3.237,0.588,-9.456,0.0039,-0.0122,1.0132,
7.430,IMU,49.7640,54.4325,52.0982,-6.7325,5.6246,13.374,-3.211,0.533,-9.113,0.0459,-0.0361,0.9912,
7.444,ENC,49.6260,54.5484,52.0872,-6.9029,5.7950,14.102,-3.211,0.533,-9.113,0.0459,-0.0361,0.9912,
7.447,IMU,49.6260,54.5484,52.0872,-6.9029,5.7950,14.102,-3.195,0.628,-8.725,0.0508,0.0381,0.9585,
7.463,ENC,49.4947,54.6626,52.0786,-6.5620,5.7098,14.805,-3.195,0.628,-8.725,0.0508,0.0381,0.9585,
7.466,IMU,49.4947,54.6626,52.0786,-6.5620,5.7098,14.805,-3.180,0.687,-8.350,0.0127,0.0200,1.0469,
7.500,IMU,49.4947,54.6626,52.0786,-6.5620,5.7098,14.805,-3.240,0.710,-7.993,0.0674,0.0137,0.9248,
7.511,IMU,49.4947,54.6626,52.0786,-6.5620,5.7098,14.805,-3.342,0.664,-7.589,0.1152,-0.0366,0.9282,
7.513,ENC,49.2357,54.8858,52.0608,-6.4768,5.5820,16.187,-3.342,0.664,-7.589,0.1152,-0.0366,0.9282,
7.523,ENC,49.1078,54.9949,52.0514,-6.3916,5.4542,16.865,-3.342,0.664,-7.589,0.1152,-0.0366,0.9282,
7.528,IMU,49.1078,54.9949,52.0514,-6.3916,5.4542,16.865,-3.355,0.749,-7.246,0.1001,0.0273,0.9565,
7.543,ENC,48.9783,55.1006,52.0394,-6.4768,5.2837,17.539,-3.355,0.749,-7.246,0.1001,0.0273,0.9565,
7.563,IMU,48.9783,55.1006,52.0394,-6.4768,5.2837,17.539,-3.387,0.753,-6.905,0.0815,0.0029,0.9160,
7.566,ENC,48.8488,55.2097,52.0292,-6.4768,5.4542,18.223,-3.387,0.753,-6.905,0.0815,0.0029,0.9160,
7.584,ENC,48.7192,55.3153,52.0173,-6.4768,5.2837,18.896,-3.387,0.753,-6.905,0.0815,0.0029,0.9160,
7.588,IMU,48.7192,55.3153,52.0173,-6.4768,5.2837,18.896,-3.429,0.746,-6.114,0.0771,-0.0098,1.0454,
7.607,ENC,48.5948,55.4142,52.0045,-6.2211,4.9428,19.536,-3.429,0.746,-6.114,0.0771,-0.0098,1.0454,
7.615,IMU,48.5948,55.4142,52.0045,-6.2211,4.9428,19.536,-3.436,0.752,-5.761,0.0620,-0.0117,0.9658,
7.622,ENC,48.4567,55.5216,51.9892,-6.9029,5.3689,20.239,-3.436,0.752,-5.761,0.0620,-0.0117,0.9658,
7.641,IMU,48.4567,55.5216,51.9892,-6.9029,5.3689,20.239,-3.435,0.733,-5.384,0.0645,-0.0171,1.0132,
7.643,ENC,48.3306,55.6238,51.9772,-6.3064,5.1133,20.894,-3.435,0.733,-5.384,0.0645,-0.0171,1.0132,
7.646,IMU,48.3306,55.6238,51.9772,-6.3064,5.1133,20.894,-3.418,0.787,-5.030,0.0928,0.0557,0.9624,
7.668,IMU,48.3306,55.6238,51.9772,-6.3064,5.1133,20.894,-3.454,0.834,-4.680,0.0859,0.0142,0.9839,
7.670,ENC,48.1874,55.7193,51.9534,-7.1586,4.7724,21.577,-3.454,0.834,-4.680,0.0859,0.0142,0.9839,
7.684,ENC,48.0409,55.8147,51.9278,-7.3290,4.7724,22.271,-3.454,0.834,-4.680,0.0859,0.0142,0.9839,
7.694,IMU,48.0409,55.8147,51.9278,-7.3290,4.7724,22.271,-3.495,0.792,-4.364,0.1035,-0.0537,0.9692,
7.703,ENC,47.8977,55.9068,51.9022,-7.1586,4.6019,22.944,-3.495,0.792,-4.364,0.1035,-0.0537,0.9692,
7.711,IMU,47.8977,55.9068,51.9022,-7.1586,4.6019,22.944,-3.463,0.763,-4.034,0.0220,-0.0234,1.0176,
7.723,ENC,47.7392,55.9971,51.8682,-7.9256,4.5167,23.657,-3.463,0.763,-4.034,0.0220,-0.0234,1.0176,
7.728,IMU,47.7392,55.9971,51.8682,-7.9256,4.5167,23.657,-3.498,0.763,-3.757,0.0776,-0.0063,0.9731,
7.743,ENC,47.5858,56.0960,51.8409,-7.6699,4.9428,24.380,-3.498,0.763,-3.757,0.0776,-0.0063,0.9731,
7.749,IMU,47.5858,56.0960,51.8409,-7.6699,4.9428,24.380,-3.448,0.698,-3.415,0.0562,-0.0503,1.0083,
7.763,ENC,47.4392,56.1880,51.8136,-7.3290,4.6019,25.063,-3.448,0.698,-3.415,0.0562,-0.0503,1.0083,
7.767,IMU,47.4392,56.1880,51.8136,-7.3290,4.6019,25.063,-3.413,0.741,-3.077,0.0498,-0.0088,0.9663,
7.785,ENC,47.2773,56.2852,51.7812,-8.0960,4.8576,25.806,-3.413,0.741,-3.077,0.0498,-0.0088,0.9663,
7.788,IMU,47.2773,56.2852,51.7812,-8.0960,4.8576,25.806,-3.416,0.716,-2.779,0.0654,0.0078,1.0029,
7.804,ENC,47.1154,56.3789,51.7471,-8.0960,4.6872,26.538,-3.416,0.716,-2.779,0.0654,0.0078,1.0029,
7.825,ENC,46.9586,56.4709,51.7148,-7.8403,4.6019,27.251,-3.416,0.716,-2.779,0.0654,0.0078,1.0029,
7.829,IMU,46.9586,56.4709,51.7148,-7.8403,4.6019,27.251,-3.335,0.715,-2.420,0.0161,-0.0322,0.9922,
7.834,IMU,46.9586,56.4709,51.7148,-7.8403,4.6019,27.251,-3.361,0.743,-2.145,0.0898,0.0337,0.9419,
7.843,ENC,46.8103,56.5596,51.6849,-7.4142,4.4315,27.930,-3.361,0.743,-2.145,0.0898,0.0337,0.9419,
7.846,IMU,46.8103,56.5596,51.6849,-7.4142,4.4315,27.930,-3.407,0.789,-1.815,0.0986,0.0420,1.0435,
7.863,ENC,46.6586,56.6516,51.6551,-7.5847,4.6019,28.628,-3.407,0.789,-1.815,0.0986,0.0420,1.0435,
7.866,IMU,46.6586,56.6516,51.6551,-7.5847,4.6019,28.628,-3.377,0.786,-1.521,0.0586,0.0000,0.9526,
7.890,IMU,46.6586,56.6516,51.6551,-7.5847,4.6019,28.628,-3.348,0.717,-1.222,0.0718,-0.0562,1.0425,
7.900,ENC,46.5222,56.7419,51.6321,-6.8177,4.5167,29.277,-3.348,0.717,-1.222,0.0718,-0.0562,1.0425,
7.903,ENC,46.3722,56.8289,51.6006,-7.4995,4.3463,29.956,-3.348,0.717,-1.222,0.0718,-0.0562,1.0425,
7.908,IMU,46.3722,56.8289,51.6006,-7.4995,4.3463,29.956,-3.319,0.788,-0.925,0.0269,0.0381,0.9780,
7.924,ENC,46.2325,56.9226,51.5775,-6.9881,4.6872,30.625,-3.319,0.788,-0.925,0.0269,0.0381,0.9780,
7.927,IMU,46.2325,56.9226,51.5775,-6.9881,4.6872,30.625,-3.278,0.894,-0.611,0.0908,0.0469,0.9731,
7.943,ENC,46.0927,57.0300,51.5614,-6.9881,5.3689,31.333,-3.278,0.894,-0.611,0.0908,0.0469,0.9731,
7.952,IMU,46.0927,57.0300,51.5614,-6.9881,5.3689,31.333,-3.310,0.876,-0.321,0.0776,0.0078,0.9771,
7.967,IMU,46.0927,57.0300,51.5614,-6.9881,5.3689,31.333,-3.290,0.836,0.027,0.0122,-0.0229,0.9805,
7.969,ENC,45.9581,57.1220,51.5401,-6.7325,4.6019,31.982,-3.290,0.836,0.027,0.0122,-0.0229,0.9805,
7.984,ENC,45.8302,57.1902,51.5102,-6.3916,3.4088,32.544,-3.290,0.836,0.027,0.0122,-0.0229,0.9805,
7.988,IMU,45.8302,57.1902,51.5102,-6.3916,3.4088,32.544,-3.244,0.823,0.390,0.0044,0.0166,0.9829,
8.003,ENC,45.7024,57.2908,51.4966,-6.3916,5.0280,33.198,-3.244,0.823,0.390,0.0044,0.0166,0.9829,
8.006,IMU,45.7024,57.2908,51.4966,-6.3916,5.0280,33.198,-3.270,0.809,0.675,0.0713,0.0039,1.0400,
8.023,ENC,45.5967,57.3964,51.4966,-5.2837,5.2837,33.804,-3.270,0.809,0.675,0.0713,0.0039,1.0400,
8.027,IMU,45.5967,57.3964,51.4966,-5.2837,5.2837,33.804,-3.317,0.809,0.993,0.0664,0.0059,0.9380,
8.043,ENC,45.4587,57.4953,51.4770,-6.9029,4.9428,34.482,-3.317,0.809,0.993,0.0664,0.0059,0.9380,
8.056,IMU,45.4587,57.4953,51.4770,-6.9029,4.9428,34.482,-3.373,0.818,1.318,0.0737,-0.0151,1.0898,
8.064,ENC,45.3342,57.5890,51.4616,-6.2211,4.6872,35.107,-3.373,0.818,1.318,0.0737,-0.0151,1.0898,
8.079,IMU,45.3342,57.5890,51.4616,-6.2211,4.6872,35.107,-3.359,0.844,1.616,0.0649,0.0122,0.9565,
8.106,ENC,45.0871,57.7714,51.4293,-6.1785,4.5593,36.338,-3.359,0.844,1.616,0.0649,0.0122,0.9565,
8.124,ENC,44.9576,57.8669,51.4122,-6.4768,4.7724,36.982,-3.359,0.844,1.616,0.0649,0.0122,0.9565,
8.127,IMU,44.9576,57.8669,51.4122,-6.4768,4.7724,36.982,-3.295,0.804,2.233,-0.0083,0.0000,1.0151,
8.129,IMU,44.9576,57.8669,51.4122,-6.4768,4.7724,36.982,-3.260,0.855,2.554,0.0186,0.0269,1.0361,
8.143,ENC,44.8212,57.9674,51.3943,-6.8177,5.0280,37.661,-3.260,0.855,2.554,0.0186,0.0269,1.0361,
8.148,IMU,44.8212,57.9674,51.3943,-6.8177,5.0280,37.661,-3.217,0.914,2.899,0.0269,-0.0005,0.9995,
8.164,ENC,44.6849,58.0595,51.3722,-6.8177,4.6019,38.315,-3.217,0.914,2.899,0.0269,-0.0005,0.9995,
8.166,IMU,44.6849,58.0595,51.3722,-6.8177,4.6019,38.315,-3.224,0.927,3.212,0.0610,0.0132,0.9731,
8.186,ENC,44.5502,58.1532,51.3517,-6.7325,4.6872,38.970,-3.224,0.927,3.212,0.0610,0.0132,0.9731,
8.192,IMU,44.5502,58.1532,51.3517,-6.7325,4.6872,38.970,-3.255,0.882,3.486,0.0640,-0.0396,1.0059,
8.203,ENC,44.4070,58.2538,51.3304,-7.1586,5.0280,39.668,-3.255,0.882,3.486,0.0640,-0.0396,1.0059,
8.209,IMU,44.4070,58.2538,51.3304,-7.1586,5.0280,39.668,-3.267,0.899,3.770,0.0552,0.0264,1.0205,
8.224,ENC,44.2588,58.3475,51.3031,-7.4142,4.6872,40.361,-3.267,0.899,3.770,0.0552,0.0264,1.0205,
8.227,IMU,44.2588,58.3475,51.3031,-7.4142,4.6872,40.361,-3.307,0.899,4.076,0.1104,0.0298,1.0015,
8.243,ENC,44.1105,58.4430,51.2767,-7.4142,4.7724,41.060,-3.307,0.899,4.076,0.1104,0.0298,1.0015,
8.247,IMU,44.1105,58.4430,51.2767,-7.4142,4.7724,41.060,-3.343,0.891,4.427,0.0728,-0.0317,1.0430,
8.264,ENC,43.9520,58.5367,51.2443,-7.9256,4.6872,41.782,-3.343,0.891,4.427,0.0728,-0.0317,1.0430,
8.267,IMU,43.9520,58.5367,51.2443,-7.9256,4.6872,41.782,-3.285,0.906,4.798,0.0400,-0.0020,0.9785,
8.291,IMU,43.9520,58.5367,51.2443,-7.9256,4.6872,41.782,-3.324,0.880,5.115,0.0645,-0.0029,0.9834,
8.306,ENC,43.6452,58.7276,51.1864,-7.6699,4.7724,43.208,-3.324,0.880,5.115,0.0645,-0.0029,0.9834,
8.310,IMU,43.6452,58.7276,51.1864,-7.6699,4.7724,43.208,-3.329,0.931,5.456,0.0688,0.0547,0.9946,
8.323,ENC,43.4935,58.8179,51.1557,-7.5847,4.5167,43.901,-3.329,0.931,5.456,0.0688,0.0547,0.9946,
8.330,IMU,43.4935,58.8179,51.1557,-7.5847,4.5167,43.901,-3.313,0.901,5.808,0.0171,-0.0547,0.9937,
8.343,ENC,43.3503,58.9134,51.1318,-7.1586,4.7724,44.585,-3.313,0.901,5.808,0.0171,-0.0547,0.9937,
8.347,IMU,43.3503,58.9134,51.1318,-7.1586,4.7724,44.585,-3.308,0.931,6.130,0.0288,0.0093,0.9888,
8.393,IMU,43.3503,58.9134,51.1318,-7.1586,4.7724,44.585,-3.311,0.945,6.456,0.0601,-0.0049,0.9590,
8.395,ENC,43.2105,59.0122,51.1114,-6.9881,4.9428,45.269,-3.311,0.945,6.456,0.0601,-0.0049,0.9590,
8.403,IMU,43.2105,59.0122,51.1114,-6.9881,4.9428,45.269,-3.342,0.982,6.765,0.0586,0.0020,1.0234,
8.407,ENC,43.0810,59.1077,51.0943,-6.4768,4.7724,45.913,-3.342,0.982,6.765,0.0586,0.0020,1.0234,
8.409,ENC,42.9481,59.2031,51.0756,-6.6473,4.7724,46.567,-3.342,0.982,6.765,0.0586,0.0020,1.0234,
8.412,IMU,42.9481,59.2031,51.0756,-6.6473,4.7724,46.567,-3.273,0.992,7.085,0.0010,0.0166,1.0776,
8.426,IMU,42.9481,59.2031,51.0756,-6.6473,4.7724,46.567,-3.226,0.948,7.385,0.0352,-0.0186,1.0029,
8.428,ENC,42.8236,59.2935,51.0586,-6.2211,4.5167,47.183,-3.226,0.948,7.385,0.0352,-0.0186,1.0029,
8.443,ENC,42.7077,59.3821,51.0449,-5.7950,4.4315,47.769,-3.226,0.948,7.385,0.0352,-0.0186,1.0029,
8.464,ENC,42.5986,59.4673,51.0330,-5.4542,4.2611,48.325,-3.226,0.948,7.385,0.0352,-0.0186,1.0029,
8.467,IMU,42.5986,59.4673,51.0330,-5.4542,4.2611,48.325,-3.305,0.959,7.969,0.0171,0.0181,0.9673,
8.483,ENC,42.4930,59.5525,51.0228,-5.2837,4.2611,48.872,-3.305,0.959,7.969,0.0171,0.0181,0.9673,
8.488,IMU,42.4930,59.5525,51.0228,-5.2837,4.2611,48.872,-3.311,0.995,8.243,0.0825,0.0093,1.0356,
8.506,IMU,42.4930,59.5525,51.0228,-5.2837,4.2611,48.872,-3.364,1.027,8.458,0.0845,0.0166,1.0337,
8.529,ENC,42.3856,59.6378,51.0117,-5.3689,4.2611,49.424,-3.364,1.027,8.458,0.0845,0.0166,1.0337,
8.530,ENC,42.2799,59.7213,51.0006,-5.2837,4.1758,49.966,-3.364,1.027,8.458,0.0845,0.0166,1.0337,
8.534,IMU,42.2799,59.7213,51.0006,-5.2837,4.1758,49.966,-3.425,1.099,8.746,0.0908,0.0308,1.0000,
8.544,ENC,42.1742,59.7997,50.9870,-5.2837,3.9202,50.493,-3.425,1.099,8.746,0.0908,0.0308,1.0000,
8.549,IMU,42.1742,59.7997,50.9870,-5.2837,3.9202,50.493,-3.444,1.093,9.040,0.0439,0.0083,0.9668,
8.567,ENC,42.0703,59.8764,50.9733,-5.1985,3.8350,51.011,-3.444,1.093,9.040,0.0439,0.0083,0.9668,
8.570,IMU,42.0703,59.8764,50.9733,-5.1985,3.8350,51.011,-3.440,1.098,9.279,0.0820,0.0249,1.0151,
8.582,ENC,41.9697,59.9531,50.9614,-5.0280,3.8350,51.519,-3.440,1.098,9.279,0.0820,0.0249,1.0151,
8.587,IMU,41.9697,59.9531,50.9614,-5.0280,3.8350,51.519,-3.478,0.985,9.520,0.0415,-0.0493,1.0073,
8.604,ENC,41.8760,60.0298,50.9529,-4.6872,3.8350,52.007,-3.478,0.985,9.520,0.0415,-0.0493,1.0073,
8.607,IMU,41.8760,60.0298,50.9529,-4.6872,3.8350,52.007,-3.463,0.975,9.753,0.0571,-0.0161,1.0044,
8.623,ENC,41.7822,60.1014,50.9418,-4.6872,3.5793,52.480,-3.463,0.975,9.753,0.0571,-0.0161,1.0044,
8.628,IMU,41.7822,60.1014,50.9418,-4.6872,3.5793,52.480,-3.475,0.908,9.934,0.0605,-0.0151,0.9927,
8.664,ENC,41.6970,60.1678,50.9324,-4.2611,3.3236,52.915,-3.475,0.908,9.934,0.0605,-0.0151,0.9927,
8.668,IMU,41.6970,60.1678,50.9324,-4.2611,3.3236,52.915,-3.545,0.860,10.079,0.0557,-0.0264,1.0273,
8.671,IMU,41.6970,60.1678,50.9324,-4.2611,3.3236,52.915,-3.625,0.813,10.233,0.1138,-0.0405,1.0000,
8.683,ENC,41.5351,60.2923,50.9137,-4.0480,3.1106,53.735,-3.625,0.813,10.233,0.1138,-0.0405,1.0000,
8.694,IMU,41.5351,60.2923,50.9137,-4.0480,3.1106,53.735,-3.560,0.817,10.389,0.0332,-0.0078,1.0254,
8.703,ENC,41.4550,60.3553,50.9052,-4.0054,3.1532,54.146,-3.560,0.817,10.389,0.0332,-0.0078,1.0254,
8.724,ENC,41.3766,60.4099,50.8932,-3.9202,2.7271,54.526,-3.560,0.817,10.389,0.0332,-0.0078,1.0254,
8.728,IMU,41.3766,60.4099,50.8932,-3.9202,2.7271,54.526,-3.494,0.716,10.602,0.0728,0.0107,1.0063,
8.742,ENC,41.3016,60.4644,50.8830,-3.7497,2.7271,54.897,-3.494,0.716,10.602,0.0728,0.0107,1.0063,
8.764,ENC,41.2300,60.5190,50.8745,-3.5793,2.7271,55.259,-3.494,0.716,10.602,0.0728,0.0107,1.0063,
8.772,IMU,41.2300,60.5190,50.8745,-3.5793,2.7271,55.259,-3.489,0.740,10.689,0.0586,0.0381,0.9912,
8.775,IMU,41.2300,60.5190,50.8745,-3.5793,2.7271,55.259,-3.488,0.748,10.825,0.0640,0.0176,0.9971,
8.787,IMU,41.2300,60.5190,50.8745,-3.5793,2.7271,55.259,-3.491,0.695,10.938,0.0747,-0.0215,0.9858,
8.789,ENC,41.1601,60.5718,50.8660,-3.4941,2.6419,55.610,-3.491,0.695,10.938,0.0747,-0.0215,0.9858,
8.804,ENC,41.0988,60.6144,50.8566,-3.0680,2.1305,55.908,-3.491,0.695,10.938,0.0747,-0.0215,0.9858,
8.808,IMU,41.0988,60.6144,50.8566,-3.0680,2.1305,55.908,-3.539,0.757,11.105,0.0938,0.0396,0.9814,
8.823,ENC,41.0357,60.6604,50.8481,-3.1532,2.3010,56.221,-3.539,0.757,11.105,0.0938,0.0396,0.9814,
8.827,IMU,41.0357,60.6604,50.8481,-3.1532,2.3010,56.221,-3.539,0.747,11.161,0.0786,0.0049,1.0220,
8.843,ENC,40.9794,60.6996,50.8395,-2.8123,1.9601,56.494,-3.539,0.747,11.161,0.0786,0.0049,1.0220,
8.846,IMU,40.9794,60.6996,50.8395,-2.8123,1.9601,56.494,-3.541,0.736,11.193,0.0703,0.0024,1.0088,
8.862,ENC,40.9215,60.7354,50.8285,-2.8975,1.7896,56.763,-3.541,0.736,11.193,0.0703,0.0024,1.0088,
8.866,IMU,40.9215,60.7354,50.8285,-2.8975,1.7896,56.763,-3.568,0.757,11.302,0.0332,0.0244,1.0132,
8.884,ENC,40.8789,60.7780,50.8285,-2.1305,2.1305,57.007,-3.568,0.757,11.302,0.0332,0.0244,1.0132,
8.888,IMU,40.8789,60.7780,50.8285,-2.1305,2.1305,57.007,-3.602,0.634,11.400,0.0830,-0.0518,0.9927,
8.913,ENC,40.8670,60.8189,50.8429,-0.5965,2.0453,57.158,-3.602,0.634,11.400,0.0830,-0.0518,0.9927,
8.923,ENC,40.8670,60.8837,50.8753,0.0000,3.2384,57.344,-3.602,0.634,11.400,0.0830,-0.0518,0.9927,
8.928,IMU,40.8670,60.8837,50.8753,0.0000,3.2384,57.344,-3.597,0.501,11.562,0.0425,-0.0952,1.0049,
8.946,ENC,40.8670,60.9621,50.9145,0.0000,3.9202,57.568,-3.597,0.501,11.562,0.0425,-0.0952,1.0049,
8.953,IMU,40.8670,60.9621,50.9145,0.0000,3.9202,57.568,-3.465,0.392,11.670,-0.0347,-0.0596,1.0591,
8.963,ENC,40.8670,61.0610,50.9640,0.0000,4.9428,57.852,-3.465,0.392,11.670,-0.0347,-0.0596,1.0591,
8.968,IMU,40.8670,61.0610,50.9640,0.0000,4.9428,57.852,-3.356,0.302,11.883,-0.0308,-0.0884,0.9756,
8.984,ENC,40.8670,61.1905,51.0287,0.0000,6.4768,58.223,-3.356,0.302,11.883,-0.0308,-0.0884,0.9756,
8.988,IMU,40.8670,61.1905,51.0287,0.0000,6.4768,58.223,-3.213,0.241,12.108,-0.0522,-0.0908,1.0132,
9.004,ENC,40.8670,61.3371,51.1020,0.0000,7.3290,58.643,-3.213,0.241,12.108,-0.0522,-0.0908,1.0132,
9.010,IMU,40.8670,61.3371,51.1020,0.0000,7.3290,58.643,-3.152,0.189,12.397,-0.0176,-0.0591,1.0991,
9.028,IMU,40.8670,61.3371,51.1020,0.0000,7.3290,58.643,-3.168,0.059,12.668,0.0215,-0.1602,0.9585,
9.058,IMU,40.8670,61.3371,51.1020,0.0000,7.3290,58.643,-3.235,-0.010,12.943,0.1040,-0.0957,1.0259,
9.065,ENC,40.8670,61.6814,51.2742,0.0000,8.6073,59.629,-3.235,-0.010,12.943,0.1040,-0.0957,1.0259,
9.069,ENC,40.8670,61.8689,51.3679,0.0000,9.3743,60.166,-3.235,-0.010,12.943,0.1040,-0.0957,1.0259,
9.073,IMU,40.8670,61.8689,51.3679,0.0000,9.3743,60.166,-3.178,-0.169,13.191,-0.0117,-0.1685,0.9492,
9.090,IMU,40.8670,61.8689,51.3679,0.0000,9.3743,60.166,-3.126,-0.219,13.508,0.0161,-0.0859,0.9595,
9.103,ENC,40.8670,62.2523,51.5597,0.0000,9.5874,61.265,-3.126,-0.219,13.508,0.0161,-0.0859,0.9595,
9.107,IMU,40.8670,62.2523,51.5597,0.0000,9.5874,61.265,-3.096,-0.195,13.765,0.0415,0.0151,1.0176,
9.129,IMU,40.8670,62.2523,51.5597,0.0000,9.5874,61.265,-3.079,-0.251,14.055,0.0098,-0.0791,0.9941,
9.131,ENC,40.8670,62.4620,51.6645,0.0000,10.4822,61.865,-3.079,-0.251,14.055,0.0098,-0.0791,0.9941,
9.152,IMU,40.8670,62.4620,51.6645,0.0000,10.4822,61.865,-2.986,-0.395,14.333,0.0117,-0.1064,1.0308,
9.154,ENC,40.8670,62.6631,51.7650,0.0000,10.0561,62.441,-2.986,-0.395,14.333,0.0117,-0.1064,1.0308,
9.164,ENC,40.8670,62.8711,51.8690,0.0000,10.3970,63.037,-2.986,-0.395,14.333,0.0117,-0.1064,1.0308,
9.171,IMU,40.8670,62.8711,51.8690,0.0000,10.3970,63.037,-3.025,-0.415,14.594,0.0425,-0.0649,1.0591,
9.183,ENC,40.8670,63.0705,51.9687,0.0000,9.9709,63.608,-3.025,-0.415,14.594,0.0425,-0.0649,1.0591,
9.189,IMU,40.8670,63.0705,51.9687,0.0000,9.9709,63.608,-3.064,-0.358,14.891,0.0439,-0.0161,0.9634,
9.206,ENC,40.8670,63.2699,52.0684,0.0000,9.9709,64.180,-3.064,-0.358,14.891,0.0439,-0.0161,0.9634,
9.209,IMU,40.8670,63.2699,52.0684,0.0000,9.9709,64.180,-3.130,-0.466,15.165,0.0830,-0.0918,0.9907,
9.228,IMU,40.8670,63.2699,52.0684,0.0000,9.9709,64.180,-3.164,-0.455,15.493,0.0786,0.0059,1.0820,
9.249,ENC,40.8670,63.4744,52.1707,0.0000,10.2265,64.766,-3.164,-0.455,15.493,0.0786,0.0059,1.0820,
9.251,ENC,40.8670,63.6824,52.2747,0.0000,10.3970,65.361,-3.164,-0.455,15.493,0.0786,0.0059,1.0820,
9.255,IMU,40.8670,63.6824,52.2747,0.0000,10.3970,65.361,-3.188,-0.615,15.807,0.0703,-0.1504,0.9482,
9.266,ENC,40.8670,63.8886,52.3778,0.0000,10.3118,65.952,-3.188,-0.615,15.807,0.0703,-0.1504,0.9482,
9.269,IMU,40.8670,63.8886,52.3778,0.0000,10.3118,65.952,-3.332,-0.556,16.106,0.1572,0.0508,0.9341,
9.291,IMU,40.8670,63.8886,52.3778,0.0000,10.3118,65.952,-3.316,-0.576,16.387,0.0830,-0.0098,0.9463,
9.293,ENC,40.8670,64.0999,52.4834,0.0000,10.5674,66.558,-3.316,-0.576,16.387,0.0830,-0.0098,0.9463,
9.308,IMU,40.8670,64.0999,52.4834,0.0000,10.5674,66.558,-3.293,-0.620,16.653,0.0845,-0.0332,1.0220,
9.324,ENC,40.8670,64.5243,52.6956,0.0000,10.6100,67.773,-3.293,-0.620,16.653,0.0845,-0.0332,1.0220,
9.330,IMU,40.8670,64.5243,52.6956,0.0000,10.6100,67.773,-3.211,-0.591,16.907,-0.0220,0.0591,1.0732,
9.351,ENC,40.8670,64.7391,52.8030,0.0000,10.7379,68.389,-3.211,-0.591,16.907,-0.0220,0.0591,1.0732,
9.355,IMU,40.8670,64.7391,52.8030,0.0000,10.7379,68.389,-3.158,-0.487,17.163,-0.0249,0.0874,1.0107,
9.372,ENC,40.8670,64.9658,52.9164,0.0000,11.3344,69.038,-3.158,-0.487,17.163,-0.0249,0.0874,1.0107,
9.384,ENC,40.8670,65.1925,53.0297,0.0000,11.3344,69.688,-3.158,-0.487,17.163,-0.0249,0.0874,1.0107,
9.401,IMU,40.8670,65.1925,53.0297,0.0000,11.3344,69.688,-3.067,-0.404,17.707,0.0981,0.0449,0.8125,
9.403,ENC,40.8670,65.4226,53.1448,0.0000,11.5049,70.347,-3.067,-0.404,17.707,0.0981,0.0449,0.8125,
9.407,IMU,40.8670,65.4226,53.1448,0.0000,11.5049,70.347,-3.138,-0.292,18.010,0.0938,0.0981,1.0439,
9.424,ENC,40.8670,65.6305,53.2487,0.0000,10.3970,70.942,-3.138,-0.292,18.010,0.0938,0.0981,1.0439,
9.435,IMU,40.8670,65.6305,53.2487,0.0000,10.3970,70.942,-3.087,-0.410,18.343,0.0640,-0.0625,0.9834,
9.444,ENC,40.8670,65.8538,53.3604,0.0000,11.1640,71.582,-3.087,-0.410,18.343,0.0640,-0.0625,0.9834,
9.457,IMU,40.8670,65.8538,53.3604,0.0000,11.1640,71.582,-3.211,-0.320,18.645,0.1362,0.0220,0.8623,
9.464,ENC,40.8670,66.0805,53.4737,0.0000,11.3344,72.231,-3.211,-0.320,18.645,0.1362,0.0220,0.8623,
9.468,IMU,40.8670,66.0805,53.4737,0.0000,11.3344,72.231,-3.285,-0.202,18.980,0.1025,0.1123,1.0225,
9.507,IMU,40.8670,66.0805,53.4737,0.0000,11.3344,72.231,-3.233,-0.118,19.219,-0.0088,0.0464,1.0059,
9.509,ENC,40.8670,66.2969,53.5819,0.0000,10.8231,72.852,-3.233,-0.118,19.219,-0.0088,0.0464,1.0059,
9.511,ENC,40.8670,66.5032,53.6851,0.0000,10.3118,73.442,-3.233,-0.118,19.219,-0.0088,0.0464,1.0059,
9.514,IMU,40.8670,66.5032,53.6851,0.0000,10.3118,73.442,-3.261,-0.027,19.509,0.0713,0.0288,0.8472,
9.534,ENC,40.8670,66.7265,53.7967,0.0000,11.1640,74.082,-3.261,-0.027,19.509,0.0713,0.0288,0.8472,
9.543,ENC,40.8670,66.9225,53.8947,0.0000,9.8004,74.644,-3.261,-0.027,19.509,0.0713,0.0288,0.8472,
9.558,IMU,40.8670,66.9225,53.8947,0.0000,9.8004,74.644,-3.267,-0.036,20.069,0.1367,-0.1055,0.9424,
9.567,IMU,40.8670,66.9225,53.8947,0.0000,9.8004,74.644,-3.223,-0.083,20.360,0.0049,-0.0591,1.0327,
9.584,ENC,40.8670,67.3537,54.1103,0.0000,10.7805,75.879,-3.223,-0.083,20.360,0.0049,-0.0591,1.0327,
9.586,IMU,40.8670,67.3537,54.1103,0.0000,10.7805,75.879,-3.240,-0.102,20.667,-0.0112,-0.0464,1.0781,
9.604,ENC,40.8670,67.5770,54.2220,0.0000,11.1640,76.519,-3.240,-0.102,20.667,-0.0112,-0.0464,1.0781,
9.608,IMU,40.8670,67.5770,54.2220,0.0000,11.1640,76.519,-3.278,-0.182,20.946,0.1572,-0.0532,0.9604,
9.633,IMU,40.8670,67.5770,54.2220,0.0000,11.1640,76.519,-3.220,-0.154,21.240,-0.0249,0.0210,1.1514,
9.637,ENC,40.8670,67.7900,54.3285,0.0000,10.6526,77.129,-3.220,-0.154,21.240,-0.0249,0.0210,1.1514,
9.644,ENC,40.8670,68.0133,54.4401,0.0000,11.1640,77.769,-3.220,-0.154,21.240,-0.0249,0.0210,1.1514,
9.649,IMU,40.8670,68.0133,54.4401,0.0000,11.1640,77.769,-3.274,-0.230,21.548,0.1226,-0.0698,1.0322,
9.664,ENC,40.8670,68.2366,54.5518,0.0000,11.1640,78.408,-3.274,-0.230,21.548,0.1226,-0.0698,1.0322,
9.668,IMU,40.8670,68.2366,54.5518,0.0000,11.1640,78.408,-3.370,-0.152,21.873,0.1494,0.0737,0.9390,
9.687,IMU,40.8670,68.2366,54.5518,0.0000,11.1640,78.408,-3.323,-0.251,22.166,0.0469,-0.1162,1.0469,
9.704,ENC,40.8670,68.7036,54.7853,0.0000,11.6753,79.746,-3.323,-0.251,22.166,0.0469,-0.1162,1.0469,
9.709,IMU,40.8670,68.7036,54.7853,0.0000,11.6753,79.746,-3.378,-0.189,22.490,0.0356,0.0298,1.0947,
9.736,IMU,40.8670,68.7036,54.7853,0.0000,11.6753,79.746,-3.442,-0.240,22.783,0.1284,-0.0273,0.8779,
9.739,ENC,40.8670,68.9320,54.8995,0.0000,11.4196,80.400,-3.442,-0.240,22.783,0.1284,-0.0273,0.8779,
9.744,ENC,40.8670,69.1604,55.0137,0.0000,11.4196,81.055,-3.442,-0.240,22.783,0.1284,-0.0273,0.8779,
9.748,IMU,40.8670,69.1604,55.0137,0.0000,11.4196,81.055,-3.340,-0.263,23.116,0.0073,-0.0161,1.0381,
9.793,IMU,40.8670,69.1604,55.0137,0.0000,11.4196,81.055,-3.261,-0.144,23.803,0.0015,0.0581,1.0371,
9.806,ENC,40.8687,69.8421,55.3554,0.0284,11.3628,83.003,-3.261,-0.144,23.803,0.0015,0.0581,1.0371,
9.824,ENC,40.8704,70.0586,55.4645,0.0852,10.8231,83.618,-3.261,-0.144,23.803,0.0015,0.0581,1.0371,
9.827,IMU,40.8704,70.0586,55.4645,0.0852,10.8231,83.618,-3.093,-0.277,24.486,-0.0127,-0.0811,0.9946,
9.843,ENC,40.8721,70.2700,55.5710,0.0852,10.5674,84.219,-3.093,-0.277,24.486,-0.0127,-0.0811,0.9946,
9.847,IMU,40.8721,70.2700,55.5710,0.0852,10.5674,84.219,-3.018,-0.210,24.796,0.0005,0.0190,1.0723,
9.868,IMU,40.8721,70.2700,55.5710,0.0852,10.5674,84.219,-2.972,-0.264,25.138,0.0376,-0.0527,1.0669,
9.870,ENC,40.8704,70.4898,55.6801,-0.0852,10.9935,84.854,-2.972,-0.264,25.138,0.0376,-0.0527,1.0669,
9.884,ENC,40.8704,70.7029,55.7866,0.0000,10.6526,85.464,-2.972,-0.264,25.138,0.0376,-0.0527,1.0669,
9.887,IMU,40.8704,70.7029,55.7866,0.0000,10.6526,85.464,-3.022,-0.172,25.453,0.0835,0.0435,0.9834,
9.907,IMU,40.8704,70.7029,55.7866,0.0000,10.6526,85.464,-2.966,-0.204,25.771,0.0337,-0.0249,1.0303,
9.909,ENC,40.8704,70.9159,55.8931,0.0000,10.6526,86.074,-2.966,-0.204,25.771,0.0337,-0.0249,1.0303,
9.924,ENC,40.8704,71.1494,56.0099,0.0000,11.6753,86.743,-2.966,-0.204,25.771,0.0337,-0.0249,1.0303,
9.930,IMU,40.8704,71.1494,56.0099,0.0000,11.6753,86.743,-2.991,-0.175,26.047,0.0176,-0.0073,1.1313,
9.944,ENC,40.8704,71.3795,56.1249,0.0000,11.5049,87.402,-2.991,-0.175,26.047,0.0176,-0.0073,1.1313,
9.953,IMU,40.8704,71.3795,56.1249,0.0000,11.5049,87.402,-2.855,-0.110,26.408,-0.0962,0.0264,1.1030,
9.965,ENC,40.8704,71.6147,56.2426,0.0000,11.7605,88.076,-2.855,-0.110,26.408,-0.0962,0.0264,1.1030,
9.969,IMU,40.8704,71.6147,56.2426,0.0000,11.7605,88.076,-2.894,-0.082,26.685,0.0913,0.0303,0.9824,
9.985,ENC,40.8704,71.8414,56.3559,0.0000,11.3344,88.726,-2.894,-0.082,26.685,0.0913,0.0303,0.9824,
10.000,IMU,40.8704,71.8414,56.3559,0.0000,11.3344,88.726,-2.815,-0.079,26.997,-0.0420,-0.0107,1.1411,
10.008,IMU,40.8704,71.8414,56.3559,0.0000,11.3344,88.726,-2.935,0.032,27.368,0.1152,0.0312,0.9937,
10.019,ENC,40.8704,72.0664,56.4684,0.0000,11.2492,89.370,-2.935,0.032,27.368,0.1152,0.0312,0.9937,
10.024,ENC,40.8704,72.3033,56.5868,0.0000,11.8457,90.049,-2.935,0.032,27.368,0.1152,0.0312,0.9937,
10.029,IMU,40.8704,72.3033,56.5868,0.0000,11.8457,90.049,-2.943,0.039,27.670,0.0396,-0.0229,1.0752,
10.044,ENC,40.8704,72.5232,56.6968,0.0000,10.9935,90.679,-2.943,0.039,27.670,0.0396,-0.0229,1.0752,
10.049,IMU,40.8704,72.5232,56.6968,0.0000,10.9935,90.679,-2.995,0.007,28.095,0.0581,-0.0264,0.9751,
10.064,ENC,40.8704,72.7567,56.8135,0.0000,11.6753,91.348,-2.995,0.007,28.095,0.0581,-0.0264,0.9751,
10.068,IMU,40.8704,72.7567,56.8135,0.0000,11.6753,91.348,-2.961,0.063,28.430,0.0352,0.0376,0.9688,
10.093,IMU,40.8704,72.7567,56.8135,0.0000,11.6753,91.348,-2.909,0.103,28.732,-0.0308,-0.0107,1.1123,
10.095,ENC,40.8721,72.9936,56.9328,0.0852,11.8457,92.021,-2.909,0.103,28.732,-0.0308,-0.0107,1.1123,
10.104,ENC,40.8721,73.2169,57.0445,0.0000,11.1640,92.661,-2.909,0.103,28.732,-0.0308,-0.0107,1.1123,
10.107,IMU,40.8721,73.2169,57.0445,0.0000,11.1640,92.661,-2.897,0.048,28.981,0.0615,-0.0576,0.9702,
10.124,ENC,40.8704,73.4300,57.1502,-0.0852,10.6526,93.276,-2.897,0.048,28.981,0.0615,-0.0576,0.9702,
10.128,IMU,40.8704,73.4300,57.1502,-0.0852,10.6526,93.276,-2.791,0.000,29.285,-0.0518,-0.0503,1.0103,
10.152,IMU,40.8704,73.4300,57.1502,-0.0852,10.6526,93.276,-2.833,0.055,29.638,0.0679,0.0410,0.9839,
10.160,ENC,40.8721,73.6583,57.2652,0.0852,11.4196,93.926,-2.833,0.055,29.638,0.0679,0.0410,0.9839,
10.166,ENC,40.8704,73.8612,57.3658,-0.0852,10.1413,94.512,-2.833,0.055,29.638,0.0679,0.0410,0.9839,
10.174,IMU,40.8704,73.8612,57.3658,-0.0852,10.1413,94.512,-2.968,0.089,29.983,0.1401,0.0083,0.9824,
10.183,ENC,40.8704,74.0845,57.4774,0.0000,11.1640,95.151,-2.968,0.089,29.983,0.1401,0.0083,0.9824,
10.191,IMU,40.8704,74.0845,57.4774,0.0000,11.1640,95.151,-3.088,0.082,30.292,0.1592,-0.0186,1.0298,
10.204,ENC,40.8704,74.2975,57.5839,0.0000,10.6526,95.762,-3.088,0.082,30.292,0.1592,-0.0186,1.0298,
10.207,IMU,40.8704,74.2975,57.5839,0.0000,10.6526,95.762,-3.183,0.046,30.637,0.1138,-0.0459,0.9521,
10.240,ENC,40.8704,74.5361,57.7032,0.0000,11.9310,96.445,-3.183,0.046,30.637,0.1138,-0.0459,0.9521,
10.244,IMU,40.8704,74.5361,57.7032,0.0000,11.9310,96.445,-3.230,0.051,31.002,0.0635,-0.0254,0.9941,
10.246,ENC,40.8704,74.7577,57.8140,0.0000,11.0788,97.080,-3.230,0.051,31.002,0.0635,-0.0254,0.9941,
10.249,IMU,40.8704,74.7577,57.8140,0.0000,11.0788,97.080,-3.225,0.066,31.306,0.0718,0.0312,1.0020,
10.263,ENC,40.8704,74.9793,57.9248,0.0000,11.0788,97.715,-3.225,0.066,31.306,0.0718,0.0312,1.0020,
10.286,ENC,40.8721,75.1991,58.0356,0.0852,10.9935,98.340,-3.225,0.066,31.306,0.0718,0.0312,1.0020,
10.304,ENC,40.8704,75.4258,58.1481,-0.0852,11.3344,98.994,-3.225,0.066,31.306,0.0718,0.0312,1.0020,
10.325,ENC,40.8704,75.6491,58.2597,0.0000,11.1640,99.634,-3.225,0.066,31.306,0.0718,0.0312,1.0020,
10.329,IMU,40.8704,75.6491,58.2597,0.0000,11.1640,99.634,-3.171,0.274,32.651,-0.0225,-0.0376,1.0059,
10.344,ENC,40.8704,75.8826,58.3765,0.0000,11.6753,100.303,-3.171,0.274,32.651,-0.0225,-0.0376,1.0059,
10.348,IMU,40.8704,75.8826,58.3765,0.0000,11.6753,100.303,-3.225,0.317,32.940,0.0693,0.0684,1.0342,
10.363,ENC,40.8721,76.1042,58.4881,0.0852,11.0788,100.933,-3.225,0.317,32.940,0.0693,0.0684,1.0342,
10.368,IMU,40.8721,76.1042,58.4881,0.0852,11.0788,100.933,-3.335,0.275,33.283,0.1401,-0.0649,0.9976,
10.403,ENC,40.8704,76.5456,58.7080,-0.0426,11.0361,102.202,-3.335,0.275,33.283,0.1401,-0.0649,0.9976,
10.416,IMU,40.8704,76.5456,58.7080,-0.0426,11.0361,102.202,-3.407,0.292,33.945,0.0391,-0.0664,1.1016,
10.424,ENC,40.8721,76.7621,58.8171,0.0852,10.8231,102.817,-3.407,0.292,33.945,0.0391,-0.0664,1.1016,
10.427,IMU,40.8721,76.7621,58.8171,0.0852,10.8231,102.817,-3.475,0.265,34.259,0.1060,-0.0557,0.8428,
10.444,ENC,40.8721,76.9769,58.9245,0.0000,10.7379,103.433,-3.475,0.265,34.259,0.1060,-0.0557,0.8428,
10.447,IMU,40.8721,76.9769,58.9245,0.0000,10.7379,103.433,-3.379,0.223,34.550,0.0532,-0.0410,0.9331,
10.469,IMU,40.8721,76.9769,58.9245,0.0000,10.7379,103.433,-3.277,0.227,34.900,-0.0176,-0.0215,1.0908,
10.484,ENC,40.8704,77.4013,59.1358,-0.0426,10.6100,104.653,-3.277,0.227,34.900,-0.0176,-0.0215,1.0908,
10.488,IMU,40.8704,77.4013,59.1358,-0.0426,10.6100,104.653,-3.271,0.225,35.191,-0.0044,-0.0181,1.0015,
10.514,IMU,40.8704,77.4013,59.1358,-0.0426,10.6100,104.653,-3.310,0.331,35.544,0.0581,0.0430,0.9863,
10.528,IMU,40.8704,77.4013,59.1358,-0.0426,10.6100,104.653,-3.207,0.426,35.842,-0.0933,0.0449,1.0996,
10.532,ENC,40.8704,77.5990,59.2347,0.0000,9.8857,105.220,-3.207,0.426,35.842,-0.0933,0.0449,1.0996,
10.534,ENC,40.8721,77.8086,59.3403,0.0852,10.4822,105.815,-3.207,0.426,35.842,-0.0933,0.0449,1.0996,
10.545,ENC,40.8721,78.0285,59.4503,0.0000,10.9935,106.445,-3.207,0.426,35.842,-0.0933,0.0449,1.0996,
10.551,IMU,40.8721,78.0285,59.4503,0.0000,10.9935,106.445,-3.070,0.318,36.167,-0.0640,-0.1221,1.0317,
10.568,ENC,40.8721,78.2313,59.5517,0.0000,10.1413,107.026,-3.070,0.318,36.167,-0.0640,-0.1221,1.0317,
10.584,ENC,40.8721,78.4393,59.6557,0.0000,10.3970,107.622,-3.070,0.318,36.167,-0.0640,-0.1221,1.0317,
10.588,IMU,40.8721,78.4393,59.6557,0.0000,10.3970,107.622,-3.112,0.392,36.781,0.0312,-0.0010,1.0605,
10.604,ENC,40.8704,78.6540,59.7622,-0.0852,10.7379,108.242,-3.112,0.392,36.781,0.0312,-0.0010,1.0605,
10.607,IMU,40.8704,78.6540,59.7622,-0.0852,10.7379,108.242,-3.064,0.426,37.098,-0.0513,0.0146,1.0859,
10.623,ENC,40.8704,78.8585,59.8645,0.0000,10.2265,108.828,-3.064,0.426,37.098,-0.0513,0.0146,1.0859,
10.629,IMU,40.8704,78.8585,59.8645,0.0000,10.2265,108.828,-3.059,0.532,37.416,-0.0005,0.0649,1.0679,
10.652,IMU,40.8704,78.8585,59.8645,0.0000,10.2265,108.828,-3.205,0.663,37.766,0.1626,0.1030,0.9629,
10.664,ENC,40.8704,79.2915,60.0809,0.0000,10.8231,110.068,-3.205,0.663,37.766,0.1626,0.1030,0.9629,
10.671,IMU,40.8704,79.2915,60.0809,0.0000,10.8231,110.068,-3.268,0.759,38.074,0.1494,0.0884,0.9595,
10.685,ENC,40.8704,79.4926,60.1815,0.0000,10.0561,110.645,-3.268,0.759,38.074,0.1494,0.0884,0.9595,
10.689,IMU,40.8704,79.4926,60.1815,0.0000,10.0561,110.645,-3.349,0.840,38.464,0.1465,0.0737,0.9302,
10.704,ENC,40.8704,79.7056,60.2880,0.0000,10.6526,111.255,-3.349,0.840,38.464,0.1465,0.0737,0.9302,
10.709,IMU,40.8704,79.7056,60.2880,0.0000,10.6526,111.255,-3.358,0.852,38.794,0.0918,0.0200,1.0186,
10.724,ENC,40.8721,79.9068,60.3894,0.0852,10.0561,111.826,-3.358,0.852,38.794,0.0918,0.0200,1.0186,
10.728,IMU,40.8721,79.9068,60.3894,0.0852,10.0561,111.826,-3.306,0.944,39.095,-0.0249,0.0884,1.0396,
10.744,ENC,40.8721,80.0960,60.4840,0.0000,9.4595,112.368,-3.306,0.944,39.095,-0.0249,0.0884,1.0396,
10.747,IMU,40.8721,80.0960,60.4840,0.0000,9.4595,112.368,-3.374,0.996,39.420,0.0991,0.0034,1.0659,
10.767,IMU,40.8721,80.0960,60.4840,0.0000,9.4595,112.368,-3.415,1.091,39.626,0.0200,0.0762,1.0259,
10.787,IMU,40.8721,80.0960,60.4840,0.0000,9.4595,112.368,-3.434,1.152,39.770,0.0742,0.0596,0.9531,
10.789,ENC,40.8704,80.2766,60.5735,-0.0852,9.0334,112.891,-3.434,1.152,39.770,0.0742,0.0596,0.9531,
10.808,IMU,40.8704,80.2766,60.5735,-0.0852,9.0334,112.891,-3.534,1.274,39.953,0.1367,0.0811,0.9692,
10.810,ENC,40.8704,80.5681,60.7192,0.0000,7.2864,113.726,-3.534,1.274,39.953,0.1367,0.0811,0.9692,
10.827,ENC,40.8721,80.6908,60.7814,0.0852,6.1359,114.072,-3.534,1.274,39.953,0.1367,0.0811,0.9692,
10.844,ENC,40.8721,80.8220,60.8471,0.0000,6.5620,114.448,-3.534,1.274,39.953,0.1367,0.0811,0.9692,
10.848,IMU,40.8721,80.8220,60.8471,0.0000,6.5620,114.448,-3.540,1.250,40.320,0.0820,-0.0068,1.0044,
10.864,ENC,40.8721,80.9448,60.9084,0.0000,6.1359,114.800,-3.540,1.250,40.320,0.0820,-0.0068,1.0044,
10.875,IMU,40.8721,80.9448,60.9084,0.0000,6.1359,114.800,-3.527,1.334,40.509,0.0244,0.0610,1.0366,
10.885,ENC,40.8584,81.0538,60.9561,-0.6818,5.4542,115.151,-3.527,1.334,40.509,0.0244,0.0610,1.0366,
10.889,IMU,40.8584,81.0538,60.9561,-0.6818,5.4542,115.151,-3.566,1.449,40.788,0.0830,0.0571,0.9512,
10.917,IMU,40.8584,81.0538,60.9561,-0.6818,5.4542,115.151,-3.605,1.547,41.028,0.0381,0.0938,1.0430,
10.927,IMU,40.8584,81.0538,60.9561,-0.6818,5.4542,115.151,-3.556,1.619,41.322,0.0269,0.0874,0.9922,
10.929,ENC,40.7357,81.3010,61.0183,-3.0680,6.1785,116.211,-3.556,1.619,41.322,0.0269,0.0874,0.9922,
10.948,IMU,40.7357,81.3010,61.0183,-3.0680,6.1785,116.211,-3.467,1.584,41.603,0.0376,0.0024,0.9302,
10.964,ENC,40.5022,81.5345,61.0183,-5.8376,5.8376,117.549,-3.467,1.584,41.603,0.0376,0.0024,0.9302,
10.974,IMU,40.5022,81.5345,61.0183,-5.8376,5.8376,117.549,-3.423,1.681,41.979,0.0122,0.0957,1.0312,
10.984,ENC,40.3778,81.6248,61.0013,-6.2211,4.5167,118.164,-3.423,1.681,41.979,0.0122,0.0957,1.0312,
10.992,IMU,40.3778,81.6248,61.0013,-6.2211,4.5167,118.164,-3.476,1.676,42.376,0.1011,-0.0132,0.9751,
11.004,ENC,40.2517,81.7356,60.9936,-6.3064,5.5394,118.843,-3.476,1.676,42.376,0.1011,-0.0132,0.9751,
11.008,IMU,40.2517,81.7356,60.9936,-6.3064,5.5394,118.843,-3.468,1.699,42.788,0.0591,0.0337,1.0146,
11.025,ENC,40.1204,81.8532,60.9868,-6.5620,5.8803,119.556,-3.468,1.699,42.788,0.0591,0.0337,1.0146,
11.028,IMU,40.1204,81.8532,60.9868,-6.5620,5.8803,119.556,-3.428,1.664,43.100,0.0254,-0.0088,0.9492,
11.044,ENC,39.9909,81.9640,60.9774,-6.4768,5.5394,120.244,-3.428,1.664,43.100,0.0254,-0.0088,0.9492,
11.050,IMU,39.9909,81.9640,60.9774,-6.4768,5.5394,120.244,-3.419,1.705,43.451,0.0493,0.0527,1.0088,
11.065,ENC,39.8665,82.0629,60.9647,-6.2211,4.9428,120.884,-3.419,1.705,43.451,0.0493,0.0527,1.0088,
11.068,IMU,39.8665,82.0629,60.9647,-6.2211,4.9428,120.884,-3.405,1.658,43.833,0.0918,-0.0195,0.9771,
11.089,IMU,39.8665,82.0629,60.9647,-6.2211,4.9428,120.884,-3.362,1.588,44.193,0.0669,-0.0435,0.9688,
11.091,ENC,39.7489,82.1736,60.9612,-5.8803,5.5394,121.538,-3.362,1.588,44.193,0.0669,-0.0435,0.9688,
11.110,ENC,39.6381,82.2725,60.9553,-5.5394,4.9428,122.139,-3.362,1.588,44.193,0.0669,-0.0435,0.9688,
11.119,IMU,39.6381,82.2725,60.9553,-5.5394,4.9428,122.139,-3.460,1.601,44.520,0.1074,-0.0234,0.9878,
11.125,ENC,39.5205,82.3833,60.9519,-5.8803,5.5394,122.793,-3.460,1.601,44.520,0.1074,-0.0234,0.9878,
11.129,IMU,39.5205,82.3833,60.9519,-5.8803,5.5394,122.793,-3.398,1.641,44.863,0.0386,0.0186,0.9834,
11.144,ENC,39.4011,82.4958,60.9485,-5.9655,5.6246,123.457,-3.398,1.641,44.863,0.0386,0.0186,0.9834,
11.148,IMU,39.4011,82.4958,60.9485,-5.9655,5.6246,123.457,-3.371,1.631,45.205,0.0747,-0.0142,0.9829,
11.164,ENC,39.2835,82.6015,60.9425,-5.8803,5.2837,124.097,-3.371,1.631,45.205,0.0747,-0.0142,0.9829,
11.168,IMU,39.2835,82.6015,60.9425,-5.8803,5.2837,124.097,-3.443,1.490,45.542,0.1270,-0.0649,0.9946,
11.184,ENC,39.1711,82.7139,60.9425,-5.6246,5.6246,124.741,-3.443,1.490,45.542,0.1270,-0.0649,0.9946,
11.191,IMU,39.1711,82.7139,60.9425,-5.6246,5.6246,124.741,-3.492,1.472,45.895,0.1206,0.0063,0.9082,
11.211,IMU,39.1711,82.7139,60.9425,-5.6246,5.6246,124.741,-3.520,1.403,46.236,0.0854,-0.0659,0.9849,
11.224,ENC,38.9580,82.9219,60.9399,-5.3263,5.1985,125.947,-3.520,1.403,46.236,0.0854,-0.0659,0.9849,
11.229,IMU,38.9580,82.9219,60.9399,-5.3263,5.1985,125.947,-3.560,1.455,46.565,0.0640,0.0259,0.9375,
11.244,ENC,38.8523,83.0310,60.9416,-5.2837,5.4542,126.563,-3.560,1.455,46.565,0.0640,0.0259,0.9375,
11.248,IMU,38.8523,83.0310,60.9416,-5.2837,5.4542,126.563,-3.612,1.444,46.912,0.0933,0.0010,0.9292,
11.264,ENC,38.7518,83.1435,60.9476,-5.0280,5.6246,127.173,-3.612,1.444,46.912,0.0933,0.0010,0.9292,
11.268,IMU,38.7518,83.1435,60.9476,-5.0280,5.6246,127.173,-3.621,1.353,47.221,0.0742,-0.0186,0.9663,
11.284,ENC,38.6563,83.2474,60.9519,-4.7724,5.1985,127.744,-3.621,1.353,47.221,0.0742,-0.0186,0.9663,
11.297,IMU,38.6563,83.2474,60.9519,-4.7724,5.1985,127.744,-3.713,1.323,47.563,0.1279,0.0034,0.9570,
11.304,ENC,38.5506,83.3582,60.9544,-5.2837,5.5394,128.364,-3.713,1.323,47.563,0.1279,0.0034,0.9570,
11.310,IMU,38.5506,83.3582,60.9544,-5.2837,5.5394,128.364,-3.785,1.419,47.943,0.1138,0.0464,0.8979,
11.324,ENC,38.4654,83.4622,60.9638,-4.2611,5.1985,128.906,-3.785,1.419,47.943,0.1138,0.0464,0.8979,
11.333,IMU,38.4654,83.4622,60.9638,-4.2611,5.1985,128.906,-3.812,1.413,48.323,0.1216,-0.0171,1.0186,
11.347,IMU,38.4654,83.4622,60.9638,-4.2611,5.1985,128.906,-3.818,1.424,48.699,0.1045,-0.0107,0.9741,
11.364,ENC,38.2677,83.6752,60.9715,-4.9428,5.3263,130.083,-3.818,1.424,48.699,0.1045,-0.0107,0.9741,
11.369,IMU,38.2677,83.6752,60.9715,-4.9428,5.3263,130.083,-3.772,1.373,49.078,-0.0020,-0.0112,1.0503,
11.384,ENC,38.1671,83.7775,60.9723,-5.0280,5.1133,130.664,-3.772,1.373,49.078,-0.0020,-0.0112,1.0503,
11.387,IMU,38.1671,83.7775,60.9723,-5.0280,5.1133,130.664,-3.719,1.370,49.485,0.0430,0.0122,1.0425,
11.404,ENC,38.0598,83.8764,60.9681,-5.3689,4.9428,131.255,-3.719,1.370,49.485,0.0430,0.0122,1.0425,
11.407,IMU,38.0598,83.8764,60.9681,-5.3689,4.9428,131.255,-3.707,1.423,49.859,0.0581,0.0430,0.9956,
11.432,ENC,37.9490,83.9803,60.9647,-5.5394,5.1985,131.870,-3.707,1.423,49.859,0.0581,0.0430,0.9956,
11.435,IMU,37.9490,83.9803,60.9647,-5.5394,5.1985,131.870,-3.694,1.391,50.214,0.0728,-0.0039,1.0562,
11.450,IMU,37.9490,83.9803,60.9647,-5.5394,5.1985,131.870,-3.716,1.368,50.534,0.0601,0.0010,1.0283,
11.464,ENC,37.7308,84.1917,60.9612,-5.4542,5.2837,133.101,-3.716,1.368,50.534,0.0601,0.0010,1.0283,
11.469,IMU,37.7308,84.1917,60.9612,-5.4542,5.2837,133.101,-3.719,1.318,50.945,0.0654,-0.0469,0.9712,
11.487,IMU,37.7308,84.1917,60.9612,-5.4542,5.2837,133.101,-3.760,1.300,51.304,0.0938,-0.0020,1.0381,
11.505,ENC,37.5024,84.3979,60.9502,-5.7098,5.1559,134.346,-3.760,1.300,51.304,0.0938,-0.0020,1.0381,
11.509,IMU,37.5024,84.3979,60.9502,-5.7098,5.1559,134.346,-3.823,1.292,51.664,0.0918,-0.0122,1.0347,
11.524,ENC,37.3814,84.4951,60.9382,-6.0507,4.8576,134.971,-3.823,1.292,51.664,0.0918,-0.0122,1.0347,
11.546,IMU,37.3814,84.4951,60.9382,-6.0507,4.8576,134.971,-3.846,1.277,52.067,0.1284,-0.0122,0.9868,
11.548,ENC,37.2689,84.5990,60.9340,-5.6246,5.1985,135.591,-3.846,1.277,52.067,0.1284,-0.0122,0.9868,
11.570,IMU,37.2689,84.5990,60.9340,-5.6246,5.1985,135.591,-3.953,1.424,52.796,0.0654,-0.0083,0.9546,
11.583,ENC,37.0269,84.7882,60.9076,-6.0507,4.7298,136.826,-3.953,1.424,52.796,0.0654,-0.0083,0.9546,
11.588,IMU,37.0269,84.7882,60.9076,-6.0507,4.7298,136.826,-3.958,1.388,53.123,0.0977,0.0137,0.9956,
11.605,ENC,36.9076,84.8820,60.8948,-5.9655,4.6872,137.437,-3.958,1.388,53.123,0.0977,0.0137,0.9956,
11.609,IMU,36.9076,84.8820,60.8948,-5.9655,4.6872,137.437,-3.979,1.369,53.428,0.0645,-0.0273,1.0083,
11.625,ENC,36.7866,84.9706,60.8786,-6.0507,4.4315,138.037,-3.979,1.369,53.428,0.0645,-0.0273,1.0083,
11.638,IMU,36.7866,84.9706,60.8786,-6.0507,4.4315,138.037,-3.944,1.333,53.802,0.0234,-0.0146,0.9980,
11.644,ENC,36.6621,85.0661,60.8641,-6.2211,4.7724,138.667,-3.944,1.333,53.802,0.0234,-0.0146,0.9980,
11.648,IMU,36.6621,85.0661,60.8641,-6.2211,4.7724,138.667,-3.867,1.273,54.109,0.0083,-0.0176,1.0200,
11.668,IMU,36.6621,85.0661,60.8641,-6.2211,4.7724,138.667,-3.913,1.304,54.395,0.0693,0.0254,0.9746,
11.670,ENC,36.5428,85.1547,60.8488,-5.9655,4.4315,139.263,-3.913,1.304,54.395,0.0693,0.0254,0.9746,
11.684,ENC,36.4218,85.2382,60.8300,-6.0507,4.1758,139.849,-3.913,1.304,54.395,0.0693,0.0254,0.9746,
11.687,IMU,36.4218,85.2382,60.8300,-6.0507,4.1758,139.849,-3.965,1.284,54.715,0.1050,-0.0229,0.9780,
11.704,ENC,36.3042,85.3302,60.8172,-5.8803,4.6019,140.449,-3.965,1.284,54.715,0.1050,-0.0229,0.9780,
11.708,IMU,36.3042,85.3302,60.8172,-5.8803,4.6019,140.449,-4.042,1.296,55.014,0.1040,-0.0161,1.0337,
11.723,ENC,36.1883,85.4172,60.8027,-5.7950,4.3463,141.030,-4.042,1.296,55.014,0.1040,-0.0161,1.0337,
11.743,ENC,36.0622,85.5092,60.7857,-6.3064,4.6019,141.655,-4.042,1.296,55.014,0.1040,-0.0161,1.0337,
11.747,IMU,36.0622,85.5092,60.7857,-6.3064,4.6019,141.655,-3.977,1.334,55.323,-0.0142,0.0229,1.0073,
11.783,IMU,36.0622,85.5092,60.7857,-6.3064,4.6019,141.655,-3.940,1.320,55.864,0.0542,-0.0317,1.0234,
11.788,IMU,36.0622,85.5092,60.7857,-6.3064,4.6019,141.655,-3.874,1.375,56.168,0.0088,0.0293,1.0054,
11.790,ENC,35.9480,85.5910,60.7695,-5.7098,4.0906,142.217,-3.874,1.375,56.168,0.0088,0.0293,1.0054,
11.792,ENC,35.8338,85.6831,60.7584,-5.7098,4.6019,142.808,-3.874,1.375,56.168,0.0088,0.0293,1.0054,
11.809,IMU,35.8338,85.6831,60.7584,-5.7098,4.6019,142.808,-3.921,1.472,56.465,0.0693,0.0737,0.9819,
11.823,ENC,35.5815,85.8569,60.7192,-6.3064,4.3463,144.028,-3.921,1.472,56.465,0.0693,0.0737,0.9819,
11.835,IMU,35.5815,85.8569,60.7192,-6.3064,4.3463,144.028,-3.878,1.486,56.745,0.0171,0.0474,0.9741,
11.849,IMU,35.5815,85.8569,60.7192,-6.3064,4.3463,144.028,-3.811,1.410,57.052,-0.0210,-0.0259,1.0586,
11.864,ENC,35.3446,86.0427,60.6937,-5.9229,4.6446,145.239,-3.811,1.410,57.052,-0.0210,-0.0259,1.0586,
11.871,IMU,35.3446,86.0427,60.6937,-5.9229,4.6446,145.239,-3.774,1.295,57.342,0.0371,-0.0723,1.0405,
11.884,ENC,35.2287,86.1330,60.6809,-5.7950,4.5167,145.830,-3.774,1.295,57.342,0.0371,-0.0723,1.0405,
11.888,IMU,35.2287,86.1330,60.6809,-5.7950,4.5167,145.830,-3.813,1.211,57.652,0.0718,-0.0601,1.0020,
11.903,ENC,35.1213,86.2199,60.6706,-5.3689,4.3463,146.387,-3.813,1.211,57.652,0.0718,-0.0601,1.0020,
11.910,IMU,35.1213,86.2199,60.6706,-5.3689,4.3463,146.387,-3.848,1.251,57.913,0.0845,0.0269,0.9570,
11.924,ENC,35.0276,86.3001,60.6638,-4.6872,4.0054,146.885,-3.848,1.251,57.913,0.0845,0.0269,0.9570,
11.930,IMU,35.0276,86.3001,60.6638,-4.6872,4.0054,146.885,-3.824,1.210,58.195,0.0361,-0.0356,1.0161,
11.944,ENC,34.9356,86.3802,60.6579,-4.6019,4.0054,147.378,-3.824,1.210,58.195,0.0361,-0.0356,1.0161,
11.964,ENC,34.8452,86.4569,60.6510,-4.5167,3.8350,147.856,-3.824,1.210,58.195,0.0361,-0.0356,1.0161,
11.967,IMU,34.8452,86.4569,60.6510,-4.5167,3.8350,147.856,-3.853,1.194,58.692,0.0596,0.0132,0.9673,
11.984,ENC,34.7600,86.5387,60.6493,-4.2611,4.0906,148.335,-3.853,1.194,58.692,0.0596,0.0132,0.9673,
11.990,IMU,34.7600,86.5387,60.6493,-4.2611,4.0906,148.335,-3.870,1.244,58.970,0.0742,0.0249,1.0005,
12.019,ENC,34.6833,86.6120,60.6476,-3.8350,3.6645,148.765,-3.870,1.244,58.970,0.0742,0.0249,1.0005,
12.023,ENC,34.6305,86.6682,60.6493,-2.6419,2.8123,149.077,-3.870,1.244,58.970,0.0742,0.0249,1.0005,
12.032,IMU,34.6305,86.6682,60.6493,-2.6419,2.8123,149.077,-3.903,1.243,59.164,0.1108,-0.0156,0.9922,
12.036,IMU,34.6305,86.6682,60.6493,-2.6419,2.8123,149.077,-4.051,1.212,59.317,0.1553,-0.0176,0.9907,
12.068,IMU,34.6305,86.6682,60.6493,-2.6419,2.8123,149.077,-4.091,1.124,59.575,0.0962,-0.0747,0.9985,
12.102,IMU,34.6305,86.6682,60.6493,-2.6419,2.8123,149.077,-4.036,1.004,59.646,0.0576,-0.0518,0.9741,
12.107,IMU,34.6305,86.6682,60.6493,-2.6419,2.8123,149.077,-4.005,0.868,59.707,0.0503,-0.0776,0.9888,
12.122,ENC,34.5299,86.8250,60.6775,-1.6760,2.6134,149.814,-4.005,0.868,59.707,0.0503,-0.0776,0.9888,
12.124,ENC,34.5333,86.9017,60.7175,0.1704,3.8350,150.024,-4.005,0.868,59.707,0.0503,-0.0776,0.9888,
12.128,IMU,34.5333,86.9017,60.7175,0.1704,3.8350,150.024,-3.917,0.687,59.852,-0.0122,-0.1353,0.9902,
12.168,ENC,34.5418,87.0824,60.8121,0.2131,4.5167,150.518,-3.917,0.687,59.852,-0.0122,-0.1353,0.9902,
12.170,ENC,34.5418,87.2034,60.8726,0.0000,6.0507,150.864,-3.917,0.687,59.852,-0.0122,-0.1353,0.9902,
12.174,IMU,34.5418,87.2034,60.8726,0.0000,6.0507,150.864,-3.881,0.631,60.174,0.0669,-0.1104,0.9512,
12.188,IMU,34.5418,87.2034,60.8726,0.0000,6.0507,150.864,-3.816,0.517,60.435,-0.0420,-0.1040,1.0435,
12.210,IMU,34.5418,87.2034,60.8726,0.0000,6.0507,150.864,-3.818,0.382,60.734,0.0132,-0.1289,1.0093,
12.225,ENC,34.5384,87.6602,61.0993,-0.0568,7.6131,152.183,-3.818,0.382,60.734,0.0132,-0.1289,1.0093,
12.229,IMU,34.5384,87.6602,61.0993,-0.0568,7.6131,152.183,-3.815,0.276,60.997,0.0264,-0.0962,0.9053,
12.244,ENC,34.5384,87.8204,61.1794,0.0000,8.0108,152.642,-3.815,0.276,60.997,0.0264,-0.0962,0.9053,
12.248,IMU,34.5384,87.8204,61.1794,0.0000,8.0108,152.642,-3.816,0.261,61.320,0.1353,-0.0137,0.9858,
12.268,IMU,34.5384,87.8204,61.1794,0.0000,8.0108,152.642,-3.864,0.275,61.561,0.1646,0.0254,0.8940,
12.270,ENC,34.5384,87.9874,61.2629,0.0000,8.3517,153.120,-3.864,0.275,61.561,0.1646,0.0254,0.8940,
12.292,IMU,34.5384,87.9874,61.2629,0.0000,8.3517,153.120,-3.764,0.229,61.859,-0.0371,-0.0420,1.0620,
12.304,ENC,34.5401,88.3522,61.4462,0.0426,9.1187,154.160,-3.764,0.229,61.859,-0.0371,-0.0420,1.0620,
12.324,ENC,34.5384,88.5448,61.5416,-0.0852,9.6300,154.717,-3.764,0.229,61.859,-0.0371,-0.0420,1.0620,
12.327,IMU,34.5384,88.5448,61.5416,-0.0852,9.6300,154.717,-3.720,0.289,62.543,0.0298,0.0127,0.9443,
12.347,IMU,34.5384,88.5448,61.5416,-0.0852,9.6300,154.717,-3.849,0.302,62.750,0.1958,-0.0117,0.8906,
12.364,ENC,34.5401,88.9470,61.7436,0.0426,10.0561,155.864,-3.849,0.302,62.750,0.1958,-0.0117,0.8906,
12.370,IMU,34.5401,88.9470,61.7436,0.0426,10.0561,155.864,-3.828,0.251,63.021,0.0474,-0.0615,0.9619,
12.388,IMU,34.5401,88.9470,61.7436,0.0426,10.0561,155.864,-3.804,0.167,63.253,0.0557,-0.1035,1.1348,
12.408,IMU,34.5401,88.9470,61.7436,0.0426,10.0561,155.864,-3.854,0.037,63.516,0.0825,-0.1108,1.0356,
12.428,IMU,34.5401,88.9470,61.7436,0.0426,10.0561,155.864,-3.867,0.077,63.757,0.1235,0.0273,0.8706,
12.430,ENC,34.5384,89.5385,62.0384,-0.0284,9.8572,157.563,-3.867,0.077,63.757,0.1235,0.0273,0.8706,
12.450,ENC,34.5384,89.7430,62.1407,0.0000,10.2265,158.149,-3.867,0.077,63.757,0.1235,0.0273,0.8706,
12.464,ENC,34.5401,89.9475,62.2438,0.0852,10.2265,158.730,-3.867,0.077,63.757,0.1235,0.0273,0.8706,
12.468,IMU,34.5401,89.9475,62.2438,0.0852,10.2265,158.730,-3.878,0.037,64.349,0.0215,-0.0239,1.0444,
12.484,ENC,34.5418,90.1503,62.3461,0.0852,10.1413,159.307,-3.878,0.037,64.349,0.0215,-0.0239,1.0444,
12.488,IMU,34.5418,90.1503,62.3461,0.0852,10.1413,159.307,-3.871,0.091,64.552,0.0859,0.0127,0.9277,
12.504,ENC,34.5555,90.3481,62.4518,0.6818,9.8857,159.834,-3.871,0.091,64.552,0.0859,0.0127,0.9277,
12.507,IMU,34.5555,90.3481,62.4518,0.6818,9.8857,159.834,-3.858,0.116,64.712,0.0757,0.0327,0.9453,
12.530,ENC,34.6032,90.5390,62.5711,2.3862,9.5448,160.244,-3.858,0.116,64.712,0.0757,0.0327,0.9453,
12.544,IMU,34.6032,90.5390,62.5711,2.3862,9.5448,160.244,-3.968,0.117,64.915,0.1313,-0.0415,0.9932,
12.546,ENC,34.6594,90.7213,62.6904,2.8123,9.1187,160.605,-3.968,0.117,64.915,0.1313,-0.0415,0.9932,
12.551,IMU,34.6594,90.7213,62.6904,2.8123,9.1187,160.605,-3.893,0.122,65.029,0.0635,0.0200,1.0381,
12.568,IMU,34.6594,90.7213,62.6904,2.8123,9.1187,160.605,-4.049,0.038,65.162,0.2520,-0.0776,0.9033,
12.584,ENC,34.8282,91.0912,62.9597,4.2184,9.2465,161.182,-4.049,0.038,65.162,0.2520,-0.0776,0.9033,
12.588,IMU,34.8282,91.0912,62.9597,4.2184,9.2465,161.182,-4.028,0.050,65.255,0.0137,0.0151,1.1128,
12.607,IMU,34.8282,91.0912,62.9597,4.2184,9.2465,161.182,-3.977,0.033,65.342,0.1006,-0.0430,0.9805,
12.638,ENC,35.0719,91.4338,63.2528,6.0933,8.5647,161.465,-3.977,0.033,65.342,0.1006,-0.0430,0.9805,
12.644,ENC,35.2270,91.6059,63.4165,7.7551,8.6073,161.514,-3.977,0.033,65.342,0.1006,-0.0430,0.9805,
12.660,IMU,35.2270,91.6059,63.4165,7.7551,8.6073,161.514,-4.044,0.042,65.440,0.1870,0.0635,0.9111,
12.663,ENC,35.3855,91.7576,63.5716,7.9256,7.5847,161.494,-4.044,0.042,65.440,0.1870,0.0635,0.9111,
12.669,IMU,35.3855,91.7576,63.5716,7.9256,7.5847,161.494,-3.975,-0.009,65.444,-0.0044,-0.0591,0.9873,
12.684,ENC,35.5577,91.9349,63.7463,8.6073,8.8630,161.509,-3.975,-0.009,65.444,-0.0044,-0.0591,0.9873,
12.687,IMU,35.5577,91.9349,63.7463,8.6073,8.8630,161.509,-3.936,0.061,65.499,0.0806,0.0195,0.9541,
12.710,IMU,35.5577,91.9349,63.7463,8.6073,8.8630,161.509,-3.917,0.062,65.489,0.0361,0.0171,1.0254,
12.744,ENC,36.0656,92.4445,64.2550,8.4653,8.4937,161.514,-3.917,0.062,65.489,0.0361,0.0171,1.0254,
12.747,IMU,36.0656,92.4445,64.2550,8.4653,8.4937,161.514,-3.979,-0.085,65.525,0.1724,-0.0771,0.9688,
12.764,ENC,36.2360,92.6149,64.4255,8.5221,8.5221,161.514,-3.979,-0.085,65.525,0.1724,-0.0771,0.9688,
12.769,IMU,36.2360,92.6149,64.4255,8.5221,8.5221,161.514,-3.954,-0.107,65.536,0.0161,-0.0239,1.0791,
12.783,ENC,36.4031,92.7973,64.6002,8.3517,9.1187,161.558,-3.954,-0.107,65.536,0.0161,-0.0239,1.0791,
12.794,IMU,36.4031,92.7973,64.6002,8.3517,9.1187,161.558,-4.025,-0.010,65.593,0.0879,0.0664,1.0195,
12.811,IMU,36.4031,92.7973,64.6002,8.3517,9.1187,161.558,-4.046,0.103,65.625,0.0645,0.0693,0.9980,
12.824,ENC,36.7371,93.1484,64.9428,8.3517,8.7778,161.606,-4.046,0.103,65.625,0.0645,0.0693,0.9980,
12.832,IMU,36.7371,93.1484,64.9428,8.3517,8.7778,161.606,-4.097,0.122,65.622,0.1284,-0.0024,0.9976,
12.845,ENC,36.9093,93.3342,65.1217,8.6073,9.2891,161.646,-4.097,0.122,65.622,0.1284,-0.0024,0.9976,
12.849,IMU,36.9093,93.3342,65.1217,8.6073,9.2891,161.646,-4.130,0.133,65.636,0.0635,0.0298,0.9888,
12.864,ENC,37.0831,93.5081,65.2956,8.6926,8.6926,161.646,-4.130,0.133,65.636,0.0635,0.0298,0.9888,
12.875,IMU,37.0831,93.5081,65.2956,8.6926,8.6926,161.646,-4.159,0.095,65.632,0.0918,-0.0161,1.0229,
12.884,ENC,37.2587,93.6768,65.4677,8.7778,8.4369,161.626,-4.159,0.095,65.632,0.0918,-0.0161,1.0229,
12.887,IMU,37.2587,93.6768,65.4677,8.7778,8.4369,161.626,-4.131,0.047,65.681,0.0552,-0.0371,1.0479,
12.904,ENC,37.4206,93.8506,65.6356,8.0960,8.6926,161.660,-4.131,0.047,65.681,0.0552,-0.0371,1.0479,
12.908,IMU,37.4206,93.8506,65.6356,8.0960,8.6926,161.660,-4.054,-0.083,65.650,0.0498,-0.0923,1.0244,
12.924,ENC,37.5774,94.0177,65.7975,7.8403,8.3517,161.689,-4.054,-0.083,65.650,0.0498,-0.0923,1.0244,
12.932,IMU,37.5774,94.0177,65.7975,7.8403,8.3517,161.689,-4.109,-0.150,65.647,0.1255,-0.0708,1.0508,
12.944,ENC,37.7325,94.1864,65.9595,7.7551,8.4369,161.729,-4.109,-0.150,65.647,0.1255,-0.0708,1.0508,
12.948,IMU,37.7325,94.1864,65.9595,7.7551,8.4369,161.729,-4.023,-0.151,65.613,-0.0303,0.0654,1.0537,
12.964,ENC,37.8876,94.3569,66.1222,7.7551,8.5221,161.772,-4.023,-0.151,65.613,-0.0303,0.0654,1.0537,
12.968,IMU,37.8876,94.3569,66.1222,7.7551,8.5221,161.772,-4.046,-0.128,65.727,0.0674,0.0610,1.0898,
12.984,ENC,38.0359,94.5188,66.2773,7.4142,8.0960,161.812,-4.046,-0.128,65.727,0.0674,0.0610,1.0898,
12.988,IMU,38.0359,94.5188,66.2773,7.4142,8.0960,161.812,-4.115,-0.152,65.785,0.0825,-0.0288,0.9463,
13.004,ENC,38.1637,94.6807,66.4222,6.3916,8.0960,161.909,-4.115,-0.152,65.785,0.0825,-0.0288,0.9463,
13.007,IMU,38.1637,94.6807,66.4222,6.3916,8.0960,161.909,-4.029,-0.156,65.829,-0.0400,0.0098,1.1250,
13.036,ENC,38.2984,94.8307,66.5645,6.7325,7.4995,161.953,-4.029,-0.156,65.829,-0.0400,0.0098,1.1250,
13.044,ENC,38.4364,94.9943,66.7154,6.9029,8.1812,162.026,-4.029,-0.156,65.829,-0.0400,0.0098,1.1250,
13.049,IMU,38.4364,94.9943,66.7154,6.9029,8.1812,162.026,-3.958,-0.122,65.843,0.0239,-0.0151,1.0093,
13.064,ENC,38.5847,95.1596,66.8722,7.4142,8.2665,162.075,-3.958,-0.122,65.843,0.0239,-0.0151,1.0093,
13.068,IMU,38.5847,95.1596,66.8722,7.4142,8.2665,162.075,-3.955,-0.103,65.872,0.1182,0.0293,0.9678,
13.083,ENC,38.7245,95.3267,67.0256,6.9881,8.3517,162.153,-3.955,-0.103,65.872,0.1182,0.0293,0.9678,
13.087,IMU,38.7245,95.3267,67.0256,6.9881,8.3517,162.153,-4.058,-0.089,65.900,0.1733,0.0195,0.9243,
13.116,IMU,38.7245,95.3267,67.0256,6.9881,8.3517,162.153,-4.100,-0.126,65.967,0.1021,-0.0005,0.9473,
13.124,ENC,39.0313,95.6897,67.3605,7.6699,9.0761,162.314,-4.100,-0.126,65.967,0.1021,-0.0005,0.9473,
13.127,IMU,39.0313,95.6897,67.3605,7.6699,9.0761,162.314,-4.137,-0.045,66.048,0.1123,0.0532,1.0806,
13.144,ENC,39.1847,95.8568,67.5207,7.6699,8.3517,162.354,-4.137,-0.045,66.048,0.1123,0.0532,1.0806,
13.148,IMU,39.1847,95.8568,67.5207,7.6699,8.3517,162.354,-4.094,-0.093,66.083,0.0234,-0.0010,1.0503,
13.170,IMU,39.1847,95.8568,67.5207,7.6699,8.3517,162.354,-4.119,-0.082,66.136,0.0581,-0.0107,1.0439,
13.189,IMU,39.1847,95.8568,67.5207,7.6699,8.3517,162.354,-4.125,-0.063,66.136,0.0576,-0.0288,0.9492,
13.191,ENC,39.5239,96.2232,67.8735,8.4795,9.1613,162.432,-4.125,-0.063,66.136,0.0576,-0.0288,0.9492,
13.209,IMU,39.5239,96.2232,67.8735,8.4795,9.1613,162.432,-4.157,-0.125,66.156,0.0742,-0.0371,1.0547,
13.211,ENC,39.6858,96.4056,68.0457,8.0960,9.1187,162.490,-4.157,-0.125,66.156,0.0742,-0.0371,1.0547,
13.224,ENC,39.8596,96.5982,68.2289,8.6926,9.6300,162.544,-4.157,-0.125,66.156,0.0742,-0.0371,1.0547,
13.228,IMU,39.8596,96.5982,68.2289,8.6926,9.6300,162.544,-4.138,-0.223,66.200,0.0200,-0.0547,1.0117,
13.244,ENC,40.0216,96.7874,68.4045,8.0960,9.4595,162.622,-4.138,-0.223,66.200,0.0200,-0.0547,1.0117,
13.248,IMU,40.0216,96.7874,68.4045,8.0960,9.4595,162.622,-4.054,-0.295,66.257,0.0693,-0.0444,0.9785,
13.264,ENC,40.2022,96.9834,68.5928,9.0334,9.8004,162.666,-4.054,-0.295,66.257,0.0693,-0.0444,0.9785,
13.268,IMU,40.2022,96.9834,68.5928,9.0334,9.8004,162.666,-4.087,-0.355,66.263,0.1147,-0.0576,0.9468,
13.296,IMU,40.2022,96.9834,68.5928,9.0334,9.8004,162.666,-3.966,-0.270,66.285,-0.0225,0.0532,1.0342,
13.304,ENC,40.5653,97.3720,68.9686,9.0761,9.7152,162.739,-3.966,-0.270,66.285,-0.0225,0.0532,1.0342,
13.307,IMU,40.5653,97.3720,68.9686,9.0761,9.7152,162.739,-3.946,-0.232,66.344,0.0713,0.0249,1.0400,
13.324,ENC,40.7425,97.5578,69.1501,8.8630,9.2891,162.764,-3.946,-0.232,66.344,0.0713,0.0249,1.0400,
13.328,IMU,40.7425,97.5578,69.1501,8.8630,9.2891,162.764,-3.923,-0.256,66.402,0.0508,-0.0391,0.9653,
13.344,ENC,40.9147,97.7401,69.3274,8.6073,9.1187,162.793,-3.923,-0.256,66.402,0.0508,-0.0391,0.9653,
13.348,IMU,40.9147,97.7401,69.3274,8.6073,9.1187,162.793,-3.864,-0.367,66.436,-0.0142,-0.0986,1.0083,
13.363,ENC,41.0902,97.9293,69.5098,8.7778,9.4595,162.832,-3.864,-0.367,66.436,-0.0142,-0.0986,1.0083,
13.367,IMU,41.0902,97.9293,69.5098,8.7778,9.4595,162.832,-3.906,-0.383,66.479,0.1040,-0.0210,1.0103,
13.397,IMU,41.0902,97.9293,69.5098,8.7778,9.4595,162.832,-3.796,-0.447,66.487,-0.0391,-0.0386,1.0015,
13.405,ENC,41.4141,98.2958,69.8549,8.0960,9.1613,162.954,-3.796,-0.447,66.487,-0.0391,-0.0386,1.0015,
13.408,IMU,41.4141,98.2958,69.8549,8.0960,9.1613,162.954,-3.836,-0.495,66.533,0.1167,-0.0210,1.0039,
13.424,ENC,41.5692,98.4833,70.0262,7.7551,9.3743,163.047,-3.836,-0.495,66.533,0.1167,-0.0210,1.0039,
13.427,IMU,41.5692,98.4833,70.0262,7.7551,9.3743,163.047,-3.839,-0.388,66.559,0.0640,0.0566,1.0098,
13.444,ENC,41.7260,98.6776,70.2018,7.8403,9.7152,163.154,-3.839,-0.388,66.559,0.0640,0.0566,1.0098,
13.450,IMU,41.7260,98.6776,70.2018,7.8403,9.7152,163.154,-3.880,-0.477,66.640,0.1128,-0.0693,0.9487,
13.469,IMU,41.7260,98.6776,70.2018,7.8403,9.7152,163.154,-4.001,-0.592,66.685,0.1499,-0.0674,0.8940,
13.470,ENC,41.8794,98.8617,70.3705,7.6699,9.2039,163.242,-4.001,-0.592,66.685,0.1499,-0.0674,0.8940,
13.484,ENC,42.0413,99.0611,70.5512,8.0960,9.9709,163.350,-4.001,-0.592,66.685,0.1499,-0.0674,0.8940,
13.489,IMU,42.0413,99.0611,70.5512,8.0960,9.9709,163.350,-4.027,-0.627,66.780,0.0396,-0.0288,1.0112,
13.507,IMU,42.0413,99.0611,70.5512,8.0960,9.9709,163.350,-4.060,-0.660,66.860,0.0718,0.0103,1.0889,
13.523,ENC,42.3634,99.4446,70.9040,8.0534,9.5874,163.525,-4.060,-0.660,66.860,0.0718,0.0103,1.0889,
13.529,IMU,42.3634,99.4446,70.9040,8.0534,9.5874,163.525,-4.065,-0.749,66.901,0.0620,-0.0874,1.0098,
13.547,IMU,42.3634,99.4446,70.9040,8.0534,9.5874,163.525,-4.118,-0.761,66.994,0.0972,-0.0063,1.0044,
13.563,ENC,42.6992,99.8178,71.2585,8.3943,9.3317,163.633,-4.118,-0.761,66.994,0.0972,-0.0063,1.0044,
13.570,IMU,42.6992,99.8178,71.2585,8.3943,9.3317,163.633,-4.143,-0.713,67.039,0.0684,0.0400,0.9688,
13.583,ENC,42.8628,100.0138,71.4383,8.1812,9.8004,163.726,-4.143,-0.713,67.039,0.0684,0.0400,0.9688,
13.589,IMU,42.8628,100.0138,71.4383,8.1812,9.8004,163.726,-4.029,-0.725,67.097,-0.0254,0.0322,1.0840,
13.627,IMU,42.8628,100.0138,71.4383,8.1812,9.8004,163.726,-4.086,-0.782,67.171,0.1333,-0.0479,0.9829,
13.629,ENC,43.0333,100.2150,71.6241,8.5221,10.0561,163.813,-4.086,-0.782,67.171,0.1333,-0.0479,0.9829,
13.631,ENC,43.1986,100.3990,71.7988,8.2665,9.2039,163.867,-4.086,-0.782,67.171,0.1333,-0.0479,0.9829,
13.634,IMU,43.1986,100.3990,71.7988,8.2665,9.2039,163.867,-4.045,-0.810,67.229,0.0859,-0.0195,1.0625,
13.644,ENC,43.3656,100.5951,71.9803,8.3517,9.8004,163.950,-4.045,-0.810,67.229,0.0859,-0.0195,1.0625,
13.650,IMU,43.3656,100.5951,71.9803,8.3517,9.8004,163.950,-4.065,-0.701,67.301,0.0933,0.0723,1.0776,
13.664,ENC,43.5344,100.7842,72.1593,8.4369,9.4595,164.009,-4.065,-0.701,67.301,0.0933,0.0723,1.0776,
13.668,IMU,43.5344,100.7842,72.1593,8.4369,9.4595,164.009,-3.944,-0.839,67.343,-0.0928,-0.0781,1.0659,
13.683,ENC,43.6980,100.9751,72.3366,8.1812,9.5448,164.087,-3.944,-0.839,67.343,-0.0928,-0.0781,1.0659,
13.688,IMU,43.6980,100.9751,72.3366,8.1812,9.5448,164.087,-3.988,-0.905,67.408,0.1289,-0.0532,1.0386,
13.707,IMU,43.6980,100.9751,72.3366,8.1812,9.5448,164.087,-3.975,-0.903,67.481,0.0776,-0.0464,1.0015,
13.724,ENC,44.0304,101.3603,72.6953,8.3091,9.6300,164.238,-3.975,-0.903,67.481,0.0776,-0.0464,1.0015,
13.727,IMU,44.0304,101.3603,72.6953,8.3091,9.6300,164.238,-3.961,-0.917,67.596,0.0967,-0.0312,0.9995,
13.748,IMU,44.0304,101.3603,72.6953,8.3091,9.6300,164.238,-3.981,-0.974,67.687,0.0688,-0.0684,0.9854,
13.759,ENC,44.1889,101.5529,72.8709,7.9256,9.6300,164.336,-3.981,-0.974,67.687,0.0688,-0.0684,0.9854,
13.765,ENC,44.3508,101.7421,73.0465,8.0960,9.4595,164.414,-3.981,-0.974,67.687,0.0688,-0.0684,0.9854,
13.768,IMU,44.3508,101.7421,73.0465,8.0960,9.4595,164.414,-3.976,-0.929,67.761,0.0425,0.0439,1.0181,
13.796,ENC,44.4991,101.9262,73.2126,7.4142,9.2039,164.517,-3.976,-0.929,67.761,0.0425,0.0439,1.0181,
13.799,IMU,44.4991,101.9262,73.2126,7.4142,9.2039,164.517,-4.018,-0.852,67.900,0.1187,0.0137,0.9287,
13.804,ENC,44.6440,102.1273,73.3856,7.2438,10.0561,164.678,-4.018,-0.852,67.900,0.1187,0.0137,0.9287,
13.808,IMU,44.6440,102.1273,73.3856,7.2438,10.0561,164.678,-4.043,-0.874,68.076,0.0693,-0.0503,1.1333,
13.828,IMU,44.6440,102.1273,73.3856,7.2438,10.0561,164.678,-4.188,-0.659,68.185,0.1758,0.1035,0.8208,
13.847,IMU,44.6440,102.1273,73.3856,7.2438,10.0561,164.678,-4.208,-0.673,68.330,0.0483,-0.0332,1.0103,
13.862,ENC,44.9064,102.5210,73.7137,6.5620,9.8430,165.054,-4.208,-0.673,68.330,0.0483,-0.0332,1.0103,
13.865,ENC,45.0360,102.7307,73.8833,6.4768,10.4822,165.283,-4.208,-0.673,68.330,0.0483,-0.0332,1.0103,
13.869,IMU,45.0360,102.7307,73.8833,6.4768,10.4822,165.283,-4.204,-0.765,68.484,0.1074,-0.0752,0.9346,
13.903,IMU,45.0360,102.7307,73.8833,6.4768,10.4822,165.283,-4.254,-0.777,68.640,0.1406,-0.0034,0.9556,
13.905,ENC,45.1502,102.9352,74.0427,5.7098,10.2265,165.542,-4.254,-0.777,68.640,0.1406,-0.0034,0.9556,
13.907,ENC,45.2661,103.1363,74.2012,5.7950,10.0561,165.786,-4.254,-0.777,68.640,0.1406,-0.0034,0.9556,
13.910,IMU,45.2661,103.1363,74.2012,5.7950,10.0561,165.786,-4.188,-0.752,68.767,0.0317,0.0015,1.0576,
13.929,ENC,45.3820,103.3426,74.3623,5.7950,10.3118,166.045,-4.188,-0.752,68.767,0.0317,0.0015,1.0576,
13.944,ENC,45.5013,103.5488,74.5250,5.9655,10.3118,166.294,-4.188,-0.752,68.767,0.0317,0.0015,1.0576,
13.947,IMU,45.5013,103.5488,74.5250,5.9655,10.3118,166.294,-4.206,-0.653,69.129,0.1167,0.0801,1.0176,
13.964,ENC,45.6240,103.7619,74.6929,6.1359,10.6526,166.553,-4.206,-0.653,69.129,0.1167,0.0801,1.0176,
13.968,IMU,45.6240,103.7619,74.6929,6.1359,10.6526,166.553,-4.143,-0.718,69.258,0.0698,-0.0742,1.0601,
13.984,ENC,45.7450,103.9834,74.8642,6.0507,11.0788,166.841,-4.143,-0.718,69.258,0.0698,-0.0742,1.0601,
13.987,IMU,45.7450,103.9834,74.8642,6.0507,11.0788,166.841,-4.028,-0.804,69.427,0.0322,-0.1167,1.0049,
14.009,IMU,45.7450,103.9834,74.8642,6.0507,11.0788,166.841,-4.102,-0.828,69.607,0.1187,-0.0767,0.9722,
14.037,IMU,45.7450,103.9834,74.8642,6.0507,11.0788,166.841,-4.202,-0.836,69.820,0.1577,-0.0146,0.9419,
14.047,ENC,45.9649,104.4096,75.1872,5.4968,10.6526,167.432,-4.202,-0.836,69.820,0.1577,-0.0146,0.9419,
14.049,ENC,46.0825,104.6209,75.3517,5.8803,10.5674,167.700,-4.202,-0.836,69.820,0.1577,-0.0146,0.9419,
14.065,ENC,46.1967,104.8271,75.5119,5.7098,10.3118,167.964,-4.202,-0.836,69.820,0.1577,-0.0146,0.9419,
14.069,IMU,46.1967,104.8271,75.5119,5.7098,10.3118,167.964,-4.145,-0.657,70.233,0.1118,0.0649,0.8721,
14.084,ENC,46.3109,105.0214,75.6662,5.7098,9.7152,168.193,-4.145,-0.657,70.233,0.1118,0.0649,0.8721,
14.088,IMU,46.3109,105.0214,75.6662,5.7098,9.7152,168.193,-4.138,-0.739,70.411,0.1089,-0.1216,1.0728,
14.115,IMU,46.3109,105.0214,75.6662,5.7098,9.7152,168.193,-4.090,-0.672,70.502,0.0562,0.0137,0.8965,
14.123,ENC,46.5614,105.4032,75.9823,6.2638,9.5448,168.569,-4.090,-0.672,70.502,0.0562,0.0137,0.8965,
14.139,IMU,46.5614,105.4032,75.9823,6.2638,9.5448,168.569,-4.076,-0.508,70.613,0.0698,0.1108,0.7710,
14.144,ENC,46.7012,105.5924,76.1468,6.9881,9.4595,168.711,-4.076,-0.508,70.613,0.0698,0.1108,0.7710,
14.152,IMU,46.7012,105.5924,76.1468,6.9881,9.4595,168.711,-3.996,-0.516,70.749,0.0039,-0.0317,1.0312,
14.163,ENC,46.8444,105.7867,76.3155,7.1586,9.7152,168.857,-3.996,-0.516,70.749,0.0039,-0.0317,1.0312,
14.171,IMU,46.8444,105.7867,76.3155,7.1586,9.7152,168.857,-3.905,-0.514,70.830,0.0229,0.0420,1.0039,
14.184,ENC,46.9995,105.9657,76.4826,7.7551,8.9482,168.926,-3.905,-0.514,70.830,0.0229,0.0420,1.0039,
14.187,IMU,46.9995,105.9657,76.4826,7.7551,8.9482,168.926,-4.010,-0.452,70.917,0.1606,0.0181,0.9072,
14.203,ENC,47.1546,106.1464,76.6505,7.7551,9.0334,168.999,-4.010,-0.452,70.917,0.1606,0.0181,0.9072,
14.208,IMU,47.1546,106.1464,76.6505,7.7551,9.0334,168.999,-3.922,-0.509,70.980,-0.0449,-0.0356,1.1050,
14.224,ENC,47.3284,106.3407,76.8345,8.6926,9.7152,169.058,-3.922,-0.509,70.980,-0.0449,-0.0356,1.1050,
14.228,IMU,47.3284,106.3407,76.8345,8.6926,9.7152,169.058,-4.000,-0.587,70.995,0.1431,-0.0630,0.9805,
14.243,ENC,47.5006,106.5213,77.0109,8.6073,9.0334,169.082,-4.000,-0.587,70.995,0.1431,-0.0630,0.9805,
14.247,IMU,47.5006,106.5213,77.0109,8.6073,9.0334,169.082,-4.023,-0.579,70.998,0.1196,0.0010,1.0190,
14.264,ENC,47.6915,106.6952,77.1933,9.5448,8.6926,169.033,-4.023,-0.579,70.998,0.1196,0.0010,1.0190,
14.267,IMU,47.6915,106.6952,77.1933,9.5448,8.6926,169.033,-3.988,-0.684,70.999,0.0044,-0.0918,1.1641,
14.290,IMU,47.6915,106.6952,77.1933,9.5448,8.6926,169.033,-3.877,-0.713,71.038,-0.0537,-0.0024,1.0542,
14.305,ENC,48.0545,107.0412,77.5478,9.0761,8.6499,168.984,-3.877,-0.713,71.038,-0.0537,-0.0024,1.0542,
14.308,IMU,48.0545,107.0412,77.5478,9.0761,8.6499,168.984,-3.882,-0.720,71.031,0.0532,-0.0054,1.0029,
14.324,ENC,48.2335,107.2287,77.7311,8.9482,9.3743,169.009,-3.882,-0.720,71.031,0.0532,-0.0054,1.0029,
14.328,IMU,48.2335,107.2287,77.7311,8.9482,9.3743,169.009,-3.805,-0.829,71.014,0.0322,-0.0645,1.0083,
14.344,ENC,48.3988,107.4127,77.9058,8.2665,9.2039,169.062,-3.805,-0.829,71.014,0.0322,-0.0645,1.0083,
14.347,IMU,48.3988,107.4127,77.9058,8.2665,9.2039,169.062,-3.800,-0.824,71.056,0.0435,-0.0435,0.9629,
14.366,ENC,48.5539,107.5968,78.0754,7.7551,9.2039,169.146,-3.800,-0.824,71.056,0.0435,-0.0435,0.9629,
14.370,IMU,48.5539,107.5968,78.0754,7.7551,9.2039,169.146,-3.885,-0.777,71.049,0.0635,0.0098,0.9790,
14.383,ENC,48.7158,107.7758,78.2458,8.0960,8.9482,169.194,-3.885,-0.777,71.049,0.0635,0.0098,0.9790,
14.388,IMU,48.7158,107.7758,78.2458,8.0960,8.9482,169.194,-3.786,-0.793,71.040,-0.0200,-0.0112,0.9736,
14.429,ENC,49.0482,108.1047,78.5765,8.3091,8.2238,169.185,-3.786,-0.793,71.040,-0.0200,-0.0112,0.9736,
14.432,IMU,49.0482,108.1047,78.5765,8.3091,8.2238,169.185,-3.843,-0.735,70.964,0.1289,0.0469,1.0396,
14.446,IMU,49.0482,108.1047,78.5765,8.3091,8.2238,169.185,-3.798,-0.772,70.965,0.0376,-0.0142,1.0264,
14.450,IMU,49.0482,108.1047,78.5765,8.3091,8.2238,169.185,-3.733,-0.745,70.950,0.0073,0.0088,1.0469,
14.452,ENC,49.2186,108.2701,78.7443,8.5221,8.2665,169.170,-3.733,-0.745,70.950,0.0073,0.0088,1.0469,
14.471,ENC,49.3857,108.4235,78.9046,8.3517,7.6699,169.131,-3.733,-0.745,70.950,0.0073,0.0088,1.0469,
14.484,ENC,49.5459,108.5735,79.0597,8.0108,7.4995,169.102,-3.733,-0.745,70.950,0.0073,0.0088,1.0469,
14.505,ENC,49.7061,108.7149,79.2105,8.0108,7.0734,169.048,-3.733,-0.745,70.950,0.0073,0.0088,1.0469,
14.515,IMU,49.7061,108.7149,79.2105,8.0108,7.0734,169.048,-3.672,-0.790,70.893,0.1196,-0.0596,0.9844,
14.518,IMU,49.7061,108.7149,79.2105,8.0108,7.0734,169.048,-3.619,-0.792,70.939,0.0171,-0.0200,0.9521,
14.523,ENC,49.8680,108.8734,79.3707,8.0960,7.9256,169.038,-3.619,-0.792,70.939,0.0171,-0.0200,0.9521,
14.544,ENC,50.0231,109.0251,79.5241,7.7551,7.5847,169.028,-3.619,-0.792,70.939,0.0171,-0.0200,0.9521,
14.548,IMU,50.0231,109.0251,79.5241,7.7551,7.5847,169.028,-3.569,-0.742,70.904,0.0293,0.0132,1.0195,
14.564,ENC,50.1816,109.1836,79.6826,7.9256,7.9256,169.028,-3.569,-0.742,70.904,0.0293,0.0132,1.0195,
14.572,IMU,50.1816,109.1836,79.6826,7.9256,7.9256,169.028,-3.652,-0.700,70.883,0.0938,0.0220,0.9648,
14.587,ENC,50.3299,109.3302,79.8301,7.4142,7.3290,169.023,-3.652,-0.700,70.883,0.0938,0.0220,0.9648,
14.604,ENC,50.4799,109.4751,79.9775,7.4995,7.2438,169.009,-3.652,-0.700,70.883,0.0938,0.0220,0.9648,
14.608,IMU,50.4799,109.4751,79.9775,7.4995,7.2438,169.009,-3.661,-0.633,70.888,0.1118,0.0469,0.9512,
14.649,IMU,50.4799,109.4751,79.9775,7.4995,7.2438,169.009,-3.667,-0.634,70.858,0.0557,-0.0483,0.9775,
14.651,ENC,50.6316,109.6097,80.1207,7.5847,6.7325,168.960,-3.667,-0.634,70.858,0.0557,-0.0483,0.9775,
14.653,ENC,50.7816,109.7529,80.2672,7.4995,7.1586,168.940,-3.667,-0.634,70.858,0.0557,-0.0483,0.9775,
14.656,IMU,50.7816,109.7529,80.2672,7.4995,7.1586,168.940,-3.627,-0.617,70.924,-0.0078,0.0181,0.9922,
14.689,ENC,50.9299,109.8961,80.4130,7.4142,7.1586,168.926,-3.627,-0.617,70.924,-0.0078,0.0181,0.9922,
14.691,ENC,51.0764,110.0410,80.5587,7.3290,7.2438,168.921,-3.627,-0.617,70.924,-0.0078,0.0181,0.9922,
14.699,IMU,51.0764,110.0410,80.5587,7.3290,7.2438,168.921,-3.729,-0.591,70.941,0.1128,0.0269,1.0566,
14.703,IMU,51.0764,110.0410,80.5587,7.3290,7.2438,168.921,-3.697,-0.558,70.998,0.0435,-0.0083,1.0459,
14.710,ENC,51.2281,110.1790,80.7036,7.5847,6.9029,168.882,-3.697,-0.558,70.998,0.0435,-0.0083,1.0459,
14.713,IMU,51.2281,110.1790,80.7036,7.5847,6.9029,168.882,-3.771,-0.581,70.976,0.1406,-0.0117,0.9888,
14.724,ENC,51.3730,110.3239,80.8485,7.2438,7.2438,168.882,-3.771,-0.581,70.976,0.1406,-0.0117,0.9888,
14.728,IMU,51.3730,110.3239,80.8485,7.2438,7.2438,168.882,-3.722,-0.636,71.021,0.0229,-0.0474,1.1118,
14.743,ENC,51.5162,110.4739,80.9950,7.1586,7.4995,168.901,-3.722,-0.636,71.021,0.0229,-0.0474,1.1118,
14.748,IMU,51.5162,110.4739,80.9950,7.1586,7.4995,168.901,-3.713,-0.672,71.018,0.0225,-0.0464,0.9829,
14.764,ENC,51.6577,110.6239,81.1408,7.0734,7.4995,168.926,-3.713,-0.672,71.018,0.0225,-0.0464,0.9829,
14.768,IMU,51.6577,110.6239,81.1408,7.0734,7.4995,168.926,-3.662,-0.617,71.040,0.0146,0.0610,0.9839,
14.786,ENC,51.7974,110.7653,81.2814,6.9881,7.0734,168.931,-3.662,-0.617,71.040,0.0146,0.0610,0.9839,
14.834,IMU,51.7974,110.7653,81.2814,6.9881,7.0734,168.931,-3.520,-0.621,71.085,0.0781,-0.0366,0.9805,
14.843,ENC,52.1980,111.1744,81.6862,6.6757,6.8177,168.955,-3.520,-0.621,71.085,0.0781,-0.0366,0.9805,
14.849,IMU,52.1980,111.1744,81.6862,6.6757,6.8177,168.955,-3.475,-0.590,71.075,0.0420,-0.0161,1.0015,
14.864,ENC,52.3326,111.3244,81.8285,6.7325,7.4995,168.999,-3.475,-0.590,71.075,0.0420,-0.0161,1.0015,
14.873,IMU,52.3326,111.3244,81.8285,6.7325,7.4995,168.999,-3.561,-0.636,71.070,0.1113,-0.0737,0.9653,
14.883,ENC,52.4741,111.4642,81.9691,7.0734,6.9881,168.994,-3.561,-0.636,71.070,0.1113,-0.0737,0.9653,
14.893,IMU,52.4741,111.4642,81.9691,7.0734,6.9881,168.994,-3.513,-0.661,71.058,0.0332,-0.0132,0.9785,
14.904,ENC,52.6172,111.6056,82.1114,7.1586,7.0734,168.989,-3.513,-0.661,71.058,0.0332,-0.0132,0.9785,
14.907,IMU,52.6172,111.6056,82.1114,7.1586,7.0734,168.989,-3.487,-0.698,71.069,0.0845,-0.0322,0.9575,
14.924,ENC,52.7638,111.7624,82.2631,7.3290,7.8403,169.019,-3.487,-0.698,71.069,0.0845,-0.0322,0.9575,
14.948,IMU,52.7638,111.7624,82.2631,7.3290,7.8403,169.019,-3.612,-0.543,71.112,0.1562,0.1108,0.9355,
14.950,ENC,52.9036,111.9124,82.4080,6.9881,7.4995,169.048,-3.612,-0.543,71.112,0.1562,0.1108,0.9355,
14.953,IMU,52.9036,111.9124,82.4080,6.9881,7.4995,169.048,-3.639,-0.481,71.163,0.0469,0.0098,1.0205,
14.967,IMU,52.9036,111.9124,82.4080,6.9881,7.4995,169.048,-3.686,-0.505,71.161,0.0518,-0.0073,0.9951,
15.006,IMU,52.9036,111.9124,82.4080,6.9881,7.4995,169.048,-3.779,-0.491,71.159,0.1426,0.0527,1.0142,
15.008,ENC,53.2121,112.1937,82.7029,7.7125,7.0307,168.970,-3.779,-0.491,71.159,0.1426,0.0527,1.0142,
15.010,ENC,53.3774,112.3198,82.8486,8.2665,6.3064,168.857,-3.779,-0.491,71.159,0.1426,0.0527,1.0142,
15.014,IMU,53.3774,112.3198,82.8486,8.2665,6.3064,168.857,-3.802,-0.516,71.095,0.1060,-0.0039,0.9653,
15.031,ENC,53.5717,112.4527,83.0122,9.7152,6.6473,168.682,-3.802,-0.516,71.095,0.1060,-0.0039,0.9653,
15.058,IMU,53.5717,112.4527,83.0122,9.7152,6.6473,168.682,-3.776,-0.533,70.982,0.0508,-0.0264,0.9478,
15.064,IMU,53.5717,112.4527,83.0122,9.7152,6.6473,168.682,-3.759,-0.688,70.789,0.0571,-0.0908,1.0957,
15.066,ENC,53.9961,112.7135,83.3548,10.6100,6.5194,168.213,-3.759,-0.688,70.789,0.0571,-0.0908,1.0957,
15.076,IMU,53.9961,112.7135,83.3548,10.6100,6.5194,168.213,-3.754,-0.626,70.560,0.0132,0.0396,1.1353,
15.085,ENC,54.2160,112.8499,83.5329,10.9935,6.8177,167.974,-3.754,-0.626,70.560,0.0132,0.0396,1.1353,
15.089,IMU,54.2160,112.8499,83.5329,10.9935,6.8177,167.974,-3.642,-0.708,70.320,-0.0566,-0.0850,0.9771,
15.104,ENC,54.4478,112.9964,83.7221,11.5901,7.3290,167.729,-3.642,-0.708,70.320,-0.0566,-0.0850,0.9771,
15.108,IMU,54.4478,112.9964,83.7221,11.5901,7.3290,167.729,-3.622,-0.718,70.171,0.0425,0.0273,0.9995,
15.123,ENC,54.6762,113.1362,83.9062,11.4196,6.9881,167.476,-3.622,-0.718,70.171,0.0425,0.0273,0.9995,
15.129,IMU,54.6762,113.1362,83.9062,11.4196,6.9881,167.476,-3.595,-0.853,69.960,0.0137,-0.1279,1.1660,
15.144,ENC,54.8961,113.2760,84.0860,10.9935,6.9881,167.246,-3.595,-0.853,69.960,0.0137,-0.1279,1.1660,
15.149,IMU,54.8961,113.2760,84.0860,10.9935,6.9881,167.246,-3.580,-0.754,69.804,0.0884,0.0200,0.8384,
15.168,IMU,54.8961,113.2760,84.0860,10.9935,6.9881,167.246,-3.622,-0.762,69.655,0.0850,-0.0771,1.0225,
15.183,ENC,55.1057,113.4242,84.2650,10.4822,7.4142,167.070,-3.622,-0.762,69.655,0.0850,-0.0771,1.0225,
15.185,ENC,55.3136,113.5742,84.4439,10.3970,7.4995,166.904,-3.622,-0.762,69.655,0.0850,-0.0771,1.0225,
15.189,IMU,55.3136,113.5742,84.4439,10.3970,7.4995,166.904,-3.641,-0.601,69.590,0.0874,0.1328,0.8838,
15.204,ENC,55.5199,113.7242,84.6221,10.3118,7.4995,166.743,-3.641,-0.601,69.590,0.0874,0.1328,0.8838,
15.207,IMU,55.5199,113.7242,84.6221,10.3118,7.4995,166.743,-3.610,-0.746,69.455,0.0059,-0.1343,1.1270,
15.223,ENC,55.7193,113.8827,84.8010,9.9709,7.9256,166.626,-3.610,-0.746,69.455,0.0059,-0.1343,1.1270,
15.228,IMU,55.7193,113.8827,84.8010,9.9709,7.9256,166.626,-3.534,-0.781,69.274,-0.0596,-0.0723,1.0723,
15.244,ENC,55.9204,114.0310,84.9757,10.0561,7.4142,166.475,-3.534,-0.781,69.274,-0.0596,-0.0723,1.0723,
15.247,IMU,55.9204,114.0310,84.9757,10.0561,7.4142,166.475,-3.473,-0.758,69.067,0.0469,-0.0015,0.9775,
15.263,ENC,56.1267,114.1776,85.1521,10.3118,7.3290,166.304,-3.473,-0.758,69.067,0.0469,-0.0015,0.9775,
15.268,IMU,56.1267,114.1776,85.1521,10.3118,7.3290,166.304,-3.560,-0.802,68.910,0.1470,-0.0352,0.8413,
15.288,IMU,56.1267,114.1776,85.1521,10.3118,7.3290,166.304,-3.527,-0.913,68.736,0.0356,-0.0439,0.8682,
15.316,IMU,56.1267,114.1776,85.1521,10.3118,7.3290,166.304,-3.370,-0.956,68.597,-0.0957,-0.0625,1.2104,
15.323,ENC,56.7709,114.5935,85.6822,10.7379,6.9313,165.649,-3.370,-0.956,68.597,-0.0957,-0.0625,1.2104,
15.327,IMU,56.7709,114.5935,85.6822,10.7379,6.9313,165.649,-3.341,-0.879,68.490,0.0293,0.0195,1.0010,
15.344,ENC,56.9874,114.7264,85.8569,10.8231,6.6473,165.410,-3.341,-0.879,68.490,0.0293,0.0195,1.0010,
15.352,IMU,56.9874,114.7264,85.8569,10.8231,6.6473,165.410,-3.387,-0.885,68.315,0.1240,0.0127,0.9629,
15.364,ENC,57.2021,114.8560,86.0291,10.7379,6.4768,165.166,-3.387,-0.885,68.315,0.1240,0.0127,0.9629,
15.367,IMU,57.2021,114.8560,86.0291,10.7379,6.4768,165.166,-3.393,-0.704,68.126,0.0537,0.1270,1.0615,
15.403,IMU,57.2021,114.8560,86.0291,10.7379,6.4768,165.166,-3.552,-0.657,67.965,0.1812,0.0400,0.9697,
15.406,ENC,57.6589,115.0673,86.3631,11.4196,5.2837,164.463,-3.552,-0.657,67.965,0.1812,0.0400,0.9697,
15.423,ENC,57.8839,115.1662,86.5250,11.2492,4.9428,164.102,-3.552,-0.657,67.965,0.1812,0.0400,0.9697,
15.428,IMU,57.8839,115.1662,86.5250,11.2492,4.9428,164.102,-3.615,-0.761,67.509,0.1157,-0.0835,1.0044,
15.451,IMU,57.8839,115.1662,86.5250,11.2492,4.9428,164.102,-3.627,-0.779,67.237,0.0757,-0.0117,0.9614,
15.464,ENC,58.3594,115.3281,86.8438,11.8884,4.0480,163.203,-3.627,-0.779,67.237,0.0757,-0.0117,0.9614,
15.469,IMU,58.3594,115.3281,86.8438,11.8884,4.0480,163.203,-3.541,-0.714,66.960,0.0015,0.0469,1.1021,
15.483,ENC,58.5759,115.3911,86.9835,10.8231,3.1532,162.764,-3.541,-0.714,66.960,0.0015,0.0469,1.1021,
15.488,IMU,58.5759,115.3911,86.9835,10.8231,3.1532,162.764,-3.513,-0.644,66.708,0.0791,0.0518,0.9844,
15.512,IMU,58.5759,115.3911,86.9835,10.8231,3.1532,162.764,-3.610,-0.747,66.441,0.1465,-0.0352,1.0156,
15.514,ENC,58.7890,115.4576,87.1233,10.6526,3.3236,162.344,-3.610,-0.747,66.441,0.1465,-0.0352,1.0156,
15.523,ENC,58.9969,115.5275,87.2622,10.3970,3.4941,161.948,-3.610,-0.747,66.441,0.1465,-0.0352,1.0156,
15.530,IMU,58.9969,115.5275,87.2622,10.3970,3.4941,161.948,-3.548,-0.851,66.170,-0.0112,-0.0659,1.1118,
15.546,ENC,59.1793,115.5991,87.3892,9.1187,3.5793,161.631,-3.548,-0.851,66.170,-0.0112,-0.0659,1.1118,
15.550,IMU,59.1793,115.5991,87.3892,9.1187,3.5793,161.631,-3.533,-0.898,65.970,0.0054,-0.0952,1.0229,
15.581,ENC,59.3702,115.6673,87.5187,9.5448,3.4088,161.279,-3.533,-0.898,65.970,0.0054,-0.0952,1.0229,
15.585,ENC,59.5645,115.7371,87.6508,9.7152,3.4941,160.923,-3.533,-0.898,65.970,0.0054,-0.0952,1.0229,
15.590,IMU,59.5645,115.7371,87.6508,9.7152,3.4941,160.923,-3.586,-0.962,65.374,0.1040,-0.0015,0.9453,
15.606,ENC,59.7639,115.8104,87.7872,9.9709,3.6645,160.562,-3.586,-0.962,65.374,0.1040,-0.0015,0.9453,
15.615,IMU,59.7639,115.8104,87.7872,9.9709,3.6645,160.562,-3.572,-0.908,65.117,0.0781,0.0327,1.0488,
15.623,ENC,59.9633,115.8735,87.9184,9.9709,3.1532,160.171,-3.572,-0.908,65.117,0.0781,0.0327,1.0488,
15.628,IMU,59.9633,115.8735,87.9184,9.9709,3.1532,160.171,-3.604,-0.825,64.907,0.0571,0.0547,0.9863,
15.647,IMU,59.9633,115.8735,87.9184,9.9709,3.1532,160.171,-3.640,-0.809,64.716,0.0835,0.0371,1.0586,
15.649,ENC,60.1440,115.9229,88.0335,9.0334,2.4714,159.795,-3.640,-0.809,64.716,0.0835,0.0371,1.0586,
15.664,ENC,60.3076,115.9689,88.1383,8.1812,2.3010,159.458,-3.640,-0.809,64.716,0.0835,0.0371,1.0586,
15.668,IMU,60.3076,115.9689,88.1383,8.1812,2.3010,159.458,-3.681,-0.710,64.523,0.0991,0.0708,1.0303,
15.708,IMU,60.3076,115.9689,88.1383,8.1812,2.3010,159.458,-3.664,-0.607,64.386,0.0161,0.1284,0.9229,
15.711,IMU,60.3076,115.9689,88.1383,8.1812,2.3010,159.458,-3.660,-0.573,64.293,0.0439,0.0322,0.9834,
15.713,ENC,60.4644,116.0184,88.2414,7.8403,2.4714,159.150,-3.660,-0.573,64.293,0.0439,0.0322,0.9834,
15.715,ENC,60.5991,116.0661,88.3326,6.7325,2.3862,158.901,-3.660,-0.573,64.293,0.0439,0.0322,0.9834,
15.727,ENC,60.7218,116.1138,88.4178,6.1359,2.3862,158.687,-3.660,-0.573,64.293,0.0439,0.0322,0.9834,
15.744,ENC,60.8513,116.1598,88.5056,6.4768,2.3010,158.447,-3.660,-0.573,64.293,0.0439,0.0322,0.9834,
15.770,IMU,60.8513,116.1598,88.5056,6.4768,2.3010,158.447,-3.859,-0.344,63.751,0.1157,0.0713,1.0303,
15.787,IMU,60.8513,116.1598,88.5056,6.4768,2.3010,158.447,-4.010,-0.227,63.539,0.1221,0.0728,0.9482,
15.789,ENC,60.9553,116.1888,88.5721,5.1985,1.4488,158.232,-4.010,-0.227,63.539,0.1221,0.0728,0.9482,
15.792,ENC,61.0610,116.1854,88.6232,5.2837,-0.1704,157.920,-4.010,-0.227,63.539,0.1221,0.0728,0.9482,
15.808,ENC,61.1734,116.1718,88.6726,5.6246,-0.6818,157.559,-4.010,-0.227,63.539,0.1221,0.0728,0.9482,
15.824,ENC,61.2876,116.1428,88.7152,5.7098,-1.4488,157.148,-4.010,-0.227,63.539,0.1221,0.0728,0.9482,
15.830,IMU,61.2876,116.1428,88.7152,5.7098,-1.4488,157.148,-4.027,-0.301,63.055,0.0806,0.0049,1.0073,
15.844,ENC,61.3950,116.0900,88.7425,5.3689,-2.6419,156.689,-4.027,-0.301,63.055,0.0806,0.0049,1.0073,
15.847,IMU,61.3950,116.0900,88.7425,5.3689,-2.6419,156.689,-4.092,-0.324,62.810,0.1479,0.0327,0.9927,
15.864,ENC,61.5075,116.0235,88.7655,5.6246,-3.3236,156.177,-4.092,-0.324,62.810,0.1479,0.0327,0.9927,
15.871,IMU,61.5075,116.0235,88.7655,5.6246,-3.3236,156.177,-4.146,-0.369,62.459,0.1025,0.0200,0.9868,
15.886,ENC,61.6166,115.9468,88.7817,5.4542,-3.8350,155.645,-4.146,-0.369,62.459,0.1025,0.0200,0.9868,
15.903,ENC,61.7223,115.8599,88.7911,5.2837,-4.3463,155.093,-4.146,-0.369,62.459,0.1025,0.0200,0.9868,
15.908,IMU,61.7223,115.8599,88.7911,5.2837,-4.3463,155.093,-4.183,-0.420,61.798,0.0537,0.0190,1.0151,
15.936,ENC,61.8314,115.7712,88.8013,5.4542,-4.4315,154.526,-4.183,-0.420,61.798,0.0537,0.0190,1.0151,
15.946,ENC,61.9319,115.6741,88.8030,5.0280,-4.8576,153.960,-4.183,-0.420,61.798,0.0537,0.0190,1.0151,
15.950,IMU,61.9319,115.6741,88.8030,5.0280,-4.8576,153.960,-4.169,-0.434,61.183,0.0083,-0.0063,1.0024,
15.969,IMU,61.9319,115.6741,88.8030,5.0280,-4.8576,153.960,-4.143,-0.501,60.837,0.0591,-0.0039,1.0068,
15.973,ENC,62.0257,115.5803,88.8030,4.6872,-4.6872,153.423,-4.143,-0.501,60.837,0.0591,-0.0039,1.0068,
15.985,ENC,62.1245,115.4866,88.8056,4.9428,-4.6872,152.871,-4.143,-0.501,60.837,0.0591,-0.0039,1.0068,
15.989,IMU,62.1245,115.4866,88.8056,4.9428,-4.6872,152.871,-4.111,-0.594,60.483,0.0649,-0.0166,0.9922,
16.004,ENC,62.2200,115.3843,88.8021,4.7724,-5.1133,152.305,-4.111,-0.594,60.483,0.0649,-0.0166,0.9922,
16.009,IMU,62.2200,115.3843,88.8021,4.7724,-5.1133,152.305,-4.103,-0.682,60.138,0.0396,-0.0439,1.0454,
16.025,ENC,62.3103,115.2804,88.7953,4.5167,-5.1985,151.748,-4.103,-0.682,60.138,0.0396,-0.0439,1.0454,
16.029,IMU,62.3103,115.2804,88.7953,4.5167,-5.1985,151.748,-4.030,-0.729,59.798,0.0400,-0.0430,1.0005,
16.045,ENC,62.4057,115.1798,88.7928,4.7724,-5.0280,151.187,-4.030,-0.729,59.798,0.0400,-0.0430,1.0005,
16.048,IMU,62.4057,115.1798,88.7928,4.7724,-5.0280,151.187,-3.946,-0.735,59.432,0.0352,-0.0054,0.9624,
16.064,ENC,62.5029,115.0775,88.7902,4.8576,-5.1133,150.615,-3.946,-0.735,59.432,0.0352,-0.0054,0.9624,
16.084,IMU,62.5029,115.0775,88.7902,4.8576,-5.1133,150.615,-3.967,-0.822,59.109,0.0913,-0.0371,1.0093,
16.088,ENC,62.5983,114.9736,88.7860,4.7724,-5.1985,150.044,-3.967,-0.822,59.109,0.0913,-0.0371,1.0093,
16.091,IMU,62.5983,114.9736,88.7860,4.7724,-5.1985,150.044,-3.994,-0.867,58.740,0.0752,-0.0249,0.9956,
16.108,IMU,62.5983,114.9736,88.7860,4.7724,-5.1985,150.044,-3.929,-1.006,58.369,0.0195,-0.0723,1.0166,
16.131,IMU,62.5983,114.9736,88.7860,4.7724,-5.1985,150.044,-3.888,-1.034,58.018,-0.0063,-0.0151,1.0537,
16.148,IMU,62.5983,114.9736,88.7860,4.7724,-5.1985,150.044,-3.903,-1.054,57.641,0.0674,-0.0190,0.9673,
16.150,ENC,62.8745,114.6634,88.7689,4.6019,-5.1701,148.364,-3.903,-1.054,57.641,0.0674,-0.0190,0.9673,
16.164,ENC,62.9750,114.5628,88.7689,5.0280,-5.0280,147.788,-3.903,-1.054,57.641,0.0674,-0.0190,0.9673,
16.167,IMU,62.9750,114.5628,88.7689,5.0280,-5.0280,147.788,-3.896,-1.065,57.302,0.0664,-0.0044,0.9824,
16.184,ENC,63.0756,114.4571,88.7664,5.0280,-5.2837,147.197,-3.896,-1.065,57.302,0.0664,-0.0044,0.9824,
16.193,IMU,63.0756,114.4571,88.7664,5.0280,-5.2837,147.197,-3.868,-1.103,56.932,0.0747,0.0029,0.9712,
16.212,IMU,63.0756,114.4571,88.7664,5.0280,-5.2837,147.197,-3.829,-1.091,56.556,0.0298,0.0132,1.0547,
16.214,ENC,63.1847,114.3532,88.7689,5.4542,-5.1985,146.587,-3.829,-1.091,56.556,0.0298,0.0132,1.0547,
16.223,ENC,63.2955,114.2475,88.7715,5.5394,-5.2837,145.967,-3.829,-1.091,56.556,0.0298,0.0132,1.0547,
16.228,IMU,63.2955,114.2475,88.7715,5.5394,-5.2837,145.967,-3.837,-1.079,56.146,0.0327,0.0054,1.1006,
16.263,ENC,63.4062,114.1367,88.7715,5.5394,-5.5394,145.332,-3.837,-1.079,56.146,0.0327,0.0054,1.1006,
16.265,ENC,63.5204,114.0310,88.7757,5.7098,-5.2837,144.702,-3.837,-1.079,56.146,0.0327,0.0054,1.1006,
16.269,IMU,63.5204,114.0310,88.7757,5.7098,-5.2837,144.702,-3.694,-1.158,55.336,0.0249,-0.0088,0.9966,
16.288,ENC,63.6261,113.9253,88.7757,5.2837,-5.2837,144.097,-3.694,-1.158,55.336,0.0249,-0.0088,0.9966,
16.311,ENC,63.7352,113.8077,88.7715,5.4542,-5.8803,143.447,-3.694,-1.158,55.336,0.0249,-0.0088,0.9966,
16.317,IMU,63.7352,113.8077,88.7715,5.4542,-5.8803,143.447,-3.732,-1.272,54.486,0.0503,0.0024,1.0415,
16.323,ENC,63.8460,113.7004,88.7732,5.5394,-5.3689,142.822,-3.732,-1.272,54.486,0.0503,0.0024,1.0415,
16.327,IMU,63.8460,113.7004,88.7732,5.5394,-5.3689,142.822,-3.717,-1.333,54.139,0.0483,-0.0386,0.9971,
16.344,ENC,63.9585,113.5896,88.7740,5.6246,-5.5394,142.183,-3.717,-1.333,54.139,0.0483,-0.0386,0.9971,
16.348,IMU,63.9585,113.5896,88.7740,5.6246,-5.5394,142.183,-3.766,-1.393,53.740,0.0586,-0.0630,0.9937,
16.364,ENC,64.0761,113.4669,88.7715,5.8803,-6.1359,141.494,-3.766,-1.393,53.740,0.0586,-0.0630,0.9937,
16.368,IMU,64.0761,113.4669,88.7715,5.8803,-6.1359,141.494,-3.767,-1.407,53.376,0.0659,-0.0303,0.9487,
16.387,IMU,64.0761,113.4669,88.7715,5.8803,-6.1359,141.494,-3.771,-1.388,52.967,0.0728,0.0000,0.9497,
16.389,ENC,64.1903,113.3561,88.7732,5.7098,-5.5394,140.850,-3.771,-1.388,52.967,0.0728,0.0000,0.9497,
16.404,ENC,64.3096,113.2555,88.7825,5.9655,-5.0280,140.220,-3.771,-1.388,52.967,0.0728,0.0000,0.9497,
16.408,IMU,64.3096,113.2555,88.7825,5.9655,-5.0280,140.220,-3.814,-1.473,52.524,0.0972,-0.0454,0.9976,
16.424,ENC,64.4306,113.1447,88.7877,6.0507,-5.5394,139.556,-3.814,-1.473,52.524,0.0972,-0.0454,0.9976,
16.428,IMU,64.4306,113.1447,88.7877,6.0507,-5.5394,139.556,-3.802,-1.511,52.151,0.0649,-0.0137,1.0249,
16.444,ENC,64.5482,113.0390,88.7936,5.8803,-5.2837,138.916,-3.802,-1.511,52.151,0.0649,-0.0137,1.0249,
16.449,IMU,64.5482,113.0390,88.7936,5.8803,-5.2837,138.916,-3.765,-1.537,51.786,0.0366,-0.0366,0.9722,
16.469,IMU,64.5482,113.0390,88.7936,5.8803,-5.2837,138.916,-3.808,-1.580,51.398,0.1099,-0.0381,0.9771,
16.488,IMU,64.5482,113.0390,88.7936,5.8803,-5.2837,138.916,-3.856,-1.551,51.027,0.0732,-0.0122,0.9507,
16.491,ENC,64.6624,112.9334,88.7979,5.7098,-5.2837,138.286,-3.856,-1.551,51.027,0.0732,-0.0122,0.9507,
16.493,ENC,64.7885,112.8209,88.8047,6.3064,-5.6246,137.603,-3.856,-1.551,51.027,0.0732,-0.0122,0.9507,
16.503,ENC,64.9130,112.7152,88.8141,6.2211,-5.2837,136.943,-3.856,-1.551,51.027,0.0732,-0.0122,0.9507,
16.508,IMU,64.9130,112.7152,88.8141,6.2211,-5.2837,136.943,-3.845,-1.615,50.551,0.0557,-0.0508,1.0337,
16.524,ENC,65.0425,112.6061,88.8243,6.4768,-5.4542,136.260,-3.845,-1.615,50.551,0.0557,-0.0508,1.0337,
16.528,IMU,65.0425,112.6061,88.8243,6.4768,-5.4542,136.260,-3.810,-1.658,50.163,0.0166,-0.0273,1.0474,
16.551,IMU,65.0425,112.6061,88.8243,6.4768,-5.4542,136.260,-3.839,-1.616,49.761,0.0786,0.0044,0.9565,
16.569,IMU,65.0425,112.6061,88.8243,6.4768,-5.4542,136.260,-3.809,-1.661,49.333,0.0127,-0.0288,1.0024,
16.571,ENC,65.1669,112.4987,88.8328,6.2211,-5.3689,135.596,-3.809,-1.661,49.333,0.0127,-0.0288,1.0024,
16.573,ENC,65.2964,112.3982,88.8473,6.4768,-5.0280,134.937,-3.809,-1.661,49.333,0.0127,-0.0288,1.0024,
16.589,IMU,65.2964,112.3982,88.8473,6.4768,-5.0280,134.937,-3.728,-1.703,48.911,0.0225,-0.0332,0.9941,
16.608,IMU,65.2964,112.3982,88.8473,6.4768,-5.0280,134.937,-3.797,-1.648,48.483,0.0825,0.0166,0.9883,
16.613,ENC,65.4243,112.2908,88.8575,6.3916,-5.3689,134.263,-3.797,-1.648,48.483,0.0825,0.0166,0.9883,
16.615,ENC,65.5368,112.1885,88.8627,5.6246,-5.1133,133.647,-3.797,-1.648,48.483,0.0825,0.0166,0.9883,
16.627,IMU,65.5368,112.1885,88.8627,5.6246,-5.1133,133.647,-3.808,-1.655,48.098,0.0479,-0.0449,1.0474,
16.648,IMU,65.5368,112.1885,88.8627,5.6246,-5.1133,133.647,-3.688,-1.716,47.630,-0.0024,-0.0669,0.9912,
16.656,ENC,65.6527,112.0777,88.8652,5.7950,-5.5394,132.998,-3.688,-1.716,47.630,-0.0024,-0.0669,0.9912,
16.658,ENC,65.7652,111.9704,88.8678,5.6246,-5.3689,132.368,-3.688,-1.716,47.630,-0.0024,-0.0669,0.9912,
16.664,ENC,65.8674,111.8630,88.8652,5.1133,-5.3689,131.768,-3.688,-1.716,47.630,-0.0024,-0.0669,0.9912,
16.667,IMU,65.8674,111.8630,88.8652,5.1133,-5.3689,131.768,-3.666,-1.798,47.231,0.0376,-0.0547,1.0122,
16.699,IMU,65.8674,111.8630,88.8652,5.1133,-5.3689,131.768,-3.613,-1.789,46.943,0.0068,-0.0234,1.0205,
16.702,ENC,65.9578,111.7675,88.8627,4.5167,-4.7724,131.235,-3.613,-1.789,46.943,0.0068,-0.0234,1.0205,
16.706,ENC,66.0328,111.6840,88.8584,3.7497,-4.1758,130.781,-3.613,-1.789,46.943,0.0068,-0.0234,1.0205,
16.709,IMU,66.0328,111.6840,88.8584,3.7497,-4.1758,130.781,-3.563,-1.822,46.693,0.0186,-0.0371,0.9893,
16.739,ENC,66.0941,111.6073,88.8507,3.0680,-3.8350,130.386,-3.563,-1.822,46.693,0.0186,-0.0371,0.9893,
16.745,IMU,66.0941,111.6073,88.8507,3.0680,-3.8350,130.386,-3.470,-1.846,46.474,0.0347,-0.0312,1.0020,
16.747,ENC,66.1555,111.5357,88.8456,3.0680,-3.5793,130.005,-3.470,-1.846,46.474,0.0347,-0.0312,1.0020,
16.750,IMU,66.1555,111.5357,88.8456,3.0680,-3.5793,130.005,-3.449,-1.890,46.248,0.0503,-0.0264,0.9727,
16.776,IMU,66.1555,111.5357,88.8456,3.0680,-3.5793,130.005,-3.431,-1.886,46.003,0.0566,-0.0044,0.9883,
16.783,ENC,66.2577,111.4062,88.8320,2.5566,-3.2384,129.341,-3.431,-1.886,46.003,0.0566,-0.0044,0.9883,
16.788,IMU,66.2577,111.4062,88.8320,2.5566,-3.2384,129.341,-3.425,-1.868,45.852,0.0356,-0.0059,0.9678,
16.808,IMU,66.2577,111.4062,88.8320,2.5566,-3.2384,129.341,-3.432,-1.828,45.687,0.0215,-0.0005,1.0205,
16.814,ENC,66.3055,111.3466,88.8260,2.3862,-2.9827,129.033,-3.432,-1.828,45.687,0.0215,-0.0005,1.0205,
16.839,ENC,66.3447,111.2852,88.8149,1.9601,-3.0680,128.745,-3.432,-1.828,45.687,0.0215,-0.0005,1.0205,
16.848,IMU,66.3447,111.2852,88.8149,1.9601,-3.0680,128.745,-3.291,-1.778,45.516,0.0479,-0.0083,1.0352,
16.850,ENC,66.3805,111.2307,88.8056,1.7896,-2.7271,128.486,-3.291,-1.778,45.516,0.0479,-0.0083,1.0352,
16.871,IMU,66.3805,111.2307,88.8056,1.7896,-2.7271,128.486,-3.299,-1.837,45.397,0.0630,-0.0137,0.9995,
16.876,ENC,66.4077,111.1761,88.7919,1.3635,-2.7271,128.252,-3.299,-1.837,45.397,0.0630,-0.0137,0.9995,
16.884,ENC,66.4350,111.1267,88.7808,1.3635,-2.4714,128.032,-3.299,-1.837,45.397,0.0630,-0.0137,0.9995,
16.890,IMU,66.4350,111.1267,88.7808,1.3635,-2.4714,128.032,-3.295,-1.845,45.283,0.0449,-0.0303,0.9438,
16.924,ENC,66.4623,111.0841,88.7732,1.3635,-2.1305,127.832,-3.295,-1.845,45.283,0.0449,-0.0303,0.9438,
16.928,IMU,66.4623,111.0841,88.7732,1.3635,-2.1305,127.832,-3.435,-1.864,45.039,0.0889,-0.0381,0.9731,
16.930,ENC,66.4793,111.0398,88.7595,0.8522,-2.2158,127.656,-3.435,-1.864,45.039,0.0889,-0.0381,0.9731,
16.947,IMU,66.4793,111.0398,88.7595,0.8522,-2.2158,127.656,-3.448,-1.862,44.904,0.0513,-0.0288,1.0005,
16.967,IMU,66.4793,111.0398,88.7595,0.8522,-2.2158,127.656,-3.405,-1.864,44.830,0.0576,-0.0029,0.9746,
16.969,ENC,66.5100,110.9937,88.7519,1.5340,-2.3010,127.437,-3.405,-1.864,44.830,0.0576,-0.0029,0.9746,
16.971,ENC,66.5305,110.9443,88.7374,1.0227,-2.4714,127.236,-3.405,-1.864,44.830,0.0576,-0.0029,0.9746,
16.984,ENC,66.5628,110.9000,88.7314,1.6192,-2.2158,127.017,-3.405,-1.864,44.830,0.0576,-0.0029,0.9746,
16.988,IMU,66.5628,110.9000,88.7314,1.6192,-2.2158,127.017,-3.390,-1.833,44.745,0.0327,-0.0210,1.0049,
17.008,ENC,66.5918,110.8540,88.7229,1.4488,-2.3010,126.802,-3.390,-1.833,44.745,0.0327,-0.0210,1.0049,
17.020,IMU,66.5918,110.8540,88.7229,1.4488,-2.3010,126.802,-3.392,-1.854,44.672,0.0420,-0.0508,1.0088,
17.028,IMU,66.5918,110.8540,88.7229,1.4488,-2.3010,126.802,-3.418,-1.807,44.584,0.0371,-0.0254,0.9824,
17.030,ENC,66.6123,110.8165,88.7144,1.0227,-1.8749,126.636,-3.418,-1.807,44.584,0.0371,-0.0254,0.9824,
17.043,ENC,66.6378,110.7824,88.7101,1.2783,-1.7044,126.465,-3.418,-1.807,44.584,0.0371,-0.0254,0.9824,
17.048,IMU,66.6378,110.7824,88.7101,1.2783,-1.7044,126.465,-3.459,-1.761,44.485,0.0942,-0.0264,0.9907,
17.080,ENC,66.6600,110.7449,88.7024,1.1079,-1.8749,126.294,-3.459,-1.761,44.485,0.0942,-0.0264,0.9907,
17.083,ENC,66.6890,110.7091,88.6990,1.4488,-1.7896,126.108,-3.459,-1.761,44.485,0.0942,-0.0264,0.9907,
17.094,IMU,66.6890,110.7091,88.6990,1.4488,-1.7896,126.108,-3.419,-1.751,44.354,0.0229,-0.0293,0.9736,
17.097,IMU,66.6890,110.7091,88.6990,1.4488,-1.7896,126.108,-3.382,-1.757,44.308,0.0312,-0.0464,1.0269,
17.105,ENC,66.7111,110.6767,88.6939,1.1079,-1.6192,125.952,-3.382,-1.757,44.308,0.0312,-0.0464,1.0269,
17.109,IMU,66.7111,110.6767,88.6939,1.1079,-1.6192,125.952,-3.366,-1.796,44.285,0.0439,-0.0415,0.9595,
17.131,IMU,66.7111,110.6767,88.6939,1.1079,-1.6192,125.952,-3.386,-1.846,44.235,0.0605,-0.0483,1.0039,
17.141,ENC,66.7418,110.6580,88.6999,1.5340,-0.9374,125.811,-3.386,-1.846,44.235,0.0605,-0.0483,1.0039,
17.143,ENC,66.7759,110.6460,88.7110,1.7044,-0.5965,125.679,-3.386,-1.846,44.235,0.0605,-0.0483,1.0039,
17.148,IMU,66.7759,110.6460,88.7110,1.7044,-0.5965,125.679,-3.324,-1.974,44.184,0.0176,-0.1050,0.9395,
17.182,ENC,66.8372,110.6529,88.7450,3.0680,0.3409,125.522,-3.324,-1.974,44.184,0.0176,-0.1050,0.9395,
17.184,ENC,66.9174,110.6665,88.7919,4.0054,0.6818,125.332,-3.324,-1.974,44.184,0.0176,-0.1050,0.9395,
17.190,IMU,66.9174,110.6665,88.7919,4.0054,0.6818,125.332,-3.303,-2.155,44.079,0.0620,-0.1675,1.0347,
17.193,IMU,66.9174,110.6665,88.7919,4.0054,0.6818,125.332,-3.254,-2.277,43.936,0.0303,-0.1450,1.0439,
17.207,IMU,66.9174,110.6665,88.7919,4.0054,0.6818,125.332,-3.317,-2.366,43.737,0.1191,-0.1079,0.9746,
17.209,ENC,67.0333,110.6852,88.8592,5.7950,0.9374,125.054,-3.317,-2.366,43.737,0.1191,-0.1079,0.9746,
17.224,ENC,67.1747,110.7006,88.9376,7.0734,0.7670,124.692,-3.317,-2.366,43.737,0.1191,-0.1079,0.9746,
17.228,IMU,67.1747,110.7006,88.9376,7.0734,0.7670,124.692,-3.379,-2.543,43.434,0.0840,-0.1538,0.9702,
17.243,ENC,67.3469,110.7193,89.0331,8.6073,0.9374,124.253,-3.379,-2.543,43.434,0.0840,-0.1538,0.9702,
17.248,IMU,67.3469,110.7193,89.0331,8.6073,0.9374,124.253,-3.452,-2.614,43.145,0.1216,-0.0527,1.0005,
17.263,ENC,67.5463,110.7500,89.1481,9.9709,1.5340,123.770,-3.452,-2.614,43.145,0.1216,-0.0527,1.0005,
17.268,IMU,67.5463,110.7500,89.1481,9.9709,1.5340,123.770,-3.377,-2.680,42.828,0.0234,-0.0796,0.9819,
17.286,ENC,67.7645,110.7875,89.2760,10.9083,1.8749,123.252,-3.377,-2.680,42.828,0.0234,-0.0796,0.9819,
17.305,ENC,67.9673,110.8267,89.3970,10.1413,1.9601,122.783,-3.377,-2.680,42.828,0.0234,-0.0796,0.9819,
17.324,ENC,68.1854,110.8795,89.5325,10.9083,2.6419,122.310,-3.377,-2.680,42.828,0.0234,-0.0796,0.9819,
17.328,IMU,68.1854,110.8795,89.5325,10.9083,2.6419,122.310,-3.224,-2.792,41.947,0.0054,-0.1064,0.9795,
17.344,ENC,68.4172,110.9460,89.6816,11.5901,3.3236,121.836,-3.224,-2.792,41.947,0.0054,-0.1064,0.9795,
17.348,IMU,68.4172,110.9460,89.6816,11.5901,3.3236,121.836,-3.076,-2.879,41.640,-0.0498,-0.1050,1.0127,
17.363,ENC,68.6269,111.0210,89.8239,10.4822,3.7497,121.450,-3.076,-2.879,41.640,-0.0498,-0.1050,1.0127,
17.370,IMU,68.6269,111.0210,89.8239,10.4822,3.7497,121.450,-3.090,-2.934,41.398,0.0830,-0.0645,1.0063,
17.392,ENC,68.8382,111.1079,89.9731,10.5674,4.3463,121.094,-3.090,-2.934,41.398,0.0830,-0.0645,1.0063,
17.396,IMU,68.8382,111.1079,89.9731,10.5674,4.3463,121.094,-3.063,-2.934,41.173,0.0244,-0.0322,1.0342,
17.409,IMU,68.8382,111.1079,89.9731,10.5674,4.3463,121.094,-3.036,-2.959,40.946,0.0283,-0.0625,0.9414,
17.444,IMU,68.8382,111.1079,89.9731,10.5674,4.3463,121.094,-3.111,-2.900,40.787,0.0996,-0.0269,0.9507,
17.447,IMU,68.8382,111.1079,89.9731,10.5674,4.3463,121.094,-3.170,-2.947,40.669,0.0776,-0.0884,0.9507,
17.449,ENC,69.2217,111.3159,90.2688,9.5874,5.1985,120.591,-3.170,-2.947,40.669,0.0776,-0.0884,0.9507,
17.451,ENC,69.4092,111.4335,90.4213,9.3743,5.8803,120.391,-3.170,-2.947,40.669,0.0776,-0.0884,0.9507,
17.468,IMU,69.4092,111.4335,90.4213,9.3743,5.8803,120.391,-3.098,-3.031,40.552,0.0244,-0.1367,1.0557,
17.483,ENC,69.7654,111.6908,90.7281,8.9056,6.4342,120.107,-3.098,-3.031,40.552,0.0244,-0.1367,1.0557,
17.490,IMU,69.7654,111.6908,90.7281,8.9056,6.4342,120.107,-3.076,-3.042,40.414,0.0039,-0.0620,1.0771,
17.505,ENC,69.9410,111.8255,90.8832,8.7778,6.7325,119.990,-3.076,-3.042,40.414,0.0039,-0.0620,1.0771,
17.509,IMU,69.9410,111.8255,90.8832,8.7778,6.7325,119.990,-3.131,-3.038,40.354,0.0420,-0.0488,1.0874,
17.528,IMU,69.9410,111.8255,90.8832,8.7778,6.7325,119.990,-3.197,-2.962,40.253,0.1021,-0.0195,0.9849,
17.540,ENC,70.1285,111.9721,91.0503,9.3743,7.3290,119.873,-3.197,-2.962,40.253,0.1021,-0.0195,0.9849,
17.544,ENC,70.3177,112.1221,91.2199,9.4595,7.4995,119.761,-3.197,-2.962,40.253,0.1021,-0.0195,0.9849,
17.548,IMU,70.3177,112.1221,91.2199,9.4595,7.4995,119.761,-3.241,-2.933,40.283,0.0952,-0.0576,1.0000,
17.563,ENC,70.4983,112.2823,91.3903,9.0334,8.0108,119.702,-3.241,-2.933,40.283,0.0952,-0.0576,1.0000,
17.568,IMU,70.4983,112.2823,91.3903,9.0334,8.0108,119.702,-3.204,-2.918,40.300,-0.0044,-0.0581,0.9990,
17.585,ENC,70.6705,112.4493,91.5599,8.6073,8.3517,119.688,-3.204,-2.918,40.300,-0.0044,-0.0581,0.9990,
17.588,IMU,70.6705,112.4493,91.5599,8.6073,8.3517,119.688,-3.352,-2.735,40.329,0.1411,0.0513,1.0015,
17.604,ENC,70.8358,112.6283,91.7321,8.2665,8.9482,119.727,-3.352,-2.735,40.329,0.1411,0.0513,1.0015,
17.608,IMU,70.8358,112.6283,91.7321,8.2665,8.9482,119.727,-3.269,-2.737,40.340,0.0249,-0.0269,0.8989,
17.623,ENC,71.0080,112.8124,91.9102,8.6073,9.2039,119.761,-3.269,-2.737,40.340,0.0249,-0.0269,0.8989,
17.629,IMU,71.0080,112.8124,91.9102,8.6073,9.2039,119.761,-3.223,-2.767,40.428,0.0186,-0.0220,1.0542,
17.651,ENC,71.1784,113.0033,92.0908,8.5221,9.5448,119.819,-3.223,-2.767,40.428,0.0186,-0.0220,1.0542,
17.662,IMU,71.1784,113.0033,92.0908,8.5221,9.5448,119.819,-3.284,-2.846,40.488,0.0791,-0.1206,1.0249,
17.664,ENC,71.3403,113.1737,92.2570,8.0960,8.5221,119.844,-3.284,-2.846,40.488,0.0791,-0.1206,1.0249,
17.668,IMU,71.3403,113.1737,92.2570,8.0960,8.5221,119.844,-3.366,-2.828,40.546,0.1318,-0.0405,1.0103,
17.685,ENC,71.5108,113.3646,92.4377,8.5221,9.5448,119.902,-3.366,-2.828,40.546,0.1318,-0.0405,1.0103,
17.688,IMU,71.5108,113.3646,92.4377,8.5221,9.5448,119.902,-3.451,-2.783,40.604,0.1289,-0.0400,0.9067,
17.704,ENC,71.6727,113.5470,92.6098,8.0960,9.1187,119.961,-3.451,-2.783,40.604,0.1289,-0.0400,0.9067,
17.712,IMU,71.6727,113.5470,92.6098,8.0960,9.1187,119.961,-3.377,-2.687,40.630,0.0381,0.0083,1.0063,
17.723,ENC,71.8295,113.7140,92.7717,7.8403,8.3517,119.990,-3.377,-2.687,40.630,0.0381,0.0083,1.0063,
17.727,IMU,71.8295,113.7140,92.7717,7.8403,8.3517,119.990,-3.378,-2.604,40.726,0.0742,-0.0083,0.9849,
17.744,ENC,71.9880,113.8896,92.9388,7.9256,8.7778,120.039,-3.378,-2.604,40.726,0.0742,-0.0083,0.9849,
17.747,IMU,71.9880,113.8896,92.9388,7.9256,8.7778,120.039,-3.434,-2.453,40.775,0.0767,0.0781,0.9219,
17.784,IMU,71.9880,113.8896,92.9388,7.9256,8.7778,120.039,-3.442,-2.387,40.842,0.0815,-0.0234,0.9912,
17.788,IMU,71.9880,113.8896,92.9388,7.9256,8.7778,120.039,-3.515,-2.246,40.889,0.0996,0.0679,0.9805,
17.792,ENC,72.2795,114.2304,93.2550,7.2864,8.5221,120.181,-3.515,-2.246,40.889,0.0996,0.0679,0.9805,
17.814,IMU,72.2795,114.2304,93.2550,7.2864,8.5221,120.181,-3.552,-2.155,40.965,0.0459,0.0283,1.0527,
17.827,IMU,72.2795,114.2304,93.2550,7.2864,8.5221,120.181,-3.485,-2.057,41.035,0.0083,0.0459,1.0117,
17.835,ENC,72.4090,114.3907,93.3998,6.4768,8.0108,120.269,-3.485,-2.057,41.035,0.0083,0.0459,1.0117,
17.837,ENC,72.5351,114.5509,93.5430,6.3064,8.0108,120.366,-3.485,-2.057,41.035,0.0083,0.0459,1.0117,
17.847,ENC,72.6510,114.6889,93.6700,5.7950,6.9029,120.430,-3.485,-2.057,41.035,0.0083,0.0459,1.0117,
17.850,IMU,72.6510,114.6889,93.6700,5.7950,6.9029,120.430,-3.538,-2.057,41.080,0.1221,-0.0015,1.0659,
17.863,ENC,72.7686,114.8372,93.8029,5.8803,7.4142,120.518,-3.538,-2.057,41.080,0.1221,-0.0015,1.0659,
17.868,IMU,72.7686,114.8372,93.8029,5.8803,7.4142,120.518,-3.570,-1.988,41.086,0.1016,0.0000,0.9722,
17.889,IMU,72.7686,114.8372,93.8029,5.8803,7.4142,120.518,-3.539,-1.992,41.163,0.0322,-0.0493,0.9902,
17.891,ENC,72.8897,114.9821,93.9359,6.0507,7.2438,120.586,-3.539,-1.992,41.163,0.0322,-0.0493,0.9902,
17.905,ENC,73.0073,115.1236,94.0654,5.8803,7.0734,120.654,-3.539,-1.992,41.163,0.0322,-0.0493,0.9902,
17.909,IMU,73.0073,115.1236,94.0654,5.8803,7.0734,120.654,-3.571,-2.025,41.141,0.0889,-0.0840,0.9272,
17.926,ENC,73.1112,115.2548,94.1830,5.1985,6.5620,120.732,-3.571,-2.025,41.141,0.0889,-0.0840,0.9272,
17.943,ENC,73.2271,115.3894,94.3083,5.7950,6.7325,120.786,-3.571,-2.025,41.141,0.0889,-0.0840,0.9272,
17.951,IMU,73.2271,115.3894,94.3083,5.7950,6.7325,120.786,-3.531,-1.927,41.077,0.1367,0.0020,0.9624,
17.964,ENC,73.3516,115.5241,94.4378,6.2211,6.7325,120.815,-3.531,-1.927,41.077,0.1367,0.0020,0.9624,
17.975,IMU,73.3516,115.5241,94.4378,6.2211,6.7325,120.815,-3.512,-1.775,41.009,0.0557,0.0752,1.0010,
17.984,ENC,73.4743,115.6417,94.5580,6.1359,5.8803,120.801,-3.512,-1.775,41.009,0.0557,0.0752,1.0010,
17.987,IMU,73.4743,115.6417,94.5580,6.1359,5.8803,120.801,-3.409,-1.703,41.030,-0.0522,0.0308,1.0283,
18.004,ENC,73.5970,115.7695,94.6833,6.1359,6.3916,120.815,-3.409,-1.703,41.030,-0.0522,0.0308,1.0283,
18.008,IMU,73.5970,115.7695,94.6833,6.1359,6.3916,120.815,-3.471,-1.712,41.085,0.1079,-0.0312,0.9863,
18.023,ENC,73.7214,115.9008,94.8111,6.2211,6.5620,120.835,-3.471,-1.712,41.085,0.1079,-0.0312,0.9863,
18.027,IMU,73.7214,115.9008,94.8111,6.2211,6.5620,120.835,-3.573,-1.641,41.137,0.1196,0.0176,0.9619,
18.044,ENC,73.8390,116.0286,94.9338,5.8803,6.3916,120.864,-3.573,-1.641,41.137,0.1196,0.0176,0.9619,
18.048,IMU,73.8390,116.0286,94.9338,5.8803,6.3916,120.864,-3.674,-1.657,41.118,0.1318,-0.0044,0.9902,
18.070,IMU,73.8390,116.0286,94.9338,5.8803,6.3916,120.864,-3.666,-1.758,41.194,0.0327,-0.0889,1.0176,
18.074,ENC,73.9651,116.1650,95.0651,6.3064,6.8177,120.894,-3.666,-1.758,41.194,0.0327,-0.0889,1.0176,
18.083,ENC,74.0930,116.2928,95.1929,6.3916,6.3916,120.894,-3.666,-1.758,41.194,0.0327,-0.0889,1.0176,
18.087,IMU,74.0930,116.2928,95.1929,6.3916,6.3916,120.894,-3.662,-1.752,41.235,0.0518,-0.0142,0.9600,
18.104,ENC,74.2123,116.4326,95.3224,5.9655,6.9881,120.952,-3.662,-1.752,41.235,0.0518,-0.0142,0.9600,
18.108,IMU,74.2123,116.4326,95.3224,5.9655,6.9881,120.952,-3.727,-1.696,41.226,0.1421,0.0264,0.9668,
18.125,ENC,74.3452,116.5519,95.4485,6.6473,5.9655,120.913,-3.727,-1.696,41.226,0.1421,0.0264,0.9668,
18.129,IMU,74.3452,116.5519,95.4485,6.6473,5.9655,120.913,-3.616,-1.694,41.212,0.0020,-0.0229,0.9702,
18.144,ENC,74.4850,116.6831,95.5840,6.9881,6.5620,120.889,-3.616,-1.694,41.212,0.0020,-0.0229,0.9702,
18.149,IMU,74.4850,116.6831,95.5840,6.9881,6.5620,120.889,-3.665,-1.670,41.228,0.1157,0.0352,0.9966,
18.197,IMU,74.4850,116.6831,95.5840,6.9881,6.5620,120.889,-3.654,-1.649,41.204,0.0659,-0.0190,0.9990,
18.199,ENC,74.6316,116.8058,95.7187,7.3290,6.1359,120.820,-3.654,-1.649,41.204,0.0659,-0.0190,0.9990,
18.203,IMU,74.6316,116.8058,95.7187,7.3290,6.1359,120.820,-3.735,-1.681,41.159,0.1167,-0.0449,0.9404,
18.205,ENC,74.7782,116.9371,95.8576,7.3290,6.5620,120.776,-3.735,-1.681,41.159,0.1167,-0.0449,0.9404,
18.206,ENC,74.9162,117.0666,95.9914,6.9029,6.4768,120.752,-3.735,-1.681,41.159,0.1167,-0.0449,0.9404,
18.210,IMU,74.9162,117.0666,95.9914,6.9029,6.4768,120.752,-3.638,-1.686,41.158,-0.0391,-0.0356,1.0581,
18.223,ENC,75.0560,117.1961,96.1261,6.9881,6.4768,120.723,-3.638,-1.686,41.158,-0.0391,-0.0356,1.0581,
18.227,IMU,75.0560,117.1961,96.1261,6.9881,6.4768,120.723,-3.693,-1.726,41.201,0.1172,-0.0317,0.9536,
18.243,ENC,75.2026,117.3410,96.2718,7.3290,7.2438,120.718,-3.693,-1.726,41.201,0.1172,-0.0317,0.9536,
18.247,IMU,75.2026,117.3410,96.2718,7.3290,7.2438,120.718,-3.754,-1.720,41.257,0.1074,-0.0283,0.9727,
18.263,ENC,75.3474,117.4808,96.4141,7.2438,6.9881,120.703,-3.754,-1.720,41.257,0.1074,-0.0283,0.9727,
18.267,IMU,75.3474,117.4808,96.4141,7.2438,6.9881,120.703,-3.754,-1.654,41.188,0.0703,0.0215,1.0176,
18.287,ENC,75.5059,117.6291,96.5675,7.9256,7.4142,120.674,-3.754,-1.654,41.188,0.0703,0.0215,1.0176,
18.304,ENC,75.6662,117.7739,96.7200,8.0108,7.2438,120.630,-3.754,-1.654,41.188,0.0703,0.0215,1.0176,
18.310,IMU,75.6662,117.7739,96.7200,8.0108,7.2438,120.630,-3.844,-1.743,41.129,0.0293,-0.0527,1.0640,
18.323,ENC,75.8179,117.9086,96.8632,7.5847,6.7325,120.581,-3.844,-1.743,41.129,0.0293,-0.0527,1.0640,
18.329,IMU,75.8179,117.9086,96.8632,7.5847,6.7325,120.581,-3.784,-1.668,41.121,0.0142,0.0430,1.0269,
18.343,ENC,75.9747,118.0500,97.0124,7.8403,7.0734,120.537,-3.784,-1.668,41.121,0.0142,0.0430,1.0269,
18.347,IMU,75.9747,118.0500,97.0124,7.8403,7.0734,120.537,-3.811,-1.699,41.079,0.0605,-0.0610,1.0029,
18.364,ENC,76.1298,118.1898,97.1598,7.7551,6.9881,120.493,-3.811,-1.699,41.079,0.0605,-0.0610,1.0029,
18.368,IMU,76.1298,118.1898,97.1598,7.7551,6.9881,120.493,-3.792,-1.754,41.008,0.0815,-0.0293,0.9238,
18.388,ENC,76.2815,118.3262,97.3038,7.5847,6.8177,120.449,-3.792,-1.754,41.008,0.0815,-0.0293,0.9238,
18.404,ENC,76.4280,118.4608,97.4444,7.3290,6.7325,120.415,-3.792,-1.754,41.008,0.0815,-0.0293,0.9238,
18.408,IMU,76.4280,118.4608,97.4444,7.3290,6.7325,120.415,-3.844,-1.875,40.939,0.1123,-0.0469,0.9634,
18.423,ENC,76.5695,118.6006,97.5850,7.0734,6.9881,120.410,-3.844,-1.875,40.939,0.1123,-0.0469,0.9634,
18.430,IMU,76.5695,118.6006,97.5850,7.0734,6.9881,120.410,-3.827,-1.854,40.870,0.0474,-0.0049,1.0674,
18.444,ENC,76.7110,118.7437,97.7274,7.0734,7.1586,120.415,-3.827,-1.854,40.870,0.0474,-0.0049,1.0674,
18.453,IMU,76.7110,118.7437,97.7274,7.0734,7.1586,120.415,-3.824,-1.905,40.823,0.0806,-0.0835,0.9810,
18.464,ENC,76.8576,118.8903,97.8739,7.3290,7.3290,120.415,-3.824,-1.905,40.823,0.0806,-0.0835,0.9810,
18.470,IMU,76.8576,118.8903,97.8739,7.3290,7.3290,120.415,-3.888,-1.897,40.821,0.0898,-0.0083,1.0674,
18.484,ENC,77.0024,119.0352,98.0188,7.2438,7.2438,120.415,-3.888,-1.897,40.821,0.0898,-0.0083,1.0674,
18.488,IMU,77.0024,119.0352,98.0188,7.2438,7.2438,120.415,-3.929,-1.780,40.830,0.0737,0.0693,0.9824,
18.503,ENC,77.1575,119.1903,98.1739,7.7551,7.7551,120.415,-3.929,-1.780,40.830,0.0737,0.0693,0.9824,
18.507,IMU,77.1575,119.1903,98.1739,7.7551,7.7551,120.415,-4.028,-1.685,40.820,0.1523,-0.0122,0.8438,
18.541,IMU,77.1575,119.1903,98.1739,7.7551,7.7551,120.415,-4.074,-1.711,40.888,0.1304,-0.0581,1.0630,
18.548,IMU,77.1575,119.1903,98.1739,7.7551,7.7551,120.415,-4.064,-1.749,40.903,0.0396,-0.0488,1.0493,
18.552,ENC,77.3177,119.3437,98.3307,8.0108,7.6699,120.396,-4.064,-1.749,40.903,0.0396,-0.0488,1.0493,
18.554,ENC,77.4797,119.4869,98.4833,8.0960,7.1586,120.342,-4.064,-1.749,40.903,0.0396,-0.0488,1.0493,
18.566,ENC,77.6484,119.6437,98.6460,8.4369,7.8403,120.308,-4.064,-1.749,40.903,0.0396,-0.0488,1.0493,
18.583,ENC,77.8291,119.8124,98.8207,9.0334,8.4369,120.273,-4.064,-1.749,40.903,0.0396,-0.0488,1.0493,
18.587,IMU,77.8291,119.8124,98.8207,9.0334,8.4369,120.273,-4.186,-1.779,40.750,0.0269,-0.1079,1.0684,
18.609,IMU,77.8291,119.8124,98.8207,9.0334,8.4369,120.273,-4.137,-1.719,40.663,-0.0034,-0.0269,1.0352,
18.627,IMU,77.8291,119.8124,98.8207,9.0334,8.4369,120.273,-4.077,-1.713,40.617,-0.0244,0.0166,1.0083,
18.645,ENC,78.3898,120.3050,99.3474,9.3459,8.2096,120.078,-4.077,-1.713,40.617,-0.0244,0.0166,1.0083,
18.649,IMU,78.3898,120.3050,99.3474,9.3459,8.2096,120.078,-4.123,-1.756,40.582,0.0864,-0.0693,1.0938,
18.666,ENC,78.5841,120.4942,99.5392,9.7152,9.4595,120.063,-4.123,-1.756,40.582,0.0864,-0.0693,1.0938,
18.670,IMU,78.5841,120.4942,99.5392,9.7152,9.4595,120.063,-4.184,-1.761,40.575,0.0801,-0.0366,0.9785,
18.700,ENC,78.7818,120.6715,99.7266,9.8857,8.8630,120.005,-4.184,-1.761,40.575,0.0801,-0.0366,0.9785,
18.704,ENC,78.9949,120.8521,99.9235,10.6526,9.0334,119.912,-4.184,-1.761,40.575,0.0801,-0.0366,0.9785,
18.710,IMU,78.9949,120.8521,99.9235,10.6526,9.0334,119.912,-4.253,-1.749,40.416,0.1113,-0.0952,0.9580,
18.723,ENC,79.2062,121.0226,100.1144,10.5674,8.5221,119.795,-4.253,-1.749,40.416,0.1113,-0.0952,0.9580,
18.728,IMU,79.2062,121.0226,100.1144,10.5674,8.5221,119.795,-4.161,-1.744,40.348,0.0308,-0.0210,1.1201,
18.744,ENC,79.4227,121.2015,100.3121,10.8231,8.9482,119.688,-4.161,-1.744,40.348,0.0308,-0.0210,1.1201,
18.778,IMU,79.4227,121.2015,100.3121,10.8231,8.9482,119.688,-4.250,-1.686,40.189,0.1543,-0.0127,0.8091,
18.780,ENC,79.6392,121.3703,100.5047,10.8231,8.4369,119.551,-4.250,-1.686,40.189,0.1543,-0.0127,0.8091,
18.784,ENC,79.8437,121.5339,100.6888,10.2265,8.1812,119.434,-4.250,-1.686,40.189,0.1543,-0.0127,0.8091,
18.787,IMU,79.8437,121.5339,100.6888,10.2265,8.1812,119.434,-4.207,-1.609,40.081,0.0322,0.0425,1.1245,
18.803,ENC,80.0431,121.6924,100.8678,9.9709,7.9256,119.316,-4.207,-1.609,40.081,0.0322,0.0425,1.1245,
18.809,IMU,80.0431,121.6924,100.8678,9.9709,7.9256,119.316,-4.258,-1.574,39.991,0.1333,-0.0327,0.9253,
18.843,ENC,80.4300,121.9975,101.2138,9.6726,7.6273,119.082,-4.258,-1.574,39.991,0.1333,-0.0327,0.9253,
18.847,IMU,80.4300,121.9975,101.2138,9.6726,7.6273,119.082,-4.326,-1.517,39.833,0.1943,0.0781,0.8008,
18.871,ENC,80.6414,122.1492,101.3953,10.5674,7.5847,118.911,-4.326,-1.517,39.833,0.1943,0.0781,0.8008,
18.884,ENC,80.8442,122.2753,101.5598,10.1413,6.3064,118.691,-4.326,-1.517,39.833,0.1943,0.0781,0.8008,
18.887,IMU,80.8442,122.2753,101.5598,10.1413,6.3064,118.691,-4.372,-1.386,39.573,0.0850,0.1099,1.0059,
18.934,ENC,81.0436,122.3980,101.7208,9.9709,6.1359,118.472,-4.372,-1.386,39.573,0.0850,0.1099,1.0059,
18.938,IMU,81.0436,122.3980,101.7208,9.9709,6.1359,118.472,-4.201,-1.419,39.381,-0.0200,-0.0264,0.8843,
18.940,ENC,81.2584,122.5156,101.8870,10.7379,5.8803,118.193,-4.201,-1.419,39.381,-0.0200,-0.0264,0.8843,
18.944,IMU,81.2584,122.5156,101.8870,10.7379,5.8803,118.193,-4.262,-1.455,39.238,0.0913,-0.0498,0.9551,
18.948,IMU,81.2584,122.5156,101.8870,10.7379,5.8803,118.193,-4.180,-1.425,39.040,0.0391,0.0186,1.0142,
18.968,IMU,81.2584,122.5156,101.8870,10.7379,5.8803,118.193,-4.233,-1.396,38.856,0.1265,-0.0195,1.0010,
18.975,ENC,81.7083,122.7133,102.2108,11.2492,4.9428,117.471,-4.233,-1.396,38.856,0.1265,-0.0195,1.0010,
18.990,IMU,81.7083,122.7133,102.2108,11.2492,4.9428,117.471,-4.297,-1.282,38.660,0.0996,0.0591,0.9131,
19.004,ENC,82.1822,122.8974,102.5398,11.8457,4.6019,116.641,-4.297,-1.282,38.660,0.0996,0.0591,0.9131,
19.008,IMU,82.1822,122.8974,102.5398,11.8457,4.6019,116.641,-4.336,-1.218,38.450,0.0928,0.0244,1.0049,
19.029,IMU,82.1822,122.8974,102.5398,11.8457,4.6019,116.641,-4.387,-1.191,38.238,0.1235,0.0264,0.9375,
19.053,IMU,82.1822,122.8974,102.5398,11.8457,4.6019,116.641,-4.422,-1.057,37.980,0.1240,0.0996,0.9941,
19.063,ENC,82.6492,123.0628,102.8560,11.6753,4.1332,115.776,-4.422,-1.057,37.980,0.1240,0.0996,0.9941,
19.065,ENC,82.8725,123.1292,103.0008,11.1640,3.3236,115.327,-4.422,-1.057,37.980,0.1240,0.0996,0.9941,
19.071,IMU,82.8725,123.1292,103.0008,11.1640,3.3236,115.327,-4.418,-1.069,37.697,0.0532,0.0435,0.9692,
19.087,IMU,82.8725,123.1292,103.0008,11.1640,3.3236,115.327,-4.391,-1.010,37.375,0.0669,0.0776,0.9941,
19.103,ENC,83.3224,123.2349,103.2787,11.2492,2.6419,114.341,-4.391,-1.010,37.375,0.0669,0.0776,0.9941,
19.114,IMU,83.3224,123.2349,103.2787,11.2492,2.6419,114.341,-4.350,-1.077,37.088,0.0737,-0.0088,0.9395,
19.128,IMU,83.3224,123.2349,103.2787,11.2492,2.6419,114.341,-4.368,-1.056,36.751,0.0957,0.0527,1.0435,
19.150,IMU,83.3224,123.2349,103.2787,11.2492,2.6419,114.341,-4.300,-1.054,36.407,0.0513,0.0161,0.8823,
19.168,IMU,83.3224,123.2349,103.2787,11.2492,2.6419,114.341,-4.270,-1.058,36.083,0.0337,-0.0024,1.1045,
19.188,IMU,83.3224,123.2349,103.2787,11.2492,2.6419,114.341,-4.311,-1.128,35.772,0.1157,-0.0518,1.0034,
19.226,IMU,83.3224,123.2349,103.2787,11.2492,2.6419,114.341,-4.290,-1.252,35.425,0.0420,-0.1411,1.1606,
19.229,IMU,83.3224,123.2349,103.2787,11.2492,2.6419,114.341,-4.242,-1.319,35.098,0.0288,-0.0381,0.9077,
19.234,ENC,84.4116,123.4565,103.9340,10.8913,2.2158,111.855,-4.242,-1.319,35.098,0.0288,-0.0381,0.9077,
19.238,ENC,84.6297,123.4974,104.0636,10.9083,2.0453,111.348,-4.242,-1.319,35.098,0.0288,-0.0381,0.9077,
19.243,ENC,84.8547,123.5434,104.1991,11.2492,2.3010,110.835,-4.242,-1.319,35.098,0.0288,-0.0381,0.9077,
19.251,IMU,84.8547,123.5434,104.1991,11.2492,2.3010,110.835,-4.174,-1.399,34.735,0.0571,-0.0669,0.9624,
19.267,IMU,84.8547,123.5434,104.1991,11.2492,2.3010,110.835,-4.184,-1.318,34.425,0.0742,0.0356,0.9585,
19.286,ENC,85.2961,123.6423,104.4692,11.0361,2.4714,109.854,-4.184,-1.318,34.425,0.0742,0.0356,0.9585,
19.289,IMU,85.2961,123.6423,104.4692,11.0361,2.4714,109.854,-4.189,-1.301,34.149,0.0430,0.0225,1.0225,
19.305,ENC,85.5160,123.6917,104.6039,10.9935,2.4714,109.365,-4.189,-1.301,34.149,0.0430,0.0225,1.0225,
19.310,IMU,85.5160,123.6917,104.6039,10.9935,2.4714,109.365,-4.176,-1.334,33.875,0.0522,-0.0220,0.8701,
19.323,ENC,85.7376,123.7241,104.7308,11.0788,1.6192,108.823,-4.176,-1.334,33.875,0.0522,-0.0220,0.8701,
19.330,IMU,85.7376,123.7241,104.7308,11.0788,1.6192,108.823,-4.083,-1.336,33.573,0.0435,0.0347,1.0396,
19.343,ENC,85.9660,123.7752,104.8706,11.4196,2.5566,108.315,-4.083,-1.336,33.573,0.0435,0.0347,1.0396,
19.347,IMU,85.9660,123.7752,104.8706,11.4196,2.5566,108.315,-4.088,-1.145,33.296,0.0552,0.1348,0.9980,
19.364,ENC,86.1927,123.8229,105.0078,11.3344,2.3862,107.803,-4.088,-1.145,33.296,0.0552,0.1348,0.9980,
19.368,IMU,86.1927,123.8229,105.0078,11.3344,2.3862,107.803,-4.048,-1.162,32.992,0.0469,-0.0132,1.0527,
19.392,IMU,86.1927,123.8229,105.0078,11.3344,2.3862,107.803,-4.160,-1.175,32.699,0.1348,-0.0029,1.0132,
19.404,ENC,86.6239,123.9286,105.2762,10.7805,2.6419,106.870,-4.160,-1.175,32.699,0.1348,-0.0029,1.0132,
19.408,IMU,86.6239,123.9286,105.2762,10.7805,2.6419,106.870,-4.200,-1.185,32.365,0.1206,-0.0176,0.8247,
19.428,IMU,86.6239,123.9286,105.2762,10.7805,2.6419,106.870,-4.206,-1.167,32.078,0.0415,-0.0107,1.0093,
19.447,IMU,86.6239,123.9286,105.2762,10.7805,2.6419,106.870,-4.204,-1.157,31.854,0.0654,-0.0127,1.0254,
19.449,ENC,86.8301,123.9763,105.4032,10.3118,2.3862,106.416,-4.204,-1.157,31.854,0.0654,-0.0127,1.0254,
19.451,ENC,87.0193,124.0258,105.5225,9.4595,2.4714,106.016,-4.204,-1.157,31.854,0.0654,-0.0127,1.0254,
19.475,IMU,87.0193,124.0258,105.5225,9.4595,2.4714,106.016,-4.159,-1.166,31.591,0.0371,0.0337,0.9321,
19.491,IMU,87.0193,124.0258,105.5225,9.4595,2.4714,106.016,-4.187,-1.336,31.288,0.0552,-0.1836,1.1538,
19.507,IMU,87.0193,124.0258,105.5225,9.4595,2.4714,106.016,-4.214,-1.281,30.989,0.0859,0.0122,0.9272,
19.524,ENC,87.8017,124.2388,106.0202,9.7791,2.6632,104.385,-4.214,-1.281,30.989,0.0859,0.0122,0.9272,
19.528,IMU,87.8017,124.2388,106.0202,9.7791,2.6632,104.385,-4.174,-1.262,30.681,-0.0010,0.0005,1.0801,
19.575,IMU,87.8017,124.2388,106.0202,9.7791,2.6632,104.385,-4.351,-1.367,30.383,0.2251,-0.0591,0.9023,
19.577,ENC,88.0062,124.2882,106.1472,10.2265,2.4714,103.940,-4.351,-1.367,30.383,0.2251,-0.0591,0.9023,
19.580,IMU,88.0062,124.2882,106.1472,10.2265,2.4714,103.940,-4.364,-1.455,30.088,0.0918,-0.0371,0.9180,
19.582,ENC,88.2380,124.3377,106.2878,11.5901,2.4714,103.418,-4.364,-1.455,30.088,0.0918,-0.0371,0.9180,
19.597,ENC,88.4579,124.3837,106.4208,10.9935,2.3010,102.920,-4.364,-1.455,30.088,0.0918,-0.0371,0.9180,
19.607,IMU,88.4579,124.3837,106.4208,10.9935,2.3010,102.920,-4.531,-1.347,29.458,0.1875,0.0171,0.8989,
19.628,IMU,88.4579,124.3837,106.4208,10.9935,2.3010,102.920,-4.368,-1.355,29.119,-0.0713,-0.0078,1.0654,
19.662,IMU,88.4579,124.3837,106.4208,10.9935,2.3010,102.920,-4.481,-1.407,28.807,0.1675,-0.0044,0.8672,
19.664,ENC,89.3527,124.5422,106.9474,11.1853,1.9814,100.811,-4.481,-1.407,28.807,0.1675,-0.0044,0.8672,
19.668,IMU,89.3527,124.5422,106.9474,11.1853,1.9814,100.811,-4.513,-1.388,28.517,0.0938,-0.0200,0.9512,
19.690,IMU,89.3527,124.5422,106.9474,11.1853,1.9814,100.811,-4.435,-1.363,28.203,0.0166,0.0137,0.9263,
19.698,ENC,89.5777,124.5933,107.0855,11.2492,2.5566,100.312,-4.435,-1.363,28.203,0.0166,0.0137,0.9263,
19.704,ENC,89.7941,124.6462,107.2201,10.8231,2.6419,99.844,-4.435,-1.363,28.203,0.0166,0.0137,0.9263,
19.707,IMU,89.7941,124.6462,107.2201,10.8231,2.6419,99.844,-4.443,-1.330,27.980,0.0547,0.0210,1.0244,
19.725,ENC,90.0123,124.7007,107.3565,10.9083,2.7271,99.375,-4.443,-1.330,27.980,0.0547,0.0210,1.0244,
19.728,IMU,90.0123,124.7007,107.3565,10.9083,2.7271,99.375,-4.647,-1.259,27.772,0.2231,0.0552,0.8896,
19.743,ENC,90.2185,124.7552,107.4869,10.3118,2.7271,98.940,-4.647,-1.259,27.772,0.2231,0.0552,0.8896,
19.747,IMU,90.2185,124.7552,107.4869,10.3118,2.7271,98.940,-4.758,-1.168,27.529,0.1812,0.0601,0.8989,
19.764,ENC,90.4196,124.8183,107.6190,10.0561,3.1532,98.545,-4.758,-1.168,27.529,0.1812,0.0601,0.8989,
19.768,IMU,90.4196,124.8183,107.6190,10.0561,3.1532,98.545,-4.600,-1.232,27.280,-0.0996,-0.0815,1.0454,
19.788,IMU,90.4196,124.8183,107.6190,10.0561,3.1532,98.545,-4.548,-1.345,27.023,0.0586,-0.0981,0.8262,
19.827,ENC,91.0077,125.0263,108.0170,9.8004,3.4657,97.456,-4.548,-1.345,27.023,0.0586,-0.0981,0.8262,
19.835,IMU,91.0077,125.0263,108.0170,9.8004,3.4657,97.456,-4.565,-1.252,26.780,0.0356,0.0918,1.0723,
19.838,IMU,91.0077,125.0263,108.0170,9.8004,3.4657,97.456,-4.536,-1.160,26.547,0.0493,0.0420,0.9375,
19.849,IMU,91.0077,125.0263,108.0170,9.8004,3.4657,97.456,-4.511,-1.085,26.329,0.0864,0.0376,0.9717,
19.868,IMU,91.0077,125.0263,108.0170,9.8004,3.4657,97.456,-4.500,-1.190,26.125,0.1006,-0.0811,0.9937,
19.869,ENC,91.4150,125.1848,108.2999,10.1839,3.9628,96.743,-4.500,-1.190,26.125,0.1006,-0.0811,0.9937,
19.888,IMU,91.4150,125.1848,108.2999,10.1839,3.9628,96.743,-4.660,-1.172,25.911,0.2109,0.0215,1.0010,
19.904,ENC,91.8326,125.3484,108.5905,10.4396,4.0906,96.016,-4.660,-1.172,25.911,0.2109,0.0215,1.0010,
19.908,IMU,91.8326,125.3484,108.5905,10.4396,4.0906,96.016,-4.637,-1.261,25.693,-0.0488,-0.0757,1.1113,
19.923,ENC,92.0423,125.4302,108.7362,10.4822,4.0906,95.649,-4.637,-1.261,25.693,-0.0488,-0.0757,1.1113,
19.928,IMU,92.0423,125.4302,108.7362,10.4822,4.0906,95.649,-4.589,-1.370,25.450,0.0093,-0.0923,0.9526,
19.952,IMU,92.0423,125.4302,108.7362,10.4822,4.0906,95.649,-4.653,-1.345,25.275,0.0410,0.0288,1.0381,
19.967,IMU,92.0423,125.4302,108.7362,10.4822,4.0906,95.649,-4.677,-1.387,25.124,0.0332,-0.0405,1.0269,
19.969,ENC,92.2519,125.5239,108.8879,10.4822,4.6872,95.317,-4.677,-1.387,25.124,0.0332,-0.0405,1.0269,
19.971,ENC,92.4615,125.6245,109.0430,10.4822,5.0280,95.005,-4.677,-1.387,25.124,0.0332,-0.0405,1.0269,
19.984,ENC,92.6712,125.7234,109.1973,10.4822,4.9428,94.688,-4.677,-1.387,25.124,0.0332,-0.0405,1.0269,
20.004,ENC,92.8859,125.8376,109.3618,10.7379,5.7098,94.399,-4.677,-1.387,25.124,0.0332,-0.0405,1.0269,
20.008,IMU,92.8859,125.8376,109.3618,10.7379,5.7098,94.399,-4.670,-1.560,24.722,-0.0171,-0.1538,1.1104,
20.023,ENC,93.0990,125.9552,109.5271,10.6526,5.8803,94.126,-4.670,-1.560,24.722,-0.0171,-0.1538,1.1104,
20.027,IMU,93.0990,125.9552,109.5271,10.6526,5.8803,94.126,-4.676,-1.473,24.558,0.0796,0.0586,1.0923,
20.051,IMU,93.0990,125.9552,109.5271,10.6526,5.8803,94.126,-4.685,-1.475,24.428,0.0430,-0.0288,1.0122,
20.059,ENC,93.3103,126.0762,109.6933,10.5674,6.0507,93.867,-4.685,-1.475,24.428,0.0430,-0.0288,1.0122,
20.063,ENC,93.5166,126.1921,109.8543,10.3118,5.7950,93.608,-4.685,-1.475,24.428,0.0430,-0.0288,1.0122,
20.083,ENC,93.7211,126.3046,110.0128,10.2265,5.6246,93.345,-4.685,-1.475,24.428,0.0430,-0.0288,1.0122,
20.101,IMU,93.7211,126.3046,110.0128,10.2265,5.6246,93.345,-4.712,-1.626,24.293,0.0547,-0.1333,1.0503,
20.104,IMU,93.7211,126.3046,110.0128,10.2265,5.6246,93.345,-4.744,-1.607,24.182,0.1182,0.0112,0.9351,
20.108,ENC,93.9222,126.4307,110.1765,10.0561,6.3064,93.130,-4.744,-1.607,24.182,0.1182,0.0112,0.9351,
20.129,IMU,93.9222,126.4307,110.1765,10.0561,6.3064,93.130,-4.772,-1.614,24.005,0.1377,0.0635,0.9575,
20.168,IMU,93.9222,126.4307,110.1765,10.0561,6.3064,93.130,-4.771,-1.670,23.756,0.1309,-0.1094,0.9512,
20.183,ENC,94.6909,126.9403,110.8156,9.6087,6.3703,92.388,-4.771,-1.670,23.756,0.1309,-0.1094,0.9512,
20.189,IMU,94.6909,126.9403,110.8156,9.6087,6.3703,92.388,-4.904,-1.624,23.635,0.1914,-0.0010,0.9067,
20.223,ENC,94.8955,127.0664,110.9810,10.2265,6.3064,92.163,-4.904,-1.624,23.635,0.1914,-0.0010,0.9067,
20.227,IMU,94.8955,127.0664,110.9810,10.2265,6.3064,92.163,-4.856,-1.685,23.481,0.0576,-0.0806,1.0049,
20.229,ENC,95.1153,127.2130,111.1642,10.9935,7.3290,91.953,-4.856,-1.685,23.481,0.0576,-0.0806,1.0049,
20.233,IMU,95.1153,127.2130,111.1642,10.9935,7.3290,91.953,-4.839,-1.805,23.339,0.1230,-0.1035,0.9941,
20.253,IMU,95.1153,127.2130,111.1642,10.9935,7.3290,91.953,-4.846,-1.801,23.222,0.0825,-0.0029,0.9683,
20.255,ENC,95.3437,127.3340,111.3389,11.4196,6.0507,91.646,-4.846,-1.801,23.222,0.0825,-0.0029,0.9683,
20.263,ENC,95.5585,127.4653,111.5119,10.7379,6.5620,91.406,-4.846,-1.801,23.222,0.0825,-0.0029,0.9683,
20.267,IMU,95.5585,127.4653,111.5119,10.7379,6.5620,91.406,-4.752,-1.764,23.020,0.0454,0.0093,1.0034,
20.284,ENC,95.7766,127.6050,111.6908,10.9083,6.9881,91.182,-4.752,-1.764,23.020,0.0454,0.0093,1.0034,
20.288,IMU,95.7766,127.6050,111.6908,10.9083,6.9881,91.182,-4.578,-1.816,22.835,-0.0396,-0.0659,0.9678,
20.304,ENC,95.9999,127.7380,111.8690,11.1640,6.6473,90.923,-4.578,-1.816,22.835,-0.0396,-0.0659,0.9678,
20.308,IMU,95.9999,127.7380,111.8690,11.1640,6.6473,90.923,-4.468,-1.879,22.664,0.0024,-0.0342,1.0352,
20.331,IMU,95.9999,127.7380,111.8690,11.1640,6.6473,90.923,-4.386,-1.839,22.524,-0.0024,-0.0093,1.0786,
20.341,ENC,96.2368,127.8846,112.0607,11.8457,7.3290,90.664,-4.386,-1.839,22.524,-0.0024,-0.0093,1.0786,
20.344,ENC,96.4738,128.0363,112.2550,11.8457,7.5847,90.420,-4.386,-1.839,22.524,-0.0024,-0.0093,1.0786,
20.347,IMU,96.4738,128.0363,112.2550,11.8457,7.5847,90.420,-4.340,-1.787,22.398,0.0918,0.0186,1.0142,
20.364,ENC,96.6970,128.1828,112.4399,11.1640,7.3290,90.200,-4.340,-1.787,22.398,0.0918,0.0186,1.0142,
20.368,IMU,96.6970,128.1828,112.4399,11.1640,7.3290,90.200,-4.321,-1.853,22.251,-0.0205,-0.0703,1.2061,
20.383,ENC,96.9152,128.3226,112.6189,10.9083,6.9881,89.976,-4.321,-1.853,22.251,-0.0205,-0.0703,1.2061,
20.409,ENC,97.1300,128.4743,112.8021,10.7379,7.5847,89.795,-4.321,-1.853,22.251,-0.0205,-0.0703,1.2061,
20.424,ENC,97.3311,128.6175,112.9743,10.0561,7.1586,89.629,-4.321,-1.853,22.251,-0.0205,-0.0703,1.2061,
20.427,IMU,97.3311,128.6175,112.9743,10.0561,7.1586,89.629,-4.436,-1.790,21.847,0.0688,-0.0093,1.0615,
20.443,ENC,97.5203,128.7675,113.1439,9.4595,7.4995,89.517,-4.436,-1.790,21.847,0.0688,-0.0093,1.0615,
20.447,IMU,97.5203,128.7675,113.1439,9.4595,7.4995,89.517,-4.341,-1.722,21.757,0.0112,0.0356,0.9482,
20.463,ENC,97.7146,128.9192,113.3169,9.7152,7.5847,89.395,-4.341,-1.722,21.757,0.0112,0.0356,0.9482,
20.467,IMU,97.7146,128.9192,113.3169,9.7152,7.5847,89.395,-4.415,-1.811,21.731,0.1162,-0.0767,0.9697,
20.484,ENC,97.8918,129.0845,113.4882,8.8630,8.2665,89.360,-4.415,-1.811,21.731,0.1162,-0.0767,0.9697,
20.488,IMU,97.8918,129.0845,113.4882,8.8630,8.2665,89.360,-4.356,-1.754,21.788,-0.0020,-0.0288,1.0200,
20.504,ENC,98.0691,129.2583,113.6637,8.8630,8.6926,89.351,-4.356,-1.754,21.788,-0.0020,-0.0288,1.0200,
20.513,IMU,98.0691,129.2583,113.6637,8.8630,8.6926,89.351,-4.480,-1.752,21.858,0.1665,-0.0312,0.8320,
20.523,ENC,98.2378,129.4424,113.8401,8.4369,9.2039,89.395,-4.480,-1.752,21.858,0.1665,-0.0312,0.8320,
20.527,IMU,98.2378,129.4424,113.8401,8.4369,9.2039,89.395,-4.360,-1.734,21.924,0.0244,-0.0073,0.9824,
20.587,IMU,98.2378,129.4424,113.8401,8.4369,9.2039,89.395,-4.422,-1.576,22.276,0.0762,0.0439,0.8809,
20.598,ENC,98.7168,129.9725,114.3446,7.9824,8.8346,89.541,-4.422,-1.576,22.276,0.0762,0.0439,0.8809,
20.605,ENC,98.8685,130.1600,114.5142,7.5847,9.3743,89.644,-4.422,-1.576,22.276,0.0762,0.0439,0.8809,
20.643,ENC,99.1548,130.5060,114.8304,7.1586,8.6499,89.814,-4.422,-1.576,22.276,0.0762,0.0439,0.8809,
20.649,IMU,99.1548,130.5060,114.8304,7.1586,8.6499,89.814,-4.530,-1.394,22.525,0.0850,0.0303,1.0693,
20.663,ENC,99.2946,130.6696,114.9821,6.9881,8.1812,89.883,-4.530,-1.394,22.525,0.0850,0.0303,1.0693,
20.667,IMU,99.2946,130.6696,114.9821,6.9881,8.1812,89.883,-4.500,-1.332,22.614,0.0620,0.0239,0.9424,
20.695,IMU,99.2946,130.6696,114.9821,6.9881,8.1812,89.883,-4.440,-1.228,22.700,0.0752,0.0742,1.0054,
20.697,ENC,99.4241,130.8400,115.1321,6.4768,8.5221,90.000,-4.440,-1.228,22.700,0.0752,0.0742,1.0054,
20.705,ENC,99.5519,130.9934,115.2727,6.3916,7.6699,90.073,-4.440,-1.228,22.700,0.0752,0.0742,1.0054,
20.724,ENC,99.6883,131.1468,115.4176,6.8177,7.6699,90.122,-4.440,-1.228,22.700,0.0752,0.0742,1.0054,
20.732,IMU,99.6883,131.1468,115.4176,6.8177,7.6699,90.122,-4.425,-1.338,22.828,0.0137,-0.0498,0.9531,
20.743,ENC,99.8332,131.3156,115.5744,7.2438,8.4369,90.190,-4.425,-1.338,22.828,0.0137,-0.0498,0.9531,
20.748,IMU,99.8332,131.3156,115.5744,7.2438,8.4369,90.190,-4.302,-1.490,22.948,-0.0542,-0.0859,1.1006,
20.763,ENC,99.9644,131.4945,115.7295,6.5620,8.9482,90.327,-4.302,-1.490,22.948,-0.0542,-0.0859,1.1006,
20.768,IMU,99.9644,131.4945,115.7295,6.5620,8.9482,90.327,-4.323,-1.455,23.010,0.1060,-0.0322,1.0918,
20.783,ENC,100.0974,131.6786,115.8880,6.6473,9.2039,90.474,-4.323,-1.455,23.010,0.1060,-0.0322,1.0918,
20.787,IMU,100.0974,131.6786,115.8880,6.6473,9.2039,90.474,-4.268,-1.561,23.126,0.0098,-0.1191,1.0044,
20.803,ENC,100.2252,131.8695,116.0474,6.3916,9.5448,90.654,-4.268,-1.561,23.126,0.0098,-0.1191,1.0044,
20.825,ENC,100.3343,132.0502,116.1922,5.4542,9.0334,90.859,-4.268,-1.561,23.126,0.0098,-0.1191,1.0044,
20.834,IMU,100.3343,132.0502,116.1922,5.4542,9.0334,90.859,-4.267,-1.503,23.302,0.0508,0.0107,0.9937,
20.838,IMU,100.3343,132.0502,116.1922,5.4542,9.0334,90.859,-4.323,-1.403,23.509,0.1055,0.0225,0.9536,
20.848,IMU,100.3343,132.0502,116.1922,5.4542,9.0334,90.859,-4.420,-1.458,23.641,0.1270,-0.0571,1.0166,
20.850,ENC,100.4519,132.2257,116.3388,5.8803,8.7778,91.025,-4.420,-1.458,23.641,0.1270,-0.0571,1.0166,
20.873,ENC,100.5763,132.4064,116.4914,6.2211,9.0334,91.187,-4.420,-1.458,23.641,0.1270,-0.0571,1.0166,
20.878,IMU,100.5763,132.4064,116.4914,6.2211,9.0334,91.187,-4.456,-1.576,23.676,0.1074,-0.1387,1.0732,
20.884,ENC,100.7058,132.5700,116.6379,6.4768,8.1812,91.284,-4.456,-1.576,23.676,0.1074,-0.1387,1.0732,
20.888,IMU,100.7058,132.5700,116.6379,6.4768,8.1812,91.284,-4.273,-1.571,23.694,-0.1182,-0.0513,1.0752,
20.904,ENC,100.8473,132.7422,116.7947,7.0734,8.6073,91.372,-4.273,-1.571,23.694,-0.1182,-0.0513,1.0752,
20.907,IMU,100.8473,132.7422,116.7947,7.0734,8.6073,91.372,-4.380,-1.474,23.747,0.1523,0.0459,0.9312,
20.927,ENC,100.9734,132.9092,116.9413,6.3064,8.3517,91.489,-4.380,-1.474,23.747,0.1523,0.0459,0.9312,
20.937,IMU,100.9734,132.9092,116.9413,6.3064,8.3517,91.489,-4.326,-1.473,23.841,-0.0068,-0.0332,0.9575,
20.943,ENC,101.1047,133.0779,117.0913,6.5620,8.4369,91.597,-4.326,-1.473,23.841,-0.0068,-0.0332,0.9575,
20.948,IMU,101.1047,133.0779,117.0913,6.5620,8.4369,91.597,-4.352,-1.488,23.942,0.1069,-0.0640,0.8931,
20.963,ENC,101.2444,133.2569,117.2507,6.9881,8.9482,91.709,-4.352,-1.488,23.942,0.1069,-0.0640,0.8931,
20.967,IMU,101.2444,133.2569,117.2507,6.9881,8.9482,91.709,-4.341,-1.527,23.968,0.0386,-0.0679,1.0093,
20.983,ENC,101.3876,133.4239,117.4058,7.1586,8.3517,91.777,-4.341,-1.527,23.968,0.0386,-0.0679,1.0093,
21.003,ENC,101.5342,133.5995,117.5668,7.3290,8.7778,91.860,-4.341,-1.527,23.968,0.0386,-0.0679,1.0093,
21.010,IMU,101.5342,133.5995,117.5668,7.3290,8.7778,91.860,-4.251,-1.430,24.023,-0.0161,0.0347,0.9614,
21.013,IMU,101.5342,133.5995,117.5668,7.3290,8.7778,91.860,-4.094,-1.428,24.073,-0.0615,-0.0498,0.9395,
21.025,ENC,101.6842,133.7870,117.7356,7.4995,9.3743,91.968,-4.094,-1.428,24.073,-0.0615,-0.0498,0.9395,
21.029,IMU,101.6842,133.7870,117.7356,7.4995,9.3743,91.968,-4.038,-1.320,24.107,-0.0063,0.0376,1.0913,
21.044,ENC,101.8325,133.9762,117.9043,7.4142,9.4595,92.085,-4.038,-1.320,24.107,-0.0063,0.0376,1.0913,
21.049,IMU,101.8325,133.9762,117.9043,7.4142,9.4595,92.085,-4.099,-1.213,24.208,0.1016,0.0591,0.8467,
21.068,IMU,101.8325,133.9762,117.9043,7.4142,9.4595,92.085,-4.119,-1.056,24.270,0.0835,0.0361,0.8623,
21.069,ENC,101.9859,134.1705,118.0782,7.6699,9.7152,92.202,-4.119,-1.056,24.270,0.0835,0.0361,0.8623,
21.110,ENC,102.1307,134.3597,118.2452,7.2438,9.4595,92.329,-4.119,-1.056,24.270,0.0835,0.0361,0.8623,
21.114,IMU,102.1307,134.3597,118.2452,7.2438,9.4595,92.329,-4.209,-1.029,24.386,0.1499,-0.0142,1.0205,
21.120,IMU,102.1307,134.3597,118.2452,7.2438,9.4595,92.329,-4.153,-1.087,24.490,0.0493,-0.0825,1.1050,
21.143,ENC,102.4256,134.7415,118.5835,7.3716,9.5448,92.578,-4.153,-1.087,24.490,0.0493,-0.0825,1.1050,
21.145,ENC,102.5620,134.9477,118.7548,6.8177,10.3118,92.778,-4.153,-1.087,24.490,0.0493,-0.0825,1.1050,
21.149,IMU,102.5620,134.9477,118.7548,6.8177,10.3118,92.778,-4.214,-0.860,24.766,0.0684,0.1221,0.8677,
21.167,IMU,102.5620,134.9477,118.7548,6.8177,10.3118,92.778,-4.142,-0.861,24.907,0.0093,-0.0488,1.0894,
21.184,ENC,102.8244,135.3585,119.0915,6.5620,10.2691,93.203,-4.142,-0.861,24.907,0.0093,-0.0488,1.0894,
21.189,IMU,102.8244,135.3585,119.0915,6.5620,10.2691,93.203,-4.055,-0.771,25.119,-0.0142,0.0249,0.9863,
21.237,IMU,102.8244,135.3585,119.0915,6.5620,10.2691,93.203,-3.968,-0.672,25.489,-0.0684,0.0557,1.0752,
21.245,ENC,103.1892,135.9942,119.5917,6.0791,10.5958,93.979,-3.968,-0.672,25.489,-0.0684,0.0557,1.0752,
21.249,IMU,103.1892,135.9942,119.5917,6.0791,10.5958,93.979,-3.929,-0.599,25.725,0.0303,0.0117,0.9990,
21.263,ENC,103.3102,136.2022,119.7562,6.0507,10.3970,94.229,-3.929,-0.599,25.725,0.0303,0.0117,0.9990,
21.268,IMU,103.3102,136.2022,119.7562,6.0507,10.3970,94.229,-3.927,-0.689,25.939,0.0908,-0.1333,1.0479,
21.289,IMU,103.3102,136.2022,119.7562,6.0507,10.3970,94.229,-3.960,-0.643,26.147,0.0864,-0.0117,0.9502,
21.303,ENC,103.5437,136.6129,120.0783,5.8376,10.2691,94.736,-3.960,-0.643,26.147,0.0864,-0.0117,0.9502,
21.307,IMU,103.5437,136.6129,120.0783,5.8376,10.2691,94.736,-4.025,-0.690,26.312,0.1074,-0.1162,0.9526,
21.323,ENC,103.6613,136.8106,120.2360,5.8803,9.8857,94.966,-4.025,-0.690,26.312,0.1074,-0.1162,0.9526,
21.330,IMU,103.6613,136.8106,120.2360,5.8803,9.8857,94.966,-4.135,-0.505,26.499,0.1782,0.1348,0.8999,
21.343,ENC,103.7738,137.0066,120.3902,5.6246,9.8004,95.205,-4.135,-0.505,26.499,0.1782,0.1348,0.8999,
21.351,IMU,103.7738,137.0066,120.3902,5.6246,9.8004,95.205,-4.181,-0.475,26.690,0.0781,-0.0098,1.0806,
21.363,ENC,103.8897,137.2095,120.5496,5.7950,10.1413,95.454,-4.181,-0.475,26.690,0.0781,-0.0098,1.0806,
21.367,IMU,103.8897,137.2095,120.5496,5.7950,10.1413,95.454,-4.168,-0.511,26.889,0.0864,-0.0317,0.9639,
21.387,ENC,104.0039,137.4208,120.7124,5.7098,10.5674,95.732,-4.168,-0.511,26.889,0.0864,-0.0317,0.9639,
21.404,ENC,104.1079,137.6322,120.8700,5.1985,10.5674,96.040,-4.168,-0.511,26.889,0.0864,-0.0317,0.9639,
21.407,IMU,104.1079,137.6322,120.8700,5.1985,10.5674,96.040,-4.112,-0.257,27.181,-0.0347,0.0723,1.0771,
21.424,ENC,104.2170,137.8401,121.0285,5.4542,10.3970,96.323,-4.112,-0.257,27.181,-0.0347,0.0723,1.0771,
21.428,IMU,104.2170,137.8401,121.0285,5.4542,10.3970,96.323,-4.147,-0.400,27.376,0.1362,-0.1489,1.0518,
21.443,ENC,104.3243,138.0412,121.1828,5.3689,10.0561,96.592,-4.147,-0.400,27.376,0.1362,-0.1489,1.0518,
21.448,IMU,104.3243,138.0412,121.1828,5.3689,10.0561,96.592,-4.187,-0.169,27.645,0.1401,0.1470,0.8613,
21.464,ENC,104.4198,138.2458,121.3328,4.7724,10.2265,96.904,-4.187,-0.169,27.645,0.1401,0.1470,0.8613,
21.469,IMU,104.4198,138.2458,121.3328,4.7724,10.2265,96.904,-4.235,-0.140,27.864,0.1509,0.0259,0.9941,
21.484,ENC,104.5220,138.4707,121.4964,5.1133,11.2492,97.256,-4.235,-0.140,27.864,0.1509,0.0259,0.9941,
21.488,IMU,104.5220,138.4707,121.4964,5.1133,11.2492,97.256,-4.334,0.012,28.087,0.1719,0.1167,0.9517,
21.505,ENC,104.6209,138.6940,121.6575,4.9428,11.1640,97.612,-4.334,0.012,28.087,0.1719,0.1167,0.9517,
21.508,IMU,104.6209,138.6940,121.6575,4.9428,11.1640,97.612,-4.337,0.183,28.287,0.0879,0.1128,0.8853,
21.524,ENC,104.7198,138.9054,121.8126,4.9428,10.5674,97.935,-4.337,0.183,28.287,0.0879,0.1128,0.8853,
21.528,IMU,104.7198,138.9054,121.8126,4.9428,10.5674,97.935,-4.383,0.225,28.522,0.1123,0.0112,1.0054,
21.544,ENC,104.8220,139.1150,121.9685,5.1133,10.4822,98.242,-4.383,0.225,28.522,0.1123,0.0112,1.0054,
21.548,IMU,104.8220,139.1150,121.9685,5.1133,10.4822,98.242,-4.337,0.222,28.759,0.0044,-0.0127,1.0513,
21.563,ENC,104.9226,139.3349,122.1287,5.0280,10.9935,98.584,-4.337,0.222,28.759,0.0044,-0.0127,1.0513,
21.570,IMU,104.9226,139.3349,122.1287,5.0280,10.9935,98.584,-4.262,0.207,28.945,0.0151,-0.0391,1.1211,
21.585,ENC,105.0214,139.5360,122.2787,4.9428,10.0561,98.877,-4.262,0.207,28.945,0.0151,-0.0391,1.1211,
21.604,ENC,105.1237,139.7422,122.4330,5.1133,10.3118,99.175,-4.262,0.207,28.945,0.0151,-0.0391,1.1211,
21.607,IMU,105.1237,139.7422,122.4330,5.1133,10.3118,99.175,-4.240,0.162,29.164,0.0293,-0.0566,1.0034,
21.611,IMU,105.1237,139.7422,122.4330,5.1133,10.3118,99.175,-4.255,0.189,29.389,0.0923,-0.0166,0.9712,
21.625,ENC,105.2260,139.9417,122.5838,5.1133,9.9709,99.453,-4.255,0.189,29.389,0.0923,-0.0166,0.9712,
21.628,IMU,105.2260,139.9417,122.5838,5.1133,9.9709,99.453,-4.274,0.177,29.595,0.0742,-0.0200,1.0752,
21.644,ENC,105.3333,140.1598,122.7466,5.3689,10.9083,99.771,-4.274,0.177,29.595,0.0742,-0.0200,1.0752,
21.651,IMU,105.3333,140.1598,122.7466,5.3689,10.9083,99.771,-4.231,0.115,29.828,0.0312,-0.0332,1.0933,
21.663,ENC,105.4288,140.3644,122.8966,4.7724,10.2265,100.083,-4.231,0.115,29.828,0.0312,-0.0332,1.0933,
21.671,IMU,105.4288,140.3644,122.8966,4.7724,10.2265,100.083,-4.228,0.145,30.082,0.0557,-0.0234,1.0864,
21.683,ENC,105.5242,140.5706,123.0474,4.7724,10.3118,100.400,-4.228,0.145,30.082,0.0557,-0.0234,1.0864,
21.689,IMU,105.5242,140.5706,123.0474,4.7724,10.3118,100.400,-4.235,0.086,30.357,0.0415,-0.0522,1.0332,
21.710,ENC,105.6180,140.7819,123.2000,4.6872,10.5674,100.737,-4.235,0.086,30.357,0.0415,-0.0522,1.0332,
21.716,IMU,105.6180,140.7819,123.2000,4.6872,10.5674,100.737,-4.328,0.120,30.604,0.1294,0.0078,0.9790,
21.723,ENC,105.7117,140.9984,123.3551,4.6872,10.8231,101.089,-4.328,0.120,30.604,0.1294,0.0078,0.9790,
21.729,IMU,105.7117,140.9984,123.3551,4.6872,10.8231,101.089,-4.321,0.097,30.874,0.0688,-0.0601,1.0083,
21.748,IMU,105.7117,140.9984,123.3551,4.6872,10.8231,101.089,-4.344,0.072,31.087,0.0596,-0.0762,1.0098,
21.783,ENC,105.9878,141.6290,123.8084,4.6019,10.5106,102.104,-4.344,0.072,31.087,0.0596,-0.0762,1.0098,
21.788,IMU,105.9878,141.6290,123.8084,4.6019,10.5106,102.104,-4.438,0.150,31.602,0.0269,0.0742,1.0015,
21.808,IMU,105.9878,141.6290,123.8084,4.6019,10.5106,102.104,-4.395,0.320,31.830,0.0640,0.0894,0.8999,
21.810,ENC,106.0782,141.8438,123.9610,4.5167,10.7379,102.461,-4.395,0.320,31.830,0.0640,0.0894,0.8999,
21.827,IMU,106.0782,141.8438,123.9610,4.5167,10.7379,102.461,-4.432,0.442,32.042,0.1289,0.1084,0.8926,
21.861,ENC,106.2623,142.2733,124.2678,4.6019,10.7379,103.164,-4.432,0.442,32.042,0.1289,0.1084,0.8926,
21.864,IMU,106.2623,142.2733,124.2678,4.6019,10.7379,103.164,-4.527,0.472,32.290,0.1655,0.0347,0.9790,
21.868,ENC,106.3475,142.4830,124.4152,4.2611,10.4822,103.521,-4.527,0.472,32.290,0.1655,0.0347,0.9790,
21.872,IMU,106.3475,142.4830,124.4152,4.2611,10.4822,103.521,-4.544,0.626,32.528,0.1055,0.1606,0.9502,
21.904,ENC,106.5367,142.9125,124.7246,4.7298,10.7379,104.209,-4.544,0.626,32.528,0.1055,0.1606,0.9502,
21.908,IMU,106.5367,142.9125,124.7246,4.7298,10.7379,104.209,-4.329,0.527,32.963,0.1099,-0.1235,0.9785,
21.928,IMU,106.5367,142.9125,124.7246,4.7298,10.7379,104.209,-4.265,0.341,33.193,0.0576,-0.1704,0.9341,
21.936,ENC,106.6270,143.1221,124.8746,4.5167,10.4822,104.551,-4.265,0.341,33.193,0.0576,-0.1704,0.9341,
21.943,ENC,106.7242,143.3164,125.0203,4.8576,9.7152,104.829,-4.265,0.341,33.193,0.0576,-0.1704,0.9341,
21.956,IMU,106.7242,143.3164,125.0203,4.8576,9.7152,104.829,-4.157,0.383,33.402,-0.0210,0.0439,1.0791,
21.964,ENC,106.8247,143.5244,125.1745,5.0280,10.3970,105.137,-4.157,0.383,33.402,-0.0210,0.0439,1.0791,
21.967,IMU,106.8247,143.5244,125.1745,5.0280,10.3970,105.137,-4.086,0.402,33.655,-0.0137,0.0024,1.0332,
21.983,ENC,106.9185,143.7272,125.3228,4.6872,10.1413,105.449,-4.086,0.402,33.655,-0.0137,0.0024,1.0332,
22.003,ENC,107.0156,143.9300,125.4728,4.8576,10.1413,105.752,-4.086,0.402,33.655,-0.0137,0.0024,1.0332,
22.008,IMU,107.0156,143.9300,125.4728,4.8576,10.1413,105.752,-4.119,0.329,34.158,0.0894,-0.0664,1.0195,
22.028,IMU,107.0156,143.9300,125.4728,4.8576,10.1413,105.752,-4.185,0.307,34.389,0.0898,-0.0068,0.9639,
22.030,ENC,107.1145,144.1397,125.6271,4.9428,10.4822,106.069,-4.185,0.307,34.389,0.0898,-0.0068,0.9639,
22.048,IMU,107.1145,144.1397,125.6271,4.9428,10.4822,106.069,-4.296,0.496,34.603,0.1191,0.1934,1.0449,
22.068,IMU,107.1145,144.1397,125.6271,4.9428,10.4822,106.069,-4.325,0.395,34.907,0.1299,-0.0820,0.8677,
22.083,ENC,107.2917,144.5623,125.9270,4.4315,10.5674,106.772,-4.325,0.395,34.907,0.1299,-0.0820,0.8677,
22.085,ENC,107.3821,144.7771,126.0796,4.5167,10.7379,107.129,-4.325,0.395,34.907,0.1299,-0.0820,0.8677,
22.089,IMU,107.3821,144.7771,126.0796,4.5167,10.7379,107.129,-4.147,0.394,35.138,-0.0771,0.0361,1.1475,
22.103,ENC,107.4690,144.9799,126.2245,4.3463,10.1413,107.461,-4.147,0.394,35.138,-0.0771,0.0361,1.1475,
22.107,IMU,107.4690,144.9799,126.2245,4.3463,10.1413,107.461,-4.071,0.348,35.317,-0.0122,-0.0283,1.0986,
22.147,ENC,107.6360,145.4146,126.5253,4.1758,10.8657,108.228,-4.071,0.348,35.317,-0.0122,-0.0283,1.0986,
22.188,ENC,107.8065,145.8509,126.8287,4.2611,10.9083,108.989,-4.071,0.348,35.317,-0.0122,-0.0283,1.0986,
22.191,IMU,107.8065,145.8509,126.8287,4.2611,10.9083,108.989,-4.027,0.543,36.282,0.0630,0.0254,0.9355,
22.222,IMU,107.8065,145.8509,126.8287,4.2611,10.9083,108.989,-3.885,0.646,36.544,-0.1030,0.0767,1.1030,
22.224,ENC,107.9650,146.2804,127.1227,3.9628,10.7379,109.766,-3.885,0.646,36.544,-0.1030,0.0767,1.1030,
22.230,IMU,107.9650,146.2804,127.1227,3.9628,10.7379,109.766,-3.868,0.625,36.768,0.0010,-0.0269,1.0620,
22.244,ENC,108.0400,146.4935,127.2667,3.7497,10.6526,110.161,-3.868,0.625,36.768,0.0010,-0.0269,1.0620,
22.254,IMU,108.0400,146.4935,127.2667,3.7497,10.6526,110.161,-3.844,0.635,36.989,0.0537,-0.0127,0.9492,
22.268,IMU,108.0400,146.4935,127.2667,3.7497,10.6526,110.161,-3.918,0.631,37.245,0.1030,0.0073,1.0859,
22.284,ENC,108.1968,146.8957,127.5462,3.9202,10.0561,110.864,-3.918,0.631,37.245,0.1030,0.0073,1.0859,
22.288,IMU,108.1968,146.8957,127.5462,3.9202,10.0561,110.864,-3.883,0.751,37.491,0.0103,0.0894,1.0845,
22.307,ENC,108.2820,147.0968,127.6894,4.2611,10.0561,111.196,-3.883,0.751,37.491,0.0103,0.0894,1.0845,
22.323,ENC,108.3689,147.2962,127.8326,4.3463,9.9709,111.519,-3.883,0.751,37.491,0.0103,0.0894,1.0845,
22.327,IMU,108.3689,147.2962,127.8326,4.3463,9.9709,111.519,-4.041,0.780,37.936,0.1396,0.0410,0.9668,
22.343,ENC,108.4559,147.4957,127.9758,4.3463,9.9709,111.841,-4.041,0.780,37.936,0.1396,0.0410,0.9668,
22.349,IMU,108.4559,147.4957,127.9758,4.3463,9.9709,111.841,-4.074,0.777,38.156,0.1245,-0.0171,1.0605,
22.364,ENC,108.5462,147.6968,128.1215,4.5167,10.0561,112.158,-4.074,0.777,38.156,0.1245,-0.0171,1.0605,
22.368,IMU,108.5462,147.6968,128.1215,4.5167,10.0561,112.158,-4.063,0.644,38.370,0.0542,-0.1372,1.0078,
22.384,ENC,108.6399,147.8945,128.2672,4.6872,9.8857,112.456,-4.063,0.644,38.370,0.0542,-0.1372,1.0078,
22.394,IMU,108.6399,147.8945,128.2672,4.6872,9.8857,112.456,-4.058,0.744,38.575,0.0918,0.0479,0.9297,
22.409,IMU,108.6399,147.8945,128.2672,4.6872,9.8857,112.456,-4.011,0.788,38.784,0.0103,0.0044,1.0107,
22.424,ENC,108.8308,148.2848,128.5578,4.7724,9.7578,113.027,-4.011,0.788,38.784,0.0103,0.0044,1.0107,
22.428,IMU,108.8308,148.2848,128.5578,4.7724,9.7578,113.027,-4.061,0.746,38.976,0.1040,-0.0210,1.0093,
22.443,ENC,108.9331,148.4876,128.7104,5.1133,10.1413,113.315,-4.061,0.746,38.976,0.1040,-0.0210,1.0093,
22.449,IMU,108.9331,148.4876,128.7104,5.1133,10.1413,113.315,-4.061,0.716,39.197,0.1128,-0.0117,0.9604,
22.464,ENC,109.0319,148.7024,128.8672,4.9428,10.7379,113.647,-4.061,0.716,39.197,0.1128,-0.0117,0.9604,
22.468,IMU,109.0319,148.7024,128.8672,4.9428,10.7379,113.647,-4.030,0.602,39.430,0.0596,-0.1055,1.0845,
22.487,IMU,109.0319,148.7024,128.8672,4.9428,10.7379,113.647,-3.970,0.787,39.701,0.0366,0.1279,0.9736,
