time_s,source,dist_l_in,dist_r_in,dist_avg_in,speed_l_in_s,speed_r_in_s,enc_heading_deg,pitch_deg,roll_deg,yaw_deg,acc_x_g,acc_y_g,acc_z_g,note
0.008,ENC,106.0799,0.0000,53.0399,0.0000,0.0000,-303.896,-4.014,-0.275,-97.469,0.0000,0.0000,0.0000,
0.013,IMU,106.0799,0.0000,53.0399,0.0000,0.0000,-303.896,-4.018,-0.282,-97.465,0.0830,-0.0059,1.0029,
0.027,ENC,106.0799,0.0000,53.0399,0.0000,0.0000,-303.896,-4.018,-0.282,-97.465,0.0830,-0.0059,1.0029,
0.034,IMU,106.0799,0.0000,53.0399,0.0000,0.0000,-303.896,-4.069,-0.309,-97.491,0.0762,-0.0083,0.9941,
0.047,ENC,106.0799,0.0000,53.0399,0.0000,0.0000,-303.896,-4.069,-0.309,-97.491,0.0762,-0.0083,0.9941,
0.053,IMU,106.0799,0.0000,53.0399,0.0000,0.0000,-303.896,-4.076,-0.276,-97.461,0.0674,-0.0122,1.0059,
0.067,ENC,106.0799,0.1960,53.1379,0.0000,9.8004,-303.335,-4.076,-0.276,-97.461,0.0674,-0.0122,1.0059,
0.073,IMU,106.0799,0.1960,53.1379,0.0000,9.8004,-303.335,-4.065,-0.276,-97.447,0.0640,-0.0024,0.9844,
0.090,ENC,106.0799,0.0000,53.0399,0.0000,-9.8004,-303.896,-4.065,-0.276,-97.447,0.0640,-0.0024,0.9844,
0.099,IMU,106.0799,0.0000,53.0399,0.0000,-9.8004,-303.896,-4.061,-0.252,-97.406,0.0610,-0.0034,1.0024,
0.106,ENC,106.0799,0.0000,53.0399,0.0000,0.0000,-303.896,-4.061,-0.252,-97.406,0.0610,-0.0034,1.0024,
0.114,IMU,106.0799,0.0000,53.0399,0.0000,0.0000,-303.896,-4.096,-0.257,-97.416,0.0664,-0.0127,0.9985,
0.127,ENC,106.0799,0.0000,53.0399,0.0000,0.0000,-303.896,-4.096,-0.257,-97.416,0.0664,-0.0127,0.9985,
0.138,IMU,106.0799,0.0000,53.0399,0.0000,0.0000,-303.896,-4.075,-0.268,-97.440,0.0649,0.0044,1.0063,
0.148,ENC,106.0799,0.0000,53.0399,0.0000,0.0000,-303.896,-4.075,-0.268,-97.440,0.0649,0.0044,1.0063,
0.153,IMU,106.0799,0.0000,53.0399,0.0000,0.0000,-303.896,-4.085,-0.274,-97.380,0.0713,-0.0127,0.9941,
0.166,ENC,106.0799,0.0000,53.0399,0.0000,0.0000,-303.896,-4.085,-0.274,-97.380,0.0713,-0.0127,0.9941,
0.173,IMU,106.0799,0.0000,53.0399,0.0000,0.0000,-303.896,-4.084,-0.234,-97.385,0.0801,0.0073,0.9917,
0.187,ENC,106.0799,0.0000,53.0399,0.0000,0.0000,-303.896,-4.084,-0.234,-97.385,0.0801,0.0073,0.9917,
0.193,IMU,106.0799,0.0000,53.0399,0.0000,0.0000,-303.896,-4.096,-0.236,-97.401,0.0684,-0.0024,0.9946,
0.206,ENC,106.0799,0.0000,53.0399,0.0000,0.0000,-303.896,-4.096,-0.236,-97.401,0.0684,-0.0024,0.9946,
0.216,IMU,106.0799,0.0000,53.0399,0.0000,0.0000,-303.896,-4.071,-0.218,-97.376,0.0713,-0.0039,1.0093,
0.227,ENC,106.0799,0.0000,53.0399,0.0000,0.0000,-303.896,-4.071,-0.218,-97.376,0.0713,-0.0039,1.0093,
0.234,IMU,106.0799,0.0000,53.0399,0.0000,0.0000,-303.896,-4.015,-0.209,-97.408,0.0674,-0.0034,0.9961,
0.253,ENC,106.0799,0.0000,53.0399,0.0000,0.0000,-303.896,-4.015,-0.209,-97.408,0.0674,-0.0034,0.9961,
0.256,IMU,106.0799,0.0000,53.0399,0.0000,0.0000,-303.896,-4.044,-0.231,-97.416,0.0869,0.0039,0.9907,
0.267,ENC,106.0799,0.0000,53.0399,0.0000,0.0000,-303.896,-4.044,-0.231,-97.416,0.0869,0.0039,0.9907,
0.273,IMU,106.0799,0.0000,53.0399,0.0000,0.0000,-303.896,-4.025,-0.216,-97.426,0.0635,0.0020,1.0010,
0.287,ENC,106.0799,0.0000,53.0399,0.0000,0.0000,-303.896,-4.025,-0.216,-97.426,0.0635,0.0020,1.0010,
0.294,IMU,106.0799,0.0000,53.0399,0.0000,0.0000,-303.896,-4.009,-0.228,-97.459,0.0752,0.0059,0.9980,
0.308,ENC,106.0799,0.2045,53.1422,0.0000,10.2265,-303.311,-4.009,-0.228,-97.459,0.0752,0.0059,0.9980,
0.313,IMU,106.0799,0.2045,53.1422,0.0000,10.2265,-303.311,-4.017,-0.243,-97.484,0.0728,-0.0049,0.9937,
0.327,ENC,106.0799,0.0000,53.0399,0.0000,-10.2265,-303.896,-4.017,-0.243,-97.484,0.0728,-0.0049,0.9937,
0.334,IMU,106.0799,0.0000,53.0399,0.0000,-10.2265,-303.896,-4.029,-0.244,-97.444,0.0669,-0.0015,1.0020,
0.347,ENC,106.0799,0.0000,53.0399,0.0000,0.0000,-303.896,-4.029,-0.244,-97.444,0.0669,-0.0015,1.0020,
0.353,IMU,106.0799,0.0000,53.0399,0.0000,0.0000,-303.896,-4.007,-0.268,-97.403,0.0688,-0.0029,0.9932,
0.367,ENC,106.0799,0.0000,53.0399,0.0000,0.0000,-303.896,-4.007,-0.268,-97.403,0.0688,-0.0029,0.9932,
0.374,IMU,106.0799,0.0000,53.0399,0.0000,0.0000,-303.896,-4.028,-0.303,-97.436,0.0586,-0.0127,0.9976,
0.388,ENC,106.0799,0.0000,53.0399,0.0000,0.0000,-303.896,-4.028,-0.303,-97.436,0.0586,-0.0127,0.9976,
0.393,IMU,106.0799,0.0000,53.0399,0.0000,0.0000,-303.896,-4.010,-0.322,-97.382,0.0649,-0.0098,1.0000,
0.410,ENC,106.0799,0.0000,53.0399,0.0000,0.0000,-303.896,-4.010,-0.322,-97.382,0.0649,-0.0098,1.0000,
0.414,IMU,106.0799,0.0000,53.0399,0.0000,0.0000,-303.896,-4.035,-0.308,-97.408,0.0669,0.0054,0.9844,
0.427,ENC,106.0816,0.0000,53.0408,0.0852,0.0000,-303.901,-4.035,-0.308,-97.408,0.0669,0.0054,0.9844,
0.434,IMU,106.0816,0.0000,53.0408,0.0852,0.0000,-303.901,-4.067,-0.316,-97.391,0.0674,-0.0205,0.9771,
0.450,ENC,106.0850,0.0000,53.0425,0.1704,0.0000,-303.911,-4.067,-0.316,-97.391,0.0674,-0.0205,0.9771,
0.453,IMU,106.0850,0.0000,53.0425,0.1704,0.0000,-303.911,-4.065,-0.372,-97.436,0.0703,-0.0303,0.9873,
0.467,ENC,106.0969,0.0000,53.0485,0.5965,0.0000,-303.945,-4.065,-0.372,-97.436,0.0703,-0.0303,0.9873,
0.474,IMU,106.0969,0.0000,53.0485,0.5965,0.0000,-303.945,-4.078,-0.416,-97.425,0.0762,-0.0278,1.0112,
0.487,ENC,106.1174,0.0000,53.0587,1.0227,0.0000,-304.004,-4.078,-0.416,-97.425,0.0762,-0.0278,1.0112,
0.494,IMU,106.1174,0.0000,53.0587,1.0227,0.0000,-304.004,-4.104,-0.562,-97.527,0.1128,-0.1035,0.9902,
0.508,ENC,106.1566,0.0000,53.0783,1.9601,0.0000,-304.116,-4.104,-0.562,-97.527,0.1128,-0.1035,0.9902,
0.514,IMU,106.1566,0.0000,53.0783,1.9601,0.0000,-304.116,-4.141,-0.628,-97.609,0.0771,-0.0527,1.0078,
0.527,ENC,106.2111,0.0000,53.1056,2.7271,0.0000,-304.272,-4.141,-0.628,-97.609,0.0771,-0.0527,1.0078,
0.534,IMU,106.2111,0.0000,53.1056,2.7271,0.0000,-304.272,-4.173,-0.647,-97.745,0.0811,-0.0498,1.0073,
0.547,ENC,106.2759,0.0000,53.1379,3.2384,0.0000,-304.458,-4.173,-0.647,-97.745,0.0811,-0.0498,1.0073,
0.555,IMU,106.2759,0.0000,53.1379,3.2384,0.0000,-304.458,-4.034,-0.871,-97.878,-0.0054,-0.1440,0.9268,
0.567,ENC,106.3747,0.0000,53.1874,4.9428,0.0000,-304.741,-4.034,-0.871,-97.878,-0.0054,-0.1440,0.9268,
0.574,IMU,106.3747,0.0000,53.1874,4.9428,0.0000,-304.741,-4.263,-1.085,-97.962,0.1880,-0.1489,1.0757,
0.587,ENC,106.4787,0.0000,53.2394,5.1985,0.0000,-305.039,-4.263,-1.085,-97.962,0.1880,-0.1489,1.0757,
0.599,IMU,106.4787,0.0000,53.2394,5.1985,0.0000,-305.039,-4.275,-1.253,-98.035,0.0615,-0.1870,1.1245,
0.610,ENC,106.5929,0.0000,53.2965,5.7098,0.0000,-305.366,-4.275,-1.253,-98.035,0.0615,-0.1870,1.1245,
0.614,IMU,106.5929,0.0000,53.2965,5.7098,0.0000,-305.366,-4.271,-1.313,-98.125,0.0396,-0.1255,1.0977,
0.627,ENC,106.7242,0.0000,53.3621,6.5620,0.0000,-305.742,-4.271,-1.313,-98.125,0.0396,-0.1255,1.0977,
0.634,IMU,106.7242,0.0000,53.3621,6.5620,0.0000,-305.742,-4.302,-1.511,-98.214,0.0420,-0.2095,0.9946,
0.650,ENC,106.8656,0.0000,53.4328,7.0734,0.0000,-306.147,-4.302,-1.511,-98.214,0.0420,-0.2095,0.9946,
0.654,IMU,106.8656,0.0000,53.4328,7.0734,0.0000,-306.147,-4.234,-1.518,-98.312,0.1035,-0.0103,1.0151,
0.668,ENC,107.0310,0.0000,53.5155,8.2665,0.0000,-306.621,-4.234,-1.518,-98.312,0.1035,-0.0103,1.0151,
0.674,IMU,107.0310,0.0000,53.5155,8.2665,0.0000,-306.621,-4.259,-1.492,-98.426,0.1216,0.0132,0.9663,
0.687,ENC,107.1980,0.0000,53.5990,8.3517,0.0000,-307.100,-4.259,-1.492,-98.426,0.1216,0.0132,0.9663,
0.694,IMU,107.1980,0.0000,53.5990,8.3517,0.0000,-307.100,-4.182,-1.451,-98.453,0.0439,0.0493,0.9243,
0.708,ENC,107.3633,0.0000,53.6817,8.2665,0.0000,-307.573,-4.182,-1.451,-98.453,0.0439,0.0493,0.9243,
0.721,IMU,107.3633,0.0000,53.6817,8.2665,0.0000,-307.573,-4.042,-1.640,-98.575,-0.0679,-0.2197,1.0518,
0.727,ENC,107.5269,0.0000,53.7635,8.1812,0.0000,-308.042,-4.042,-1.640,-98.575,-0.0679,-0.2197,1.0518,
0.734,IMU,107.5269,0.0000,53.7635,8.1812,0.0000,-308.042,-4.036,-1.783,-98.605,0.0898,-0.1777,0.8691,
0.747,ENC,107.6923,0.0000,53.8461,8.2665,0.0000,-308.516,-4.036,-1.783,-98.605,0.0898,-0.1777,0.8691,
0.753,IMU,107.6923,0.0000,53.8461,8.2665,0.0000,-308.516,-3.982,-1.574,-98.594,0.0903,0.1626,1.1460,
0.768,ENC,107.8593,0.0000,53.9297,8.3517,0.0000,-308.994,-3.982,-1.574,-98.594,0.0903,0.1626,1.1460,
0.773,IMU,107.8593,0.0000,53.9297,8.3517,0.0000,-308.994,-4.044,-1.604,-98.584,0.1504,-0.0659,0.9121,
0.787,ENC,108.0366,0.0000,54.0183,8.8630,0.0000,-309.502,-4.044,-1.604,-98.584,0.1504,-0.0659,0.9121,
0.793,IMU,108.0366,0.0000,54.0183,8.8630,0.0000,-309.502,-3.950,-1.607,-98.617,0.0112,-0.0400,0.9365,
0.807,ENC,108.1985,0.0000,54.0992,8.0960,0.0000,-309.966,-3.950,-1.607,-98.617,0.0112,-0.0400,0.9365,
0.815,IMU,108.1985,0.0000,54.0992,8.0960,0.0000,-309.966,-3.825,-1.786,-98.668,-0.0146,-0.1509,1.0425,
0.827,ENC,108.3672,0.0000,54.1836,8.4369,0.0000,-310.449,-3.825,-1.786,-98.668,-0.0146,-0.1509,1.0425,
0.833,IMU,108.3672,0.0000,54.1836,8.4369,0.0000,-310.449,-3.783,-1.730,-98.686,0.0659,-0.0176,0.9067,
0.852,ENC,108.5394,0.0000,54.2697,8.6073,0.0000,-310.942,-3.783,-1.730,-98.686,0.0659,-0.0176,0.9067,
0.855,IMU,108.5394,0.0000,54.2697,8.6073,0.0000,-310.942,-3.780,-1.624,-98.654,0.0972,0.0757,0.9214,
0.867,ENC,108.7217,0.0000,54.3609,9.1187,0.0000,-311.465,-3.780,-1.624,-98.654,0.0972,0.0757,0.9214,
0.874,IMU,108.7217,0.0000,54.3609,9.1187,0.0000,-311.465,-3.693,-1.510,-98.673,0.0654,0.1055,1.0010,
0.887,ENC,108.8990,0.0000,54.4495,8.8630,0.0000,-311.973,-3.693,-1.510,-98.673,0.0654,0.1055,1.0010,
0.894,IMU,108.8990,0.0000,54.4495,8.8630,0.0000,-311.973,-3.643,-1.466,-98.694,0.0278,0.0620,1.0552,
0.907,ENC,109.0814,0.0000,54.5407,9.1187,0.0000,-312.495,-3.643,-1.466,-98.694,0.0278,0.0620,1.0552,
0.913,IMU,109.0814,0.0000,54.5407,9.1187,0.0000,-312.495,-3.647,-1.447,-98.725,0.0776,0.0317,0.9561,
0.927,ENC,109.2706,0.0000,54.6353,9.4595,0.0000,-313.037,-3.647,-1.447,-98.725,0.0776,0.0317,0.9561,
0.934,IMU,109.2706,0.0000,54.6353,9.4595,0.0000,-313.037,-3.614,-1.485,-98.744,0.0117,-0.0830,1.0518,
0.948,ENC,109.4546,0.0000,54.7273,9.2039,0.0000,-313.564,-3.614,-1.485,-98.744,0.0117,-0.0830,1.0518,
0.953,IMU,109.4546,0.0000,54.7273,9.2039,0.0000,-313.564,-3.603,-1.535,-98.791,0.0845,-0.0474,0.9360,
0.967,ENC,109.6387,0.0000,54.8194,9.2039,0.0000,-314.092,-3.603,-1.535,-98.791,0.0845,-0.0474,0.9360,
0.973,IMU,109.6387,0.0000,54.8194,9.2039,0.0000,-314.092,-3.524,-1.452,-98.788,-0.0503,0.0552,1.0820,
0.987,ENC,109.8245,0.0000,54.9123,9.2891,0.0000,-314.624,-3.524,-1.452,-98.788,-0.0503,0.0552,1.0820,
0.994,IMU,109.8245,0.0000,54.9123,9.2891,0.0000,-314.624,-3.456,-1.500,-98.833,-0.0234,-0.0596,1.0640,
1.008,ENC,110.0103,0.0000,55.0051,9.2891,0.0000,-315.156,-3.456,-1.500,-98.833,-0.0234,-0.0596,1.0640,
1.013,IMU,110.0103,0.0000,55.0051,9.2891,0.0000,-315.156,-3.465,-1.596,-98.842,0.0293,-0.1714,1.0527,
1.027,ENC,110.1944,0.0000,55.0972,9.2039,0.0000,-315.684,-3.465,-1.596,-98.842,0.0293,-0.1714,1.0527,
1.033,IMU,110.1944,0.0000,55.0972,9.2039,0.0000,-315.684,-3.342,-1.617,-98.828,-0.0645,0.0034,1.0952,
1.047,ENC,110.3870,0.0000,55.1935,9.6300,0.0000,-316.235,-3.342,-1.617,-98.828,-0.0645,0.0034,1.0952,
1.054,IMU,110.3870,0.0000,55.1935,9.6300,0.0000,-316.235,-3.222,-1.632,-98.791,-0.1011,-0.0132,1.0615,
1.067,ENC,110.5796,0.0000,55.2898,9.6300,0.0000,-316.787,-3.222,-1.632,-98.791,-0.1011,-0.0132,1.0615,
1.073,IMU,110.5796,0.0000,55.2898,9.6300,0.0000,-316.787,-3.040,-1.530,-98.873,-0.0601,0.0635,0.9868,
1.087,ENC,110.7705,0.0000,55.3852,9.5448,0.0000,-317.334,-3.040,-1.530,-98.873,-0.0601,0.0635,0.9868,
1.094,IMU,110.7705,0.0000,55.3852,9.5448,0.0000,-317.334,-2.968,-1.700,-98.871,-0.0620,-0.1577,1.0845,
1.107,ENC,110.9631,0.0000,55.4815,9.6300,0.0000,-317.886,-2.968,-1.700,-98.871,-0.0620,-0.1577,1.0845,
1.113,IMU,110.9631,0.0000,55.4815,9.6300,0.0000,-317.886,-3.041,-1.595,-98.885,0.0503,0.0376,0.9683,
1.127,ENC,111.1403,0.0000,55.5702,8.8630,0.0000,-318.394,-3.041,-1.595,-98.885,0.0503,0.0376,0.9683,
1.134,IMU,111.1403,0.0000,55.5702,8.8630,0.0000,-318.394,-3.041,-1.600,-98.867,0.0161,-0.0503,1.0142,
1.147,ENC,111.3193,0.0000,55.6596,8.9482,0.0000,-318.906,-3.041,-1.600,-98.867,0.0161,-0.0503,1.0142,
1.153,IMU,111.3193,0.0000,55.6596,8.9482,0.0000,-318.906,-2.987,-1.626,-98.894,0.0005,-0.0293,0.9644,
1.167,ENC,111.4931,0.0000,55.7466,8.6926,0.0000,-319.404,-2.987,-1.626,-98.894,0.0005,-0.0293,0.9644,
1.174,IMU,111.4931,0.0000,55.7466,8.6926,0.0000,-319.404,-3.108,-1.661,-98.930,0.1768,-0.0898,0.8530,
1.187,ENC,111.6482,0.0000,55.8241,7.7551,0.0000,-319.849,-3.108,-1.661,-98.930,0.1768,-0.0898,0.8530,
1.193,IMU,111.6482,0.0000,55.8241,7.7551,0.0000,-319.849,-3.194,-1.667,-99.000,0.1514,-0.0068,0.8643,
1.208,ENC,111.8119,0.0000,55.9059,8.1812,0.0000,-320.317,-3.194,-1.667,-99.000,0.1514,-0.0068,0.8643,
1.214,IMU,111.8119,0.0000,55.9059,8.1812,0.0000,-320.317,-3.226,-1.711,-99.040,0.0630,-0.0576,1.0840,
1.227,ENC,111.9874,0.0000,55.9937,8.7778,0.0000,-320.820,-3.226,-1.711,-99.040,0.0630,-0.0576,1.0840,
1.234,IMU,111.9874,0.0000,55.9937,8.7778,0.0000,-320.820,-3.213,-1.679,-99.075,0.0547,0.0103,1.0195,
1.248,ENC,112.1596,0.0000,56.0798,8.6073,0.0000,-321.313,-3.213,-1.679,-99.075,0.0547,0.0103,1.0195,
1.254,IMU,112.1596,0.0000,56.0798,8.6073,0.0000,-321.313,-3.183,-1.756,-99.066,0.0234,-0.0811,0.9731,
1.268,ENC,112.3300,0.0000,56.1650,8.5221,0.0000,-321.802,-3.183,-1.756,-99.066,0.0234,-0.0811,0.9731,
1.273,IMU,112.3300,0.0000,56.1650,8.5221,0.0000,-321.802,-3.183,-1.571,-99.052,0.0615,0.1489,1.1206,
1.287,ENC,112.5226,0.0000,56.2613,9.6300,0.0000,-322.354,-3.183,-1.571,-99.052,0.0615,0.1489,1.1206,
1.293,IMU,112.5226,0.0000,56.2613,9.6300,0.0000,-322.354,-3.136,-1.629,-99.045,-0.0342,-0.0786,1.1514,
1.308,ENC,112.7016,0.0000,56.3508,8.9482,0.0000,-322.866,-3.136,-1.629,-99.045,-0.0342,-0.0786,1.1514,
1.314,IMU,112.7016,0.0000,56.3508,8.9482,0.0000,-322.866,-3.023,-1.641,-99.050,-0.0864,-0.1025,1.0386,
1.330,ENC,112.8856,0.0000,56.4428,9.2039,0.0000,-323.394,-3.023,-1.641,-99.050,-0.0864,-0.1025,1.0386,
1.335,IMU,112.8856,0.0000,56.4428,9.2039,0.0000,-323.394,-3.109,-1.729,-99.032,0.1333,-0.0811,0.9243,
1.347,ENC,113.0612,0.0000,56.5306,8.7778,0.0000,-323.896,-3.109,-1.729,-99.032,0.1333,-0.0811,0.9243,
1.359,IMU,113.0612,0.0000,56.5306,8.7778,0.0000,-323.896,-3.075,-1.687,-98.972,-0.0186,-0.0068,1.0786,
1.367,ENC,113.2504,0.0000,56.6252,9.4595,0.0000,-324.438,-3.075,-1.687,-98.972,-0.0186,-0.0068,1.0786,
1.373,IMU,113.2504,0.0000,56.6252,9.4595,0.0000,-324.438,-3.061,-1.666,-99.028,0.0483,0.0225,0.9863,
1.387,ENC,113.4328,0.0000,56.7164,9.1187,0.0000,-324.961,-3.061,-1.666,-99.028,0.0483,0.0225,0.9863,
1.394,IMU,113.4328,0.0000,56.7164,9.1187,0.0000,-324.961,-3.110,-1.443,-99.096,0.0225,0.1543,1.1167,
1.407,ENC,113.6322,0.0000,56.8161,9.9709,0.0000,-325.532,-3.110,-1.443,-99.096,0.0225,0.1543,1.1167,
1.413,IMU,113.6322,0.0000,56.8161,9.9709,0.0000,-325.532,-3.202,-1.441,-99.125,0.1338,-0.0498,0.8862,
1.433,IMU,113.6322,0.0000,56.8161,9.9709,0.0000,-325.532,-3.156,-1.381,-99.123,0.0352,0.1113,0.9712,
1.448,ENC,114.0242,0.0000,57.0121,9.8004,0.0000,-326.655,-3.156,-1.381,-99.123,0.0352,0.1113,0.9712,
1.453,IMU,114.0242,0.0000,57.0121,9.8004,0.0000,-326.655,-3.202,-1.383,-99.119,0.0981,0.0166,1.0049,
1.468,ENC,114.2100,0.0000,57.1050,9.2891,0.0000,-327.188,-3.202,-1.383,-99.119,0.0981,0.0166,1.0049,
1.473,IMU,114.2100,0.0000,57.1050,9.2891,0.0000,-327.188,-3.238,-1.467,-99.122,0.0239,-0.0811,1.0391,
1.487,ENC,114.4009,0.0000,57.2004,9.5448,0.0000,-327.734,-3.238,-1.467,-99.122,0.0239,-0.0811,1.0391,
1.494,IMU,114.4009,0.0000,57.2004,9.5448,0.0000,-327.734,-3.211,-1.610,-99.195,0.0498,-0.1343,0.9858,
1.508,ENC,114.5867,0.0000,57.2933,9.2891,0.0000,-328.267,-3.211,-1.610,-99.195,0.0498,-0.1343,0.9858,
1.514,IMU,114.5867,0.0000,57.2933,9.2891,0.0000,-328.267,-3.200,-1.703,-99.213,0.0103,-0.0635,0.9946,
1.528,ENC,114.7707,0.0000,57.3854,9.2039,0.0000,-328.794,-3.200,-1.703,-99.213,0.0103,-0.0635,0.9946,
1.534,IMU,114.7707,0.0000,57.3854,9.2039,0.0000,-328.794,-3.306,-1.762,-99.283,0.1216,-0.0986,0.8848,
1.553,IMU,114.7707,0.0000,57.3854,9.2039,0.0000,-328.794,-3.393,-1.680,-99.307,0.1367,0.0205,0.9727,
1.567,ENC,115.1253,0.0000,57.5626,8.8630,0.0000,-329.810,-3.393,-1.680,-99.307,0.1367,0.0205,0.9727,
1.574,IMU,115.1253,0.0000,57.5626,8.8630,0.0000,-329.810,-3.555,-1.591,-99.379,0.2090,0.0801,0.8994,
1.587,ENC,115.2974,0.0000,57.6487,8.6073,0.0000,-330.303,-3.555,-1.591,-99.379,0.2090,0.0801,0.8994,
1.594,IMU,115.2974,0.0000,57.6487,8.6073,0.0000,-330.303,-3.674,-1.369,-99.457,0.1567,0.1313,0.9482,
1.607,ENC,115.4678,0.0000,57.7339,8.5221,0.0000,-330.791,-3.674,-1.369,-99.457,0.1567,0.1313,0.9482,
1.613,IMU,115.4678,0.0000,57.7339,8.5221,0.0000,-330.791,-3.667,-1.450,-99.512,0.0786,-0.0391,0.8936,
1.628,ENC,115.6485,0.0000,57.8243,9.0334,0.0000,-331.309,-3.667,-1.450,-99.512,0.0786,-0.0391,0.8936,
1.634,IMU,115.6485,0.0000,57.8243,9.0334,0.0000,-331.309,-3.627,-1.400,-99.616,0.0181,-0.0049,1.1123,
1.647,ENC,115.8241,0.0000,57.9120,8.7778,0.0000,-331.812,-3.627,-1.400,-99.616,0.0181,-0.0049,1.1123,
1.657,IMU,115.8241,0.0000,57.9120,8.7778,0.0000,-331.812,-3.676,-1.488,-99.723,0.0801,-0.0825,1.0000,
1.667,ENC,116.0064,0.0000,58.0032,9.1187,0.0000,-332.334,-3.676,-1.488,-99.723,0.0801,-0.0825,1.0000,
1.674,IMU,116.0064,0.0000,58.0032,9.1187,0.0000,-332.334,-3.709,-1.572,-99.795,0.0610,-0.1030,1.0210,
1.687,ENC,116.1888,0.0000,58.0944,9.1187,0.0000,-332.856,-3.709,-1.572,-99.795,0.0610,-0.1030,1.0210,
1.693,IMU,116.1888,0.0000,58.0944,9.1187,0.0000,-332.856,-3.619,-1.719,-99.876,-0.0591,-0.1099,1.0195,
1.708,ENC,116.3712,0.0000,58.1856,9.1187,0.0000,-333.379,-3.619,-1.719,-99.876,-0.0591,-0.1099,1.0195,
1.714,IMU,116.3712,0.0000,58.1856,9.1187,0.0000,-333.379,-3.520,-1.832,-99.948,0.0107,-0.1060,1.0249,
1.727,ENC,116.5467,0.0000,58.2734,8.7778,0.0000,-333.882,-3.520,-1.832,-99.948,0.0107,-0.1060,1.0249,
1.733,IMU,116.5467,0.0000,58.2734,8.7778,0.0000,-333.882,-3.472,-1.722,-100.069,0.0747,0.0684,0.9980,
1.747,ENC,116.7308,0.0000,58.3654,9.2039,0.0000,-334.409,-3.472,-1.722,-100.069,0.0747,0.0684,0.9980,
1.754,IMU,116.7308,0.0000,58.3654,9.2039,0.0000,-334.409,-3.493,-1.641,-100.246,0.0664,0.1206,1.0869,
1.768,ENC,116.9115,0.0000,58.4557,9.0334,0.0000,-334.927,-3.493,-1.641,-100.246,0.0664,0.1206,1.0869,
1.776,IMU,116.9115,0.0000,58.4557,9.0334,0.0000,-334.927,-3.502,-1.645,-100.439,0.0996,-0.0151,1.0288,
1.787,ENC,117.0922,0.0000,58.5461,9.0334,0.0000,-335.444,-3.502,-1.645,-100.439,0.0996,-0.0151,1.0288,
1.794,IMU,117.0922,0.0000,58.5461,9.0334,0.0000,-335.444,-3.487,-1.622,-100.637,0.0874,0.0039,0.9648,
1.808,ENC,117.2831,0.0000,58.6415,9.5448,0.0000,-335.991,-3.487,-1.622,-100.637,0.0874,0.0039,0.9648,
1.814,IMU,117.2831,0.0000,58.6415,9.5448,0.0000,-335.991,-3.558,-1.507,-100.827,0.1450,0.1104,0.9897,
1.827,ENC,117.4620,0.0000,58.7310,8.9482,0.0000,-336.504,-3.558,-1.507,-100.827,0.1450,0.1104,0.9897,
1.833,IMU,117.4620,0.0000,58.7310,8.9482,0.0000,-336.504,-3.532,-1.633,-100.977,-0.0098,-0.1216,0.9824,
1.847,ENC,117.6444,0.0000,58.8222,9.1187,0.0000,-337.026,-3.532,-1.633,-100.977,-0.0098,-0.1216,0.9824,
1.854,IMU,117.6444,0.0000,58.8222,9.1187,0.0000,-337.026,-3.512,-1.828,-101.093,0.0483,-0.1431,1.0400,
1.867,ENC,117.8217,0.0000,58.9108,8.8630,0.0000,-337.534,-3.512,-1.828,-101.093,0.0483,-0.1431,1.0400,
1.875,IMU,117.8217,0.0000,58.9108,8.8630,0.0000,-337.534,-3.506,-1.700,-101.247,0.1226,0.0796,1.0327,
1.887,ENC,117.9989,-0.2045,58.8972,8.8630,-10.2265,-338.628,-3.506,-1.700,-101.247,0.1226,0.0796,1.0327,
1.894,IMU,117.9989,-0.2045,58.8972,8.8630,-10.2265,-338.628,-3.670,-1.691,-101.416,0.2080,-0.0127,0.9321,
1.907,ENC,118.1574,0.0000,59.0787,7.9256,10.2265,-338.496,-3.670,-1.691,-101.416,0.2080,-0.0127,0.9321,
1.914,IMU,118.1574,0.0000,59.0787,7.9256,10.2265,-338.496,-3.630,-1.647,-101.561,-0.0078,0.0259,1.1060,
1.927,ENC,118.3211,0.0000,59.1605,8.1812,0.0000,-338.965,-3.630,-1.647,-101.561,-0.0078,0.0259,1.1060,
1.933,IMU,118.3211,0.0000,59.1605,8.1812,0.0000,-338.965,-3.624,-1.499,-101.711,0.0283,0.1626,1.0571,
1.947,ENC,118.4881,0.0000,59.2440,8.3517,0.0000,-339.443,-3.624,-1.499,-101.711,0.0283,0.1626,1.0571,
1.954,IMU,118.4881,0.0000,59.2440,8.3517,0.0000,-339.443,-3.619,-1.340,-101.852,0.0557,0.1274,1.1094,
1.968,ENC,118.6466,0.0000,59.3233,7.9256,0.0000,-339.897,-3.619,-1.340,-101.852,0.0557,0.1274,1.1094,
1.974,IMU,118.6466,0.0000,59.3233,7.9256,0.0000,-339.897,-3.481,-1.502,-102.089,-0.0952,-0.1040,1.0562,
1.988,ENC,118.7983,0.0000,59.3991,7.5847,0.0000,-340.332,-3.481,-1.502,-102.089,-0.0952,-0.1040,1.0562,
1.994,IMU,118.7983,0.0000,59.3991,7.5847,0.0000,-340.332,-3.445,-1.656,-102.259,0.0674,-0.1519,0.9531,
2.008,ENC,118.9602,0.0000,59.4801,8.0960,0.0000,-340.796,-3.445,-1.656,-102.259,0.0674,-0.1519,0.9531,
2.013,IMU,118.9602,0.0000,59.4801,8.0960,0.0000,-340.796,-3.523,-1.625,-102.445,0.1763,0.0234,0.9434,
2.027,ENC,119.1375,0.0000,59.5687,8.8630,0.0000,-341.304,-3.523,-1.625,-102.445,0.1763,0.0234,0.9434,
2.034,IMU,119.1375,0.0000,59.5687,8.8630,0.0000,-341.304,-3.604,-1.499,-102.582,0.1509,0.0747,0.9487,
2.049,ENC,119.3164,0.0000,59.6582,8.9482,0.0000,-341.816,-3.604,-1.499,-102.582,0.1509,0.0747,0.9487,
2.054,IMU,119.3164,0.0000,59.6582,8.9482,0.0000,-341.816,-3.710,-1.445,-102.789,0.1665,0.0635,0.9766,
2.067,ENC,119.4903,0.0000,59.7451,8.6926,0.0000,-342.314,-3.710,-1.445,-102.789,0.1665,0.0635,0.9766,
2.073,IMU,119.4903,0.0000,59.7451,8.6926,0.0000,-342.314,-3.609,-1.452,-102.959,-0.1367,0.0015,1.1147,
2.088,ENC,119.6437,0.0000,59.8218,7.6699,0.0000,-342.754,-3.609,-1.452,-102.959,-0.1367,0.0015,1.1147,
2.094,IMU,119.6437,0.0000,59.8218,7.6699,0.0000,-342.754,-3.598,-1.473,-103.059,0.0591,-0.0503,0.8975,
2.107,ENC,119.7766,0.0000,59.8883,6.6473,0.0000,-343.135,-3.598,-1.473,-103.059,0.0591,-0.0503,0.8975,
2.113,IMU,119.7766,0.0000,59.8883,6.6473,0.0000,-343.135,-3.511,-1.372,-103.151,-0.0181,0.0576,0.9468,
2.127,ENC,119.8857,0.0000,59.9429,5.4542,0.0000,-343.447,-3.511,-1.372,-103.151,-0.0181,0.0576,0.9468,
2.135,IMU,119.8857,0.0000,59.9429,5.4542,0.0000,-343.447,-3.441,-1.225,-103.215,-0.0215,0.0815,0.9663,
2.148,ENC,119.9880,0.0000,59.9940,5.1133,0.0000,-343.740,-3.441,-1.225,-103.215,-0.0215,0.0815,0.9663,
2.153,IMU,119.9880,0.0000,59.9940,5.1133,0.0000,-343.740,-3.404,-1.131,-103.227,0.0542,0.0732,0.9448,
2.167,ENC,120.0783,0.0000,60.0392,4.5167,0.0000,-343.999,-3.404,-1.131,-103.227,0.0542,0.0732,0.9448,
2.173,IMU,120.0783,0.0000,60.0392,4.5167,0.0000,-343.999,-3.475,-1.067,-103.245,0.1001,0.0347,0.9551,
2.187,ENC,120.1652,0.0000,60.0826,4.3463,0.0000,-344.248,-3.475,-1.067,-103.245,0.1001,0.0347,0.9551,
2.195,IMU,120.1652,0.0000,60.0826,4.3463,0.0000,-344.248,-3.591,-0.937,-103.350,0.1338,0.0791,0.9448,
2.207,ENC,120.2539,0.0000,60.1269,4.4315,0.0000,-344.502,-3.591,-0.937,-103.350,0.1338,0.0791,0.9448,
2.213,IMU,120.2539,0.0000,60.1269,4.4315,0.0000,-344.502,-3.640,-0.837,-103.481,0.1021,0.0503,1.0366,
2.227,ENC,120.3340,0.0000,60.1670,4.0054,0.0000,-344.731,-3.640,-0.837,-103.481,0.1021,0.0503,1.0366,
2.233,IMU,120.3340,0.0000,60.1670,4.0054,0.0000,-344.731,-3.689,-0.810,-103.614,0.1514,0.0415,0.9946,
2.247,ENC,120.4141,0.0000,60.2070,4.0054,0.0000,-344.961,-3.689,-0.810,-103.614,0.1514,0.0415,0.9946,
2.253,IMU,120.4141,0.0000,60.2070,4.0054,0.0000,-344.961,-3.733,-0.730,-103.750,0.1040,0.0625,1.0518,
2.270,ENC,120.4942,0.0000,60.2471,4.0054,0.0000,-345.190,-3.733,-0.730,-103.750,0.1040,0.0625,1.0518,
2.273,IMU,120.4942,0.0000,60.2471,4.0054,0.0000,-345.190,-3.814,-0.671,-103.964,0.1479,0.0708,1.0098,
2.287,ENC,120.5709,0.0000,60.2854,3.8350,0.0000,-345.410,-3.814,-0.671,-103.964,0.1479,0.0708,1.0098,
2.293,IMU,120.5709,0.0000,60.2854,3.8350,0.0000,-345.410,-3.837,-0.645,-104.134,0.0938,0.0356,0.9854,
2.307,ENC,120.6408,0.0000,60.3204,3.4941,0.0000,-345.610,-3.837,-0.645,-104.134,0.0938,0.0356,0.9854,
2.313,IMU,120.6408,0.0000,60.3204,3.4941,0.0000,-345.610,-3.799,-0.701,-104.352,0.0415,-0.0098,1.0088,
2.327,ENC,120.7089,0.0000,60.3545,3.4088,0.0000,-345.806,-3.799,-0.701,-104.352,0.0415,-0.0098,1.0088,
2.334,IMU,120.7089,0.0000,60.3545,3.4088,0.0000,-345.806,-3.746,-0.720,-104.540,0.0200,-0.0415,1.0151,
2.354,IMU,120.7089,0.0000,60.3545,3.4088,0.0000,-345.806,-3.793,-0.598,-104.779,0.1318,0.0576,1.0073,
2.377,IMU,120.7089,0.0000,60.3545,3.4088,0.0000,-345.806,-3.844,-0.599,-104.985,0.0981,0.0088,0.9653,
2.379,ENC,120.8334,0.0000,60.4167,3.1106,0.0000,-346.162,-3.844,-0.599,-104.985,0.0981,0.0088,0.9653,
2.394,ENC,120.8981,0.0000,60.4491,3.2384,0.0000,-346.348,-3.844,-0.599,-104.985,0.0981,0.0088,0.9653,
2.407,ENC,120.9595,0.0000,60.4797,3.0680,0.0000,-346.523,-3.844,-0.599,-104.985,0.0981,0.0088,0.9653,
2.414,IMU,120.9595,0.0000,60.4797,3.0680,0.0000,-346.523,-3.745,-0.678,-105.341,0.0508,-0.0098,0.9937,
2.434,IMU,120.9595,0.0000,60.4797,3.0680,0.0000,-346.523,-3.785,-0.620,-105.523,0.0845,0.0107,0.9478,
2.435,ENC,121.0123,0.0000,60.5062,2.6419,0.0000,-346.675,-3.785,-0.620,-105.523,0.0845,0.0107,0.9478,
2.452,ENC,121.0703,0.0000,60.5351,2.8975,0.0000,-346.841,-3.785,-0.620,-105.523,0.0845,0.0107,0.9478,
2.455,IMU,121.0703,0.0000,60.5351,2.8975,0.0000,-346.841,-3.799,-0.660,-105.724,0.0747,0.0190,0.9766,
2.468,ENC,121.1299,0.0000,60.5650,2.9827,0.0000,-347.012,-3.799,-0.660,-105.724,0.0747,0.0190,0.9766,
2.474,IMU,121.1299,0.0000,60.5650,2.9827,0.0000,-347.012,-3.820,-0.653,-105.946,0.0698,-0.0083,0.9907,
2.487,ENC,121.1862,0.0000,60.5931,2.8123,0.0000,-347.173,-3.820,-0.653,-105.946,0.0698,-0.0083,0.9907,
2.493,IMU,121.1862,0.0000,60.5931,2.8123,0.0000,-347.173,-3.814,-0.702,-106.178,0.0747,-0.0190,0.9736,
2.516,IMU,121.1862,0.0000,60.5931,2.8123,0.0000,-347.173,-3.833,-0.714,-106.360,0.0786,-0.0132,1.0073,
2.527,ENC,121.3021,0.0000,60.6510,2.8975,0.0000,-347.505,-3.833,-0.714,-106.360,0.0786,-0.0132,1.0073,
2.534,IMU,121.3021,0.0000,60.6510,2.8975,0.0000,-347.505,-3.806,-0.761,-106.583,0.0820,-0.0098,1.0098,
2.547,ENC,121.3600,0.0000,60.6800,2.8975,0.0000,-347.671,-3.806,-0.761,-106.583,0.0820,-0.0098,1.0098,
2.555,IMU,121.3600,0.0000,60.6800,2.8975,0.0000,-347.671,-3.821,-0.750,-106.772,0.0518,0.0171,0.9688,
2.568,ENC,121.4180,0.0000,60.7090,2.8975,0.0000,-347.837,-3.821,-0.750,-106.772,0.0518,0.0171,0.9688,
2.574,IMU,121.4180,0.0000,60.7090,2.8975,0.0000,-347.837,-3.797,-0.789,-107.032,0.0371,-0.0117,1.0107,
2.587,ENC,121.4725,0.0000,60.7363,2.7271,0.0000,-347.993,-3.797,-0.789,-107.032,0.0371,-0.0117,1.0107,
2.596,IMU,121.4725,0.0000,60.7363,2.7271,0.0000,-347.993,-3.789,-0.805,-107.244,0.0781,-0.0054,1.0342,
2.607,ENC,121.5237,0.0000,60.7618,2.5566,0.0000,-348.140,-3.789,-0.805,-107.244,0.0781,-0.0054,1.0342,
2.616,IMU,121.5237,0.0000,60.7618,2.5566,0.0000,-348.140,-3.764,-0.832,-107.386,0.0410,-0.0483,1.0352,
2.627,ENC,121.5748,0.0000,60.7874,2.5566,0.0000,-348.286,-3.764,-0.832,-107.386,0.0410,-0.0483,1.0352,
2.633,IMU,121.5748,0.0000,60.7874,2.5566,0.0000,-348.286,-3.724,-0.771,-107.601,0.0522,0.0288,0.9751,
2.650,ENC,121.6259,0.0000,60.8130,2.5566,0.0000,-348.433,-3.724,-0.771,-107.601,0.0522,0.0288,0.9751,
2.659,IMU,121.6259,0.0000,60.8130,2.5566,0.0000,-348.433,-3.748,-0.767,-107.765,0.1069,0.0161,0.9624,
2.669,ENC,121.6771,0.0000,60.8385,2.5566,0.0000,-348.579,-3.748,-0.767,-107.765,0.1069,0.0161,0.9624,
2.674,IMU,121.6771,0.0000,60.8385,2.5566,0.0000,-348.579,-3.698,-0.789,-107.985,0.0615,-0.0225,0.9849,
2.687,ENC,121.7265,0.0000,60.8632,2.4714,0.0000,-348.721,-3.698,-0.789,-107.985,0.0615,-0.0225,0.9849,
2.694,IMU,121.7265,0.0000,60.8632,2.4714,0.0000,-348.721,-3.774,-0.793,-108.193,0.1060,0.0200,0.9941,
2.707,ENC,121.7776,0.0000,60.8888,2.5566,0.0000,-348.867,-3.774,-0.793,-108.193,0.1060,0.0200,0.9941,
2.714,IMU,121.7776,0.0000,60.8888,2.5566,0.0000,-348.867,-3.798,-0.788,-108.382,0.0879,-0.0200,1.0249,
2.727,ENC,121.8253,0.0000,60.9127,2.3862,0.0000,-349.004,-3.798,-0.788,-108.382,0.0879,-0.0200,1.0249,
2.733,IMU,121.8253,0.0000,60.9127,2.3862,0.0000,-349.004,-3.824,-0.773,-108.591,0.0928,0.0073,1.0059,
2.747,ENC,121.8714,0.0000,60.9357,2.3010,0.0000,-349.136,-3.824,-0.773,-108.591,0.0928,0.0073,1.0059,
2.753,IMU,121.8714,0.0000,60.9357,2.3010,0.0000,-349.136,-3.859,-0.767,-108.792,0.0723,-0.0107,0.9546,
2.766,ENC,121.9174,0.0000,60.9587,2.3010,0.0000,-349.268,-3.859,-0.767,-108.792,0.0723,-0.0107,0.9546,
2.774,IMU,121.9174,0.0000,60.9587,2.3010,0.0000,-349.268,-3.873,-0.816,-108.972,0.0815,-0.0283,0.9771,
2.787,ENC,121.9651,0.0000,60.9826,2.3862,0.0000,-349.404,-3.873,-0.816,-108.972,0.0815,-0.0283,0.9771,
2.794,IMU,121.9651,0.0000,60.9826,2.3862,0.0000,-349.404,-3.868,-0.770,-109.165,0.0845,0.0181,0.9727,
2.813,ENC,122.0111,0.0000,61.0056,2.3010,0.0000,-349.536,-3.868,-0.770,-109.165,0.0845,0.0181,0.9727,
2.816,IMU,122.0111,0.0000,61.0056,2.3010,0.0000,-349.536,-3.848,-0.770,-109.371,0.0522,-0.0342,1.0093,
2.827,ENC,122.0554,0.0000,61.0277,2.2158,0.0000,-349.663,-3.848,-0.770,-109.371,0.0522,-0.0342,1.0093,
2.833,IMU,122.0554,0.0000,61.0277,2.2158,0.0000,-349.663,-3.849,-0.680,-109.552,0.0928,0.0420,0.9888,
2.848,ENC,122.0998,0.0000,61.0499,2.2158,0.0000,-349.790,-3.849,-0.680,-109.552,0.0928,0.0420,0.9888,
2.854,IMU,122.0998,0.0000,61.0499,2.2158,0.0000,-349.790,-3.815,-0.664,-109.771,0.0356,0.0098,0.9771,
2.867,ENC,122.1441,0.0000,61.0720,2.2158,0.0000,-349.917,-3.815,-0.664,-109.771,0.0356,0.0098,0.9771,
2.873,IMU,122.1441,0.0000,61.0720,2.2158,0.0000,-349.917,-3.813,-0.703,-109.954,0.0654,-0.0449,0.9834,
2.887,ENC,122.1867,0.0000,61.0933,2.1305,0.0000,-350.039,-3.813,-0.703,-109.954,0.0654,-0.0449,0.9834,
2.893,IMU,122.1867,0.0000,61.0933,2.1305,0.0000,-350.039,-3.724,-0.733,-110.151,0.0010,-0.0122,1.0195,
2.907,ENC,122.2276,0.0000,61.1138,2.0453,0.0000,-350.156,-3.724,-0.733,-110.151,0.0010,-0.0122,1.0195,
2.913,IMU,122.2276,0.0000,61.1138,2.0453,0.0000,-350.156,-3.750,-0.824,-110.306,0.0518,-0.0566,1.0093,
2.927,ENC,122.2651,0.0000,61.1325,1.8749,0.0000,-350.264,-3.750,-0.824,-110.306,0.0518,-0.0566,1.0093,
2.933,IMU,122.2651,0.0000,61.1325,1.8749,0.0000,-350.264,-3.802,-0.802,-110.399,0.0728,-0.0244,1.0166,
2.947,ENC,122.3009,0.0000,61.1504,1.7896,0.0000,-350.366,-3.802,-0.802,-110.399,0.0728,-0.0244,1.0166,
2.953,IMU,122.3009,0.0000,61.1504,1.7896,0.0000,-350.366,-3.822,-0.796,-110.557,0.0615,-0.0024,0.9902,
2.967,ENC,122.3384,0.0000,61.1692,1.8749,0.0000,-350.474,-3.822,-0.796,-110.557,0.0615,-0.0024,0.9902,
2.973,IMU,122.3384,0.0000,61.1692,1.8749,0.0000,-350.474,-3.821,-0.789,-110.690,0.0479,-0.0132,0.9751,
2.987,ENC,122.3708,0.0000,61.1854,1.6192,0.0000,-350.566,-3.821,-0.789,-110.690,0.0479,-0.0132,0.9751,
2.993,IMU,122.3708,0.0000,61.1854,1.6192,0.0000,-350.566,-3.828,-0.776,-110.828,0.0488,-0.0156,1.0532,
3.007,ENC,122.4014,0.0000,61.2007,1.5340,0.0000,-350.654,-3.828,-0.776,-110.828,0.0488,-0.0156,1.0532,
3.013,IMU,122.4014,0.0000,61.2007,1.5340,0.0000,-350.654,-3.869,-0.834,-110.980,0.0898,-0.0259,0.9629,
3.028,ENC,122.4372,0.0000,61.2186,1.7896,0.0000,-350.757,-3.869,-0.834,-110.980,0.0898,-0.0259,0.9629,
3.033,IMU,122.4372,0.0000,61.2186,1.7896,0.0000,-350.757,-3.905,-0.752,-111.081,0.0786,0.0244,0.9351,
3.049,ENC,122.4747,0.0000,61.2374,1.8749,0.0000,-350.864,-3.905,-0.752,-111.081,0.0786,0.0244,0.9351,
3.053,IMU,122.4747,0.0000,61.2374,1.8749,0.0000,-350.864,-3.921,-0.774,-111.195,0.0420,-0.0166,0.9736,
3.067,ENC,122.5054,0.0000,61.2527,1.5340,0.0000,-350.952,-3.921,-0.774,-111.195,0.0420,-0.0166,0.9736,
3.074,IMU,122.5054,0.0000,61.2527,1.5340,0.0000,-350.952,-3.921,-0.716,-111.291,0.0420,-0.0015,1.0063,
3.087,ENC,122.5310,0.0000,61.2655,1.2783,0.0000,-351.025,-3.921,-0.716,-111.291,0.0420,-0.0015,1.0063,
3.096,IMU,122.5310,0.0000,61.2655,1.2783,0.0000,-351.025,-3.920,-0.741,-111.348,0.0776,-0.0190,0.9785,
3.107,ENC,122.5565,0.0000,61.2783,1.2783,0.0000,-351.099,-3.920,-0.741,-111.348,0.0776,-0.0190,0.9785,
3.113,IMU,122.5565,0.0000,61.2783,1.2783,0.0000,-351.099,-3.870,-0.721,-111.543,0.0498,-0.0132,1.0566,
3.127,ENC,122.5804,0.0000,61.2902,1.1931,0.0000,-351.167,-3.870,-0.721,-111.543,0.0498,-0.0132,1.0566,
3.133,IMU,122.5804,0.0000,61.2902,1.1931,0.0000,-351.167,-3.861,-0.683,-111.599,0.0483,-0.0195,0.9443,
3.147,ENC,122.6043,0.0000,61.3021,1.1931,0.0000,-351.235,-3.861,-0.683,-111.599,0.0483,-0.0195,0.9443,
3.153,IMU,122.6043,0.0000,61.3021,1.1931,0.0000,-351.235,-3.910,-0.629,-111.689,0.1113,0.0366,0.9976,
3.167,ENC,122.6196,0.0000,61.3098,0.7670,0.0000,-351.279,-3.910,-0.629,-111.689,0.1113,0.0366,0.9976,
3.173,IMU,122.6196,0.0000,61.3098,0.7670,0.0000,-351.279,-3.932,-0.589,-111.828,0.0532,0.0142,0.9946,
3.188,ENC,122.6367,0.0000,61.3183,0.8522,0.0000,-351.328,-3.932,-0.589,-111.828,0.0532,0.0142,0.9946,
3.194,IMU,122.6367,0.0000,61.3183,0.8522,0.0000,-351.328,-3.940,-0.643,-111.903,0.0410,-0.0205,0.9824,
3.208,ENC,122.6469,0.0000,61.3234,0.5113,0.0000,-351.357,-3.940,-0.643,-111.903,0.0410,-0.0205,0.9824,
3.213,IMU,122.6469,0.0000,61.3234,0.5113,0.0000,-351.357,-3.883,-0.645,-111.939,0.0205,-0.0103,1.0308,
3.229,ENC,122.6503,0.0000,61.3251,0.1704,0.0000,-351.367,-3.883,-0.645,-111.939,0.0205,-0.0103,1.0308,
3.234,IMU,122.6503,0.0000,61.3251,0.1704,0.0000,-351.367,-3.942,-0.606,-112.029,0.0796,-0.0044,0.9741,
3.247,ENC,122.6537,0.0000,61.3268,0.1704,0.0000,-351.377,-3.942,-0.606,-112.029,0.0796,-0.0044,0.9741,
3.253,IMU,122.6537,0.0000,61.3268,0.1704,0.0000,-351.377,-3.902,-0.608,-112.095,0.0474,-0.0059,1.0034,
3.269,ENC,122.6537,0.0000,61.3268,0.0000,0.0000,-351.377,-3.902,-0.608,-112.095,0.0474,-0.0059,1.0034,
3.273,IMU,122.6537,0.0000,61.3268,0.0000,0.0000,-351.377,-3.883,-0.633,-112.247,0.0415,-0.0186,0.9888,
3.288,ENC,122.6554,0.0000,61.3277,0.0852,0.0000,-351.382,-3.883,-0.633,-112.247,0.0415,-0.0186,0.9888,
3.293,IMU,122.6554,0.0000,61.3277,0.0852,0.0000,-351.382,-3.880,-0.664,-112.335,0.0767,-0.0337,0.8691,
3.311,ENC,122.6554,0.0000,61.3277,0.0000,0.0000,-351.382,-3.880,-0.664,-112.335,0.0767,-0.0337,0.8691,
3.314,IMU,122.6554,0.0000,61.3277,0.0000,0.0000,-351.382,-3.905,-0.696,-112.419,0.0972,-0.0239,0.9189,
3.334,IMU,122.6554,0.0000,61.3277,0.0000,0.0000,-351.382,-3.912,-0.769,-112.441,0.0464,-0.0312,0.9336,
3.336,ENC,122.6571,0.0000,61.3286,0.0852,0.0000,-351.387,-3.912,-0.769,-112.441,0.0464,-0.0312,0.9336,
3.347,ENC,122.6571,0.0000,61.3286,0.0000,0.0000,-351.387,-3.912,-0.769,-112.441,0.0464,-0.0312,0.9336,
3.354,IMU,122.6571,0.0000,61.3286,0.0000,0.0000,-351.387,-4.137,-0.771,-112.538,0.2148,0.0015,0.8779,
3.369,ENC,122.6588,0.0000,61.3294,0.0852,0.0000,-351.392,-4.137,-0.771,-112.538,0.2148,0.0015,0.8779,
3.375,IMU,122.6588,0.0000,61.3294,0.0852,0.0000,-351.392,-4.118,-0.767,-112.582,0.0239,0.0347,1.1396,
3.387,ENC,122.6605,0.0000,61.3303,0.0852,0.0000,-351.396,-4.118,-0.767,-112.582,0.0239,0.0347,1.1396,
3.393,IMU,122.6605,0.0000,61.3303,0.0852,0.0000,-351.396,-3.950,-0.748,-112.653,0.0078,-0.0044,1.1377,
3.407,ENC,122.6588,0.0000,61.3294,-0.0852,0.0000,-351.392,-3.950,-0.748,-112.653,0.0078,-0.0044,1.1377,
3.413,IMU,122.6588,0.0000,61.3294,-0.0852,0.0000,-351.392,-3.928,-0.732,-112.711,0.0444,-0.0059,0.9673,
3.428,ENC,122.6622,0.0000,61.3311,0.1704,0.0000,-351.401,-3.928,-0.732,-112.711,0.0444,-0.0059,0.9673,
3.434,IMU,122.6622,0.0000,61.3311,0.1704,0.0000,-351.401,-3.911,-0.701,-112.736,0.0215,0.0220,0.8838,
3.450,ENC,122.6622,0.0000,61.3311,0.0000,0.0000,-351.401,-3.911,-0.701,-112.736,0.0215,0.0220,0.8838,
3.454,IMU,122.6622,0.0000,61.3311,0.0000,0.0000,-351.401,-3.841,-0.774,-112.687,0.0591,-0.0479,0.9956,
3.467,ENC,122.6605,0.0000,61.3303,-0.0852,0.0000,-351.396,-3.841,-0.774,-112.687,0.0591,-0.0479,0.9956,
3.475,IMU,122.6605,0.0000,61.3303,-0.0852,0.0000,-351.396,-3.802,-0.795,-112.675,0.0547,-0.0332,0.9868,
3.487,ENC,122.6605,0.0000,61.3303,0.0000,0.0000,-351.396,-3.802,-0.795,-112.675,0.0547,-0.0332,0.9868,
3.493,IMU,122.6605,0.0000,61.3303,0.0000,0.0000,-351.396,-3.854,-0.775,-112.687,0.1045,-0.0073,1.0122,
3.507,ENC,122.6622,0.0000,61.3311,0.0852,0.0000,-351.401,-3.854,-0.775,-112.687,0.1045,-0.0073,1.0122,
3.513,IMU,122.6622,0.0000,61.3311,0.0852,0.0000,-351.401,-3.903,-0.689,-112.701,0.0703,0.0225,0.9932,
3.527,ENC,122.6622,0.0000,61.3311,0.0000,0.0000,-351.401,-3.903,-0.689,-112.701,0.0703,0.0225,0.9932,
3.533,IMU,122.6622,0.0000,61.3311,0.0000,0.0000,-351.401,-3.917,-0.665,-112.617,0.0659,0.0166,0.9893,
3.547,ENC,122.6622,0.0000,61.3311,0.0000,0.0000,-351.401,-3.917,-0.665,-112.617,0.0659,0.0166,0.9893,
3.553,IMU,122.6622,0.0000,61.3311,0.0000,0.0000,-351.401,-3.876,-0.651,-112.640,0.0552,0.0039,1.0015,
3.568,ENC,122.6622,0.0000,61.3311,0.0000,0.0000,-351.401,-3.876,-0.651,-112.640,0.0552,0.0039,1.0015,
3.573,IMU,122.6622,0.0000,61.3311,0.0000,0.0000,-351.401,-3.888,-0.678,-112.654,0.0640,-0.0278,0.9893,
3.587,ENC,122.6622,0.0000,61.3311,0.0000,0.0000,-351.401,-3.888,-0.678,-112.654,0.0640,-0.0278,0.9893,
3.593,IMU,122.6622,0.0000,61.3311,0.0000,0.0000,-351.401,-3.873,-0.719,-112.641,0.0688,-0.0210,1.0010,
3.608,ENC,122.6622,0.0000,61.3311,0.0000,0.0000,-351.401,-3.873,-0.719,-112.641,0.0688,-0.0210,1.0010,
3.613,IMU,122.6622,0.0000,61.3311,0.0000,0.0000,-351.401,-3.879,-0.629,-112.645,0.0874,-0.0078,0.9907,
3.627,ENC,122.6622,0.0000,61.3311,0.0000,0.0000,-351.401,-3.879,-0.629,-112.645,0.0874,-0.0078,0.9907,
3.633,IMU,122.6622,0.0000,61.3311,0.0000,0.0000,-351.401,-3.873,-0.648,-112.692,0.0693,-0.0054,0.9907,
3.647,ENC,122.6622,0.0000,61.3311,0.0000,0.0000,-351.401,-3.873,-0.648,-112.692,0.0693,-0.0054,0.9907,
3.653,IMU,122.6622,0.0000,61.3311,0.0000,0.0000,-351.401,-3.860,-0.634,-112.706,0.0591,-0.0146,0.9844,
3.667,ENC,122.6622,0.0000,61.3311,0.0000,0.0000,-351.401,-3.860,-0.634,-112.706,0.0591,-0.0146,0.9844,
3.673,IMU,122.6622,0.0000,61.3311,0.0000,0.0000,-351.401,-3.850,-0.625,-112.722,0.0776,0.0005,0.9980,
3.687,ENC,122.6622,0.0000,61.3311,0.0000,0.0000,-351.401,-3.850,-0.625,-112.722,0.0776,0.0005,0.9980,
3.693,IMU,122.6622,0.0000,61.3311,0.0000,0.0000,-351.401,-3.844,-0.605,-112.749,0.0806,-0.0200,1.0000,
3.713,IMU,122.6622,0.0000,61.3311,0.0000,0.0000,-351.401,-3.823,-0.572,-112.776,0.0703,-0.0088,0.9976,
3.727,ENC,122.6622,0.0000,61.3311,0.0000,0.0000,-351.401,-3.823,-0.572,-112.776,0.0703,-0.0088,0.9976,
3.733,IMU,122.6622,0.0000,61.3311,0.0000,0.0000,-351.401,-3.860,-0.582,-112.736,0.0649,-0.0098,0.9927,
3.750,ENC,122.6622,0.0000,61.3311,0.0000,0.0000,-351.401,-3.860,-0.582,-112.736,0.0649,-0.0098,0.9927,
3.755,IMU,122.6622,0.0000,61.3311,0.0000,0.0000,-351.401,-3.893,-0.578,-112.776,0.0640,-0.0137,0.9951,
3.767,ENC,122.6622,0.0000,61.3311,0.0000,0.0000,-351.401,-3.893,-0.578,-112.776,0.0640,-0.0137,0.9951,
3.773,IMU,122.6622,0.0000,61.3311,0.0000,0.0000,-351.401,-3.890,-0.674,-112.769,0.0684,-0.0557,0.9951,
3.787,ENC,122.6656,0.0000,61.3328,0.1704,0.0000,-351.411,-3.890,-0.674,-112.769,0.0684,-0.0557,0.9951,
3.794,IMU,122.6656,0.0000,61.3328,0.1704,0.0000,-351.411,-3.929,-0.759,-112.758,0.0933,-0.0781,1.0015,
3.808,ENC,122.6827,0.0000,61.3413,0.8522,0.0000,-351.460,-3.929,-0.759,-112.758,0.0933,-0.0781,1.0015,
3.813,IMU,122.6827,0.0000,61.3413,0.8522,0.0000,-351.460,-4.031,-0.902,-112.829,0.1313,-0.0938,1.0229,
3.827,ENC,122.7270,0.0000,61.3635,2.2158,0.0000,-351.587,-4.031,-0.902,-112.829,0.1313,-0.0938,1.0229,
3.837,IMU,122.7270,0.0000,61.3635,2.2158,0.0000,-351.587,-4.099,-1.058,-112.932,0.0776,-0.1724,0.9653,
3.848,ENC,122.8071,0.0000,61.4035,4.0054,0.0000,-351.816,-4.099,-1.058,-112.932,0.0776,-0.1724,0.9653,
3.856,IMU,122.8071,0.0000,61.4035,4.0054,0.0000,-351.816,-4.046,-1.307,-113.081,-0.0229,-0.1455,1.0146,
3.866,ENC,122.9008,0.0000,61.4504,4.6872,0.0000,-352.085,-4.046,-1.307,-113.081,-0.0229,-0.1455,1.0146,
3.873,IMU,122.9008,0.0000,61.4504,4.6872,0.0000,-352.085,-4.004,-1.316,-113.234,0.0654,-0.0737,1.0503,
3.887,ENC,123.0082,0.0000,61.5041,5.3689,0.0000,-352.393,-4.004,-1.316,-113.234,0.0654,-0.0737,1.0503,
3.894,IMU,123.0082,0.0000,61.5041,5.3689,0.0000,-352.393,-4.010,-1.389,-113.462,0.0488,-0.1191,1.0415,
3.912,ENC,123.1360,0.0000,61.5680,6.3916,0.0000,-352.759,-4.010,-1.389,-113.462,0.0488,-0.1191,1.0415,
3.915,IMU,123.1360,0.0000,61.5680,6.3916,0.0000,-352.759,-4.026,-1.509,-113.649,0.0605,-0.1255,1.0293,
3.928,ENC,123.2758,0.0000,61.6379,6.9881,0.0000,-353.159,-4.026,-1.509,-113.649,0.0605,-0.1255,1.0293,
3.933,IMU,123.2758,0.0000,61.6379,6.9881,0.0000,-353.159,-3.990,-1.476,-113.836,0.0562,0.0327,0.9170,
3.947,ENC,123.4139,0.0000,61.7069,6.9029,0.0000,-353.555,-3.990,-1.476,-113.836,0.0562,0.0327,0.9170,
3.953,IMU,123.4139,0.0000,61.7069,6.9029,0.0000,-353.555,-3.902,-1.675,-113.959,0.0112,-0.1738,0.9873,
3.967,ENC,123.5656,0.0000,61.7828,7.5847,0.0000,-353.989,-3.902,-1.675,-113.959,0.0112,-0.1738,0.9873,
3.973,IMU,123.5656,0.0000,61.7828,7.5847,0.0000,-353.989,-3.838,-1.805,-114.022,-0.0322,-0.0527,1.1514,
3.987,ENC,123.7121,0.0000,61.8561,7.3290,0.0000,-354.409,-3.838,-1.805,-114.022,-0.0322,-0.0527,1.1514,
3.996,IMU,123.7121,0.0000,61.8561,7.3290,0.0000,-354.409,-3.924,-1.867,-114.049,0.1318,-0.0986,0.9780,
4.007,ENC,123.8536,0.0000,61.9268,7.0734,0.0000,-354.814,-3.924,-1.867,-114.049,0.1318,-0.0986,0.9780,
4.015,IMU,123.8536,0.0000,61.9268,7.0734,0.0000,-354.814,-3.983,-1.893,-114.031,0.0854,-0.0557,0.9541,
4.028,ENC,123.9985,0.0000,61.9992,7.2438,0.0000,-355.229,-3.983,-1.893,-114.031,0.0854,-0.0557,0.9541,
4.034,IMU,123.9985,0.0000,61.9992,7.2438,0.0000,-355.229,-3.961,-2.113,-114.038,0.1118,-0.1987,0.9497,
4.047,ENC,124.1655,0.0000,62.0828,8.3517,0.0000,-355.708,-3.961,-2.113,-114.038,0.1118,-0.1987,0.9497,
4.053,IMU,124.1655,0.0000,62.0828,8.3517,0.0000,-355.708,-3.881,-2.290,-114.049,0.0010,-0.1904,0.9614,
4.068,ENC,124.3530,0.0000,62.1765,9.3743,0.0000,-356.245,-3.881,-2.290,-114.049,0.0010,-0.1904,0.9614,
4.074,IMU,124.3530,0.0000,62.1765,9.3743,0.0000,-356.245,-3.810,-2.327,-114.087,0.0195,-0.1035,0.9893,
4.089,ENC,124.5303,0.0000,62.2651,8.8630,0.0000,-356.753,-3.810,-2.327,-114.087,0.0195,-0.1035,0.9893,
4.094,IMU,124.5303,0.0000,62.2651,8.8630,0.0000,-356.753,-3.778,-2.255,-114.025,0.0806,0.0669,1.0537,
4.127,IMU,124.5303,0.0000,62.2651,8.8630,0.0000,-356.753,-3.866,-2.153,-113.963,0.1890,0.0474,0.9531,
4.129,ENC,124.8916,0.0000,62.4458,9.0334,0.0000,-357.788,-3.866,-2.153,-113.963,0.1890,0.0474,0.9531,
4.147,ENC,125.0757,0.0000,62.5378,9.2039,0.0000,-358.315,-3.866,-2.153,-113.963,0.1890,0.0474,0.9531,
4.167,ENC,125.2529,0.0000,62.6265,8.8630,0.0000,-358.823,-3.866,-2.153,-113.963,0.1890,0.0474,0.9531,
4.179,IMU,125.2529,0.0000,62.6265,8.8630,0.0000,-358.823,-3.831,-2.260,-113.905,0.0547,-0.0796,0.9004,
4.182,IMU,125.2529,0.0000,62.6265,8.8630,0.0000,-358.823,-3.896,-2.248,-113.890,0.0864,-0.0020,1.0337,
4.194,IMU,125.2529,0.0000,62.6265,8.8630,0.0000,-358.823,-3.883,-2.162,-113.816,0.0908,0.0610,1.0527,
4.208,ENC,125.5938,0.2045,62.8992,8.5221,5.1133,-359.214,-3.883,-2.162,-113.816,0.0908,0.0610,1.0527,
4.213,IMU,125.5938,0.2045,62.8992,8.5221,5.1133,-359.214,-3.879,-2.054,-113.860,0.0474,0.0244,1.0444,
4.227,ENC,125.7574,0.0000,62.8787,8.1812,-10.2265,-360.269,-3.879,-2.054,-113.860,0.0474,0.0244,1.0444,
4.237,IMU,125.7574,0.0000,62.8787,8.1812,-10.2265,-360.269,-3.831,-2.071,-113.880,-0.0400,0.0059,1.1011,
4.247,ENC,125.9381,0.0000,62.9691,9.0334,0.0000,-360.786,-3.831,-2.071,-113.880,-0.0400,0.0059,1.1011,
4.254,IMU,125.9381,0.0000,62.9691,9.0334,0.0000,-360.786,-3.800,-2.160,-113.938,0.0186,-0.1318,1.0244,
4.267,ENC,126.1103,0.0000,63.0551,8.6073,0.0000,-361.279,-3.800,-2.160,-113.938,0.0186,-0.1318,1.0244,
4.273,IMU,126.1103,0.0000,63.0551,8.6073,0.0000,-361.279,-3.797,-2.266,-113.969,0.0718,-0.1196,0.8994,
4.287,ENC,126.2943,0.0000,63.1472,9.2039,0.0000,-361.807,-3.797,-2.266,-113.969,0.0718,-0.1196,0.8994,
4.295,IMU,126.2943,0.0000,63.1472,9.2039,0.0000,-361.807,-3.713,-2.189,-113.935,0.0088,0.0239,1.0220,
4.314,IMU,126.2943,0.0000,63.1472,9.2039,0.0000,-361.807,-3.680,-2.202,-113.916,0.0020,-0.0518,1.0103,
4.327,ENC,126.6710,0.0000,63.3355,9.4169,0.0000,-362.886,-3.680,-2.202,-113.916,0.0020,-0.0518,1.0103,
4.334,IMU,126.6710,0.0000,63.3355,9.4169,0.0000,-362.886,-3.734,-2.085,-113.892,0.1177,0.0913,1.0254,
4.349,ENC,126.8636,0.0000,63.4318,9.6300,0.0000,-363.438,-3.734,-2.085,-113.892,0.1177,0.0913,1.0254,
4.354,IMU,126.8636,0.0000,63.4318,9.6300,0.0000,-363.438,-3.661,-2.235,-113.957,0.0308,-0.1279,1.0088,
4.367,ENC,127.0443,0.0000,63.5221,9.0334,0.0000,-363.955,-3.661,-2.235,-113.957,0.0308,-0.1279,1.0088,
4.374,IMU,127.0443,0.0000,63.5221,9.0334,0.0000,-363.955,-3.731,-2.324,-113.976,0.1475,-0.1030,0.9985,
4.387,ENC,127.2505,0.0000,63.6253,10.3118,0.0000,-364.546,-3.731,-2.324,-113.976,0.1475,-0.1030,0.9985,
4.396,IMU,127.2505,0.0000,63.6253,10.3118,0.0000,-364.546,-3.694,-2.311,-114.019,-0.0049,-0.0332,0.9263,
4.413,IMU,127.2505,0.0000,63.6253,10.3118,0.0000,-364.546,-3.815,-2.240,-114.042,0.1401,0.0210,0.9878,
4.427,ENC,127.6425,0.0000,63.8213,9.8004,0.0000,-365.669,-3.815,-2.240,-114.042,0.1401,0.0210,0.9878,
4.434,IMU,127.6425,0.0000,63.8213,9.8004,0.0000,-365.669,-3.850,-2.136,-114.011,0.1230,0.0923,1.0039,
4.447,ENC,127.8437,0.0000,63.9218,10.0561,0.0000,-366.245,-3.850,-2.136,-114.011,0.1230,0.0923,1.0039,
4.453,IMU,127.8437,0.0000,63.9218,10.0561,0.0000,-366.245,-3.931,-2.047,-114.010,0.1309,0.0361,0.9395,
4.468,ENC,128.0533,0.0000,64.0267,10.4822,0.0000,-366.846,-3.931,-2.047,-114.010,0.1309,0.0361,0.9395,
4.473,IMU,128.0533,0.0000,64.0267,10.4822,0.0000,-366.846,-3.961,-2.022,-114.000,0.1133,0.0283,1.0000,
4.487,ENC,128.2527,0.0000,64.1264,9.9709,0.0000,-367.417,-3.961,-2.022,-114.000,0.1133,0.0283,1.0000,
4.493,IMU,128.2527,0.0000,64.1264,9.9709,0.0000,-367.417,-4.041,-1.881,-113.972,0.1406,0.0781,1.0933,
4.507,ENC,128.4402,0.0000,64.2201,9.3743,0.0000,-367.954,-4.041,-1.881,-113.972,0.1406,0.0781,1.0933,
4.513,IMU,128.4402,0.0000,64.2201,9.3743,0.0000,-367.954,-4.129,-1.736,-113.851,0.1133,0.1304,1.0498,
4.527,ENC,128.6192,0.0000,64.3096,8.9482,0.0000,-368.467,-4.129,-1.736,-113.851,0.1133,0.1304,1.0498,
4.533,IMU,128.6192,0.0000,64.3096,8.9482,0.0000,-368.467,-4.312,-1.768,-113.785,0.2051,-0.0576,0.8618,
4.547,ENC,128.7947,0.0000,64.3974,8.7778,0.0000,-368.970,-4.312,-1.768,-113.785,0.2051,-0.0576,0.8618,
4.553,IMU,128.7947,0.0000,64.3974,8.7778,0.0000,-368.970,-4.377,-1.795,-113.796,0.1147,-0.0337,0.9224,
4.567,ENC,128.9703,0.0000,64.4851,8.7778,0.0000,-369.473,-4.377,-1.795,-113.796,0.1147,-0.0337,0.9224,
4.573,IMU,128.9703,0.0000,64.4851,8.7778,0.0000,-369.473,-4.318,-1.785,-113.739,0.0371,0.0127,0.9341,
4.588,ENC,129.1373,0.0000,64.5687,8.3517,0.0000,-369.951,-4.318,-1.785,-113.739,0.0371,0.0127,0.9341,
4.593,IMU,129.1373,0.0000,64.5687,8.3517,0.0000,-369.951,-4.377,-1.684,-113.711,0.1768,0.0581,0.8926,
4.607,ENC,129.3163,0.0000,64.6581,8.9482,0.0000,-370.464,-4.377,-1.684,-113.711,0.1768,0.0581,0.8926,
4.613,IMU,129.3163,0.0000,64.6581,8.9482,0.0000,-370.464,-4.348,-1.646,-113.718,0.0444,-0.0015,1.0542,
4.627,ENC,129.4884,0.0000,64.7442,8.6073,0.0000,-370.957,-4.348,-1.646,-113.718,0.0444,-0.0015,1.0542,
4.634,IMU,129.4884,0.0000,64.7442,8.6073,0.0000,-370.957,-4.293,-1.640,-113.734,0.0415,-0.0078,0.9580,
4.654,IMU,129.4884,0.0000,64.7442,8.6073,0.0000,-370.957,-4.346,-1.750,-113.697,0.0664,-0.1040,1.0757,
4.667,ENC,129.8600,0.0000,64.9300,9.2891,0.0000,-372.021,-4.346,-1.750,-113.697,0.0664,-0.1040,1.0757,
4.673,IMU,129.8600,0.0000,64.9300,9.2891,0.0000,-372.021,-4.374,-1.731,-113.657,0.0840,-0.0522,1.0679,
4.687,ENC,130.0373,0.0000,65.0186,8.8630,0.0000,-372.529,-4.374,-1.731,-113.657,0.0840,-0.0522,1.0679,
4.693,IMU,130.0373,0.0000,65.0186,8.8630,0.0000,-372.529,-4.282,-1.740,-113.615,-0.0112,-0.0562,0.9771,
4.715,IMU,130.0373,0.0000,65.0186,8.8630,0.0000,-372.529,-4.252,-1.770,-113.594,0.0361,-0.0723,0.9775,
4.717,ENC,130.2145,0.0000,65.1073,8.8630,0.0000,-373.037,-4.252,-1.770,-113.594,0.0361,-0.0723,0.9775,
4.727,ENC,130.3867,0.0000,65.1933,8.6073,0.0000,-373.530,-4.252,-1.770,-113.594,0.0361,-0.0723,0.9775,
4.734,IMU,130.3867,0.0000,65.1933,8.6073,0.0000,-373.530,-4.166,-1.828,-113.573,-0.0293,-0.0581,1.0483,
4.747,ENC,130.5690,0.0000,65.2845,9.1187,0.0000,-374.053,-4.166,-1.828,-113.573,-0.0293,-0.0581,1.0483,
4.755,IMU,130.5690,0.0000,65.2845,9.1187,0.0000,-374.053,-4.285,-1.754,-113.563,0.2026,0.0571,0.9458,
4.767,ENC,130.7429,0.0000,65.3714,8.6926,0.0000,-374.551,-4.285,-1.754,-113.563,0.2026,0.0571,0.9458,
4.773,IMU,130.7429,0.0000,65.3714,8.6926,0.0000,-374.551,-4.283,-1.679,-113.558,0.0952,0.0352,1.0112,
4.790,ENC,130.9201,0.0000,65.4601,8.8630,0.0000,-375.059,-4.283,-1.679,-113.558,0.0952,0.0352,1.0112,
4.793,IMU,130.9201,0.0000,65.4601,8.8630,0.0000,-375.059,-4.317,-1.615,-113.528,0.0928,0.0161,0.9053,
4.807,ENC,131.0991,0.0000,65.5496,8.9482,0.0000,-375.571,-4.317,-1.615,-113.528,0.0928,0.0161,0.9053,
4.814,IMU,131.0991,0.0000,65.5496,8.9482,0.0000,-375.571,-4.208,-1.759,-113.466,-0.0684,-0.1494,1.1299,
4.828,ENC,131.2832,0.0000,65.6416,9.2039,0.0000,-376.099,-4.208,-1.759,-113.466,-0.0684,-0.1494,1.1299,
4.845,IMU,131.2832,0.0000,65.6416,9.2039,0.0000,-376.099,-4.296,-1.831,-113.476,0.1582,-0.0786,0.8774,
4.851,ENC,131.4656,0.0000,65.7328,9.1187,0.0000,-376.621,-4.296,-1.831,-113.476,0.1582,-0.0786,0.8774,
4.854,IMU,131.4656,0.0000,65.7328,9.1187,0.0000,-376.621,-4.384,-1.758,-113.528,0.1489,0.0464,0.9961,
4.867,ENC,131.6462,0.0000,65.8231,9.0334,0.0000,-377.139,-4.384,-1.758,-113.528,0.1489,0.0464,0.9961,
4.873,IMU,131.6462,0.0000,65.8231,9.0334,0.0000,-377.139,-4.404,-1.623,-113.537,0.0576,0.0669,1.0278,
4.887,ENC,131.8184,0.0000,65.9092,8.6073,0.0000,-377.632,-4.404,-1.623,-113.537,0.0576,0.0669,1.0278,
4.893,IMU,131.8184,0.0000,65.9092,8.6073,0.0000,-377.632,-4.430,-1.419,-113.481,0.1152,0.1870,1.0215,
4.910,ENC,131.9820,0.0000,65.9910,8.1812,0.0000,-378.101,-4.430,-1.419,-113.481,0.1152,0.1870,1.0215,
4.915,IMU,131.9820,0.0000,65.9910,8.1812,0.0000,-378.101,-4.609,-1.605,-113.507,0.2144,-0.1660,0.8003,
4.927,ENC,132.1439,0.0000,66.0720,8.0960,0.0000,-378.564,-4.609,-1.605,-113.507,0.2144,-0.1660,0.8003,
4.934,IMU,132.1439,0.0000,66.0720,8.0960,0.0000,-378.564,-4.675,-1.455,-113.550,0.1567,0.0874,0.9858,
4.947,ENC,132.3024,0.0000,66.1512,7.9256,0.0000,-379.019,-4.675,-1.455,-113.550,0.1567,0.0874,0.9858,
4.954,IMU,132.3024,0.0000,66.1512,7.9256,0.0000,-379.019,-4.696,-1.578,-113.548,0.0908,-0.1152,0.9473,
4.967,ENC,132.4626,0.0000,66.2313,8.0108,0.0000,-379.478,-4.696,-1.578,-113.548,0.0908,-0.1152,0.9473,
4.973,IMU,132.4626,0.0000,66.2313,8.0108,0.0000,-379.478,-4.669,-1.642,-113.513,0.0171,-0.0942,0.9980,
4.987,ENC,132.5990,0.0000,66.2995,6.8177,0.0000,-379.868,-4.669,-1.642,-113.513,0.0171,-0.0942,0.9980,
4.993,IMU,132.5990,0.0000,66.2995,6.8177,0.0000,-379.868,-4.784,-1.629,-113.497,0.1245,-0.0269,1.0127,
5.010,ENC,132.7456,0.0000,66.3728,7.3290,0.0000,-380.288,-4.784,-1.629,-113.497,0.1245,-0.0269,1.0127,
5.013,IMU,132.7456,0.0000,66.3728,7.3290,0.0000,-380.288,-4.894,-1.530,-113.469,0.1440,0.0493,0.9658,
5.027,ENC,132.8973,0.0000,66.4486,7.5847,0.0000,-380.723,-4.894,-1.530,-113.469,0.1440,0.0493,0.9658,
5.033,IMU,132.8973,0.0000,66.4486,7.5847,0.0000,-380.723,-4.833,-1.649,-113.436,0.0044,-0.0825,1.0220,
5.047,ENC,133.0490,0.0000,66.5245,7.5847,0.0000,-381.157,-4.833,-1.649,-113.436,0.0044,-0.0825,1.0220,
5.053,IMU,133.0490,0.0000,66.5245,7.5847,0.0000,-381.157,-4.806,-1.615,-113.410,0.0591,0.0112,0.9136,
5.067,ENC,133.2007,0.0000,66.6003,7.5847,0.0000,-381.592,-4.806,-1.615,-113.410,0.0591,0.0112,0.9136,
5.073,IMU,133.2007,0.0000,66.6003,7.5847,0.0000,-381.592,-4.775,-1.564,-113.348,0.0781,0.0190,0.9092,
5.087,ENC,133.3660,0.0000,66.6830,8.2665,0.0000,-382.065,-4.775,-1.564,-113.348,0.0781,0.0190,0.9092,
5.093,IMU,133.3660,0.0000,66.6830,8.2665,0.0000,-382.065,-4.642,-1.408,-113.355,0.0015,0.0874,1.0288,
5.107,ENC,133.5058,0.0000,66.7529,6.9881,0.0000,-382.466,-4.642,-1.408,-113.355,0.0015,0.0874,1.0288,
5.114,IMU,133.5058,0.0000,66.7529,6.9881,0.0000,-382.466,-4.690,-1.383,-113.306,0.1089,0.0405,1.0166,
5.127,ENC,133.6694,0.0000,66.8347,8.1812,0.0000,-382.935,-4.690,-1.383,-113.306,0.1089,0.0405,1.0166,
5.133,IMU,133.6694,0.0000,66.8347,8.1812,0.0000,-382.935,-4.618,-1.312,-113.309,0.0420,0.0210,0.9736,
5.155,IMU,133.6694,0.0000,66.8347,8.1812,0.0000,-382.935,-4.582,-1.257,-113.287,0.0425,0.0063,1.0474,
5.157,ENC,133.8057,0.0000,66.9029,6.8177,0.0000,-383.325,-4.582,-1.257,-113.287,0.0425,0.0063,1.0474,
5.173,IMU,133.8057,0.0000,66.9029,6.8177,0.0000,-383.325,-4.569,-1.236,-113.345,0.0220,-0.0034,1.0620,
5.187,ENC,134.1159,0.0000,67.0580,7.7551,0.0000,-384.214,-4.569,-1.236,-113.345,0.0220,-0.0034,1.0620,
5.193,IMU,134.1159,0.0000,67.0580,7.7551,0.0000,-384.214,-4.558,-1.172,-113.347,0.0537,0.0264,0.9595,
5.207,ENC,134.2693,0.0000,67.1347,7.6699,0.0000,-384.653,-4.558,-1.172,-113.347,0.0537,0.0264,0.9595,
5.218,IMU,134.2693,0.0000,67.1347,7.6699,0.0000,-384.653,-4.560,-1.091,-113.360,0.0649,0.0420,0.9448,
5.228,ENC,134.4278,0.0000,67.2139,7.9256,0.0000,-385.107,-4.560,-1.091,-113.360,0.0649,0.0420,0.9448,
5.234,IMU,134.4278,0.0000,67.2139,7.9256,0.0000,-385.107,-4.458,-1.162,-113.297,-0.0405,-0.0356,1.0308,
5.247,ENC,134.5915,0.0000,67.2957,8.1812,0.0000,-385.576,-4.458,-1.162,-113.297,-0.0405,-0.0356,1.0308,
5.253,IMU,134.5915,0.0000,67.2957,8.1812,0.0000,-385.576,-4.468,-1.173,-113.262,0.0469,-0.0645,1.0166,
5.267,ENC,134.7568,0.0000,67.3784,8.2665,0.0000,-386.050,-4.468,-1.173,-113.262,0.0469,-0.0645,1.0166,
5.273,IMU,134.7568,0.0000,67.3784,8.2665,0.0000,-386.050,-4.444,-1.232,-113.240,0.0430,-0.0508,1.0386,
5.289,ENC,134.9272,0.0000,67.4636,8.5221,0.0000,-386.538,-4.444,-1.232,-113.240,0.0430,-0.0508,1.0386,
5.293,IMU,134.9272,0.0000,67.4636,8.5221,0.0000,-386.538,-4.578,-1.313,-113.234,0.1660,-0.0742,0.9541,
5.307,ENC,135.0909,0.0000,67.5454,8.1812,0.0000,-387.007,-4.578,-1.313,-113.234,0.1660,-0.0742,0.9541,
5.314,IMU,135.0909,0.0000,67.5454,8.1812,0.0000,-387.007,-4.629,-1.266,-113.213,0.1113,-0.0117,0.9893,
5.326,ENC,135.2494,0.0000,67.6247,7.9256,0.0000,-387.461,-4.629,-1.266,-113.213,0.1113,-0.0117,0.9893,
5.333,IMU,135.2494,0.0000,67.6247,7.9256,0.0000,-387.461,-4.704,-1.312,-113.219,0.1489,-0.0630,0.9307,
5.347,ENC,135.4130,0.0000,67.7065,8.1812,0.0000,-387.930,-4.704,-1.312,-113.219,0.1489,-0.0630,0.9307,
5.356,IMU,135.4130,0.0000,67.7065,8.1812,0.0000,-387.930,-4.657,-1.167,-113.203,0.0435,0.0796,1.0444,
5.367,ENC,135.5664,0.0000,67.7832,7.6699,0.0000,-388.369,-4.657,-1.167,-113.203,0.0435,0.0796,1.0444,
5.373,IMU,135.5664,0.0000,67.7832,7.6699,0.0000,-388.369,-4.565,-1.161,-113.187,0.0439,-0.0142,1.0317,
5.387,ENC,135.7147,0.0000,67.8573,7.4142,0.0000,-388.794,-4.565,-1.161,-113.187,0.0439,-0.0142,1.0317,
5.393,IMU,135.7147,0.0000,67.8573,7.4142,0.0000,-388.794,-4.531,-1.241,-113.133,0.0039,-0.0303,1.0342,
5.407,ENC,135.8766,0.0000,67.9383,8.0960,0.0000,-389.258,-4.531,-1.241,-113.133,0.0039,-0.0303,1.0342,
5.414,IMU,135.8766,0.0000,67.9383,8.0960,0.0000,-389.258,-4.660,-1.330,-113.180,0.1924,-0.0630,0.8979,
5.427,ENC,136.0283,0.0000,68.0142,7.5847,0.0000,-389.692,-4.660,-1.330,-113.180,0.1924,-0.0630,0.8979,
5.433,IMU,136.0283,0.0000,68.0142,7.5847,0.0000,-389.692,-4.690,-1.268,-113.192,0.0884,0.0229,1.0083,
5.447,ENC,136.1800,0.0000,68.0900,7.5847,0.0000,-390.127,-4.690,-1.268,-113.192,0.0884,0.0229,1.0083,
5.455,IMU,136.1800,0.0000,68.0900,7.5847,0.0000,-390.127,-4.720,-1.440,-113.230,0.1357,-0.1284,0.9106,
5.466,ENC,136.3368,0.0000,68.1684,7.8403,0.0000,-390.576,-4.720,-1.440,-113.230,0.1357,-0.1284,0.9106,
5.473,IMU,136.3368,0.0000,68.1684,7.8403,0.0000,-390.576,-4.683,-1.249,-113.238,0.0825,0.1401,1.0508,
5.487,ENC,136.4970,0.0000,68.2485,8.0108,0.0000,-391.035,-4.683,-1.249,-113.238,0.0825,0.1401,1.0508,
5.493,IMU,136.4970,0.0000,68.2485,8.0108,0.0000,-391.035,-4.652,-1.419,-113.247,0.0347,-0.1523,0.9277,
5.508,ENC,136.6572,0.0000,68.3286,8.0108,0.0000,-391.494,-4.652,-1.419,-113.247,0.0347,-0.1523,0.9277,
5.517,IMU,136.6572,0.0000,68.3286,8.0108,0.0000,-391.494,-4.590,-1.379,-113.228,0.0303,-0.0083,1.0093,
5.527,ENC,136.8294,0.0000,68.4147,8.6073,0.0000,-391.987,-4.590,-1.379,-113.228,0.0303,-0.0083,1.0093,
5.533,IMU,136.8294,0.0000,68.4147,8.6073,0.0000,-391.987,-4.621,-1.274,-113.215,0.0981,0.0283,1.0073,
5.546,ENC,136.9930,0.0000,68.4965,8.1812,0.0000,-392.456,-4.621,-1.274,-113.215,0.0981,0.0283,1.0073,
5.559,IMU,136.9930,0.0000,68.4965,8.1812,0.0000,-392.456,-4.522,-1.336,-113.232,-0.0312,-0.0078,1.0156,
5.567,ENC,137.1703,0.0000,68.5851,8.8630,0.0000,-392.964,-4.522,-1.336,-113.232,-0.0312,-0.0078,1.0156,
5.574,IMU,137.1703,0.0000,68.5851,8.8630,0.0000,-392.964,-4.473,-1.406,-113.263,0.0908,-0.0762,1.0571,
5.587,ENC,137.3543,0.0000,68.6772,9.2039,0.0000,-393.491,-4.473,-1.406,-113.263,0.0908,-0.0762,1.0571,
5.593,IMU,137.3543,0.0000,68.6772,9.2039,0.0000,-393.491,-4.445,-1.364,-113.333,0.0503,-0.0273,0.9800,
5.607,ENC,137.5486,0.0000,68.7743,9.7152,0.0000,-394.048,-4.445,-1.364,-113.333,0.0503,-0.0273,0.9800,
5.613,IMU,137.5486,0.0000,68.7743,9.7152,0.0000,-394.048,-4.576,-1.250,-113.458,0.1797,0.0186,0.9092,
5.626,ENC,137.7566,0.0000,68.8783,10.3970,0.0000,-394.644,-4.576,-1.250,-113.458,0.1797,0.0186,0.9092,
5.633,IMU,137.7566,0.0000,68.8783,10.3970,0.0000,-394.644,-4.523,-1.213,-113.569,0.0435,-0.0098,0.9312,
5.647,ENC,137.9577,0.0000,68.9789,10.0561,0.0000,-395.220,-4.523,-1.213,-113.569,0.0435,-0.0098,0.9312,
5.654,IMU,137.9577,0.0000,68.9789,10.0561,0.0000,-395.220,-4.538,-1.251,-113.682,0.0742,-0.0229,1.0386,
5.667,ENC,138.1674,0.0000,69.0837,10.4822,0.0000,-395.820,-4.538,-1.251,-113.682,0.0742,-0.0229,1.0386,
5.673,IMU,138.1674,0.0000,69.0837,10.4822,0.0000,-395.820,-4.581,-1.246,-113.829,0.0942,0.0117,1.0195,
5.687,ENC,138.3617,0.0000,69.1808,9.7152,0.0000,-396.377,-4.581,-1.246,-113.829,0.0942,0.0117,1.0195,
5.694,IMU,138.3617,0.0000,69.1808,9.7152,0.0000,-396.377,-4.624,-1.342,-113.903,0.1030,-0.1211,1.0088,
5.707,ENC,138.5645,0.0000,69.2822,10.1413,0.0000,-396.958,-4.624,-1.342,-113.903,0.1030,-0.1211,1.0088,
5.713,IMU,138.5645,0.0000,69.2822,10.1413,0.0000,-396.958,-4.490,-1.400,-114.043,-0.0249,-0.0825,0.9365,
5.732,ENC,138.7503,0.0000,69.3751,9.2891,0.0000,-397.490,-4.490,-1.400,-114.043,-0.0249,-0.0825,0.9365,
5.735,IMU,138.7503,0.0000,69.3751,9.2891,0.0000,-397.490,-4.456,-1.252,-114.070,0.0498,0.0776,0.9731,
5.748,ENC,138.9360,0.0000,69.4680,9.2891,0.0000,-398.022,-4.456,-1.252,-114.070,0.0498,0.0776,0.9731,
5.753,IMU,138.9360,0.0000,69.4680,9.2891,0.0000,-398.022,-4.376,-1.278,-114.212,0.0381,-0.0454,0.9985,
5.767,ENC,139.1184,0.0000,69.5592,9.1187,0.0000,-398.545,-4.376,-1.278,-114.212,0.0381,-0.0454,0.9985,
5.773,IMU,139.1184,0.0000,69.5592,9.1187,0.0000,-398.545,-4.393,-1.305,-114.331,0.0820,-0.0161,0.9941,
5.788,ENC,139.3059,-0.2182,69.5439,9.3743,-10.9083,-399.707,-4.393,-1.305,-114.331,0.0820,-0.0161,0.9941,
5.794,IMU,139.3059,-0.2182,69.5439,9.3743,-10.9083,-399.707,-4.409,-1.288,-114.476,0.0894,0.0332,1.0439,
5.809,ENC,139.4781,0.0000,69.7390,8.6073,10.9083,-399.575,-4.409,-1.288,-114.476,0.0894,0.0332,1.0439,
5.813,IMU,139.4781,0.0000,69.7390,8.6073,10.9083,-399.575,-4.390,-1.244,-114.639,0.0435,0.0225,1.0469,
5.829,ENC,139.6417,0.0000,69.8208,8.1812,0.0000,-400.044,-4.390,-1.244,-114.639,0.0435,0.0225,1.0469,
5.834,IMU,139.6417,0.0000,69.8208,8.1812,0.0000,-400.044,-4.506,-1.346,-114.835,0.2134,-0.0879,0.8467,
5.847,ENC,139.8087,0.0000,69.9044,8.3517,0.0000,-400.522,-4.506,-1.346,-114.835,0.2134,-0.0879,0.8467,
5.853,IMU,139.8087,0.0000,69.9044,8.3517,0.0000,-400.522,-4.555,-1.277,-115.003,0.1318,0.0371,0.9199,
5.868,ENC,139.9809,0.1960,70.0884,8.6073,9.8004,-400.454,-4.555,-1.277,-115.003,0.1318,0.0371,0.9199,
5.877,IMU,139.9809,0.1960,70.0884,8.6073,9.8004,-400.454,-4.418,-1.370,-115.131,0.0020,-0.0718,0.9077,
5.886,ENC,140.1513,0.0000,70.0757,8.5221,-9.8004,-401.504,-4.418,-1.370,-115.131,0.0020,-0.0718,0.9077,
5.894,IMU,140.1513,0.0000,70.0757,8.5221,-9.8004,-401.504,-4.334,-1.354,-115.317,0.0386,0.0029,0.8872,
5.907,ENC,140.3422,0.0000,70.1711,9.5448,0.0000,-402.051,-4.334,-1.354,-115.317,0.0386,0.0029,0.8872,
5.914,IMU,140.3422,0.0000,70.1711,9.5448,0.0000,-402.051,-4.238,-1.414,-115.483,0.0112,-0.0488,0.9692,
5.927,ENC,140.5143,0.0000,70.2572,8.6073,0.0000,-402.544,-4.238,-1.414,-115.483,0.0112,-0.0488,0.9692,
5.935,IMU,140.5143,0.0000,70.2572,8.6073,0.0000,-402.544,-4.120,-1.347,-115.666,-0.0366,0.0449,1.0684,
5.947,ENC,140.7052,0.0000,70.3526,9.5448,0.0000,-403.091,-4.120,-1.347,-115.666,-0.0366,0.0449,1.0684,
5.953,IMU,140.7052,0.0000,70.3526,9.5448,0.0000,-403.091,-4.155,-1.207,-115.797,0.0859,0.0762,0.9595,
5.968,ENC,140.8569,0.0000,70.4285,7.5847,0.0000,-403.525,-4.155,-1.207,-115.797,0.0859,0.0762,0.9595,
5.973,IMU,140.8569,0.0000,70.4285,7.5847,0.0000,-403.525,-4.115,-1.073,-115.887,0.0405,0.1162,1.0742,
5.990,ENC,140.9967,0.0000,70.4983,6.9881,0.0000,-403.926,-4.115,-1.073,-115.887,0.0405,0.1162,1.0742,
5.993,IMU,140.9967,0.0000,70.4983,6.9881,0.0000,-403.926,-4.059,-0.838,-115.939,-0.0205,0.1577,1.1196,
6.007,ENC,141.1075,0.0000,70.5537,5.5394,0.0000,-404.243,-4.059,-0.838,-115.939,-0.0205,0.1577,1.1196,
6.013,IMU,141.1075,0.0000,70.5537,5.5394,0.0000,-404.243,-4.025,-0.760,-115.950,0.0405,0.0371,0.9409,
6.027,ENC,141.2217,0.0000,70.6108,5.7098,0.0000,-404.570,-4.025,-0.760,-115.950,0.0405,0.0371,0.9409,
6.033,IMU,141.2217,0.0000,70.6108,5.7098,0.0000,-404.570,-4.043,-0.746,-115.968,0.0522,0.0137,1.0078,
6.047,ENC,141.3222,0.0000,70.6611,5.0280,0.0000,-404.858,-4.043,-0.746,-115.968,0.0522,0.0137,1.0078,
6.053,IMU,141.3222,0.0000,70.6611,5.0280,0.0000,-404.858,-4.075,-0.646,-116.002,0.1050,0.0327,1.0303,
6.068,ENC,141.4092,0.0000,70.7046,4.3463,0.0000,-405.107,-4.075,-0.646,-116.002,0.1050,0.0327,1.0303,
6.073,IMU,141.4092,0.0000,70.7046,4.3463,0.0000,-405.107,-4.162,-0.476,-116.076,0.1641,0.1143,0.9434,
6.087,ENC,141.4961,0.0000,70.7480,4.3463,0.0000,-405.356,-4.162,-0.476,-116.076,0.1641,0.1143,0.9434,
6.094,IMU,141.4961,0.0000,70.7480,4.3463,0.0000,-405.356,-4.242,-0.341,-116.164,0.1279,0.0776,0.9404,
6.109,ENC,141.5830,0.0000,70.7915,4.3463,0.0000,-405.605,-4.242,-0.341,-116.164,0.1279,0.0776,0.9404,
6.113,IMU,141.5830,0.0000,70.7915,4.3463,0.0000,-405.605,-4.284,-0.270,-116.338,0.1055,0.0903,1.0103,
6.128,ENC,141.6648,0.0000,70.8324,4.0906,0.0000,-405.840,-4.284,-0.270,-116.338,0.1055,0.0903,1.0103,
6.134,IMU,141.6648,0.0000,70.8324,4.0906,0.0000,-405.840,-4.332,-0.260,-116.552,0.1177,0.0776,0.9800,
6.149,ENC,141.7449,0.0000,70.8725,4.0054,0.0000,-406.069,-4.332,-0.260,-116.552,0.1177,0.0776,0.9800,
6.153,IMU,141.7449,0.0000,70.8725,4.0054,0.0000,-406.069,-4.373,-0.304,-116.778,0.0815,0.0029,1.0176,
6.167,ENC,141.8182,0.0000,70.9091,3.6645,0.0000,-406.279,-4.373,-0.304,-116.778,0.0815,0.0029,1.0176,
6.173,IMU,141.8182,0.0000,70.9091,3.6645,0.0000,-406.279,-4.328,-0.268,-116.987,0.0366,0.0352,0.9810,
6.187,ENC,141.8898,0.0000,70.9449,3.5793,0.0000,-406.484,-4.328,-0.268,-116.987,0.0366,0.0352,0.9810,
6.194,IMU,141.8898,0.0000,70.9449,3.5793,0.0000,-406.484,-4.262,-0.323,-117.183,0.0474,-0.0259,0.9917,
6.207,ENC,141.9563,0.0000,70.9781,3.3236,0.0000,-406.675,-4.262,-0.323,-117.183,0.0474,-0.0259,0.9917,
6.223,IMU,141.9563,0.0000,70.9781,3.3236,0.0000,-406.675,-4.298,-0.319,-117.391,0.0830,0.0186,0.9771,
6.236,IMU,141.9563,0.0000,70.9781,3.3236,0.0000,-406.675,-4.243,-0.354,-117.573,0.0586,-0.0093,1.0278,
6.248,ENC,142.0722,0.0000,71.0361,2.8975,0.0000,-407.007,-4.243,-0.354,-117.573,0.0586,-0.0093,1.0278,
6.253,IMU,142.0722,0.0000,71.0361,2.8975,0.0000,-407.007,-4.254,-0.433,-117.824,0.0811,-0.0225,1.0034,
6.267,ENC,142.1335,0.0000,71.0668,3.0680,0.0000,-407.183,-4.254,-0.433,-117.824,0.0811,-0.0225,1.0034,
6.273,IMU,142.1335,0.0000,71.0668,3.0680,0.0000,-407.183,-4.222,-0.458,-118.065,0.0645,0.0117,1.0166,
6.287,ENC,142.1949,0.0000,71.0975,3.0680,0.0000,-407.358,-4.222,-0.458,-118.065,0.0645,0.0117,1.0166,
6.293,IMU,142.1949,0.0000,71.0975,3.0680,0.0000,-407.358,-4.222,-0.420,-118.281,0.0518,0.0176,1.0254,
6.313,IMU,142.1949,0.0000,71.0975,3.0680,0.0000,-407.358,-4.278,-0.486,-118.422,0.0425,-0.0576,0.9541,
6.331,ENC,142.3091,0.0000,71.1546,2.8549,0.0000,-407.686,-4.278,-0.486,-118.422,0.0425,-0.0576,0.9541,
6.334,IMU,142.3091,0.0000,71.1546,2.8549,0.0000,-407.686,-4.206,-0.527,-118.632,0.0449,-0.0430,0.9741,
6.346,ENC,142.3636,0.0000,71.1818,2.7271,0.0000,-407.842,-4.206,-0.527,-118.632,0.0449,-0.0430,0.9741,
6.353,IMU,142.3636,0.0000,71.1818,2.7271,0.0000,-407.842,-4.110,-0.562,-118.778,0.0166,-0.0317,0.9868,
6.367,ENC,142.4148,0.0000,71.2074,2.5566,0.0000,-407.988,-4.110,-0.562,-118.778,0.0166,-0.0317,0.9868,
6.373,IMU,142.4148,0.0000,71.2074,2.5566,0.0000,-407.988,-4.094,-0.524,-118.935,0.0620,0.0259,0.9570,
6.387,ENC,142.4693,0.0000,71.2347,2.7271,0.0000,-408.145,-4.094,-0.524,-118.935,0.0620,0.0259,0.9570,
6.393,IMU,142.4693,0.0000,71.2347,2.7271,0.0000,-408.145,-4.143,-0.493,-119.129,0.1411,0.0161,0.9419,
6.407,ENC,142.5239,0.0000,71.2619,2.7271,0.0000,-408.301,-4.143,-0.493,-119.129,0.1411,0.0161,0.9419,
6.413,IMU,142.5239,0.0000,71.2619,2.7271,0.0000,-408.301,-4.234,-0.538,-119.331,0.1123,-0.0356,0.9463,
6.427,ENC,142.5784,0.0000,71.2892,2.7271,0.0000,-408.457,-4.234,-0.538,-119.331,0.1123,-0.0356,0.9463,
6.433,IMU,142.5784,0.0000,71.2892,2.7271,0.0000,-408.457,-4.308,-0.617,-119.528,0.0889,-0.0718,0.9849,
6.455,IMU,142.5784,0.0000,71.2892,2.7271,0.0000,-408.457,-4.316,-0.708,-119.705,0.0664,-0.0464,0.9805,
6.456,ENC,142.6295,0.0000,71.3148,2.5566,0.0000,-408.604,-4.316,-0.708,-119.705,0.0664,-0.0464,0.9805,
6.469,ENC,142.6807,0.0000,71.3403,2.5566,0.0000,-408.750,-4.316,-0.708,-119.705,0.0664,-0.0464,0.9805,
6.473,IMU,142.6807,0.0000,71.3403,2.5566,0.0000,-408.750,-4.341,-0.727,-119.875,0.0586,0.0063,1.0205,
6.490,ENC,142.7284,0.0000,71.3642,2.3862,0.0000,-408.887,-4.341,-0.727,-119.875,0.0586,0.0063,1.0205,
6.493,IMU,142.7284,0.0000,71.3642,2.3862,0.0000,-408.887,-4.332,-0.677,-120.083,0.0547,0.0239,1.0142,
6.507,ENC,142.7812,0.0000,71.3906,2.6419,0.0000,-409.038,-4.332,-0.677,-120.083,0.0547,0.0239,1.0142,
6.513,IMU,142.7812,0.0000,71.3906,2.6419,0.0000,-409.038,-4.300,-0.701,-120.284,0.0601,-0.0308,0.9927,
6.527,ENC,142.8358,0.0000,71.4179,2.7271,0.0000,-409.194,-4.300,-0.701,-120.284,0.0601,-0.0308,0.9927,
6.534,IMU,142.8358,0.0000,71.4179,2.7271,0.0000,-409.194,-4.334,-0.746,-120.484,0.0791,-0.0063,1.0708,
6.548,ENC,142.8835,0.0000,71.4417,2.3862,0.0000,-409.331,-4.334,-0.746,-120.484,0.0791,-0.0063,1.0708,
6.554,IMU,142.8835,0.0000,71.4417,2.3862,0.0000,-409.331,-4.332,-0.748,-120.672,0.0684,-0.0308,0.9751,
6.567,ENC,142.9329,0.0000,71.4665,2.4714,0.0000,-409.473,-4.332,-0.748,-120.672,0.0684,-0.0308,0.9751,
6.573,IMU,142.9329,0.0000,71.4665,2.4714,0.0000,-409.473,-4.290,-0.812,-120.828,0.0366,-0.0640,1.0312,
6.595,IMU,142.9329,0.0000,71.4665,2.4714,0.0000,-409.473,-4.199,-0.817,-121.028,0.0581,0.0361,1.0425,
6.607,ENC,143.0233,0.0000,71.5116,2.2584,0.0000,-409.731,-4.199,-0.817,-121.028,0.0581,0.0361,1.0425,
6.613,IMU,143.0233,0.0000,71.5116,2.2584,0.0000,-409.731,-4.144,-0.911,-121.218,0.0205,0.0029,0.9878,
6.631,ENC,143.0727,0.0000,71.5363,2.4714,0.0000,-409.873,-4.144,-0.911,-121.218,0.0205,0.0029,0.9878,
6.634,IMU,143.0727,0.0000,71.5363,2.4714,0.0000,-409.873,-4.081,-0.923,-121.364,0.0044,0.0215,1.0713,
6.653,IMU,143.0727,0.0000,71.5363,2.4714,0.0000,-409.873,-4.025,-0.897,-121.494,0.0024,-0.0005,1.0146,
6.676,IMU,143.0727,0.0000,71.5363,2.4714,0.0000,-409.873,-3.985,-0.886,-121.642,0.0396,-0.0166,0.9971,
6.677,ENC,143.1664,0.0000,71.5832,2.3436,0.0000,-410.142,-3.985,-0.886,-121.642,0.0396,-0.0166,0.9971,
6.687,ENC,143.2124,0.0000,71.6062,2.3010,0.0000,-410.273,-3.985,-0.886,-121.642,0.0396,-0.0166,0.9971,
6.694,IMU,143.2124,0.0000,71.6062,2.3010,0.0000,-410.273,-4.000,-0.866,-121.799,0.0586,-0.0210,0.9805,
6.707,ENC,143.2585,0.0000,71.6292,2.3010,0.0000,-410.405,-4.000,-0.866,-121.799,0.0586,-0.0210,0.9805,
6.713,IMU,143.2585,0.0000,71.6292,2.3010,0.0000,-410.405,-3.967,-0.882,-121.971,0.0483,-0.0103,1.0181,
6.726,ENC,143.3028,0.0000,71.6514,2.2158,0.0000,-410.532,-3.967,-0.882,-121.971,0.0483,-0.0103,1.0181,
6.734,IMU,143.3028,0.0000,71.6514,2.2158,0.0000,-410.532,-3.994,-0.893,-122.104,0.0859,-0.0195,0.9609,
6.747,ENC,143.3505,0.0000,71.6753,2.3862,0.0000,-410.669,-3.994,-0.893,-122.104,0.0859,-0.0195,0.9609,
6.753,IMU,143.3505,0.0000,71.6753,2.3862,0.0000,-410.669,-4.010,-0.810,-122.286,0.0527,0.0083,0.9722,
6.767,ENC,143.4050,0.0000,71.7025,2.7271,0.0000,-410.825,-4.010,-0.810,-122.286,0.0527,0.0083,0.9722,
6.773,IMU,143.4050,0.0000,71.7025,2.7271,0.0000,-410.825,-4.001,-0.819,-122.428,0.0508,0.0000,1.0000,
6.788,ENC,143.4494,0.0000,71.7247,2.2158,0.0000,-410.952,-4.001,-0.819,-122.428,0.0508,0.0000,1.0000,
6.795,IMU,143.4494,0.0000,71.7247,2.2158,0.0000,-410.952,-4.045,-0.854,-122.595,0.0830,-0.0176,1.0371,
6.809,ENC,143.4971,0.0000,71.7485,2.3862,0.0000,-411.089,-4.045,-0.854,-122.595,0.0830,-0.0176,1.0371,
6.813,IMU,143.4971,0.0000,71.7485,2.3862,0.0000,-411.089,-3.996,-0.843,-122.790,0.0459,0.0005,0.9766,
6.828,ENC,143.5431,0.0000,71.7716,2.3010,0.0000,-411.221,-3.996,-0.843,-122.790,0.0459,0.0005,0.9766,
6.834,IMU,143.5431,0.0000,71.7716,2.3010,0.0000,-411.221,-4.025,-0.846,-122.973,0.1069,0.0083,0.9878,
6.848,ENC,143.5942,0.0000,71.7971,2.5566,0.0000,-411.367,-4.025,-0.846,-122.973,0.1069,0.0083,0.9878,
6.866,ENC,143.6437,0.0000,71.8218,2.4714,0.0000,-411.509,-4.025,-0.846,-122.973,0.1069,0.0083,0.9878,
6.874,IMU,143.6437,0.0000,71.8218,2.4714,0.0000,-411.509,-4.031,-0.880,-123.347,0.0820,0.0454,1.0063,
6.888,ENC,143.6965,0.0000,71.8483,2.6419,0.0000,-411.660,-4.031,-0.880,-123.347,0.0820,0.0454,1.0063,
6.896,IMU,143.6965,0.0000,71.8483,2.6419,0.0000,-411.660,-3.974,-0.885,-123.549,0.0137,-0.0044,1.0220,
6.907,ENC,143.7459,0.0000,71.8730,2.4714,0.0000,-411.802,-3.974,-0.885,-123.549,0.0137,-0.0044,1.0220,
6.914,IMU,143.7459,0.0000,71.8730,2.4714,0.0000,-411.802,-4.016,-0.896,-123.735,0.0801,0.0039,0.9492,
6.927,ENC,143.7971,0.0000,71.8985,2.5566,0.0000,-411.948,-4.016,-0.896,-123.735,0.0801,0.0039,0.9492,
6.933,IMU,143.7971,0.0000,71.8985,2.5566,0.0000,-411.948,-4.028,-0.863,-123.910,0.0845,0.0034,0.9785,
6.947,ENC,143.8448,0.0000,71.9224,2.3862,0.0000,-412.085,-4.028,-0.863,-123.910,0.0845,0.0034,0.9785,
6.953,IMU,143.8448,0.0000,71.9224,2.3862,0.0000,-412.085,-4.089,-0.819,-124.108,0.1099,0.0176,0.9766,
6.967,ENC,143.8993,0.0000,71.9497,2.7271,0.0000,-412.241,-4.089,-0.819,-124.108,0.1099,0.0176,0.9766,
6.980,IMU,143.8993,0.0000,71.9497,2.7271,0.0000,-412.241,-4.078,-0.802,-124.297,0.0596,-0.0073,1.0259,
6.993,ENC,143.9488,0.0000,71.9744,2.4714,0.0000,-412.383,-4.078,-0.802,-124.297,0.0596,-0.0073,1.0259,
7.008,ENC,143.9948,0.0000,71.9974,2.3010,0.0000,-412.515,-4.078,-0.802,-124.297,0.0596,-0.0073,1.0259,
7.020,IMU,143.9948,0.0000,71.9974,2.3010,0.0000,-412.515,-4.118,-0.796,-124.599,0.0713,-0.0049,1.0298,
7.031,ENC,144.0391,0.0000,72.0195,2.2158,0.0000,-412.642,-4.118,-0.796,-124.599,0.0713,-0.0049,1.0298,
7.043,IMU,144.0391,0.0000,72.0195,2.2158,0.0000,-412.642,-4.159,-0.833,-124.753,0.0806,-0.0381,0.9712,
7.046,ENC,144.0817,0.0000,72.0409,2.1305,0.0000,-412.764,-4.159,-0.833,-124.753,0.0806,-0.0381,0.9712,
7.054,IMU,144.0817,0.0000,72.0409,2.1305,0.0000,-412.764,-4.160,-0.804,-124.927,0.0703,0.0200,0.9600,
7.078,ENC,144.1277,0.0000,72.0639,2.3010,0.0000,-412.896,-4.160,-0.804,-124.927,0.0703,0.0200,0.9600,
7.081,IMU,144.1277,0.0000,72.0639,2.3010,0.0000,-412.896,-4.091,-0.803,-125.064,0.0024,-0.0195,0.9941,
7.087,ENC,144.1737,0.0000,72.0869,2.3010,0.0000,-413.027,-4.091,-0.803,-125.064,0.0024,-0.0195,0.9941,
7.096,IMU,144.1737,0.0000,72.0869,2.3010,0.0000,-413.027,-4.103,-0.728,-125.268,0.0967,0.0562,0.9727,
7.110,ENC,144.2198,0.0000,72.1099,2.3010,0.0000,-413.159,-4.103,-0.728,-125.268,0.0967,0.0562,0.9727,
7.114,IMU,144.2198,0.0000,72.1099,2.3010,0.0000,-413.159,-4.167,-0.750,-125.412,0.1147,-0.0356,1.0020,
7.128,ENC,144.2658,0.0000,72.1329,2.3010,0.0000,-413.291,-4.167,-0.750,-125.412,0.1147,-0.0356,1.0020,
7.137,IMU,144.2658,0.0000,72.1329,2.3010,0.0000,-413.291,-4.181,-0.742,-125.590,0.0679,0.0059,0.9487,
7.150,ENC,144.3101,0.0000,72.1550,2.2158,0.0000,-413.418,-4.181,-0.742,-125.590,0.0679,0.0059,0.9487,
7.156,IMU,144.3101,0.0000,72.1550,2.2158,0.0000,-413.418,-4.182,-0.683,-125.803,0.0635,0.0347,1.0000,
7.167,ENC,144.3595,0.0000,72.1798,2.4714,0.0000,-413.560,-4.182,-0.683,-125.803,0.0635,0.0347,1.0000,
7.177,IMU,144.3595,0.0000,72.1798,2.4714,0.0000,-413.560,-4.216,-0.670,-125.993,0.1069,0.0127,0.9497,
7.187,ENC,144.4055,0.0000,72.2028,2.3010,0.0000,-413.691,-4.216,-0.670,-125.993,0.1069,0.0127,0.9497,
7.196,IMU,144.4055,0.0000,72.2028,2.3010,0.0000,-413.691,-4.163,-0.759,-126.191,0.0767,-0.0200,0.9624,
7.214,IMU,144.4055,0.0000,72.2028,2.3010,0.0000,-413.691,-4.122,-0.849,-126.348,0.0361,-0.0615,1.0166,
7.231,ENC,144.5010,0.0000,72.2505,2.3862,0.0000,-413.965,-4.122,-0.849,-126.348,0.0361,-0.0615,1.0166,
7.234,IMU,144.5010,0.0000,72.2505,2.3862,0.0000,-413.965,-4.060,-0.806,-126.536,0.0469,0.0039,0.9697,
7.247,ENC,144.5504,0.0000,72.2752,2.4714,0.0000,-414.106,-4.060,-0.806,-126.536,0.0469,0.0039,0.9697,
7.255,IMU,144.5504,0.0000,72.2752,2.4714,0.0000,-414.106,-3.994,-0.833,-126.729,0.0405,-0.0601,0.9790,
7.269,ENC,144.6016,0.0000,72.3008,2.5566,0.0000,-414.253,-3.994,-0.833,-126.729,0.0405,-0.0601,0.9790,
7.278,IMU,144.6016,0.0000,72.3008,2.5566,0.0000,-414.253,-3.993,-0.768,-126.857,0.0522,0.0034,1.0249,
7.287,ENC,144.6510,0.0000,72.3255,2.4714,0.0000,-414.395,-3.993,-0.768,-126.857,0.0522,0.0034,1.0249,
7.293,IMU,144.6510,0.0000,72.3255,2.4714,0.0000,-414.395,-3.984,-0.756,-127.041,0.0381,0.0044,1.0698,
7.311,ENC,144.7055,0.0000,72.3528,2.7271,0.0000,-414.551,-3.984,-0.756,-127.041,0.0381,0.0044,1.0698,
7.315,IMU,144.7055,0.0000,72.3528,2.7271,0.0000,-414.551,-4.004,-0.724,-127.218,0.0879,-0.0034,0.9585,
7.327,ENC,144.7567,0.0000,72.3783,2.5566,0.0000,-414.697,-4.004,-0.724,-127.218,0.0879,-0.0034,0.9585,
7.333,IMU,144.7567,0.0000,72.3783,2.5566,0.0000,-414.697,-3.988,-0.707,-127.387,0.0732,-0.0107,0.9336,
7.349,ENC,144.8095,0.0000,72.4047,2.6419,0.0000,-414.849,-3.988,-0.707,-127.387,0.0732,-0.0107,0.9336,
7.357,IMU,144.8095,0.0000,72.4047,2.6419,0.0000,-414.849,-4.002,-0.777,-127.581,0.0771,-0.0229,1.0098,
7.368,ENC,144.8623,0.0000,72.4312,2.6419,0.0000,-415.000,-4.002,-0.777,-127.581,0.0771,-0.0229,1.0098,
7.374,IMU,144.8623,0.0000,72.4312,2.6419,0.0000,-415.000,-4.086,-0.752,-127.786,0.0830,0.0405,0.9995,
7.398,IMU,144.8623,0.0000,72.4312,2.6419,0.0000,-415.000,-4.041,-0.763,-128.007,0.0396,0.0005,1.0049,
7.401,ENC,144.9135,0.0000,72.4567,2.5566,0.0000,-415.146,-4.041,-0.763,-128.007,0.0396,0.0005,1.0049,
7.407,ENC,144.9629,0.0000,72.4814,2.4714,0.0000,-415.288,-4.041,-0.763,-128.007,0.0396,0.0005,1.0049,
7.416,IMU,144.9629,0.0000,72.4814,2.4714,0.0000,-415.288,-4.025,-0.801,-128.200,0.0815,-0.0259,1.0029,
7.427,ENC,145.0123,0.0000,72.5062,2.4714,0.0000,-415.430,-4.025,-0.801,-128.200,0.0815,-0.0259,1.0029,
7.434,IMU,145.0123,0.0000,72.5062,2.4714,0.0000,-415.430,-4.004,-0.848,-128.337,0.0703,-0.0269,0.9849,
7.448,ENC,145.0617,0.0000,72.5309,2.4714,0.0000,-415.571,-4.004,-0.848,-128.337,0.0703,-0.0269,0.9849,
7.453,IMU,145.0617,0.0000,72.5309,2.4714,0.0000,-415.571,-3.982,-0.841,-128.541,0.0776,0.0303,0.9531,
7.469,ENC,145.1129,0.0000,72.5564,2.5566,0.0000,-415.718,-3.982,-0.841,-128.541,0.0776,0.0303,0.9531,
7.473,IMU,145.1129,0.0000,72.5564,2.5566,0.0000,-415.718,-4.025,-0.863,-128.714,0.0684,-0.0190,0.9639,
7.488,ENC,145.1674,0.0000,72.5837,2.7271,0.0000,-415.874,-4.025,-0.863,-128.714,0.0684,-0.0190,0.9639,
7.493,IMU,145.1674,0.0000,72.5837,2.7271,0.0000,-415.874,-4.020,-0.849,-128.918,0.0669,0.0049,0.9995,
7.507,ENC,145.2203,0.0000,72.6101,2.6419,0.0000,-416.025,-4.020,-0.849,-128.918,0.0669,0.0049,0.9995,
7.514,IMU,145.2203,0.0000,72.6101,2.6419,0.0000,-416.025,-3.973,-0.878,-129.097,0.0308,-0.0122,1.0332,
7.528,ENC,145.2748,0.0000,72.6374,2.7271,0.0000,-416.182,-3.973,-0.878,-129.097,0.0308,-0.0122,1.0332,
7.533,IMU,145.2748,0.0000,72.6374,2.7271,0.0000,-416.182,-4.003,-0.868,-129.270,0.1182,0.0034,0.9658,
7.547,ENC,145.3276,0.0000,72.6638,2.6419,0.0000,-416.333,-4.003,-0.868,-129.270,0.1182,0.0034,0.9658,
7.553,IMU,145.3276,0.0000,72.6638,2.6419,0.0000,-416.333,-4.018,-0.934,-129.446,0.0591,-0.0195,0.9707,
7.567,ENC,145.3805,0.0000,72.6902,2.6419,0.0000,-416.484,-4.018,-0.934,-129.446,0.0591,-0.0195,0.9707,
7.574,IMU,145.3805,0.0000,72.6902,2.6419,0.0000,-416.484,-4.059,-0.945,-129.656,0.1211,-0.0132,0.9150,
7.587,ENC,145.4299,0.0000,72.7150,2.4714,0.0000,-416.626,-4.059,-0.945,-129.656,0.1211,-0.0132,0.9150,
7.594,IMU,145.4299,0.0000,72.7150,2.4714,0.0000,-416.626,-4.024,-0.950,-129.873,0.0420,-0.0034,0.9771,
7.607,ENC,145.4776,0.0000,72.7388,2.3862,0.0000,-416.763,-4.024,-0.950,-129.873,0.0420,-0.0034,0.9771,
7.620,IMU,145.4776,0.0000,72.7388,2.3862,0.0000,-416.763,-4.006,-0.969,-130.043,0.0444,-0.0054,0.9985,
7.628,ENC,145.5219,0.0000,72.7610,2.2158,0.0000,-416.890,-4.006,-0.969,-130.043,0.0444,-0.0054,0.9985,
7.633,IMU,145.5219,0.0000,72.7610,2.2158,0.0000,-416.890,-4.032,-0.976,-130.188,0.0864,0.0352,1.0000,
7.647,ENC,145.5680,0.0000,72.7840,2.3010,0.0000,-417.021,-4.032,-0.976,-130.188,0.0864,0.0352,1.0000,
7.653,IMU,145.5680,0.0000,72.7840,2.3010,0.0000,-417.021,-4.066,-1.016,-130.346,0.1040,-0.0278,0.9502,
7.667,ENC,145.6089,0.0000,72.8044,2.0453,0.0000,-417.139,-4.066,-1.016,-130.346,0.1040,-0.0278,0.9502,
7.674,IMU,145.6089,0.0000,72.8044,2.0453,0.0000,-417.139,-4.065,-1.056,-130.502,0.0605,-0.0430,1.0117,
7.687,ENC,145.6464,0.0000,72.8232,1.8749,0.0000,-417.246,-4.065,-1.056,-130.502,0.0605,-0.0430,1.0117,
7.694,IMU,145.6464,0.0000,72.8232,1.8749,0.0000,-417.246,-4.019,-1.134,-130.651,0.0366,-0.0762,1.0278,
7.708,ENC,145.6890,0.0000,72.8445,2.1305,0.0000,-417.368,-4.019,-1.134,-130.651,0.0366,-0.0762,1.0278,
7.714,IMU,145.6890,0.0000,72.8445,2.1305,0.0000,-417.368,-3.994,-1.139,-130.814,0.0708,-0.0098,1.0000,
7.728,ENC,145.7316,0.0000,72.8658,2.1305,0.0000,-417.490,-3.994,-1.139,-130.814,0.0708,-0.0098,1.0000,
7.734,IMU,145.7316,0.0000,72.8658,2.1305,0.0000,-417.490,-3.972,-1.165,-130.990,0.0630,0.0063,1.0015,
7.748,ENC,145.7725,0.0000,72.8862,2.0453,0.0000,-417.607,-3.972,-1.165,-130.990,0.0630,0.0063,1.0015,
7.753,IMU,145.7725,0.0000,72.8862,2.0453,0.0000,-417.607,-3.977,-1.174,-131.133,0.0596,-0.0439,0.9741,
7.766,ENC,145.8117,0.0000,72.9058,1.9601,0.0000,-417.720,-3.977,-1.174,-131.133,0.0596,-0.0439,0.9741,
7.773,IMU,145.8117,0.0000,72.9058,1.9601,0.0000,-417.720,-3.940,-1.238,-131.268,0.0283,-0.0527,0.9990,
7.787,ENC,145.8509,0.0000,72.9254,1.9601,0.0000,-417.832,-3.940,-1.238,-131.268,0.0283,-0.0527,0.9990,
7.793,IMU,145.8509,0.0000,72.9254,1.9601,0.0000,-417.832,-3.903,-1.241,-131.423,0.0205,0.0146,0.9941,
7.807,ENC,145.8884,0.0000,72.9442,1.8749,0.0000,-417.939,-3.903,-1.241,-131.423,0.0205,0.0146,0.9941,
7.813,IMU,145.8884,0.0000,72.9442,1.8749,0.0000,-417.939,-3.926,-1.257,-131.589,0.0708,0.0059,0.9990,
7.829,ENC,145.9208,0.0000,72.9604,1.6192,0.0000,-418.032,-3.926,-1.257,-131.589,0.0708,0.0059,0.9990,
7.833,IMU,145.9208,0.0000,72.9604,1.6192,0.0000,-418.032,-3.913,-1.250,-131.718,0.0659,-0.0015,0.9180,
7.848,ENC,145.9549,0.0000,72.9774,1.7044,0.0000,-418.130,-3.913,-1.250,-131.718,0.0659,-0.0015,0.9180,
7.854,IMU,145.9549,0.0000,72.9774,1.7044,0.0000,-418.130,-3.857,-1.264,-131.889,0.0010,-0.0220,1.0757,
7.868,ENC,145.9907,0.0000,72.9953,1.7896,0.0000,-418.232,-3.857,-1.264,-131.889,0.0010,-0.0220,1.0757,
7.873,IMU,145.9907,0.0000,72.9953,1.7896,0.0000,-418.232,-3.831,-1.242,-132.013,0.0752,-0.0132,0.9824,
7.888,ENC,146.0264,0.0000,73.0132,1.7896,0.0000,-418.335,-3.831,-1.242,-132.013,0.0752,-0.0132,0.9824,
7.893,IMU,146.0264,0.0000,73.0132,1.7896,0.0000,-418.335,-3.869,-1.175,-132.161,0.0728,0.0273,1.0967,
7.909,ENC,146.0588,0.0000,73.0294,1.6192,0.0000,-418.428,-3.869,-1.175,-132.161,0.0728,0.0273,1.0967,
7.913,IMU,146.0588,0.0000,73.0294,1.6192,0.0000,-418.428,-3.895,-1.269,-132.347,0.1177,-0.0898,0.8657,
7.928,ENC,146.0980,0.0000,73.0490,1.9601,0.0000,-418.540,-3.895,-1.269,-132.347,0.1177,-0.0898,0.8657,
7.933,IMU,146.0980,0.0000,73.0490,1.9601,0.0000,-418.540,-3.867,-1.274,-132.444,0.0566,0.0078,1.0542,
7.947,ENC,146.1355,0.0000,73.0678,1.8749,0.0000,-418.647,-3.867,-1.274,-132.444,0.0566,0.0078,1.0542,
7.953,IMU,146.1355,0.0000,73.0678,1.8749,0.0000,-418.647,-3.841,-1.208,-132.613,0.0723,0.0229,0.9775,
7.968,ENC,146.1730,0.0000,73.0865,1.8749,0.0000,-418.755,-3.841,-1.208,-132.613,0.0723,0.0229,0.9775,
7.974,IMU,146.1730,0.0000,73.0865,1.8749,0.0000,-418.755,-3.753,-1.281,-132.810,-0.0068,-0.0210,0.9980,
7.986,ENC,146.2139,0.0000,73.1070,2.0453,0.0000,-418.872,-3.753,-1.281,-132.810,-0.0068,-0.0210,0.9980,
7.993,IMU,146.2139,0.0000,73.1070,2.0453,0.0000,-418.872,-3.719,-1.230,-132.969,0.0371,-0.0171,0.9883,
8.007,ENC,146.2514,0.0000,73.1257,1.8749,0.0000,-418.979,-3.719,-1.230,-132.969,0.0371,-0.0171,0.9883,
8.013,IMU,146.2514,0.0000,73.1257,1.8749,0.0000,-418.979,-3.699,-1.234,-133.087,0.0249,-0.0352,0.9907,
8.027,ENC,146.2923,0.0000,73.1462,2.0453,0.0000,-419.097,-3.699,-1.234,-133.087,0.0249,-0.0352,0.9907,
8.034,IMU,146.2923,0.0000,73.1462,2.0453,0.0000,-419.097,-3.753,-1.208,-133.156,0.0654,0.0005,1.0815,
8.048,ENC,146.3315,0.0000,73.1658,1.9601,0.0000,-419.209,-3.753,-1.208,-133.156,0.0654,0.0005,1.0815,
8.054,IMU,146.3315,0.0000,73.1658,1.9601,0.0000,-419.209,-3.740,-1.190,-133.289,0.0547,0.0054,1.0054,
8.067,ENC,146.3724,0.0000,73.1862,2.0453,0.0000,-419.326,-3.740,-1.190,-133.289,0.0547,0.0054,1.0054,
8.078,IMU,146.3724,0.0000,73.1862,2.0453,0.0000,-419.326,-3.753,-1.205,-133.469,0.0894,-0.0010,0.9829,
8.087,ENC,146.4116,0.0000,73.2058,1.9601,0.0000,-419.438,-3.753,-1.205,-133.469,0.0894,-0.0010,0.9829,
8.093,IMU,146.4116,0.0000,73.2058,1.9601,0.0000,-419.438,-3.712,-1.148,-133.577,0.0718,0.0068,0.8950,
8.108,ENC,146.4509,0.2045,73.3277,1.9601,10.2265,-418.965,-3.712,-1.148,-133.577,0.0718,0.0068,0.8950,
8.115,IMU,146.4509,0.2045,73.3277,1.9601,10.2265,-418.965,-3.726,-1.124,-133.681,0.0317,0.0156,1.0835,
8.127,ENC,146.4866,0.0000,73.2433,1.7896,-10.2265,-419.653,-3.726,-1.124,-133.681,0.0317,0.0156,1.0835,
8.133,IMU,146.4866,0.0000,73.2433,1.7896,-10.2265,-419.653,-3.711,-1.118,-133.803,0.0381,-0.0527,1.0615,
8.148,ENC,146.5224,0.0000,73.2612,1.7896,0.0000,-419.756,-3.711,-1.118,-133.803,0.0381,-0.0527,1.0615,
8.153,IMU,146.5224,0.0000,73.2612,1.7896,0.0000,-419.756,-3.642,-1.139,-133.931,0.0537,-0.0103,1.0498,
8.167,ENC,146.5582,0.0000,73.2791,1.7896,0.0000,-419.858,-3.642,-1.139,-133.931,0.0537,-0.0103,1.0498,
8.173,IMU,146.5582,0.0000,73.2791,1.7896,0.0000,-419.858,-3.682,-1.071,-134.047,0.0996,0.0264,0.9839,
8.188,ENC,146.5940,0.0000,73.2970,1.7896,0.0000,-419.961,-3.682,-1.071,-134.047,0.0996,0.0264,0.9839,
8.194,IMU,146.5940,0.0000,73.2970,1.7896,0.0000,-419.961,-3.631,-1.096,-134.198,0.0723,-0.0488,0.8916,
8.207,ENC,146.6315,0.0000,73.3158,1.8749,0.0000,-420.068,-3.631,-1.096,-134.198,0.0723,-0.0488,0.8916,
8.215,IMU,146.6315,0.0000,73.3158,1.8749,0.0000,-420.068,-3.660,-1.142,-134.335,0.0273,-0.0391,0.9575,
8.229,ENC,146.6690,0.1960,73.4325,1.8749,9.8004,-419.614,-3.660,-1.142,-134.335,0.0273,-0.0391,0.9575,
8.233,IMU,146.6690,0.1960,73.4325,1.8749,9.8004,-419.614,-3.644,-1.062,-134.463,0.0718,0.0215,0.9121,
8.248,ENC,146.7082,0.0000,73.3541,1.9601,-9.8004,-420.288,-3.644,-1.062,-134.463,0.0718,0.0215,0.9121,
8.254,IMU,146.7082,0.0000,73.3541,1.9601,-9.8004,-420.288,-3.606,-1.128,-134.622,0.0513,-0.0391,0.9829,
8.267,ENC,146.7457,0.0000,73.3729,1.8749,0.0000,-420.396,-3.606,-1.128,-134.622,0.0513,-0.0391,0.9829,
8.273,IMU,146.7457,0.0000,73.3729,1.8749,0.0000,-420.396,-3.643,-1.124,-134.719,0.0640,-0.0015,1.0317,
8.287,ENC,146.7815,0.0000,73.3908,1.7896,0.0000,-420.498,-3.643,-1.124,-134.719,0.0640,-0.0015,1.0317,
8.294,IMU,146.7815,0.0000,73.3908,1.7896,0.0000,-420.498,-3.682,-1.154,-134.885,0.0522,-0.0405,0.9990,
8.308,ENC,146.8190,0.0000,73.4095,1.8749,0.0000,-420.605,-3.682,-1.154,-134.885,0.0522,-0.0405,0.9990,
8.313,IMU,146.8190,0.0000,73.4095,1.8749,0.0000,-420.605,-3.673,-1.119,-135.011,0.0732,0.0469,1.0356,
8.329,ENC,146.8565,0.0000,73.4283,1.8749,0.0000,-420.713,-3.673,-1.119,-135.011,0.0732,0.0469,1.0356,
8.335,IMU,146.8565,0.0000,73.4283,1.8749,0.0000,-420.713,-3.650,-1.126,-135.190,0.0234,-0.0342,0.9985,
8.347,ENC,146.8940,0.0000,73.4470,1.8749,0.0000,-420.820,-3.650,-1.126,-135.190,0.0234,-0.0342,0.9985,
8.353,IMU,146.8940,0.0000,73.4470,1.8749,0.0000,-420.820,-3.606,-1.144,-135.391,0.0347,-0.0278,1.0005,
8.368,ENC,146.9315,0.0000,73.4657,1.8749,0.0000,-420.928,-3.606,-1.144,-135.391,0.0347,-0.0278,1.0005,
8.373,IMU,146.9315,0.0000,73.4657,1.8749,0.0000,-420.928,-3.608,-1.051,-135.481,0.0630,0.0483,0.9399,
8.390,ENC,146.9673,0.0000,73.4836,1.7896,0.0000,-421.030,-3.608,-1.051,-135.481,0.0630,0.0483,0.9399,
8.396,IMU,146.9673,0.0000,73.4836,1.7896,0.0000,-421.030,-3.621,-1.018,-135.625,0.0820,0.0361,0.9551,
8.409,ENC,147.0065,0.0000,73.5032,1.9601,0.0000,-421.143,-3.621,-1.018,-135.625,0.0820,0.0361,0.9551,
8.413,IMU,147.0065,0.0000,73.5032,1.9601,0.0000,-421.143,-3.686,-0.964,-135.802,0.1250,0.0161,1.0024,
8.427,ENC,147.0440,0.0000,73.5220,1.8749,0.0000,-421.250,-3.686,-0.964,-135.802,0.1250,0.0161,1.0024,
8.435,IMU,147.0440,0.0000,73.5220,1.8749,0.0000,-421.250,-3.716,-0.848,-135.996,0.0762,0.0361,0.9404,
8.448,ENC,147.0866,0.0000,73.5433,2.1305,0.0000,-421.372,-3.716,-0.848,-135.996,0.0762,0.0361,0.9404,
8.453,IMU,147.0866,0.0000,73.5433,2.1305,0.0000,-421.372,-3.731,-0.803,-136.182,0.1060,0.0269,0.9688,
8.467,ENC,147.1258,0.0000,73.5629,1.9601,0.0000,-421.484,-3.731,-0.803,-136.182,0.1060,0.0269,0.9688,
8.473,IMU,147.1258,0.0000,73.5629,1.9601,0.0000,-421.484,-3.837,-0.840,-136.342,0.1631,-0.0005,1.0000,
8.487,ENC,147.1684,0.0000,73.5842,2.1305,0.0000,-421.606,-3.837,-0.840,-136.342,0.1631,-0.0005,1.0000,
8.495,IMU,147.1684,0.0000,73.5842,2.1305,0.0000,-421.606,-3.801,-0.812,-136.545,0.0581,-0.0405,0.9590,
8.507,ENC,147.2110,0.0000,73.6055,2.1305,0.0000,-421.729,-3.801,-0.812,-136.545,0.0581,-0.0405,0.9590,
8.513,IMU,147.2110,0.0000,73.6055,2.1305,0.0000,-421.729,-3.790,-0.895,-136.662,0.0405,-0.0439,0.9980,
8.527,ENC,147.2519,0.0000,73.6260,2.0453,0.0000,-421.846,-3.790,-0.895,-136.662,0.0405,-0.0439,0.9980,
8.534,IMU,147.2519,0.0000,73.6260,2.0453,0.0000,-421.846,-3.699,-0.908,-136.816,0.0039,0.0186,1.0698,
8.547,ENC,147.2928,0.0000,73.6464,2.0453,0.0000,-421.963,-3.699,-0.908,-136.816,0.0039,0.0186,1.0698,
8.554,IMU,147.2928,0.0000,73.6464,2.0453,0.0000,-421.963,-3.632,-0.937,-137.042,0.0361,-0.0146,0.9756,
8.568,ENC,147.3337,0.0000,73.6669,2.0453,0.0000,-422.080,-3.632,-0.937,-137.042,0.0361,-0.0146,0.9756,
8.573,IMU,147.3337,0.0000,73.6669,2.0453,0.0000,-422.080,-3.586,-0.952,-137.254,0.0400,-0.0029,0.9902,
8.587,ENC,147.3764,0.0000,73.6882,2.1305,0.0000,-422.202,-3.586,-0.952,-137.254,0.0400,-0.0029,0.9902,
8.593,IMU,147.3764,0.0000,73.6882,2.1305,0.0000,-422.202,-3.555,-1.052,-137.390,0.0386,-0.0483,1.0049,
8.607,ENC,147.4190,0.0000,73.7095,2.1305,0.0000,-422.324,-3.555,-1.052,-137.390,0.0386,-0.0483,1.0049,
8.614,IMU,147.4190,0.0000,73.7095,2.1305,0.0000,-422.324,-3.561,-1.081,-137.581,0.0669,-0.0293,0.9741,
8.630,ENC,147.4599,0.0000,73.7299,2.0453,0.0000,-422.441,-3.561,-1.081,-137.581,0.0669,-0.0293,0.9741,
8.637,IMU,147.4599,0.0000,73.7299,2.0453,0.0000,-422.441,-3.545,-1.055,-137.740,0.0435,0.0024,1.0156,
8.648,ENC,147.5008,0.0000,73.7504,2.0453,0.0000,-422.559,-3.545,-1.055,-137.740,0.0435,0.0024,1.0156,
8.656,IMU,147.5008,0.0000,73.7504,2.0453,0.0000,-422.559,-3.638,-1.074,-137.901,0.0879,-0.0444,0.9819,
8.667,ENC,147.5400,0.0000,73.7700,1.9601,0.0000,-422.671,-3.638,-1.074,-137.901,0.0879,-0.0444,0.9819,
8.673,IMU,147.5400,0.0000,73.7700,1.9601,0.0000,-422.671,-3.621,-1.052,-138.061,0.0566,0.0181,1.0000,
8.687,ENC,147.5792,0.0000,73.7896,1.9601,0.0000,-422.783,-3.621,-1.052,-138.061,0.0566,0.0181,1.0000,
8.694,IMU,147.5792,0.0000,73.7896,1.9601,0.0000,-422.783,-3.539,-1.128,-138.246,-0.0151,-0.0601,0.9829,
8.707,ENC,147.6201,0.0000,73.8100,2.0453,0.0000,-422.900,-3.539,-1.128,-138.246,-0.0151,-0.0601,0.9829,
8.713,IMU,147.6201,0.0000,73.8100,2.0453,0.0000,-422.900,-3.559,-1.104,-138.451,0.0806,-0.0073,0.9668,
8.727,ENC,147.6559,0.0000,73.8279,1.7896,0.0000,-423.003,-3.559,-1.104,-138.451,0.0806,-0.0073,0.9668,
8.733,IMU,147.6559,0.0000,73.8279,1.7896,0.0000,-423.003,-3.621,-1.089,-138.666,0.1147,-0.0015,0.9219,
8.748,ENC,147.6985,0.0000,73.8492,2.1305,0.0000,-423.125,-3.621,-1.089,-138.666,0.1147,-0.0015,0.9219,
8.754,IMU,147.6985,0.0000,73.8492,2.1305,0.0000,-423.125,-3.588,-1.052,-138.825,0.0146,-0.0137,1.0244,
8.767,ENC,147.7394,0.0000,73.8697,2.0453,0.0000,-423.242,-3.588,-1.052,-138.825,0.0146,-0.0137,1.0244,
8.773,IMU,147.7394,0.0000,73.8697,2.0453,0.0000,-423.242,-3.599,-1.055,-139.000,0.0254,-0.0254,1.0532,
8.787,ENC,147.7769,0.0000,73.8884,1.8749,0.0000,-423.350,-3.599,-1.055,-139.000,0.0254,-0.0254,1.0532,
8.793,IMU,147.7769,0.0000,73.8884,1.8749,0.0000,-423.350,-3.588,-1.018,-139.172,0.0518,-0.0029,0.9937,
8.807,ENC,147.8161,0.0000,73.9080,1.9601,0.0000,-423.462,-3.588,-1.018,-139.172,0.0518,-0.0029,0.9937,
8.814,IMU,147.8161,0.0000,73.9080,1.9601,0.0000,-423.462,-3.626,-0.944,-139.358,0.0908,0.0195,1.0181,
8.827,ENC,147.8536,0.0000,73.9268,1.8749,0.0000,-423.569,-3.626,-0.944,-139.358,0.0908,0.0195,1.0181,
8.836,IMU,147.8536,0.0000,73.9268,1.8749,0.0000,-423.569,-3.600,-1.007,-139.520,0.0366,-0.0469,0.9546,
8.854,IMU,147.8536,0.0000,73.9268,1.8749,0.0000,-423.569,-3.580,-1.033,-139.679,0.0474,-0.0073,1.0610,
8.866,ENC,147.9252,0.0000,73.9626,1.7896,0.0000,-423.774,-3.580,-1.033,-139.679,0.0474,-0.0073,1.0610,
8.874,IMU,147.9252,0.0000,73.9626,1.7896,0.0000,-423.774,-3.593,-0.975,-139.805,0.0674,0.0103,0.9580,
8.887,ENC,147.9576,0.0000,73.9788,1.6192,0.0000,-423.867,-3.593,-0.975,-139.805,0.0674,0.0103,0.9580,
8.896,IMU,147.9576,0.0000,73.9788,1.6192,0.0000,-423.867,-3.593,-1.071,-139.915,0.0273,-0.0713,0.9580,
8.915,IMU,147.9576,0.0000,73.9788,1.6192,0.0000,-423.867,-3.593,-1.089,-140.016,0.0303,-0.0435,0.9297,
8.916,ENC,147.9934,0.0000,73.9967,1.7896,0.0000,-423.970,-3.593,-1.089,-140.016,0.0303,-0.0435,0.9297,
8.928,ENC,148.0291,0.0000,74.0146,1.7896,0.0000,-424.072,-3.593,-1.089,-140.016,0.0303,-0.0435,0.9297,
8.934,IMU,148.0291,0.0000,74.0146,1.7896,0.0000,-424.072,-3.584,-1.184,-140.161,0.0562,-0.0737,0.9785,
8.947,ENC,148.0615,0.0000,74.0308,1.6192,0.0000,-424.165,-3.584,-1.184,-140.161,0.0562,-0.0737,0.9785,
8.953,IMU,148.0615,0.0000,74.0308,1.6192,0.0000,-424.165,-3.510,-1.062,-140.231,0.0176,0.0483,0.8745,
8.967,ENC,148.0956,0.0000,74.0478,1.7044,0.0000,-424.263,-3.510,-1.062,-140.231,0.0176,0.0483,0.8745,
8.979,IMU,148.0956,0.0000,74.0478,1.7044,0.0000,-424.263,-3.421,-1.080,-140.411,0.0068,0.0103,0.9429,
8.990,ENC,148.1246,0.0000,74.0623,1.4488,0.0000,-424.346,-3.421,-1.080,-140.411,0.0068,0.0103,0.9429,
8.993,IMU,148.1246,0.0000,74.0623,1.4488,0.0000,-424.346,-3.396,-1.067,-140.482,0.0732,-0.0166,1.0337,
9.007,ENC,148.1485,0.0000,74.0742,1.1931,0.0000,-424.414,-3.396,-1.067,-140.482,0.0732,-0.0166,1.0337,
9.027,ENC,148.1621,0.0000,74.0810,0.6818,0.0000,-424.453,-3.396,-1.067,-140.482,0.0732,-0.0166,1.0337,
9.033,IMU,148.1621,0.0000,74.0810,0.6818,0.0000,-424.453,-3.418,-1.108,-140.555,0.0684,-0.0303,0.9004,
9.049,ENC,148.1774,0.0000,74.0887,0.7670,0.0000,-424.497,-3.418,-1.108,-140.555,0.0684,-0.0303,0.9004,
9.055,IMU,148.1774,0.0000,74.0887,0.7670,0.0000,-424.497,-3.395,-1.125,-140.571,0.0771,-0.0049,1.0420,
9.067,ENC,148.1996,0.0000,74.0998,1.1079,0.0000,-424.561,-3.395,-1.125,-140.571,0.0771,-0.0049,1.0420,
9.074,IMU,148.1996,0.0000,74.0998,1.1079,0.0000,-424.561,-3.521,-1.089,-140.629,0.1172,-0.0210,1.0176,
9.087,ENC,148.2149,0.0000,74.1075,0.7670,0.0000,-424.604,-3.521,-1.089,-140.629,0.1172,-0.0210,1.0176,
9.093,IMU,148.2149,0.0000,74.1075,0.7670,0.0000,-424.604,-3.571,-1.104,-140.608,0.0776,-0.0229,0.9668,
9.115,IMU,148.2149,0.0000,74.1075,0.7670,0.0000,-424.604,-3.539,-1.064,-140.650,0.0391,0.0220,1.0303,
9.126,ENC,148.2507,0.0000,74.1254,0.8948,0.0000,-424.707,-3.539,-1.064,-140.650,0.0391,0.0220,1.0303,
9.133,IMU,148.2507,0.0000,74.1254,0.8948,0.0000,-424.707,-3.527,-1.041,-140.687,0.0420,-0.0234,1.0078,
9.153,ENC,148.2627,0.0000,74.1313,0.5965,0.0000,-424.741,-3.527,-1.041,-140.687,0.0420,-0.0234,1.0078,
9.156,IMU,148.2627,0.0000,74.1313,0.5965,0.0000,-424.741,-3.506,-0.972,-140.702,0.0464,0.0259,0.9580,
9.168,ENC,148.2678,0.0000,74.1339,0.2557,0.0000,-424.756,-3.506,-0.972,-140.702,0.0464,0.0259,0.9580,
9.175,IMU,148.2678,0.0000,74.1339,0.2557,0.0000,-424.756,-3.448,-1.032,-140.698,0.0659,-0.0322,0.9526,
9.187,ENC,148.2712,0.0000,74.1356,0.1704,0.0000,-424.766,-3.448,-1.032,-140.698,0.0659,-0.0322,0.9526,
9.193,IMU,148.2712,0.0000,74.1356,0.1704,0.0000,-424.766,-3.443,-1.023,-140.759,0.0400,0.0093,0.9976,
9.207,ENC,148.2746,0.0000,74.1373,0.1704,0.0000,-424.775,-3.443,-1.023,-140.759,0.0400,0.0093,0.9976,
9.213,IMU,148.2746,0.0000,74.1373,0.1704,0.0000,-424.775,-3.438,-1.028,-140.766,0.0361,-0.0186,0.9941,
9.227,ENC,148.2763,0.0000,74.1381,0.0852,0.0000,-424.780,-3.438,-1.028,-140.766,0.0361,-0.0186,0.9941,
9.233,IMU,148.2763,0.0000,74.1381,0.0852,0.0000,-424.780,-3.427,-1.031,-140.779,0.0864,0.0005,0.9609,
9.248,ENC,148.2763,0.0000,74.1381,0.0000,0.0000,-424.780,-3.427,-1.031,-140.779,0.0864,0.0005,0.9609,
9.256,IMU,148.2763,0.0000,74.1381,0.0000,0.0000,-424.780,-3.387,-1.054,-140.764,0.0840,-0.0244,1.0078,
9.267,ENC,148.2763,0.0000,74.1381,0.0000,0.0000,-424.780,-3.387,-1.054,-140.764,0.0840,-0.0244,1.0078,
9.277,IMU,148.2763,0.0000,74.1381,0.0000,0.0000,-424.780,-3.345,-1.077,-140.822,0.0200,-0.0225,1.0259,
9.300,ENC,148.2763,0.0000,74.1381,0.0000,0.0000,-424.780,-3.345,-1.077,-140.822,0.0200,-0.0225,1.0259,
9.307,ENC,148.2763,0.0000,74.1381,0.0000,0.0000,-424.780,-3.345,-1.077,-140.822,0.0200,-0.0225,1.0259,
9.322,IMU,148.2763,0.0000,74.1381,0.0000,0.0000,-424.780,-3.300,-1.015,-140.809,0.0449,0.0176,1.0352,
9.328,ENC,148.2763,0.0000,74.1381,0.0000,0.0000,-424.780,-3.300,-1.015,-140.809,0.0449,0.0176,1.0352,
9.334,IMU,148.2763,0.0000,74.1381,0.0000,0.0000,-424.780,-3.336,-1.006,-140.794,0.0601,-0.0259,0.9673,
9.347,ENC,148.2763,0.0000,74.1381,0.0000,0.0000,-424.780,-3.336,-1.006,-140.794,0.0601,-0.0259,0.9673,
9.354,IMU,148.2763,0.0000,74.1381,0.0000,0.0000,-424.780,-3.298,-0.978,-140.792,0.0410,0.0049,1.0449,
9.368,ENC,148.2763,0.0000,74.1381,0.0000,0.0000,-424.780,-3.298,-0.978,-140.792,0.0410,0.0049,1.0449,
9.374,IMU,148.2763,0.0000,74.1381,0.0000,0.0000,-424.780,-3.293,-0.964,-140.770,0.0474,-0.0322,1.0044,
9.388,ENC,148.2763,0.0000,74.1381,0.0000,0.0000,-424.780,-3.293,-0.964,-140.770,0.0474,-0.0322,1.0044,
9.394,IMU,148.2763,0.0000,74.1381,0.0000,0.0000,-424.780,-3.254,-0.981,-140.814,0.0420,-0.0298,1.0327,
9.409,ENC,148.2763,0.0000,74.1381,0.0000,0.0000,-424.780,-3.254,-0.981,-140.814,0.0420,-0.0298,1.0327,
9.416,IMU,148.2763,0.0000,74.1381,0.0000,0.0000,-424.780,-3.258,-1.000,-140.773,0.0591,-0.0312,0.9912,
9.428,ENC,148.2763,0.0000,74.1381,0.0000,0.0000,-424.780,-3.258,-1.000,-140.773,0.0591,-0.0312,0.9912,
9.434,IMU,148.2763,0.0000,74.1381,0.0000,0.0000,-424.780,-3.228,-0.982,-140.782,0.0679,0.0054,0.9692,
9.447,ENC,148.2763,0.0000,74.1381,0.0000,0.0000,-424.780,-3.228,-0.982,-140.782,0.0679,0.0054,0.9692,
9.456,IMU,148.2763,0.0000,74.1381,0.0000,0.0000,-424.780,-3.217,-0.987,-140.784,0.0635,-0.0020,0.9673,
9.467,ENC,148.2763,0.0000,74.1381,0.0000,0.0000,-424.780,-3.217,-0.987,-140.784,0.0635,-0.0020,0.9673,
9.475,IMU,148.2763,0.0000,74.1381,0.0000,0.0000,-424.780,-3.226,-0.967,-140.809,0.0435,0.0176,1.0391,
9.487,ENC,148.2763,0.0000,74.1381,0.0000,0.0000,-424.780,-3.226,-0.967,-140.809,0.0435,0.0176,1.0391,
9.507,IMU,148.2763,0.0000,74.1381,0.0000,0.0000,-424.780,-3.226,-0.984,-140.771,0.0684,-0.0166,1.0029,
9.509,ENC,148.2763,0.0000,74.1381,0.0000,0.0000,-424.780,-3.226,-0.984,-140.771,0.0684,-0.0166,1.0029,
9.517,IMU,148.2763,0.0000,74.1381,0.0000,0.0000,-424.780,-3.254,-0.940,-140.816,0.0732,-0.0117,0.9512,
9.527,ENC,148.2763,0.0000,74.1381,0.0000,0.0000,-424.780,-3.254,-0.940,-140.816,0.0732,-0.0117,0.9512,
9.533,IMU,148.2763,0.0000,74.1381,0.0000,0.0000,-424.780,-3.217,-0.920,-140.799,0.0386,-0.0054,1.0073,
9.547,ENC,148.2763,0.0000,74.1381,0.0000,0.0000,-424.780,-3.217,-0.920,-140.799,0.0386,-0.0054,1.0073,
9.558,IMU,148.2763,0.0000,74.1381,0.0000,0.0000,-424.780,-3.191,-0.935,-140.869,0.0698,-0.0044,1.0190,
9.568,ENC,148.2763,0.0000,74.1381,0.0000,0.0000,-424.780,-3.191,-0.935,-140.869,0.0698,-0.0044,1.0190,
9.574,IMU,148.2763,0.0000,74.1381,0.0000,0.0000,-424.780,-3.199,-0.974,-140.881,0.0439,-0.0073,0.9766,
9.587,ENC,148.2763,0.0000,74.1381,0.0000,0.0000,-424.780,-3.199,-0.974,-140.881,0.0439,-0.0073,0.9766,
9.593,IMU,148.2763,0.0000,74.1381,0.0000,0.0000,-424.780,-3.220,-0.991,-140.929,0.0620,-0.0063,0.9966,
9.613,ENC,148.2763,0.0000,74.1381,0.0000,0.0000,-424.780,-3.220,-0.991,-140.929,0.0620,-0.0063,0.9966,
9.616,IMU,148.2763,0.0000,74.1381,0.0000,0.0000,-424.780,-3.202,-0.969,-140.938,0.0596,-0.0112,1.0107,
9.627,ENC,148.2763,0.0000,74.1381,0.0000,0.0000,-424.780,-3.202,-0.969,-140.938,0.0596,-0.0112,1.0107,
9.634,IMU,148.2763,0.0000,74.1381,0.0000,0.0000,-424.780,-3.201,-1.000,-140.947,0.0718,-0.0029,0.9902,
9.648,ENC,148.2763,0.0000,74.1381,0.0000,0.0000,-424.780,-3.201,-1.000,-140.947,0.0718,-0.0029,0.9902,
9.667,ENC,148.2763,0.0000,74.1381,0.0000,0.0000,-424.780,-3.201,-1.000,-140.947,0.0718,-0.0029,0.9902,
9.674,IMU,148.2763,0.0000,74.1381,0.0000,0.0000,-424.780,-3.311,-1.006,-141.047,0.0796,-0.0107,0.9878,
9.689,ENC,148.2763,0.0000,74.1381,0.0000,0.0000,-424.780,-3.311,-1.006,-141.047,0.0796,-0.0107,0.9878,
9.693,IMU,148.2763,0.0000,74.1381,0.0000,0.0000,-424.780,-3.289,-0.971,-141.060,0.0459,0.0054,0.9902,
9.707,ENC,148.2763,0.0000,74.1381,0.0000,0.0000,-424.780,-3.289,-0.971,-141.060,0.0459,0.0054,0.9902,
9.713,IMU,148.2763,0.0000,74.1381,0.0000,0.0000,-424.780,-3.283,-0.914,-141.057,0.0483,-0.0098,1.0083,
9.727,ENC,148.2763,0.0000,74.1381,0.0000,0.0000,-424.780,-3.283,-0.914,-141.057,0.0483,-0.0098,1.0083,
9.733,IMU,148.2763,0.0000,74.1381,0.0000,0.0000,-424.780,-3.279,-0.901,-141.021,0.0591,0.0010,0.9893,
9.747,ENC,148.2763,0.0000,74.1381,0.0000,0.0000,-424.780,-3.279,-0.901,-141.021,0.0591,0.0010,0.9893,
9.754,IMU,148.2763,0.0000,74.1381,0.0000,0.0000,-424.780,-3.260,-0.918,-141.035,0.0527,-0.0239,0.9883,
9.767,ENC,148.2763,0.0000,74.1381,0.0000,0.0000,-424.780,-3.260,-0.918,-141.035,0.0527,-0.0239,0.9883,
9.773,IMU,148.2763,0.0000,74.1381,0.0000,0.0000,-424.780,-3.317,-0.928,-141.027,0.0571,-0.0098,1.0005,
9.787,ENC,148.2763,0.0000,74.1381,0.0000,0.0000,-424.780,-3.317,-0.928,-141.027,0.0571,-0.0098,1.0005,
9.795,IMU,148.2763,0.0000,74.1381,0.0000,0.0000,-424.780,-3.297,-0.955,-141.042,0.0679,-0.0107,0.9985,
9.806,ENC,148.2763,0.0000,74.1381,0.0000,0.0000,-424.780,-3.297,-0.955,-141.042,0.0679,-0.0107,0.9985,
9.813,IMU,148.2763,0.0000,74.1381,0.0000,0.0000,-424.780,-3.250,-0.947,-141.068,0.0527,-0.0049,0.9956,
9.827,ENC,148.2763,0.0000,74.1381,0.0000,0.0000,-424.780,-3.250,-0.947,-141.068,0.0527,-0.0049,0.9956,
9.834,IMU,148.2763,0.0000,74.1381,0.0000,0.0000,-424.780,-3.324,-0.925,-141.055,0.0601,-0.0122,0.9912,
9.847,ENC,148.2763,0.0000,74.1381,0.0000,0.0000,-424.780,-3.324,-0.925,-141.055,0.0601,-0.0122,0.9912,
9.853,IMU,148.2763,0.0000,74.1381,0.0000,0.0000,-424.780,-3.311,-0.924,-141.059,0.0688,-0.0142,0.9966,
9.868,ENC,148.2763,0.0000,74.1381,0.0000,0.0000,-424.780,-3.311,-0.924,-141.059,0.0688,-0.0142,0.9966,
9.874,IMU,148.2763,0.0000,74.1381,0.0000,0.0000,-424.780,-3.314,-0.916,-141.067,0.0522,-0.0117,0.9990,
9.887,ENC,148.2763,0.0000,74.1381,0.0000,0.0000,-424.780,-3.314,-0.916,-141.067,0.0522,-0.0117,0.9990,
9.893,IMU,148.2763,0.0000,74.1381,0.0000,0.0000,-424.780,-3.337,-0.902,-141.071,0.0581,-0.0103,0.9888,
9.907,ENC,148.2763,0.0000,74.1381,0.0000,0.0000,-424.780,-3.337,-0.902,-141.071,0.0581,-0.0103,0.9888,
9.915,IMU,148.2763,0.0000,74.1381,0.0000,0.0000,-424.780,-3.335,-0.887,-141.121,0.0503,-0.0176,1.0005,
9.928,ENC,148.2763,0.0000,74.1381,0.0000,0.0000,-424.780,-3.335,-0.887,-141.121,0.0503,-0.0176,1.0005,
9.935,IMU,148.2763,0.0000,74.1381,0.0000,0.0000,-424.780,-3.308,-0.905,-141.071,0.0610,-0.0107,1.0034,
9.948,ENC,148.2763,0.2045,74.2404,0.0000,10.2265,-424.194,-3.308,-0.905,-141.071,0.0610,-0.0107,1.0034,
9.956,IMU,148.2763,0.2045,74.2404,0.0000,10.2265,-424.194,-3.312,-0.880,-141.048,0.0645,-0.0107,0.9966,
9.970,ENC,148.2763,0.0000,74.1381,0.0000,-10.2265,-424.780,-3.312,-0.880,-141.048,0.0645,-0.0107,0.9966,
9.973,IMU,148.2763,0.0000,74.1381,0.0000,-10.2265,-424.780,-3.322,-0.826,-141.049,0.0635,0.0049,0.9858,
9.986,ENC,148.2763,0.0000,74.1381,0.0000,0.0000,-424.780,-3.322,-0.826,-141.049,0.0635,0.0049,0.9858,
9.995,IMU,148.2763,0.0000,74.1381,0.0000,0.0000,-424.780,-3.314,-0.818,-141.039,0.0522,-0.0122,0.9995,
10.009,ENC,148.2763,0.0000,74.1381,0.0000,0.0000,-424.780,-3.314,-0.818,-141.039,0.0522,-0.0122,0.9995,
10.014,IMU,148.2763,0.0000,74.1381,0.0000,0.0000,-424.780,-3.348,-0.817,-141.027,0.0640,0.0000,0.9985,
10.028,ENC,148.2763,0.0000,74.1381,0.0000,0.0000,-424.780,-3.348,-0.817,-141.027,0.0640,0.0000,0.9985,
10.035,IMU,148.2763,0.0000,74.1381,0.0000,0.0000,-424.780,-3.366,-0.851,-141.040,0.0649,-0.0073,1.0010,
10.048,ENC,148.2763,0.0000,74.1381,0.0000,0.0000,-424.780,-3.366,-0.851,-141.040,0.0649,-0.0073,1.0010,
10.057,IMU,148.2763,0.0000,74.1381,0.0000,0.0000,-424.780,-3.393,-0.859,-141.036,0.0591,-0.0122,0.9849,
10.071,ENC,148.2763,0.0000,74.1381,0.0000,0.0000,-424.780,-3.393,-0.859,-141.036,0.0591,-0.0122,0.9849,
10.077,IMU,148.2763,0.0000,74.1381,0.0000,0.0000,-424.780,-3.398,-0.825,-141.005,0.0728,-0.0063,0.9961,
10.087,ENC,148.2763,0.0000,74.1381,0.0000,0.0000,-424.780,-3.398,-0.825,-141.005,0.0728,-0.0063,0.9961,
10.095,IMU,148.2763,0.0000,74.1381,0.0000,0.0000,-424.780,-3.355,-0.826,-141.035,0.0698,-0.0015,0.9951,
10.108,ENC,148.2763,0.0000,74.1381,0.0000,0.0000,-424.780,-3.355,-0.826,-141.035,0.0698,-0.0015,0.9951,
10.120,IMU,148.2763,0.0000,74.1381,0.0000,0.0000,-424.780,-3.378,-0.801,-141.009,0.0537,-0.0054,1.0000,
10.127,ENC,148.2763,0.0000,74.1381,0.0000,0.0000,-424.780,-3.378,-0.801,-141.009,0.0537,-0.0054,1.0000,
10.134,IMU,148.2763,0.0000,74.1381,0.0000,0.0000,-424.780,-3.399,-0.798,-141.021,0.0732,0.0020,0.9814,
10.148,ENC,148.2763,0.0000,74.1381,0.0000,0.0000,-424.780,-3.399,-0.798,-141.021,0.0732,0.0020,0.9814,
10.160,IMU,148.2763,0.0000,74.1381,0.0000,0.0000,-424.780,-3.373,-0.830,-141.011,0.0649,-0.0020,0.9976,
10.168,ENC,148.2763,0.0000,74.1381,0.0000,0.0000,-424.780,-3.373,-0.830,-141.011,0.0649,-0.0020,0.9976,
10.179,IMU,148.2763,0.0000,74.1381,0.0000,0.0000,-424.780,-3.393,-0.802,-140.995,0.0620,-0.0029,0.9790,
10.187,ENC,148.2763,0.0000,74.1381,0.0000,0.0000,-424.780,-3.393,-0.802,-140.995,0.0620,-0.0029,0.9790,
10.195,IMU,148.2763,0.0000,74.1381,0.0000,0.0000,-424.780,-3.385,-0.826,-140.989,0.0591,-0.0156,0.9951,
10.207,ENC,148.2763,0.0000,74.1381,0.0000,0.0000,-424.780,-3.385,-0.826,-140.989,0.0591,-0.0156,0.9951,
10.214,IMU,148.2763,0.0000,74.1381,0.0000,0.0000,-424.780,-3.383,-0.836,-141.008,0.0566,-0.0068,1.0034,
10.230,ENC,148.2763,0.0000,74.1381,0.0000,0.0000,-424.780,-3.383,-0.836,-141.008,0.0566,-0.0068,1.0034,
10.236,IMU,148.2763,0.0000,74.1381,0.0000,0.0000,-424.780,-3.351,-0.855,-141.024,0.0508,-0.0122,0.9966,
10.247,ENC,148.2763,0.0000,74.1381,0.0000,0.0000,-424.780,-3.351,-0.855,-141.024,0.0508,-0.0122,0.9966,
10.255,IMU,148.2763,0.0000,74.1381,0.0000,0.0000,-424.780,-3.330,-0.817,-141.018,0.0566,-0.0068,0.9912,
10.268,ENC,148.2763,0.0000,74.1381,0.0000,0.0000,-424.780,-3.330,-0.817,-141.018,0.0566,-0.0068,0.9912,
10.275,IMU,148.2763,0.0000,74.1381,0.0000,0.0000,-424.780,-3.349,-0.850,-141.002,0.0649,-0.0161,1.0049,
10.288,ENC,148.2763,0.0000,74.1381,0.0000,0.0000,-424.780,-3.349,-0.850,-141.002,0.0649,-0.0161,1.0049,
10.294,IMU,148.2763,0.0000,74.1381,0.0000,0.0000,-424.780,-3.368,-0.826,-140.983,0.0518,-0.0073,0.9912,
10.307,ENC,148.2763,0.0000,74.1381,0.0000,0.0000,-424.780,-3.368,-0.826,-140.983,0.0518,-0.0073,0.9912,
10.314,IMU,148.2763,0.0000,74.1381,0.0000,0.0000,-424.780,-3.329,-0.774,-141.035,0.0610,-0.0103,0.9834,
10.327,ENC,148.2763,0.0000,74.1381,0.0000,0.0000,-424.780,-3.329,-0.774,-141.035,0.0610,-0.0103,0.9834,
10.334,IMU,148.2763,0.0000,74.1381,0.0000,0.0000,-424.780,-3.363,-0.781,-141.065,0.0669,-0.0068,1.0039,
10.347,ENC,148.2763,0.0000,74.1381,0.0000,0.0000,-424.780,-3.363,-0.781,-141.065,0.0669,-0.0068,1.0039,
10.354,IMU,148.2763,0.0000,74.1381,0.0000,0.0000,-424.780,-3.362,-0.744,-141.058,0.0605,-0.0117,0.9917,
10.374,ENC,148.2763,0.0000,74.1381,0.0000,0.0000,-424.780,-3.362,-0.744,-141.058,0.0605,-0.0117,0.9917,
10.377,IMU,148.2763,0.0000,74.1381,0.0000,0.0000,-424.780,-3.383,-0.749,-141.079,0.0571,-0.0015,1.0015,
10.388,ENC,148.2763,0.0000,74.1381,0.0000,0.0000,-424.780,-3.383,-0.749,-141.079,0.0571,-0.0015,1.0015,
10.394,IMU,148.2763,0.0000,74.1381,0.0000,0.0000,-424.780,-3.338,-0.722,-141.095,0.0640,0.0034,0.9976,
10.407,ENC,148.2763,0.0000,74.1381,0.0000,0.0000,-424.780,-3.338,-0.722,-141.095,0.0640,0.0034,0.9976,
10.413,IMU,148.2763,0.0000,74.1381,0.0000,0.0000,-424.780,-3.299,-0.718,-141.097,0.0610,-0.0078,0.9868,
10.427,ENC,148.2763,0.0000,74.1381,0.0000,0.0000,-424.780,-3.299,-0.718,-141.097,0.0610,-0.0078,0.9868,
10.433,IMU,148.2763,0.0000,74.1381,0.0000,0.0000,-424.780,-3.291,-0.716,-141.098,0.0601,-0.0132,1.0034,
10.447,ENC,148.2763,0.0000,74.1381,0.0000,0.0000,-424.780,-3.291,-0.716,-141.098,0.0601,-0.0132,1.0034,
10.453,IMU,148.2763,0.0000,74.1381,0.0000,0.0000,-424.780,-3.309,-0.702,-141.094,0.0601,-0.0010,0.9922,
10.470,ENC,148.2763,-0.2182,74.0291,0.0000,-10.9083,-425.405,-3.309,-0.702,-141.094,0.0601,-0.0010,0.9922,
10.474,IMU,148.2763,-0.2182,74.0291,0.0000,-10.9083,-425.405,-3.338,-0.729,-141.092,0.0645,-0.0088,0.9902,
10.487,ENC,148.2763,0.0000,74.1381,0.0000,10.9083,-424.780,-3.338,-0.729,-141.092,0.0645,-0.0088,0.9902,
10.494,IMU,148.2763,0.0000,74.1381,0.0000,10.9083,-424.780,-3.345,-0.750,-141.136,0.0679,-0.0176,0.9966,
10.507,ENC,148.2763,0.0000,74.1381,0.0000,0.0000,-424.780,-3.345,-0.750,-141.136,0.0679,-0.0176,0.9966,
10.513,IMU,148.2763,0.0000,74.1381,0.0000,0.0000,-424.780,-3.348,-0.736,-141.148,0.0630,0.0098,0.9854,
10.527,ENC,148.2763,0.0000,74.1381,0.0000,0.0000,-424.780,-3.348,-0.736,-141.148,0.0630,0.0098,0.9854,
10.533,IMU,148.2763,0.0000,74.1381,0.0000,0.0000,-424.780,-3.330,-0.715,-141.106,0.0654,-0.0098,0.9927,
10.547,ENC,148.2763,0.0000,74.1381,0.0000,0.0000,-424.780,-3.330,-0.715,-141.106,0.0654,-0.0098,0.9927,
10.553,IMU,148.2763,0.0000,74.1381,0.0000,0.0000,-424.780,-3.332,-0.702,-141.093,0.0654,-0.0078,0.9897,
10.568,ENC,148.2763,0.0000,74.1381,0.0000,0.0000,-424.780,-3.332,-0.702,-141.093,0.0654,-0.0078,0.9897,
10.573,IMU,148.2763,0.0000,74.1381,0.0000,0.0000,-424.780,-3.318,-0.716,-141.109,0.0601,-0.0010,1.0015,
10.588,ENC,148.2763,0.0000,74.1381,0.0000,0.0000,-424.780,-3.318,-0.716,-141.109,0.0601,-0.0010,1.0015,
10.593,IMU,148.2763,0.0000,74.1381,0.0000,0.0000,-424.780,-3.388,-0.708,-141.081,0.0615,-0.0146,0.9917,
10.607,ENC,148.2763,0.0000,74.1381,0.0000,0.0000,-424.780,-3.388,-0.708,-141.081,0.0615,-0.0146,0.9917,
10.614,IMU,148.2763,0.0000,74.1381,0.0000,0.0000,-424.780,-3.417,-0.665,-141.091,0.0640,-0.0044,0.9941,
10.627,ENC,148.2763,0.0000,74.1381,0.0000,0.0000,-424.780,-3.417,-0.665,-141.091,0.0640,-0.0044,0.9941,
10.634,IMU,148.2763,0.0000,74.1381,0.0000,0.0000,-424.780,-3.423,-0.694,-141.075,0.0674,-0.0073,1.0020,
10.647,ENC,148.2763,0.0000,74.1381,0.0000,0.0000,-424.780,-3.423,-0.694,-141.075,0.0674,-0.0073,1.0020,
10.653,IMU,148.2763,0.0000,74.1381,0.0000,0.0000,-424.780,-3.406,-0.707,-141.061,0.0610,-0.0137,0.9961,
10.667,ENC,148.2763,0.0000,74.1381,0.0000,0.0000,-424.780,-3.406,-0.707,-141.061,0.0610,-0.0137,0.9961,
10.674,IMU,148.2763,0.0000,74.1381,0.0000,0.0000,-424.780,-3.335,-0.711,-141.096,0.0527,-0.0205,1.0054,
10.687,ENC,148.2763,0.0000,74.1381,0.0000,0.0000,-424.780,-3.335,-0.711,-141.096,0.0527,-0.0205,1.0054,
10.693,IMU,148.2763,0.0000,74.1381,0.0000,0.0000,-424.780,-3.340,-0.729,-141.131,0.0596,-0.0073,0.9819,
10.707,ENC,148.2763,0.0000,74.1381,0.0000,0.0000,-424.780,-3.340,-0.729,-141.131,0.0596,-0.0073,0.9819,
10.713,IMU,148.2763,0.0000,74.1381,0.0000,0.0000,-424.780,-3.363,-0.719,-141.181,0.0552,0.0000,1.0034,
10.727,ENC,148.2763,0.0000,74.1381,0.0000,0.0000,-424.780,-3.363,-0.719,-141.181,0.0552,0.0000,1.0034,
10.733,IMU,148.2763,0.0000,74.1381,0.0000,0.0000,-424.780,-3.386,-0.747,-141.233,0.0737,-0.0176,0.9873,
10.748,ENC,148.2763,0.0000,74.1381,0.0000,0.0000,-424.780,-3.386,-0.747,-141.233,0.0737,-0.0176,0.9873,
10.757,IMU,148.2763,0.0000,74.1381,0.0000,0.0000,-424.780,-3.404,-0.776,-141.233,0.0615,-0.0020,1.0015,
10.768,ENC,148.2763,0.0000,74.1381,0.0000,0.0000,-424.780,-3.404,-0.776,-141.233,0.0615,-0.0020,1.0015,
10.773,IMU,148.2763,0.0000,74.1381,0.0000,0.0000,-424.780,-3.415,-0.732,-141.238,0.0703,-0.0068,0.9956,
10.787,ENC,148.2763,0.0000,74.1381,0.0000,0.0000,-424.780,-3.415,-0.732,-141.238,0.0703,-0.0068,0.9956,
10.793,IMU,148.2763,0.0000,74.1381,0.0000,0.0000,-424.780,-3.434,-0.717,-141.233,0.0635,0.0015,1.0078,
10.808,ENC,148.2763,0.0000,74.1381,0.0000,0.0000,-424.780,-3.434,-0.717,-141.233,0.0635,0.0015,1.0078,
10.814,IMU,148.2763,0.0000,74.1381,0.0000,0.0000,-424.780,-3.465,-0.690,-141.189,0.0728,0.0010,0.9966,
10.827,ENC,148.2763,0.0000,74.1381,0.0000,0.0000,-424.780,-3.465,-0.690,-141.189,0.0728,0.0010,0.9966,
10.833,IMU,148.2763,0.0000,74.1381,0.0000,0.0000,-424.780,-3.461,-0.648,-141.187,0.0498,-0.0122,1.0122,
10.848,ENC,148.2763,0.0000,74.1381,0.0000,0.0000,-424.780,-3.461,-0.648,-141.187,0.0498,-0.0122,1.0122,
10.853,IMU,148.2763,0.0000,74.1381,0.0000,0.0000,-424.780,-3.460,-0.624,-141.210,0.0630,-0.0103,0.9883,
10.869,ENC,148.2763,0.0000,74.1381,0.0000,0.0000,-424.780,-3.460,-0.624,-141.210,0.0630,-0.0103,0.9883,
10.873,IMU,148.2763,0.0000,74.1381,0.0000,0.0000,-424.780,-3.428,-0.614,-141.190,0.0522,-0.0039,0.9941,
10.887,ENC,148.2763,0.0000,74.1381,0.0000,0.0000,-424.780,-3.428,-0.614,-141.190,0.0522,-0.0039,0.9941,
10.893,IMU,148.2763,0.0000,74.1381,0.0000,0.0000,-424.780,-3.420,-0.662,-141.174,0.0635,-0.0088,0.9932,
10.909,ENC,148.2763,0.0000,74.1381,0.0000,0.0000,-424.780,-3.420,-0.662,-141.174,0.0635,-0.0088,0.9932,
10.913,IMU,148.2763,0.0000,74.1381,0.0000,0.0000,-424.780,-3.467,-0.631,-141.114,0.0684,-0.0098,0.9976,
10.927,ENC,148.2763,0.0000,74.1381,0.0000,0.0000,-424.780,-3.467,-0.631,-141.114,0.0684,-0.0098,0.9976,
10.933,IMU,148.2763,0.0000,74.1381,0.0000,0.0000,-424.780,-3.452,-0.634,-141.075,0.0649,-0.0117,0.9927,
10.949,ENC,148.2763,0.0000,74.1381,0.0000,0.0000,-424.780,-3.452,-0.634,-141.075,0.0649,-0.0117,0.9927,
10.953,IMU,148.2763,0.0000,74.1381,0.0000,0.0000,-424.780,-3.453,-0.614,-141.123,0.0664,-0.0068,0.9927,
10.967,ENC,148.2763,0.0000,74.1381,0.0000,0.0000,-424.780,-3.453,-0.614,-141.123,0.0664,-0.0068,0.9927,
10.974,IMU,148.2763,0.0000,74.1381,0.0000,0.0000,-424.780,-3.432,-0.623,-141.166,0.0518,-0.0044,0.9971,
10.987,ENC,148.2763,0.0000,74.1381,0.0000,0.0000,-424.780,-3.432,-0.623,-141.166,0.0518,-0.0044,0.9971,
10.993,IMU,148.2763,0.0000,74.1381,0.0000,0.0000,-424.780,-3.433,-0.626,-141.189,0.0708,-0.0132,0.9946,
11.007,ENC,148.2763,0.0000,74.1381,0.0000,0.0000,-424.780,-3.433,-0.626,-141.189,0.0708,-0.0132,0.9946,
11.013,IMU,148.2763,0.0000,74.1381,0.0000,0.0000,-424.780,-3.385,-0.616,-141.229,0.0547,0.0083,0.9946,
11.030,ENC,148.2763,0.0000,74.1381,0.0000,0.0000,-424.780,-3.385,-0.616,-141.229,0.0547,0.0083,0.9946,
11.033,IMU,148.2763,0.0000,74.1381,0.0000,0.0000,-424.780,-3.389,-0.601,-141.251,0.0537,-0.0098,0.9932,
11.048,ENC,148.2763,0.0000,74.1381,0.0000,0.0000,-424.780,-3.389,-0.601,-141.251,0.0537,-0.0098,0.9932,
11.056,IMU,148.2763,0.0000,74.1381,0.0000,0.0000,-424.780,-3.382,-0.599,-141.239,0.0645,-0.0132,0.9951,
11.067,ENC,148.2763,0.0000,74.1381,0.0000,0.0000,-424.780,-3.382,-0.599,-141.239,0.0645,-0.0132,0.9951,
11.076,IMU,148.2763,0.0000,74.1381,0.0000,0.0000,-424.780,-3.372,-0.609,-141.249,0.0479,-0.0117,1.0039,
11.088,ENC,148.2763,0.0000,74.1381,0.0000,0.0000,-424.780,-3.372,-0.609,-141.249,0.0479,-0.0117,1.0039,
11.094,IMU,148.2763,0.0000,74.1381,0.0000,0.0000,-424.780,-3.356,-0.612,-141.284,0.0625,-0.0010,1.0063,
11.107,ENC,148.2763,0.0000,74.1381,0.0000,0.0000,-424.780,-3.356,-0.612,-141.284,0.0625,-0.0010,1.0063,
11.113,IMU,148.2763,0.0000,74.1381,0.0000,0.0000,-424.780,-3.332,-0.663,-141.264,0.0713,-0.0195,1.0015,
11.131,ENC,148.2763,0.0000,74.1381,0.0000,0.0000,-424.780,-3.332,-0.663,-141.264,0.0713,-0.0195,1.0015,
11.148,ENC,148.2763,0.0000,74.1381,0.0000,0.0000,-424.780,-3.332,-0.663,-141.264,0.0713,-0.0195,1.0015,
11.153,IMU,148.2763,0.0000,74.1381,0.0000,0.0000,-424.780,-3.346,-0.585,-141.222,0.0605,-0.0093,0.9946,
11.168,ENC,148.2763,0.0000,74.1381,0.0000,0.0000,-424.780,-3.346,-0.585,-141.222,0.0605,-0.0093,0.9946,
11.173,IMU,148.2763,0.0000,74.1381,0.0000,0.0000,-424.780,-3.417,-0.557,-141.175,0.0581,0.0029,0.9971,
11.193,ENC,148.2763,0.0000,74.1381,0.0000,0.0000,-424.780,-3.417,-0.557,-141.175,0.0581,0.0029,0.9971,
11.206,ENC,148.2763,0.0000,74.1381,0.0000,0.0000,-424.780,-3.417,-0.557,-141.175,0.0581,0.0029,0.9971,
11.213,IMU,148.2763,0.0000,74.1381,0.0000,0.0000,-424.780,-3.418,-0.518,-141.225,0.0542,-0.0073,0.9980,
11.228,ENC,148.2763,0.0000,74.1381,0.0000,0.0000,-424.780,-3.418,-0.518,-141.225,0.0542,-0.0073,0.9980,
11.233,IMU,148.2763,0.0000,74.1381,0.0000,0.0000,-424.780,-3.426,-0.566,-141.235,0.0654,-0.0117,0.9873,
11.247,ENC,148.2763,0.0000,74.1381,0.0000,0.0000,-424.780,-3.426,-0.566,-141.235,0.0654,-0.0117,0.9873,
11.254,IMU,148.2763,0.0000,74.1381,0.0000,0.0000,-424.780,-3.413,-0.588,-141.235,0.0601,-0.0063,0.9941,
11.267,ENC,148.2763,0.0000,74.1381,0.0000,0.0000,-424.780,-3.413,-0.588,-141.235,0.0601,-0.0063,0.9941,
11.273,IMU,148.2763,0.0000,74.1381,0.0000,0.0000,-424.780,-3.431,-0.586,-141.264,0.0630,-0.0161,0.9932,
11.287,ENC,148.2763,0.0000,74.1381,0.0000,0.0000,-424.780,-3.431,-0.586,-141.264,0.0630,-0.0161,0.9932,
11.295,IMU,148.2763,0.0000,74.1381,0.0000,0.0000,-424.780,-3.455,-0.584,-141.243,0.0669,-0.0063,0.9927,
11.312,ENC,148.2763,0.0000,74.1381,0.0000,0.0000,-424.780,-3.455,-0.584,-141.243,0.0669,-0.0063,0.9927,
11.315,IMU,148.2763,0.0000,74.1381,0.0000,0.0000,-424.780,-3.459,-0.588,-141.235,0.0640,-0.0112,1.0005,
11.327,ENC,148.2763,0.0000,74.1381,0.0000,0.0000,-424.780,-3.459,-0.588,-141.235,0.0640,-0.0112,1.0005,
11.333,IMU,148.2763,0.0000,74.1381,0.0000,0.0000,-424.780,-3.422,-0.607,-141.223,0.0625,-0.0186,0.9946,
11.347,ENC,148.2763,0.0000,74.1381,0.0000,0.0000,-424.780,-3.422,-0.607,-141.223,0.0625,-0.0186,0.9946,
11.363,IMU,148.2763,0.0000,74.1381,0.0000,0.0000,-424.780,-3.422,-0.611,-141.266,0.0669,-0.0088,0.9976,
11.367,ENC,148.2763,0.0000,74.1381,0.0000,0.0000,-424.780,-3.422,-0.611,-141.266,0.0669,-0.0088,0.9976,
11.374,IMU,148.2763,0.0000,74.1381,0.0000,0.0000,-424.780,-3.406,-0.626,-141.258,0.0674,-0.0049,0.9941,
11.389,ENC,148.2763,0.0000,74.1381,0.0000,0.0000,-424.780,-3.406,-0.626,-141.258,0.0674,-0.0049,0.9941,
11.394,IMU,148.2763,0.0000,74.1381,0.0000,0.0000,-424.780,-3.419,-0.604,-141.249,0.0645,-0.0127,0.9893,
11.410,ENC,148.2763,0.0000,74.1381,0.0000,0.0000,-424.780,-3.419,-0.604,-141.249,0.0645,-0.0127,0.9893,
11.420,IMU,148.2763,0.0000,74.1381,0.0000,0.0000,-424.780,-3.452,-0.599,-141.284,0.0625,-0.0005,0.9951,
11.428,ENC,148.2763,0.1994,74.2379,0.0000,9.9709,-424.209,-3.452,-0.599,-141.284,0.0625,-0.0005,0.9951,
11.434,IMU,148.2763,0.1994,74.2379,0.0000,9.9709,-424.209,-3.432,-0.610,-141.271,0.0532,-0.0151,0.9897,
11.449,ENC,148.2763,0.0000,74.1381,0.0000,-9.9709,-424.780,-3.432,-0.610,-141.271,0.0532,-0.0151,0.9897,
11.454,IMU,148.2763,0.0000,74.1381,0.0000,-9.9709,-424.780,-3.447,-0.600,-141.262,0.0576,-0.0098,0.9902,
11.468,ENC,148.2763,0.0000,74.1381,0.0000,0.0000,-424.780,-3.447,-0.600,-141.262,0.0576,-0.0098,0.9902,
11.474,IMU,148.2763,0.0000,74.1381,0.0000,0.0000,-424.780,-3.473,-0.582,-141.267,0.0659,0.0010,1.0166,
11.487,ENC,148.2763,0.0000,74.1381,0.0000,0.0000,-424.780,-3.473,-0.582,-141.267,0.0659,0.0010,1.0166,
11.494,IMU,148.2763,0.0000,74.1381,0.0000,0.0000,-424.780,-3.485,-0.598,-141.235,0.0513,-0.0063,0.9980,
11.509,ENC,148.2763,0.0000,74.1381,0.0000,0.0000,-424.780,-3.485,-0.598,-141.235,0.0513,-0.0063,0.9980,
11.515,IMU,148.2763,0.0000,74.1381,0.0000,0.0000,-424.780,-3.502,-0.573,-141.261,0.0532,-0.0117,0.9946,
11.528,ENC,148.2763,0.0000,74.1381,0.0000,0.0000,-424.780,-3.502,-0.573,-141.261,0.0532,-0.0117,0.9946,
11.534,IMU,148.2763,0.0000,74.1381,0.0000,0.0000,-424.780,-3.480,-0.572,-141.224,0.0547,-0.0229,0.9961,
11.556,IMU,148.2763,0.0000,74.1381,0.0000,0.0000,-424.780,-3.456,-0.542,-141.223,0.0732,-0.0112,0.9878,
11.568,ENC,148.2763,0.0000,74.1381,0.0000,0.0000,-424.780,-3.456,-0.542,-141.223,0.0732,-0.0112,0.9878,
11.574,IMU,148.2763,0.0000,74.1381,0.0000,0.0000,-424.780,-3.471,-0.568,-141.272,0.0625,-0.0049,0.9878,
11.588,ENC,148.2763,0.0000,74.1381,0.0000,0.0000,-424.780,-3.471,-0.568,-141.272,0.0625,-0.0049,0.9878,
11.595,IMU,148.2763,0.0000,74.1381,0.0000,0.0000,-424.780,-3.528,-0.540,-141.206,0.0615,-0.0122,0.9917,
11.608,ENC,148.2763,0.0000,74.1381,0.0000,0.0000,-424.780,-3.528,-0.540,-141.206,0.0615,-0.0122,0.9917,
11.617,IMU,148.2763,0.0000,74.1381,0.0000,0.0000,-424.780,-3.533,-0.529,-141.202,0.0571,-0.0161,0.9980,
11.627,ENC,148.2763,0.0000,74.1381,0.0000,0.0000,-424.780,-3.533,-0.529,-141.202,0.0571,-0.0161,0.9980,
11.634,IMU,148.2763,0.0000,74.1381,0.0000,0.0000,-424.780,-3.505,-0.519,-141.218,0.0562,-0.0098,1.0015,
11.648,ENC,148.2763,0.0000,74.1381,0.0000,0.0000,-424.780,-3.505,-0.519,-141.218,0.0562,-0.0098,1.0015,
11.654,IMU,148.2763,0.0000,74.1381,0.0000,0.0000,-424.780,-3.498,-0.501,-141.229,0.0601,0.0078,1.0044,
11.669,ENC,148.2763,0.0000,74.1381,0.0000,0.0000,-424.780,-3.498,-0.501,-141.229,0.0601,0.0078,1.0044,
11.674,IMU,148.2763,0.0000,74.1381,0.0000,0.0000,-424.780,-3.476,-0.496,-141.216,0.0625,-0.0029,1.0020,
11.688,ENC,148.2763,0.0000,74.1381,0.0000,0.0000,-424.780,-3.476,-0.496,-141.216,0.0625,-0.0029,1.0020,
11.694,IMU,148.2763,0.0000,74.1381,0.0000,0.0000,-424.780,-3.468,-0.500,-141.244,0.0615,-0.0137,0.9995,
11.718,IMU,148.2763,0.0000,74.1381,0.0000,0.0000,-424.780,-3.515,-0.496,-141.243,0.0693,-0.0049,1.0010,
11.721,ENC,148.2763,0.0000,74.1381,0.0000,0.0000,-424.780,-3.515,-0.496,-141.243,0.0693,-0.0049,1.0010,
11.728,ENC,148.2763,0.0000,74.1381,0.0000,0.0000,-424.780,-3.515,-0.496,-141.243,0.0693,-0.0049,1.0010,
11.734,IMU,148.2763,0.0000,74.1381,0.0000,0.0000,-424.780,-3.547,-0.448,-141.225,0.0601,-0.0088,1.0054,
11.749,ENC,148.2763,0.0000,74.1381,0.0000,0.0000,-424.780,-3.547,-0.448,-141.225,0.0601,-0.0088,1.0054,
11.754,IMU,148.2763,0.0000,74.1381,0.0000,0.0000,-424.780,-3.539,-0.482,-141.220,0.0654,-0.0107,1.0044,
11.779,IMU,148.2763,0.0000,74.1381,0.0000,0.0000,-424.780,-3.552,-0.463,-141.201,0.0547,-0.0142,1.0112,
11.788,ENC,148.2763,0.0000,74.1381,0.0000,0.0000,-424.780,-3.552,-0.463,-141.201,0.0547,-0.0142,1.0112,
11.794,IMU,148.2763,0.0000,74.1381,0.0000,0.0000,-424.780,-3.555,-0.429,-141.178,0.0698,-0.0024,0.9971,
11.807,ENC,148.2763,0.0000,74.1381,0.0000,0.0000,-424.780,-3.555,-0.429,-141.178,0.0698,-0.0024,0.9971,
11.814,IMU,148.2763,0.0000,74.1381,0.0000,0.0000,-424.780,-3.541,-0.435,-141.188,0.0566,-0.0098,0.9951,
11.828,ENC,148.2763,0.0000,74.1381,0.0000,0.0000,-424.780,-3.541,-0.435,-141.188,0.0566,-0.0098,0.9951,
11.834,IMU,148.2763,0.0000,74.1381,0.0000,0.0000,-424.780,-3.552,-0.435,-141.228,0.0630,0.0063,1.0020,
11.847,ENC,148.2763,0.0000,74.1381,0.0000,0.0000,-424.780,-3.552,-0.435,-141.228,0.0630,0.0063,1.0020,
11.854,IMU,148.2763,0.0000,74.1381,0.0000,0.0000,-424.780,-3.525,-0.484,-141.270,0.0601,-0.0215,0.9937,
11.867,ENC,148.2763,0.0000,74.1381,0.0000,0.0000,-424.780,-3.525,-0.484,-141.270,0.0601,-0.0215,0.9937,
11.873,IMU,148.2763,0.0000,74.1381,0.0000,0.0000,-424.780,-3.494,-0.472,-141.204,0.0479,0.0010,0.9922,
11.888,ENC,148.2763,0.0000,74.1381,0.0000,0.0000,-424.780,-3.494,-0.472,-141.204,0.0479,0.0010,0.9922,
11.894,IMU,148.2763,0.0000,74.1381,0.0000,0.0000,-424.780,-3.496,-0.468,-141.221,0.0547,-0.0093,0.9927,
11.908,ENC,148.2763,0.0000,74.1381,0.0000,0.0000,-424.780,-3.496,-0.468,-141.221,0.0547,-0.0093,0.9927,
11.915,IMU,148.2763,0.0000,74.1381,0.0000,0.0000,-424.780,-3.428,-0.488,-141.239,0.0547,-0.0156,0.9922,
11.928,ENC,148.2763,0.0000,74.1381,0.0000,0.0000,-424.780,-3.428,-0.488,-141.239,0.0547,-0.0156,0.9922,
11.934,IMU,148.2763,0.0000,74.1381,0.0000,0.0000,-424.780,-3.373,-0.508,-141.259,0.0713,0.0015,0.9927,
11.947,ENC,148.2763,0.0000,74.1381,0.0000,0.0000,-424.780,-3.373,-0.508,-141.259,0.0713,0.0015,0.9927,
11.953,IMU,148.2763,0.0000,74.1381,0.0000,0.0000,-424.780,-3.380,-0.516,-141.265,0.0586,-0.0010,0.9937,
11.967,ENC,148.2763,0.0000,74.1381,0.0000,0.0000,-424.780,-3.380,-0.516,-141.265,0.0586,-0.0010,0.9937,
11.976,IMU,148.2763,0.0000,74.1381,0.0000,0.0000,-424.780,-3.388,-0.545,-141.279,0.0557,-0.0117,1.0000,
11.990,ENC,148.2763,0.0000,74.1381,0.0000,0.0000,-424.780,-3.388,-0.545,-141.279,0.0557,-0.0117,1.0000,
11.997,IMU,148.2763,0.0000,74.1381,0.0000,0.0000,-424.780,-3.423,-0.545,-141.268,0.0562,-0.0103,0.9961,
12.007,ENC,148.2763,0.0000,74.1381,0.0000,0.0000,-424.780,-3.423,-0.545,-141.268,0.0562,-0.0103,0.9961,
12.017,IMU,148.2763,0.0000,74.1381,0.0000,0.0000,-424.780,-3.465,-0.571,-141.241,0.0596,-0.0088,0.9956,
12.026,ENC,148.2763,0.0000,74.1381,0.0000,0.0000,-424.780,-3.465,-0.571,-141.241,0.0596,-0.0088,0.9956,
12.033,IMU,148.2763,0.0000,74.1381,0.0000,0.0000,-424.780,-3.470,-0.566,-141.195,0.0527,0.0015,0.9961,
12.047,ENC,148.2763,0.0000,74.1381,0.0000,0.0000,-424.780,-3.470,-0.566,-141.195,0.0527,0.0015,0.9961,
12.058,IMU,148.2763,0.0000,74.1381,0.0000,0.0000,-424.780,-3.460,-0.569,-141.211,0.0532,-0.0034,0.9912,
12.068,ENC,148.2763,0.0000,74.1381,0.0000,0.0000,-424.780,-3.460,-0.569,-141.211,0.0532,-0.0034,0.9912,
12.074,IMU,148.2763,0.0000,74.1381,0.0000,0.0000,-424.780,-3.443,-0.532,-141.205,0.0757,-0.0059,1.0020,
12.087,ENC,148.2763,0.0000,74.1381,0.0000,0.0000,-424.780,-3.443,-0.532,-141.205,0.0757,-0.0059,1.0020,
12.094,IMU,148.2763,0.0000,74.1381,0.0000,0.0000,-424.780,-3.466,-0.538,-141.149,0.0596,-0.0151,0.9980,
12.120,IMU,148.2763,0.0000,74.1381,0.0000,0.0000,-424.780,-3.443,-0.542,-141.136,0.0591,0.0020,1.0034,
12.126,ENC,148.2763,0.0000,74.1381,0.0000,0.0000,-424.780,-3.443,-0.542,-141.136,0.0591,0.0020,1.0034,
12.133,IMU,148.2763,0.0000,74.1381,0.0000,0.0000,-424.780,-3.433,-0.508,-141.153,0.0571,-0.0005,1.0020,
12.147,ENC,148.2763,0.0000,74.1381,0.0000,0.0000,-424.780,-3.433,-0.508,-141.153,0.0571,-0.0005,1.0020,
12.153,IMU,148.2763,0.0000,74.1381,0.0000,0.0000,-424.780,-3.395,-0.557,-141.172,0.0557,-0.0107,0.9995,
12.167,ENC,148.2763,0.0000,74.1381,0.0000,0.0000,-424.780,-3.395,-0.557,-141.172,0.0557,-0.0107,0.9995,
12.173,IMU,148.2763,0.0000,74.1381,0.0000,0.0000,-424.780,-3.404,-0.595,-141.172,0.0498,-0.0181,1.0034,
12.188,ENC,148.2763,0.0000,74.1381,0.0000,0.0000,-424.780,-3.404,-0.595,-141.172,0.0498,-0.0181,1.0034,
12.193,IMU,148.2763,0.0000,74.1381,0.0000,0.0000,-424.780,-3.375,-0.598,-141.178,0.0728,-0.0146,0.9927,
12.207,ENC,148.2763,0.0000,74.1381,0.0000,0.0000,-424.780,-3.375,-0.598,-141.178,0.0728,-0.0146,0.9927,
12.213,IMU,148.2763,0.0000,74.1381,0.0000,0.0000,-424.780,-3.373,-0.579,-141.178,0.0566,-0.0015,1.0005,
12.227,ENC,148.2763,0.0000,74.1381,0.0000,0.0000,-424.780,-3.373,-0.579,-141.178,0.0566,-0.0015,1.0005,
12.233,IMU,148.2763,0.0000,74.1381,0.0000,0.0000,-424.780,-3.369,-0.563,-141.142,0.0601,-0.0181,0.9858,
12.247,ENC,148.2763,0.0000,74.1381,0.0000,0.0000,-424.780,-3.369,-0.563,-141.142,0.0601,-0.0181,0.9858,
12.254,IMU,148.2763,0.0000,74.1381,0.0000,0.0000,-424.780,-3.423,-0.551,-141.190,0.0732,0.0020,1.0005,
12.268,ENC,148.2763,0.0000,74.1381,0.0000,0.0000,-424.780,-3.423,-0.551,-141.190,0.0732,0.0020,1.0005,
12.274,IMU,148.2763,0.0000,74.1381,0.0000,0.0000,-424.780,-3.436,-0.553,-141.140,0.0620,-0.0146,0.9995,
12.287,ENC,148.2763,0.0000,74.1381,0.0000,0.0000,-424.780,-3.436,-0.553,-141.140,0.0620,-0.0146,0.9995,
12.297,IMU,148.2763,0.0000,74.1381,0.0000,0.0000,-424.780,-3.443,-0.584,-141.116,0.0664,-0.0059,1.0000,
12.308,ENC,148.2763,0.0000,74.1381,0.0000,0.0000,-424.780,-3.443,-0.584,-141.116,0.0664,-0.0059,1.0000,
12.314,IMU,148.2763,0.0000,74.1381,0.0000,0.0000,-424.780,-3.473,-0.570,-141.112,0.0635,0.0020,0.9995,
12.328,ENC,148.2763,0.0000,74.1381,0.0000,0.0000,-424.780,-3.473,-0.570,-141.112,0.0635,0.0020,0.9995,
12.334,IMU,148.2763,0.0000,74.1381,0.0000,0.0000,-424.780,-3.494,-0.586,-141.120,0.0557,-0.0161,0.9995,
12.350,ENC,148.2763,0.0000,74.1381,0.0000,0.0000,-424.780,-3.494,-0.586,-141.120,0.0557,-0.0161,0.9995,
12.356,IMU,148.2763,0.0000,74.1381,0.0000,0.0000,-424.780,-3.471,-0.561,-141.177,0.0522,-0.0073,1.0010,
12.368,ENC,148.2763,0.0000,74.1381,0.0000,0.0000,-424.780,-3.471,-0.561,-141.177,0.0522,-0.0073,1.0010,
12.374,IMU,148.2763,0.0000,74.1381,0.0000,0.0000,-424.780,-3.484,-0.559,-141.182,0.0615,-0.0088,0.9941,
12.388,ENC,148.2763,0.0000,74.1381,0.0000,0.0000,-424.780,-3.484,-0.559,-141.182,0.0615,-0.0088,0.9941,
12.395,IMU,148.2763,0.0000,74.1381,0.0000,0.0000,-424.780,-3.450,-0.523,-141.211,0.0571,0.0000,0.9946,
12.408,ENC,148.2763,0.0000,74.1381,0.0000,0.0000,-424.780,-3.450,-0.523,-141.211,0.0571,0.0000,0.9946,
12.414,IMU,148.2763,0.0000,74.1381,0.0000,0.0000,-424.780,-3.459,-0.494,-141.175,0.0542,-0.0054,0.9971,
12.428,ENC,148.2763,0.0000,74.1381,0.0000,0.0000,-424.780,-3.459,-0.494,-141.175,0.0542,-0.0054,0.9971,
12.434,IMU,148.2763,0.0000,74.1381,0.0000,0.0000,-424.780,-3.445,-0.523,-141.182,0.0688,-0.0063,1.0132,
12.448,ENC,148.2763,0.0000,74.1381,0.0000,0.0000,-424.780,-3.445,-0.523,-141.182,0.0688,-0.0063,1.0132,
12.454,IMU,148.2763,0.0000,74.1381,0.0000,0.0000,-424.780,-3.421,-0.501,-141.204,0.0679,-0.0122,0.9932,
12.467,ENC,148.2763,0.0000,74.1381,0.0000,0.0000,-424.780,-3.421,-0.501,-141.204,0.0679,-0.0122,0.9932,
12.474,IMU,148.2763,0.0000,74.1381,0.0000,0.0000,-424.780,-3.426,-0.510,-141.176,0.0605,-0.0039,0.9995,
12.489,ENC,148.2763,0.0000,74.1381,0.0000,0.0000,-424.780,-3.426,-0.510,-141.176,0.0605,-0.0039,0.9995,
12.494,IMU,148.2763,0.0000,74.1381,0.0000,0.0000,-424.780,-3.420,-0.520,-141.178,0.0640,-0.0093,1.0034,
12.508,ENC,148.2763,0.1960,74.2361,0.0000,9.8004,-424.219,-3.420,-0.520,-141.178,0.0640,-0.0093,1.0034,
12.514,IMU,148.2763,0.1960,74.2361,0.0000,9.8004,-424.219,-3.427,-0.481,-141.208,0.0527,0.0000,0.9990,
12.528,ENC,148.2763,0.0000,74.1381,0.0000,-9.8004,-424.780,-3.427,-0.481,-141.208,0.0527,0.0000,0.9990,
12.534,IMU,148.2763,0.0000,74.1381,0.0000,-9.8004,-424.780,-3.383,-0.453,-141.179,0.0518,-0.0054,0.9946,
12.548,ENC,148.2763,0.0000,74.1381,0.0000,0.0000,-424.780,-3.383,-0.453,-141.179,0.0518,-0.0054,0.9946,
12.555,IMU,148.2763,0.0000,74.1381,0.0000,0.0000,-424.780,-3.370,-0.482,-141.210,0.0625,-0.0205,0.9980,
12.566,ENC,148.2763,0.0000,74.1381,0.0000,0.0000,-424.780,-3.370,-0.482,-141.210,0.0625,-0.0205,0.9980,
12.575,IMU,148.2763,0.0000,74.1381,0.0000,0.0000,-424.780,-3.368,-0.484,-141.255,0.0488,-0.0020,0.9980,
12.587,ENC,148.2763,0.0000,74.1381,0.0000,0.0000,-424.780,-3.368,-0.484,-141.255,0.0488,-0.0020,0.9980,
12.594,IMU,148.2763,0.0000,74.1381,0.0000,0.0000,-424.780,-3.403,-0.497,-141.236,0.0669,-0.0166,0.9946,
12.608,ENC,148.2763,0.0000,74.1381,0.0000,0.0000,-424.780,-3.403,-0.497,-141.236,0.0669,-0.0166,0.9946,
12.614,IMU,148.2763,0.0000,74.1381,0.0000,0.0000,-424.780,-3.430,-0.510,-141.220,0.0625,-0.0142,0.9868,
12.628,ENC,148.2763,0.0000,74.1381,0.0000,0.0000,-424.780,-3.430,-0.510,-141.220,0.0625,-0.0142,0.9868,
12.634,IMU,148.2763,0.0000,74.1381,0.0000,0.0000,-424.780,-3.410,-0.514,-141.190,0.0566,-0.0151,0.9932,
12.648,ENC,148.2763,0.0000,74.1381,0.0000,0.0000,-424.780,-3.410,-0.514,-141.190,0.0566,-0.0151,0.9932,
12.654,IMU,148.2763,0.0000,74.1381,0.0000,0.0000,-424.780,-3.381,-0.507,-141.214,0.0625,-0.0117,0.9883,
12.668,ENC,148.2763,0.0000,74.1381,0.0000,0.0000,-424.780,-3.381,-0.507,-141.214,0.0625,-0.0117,0.9883,
12.674,IMU,148.2763,0.0000,74.1381,0.0000,0.0000,-424.780,-3.394,-0.493,-141.231,0.0684,-0.0103,0.9937,
12.687,ENC,148.2763,0.0000,74.1381,0.0000,0.0000,-424.780,-3.394,-0.493,-141.231,0.0684,-0.0103,0.9937,
12.694,IMU,148.2763,0.0000,74.1381,0.0000,0.0000,-424.780,-3.398,-0.471,-141.194,0.0601,-0.0034,0.9956,
12.707,ENC,148.2763,0.0000,74.1381,0.0000,0.0000,-424.780,-3.398,-0.471,-141.194,0.0601,-0.0034,0.9956,
12.713,IMU,148.2763,0.0000,74.1381,0.0000,0.0000,-424.780,-3.410,-0.432,-141.162,0.0630,-0.0093,0.9858,
12.727,ENC,148.2763,0.0000,74.1381,0.0000,0.0000,-424.780,-3.410,-0.432,-141.162,0.0630,-0.0093,0.9858,
12.733,IMU,148.2763,0.0000,74.1381,0.0000,0.0000,-424.780,-3.343,-0.404,-141.177,0.0586,-0.0063,0.9990,
12.747,ENC,148.2763,0.0000,74.1381,0.0000,0.0000,-424.780,-3.343,-0.404,-141.177,0.0586,-0.0063,0.9990,
12.754,IMU,148.2763,0.0000,74.1381,0.0000,0.0000,-424.780,-3.376,-0.411,-141.192,0.0688,-0.0215,0.9883,
12.767,ENC,148.2763,0.0000,74.1381,0.0000,0.0000,-424.780,-3.376,-0.411,-141.192,0.0688,-0.0215,0.9883,
12.774,IMU,148.2763,0.0000,74.1381,0.0000,0.0000,-424.780,-3.380,-0.389,-141.251,0.0547,-0.0122,0.9917,
12.787,ENC,148.2763,0.0000,74.1381,0.0000,0.0000,-424.780,-3.380,-0.389,-141.251,0.0547,-0.0122,0.9917,
12.795,IMU,148.2763,0.0000,74.1381,0.0000,0.0000,-424.780,-3.390,-0.406,-141.275,0.0557,-0.0112,0.9893,
12.808,ENC,148.2763,0.0000,74.1381,0.0000,0.0000,-424.780,-3.390,-0.406,-141.275,0.0557,-0.0112,0.9893,
12.814,IMU,148.2763,0.0000,74.1381,0.0000,0.0000,-424.780,-3.400,-0.411,-141.312,0.0566,-0.0005,1.0029,
12.827,ENC,148.2763,0.1960,74.2361,0.0000,9.8004,-424.219,-3.400,-0.411,-141.312,0.0566,-0.0005,1.0029,
12.835,IMU,148.2763,0.1960,74.2361,0.0000,9.8004,-424.219,-3.440,-0.420,-141.308,0.0586,-0.0171,0.9893,
12.847,ENC,148.2763,0.0000,74.1381,0.0000,-9.8004,-424.780,-3.440,-0.420,-141.308,0.0586,-0.0171,0.9893,
