time_s,source,dist_l_in,dist_r_in,dist_avg_in,speed_l_in_s,speed_r_in_s,enc_heading_deg,pitch_deg,roll_deg,yaw_deg,acc_x_g,acc_y_g,acc_z_g,note
0.002,IMU,132.1814,0.0000,66.0907,0.0000,0.0000,-378.672,-3.510,-0.501,-211.689,0.0557,-0.0093,0.9917,
0.013,ENC,132.1814,0.0000,66.0907,0.0000,0.0000,-378.672,-3.510,-0.501,-211.689,0.0557,-0.0093,0.9917,
0.022,IMU,132.1814,0.0000,66.0907,0.0000,0.0000,-378.672,-3.528,-0.526,-211.665,0.0503,-0.0088,0.9917,
0.033,ENC,132.1814,0.0000,66.0907,0.0000,0.0000,-378.672,-3.528,-0.526,-211.665,0.0503,-0.0088,0.9917,
0.043,IMU,132.1814,0.0000,66.0907,0.0000,0.0000,-378.672,-3.546,-0.503,-211.652,0.0615,-0.0068,0.9946,
0.055,ENC,132.1814,0.0000,66.0907,0.0000,0.0000,-378.672,-3.546,-0.503,-211.652,0.0615,-0.0068,0.9946,
0.074,ENC,132.1814,0.0000,66.0907,0.0000,0.0000,-378.672,-3.546,-0.503,-211.652,0.0615,-0.0068,0.9946,
0.093,ENC,132.1814,0.0000,66.0907,0.0000,0.0000,-378.672,-3.546,-0.503,-211.652,0.0615,-0.0068,0.9946,
0.102,IMU,132.1814,0.0000,66.0907,0.0000,0.0000,-378.672,-3.700,-0.574,-211.553,0.0576,-0.0244,0.9927,
0.113,ENC,132.1814,0.0000,66.0907,0.0000,0.0000,-378.672,-3.700,-0.574,-211.553,0.0576,-0.0244,0.9927,
0.125,IMU,132.1814,0.0000,66.0907,0.0000,0.0000,-378.672,-3.685,-0.574,-211.544,0.0591,-0.0112,0.9907,
0.133,ENC,132.1814,0.0000,66.0907,0.0000,0.0000,-378.672,-3.685,-0.574,-211.544,0.0591,-0.0112,0.9907,
0.142,IMU,132.1814,0.0000,66.0907,0.0000,0.0000,-378.672,-3.623,-0.494,-211.565,0.0601,-0.0078,0.9863,
0.161,ENC,132.1814,0.0000,66.0907,0.0000,0.0000,-378.672,-3.623,-0.494,-211.565,0.0601,-0.0078,0.9863,
0.174,ENC,132.1814,0.0000,66.0907,0.0000,0.0000,-378.672,-3.623,-0.494,-211.565,0.0601,-0.0078,0.9863,
0.193,ENC,132.1814,0.0000,66.0907,0.0000,0.0000,-378.672,-3.623,-0.494,-211.565,0.0601,-0.0078,0.9863,
0.203,IMU,132.1814,0.0000,66.0907,0.0000,0.0000,-378.672,-3.596,-0.519,-211.402,0.0713,-0.0234,0.9995,
0.212,ENC,132.1814,0.0000,66.0907,0.0000,0.0000,-378.672,-3.596,-0.519,-211.402,0.0713,-0.0234,0.9995,
0.237,ENC,132.1814,0.0000,66.0907,0.0000,0.0000,-378.672,-3.596,-0.519,-211.402,0.0713,-0.0234,0.9995,
0.252,ENC,132.1814,0.0000,66.0907,0.0000,0.0000,-378.672,-3.596,-0.519,-211.402,0.0713,-0.0234,0.9995,
0.265,IMU,132.1814,0.0000,66.0907,0.0000,0.0000,-378.672,-3.656,-0.447,-211.420,0.0703,-0.0132,0.9971,
0.272,ENC,132.1814,0.0000,66.0907,0.0000,0.0000,-378.672,-3.656,-0.447,-211.420,0.0703,-0.0132,0.9971,
0.293,ENC,132.1814,0.0000,66.0907,0.0000,0.0000,-378.672,-3.656,-0.447,-211.420,0.0703,-0.0132,0.9971,
0.304,IMU,132.1814,0.0000,66.0907,0.0000,0.0000,-378.672,-3.603,-0.466,-211.461,0.0562,-0.0054,0.9912,
0.312,ENC,132.1814,0.0000,66.0907,0.0000,0.0000,-378.672,-3.603,-0.466,-211.461,0.0562,-0.0054,0.9912,
0.322,IMU,132.1814,0.0000,66.0907,0.0000,0.0000,-378.672,-3.622,-0.465,-211.495,0.0630,-0.0190,0.9912,
0.333,ENC,132.1814,0.0000,66.0907,0.0000,0.0000,-378.672,-3.622,-0.465,-211.495,0.0630,-0.0190,0.9912,
0.342,IMU,132.1814,0.0000,66.0907,0.0000,0.0000,-378.672,-3.638,-0.453,-211.504,0.0859,-0.0127,1.0015,
0.360,ENC,132.1814,0.0000,66.0907,0.0000,0.0000,-378.672,-3.638,-0.453,-211.504,0.0859,-0.0127,1.0015,
0.364,IMU,132.1814,0.0000,66.0907,0.0000,0.0000,-378.672,-3.679,-0.412,-211.528,0.0688,-0.0146,1.0005,
0.373,ENC,132.1814,0.0000,66.0907,0.0000,0.0000,-378.672,-3.679,-0.412,-211.528,0.0688,-0.0146,1.0005,
0.384,IMU,132.1814,0.0000,66.0907,0.0000,0.0000,-378.672,-3.672,-0.414,-211.598,0.0723,-0.0122,1.0039,
0.395,ENC,132.1899,0.0000,66.0950,0.4261,0.0000,-378.696,-3.672,-0.414,-211.598,0.0723,-0.0122,1.0039,
0.403,IMU,132.1899,0.0000,66.0950,0.4261,0.0000,-378.696,-3.712,-0.417,-211.663,0.0854,-0.0317,0.9756,
0.414,ENC,132.2070,0.0000,66.1035,0.8522,0.0000,-378.745,-3.712,-0.417,-211.663,0.0854,-0.0317,0.9756,
0.422,IMU,132.2070,0.0000,66.1035,0.8522,0.0000,-378.745,-3.808,-0.171,-211.791,0.1846,0.1460,0.9453,
0.433,ENC,132.2496,0.0000,66.1248,2.1305,0.0000,-378.867,-3.808,-0.171,-211.791,0.1846,0.1460,0.9453,
0.442,IMU,132.2496,0.0000,66.1248,2.1305,0.0000,-378.867,-3.904,-0.158,-212.046,0.1665,0.0371,1.0723,
0.452,ENC,132.2990,0.0000,66.1495,2.4714,0.0000,-379.009,-3.904,-0.158,-212.046,0.1665,0.0371,1.0723,
0.463,IMU,132.2990,0.0000,66.1495,2.4714,0.0000,-379.009,-3.822,-0.174,-212.339,0.0610,0.0054,1.0820,
0.472,ENC,132.3740,0.0000,66.1870,3.7497,0.0000,-379.224,-3.822,-0.174,-212.339,0.0610,0.0054,1.0820,
0.483,IMU,132.3740,0.0000,66.1870,3.7497,0.0000,-379.224,-3.827,-0.256,-212.571,0.0698,-0.0308,1.0591,
0.492,ENC,132.4490,0.0000,66.2245,3.7497,0.0000,-379.438,-3.827,-0.256,-212.571,0.0698,-0.0308,1.0591,
0.503,IMU,132.4490,0.0000,66.2245,3.7497,0.0000,-379.438,-3.842,-0.313,-212.847,0.0845,-0.0264,1.0005,
0.515,ENC,132.5274,0.0000,66.2637,3.9202,0.0000,-379.663,-3.842,-0.313,-212.847,0.0845,-0.0264,1.0005,
0.532,ENC,132.6024,0.0000,66.3012,3.7497,0.0000,-379.878,-3.842,-0.313,-212.847,0.0845,-0.0264,1.0005,
0.542,IMU,132.6024,0.0000,66.3012,3.7497,0.0000,-379.878,-3.826,-0.269,-213.361,0.0767,0.0234,0.9956,
0.552,ENC,132.6791,0.0000,66.3396,3.8350,0.0000,-380.098,-3.826,-0.269,-213.361,0.0767,0.0234,0.9956,
0.563,IMU,132.6791,0.0000,66.3396,3.8350,0.0000,-380.098,-3.835,-0.296,-213.586,0.0410,0.0132,0.9810,
0.573,ENC,132.7592,0.0000,66.3796,4.0054,0.0000,-380.327,-3.835,-0.296,-213.586,0.0410,0.0132,0.9810,
0.583,IMU,132.7592,0.0000,66.3796,4.0054,0.0000,-380.327,-3.883,-0.348,-213.837,0.0605,-0.0449,0.9619,
0.592,ENC,132.8359,0.0000,66.4180,3.8350,0.0000,-380.547,-3.883,-0.348,-213.837,0.0605,-0.0449,0.9619,
0.607,IMU,132.8359,0.0000,66.4180,3.8350,0.0000,-380.547,-3.891,-0.417,-214.076,0.0786,-0.0361,0.9854,
0.612,ENC,132.9109,0.0000,66.4555,3.7497,0.0000,-380.762,-3.891,-0.417,-214.076,0.0786,-0.0361,0.9854,
0.623,IMU,132.9109,0.0000,66.4555,3.7497,0.0000,-380.762,-3.853,-0.414,-214.356,0.0542,-0.0166,0.9805,
0.634,ENC,132.9927,0.0000,66.4964,4.0906,0.0000,-380.996,-3.853,-0.414,-214.356,0.0542,-0.0166,0.9805,
0.643,IMU,132.9927,0.0000,66.4964,4.0906,0.0000,-380.996,-3.835,-0.517,-214.639,0.0410,-0.0420,0.9399,
0.653,ENC,133.0660,0.0000,66.5330,3.6645,0.0000,-381.206,-3.835,-0.517,-214.639,0.0410,-0.0420,0.9399,
0.664,IMU,133.0660,0.0000,66.5330,3.6645,0.0000,-381.206,-3.853,-0.534,-214.962,0.0703,-0.0371,0.9521,
0.673,ENC,133.1444,0.0000,66.5722,3.9202,0.0000,-381.431,-3.853,-0.534,-214.962,0.0703,-0.0371,0.9521,
0.692,ENC,133.2228,0.0000,66.6114,3.9202,0.0000,-381.655,-3.853,-0.534,-214.962,0.0703,-0.0371,0.9521,
0.703,IMU,133.2228,0.0000,66.6114,3.9202,0.0000,-381.655,-3.789,-0.530,-215.512,0.0547,-0.0034,1.0146,
0.715,ENC,133.2910,0.0000,66.6455,3.4088,0.0000,-381.851,-3.789,-0.530,-215.512,0.0547,-0.0034,1.0146,
0.723,IMU,133.2910,0.0000,66.6455,3.4088,0.0000,-381.851,-3.770,-0.615,-215.778,0.0308,-0.0400,0.9951,
0.732,ENC,133.3609,0.0000,66.6804,3.4941,0.0000,-382.051,-3.770,-0.615,-215.778,0.0308,-0.0400,0.9951,
0.743,IMU,133.3609,0.0000,66.6804,3.4941,0.0000,-382.051,-3.749,-0.545,-216.088,0.0527,0.0552,1.0479,
0.753,ENC,133.4461,0.0000,66.7231,4.2611,0.0000,-382.295,-3.749,-0.545,-216.088,0.0527,0.0552,1.0479,
0.763,IMU,133.4461,0.0000,66.7231,4.2611,0.0000,-382.295,-3.703,-0.590,-216.333,0.0366,-0.0254,0.9590,
0.775,ENC,133.4989,0.0000,66.7495,2.6419,0.0000,-382.446,-3.703,-0.590,-216.333,0.0366,-0.0254,0.9590,
0.783,IMU,133.4989,0.0000,66.7495,2.6419,0.0000,-382.446,-3.718,-0.692,-216.594,0.0444,-0.0337,1.0811,
0.796,ENC,133.5773,0.0000,66.7887,3.9202,0.0000,-382.671,-3.718,-0.692,-216.594,0.0444,-0.0337,1.0811,
0.804,IMU,133.5773,0.0000,66.7887,3.9202,0.0000,-382.671,-3.837,-0.682,-216.860,0.1138,-0.0068,0.9341,
0.814,ENC,133.6540,0.0000,66.8270,3.8350,0.0000,-382.891,-3.837,-0.682,-216.860,0.1138,-0.0068,0.9341,
0.823,IMU,133.6540,0.0000,66.8270,3.8350,0.0000,-382.891,-3.889,-0.652,-217.073,0.0942,-0.0010,1.0063,
0.833,ENC,133.7205,0.0000,66.8603,3.3236,0.0000,-383.081,-3.889,-0.652,-217.073,0.0942,-0.0010,1.0063,
0.843,IMU,133.7205,0.0000,66.8603,3.3236,0.0000,-383.081,-3.870,-0.741,-217.326,0.0161,-0.0664,0.9683,
0.855,ENC,133.8057,0.0000,66.9029,4.2611,0.0000,-383.325,-3.870,-0.741,-217.326,0.0161,-0.0664,0.9683,
0.863,IMU,133.8057,0.0000,66.9029,4.2611,0.0000,-383.325,-3.859,-0.680,-217.565,0.0293,0.0649,1.0327,
0.873,ENC,133.8603,0.0000,66.9301,2.7271,0.0000,-383.481,-3.859,-0.680,-217.565,0.0293,0.0649,1.0327,
0.882,IMU,133.8603,0.0000,66.9301,2.7271,0.0000,-383.481,-3.850,-0.708,-217.825,0.0576,-0.0386,0.9585,
0.903,IMU,133.8603,0.0000,66.9301,2.7271,0.0000,-383.481,-3.852,-0.719,-218.146,0.0747,-0.0195,1.0059,
0.913,ENC,133.9983,0.0000,66.9992,3.4515,0.0000,-383.877,-3.852,-0.719,-218.146,0.0747,-0.0195,1.0059,
0.923,IMU,133.9983,0.0000,66.9992,3.4515,0.0000,-383.877,-3.798,-0.778,-218.408,0.0029,-0.0356,0.9956,
0.932,ENC,134.0767,0.0000,67.0384,3.9202,0.0000,-384.102,-3.798,-0.778,-218.408,0.0029,-0.0356,0.9956,
0.943,IMU,134.0767,0.0000,67.0384,3.9202,0.0000,-384.102,-3.738,-0.788,-218.675,0.0342,-0.0215,1.0186,
0.952,ENC,134.1500,0.0000,67.0750,3.6645,0.0000,-384.312,-3.738,-0.788,-218.675,0.0342,-0.0215,1.0186,
0.963,IMU,134.1500,0.0000,67.0750,3.6645,0.0000,-384.312,-3.710,-0.833,-218.869,0.0269,-0.0176,0.9658,
0.974,ENC,134.2097,0.0000,67.1048,2.9827,0.0000,-384.482,-3.710,-0.833,-218.869,0.0269,-0.0176,0.9658,
0.983,IMU,134.2097,0.0000,67.1048,2.9827,0.0000,-384.482,-3.718,-0.891,-219.110,0.0635,-0.0493,0.9990,
0.993,ENC,134.2881,0.0000,67.1440,3.9202,0.0000,-384.707,-3.718,-0.891,-219.110,0.0635,-0.0493,0.9990,
1.003,IMU,134.2881,0.0000,67.1440,3.9202,0.0000,-384.707,-3.697,-0.893,-219.307,0.0308,-0.0156,0.9604,
1.013,ENC,134.3512,0.0000,67.1756,3.1532,0.0000,-384.888,-3.697,-0.893,-219.307,0.0308,-0.0156,0.9604,
1.023,IMU,134.3512,0.0000,67.1756,3.1532,0.0000,-384.888,-3.739,-0.876,-219.613,0.0596,-0.0137,1.0361,
1.032,ENC,134.4244,0.0000,67.2122,3.6645,0.0000,-385.098,-3.739,-0.876,-219.613,0.0596,-0.0137,1.0361,
1.046,IMU,134.4244,0.0000,67.2122,3.6645,0.0000,-385.098,-3.780,-0.879,-219.881,0.0640,-0.0093,0.9478,
1.063,IMU,134.4244,0.0000,67.2122,3.6645,0.0000,-385.098,-3.839,-0.812,-220.202,0.0933,0.0278,1.0278,
1.073,ENC,134.5830,0.0000,67.2915,3.9628,0.0000,-385.552,-3.839,-0.812,-220.202,0.0933,0.0278,1.0278,
1.083,IMU,134.5830,0.0000,67.2915,3.9628,0.0000,-385.552,-3.794,-0.785,-220.567,0.0688,0.0068,0.9429,
1.092,ENC,134.6818,0.0000,67.3409,4.9428,0.0000,-385.835,-3.794,-0.785,-220.567,0.0688,0.0068,0.9429,
1.103,IMU,134.6818,0.0000,67.3409,4.9428,0.0000,-385.835,-3.807,-0.801,-220.951,0.1060,0.0000,0.9966,
1.123,IMU,134.6818,0.0000,67.3409,4.9428,0.0000,-385.835,-3.859,-0.826,-221.309,0.1309,-0.0244,0.9287,
1.132,ENC,134.9068,0.0000,67.4534,5.6246,0.0000,-386.479,-3.859,-0.826,-221.309,0.1309,-0.0244,0.9287,
1.143,IMU,134.9068,0.0000,67.4534,5.6246,0.0000,-386.479,-3.890,-0.927,-221.704,0.1060,-0.0425,0.8994,
1.152,ENC,135.0193,0.0000,67.5096,5.6246,0.0000,-386.802,-3.890,-0.927,-221.704,0.1060,-0.0425,0.8994,
1.163,IMU,135.0193,0.0000,67.5096,5.6246,0.0000,-386.802,-3.894,-0.942,-222.075,0.0527,-0.0249,1.0562,
1.172,ENC,135.1233,0.0000,67.5616,5.1985,0.0000,-387.100,-3.894,-0.942,-222.075,0.0527,-0.0249,1.0562,
1.183,IMU,135.1233,0.0000,67.5616,5.1985,0.0000,-387.100,-3.921,-0.953,-222.466,0.0981,-0.0049,0.9121,
1.193,ENC,135.2340,0.0000,67.6170,5.5394,0.0000,-387.417,-3.921,-0.953,-222.466,0.0981,-0.0049,0.9121,
1.203,IMU,135.2340,0.0000,67.6170,5.5394,0.0000,-387.417,-3.956,-1.018,-222.876,0.0625,-0.0342,1.0015,
1.212,ENC,135.3499,0.0000,67.6750,5.7950,0.0000,-387.749,-3.956,-1.018,-222.876,0.0625,-0.0342,1.0015,
1.224,IMU,135.3499,0.0000,67.6750,5.7950,0.0000,-387.749,-3.903,-1.049,-223.293,0.0347,-0.0137,1.0625,
1.233,ENC,135.4641,-0.2182,67.6230,5.7098,-10.9083,-388.701,-3.903,-1.049,-223.293,0.0347,-0.0137,1.0625,
1.242,IMU,135.4641,-0.2182,67.6230,5.7098,-10.9083,-388.701,-4.011,-1.017,-223.752,0.1597,0.0576,1.0430,
1.252,ENC,135.5852,0.0000,67.7926,6.0507,10.9083,-388.423,-4.011,-1.017,-223.752,0.1597,0.0576,1.0430,
1.262,IMU,135.5852,0.0000,67.7926,6.0507,10.9083,-388.423,-4.014,-1.016,-224.162,0.0396,0.0044,1.0020,
1.272,ENC,135.6908,0.0000,67.8454,5.2837,0.0000,-388.726,-4.014,-1.016,-224.162,0.0396,0.0044,1.0020,
1.283,IMU,135.6908,0.0000,67.8454,5.2837,0.0000,-388.726,-3.941,-1.082,-224.478,0.0107,-0.0571,0.9702,
1.293,ENC,135.7846,0.0000,67.8923,4.6872,0.0000,-388.994,-3.941,-1.082,-224.478,0.0107,-0.0571,0.9702,
1.303,IMU,135.7846,0.0000,67.8923,4.6872,0.0000,-388.994,-3.819,-1.091,-224.732,-0.0132,-0.0088,1.0376,
1.322,IMU,135.7846,0.0000,67.8923,4.6872,0.0000,-388.994,-3.738,-1.074,-224.875,-0.0190,-0.0083,0.9868,
1.332,ENC,135.8851,0.0000,67.9426,2.5140,0.0000,-389.282,-3.738,-1.074,-224.875,-0.0190,-0.0083,0.9868,
1.343,IMU,135.8851,0.0000,67.9426,2.5140,0.0000,-389.282,-3.595,-1.093,-224.867,-0.0366,-0.0010,1.0190,
1.351,ENC,135.8902,0.0000,67.9451,0.2557,0.0000,-389.297,-3.595,-1.093,-224.867,-0.0366,-0.0010,1.0190,
1.362,IMU,135.8902,0.0000,67.9451,0.2557,0.0000,-389.297,-3.492,-1.153,-224.812,-0.0200,-0.0532,0.9849,
1.371,ENC,135.8902,0.0000,67.9451,0.0000,0.0000,-389.297,-3.492,-1.153,-224.812,-0.0200,-0.0532,0.9849,
1.383,IMU,135.8902,0.0000,67.9451,0.0000,0.0000,-389.297,-3.553,-1.231,-224.729,0.0786,-0.0527,1.0000,
1.393,ENC,135.8902,0.0000,67.9451,0.0000,0.0000,-389.297,-3.553,-1.231,-224.729,0.0786,-0.0527,1.0000,
1.403,IMU,135.8902,0.0000,67.9451,0.0000,0.0000,-389.297,-3.639,-1.176,-224.688,0.1401,-0.0190,1.0278,
1.412,ENC,135.8937,0.0000,67.9468,0.1704,0.0000,-389.307,-3.639,-1.176,-224.688,0.1401,-0.0190,1.0278,
1.423,IMU,135.8937,0.0000,67.9468,0.1704,0.0000,-389.307,-3.606,-1.183,-224.679,0.0669,-0.0430,0.9570,
1.433,ENC,135.9039,0.0000,67.9519,0.5113,0.0000,-389.336,-3.606,-1.183,-224.679,0.0669,-0.0430,0.9570,
1.442,IMU,135.9039,0.0000,67.9519,0.5113,0.0000,-389.336,-3.639,-1.228,-224.685,0.0952,-0.0547,1.0059,
1.453,ENC,135.9277,0.0000,67.9639,1.1931,0.0000,-389.404,-3.639,-1.228,-224.685,0.0952,-0.0547,1.0059,
1.463,IMU,135.9277,0.0000,67.9639,1.1931,0.0000,-389.404,-3.653,-1.274,-224.752,0.0645,-0.0454,1.0029,
1.472,ENC,135.9738,0.0000,67.9869,2.3010,0.0000,-389.536,-3.653,-1.274,-224.752,0.0645,-0.0454,1.0029,
1.483,IMU,135.9738,0.0000,67.9869,2.3010,0.0000,-389.536,-3.590,-1.443,-224.916,0.0156,-0.1377,1.0142,
1.492,ENC,136.0419,0.0000,68.0210,3.4088,0.0000,-389.731,-3.590,-1.443,-224.916,0.0156,-0.1377,1.0142,
1.503,IMU,136.0419,0.0000,68.0210,3.4088,0.0000,-389.731,-3.544,-1.468,-224.999,0.0503,-0.0269,1.0308,
1.513,ENC,136.1255,0.0000,68.0627,4.1758,0.0000,-389.971,-3.544,-1.468,-224.999,0.0503,-0.0269,1.0308,
1.523,IMU,136.1255,0.0000,68.0627,4.1758,0.0000,-389.971,-3.576,-1.658,-225.159,0.0791,-0.1631,1.0083,
1.544,IMU,136.1255,0.0000,68.0627,4.1758,0.0000,-389.971,-3.504,-1.774,-225.309,-0.0405,-0.1055,1.0615,
1.555,ENC,136.3487,0.0000,68.1744,5.5820,0.0000,-390.610,-3.504,-1.774,-225.309,-0.0405,-0.1055,1.0615,
1.563,IMU,136.3487,0.0000,68.1744,5.5820,0.0000,-390.610,-3.455,-1.922,-225.465,0.0127,-0.1094,0.9072,
1.572,ENC,136.4851,0.0000,68.2425,6.8177,0.0000,-391.001,-3.455,-1.922,-225.465,0.0127,-0.1094,0.9072,
1.586,IMU,136.4851,0.0000,68.2425,6.8177,0.0000,-391.001,-3.456,-2.080,-225.679,0.0371,-0.1987,1.0459,
1.593,ENC,136.6231,0.0000,68.3116,6.9029,0.0000,-391.396,-3.456,-2.080,-225.679,0.0371,-0.1987,1.0459,
1.602,IMU,136.6231,0.0000,68.3116,6.9029,0.0000,-391.396,-3.342,-2.113,-225.801,-0.0317,-0.0518,1.0640,
1.613,ENC,136.7817,0.0000,68.3908,7.9256,0.0000,-391.851,-3.342,-2.113,-225.801,-0.0317,-0.0518,1.0640,
1.623,IMU,136.7817,0.0000,68.3908,7.9256,0.0000,-391.851,-3.279,-2.253,-225.948,-0.0283,-0.1582,1.0688,
1.632,ENC,136.9402,0.0000,68.4701,7.9256,0.0000,-392.305,-3.279,-2.253,-225.948,-0.0283,-0.1582,1.0688,
1.643,IMU,136.9402,0.0000,68.4701,7.9256,0.0000,-392.305,-3.360,-2.286,-226.155,0.1431,-0.0366,0.9346,
1.652,ENC,137.1191,0.0000,68.5596,8.9482,0.0000,-392.817,-3.360,-2.286,-226.155,0.1431,-0.0366,0.9346,
1.662,IMU,137.1191,0.0000,68.5596,8.9482,0.0000,-392.817,-3.392,-2.236,-226.400,0.0425,-0.0049,1.0420,
1.672,ENC,137.3083,0.0000,68.6542,9.4595,0.0000,-393.359,-3.392,-2.236,-226.400,0.0425,-0.0049,1.0420,
1.689,IMU,137.3083,0.0000,68.6542,9.4595,0.0000,-393.359,-3.307,-2.237,-226.622,-0.0112,-0.0195,1.0415,
1.694,ENC,137.5026,0.0000,68.7513,9.7152,0.0000,-393.916,-3.307,-2.237,-226.622,-0.0112,-0.0195,1.0415,
1.703,IMU,137.5026,0.0000,68.7513,9.7152,0.0000,-393.916,-3.371,-2.126,-226.872,0.0894,0.0410,1.0889,
1.712,ENC,137.7020,0.0000,68.8510,9.9709,0.0000,-394.487,-3.371,-2.126,-226.872,0.0894,0.0410,1.0889,
1.723,IMU,137.7020,0.0000,68.8510,9.9709,0.0000,-394.487,-3.412,-2.084,-227.131,0.0659,-0.0044,0.9775,
1.732,ENC,137.9032,0.0000,68.9516,10.0561,0.0000,-395.063,-3.412,-2.084,-227.131,0.0659,-0.0044,0.9775,
1.743,IMU,137.9032,0.0000,68.9516,10.0561,0.0000,-395.063,-3.581,-1.993,-227.333,0.1890,-0.0132,0.9912,
1.752,ENC,138.1179,0.0000,69.0590,10.7379,0.0000,-395.679,-3.581,-1.993,-227.333,0.1890,-0.0132,0.9912,
1.763,IMU,138.1179,0.0000,69.0590,10.7379,0.0000,-395.679,-3.552,-2.148,-227.588,0.0728,-0.1128,0.9097,
1.772,ENC,138.3327,0.0000,69.1663,10.7379,0.0000,-396.294,-3.552,-2.148,-227.588,0.0728,-0.1128,0.9097,
1.783,IMU,138.3327,0.0000,69.1663,10.7379,0.0000,-396.294,-3.491,-2.155,-227.741,-0.0190,-0.0513,1.0781,
1.793,ENC,138.5321,0.0000,69.2661,9.9709,0.0000,-396.865,-3.491,-2.155,-227.741,-0.0190,-0.0513,1.0781,
1.802,IMU,138.5321,0.0000,69.2661,9.9709,0.0000,-396.865,-3.603,-2.042,-227.833,0.1328,0.0601,1.0464,
1.813,ENC,138.7008,0.0000,69.3504,8.4369,0.0000,-397.349,-3.603,-2.042,-227.833,0.1328,0.0601,1.0464,
1.833,ENC,138.8611,0.0000,69.4305,8.0108,0.0000,-397.808,-3.603,-2.042,-227.833,0.1328,0.0601,1.0464,
1.843,IMU,138.8611,0.0000,69.4305,8.0108,0.0000,-397.808,-3.591,-2.017,-227.588,0.1143,-0.0293,0.9375,
1.852,ENC,139.0093,0.0000,69.5047,7.4142,0.0000,-398.232,-3.591,-2.017,-227.588,0.1143,-0.0293,0.9375,
1.872,ENC,139.1610,0.0000,69.5805,7.5847,0.0000,-398.667,-3.591,-2.017,-227.588,0.1143,-0.0293,0.9375,
1.882,IMU,139.1610,0.0000,69.5805,7.5847,0.0000,-398.667,-3.643,-1.955,-227.288,0.1167,0.0020,0.9395,
1.893,ENC,139.3127,0.0000,69.6564,7.5847,0.0000,-399.102,-3.643,-1.955,-227.288,0.1167,0.0020,0.9395,
1.903,IMU,139.3127,0.0000,69.6564,7.5847,0.0000,-399.102,-3.704,-2.020,-227.283,0.0898,-0.0562,0.9741,
1.912,ENC,139.4678,0.0000,69.7339,7.7551,0.0000,-399.546,-3.704,-2.020,-227.283,0.0898,-0.0562,0.9741,
1.922,IMU,139.4678,0.0000,69.7339,7.7551,0.0000,-399.546,-3.683,-2.006,-227.245,0.0103,-0.0649,1.0181,
1.933,ENC,139.6229,0.0000,69.8115,7.7551,0.0000,-399.990,-3.683,-2.006,-227.245,0.0103,-0.0649,1.0181,
1.943,IMU,139.6229,0.0000,69.8115,7.7551,0.0000,-399.990,-3.661,-1.879,-227.224,0.0581,0.0630,0.9741,
1.952,ENC,139.7712,0.0000,69.8856,7.4142,0.0000,-400.415,-3.661,-1.879,-227.224,0.0581,0.0630,0.9741,
1.963,IMU,139.7712,0.0000,69.8856,7.4142,0.0000,-400.415,-3.685,-1.816,-227.189,0.0513,0.0239,1.0010,
1.973,ENC,139.8990,0.0000,69.9495,6.3916,0.0000,-400.781,-3.685,-1.816,-227.189,0.0513,0.0239,1.0010,
1.982,IMU,139.8990,0.0000,69.9495,6.3916,0.0000,-400.781,-3.688,-1.741,-227.085,0.0835,0.0356,0.9541,
1.992,ENC,140.0252,0.0000,70.0126,6.3064,0.0000,-401.143,-3.688,-1.741,-227.085,0.0835,0.0356,0.9541,
2.003,IMU,140.0252,0.0000,70.0126,6.3064,0.0000,-401.143,-3.702,-1.662,-226.974,0.0688,0.0415,1.0015,
2.013,ENC,140.1513,0.0000,70.0757,6.3064,0.0000,-401.504,-3.702,-1.662,-226.974,0.0688,0.0415,1.0015,
2.026,IMU,140.1513,0.0000,70.0757,6.3064,0.0000,-401.504,-3.718,-1.634,-226.888,-0.0024,0.0220,0.9927,
2.042,IMU,140.1513,0.0000,70.0757,6.3064,0.0000,-401.504,-3.697,-1.639,-226.810,0.0469,0.0488,1.0103,
2.054,ENC,140.3712,0.0000,70.1856,5.4968,0.0000,-402.134,-3.697,-1.639,-226.810,0.0469,0.0488,1.0103,
2.063,IMU,140.3712,0.0000,70.1856,5.4968,0.0000,-402.134,-3.798,-1.645,-226.644,0.1357,-0.0732,1.0396,
2.072,ENC,140.4717,0.0000,70.2359,5.0280,0.0000,-402.422,-3.798,-1.645,-226.644,0.1357,-0.0732,1.0396,
2.083,IMU,140.4717,0.0000,70.2359,5.0280,0.0000,-402.422,-3.849,-1.542,-226.526,0.1060,0.0679,1.0010,
2.092,ENC,140.5825,0.0000,70.2913,5.5394,0.0000,-402.739,-3.849,-1.542,-226.526,0.1060,0.0679,1.0010,
2.103,IMU,140.5825,0.0000,70.2913,5.5394,0.0000,-402.739,-3.875,-1.672,-226.429,0.0815,-0.0762,0.9248,
2.112,ENC,140.6967,0.1960,70.4464,5.7098,9.8004,-402.505,-3.875,-1.672,-226.429,0.0815,-0.0762,0.9248,
2.123,IMU,140.6967,0.1960,70.4464,5.7098,9.8004,-402.505,-3.988,-1.582,-226.285,0.1416,0.0825,0.9824,
2.132,ENC,140.8160,0.0000,70.4080,5.9655,-9.8004,-403.408,-3.988,-1.582,-226.285,0.1416,0.0825,0.9824,
2.143,IMU,140.8160,0.0000,70.4080,5.9655,-9.8004,-403.408,-4.041,-1.665,-226.217,0.1328,-0.0737,0.9819,
2.153,ENC,140.9319,0.0000,70.4660,5.7950,0.0000,-403.740,-4.041,-1.665,-226.217,0.1328,-0.0737,0.9819,
2.162,IMU,140.9319,0.0000,70.4660,5.7950,0.0000,-403.740,-3.993,-1.509,-226.134,0.0737,0.0542,0.9614,
2.172,ENC,141.0529,0.0000,70.5265,6.0507,0.0000,-404.087,-3.993,-1.509,-226.134,0.0737,0.0542,0.9614,
2.183,IMU,141.0529,0.0000,70.5265,6.0507,0.0000,-404.087,-3.966,-1.477,-226.080,0.0293,-0.0488,0.9927,
2.192,ENC,141.1740,0.0000,70.5870,6.0507,0.0000,-404.434,-3.966,-1.477,-226.080,0.0293,-0.0488,0.9927,
2.204,IMU,141.1740,0.0000,70.5870,6.0507,0.0000,-404.434,-4.063,-1.409,-226.059,0.1655,0.0352,0.9585,
2.223,IMU,141.1740,0.0000,70.5870,6.0507,0.0000,-404.434,-4.137,-1.476,-226.009,0.1177,-0.0991,0.9697,
2.235,ENC,141.4637,0.0000,70.7319,7.2438,0.0000,-405.264,-4.137,-1.476,-226.009,0.1177,-0.0991,0.9697,
2.243,IMU,141.4637,0.0000,70.7319,7.2438,0.0000,-405.264,-4.126,-1.440,-225.969,0.0786,-0.0068,0.9468,
2.263,IMU,141.4637,0.0000,70.7319,7.2438,0.0000,-405.264,-4.037,-1.565,-225.956,0.0400,-0.1260,0.9570,
2.272,ENC,141.7790,0.0000,70.8895,7.8830,0.0000,-406.167,-4.037,-1.565,-225.956,0.0400,-0.1260,0.9570,
2.282,IMU,141.7790,0.0000,70.8895,7.8830,0.0000,-406.167,-4.010,-1.407,-225.856,0.0635,0.0806,1.0103,
2.295,ENC,141.9358,0.0000,70.9679,7.8403,0.0000,-406.616,-4.010,-1.407,-225.856,0.0635,0.0806,1.0103,
2.306,IMU,141.9358,0.0000,70.9679,7.8403,0.0000,-406.616,-3.899,-1.414,-225.715,-0.0801,-0.0474,1.0942,
2.316,ENC,142.0449,0.0000,71.0225,5.4542,0.0000,-406.929,-3.899,-1.414,-225.715,-0.0801,-0.0474,1.0942,
2.322,IMU,142.0449,0.0000,71.0225,5.4542,0.0000,-406.929,-3.912,-1.372,-225.476,0.0684,0.0278,1.0688,
2.333,ENC,142.1080,0.0000,71.0540,3.1532,0.0000,-407.109,-3.912,-1.372,-225.476,0.0684,0.0278,1.0688,
2.343,IMU,142.1080,0.0000,71.0540,3.1532,0.0000,-407.109,-3.879,-1.420,-225.168,0.1128,-0.0796,0.8428,
2.352,ENC,142.1421,0.0000,71.0710,1.7044,0.0000,-407.207,-3.879,-1.420,-225.168,0.1128,-0.0796,0.8428,
2.364,IMU,142.1421,0.0000,71.0710,1.7044,0.0000,-407.207,-3.962,-1.485,-224.773,0.0776,-0.0474,1.0029,
2.373,ENC,142.1727,0.0000,71.0864,1.5340,0.0000,-407.295,-3.962,-1.485,-224.773,0.0776,-0.0474,1.0029,
2.383,IMU,142.1727,0.0000,71.0864,1.5340,0.0000,-407.295,-4.126,-1.479,-224.413,0.1528,-0.0332,0.8027,
2.392,ENC,142.1881,0.0000,71.0940,0.7670,0.0000,-407.339,-4.126,-1.479,-224.413,0.1528,-0.0332,0.8027,
2.406,IMU,142.1881,0.0000,71.0940,0.7670,0.0000,-407.339,-4.226,-1.319,-224.097,0.1768,0.1187,0.9189,
2.415,ENC,142.2222,0.0000,71.1111,1.7044,0.0000,-407.437,-4.226,-1.319,-224.097,0.1768,0.1187,0.9189,
2.423,IMU,142.2222,0.0000,71.1111,1.7044,0.0000,-407.437,-4.117,-1.413,-223.801,-0.0654,-0.1353,1.1538,
2.432,ENC,142.2409,0.0000,71.1205,0.9374,0.0000,-407.490,-4.117,-1.413,-223.801,-0.0654,-0.1353,1.1538,
2.444,IMU,142.2409,0.0000,71.1205,0.9374,0.0000,-407.490,-4.207,-1.428,-223.525,0.1611,-0.0571,0.9121,
2.452,ENC,142.2665,0.0000,71.1332,1.2783,0.0000,-407.563,-4.207,-1.428,-223.525,0.1611,-0.0571,0.9121,
2.463,IMU,142.2665,0.0000,71.1332,1.2783,0.0000,-407.563,-4.333,-1.286,-223.229,0.1670,0.0601,0.8062,
2.473,ENC,142.2869,0.0000,71.1435,1.0227,0.0000,-407.622,-4.333,-1.286,-223.229,0.1670,0.0601,0.8062,
2.483,IMU,142.2869,0.0000,71.1435,1.0227,0.0000,-407.622,-4.235,-1.330,-222.976,-0.0239,-0.0381,1.0083,
2.492,ENC,142.3040,0.0000,71.1520,0.8522,0.0000,-407.671,-4.235,-1.330,-222.976,-0.0239,-0.0381,1.0083,
2.503,IMU,142.3040,0.0000,71.1520,0.8522,0.0000,-407.671,-4.262,-1.293,-222.711,0.1289,-0.0322,1.0073,
2.513,ENC,142.3330,0.0000,71.1665,1.4488,0.0000,-407.754,-4.262,-1.293,-222.711,0.1289,-0.0322,1.0073,
2.532,ENC,142.3449,0.0000,71.1724,0.5965,0.0000,-407.788,-4.262,-1.293,-222.711,0.1289,-0.0322,1.0073,
2.543,IMU,142.3449,0.0000,71.1724,0.5965,0.0000,-407.788,-4.388,-1.153,-222.464,0.1040,0.0654,0.9897,
2.553,ENC,142.3773,0.0000,71.1886,1.6192,0.0000,-407.881,-4.388,-1.153,-222.464,0.1040,0.0654,0.9897,
2.563,IMU,142.3773,0.0000,71.1886,1.6192,0.0000,-407.881,-4.520,-1.168,-222.369,0.1528,-0.0210,0.9561,
2.573,ENC,142.3892,0.0000,71.1946,0.5965,0.0000,-407.915,-4.520,-1.168,-222.369,0.1528,-0.0210,0.9561,
2.583,IMU,142.3892,0.0000,71.1946,0.5965,0.0000,-407.915,-4.467,-1.043,-222.284,0.0552,0.0889,1.0679,
2.592,ENC,142.3858,0.0000,71.1929,-0.1704,0.0000,-407.905,-4.467,-1.043,-222.284,0.0552,0.0889,1.0679,
2.608,IMU,142.3858,0.0000,71.1929,-0.1704,0.0000,-407.905,-4.435,-0.863,-222.073,0.0176,0.0898,0.9575,
2.612,ENC,142.3568,0.0000,71.1784,-1.4488,0.0000,-407.822,-4.435,-0.863,-222.073,0.0176,0.0898,0.9575,
2.623,IMU,142.3568,0.0000,71.1784,-1.4488,0.0000,-407.822,-4.382,-0.698,-221.819,-0.0298,0.1206,1.0293,
2.634,ENC,142.3023,0.0000,71.1511,-2.7271,0.0000,-407.666,-4.382,-0.698,-221.819,-0.0298,0.1206,1.0293,
2.643,IMU,142.3023,0.0000,71.1511,-2.7271,0.0000,-407.666,-4.294,-0.590,-221.567,-0.0293,0.0659,1.0732,
2.653,ENC,142.2085,0.0000,71.1043,-4.6872,0.0000,-407.397,-4.294,-0.590,-221.567,-0.0293,0.0659,1.0732,
2.663,IMU,142.2085,0.0000,71.1043,-4.6872,0.0000,-407.397,-4.257,-0.520,-221.277,-0.0366,0.0615,1.0942,
2.672,ENC,142.0943,0.0000,71.0472,-5.7098,0.0000,-407.070,-4.257,-0.520,-221.277,-0.0366,0.0615,1.0942,
2.684,IMU,142.0943,0.0000,71.0472,-5.7098,0.0000,-407.070,-4.217,-0.426,-220.999,0.0288,0.1138,1.0625,
2.692,ENC,141.9750,0.0000,70.9875,-5.9655,0.0000,-406.729,-4.217,-0.426,-220.999,0.0288,0.1138,1.0625,
2.703,IMU,141.9750,0.0000,70.9875,-5.9655,0.0000,-406.729,-4.224,-0.350,-220.659,0.0698,0.0381,1.0254,
2.714,ENC,141.8591,0.0000,70.9296,-5.7950,0.0000,-406.396,-4.224,-0.350,-220.659,0.0698,0.0381,1.0254,
2.725,IMU,141.8591,0.0000,70.9296,-5.7950,0.0000,-406.396,-4.228,-0.325,-220.345,0.1318,0.0298,1.0112,
2.732,ENC,141.7449,0.0000,70.8725,-5.7098,0.0000,-406.069,-4.228,-0.325,-220.345,0.1318,0.0298,1.0112,
2.744,IMU,141.7449,0.0000,70.8725,-5.7098,0.0000,-406.069,-4.238,-0.309,-220.008,0.1143,-0.0312,0.9795,
2.752,ENC,141.6290,0.0000,70.8145,-5.7950,0.0000,-405.737,-4.238,-0.309,-220.008,0.1143,-0.0312,0.9795,
2.764,IMU,141.6290,0.0000,70.8145,-5.7950,0.0000,-405.737,-4.249,-0.245,-219.649,0.0698,0.0151,1.0044,
2.772,ENC,141.5200,0.0000,70.7600,-5.4542,0.0000,-405.425,-4.249,-0.245,-219.649,0.0698,0.0151,1.0044,
2.790,IMU,141.5200,0.0000,70.7600,-5.4542,0.0000,-405.425,-4.276,-0.254,-219.355,0.1284,0.0083,0.9424,
2.793,ENC,141.4194,0.0000,70.7097,-5.0280,0.0000,-405.137,-4.276,-0.254,-219.355,0.1284,0.0083,0.9424,
2.803,IMU,141.4194,0.0000,70.7097,-5.0280,0.0000,-405.137,-4.267,-0.205,-219.082,0.0557,-0.0024,1.0366,
2.813,ENC,141.3188,0.0000,70.6594,-5.0280,0.0000,-404.849,-4.267,-0.205,-219.082,0.0557,-0.0024,1.0366,
2.822,IMU,141.3188,0.0000,70.6594,-5.0280,0.0000,-404.849,-4.301,-0.147,-218.801,0.0718,0.0244,1.0718,
2.832,ENC,141.2166,0.0000,70.6083,-5.1133,0.0000,-404.556,-4.301,-0.147,-218.801,0.0718,0.0244,1.0718,
2.846,IMU,141.2166,0.0000,70.6083,-5.1133,0.0000,-404.556,-4.260,-0.125,-218.518,0.0200,-0.0347,0.9897,
2.852,ENC,141.1024,0.0000,70.5512,-5.7098,0.0000,-404.229,-4.260,-0.125,-218.518,0.0200,-0.0347,0.9897,
2.863,IMU,141.1024,0.0000,70.5512,-5.7098,0.0000,-404.229,-4.236,-0.220,-218.246,0.0825,-0.0889,0.9512,
2.873,ENC,141.0103,0.0000,70.5052,-4.6019,0.0000,-403.965,-4.236,-0.220,-218.246,0.0825,-0.0889,0.9512,
2.883,IMU,141.0103,0.0000,70.5052,-4.6019,0.0000,-403.965,-4.242,-0.229,-218.025,0.0679,-0.0342,0.9824,
2.892,ENC,140.9234,0.0000,70.4617,-4.3463,0.0000,-403.716,-4.242,-0.229,-218.025,0.0679,-0.0342,0.9824,
2.903,IMU,140.9234,0.0000,70.4617,-4.3463,0.0000,-403.716,-4.216,-0.182,-217.718,0.0151,-0.0112,1.0713,
2.917,ENC,140.8194,0.0000,70.4097,-5.1985,0.0000,-403.418,-4.216,-0.182,-217.718,0.0151,-0.0112,1.0713,
2.922,IMU,140.8194,0.0000,70.4097,-5.1985,0.0000,-403.418,-4.178,-0.154,-217.437,0.0640,-0.0024,1.0303,
2.932,ENC,140.7274,0.0000,70.3637,-4.6019,0.0000,-403.154,-4.178,-0.154,-217.437,0.0640,-0.0024,1.0303,
2.942,IMU,140.7274,0.0000,70.3637,-4.6019,0.0000,-403.154,-4.074,-0.189,-217.177,0.0200,-0.0190,0.9932,
2.953,ENC,140.6285,0.0000,70.3143,-4.9428,0.0000,-402.871,-4.074,-0.189,-217.177,0.0200,-0.0190,0.9932,
2.971,IMU,140.6285,0.0000,70.3143,-4.9428,0.0000,-402.871,-4.037,-0.256,-216.921,0.0903,-0.0474,0.9888,
2.973,ENC,140.5467,0.0000,70.2734,-4.0906,0.0000,-402.637,-4.037,-0.256,-216.921,0.0903,-0.0474,0.9888,
2.983,IMU,140.5467,0.0000,70.2734,-4.0906,0.0000,-402.637,-4.007,-0.180,-216.687,0.0513,0.0474,1.0352,
2.992,ENC,140.4513,0.0000,70.2256,-4.7724,0.0000,-402.363,-4.007,-0.180,-216.687,0.0513,0.0474,1.0352,
3.003,IMU,140.4513,0.0000,70.2256,-4.7724,0.0000,-402.363,-4.039,-0.179,-216.411,0.0488,-0.0601,0.9448,
3.019,ENC,140.3575,0.0000,70.1788,-4.6872,0.0000,-402.095,-4.039,-0.179,-216.411,0.0488,-0.0601,0.9448,
3.023,IMU,140.3575,0.0000,70.1788,-4.6872,0.0000,-402.095,-4.039,-0.122,-216.107,0.0542,0.0298,0.9902,
3.032,ENC,140.2621,0.0000,70.1310,-4.7724,0.0000,-401.821,-4.039,-0.122,-216.107,0.0542,0.0298,0.9902,
3.043,IMU,140.2621,0.0000,70.1310,-4.7724,0.0000,-401.821,-4.088,-0.109,-215.789,0.1133,-0.0269,0.9629,
3.052,ENC,140.1598,0.0000,70.0799,-5.1133,0.0000,-401.528,-4.088,-0.109,-215.789,0.1133,-0.0269,0.9629,
3.063,IMU,140.1598,0.0000,70.0799,-5.1133,0.0000,-401.528,-4.130,-0.129,-215.560,0.1279,0.0088,0.9546,
3.072,ENC,140.0576,0.0000,70.0288,-5.1133,0.0000,-401.235,-4.130,-0.129,-215.560,0.1279,0.0088,0.9546,
3.093,ENC,139.9536,0.0000,69.9768,-5.1985,0.0000,-400.938,-4.130,-0.129,-215.560,0.1279,0.0088,0.9546,
3.103,IMU,139.9536,0.0000,69.9768,-5.1985,0.0000,-400.938,-4.132,-0.063,-214.962,0.0918,-0.0464,1.0132,
3.112,ENC,139.8547,0.0000,69.9274,-4.9428,0.0000,-400.654,-4.132,-0.063,-214.962,0.0918,-0.0464,1.0132,
3.122,IMU,139.8547,0.0000,69.9274,-4.9428,0.0000,-400.654,-4.095,-0.008,-214.645,0.0435,0.0073,0.9497,
3.140,ENC,139.7456,0.0000,69.8728,-5.4542,0.0000,-400.342,-4.095,-0.008,-214.645,0.0435,0.0073,0.9497,
3.144,IMU,139.7456,0.0000,69.8728,-5.4542,0.0000,-400.342,-4.036,0.022,-214.317,0.0601,0.0234,1.0063,
3.152,ENC,139.6315,0.0000,69.8157,-5.7098,0.0000,-400.015,-4.036,0.022,-214.317,0.0601,0.0234,1.0063,
3.173,ENC,139.5121,0.0000,69.7561,-5.9655,0.0000,-399.673,-4.036,0.022,-214.317,0.0601,0.0234,1.0063,
3.187,IMU,139.5121,0.0000,69.7561,-5.9655,0.0000,-399.673,-4.012,0.011,-214.032,0.0879,-0.0103,1.0200,
3.190,IMU,139.5121,0.0000,69.7561,-5.9655,0.0000,-399.673,-4.004,-0.045,-213.762,0.0684,-0.0493,0.9932,
3.203,IMU,139.5121,0.0000,69.7561,-5.9655,0.0000,-399.673,-4.027,-0.073,-213.418,0.1035,-0.0820,0.9897,
3.213,ENC,139.2633,0.0000,69.6316,-6.2211,0.0000,-398.960,-4.027,-0.073,-213.418,0.1035,-0.0820,0.9897,
3.223,IMU,139.2633,0.0000,69.6316,-6.2211,0.0000,-398.960,-4.058,-0.099,-213.112,0.0615,-0.0264,1.0220,
3.233,ENC,139.1389,0.0000,69.5694,-6.2211,0.0000,-398.604,-4.058,-0.099,-213.112,0.0615,-0.0264,1.0220,
3.246,IMU,139.1389,0.0000,69.5694,-6.2211,0.0000,-398.604,-4.070,-0.126,-212.848,0.0747,-0.0137,1.0361,
3.252,ENC,139.0145,0.0000,69.5072,-6.2211,0.0000,-398.247,-4.070,-0.126,-212.848,0.0747,-0.0137,1.0361,
3.263,IMU,139.0145,0.0000,69.5072,-6.2211,0.0000,-398.247,-4.089,-0.123,-212.558,0.0391,-0.0249,1.0215,
3.272,ENC,138.8883,0.0000,69.4442,-6.3064,0.0000,-397.886,-4.089,-0.123,-212.558,0.0391,-0.0249,1.0215,
3.283,IMU,138.8883,0.0000,69.4442,-6.3064,0.0000,-397.886,-4.025,-0.169,-212.252,0.0698,-0.0205,1.0249,
3.292,ENC,138.7673,0.0000,69.3837,-6.0507,0.0000,-397.539,-4.025,-0.169,-212.252,0.0698,-0.0205,1.0249,
3.303,IMU,138.7673,0.0000,69.3837,-6.0507,0.0000,-397.539,-4.067,-0.110,-211.958,0.0684,-0.0142,0.9443,
3.313,ENC,138.6122,0.0000,69.3061,-7.7551,0.0000,-397.095,-4.067,-0.110,-211.958,0.0684,-0.0142,0.9443,
3.335,ENC,138.4639,0.0000,69.2320,-7.4142,0.0000,-396.670,-4.067,-0.110,-211.958,0.0684,-0.0142,0.9443,
3.342,IMU,138.4639,0.0000,69.2320,-7.4142,0.0000,-396.670,-3.914,-0.101,-211.152,-0.0059,0.0312,1.0688,
3.364,IMU,138.4639,0.0000,69.2320,-7.4142,0.0000,-396.670,-3.928,-0.090,-210.779,0.1128,-0.0132,0.9365,
3.382,IMU,138.4639,0.0000,69.2320,-7.4142,0.0000,-396.670,-3.954,-0.110,-210.326,0.1045,-0.0190,0.9883,
3.393,ENC,138.0157,0.0000,69.0078,-7.4711,0.0000,-395.386,-3.954,-0.110,-210.326,0.1045,-0.0190,0.9883,
3.414,ENC,137.8742,0.0000,68.9371,-7.0734,0.0000,-394.980,-3.954,-0.110,-210.326,0.1045,-0.0190,0.9883,
3.422,IMU,137.8742,0.0000,68.9371,-7.0734,0.0000,-394.980,-4.008,-0.121,-209.397,-0.0430,-0.0166,1.0757,
3.445,IMU,137.8742,0.0000,68.9371,-7.0734,0.0000,-394.980,-4.000,-0.177,-209.025,0.0566,-0.0508,0.9424,
3.453,ENC,137.5861,0.0000,68.7931,-7.2012,0.0000,-394.155,-4.000,-0.177,-209.025,0.0566,-0.0508,0.9424,
3.473,ENC,137.4447,0.0000,68.7223,-7.0734,0.0000,-393.750,-4.000,-0.177,-209.025,0.0566,-0.0508,0.9424,
3.493,ENC,137.3015,0.0000,68.6508,-7.1586,0.0000,-393.340,-4.000,-0.177,-209.025,0.0566,-0.0508,0.9424,
3.503,IMU,137.3015,0.0000,68.6508,-7.1586,0.0000,-393.340,-4.016,-0.295,-207.630,0.0615,-0.1060,0.9541,
3.514,ENC,137.1652,0.0000,68.5826,-6.8177,0.0000,-392.949,-4.016,-0.295,-207.630,0.0615,-0.1060,0.9541,
3.536,ENC,137.0271,0.0000,68.5135,-6.9029,0.0000,-392.554,-4.016,-0.295,-207.630,0.0615,-0.1060,0.9541,
3.543,IMU,137.0271,0.0000,68.5135,-6.9029,0.0000,-392.554,-4.101,-0.357,-206.711,0.1143,-0.0513,0.9795,
3.563,IMU,137.0271,0.0000,68.5135,-6.9029,0.0000,-392.554,-4.150,-0.277,-206.258,0.1177,0.0361,1.0244,
3.583,IMU,137.0271,0.0000,68.5135,-6.9029,0.0000,-392.554,-4.097,-0.279,-205.814,0.0449,-0.0273,0.9370,
3.593,ENC,136.5908,0.0000,68.2954,-7.2722,0.0000,-391.304,-4.097,-0.279,-205.814,0.0449,-0.0273,0.9370,
3.606,IMU,136.5908,0.0000,68.2954,-7.2722,0.0000,-391.304,-4.039,-0.150,-205.373,0.0605,0.0757,0.9727,
3.622,IMU,136.5908,0.0000,68.2954,-7.2722,0.0000,-391.304,-4.029,-0.148,-204.918,0.0713,0.0527,0.9668,
3.634,ENC,136.2823,0.0000,68.1411,-7.7125,0.0000,-390.420,-4.029,-0.148,-204.918,0.0713,0.0527,0.9668,
3.645,IMU,136.2823,0.0000,68.1411,-7.7125,0.0000,-390.420,-4.076,-0.093,-204.500,0.0825,0.0400,1.0356,
3.652,ENC,136.1203,0.0000,68.0602,-8.0960,0.0000,-389.956,-4.076,-0.093,-204.500,0.0825,0.0400,1.0356,
3.663,IMU,136.1203,0.0000,68.0602,-8.0960,0.0000,-389.956,-3.972,-0.199,-204.096,0.0122,-0.0732,1.0322,
3.673,ENC,135.9499,0.0000,67.9749,-8.5221,0.0000,-389.468,-3.972,-0.199,-204.096,0.0122,-0.0732,1.0322,
3.683,IMU,135.9499,0.0000,67.9749,-8.5221,0.0000,-389.468,-3.902,-0.278,-203.650,0.0249,-0.0684,0.9985,
3.698,ENC,135.7829,0.0000,67.8914,-8.3517,0.0000,-388.989,-3.902,-0.278,-203.650,0.0249,-0.0684,0.9985,
3.703,IMU,135.7829,0.0000,67.8914,-8.3517,0.0000,-388.989,-3.873,-0.285,-203.291,0.0400,0.0078,1.0742,
3.712,ENC,135.6158,0.0000,67.8079,-8.3517,0.0000,-388.511,-3.873,-0.285,-203.291,0.0400,0.0078,1.0742,
3.723,IMU,135.6158,0.0000,67.8079,-8.3517,0.0000,-388.511,-3.873,-0.254,-202.873,0.0620,-0.0225,1.0737,
3.732,ENC,135.4539,-0.2045,67.6247,-8.0960,-10.2265,-388.633,-3.873,-0.254,-202.873,0.0620,-0.0225,1.0737,
3.743,IMU,135.4539,-0.2045,67.6247,-8.0960,-10.2265,-388.633,-3.811,-0.196,-202.455,-0.0132,0.0410,1.0942,
3.763,IMU,135.4539,-0.2045,67.6247,-8.0960,-10.2265,-388.633,-3.899,-0.164,-202.032,0.1270,-0.0322,0.9849,
3.772,ENC,135.1062,0.0000,67.5531,-8.6926,5.1133,-387.051,-3.899,-0.164,-202.032,0.1270,-0.0322,0.9849,
3.782,IMU,135.1062,0.0000,67.5531,-8.6926,5.1133,-387.051,-3.806,-0.227,-201.591,0.0068,-0.0112,0.9507,
3.793,ENC,134.9460,0.0000,67.4730,-8.0108,0.0000,-386.592,-3.806,-0.227,-201.591,0.0068,-0.0112,0.9507,
3.803,IMU,134.9460,0.0000,67.4730,-8.0108,0.0000,-386.592,-3.851,-0.231,-201.171,0.0615,-0.0322,1.0405,
3.813,ENC,134.7824,0.0000,67.3912,-8.1812,0.0000,-386.123,-3.851,-0.231,-201.171,0.0615,-0.0322,1.0405,
3.823,IMU,134.7824,0.0000,67.3912,-8.1812,0.0000,-386.123,-3.865,-0.270,-200.749,0.1055,-0.0254,0.9580,
3.832,ENC,134.6290,0.0000,67.3145,-7.6699,0.0000,-385.684,-3.865,-0.270,-200.749,0.1055,-0.0254,0.9580,
3.842,IMU,134.6290,0.0000,67.3145,-7.6699,0.0000,-385.684,-3.928,-0.204,-200.351,0.1377,0.0576,0.9805,
3.852,ENC,134.4756,0.0000,67.2378,-7.6699,0.0000,-385.244,-3.928,-0.204,-200.351,0.1377,0.0576,0.9805,
3.865,IMU,134.4756,0.0000,67.2378,-7.6699,0.0000,-385.244,-3.915,-0.202,-199.907,0.0762,-0.0210,1.0317,
3.872,ENC,134.3290,-0.2182,67.0554,-7.3290,-10.9083,-385.449,-3.915,-0.202,-199.907,0.0762,-0.0210,1.0317,
3.883,IMU,134.3290,-0.2182,67.0554,-7.3290,-10.9083,-385.449,-3.889,-0.256,-199.509,0.0278,-0.0298,0.9624,
3.892,ENC,134.1824,0.0000,67.0912,-7.3290,10.9083,-384.404,-3.889,-0.256,-199.509,0.0278,-0.0298,0.9624,
3.905,IMU,134.1824,0.0000,67.0912,-7.3290,10.9083,-384.404,-3.923,-0.419,-199.090,0.0859,-0.1182,1.0430,
3.931,IMU,134.1824,0.0000,67.0912,-7.3290,10.9083,-384.404,-3.917,-0.391,-198.689,0.1206,-0.0337,0.9551,
3.935,ENC,133.8944,0.0000,66.9472,-7.2012,0.0000,-383.579,-3.917,-0.391,-198.689,0.1206,-0.0337,0.9551,
3.956,ENC,133.7614,0.0000,66.8807,-6.6473,0.0000,-383.198,-3.917,-0.391,-198.689,0.1206,-0.0337,0.9551,
3.963,IMU,133.7614,0.0000,66.8807,-6.6473,0.0000,-383.198,-3.998,-0.356,-197.800,0.1348,0.0278,0.9492,
3.972,ENC,133.6336,0.0000,66.8168,-6.3916,0.0000,-382.832,-3.998,-0.356,-197.800,0.1348,0.0278,0.9492,
3.982,IMU,133.6336,0.0000,66.8168,-6.3916,0.0000,-382.832,-3.989,-0.315,-197.379,0.0615,0.0015,0.9365,
3.992,ENC,133.4972,0.0000,66.7486,-6.8177,0.0000,-382.441,-3.989,-0.315,-197.379,0.0615,0.0015,0.9365,
4.003,IMU,133.4972,0.0000,66.7486,-6.8177,0.0000,-382.441,-3.957,-0.241,-196.929,0.0464,0.0654,0.9844,
4.013,ENC,133.3728,0.0000,66.6864,-6.2211,0.0000,-382.085,-3.957,-0.241,-196.929,0.0464,0.0654,0.9844,
4.032,ENC,133.2330,0.0000,66.6165,-6.9881,0.0000,-381.685,-3.957,-0.241,-196.929,0.0464,0.0654,0.9844,
4.042,IMU,133.2330,0.0000,66.6165,-6.9881,0.0000,-381.685,-3.885,-0.237,-196.010,0.0200,0.0068,1.0181,
4.052,ENC,133.0882,0.0000,66.5441,-7.2438,0.0000,-381.270,-3.885,-0.237,-196.010,0.0200,0.0068,1.0181,
4.062,IMU,133.0882,0.0000,66.5441,-7.2438,0.0000,-381.270,-3.945,-0.210,-195.605,0.1401,0.0142,1.0308,
4.073,ENC,132.9467,0.0000,66.4734,-7.0734,0.0000,-380.864,-3.945,-0.210,-195.605,0.1401,0.0142,1.0308,
4.083,IMU,132.9467,0.0000,66.4734,-7.0734,0.0000,-380.864,-4.036,-0.165,-195.159,0.1084,-0.0039,0.9829,
4.092,ENC,132.7967,0.0000,66.3984,-7.4995,0.0000,-380.435,-4.036,-0.165,-195.159,0.1084,-0.0039,0.9829,
4.103,IMU,132.7967,0.0000,66.3984,-7.4995,0.0000,-380.435,-3.954,-0.243,-194.813,-0.0161,-0.0522,0.9790,
4.115,ENC,132.6433,0.0000,66.3217,-7.6699,0.0000,-379.995,-3.954,-0.243,-194.813,-0.0161,-0.0522,0.9790,
4.122,IMU,132.6433,0.0000,66.3217,-7.6699,0.0000,-379.995,-3.969,-0.134,-194.346,0.0312,0.0273,0.9717,
4.145,IMU,132.6433,0.0000,66.3217,-7.6699,0.0000,-379.995,-4.040,-0.047,-193.955,0.1104,0.0459,1.0464,
4.146,ENC,132.4814,0.0000,66.2407,-8.0960,0.0000,-379.531,-4.040,-0.047,-193.955,0.1104,0.0459,1.0464,
4.155,ENC,132.3246,0.0000,66.1623,-7.8403,0.0000,-379.082,-4.040,-0.047,-193.955,0.1104,0.0459,1.0464,
4.163,IMU,132.3246,0.0000,66.1623,-7.8403,0.0000,-379.082,-4.088,-0.048,-193.578,0.0835,0.0088,1.0073,
4.175,ENC,132.1610,0.0000,66.0805,-8.1812,0.0000,-378.613,-4.088,-0.048,-193.578,0.0835,0.0088,1.0073,
4.186,IMU,132.1610,0.0000,66.0805,-8.1812,0.0000,-378.613,-4.023,-0.055,-193.204,0.0547,-0.0220,1.0151,
4.193,ENC,132.0059,0.0000,66.0029,-7.7551,0.0000,-378.169,-4.023,-0.055,-193.204,0.0547,-0.0220,1.0151,
4.203,IMU,132.0059,0.0000,66.0029,-7.7551,0.0000,-378.169,-4.070,-0.046,-192.756,0.0879,0.0044,1.0171,
4.212,ENC,131.8474,0.0000,65.9237,-7.9256,0.0000,-377.715,-4.070,-0.046,-192.756,0.0879,0.0044,1.0171,
4.223,IMU,131.8474,0.0000,65.9237,-7.9256,0.0000,-377.715,-3.982,-0.105,-192.349,0.0386,-0.0767,1.0229,
4.232,ENC,131.6957,0.0000,65.8478,-7.5847,0.0000,-377.280,-3.982,-0.105,-192.349,0.0386,-0.0767,1.0229,
4.248,IMU,131.6957,0.0000,65.8478,-7.5847,0.0000,-377.280,-4.043,-0.178,-191.885,0.1074,-0.0771,0.9878,
4.252,ENC,131.5440,0.0000,65.7720,-7.5847,0.0000,-376.846,-4.043,-0.178,-191.885,0.1074,-0.0771,0.9878,
4.264,IMU,131.5440,0.0000,65.7720,-7.5847,0.0000,-376.846,-3.995,-0.216,-191.505,0.0703,-0.0103,0.9536,
4.273,ENC,131.4008,0.0000,65.7004,-7.1586,0.0000,-376.436,-3.995,-0.216,-191.505,0.0703,-0.0103,0.9536,
4.283,IMU,131.4008,0.0000,65.7004,-7.1586,0.0000,-376.436,-3.985,-0.216,-191.072,0.0430,-0.0518,1.0479,
4.292,ENC,131.2644,0.0000,65.6322,-6.8177,0.0000,-376.045,-3.985,-0.216,-191.072,0.0430,-0.0518,1.0479,
4.302,IMU,131.2644,0.0000,65.6322,-6.8177,0.0000,-376.045,-4.052,-0.192,-190.742,0.1675,0.0078,1.0098,
4.312,ENC,131.1468,0.0000,65.5734,-5.8803,0.0000,-375.708,-4.052,-0.192,-190.742,0.1675,0.0078,1.0098,
4.323,IMU,131.1468,0.0000,65.5734,-5.8803,0.0000,-375.708,-4.092,-0.246,-190.430,0.1162,-0.0869,0.9634,
4.333,ENC,131.0480,0.0000,65.5240,-4.9428,0.0000,-375.425,-4.092,-0.246,-190.430,0.1162,-0.0869,0.9634,
4.353,ENC,130.9474,0.0000,65.4737,-5.0280,0.0000,-375.137,-4.092,-0.246,-190.430,0.1162,-0.0869,0.9634,
4.363,IMU,130.9474,0.0000,65.4737,-5.0280,0.0000,-375.137,-4.081,-0.282,-189.839,0.0640,-0.0093,0.9956,
4.372,ENC,130.8537,0.0000,65.4268,-4.6872,0.0000,-374.868,-4.081,-0.282,-189.839,0.0640,-0.0093,0.9956,
4.382,IMU,130.8537,0.0000,65.4268,-4.6872,0.0000,-374.868,-4.026,-0.183,-189.529,0.0928,0.0464,1.0898,
4.392,ENC,130.7650,0.0000,65.3825,-4.4315,0.0000,-374.614,-4.026,-0.183,-189.529,0.0928,0.0464,1.0898,
4.402,IMU,130.7650,0.0000,65.3825,-4.4315,0.0000,-374.614,-4.047,-0.147,-189.183,0.0854,-0.0078,0.9736,
4.412,ENC,130.6764,0.0000,65.3382,-4.4315,0.0000,-374.360,-4.047,-0.147,-189.183,0.0854,-0.0078,0.9736,
4.424,IMU,130.6764,0.0000,65.3382,-4.4315,0.0000,-374.360,-3.994,-0.187,-188.858,0.0415,-0.0430,0.9829,
4.432,ENC,130.5810,0.0000,65.2905,-4.7724,0.0000,-374.087,-3.994,-0.187,-188.858,0.0415,-0.0430,0.9829,
4.443,IMU,130.5810,0.0000,65.2905,-4.7724,0.0000,-374.087,-4.060,-0.162,-188.580,0.0825,-0.0039,1.0454,
4.452,ENC,130.4889,0.0000,65.2445,-4.6019,0.0000,-373.823,-4.060,-0.162,-188.580,0.0825,-0.0039,1.0454,
4.464,IMU,130.4889,0.0000,65.2445,-4.6019,0.0000,-373.823,-4.101,-0.180,-188.335,0.1084,-0.0171,0.9873,
4.474,ENC,130.4054,0.0000,65.2027,-4.1758,0.0000,-373.584,-4.101,-0.180,-188.335,0.1084,-0.0171,0.9873,
4.484,IMU,130.4054,0.0000,65.2027,-4.1758,0.0000,-373.584,-4.215,-0.167,-188.143,0.1167,-0.0342,0.9424,
4.495,ENC,130.3304,0.0000,65.1652,-3.7497,0.0000,-373.369,-4.215,-0.167,-188.143,0.1167,-0.0342,0.9424,
4.503,IMU,130.3304,0.0000,65.1652,-3.7497,0.0000,-373.369,-4.244,-0.202,-187.915,0.0952,-0.0176,0.9907,
4.512,ENC,130.2571,0.0000,65.1286,-3.6645,0.0000,-373.159,-4.244,-0.202,-187.915,0.0952,-0.0176,0.9907,
4.523,IMU,130.2571,0.0000,65.1286,-3.6645,0.0000,-373.159,-4.227,-0.295,-187.697,0.0449,-0.1055,1.0024,
4.532,ENC,130.1838,0.0000,65.0919,-3.6645,0.0000,-372.949,-4.227,-0.295,-187.697,0.0449,-0.1055,1.0024,
4.543,IMU,130.1838,0.0000,65.0919,-3.6645,0.0000,-372.949,-4.234,-0.362,-187.526,0.0996,-0.0542,1.0044,
4.553,ENC,130.1208,0.0000,65.0604,-3.1532,0.0000,-372.769,-4.234,-0.362,-187.526,0.0996,-0.0542,1.0044,
4.565,IMU,130.1208,0.0000,65.0604,-3.1532,0.0000,-372.769,-4.099,-0.327,-187.340,-0.0098,-0.0015,1.0337,
4.573,ENC,130.0560,0.0000,65.0280,-3.2384,0.0000,-372.583,-4.099,-0.327,-187.340,-0.0098,-0.0015,1.0337,
4.583,IMU,130.0560,0.0000,65.0280,-3.2384,0.0000,-372.583,-4.115,-0.350,-187.119,0.0474,-0.0342,0.9722,
4.593,ENC,129.9878,0.0000,64.9939,-3.4088,0.0000,-372.388,-4.115,-0.350,-187.119,0.0474,-0.0342,0.9722,
4.602,IMU,129.9878,0.0000,64.9939,-3.4088,0.0000,-372.388,-4.097,-0.359,-186.882,0.0288,-0.0073,0.9756,
4.614,ENC,129.9179,0.0000,64.9590,-3.4941,0.0000,-372.188,-4.097,-0.359,-186.882,0.0288,-0.0073,0.9756,
4.630,IMU,129.9179,0.0000,64.9590,-3.4941,0.0000,-372.188,-4.068,-0.357,-186.627,0.0591,-0.0361,0.9761,
4.633,ENC,129.8583,0.0000,64.9291,-2.9827,0.0000,-372.017,-4.068,-0.357,-186.627,0.0591,-0.0361,0.9761,
4.647,IMU,129.8583,0.0000,64.9291,-2.9827,0.0000,-372.017,-4.023,-0.485,-186.409,0.0640,-0.1147,1.0229,
4.652,ENC,129.8140,0.0000,64.9070,-2.2158,0.0000,-371.890,-4.023,-0.485,-186.409,0.0640,-0.1147,1.0229,
4.663,IMU,129.8140,0.0000,64.9070,-2.2158,0.0000,-371.890,-4.096,-0.705,-186.246,0.1074,-0.1460,0.9805,
4.683,IMU,129.8140,0.0000,64.9070,-2.2158,0.0000,-371.890,-4.098,-0.808,-186.115,0.0571,-0.0698,1.0781,
4.703,IMU,129.8140,0.0000,64.9070,-2.2158,0.0000,-371.890,-4.172,-0.884,-185.894,0.1104,-0.0996,1.0518,
4.712,ENC,129.8106,0.0000,64.9053,-0.0568,0.0000,-371.880,-4.172,-0.884,-185.894,0.1104,-0.0996,1.0518,
4.723,IMU,129.8106,0.0000,64.9053,-0.0568,0.0000,-371.880,-4.196,-0.919,-185.683,0.0513,-0.0806,1.0811,
4.732,ENC,129.8361,0.0000,64.9181,1.2783,0.0000,-371.953,-4.196,-0.919,-185.683,0.0513,-0.0806,1.0811,
4.743,IMU,129.8361,0.0000,64.9181,1.2783,0.0000,-371.953,-4.169,-0.982,-185.484,0.0068,-0.0962,0.9746,
4.752,ENC,129.8634,0.0000,64.9317,1.3635,0.0000,-372.031,-4.169,-0.982,-185.484,0.0068,-0.0962,0.9746,
4.763,IMU,129.8634,0.0000,64.9317,1.3635,0.0000,-372.031,-4.102,-1.051,-185.272,0.0508,-0.0874,0.9922,
4.772,ENC,129.8924,0.0000,64.9462,1.4488,0.0000,-372.114,-4.102,-1.051,-185.272,0.0508,-0.0874,0.9922,
4.793,ENC,129.9316,0.0000,64.9658,1.9601,0.0000,-372.227,-4.102,-1.051,-185.272,0.0508,-0.0874,0.9922,
4.802,IMU,129.9316,0.0000,64.9658,1.9601,0.0000,-372.227,-4.065,-1.059,-184.909,0.0146,0.0054,1.0078,
4.812,ENC,129.9674,0.0000,64.9837,1.7896,0.0000,-372.329,-4.065,-1.059,-184.909,0.0146,0.0054,1.0078,
4.823,IMU,129.9674,0.0000,64.9837,1.7896,0.0000,-372.329,-4.016,-0.971,-184.728,0.0640,0.0010,1.0083,
4.833,ENC,130.0032,0.0000,65.0016,1.7896,0.0000,-372.432,-4.016,-0.971,-184.728,0.0640,0.0010,1.0083,
4.842,IMU,130.0032,0.0000,65.0016,1.7896,0.0000,-372.432,-4.043,-0.896,-184.623,0.0542,0.0420,1.0771,
4.872,ENC,130.1208,0.0000,65.0604,2.9401,0.0000,-372.769,-4.043,-0.896,-184.623,0.0542,0.0420,1.0771,
4.883,IMU,130.1208,0.0000,65.0604,2.9401,0.0000,-372.769,-4.244,-0.891,-184.695,0.1865,-0.0151,1.0195,
4.893,ENC,130.2094,0.0000,65.1047,4.4315,0.0000,-373.022,-4.244,-0.891,-184.695,0.1865,-0.0151,1.0195,
4.905,IMU,130.2094,0.0000,65.1047,4.4315,0.0000,-373.022,-4.171,-0.933,-184.848,0.0542,-0.0298,1.0176,
4.912,ENC,130.3031,0.0000,65.1516,4.6872,0.0000,-373.291,-4.171,-0.933,-184.848,0.0542,-0.0298,1.0176,
4.923,IMU,130.3031,0.0000,65.1516,4.6872,0.0000,-373.291,-4.130,-0.988,-184.989,0.0620,-0.0464,0.9756,
4.934,ENC,130.4020,0.0000,65.2010,4.9428,0.0000,-373.574,-4.130,-0.988,-184.989,0.0620,-0.0464,0.9756,
4.942,IMU,130.4020,0.0000,65.2010,4.9428,0.0000,-373.574,-4.063,-1.043,-185.056,0.0225,-0.0688,1.0161,
4.956,ENC,130.4957,0.0000,65.2479,4.6872,0.0000,-373.843,-4.063,-1.043,-185.056,0.0225,-0.0688,1.0161,
4.963,IMU,130.4957,0.0000,65.2479,4.6872,0.0000,-373.843,-3.993,-1.028,-185.133,0.0234,-0.0186,1.0259,
4.974,ENC,130.5963,0.0000,65.2982,5.0280,0.0000,-374.131,-3.993,-1.028,-185.133,0.0234,-0.0186,1.0259,
4.982,IMU,130.5963,0.0000,65.2982,5.0280,0.0000,-374.131,-4.035,-1.013,-185.244,0.1304,-0.0166,1.0142,
4.993,ENC,130.7105,0.0000,65.3553,5.7098,0.0000,-374.458,-4.035,-1.013,-185.244,0.1304,-0.0166,1.0142,
5.013,ENC,130.8486,0.0000,65.4243,6.9029,0.0000,-374.854,-4.035,-1.013,-185.244,0.1304,-0.0166,1.0142,
5.025,IMU,130.8486,0.0000,65.4243,6.9029,0.0000,-374.854,-4.159,-0.986,-185.798,0.1870,-0.0396,1.0093,
5.032,ENC,130.9866,0.0000,65.4933,6.9029,0.0000,-375.249,-4.159,-0.986,-185.798,0.1870,-0.0396,1.0093,
5.043,IMU,130.9866,0.0000,65.4933,6.9029,0.0000,-375.249,-4.126,-1.231,-185.993,0.0166,-0.2295,0.9697,
5.052,ENC,131.1400,0.0000,65.5700,7.6699,0.0000,-375.688,-4.126,-1.231,-185.993,0.0166,-0.2295,0.9697,
5.063,IMU,131.1400,0.0000,65.5700,7.6699,0.0000,-375.688,-4.073,-1.377,-186.133,0.0093,-0.1348,0.9263,
5.080,ENC,131.3019,0.0000,65.6510,8.0960,0.0000,-376.152,-4.073,-1.377,-186.133,0.0093,-0.1348,0.9263,
5.083,IMU,131.3019,0.0000,65.6510,8.0960,0.0000,-376.152,-4.165,-1.329,-186.253,0.1670,-0.0503,1.0488,
5.092,ENC,131.4570,0.0000,65.7285,7.7551,0.0000,-376.597,-4.165,-1.329,-186.253,0.1670,-0.0503,1.0488,
5.103,IMU,131.4570,0.0000,65.7285,7.7551,0.0000,-376.597,-4.186,-1.400,-186.408,0.1201,-0.0703,0.8735,
5.112,ENC,131.6292,0.0000,65.8146,8.6073,0.0000,-377.090,-4.186,-1.400,-186.408,0.1201,-0.0703,0.8735,
5.126,IMU,131.6292,0.0000,65.8146,8.6073,0.0000,-377.090,-4.127,-1.509,-186.596,0.0386,-0.0776,1.0186,
5.140,ENC,131.7996,0.0000,65.8998,8.5221,0.0000,-377.578,-4.127,-1.509,-186.596,0.0386,-0.0776,1.0186,
5.144,IMU,131.7996,0.0000,65.8998,8.5221,0.0000,-377.578,-4.009,-1.645,-186.667,-0.0742,-0.1548,1.0801,
5.163,IMU,131.7996,0.0000,65.8998,8.5221,0.0000,-377.578,-3.982,-1.735,-186.700,0.0312,-0.1143,1.0312,
5.172,ENC,132.1439,0.0000,66.0720,8.6073,0.0000,-378.564,-3.982,-1.735,-186.700,0.0312,-0.1143,1.0312,
5.184,IMU,132.1439,0.0000,66.0720,8.6073,0.0000,-378.564,-4.061,-1.800,-186.838,0.1802,-0.1270,0.9238,
5.196,ENC,132.3331,0.0000,66.1666,9.4595,0.0000,-379.106,-4.061,-1.800,-186.838,0.1802,-0.1270,0.9238,
5.203,IMU,132.3331,0.0000,66.1666,9.4595,0.0000,-379.106,-4.193,-1.683,-187.122,0.2441,0.0298,1.0005,
5.212,ENC,132.5393,0.0000,66.2697,10.3118,0.0000,-379.697,-4.193,-1.683,-187.122,0.2441,0.0298,1.0005,
5.222,IMU,132.5393,0.0000,66.2697,10.3118,0.0000,-379.697,-4.418,-1.578,-187.426,0.2065,0.0342,0.9395,
5.232,ENC,132.7592,0.0000,66.3796,10.9935,0.0000,-380.327,-4.418,-1.578,-187.426,0.2065,0.0342,0.9395,
5.253,ENC,132.9774,0.0000,66.4887,10.9083,0.0000,-380.952,-4.418,-1.578,-187.426,0.2065,0.0342,0.9395,
5.263,IMU,132.9774,0.0000,66.4887,10.9083,0.0000,-380.952,-4.416,-1.509,-187.814,0.1465,0.0649,0.9468,
5.274,ENC,133.1938,0.0000,66.5969,10.8231,0.0000,-381.572,-4.416,-1.509,-187.814,0.1465,0.0649,0.9468,
5.293,ENC,133.4001,0.1960,66.7980,10.3118,9.8004,-381.602,-4.416,-1.509,-187.814,0.1465,0.0649,0.9468,
5.303,IMU,133.4001,0.1960,66.7980,10.3118,9.8004,-381.602,-4.251,-1.477,-188.456,-0.0391,-0.0845,1.0327,
5.313,ENC,133.5995,0.0000,66.7998,9.9709,-9.8004,-382.734,-4.251,-1.477,-188.456,-0.0391,-0.0845,1.0327,
5.323,IMU,133.5995,0.0000,66.7998,9.9709,-9.8004,-382.734,-4.180,-1.489,-188.778,0.0352,-0.0098,1.0020,
5.332,ENC,133.8160,0.0000,66.9080,10.8231,0.0000,-383.354,-4.180,-1.489,-188.778,0.0352,-0.0098,1.0020,
5.344,IMU,133.8160,0.0000,66.9080,10.8231,0.0000,-383.354,-4.112,-1.448,-189.101,0.0620,0.0273,0.9771,
5.353,ENC,134.0392,0.0000,67.0196,11.1640,0.0000,-383.994,-4.112,-1.448,-189.101,0.0620,0.0273,0.9771,
5.362,IMU,134.0392,0.0000,67.0196,11.1640,0.0000,-383.994,-4.142,-1.395,-189.407,0.1074,0.0811,0.9155,
5.372,ENC,134.2642,0.0000,67.1321,11.2492,0.0000,-384.639,-4.142,-1.395,-189.407,0.1074,0.0811,0.9155,
5.385,IMU,134.2642,0.0000,67.1321,11.2492,0.0000,-384.639,-4.182,-1.431,-189.740,0.0747,-0.0498,1.0752,
5.392,ENC,134.4841,0.0000,67.2420,10.9935,0.0000,-385.269,-4.182,-1.431,-189.740,0.0747,-0.0498,1.0752,
5.406,IMU,134.4841,0.0000,67.2420,10.9935,0.0000,-385.269,-4.210,-1.482,-190.057,0.1177,-0.0737,1.0317,
5.413,ENC,134.7125,0.0000,67.3562,11.4196,0.0000,-385.923,-4.210,-1.482,-190.057,0.1177,-0.0737,1.0317,
5.423,IMU,134.7125,0.0000,67.3562,11.4196,0.0000,-385.923,-4.204,-1.442,-190.311,0.0181,0.0308,1.0103,
5.432,ENC,134.9630,0.0000,67.4815,12.5275,0.0000,-386.641,-4.204,-1.442,-190.311,0.0181,0.0308,1.0103,
5.443,IMU,134.9630,0.0000,67.4815,12.5275,0.0000,-386.641,-4.127,-1.403,-190.639,0.0068,-0.0127,1.0640,
5.454,ENC,135.2068,0.0000,67.6034,12.1866,0.0000,-387.339,-4.127,-1.403,-190.639,0.0068,-0.0127,1.0640,
5.466,IMU,135.2068,0.0000,67.6034,12.1866,0.0000,-387.339,-4.204,-1.414,-190.887,0.1206,-0.0454,0.9429,
5.473,ENC,135.4454,0.0000,67.7227,11.9310,0.0000,-388.022,-4.204,-1.414,-190.887,0.1206,-0.0454,0.9429,
5.483,IMU,135.4454,0.0000,67.7227,11.9310,0.0000,-388.022,-4.425,-1.493,-191.179,0.2354,-0.0732,0.8657,
5.493,ENC,135.6857,0.0000,67.8429,12.0162,0.0000,-388.711,-4.425,-1.493,-191.179,0.2354,-0.0732,0.8657,
5.504,IMU,135.6857,0.0000,67.8429,12.0162,0.0000,-388.711,-4.449,-1.490,-191.489,0.1230,-0.0518,0.9531,
5.516,ENC,135.9312,0.0000,67.9656,12.2718,0.0000,-389.414,-4.449,-1.490,-191.489,0.1230,-0.0518,0.9531,
5.535,IMU,135.9312,0.0000,67.9656,12.2718,0.0000,-389.414,-4.400,-1.529,-191.786,0.0181,-0.0635,1.1338,
5.537,ENC,136.1595,0.0000,68.0798,11.4196,0.0000,-390.068,-4.400,-1.529,-191.786,0.0181,-0.0635,1.1338,
5.543,IMU,136.1595,0.0000,68.0798,11.4196,0.0000,-390.068,-4.391,-1.589,-192.123,0.0430,-0.0835,0.9448,
5.552,ENC,136.3777,0.0000,68.1889,10.9083,0.0000,-390.693,-4.391,-1.589,-192.123,0.0430,-0.0835,0.9448,
5.568,IMU,136.3777,0.0000,68.1889,10.9083,0.0000,-390.693,-4.326,-1.613,-192.406,0.0532,-0.0425,1.0044,
5.576,ENC,136.5856,0.0000,68.2928,10.3970,0.0000,-391.289,-4.326,-1.613,-192.406,0.0532,-0.0425,1.0044,
5.583,IMU,136.5856,0.0000,68.2928,10.3970,0.0000,-391.289,-4.168,-1.500,-192.634,-0.0405,0.0576,1.0508,
5.592,ENC,136.7544,0.0000,68.3772,8.4369,0.0000,-391.772,-4.168,-1.500,-192.634,-0.0405,0.0576,1.0508,
5.603,IMU,136.7544,0.0000,68.3772,8.4369,0.0000,-391.772,-4.101,-1.453,-192.799,-0.0117,-0.0127,1.0640,
5.613,ENC,136.9129,0.0000,68.4564,7.9256,0.0000,-392.227,-4.101,-1.453,-192.799,-0.0117,-0.0127,1.0640,
5.623,IMU,136.9129,0.0000,68.4564,7.9256,0.0000,-392.227,-4.085,-1.340,-192.946,0.0625,0.0503,1.0039,
5.632,ENC,137.0493,0.0000,68.5246,6.8177,0.0000,-392.617,-4.085,-1.340,-192.946,0.0625,0.0503,1.0039,
5.642,IMU,137.0493,0.0000,68.5246,6.8177,0.0000,-392.617,-4.027,-1.186,-192.986,0.0347,0.0820,1.0029,
5.652,ENC,137.1669,0.0000,68.5834,5.8803,0.0000,-392.954,-4.027,-1.186,-192.986,0.0347,0.0820,1.0029,
5.663,IMU,137.1669,0.0000,68.5834,5.8803,0.0000,-392.954,-4.034,-1.028,-193.112,0.0601,0.1167,0.9644,
5.676,ENC,137.2708,0.0000,68.6354,5.1985,0.0000,-393.252,-4.034,-1.028,-193.112,0.0601,0.1167,0.9644,
5.682,IMU,137.2708,0.0000,68.6354,5.1985,0.0000,-393.252,-4.039,-0.878,-193.294,0.0718,0.1060,0.9644,
5.693,ENC,137.3697,0.0000,68.6848,4.9428,0.0000,-393.535,-4.039,-0.878,-193.294,0.0718,0.1060,0.9644,
5.703,IMU,137.3697,0.0000,68.6848,4.9428,0.0000,-393.535,-4.132,-0.732,-193.525,0.1138,0.1128,1.0259,
5.712,ENC,137.4566,0.0000,68.7283,4.3463,0.0000,-393.784,-4.132,-0.732,-193.525,0.1138,0.1128,1.0259,
5.723,IMU,137.4566,0.0000,68.7283,4.3463,0.0000,-393.784,-4.121,-0.646,-193.719,0.0518,0.0889,1.0356,
5.733,ENC,137.5384,0.0000,68.7692,4.0906,0.0000,-394.019,-4.121,-0.646,-193.719,0.0518,0.0889,1.0356,
5.743,IMU,137.5384,0.0000,68.7692,4.0906,0.0000,-394.019,-4.151,-0.575,-193.929,0.0825,0.0654,0.9971,
5.754,ENC,137.6151,0.0000,68.8076,3.8350,0.0000,-394.238,-4.151,-0.575,-193.929,0.0825,0.0654,0.9971,
5.766,IMU,137.6151,0.0000,68.8076,3.8350,0.0000,-394.238,-4.117,-0.594,-194.183,0.0542,0.0093,1.0073,
5.773,ENC,137.6833,0.0000,68.8416,3.4088,0.0000,-394.434,-4.117,-0.594,-194.183,0.0542,0.0093,1.0073,
5.785,IMU,137.6833,0.0000,68.8416,3.4088,0.0000,-394.434,-4.080,-0.651,-194.361,0.0273,-0.0503,0.9932,
5.793,ENC,137.7447,0.0000,68.8723,3.0680,0.0000,-394.609,-4.080,-0.651,-194.361,0.0273,-0.0503,0.9932,
5.803,IMU,137.7447,0.0000,68.8723,3.0680,0.0000,-394.609,-4.042,-0.654,-194.521,0.0742,-0.0044,1.0366,
5.812,ENC,137.7975,0.0000,68.8987,2.6419,0.0000,-394.761,-4.042,-0.654,-194.521,0.0742,-0.0044,1.0366,
5.823,IMU,137.7975,0.0000,68.8987,2.6419,0.0000,-394.761,-4.025,-0.706,-194.716,0.0488,-0.0527,0.9883,
5.832,ENC,137.8520,0.0000,68.9260,2.7271,0.0000,-394.917,-4.025,-0.706,-194.716,0.0488,-0.0527,0.9883,
5.842,IMU,137.8520,0.0000,68.9260,2.7271,0.0000,-394.917,-3.999,-0.740,-194.820,0.0474,-0.0259,1.0156,
5.853,ENC,137.9049,0.0000,68.9524,2.6419,0.0000,-395.068,-3.999,-0.740,-194.820,0.0474,-0.0259,1.0156,
5.866,IMU,137.9049,0.0000,68.9524,2.6419,0.0000,-395.068,-4.039,-0.769,-194.942,0.0757,-0.0400,1.0039,
5.872,ENC,137.9577,0.0000,68.9789,2.6419,0.0000,-395.220,-4.039,-0.769,-194.942,0.0757,-0.0400,1.0039,
5.883,IMU,137.9577,0.0000,68.9789,2.6419,0.0000,-395.220,-4.005,-0.797,-195.022,0.0444,-0.0420,1.0010,
5.895,ENC,138.0088,0.0000,69.0044,2.5566,0.0000,-395.366,-4.005,-0.797,-195.022,0.0444,-0.0420,1.0010,
5.902,IMU,138.0088,0.0000,69.0044,2.5566,0.0000,-395.366,-4.004,-0.717,-195.116,0.0449,-0.0034,1.0342,
5.922,IMU,138.0088,0.0000,69.0044,2.5566,0.0000,-395.366,-3.976,-0.684,-195.196,0.0439,0.0210,0.9961,
5.932,ENC,138.0890,0.0000,69.0445,2.0027,0.0000,-395.596,-3.976,-0.684,-195.196,0.0439,0.0210,0.9961,
5.942,IMU,138.0890,0.0000,69.0445,2.0027,0.0000,-395.596,-3.917,-0.597,-195.260,0.0273,0.0093,0.9707,
5.952,ENC,138.1145,0.0000,69.0573,1.2783,0.0000,-395.669,-3.917,-0.597,-195.260,0.0273,0.0093,0.9707,
5.962,IMU,138.1145,0.0000,69.0573,1.2783,0.0000,-395.669,-3.911,-0.592,-195.329,0.0693,-0.0005,1.0273,
5.973,ENC,138.1384,0.0000,69.0692,1.1931,0.0000,-395.737,-3.911,-0.592,-195.329,0.0693,-0.0005,1.0273,
5.983,IMU,138.1384,0.0000,69.0692,1.1931,0.0000,-395.737,-3.795,-0.556,-195.408,-0.0215,-0.0059,1.0254,
5.993,ENC,138.1486,0.0000,69.0743,0.5113,0.0000,-395.767,-3.795,-0.556,-195.408,-0.0215,-0.0059,1.0254,
6.011,IMU,138.1486,0.0000,69.0743,0.5113,0.0000,-395.767,-3.822,-0.583,-195.398,0.0762,-0.0171,0.9414,
6.013,ENC,138.1605,0.0000,69.0803,0.5965,0.0000,-395.801,-3.822,-0.583,-195.398,0.0762,-0.0171,0.9414,
6.024,IMU,138.1605,0.0000,69.0803,0.5965,0.0000,-395.801,-3.830,-0.587,-195.457,0.0635,-0.0112,1.0444,
6.032,ENC,138.1656,0.0000,69.0828,0.2557,0.0000,-395.815,-3.830,-0.587,-195.457,0.0635,-0.0112,1.0444,
6.043,IMU,138.1656,0.0000,69.0828,0.2557,0.0000,-395.815,-3.770,-0.610,-195.488,0.0225,-0.0459,0.9995,
6.052,ENC,138.1656,0.0000,69.0828,0.0000,0.0000,-395.815,-3.770,-0.610,-195.488,0.0225,-0.0459,0.9995,
6.064,IMU,138.1656,0.0000,69.0828,0.0000,0.0000,-395.815,-3.788,-0.646,-195.495,0.0815,-0.0264,0.9429,
6.083,IMU,138.1656,0.0000,69.0828,0.0000,0.0000,-395.815,-3.811,-0.661,-195.541,0.0938,-0.0410,1.0127,
6.103,IMU,138.1656,0.0000,69.0828,0.0000,0.0000,-395.815,-3.873,-0.843,-195.664,0.1235,-0.1445,0.9736,
6.113,ENC,138.2406,0.0000,69.1203,1.2499,0.0000,-396.030,-3.873,-0.843,-195.664,0.1235,-0.1445,0.9736,
6.123,IMU,138.2406,0.0000,69.1203,1.2499,0.0000,-396.030,-3.850,-1.023,-195.725,0.0308,-0.0991,1.0332,
6.132,ENC,138.3037,0.0000,69.1519,3.1532,0.0000,-396.211,-3.850,-1.023,-195.725,0.0308,-0.0991,1.0332,
6.143,IMU,138.3037,0.0000,69.1519,3.1532,0.0000,-396.211,-3.803,-1.121,-195.821,0.0234,-0.0898,0.9429,
6.166,IMU,138.3037,0.0000,69.1519,3.1532,0.0000,-396.211,-3.892,-1.243,-195.999,0.1274,-0.1411,1.0391,
6.172,ENC,138.4810,0.0000,69.2405,4.4315,0.0000,-396.719,-3.892,-1.243,-195.999,0.1274,-0.1411,1.0391,
6.183,IMU,138.4810,0.0000,69.2405,4.4315,0.0000,-396.719,-3.879,-1.313,-196.164,0.1035,-0.0601,0.9307,
6.192,ENC,138.5935,0.0000,69.2967,5.6246,0.0000,-397.041,-3.879,-1.313,-196.164,0.1035,-0.0601,0.9307,
6.202,IMU,138.5935,0.0000,69.2967,5.6246,0.0000,-397.041,-3.839,-1.390,-196.349,0.0215,-0.0913,0.9556,
6.212,ENC,138.7145,0.0000,69.3572,6.0507,0.0000,-397.388,-3.839,-1.390,-196.349,0.0215,-0.0913,0.9556,
6.223,IMU,138.7145,0.0000,69.3572,6.0507,0.0000,-397.388,-3.897,-1.475,-196.561,0.0459,-0.1084,1.1011,
6.232,ENC,138.8593,0.0000,69.4297,7.2438,0.0000,-397.803,-3.897,-1.475,-196.561,0.0459,-0.1084,1.1011,
6.253,ENC,139.0127,0.0000,69.5064,7.6699,0.0000,-398.242,-3.897,-1.475,-196.561,0.0459,-0.1084,1.1011,
6.263,IMU,139.0127,0.0000,69.5064,7.6699,0.0000,-398.242,-3.770,-1.613,-196.941,0.0166,-0.1021,0.9844,
6.272,ENC,139.1559,0.0000,69.5780,7.1586,0.0000,-398.652,-3.770,-1.613,-196.941,0.0166,-0.1021,0.9844,
6.283,IMU,139.1559,0.0000,69.5780,7.1586,0.0000,-398.652,-3.793,-1.622,-196.970,0.0205,-0.0396,0.9995,
6.304,IMU,139.1559,0.0000,69.5780,7.1586,0.0000,-398.652,-3.753,-1.634,-196.948,0.0298,-0.0820,0.9697,
6.312,ENC,139.4014,0.0000,69.7007,6.1359,0.0000,-399.355,-3.753,-1.634,-196.948,0.0298,-0.0820,0.9697,
6.323,IMU,139.4014,0.0000,69.7007,6.1359,0.0000,-399.355,-3.647,-1.692,-196.920,-0.0137,-0.0820,1.0693,
6.333,ENC,139.5207,0.0000,69.7603,5.9655,0.0000,-399.697,-3.647,-1.692,-196.920,-0.0137,-0.0820,1.0693,
6.345,IMU,139.5207,0.0000,69.7603,5.9655,0.0000,-399.697,-3.587,-1.804,-196.918,0.0000,-0.1206,1.0054,
6.353,ENC,139.6315,0.0000,69.8157,5.5394,0.0000,-400.015,-3.587,-1.804,-196.918,0.0000,-0.1206,1.0054,
6.363,IMU,139.6315,0.0000,69.8157,5.5394,0.0000,-400.015,-3.542,-1.828,-196.883,0.0396,-0.0825,0.9404,
6.372,ENC,139.7508,0.0000,69.8754,5.9655,0.0000,-400.356,-3.542,-1.828,-196.883,0.0396,-0.0825,0.9404,
6.383,IMU,139.7508,0.0000,69.8754,5.9655,0.0000,-400.356,-3.587,-1.908,-196.866,0.1074,-0.0718,1.0225,
6.393,ENC,139.8735,0.0000,69.9367,6.1359,0.0000,-400.708,-3.587,-1.908,-196.866,0.1074,-0.0718,1.0225,
6.403,IMU,139.8735,0.0000,69.9367,6.1359,0.0000,-400.708,-3.563,-1.934,-196.897,0.0762,-0.0723,0.9971,
6.413,ENC,140.0030,0.0000,70.0015,6.4768,0.0000,-401.079,-3.563,-1.934,-196.897,0.0762,-0.0723,0.9971,
6.422,IMU,140.0030,0.0000,70.0015,6.4768,0.0000,-401.079,-3.645,-1.863,-196.842,0.1577,-0.0068,0.9414,
6.432,ENC,140.1206,0.0000,70.0603,5.8803,0.0000,-401.416,-3.645,-1.863,-196.842,0.1577,-0.0068,0.9414,
6.443,IMU,140.1206,0.0000,70.0603,5.8803,0.0000,-401.416,-3.681,-1.694,-196.744,0.0737,0.0479,1.0146,
6.452,ENC,140.2365,0.0000,70.1183,5.7950,0.0000,-401.748,-3.681,-1.694,-196.744,0.0737,0.0479,1.0146,
6.463,IMU,140.2365,0.0000,70.1183,5.7950,0.0000,-401.748,-3.653,-1.632,-196.587,0.0293,0.0039,0.9629,
6.473,ENC,140.3252,0.0000,70.1626,4.4315,0.0000,-402.002,-3.653,-1.632,-196.587,0.0293,0.0039,0.9629,
6.483,IMU,140.3252,0.0000,70.1626,4.4315,0.0000,-402.002,-3.649,-1.648,-196.425,0.0591,-0.0283,0.9819,
6.492,ENC,140.4155,0.0000,70.2077,4.5167,0.0000,-402.261,-3.649,-1.648,-196.425,0.0591,-0.0283,0.9819,
6.503,IMU,140.4155,0.0000,70.2077,4.5167,0.0000,-402.261,-3.671,-1.633,-196.250,0.0522,-0.0522,1.0581,
6.513,ENC,140.5024,0.0000,70.2512,4.3463,0.0000,-402.510,-3.671,-1.633,-196.250,0.0522,-0.0522,1.0581,
6.526,IMU,140.5024,0.0000,70.2512,4.3463,0.0000,-402.510,-3.716,-1.591,-196.129,0.0791,-0.0498,1.0234,
6.536,ENC,140.6081,0.0000,70.3040,5.2837,0.0000,-402.812,-3.716,-1.591,-196.129,0.0791,-0.0498,1.0234,
6.544,IMU,140.6081,0.0000,70.3040,5.2837,0.0000,-402.812,-3.653,-1.575,-196.055,0.0024,-0.0010,0.9976,
6.562,IMU,140.6081,0.0000,70.3040,5.2837,0.0000,-402.812,-3.707,-1.544,-196.039,0.0898,0.0024,0.9507,
6.574,ENC,140.8552,0.0000,70.4276,6.1785,0.0000,-403.521,-3.707,-1.544,-196.039,0.0898,0.0024,0.9507,
6.584,IMU,140.8552,0.0000,70.4276,6.1785,0.0000,-403.521,-3.724,-1.532,-196.056,0.0498,-0.0254,1.0181,
6.592,ENC,140.9967,0.0000,70.4983,7.0734,0.0000,-403.926,-3.724,-1.532,-196.056,0.0498,-0.0254,1.0181,
6.603,IMU,140.9967,0.0000,70.4983,7.0734,0.0000,-403.926,-3.752,-1.533,-196.025,0.0811,0.0078,1.0454,
6.613,ENC,141.1279,0.0000,70.5640,6.5620,0.0000,-404.302,-3.752,-1.533,-196.025,0.0811,0.0078,1.0454,
6.622,IMU,141.1279,0.0000,70.5640,6.5620,0.0000,-404.302,-3.705,-1.570,-195.985,0.0713,-0.0874,1.0308,
6.643,IMU,141.1279,0.0000,70.5640,6.5620,0.0000,-404.302,-3.741,-1.483,-195.845,0.1167,-0.0107,0.9478,
6.652,ENC,141.3700,0.0000,70.6850,6.0507,0.0000,-404.995,-3.741,-1.483,-195.845,0.1167,-0.0107,0.9478,
6.663,IMU,141.3700,0.0000,70.6850,6.0507,0.0000,-404.995,-3.795,-1.347,-195.761,0.0991,0.0654,0.9902,
6.675,ENC,141.4876,0.0000,70.7438,5.8803,0.0000,-405.332,-3.795,-1.347,-195.761,0.0991,0.0654,0.9902,
6.683,IMU,141.4876,0.0000,70.7438,5.8803,0.0000,-405.332,-3.853,-1.381,-195.683,0.0674,-0.0576,1.0469,
6.692,ENC,141.6120,0.0000,70.8060,6.2211,0.0000,-405.688,-3.853,-1.381,-195.683,0.0674,-0.0576,1.0469,
6.703,IMU,141.6120,0.0000,70.8060,6.2211,0.0000,-405.688,-3.934,-1.329,-195.675,0.1333,-0.0093,1.0405,
6.712,ENC,141.7432,0.0000,70.8716,6.5620,0.0000,-406.064,-3.934,-1.329,-195.675,0.1333,-0.0093,1.0405,
6.723,IMU,141.7432,0.0000,70.8716,6.5620,0.0000,-406.064,-3.974,-1.196,-195.631,0.1230,0.0747,1.0874,
6.735,ENC,141.8830,0.0000,70.9415,6.9881,0.0000,-406.465,-3.974,-1.196,-195.631,0.1230,0.0747,1.0874,
6.742,IMU,141.8830,0.0000,70.9415,6.9881,0.0000,-406.465,-3.935,-1.181,-195.621,0.0508,-0.0303,1.0396,
6.752,ENC,142.0279,0.0000,71.0139,7.2438,0.0000,-406.880,-3.935,-1.181,-195.621,0.0508,-0.0303,1.0396,
6.774,ENC,142.1676,0.0000,71.0838,6.9881,0.0000,-407.280,-3.935,-1.181,-195.621,0.0508,-0.0303,1.0396,
6.782,IMU,142.1676,0.0000,71.0838,6.9881,0.0000,-407.280,-3.829,-1.069,-195.573,0.0449,0.1045,1.0396,
6.792,ENC,142.3108,0.0000,71.1554,7.1586,0.0000,-407.690,-3.829,-1.069,-195.573,0.0449,0.1045,1.0396,
6.804,IMU,142.3108,0.0000,71.1554,7.1586,0.0000,-407.690,-3.788,-1.067,-195.525,-0.0352,-0.0020,1.0400,
6.812,ENC,142.4574,0.0000,71.2287,7.3290,0.0000,-408.110,-3.788,-1.067,-195.525,-0.0352,-0.0020,1.0400,
6.824,IMU,142.4574,0.0000,71.2287,7.3290,0.0000,-408.110,-3.814,-1.231,-195.495,0.0483,-0.1426,1.0249,
6.833,ENC,142.6159,0.0000,71.3079,7.9256,0.0000,-408.564,-3.814,-1.231,-195.495,0.0483,-0.1426,1.0249,
6.843,IMU,142.6159,0.0000,71.3079,7.9256,0.0000,-408.564,-3.883,-1.282,-195.438,0.1055,-0.0537,1.1284,
6.852,ENC,142.7693,0.0000,71.3846,7.6699,0.0000,-409.004,-3.883,-1.282,-195.438,0.1055,-0.0537,1.1284,
6.863,IMU,142.7693,0.0000,71.3846,7.6699,0.0000,-409.004,-3.884,-1.283,-195.362,0.0884,-0.0361,1.0161,
6.872,ENC,142.9227,0.0000,71.4613,7.6699,0.0000,-409.443,-3.884,-1.283,-195.362,0.0884,-0.0361,1.0161,
6.883,IMU,142.9227,0.0000,71.4613,7.6699,0.0000,-409.443,-3.895,-1.220,-195.330,0.0132,0.0132,1.0405,
6.913,ENC,143.2312,0.0000,71.6156,7.7125,0.0000,-410.327,-3.895,-1.220,-195.330,0.0132,0.0132,1.0405,
6.924,IMU,143.2312,0.0000,71.6156,7.7125,0.0000,-410.327,-3.821,-0.980,-195.228,0.0938,0.1133,1.0254,
6.933,ENC,143.3778,0.0000,71.6889,7.3290,0.0000,-410.747,-3.821,-0.980,-195.228,0.0938,0.1133,1.0254,
6.943,IMU,143.3778,0.0000,71.6889,7.3290,0.0000,-410.747,-3.783,-0.995,-195.125,0.0107,-0.0244,1.0054,
6.952,ENC,143.5227,0.0000,71.7613,7.2438,0.0000,-411.162,-3.783,-0.995,-195.125,0.0107,-0.0244,1.0054,
6.963,IMU,143.5227,0.0000,71.7613,7.2438,0.0000,-411.162,-3.705,-0.935,-195.099,0.0190,0.0830,1.1865,
6.973,ENC,143.6726,0.0000,71.8363,7.4995,0.0000,-411.592,-3.705,-0.935,-195.099,0.0190,0.0830,1.1865,
6.984,IMU,143.6726,0.0000,71.8363,7.4995,0.0000,-411.592,-3.733,-0.940,-195.023,0.0889,-0.0596,1.0151,
6.992,ENC,143.8192,0.0000,71.9096,7.3290,0.0000,-412.012,-3.733,-0.940,-195.023,0.0889,-0.0596,1.0151,
7.003,IMU,143.8192,0.0000,71.9096,7.3290,0.0000,-412.012,-3.693,-0.974,-195.005,-0.0259,-0.0205,0.9541,
7.013,ENC,143.9709,0.0000,71.9855,7.5847,0.0000,-412.446,-3.693,-0.974,-195.005,-0.0259,-0.0205,0.9541,
7.024,IMU,143.9709,0.0000,71.9855,7.5847,0.0000,-412.446,-3.647,-1.106,-194.864,0.0190,-0.1094,0.9932,
7.033,ENC,144.1107,0.0000,72.0553,6.9881,0.0000,-412.847,-3.647,-1.106,-194.864,0.0190,-0.1094,0.9932,
7.043,IMU,144.1107,0.0000,72.0553,6.9881,0.0000,-412.847,-3.746,-1.090,-194.725,0.1304,-0.0415,0.9097,
7.053,ENC,144.2385,0.0000,72.1193,6.3916,0.0000,-413.213,-3.746,-1.090,-194.725,0.1304,-0.0415,0.9097,
7.063,IMU,144.2385,0.0000,72.1193,6.3916,0.0000,-413.213,-3.621,-1.092,-194.497,-0.0972,-0.0503,1.0957,
7.072,ENC,144.3374,0.0000,72.1687,4.9428,0.0000,-413.496,-3.621,-1.092,-194.497,-0.0972,-0.0503,1.0957,
7.088,IMU,144.3374,0.0000,72.1687,4.9428,0.0000,-413.496,-3.446,-1.167,-194.183,-0.0942,-0.1182,1.0962,
7.092,ENC,144.4090,0.0000,72.2045,3.5793,0.0000,-413.701,-3.446,-1.167,-194.183,-0.0942,-0.1182,1.0962,
7.103,IMU,144.4090,0.0000,72.2045,3.5793,0.0000,-413.701,-3.361,-1.072,-193.883,-0.0796,0.0864,1.2266,
7.113,ENC,144.4839,0.0000,72.2420,3.7497,0.0000,-413.916,-3.361,-1.072,-193.883,-0.0796,0.0864,1.2266,
7.123,IMU,144.4839,0.0000,72.2420,3.7497,0.0000,-413.916,-3.384,-1.120,-193.679,0.0571,-0.1211,0.9736,
7.132,ENC,144.5521,-0.2182,72.1670,3.4088,-10.9083,-414.736,-3.384,-1.120,-193.679,0.0571,-0.1211,0.9736,
7.143,IMU,144.5521,-0.2182,72.1670,3.4088,-10.9083,-414.736,-3.566,-0.930,-193.390,0.1953,0.1001,0.9297,
7.152,ENC,144.6254,0.0000,72.3127,3.6645,10.9083,-414.321,-3.566,-0.930,-193.390,0.1953,0.1001,0.9297,
7.162,IMU,144.6254,0.0000,72.3127,3.6645,10.9083,-414.321,-3.727,-0.870,-193.088,0.1797,0.0381,1.0259,
7.172,ENC,144.6919,0.0000,72.3459,3.3236,0.0000,-414.512,-3.727,-0.870,-193.088,0.1797,0.0381,1.0259,
7.182,IMU,144.6919,0.0000,72.3459,3.3236,0.0000,-414.512,-3.567,-0.745,-192.896,0.0039,0.0977,1.0498,
7.194,ENC,144.7601,0.0000,72.3800,3.4088,0.0000,-414.707,-3.567,-0.745,-192.896,0.0039,0.0977,1.0498,
7.203,IMU,144.7601,0.0000,72.3800,3.4088,0.0000,-414.707,-3.536,-0.819,-192.636,-0.0908,-0.0879,1.2085,
7.212,ENC,144.8197,0.0000,72.4099,2.9827,0.0000,-414.878,-3.536,-0.819,-192.636,-0.0908,-0.0879,1.2085,
7.222,IMU,144.8197,0.0000,72.4099,2.9827,0.0000,-414.878,-3.450,-0.925,-192.360,-0.0098,-0.1367,1.1274,
7.233,ENC,144.8674,0.0000,72.4337,2.3862,0.0000,-415.015,-3.450,-0.925,-192.360,-0.0098,-0.1367,1.1274,
7.243,IMU,144.8674,0.0000,72.4337,2.3862,0.0000,-415.015,-3.510,-0.889,-192.047,0.0669,-0.0469,0.9414,
7.256,ENC,144.9083,0.0000,72.4542,2.0453,0.0000,-415.132,-3.510,-0.889,-192.047,0.0669,-0.0469,0.9414,
7.263,IMU,144.9083,0.0000,72.4542,2.0453,0.0000,-415.132,-3.408,-0.868,-191.771,-0.0537,-0.0200,1.1953,
7.272,ENC,144.9510,0.0000,72.4755,2.1305,0.0000,-415.254,-3.408,-0.868,-191.771,-0.0537,-0.0200,1.1953,
7.283,IMU,144.9510,0.0000,72.4755,2.1305,0.0000,-415.254,-3.408,-0.788,-191.426,0.0508,0.0659,0.9351,
7.293,ENC,144.9868,0.0000,72.4934,1.7896,0.0000,-415.356,-3.408,-0.788,-191.426,0.0508,0.0659,0.9351,
7.302,IMU,144.9868,0.0000,72.4934,1.7896,0.0000,-415.356,-3.364,-0.833,-191.132,0.0586,-0.1021,1.0151,
7.312,ENC,145.0208,0.0000,72.5104,1.7044,0.0000,-415.454,-3.364,-0.833,-191.132,0.0586,-0.1021,1.0151,
7.323,IMU,145.0208,0.0000,72.5104,1.7044,0.0000,-415.454,-3.327,-0.830,-190.789,-0.0225,-0.0479,1.1528,
7.343,IMU,145.0208,0.0000,72.5104,1.7044,0.0000,-415.454,-3.307,-0.616,-190.442,0.0845,0.1299,0.9624,
7.352,ENC,145.0924,0.0000,72.5462,1.7896,0.0000,-415.659,-3.307,-0.616,-190.442,0.0845,0.1299,0.9624,
7.364,IMU,145.0924,0.0000,72.5462,1.7896,0.0000,-415.659,-3.381,-0.578,-190.094,0.0557,0.0537,1.2041,
7.372,ENC,145.1299,0.0000,72.5650,1.8749,0.0000,-415.767,-3.381,-0.578,-190.094,0.0557,0.0537,1.2041,
7.383,IMU,145.1299,0.0000,72.5650,1.8749,0.0000,-415.767,-3.237,-0.520,-189.753,-0.0981,0.0225,1.2188,
7.393,ENC,145.1691,0.0000,72.5846,1.9601,0.0000,-415.879,-3.237,-0.520,-189.753,-0.0981,0.0225,1.2188,
7.422,IMU,145.1691,0.0000,72.5846,1.9601,0.0000,-415.879,-3.196,-0.577,-189.141,0.0879,-0.1123,0.9590,
7.432,ENC,145.2595,0.0000,72.6297,2.2584,0.0000,-416.138,-3.196,-0.577,-189.141,0.0879,-0.1123,0.9590,
7.445,IMU,145.2595,0.0000,72.6297,2.2584,0.0000,-416.138,-3.201,-0.749,-188.845,0.0234,-0.1807,1.1260,
7.463,IMU,145.2595,0.0000,72.6297,2.2584,0.0000,-416.138,-3.206,-0.766,-188.569,0.0894,-0.0303,1.0654,
7.472,ENC,145.3379,0.0000,72.6689,1.9601,0.0000,-416.362,-3.206,-0.766,-188.569,0.0894,-0.0303,1.0654,
7.482,IMU,145.3379,0.0000,72.6689,1.9601,0.0000,-416.362,-3.216,-0.744,-188.238,0.1006,-0.0342,1.0947,
7.494,ENC,145.3805,0.0000,72.6902,2.1305,0.0000,-416.484,-3.216,-0.744,-188.238,0.1006,-0.0342,1.0947,
7.503,IMU,145.3805,0.0000,72.6902,2.1305,0.0000,-416.484,-3.257,-0.831,-187.990,0.1362,-0.0752,0.9028,
7.514,ENC,145.4214,0.0000,72.7107,2.0453,0.0000,-416.602,-3.257,-0.831,-187.990,0.1362,-0.0752,0.9028,
7.523,IMU,145.4214,0.0000,72.7107,2.0453,0.0000,-416.602,-3.227,-0.902,-187.673,0.0068,-0.0488,1.0562,
7.534,ENC,145.4606,0.1960,72.8283,1.9601,9.8004,-416.152,-3.227,-0.902,-187.673,0.0068,-0.0488,1.0562,
7.544,IMU,145.4606,0.1960,72.8283,1.9601,9.8004,-416.152,-3.322,-0.949,-187.377,0.1343,-0.0557,0.9102,
7.564,IMU,145.4606,0.1960,72.8283,1.9601,9.8004,-416.152,-3.499,-0.935,-187.028,0.1367,-0.0215,0.9233,
7.573,ENC,145.5390,0.0000,72.7695,1.9601,-4.9002,-416.938,-3.499,-0.935,-187.028,0.1367,-0.0215,0.9233,
7.593,ENC,145.5799,0.0000,72.7899,2.0453,0.0000,-417.056,-3.499,-0.935,-187.028,0.1367,-0.0215,0.9233,
7.603,IMU,145.5799,0.0000,72.7899,2.0453,0.0000,-417.056,-3.551,-1.061,-186.311,0.1206,-0.1367,0.9678,
7.615,ENC,145.6208,0.0000,72.8104,2.0453,0.0000,-417.173,-3.551,-1.061,-186.311,0.1206,-0.1367,0.9678,
7.623,IMU,145.6208,0.0000,72.8104,2.0453,0.0000,-417.173,-3.458,-1.036,-186.038,-0.0054,0.0063,1.1289,
7.632,ENC,145.6600,0.0000,72.8300,1.9601,0.0000,-417.285,-3.458,-1.036,-186.038,-0.0054,0.0063,1.1289,
7.643,IMU,145.6600,0.0000,72.8300,1.9601,0.0000,-417.285,-3.522,-1.120,-185.698,0.1152,-0.0742,1.0229,
7.657,ENC,145.7043,0.0000,72.8522,2.2158,0.0000,-417.412,-3.522,-1.120,-185.698,0.1152,-0.0742,1.0229,
7.663,IMU,145.7043,0.0000,72.8522,2.2158,0.0000,-417.412,-3.563,-1.160,-185.441,0.0791,-0.1133,0.9561,
7.673,ENC,145.7503,0.0000,72.8752,2.3010,0.0000,-417.544,-3.563,-1.160,-185.441,0.0791,-0.1133,0.9561,
7.682,IMU,145.7503,0.0000,72.8752,2.3010,0.0000,-417.544,-3.655,-0.961,-185.163,0.1445,0.1240,0.9922,
7.692,ENC,145.7964,0.0000,72.8982,2.3010,0.0000,-417.676,-3.655,-0.961,-185.163,0.1445,0.1240,0.9922,
7.703,IMU,145.7964,0.0000,72.8982,2.3010,0.0000,-417.676,-3.603,-1.010,-184.840,0.0269,-0.0493,1.0098,
7.716,ENC,145.8373,0.0000,72.9186,2.0453,0.0000,-417.793,-3.603,-1.010,-184.840,0.0269,-0.0493,1.0098,
7.726,IMU,145.8373,0.0000,72.9186,2.0453,0.0000,-417.793,-3.631,-1.055,-184.439,0.1235,-0.0693,0.9209,
7.732,ENC,145.8713,0.0000,72.9357,1.7044,0.0000,-417.891,-3.631,-1.055,-184.439,0.1235,-0.0693,0.9209,
7.742,IMU,145.8713,0.0000,72.9357,1.7044,0.0000,-417.891,-3.560,-1.093,-184.123,0.0405,-0.0679,0.9863,
7.753,ENC,145.9071,0.0000,72.9536,1.7896,0.0000,-417.993,-3.560,-1.093,-184.123,0.0405,-0.0679,0.9863,
7.764,IMU,145.9071,0.0000,72.9536,1.7896,0.0000,-417.993,-3.700,-1.066,-183.812,0.1797,0.0137,0.8838,
7.773,ENC,145.9463,0.0000,72.9732,1.9601,0.0000,-418.105,-3.700,-1.066,-183.812,0.1797,0.0137,0.8838,
7.782,IMU,145.9463,0.0000,72.9732,1.9601,0.0000,-418.105,-3.586,-0.987,-183.506,0.0010,0.0259,0.9790,
7.792,ENC,145.9855,0.0000,72.9928,1.9601,0.0000,-418.218,-3.586,-0.987,-183.506,0.0010,0.0259,0.9790,
7.807,IMU,145.9855,0.0000,72.9928,1.9601,0.0000,-418.218,-3.695,-0.736,-183.136,0.1558,0.1665,0.9395,
7.813,ENC,146.0264,0.0000,73.0132,2.0453,0.0000,-418.335,-3.695,-0.736,-183.136,0.1558,0.1665,0.9395,
7.823,IMU,146.0264,0.0000,73.0132,2.0453,0.0000,-418.335,-3.656,-0.648,-182.812,0.0332,0.0298,0.9932,
7.832,ENC,146.0639,0.0000,73.0320,1.8749,0.0000,-418.442,-3.656,-0.648,-182.812,0.0332,0.0298,0.9932,
7.843,IMU,146.0639,0.0000,73.0320,1.8749,0.0000,-418.442,-3.662,-0.628,-182.492,0.0283,-0.0132,0.9785,
7.852,ENC,146.1049,0.0000,73.0524,2.0453,0.0000,-418.560,-3.662,-0.628,-182.492,0.0283,-0.0132,0.9785,
7.872,ENC,146.1458,0.0000,73.0729,2.0453,0.0000,-418.677,-3.662,-0.628,-182.492,0.0283,-0.0132,0.9785,
7.882,IMU,146.1458,0.0000,73.0729,2.0453,0.0000,-418.677,-3.504,-0.672,-181.842,-0.0229,-0.1299,1.0771,
7.893,ENC,146.1816,0.0000,73.0908,1.7896,0.0000,-418.779,-3.504,-0.672,-181.842,-0.0229,-0.1299,1.0771,
7.906,IMU,146.1816,0.0000,73.0908,1.7896,0.0000,-418.779,-3.698,-0.538,-181.481,0.1812,0.0640,0.9424,
7.913,ENC,146.2156,0.0000,73.1078,1.7044,0.0000,-418.877,-3.698,-0.538,-181.481,0.1812,0.0640,0.9424,
7.923,IMU,146.2156,0.0000,73.1078,1.7044,0.0000,-418.877,-3.691,-0.341,-181.128,0.1152,0.1528,0.9702,
7.934,ENC,146.2548,0.0000,73.1274,1.9601,0.0000,-418.989,-3.691,-0.341,-181.128,0.1152,0.1528,0.9702,
7.946,IMU,146.2548,0.0000,73.1274,1.9601,0.0000,-418.989,-3.609,-0.371,-180.830,-0.0068,-0.0537,1.1211,
7.953,ENC,146.2957,0.0000,73.1479,2.0453,0.0000,-419.106,-3.609,-0.371,-180.830,-0.0068,-0.0537,1.1211,
7.963,IMU,146.2957,0.0000,73.1479,2.0453,0.0000,-419.106,-3.638,-0.251,-180.540,0.0977,0.1396,1.1431,
7.974,ENC,146.3332,0.0000,73.1666,1.8749,0.0000,-419.214,-3.638,-0.251,-180.540,0.0977,0.1396,1.1431,
7.982,IMU,146.3332,0.0000,73.1666,1.8749,0.0000,-419.214,-3.590,-0.096,-180.211,0.0342,0.1157,1.0459,
7.993,ENC,146.3724,0.0000,73.1862,1.9601,0.0000,-419.326,-3.590,-0.096,-180.211,0.0342,0.1157,1.0459,
8.002,IMU,146.3724,0.0000,73.1862,1.9601,0.0000,-419.326,-3.564,-0.163,-179.919,0.0200,-0.0889,1.0347,
8.012,ENC,146.4116,0.0000,73.2058,1.9601,0.0000,-419.438,-3.564,-0.163,-179.919,0.0200,-0.0889,1.0347,
8.026,IMU,146.4116,0.0000,73.2058,1.9601,0.0000,-419.438,-3.704,-0.207,-179.591,0.1592,-0.0205,0.8042,
8.032,ENC,146.4491,0.0000,73.2246,1.8749,0.0000,-419.546,-3.704,-0.207,-179.591,0.1592,-0.0205,0.8042,
8.043,IMU,146.4491,0.0000,73.2246,1.8749,0.0000,-419.546,-3.779,-0.232,-179.328,0.1182,-0.0396,1.0791,
8.052,ENC,146.4866,0.0000,73.2433,1.8749,0.0000,-419.653,-3.779,-0.232,-179.328,0.1182,-0.0396,1.0791,
8.065,IMU,146.4866,0.0000,73.2433,1.8749,0.0000,-419.653,-3.874,-0.268,-178.942,0.1445,-0.0415,1.0083,
8.076,ENC,146.5258,0.0000,73.2629,1.9601,0.0000,-419.766,-3.874,-0.268,-178.942,0.1445,-0.0415,1.0083,
8.083,IMU,146.5258,0.0000,73.2629,1.9601,0.0000,-419.766,-3.830,-0.222,-178.619,-0.0210,0.0264,1.0063,
8.097,ENC,146.5599,0.0000,73.2800,1.7044,0.0000,-419.863,-3.830,-0.222,-178.619,-0.0210,0.0264,1.0063,
8.103,IMU,146.5599,0.0000,73.2800,1.7044,0.0000,-419.863,-3.856,-0.249,-178.288,0.1260,-0.0366,0.9644,
8.112,ENC,146.5940,0.0000,73.2970,1.7044,0.0000,-419.961,-3.856,-0.249,-178.288,0.1260,-0.0366,0.9644,
8.129,IMU,146.5940,0.0000,73.2970,1.7044,0.0000,-419.961,-3.891,-0.111,-177.960,0.1201,0.0879,1.0283,
8.133,ENC,146.6486,0.0000,73.3243,2.7271,0.0000,-420.117,-3.891,-0.111,-177.960,0.1201,0.0879,1.0283,
8.142,IMU,146.6486,0.0000,73.3243,2.7271,0.0000,-420.117,-3.966,-0.039,-177.741,0.1494,0.0381,0.9219,
8.152,ENC,146.7270,0.0000,73.3635,3.9202,0.0000,-420.342,-3.966,-0.039,-177.741,0.1494,0.0381,0.9219,
8.163,IMU,146.7270,0.0000,73.3635,3.9202,0.0000,-420.342,-4.140,-0.122,-177.615,0.2134,-0.0493,0.9502,
8.173,ENC,146.8224,0.0000,73.4112,4.7724,0.0000,-420.615,-4.140,-0.122,-177.615,0.2134,-0.0493,0.9502,
8.183,IMU,146.8224,0.0000,73.4112,4.7724,0.0000,-420.615,-4.189,-0.213,-177.537,0.1162,-0.0518,0.9741,
8.203,IMU,146.8224,0.0000,73.4112,4.7724,0.0000,-420.615,-4.182,-0.419,-177.444,0.0210,-0.1528,1.0889,
8.225,IMU,146.8224,0.0000,73.4112,4.7724,0.0000,-420.615,-4.221,-0.519,-177.430,0.1470,-0.1196,1.0063,
8.233,ENC,147.1906,0.0000,73.5953,6.1359,0.0000,-421.670,-4.221,-0.519,-177.430,0.1470,-0.1196,1.0063,
8.242,IMU,147.1906,0.0000,73.5953,6.1359,0.0000,-421.670,-4.113,-0.499,-177.424,0.0508,0.0254,1.0093,
8.256,ENC,147.3167,0.0000,73.6583,6.3064,0.0000,-422.031,-4.113,-0.499,-177.424,0.0508,0.0254,1.0093,
8.263,IMU,147.3167,0.0000,73.6583,6.3064,0.0000,-422.031,-4.112,-0.299,-177.451,0.0898,0.1836,0.9077,
8.274,ENC,147.4650,0.0000,73.7325,7.4142,0.0000,-422.456,-4.112,-0.299,-177.451,0.0898,0.1836,0.9077,
8.283,IMU,147.4650,0.0000,73.7325,7.4142,0.0000,-422.456,-4.061,-0.477,-177.413,0.0078,-0.1895,1.0503,
8.292,ENC,147.6218,0.0000,73.8109,7.8403,0.0000,-422.905,-4.061,-0.477,-177.413,0.0078,-0.1895,1.0503,
8.302,IMU,147.6218,0.0000,73.8109,7.8403,0.0000,-422.905,-4.090,-0.531,-177.374,0.0791,-0.0342,0.9346,
8.313,ENC,147.7701,0.0000,73.8850,7.4142,0.0000,-423.330,-4.090,-0.531,-177.374,0.0791,-0.0342,0.9346,
8.324,IMU,147.7701,0.0000,73.8850,7.4142,0.0000,-423.330,-4.117,-0.558,-177.354,0.0879,-0.0552,1.0293,
8.333,ENC,147.9354,0.0000,73.9677,8.2665,0.0000,-423.804,-4.117,-0.558,-177.354,0.0879,-0.0552,1.0293,
8.344,IMU,147.9354,0.0000,73.9677,8.2665,0.0000,-423.804,-4.146,-0.570,-177.394,0.0879,0.0146,1.0352,
8.403,IMU,147.9354,0.0000,73.9677,8.2665,0.0000,-423.804,-4.275,-0.624,-177.674,0.0859,0.0078,1.0161,
8.412,ENC,148.6325,0.0000,74.3163,8.7139,0.0000,-425.801,-4.275,-0.624,-177.674,0.0859,0.0078,1.0161,
8.422,IMU,148.6325,0.0000,74.3163,8.7139,0.0000,-425.801,-4.300,-0.581,-177.747,0.0693,0.0122,0.9629,
8.433,ENC,148.7944,0.0000,74.3972,8.0960,0.0000,-426.265,-4.300,-0.581,-177.747,0.0693,0.0122,0.9629,
8.448,IMU,148.7944,0.0000,74.3972,8.0960,0.0000,-426.265,-4.266,-0.557,-177.723,0.0425,-0.0112,1.0479,
8.455,ENC,148.9581,0.0000,74.4790,8.1812,0.0000,-426.733,-4.266,-0.557,-177.723,0.0425,-0.0112,1.0479,
8.462,IMU,148.9581,0.0000,74.4790,8.1812,0.0000,-426.733,-4.446,-0.520,-177.751,0.1782,-0.0088,1.0449,
8.472,ENC,149.0961,0.0000,74.5481,6.9029,0.0000,-427.129,-4.446,-0.520,-177.751,0.1782,-0.0088,1.0449,
8.483,IMU,149.0961,0.0000,74.5481,6.9029,0.0000,-427.129,-4.352,-0.637,-177.737,-0.0068,-0.0825,0.9761,
8.493,ENC,149.2631,0.0000,74.6316,8.3517,0.0000,-427.607,-4.352,-0.637,-177.737,-0.0068,-0.0825,0.9761,
8.503,IMU,149.2631,0.0000,74.6316,8.3517,0.0000,-427.607,-4.349,-0.722,-177.746,0.0303,-0.0635,1.0635,
8.512,ENC,149.4336,0.0000,74.7168,8.5221,0.0000,-428.096,-4.349,-0.722,-177.746,0.0303,-0.0635,1.0635,
8.522,IMU,149.4336,0.0000,74.7168,8.5221,0.0000,-428.096,-4.346,-0.779,-177.807,0.0791,-0.0640,0.9492,
8.533,ENC,149.6143,0.0000,74.8071,9.0334,0.0000,-428.613,-4.346,-0.779,-177.807,0.0791,-0.0640,0.9492,
8.543,IMU,149.6143,0.0000,74.8071,9.0334,0.0000,-428.613,-4.384,-0.786,-177.872,0.0991,-0.0410,0.9224,
8.554,ENC,149.8086,0.0000,74.9043,9.7152,0.0000,-429.170,-4.384,-0.786,-177.872,0.0991,-0.0410,0.9224,
8.563,IMU,149.8086,0.0000,74.9043,9.7152,0.0000,-429.170,-4.435,-0.760,-177.954,0.1240,-0.0210,0.9355,
8.572,ENC,150.0012,0.0000,75.0006,9.6300,0.0000,-429.722,-4.435,-0.760,-177.954,0.1240,-0.0210,0.9355,
8.583,IMU,150.0012,0.0000,75.0006,9.6300,0.0000,-429.722,-4.469,-0.611,-178.109,0.1353,0.0625,1.0464,
8.592,ENC,150.1938,0.0000,75.0969,9.6300,0.0000,-430.273,-4.469,-0.611,-178.109,0.1353,0.0625,1.0464,
8.603,IMU,150.1938,0.0000,75.0969,9.6300,0.0000,-430.273,-4.428,-0.588,-178.309,0.0562,0.0649,1.0562,
8.612,ENC,150.3898,0.0000,75.1949,9.8004,0.0000,-430.835,-4.428,-0.588,-178.309,0.0562,0.0649,1.0562,
8.632,ENC,150.5756,0.0000,75.2878,9.2891,0.0000,-431.367,-4.428,-0.588,-178.309,0.0562,0.0649,1.0562,
8.643,IMU,150.5756,0.0000,75.2878,9.2891,0.0000,-431.367,-4.386,-0.740,-178.482,-0.0615,-0.0830,1.1167,
8.652,ENC,150.7596,0.0000,75.3798,9.2039,0.0000,-431.895,-4.386,-0.740,-178.482,-0.0615,-0.0830,1.1167,
8.666,IMU,150.7596,0.0000,75.3798,9.2039,0.0000,-431.895,-4.525,-0.731,-178.543,0.2109,-0.0361,0.8916,
8.672,ENC,150.9369,0.1960,75.5665,8.8630,9.8004,-431.841,-4.525,-0.731,-178.543,0.2109,-0.0361,0.8916,
8.684,IMU,150.9369,0.1960,75.5665,8.8630,9.8004,-431.841,-4.660,-0.765,-178.615,0.1992,-0.0571,0.9790,
8.693,ENC,151.1295,0.0000,75.5647,9.6300,-9.8004,-432.954,-4.660,-0.765,-178.615,0.1992,-0.0571,0.9790,
8.703,IMU,151.1295,0.0000,75.5647,9.6300,-9.8004,-432.954,-4.667,-0.717,-178.785,0.0742,0.0112,1.1089,
8.712,ENC,151.3477,0.0000,75.6738,10.9083,0.0000,-433.579,-4.667,-0.717,-178.785,0.0742,0.0112,1.1089,
8.725,IMU,151.3477,0.0000,75.6738,10.9083,0.0000,-433.579,-4.619,-0.668,-179.015,0.0342,0.0298,1.1060,
8.732,ENC,151.5829,0.0000,75.7914,11.7605,0.0000,-434.253,-4.619,-0.668,-179.015,0.0342,0.0298,1.1060,
8.749,IMU,151.5829,0.0000,75.7914,11.7605,0.0000,-434.253,-4.464,-0.684,-179.358,-0.0605,0.0234,1.0547,
8.753,ENC,151.8249,0.0000,75.9124,12.1014,0.0000,-434.946,-4.464,-0.684,-179.358,-0.0605,0.0234,1.0547,
8.764,IMU,151.8249,0.0000,75.9124,12.1014,0.0000,-434.946,-4.445,-0.669,-179.645,0.0513,0.0527,1.1787,
8.773,ENC,152.0720,0.0000,76.0360,12.3571,0.0000,-435.654,-4.445,-0.669,-179.645,0.0513,0.0527,1.1787,
8.782,IMU,152.0720,0.0000,76.0360,12.3571,0.0000,-435.654,-4.372,-0.669,-179.995,0.0327,0.0244,1.0654,
8.792,ENC,152.3311,0.0000,76.1656,12.9536,0.0000,-436.396,-4.372,-0.669,-179.995,0.0327,0.0244,1.0654,
8.803,IMU,152.3311,0.0000,76.1656,12.9536,0.0000,-436.396,-4.367,-0.712,-180.268,0.0918,-0.0381,0.9321,
8.812,ENC,152.5817,0.0000,76.2908,12.5275,0.0000,-437.114,-4.367,-0.712,-180.268,0.0918,-0.0381,0.9321,
8.823,IMU,152.5817,0.0000,76.2908,12.5275,0.0000,-437.114,-4.308,-0.696,-180.616,0.0659,0.0146,0.9072,
8.833,ENC,152.8237,0.0000,76.4118,12.1014,0.0000,-437.808,-4.308,-0.696,-180.616,0.0659,0.0146,0.9072,
8.846,IMU,152.8237,0.0000,76.4118,12.1014,0.0000,-437.808,-4.342,-0.687,-180.935,0.1411,0.0244,0.8555,
8.852,ENC,153.0913,0.0000,76.5456,13.3797,0.0000,-438.574,-4.342,-0.687,-180.935,0.1411,0.0244,0.8555,
8.863,IMU,153.0913,0.0000,76.5456,13.3797,0.0000,-438.574,-4.210,-0.734,-181.319,-0.0200,-0.0942,1.0615,
8.872,ENC,153.3555,0.0000,76.6777,13.2093,0.0000,-439.331,-4.210,-0.734,-181.319,-0.0200,-0.0942,1.0615,
8.883,IMU,153.3555,0.0000,76.6777,13.2093,0.0000,-439.331,-4.175,-0.735,-181.650,-0.0215,0.0229,1.1021,
8.894,ENC,153.6077,0.0000,76.8039,12.6127,0.0000,-440.054,-4.175,-0.735,-181.650,-0.0215,0.0229,1.1021,
8.903,IMU,153.6077,0.0000,76.8039,12.6127,0.0000,-440.054,-4.316,-0.834,-181.970,0.1592,-0.0859,1.0732,
8.913,ENC,153.8463,0.0000,76.9232,11.9310,0.0000,-440.737,-4.316,-0.834,-181.970,0.1592,-0.0859,1.0732,
8.923,IMU,153.8463,0.0000,76.9232,11.9310,0.0000,-440.737,-4.296,-0.975,-182.312,0.0083,-0.0854,1.0664,
8.933,ENC,154.0833,0.0000,77.0416,11.8457,0.0000,-441.416,-4.296,-0.975,-182.312,0.0083,-0.0854,1.0664,
8.951,IMU,154.0833,0.0000,77.0416,11.8457,0.0000,-441.416,-4.279,-1.079,-182.584,0.0806,-0.0713,0.9219,
8.953,ENC,154.3065,0.0000,77.1533,11.1640,0.0000,-442.056,-4.279,-1.079,-182.584,0.0806,-0.0713,0.9219,
8.963,IMU,154.3065,0.0000,77.1533,11.1640,0.0000,-442.056,-4.206,-1.098,-182.880,0.0327,-0.0327,1.0151,
8.972,ENC,154.5196,0.0000,77.2598,10.6526,0.0000,-442.666,-4.206,-1.098,-182.880,0.0327,-0.0327,1.0151,
8.982,IMU,154.5196,0.0000,77.2598,10.6526,0.0000,-442.666,-4.170,-1.066,-183.233,0.0366,0.0049,0.8916,
8.992,ENC,154.7463,0.0000,77.3731,11.3344,0.0000,-443.315,-4.170,-1.066,-183.233,0.0366,0.0049,0.8916,
9.003,IMU,154.7463,0.0000,77.3731,11.3344,0.0000,-443.315,-4.074,-1.092,-183.570,0.0425,-0.0381,0.7886,
9.015,ENC,154.9781,0.1960,77.5870,11.5901,9.8004,-443.418,-4.074,-1.092,-183.570,0.0425,-0.0381,0.7886,
9.023,IMU,154.9781,0.1960,77.5870,11.5901,9.8004,-443.418,-4.010,-1.042,-183.914,0.0015,0.0430,1.1323,
9.032,ENC,155.2082,0.0000,77.6041,11.5049,-9.8004,-444.639,-4.010,-1.042,-183.914,0.0015,0.0430,1.1323,
9.043,IMU,155.2082,0.0000,77.6041,11.5049,-9.8004,-444.639,-4.001,-0.979,-184.234,-0.0112,0.0371,1.2124,
9.052,ENC,155.4502,0.0000,77.7251,12.1014,0.0000,-445.332,-4.001,-0.979,-184.234,-0.0112,0.0371,1.2124,
9.063,IMU,155.4502,0.0000,77.7251,12.1014,0.0000,-445.332,-3.932,-1.088,-184.617,0.0234,-0.0532,0.9331,
9.072,ENC,155.7144,0.0000,77.8572,13.2093,0.0000,-446.089,-3.932,-1.088,-184.617,0.0234,-0.0532,0.9331,
9.083,IMU,155.7144,0.0000,77.8572,13.2093,0.0000,-446.089,-3.872,-1.079,-185.029,0.0000,0.0078,1.1680,
9.092,ENC,155.9479,0.0000,77.9739,11.6753,0.0000,-446.758,-3.872,-1.079,-185.029,0.0000,0.0078,1.1680,
9.103,IMU,155.9479,0.0000,77.9739,11.6753,0.0000,-446.758,-3.824,-1.096,-185.327,0.0146,-0.0327,1.0840,
9.113,ENC,156.1865,0.0000,78.0933,11.9310,0.0000,-447.441,-3.824,-1.096,-185.327,0.0146,-0.0327,1.0840,
9.123,IMU,156.1865,0.0000,78.0933,11.9310,0.0000,-447.441,-3.793,-1.097,-185.618,0.0269,-0.0073,1.0303,
9.133,ENC,156.4388,0.0000,78.2194,12.6127,0.0000,-448.164,-3.793,-1.097,-185.618,0.0269,-0.0073,1.0303,
9.143,IMU,156.4388,0.0000,78.2194,12.6127,0.0000,-448.164,-3.627,-1.079,-185.992,-0.0229,0.0220,1.0352,
9.152,ENC,156.6876,0.0000,78.3438,12.4423,0.0000,-448.877,-3.627,-1.079,-185.992,-0.0229,0.0220,1.0352,
9.163,IMU,156.6876,0.0000,78.3438,12.4423,0.0000,-448.877,-3.625,-1.112,-186.292,0.0381,-0.0234,1.0239,
9.172,ENC,156.9245,0.0000,78.4623,11.8457,0.0000,-449.556,-3.625,-1.112,-186.292,0.0381,-0.0234,1.0239,
9.185,IMU,156.9245,0.0000,78.4623,11.8457,0.0000,-449.556,-3.609,-1.293,-186.644,0.0112,-0.1523,1.1191,
9.193,ENC,157.1717,0.0000,78.5858,12.3571,0.0000,-450.264,-3.609,-1.293,-186.644,0.0112,-0.1523,1.1191,
9.202,IMU,157.1717,0.0000,78.5858,12.3571,0.0000,-450.264,-3.615,-1.300,-186.978,0.0464,0.0098,0.9927,
9.212,ENC,157.4069,0.0000,78.7034,11.7605,0.0000,-450.938,-3.615,-1.300,-186.978,0.0464,0.0098,0.9927,
9.223,IMU,157.4069,0.0000,78.7034,11.7605,0.0000,-450.938,-3.437,-1.317,-187.287,-0.0259,-0.0283,0.9009,
9.236,ENC,157.6336,0.0000,78.8168,11.3344,0.0000,-451.587,-3.437,-1.317,-187.287,-0.0259,-0.0283,0.9009,
9.243,IMU,157.6336,0.0000,78.8168,11.3344,0.0000,-451.587,-3.327,-1.369,-187.601,-0.0503,-0.0317,1.1333,
9.257,ENC,157.8415,0.0000,78.9208,10.3970,0.0000,-452.183,-3.327,-1.369,-187.601,-0.0503,-0.0317,1.1333,
9.264,IMU,157.8415,0.0000,78.9208,10.3970,0.0000,-452.183,-3.188,-1.398,-187.921,-0.0444,-0.0103,0.9326,
9.275,ENC,158.0546,0.0000,79.0273,10.6526,0.0000,-452.793,-3.188,-1.398,-187.921,-0.0444,-0.0103,0.9326,
9.284,IMU,158.0546,0.0000,79.0273,10.6526,0.0000,-452.793,-3.197,-1.470,-188.214,0.0254,-0.0518,1.1133,
9.293,ENC,158.2761,0.0000,79.1381,11.0788,0.0000,-453.428,-3.197,-1.470,-188.214,0.0254,-0.0518,1.1133,
9.303,IMU,158.2761,0.0000,79.1381,11.0788,0.0000,-453.428,-3.217,-1.531,-188.591,-0.0293,-0.0806,1.2632,
9.312,ENC,158.4977,0.0000,79.2489,11.0788,0.0000,-454.062,-3.217,-1.531,-188.591,-0.0293,-0.0806,1.2632,
9.323,IMU,158.4977,0.0000,79.2489,11.0788,0.0000,-454.062,-3.335,-1.403,-188.853,0.1743,0.0688,0.9648,
9.338,ENC,158.7295,0.0000,79.3648,11.5901,0.0000,-454.727,-3.335,-1.403,-188.853,0.1743,0.0688,0.9648,
9.350,IMU,158.7295,0.0000,79.3648,11.5901,0.0000,-454.727,-3.480,-1.312,-189.179,0.1270,0.0542,0.9663,
9.353,ENC,158.9511,0.0000,79.4755,11.0788,0.0000,-455.361,-3.480,-1.312,-189.179,0.1270,0.0542,0.9663,
9.367,IMU,158.9511,0.0000,79.4755,11.0788,0.0000,-455.361,-3.479,-1.272,-189.520,0.0142,-0.0137,1.1323,
9.372,ENC,159.1880,0.0000,79.5940,11.8457,0.0000,-456.040,-3.479,-1.272,-189.520,0.0142,-0.0137,1.1323,
9.383,IMU,159.1880,0.0000,79.5940,11.8457,0.0000,-456.040,-3.446,-1.145,-189.804,0.0283,0.0591,1.0132,
9.395,ENC,159.4232,0.0000,79.7116,11.7605,0.0000,-456.714,-3.446,-1.145,-189.804,0.0283,0.0591,1.0132,
9.403,IMU,159.4232,0.0000,79.7116,11.7605,0.0000,-456.714,-3.282,-1.092,-190.117,-0.0366,0.0127,0.9019,
9.412,ENC,159.6516,0.0000,79.8258,11.4196,0.0000,-457.368,-3.282,-1.092,-190.117,-0.0366,0.0127,0.9019,
9.422,IMU,159.6516,0.0000,79.8258,11.4196,0.0000,-457.368,-3.212,-1.072,-190.421,-0.0034,-0.0342,0.9976,
9.433,ENC,159.8936,0.0000,79.9468,12.1014,0.0000,-458.062,-3.212,-1.072,-190.421,-0.0034,-0.0342,0.9976,
9.442,IMU,159.8936,0.0000,79.9468,12.1014,0.0000,-458.062,-3.218,-1.040,-190.743,0.0503,0.0342,1.1479,
9.452,ENC,160.1357,0.0000,80.0678,12.1014,0.0000,-458.755,-3.218,-1.040,-190.743,0.0503,0.0342,1.1479,
9.466,IMU,160.1357,0.0000,80.0678,12.1014,0.0000,-458.755,-3.188,-1.040,-191.024,0.0615,-0.0034,1.0225,
9.473,ENC,160.3777,0.0000,80.1888,12.1014,0.0000,-459.448,-3.188,-1.040,-191.024,0.0615,-0.0034,1.0225,
9.483,IMU,160.3777,0.0000,80.1888,12.1014,0.0000,-459.448,-3.267,-1.242,-191.382,0.1089,-0.1348,0.9746,
9.492,ENC,160.6163,0.0000,80.3082,11.9310,0.0000,-460.132,-3.267,-1.242,-191.382,0.1089,-0.1348,0.9746,
9.503,IMU,160.6163,0.0000,80.3082,11.9310,0.0000,-460.132,-3.302,-1.385,-191.756,0.0767,-0.1089,0.8760,
9.513,ENC,160.8481,0.0000,80.4241,11.5901,0.0000,-460.796,-3.302,-1.385,-191.756,0.0767,-0.1089,0.8760,
9.522,IMU,160.8481,0.0000,80.4241,11.5901,0.0000,-460.796,-3.381,-1.350,-192.076,0.0459,-0.0044,1.0835,
9.533,ENC,161.0663,0.0000,80.5331,10.9083,0.0000,-461.421,-3.381,-1.350,-192.076,0.0459,-0.0044,1.0835,
9.545,IMU,161.0663,0.0000,80.5331,10.9083,0.0000,-461.421,-3.269,-1.417,-192.396,-0.0479,-0.1011,0.9883,
9.553,ENC,161.2674,0.0000,80.6337,10.0561,0.0000,-461.997,-3.269,-1.417,-192.396,-0.0479,-0.1011,0.9883,
9.562,IMU,161.2674,0.0000,80.6337,10.0561,0.0000,-461.997,-3.310,-1.443,-192.726,0.1069,0.0166,1.1294,
9.574,ENC,161.4583,0.0000,80.7291,9.5448,0.0000,-462.544,-3.310,-1.443,-192.726,0.1069,0.0166,1.1294,
9.584,IMU,161.4583,0.0000,80.7291,9.5448,0.0000,-462.544,-3.152,-1.457,-193.016,-0.0913,-0.0649,1.1245,
9.593,ENC,161.6662,0.0000,80.8331,10.3970,0.0000,-463.140,-3.152,-1.457,-193.016,-0.0913,-0.0649,1.1245,
9.604,IMU,161.6662,0.0000,80.8331,10.3970,0.0000,-463.140,-3.137,-1.497,-193.317,-0.0210,-0.0771,1.1045,
9.612,ENC,161.8657,0.0000,80.9328,9.9709,0.0000,-463.711,-3.137,-1.497,-193.317,-0.0210,-0.0771,1.1045,
9.623,IMU,161.8657,0.0000,80.9328,9.9709,0.0000,-463.711,-3.083,-1.447,-193.559,-0.0981,0.0063,1.1763,
9.633,ENC,162.0702,0.0000,81.0351,10.2265,0.0000,-464.297,-3.083,-1.447,-193.559,-0.0981,0.0063,1.1763,
9.653,ENC,162.2883,0.0000,81.1442,10.9083,0.0000,-464.922,-3.083,-1.447,-193.559,-0.0981,0.0063,1.1763,
9.663,IMU,162.2883,0.0000,81.1442,10.9083,0.0000,-464.922,-3.066,-1.497,-194.123,0.0664,-0.0410,0.9102,
9.686,IMU,162.2883,0.0000,81.1442,10.9083,0.0000,-464.922,-3.071,-1.455,-194.412,0.0552,0.0059,1.0684,
9.693,ENC,162.7179,0.0000,81.3589,10.7379,0.0000,-466.152,-3.071,-1.455,-194.412,0.0552,0.0059,1.0684,
9.702,IMU,162.7179,0.0000,81.3589,10.7379,0.0000,-466.152,-2.951,-1.417,-194.707,-0.0449,0.0273,0.9590,
9.712,ENC,162.9497,0.0000,81.4748,11.5901,0.0000,-466.816,-2.951,-1.417,-194.707,-0.0449,0.0273,0.9590,
9.723,IMU,162.9497,0.0000,81.4748,11.5901,0.0000,-466.816,-3.049,-1.403,-194.928,0.1851,-0.0190,0.9629,
9.733,ENC,163.1746,0.0000,81.5873,11.2492,0.0000,-467.461,-3.049,-1.403,-194.928,0.1851,-0.0190,0.9629,
9.746,IMU,163.1746,0.0000,81.5873,11.2492,0.0000,-467.461,-2.899,-1.557,-195.204,-0.0732,-0.1597,1.0435,
9.764,IMU,163.1746,0.0000,81.5873,11.2492,0.0000,-467.461,-2.719,-1.623,-195.462,-0.0898,-0.0786,1.0645,
9.783,IMU,163.1746,0.0000,81.5873,11.2492,0.0000,-467.461,-2.681,-1.659,-195.558,0.0127,-0.0542,0.9888,
9.804,IMU,163.1746,0.0000,81.5873,11.2492,0.0000,-467.461,-2.641,-1.762,-195.663,-0.0122,-0.1094,1.0444,
9.812,ENC,164.0217,0.0000,82.0109,10.5887,0.0000,-469.888,-2.641,-1.762,-195.663,-0.0122,-0.1094,1.0444,
9.823,IMU,164.0217,0.0000,82.0109,10.5887,0.0000,-469.888,-2.780,-1.826,-195.748,0.1519,-0.0718,0.9941,
9.853,IMU,164.0217,0.0000,82.0109,10.5887,0.0000,-469.888,-2.690,-1.905,-195.795,-0.1431,-0.0718,1.1299,
9.855,ENC,164.3865,0.0000,82.1932,9.1187,0.0000,-470.933,-2.690,-1.905,-195.795,-0.1431,-0.0718,1.1299,
9.864,IMU,164.3865,0.0000,82.1932,9.1187,0.0000,-470.933,-2.703,-1.994,-195.831,0.0171,-0.1177,0.9517,
9.872,ENC,164.5621,0.0000,82.2810,8.7778,0.0000,-471.436,-2.703,-1.994,-195.831,0.0171,-0.1177,0.9517,
9.882,IMU,164.5621,0.0000,82.2810,8.7778,0.0000,-471.436,-2.702,-1.828,-195.804,0.0127,0.0669,1.0728,
9.893,ENC,164.7308,0.0000,82.3654,8.4369,0.0000,-471.919,-2.702,-1.828,-195.804,0.0127,0.0669,1.0728,
9.903,IMU,164.7308,0.0000,82.3654,8.4369,0.0000,-471.919,-2.775,-1.975,-195.820,0.1206,-0.1499,0.9053,
9.914,ENC,164.8995,0.1824,82.5409,8.4369,9.1187,-471.880,-2.775,-1.975,-195.820,0.1206,-0.1499,0.9053,
9.923,IMU,164.8995,0.1824,82.5409,8.4369,9.1187,-471.880,-2.887,-1.924,-195.811,0.1484,-0.0337,0.9907,
9.933,ENC,165.0751,0.0000,82.5375,8.7778,-9.1187,-472.905,-2.887,-1.924,-195.811,0.1484,-0.0337,0.9907,
9.943,IMU,165.0751,0.0000,82.5375,8.7778,-9.1187,-472.905,-2.830,-1.790,-195.762,0.0293,0.0112,0.9360,
9.952,ENC,165.2387,0.0000,82.6194,8.1812,0.0000,-473.374,-2.830,-1.790,-195.762,0.0293,0.0112,0.9360,
9.962,IMU,165.2387,0.0000,82.6194,8.1812,0.0000,-473.374,-2.839,-1.640,-195.716,0.0747,0.0996,0.9902,
9.973,ENC,165.4057,0.0000,82.7029,8.3517,0.0000,-473.853,-2.839,-1.640,-195.716,0.0747,0.0996,0.9902,
9.993,ENC,165.5796,0.0000,82.7898,8.6926,0.0000,-474.351,-2.839,-1.640,-195.716,0.0747,0.0996,0.9902,
10.002,IMU,165.5796,0.0000,82.7898,8.6926,0.0000,-474.351,-3.021,-1.524,-195.535,0.0786,0.0625,1.0308,
10.012,ENC,165.7432,0.0000,82.8716,8.1812,0.0000,-474.819,-3.021,-1.524,-195.535,0.0786,0.0625,1.0308,
10.022,IMU,165.7432,0.0000,82.8716,8.1812,0.0000,-474.819,-3.110,-1.416,-195.429,0.1694,0.0142,0.9863,
10.032,ENC,165.9154,0.0000,82.9577,8.6073,0.0000,-475.312,-3.110,-1.416,-195.429,0.1694,0.0142,0.9863,
10.044,IMU,165.9154,0.0000,82.9577,8.6073,0.0000,-475.312,-2.991,-1.298,-195.384,0.0127,0.0386,0.8569,
10.056,ENC,166.0841,0.0000,83.0420,8.4369,0.0000,-475.796,-2.991,-1.298,-195.384,0.0127,0.0386,0.8569,
10.062,IMU,166.0841,0.0000,83.0420,8.4369,0.0000,-475.796,-2.943,-1.208,-195.387,-0.0063,0.0137,1.0962,
10.072,ENC,166.2682,0.0000,83.1341,9.2039,0.0000,-476.323,-2.943,-1.208,-195.387,-0.0063,0.0137,1.0962,
10.082,IMU,166.2682,0.0000,83.1341,9.2039,0.0000,-476.323,-2.976,-1.195,-195.382,0.0308,-0.0347,1.0581,
10.092,ENC,166.4352,0.0000,83.2176,8.3517,0.0000,-476.802,-2.976,-1.195,-195.382,0.0308,-0.0347,1.0581,
10.103,IMU,166.4352,0.0000,83.2176,8.3517,0.0000,-476.802,-3.006,-1.017,-195.341,0.0317,0.0801,0.9746,
10.113,ENC,166.5988,-0.1960,83.2014,8.1812,-9.8004,-477.832,-3.006,-1.017,-195.341,0.0317,0.0801,0.9746,
10.122,IMU,166.5988,-0.1960,83.2014,8.1812,-9.8004,-477.832,-2.957,-0.966,-195.265,0.0000,-0.0068,0.9502,
10.133,ENC,166.7539,0.0000,83.3770,7.7551,9.8004,-477.715,-2.957,-0.966,-195.265,0.0000,-0.0068,0.9502,
10.146,IMU,166.7539,0.0000,83.3770,7.7551,9.8004,-477.715,-3.004,-0.888,-195.168,0.0674,0.0742,1.0034,
10.153,ENC,166.9073,0.0000,83.4537,7.6699,0.0000,-478.154,-3.004,-0.888,-195.168,0.0674,0.0742,1.0034,
10.163,IMU,166.9073,0.0000,83.4537,7.6699,0.0000,-478.154,-2.994,-0.860,-195.086,0.0601,-0.0181,1.0474,
10.172,ENC,167.0386,0.0000,83.5193,6.5620,0.0000,-478.530,-2.994,-0.860,-195.086,0.0601,-0.0181,1.0474,
10.182,IMU,167.0386,0.0000,83.5193,6.5620,0.0000,-478.530,-2.958,-0.834,-194.923,0.0742,0.0127,1.0063,
10.192,ENC,167.1886,0.0000,83.5943,7.4995,0.0000,-478.960,-2.958,-0.834,-194.923,0.0742,0.0127,1.0063,
10.203,IMU,167.1886,0.0000,83.5943,7.4995,0.0000,-478.960,-3.002,-0.764,-194.835,0.0679,0.0117,1.0283,
10.212,ENC,167.3403,0.0000,83.6701,7.5847,0.0000,-479.395,-3.002,-0.764,-194.835,0.0679,0.0117,1.0283,
10.224,IMU,167.3403,0.0000,83.6701,7.5847,0.0000,-479.395,-3.007,-0.680,-194.804,0.0962,0.0488,0.9185,
10.234,ENC,167.4885,0.0000,83.7443,7.4142,0.0000,-479.819,-3.007,-0.680,-194.804,0.0962,0.0488,0.9185,
10.243,IMU,167.4885,0.0000,83.7443,7.4142,0.0000,-479.819,-3.033,-0.646,-194.796,0.0703,-0.0137,0.9868,
10.252,ENC,167.6385,0.0000,83.8193,7.4995,0.0000,-480.249,-3.033,-0.646,-194.796,0.0703,-0.0137,0.9868,
10.263,IMU,167.6385,0.0000,83.8193,7.4995,0.0000,-480.249,-3.100,-0.612,-194.750,0.1265,0.0303,0.9829,
10.272,ENC,167.7681,0.0000,83.8840,6.4768,0.0000,-480.620,-3.100,-0.612,-194.750,0.1265,0.0303,0.9829,
10.282,IMU,167.7681,0.0000,83.8840,6.4768,0.0000,-480.620,-3.082,-0.644,-194.630,0.0552,-0.0454,0.9814,
10.292,ENC,167.8891,0.0000,83.9445,6.0507,0.0000,-480.967,-3.082,-0.644,-194.630,0.0552,-0.0454,0.9814,
10.309,IMU,167.8891,0.0000,83.9445,6.0507,0.0000,-480.967,-3.120,-0.672,-194.513,0.0229,-0.0225,0.9453,
10.313,ENC,168.0050,0.1960,84.1005,5.7950,9.8004,-480.737,-3.120,-0.672,-194.513,0.0229,-0.0225,0.9453,
10.323,IMU,168.0050,0.1960,84.1005,5.7950,9.8004,-480.737,-3.050,-0.778,-194.401,-0.0752,-0.1006,1.0967,
10.332,ENC,168.1226,0.0000,84.0613,5.8803,-9.8004,-481.636,-3.050,-0.778,-194.401,-0.0752,-0.1006,1.0967,
10.342,IMU,168.1226,0.0000,84.0613,5.8803,-9.8004,-481.636,-3.022,-0.818,-194.291,-0.0063,-0.1118,1.0093,
10.352,ENC,168.2385,0.0000,84.1192,5.7950,0.0000,-481.968,-3.022,-0.818,-194.291,-0.0063,-0.1118,1.0093,
10.365,IMU,168.2385,0.0000,84.1192,5.7950,0.0000,-481.968,-2.941,-0.815,-194.163,-0.0063,-0.0234,1.0010,
10.372,ENC,168.3578,0.0000,84.1789,5.9655,0.0000,-482.310,-2.941,-0.815,-194.163,-0.0063,-0.0234,1.0010,
10.387,IMU,168.3578,0.0000,84.1789,5.9655,0.0000,-482.310,-2.970,-0.800,-193.996,0.0273,-0.0107,1.0034,
10.392,ENC,168.4856,0.0000,84.2428,6.3916,0.0000,-482.676,-2.970,-0.800,-193.996,0.0273,-0.0107,1.0034,
10.402,IMU,168.4856,0.0000,84.2428,6.3916,0.0000,-482.676,-2.946,-0.882,-193.870,0.0391,-0.0591,1.0742,
10.412,ENC,168.6237,0.0000,84.3118,6.9029,0.0000,-483.071,-2.946,-0.882,-193.870,0.0391,-0.0591,1.0742,
10.423,IMU,168.6237,0.0000,84.3118,6.9029,0.0000,-483.071,-2.979,-0.895,-193.821,0.0767,-0.0396,1.0503,
10.433,ENC,168.7413,0.0000,84.3706,5.8803,0.0000,-483.408,-2.979,-0.895,-193.821,0.0767,-0.0396,1.0503,
10.447,IMU,168.7413,0.0000,84.3706,5.8803,0.0000,-483.408,-2.915,-0.790,-193.715,0.0181,0.0923,1.0474,
10.452,ENC,168.8589,0.0000,84.4295,5.8803,0.0000,-483.745,-2.915,-0.790,-193.715,0.0181,0.0923,1.0474,
10.466,IMU,168.8589,0.0000,84.4295,5.8803,0.0000,-483.745,-2.920,-0.621,-193.567,0.0737,0.1431,0.9429,
10.474,ENC,168.9833,0.0000,84.4917,6.2211,0.0000,-484.102,-2.920,-0.621,-193.567,0.0737,0.1431,0.9429,
10.490,IMU,168.9833,0.0000,84.4917,6.2211,0.0000,-484.102,-2.845,-0.387,-193.450,0.0669,0.1792,1.0142,
10.492,ENC,169.0839,0.0000,84.5419,5.0280,0.0000,-484.390,-2.845,-0.387,-193.450,0.0669,0.1792,1.0142,
10.505,IMU,169.0839,0.0000,84.5419,5.0280,0.0000,-484.390,-2.842,-0.448,-193.264,-0.0166,-0.0791,1.0557,
10.514,ENC,169.1998,0.0000,84.5999,5.7950,0.0000,-484.722,-2.842,-0.448,-193.264,-0.0166,-0.0791,1.0557,
10.523,IMU,169.1998,0.0000,84.5999,5.7950,0.0000,-484.722,-2.885,-0.354,-193.133,0.0679,0.0200,1.0322,
10.532,ENC,169.3140,0.0000,84.6570,5.7098,0.0000,-485.049,-2.885,-0.354,-193.133,0.0679,0.0200,1.0322,
10.543,IMU,169.3140,0.0000,84.6570,5.7098,0.0000,-485.049,-2.838,-0.284,-192.977,0.0493,-0.0059,0.9043,
10.553,ENC,169.4265,0.0000,84.7132,5.6246,0.0000,-485.371,-2.838,-0.284,-192.977,0.0493,-0.0059,0.9043,
10.563,IMU,169.4265,0.0000,84.7132,5.6246,0.0000,-485.371,-2.980,-0.092,-192.749,0.1401,0.0933,1.0215,
10.572,ENC,169.5356,0.0000,84.7678,5.4542,0.0000,-485.684,-2.980,-0.092,-192.749,0.1401,0.0933,1.0215,
10.585,IMU,169.5356,0.0000,84.7678,5.4542,0.0000,-485.684,-3.158,-0.098,-192.616,0.2241,-0.0068,0.9072,
10.598,ENC,169.6719,0.0000,84.8360,6.8177,0.0000,-486.074,-3.158,-0.098,-192.616,0.2241,-0.0068,0.9072,
10.607,IMU,169.6719,0.0000,84.8360,6.8177,0.0000,-486.074,-3.216,0.014,-192.492,0.0698,0.1396,1.0806,
10.612,ENC,169.8100,0.0000,84.9050,6.9029,0.0000,-486.470,-3.216,0.014,-192.492,0.0698,0.1396,1.0806,
10.622,IMU,169.8100,0.0000,84.9050,6.9029,0.0000,-486.470,-3.259,0.114,-192.456,0.1279,0.0781,1.0088,
10.633,ENC,169.9651,0.0000,84.9825,7.7551,0.0000,-486.914,-3.259,0.114,-192.456,0.1279,0.0781,1.0088,
10.642,IMU,169.9651,0.0000,84.9825,7.7551,0.0000,-486.914,-3.220,0.039,-192.442,0.0361,-0.0957,1.0088,
10.662,IMU,169.9651,0.0000,84.9825,7.7551,0.0000,-486.914,-3.138,-0.012,-192.382,0.0073,-0.0151,0.9429,
10.672,ENC,170.2787,0.0000,85.1393,7.8403,0.0000,-487.812,-3.138,-0.012,-192.382,0.0073,-0.0151,0.9429,
10.682,IMU,170.2787,0.0000,85.1393,7.8403,0.0000,-487.812,-3.183,0.146,-192.379,0.0986,0.0903,1.0405,
10.693,ENC,170.4474,0.0000,85.2237,8.4369,0.0000,-488.296,-3.183,0.146,-192.379,0.0986,0.0903,1.0405,
10.712,ENC,170.6110,0.0000,85.3055,8.1812,0.0000,-488.765,-3.183,0.146,-192.379,0.0986,0.0903,1.0405,
10.723,IMU,170.6110,0.0000,85.3055,8.1812,0.0000,-488.765,-3.177,-0.127,-192.196,-0.0967,-0.1714,0.9761,
10.732,ENC,170.7798,0.0000,85.3899,8.4369,0.0000,-489.248,-3.177,-0.127,-192.196,-0.0967,-0.1714,0.9761,
10.742,IMU,170.7798,0.0000,85.3899,8.4369,0.0000,-489.248,-3.155,0.093,-192.168,0.0371,0.2021,1.0640,
10.752,ENC,170.9349,0.0000,85.4674,7.7551,0.0000,-489.692,-3.155,0.093,-192.168,0.0371,0.2021,1.0640,
10.765,IMU,170.9349,0.0000,85.4674,7.7551,0.0000,-489.692,-3.213,0.052,-192.156,0.0781,-0.1064,1.0293,
10.772,ENC,171.1002,0.0000,85.5501,8.2665,0.0000,-490.166,-3.213,0.052,-192.156,0.0781,-0.1064,1.0293,
10.782,IMU,171.1002,0.0000,85.5501,8.2665,0.0000,-490.166,-3.265,0.042,-192.071,0.0669,0.0181,1.0303,
10.793,ENC,171.2707,0.0000,85.6353,8.5221,0.0000,-490.654,-3.265,0.042,-192.071,0.0669,0.0181,1.0303,
10.804,IMU,171.2707,0.0000,85.6353,8.5221,0.0000,-490.654,-3.311,-0.016,-192.150,0.0874,-0.0698,0.9561,
10.812,ENC,171.4411,0.0000,85.7206,8.5221,0.0000,-491.143,-3.311,-0.016,-192.150,0.0874,-0.0698,0.9561,
10.826,IMU,171.4411,0.0000,85.7206,8.5221,0.0000,-491.143,-3.375,-0.091,-192.275,0.1206,-0.0610,0.9136,
10.832,ENC,171.6098,0.0000,85.8049,8.4369,0.0000,-491.626,-3.375,-0.091,-192.275,0.1206,-0.0610,0.9136,
10.843,IMU,171.6098,0.0000,85.8049,8.4369,0.0000,-491.626,-3.324,-0.110,-192.376,0.0430,0.0220,0.9424,
10.852,ENC,171.7820,0.0000,85.8910,8.6073,0.0000,-492.119,-3.324,-0.110,-192.376,0.0430,0.0220,0.9424,
10.863,IMU,171.7820,0.0000,85.8910,8.6073,0.0000,-492.119,-3.291,-0.059,-192.518,0.0269,0.0171,1.0518,
10.875,ENC,171.9627,0.0000,85.9813,9.0334,0.0000,-492.637,-3.291,-0.059,-192.518,0.0269,0.0171,1.0518,
10.882,IMU,171.9627,0.0000,85.9813,9.0334,0.0000,-492.637,-3.320,-0.009,-192.667,0.0571,0.0542,1.0151,
10.892,ENC,172.1246,0.0000,86.0623,8.0960,0.0000,-493.101,-3.320,-0.009,-192.667,0.0571,0.0542,1.0151,
10.903,IMU,172.1246,0.0000,86.0623,8.0960,0.0000,-493.101,-3.207,0.022,-192.760,0.0098,0.0366,1.0283,
10.913,ENC,172.2865,0.0000,86.1432,8.0960,0.0000,-493.564,-3.207,0.022,-192.760,0.0098,0.0366,1.0283,
10.923,IMU,172.2865,0.0000,86.1432,8.0960,0.0000,-493.564,-3.034,-0.052,-192.760,-0.0220,-0.0654,0.9473,
10.932,ENC,172.4263,0.0000,86.2131,6.9881,0.0000,-493.965,-3.034,-0.052,-192.760,-0.0220,-0.0654,0.9473,
10.943,IMU,172.4263,0.0000,86.2131,6.9881,0.0000,-493.965,-3.060,-0.103,-192.684,0.0728,-0.0215,0.9517,
10.954,ENC,172.5797,0.0000,86.2898,7.6699,0.0000,-494.404,-3.060,-0.103,-192.684,0.0728,-0.0215,0.9517,
10.963,IMU,172.5797,0.0000,86.2898,7.6699,0.0000,-494.404,-3.145,-0.092,-192.605,0.0903,0.0381,1.0391,
10.977,ENC,172.7620,0.0000,86.3810,9.1187,0.0000,-494.927,-3.145,-0.092,-192.605,0.0903,0.0381,1.0391,
10.983,IMU,172.7620,0.0000,86.3810,9.1187,0.0000,-494.927,-3.218,-0.183,-192.657,0.1201,-0.0161,1.0474,
10.992,ENC,172.9546,-0.1960,86.3793,9.6300,-9.8004,-496.040,-3.218,-0.183,-192.657,0.1201,-0.0161,1.0474,
11.004,IMU,172.9546,-0.1960,86.3793,9.6300,-9.8004,-496.040,-3.280,-0.196,-192.802,0.0796,-0.0127,1.1396,
11.015,ENC,173.1592,0.0000,86.5796,10.2265,9.8004,-496.064,-3.280,-0.196,-192.802,0.0796,-0.0127,1.1396,
11.022,IMU,173.1592,0.0000,86.5796,10.2265,9.8004,-496.064,-3.135,-0.190,-192.989,0.0044,-0.0225,0.9087,
11.033,ENC,173.3620,0.0000,86.6810,10.1413,0.0000,-496.646,-3.135,-0.190,-192.989,0.0044,-0.0225,0.9087,
11.047,IMU,173.3620,0.0000,86.6810,10.1413,0.0000,-496.646,-2.905,-0.097,-193.210,-0.0791,0.1045,0.9751,
11.052,ENC,173.5767,0.0000,86.7884,10.7379,0.0000,-497.261,-2.905,-0.097,-193.210,-0.0791,0.1045,0.9751,
11.063,IMU,173.5767,0.0000,86.7884,10.7379,0.0000,-497.261,-2.870,-0.239,-193.375,0.0312,-0.0474,0.8867,
11.073,ENC,173.7864,0.0000,86.8932,10.4822,0.0000,-497.861,-2.870,-0.239,-193.375,0.0312,-0.0474,0.8867,
11.082,IMU,173.7864,0.0000,86.8932,10.4822,0.0000,-497.861,-2.903,-0.255,-193.444,0.0518,0.0166,1.0762,
11.095,ENC,173.9909,0.0000,86.9955,10.2265,0.0000,-498.447,-2.903,-0.255,-193.444,0.0518,0.0166,1.0762,
11.103,IMU,173.9909,0.0000,86.9955,10.2265,0.0000,-498.447,-2.975,-0.248,-193.591,0.0669,0.0332,1.1084,
11.113,ENC,174.2006,0.0000,87.1003,10.4822,0.0000,-499.048,-2.975,-0.248,-193.591,0.0669,0.0332,1.1084,
11.123,IMU,174.2006,0.0000,87.1003,10.4822,0.0000,-499.048,-3.089,-0.222,-193.776,0.1182,-0.0864,1.0430,
11.132,ENC,174.4324,0.0000,87.2162,11.5901,0.0000,-499.712,-3.089,-0.222,-193.776,0.1182,-0.0864,1.0430,
11.143,IMU,174.4324,0.0000,87.2162,11.5901,0.0000,-499.712,-3.389,-0.127,-194.071,0.3003,0.1118,0.8281,
11.152,ENC,174.6727,0.0000,87.3363,12.0162,0.0000,-500.400,-3.389,-0.127,-194.071,0.3003,0.1118,0.8281,
11.163,IMU,174.6727,0.0000,87.3363,12.0162,0.0000,-500.400,-3.449,-0.072,-194.399,0.0879,0.0469,1.1040,
11.177,ENC,174.9147,0.0000,87.4574,12.1014,0.0000,-501.094,-3.449,-0.072,-194.399,0.0879,0.0469,1.1040,
11.184,IMU,174.9147,0.0000,87.4574,12.1014,0.0000,-501.094,-3.550,-0.115,-194.708,0.1079,-0.0186,1.0488,
11.192,ENC,175.1414,0.0000,87.5707,11.3344,0.0000,-501.743,-3.550,-0.115,-194.708,0.1079,-0.0186,1.0488,
11.203,IMU,175.1414,0.0000,87.5707,11.3344,0.0000,-501.743,-3.620,-0.046,-195.022,0.0972,0.0361,0.9409,
11.214,ENC,175.3630,0.0000,87.6815,11.0788,0.0000,-502.378,-3.620,-0.046,-195.022,0.0972,0.0361,0.9409,
11.223,IMU,175.3630,0.0000,87.6815,11.0788,0.0000,-502.378,-3.626,-0.031,-195.436,0.0679,0.0464,1.0361,
11.232,ENC,175.5914,0.0000,87.7957,11.4196,0.0000,-503.032,-3.626,-0.031,-195.436,0.0679,0.0464,1.0361,
11.243,IMU,175.5914,0.0000,87.7957,11.4196,0.0000,-503.032,-3.571,-0.007,-195.795,0.0171,0.0322,1.1323,
11.253,ENC,175.8266,0.0000,87.9133,11.7605,0.0000,-503.706,-3.571,-0.007,-195.795,0.0171,0.0322,1.1323,
11.265,IMU,175.8266,0.0000,87.9133,11.7605,0.0000,-503.706,-3.706,0.002,-196.131,0.1621,0.0132,1.0117,
11.273,ENC,176.0601,0.0000,88.0300,11.6753,0.0000,-504.375,-3.706,0.002,-196.131,0.1621,0.0132,1.0117,
11.286,IMU,176.0601,0.0000,88.0300,11.6753,0.0000,-504.375,-3.715,-0.026,-196.462,0.0225,-0.0288,1.0117,
11.293,ENC,176.2953,0.0000,88.1476,11.7605,0.0000,-505.049,-3.715,-0.026,-196.462,0.0225,-0.0288,1.0117,
11.307,IMU,176.2953,0.0000,88.1476,11.7605,0.0000,-505.049,-3.605,0.023,-196.801,-0.0317,0.0542,0.9717,
11.325,IMU,176.2953,0.0000,88.1476,11.7605,0.0000,-505.049,-3.641,0.181,-197.050,0.0786,0.1216,1.0229,
11.333,ENC,176.7044,0.0000,88.3522,10.2265,0.0000,-506.221,-3.641,0.181,-197.050,0.0786,0.1216,1.0229,
11.343,IMU,176.7044,0.0000,88.3522,10.2265,0.0000,-506.221,-3.507,0.306,-197.243,-0.0308,0.1226,0.9688,
11.353,ENC,176.8884,0.0000,88.4442,9.2039,0.0000,-506.748,-3.507,0.306,-197.243,-0.0308,0.1226,0.9688,
11.362,IMU,176.8884,0.0000,88.4442,9.2039,0.0000,-506.748,-3.450,0.433,-197.428,0.0234,0.1348,1.1001,
11.372,ENC,177.0452,0.0000,88.5226,7.8403,0.0000,-507.197,-3.450,0.433,-197.428,0.0234,0.1348,1.1001,
11.382,IMU,177.0452,0.0000,88.5226,7.8403,0.0000,-507.197,-3.495,0.546,-197.592,0.0981,0.0962,1.0151,
11.392,ENC,177.1799,0.0000,88.5899,6.7325,0.0000,-507.583,-3.495,0.546,-197.592,0.0981,0.0962,1.0151,
11.403,IMU,177.1799,0.0000,88.5899,6.7325,0.0000,-507.583,-3.499,0.723,-197.777,0.0571,0.1431,0.9531,
11.413,ENC,177.3009,0.0000,88.6505,6.0507,0.0000,-507.930,-3.499,0.723,-197.777,0.0571,0.1431,0.9531,
11.423,IMU,177.3009,0.0000,88.6505,6.0507,0.0000,-507.930,-3.469,0.866,-198.007,0.0288,0.1040,0.9648,
11.436,ENC,177.4219,0.0000,88.7110,6.0507,0.0000,-508.276,-3.469,0.866,-198.007,0.0288,0.1040,0.9648,
11.443,IMU,177.4219,0.0000,88.7110,6.0507,0.0000,-508.276,-3.467,0.923,-198.200,0.0557,0.1416,1.0195,
11.452,ENC,177.5276,0.0000,88.7638,5.2837,0.0000,-508.579,-3.467,0.923,-198.200,0.0557,0.1416,1.0195,
11.464,IMU,177.5276,0.0000,88.7638,5.2837,0.0000,-508.579,-3.455,0.940,-198.394,0.0454,0.0479,1.0444,
11.472,ENC,177.6299,0.0000,88.8149,5.1133,0.0000,-508.872,-3.455,0.940,-198.394,0.0454,0.0479,1.0444,
11.482,IMU,177.6299,0.0000,88.8149,5.1133,0.0000,-508.872,-3.506,0.943,-198.673,0.1138,0.0234,0.9668,
11.493,ENC,177.7372,0.0000,88.8686,5.3689,0.0000,-509.180,-3.506,0.943,-198.673,0.1138,0.0234,0.9668,
11.503,IMU,177.7372,0.0000,88.8686,5.3689,0.0000,-509.180,-3.467,0.915,-198.954,0.0381,0.0186,0.9697,
11.513,ENC,177.8395,0.0000,88.9198,5.1133,0.0000,-509.473,-3.467,0.915,-198.954,0.0381,0.0186,0.9697,
11.523,IMU,177.8395,0.0000,88.9198,5.1133,0.0000,-509.473,-3.513,0.991,-199.174,0.1226,0.0435,1.0410,
11.533,ENC,177.9332,0.0000,88.9666,4.6872,0.0000,-509.741,-3.513,0.991,-199.174,0.1226,0.0435,1.0410,
11.543,IMU,177.9332,0.0000,88.9666,4.6872,0.0000,-509.741,-3.544,1.068,-199.479,0.1025,0.0562,1.0000,
11.552,ENC,178.0270,0.0000,89.0135,4.6872,0.0000,-510.010,-3.544,1.068,-199.479,0.1025,0.0562,1.0000,
11.564,IMU,178.0270,0.0000,89.0135,4.6872,0.0000,-510.010,-3.542,1.039,-199.777,0.0771,0.0200,0.9883,
11.574,ENC,178.1241,0.0000,89.0621,4.8576,0.0000,-510.288,-3.542,1.039,-199.777,0.0771,0.0200,0.9883,
11.582,IMU,178.1241,0.0000,89.0621,4.8576,0.0000,-510.288,-3.523,1.045,-200.085,0.0957,0.0449,0.9561,
11.592,ENC,178.2145,0.0000,89.1072,4.5167,0.0000,-510.547,-3.523,1.045,-200.085,0.0957,0.0449,0.9561,
11.603,IMU,178.2145,0.0000,89.1072,4.5167,0.0000,-510.547,-3.504,1.013,-200.367,0.0098,-0.0059,1.0435,
11.612,ENC,178.3048,0.0000,89.1524,4.5167,0.0000,-510.806,-3.504,1.013,-200.367,0.0098,-0.0059,1.0435,
11.624,IMU,178.3048,0.0000,89.1524,4.5167,0.0000,-510.806,-3.439,0.989,-200.658,0.0195,-0.0127,1.0522,
11.633,ENC,178.3900,0.2113,89.3007,4.2611,10.5674,-510.444,-3.439,0.989,-200.658,0.0195,-0.0127,1.0522,
11.643,IMU,178.3900,0.2113,89.3007,4.2611,10.5674,-510.444,-3.545,1.038,-200.975,0.1475,0.0723,0.9883,
11.653,ENC,178.4718,0.0000,89.2359,4.0906,-10.5674,-511.284,-3.545,1.038,-200.975,0.1475,0.0723,0.9883,
11.662,IMU,178.4718,0.0000,89.2359,4.0906,-10.5674,-511.284,-3.605,1.031,-201.238,0.1274,0.0117,0.9873,
11.672,ENC,178.5554,0.0000,89.2777,4.1758,0.0000,-511.523,-3.605,1.031,-201.238,0.1274,0.0117,0.9873,
11.682,IMU,178.5554,0.0000,89.2777,4.1758,0.0000,-511.523,-3.646,1.043,-201.506,0.0859,0.0298,0.9463,
11.693,ENC,178.6389,0.0000,89.3194,4.1758,0.0000,-511.763,-3.646,1.043,-201.506,0.0859,0.0298,0.9463,
11.703,IMU,178.6389,0.0000,89.3194,4.1758,0.0000,-511.763,-3.621,1.044,-201.790,0.0322,0.0234,0.9854,
11.712,ENC,178.7207,0.0000,89.3603,4.0906,0.0000,-511.997,-3.621,1.044,-201.790,0.0322,0.0234,0.9854,
11.722,IMU,178.7207,0.0000,89.3603,4.0906,0.0000,-511.997,-3.614,0.922,-202.101,0.0547,-0.0522,0.9966,
11.732,ENC,178.8025,0.0000,89.4013,4.0906,0.0000,-512.231,-3.614,0.922,-202.101,0.0547,-0.0522,0.9966,
11.743,IMU,178.8025,0.0000,89.4013,4.0906,0.0000,-512.231,-3.623,0.877,-202.422,0.0601,-0.0332,1.0220,
11.754,ENC,178.8894,0.0000,89.4447,4.3463,0.0000,-512.480,-3.623,0.877,-202.422,0.0601,-0.0332,1.0220,
11.762,IMU,178.8894,0.0000,89.4447,4.3463,0.0000,-512.480,-3.686,0.892,-202.754,0.0898,0.0308,0.9976,
11.772,ENC,178.9729,0.0000,89.4865,4.1758,0.0000,-512.720,-3.686,0.892,-202.754,0.0898,0.0308,0.9976,
11.782,IMU,178.9729,0.0000,89.4865,4.1758,0.0000,-512.720,-3.712,0.872,-203.087,0.0762,0.0005,0.9932,
11.792,ENC,179.0582,0.0000,89.5291,4.2611,0.0000,-512.964,-3.712,0.872,-203.087,0.0762,0.0005,0.9932,
11.802,IMU,179.0582,0.0000,89.5291,4.2611,0.0000,-512.964,-3.715,0.799,-203.355,0.0708,-0.0068,0.9648,
11.812,ENC,179.1434,0.0000,89.5717,4.2611,0.0000,-513.208,-3.715,0.799,-203.355,0.0708,-0.0068,0.9648,
11.823,IMU,179.1434,0.0000,89.5717,4.2611,0.0000,-513.208,-3.671,0.769,-203.637,0.0479,-0.0156,0.9800,
11.834,ENC,179.2320,0.0000,89.6160,4.4315,0.0000,-513.462,-3.671,0.769,-203.637,0.0479,-0.0156,0.9800,
11.843,IMU,179.2320,0.0000,89.6160,4.4315,0.0000,-513.462,-3.688,0.741,-203.965,0.0688,-0.0107,0.9980,
11.852,ENC,179.3189,0.0000,89.6595,4.3463,0.0000,-513.711,-3.688,0.741,-203.965,0.0688,-0.0107,0.9980,
11.863,IMU,179.3189,0.0000,89.6595,4.3463,0.0000,-513.711,-3.678,0.694,-204.250,0.0659,-0.0264,0.9746,
11.874,ENC,179.4093,0.0000,89.7046,4.5167,0.0000,-513.970,-3.678,0.694,-204.250,0.0659,-0.0264,0.9746,
11.883,IMU,179.4093,0.0000,89.7046,4.5167,0.0000,-513.970,-3.647,0.651,-204.587,0.0308,-0.0020,1.0005,
11.893,ENC,179.5098,0.0000,89.7549,5.0280,0.0000,-514.258,-3.647,0.651,-204.587,0.0308,-0.0020,1.0005,
11.903,IMU,179.5098,0.0000,89.7549,5.0280,0.0000,-514.258,-3.632,0.646,-204.946,0.0449,0.0181,1.0068,
11.912,ENC,179.6036,-0.2182,89.6927,4.6872,-10.9083,-515.151,-3.632,0.646,-204.946,0.0449,0.0181,1.0068,
11.923,IMU,179.6036,-0.2182,89.6927,4.6872,-10.9083,-515.151,-3.645,0.581,-205.282,0.0840,-0.0391,1.0259,
11.933,ENC,179.7024,0.1994,89.9509,4.9428,20.8792,-514.238,-3.645,0.581,-205.282,0.0840,-0.0391,1.0259,
11.945,IMU,179.7024,0.1994,89.9509,4.9428,20.8792,-514.238,-3.600,0.498,-205.605,0.0229,-0.0513,0.9629,
11.952,ENC,179.7928,0.0000,89.8964,4.5167,-9.9709,-515.068,-3.600,0.498,-205.605,0.0229,-0.0513,0.9629,
11.965,IMU,179.7928,0.0000,89.8964,4.5167,-9.9709,-515.068,-3.598,0.457,-205.955,0.0820,-0.0112,1.0376,
11.973,ENC,179.8882,0.0000,89.9441,4.7724,0.0000,-515.342,-3.598,0.457,-205.955,0.0820,-0.0112,1.0376,
11.983,IMU,179.8882,0.0000,89.9441,4.7724,0.0000,-515.342,-3.633,0.415,-206.245,0.0776,-0.0195,0.9810,
11.992,ENC,179.9854,0.0000,89.9927,4.8576,0.0000,-515.620,-3.633,0.415,-206.245,0.0776,-0.0195,0.9810,
12.003,IMU,179.9854,0.0000,89.9927,4.8576,0.0000,-515.620,-3.590,0.367,-206.621,0.0444,0.0093,0.9668,
12.012,ENC,180.0791,0.0000,90.0396,4.6872,0.0000,-515.889,-3.590,0.367,-206.621,0.0444,0.0093,0.9668,
12.025,IMU,180.0791,0.0000,90.0396,4.6872,0.0000,-515.889,-3.640,0.374,-206.924,0.0605,0.0337,1.0117,
12.032,ENC,180.1712,0.0000,90.0856,4.6019,0.0000,-516.152,-3.640,0.374,-206.924,0.0605,0.0337,1.0117,
12.044,IMU,180.1712,0.0000,90.0856,4.6019,0.0000,-516.152,-3.635,0.289,-207.227,0.0430,-0.0127,0.9810,
12.052,ENC,180.2734,0.0000,90.1367,5.1133,0.0000,-516.445,-3.635,0.289,-207.227,0.0430,-0.0127,0.9810,
12.063,IMU,180.2734,0.0000,90.1367,5.1133,0.0000,-516.445,-3.644,0.210,-207.529,0.0332,-0.0186,1.0483,
12.073,ENC,180.3740,0.0000,90.1870,5.0280,0.0000,-516.733,-3.644,0.210,-207.529,0.0332,-0.0186,1.0483,
12.083,IMU,180.3740,0.0000,90.1870,5.0280,0.0000,-516.733,-3.628,0.149,-207.885,0.0596,-0.0103,1.0415,
12.092,ENC,180.4711,0.0000,90.2356,4.8576,0.0000,-517.012,-3.628,0.149,-207.885,0.0596,-0.0103,1.0415,
12.105,IMU,180.4711,0.0000,90.2356,4.8576,0.0000,-517.012,-3.684,0.170,-208.143,0.1060,0.0234,0.9717,
12.116,ENC,180.5700,0.0000,90.2850,4.9428,0.0000,-517.295,-3.684,0.170,-208.143,0.1060,0.0234,0.9717,
12.128,IMU,180.5700,0.0000,90.2850,4.9428,0.0000,-517.295,-3.703,0.166,-208.478,0.0830,0.0200,0.9907,
12.132,ENC,180.6706,0.0000,90.3353,5.0280,0.0000,-517.583,-3.703,0.166,-208.478,0.0830,0.0200,0.9907,
12.143,IMU,180.6706,0.0000,90.3353,5.0280,0.0000,-517.583,-3.659,0.172,-208.791,0.0264,-0.0068,1.0024,
12.153,ENC,180.7728,0.0000,90.3864,5.1133,0.0000,-517.876,-3.659,0.172,-208.791,0.0264,-0.0068,1.0024,
12.163,IMU,180.7728,0.0000,90.3864,5.1133,0.0000,-517.876,-3.683,0.101,-209.138,0.0684,-0.0371,1.0698,
12.172,ENC,180.8751,0.0000,90.4375,5.1133,0.0000,-518.169,-3.683,0.101,-209.138,0.0684,-0.0371,1.0698,
12.183,IMU,180.8751,0.0000,90.4375,5.1133,0.0000,-518.169,-3.675,0.056,-209.500,0.0454,-0.0176,1.0244,
12.192,ENC,180.9603,0.0000,90.4802,4.2611,0.0000,-518.413,-3.675,0.056,-209.500,0.0454,-0.0176,1.0244,
12.204,IMU,180.9603,0.0000,90.4802,4.2611,0.0000,-518.413,-3.659,0.047,-209.814,0.0498,0.0088,1.0107,
12.212,ENC,181.0506,0.0000,90.5253,4.5167,0.0000,-518.672,-3.659,0.047,-209.814,0.0498,0.0088,1.0107,
12.223,IMU,181.0506,0.0000,90.5253,4.5167,0.0000,-518.672,-3.662,-0.031,-210.131,0.0957,-0.0234,0.8911,
12.233,ENC,181.1461,0.0000,90.5730,4.7724,0.0000,-518.945,-3.662,-0.031,-210.131,0.0957,-0.0234,0.8911,
12.246,IMU,181.1461,0.0000,90.5730,4.7724,0.0000,-518.945,-3.662,-0.108,-210.487,0.0308,-0.0044,1.0195,
12.252,ENC,181.2398,0.0000,90.6199,4.6872,0.0000,-519.214,-3.662,-0.108,-210.487,0.0308,-0.0044,1.0195,
12.263,IMU,181.2398,0.0000,90.6199,4.6872,0.0000,-519.214,-3.798,-0.101,-210.841,0.1328,0.0317,0.9634,
12.272,ENC,181.3472,0.0000,90.6736,5.3689,0.0000,-519.521,-3.798,-0.101,-210.841,0.1328,0.0317,0.9634,
12.287,IMU,181.3472,0.0000,90.6736,5.3689,0.0000,-519.521,-3.814,-0.094,-211.231,0.0762,0.0356,1.0537,
12.293,ENC,181.4699,0.0000,90.7350,6.1359,0.0000,-519.873,-3.814,-0.094,-211.231,0.0762,0.0356,1.0537,
12.303,IMU,181.4699,0.0000,90.7350,6.1359,0.0000,-519.873,-3.775,-0.196,-211.700,0.0469,-0.0693,0.9224,
12.312,ENC,181.5858,0.0000,90.7929,5.7950,0.0000,-520.205,-3.775,-0.196,-211.700,0.0469,-0.0693,0.9224,
12.323,IMU,181.5858,0.0000,90.7929,5.7950,0.0000,-520.205,-3.786,-0.214,-212.149,0.0879,0.0020,1.0112,
12.332,ENC,181.7034,0.0000,90.8517,5.8803,0.0000,-520.542,-3.786,-0.214,-212.149,0.0879,0.0020,1.0112,
12.343,IMU,181.7034,0.0000,90.8517,5.8803,0.0000,-520.542,-3.727,-0.322,-212.606,0.0801,-0.0854,1.0166,
12.352,ENC,181.8176,0.0000,90.9088,5.7098,0.0000,-520.869,-3.727,-0.322,-212.606,0.0801,-0.0854,1.0166,
12.365,IMU,181.8176,0.0000,90.9088,5.7098,0.0000,-520.869,-3.798,-0.458,-213.062,0.1626,-0.0850,0.8945,
12.373,ENC,181.9284,0.0000,90.9642,5.5394,0.0000,-521.187,-3.798,-0.458,-213.062,0.1626,-0.0850,0.8945,
12.383,IMU,181.9284,0.0000,90.9642,5.5394,0.0000,-521.187,-3.838,-0.502,-213.444,0.0752,-0.0044,0.9971,
12.392,ENC,182.0426,0.0000,91.0213,5.7098,0.0000,-521.514,-3.838,-0.502,-213.444,0.0752,-0.0044,0.9971,
12.403,IMU,182.0426,0.0000,91.0213,5.7098,0.0000,-521.514,-3.784,-0.545,-213.867,0.0107,-0.0112,0.9536,
12.415,ENC,182.1636,0.0000,91.0818,6.0507,0.0000,-521.860,-3.784,-0.545,-213.867,0.0107,-0.0112,0.9536,
12.424,IMU,182.1636,0.0000,91.0818,6.0507,0.0000,-521.860,-3.859,-0.575,-214.231,0.1021,-0.0254,0.9243,
12.433,ENC,182.2693,0.0000,91.1347,5.2837,0.0000,-522.163,-3.859,-0.575,-214.231,0.1021,-0.0254,0.9243,
12.445,IMU,182.2693,0.0000,91.1347,5.2837,0.0000,-522.163,-3.809,-0.558,-214.686,0.0527,0.0356,0.9497,
12.452,ENC,182.3767,0.0000,91.1883,5.3689,0.0000,-522.471,-3.809,-0.558,-214.686,0.0527,0.0356,0.9497,
12.463,IMU,182.3767,0.0000,91.1883,5.3689,0.0000,-522.471,-3.766,-0.568,-215.109,0.0269,-0.0142,0.9761,
12.473,ENC,182.4926,0.0000,91.2463,5.7950,0.0000,-522.803,-3.766,-0.568,-215.109,0.0269,-0.0142,0.9761,
12.482,IMU,182.4926,0.0000,91.2463,5.7950,0.0000,-522.803,-3.776,-0.501,-215.527,0.0947,0.0361,0.9780,
12.492,ENC,182.6017,0.0000,91.3008,5.4542,0.0000,-523.115,-3.776,-0.501,-215.527,0.0947,0.0361,0.9780,
12.503,IMU,182.6017,0.0000,91.3008,5.4542,0.0000,-523.115,-3.712,-0.547,-216.017,0.0205,-0.0283,0.9976,
12.513,ENC,182.7056,0.0000,91.3528,5.1985,0.0000,-523.413,-3.712,-0.547,-216.017,0.0205,-0.0283,0.9976,
12.522,IMU,182.7056,0.0000,91.3528,5.1985,0.0000,-523.413,-3.745,-0.561,-216.427,0.0830,0.0181,1.0903,
12.532,ENC,182.8113,0.0000,91.4057,5.2837,0.0000,-523.716,-3.745,-0.561,-216.427,0.0830,0.0181,1.0903,
12.544,IMU,182.8113,0.0000,91.4057,5.2837,0.0000,-523.716,-3.679,-0.621,-216.897,0.0488,0.0063,1.1094,
12.556,ENC,182.9323,0.0000,91.4662,6.0507,0.0000,-524.063,-3.679,-0.621,-216.897,0.0488,0.0063,1.1094,
12.573,ENC,183.0602,0.0000,91.5301,6.3916,0.0000,-524.429,-3.679,-0.621,-216.897,0.0488,0.0063,1.1094,
12.582,IMU,183.0602,0.0000,91.5301,6.3916,0.0000,-524.429,-3.767,-0.678,-217.822,0.0859,0.0049,1.0054,
12.593,ENC,183.1778,0.0000,91.5889,5.8803,0.0000,-524.766,-3.767,-0.678,-217.822,0.0859,0.0049,1.0054,
12.603,IMU,183.1778,0.0000,91.5889,5.8803,0.0000,-524.766,-3.821,-0.738,-218.235,0.0781,-0.0439,1.0098,
12.616,ENC,183.2903,0.0000,91.6451,5.6246,0.0000,-525.088,-3.821,-0.738,-218.235,0.0781,-0.0439,1.0098,
12.633,ENC,183.4130,0.0000,91.7065,6.1359,0.0000,-525.439,-3.821,-0.738,-218.235,0.0781,-0.0439,1.0098,
12.646,IMU,183.4130,0.0000,91.7065,6.1359,0.0000,-525.439,-3.889,-0.768,-219.084,0.0850,-0.0205,0.9785,
12.652,ENC,183.5221,0.0000,91.7610,5.4542,0.0000,-525.752,-3.889,-0.768,-219.084,0.0850,-0.0205,0.9785,
12.672,ENC,183.6311,0.0000,91.8156,5.4542,0.0000,-526.064,-3.889,-0.768,-219.084,0.0850,-0.0205,0.9785,
12.683,IMU,183.6311,0.0000,91.8156,5.4542,0.0000,-526.064,-3.917,-0.726,-219.858,0.0776,-0.0049,0.9487,
12.692,ENC,183.7658,0.0000,91.8829,6.7325,0.0000,-526.450,-3.917,-0.726,-219.858,0.0776,-0.0049,0.9487,
12.712,ENC,183.8885,0.0000,91.9443,6.1359,0.0000,-526.802,-3.917,-0.726,-219.858,0.0776,-0.0049,0.9487,
12.724,IMU,183.8885,0.0000,91.9443,6.1359,0.0000,-526.802,-3.873,-0.842,-220.664,0.0278,-0.0566,0.9727,
12.732,ENC,184.0078,0.0000,92.0039,5.9655,0.0000,-527.144,-3.873,-0.842,-220.664,0.0278,-0.0566,0.9727,
12.742,IMU,184.0078,0.0000,92.0039,5.9655,0.0000,-527.144,-3.914,-0.900,-221.069,0.0605,-0.0327,1.0469,
12.752,ENC,184.1203,0.0000,92.0602,5.6246,0.0000,-527.466,-3.914,-0.900,-221.069,0.0605,-0.0327,1.0469,
12.763,IMU,184.1203,0.0000,92.0602,5.6246,0.0000,-527.466,-3.905,-0.952,-221.466,0.0576,-0.0498,0.9453,
12.772,ENC,184.2243,0.0000,92.1121,5.1985,0.0000,-527.764,-3.905,-0.952,-221.466,0.0576,-0.0498,0.9453,
12.783,IMU,184.2243,0.0000,92.1121,5.1985,0.0000,-527.764,-3.748,-1.008,-221.767,-0.0376,-0.0283,0.9165,
12.794,ENC,184.3180,0.0000,92.1590,4.6872,0.0000,-528.032,-3.748,-1.008,-221.767,-0.0376,-0.0283,0.9165,
12.803,IMU,184.3180,0.0000,92.1590,4.6872,0.0000,-528.032,-3.719,-1.010,-222.033,0.0386,-0.0122,1.0073,
12.813,ENC,184.3964,0.0000,92.1982,3.9202,0.0000,-528.257,-3.719,-1.010,-222.033,0.0386,-0.0122,1.0073,
12.824,IMU,184.3964,0.0000,92.1982,3.9202,0.0000,-528.257,-3.451,-1.071,-222.279,-0.1450,-0.0269,1.0620,
12.832,ENC,184.4424,0.0000,92.2212,2.3010,0.0000,-528.389,-3.451,-1.071,-222.279,-0.1450,-0.0269,1.0620,
12.845,IMU,184.4424,0.0000,92.2212,2.3010,0.0000,-528.389,-3.268,-1.135,-222.405,-0.1011,-0.0244,1.0532,
12.852,ENC,184.4765,0.1636,92.3201,1.7044,8.1812,-528.018,-3.268,-1.135,-222.405,-0.1011,-0.0244,1.0532,
12.863,IMU,184.4765,0.1636,92.3201,1.7044,8.1812,-528.018,-3.295,-1.128,-222.486,0.0552,-0.0151,0.9990,
12.875,ENC,184.5021,0.0000,92.2510,1.2783,-8.1812,-528.560,-3.295,-1.128,-222.486,0.0552,-0.0151,0.9990,
12.884,IMU,184.5021,0.0000,92.2510,1.2783,-8.1812,-528.560,-3.335,-1.040,-222.580,0.0747,0.0439,1.0327,
12.892,ENC,184.5191,0.0000,92.2596,0.8522,0.0000,-528.608,-3.335,-1.040,-222.580,0.0747,0.0439,1.0327,
12.903,IMU,184.5191,0.0000,92.2596,0.8522,0.0000,-528.608,-3.402,-1.064,-222.710,0.0728,-0.0181,0.9570,
12.913,ENC,184.5430,0.0000,92.2715,1.1931,0.0000,-528.677,-3.402,-1.064,-222.710,0.0728,-0.0181,0.9570,
12.924,IMU,184.5430,0.0000,92.2715,1.1931,0.0000,-528.677,-3.382,-1.290,-222.821,0.0591,-0.1089,1.0049,
12.934,ENC,184.5839,0.0000,92.2920,2.0453,0.0000,-528.794,-3.382,-1.290,-222.821,0.0591,-0.1089,1.0049,
12.944,IMU,184.5839,0.0000,92.2920,2.0453,0.0000,-528.794,-3.445,-1.382,-222.942,0.0728,-0.0801,1.0586,
12.952,ENC,184.6402,0.0000,92.3201,2.8123,0.0000,-528.955,-3.445,-1.382,-222.942,0.0728,-0.0801,1.0586,
12.963,IMU,184.6402,0.0000,92.3201,2.8123,0.0000,-528.955,-3.519,-1.491,-223.100,0.1035,-0.1060,1.0122,
12.974,ENC,184.7271,0.0000,92.3635,4.3463,0.0000,-529.204,-3.519,-1.491,-223.100,0.1035,-0.1060,1.0122,
12.988,IMU,184.7271,0.0000,92.3635,4.3463,0.0000,-529.204,-3.539,-1.582,-223.311,0.0796,-0.0850,1.0737,
12.992,ENC,184.8379,0.0000,92.4189,5.5394,0.0000,-529.521,-3.539,-1.582,-223.311,0.0796,-0.0850,1.0737,
13.030,IMU,184.8379,0.0000,92.4189,5.5394,0.0000,-529.521,-3.598,-1.656,-223.469,0.0850,-0.0645,1.0078,
13.031,ENC,184.9657,0.0000,92.4828,6.3916,0.0000,-529.888,-3.598,-1.656,-223.469,0.0850,-0.0645,1.0078,
13.035,IMU,184.9657,0.0000,92.4828,6.3916,0.0000,-529.888,-3.617,-1.730,-223.659,0.0508,-0.0557,1.0303,
13.037,ENC,185.0935,0.0000,92.5468,6.3916,0.0000,-530.254,-3.617,-1.730,-223.659,0.0508,-0.0557,1.0303,
13.044,IMU,185.0935,0.0000,92.5468,6.3916,0.0000,-530.254,-3.487,-1.753,-223.807,-0.0903,-0.0283,0.9258,
13.054,ENC,185.2299,0.0000,92.6149,6.8177,0.0000,-530.645,-3.487,-1.753,-223.807,-0.0903,-0.0283,0.9258,
13.068,IMU,185.2299,0.0000,92.6149,6.8177,0.0000,-530.645,-3.484,-1.784,-223.973,0.0698,-0.0498,1.0654,
13.072,ENC,185.3628,0.0000,92.6814,6.6473,0.0000,-531.025,-3.484,-1.784,-223.973,0.0698,-0.0498,1.0654,
13.083,IMU,185.3628,0.0000,92.6814,6.6473,0.0000,-531.025,-3.505,-1.773,-224.152,0.0874,-0.0195,0.9878,
13.093,ENC,185.4890,0.0000,92.7445,6.3064,0.0000,-531.387,-3.505,-1.773,-224.152,0.0874,-0.0195,0.9878,
13.113,ENC,185.6202,0.0000,92.8101,6.5620,0.0000,-531.763,-3.505,-1.773,-224.152,0.0874,-0.0195,0.9878,
13.122,IMU,185.6202,0.0000,92.8101,6.5620,0.0000,-531.763,-3.424,-1.651,-224.354,0.0444,0.0703,0.9805,
13.132,ENC,185.7208,0.0000,92.8604,5.0280,0.0000,-532.051,-3.424,-1.651,-224.354,0.0444,0.0703,0.9805,
13.143,IMU,185.7208,0.0000,92.8604,5.0280,0.0000,-532.051,-3.338,-1.614,-224.334,-0.0493,0.0254,0.9995,
13.153,ENC,185.8026,0.0000,92.9013,4.0906,0.0000,-532.285,-3.338,-1.614,-224.334,-0.0493,0.0254,0.9995,
13.163,IMU,185.8026,0.0000,92.9013,4.0906,0.0000,-532.285,-3.212,-1.557,-224.203,-0.0669,0.0181,1.0103,
13.172,ENC,185.8622,0.0000,92.9311,2.9827,0.0000,-532.456,-3.212,-1.557,-224.203,-0.0669,0.0181,1.0103,
13.183,IMU,185.8622,0.0000,92.9311,2.9827,0.0000,-532.456,-3.360,-1.517,-224.087,0.0938,-0.0112,0.9575,
13.210,ENC,185.9099,0.0000,92.9550,2.3862,0.0000,-532.593,-3.360,-1.517,-224.087,0.0938,-0.0112,0.9575,
13.213,ENC,185.9560,0.0000,92.9780,2.3010,0.0000,-532.725,-3.360,-1.517,-224.087,0.0938,-0.0112,0.9575,
13.222,IMU,185.9560,0.0000,92.9780,2.3010,0.0000,-532.725,-3.429,-1.477,-223.781,0.1450,0.0234,0.9956,
13.233,ENC,185.9969,0.0000,92.9984,2.0453,0.0000,-532.842,-3.429,-1.477,-223.781,0.1450,0.0234,0.9956,
13.242,IMU,185.9969,0.0000,92.9984,2.0453,0.0000,-532.842,-3.393,-1.473,-223.604,0.0488,-0.0342,1.0259,
13.256,ENC,186.0310,0.0000,93.0155,1.7044,0.0000,-532.939,-3.393,-1.473,-223.604,0.0488,-0.0342,1.0259,
13.262,IMU,186.0310,0.0000,93.0155,1.7044,0.0000,-532.939,-3.430,-1.380,-223.517,0.0776,0.0229,1.0059,
13.275,ENC,186.0702,0.0000,93.0351,1.9601,0.0000,-533.052,-3.430,-1.380,-223.517,0.0776,0.0229,1.0059,
13.283,IMU,186.0702,0.0000,93.0351,1.9601,0.0000,-533.052,-3.343,-1.358,-223.408,-0.0356,0.0107,0.9453,
13.292,ENC,186.1230,0.0000,93.0615,2.6419,0.0000,-533.203,-3.343,-1.358,-223.408,-0.0356,0.0107,0.9453,
13.303,IMU,186.1230,0.0000,93.0615,2.6419,0.0000,-533.203,-3.213,-1.496,-223.262,-0.1206,-0.0757,1.0742,
13.315,ENC,186.1861,0.0000,93.0930,3.1532,0.0000,-533.384,-3.213,-1.496,-223.262,-0.1206,-0.0757,1.0742,
13.322,IMU,186.1861,0.0000,93.0930,3.1532,0.0000,-533.384,-3.177,-1.446,-222.992,0.0142,-0.0098,1.2422,
13.333,ENC,186.2184,0.0000,93.1092,1.6192,0.0000,-533.477,-3.177,-1.446,-222.992,0.0142,-0.0098,1.2422,
13.343,IMU,186.2184,0.0000,93.1092,1.6192,0.0000,-533.477,-3.119,-1.647,-222.657,0.0000,-0.2231,0.8032,
13.353,ENC,186.2321,0.0000,93.1160,0.6818,0.0000,-533.516,-3.119,-1.647,-222.657,0.0000,-0.2231,0.8032,
13.362,IMU,186.2321,0.0000,93.1160,0.6818,0.0000,-533.516,-3.111,-1.737,-222.317,0.0952,-0.0996,1.0269,
13.372,ENC,186.2645,0.0000,93.1322,1.6192,0.0000,-533.608,-3.111,-1.737,-222.317,0.0952,-0.0996,1.0269,
13.383,IMU,186.2645,0.0000,93.1322,1.6192,0.0000,-533.608,-3.211,-1.686,-221.994,0.0669,-0.0200,1.0464,
13.392,ENC,186.2934,0.0000,93.1467,1.4488,0.0000,-533.691,-3.211,-1.686,-221.994,0.0669,-0.0200,1.0464,
13.403,IMU,186.2934,0.0000,93.1467,1.4488,0.0000,-533.691,-3.327,-1.999,-221.720,0.1621,-0.2510,0.8335,
13.413,ENC,186.3224,0.0000,93.1612,1.4488,0.0000,-533.774,-3.327,-1.999,-221.720,0.1621,-0.2510,0.8335,
13.423,IMU,186.3224,0.0000,93.1612,1.4488,0.0000,-533.774,-3.340,-1.981,-221.367,0.0464,-0.0923,1.0410,
13.433,ENC,186.3344,0.0000,93.1672,0.5965,0.0000,-533.809,-3.340,-1.981,-221.367,0.0464,-0.0923,1.0410,
13.446,IMU,186.3344,0.0000,93.1672,0.5965,0.0000,-533.809,-3.366,-1.991,-221.002,0.1040,-0.0283,0.9473,
13.452,ENC,186.3616,0.0000,93.1808,1.3635,0.0000,-533.887,-3.366,-1.991,-221.002,0.1040,-0.0283,0.9473,
13.463,IMU,186.3616,0.0000,93.1808,1.3635,0.0000,-533.887,-3.329,-1.835,-220.672,0.0815,0.0757,1.0649,
13.473,ENC,186.3753,0.0000,93.1876,0.6818,0.0000,-533.926,-3.329,-1.835,-220.672,0.0815,0.0757,1.0649,
13.483,IMU,186.3753,0.0000,93.1876,0.6818,0.0000,-533.926,-3.339,-1.754,-220.360,0.0957,-0.0073,0.7446,
13.498,ENC,186.3974,0.0000,93.1987,1.1079,0.0000,-533.989,-3.339,-1.754,-220.360,0.0957,-0.0073,0.7446,
13.503,IMU,186.3974,0.0000,93.1987,1.1079,0.0000,-533.989,-3.364,-1.503,-220.021,0.1646,0.1919,1.0796,
13.513,ENC,186.4179,0.0000,93.2089,1.0227,0.0000,-534.048,-3.364,-1.503,-220.021,0.1646,0.1919,1.0796,
13.523,IMU,186.4179,0.0000,93.2089,1.0227,0.0000,-534.048,-3.240,-1.552,-219.702,-0.0190,-0.0693,1.0420,
13.532,ENC,186.4213,0.0000,93.2106,0.1704,0.0000,-534.058,-3.240,-1.552,-219.702,-0.0190,-0.0693,1.0420,
13.544,IMU,186.4213,0.0000,93.2106,0.1704,0.0000,-534.058,-3.193,-1.475,-219.361,0.0049,0.0132,0.9878,
13.552,ENC,186.4213,0.0000,93.2106,0.0000,0.0000,-534.058,-3.193,-1.475,-219.361,0.0049,0.0132,0.9878,
13.562,IMU,186.4213,0.0000,93.2106,0.0000,0.0000,-534.058,-3.301,-1.474,-219.074,0.1284,-0.0425,0.7339,
13.575,ENC,186.4230,0.0000,93.2115,0.0852,0.0000,-534.062,-3.301,-1.474,-219.074,0.1284,-0.0425,0.7339,
13.583,IMU,186.4230,0.0000,93.2115,0.0852,0.0000,-534.062,-3.150,-1.373,-218.692,-0.0410,0.0444,1.1367,
13.594,ENC,186.4230,0.0000,93.2115,0.0000,0.0000,-534.062,-3.150,-1.373,-218.692,-0.0410,0.0444,1.1367,
13.602,IMU,186.4230,0.0000,93.2115,0.0000,0.0000,-534.062,-3.190,-1.475,-218.380,0.0605,-0.1475,0.8599,
13.612,ENC,186.4230,0.0000,93.2115,0.0000,0.0000,-534.062,-3.190,-1.475,-218.380,0.0605,-0.1475,0.8599,
13.622,IMU,186.4230,0.0000,93.2115,0.0000,0.0000,-534.062,-3.107,-1.367,-218.035,0.0054,0.0239,1.0054,
13.632,ENC,186.4230,0.0000,93.2115,0.0000,0.0000,-534.062,-3.107,-1.367,-218.035,0.0054,0.0239,1.0054,
13.642,IMU,186.4230,0.0000,93.2115,0.0000,0.0000,-534.062,-3.230,-1.255,-217.677,0.1714,0.0493,0.9282,
13.653,ENC,186.4230,0.0000,93.2115,0.0000,0.0000,-534.062,-3.230,-1.255,-217.677,0.1714,0.0493,0.9282,
13.663,IMU,186.4230,0.0000,93.2115,0.0000,0.0000,-534.062,-3.242,-1.257,-217.340,0.0220,-0.0801,0.9800,
13.673,ENC,186.4213,0.0000,93.2106,-0.0852,0.0000,-534.058,-3.242,-1.257,-217.340,0.0220,-0.0801,0.9800,
13.682,IMU,186.4213,0.0000,93.2106,-0.0852,0.0000,-534.058,-3.289,-1.227,-217.068,0.1626,-0.0132,0.8716,
13.694,ENC,186.4213,0.0000,93.2106,0.0000,0.0000,-534.058,-3.289,-1.227,-217.068,0.1626,-0.0132,0.8716,
13.703,IMU,186.4213,0.0000,93.2106,0.0000,0.0000,-534.058,-3.364,-1.087,-216.694,0.1084,0.0757,1.0122,
13.712,ENC,186.4213,0.0000,93.2106,0.0000,0.0000,-534.058,-3.364,-1.087,-216.694,0.1084,0.0757,1.0122,
13.723,IMU,186.4213,0.0000,93.2106,0.0000,0.0000,-534.058,-3.271,-1.140,-216.341,-0.1128,-0.0962,1.2119,
13.732,ENC,186.4213,0.0000,93.2106,0.0000,0.0000,-534.058,-3.271,-1.140,-216.341,-0.1128,-0.0962,1.2119,
13.753,ENC,186.4213,0.0000,93.2106,0.0000,0.0000,-534.058,-3.271,-1.140,-216.341,-0.1128,-0.0962,1.2119,
13.763,IMU,186.4213,0.0000,93.2106,0.0000,0.0000,-534.058,-3.329,-1.036,-215.582,0.1382,0.0786,0.9814,
13.773,ENC,186.4213,0.0000,93.2106,0.0000,0.0000,-534.058,-3.329,-1.036,-215.582,0.1382,0.0786,0.9814,
13.782,IMU,186.4213,0.0000,93.2106,0.0000,0.0000,-534.058,-3.332,-1.101,-215.255,-0.0229,-0.0898,1.2383,
13.793,ENC,186.4213,0.0000,93.2106,0.0000,0.0000,-534.058,-3.332,-1.101,-215.255,-0.0229,-0.0898,1.2383,
13.804,IMU,186.4213,0.0000,93.2106,0.0000,0.0000,-534.058,-3.324,-0.987,-214.910,0.0947,0.0532,0.9922,
13.812,ENC,186.4213,0.0000,93.2106,0.0000,0.0000,-534.058,-3.324,-0.987,-214.910,0.0947,0.0532,0.9922,
13.823,IMU,186.4213,0.0000,93.2106,0.0000,0.0000,-534.058,-3.490,-0.776,-214.585,0.1899,0.1460,0.8726,
13.832,ENC,186.4213,0.0000,93.2106,0.0000,0.0000,-534.058,-3.490,-0.776,-214.585,0.1899,0.1460,0.8726,
13.845,IMU,186.4213,0.0000,93.2106,0.0000,0.0000,-534.058,-3.420,-0.611,-214.329,0.0088,0.0859,1.1021,
13.857,ENC,186.4213,0.0000,93.2106,0.0000,0.0000,-534.058,-3.420,-0.611,-214.329,0.0088,0.0859,1.1021,
13.863,IMU,186.4213,0.0000,93.2106,0.0000,0.0000,-534.058,-3.509,-0.588,-213.985,0.1377,0.0229,0.9873,
13.886,ENC,186.4213,0.0000,93.2106,0.0000,0.0000,-534.058,-3.509,-0.588,-213.985,0.1377,0.0229,0.9873,
13.889,IMU,186.4213,0.0000,93.2106,0.0000,0.0000,-534.058,-3.499,-0.672,-213.670,0.0386,-0.1099,1.0220,
13.892,ENC,186.4213,0.0000,93.2106,0.0000,0.0000,-534.058,-3.499,-0.672,-213.670,0.0386,-0.1099,1.0220,
13.908,IMU,186.4213,0.0000,93.2106,0.0000,0.0000,-534.058,-3.553,-0.571,-213.414,0.0815,0.1060,1.0186,
13.912,ENC,186.4213,0.0000,93.2106,0.0000,0.0000,-534.058,-3.553,-0.571,-213.414,0.0815,0.1060,1.0186,
13.923,IMU,186.4213,0.0000,93.2106,0.0000,0.0000,-534.058,-3.421,-0.657,-213.143,-0.1079,-0.1406,1.2681,
13.932,ENC,186.4213,0.0000,93.2106,0.0000,0.0000,-534.058,-3.421,-0.657,-213.143,-0.1079,-0.1406,1.2681,
13.943,IMU,186.4213,0.0000,93.2106,0.0000,0.0000,-534.058,-3.486,-0.645,-212.838,0.1025,-0.0488,0.8174,
13.952,ENC,186.4213,0.0000,93.2106,0.0000,0.0000,-534.058,-3.486,-0.645,-212.838,0.1025,-0.0488,0.8174,
13.963,IMU,186.4213,0.0000,93.2106,0.0000,0.0000,-534.058,-3.470,-0.608,-212.472,0.0029,-0.0083,1.1455,
13.972,ENC,186.4213,0.0000,93.2106,0.0000,0.0000,-534.058,-3.470,-0.608,-212.472,0.0029,-0.0083,1.1455,
13.983,IMU,186.4213,0.0000,93.2106,0.0000,0.0000,-534.058,-3.297,-0.565,-212.136,-0.2476,0.0405,1.3477,
13.992,ENC,186.4213,0.0000,93.2106,0.0000,0.0000,-534.058,-3.297,-0.565,-212.136,-0.2476,0.0405,1.3477,
14.003,IMU,186.4213,0.0000,93.2106,0.0000,0.0000,-534.058,-3.160,-0.609,-211.860,-0.1689,-0.0659,1.1924,
14.012,ENC,186.4213,0.0000,93.2106,0.0000,0.0000,-534.058,-3.160,-0.609,-211.860,-0.1689,-0.0659,1.1924,
14.025,IMU,186.4213,0.0000,93.2106,0.0000,0.0000,-534.058,-3.215,-0.520,-211.533,0.1431,0.0967,1.0239,
14.032,ENC,186.4213,0.0000,93.2106,0.0000,0.0000,-534.058,-3.215,-0.520,-211.533,0.1431,0.0967,1.0239,
14.042,IMU,186.4213,0.0000,93.2106,0.0000,0.0000,-534.058,-3.216,-0.472,-211.221,0.0728,0.0132,1.0400,
14.052,ENC,186.4213,0.0000,93.2106,0.0000,0.0000,-534.058,-3.216,-0.472,-211.221,0.0728,0.0132,1.0400,
14.063,IMU,186.4213,0.0000,93.2106,0.0000,0.0000,-534.058,-3.133,-0.545,-210.923,-0.0615,-0.1196,1.2285,
14.073,ENC,186.4213,0.0000,93.2106,0.0000,0.0000,-534.058,-3.133,-0.545,-210.923,-0.0615,-0.1196,1.2285,
14.083,IMU,186.4213,0.0000,93.2106,0.0000,0.0000,-534.058,-3.231,-0.837,-210.634,0.0820,-0.2319,1.0215,
14.092,ENC,186.4196,0.0000,93.2098,-0.0852,0.0000,-534.053,-3.231,-0.837,-210.634,0.0820,-0.2319,1.0215,
14.102,IMU,186.4196,0.0000,93.2098,-0.0852,0.0000,-534.053,-3.338,-0.792,-210.370,0.1665,0.0024,0.7959,
14.113,ENC,186.4213,0.0000,93.2106,0.0852,0.0000,-534.058,-3.338,-0.792,-210.370,0.1665,0.0024,0.7959,
14.122,IMU,186.4213,0.0000,93.2106,0.0852,0.0000,-534.058,-3.448,-0.713,-210.081,0.1816,0.0479,0.9629,
14.132,ENC,186.4196,0.0000,93.2098,-0.0852,0.0000,-534.053,-3.448,-0.713,-210.081,0.1816,0.0479,0.9629,
14.142,IMU,186.4196,0.0000,93.2098,-0.0852,0.0000,-534.053,-3.373,-0.631,-209.770,-0.0581,0.0391,1.0776,
14.152,ENC,186.4196,0.0000,93.2098,0.0000,0.0000,-534.053,-3.373,-0.631,-209.770,-0.0581,0.0391,1.0776,
14.164,IMU,186.4196,0.0000,93.2098,0.0000,0.0000,-534.053,-3.336,-0.535,-209.524,-0.0200,0.0420,1.0986,
14.172,ENC,186.4196,0.0000,93.2098,0.0000,0.0000,-534.053,-3.336,-0.535,-209.524,-0.0200,0.0420,1.0986,
14.183,IMU,186.4196,0.0000,93.2098,0.0000,0.0000,-534.053,-3.419,-0.710,-209.225,0.1313,-0.1436,0.9150,
14.192,ENC,186.4196,0.0000,93.2098,0.0000,0.0000,-534.053,-3.419,-0.710,-209.225,0.1313,-0.1436,0.9150,
14.203,IMU,186.4196,0.0000,93.2098,0.0000,0.0000,-534.053,-3.487,-0.715,-208.923,0.1152,-0.0474,0.9443,
14.212,ENC,186.4196,0.0000,93.2098,0.0000,0.0000,-534.053,-3.487,-0.715,-208.923,0.1152,-0.0474,0.9443,
14.223,IMU,186.4196,0.0000,93.2098,0.0000,0.0000,-534.053,-3.525,-0.540,-208.710,0.0728,0.1621,1.1035,
14.232,ENC,186.4196,0.0000,93.2098,0.0000,0.0000,-534.053,-3.525,-0.540,-208.710,0.0728,0.1621,1.1035,
14.242,IMU,186.4196,0.0000,93.2098,0.0000,0.0000,-534.053,-3.606,-0.461,-208.527,0.1138,0.0503,0.9209,
14.253,ENC,186.4196,0.0000,93.2098,0.0000,0.0000,-534.053,-3.606,-0.461,-208.527,0.1138,0.0503,0.9209,
14.272,ENC,186.4196,0.0000,93.2098,0.0000,0.0000,-534.053,-3.606,-0.461,-208.527,0.1138,0.0503,0.9209,
14.283,IMU,186.4196,0.0000,93.2098,0.0000,0.0000,-534.053,-3.562,-0.534,-208.176,0.1899,0.0254,0.8770,
14.292,ENC,186.4196,0.0000,93.2098,0.0000,0.0000,-534.053,-3.562,-0.534,-208.176,0.1899,0.0254,0.8770,
14.303,IMU,186.4196,0.0000,93.2098,0.0000,0.0000,-534.053,-3.646,-0.481,-208.000,0.2051,0.0381,0.8672,
14.312,ENC,186.4213,0.0000,93.2106,0.0852,0.0000,-534.058,-3.646,-0.481,-208.000,0.2051,0.0381,0.8672,
14.323,IMU,186.4213,0.0000,93.2106,0.0852,0.0000,-534.058,-3.671,-0.588,-207.831,0.1685,-0.0732,0.8721,
14.332,ENC,186.4196,0.0000,93.2098,-0.0852,0.0000,-534.053,-3.671,-0.588,-207.831,0.1685,-0.0732,0.8721,
14.343,IMU,186.4196,0.0000,93.2098,-0.0852,0.0000,-534.053,-3.588,-0.618,-207.707,-0.0454,-0.0259,1.0581,
14.352,ENC,186.4196,0.0000,93.2098,0.0000,0.0000,-534.053,-3.588,-0.618,-207.707,-0.0454,-0.0259,1.0581,
14.362,IMU,186.4196,0.0000,93.2098,0.0000,0.0000,-534.053,-3.607,-0.709,-207.603,0.0918,-0.0938,0.9819,
14.372,ENC,186.4196,0.0000,93.2098,0.0000,0.0000,-534.053,-3.607,-0.709,-207.603,0.0918,-0.0938,0.9819,
14.382,IMU,186.4196,0.0000,93.2098,0.0000,0.0000,-534.053,-3.652,-0.623,-207.484,0.1138,0.0234,0.9902,
14.394,ENC,186.4196,0.0000,93.2098,0.0000,0.0000,-534.053,-3.652,-0.623,-207.484,0.1138,0.0234,0.9902,
14.403,IMU,186.4196,0.0000,93.2098,0.0000,0.0000,-534.053,-3.658,-0.763,-207.425,0.0264,-0.1519,1.0278,
14.413,ENC,186.4417,0.0000,93.2209,1.1079,0.0000,-534.116,-3.658,-0.763,-207.425,0.0264,-0.1519,1.0278,
14.424,IMU,186.4417,0.0000,93.2209,1.1079,0.0000,-534.116,-3.759,-0.795,-207.450,0.1528,-0.0381,0.9927,
14.433,ENC,186.5252,0.0000,93.2626,4.1758,0.0000,-534.355,-3.759,-0.795,-207.450,0.1528,-0.0381,0.9927,
14.443,IMU,186.5252,0.0000,93.2626,4.1758,0.0000,-534.355,-3.801,-0.821,-207.594,0.1616,-0.0845,0.9683,
14.452,ENC,186.6463,0.2045,93.4254,6.0507,10.2265,-534.116,-3.801,-0.821,-207.594,0.1616,-0.0845,0.9683,
14.462,IMU,186.6463,0.2045,93.4254,6.0507,10.2265,-534.116,-3.724,-0.767,-207.739,0.0034,0.0483,1.1064,
14.472,ENC,186.8082,0.0000,93.4041,8.0960,-10.2265,-535.166,-3.724,-0.767,-207.739,0.0034,0.0483,1.1064,
14.487,IMU,186.8082,0.0000,93.4041,8.0960,-10.2265,-535.166,-3.830,-0.680,-207.892,0.1123,0.0137,0.9692,
14.493,ENC,186.9888,0.0000,93.4944,9.0334,0.0000,-535.684,-3.830,-0.680,-207.892,0.1123,0.0137,0.9692,
14.503,IMU,186.9888,0.0000,93.4944,9.0334,0.0000,-535.684,-3.909,-0.584,-208.102,0.1270,0.0483,0.9189,
14.512,ENC,187.1661,0.0000,93.5831,8.8630,0.0000,-536.191,-3.909,-0.584,-208.102,0.1270,0.0483,0.9189,
14.523,IMU,187.1661,0.0000,93.5831,8.8630,0.0000,-536.191,-3.949,-0.536,-208.317,0.0923,0.0210,0.9688,
14.533,ENC,187.3468,0.0000,93.6734,9.0334,0.0000,-536.709,-3.949,-0.536,-208.317,0.0923,0.0210,0.9688,
14.543,IMU,187.3468,0.0000,93.6734,9.0334,0.0000,-536.709,-3.908,-0.878,-208.520,0.0610,-0.2002,0.9434,
14.553,ENC,187.5598,0.0000,93.7799,10.6526,0.0000,-537.319,-3.908,-0.878,-208.520,0.0610,-0.2002,0.9434,
14.563,IMU,187.5598,0.0000,93.7799,10.6526,0.0000,-537.319,-4.078,-1.062,-208.764,0.2183,-0.0996,1.0986,
14.573,ENC,187.8019,0.0000,93.9009,12.1014,0.0000,-538.013,-4.078,-1.062,-208.764,0.2183,-0.0996,1.0986,
14.583,IMU,187.8019,0.0000,93.9009,12.1014,0.0000,-538.013,-3.984,-1.036,-209.059,0.0425,-0.0332,1.0386,
14.593,ENC,188.0473,0.0000,94.0236,12.2718,0.0000,-538.716,-3.984,-1.036,-209.059,0.0425,-0.0332,1.0386,
14.603,IMU,188.0473,0.0000,94.0236,12.2718,0.0000,-538.716,-4.062,-0.744,-209.272,0.1450,0.1826,1.0347,
14.612,ENC,188.3098,0.0000,94.1549,13.1241,0.0000,-539.468,-4.062,-0.744,-209.272,0.1450,0.1826,1.0347,
14.622,IMU,188.3098,0.0000,94.1549,13.1241,0.0000,-539.468,-4.074,-0.819,-209.573,0.0146,-0.0430,1.0088,
14.632,ENC,188.5740,0.0000,94.2870,13.2093,0.0000,-540.225,-4.074,-0.819,-209.573,0.0146,-0.0430,1.0088,
14.643,IMU,188.5740,0.0000,94.2870,13.2093,0.0000,-540.225,-4.012,-0.814,-209.961,-0.0015,0.0889,1.1729,
14.654,ENC,188.8160,0.0000,94.4080,12.1014,0.0000,-540.918,-4.012,-0.814,-209.961,-0.0015,0.0889,1.1729,
14.664,IMU,188.8160,0.0000,94.4080,12.1014,0.0000,-540.918,-3.969,-0.837,-210.365,0.0317,-0.0303,1.0244,
14.672,ENC,189.0529,0.0000,94.5265,11.8457,0.0000,-541.597,-3.969,-0.837,-210.365,0.0317,-0.0303,1.0244,
14.683,IMU,189.0529,0.0000,94.5265,11.8457,0.0000,-541.597,-3.992,-0.774,-210.717,0.0664,0.0186,0.9258,
14.692,ENC,189.2813,0.0000,94.6406,11.4196,0.0000,-542.251,-3.992,-0.774,-210.717,0.0664,0.0186,0.9258,
14.704,IMU,189.2813,0.0000,94.6406,11.4196,0.0000,-542.251,-4.032,-0.963,-211.104,0.0845,-0.1001,0.9775,
14.712,ENC,189.5097,0.0000,94.7548,11.4196,0.0000,-542.905,-4.032,-0.963,-211.104,0.0845,-0.1001,0.9775,
14.723,IMU,189.5097,0.0000,94.7548,11.4196,0.0000,-542.905,-4.018,-0.924,-211.414,0.1191,-0.0088,0.9570,
14.732,ENC,189.7415,0.0000,94.8707,11.5901,0.0000,-543.569,-4.018,-0.924,-211.414,0.1191,-0.0088,0.9570,
14.743,IMU,189.7415,0.0000,94.8707,11.5901,0.0000,-543.569,-4.144,-0.982,-211.668,0.1670,-0.0435,0.9019,
14.752,ENC,189.9869,0.0000,94.9935,12.2718,0.0000,-544.272,-4.144,-0.982,-211.668,0.1670,-0.0435,0.9019,
14.762,IMU,189.9869,0.0000,94.9935,12.2718,0.0000,-544.272,-4.190,-0.937,-211.956,0.1133,0.0776,0.9585,
14.772,ENC,190.2426,0.0000,95.1213,12.7832,0.0000,-545.005,-4.190,-0.937,-211.956,0.1133,0.0776,0.9585,
14.783,IMU,190.2426,0.0000,95.1213,12.7832,0.0000,-545.005,-4.177,-0.958,-212.314,0.0527,-0.0117,1.0430,
14.792,ENC,190.4863,0.0000,95.2432,12.1866,0.0000,-545.703,-4.177,-0.958,-212.314,0.0527,-0.0117,1.0430,
14.806,IMU,190.4863,0.0000,95.2432,12.1866,0.0000,-545.703,-4.127,-0.986,-212.561,0.0459,-0.0479,1.0015,
14.813,ENC,190.7232,0.0000,95.3616,11.8457,0.0000,-546.382,-4.127,-0.986,-212.561,0.0459,-0.0479,1.0015,
14.823,IMU,190.7232,0.0000,95.3616,11.8457,0.0000,-546.382,-4.011,-0.998,-212.773,-0.0088,-0.0161,0.9888,
14.832,ENC,190.9516,0.0000,95.4758,11.4196,0.0000,-547.036,-4.011,-0.998,-212.773,-0.0088,-0.0161,0.9888,
14.843,IMU,190.9516,0.0000,95.4758,11.4196,0.0000,-547.036,-4.003,-0.878,-213.025,0.0742,0.0703,1.0293,
14.852,ENC,191.1545,0.0000,95.5772,10.1413,0.0000,-547.617,-4.003,-0.878,-213.025,0.0742,0.0703,1.0293,
14.862,IMU,191.1545,0.0000,95.5772,10.1413,0.0000,-547.617,-3.885,-0.870,-213.208,0.0342,0.0283,0.9639,
14.876,ENC,191.3334,0.0000,95.6667,8.9482,0.0000,-548.130,-3.885,-0.870,-213.208,0.0342,0.0283,0.9639,
14.883,IMU,191.3334,0.0000,95.6667,8.9482,0.0000,-548.130,-3.827,-0.636,-213.353,0.0181,0.1660,1.1157,
14.894,ENC,191.4885,0.0000,95.7443,7.7551,0.0000,-548.574,-3.827,-0.636,-213.353,0.0181,0.1660,1.1157,
14.904,IMU,191.4885,0.0000,95.7443,7.7551,0.0000,-548.574,-3.877,-0.540,-213.513,0.1157,0.1143,0.9595,
14.912,ENC,191.6351,0.0000,95.8176,7.3290,0.0000,-548.994,-3.877,-0.540,-213.513,0.1157,0.1143,0.9595,
14.923,IMU,191.6351,0.0000,95.8176,7.3290,0.0000,-548.994,-3.904,-0.378,-213.775,0.1045,0.1143,0.9067,
14.933,ENC,191.7732,0.0000,95.8866,6.9029,0.0000,-549.390,-3.904,-0.378,-213.775,0.1045,0.1143,0.9067,
14.943,IMU,191.7732,0.0000,95.8866,6.9029,0.0000,-549.390,-3.983,-0.339,-214.057,0.0908,0.0576,1.0083,
14.952,ENC,191.9010,0.0000,95.9505,6.3916,0.0000,-549.756,-3.983,-0.339,-214.057,0.0908,0.0576,1.0083,
14.963,IMU,191.9010,0.0000,95.9505,6.3916,0.0000,-549.756,-3.998,-0.255,-214.319,0.0854,0.1182,1.0039,
14.973,ENC,192.0169,0.0000,96.0084,5.7950,0.0000,-550.088,-3.998,-0.255,-214.319,0.0854,0.1182,1.0039,
14.982,IMU,192.0169,0.0000,96.0084,5.7950,0.0000,-550.088,-4.034,-0.237,-214.585,0.0977,-0.0063,0.9546,
14.992,ENC,192.1328,0.0000,96.0664,5.7950,0.0000,-550.420,-4.034,-0.237,-214.585,0.0977,-0.0063,0.9546,
15.003,IMU,192.1328,0.0000,96.0664,5.7950,0.0000,-550.420,-4.053,-0.235,-214.864,0.0532,0.0376,1.0605,
15.012,ENC,192.2385,0.0000,96.1192,5.2837,0.0000,-550.723,-4.053,-0.235,-214.864,0.0532,0.0376,1.0605,
15.025,IMU,192.2385,0.0000,96.1192,5.2837,0.0000,-550.723,-4.137,-0.144,-215.206,0.1553,0.0669,0.9453,
15.032,ENC,192.3339,0.0000,96.1670,4.7724,0.0000,-550.996,-4.137,-0.144,-215.206,0.1553,0.0669,0.9453,
15.045,IMU,192.3339,0.0000,96.1670,4.7724,0.0000,-550.996,-4.153,-0.142,-215.496,0.0381,0.0107,1.0210,
15.052,ENC,192.4260,0.0000,96.2130,4.6019,0.0000,-551.260,-4.153,-0.142,-215.496,0.0381,0.0107,1.0210,
15.063,IMU,192.4260,0.0000,96.2130,4.6019,0.0000,-551.260,-4.183,-0.116,-215.823,0.0830,0.0322,1.0249,
15.074,ENC,192.5197,0.0000,96.2599,4.6872,0.0000,-551.528,-4.183,-0.116,-215.823,0.0830,0.0322,1.0249,
15.083,IMU,192.5197,0.0000,96.2599,4.6872,0.0000,-551.528,-4.168,-0.169,-216.102,0.0366,-0.0327,0.9585,
15.093,ENC,192.6134,0.0000,96.3067,4.6872,0.0000,-551.797,-4.168,-0.169,-216.102,0.0366,-0.0327,0.9585,
15.103,IMU,192.6134,0.0000,96.3067,4.6872,0.0000,-551.797,-4.152,-0.187,-216.370,0.0405,0.0171,1.0273,
15.113,ENC,192.6936,0.0000,96.3468,4.0054,0.0000,-552.026,-4.152,-0.187,-216.370,0.0405,0.0171,1.0273,
15.124,IMU,192.6936,0.0000,96.3468,4.0054,0.0000,-552.026,-4.097,-0.147,-216.643,0.0557,-0.0161,1.0088,
15.132,ENC,192.7771,0.0000,96.3885,4.1758,0.0000,-552.266,-4.097,-0.147,-216.643,0.0557,-0.0161,1.0088,
15.143,IMU,192.7771,0.0000,96.3885,4.1758,0.0000,-552.266,-4.106,-0.136,-216.993,0.0581,0.0161,0.9697,
15.152,ENC,192.8674,0.0000,96.4337,4.5167,0.0000,-552.524,-4.106,-0.136,-216.993,0.0581,0.0161,0.9697,
15.163,IMU,192.8674,0.0000,96.4337,4.5167,0.0000,-552.524,-4.073,-0.190,-217.312,0.0415,-0.0234,0.9653,
15.177,ENC,192.9577,0.0000,96.4789,4.5167,0.0000,-552.783,-4.073,-0.190,-217.312,0.0415,-0.0234,0.9653,
15.187,IMU,192.9577,0.0000,96.4789,4.5167,0.0000,-552.783,-4.080,-0.244,-217.642,0.0566,-0.0068,1.0088,
15.194,ENC,193.0430,0.0000,96.5215,4.2611,0.0000,-553.027,-4.080,-0.244,-217.642,0.0566,-0.0068,1.0088,
15.202,IMU,193.0430,0.0000,96.5215,4.2611,0.0000,-553.027,-4.065,-0.269,-217.981,0.0601,-0.0156,0.9673,
15.214,ENC,193.1333,-0.2045,96.4644,4.5167,-10.2265,-553.872,-4.065,-0.269,-217.981,0.0601,-0.0156,0.9673,
15.223,IMU,193.1333,-0.2045,96.4644,4.5167,-10.2265,-553.872,-4.075,-0.257,-218.231,0.0742,0.0225,1.0186,
15.232,ENC,193.2219,0.0000,96.6110,4.4315,10.2265,-553.540,-4.075,-0.257,-218.231,0.0742,0.0225,1.0186,
15.258,ENC,193.3140,0.0000,96.6570,4.6019,0.0000,-553.804,-4.075,-0.257,-218.231,0.0742,0.0225,1.0186,
15.272,ENC,193.4077,0.0000,96.7039,4.6872,0.0000,-554.072,-4.075,-0.257,-218.231,0.0742,0.0225,1.0186,
15.283,IMU,193.4077,0.0000,96.7039,4.6872,0.0000,-554.072,-4.099,-0.173,-219.153,0.0693,-0.0283,0.9927,
15.293,ENC,193.5014,0.0000,96.7507,4.6872,0.0000,-554.341,-4.099,-0.173,-219.153,0.0693,-0.0283,0.9927,
15.303,IMU,193.5014,0.0000,96.7507,4.6872,0.0000,-554.341,-4.053,-0.161,-219.498,0.0425,-0.0176,0.9692,
15.312,ENC,193.5935,0.0000,96.7967,4.6019,0.0000,-554.604,-4.053,-0.161,-219.498,0.0425,-0.0176,0.9692,
15.323,IMU,193.5935,0.0000,96.7967,4.6019,0.0000,-554.604,-4.039,-0.193,-219.776,0.0122,-0.0239,1.0127,
15.333,ENC,193.6923,0.0000,96.8462,4.9428,0.0000,-554.888,-4.039,-0.193,-219.776,0.0122,-0.0239,1.0127,
15.344,IMU,193.6923,0.0000,96.8462,4.9428,0.0000,-554.888,-4.005,-0.245,-220.106,0.0493,-0.0078,1.0020,
15.352,ENC,193.7963,0.0000,96.8982,5.1985,0.0000,-555.186,-4.005,-0.245,-220.106,0.0493,-0.0078,1.0020,
15.363,IMU,193.7963,0.0000,96.8982,5.1985,0.0000,-555.186,-3.991,-0.315,-220.385,0.0576,-0.0425,1.0015,
15.372,ENC,193.8849,0.0000,96.9425,4.4315,0.0000,-555.439,-3.991,-0.315,-220.385,0.0576,-0.0425,1.0015,
15.388,IMU,193.8849,0.0000,96.9425,4.4315,0.0000,-555.439,-3.914,-0.305,-220.749,0.0151,0.0239,1.0552,
15.392,ENC,193.9838,0.0000,96.9919,4.9428,0.0000,-555.723,-3.914,-0.305,-220.749,0.0151,0.0239,1.0552,
15.402,IMU,193.9838,0.0000,96.9919,4.9428,0.0000,-555.723,-3.813,-0.413,-221.052,0.0254,-0.0562,0.9531,
15.412,ENC,194.0861,0.0000,97.0430,5.1133,0.0000,-556.016,-3.813,-0.413,-221.052,0.0254,-0.0562,0.9531,
15.423,IMU,194.0861,0.0000,97.0430,5.1133,0.0000,-556.016,-3.865,-0.403,-221.401,0.1123,0.0298,1.0190,
15.435,ENC,194.1883,0.0000,97.0942,5.1133,0.0000,-556.309,-3.865,-0.403,-221.401,0.1123,0.0298,1.0190,
15.443,IMU,194.1883,0.0000,97.0942,5.1133,0.0000,-556.309,-3.870,-0.423,-221.702,0.0684,0.0044,0.9844,
15.453,ENC,194.2940,0.0000,97.1470,5.2837,0.0000,-556.611,-3.870,-0.423,-221.702,0.0684,0.0044,0.9844,
15.462,IMU,194.2940,0.0000,97.1470,5.2837,0.0000,-556.611,-3.821,-0.403,-222.045,0.0171,0.0156,0.9619,
15.477,ENC,194.3963,0.0000,97.1981,5.1133,0.0000,-556.904,-3.821,-0.403,-222.045,0.0171,0.0156,0.9619,
15.491,IMU,194.3963,0.0000,97.1981,5.1133,0.0000,-556.904,-3.795,-0.506,-222.424,0.0464,-0.0542,1.0020,
15.498,ENC,194.4985,0.0000,97.2493,5.1133,0.0000,-557.197,-3.795,-0.506,-222.424,0.0464,-0.0542,1.0020,
15.505,IMU,194.4985,0.0000,97.2493,5.1133,0.0000,-557.197,-3.768,-0.475,-222.702,0.0625,0.0044,1.0103,
15.515,ENC,194.6025,0.0000,97.3013,5.1985,0.0000,-557.495,-3.768,-0.475,-222.702,0.0625,0.0044,1.0103,
15.523,IMU,194.6025,0.0000,97.3013,5.1985,0.0000,-557.495,-3.758,-0.463,-223.033,0.0439,0.0132,1.1079,
15.533,ENC,194.7065,0.0000,97.3532,5.1985,0.0000,-557.793,-3.758,-0.463,-223.033,0.0439,0.0132,1.1079,
15.542,IMU,194.7065,0.0000,97.3532,5.1985,0.0000,-557.793,-3.730,-0.435,-223.325,0.0215,0.0288,0.9902,
15.552,ENC,194.8070,0.0000,97.4035,5.0280,0.0000,-558.081,-3.730,-0.435,-223.325,0.0215,0.0288,0.9902,
15.563,IMU,194.8070,0.0000,97.4035,5.0280,0.0000,-558.081,-3.713,-0.453,-223.644,0.0825,0.0156,0.9834,
15.582,ENC,194.9093,0.0000,97.4547,5.1133,0.0000,-558.374,-3.713,-0.453,-223.644,0.0825,0.0156,0.9834,
15.597,ENC,195.0167,0.0000,97.5083,5.3689,0.0000,-558.682,-3.713,-0.453,-223.644,0.0825,0.0156,0.9834,
15.602,IMU,195.0167,0.0000,97.5083,5.3689,0.0000,-558.682,-3.692,-0.535,-224.335,0.0283,0.0078,1.0469,
15.614,ENC,195.1224,0.0000,97.5612,5.2837,0.0000,-558.984,-3.692,-0.535,-224.335,0.0283,0.0078,1.0469,
15.626,IMU,195.1224,0.0000,97.5612,5.2837,0.0000,-558.984,-3.667,-0.557,-224.626,0.0283,0.0181,1.0166,
15.632,ENC,195.2331,0.0000,97.6166,5.5394,0.0000,-559.302,-3.667,-0.557,-224.626,0.0283,0.0181,1.0166,
15.646,IMU,195.2331,0.0000,97.6166,5.5394,0.0000,-559.302,-3.738,-0.581,-225.041,0.1187,-0.0107,1.0283,
15.652,ENC,195.3661,0.0000,97.6830,6.6473,0.0000,-559.683,-3.738,-0.581,-225.041,0.1187,-0.0107,1.0283,
15.663,IMU,195.3661,0.0000,97.6830,6.6473,0.0000,-559.683,-3.734,-0.642,-225.468,0.0308,-0.0630,1.0210,
15.672,ENC,195.4939,0.0000,97.7470,6.3916,0.0000,-560.049,-3.734,-0.642,-225.468,0.0308,-0.0630,1.0210,
15.693,ENC,195.6286,0.0000,97.8143,6.7325,0.0000,-560.435,-3.734,-0.642,-225.468,0.0308,-0.0630,1.0210,
15.705,IMU,195.6286,0.0000,97.8143,6.7325,0.0000,-560.435,-3.722,-0.726,-226.427,0.0571,-0.0337,1.0220,
15.712,ENC,195.7564,0.0000,97.8782,6.3916,0.0000,-560.801,-3.722,-0.726,-226.427,0.0571,-0.0337,1.0220,
15.723,IMU,195.7564,0.0000,97.8782,6.3916,0.0000,-560.801,-3.662,-0.762,-226.900,-0.0229,-0.0273,1.0303,
15.732,ENC,195.8825,0.0000,97.9413,6.3064,0.0000,-561.162,-3.662,-0.762,-226.900,-0.0229,-0.0273,1.0303,
15.742,IMU,195.8825,0.0000,97.9413,6.3064,0.0000,-561.162,-3.651,-0.790,-227.388,0.0581,-0.0454,0.9941,
15.752,ENC,196.0104,0.0000,98.0052,6.3916,0.0000,-561.528,-3.651,-0.790,-227.388,0.0581,-0.0454,0.9941,
15.764,IMU,196.0104,0.0000,98.0052,6.3916,0.0000,-561.528,-3.709,-0.820,-227.862,0.0835,-0.0034,1.0176,
15.772,ENC,196.1314,0.0000,98.0657,6.0507,0.0000,-561.875,-3.709,-0.820,-227.862,0.0835,-0.0034,1.0176,
15.783,IMU,196.1314,0.0000,98.0657,6.0507,0.0000,-561.875,-3.734,-0.904,-228.327,0.0776,-0.0732,1.0435,
15.793,ENC,196.2473,0.0000,98.1236,5.7950,0.0000,-562.207,-3.734,-0.904,-228.327,0.0776,-0.0732,1.0435,
15.803,IMU,196.2473,0.0000,98.1236,5.7950,0.0000,-562.207,-3.725,-0.956,-228.784,0.0469,-0.0107,1.0205,
15.812,ENC,196.3632,0.0000,98.1816,5.7950,0.0000,-562.539,-3.725,-0.956,-228.784,0.0469,-0.0107,1.0205,
15.832,ENC,196.4859,0.0000,98.2429,6.1359,0.0000,-562.891,-3.725,-0.956,-228.784,0.0469,-0.0107,1.0205,
15.844,IMU,196.4859,0.0000,98.2429,6.1359,0.0000,-562.891,-3.742,-0.994,-229.645,0.0669,-0.0068,0.9570,
15.852,ENC,196.6069,0.0000,98.3035,6.0507,0.0000,-563.237,-3.742,-0.994,-229.645,0.0669,-0.0068,0.9570,
15.862,IMU,196.6069,0.0000,98.3035,6.0507,0.0000,-563.237,-3.759,-0.927,-230.104,0.0781,0.0488,0.9028,
15.872,ENC,196.7347,0.0000,98.3674,6.3916,0.0000,-563.604,-3.759,-0.927,-230.104,0.0781,0.0488,0.9028,
15.892,ENC,196.8643,0.0000,98.4321,6.4768,0.0000,-563.975,-3.759,-0.927,-230.104,0.0781,0.0488,0.9028,
15.902,IMU,196.8643,0.0000,98.4321,6.4768,0.0000,-563.975,-3.761,-1.035,-231.099,0.0137,-0.0566,0.9331,
15.913,ENC,196.9921,0.0000,98.4961,6.3916,0.0000,-564.341,-3.761,-1.035,-231.099,0.0137,-0.0566,0.9331,
15.923,IMU,196.9921,0.0000,98.4961,6.3916,0.0000,-564.341,-3.839,-1.018,-231.597,0.1284,0.0200,0.9941,
15.932,ENC,197.1268,-0.2045,98.4611,6.7325,-10.2265,-565.312,-3.839,-1.018,-231.597,0.1284,0.0200,0.9941,
15.942,IMU,197.1268,-0.2045,98.4611,6.7325,-10.2265,-565.312,-3.715,-1.145,-232.095,-0.0132,-0.1006,0.9297,
15.952,ENC,197.2546,0.0000,98.6273,6.3916,10.2265,-565.093,-3.715,-1.145,-232.095,-0.0132,-0.1006,0.9297,
15.963,IMU,197.2546,0.0000,98.6273,6.3916,10.2265,-565.093,-3.815,-1.042,-232.569,0.1636,0.0947,0.9214,
15.977,ENC,197.3790,0.0000,98.6895,6.2211,0.0000,-565.449,-3.815,-1.042,-232.569,0.1636,0.0947,0.9214,
15.983,IMU,197.3790,0.0000,98.6895,6.2211,0.0000,-565.449,-3.803,-1.045,-233.057,0.0571,-0.0200,1.0264,
15.994,ENC,197.5068,0.0000,98.7534,6.3916,0.0000,-565.815,-3.803,-1.045,-233.057,0.0571,-0.0200,1.0264,
16.003,IMU,197.5068,0.0000,98.7534,6.3916,0.0000,-565.815,-3.792,-1.190,-233.528,0.0562,-0.1123,1.0122,
16.013,ENC,197.6398,0.0000,98.8199,6.6473,0.0000,-566.196,-3.792,-1.190,-233.528,0.0562,-0.1123,1.0122,
16.023,IMU,197.6398,0.0000,98.8199,6.6473,0.0000,-566.196,-3.765,-1.205,-234.004,0.0103,-0.0200,1.0078,
16.034,ENC,197.7847,0.0000,98.8923,7.2438,0.0000,-566.611,-3.765,-1.205,-234.004,0.0103,-0.0200,1.0078,
16.043,IMU,197.7847,0.0000,98.8923,7.2438,0.0000,-566.611,-3.781,-1.212,-234.491,0.0864,-0.0425,0.9692,
16.052,ENC,197.9193,0.0000,98.9597,6.7325,0.0000,-566.997,-3.781,-1.212,-234.491,0.0864,-0.0425,0.9692,
16.062,IMU,197.9193,0.0000,98.9597,6.7325,0.0000,-566.997,-3.907,-1.172,-234.937,0.1626,0.0215,0.8726,
16.072,ENC,198.0506,0.0000,99.0253,6.5620,0.0000,-567.373,-3.907,-1.172,-234.937,0.1626,0.0215,0.8726,
16.083,IMU,198.0506,0.0000,99.0253,6.5620,0.0000,-567.373,-3.890,-1.162,-235.423,0.0449,-0.0176,1.0107,
16.092,ENC,198.1886,0.0000,99.0943,6.9029,0.0000,-567.769,-3.890,-1.162,-235.423,0.0449,-0.0176,1.0107,
16.103,IMU,198.1886,0.0000,99.0943,6.9029,0.0000,-567.769,-3.895,-1.166,-235.905,0.1328,-0.0122,0.9111,
16.112,ENC,198.3437,0.0000,99.1719,7.7551,0.0000,-568.213,-3.895,-1.166,-235.905,0.1328,-0.0122,0.9111,
16.123,IMU,198.3437,0.0000,99.1719,7.7551,0.0000,-568.213,-3.901,-1.271,-236.335,0.0522,-0.0664,0.9790,
16.140,ENC,198.4801,0.0000,99.2400,6.8177,0.0000,-568.604,-3.901,-1.271,-236.335,0.0522,-0.0664,0.9790,
16.144,IMU,198.4801,0.0000,99.2400,6.8177,0.0000,-568.604,-4.041,-1.223,-236.776,0.1685,0.0229,0.9302,
16.152,ENC,198.6198,0.0000,99.3099,6.9881,0.0000,-569.004,-4.041,-1.223,-236.776,0.1685,0.0229,0.9302,
16.163,IMU,198.6198,0.0000,99.3099,6.9881,0.0000,-569.004,-3.994,-1.202,-237.187,0.0303,-0.0024,0.9634,
16.172,ENC,198.7494,0.0000,99.3747,6.4768,0.0000,-569.375,-3.994,-1.202,-237.187,0.0303,-0.0024,0.9634,
16.182,IMU,198.7494,0.0000,99.3747,6.4768,0.0000,-569.375,-3.893,-1.165,-237.604,-0.0112,0.0103,1.0039,
16.193,ENC,198.8823,0.0000,99.4412,6.6473,0.0000,-569.756,-3.893,-1.165,-237.604,-0.0112,0.0103,1.0039,
16.203,IMU,198.8823,0.0000,99.4412,6.6473,0.0000,-569.756,-3.873,-1.101,-238.096,0.0913,0.0864,0.9702,
16.212,ENC,199.0101,0.0000,99.5051,6.3916,0.0000,-570.122,-3.873,-1.101,-238.096,0.0913,0.0864,0.9702,
16.222,IMU,199.0101,0.0000,99.5051,6.3916,0.0000,-570.122,-3.830,-0.993,-238.584,0.0596,0.0630,0.8955,
16.238,ENC,199.1380,0.0000,99.5690,6.3916,0.0000,-570.488,-3.830,-0.993,-238.584,0.0596,0.0630,0.8955,
16.242,IMU,199.1380,0.0000,99.5690,6.3916,0.0000,-570.488,-3.757,-0.965,-239.042,-0.0005,0.0312,1.0903,
16.254,ENC,199.2624,0.0000,99.6312,6.2211,0.0000,-570.845,-3.757,-0.965,-239.042,-0.0005,0.0312,1.0903,
16.263,IMU,199.2624,0.0000,99.6312,6.2211,0.0000,-570.845,-3.813,-1.098,-239.491,0.0811,-0.0845,0.9438,
16.272,ENC,199.3817,0.0000,99.6909,5.9655,0.0000,-571.187,-3.813,-1.098,-239.491,0.0811,-0.0845,0.9438,
16.283,IMU,199.3817,0.0000,99.6909,5.9655,0.0000,-571.187,-3.871,-1.085,-239.927,0.1143,0.0044,0.9878,
16.292,ENC,199.5044,0.0000,99.7522,6.1359,0.0000,-571.538,-3.871,-1.085,-239.927,0.1143,0.0044,0.9878,
16.306,IMU,199.5044,0.0000,99.7522,6.1359,0.0000,-571.538,-3.852,-1.127,-240.360,0.0122,-0.0625,1.0957,
16.312,ENC,199.6203,0.0000,99.8102,5.7950,0.0000,-571.870,-3.852,-1.127,-240.360,0.0122,-0.0625,1.0957,
16.323,IMU,199.6203,0.0000,99.8102,5.7950,0.0000,-571.870,-3.910,-1.176,-240.878,0.1182,-0.0562,0.9482,
16.333,ENC,199.7413,0.0000,99.8707,6.0507,0.0000,-572.217,-3.910,-1.176,-240.878,0.1182,-0.0562,0.9482,
16.342,IMU,199.7413,0.0000,99.8707,6.0507,0.0000,-572.217,-3.928,-1.175,-241.311,0.0396,0.0098,0.9971,
16.352,ENC,199.8572,0.0000,99.9286,5.7950,0.0000,-572.549,-3.928,-1.175,-241.311,0.0396,0.0098,0.9971,
16.363,IMU,199.8572,0.0000,99.9286,5.7950,0.0000,-572.549,-3.918,-1.231,-241.710,0.0444,-0.0537,1.0225,
16.373,ENC,199.9731,0.0000,99.9866,5.7950,0.0000,-572.881,-3.918,-1.231,-241.710,0.0444,-0.0537,1.0225,
16.382,IMU,199.9731,0.0000,99.9866,5.7950,0.0000,-572.881,-3.862,-1.247,-242.123,-0.0479,-0.0161,1.0356,
16.393,ENC,200.0873,0.0000,100.0437,5.7098,0.0000,-573.208,-3.862,-1.247,-242.123,-0.0479,-0.0161,1.0356,
16.406,IMU,200.0873,0.0000,100.0437,5.7098,0.0000,-573.208,-3.903,-1.302,-242.570,0.0698,-0.0269,0.9697,
16.413,ENC,200.2084,0.1960,100.2022,6.0507,9.8004,-572.993,-3.903,-1.302,-242.570,0.0698,-0.0269,0.9697,
16.422,IMU,200.2084,0.1960,100.2022,6.0507,9.8004,-572.993,-3.920,-1.226,-242.994,0.1099,0.0176,0.9614,
16.432,ENC,200.3311,0.0000,100.1655,6.1359,-9.8004,-573.906,-3.920,-1.226,-242.994,0.1099,0.0176,0.9614,
16.445,IMU,200.3311,0.0000,100.1655,6.1359,-9.8004,-573.906,-3.971,-1.164,-243.451,0.1284,0.0596,0.9912,
16.452,ENC,200.4623,0.0000,100.2312,6.5620,0.0000,-574.282,-3.971,-1.164,-243.451,0.1284,0.0596,0.9912,
16.463,IMU,200.4623,0.0000,100.2312,6.5620,0.0000,-574.282,-3.992,-1.108,-243.844,0.0869,0.0718,1.0728,
16.472,ENC,200.5918,0.0000,100.2959,6.4768,0.0000,-574.653,-3.992,-1.108,-243.844,0.0869,0.0718,1.0728,
16.483,IMU,200.5918,0.0000,100.2959,6.4768,0.0000,-574.653,-3.872,-1.147,-244.335,-0.0537,-0.0186,0.9365,
16.492,ENC,200.7129,0.0000,100.3564,6.0507,0.0000,-575.000,-3.872,-1.147,-244.335,-0.0537,-0.0186,0.9365,
16.503,IMU,200.7129,0.0000,100.3564,6.0507,0.0000,-575.000,-3.872,-1.165,-244.820,0.0791,-0.0830,1.0562,
16.512,ENC,200.8407,0.0000,100.4203,6.3916,0.0000,-575.366,-3.872,-1.165,-244.820,0.0791,-0.0830,1.0562,
16.522,IMU,200.8407,0.0000,100.4203,6.3916,0.0000,-575.366,-3.839,-1.194,-245.280,0.0283,-0.0601,1.1040,
16.532,ENC,200.9651,0.0000,100.4826,6.2211,0.0000,-575.723,-3.839,-1.194,-245.280,0.0283,-0.0601,1.1040,
16.547,IMU,200.9651,0.0000,100.4826,6.2211,0.0000,-575.723,-3.930,-1.264,-245.698,0.1411,-0.0054,0.9736,
16.553,ENC,201.1015,0.0000,100.5507,6.8177,0.0000,-576.113,-3.930,-1.264,-245.698,0.1411,-0.0054,0.9736,
16.562,IMU,201.1015,0.0000,100.5507,6.8177,0.0000,-576.113,-3.878,-1.339,-246.078,0.0610,-0.0459,0.9917,
16.573,ENC,201.2310,0.0000,100.6155,6.4768,0.0000,-576.484,-3.878,-1.339,-246.078,0.0610,-0.0459,0.9917,
16.586,IMU,201.2310,0.0000,100.6155,6.4768,0.0000,-576.484,-3.858,-1.235,-246.509,0.0215,0.0371,1.0312,
16.593,ENC,201.3554,0.0000,100.6777,6.2211,0.0000,-576.841,-3.858,-1.235,-246.509,0.0215,0.0371,1.0312,
16.603,IMU,201.3554,0.0000,100.6777,6.2211,0.0000,-576.841,-3.900,-1.223,-246.915,0.1387,0.0195,0.9907,
16.614,ENC,201.4764,0.0000,100.7382,6.0507,0.0000,-577.188,-3.900,-1.223,-246.915,0.1387,0.0195,0.9907,
16.622,IMU,201.4764,0.0000,100.7382,6.0507,0.0000,-577.188,-3.845,-1.232,-247.347,0.0107,0.0005,1.1245,
16.634,ENC,201.6009,0.0000,100.8004,6.2211,0.0000,-577.544,-3.845,-1.232,-247.347,0.0107,0.0005,1.1245,
16.642,IMU,201.6009,0.0000,100.8004,6.2211,0.0000,-577.544,-3.755,-1.223,-247.705,-0.0029,0.0117,0.9678,
16.653,ENC,201.7168,0.0000,100.8584,5.7950,0.0000,-577.876,-3.755,-1.223,-247.705,-0.0029,0.0117,0.9678,
16.663,IMU,201.7168,0.0000,100.8584,5.7950,0.0000,-577.876,-3.642,-1.318,-248.079,-0.0229,-0.0801,1.0190,
16.672,ENC,201.8122,0.0000,100.9061,4.7724,0.0000,-578.149,-3.642,-1.318,-248.079,-0.0229,-0.0801,1.0190,
16.683,IMU,201.8122,0.0000,100.9061,4.7724,0.0000,-578.149,-3.621,-1.372,-248.440,0.0264,-0.0439,1.0166,
16.692,ENC,201.9128,0.0000,100.9564,5.0280,0.0000,-578.438,-3.621,-1.372,-248.440,0.0264,-0.0439,1.0166,
16.702,IMU,201.9128,0.0000,100.9564,5.0280,0.0000,-578.438,-3.592,-1.365,-248.688,0.0278,0.0020,0.9971,
16.712,ENC,202.0014,0.0000,101.0007,4.4315,0.0000,-578.691,-3.592,-1.365,-248.688,0.0278,0.0020,0.9971,
16.723,IMU,202.0014,0.0000,101.0007,4.4315,0.0000,-578.691,-3.579,-1.312,-248.982,0.0532,0.0234,0.9268,
16.733,ENC,202.0917,0.0000,101.0459,4.5167,0.0000,-578.950,-3.579,-1.312,-248.982,0.0532,0.0234,0.9268,
16.747,IMU,202.0917,0.0000,101.0459,4.5167,0.0000,-578.950,-3.632,-1.256,-249.272,0.0903,-0.0063,0.9780,
16.752,ENC,202.1804,0.0000,101.0902,4.4315,0.0000,-579.204,-3.632,-1.256,-249.272,0.0903,-0.0063,0.9780,
16.762,IMU,202.1804,0.0000,101.0902,4.4315,0.0000,-579.204,-3.639,-1.180,-249.539,0.0771,0.0347,1.0391,
16.773,ENC,202.2707,0.0000,101.1354,4.5167,0.0000,-579.463,-3.639,-1.180,-249.539,0.0771,0.0347,1.0391,
16.783,IMU,202.2707,0.0000,101.1354,4.5167,0.0000,-579.463,-3.640,-1.232,-249.849,0.0513,-0.0332,1.0068,
16.793,ENC,202.3576,0.0000,101.1788,4.3463,0.0000,-579.712,-3.640,-1.232,-249.849,0.0513,-0.0332,1.0068,
16.802,IMU,202.3576,0.0000,101.1788,4.3463,0.0000,-579.712,-3.693,-1.204,-250.113,0.0986,0.0122,0.9834,
16.813,ENC,202.4411,0.0000,101.2206,4.1758,0.0000,-579.951,-3.693,-1.204,-250.113,0.0986,0.0122,0.9834,
16.823,IMU,202.4411,0.0000,101.2206,4.1758,0.0000,-579.951,-3.728,-1.267,-250.404,0.1040,0.0107,1.0181,
16.833,ENC,202.5196,0.0000,101.2598,3.9202,0.0000,-580.176,-3.728,-1.267,-250.404,0.1040,0.0107,1.0181,
16.847,IMU,202.5196,0.0000,101.2598,3.9202,0.0000,-580.176,-3.776,-1.229,-250.688,0.0972,0.0356,0.9917,
16.852,ENC,202.5911,0.0000,101.2956,3.5793,0.0000,-580.381,-3.776,-1.229,-250.688,0.0972,0.0356,0.9917,
16.862,IMU,202.5911,0.0000,101.2956,3.5793,0.0000,-580.381,-3.751,-1.191,-250.915,0.0566,0.0093,0.9731,
16.873,ENC,202.6627,0.0000,101.3314,3.5793,0.0000,-580.586,-3.751,-1.191,-250.915,0.0566,0.0093,0.9731,
16.882,IMU,202.6627,0.0000,101.3314,3.5793,0.0000,-580.586,-3.743,-1.142,-251.205,0.0386,0.0186,1.0293,
16.893,ENC,202.7326,0.0000,101.3663,3.4941,0.0000,-580.786,-3.743,-1.142,-251.205,0.0386,0.0186,1.0293,
16.902,IMU,202.7326,0.0000,101.3663,3.4941,0.0000,-580.786,-3.733,-1.065,-251.472,0.0718,0.0469,1.0190,
16.916,ENC,202.8076,0.0000,101.4038,3.7497,0.0000,-581.001,-3.733,-1.065,-251.472,0.0718,0.0469,1.0190,
16.924,IMU,202.8076,0.0000,101.4038,3.7497,0.0000,-581.001,-3.718,-1.053,-251.731,0.0312,0.0195,0.9976,
16.932,ENC,202.8758,0.0000,101.4379,3.4088,0.0000,-581.196,-3.718,-1.053,-251.731,0.0312,0.0195,0.9976,
16.943,IMU,202.8758,0.0000,101.4379,3.4088,0.0000,-581.196,-3.681,-1.065,-251.975,0.0171,-0.0288,1.0605,
16.954,ENC,202.9457,0.0000,101.4728,3.4941,0.0000,-581.396,-3.681,-1.065,-251.975,0.0171,-0.0288,1.0605,
16.969,IMU,202.9457,0.0000,101.4728,3.4941,0.0000,-581.396,-3.745,-1.127,-252.245,0.0723,-0.0522,0.9658,
16.972,ENC,203.0275,0.0000,101.5137,4.0906,0.0000,-581.631,-3.745,-1.127,-252.245,0.0723,-0.0522,0.9658,
16.983,IMU,203.0275,0.0000,101.5137,4.0906,0.0000,-581.631,-3.717,-1.248,-252.402,0.0122,-0.0513,0.9561,
16.993,ENC,203.1127,0.0000,101.5563,4.2611,0.0000,-581.875,-3.717,-1.248,-252.402,0.0122,-0.0513,0.9561,
17.003,IMU,203.1127,0.0000,101.5563,4.2611,0.0000,-581.875,-3.754,-1.304,-252.639,0.0674,-0.0728,1.0288,
17.019,ENC,203.2047,0.0000,101.6024,4.6019,0.0000,-582.139,-3.754,-1.304,-252.639,0.0674,-0.0728,1.0288,
17.023,IMU,203.2047,0.0000,101.6024,4.6019,0.0000,-582.139,-3.708,-1.507,-252.854,-0.0186,-0.1401,0.9927,
17.033,ENC,203.3104,0.0000,101.6552,5.2837,0.0000,-582.441,-3.708,-1.507,-252.854,-0.0186,-0.1401,0.9927,
17.042,IMU,203.3104,0.0000,101.6552,5.2837,0.0000,-582.441,-3.604,-1.605,-253.029,-0.0269,-0.1143,0.9639,
17.052,ENC,203.4280,0.0000,101.7140,5.8803,0.0000,-582.778,-3.604,-1.605,-253.029,-0.0269,-0.1143,0.9639,
17.063,IMU,203.4280,0.0000,101.7140,5.8803,0.0000,-582.778,-3.653,-1.763,-253.218,0.1353,-0.1338,0.9902,
17.072,ENC,203.5456,0.0000,101.7728,5.8803,0.0000,-583.115,-3.653,-1.763,-253.218,0.1353,-0.1338,0.9902,
17.082,IMU,203.5456,0.0000,101.7728,5.8803,0.0000,-583.115,-3.563,-1.885,-253.387,0.0005,-0.1318,0.9731,
17.093,ENC,203.6786,0.0000,101.8393,6.6473,0.0000,-583.496,-3.563,-1.885,-253.387,0.0005,-0.1318,0.9731,
17.102,IMU,203.6786,0.0000,101.8393,6.6473,0.0000,-583.496,-3.633,-1.904,-253.617,0.1567,-0.0015,1.0259,
17.112,ENC,203.8183,0.0000,101.9092,6.9881,0.0000,-583.896,-3.633,-1.904,-253.617,0.1567,-0.0015,1.0259,
17.123,IMU,203.8183,0.0000,101.9092,6.9881,0.0000,-583.896,-3.659,-1.998,-253.825,0.0239,-0.0811,1.0107,
17.132,ENC,203.9683,0.0000,101.9842,7.4995,0.0000,-584.326,-3.659,-1.998,-253.825,0.0239,-0.0811,1.0107,
17.143,IMU,203.9683,0.0000,101.9842,7.4995,0.0000,-584.326,-3.740,-1.933,-253.981,0.1226,0.0342,1.0591,
17.152,ENC,204.1251,0.1960,102.1606,7.8403,9.8004,-584.214,-3.740,-1.933,-253.981,0.1226,0.0342,1.0591,
17.162,IMU,204.1251,0.1960,102.1606,7.8403,9.8004,-584.214,-3.856,-1.868,-254.183,0.1719,0.0137,0.9863,
17.175,ENC,204.2615,0.0000,102.1307,6.8177,-9.8004,-585.166,-3.856,-1.868,-254.183,0.1719,0.0137,0.9863,
17.183,IMU,204.2615,0.0000,102.1307,6.8177,-9.8004,-585.166,-3.765,-1.831,-254.339,-0.0259,0.0186,0.9365,
17.192,ENC,204.3842,0.0000,102.1921,6.1359,0.0000,-585.518,-3.765,-1.831,-254.339,-0.0259,0.0186,0.9365,
17.204,IMU,204.3842,0.0000,102.1921,6.1359,0.0000,-585.518,-3.656,-1.789,-254.478,-0.0273,0.0308,0.9868,
17.213,ENC,204.4967,0.0000,102.2483,5.6246,0.0000,-585.840,-3.656,-1.789,-254.478,-0.0273,0.0308,0.9868,
17.225,IMU,204.4967,0.0000,102.2483,5.6246,0.0000,-585.840,-3.512,-1.729,-254.553,-0.0464,0.0435,1.0098,
17.232,ENC,204.6058,0.0000,102.3029,5.4542,0.0000,-586.152,-3.512,-1.729,-254.553,-0.0464,0.0435,1.0098,
17.242,IMU,204.6058,0.0000,102.3029,5.4542,0.0000,-586.152,-3.431,-1.745,-254.573,-0.0190,-0.0010,1.0454,
17.252,ENC,204.7029,0.0000,102.3515,4.8576,0.0000,-586.431,-3.431,-1.745,-254.573,-0.0190,-0.0010,1.0454,
17.263,IMU,204.7029,0.0000,102.3515,4.8576,0.0000,-586.431,-3.384,-1.756,-254.570,0.0112,-0.0298,0.9780,
17.272,ENC,204.7933,0.0000,102.3966,4.5167,0.0000,-586.689,-3.384,-1.756,-254.570,0.0112,-0.0298,0.9780,
17.286,IMU,204.7933,0.0000,102.3966,4.5167,0.0000,-586.689,-3.437,-1.845,-254.493,0.1108,-0.0659,0.9858,
17.292,ENC,204.8768,0.0000,102.4384,4.1758,0.0000,-586.929,-3.437,-1.845,-254.493,0.1108,-0.0659,0.9858,
17.303,IMU,204.8768,0.0000,102.4384,4.1758,0.0000,-586.929,-3.433,-1.909,-254.424,0.1001,-0.0825,0.9761,
17.312,ENC,204.9603,0.0000,102.4801,4.1758,0.0000,-587.168,-3.433,-1.909,-254.424,0.1001,-0.0825,0.9761,
17.324,IMU,204.9603,0.0000,102.4801,4.1758,0.0000,-587.168,-3.367,-1.809,-254.231,0.0107,0.0078,1.0117,
17.333,ENC,205.0353,0.0000,102.5176,3.7497,0.0000,-587.383,-3.367,-1.809,-254.231,0.0107,0.0078,1.0117,
17.353,ENC,205.1000,0.0000,102.5500,3.2384,0.0000,-587.568,-3.367,-1.809,-254.231,0.0107,0.0078,1.0117,
17.366,IMU,205.1000,0.0000,102.5500,3.2384,0.0000,-587.568,-3.352,-1.940,-253.656,0.0557,-0.1001,0.9312,
17.375,ENC,205.1665,0.0000,102.5833,3.3236,0.0000,-587.759,-3.352,-1.940,-253.656,0.0557,-0.1001,0.9312,
17.383,IMU,205.1665,0.0000,102.5833,3.3236,0.0000,-587.759,-3.309,-2.085,-253.372,0.0581,-0.0947,0.9209,
17.392,ENC,205.2381,0.0000,102.6191,3.5793,0.0000,-587.964,-3.309,-2.085,-253.372,0.0581,-0.0947,0.9209,
17.403,IMU,205.2381,0.0000,102.6191,3.5793,0.0000,-587.964,-3.237,-1.927,-253.040,-0.0068,0.0254,0.9536,
17.412,ENC,205.3080,0.0000,102.6540,3.4941,0.0000,-588.164,-3.237,-1.927,-253.040,-0.0068,0.0254,0.9536,
17.423,IMU,205.3080,0.0000,102.6540,3.4941,0.0000,-588.164,-3.247,-1.827,-252.798,0.0469,0.0142,1.0679,
17.432,ENC,205.3779,0.0000,102.6889,3.4941,0.0000,-588.364,-3.247,-1.827,-252.798,0.0469,0.0142,1.0679,
17.443,IMU,205.3779,0.0000,102.6889,3.4941,0.0000,-588.364,-3.262,-1.740,-252.519,0.0679,-0.0029,0.9272,
17.452,ENC,205.4307,0.0000,102.7154,2.6419,0.0000,-588.516,-3.262,-1.740,-252.519,0.0679,-0.0029,0.9272,
17.463,IMU,205.4307,0.0000,102.7154,2.6419,0.0000,-588.516,-3.233,-1.773,-252.259,-0.0015,-0.0425,1.0249,
17.472,ENC,205.5074,0.0000,102.7537,3.8350,0.0000,-588.735,-3.233,-1.773,-252.259,-0.0015,-0.0425,1.0249,
17.483,IMU,205.5074,0.0000,102.7537,3.8350,0.0000,-588.735,-3.331,-1.746,-252.020,0.1309,0.0239,1.0410,
17.493,ENC,205.5892,0.0000,102.7946,4.0906,0.0000,-588.970,-3.331,-1.746,-252.020,0.1309,0.0239,1.0410,
17.502,IMU,205.5892,0.0000,102.7946,4.0906,0.0000,-588.970,-3.452,-1.723,-251.906,0.1768,0.0171,0.9702,
17.512,ENC,205.6915,0.0000,102.8457,5.1133,0.0000,-589.263,-3.452,-1.723,-251.906,0.1768,0.0171,0.9702,
17.523,IMU,205.6915,0.0000,102.8457,5.1133,0.0000,-589.263,-3.416,-1.629,-251.713,0.0771,0.0874,1.0586,
17.533,ENC,205.7580,0.0000,102.8790,3.3236,0.0000,-589.453,-3.416,-1.629,-251.713,0.0771,0.0874,1.0586,
17.543,IMU,205.7580,0.0000,102.8790,3.3236,0.0000,-589.453,-3.365,-1.763,-251.438,0.0098,-0.1523,0.9121,
17.553,ENC,205.8091,0.0000,102.9045,2.5566,0.0000,-589.600,-3.365,-1.763,-251.438,0.0098,-0.1523,0.9121,
17.563,IMU,205.8091,0.0000,102.9045,2.5566,0.0000,-589.600,-3.323,-1.764,-251.160,0.0234,-0.0142,1.0259,
17.572,ENC,205.8602,0.0000,102.9301,2.5566,0.0000,-589.746,-3.323,-1.764,-251.160,0.0234,-0.0142,1.0259,
17.583,IMU,205.8602,0.0000,102.9301,2.5566,0.0000,-589.746,-3.275,-1.872,-250.894,0.0410,-0.1182,0.9473,
17.593,ENC,205.9045,0.0000,102.9523,2.2158,0.0000,-589.873,-3.275,-1.872,-250.894,0.0410,-0.1182,0.9473,
17.602,IMU,205.9045,0.0000,102.9523,2.2158,0.0000,-589.873,-3.281,-1.924,-250.677,0.1313,-0.0977,0.9326,
17.612,ENC,205.9437,0.0000,102.9719,1.9601,0.0000,-589.985,-3.281,-1.924,-250.677,0.1313,-0.0977,0.9326,
17.623,IMU,205.9437,0.0000,102.9719,1.9601,0.0000,-589.985,-3.376,-2.058,-250.359,0.1021,-0.1538,0.9243,
17.632,ENC,205.9881,0.0000,102.9940,2.2158,0.0000,-590.112,-3.376,-2.058,-250.359,0.1021,-0.1538,0.9243,
17.642,IMU,205.9881,0.0000,102.9940,2.2158,0.0000,-590.112,-3.425,-1.918,-250.038,0.1367,0.0723,0.9819,
17.652,ENC,206.0221,0.0000,103.0111,1.7044,0.0000,-590.210,-3.425,-1.918,-250.038,0.1367,0.0723,0.9819,
17.662,IMU,206.0221,0.0000,103.0111,1.7044,0.0000,-590.210,-3.430,-2.004,-249.716,0.0220,-0.1064,1.1313,
17.673,ENC,206.0511,0.0000,103.0256,1.4488,0.0000,-590.293,-3.430,-2.004,-249.716,0.0220,-0.1064,1.1313,
17.683,IMU,206.0511,0.0000,103.0256,1.4488,0.0000,-590.293,-3.393,-1.865,-249.395,0.0142,0.0684,1.0454,
17.692,ENC,206.0801,0.0000,103.0400,1.4488,0.0000,-590.376,-3.393,-1.865,-249.395,0.0142,0.0684,1.0454,
17.702,IMU,206.0801,0.0000,103.0400,1.4488,0.0000,-590.376,-3.483,-1.768,-249.069,0.1211,0.0576,0.9731,
17.713,ENC,206.1057,0.0000,103.0528,1.2783,0.0000,-590.449,-3.483,-1.768,-249.069,0.1211,0.0576,0.9731,
17.723,IMU,206.1057,0.0000,103.0528,1.2783,0.0000,-590.449,-3.621,-1.851,-248.765,0.1367,-0.0757,0.9946,
17.734,ENC,206.1415,0.0000,103.0707,1.7896,0.0000,-590.552,-3.621,-1.851,-248.765,0.1367,-0.0757,0.9946,
17.743,IMU,206.1415,0.0000,103.0707,1.7896,0.0000,-590.552,-3.579,-1.853,-248.483,0.0747,-0.0791,0.9692,
17.752,ENC,206.1704,0.0000,103.0852,1.4488,0.0000,-590.635,-3.579,-1.853,-248.483,0.0747,-0.0791,0.9692,
17.762,IMU,206.1704,0.0000,103.0852,1.4488,0.0000,-590.635,-3.592,-1.713,-248.145,0.0815,0.1216,1.0894,
17.773,ENC,206.2028,0.0000,103.1014,1.6192,0.0000,-590.728,-3.592,-1.713,-248.145,0.0815,0.1216,1.0894,
17.783,IMU,206.2028,0.0000,103.1014,1.6192,0.0000,-590.728,-3.604,-1.524,-247.799,0.1138,0.1230,1.0010,
17.793,ENC,206.2335,0.0000,103.1167,1.5340,0.0000,-590.815,-3.604,-1.524,-247.799,0.1138,0.1230,1.0010,
17.803,IMU,206.2335,0.0000,103.1167,1.5340,0.0000,-590.815,-3.622,-1.523,-247.455,0.0361,-0.0469,1.0156,
17.813,ENC,206.2574,0.0000,103.1287,1.1931,0.0000,-590.884,-3.622,-1.523,-247.455,0.0361,-0.0469,1.0156,
17.833,ENC,206.2914,0.0000,103.1457,1.7044,0.0000,-590.981,-3.622,-1.523,-247.455,0.0361,-0.0469,1.0156,
17.842,IMU,206.2914,0.0000,103.1457,1.7044,0.0000,-590.981,-3.582,-1.444,-246.771,0.1274,0.0410,0.9165,
17.852,ENC,206.3153,0.0000,103.1577,1.1931,0.0000,-591.050,-3.582,-1.444,-246.771,0.1274,0.0410,0.9165,
17.862,IMU,206.3153,0.0000,103.1577,1.1931,0.0000,-591.050,-3.618,-1.341,-246.422,0.1255,0.0229,0.9902,
17.878,ENC,206.3409,0.0000,103.1704,1.2783,0.0000,-591.123,-3.618,-1.341,-246.422,0.1255,0.0229,0.9902,
17.882,IMU,206.3409,0.0000,103.1704,1.2783,0.0000,-591.123,-3.546,-1.405,-246.128,-0.0132,-0.1172,0.9497,
17.892,ENC,206.3664,0.0000,103.1832,1.2783,0.0000,-591.196,-3.546,-1.405,-246.128,-0.0132,-0.1172,0.9497,
17.902,IMU,206.3664,0.0000,103.1832,1.2783,0.0000,-591.196,-3.461,-1.392,-245.768,0.0029,-0.0405,1.1572,
17.912,ENC,206.3886,0.0000,103.1943,1.1079,0.0000,-591.260,-3.461,-1.392,-245.768,0.0029,-0.0405,1.1572,
17.922,IMU,206.3886,0.0000,103.1943,1.1079,0.0000,-591.260,-3.525,-1.313,-245.477,0.0840,-0.0024,0.7949,
17.932,ENC,206.4176,0.0000,103.2088,1.4488,0.0000,-591.343,-3.525,-1.313,-245.477,0.0840,-0.0024,0.7949,
17.943,IMU,206.4176,0.0000,103.2088,1.4488,0.0000,-591.343,-3.636,-1.171,-245.114,0.1367,0.0942,0.9243,
17.955,ENC,206.4431,0.0000,103.2216,1.2783,0.0000,-591.416,-3.636,-1.171,-245.114,0.1367,0.0942,0.9243,
17.963,IMU,206.4431,0.0000,103.2216,1.2783,0.0000,-591.416,-3.693,-1.117,-244.761,0.1333,0.0312,0.8647,
17.975,ENC,206.4772,0.0000,103.2386,1.7044,0.0000,-591.514,-3.693,-1.117,-244.761,0.1333,0.0312,0.8647,
17.983,IMU,206.4772,0.0000,103.2386,1.7044,0.0000,-591.514,-3.795,-1.144,-244.432,0.1450,-0.0703,0.9023,
17.992,ENC,206.5062,0.0000,103.2531,1.4488,0.0000,-591.597,-3.795,-1.144,-244.432,0.1450,-0.0703,0.9023,
18.004,IMU,206.5062,0.0000,103.2531,1.4488,0.0000,-591.597,-3.651,-1.178,-244.053,-0.1025,-0.0723,1.1421,
18.013,ENC,206.5318,0.0000,103.2659,1.2783,0.0000,-591.670,-3.651,-1.178,-244.053,-0.1025,-0.0723,1.1421,
18.032,ENC,206.5641,0.0000,103.2821,1.6192,0.0000,-591.763,-3.651,-1.178,-244.053,-0.1025,-0.0723,1.1421,
18.044,IMU,206.5641,0.0000,103.2821,1.6192,0.0000,-591.763,-3.669,-1.203,-243.319,0.1382,-0.0854,0.8813,
18.052,ENC,206.5897,0.0000,103.2949,1.2783,0.0000,-591.836,-3.669,-1.203,-243.319,0.1382,-0.0854,0.8813,
18.065,IMU,206.5897,0.0000,103.2949,1.2783,0.0000,-591.836,-3.684,-1.168,-243.020,0.0967,0.0103,0.9478,
18.072,ENC,206.6170,0.0000,103.3085,1.3635,0.0000,-591.914,-3.684,-1.168,-243.020,0.0967,0.0103,0.9478,
18.083,IMU,206.6170,0.0000,103.3085,1.3635,0.0000,-591.914,-3.824,-1.155,-242.695,0.1890,0.0210,0.9072,
18.095,ENC,206.6408,0.0000,103.3204,1.1931,0.0000,-591.982,-3.824,-1.155,-242.695,0.1890,0.0210,0.9072,
18.103,IMU,206.6408,0.0000,103.3204,1.1931,0.0000,-591.982,-3.785,-1.058,-242.402,0.0098,0.0034,1.1211,
18.112,ENC,206.6664,0.0000,103.3332,1.2783,0.0000,-592.056,-3.785,-1.058,-242.402,0.0098,0.0034,1.1211,
18.123,IMU,206.6664,0.0000,103.3332,1.2783,0.0000,-592.056,-3.735,-1.046,-242.073,0.0059,-0.0234,1.1426,
18.132,ENC,206.6954,0.0000,103.3477,1.4488,0.0000,-592.139,-3.735,-1.046,-242.073,0.0059,-0.0234,1.1426,
18.147,IMU,206.6954,0.0000,103.3477,1.4488,0.0000,-592.139,-3.778,-1.020,-241.740,0.1084,0.0518,1.1221,
18.153,ENC,206.7227,0.0000,103.3613,1.3635,0.0000,-592.217,-3.778,-1.020,-241.740,0.1084,0.0518,1.1221,
18.162,IMU,206.7227,0.0000,103.3613,1.3635,0.0000,-592.217,-3.713,-0.928,-241.396,0.0122,0.0020,1.0645,
18.173,ENC,206.7670,0.0000,103.3835,2.2158,0.0000,-592.344,-3.713,-0.928,-241.396,0.0122,0.0020,1.0645,
18.185,IMU,206.7670,0.0000,103.3835,2.2158,0.0000,-592.344,-3.768,-0.824,-241.172,0.1162,0.0806,0.9541,
18.192,ENC,206.8352,0.0000,103.4176,3.4088,0.0000,-592.539,-3.768,-0.824,-241.172,0.1162,0.0806,0.9541,
18.202,IMU,206.8352,0.0000,103.4176,3.4088,0.0000,-592.539,-3.976,-0.967,-240.978,0.2178,-0.0566,0.9028,
18.212,ENC,206.9170,0.0000,103.4585,4.0906,0.0000,-592.773,-3.976,-0.967,-240.978,0.2178,-0.0566,0.9028,
18.223,IMU,206.9170,0.0000,103.4585,4.0906,0.0000,-592.773,-4.148,-1.002,-240.837,0.1875,-0.0210,1.0342,
18.233,ENC,207.0209,0.0000,103.5105,5.1985,0.0000,-593.071,-4.148,-1.002,-240.837,0.1875,-0.0210,1.0342,
18.242,IMU,207.0209,0.0000,103.5105,5.1985,0.0000,-593.071,-4.245,-0.861,-240.786,0.2212,0.0840,1.0029,
18.252,ENC,207.1539,0.0000,103.5769,6.6473,0.0000,-593.452,-4.245,-0.861,-240.786,0.2212,0.0840,1.0029,
18.262,IMU,207.1539,0.0000,103.5769,6.6473,0.0000,-593.452,-4.205,-0.921,-240.799,0.0361,-0.0923,0.9668,
18.272,ENC,207.2919,0.0000,103.6460,6.9029,0.0000,-593.848,-4.205,-0.921,-240.799,0.0361,-0.0923,0.9668,
18.287,IMU,207.2919,0.0000,103.6460,6.9029,0.0000,-593.848,-4.121,-1.033,-240.794,-0.0547,-0.1187,0.9819,
18.292,ENC,207.4590,0.0000,103.7295,8.3517,0.0000,-594.326,-4.121,-1.033,-240.794,-0.0547,-0.1187,0.9819,
18.302,IMU,207.4590,0.0000,103.7295,8.3517,0.0000,-594.326,-4.166,-0.988,-240.832,0.0967,0.0068,0.9556,
18.314,ENC,207.6277,0.0000,103.8139,8.4369,0.0000,-594.810,-4.166,-0.988,-240.832,0.0967,0.0068,0.9556,
18.322,IMU,207.6277,0.0000,103.8139,8.4369,0.0000,-594.810,-4.113,-0.870,-240.888,0.0718,0.0508,0.9727,
18.332,ENC,207.7947,0.0000,103.8974,8.3517,0.0000,-595.288,-4.113,-0.870,-240.888,0.0718,0.0508,0.9727,
18.343,IMU,207.7947,0.0000,103.8974,8.3517,0.0000,-595.288,-4.223,-1.018,-240.927,0.1528,-0.1030,0.9214,
18.353,ENC,207.9635,0.0000,103.9817,8.4369,0.0000,-595.771,-4.223,-1.018,-240.927,0.1528,-0.1030,0.9214,
18.362,IMU,207.9635,0.0000,103.9817,8.4369,0.0000,-595.771,-4.313,-1.023,-241.010,0.0898,-0.0439,1.1011,
18.372,ENC,208.1424,0.0000,104.0712,8.9482,0.0000,-596.284,-4.313,-1.023,-241.010,0.0898,-0.0439,1.1011,
18.383,IMU,208.1424,0.0000,104.0712,8.9482,0.0000,-596.284,-4.257,-0.982,-241.122,0.0610,-0.0024,0.9863,
18.392,ENC,208.3282,0.0000,104.1641,9.2891,0.0000,-596.816,-4.257,-0.982,-241.122,0.0610,-0.0024,0.9863,
18.404,IMU,208.3282,0.0000,104.1641,9.2891,0.0000,-596.816,-4.242,-0.914,-241.289,0.0630,0.0596,1.0503,
18.412,ENC,208.5225,0.0000,104.2613,9.7152,0.0000,-597.373,-4.242,-0.914,-241.289,0.0630,0.0596,1.0503,
18.422,IMU,208.5225,0.0000,104.2613,9.7152,0.0000,-597.373,-4.186,-0.943,-241.409,0.0215,0.0083,1.0239,
18.432,ENC,208.7032,0.0000,104.3516,9.0334,0.0000,-597.891,-4.186,-0.943,-241.409,0.0215,0.0083,1.0239,
18.448,IMU,208.7032,0.0000,104.3516,9.0334,0.0000,-597.891,-4.124,-0.910,-241.530,0.0430,0.0454,0.9556,
18.452,ENC,208.8702,0.0000,104.4351,8.3517,0.0000,-598.369,-4.124,-0.910,-241.530,0.0430,0.0454,0.9556,
18.462,IMU,208.8702,0.0000,104.4351,8.3517,0.0000,-598.369,-3.953,-0.928,-241.537,-0.0234,0.0293,0.9995,
18.472,ENC,209.0287,0.0000,104.5144,7.9256,0.0000,-598.823,-3.953,-0.928,-241.537,-0.0234,0.0293,0.9995,
18.482,IMU,209.0287,0.0000,104.5144,7.9256,0.0000,-598.823,-3.838,-1.014,-241.592,-0.0273,-0.0039,1.0142,
18.493,ENC,209.2162,0.0000,104.6081,9.3743,0.0000,-599.360,-3.838,-1.014,-241.592,-0.0273,-0.0039,1.0142,
18.503,IMU,209.2162,0.0000,104.6081,9.3743,0.0000,-599.360,-3.887,-1.060,-241.631,0.1250,-0.0156,0.9658,
18.513,ENC,209.3884,0.0000,104.6942,8.6073,0.0000,-599.854,-3.887,-1.060,-241.631,0.1250,-0.0156,0.9658,
18.523,IMU,209.3884,0.0000,104.6942,8.6073,0.0000,-599.854,-3.945,-1.185,-241.718,0.1025,-0.1172,0.9600,
18.532,ENC,209.5622,0.0000,104.7811,8.6926,0.0000,-600.352,-3.945,-1.185,-241.718,0.1025,-0.1172,0.9600,
18.543,IMU,209.5622,0.0000,104.7811,8.6926,0.0000,-600.352,-3.922,-1.185,-241.827,-0.0078,-0.0298,0.9805,
18.554,ENC,209.7480,0.0000,104.8740,9.2891,0.0000,-600.884,-3.922,-1.185,-241.827,-0.0078,-0.0298,0.9805,
18.562,IMU,209.7480,0.0000,104.8740,9.2891,0.0000,-600.884,-4.102,-1.232,-241.994,0.2251,-0.0229,0.8789,
18.573,ENC,209.9440,0.0000,104.9720,9.8004,0.0000,-601.445,-4.102,-1.232,-241.994,0.2251,-0.0229,0.8789,
18.583,IMU,209.9440,0.0000,104.9720,9.8004,0.0000,-601.445,-4.124,-1.214,-242.252,0.0708,0.0068,1.0303,
18.597,ENC,210.1383,0.0000,105.0692,9.7152,0.0000,-602.002,-4.124,-1.214,-242.252,0.0708,0.0068,1.0303,
18.602,IMU,210.1383,0.0000,105.0692,9.7152,0.0000,-602.002,-4.149,-1.190,-242.578,0.0527,0.0854,0.9912,
18.612,ENC,210.3480,0.0000,105.1740,10.4822,0.0000,-602.603,-4.149,-1.190,-242.578,0.0527,0.0854,0.9912,
18.623,IMU,210.3480,0.0000,105.1740,10.4822,0.0000,-602.603,-4.260,-1.352,-242.899,0.0806,-0.1011,0.8745,
18.632,ENC,210.5542,0.0000,105.2771,10.3118,0.0000,-603.193,-4.260,-1.352,-242.899,0.0806,-0.1011,0.8745,
18.643,IMU,210.5542,0.0000,105.2771,10.3118,0.0000,-603.193,-4.244,-1.421,-243.215,0.0615,-0.0581,1.0396,
18.652,ENC,210.7724,0.0000,105.3862,10.9083,0.0000,-603.818,-4.244,-1.421,-243.215,0.0615,-0.0581,1.0396,
18.663,IMU,210.7724,0.0000,105.3862,10.9083,0.0000,-603.818,-4.229,-1.529,-243.452,0.0527,-0.1050,0.9761,
18.672,ENC,210.9939,0.0000,105.4970,11.0788,0.0000,-604.453,-4.229,-1.529,-243.452,0.0527,-0.1050,0.9761,
18.686,IMU,210.9939,0.0000,105.4970,11.0788,0.0000,-604.453,-4.222,-1.510,-243.766,0.1240,0.0220,0.8960,
18.698,ENC,211.2172,0.0000,105.6086,11.1640,0.0000,-605.093,-4.222,-1.510,-243.766,0.1240,0.0220,0.8960,
18.703,IMU,211.2172,0.0000,105.6086,11.1640,0.0000,-605.093,-4.429,-1.593,-244.013,0.2261,-0.0781,0.9272,
18.712,ENC,211.4678,0.0000,105.7339,12.5275,0.0000,-605.811,-4.429,-1.593,-244.013,0.2261,-0.0781,0.9272,
18.723,IMU,211.4678,0.0000,105.7339,12.5275,0.0000,-605.811,-4.578,-1.530,-244.260,0.1958,0.0283,0.8887,
18.732,ENC,211.7013,0.0000,105.8506,11.6753,0.0000,-606.479,-4.578,-1.530,-244.260,0.1958,0.0283,0.8887,
18.743,IMU,211.7013,0.0000,105.8506,11.6753,0.0000,-606.479,-4.636,-1.489,-244.555,0.1304,0.0156,0.9243,
18.759,ENC,211.9535,0.0000,105.9768,12.6127,0.0000,-607.202,-4.636,-1.489,-244.555,0.1304,0.0156,0.9243,
18.762,IMU,211.9535,0.0000,105.9768,12.6127,0.0000,-607.202,-4.562,-1.372,-244.846,0.0591,0.0771,1.0234,
18.772,ENC,212.1956,0.0000,106.0978,12.1014,0.0000,-607.896,-4.562,-1.372,-244.846,0.0591,0.0771,1.0234,
18.783,IMU,212.1956,0.0000,106.0978,12.1014,0.0000,-607.896,-4.516,-1.353,-245.079,0.0093,0.0151,1.0610,
18.793,ENC,212.4461,0.0000,106.2231,12.5275,0.0000,-608.613,-4.516,-1.353,-245.079,0.0093,0.0151,1.0610,
18.804,IMU,212.4461,0.0000,106.2231,12.5275,0.0000,-608.613,-4.585,-1.541,-245.385,0.1592,-0.1177,0.8115,
18.813,ENC,212.6933,0.0000,106.3466,12.3571,0.0000,-609.321,-4.585,-1.541,-245.385,0.1592,-0.1177,0.8115,
18.826,IMU,212.6933,0.0000,106.3466,12.3571,0.0000,-609.321,-4.653,-1.521,-245.608,0.0591,0.0322,1.0645,
18.832,ENC,212.9336,0.0000,106.4668,12.0162,0.0000,-610.010,-4.653,-1.521,-245.608,0.0591,0.0322,1.0645,
18.845,IMU,212.9336,0.0000,106.4668,12.0162,0.0000,-610.010,-4.551,-1.512,-245.850,-0.0034,-0.0176,0.9727,
18.852,ENC,213.1398,0.0000,106.5699,10.3118,0.0000,-610.601,-4.551,-1.512,-245.850,-0.0034,-0.0176,0.9727,
18.863,IMU,213.1398,0.0000,106.5699,10.3118,0.0000,-610.601,-4.500,-1.458,-246.096,-0.0312,0.0259,1.0229,
18.874,ENC,213.3392,0.0000,106.6696,9.9709,0.0000,-611.172,-4.500,-1.458,-246.096,-0.0312,0.0259,1.0229,
18.883,IMU,213.3392,0.0000,106.6696,9.9709,0.0000,-611.172,-4.488,-1.404,-246.246,0.0601,-0.0137,0.9966,
18.892,ENC,213.5148,0.0000,106.7574,8.7778,0.0000,-611.675,-4.488,-1.404,-246.246,0.0601,-0.0137,0.9966,
18.904,IMU,213.5148,0.0000,106.7574,8.7778,0.0000,-611.675,-4.444,-1.315,-246.427,0.0122,0.0352,0.9604,
18.912,ENC,213.6597,0.0000,106.8298,7.2438,0.0000,-612.090,-4.444,-1.315,-246.427,0.0122,0.0352,0.9604,
18.925,IMU,213.6597,0.0000,106.8298,7.2438,0.0000,-612.090,-4.372,-1.189,-246.514,0.0093,0.1201,1.0400,
18.932,ENC,213.7841,0.0000,106.8920,6.2211,0.0000,-612.446,-4.372,-1.189,-246.514,0.0093,0.1201,1.0400,
18.944,IMU,213.7841,0.0000,106.8920,6.2211,0.0000,-612.446,-4.339,-0.995,-246.633,0.0557,0.1201,0.9736,
18.952,ENC,213.9017,0.0000,106.9508,5.8803,0.0000,-612.783,-4.339,-0.995,-246.633,0.0557,0.1201,0.9736,
18.965,IMU,213.9017,0.0000,106.9508,5.8803,0.0000,-612.783,-4.408,-0.892,-246.820,0.1187,0.0894,0.9316,
18.972,ENC,214.0278,0.0000,107.0139,6.3064,0.0000,-613.145,-4.408,-0.892,-246.820,0.1187,0.0894,0.9316,
18.982,IMU,214.0278,0.0000,107.0139,6.3064,0.0000,-613.145,-4.390,-0.851,-247.040,0.0674,0.0332,0.9902,
18.994,ENC,214.1352,0.0000,107.0676,5.3689,0.0000,-613.452,-4.390,-0.851,-247.040,0.0674,0.0332,0.9902,
19.003,IMU,214.1352,0.0000,107.0676,5.3689,0.0000,-613.452,-4.466,-0.744,-247.282,0.1201,0.0649,1.0117,
19.012,ENC,214.2409,0.0000,107.1204,5.2837,0.0000,-613.755,-4.466,-0.744,-247.282,0.1201,0.0649,1.0117,
19.023,IMU,214.2409,0.0000,107.1204,5.2837,0.0000,-613.755,-4.504,-0.714,-247.520,0.1494,0.0439,1.0396,
19.033,ENC,214.3363,0.0000,107.1682,4.7724,0.0000,-614.028,-4.504,-0.714,-247.520,0.1494,0.0439,1.0396,
19.044,IMU,214.3363,0.0000,107.1682,4.7724,0.0000,-614.028,-4.586,-0.719,-247.742,0.1079,0.0137,1.0088,
19.053,ENC,214.4318,0.0000,107.2159,4.7724,0.0000,-614.302,-4.586,-0.719,-247.742,0.1079,0.0137,1.0088,
19.063,IMU,214.4318,0.0000,107.2159,4.7724,0.0000,-614.302,-4.599,-0.738,-248.034,0.0825,-0.0215,0.9492,
19.072,ENC,214.5187,0.0000,107.2593,4.3463,0.0000,-614.551,-4.599,-0.738,-248.034,0.0825,-0.0215,0.9492,
19.083,IMU,214.5187,0.0000,107.2593,4.3463,0.0000,-614.551,-4.574,-0.678,-248.280,0.0303,0.0649,1.0396,
19.093,ENC,214.6039,0.0000,107.3020,4.2611,0.0000,-614.795,-4.574,-0.678,-248.280,0.0303,0.0649,1.0396,
19.104,IMU,214.6039,0.0000,107.3020,4.2611,0.0000,-614.795,-4.587,-0.661,-248.547,0.1167,0.0156,0.9771,
19.112,ENC,214.6874,0.0000,107.3437,4.1758,0.0000,-615.034,-4.587,-0.661,-248.547,0.1167,0.0156,0.9771,
19.123,IMU,214.6874,0.0000,107.3437,4.1758,0.0000,-615.034,-4.564,-0.775,-248.798,0.0400,-0.0527,1.0327,
19.133,ENC,214.7709,0.0000,107.3855,4.1758,0.0000,-615.273,-4.564,-0.775,-248.798,0.0400,-0.0527,1.0327,
19.143,IMU,214.7709,0.0000,107.3855,4.1758,0.0000,-615.273,-4.545,-0.796,-249.100,0.0649,-0.0190,1.0474,
19.153,ENC,214.8511,0.0000,107.4255,4.0054,0.0000,-615.503,-4.545,-0.796,-249.100,0.0649,-0.0190,1.0474,
19.163,IMU,214.8511,0.0000,107.4255,4.0054,0.0000,-615.503,-4.545,-0.734,-249.396,0.0620,0.0176,0.9800,
19.172,ENC,214.9295,0.0000,107.4647,3.9202,0.0000,-615.728,-4.545,-0.734,-249.396,0.0620,0.0176,0.9800,
19.182,IMU,214.9295,0.0000,107.4647,3.9202,0.0000,-615.728,-4.475,-0.773,-249.613,0.0293,-0.0239,0.9790,
19.192,ENC,215.0113,0.0000,107.5056,4.0906,0.0000,-615.962,-4.475,-0.773,-249.613,0.0293,-0.0239,0.9790,
19.203,IMU,215.0113,0.0000,107.5056,4.0906,0.0000,-615.962,-4.513,-0.742,-249.829,0.0723,0.0459,1.0229,
19.214,ENC,215.0914,0.0000,107.5457,4.0054,0.0000,-616.191,-4.513,-0.742,-249.829,0.0723,0.0459,1.0229,
19.223,IMU,215.0914,0.0000,107.5457,4.0054,0.0000,-616.191,-4.547,-0.798,-250.101,0.0864,-0.0532,0.9521,
19.233,ENC,215.1698,0.0000,107.5849,3.9202,0.0000,-616.416,-4.547,-0.798,-250.101,0.0864,-0.0532,0.9521,
19.243,IMU,215.1698,0.0000,107.5849,3.9202,0.0000,-616.416,-4.529,-0.802,-250.365,0.0645,0.0029,0.9570,
19.252,ENC,215.2465,0.0000,107.6232,3.8350,0.0000,-616.636,-4.529,-0.802,-250.365,0.0645,0.0029,0.9570,
19.266,IMU,215.2465,0.0000,107.6232,3.8350,0.0000,-616.636,-4.530,-0.912,-250.637,0.0703,-0.0562,1.0044,
19.273,ENC,215.3266,0.0000,107.6633,4.0054,0.0000,-616.865,-4.530,-0.912,-250.637,0.0703,-0.0562,1.0044,
19.284,IMU,215.3266,0.0000,107.6633,4.0054,0.0000,-616.865,-4.484,-0.927,-250.847,0.0181,0.0186,1.0684,
19.292,ENC,215.4050,0.0000,107.7025,3.9202,0.0000,-617.090,-4.484,-0.927,-250.847,0.0181,0.0186,1.0684,
19.303,IMU,215.4050,0.0000,107.7025,3.9202,0.0000,-617.090,-4.476,-0.946,-251.084,0.0957,-0.0112,0.9961,
19.313,ENC,215.4766,0.0000,107.7383,3.5793,0.0000,-617.295,-4.476,-0.946,-251.084,0.0957,-0.0112,0.9961,
19.323,IMU,215.4766,0.0000,107.7383,3.5793,0.0000,-617.295,-4.452,-0.916,-251.359,0.0474,-0.0098,0.9946,
19.332,ENC,215.5533,0.0000,107.7766,3.8350,0.0000,-617.515,-4.452,-0.916,-251.359,0.0474,-0.0098,0.9946,
19.343,IMU,215.5533,0.0000,107.7766,3.8350,0.0000,-617.515,-4.432,-0.942,-251.607,0.0415,0.0024,1.0098,
19.352,ENC,215.6249,0.0000,107.8124,3.5793,0.0000,-617.720,-4.432,-0.942,-251.607,0.0415,0.0024,1.0098,
19.363,IMU,215.6249,0.0000,107.8124,3.5793,0.0000,-617.720,-4.511,-0.955,-251.831,0.0698,-0.0425,0.9565,
19.373,ENC,215.6999,0.0000,107.8499,3.7497,0.0000,-617.935,-4.511,-0.955,-251.831,0.0698,-0.0425,0.9565,
19.383,IMU,215.6999,0.0000,107.8499,3.7497,0.0000,-617.935,-4.475,-1.021,-252.129,0.0439,-0.0337,1.0010,
19.392,ENC,215.7783,0.0000,107.8891,3.9202,0.0000,-618.159,-4.475,-1.021,-252.129,0.0439,-0.0337,1.0010,
19.402,IMU,215.7783,0.0000,107.8891,3.9202,0.0000,-618.159,-4.490,-0.929,-252.333,0.0830,0.0474,1.0337,
19.412,ENC,215.8550,0.0000,107.9275,3.8350,0.0000,-618.379,-4.490,-0.929,-252.333,0.0830,0.0474,1.0337,
19.423,IMU,215.8550,0.0000,107.9275,3.8350,0.0000,-618.379,-4.460,-0.978,-252.593,0.0405,-0.0522,0.9575,
19.432,ENC,215.9402,0.0000,107.9701,4.2611,0.0000,-618.623,-4.460,-0.978,-252.593,0.0405,-0.0522,0.9575,
19.442,IMU,215.9402,0.0000,107.9701,4.2611,0.0000,-618.623,-4.441,-1.019,-252.837,0.0786,-0.0259,1.0332,
19.453,ENC,216.0220,0.0000,108.0110,4.0906,0.0000,-618.857,-4.441,-1.019,-252.837,0.0786,-0.0259,1.0332,
19.463,IMU,216.0220,0.0000,108.0110,4.0906,0.0000,-618.857,-4.470,-1.033,-253.063,0.0928,-0.0093,0.9976,
19.475,ENC,216.1055,0.0000,108.0528,4.1758,0.0000,-619.097,-4.470,-1.033,-253.063,0.0928,-0.0093,0.9976,
19.484,IMU,216.1055,0.0000,108.0528,4.1758,0.0000,-619.097,-4.381,-1.050,-253.317,0.0005,-0.0215,0.9922,
19.492,ENC,216.1890,0.0000,108.0945,4.1758,0.0000,-619.336,-4.381,-1.050,-253.317,0.0005,-0.0215,0.9922,
19.502,IMU,216.1890,0.0000,108.0945,4.1758,0.0000,-619.336,-4.342,-1.083,-253.544,0.0518,-0.0474,1.0273,
19.513,ENC,216.2742,0.0000,108.1371,4.2611,0.0000,-619.580,-4.342,-1.083,-253.544,0.0518,-0.0474,1.0273,
19.522,IMU,216.2742,0.0000,108.1371,4.2611,0.0000,-619.580,-4.331,-1.173,-253.833,0.0664,-0.0625,0.9526,
19.532,ENC,216.3561,0.0000,108.1780,4.0906,0.0000,-619.814,-4.331,-1.173,-253.833,0.0664,-0.0625,0.9526,
19.542,IMU,216.3561,0.0000,108.1780,4.0906,0.0000,-619.814,-4.295,-1.152,-254.112,0.0615,0.0156,1.0552,
19.555,ENC,216.4362,0.0000,108.2181,4.0054,0.0000,-620.044,-4.295,-1.152,-254.112,0.0615,0.0156,1.0552,
19.562,IMU,216.4362,0.0000,108.2181,4.0054,0.0000,-620.044,-4.301,-1.143,-254.396,0.0908,-0.0039,0.9956,
19.574,ENC,216.5112,0.0000,108.2556,3.7497,0.0000,-620.259,-4.301,-1.143,-254.396,0.0908,-0.0039,0.9956,
19.592,ENC,216.5879,0.0000,108.2939,3.8350,0.0000,-620.479,-4.301,-1.143,-254.396,0.0908,-0.0039,0.9956,
19.604,IMU,216.5879,0.0000,108.2939,3.8350,0.0000,-620.479,-4.440,-1.094,-254.897,0.0894,-0.0112,0.9644,
19.612,ENC,216.6646,-0.1960,108.2343,3.8350,-9.8004,-621.260,-4.440,-1.094,-254.897,0.0894,-0.0112,0.9644,
19.622,IMU,216.6646,-0.1960,108.2343,3.8350,-9.8004,-621.260,-4.486,-1.030,-255.146,0.1196,0.0435,0.9565,
19.632,ENC,216.7464,0.0000,108.3732,4.0906,9.8004,-620.933,-4.486,-1.030,-255.146,0.1196,0.0435,0.9565,
19.643,IMU,216.7464,0.0000,108.3732,4.0906,9.8004,-620.933,-4.474,-0.996,-255.378,0.0649,0.0278,1.0234,
19.652,ENC,216.8248,0.0000,108.4124,3.9202,0.0000,-621.157,-4.474,-0.996,-255.378,0.0649,0.0278,1.0234,
19.667,IMU,216.8248,0.0000,108.4124,3.9202,0.0000,-621.157,-4.427,-0.934,-255.584,0.0215,0.0293,0.9771,
19.673,ENC,216.9083,0.0000,108.4541,4.1758,0.0000,-621.396,-4.427,-0.934,-255.584,0.0215,0.0293,0.9771,
19.683,IMU,216.9083,0.0000,108.4541,4.1758,0.0000,-621.396,-4.369,-0.933,-255.871,0.0127,-0.0220,0.9912,
19.693,ENC,216.9833,0.0000,108.4916,3.7497,0.0000,-621.611,-4.369,-0.933,-255.871,0.0127,-0.0220,0.9912,
19.702,IMU,216.9833,0.0000,108.4916,3.7497,0.0000,-621.611,-4.369,-0.968,-256.133,0.0674,-0.0459,0.9648,
19.713,ENC,217.0600,0.0000,108.5300,3.8350,0.0000,-621.831,-4.369,-0.968,-256.133,0.0674,-0.0459,0.9648,
19.723,IMU,217.0600,0.0000,108.5300,3.8350,0.0000,-621.831,-4.320,-1.049,-256.393,0.0415,-0.0488,1.0112,
19.732,ENC,217.1333,0.0000,108.5666,3.6645,0.0000,-622.041,-4.320,-1.049,-256.393,0.0415,-0.0488,1.0112,
19.745,IMU,217.1333,0.0000,108.5666,3.6645,0.0000,-622.041,-4.353,-1.032,-256.667,0.0674,0.0103,1.0415,
19.752,ENC,217.1997,0.0000,108.5999,3.3236,0.0000,-622.231,-4.353,-1.032,-256.667,0.0674,0.0103,1.0415,
19.762,IMU,217.1997,0.0000,108.5999,3.3236,0.0000,-622.231,-4.357,-1.060,-256.921,0.0806,-0.0361,0.9775,
19.773,ENC,217.2645,0.0000,108.6323,3.2384,0.0000,-622.417,-4.357,-1.060,-256.921,0.0806,-0.0361,0.9775,
19.785,IMU,217.2645,0.0000,108.6323,3.2384,0.0000,-622.417,-4.300,-1.095,-257.173,0.0210,-0.0674,1.0073,
19.792,ENC,217.3293,0.0000,108.6646,3.2384,0.0000,-622.603,-4.300,-1.095,-257.173,0.0210,-0.0674,1.0073,
19.803,IMU,217.3293,0.0000,108.6646,3.2384,0.0000,-622.603,-4.324,-1.114,-257.409,0.0737,-0.0142,0.9824,
19.812,ENC,217.4026,0.0000,108.7013,3.6645,0.0000,-622.812,-4.324,-1.114,-257.409,0.0737,-0.0142,0.9824,
19.824,IMU,217.4026,0.0000,108.7013,3.6645,0.0000,-622.812,-4.262,-1.104,-257.697,0.0669,-0.0034,0.9688,
19.832,ENC,217.4690,0.0000,108.7345,3.3236,0.0000,-623.003,-4.262,-1.104,-257.697,0.0669,-0.0034,0.9688,
19.842,IMU,217.4690,0.0000,108.7345,3.3236,0.0000,-623.003,-4.234,-1.084,-257.904,0.0132,0.0229,0.9937,
19.855,ENC,217.5423,0.0000,108.7712,3.6645,0.0000,-623.213,-4.234,-1.084,-257.904,0.0132,0.0229,0.9937,
19.863,IMU,217.5423,0.0000,108.7712,3.6645,0.0000,-623.213,-4.242,-1.152,-258.212,0.0684,-0.0605,1.0239,
19.873,ENC,217.6241,0.0000,108.8121,4.0906,0.0000,-623.447,-4.242,-1.152,-258.212,0.0684,-0.0605,1.0239,
19.882,IMU,217.6241,0.0000,108.8121,4.0906,0.0000,-623.447,-4.314,-1.108,-258.524,0.1270,-0.0020,0.9390,
19.893,ENC,217.7077,0.0000,108.8538,4.1758,0.0000,-623.687,-4.314,-1.108,-258.524,0.1270,-0.0020,0.9390,
19.903,IMU,217.7077,0.0000,108.8538,4.1758,0.0000,-623.687,-4.320,-1.130,-258.865,0.0229,-0.0410,1.0557,
19.912,ENC,217.8167,0.0000,108.9084,5.4542,0.0000,-623.999,-4.320,-1.130,-258.865,0.0229,-0.0410,1.0557,
19.923,IMU,217.8167,0.0000,108.9084,5.4542,0.0000,-623.999,-4.369,-1.176,-259.257,0.0923,-0.0806,0.9316,
19.933,ENC,217.9088,0.0000,108.9544,4.6019,0.0000,-624.263,-4.369,-1.176,-259.257,0.0923,-0.0806,0.9316,
19.943,IMU,217.9088,0.0000,108.9544,4.6019,0.0000,-624.263,-4.365,-1.148,-259.619,0.0713,0.0063,0.9297,
19.954,ENC,218.0247,0.0000,109.0123,5.7950,0.0000,-624.595,-4.365,-1.148,-259.619,0.0713,0.0063,0.9297,
19.962,IMU,218.0247,0.0000,109.0123,5.7950,0.0000,-624.595,-4.344,-1.175,-259.987,0.0283,-0.0332,1.0010,
19.972,ENC,218.1270,0.0000,109.0635,5.1133,0.0000,-624.888,-4.344,-1.175,-259.987,0.0283,-0.0332,1.0010,
19.983,IMU,218.1270,0.0000,109.0635,5.1133,0.0000,-624.888,-4.373,-1.245,-260.429,0.0366,-0.0767,1.0288,
19.992,ENC,218.2326,0.0000,109.1163,5.2837,0.0000,-625.190,-4.373,-1.245,-260.429,0.0366,-0.0767,1.0288,
20.002,IMU,218.2326,0.0000,109.1163,5.2837,0.0000,-625.190,-4.339,-1.312,-260.854,0.0479,-0.0669,1.0527,
20.012,ENC,218.3451,0.0000,109.1726,5.6246,0.0000,-625.513,-4.339,-1.312,-260.854,0.0479,-0.0669,1.0527,
20.024,IMU,218.3451,0.0000,109.1726,5.6246,0.0000,-625.513,-4.365,-1.393,-261.294,0.0601,-0.0562,1.0498,
20.033,ENC,218.4474,0.0000,109.2237,5.1133,0.0000,-625.806,-4.365,-1.393,-261.294,0.0601,-0.0562,1.0498,
20.042,IMU,218.4474,0.0000,109.2237,5.1133,0.0000,-625.806,-4.359,-1.415,-261.660,0.0527,-0.0034,0.9702,
20.052,ENC,218.5497,0.0000,109.2748,5.1133,0.0000,-626.099,-4.359,-1.415,-261.660,0.0527,-0.0034,0.9702,
20.062,IMU,218.5497,0.0000,109.2748,5.1133,0.0000,-626.099,-4.345,-1.295,-262.029,0.0845,0.0376,0.9507,
20.072,ENC,218.6553,0.0000,109.3277,5.2837,0.0000,-626.401,-4.345,-1.295,-262.029,0.0845,0.0376,0.9507,
20.083,IMU,218.6553,0.0000,109.3277,5.2837,0.0000,-626.401,-4.320,-1.267,-262.421,0.0845,-0.0093,0.9946,
20.092,ENC,218.7661,0.0000,109.3831,5.5394,0.0000,-626.719,-4.320,-1.267,-262.421,0.0845,-0.0093,0.9946,
20.102,IMU,218.7661,0.0000,109.3831,5.5394,0.0000,-626.719,-4.395,-1.156,-262.792,0.1221,0.0479,1.0044,
20.114,ENC,218.8701,0.0000,109.4350,5.1985,0.0000,-627.017,-4.395,-1.156,-262.792,0.1221,0.0479,1.0044,
20.132,ENC,218.9792,0.0000,109.4896,5.4542,0.0000,-627.329,-4.395,-1.156,-262.792,0.1221,0.0479,1.0044,
20.142,IMU,218.9792,0.0000,109.4896,5.4542,0.0000,-627.329,-4.438,-1.187,-263.626,0.1084,0.0054,0.9429,
20.152,ENC,219.0865,0.0000,109.5433,5.3689,0.0000,-627.637,-4.438,-1.187,-263.626,0.1084,0.0054,0.9429,
20.163,IMU,219.0865,0.0000,109.5433,5.3689,0.0000,-627.637,-4.428,-1.139,-264.044,0.1045,0.0659,1.0010,
20.173,ENC,219.2093,0.0000,109.6046,6.1359,0.0000,-627.988,-4.428,-1.139,-264.044,0.1045,0.0659,1.0010,
20.185,IMU,219.2093,0.0000,109.6046,6.1359,0.0000,-627.988,-4.409,-1.185,-264.424,0.0347,-0.0850,0.9844,
20.193,ENC,219.3269,0.0000,109.6634,5.8803,0.0000,-628.325,-4.409,-1.185,-264.424,0.0347,-0.0850,0.9844,
20.202,IMU,219.3269,0.0000,109.6634,5.8803,0.0000,-628.325,-4.355,-1.227,-264.829,0.0513,-0.0166,0.9741,
20.212,ENC,219.4428,0.0000,109.7214,5.7950,0.0000,-628.657,-4.355,-1.227,-264.829,0.0513,-0.0166,0.9741,
20.223,IMU,219.4428,0.0000,109.7214,5.7950,0.0000,-628.657,-4.340,-1.217,-265.167,-0.0327,-0.0093,0.9912,
20.232,ENC,219.5570,0.0000,109.7785,5.7098,0.0000,-628.984,-4.340,-1.217,-265.167,-0.0327,-0.0093,0.9912,
20.245,IMU,219.5570,0.0000,109.7785,5.7098,0.0000,-628.984,-4.298,-1.308,-265.553,0.0288,-0.0635,0.9824,
20.252,ENC,219.6678,0.0000,109.8339,5.5394,0.0000,-629.302,-4.298,-1.308,-265.553,0.0288,-0.0635,0.9824,
20.263,IMU,219.6678,0.0000,109.8339,5.5394,0.0000,-629.302,-4.257,-1.314,-265.893,0.0425,-0.0176,1.0303,
20.273,ENC,219.7785,0.0000,109.8893,5.5394,0.0000,-629.619,-4.257,-1.314,-265.893,0.0425,-0.0176,1.0303,
20.282,IMU,219.7785,0.0000,109.8893,5.5394,0.0000,-629.619,-4.247,-1.275,-266.279,0.0796,-0.0098,1.0249,
20.294,ENC,219.8859,0.0000,109.9430,5.3689,0.0000,-629.927,-4.247,-1.275,-266.279,0.0796,-0.0098,1.0249,
20.303,IMU,219.8859,0.0000,109.9430,5.3689,0.0000,-629.927,-4.271,-1.192,-266.614,0.1191,0.0254,0.9077,
20.313,ENC,219.9899,0.0000,109.9949,5.1985,0.0000,-630.225,-4.271,-1.192,-266.614,0.1191,0.0254,0.9077,
20.322,IMU,219.9899,0.0000,109.9949,5.1985,0.0000,-630.225,-4.240,-1.151,-266.993,0.0840,0.0425,1.0068,
20.334,ENC,220.0956,0.0000,110.0478,5.2837,0.0000,-630.527,-4.240,-1.151,-266.993,0.0840,0.0425,1.0068,
20.342,IMU,220.0956,0.0000,110.0478,5.2837,0.0000,-630.527,-4.201,-1.163,-267.404,0.0137,0.0063,1.0098,
20.353,ENC,220.2012,0.0000,110.1006,5.2837,0.0000,-630.830,-4.201,-1.163,-267.404,0.0137,0.0063,1.0098,
20.373,ENC,220.3052,0.0000,110.1526,5.1985,0.0000,-631.128,-4.201,-1.163,-267.404,0.0137,0.0063,1.0098,
20.392,ENC,220.4024,0.0000,110.2012,4.8576,0.0000,-631.406,-4.201,-1.163,-267.404,0.0137,0.0063,1.0098,
20.403,IMU,220.4024,0.0000,110.2012,4.8576,0.0000,-631.406,-4.210,-1.126,-268.590,0.0454,0.0464,0.9927,
20.414,ENC,220.5046,0.0000,110.2523,5.1133,0.0000,-631.699,-4.210,-1.126,-268.590,0.0454,0.0464,0.9927,
20.422,IMU,220.5046,0.0000,110.2523,5.1133,0.0000,-631.699,-4.203,-1.140,-268.973,0.0435,0.0054,1.0137,
20.433,ENC,220.6069,0.0000,110.3034,5.1133,0.0000,-631.992,-4.203,-1.140,-268.973,0.0435,0.0054,1.0137,
20.443,IMU,220.6069,0.0000,110.3034,5.1133,0.0000,-631.992,-4.070,-1.198,-269.297,-0.0205,-0.0225,1.0195,
20.453,ENC,220.7177,0.0000,110.3588,5.5394,0.0000,-632.310,-4.070,-1.198,-269.297,-0.0205,-0.0225,1.0195,
20.463,IMU,220.7177,0.0000,110.3588,5.5394,0.0000,-632.310,-4.047,-1.191,-269.684,0.0435,0.0166,0.9902,
20.473,ENC,220.8046,0.0000,110.4023,4.3463,0.0000,-632.559,-4.047,-1.191,-269.684,0.0435,0.0166,0.9902,
20.483,IMU,220.8046,0.0000,110.4023,4.3463,0.0000,-632.559,-3.992,-1.310,-270.031,0.0601,-0.0898,1.0474,
20.493,ENC,220.9052,0.0000,110.4526,5.0280,0.0000,-632.847,-3.992,-1.310,-270.031,0.0601,-0.0898,1.0474,
20.503,IMU,220.9052,0.0000,110.4526,5.0280,0.0000,-632.847,-4.095,-1.257,-270.390,0.1519,0.0195,1.0952,
20.512,ENC,221.0108,0.0000,110.5054,5.2837,0.0000,-633.149,-4.095,-1.257,-270.390,0.1519,0.0195,1.0952,
20.523,IMU,221.0108,0.0000,110.5054,5.2837,0.0000,-633.149,-4.088,-1.381,-270.745,0.0796,-0.0996,0.9658,
20.532,ENC,221.1131,0.0000,110.5566,5.1133,0.0000,-633.442,-4.088,-1.381,-270.745,0.0796,-0.0996,0.9658,
20.543,IMU,221.1131,0.0000,110.5566,5.1133,0.0000,-633.442,-4.086,-1.401,-271.162,0.0547,-0.0645,1.0049,
20.552,ENC,221.2137,0.0000,110.6068,5.0280,0.0000,-633.730,-4.086,-1.401,-271.162,0.0547,-0.0645,1.0049,
20.563,IMU,221.2137,0.0000,110.6068,5.0280,0.0000,-633.730,-4.236,-1.455,-271.525,0.1646,-0.0454,1.0063,
20.572,ENC,221.3245,0.0000,110.6622,5.5394,0.0000,-634.048,-4.236,-1.455,-271.525,0.1646,-0.0454,1.0063,
20.583,IMU,221.3245,0.0000,110.6622,5.5394,0.0000,-634.048,-4.256,-1.540,-271.930,0.0332,-0.0903,1.1416,
20.592,ENC,221.4352,0.0000,110.7176,5.5394,0.0000,-634.365,-4.256,-1.540,-271.930,0.0332,-0.0903,1.1416,
20.605,IMU,221.4352,0.0000,110.7176,5.5394,0.0000,-634.365,-4.284,-1.560,-272.315,0.0688,0.0117,1.0586,
20.612,ENC,221.5426,0.0000,110.7713,5.3689,0.0000,-634.673,-4.284,-1.560,-272.315,0.0688,0.0117,1.0586,
20.622,IMU,221.5426,0.0000,110.7713,5.3689,0.0000,-634.673,-4.209,-1.509,-272.623,0.0059,-0.0005,1.0181,
20.632,ENC,221.6466,-0.2182,110.7142,5.1985,-10.9083,-635.596,-4.209,-1.509,-272.623,0.0059,-0.0005,1.0181,
20.643,IMU,221.6466,-0.2182,110.7142,5.1985,-10.9083,-635.596,-4.186,-1.415,-273.042,0.0796,0.0620,0.9224,
20.655,ENC,221.7540,0.0000,110.8770,5.3689,10.9083,-635.278,-4.186,-1.415,-273.042,0.0796,0.0620,0.9224,
20.662,IMU,221.7540,0.0000,110.8770,5.3689,10.9083,-635.278,-4.108,-1.474,-273.416,0.0078,-0.0308,1.0557,
20.672,ENC,221.8613,0.0000,110.9307,5.3689,0.0000,-635.586,-4.108,-1.474,-273.416,0.0078,-0.0308,1.0557,
20.683,IMU,221.8613,0.0000,110.9307,5.3689,0.0000,-635.586,-4.069,-1.428,-273.736,0.0674,0.0044,0.9326,
20.692,ENC,221.9653,0.0000,110.9827,5.1985,0.0000,-635.884,-4.069,-1.428,-273.736,0.0674,0.0044,0.9326,
20.706,IMU,221.9653,0.0000,110.9827,5.1985,0.0000,-635.884,-4.111,-1.367,-274.092,0.0767,0.0063,0.9346,
20.712,ENC,222.0676,0.0000,111.0338,5.1133,0.0000,-636.177,-4.111,-1.367,-274.092,0.0767,0.0063,0.9346,
20.722,IMU,222.0676,0.0000,111.0338,5.1133,0.0000,-636.177,-4.025,-1.390,-274.414,-0.0137,-0.0205,0.9619,
20.732,ENC,222.1545,0.0000,111.0773,4.3463,0.0000,-636.426,-4.025,-1.390,-274.414,-0.0137,-0.0205,0.9619,
20.746,IMU,222.1545,0.0000,111.0773,4.3463,0.0000,-636.426,-3.951,-1.364,-274.676,0.0273,-0.0195,1.0293,
20.753,ENC,222.2363,0.0000,111.1182,4.0906,0.0000,-636.660,-3.951,-1.364,-274.676,0.0273,-0.0195,1.0293,
20.762,IMU,222.2363,0.0000,111.1182,4.0906,0.0000,-636.660,-3.938,-1.373,-274.968,0.0581,-0.0156,0.9526,
20.772,ENC,222.3113,0.0000,111.1557,3.7497,0.0000,-636.875,-3.938,-1.373,-274.968,0.0581,-0.0156,0.9526,
20.782,IMU,222.3113,0.0000,111.1557,3.7497,0.0000,-636.875,-3.982,-1.365,-275.181,0.0786,-0.0005,1.0166,
20.792,ENC,222.3829,0.0000,111.1914,3.5793,0.0000,-637.080,-3.982,-1.365,-275.181,0.0786,-0.0005,1.0166,
20.802,IMU,222.3829,0.0000,111.1914,3.5793,0.0000,-637.080,-4.018,-1.283,-275.486,0.0781,0.0298,0.9854,
20.812,ENC,222.4528,0.0000,111.2264,3.4941,0.0000,-637.280,-4.018,-1.283,-275.486,0.0781,0.0298,0.9854,
20.825,IMU,222.4528,0.0000,111.2264,3.4941,0.0000,-637.280,-3.958,-1.193,-275.688,0.0063,0.0239,1.0430,
20.833,ENC,222.5244,0.0000,111.2622,3.5793,0.0000,-637.485,-3.958,-1.193,-275.688,0.0063,0.0239,1.0430,
20.843,IMU,222.5244,0.0000,111.2622,3.5793,0.0000,-637.485,-3.955,-1.253,-275.948,0.0723,-0.0239,0.9292,
20.852,ENC,222.5925,0.0000,111.2963,3.4088,0.0000,-637.681,-3.955,-1.253,-275.948,0.0723,-0.0239,0.9292,
20.862,IMU,222.5925,0.0000,111.2963,3.4088,0.0000,-637.681,-3.927,-1.279,-276.222,0.0420,-0.0088,0.9800,
20.872,ENC,222.6624,0.0000,111.3312,3.4941,0.0000,-637.881,-3.927,-1.279,-276.222,0.0420,-0.0088,0.9800,
20.884,IMU,222.6624,0.0000,111.3312,3.4941,0.0000,-637.881,-3.966,-1.266,-276.472,0.1069,0.0103,1.0117,
20.892,ENC,222.7323,0.0000,111.3662,3.4941,0.0000,-638.081,-3.966,-1.266,-276.472,0.1069,0.0103,1.0117,
20.903,IMU,222.7323,0.0000,111.3662,3.4941,0.0000,-638.081,-3.945,-1.262,-276.713,0.0825,-0.0068,0.9624,
20.912,ENC,222.7988,0.0000,111.3994,3.3236,0.0000,-638.271,-3.945,-1.262,-276.713,0.0825,-0.0068,0.9624,
20.922,IMU,222.7988,0.0000,111.3994,3.3236,0.0000,-638.271,-3.911,-1.259,-276.916,0.0234,-0.0024,1.0215,
20.952,ENC,222.9198,0.0000,111.4599,3.0254,0.0000,-638.618,-3.911,-1.259,-276.916,0.0234,-0.0024,1.0215,
20.962,IMU,222.9198,0.0000,111.4599,3.0254,0.0000,-638.618,-3.875,-1.223,-277.212,0.0493,-0.0132,1.0156,
20.972,ENC,222.9726,0.0000,111.4863,2.6419,0.0000,-638.770,-3.875,-1.223,-277.212,0.0493,-0.0132,1.0156,
20.983,IMU,222.9726,0.0000,111.4863,2.6419,0.0000,-638.770,-3.864,-1.244,-277.413,0.0703,0.0122,0.9844,
21.003,IMU,222.9726,0.0000,111.4863,2.6419,0.0000,-638.770,-3.884,-1.245,-277.560,0.0728,-0.0249,1.0073,
21.012,ENC,223.0783,0.0000,111.5392,2.6419,0.0000,-639.072,-3.884,-1.245,-277.560,0.0728,-0.0249,1.0073,
21.023,IMU,223.0783,0.0000,111.5392,2.6419,0.0000,-639.072,-3.878,-1.322,-277.695,0.0513,-0.0732,1.0122,
21.033,ENC,223.1311,0.0000,111.5656,2.6419,0.0000,-639.224,-3.878,-1.322,-277.695,0.0513,-0.0732,1.0122,
21.045,IMU,223.1311,0.0000,111.5656,2.6419,0.0000,-639.224,-3.897,-1.379,-277.867,0.0615,-0.0356,1.0205,
21.053,ENC,223.1857,0.0000,111.5928,2.7271,0.0000,-639.380,-3.897,-1.379,-277.867,0.0615,-0.0356,1.0205,
21.062,IMU,223.1857,0.0000,111.5928,2.7271,0.0000,-639.380,-3.904,-1.371,-278.079,0.0391,0.0039,1.0137,
21.072,ENC,223.2419,0.0000,111.6210,2.8123,0.0000,-639.541,-3.904,-1.371,-278.079,0.0391,0.0039,1.0137,
21.082,IMU,223.2419,0.0000,111.6210,2.8123,0.0000,-639.541,-3.901,-1.436,-278.245,0.0664,-0.0303,0.9897,
21.093,ENC,223.2999,0.0000,111.6499,2.8975,0.0000,-639.707,-3.901,-1.436,-278.245,0.0664,-0.0303,0.9897,
21.102,IMU,223.2999,0.0000,111.6499,2.8975,0.0000,-639.707,-3.805,-1.548,-278.404,0.0005,-0.0747,1.0181,
21.114,ENC,223.3646,0.0000,111.6823,3.2384,0.0000,-639.893,-3.805,-1.548,-278.404,0.0005,-0.0747,1.0181,
21.123,IMU,223.3646,0.0000,111.6823,3.2384,0.0000,-639.893,-3.712,-1.720,-278.592,-0.0234,-0.1597,1.0693,
21.132,ENC,223.4448,0.0000,111.7224,4.0054,0.0000,-640.122,-3.712,-1.720,-278.592,-0.0234,-0.1597,1.0693,
21.142,IMU,223.4448,0.0000,111.7224,4.0054,0.0000,-640.122,-3.752,-1.768,-278.715,0.0894,-0.0688,0.9888,
21.153,ENC,223.5453,0.0000,111.7727,5.0280,0.0000,-640.410,-3.752,-1.768,-278.715,0.0894,-0.0688,0.9888,
21.163,IMU,223.5453,0.0000,111.7727,5.0280,0.0000,-640.410,-3.708,-1.845,-278.903,0.0576,-0.0791,1.0049,
21.174,ENC,223.6510,0.0000,111.8255,5.2837,0.0000,-640.713,-3.708,-1.845,-278.903,0.0576,-0.0791,1.0049,
21.193,ENC,223.7754,0.0000,111.8877,6.2211,0.0000,-641.069,-3.708,-1.845,-278.903,0.0576,-0.0791,1.0049,
21.203,IMU,223.7754,0.0000,111.8877,6.2211,0.0000,-641.069,-3.866,-1.883,-279.282,0.0986,-0.1016,1.0923,
21.212,ENC,223.9084,0.0000,111.9542,6.6473,0.0000,-641.450,-3.866,-1.883,-279.282,0.0986,-0.1016,1.0923,
21.223,IMU,223.9084,0.0000,111.9542,6.6473,0.0000,-641.450,-3.966,-1.806,-279.498,0.1392,0.0103,0.9761,
21.232,ENC,224.0464,0.0000,112.0232,6.9029,0.0000,-641.846,-3.966,-1.806,-279.498,0.1392,0.0103,0.9761,
21.242,IMU,224.0464,0.0000,112.0232,6.9029,0.0000,-641.846,-4.021,-1.867,-279.628,0.0596,-0.0796,1.0703,
21.257,ENC,224.1811,0.0000,112.0905,6.7325,0.0000,-642.231,-4.021,-1.867,-279.628,0.0596,-0.0796,1.0703,
21.263,IMU,224.1811,0.0000,112.0905,6.7325,0.0000,-642.231,-4.117,-1.734,-279.818,0.1416,0.0742,1.1030,
21.272,ENC,224.3191,0.0000,112.1596,6.9029,0.0000,-642.627,-4.117,-1.734,-279.818,0.1416,0.0742,1.1030,
21.283,IMU,224.3191,0.0000,112.1596,6.9029,0.0000,-642.627,-4.088,-1.662,-279.978,0.0781,0.0439,1.0078,
21.293,ENC,224.4691,0.0000,112.2346,7.4995,0.0000,-643.057,-4.088,-1.662,-279.978,0.0781,0.0439,1.0078,
21.302,IMU,224.4691,0.0000,112.2346,7.4995,0.0000,-643.057,-4.027,-1.533,-280.083,0.0493,0.0679,1.0020,
21.312,ENC,224.5952,0.0000,112.2976,6.3064,0.0000,-643.418,-4.027,-1.533,-280.083,0.0493,0.0679,1.0020,
21.326,IMU,224.5952,0.0000,112.2976,6.3064,0.0000,-643.418,-3.936,-1.544,-280.153,-0.0103,-0.0503,0.9111,
21.333,ENC,224.7128,0.0000,112.3564,5.8803,0.0000,-643.755,-3.936,-1.544,-280.153,-0.0103,-0.0503,0.9111,
21.342,IMU,224.7128,0.0000,112.3564,5.8803,0.0000,-643.755,-3.822,-1.563,-280.117,-0.0264,-0.0508,0.9941,
21.352,ENC,224.8066,0.0000,112.4033,4.6872,0.0000,-644.023,-3.822,-1.563,-280.117,-0.0264,-0.0508,0.9941,
21.362,IMU,224.8066,0.0000,112.4033,4.6872,0.0000,-644.023,-3.711,-1.642,-280.020,-0.0303,-0.0498,1.0591,
21.372,ENC,224.8952,0.0000,112.4476,4.4315,0.0000,-644.277,-3.711,-1.642,-280.020,-0.0303,-0.0498,1.0591,
21.383,IMU,224.8952,0.0000,112.4476,4.4315,0.0000,-644.277,-3.755,-1.756,-279.931,0.0635,-0.1348,0.9580,
21.394,ENC,224.9890,0.0000,112.4945,4.6872,0.0000,-644.546,-3.755,-1.756,-279.931,0.0635,-0.1348,0.9580,
21.413,ENC,225.0946,0.0000,112.5473,5.2837,0.0000,-644.849,-3.755,-1.756,-279.931,0.0635,-0.1348,0.9580,
21.433,ENC,225.2037,0.0000,112.6019,5.4542,0.0000,-645.161,-3.755,-1.756,-279.931,0.0635,-0.1348,0.9580,
21.442,IMU,225.2037,0.0000,112.6019,5.4542,0.0000,-645.161,-3.730,-1.772,-279.713,0.0679,-0.0337,0.9785,
21.455,ENC,225.2992,0.0000,112.6496,4.7724,0.0000,-645.435,-3.730,-1.772,-279.713,0.0679,-0.0337,0.9785,
21.463,IMU,225.2992,0.0000,112.6496,4.7724,0.0000,-645.435,-3.756,-1.715,-279.537,0.0747,0.0239,0.9751,
21.473,ENC,225.3963,0.0000,112.6982,4.8576,0.0000,-645.713,-3.756,-1.715,-279.537,0.0747,0.0239,0.9751,
21.483,IMU,225.3963,0.0000,112.6982,4.8576,0.0000,-645.713,-3.777,-1.713,-279.374,0.0400,-0.0288,1.0210,
21.492,ENC,225.4849,0.0000,112.7425,4.4315,0.0000,-645.967,-3.777,-1.713,-279.374,0.0400,-0.0288,1.0210,
21.502,IMU,225.4849,0.0000,112.7425,4.4315,0.0000,-645.967,-3.738,-1.726,-279.158,0.0181,-0.0073,0.9849,
21.526,IMU,225.4849,0.0000,112.7425,4.4315,0.0000,-645.967,-3.692,-1.781,-278.964,-0.0825,-0.0850,1.0601,
21.532,ENC,225.6861,0.0000,112.8430,5.0280,0.0000,-646.543,-3.692,-1.781,-278.964,-0.0825,-0.0850,1.0601,
21.542,IMU,225.6861,0.0000,112.8430,5.0280,0.0000,-646.543,-3.691,-1.750,-278.817,0.0439,0.0122,0.9639,
21.552,ENC,225.8037,0.0000,112.9018,5.8803,0.0000,-646.880,-3.691,-1.750,-278.817,0.0439,0.0122,0.9639,
21.573,ENC,225.9366,0.0000,112.9683,6.6473,0.0000,-647.261,-3.691,-1.750,-278.817,0.0439,0.0122,0.9639,
21.582,IMU,225.9366,0.0000,112.9683,6.6473,0.0000,-647.261,-3.833,-1.633,-278.754,0.1553,0.0488,1.0098,
21.592,ENC,226.0747,0.0000,113.0373,6.9029,0.0000,-647.656,-3.833,-1.633,-278.754,0.1553,0.0488,1.0098,
21.602,IMU,226.0747,0.0000,113.0373,6.9029,0.0000,-647.656,-3.818,-1.515,-278.707,0.0684,0.0693,0.9810,
21.612,ENC,226.2127,0.0000,113.1064,6.9029,0.0000,-648.052,-3.818,-1.515,-278.707,0.0684,0.0693,0.9810,
21.623,IMU,226.2127,0.0000,113.1064,6.9029,0.0000,-648.052,-3.725,-1.575,-278.637,-0.0229,-0.0386,1.0469,
21.632,ENC,226.3474,0.0000,113.1737,6.7325,0.0000,-648.438,-3.725,-1.575,-278.637,-0.0229,-0.0386,1.0469,
21.642,IMU,226.3474,0.0000,113.1737,6.7325,0.0000,-648.438,-3.791,-1.611,-278.537,0.0864,0.0020,0.9946,
21.652,ENC,226.4854,0.0000,113.2427,6.9029,0.0000,-648.833,-3.791,-1.611,-278.537,0.0864,0.0020,0.9946,
21.663,IMU,226.4854,0.0000,113.2427,6.9029,0.0000,-648.833,-3.752,-1.494,-278.373,0.0195,0.0562,1.0640,
21.672,ENC,226.6184,0.0000,113.3092,6.6473,0.0000,-649.214,-3.752,-1.494,-278.373,0.0195,0.0562,1.0640,
21.683,IMU,226.6184,0.0000,113.3092,6.6473,0.0000,-649.214,-3.824,-1.540,-278.148,0.1138,-0.0815,0.9731,
21.692,ENC,226.7479,0.0000,113.3740,6.4768,0.0000,-649.585,-3.824,-1.540,-278.148,0.1138,-0.0815,0.9731,
21.703,IMU,226.7479,0.0000,113.3740,6.4768,0.0000,-649.585,-3.929,-1.601,-277.989,0.1445,-0.1035,1.0283,
21.712,ENC,226.8877,0.0000,113.4438,6.9881,0.0000,-649.985,-3.929,-1.601,-277.989,0.1445,-0.1035,1.0283,
21.723,IMU,226.8877,0.0000,113.4438,6.9881,0.0000,-649.985,-3.983,-1.868,-277.913,0.1299,-0.2358,0.8267,
21.733,ENC,227.0257,0.0000,113.5129,6.9029,0.0000,-650.381,-3.983,-1.868,-277.913,0.1299,-0.2358,0.8267,
21.742,IMU,227.0257,0.0000,113.5129,6.9029,0.0000,-650.381,-3.933,-2.098,-277.837,0.0278,-0.2290,0.9619,
21.757,ENC,227.1604,0.0000,113.5802,6.7325,0.0000,-650.767,-3.933,-2.098,-277.837,0.0278,-0.2290,0.9619,
21.763,IMU,227.1604,0.0000,113.5802,6.7325,0.0000,-650.767,-3.862,-2.171,-277.713,-0.0186,-0.1152,1.0132,
21.772,ENC,227.2848,0.0000,113.6424,6.2211,0.0000,-651.123,-3.862,-2.171,-277.713,-0.0186,-0.1152,1.0132,
21.782,IMU,227.2848,0.0000,113.6424,6.2211,0.0000,-651.123,-3.666,-2.148,-277.543,-0.1201,0.0039,1.1426,
21.792,ENC,227.3769,0.0000,113.6884,4.6019,0.0000,-651.387,-3.666,-2.148,-277.543,-0.1201,0.0039,1.1426,
21.807,IMU,227.3769,0.0000,113.6884,4.6019,0.0000,-651.387,-3.565,-2.034,-277.236,-0.0449,0.0488,1.0479,
21.812,ENC,227.4314,0.0000,113.7157,2.7271,0.0000,-651.543,-3.565,-2.034,-277.236,-0.0449,0.0488,1.0479,
21.823,IMU,227.4314,0.0000,113.7157,2.7271,0.0000,-651.543,-3.536,-2.081,-276.942,0.0269,-0.0928,0.9653,
21.832,ENC,227.4774,0.0000,113.7387,2.3010,0.0000,-651.675,-3.536,-2.081,-276.942,0.0269,-0.0928,0.9653,
21.842,IMU,227.4774,0.0000,113.7387,2.3010,0.0000,-651.675,-3.507,-1.885,-276.650,0.0679,0.1362,1.0137,
21.853,ENC,227.5149,0.0000,113.7575,1.8749,0.0000,-651.782,-3.507,-1.885,-276.650,0.0679,0.1362,1.0137,
21.862,IMU,227.5149,0.0000,113.7575,1.8749,0.0000,-651.782,-3.437,-1.906,-276.366,0.0332,-0.0347,0.9961,
21.872,ENC,227.5507,0.0000,113.7754,1.7896,0.0000,-651.885,-3.437,-1.906,-276.366,0.0332,-0.0347,0.9961,
21.883,IMU,227.5507,0.0000,113.7754,1.7896,0.0000,-651.885,-3.321,-1.789,-276.064,-0.0596,0.1768,1.1997,
21.892,ENC,227.5916,0.0000,113.7958,2.0453,0.0000,-652.002,-3.321,-1.789,-276.064,-0.0596,0.1768,1.1997,
21.903,IMU,227.5916,0.0000,113.7958,2.0453,0.0000,-652.002,-3.276,-1.660,-275.759,0.0435,0.1196,0.9795,
21.912,ENC,227.6308,0.0000,113.8154,1.9601,0.0000,-652.114,-3.276,-1.660,-275.759,0.0435,0.1196,0.9795,
21.923,IMU,227.6308,0.0000,113.8154,1.9601,0.0000,-652.114,-3.192,-1.635,-275.523,-0.1123,-0.0234,1.2285,
21.933,ENC,227.6666,0.0000,113.8333,1.7896,0.0000,-652.217,-3.192,-1.635,-275.523,-0.1123,-0.0234,1.2285,
21.942,IMU,227.6666,0.0000,113.8333,1.7896,0.0000,-652.217,-3.254,-1.767,-275.233,0.1523,-0.1968,1.0239,
21.952,ENC,227.6956,0.0000,113.8478,1.4488,0.0000,-652.300,-3.254,-1.767,-275.233,0.1523,-0.1968,1.0239,
21.964,IMU,227.6956,0.0000,113.8478,1.4488,0.0000,-652.300,-3.388,-1.824,-274.931,0.1519,-0.0674,0.8218,
21.972,ENC,227.7280,0.0000,113.8640,1.6192,0.0000,-652.393,-3.388,-1.824,-274.931,0.1519,-0.0674,0.8218,
21.982,IMU,227.7280,0.0000,113.8640,1.6192,0.0000,-652.393,-3.423,-1.672,-274.651,0.1084,0.1274,1.0894,
21.992,ENC,227.7655,0.0000,113.8827,1.8749,0.0000,-652.500,-3.423,-1.672,-274.651,0.1084,0.1274,1.0894,
22.002,IMU,227.7655,0.0000,113.8827,1.8749,0.0000,-652.500,-3.344,-1.578,-274.389,0.0176,-0.0234,0.9072,
22.013,ENC,227.7944,0.0000,113.8972,1.4488,0.0000,-652.583,-3.344,-1.578,-274.389,0.0176,-0.0234,0.9072,
22.023,IMU,227.7944,0.0000,113.8972,1.4488,0.0000,-652.583,-3.393,-1.458,-274.089,0.0957,0.0791,1.0420,
22.035,ENC,227.8251,0.0000,113.9126,1.5340,0.0000,-652.671,-3.393,-1.458,-274.089,0.0957,0.0791,1.0420,
22.042,IMU,227.8251,0.0000,113.9126,1.5340,0.0000,-652.671,-3.364,-1.434,-273.773,0.1333,-0.0068,0.9351,
22.052,ENC,227.8609,0.0000,113.9305,1.7896,0.0000,-652.773,-3.364,-1.434,-273.773,0.1333,-0.0068,0.9351,
22.069,IMU,227.8609,0.0000,113.9305,1.7896,0.0000,-652.773,-3.296,-1.394,-273.535,0.0537,-0.0107,0.9243,
22.074,ENC,227.8916,0.0000,113.9458,1.5340,0.0000,-652.861,-3.296,-1.394,-273.535,0.0537,-0.0107,0.9243,
22.083,IMU,227.8916,0.0000,113.9458,1.5340,0.0000,-652.861,-3.310,-1.330,-273.226,0.0625,-0.0005,1.1851,
22.092,ENC,227.9155,0.0000,113.9577,1.1931,0.0000,-652.930,-3.310,-1.330,-273.226,0.0625,-0.0005,1.1851,
22.102,IMU,227.9155,0.0000,113.9577,1.1931,0.0000,-652.930,-3.341,-1.241,-272.914,0.0698,0.0566,1.0410,
22.113,ENC,227.9478,0.0000,113.9739,1.6192,0.0000,-653.022,-3.341,-1.241,-272.914,0.0698,0.0566,1.0410,
22.123,IMU,227.9478,0.0000,113.9739,1.6192,0.0000,-653.022,-3.442,-1.129,-272.586,0.1523,0.0898,1.0332,
22.133,ENC,227.9870,0.0000,113.9935,1.9601,0.0000,-653.135,-3.442,-1.129,-272.586,0.1523,0.0898,1.0332,
22.143,IMU,227.9870,0.0000,113.9935,1.9601,0.0000,-653.135,-3.600,-1.046,-272.324,0.1772,0.0684,0.9170,
22.152,ENC,228.0416,0.0000,114.0208,2.7271,0.0000,-653.291,-3.600,-1.046,-272.324,0.1772,0.0684,0.9170,
22.163,IMU,228.0416,0.0000,114.0208,2.7271,0.0000,-653.291,-3.680,-0.968,-272.079,0.1470,-0.0156,0.9199,
22.172,ENC,228.0995,0.0000,114.0498,2.8975,0.0000,-653.457,-3.680,-0.968,-272.079,0.1470,-0.0156,0.9199,
22.182,IMU,228.0995,0.0000,114.0498,2.8975,0.0000,-653.457,-3.907,-1.134,-271.858,0.2354,-0.1768,0.8325,
22.192,ENC,228.1609,0.0000,114.0804,3.0680,0.0000,-653.633,-3.907,-1.134,-271.858,0.2354,-0.1768,0.8325,
22.203,IMU,228.1609,0.0000,114.0804,3.0680,0.0000,-653.633,-3.800,-1.090,-271.627,-0.0708,0.0132,1.0474,
22.213,ENC,228.2240,0.0000,114.1120,3.1532,0.0000,-653.813,-3.800,-1.090,-271.627,-0.0708,0.0132,1.0474,
22.222,IMU,228.2240,0.0000,114.1120,3.1532,0.0000,-653.813,-3.784,-1.013,-271.387,0.0239,0.0332,1.1152,
22.233,ENC,228.2887,0.0000,114.1444,3.2384,0.0000,-653.999,-3.784,-1.013,-271.387,0.0239,0.0332,1.1152,
22.242,IMU,228.2887,0.0000,114.1444,3.2384,0.0000,-653.999,-3.735,-0.997,-271.164,0.0483,-0.0181,0.9497,
22.253,ENC,228.3569,0.0000,114.1785,3.4088,0.0000,-654.194,-3.735,-0.997,-271.164,0.0483,-0.0181,0.9497,
22.263,IMU,228.3569,0.0000,114.1785,3.4088,0.0000,-654.194,-3.885,-1.085,-270.951,0.1782,-0.0967,0.9023,
22.274,ENC,228.4319,0.0000,114.2159,3.7497,0.0000,-654.409,-3.885,-1.085,-270.951,0.1782,-0.0967,0.9023,
22.283,IMU,228.4319,0.0000,114.2159,3.7497,0.0000,-654.409,-3.969,-0.946,-270.785,0.1279,0.0537,1.1108,
22.292,ENC,228.5256,0.0000,114.2628,4.6872,0.0000,-654.678,-3.969,-0.946,-270.785,0.1279,0.0537,1.1108,
22.302,IMU,228.5256,0.0000,114.2628,4.6872,0.0000,-654.678,-4.016,-0.911,-270.665,0.1118,0.0151,1.0444,
22.313,ENC,228.6364,0.0000,114.3182,5.5394,0.0000,-654.995,-4.016,-0.911,-270.665,0.1118,0.0151,1.0444,
22.326,IMU,228.6364,0.0000,114.3182,5.5394,0.0000,-654.995,-4.089,-0.803,-270.580,0.1553,0.1060,1.0366,
22.333,ENC,228.7643,0.0000,114.3821,6.3916,0.0000,-655.361,-4.089,-0.803,-270.580,0.1553,0.1060,1.0366,
22.346,IMU,228.7643,0.0000,114.3821,6.3916,0.0000,-655.361,-4.093,-0.780,-270.480,0.0801,-0.0381,1.0288,
22.353,ENC,228.9023,0.0000,114.4512,6.9029,0.0000,-655.757,-4.093,-0.780,-270.480,0.0801,-0.0381,1.0288,
22.363,IMU,228.9023,0.0000,114.4512,6.9029,0.0000,-655.757,-3.983,-0.813,-270.387,-0.1094,-0.0283,1.0254,
22.372,ENC,229.0489,0.0000,114.5244,7.3290,0.0000,-656.177,-3.983,-0.813,-270.387,-0.1094,-0.0283,1.0254,
22.382,IMU,229.0489,0.0000,114.5244,7.3290,0.0000,-656.177,-3.961,-0.787,-270.340,0.0923,0.0728,0.9971,
22.395,ENC,229.1955,0.0000,114.5977,7.3290,0.0000,-656.597,-3.961,-0.787,-270.340,0.0923,0.0728,0.9971,
22.402,IMU,229.1955,0.0000,114.5977,7.3290,0.0000,-656.597,-4.005,-0.652,-270.291,0.0942,0.1177,0.9585,
22.412,ENC,229.3421,0.0000,114.6710,7.3290,0.0000,-657.017,-4.005,-0.652,-270.291,0.0942,0.1177,0.9585,
22.422,IMU,229.3421,0.0000,114.6710,7.3290,0.0000,-657.017,-4.159,-0.658,-270.185,0.1577,-0.0547,0.9116,
22.434,ENC,229.4972,0.2045,114.8508,7.7551,10.2265,-656.875,-4.159,-0.658,-270.185,0.1577,-0.0547,0.9116,
22.443,IMU,229.4972,0.2045,114.8508,7.7551,10.2265,-656.875,-4.219,-0.749,-270.206,0.0776,-0.0864,0.9819,
22.452,ENC,229.6489,0.0000,114.8244,7.5847,-10.2265,-657.896,-4.219,-0.749,-270.206,0.0776,-0.0864,0.9819,
22.462,IMU,229.6489,0.0000,114.8244,7.5847,-10.2265,-657.896,-4.336,-0.756,-270.176,0.1968,-0.0723,0.9766,
22.472,ENC,229.8193,0.0000,114.9096,8.5221,0.0000,-658.384,-4.336,-0.756,-270.176,0.1968,-0.0723,0.9766,
22.485,IMU,229.8193,0.0000,114.9096,8.5221,0.0000,-658.384,-4.249,-0.722,-270.227,0.0112,0.0332,1.0322,
22.492,ENC,230.0000,0.0000,115.0000,9.0334,0.0000,-658.901,-4.249,-0.722,-270.227,0.0112,0.0332,1.0322,
22.503,IMU,230.0000,0.0000,115.0000,9.0334,0.0000,-658.901,-4.266,-0.755,-270.296,0.0576,-0.0391,1.0806,
22.515,ENC,230.1772,0.0000,115.0886,8.8630,0.0000,-659.409,-4.266,-0.755,-270.296,0.0576,-0.0391,1.0806,
22.522,IMU,230.1772,0.0000,115.0886,8.8630,0.0000,-659.409,-4.214,-0.767,-270.270,0.0054,-0.0337,1.0332,
22.533,ENC,230.3715,0.0000,115.1858,9.7152,0.0000,-659.966,-4.214,-0.767,-270.270,0.0054,-0.0337,1.0332,
22.542,IMU,230.3715,0.0000,115.1858,9.7152,0.0000,-659.966,-4.187,-0.712,-270.275,0.0166,0.0435,1.0952,
22.552,ENC,230.5590,0.0000,115.2795,9.3743,0.0000,-660.503,-4.187,-0.712,-270.275,0.0166,0.0435,1.0952,
22.562,IMU,230.5590,0.0000,115.2795,9.3743,0.0000,-660.503,-4.160,-0.673,-270.229,0.0024,0.0181,0.9199,
22.572,ENC,230.7329,0.0000,115.3664,8.6926,0.0000,-661.001,-4.160,-0.673,-270.229,0.0024,0.0181,0.9199,
22.583,IMU,230.7329,0.0000,115.3664,8.6926,0.0000,-661.001,-4.202,-0.723,-270.167,0.1279,-0.0371,0.8755,
22.593,ENC,230.9033,0.0000,115.4517,8.5221,0.0000,-661.489,-4.202,-0.723,-270.167,0.1279,-0.0371,0.8755,
22.610,IMU,230.9033,0.0000,115.4517,8.5221,0.0000,-661.489,-4.178,-0.745,-270.166,0.1562,-0.0435,0.8481,
22.613,ENC,231.0652,0.0000,115.5326,8.0960,0.0000,-661.953,-4.178,-0.745,-270.166,0.1562,-0.0435,0.8481,
22.622,IMU,231.0652,0.0000,115.5326,8.0960,0.0000,-661.953,-4.222,-0.711,-270.114,0.0981,-0.0024,0.9580,
22.632,ENC,231.2220,0.0000,115.6110,7.8403,0.0000,-662.402,-4.222,-0.711,-270.114,0.0981,-0.0024,0.9580,
22.642,IMU,231.2220,0.0000,115.6110,7.8403,0.0000,-662.402,-4.133,-0.563,-270.190,0.0464,0.0879,0.9019,
22.652,ENC,231.3737,0.0000,115.6869,7.5847,0.0000,-662.837,-4.133,-0.563,-270.190,0.0464,0.0879,0.9019,
22.662,IMU,231.3737,0.0000,115.6869,7.5847,0.0000,-662.837,-4.017,-0.424,-270.187,-0.0161,0.0669,0.8843,
22.672,ENC,231.5357,0.0000,115.7678,8.0960,0.0000,-663.301,-4.017,-0.424,-270.187,-0.0161,0.0669,0.8843,
22.683,IMU,231.5357,0.0000,115.7678,8.0960,0.0000,-663.301,-3.905,-0.539,-270.258,-0.0352,-0.0732,1.0249,
22.692,ENC,231.6822,0.1960,115.9391,7.3290,9.8004,-663.159,-3.905,-0.539,-270.258,-0.0352,-0.0732,1.0249,
22.702,IMU,231.6822,0.1960,115.9391,7.3290,9.8004,-663.159,-3.901,-0.462,-270.294,0.0820,0.0474,1.1055,
22.713,ENC,231.8322,0.0000,115.9161,7.4995,-9.8004,-664.150,-3.901,-0.462,-270.294,0.0820,0.0474,1.1055,
22.722,IMU,231.8322,0.0000,115.9161,7.4995,-9.8004,-664.150,-3.836,-0.370,-270.302,0.0435,0.0684,0.9893,
22.733,ENC,231.9754,0.0000,115.9877,7.1586,0.0000,-664.561,-3.836,-0.370,-270.302,0.0435,0.0684,0.9893,
22.742,IMU,231.9754,0.0000,115.9877,7.1586,0.0000,-664.561,-3.794,-0.394,-270.293,0.0493,-0.0669,0.8945,
22.752,ENC,232.1169,0.0000,116.0584,7.0734,0.0000,-664.966,-3.794,-0.394,-270.293,0.0493,-0.0669,0.8945,
22.765,IMU,232.1169,0.0000,116.0584,7.0734,0.0000,-664.966,-3.743,-0.480,-270.294,0.0703,-0.0776,0.9468,
22.772,ENC,232.2668,0.0000,116.1334,7.4995,0.0000,-665.396,-3.743,-0.480,-270.294,0.0703,-0.0776,0.9468,
22.782,IMU,232.2668,0.0000,116.1334,7.4995,0.0000,-665.396,-3.923,-0.451,-270.315,0.1812,-0.0137,0.8809,
22.793,ENC,232.4305,0.0000,116.2152,8.1812,0.0000,-665.864,-3.923,-0.451,-270.315,0.1812,-0.0137,0.8809,
22.802,IMU,232.4305,0.0000,116.2152,8.1812,0.0000,-665.864,-4.069,-0.473,-270.406,0.1919,-0.0303,0.9956,
22.813,ENC,232.6026,0.0000,116.3013,8.6073,0.0000,-666.357,-4.069,-0.473,-270.406,0.1919,-0.0303,0.9956,
22.823,IMU,232.6026,0.0000,116.3013,8.6073,0.0000,-666.357,-4.029,-0.462,-270.505,-0.0146,0.0132,1.1226,
22.833,ENC,232.8020,0.0000,116.4010,9.9709,0.0000,-666.929,-4.029,-0.462,-270.505,-0.0146,0.0132,1.1226,
22.842,IMU,232.8020,0.0000,116.4010,9.9709,0.0000,-666.929,-3.987,-0.339,-270.615,0.0288,0.0322,1.1685,
22.854,ENC,233.0083,0.0000,116.5041,10.3118,0.0000,-667.520,-3.987,-0.339,-270.615,0.0288,0.0322,1.1685,
22.872,ENC,233.2230,0.0000,116.6115,10.7379,0.0000,-668.135,-3.987,-0.339,-270.615,0.0288,0.0322,1.1685,
22.882,IMU,233.2230,0.0000,116.6115,10.7379,0.0000,-668.135,-3.829,-0.458,-270.827,-0.0693,-0.0239,1.0854,
22.892,ENC,233.4327,0.0000,116.7163,10.4822,0.0000,-668.735,-3.829,-0.458,-270.827,-0.0693,-0.0239,1.0854,
22.902,IMU,233.4327,0.0000,116.7163,10.4822,0.0000,-668.735,-3.720,-0.480,-270.884,0.0093,0.0039,1.0991,
22.912,ENC,233.6304,0.0000,116.8152,9.8857,0.0000,-669.302,-3.720,-0.480,-270.884,0.0093,0.0039,1.0991,
22.923,IMU,233.6304,0.0000,116.8152,9.8857,0.0000,-669.302,-3.764,-0.545,-270.922,0.0850,-0.0669,1.0005,
22.932,ENC,233.8145,0.0000,116.9072,9.2039,0.0000,-669.829,-3.764,-0.545,-270.922,0.0850,-0.0669,1.0005,
22.943,IMU,233.8145,0.0000,116.9072,9.2039,0.0000,-669.829,-3.865,-0.617,-270.905,0.1440,-0.0376,0.9805,
22.953,ENC,234.0002,0.0000,117.0001,9.2891,0.0000,-670.361,-3.865,-0.617,-270.905,0.1440,-0.0376,0.9805,
22.962,IMU,234.0002,0.0000,117.0001,9.2891,0.0000,-670.361,-3.913,-0.462,-270.931,0.1611,0.1011,0.9824,
22.973,ENC,234.1997,0.0000,117.0998,9.9709,0.0000,-670.933,-3.913,-0.462,-270.931,0.1611,0.1011,0.9824,
22.982,IMU,234.1997,0.0000,117.0998,9.9709,0.0000,-670.933,-3.892,-0.489,-271.035,0.0503,-0.0273,0.9868,
22.993,ENC,234.3974,0.0000,117.1987,9.8857,0.0000,-671.499,-3.892,-0.489,-271.035,0.0503,-0.0273,0.9868,
23.003,IMU,234.3974,0.0000,117.1987,9.8857,0.0000,-671.499,-3.710,-0.466,-271.189,-0.1279,0.0513,1.0562,
23.013,ENC,234.5883,0.0000,117.2941,9.5448,0.0000,-672.046,-3.710,-0.466,-271.189,-0.1279,0.0513,1.0562,
23.023,IMU,234.5883,0.0000,117.2941,9.5448,0.0000,-672.046,-3.558,-0.553,-271.308,-0.1133,-0.0630,1.1250,
23.032,ENC,234.7843,0.0000,117.3921,9.8004,0.0000,-672.607,-3.558,-0.553,-271.308,-0.1133,-0.0630,1.1250,
23.053,ENC,234.9769,0.0000,117.4884,9.6300,0.0000,-673.159,-3.558,-0.553,-271.308,-0.1133,-0.0630,1.1250,
23.063,IMU,234.9769,0.0000,117.4884,9.6300,0.0000,-673.159,-3.508,-0.573,-271.428,0.1021,0.0005,1.0459,
23.075,ENC,235.1763,0.0000,117.5881,9.9709,0.0000,-673.730,-3.508,-0.573,-271.428,0.1021,0.0005,1.0459,
23.085,IMU,235.1763,0.0000,117.5881,9.9709,0.0000,-673.730,-3.458,-0.543,-271.486,0.0371,-0.0122,0.9863,
23.093,ENC,235.3740,0.0000,117.6870,9.8857,0.0000,-674.297,-3.458,-0.543,-271.486,0.0371,-0.0122,0.9863,
23.103,IMU,235.3740,0.0000,117.6870,9.8857,0.0000,-674.297,-3.427,-0.595,-271.589,0.0566,-0.0483,1.0879,
23.114,ENC,235.5700,0.0000,117.7850,9.8004,0.0000,-674.858,-3.427,-0.595,-271.589,0.0566,-0.0483,1.0879,
23.123,IMU,235.5700,0.0000,117.7850,9.8004,0.0000,-674.858,-3.469,-0.513,-271.725,0.0889,0.0771,1.0571,
23.133,ENC,235.7797,0.0000,117.8898,10.4822,0.0000,-675.459,-3.469,-0.513,-271.725,0.0889,0.0771,1.0571,
23.142,IMU,235.7797,0.0000,117.8898,10.4822,0.0000,-675.459,-3.468,-0.563,-272.002,0.0894,-0.0337,0.9604,
23.155,ENC,236.0081,0.0000,118.0040,11.4196,0.0000,-676.113,-3.468,-0.563,-272.002,0.0894,-0.0337,0.9604,
23.173,ENC,236.2365,0.0000,118.1182,11.4196,0.0000,-676.768,-3.468,-0.563,-272.002,0.0894,-0.0337,0.9604,
23.182,IMU,236.2365,0.0000,118.1182,11.4196,0.0000,-676.768,-3.641,-0.506,-272.353,0.1748,0.0190,0.8926,
23.193,ENC,236.4631,0.0000,118.2316,11.3344,0.0000,-677.417,-3.641,-0.506,-272.353,0.1748,0.0190,0.8926,
23.209,IMU,236.4631,0.0000,118.2316,11.3344,0.0000,-677.417,-3.712,-0.461,-272.612,0.0615,0.0664,1.0850,
23.216,ENC,236.7035,0.0000,118.3517,12.0162,0.0000,-678.105,-3.712,-0.461,-272.612,0.0615,0.0664,1.0850,
23.235,ENC,236.9455,0.0000,118.4727,12.1014,0.0000,-678.799,-3.712,-0.461,-272.612,0.0615,0.0664,1.0850,
23.245,IMU,236.9455,0.0000,118.4727,12.1014,0.0000,-678.799,-3.844,-0.522,-273.166,0.0298,0.0557,1.0796,
23.254,ENC,237.1841,0.0000,118.5921,11.9310,0.0000,-679.482,-3.844,-0.522,-273.166,0.0298,0.0557,1.0796,
23.266,IMU,237.1841,0.0000,118.5921,11.9310,0.0000,-679.482,-3.895,-0.445,-273.382,0.0962,0.0605,0.9951,
23.273,ENC,237.4159,0.0000,118.7080,11.5901,0.0000,-680.146,-3.895,-0.445,-273.382,0.0962,0.0605,0.9951,
23.282,IMU,237.4159,0.0000,118.7080,11.5901,0.0000,-680.146,-3.997,-0.494,-273.621,0.1387,-0.0073,0.8379,
23.292,ENC,237.6358,0.0000,118.8179,10.9935,0.0000,-680.776,-3.997,-0.494,-273.621,0.1387,-0.0073,0.8379,
23.308,IMU,237.6358,0.0000,118.8179,10.9935,0.0000,-680.776,-3.903,-0.393,-273.898,0.0254,0.0835,1.0337,
23.312,ENC,237.8454,0.0000,118.9227,10.4822,0.0000,-681.377,-3.903,-0.393,-273.898,0.0254,0.0835,1.0337,
23.323,IMU,237.8454,0.0000,118.9227,10.4822,0.0000,-681.377,-3.909,-0.430,-274.171,0.0913,0.0093,1.0479,
23.335,ENC,238.0483,0.0000,119.0241,10.1413,0.0000,-681.958,-3.909,-0.430,-274.171,0.0913,0.0093,1.0479,
23.342,IMU,238.0483,0.0000,119.0241,10.1413,0.0000,-681.958,-3.915,-0.341,-274.417,0.0449,0.0703,1.0015,
23.353,ENC,238.2426,0.0000,119.1213,9.7152,0.0000,-682.515,-3.915,-0.341,-274.417,0.0449,0.0703,1.0015,
23.363,IMU,238.2426,0.0000,119.1213,9.7152,0.0000,-682.515,-4.038,-0.276,-274.688,0.1528,0.0654,0.9717,
23.372,ENC,238.4471,0.0000,119.2235,10.2265,0.0000,-683.101,-4.038,-0.276,-274.688,0.1528,0.0654,0.9717,
23.383,IMU,238.4471,0.0000,119.2235,10.2265,0.0000,-683.101,-4.047,-0.303,-274.952,0.0366,-0.0205,1.0474,
23.396,ENC,238.6601,0.0000,119.3301,10.6526,0.0000,-683.711,-4.047,-0.303,-274.952,0.0366,-0.0205,1.0474,
23.403,IMU,238.6601,0.0000,119.3301,10.6526,0.0000,-683.711,-4.130,-0.204,-275.186,0.0835,0.0801,0.9111,
23.413,ENC,238.8698,0.0000,119.4349,10.4822,0.0000,-684.312,-4.130,-0.204,-275.186,0.0835,0.0801,0.9111,
23.423,IMU,238.8698,0.0000,119.4349,10.4822,0.0000,-684.312,-4.170,-0.144,-275.447,0.1138,0.0483,0.8433,
23.433,ENC,239.0931,0.0000,119.5465,11.1640,0.0000,-684.951,-4.170,-0.144,-275.447,0.1138,0.0483,0.8433,
23.443,IMU,239.0931,0.0000,119.5465,11.1640,0.0000,-684.951,-4.246,-0.088,-275.706,0.0815,0.0952,1.0205,
23.452,ENC,239.3351,0.0000,119.6675,12.1014,0.0000,-685.645,-4.246,-0.088,-275.706,0.0815,0.0952,1.0205,
23.463,IMU,239.3351,0.0000,119.6675,12.1014,0.0000,-685.645,-4.204,-0.187,-275.982,0.1177,-0.0410,0.8247,
23.472,ENC,239.5567,0.0000,119.7783,11.0788,0.0000,-686.279,-4.204,-0.187,-275.982,0.1177,-0.0410,0.8247,
23.483,IMU,239.5567,0.0000,119.7783,11.0788,0.0000,-686.279,-4.114,-0.257,-276.286,0.0596,-0.0205,1.0225,
23.492,ENC,239.7868,0.0000,119.8934,11.5049,0.0000,-686.938,-4.114,-0.257,-276.286,0.0596,-0.0205,1.0225,
23.505,IMU,239.7868,0.0000,119.8934,11.5049,0.0000,-686.938,-4.047,-0.153,-276.476,0.0342,0.1025,1.0308,
23.513,ENC,240.0203,0.0000,120.0101,11.6753,0.0000,-687.607,-4.047,-0.153,-276.476,0.0342,0.1025,1.0308,
23.523,IMU,240.0203,0.0000,120.0101,11.6753,0.0000,-687.607,-4.012,-0.175,-276.697,0.0054,0.0156,0.9946,
23.533,ENC,240.2623,0.0000,120.1311,12.1014,0.0000,-688.301,-4.012,-0.175,-276.697,0.0054,0.0156,0.9946,
23.542,IMU,240.2623,0.0000,120.1311,12.1014,0.0000,-688.301,-3.971,-0.368,-277.008,0.0200,-0.1704,1.0586,
23.555,ENC,240.5026,0.0000,120.2513,12.0162,0.0000,-688.989,-3.971,-0.368,-277.008,0.0200,-0.1704,1.0586,
23.564,IMU,240.5026,0.0000,120.2513,12.0162,0.0000,-688.989,-3.945,-0.364,-277.274,-0.0244,0.0010,1.1177,
23.573,ENC,240.7327,0.0000,120.3664,11.5049,0.0000,-689.648,-3.945,-0.364,-277.274,-0.0244,0.0010,1.1177,
23.582,IMU,240.7327,0.0000,120.3664,11.5049,0.0000,-689.648,-3.907,-0.379,-277.579,0.0537,0.0137,0.9478,
23.593,ENC,240.9713,0.0000,120.4857,11.9310,0.0000,-690.332,-3.907,-0.379,-277.579,0.0537,0.0137,0.9478,
23.603,IMU,240.9713,0.0000,120.4857,11.9310,0.0000,-690.332,-3.801,-0.464,-277.897,-0.0327,-0.0415,0.9229,
23.613,ENC,241.2031,0.0000,120.6016,11.5901,0.0000,-690.996,-3.801,-0.464,-277.897,-0.0327,-0.0415,0.9229,
23.624,IMU,241.2031,0.0000,120.6016,11.5901,0.0000,-690.996,-3.683,-0.450,-278.213,0.0459,0.0381,1.0703,
23.632,ENC,241.4060,0.0000,120.7030,10.1413,0.0000,-691.577,-3.683,-0.450,-278.213,0.0459,0.0381,1.0703,
23.642,IMU,241.4060,0.0000,120.7030,10.1413,0.0000,-691.577,-3.668,-0.330,-278.381,0.0396,0.0791,0.9907,
23.652,ENC,241.5747,0.0000,120.7874,8.4369,0.0000,-692.061,-3.668,-0.330,-278.381,0.0396,0.0791,0.9907,
23.663,IMU,241.5747,0.0000,120.7874,8.4369,0.0000,-692.061,-3.562,-0.240,-278.589,-0.0249,0.0532,0.9668,
23.673,ENC,241.7434,0.0000,120.8717,8.4369,0.0000,-692.544,-3.562,-0.240,-278.589,-0.0249,0.0532,0.9668,
23.682,IMU,241.7434,0.0000,120.8717,8.4369,0.0000,-692.544,-3.483,-0.085,-278.744,0.0303,0.1274,0.9360,
23.693,ENC,241.8883,0.0000,120.9442,7.2438,0.0000,-692.959,-3.483,-0.085,-278.744,0.0303,0.1274,0.9360,
23.702,IMU,241.8883,0.0000,120.9442,7.2438,0.0000,-692.959,-3.427,0.101,-278.872,0.0127,0.1421,1.0010,
23.712,ENC,242.0110,0.0000,121.0055,6.1359,0.0000,-693.311,-3.427,0.101,-278.872,0.0127,0.1421,1.0010,
23.723,IMU,242.0110,0.0000,121.0055,6.1359,0.0000,-693.311,-3.490,0.237,-279.028,0.0728,0.1338,0.9961,
23.732,ENC,242.1184,0.0000,121.0592,5.3689,0.0000,-693.618,-3.490,0.237,-279.028,0.0728,0.1338,0.9961,
23.743,IMU,242.1184,0.0000,121.0592,5.3689,0.0000,-693.618,-3.566,0.359,-279.212,0.1118,0.1514,1.0786,
23.752,ENC,242.2173,0.0000,121.1086,4.9428,0.0000,-693.901,-3.566,0.359,-279.212,0.1118,0.1514,1.0786,
23.763,IMU,242.2173,0.0000,121.1086,4.9428,0.0000,-693.901,-3.630,0.459,-279.394,0.1099,0.0928,0.9951,
23.776,ENC,242.3110,0.0000,121.1555,4.6872,0.0000,-694.170,-3.630,0.459,-279.394,0.1099,0.0928,0.9951,
23.783,IMU,242.3110,0.0000,121.1555,4.6872,0.0000,-694.170,-3.639,0.522,-279.580,0.0835,0.0713,0.9873,
23.792,ENC,242.3911,0.0000,121.1956,4.0054,0.0000,-694.399,-3.639,0.522,-279.580,0.0835,0.0713,0.9873,
23.803,IMU,242.3911,0.0000,121.1956,4.0054,0.0000,-694.399,-3.702,0.497,-279.766,0.0996,0.0205,0.9644,
23.813,ENC,242.4678,0.0000,121.2339,3.8350,0.0000,-694.619,-3.702,0.497,-279.766,0.0996,0.0205,0.9644,
23.825,IMU,242.4678,0.0000,121.2339,3.8350,0.0000,-694.619,-3.688,0.420,-279.899,0.0630,-0.0122,1.0239,
23.832,ENC,242.5275,0.0000,121.2637,2.9827,0.0000,-694.790,-3.688,0.420,-279.899,0.0630,-0.0122,1.0239,
23.842,IMU,242.5275,0.0000,121.2637,2.9827,0.0000,-694.790,-3.643,0.390,-280.015,0.0371,-0.0293,1.0269,
23.852,ENC,242.5837,0.0000,121.2919,2.8123,0.0000,-694.951,-3.643,0.390,-280.015,0.0371,-0.0293,1.0269,
23.863,IMU,242.5837,0.0000,121.2919,2.8123,0.0000,-694.951,-3.581,0.334,-280.160,0.0244,-0.0229,1.0264,
23.874,ENC,242.6349,0.0000,121.3174,2.5566,0.0000,-695.098,-3.581,0.334,-280.160,0.0244,-0.0229,1.0264,
23.886,IMU,242.6349,0.0000,121.3174,2.5566,0.0000,-695.098,-3.549,0.327,-280.284,0.0469,-0.0225,1.0327,
23.892,ENC,242.6843,0.0000,121.3421,2.4714,0.0000,-695.239,-3.549,0.327,-280.284,0.0469,-0.0225,1.0327,
23.902,IMU,242.6843,0.0000,121.3421,2.4714,0.0000,-695.239,-3.560,0.312,-280.386,0.0703,-0.0029,0.9761,
23.919,ENC,242.7371,0.0000,121.3686,2.6419,0.0000,-695.391,-3.560,0.312,-280.386,0.0703,-0.0029,0.9761,
23.923,IMU,242.7371,0.0000,121.3686,2.6419,0.0000,-695.391,-3.564,0.334,-280.468,0.0669,0.0356,1.0322,
23.932,ENC,242.7848,0.0000,121.3924,2.3862,0.0000,-695.527,-3.564,0.334,-280.468,0.0669,0.0356,1.0322,
23.943,IMU,242.7848,0.0000,121.3924,2.3862,0.0000,-695.527,-3.576,0.305,-280.590,0.0879,0.0269,1.0146,
23.952,ENC,242.8343,0.0000,121.4171,2.4714,0.0000,-695.669,-3.576,0.305,-280.590,0.0879,0.0269,1.0146,
23.963,IMU,242.8343,0.0000,121.4171,2.4714,0.0000,-695.669,-3.600,0.302,-280.703,0.0483,0.0293,1.0034,
23.976,ENC,242.8803,0.0000,121.4401,2.3010,0.0000,-695.801,-3.600,0.302,-280.703,0.0483,0.0293,1.0034,
23.983,IMU,242.8803,0.0000,121.4401,2.3010,0.0000,-695.801,-3.573,0.302,-280.801,0.0532,0.0015,1.0117,
23.992,ENC,242.9263,0.0000,121.4632,2.3010,0.0000,-695.933,-3.573,0.302,-280.801,0.0532,0.0015,1.0117,
24.003,IMU,242.9263,0.0000,121.4632,2.3010,0.0000,-695.933,-3.601,0.251,-280.889,0.0664,-0.0083,0.9946,
24.013,ENC,242.9757,0.0000,121.4879,2.4714,0.0000,-696.074,-3.601,0.251,-280.889,0.0664,-0.0083,0.9946,
24.023,IMU,242.9757,0.0000,121.4879,2.4714,0.0000,-696.074,-3.555,0.266,-281.004,0.0391,-0.0059,1.0020,
24.032,ENC,243.0235,0.0000,121.5117,2.3862,0.0000,-696.211,-3.555,0.266,-281.004,0.0391,-0.0059,1.0020,
24.043,IMU,243.0235,0.0000,121.5117,2.3862,0.0000,-696.211,-3.582,0.209,-281.076,0.0859,-0.0132,0.9839,
24.052,ENC,243.0644,0.0000,121.5322,2.0453,0.0000,-696.328,-3.582,0.209,-281.076,0.0859,-0.0132,0.9839,
24.062,IMU,243.0644,0.0000,121.5322,2.0453,0.0000,-696.328,-3.663,0.228,-281.180,0.1221,-0.0010,0.9907,
24.073,ENC,243.1121,0.0000,121.5560,2.3862,0.0000,-696.465,-3.663,0.228,-281.180,0.1221,-0.0010,0.9907,
24.085,IMU,243.1121,0.0000,121.5560,2.3862,0.0000,-696.465,-3.703,0.194,-281.280,0.0732,0.0063,1.0093,
24.093,ENC,243.1598,0.0000,121.5799,2.3862,0.0000,-696.602,-3.703,0.194,-281.280,0.0732,0.0063,1.0093,
24.102,IMU,243.1598,0.0000,121.5799,2.3862,0.0000,-696.602,-3.724,0.143,-281.378,0.0908,0.0000,1.0220,
24.112,ENC,243.2075,0.0000,121.6038,2.3862,0.0000,-696.738,-3.724,0.143,-281.378,0.0908,0.0000,1.0220,
24.122,IMU,243.2075,0.0000,121.6038,2.3862,0.0000,-696.738,-3.798,0.151,-281.480,0.0811,0.0156,0.9766,
24.132,ENC,243.2536,0.0000,121.6268,2.3010,0.0000,-696.870,-3.798,0.151,-281.480,0.0811,0.0156,0.9766,
24.142,IMU,243.2536,0.0000,121.6268,2.3010,0.0000,-696.870,-3.773,0.209,-281.584,0.0493,0.0249,0.9863,
24.152,ENC,243.2996,0.0000,121.6498,2.3010,0.0000,-697.002,-3.773,0.209,-281.584,0.0493,0.0249,0.9863,
24.162,IMU,243.2996,0.0000,121.6498,2.3010,0.0000,-697.002,-3.771,0.291,-281.696,0.0605,0.0376,1.0444,
24.174,ENC,243.3405,0.0000,121.6702,2.0453,0.0000,-697.119,-3.771,0.291,-281.696,0.0605,0.0376,1.0444,
24.182,IMU,243.3405,0.0000,121.6702,2.0453,0.0000,-697.119,-3.749,0.285,-281.750,0.0508,0.0098,1.0010,
24.193,ENC,243.3780,0.0000,121.6890,1.8749,0.0000,-697.227,-3.749,0.285,-281.750,0.0508,0.0098,1.0010,
24.202,IMU,243.3780,0.0000,121.6890,1.8749,0.0000,-697.227,-3.720,0.300,-281.809,0.0410,-0.0010,1.0488,
24.212,ENC,243.4138,0.0000,121.7069,1.7896,0.0000,-697.329,-3.720,0.300,-281.809,0.0410,-0.0010,1.0488,
24.222,IMU,243.4138,0.0000,121.7069,1.7896,0.0000,-697.329,-3.658,0.263,-281.873,0.0176,-0.0205,1.0063,
24.235,ENC,243.4445,0.0000,121.7222,1.5340,0.0000,-697.417,-3.658,0.263,-281.873,0.0176,-0.0205,1.0063,
24.242,IMU,243.4445,0.0000,121.7222,1.5340,0.0000,-697.417,-3.646,0.317,-281.876,0.0732,0.0317,1.0239,
24.253,ENC,243.4717,0.0000,121.7359,1.3635,0.0000,-697.495,-3.646,0.317,-281.876,0.0732,0.0317,1.0239,
24.263,IMU,243.4717,0.0000,121.7359,1.3635,0.0000,-697.495,-3.682,0.232,-281.932,0.0771,-0.0352,0.9473,
24.272,ENC,243.5007,0.0000,121.7504,1.4488,0.0000,-697.578,-3.682,0.232,-281.932,0.0771,-0.0352,0.9473,
24.282,IMU,243.5007,0.0000,121.7504,1.4488,0.0000,-697.578,-3.625,0.323,-282.003,0.0239,0.0210,1.0107,
24.292,ENC,243.5246,0.0000,121.7623,1.1931,0.0000,-697.646,-3.625,0.323,-282.003,0.0239,0.0210,1.0107,
24.303,IMU,243.5246,0.0000,121.7623,1.1931,0.0000,-697.646,-3.815,0.286,-282.033,0.1797,-0.0068,0.9380,
24.314,ENC,243.5467,0.0000,121.7734,1.1079,0.0000,-697.710,-3.815,0.286,-282.033,0.1797,-0.0068,0.9380,
24.322,IMU,243.5467,0.0000,121.7734,1.1079,0.0000,-697.710,-3.757,0.260,-282.124,0.0249,-0.0122,1.0928,
24.332,ENC,243.5723,0.0000,121.7861,1.2783,0.0000,-697.783,-3.757,0.260,-282.124,0.0249,-0.0122,1.0928,
24.342,IMU,243.5723,0.0000,121.7861,1.2783,0.0000,-697.783,-3.760,0.189,-282.221,0.0503,-0.0405,0.9507,
24.352,ENC,243.5996,0.0000,121.7998,1.3635,0.0000,-697.861,-3.760,0.189,-282.221,0.0503,-0.0405,0.9507,
24.362,IMU,243.5996,0.0000,121.7998,1.3635,0.0000,-697.861,-3.758,0.167,-282.273,0.0698,0.0005,0.9966,
24.372,ENC,243.6166,0.1824,121.8995,0.8522,9.1187,-697.388,-3.758,0.167,-282.273,0.0698,0.0005,0.9966,
24.382,IMU,243.6166,0.1824,121.8995,0.8522,9.1187,-697.388,-3.808,0.157,-282.306,0.0679,0.0010,0.9595,
24.392,ENC,243.6388,0.0000,121.8194,1.1079,-9.1187,-697.974,-3.808,0.157,-282.306,0.0679,0.0010,0.9595,
24.402,IMU,243.6388,0.0000,121.8194,1.1079,-9.1187,-697.974,-3.788,0.193,-282.394,0.0581,0.0444,1.0264,
24.412,ENC,243.6592,0.0000,121.8296,1.0227,0.0000,-698.032,-3.788,0.193,-282.394,0.0581,0.0444,1.0264,
24.422,IMU,243.6592,0.0000,121.8296,1.0227,0.0000,-698.032,-3.815,0.225,-282.399,0.0840,0.0132,0.8584,
24.435,ENC,243.6763,0.0000,121.8381,0.8522,0.0000,-698.081,-3.815,0.225,-282.399,0.0840,0.0132,0.8584,
24.442,IMU,243.6763,0.0000,121.8381,0.8522,0.0000,-698.081,-3.814,0.186,-282.414,0.0571,0.0020,1.0054,
24.452,ENC,243.6899,0.0000,121.8449,0.6818,0.0000,-698.120,-3.814,0.186,-282.414,0.0571,0.0020,1.0054,
24.462,IMU,243.6899,0.0000,121.8449,0.6818,0.0000,-698.120,-3.817,0.142,-282.456,0.0454,-0.0396,1.0254,
24.472,ENC,243.7001,0.0000,121.8501,0.5113,0.0000,-698.149,-3.817,0.142,-282.456,0.0454,-0.0396,1.0254,
24.483,IMU,243.7001,0.0000,121.8501,0.5113,0.0000,-698.149,-3.773,0.116,-282.485,0.0454,-0.0059,0.9814,
24.499,ENC,243.7086,0.1824,121.9455,0.4261,9.1187,-697.651,-3.773,0.116,-282.485,0.0454,-0.0059,0.9814,
24.502,IMU,243.7086,0.1824,121.9455,0.4261,9.1187,-697.651,-3.761,0.135,-282.509,0.0586,-0.0215,1.0078,
24.514,ENC,243.7138,0.0000,121.8569,0.2557,-9.1187,-698.188,-3.761,0.135,-282.509,0.0586,-0.0215,1.0078,
24.522,IMU,243.7138,0.0000,121.8569,0.2557,-9.1187,-698.188,-3.803,0.170,-282.494,0.1084,0.0024,1.0098,
24.532,ENC,243.7240,0.0000,121.8620,0.5113,0.0000,-698.218,-3.803,0.170,-282.494,0.1084,0.0024,1.0098,
24.543,IMU,243.7240,0.0000,121.8620,0.5113,0.0000,-698.218,-3.899,0.147,-282.526,0.1055,0.0059,1.0239,
24.553,ENC,243.7376,0.0000,121.8688,0.6818,0.0000,-698.257,-3.899,0.147,-282.526,0.1055,0.0059,1.0239,
24.562,IMU,243.7376,0.0000,121.8688,0.6818,0.0000,-698.257,-3.733,0.114,-282.542,-0.0269,0.0034,1.0757,
24.572,ENC,243.7427,0.0000,121.8714,0.2557,0.0000,-698.271,-3.733,0.114,-282.542,-0.0269,0.0034,1.0757,
24.583,IMU,243.7427,0.0000,121.8714,0.2557,0.0000,-698.271,-3.741,0.083,-282.513,0.0493,-0.0103,0.9771,
24.595,ENC,243.7427,0.0000,121.8714,0.0000,0.0000,-698.271,-3.741,0.083,-282.513,0.0493,-0.0103,0.9771,
24.602,IMU,243.7427,0.0000,121.8714,0.0000,0.0000,-698.271,-3.716,0.062,-282.512,0.0737,-0.0078,0.9644,
24.612,ENC,243.7427,0.0000,121.8714,0.0000,0.0000,-698.271,-3.716,0.062,-282.512,0.0737,-0.0078,0.9644,
24.623,IMU,243.7427,0.0000,121.8714,0.0000,0.0000,-698.271,-3.778,0.059,-282.494,0.0835,0.0000,1.0537,
24.632,ENC,243.7444,0.0000,121.8722,0.0852,0.0000,-698.276,-3.778,0.059,-282.494,0.0835,0.0000,1.0537,
24.642,IMU,243.7444,0.0000,121.8722,0.0852,0.0000,-698.276,-3.721,0.028,-282.510,0.0654,-0.0117,0.9561,
24.652,ENC,243.7444,0.0000,121.8722,0.0000,0.0000,-698.276,-3.721,0.028,-282.510,0.0654,-0.0117,0.9561,
24.662,IMU,243.7444,0.0000,121.8722,0.0000,0.0000,-698.276,-3.725,0.020,-282.522,0.0498,-0.0083,0.9858,
24.675,ENC,243.7444,0.0000,121.8722,0.0000,0.0000,-698.276,-3.725,0.020,-282.522,0.0498,-0.0083,0.9858,
24.683,IMU,243.7444,0.0000,121.8722,0.0000,0.0000,-698.276,-3.724,0.017,-282.487,0.0522,-0.0044,1.0078,
24.692,ENC,243.7444,0.0000,121.8722,0.0000,0.0000,-698.276,-3.724,0.017,-282.487,0.0522,-0.0044,1.0078,
24.702,IMU,243.7444,0.0000,121.8722,0.0000,0.0000,-698.276,-3.755,-0.008,-282.492,0.0693,0.0034,0.9790,
24.713,ENC,243.7444,0.0000,121.8722,0.0000,0.0000,-698.276,-3.755,-0.008,-282.492,0.0693,0.0034,0.9790,
24.722,IMU,243.7444,0.0000,121.8722,0.0000,0.0000,-698.276,-3.821,-0.006,-282.421,0.0786,-0.0015,0.9839,
24.732,ENC,243.7444,0.0000,121.8722,0.0000,0.0000,-698.276,-3.821,-0.006,-282.421,0.0786,-0.0015,0.9839,
24.743,IMU,243.7444,0.0000,121.8722,0.0000,0.0000,-698.276,-3.761,-0.061,-282.399,0.0542,-0.0044,1.0068,
24.754,ENC,243.7444,0.0000,121.8722,0.0000,0.0000,-698.276,-3.761,-0.061,-282.399,0.0542,-0.0044,1.0068,
24.762,IMU,243.7444,0.0000,121.8722,0.0000,0.0000,-698.276,-3.721,-0.065,-282.421,0.0420,0.0000,0.9966,
24.772,ENC,243.7444,0.0000,121.8722,0.0000,0.0000,-698.276,-3.721,-0.065,-282.421,0.0420,0.0000,0.9966,
24.786,IMU,243.7444,0.0000,121.8722,0.0000,0.0000,-698.276,-3.764,-0.031,-282.416,0.0674,0.0010,0.9995,
24.793,ENC,243.7444,0.0000,121.8722,0.0000,0.0000,-698.276,-3.764,-0.031,-282.416,0.0674,0.0010,0.9995,
24.804,IMU,243.7444,0.0000,121.8722,0.0000,0.0000,-698.276,-3.798,-0.054,-282.380,0.0757,-0.0073,0.9839,
24.812,ENC,243.7444,0.0000,121.8722,0.0000,0.0000,-698.276,-3.798,-0.054,-282.380,0.0757,-0.0073,0.9839,
24.822,IMU,243.7444,0.0000,121.8722,0.0000,0.0000,-698.276,-3.852,-0.055,-282.406,0.0698,-0.0122,1.0083,
24.834,ENC,243.7444,0.0000,121.8722,0.0000,0.0000,-698.276,-3.852,-0.055,-282.406,0.0698,-0.0122,1.0083,
24.847,IMU,243.7444,0.0000,121.8722,0.0000,0.0000,-698.276,-3.838,-0.040,-282.387,0.0688,0.0039,0.9912,
24.852,ENC,243.7444,0.0000,121.8722,0.0000,0.0000,-698.276,-3.838,-0.040,-282.387,0.0688,0.0039,0.9912,
24.862,IMU,243.7444,0.0000,121.8722,0.0000,0.0000,-698.276,-3.831,-0.035,-282.417,0.0620,-0.0088,0.9951,
24.872,ENC,243.7444,0.0000,121.8722,0.0000,0.0000,-698.276,-3.831,-0.035,-282.417,0.0620,-0.0088,0.9951,
24.885,IMU,243.7444,0.0000,121.8722,0.0000,0.0000,-698.276,-3.813,-0.040,-282.416,0.0747,0.0020,0.9907,
24.893,ENC,243.7444,0.0000,121.8722,0.0000,0.0000,-698.276,-3.813,-0.040,-282.416,0.0747,0.0020,0.9907,
24.904,IMU,243.7444,0.0000,121.8722,0.0000,0.0000,-698.276,-3.825,-0.010,-282.358,0.0767,-0.0093,0.9878,
24.912,ENC,243.7444,0.0000,121.8722,0.0000,0.0000,-698.276,-3.825,-0.010,-282.358,0.0767,-0.0093,0.9878,
24.922,IMU,243.7444,0.0000,121.8722,0.0000,0.0000,-698.276,-3.804,0.026,-282.337,0.0566,-0.0098,1.0000,
24.933,ENC,243.7444,0.0000,121.8722,0.0000,0.0000,-698.276,-3.804,0.026,-282.337,0.0566,-0.0098,1.0000,
24.943,IMU,243.7444,0.0000,121.8722,0.0000,0.0000,-698.276,-3.808,-0.006,-282.376,0.0537,-0.0059,1.0029,
24.952,ENC,243.7444,0.0000,121.8722,0.0000,0.0000,-698.276,-3.808,-0.006,-282.376,0.0537,-0.0059,1.0029,
24.963,IMU,243.7444,0.0000,121.8722,0.0000,0.0000,-698.276,-3.824,-0.012,-282.357,0.0732,-0.0107,0.9941,
24.972,ENC,243.7444,0.0000,121.8722,0.0000,0.0000,-698.276,-3.824,-0.012,-282.357,0.0732,-0.0107,0.9941,
24.982,IMU,243.7444,0.0000,121.8722,0.0000,0.0000,-698.276,-3.853,-0.030,-282.375,0.0771,0.0020,0.9907,
24.992,ENC,243.7444,0.0000,121.8722,0.0000,0.0000,-698.276,-3.853,-0.030,-282.375,0.0771,0.0020,0.9907,
25.002,IMU,243.7444,0.0000,121.8722,0.0000,0.0000,-698.276,-3.864,-0.034,-282.396,0.0742,0.0024,0.9937,
25.012,ENC,243.7444,0.0000,121.8722,0.0000,0.0000,-698.276,-3.864,-0.034,-282.396,0.0742,0.0024,0.9937,
25.022,IMU,243.7444,0.0000,121.8722,0.0000,0.0000,-698.276,-3.868,-0.016,-282.453,0.0615,-0.0005,1.0005,
25.032,ENC,243.7444,0.0000,121.8722,0.0000,0.0000,-698.276,-3.868,-0.016,-282.453,0.0615,-0.0005,1.0005,
25.042,IMU,243.7444,0.0000,121.8722,0.0000,0.0000,-698.276,-3.889,-0.042,-282.446,0.0674,-0.0029,0.9863,
25.052,ENC,243.7444,0.0000,121.8722,0.0000,0.0000,-698.276,-3.889,-0.042,-282.446,0.0674,-0.0029,0.9863,
25.064,IMU,243.7444,0.0000,121.8722,0.0000,0.0000,-698.276,-3.874,-0.040,-282.446,0.0786,-0.0044,0.9937,
25.072,ENC,243.7444,0.0000,121.8722,0.0000,0.0000,-698.276,-3.874,-0.040,-282.446,0.0786,-0.0044,0.9937,
25.082,IMU,243.7444,0.0000,121.8722,0.0000,0.0000,-698.276,-3.822,-0.040,-282.450,0.0581,0.0156,0.9902,
25.092,ENC,243.7444,0.0000,121.8722,0.0000,0.0000,-698.276,-3.822,-0.040,-282.450,0.0581,0.0156,0.9902,
25.102,IMU,243.7444,0.0000,121.8722,0.0000,0.0000,-698.276,-3.863,-0.038,-282.449,0.0649,-0.0142,0.9897,
25.113,ENC,243.7444,0.0000,121.8722,0.0000,0.0000,-698.276,-3.863,-0.038,-282.449,0.0649,-0.0142,0.9897,
25.122,IMU,243.7444,0.0000,121.8722,0.0000,0.0000,-698.276,-3.870,-0.039,-282.444,0.0688,-0.0083,1.0063,
25.133,ENC,243.7444,0.0000,121.8722,0.0000,0.0000,-698.276,-3.870,-0.039,-282.444,0.0688,-0.0083,1.0063,
25.142,IMU,243.7444,0.0000,121.8722,0.0000,0.0000,-698.276,-3.864,-0.015,-282.454,0.0767,0.0054,0.9971,
25.153,ENC,243.7444,0.0000,121.8722,0.0000,0.0000,-698.276,-3.864,-0.015,-282.454,0.0767,0.0054,0.9971,
25.162,IMU,243.7444,0.0000,121.8722,0.0000,0.0000,-698.276,-3.860,-0.015,-282.465,0.0605,-0.0181,0.9966,
25.175,ENC,243.7444,0.0000,121.8722,0.0000,0.0000,-698.276,-3.860,-0.015,-282.465,0.0605,-0.0181,0.9966,
25.183,IMU,243.7444,0.0000,121.8722,0.0000,0.0000,-698.276,-3.829,-0.011,-282.423,0.0674,0.0112,0.9990,
25.193,ENC,243.7444,0.0000,121.8722,0.0000,0.0000,-698.276,-3.829,-0.011,-282.423,0.0674,0.0112,0.9990,
25.202,IMU,243.7444,0.0000,121.8722,0.0000,0.0000,-698.276,-3.804,-0.059,-282.437,0.0547,-0.0112,0.9951,
25.213,ENC,243.7444,0.0000,121.8722,0.0000,0.0000,-698.276,-3.804,-0.059,-282.437,0.0547,-0.0112,0.9951,
25.223,IMU,243.7444,0.0000,121.8722,0.0000,0.0000,-698.276,-3.807,-0.106,-282.414,0.0703,-0.0034,0.9907,
25.233,ENC,243.7444,0.0000,121.8722,0.0000,0.0000,-698.276,-3.807,-0.106,-282.414,0.0703,-0.0034,0.9907,
25.247,IMU,243.7444,0.0000,121.8722,0.0000,0.0000,-698.276,-3.837,-0.109,-282.433,0.0571,-0.0132,0.9839,
25.252,ENC,243.7444,0.0000,121.8722,0.0000,0.0000,-698.276,-3.837,-0.109,-282.433,0.0571,-0.0132,0.9839,
25.262,IMU,243.7444,0.0000,121.8722,0.0000,0.0000,-698.276,-3.806,-0.106,-282.458,0.0796,0.0029,1.0020,
25.272,ENC,243.7444,0.0000,121.8722,0.0000,0.0000,-698.276,-3.806,-0.106,-282.458,0.0796,0.0029,1.0020,
25.282,IMU,243.7444,0.0000,121.8722,0.0000,0.0000,-698.276,-3.806,-0.165,-282.467,0.0635,-0.0112,0.9868,
25.292,ENC,243.7444,0.0000,121.8722,0.0000,0.0000,-698.276,-3.806,-0.165,-282.467,0.0635,-0.0112,0.9868,
25.302,IMU,243.7444,0.0000,121.8722,0.0000,0.0000,-698.276,-3.808,-0.172,-282.470,0.0591,-0.0034,0.9990,
25.312,ENC,243.7444,0.0000,121.8722,0.0000,0.0000,-698.276,-3.808,-0.172,-282.470,0.0591,-0.0034,0.9990,
25.322,IMU,243.7444,0.0000,121.8722,0.0000,0.0000,-698.276,-3.845,-0.167,-282.511,0.0718,-0.0054,0.9888,
25.332,ENC,243.7444,0.0000,121.8722,0.0000,0.0000,-698.276,-3.845,-0.167,-282.511,0.0718,-0.0054,0.9888,
25.342,IMU,243.7444,0.0000,121.8722,0.0000,0.0000,-698.276,-3.864,-0.168,-282.511,0.0781,-0.0059,1.0020,
25.362,IMU,243.7444,0.0000,121.8722,0.0000,0.0000,-698.276,-3.899,-0.177,-282.538,0.0635,0.0024,0.9966,
25.376,ENC,243.7444,0.0000,121.8722,0.0000,0.0000,-698.276,-3.899,-0.177,-282.538,0.0635,0.0024,0.9966,
25.382,IMU,243.7444,0.0000,121.8722,0.0000,0.0000,-698.276,-3.914,-0.183,-282.541,0.0679,-0.0088,1.0044,
25.392,ENC,243.7444,0.0000,121.8722,0.0000,0.0000,-698.276,-3.914,-0.183,-282.541,0.0679,-0.0088,1.0044,
25.402,IMU,243.7444,0.0000,121.8722,0.0000,0.0000,-698.276,-3.920,-0.165,-282.535,0.0649,0.0010,0.9937,
25.415,ENC,243.7444,0.0000,121.8722,0.0000,0.0000,-698.276,-3.920,-0.165,-282.535,0.0649,0.0010,0.9937,
25.432,ENC,243.7444,0.0000,121.8722,0.0000,0.0000,-698.276,-3.920,-0.165,-282.535,0.0649,0.0010,0.9937,
25.442,IMU,243.7444,0.0000,121.8722,0.0000,0.0000,-698.276,-3.864,-0.154,-282.546,0.0669,-0.0112,1.0073,
25.452,ENC,243.7461,0.0000,121.8731,0.0852,0.0000,-698.281,-3.864,-0.154,-282.546,0.0669,-0.0112,1.0073,
25.463,IMU,243.7461,0.0000,121.8731,0.0852,0.0000,-698.281,-3.859,-0.174,-282.593,0.0684,0.0073,1.0059,
25.472,ENC,243.7444,0.0000,121.8722,-0.0852,0.0000,-698.276,-3.859,-0.174,-282.593,0.0684,0.0073,1.0059,
25.484,IMU,243.7444,0.0000,121.8722,-0.0852,0.0000,-698.276,-3.828,-0.197,-282.553,0.0571,-0.0137,0.9927,
25.492,ENC,243.7444,0.0000,121.8722,0.0000,0.0000,-698.276,-3.828,-0.197,-282.553,0.0571,-0.0137,0.9927,
25.502,IMU,243.7444,0.0000,121.8722,0.0000,0.0000,-698.276,-3.839,-0.175,-282.563,0.0669,-0.0005,0.9956,
25.512,ENC,243.7444,0.0000,121.8722,0.0000,0.0000,-698.276,-3.839,-0.175,-282.563,0.0669,-0.0005,0.9956,
25.522,IMU,243.7444,0.0000,121.8722,0.0000,0.0000,-698.276,-3.839,-0.157,-282.611,0.0732,0.0049,0.9883,
25.536,ENC,243.7444,0.0000,121.8722,0.0000,0.0000,-698.276,-3.839,-0.157,-282.611,0.0732,0.0049,0.9883,
25.544,IMU,243.7444,0.0000,121.8722,0.0000,0.0000,-698.276,-3.822,-0.150,-282.586,0.0640,-0.0073,1.0054,
25.553,ENC,243.7444,0.0000,121.8722,0.0000,0.0000,-698.276,-3.822,-0.150,-282.586,0.0640,-0.0073,1.0054,
25.562,IMU,243.7444,0.0000,121.8722,0.0000,0.0000,-698.276,-3.839,-0.144,-282.560,0.0718,0.0083,1.0020,
25.573,ENC,243.7444,0.0000,121.8722,0.0000,0.0000,-698.276,-3.839,-0.144,-282.560,0.0718,0.0083,1.0020,
25.582,IMU,243.7444,0.0000,121.8722,0.0000,0.0000,-698.276,-3.838,-0.134,-282.528,0.0781,-0.0059,0.9907,
25.592,ENC,243.7444,0.0000,121.8722,0.0000,0.0000,-698.276,-3.838,-0.134,-282.528,0.0781,-0.0059,0.9907,
25.602,IMU,243.7444,0.0000,121.8722,0.0000,0.0000,-698.276,-3.822,-0.150,-282.546,0.0640,-0.0190,0.9819,
25.613,ENC,243.7444,0.0000,121.8722,0.0000,0.0000,-698.276,-3.822,-0.150,-282.546,0.0640,-0.0190,0.9819,
25.625,IMU,243.7444,0.0000,121.8722,0.0000,0.0000,-698.276,-3.841,-0.150,-282.578,0.0635,0.0005,0.9995,
25.637,ENC,243.7444,0.0000,121.8722,0.0000,0.0000,-698.276,-3.841,-0.150,-282.578,0.0635,0.0005,0.9995,
25.655,ENC,243.7461,0.0000,121.8731,0.0852,0.0000,-698.281,-3.841,-0.150,-282.578,0.0635,0.0005,0.9995,
25.666,IMU,243.7461,0.0000,121.8731,0.0852,0.0000,-698.281,-3.824,-0.117,-282.568,0.0757,-0.0234,0.9927,
25.676,ENC,243.7444,0.0000,121.8722,-0.0852,0.0000,-698.276,-3.824,-0.117,-282.568,0.0757,-0.0234,0.9927,
25.683,IMU,243.7444,0.0000,121.8722,-0.0852,0.0000,-698.276,-3.810,-0.068,-282.571,0.0654,0.0093,0.9976,
25.693,ENC,243.7444,0.0000,121.8722,0.0000,0.0000,-698.276,-3.810,-0.068,-282.571,0.0654,0.0093,0.9976,
25.702,IMU,243.7444,0.0000,121.8722,0.0000,0.0000,-698.276,-3.774,-0.079,-282.602,0.0742,-0.0137,0.9956,
25.712,ENC,243.7444,0.0000,121.8722,0.0000,0.0000,-698.276,-3.774,-0.079,-282.602,0.0742,-0.0137,0.9956,
25.732,ENC,243.7444,0.0000,121.8722,0.0000,0.0000,-698.276,-3.774,-0.079,-282.602,0.0742,-0.0137,0.9956,
25.742,IMU,243.7444,0.0000,121.8722,0.0000,0.0000,-698.276,-3.904,-0.102,-282.576,0.0649,-0.0039,0.9966,
25.753,ENC,243.7444,0.0000,121.8722,0.0000,0.0000,-698.276,-3.904,-0.102,-282.576,0.0649,-0.0039,0.9966,
25.763,IMU,243.7444,0.0000,121.8722,0.0000,0.0000,-698.276,-3.900,-0.096,-282.616,0.0684,-0.0049,0.9893,
25.772,ENC,243.7444,0.0000,121.8722,0.0000,0.0000,-698.276,-3.900,-0.096,-282.616,0.0684,-0.0049,0.9893,
25.782,IMU,243.7444,0.0000,121.8722,0.0000,0.0000,-698.276,-3.872,-0.129,-282.611,0.0703,0.0034,0.9951,
25.792,ENC,243.7444,0.0000,121.8722,0.0000,0.0000,-698.276,-3.872,-0.129,-282.611,0.0703,0.0034,0.9951,
25.802,IMU,243.7444,0.0000,121.8722,0.0000,0.0000,-698.276,-3.876,-0.142,-282.634,0.0664,-0.0049,0.9961,
25.815,ENC,243.7444,0.0000,121.8722,0.0000,0.0000,-698.276,-3.876,-0.142,-282.634,0.0664,-0.0049,0.9961,
25.826,IMU,243.7444,0.0000,121.8722,0.0000,0.0000,-698.276,-3.933,-0.124,-282.647,0.0674,-0.0068,1.0078,
25.832,ENC,243.7444,0.0000,121.8722,0.0000,0.0000,-698.276,-3.933,-0.124,-282.647,0.0674,-0.0068,1.0078,
25.842,IMU,243.7444,0.0000,121.8722,0.0000,0.0000,-698.276,-3.980,-0.125,-282.616,0.0615,0.0049,0.9917,
25.852,ENC,243.7444,0.0000,121.8722,0.0000,0.0000,-698.276,-3.980,-0.125,-282.616,0.0615,0.0049,0.9917,
25.864,IMU,243.7444,0.0000,121.8722,0.0000,0.0000,-698.276,-3.956,-0.142,-282.617,0.0566,-0.0054,0.9971,
25.872,ENC,243.7444,0.0000,121.8722,0.0000,0.0000,-698.276,-3.956,-0.142,-282.617,0.0566,-0.0054,0.9971,
25.882,IMU,243.7444,0.0000,121.8722,0.0000,0.0000,-698.276,-3.963,-0.183,-282.575,0.0684,-0.0020,1.0112,
25.892,ENC,243.7444,0.0000,121.8722,0.0000,0.0000,-698.276,-3.963,-0.183,-282.575,0.0684,-0.0020,1.0112,
25.902,IMU,243.7444,0.0000,121.8722,0.0000,0.0000,-698.276,-3.968,-0.189,-282.571,0.0640,0.0049,0.9961,
25.915,ENC,243.7444,0.0000,121.8722,0.0000,0.0000,-698.276,-3.968,-0.189,-282.571,0.0640,0.0049,0.9961,
25.922,IMU,243.7444,0.0000,121.8722,0.0000,0.0000,-698.276,-3.977,-0.205,-282.612,0.0806,-0.0161,0.9946,
25.932,ENC,243.7444,0.0000,121.8722,0.0000,0.0000,-698.276,-3.977,-0.205,-282.612,0.0806,-0.0161,0.9946,
25.942,IMU,243.7444,0.0000,121.8722,0.0000,0.0000,-698.276,-3.983,-0.192,-282.630,0.0728,0.0093,1.0000,
25.952,ENC,243.7444,0.0000,121.8722,0.0000,0.0000,-698.276,-3.983,-0.192,-282.630,0.0728,0.0093,1.0000,
25.962,IMU,243.7444,0.0000,121.8722,0.0000,0.0000,-698.276,-4.014,-0.193,-282.625,0.0620,-0.0259,0.9800,
25.972,ENC,243.7444,0.0000,121.8722,0.0000,0.0000,-698.276,-4.014,-0.193,-282.625,0.0620,-0.0259,0.9800,
25.982,IMU,243.7444,0.0000,121.8722,0.0000,0.0000,-698.276,-4.016,-0.191,-282.675,0.0688,0.0020,1.0054,
25.993,ENC,243.7444,0.0000,121.8722,0.0000,0.0000,-698.276,-4.016,-0.191,-282.675,0.0688,0.0020,1.0054,
26.003,IMU,243.7444,0.0000,121.8722,0.0000,0.0000,-698.276,-3.986,-0.217,-282.720,0.0747,-0.0103,0.9976,
26.012,ENC,243.7461,0.0000,121.8731,0.0852,0.0000,-698.281,-3.986,-0.217,-282.720,0.0747,-0.0103,0.9976,
26.022,IMU,243.7461,0.0000,121.8731,0.0852,0.0000,-698.281,-4.023,-0.298,-282.711,0.0815,-0.0229,0.9829,
26.033,ENC,243.7495,0.0000,121.8748,0.1704,0.0000,-698.291,-4.023,-0.298,-282.711,0.0815,-0.0229,0.9829,
26.047,IMU,243.7495,0.0000,121.8748,0.1704,0.0000,-698.291,-4.086,-0.284,-282.779,0.0942,-0.0088,1.0020,
26.053,ENC,243.7632,0.0000,121.8816,0.6818,0.0000,-698.330,-4.086,-0.284,-282.779,0.0942,-0.0088,1.0020,
26.072,ENC,243.7785,0.0000,121.8893,0.7670,0.0000,-698.374,-4.086,-0.284,-282.779,0.0942,-0.0088,1.0020,
26.083,IMU,243.7785,0.0000,121.8893,0.7670,0.0000,-698.374,-4.184,-0.309,-282.848,0.1411,0.0601,0.9561,
26.097,ENC,243.8092,0.0000,121.9046,1.5340,0.0000,-698.462,-4.184,-0.309,-282.848,0.1411,0.0601,0.9561,
26.102,IMU,243.8092,0.0000,121.9046,1.5340,0.0000,-698.462,-4.094,-0.314,-282.958,0.0024,-0.0210,1.0322,
26.112,ENC,243.8331,0.0000,121.9165,1.1931,0.0000,-698.530,-4.094,-0.314,-282.958,0.0024,-0.0210,1.0322,
26.123,IMU,243.8331,0.0000,121.9165,1.1931,0.0000,-698.530,-4.169,-0.404,-283.074,0.1450,-0.0591,0.9458,
26.132,ENC,243.8672,0.0000,121.9336,1.7044,0.0000,-698.628,-4.169,-0.404,-283.074,0.1450,-0.0591,0.9458,
26.152,ENC,243.9012,0.0000,121.9506,1.7044,0.0000,-698.726,-4.169,-0.404,-283.074,0.1450,-0.0591,0.9458,
26.166,IMU,243.9012,0.0000,121.9506,1.7044,0.0000,-698.726,-4.234,-0.497,-283.347,0.0635,-0.0132,0.9351,
26.174,ENC,243.9404,0.0000,121.9702,1.9601,0.0000,-698.838,-4.234,-0.497,-283.347,0.0635,-0.0132,0.9351,
26.182,IMU,243.9404,0.0000,121.9702,1.9601,0.0000,-698.838,-4.213,-0.501,-283.439,0.0483,-0.0190,1.0347,
26.193,ENC,243.9779,0.0000,121.9890,1.8749,0.0000,-698.945,-4.213,-0.501,-283.439,0.0483,-0.0190,1.0347,
26.203,IMU,243.9779,0.0000,121.9890,1.8749,0.0000,-698.945,-4.209,-0.575,-283.582,0.0879,-0.0552,0.9717,
26.212,ENC,244.0171,0.0000,122.0086,1.9601,0.0000,-699.058,-4.209,-0.575,-283.582,0.0879,-0.0552,0.9717,
26.223,IMU,244.0171,0.0000,122.0086,1.9601,0.0000,-699.058,-4.210,-0.568,-283.665,0.0688,-0.0200,0.9971,
26.237,ENC,244.0563,0.0000,122.0282,1.9601,0.0000,-699.170,-4.210,-0.568,-283.665,0.0688,-0.0200,0.9971,
26.245,IMU,244.0563,0.0000,122.0282,1.9601,0.0000,-699.170,-4.169,-0.610,-283.792,0.0454,-0.0249,1.0117,
26.252,ENC,244.0955,0.0000,122.0478,1.9601,0.0000,-699.282,-4.169,-0.610,-283.792,0.0454,-0.0249,1.0117,
26.262,IMU,244.0955,0.0000,122.0478,1.9601,0.0000,-699.282,-4.145,-0.605,-283.834,0.0850,-0.0264,0.9536,
26.272,ENC,244.1347,0.0000,122.0674,1.9601,0.0000,-699.395,-4.145,-0.605,-283.834,0.0850,-0.0264,0.9536,
26.283,IMU,244.1347,0.0000,122.0674,1.9601,0.0000,-699.395,-4.104,-0.584,-283.967,0.0752,0.0522,1.0312,
26.292,ENC,244.1791,0.0000,122.0895,2.2158,0.0000,-699.521,-4.104,-0.584,-283.967,0.0752,0.0522,1.0312,
26.302,IMU,244.1791,0.0000,122.0895,2.2158,0.0000,-699.521,-4.170,-0.563,-284.073,0.0864,0.0039,1.0049,
26.312,ENC,244.2234,0.0000,122.1117,2.2158,0.0000,-699.648,-4.170,-0.563,-284.073,0.0864,0.0039,1.0049,
26.322,IMU,244.2234,0.0000,122.1117,2.2158,0.0000,-699.648,-4.234,-0.506,-284.139,0.0811,0.0205,0.9917,
26.332,ENC,244.2643,0.0000,122.1321,2.0453,0.0000,-699.766,-4.234,-0.506,-284.139,0.0811,0.0205,0.9917,
26.342,IMU,244.2643,0.0000,122.1321,2.0453,0.0000,-699.766,-4.212,-0.470,-284.221,0.0435,0.0005,1.0112,
26.352,ENC,244.3052,0.0000,122.1526,2.0453,0.0000,-699.883,-4.212,-0.470,-284.221,0.0435,0.0005,1.0112,
26.363,IMU,244.3052,0.0000,122.1526,2.0453,0.0000,-699.883,-4.244,-0.484,-284.341,0.0776,-0.0454,0.9707,
26.372,ENC,244.3444,0.0000,122.1722,1.9601,0.0000,-699.995,-4.244,-0.484,-284.341,0.0776,-0.0454,0.9707,
26.382,IMU,244.3444,0.0000,122.1722,1.9601,0.0000,-699.995,-4.215,-0.430,-284.425,0.0400,0.0161,0.9893,
26.392,ENC,244.3870,0.0000,122.1935,2.1305,0.0000,-700.117,-4.215,-0.430,-284.425,0.0400,0.0161,0.9893,
26.402,IMU,244.3870,0.0000,122.1935,2.1305,0.0000,-700.117,-4.263,-0.423,-284.489,0.0640,-0.0083,0.9507,
26.413,ENC,244.4279,0.0000,122.2140,2.0453,0.0000,-700.234,-4.263,-0.423,-284.489,0.0640,-0.0083,0.9507,
26.422,IMU,244.4279,0.0000,122.2140,2.0453,0.0000,-700.234,-4.286,-0.415,-284.581,0.0933,0.0215,0.9897,
26.432,ENC,244.4671,0.0000,122.2336,1.9601,0.0000,-700.347,-4.286,-0.415,-284.581,0.0933,0.0215,0.9897,
26.447,IMU,244.4671,0.0000,122.2336,1.9601,0.0000,-700.347,-4.332,-0.428,-284.726,0.0884,-0.0063,0.9590,
26.456,ENC,244.5114,0.0000,122.2557,2.2158,0.0000,-700.474,-4.332,-0.428,-284.726,0.0884,-0.0063,0.9590,
26.462,IMU,244.5114,0.0000,122.2557,2.2158,0.0000,-700.474,-4.253,-0.435,-284.854,0.0415,-0.0190,1.0254,
26.472,ENC,244.5540,0.0000,122.2770,2.1305,0.0000,-700.596,-4.253,-0.435,-284.854,0.0415,-0.0190,1.0254,
26.482,IMU,244.5540,0.0000,122.2770,2.1305,0.0000,-700.596,-4.182,-0.427,-284.893,0.0474,0.0107,0.9717,
26.494,ENC,244.5949,0.0000,122.2975,2.0453,0.0000,-700.713,-4.182,-0.427,-284.893,0.0474,0.0107,0.9717,
26.502,IMU,244.5949,0.0000,122.2975,2.0453,0.0000,-700.713,-4.195,-0.376,-284.973,0.0645,0.0322,0.9565,
26.512,ENC,244.6376,0.0000,122.3188,2.1305,0.0000,-700.835,-4.195,-0.376,-284.973,0.0645,0.0322,0.9565,
26.523,IMU,244.6376,0.0000,122.3188,2.1305,0.0000,-700.835,-4.207,-0.420,-285.131,0.0454,-0.0176,1.0244,
26.533,ENC,244.6819,0.0000,122.3409,2.2158,0.0000,-700.962,-4.207,-0.420,-285.131,0.0454,-0.0176,1.0244,
26.543,IMU,244.6819,0.0000,122.3409,2.2158,0.0000,-700.962,-4.197,-0.361,-285.173,0.0933,0.0244,0.9746,
26.554,ENC,244.7245,0.0000,122.3622,2.1305,0.0000,-701.084,-4.197,-0.361,-285.173,0.0933,0.0244,0.9746,
26.563,IMU,244.7245,0.0000,122.3622,2.1305,0.0000,-701.084,-4.185,-0.341,-285.294,0.0371,-0.0151,0.9878,
26.572,ENC,244.7620,0.0000,122.3810,1.8749,0.0000,-701.191,-4.185,-0.341,-285.294,0.0371,-0.0151,0.9878,
26.582,IMU,244.7620,0.0000,122.3810,1.8749,0.0000,-701.191,-4.211,-0.311,-285.366,0.0815,0.0137,1.0024,
26.592,ENC,244.8029,0.0000,122.4014,2.0453,0.0000,-701.309,-4.211,-0.311,-285.366,0.0815,0.0137,1.0024,
26.602,IMU,244.8029,0.0000,122.4014,2.0453,0.0000,-701.309,-4.176,-0.393,-285.460,0.0625,-0.0347,0.9780,
26.612,ENC,244.8472,0.0000,122.4236,2.2158,0.0000,-701.436,-4.176,-0.393,-285.460,0.0625,-0.0347,0.9780,
26.623,IMU,244.8472,0.0000,122.4236,2.2158,0.0000,-701.436,-4.216,-0.315,-285.549,0.0684,0.0371,0.9604,
26.636,ENC,244.8932,0.0000,122.4466,2.3010,0.0000,-701.567,-4.216,-0.315,-285.549,0.0684,0.0371,0.9604,
26.646,IMU,244.8932,0.0000,122.4466,2.3010,0.0000,-701.567,-4.196,-0.341,-285.638,0.0786,0.0010,0.9683,
26.652,ENC,244.9324,0.0000,122.4662,1.9601,0.0000,-701.680,-4.196,-0.341,-285.638,0.0786,0.0010,0.9683,
26.665,IMU,244.9324,0.0000,122.4662,1.9601,0.0000,-701.680,-4.153,-0.394,-285.760,0.0776,-0.0093,0.9775,
26.674,ENC,244.9733,0.0000,122.4867,2.0453,0.0000,-701.797,-4.153,-0.394,-285.760,0.0776,-0.0093,0.9775,
26.684,IMU,244.9733,0.0000,122.4867,2.0453,0.0000,-701.797,-4.114,-0.442,-285.865,0.0557,-0.0190,0.9907,
26.693,ENC,245.0125,0.0000,122.5063,1.9601,0.0000,-701.909,-4.114,-0.442,-285.865,0.0557,-0.0190,0.9907,
26.702,IMU,245.0125,0.0000,122.5063,1.9601,0.0000,-701.909,-4.103,-0.419,-285.931,0.0825,-0.0059,1.0063,
26.713,ENC,245.0500,0.0000,122.5250,1.8749,0.0000,-702.017,-4.103,-0.419,-285.931,0.0825,-0.0059,1.0063,
26.722,IMU,245.0500,0.0000,122.5250,1.8749,0.0000,-702.017,-4.112,-0.427,-286.062,0.0894,-0.0063,1.0107,
26.735,ENC,245.1029,0.0000,122.5514,2.6419,0.0000,-702.168,-4.112,-0.427,-286.062,0.0894,-0.0063,1.0107,
26.742,IMU,245.1029,0.0000,122.5514,2.6419,0.0000,-702.168,-4.103,-0.408,-286.176,0.0435,-0.0200,0.9731,
26.752,ENC,245.1421,0.0000,122.5710,1.9601,0.0000,-702.280,-4.103,-0.408,-286.176,0.0435,-0.0200,0.9731,
26.762,IMU,245.1421,0.0000,122.5710,1.9601,0.0000,-702.280,-4.077,-0.419,-286.293,0.0537,0.0215,0.9692,
26.773,ENC,245.1898,0.0000,122.5949,2.3862,0.0000,-702.417,-4.077,-0.419,-286.293,0.0537,0.0215,0.9692,
26.783,IMU,245.1898,0.0000,122.5949,2.3862,0.0000,-702.417,-4.099,-0.477,-286.449,0.0503,-0.0210,0.9761,
26.793,ENC,245.2528,0.0000,122.6264,3.1532,0.0000,-702.598,-4.099,-0.477,-286.449,0.0503,-0.0210,0.9761,
26.802,IMU,245.2528,0.0000,122.6264,3.1532,0.0000,-702.598,-4.175,-0.526,-286.649,0.0918,-0.0435,0.9644,
26.812,ENC,245.3193,0.0000,122.6597,3.3236,0.0000,-702.788,-4.175,-0.526,-286.649,0.0918,-0.0435,0.9644,
26.824,IMU,245.3193,0.0000,122.6597,3.3236,0.0000,-702.788,-4.226,-0.556,-286.826,0.1123,-0.0239,0.9863,
26.832,ENC,245.3824,0.0000,122.6912,3.1532,0.0000,-702.969,-4.226,-0.556,-286.826,0.1123,-0.0239,0.9863,
26.842,IMU,245.3824,0.0000,122.6912,3.1532,0.0000,-702.969,-4.355,-0.501,-287.053,0.1616,0.0483,1.0112,
26.854,ENC,245.4659,0.0000,122.7330,4.1758,0.0000,-703.208,-4.355,-0.501,-287.053,0.1616,0.0483,1.0112,
26.863,IMU,245.4659,0.0000,122.7330,4.1758,0.0000,-703.208,-4.457,-0.466,-287.302,0.1372,0.0327,0.9355,
26.872,ENC,245.5579,0.0000,122.7790,4.6019,0.0000,-703.472,-4.457,-0.466,-287.302,0.1372,0.0327,0.9355,
26.883,IMU,245.5579,0.0000,122.7790,4.6019,0.0000,-703.472,-4.428,-0.502,-287.597,0.0503,-0.0073,1.0063,
26.892,ENC,245.6449,0.0000,122.8224,4.3463,0.0000,-703.721,-4.428,-0.502,-287.597,0.0503,-0.0073,1.0063,
26.903,IMU,245.6449,0.0000,122.8224,4.3463,0.0000,-703.721,-4.460,-0.466,-287.839,0.0737,0.0493,1.0088,
26.912,ENC,245.7386,0.0000,122.8693,4.6872,0.0000,-703.989,-4.460,-0.466,-287.839,0.0737,0.0493,1.0088,
26.922,IMU,245.7386,0.0000,122.8693,4.6872,0.0000,-703.989,-4.471,-0.471,-288.138,0.1006,0.0020,0.9619,
26.932,ENC,245.8306,0.0000,122.9153,4.6019,0.0000,-704.253,-4.471,-0.471,-288.138,0.1006,0.0020,0.9619,
26.944,IMU,245.8306,0.0000,122.9153,4.6019,0.0000,-704.253,-4.428,-0.573,-288.457,0.0503,-0.0229,0.9897,
26.952,ENC,245.9278,0.0000,122.9639,4.8576,0.0000,-704.531,-4.428,-0.573,-288.457,0.0503,-0.0229,0.9897,
26.962,IMU,245.9278,0.0000,122.9639,4.8576,0.0000,-704.531,-4.344,-0.541,-288.709,0.0063,0.0190,1.0879,
26.973,ENC,246.0215,0.0000,123.0108,4.6872,0.0000,-704.800,-4.344,-0.541,-288.709,0.0063,0.0190,1.0879,
26.982,IMU,246.0215,0.0000,123.0108,4.6872,0.0000,-704.800,-4.339,-0.497,-288.990,0.0713,0.0371,1.0220,
26.993,ENC,246.1221,0.0000,123.0611,5.0280,0.0000,-705.088,-4.339,-0.497,-288.990,0.0713,0.0371,1.0220,
27.003,IMU,246.1221,0.0000,123.0611,5.0280,0.0000,-705.088,-4.298,-0.632,-289.298,0.0532,-0.0601,0.9429,
27.012,ENC,246.2176,0.0000,123.1088,4.7724,0.0000,-705.361,-4.298,-0.632,-289.298,0.0532,-0.0601,0.9429,
27.023,IMU,246.2176,0.0000,123.1088,4.7724,0.0000,-705.361,-4.274,-0.614,-289.601,0.0332,0.0063,1.1421,
27.032,ENC,246.3096,0.0000,123.1548,4.6019,0.0000,-705.625,-4.274,-0.614,-289.601,0.0332,0.0063,1.1421,
27.053,ENC,246.3999,0.0000,123.2000,4.5167,0.0000,-705.884,-4.274,-0.614,-289.601,0.0332,0.0063,1.1421,
27.062,IMU,246.3999,0.0000,123.2000,4.5167,0.0000,-705.884,-4.232,-0.666,-290.286,0.0991,-0.0088,1.0435,
27.072,ENC,246.4920,0.0000,123.2460,4.6019,0.0000,-706.147,-4.232,-0.666,-290.286,0.0991,-0.0088,1.0435,
27.083,IMU,246.4920,0.0000,123.2460,4.6019,0.0000,-706.147,-4.228,-0.785,-290.602,0.0225,-0.0693,0.9673,
27.095,ENC,246.5840,0.0000,123.2920,4.6019,0.0000,-706.411,-4.228,-0.785,-290.602,0.0225,-0.0693,0.9673,
27.103,IMU,246.5840,0.0000,123.2920,4.6019,0.0000,-706.411,-4.237,-0.765,-290.858,0.0723,0.0435,1.0156,
27.112,ENC,246.6692,0.0000,123.3346,4.2611,0.0000,-706.655,-4.237,-0.765,-290.858,0.0723,0.0435,1.0156,
27.122,IMU,246.6692,0.0000,123.3346,4.2611,0.0000,-706.655,-4.343,-0.763,-291.211,0.1650,-0.0024,0.9121,
27.133,ENC,246.7647,0.0000,123.3823,4.7724,0.0000,-706.929,-4.343,-0.763,-291.211,0.1650,-0.0024,0.9121,
27.142,IMU,246.7647,0.0000,123.3823,4.7724,0.0000,-706.929,-4.334,-0.865,-291.568,0.0674,-0.0591,0.9473,
27.156,ENC,246.8584,0.0000,123.4292,4.6872,0.0000,-707.197,-4.334,-0.865,-291.568,0.0674,-0.0591,0.9473,
27.162,IMU,246.8584,0.0000,123.4292,4.6872,0.0000,-707.197,-4.300,-0.919,-291.876,0.0410,-0.0288,1.0332,
27.172,ENC,246.9556,0.0000,123.4778,4.8576,0.0000,-707.476,-4.300,-0.919,-291.876,0.0410,-0.0288,1.0332,
27.183,IMU,246.9556,0.0000,123.4778,4.8576,0.0000,-707.476,-4.254,-1.001,-292.156,0.0239,-0.0542,1.0034,
27.192,ENC,247.0578,0.0000,123.5289,5.1133,0.0000,-707.769,-4.254,-1.001,-292.156,0.0239,-0.0542,1.0034,
27.205,IMU,247.0578,0.0000,123.5289,5.1133,0.0000,-707.769,-4.316,-1.016,-292.464,0.1045,-0.0181,0.9556,
27.212,ENC,247.1601,0.0000,123.5800,5.1133,0.0000,-708.062,-4.316,-1.016,-292.464,0.1045,-0.0181,0.9556,
27.222,IMU,247.1601,0.0000,123.5800,5.1133,0.0000,-708.062,-4.233,-1.034,-292.839,0.0078,0.0264,1.0679,
27.232,ENC,247.2624,0.0000,123.6312,5.1133,0.0000,-708.354,-4.233,-1.034,-292.839,0.0078,0.0264,1.0679,
27.242,IMU,247.2624,0.0000,123.6312,5.1133,0.0000,-708.354,-4.261,-1.086,-293.153,0.0532,-0.0552,0.9512,
27.252,ENC,247.3646,0.0000,123.6823,5.1133,0.0000,-708.647,-4.261,-1.086,-293.153,0.0532,-0.0552,0.9512,
27.263,IMU,247.3646,0.0000,123.6823,5.1133,0.0000,-708.647,-4.224,-1.196,-293.512,0.0327,-0.0610,0.9878,
27.273,ENC,247.4720,0.0000,123.7360,5.3689,0.0000,-708.955,-4.224,-1.196,-293.512,0.0327,-0.0610,0.9878,
27.286,IMU,247.4720,0.0000,123.7360,5.3689,0.0000,-708.955,-4.278,-1.301,-293.863,0.1226,-0.0601,0.9531,
27.292,ENC,247.5675,0.0000,123.7837,4.7724,0.0000,-709.229,-4.278,-1.301,-293.863,0.1226,-0.0601,0.9531,
27.302,IMU,247.5675,0.0000,123.7837,4.7724,0.0000,-709.229,-4.281,-1.243,-294.163,0.1011,0.0410,0.9834,
27.313,ENC,247.6663,0.0000,123.8332,4.9428,0.0000,-709.512,-4.281,-1.243,-294.163,0.1011,0.0410,0.9834,
27.322,IMU,247.6663,0.0000,123.8332,4.9428,0.0000,-709.512,-4.302,-1.244,-294.493,0.0586,0.0122,0.9854,
27.332,ENC,247.7652,0.0000,123.8826,4.9428,0.0000,-709.795,-4.302,-1.244,-294.493,0.0586,0.0122,0.9854,
27.356,ENC,247.8385,0.0000,123.9192,3.6645,0.0000,-710.005,-4.302,-1.244,-294.493,0.0586,0.0122,0.9854,
27.364,IMU,247.8385,0.0000,123.9192,3.6645,0.0000,-710.005,-4.059,-1.366,-294.788,-0.1865,-0.0825,1.0737,
27.373,ENC,247.8743,0.0000,123.9371,1.7896,0.0000,-710.107,-4.059,-1.366,-294.788,-0.1865,-0.0825,1.0737,
27.383,IMU,247.8743,0.0000,123.9371,1.7896,0.0000,-710.107,-4.000,-1.299,-294.865,-0.0093,0.0049,1.0259,
27.392,ENC,247.9015,0.0000,123.9508,1.3635,0.0000,-710.186,-4.000,-1.299,-294.865,-0.0093,0.0049,1.0259,
27.403,IMU,247.9015,0.0000,123.9508,1.3635,0.0000,-710.186,-4.142,-1.236,-294.964,0.1553,0.0166,1.0254,
27.412,ENC,247.9288,0.0000,123.9644,1.3635,0.0000,-710.264,-4.142,-1.236,-294.964,0.1553,0.0166,1.0254,
27.423,IMU,247.9288,0.0000,123.9644,1.3635,0.0000,-710.264,-4.182,-1.286,-295.103,0.0762,-0.0322,0.9355,
27.433,ENC,247.9629,0.0000,123.9814,1.7044,0.0000,-710.361,-4.182,-1.286,-295.103,0.0762,-0.0322,0.9355,
27.443,IMU,247.9629,0.0000,123.9814,1.7044,0.0000,-710.361,-4.170,-1.387,-295.312,0.0234,-0.0234,0.9976,
27.452,ENC,248.0089,0.0000,124.0045,2.3010,0.0000,-710.493,-4.170,-1.387,-295.312,0.0234,-0.0234,0.9976,
27.465,IMU,248.0089,0.0000,124.0045,2.3010,0.0000,-710.493,-4.088,-1.498,-295.488,0.0049,-0.1021,0.9653,
27.472,ENC,248.0583,0.0000,124.0292,2.4714,0.0000,-710.635,-4.088,-1.498,-295.488,0.0049,-0.1021,0.9653,
27.484,IMU,248.0583,0.0000,124.0292,2.4714,0.0000,-710.635,-4.087,-1.624,-295.695,0.0840,-0.1084,1.0234,
27.493,ENC,248.1180,0.0000,124.0590,2.9827,0.0000,-710.806,-4.087,-1.624,-295.695,0.0840,-0.1084,1.0234,
27.503,IMU,248.1180,0.0000,124.0590,2.9827,0.0000,-710.806,-4.228,-1.677,-295.820,0.1484,-0.1030,0.9766,
27.517,ENC,248.1828,0.0000,124.0914,3.2384,0.0000,-710.991,-4.228,-1.677,-295.820,0.1484,-0.1030,0.9766,
27.525,IMU,248.1828,0.0000,124.0914,3.2384,0.0000,-710.991,-4.193,-1.729,-295.989,0.0786,-0.0508,0.9790,
27.533,ENC,248.2560,0.0000,124.1280,3.6645,0.0000,-711.201,-4.193,-1.729,-295.989,0.0786,-0.0508,0.9790,
27.542,IMU,248.2560,0.0000,124.1280,3.6645,0.0000,-711.201,-4.152,-1.850,-296.110,0.0254,-0.0811,1.0811,
27.552,ENC,248.3379,0.0000,124.1689,4.0906,0.0000,-711.436,-4.152,-1.850,-296.110,0.0254,-0.0811,1.0811,
27.563,IMU,248.3379,0.0000,124.1689,4.0906,0.0000,-711.436,-4.200,-1.961,-296.226,0.0552,-0.1084,1.0312,
27.572,ENC,248.4265,0.0000,124.2132,4.4315,0.0000,-711.689,-4.200,-1.961,-296.226,0.0552,-0.1084,1.0312,
27.585,IMU,248.4265,0.0000,124.2132,4.4315,0.0000,-711.689,-4.285,-1.913,-296.373,0.1401,-0.0054,1.0024,
27.592,ENC,248.5202,0.0000,124.2601,4.6872,0.0000,-711.958,-4.285,-1.913,-296.373,0.1401,-0.0054,1.0024,
27.606,IMU,248.5202,0.0000,124.2601,4.6872,0.0000,-711.958,-4.224,-1.997,-296.492,0.0127,-0.0723,0.9219,
27.613,ENC,248.6242,0.0000,124.3121,5.1985,0.0000,-712.256,-4.224,-1.997,-296.492,0.0127,-0.0723,0.9219,
27.623,IMU,248.6242,0.0000,124.3121,5.1985,0.0000,-712.256,-4.197,-1.942,-296.664,0.0479,0.0278,0.9268,
27.632,ENC,248.7367,0.0000,124.3683,5.6246,0.0000,-712.578,-4.197,-1.942,-296.664,0.0479,0.0278,0.9268,
27.642,IMU,248.7367,0.0000,124.3683,5.6246,0.0000,-712.578,-4.195,-1.857,-296.743,0.0874,-0.0054,0.9810,
27.652,ENC,248.8390,0.0000,124.4195,5.1133,0.0000,-712.871,-4.195,-1.857,-296.743,0.0874,-0.0054,0.9810,
27.662,IMU,248.8390,0.0000,124.4195,5.1133,0.0000,-712.871,-4.147,-1.778,-296.788,0.0518,0.0396,1.0107,
27.672,ENC,248.9327,0.0000,124.4663,4.6872,0.0000,-713.140,-4.147,-1.778,-296.788,0.0518,0.0396,1.0107,
27.682,IMU,248.9327,0.0000,124.4663,4.6872,0.0000,-713.140,-4.144,-1.794,-296.730,0.0908,-0.0186,0.9160,
27.692,ENC,249.0196,0.0000,124.5098,4.3463,0.0000,-713.389,-4.144,-1.794,-296.730,0.0908,-0.0186,0.9160,
27.704,IMU,249.0196,0.0000,124.5098,4.3463,0.0000,-713.389,-4.106,-1.922,-296.654,0.0225,-0.0786,1.0518,
27.713,ENC,249.1083,0.0000,124.5541,4.4315,0.0000,-713.643,-4.106,-1.922,-296.654,0.0225,-0.0786,1.0518,
27.722,IMU,249.1083,0.0000,124.5541,4.4315,0.0000,-713.643,-4.116,-2.006,-296.510,0.0610,-0.1113,0.9736,
27.732,ENC,249.2003,0.0000,124.6001,4.6019,0.0000,-713.906,-4.116,-2.006,-296.510,0.0610,-0.1113,0.9736,
27.744,IMU,249.2003,0.0000,124.6001,4.6019,0.0000,-713.906,-4.126,-2.087,-296.454,0.0762,-0.0981,1.0601,
27.753,ENC,249.3077,0.0000,124.6538,5.3689,0.0000,-714.214,-4.126,-2.087,-296.454,0.0762,-0.0981,1.0601,
27.763,IMU,249.3077,0.0000,124.6538,5.3689,0.0000,-714.214,-4.213,-2.069,-296.397,0.1143,-0.0205,1.0732,
27.772,ENC,249.4202,0.0000,124.7101,5.6246,0.0000,-714.536,-4.213,-2.069,-296.397,0.1143,-0.0205,1.0732,
27.782,IMU,249.4202,0.0000,124.7101,5.6246,0.0000,-714.536,-4.202,-2.141,-296.374,0.0488,-0.0854,0.9507,
27.792,ENC,249.5446,0.0000,124.7723,6.2211,0.0000,-714.893,-4.202,-2.141,-296.374,0.0488,-0.0854,0.9507,
27.804,IMU,249.5446,0.0000,124.7723,6.2211,0.0000,-714.893,-4.207,-2.078,-296.285,0.0879,-0.0176,0.9717,
27.812,ENC,249.6656,0.0000,124.8328,6.0507,0.0000,-715.239,-4.207,-2.078,-296.285,0.0879,-0.0176,0.9717,
27.822,IMU,249.6656,0.0000,124.8328,6.0507,0.0000,-715.239,-4.179,-2.000,-296.180,0.0259,0.0356,1.0215,
27.833,ENC,249.7866,0.0000,124.8933,6.0507,0.0000,-715.586,-4.179,-2.000,-296.180,0.0259,0.0356,1.0215,
27.842,IMU,249.7866,0.0000,124.8933,6.0507,0.0000,-715.586,-4.119,-1.895,-296.086,0.0039,0.0347,0.9790,
27.852,ENC,249.8991,0.0000,124.9496,5.6246,0.0000,-715.908,-4.119,-1.895,-296.086,0.0039,0.0347,0.9790,
27.862,IMU,249.8991,0.0000,124.9496,5.6246,0.0000,-715.908,-4.120,-1.810,-295.931,0.0464,0.0229,1.0151,
27.872,ENC,250.0116,0.0000,125.0058,5.6246,0.0000,-716.230,-4.120,-1.810,-295.931,0.0464,0.0229,1.0151,
27.884,IMU,250.0116,0.0000,125.0058,5.6246,0.0000,-716.230,-4.109,-1.702,-295.819,0.0669,0.0474,1.0493,
27.893,ENC,250.1241,0.0000,125.0620,5.6246,0.0000,-716.553,-4.109,-1.702,-295.819,0.0669,0.0474,1.0493,
27.902,IMU,250.1241,0.0000,125.0620,5.6246,0.0000,-716.553,-4.243,-1.615,-295.792,0.1758,-0.0005,0.9346,
27.912,ENC,250.2349,0.0000,125.1174,5.5394,0.0000,-716.870,-4.243,-1.615,-295.792,0.1758,-0.0005,0.9346,
27.925,IMU,250.2349,0.0000,125.1174,5.5394,0.0000,-716.870,-4.205,-1.783,-295.669,0.0674,-0.1694,0.9307,
27.935,ENC,250.3593,0.0000,125.1796,6.2211,0.0000,-717.227,-4.205,-1.783,-295.669,0.0674,-0.1694,0.9307,
27.945,IMU,250.3593,0.0000,125.1796,6.2211,0.0000,-717.227,-4.168,-1.763,-295.549,0.0571,-0.0459,0.9189,
27.954,ENC,250.4837,0.0000,125.2419,6.2211,0.0000,-717.583,-4.168,-1.763,-295.549,0.0571,-0.0459,0.9189,
27.962,IMU,250.4837,0.0000,125.2419,6.2211,0.0000,-717.583,-4.245,-1.682,-295.494,0.1143,0.0234,1.0356,
27.977,ENC,250.6116,0.0000,125.3058,6.3916,0.0000,-717.949,-4.245,-1.682,-295.494,0.1143,0.0234,1.0356,
27.983,IMU,250.6116,0.0000,125.3058,6.3916,0.0000,-717.949,-4.280,-1.743,-295.423,0.0728,-0.1289,1.0088,
27.995,ENC,250.7564,0.0000,125.3782,7.2438,0.0000,-718.364,-4.280,-1.743,-295.423,0.0728,-0.1289,1.0088,
28.002,IMU,250.7564,0.0000,125.3782,7.2438,0.0000,-718.364,-4.274,-1.725,-295.348,0.0693,-0.0186,1.0947,
28.015,ENC,250.8894,0.0000,125.4447,6.6473,0.0000,-718.745,-4.274,-1.725,-295.348,0.0693,-0.0186,1.0947,
28.022,IMU,250.8894,0.0000,125.4447,6.6473,0.0000,-718.745,-4.307,-1.830,-295.179,0.0698,-0.1211,1.0439,
28.033,ENC,251.0189,0.0000,125.5095,6.4768,0.0000,-719.116,-4.307,-1.830,-295.179,0.0698,-0.1211,1.0439,
28.044,IMU,251.0189,0.0000,125.5095,6.4768,0.0000,-719.116,-4.190,-1.931,-295.017,-0.1187,-0.1479,1.1802,
28.052,ENC,251.1433,0.0000,125.5717,6.2211,0.0000,-719.473,-4.190,-1.931,-295.017,-0.1187,-0.1479,1.1802,
28.072,ENC,251.2643,0.0000,125.6322,6.0507,0.0000,-719.819,-4.190,-1.931,-295.017,-0.1187,-0.1479,1.1802,
28.083,IMU,251.2643,0.0000,125.6322,6.0507,0.0000,-719.819,-4.215,-1.985,-294.792,0.0298,-0.0190,1.0801,
28.110,IMU,251.2643,0.0000,125.6322,6.0507,0.0000,-719.819,-4.257,-1.944,-294.715,0.1978,-0.0107,0.9136,
28.111,ENC,251.3956,0.0000,125.6978,6.5620,0.0000,-720.195,-4.257,-1.944,-294.715,0.1978,-0.0107,0.9136,
28.116,ENC,251.5336,0.0000,125.7668,6.9029,0.0000,-720.591,-4.257,-1.944,-294.715,0.1978,-0.0107,0.9136,
28.132,ENC,251.6666,0.0000,125.8333,6.6473,0.0000,-720.972,-4.257,-1.944,-294.715,0.1978,-0.0107,0.9136,
28.152,ENC,251.7995,0.0000,125.8998,6.6473,0.0000,-721.353,-4.257,-1.944,-294.715,0.1978,-0.0107,0.9136,
28.162,IMU,251.7995,0.0000,125.8998,6.6473,0.0000,-721.353,-4.347,-1.864,-294.551,0.0479,0.0483,1.1045,
28.174,ENC,251.9291,0.0000,125.9645,6.4768,0.0000,-721.724,-4.347,-1.864,-294.551,0.0479,0.0483,1.1045,
28.182,IMU,251.9291,0.0000,125.9645,6.4768,0.0000,-721.724,-4.270,-1.867,-294.427,0.0894,-0.0352,0.9028,
28.192,ENC,252.0058,0.0000,126.0029,3.8350,0.0000,-721.943,-4.270,-1.867,-294.427,0.0894,-0.0352,0.9028,
28.213,ENC,252.0535,0.0000,126.0267,2.3862,0.0000,-722.080,-4.270,-1.867,-294.427,0.0894,-0.0352,0.9028,
28.222,IMU,252.0535,0.0000,126.0267,2.3862,0.0000,-722.080,-4.139,-1.768,-293.852,-0.0640,0.0483,1.0845,
28.232,ENC,252.0825,0.0000,126.0412,1.4488,0.0000,-722.163,-4.139,-1.768,-293.852,-0.0640,0.0483,1.0845,
28.242,IMU,252.0825,0.0000,126.0412,1.4488,0.0000,-722.163,-4.127,-1.755,-293.567,-0.0010,-0.0278,1.0083,
28.252,ENC,252.1080,0.0000,126.0540,1.2783,0.0000,-722.236,-4.127,-1.755,-293.567,-0.0010,-0.0278,1.0083,
28.262,IMU,252.1080,0.0000,126.0540,1.2783,0.0000,-722.236,-4.036,-1.636,-293.293,0.0439,0.0581,0.9795,
28.272,ENC,252.1200,0.0000,126.0600,0.5965,0.0000,-722.271,-4.036,-1.636,-293.293,0.0439,0.0581,0.9795,
28.283,IMU,252.1200,0.0000,126.0600,0.5965,0.0000,-722.271,-3.990,-1.563,-293.028,0.0601,0.0840,0.9644,
28.292,ENC,252.1506,0.2045,126.1776,1.5340,10.2265,-721.772,-3.990,-1.563,-293.028,0.0601,0.0840,0.9644,
28.302,IMU,252.1506,0.2045,126.1776,1.5340,10.2265,-721.772,-3.951,-1.419,-292.823,-0.0122,0.1226,1.2314,
28.314,ENC,252.1677,0.0000,126.0838,0.8522,-10.2265,-722.407,-3.951,-1.419,-292.823,-0.0122,0.1226,1.2314,
28.323,IMU,252.1677,0.0000,126.0838,0.8522,-10.2265,-722.407,-3.975,-1.321,-292.577,0.0742,0.0532,1.0205,
28.333,ENC,252.1984,0.0000,126.0992,1.5340,0.0000,-722.495,-3.975,-1.321,-292.577,0.0742,0.0532,1.0205,
28.343,IMU,252.1984,0.0000,126.0992,1.5340,0.0000,-722.495,-4.157,-1.423,-292.368,0.2437,-0.0879,0.8652,
28.352,ENC,252.2103,0.0000,126.1052,0.5965,0.0000,-722.529,-4.157,-1.423,-292.368,0.2437,-0.0879,0.8652,
28.372,ENC,252.2393,0.0000,126.1196,1.4488,0.0000,-722.612,-4.157,-1.423,-292.368,0.2437,-0.0879,0.8652,
28.386,IMU,252.2393,0.0000,126.1196,1.4488,0.0000,-722.612,-4.145,-1.288,-291.910,-0.0132,0.1562,1.1528,
28.392,ENC,252.2563,0.0000,126.1282,0.8522,0.0000,-722.661,-4.145,-1.288,-291.910,-0.0132,0.1562,1.1528,
28.403,IMU,252.2563,0.0000,126.1282,0.8522,0.0000,-722.661,-4.151,-1.308,-291.666,0.0889,-0.0703,0.8706,
28.412,ENC,252.2870,0.0000,126.1435,1.5340,0.0000,-722.749,-4.151,-1.308,-291.666,0.0889,-0.0703,0.8706,
28.422,IMU,252.2870,0.0000,126.1435,1.5340,0.0000,-722.749,-4.219,-1.435,-291.389,0.0986,-0.1323,1.0151,
28.432,ENC,252.3058,0.0000,126.1529,0.9374,0.0000,-722.803,-4.219,-1.435,-291.389,0.0986,-0.1323,1.0151,
28.446,IMU,252.3058,0.0000,126.1529,0.9374,0.0000,-722.803,-4.340,-1.638,-291.150,0.1650,-0.1836,0.9370,
28.462,IMU,252.3058,0.0000,126.1529,0.9374,0.0000,-722.803,-4.280,-1.542,-290.912,0.0815,0.0767,0.9907,
28.472,ENC,252.3535,0.0000,126.1767,1.1931,0.0000,-722.939,-4.280,-1.542,-290.912,0.0815,0.0767,0.9907,
28.482,IMU,252.3535,0.0000,126.1767,1.1931,0.0000,-722.939,-4.213,-1.502,-290.724,-0.0063,0.0083,1.1240,
28.492,ENC,252.3825,0.0000,126.1912,1.4488,0.0000,-723.022,-4.213,-1.502,-290.724,-0.0063,0.0083,1.1240,
28.503,IMU,252.3825,0.0000,126.1912,1.4488,0.0000,-723.022,-4.092,-1.511,-290.458,-0.0020,-0.0728,0.9268,
28.516,ENC,252.3944,0.0000,126.1972,0.5965,0.0000,-723.057,-4.092,-1.511,-290.458,-0.0020,-0.0728,0.9268,
28.522,IMU,252.3944,0.0000,126.1972,0.5965,0.0000,-723.057,-4.245,-1.554,-290.195,0.1895,-0.0815,0.8301,
28.532,ENC,252.4234,0.0000,126.2117,1.4488,0.0000,-723.140,-4.245,-1.554,-290.195,0.1895,-0.0815,0.8301,
28.542,IMU,252.4234,0.0000,126.2117,1.4488,0.0000,-723.140,-4.440,-1.508,-289.961,0.1943,-0.0215,0.8071,
28.552,ENC,252.4404,0.0000,126.2202,0.8522,0.0000,-723.188,-4.440,-1.508,-289.961,0.1943,-0.0215,0.8071,
28.564,IMU,252.4404,0.0000,126.2202,0.8522,0.0000,-723.188,-4.667,-1.567,-289.654,0.2026,-0.1064,0.7104,
28.572,ENC,252.4694,0.0000,126.2347,1.4488,0.0000,-723.271,-4.667,-1.567,-289.654,0.2026,-0.1064,0.7104,
28.582,IMU,252.4694,0.0000,126.2347,1.4488,0.0000,-723.271,-4.770,-1.559,-289.331,0.1387,-0.0132,0.9458,
28.595,ENC,252.4864,0.0000,126.2432,0.8522,0.0000,-723.320,-4.770,-1.559,-289.331,0.1387,-0.0132,0.9458,
28.602,IMU,252.4864,0.0000,126.2432,0.8522,0.0000,-723.320,-4.984,-1.539,-289.087,0.2246,0.0015,0.6704,
28.618,ENC,252.5120,0.0000,126.2560,1.2783,0.0000,-723.394,-4.984,-1.539,-289.087,0.2246,0.0015,0.6704,
28.623,IMU,252.5120,0.0000,126.2560,1.2783,0.0000,-723.394,-5.086,-1.591,-288.841,0.1582,-0.0933,0.7422,
28.632,ENC,252.5290,0.0000,126.2645,0.8522,0.0000,-723.442,-5.086,-1.591,-288.841,0.1582,-0.0933,0.7422,
28.642,IMU,252.5290,0.0000,126.2645,0.8522,0.0000,-723.442,-5.108,-1.474,-288.576,0.1255,0.0522,0.8047,
28.653,ENC,252.5495,0.0000,126.2747,1.0227,0.0000,-723.501,-5.108,-1.474,-288.576,0.1255,0.0522,0.8047,
28.662,IMU,252.5495,0.0000,126.2747,1.0227,0.0000,-723.501,-5.172,-1.326,-288.266,0.1548,0.0991,1.0645,
28.673,ENC,252.5768,0.0000,126.2884,1.3635,0.0000,-723.579,-5.172,-1.326,-288.266,0.1548,0.0991,1.0645,
28.682,IMU,252.5768,0.0000,126.2884,1.3635,0.0000,-723.579,-5.199,-1.241,-288.004,0.0903,0.0542,0.9336,
28.692,ENC,252.6006,0.0000,126.3003,1.1931,0.0000,-723.647,-5.199,-1.241,-288.004,0.0903,0.0542,0.9336,
28.704,IMU,252.6006,0.0000,126.3003,1.1931,0.0000,-723.647,-5.172,-1.280,-287.737,0.0068,-0.0532,1.1455,
28.712,ENC,252.6296,0.0000,126.3148,1.4488,0.0000,-723.730,-5.172,-1.280,-287.737,0.0068,-0.0532,1.1455,
28.722,IMU,252.6296,0.0000,126.3148,1.4488,0.0000,-723.730,-5.099,-1.087,-287.454,0.0474,0.1450,1.0044,
28.732,ENC,252.6517,0.0000,126.3259,1.1079,0.0000,-723.794,-5.099,-1.087,-287.454,0.0474,0.1450,1.0044,
28.743,IMU,252.6517,0.0000,126.3259,1.1079,0.0000,-723.794,-5.052,-1.221,-287.182,0.1074,-0.1460,0.9614,
28.754,ENC,252.6756,0.0000,126.3378,1.1931,0.0000,-723.862,-5.052,-1.221,-287.182,0.1074,-0.1460,0.9614,
28.764,IMU,252.6756,0.0000,126.3378,1.1931,0.0000,-723.862,-4.823,-1.103,-286.967,-0.0854,0.0796,1.0874,
28.773,ENC,252.6961,0.0000,126.3480,1.0227,0.0000,-723.921,-4.823,-1.103,-286.967,-0.0854,0.0796,1.0874,
28.782,IMU,252.6961,0.0000,126.3480,1.0227,0.0000,-723.921,-4.761,-1.082,-286.665,-0.0083,-0.0127,1.1475,
28.794,ENC,252.7216,0.0000,126.3608,1.2783,0.0000,-723.994,-4.761,-1.082,-286.665,-0.0083,-0.0127,1.1475,
28.802,IMU,252.7216,0.0000,126.3608,1.2783,0.0000,-723.994,-4.733,-1.204,-286.428,0.0376,-0.1460,1.0630,
28.813,ENC,252.7489,0.0000,126.3745,1.3635,0.0000,-724.072,-4.733,-1.204,-286.428,0.0376,-0.1460,1.0630,
28.823,IMU,252.7489,0.0000,126.3745,1.3635,0.0000,-724.072,-4.747,-1.358,-286.177,0.0669,-0.1929,1.0322,
28.833,ENC,252.7745,0.0000,126.3872,1.2783,0.0000,-724.146,-4.747,-1.358,-286.177,0.0669,-0.1929,1.0322,
28.843,IMU,252.7745,0.0000,126.3872,1.2783,0.0000,-724.146,-4.619,-1.482,-285.949,-0.0776,-0.1304,1.1128,
28.853,ENC,252.7966,0.0000,126.3983,1.1079,0.0000,-724.209,-4.619,-1.482,-285.949,-0.0776,-0.1304,1.1128,
28.863,IMU,252.7966,0.0000,126.3983,1.1079,0.0000,-724.209,-4.718,-1.333,-285.687,0.1445,0.0894,0.9521,
28.872,ENC,252.8171,0.0000,126.4085,1.0227,0.0000,-724.268,-4.718,-1.333,-285.687,0.1445,0.0894,0.9521,
28.882,IMU,252.8171,0.0000,126.4085,1.0227,0.0000,-724.268,-4.680,-1.261,-285.447,0.0376,0.0010,1.0166,
28.892,ENC,252.8409,0.0000,126.4205,1.1931,0.0000,-724.336,-4.680,-1.261,-285.447,0.0376,0.0010,1.0166,
28.902,IMU,252.8409,0.0000,126.4205,1.1931,0.0000,-724.336,-4.865,-1.139,-285.140,0.2168,0.0317,0.7729,
28.912,ENC,252.8665,0.0000,126.4333,1.2783,0.0000,-724.409,-4.865,-1.139,-285.140,0.2168,0.0317,0.7729,
28.925,IMU,252.8665,0.0000,126.4333,1.2783,0.0000,-724.409,-4.836,-1.060,-284.829,0.0630,0.0146,0.9512,
28.933,ENC,252.8870,0.0000,126.4435,1.0227,0.0000,-724.468,-4.836,-1.060,-284.829,0.0630,0.0146,0.9512,
28.942,IMU,252.8870,0.0000,126.4435,1.0227,0.0000,-724.468,-4.873,-0.944,-284.555,0.1484,0.0396,0.9170,
28.952,ENC,252.9125,0.0000,126.4563,1.2783,0.0000,-724.541,-4.873,-0.944,-284.555,0.1484,0.0396,0.9170,
28.962,IMU,252.9125,0.0000,126.4563,1.2783,0.0000,-724.541,-4.830,-0.870,-284.311,0.1118,0.0146,1.0327,
28.972,ENC,252.9313,0.0000,126.4656,0.9374,0.0000,-724.595,-4.830,-0.870,-284.311,0.1118,0.0146,1.0327,
28.982,IMU,252.9313,0.0000,126.4656,0.9374,0.0000,-724.595,-4.834,-0.742,-284.036,0.1357,0.0776,1.0649,
28.993,ENC,252.9568,0.0000,126.4784,1.2783,0.0000,-724.668,-4.834,-0.742,-284.036,0.1357,0.0776,1.0649,
29.003,IMU,252.9568,0.0000,126.4784,1.2783,0.0000,-724.668,-4.955,-0.664,-283.773,0.1523,-0.0034,0.8716,
29.012,ENC,252.9807,0.0000,126.4904,1.1931,0.0000,-724.736,-4.955,-0.664,-283.773,0.1523,-0.0034,0.8716,
29.022,IMU,252.9807,0.0000,126.4904,1.1931,0.0000,-724.736,-5.086,-0.725,-283.515,0.2119,-0.0869,0.7583,
29.033,ENC,253.0233,0.0000,126.5117,2.1305,0.0000,-724.858,-5.086,-0.725,-283.515,0.2119,-0.0869,0.7583,
29.043,IMU,253.0233,0.0000,126.5117,2.1305,0.0000,-724.858,-5.114,-0.676,-283.228,0.1196,-0.0068,0.8838,
29.052,ENC,253.0693,0.0000,126.5347,2.3010,0.0000,-724.990,-5.114,-0.676,-283.228,0.1196,-0.0068,0.8838,
29.062,IMU,253.0693,0.0000,126.5347,2.3010,0.0000,-724.990,-5.107,-0.829,-282.991,0.0806,-0.1704,0.9531,
29.072,ENC,253.1171,0.0000,126.5585,2.3862,0.0000,-725.127,-5.107,-0.829,-282.991,0.0806,-0.1704,0.9531,
29.083,IMU,253.1171,0.0000,126.5585,2.3862,0.0000,-725.127,-5.207,-0.756,-282.790,0.1792,0.0044,0.9209,
29.093,ENC,253.1631,0.0000,126.5815,2.3010,0.0000,-725.259,-5.207,-0.756,-282.790,0.1792,0.0044,0.9209,
29.103,IMU,253.1631,0.0000,126.5815,2.3010,0.0000,-725.259,-5.308,-0.928,-282.543,0.1484,-0.1655,0.8452,
29.113,ENC,253.2142,0.0000,126.6071,2.5566,0.0000,-725.405,-5.308,-0.928,-282.543,0.1484,-0.1655,0.8452,
29.122,IMU,253.2142,0.0000,126.6071,2.5566,0.0000,-725.405,-5.214,-0.996,-282.271,-0.0444,-0.0342,1.1113,
29.132,ENC,253.2653,0.0000,126.6327,2.5566,0.0000,-725.552,-5.214,-0.996,-282.271,-0.0444,-0.0342,1.1113,
29.145,IMU,253.2653,0.0000,126.6327,2.5566,0.0000,-725.552,-5.164,-0.957,-282.038,0.0371,0.0303,1.0093,
29.153,ENC,253.3284,0.0000,126.6642,3.1532,0.0000,-725.732,-5.164,-0.957,-282.038,0.0371,0.0303,1.0093,
29.163,IMU,253.3284,0.0000,126.6642,3.1532,0.0000,-725.732,-5.170,-0.950,-281.865,0.0767,-0.0503,0.9521,
29.173,ENC,253.4068,0.0000,126.7034,3.9202,0.0000,-725.957,-5.170,-0.950,-281.865,0.0767,-0.0503,0.9521,
29.182,IMU,253.4068,0.0000,126.7034,3.9202,0.0000,-725.957,-5.304,-0.811,-281.725,0.1665,0.0898,0.9600,
29.192,ENC,253.5125,0.0000,126.7562,5.2837,0.0000,-726.260,-5.304,-0.811,-281.725,0.1665,0.0898,0.9600,
29.212,ENC,253.6676,0.0000,126.8338,7.7551,0.0000,-726.704,-5.304,-0.811,-281.725,0.1665,0.0898,0.9600,
29.222,IMU,253.6676,0.0000,126.8338,7.7551,0.0000,-726.704,-5.392,-0.879,-281.823,0.1353,-0.1177,1.0479,
29.244,IMU,253.6676,0.0000,126.8338,7.7551,0.0000,-726.704,-5.289,-0.840,-281.952,0.0161,0.0547,0.9824,
29.262,IMU,253.6676,0.0000,126.8338,7.7551,0.0000,-726.704,-5.187,-0.811,-282.040,0.0254,0.0166,0.9966,
29.272,ENC,254.1670,0.0000,127.0835,8.3233,0.0000,-728.135,-5.187,-0.811,-282.040,0.0254,0.0166,0.9966,
29.282,IMU,254.1670,0.0000,127.0835,8.3233,0.0000,-728.135,-5.007,-0.782,-282.152,-0.0688,0.0249,1.1021,
29.293,ENC,254.3511,0.0000,127.1755,9.2039,0.0000,-728.662,-5.007,-0.782,-282.152,-0.0688,0.0249,1.1021,
29.302,IMU,254.3511,0.0000,127.1755,9.2039,0.0000,-728.662,-4.945,-0.777,-282.178,0.0200,-0.0210,1.0522,
29.312,ENC,254.5130,0.0000,127.2565,8.0960,0.0000,-729.126,-4.945,-0.777,-282.178,0.0200,-0.0210,1.0522,
29.322,IMU,254.5130,0.0000,127.2565,8.0960,0.0000,-729.126,-4.897,-0.827,-282.185,0.0449,-0.0259,0.9316,
29.333,ENC,254.6749,0.0000,127.3374,8.0960,0.0000,-729.590,-4.897,-0.827,-282.185,0.0449,-0.0259,0.9316,
29.342,IMU,254.6749,0.0000,127.3374,8.0960,0.0000,-729.590,-4.890,-0.801,-282.159,0.1313,0.0049,0.9072,
29.352,ENC,254.8334,-0.2182,127.3076,7.9256,-10.9083,-730.669,-4.890,-0.801,-282.159,0.1313,0.0049,0.9072,
29.362,IMU,254.8334,-0.2182,127.3076,7.9256,-10.9083,-730.669,-4.894,-0.742,-282.162,0.0723,0.0439,0.9360,
29.372,ENC,254.9885,0.0000,127.4943,7.7551,10.9083,-730.488,-4.894,-0.742,-282.162,0.0723,0.0439,0.9360,
29.382,IMU,254.9885,0.0000,127.4943,7.7551,10.9083,-730.488,-4.880,-0.792,-282.186,0.0693,-0.0044,0.9312,
29.392,ENC,255.1538,0.0000,127.5769,8.2665,0.0000,-730.962,-4.880,-0.792,-282.186,0.0693,-0.0044,0.9312,
29.404,IMU,255.1538,0.0000,127.5769,8.2665,0.0000,-730.962,-4.830,-0.893,-282.263,0.0244,-0.0337,1.0049,
29.413,ENC,255.3209,0.0000,127.6604,8.3517,0.0000,-731.440,-4.830,-0.893,-282.263,0.0244,-0.0337,1.0049,
29.424,IMU,255.3209,0.0000,127.6604,8.3517,0.0000,-731.440,-4.790,-0.973,-282.467,0.0439,-0.0762,1.1479,
29.432,ENC,255.4896,0.0000,127.7448,8.4369,0.0000,-731.924,-4.790,-0.973,-282.467,0.0439,-0.0762,1.1479,
29.445,IMU,255.4896,0.0000,127.7448,8.4369,0.0000,-731.924,-4.725,-1.011,-282.551,0.0894,-0.0669,0.9375,
29.452,ENC,255.6481,0.0000,127.8241,7.9256,0.0000,-732.378,-4.725,-1.011,-282.551,0.0894,-0.0669,0.9375,
29.462,IMU,255.6481,0.0000,127.8241,7.9256,0.0000,-732.378,-4.822,-0.985,-282.616,0.1724,-0.0156,0.9712,
29.473,ENC,255.8117,0.0000,127.9059,8.1812,0.0000,-732.847,-4.822,-0.985,-282.616,0.1724,-0.0156,0.9712,
29.482,IMU,255.8117,0.0000,127.9059,8.1812,0.0000,-732.847,-4.831,-0.995,-282.655,0.0547,-0.0396,1.0415,
29.493,ENC,255.9686,0.0000,127.9843,7.8403,0.0000,-733.296,-4.831,-0.995,-282.655,0.0547,-0.0396,1.0415,
29.504,IMU,255.9686,0.0000,127.9843,7.8403,0.0000,-733.296,-4.701,-1.087,-282.733,-0.0483,-0.0586,1.0117,
29.512,ENC,256.1305,0.0000,128.0652,8.0960,0.0000,-733.760,-4.701,-1.087,-282.733,-0.0483,-0.0586,1.0117,
29.522,IMU,256.1305,0.0000,128.0652,8.0960,0.0000,-733.760,-4.759,-0.902,-282.803,0.1792,0.1729,0.9570,
29.532,ENC,256.3009,0.0000,128.1505,8.5221,0.0000,-734.248,-4.759,-0.902,-282.803,0.1792,0.1729,0.9570,
29.542,IMU,256.3009,0.0000,128.1505,8.5221,0.0000,-734.248,-4.987,-0.923,-282.891,0.2627,-0.0288,0.8989,
29.552,ENC,256.4986,0.0000,128.2493,9.8857,0.0000,-734.814,-4.987,-0.923,-282.891,0.2627,-0.0288,0.8989,
29.564,IMU,256.4986,0.0000,128.2493,9.8857,0.0000,-734.814,-5.024,-0.971,-283.131,0.1743,-0.0518,0.9478,
29.573,ENC,256.7015,0.0000,128.3507,10.1413,0.0000,-735.396,-5.024,-0.971,-283.131,0.1743,-0.0518,0.9478,
29.582,IMU,256.7015,0.0000,128.3507,10.1413,0.0000,-735.396,-4.947,-1.110,-283.411,0.0435,-0.1118,0.8179,
29.592,ENC,256.9162,0.0000,128.4581,10.7379,0.0000,-736.011,-4.947,-1.110,-283.411,0.0435,-0.1118,0.8179,
29.603,IMU,256.9162,0.0000,128.4581,10.7379,0.0000,-736.011,-4.836,-1.154,-283.713,-0.0781,-0.0737,1.1245,
29.622,IMU,256.9162,0.0000,128.4581,10.7379,0.0000,-736.011,-4.879,-1.302,-283.954,0.1382,-0.1162,0.9707,
29.632,ENC,257.3645,0.0000,128.6822,11.2066,0.0000,-737.295,-4.879,-1.302,-283.954,0.1382,-0.1162,0.9707,
29.642,IMU,257.3645,0.0000,128.6822,11.2066,0.0000,-737.295,-4.750,-1.228,-284.216,-0.0615,0.0454,1.0293,
29.653,ENC,257.5878,0.0000,128.7939,11.1640,0.0000,-737.935,-4.750,-1.228,-284.216,-0.0615,0.0454,1.0293,
29.663,IMU,257.5878,0.0000,128.7939,11.1640,0.0000,-737.935,-4.751,-1.235,-284.400,0.0947,-0.0220,1.0298,
29.673,ENC,257.8213,0.0000,128.9106,11.6753,0.0000,-738.604,-4.751,-1.235,-284.400,0.0947,-0.0220,1.0298,
29.682,IMU,257.8213,0.0000,128.9106,11.6753,0.0000,-738.604,-4.761,-1.334,-284.636,0.1401,-0.0474,1.0337,
29.692,ENC,258.0377,0.0000,129.0189,10.8231,0.0000,-739.224,-4.761,-1.334,-284.636,0.1401,-0.0474,1.0337,
29.703,IMU,258.0377,0.0000,129.0189,10.8231,0.0000,-739.224,-4.766,-1.307,-284.906,0.1182,-0.0205,1.0547,
29.715,ENC,258.2661,0.0000,129.1331,11.4196,0.0000,-739.878,-4.766,-1.307,-284.906,0.1182,-0.0205,1.0547,
29.723,IMU,258.2661,0.0000,129.1331,11.4196,0.0000,-739.878,-4.745,-1.329,-285.098,0.0356,-0.0083,1.0811,
29.732,ENC,258.4809,0.0000,129.2404,10.7379,0.0000,-740.493,-4.745,-1.329,-285.098,0.0356,-0.0083,1.0811,
29.742,IMU,258.4809,0.0000,129.2404,10.7379,0.0000,-740.493,-4.833,-1.247,-285.327,0.1938,0.0371,0.7124,
29.763,IMU,258.4809,0.0000,129.2404,10.7379,0.0000,-740.493,-4.702,-1.240,-285.551,-0.0312,0.0063,0.9678,
29.772,ENC,258.8831,0.0000,129.4416,10.0561,0.0000,-741.646,-4.702,-1.240,-285.551,-0.0312,0.0063,0.9678,
29.785,IMU,258.8831,0.0000,129.4416,10.0561,0.0000,-741.646,-4.636,-1.299,-285.812,0.0366,-0.0439,0.9019,
29.792,ENC,259.0621,0.0000,129.5310,8.9482,0.0000,-742.158,-4.636,-1.299,-285.812,0.0366,-0.0439,0.9019,
29.804,IMU,259.0621,0.0000,129.5310,8.9482,0.0000,-742.158,-4.687,-1.296,-286.006,0.0767,-0.0332,0.9194,
29.812,ENC,259.2410,0.0000,129.6205,8.9482,0.0000,-742.671,-4.687,-1.296,-286.006,0.0767,-0.0332,0.9194,
29.822,IMU,259.2410,0.0000,129.6205,8.9482,0.0000,-742.671,-4.812,-1.262,-286.245,0.2139,0.0078,0.9409,
29.832,ENC,259.4473,0.0000,129.7236,10.3118,0.0000,-743.262,-4.812,-1.262,-286.245,0.2139,0.0078,0.9409,
29.843,IMU,259.4473,0.0000,129.7236,10.3118,0.0000,-743.262,-4.703,-1.329,-286.453,-0.0601,-0.0879,1.1113,
29.852,ENC,259.6518,0.0000,129.8259,10.2265,0.0000,-743.848,-4.703,-1.329,-286.453,-0.0601,-0.0879,1.1113,
29.862,IMU,259.6518,0.0000,129.8259,10.2265,0.0000,-743.848,-4.626,-1.319,-286.652,-0.0068,0.0068,1.0728,
29.873,ENC,259.8410,0.0000,129.9205,9.4595,0.0000,-744.390,-4.626,-1.319,-286.652,-0.0068,0.0068,1.0728,
29.883,IMU,259.8410,0.0000,129.9205,9.4595,0.0000,-744.390,-4.520,-1.199,-286.904,0.0122,0.0728,1.0684,
29.892,ENC,260.0302,0.0000,130.0151,9.4595,0.0000,-744.932,-4.520,-1.199,-286.904,0.0122,0.0728,1.0684,
29.902,IMU,260.0302,0.0000,130.0151,9.4595,0.0000,-744.932,-4.540,-1.089,-287.059,0.0894,0.0415,1.0786,
29.912,ENC,260.1972,0.0000,130.0986,8.3517,0.0000,-745.410,-4.540,-1.089,-287.059,0.0894,0.0415,1.0786,
29.922,IMU,260.1972,0.0000,130.0986,8.3517,0.0000,-745.410,-4.547,-1.109,-287.211,0.0698,-0.0391,0.9277,
29.933,ENC,260.3540,0.0000,130.1770,7.8403,0.0000,-745.859,-4.547,-1.109,-287.211,0.0698,-0.0391,0.9277,
29.942,IMU,260.3540,0.0000,130.1770,7.8403,0.0000,-745.859,-4.443,-1.061,-287.289,0.0059,0.0146,1.0220,
29.952,ENC,260.4853,0.0000,130.2426,6.5620,0.0000,-746.235,-4.443,-1.061,-287.289,0.0059,0.0146,1.0220,
29.962,IMU,260.4853,0.0000,130.2426,6.5620,0.0000,-746.235,-4.349,-1.004,-287.207,0.0015,0.0396,1.0034,
29.972,ENC,260.6063,0.0000,130.3031,6.0507,0.0000,-746.582,-4.349,-1.004,-287.207,0.0015,0.0396,1.0034,
29.982,IMU,260.6063,0.0000,130.3031,6.0507,0.0000,-746.582,-4.304,-0.864,-287.268,0.0322,0.0542,0.9941,
29.993,ENC,260.7034,0.0000,130.3517,4.8576,0.0000,-746.860,-4.304,-0.864,-287.268,0.0322,0.0542,0.9941,
30.002,IMU,260.7034,0.0000,130.3517,4.8576,0.0000,-746.860,-4.333,-0.700,-287.341,0.0620,0.0996,1.0215,
30.012,ENC,260.7938,0.0000,130.3969,4.5167,0.0000,-747.119,-4.333,-0.700,-287.341,0.0620,0.0996,1.0215,
30.024,IMU,260.7938,0.0000,130.3969,4.5167,0.0000,-747.119,-4.426,-0.558,-287.478,0.1191,0.0845,1.0039,
30.033,ENC,260.8875,0.0000,130.4438,4.6872,0.0000,-747.388,-4.426,-0.558,-287.478,0.1191,0.0845,1.0039,
30.042,IMU,260.8875,0.0000,130.4438,4.6872,0.0000,-747.388,-4.458,-0.494,-287.618,0.1118,0.0532,0.9692,
30.052,ENC,260.9693,0.0000,130.4847,4.0906,0.0000,-747.622,-4.458,-0.494,-287.618,0.1118,0.0532,0.9692,
30.062,IMU,260.9693,0.0000,130.4847,4.0906,0.0000,-747.622,-4.502,-0.402,-287.756,0.0728,0.0684,0.9307,
30.072,ENC,261.0477,0.0000,130.5239,3.9202,0.0000,-747.847,-4.502,-0.402,-287.756,0.0728,0.0684,0.9307,
30.083,IMU,261.0477,0.0000,130.5239,3.9202,0.0000,-747.847,-4.557,-0.300,-287.924,0.1187,0.0889,1.0127,
30.092,ENC,261.1193,0.0000,130.5597,3.5793,0.0000,-748.052,-4.557,-0.300,-287.924,0.1187,0.0889,1.0127,
30.102,IMU,261.1193,0.0000,130.5597,3.5793,0.0000,-748.052,-4.541,-0.228,-288.003,0.0767,0.0366,0.9619,
30.112,ENC,261.1875,0.0000,130.5937,3.4088,0.0000,-748.247,-4.541,-0.228,-288.003,0.0767,0.0366,0.9619,
30.122,IMU,261.1875,0.0000,130.5937,3.4088,0.0000,-748.247,-4.537,-0.287,-288.205,0.0605,-0.0166,1.0181,
30.132,ENC,261.2455,0.0000,130.6227,2.8975,0.0000,-748.413,-4.537,-0.287,-288.205,0.0605,-0.0166,1.0181,
30.143,IMU,261.2455,0.0000,130.6227,2.8975,0.0000,-748.413,-4.479,-0.315,-288.344,0.0469,-0.0298,0.9800,
30.152,ENC,261.2983,0.0000,130.6491,2.6419,0.0000,-748.564,-4.479,-0.315,-288.344,0.0469,-0.0298,0.9800,
30.163,IMU,261.2983,0.0000,130.6491,2.6419,0.0000,-748.564,-4.420,-0.364,-288.468,0.0664,-0.0117,0.9824,
30.172,ENC,261.3460,0.0000,130.6730,2.3862,0.0000,-748.701,-4.420,-0.364,-288.468,0.0664,-0.0117,0.9824,
30.183,IMU,261.3460,0.0000,130.6730,2.3862,0.0000,-748.701,-4.379,-0.329,-288.544,0.0508,0.0264,1.0088,
30.192,ENC,261.3869,0.0000,130.6935,2.0453,0.0000,-748.818,-4.379,-0.329,-288.544,0.0508,0.0264,1.0088,
30.204,IMU,261.3869,0.0000,130.6935,2.0453,0.0000,-748.818,-4.313,-0.277,-288.660,0.0371,0.0205,1.0166,
30.234,ENC,261.4824,0.0000,130.7412,2.3862,0.0000,-749.092,-4.313,-0.277,-288.660,0.0371,0.0205,1.0166,
30.244,IMU,261.4824,0.0000,130.7412,2.3862,0.0000,-749.092,-4.344,-0.213,-288.895,0.0679,0.0103,0.9805,
30.252,ENC,261.5352,0.0000,130.7676,2.6419,0.0000,-749.243,-4.344,-0.213,-288.895,0.0679,0.0103,0.9805,
30.262,IMU,261.5352,0.0000,130.7676,2.6419,0.0000,-749.243,-4.339,-0.281,-289.037,0.0508,-0.0225,1.0103,
30.272,ENC,261.5880,0.0000,130.7940,2.6419,0.0000,-749.395,-4.339,-0.281,-289.037,0.0508,-0.0225,1.0103,
30.284,IMU,261.5880,0.0000,130.7940,2.6419,0.0000,-749.395,-4.258,-0.319,-289.169,0.0508,-0.0244,1.0283,
30.293,ENC,261.6358,0.0000,130.8179,2.3862,0.0000,-749.531,-4.258,-0.319,-289.169,0.0508,-0.0244,1.0283,
30.303,IMU,261.6358,0.0000,130.8179,2.3862,0.0000,-749.531,-4.254,-0.341,-289.276,0.0757,-0.0210,1.0464,
30.312,ENC,261.6801,0.0000,130.8400,2.2158,0.0000,-749.658,-4.254,-0.341,-289.276,0.0757,-0.0210,1.0464,
30.323,IMU,261.6801,0.0000,130.8400,2.2158,0.0000,-749.658,-4.178,-0.353,-289.357,0.0493,-0.0059,0.9780,
30.332,ENC,261.7278,0.0000,130.8639,2.3862,0.0000,-749.795,-4.178,-0.353,-289.357,0.0493,-0.0059,0.9780,
30.342,IMU,261.7278,0.0000,130.8639,2.3862,0.0000,-749.795,-4.190,-0.360,-289.430,0.0957,-0.0566,0.9858,
30.352,ENC,261.7755,0.0000,130.8878,2.3862,0.0000,-749.932,-4.190,-0.360,-289.430,0.0957,-0.0566,0.9858,
30.362,IMU,261.7755,0.0000,130.8878,2.3862,0.0000,-749.932,-4.131,-0.375,-289.513,0.0405,-0.0156,1.0405,
30.373,ENC,261.8215,0.0000,130.9108,2.3010,0.0000,-750.063,-4.131,-0.375,-289.513,0.0405,-0.0156,1.0405,
30.382,IMU,261.8215,0.0000,130.9108,2.3010,0.0000,-750.063,-4.118,-0.385,-289.594,0.0518,-0.0215,1.0400,
30.392,ENC,261.8710,0.0000,130.9355,2.4714,0.0000,-750.205,-4.118,-0.385,-289.594,0.0518,-0.0215,1.0400,
30.402,IMU,261.8710,0.0000,130.9355,2.4714,0.0000,-750.205,-4.171,-0.367,-289.693,0.0669,0.0039,1.0361,
30.412,ENC,261.9187,0.0000,130.9593,2.3862,0.0000,-750.342,-4.171,-0.367,-289.693,0.0669,0.0039,1.0361,
30.422,IMU,261.9187,0.0000,130.9593,2.3862,0.0000,-750.342,-4.132,-0.377,-289.813,0.0576,0.0112,0.9971,
30.433,ENC,261.9698,0.0000,130.9849,2.5566,0.0000,-750.488,-4.132,-0.377,-289.813,0.0576,0.0112,0.9971,
30.442,IMU,261.9698,0.0000,130.9849,2.5566,0.0000,-750.488,-4.128,-0.355,-289.887,0.0728,0.0117,0.9722,
30.453,ENC,262.0227,0.0000,131.0113,2.6419,0.0000,-750.640,-4.128,-0.355,-289.887,0.0728,0.0117,0.9722,
30.462,IMU,262.0227,0.0000,131.0113,2.6419,0.0000,-750.640,-4.110,-0.366,-290.002,0.0405,-0.0034,0.9854,
30.472,ENC,262.0721,0.0000,131.0360,2.4714,0.0000,-750.781,-4.110,-0.366,-290.002,0.0405,-0.0034,0.9854,
30.482,IMU,262.0721,0.0000,131.0360,2.4714,0.0000,-750.781,-4.108,-0.368,-290.148,0.0820,-0.0151,1.0181,
30.494,ENC,262.1215,0.0000,131.0608,2.4714,0.0000,-750.923,-4.108,-0.368,-290.148,0.0820,-0.0151,1.0181,
30.502,IMU,262.1215,0.0000,131.0608,2.4714,0.0000,-750.923,-4.089,-0.450,-290.287,0.1074,-0.0361,0.9438,
30.512,ENC,262.1675,0.0000,131.0838,2.3010,0.0000,-751.055,-4.089,-0.450,-290.287,0.1074,-0.0361,0.9438,
30.522,IMU,262.1675,0.0000,131.0838,2.3010,0.0000,-751.055,-4.050,-0.459,-290.376,0.0195,-0.0234,1.0312,
30.534,ENC,262.2136,0.0000,131.1068,2.3010,0.0000,-751.187,-4.050,-0.459,-290.376,0.0195,-0.0234,1.0312,
30.542,IMU,262.2136,0.0000,131.1068,2.3010,0.0000,-751.187,-3.984,-0.497,-290.522,0.0166,-0.0386,1.0664,
30.558,ENC,262.2596,0.0000,131.1298,2.3010,0.0000,-751.318,-3.984,-0.497,-290.522,0.0166,-0.0386,1.0664,
30.562,IMU,262.2596,0.0000,131.1298,2.3010,0.0000,-751.318,-4.026,-0.534,-290.640,0.1162,0.0063,0.9746,
30.572,ENC,262.3056,0.0000,131.1528,2.3010,0.0000,-751.450,-4.026,-0.534,-290.640,0.1162,0.0063,0.9746,
30.583,IMU,262.3056,0.0000,131.1528,2.3010,0.0000,-751.450,-4.030,-0.574,-290.734,0.0820,-0.0146,1.0283,
30.592,ENC,262.3567,0.0000,131.1784,2.5566,0.0000,-751.597,-4.030,-0.574,-290.734,0.0820,-0.0146,1.0283,
30.602,IMU,262.3567,0.0000,131.1784,2.5566,0.0000,-751.597,-4.047,-0.544,-290.875,0.0537,-0.0063,1.0254,
30.612,ENC,262.4045,-0.2045,131.1000,2.3862,-10.2265,-752.319,-4.047,-0.544,-290.875,0.0537,-0.0063,1.0254,
30.626,IMU,262.4045,-0.2045,131.1000,2.3862,-10.2265,-752.319,-4.129,-0.556,-290.928,0.0801,-0.0391,0.9878,
30.633,ENC,262.4522,0.0000,131.2261,2.3862,10.2265,-751.870,-4.129,-0.556,-290.928,0.0801,-0.0391,0.9878,
30.642,IMU,262.4522,0.0000,131.2261,2.3862,10.2265,-751.870,-4.115,-0.572,-291.061,0.0327,-0.0073,1.0166,
30.654,ENC,262.5016,0.0000,131.2508,2.4714,0.0000,-752.012,-4.115,-0.572,-291.061,0.0327,-0.0073,1.0166,
30.663,IMU,262.5016,0.0000,131.2508,2.4714,0.0000,-752.012,-4.097,-0.615,-291.223,0.0679,-0.0293,0.9790,
30.672,ENC,262.5510,0.0000,131.2755,2.4714,0.0000,-752.153,-4.097,-0.615,-291.223,0.0679,-0.0293,0.9790,
30.682,IMU,262.5510,0.0000,131.2755,2.4714,0.0000,-752.153,-4.077,-0.713,-291.379,0.0532,-0.0366,1.0024,
30.692,ENC,262.6005,0.0000,131.3002,2.4714,0.0000,-752.295,-4.077,-0.713,-291.379,0.0532,-0.0366,1.0024,
30.703,IMU,262.6005,0.0000,131.3002,2.4714,0.0000,-752.295,-4.164,-0.701,-291.487,0.1104,0.0054,1.0015,
30.714,ENC,262.6533,0.0000,131.3267,2.6419,0.0000,-752.446,-4.164,-0.701,-291.487,0.1104,0.0054,1.0015,
30.722,IMU,262.6533,0.0000,131.3267,2.6419,0.0000,-752.446,-4.149,-0.710,-291.581,0.0415,-0.0181,1.0444,
30.732,ENC,262.7078,0.0000,131.3539,2.7271,0.0000,-752.603,-4.149,-0.710,-291.581,0.0415,-0.0181,1.0444,
30.746,IMU,262.7078,0.0000,131.3539,2.7271,0.0000,-752.603,-4.193,-0.639,-291.648,0.1162,0.0488,1.0308,
30.752,ENC,262.7624,0.0000,131.3812,2.7271,0.0000,-752.759,-4.193,-0.639,-291.648,0.1162,0.0488,1.0308,
30.762,IMU,262.7624,0.0000,131.3812,2.7271,0.0000,-752.759,-4.192,-0.624,-291.826,0.0874,-0.0054,0.9878,
30.774,ENC,262.8186,0.0000,131.4093,2.8123,0.0000,-752.920,-4.192,-0.624,-291.826,0.0874,-0.0054,0.9878,
30.782,IMU,262.8186,0.0000,131.4093,2.8123,0.0000,-752.920,-4.137,-0.587,-291.956,0.0298,0.0205,1.0127,
30.792,ENC,262.8732,0.1960,131.5346,2.7271,9.8004,-752.515,-4.137,-0.587,-291.956,0.0298,0.0205,1.0127,
30.802,IMU,262.8732,0.1960,131.5346,2.7271,9.8004,-752.515,-4.144,-0.589,-292.132,0.0591,-0.0068,1.0122,
30.812,ENC,262.9362,0.0000,131.4681,3.1532,-9.8004,-753.257,-4.144,-0.589,-292.132,0.0591,-0.0068,1.0122,
30.822,IMU,262.9362,0.0000,131.4681,3.1532,-9.8004,-753.257,-4.148,-0.574,-292.301,0.0747,-0.0049,0.9536,
30.832,ENC,263.0078,0.0000,131.5039,3.5793,0.0000,-753.462,-4.148,-0.574,-292.301,0.0747,-0.0049,0.9536,
30.843,IMU,263.0078,0.0000,131.5039,3.5793,0.0000,-753.462,-4.073,-0.650,-292.509,0.0420,-0.0557,0.9980,
30.863,IMU,263.0078,0.0000,131.5039,3.5793,0.0000,-753.462,-4.103,-0.556,-292.755,0.0840,0.0410,0.9956,
30.872,ENC,263.1732,0.0000,131.5866,4.1332,0.0000,-753.936,-4.103,-0.556,-292.755,0.0840,0.0410,0.9956,
30.882,IMU,263.1732,0.0000,131.5866,4.1332,0.0000,-753.936,-4.135,-0.510,-293.015,0.0967,0.0317,0.9834,
30.892,ENC,263.2720,0.0000,131.6360,4.9428,0.0000,-754.219,-4.135,-0.510,-293.015,0.0967,0.0317,0.9834,
30.902,IMU,263.2720,0.0000,131.6360,4.9428,0.0000,-754.219,-4.229,-0.427,-293.323,0.1650,0.0591,0.9863,
30.913,ENC,263.3709,0.0000,131.6854,4.9428,0.0000,-754.502,-4.229,-0.427,-293.323,0.1650,0.0591,0.9863,
30.923,IMU,263.3709,0.0000,131.6854,4.9428,0.0000,-754.502,-4.279,-0.452,-293.695,0.1465,-0.0034,0.9355,
30.932,ENC,263.4714,0.0000,131.7357,5.0280,0.0000,-754.790,-4.279,-0.452,-293.695,0.1465,-0.0034,0.9355,
30.942,IMU,263.4714,0.0000,131.7357,5.0280,0.0000,-754.790,-4.295,-0.525,-294.004,0.0425,-0.0210,0.9419,
30.952,ENC,263.5754,0.0000,131.7877,5.1985,0.0000,-755.088,-4.295,-0.525,-294.004,0.0425,-0.0210,0.9419,
30.963,IMU,263.5754,0.0000,131.7877,5.1985,0.0000,-755.088,-4.314,-0.590,-294.317,0.0376,-0.0317,1.0493,
30.972,ENC,263.6743,0.0000,131.8371,4.9428,0.0000,-755.371,-4.314,-0.590,-294.317,0.0376,-0.0317,1.0493,
30.982,IMU,263.6743,0.0000,131.8371,4.9428,0.0000,-755.371,-4.378,-0.485,-294.661,0.1411,0.0278,0.9619,
30.992,ENC,263.7714,0.0000,131.8857,4.8576,0.0000,-755.649,-4.378,-0.485,-294.661,0.1411,0.0278,0.9619,
31.003,IMU,263.7714,0.0000,131.8857,4.8576,0.0000,-755.649,-4.426,-0.550,-294.963,0.1260,-0.0571,0.9121,
31.012,ENC,263.8720,0.0000,131.9360,5.0280,0.0000,-755.938,-4.426,-0.550,-294.963,0.1260,-0.0571,0.9121,
31.022,IMU,263.8720,0.0000,131.9360,5.0280,0.0000,-755.938,-4.368,-0.538,-295.276,0.0137,-0.0020,1.0991,
31.032,ENC,263.9742,0.0000,131.9871,5.1133,0.0000,-756.230,-4.368,-0.538,-295.276,0.0137,-0.0020,1.0991,
31.043,IMU,263.9742,0.0000,131.9871,5.1133,0.0000,-756.230,-4.439,-0.538,-295.624,0.1436,-0.0103,0.9165,
31.052,ENC,264.0731,0.0000,132.0365,4.9428,0.0000,-756.514,-4.439,-0.538,-295.624,0.1436,-0.0103,0.9165,
31.062,IMU,264.0731,0.0000,132.0365,4.9428,0.0000,-756.514,-4.389,-0.531,-295.911,0.0542,0.0254,1.0034,
31.074,ENC,264.1736,0.0000,132.0868,5.0280,0.0000,-756.802,-4.389,-0.531,-295.911,0.0542,0.0254,1.0034,
31.082,IMU,264.1736,0.0000,132.0868,5.0280,0.0000,-756.802,-4.309,-0.587,-296.226,0.0376,-0.0518,0.9736,
31.103,IMU,264.1736,0.0000,132.0868,5.0280,0.0000,-756.802,-4.253,-0.665,-296.530,-0.0498,-0.0562,1.1191,
31.112,ENC,264.3697,0.0000,132.1848,4.9002,0.0000,-757.363,-4.253,-0.665,-296.530,-0.0498,-0.0562,1.1191,
31.123,IMU,264.3697,0.0000,132.1848,4.9002,0.0000,-757.363,-4.146,-0.683,-296.849,0.0186,-0.0093,1.0249,
31.143,IMU,264.3697,0.0000,132.1848,4.9002,0.0000,-757.363,-4.204,-0.784,-297.182,0.1084,-0.0879,0.9512,
31.152,ENC,264.5657,0.0000,132.2828,4.9002,0.0000,-757.925,-4.204,-0.784,-297.182,0.1084,-0.0879,0.9512,
31.168,IMU,264.5657,0.0000,132.2828,4.9002,0.0000,-757.925,-4.154,-0.626,-297.510,0.0376,0.1094,1.0425,
31.173,ENC,264.6696,0.0000,132.3348,5.1985,0.0000,-758.223,-4.154,-0.626,-297.510,0.0376,0.1094,1.0425,
31.182,IMU,264.6696,0.0000,132.3348,5.1985,0.0000,-758.223,-4.163,-0.689,-297.824,0.1230,-0.0469,0.9727,
31.192,ENC,264.7736,0.0000,132.3868,5.1985,0.0000,-758.521,-4.163,-0.689,-297.824,0.1230,-0.0469,0.9727,
31.205,IMU,264.7736,0.0000,132.3868,5.1985,0.0000,-758.521,-4.205,-0.688,-298.144,0.1147,0.0312,1.0132,
31.212,ENC,264.8776,0.0000,132.4388,5.1985,0.0000,-758.818,-4.205,-0.688,-298.144,0.1147,0.0312,1.0132,
31.223,IMU,264.8776,0.0000,132.4388,5.1985,0.0000,-758.818,-4.231,-0.637,-298.467,0.0801,0.0723,1.0073,
31.232,ENC,264.9833,0.0000,132.4916,5.2837,0.0000,-759.121,-4.231,-0.637,-298.467,0.0801,0.0723,1.0073,
31.243,IMU,264.9833,0.0000,132.4916,5.2837,0.0000,-759.121,-4.217,-0.647,-298.778,0.0459,0.0186,1.0288,
31.263,IMU,264.9833,0.0000,132.4916,5.2837,0.0000,-759.121,-4.100,-0.728,-299.134,0.0107,-0.0376,0.9897,
31.273,ENC,265.1980,0.0000,132.5990,5.3689,0.0000,-759.736,-4.100,-0.728,-299.134,0.0107,-0.0376,0.9897,
31.283,IMU,265.1980,0.0000,132.5990,5.3689,0.0000,-759.736,-4.046,-0.765,-299.424,0.0386,-0.0386,0.9824,
31.292,ENC,265.3003,0.0000,132.6501,5.1133,0.0000,-760.029,-4.046,-0.765,-299.424,0.0386,-0.0386,0.9824,
31.302,IMU,265.3003,0.0000,132.6501,5.1133,0.0000,-760.029,-4.075,-0.783,-299.730,0.0605,-0.0547,1.0459,
31.313,ENC,265.4059,0.0000,132.7030,5.2837,0.0000,-760.332,-4.075,-0.783,-299.730,0.0605,-0.0547,1.0459,
31.322,IMU,265.4059,0.0000,132.7030,5.2837,0.0000,-760.332,-4.067,-0.787,-300.124,0.0889,0.0005,0.8882,
31.332,ENC,265.5014,0.0000,132.7507,4.7724,0.0000,-760.605,-4.067,-0.787,-300.124,0.0889,0.0005,0.8882,
31.343,IMU,265.5014,0.0000,132.7507,4.7724,0.0000,-760.605,-4.091,-0.885,-300.486,0.0928,-0.0327,0.9614,
31.355,ENC,265.5985,0.0000,132.7993,4.8576,0.0000,-760.884,-4.091,-0.885,-300.486,0.0928,-0.0327,0.9614,
31.363,IMU,265.5985,0.0000,132.7993,4.8576,0.0000,-760.884,-4.030,-0.843,-300.798,0.0195,0.0459,1.0757,
31.372,ENC,265.6906,0.0000,132.8453,4.6019,0.0000,-761.147,-4.030,-0.843,-300.798,0.0195,0.0459,1.0757,
31.382,IMU,265.6906,0.0000,132.8453,4.6019,0.0000,-761.147,-4.018,-0.901,-301.055,0.0806,-0.0239,0.8906,
31.392,ENC,265.7775,0.0000,132.8888,4.3463,0.0000,-761.396,-4.018,-0.901,-301.055,0.0806,-0.0239,0.8906,
31.404,IMU,265.7775,0.0000,132.8888,4.3463,0.0000,-761.396,-3.991,-0.959,-301.430,0.0117,-0.0508,0.9990,
31.412,ENC,265.8713,0.0000,132.9356,4.6872,0.0000,-761.665,-3.991,-0.959,-301.430,0.0117,-0.0508,0.9990,
31.422,IMU,265.8713,0.0000,132.9356,4.6872,0.0000,-761.665,-3.956,-0.906,-301.759,0.0503,0.0356,0.9634,
31.432,ENC,265.9565,0.0000,132.9782,4.2611,0.0000,-761.909,-3.956,-0.906,-301.759,0.0503,0.0356,0.9634,
31.442,IMU,265.9565,0.0000,132.9782,4.2611,0.0000,-761.909,-3.899,-0.939,-302.117,-0.0039,0.0078,1.1167,
31.468,IMU,265.9565,0.0000,132.9782,4.2611,0.0000,-761.909,-3.874,-1.023,-302.405,0.0752,-0.0239,0.9688,
31.472,ENC,266.1167,0.0000,133.0583,4.0054,0.0000,-762.368,-3.874,-1.023,-302.405,0.0752,-0.0239,0.9688,
31.483,IMU,266.1167,0.0000,133.0583,4.0054,0.0000,-762.368,-3.816,-0.986,-302.705,0.0161,0.0288,1.0498,
31.492,ENC,266.2019,0.0000,133.1010,4.2611,0.0000,-762.612,-3.816,-0.986,-302.705,0.0161,0.0288,1.0498,
31.503,IMU,266.2019,0.0000,133.1010,4.2611,0.0000,-762.612,-3.838,-0.874,-303.038,0.0698,0.0806,1.0137,
31.512,ENC,266.2854,0.0000,133.1427,4.1758,0.0000,-762.852,-3.838,-0.874,-303.038,0.0698,0.0806,1.0137,
31.523,IMU,266.2854,0.0000,133.1427,4.1758,0.0000,-762.852,-3.738,-0.804,-303.350,0.0322,0.0752,0.9678,
31.532,ENC,266.3741,0.0000,133.1870,4.4315,0.0000,-763.105,-3.738,-0.804,-303.350,0.0322,0.0752,0.9678,
31.543,IMU,266.3741,0.0000,133.1870,4.4315,0.0000,-763.105,-3.701,-0.811,-303.708,0.0718,0.0107,0.9775,
31.553,ENC,266.4627,0.0000,133.2313,4.4315,0.0000,-763.359,-3.701,-0.811,-303.708,0.0718,0.0107,0.9775,
31.563,IMU,266.4627,0.0000,133.2313,4.4315,0.0000,-763.359,-3.775,-0.772,-304.056,0.1426,0.0322,0.9478,
31.575,ENC,266.5479,0.0000,133.2740,4.2611,0.0000,-763.604,-3.775,-0.772,-304.056,0.1426,0.0322,0.9478,
31.582,IMU,266.5479,0.0000,133.2740,4.2611,0.0000,-763.604,-3.822,-0.817,-304.402,0.0854,-0.0166,0.9717,
31.593,ENC,266.6434,0.0000,133.3217,4.7724,0.0000,-763.877,-3.822,-0.817,-304.402,0.0854,-0.0166,0.9717,
31.603,IMU,266.6434,0.0000,133.3217,4.7724,0.0000,-763.877,-3.788,-0.864,-304.744,0.0024,-0.0327,1.0469,
31.613,ENC,266.7286,0.0000,133.3643,4.2611,0.0000,-764.121,-3.788,-0.864,-304.744,0.0024,-0.0327,1.0469,
31.622,IMU,266.7286,0.0000,133.3643,4.2611,0.0000,-764.121,-3.787,-0.786,-305.027,0.0464,0.0312,0.9951,
31.633,ENC,266.8087,0.0000,133.4043,4.0054,0.0000,-764.351,-3.787,-0.786,-305.027,0.0464,0.0312,0.9951,
31.642,IMU,266.8087,0.0000,133.4043,4.0054,0.0000,-764.351,-3.758,-0.758,-305.272,0.0576,0.0122,1.0024,
31.652,ENC,266.8769,0.0000,133.4384,3.4088,0.0000,-764.546,-3.758,-0.758,-305.272,0.0576,0.0122,1.0024,
31.669,IMU,266.8769,0.0000,133.4384,3.4088,0.0000,-764.546,-3.733,-0.819,-305.522,0.0049,-0.0532,1.0347,
31.672,ENC,266.9433,0.0000,133.4717,3.3236,0.0000,-764.736,-3.733,-0.819,-305.522,0.0049,-0.0532,1.0347,
31.683,IMU,266.9433,0.0000,133.4717,3.3236,0.0000,-764.736,-3.754,-0.891,-305.752,0.0352,-0.0591,0.9800,
31.693,ENC,267.0047,0.0000,133.5023,3.0680,0.0000,-764.912,-3.754,-0.891,-305.752,0.0352,-0.0591,0.9800,
31.702,IMU,267.0047,0.0000,133.5023,3.0680,0.0000,-764.912,-3.840,-0.909,-305.981,0.1045,0.0049,1.0063,
31.712,ENC,267.0626,0.0000,133.5313,2.8975,0.0000,-765.078,-3.840,-0.909,-305.981,0.1045,0.0049,1.0063,
31.722,IMU,267.0626,0.0000,133.5313,2.8975,0.0000,-765.078,-3.863,-0.956,-306.251,0.0479,-0.0049,1.0400,
31.732,ENC,267.1240,0.0000,133.5620,3.0680,0.0000,-765.254,-3.863,-0.956,-306.251,0.0479,-0.0049,1.0400,
31.743,IMU,267.1240,0.0000,133.5620,3.0680,0.0000,-765.254,-3.860,-1.010,-306.471,0.0684,-0.0288,0.9937,
31.755,ENC,267.1837,0.0000,133.5918,2.9827,0.0000,-765.425,-3.860,-1.010,-306.471,0.0684,-0.0288,0.9937,
31.773,ENC,267.2399,0.0000,133.6200,2.8123,0.0000,-765.586,-3.860,-1.010,-306.471,0.0684,-0.0288,0.9937,
31.787,IMU,267.2399,0.0000,133.6200,2.8123,0.0000,-765.586,-3.863,-0.980,-306.815,0.0410,0.0200,1.0020,
31.792,ENC,267.2944,0.0000,133.6472,2.7271,0.0000,-765.742,-3.863,-0.980,-306.815,0.0410,0.0200,1.0020,
31.802,IMU,267.2944,0.0000,133.6472,2.7271,0.0000,-765.742,-3.828,-1.036,-307.046,0.0347,-0.0210,0.9775,
31.812,ENC,267.3507,0.0000,133.6753,2.8123,0.0000,-765.903,-3.828,-1.036,-307.046,0.0347,-0.0210,0.9775,
31.822,IMU,267.3507,0.0000,133.6753,2.8123,0.0000,-765.903,-3.868,-1.078,-307.211,0.0928,-0.0220,0.9844,
31.834,ENC,267.4052,0.0000,133.7026,2.7271,0.0000,-766.060,-3.868,-1.078,-307.211,0.0928,-0.0220,0.9844,
31.843,IMU,267.4052,0.0000,133.7026,2.7271,0.0000,-766.060,-3.833,-1.146,-307.384,0.0513,-0.0303,1.0034,
31.854,ENC,267.4632,0.0000,133.7316,2.8975,0.0000,-766.226,-3.833,-1.146,-307.384,0.0513,-0.0303,1.0034,
31.862,IMU,267.4632,0.0000,133.7316,2.8975,0.0000,-766.226,-3.783,-1.164,-307.563,0.0205,-0.0244,0.9927,
31.872,ENC,267.5160,0.0000,133.7580,2.6419,0.0000,-766.377,-3.783,-1.164,-307.563,0.0205,-0.0244,0.9927,
31.885,IMU,267.5160,0.0000,133.7580,2.6419,0.0000,-766.377,-3.723,-1.247,-307.701,0.0371,-0.0894,0.9824,
31.892,ENC,267.5672,0.0000,133.7836,2.5566,0.0000,-766.523,-3.723,-1.247,-307.701,0.0371,-0.0894,0.9824,
31.902,IMU,267.5672,0.0000,133.7836,2.5566,0.0000,-766.523,-3.778,-1.300,-307.832,0.1104,-0.0552,0.9917,
31.913,ENC,267.6166,0.0000,133.8083,2.4714,0.0000,-766.665,-3.778,-1.300,-307.832,0.1104,-0.0552,0.9917,
31.922,IMU,267.6166,0.0000,133.8083,2.4714,0.0000,-766.665,-3.817,-1.328,-307.944,0.0894,-0.0161,0.9663,
31.932,ENC,267.6677,0.0000,133.8339,2.5566,0.0000,-766.812,-3.817,-1.328,-307.944,0.0894,-0.0161,0.9663,
31.942,IMU,267.6677,0.0000,133.8339,2.5566,0.0000,-766.812,-3.823,-1.242,-308.004,0.0864,0.0337,0.9565,
31.952,ENC,267.7206,0.0000,133.8603,2.6419,0.0000,-766.963,-3.823,-1.242,-308.004,0.0864,0.0337,0.9565,
31.962,IMU,267.7206,0.0000,133.8603,2.6419,0.0000,-766.963,-3.786,-1.199,-308.102,0.0527,0.0293,0.9878,
31.972,ENC,267.7751,0.0000,133.8875,2.7271,0.0000,-767.119,-3.786,-1.199,-308.102,0.0527,0.0293,0.9878,
31.983,IMU,267.7751,0.0000,133.8875,2.7271,0.0000,-767.119,-3.828,-1.273,-308.265,0.0708,-0.0557,0.9604,
31.992,ENC,267.8382,0.0000,133.9191,3.1532,0.0000,-767.300,-3.828,-1.273,-308.265,0.0708,-0.0557,0.9604,
32.012,ENC,267.9166,0.0000,133.9583,3.9202,0.0000,-767.524,-3.828,-1.273,-308.265,0.0708,-0.0557,0.9604,
32.023,IMU,267.9166,0.0000,133.9583,3.9202,0.0000,-767.524,-3.951,-1.392,-308.604,0.0693,-0.0161,1.0596,
32.033,ENC,268.0120,0.0000,134.0060,4.7724,0.0000,-767.798,-3.951,-1.392,-308.604,0.0693,-0.0161,1.0596,
32.043,IMU,268.0120,0.0000,134.0060,4.7724,0.0000,-767.798,-3.881,-1.457,-308.823,0.0259,-0.0479,0.9014,
32.054,ENC,268.1177,0.0000,134.0588,5.2837,0.0000,-768.101,-3.881,-1.457,-308.823,0.0259,-0.0479,0.9014,
32.066,IMU,268.1177,0.0000,134.0588,5.2837,0.0000,-768.101,-3.825,-1.510,-309.024,0.0122,-0.0439,1.0107,
32.072,ENC,268.2217,0.0000,134.1108,5.1985,0.0000,-768.398,-3.825,-1.510,-309.024,0.0122,-0.0439,1.0107,
32.086,IMU,268.2217,0.0000,134.1108,5.1985,0.0000,-768.398,-3.696,-1.533,-309.218,-0.0229,-0.0474,1.0928,
32.092,ENC,268.3239,0.0000,134.1620,5.1133,0.0000,-768.691,-3.696,-1.533,-309.218,-0.0229,-0.0474,1.0928,
32.102,IMU,268.3239,0.0000,134.1620,5.1133,0.0000,-768.691,-3.722,-1.643,-309.326,0.0938,-0.1211,1.0327,
32.114,ENC,268.4347,0.0000,134.2174,5.5394,0.0000,-769.009,-3.722,-1.643,-309.326,0.0938,-0.1211,1.0327,
32.123,IMU,268.4347,0.0000,134.2174,5.5394,0.0000,-769.009,-3.711,-1.699,-309.463,0.0288,-0.0674,1.0010,
32.132,ENC,268.5506,0.0000,134.2753,5.7950,0.0000,-769.341,-3.711,-1.699,-309.463,0.0288,-0.0674,1.0010,
32.142,IMU,268.5506,0.0000,134.2753,5.7950,0.0000,-769.341,-3.701,-1.723,-309.565,0.0107,-0.0449,1.1108,
32.153,ENC,268.6733,0.0000,134.3367,6.1359,0.0000,-769.692,-3.701,-1.723,-309.565,0.0107,-0.0449,1.1108,
32.162,IMU,268.6733,0.0000,134.3367,6.1359,0.0000,-769.692,-3.754,-1.763,-309.667,0.1025,-0.0298,0.9170,
32.175,ENC,268.7960,0.0000,134.3980,6.1359,0.0000,-770.044,-3.754,-1.763,-309.667,0.1025,-0.0298,0.9170,
32.182,IMU,268.7960,0.0000,134.3980,6.1359,0.0000,-770.044,-3.636,-1.696,-309.757,-0.0513,0.0034,1.0215,
32.192,ENC,268.9205,0.0000,134.4602,6.2211,0.0000,-770.400,-3.636,-1.696,-309.757,-0.0513,0.0034,1.0215,
32.202,IMU,268.9205,0.0000,134.4602,6.2211,0.0000,-770.400,-3.568,-1.606,-309.824,0.0049,0.0210,1.0596,
32.212,ENC,269.0278,0.0000,134.5139,5.3689,0.0000,-770.708,-3.568,-1.606,-309.824,0.0049,0.0210,1.0596,
32.222,IMU,269.0278,0.0000,134.5139,5.3689,0.0000,-770.708,-3.547,-1.605,-309.773,0.0381,-0.0142,0.9893,
32.233,ENC,269.1233,0.0000,134.5616,4.7724,0.0000,-770.981,-3.547,-1.605,-309.773,0.0381,-0.0142,0.9893,
32.242,IMU,269.1233,0.0000,134.5616,4.7724,0.0000,-770.981,-3.441,-1.548,-309.720,-0.0186,-0.0005,1.0547,
32.253,ENC,269.1949,0.0000,134.5974,3.5793,0.0000,-771.187,-3.441,-1.548,-309.720,-0.0186,-0.0005,1.0547,
32.262,IMU,269.1949,0.0000,134.5974,3.5793,0.0000,-771.187,-3.440,-1.548,-309.587,0.0405,-0.0273,0.9629,
32.275,ENC,269.2631,0.0000,134.6315,3.4088,0.0000,-771.382,-3.440,-1.548,-309.587,0.0405,-0.0273,0.9629,
32.282,IMU,269.2631,0.0000,134.6315,3.4088,0.0000,-771.382,-3.497,-1.616,-309.393,0.1035,-0.0537,0.9644,
32.293,ENC,269.3346,0.0000,134.6673,3.5793,0.0000,-771.587,-3.497,-1.616,-309.393,0.1035,-0.0537,0.9644,
32.303,IMU,269.3346,0.0000,134.6673,3.5793,0.0000,-771.587,-3.551,-1.644,-309.267,0.0801,-0.0845,0.9907,
32.312,ENC,269.4045,0.0000,134.7023,3.4941,0.0000,-771.787,-3.551,-1.644,-309.267,0.0801,-0.0845,0.9907,
32.322,IMU,269.4045,0.0000,134.7023,3.4941,0.0000,-771.787,-3.629,-1.658,-309.103,0.1016,-0.0298,1.0078,
32.333,ENC,269.4761,0.0000,134.7381,3.5793,0.0000,-771.992,-3.629,-1.658,-309.103,0.1016,-0.0298,1.0078,
32.344,IMU,269.4761,0.0000,134.7381,3.5793,0.0000,-771.992,-3.702,-1.598,-308.954,0.1143,-0.0024,0.9941,
32.353,ENC,269.5545,0.0000,134.7773,3.9202,0.0000,-772.217,-3.702,-1.598,-308.954,0.1143,-0.0024,0.9941,
32.362,IMU,269.5545,0.0000,134.7773,3.9202,0.0000,-772.217,-3.734,-1.528,-308.866,0.0664,0.0166,1.0166,
32.372,ENC,269.6431,0.0000,134.8216,4.4315,0.0000,-772.471,-3.734,-1.528,-308.866,0.0664,0.0166,1.0166,
32.382,IMU,269.6431,0.0000,134.8216,4.4315,0.0000,-772.471,-3.741,-1.477,-308.796,0.0688,0.0288,0.9990,
32.393,ENC,269.7386,0.0000,134.8693,4.7724,0.0000,-772.744,-3.741,-1.477,-308.796,0.0688,0.0288,0.9990,
32.405,IMU,269.7386,0.0000,134.8693,4.7724,0.0000,-772.744,-3.714,-1.607,-308.717,0.0542,-0.0791,0.9575,
32.412,ENC,269.8306,0.0000,134.9153,4.6019,0.0000,-773.008,-3.714,-1.607,-308.717,0.0542,-0.0791,0.9575,
32.422,IMU,269.8306,0.0000,134.9153,4.6019,0.0000,-773.008,-3.779,-1.598,-308.529,0.1260,0.0386,1.0273,
32.432,ENC,269.9431,0.0000,134.9716,5.6246,0.0000,-773.330,-3.779,-1.598,-308.529,0.1260,0.0386,1.0273,
32.443,IMU,269.9431,0.0000,134.9716,5.6246,0.0000,-773.330,-3.685,-1.572,-308.329,-0.0283,-0.0596,1.0674,
32.452,ENC,270.0232,0.0000,135.0116,4.0054,0.0000,-773.560,-3.685,-1.572,-308.329,-0.0283,-0.0596,1.0674,
32.462,IMU,270.0232,0.0000,135.0116,4.0054,0.0000,-773.560,-3.765,-1.433,-308.181,0.1753,0.0234,0.8413,
32.472,ENC,270.1357,0.0000,135.0679,5.6246,0.0000,-773.882,-3.765,-1.433,-308.181,0.1753,0.0234,0.8413,
32.482,IMU,270.1357,0.0000,135.0679,5.6246,0.0000,-773.882,-3.818,-1.405,-308.109,0.0938,-0.0127,0.9556,
32.492,ENC,270.2448,0.0000,135.1224,5.4542,0.0000,-774.194,-3.818,-1.405,-308.109,0.0938,-0.0127,0.9556,
32.503,IMU,270.2448,0.0000,135.1224,5.4542,0.0000,-774.194,-3.750,-1.347,-307.998,-0.0117,-0.0503,0.9434,
32.512,ENC,270.3539,0.0000,135.1769,5.4542,0.0000,-774.507,-3.750,-1.347,-307.998,-0.0117,-0.0503,0.9434,
32.522,IMU,270.3539,0.0000,135.1769,5.4542,0.0000,-774.507,-3.783,-1.230,-307.869,0.1187,0.1348,0.9902,
32.532,ENC,270.4783,0.0000,135.2392,6.2211,0.0000,-774.863,-3.783,-1.230,-307.869,0.1187,0.1348,0.9902,
32.542,IMU,270.4783,0.0000,135.2392,6.2211,0.0000,-774.863,-3.862,-1.341,-307.862,0.1528,-0.0566,0.9810,
32.556,ENC,270.6096,0.0000,135.3048,6.5620,0.0000,-775.239,-3.862,-1.341,-307.862,0.1528,-0.0566,0.9810,
32.563,IMU,270.6096,0.0000,135.3048,6.5620,0.0000,-775.239,-3.864,-1.445,-307.899,0.0630,-0.0967,0.9229,
32.572,ENC,270.7561,0.0000,135.3781,7.3290,0.0000,-775.659,-3.864,-1.445,-307.899,0.0630,-0.0967,0.9229,
32.584,IMU,270.7561,0.0000,135.3781,7.3290,0.0000,-775.659,-3.803,-1.463,-307.921,0.0483,-0.0327,1.1143,
32.593,ENC,270.9027,0.0000,135.4514,7.3290,0.0000,-776.079,-3.803,-1.463,-307.921,0.0483,-0.0327,1.1143,
32.605,IMU,270.9027,0.0000,135.4514,7.3290,0.0000,-776.079,-3.806,-1.448,-307.940,0.1045,-0.0293,0.9375,
32.613,ENC,271.0646,0.0000,135.5323,8.0960,0.0000,-776.543,-3.806,-1.448,-307.940,0.1045,-0.0293,0.9375,
32.626,IMU,271.0646,0.0000,135.5323,8.0960,0.0000,-776.543,-3.872,-1.417,-307.966,0.1558,0.0215,0.9902,
32.632,ENC,271.2300,0.0000,135.6150,8.2665,0.0000,-777.017,-3.872,-1.417,-307.966,0.1558,0.0215,0.9902,
32.643,IMU,271.2300,0.0000,135.6150,8.2665,0.0000,-777.017,-3.854,-1.596,-308.012,0.0605,-0.1699,1.0381,
32.653,ENC,271.3953,0.0000,135.6976,8.2665,0.0000,-777.490,-3.854,-1.596,-308.012,0.0605,-0.1699,1.0381,
32.662,IMU,271.3953,0.0000,135.6976,8.2665,0.0000,-777.490,-3.831,-1.430,-307.941,0.0103,0.0942,1.1216,
32.672,ENC,271.5231,0.0000,135.7616,6.3916,0.0000,-777.856,-3.831,-1.430,-307.941,0.0103,0.0942,1.1216,
32.682,IMU,271.5231,0.0000,135.7616,6.3916,0.0000,-777.856,-3.801,-1.367,-307.827,0.0791,0.0381,1.0093,
32.692,ENC,271.6902,-0.2045,135.7428,8.3517,-10.2265,-778.921,-3.801,-1.367,-307.827,0.0791,0.0381,1.0093,
32.703,IMU,271.6902,-0.2045,135.7428,8.3517,-10.2265,-778.921,-3.878,-1.600,-307.651,0.1162,-0.2476,0.8911,
32.712,ENC,271.7924,0.0000,135.8962,5.1133,10.2265,-778.628,-3.878,-1.600,-307.651,0.1162,-0.2476,0.8911,
32.725,IMU,271.7924,0.0000,135.8962,5.1133,10.2265,-778.628,-3.938,-1.582,-307.533,0.1450,-0.0293,0.9033,
32.732,ENC,271.9475,0.0000,135.9738,7.7551,0.0000,-779.072,-3.938,-1.582,-307.533,0.1450,-0.0293,0.9033,
32.742,IMU,271.9475,0.0000,135.9738,7.7551,0.0000,-779.072,-4.004,-1.421,-307.385,0.1040,0.0737,1.0063,
32.755,ENC,272.0754,0.0000,136.0377,6.3916,0.0000,-779.438,-4.004,-1.421,-307.385,0.1040,0.0737,1.0063,
32.762,IMU,272.0754,0.0000,136.0377,6.3916,0.0000,-779.438,-3.934,-1.365,-307.243,-0.0610,0.0454,1.1206,
32.773,ENC,272.2049,0.0000,136.1024,6.4768,0.0000,-779.810,-3.934,-1.365,-307.243,-0.0610,0.0454,1.1206,
32.783,IMU,272.2049,0.0000,136.1024,6.4768,0.0000,-779.810,-3.880,-1.294,-307.169,-0.0107,0.0361,1.1016,
32.793,ENC,272.3395,0.0000,136.1698,6.7325,0.0000,-780.195,-3.880,-1.294,-307.169,-0.0107,0.0361,1.1016,
32.805,IMU,272.3395,0.0000,136.1698,6.7325,0.0000,-780.195,-3.866,-1.255,-307.052,0.0464,0.0444,1.1016,
32.812,ENC,272.4657,0.0000,136.2328,6.3064,0.0000,-780.557,-3.866,-1.255,-307.052,0.0464,0.0444,1.1016,
32.822,IMU,272.4657,0.0000,136.2328,6.3064,0.0000,-780.557,-4.015,-1.152,-307.001,0.2324,0.0068,0.9453,
32.833,ENC,272.5901,0.0000,136.2950,6.2211,0.0000,-780.913,-4.015,-1.152,-307.001,0.2324,0.0068,0.9453,
32.842,IMU,272.5901,0.0000,136.2950,6.2211,0.0000,-780.913,-4.036,-1.374,-306.944,0.0723,-0.2070,0.9365,
32.855,ENC,272.7128,0.0000,136.3564,6.1359,0.0000,-781.265,-4.036,-1.374,-306.944,0.0723,-0.2070,0.9365,
32.862,IMU,272.7128,0.0000,136.3564,6.1359,0.0000,-781.265,-3.950,-1.225,-306.856,0.0420,0.0718,0.9780,
32.872,ENC,272.8389,0.0000,136.4195,6.3064,0.0000,-781.626,-3.950,-1.225,-306.856,0.0420,0.0718,0.9780,
32.882,IMU,272.8389,0.0000,136.4195,6.3064,0.0000,-781.626,-4.025,-1.402,-306.770,0.1187,-0.1602,0.9126,
32.892,ENC,272.9804,0.0000,136.4902,7.0734,0.0000,-782.031,-4.025,-1.402,-306.770,0.1187,-0.1602,0.9126,
32.902,IMU,272.9804,0.0000,136.4902,7.0734,0.0000,-782.031,-3.998,-1.599,-306.696,0.0386,-0.2227,0.9595,
32.913,ENC,273.0895,0.0000,136.5447,5.4542,0.0000,-782.344,-3.998,-1.599,-306.696,0.0386,-0.2227,0.9595,
32.923,IMU,273.0895,0.0000,136.5447,5.4542,0.0000,-782.344,-3.924,-1.590,-306.566,-0.0781,-0.0708,1.0596,
32.932,ENC,273.1662,0.0000,136.5831,3.8350,0.0000,-782.563,-3.924,-1.590,-306.566,-0.0781,-0.0708,1.0596,
32.944,IMU,273.1662,0.0000,136.5831,3.8350,0.0000,-782.563,-3.994,-1.514,-306.328,0.1284,0.0103,0.8130,
32.955,ENC,273.2344,0.0000,136.6172,3.4088,0.0000,-782.759,-3.994,-1.514,-306.328,0.1284,0.0103,0.8130,
32.964,IMU,273.2344,0.0000,136.6172,3.4088,0.0000,-782.759,-4.003,-1.572,-306.100,0.0200,-0.0688,1.0518,
32.974,ENC,273.2991,0.0000,136.6496,3.2384,0.0000,-782.944,-4.003,-1.572,-306.100,0.0200,-0.0688,1.0518,
32.996,ENC,273.3690,0.0000,136.6845,3.4941,0.0000,-783.145,-4.003,-1.572,-306.100,0.0200,-0.0688,1.0518,
33.002,IMU,273.3690,0.0000,136.6845,3.4941,0.0000,-783.145,-3.977,-1.532,-305.761,0.1436,0.0137,0.8638,
33.013,ENC,273.4338,0.0000,136.7169,3.2384,0.0000,-783.330,-3.977,-1.532,-305.761,0.1436,0.0137,0.8638,
33.023,IMU,273.4338,0.0000,136.7169,3.2384,0.0000,-783.330,-4.105,-1.594,-305.552,0.1782,-0.0708,0.8784,
33.032,ENC,273.4934,0.0000,136.7467,2.9827,0.0000,-783.501,-4.105,-1.594,-305.552,0.1782,-0.0708,0.8784,
33.042,IMU,273.4934,0.0000,136.7467,2.9827,0.0000,-783.501,-4.219,-1.587,-305.289,0.1680,-0.0342,0.9722,
33.053,ENC,273.5565,0.0000,136.7782,3.1532,0.0000,-783.682,-4.219,-1.587,-305.289,0.1680,-0.0342,0.9722,
33.062,IMU,273.5565,0.0000,136.7782,3.1532,0.0000,-783.682,-4.277,-1.470,-305.087,0.1270,0.0269,1.0161,
33.075,ENC,273.6247,0.0000,136.8123,3.4088,0.0000,-783.877,-4.277,-1.470,-305.087,0.1270,0.0269,1.0161,
33.082,IMU,273.6247,0.0000,136.8123,3.4088,0.0000,-783.877,-4.263,-1.436,-304.897,0.1196,0.0117,0.9629,
33.095,ENC,273.6980,0.0000,136.8490,3.6645,0.0000,-784.087,-4.263,-1.436,-304.897,0.1196,0.0117,0.9629,
33.103,IMU,273.6980,0.0000,136.8490,3.6645,0.0000,-784.087,-4.268,-1.397,-304.704,0.0835,0.0557,1.0103,
33.112,ENC,273.7713,0.0000,136.8856,3.6645,0.0000,-784.297,-4.268,-1.397,-304.704,0.0835,0.0557,1.0103,
33.122,IMU,273.7713,0.0000,136.8856,3.6645,0.0000,-784.297,-4.295,-1.250,-304.464,0.1270,0.0449,0.9023,
33.133,ENC,273.8463,0.0000,136.9231,3.7497,0.0000,-784.512,-4.295,-1.250,-304.464,0.1270,0.0449,0.9023,
33.143,IMU,273.8463,0.0000,136.9231,3.7497,0.0000,-784.512,-4.484,-1.265,-304.243,0.1768,-0.0239,0.8350,
33.152,ENC,273.9229,0.0000,136.9615,3.8350,0.0000,-784.731,-4.484,-1.265,-304.243,0.1768,-0.0239,0.8350,
33.168,IMU,273.9229,0.0000,136.9615,3.8350,0.0000,-784.731,-4.497,-1.204,-304.053,0.1172,0.0303,1.0625,
33.172,ENC,273.9979,0.0000,136.9990,3.7497,0.0000,-784.946,-4.497,-1.204,-304.053,0.1172,0.0303,1.0625,
33.182,IMU,273.9979,0.0000,136.9990,3.7497,0.0000,-784.946,-4.539,-1.076,-303.818,0.1113,0.0532,0.9312,
33.192,ENC,274.0746,0.0000,137.0373,3.8350,0.0000,-785.166,-4.539,-1.076,-303.818,0.1113,0.0532,0.9312,
33.203,IMU,274.0746,0.0000,137.0373,3.8350,0.0000,-785.166,-4.651,-1.121,-303.592,0.1284,-0.0771,0.9878,
33.212,ENC,274.1479,0.0000,137.0740,3.6645,0.0000,-785.376,-4.651,-1.121,-303.592,0.1284,-0.0771,0.9878,
33.223,IMU,274.1479,0.0000,137.0740,3.6645,0.0000,-785.376,-4.555,-1.131,-303.335,-0.0698,-0.0078,1.1396,
33.239,ENC,274.2468,0.0000,137.1234,4.9428,0.0000,-785.659,-4.555,-1.131,-303.335,-0.0698,-0.0078,1.1396,
33.253,IMU,274.2468,0.0000,137.1234,4.9428,0.0000,-785.659,-4.512,-1.096,-303.164,0.0674,0.0317,1.0864,
33.255,ENC,274.3491,0.0000,137.1745,5.1133,0.0000,-785.952,-4.512,-1.096,-303.164,0.0674,0.0317,1.0864,
33.263,IMU,274.3491,0.0000,137.1745,5.1133,0.0000,-785.952,-4.573,-1.028,-303.008,0.1089,-0.0117,0.9902,
33.274,ENC,274.4615,0.0000,137.2308,5.6246,0.0000,-786.274,-4.573,-1.028,-303.008,0.1089,-0.0117,0.9902,
33.282,IMU,274.4615,0.0000,137.2308,5.6246,0.0000,-786.274,-4.567,-0.983,-302.922,0.1147,-0.0220,0.8677,
33.292,ENC,274.5638,0.0000,137.2819,5.1133,0.0000,-786.567,-4.567,-0.983,-302.922,0.1147,-0.0220,0.8677,
33.302,IMU,274.5638,0.0000,137.2819,5.1133,0.0000,-786.567,-4.619,-0.804,-302.769,0.1118,0.1162,1.0127,
33.313,ENC,274.6780,-0.2182,137.2299,5.7098,-10.9083,-787.520,-4.619,-0.804,-302.769,0.1118,0.1162,1.0127,
33.322,IMU,274.6780,-0.2182,137.2299,5.7098,-10.9083,-787.520,-4.553,-0.803,-302.575,0.0181,0.0332,1.0864,
33.332,ENC,274.7939,0.0000,137.3970,5.7950,10.9083,-787.227,-4.553,-0.803,-302.575,0.0181,0.0332,1.0864,
33.342,IMU,274.7939,0.0000,137.3970,5.7950,10.9083,-787.227,-4.522,-0.785,-302.422,0.0098,-0.0503,1.1006,
33.352,ENC,274.9166,0.0000,137.4583,6.1359,0.0000,-787.578,-4.522,-0.785,-302.422,0.0098,-0.0503,1.1006,
33.363,IMU,274.9166,0.0000,137.4583,6.1359,0.0000,-787.578,-4.592,-0.779,-302.265,0.0439,-0.0088,1.0415,
33.372,ENC,275.0411,0.0000,137.5205,6.2211,0.0000,-787.935,-4.592,-0.779,-302.265,0.0439,-0.0088,1.0415,
33.382,IMU,275.0411,0.0000,137.5205,6.2211,0.0000,-787.935,-4.740,-0.683,-302.132,0.1558,0.0586,0.9326,
33.392,ENC,275.1723,0.0000,137.5861,6.5620,0.0000,-788.311,-4.740,-0.683,-302.132,0.1558,0.0586,0.9326,
33.413,ENC,275.3103,0.0000,137.6552,6.9029,0.0000,-788.706,-4.740,-0.683,-302.132,0.1558,0.0586,0.9326,
33.422,IMU,275.3103,0.0000,137.6552,6.9029,0.0000,-788.706,-4.739,-0.629,-301.905,0.1367,0.0503,0.9448,
33.432,ENC,275.4637,0.0000,137.7319,7.6699,0.0000,-789.146,-4.739,-0.629,-301.905,0.1367,0.0503,0.9448,
33.442,IMU,275.4637,0.0000,137.7319,7.6699,0.0000,-789.146,-4.796,-0.542,-301.838,0.1787,0.0767,1.0508,
33.452,ENC,275.6171,0.0000,137.8086,7.6699,0.0000,-789.585,-4.796,-0.542,-301.838,0.1787,0.0767,1.0508,
33.462,IMU,275.6171,0.0000,137.8086,7.6699,0.0000,-789.585,-4.830,-0.443,-301.817,0.1172,0.0757,0.9868,
33.472,ENC,275.7791,0.0000,137.8895,8.0960,0.0000,-790.049,-4.830,-0.443,-301.817,0.1172,0.0757,0.9868,
33.483,IMU,275.7791,0.0000,137.8895,8.0960,0.0000,-790.049,-4.922,-0.556,-301.787,0.1323,-0.1099,0.8960,
33.492,ENC,275.9239,0.0000,137.9620,7.2438,0.0000,-790.464,-4.922,-0.556,-301.787,0.1323,-0.1099,0.8960,
33.502,IMU,275.9239,0.0000,137.9620,7.2438,0.0000,-790.464,-4.829,-0.872,-301.740,0.0098,-0.2397,0.9419,
33.513,ENC,276.0790,0.1960,138.1375,7.7551,9.8004,-790.347,-4.829,-0.872,-301.740,0.0098,-0.2397,0.9419,
33.523,IMU,276.0790,0.1960,138.1375,7.7551,9.8004,-790.347,-4.666,-0.866,-301.692,-0.1001,0.0107,1.1758,
33.532,ENC,276.2188,0.0000,138.1094,6.9881,-9.8004,-791.309,-4.666,-0.866,-301.692,-0.1001,0.0107,1.1758,
33.545,IMU,276.2188,0.0000,138.1094,6.9881,-9.8004,-791.309,-4.728,-0.751,-301.629,0.1958,0.0884,0.8960,
33.553,ENC,276.3586,0.0000,138.1793,6.9881,0.0000,-791.709,-4.728,-0.751,-301.629,0.1958,0.0884,0.8960,
33.562,IMU,276.3586,0.0000,138.1793,6.9881,0.0000,-791.709,-4.857,-0.842,-301.607,0.1694,-0.1377,0.9253,
33.572,ENC,276.4966,0.0000,138.2483,6.9029,0.0000,-792.104,-4.857,-0.842,-301.607,0.1694,-0.1377,0.9253,
33.583,IMU,276.4966,0.0000,138.2483,6.9029,0.0000,-792.104,-4.863,-0.747,-301.633,0.1182,0.1055,0.9404,
33.593,ENC,276.6568,0.0000,138.3284,8.0108,0.0000,-792.563,-4.863,-0.747,-301.633,0.1182,0.1055,0.9404,
33.602,IMU,276.6568,0.0000,138.3284,8.0108,0.0000,-792.563,-4.837,-0.682,-301.707,0.1362,0.0581,0.9067,
33.612,ENC,276.8239,0.0000,138.4119,8.3517,0.0000,-793.042,-4.837,-0.682,-301.707,0.1362,0.0581,0.9067,
33.622,IMU,276.8239,0.0000,138.4119,8.3517,0.0000,-793.042,-4.681,-0.714,-301.763,-0.0078,-0.0381,0.9219,
33.642,IMU,276.8239,0.0000,138.4119,8.3517,0.0000,-793.042,-4.596,-0.704,-301.846,0.0322,0.0151,0.9604,
33.652,ENC,277.1801,0.0000,138.5901,8.9056,0.0000,-794.062,-4.596,-0.704,-301.846,0.0322,0.0151,0.9604,
33.662,IMU,277.1801,0.0000,138.5901,8.9056,0.0000,-794.062,-4.515,-0.642,-301.866,0.0249,-0.0010,0.9541,
33.672,ENC,277.3642,0.0000,138.6821,9.2039,0.0000,-794.590,-4.515,-0.642,-301.866,0.0249,-0.0010,0.9541,
33.683,IMU,277.3642,0.0000,138.6821,9.2039,0.0000,-794.590,-4.482,-0.696,-301.911,0.0889,-0.0732,0.9790,
33.693,ENC,277.5414,0.0000,138.7707,8.8630,0.0000,-795.098,-4.482,-0.696,-301.911,0.0889,-0.0732,0.9790,
33.703,IMU,277.5414,0.0000,138.7707,8.8630,0.0000,-795.098,-4.428,-0.733,-301.905,0.0264,-0.0576,0.9893,
33.713,ENC,277.7136,0.0000,138.8568,8.6073,0.0000,-795.591,-4.428,-0.733,-301.905,0.0264,-0.0576,0.9893,
33.722,IMU,277.7136,0.0000,138.8568,8.6073,0.0000,-795.591,-4.494,-0.792,-301.849,0.1714,-0.0371,0.9243,
33.732,ENC,277.8874,0.1960,139.0417,8.6926,9.8004,-795.527,-4.494,-0.792,-301.849,0.1714,-0.0371,0.9243,
33.742,IMU,277.8874,0.1960,139.0417,8.6926,9.8004,-795.527,-4.501,-0.753,-301.850,0.1270,-0.0156,0.9688,
33.752,ENC,278.0511,0.0000,139.0255,8.1812,-9.8004,-796.558,-4.501,-0.753,-301.850,0.1270,-0.0156,0.9688,
33.762,IMU,278.0511,0.0000,139.0255,8.1812,-9.8004,-796.558,-4.538,-0.748,-301.860,0.0835,0.0029,1.0083,
33.772,ENC,278.2266,0.0000,139.1133,8.7778,0.0000,-797.061,-4.538,-0.748,-301.860,0.0835,0.0029,1.0083,
33.782,IMU,278.2266,0.0000,139.1133,8.7778,0.0000,-797.061,-4.495,-0.654,-301.896,0.0781,0.0591,0.9375,
33.795,ENC,278.4056,0.0000,139.2028,8.9482,0.0000,-797.573,-4.495,-0.654,-301.896,0.0781,0.0591,0.9375,
33.802,IMU,278.4056,0.0000,139.2028,8.9482,0.0000,-797.573,-4.481,-0.575,-301.883,0.0005,0.0723,1.0239,
33.813,ENC,278.5794,0.0000,139.2897,8.6926,0.0000,-798.071,-4.481,-0.575,-301.883,0.0005,0.0723,1.0239,
33.822,IMU,278.5794,0.0000,139.2897,8.6926,0.0000,-798.071,-4.381,-0.654,-301.964,0.0161,-0.0615,0.9346,
33.833,ENC,278.7601,0.0000,139.3801,9.0334,0.0000,-798.589,-4.381,-0.654,-301.964,0.0161,-0.0615,0.9346,
33.845,IMU,278.7601,0.0000,139.3801,9.0334,0.0000,-798.589,-4.314,-0.593,-301.980,0.0039,0.0386,1.0645,
33.856,ENC,278.9271,0.0000,139.4636,8.3517,0.0000,-799.067,-4.314,-0.593,-301.980,0.0039,0.0386,1.0645,
33.868,IMU,278.9271,0.0000,139.4636,8.3517,0.0000,-799.067,-4.268,-0.528,-301.992,0.0371,0.0298,1.0347,
33.874,ENC,279.0908,0.0000,139.5454,8.1812,0.0000,-799.536,-4.268,-0.528,-301.992,0.0371,0.0298,1.0347,
33.895,ENC,279.2561,0.1960,139.7260,8.2665,9.8004,-799.448,-4.268,-0.528,-301.992,0.0371,0.0298,1.0347,
33.908,IMU,279.2561,0.1960,139.7260,8.2665,9.8004,-799.448,-4.233,-0.566,-301.936,0.0762,0.0244,1.0806,
33.916,ENC,279.4027,0.0000,139.7013,7.3290,-9.8004,-800.430,-4.233,-0.566,-301.936,0.0762,0.0244,1.0806,
33.922,IMU,279.4027,0.0000,139.7013,7.3290,-9.8004,-800.430,-4.259,-0.526,-301.878,0.1167,-0.0039,1.0029,
33.933,ENC,279.5475,0.0000,139.7738,7.2438,0.0000,-800.845,-4.259,-0.526,-301.878,0.1167,-0.0039,1.0029,
33.942,IMU,279.5475,0.0000,139.7738,7.2438,0.0000,-800.845,-4.220,-0.431,-301.878,0.0747,0.0684,1.0098,
33.952,ENC,279.6873,0.0000,139.8437,6.9881,0.0000,-801.245,-4.220,-0.431,-301.878,0.0747,0.0684,1.0098,
33.967,IMU,279.6873,0.0000,139.8437,6.9881,0.0000,-801.245,-4.252,-0.496,-301.944,0.0664,-0.0630,0.9551,
33.972,ENC,279.8407,0.0000,139.9204,7.6699,0.0000,-801.685,-4.252,-0.496,-301.944,0.0664,-0.0630,0.9551,
33.983,IMU,279.8407,0.0000,139.9204,7.6699,0.0000,-801.685,-4.369,-0.647,-302.027,0.1831,-0.0576,0.8472,
33.992,ENC,279.9873,0.0000,139.9936,7.3290,0.0000,-802.104,-4.369,-0.647,-302.027,0.1831,-0.0576,0.8472,
34.002,IMU,279.9873,0.0000,139.9936,7.3290,0.0000,-802.104,-4.413,-0.782,-302.145,0.1392,-0.0361,1.0000,
34.012,ENC,280.1526,0.0000,140.0763,8.2665,0.0000,-802.578,-4.413,-0.782,-302.145,0.1392,-0.0361,1.0000,
34.022,IMU,280.1526,0.0000,140.0763,8.2665,0.0000,-802.578,-4.375,-0.736,-302.336,0.0913,-0.0078,1.1733,
34.032,ENC,280.3196,0.0000,140.1598,8.3517,0.0000,-803.057,-4.375,-0.736,-302.336,0.0913,-0.0078,1.1733,
34.043,IMU,280.3196,0.0000,140.1598,8.3517,0.0000,-803.057,-4.505,-0.771,-302.491,0.1367,-0.0737,0.8481,
34.055,ENC,280.5054,0.0000,140.2527,9.2891,0.0000,-803.589,-4.505,-0.771,-302.491,0.1367,-0.0737,0.8481,
34.062,IMU,280.5054,0.0000,140.2527,9.2891,0.0000,-803.589,-4.575,-0.721,-302.726,0.1162,0.0034,0.9170,
34.072,ENC,280.6980,0.0000,140.3490,9.6300,0.0000,-804.141,-4.575,-0.721,-302.726,0.1162,0.0034,0.9170,
34.082,IMU,280.6980,0.0000,140.3490,9.6300,0.0000,-804.141,-4.544,-0.932,-303.045,0.0425,-0.1050,1.0625,
34.092,ENC,280.9060,0.0000,140.4530,10.3970,0.0000,-804.736,-4.544,-0.932,-303.045,0.0425,-0.1050,1.0625,
34.102,IMU,280.9060,0.0000,140.4530,10.3970,0.0000,-804.736,-4.453,-0.832,-303.309,0.0029,0.0962,1.1387,
34.112,ENC,281.1156,0.0000,140.5578,10.4822,0.0000,-805.337,-4.453,-0.832,-303.309,0.0029,0.0962,1.1387,
34.133,ENC,281.3270,0.0000,140.6635,10.5674,0.0000,-805.942,-4.453,-0.832,-303.309,0.0029,0.0962,1.1387,
34.143,IMU,281.3270,0.0000,140.6635,10.5674,0.0000,-805.942,-4.546,-0.799,-303.751,0.1274,0.0342,1.0454,
34.152,ENC,281.5451,0.0000,140.7726,10.9083,0.0000,-806.567,-4.546,-0.799,-303.751,0.1274,0.0342,1.0454,
34.162,IMU,281.5451,0.0000,140.7726,10.9083,0.0000,-806.567,-4.614,-0.686,-304.043,0.0747,0.0635,1.1475,
34.172,ENC,281.7582,0.0000,140.8791,10.6526,0.0000,-807.178,-4.614,-0.686,-304.043,0.0747,0.0635,1.1475,
34.187,IMU,281.7582,0.0000,140.8791,10.6526,0.0000,-807.178,-4.595,-0.753,-304.306,0.1182,-0.0728,0.9839,
34.192,ENC,281.9832,0.0000,140.9916,11.2492,0.0000,-807.822,-4.595,-0.753,-304.306,0.1182,-0.0728,0.9839,
34.202,IMU,281.9832,0.0000,140.9916,11.2492,0.0000,-807.822,-4.605,-0.769,-304.538,0.0962,0.0024,1.0698,
34.212,ENC,282.2030,0.0000,141.1015,10.9935,0.0000,-808.452,-4.605,-0.769,-304.538,0.0962,0.0024,1.0698,
34.223,IMU,282.2030,0.0000,141.1015,10.9935,0.0000,-808.452,-4.615,-0.760,-304.797,0.0967,-0.0020,0.8647,
34.233,ENC,282.4348,0.0000,141.2174,11.5901,0.0000,-809.116,-4.615,-0.760,-304.797,0.0967,-0.0020,0.8647,
34.244,IMU,282.4348,0.0000,141.2174,11.5901,0.0000,-809.116,-4.537,-0.809,-305.064,0.0635,-0.0225,0.9307,
34.252,ENC,282.6564,-0.1960,141.2302,11.0788,-9.8004,-810.312,-4.537,-0.809,-305.064,0.0635,-0.0225,0.9307,
34.264,IMU,282.6564,-0.1960,141.2302,11.0788,-9.8004,-810.312,-4.513,-0.881,-305.367,0.0225,-0.0454,1.0039,
34.272,ENC,282.8712,0.0000,141.4356,10.7379,9.8004,-810.366,-4.513,-0.881,-305.367,0.0225,-0.0454,1.0039,
34.283,IMU,282.8712,0.0000,141.4356,10.7379,9.8004,-810.366,-4.421,-0.804,-305.620,-0.0210,0.0356,1.0376,
34.292,ENC,283.0808,0.0000,141.5404,10.4822,0.0000,-810.967,-4.421,-0.804,-305.620,-0.0210,0.0356,1.0376,
34.302,IMU,283.0808,0.0000,141.5404,10.4822,0.0000,-810.967,-4.496,-0.979,-305.865,0.1182,-0.1050,1.0342,
34.313,ENC,283.2853,0.0000,141.6427,10.2265,0.0000,-811.553,-4.496,-0.979,-305.865,0.1182,-0.1050,1.0342,
34.325,IMU,283.2853,0.0000,141.6427,10.2265,0.0000,-811.553,-4.510,-1.075,-306.156,0.1118,-0.0825,1.1006,
34.332,ENC,283.4950,-0.2182,141.6384,10.4822,-10.9083,-812.778,-4.510,-1.075,-306.156,0.1118,-0.0825,1.1006,
34.342,IMU,283.4950,-0.2182,141.6384,10.4822,-10.9083,-812.778,-4.478,-1.164,-306.442,0.0039,-0.0781,1.1724,
34.364,IMU,283.4950,-0.2182,141.6384,10.4822,-10.9083,-812.778,-4.515,-1.222,-306.735,0.0928,-0.0146,0.8589,
34.373,ENC,283.9006,0.0000,141.9503,10.1413,5.4542,-813.315,-4.515,-1.222,-306.735,0.0928,-0.0146,0.8589,
34.382,IMU,283.9006,0.0000,141.9503,10.1413,5.4542,-813.315,-4.517,-1.218,-306.988,0.0566,-0.0083,0.9453,
34.392,ENC,284.1069,0.0000,142.0534,10.3118,0.0000,-813.906,-4.517,-1.218,-306.988,0.0566,-0.0083,0.9453,
34.402,IMU,284.1069,0.0000,142.0534,10.3118,0.0000,-813.906,-4.521,-1.165,-307.246,0.0674,0.0054,0.8901,
34.412,ENC,284.3148,0.0000,142.1574,10.3970,0.0000,-814.502,-4.521,-1.165,-307.246,0.0674,0.0054,0.8901,
34.423,IMU,284.3148,0.0000,142.1574,10.3970,0.0000,-814.502,-4.484,-1.052,-307.477,0.0327,0.0874,1.0273,
34.432,ENC,284.5006,0.0000,142.2503,9.2891,0.0000,-815.034,-4.484,-1.052,-307.477,0.0327,0.0874,1.0273,
34.442,IMU,284.5006,0.0000,142.2503,9.2891,0.0000,-815.034,-4.407,-0.963,-307.592,-0.0054,0.0581,1.1313,
34.452,ENC,284.6659,0.0000,142.3330,8.2665,0.0000,-815.508,-4.407,-0.963,-307.592,-0.0054,0.0581,1.1313,
34.465,IMU,284.6659,0.0000,142.3330,8.2665,0.0000,-815.508,-4.393,-0.750,-307.734,0.0825,0.1387,1.0005,
34.473,ENC,284.8108,0.0000,142.4054,7.2438,0.0000,-815.923,-4.393,-0.750,-307.734,0.0825,0.1387,1.0005,
34.482,IMU,284.8108,0.0000,142.4054,7.2438,0.0000,-815.923,-4.324,-0.522,-307.798,-0.0005,0.1357,1.0317,
34.492,ENC,284.9352,0.0000,142.4676,6.2211,0.0000,-816.279,-4.324,-0.522,-307.798,-0.0005,0.1357,1.0317,
34.503,IMU,284.9352,0.0000,142.4676,6.2211,0.0000,-816.279,-4.384,-0.328,-307.891,0.1055,0.1328,0.9419,
34.512,ENC,285.0494,0.0000,142.5247,5.7098,0.0000,-816.606,-4.384,-0.328,-307.891,0.1055,0.1328,0.9419,
34.522,IMU,285.0494,0.0000,142.5247,5.7098,0.0000,-816.606,-4.354,-0.225,-308.061,0.0596,0.0903,1.0259,
34.533,ENC,285.1534,0.0000,142.5767,5.1985,0.0000,-816.904,-4.354,-0.225,-308.061,0.0596,0.0903,1.0259,
34.542,IMU,285.1534,0.0000,142.5767,5.1985,0.0000,-816.904,-4.378,-0.137,-308.246,0.0879,0.0967,0.9707,
34.552,ENC,285.2505,0.0000,142.6253,4.8576,0.0000,-817.183,-4.378,-0.137,-308.246,0.0879,0.0967,0.9707,
34.562,IMU,285.2505,0.0000,142.6253,4.8576,0.0000,-817.183,-4.393,-0.071,-308.416,0.0615,0.0713,1.0063,
34.572,ENC,285.3375,0.0000,142.6687,4.3463,0.0000,-817.432,-4.393,-0.071,-308.416,0.0615,0.0713,1.0063,
34.582,IMU,285.3375,0.0000,142.6687,4.3463,0.0000,-817.432,-4.421,-0.029,-308.575,0.1279,0.0513,0.9722,
34.594,ENC,285.4210,0.0000,142.7105,4.1758,0.0000,-817.671,-4.421,-0.029,-308.575,0.1279,0.0513,0.9722,
34.602,IMU,285.4210,0.0000,142.7105,4.1758,0.0000,-817.671,-4.345,-0.081,-308.795,0.0386,0.0059,0.9795,
34.613,ENC,285.4994,0.0000,142.7497,3.9202,0.0000,-817.896,-4.345,-0.081,-308.795,0.0386,0.0059,0.9795,
34.622,IMU,285.4994,0.0000,142.7497,3.9202,0.0000,-817.896,-4.342,-0.037,-309.031,0.0703,0.0420,1.0713,
34.632,ENC,285.5693,0.0000,142.7846,3.4941,0.0000,-818.096,-4.342,-0.037,-309.031,0.0703,0.0420,1.0713,
34.642,IMU,285.5693,0.0000,142.7846,3.4941,0.0000,-818.096,-4.347,-0.009,-309.267,0.0889,0.0322,0.9766,
34.654,ENC,285.6409,0.0000,142.8204,3.5793,0.0000,-818.301,-4.347,-0.009,-309.267,0.0889,0.0322,0.9766,
34.663,IMU,285.6409,0.0000,142.8204,3.5793,0.0000,-818.301,-4.285,-0.070,-309.457,0.0186,0.0083,1.0059,
34.672,ENC,285.7124,0.1960,142.9542,3.5793,9.8004,-817.944,-4.285,-0.070,-309.457,0.0186,0.0083,1.0059,
34.682,IMU,285.7124,0.1960,142.9542,3.5793,9.8004,-817.944,-4.270,-0.077,-309.621,0.0596,0.0400,1.0420,
34.693,ENC,285.7823,0.0000,142.8912,3.4941,-9.8004,-818.706,-4.270,-0.077,-309.621,0.0596,0.0400,1.0420,
34.703,IMU,285.7823,0.0000,142.8912,3.4941,-9.8004,-818.706,-4.256,-0.056,-309.823,0.0293,0.0249,1.0259,
34.714,ENC,285.8471,0.1739,143.0105,3.2384,8.6926,-818.394,-4.256,-0.056,-309.823,0.0293,0.0249,1.0259,
34.722,IMU,285.8471,0.1739,143.0105,3.2384,8.6926,-818.394,-4.238,-0.112,-310.072,0.0576,0.0073,0.9878,
34.733,ENC,285.9119,0.0000,142.9559,3.2384,-8.6926,-819.077,-4.238,-0.112,-310.072,0.0576,0.0073,0.9878,
34.743,IMU,285.9119,0.0000,142.9559,3.2384,-8.6926,-819.077,-4.154,-0.208,-310.297,0.0210,-0.0503,1.0498,
34.752,ENC,285.9732,0.0000,142.9866,3.0680,0.0000,-819.253,-4.154,-0.208,-310.297,0.0210,-0.0503,1.0498,
34.762,IMU,285.9732,0.0000,142.9866,3.0680,0.0000,-819.253,-4.145,-0.214,-310.412,0.0664,-0.0039,1.0518,
34.773,ENC,286.0312,0.0000,143.0156,2.8975,0.0000,-819.419,-4.145,-0.214,-310.412,0.0664,-0.0039,1.0518,
34.782,IMU,286.0312,0.0000,143.0156,2.8975,0.0000,-819.419,-4.127,-0.213,-310.614,0.0889,-0.0024,0.9458,
34.793,ENC,286.0942,0.0000,143.0471,3.1532,0.0000,-819.600,-4.127,-0.213,-310.614,0.0889,-0.0024,0.9458,
34.804,IMU,286.0942,0.0000,143.0471,3.1532,0.0000,-819.600,-4.177,-0.205,-310.827,0.0752,0.0015,1.0176,
34.813,ENC,286.1556,0.0000,143.0778,3.0680,0.0000,-819.775,-4.177,-0.205,-310.827,0.0752,0.0015,1.0176,
34.823,IMU,286.1556,0.0000,143.0778,3.0680,0.0000,-819.775,-4.167,-0.313,-311.004,0.0698,-0.0483,0.9780,
34.831,ENC,286.2118,0.0000,143.1059,2.8123,0.0000,-819.937,-4.167,-0.313,-311.004,0.0698,-0.0483,0.9780,
34.842,IMU,286.2118,0.0000,143.1059,2.8123,0.0000,-819.937,-4.107,-0.336,-311.212,0.0762,-0.0425,0.9897,
34.852,ENC,286.2715,0.0000,143.1357,2.9827,0.0000,-820.107,-4.107,-0.336,-311.212,0.0762,-0.0425,0.9897,
34.872,ENC,286.3294,0.0000,143.1647,2.8975,0.0000,-820.273,-4.107,-0.336,-311.212,0.0762,-0.0425,0.9897,
34.882,IMU,286.3294,0.0000,143.1647,2.8975,0.0000,-820.273,-4.260,-0.293,-311.625,0.0991,0.0229,1.0205,
34.892,ENC,286.3874,0.0000,143.1937,2.8975,0.0000,-820.439,-4.260,-0.293,-311.625,0.0991,0.0229,1.0205,
34.902,IMU,286.3874,0.0000,143.1937,2.8975,0.0000,-820.439,-4.263,-0.334,-311.832,0.0703,-0.0190,0.9990,
34.914,ENC,286.4453,0.0000,143.2227,2.8975,0.0000,-820.605,-4.263,-0.334,-311.832,0.0703,-0.0190,0.9990,
34.922,IMU,286.4453,0.0000,143.2227,2.8975,0.0000,-820.605,-4.213,-0.342,-312.026,0.0420,-0.0132,0.9883,
34.933,ENC,286.5033,0.0000,143.2516,2.8975,0.0000,-820.771,-4.213,-0.342,-312.026,0.0420,-0.0132,0.9883,
34.943,IMU,286.5033,0.0000,143.2516,2.8975,0.0000,-820.771,-4.245,-0.406,-312.229,0.0547,-0.0352,1.0542,
34.953,ENC,286.5630,0.0000,143.2815,2.9827,0.0000,-820.942,-4.245,-0.406,-312.229,0.0547,-0.0352,1.0542,
34.963,IMU,286.5630,0.0000,143.2815,2.9827,0.0000,-820.942,-4.228,-0.303,-312.501,0.1011,0.0317,0.9775,
34.972,ENC,286.6226,0.0000,143.3113,2.9827,0.0000,-821.113,-4.228,-0.303,-312.501,0.1011,0.0317,0.9775,
34.983,IMU,286.6226,0.0000,143.3113,2.9827,0.0000,-821.113,-4.238,-0.294,-312.768,0.0791,-0.0176,0.9731,
34.992,ENC,286.6857,0.0000,143.3428,3.1532,0.0000,-821.294,-4.238,-0.294,-312.768,0.0791,-0.0176,0.9731,
35.002,IMU,286.6857,0.0000,143.3428,3.1532,0.0000,-821.294,-4.239,-0.314,-312.972,0.0781,0.0195,1.0137,
35.012,ENC,286.7538,0.0000,143.3769,3.4088,0.0000,-821.489,-4.239,-0.314,-312.972,0.0781,0.0195,1.0137,
35.022,IMU,286.7538,0.0000,143.3769,3.4088,0.0000,-821.489,-4.231,-0.284,-313.216,0.0806,0.0107,1.0244,
35.032,ENC,286.8084,0.0000,143.4042,2.7271,0.0000,-821.646,-4.231,-0.284,-313.216,0.0806,0.0107,1.0244,
35.043,IMU,286.8084,0.0000,143.4042,2.7271,0.0000,-821.646,-4.189,-0.327,-313.469,0.0635,-0.0171,0.9634,
35.064,IMU,286.8084,0.0000,143.4042,2.7271,0.0000,-821.646,-4.169,-0.316,-313.685,0.0796,0.0503,1.0322,
35.065,ENC,286.8663,0.0000,143.4332,2.8975,0.0000,-821.812,-4.169,-0.316,-313.685,0.0796,0.0503,1.0322,
35.071,ENC,286.9192,0.0000,143.4596,2.6419,0.0000,-821.963,-4.169,-0.316,-313.685,0.0796,0.0503,1.0322,
35.082,IMU,286.9192,0.0000,143.4596,2.6419,0.0000,-821.963,-4.062,-0.315,-313.862,0.0332,0.0024,1.0234,
35.092,ENC,286.9703,0.0000,143.4852,2.5566,0.0000,-822.109,-4.062,-0.315,-313.862,0.0332,0.0024,1.0234,
35.103,IMU,286.9703,0.0000,143.4852,2.5566,0.0000,-822.109,-4.065,-0.365,-314.082,0.0488,-0.0259,0.9546,
35.112,ENC,287.0231,0.0000,143.5116,2.6419,0.0000,-822.261,-4.065,-0.365,-314.082,0.0488,-0.0259,0.9546,
35.123,IMU,287.0231,0.0000,143.5116,2.6419,0.0000,-822.261,-4.059,-0.383,-314.320,0.0640,-0.0083,1.0186,
35.132,ENC,287.0743,0.0000,143.5371,2.5566,0.0000,-822.407,-4.059,-0.383,-314.320,0.0640,-0.0083,1.0186,
35.144,IMU,287.0743,0.0000,143.5371,2.5566,0.0000,-822.407,-4.072,-0.323,-314.480,0.0908,0.0088,1.0117,
35.154,ENC,287.1271,0.0000,143.5636,2.6419,0.0000,-822.559,-4.072,-0.323,-314.480,0.0908,0.0088,1.0117,
35.166,IMU,287.1271,0.0000,143.5636,2.6419,0.0000,-822.559,-4.086,-0.289,-314.664,0.0967,0.0366,0.9526,
35.172,ENC,287.1817,0.0000,143.5908,2.7271,0.0000,-822.715,-4.086,-0.289,-314.664,0.0967,0.0366,0.9526,
35.183,IMU,287.1817,0.0000,143.5908,2.7271,0.0000,-822.715,-4.084,-0.368,-314.875,0.0806,-0.0151,0.9614,
35.192,ENC,287.2362,0.0000,143.6181,2.7271,0.0000,-822.871,-4.084,-0.368,-314.875,0.0806,-0.0151,0.9614,
35.203,IMU,287.2362,0.0000,143.6181,2.7271,0.0000,-822.871,-4.096,-0.297,-315.023,0.0962,0.0332,1.0396,
35.212,ENC,287.2924,0.0000,143.6462,2.8123,0.0000,-823.032,-4.096,-0.297,-315.023,0.0962,0.0332,1.0396,
35.222,IMU,287.2924,0.0000,143.6462,2.8123,0.0000,-823.032,-4.093,-0.311,-315.269,0.0723,-0.0181,0.9575,
35.232,ENC,287.3606,0.0000,143.6803,3.4088,0.0000,-823.228,-4.093,-0.311,-315.269,0.0723,-0.0181,0.9575,
35.242,IMU,287.3606,0.0000,143.6803,3.4088,0.0000,-823.228,-4.185,-0.327,-315.582,0.1401,-0.0098,1.0107,
35.251,ENC,287.4373,0.0000,143.7187,3.8350,0.0000,-823.447,-4.185,-0.327,-315.582,0.1401,-0.0098,1.0107,
35.262,IMU,287.4373,0.0000,143.7187,3.8350,0.0000,-823.447,-4.276,-0.320,-315.908,0.1304,0.0146,1.0112,
35.273,ENC,287.5242,0.0000,143.7621,4.3463,0.0000,-823.696,-4.276,-0.320,-315.908,0.1304,0.0146,1.0112,
35.286,IMU,287.5242,0.0000,143.7621,4.3463,0.0000,-823.696,-4.255,-0.422,-316.244,0.0508,-0.0859,1.0146,
35.293,ENC,287.6180,0.0000,143.8090,4.6872,0.0000,-823.965,-4.255,-0.422,-316.244,0.0508,-0.0859,1.0146,
35.304,IMU,287.6180,0.0000,143.8090,4.6872,0.0000,-823.965,-4.183,-0.415,-316.636,0.0527,-0.0283,1.0269,
35.312,ENC,287.7083,0.0000,143.8542,4.5167,0.0000,-824.224,-4.183,-0.415,-316.636,0.0527,-0.0283,1.0269,
35.322,IMU,287.7083,0.0000,143.8542,4.5167,0.0000,-824.224,-4.164,-0.447,-316.937,0.0679,-0.0161,1.0420,
35.336,ENC,287.8072,0.0000,143.9036,4.9428,0.0000,-824.507,-4.164,-0.447,-316.937,0.0679,-0.0161,1.0420,
35.342,IMU,287.8072,0.0000,143.9036,4.9428,0.0000,-824.507,-4.179,-0.382,-317.277,0.1162,0.0444,0.9814,
35.354,ENC,287.9060,0.0000,143.9530,4.9428,0.0000,-824.790,-4.179,-0.382,-317.277,0.1162,0.0444,0.9814,
35.363,IMU,287.9060,0.0000,143.9530,4.9428,0.0000,-824.790,-4.199,-0.340,-317.643,0.0674,0.0376,0.9692,
35.373,ENC,288.0049,0.0000,144.0024,4.9428,0.0000,-825.073,-4.199,-0.340,-317.643,0.0674,0.0376,0.9692,
35.382,IMU,288.0049,0.0000,144.0024,4.9428,0.0000,-825.073,-4.221,-0.458,-317.998,0.0713,-0.0742,0.9927,
35.393,ENC,288.0969,0.0000,144.0485,4.6019,0.0000,-825.337,-4.221,-0.458,-317.998,0.0713,-0.0742,0.9927,
35.403,IMU,288.0969,0.0000,144.0485,4.6019,0.0000,-825.337,-4.239,-0.497,-318.334,0.0933,-0.0098,0.9385,
35.412,ENC,288.2009,0.0000,144.1005,5.1985,0.0000,-825.635,-4.239,-0.497,-318.334,0.0933,-0.0098,0.9385,
35.422,IMU,288.2009,0.0000,144.1005,5.1985,0.0000,-825.635,-4.211,-0.485,-318.712,0.0376,0.0278,1.0215,
35.432,ENC,288.3100,0.1960,144.2530,5.4542,9.8004,-825.386,-4.211,-0.485,-318.712,0.0376,0.0278,1.0215,
35.443,IMU,288.3100,0.1960,144.2530,5.4542,9.8004,-825.386,-4.251,-0.507,-319.096,0.1074,0.0083,1.0469,
35.455,ENC,288.4174,0.0000,144.2087,5.3689,-9.8004,-826.255,-4.251,-0.507,-319.096,0.1074,0.0083,1.0469,
35.463,IMU,288.4174,0.0000,144.2087,5.3689,-9.8004,-826.255,-4.197,-0.560,-319.426,0.0098,-0.0332,0.9937,
35.472,ENC,288.5367,0.0000,144.2683,5.9655,0.0000,-826.597,-4.197,-0.560,-319.426,0.0098,-0.0332,0.9937,
35.482,IMU,288.5367,0.0000,144.2683,5.9655,0.0000,-826.597,-4.149,-0.599,-319.837,0.0269,0.0015,0.9629,
35.492,ENC,288.6423,0.0000,144.3212,5.2837,0.0000,-826.899,-4.149,-0.599,-319.837,0.0269,0.0015,0.9629,
35.505,IMU,288.6423,0.0000,144.3212,5.2837,0.0000,-826.899,-4.086,-0.703,-320.225,0.0054,-0.0615,0.9863,
35.512,ENC,288.7531,0.0000,144.3766,5.5394,0.0000,-827.217,-4.086,-0.703,-320.225,0.0054,-0.0615,0.9863,
35.522,IMU,288.7531,0.0000,144.3766,5.5394,0.0000,-827.217,-3.999,-0.804,-320.595,-0.0029,-0.0732,1.0054,
35.537,ENC,288.8622,0.0000,144.4311,5.4542,0.0000,-827.529,-3.999,-0.804,-320.595,-0.0029,-0.0732,1.0054,
35.542,IMU,288.8622,0.0000,144.4311,5.4542,0.0000,-827.529,-3.935,-0.973,-320.972,0.0098,-0.1172,0.9224,
35.552,ENC,288.9713,0.0000,144.4857,5.4542,0.0000,-827.842,-3.935,-0.973,-320.972,0.0098,-0.1172,0.9224,
35.563,IMU,288.9713,0.0000,144.4857,5.4542,0.0000,-827.842,-3.881,-1.023,-321.333,0.0562,-0.0215,0.9565,
35.575,ENC,289.0821,0.0000,144.5410,5.5394,0.0000,-828.159,-3.881,-1.023,-321.333,0.0562,-0.0215,0.9565,
35.582,IMU,289.0821,0.0000,144.5410,5.5394,0.0000,-828.159,-3.892,-1.192,-321.727,0.0879,-0.0889,0.9526,
35.594,ENC,289.1980,0.0000,144.5990,5.7950,0.0000,-828.491,-3.892,-1.192,-321.727,0.0879,-0.0889,0.9526,
35.603,IMU,289.1980,0.0000,144.5990,5.7950,0.0000,-828.491,-3.807,-1.168,-322.045,0.0220,-0.0239,1.0137,
35.612,ENC,289.3122,0.0000,144.6561,5.7098,0.0000,-828.818,-3.807,-1.168,-322.045,0.0220,-0.0239,1.0137,
35.622,IMU,289.3122,0.0000,144.6561,5.7098,0.0000,-828.818,-3.858,-1.292,-322.400,0.1035,-0.0962,0.9673,
35.632,ENC,289.4230,0.0000,144.7115,5.5394,0.0000,-829.136,-3.858,-1.292,-322.400,0.1035,-0.0962,0.9673,
35.643,IMU,289.4230,0.0000,144.7115,5.5394,0.0000,-829.136,-3.983,-1.346,-322.767,0.1470,-0.0635,0.8955,
35.654,ENC,289.5338,0.0000,144.7669,5.5394,0.0000,-829.453,-3.983,-1.346,-322.767,0.1470,-0.0635,0.8955,
35.662,IMU,289.5338,0.0000,144.7669,5.5394,0.0000,-829.453,-3.926,-1.348,-323.154,0.0063,-0.0093,0.9927,
35.672,ENC,289.6394,0.0000,144.8197,5.2837,0.0000,-829.756,-3.926,-1.348,-323.154,0.0063,-0.0093,0.9927,
35.682,IMU,289.6394,0.0000,144.8197,5.2837,0.0000,-829.756,-3.987,-1.344,-323.553,0.1348,0.0098,0.9907,
35.693,ENC,289.7485,0.0000,144.8743,5.4542,0.0000,-830.068,-3.987,-1.344,-323.553,0.1348,0.0098,0.9907,
35.702,IMU,289.7485,0.0000,144.8743,5.4542,0.0000,-830.068,-3.992,-1.351,-323.928,0.1255,-0.0444,0.9370,
35.712,ENC,289.8491,0.0000,144.9245,5.0280,0.0000,-830.356,-3.992,-1.351,-323.928,0.1255,-0.0444,0.9370,
35.722,IMU,289.8491,0.0000,144.9245,5.0280,0.0000,-830.356,-4.072,-1.310,-324.277,0.1001,-0.0020,0.9551,
35.732,ENC,289.9411,0.0000,144.9706,4.6019,0.0000,-830.620,-4.072,-1.310,-324.277,0.1001,-0.0020,0.9551,
35.743,IMU,289.9411,0.0000,144.9706,4.6019,0.0000,-830.620,-4.060,-1.334,-324.663,0.0425,-0.0161,1.0239,
35.752,ENC,290.0417,0.0000,145.0208,5.0280,0.0000,-830.908,-4.060,-1.334,-324.663,0.0425,-0.0161,1.0239,
35.762,IMU,290.0417,0.0000,145.0208,5.0280,0.0000,-830.908,-4.089,-1.332,-325.004,0.0625,-0.0205,1.0088,
35.772,ENC,290.1337,0.0000,145.0669,4.6019,0.0000,-831.172,-4.089,-1.332,-325.004,0.0625,-0.0205,1.0088,
35.783,IMU,290.1337,0.0000,145.0669,4.6019,0.0000,-831.172,-4.079,-1.420,-325.358,0.0845,-0.0615,0.9316,
35.793,ENC,290.2258,0.0000,145.1129,4.6019,0.0000,-831.436,-4.079,-1.420,-325.358,0.0845,-0.0615,0.9316,
35.802,IMU,290.2258,0.0000,145.1129,4.6019,0.0000,-831.436,-4.019,-1.527,-325.708,-0.0122,-0.0757,1.0156,
35.812,ENC,290.3127,0.2045,145.2586,4.3463,10.2265,-831.099,-4.019,-1.527,-325.708,-0.0122,-0.0757,1.0156,
35.823,IMU,290.3127,0.2045,145.2586,4.3463,10.2265,-831.099,-3.977,-1.615,-326.036,0.0459,-0.0659,0.9570,
35.832,ENC,290.3996,0.0000,145.1998,4.3463,-10.2265,-831.934,-3.977,-1.615,-326.036,0.0459,-0.0659,0.9570,
35.844,IMU,290.3996,0.0000,145.1998,4.3463,-10.2265,-831.934,-4.009,-1.662,-326.422,0.1338,-0.0303,0.9575,
35.854,ENC,290.4848,0.0000,145.2424,4.2611,0.0000,-832.178,-4.009,-1.662,-326.422,0.1338,-0.0303,0.9575,
35.866,IMU,290.4848,0.0000,145.2424,4.2611,0.0000,-832.178,-3.972,-1.729,-326.730,0.0698,-0.0532,0.9434,
35.872,ENC,290.5718,-0.1960,145.1879,4.3463,-9.8004,-832.988,-3.972,-1.729,-326.730,0.0698,-0.0532,0.9434,
35.882,IMU,290.5718,-0.1960,145.1879,4.3463,-9.8004,-832.988,-3.957,-1.633,-327.065,0.0854,0.0498,1.0356,
35.893,ENC,290.6570,0.0000,145.3285,4.2611,9.8004,-832.671,-3.957,-1.633,-327.065,0.0854,0.0498,1.0356,
35.902,IMU,290.6570,0.0000,145.3285,4.2611,9.8004,-832.671,-3.922,-1.599,-327.369,0.0522,0.0352,0.9404,
35.912,ENC,290.7371,0.0000,145.3685,4.0054,0.0000,-832.900,-3.922,-1.599,-327.369,0.0522,0.0352,0.9404,
35.923,IMU,290.7371,0.0000,145.3685,4.0054,0.0000,-832.900,-3.921,-1.705,-327.648,0.0664,-0.0811,0.9644,
35.933,ENC,290.8206,0.0000,145.4103,4.1758,0.0000,-833.140,-3.921,-1.705,-327.648,0.0664,-0.0811,0.9644,
35.947,IMU,290.8206,0.0000,145.4103,4.1758,0.0000,-833.140,-3.835,-1.659,-327.973,0.0679,-0.0112,1.0361,
35.955,ENC,290.9041,0.0000,145.4521,4.1758,0.0000,-833.379,-3.835,-1.659,-327.973,0.0679,-0.0112,1.0361,
35.972,ENC,290.9910,0.0000,145.4955,4.3463,0.0000,-833.628,-3.835,-1.659,-327.973,0.0679,-0.0112,1.0361,
35.985,IMU,290.9910,0.0000,145.4955,4.3463,0.0000,-833.628,-3.946,-1.663,-328.710,0.1323,-0.0352,0.9971,
35.992,ENC,291.0899,0.0000,145.5449,4.9428,0.0000,-833.911,-3.946,-1.663,-328.710,0.1323,-0.0352,0.9971,
36.003,IMU,291.0899,0.0000,145.5449,4.9428,0.0000,-833.911,-3.882,-1.548,-329.110,0.0264,0.1064,1.0215,
36.012,ENC,291.1973,0.0000,145.5986,5.3689,0.0000,-834.219,-3.882,-1.548,-329.110,0.0264,0.1064,1.0215,
36.022,IMU,291.1973,0.0000,145.5986,5.3689,0.0000,-834.219,-4.037,-1.507,-329.563,0.1772,-0.0234,0.8291,
36.033,ENC,291.3012,0.0000,145.6506,5.1985,0.0000,-834.517,-4.037,-1.507,-329.563,0.1772,-0.0234,0.8291,
36.045,IMU,291.3012,0.0000,145.6506,5.1985,0.0000,-834.517,-4.092,-1.476,-329.963,0.1406,0.0288,1.0034,
36.052,ENC,291.4069,0.0000,145.7035,5.2837,0.0000,-834.819,-4.092,-1.476,-329.963,0.1406,0.0288,1.0034,
36.062,IMU,291.4069,0.0000,145.7035,5.2837,0.0000,-834.819,-4.086,-1.471,-330.386,-0.0220,0.0063,1.1714,
36.073,ENC,291.5160,0.0000,145.7580,5.4542,0.0000,-835.132,-4.086,-1.471,-330.386,-0.0220,0.0063,1.1714,
36.082,IMU,291.5160,0.0000,145.7580,5.4542,0.0000,-835.132,-4.030,-1.511,-330.811,0.0049,-0.0425,1.0781,
36.096,ENC,291.6200,0.0000,145.8100,5.1985,0.0000,-835.430,-4.030,-1.511,-330.811,0.0049,-0.0425,1.0781,
36.104,IMU,291.6200,0.0000,145.8100,5.1985,0.0000,-835.430,-4.062,-1.511,-331.248,0.1313,-0.0273,0.8887,
36.112,ENC,291.7256,0.0000,145.8628,5.2837,0.0000,-835.732,-4.062,-1.511,-331.248,0.1313,-0.0273,0.8887,
36.123,IMU,291.7256,0.0000,145.8628,5.2837,0.0000,-835.732,-3.959,-1.484,-331.615,-0.0811,0.0376,1.1289,
36.131,ENC,291.8313,0.0000,145.9157,5.2837,0.0000,-836.035,-3.959,-1.484,-331.615,-0.0811,0.0376,1.1289,
36.142,IMU,291.8313,0.0000,145.9157,5.2837,0.0000,-836.035,-4.012,-1.484,-332.021,0.0908,-0.0010,0.9521,
36.153,ENC,291.9387,0.0000,145.9694,5.3689,0.0000,-836.343,-4.012,-1.484,-332.021,0.0908,-0.0010,0.9521,
36.165,IMU,291.9387,0.0000,145.9694,5.3689,0.0000,-836.343,-4.077,-1.502,-332.407,0.1030,-0.0039,1.0654,
36.172,ENC,292.0444,0.0000,146.0222,5.2837,0.0000,-836.646,-4.077,-1.502,-332.407,0.1030,-0.0039,1.0654,
36.183,IMU,292.0444,0.0000,146.0222,5.2837,0.0000,-836.646,-4.074,-1.681,-332.799,0.0972,-0.1367,0.8447,
36.192,ENC,292.1449,0.0000,146.0725,5.0280,0.0000,-836.934,-4.074,-1.681,-332.799,0.0972,-0.1367,0.8447,
36.202,IMU,292.1449,0.0000,146.0725,5.0280,0.0000,-836.934,-4.207,-1.674,-333.180,0.1729,-0.0361,0.9082,
36.212,ENC,292.2523,0.0000,146.1262,5.3689,0.0000,-837.241,-4.207,-1.674,-333.180,0.1729,-0.0361,0.9082,
36.223,IMU,292.2523,0.0000,146.1262,5.3689,0.0000,-837.241,-4.193,-1.624,-333.560,0.0498,0.0425,0.9546,
36.232,ENC,292.3580,0.0000,146.1790,5.2837,0.0000,-837.544,-4.193,-1.624,-333.560,0.0498,0.0425,0.9546,
36.252,ENC,292.4654,0.0000,146.2327,5.3689,0.0000,-837.852,-4.193,-1.624,-333.560,0.0498,0.0425,0.9546,
36.263,IMU,292.4654,0.0000,146.2327,5.3689,0.0000,-837.852,-4.164,-1.665,-334.320,-0.0483,-0.0244,1.0703,
36.272,ENC,292.5813,0.0000,146.2906,5.7950,0.0000,-838.184,-4.164,-1.665,-334.320,-0.0483,-0.0244,1.0703,
36.283,IMU,292.5813,0.0000,146.2906,5.7950,0.0000,-838.184,-4.104,-1.474,-334.679,-0.0273,0.1250,1.0508,
36.292,ENC,292.7023,0.0000,146.3511,6.0507,0.0000,-838.530,-4.104,-1.474,-334.679,-0.0273,0.1250,1.0508,
36.306,IMU,292.7023,0.0000,146.3511,6.0507,0.0000,-838.530,-4.126,-1.537,-335.099,0.0933,-0.0708,0.8887,
36.312,ENC,292.8267,0.0000,146.4134,6.2211,0.0000,-838.887,-4.126,-1.537,-335.099,0.0933,-0.0708,0.8887,
36.322,IMU,292.8267,0.0000,146.4134,6.2211,0.0000,-838.887,-4.087,-1.581,-335.565,-0.0054,-0.0503,1.1040,
36.333,ENC,292.9460,0.1960,146.5710,5.9655,9.8004,-838.667,-4.087,-1.581,-335.565,-0.0054,-0.0503,1.1040,
36.343,IMU,292.9460,0.1960,146.5710,5.9655,9.8004,-838.667,-4.154,-1.578,-336.003,0.1548,0.0254,1.0146,
36.357,ENC,293.0636,0.0000,146.5318,5.8803,-9.8004,-839.565,-4.154,-1.578,-336.003,0.1548,0.0254,1.0146,
36.369,IMU,293.0636,0.0000,146.5318,5.8803,-9.8004,-839.565,-4.222,-1.628,-336.401,0.1494,-0.0562,0.9478,
36.372,ENC,293.1795,0.0000,146.5898,5.7950,0.0000,-839.897,-4.222,-1.628,-336.401,0.1494,-0.0562,0.9478,
36.383,IMU,293.1795,0.0000,146.5898,5.7950,0.0000,-839.897,-4.247,-1.637,-336.870,0.0654,-0.0156,0.9678,
36.392,ENC,293.3005,0.0000,146.6503,6.0507,0.0000,-840.244,-4.247,-1.637,-336.870,0.0654,-0.0156,0.9678,
36.403,IMU,293.3005,0.0000,146.6503,6.0507,0.0000,-840.244,-4.291,-1.701,-337.304,0.0981,-0.1143,0.9585,
36.413,ENC,293.4096,0.0000,146.7048,5.4542,0.0000,-840.557,-4.291,-1.701,-337.304,0.0981,-0.1143,0.9585,
36.422,IMU,293.4096,0.0000,146.7048,5.4542,0.0000,-840.557,-4.365,-1.565,-337.720,0.1147,0.0986,0.9731,
36.432,ENC,293.5289,0.0000,146.7645,5.9655,0.0000,-840.898,-4.365,-1.565,-337.720,0.1147,0.0986,0.9731,
36.442,IMU,293.5289,0.0000,146.7645,5.9655,0.0000,-840.898,-4.380,-1.672,-338.142,-0.0029,-0.0352,1.0479,
36.452,ENC,293.6465,0.0000,146.8233,5.8803,0.0000,-841.235,-4.380,-1.672,-338.142,-0.0029,-0.0352,1.0479,
36.473,ENC,293.7641,0.0000,146.8821,5.8803,0.0000,-841.572,-4.380,-1.672,-338.142,-0.0029,-0.0352,1.0479,
36.482,IMU,293.7641,0.0000,146.8821,5.8803,0.0000,-841.572,-4.360,-1.810,-339.113,0.0830,-0.0596,1.0449,
36.493,ENC,293.8817,0.1960,147.0389,5.8803,9.8004,-841.348,-4.360,-1.810,-339.113,0.0830,-0.0596,1.0449,
36.503,IMU,293.8817,0.1960,147.0389,5.8803,9.8004,-841.348,-4.402,-1.742,-339.578,0.1382,0.0469,1.0132,
36.513,ENC,293.9891,0.0000,146.9946,5.3689,-9.8004,-842.217,-4.402,-1.742,-339.578,0.1382,0.0469,1.0132,
36.523,IMU,293.9891,0.0000,146.9946,5.3689,-9.8004,-842.217,-4.397,-1.649,-340.054,0.0234,0.0513,0.9189,
36.532,ENC,294.0982,0.0000,147.0491,5.4542,0.0000,-842.529,-4.397,-1.649,-340.054,0.0234,0.0513,0.9189,
36.543,IMU,294.0982,0.0000,147.0491,5.4542,0.0000,-842.529,-4.412,-1.774,-340.525,0.1182,-0.0962,0.9248,
36.557,ENC,294.2090,0.0000,147.1045,5.5394,0.0000,-842.847,-4.412,-1.774,-340.525,0.1182,-0.0962,0.9248,
36.563,IMU,294.2090,0.0000,147.1045,5.5394,0.0000,-842.847,-4.457,-1.899,-341.019,0.0991,-0.1367,0.8599,
36.572,ENC,294.3300,0.0000,147.1650,6.0507,0.0000,-843.193,-4.457,-1.899,-341.019,0.0991,-0.1367,0.8599,
36.583,IMU,294.3300,0.0000,147.1650,6.0507,0.0000,-843.193,-4.331,-1.864,-341.494,-0.0547,0.0229,1.0688,
36.592,ENC,294.4544,0.0000,147.2272,6.2211,0.0000,-843.550,-4.331,-1.864,-341.494,-0.0547,0.0229,1.0688,
36.602,IMU,294.4544,0.0000,147.2272,6.2211,0.0000,-843.550,-4.175,-1.876,-341.994,-0.0210,-0.0059,1.0532,
36.612,ENC,294.5771,0.0000,147.2886,6.1359,0.0000,-843.901,-4.175,-1.876,-341.994,-0.0210,-0.0059,1.0532,
36.632,ENC,294.6982,0.0000,147.3491,6.0507,0.0000,-844.248,-4.175,-1.876,-341.994,-0.0210,-0.0059,1.0532,
36.643,IMU,294.6982,0.0000,147.3491,6.0507,0.0000,-844.248,-4.222,-1.851,-343.033,0.0845,0.0371,1.0723,
36.652,ENC,294.8226,0.0000,147.4113,6.2211,0.0000,-844.604,-4.222,-1.851,-343.033,0.0845,0.0371,1.0723,
36.662,IMU,294.8226,0.0000,147.4113,6.2211,0.0000,-844.604,-4.308,-1.957,-343.503,0.1626,-0.0884,0.9595,
36.672,ENC,294.9453,0.0000,147.4727,6.1359,0.0000,-844.956,-4.308,-1.957,-343.503,0.1626,-0.0884,0.9595,
36.683,IMU,294.9453,0.0000,147.4727,6.1359,0.0000,-844.956,-4.255,-1.985,-343.901,-0.0317,-0.0654,1.0435,
36.694,ENC,295.0544,0.0000,147.5272,5.4542,0.0000,-845.269,-4.255,-1.985,-343.901,-0.0317,-0.0654,1.0435,
36.702,IMU,295.0544,0.0000,147.5272,5.4542,0.0000,-845.269,-4.210,-1.925,-344.324,0.0088,0.0776,1.0103,
36.712,ENC,295.1822,0.0000,147.5911,6.3916,0.0000,-845.635,-4.210,-1.925,-344.324,0.0088,0.0776,1.0103,
36.723,IMU,295.1822,0.0000,147.5911,6.3916,0.0000,-845.635,-4.045,-1.925,-344.804,-0.0234,-0.0117,1.0239,
36.732,ENC,295.3049,0.0000,147.6525,6.1359,0.0000,-845.986,-4.045,-1.925,-344.804,-0.0234,-0.0117,1.0239,
36.753,ENC,295.4328,0.0000,147.7164,6.3916,0.0000,-846.353,-4.045,-1.925,-344.804,-0.0234,-0.0117,1.0239,
36.762,IMU,295.4328,0.0000,147.7164,6.3916,0.0000,-846.353,-3.958,-1.859,-345.678,-0.0156,0.0020,1.0132,
36.771,ENC,295.5521,0.0000,147.7760,5.9655,0.0000,-846.694,-3.958,-1.859,-345.678,-0.0156,0.0020,1.0132,
36.793,ENC,295.6526,0.0000,147.8263,5.0280,0.0000,-846.982,-3.958,-1.859,-345.678,-0.0156,0.0020,1.0132,
36.803,IMU,295.6526,0.0000,147.8263,5.0280,0.0000,-846.982,-3.904,-1.937,-346.416,-0.0132,0.0049,1.0776,
36.813,ENC,295.7481,0.1960,147.9720,4.7724,9.8004,-846.694,-3.904,-1.937,-346.416,-0.0132,0.0049,1.0776,
36.822,IMU,295.7481,0.1960,147.9720,4.7724,9.8004,-846.694,-3.847,-1.973,-346.771,0.0396,-0.0532,1.0063,
36.833,ENC,295.8401,-0.1960,147.8221,4.6019,-19.6009,-848.081,-3.847,-1.973,-346.771,0.0396,-0.0532,1.0063,
36.842,IMU,295.8401,-0.1960,147.8221,4.6019,-19.6009,-848.081,-3.882,-1.901,-347.113,0.1597,0.0195,0.9268,
36.854,ENC,295.9322,0.0000,147.9661,4.6019,9.8004,-847.783,-3.882,-1.901,-347.113,0.1597,0.0195,0.9268,
36.862,IMU,295.9322,0.0000,147.9661,4.6019,9.8004,-847.783,-3.865,-1.942,-347.415,-0.0332,-0.0322,1.1343,
36.872,ENC,296.0225,0.0000,148.0112,4.5167,0.0000,-848.042,-3.865,-1.942,-347.415,-0.0332,-0.0322,1.1343,
36.885,IMU,296.0225,0.0000,148.0112,4.5167,0.0000,-848.042,-3.982,-1.921,-347.749,0.1294,-0.0200,0.9023,
36.895,ENC,296.1197,0.0000,148.0598,4.8576,0.0000,-848.320,-3.982,-1.921,-347.749,0.1294,-0.0200,0.9023,
36.905,IMU,296.1197,0.0000,148.0598,4.8576,0.0000,-848.320,-4.065,-1.919,-348.082,0.1147,0.0156,0.9390,
36.913,ENC,296.2134,0.0000,148.1067,4.6872,0.0000,-848.589,-4.065,-1.919,-348.082,0.1147,0.0156,0.9390,
36.923,IMU,296.2134,0.0000,148.1067,4.6872,0.0000,-848.589,-3.954,-1.884,-348.384,0.0088,0.0347,1.0415,
36.933,ENC,296.3054,0.0000,148.1527,4.6019,0.0000,-848.853,-3.954,-1.884,-348.384,0.0088,0.0347,1.0415,
36.943,IMU,296.3054,0.0000,148.1527,4.6019,0.0000,-848.853,-3.897,-1.883,-348.709,-0.0063,0.0205,1.0479,
36.952,ENC,296.3975,0.0000,148.1987,4.6019,0.0000,-849.116,-3.897,-1.883,-348.709,-0.0063,0.0205,1.0479,
36.963,IMU,296.3975,0.0000,148.1987,4.6019,0.0000,-849.116,-3.936,-1.915,-349.028,0.0962,-0.0317,0.9824,
36.972,ENC,296.4929,-0.2182,148.1374,4.7724,-10.9083,-850.015,-3.936,-1.915,-349.028,0.0962,-0.0317,0.9824,
36.984,IMU,296.4929,-0.2182,148.1374,4.7724,-10.9083,-850.015,-3.905,-2.058,-349.392,0.0562,-0.1230,0.9453,
36.992,ENC,296.5884,0.0000,148.2942,4.7724,10.9083,-849.663,-3.905,-2.058,-349.392,0.0562,-0.1230,0.9453,
37.003,IMU,296.5884,0.0000,148.2942,4.7724,10.9083,-849.663,-3.975,-2.203,-349.702,0.1104,-0.0918,0.9043,
37.012,ENC,296.6923,0.0000,148.3462,5.1985,0.0000,-849.961,-3.975,-2.203,-349.702,0.1104,-0.0918,0.9043,
37.029,IMU,296.6923,0.0000,148.3462,5.1985,0.0000,-849.961,-3.891,-2.369,-350.027,-0.0752,-0.1294,1.1104,
37.033,ENC,296.8048,0.0000,148.4024,5.6246,0.0000,-850.283,-3.891,-2.369,-350.027,-0.0752,-0.1294,1.1104,
37.042,IMU,296.8048,0.0000,148.4024,5.6246,0.0000,-850.283,-3.841,-2.516,-350.319,-0.0015,-0.1245,1.0718,
37.052,ENC,296.9139,0.0000,148.4570,5.4542,0.0000,-850.596,-3.841,-2.516,-350.319,-0.0015,-0.1245,1.0718,
37.063,IMU,296.9139,0.0000,148.4570,5.4542,0.0000,-850.596,-3.766,-2.594,-350.609,-0.0376,-0.1152,1.0547,
37.072,ENC,297.0349,0.0000,148.5175,6.0507,0.0000,-850.942,-3.766,-2.594,-350.609,-0.0376,-0.1152,1.0547,
37.082,IMU,297.0349,0.0000,148.5175,6.0507,0.0000,-850.942,-3.646,-2.722,-350.847,0.0000,-0.1299,0.9995,
37.096,ENC,297.1525,0.0000,148.5763,5.8803,0.0000,-851.279,-3.646,-2.722,-350.847,0.0000,-0.1299,0.9995,
37.102,IMU,297.1525,0.0000,148.5763,5.8803,0.0000,-851.279,-3.562,-2.843,-351.070,0.0249,-0.1162,0.9785,
37.112,ENC,297.2753,0.0000,148.6376,6.1359,0.0000,-851.631,-3.562,-2.843,-351.070,0.0249,-0.1162,0.9785,
37.122,IMU,297.2753,0.0000,148.6376,6.1359,0.0000,-851.631,-3.541,-2.906,-351.292,0.0391,-0.1104,1.0039,
37.132,ENC,297.3963,0.0000,148.6981,6.0507,0.0000,-851.978,-3.541,-2.906,-351.292,0.0391,-0.1104,1.0039,
37.145,IMU,297.3963,0.0000,148.6981,6.0507,0.0000,-851.978,-3.553,-2.941,-351.493,0.0947,-0.0894,1.0039,
37.153,ENC,297.5207,0.0000,148.7603,6.2211,0.0000,-852.334,-3.553,-2.941,-351.493,0.0947,-0.0894,1.0039,
37.162,IMU,297.5207,0.0000,148.7603,6.2211,0.0000,-852.334,-3.462,-2.909,-351.652,0.0098,-0.0112,1.0200,
37.173,ENC,297.6553,0.0000,148.8277,6.7325,0.0000,-852.720,-3.462,-2.909,-351.652,0.0098,-0.0112,1.0200,
37.182,IMU,297.6553,0.0000,148.8277,6.7325,0.0000,-852.720,-3.480,-2.969,-351.842,0.0586,-0.0947,0.9902,
37.193,ENC,297.7900,0.0000,148.8950,6.7325,0.0000,-853.105,-3.480,-2.969,-351.842,0.0586,-0.0947,0.9902,
37.203,IMU,297.7900,0.0000,148.8950,6.7325,0.0000,-853.105,-3.591,-3.111,-352.065,0.1782,-0.1401,0.8975,
37.212,ENC,297.9400,0.0000,148.9700,7.4995,0.0000,-853.535,-3.591,-3.111,-352.065,0.1782,-0.1401,0.8975,
37.224,IMU,297.9400,0.0000,148.9700,7.4995,0.0000,-853.535,-3.462,-3.066,-352.208,-0.0293,0.0122,1.0063,
37.232,ENC,298.0780,0.0000,149.0390,6.9029,0.0000,-853.931,-3.462,-3.066,-352.208,-0.0293,0.0122,1.0063,
37.246,IMU,298.0780,0.0000,149.0390,6.9029,0.0000,-853.931,-3.466,-2.931,-352.325,0.0479,0.0293,0.9277,
37.253,ENC,298.2127,0.0000,149.1063,6.7325,0.0000,-854.316,-3.466,-2.931,-352.325,0.0479,0.0293,0.9277,
37.263,IMU,298.2127,0.0000,149.1063,6.7325,0.0000,-854.316,-3.331,-2.902,-352.315,-0.0156,-0.0420,0.9946,
37.273,ENC,298.3184,0.0000,149.1592,5.2837,0.0000,-854.619,-3.331,-2.902,-352.315,-0.0156,-0.0420,0.9946,
37.283,IMU,298.3184,0.0000,149.1592,5.2837,0.0000,-854.619,-3.264,-2.865,-352.179,0.0156,-0.0112,1.0122,
37.295,ENC,298.4070,0.0000,149.2035,4.4315,0.0000,-854.873,-3.264,-2.865,-352.179,0.0156,-0.0112,1.0122,
37.303,IMU,298.4070,0.0000,149.2035,4.4315,0.0000,-854.873,-3.257,-2.812,-351.994,0.0371,-0.0127,0.9976,
37.312,ENC,298.4803,0.0000,149.2401,3.6645,0.0000,-855.083,-3.257,-2.812,-351.994,0.0371,-0.0127,0.9976,
37.323,IMU,298.4803,0.0000,149.2401,3.6645,0.0000,-855.083,-3.255,-2.841,-351.752,0.0454,-0.0625,0.9551,
37.333,ENC,298.5467,0.0000,149.2734,3.3236,0.0000,-855.273,-3.255,-2.841,-351.752,0.0454,-0.0625,0.9551,
37.343,IMU,298.5467,0.0000,149.2734,3.3236,0.0000,-855.273,-3.205,-2.757,-351.471,0.0098,0.0005,1.0464,
37.351,ENC,298.6030,0.0000,149.3015,2.8123,0.0000,-855.435,-3.205,-2.757,-351.471,0.0098,0.0005,1.0464,
37.363,IMU,298.6030,0.0000,149.3015,2.8123,0.0000,-855.435,-3.339,-2.698,-351.193,0.1528,0.0288,1.0308,
37.373,ENC,298.6575,0.0000,149.3288,2.7271,0.0000,-855.591,-3.339,-2.698,-351.193,0.1528,0.0288,1.0308,
37.384,IMU,298.6575,0.0000,149.3288,2.7271,0.0000,-855.591,-3.410,-2.656,-351.025,0.0952,-0.0190,1.0337,
37.396,ENC,298.7189,0.0000,149.3594,3.0680,0.0000,-855.767,-3.410,-2.656,-351.025,0.0952,-0.0190,1.0337,
37.402,IMU,298.7189,0.0000,149.3594,3.0680,0.0000,-855.767,-3.397,-2.503,-350.879,0.0894,0.0791,0.9980,
37.412,ENC,298.7939,0.0000,149.3969,3.7497,0.0000,-855.981,-3.397,-2.503,-350.879,0.0894,0.0791,0.9980,
37.425,IMU,298.7939,0.0000,149.3969,3.7497,0.0000,-855.981,-3.319,-2.697,-350.849,0.0088,-0.1104,0.8677,
37.433,ENC,298.8979,0.0000,149.4489,5.1985,0.0000,-856.279,-3.319,-2.697,-350.849,0.0088,-0.1104,0.8677,
37.445,IMU,298.8979,0.0000,149.4489,5.1985,0.0000,-856.279,-3.274,-2.857,-350.668,-0.0376,-0.1191,1.0708,
37.452,ENC,298.9831,0.0000,149.4915,4.2611,0.0000,-856.523,-3.274,-2.857,-350.668,-0.0376,-0.1191,1.0708,
37.466,IMU,298.9831,0.0000,149.4915,4.2611,0.0000,-856.523,-3.111,-2.722,-350.288,-0.1177,-0.0132,1.1289,
37.473,ENC,299.0308,0.0000,149.5154,2.3862,0.0000,-856.660,-3.111,-2.722,-350.288,-0.1177,-0.0132,1.1289,
37.483,IMU,299.0308,0.0000,149.5154,2.3862,0.0000,-856.660,-3.260,-2.740,-349.941,0.1421,-0.1128,0.8965,
37.492,ENC,299.0564,0.0000,149.5282,1.2783,0.0000,-856.733,-3.260,-2.740,-349.941,0.1421,-0.1128,0.8965,
37.503,IMU,299.0564,0.0000,149.5282,1.2783,0.0000,-856.733,-3.401,-2.583,-349.576,0.2412,0.0820,0.8652,
37.512,ENC,299.0956,0.0000,149.5478,1.9601,0.0000,-856.846,-3.401,-2.583,-349.576,0.2412,0.0820,0.8652,
37.522,IMU,299.0956,0.0000,149.5478,1.9601,0.0000,-856.846,-3.218,-2.523,-349.275,-0.0991,0.0254,1.0493,
37.532,ENC,299.1348,0.0000,149.5674,1.9601,0.0000,-856.958,-3.218,-2.523,-349.275,-0.0991,0.0254,1.0493,
37.542,IMU,299.1348,0.0000,149.5674,1.9601,0.0000,-856.958,-3.141,-2.474,-349.006,-0.0806,0.0254,1.1655,
37.552,ENC,299.1740,0.0000,149.5870,1.9601,0.0000,-857.070,-3.141,-2.474,-349.006,-0.0806,0.0254,1.1655,
37.562,IMU,299.1740,0.0000,149.5870,1.9601,0.0000,-857.070,-3.146,-2.558,-348.735,0.0474,-0.1284,1.0391,
37.573,ENC,299.2149,0.0000,149.6074,2.0453,0.0000,-857.188,-3.146,-2.558,-348.735,0.0474,-0.1284,1.0391,
37.584,IMU,299.2149,0.0000,149.6074,2.0453,0.0000,-857.188,-3.138,-2.315,-348.449,0.0449,0.1372,0.9688,
37.592,ENC,299.2609,0.0000,149.6305,2.3010,0.0000,-857.319,-3.138,-2.315,-348.449,0.0449,0.1372,0.9688,
37.603,IMU,299.2609,0.0000,149.6305,2.3010,0.0000,-857.319,-3.039,-2.394,-348.173,-0.0898,-0.0918,1.1704,
37.612,ENC,299.3086,0.0000,149.6543,2.3862,0.0000,-857.456,-3.039,-2.394,-348.173,-0.0898,-0.0918,1.1704,
37.622,IMU,299.3086,0.0000,149.6543,2.3862,0.0000,-857.456,-2.941,-2.397,-347.847,-0.1338,-0.0044,1.1709,
37.632,ENC,299.3495,0.0000,149.6748,2.0453,0.0000,-857.573,-2.941,-2.397,-347.847,-0.1338,-0.0044,1.1709,
37.642,IMU,299.3495,0.0000,149.6748,2.0453,0.0000,-857.573,-2.984,-2.388,-347.501,0.0781,-0.0957,0.9038,
37.652,ENC,299.3938,0.0000,149.6969,2.2158,0.0000,-857.700,-2.984,-2.388,-347.501,0.0781,-0.0957,0.9038,
37.662,IMU,299.3938,0.0000,149.6969,2.2158,0.0000,-857.700,-3.117,-2.043,-347.168,0.1777,0.1934,0.9106,
37.672,ENC,299.4365,0.0000,149.7182,2.1305,0.0000,-857.822,-3.117,-2.043,-347.168,0.1777,0.1934,0.9106,
37.682,IMU,299.4365,0.0000,149.7182,2.1305,0.0000,-857.822,-3.009,-2.054,-346.901,-0.0820,-0.0635,1.1729,
37.692,ENC,299.4859,0.0000,149.7429,2.4714,0.0000,-857.964,-3.009,-2.054,-346.901,-0.0820,-0.0635,1.1729,
37.704,IMU,299.4859,0.0000,149.7429,2.4714,0.0000,-857.964,-3.165,-2.065,-346.598,0.1958,-0.0347,0.8687,
37.712,ENC,299.5319,0.0000,149.7660,2.3010,0.0000,-858.096,-3.165,-2.065,-346.598,0.1958,-0.0347,0.8687,
37.722,IMU,299.5319,0.0000,149.7660,2.3010,0.0000,-858.096,-3.208,-1.992,-346.287,0.0942,0.0234,0.9790,
37.737,ENC,299.5779,0.0000,149.7890,2.3010,0.0000,-858.228,-3.208,-1.992,-346.287,0.0942,0.0234,0.9790,
37.743,IMU,299.5779,0.0000,149.7890,2.3010,0.0000,-858.228,-3.278,-1.833,-345.995,0.0991,0.1060,0.9229,
37.752,ENC,299.6188,0.0000,149.8094,2.0453,0.0000,-858.345,-3.278,-1.833,-345.995,0.0991,0.1060,0.9229,
37.764,IMU,299.6188,0.0000,149.8094,2.0453,0.0000,-858.345,-3.345,-1.873,-345.710,0.0913,-0.0801,0.9829,
37.772,ENC,299.6614,0.0000,149.8307,2.1305,0.0000,-858.467,-3.345,-1.873,-345.710,0.0913,-0.0801,0.9829,
37.782,IMU,299.6614,0.0000,149.8307,2.1305,0.0000,-858.467,-3.436,-1.774,-345.394,0.0928,0.0171,0.9736,
37.794,ENC,299.7006,0.0000,149.8503,1.9601,0.0000,-858.579,-3.436,-1.774,-345.394,0.0928,0.0171,0.9736,
37.802,IMU,299.7006,0.0000,149.8503,1.9601,0.0000,-858.579,-3.518,-1.593,-345.145,0.1450,0.0894,0.9082,
37.813,ENC,299.7450,0.0000,149.8725,2.2158,0.0000,-858.706,-3.518,-1.593,-345.145,0.1450,0.0894,0.9082,
37.823,IMU,299.7450,0.0000,149.8725,2.2158,0.0000,-858.706,-3.483,-1.507,-344.826,0.0518,0.0381,1.0645,
37.832,ENC,299.7961,0.0000,149.8980,2.5566,0.0000,-858.853,-3.483,-1.507,-344.826,0.0518,0.0381,1.0645,
37.854,ENC,299.8455,0.0000,149.9228,2.4714,0.0000,-858.994,-3.483,-1.507,-344.826,0.0518,0.0381,1.0645,
37.875,ENC,299.8915,0.0000,149.9458,2.3010,0.0000,-859.126,-3.483,-1.507,-344.826,0.0518,0.0381,1.0645,
37.879,IMU,299.8915,0.0000,149.9458,2.3010,0.0000,-859.126,-3.487,-1.806,-344.275,0.0435,-0.2139,1.0283,
37.882,IMU,299.8915,0.0000,149.9458,2.3010,0.0000,-859.126,-3.439,-1.637,-344.024,-0.0034,0.1206,1.0708,
37.894,ENC,299.9410,0.0000,149.9705,2.4714,0.0000,-859.268,-3.439,-1.637,-344.024,-0.0034,0.1206,1.0708,
37.912,ENC,299.9802,0.0000,149.9901,1.9601,0.0000,-859.380,-3.439,-1.637,-344.024,-0.0034,0.1206,1.0708,
37.934,ENC,300.0313,0.0000,150.0157,2.5566,0.0000,-859.526,-3.439,-1.637,-344.024,-0.0034,0.1206,1.0708,
37.943,IMU,300.0313,0.0000,150.0157,2.5566,0.0000,-859.526,-3.571,-1.571,-343.428,0.0562,-0.0938,0.9248,
37.954,ENC,300.0739,0.0000,150.0370,2.1305,0.0000,-859.648,-3.571,-1.571,-343.428,0.0562,-0.0938,0.9248,
37.962,IMU,300.0739,0.0000,150.0370,2.1305,0.0000,-859.648,-3.615,-1.476,-343.304,0.1089,0.0581,0.9277,
37.974,ENC,300.1199,0.0000,150.0600,2.3010,0.0000,-859.780,-3.615,-1.476,-343.304,0.1089,0.0581,0.9277,
37.982,IMU,300.1199,0.0000,150.0600,2.3010,0.0000,-859.780,-3.642,-1.324,-343.185,0.1128,0.0879,0.9873,
37.992,ENC,300.1506,0.0000,150.0753,1.5340,0.0000,-859.868,-3.642,-1.324,-343.185,0.1128,0.0879,0.9873,
38.002,IMU,300.1506,0.0000,150.0753,1.5340,0.0000,-859.868,-3.645,-1.189,-343.059,0.0640,0.0625,1.0005,
38.012,ENC,300.1591,0.0000,150.0796,0.4261,0.0000,-859.893,-3.645,-1.189,-343.059,0.0640,0.0625,1.0005,
38.022,IMU,300.1591,0.0000,150.0796,0.4261,0.0000,-859.893,-3.628,-1.026,-342.905,0.0449,0.0854,0.9370,
38.031,ENC,300.1591,0.0000,150.0796,0.0000,0.0000,-859.893,-3.628,-1.026,-342.905,0.0449,0.0854,0.9370,
38.043,IMU,300.1591,0.0000,150.0796,0.0000,0.0000,-859.893,-3.605,-0.853,-342.661,0.0815,0.0815,0.9624,
38.052,ENC,300.1455,0.0000,150.0727,-0.6818,0.0000,-859.854,-3.605,-0.853,-342.661,0.0815,0.0815,0.9624,
38.062,IMU,300.1455,0.0000,150.0727,-0.6818,0.0000,-859.854,-3.540,-0.687,-342.359,-0.0044,0.0981,1.0093,
38.072,ENC,300.0790,0.0000,150.0395,-3.3236,0.0000,-859.663,-3.540,-0.687,-342.359,-0.0044,0.0981,1.0093,
38.082,IMU,300.0790,0.0000,150.0395,-3.3236,0.0000,-859.663,-3.462,-0.604,-342.103,0.0278,0.0576,0.9858,
38.092,ENC,299.9972,0.0000,149.9986,-4.0906,0.0000,-859.429,-3.462,-0.604,-342.103,0.0278,0.0576,0.9858,
38.102,IMU,299.9972,0.0000,149.9986,-4.0906,0.0000,-859.429,-3.513,-0.544,-341.796,0.1011,0.0083,0.9878,
38.113,ENC,299.8984,0.0000,149.9492,-4.9428,0.0000,-859.146,-3.513,-0.544,-341.796,0.1011,0.0083,0.9878,
38.123,IMU,299.8984,0.0000,149.9492,-4.9428,0.0000,-859.146,-3.549,-0.446,-341.519,0.0820,0.0298,1.0068,
38.132,ENC,299.8012,0.0000,149.9006,-4.8576,0.0000,-858.867,-3.549,-0.446,-341.519,0.0820,0.0298,1.0068,
38.142,IMU,299.8012,0.0000,149.9006,-4.8576,0.0000,-858.867,-3.588,-0.440,-341.246,0.0923,-0.0088,1.0376,
38.153,ENC,299.7023,0.0000,149.8512,-4.9428,0.0000,-858.584,-3.588,-0.440,-341.246,0.0923,-0.0088,1.0376,
38.162,IMU,299.7023,0.0000,149.8512,-4.9428,0.0000,-858.584,-3.670,-0.446,-341.065,0.1279,-0.0078,0.9175,
38.172,ENC,299.6239,0.0000,149.8120,-3.9202,0.0000,-858.359,-3.670,-0.446,-341.065,0.1279,-0.0078,0.9175,
38.184,IMU,299.6239,0.0000,149.8120,-3.9202,0.0000,-858.359,-3.702,-0.394,-340.874,0.0977,0.0264,0.9722,
38.192,ENC,299.5490,0.0000,149.7745,-3.7497,0.0000,-858.145,-3.702,-0.394,-340.874,0.0977,0.0264,0.9722,
38.203,IMU,299.5490,0.0000,149.7745,-3.7497,0.0000,-858.145,-3.689,-0.438,-340.667,0.0874,-0.0078,0.9595,
38.214,ENC,299.4757,0.0000,149.7378,-3.6645,0.0000,-857.935,-3.689,-0.438,-340.667,0.0874,-0.0078,0.9595,
38.222,IMU,299.4757,0.0000,149.7378,-3.6645,0.0000,-857.935,-3.744,-0.413,-340.499,0.1167,0.0000,1.0625,
38.232,ENC,299.4092,0.0000,149.7046,-3.3236,0.0000,-857.744,-3.744,-0.413,-340.499,0.1167,0.0000,1.0625,
38.242,IMU,299.4092,0.0000,149.7046,-3.3236,0.0000,-857.744,-3.765,-0.426,-340.366,0.0771,-0.0156,1.0015,
38.252,ENC,299.3478,0.0000,149.6739,-3.0680,0.0000,-857.568,-3.765,-0.426,-340.366,0.0771,-0.0156,1.0015,
38.262,IMU,299.3478,0.0000,149.6739,-3.0680,0.0000,-857.568,-3.692,-0.355,-340.178,0.0332,0.0396,1.0732,
38.275,ENC,299.2848,0.0000,149.6424,-3.1532,0.0000,-857.388,-3.692,-0.355,-340.178,0.0332,0.0396,1.0732,
38.282,IMU,299.2848,0.0000,149.6424,-3.1532,0.0000,-857.388,-3.623,-0.347,-340.029,0.0254,-0.0425,0.9912,
38.292,ENC,299.2200,0.0000,149.6100,-3.2384,0.0000,-857.202,-3.623,-0.347,-340.029,0.0254,-0.0425,0.9912,
38.302,IMU,299.2200,0.0000,149.6100,-3.2384,0.0000,-857.202,-3.631,-0.367,-339.838,0.0991,0.0200,0.9678,
38.312,ENC,299.1603,0.0000,149.5802,-2.9827,0.0000,-857.031,-3.631,-0.367,-339.838,0.0991,0.0200,0.9678,
38.322,IMU,299.1603,0.0000,149.5802,-2.9827,0.0000,-857.031,-3.637,-0.379,-339.720,0.0137,-0.0303,1.0161,
38.332,ENC,299.0973,0.0000,149.5486,-3.1532,0.0000,-856.851,-3.637,-0.379,-339.720,0.0137,-0.0303,1.0161,
38.342,IMU,299.0973,0.0000,149.5486,-3.1532,0.0000,-856.851,-3.689,-0.405,-339.541,0.1060,-0.0288,0.9858,
38.352,ENC,299.0444,0.0000,149.5222,-2.6419,0.0000,-856.699,-3.689,-0.405,-339.541,0.1060,-0.0288,0.9858,
38.366,IMU,299.0444,0.0000,149.5222,-2.6419,0.0000,-856.699,-3.729,-0.379,-339.458,0.0967,0.0239,1.0308,
38.372,ENC,298.9916,0.0000,149.4958,-2.6419,0.0000,-856.548,-3.729,-0.379,-339.458,0.0967,0.0239,1.0308,
38.383,IMU,298.9916,0.0000,149.4958,-2.6419,0.0000,-856.548,-3.740,-0.375,-339.362,0.0889,-0.0063,0.9888,
38.395,ENC,298.9439,0.0000,149.4719,-2.3862,0.0000,-856.411,-3.740,-0.375,-339.362,0.0889,-0.0063,0.9888,
38.404,IMU,298.9439,0.0000,149.4719,-2.3862,0.0000,-856.411,-3.832,-0.322,-339.249,0.1035,0.0146,1.0244,
38.413,ENC,298.9013,0.0000,149.4506,-2.1305,0.0000,-856.289,-3.832,-0.322,-339.249,0.1035,0.0146,1.0244,
38.422,IMU,298.9013,0.0000,149.4506,-2.1305,0.0000,-856.289,-3.902,-0.305,-339.172,0.0859,0.0044,0.9448,
38.433,ENC,298.8791,0.0000,149.4396,-1.1079,0.0000,-856.226,-3.902,-0.305,-339.172,0.0859,0.0044,0.9448,
38.442,IMU,298.8791,0.0000,149.4396,-1.1079,0.0000,-856.226,-3.925,-0.259,-339.102,0.0781,0.0000,0.9810,
38.452,ENC,298.8535,0.0000,149.4268,-1.2783,0.0000,-856.152,-3.925,-0.259,-339.102,0.0781,0.0000,0.9810,
38.462,IMU,298.8535,0.0000,149.4268,-1.2783,0.0000,-856.152,-3.985,-0.250,-339.038,0.1074,0.0176,0.9883,
38.472,ENC,298.8263,0.0000,149.4131,-1.3635,0.0000,-856.074,-3.985,-0.250,-339.038,0.1074,0.0176,0.9883,
38.483,IMU,298.8263,0.0000,149.4131,-1.3635,0.0000,-856.074,-3.981,-0.221,-338.953,0.0820,0.0142,1.0132,
38.492,ENC,298.7973,0.0000,149.3986,-1.4488,0.0000,-855.991,-3.981,-0.221,-338.953,0.0820,0.0142,1.0132,
38.502,IMU,298.7973,0.0000,149.3986,-1.4488,0.0000,-855.991,-3.950,-0.277,-338.934,0.0542,-0.0176,0.9409,
38.512,ENC,298.7734,0.0000,149.3867,-1.1931,0.0000,-855.923,-3.950,-0.277,-338.934,0.0542,-0.0176,0.9409,
38.523,IMU,298.7734,0.0000,149.3867,-1.1931,0.0000,-855.923,-3.989,-0.250,-338.872,0.0923,0.0156,1.0049,
38.533,ENC,298.7479,0.0000,149.3739,-1.2783,0.0000,-855.850,-3.989,-0.250,-338.872,0.0923,0.0156,1.0049,
38.542,IMU,298.7479,0.0000,149.3739,-1.2783,0.0000,-855.850,-4.016,-0.219,-338.818,0.1289,0.0059,0.9761,
38.552,ENC,298.7189,0.0000,149.3594,-1.4488,0.0000,-855.767,-4.016,-0.219,-338.818,0.1289,0.0059,0.9761,
38.562,IMU,298.7189,0.0000,149.3594,-1.4488,0.0000,-855.767,-3.922,-0.375,-338.800,0.0200,-0.0630,0.9531,
38.572,ENC,298.6950,0.0000,149.3475,-1.1931,0.0000,-855.698,-3.922,-0.375,-338.800,0.0200,-0.0630,0.9531,
38.583,IMU,298.6950,0.0000,149.3475,-1.1931,0.0000,-855.698,-3.851,-0.344,-338.690,0.0005,-0.0264,1.0498,
38.593,ENC,298.6729,0.0000,149.3364,-1.1079,0.0000,-855.635,-3.851,-0.344,-338.690,0.0005,-0.0264,1.0498,
38.604,IMU,298.6729,0.0000,149.3364,-1.1079,0.0000,-855.635,-3.820,-0.497,-338.558,0.0337,-0.1108,0.9741,
38.615,ENC,298.6729,0.0000,149.3364,0.0000,0.0000,-855.635,-3.820,-0.497,-338.558,0.0337,-0.1108,0.9741,
38.623,IMU,298.6729,0.0000,149.3364,0.0000,0.0000,-855.635,-3.856,-0.641,-338.451,0.0879,-0.1050,0.9580,
38.633,ENC,298.6814,0.0000,149.3407,0.4261,0.0000,-855.659,-3.856,-0.641,-338.451,0.0879,-0.1050,0.9580,
38.648,IMU,298.6814,0.0000,149.3407,0.4261,0.0000,-855.659,-3.923,-0.752,-338.458,0.1230,-0.1157,0.9834,
38.657,ENC,298.7001,0.0000,149.3501,0.9374,0.0000,-855.713,-3.923,-0.752,-338.458,0.1230,-0.1157,0.9834,
38.663,IMU,298.7001,0.0000,149.3501,0.9374,0.0000,-855.713,-3.905,-0.865,-338.346,0.0459,-0.1260,0.9795,
38.675,ENC,298.7342,0.0000,149.3671,1.7044,0.0000,-855.811,-3.905,-0.865,-338.346,0.0459,-0.1260,0.9795,
38.683,IMU,298.7342,0.0000,149.3671,1.7044,0.0000,-855.811,-3.820,-0.919,-338.313,0.0259,-0.0649,1.0381,
38.693,ENC,298.7717,0.0000,149.3859,1.8749,0.0000,-855.918,-3.820,-0.919,-338.313,0.0259,-0.0649,1.0381,
38.703,IMU,298.7717,0.0000,149.3859,1.8749,0.0000,-855.918,-3.839,-1.001,-338.224,0.0625,-0.0938,1.0142,
38.712,ENC,298.8126,0.0000,149.4063,2.0453,0.0000,-856.035,-3.839,-1.001,-338.224,0.0625,-0.0938,1.0142,
38.722,IMU,298.8126,0.0000,149.4063,2.0453,0.0000,-856.035,-3.793,-1.098,-338.173,0.0776,-0.0522,0.9863,
38.732,ENC,298.8587,0.0000,149.4293,2.3010,0.0000,-856.167,-3.793,-1.098,-338.173,0.0776,-0.0522,0.9863,
38.742,IMU,298.8587,0.0000,149.4293,2.3010,0.0000,-856.167,-3.775,-1.051,-338.155,0.0508,0.0176,0.9873,
38.752,ENC,298.9030,0.0000,149.4515,2.2158,0.0000,-856.294,-3.775,-1.051,-338.155,0.0508,0.0176,0.9873,
38.763,IMU,298.9030,0.0000,149.4515,2.2158,0.0000,-856.294,-3.803,-0.935,-338.056,0.0781,0.0171,0.9541,
38.773,ENC,298.9405,0.0000,149.4702,1.8749,0.0000,-856.401,-3.803,-0.935,-338.056,0.0781,0.0171,0.9541,
38.783,IMU,298.9405,0.0000,149.4702,1.8749,0.0000,-856.401,-3.861,-0.940,-338.059,0.1084,0.0190,1.0454,
38.794,ENC,298.9967,0.0000,149.4984,2.8123,0.0000,-856.563,-3.861,-0.940,-338.059,0.1084,0.0190,1.0454,
38.804,IMU,298.9967,0.0000,149.4984,2.8123,0.0000,-856.563,-3.945,-0.966,-338.129,0.1265,-0.0342,0.9751,
38.816,ENC,299.0768,0.0000,149.5384,4.0054,0.0000,-856.792,-3.945,-0.966,-338.129,0.1265,-0.0342,0.9751,
38.822,IMU,299.0768,0.0000,149.5384,4.0054,0.0000,-856.792,-3.976,-1.002,-338.184,0.1025,0.0005,0.9761,
38.832,ENC,299.1655,0.0000,149.5827,4.4315,0.0000,-857.046,-3.976,-1.002,-338.184,0.1025,0.0005,0.9761,
38.843,IMU,299.1655,0.0000,149.5827,4.4315,0.0000,-857.046,-4.011,-1.076,-338.260,0.0771,-0.0728,1.0283,
38.852,ENC,299.2507,0.0000,149.6253,4.2611,0.0000,-857.290,-4.011,-1.076,-338.260,0.0771,-0.0728,1.0283,
38.862,IMU,299.2507,0.0000,149.6253,4.2611,0.0000,-857.290,-3.911,-1.126,-338.308,-0.0151,-0.0518,1.0151,
38.872,ENC,299.3410,0.0000,149.6705,4.5167,0.0000,-857.549,-3.911,-1.126,-338.308,-0.0151,-0.0518,1.0151,
38.882,IMU,299.3410,0.0000,149.6705,4.5167,0.0000,-857.549,-3.887,-1.151,-338.363,0.0225,-0.0571,0.9912,
38.892,ENC,299.4296,0.0000,149.7148,4.4315,0.0000,-857.803,-3.887,-1.151,-338.363,0.0225,-0.0571,0.9912,
38.902,IMU,299.4296,0.0000,149.7148,4.4315,0.0000,-857.803,-3.901,-1.210,-338.376,0.0874,-0.0498,1.0103,
38.913,ENC,299.5251,0.0000,149.7625,4.7724,0.0000,-858.076,-3.901,-1.210,-338.376,0.0874,-0.0498,1.0103,
38.922,IMU,299.5251,0.0000,149.7625,4.7724,0.0000,-858.076,-3.903,-1.225,-338.416,0.0327,-0.0410,0.9980,
38.934,ENC,299.6478,0.0000,149.8239,6.1359,0.0000,-858.428,-3.903,-1.225,-338.416,0.0327,-0.0410,0.9980,
38.944,IMU,299.6478,0.0000,149.8239,6.1359,0.0000,-858.428,-3.966,-1.399,-338.518,0.1157,-0.1572,1.0298,
38.953,ENC,299.7961,0.0000,149.8980,7.4142,0.0000,-858.853,-3.966,-1.399,-338.518,0.1157,-0.1572,1.0298,
38.962,IMU,299.7961,0.0000,149.8980,7.4142,0.0000,-858.853,-3.948,-1.509,-338.664,0.0483,-0.0972,1.0122,
38.971,ENC,299.9342,0.0000,149.9671,6.9029,0.0000,-859.248,-3.948,-1.509,-338.664,0.0483,-0.0972,1.0122,
38.982,IMU,299.9342,0.0000,149.9671,6.9029,0.0000,-859.248,-4.012,-1.486,-338.785,0.0918,-0.0259,1.0449,
38.994,ENC,300.0841,0.0000,150.0421,7.4995,0.0000,-859.678,-4.012,-1.486,-338.785,0.0918,-0.0259,1.0449,
39.002,IMU,300.0841,0.0000,150.0421,7.4995,0.0000,-859.678,-3.951,-1.515,-338.860,0.0347,-0.0137,0.9590,
39.012,ENC,300.2392,0.0000,150.1196,7.7551,0.0000,-860.122,-3.951,-1.515,-338.860,0.0347,-0.0137,0.9590,
39.022,IMU,300.2392,0.0000,150.1196,7.7551,0.0000,-860.122,-3.857,-1.657,-338.980,0.0005,-0.0718,0.9668,
39.035,ENC,300.3909,0.0000,150.1955,7.5847,0.0000,-860.557,-3.857,-1.657,-338.980,0.0005,-0.0718,0.9668,
39.044,IMU,300.3909,0.0000,150.1955,7.5847,0.0000,-860.557,-3.806,-1.815,-339.088,0.0083,-0.1548,0.9526,
39.052,ENC,300.5375,0.0000,150.2688,7.3290,0.0000,-860.977,-3.806,-1.815,-339.088,0.0083,-0.1548,0.9526,
39.063,IMU,300.5375,0.0000,150.2688,7.3290,0.0000,-860.977,-3.749,-1.804,-339.118,0.0244,-0.0283,1.0425,
39.073,ENC,300.6858,0.0000,150.3429,7.4142,0.0000,-861.401,-3.749,-1.804,-339.118,0.0244,-0.0283,1.0425,
39.085,IMU,300.6858,0.0000,150.3429,7.4142,0.0000,-861.401,-3.815,-1.740,-339.212,0.1108,0.0225,1.0532,
39.092,ENC,300.8273,0.0000,150.4136,7.0734,0.0000,-861.807,-3.815,-1.740,-339.212,0.1108,0.0225,1.0532,
39.104,IMU,300.8273,0.0000,150.4136,7.0734,0.0000,-861.807,-3.846,-1.537,-339.338,0.1226,0.1196,0.9600,
39.113,ENC,300.9517,0.0000,150.4758,6.2211,0.0000,-862.163,-3.846,-1.537,-339.338,0.1226,0.1196,0.9600,
39.125,IMU,300.9517,0.0000,150.4758,6.2211,0.0000,-862.163,-3.779,-1.542,-339.389,0.0620,0.0063,0.9727,
39.154,ENC,301.2074,0.0000,150.6037,6.3916,0.0000,-862.896,-3.779,-1.542,-339.389,0.0620,0.0063,0.9727,
39.163,IMU,301.2074,0.0000,150.6037,6.3916,0.0000,-862.896,-3.871,-1.596,-339.309,0.1196,-0.0928,1.0386,
39.173,ENC,301.3471,0.0000,150.6736,6.9881,0.0000,-863.296,-3.871,-1.596,-339.309,0.1196,-0.0928,1.0386,
39.183,IMU,301.3471,0.0000,150.6736,6.9881,0.0000,-863.296,-3.899,-1.630,-339.327,0.1089,-0.0645,1.0327,
39.192,ENC,301.4920,0.0000,150.7460,7.2438,0.0000,-863.711,-3.899,-1.630,-339.327,0.1089,-0.0645,1.0327,
39.203,IMU,301.4920,0.0000,150.7460,7.2438,0.0000,-863.711,-3.801,-1.691,-339.347,0.0176,-0.0615,0.9727,
39.214,ENC,301.6488,0.0000,150.8244,7.8403,0.0000,-864.160,-3.801,-1.691,-339.347,0.0176,-0.0615,0.9727,
39.222,IMU,301.6488,0.0000,150.8244,7.8403,0.0000,-864.160,-3.887,-1.656,-339.382,0.1636,-0.0005,0.9551,
39.232,ENC,301.8090,0.0000,150.9045,8.0108,0.0000,-864.619,-3.887,-1.656,-339.382,0.1636,-0.0005,0.9551,
39.242,IMU,301.8090,0.0000,150.9045,8.0108,0.0000,-864.619,-3.735,-1.800,-339.384,-0.0625,-0.1104,1.0811,
39.252,ENC,301.9812,0.0000,150.9906,8.6073,0.0000,-865.112,-3.735,-1.800,-339.384,-0.0625,-0.1104,1.0811,
39.262,IMU,301.9812,0.0000,150.9906,8.6073,0.0000,-865.112,-3.773,-1.785,-339.389,0.1045,-0.0352,0.9180,
39.272,ENC,302.1601,0.0000,151.0801,8.9482,0.0000,-865.625,-3.773,-1.785,-339.389,0.1045,-0.0352,0.9180,
39.282,IMU,302.1601,0.0000,151.0801,8.9482,0.0000,-865.625,-3.835,-1.774,-339.372,0.1084,0.0117,0.9590,
39.292,ENC,302.3238,0.0000,151.1619,8.1812,0.0000,-866.094,-3.835,-1.774,-339.372,0.1084,0.0117,0.9590,
39.302,IMU,302.3238,0.0000,151.1619,8.1812,0.0000,-866.094,-3.788,-1.567,-339.421,0.0513,0.1704,1.0596,
39.312,ENC,302.4976,0.0000,151.2488,8.6926,0.0000,-866.592,-3.788,-1.567,-339.421,0.0513,0.1704,1.0596,
39.322,IMU,302.4976,0.0000,151.2488,8.6926,0.0000,-866.592,-3.787,-1.699,-339.437,0.0620,-0.1304,0.9634,
39.332,ENC,302.6697,0.0000,151.3349,8.6073,0.0000,-867.085,-3.787,-1.699,-339.437,0.0620,-0.1304,0.9634,
39.342,IMU,302.6697,0.0000,151.3349,8.6073,0.0000,-867.085,-3.694,-1.630,-339.440,-0.0278,0.0361,1.0063,
39.352,ENC,302.8487,0.0000,151.4244,8.9482,0.0000,-867.598,-3.694,-1.630,-339.440,-0.0278,0.0361,1.0063,
39.362,IMU,302.8487,0.0000,151.4244,8.9482,0.0000,-867.598,-3.722,-1.496,-339.436,0.1211,0.1392,1.0029,
39.371,ENC,303.0345,0.0000,151.5172,9.2891,0.0000,-868.130,-3.722,-1.496,-339.436,0.1211,0.1392,1.0029,
39.382,IMU,303.0345,0.0000,151.5172,9.2891,0.0000,-868.130,-3.681,-1.555,-339.407,0.0103,-0.0522,1.0034,
39.392,ENC,303.2390,0.0000,151.6195,10.2265,0.0000,-868.716,-3.681,-1.555,-339.407,0.0103,-0.0522,1.0034,
39.402,IMU,303.2390,0.0000,151.6195,10.2265,0.0000,-868.716,-3.603,-1.532,-339.445,0.0176,0.0029,1.0981,
39.412,ENC,303.4453,0.0000,151.7226,10.3118,0.0000,-869.307,-3.603,-1.532,-339.445,0.0176,0.0029,1.0981,
39.437,ENC,303.6583,0.0000,151.8292,10.6526,0.0000,-869.917,-3.603,-1.532,-339.445,0.0176,0.0029,1.0981,
39.448,IMU,303.6583,0.0000,151.8292,10.6526,0.0000,-869.917,-3.646,-1.533,-339.474,0.0063,-0.0186,1.0210,
39.454,ENC,303.8560,0.0000,151.9280,9.8857,0.0000,-870.483,-3.646,-1.533,-339.474,0.0063,-0.0186,1.0210,
39.462,IMU,303.8560,0.0000,151.9280,9.8857,0.0000,-870.483,-3.691,-1.686,-339.489,0.0806,-0.1353,1.0352,
39.472,ENC,304.0503,0.0000,152.0252,9.7152,0.0000,-871.040,-3.691,-1.686,-339.489,0.0806,-0.1353,1.0352,
39.485,IMU,304.0503,0.0000,152.0252,9.7152,0.0000,-871.040,-3.647,-1.661,-339.539,-0.0327,0.0059,1.1162,
39.492,ENC,304.2412,0.0000,152.1206,9.5448,0.0000,-871.587,-3.647,-1.661,-339.539,-0.0327,0.0059,1.1162,
39.510,IMU,304.2412,0.0000,152.1206,9.5448,0.0000,-871.587,-3.670,-1.662,-339.546,0.0947,-0.0815,0.9180,
39.512,ENC,304.4185,0.0000,152.2092,8.8630,0.0000,-872.095,-3.670,-1.662,-339.546,0.0947,-0.0815,0.9180,
39.522,IMU,304.4185,0.0000,152.2092,8.8630,0.0000,-872.095,-3.597,-1.650,-339.545,-0.0088,0.0142,1.1167,
39.533,ENC,304.6043,0.0000,152.3021,9.2891,0.0000,-872.627,-3.597,-1.650,-339.545,-0.0088,0.0142,1.1167,
39.542,IMU,304.6043,0.0000,152.3021,9.2891,0.0000,-872.627,-3.624,-1.629,-339.587,0.0942,0.0337,0.9844,
39.555,ENC,304.7849,0.0000,152.3925,9.0334,0.0000,-873.145,-3.624,-1.629,-339.587,0.0942,0.0337,0.9844,
39.573,ENC,304.9792,0.0000,152.4896,9.7152,0.0000,-873.701,-3.624,-1.629,-339.587,0.0942,0.0337,0.9844,
39.582,IMU,304.9792,0.0000,152.4896,9.7152,0.0000,-873.701,-3.803,-1.544,-339.595,0.1416,0.0205,0.9438,
39.592,ENC,305.1718,0.0000,152.5859,9.6300,0.0000,-874.253,-3.803,-1.544,-339.595,0.1416,0.0205,0.9438,
39.603,IMU,305.1718,0.0000,152.5859,9.6300,0.0000,-874.253,-3.797,-1.517,-339.630,0.0308,-0.0049,1.0122,
39.612,ENC,305.3644,0.0000,152.6822,9.6300,0.0000,-874.805,-3.797,-1.517,-339.630,0.0308,-0.0049,1.0122,
39.622,IMU,305.3644,0.0000,152.6822,9.6300,0.0000,-874.805,-3.858,-1.459,-339.658,0.1377,0.0400,1.0391,
39.631,ENC,305.5519,0.0000,152.7760,9.3743,0.0000,-875.342,-3.858,-1.459,-339.658,0.1377,0.0400,1.0391,
39.642,IMU,305.5519,0.0000,152.7760,9.3743,0.0000,-875.342,-3.820,-1.525,-339.672,0.0259,-0.0547,0.9795,
39.652,ENC,305.7531,0.0000,152.8765,10.0561,0.0000,-875.918,-3.820,-1.525,-339.672,0.0259,-0.0547,0.9795,
39.662,IMU,305.7531,0.0000,152.8765,10.0561,0.0000,-875.918,-3.645,-1.577,-339.758,-0.1182,-0.0645,1.0117,
39.672,ENC,305.9644,0.0000,152.9822,10.5674,0.0000,-876.523,-3.645,-1.577,-339.758,-0.1182,-0.0645,1.0117,
39.682,IMU,305.9644,0.0000,152.9822,10.5674,0.0000,-876.523,-3.698,-1.521,-339.880,0.0786,-0.0093,0.9863,
39.692,ENC,306.1604,0.0000,153.0802,9.8004,0.0000,-877.085,-3.698,-1.521,-339.880,0.0786,-0.0093,0.9863,
39.702,IMU,306.1604,0.0000,153.0802,9.8004,0.0000,-877.085,-3.672,-1.443,-339.969,0.0269,0.0356,0.9917,
39.712,ENC,306.3581,0.0000,153.1791,9.8857,0.0000,-877.651,-3.672,-1.443,-339.969,0.0269,0.0356,0.9917,
39.722,IMU,306.3581,0.0000,153.1791,9.8857,0.0000,-877.651,-3.604,-1.413,-340.084,0.0244,0.0298,0.9961,
39.732,ENC,306.5592,0.0000,153.2796,10.0561,0.0000,-878.228,-3.604,-1.413,-340.084,0.0244,0.0298,0.9961,
39.744,IMU,306.5592,0.0000,153.2796,10.0561,0.0000,-878.228,-3.723,-1.404,-340.231,0.1763,0.0215,0.9600,
39.764,IMU,306.5592,0.0000,153.2796,10.0561,0.0000,-878.228,-3.678,-1.413,-340.337,0.0034,-0.0449,1.0317,
39.773,ENC,306.9888,0.0000,153.4944,10.7379,0.0000,-879.458,-3.678,-1.413,-340.337,0.0034,-0.0449,1.0317,
39.782,IMU,306.9888,0.0000,153.4944,10.7379,0.0000,-879.458,-3.727,-1.337,-340.407,0.1211,0.0186,0.9165,
39.792,ENC,307.1865,0.0000,153.5932,9.8857,0.0000,-880.024,-3.727,-1.337,-340.407,0.1211,0.0186,0.9165,
39.803,IMU,307.1865,0.0000,153.5932,9.8857,0.0000,-880.024,-3.714,-1.388,-340.467,0.0137,-0.0718,1.0366,
39.812,ENC,307.3842,0.0000,153.6921,9.8857,0.0000,-880.591,-3.714,-1.388,-340.467,0.0137,-0.0718,1.0366,
39.823,IMU,307.3842,0.0000,153.6921,9.8857,0.0000,-880.591,-3.698,-1.349,-340.596,0.0469,0.0801,1.0522,
39.832,ENC,307.5734,0.0000,153.7867,9.4595,0.0000,-881.133,-3.698,-1.349,-340.596,0.0469,0.0801,1.0522,
39.842,IMU,307.5734,0.0000,153.7867,9.4595,0.0000,-881.133,-3.680,-1.210,-340.640,0.0303,0.0923,1.0693,
39.853,ENC,307.7472,0.0000,153.8736,8.6926,0.0000,-881.631,-3.680,-1.210,-340.640,0.0303,0.0923,1.0693,
39.862,IMU,307.7472,0.0000,153.8736,8.6926,0.0000,-881.631,-3.758,-1.014,-340.801,0.0864,0.1094,0.9233,
39.874,ENC,307.8938,0.0000,153.9469,7.3290,0.0000,-882.051,-3.758,-1.014,-340.801,0.0864,0.1094,0.9233,
39.882,IMU,307.8938,0.0000,153.9469,7.3290,0.0000,-882.051,-3.848,-0.942,-340.964,0.1079,0.0508,0.9258,
39.913,ENC,308.1512,0.0000,154.0756,6.4342,0.0000,-882.788,-3.848,-0.942,-340.964,0.1079,0.0508,0.9258,
39.923,IMU,308.1512,0.0000,154.0756,6.4342,0.0000,-882.788,-3.769,-0.836,-341.015,-0.0142,0.0757,0.9404,
39.933,ENC,308.2466,0.0000,154.1233,4.7724,0.0000,-883.062,-3.769,-0.836,-341.015,-0.0142,0.0757,0.9404,
39.945,IMU,308.2466,0.0000,154.1233,4.7724,0.0000,-883.062,-3.695,-0.819,-341.050,-0.0107,0.0474,0.9780,
39.956,ENC,308.3318,0.0000,154.1659,4.2611,0.0000,-883.306,-3.695,-0.819,-341.050,-0.0107,0.0474,0.9780,
39.963,IMU,308.3318,0.0000,154.1659,4.2611,0.0000,-883.306,-3.646,-0.786,-341.110,0.0181,0.0015,0.9556,
39.972,ENC,308.4051,0.0000,154.2026,3.6645,0.0000,-883.516,-3.646,-0.786,-341.110,0.0181,0.0015,0.9556,
39.982,IMU,308.4051,0.0000,154.2026,3.6645,0.0000,-883.516,-3.709,-0.757,-341.137,0.0952,0.0264,0.9922,
39.992,ENC,308.4716,0.0000,154.2358,3.3236,0.0000,-883.706,-3.709,-0.757,-341.137,0.0952,0.0264,0.9922,
40.004,IMU,308.4716,0.0000,154.2358,3.3236,0.0000,-883.706,-3.851,-0.645,-341.177,0.1719,0.0698,0.9487,
40.012,ENC,308.5415,0.0000,154.2707,3.4941,0.0000,-883.906,-3.851,-0.645,-341.177,0.1719,0.0698,0.9487,
40.022,IMU,308.5415,0.0000,154.2707,3.4941,0.0000,-883.906,-4.025,-0.535,-341.270,0.1606,0.0620,0.9414,
40.032,ENC,308.6182,0.0000,154.3091,3.8350,0.0000,-884.126,-4.025,-0.535,-341.270,0.1606,0.0620,0.9414,
40.042,IMU,308.6182,0.0000,154.3091,3.8350,0.0000,-884.126,-4.060,-0.483,-341.377,0.1060,0.0503,0.9834,
40.053,ENC,308.6949,0.0000,154.3474,3.8350,0.0000,-884.346,-4.060,-0.483,-341.377,0.1060,0.0503,0.9834,
40.063,IMU,308.6949,0.0000,154.3474,3.8350,0.0000,-884.346,-3.999,-0.456,-341.506,0.0459,-0.0078,0.9722,
40.072,ENC,308.7443,0.0000,154.3722,2.4714,0.0000,-884.487,-3.999,-0.456,-341.506,0.0459,-0.0078,0.9722,
40.088,IMU,308.7443,0.0000,154.3722,2.4714,0.0000,-884.487,-4.055,-0.422,-341.651,0.0977,0.0210,0.9756,
40.093,ENC,308.8006,0.0000,154.4003,2.8123,0.0000,-884.648,-4.055,-0.422,-341.651,0.0977,0.0210,0.9756,
40.102,IMU,308.8006,0.0000,154.4003,2.8123,0.0000,-884.648,-4.093,-0.456,-341.822,0.0830,-0.0015,0.9995,
40.112,ENC,308.8500,0.0000,154.4250,2.4714,0.0000,-884.790,-4.093,-0.456,-341.822,0.0830,-0.0015,0.9995,
40.123,IMU,308.8500,0.0000,154.4250,2.4714,0.0000,-884.790,-4.082,-0.490,-341.944,0.0581,-0.0142,0.9702,
40.132,ENC,308.8994,0.0000,154.4497,2.4714,0.0000,-884.932,-4.082,-0.490,-341.944,0.0581,-0.0142,0.9702,
40.144,IMU,308.8994,0.0000,154.4497,2.4714,0.0000,-884.932,-4.115,-0.515,-342.092,0.0605,-0.0269,1.0176,
40.152,ENC,308.9471,0.0000,154.4736,2.3862,0.0000,-885.068,-4.115,-0.515,-342.092,0.0605,-0.0269,1.0176,
40.162,IMU,308.9471,0.0000,154.4736,2.3862,0.0000,-885.068,-4.100,-0.608,-342.230,0.0532,-0.0347,1.0015,
40.174,ENC,308.9898,0.0000,154.4949,2.1305,0.0000,-885.190,-4.100,-0.608,-342.230,0.0532,-0.0347,1.0015,
40.183,IMU,308.9898,0.0000,154.4949,2.1305,0.0000,-885.190,-4.047,-0.660,-342.324,0.0239,-0.0527,1.0322,
40.192,ENC,309.0290,0.0000,154.5145,1.9601,0.0000,-885.303,-4.047,-0.660,-342.324,0.0239,-0.0527,1.0322,
40.202,IMU,309.0290,0.0000,154.5145,1.9601,0.0000,-885.303,-4.019,-0.738,-342.391,0.0415,-0.0747,1.0127,
40.213,ENC,309.0682,0.0000,154.5341,1.9601,0.0000,-885.415,-4.019,-0.738,-342.391,0.0415,-0.0747,1.0127,
40.222,IMU,309.0682,0.0000,154.5341,1.9601,0.0000,-885.415,-4.031,-0.827,-342.537,0.0840,-0.0430,1.0166,
40.233,ENC,309.1091,0.0000,154.5545,2.0453,0.0000,-885.532,-4.031,-0.827,-342.537,0.0840,-0.0430,1.0166,
40.242,IMU,309.1091,0.0000,154.5545,2.0453,0.0000,-885.532,-4.103,-0.788,-342.637,0.0918,0.0063,0.9751,
40.252,ENC,309.1483,0.0000,154.5741,1.9601,0.0000,-885.645,-4.103,-0.788,-342.637,0.0918,0.0063,0.9751,
40.262,IMU,309.1483,0.0000,154.5741,1.9601,0.0000,-885.645,-4.185,-0.743,-342.767,0.1133,0.0352,0.9858,
40.272,ENC,309.1926,0.0000,154.5963,2.2158,0.0000,-885.771,-4.185,-0.743,-342.767,0.1133,0.0352,0.9858,
40.283,IMU,309.1926,0.0000,154.5963,2.2158,0.0000,-885.771,-4.224,-0.740,-342.930,0.0801,-0.0024,0.9883,
40.291,ENC,309.2420,0.0000,154.6210,2.4714,0.0000,-885.913,-4.224,-0.740,-342.930,0.0801,-0.0024,0.9883,
40.302,IMU,309.2420,0.0000,154.6210,2.4714,0.0000,-885.913,-4.138,-0.767,-343.077,0.0200,0.0049,0.9956,
