time_s,source,dist_l_in,dist_r_in,dist_avg_in,speed_l_in_s,speed_r_in_s,enc_heading_deg,pitch_deg,roll_deg,yaw_deg,acc_x_g,acc_y_g,acc_z_g,note
0.004,ENC,0.5676,0.6357,0.6017,0.0000,0.0000,0.195,-3.546,-0.929,3.325,0.0000,0.0000,0.0000,
0.009,IMU,0.5676,0.6357,0.6017,0.0000,0.0000,0.195,-3.562,-0.941,3.308,0.0620,-0.0249,1.0049,
0.026,ENC,0.5676,0.6357,0.6017,0.0000,0.0000,0.195,-3.562,-0.941,3.308,0.0620,-0.0249,1.0049,
0.030,IMU,0.5676,0.6357,0.6017,0.0000,0.0000,0.195,-3.598,-0.951,3.304,0.0679,-0.0142,1.0005,
0.045,ENC,0.5676,0.6357,0.6017,0.0000,0.0000,0.195,-3.598,-0.951,3.304,0.0679,-0.0142,1.0005,
0.049,IMU,0.5676,0.6357,0.6017,0.0000,0.0000,0.195,-3.599,-0.925,3.296,0.0688,-0.0068,0.9980,
0.070,IMU,0.5676,0.6357,0.6017,0.0000,0.0000,0.195,-3.599,-0.910,3.272,0.0615,-0.0171,0.9917,
0.086,ENC,0.5676,0.6357,0.6017,0.0000,0.0000,0.195,-3.599,-0.910,3.272,0.0615,-0.0171,0.9917,
0.093,IMU,0.5676,0.6357,0.6017,0.0000,0.0000,0.195,-3.588,-0.955,3.259,0.0601,-0.0146,0.9937,
0.104,ENC,0.5676,0.6357,0.6017,0.0000,0.0000,0.195,-3.588,-0.955,3.259,0.0601,-0.0146,0.9937,
0.117,IMU,0.5676,0.6357,0.6017,0.0000,0.0000,0.195,-3.577,-0.929,3.216,0.0684,-0.0190,0.9966,
0.130,IMU,0.5676,0.6357,0.6017,0.0000,0.0000,0.195,-3.581,-0.915,3.222,0.0566,-0.0044,0.9946,
0.145,ENC,0.5676,0.6357,0.6017,0.0000,0.0000,0.195,-3.581,-0.915,3.222,0.0566,-0.0044,0.9946,
0.151,IMU,0.5676,0.6357,0.6017,0.0000,0.0000,0.195,-3.644,-0.916,3.217,0.0605,-0.0181,0.9941,
0.169,IMU,0.5676,0.6357,0.6017,0.0000,0.0000,0.195,-3.595,-0.886,3.231,0.0615,-0.0083,0.9990,
0.185,ENC,0.5676,0.6357,0.6017,0.0000,0.0000,0.195,-3.595,-0.886,3.231,0.0615,-0.0083,0.9990,
0.190,IMU,0.5676,0.6357,0.6017,0.0000,0.0000,0.195,-3.593,-0.886,3.236,0.0620,-0.0073,0.9888,
0.206,ENC,0.5676,0.6357,0.6017,0.0000,0.0000,0.195,-3.593,-0.886,3.236,0.0620,-0.0073,0.9888,
0.211,IMU,0.5676,0.6357,0.6017,0.0000,0.0000,0.195,-3.585,-0.900,3.205,0.0703,-0.0229,1.0107,
0.225,ENC,0.5676,0.6357,0.6017,0.0000,0.0000,0.195,-3.585,-0.900,3.205,0.0703,-0.0229,1.0107,
0.230,IMU,0.5676,0.6357,0.6017,0.0000,0.0000,0.195,-3.586,-0.917,3.238,0.0610,-0.0190,0.9976,
0.245,ENC,0.5676,0.6357,0.6017,0.0000,0.0000,0.195,-3.586,-0.917,3.238,0.0610,-0.0190,0.9976,
0.249,IMU,0.5676,0.6357,0.6017,0.0000,0.0000,0.195,-3.539,-0.908,3.251,0.0610,-0.0210,0.9995,
0.269,IMU,0.5676,0.6357,0.6017,0.0000,0.0000,0.195,-3.547,-0.906,3.253,0.0542,-0.0112,1.0039,
0.285,ENC,0.5676,0.6357,0.6017,0.0000,0.0000,0.195,-3.547,-0.906,3.253,0.0542,-0.0112,1.0039,
0.292,IMU,0.5676,0.6357,0.6017,0.0000,0.0000,0.195,-3.528,-0.870,3.219,0.0669,-0.0034,0.9980,
0.310,IMU,0.5676,0.6357,0.6017,0.0000,0.0000,0.195,-3.541,-0.812,3.271,0.0679,-0.0142,0.9946,
0.325,ENC,0.5676,0.6357,0.6017,0.0000,0.0000,0.195,-3.541,-0.812,3.271,0.0679,-0.0142,0.9946,
0.329,IMU,0.5676,0.6357,0.6017,0.0000,0.0000,0.195,-3.538,-0.806,3.290,0.0669,-0.0063,0.9946,
0.344,ENC,0.5676,0.6357,0.6017,0.0000,0.0000,0.195,-3.538,-0.806,3.290,0.0669,-0.0063,0.9946,
0.349,IMU,0.5676,0.6357,0.6017,0.0000,0.0000,0.195,-3.506,-0.828,3.322,0.0532,-0.0171,0.9961,
0.368,IMU,0.5676,0.6357,0.6017,0.0000,0.0000,0.195,-3.504,-0.830,3.289,0.0591,-0.0264,0.9800,
0.385,ENC,0.5727,0.6409,0.6068,0.1278,0.1278,0.195,-3.504,-0.830,3.289,0.0591,-0.0264,0.9800,
0.389,IMU,0.5727,0.6409,0.6068,0.1278,0.1278,0.195,-3.508,-0.938,3.313,0.0610,-0.0752,0.9805,
0.413,IMU,0.5727,0.6409,0.6068,0.1278,0.1278,0.195,-3.479,-1.086,3.285,0.0610,-0.1162,0.9678,
0.424,ENC,0.6221,0.6869,0.6545,1.2357,1.1505,0.186,-3.479,-1.086,3.285,0.0610,-0.1162,0.9678,
0.429,IMU,0.6221,0.6869,0.6545,1.2357,1.1505,0.186,-3.482,-1.258,3.341,0.0264,-0.1650,1.0459,
0.446,ENC,0.6732,0.7448,0.7090,2.5566,2.8975,0.205,-3.482,-1.258,3.341,0.0264,-0.1650,1.0459,
0.449,IMU,0.6732,0.7448,0.7090,2.5566,2.8975,0.205,-3.566,-1.374,3.316,0.0967,-0.1504,0.9922,
0.465,ENC,0.7431,0.8130,0.7781,3.4941,3.4088,0.200,-3.566,-1.374,3.316,0.0967,-0.1504,0.9922,
0.469,IMU,0.7431,0.8130,0.7781,3.4941,3.4088,0.200,-3.625,-1.379,3.309,0.1104,-0.0557,0.9834,
0.484,ENC,0.8318,0.8931,0.8624,4.4315,4.0054,0.176,-3.625,-1.379,3.309,0.1104,-0.0557,0.9834,
0.489,IMU,0.8318,0.8931,0.8624,4.4315,4.0054,0.176,-3.598,-1.388,3.289,0.0586,-0.0820,0.9614,
0.504,ENC,0.9357,0.9783,0.9570,5.1985,4.2611,0.122,-3.598,-1.388,3.289,0.0586,-0.0820,0.9614,
0.509,IMU,0.9357,0.9783,0.9570,5.1985,4.2611,0.122,-3.576,-1.453,3.277,0.0566,-0.0767,0.9785,
0.525,ENC,1.0516,1.0738,1.0627,5.7950,4.7724,0.063,-3.576,-1.453,3.277,0.0566,-0.0767,0.9785,
0.529,IMU,1.0516,1.0738,1.0627,5.7950,4.7724,0.063,-3.531,-1.466,3.256,0.0146,-0.0234,1.0503,
0.544,ENC,1.1675,1.1726,1.1701,5.7950,4.9428,0.015,-3.531,-1.466,3.256,0.0146,-0.0234,1.0503,
0.549,IMU,1.1675,1.1726,1.1701,5.7950,4.9428,0.015,-3.599,-1.450,3.230,0.1279,-0.0078,0.9937,
0.565,ENC,1.2902,1.2783,1.2843,6.1359,5.2837,-0.034,-3.599,-1.450,3.230,0.1279,-0.0078,0.9937,
0.569,IMU,1.2902,1.2783,1.2843,6.1359,5.2837,-0.034,-3.539,-1.421,3.264,0.0127,-0.0215,0.9756,
0.584,ENC,1.4096,1.3959,1.4027,5.9655,5.8803,-0.039,-3.539,-1.421,3.264,0.0127,-0.0215,0.9756,
0.589,IMU,1.4096,1.3959,1.4027,5.9655,5.8803,-0.039,-3.537,-1.420,3.305,0.0312,-0.0415,1.0039,
0.604,ENC,1.5391,1.5169,1.5280,6.4768,6.0507,-0.063,-3.537,-1.420,3.305,0.0312,-0.0415,1.0039,
0.609,IMU,1.5391,1.5169,1.5280,6.4768,6.0507,-0.063,-3.516,-1.451,3.287,0.0483,-0.0674,1.0073,
0.625,ENC,1.6703,1.6516,1.6610,6.5620,6.7325,-0.054,-3.516,-1.451,3.287,0.0483,-0.0674,1.0073,
0.629,IMU,1.6703,1.6516,1.6610,6.5620,6.7325,-0.054,-3.540,-1.428,3.308,0.0635,-0.0273,1.0166,
0.645,ENC,1.7896,1.7709,1.7803,5.9655,5.9655,-0.054,-3.540,-1.428,3.308,0.0635,-0.0273,1.0166,
0.648,IMU,1.7896,1.7709,1.7803,5.9655,5.9655,-0.054,-3.551,-1.378,3.356,0.0562,-0.0190,0.9619,
0.669,ENC,1.9158,1.9072,1.9115,6.3064,6.8177,-0.024,-3.551,-1.378,3.356,0.0562,-0.0190,0.9619,
0.672,IMU,1.9158,1.9072,1.9115,6.3064,6.8177,-0.024,-3.616,-1.382,3.322,0.1016,-0.0303,0.9668,
0.685,ENC,2.0402,2.0283,2.0342,6.2211,6.0507,-0.034,-3.616,-1.382,3.322,0.1016,-0.0303,0.9668,
0.689,IMU,2.0402,2.0283,2.0342,6.2211,6.0507,-0.034,-3.581,-1.413,3.338,0.0811,-0.0483,1.0195,
0.705,ENC,2.1731,2.1561,2.1646,6.6473,6.3916,-0.049,-3.581,-1.413,3.338,0.0811,-0.0483,1.0195,
0.710,IMU,2.1731,2.1561,2.1646,6.6473,6.3916,-0.049,-3.544,-1.407,3.329,0.0352,-0.0034,0.9761,
0.726,ENC,2.3010,2.2942,2.2976,6.3916,6.9029,-0.020,-3.544,-1.407,3.329,0.0352,-0.0034,0.9761,
0.730,IMU,2.3010,2.2942,2.2976,6.3916,6.9029,-0.020,-3.589,-1.339,3.306,0.1299,0.0156,0.9751,
0.746,ENC,2.4305,2.4101,2.4203,6.4768,5.7950,-0.059,-3.589,-1.339,3.306,0.1299,0.0156,0.9751,
0.750,IMU,2.4305,2.4101,2.4203,6.4768,5.7950,-0.059,-3.584,-1.371,3.290,0.0625,-0.0645,1.0859,
0.766,ENC,2.5481,2.5549,2.5515,5.8803,7.2438,0.020,-3.584,-1.371,3.290,0.0625,-0.0645,1.0859,
0.770,IMU,2.5481,2.5549,2.5515,5.8803,7.2438,0.020,-3.629,-1.342,3.264,0.1011,-0.0020,1.0293,
0.784,ENC,2.6623,2.6811,2.6717,5.7098,6.3064,0.054,-3.629,-1.342,3.264,0.1011,-0.0020,1.0293,
0.798,IMU,2.6623,2.6811,2.6717,5.7098,6.3064,0.054,-3.683,-1.292,3.252,0.0835,0.0127,1.0288,
0.804,ENC,2.7833,2.8293,2.8063,6.0507,7.4142,0.132,-3.683,-1.292,3.252,0.0835,0.0127,1.0288,
0.809,IMU,2.7833,2.8293,2.8063,6.0507,7.4142,0.132,-3.619,-1.313,3.240,-0.0298,-0.0459,1.1284,
0.833,IMU,2.7833,2.8293,2.8063,6.0507,7.4142,0.132,-3.631,-1.189,3.273,0.0859,0.0298,1.0581,
0.835,ENC,2.9112,2.9725,2.9418,6.3916,7.1586,0.176,-3.631,-1.189,3.273,0.0859,0.0298,1.0581,
0.849,IMU,2.9112,2.9725,2.9418,6.3916,7.1586,0.176,-3.616,-1.119,3.328,0.0322,0.0117,1.0171,
0.869,IMU,2.9112,2.9725,2.9418,6.3916,7.1586,0.176,-3.593,-1.098,3.312,0.0132,-0.0029,0.9800,
0.886,ENC,3.3066,3.3986,3.3526,6.5904,7.1018,0.264,-3.593,-1.098,3.312,0.0132,-0.0029,0.9800,
0.904,ENC,3.4344,3.5418,3.4881,6.3916,7.1586,0.308,-3.593,-1.098,3.312,0.0132,-0.0029,0.9800,
0.909,IMU,3.4344,3.5418,3.4881,6.3916,7.1586,0.308,-3.667,-1.002,3.330,0.0645,-0.0146,1.0352,
0.925,ENC,3.5674,3.6833,3.6253,6.6473,7.0734,0.332,-3.667,-1.002,3.330,0.0645,-0.0146,1.0352,
0.929,IMU,3.5674,3.6833,3.6253,6.6473,7.0734,0.332,-3.730,-0.973,3.320,0.0996,0.0112,0.9839,
0.944,ENC,3.7003,3.8315,3.7659,6.6473,7.4142,0.376,-3.730,-0.973,3.320,0.0996,0.0112,0.9839,
0.949,IMU,3.7003,3.8315,3.7659,6.6473,7.4142,0.376,-3.618,-1.010,3.303,-0.0005,-0.0757,1.0522,
0.964,ENC,3.8384,3.9730,3.9057,6.9029,7.0734,0.386,-3.618,-1.010,3.303,-0.0005,-0.0757,1.0522,
0.969,IMU,3.8384,3.9730,3.9057,6.9029,7.0734,0.386,-3.569,-1.007,3.275,0.0518,0.0181,1.0620,
0.989,IMU,3.8384,3.9730,3.9057,6.9029,7.0734,0.386,-3.572,-0.963,3.309,0.0454,0.0293,1.1089,
1.005,ENC,4.1196,4.2628,4.1912,7.0307,7.2438,0.410,-3.572,-0.963,3.309,0.0454,0.0293,1.1089,
1.009,IMU,4.1196,4.2628,4.1912,7.0307,7.2438,0.410,-3.584,-1.014,3.316,0.0596,-0.0562,0.9736,
1.028,ENC,4.2815,4.4025,4.3420,8.0960,6.9881,0.347,-3.584,-1.014,3.316,0.0596,-0.0562,0.9736,
1.031,IMU,4.2815,4.4025,4.3420,8.0960,6.9881,0.347,-3.590,-0.955,3.313,0.0498,-0.0151,1.0278,
1.044,ENC,4.4196,4.5440,4.4818,6.9029,7.0734,0.356,-3.590,-0.955,3.313,0.0498,-0.0151,1.0278,
1.050,IMU,4.4196,4.5440,4.4818,6.9029,7.0734,0.356,-3.489,-0.945,3.320,-0.0605,-0.0117,0.9614,
1.066,ENC,4.5798,4.6855,4.6326,8.0108,7.0734,0.303,-3.489,-0.945,3.320,-0.0605,-0.0117,0.9614,
1.069,IMU,4.5798,4.6855,4.6326,8.0108,7.0734,0.303,-3.575,-0.931,3.308,0.1172,-0.0376,1.0249,
1.091,IMU,4.5798,4.6855,4.6326,8.0108,7.0734,0.303,-3.597,-0.884,3.286,0.0928,0.0146,0.9790,
1.105,ENC,4.8849,4.9565,4.9207,7.6273,6.7751,0.205,-3.597,-0.884,3.286,0.0928,0.0146,0.9790,
1.109,IMU,4.8849,4.9565,4.9207,7.6273,6.7751,0.205,-3.608,-0.883,3.248,0.0898,-0.0200,0.9688,
1.128,ENC,5.0366,5.0962,5.0664,7.5847,6.9881,0.171,-3.608,-0.883,3.248,0.0898,-0.0200,0.9688,
1.131,IMU,5.0366,5.0962,5.0664,7.5847,6.9881,0.171,-3.581,-0.843,3.267,0.0654,-0.0083,0.9541,
1.145,ENC,5.1866,5.2343,5.2104,7.4995,6.9029,0.137,-3.581,-0.843,3.267,0.0654,-0.0083,0.9541,
1.149,IMU,5.1866,5.2343,5.2104,7.4995,6.9029,0.137,-3.565,-0.823,3.266,0.0635,0.0234,1.0000,
1.169,IMU,5.1866,5.2343,5.2104,7.4995,6.9029,0.137,-3.597,-0.822,3.317,0.0767,-0.0361,1.0010,
1.189,IMU,5.1866,5.2343,5.2104,7.4995,6.9029,0.137,-3.609,-0.759,3.292,0.1030,0.0469,0.9731,
1.205,ENC,5.6093,5.6348,5.6220,7.0449,6.6757,0.073,-3.609,-0.759,3.292,0.1030,0.0469,0.9731,
1.210,IMU,5.6093,5.6348,5.6220,7.0449,6.6757,0.073,-3.513,-0.807,3.319,-0.0024,-0.0405,0.9912,
1.224,ENC,5.7422,5.7746,5.7584,6.6473,6.9881,0.093,-3.513,-0.807,3.319,-0.0024,-0.0405,0.9912,
1.231,IMU,5.7422,5.7746,5.7584,6.6473,6.9881,0.093,-3.498,-0.822,3.314,0.0381,0.0156,0.9888,
1.245,ENC,5.8769,5.9126,5.8947,6.7325,6.9029,0.103,-3.498,-0.822,3.314,0.0381,0.0156,0.9888,
1.249,IMU,5.8769,5.9126,5.8947,6.7325,6.9029,0.103,-3.402,-0.921,3.255,0.0283,-0.0854,0.9624,
1.266,ENC,6.0081,6.0592,6.0337,6.5620,7.3290,0.146,-3.402,-0.921,3.255,0.0283,-0.0854,0.9624,
1.269,IMU,6.0081,6.0592,6.0337,6.5620,7.3290,0.146,-3.381,-0.933,3.242,0.0444,-0.0127,0.9448,
1.285,ENC,6.1359,6.2007,6.1683,6.3916,7.0734,0.186,-3.381,-0.933,3.242,0.0444,-0.0127,0.9448,
1.309,IMU,6.1359,6.2007,6.1683,6.3916,7.0734,0.186,-3.313,-0.967,3.278,0.1089,-0.0132,0.9941,
1.326,ENC,6.4069,6.4904,6.4487,6.7751,7.2438,0.239,-3.313,-0.967,3.278,0.1089,-0.0132,0.9941,
1.335,IMU,6.4069,6.4904,6.4487,6.7751,7.2438,0.239,-3.298,-0.947,3.302,0.0415,0.0078,1.0010,
1.345,ENC,6.5501,6.6251,6.5876,7.1586,6.7325,0.215,-3.298,-0.947,3.302,0.0415,0.0078,1.0010,
1.349,IMU,6.5501,6.6251,6.5876,7.1586,6.7325,0.215,-3.315,-0.949,3.283,0.0938,0.0054,0.9814,
1.365,ENC,6.6830,6.7666,6.7248,6.6473,7.0734,0.239,-3.315,-0.949,3.283,0.0938,0.0054,0.9814,
1.369,IMU,6.6830,6.7666,6.7248,6.6473,7.0734,0.239,-3.330,-0.948,3.264,0.0850,0.0161,0.9707,
1.384,ENC,6.8364,6.9131,6.8748,7.6699,7.3290,0.220,-3.330,-0.948,3.264,0.0850,0.0161,0.9707,
1.391,IMU,6.8364,6.9131,6.8748,7.6699,7.3290,0.220,-3.355,-0.923,3.318,0.0249,-0.0215,1.0586,
1.425,ENC,7.1160,7.2097,7.1628,6.9881,7.4142,0.269,-3.355,-0.923,3.318,0.0249,-0.0215,1.0586,
1.429,IMU,7.1160,7.2097,7.1628,6.9881,7.4142,0.269,-3.310,-0.901,3.353,0.0518,0.0000,1.0352,
1.446,ENC,7.2557,7.3597,7.3077,6.9881,7.4995,0.298,-3.310,-0.901,3.353,0.0518,0.0000,1.0352,
1.450,IMU,7.2557,7.3597,7.3077,6.9881,7.4995,0.298,-3.381,-0.941,3.383,0.1138,-0.0513,1.0098,
1.466,ENC,7.3989,7.5029,7.4509,7.1586,7.1586,0.298,-3.381,-0.941,3.383,0.1138,-0.0513,1.0098,
1.469,IMU,7.3989,7.5029,7.4509,7.1586,7.1586,0.298,-3.461,-0.869,3.375,0.0874,0.0610,0.9395,
1.488,ENC,7.5540,7.6460,7.6000,7.7551,7.1586,0.264,-3.461,-0.869,3.375,0.0874,0.0610,0.9395,
1.490,IMU,7.5540,7.6460,7.6000,7.7551,7.1586,0.264,-3.472,-0.901,3.397,0.0801,-0.0518,1.0532,
1.506,ENC,7.6921,7.7892,7.7406,6.9029,7.1586,0.278,-3.472,-0.901,3.397,0.0801,-0.0518,1.0532,
1.510,IMU,7.6921,7.7892,7.7406,6.9029,7.1586,0.278,-3.411,-0.852,3.405,0.0190,0.0166,0.9746,
1.549,ENC,7.8386,7.9341,7.8864,7.3290,7.2438,0.273,-3.411,-0.852,3.405,0.0190,0.0166,0.9746,
1.553,IMU,7.8386,7.9341,7.8864,7.3290,7.2438,0.273,-3.340,-0.957,3.412,0.0049,-0.0850,1.0029,
1.555,ENC,7.9767,8.0773,8.0270,6.9029,7.1586,0.288,-3.340,-0.957,3.412,0.0049,-0.0850,1.0029,
1.558,IMU,7.9767,8.0773,8.0270,6.9029,7.1586,0.288,-3.401,-0.842,3.448,0.1318,0.0591,0.9414,
1.566,ENC,8.1318,8.2204,8.1761,7.7551,7.1586,0.254,-3.401,-0.842,3.448,0.1318,0.0591,0.9414,
1.570,IMU,8.1318,8.2204,8.1761,7.7551,7.1586,0.254,-3.387,-0.921,3.462,0.0620,-0.0718,1.0107,
1.585,ENC,8.2784,8.3585,8.3184,7.3290,6.9029,0.229,-3.387,-0.921,3.462,0.0620,-0.0718,1.0107,
1.590,IMU,8.2784,8.3585,8.3184,7.3290,6.9029,0.229,-3.346,-0.915,3.470,0.0435,-0.0430,0.9507,
1.605,ENC,8.4335,8.5034,8.4684,7.7551,7.2438,0.200,-3.346,-0.915,3.470,0.0435,-0.0430,0.9507,
1.608,IMU,8.4335,8.5034,8.4684,7.7551,7.2438,0.200,-3.328,-0.887,3.472,0.0771,0.0098,0.9121,
1.624,ENC,8.5801,8.6414,8.6107,7.3290,6.9029,0.176,-3.328,-0.887,3.472,0.0771,0.0098,0.9121,
1.630,IMU,8.5801,8.6414,8.6107,7.3290,6.9029,0.176,-3.391,-0.857,3.464,0.1328,0.0156,1.0142,
1.646,ENC,8.7249,8.7795,8.7522,7.2438,6.9029,0.156,-3.391,-0.857,3.464,0.1328,0.0156,1.0142,
1.649,IMU,8.7249,8.7795,8.7522,7.2438,6.9029,0.156,-3.419,-0.822,3.461,0.0771,-0.0254,1.0215,
1.666,ENC,8.8715,8.9175,8.8945,7.3290,6.9029,0.132,-3.419,-0.822,3.461,0.0771,-0.0254,1.0215,
1.670,IMU,8.8715,8.9175,8.8945,7.3290,6.9029,0.132,-3.396,-0.822,3.402,-0.0010,-0.0415,1.0347,
1.686,ENC,9.0113,9.0556,9.0334,6.9881,6.9029,0.127,-3.396,-0.822,3.402,-0.0010,-0.0415,1.0347,
1.693,IMU,9.0113,9.0556,9.0334,6.9881,6.9029,0.127,-3.414,-0.768,3.350,0.0308,0.0107,1.0127,
1.705,ENC,9.1528,9.1971,9.1749,7.0734,7.0734,0.127,-3.414,-0.768,3.350,0.0308,0.0107,1.0127,
1.709,IMU,9.1528,9.1971,9.1749,7.0734,7.0734,0.127,-3.353,-0.726,3.372,-0.0024,0.0098,1.0146,
1.726,ENC,9.2840,9.3419,9.3130,6.5620,7.2438,0.166,-3.353,-0.726,3.372,-0.0024,0.0098,1.0146,
1.730,IMU,9.2840,9.3419,9.3130,6.5620,7.2438,0.166,-3.458,-0.689,3.369,0.1401,0.0166,1.0156,
1.744,ENC,9.4238,9.4851,9.4544,6.9881,7.1586,0.176,-3.458,-0.689,3.369,0.1401,0.0166,1.0156,
1.749,IMU,9.4238,9.4851,9.4544,6.9881,7.1586,0.176,-3.429,-0.676,3.386,0.0278,-0.0078,1.0063,
1.765,ENC,9.5397,9.6317,9.5857,5.7950,7.3290,0.264,-3.429,-0.676,3.386,0.0278,-0.0078,1.0063,
1.769,IMU,9.5397,9.6317,9.5857,5.7950,7.3290,0.264,-3.376,-0.632,3.438,0.0308,-0.0029,0.9429,
1.786,ENC,9.6573,9.7698,9.7135,5.8803,6.9029,0.322,-3.376,-0.632,3.438,0.0308,-0.0029,0.9429,
1.789,IMU,9.6573,9.7698,9.7135,5.8803,6.9029,0.322,-3.337,-0.696,3.434,0.0391,-0.0347,1.0361,
1.805,ENC,9.8021,9.9163,9.8592,7.2438,7.3290,0.327,-3.337,-0.696,3.434,0.0391,-0.0347,1.0361,
1.809,IMU,9.8021,9.9163,9.8592,7.2438,7.3290,0.327,-3.349,-0.711,3.475,0.0918,-0.0371,0.9043,
1.825,ENC,9.9283,10.0612,9.9947,6.3064,7.2438,0.381,-3.349,-0.711,3.475,0.0918,-0.0371,0.9043,
1.831,IMU,9.9283,10.0612,9.9947,6.3064,7.2438,0.381,-3.354,-0.728,3.476,0.0781,-0.0464,0.9819,
1.845,ENC,10.0680,10.2078,10.1379,6.9881,7.3290,0.400,-3.354,-0.728,3.476,0.0781,-0.0464,0.9819,
1.849,IMU,10.0680,10.2078,10.1379,6.9881,7.3290,0.400,-3.354,-0.704,3.496,0.0410,-0.0332,0.9805,
1.866,ENC,10.2061,10.3493,10.2777,6.9029,7.0734,0.410,-3.354,-0.704,3.496,0.0410,-0.0332,0.9805,
1.869,IMU,10.2061,10.3493,10.2777,6.9029,7.0734,0.410,-3.380,-0.659,3.566,0.0542,-0.0029,0.9937,
1.914,IMU,10.2061,10.3493,10.2777,6.9029,7.0734,0.410,-3.423,-0.618,3.642,0.0522,-0.0054,1.0366,
1.917,ENC,10.4686,10.6373,10.5529,6.5620,7.2012,0.483,-3.423,-0.618,3.642,0.0522,-0.0054,1.0366,
1.926,ENC,10.6169,10.7856,10.7012,7.4142,7.4142,0.483,-3.423,-0.618,3.642,0.0522,-0.0054,1.0366,
1.930,IMU,10.6169,10.7856,10.7012,7.4142,7.4142,0.483,-3.340,-0.670,3.639,0.0020,-0.0488,1.0820,
1.949,ENC,10.7515,10.9288,10.8401,6.7325,7.1586,0.508,-3.340,-0.670,3.639,0.0020,-0.0488,1.0820,
1.952,IMU,10.7515,10.9288,10.8401,6.7325,7.1586,0.508,-3.295,-0.610,3.630,0.0249,0.0210,1.0840,
1.965,ENC,10.8913,11.0736,10.9825,6.9881,7.2438,0.522,-3.295,-0.610,3.630,0.0249,0.0210,1.0840,
1.970,IMU,10.8913,11.0736,10.9825,6.9881,7.2438,0.522,-3.292,-0.590,3.651,0.0625,-0.0127,0.9966,
1.985,ENC,11.0293,11.2151,11.1222,6.9029,7.0734,0.532,-3.292,-0.590,3.651,0.0625,-0.0127,0.9966,
1.989,IMU,11.0293,11.2151,11.1222,6.9029,7.0734,0.532,-3.283,-0.516,3.654,0.0259,0.0684,1.0830,
2.025,ENC,11.3140,11.5066,11.4103,7.1160,7.2864,0.552,-3.283,-0.516,3.654,0.0259,0.0684,1.0830,
2.030,IMU,11.3140,11.5066,11.4103,7.1160,7.2864,0.552,-3.390,-0.595,3.746,0.1328,-0.0508,0.9961,
2.044,ENC,11.4605,11.6531,11.5568,7.3290,7.3290,0.552,-3.390,-0.595,3.746,0.1328,-0.0508,0.9961,
2.051,IMU,11.4605,11.6531,11.5568,7.3290,7.3290,0.552,-3.379,-0.652,3.714,0.0303,-0.0430,0.9966,
2.065,ENC,11.6139,11.8014,11.7077,7.6699,7.4142,0.537,-3.379,-0.652,3.714,0.0303,-0.0430,0.9966,
2.069,IMU,11.6139,11.8014,11.7077,7.6699,7.4142,0.537,-3.399,-0.676,3.710,0.1206,-0.0107,1.0220,
2.086,ENC,11.7622,11.9344,11.8483,7.4142,6.6473,0.493,-3.399,-0.676,3.710,0.1206,-0.0107,1.0220,
2.090,IMU,11.7622,11.9344,11.8483,7.4142,6.6473,0.493,-3.331,-0.640,3.709,0.0420,0.0054,0.9351,
2.104,ENC,11.9190,12.0844,12.0017,7.8403,7.4995,0.474,-3.331,-0.640,3.709,0.0420,0.0054,0.9351,
2.126,ENC,12.0707,12.2258,12.1483,7.5847,7.0734,0.444,-3.331,-0.640,3.709,0.0420,0.0054,0.9351,
2.130,IMU,12.0707,12.2258,12.1483,7.5847,7.0734,0.444,-3.260,-0.655,3.713,0.0161,-0.0449,0.9658,
2.146,ENC,12.2122,12.3520,12.2821,7.0734,6.3064,0.400,-3.260,-0.655,3.713,0.0161,-0.0449,0.9658,
2.150,IMU,12.2122,12.3520,12.2821,7.0734,6.3064,0.400,-3.297,-0.680,3.749,0.0908,-0.0269,1.0225,
2.166,ENC,12.3622,12.4968,12.4295,7.4995,7.2438,0.386,-3.297,-0.680,3.749,0.0908,-0.0269,1.0225,
2.169,IMU,12.3622,12.4968,12.4295,7.4995,7.2438,0.386,-3.340,-0.711,3.802,0.0986,-0.0347,0.9956,
2.185,ENC,12.5002,12.6298,12.5650,6.9029,6.6473,0.371,-3.340,-0.711,3.802,0.0986,-0.0347,0.9956,
2.211,ENC,12.6468,12.7747,12.7107,7.3290,7.2438,0.366,-3.340,-0.711,3.802,0.0986,-0.0347,0.9956,
2.222,IMU,12.6468,12.7747,12.7107,7.3290,7.2438,0.366,-3.298,-0.603,3.841,0.0449,0.0088,1.0459,
2.225,ENC,12.7832,12.9161,12.8496,6.8177,7.0734,0.381,-3.298,-0.603,3.841,0.0449,0.0088,1.0459,
2.228,IMU,12.7832,12.9161,12.8496,6.8177,7.0734,0.381,-3.246,-0.549,3.819,0.0464,0.0142,1.1123,
2.244,ENC,12.9161,13.0593,12.9877,6.6473,7.1586,0.410,-3.246,-0.549,3.819,0.0464,0.0142,1.1123,
2.248,IMU,12.9161,13.0593,12.9877,6.6473,7.1586,0.410,-3.227,-0.537,3.844,0.0332,-0.0020,1.0132,
2.265,ENC,13.0457,13.1956,13.1206,6.4768,6.8177,0.430,-3.227,-0.537,3.844,0.0332,-0.0020,1.0132,
2.270,IMU,13.0457,13.1956,13.1206,6.4768,6.8177,0.430,-3.289,-0.486,3.829,0.1216,0.0229,0.9648,
2.294,IMU,13.0457,13.1956,13.1206,6.4768,6.8177,0.430,-3.352,-0.388,3.879,0.1411,0.0479,1.0171,
2.296,ENC,13.1837,13.3542,13.2689,6.9029,7.9256,0.488,-3.352,-0.388,3.879,0.1411,0.0479,1.0171,
2.307,ENC,13.3150,13.4871,13.4010,6.5620,6.6473,0.493,-3.352,-0.388,3.879,0.1411,0.0479,1.0171,
2.311,IMU,13.3150,13.4871,13.4010,6.5620,6.6473,0.493,-3.422,-0.345,3.876,0.1025,-0.0298,1.0015,
2.325,ENC,13.4479,13.6286,13.5382,6.6473,7.0734,0.518,-3.422,-0.345,3.876,0.1025,-0.0298,1.0015,
2.330,IMU,13.4479,13.6286,13.5382,6.6473,7.0734,0.518,-3.346,-0.342,3.855,-0.0024,-0.0142,0.9043,
2.345,ENC,13.5843,13.7717,13.6780,6.8177,7.1586,0.537,-3.346,-0.342,3.855,-0.0024,-0.0142,0.9043,
2.349,IMU,13.5843,13.7717,13.6780,6.8177,7.1586,0.537,-3.320,-0.372,3.869,0.0234,-0.0303,1.1460,
2.365,ENC,13.7274,13.9132,13.8203,7.1586,7.0734,0.532,-3.320,-0.372,3.869,0.0234,-0.0303,1.1460,
2.370,IMU,13.7274,13.9132,13.8203,7.1586,7.0734,0.532,-3.289,-0.386,3.819,0.0376,-0.0112,0.9429,
2.386,ENC,13.8740,14.0666,13.9703,7.3290,7.6699,0.552,-3.289,-0.386,3.819,0.0376,-0.0112,0.9429,
2.389,IMU,13.8740,14.0666,13.9703,7.3290,7.6699,0.552,-3.301,-0.397,3.898,0.0752,0.0239,1.0630,
2.409,ENC,14.0087,14.2115,14.1101,6.7325,7.2438,0.581,-3.301,-0.397,3.898,0.0752,0.0239,1.0630,
2.412,IMU,14.0087,14.2115,14.1101,6.7325,7.2438,0.581,-3.308,-0.382,3.892,0.0532,0.0288,1.0381,
2.427,ENC,14.1586,14.3649,14.2618,7.4995,7.6699,0.591,-3.308,-0.382,3.892,0.0532,0.0288,1.0381,
2.429,IMU,14.1586,14.3649,14.2618,7.4995,7.6699,0.591,-3.333,-0.376,3.882,0.0693,-0.0303,1.0332,
2.444,ENC,14.2933,14.5046,14.3990,6.7325,6.9881,0.605,-3.333,-0.376,3.882,0.0693,-0.0303,1.0332,
2.448,IMU,14.2933,14.5046,14.3990,6.7325,6.9881,0.605,-3.267,-0.375,3.942,0.0039,-0.0078,0.9580,
2.467,ENC,14.4416,14.6546,14.5481,7.4142,7.4995,0.610,-3.267,-0.375,3.942,0.0039,-0.0078,0.9580,
2.470,IMU,14.4416,14.6546,14.5481,7.4142,7.4995,0.610,-3.213,-0.368,3.981,-0.0137,-0.0117,1.0825,
2.486,ENC,14.5882,14.7978,14.6930,7.3290,7.1586,0.601,-3.213,-0.368,3.981,-0.0137,-0.0117,1.0825,
2.489,IMU,14.5882,14.7978,14.6930,7.3290,7.1586,0.601,-3.202,-0.334,4.044,0.0552,0.0200,0.9370,
2.506,ENC,14.7313,14.9444,14.8379,7.1586,7.3290,0.610,-3.202,-0.334,4.044,0.0552,0.0200,0.9370,
2.512,IMU,14.7313,14.9444,14.8379,7.1586,7.3290,0.610,-3.111,-0.331,4.102,0.0132,0.0083,0.9922,
2.526,ENC,14.8677,15.0858,14.9768,6.8177,7.0734,0.625,-3.111,-0.331,4.102,0.0132,0.0083,0.9922,
2.530,IMU,14.8677,15.0858,14.9768,6.8177,7.0734,0.625,-3.123,-0.334,4.123,0.0205,-0.0293,1.0605,
2.544,ENC,15.0143,15.2341,15.1242,7.3290,7.4142,0.630,-3.123,-0.334,4.123,0.0205,-0.0293,1.0605,
2.549,IMU,15.0143,15.2341,15.1242,7.3290,7.4142,0.630,-3.096,-0.357,4.167,0.0181,-0.0327,1.0063,
2.566,ENC,15.1574,15.3756,15.2665,7.1586,7.0734,0.625,-3.096,-0.357,4.167,0.0181,-0.0327,1.0063,
2.570,IMU,15.1574,15.3756,15.2665,7.1586,7.0734,0.625,-3.213,-0.291,4.141,0.1504,0.0151,1.0083,
2.585,ENC,15.2989,15.5103,15.4046,7.0734,6.7325,0.605,-3.213,-0.291,4.141,0.1504,0.0151,1.0083,
2.592,IMU,15.2989,15.5103,15.4046,7.0734,6.7325,0.605,-3.224,-0.280,4.192,0.0332,-0.0015,1.0864,
2.607,ENC,15.4506,15.6466,15.5486,7.5847,6.8177,0.562,-3.224,-0.280,4.192,0.0332,-0.0015,1.0864,
2.610,IMU,15.4506,15.6466,15.5486,7.5847,6.8177,0.562,-3.176,-0.301,4.174,0.0181,-0.0337,0.9966,
2.625,ENC,15.5972,15.7813,15.6892,7.3290,6.7325,0.527,-3.176,-0.301,4.174,0.0181,-0.0337,0.9966,
2.630,IMU,15.5972,15.7813,15.6892,7.3290,6.7325,0.527,-3.080,-0.331,4.188,-0.0498,-0.0532,1.0142,
2.646,ENC,15.7421,15.9176,15.8298,7.2438,6.8177,0.503,-3.080,-0.331,4.188,-0.0498,-0.0532,1.0142,
2.650,IMU,15.7421,15.9176,15.8298,7.2438,6.8177,0.503,-3.148,-0.309,4.201,0.1162,-0.0142,0.9561,
2.666,ENC,15.8767,16.0523,15.9645,6.7325,6.7325,0.503,-3.148,-0.309,4.201,0.1162,-0.0142,0.9561,
2.670,IMU,15.8767,16.0523,15.9645,6.7325,6.7325,0.503,-3.103,-0.349,4.179,0.0317,-0.0439,0.9629,
2.685,ENC,16.0148,16.1903,16.1025,6.9029,6.9029,0.503,-3.103,-0.349,4.179,0.0317,-0.0439,0.9629,
2.690,IMU,16.0148,16.1903,16.1025,6.9029,6.9029,0.503,-3.060,-0.424,4.164,-0.0029,-0.0552,1.0293,
2.706,ENC,16.1630,16.3301,16.2466,7.4142,6.9881,0.479,-3.060,-0.424,4.164,-0.0029,-0.0552,1.0293,
2.710,IMU,16.1630,16.3301,16.2466,7.4142,6.9881,0.479,-3.064,-0.436,4.168,0.1055,-0.0210,0.9512,
2.725,ENC,16.2977,16.4732,16.3855,6.7325,7.1586,0.503,-3.064,-0.436,4.168,0.1055,-0.0210,0.9512,
2.729,IMU,16.2977,16.4732,16.3855,6.7325,7.1586,0.503,-3.078,-0.373,4.148,0.0522,0.0439,1.0010,
2.745,ENC,16.4340,16.6062,16.5201,6.8177,6.6473,0.493,-3.078,-0.373,4.148,0.0522,0.0439,1.0010,
2.750,IMU,16.4340,16.6062,16.5201,6.8177,6.6473,0.493,-3.137,-0.325,4.116,0.1030,0.0400,0.9458,
2.766,ENC,16.5534,16.7528,16.6531,5.9655,7.3290,0.571,-3.137,-0.325,4.116,0.1030,0.0400,0.9458,
2.769,IMU,16.5534,16.7528,16.6531,5.9655,7.3290,0.571,-3.194,-0.255,4.159,0.0361,0.0103,0.9775,
2.784,ENC,16.6778,16.9045,16.7911,6.2211,7.5847,0.649,-3.194,-0.255,4.159,0.0361,0.0103,0.9775,
2.789,IMU,16.6778,16.9045,16.7911,6.2211,7.5847,0.649,-3.146,-0.277,4.173,0.0278,-0.0181,0.9922,
2.806,ENC,16.8141,17.0374,16.9258,6.8177,6.6473,0.640,-3.146,-0.277,4.173,0.0278,-0.0181,0.9922,
2.810,IMU,16.8141,17.0374,16.9258,6.8177,6.6473,0.640,-3.206,-0.209,4.180,0.1094,0.0347,1.0469,
2.826,ENC,16.9471,17.1891,17.0681,6.6473,7.5847,0.693,-3.206,-0.209,4.180,0.1094,0.0347,1.0469,
2.830,IMU,16.9471,17.1891,17.0681,6.6473,7.5847,0.693,-3.201,-0.234,4.198,0.1050,-0.0029,0.9502,
2.846,ENC,17.0800,17.3391,17.2096,6.6473,7.4995,0.742,-3.201,-0.234,4.198,0.1050,-0.0029,0.9502,
2.849,IMU,17.0800,17.3391,17.2096,6.6473,7.4995,0.742,-3.238,-0.274,4.206,0.0752,-0.0474,0.9995,
2.865,ENC,17.2147,17.4840,17.3493,6.7325,7.2438,0.771,-3.238,-0.274,4.206,0.0752,-0.0474,0.9995,
2.871,IMU,17.2147,17.4840,17.3493,6.7325,7.2438,0.771,-3.205,-0.314,4.182,-0.0093,-0.0532,1.1030,
2.886,ENC,17.3595,17.6288,17.4942,7.2438,7.2438,0.771,-3.205,-0.314,4.182,-0.0093,-0.0532,1.1030,
2.890,IMU,17.3595,17.6288,17.4942,7.2438,7.2438,0.771,-3.233,-0.335,4.166,0.0806,-0.0068,1.0161,
2.906,ENC,17.5095,17.7771,17.6433,7.4995,7.4142,0.767,-3.233,-0.335,4.166,0.0806,-0.0068,1.0161,
2.910,IMU,17.5095,17.7771,17.6433,7.4995,7.4142,0.767,-3.249,-0.274,4.224,0.0742,0.0181,0.9570,
2.926,ENC,17.6578,17.9220,17.7899,7.4142,7.2438,0.757,-3.249,-0.274,4.224,0.0742,0.0181,0.9570,
2.930,IMU,17.6578,17.9220,17.7899,7.4142,7.2438,0.757,-3.344,-0.226,4.199,0.1191,0.0410,0.9771,
2.946,ENC,17.8010,18.0703,17.9356,7.1586,7.4142,0.771,-3.344,-0.226,4.199,0.1191,0.0410,0.9771,
2.950,IMU,17.8010,18.0703,17.9356,7.1586,7.4142,0.771,-3.248,-0.201,4.164,0.0273,0.0439,0.9771,
2.966,ENC,17.9442,18.2135,18.0788,7.1586,7.1586,0.771,-3.248,-0.201,4.164,0.0273,0.0439,0.9771,
2.973,IMU,17.9442,18.2135,18.0788,7.1586,7.1586,0.771,-3.230,-0.237,4.179,0.0117,-0.0474,1.0918,
2.988,ENC,18.0873,18.3549,18.2211,7.1586,7.0734,0.767,-3.230,-0.237,4.179,0.0117,-0.0474,1.0918,
2.992,IMU,18.0873,18.3549,18.2211,7.1586,7.0734,0.767,-3.137,-0.266,4.147,-0.0024,-0.0439,1.0181,
3.005,ENC,18.2356,18.5049,18.3703,7.4142,7.4995,0.771,-3.137,-0.266,4.147,-0.0024,-0.0439,1.0181,
3.010,IMU,18.2356,18.5049,18.3703,7.4142,7.4995,0.771,-3.267,-0.257,4.140,0.1768,0.0278,0.9614,
3.024,ENC,18.3822,18.6413,18.5117,7.3290,6.8177,0.742,-3.267,-0.257,4.140,0.1768,0.0278,0.9614,
3.029,IMU,18.3822,18.6413,18.5117,7.3290,6.8177,0.742,-3.298,-0.285,4.079,0.0957,-0.0347,0.9849,
3.045,ENC,18.5441,18.7844,18.6643,8.0960,7.1586,0.688,-3.298,-0.285,4.079,0.0957,-0.0347,0.9849,
3.049,IMU,18.5441,18.7844,18.6643,8.0960,7.1586,0.688,-3.306,-0.274,4.106,0.0674,0.0469,0.9209,
3.065,ENC,18.6958,18.9157,18.8058,7.5847,6.5620,0.630,-3.306,-0.274,4.106,0.0674,0.0469,0.9209,
3.069,IMU,18.6958,18.9157,18.8058,7.5847,6.5620,0.630,-3.414,-0.205,4.117,0.1392,0.0386,0.9053,
3.085,ENC,18.8560,19.0589,18.9574,8.0108,7.1586,0.581,-3.414,-0.205,4.117,0.1392,0.0386,0.9053,
3.089,IMU,18.8560,19.0589,18.9574,8.0108,7.1586,0.581,-3.467,-0.321,4.118,0.0649,-0.1069,1.0093,
3.105,ENC,19.0111,19.1918,19.1015,7.7551,6.6473,0.518,-3.467,-0.321,4.118,0.0649,-0.1069,1.0093,
3.110,IMU,19.0111,19.1918,19.1015,7.7551,6.6473,0.518,-3.381,-0.332,4.127,-0.0093,-0.0547,1.0566,
3.129,IMU,19.0111,19.1918,19.1015,7.7551,6.6473,0.518,-3.381,-0.342,4.131,0.0801,-0.0142,0.9370,
3.145,ENC,19.3043,19.4526,19.3784,7.3290,6.5194,0.425,-3.381,-0.342,4.131,0.0801,-0.0142,0.9370,
3.148,IMU,19.3043,19.4526,19.3784,7.3290,6.5194,0.425,-3.329,-0.289,4.099,0.0171,0.0186,0.9512,
3.165,ENC,19.4458,19.5821,19.5139,7.0734,6.4768,0.391,-3.329,-0.289,4.099,0.0171,0.0186,0.9512,
3.171,IMU,19.4458,19.5821,19.5139,7.0734,6.4768,0.391,-3.290,-0.289,4.045,0.0527,-0.0259,1.0044,
3.186,ENC,19.5923,19.7219,19.6571,7.3290,6.9881,0.371,-3.290,-0.289,4.045,0.0527,-0.0259,1.0044,
3.189,IMU,19.5923,19.7219,19.6571,7.3290,6.9881,0.371,-3.322,-0.275,4.075,0.1182,0.0010,0.9243,
3.206,ENC,19.7270,19.8548,19.7909,6.7325,6.6473,0.366,-3.322,-0.275,4.075,0.1182,0.0010,0.9243,
3.210,IMU,19.7270,19.8548,19.7909,6.7325,6.6473,0.366,-3.326,-0.300,4.073,0.0913,-0.0063,0.9873,
3.229,ENC,19.8616,19.9895,19.9256,6.7325,6.7325,0.366,-3.326,-0.300,4.073,0.0913,-0.0063,0.9873,
3.232,IMU,19.8616,19.9895,19.9256,6.7325,6.7325,0.366,-3.409,-0.275,4.048,0.0991,0.0264,0.9697,
3.245,ENC,19.9912,20.1361,20.0636,6.4768,7.3290,0.415,-3.409,-0.275,4.048,0.0991,0.0264,0.9697,
3.250,IMU,19.9912,20.1361,20.0636,6.4768,7.3290,0.415,-3.314,-0.339,4.086,-0.0190,-0.0239,1.0615,
3.266,ENC,20.1207,20.2775,20.1991,6.4768,7.0734,0.449,-3.314,-0.339,4.086,-0.0190,-0.0239,1.0615,
3.272,IMU,20.1207,20.2775,20.1991,6.4768,7.0734,0.449,-3.328,-0.289,4.128,0.0918,0.0273,1.0830,
3.285,ENC,20.2520,20.4002,20.3261,6.5620,6.1359,0.425,-3.328,-0.289,4.128,0.0918,0.0273,1.0830,
3.291,IMU,20.2520,20.4002,20.3261,6.5620,6.1359,0.425,-3.307,-0.276,4.118,0.0879,-0.0366,0.9512,
3.306,ENC,20.3866,20.5451,20.4659,6.7325,7.2438,0.454,-3.307,-0.276,4.118,0.0879,-0.0366,0.9512,
3.334,IMU,20.3866,20.5451,20.4659,6.7325,7.2438,0.454,-3.238,-0.206,4.152,0.0859,0.0537,0.9473,
3.337,ENC,20.5264,20.6798,20.6031,6.9881,6.7325,0.439,-3.238,-0.206,4.152,0.0859,0.0537,0.9473,
3.345,ENC,20.6644,20.8195,20.7420,6.9029,6.9881,0.444,-3.238,-0.206,4.152,0.0859,0.0537,0.9473,
3.362,IMU,20.6644,20.8195,20.7420,6.9029,6.9881,0.444,-3.265,-0.183,4.164,0.0127,-0.0264,1.0767,
3.366,ENC,20.8008,20.9644,20.8826,6.8177,7.2438,0.469,-3.265,-0.183,4.164,0.0127,-0.0264,1.0767,
3.382,IMU,20.8008,20.9644,20.8826,6.8177,7.2438,0.469,-3.215,-0.170,4.158,0.0151,0.0220,0.9517,
3.385,ENC,20.9388,21.1093,21.0241,6.9029,7.2438,0.488,-3.215,-0.170,4.158,0.0151,0.0220,0.9517,
3.394,IMU,20.9388,21.1093,21.0241,6.9029,7.2438,0.488,-3.169,-0.153,4.204,-0.0264,0.0210,1.1104,
3.406,ENC,21.0769,21.2559,21.1664,6.9029,7.3290,0.513,-3.169,-0.153,4.204,-0.0264,0.0210,1.1104,
3.410,IMU,21.0769,21.2559,21.1664,6.9029,7.3290,0.513,-3.159,-0.175,4.205,0.0601,-0.0566,0.9492,
3.430,IMU,21.0769,21.2559,21.1664,6.9029,7.3290,0.513,-3.165,-0.163,4.240,0.0151,0.0083,1.0352,
3.441,ENC,21.2150,21.3990,21.3070,6.9029,7.1586,0.527,-3.165,-0.163,4.240,0.0151,0.0083,1.0352,
3.448,ENC,21.3513,21.5405,21.4459,6.8177,7.0734,0.542,-3.165,-0.163,4.240,0.0151,0.0083,1.0352,
3.451,IMU,21.3513,21.5405,21.4459,6.8177,7.0734,0.542,-3.169,-0.231,4.237,0.0513,-0.0684,0.9966,
3.470,IMU,21.3513,21.5405,21.4459,6.8177,7.0734,0.542,-3.184,-0.138,4.217,0.0913,0.0542,0.9199,
3.479,ENC,21.5013,21.6888,21.5950,7.4995,7.4142,0.537,-3.184,-0.138,4.217,0.0913,0.0542,0.9199,
3.486,ENC,21.6411,21.8337,21.7374,6.9881,7.2438,0.552,-3.184,-0.138,4.217,0.0913,0.0542,0.9199,
3.490,IMU,21.6411,21.8337,21.7374,6.9881,7.2438,0.552,-3.165,-0.203,4.192,0.0239,-0.0625,1.0005,
3.506,ENC,21.7825,21.9717,21.8771,7.0734,6.9029,0.542,-3.165,-0.203,4.192,0.0239,-0.0625,1.0005,
3.510,IMU,21.7825,21.9717,21.8771,7.0734,6.9029,0.542,-3.067,-0.159,4.200,-0.0483,0.0059,1.0874,
3.526,ENC,21.9257,22.1149,22.0203,7.1586,7.1586,0.542,-3.067,-0.159,4.200,-0.0483,0.0059,1.0874,
3.530,IMU,21.9257,22.1149,22.0203,7.1586,7.1586,0.542,-3.079,-0.083,4.209,0.0571,0.0625,0.9355,
3.545,ENC,22.0740,22.2478,22.1609,7.4142,6.6473,0.498,-3.079,-0.083,4.209,0.0571,0.0625,0.9355,
3.550,IMU,22.0740,22.2478,22.1609,7.4142,6.6473,0.498,-3.096,-0.121,4.206,0.0547,-0.0464,1.0376,
3.566,ENC,22.2223,22.3859,22.3041,7.4142,6.9029,0.469,-3.096,-0.121,4.206,0.0547,-0.0464,1.0376,
3.570,IMU,22.2223,22.3859,22.3041,7.4142,6.9029,0.469,-3.039,-0.207,4.165,-0.0591,-0.0513,1.0249,
3.586,ENC,22.3688,22.5257,22.4473,7.3290,6.9881,0.449,-3.039,-0.207,4.165,-0.0591,-0.0513,1.0249,
3.592,IMU,22.3688,22.5257,22.4473,7.3290,6.9881,0.449,-3.044,-0.135,4.164,0.0220,0.0581,1.0601,
3.605,ENC,22.5103,22.6620,22.5862,7.0734,6.8177,0.435,-3.044,-0.135,4.164,0.0220,0.0581,1.0601,
3.611,IMU,22.5103,22.6620,22.5862,7.0734,6.8177,0.435,-3.106,-0.106,4.160,0.0811,0.0146,1.0459,
3.626,ENC,22.6688,22.8035,22.7362,7.9256,7.0734,0.386,-3.106,-0.106,4.160,0.0811,0.0146,1.0459,
3.630,IMU,22.6688,22.8035,22.7362,7.9256,7.0734,0.386,-3.163,-0.206,4.161,0.0747,-0.0708,0.9634,
3.645,ENC,22.8103,22.9347,22.8725,7.0734,6.5620,0.356,-3.163,-0.206,4.161,0.0747,-0.0708,0.9634,
3.650,IMU,22.8103,22.9347,22.8725,7.0734,6.5620,0.356,-3.021,-0.204,4.193,-0.0156,-0.0259,1.0513,
3.667,ENC,22.9620,23.0694,23.0157,7.5847,6.7325,0.308,-3.021,-0.204,4.193,-0.0156,-0.0259,1.0513,
3.670,IMU,22.9620,23.0694,23.0157,7.5847,6.7325,0.308,-3.029,-0.251,4.125,0.0459,-0.0229,0.9268,
3.689,ENC,23.0898,23.2057,23.1478,6.3916,6.8177,0.332,-3.029,-0.251,4.125,0.0459,-0.0229,0.9268,
3.692,IMU,23.0898,23.2057,23.1478,6.3916,6.8177,0.332,-2.938,-0.269,4.162,-0.0288,-0.0044,1.0317,
3.705,ENC,23.2296,23.3421,23.2858,6.9881,6.8177,0.322,-2.938,-0.269,4.162,-0.0288,-0.0044,1.0317,
3.710,IMU,23.2296,23.3421,23.2858,6.9881,6.8177,0.322,-2.986,-0.293,4.157,0.0713,0.0068,1.0054,
3.725,ENC,23.3625,23.4835,23.4230,6.6473,7.0734,0.347,-2.986,-0.293,4.157,0.0713,0.0068,1.0054,
3.731,IMU,23.3625,23.4835,23.4230,6.6473,7.0734,0.347,-3.008,-0.314,4.197,0.0884,-0.0601,0.9595,
3.750,IMU,23.3625,23.4835,23.4230,6.6473,7.0734,0.347,-3.086,-0.241,4.205,0.1147,0.0669,0.9277,
3.770,IMU,23.3625,23.4835,23.4230,6.6473,7.0734,0.347,-3.242,-0.213,4.207,0.1455,0.0405,0.9546,
3.773,ENC,23.4784,23.6233,23.5509,5.7950,6.9881,0.415,-3.242,-0.213,4.207,0.1455,0.0405,0.9546,
3.776,ENC,23.6318,23.7580,23.6949,7.6699,6.7325,0.361,-3.242,-0.213,4.207,0.1455,0.0405,0.9546,
3.808,ENC,23.8721,24.0596,23.9659,6.0081,7.5421,0.537,-3.242,-0.213,4.207,0.1455,0.0405,0.9546,
3.811,IMU,23.8721,24.0596,23.9659,6.0081,7.5421,0.537,-3.278,-0.271,4.185,0.0522,-0.0376,0.9390,
3.825,ENC,23.9915,24.1892,24.0903,5.9655,6.4768,0.566,-3.278,-0.271,4.185,0.0522,-0.0376,0.9390,
3.830,IMU,23.9915,24.1892,24.0903,5.9655,6.4768,0.566,-3.285,-0.318,4.150,0.0996,-0.0234,0.9497,
3.846,ENC,24.1261,24.3340,24.2301,6.7325,7.2438,0.596,-3.285,-0.318,4.150,0.0996,-0.0234,0.9497,
3.850,IMU,24.1261,24.3340,24.2301,6.7325,7.2438,0.596,-3.265,-0.448,4.175,0.0176,-0.0923,1.0498,
3.865,ENC,24.2505,24.4772,24.3639,6.2211,7.1586,0.649,-3.265,-0.448,4.175,0.0176,-0.0923,1.0498,
3.869,IMU,24.2505,24.4772,24.3639,6.2211,7.1586,0.649,-3.259,-0.410,4.200,0.0464,0.0142,0.9507,
3.885,ENC,24.3869,24.6289,24.5079,6.8177,7.5847,0.693,-3.259,-0.410,4.200,0.0464,0.0142,0.9507,
3.890,IMU,24.3869,24.6289,24.5079,6.8177,7.5847,0.693,-3.364,-0.395,4.220,0.1538,0.0142,0.9443,
3.906,ENC,24.5301,24.7721,24.6511,7.1586,7.1586,0.693,-3.364,-0.395,4.220,0.1538,0.0142,0.9443,
3.910,IMU,24.5301,24.7721,24.6511,7.1586,7.1586,0.693,-3.413,-0.439,4.183,0.0752,-0.0415,0.9473,
3.926,ENC,24.6664,24.9101,24.7883,6.8177,6.9029,0.698,-3.413,-0.439,4.183,0.0752,-0.0415,0.9473,
3.930,IMU,24.6664,24.9101,24.7883,6.8177,6.9029,0.698,-3.327,-0.470,4.175,-0.0229,0.0054,1.0322,
3.946,ENC,24.8011,25.0516,24.9263,6.7325,7.0734,0.718,-3.327,-0.470,4.175,-0.0229,0.0054,1.0322,
3.954,IMU,24.8011,25.0516,24.9263,6.7325,7.0734,0.718,-3.346,-0.521,4.163,0.0352,-0.0415,1.0229,
3.966,ENC,24.9357,25.1948,25.0652,6.7325,7.1586,0.742,-3.346,-0.521,4.163,0.0352,-0.0415,1.0229,
3.969,IMU,24.9357,25.1948,25.0652,6.7325,7.1586,0.742,-3.375,-0.498,4.199,0.1035,0.0083,0.9380,
3.987,ENC,25.0704,25.3328,25.2016,6.7325,6.9029,0.752,-3.375,-0.498,4.199,0.1035,0.0083,0.9380,
3.990,IMU,25.0704,25.3328,25.2016,6.7325,6.9029,0.752,-3.308,-0.572,4.177,0.0327,-0.0659,1.0312,
4.006,ENC,25.2084,25.4760,25.3422,6.9029,7.1586,0.767,-3.308,-0.572,4.177,0.0327,-0.0659,1.0312,
4.010,IMU,25.2084,25.4760,25.3422,6.9029,7.1586,0.767,-3.370,-0.560,4.162,0.0361,-0.0029,0.9917,
4.030,IMU,25.2084,25.4760,25.3422,6.9029,7.1586,0.767,-3.422,-0.530,4.144,0.0879,0.0083,0.9692,
4.050,IMU,25.2084,25.4760,25.3422,6.9029,7.1586,0.767,-3.525,-0.413,4.140,0.1641,0.0781,0.8779,
4.066,ENC,25.6311,25.8800,25.7555,7.0449,6.7325,0.713,-3.525,-0.413,4.140,0.1641,0.0781,0.8779,
4.070,IMU,25.6311,25.8800,25.7555,7.0449,6.7325,0.713,-3.532,-0.523,4.098,0.0679,-0.0444,0.9888,
4.085,ENC,25.7777,26.0163,25.8970,7.3290,6.8177,0.684,-3.532,-0.523,4.098,0.0679,-0.0444,0.9888,
4.090,IMU,25.7777,26.0163,25.8970,7.3290,6.8177,0.684,-3.587,-0.537,4.117,0.0918,0.0107,1.0444,
4.106,ENC,25.9243,26.1544,26.0393,7.3290,6.9029,0.659,-3.587,-0.537,4.117,0.0918,0.0107,1.0444,
4.110,IMU,25.9243,26.1544,26.0393,7.3290,6.9029,0.659,-3.492,-0.588,4.118,-0.0024,-0.0527,0.9438,
4.125,ENC,26.0640,26.2822,26.1731,6.9881,6.3916,0.625,-3.492,-0.588,4.118,-0.0024,-0.0527,0.9438,
4.146,ENC,26.2106,26.4083,26.3095,7.3290,6.3064,0.566,-3.492,-0.588,4.118,-0.0024,-0.0527,0.9438,
4.153,IMU,26.2106,26.4083,26.3095,7.3290,6.3064,0.566,-3.471,-0.636,4.086,0.0659,-0.0508,1.0200,
4.166,ENC,26.3504,26.5413,26.4458,6.9881,6.6473,0.547,-3.471,-0.636,4.086,0.0659,-0.0508,1.0200,
4.170,IMU,26.3504,26.5413,26.4458,6.9881,6.6473,0.547,-3.599,-0.715,4.081,0.1567,-0.0854,0.9170,
4.186,ENC,26.4850,26.6759,26.5805,6.7325,6.7325,0.547,-3.599,-0.715,4.081,0.1567,-0.0854,0.9170,
4.191,IMU,26.4850,26.6759,26.5805,6.7325,6.7325,0.547,-3.618,-0.765,4.119,0.1289,-0.0293,0.9316,
4.232,IMU,26.4850,26.6759,26.5805,6.7325,6.7325,0.547,-3.767,-0.679,4.025,0.0864,0.0630,1.0488,
4.234,ENC,26.7543,26.9452,26.8498,6.7325,6.7325,0.547,-3.767,-0.679,4.025,0.0864,0.0630,1.0488,
4.245,ENC,26.8805,27.0884,26.9844,6.3064,7.1586,0.596,-3.767,-0.679,4.025,0.0864,0.0630,1.0488,
4.253,IMU,26.8805,27.0884,26.9844,6.3064,7.1586,0.596,-3.712,-0.697,3.993,-0.0088,-0.0625,0.9766,
4.267,ENC,27.0134,27.2213,27.1174,6.6473,6.6473,0.596,-3.712,-0.697,3.993,-0.0088,-0.0625,0.9766,
4.271,IMU,27.0134,27.2213,27.1174,6.6473,6.6473,0.596,-3.738,-0.777,3.978,0.0820,-0.0518,0.9639,
4.286,ENC,27.1463,27.3611,27.2537,6.6473,6.9881,0.615,-3.738,-0.777,3.978,0.0820,-0.0518,0.9639,
4.289,IMU,27.1463,27.3611,27.2537,6.6473,6.9881,0.615,-3.745,-0.770,3.984,0.0723,0.0024,0.9619,
4.306,ENC,27.2776,27.5077,27.3926,6.5620,7.3290,0.659,-3.745,-0.770,3.984,0.0723,0.0024,0.9619,
4.310,IMU,27.2776,27.5077,27.3926,6.5620,7.3290,0.659,-3.653,-0.799,4.017,-0.0425,-0.0332,1.0103,
4.325,ENC,27.4139,27.6594,27.5367,6.8177,7.5847,0.703,-3.653,-0.799,4.017,-0.0425,-0.0332,1.0103,
4.330,IMU,27.4139,27.6594,27.5367,6.8177,7.5847,0.703,-3.652,-0.811,3.998,0.0532,-0.0269,1.0039,
4.345,ENC,27.5469,27.8008,27.6739,6.6473,7.0734,0.728,-3.652,-0.811,3.998,0.0532,-0.0269,1.0039,
4.348,IMU,27.5469,27.8008,27.6739,6.6473,7.0734,0.728,-3.708,-0.769,4.017,0.1274,0.0039,0.9292,
4.366,ENC,27.6884,27.9508,27.8196,7.0734,7.4995,0.752,-3.708,-0.769,4.017,0.1274,0.0039,0.9292,
4.369,IMU,27.6884,27.9508,27.8196,7.0734,7.4995,0.752,-3.673,-0.788,4.036,0.0215,-0.0317,1.0298,
4.385,ENC,27.8366,28.1025,27.9696,7.4142,7.5847,0.762,-3.673,-0.788,4.036,0.0215,-0.0317,1.0298,
4.388,IMU,27.8366,28.1025,27.9696,7.4142,7.5847,0.762,-3.667,-0.727,4.015,0.0923,0.0308,0.9673,
4.410,IMU,27.8366,28.1025,27.9696,7.4142,7.5847,0.762,-3.613,-0.685,3.975,0.0127,0.0176,1.0488,
4.426,ENC,28.1196,28.4059,28.2627,7.0734,7.5847,0.820,-3.613,-0.685,3.975,0.0127,0.0176,1.0488,
4.430,IMU,28.1196,28.4059,28.2627,7.0734,7.5847,0.820,-3.538,-0.735,3.964,-0.0137,-0.0303,0.9888,
4.446,ENC,28.2644,28.5559,28.4102,7.2438,7.4995,0.835,-3.538,-0.735,3.964,-0.0137,-0.0303,0.9888,
4.449,IMU,28.2644,28.5559,28.4102,7.2438,7.4995,0.835,-3.466,-0.794,3.953,-0.0005,-0.0957,1.0557,
4.470,IMU,28.2644,28.5559,28.4102,7.2438,7.4995,0.835,-3.471,-0.803,3.991,0.1030,0.0005,0.9844,
4.486,ENC,28.5593,28.8525,28.7059,7.3716,7.4142,0.840,-3.471,-0.803,3.991,0.1030,0.0005,0.9844,
4.490,IMU,28.5593,28.8525,28.7059,7.3716,7.4142,0.840,-3.465,-0.754,3.971,0.0376,0.0249,0.9902,
4.508,ENC,28.7025,28.9939,28.8482,7.1586,7.0734,0.835,-3.465,-0.754,3.971,0.0376,0.0249,0.9902,
4.511,IMU,28.7025,28.9939,28.8482,7.1586,7.0734,0.835,-3.584,-0.743,4.015,0.1377,-0.0093,0.8691,
4.534,ENC,28.8542,29.1371,28.9956,7.5847,7.1586,0.811,-3.584,-0.743,4.015,0.1377,-0.0093,0.8691,
4.537,IMU,28.8542,29.1371,28.9956,7.5847,7.1586,0.811,-3.686,-0.725,4.076,0.1099,0.0020,1.0220,
4.549,IMU,28.8542,29.1371,28.9956,7.5847,7.1586,0.811,-3.627,-0.673,4.027,0.0444,0.0322,0.9761,
4.552,ENC,29.0025,29.2871,29.1448,7.4142,7.4995,0.815,-3.627,-0.673,4.027,0.0444,0.0322,0.9761,
4.564,ENC,29.1490,29.4269,29.2880,7.3290,6.9881,0.796,-3.627,-0.673,4.027,0.0444,0.0322,0.9761,
4.619,IMU,29.1490,29.4269,29.2880,7.3290,6.9881,0.796,-3.707,-0.676,4.032,0.0176,-0.0054,1.0542,
4.621,ENC,29.3093,29.5769,29.4431,8.0108,7.4995,0.767,-3.707,-0.676,4.032,0.0176,-0.0054,1.0542,
4.625,IMU,29.3093,29.5769,29.4431,8.0108,7.4995,0.767,-3.781,-0.650,4.001,0.1157,0.0288,0.9351,
4.626,ENC,29.4592,29.7166,29.5879,7.4995,6.9881,0.737,-3.781,-0.650,4.001,0.1157,0.0288,0.9351,
4.630,ENC,29.6161,29.8564,29.7362,7.8403,6.9881,0.688,-3.781,-0.650,4.001,0.1157,0.0288,0.9351,
4.633,IMU,29.6161,29.8564,29.7362,7.8403,6.9881,0.688,-3.791,-0.718,4.012,0.0977,-0.0591,0.9707,
4.646,ENC,29.7695,29.9978,29.8837,7.6699,7.0734,0.654,-3.791,-0.718,4.012,0.0977,-0.0591,0.9707,
4.649,IMU,29.7695,29.9978,29.8837,7.6699,7.0734,0.654,-3.905,-0.662,4.014,0.1240,0.0322,0.9629,
4.665,ENC,29.9177,30.1342,30.0260,7.4142,6.8177,0.620,-3.905,-0.662,4.014,0.1240,0.0322,0.9629,
4.670,IMU,29.9177,30.1342,30.0260,7.4142,6.8177,0.620,-3.814,-0.748,3.974,0.0034,-0.0820,1.1289,
4.690,IMU,29.9177,30.1342,30.0260,7.4142,6.8177,0.620,-3.800,-0.731,3.957,0.0454,-0.0117,1.0933,
4.706,ENC,30.2075,30.4410,30.3242,7.2438,7.6699,0.669,-3.800,-0.731,3.957,0.0454,-0.0117,1.0933,
4.710,IMU,30.2075,30.4410,30.3242,7.2438,7.6699,0.669,-3.772,-0.759,3.980,-0.0405,-0.0288,1.1318,
4.725,ENC,30.3455,30.5944,30.4700,6.9029,7.6699,0.713,-3.772,-0.759,3.980,-0.0405,-0.0288,1.1318,
4.730,IMU,30.3455,30.5944,30.4700,6.9029,7.6699,0.713,-3.740,-0.807,4.044,0.0205,-0.0659,1.0312,
4.746,ENC,30.4819,30.7529,30.6174,6.8177,7.9256,0.776,-3.740,-0.807,4.044,0.0205,-0.0659,1.0312,
4.749,IMU,30.4819,30.7529,30.6174,6.8177,7.9256,0.776,-3.696,-0.818,4.044,0.0205,-0.0356,1.0474,
4.765,ENC,30.6114,30.8995,30.7555,6.4768,7.3290,0.825,-3.696,-0.818,4.044,0.0205,-0.0356,1.0474,
4.770,IMU,30.6114,30.8995,30.7555,6.4768,7.3290,0.825,-3.727,-0.780,4.034,0.1118,0.0269,0.9492,
4.786,ENC,30.7478,31.0614,30.9046,6.8177,8.0960,0.898,-3.727,-0.780,4.034,0.1118,0.0269,0.9492,
4.790,IMU,30.7478,31.0614,30.9046,6.8177,8.0960,0.898,-3.715,-0.852,4.037,0.0498,-0.0557,1.0254,
4.806,ENC,30.8910,31.2131,31.0520,7.1586,7.5847,0.923,-3.715,-0.852,4.037,0.0498,-0.0557,1.0254,
4.810,IMU,30.8910,31.2131,31.0520,7.1586,7.5847,0.923,-3.701,-0.826,4.064,0.0620,-0.0356,1.0317,
4.826,ENC,31.0290,31.3716,31.2003,6.9029,7.9256,0.981,-3.701,-0.826,4.064,0.0620,-0.0356,1.0317,
4.830,IMU,31.0290,31.3716,31.2003,6.9029,7.9256,0.981,-3.706,-0.706,4.041,0.0469,0.0425,1.0439,
4.850,IMU,31.0290,31.3716,31.2003,6.9029,7.9256,0.981,-3.703,-0.606,4.021,0.0088,0.0425,0.9580,
4.866,ENC,31.3205,31.6937,31.5071,7.2864,8.0534,1.069,-3.703,-0.606,4.021,0.0088,0.0425,0.9580,
4.870,IMU,31.3205,31.6937,31.5071,7.2864,8.0534,1.069,-3.663,-0.539,3.994,0.0474,0.0381,0.9917,
4.886,ENC,31.4688,31.8489,31.6588,7.4142,7.7551,1.089,-3.663,-0.539,3.994,0.0474,0.0381,0.9917,
4.890,IMU,31.4688,31.8489,31.6588,7.4142,7.7551,1.089,-3.643,-0.581,4.000,0.0767,-0.0459,0.9229,
4.905,ENC,31.6170,32.0057,31.8114,7.4142,7.8403,1.113,-3.643,-0.581,4.000,0.0767,-0.0459,0.9229,
4.910,IMU,31.6170,32.0057,31.8114,7.4142,7.8403,1.113,-3.652,-0.584,4.037,0.0347,0.0010,1.1909,
4.925,ENC,31.7619,32.1591,31.9605,7.2438,7.6699,1.138,-3.652,-0.584,4.037,0.0347,0.0010,1.1909,
4.930,IMU,31.7619,32.1591,31.9605,7.2438,7.6699,1.138,-3.619,-0.633,4.057,-0.0122,-0.0747,1.0107,
4.946,ENC,31.9238,32.3107,32.1173,8.0960,7.5847,1.108,-3.619,-0.633,4.057,-0.0122,-0.0747,1.0107,
4.950,IMU,31.9238,32.3107,32.1173,8.0960,7.5847,1.108,-3.658,-0.586,4.033,0.0605,0.0225,1.0586,
4.970,IMU,31.9238,32.3107,32.1173,8.0960,7.5847,1.108,-3.674,-0.524,4.037,0.1084,0.0195,0.8813,
4.972,ENC,32.0892,32.4710,32.2801,8.2665,8.0108,1.094,-3.674,-0.524,4.037,0.1084,0.0195,0.8813,
4.985,ENC,32.2477,32.6175,32.4326,7.9256,7.3290,1.060,-3.674,-0.524,4.037,0.1084,0.0195,0.8813,
4.995,IMU,32.2477,32.6175,32.4326,7.9256,7.3290,1.060,-3.682,-0.519,4.090,0.0684,-0.0200,1.0430,
5.006,ENC,32.4181,32.7744,32.5962,8.5221,7.8403,1.021,-3.682,-0.519,4.090,0.0684,-0.0200,1.0430,
5.010,IMU,32.4181,32.7744,32.5962,8.5221,7.8403,1.021,-3.670,-0.520,4.048,0.0654,-0.0312,0.9526,
5.027,ENC,32.5852,32.9243,32.7548,8.3517,7.4995,0.972,-3.670,-0.520,4.048,0.0654,-0.0312,0.9526,
5.030,IMU,32.5852,32.9243,32.7548,8.3517,7.4995,0.972,-3.649,-0.360,4.099,0.0371,0.0830,0.8696,
5.046,ENC,32.7488,33.0743,32.9116,8.1812,7.4995,0.933,-3.649,-0.360,4.099,0.0371,0.0830,0.8696,
5.050,IMU,32.7488,33.0743,32.9116,8.1812,7.4995,0.933,-3.653,-0.367,4.060,0.0967,-0.0342,0.8975,
5.065,ENC,32.9175,33.2209,33.0692,8.4369,7.3290,0.869,-3.653,-0.367,4.060,0.0967,-0.0342,0.8975,
5.072,IMU,32.9175,33.2209,33.0692,8.4369,7.3290,0.869,-3.642,-0.243,4.094,0.0454,0.0386,0.9512,
5.086,ENC,33.0811,33.3658,33.2235,8.1812,7.2438,0.815,-3.642,-0.243,4.094,0.0454,0.0386,0.9512,
5.090,IMU,33.0811,33.3658,33.2235,8.1812,7.2438,0.815,-3.554,-0.297,4.085,0.0454,-0.0620,0.9531,
5.105,ENC,33.2482,33.5192,33.3837,8.3517,7.6699,0.776,-3.554,-0.297,4.085,0.0454,-0.0620,0.9531,
5.110,IMU,33.2482,33.5192,33.3837,8.3517,7.6699,0.776,-3.632,-0.334,4.089,0.1011,-0.0493,1.0479,
5.131,IMU,33.2482,33.5192,33.3837,8.3517,7.6699,0.776,-3.772,-0.407,4.069,0.2012,-0.0762,0.9551,
5.146,ENC,33.5652,33.8243,33.6947,7.9256,7.6273,0.742,-3.772,-0.407,4.069,0.2012,-0.0762,0.9551,
5.150,IMU,33.5652,33.8243,33.6947,7.9256,7.6273,0.742,-3.804,-0.361,4.058,0.1128,-0.0010,0.9282,
5.165,ENC,33.7203,33.9947,33.8575,7.7551,8.5221,0.786,-3.804,-0.361,4.058,0.1128,-0.0010,0.9282,
5.170,IMU,33.7203,33.9947,33.8575,7.7551,8.5221,0.786,-3.725,-0.325,4.054,-0.0137,0.0190,1.0391,
5.185,ENC,33.8669,34.1481,34.0075,7.3290,7.6699,0.806,-3.725,-0.325,4.054,-0.0137,0.0190,1.0391,
5.190,IMU,33.8669,34.1481,34.0075,7.3290,7.6699,0.806,-3.629,-0.247,4.076,-0.0474,0.0757,1.0425,
5.206,ENC,34.0186,34.3083,34.1635,7.5847,8.0108,0.830,-3.629,-0.247,4.076,-0.0474,0.0757,1.0425,
5.210,IMU,34.0186,34.3083,34.1635,7.5847,8.0108,0.830,-3.549,-0.186,4.118,0.0181,0.0391,0.9746,
5.225,ENC,34.1703,34.4668,34.3186,7.5847,7.9256,0.850,-3.549,-0.186,4.118,0.0181,0.0391,0.9746,
5.230,IMU,34.1703,34.4668,34.3186,7.5847,7.9256,0.850,-3.460,-0.221,4.120,-0.0337,-0.0361,1.0234,
5.245,ENC,34.3237,34.6305,34.4771,7.6699,8.1812,0.879,-3.460,-0.221,4.120,-0.0337,-0.0361,1.0234,
5.250,IMU,34.3237,34.6305,34.4771,7.6699,8.1812,0.879,-3.437,-0.148,4.165,0.0376,0.0479,0.9380,
5.266,ENC,34.4839,34.7992,34.6415,8.0108,8.4369,0.903,-3.437,-0.148,4.165,0.0376,0.0479,0.9380,
5.270,IMU,34.4839,34.7992,34.6415,8.0108,8.4369,0.903,-3.469,-0.032,4.128,0.0859,0.0962,1.0688,
5.290,IMU,34.4839,34.7992,34.6415,8.0108,8.4369,0.903,-3.568,-0.038,4.150,0.1562,-0.0386,0.9814,
5.306,ENC,34.8060,35.1401,34.9731,8.0534,8.5221,0.957,-3.568,-0.038,4.150,0.1562,-0.0386,0.9814,
5.310,IMU,34.8060,35.1401,34.9731,8.0534,8.5221,0.957,-3.579,-0.000,4.210,0.0537,0.0288,1.0225,
5.331,IMU,34.8060,35.1401,34.9731,8.0534,8.5221,0.957,-3.667,-0.077,4.246,0.1216,-0.0562,1.1704,
5.346,ENC,35.1316,35.4878,35.3097,8.1386,8.6926,1.021,-3.667,-0.077,4.246,0.1216,-0.0562,1.1704,
5.350,IMU,35.1316,35.4878,35.3097,8.1386,8.6926,1.021,-3.621,0.088,4.273,-0.0190,0.1045,1.0273,
5.365,ENC,35.3037,35.6651,35.4844,8.6073,8.8630,1.035,-3.621,0.088,4.273,-0.0190,0.1045,1.0273,
5.370,IMU,35.3037,35.6651,35.4844,8.6073,8.8630,1.035,-3.620,-0.059,4.267,0.1147,-0.0830,0.9106,
5.396,IMU,35.3037,35.6651,35.4844,8.6073,8.8630,1.035,-3.597,-0.115,4.258,0.0278,-0.0083,1.1123,
5.398,ENC,35.4656,35.8253,35.6455,8.0960,8.0108,1.030,-3.597,-0.115,4.258,0.0278,-0.0083,1.1123,
5.405,ENC,35.6378,35.9991,35.8185,8.6073,8.6926,1.035,-3.597,-0.115,4.258,0.0278,-0.0083,1.1123,
5.410,IMU,35.6378,35.9991,35.8185,8.6073,8.6926,1.035,-3.564,-0.154,4.245,0.0708,0.0225,0.9570,
5.425,ENC,35.8048,36.1627,35.9838,8.3517,8.1812,1.025,-3.564,-0.154,4.245,0.0708,0.0225,0.9570,
5.430,IMU,35.8048,36.1627,35.9838,8.3517,8.1812,1.025,-3.601,-0.120,4.255,0.0889,0.0215,0.9365,
5.445,ENC,35.9787,36.3349,36.1568,8.6926,8.6073,1.021,-3.601,-0.120,4.255,0.0889,0.0215,0.9365,
5.451,IMU,35.9787,36.3349,36.1568,8.6926,8.6073,1.021,-3.526,-0.057,4.255,0.0146,0.0513,1.0791,
5.466,ENC,36.1559,36.5053,36.3306,8.8630,8.5221,1.001,-3.526,-0.057,4.255,0.0146,0.0513,1.0791,
5.470,IMU,36.1559,36.5053,36.3306,8.8630,8.5221,1.001,-3.338,-0.036,4.240,-0.0884,0.0190,0.9829,
5.506,ENC,36.5173,36.8292,36.6732,9.0334,8.0960,0.894,-3.338,-0.036,4.240,-0.0884,0.0190,0.9829,
5.510,IMU,36.5173,36.8292,36.6732,9.0334,8.0960,0.894,-3.196,-0.098,4.305,0.0610,0.0713,0.9805,
5.526,ENC,36.6945,36.9996,36.8471,8.8630,8.5221,0.874,-3.196,-0.098,4.305,0.0610,0.0713,0.9805,
5.546,ENC,36.8650,37.1615,37.0133,8.5221,8.0960,0.850,-3.196,-0.098,4.305,0.0610,0.0713,0.9805,
5.549,IMU,36.8650,37.1615,37.0133,8.5221,8.0960,0.850,-3.141,-0.118,4.295,0.0376,-0.0142,1.1387,
5.566,ENC,37.0439,37.3269,37.1854,8.9482,8.2665,0.811,-3.141,-0.118,4.295,0.0376,-0.0142,1.1387,
5.569,IMU,37.0439,37.3269,37.1854,8.9482,8.2665,0.811,-3.185,-0.066,4.322,0.1094,0.0371,0.9619,
5.585,ENC,37.1990,37.5092,37.3541,7.7551,9.1187,0.889,-3.185,-0.066,4.322,0.1094,0.0371,0.9619,
5.590,IMU,37.1990,37.5092,37.3541,7.7551,9.1187,0.889,-3.235,0.006,4.290,0.1245,0.0801,0.9985,
5.606,ENC,37.3678,37.6814,37.5246,8.4369,8.6073,0.898,-3.235,0.006,4.290,0.1245,0.0801,0.9985,
5.611,IMU,37.3678,37.6814,37.5246,8.4369,8.6073,0.898,-3.309,-0.008,4.276,0.1553,-0.0049,0.8916,
5.625,ENC,37.5092,37.8467,37.6780,7.0734,8.2665,0.967,-3.309,-0.008,4.276,0.1553,-0.0049,0.8916,
5.630,IMU,37.5092,37.8467,37.6780,7.0734,8.2665,0.967,-3.255,0.028,4.256,-0.0210,0.0400,1.0928,
5.645,ENC,37.6678,38.0172,37.8425,7.9256,8.5221,1.001,-3.255,0.028,4.256,-0.0210,0.0400,1.0928,
5.650,IMU,37.6678,38.0172,37.8425,7.9256,8.5221,1.001,-3.153,0.096,4.153,-0.0327,0.0518,1.0093,
5.666,ENC,37.8314,38.2012,38.0163,8.1812,9.2039,1.060,-3.153,0.096,4.153,-0.0327,0.0518,1.0093,
5.670,IMU,37.8314,38.2012,38.0163,8.1812,9.2039,1.060,-3.188,0.101,4.145,0.0464,-0.0347,1.1406,
5.686,ENC,37.9933,38.3734,38.1833,8.0960,8.6073,1.089,-3.188,0.101,4.145,0.0464,-0.0347,1.1406,
5.690,IMU,37.9933,38.3734,38.1833,8.0960,8.6073,1.089,-3.104,0.220,4.162,0.0059,0.1089,0.9507,
5.705,ENC,38.1586,38.5541,38.3563,8.2665,9.0334,1.133,-3.104,0.220,4.162,0.0059,0.1089,0.9507,
5.709,IMU,38.1586,38.5541,38.3563,8.2665,9.0334,1.133,-3.015,0.269,4.174,-0.0234,0.0518,1.1167,
5.725,ENC,38.3240,38.7245,38.5242,8.2665,8.5221,1.147,-3.015,0.269,4.174,-0.0234,0.0518,1.1167,
5.730,IMU,38.3240,38.7245,38.5242,8.2665,8.5221,1.147,-3.180,0.206,4.174,0.1973,-0.0166,0.9824,
5.746,ENC,38.4978,38.9035,38.7006,8.6926,8.9482,1.162,-3.180,0.206,4.174,0.1973,-0.0166,0.9824,
5.750,IMU,38.4978,38.9035,38.7006,8.6926,8.9482,1.162,-3.113,0.147,4.186,0.0469,-0.0410,1.0977,
5.766,ENC,38.6751,39.0875,38.8813,8.8630,9.2039,1.182,-3.113,0.147,4.186,0.0469,-0.0410,1.0977,
5.770,IMU,38.6751,39.0875,38.8813,8.8630,9.2039,1.182,-3.175,0.113,4.152,0.0674,-0.0542,1.0732,
5.792,IMU,38.6751,39.0875,38.8813,8.8630,9.2039,1.182,-3.265,0.137,4.209,0.1001,-0.0107,0.9907,
5.806,ENC,39.0586,39.4404,39.2495,9.5874,8.8204,1.094,-3.265,0.137,4.209,0.1001,-0.0107,0.9907,
5.810,IMU,39.0586,39.4404,39.2495,9.5874,8.8204,1.094,-3.327,0.110,4.201,0.1260,0.0020,1.0630,
5.826,ENC,39.2460,39.6125,39.4293,9.3743,8.6073,1.050,-3.327,0.110,4.201,0.1260,0.0020,1.0630,
5.830,IMU,39.2460,39.6125,39.4293,9.3743,8.6073,1.050,-3.264,0.097,4.206,-0.0361,-0.0435,1.1509,
5.846,ENC,39.4386,39.7983,39.6185,9.6300,9.2891,1.030,-3.264,0.097,4.206,-0.0361,-0.0435,1.1509,
5.850,IMU,39.4386,39.7983,39.6185,9.6300,9.2891,1.030,-3.171,-0.045,4.182,-0.0669,-0.1260,1.0649,
5.865,ENC,39.6415,39.9824,39.8119,10.1413,9.2039,0.977,-3.171,-0.045,4.182,-0.0669,-0.1260,1.0649,
5.870,IMU,39.6415,39.9824,39.8119,10.1413,9.2039,0.977,-3.236,-0.187,4.145,0.1157,-0.1289,1.0640,
5.885,ENC,39.8273,40.1579,39.9926,9.2891,8.7778,0.947,-3.236,-0.187,4.145,0.1157,-0.1289,1.0640,
5.891,IMU,39.8273,40.1579,39.9926,9.2891,8.7778,0.947,-3.380,-0.173,4.173,0.1934,-0.0483,1.0044,
5.906,ENC,40.0267,40.3284,40.1775,9.9709,8.5221,0.864,-3.380,-0.173,4.173,0.1934,-0.0483,1.0044,
5.910,IMU,40.0267,40.3284,40.1775,9.9709,8.5221,0.864,-3.395,-0.236,4.176,0.0791,-0.0317,0.9219,
5.925,ENC,40.2142,40.5005,40.3573,9.3743,8.6073,0.820,-3.395,-0.236,4.176,0.0791,-0.0317,0.9219,
5.930,IMU,40.2142,40.5005,40.3573,9.3743,8.6073,0.820,-3.452,-0.272,4.130,0.1333,-0.0269,1.0020,
5.951,IMU,40.2142,40.5005,40.3573,9.3743,8.6073,0.820,-3.332,-0.173,4.150,-0.0605,0.0513,1.0029,
5.989,ENC,40.5959,40.8738,40.7349,9.5448,9.3317,0.796,-3.332,-0.173,4.150,-0.0605,0.0513,1.0029,
5.995,IMU,40.5959,40.8738,40.7349,9.5448,9.3317,0.796,-3.558,-0.038,4.195,0.3052,0.0576,0.9688,
6.006,ENC,40.9573,41.2522,41.1047,9.0334,9.4595,0.845,-3.558,-0.038,4.195,0.3052,0.0576,0.9688,
6.011,IMU,40.9573,41.2522,41.1047,9.0334,9.4595,0.845,-3.482,-0.022,4.107,0.0122,0.0098,0.9238,
6.025,ENC,41.1499,41.4396,41.2948,9.6300,9.3743,0.830,-3.482,-0.022,4.107,0.0122,0.0098,0.9238,
6.030,IMU,41.1499,41.4396,41.2948,9.6300,9.3743,0.830,-3.456,-0.185,4.054,0.0527,-0.1143,1.0337,
6.050,IMU,41.1499,41.4396,41.2948,9.6300,9.3743,0.830,-3.414,-0.302,4.040,-0.0220,-0.1182,1.1914,
6.054,ENC,41.3357,41.6203,41.4780,9.2891,9.0334,0.815,-3.414,-0.302,4.040,-0.0220,-0.1182,1.1914,
6.069,ENC,41.5368,41.8112,41.6740,10.0561,9.5448,0.786,-3.414,-0.302,4.040,-0.0220,-0.1182,1.1914,
6.072,IMU,41.5368,41.8112,41.6740,10.0561,9.5448,0.786,-3.436,-0.197,3.994,0.1206,0.0630,0.8818,
6.090,IMU,41.5368,41.8112,41.6740,10.0561,9.5448,0.786,-3.447,-0.265,4.040,0.0918,-0.0522,0.9873,
6.110,IMU,41.5368,41.8112,41.6740,10.0561,9.5448,0.786,-3.507,-0.266,3.988,0.1128,0.0132,0.9854,
6.125,ENC,42.1453,42.4282,42.2867,10.1413,10.2834,0.811,-3.507,-0.266,3.988,0.1128,0.0132,0.9854,
6.129,IMU,42.1453,42.4282,42.2867,10.1413,10.2834,0.811,-3.459,-0.326,3.986,0.0024,-0.0981,1.0117,
6.146,ENC,42.3379,42.6327,42.4853,9.6300,10.2265,0.845,-3.459,-0.326,3.986,0.0024,-0.0981,1.0117,
6.166,ENC,42.5390,42.8407,42.6898,10.0561,10.3970,0.864,-3.459,-0.326,3.986,0.0024,-0.0981,1.0117,
6.175,IMU,42.5390,42.8407,42.6898,10.0561,10.3970,0.864,-3.493,-0.431,3.965,0.1338,-0.0449,0.9893,
6.206,ENC,42.9600,43.2497,43.1049,10.5248,10.2265,0.830,-3.493,-0.431,3.965,0.1338,-0.0449,0.9893,
6.210,IMU,42.9600,43.2497,43.1049,10.5248,10.2265,0.830,-3.631,-0.386,3.958,0.0664,-0.0083,0.9512,
6.226,ENC,43.1816,43.4406,43.3111,11.0788,9.5448,0.742,-3.631,-0.386,3.958,0.0664,-0.0083,0.9512,
6.230,IMU,43.1816,43.4406,43.3111,11.0788,9.5448,0.742,-3.483,-0.411,3.946,-0.0894,-0.0439,1.0435,
6.253,IMU,43.1816,43.4406,43.3111,11.0788,9.5448,0.742,-3.540,-0.413,3.909,0.0791,-0.0312,0.9258,
6.255,ENC,43.4048,43.6315,43.5182,11.1640,9.5448,0.649,-3.540,-0.413,3.909,0.0791,-0.0312,0.9258,
6.265,ENC,43.6315,43.8207,43.7261,11.3344,9.4595,0.542,-3.540,-0.413,3.909,0.0791,-0.0312,0.9258,
6.270,IMU,43.6315,43.8207,43.7261,11.3344,9.4595,0.542,-3.535,-0.409,3.888,0.0552,-0.0020,1.0195,
6.285,ENC,43.8412,43.9980,43.9196,10.4822,8.8630,0.449,-3.535,-0.409,3.888,0.0552,-0.0020,1.0195,
6.290,IMU,43.8412,43.9980,43.9196,10.4822,8.8630,0.449,-3.558,-0.344,3.820,0.0830,0.0181,1.0771,
6.310,IMU,43.8412,43.9980,43.9196,10.4822,8.8630,0.449,-3.516,-0.431,3.769,0.0415,-0.0947,1.0020,
6.325,ENC,44.2468,44.3712,44.3090,10.1413,9.3317,0.356,-3.516,-0.431,3.769,0.0415,-0.0947,1.0020,
6.330,IMU,44.2468,44.3712,44.3090,10.1413,9.3317,0.356,-3.410,-0.356,3.726,-0.0337,0.0591,0.9429,
6.345,ENC,44.4565,44.5741,44.5153,10.4822,10.1413,0.337,-3.410,-0.356,3.726,-0.0337,0.0591,0.9429,
6.352,IMU,44.4565,44.5741,44.5153,10.4822,10.1413,0.337,-3.574,-0.268,3.678,0.1914,0.0688,0.8774,
6.365,ENC,44.6269,44.7701,44.6985,8.5221,9.8004,0.410,-3.574,-0.268,3.678,0.1914,0.0688,0.8774,
6.370,IMU,44.6269,44.7701,44.6985,8.5221,9.8004,0.410,-3.627,-0.142,3.669,0.1240,0.0635,0.9214,
6.385,ENC,44.8144,44.9695,44.8919,9.3743,9.9709,0.444,-3.627,-0.142,3.669,0.1240,0.0635,0.9214,
6.389,IMU,44.8144,44.9695,44.8919,9.3743,9.9709,0.444,-3.649,-0.222,3.699,0.0879,-0.0596,1.0044,
6.405,ENC,45.0121,45.1604,45.0863,9.8857,9.5448,0.425,-3.649,-0.222,3.699,0.0879,-0.0596,1.0044,
6.409,IMU,45.0121,45.1604,45.0863,9.8857,9.5448,0.425,-3.537,-0.274,3.749,-0.0347,-0.0381,0.9419,
6.433,IMU,45.0121,45.1604,45.0863,9.8857,9.5448,0.425,-3.578,-0.291,3.683,0.0776,0.0093,1.1899,
6.448,ENC,45.4229,45.5490,45.4859,10.2691,9.7152,0.361,-3.578,-0.291,3.683,0.0776,0.0093,1.1899,
6.455,IMU,45.4229,45.5490,45.4859,10.2691,9.7152,0.361,-3.684,-0.192,3.609,0.1245,0.0435,0.9155,
6.465,ENC,45.6410,45.7280,45.6845,10.9083,8.9482,0.249,-3.684,-0.192,3.609,0.1245,0.0435,0.9155,
6.483,IMU,45.6410,45.7280,45.6845,10.9083,8.9482,0.249,-3.645,-0.171,3.508,0.0078,0.0146,1.1406,
6.486,ENC,45.8933,45.8967,45.8950,12.6127,8.4369,0.010,-3.645,-0.171,3.508,0.0078,0.0146,1.1406,
6.490,IMU,45.8933,45.8967,45.8950,12.6127,8.4369,0.010,-3.797,-0.203,3.440,0.1392,-0.0625,0.9048,
6.505,ENC,46.0978,46.0723,46.0850,10.2265,8.7778,-0.073,-3.797,-0.203,3.440,0.1392,-0.0625,0.9048,
6.510,IMU,46.0978,46.0723,46.0850,10.2265,8.7778,-0.073,-3.802,-0.146,3.341,0.0620,0.0537,0.8975,
6.539,ENC,46.3160,46.2376,46.2768,10.9083,8.2665,-0.225,-3.802,-0.146,3.341,0.0620,0.0537,0.8975,
6.545,ENC,46.5393,46.4063,46.4728,11.1640,8.4369,-0.381,-3.802,-0.146,3.341,0.0620,0.0537,0.8975,
6.557,IMU,46.5393,46.4063,46.4728,11.1640,8.4369,-0.381,-3.659,-0.160,3.166,-0.0664,-0.0254,1.0107,
6.566,ENC,46.7626,46.5631,46.6628,11.1640,7.8403,-0.571,-3.659,-0.160,3.166,-0.0664,-0.0254,1.0107,
6.571,IMU,46.7626,46.5631,46.6628,11.1640,7.8403,-0.571,-3.734,-0.102,3.084,0.1338,0.0645,0.9390,
6.591,IMU,46.7626,46.5631,46.6628,11.1640,7.8403,-0.571,-3.682,-0.115,2.986,0.0151,-0.0317,1.0439,
6.612,IMU,46.7626,46.5631,46.6628,11.1640,7.8403,-0.571,-3.548,-0.262,2.896,-0.0620,-0.1055,1.0649,
6.625,ENC,47.4239,47.0404,47.2321,11.0219,7.9540,-1.099,-3.548,-0.262,2.896,-0.0620,-0.1055,1.0649,
6.630,IMU,47.4239,47.0404,47.2321,11.0219,7.9540,-1.099,-3.466,-0.192,2.831,-0.0308,0.0459,1.0439,
6.653,IMU,47.4239,47.0404,47.2321,11.0219,7.9540,-1.099,-3.372,-0.173,2.768,-0.0342,0.0430,0.9722,
6.665,ENC,47.8397,47.3352,47.5875,10.3970,7.3716,-1.445,-3.372,-0.173,2.768,-0.0342,0.0430,0.9722,
6.670,IMU,47.8397,47.3352,47.5875,10.3970,7.3716,-1.445,-3.460,-0.220,2.632,0.1484,0.0063,0.8799,
6.686,ENC,48.0528,47.4852,47.7690,10.6526,7.4995,-1.626,-3.460,-0.220,2.632,0.1484,0.0063,0.8799,
6.705,ENC,48.2573,47.6335,47.9454,10.2265,7.4142,-1.787,-3.460,-0.220,2.632,0.1484,0.0063,0.8799,
6.711,IMU,48.2573,47.6335,47.9454,10.2265,7.4142,-1.787,-3.362,-0.313,2.298,0.0283,-0.0498,0.9116,
6.725,ENC,48.4772,47.7886,48.1329,10.9935,7.7551,-1.973,-3.362,-0.313,2.298,0.0283,-0.0498,0.9116,
6.730,IMU,48.4772,47.7886,48.1329,10.9935,7.7551,-1.973,-3.335,-0.243,2.195,0.0996,0.0425,0.9829,
6.745,ENC,48.7005,47.9539,48.3272,11.1640,8.2665,-2.139,-3.335,-0.243,2.195,0.0996,0.0425,0.9829,
6.750,IMU,48.7005,47.9539,48.3272,11.1640,8.2665,-2.139,-3.380,-0.291,2.120,0.0918,0.0132,0.9971,
6.765,ENC,48.9289,48.0903,48.5096,11.4196,6.8177,-2.402,-3.380,-0.291,2.120,0.0918,0.0132,0.9971,
6.770,IMU,48.9289,48.0903,48.5096,11.4196,6.8177,-2.402,-3.280,-0.230,1.969,-0.0317,0.0576,0.9551,
6.785,ENC,49.1573,48.2488,48.7030,11.4196,7.9256,-2.603,-3.280,-0.230,1.969,-0.0317,0.0576,0.9551,
6.790,IMU,49.1573,48.2488,48.7030,11.4196,7.9256,-2.603,-3.281,-0.098,1.885,0.0991,0.0977,0.9009,
6.805,ENC,49.3686,48.4005,48.8846,10.5674,7.5847,-2.773,-3.281,-0.098,1.885,0.0991,0.0977,0.9009,
6.814,IMU,49.3686,48.4005,48.8846,10.5674,7.5847,-2.773,-3.287,-0.033,1.844,0.0356,0.0591,0.9858,
6.826,ENC,49.5936,48.5692,49.0814,11.2492,8.4369,-2.935,-3.287,-0.033,1.844,0.0356,0.0591,0.9858,
6.830,IMU,49.5936,48.5692,49.0814,11.2492,8.4369,-2.935,-3.151,-0.191,1.730,-0.0620,-0.1094,1.0767,
6.845,ENC,49.8101,48.7278,49.2689,10.8231,7.9256,-3.101,-3.151,-0.191,1.730,-0.0620,-0.1094,1.0767,
6.856,IMU,49.8101,48.7278,49.2689,10.8231,7.9256,-3.101,-3.205,-0.180,1.640,0.1338,-0.0264,0.9473,
6.865,ENC,50.0299,48.8982,49.4641,10.9935,8.5221,-3.242,-3.205,-0.180,1.640,0.1338,-0.0264,0.9473,
6.870,IMU,50.0299,48.8982,49.4641,10.9935,8.5221,-3.242,-3.252,-0.199,1.535,0.1328,-0.0039,0.8989,
6.885,ENC,50.2515,49.0584,49.6550,11.0788,8.0108,-3.418,-3.252,-0.199,1.535,0.1328,-0.0039,0.8989,
6.890,IMU,50.2515,49.0584,49.6550,11.0788,8.0108,-3.418,-3.289,-0.199,1.434,0.0830,0.0283,0.9897,
6.905,ENC,50.4867,49.2271,49.8569,11.7605,8.4369,-3.608,-3.289,-0.199,1.434,0.0830,0.0283,0.9897,
6.910,IMU,50.4867,49.2271,49.8569,11.7605,8.4369,-3.608,-3.321,-0.334,1.330,0.0713,-0.1313,1.0688,
6.925,ENC,50.7117,49.3840,50.0478,11.2492,7.8403,-3.804,-3.321,-0.334,1.330,0.0713,-0.1313,1.0688,
6.930,IMU,50.7117,49.3840,50.0478,11.2492,7.8403,-3.804,-3.535,-0.361,1.208,0.1885,-0.0034,1.0396,
6.945,ENC,50.9265,49.5459,50.2362,10.7379,8.0960,-3.955,-3.535,-0.361,1.208,0.1885,-0.0034,1.0396,
6.950,IMU,50.9265,49.5459,50.2362,10.7379,8.0960,-3.955,-3.666,-0.398,1.152,0.1211,-0.0532,1.0547,
6.965,ENC,51.1361,49.7010,50.4185,10.4822,7.7551,-4.111,-3.666,-0.398,1.152,0.1211,-0.0532,1.0547,
6.973,IMU,51.1361,49.7010,50.4185,10.4822,7.7551,-4.111,-3.792,-0.428,1.090,0.1709,-0.0034,0.8105,
6.991,IMU,51.1361,49.7010,50.4185,10.4822,7.7551,-4.111,-3.785,-0.281,1.038,0.0156,0.1128,0.9941,
6.993,ENC,51.3338,49.8493,50.5915,9.8857,7.4142,-4.253,-3.785,-0.281,1.038,0.0156,0.1128,0.9941,
7.005,ENC,51.5179,50.0010,50.7594,9.2039,7.5847,-4.346,-3.785,-0.281,1.038,0.0156,0.1128,0.9941,
7.010,IMU,51.5179,50.0010,50.7594,9.2039,7.5847,-4.346,-3.649,-0.338,0.910,-0.0708,-0.0469,1.0728,
7.025,ENC,51.7105,50.1492,50.9299,9.6300,7.4142,-4.473,-3.649,-0.338,0.910,-0.0708,-0.0469,1.0728,
7.030,IMU,51.7105,50.1492,50.9299,9.6300,7.4142,-4.473,-3.528,-0.405,0.848,-0.0615,-0.0322,0.9868,
7.045,ENC,51.9116,50.2992,51.1054,10.0561,7.4995,-4.619,-3.528,-0.405,0.848,-0.0615,-0.0322,0.9868,
7.050,IMU,51.9116,50.2992,51.1054,10.0561,7.4995,-4.619,-3.356,-0.402,0.737,-0.0884,0.0098,0.9341,
7.068,ENC,52.1093,50.4509,51.2801,9.8857,7.5847,-4.751,-3.356,-0.402,0.737,-0.0884,0.0098,0.9341,
7.071,IMU,52.1093,50.4509,51.2801,9.8857,7.5847,-4.751,-3.440,-0.337,0.642,0.1582,0.0547,0.9482,
7.085,ENC,52.3156,50.5975,51.4565,10.3118,7.3290,-4.922,-3.440,-0.337,0.642,0.1582,0.0547,0.9482,
7.100,IMU,52.3156,50.5975,51.4565,10.3118,7.3290,-4.922,-3.500,-0.333,0.548,0.1333,-0.0400,0.9634,
7.110,IMU,52.3156,50.5975,51.4565,10.3118,7.3290,-4.922,-3.595,-0.297,0.461,0.1616,0.0381,1.0308,
7.121,ENC,52.5320,50.7424,51.6372,10.8231,7.2438,-5.127,-3.595,-0.297,0.461,0.1616,0.0381,1.0308,
7.125,ENC,52.7553,50.8890,51.8221,11.1640,7.3290,-5.347,-3.595,-0.297,0.461,0.1616,0.0381,1.0308,
7.130,IMU,52.7553,50.8890,51.8221,11.1640,7.3290,-5.347,-3.517,-0.206,0.375,0.0034,0.1157,1.1016,
7.146,ENC,52.9667,51.0304,51.9985,10.5674,7.0734,-5.547,-3.517,-0.206,0.375,0.0034,0.1157,1.1016,
7.150,IMU,52.9667,51.0304,51.9985,10.5674,7.0734,-5.547,-3.480,-0.244,0.257,0.0171,-0.0610,1.0928,
7.173,ENC,53.1831,51.1787,52.1809,10.8231,7.4142,-5.742,-3.480,-0.244,0.257,0.0171,-0.0610,1.0928,
7.185,IMU,53.1831,51.1787,52.1809,10.8231,7.4142,-5.742,-3.592,-0.199,0.124,0.1328,0.0142,1.0513,
7.187,ENC,53.4081,51.3270,52.3675,11.2492,7.4142,-5.962,-3.592,-0.199,0.124,0.1328,0.0142,1.0513,
7.190,IMU,53.4081,51.3270,52.3675,11.2492,7.4142,-5.962,-3.715,-0.189,0.041,0.1328,0.0049,0.8813,
7.210,IMU,53.4081,51.3270,52.3675,11.2492,7.4142,-5.962,-3.733,-0.325,-0.083,0.0630,-0.1021,0.9810,
7.226,ENC,53.8547,51.6150,52.7349,11.1640,7.2012,-6.416,-3.733,-0.325,-0.083,0.0630,-0.1021,0.9810,
7.254,IMU,53.8547,51.6150,52.7349,11.1640,7.2012,-6.416,-3.624,-0.325,-0.370,-0.0605,0.0059,0.9360,
7.265,ENC,54.2893,51.9099,53.0996,10.8657,7.3716,-6.816,-3.624,-0.325,-0.370,-0.0605,0.0059,0.9360,
7.274,IMU,54.2893,51.9099,53.0996,10.8657,7.3716,-6.816,-3.687,-0.389,-0.472,0.0684,-0.0889,1.0371,
7.285,ENC,54.4955,52.0684,53.2820,10.3118,7.9256,-6.953,-3.687,-0.389,-0.472,0.0684,-0.0889,1.0371,
7.290,IMU,54.4955,52.0684,53.2820,10.3118,7.9256,-6.953,-3.714,-0.311,-0.615,0.1079,0.0659,0.9990,
7.305,ENC,54.6949,52.2269,53.4609,9.9709,7.9256,-7.070,-3.714,-0.311,-0.615,0.1079,0.0659,0.9990,
7.325,ENC,54.8961,52.3991,53.6476,10.0561,8.6073,-7.153,-3.714,-0.311,-0.615,0.1079,0.0659,0.9990,
7.336,IMU,54.8961,52.3991,53.6476,10.0561,8.6073,-7.153,-3.674,-0.287,-0.756,0.0337,0.0151,0.9409,
7.339,IMU,54.8961,52.3991,53.6476,10.0561,8.6073,-7.153,-3.615,-0.194,-0.884,-0.0532,0.0254,1.1094,
7.346,ENC,55.0955,52.5491,53.8223,9.9709,7.4995,-7.295,-3.615,-0.194,-0.884,-0.0532,0.0254,1.1094,
7.350,IMU,55.0955,52.5491,53.8223,9.9709,7.4995,-7.295,-3.547,-0.135,-0.997,0.0371,0.0605,0.9580,
7.366,ENC,55.3000,52.7093,54.0046,10.2265,8.0108,-7.422,-3.547,-0.135,-0.997,0.0371,0.0605,0.9580,
7.370,IMU,55.3000,52.7093,54.0046,10.2265,8.0108,-7.422,-3.594,-0.146,-1.119,0.1011,-0.0298,1.0498,
7.392,IMU,55.3000,52.7093,54.0046,10.2265,8.0108,-7.422,-3.742,-0.279,-1.226,0.1484,-0.1108,1.0923,
7.394,ENC,55.4994,52.8610,54.1802,9.9709,7.5847,-7.559,-3.742,-0.279,-1.226,0.1484,-0.1108,1.0923,
7.410,IMU,55.4994,52.8610,54.1802,9.9709,7.5847,-7.559,-3.753,-0.162,-1.312,0.0996,0.1499,0.9858,
7.430,IMU,55.4994,52.8610,54.1802,9.9709,7.5847,-7.559,-3.726,-0.061,-1.415,0.0205,0.0479,0.9556,
7.445,ENC,56.1369,53.3382,54.7375,10.6242,7.9540,-8.018,-3.726,-0.061,-1.415,0.0205,0.0479,0.9556,
7.452,IMU,56.1369,53.3382,54.7375,10.6242,7.9540,-8.018,-3.849,-0.146,-1.546,0.1230,-0.0410,1.0474,
7.485,ENC,56.3533,53.4967,54.9250,10.8231,7.9256,-8.184,-3.849,-0.146,-1.546,0.1230,-0.0410,1.0474,
7.487,ENC,56.5613,53.6467,55.1040,10.3970,7.4995,-8.350,-3.849,-0.146,-1.546,0.1230,-0.0410,1.0474,
7.490,IMU,56.5613,53.6467,55.1040,10.3970,7.4995,-8.350,-3.696,-0.157,-1.785,0.0312,0.0015,0.8887,
7.507,ENC,56.7794,53.8035,55.2915,10.9083,7.8403,-8.525,-3.696,-0.157,-1.785,0.0312,0.0015,0.8887,
7.511,IMU,56.7794,53.8035,55.2915,10.9083,7.8403,-8.525,-3.647,-0.203,-1.861,-0.0044,-0.0557,0.9121,
7.529,ENC,56.9976,53.9586,55.4781,10.9083,7.7551,-8.706,-3.647,-0.203,-1.861,-0.0044,-0.0557,0.9121,
7.532,IMU,56.9976,53.9586,55.4781,10.9083,7.7551,-8.706,-3.694,-0.168,-1.934,0.1455,0.0244,0.9868,
7.545,ENC,57.2107,54.1052,55.6579,10.6526,7.3290,-8.896,-3.694,-0.168,-1.934,0.1455,0.0244,0.9868,
7.550,IMU,57.2107,54.1052,55.6579,10.6526,7.3290,-8.896,-3.670,-0.143,-2.024,0.0396,-0.0078,1.0093,
7.565,ENC,57.4322,54.2484,55.8403,11.0788,7.1586,-9.121,-3.670,-0.143,-2.024,0.0396,-0.0078,1.0093,
7.570,IMU,57.4322,54.2484,55.8403,11.0788,7.1586,-9.121,-3.642,-0.101,-2.131,-0.0293,0.0342,1.1177,
7.585,ENC,57.6504,54.4001,56.0252,10.9083,7.5847,-9.312,-3.642,-0.101,-2.131,-0.0293,0.0342,1.1177,
7.590,IMU,57.6504,54.4001,56.0252,10.9083,7.5847,-9.312,-3.667,-0.064,-2.249,0.0688,0.0522,0.9712,
7.605,ENC,57.8566,54.5552,56.2059,10.3118,7.7551,-9.458,-3.667,-0.064,-2.249,0.0688,0.0522,0.9712,
7.610,IMU,57.8566,54.5552,56.2059,10.3118,7.7551,-9.458,-3.644,-0.139,-2.319,0.0435,-0.0630,1.0811,
7.625,ENC,58.0561,54.7069,56.3815,9.9709,7.5847,-9.595,-3.644,-0.139,-2.319,0.0435,-0.0630,1.0811,
7.632,IMU,58.0561,54.7069,56.3815,9.9709,7.5847,-9.595,-3.622,0.020,-2.416,0.0923,0.1523,0.9888,
7.645,ENC,58.2606,54.8586,56.5596,10.2265,7.5847,-9.746,-3.622,0.020,-2.416,0.0923,0.1523,0.9888,
7.650,IMU,58.2606,54.8586,56.5596,10.2265,7.5847,-9.746,-3.527,-0.033,-2.514,-0.0088,-0.0278,0.8760,
7.665,ENC,58.4532,55.0120,56.7326,9.6300,7.6699,-9.858,-3.527,-0.033,-2.514,-0.0088,-0.0278,0.8760,
7.670,IMU,58.4532,55.0120,56.7326,9.6300,7.6699,-9.858,-3.544,-0.021,-2.576,0.0830,-0.0107,0.9946,
7.690,IMU,58.4532,55.0120,56.7326,9.6300,7.6699,-9.858,-3.473,-0.145,-2.671,0.0210,-0.0581,1.0005,
7.705,ENC,58.8265,55.3273,57.0769,9.3317,7.8830,-10.024,-3.473,-0.145,-2.671,0.0210,-0.0581,1.0005,
7.710,IMU,58.8265,55.3273,57.0769,9.3317,7.8830,-10.024,-3.416,-0.179,-2.774,0.0527,0.0044,0.9790,
7.725,ENC,59.0276,55.4790,57.2533,10.0561,7.5847,-10.166,-3.416,-0.179,-2.774,0.0527,0.0044,0.9790,
7.731,IMU,59.0276,55.4790,57.2533,10.0561,7.5847,-10.166,-3.353,-0.192,-2.907,0.0591,0.0010,0.9058,
7.745,ENC,59.2253,55.6409,57.4331,9.8857,8.0960,-10.269,-3.353,-0.192,-2.907,0.0591,0.0010,0.9058,
7.750,IMU,59.2253,55.6409,57.4331,9.8857,8.0960,-10.269,-3.521,-0.269,-3.029,0.2173,-0.0381,0.9580,
7.765,ENC,59.4349,55.8028,57.6189,10.4822,8.0960,-10.405,-3.521,-0.269,-3.029,0.2173,-0.0381,0.9580,
7.770,IMU,59.4349,55.8028,57.6189,10.4822,8.0960,-10.405,-3.566,-0.169,-3.140,0.0854,0.1440,1.0654,
7.793,IMU,59.4349,55.8028,57.6189,10.4822,8.0960,-10.405,-3.480,-0.171,-3.216,0.0391,0.0112,0.9004,
7.795,ENC,59.6463,55.9681,57.8072,10.5674,8.2665,-10.537,-3.480,-0.171,-3.216,0.0391,0.0112,0.9004,
7.810,IMU,59.6463,55.9681,57.8072,10.5674,8.2665,-10.537,-3.369,-0.183,-3.310,-0.0459,0.0039,0.8853,
7.823,ENC,59.8559,56.1318,57.9938,10.4822,8.1812,-10.669,-3.369,-0.183,-3.310,-0.0459,0.0039,0.8853,
7.826,ENC,60.0707,56.3039,58.1873,10.7379,8.6073,-10.791,-3.369,-0.183,-3.310,-0.0459,0.0039,0.8853,
7.846,ENC,60.2803,56.4692,58.3748,10.4822,8.2665,-10.918,-3.369,-0.183,-3.310,-0.0459,0.0039,0.8853,
7.850,IMU,60.2803,56.4692,58.3748,10.4822,8.2665,-10.918,-3.513,-0.252,-3.406,0.1777,0.0342,0.9351,
7.865,ENC,60.4849,56.6363,58.5606,10.2265,8.3517,-11.025,-3.513,-0.252,-3.406,0.1777,0.0342,0.9351,
7.888,ENC,60.7098,56.7982,58.7540,11.2492,8.0960,-11.206,-3.513,-0.252,-3.406,0.1777,0.0342,0.9351,
7.891,IMU,60.7098,56.7982,58.7540,11.2492,8.0960,-11.206,-3.493,-0.366,-3.655,0.0430,-0.0010,0.9565,
7.906,ENC,60.9468,56.9635,58.9551,11.8457,8.2665,-11.411,-3.493,-0.366,-3.655,0.0430,-0.0010,0.9565,
7.910,IMU,60.9468,56.9635,58.9551,11.8457,8.2665,-11.411,-3.491,-0.303,-3.747,0.0698,0.0928,0.9951,
7.925,ENC,61.1700,57.1289,59.1494,11.1640,8.2665,-11.577,-3.491,-0.303,-3.747,0.0698,0.0928,0.9951,
7.930,IMU,61.1700,57.1289,59.1494,11.1640,8.2665,-11.577,-3.461,-0.434,-3.870,-0.0254,-0.1357,1.2432,
7.946,ENC,61.3848,57.2754,59.3301,10.7379,7.3290,-11.772,-3.461,-0.434,-3.870,-0.0254,-0.1357,1.2432,
7.950,IMU,61.3848,57.2754,59.3301,10.7379,7.3290,-11.772,-3.556,-0.496,-3.960,0.1123,-0.0376,0.7534,
7.966,ENC,61.5910,57.4305,59.5108,10.3118,7.7551,-11.919,-3.556,-0.496,-3.960,0.1123,-0.0376,0.7534,
7.970,IMU,61.5910,57.4305,59.5108,10.3118,7.7551,-11.919,-3.795,-0.502,-4.062,0.2515,-0.0166,1.0034,
7.985,ENC,61.7905,57.5805,59.6855,9.9709,7.4995,-12.061,-3.795,-0.502,-4.062,0.2515,-0.0166,1.0034,
7.990,IMU,61.7905,57.5805,59.6855,9.9709,7.4995,-12.061,-3.838,-0.352,-4.165,0.0991,0.0977,0.9092,
8.005,ENC,61.9882,57.7288,59.8585,9.8857,7.4142,-12.202,-3.838,-0.352,-4.165,0.0991,0.0977,0.9092,
8.010,IMU,61.9882,57.7288,59.8585,9.8857,7.4142,-12.202,-3.870,-0.350,-4.310,0.0845,-0.0190,1.0508,
8.025,ENC,62.1876,57.8839,60.0357,9.9709,7.7551,-12.329,-3.870,-0.350,-4.310,0.0845,-0.0190,1.0508,
8.029,IMU,62.1876,57.8839,60.0357,9.9709,7.7551,-12.329,-3.776,-0.305,-4.321,0.0469,0.0166,1.0703,
8.046,ENC,62.3870,58.0390,60.2130,9.9709,7.7551,-12.456,-3.776,-0.305,-4.321,0.0469,0.0166,1.0703,
8.050,IMU,62.3870,58.0390,60.2130,9.9709,7.7551,-12.456,-3.849,-0.405,-4.392,0.1343,-0.0806,0.9248,
8.065,ENC,62.5915,58.1958,60.3937,10.2265,7.8403,-12.593,-3.849,-0.405,-4.392,0.1343,-0.0806,0.9248,
8.069,IMU,62.5915,58.1958,60.3937,10.2265,7.8403,-12.593,-3.854,-0.355,-4.472,0.0591,-0.0010,1.0830,
8.085,ENC,62.8029,58.3629,60.5829,10.5674,8.3517,-12.720,-3.854,-0.355,-4.472,0.0591,-0.0010,1.0830,
8.093,IMU,62.8029,58.3629,60.5829,10.5674,8.3517,-12.720,-3.778,-0.339,-4.554,-0.0981,0.0039,0.9858,
8.105,ENC,63.0091,58.5180,60.7635,10.3118,7.7551,-12.866,-3.778,-0.339,-4.554,-0.0981,0.0039,0.9858,
8.110,IMU,63.0091,58.5180,60.7635,10.3118,7.7551,-12.866,-3.868,-0.378,-4.670,0.1323,-0.0332,1.1001,
8.125,ENC,63.2119,58.6765,60.9442,10.1413,7.9256,-12.993,-3.868,-0.378,-4.670,0.1323,-0.0332,1.1001,
8.130,IMU,63.2119,58.6765,60.9442,10.1413,7.9256,-12.993,-3.830,-0.393,-4.699,0.0298,0.0029,1.0015,
8.146,ENC,63.4267,58.8520,61.1394,10.7379,8.7778,-13.105,-3.830,-0.393,-4.699,0.0298,0.0029,1.0015,
8.151,IMU,63.4267,58.8520,61.1394,10.7379,8.7778,-13.105,-3.814,-0.481,-4.799,0.0620,-0.0527,1.0884,
8.165,ENC,63.6363,59.0088,61.3226,10.4822,7.8403,-13.257,-3.814,-0.481,-4.799,0.0620,-0.0527,1.0884,
8.169,IMU,63.6363,59.0088,61.3226,10.4822,7.8403,-13.257,-3.677,-0.512,-4.928,-0.0234,-0.0376,0.9956,
8.186,ENC,63.8477,59.1878,61.5177,10.5674,8.9482,-13.350,-3.677,-0.512,-4.928,-0.0234,-0.0376,0.9956,
8.190,IMU,63.8477,59.1878,61.5177,10.5674,8.9482,-13.350,-3.712,-0.617,-4.949,0.0835,-0.0947,1.1040,
8.205,ENC,64.0539,59.3565,61.7052,10.3118,8.4369,-13.457,-3.712,-0.617,-4.949,0.0835,-0.0947,1.1040,
8.210,IMU,64.0539,59.3565,61.7052,10.3118,8.4369,-13.457,-3.663,-0.586,-5.016,0.0752,-0.0093,1.0220,
8.225,ENC,64.2670,59.5304,61.8987,10.6526,8.6926,-13.569,-3.663,-0.586,-5.016,0.0752,-0.0093,1.0220,
8.230,IMU,64.2670,59.5304,61.8987,10.6526,8.6926,-13.569,-3.548,-0.709,-5.127,-0.1284,-0.1226,1.1851,
8.251,IMU,64.2670,59.5304,61.8987,10.6526,8.6926,-13.569,-3.548,-0.553,-5.164,0.0259,0.1392,1.0361,
8.265,ENC,64.6863,59.9002,62.2933,10.4822,9.2465,-13.711,-3.548,-0.553,-5.164,0.0259,0.1392,1.0361,
8.269,IMU,64.6863,59.9002,62.2933,10.4822,9.2465,-13.711,-3.578,-0.504,-5.217,0.0962,0.0049,0.9028,
8.285,ENC,64.8789,60.0724,62.4756,9.6300,8.6073,-13.770,-3.578,-0.504,-5.217,0.0962,0.0049,0.9028,
8.290,IMU,64.8789,60.0724,62.4756,9.6300,8.6073,-13.770,-3.750,-0.372,-5.261,0.1704,0.1079,0.8369,
8.305,ENC,65.0732,60.2462,62.6597,9.7152,8.6926,-13.828,-3.750,-0.372,-5.261,0.1704,0.1079,0.8369,
8.310,IMU,65.0732,60.2462,62.6597,9.7152,8.6926,-13.828,-3.907,-0.434,-5.350,0.1743,-0.0376,0.9434,
8.325,ENC,65.2692,60.4184,62.8438,9.8004,8.6073,-13.896,-3.907,-0.434,-5.350,0.1743,-0.0376,0.9434,
8.330,IMU,65.2692,60.4184,62.8438,9.8004,8.6073,-13.896,-3.774,-0.432,-5.380,-0.0366,-0.0010,1.0518,
8.348,ENC,65.4447,60.5922,63.0185,8.7778,8.6926,-13.901,-3.774,-0.432,-5.380,-0.0366,-0.0010,1.0518,
8.352,IMU,65.4447,60.5922,63.0185,8.7778,8.6926,-13.901,-3.942,-0.512,-5.428,0.2319,-0.0420,0.8862,
8.365,ENC,65.6288,60.7678,63.1983,9.2039,8.7778,-13.926,-3.942,-0.512,-5.428,0.2319,-0.0420,0.8862,
8.370,IMU,65.6288,60.7678,63.1983,9.2039,8.7778,-13.926,-4.059,-0.455,-5.502,0.2305,0.0439,0.9756,
8.385,ENC,65.8112,60.9348,63.3730,9.1187,8.3517,-13.970,-4.059,-0.455,-5.502,0.2305,0.0439,0.9756,
8.390,IMU,65.8112,60.9348,63.3730,9.1187,8.3517,-13.970,-4.006,-0.477,-5.509,0.0361,-0.0054,0.7915,
8.405,ENC,66.0038,61.1155,63.5596,9.6300,9.0334,-14.004,-4.006,-0.477,-5.509,0.0361,-0.0054,0.7915,
8.410,IMU,66.0038,61.1155,63.5596,9.6300,9.0334,-14.004,-3.999,-0.608,-5.528,0.0576,-0.1216,1.0234,
8.426,ENC,66.1810,61.2894,63.7352,8.8630,8.6926,-14.014,-3.999,-0.608,-5.528,0.0576,-0.1216,1.0234,
8.430,IMU,66.1810,61.2894,63.7352,8.8630,8.6926,-14.014,-3.970,-0.743,-5.480,0.0698,-0.1167,1.0088,
8.445,ENC,66.3651,61.4905,63.9278,9.2039,10.0561,-13.965,-3.970,-0.743,-5.480,0.0698,-0.1167,1.0088,
8.451,IMU,66.3651,61.4905,63.9278,9.2039,10.0561,-13.965,-3.933,-0.629,-5.451,0.0596,0.0791,0.9824,
8.465,ENC,66.5458,61.6984,64.1221,9.0334,10.3970,-13.887,-3.933,-0.629,-5.451,0.0596,0.0791,0.9824,
8.470,IMU,66.5458,61.6984,64.1221,9.0334,10.3970,-13.887,-3.941,-0.579,-5.409,0.0781,0.0283,0.8628,
8.485,ENC,66.7452,61.9029,64.3241,9.9709,10.2265,-13.872,-3.941,-0.579,-5.409,0.0781,0.0283,0.8628,
8.489,IMU,66.7452,61.9029,64.3241,9.9709,10.2265,-13.872,-3.868,-0.583,-5.407,0.0522,0.0347,0.9814,
8.505,ENC,66.9514,62.1041,64.5278,10.3118,10.0561,-13.887,-3.868,-0.583,-5.407,0.0522,0.0347,0.9814,
8.510,IMU,66.9514,62.1041,64.5278,10.3118,10.0561,-13.887,-3.978,-0.498,-5.369,0.1406,0.0908,1.0244,
8.528,ENC,67.1713,62.2933,64.7323,10.9935,9.4595,-13.975,-3.978,-0.498,-5.369,0.1406,0.0908,1.0244,
8.532,IMU,67.1713,62.2933,64.7323,10.9935,9.4595,-13.975,-4.019,-0.624,-5.428,0.1636,-0.0762,0.8838,
8.545,ENC,67.3844,62.4961,64.9402,10.6526,10.1413,-14.004,-4.019,-0.624,-5.428,0.1636,-0.0762,0.8838,
8.550,IMU,67.3844,62.4961,64.9402,10.6526,10.1413,-14.004,-3.918,-0.693,-5.390,0.0518,-0.0659,0.9297,
8.570,IMU,67.3844,62.4961,64.9402,10.6526,10.1413,-14.004,-3.905,-0.737,-5.404,0.0791,-0.0171,1.0347,
8.586,ENC,67.8258,62.9034,65.3646,11.0361,10.1839,-14.102,-3.905,-0.737,-5.404,0.0791,-0.0171,1.0347,
8.590,IMU,67.8258,62.9034,65.3646,11.0361,10.1839,-14.102,-3.888,-0.826,-5.438,0.0649,-0.0571,0.9419,
8.606,ENC,68.0338,63.1080,65.5709,10.3970,10.2265,-14.111,-3.888,-0.826,-5.438,0.0649,-0.0571,0.9419,
8.610,IMU,68.0338,63.1080,65.5709,10.3970,10.2265,-14.111,-3.964,-0.685,-5.392,0.1060,0.1016,1.0586,
8.626,ENC,68.2383,63.3244,65.7814,10.2265,10.8231,-14.077,-3.964,-0.685,-5.392,0.1060,0.1016,1.0586,
8.630,IMU,68.2383,63.3244,65.7814,10.2265,10.8231,-14.077,-3.928,-0.606,-5.325,0.0649,0.0566,0.9194,
8.646,ENC,68.4241,63.5358,65.9799,9.2891,10.5674,-14.004,-3.928,-0.606,-5.325,0.0649,0.0566,0.9194,
8.649,IMU,68.4241,63.5358,65.9799,9.2891,10.5674,-14.004,-3.931,-0.674,-5.273,0.0894,-0.0708,0.9727,
8.670,IMU,68.4241,63.5358,65.9799,9.2891,10.5674,-14.004,-3.839,-0.530,-5.191,0.0142,0.1392,0.9736,
8.685,ENC,68.7786,63.9397,66.3592,8.8630,10.0987,-13.862,-3.839,-0.530,-5.191,0.0142,0.1392,0.9736,
8.690,IMU,68.7786,63.9397,66.3592,8.8630,10.0987,-13.862,-3.799,-0.489,-5.169,0.0098,0.0435,1.0405,
8.706,ENC,68.9473,64.1340,66.5407,8.4369,9.7152,-13.789,-3.799,-0.489,-5.169,0.0098,0.0435,1.0405,
8.710,IMU,68.9473,64.1340,66.5407,8.4369,9.7152,-13.789,-3.728,-0.410,-5.077,-0.0225,0.0781,0.9766,
8.726,ENC,69.1161,64.3181,66.7171,8.4369,9.2039,-13.745,-3.728,-0.410,-5.077,-0.0225,0.0781,0.9766,
8.730,IMU,69.1161,64.3181,66.7171,8.4369,9.2039,-13.745,-3.548,-0.387,-5.015,-0.0874,-0.0142,0.9932,
8.745,ENC,69.2865,64.5056,66.8960,8.5221,9.3743,-13.696,-3.548,-0.387,-5.015,-0.0874,-0.0142,0.9932,
8.750,IMU,69.2865,64.5056,66.8960,8.5221,9.3743,-13.696,-3.514,-0.315,-4.978,0.0483,0.0527,1.0132,
8.765,ENC,69.4604,64.6829,67.0716,8.6926,8.8630,-13.687,-3.514,-0.315,-4.978,0.0483,0.0527,1.0132,
8.771,IMU,69.4604,64.6829,67.0716,8.6926,8.8630,-13.687,-3.367,-0.307,-5.001,-0.0859,0.0415,1.0601,
8.785,ENC,69.6410,64.8584,67.2497,9.0334,8.7778,-13.701,-3.367,-0.307,-5.001,-0.0859,0.0415,1.0601,
8.790,IMU,69.6410,64.8584,67.2497,9.0334,8.7778,-13.701,-3.304,-0.304,-5.060,0.0366,0.0098,0.9209,
8.808,ENC,69.8217,65.0374,67.4295,9.0334,8.9482,-13.706,-3.304,-0.304,-5.060,0.0366,0.0098,0.9209,
8.811,IMU,69.8217,65.0374,67.4295,9.0334,8.9482,-13.706,-3.281,-0.283,-5.055,0.0005,0.0742,1.0430,
8.825,ENC,70.0007,65.1993,67.6000,8.9482,8.0960,-13.755,-3.281,-0.283,-5.055,0.0005,0.0742,1.0430,
8.829,IMU,70.0007,65.1993,67.6000,8.9482,8.0960,-13.755,-3.258,-0.351,-5.041,0.0454,-0.0430,0.9380,
8.845,ENC,70.1728,65.3800,67.7764,8.6073,9.0334,-13.730,-3.258,-0.351,-5.041,0.0454,-0.0430,0.9380,
8.850,IMU,70.1728,65.3800,67.7764,8.6073,9.0334,-13.730,-3.286,-0.377,-5.006,0.0840,-0.0322,0.9326,
8.865,ENC,70.3501,65.5521,67.9511,8.8630,8.6073,-13.745,-3.286,-0.377,-5.006,0.0840,-0.0322,0.9326,
8.869,IMU,70.3501,65.5521,67.9511,8.8630,8.6073,-13.745,-3.231,-0.264,-4.978,0.0068,0.0781,1.0366,
8.885,ENC,70.5052,65.7243,68.1147,7.7551,8.6073,-13.696,-3.231,-0.264,-4.978,0.0068,0.0781,1.0366,
8.889,IMU,70.5052,65.7243,68.1147,7.7551,8.6073,-13.696,-3.211,-0.256,-4.917,0.0034,-0.0073,1.0649,
8.905,ENC,70.6722,65.9066,68.2894,8.3517,9.1187,-13.652,-3.211,-0.256,-4.917,0.0034,-0.0073,1.0649,
8.912,IMU,70.6722,65.9066,68.2894,8.3517,9.1187,-13.652,-3.303,-0.310,-4.874,0.0854,-0.0332,1.0322,
8.926,ENC,70.8256,66.0720,68.4488,7.6699,8.2665,-13.618,-3.303,-0.310,-4.874,0.0854,-0.0332,1.0322,
8.929,IMU,70.8256,66.0720,68.4488,7.6699,8.2665,-13.618,-3.370,-0.254,-4.844,0.0879,0.0054,0.9888,
8.945,ENC,70.9841,66.2356,68.6098,7.9256,8.1812,-13.604,-3.370,-0.254,-4.844,0.0879,0.0054,0.9888,
8.950,IMU,70.9841,66.2356,68.6098,7.9256,8.1812,-13.604,-3.149,-0.378,-4.832,-0.1299,-0.0405,0.9619,
8.966,ENC,71.1477,66.4009,68.7743,8.1812,8.2665,-13.599,-3.149,-0.378,-4.832,-0.1299,-0.0405,0.9619,
8.970,IMU,71.1477,66.4009,68.7743,8.1812,8.2665,-13.599,-3.245,-0.388,-4.794,0.1519,-0.0254,0.9438,
8.986,ENC,71.3097,66.5560,68.9328,8.0960,7.7551,-13.618,-3.245,-0.388,-4.794,0.1519,-0.0254,0.9438,
8.990,IMU,71.3097,66.5560,68.9328,8.0960,7.7551,-13.618,-3.212,-0.455,-4.811,0.0405,-0.0610,1.0645,
9.006,ENC,71.4733,66.7145,69.0939,8.1812,7.9256,-13.633,-3.212,-0.455,-4.811,0.0405,-0.0610,1.0645,
9.011,IMU,71.4733,66.7145,69.0939,8.1812,7.9256,-13.633,-3.295,-0.496,-4.761,0.1099,-0.0454,0.9814,
9.025,ENC,71.6267,66.8679,69.2473,7.6699,7.6699,-13.633,-3.295,-0.496,-4.761,0.1099,-0.0454,0.9814,
9.031,IMU,71.6267,66.8679,69.2473,7.6699,7.6699,-13.633,-3.307,-0.511,-4.721,0.0645,-0.0103,1.0732,
9.046,ENC,71.7767,67.0298,69.4033,7.4995,8.0960,-13.599,-3.307,-0.511,-4.721,0.0645,-0.0103,1.0732,
9.050,IMU,71.7767,67.0298,69.4033,7.4995,8.0960,-13.599,-3.348,-0.530,-4.699,0.1055,-0.0464,1.0171,
9.065,ENC,71.9232,67.1764,69.5498,7.3290,7.3290,-13.599,-3.348,-0.530,-4.699,0.1055,-0.0464,1.0171,
9.070,IMU,71.9232,67.1764,69.5498,7.3290,7.3290,-13.599,-3.306,-0.510,-4.704,0.0166,-0.0112,1.0391,
9.086,ENC,72.0664,67.3298,69.6981,7.1586,7.6699,-13.569,-3.306,-0.510,-4.704,0.0166,-0.0112,1.0391,
9.090,IMU,72.0664,67.3298,69.6981,7.1586,7.6699,-13.569,-3.329,-0.449,-4.746,0.0190,0.0879,1.1768,
9.105,ENC,72.2164,67.4798,69.8481,7.4995,7.4995,-13.569,-3.329,-0.449,-4.746,0.0190,0.0879,1.1768,
9.110,IMU,72.2164,67.4798,69.8481,7.4995,7.4995,-13.569,-3.332,-0.456,-4.771,0.0381,-0.0088,0.9546,
9.126,ENC,72.3476,67.6332,69.9904,6.5620,7.6699,-13.506,-3.332,-0.456,-4.771,0.0381,-0.0088,0.9546,
9.131,IMU,72.3476,67.6332,69.9904,6.5620,7.6699,-13.506,-3.402,-0.513,-4.819,0.1323,-0.0474,0.9282,
9.146,ENC,72.4789,67.7764,70.1276,6.5620,7.1586,-13.472,-3.402,-0.513,-4.819,0.1323,-0.0474,0.9282,
9.150,IMU,72.4789,67.7764,70.1276,6.5620,7.1586,-13.472,-3.366,-0.539,-4.781,0.0356,-0.0112,1.0889,
9.167,ENC,72.6169,67.9247,70.2708,6.9029,7.4142,-13.442,-3.366,-0.539,-4.781,0.0356,-0.0112,1.0889,
9.170,IMU,72.6169,67.9247,70.2708,6.9029,7.4142,-13.442,-3.363,-0.454,-4.806,0.0654,0.0410,0.9873,
9.185,ENC,72.7533,68.0678,70.4106,6.8177,7.1586,-13.423,-3.363,-0.454,-4.806,0.0654,0.0410,0.9873,
9.190,IMU,72.7533,68.0678,70.4106,6.8177,7.1586,-13.423,-3.353,-0.537,-4.848,0.0645,-0.0132,1.0210,
9.205,ENC,72.8999,68.2059,70.5529,7.3290,6.9029,-13.447,-3.353,-0.537,-4.848,0.0645,-0.0132,1.0210,
9.210,IMU,72.8999,68.2059,70.5529,7.3290,6.9029,-13.447,-3.320,-0.578,-4.850,0.0557,-0.0278,1.0176,
9.225,ENC,73.0413,68.3542,70.6978,7.0734,7.4142,-13.428,-3.320,-0.578,-4.850,0.0557,-0.0278,1.0176,
9.232,IMU,73.0413,68.3542,70.6978,7.0734,7.4142,-13.428,-3.319,-0.547,-4.811,0.0469,0.0059,0.9731,
9.245,ENC,73.1828,68.4957,70.8392,7.0734,7.0734,-13.428,-3.319,-0.547,-4.811,0.0469,0.0059,0.9731,
9.250,IMU,73.1828,68.4957,70.8392,7.0734,7.0734,-13.428,-3.294,-0.509,-4.834,0.0273,0.0117,0.9478,
9.265,ENC,73.3550,68.6490,71.0020,8.6073,7.6699,-13.481,-3.294,-0.509,-4.834,0.0273,0.0117,0.9478,
9.271,IMU,73.3550,68.6490,71.0020,8.6073,7.6699,-13.481,-3.405,-0.606,-4.833,0.1475,-0.0688,1.0298,
9.286,ENC,73.5032,68.8024,71.1528,7.4142,7.6699,-13.467,-3.405,-0.606,-4.833,0.1475,-0.0688,1.0298,
9.289,IMU,73.5032,68.8024,71.1528,7.4142,7.6699,-13.467,-3.447,-0.517,-4.881,0.1284,0.0459,0.8789,
9.306,ENC,73.6703,68.9473,71.3088,8.3517,7.2438,-13.530,-3.447,-0.517,-4.881,0.1284,0.0459,0.8789,
9.313,IMU,73.6703,68.9473,71.3088,8.3517,7.2438,-13.530,-3.392,-0.571,-5.024,-0.0073,-0.0571,1.0981,
9.325,ENC,73.8458,69.0888,71.4673,8.7778,7.0734,-13.628,-3.392,-0.571,-5.024,-0.0073,-0.0571,1.0981,
9.329,IMU,73.8458,69.0888,71.4673,8.7778,7.0734,-13.628,-3.311,-0.572,-5.117,0.0000,-0.0127,1.0415,
9.345,ENC,74.0265,69.2422,71.6343,9.0334,7.6699,-13.706,-3.311,-0.572,-5.117,0.0000,-0.0127,1.0415,
9.349,IMU,74.0265,69.2422,71.6343,9.0334,7.6699,-13.706,-3.269,-0.545,-5.176,0.0283,0.0195,1.0200,
9.365,ENC,74.2157,69.4024,71.8090,9.4595,8.0108,-13.789,-3.269,-0.545,-5.176,0.0283,0.0195,1.0200,
9.374,IMU,74.2157,69.4024,71.8090,9.4595,8.0108,-13.789,-3.336,-0.614,-5.277,0.1460,-0.0947,0.9971,
9.390,IMU,74.2157,69.4024,71.8090,9.4595,8.0108,-13.789,-3.390,-0.680,-5.311,0.1270,-0.0645,1.0303,
9.405,ENC,74.6111,69.7245,72.1678,9.8857,8.0534,-13.999,-3.390,-0.680,-5.311,0.1270,-0.0645,1.0303,
9.410,IMU,74.6111,69.7245,72.1678,9.8857,8.0534,-13.999,-3.257,-0.731,-5.377,-0.0371,-0.0522,1.0215,
9.425,ENC,74.8139,69.9137,72.3638,10.1413,9.4595,-14.038,-3.257,-0.731,-5.377,-0.0371,-0.0522,1.0215,
9.430,IMU,74.8139,69.9137,72.3638,10.1413,9.4595,-14.038,-3.167,-0.839,-5.401,-0.0547,-0.0957,1.0566,
9.450,ENC,75.0031,70.1029,72.5530,9.4595,9.4595,-14.038,-3.167,-0.839,-5.401,-0.0547,-0.0957,1.0566,
9.455,IMU,75.0031,70.1029,72.5530,9.4595,9.4595,-14.038,-3.277,-0.899,-5.382,0.1147,-0.0742,0.9834,
9.465,ENC,75.1923,70.2972,72.7448,9.4595,9.7152,-14.023,-3.277,-0.899,-5.382,0.1147,-0.0742,0.9834,
9.470,IMU,75.1923,70.2972,72.7448,9.4595,9.7152,-14.023,-3.163,-0.843,-5.403,0.0132,0.0244,0.8687,
9.485,ENC,75.3781,70.4915,72.9348,9.2891,9.7152,-13.999,-3.163,-0.843,-5.403,0.0132,0.0244,0.8687,
9.490,IMU,75.3781,70.4915,72.9348,9.2891,9.7152,-13.999,-3.350,-0.972,-5.431,0.1821,-0.1509,1.0396,
9.505,ENC,75.5673,70.6739,73.1206,9.4595,9.1187,-14.019,-3.350,-0.972,-5.431,0.1821,-0.1509,1.0396,
9.510,IMU,75.5673,70.6739,73.1206,9.4595,9.1187,-14.019,-3.578,-1.075,-5.470,0.3076,-0.0825,0.9648,
9.525,ENC,75.7684,70.8580,73.3132,10.0561,9.2039,-14.067,-3.578,-1.075,-5.470,0.3076,-0.0825,0.9648,
9.530,IMU,75.7684,70.8580,73.3132,10.0561,9.2039,-14.067,-3.799,-1.054,-5.491,0.2256,-0.0244,0.9673,
9.546,ENC,75.9610,71.0267,73.4939,9.6300,8.4369,-14.136,-3.799,-1.054,-5.491,0.2256,-0.0244,0.9673,
9.551,IMU,75.9610,71.0267,73.4939,9.6300,8.4369,-14.136,-3.810,-1.065,-5.557,0.0693,-0.0259,1.0366,
9.565,ENC,76.1587,71.1852,73.6720,9.8857,7.9256,-14.248,-3.810,-1.065,-5.557,0.0693,-0.0259,1.0366,
9.570,IMU,76.1587,71.1852,73.6720,9.8857,7.9256,-14.248,-3.772,-1.074,-5.635,0.0054,-0.0254,1.2285,
9.585,ENC,76.3701,71.3454,73.8578,10.5674,8.0108,-14.395,-3.772,-1.074,-5.635,0.0054,-0.0254,1.2285,
9.590,IMU,76.3701,71.3454,73.8578,10.5674,8.0108,-14.395,-3.817,-1.011,-5.738,0.0747,0.0850,1.0840,
9.605,ENC,76.5644,71.4954,74.0299,9.7152,7.4995,-14.521,-3.817,-1.011,-5.738,0.0747,0.0850,1.0840,
9.627,ENC,76.7723,71.6539,74.2131,10.3970,7.9256,-14.663,-3.817,-1.011,-5.738,0.0747,0.0850,1.0840,
9.633,IMU,76.7723,71.6539,74.2131,10.3970,7.9256,-14.663,-3.686,-1.005,-5.815,-0.0430,0.0024,1.1230,
9.636,IMU,76.7723,71.6539,74.2131,10.3970,7.9256,-14.663,-3.620,-1.053,-5.876,-0.0024,-0.0347,1.0078,
9.645,ENC,76.9649,71.8142,74.3895,9.6300,8.0108,-14.756,-3.620,-1.053,-5.876,-0.0024,-0.0347,1.0078,
9.650,IMU,76.9649,71.8142,74.3895,9.6300,8.0108,-14.756,-3.580,-1.015,-5.932,0.0093,-0.0356,1.0820,
9.665,ENC,77.1661,71.9744,74.5702,10.0561,8.0108,-14.873,-3.580,-1.015,-5.932,0.0093,-0.0356,1.0820,
9.670,IMU,77.1661,71.9744,74.5702,10.0561,8.0108,-14.873,-3.582,-1.039,-6.030,0.0464,-0.0039,0.9561,
9.685,ENC,77.3740,72.1431,74.7586,10.3970,8.4369,-14.985,-3.582,-1.039,-6.030,0.0464,-0.0039,0.9561,
9.690,IMU,77.3740,72.1431,74.7586,10.3970,8.4369,-14.985,-3.606,-1.014,-6.080,0.0669,-0.0039,0.9966,
9.705,ENC,77.5768,72.2999,74.9384,10.1413,7.8403,-15.117,-3.606,-1.014,-6.080,0.0669,-0.0039,0.9966,
9.710,IMU,77.5768,72.2999,74.9384,10.1413,7.8403,-15.117,-3.680,-1.059,-6.153,0.0850,-0.0845,1.0986,
9.725,ENC,77.7677,72.4550,75.1114,9.5448,7.7551,-15.220,-3.680,-1.059,-6.153,0.0850,-0.0845,1.0986,
9.730,IMU,77.7677,72.4550,75.1114,9.5448,7.7551,-15.220,-3.760,-0.976,-6.309,0.1787,0.0562,0.9277,
9.745,ENC,77.9637,72.6050,75.2844,9.8004,7.4995,-15.352,-3.760,-0.976,-6.309,0.1787,0.0562,0.9277,
9.750,IMU,77.9637,72.6050,75.2844,9.8004,7.4995,-15.352,-3.663,-0.891,-6.353,-0.0068,0.0459,1.0186,
9.765,ENC,78.1734,72.7516,75.4625,10.4822,7.3290,-15.532,-3.663,-0.891,-6.353,-0.0068,0.0459,1.0186,
9.770,IMU,78.1734,72.7516,75.4625,10.4822,7.3290,-15.532,-3.736,-0.900,-6.442,0.1411,-0.0015,1.0112,
9.791,IMU,78.1734,72.7516,75.4625,10.4822,7.3290,-15.532,-3.611,-0.815,-6.520,-0.0806,0.0640,1.0356,
9.806,ENC,78.5841,73.0499,75.8170,10.2691,7.4569,-15.854,-3.611,-0.815,-6.520,-0.0806,0.0640,1.0356,
9.810,IMU,78.5841,73.0499,75.8170,10.2691,7.4569,-15.854,-3.636,-0.831,-6.573,0.0610,-0.0103,0.8989,
9.826,ENC,78.7750,73.1845,75.9798,9.5448,6.7325,-16.016,-3.636,-0.831,-6.573,0.0610,-0.0103,0.8989,
9.840,IMU,78.7750,73.1845,75.9798,9.5448,6.7325,-16.016,-3.642,-0.918,-6.667,0.0244,-0.0381,0.8848,
9.845,ENC,78.9693,73.3294,76.1494,9.7152,7.2438,-16.157,-3.642,-0.918,-6.667,0.0244,-0.0381,0.8848,
9.850,IMU,78.9693,73.3294,76.1494,9.7152,7.2438,-16.157,-3.614,-0.852,-6.738,0.0459,0.0591,0.9697,
9.865,ENC,79.1568,73.4692,76.3130,9.3743,6.9881,-16.294,-3.614,-0.852,-6.738,0.0459,0.0591,0.9697,
9.870,IMU,79.1568,73.4692,76.3130,9.3743,6.9881,-16.294,-3.663,-0.800,-6.842,0.0869,0.0186,0.8398,
9.885,ENC,79.3307,73.6157,76.4732,8.6926,7.3290,-16.372,-3.663,-0.800,-6.842,0.0869,0.0186,0.8398,
9.891,IMU,79.3307,73.6157,76.4732,8.6926,7.3290,-16.372,-3.759,-0.859,-6.912,0.1084,-0.0962,1.0928,
9.905,ENC,79.5028,73.7640,76.6334,8.6073,7.4142,-16.440,-3.759,-0.859,-6.912,0.1084,-0.0962,1.0928,
9.910,IMU,79.5028,73.7640,76.6334,8.6073,7.4142,-16.440,-3.595,-0.873,-7.009,-0.0264,-0.0054,0.9458,
9.925,ENC,79.6784,73.9021,76.7902,8.7778,6.9029,-16.548,-3.595,-0.873,-7.009,-0.0264,-0.0054,0.9458,
9.930,IMU,79.6784,73.9021,76.7902,8.7778,6.9029,-16.548,-3.656,-0.936,-7.135,0.1309,-0.0239,1.0410,
9.945,ENC,79.8693,74.0265,76.9479,9.5448,6.2211,-16.738,-3.656,-0.936,-7.135,0.1309,-0.0239,1.0410,
9.950,IMU,79.8693,74.0265,76.9479,9.5448,6.2211,-16.738,-3.693,-0.921,-7.304,0.1191,0.0234,0.9580,
9.970,IMU,79.8693,74.0265,76.9479,9.5448,6.2211,-16.738,-3.854,-0.923,-7.480,0.1943,0.0161,0.8286,
9.986,ENC,80.2664,74.2327,77.2496,9.9283,5.1559,-17.285,-3.854,-0.923,-7.480,0.1943,0.0161,0.8286,
9.990,IMU,80.2664,74.2327,77.2496,9.9283,5.1559,-17.285,-3.988,-0.940,-7.626,0.1714,-0.0024,1.0703,
10.006,ENC,80.4812,74.3333,77.4072,10.7379,5.0280,-17.612,-3.988,-0.940,-7.626,0.1714,-0.0024,1.0703,
10.010,IMU,80.4812,74.3333,77.4072,10.7379,5.0280,-17.612,-4.095,-0.927,-7.829,0.2114,0.0361,0.8174,
10.025,ENC,80.6959,74.4236,77.5598,10.7379,4.5167,-17.969,-4.095,-0.927,-7.829,0.2114,0.0361,0.8174,
10.030,IMU,80.6959,74.4236,77.5598,10.7379,4.5167,-17.969,-4.113,-0.967,-8.053,0.0825,-0.0254,1.1504,
10.045,ENC,80.9073,74.5174,77.7123,10.5674,4.6872,-18.306,-4.113,-0.967,-8.053,0.0825,-0.0254,1.1504,
10.050,IMU,80.9073,74.5174,77.7123,10.5674,4.6872,-18.306,-3.997,-0.979,-8.266,-0.0034,-0.0142,0.9653,
10.066,ENC,81.1152,74.6094,77.8623,10.3970,4.6019,-18.638,-3.997,-0.979,-8.266,-0.0034,-0.0142,0.9653,
10.070,IMU,81.1152,74.6094,77.8623,10.3970,4.6019,-18.638,-3.945,-0.926,-8.484,0.0269,0.0415,0.9614,
10.090,IMU,81.1152,74.6094,77.8623,10.3970,4.6019,-18.638,-4.125,-0.977,-8.651,0.2061,-0.0498,0.9604,
10.105,ENC,81.5447,74.7918,78.1683,10.7379,4.5593,-19.346,-4.125,-0.977,-8.651,0.2061,-0.0498,0.9604,
10.117,IMU,81.5447,74.7918,78.1683,10.7379,4.5593,-19.346,-4.144,-0.963,-8.820,0.0625,0.0444,1.0620,
10.138,IMU,81.5447,74.7918,78.1683,10.7379,4.5593,-19.346,-4.065,-0.939,-8.985,0.0010,0.0503,1.0854,
10.140,ENC,81.7612,74.8872,78.3242,10.8231,4.7724,-19.692,-4.065,-0.939,-8.985,0.0010,0.0503,1.0854,
10.145,ENC,81.9708,74.9759,78.4733,10.4822,4.4315,-20.039,-4.065,-0.939,-8.985,0.0010,0.0503,1.0854,
10.150,IMU,81.9708,74.9759,78.4733,10.4822,4.4315,-20.039,-4.102,-0.954,-9.180,0.1396,-0.0347,1.0425,
10.166,ENC,82.1736,75.0543,78.6140,10.1413,3.9202,-20.396,-4.102,-0.954,-9.180,0.1396,-0.0347,1.0425,
10.170,IMU,82.1736,75.0543,78.6140,10.1413,3.9202,-20.396,-3.996,-0.927,-9.398,0.0137,-0.0166,0.9546,
10.185,ENC,82.3697,75.1242,78.7469,9.8004,3.4941,-20.757,-3.996,-0.927,-9.398,0.0137,-0.0166,0.9546,
10.193,IMU,82.3697,75.1242,78.7469,9.8004,3.4941,-20.757,-4.110,-0.786,-9.648,0.1621,0.0898,0.7627,
10.205,ENC,82.5657,75.1872,78.8764,9.8004,3.1532,-21.138,-4.110,-0.786,-9.648,0.1621,0.0898,0.7627,
10.210,IMU,82.5657,75.1872,78.8764,9.8004,3.1532,-21.138,-4.017,-0.800,-9.865,-0.0181,0.0205,1.0571,
10.225,ENC,82.7480,75.2520,79.0000,9.1187,3.2384,-21.475,-4.017,-0.800,-9.865,-0.0181,0.0205,1.0571,
10.230,IMU,82.7480,75.2520,79.0000,9.1187,3.2384,-21.475,-3.969,-0.751,-10.116,0.0474,0.0391,1.0342,
10.246,ENC,82.9253,75.3219,79.1236,8.8630,3.4941,-21.782,-3.969,-0.751,-10.116,0.0474,0.0391,1.0342,
10.250,IMU,82.9253,75.3219,79.1236,8.8630,3.4941,-21.782,-3.863,-0.595,-10.414,0.0073,0.0757,0.9619,
10.265,ENC,83.1026,75.3832,79.2429,8.8630,3.0680,-22.114,-3.863,-0.595,-10.414,0.0073,0.0757,0.9619,
10.270,IMU,83.1026,75.3832,79.2429,8.8630,3.0680,-22.114,-3.779,-0.674,-10.677,-0.0415,-0.0400,1.0112,
10.286,ENC,83.2764,75.4463,79.3613,8.6926,3.1532,-22.432,-3.779,-0.674,-10.677,-0.0415,-0.0400,1.0112,
10.295,IMU,83.2764,75.4463,79.3613,8.6926,3.1532,-22.432,-3.669,-0.745,-10.932,-0.0103,-0.0312,0.9766,
10.305,ENC,83.4588,75.5196,79.4892,9.1187,3.6645,-22.744,-3.669,-0.745,-10.932,-0.0103,-0.0312,0.9766,
10.310,IMU,83.4588,75.5196,79.4892,9.1187,3.6645,-22.744,-3.792,-0.741,-11.193,0.1958,-0.0059,0.8940,
10.325,ENC,83.6326,75.5929,79.6128,8.6926,3.6645,-23.032,-3.792,-0.741,-11.193,0.1958,-0.0059,0.8940,
10.330,IMU,83.6326,75.5929,79.6128,8.6926,3.6645,-23.032,-3.847,-0.902,-11.416,0.1167,-0.1196,1.0127,
10.345,ENC,83.8133,75.6593,79.7363,9.0334,3.3236,-23.359,-3.847,-0.902,-11.416,0.1167,-0.1196,1.0127,
10.350,IMU,83.8133,75.6593,79.7363,9.0334,3.3236,-23.359,-3.836,-1.009,-11.618,0.0371,-0.1040,0.9829,
10.365,ENC,83.9872,75.7292,79.8582,8.6926,3.4941,-23.657,-3.836,-1.009,-11.618,0.0371,-0.1040,0.9829,
10.370,IMU,83.9872,75.7292,79.8582,8.6926,3.4941,-23.657,-3.759,-1.074,-11.869,0.0244,-0.0205,1.0273,
10.386,ENC,84.1593,75.8042,79.9818,8.6073,3.7497,-23.936,-3.759,-1.074,-11.869,0.0244,-0.0205,1.0273,
10.390,IMU,84.1593,75.8042,79.9818,8.6073,3.7497,-23.936,-3.608,-1.087,-12.113,-0.0190,-0.0200,1.0352,
10.410,IMU,84.1593,75.8042,79.9818,8.6073,3.7497,-23.936,-3.592,-1.119,-12.301,0.0542,-0.0435,0.8096,
10.425,ENC,84.5223,75.9440,80.2332,9.0761,3.4941,-24.575,-3.592,-1.119,-12.301,0.0542,-0.0435,0.8096,
10.430,IMU,84.5223,75.9440,80.2332,9.0761,3.4941,-24.575,-3.619,-1.018,-12.606,0.0708,0.0601,1.0522,
10.450,IMU,84.5223,75.9440,80.2332,9.0761,3.4941,-24.575,-3.617,-1.045,-12.911,0.0469,-0.0312,1.1206,
10.465,ENC,84.8769,76.0820,80.4794,8.8630,3.4515,-25.195,-3.617,-1.045,-12.911,0.0469,-0.0312,1.1206,
10.470,IMU,84.8769,76.0820,80.4794,8.8630,3.4515,-25.195,-3.580,-1.118,-13.106,0.0391,-0.0259,1.0020,
10.486,ENC,85.0558,76.1485,80.6022,8.9482,3.3236,-25.518,-3.580,-1.118,-13.106,0.0391,-0.0259,1.0020,
10.490,IMU,85.0558,76.1485,80.6022,8.9482,3.3236,-25.518,-3.564,-1.235,-13.380,0.0532,-0.1167,1.1265,
10.505,ENC,85.2467,76.2150,80.7309,9.5448,3.3236,-25.874,-3.564,-1.235,-13.380,0.0532,-0.1167,1.1265,
10.511,IMU,85.2467,76.2150,80.7309,9.5448,3.3236,-25.874,-3.615,-1.338,-13.684,0.0889,-0.0723,0.9868,
10.526,ENC,85.4308,76.2763,80.8536,9.2039,3.0680,-26.226,-3.615,-1.338,-13.684,0.0889,-0.0723,0.9868,
10.530,IMU,85.4308,76.2763,80.8536,9.2039,3.0680,-26.226,-3.533,-1.293,-13.909,-0.0391,0.0234,1.0801,
10.546,ENC,85.6149,76.3394,80.9771,9.2039,3.1532,-26.572,-3.533,-1.293,-13.909,-0.0391,0.0234,1.0801,
10.550,IMU,85.6149,76.3394,80.9771,9.2039,3.1532,-26.572,-3.517,-1.279,-14.099,0.0532,0.0347,0.9385,
10.565,ENC,85.7938,76.4042,81.0990,8.9482,3.2384,-26.899,-3.517,-1.279,-14.099,0.0532,0.0347,0.9385,
10.570,IMU,85.7938,76.4042,81.0990,8.9482,3.2384,-26.899,-3.595,-1.312,-14.338,0.1289,-0.0366,1.0679,
10.585,ENC,85.9541,76.4587,81.2064,8.0108,2.7271,-27.202,-3.595,-1.312,-14.338,0.1289,-0.0366,1.0679,
10.590,IMU,85.9541,76.4587,81.2064,8.0108,2.7271,-27.202,-3.564,-1.315,-14.570,0.0503,-0.0508,1.0005,
10.605,ENC,86.1075,76.5252,81.3163,7.6699,3.3236,-27.451,-3.564,-1.315,-14.570,0.0503,-0.0508,1.0005,
10.610,IMU,86.1075,76.5252,81.3163,7.6699,3.3236,-27.451,-3.561,-1.098,-14.738,0.0815,0.1147,0.8994,
10.625,ENC,86.2421,76.5883,81.4152,6.7325,3.1532,-27.656,-3.561,-1.098,-14.738,0.0815,0.1147,0.8994,
10.630,IMU,86.2421,76.5883,81.4152,6.7325,3.1532,-27.656,-3.637,-0.921,-14.865,0.1094,0.0747,0.9385,
10.646,ENC,86.3461,76.6462,81.4961,5.1985,2.8975,-27.788,-3.637,-0.921,-14.865,0.1094,0.0747,0.9385,
10.653,IMU,86.3461,76.6462,81.4961,5.1985,2.8975,-27.788,-3.671,-0.948,-14.913,0.1157,-0.0288,1.0317,
10.666,ENC,86.4398,76.7093,81.5745,4.6872,3.1532,-27.876,-3.671,-0.948,-14.913,0.1157,-0.0288,1.0317,
10.670,IMU,86.4398,76.7093,81.5745,4.6872,3.1532,-27.876,-3.753,-0.912,-14.933,0.1025,0.0410,1.0068,
10.685,ENC,86.5216,76.7791,81.6504,4.0906,3.4941,-27.910,-3.753,-0.912,-14.933,0.1025,0.0410,1.0068,
10.690,IMU,86.5216,76.7791,81.6504,4.0906,3.4941,-27.910,-3.735,-0.901,-14.963,0.0874,0.0244,0.9971,
10.705,ENC,86.6034,76.8269,81.7152,4.0906,2.3862,-28.008,-3.735,-0.901,-14.963,0.0874,0.0244,0.9971,
10.710,IMU,86.6034,76.8269,81.7152,4.0906,2.3862,-28.008,-3.822,-0.784,-15.017,0.1143,0.0674,0.9678,
10.726,ENC,86.6853,76.8303,81.7578,4.0906,0.1704,-28.232,-3.822,-0.784,-15.017,0.1143,0.0674,0.9678,
10.730,IMU,86.6853,76.8303,81.7578,4.0906,0.1704,-28.232,-3.865,-0.707,-15.154,0.1030,0.0845,0.9736,
10.746,ENC,86.7671,76.8132,81.7902,4.0906,-0.8522,-28.516,-3.865,-0.707,-15.154,0.1030,0.0845,0.9736,
10.750,IMU,86.7671,76.8132,81.7902,4.0906,-0.8522,-28.516,-3.882,-0.637,-15.311,0.0645,0.0679,0.9722,
10.766,ENC,86.8438,76.7791,81.8115,3.8350,-1.7044,-28.833,-3.882,-0.637,-15.311,0.0645,0.0679,0.9722,
10.770,IMU,86.8438,76.7791,81.8115,3.8350,-1.7044,-28.833,-3.887,-0.618,-15.553,0.0493,0.0308,1.0557,
10.785,ENC,86.9136,76.7246,81.8191,3.4941,-2.7271,-29.189,-3.887,-0.618,-15.553,0.0493,0.0308,1.0557,
10.790,IMU,86.9136,76.7246,81.8191,3.4941,-2.7271,-29.189,-3.914,-0.604,-15.785,0.1006,0.0410,0.9185,
10.806,ENC,86.9835,76.6581,81.8208,3.4941,-3.3236,-29.580,-3.914,-0.604,-15.785,0.1006,0.0410,0.9185,
10.810,IMU,86.9835,76.6581,81.8208,3.4941,-3.3236,-29.580,-3.918,-0.531,-16.006,0.0518,0.0493,0.9790,
10.826,ENC,87.0466,76.5797,81.8132,3.1532,-3.9202,-29.985,-3.918,-0.531,-16.006,0.0518,0.0493,0.9790,
10.830,IMU,87.0466,76.5797,81.8132,3.1532,-3.9202,-29.985,-3.930,-0.542,-16.229,0.0713,0.0142,0.9878,
10.850,IMU,87.0466,76.5797,81.8132,3.1532,-3.9202,-29.985,-3.988,-0.561,-16.472,0.0933,0.0176,0.9736,
10.852,ENC,87.1097,76.4928,81.8012,3.1532,-4.3463,-30.415,-3.988,-0.561,-16.472,0.0933,0.0176,0.9736,
10.865,ENC,87.1693,76.3939,81.7816,2.9827,-4.9428,-30.869,-3.988,-0.561,-16.472,0.0933,0.0176,0.9736,
10.870,IMU,87.1693,76.3939,81.7816,2.9827,-4.9428,-30.869,-4.013,-0.582,-16.717,0.0435,-0.0288,1.0298,
10.885,ENC,87.2324,76.2985,81.7654,3.1532,-4.7724,-31.323,-4.013,-0.582,-16.717,0.0435,-0.0288,1.0298,
10.890,IMU,87.2324,76.2985,81.7654,3.1532,-4.7724,-31.323,-4.041,-0.662,-16.983,0.0688,-0.0381,0.9614,
10.908,ENC,87.2971,76.2099,81.7535,3.2384,-4.4315,-31.763,-4.041,-0.662,-16.983,0.0688,-0.0381,0.9614,
10.912,IMU,87.2971,76.2099,81.7535,3.2384,-4.4315,-31.763,-4.014,-0.655,-17.219,0.0474,0.0205,1.0132,
10.926,ENC,87.3568,76.1178,81.7373,2.9827,-4.6019,-32.197,-4.014,-0.655,-17.219,0.0474,0.0205,1.0132,
10.930,IMU,87.3568,76.1178,81.7373,2.9827,-4.6019,-32.197,-4.030,-0.706,-17.509,0.0781,-0.0293,0.9673,
10.945,ENC,87.4199,76.0224,81.7211,3.1532,-4.7724,-32.651,-4.030,-0.706,-17.509,0.0781,-0.0293,0.9673,
10.952,IMU,87.4199,76.0224,81.7211,3.1532,-4.7724,-32.651,-4.061,-0.644,-17.782,0.0742,0.0308,0.9819,
10.965,ENC,87.4846,75.9286,81.7066,3.2384,-4.6872,-33.105,-4.061,-0.644,-17.782,0.0742,0.0308,0.9819,
10.970,IMU,87.4846,75.9286,81.7066,3.2384,-4.6872,-33.105,-4.013,-0.695,-18.102,0.0513,-0.0420,1.0029,
11.006,IMU,87.4846,75.9286,81.7066,3.2384,-4.6872,-33.105,-4.061,-0.723,-18.411,0.0762,-0.0020,1.0298,
11.008,ENC,87.5443,75.8332,81.6887,2.9827,-4.7724,-33.550,-4.061,-0.723,-18.411,0.0762,-0.0020,1.0298,
11.012,IMU,87.5443,75.8332,81.6887,2.9827,-4.7724,-33.550,-4.099,-0.714,-18.677,0.0498,-0.0146,1.0195,
11.014,ENC,87.6108,75.7394,81.6751,3.3236,-4.6872,-34.009,-4.099,-0.714,-18.677,0.0498,-0.0146,1.0195,
11.025,ENC,87.6721,75.6474,81.6598,3.0680,-4.6019,-34.448,-4.099,-0.714,-18.677,0.0498,-0.0146,1.0195,
11.031,IMU,87.6721,75.6474,81.6598,3.0680,-4.6019,-34.448,-4.095,-0.804,-18.931,0.0410,-0.0737,1.0483,
11.046,ENC,87.7301,75.5656,81.6478,2.8975,-4.0906,-34.849,-4.095,-0.804,-18.931,0.0410,-0.0737,1.0483,
11.050,IMU,87.7301,75.5656,81.6478,2.8975,-4.0906,-34.849,-4.116,-0.754,-19.217,0.0601,0.0376,0.9463,
11.070,IMU,87.7301,75.5656,81.6478,2.8975,-4.0906,-34.849,-4.080,-0.828,-19.480,0.0591,-0.0601,0.9512,
11.087,ENC,87.8477,75.4037,81.6257,2.9401,-4.0480,-35.649,-4.080,-0.828,-19.480,0.0591,-0.0601,0.9512,
11.090,IMU,87.8477,75.4037,81.6257,2.9401,-4.0480,-35.649,-4.070,-0.830,-19.724,0.0562,-0.0122,0.9912,
11.107,ENC,87.9039,75.3270,81.6154,2.8123,-3.8350,-36.030,-4.070,-0.830,-19.724,0.0562,-0.0122,0.9912,
11.110,IMU,87.9039,75.3270,81.6154,2.8123,-3.8350,-36.030,-4.004,-0.930,-19.968,0.0376,-0.0576,0.9956,
11.125,ENC,87.9533,75.2469,81.6001,2.4714,-4.0054,-36.401,-4.004,-0.930,-19.968,0.0376,-0.0576,0.9956,
11.145,ENC,88.0011,75.1651,81.5831,2.3862,-4.0906,-36.772,-4.004,-0.930,-19.968,0.0376,-0.0576,0.9956,
11.150,IMU,88.0011,75.1651,81.5831,2.3862,-4.0906,-36.772,-4.048,-0.967,-20.485,0.0752,-0.0205,0.9941,
11.166,ENC,88.0488,75.0867,81.5677,2.3862,-3.9202,-37.134,-4.048,-0.967,-20.485,0.0752,-0.0205,0.9941,
11.170,IMU,88.0488,75.0867,81.5677,2.3862,-3.9202,-37.134,-4.032,-1.002,-20.739,0.0312,-0.0498,1.0117,
11.185,ENC,88.0948,75.0117,81.5532,2.3010,-3.7497,-37.480,-4.032,-1.002,-20.739,0.0312,-0.0498,1.0117,
11.190,IMU,88.0948,75.0117,81.5532,2.3010,-3.7497,-37.480,-3.979,-1.075,-21.003,0.0298,-0.0386,0.9888,
11.205,ENC,88.1442,74.9333,81.5387,2.4714,-3.9202,-37.847,-3.979,-1.075,-21.003,0.0298,-0.0386,0.9888,
11.212,IMU,88.1442,74.9333,81.5387,2.4714,-3.9202,-37.847,-3.969,-1.098,-21.190,0.0474,-0.0190,0.9458,
11.225,ENC,88.1937,74.8566,81.5251,2.4714,-3.8350,-38.208,-3.969,-1.098,-21.190,0.0474,-0.0190,0.9458,
11.230,IMU,88.1937,74.8566,81.5251,2.4714,-3.8350,-38.208,-3.972,-1.130,-21.433,0.0825,-0.0308,0.9678,
11.245,ENC,88.2533,74.7850,81.5191,2.9827,-3.5793,-38.584,-3.972,-1.130,-21.433,0.0825,-0.0308,0.9678,
11.250,IMU,88.2533,74.7850,81.5191,2.9827,-3.5793,-38.584,-4.007,-1.234,-21.625,0.0884,-0.1064,0.9966,
11.267,ENC,88.3266,74.7441,81.5353,3.6645,-2.0453,-38.911,-4.007,-1.234,-21.625,0.0884,-0.1064,0.9966,
11.271,IMU,88.3266,74.7441,81.5353,3.6645,-2.0453,-38.911,-3.968,-1.404,-21.931,0.0552,-0.1562,1.0366,
11.285,ENC,88.4204,74.7236,81.5720,4.6872,-1.0227,-39.238,-3.968,-1.404,-21.931,0.0552,-0.1562,1.0366,
11.290,IMU,88.4204,74.7236,81.5720,4.6872,-1.0227,-39.238,-4.005,-1.591,-22.155,0.0537,-0.1899,1.0249,
11.305,ENC,88.5328,74.7202,81.6265,5.6246,-0.1704,-39.570,-4.005,-1.591,-22.155,0.0537,-0.1899,1.0249,
11.310,IMU,88.5328,74.7202,81.6265,5.6246,-0.1704,-39.570,-4.030,-1.831,-22.428,0.1064,-0.1777,0.9072,
11.325,ENC,88.6607,74.7270,81.6939,6.3916,0.3409,-39.917,-4.030,-1.831,-22.428,0.1064,-0.1777,0.9072,
11.330,IMU,88.6607,74.7270,81.6939,6.3916,0.3409,-39.917,-3.896,-1.829,-22.753,-0.0215,-0.0200,1.0801,
11.345,ENC,88.8004,74.7372,81.7688,6.9881,0.5113,-40.288,-3.896,-1.829,-22.753,-0.0215,-0.0200,1.0801,
11.350,IMU,88.8004,74.7372,81.7688,6.9881,0.5113,-40.288,-4.037,-1.859,-22.987,0.1919,-0.0742,0.9077,
11.366,ENC,88.9538,74.7424,81.8481,7.6699,0.2557,-40.713,-4.037,-1.859,-22.987,0.1919,-0.0742,0.9077,
11.370,IMU,88.9538,74.7424,81.8481,7.6699,0.2557,-40.713,-4.058,-1.956,-23.283,0.0571,-0.0854,1.0068,
11.387,ENC,89.1072,74.7475,81.9274,7.6699,0.2557,-41.138,-4.058,-1.956,-23.283,0.0571,-0.0854,1.0068,
11.396,IMU,89.1072,74.7475,81.9274,7.6699,0.2557,-41.138,-4.134,-1.931,-23.530,0.1650,-0.0190,0.8945,
11.405,ENC,89.2794,74.7765,82.0279,8.6073,1.4488,-41.548,-4.134,-1.931,-23.530,0.1650,-0.0190,0.8945,
11.410,IMU,89.2794,74.7765,82.0279,8.6073,1.4488,-41.548,-3.963,-1.983,-23.818,-0.0532,-0.0386,0.9941,
11.425,ENC,89.4396,74.8191,82.1293,8.0108,2.1305,-41.885,-3.963,-1.983,-23.818,-0.0532,-0.0386,0.9941,
11.430,IMU,89.4396,74.8191,82.1293,8.0108,2.1305,-41.885,-4.078,-1.961,-24.027,0.1650,0.0161,0.9072,
11.445,ENC,89.6032,74.8770,82.2401,8.1812,2.8975,-42.188,-4.078,-1.961,-24.027,0.1650,0.0161,0.9072,
11.450,IMU,89.6032,74.8770,82.2401,8.1812,2.8975,-42.188,-3.983,-2.051,-24.239,-0.0635,-0.0913,1.1675,
11.465,ENC,89.7617,74.9401,82.3509,7.9256,3.1532,-42.461,-3.983,-2.051,-24.239,-0.0635,-0.0913,1.1675,
11.472,IMU,89.7617,74.9401,82.3509,7.9256,3.1532,-42.461,-4.153,-1.941,-24.475,0.1655,0.0293,0.9312,
11.485,ENC,89.9220,75.0236,82.4728,8.0108,4.1758,-42.681,-4.153,-1.941,-24.475,0.1655,0.0293,0.9312,
11.491,IMU,89.9220,75.0236,82.4728,8.0108,4.1758,-42.681,-4.148,-1.944,-24.658,0.0254,-0.0327,1.1587,
11.505,ENC,90.0941,75.1190,82.6066,8.6073,4.7724,-42.900,-4.148,-1.944,-24.658,0.0254,-0.0327,1.1587,
11.510,IMU,90.0941,75.1190,82.6066,8.6073,4.7724,-42.900,-4.137,-2.075,-24.832,0.1040,-0.1221,1.1021,
11.525,ENC,90.2577,75.2196,82.7387,8.1812,5.0280,-43.081,-4.137,-2.075,-24.832,0.1040,-0.1221,1.1021,
11.530,IMU,90.2577,75.2196,82.7387,8.1812,5.0280,-43.081,-4.071,-2.067,-24.964,0.0366,-0.0312,0.9888,
11.547,ENC,90.4350,75.3423,82.8887,8.8630,6.1359,-43.237,-4.071,-2.067,-24.964,0.0366,-0.0312,0.9888,
11.550,IMU,90.4350,75.3423,82.8887,8.8630,6.1359,-43.237,-3.922,-2.008,-25.056,-0.0576,0.0288,1.0181,
11.565,ENC,90.6157,75.4667,83.0412,9.0334,6.2211,-43.398,-3.922,-2.008,-25.056,-0.0576,0.0288,1.0181,
11.570,IMU,90.6157,75.4667,83.0412,9.0334,6.2211,-43.398,-3.932,-2.064,-25.171,0.0552,-0.0649,0.9458,
11.585,ENC,90.7980,75.6150,83.2065,9.1187,7.4142,-43.496,-3.932,-2.064,-25.171,0.0552,-0.0649,0.9458,
11.590,IMU,90.7980,75.6150,83.2065,9.1187,7.4142,-43.496,-3.834,-2.123,-25.321,0.0000,-0.0571,0.8721,
11.608,ENC,90.9872,75.7599,83.3736,9.4595,7.2438,-43.623,-3.834,-2.123,-25.321,0.0000,-0.0571,0.8721,
11.611,IMU,90.9872,75.7599,83.3736,9.4595,7.2438,-43.623,-3.806,-2.073,-25.401,0.0781,0.0059,0.9497,
11.625,ENC,91.1781,75.9065,83.5423,9.5448,7.3290,-43.750,-3.806,-2.073,-25.401,0.0781,0.0059,0.9497,
11.629,IMU,91.1781,75.9065,83.5423,9.5448,7.3290,-43.750,-3.728,-2.017,-25.545,0.0034,0.0166,0.9771,
11.645,ENC,91.3861,76.0752,83.7306,10.3970,8.4369,-43.862,-3.728,-2.017,-25.545,0.0034,0.0166,0.9771,
11.665,ENC,91.5855,76.2252,83.9053,9.9709,7.4995,-44.004,-3.728,-2.017,-25.545,0.0034,0.0166,0.9771,
11.670,IMU,91.5855,76.2252,83.9053,9.9709,7.4995,-44.004,-3.798,-2.130,-25.808,0.1406,-0.0996,0.9600,
11.685,ENC,91.7968,76.3786,84.0877,10.5674,7.6699,-44.170,-3.798,-2.130,-25.808,0.1406,-0.0996,0.9600,
11.690,IMU,91.7968,76.3786,84.0877,10.5674,7.6699,-44.170,-3.871,-2.119,-25.898,0.1431,0.0020,0.9058,
11.705,ENC,92.0065,76.5491,84.2778,10.4822,8.5221,-44.282,-3.871,-2.119,-25.898,0.1431,0.0020,0.9058,
11.710,IMU,92.0065,76.5491,84.2778,10.4822,8.5221,-44.282,-3.774,-2.026,-25.966,0.0254,0.0513,0.8950,
11.727,ENC,92.2008,76.7144,84.4576,9.7152,8.2665,-44.365,-3.774,-2.026,-25.966,0.0254,0.0513,0.8950,
11.731,IMU,92.2008,76.7144,84.4576,9.7152,8.2665,-44.365,-3.768,-2.169,-25.922,0.0454,-0.1177,1.0000,
11.745,ENC,92.3831,76.9189,84.6510,9.1187,10.2265,-44.302,-3.768,-2.169,-25.922,0.0454,-0.1177,1.0000,
11.752,IMU,92.3831,76.9189,84.6510,9.1187,10.2265,-44.302,-3.807,-2.074,-25.847,0.1216,0.0645,0.9761,
11.765,ENC,92.5485,77.1268,84.8377,8.2665,10.3970,-44.180,-3.807,-2.074,-25.847,0.1216,0.0645,0.9761,
11.770,IMU,92.5485,77.1268,84.8377,8.2665,10.3970,-44.180,-3.744,-2.033,-25.709,0.0195,0.0107,0.8257,
11.785,ENC,92.7002,77.3331,85.0166,7.5847,10.3118,-44.023,-3.744,-2.033,-25.709,0.0195,0.0107,0.8257,
11.790,IMU,92.7002,77.3331,85.0166,7.5847,10.3118,-44.023,-3.713,-2.027,-25.513,-0.0166,0.0259,1.0938,
11.805,ENC,92.8382,77.5444,85.1913,6.9029,10.5674,-43.813,-3.713,-2.027,-25.513,-0.0166,0.0259,1.0938,
11.810,IMU,92.8382,77.5444,85.1913,6.9029,10.5674,-43.813,-3.754,-1.951,-25.365,0.1016,0.0103,1.0249,
11.825,ENC,92.9626,77.7353,85.3490,6.2211,9.5448,-43.623,-3.754,-1.951,-25.365,0.1016,0.0103,1.0249,
11.830,IMU,92.9626,77.7353,85.3490,6.2211,9.5448,-43.623,-3.796,-1.861,-25.222,0.1152,0.0127,0.9624,
11.850,IMU,92.9626,77.7353,85.3490,6.2211,9.5448,-43.623,-3.847,-1.807,-25.185,0.1172,0.0190,1.0024,
11.866,ENC,93.2251,78.0728,85.6490,6.5620,8.4369,-43.408,-3.847,-1.807,-25.185,0.1172,0.0190,1.0024,
11.870,IMU,93.2251,78.0728,85.6490,6.5620,8.4369,-43.408,-3.817,-1.734,-25.131,0.0605,-0.0303,0.9756,
11.885,ENC,93.3410,78.2143,85.7776,5.7950,7.0734,-43.335,-3.817,-1.734,-25.131,0.0605,-0.0303,0.9756,
11.889,IMU,93.3410,78.2143,85.7776,5.7950,7.0734,-43.335,-3.738,-1.740,-25.096,0.0156,-0.0229,0.9160,
11.905,ENC,93.4603,78.3557,85.9080,5.9655,7.0734,-43.271,-3.738,-1.740,-25.096,0.0156,-0.0229,0.9160,
11.910,IMU,93.4603,78.3557,85.9080,5.9655,7.0734,-43.271,-3.738,-1.700,-25.063,0.0435,0.0073,0.9883,
11.925,ENC,93.5745,78.4989,86.0367,5.7098,7.1586,-43.188,-3.738,-1.700,-25.063,0.0435,0.0073,0.9883,
11.933,IMU,93.5745,78.4989,86.0367,5.7098,7.1586,-43.188,-3.630,-1.792,-25.011,-0.0391,-0.1001,1.0430,
11.945,ENC,93.6887,78.6591,86.1739,5.7098,8.0108,-43.057,-3.630,-1.792,-25.011,-0.0391,-0.1001,1.0430,
11.950,IMU,93.6887,78.6591,86.1739,5.7098,8.0108,-43.057,-3.651,-1.891,-24.884,0.1182,-0.1011,1.0239,
11.965,ENC,93.7978,78.8313,86.3145,5.4542,8.6073,-42.876,-3.651,-1.891,-24.884,0.1182,-0.1011,1.0239,
11.970,IMU,93.7978,78.8313,86.3145,5.4542,8.6073,-42.876,-3.723,-1.857,-24.688,0.0742,-0.0176,1.0474,
11.985,ENC,93.9035,78.9983,86.4509,5.2837,8.3517,-42.700,-3.723,-1.857,-24.688,0.0742,-0.0176,1.0474,
11.989,IMU,93.9035,78.9983,86.4509,5.2837,8.3517,-42.700,-3.828,-1.707,-24.545,0.1367,0.0654,1.1455,
12.006,ENC,94.0177,79.1807,86.5992,5.7098,9.1187,-42.505,-3.828,-1.707,-24.545,0.1367,0.0654,1.1455,
12.010,IMU,94.0177,79.1807,86.5992,5.7098,9.1187,-42.505,-3.855,-1.698,-24.349,0.0225,-0.0142,1.0527,
12.025,ENC,94.1131,79.3682,86.7406,4.7724,9.3743,-42.241,-3.855,-1.698,-24.349,0.0225,-0.0142,1.0527,
12.030,IMU,94.1131,79.3682,86.7406,4.7724,9.3743,-42.241,-3.736,-1.736,-24.202,-0.0562,-0.0273,0.9688,
12.045,ENC,94.2222,79.5557,86.8889,5.4542,9.3743,-42.017,-3.736,-1.736,-24.202,-0.0562,-0.0273,0.9688,
12.050,IMU,94.2222,79.5557,86.8889,5.4542,9.3743,-42.017,-3.875,-1.787,-24.044,0.1279,-0.0996,1.0332,
12.065,ENC,94.3398,79.7346,87.0372,5.8803,8.9482,-41.841,-3.875,-1.787,-24.044,0.1279,-0.0996,1.0332,
12.070,IMU,94.3398,79.7346,87.0372,5.8803,8.9482,-41.841,-3.973,-1.744,-23.857,0.1655,0.0352,0.9951,
12.087,ENC,94.4574,79.9085,87.1829,5.8803,8.6926,-41.680,-3.973,-1.744,-23.857,0.1655,0.0352,0.9951,
12.090,IMU,94.4574,79.9085,87.1829,5.8803,8.6926,-41.680,-3.948,-1.802,-23.778,0.0498,-0.0610,1.0317,
12.105,ENC,94.5887,80.0789,87.3338,6.5620,8.5221,-41.567,-3.948,-1.802,-23.778,0.0498,-0.0610,1.0317,
12.110,IMU,94.5887,80.0789,87.3338,6.5620,8.5221,-41.567,-3.928,-1.747,-23.656,0.0640,-0.0181,0.9961,
12.125,ENC,94.7182,80.2545,87.4863,6.4768,8.7778,-41.436,-3.928,-1.747,-23.656,0.0640,-0.0181,0.9961,
12.130,IMU,94.7182,80.2545,87.4863,6.4768,8.7778,-41.436,-3.918,-1.758,-23.556,0.0093,-0.0645,1.0654,
12.145,ENC,94.8409,80.4334,87.6372,6.1359,8.9482,-41.274,-3.918,-1.758,-23.556,0.0093,-0.0645,1.0654,
12.149,IMU,94.8409,80.4334,87.6372,6.1359,8.9482,-41.274,-3.822,-1.761,-23.396,-0.0044,-0.0669,0.9941,
12.165,ENC,94.9705,80.6260,87.7982,6.4768,9.6300,-41.094,-3.822,-1.761,-23.396,-0.0044,-0.0669,0.9941,
12.170,IMU,94.9705,80.6260,87.7982,6.4768,9.6300,-41.094,-3.800,-1.726,-23.235,0.0605,-0.0195,0.8823,
12.205,ENC,95.2057,80.9959,88.1008,5.8803,9.2465,-40.708,-3.800,-1.726,-23.235,0.0605,-0.0195,0.8823,
12.209,IMU,95.2057,80.9959,88.1008,5.8803,9.2465,-40.708,-3.756,-1.547,-22.885,0.1172,0.0420,0.9692,
12.225,ENC,95.3165,81.1732,88.2448,5.5394,8.8630,-40.518,-3.756,-1.547,-22.885,0.1172,0.0420,0.9692,
12.230,IMU,95.3165,81.1732,88.2448,5.5394,8.8630,-40.518,-3.815,-1.470,-22.706,0.1045,0.0176,0.9199,
12.245,ENC,95.4324,81.3606,88.3965,5.7950,9.3743,-40.312,-3.815,-1.470,-22.706,0.1045,0.0176,0.9199,
12.250,IMU,95.4324,81.3606,88.3965,5.7950,9.3743,-40.312,-3.851,-1.294,-22.517,0.1450,0.0830,0.9102,
12.265,ENC,95.5500,81.5362,88.5431,5.8803,8.7778,-40.146,-3.851,-1.294,-22.517,0.1450,0.0830,0.9102,
12.270,IMU,95.5500,81.5362,88.5431,5.8803,8.7778,-40.146,-3.887,-1.351,-22.410,0.0747,-0.0649,1.0801,
12.288,ENC,95.6710,81.7135,88.6922,6.0507,8.8630,-39.985,-3.887,-1.351,-22.410,0.0747,-0.0649,1.0801,
12.292,IMU,95.6710,81.7135,88.6922,6.0507,8.8630,-39.985,-4.023,-1.373,-22.286,0.1177,-0.0757,1.0986,
12.306,ENC,95.7903,81.8890,88.8396,5.9655,8.7778,-39.824,-4.023,-1.373,-22.286,0.1177,-0.0757,1.0986,
12.310,IMU,95.7903,81.8890,88.8396,5.9655,8.7778,-39.824,-3.910,-1.321,-22.157,-0.0776,-0.0093,1.0347,
12.325,ENC,95.9113,82.0612,88.9862,6.0507,8.6073,-39.678,-3.910,-1.321,-22.157,-0.0776,-0.0093,1.0347,
12.330,IMU,95.9113,82.0612,88.9862,6.0507,8.6073,-39.678,-3.836,-1.246,-21.991,-0.0859,0.0386,1.0767,
12.345,ENC,96.0221,82.2180,89.1200,5.5394,7.8403,-39.546,-3.836,-1.246,-21.991,-0.0859,0.0386,1.0767,
12.350,IMU,96.0221,82.2180,89.1200,5.5394,7.8403,-39.546,-3.734,-1.106,-21.828,-0.0742,0.0400,1.0825,
12.366,ENC,96.1073,82.3901,89.2487,4.2611,8.6073,-39.297,-3.734,-1.106,-21.828,-0.0742,0.0400,1.0825,
12.370,IMU,96.1073,82.3901,89.2487,4.2611,8.6073,-39.297,-3.791,-0.895,-21.625,0.1108,0.1245,0.9653,
12.385,ENC,96.1550,82.5708,89.3629,2.3862,9.0334,-38.916,-3.791,-0.895,-21.625,0.1108,0.1245,0.9653,
12.390,IMU,96.1550,82.5708,89.3629,2.3862,9.0334,-38.916,-3.658,-0.877,-21.377,-0.0396,-0.0225,1.0020,
12.405,ENC,96.1925,82.7617,89.4771,1.8749,9.5448,-38.477,-3.658,-0.877,-21.377,-0.0396,-0.0225,1.0020,
12.424,IMU,96.1925,82.7617,89.4771,1.8749,9.5448,-38.477,-3.561,-0.885,-21.041,-0.0728,-0.0215,1.0552,
12.426,ENC,96.2266,82.9662,89.5964,1.7044,10.2265,-37.988,-3.561,-0.885,-21.041,-0.0728,-0.0215,1.0552,
12.430,IMU,96.2266,82.9662,89.5964,1.7044,10.2265,-37.988,-3.816,-0.796,-20.781,0.2539,0.0273,0.7808,
12.445,ENC,96.2556,83.1622,89.7089,1.4488,9.8004,-37.510,-3.816,-0.796,-20.781,0.2539,0.0273,0.7808,
12.450,IMU,96.2556,83.1622,89.7089,1.4488,9.8004,-37.510,-3.866,-0.838,-20.530,0.1655,-0.0337,0.8394,
12.465,ENC,96.2880,83.3480,89.8180,1.6192,9.2891,-37.070,-3.866,-0.838,-20.530,0.1655,-0.0337,0.8394,
12.470,IMU,96.2880,83.3480,89.8180,1.6192,9.2891,-37.070,-3.976,-1.013,-20.255,0.1826,-0.1841,0.9326,
12.485,ENC,96.3135,83.5406,89.9271,1.2783,9.6300,-36.592,-3.976,-1.013,-20.255,0.1826,-0.1841,0.9326,
12.490,IMU,96.3135,83.5406,89.9271,1.2783,9.6300,-36.592,-3.911,-0.983,-19.944,0.0898,0.0151,0.9287,
12.505,ENC,96.3476,83.7332,90.0404,1.7044,9.6300,-36.138,-3.911,-0.983,-19.944,0.0898,0.0151,0.9287,
12.510,IMU,96.3476,83.7332,90.0404,1.7044,9.6300,-36.138,-3.888,-0.873,-19.670,-0.0562,0.1094,1.1724,
12.527,ENC,96.3783,83.9275,90.1529,1.5340,9.7152,-35.669,-3.888,-0.873,-19.670,-0.0562,0.1094,1.1724,
12.530,IMU,96.3783,83.9275,90.1529,1.5340,9.7152,-35.669,-3.964,-0.812,-19.306,0.1265,0.0132,1.0093,
12.546,ENC,96.4073,84.1286,90.2680,1.4488,10.0561,-35.176,-3.964,-0.812,-19.306,0.1265,0.0132,1.0093,
12.550,IMU,96.4073,84.1286,90.2680,1.4488,10.0561,-35.176,-4.053,-0.732,-19.007,0.1558,0.0459,1.0229,
12.565,ENC,96.4397,84.3195,90.3796,1.6192,9.5448,-34.722,-4.053,-0.732,-19.007,0.1558,0.0459,1.0229,
12.570,IMU,96.4397,84.3195,90.3796,1.6192,9.5448,-34.722,-3.949,-0.701,-18.689,-0.0420,0.0200,1.1348,
12.585,ENC,96.4652,84.5155,90.4904,1.2783,9.8004,-34.233,-3.949,-0.701,-18.689,-0.0420,0.0200,1.1348,
12.591,IMU,96.4652,84.5155,90.4904,1.2783,9.8004,-34.233,-3.865,-0.635,-18.359,0.0098,0.0503,0.9424,
12.605,ENC,96.4942,84.6911,90.5926,1.4488,8.7778,-33.813,-3.865,-0.635,-18.359,0.0098,0.0503,0.9424,
12.612,IMU,96.4942,84.6911,90.5926,1.4488,8.7778,-33.813,-3.907,-0.600,-18.147,0.1260,0.0288,0.9985,
12.625,ENC,96.5198,84.8462,90.6830,1.2783,7.7551,-33.442,-3.907,-0.600,-18.147,0.1260,0.0288,0.9985,
12.630,IMU,96.5198,84.8462,90.6830,1.2783,7.7551,-33.442,-3.932,-0.582,-17.985,0.1147,0.0220,1.0273,
12.646,ENC,96.5505,84.9791,90.7648,1.5340,6.6473,-33.149,-3.932,-0.582,-17.985,0.1147,0.0220,1.0273,
12.652,IMU,96.5505,84.9791,90.7648,1.5340,6.6473,-33.149,-3.995,-0.494,-17.866,0.0947,0.0630,1.0176,
12.665,ENC,96.5828,85.0882,90.8355,1.6192,5.4542,-32.930,-3.995,-0.494,-17.866,0.0947,0.0630,1.0176,
12.673,IMU,96.5828,85.0882,90.8355,1.6192,5.4542,-32.930,-4.126,-0.549,-17.735,0.1665,-0.0093,0.9717,
12.685,ENC,96.6152,85.2024,90.9088,1.6192,5.7098,-32.695,-4.126,-0.549,-17.735,0.1665,-0.0093,0.9717,
12.690,IMU,96.6152,85.2024,90.9088,1.6192,5.7098,-32.695,-4.122,-0.520,-17.592,0.0811,0.0269,0.9355,
12.705,ENC,96.6493,85.3030,90.9761,1.7044,5.0280,-32.505,-4.122,-0.520,-17.592,0.0811,0.0269,0.9355,
12.710,IMU,96.6493,85.3030,90.9761,1.7044,5.0280,-32.505,-4.123,-0.444,-17.519,0.1157,0.0645,0.9966,
12.725,ENC,96.6681,85.4018,91.0349,0.9374,4.9428,-32.275,-4.123,-0.444,-17.519,0.1157,0.0645,0.9966,
12.730,IMU,96.6681,85.4018,91.0349,0.9374,4.9428,-32.275,-4.088,-0.353,-17.362,0.0029,0.0371,1.0200,
12.747,ENC,96.6647,85.5007,91.0827,-0.1704,4.9428,-31.982,-4.088,-0.353,-17.362,0.0029,0.0371,1.0200,
12.754,IMU,96.6647,85.5007,91.0827,-0.1704,4.9428,-31.982,-4.009,-0.248,-17.139,0.0298,0.0474,0.9624,
12.765,ENC,96.6476,85.5995,91.1236,-0.8522,4.9428,-31.650,-4.009,-0.248,-17.139,0.0298,0.0474,0.9624,
12.770,IMU,96.6476,85.5995,91.1236,-0.8522,4.9428,-31.650,-4.007,-0.220,-16.928,0.0947,0.0552,1.0098,
12.785,ENC,96.6084,85.6984,91.1534,-1.9601,4.9428,-31.255,-4.007,-0.220,-16.928,0.0947,0.0552,1.0098,
12.790,IMU,96.6084,85.6984,91.1534,-1.9601,4.9428,-31.255,-3.951,-0.194,-16.673,0.0200,0.0317,1.0054,
12.805,ENC,96.5488,85.7921,91.1704,-2.9827,4.6872,-30.815,-3.951,-0.194,-16.673,0.0200,0.0317,1.0054,
12.810,IMU,96.5488,85.7921,91.1704,-2.9827,4.6872,-30.815,-3.923,-0.163,-16.368,0.0107,0.0210,1.0156,
12.825,ENC,96.4721,85.8859,91.1790,-3.8350,4.6872,-30.327,-3.923,-0.163,-16.368,0.0107,0.0210,1.0156,
12.829,IMU,96.4721,85.8859,91.1790,-3.8350,4.6872,-30.327,-3.882,-0.173,-16.060,0.0581,-0.0093,0.9536,
12.845,ENC,96.3885,85.9796,91.1841,-4.1758,4.6872,-29.819,-3.882,-0.173,-16.060,0.0581,-0.0093,0.9536,
12.850,IMU,96.3885,85.9796,91.1841,-4.1758,4.6872,-29.819,-3.852,-0.199,-15.812,0.0386,-0.0215,1.0259,
12.865,ENC,96.2965,86.0734,91.1849,-4.6019,4.6872,-29.287,-3.852,-0.199,-15.812,0.0386,-0.0215,1.0259,
12.869,IMU,96.2965,86.0734,91.1849,-4.6019,4.6872,-29.287,-3.723,-0.207,-15.507,0.0137,-0.0210,1.0234,
12.885,ENC,96.1993,86.1671,91.1832,-4.8576,4.6872,-28.740,-3.723,-0.207,-15.507,0.0137,-0.0210,1.0234,
12.890,IMU,96.1993,86.1671,91.1832,-4.8576,4.6872,-28.740,-3.779,-0.133,-15.207,0.1094,0.0078,0.9209,
12.905,ENC,96.1056,86.2643,91.1849,-4.6872,4.8576,-28.193,-3.779,-0.133,-15.207,0.1094,0.0078,0.9209,
12.910,IMU,96.1056,86.2643,91.1849,-4.6872,4.8576,-28.193,-3.741,-0.116,-14.884,0.0620,0.0117,1.0273,
12.925,ENC,95.9982,86.3648,91.1815,-5.3689,5.0280,-27.598,-3.741,-0.116,-14.884,0.0620,0.0117,1.0273,
12.930,IMU,95.9982,86.3648,91.1815,-5.3689,5.0280,-27.598,-3.650,-0.165,-14.560,-0.0029,-0.0674,0.9844,
12.945,ENC,95.8874,86.4552,91.1713,-5.5394,4.5167,-27.021,-3.650,-0.165,-14.560,-0.0029,-0.0674,0.9844,
12.952,IMU,95.8874,86.4552,91.1713,-5.5394,4.5167,-27.021,-3.742,-0.199,-14.239,0.1299,-0.0264,0.9546,
12.965,ENC,95.7818,86.5523,91.1670,-5.2837,4.8576,-26.440,-3.742,-0.199,-14.239,0.1299,-0.0264,0.9546,
12.970,IMU,95.7818,86.5523,91.1670,-5.2837,4.8576,-26.440,-3.683,-0.231,-13.959,0.0234,-0.0459,1.0410,
12.985,ENC,95.6642,86.6733,91.1687,-5.8803,6.0507,-25.757,-3.683,-0.231,-13.959,0.0234,-0.0459,1.0410,
12.990,IMU,95.6642,86.6733,91.1687,-5.8803,6.0507,-25.757,-3.721,-0.213,-13.595,0.0791,-0.0034,0.9497,
13.006,ENC,95.5534,86.7620,91.1577,-5.5394,4.4315,-25.186,-3.721,-0.213,-13.595,0.0791,-0.0034,0.9497,
13.010,IMU,95.5534,86.7620,91.1577,-5.5394,4.4315,-25.186,-3.689,-0.221,-13.240,0.0454,-0.0454,1.0312,
13.025,ENC,95.4426,86.8608,91.1517,-5.5394,4.9428,-24.585,-3.689,-0.221,-13.240,0.0454,-0.0454,1.0312,
13.030,IMU,95.4426,86.8608,91.1517,-5.5394,4.9428,-24.585,-3.738,-0.211,-12.878,0.1484,-0.0103,0.9429,
13.045,ENC,95.3250,86.9648,91.1449,-5.8803,5.1985,-23.950,-3.738,-0.211,-12.878,0.1484,-0.0103,0.9429,
13.050,IMU,95.3250,86.9648,91.1449,-5.8803,5.1985,-23.950,-3.715,-0.230,-12.490,0.0015,-0.0459,1.0879,
13.066,ENC,95.2159,87.0602,91.1381,-5.4542,4.7724,-23.364,-3.715,-0.230,-12.490,0.0015,-0.0459,1.0879,
13.071,IMU,95.2159,87.0602,91.1381,-5.4542,4.7724,-23.364,-3.758,-0.201,-12.177,0.1143,0.0244,1.0117,
13.085,ENC,95.1051,87.1540,91.1295,-5.5394,4.6872,-22.778,-3.758,-0.201,-12.177,0.1143,0.0244,1.0117,
13.090,IMU,95.1051,87.1540,91.1295,-5.5394,4.6872,-22.778,-3.729,-0.194,-11.832,0.0576,-0.0430,1.0073,
13.105,ENC,95.0011,87.2494,91.1253,-5.1985,4.7724,-22.207,-3.729,-0.194,-11.832,0.0576,-0.0430,1.0073,
13.110,IMU,95.0011,87.2494,91.1253,-5.1985,4.7724,-22.207,-3.770,-0.190,-11.505,0.0747,-0.0205,0.9878,
13.125,ENC,94.8938,87.3500,91.1219,-5.3689,5.0280,-21.611,-3.770,-0.190,-11.505,0.0747,-0.0205,0.9878,
13.130,IMU,94.8938,87.3500,91.1219,-5.3689,5.0280,-21.611,-3.793,-0.155,-11.140,0.0791,-0.0117,0.9683,
13.147,ENC,94.7847,87.4471,91.1159,-5.4542,4.8576,-21.021,-3.793,-0.155,-11.140,0.0791,-0.0117,0.9683,
13.151,IMU,94.7847,87.4471,91.1159,-5.4542,4.8576,-21.021,-3.811,-0.167,-10.785,0.0767,-0.0317,0.9302,
13.165,ENC,94.6824,87.5443,91.1133,-5.1133,4.8576,-20.449,-3.811,-0.167,-10.785,0.0767,-0.0317,0.9302,
13.170,IMU,94.6824,87.5443,91.1133,-5.1133,4.8576,-20.449,-3.832,-0.124,-10.433,0.0830,0.0098,0.9917,
13.186,ENC,94.5750,87.6397,91.1074,-5.3689,4.7724,-19.868,-3.832,-0.124,-10.433,0.0830,0.0098,0.9917,
13.190,IMU,94.5750,87.6397,91.1074,-5.3689,4.7724,-19.868,-3.837,-0.107,-10.041,0.0576,0.0000,1.0474,
13.205,ENC,94.4745,87.7318,91.1031,-5.0280,4.6019,-19.316,-3.837,-0.107,-10.041,0.0576,0.0000,1.0474,
13.210,IMU,94.4745,87.7318,91.1031,-5.0280,4.6019,-19.316,-3.825,-0.187,-9.717,0.0391,-0.0542,1.0093,
13.225,ENC,94.3790,87.8255,91.1023,-4.7724,4.6872,-18.774,-3.825,-0.187,-9.717,0.0391,-0.0542,1.0093,
13.230,IMU,94.3790,87.8255,91.1023,-4.7724,4.6872,-18.774,-3.870,-0.233,-9.388,0.0859,-0.0420,0.9775,
13.245,ENC,94.2785,87.9244,91.1014,-5.0280,4.9428,-18.203,-3.870,-0.233,-9.388,0.0859,-0.0420,0.9775,
13.250,IMU,94.2785,87.9244,91.1014,-5.0280,4.9428,-18.203,-3.895,-0.225,-9.091,0.1152,-0.0273,0.9766,
13.265,ENC,94.1728,88.0181,91.0954,-5.2837,4.6872,-17.632,-3.895,-0.225,-9.091,0.1152,-0.0273,0.9766,
13.270,IMU,94.1728,88.0181,91.0954,-5.2837,4.6872,-17.632,-3.878,-0.261,-8.712,0.0679,-0.0181,0.9761,
13.286,ENC,94.0620,88.1084,91.0852,-5.5394,4.5167,-17.056,-3.878,-0.261,-8.712,0.0679,-0.0181,0.9761,
13.290,IMU,94.0620,88.1084,91.0852,-5.5394,4.5167,-17.056,-3.886,-0.257,-8.407,0.0776,-0.0132,1.0190,
13.305,ENC,93.9631,88.2039,91.0835,-4.9428,4.7724,-16.499,-3.886,-0.257,-8.407,0.0776,-0.0132,1.0190,
13.309,IMU,93.9631,88.2039,91.0835,-4.9428,4.7724,-16.499,-3.911,-0.248,-8.033,0.1089,-0.0225,0.9697,
13.325,ENC,93.8626,88.3010,91.0818,-5.0280,4.8576,-15.933,-3.911,-0.248,-8.033,0.1089,-0.0225,0.9697,
13.330,IMU,93.8626,88.3010,91.0818,-5.0280,4.8576,-15.933,-3.967,-0.319,-7.698,0.1323,-0.0552,0.9805,
13.347,ENC,93.7637,88.3931,91.0784,-4.9428,4.6019,-15.386,-3.967,-0.319,-7.698,0.1323,-0.0552,0.9805,
13.353,IMU,93.7637,88.3931,91.0784,-4.9428,4.6019,-15.386,-3.987,-0.312,-7.408,0.1016,-0.0249,0.9346,
13.366,ENC,93.6751,88.4766,91.0758,-4.4315,4.1758,-14.893,-3.987,-0.312,-7.408,0.1016,-0.0249,0.9346,
13.370,IMU,93.6751,88.4766,91.0758,-4.4315,4.1758,-14.893,-3.882,-0.291,-7.103,-0.0659,0.0674,1.0723,
13.385,ENC,93.5796,88.5652,91.0724,-4.7724,4.4315,-14.365,-3.882,-0.291,-7.103,-0.0659,0.0674,1.0723,
13.404,IMU,93.5796,88.5652,91.0724,-4.7724,4.4315,-14.365,-3.846,-0.386,-6.764,0.0635,-0.0894,0.9810,
13.408,ENC,93.4893,88.6539,91.0716,-4.5167,4.4315,-13.853,-3.846,-0.386,-6.764,0.0635,-0.0894,0.9810,
13.411,IMU,93.4893,88.6539,91.0716,-4.5167,4.4315,-13.853,-3.788,-0.337,-6.396,0.0122,0.0093,0.9995,
13.425,ENC,93.4058,88.7408,91.0733,-4.1758,4.3463,-13.364,-3.788,-0.337,-6.396,0.0122,0.0093,0.9995,
13.430,IMU,93.4058,88.7408,91.0733,-4.1758,4.3463,-13.364,-3.739,-0.295,-6.053,0.0566,-0.0137,0.9150,
13.446,ENC,93.3138,88.8294,91.0716,-4.6019,4.4315,-12.847,-3.739,-0.295,-6.053,0.0566,-0.0137,0.9150,
13.450,IMU,93.3138,88.8294,91.0716,-4.6019,4.4315,-12.847,-3.777,-0.219,-5.732,0.1006,0.0195,0.9678,
13.468,ENC,93.2149,88.9146,91.0648,-4.9428,4.2611,-12.319,-3.777,-0.219,-5.732,0.1006,0.0195,0.9678,
13.471,IMU,93.2149,88.9146,91.0648,-4.9428,4.2611,-12.319,-3.799,-0.229,-5.391,0.0825,-0.0381,0.9805,
13.485,ENC,93.1177,88.9999,91.0588,-4.8576,4.2611,-11.797,-3.799,-0.229,-5.391,0.0825,-0.0381,0.9805,
13.490,IMU,93.1177,88.9999,91.0588,-4.8576,4.2611,-11.797,-3.760,-0.277,-5.026,0.0562,-0.0420,1.0005,
13.505,ENC,93.0240,89.0851,91.0545,-4.6872,4.2611,-11.284,-3.760,-0.277,-5.026,0.0562,-0.0420,1.0005,
13.510,IMU,93.0240,89.0851,91.0545,-4.6872,4.2611,-11.284,-3.787,-0.287,-4.646,0.0527,-0.0093,0.9604,
13.525,ENC,92.9286,89.1652,91.0469,-4.7724,4.0054,-10.781,-3.787,-0.287,-4.646,0.0527,-0.0093,0.9604,
13.536,IMU,92.9286,89.1652,91.0469,-4.7724,4.0054,-10.781,-3.815,-0.343,-4.341,0.0850,-0.0435,1.0317,
13.545,ENC,92.8314,89.2419,91.0366,-4.8576,3.8350,-10.283,-3.815,-0.343,-4.341,0.0850,-0.0435,1.0317,
13.550,IMU,92.8314,89.2419,91.0366,-4.8576,3.8350,-10.283,-3.876,-0.364,-4.006,0.0928,-0.0327,0.9678,
13.565,ENC,92.7377,89.3186,91.0281,-4.6872,3.8350,-9.795,-3.876,-0.364,-4.006,0.0928,-0.0327,0.9678,
13.571,IMU,92.7377,89.3186,91.0281,-4.6872,3.8350,-9.795,-3.862,-0.303,-3.686,0.0542,0.0259,0.9888,
13.585,ENC,92.6337,89.3970,91.0153,-5.1985,3.9202,-9.272,-3.862,-0.303,-3.686,0.0542,0.0259,0.9888,
13.590,IMU,92.6337,89.3970,91.0153,-5.1985,3.9202,-9.272,-3.804,-0.313,-3.383,0.0454,-0.0498,1.0161,
13.605,ENC,92.5280,89.4703,90.9991,-5.2837,3.6645,-8.760,-3.804,-0.313,-3.383,0.0454,-0.0498,1.0161,
13.610,IMU,92.5280,89.4703,90.9991,-5.2837,3.6645,-8.760,-3.854,-0.204,-3.009,0.1445,0.0337,0.9575,
13.627,ENC,92.4223,89.5470,90.9847,-5.2837,3.8350,-8.237,-3.854,-0.204,-3.009,0.1445,0.0337,0.9575,
13.630,IMU,92.4223,89.5470,90.9847,-5.2837,3.8350,-8.237,-3.767,-0.172,-2.735,0.0352,-0.0205,0.9810,
13.645,ENC,92.3116,89.6305,90.9710,-5.5394,4.1758,-7.681,-3.767,-0.172,-2.735,0.0352,-0.0205,0.9810,
13.650,IMU,92.3116,89.6305,90.9710,-5.5394,4.1758,-7.681,-3.783,-0.193,-2.401,0.0610,-0.0405,0.9985,
13.665,ENC,92.2025,89.7140,90.9582,-5.4542,4.1758,-7.129,-3.783,-0.193,-2.401,0.0610,-0.0405,0.9985,
13.673,IMU,92.2025,89.7140,90.9582,-5.4542,4.1758,-7.129,-3.719,-0.174,-2.103,0.0522,0.0117,0.9551,
13.685,ENC,92.0866,89.7958,90.9412,-5.7950,4.0906,-6.562,-3.719,-0.174,-2.103,0.0522,0.0117,0.9551,
13.692,IMU,92.0866,89.7958,90.9412,-5.7950,4.0906,-6.562,-3.612,-0.202,-1.775,-0.0151,0.0195,0.9609,
13.705,ENC,91.9758,89.8845,90.9301,-5.5394,4.4315,-5.991,-3.612,-0.202,-1.775,-0.0151,0.0195,0.9609,
13.710,IMU,91.9758,89.8845,90.9301,-5.5394,4.4315,-5.991,-3.559,-0.147,-1.478,0.0806,0.0254,0.9771,
13.751,IMU,91.9758,89.8845,90.9301,-5.5394,4.4315,-5.991,-3.599,-0.219,-1.132,0.0806,-0.0742,0.9517,
13.755,IMU,91.9758,89.8845,90.9301,-5.5394,4.4315,-5.991,-3.584,-0.187,-0.818,0.0786,0.0166,0.9854,
13.765,ENC,91.6468,90.1333,90.8901,-5.4826,4.1474,-4.336,-3.584,-0.187,-0.818,0.0786,0.0166,0.9854,
13.770,IMU,91.6468,90.1333,90.8901,-5.4826,4.1474,-4.336,-3.601,-0.247,-0.479,0.0386,-0.0645,0.9780,
13.785,ENC,91.5360,90.2151,90.8756,-5.5394,4.0906,-3.784,-3.601,-0.247,-0.479,0.0386,-0.0645,0.9780,
13.791,IMU,91.5360,90.2151,90.8756,-5.5394,4.0906,-3.784,-3.609,-0.319,-0.152,0.0610,-0.0859,1.0171,
13.807,ENC,91.4287,90.3037,90.8662,-5.3689,4.4315,-3.223,-3.609,-0.319,-0.152,0.0610,-0.0859,1.0171,
13.812,IMU,91.4287,90.3037,90.8662,-5.3689,4.4315,-3.223,-3.606,-0.407,0.201,0.0063,-0.0791,1.0479,
13.826,ENC,91.3247,90.3907,90.8577,-5.1985,4.3463,-2.676,-3.606,-0.407,0.201,0.0063,-0.0791,1.0479,
13.830,IMU,91.3247,90.3907,90.8577,-5.1985,4.3463,-2.676,-3.584,-0.352,0.500,0.0518,-0.0137,0.9331,
13.845,ENC,91.2156,90.4861,90.8509,-5.4542,4.7724,-2.090,-3.584,-0.352,0.500,0.0518,-0.0137,0.9331,
13.865,ENC,91.1082,90.5765,90.8423,-5.3689,4.5167,-1.523,-3.584,-0.352,0.500,0.0518,-0.0137,0.9331,
13.872,IMU,91.1082,90.5765,90.8423,-5.3689,4.5167,-1.523,-3.590,-0.381,0.800,0.0732,-0.0303,0.9976,
13.875,IMU,91.1082,90.5765,90.8423,-5.3689,4.5167,-1.523,-3.628,-0.414,1.158,0.0693,-0.0713,1.0239,
13.886,ENC,91.0026,90.6668,90.8347,-5.2837,4.5167,-0.962,-3.628,-0.414,1.158,0.0693,-0.0713,1.0239,
13.890,IMU,91.0026,90.6668,90.8347,-5.2837,4.5167,-0.962,-3.673,-0.449,1.462,0.0723,-0.0796,1.0005,
13.905,ENC,90.8986,90.7622,90.8304,-5.1985,4.7724,-0.391,-3.673,-0.449,1.462,0.0723,-0.0796,1.0005,
13.910,IMU,90.8986,90.7622,90.8304,-5.1985,4.7724,-0.391,-3.661,-0.473,1.756,0.0669,-0.0278,1.0176,
13.928,ENC,90.7929,90.8577,90.8253,-5.2837,4.7724,0.186,-3.661,-0.473,1.756,0.0669,-0.0278,1.0176,
13.932,IMU,90.7929,90.8577,90.8253,-5.2837,4.7724,0.186,-3.669,-0.541,2.067,0.0728,-0.0801,0.9834,
13.945,ENC,90.6889,90.9565,90.8227,-5.1985,4.9428,0.767,-3.669,-0.541,2.067,0.0728,-0.0801,0.9834,
13.950,IMU,90.6889,90.9565,90.8227,-5.1985,4.9428,0.767,-3.709,-0.544,2.422,0.0449,-0.0415,1.0449,
13.965,ENC,90.5901,91.0469,90.8185,-4.9428,4.5167,1.309,-3.709,-0.544,2.422,0.0449,-0.0415,1.0449,
13.970,IMU,90.5901,91.0469,90.8185,-4.9428,4.5167,1.309,-3.767,-0.545,2.719,0.0947,-0.0298,1.0054,
13.985,ENC,90.4844,91.1423,90.8134,-5.2837,4.7724,1.885,-3.767,-0.545,2.719,0.0947,-0.0298,1.0054,
13.990,IMU,90.4844,91.1423,90.8134,-5.2837,4.7724,1.885,-3.713,-0.528,3.029,0.0229,-0.0137,0.9790,
14.006,ENC,90.3839,91.2378,90.8108,-5.0280,4.7724,2.446,-3.713,-0.528,3.029,0.0229,-0.0137,0.9790,
14.010,IMU,90.3839,91.2378,90.8108,-5.0280,4.7724,2.446,-3.685,-0.541,3.389,0.0645,-0.0605,1.0039,
14.025,ENC,90.2816,91.3315,90.8065,-5.1133,4.6872,3.008,-3.685,-0.541,3.389,0.0645,-0.0605,1.0039,
14.033,IMU,90.2816,91.3315,90.8065,-5.1133,4.6872,3.008,-3.566,-0.506,3.701,-0.0610,-0.0054,1.0596,
14.045,ENC,90.1776,91.4321,90.8048,-5.1985,5.0280,3.594,-3.566,-0.506,3.701,-0.0610,-0.0054,1.0596,
14.049,IMU,90.1776,91.4321,90.8048,-5.1985,5.0280,3.594,-3.534,-0.513,4.015,0.0391,-0.0088,1.0151,
14.065,ENC,90.0822,91.5275,90.8048,-4.7724,4.7724,4.141,-3.534,-0.513,4.015,0.0391,-0.0088,1.0151,
14.070,IMU,90.0822,91.5275,90.8048,-4.7724,4.7724,4.141,-3.460,-0.487,4.338,0.0073,-0.0327,1.0127,
14.085,ENC,89.9850,91.6213,90.8031,-4.8576,4.6872,4.687,-3.460,-0.487,4.338,0.0073,-0.0327,1.0127,
14.091,IMU,89.9850,91.6213,90.8031,-4.8576,4.6872,4.687,-3.486,-0.551,4.660,0.0771,-0.0835,1.0439,
14.105,ENC,89.8828,91.7133,90.7980,-5.1133,4.6019,5.244,-3.486,-0.551,4.660,0.0771,-0.0835,1.0439,
14.111,IMU,89.8828,91.7133,90.7980,-5.1133,4.6019,5.244,-3.393,-0.586,4.999,-0.0049,-0.0381,0.9712,
14.125,ENC,89.7839,91.7985,90.7912,-4.9428,4.2611,5.771,-3.393,-0.586,4.999,-0.0049,-0.0381,0.9712,
14.130,IMU,89.7839,91.7985,90.7912,-4.9428,4.2611,5.771,-3.303,-0.590,5.312,0.0215,0.0054,1.0137,
14.148,ENC,89.6833,91.8837,90.7835,-5.0280,4.2611,6.304,-3.303,-0.590,5.312,0.0215,0.0054,1.0137,
14.151,IMU,89.6833,91.8837,90.7835,-5.0280,4.2611,6.304,-3.324,-0.563,5.609,0.0723,-0.0078,1.0581,
14.166,ENC,89.5845,91.9587,90.7716,-4.9428,3.7497,6.802,-3.324,-0.563,5.609,0.0723,-0.0078,1.0581,
14.170,IMU,89.5845,91.9587,90.7716,-4.9428,3.7497,6.802,-3.334,-0.574,5.927,0.0234,-0.0259,1.0439,
14.187,ENC,89.4805,92.0388,90.7597,-5.1985,4.0054,7.329,-3.334,-0.574,5.927,0.0234,-0.0259,1.0439,
14.191,IMU,89.4805,92.0388,90.7597,-5.1985,4.0054,7.329,-3.395,-0.600,6.218,0.1250,-0.0352,0.9932,
14.205,ENC,89.3731,92.1190,90.7460,-5.3689,4.0054,7.866,-3.395,-0.600,6.218,0.1250,-0.0352,0.9932,
14.210,IMU,89.3731,92.1190,90.7460,-5.3689,4.0054,7.866,-3.419,-0.491,6.555,0.1006,0.0439,0.9834,
14.225,ENC,89.2726,92.1974,90.7350,-5.0280,3.9202,8.379,-3.419,-0.491,6.555,0.1006,0.0439,0.9834,
14.231,IMU,89.2726,92.1974,90.7350,-5.0280,3.9202,8.379,-3.435,-0.476,6.851,0.0713,-0.0078,1.0303,
14.246,ENC,89.1686,92.2741,90.7213,-5.1985,3.8350,8.896,-3.435,-0.476,6.851,0.0713,-0.0078,1.0303,
14.251,IMU,89.1686,92.2741,90.7213,-5.1985,3.8350,8.896,-3.446,-0.487,7.140,0.0581,-0.0254,0.9819,
14.265,ENC,89.0561,92.3508,90.7034,-5.6246,3.8350,9.438,-3.446,-0.487,7.140,0.0581,-0.0254,0.9819,
14.270,IMU,89.0561,92.3508,90.7034,-5.6246,3.8350,9.438,-3.506,-0.466,7.454,0.0957,-0.0439,1.0200,
14.289,ENC,88.9504,92.4343,90.6924,-5.2837,4.1758,9.980,-3.506,-0.466,7.454,0.0957,-0.0439,1.0200,
14.292,IMU,88.9504,92.4343,90.6924,-5.2837,4.1758,9.980,-3.436,-0.485,7.760,0.0391,-0.0205,0.9907,
14.305,ENC,88.8413,92.5144,90.6779,-5.4542,4.0054,10.522,-3.436,-0.485,7.760,0.0391,-0.0205,0.9907,
14.310,IMU,88.8413,92.5144,90.6779,-5.4542,4.0054,10.522,-3.494,-0.484,8.119,0.1538,-0.0425,0.9146,
14.325,ENC,88.7323,92.5979,90.6651,-5.4542,4.1758,11.074,-3.494,-0.484,8.119,0.1538,-0.0425,0.9146,
14.330,IMU,88.7323,92.5979,90.6651,-5.4542,4.1758,11.074,-3.504,-0.431,8.456,0.0977,-0.0107,1.0176,
14.345,ENC,88.6300,92.6797,90.6549,-5.1133,4.0906,11.602,-3.504,-0.431,8.456,0.0977,-0.0107,1.0176,
14.350,IMU,88.6300,92.6797,90.6549,-5.1133,4.0906,11.602,-3.560,-0.378,8.749,0.1235,-0.0005,0.9614,
14.365,ENC,88.5482,92.7411,90.6446,-4.0906,3.0680,12.012,-3.560,-0.378,8.749,0.1235,-0.0005,0.9614,
14.370,IMU,88.5482,92.7411,90.6446,-4.0906,3.0680,12.012,-3.519,-0.461,8.903,0.0645,-0.0469,1.0288,
14.386,ENC,88.4834,92.7888,90.6361,-3.2384,2.3862,12.334,-3.519,-0.461,8.903,0.0645,-0.0469,1.0288,
14.391,IMU,88.4834,92.7888,90.6361,-3.2384,2.3862,12.334,-3.444,-0.567,9.058,0.0332,-0.0396,0.9922,
14.405,ENC,88.4169,92.8348,90.6259,-3.3236,2.3010,12.656,-3.444,-0.567,9.058,0.0332,-0.0396,0.9922,
14.410,IMU,88.4169,92.8348,90.6259,-3.3236,2.3010,12.656,-3.488,-0.541,9.229,0.0581,-0.0093,0.9707,
14.425,ENC,88.3539,92.8825,90.6182,-3.1532,2.3862,12.974,-3.488,-0.541,9.229,0.0581,-0.0093,0.9707,
14.429,IMU,88.3539,92.8825,90.6182,-3.1532,2.3862,12.974,-3.442,-0.560,9.358,0.0386,-0.0264,1.0044,
14.445,ENC,88.2891,92.9388,90.6139,-3.2384,2.8123,13.320,-3.442,-0.560,9.358,0.0386,-0.0264,1.0044,
14.450,IMU,88.2891,92.9388,90.6139,-3.2384,2.8123,13.320,-3.434,-0.576,9.574,0.0615,-0.0474,0.9829,
14.466,ENC,88.2209,92.9967,90.6088,-3.4088,2.8975,13.682,-3.434,-0.576,9.574,0.0615,-0.0474,0.9829,
14.470,IMU,88.2209,92.9967,90.6088,-3.4088,2.8975,13.682,-3.389,-0.546,9.758,0.0430,-0.0098,0.9658,
14.485,ENC,88.1596,93.0496,90.6046,-3.0680,2.6419,14.009,-3.389,-0.546,9.758,0.0430,-0.0098,0.9658,
14.489,IMU,88.1596,93.0496,90.6046,-3.0680,2.6419,14.009,-3.419,-0.616,9.854,0.0918,-0.0386,0.9976,
14.505,ENC,88.0948,93.1007,90.5978,-3.2384,2.5566,14.341,-3.419,-0.616,9.854,0.0918,-0.0386,0.9976,
14.511,IMU,88.0948,93.1007,90.5978,-3.2384,2.5566,14.341,-3.425,-0.681,9.989,0.0771,-0.0610,0.9497,
14.525,ENC,88.0386,93.1416,90.5901,-2.8123,2.0453,14.619,-3.425,-0.681,9.989,0.0771,-0.0610,0.9497,
14.530,IMU,88.0386,93.1416,90.5901,-2.8123,2.0453,14.619,-3.445,-0.702,10.103,0.0703,-0.0483,1.0098,
14.545,ENC,87.9840,93.1910,90.5875,-2.7271,2.4714,14.917,-3.445,-0.702,10.103,0.0703,-0.0483,1.0098,
14.550,IMU,87.9840,93.1910,90.5875,-2.7271,2.4714,14.917,-3.416,-0.725,10.264,0.0156,-0.0337,0.9258,
14.565,ENC,87.9414,93.2626,90.6020,-2.1305,3.5793,15.244,-3.416,-0.725,10.264,0.0156,-0.0337,0.9258,
14.570,IMU,87.9414,93.2626,90.6020,-2.1305,3.5793,15.244,-3.395,-0.784,10.429,0.0303,-0.0229,1.0249,
14.585,ENC,87.9261,93.3478,90.6370,-0.7670,4.2611,15.532,-3.395,-0.784,10.429,0.0303,-0.0229,1.0249,
14.590,IMU,87.9261,93.3478,90.6370,-0.7670,4.2611,15.532,-3.496,-0.928,10.618,0.1494,-0.1123,0.9766,
14.605,ENC,87.9261,93.4348,90.6804,0.0000,4.3463,15.781,-3.496,-0.928,10.618,0.1494,-0.1123,0.9766,
14.609,IMU,87.9261,93.4348,90.6804,0.0000,4.3463,15.781,-3.498,-1.071,10.748,0.0767,-0.1499,1.0156,
14.633,IMU,87.9261,93.4348,90.6804,0.0000,4.3463,15.781,-3.409,-1.195,10.884,0.0078,-0.1353,1.0947,
14.646,ENC,87.9585,93.6563,90.8074,0.8096,5.5394,16.323,-3.409,-1.195,10.884,0.0078,-0.1353,1.0947,
14.654,IMU,87.9585,93.6563,90.8074,0.8096,5.5394,16.323,-3.264,-1.165,11.121,-0.0698,-0.0269,1.0117,
14.665,ENC,87.9636,93.7910,90.8773,0.2557,6.7325,16.694,-3.264,-1.165,11.121,-0.0698,-0.0269,1.0117,
14.670,IMU,87.9636,93.7910,90.8773,0.2557,6.7325,16.694,-3.316,-1.181,11.436,0.0850,-0.0625,1.0205,
14.686,ENC,87.9687,93.9427,90.9557,0.2557,7.5847,17.114,-3.316,-1.181,11.436,0.0850,-0.0625,1.0205,
14.690,IMU,87.9687,93.9427,90.9557,0.2557,7.5847,17.114,-3.312,-1.228,11.710,0.0996,-0.0894,0.9619,
14.705,ENC,87.9874,94.1097,91.0486,0.9374,8.3517,17.539,-3.312,-1.228,11.710,0.0996,-0.0894,0.9619,
14.712,IMU,87.9874,94.1097,91.0486,0.9374,8.3517,17.539,-3.309,-1.341,11.924,0.0591,-0.1255,1.1084,
14.726,ENC,88.0113,94.2716,91.1415,1.1931,8.0960,17.935,-3.309,-1.341,11.924,0.0591,-0.1255,1.1084,
14.731,IMU,88.0113,94.2716,91.1415,1.1931,8.0960,17.935,-3.313,-1.367,12.243,0.0093,-0.0625,1.0786,
14.747,ENC,88.0300,94.4472,91.2386,0.9374,8.7778,18.384,-3.313,-1.367,12.243,0.0093,-0.0625,1.0786,
14.750,IMU,88.0300,94.4472,91.2386,0.9374,8.7778,18.384,-3.405,-1.262,12.524,0.1328,0.0410,0.8955,
14.765,ENC,88.0692,94.6228,91.3460,1.9601,8.7778,18.774,-3.405,-1.262,12.524,0.1328,0.0410,0.8955,
14.770,IMU,88.0692,94.6228,91.3460,1.9601,8.7778,18.774,-3.432,-1.363,12.739,0.0010,-0.1104,1.0342,
14.785,ENC,88.1272,94.7898,91.4585,2.8975,8.3517,19.087,-3.432,-1.363,12.739,0.0010,-0.1104,1.0342,
14.790,IMU,88.1272,94.7898,91.4585,2.8975,8.3517,19.087,-3.405,-1.380,12.968,0.0337,-0.0332,1.0688,
14.805,ENC,88.2022,94.9568,91.5795,3.7497,8.3517,19.351,-3.405,-1.380,12.968,0.0337,-0.0332,1.0688,
14.810,IMU,88.2022,94.9568,91.5795,3.7497,8.3517,19.351,-3.594,-1.308,13.156,0.1865,0.0195,1.0024,
14.826,ENC,88.2993,95.0881,91.6937,4.8576,6.5620,19.448,-3.594,-1.308,13.156,0.1865,0.0195,1.0024,
14.830,IMU,88.2993,95.0881,91.6937,4.8576,6.5620,19.448,-3.621,-1.335,13.223,0.0430,-0.0464,1.0366,
14.845,ENC,88.4187,95.2125,91.8156,5.9655,6.2211,19.463,-3.621,-1.335,13.223,0.0430,-0.0464,1.0366,
14.851,IMU,88.4187,95.2125,91.8156,5.9655,6.2211,19.463,-3.662,-1.402,13.185,0.1230,-0.0513,0.8608,
14.865,ENC,88.5618,95.3216,91.9417,7.1586,5.4542,19.365,-3.662,-1.402,13.185,0.1230,-0.0513,0.8608,
14.870,IMU,88.5618,95.3216,91.9417,7.1586,5.4542,19.365,-3.700,-1.431,13.075,0.1108,-0.0356,1.0088,
14.885,ENC,88.7067,95.4187,92.0627,7.2438,4.8576,19.229,-3.700,-1.431,13.075,0.1108,-0.0356,1.0088,
14.891,IMU,88.7067,95.4187,92.0627,7.2438,4.8576,19.229,-3.666,-1.401,13.011,0.0459,-0.0229,0.9546,
14.906,ENC,88.8465,95.5261,92.1863,6.9881,5.3689,19.136,-3.666,-1.401,13.011,0.0459,-0.0229,0.9546,
14.910,IMU,88.8465,95.5261,92.1863,6.9881,5.3689,19.136,-3.603,-1.376,12.965,0.0024,-0.0132,0.9722,
14.925,ENC,88.9845,95.6369,92.3107,6.9029,5.5394,19.058,-3.603,-1.376,12.965,0.0024,-0.0132,0.9722,
14.930,IMU,88.9845,95.6369,92.3107,6.9029,5.5394,19.058,-3.590,-1.375,12.904,0.0811,-0.0552,0.9741,
14.946,ENC,89.1294,95.7511,92.4402,7.2438,5.7098,18.970,-3.590,-1.375,12.904,0.0811,-0.0552,0.9741,
14.951,IMU,89.1294,95.7511,92.4402,7.2438,5.7098,18.970,-3.514,-1.387,12.852,0.0073,-0.0493,0.9858,
14.965,ENC,89.2777,95.8653,92.5715,7.4142,5.7098,18.872,-3.514,-1.387,12.852,0.0073,-0.0493,0.9858,
14.970,IMU,89.2777,95.8653,92.5715,7.4142,5.7098,18.872,-3.460,-1.466,12.791,-0.0049,-0.0884,1.0396,
14.985,ENC,89.4174,95.9897,92.7036,6.9881,6.2211,18.828,-3.460,-1.466,12.791,-0.0049,-0.0884,1.0396,
14.989,IMU,89.4174,95.9897,92.7036,6.9881,6.2211,18.828,-3.481,-1.393,12.801,0.0952,0.0303,1.0312,
15.006,ENC,89.5589,96.0954,92.8271,7.0734,5.2837,18.726,-3.481,-1.393,12.801,0.0952,0.0303,1.0312,
15.010,IMU,89.5589,96.0954,92.8271,7.0734,5.2837,18.726,-3.505,-1.481,12.757,0.0957,-0.0820,0.9863,
15.025,ENC,89.6987,96.2164,92.9575,6.9881,6.0507,18.672,-3.505,-1.481,12.757,0.0957,-0.0820,0.9863,
15.030,IMU,89.6987,96.2164,92.9575,6.9881,6.0507,18.672,-3.558,-1.535,12.645,0.0962,-0.0532,0.9463,
15.045,ENC,89.8504,96.3442,93.0973,7.5847,6.3916,18.604,-3.558,-1.535,12.645,0.0962,-0.0532,0.9463,
15.059,IMU,89.8504,96.3442,93.0973,7.5847,6.3916,18.604,-3.452,-1.584,12.571,-0.0015,-0.0439,0.9688,
15.065,ENC,90.0123,96.4686,93.2405,8.0960,6.2211,18.496,-3.452,-1.584,12.571,-0.0015,-0.0439,0.9688,
15.070,IMU,90.0123,96.4686,93.2405,8.0960,6.2211,18.496,-3.625,-1.654,12.484,0.2036,-0.0791,0.8574,
15.090,IMU,90.0123,96.4686,93.2405,8.0960,6.2211,18.496,-3.801,-1.569,12.342,0.2378,-0.0264,0.9878,
15.108,ENC,90.3719,96.6851,93.5285,8.9908,5.4115,18.086,-3.801,-1.569,12.342,0.2378,-0.0264,0.9878,
15.112,IMU,90.3719,96.6851,93.5285,8.9908,5.4115,18.086,-3.660,-1.587,12.055,-0.0645,-0.0083,1.0024,
15.125,ENC,90.5662,96.8027,93.6845,9.7152,5.8803,17.866,-3.660,-1.587,12.055,-0.0645,-0.0083,1.0024,
15.130,IMU,90.5662,96.8027,93.6845,9.7152,5.8803,17.866,-3.660,-1.802,11.815,0.1084,-0.1167,1.0571,
15.146,ENC,90.7725,96.9220,93.8472,10.3118,5.9655,17.617,-3.660,-1.802,11.815,0.1084,-0.1167,1.0571,
15.150,IMU,90.7725,96.9220,93.8472,10.3118,5.9655,17.617,-3.524,-1.843,11.650,-0.0884,-0.0659,1.0459,
15.165,ENC,90.9753,97.0362,94.0058,10.1413,5.7098,17.363,-3.524,-1.843,11.650,-0.0884,-0.0659,1.0459,
15.171,IMU,90.9753,97.0362,94.0058,10.1413,5.7098,17.363,-3.492,-1.949,11.466,0.0732,-0.1055,1.0117,
15.185,ENC,91.1730,97.1675,94.1702,9.8857,6.5620,17.173,-3.492,-1.949,11.466,0.0732,-0.1055,1.0117,
15.190,IMU,91.1730,97.1675,94.1702,9.8857,6.5620,17.173,-3.591,-1.937,11.302,0.1772,-0.0059,0.9966,
15.208,ENC,91.3826,97.2987,94.3407,10.4822,6.5620,16.948,-3.591,-1.937,11.302,0.1772,-0.0059,0.9966,
15.212,IMU,91.3826,97.2987,94.3407,10.4822,6.5620,16.948,-3.481,-1.967,11.208,-0.0068,-0.0225,1.0918,
15.225,ENC,91.5821,97.4231,94.5026,9.9709,6.2211,16.733,-3.481,-1.967,11.208,-0.0068,-0.0225,1.0918,
15.230,IMU,91.5821,97.4231,94.5026,9.9709,6.2211,16.733,-3.291,-2.162,11.094,-0.0874,-0.1797,1.0249,
15.259,ENC,91.7883,97.5731,94.6807,10.3118,7.4995,16.572,-3.291,-2.162,11.094,-0.0874,-0.1797,1.0249,
15.265,IMU,91.7883,97.5731,94.6807,10.3118,7.4995,16.572,-3.232,-2.245,10.989,0.0425,-0.0498,0.8730,
15.267,ENC,91.9928,97.7248,94.8588,10.2265,7.5847,16.421,-3.232,-2.245,10.989,0.0425,-0.0498,0.8730,
15.270,IMU,91.9928,97.7248,94.8588,10.2265,7.5847,16.421,-3.244,-2.213,10.876,0.0479,-0.0371,1.0249,
15.285,ENC,92.1991,97.8799,95.0395,10.3118,7.7551,16.274,-3.244,-2.213,10.876,0.0479,-0.0371,1.0249,
15.290,IMU,92.1991,97.8799,95.0395,10.3118,7.7551,16.274,-3.218,-2.381,10.860,0.0532,-0.1377,0.8906,
15.305,ENC,92.4053,98.0521,95.2287,10.3118,8.6073,16.177,-3.218,-2.381,10.860,0.0532,-0.1377,0.8906,
15.312,IMU,92.4053,98.0521,95.2287,10.3118,8.6073,16.177,-3.139,-2.375,10.762,-0.0347,-0.0425,0.9834,
15.325,ENC,92.5979,98.2106,95.4042,9.6300,7.9256,16.079,-3.139,-2.375,10.762,-0.0347,-0.0425,0.9834,
15.330,IMU,92.5979,98.2106,95.4042,9.6300,7.9256,16.079,-3.314,-2.261,10.720,0.1934,0.0469,0.9204,
15.345,ENC,92.7905,98.3742,95.5823,9.6300,8.1812,15.996,-3.314,-2.261,10.720,0.1934,0.0469,0.9204,
15.350,IMU,92.7905,98.3742,95.5823,9.6300,8.1812,15.996,-3.230,-2.154,10.623,0.0215,0.0854,0.9937,
15.365,ENC,92.9729,98.5395,95.7562,9.1187,8.2665,15.947,-3.230,-2.154,10.623,0.0215,0.0854,0.9937,
15.407,IMU,92.9729,98.5395,95.7562,9.1187,8.2665,15.947,-3.289,-2.158,10.633,0.1079,-0.0493,1.0347,
15.408,ENC,93.3189,98.8668,96.0928,8.6499,8.1812,15.894,-3.289,-2.158,10.633,0.1079,-0.0493,1.0347,
15.412,IMU,93.3189,98.8668,96.0928,8.6499,8.1812,15.894,-3.217,-2.199,10.564,-0.0278,-0.0728,1.0044,
15.425,ENC,93.4825,99.0270,96.2547,8.1812,8.0108,15.884,-3.217,-2.199,10.564,-0.0278,-0.0728,1.0044,
15.429,IMU,93.4825,99.0270,96.2547,8.1812,8.0108,15.884,-3.209,-2.170,10.505,0.0190,-0.0303,1.1870,
15.445,ENC,93.6546,99.1804,96.4175,8.6073,7.6699,15.830,-3.209,-2.170,10.505,0.0190,-0.0303,1.1870,
15.450,IMU,93.6546,99.1804,96.4175,8.6073,7.6699,15.830,-3.342,-2.087,10.454,0.1963,0.0625,1.0386,
15.465,ENC,93.8302,99.3270,96.5786,8.7778,7.3290,15.747,-3.342,-2.087,10.454,0.1963,0.0625,1.0386,
15.470,IMU,93.8302,99.3270,96.5786,8.7778,7.3290,15.747,-3.380,-2.055,10.336,0.0996,0.0000,0.9194,
15.485,ENC,94.0092,99.4599,96.7345,8.9482,6.6473,15.615,-3.380,-2.055,10.336,0.0996,0.0000,0.9194,
15.490,IMU,94.0092,99.4599,96.7345,8.9482,6.6473,15.615,-3.312,-2.014,10.216,0.0332,-0.0063,0.9653,
15.505,ENC,94.1898,99.5946,96.8922,9.0334,6.7325,15.483,-3.312,-2.014,10.216,0.0332,-0.0063,0.9653,
15.510,IMU,94.1898,99.5946,96.8922,9.0334,6.7325,15.483,-3.301,-1.936,10.134,0.0488,0.0298,0.9097,
15.525,ENC,94.3756,99.7224,97.0490,9.2891,6.3916,15.317,-3.301,-1.936,10.134,0.0488,0.0298,0.9097,
15.529,IMU,94.3756,99.7224,97.0490,9.2891,6.3916,15.317,-3.400,-1.856,9.999,0.1177,0.0210,0.8242,
15.545,ENC,94.5495,99.8417,97.1956,8.6926,5.9655,15.161,-3.400,-1.856,9.999,0.1177,0.0210,0.8242,
15.550,IMU,94.5495,99.8417,97.1956,8.6926,5.9655,15.161,-3.448,-1.882,9.819,0.0938,-0.0435,0.9487,
15.566,ENC,94.7352,99.9661,97.3507,9.2891,6.2211,14.985,-3.448,-1.882,9.819,0.0938,-0.0435,0.9487,
15.570,IMU,94.7352,99.9661,97.3507,9.2891,6.2211,14.985,-3.437,-1.876,9.699,0.0308,-0.0161,1.0508,
15.585,ENC,94.9142,100.0718,97.4930,8.9482,5.2837,14.775,-3.437,-1.876,9.699,0.0308,-0.0161,1.0508,
15.590,IMU,94.9142,100.0718,97.4930,8.9482,5.2837,14.775,-3.330,-1.888,9.555,-0.0073,-0.0156,1.0811,
15.605,ENC,95.1034,100.1996,97.6515,9.4595,6.3916,14.600,-3.330,-1.888,9.555,-0.0073,-0.0156,1.0811,
15.611,IMU,95.1034,100.1996,97.6515,9.4595,6.3916,14.600,-3.202,-1.864,9.427,-0.0459,-0.0020,1.0020,
15.625,ENC,95.3113,100.3258,97.8185,10.3970,6.3064,14.365,-3.202,-1.864,9.427,-0.0459,-0.0020,1.0020,
15.629,IMU,95.3113,100.3258,97.8185,10.3970,6.3064,14.365,-3.143,-1.856,9.272,0.0171,-0.0010,0.9902,
15.651,ENC,95.5022,100.4212,97.9617,9.5448,4.7724,14.092,-3.143,-1.856,9.272,0.0171,-0.0010,0.9902,
15.665,ENC,95.7034,100.5439,98.1236,10.0561,6.1359,13.867,-3.143,-1.856,9.272,0.0171,-0.0010,0.9902,
15.685,ENC,95.8994,100.6649,98.2821,9.8004,6.0507,13.652,-3.143,-1.856,9.272,0.0171,-0.0010,0.9902,
15.690,IMU,95.8994,100.6649,98.2821,9.8004,6.0507,13.652,-2.985,-1.900,8.767,0.0898,-0.0166,0.9429,
15.705,ENC,96.0749,100.7808,98.4279,8.7778,5.7950,13.481,-2.985,-1.900,8.767,0.0898,-0.0166,0.9429,
15.710,IMU,96.0749,100.7808,98.4279,8.7778,5.7950,13.481,-3.031,-1.983,8.629,0.0962,-0.1230,1.0210,
15.725,ENC,96.2675,100.8984,98.5830,9.6300,5.8803,13.267,-3.031,-1.983,8.629,0.0962,-0.1230,1.0210,
15.730,IMU,96.2675,100.8984,98.5830,9.6300,5.8803,13.267,-2.949,-1.968,8.407,-0.0103,0.0166,1.0547,
15.745,ENC,96.4431,101.0126,98.7279,8.7778,5.7098,13.091,-2.949,-1.968,8.407,-0.0103,0.0166,1.0547,
15.750,IMU,96.4431,101.0126,98.7279,8.7778,5.7098,13.091,-3.044,-2.041,8.279,0.1279,-0.0669,0.8896,
15.765,ENC,96.6169,101.1268,98.8719,8.6926,5.7098,12.920,-3.044,-2.041,8.279,0.1279,-0.0669,0.8896,
15.773,IMU,96.6169,101.1268,98.8719,8.6926,5.7098,12.920,-3.175,-2.108,8.124,0.1665,-0.0742,0.9834,
15.785,ENC,96.7874,101.2495,99.0185,8.5221,6.1359,12.783,-3.175,-2.108,8.124,0.1665,-0.0742,0.9834,
15.789,IMU,96.7874,101.2495,99.0185,8.5221,6.1359,12.783,-3.181,-2.060,7.960,0.0576,-0.0010,0.8999,
15.805,ENC,96.9510,101.3672,99.1591,8.1812,5.8803,12.651,-3.181,-2.060,7.960,0.0576,-0.0010,0.8999,
15.810,IMU,96.9510,101.3672,99.1591,8.1812,5.8803,12.651,-3.243,-2.169,7.804,0.0981,-0.0503,0.9746,
15.825,ENC,97.1300,101.4848,99.3074,8.9482,5.8803,12.476,-3.243,-2.169,7.804,0.0981,-0.0503,0.9746,
15.831,IMU,97.1300,101.4848,99.3074,8.9482,5.8803,12.476,-3.364,-2.164,7.629,0.1538,-0.0508,0.9326,
15.845,ENC,97.3055,101.6007,99.4531,8.7778,5.7950,12.305,-3.364,-2.164,7.629,0.1538,-0.0508,0.9326,
15.850,IMU,97.3055,101.6007,99.4531,8.7778,5.7950,12.305,-3.458,-2.152,7.464,0.1694,-0.0122,0.9546,
15.865,ENC,97.4862,101.7080,99.5971,9.0334,5.3689,12.095,-3.458,-2.152,7.464,0.1694,-0.0122,0.9546,
15.870,IMU,97.4862,101.7080,99.5971,9.0334,5.3689,12.095,-3.475,-2.217,7.250,0.0986,-0.1152,1.0151,
15.885,ENC,97.6686,101.8171,99.7428,9.1187,5.4542,11.885,-3.475,-2.217,7.250,0.0986,-0.1152,1.0151,
15.890,IMU,97.6686,101.8171,99.7428,9.1187,5.4542,11.885,-3.420,-2.096,7.081,0.0698,0.0737,0.8491,
15.905,ENC,97.8577,101.9347,99.8962,9.4595,5.8803,11.680,-3.420,-2.096,7.081,0.0698,0.0737,0.8491,
15.910,IMU,97.8577,101.9347,99.8962,9.4595,5.8803,11.680,-3.377,-2.010,6.917,-0.0098,0.0747,0.9468,
15.926,ENC,98.0469,102.0438,100.0454,9.4595,5.4542,11.450,-3.377,-2.010,6.917,-0.0098,0.0747,0.9468,
15.929,IMU,98.0469,102.0438,100.0454,9.4595,5.4542,11.450,-3.227,-1.960,6.779,-0.0581,-0.0049,1.0547,
15.945,ENC,98.2361,102.1512,100.1937,9.4595,5.3689,11.216,-3.227,-1.960,6.779,-0.0581,-0.0049,1.0547,
15.950,IMU,98.2361,102.1512,100.1937,9.4595,5.3689,11.216,-3.220,-2.036,6.564,0.0254,-0.0703,0.9941,
15.965,ENC,98.4219,102.2688,100.3454,9.2891,5.8803,11.021,-3.220,-2.036,6.564,0.0254,-0.0703,0.9941,
15.971,IMU,98.4219,102.2688,100.3454,9.2891,5.8803,11.021,-3.246,-2.015,6.377,0.0781,-0.0249,0.9990,
15.985,ENC,98.6009,102.3745,100.4877,8.9482,5.2837,10.811,-3.246,-2.015,6.377,0.0781,-0.0249,0.9990,
15.990,IMU,98.6009,102.3745,100.4877,8.9482,5.2837,10.811,-3.320,-2.021,6.209,0.1270,-0.0283,1.0391,
16.005,ENC,98.8003,102.4836,100.6419,9.9709,5.4542,10.552,-3.320,-2.021,6.209,0.1270,-0.0283,1.0391,
16.010,IMU,98.8003,102.4836,100.6419,9.9709,5.4542,10.552,-3.282,-2.014,6.034,-0.0132,-0.0264,1.0962,
16.028,ENC,98.9963,102.5909,100.7936,9.8004,5.3689,10.298,-3.282,-2.014,6.034,-0.0132,-0.0264,1.0962,
16.032,IMU,98.9963,102.5909,100.7936,9.8004,5.3689,10.298,-3.114,-1.977,5.884,-0.0669,-0.0088,1.1289,
16.045,ENC,99.1821,102.6915,100.9368,9.2891,5.0280,10.054,-3.114,-1.977,5.884,-0.0669,-0.0088,1.1289,
16.050,IMU,99.1821,102.6915,100.9368,9.2891,5.0280,10.054,-3.047,-1.953,5.782,-0.0137,-0.0068,0.9790,
16.065,ENC,99.3883,102.7989,101.0936,10.3118,5.3689,9.771,-3.047,-1.953,5.782,-0.0137,-0.0068,0.9790,
16.071,IMU,99.3883,102.7989,101.0936,10.3118,5.3689,9.771,-2.945,-1.898,5.687,-0.0635,0.0464,0.9858,
16.085,ENC,99.5775,102.9097,101.2436,9.4595,5.5394,9.546,-2.945,-1.898,5.687,-0.0635,0.0464,0.9858,
16.091,IMU,99.5775,102.9097,101.2436,9.4595,5.5394,9.546,-3.111,-1.891,5.579,0.1626,-0.0273,1.0522,
16.105,ENC,99.7599,103.0170,101.3885,9.1187,5.3689,9.331,-3.111,-1.891,5.579,0.1626,-0.0273,1.0522,
16.112,IMU,99.7599,103.0170,101.3885,9.1187,5.3689,9.331,-3.120,-1.895,5.469,0.0776,0.0093,1.0000,
16.125,ENC,99.9337,103.1244,101.5291,8.6926,5.3689,9.141,-3.120,-1.895,5.469,0.0776,0.0093,1.0000,
16.132,IMU,99.9337,103.1244,101.5291,8.6926,5.3689,9.141,-3.299,-1.915,5.366,0.2192,-0.0249,0.9185,
16.145,ENC,100.1059,103.2318,101.6688,8.6073,5.3689,8.955,-3.299,-1.915,5.366,0.2192,-0.0249,0.9185,
16.150,IMU,100.1059,103.2318,101.6688,8.6073,5.3689,8.955,-3.368,-1.795,5.247,0.1050,0.1055,0.9624,
16.165,ENC,100.2695,103.3426,101.8060,8.1812,5.5394,8.804,-3.368,-1.795,5.247,0.1050,0.1055,0.9624,
16.171,IMU,100.2695,103.3426,101.8060,8.1812,5.5394,8.804,-3.424,-1.848,5.140,0.0732,-0.0469,1.0986,
16.186,ENC,100.4195,103.4636,101.9415,7.4995,6.0507,8.721,-3.424,-1.848,5.140,0.0732,-0.0469,1.0986,
16.190,IMU,100.4195,103.4636,101.9415,7.4995,6.0507,8.721,-3.484,-1.698,4.984,0.1729,0.1582,0.9458,
16.205,ENC,100.5865,103.5744,102.0805,8.3517,5.5394,8.560,-3.484,-1.698,4.984,0.1729,0.1582,0.9458,
16.210,IMU,100.5865,103.5744,102.0805,8.3517,5.5394,8.560,-3.421,-1.781,4.844,0.0410,-0.0625,1.0005,
16.225,ENC,100.7791,103.6971,102.2381,9.6300,6.1359,8.359,-3.421,-1.781,4.844,0.0410,-0.0625,1.0005,
16.230,IMU,100.7791,103.6971,102.2381,9.6300,6.1359,8.359,-3.325,-1.732,4.678,-0.0527,0.0137,1.1035,
16.245,ENC,100.9428,103.8335,102.3881,8.1812,6.8177,8.281,-3.325,-1.732,4.678,-0.0527,0.0137,1.1035,
16.250,IMU,100.9428,103.8335,102.3881,8.1812,6.8177,8.281,-3.351,-1.756,4.613,0.0337,-0.0356,1.1118,
16.265,ENC,101.1098,103.9340,102.5219,8.3517,5.0280,8.091,-3.351,-1.756,4.613,0.0337,-0.0356,1.1118,
16.271,IMU,101.1098,103.9340,102.5219,8.3517,5.0280,8.091,-3.275,-1.731,4.445,-0.0029,0.0317,0.9531,
16.288,ENC,101.2836,104.0687,102.6762,8.6926,6.7325,7.979,-3.275,-1.731,4.445,-0.0029,0.0317,0.9531,
16.292,IMU,101.2836,104.0687,102.6762,8.6926,6.7325,7.979,-3.258,-1.715,4.312,0.0483,-0.0005,0.9248,
16.305,ENC,101.4575,104.1931,102.8253,8.6926,6.2211,7.837,-3.258,-1.715,4.312,0.0483,-0.0005,0.9248,
16.309,IMU,101.4575,104.1931,102.8253,8.6926,6.2211,7.837,-3.251,-1.665,4.203,0.0186,0.0059,1.0942,
16.325,ENC,101.6313,104.3141,102.9727,8.6926,6.0507,7.686,-3.251,-1.665,4.203,0.0186,0.0059,1.0942,
16.330,IMU,101.6313,104.3141,102.9727,8.6926,6.0507,7.686,-3.198,-1.692,4.105,0.0464,-0.0288,1.0029,
16.345,ENC,101.8137,104.4402,103.1270,9.1187,6.3064,7.524,-3.198,-1.692,4.105,0.0464,-0.0288,1.0029,
16.351,IMU,101.8137,104.4402,103.1270,9.1187,6.3064,7.524,-3.105,-1.814,3.959,-0.0669,-0.1147,1.0210,
16.365,ENC,101.9927,104.5800,103.2863,8.9482,6.9881,7.412,-3.105,-1.814,3.959,-0.0669,-0.1147,1.0210,
16.370,IMU,101.9927,104.5800,103.2863,8.9482,6.9881,7.412,-3.203,-1.833,3.887,0.1108,-0.0425,0.8975,
16.385,ENC,102.1768,104.7334,103.4551,9.2039,7.6699,7.324,-3.203,-1.833,3.887,0.1108,-0.0425,0.8975,
16.390,IMU,102.1768,104.7334,103.4551,9.2039,7.6699,7.324,-3.323,-1.864,3.848,0.1445,-0.0459,1.1094,
16.405,ENC,102.3728,104.8834,103.6281,9.8004,7.4995,7.192,-3.323,-1.864,3.848,0.1445,-0.0459,1.1094,
16.409,IMU,102.3728,104.8834,103.6281,9.8004,7.4995,7.192,-3.406,-1.830,3.722,0.0952,-0.0044,0.9385,
16.425,ENC,102.5705,105.0436,103.8070,9.8857,8.0108,7.085,-3.406,-1.830,3.722,0.0952,-0.0044,0.9385,
16.430,IMU,102.5705,105.0436,103.8070,9.8857,8.0108,7.085,-3.402,-1.905,3.684,0.0830,-0.0972,1.0283,
16.445,ENC,102.7648,105.1902,103.9775,9.7152,7.3290,6.948,-3.402,-1.905,3.684,0.0830,-0.0972,1.0283,
16.450,IMU,102.7648,105.1902,103.9775,9.7152,7.3290,6.948,-3.471,-1.927,3.616,0.1328,-0.0557,0.8828,
16.465,ENC,102.9574,105.3453,104.1513,9.6300,7.7551,6.841,-3.471,-1.927,3.616,0.1328,-0.0557,0.8828,
16.470,IMU,102.9574,105.3453,104.1513,9.6300,7.7551,6.841,-3.509,-1.864,3.570,0.0781,0.0503,1.0044,
16.488,ENC,103.1466,105.4987,104.3226,9.4595,7.6699,6.738,-3.509,-1.864,3.570,0.0781,0.0503,1.0044,
16.492,IMU,103.1466,105.4987,104.3226,9.4595,7.6699,6.738,-3.433,-1.842,3.471,0.0166,0.0483,0.9839,
16.505,ENC,103.3341,105.6555,104.4948,9.3743,7.8403,6.650,-3.433,-1.842,3.471,0.0166,0.0483,0.9839,
16.510,IMU,103.3341,105.6555,104.4948,9.3743,7.8403,6.650,-3.402,-1.960,3.409,0.0391,-0.0806,0.9956,
16.525,ENC,103.5113,105.8191,104.6652,8.8630,8.1812,6.611,-3.402,-1.960,3.409,0.0391,-0.0806,0.9956,
16.530,IMU,103.5113,105.8191,104.6652,8.8630,8.1812,6.611,-3.357,-2.008,3.310,0.0073,-0.1050,1.0435,
16.545,ENC,103.6920,105.9742,104.8331,9.0334,7.7551,6.538,-3.357,-2.008,3.310,0.0073,-0.1050,1.0435,
16.550,IMU,103.6920,105.9742,104.8331,9.0334,7.7551,6.538,-3.302,-2.041,3.213,0.0386,-0.1406,0.9834,
16.565,ENC,103.8607,106.1293,104.9950,8.4369,7.7551,6.499,-3.302,-2.041,3.213,0.0386,-0.1406,0.9834,
16.570,IMU,103.8607,106.1293,104.9950,8.4369,7.7551,6.499,-3.315,-2.043,3.140,0.0176,0.0000,1.0425,
16.585,ENC,104.0346,106.2776,105.1561,8.6926,7.4142,6.426,-3.315,-2.043,3.140,0.0176,0.0000,1.0425,
16.592,IMU,104.0346,106.2776,105.1561,8.6926,7.4142,6.426,-3.425,-2.015,3.078,0.1489,-0.0273,1.0464,
16.605,ENC,104.2118,106.4310,105.3214,8.8630,7.6699,6.357,-3.425,-2.015,3.078,0.1489,-0.0273,1.0464,
16.610,IMU,104.2118,106.4310,105.3214,8.8630,7.6699,6.357,-3.544,-2.002,2.978,0.1338,-0.0381,0.9673,
16.625,ENC,104.3942,106.5776,105.4859,9.1187,7.3290,6.255,-3.544,-2.002,2.978,0.1338,-0.0381,0.9673,
16.630,IMU,104.3942,106.5776,105.4859,9.1187,7.3290,6.255,-3.721,-1.895,2.956,0.1978,0.0469,1.0410,
16.645,ENC,104.5851,106.7327,105.6589,9.5448,7.7551,6.152,-3.721,-1.895,2.956,0.1978,0.0469,1.0410,
16.650,IMU,104.5851,106.7327,105.6589,9.5448,7.7551,6.152,-3.855,-1.923,2.831,0.1792,-0.0649,0.9155,
16.665,ENC,104.7811,106.8810,105.8310,9.8004,7.4142,6.016,-3.855,-1.923,2.831,0.1792,-0.0649,0.9155,
16.670,IMU,104.7811,106.8810,105.8310,9.8004,7.4142,6.016,-3.671,-1.873,2.727,-0.1270,0.0171,1.0874,
16.685,ENC,104.9686,107.0310,105.9998,9.3743,7.4995,5.908,-3.671,-1.873,2.727,-0.1270,0.0171,1.0874,
16.689,IMU,104.9686,107.0310,105.9998,9.3743,7.4995,5.908,-3.659,-1.873,2.642,0.0425,-0.0366,1.0781,
16.705,ENC,105.1646,107.1929,106.1787,9.8004,8.0960,5.811,-3.659,-1.873,2.642,0.0425,-0.0366,1.0781,
16.710,IMU,105.1646,107.1929,106.1787,9.8004,8.0960,5.811,-3.631,-1.787,2.532,0.0332,0.0352,0.9229,
16.725,ENC,105.3606,107.3548,106.3577,9.8004,8.0960,5.713,-3.631,-1.787,2.532,0.0332,0.0352,0.9229,
16.730,IMU,105.3606,107.3548,106.3577,9.8004,8.0960,5.713,-3.623,-1.795,2.438,0.0562,-0.0596,0.9019,
16.745,ENC,105.5532,107.5133,106.5333,9.6300,7.9256,5.615,-3.623,-1.795,2.438,0.0562,-0.0596,0.9019,
16.749,IMU,105.5532,107.5133,106.5333,9.6300,7.9256,5.615,-3.666,-1.740,2.301,0.0957,-0.0024,0.8379,
16.765,ENC,105.7475,107.6803,106.7139,9.7152,8.3517,5.537,-3.666,-1.740,2.301,0.0957,-0.0024,0.8379,
16.770,IMU,105.7475,107.6803,106.7139,9.7152,8.3517,5.537,-3.559,-1.664,2.256,-0.0596,0.0479,0.9502,
16.785,ENC,105.9265,107.8525,106.8895,8.9482,8.6073,5.518,-3.559,-1.664,2.256,-0.0596,0.0479,0.9502,
16.790,IMU,105.9265,107.8525,106.8895,8.9482,8.6073,5.518,-3.576,-1.613,2.336,0.0327,-0.0063,0.9697,
16.805,ENC,106.1089,108.0468,107.0778,9.1187,9.7152,5.552,-3.576,-1.613,2.336,0.0327,-0.0063,0.9697,
16.812,IMU,106.1089,108.0468,107.0778,9.1187,9.7152,5.552,-3.428,-1.703,2.462,-0.0439,-0.0815,0.9312,
16.825,ENC,106.2759,108.2445,107.2602,8.3517,9.8857,5.640,-3.428,-1.703,2.462,-0.0439,-0.0815,0.9312,
16.830,IMU,106.2759,108.2445,107.2602,8.3517,9.8857,5.640,-3.441,-1.793,2.627,0.0215,-0.1172,1.1143,
16.847,ENC,106.4395,108.4473,107.4434,8.1812,10.1413,5.752,-3.441,-1.793,2.627,0.0215,-0.1172,1.1143,
16.851,IMU,106.4395,108.4473,107.4434,8.1812,10.1413,5.752,-3.555,-1.842,2.774,0.1885,-0.0635,1.0239,
16.865,ENC,106.6185,108.6553,107.6369,8.9482,10.3970,5.835,-3.555,-1.842,2.774,0.1885,-0.0635,1.0239,
16.870,IMU,106.6185,108.6553,107.6369,8.9482,10.3970,5.835,-3.682,-1.675,2.860,0.1440,0.0903,1.0576,
16.886,ENC,106.7668,108.8428,107.8048,7.4142,9.3743,5.947,-3.682,-1.675,2.860,0.1440,0.0903,1.0576,
16.891,IMU,106.7668,108.8428,107.8048,7.4142,9.3743,5.947,-3.646,-1.682,2.930,0.0444,-0.0684,0.9829,
16.905,ENC,106.9253,109.0217,107.9735,7.9256,8.9482,6.006,-3.646,-1.682,2.930,0.0444,-0.0684,0.9829,
16.909,IMU,106.9253,109.0217,107.9735,7.9256,8.9482,6.006,-3.594,-1.655,2.961,0.0112,-0.0029,1.0503,
16.925,ENC,107.0855,109.2058,108.1456,8.0108,9.2039,6.074,-3.594,-1.655,2.961,0.0112,-0.0029,1.0503,
16.930,IMU,107.0855,109.2058,108.1456,8.0108,9.2039,6.074,-3.565,-1.738,3.035,0.0444,-0.1284,1.0776,
16.945,ENC,107.2338,109.3745,108.3042,7.4142,8.4369,6.133,-3.565,-1.738,3.035,0.0444,-0.1284,1.0776,
16.951,IMU,107.2338,109.3745,108.3042,7.4142,8.4369,6.133,-3.532,-1.821,3.056,0.0332,-0.0942,1.0503,
16.965,ENC,107.3735,109.5416,108.4576,6.9881,8.3517,6.211,-3.532,-1.821,3.056,0.0332,-0.0942,1.0503,
16.970,IMU,107.3735,109.5416,108.4576,6.9881,8.3517,6.211,-3.571,-1.811,3.049,0.1064,-0.0518,0.9248,
16.985,ENC,107.5218,109.6950,108.6084,7.4142,7.6699,6.226,-3.571,-1.811,3.049,0.1064,-0.0518,0.9248,
16.990,IMU,107.5218,109.6950,108.6084,7.4142,7.6699,6.226,-3.448,-1.745,3.073,-0.0298,0.0195,1.0479,
17.006,ENC,107.6667,109.8603,108.7635,7.2438,8.2665,6.284,-3.448,-1.745,3.073,-0.0298,0.0195,1.0479,
17.010,IMU,107.6667,109.8603,108.7635,7.2438,8.2665,6.284,-3.432,-1.715,3.118,0.0586,-0.0127,1.0215,
17.025,ENC,107.7979,110.0188,108.9084,6.5620,7.9256,6.362,-3.432,-1.715,3.118,0.0586,-0.0127,1.0215,
17.030,IMU,107.7979,110.0188,108.9084,6.5620,7.9256,6.362,-3.491,-1.658,3.184,0.0815,-0.0039,1.0122,
17.045,ENC,107.9224,110.1671,109.0447,6.2211,7.4142,6.431,-3.491,-1.658,3.184,0.0815,-0.0039,1.0122,
17.053,IMU,107.9224,110.1671,109.0447,6.2211,7.4142,6.431,-3.463,-1.651,3.250,0.0493,0.0049,1.0396,
17.065,ENC,108.0502,110.3137,109.1819,6.3916,7.3290,6.484,-3.463,-1.651,3.250,0.0493,0.0049,1.0396,
17.069,IMU,108.0502,110.3137,109.1819,6.3916,7.3290,6.484,-3.513,-1.582,3.333,0.0459,0.0210,1.0171,
17.085,ENC,108.1780,110.4551,109.3166,6.3916,7.0734,6.523,-3.513,-1.582,3.333,0.0459,0.0210,1.0171,
17.090,IMU,108.1780,110.4551,109.3166,6.3916,7.0734,6.523,-3.574,-1.586,3.447,0.0479,-0.0039,0.9731,
17.105,ENC,108.3127,110.6239,109.4683,6.7325,8.4369,6.621,-3.574,-1.586,3.447,0.0479,-0.0039,0.9731,
17.110,IMU,108.3127,110.6239,109.4683,6.7325,8.4369,6.621,-3.526,-1.557,3.521,0.0278,-0.0269,1.1011,
17.125,ENC,108.4405,110.7824,109.6114,6.3916,7.9256,6.709,-3.526,-1.557,3.521,0.0278,-0.0269,1.1011,
17.130,IMU,108.4405,110.7824,109.6114,6.3916,7.9256,6.709,-3.473,-1.599,3.655,0.0024,-0.0957,1.0205,
17.145,ENC,108.5735,110.9375,109.7555,6.6473,7.7551,6.772,-3.473,-1.599,3.655,0.0024,-0.0957,1.0205,
17.152,IMU,108.5735,110.9375,109.7555,6.6473,7.7551,6.772,-3.503,-1.445,3.709,0.1108,0.0479,1.0024,
17.165,ENC,108.6928,111.0909,109.8918,5.9655,7.6699,6.870,-3.503,-1.445,3.709,0.1108,0.0479,1.0024,
17.170,IMU,108.6928,111.0909,109.8918,5.9655,7.6699,6.870,-3.548,-1.420,3.820,0.0381,-0.0234,0.9604,
17.185,ENC,108.8121,111.2477,110.0299,5.9655,7.8403,6.978,-3.548,-1.420,3.820,0.0381,-0.0234,0.9604,
17.190,IMU,108.8121,111.2477,110.0299,5.9655,7.8403,6.978,-3.593,-1.404,3.864,0.0791,-0.0220,1.0161,
17.205,ENC,108.9314,111.3977,110.1645,5.9655,7.4995,7.065,-3.593,-1.404,3.864,0.0791,-0.0220,1.0161,
17.210,IMU,108.9314,111.3977,110.1645,5.9655,7.4995,7.065,-3.647,-1.353,3.893,0.0908,0.0181,0.9805,
17.225,ENC,109.0575,111.5511,110.3043,6.3064,7.6699,7.144,-3.647,-1.353,3.893,0.0908,0.0181,0.9805,
17.230,IMU,109.0575,111.5511,110.3043,6.3064,7.6699,7.144,-3.589,-1.460,3.982,-0.0620,-0.1553,1.0679,
17.245,ENC,109.1870,111.7198,110.4534,6.4768,8.4369,7.256,-3.589,-1.460,3.982,-0.0620,-0.1553,1.0679,
17.253,IMU,109.1870,111.7198,110.4534,6.4768,8.4369,7.256,-3.605,-1.345,4.101,0.0371,0.0684,1.0073,
17.265,ENC,109.3234,111.8988,110.6111,6.8177,8.9482,7.378,-3.605,-1.345,4.101,0.0371,0.0684,1.0073,
17.270,IMU,109.3234,111.8988,110.6111,6.8177,8.9482,7.378,-3.648,-1.350,4.193,0.1343,-0.0049,0.9409,
17.285,ENC,109.4649,112.0829,110.7739,7.0734,9.2039,7.500,-3.648,-1.350,4.193,0.1343,-0.0049,0.9409,
17.290,IMU,109.4649,112.0829,110.7739,7.0734,9.2039,7.500,-3.685,-1.411,4.363,0.0615,-0.1250,1.0063,
17.307,ENC,109.6063,112.2567,110.9315,7.0734,8.6926,7.593,-3.685,-1.411,4.363,0.0615,-0.1250,1.0063,
17.311,IMU,109.6063,112.2567,110.9315,7.0734,8.6926,7.593,-3.528,-1.487,4.523,-0.0449,-0.1240,1.0571,
17.325,ENC,109.7427,112.4374,111.0900,6.8177,9.0334,7.720,-3.528,-1.487,4.523,-0.0449,-0.1240,1.0571,
17.329,IMU,109.7427,112.4374,111.0900,6.8177,9.0334,7.720,-3.467,-1.315,4.617,0.0503,0.1001,0.9126,
17.345,ENC,109.8807,112.6129,111.2468,6.9029,8.7778,7.827,-3.467,-1.315,4.617,0.0503,0.1001,0.9126,
17.349,IMU,109.8807,112.6129,111.2468,6.9029,8.7778,7.827,-3.561,-1.215,4.735,0.1421,0.0293,0.9551,
17.365,ENC,110.0120,112.7868,111.3994,6.5620,8.6926,7.949,-3.561,-1.215,4.735,0.1421,0.0293,0.9551,
17.369,IMU,110.0120,112.7868,111.3994,6.5620,8.6926,7.949,-3.555,-1.298,4.840,0.0596,-0.1118,0.9717,
17.385,ENC,110.1415,112.9658,111.5536,6.4768,8.9482,8.091,-3.555,-1.298,4.840,0.0596,-0.1118,0.9717,
17.391,IMU,110.1415,112.9658,111.5536,6.4768,8.9482,8.091,-3.637,-1.388,4.931,0.0898,-0.1143,1.0415,
17.405,ENC,110.2677,113.1430,111.7053,6.3064,8.8630,8.237,-3.637,-1.388,4.931,0.0898,-0.1143,1.0415,
17.411,IMU,110.2677,113.1430,111.7053,6.3064,8.8630,8.237,-3.674,-1.449,5.059,0.0830,-0.1060,0.9746,
17.425,ENC,110.3870,113.3152,111.8511,5.9655,8.6073,8.389,-3.674,-1.449,5.059,0.0830,-0.1060,0.9746,
17.429,IMU,110.3870,113.3152,111.8511,5.9655,8.6073,8.389,-3.566,-1.387,5.207,-0.0337,-0.0020,1.0322,
17.445,ENC,110.4977,113.4941,111.9959,5.5394,8.9482,8.584,-3.566,-1.387,5.207,-0.0337,-0.0020,1.0322,
17.450,IMU,110.4977,113.4941,111.9959,5.5394,8.9482,8.584,-3.580,-1.408,5.375,0.0454,-0.0547,0.9971,
17.465,ENC,110.6102,113.6731,112.1417,5.6246,8.9482,8.774,-3.580,-1.408,5.375,0.0454,-0.0547,0.9971,
17.470,IMU,110.6102,113.6731,112.1417,5.6246,8.9482,8.774,-3.547,-1.572,5.502,-0.0571,-0.1719,1.0425,
17.485,ENC,110.7176,113.8435,112.2806,5.3689,8.5221,8.955,-3.547,-1.572,5.502,-0.0571,-0.1719,1.0425,
17.490,IMU,110.7176,113.8435,112.2806,5.3689,8.5221,8.955,-3.588,-1.633,5.670,0.0635,-0.0854,0.9780,
17.505,ENC,110.8182,114.0242,112.4212,5.0280,9.0334,9.185,-3.588,-1.633,5.670,0.0635,-0.0854,0.9780,
17.510,IMU,110.8182,114.0242,112.4212,5.0280,9.0334,9.185,-3.565,-1.689,5.815,0.0146,-0.1021,1.0850,
17.525,ENC,110.9170,114.1998,112.5584,4.9428,8.7778,9.404,-3.565,-1.689,5.815,0.0146,-0.1021,1.0850,
17.529,IMU,110.9170,114.1998,112.5584,4.9428,8.7778,9.404,-3.434,-1.708,5.966,-0.0332,-0.0366,1.0205,
17.545,ENC,111.0261,114.3736,112.6999,5.4542,8.6926,9.590,-3.434,-1.708,5.966,-0.0332,-0.0366,1.0205,
17.550,IMU,111.0261,114.3736,112.6999,5.4542,8.6926,9.590,-3.393,-1.823,6.037,-0.0229,-0.1528,0.9873,
17.565,ENC,111.1284,114.5560,112.8422,5.1133,9.1187,9.819,-3.393,-1.823,6.037,-0.0229,-0.1528,0.9873,
17.571,IMU,111.1284,114.5560,112.8422,5.1133,9.1187,9.819,-3.442,-1.877,6.246,0.0596,-0.0771,0.9932,
17.585,ENC,111.2375,114.7384,112.9879,5.4542,9.1187,10.029,-3.442,-1.877,6.246,0.0596,-0.0771,0.9932,
17.592,IMU,111.2375,114.7384,112.9879,5.4542,9.1187,10.029,-3.427,-1.948,6.409,0.0342,-0.1182,1.0474,
17.605,ENC,111.3483,114.9122,113.1302,5.5394,8.6926,10.210,-3.427,-1.948,6.409,0.0342,-0.1182,1.0474,
17.621,IMU,111.3483,114.9122,113.1302,5.5394,8.6926,10.210,-3.359,-1.879,6.585,-0.0684,-0.0146,1.0425,
17.625,ENC,111.4539,115.0912,113.2726,5.2837,8.9482,10.420,-3.359,-1.879,6.585,-0.0684,-0.0146,1.0425,
17.629,IMU,111.4539,115.0912,113.2726,5.2837,8.9482,10.420,-3.335,-1.876,6.698,0.0444,-0.0127,0.9902,
17.650,IMU,111.4539,115.0912,113.2726,5.2837,8.9482,10.420,-3.340,-1.681,6.846,0.0898,0.1328,0.9873,
17.666,ENC,111.6840,115.4696,113.5768,5.7524,9.4595,10.845,-3.340,-1.681,6.846,0.0898,0.1328,0.9873,
17.670,IMU,111.6840,115.4696,113.5768,5.7524,9.4595,10.845,-3.338,-1.511,6.974,0.1367,0.1279,0.9766,
17.685,ENC,111.7863,115.6570,113.7217,5.1133,9.3743,11.089,-3.338,-1.511,6.974,0.1367,0.1279,0.9766,
17.689,IMU,111.7863,115.6570,113.7217,5.1133,9.3743,11.089,-3.461,-1.411,7.135,0.1938,0.0557,0.9297,
17.705,ENC,111.8971,115.8428,113.8700,5.5394,9.2891,11.304,-3.461,-1.411,7.135,0.1938,0.0557,0.9297,
17.712,IMU,111.8971,115.8428,113.8700,5.5394,9.2891,11.304,-3.491,-1.300,7.330,0.1338,0.0518,1.0059,
17.725,ENC,112.0028,116.0235,114.0131,5.2837,9.0334,11.519,-3.491,-1.300,7.330,0.1338,0.0518,1.0059,
17.730,IMU,112.0028,116.0235,114.0131,5.2837,9.0334,11.519,-3.579,-1.103,7.504,0.2095,0.1284,0.9023,
17.745,ENC,112.1152,116.2042,114.1597,5.6246,9.0334,11.714,-3.579,-1.103,7.504,0.2095,0.1284,0.9023,
17.749,IMU,112.1152,116.2042,114.1597,5.6246,9.0334,11.714,-3.559,-0.984,7.626,0.0728,0.0073,1.0146,
17.768,ENC,112.2277,116.3882,114.3080,5.6246,9.2039,11.919,-3.559,-0.984,7.626,0.0728,0.0073,1.0146,
17.772,IMU,112.2277,116.3882,114.3080,5.6246,9.2039,11.919,-3.659,-0.996,7.816,0.1221,-0.0049,0.8794,
17.785,ENC,112.3351,116.5689,114.4520,5.3689,9.0334,12.129,-3.659,-0.996,7.816,0.1221,-0.0049,0.8794,
17.792,IMU,112.3351,116.5689,114.4520,5.3689,9.0334,12.129,-3.640,-0.900,7.960,0.0845,0.0366,0.9727,
17.807,ENC,112.4442,116.7530,114.5986,5.4542,9.2039,12.344,-3.640,-0.900,7.960,0.0845,0.0366,0.9727,
17.815,IMU,112.4442,116.7530,114.5986,5.4542,9.2039,12.344,-3.633,-0.889,8.135,0.0884,-0.0312,0.9028,
17.825,ENC,112.5533,116.9251,114.7392,5.4542,8.6073,12.524,-3.633,-0.889,8.135,0.0884,-0.0312,0.9028,
17.831,IMU,112.5533,116.9251,114.7392,5.4542,8.6073,12.524,-3.495,-0.840,8.290,-0.0674,0.0205,1.0698,
17.845,ENC,112.6504,117.0853,114.8679,4.8576,8.0108,12.705,-3.495,-0.840,8.290,-0.0674,0.0205,1.0698,
17.850,IMU,112.6504,117.0853,114.8679,4.8576,8.0108,12.705,-3.412,-0.891,8.445,-0.0454,-0.0610,0.9868,
17.865,ENC,112.7578,117.2592,115.0085,5.3689,8.6926,12.896,-3.412,-0.891,8.445,-0.0454,-0.0610,0.9868,
17.872,IMU,112.7578,117.2592,115.0085,5.3689,8.6926,12.896,-3.377,-0.993,8.596,0.0151,-0.0894,0.9849,
17.885,ENC,112.8601,117.4245,115.1423,5.1133,8.2665,13.076,-3.377,-0.993,8.596,0.0151,-0.0894,0.9849,
17.890,IMU,112.8601,117.4245,115.1423,5.1133,8.2665,13.076,-3.337,-1.085,8.725,0.0229,-0.1260,0.8701,
17.905,ENC,112.9675,117.6018,115.2846,5.3689,8.8630,13.276,-3.337,-1.085,8.725,0.0229,-0.1260,0.8701,
17.915,IMU,112.9675,117.6018,115.2846,5.3689,8.8630,13.276,-3.223,-1.094,8.897,-0.0933,-0.0107,1.0986,
17.925,ENC,113.0765,117.7944,115.4355,5.4542,9.6300,13.516,-3.223,-1.094,8.897,-0.0933,-0.0107,1.0986,
17.930,IMU,113.0765,117.7944,115.4355,5.4542,9.6300,13.516,-3.231,-1.032,9.069,-0.0303,0.0674,1.1094,
17.946,ENC,113.1771,117.9682,115.5727,5.0280,8.6926,13.726,-3.231,-1.032,9.069,-0.0303,0.0674,1.1094,
17.950,IMU,113.1771,117.9682,115.5727,5.0280,8.6926,13.726,-3.125,-1.109,9.230,-0.0513,-0.0820,1.0391,
17.965,ENC,113.2845,118.1387,115.7116,5.3689,8.5221,13.906,-3.125,-1.109,9.230,-0.0513,-0.0820,1.0391,
17.970,IMU,113.2845,118.1387,115.7116,5.3689,8.5221,13.906,-2.981,-1.206,9.490,-0.0342,-0.1094,1.0010,
17.985,ENC,113.3867,118.3108,115.8488,5.1133,8.6073,14.106,-2.981,-1.206,9.490,-0.0342,-0.1094,1.0010,
17.990,IMU,113.3867,118.3108,115.8488,5.1133,8.6073,14.106,-2.907,-1.112,9.695,-0.0942,0.0317,1.1113,
18.006,ENC,113.4822,118.4949,115.9885,4.7724,9.2039,14.360,-2.907,-1.112,9.695,-0.0942,0.0317,1.1113,
18.010,IMU,113.4822,118.4949,115.9885,4.7724,9.2039,14.360,-2.911,-1.066,9.902,0.1021,0.0430,0.9023,
18.025,ENC,113.5759,118.6722,116.1241,4.6872,8.8630,14.600,-2.911,-1.066,9.902,0.1021,0.0430,0.9023,
18.030,IMU,113.5759,118.6722,116.1241,4.6872,8.8630,14.600,-3.104,-0.881,10.086,0.1768,0.0850,0.9800,
18.045,ENC,113.6663,118.8579,116.2621,4.5167,9.2891,14.873,-3.104,-0.881,10.086,0.1768,0.0850,0.9800,
18.049,IMU,113.6663,118.8579,116.2621,4.5167,9.2891,14.873,-3.215,-0.879,10.204,0.1328,-0.0898,0.9429,
18.065,ENC,113.7566,119.0386,116.3976,4.5167,9.0334,15.132,-3.215,-0.879,10.204,0.1328,-0.0898,0.9429,
18.070,IMU,113.7566,119.0386,116.3976,4.5167,9.0334,15.132,-3.298,-1.018,10.338,0.1104,-0.1289,0.9609,
18.085,ENC,113.8469,119.2210,116.5340,4.5167,9.1187,15.396,-3.298,-1.018,10.338,0.1104,-0.1289,0.9609,
18.090,IMU,113.8469,119.2210,116.5340,4.5167,9.1187,15.396,-3.172,-1.070,10.473,-0.1436,-0.0601,1.0781,
18.105,ENC,113.9407,119.4068,116.6737,4.6872,9.2891,15.659,-3.172,-1.070,10.473,-0.1436,-0.0601,1.0781,
18.110,IMU,113.9407,119.4068,116.6737,4.6872,9.2891,15.659,-3.235,-0.988,10.576,0.1357,0.0640,0.9185,
18.126,ENC,114.0293,119.5806,116.8050,4.4315,8.6926,15.903,-3.235,-0.988,10.576,0.1357,0.0640,0.9185,
18.130,IMU,114.0293,119.5806,116.8050,4.4315,8.6926,15.903,-3.256,-0.811,10.668,0.0986,0.0928,0.9526,
18.145,ENC,114.1248,119.7630,116.9439,4.7724,9.1187,16.152,-3.256,-0.811,10.668,0.0986,0.0928,0.9526,
18.150,IMU,114.1248,119.7630,116.9439,4.7724,9.1187,16.152,-3.253,-0.693,10.796,0.0576,0.0938,0.9863,
18.165,ENC,114.2083,119.9437,117.0760,4.1758,9.0334,16.431,-3.253,-0.693,10.796,0.0576,0.0938,0.9863,
18.169,IMU,114.2083,119.9437,117.0760,4.1758,9.0334,16.431,-3.365,-0.651,10.951,0.1567,-0.0093,0.9434,
18.185,ENC,114.2867,120.1209,117.2038,3.9202,8.8630,16.714,-3.365,-0.651,10.951,0.1567,-0.0093,0.9434,
18.190,IMU,114.2867,120.1209,117.2038,3.9202,8.8630,16.714,-3.458,-0.637,11.100,0.0771,-0.0527,1.0884,
18.205,ENC,114.3668,120.2948,117.3308,4.0054,8.6926,16.982,-3.458,-0.637,11.100,0.0771,-0.0527,1.0884,
18.210,IMU,114.3668,120.2948,117.3308,4.0054,8.6926,16.982,-3.342,-0.809,11.215,-0.0752,-0.1416,1.0444,
18.225,ENC,114.4554,120.4703,117.4629,4.4315,8.7778,17.231,-3.342,-0.809,11.215,-0.0752,-0.1416,1.0444,
18.231,IMU,114.4554,120.4703,117.4629,4.4315,8.7778,17.231,-3.325,-0.701,11.377,-0.0083,0.0088,1.0464,
18.245,ENC,114.5475,120.6442,117.5958,4.6019,8.6926,17.466,-3.325,-0.701,11.377,-0.0083,0.0088,1.0464,
18.250,IMU,114.5475,120.6442,117.5958,4.6019,8.6926,17.466,-3.245,-0.698,11.504,-0.0342,0.0273,1.0908,
18.265,ENC,114.6412,120.8163,117.7288,4.6872,8.6073,17.690,-3.245,-0.698,11.504,-0.0342,0.0273,1.0908,
18.269,IMU,114.6412,120.8163,117.7288,4.6872,8.6073,17.690,-3.266,-0.552,11.604,0.1177,0.1079,0.9121,
18.285,ENC,114.7452,120.9885,117.8668,5.1985,8.6073,17.886,-3.266,-0.552,11.604,0.1177,0.1079,0.9121,
18.290,IMU,114.7452,120.9885,117.8668,5.1985,8.6073,17.886,-3.323,-0.574,11.734,0.0908,-0.0234,0.9746,
18.305,ENC,114.8577,121.1504,118.0040,5.6246,8.0960,18.027,-3.323,-0.574,11.734,0.0908,-0.0234,0.9746,
18.310,IMU,114.8577,121.1504,118.0040,5.6246,8.0960,18.027,-3.393,-0.469,11.821,0.0942,0.0732,0.9644,
18.325,ENC,114.9855,121.3021,118.1438,6.3916,7.5847,18.096,-3.393,-0.469,11.821,0.0942,0.0732,0.9644,
18.334,IMU,114.9855,121.3021,118.1438,6.3916,7.5847,18.096,-3.443,-0.527,11.811,0.0352,-0.0381,0.9873,
18.345,ENC,115.1304,121.4384,118.2844,7.2438,6.8177,18.071,-3.443,-0.527,11.811,0.0352,-0.0381,0.9873,
18.354,IMU,115.1304,121.4384,118.2844,7.2438,6.8177,18.071,-3.490,-0.375,11.760,0.1138,0.0718,0.9912,
18.365,ENC,115.2838,121.5714,118.4276,7.6699,6.6473,18.013,-3.490,-0.375,11.760,0.1138,0.0718,0.9912,
18.370,IMU,115.2838,121.5714,118.4276,7.6699,6.6473,18.013,-3.603,-0.385,11.644,0.1328,-0.0171,1.0352,
18.385,ENC,115.4764,121.6856,118.5810,9.6300,5.7098,17.788,-3.603,-0.385,11.644,0.1328,-0.0171,1.0352,
18.392,IMU,115.4764,121.6856,118.5810,9.6300,5.7098,17.788,-3.562,-0.298,11.478,-0.0005,0.0713,1.1323,
18.406,ENC,115.6366,121.7998,118.7182,8.0108,5.7098,17.656,-3.562,-0.298,11.478,-0.0005,0.0713,1.1323,
18.410,IMU,115.6366,121.7998,118.7182,8.0108,5.7098,17.656,-3.398,-0.236,11.371,0.0010,0.0264,0.9341,
18.425,ENC,115.7763,121.9174,118.8469,6.9881,5.8803,17.593,-3.398,-0.236,11.371,0.0010,0.0264,0.9341,
18.429,IMU,115.7763,121.9174,118.8469,6.9881,5.8803,17.593,-3.322,-0.170,11.205,-0.0371,0.0464,1.0239,
18.445,ENC,115.9315,122.0452,118.9883,7.7551,6.3916,17.515,-3.322,-0.170,11.205,-0.0371,0.0464,1.0239,
18.450,IMU,115.9315,122.0452,118.9883,7.7551,6.3916,17.515,-3.426,-0.243,11.160,0.1445,-0.0386,0.9971,
18.465,ENC,116.0866,122.1713,119.1289,7.7551,6.3064,17.432,-3.426,-0.243,11.160,0.1445,-0.0386,0.9971,
18.472,IMU,116.0866,122.1713,119.1289,7.7551,6.3064,17.432,-3.400,-0.310,11.166,0.0752,-0.0386,1.0386,
18.490,IMU,116.0866,122.1713,119.1289,7.7551,6.3064,17.432,-3.335,-0.338,11.061,-0.0532,-0.0415,1.0034,
18.505,ENC,116.3763,122.4219,119.3991,7.2438,6.2638,17.319,-3.335,-0.338,11.061,-0.0532,-0.0415,1.0034,
18.510,IMU,116.3763,122.4219,119.3991,7.2438,6.2638,17.319,-3.421,-0.245,11.059,0.0825,0.0591,0.9395,
18.525,ENC,116.5416,122.5651,119.5533,8.2665,7.1586,17.256,-3.421,-0.245,11.059,0.0825,0.0591,0.9395,
18.530,IMU,116.5416,122.5651,119.5533,8.2665,7.1586,17.256,-3.430,-0.349,11.020,0.0459,-0.0615,0.9312,
18.545,ENC,116.7001,122.6810,119.6906,7.9256,5.7950,17.134,-3.430,-0.349,11.020,0.0459,-0.0615,0.9312,
18.554,IMU,116.7001,122.6810,119.6906,7.9256,5.7950,17.134,-3.629,-0.322,10.896,0.2109,-0.0049,0.8882,
18.565,ENC,116.8996,122.7986,119.8491,9.9709,5.8803,16.899,-3.629,-0.322,10.896,0.2109,-0.0049,0.8882,
18.571,IMU,116.8996,122.7986,119.8491,9.9709,5.8803,16.899,-3.762,-0.262,10.667,0.1211,0.0522,0.9980,
18.588,ENC,117.1177,122.9077,120.0127,10.9083,5.4542,16.587,-3.762,-0.262,10.667,0.1211,0.0522,0.9980,
18.591,IMU,117.1177,122.9077,120.0127,10.9083,5.4542,16.587,-3.784,-0.361,10.416,0.0811,-0.0605,0.8267,
18.605,ENC,117.3461,123.0099,120.1780,11.4196,5.1133,16.226,-3.784,-0.361,10.416,0.0811,-0.0605,0.8267,
18.610,IMU,117.3461,123.0099,120.1780,11.4196,5.1133,16.226,-3.382,-0.509,10.133,-0.2300,-0.1084,1.0742,
18.630,IMU,117.3461,123.0099,120.1780,11.4196,5.1133,16.226,-3.147,-0.502,9.924,-0.1235,-0.0229,1.0981,
18.645,ENC,117.7450,123.2537,120.4993,9.9709,6.0933,15.781,-3.147,-0.502,9.924,-0.1235,-0.0229,1.0981,
18.650,IMU,117.7450,123.2537,120.4993,9.9709,6.0933,15.781,-3.220,-0.509,9.755,0.0835,-0.0479,1.0215,
18.665,ENC,117.9324,123.3832,120.6578,9.3743,6.4768,15.615,-3.220,-0.509,9.755,0.0835,-0.0479,1.0215,
18.670,IMU,117.9324,123.3832,120.6578,9.3743,6.4768,15.615,-3.416,-0.483,9.562,0.2109,0.0308,0.9722,
18.685,ENC,118.1250,123.5332,120.8291,9.6300,7.4995,15.493,-3.416,-0.483,9.562,0.2109,0.0308,0.9722,
18.692,IMU,118.1250,123.5332,120.8291,9.6300,7.4995,15.493,-3.263,-0.599,9.397,-0.0752,-0.0474,0.9829,
18.705,ENC,118.3245,123.6866,121.0055,9.9709,7.6699,15.361,-3.263,-0.599,9.397,-0.0752,-0.0474,0.9829,
18.710,IMU,118.3245,123.6866,121.0055,9.9709,7.6699,15.361,-3.200,-0.528,9.345,-0.0283,0.0483,1.0273,
18.726,ENC,118.5119,123.8280,121.1700,9.3743,7.0734,15.229,-3.200,-0.528,9.345,-0.0283,0.0483,1.0273,
18.730,IMU,118.5119,123.8280,121.1700,9.3743,7.0734,15.229,-3.228,-0.376,9.242,0.0923,0.0815,0.8838,
18.745,ENC,118.7182,123.9831,121.3507,10.3118,7.7551,15.083,-3.228,-0.376,9.242,0.0923,0.0815,0.8838,
18.752,IMU,118.7182,123.9831,121.3507,10.3118,7.7551,15.083,-3.254,-0.447,9.108,0.0981,-0.0249,1.0381,
18.765,ENC,118.9142,124.1093,121.5117,9.8004,6.3064,14.883,-3.254,-0.447,9.108,0.0981,-0.0249,1.0381,
18.770,IMU,118.9142,124.1093,121.5117,9.8004,6.3064,14.883,-3.164,-0.523,8.917,-0.0063,-0.0649,0.9106,
18.799,ENC,119.1204,124.2354,121.6779,10.3118,6.3064,14.653,-3.164,-0.523,8.917,-0.0063,-0.0649,0.9106,
18.803,IMU,119.1204,124.2354,121.6779,10.3118,6.3064,14.653,-3.242,-0.560,8.810,0.0654,-0.0796,1.0908,
18.813,IMU,119.1204,124.2354,121.6779,10.3118,6.3064,14.653,-3.115,-0.575,8.695,-0.0093,-0.0273,1.0269,
18.825,ENC,119.5227,124.5064,122.0145,10.0561,6.7751,14.277,-3.115,-0.575,8.695,-0.0093,-0.0273,1.0269,
18.830,IMU,119.5227,124.5064,122.0145,10.0561,6.7751,14.277,-3.079,-0.572,8.508,0.0107,-0.0210,0.9814,
18.845,ENC,119.7272,124.6308,122.1790,10.2265,6.2211,14.048,-3.079,-0.572,8.508,0.0107,-0.0210,0.9814,
18.850,IMU,119.7272,124.6308,122.1790,10.2265,6.2211,14.048,-3.078,-0.486,8.338,0.0342,0.1162,1.0615,
18.865,ENC,119.9283,124.7757,122.3520,10.0561,7.2438,13.887,-3.078,-0.486,8.338,0.0342,0.1162,1.0615,
18.870,IMU,119.9283,124.7757,122.3520,10.0561,7.2438,13.887,-3.223,-0.643,8.223,0.1973,-0.0874,0.9058,
18.885,ENC,120.1363,124.8916,122.5139,10.3970,5.7950,13.623,-3.223,-0.643,8.223,0.1973,-0.0874,0.9058,
18.890,IMU,120.1363,124.8916,122.5139,10.3970,5.7950,13.623,-3.054,-0.653,8.049,-0.0532,-0.0034,1.0757,
18.905,ENC,120.3459,125.0245,122.6852,10.4822,6.6473,13.403,-3.054,-0.653,8.049,-0.0532,-0.0034,1.0757,
18.910,IMU,120.3459,125.0245,122.6852,10.4822,6.6473,13.403,-3.069,-0.668,7.917,0.0889,-0.0430,0.7510,
18.925,ENC,120.5487,125.1558,122.8523,10.1413,6.5620,13.198,-3.069,-0.668,7.917,0.0889,-0.0430,0.7510,
18.930,IMU,120.5487,125.1558,122.8523,10.1413,6.5620,13.198,-3.018,-0.721,7.741,-0.0283,-0.0444,1.0146,
18.945,ENC,120.7516,125.2632,123.0074,10.1413,5.3689,12.925,-3.018,-0.721,7.741,-0.0283,-0.0444,1.0146,
18.950,IMU,120.7516,125.2632,123.0074,10.1413,5.3689,12.925,-2.985,-0.664,7.573,0.0337,0.0195,1.0376,
18.965,ENC,120.9390,125.3433,123.1412,9.3743,4.0054,12.617,-2.985,-0.664,7.573,0.0337,0.0195,1.0376,
18.970,IMU,120.9390,125.3433,123.1412,9.3743,4.0054,12.617,-3.151,-0.671,7.322,0.1655,-0.0005,0.8267,
18.985,ENC,121.1402,125.4183,123.2792,10.0561,3.7497,12.256,-3.151,-0.671,7.322,0.1655,-0.0005,0.8267,
18.990,IMU,121.1402,125.4183,123.2792,10.0561,3.7497,12.256,-3.231,-0.651,7.026,0.0884,0.0073,0.9380,
19.005,ENC,121.3242,125.4916,123.4079,9.2039,3.6645,11.938,-3.231,-0.651,7.026,0.0884,0.0073,0.9380,
19.011,IMU,121.3242,125.4916,123.4079,9.2039,3.6645,11.938,-3.121,-0.669,6.765,-0.0215,-0.0010,1.1074,
19.025,ENC,121.5151,125.5495,123.5323,9.5448,2.8975,11.558,-3.121,-0.669,6.765,-0.0215,-0.0010,1.1074,
19.034,IMU,121.5151,125.5495,123.5323,9.5448,2.8975,11.558,-3.086,-0.697,6.563,0.0112,-0.0200,1.0767,
19.048,ENC,121.7197,125.6058,123.6627,10.2265,2.8123,11.133,-3.086,-0.697,6.563,0.0112,-0.0200,1.0767,
19.052,IMU,121.7197,125.6058,123.6627,10.2265,2.8123,11.133,-3.097,-0.766,6.287,0.0581,-0.0415,1.0811,
19.065,ENC,121.9208,125.6637,123.7922,10.0561,2.8975,10.723,-3.097,-0.766,6.287,0.0581,-0.0415,1.0811,
19.070,IMU,121.9208,125.6637,123.7922,10.0561,2.8975,10.723,-3.092,-0.929,6.008,0.0337,-0.1372,0.9492,
19.085,ENC,122.1287,125.7200,123.9243,10.3970,2.8123,10.288,-3.092,-0.929,6.008,0.0337,-0.1372,0.9492,
19.090,IMU,122.1287,125.7200,123.9243,10.3970,2.8123,10.288,-3.106,-0.799,5.747,0.0791,0.0786,0.7593,
19.105,ENC,122.3452,125.7745,124.0598,10.8231,2.7271,9.824,-3.106,-0.799,5.747,0.0791,0.0786,0.7593,
19.113,IMU,122.3452,125.7745,124.0598,10.8231,2.7271,9.824,-3.257,-0.821,5.437,0.1572,0.0293,0.9375,
19.125,ENC,122.5600,125.8256,124.1928,10.7379,2.5566,9.355,-3.257,-0.821,5.437,0.1572,0.0293,0.9375,
19.131,IMU,122.5600,125.8256,124.1928,10.7379,2.5566,9.355,-3.107,-0.847,5.150,-0.0454,-0.0205,1.0317,
19.145,ENC,122.7798,125.8751,124.3274,10.9935,2.4714,8.867,-3.107,-0.847,5.150,-0.0454,-0.0205,1.0317,
19.152,IMU,122.7798,125.8751,124.3274,10.9935,2.4714,8.867,-3.166,-0.789,4.861,0.1245,0.0596,0.9717,
19.165,ENC,123.0031,125.9296,124.4663,11.1640,2.7271,8.384,-3.166,-0.789,4.861,0.1245,0.0596,0.9717,
19.169,IMU,123.0031,125.9296,124.4663,11.1640,2.7271,8.384,-3.197,-0.759,4.690,0.0913,0.0054,1.0801,
19.185,ENC,123.2076,125.9824,124.5950,10.2265,2.6419,7.949,-3.197,-0.759,4.690,0.0913,0.0054,1.0801,
19.190,IMU,123.2076,125.9824,124.5950,10.2265,2.6419,7.949,-3.155,-0.735,4.458,0.0171,0.0205,1.0088,
19.205,ENC,123.3934,126.0336,124.7135,9.2891,2.5566,7.563,-3.155,-0.735,4.458,0.0171,0.0205,1.0088,
19.212,IMU,123.3934,126.0336,124.7135,9.2891,2.5566,7.563,-3.075,-0.704,4.320,-0.0537,-0.0073,0.9990,
19.225,ENC,123.5536,126.0881,124.8209,8.0108,2.7271,7.261,-3.075,-0.704,4.320,-0.0537,-0.0073,0.9990,
19.231,IMU,123.5536,126.0881,124.8209,8.0108,2.7271,7.261,-3.020,-0.595,4.216,0.0381,0.0776,0.9087,
19.245,ENC,123.6900,126.1409,124.9155,6.8177,2.6419,7.021,-3.020,-0.595,4.216,0.0381,0.0776,0.9087,
19.249,IMU,123.6900,126.1409,124.9155,6.8177,2.6419,7.021,-3.042,-0.590,4.136,0.0635,0.0161,1.0483,
19.265,ENC,123.8127,126.1955,125.0041,6.1359,2.7271,6.826,-3.042,-0.590,4.136,0.0635,0.0161,1.0483,
19.270,IMU,123.8127,126.1955,125.0041,6.1359,2.7271,6.826,-3.080,-0.526,4.066,0.0698,0.0078,1.0967,
19.285,ENC,123.9235,126.2228,125.0731,5.5394,1.3635,6.587,-3.080,-0.526,4.066,0.0698,0.0078,1.0967,
19.290,IMU,123.9235,126.2228,125.0731,5.5394,1.3635,6.587,-3.183,-0.496,3.912,0.1499,0.0239,0.9590,
19.305,ENC,124.0360,126.2245,125.1302,5.6246,0.0852,6.270,-3.183,-0.496,3.912,0.1499,0.0239,0.9590,
19.310,IMU,124.0360,126.2245,125.1302,5.6246,0.0852,6.270,-3.259,-0.318,3.678,0.1294,0.0942,0.8975,
19.325,ENC,124.1519,126.2074,125.1796,5.7950,-0.8522,5.889,-3.259,-0.318,3.678,0.1294,0.0942,0.8975,
19.331,IMU,124.1519,126.2074,125.1796,5.7950,-0.8522,5.889,-3.313,-0.216,3.459,0.0850,0.0928,1.0264,
19.345,ENC,124.2541,126.1716,125.2129,5.1133,-1.7896,5.493,-3.313,-0.216,3.459,0.0850,0.0928,1.0264,
19.349,IMU,124.2541,126.1716,125.2129,5.1133,-1.7896,5.493,-3.397,-0.186,3.170,0.1221,0.0205,1.0630,
19.365,ENC,124.3581,126.1086,125.2333,5.1985,-3.1532,5.015,-3.397,-0.186,3.170,0.1221,0.0205,1.0630,
19.371,IMU,124.3581,126.1086,125.2333,5.1985,-3.1532,5.015,-3.459,-0.146,2.877,0.0737,0.0698,1.0239,
19.386,ENC,124.4519,126.0267,125.2393,4.6872,-4.0906,4.512,-3.459,-0.146,2.877,0.0737,0.0698,1.0239,
19.390,IMU,124.4519,126.0267,125.2393,4.6872,-4.0906,4.512,-3.448,-0.152,2.557,0.0547,0.0298,0.9619,
19.407,ENC,124.5473,125.9330,125.2402,4.7724,-4.6872,3.970,-3.448,-0.152,2.557,0.0547,0.0298,0.9619,
19.411,IMU,124.5473,125.9330,125.2402,4.7724,-4.6872,3.970,-3.494,-0.168,2.248,0.1484,0.0176,0.9399,
19.425,ENC,124.6411,125.8359,125.2385,4.6872,-4.8576,3.423,-3.494,-0.168,2.248,0.1484,0.0176,0.9399,
19.430,IMU,124.6411,125.8359,125.2385,4.6872,-4.8576,3.423,-3.448,-0.143,1.893,0.0181,0.0288,0.9849,
19.445,ENC,124.7246,125.7387,125.2316,4.1758,-4.8576,2.905,-3.448,-0.143,1.893,0.0181,0.0288,0.9849,
19.453,IMU,124.7246,125.7387,125.2316,4.1758,-4.8576,2.905,-3.454,-0.141,1.597,0.0425,0.0303,0.9556,
19.465,ENC,124.8115,125.6364,125.2240,4.3463,-5.1133,2.363,-3.454,-0.141,1.597,0.0425,0.0303,0.9556,
19.470,IMU,124.8115,125.6364,125.2240,4.3463,-5.1133,2.363,-3.524,-0.173,1.292,0.1079,0.0029,0.9785,
19.485,ENC,124.9001,125.5410,125.2206,4.4315,-4.7724,1.836,-3.524,-0.173,1.292,0.1079,0.0029,0.9785,
19.491,IMU,124.9001,125.5410,125.2206,4.4315,-4.7724,1.836,-3.568,-0.217,0.986,0.0552,0.0034,1.0693,
19.512,IMU,124.9001,125.5410,125.2206,4.4315,-4.7724,1.836,-3.557,-0.269,0.640,0.0088,-0.0273,1.0571,
19.530,IMU,124.9001,125.5410,125.2206,4.4315,-4.7724,1.836,-3.563,-0.297,0.276,0.0806,-0.0234,1.0522,
19.545,ENC,125.1507,125.1882,125.1694,4.1758,-5.8803,0.107,-3.563,-0.297,0.276,0.0806,-0.0234,1.0522,
19.550,IMU,125.1507,125.1882,125.1694,4.1758,-5.8803,0.107,-3.576,-0.373,-0.099,0.0469,-0.0410,1.0137,
19.565,ENC,125.2274,125.0876,125.1575,3.8350,-5.0280,-0.400,-3.576,-0.373,-0.099,0.0469,-0.0410,1.0137,
19.570,IMU,125.2274,125.0876,125.1575,3.8350,-5.0280,-0.400,-3.626,-0.487,-0.413,0.0698,-0.0747,1.0259,
19.585,ENC,125.3041,124.9836,125.1439,3.8350,-5.1985,-0.918,-3.626,-0.487,-0.413,0.0698,-0.0747,1.0259,
19.590,IMU,125.3041,124.9836,125.1439,3.8350,-5.1985,-0.918,-3.671,-0.527,-0.740,0.0923,-0.0293,0.9565,
19.605,ENC,125.3825,124.8814,125.1319,3.9202,-5.1133,-1.436,-3.671,-0.527,-0.740,0.0923,-0.0293,0.9565,
19.610,IMU,125.3825,124.8814,125.1319,3.9202,-5.1133,-1.436,-3.729,-0.577,-1.063,0.1055,-0.0171,1.0073,
19.625,ENC,125.4592,124.7842,125.1217,3.8350,-4.8576,-1.934,-3.729,-0.577,-1.063,0.1055,-0.0171,1.0073,
19.630,IMU,125.4592,124.7842,125.1217,3.8350,-4.8576,-1.934,-3.808,-0.625,-1.423,0.0957,-0.0469,0.9805,
19.645,ENC,125.5376,124.6803,125.1089,3.9202,-5.1985,-2.456,-3.808,-0.625,-1.423,0.0957,-0.0469,0.9805,
19.650,IMU,125.5376,124.6803,125.1089,3.9202,-5.1985,-2.456,-3.816,-0.607,-1.733,0.0532,0.0312,1.0171,
19.665,ENC,125.6126,124.5712,125.0919,3.7497,-5.4542,-2.983,-3.816,-0.607,-1.733,0.0532,0.0312,1.0171,
19.670,IMU,125.6126,124.5712,125.0919,3.7497,-5.4542,-2.983,-3.860,-0.654,-2.069,0.1133,-0.0127,0.9648,
19.685,ENC,125.6859,124.4655,125.0757,3.6645,-5.2837,-3.496,-3.860,-0.654,-2.069,0.1133,-0.0127,0.9648,
19.690,IMU,125.6859,124.4655,125.0757,3.6645,-5.2837,-3.496,-3.792,-0.639,-2.361,0.0229,0.0161,1.0845,
19.705,ENC,125.7609,124.3564,125.0586,3.7497,-5.4542,-4.023,-3.792,-0.639,-2.361,0.0229,0.0161,1.0845,
19.710,IMU,125.7609,124.3564,125.0586,3.7497,-5.4542,-4.023,-3.843,-0.676,-2.689,0.0820,-0.0474,1.0000,
19.725,ENC,125.8324,124.2678,125.0501,3.5793,-4.4315,-4.482,-3.843,-0.676,-2.689,0.0820,-0.0474,1.0000,
19.730,IMU,125.8324,124.2678,125.0501,3.5793,-4.4315,-4.482,-3.837,-0.700,-3.004,0.0483,-0.0039,1.0322,
19.745,ENC,125.9023,124.1723,125.0373,3.4941,-4.7724,-4.956,-3.837,-0.700,-3.004,0.0483,-0.0039,1.0322,
19.750,IMU,125.9023,124.1723,125.0373,3.4941,-4.7724,-4.956,-3.777,-0.778,-3.330,0.0415,-0.0625,0.9531,
19.765,ENC,125.9705,124.0752,125.0228,3.4088,-4.8576,-5.430,-3.777,-0.778,-3.330,0.0415,-0.0625,0.9531,
19.771,IMU,125.9705,124.0752,125.0228,3.4088,-4.8576,-5.430,-3.865,-0.794,-3.618,0.1201,-0.0273,1.0312,
19.785,ENC,126.0404,123.9712,125.0058,3.4941,-5.1985,-5.928,-3.865,-0.794,-3.618,0.1201,-0.0273,1.0312,
19.793,IMU,126.0404,123.9712,125.0058,3.4941,-5.1985,-5.928,-3.894,-0.797,-3.938,0.0908,-0.0298,1.0391,
19.806,ENC,126.1171,123.8707,124.9939,3.8350,-5.0280,-6.436,-3.894,-0.797,-3.938,0.0908,-0.0298,1.0391,
19.810,IMU,126.1171,123.8707,124.9939,3.8350,-5.0280,-6.436,-3.862,-0.795,-4.279,0.0503,0.0029,1.0117,
19.825,ENC,126.2006,123.7718,124.9862,4.1758,-4.9428,-6.958,-3.862,-0.795,-4.279,0.0503,0.0029,1.0117,
19.830,IMU,126.2006,123.7718,124.9862,4.1758,-4.9428,-6.958,-3.817,-0.825,-4.636,0.0083,-0.0396,1.0029,
19.845,ENC,126.2892,123.6712,124.9802,4.4315,-5.0280,-7.500,-3.817,-0.825,-4.636,0.0083,-0.0396,1.0029,
19.852,IMU,126.2892,123.6712,124.9802,4.4315,-5.0280,-7.500,-3.826,-0.875,-5.023,0.0762,-0.0464,0.9766,
19.867,ENC,126.3796,123.5656,124.9726,4.5167,-5.2837,-8.062,-3.826,-0.875,-5.023,0.0762,-0.0464,0.9766,
19.870,IMU,126.3796,123.5656,124.9726,4.5167,-5.2837,-8.062,-3.905,-0.876,-5.343,0.1348,-0.0171,0.9038,
19.885,ENC,126.4767,123.4514,124.9640,4.8576,-5.7098,-8.667,-3.905,-0.876,-5.343,0.1348,-0.0171,0.9038,
19.890,IMU,126.4767,123.4514,124.9640,4.8576,-5.7098,-8.667,-3.904,-0.814,-5.732,0.0732,0.0376,1.0029,
19.905,ENC,126.5756,123.3440,124.9598,4.9428,-5.3689,-9.258,-3.904,-0.814,-5.732,0.0732,0.0376,1.0029,
19.910,IMU,126.5756,123.3440,124.9598,4.9428,-5.3689,-9.258,-3.946,-0.851,-6.076,0.1187,-0.0322,1.0278,
19.925,ENC,126.6744,123.2383,124.9564,4.9428,-5.2837,-9.844,-3.946,-0.851,-6.076,0.1187,-0.0322,1.0278,
19.932,IMU,126.6744,123.2383,124.9564,4.9428,-5.2837,-9.844,-3.963,-0.819,-6.408,0.0542,0.0176,1.0718,
19.945,ENC,126.7733,123.1207,124.9470,4.9428,-5.8803,-10.464,-3.963,-0.819,-6.408,0.0542,0.0176,1.0718,
19.950,IMU,126.7733,123.1207,124.9470,4.9428,-5.8803,-10.464,-4.003,-0.839,-6.790,0.0742,0.0156,1.0142,
19.965,ENC,126.8773,123.0048,124.9410,5.1985,-5.7950,-11.094,-4.003,-0.839,-6.790,0.0742,0.0156,1.0142,
19.970,IMU,126.8773,123.0048,124.9410,5.1985,-5.7950,-11.094,-4.043,-0.872,-7.168,0.1128,-0.0605,1.0669,
19.985,ENC,126.9727,122.8906,124.9317,4.7724,-5.7098,-11.694,-4.043,-0.872,-7.168,0.1128,-0.0605,1.0669,
19.990,IMU,126.9727,122.8906,124.9317,4.7724,-5.7098,-11.694,-4.027,-0.928,-7.508,0.0547,-0.0586,0.9658,
20.005,ENC,127.0682,122.7713,124.9197,4.7724,-5.9655,-12.310,-4.027,-0.928,-7.508,0.0547,-0.0586,0.9658,
20.010,IMU,127.0682,122.7713,124.9197,4.7724,-5.9655,-12.310,-4.010,-0.989,-7.861,0.0503,-0.0405,1.0454,
20.025,ENC,127.1687,122.6588,124.9138,5.0280,-5.6246,-12.920,-4.010,-0.989,-7.861,0.0503,-0.0405,1.0454,
20.034,IMU,127.1687,122.6588,124.9138,5.0280,-5.6246,-12.920,-4.109,-1.073,-8.276,0.1182,-0.0513,0.9648,
20.045,ENC,127.2761,122.5361,124.9061,5.3689,-6.1359,-13.579,-4.109,-1.073,-8.276,0.1182,-0.0513,0.9648,
20.049,IMU,127.2761,122.5361,124.9061,5.3689,-6.1359,-13.579,-4.118,-1.037,-8.656,0.0869,0.0200,0.9785,
20.065,ENC,127.3767,122.4066,124.8916,5.0280,-6.4768,-14.238,-4.118,-1.037,-8.656,0.0869,0.0200,0.9785,
20.070,IMU,127.3767,122.4066,124.8916,5.0280,-6.4768,-14.238,-4.103,-1.065,-9.040,0.0850,-0.0254,0.9995,
20.085,ENC,127.4738,122.2958,124.8848,4.8576,-5.5394,-14.834,-4.103,-1.065,-9.040,0.0850,-0.0254,0.9995,
20.089,IMU,127.4738,122.2958,124.8848,4.8576,-5.5394,-14.834,-4.113,-0.991,-9.419,0.0840,0.0557,0.9790,
20.105,ENC,127.5778,122.1645,124.8711,5.1985,-6.5620,-15.508,-4.113,-0.991,-9.419,0.0840,0.0557,0.9790,
20.110,IMU,127.5778,122.1645,124.8711,5.1985,-6.5620,-15.508,-4.114,-1.054,-9.736,0.0317,-0.0103,1.0386,
20.126,ENC,127.6783,122.0367,124.8575,5.0280,-6.3916,-16.162,-4.114,-1.054,-9.736,0.0317,-0.0103,1.0386,
20.130,IMU,127.6783,122.0367,124.8575,5.0280,-6.3916,-16.162,-4.125,-1.095,-10.084,0.0581,-0.0474,1.0684,
20.145,ENC,127.7636,121.9276,124.8456,4.2611,-5.4542,-16.719,-4.125,-1.095,-10.084,0.0581,-0.0474,1.0684,
20.149,IMU,127.7636,121.9276,124.8456,4.2611,-5.4542,-16.719,-4.069,-1.109,-10.410,0.0215,-0.0054,0.9751,
20.165,ENC,127.8556,121.8100,124.8328,4.6019,-5.8803,-17.319,-4.069,-1.109,-10.410,0.0215,-0.0054,0.9751,
20.176,IMU,127.8556,121.8100,124.8328,4.6019,-5.8803,-17.319,-4.076,-0.998,-10.779,0.1064,0.0508,0.9658,
20.185,ENC,127.9391,121.6975,124.8183,4.1758,-5.6246,-17.881,-4.076,-0.998,-10.779,0.1064,0.0508,0.9658,
20.190,IMU,127.9391,121.6975,124.8183,4.1758,-5.6246,-17.881,-4.079,-1.034,-11.156,0.0645,-0.0269,0.9775,
20.205,ENC,128.0311,121.5884,124.8098,4.6019,-5.4542,-18.457,-4.079,-1.034,-11.156,0.0645,-0.0269,0.9775,
20.210,IMU,128.0311,121.5884,124.8098,4.6019,-5.4542,-18.457,-4.108,-1.037,-11.499,0.0845,0.0249,0.9868,
20.230,IMU,128.0311,121.5884,124.8098,4.6019,-5.4542,-18.457,-4.239,-1.039,-11.843,0.1216,-0.0088,0.9863,
20.245,ENC,128.2033,121.3720,124.7876,4.3037,-5.4115,-19.570,-4.239,-1.039,-11.843,0.1216,-0.0088,0.9863,
20.250,IMU,128.2033,121.3720,124.7876,4.3037,-5.4115,-19.570,-4.236,-1.037,-12.193,0.0713,0.0312,1.0386,
20.265,ENC,128.2851,121.2629,124.7740,4.0906,-5.4542,-20.117,-4.236,-1.037,-12.193,0.0713,0.0312,1.0386,
20.270,IMU,128.2851,121.2629,124.7740,4.0906,-5.4542,-20.117,-4.190,-1.064,-12.581,0.0542,-0.0029,0.9590,
20.286,ENC,128.3720,121.1453,124.7587,4.3463,-5.8803,-20.703,-4.190,-1.064,-12.581,0.0542,-0.0029,0.9590,
20.290,IMU,128.3720,121.1453,124.7587,4.3463,-5.8803,-20.703,-4.125,-1.054,-13.004,0.0576,0.0024,0.9512,
20.305,ENC,128.4709,121.0328,124.7518,4.9428,-5.6246,-21.309,-4.125,-1.054,-13.004,0.0576,0.0024,0.9512,
20.310,IMU,128.4709,121.0328,124.7518,4.9428,-5.6246,-21.309,-4.162,-1.103,-13.398,0.0552,-0.0601,1.0146,
20.325,ENC,128.5629,120.9203,124.7416,4.6019,-5.6246,-21.895,-4.162,-1.103,-13.398,0.0552,-0.0601,1.0146,
20.332,IMU,128.5629,120.9203,124.7416,4.6019,-5.6246,-21.895,-4.171,-1.146,-13.772,0.0723,-0.0557,0.9941,
20.345,ENC,128.6601,120.8112,124.7356,4.8576,-5.4542,-22.485,-4.171,-1.146,-13.772,0.0723,-0.0557,0.9941,
20.350,IMU,128.6601,120.8112,124.7356,4.8576,-5.4542,-22.485,-4.207,-1.079,-14.096,0.0762,0.0420,1.0117,
20.365,ENC,128.7538,120.7004,124.7271,4.6872,-5.5394,-23.071,-4.207,-1.079,-14.096,0.0762,0.0420,1.0117,
20.370,IMU,128.7538,120.7004,124.7271,4.6872,-5.5394,-23.071,-4.193,-1.113,-14.485,0.0674,0.0205,0.9478,
20.385,ENC,128.8663,120.5930,124.7297,5.6246,-5.3689,-23.701,-4.193,-1.113,-14.485,0.0674,0.0205,0.9478,
20.389,IMU,128.8663,120.5930,124.7297,5.6246,-5.3689,-23.701,-4.089,-1.109,-14.835,-0.0083,-0.0044,0.9971,
20.405,ENC,128.9635,120.4771,124.7203,4.8576,-5.7950,-24.312,-4.089,-1.109,-14.835,-0.0083,-0.0044,0.9971,
20.410,IMU,128.9635,120.4771,124.7203,4.8576,-5.7950,-24.312,-4.077,-1.089,-15.170,0.0483,0.0161,1.0469,
20.425,ENC,129.0674,120.3595,124.7135,5.1985,-5.8803,-24.946,-4.077,-1.089,-15.170,0.0483,0.0161,1.0469,
20.433,IMU,129.0674,120.3595,124.7135,5.1985,-5.8803,-24.946,-4.068,-1.117,-15.504,0.0317,-0.0571,1.0977,
20.445,ENC,129.1680,120.2436,124.7058,5.0280,-5.7950,-25.566,-4.068,-1.117,-15.504,0.0317,-0.0571,1.0977,
20.450,IMU,129.1680,120.2436,124.7058,5.0280,-5.7950,-25.566,-4.062,-1.054,-15.884,0.0527,0.0547,1.0005,
20.465,ENC,129.2686,120.1260,124.6973,5.0280,-5.8803,-26.191,-4.062,-1.054,-15.884,0.0527,0.0547,1.0005,
20.470,IMU,129.2686,120.1260,124.6973,5.0280,-5.8803,-26.191,-4.029,-1.044,-16.276,0.0415,0.0093,0.9146,
20.485,ENC,129.3657,120.0050,124.6854,4.8576,-6.0507,-26.816,-4.029,-1.044,-16.276,0.0415,0.0093,0.9146,
20.490,IMU,129.3657,120.0050,124.6854,4.8576,-6.0507,-26.816,-4.024,-1.097,-16.653,0.0664,-0.0137,1.0439,
20.505,ENC,129.4680,119.8823,124.6751,5.1133,-6.1359,-27.461,-4.024,-1.097,-16.653,0.0664,-0.0137,1.0439,
20.510,IMU,129.4680,119.8823,124.6751,5.1133,-6.1359,-27.461,-3.960,-1.083,-17.001,0.0547,-0.0063,1.0137,
20.525,ENC,129.5566,119.7681,124.6624,4.4315,-5.7098,-28.042,-3.960,-1.083,-17.001,0.0547,-0.0063,1.0137,
20.530,IMU,129.5566,119.7681,124.6624,4.4315,-5.7098,-28.042,-3.986,-1.101,-17.340,0.0801,-0.0322,0.9653,
20.545,ENC,129.6572,119.6454,124.6513,5.0280,-6.1359,-28.682,-3.986,-1.101,-17.340,0.0801,-0.0322,0.9653,
20.550,IMU,129.6572,119.6454,124.6513,5.0280,-6.1359,-28.682,-3.918,-1.122,-17.680,0.0288,-0.0312,0.9849,
20.565,ENC,129.7560,119.5261,124.6411,4.9428,-5.9655,-29.307,-3.918,-1.122,-17.680,0.0288,-0.0312,0.9849,
20.601,IMU,129.7560,119.5261,124.6411,4.9428,-5.9655,-29.307,-3.902,-1.110,-18.032,0.0186,0.0132,1.0254,
20.603,ENC,129.8532,119.4017,124.6274,4.8576,-6.2211,-29.941,-3.902,-1.110,-18.032,0.0186,0.0132,1.0254,
20.607,IMU,129.8532,119.4017,124.6274,4.8576,-6.2211,-29.941,-3.938,-1.130,-18.414,0.0991,-0.0562,1.0596,
20.609,ENC,129.9537,119.2738,124.6138,5.0280,-6.3916,-30.596,-3.938,-1.130,-18.414,0.0991,-0.0562,1.0596,
20.612,IMU,129.9537,119.2738,124.6138,5.0280,-6.3916,-30.596,-4.015,-1.082,-18.804,0.1099,0.0464,0.9990,
20.625,ENC,130.0509,119.1545,124.6027,4.8576,-5.9655,-31.216,-4.015,-1.082,-18.804,0.1099,0.0464,0.9990,
20.630,IMU,130.0509,119.1545,124.6027,4.8576,-5.9655,-31.216,-4.037,-1.100,-19.201,0.0996,-0.0176,0.9741,
20.645,ENC,130.1549,119.0284,124.5916,5.1985,-6.3064,-31.875,-4.037,-1.100,-19.201,0.0996,-0.0176,0.9741,
20.650,IMU,130.1549,119.0284,124.5916,5.1985,-6.3064,-31.875,-4.070,-1.122,-19.564,0.1128,-0.0176,1.0527,
20.667,ENC,130.2537,118.9108,124.5822,4.9428,-5.8803,-32.495,-4.070,-1.122,-19.564,0.1128,-0.0176,1.0527,
20.671,IMU,130.2537,118.9108,124.5822,4.9428,-5.8803,-32.495,-4.093,-1.128,-19.940,0.0815,0.0171,0.9971,
20.686,ENC,130.3577,118.7881,124.5729,5.1985,-6.1359,-33.145,-4.093,-1.128,-19.940,0.0815,0.0171,0.9971,
20.690,IMU,130.3577,118.7881,124.5729,5.1985,-6.1359,-33.145,-4.122,-1.081,-20.299,0.0610,0.0498,0.9873,
20.707,ENC,130.4582,118.6670,124.5626,5.0280,-6.0507,-33.779,-4.122,-1.081,-20.299,0.0610,0.0498,0.9873,
20.711,IMU,130.4582,118.6670,124.5626,5.0280,-6.0507,-33.779,-4.112,-1.122,-20.684,0.0405,-0.0215,0.9536,
20.726,ENC,130.5639,118.5409,124.5524,5.2837,-6.3064,-34.443,-4.112,-1.122,-20.684,0.0405,-0.0215,0.9536,
20.730,IMU,130.5639,118.5409,124.5524,5.2837,-6.3064,-34.443,-4.067,-1.171,-21.034,-0.0093,-0.0142,1.0098,
20.745,ENC,130.6713,118.4182,124.5448,5.3689,-6.1359,-35.103,-4.067,-1.171,-21.034,-0.0093,-0.0142,1.0098,
20.750,IMU,130.6713,118.4182,124.5448,5.3689,-6.1359,-35.103,-4.005,-1.185,-21.355,0.0132,-0.0215,0.9658,
20.765,ENC,130.7753,118.2955,124.5354,5.1985,-6.1359,-35.752,-4.005,-1.185,-21.355,0.0132,-0.0215,0.9658,
20.769,IMU,130.7753,118.2955,124.5354,5.1985,-6.1359,-35.752,-4.014,-1.199,-21.696,0.1157,0.0039,0.9688,
20.785,ENC,130.8809,118.1711,124.5260,5.2837,-6.2211,-36.411,-4.014,-1.199,-21.696,0.1157,0.0039,0.9688,
20.790,IMU,130.8809,118.1711,124.5260,5.2837,-6.2211,-36.411,-3.921,-1.167,-22.049,0.0000,0.0537,1.0210,
20.806,ENC,130.9849,118.0620,124.5234,5.1985,-5.4542,-37.021,-3.921,-1.167,-22.049,0.0000,0.0537,1.0210,
20.810,IMU,130.9849,118.0620,124.5234,5.1985,-5.4542,-37.021,-3.831,-1.229,-22.393,-0.0312,-0.0454,1.0361,
20.825,ENC,131.0872,117.9461,124.5166,5.1133,-5.7950,-37.646,-3.831,-1.229,-22.393,-0.0312,-0.0454,1.0361,
20.830,IMU,131.0872,117.9461,124.5166,5.1133,-5.7950,-37.646,-3.842,-1.251,-22.710,0.0342,-0.0273,1.0562,
20.845,ENC,131.1877,117.8302,124.5090,5.0280,-5.7950,-38.267,-3.842,-1.251,-22.710,0.0342,-0.0273,1.0562,
20.850,IMU,131.1877,117.8302,124.5090,5.0280,-5.7950,-38.267,-3.813,-1.253,-23.098,0.0352,-0.0112,0.9780,
20.867,ENC,131.2798,117.7109,124.4953,4.6019,-5.9655,-38.872,-3.813,-1.253,-23.098,0.0352,-0.0112,0.9780,
20.874,IMU,131.2798,117.7109,124.4953,4.6019,-5.9655,-38.872,-3.811,-1.293,-23.432,0.0635,-0.0669,1.0889,
20.885,ENC,131.3718,117.5933,124.4825,4.6019,-5.8803,-39.473,-3.811,-1.293,-23.432,0.0635,-0.0669,1.0889,
20.892,IMU,131.3718,117.5933,124.4825,4.6019,-5.8803,-39.473,-3.757,-1.339,-23.808,0.0269,-0.0073,0.9722,
20.905,ENC,131.4639,117.4859,124.4749,4.6019,-5.3689,-40.044,-3.757,-1.339,-23.808,0.0269,-0.0073,0.9722,
20.911,IMU,131.4639,117.4859,124.4749,4.6019,-5.3689,-40.044,-3.833,-1.362,-24.137,0.0537,-0.0200,1.0781,
20.925,ENC,131.5525,117.3785,124.4655,4.4315,-5.3689,-40.605,-3.833,-1.362,-24.137,0.0537,-0.0200,1.0781,
20.930,IMU,131.5525,117.3785,124.4655,4.4315,-5.3689,-40.605,-3.816,-1.355,-24.465,0.0444,-0.0200,0.9795,
20.945,ENC,131.6445,117.2728,124.4587,4.6019,-5.2837,-41.172,-3.816,-1.355,-24.465,0.0444,-0.0200,0.9795,
20.950,IMU,131.6445,117.2728,124.4587,4.6019,-5.2837,-41.172,-3.781,-1.395,-24.851,0.0483,-0.0503,0.9487,
20.965,ENC,131.7297,117.1706,124.4502,4.2611,-5.1133,-41.709,-3.781,-1.395,-24.851,0.0483,-0.0503,0.9487,
20.970,IMU,131.7297,117.1706,124.4502,4.2611,-5.1133,-41.709,-3.785,-1.484,-25.183,0.0312,-0.0742,1.1152,
20.985,ENC,131.8133,117.0632,124.4382,4.1758,-5.3689,-42.256,-3.785,-1.484,-25.183,0.0312,-0.0742,1.1152,
20.991,IMU,131.8133,117.0632,124.4382,4.1758,-5.3689,-42.256,-3.671,-1.515,-25.545,0.0229,-0.0259,0.9468,
21.005,ENC,131.8985,116.9558,124.4271,4.2611,-5.3689,-42.808,-3.671,-1.515,-25.545,0.0229,-0.0259,0.9468,
21.010,IMU,131.8985,116.9558,124.4271,4.2611,-5.3689,-42.808,-3.668,-1.593,-25.866,0.0332,-0.0264,1.0073,
21.028,ENC,131.9615,116.8570,124.4093,3.1532,-4.9428,-43.271,-3.668,-1.593,-25.866,0.0332,-0.0264,1.0073,
21.032,IMU,131.9615,116.8570,124.4093,3.1532,-4.9428,-43.271,-3.412,-1.599,-26.109,-0.1807,-0.0166,1.0439,
21.050,IMU,131.9615,116.8570,124.4093,3.1532,-4.9428,-43.271,-3.223,-1.651,-26.311,-0.1411,-0.0361,1.0415,
21.052,ENC,132.0110,116.7666,124.3888,2.4714,-4.5167,-43.672,-3.223,-1.651,-26.311,-0.1411,-0.0361,1.0415,
21.073,IMU,132.0110,116.7666,124.3888,2.4714,-4.5167,-43.672,-3.188,-1.655,-26.465,0.0420,-0.0200,1.0049,
21.089,ENC,132.0894,116.6337,124.3615,1.9601,-3.3236,-44.277,-3.188,-1.655,-26.465,0.0420,-0.0200,1.0049,
21.094,IMU,132.0894,116.6337,124.3615,1.9601,-3.3236,-44.277,-3.318,-1.718,-26.691,0.1538,-0.0415,1.0503,
21.105,ENC,132.1354,116.5689,124.3522,2.3010,-3.2384,-44.595,-3.318,-1.718,-26.691,0.1538,-0.0415,1.0503,
21.110,IMU,132.1354,116.5689,124.3522,2.3010,-3.2384,-44.595,-3.355,-1.752,-26.903,0.0835,-0.0347,1.0044,
21.125,ENC,132.1831,116.5058,124.3445,2.3862,-3.1532,-44.912,-3.355,-1.752,-26.903,0.0835,-0.0347,1.0044,
21.131,IMU,132.1831,116.5058,124.3445,2.3862,-3.1532,-44.912,-3.310,-1.683,-27.112,0.0176,0.0347,0.9673,
21.148,ENC,132.2223,116.4530,124.3377,1.9601,-2.6419,-45.176,-3.310,-1.683,-27.112,0.0176,0.0347,0.9673,
21.152,IMU,132.2223,116.4530,124.3377,1.9601,-2.6419,-45.176,-3.266,-1.596,-27.252,0.0098,0.0029,0.9648,
21.165,ENC,132.2479,116.4206,124.3343,1.2783,-1.6192,-45.342,-3.266,-1.596,-27.252,0.0098,0.0029,0.9648,
21.170,IMU,132.2479,116.4206,124.3343,1.2783,-1.6192,-45.342,-3.279,-1.585,-27.347,0.0972,0.0073,0.9907,
21.185,ENC,132.2615,116.4070,124.3343,0.6818,-0.6818,-45.420,-3.279,-1.585,-27.347,0.0972,0.0073,0.9907,
21.190,IMU,132.2615,116.4070,124.3343,0.6818,-0.6818,-45.420,-3.269,-1.508,-27.428,0.0894,0.0254,1.0151,
21.205,ENC,132.2649,116.3814,124.3232,0.1704,-1.2783,-45.503,-3.269,-1.508,-27.428,0.0894,0.0254,1.0151,
21.209,IMU,132.2649,116.3814,124.3232,0.1704,-1.2783,-45.503,-3.253,-1.477,-27.418,0.0249,0.0273,0.9917,
21.225,ENC,132.2649,116.3729,124.3189,0.0000,-0.4261,-45.527,-3.253,-1.477,-27.418,0.0249,0.0273,0.9917,
21.230,IMU,132.2649,116.3729,124.3189,0.0000,-0.4261,-45.527,-3.247,-1.427,-27.466,0.0659,-0.0078,0.9771,
21.245,ENC,132.2649,116.3678,124.3164,0.0000,-0.2557,-45.542,-3.247,-1.427,-27.466,0.0659,-0.0078,0.9771,
21.251,IMU,132.2649,116.3678,124.3164,0.0000,-0.2557,-45.542,-3.287,-1.412,-27.522,0.0479,-0.0303,1.0015,
21.265,ENC,132.2649,116.3644,124.3147,0.0000,-0.1704,-45.552,-3.287,-1.412,-27.522,0.0479,-0.0303,1.0015,
21.269,IMU,132.2649,116.3644,124.3147,0.0000,-0.1704,-45.552,-3.280,-1.394,-27.472,0.0742,-0.0181,1.0020,
21.285,ENC,132.2649,116.3644,124.3147,0.0000,0.0000,-45.552,-3.280,-1.394,-27.472,0.0742,-0.0181,1.0020,
21.290,IMU,132.2649,116.3644,124.3147,0.0000,0.0000,-45.552,-3.331,-1.392,-27.498,0.0947,-0.0034,0.9858,
21.306,ENC,132.2649,116.3661,124.3155,0.0000,0.0852,-45.547,-3.331,-1.392,-27.498,0.0947,-0.0034,0.9858,
21.311,IMU,132.2649,116.3661,124.3155,0.0000,0.0852,-45.547,-3.305,-1.304,-27.472,0.0532,0.0186,0.9878,
21.325,ENC,132.2649,116.3661,124.3155,0.0000,0.0000,-45.547,-3.305,-1.304,-27.472,0.0532,0.0186,0.9878,
21.329,IMU,132.2649,116.3661,124.3155,0.0000,0.0000,-45.547,-3.341,-1.267,-27.459,0.0605,0.0015,1.0137,
21.345,ENC,132.2649,116.3644,124.3147,0.0000,-0.0852,-45.552,-3.341,-1.267,-27.459,0.0605,0.0015,1.0137,
21.350,IMU,132.2649,116.3644,124.3147,0.0000,-0.0852,-45.552,-3.332,-1.274,-27.502,0.0698,-0.0093,0.9717,
21.365,ENC,132.2683,116.3644,124.3164,0.1704,0.0000,-45.562,-3.332,-1.274,-27.502,0.0698,-0.0093,0.9717,
21.372,IMU,132.2683,116.3644,124.3164,0.1704,0.0000,-45.562,-3.355,-1.324,-27.518,0.0991,-0.0415,0.9639,
21.403,ENC,132.2939,116.3678,124.3308,1.2783,0.1704,-45.625,-3.355,-1.324,-27.518,0.0991,-0.0415,0.9639,
21.405,ENC,132.3382,116.3780,124.3581,2.2158,0.5113,-45.723,-3.355,-1.324,-27.518,0.0991,-0.0415,0.9639,
21.418,IMU,132.3382,116.3780,124.3581,2.2158,0.5113,-45.723,-3.320,-1.458,-27.577,0.0513,-0.0571,1.1099,
21.421,IMU,132.3382,116.3780,124.3581,2.2158,0.5113,-45.723,-3.345,-1.604,-27.665,0.0142,-0.1392,0.9995,
21.425,ENC,132.4132,116.3968,124.4050,3.7497,0.9374,-45.884,-3.345,-1.604,-27.665,0.0142,-0.1392,0.9995,
21.430,IMU,132.4132,116.3968,124.4050,3.7497,0.9374,-45.884,-3.353,-1.708,-27.842,0.0879,-0.1025,1.0181,
21.445,ENC,132.5342,116.4036,124.4689,6.0507,0.3409,-46.211,-3.353,-1.708,-27.842,0.0879,-0.1025,1.0181,
21.450,IMU,132.5342,116.4036,124.4689,6.0507,0.3409,-46.211,-3.472,-1.768,-28.090,0.1284,-0.0713,0.9717,
21.465,ENC,132.6757,116.4104,124.5430,7.0734,0.3409,-46.597,-3.472,-1.768,-28.090,0.1284,-0.0713,0.9717,
21.470,IMU,132.6757,116.4104,124.5430,7.0734,0.3409,-46.597,-3.431,-1.844,-28.353,0.0464,-0.0327,0.9429,
21.485,ENC,132.8325,116.4291,124.6308,7.8403,0.9374,-46.992,-3.431,-1.844,-28.353,0.0464,-0.0327,0.9429,
21.490,IMU,132.8325,116.4291,124.6308,7.8403,0.9374,-46.992,-3.505,-1.888,-28.589,0.0713,-0.0708,1.0942,
21.506,ENC,132.9927,116.4326,124.7126,8.0108,0.1704,-47.441,-3.505,-1.888,-28.589,0.0713,-0.0708,1.0942,
21.510,IMU,132.9927,116.4326,124.7126,8.0108,0.1704,-47.441,-3.460,-1.922,-28.918,0.0137,-0.0508,1.0195,
21.527,ENC,133.1581,116.4326,124.7953,8.2665,0.0000,-47.915,-3.460,-1.922,-28.918,0.0137,-0.0508,1.0195,
21.530,IMU,133.1581,116.4326,124.7953,8.2665,0.0000,-47.915,-3.413,-1.948,-29.194,-0.0728,-0.0269,1.0747,
21.545,ENC,133.3336,116.4377,124.8856,8.7778,0.2557,-48.403,-3.413,-1.948,-29.194,-0.0728,-0.0269,1.0747,
21.550,IMU,133.3336,116.4377,124.8856,8.7778,0.2557,-48.403,-3.336,-1.980,-29.446,-0.0356,-0.0654,1.0938,
21.565,ENC,133.5041,116.4394,124.9717,8.5221,0.0852,-48.887,-3.336,-1.980,-29.446,-0.0356,-0.0654,1.0938,
21.572,IMU,133.5041,116.4394,124.9717,8.5221,0.0852,-48.887,-3.403,-2.013,-29.725,0.1387,-0.0723,1.0127,
21.585,ENC,133.6711,116.4411,125.0561,8.3517,0.0852,-49.360,-3.403,-2.013,-29.725,0.1387,-0.0723,1.0127,
21.590,IMU,133.6711,116.4411,125.0561,8.3517,0.0852,-49.360,-3.339,-1.965,-29.926,0.0195,-0.0166,0.9751,
21.608,ENC,133.8262,116.4598,125.1430,7.7551,0.9374,-49.751,-3.339,-1.965,-29.926,0.0195,-0.0166,0.9751,
21.612,IMU,133.8262,116.4598,125.1430,7.7551,0.9374,-49.751,-3.265,-1.865,-30.066,-0.0029,0.0625,0.9355,
21.629,IMU,133.8262,116.4598,125.1430,7.7551,0.9374,-49.751,-3.106,-1.808,-30.117,-0.0801,0.0034,1.0264,
21.645,ENC,134.0682,116.6132,125.3407,6.0507,3.8350,-50.005,-3.106,-1.808,-30.117,-0.0801,0.0034,1.0264,
21.650,IMU,134.0682,116.6132,125.3407,6.0507,3.8350,-50.005,-3.065,-1.773,-30.030,-0.0156,-0.0005,1.0127,
21.668,ENC,134.1671,116.7308,125.4489,4.9428,5.8803,-49.951,-3.065,-1.773,-30.030,-0.0156,-0.0005,1.0127,
21.688,ENC,134.2574,116.8570,125.5572,4.5167,6.3064,-49.849,-3.065,-1.773,-30.030,-0.0156,-0.0005,1.0127,
21.691,IMU,134.2574,116.8570,125.5572,4.5167,6.3064,-49.849,-3.169,-1.797,-29.790,0.1069,-0.0249,1.0269,
21.714,IMU,134.2574,116.8570,125.5572,4.5167,6.3064,-49.849,-3.178,-1.827,-29.685,0.0562,-0.0645,1.0234,
21.730,IMU,134.2574,116.8570,125.5572,4.5167,6.3064,-49.849,-3.342,-1.825,-29.579,0.1206,-0.0684,1.0044,
21.745,ENC,134.5625,117.2336,125.8981,5.0849,6.2780,-49.644,-3.342,-1.825,-29.579,0.1206,-0.0684,1.0044,
21.750,IMU,134.5625,117.2336,125.8981,5.0849,6.2780,-49.644,-3.397,-1.767,-29.473,0.0996,0.0225,1.0176,
21.772,IMU,134.5625,117.2336,125.8981,5.0849,6.2780,-49.644,-3.348,-1.746,-29.325,-0.0015,-0.0464,1.0415,
21.778,ENC,134.6631,117.3581,126.0106,5.0280,6.2211,-49.575,-3.348,-1.746,-29.325,-0.0015,-0.0464,1.0415,
21.790,IMU,134.6631,117.3581,126.0106,5.0280,6.2211,-49.575,-3.285,-1.738,-29.228,-0.0127,-0.0112,1.0005,
21.792,ENC,134.7602,117.4876,126.1239,4.8576,6.4768,-49.482,-3.285,-1.738,-29.228,-0.0127,-0.0112,1.0005,
21.805,ENC,134.8557,117.6256,126.2407,4.7724,6.9029,-49.360,-3.285,-1.738,-29.228,-0.0127,-0.0112,1.0005,
21.810,IMU,134.8557,117.6256,126.2407,4.7724,6.9029,-49.360,-3.143,-1.764,-29.135,-0.0737,-0.0171,1.0024,
21.825,ENC,134.9545,117.7978,126.3762,4.9428,8.6073,-49.150,-3.143,-1.764,-29.135,-0.0737,-0.0171,1.0024,
21.830,IMU,134.9545,117.7978,126.3762,4.9428,8.6073,-49.150,-3.115,-1.884,-28.968,0.0586,-0.0762,0.9697,
21.845,ENC,135.0517,117.9836,126.5176,4.8576,9.2891,-48.896,-3.115,-1.884,-28.968,0.0586,-0.0762,0.9697,
21.853,IMU,135.0517,117.9836,126.5176,4.8576,9.2891,-48.896,-3.204,-1.894,-28.799,0.1504,-0.0327,0.7993,
21.865,ENC,135.1505,118.1591,126.6548,4.9428,8.7778,-48.677,-3.204,-1.894,-28.799,0.1504,-0.0327,0.7993,
21.872,IMU,135.1505,118.1591,126.6548,4.9428,8.7778,-48.677,-3.324,-1.933,-28.617,0.1514,-0.0747,1.0024,
21.885,ENC,135.2170,118.3466,126.7818,3.3236,9.3743,-48.330,-3.324,-1.933,-28.617,0.1514,-0.0747,1.0024,
21.893,IMU,135.2170,118.3466,126.7818,3.3236,9.3743,-48.330,-3.250,-1.964,-28.424,0.0425,-0.0854,0.9590,
21.906,ENC,135.3124,118.5460,126.9292,4.7724,9.9709,-48.032,-3.250,-1.964,-28.424,0.0425,-0.0854,0.9590,
21.910,IMU,135.3124,118.5460,126.9292,4.7724,9.9709,-48.032,-3.329,-1.610,-28.162,0.1011,0.1953,0.8530,
21.930,IMU,135.3124,118.5460,126.9292,4.7724,9.9709,-48.032,-3.312,-1.612,-27.938,0.0552,-0.0151,0.9609,
21.945,ENC,135.5119,118.9329,127.2224,4.9854,9.6726,-47.495,-3.312,-1.612,-27.938,0.0552,-0.0151,0.9609,
21.950,IMU,135.5119,118.9329,127.2224,4.9854,9.6726,-47.495,-3.372,-1.420,-27.776,0.0649,0.1079,1.1040,
21.967,ENC,135.6244,119.1324,127.3784,5.6246,9.9709,-47.246,-3.372,-1.420,-27.776,0.0649,0.1079,1.1040,
21.970,IMU,135.6244,119.1324,127.3784,5.6246,9.9709,-47.246,-3.360,-1.359,-27.622,0.0620,0.0000,1.0044,
21.985,ENC,135.7386,119.3198,127.5292,5.7098,9.3743,-47.036,-3.360,-1.359,-27.622,0.0620,0.0000,1.0044,
21.990,IMU,135.7386,119.3198,127.5292,5.7098,9.3743,-47.036,-3.562,-1.294,-27.544,0.1987,-0.0171,0.9014,
22.005,ENC,135.8579,119.5056,127.6817,5.9655,9.2891,-46.846,-3.562,-1.294,-27.544,0.1987,-0.0171,0.9014,
22.009,IMU,135.8579,119.5056,127.6817,5.9655,9.2891,-46.846,-3.621,-1.157,-27.415,0.1143,0.0918,0.9263,
22.025,ENC,135.9806,119.6863,127.8334,6.1359,9.0334,-46.680,-3.621,-1.157,-27.415,0.1143,0.0918,0.9263,
22.029,IMU,135.9806,119.6863,127.8334,6.1359,9.0334,-46.680,-3.564,-1.129,-27.311,0.0352,0.0127,1.1172,
22.045,ENC,136.1067,119.8874,127.9971,6.3064,10.0561,-46.465,-3.564,-1.129,-27.311,0.0352,0.0127,1.1172,
22.049,IMU,136.1067,119.8874,127.9971,6.3064,10.0561,-46.465,-3.458,-1.138,-27.168,0.0024,-0.0688,1.0469,
22.065,ENC,136.2226,120.0868,128.1547,5.7950,9.9709,-46.226,-3.458,-1.138,-27.168,0.0024,-0.0688,1.0469,
22.071,IMU,136.2226,120.0868,128.1547,5.7950,9.9709,-46.226,-3.516,-1.154,-27.005,0.1357,-0.0503,0.9658,
22.085,ENC,136.2806,120.2811,128.2808,2.8975,9.7152,-45.835,-3.516,-1.154,-27.005,0.1357,-0.0503,0.9658,
22.090,IMU,136.2806,120.2811,128.2808,2.8975,9.7152,-45.835,-3.632,-1.265,-26.806,0.1206,-0.0928,0.9048,
22.105,ENC,136.4016,120.4789,128.4402,6.0507,9.8857,-45.615,-3.632,-1.265,-26.806,0.1206,-0.0928,0.9048,
22.110,IMU,136.4016,120.4789,128.4402,6.0507,9.8857,-45.615,-3.633,-1.142,-26.572,0.0469,0.0771,0.9951,
22.125,ENC,136.5209,120.6800,128.6004,5.9655,10.0561,-45.381,-3.633,-1.142,-26.572,0.0469,0.0771,0.9951,
22.130,IMU,136.5209,120.6800,128.6004,5.9655,10.0561,-45.381,-3.634,-1.107,-26.465,0.0928,-0.0010,0.9404,
22.145,ENC,136.6402,120.8709,128.7555,5.9655,9.5448,-45.176,-3.634,-1.107,-26.465,0.0928,-0.0010,0.9404,
22.150,IMU,136.6402,120.8709,128.7555,5.9655,9.5448,-45.176,-3.755,-0.972,-26.245,0.1113,0.0938,0.8687,
22.174,IMU,136.6402,120.8709,128.7555,5.9655,9.5448,-45.176,-3.784,-1.063,-26.061,0.0439,-0.1450,0.9941,
22.176,ENC,136.7476,121.0737,128.9106,5.3689,10.1413,-44.902,-3.784,-1.063,-26.061,0.0439,-0.1450,0.9941,
22.185,ENC,136.8567,121.2782,129.0674,5.4542,10.2265,-44.629,-3.784,-1.063,-26.061,0.0439,-0.1450,0.9941,
22.190,IMU,136.8567,121.2782,129.0674,5.4542,10.2265,-44.629,-3.770,-1.046,-25.899,0.0244,-0.0220,1.0430,
22.205,ENC,136.9572,121.4657,129.2115,5.0280,9.3743,-44.380,-3.770,-1.046,-25.899,0.0244,-0.0220,1.0430,
22.210,IMU,136.9572,121.4657,129.2115,5.0280,9.3743,-44.380,-3.786,-1.106,-25.694,0.1211,-0.0972,1.0264,
22.225,ENC,137.0663,121.6822,129.3742,5.4542,10.8231,-44.072,-3.786,-1.106,-25.694,0.1211,-0.0972,1.0264,
22.229,IMU,137.0663,121.6822,129.3742,5.4542,10.8231,-44.072,-3.696,-0.973,-25.555,0.0703,0.0835,0.8921,
22.245,ENC,137.1737,121.9037,129.5387,5.3689,11.0788,-43.745,-3.696,-0.973,-25.555,0.0703,0.0835,0.8921,
22.250,IMU,137.1737,121.9037,129.5387,5.3689,11.0788,-43.745,-3.672,-1.069,-25.276,0.0303,-0.1123,0.9990,
22.265,ENC,137.2708,122.1134,129.6921,4.8576,10.4822,-43.423,-3.672,-1.069,-25.276,0.0303,-0.1123,0.9990,
22.270,IMU,137.2708,122.1134,129.6921,4.8576,10.4822,-43.423,-3.610,-0.946,-25.045,-0.0083,0.0664,1.0068,
22.285,ENC,137.3714,122.3162,129.8438,5.0280,10.1413,-43.130,-3.610,-0.946,-25.045,-0.0083,0.0664,1.0068,
22.290,IMU,137.3714,122.3162,129.8438,5.0280,10.1413,-43.130,-3.682,-0.925,-24.829,0.1011,0.0015,1.0537,
22.305,ENC,137.4634,122.5207,129.9921,4.6019,10.2265,-42.808,-3.682,-0.925,-24.829,0.1011,0.0015,1.0537,
22.310,IMU,137.4634,122.5207,129.9921,4.6019,10.2265,-42.808,-3.769,-0.725,-24.633,0.1602,0.1279,0.8413,
22.330,IMU,137.4634,122.5207,129.9921,4.6019,10.2265,-42.808,-3.881,-0.786,-24.421,0.1152,-0.0474,0.8809,
22.345,ENC,137.6611,122.9315,130.2963,4.9428,10.2691,-42.197,-3.881,-0.786,-24.421,0.1152,-0.0474,0.8809,
22.350,IMU,137.6611,122.9315,130.2963,4.9428,10.2691,-42.197,-3.856,-0.755,-24.194,0.0889,0.0522,1.0288,
22.365,ENC,137.7600,123.1224,130.4412,4.9428,9.5448,-41.934,-3.856,-0.755,-24.194,0.0889,0.0522,1.0288,
22.370,IMU,137.7600,123.1224,130.4412,4.9428,9.5448,-41.934,-3.989,-0.690,-24.022,0.1128,0.0068,0.9365,
22.385,ENC,137.8674,123.3218,130.5946,5.3689,9.9709,-41.670,-3.989,-0.690,-24.022,0.1128,0.0068,0.9365,
22.389,IMU,137.8674,123.3218,130.5946,5.3689,9.9709,-41.670,-3.870,-0.719,-23.864,0.0015,-0.0557,0.9678,
22.406,ENC,137.9748,123.5195,130.7471,5.3689,9.8857,-41.411,-3.870,-0.719,-23.864,0.0015,-0.0557,0.9678,
22.410,IMU,137.9748,123.5195,130.7471,5.3689,9.8857,-41.411,-3.807,-0.607,-23.695,0.0830,0.0591,0.9707,
22.426,ENC,138.0770,123.7156,130.8963,5.1133,9.8004,-41.143,-3.807,-0.607,-23.695,0.0830,0.0591,0.9707,
22.430,IMU,138.0770,123.7156,130.8963,5.1133,9.8004,-41.143,-3.678,-0.665,-23.447,-0.1089,-0.0288,1.1289,
22.445,ENC,138.1810,123.9082,131.0446,5.1985,9.6300,-40.889,-3.678,-0.665,-23.447,-0.1089,-0.0288,1.1289,
22.449,IMU,138.1810,123.9082,131.0446,5.1985,9.6300,-40.889,-3.715,-0.593,-23.271,0.1084,0.0562,1.0947,
22.465,ENC,138.2850,124.0803,131.1826,5.1985,8.6073,-40.693,-3.715,-0.593,-23.271,0.1084,0.0562,1.0947,
22.470,IMU,138.2850,124.0803,131.1826,5.1985,8.6073,-40.693,-3.741,-0.631,-23.099,0.0815,-0.0298,0.9546,
22.485,ENC,138.3872,124.2712,131.3292,5.1133,9.5448,-40.439,-3.741,-0.631,-23.099,0.0815,-0.0298,0.9546,
22.489,IMU,138.3872,124.2712,131.3292,5.1133,9.5448,-40.439,-3.764,-0.583,-22.923,0.1079,0.0371,0.9868,
22.505,ENC,138.4895,124.4672,131.4783,5.1133,9.8004,-40.171,-3.764,-0.583,-22.923,0.1079,0.0371,0.9868,
22.509,IMU,138.4895,124.4672,131.4783,5.1133,9.8004,-40.171,-3.618,-0.653,-22.729,-0.0396,-0.0752,1.0171,
22.525,ENC,138.5901,124.6547,131.6224,5.0280,9.3743,-39.922,-3.618,-0.653,-22.729,-0.0396,-0.0752,1.0171,
22.531,IMU,138.5901,124.6547,131.6224,5.0280,9.3743,-39.922,-3.748,-0.490,-22.479,0.1826,0.0698,0.9082,
22.545,ENC,138.6940,124.8439,131.7689,5.1985,9.4595,-39.678,-3.748,-0.490,-22.479,0.1826,0.0698,0.9082,
22.549,IMU,138.6940,124.8439,131.7689,5.1985,9.4595,-39.678,-3.697,-0.428,-22.317,0.0610,0.0342,0.9995,
22.568,ENC,138.7827,125.0194,131.9010,4.4315,8.7778,-39.429,-3.697,-0.428,-22.317,0.0610,0.0342,0.9995,
22.571,IMU,138.7827,125.0194,131.9010,4.4315,8.7778,-39.429,-3.630,-0.356,-22.118,-0.0059,0.0532,1.1377,
22.585,ENC,138.8917,125.2052,132.0485,5.4542,9.2891,-39.209,-3.630,-0.356,-22.118,-0.0059,0.0532,1.1377,
22.590,IMU,138.8917,125.2052,132.0485,5.4542,9.2891,-39.209,-3.617,-0.379,-22.003,0.0947,-0.0459,0.8486,
22.606,ENC,138.9855,125.4149,132.2002,4.6872,10.4822,-38.877,-3.617,-0.379,-22.003,0.0947,-0.0459,0.8486,
22.610,IMU,138.9855,125.4149,132.2002,4.6872,10.4822,-38.877,-3.449,-0.472,-21.789,-0.0977,-0.0835,1.1152,
22.625,ENC,139.0741,125.6058,132.3399,4.4315,9.5448,-38.584,-3.449,-0.472,-21.789,-0.0977,-0.0835,1.1152,
22.629,IMU,139.0741,125.6058,132.3399,4.4315,9.5448,-38.584,-3.464,-0.381,-21.665,0.0972,0.0234,0.8467,
22.645,ENC,139.1747,125.8035,132.4891,5.0280,9.8857,-38.306,-3.464,-0.381,-21.665,0.0972,0.0234,0.8467,
22.650,IMU,139.1747,125.8035,132.4891,5.0280,9.8857,-38.306,-3.410,-0.462,-21.487,0.0098,-0.0684,0.9399,
22.665,ENC,139.2701,126.0131,132.6416,4.7724,10.4822,-37.979,-3.410,-0.462,-21.487,0.0098,-0.0684,0.9399,
22.670,IMU,139.2701,126.0131,132.6416,4.7724,10.4822,-37.979,-3.457,-0.435,-21.276,0.0664,0.0347,0.9819,
22.685,ENC,139.3587,126.2142,132.7865,4.4315,10.0561,-37.656,-3.457,-0.435,-21.276,0.0664,0.0347,0.9819,
22.690,IMU,139.3587,126.2142,132.7865,4.4315,10.0561,-37.656,-3.375,-0.442,-21.059,0.0112,-0.0586,0.9634,
22.705,ENC,139.4440,126.4102,132.9271,4.2611,9.8004,-37.339,-3.375,-0.442,-21.059,0.0112,-0.0586,0.9634,
22.710,IMU,139.4440,126.4102,132.9271,4.2611,9.8004,-37.339,-3.470,-0.422,-20.835,0.1396,0.0396,1.0757,
22.725,ENC,139.5377,126.6045,133.0711,4.6872,9.7152,-37.051,-3.470,-0.422,-20.835,0.1396,0.0396,1.0757,
22.730,IMU,139.5377,126.6045,133.0711,4.6872,9.7152,-37.051,-3.356,-0.523,-20.667,-0.0371,-0.1021,0.9604,
22.745,ENC,139.6263,126.8006,133.2134,4.4315,9.8004,-36.743,-3.356,-0.523,-20.667,-0.0371,-0.1021,0.9604,
22.750,IMU,139.6263,126.8006,133.2134,4.4315,9.8004,-36.743,-3.426,-0.466,-20.457,0.1499,0.0439,1.0552,
22.765,ENC,139.7184,127.0034,133.3609,4.6019,10.1413,-36.426,-3.426,-0.466,-20.457,0.1499,0.0439,1.0552,
22.770,IMU,139.7184,127.0034,133.3609,4.6019,10.1413,-36.426,-3.291,-0.564,-20.299,-0.0776,-0.0933,1.1304,
22.786,ENC,139.8036,127.1943,133.4989,4.2611,9.5448,-36.123,-3.291,-0.564,-20.299,-0.0776,-0.0933,1.1304,
22.790,IMU,139.8036,127.1943,133.4989,4.2611,9.5448,-36.123,-3.371,-0.500,-20.097,0.1426,0.0430,0.7881,
22.805,ENC,139.8888,127.3784,133.6336,4.2611,9.2039,-35.840,-3.371,-0.500,-20.097,0.1426,0.0430,0.7881,
22.810,IMU,139.8888,127.3784,133.6336,4.2611,9.2039,-35.840,-3.291,-0.487,-19.925,-0.0332,-0.0063,1.1245,
22.825,ENC,139.9757,127.5693,133.7725,4.3463,9.5448,-35.542,-3.291,-0.487,-19.925,-0.0332,-0.0063,1.1245,
22.829,IMU,139.9757,127.5693,133.7725,4.3463,9.5448,-35.542,-3.259,-0.530,-19.796,0.0908,-0.0532,0.9360,
22.845,ENC,140.0695,127.7653,133.9174,4.6872,9.8004,-35.249,-3.259,-0.530,-19.796,0.0908,-0.0532,0.9360,
22.850,IMU,140.0695,127.7653,133.9174,4.6872,9.8004,-35.249,-3.228,-0.649,-19.564,0.0269,-0.1382,0.9971,
22.865,ENC,140.1615,127.9510,134.0563,4.6019,9.2891,-34.980,-3.228,-0.649,-19.564,0.0269,-0.1382,0.9971,
22.869,IMU,140.1615,127.9510,134.0563,4.6019,9.2891,-34.980,-3.326,-0.620,-19.389,0.1089,0.0220,1.0146,
22.890,IMU,140.1615,127.9510,134.0563,4.6019,9.2891,-34.980,-3.443,-0.679,-19.253,0.1382,-0.0674,1.0068,
22.892,ENC,140.2621,128.1198,134.1909,5.0280,8.4369,-34.785,-3.443,-0.679,-19.253,0.1382,-0.0674,1.0068,
22.905,ENC,140.3763,128.2970,134.3367,5.7098,8.8630,-34.604,-3.443,-0.679,-19.253,0.1382,-0.0674,1.0068,
22.909,IMU,140.3763,128.2970,134.3367,5.7098,8.8630,-34.604,-3.542,-0.665,-19.254,0.1431,0.0225,0.8867,
22.925,ENC,140.5058,128.4573,134.4815,6.4768,8.0108,-34.517,-3.542,-0.665,-19.254,0.1431,0.0225,0.8867,
22.931,IMU,140.5058,128.4573,134.4815,6.4768,8.0108,-34.517,-3.527,-0.672,-19.312,0.0420,-0.0278,1.0498,
22.945,ENC,140.6490,128.6141,134.6315,7.1586,7.8403,-34.478,-3.527,-0.672,-19.312,0.0420,-0.0278,1.0498,
22.950,IMU,140.6490,128.6141,134.6315,7.1586,7.8403,-34.478,-3.585,-0.809,-19.314,0.1040,-0.1099,1.0366,
22.969,IMU,140.6490,128.6141,134.6315,7.1586,7.8403,-34.478,-3.643,-0.900,-19.304,0.1064,-0.0850,0.8726,
22.971,ENC,140.8126,128.7726,134.7926,8.1812,7.9256,-34.492,-3.643,-0.900,-19.304,0.1064,-0.0850,0.8726,
22.985,ENC,140.9916,128.9396,134.9656,8.9482,8.3517,-34.526,-3.643,-0.900,-19.304,0.1064,-0.0850,0.8726,
22.992,IMU,140.9916,128.9396,134.9656,8.9482,8.3517,-34.526,-3.671,-0.928,-19.323,0.1138,-0.0288,1.0425,
23.005,ENC,141.1740,129.0998,135.1369,9.1187,8.0108,-34.590,-3.671,-0.928,-19.323,0.1138,-0.0288,1.0425,
23.011,IMU,141.1740,129.0998,135.1369,9.1187,8.0108,-34.590,-3.591,-0.868,-19.316,-0.0356,0.0747,0.9727,
23.025,ENC,141.3495,129.2720,135.3107,8.7778,8.6073,-34.600,-3.591,-0.868,-19.316,-0.0356,0.0747,0.9727,
23.029,IMU,141.3495,129.2720,135.3107,8.7778,8.6073,-34.600,-3.611,-0.792,-19.323,0.0957,0.0391,0.8291,
23.045,ENC,141.5285,129.4492,135.4889,8.9482,8.8630,-34.604,-3.611,-0.792,-19.323,0.0957,0.0391,0.8291,
23.050,IMU,141.5285,129.4492,135.4889,8.9482,8.8630,-34.604,-3.551,-0.799,-19.343,-0.0063,0.0068,1.0869,
23.065,ENC,141.6955,129.6282,135.6619,8.3517,8.9482,-34.570,-3.551,-0.799,-19.343,-0.0063,0.0068,1.0869,
23.070,IMU,141.6955,129.6282,135.6619,8.3517,8.9482,-34.570,-3.399,-0.768,-19.318,-0.0215,0.0356,1.0972,
23.085,ENC,141.8540,129.8037,135.8289,7.9256,8.7778,-34.521,-3.399,-0.768,-19.318,-0.0215,0.0356,1.0972,
23.090,IMU,141.8540,129.8037,135.8289,7.9256,8.7778,-34.521,-3.324,-0.860,-19.339,0.0654,-0.0591,0.9829,
23.105,ENC,142.0142,129.9742,135.9942,8.0108,8.5221,-34.492,-3.324,-0.860,-19.339,0.0654,-0.0591,0.9829,
23.110,IMU,142.0142,129.9742,135.9942,8.0108,8.5221,-34.492,-3.318,-0.834,-19.395,0.0625,0.0059,0.9229,
23.125,ENC,142.1642,130.1344,136.1493,7.4995,8.0108,-34.463,-3.318,-0.834,-19.395,0.0625,0.0059,0.9229,
23.130,IMU,142.1642,130.1344,136.1493,7.4995,8.0108,-34.463,-3.315,-0.827,-19.510,0.0400,-0.0015,0.9771,
23.145,ENC,142.3261,130.2742,136.3002,8.0960,6.9881,-34.526,-3.315,-0.827,-19.510,0.0400,-0.0015,0.9771,
23.151,IMU,142.3261,130.2742,136.3002,8.0960,6.9881,-34.526,-3.263,-0.837,-19.633,0.0073,-0.0186,1.0718,
23.165,ENC,142.4830,130.4088,136.4459,7.8403,6.7325,-34.590,-3.263,-0.837,-19.633,0.0073,-0.0186,1.0718,
23.171,IMU,142.4830,130.4088,136.4459,7.8403,6.7325,-34.590,-3.217,-0.829,-19.788,0.0649,-0.0234,0.9443,
23.185,ENC,142.6551,130.5367,136.5959,8.6073,6.3916,-34.717,-3.217,-0.829,-19.788,0.0649,-0.0234,0.9443,
23.189,IMU,142.6551,130.5367,136.5959,8.6073,6.3916,-34.717,-3.239,-0.931,-19.924,0.1001,-0.0352,0.9487,
23.205,ENC,142.8426,130.6628,136.7527,9.3743,6.3064,-34.893,-3.239,-0.931,-19.924,0.1001,-0.0352,0.9487,
23.211,IMU,142.8426,130.6628,136.7527,9.3743,6.3064,-34.893,-3.290,-0.976,-20.094,0.1274,-0.0239,0.9648,
23.225,ENC,143.0642,130.7872,136.9257,11.0788,6.2211,-35.171,-3.290,-0.976,-20.094,0.1274,-0.0239,0.9648,
23.230,IMU,143.0642,130.7872,136.9257,11.0788,6.2211,-35.171,-3.353,-1.033,-20.275,0.1577,-0.0605,0.9731,
23.246,ENC,143.2772,130.8980,137.0876,10.6526,5.5394,-35.464,-3.353,-1.033,-20.275,0.1577,-0.0605,0.9731,
23.250,IMU,143.2772,130.8980,137.0876,10.6526,5.5394,-35.464,-3.333,-0.881,-20.421,0.0381,0.1665,1.3955,
23.265,ENC,143.4852,131.0054,137.2453,10.3970,5.3689,-35.752,-3.333,-0.881,-20.421,0.0381,0.1665,1.3955,
23.271,IMU,143.4852,131.0054,137.2453,10.3970,5.3689,-35.752,-3.473,-0.807,-20.561,0.1274,0.0498,0.9570,
23.285,ENC,143.6931,131.1230,137.4080,10.3970,5.8803,-36.011,-3.473,-0.807,-20.561,0.1274,0.0498,0.9570,
23.290,IMU,143.6931,131.1230,137.4080,10.3970,5.8803,-36.011,-3.445,-0.721,-20.724,-0.0376,0.0747,1.0645,
23.305,ENC,143.9061,131.2389,137.5725,10.6526,5.7950,-36.289,-3.445,-0.721,-20.724,-0.0376,0.0747,1.0645,
23.309,IMU,143.9061,131.2389,137.5725,10.6526,5.7950,-36.289,-3.342,-0.707,-20.874,0.0146,0.0273,1.0107,
23.325,ENC,144.1226,131.3616,137.7421,10.8231,6.1359,-36.558,-3.342,-0.707,-20.874,0.0146,0.0273,1.0107,
23.330,IMU,144.1226,131.3616,137.7421,10.8231,6.1359,-36.558,-3.338,-0.783,-20.940,0.0796,-0.0400,0.9355,
23.345,ENC,144.3305,131.4979,137.9142,10.3970,6.8177,-36.763,-3.338,-0.783,-20.940,0.0796,-0.0400,0.9355,
23.350,IMU,144.3305,131.4979,137.9142,10.3970,6.8177,-36.763,-3.389,-0.901,-21.068,0.1318,-0.1323,0.9844,
23.370,IMU,144.3305,131.4979,137.9142,10.3970,6.8177,-36.763,-3.498,-0.850,-21.210,0.1191,-0.0156,0.8608,
23.385,ENC,144.7618,131.7775,138.2696,10.7805,6.9881,-37.197,-3.498,-0.850,-21.210,0.1191,-0.0156,0.8608,
23.390,IMU,144.7618,131.7775,138.2696,10.7805,6.9881,-37.197,-3.463,-0.816,-21.378,0.0327,-0.0181,1.0259,
23.405,ENC,144.9697,131.8934,138.4315,10.3970,5.7950,-37.461,-3.463,-0.816,-21.378,0.0327,-0.0181,1.0259,
23.409,IMU,144.9697,131.8934,138.4315,10.3970,5.7950,-37.461,-3.485,-0.616,-21.522,0.0879,0.1011,0.8936,
23.425,ENC,145.1879,132.0400,138.6139,10.9083,7.3290,-37.666,-3.485,-0.616,-21.522,0.0879,0.1011,0.8936,
23.431,IMU,145.1879,132.0400,138.6139,10.9083,7.3290,-37.666,-3.446,-0.690,-21.559,0.0879,-0.0669,0.9946,
23.445,ENC,145.3975,132.1968,138.7971,10.4822,7.8403,-37.817,-3.446,-0.690,-21.559,0.0879,-0.0669,0.9946,
23.453,IMU,145.3975,132.1968,138.7971,10.4822,7.8403,-37.817,-3.370,-0.843,-21.640,-0.0342,-0.1060,1.0942,
23.465,ENC,145.6055,132.3314,138.9684,10.3970,6.7325,-38.027,-3.370,-0.843,-21.640,-0.0342,-0.1060,1.0942,
23.470,IMU,145.6055,132.3314,138.9684,10.3970,6.7325,-38.027,-3.283,-0.931,-21.744,-0.0708,-0.0747,1.0425,
23.485,ENC,145.8083,132.4780,139.1431,10.1413,7.3290,-38.188,-3.283,-0.931,-21.744,-0.0708,-0.0747,1.0425,
23.490,IMU,145.8083,132.4780,139.1431,10.1413,7.3290,-38.188,-3.352,-0.943,-21.823,0.1372,-0.0278,0.9360,
23.505,ENC,146.0043,132.6160,139.3102,9.8004,6.9029,-38.354,-3.352,-0.943,-21.823,0.1372,-0.0278,0.9360,
23.509,IMU,146.0043,132.6160,139.3102,9.8004,6.9029,-38.354,-3.304,-0.948,-21.909,0.0044,-0.0542,1.0176,
23.525,ENC,146.2139,132.7609,139.4874,10.4822,7.2438,-38.540,-3.304,-0.948,-21.909,0.0044,-0.0542,1.0176,
23.530,IMU,146.2139,132.7609,139.4874,10.4822,7.2438,-38.540,-3.317,-1.006,-21.996,0.0591,-0.1069,1.0791,
23.545,ENC,146.4287,132.8853,139.6570,10.7379,6.2211,-38.799,-3.317,-1.006,-21.996,0.0591,-0.1069,1.0791,
23.549,IMU,146.4287,132.8853,139.6570,10.7379,6.2211,-38.799,-3.500,-0.869,-22.132,0.2012,0.0728,0.9565,
23.565,ENC,146.6503,132.9808,139.8155,11.0788,4.7724,-39.160,-3.500,-0.869,-22.132,0.2012,0.0728,0.9565,
23.570,IMU,146.6503,132.9808,139.8155,11.0788,4.7724,-39.160,-3.444,-0.722,-22.406,0.0088,0.0938,1.1787,
23.585,ENC,146.8701,133.0490,139.9596,10.9935,3.4088,-39.595,-3.444,-0.722,-22.406,0.0088,0.0938,1.1787,
23.590,IMU,146.8701,133.0490,139.9596,10.9935,3.4088,-39.595,-3.552,-0.613,-22.721,0.1050,0.0713,0.9600,
23.610,IMU,146.8701,133.0490,139.9596,10.9935,3.4088,-39.595,-3.541,-0.627,-22.967,0.0107,0.0029,1.0327,
23.625,ENC,147.3116,133.1632,140.2374,11.0361,2.8549,-40.532,-3.541,-0.627,-22.967,0.0107,0.0029,1.0327,
23.630,IMU,147.3116,133.1632,140.2374,11.0361,2.8549,-40.532,-3.759,-0.626,-23.247,0.2622,0.0166,0.9785,
23.645,ENC,147.5332,133.2092,140.3712,11.0788,2.3010,-41.035,-3.759,-0.626,-23.247,0.2622,0.0166,0.9785,
23.651,IMU,147.5332,133.2092,140.3712,11.0788,2.3010,-41.035,-3.699,-0.652,-23.525,-0.0469,-0.0229,1.0986,
23.665,ENC,147.7479,133.2501,140.4990,10.7379,2.0453,-41.533,-3.699,-0.652,-23.525,-0.0469,-0.0229,1.0986,
23.696,IMU,147.7479,133.2501,140.4990,10.7379,2.0453,-41.533,-3.700,-0.607,-23.813,0.0312,0.0322,1.0522,
23.700,IMU,147.7479,133.2501,140.4990,10.7379,2.0453,-41.533,-3.714,-0.509,-24.108,0.1699,0.1108,0.9585,
23.708,ENC,148.1996,133.3336,140.7666,11.2918,2.0879,-42.588,-3.714,-0.509,-24.108,0.1699,0.1108,0.9585,
23.711,IMU,148.1996,133.3336,140.7666,11.2918,2.0879,-42.588,-3.745,-0.636,-24.396,0.0962,-0.0674,0.9150,
23.725,ENC,148.4178,133.3762,140.8970,10.9083,2.1305,-43.091,-3.745,-0.636,-24.396,0.0962,-0.0674,0.9150,
23.747,IMU,148.4178,133.3762,140.8970,10.9083,2.1305,-43.091,-3.772,-0.569,-24.701,0.1113,0.0327,0.9448,
23.750,IMU,148.4178,133.3762,140.8970,10.9083,2.1305,-43.091,-3.657,-0.597,-24.987,-0.0459,0.0073,1.1367,
23.780,IMU,148.4178,133.3762,140.8970,10.9083,2.1305,-43.091,-3.641,-0.549,-25.288,-0.0039,0.0181,1.0840,
23.785,ENC,149.0262,133.5006,141.2634,10.1413,2.0737,-44.478,-3.641,-0.549,-25.288,-0.0039,0.0181,1.0840,
23.805,ENC,149.1864,133.5347,141.3606,8.0108,1.7044,-44.839,-3.641,-0.549,-25.288,-0.0039,0.0181,1.0840,
23.817,IMU,149.1864,133.5347,141.3606,8.0108,1.7044,-44.839,-3.564,-0.378,-25.569,0.0396,0.1333,0.9619,
23.821,IMU,149.1864,133.5347,141.3606,8.0108,1.7044,-44.839,-3.547,-0.321,-25.782,0.0210,0.0210,0.9702,
23.825,ENC,149.3347,133.5739,141.4543,7.4142,1.9601,-45.151,-3.547,-0.321,-25.782,0.0210,0.0210,0.9702,
23.830,IMU,149.3347,133.5739,141.4543,7.4142,1.9601,-45.151,-3.522,-0.214,-25.916,-0.0088,0.0620,1.0522,
23.845,ENC,149.4575,133.6063,141.5319,6.1359,1.6192,-45.410,-3.522,-0.214,-25.916,-0.0088,0.0620,1.0522,
23.850,IMU,149.4575,133.6063,141.5319,6.1359,1.6192,-45.410,-3.466,-0.130,-26.026,-0.0190,0.0859,0.9692,
23.865,ENC,149.5699,133.6438,141.6069,5.6246,1.8749,-45.625,-3.466,-0.130,-26.026,-0.0190,0.0859,0.9692,
23.870,IMU,149.5699,133.6438,141.6069,5.6246,1.8749,-45.625,-3.438,-0.047,-26.086,0.0200,0.0605,1.0215,
23.885,ENC,149.6756,133.6864,141.6810,5.2837,2.1305,-45.806,-3.438,-0.047,-26.086,0.0200,0.0605,1.0215,
23.890,IMU,149.6756,133.6864,141.6810,5.2837,2.1305,-45.806,-3.447,-0.024,-26.168,0.0439,0.0459,1.0459,
23.905,ENC,149.7711,133.7154,141.7432,4.7724,1.4488,-45.996,-3.447,-0.024,-26.168,0.0439,0.0459,1.0459,
23.910,IMU,149.7711,133.7154,141.7432,4.7724,1.4488,-45.996,-3.586,0.065,-26.260,0.1987,0.0620,1.0454,
23.925,ENC,149.8682,133.7103,141.7893,4.8576,-0.2557,-46.289,-3.586,0.065,-26.260,0.1987,0.0620,1.0454,
23.933,IMU,149.8682,133.7103,141.7893,4.8576,-0.2557,-46.289,-3.697,0.194,-26.465,0.1587,0.1084,0.9468,
23.945,ENC,149.9603,133.6864,141.8233,4.6019,-1.1931,-46.621,-3.697,0.194,-26.465,0.1587,0.1084,0.9468,
23.952,IMU,149.9603,133.6864,141.8233,4.6019,-1.1931,-46.621,-3.812,0.184,-26.724,0.1631,0.0605,0.9756,
23.965,ENC,150.0506,133.6438,141.8472,4.5167,-2.1305,-47.002,-3.812,0.184,-26.724,0.1631,0.0605,0.9756,
23.970,IMU,150.0506,133.6438,141.8472,4.5167,-2.1305,-47.002,-3.868,0.186,-26.945,0.0977,0.0513,1.0063,
23.985,ENC,150.1426,133.5688,141.8557,4.6019,-3.7497,-47.480,-3.868,0.186,-26.945,0.0977,0.0513,1.0063,
23.990,IMU,150.1426,133.5688,141.8557,4.6019,-3.7497,-47.480,-3.953,0.168,-27.186,0.1353,0.0225,1.0161,
24.012,IMU,150.1426,133.5688,141.8557,4.6019,-3.7497,-47.480,-3.931,0.186,-27.447,0.0308,0.0254,0.9873,
24.014,ENC,150.2296,133.4700,141.8498,4.3463,-4.9428,-48.013,-3.931,0.186,-27.447,0.0308,0.0254,0.9873,
24.025,ENC,150.3063,133.3677,141.8370,3.8350,-5.1133,-48.525,-3.931,0.186,-27.447,0.0308,0.0254,0.9873,
24.030,IMU,150.3063,133.3677,141.8370,3.8350,-5.1133,-48.525,-4.019,0.161,-27.773,0.1450,0.0083,1.0063,
24.045,ENC,150.3898,133.2467,141.8182,4.1758,-6.0507,-49.111,-4.019,0.161,-27.773,0.1450,0.0083,1.0063,
24.050,IMU,150.3898,133.2467,141.8182,4.1758,-6.0507,-49.111,-4.044,0.190,-28.073,0.0630,0.0205,0.9854,
24.066,ENC,150.4767,133.1325,141.8046,4.3463,-5.7098,-49.688,-4.044,0.190,-28.073,0.0630,0.0205,0.9854,
24.070,IMU,150.4767,133.1325,141.8046,4.3463,-5.7098,-49.688,-4.007,0.215,-28.364,0.0278,0.0161,0.9839,
24.085,ENC,150.5534,133.0149,141.7841,3.8350,-5.8803,-50.244,-4.007,0.215,-28.364,0.0278,0.0161,0.9839,
24.090,IMU,150.5534,133.0149,141.7841,3.8350,-5.8803,-50.244,-3.976,0.113,-28.676,0.0107,-0.0591,1.0122,
24.105,ENC,150.6335,132.8956,141.7645,4.0054,-5.9655,-50.815,-3.976,0.113,-28.676,0.0107,-0.0591,1.0122,
24.110,IMU,150.6335,132.8956,141.7645,4.0054,-5.9655,-50.815,-3.968,0.102,-28.970,0.0239,0.0049,1.0415,
24.125,ENC,150.7085,132.7797,141.7441,3.7497,-5.7950,-51.362,-3.968,0.102,-28.970,0.0239,0.0049,1.0415,
24.129,IMU,150.7085,132.7797,141.7441,3.7497,-5.7950,-51.362,-3.926,0.125,-29.293,0.0449,0.0181,0.9985,
24.146,ENC,150.7903,132.6655,141.7279,4.0906,-5.7098,-51.924,-3.926,0.125,-29.293,0.0449,0.0181,0.9985,
24.150,IMU,150.7903,132.6655,141.7279,4.0906,-5.7098,-51.924,-3.965,0.086,-29.584,0.0913,0.0117,0.9434,
24.168,ENC,150.8653,132.5445,141.7049,3.7497,-6.0507,-52.485,-3.965,0.086,-29.584,0.0913,0.0117,0.9434,
24.172,IMU,150.8653,132.5445,141.7049,3.7497,-6.0507,-52.485,-3.998,0.119,-29.894,0.0317,0.0264,0.9927,
24.196,IMU,150.8653,132.5445,141.7049,3.7497,-6.0507,-52.485,-4.015,0.119,-30.173,0.0405,-0.0010,1.0713,
24.205,ENC,151.0153,132.3212,141.6682,3.7497,-5.5820,-53.555,-4.015,0.119,-30.173,0.0405,-0.0010,1.0713,
24.210,IMU,151.0153,132.3212,141.6682,3.7497,-5.5820,-53.555,-3.979,0.045,-30.528,0.0601,-0.0391,0.9648,
24.225,ENC,151.0920,132.1934,141.6427,3.8350,-6.3916,-54.141,-3.979,0.045,-30.528,0.0601,-0.0391,0.9648,
24.230,IMU,151.0920,132.1934,141.6427,3.8350,-6.3916,-54.141,-3.885,0.139,-30.790,-0.0205,0.0649,0.9746,
24.245,ENC,151.1636,132.0843,141.6239,3.5793,-5.4542,-54.658,-3.885,0.139,-30.790,-0.0205,0.0649,0.9746,
24.250,IMU,151.1636,132.0843,141.6239,3.5793,-5.4542,-54.658,-3.846,0.057,-31.089,0.0068,-0.0444,1.0039,
24.265,ENC,151.2386,131.9684,141.6035,3.7497,-5.7950,-55.205,-3.846,0.057,-31.089,0.0068,-0.0444,1.0039,
24.272,IMU,151.2386,131.9684,141.6035,3.7497,-5.7950,-55.205,-3.788,0.039,-31.392,-0.0029,-0.0068,1.0161,
24.285,ENC,151.3187,131.8610,141.5898,4.0054,-5.3689,-55.742,-3.788,0.039,-31.392,-0.0029,-0.0068,1.0161,
24.290,IMU,151.3187,131.8610,141.5898,4.0054,-5.3689,-55.742,-3.791,-0.033,-31.695,0.0820,-0.0410,0.9629,
24.305,ENC,151.3937,131.7502,141.5719,3.7497,-5.5394,-56.274,-3.791,-0.033,-31.695,0.0820,-0.0410,0.9629,
24.310,IMU,151.3937,131.7502,141.5719,3.7497,-5.5394,-56.274,-3.806,-0.068,-31.954,0.0640,-0.0034,0.9487,
24.325,ENC,151.4738,131.6241,141.5489,4.0054,-6.3064,-56.865,-3.806,-0.068,-31.954,0.0640,-0.0034,0.9487,
24.330,IMU,151.4738,131.6241,141.5489,4.0054,-6.3064,-56.865,-3.846,-0.145,-32.252,0.0654,-0.0190,1.0122,
24.345,ENC,151.5488,131.5201,141.5344,3.7497,-5.1985,-57.378,-3.846,-0.145,-32.252,0.0654,-0.0190,1.0122,
24.350,IMU,151.5488,131.5201,141.5344,3.7497,-5.1985,-57.378,-3.894,-0.190,-32.534,0.0933,-0.0386,1.0273,
24.365,ENC,151.6255,131.4025,141.5140,3.8350,-5.8803,-57.935,-3.894,-0.190,-32.534,0.0933,-0.0386,1.0273,
24.373,IMU,151.6255,131.4025,141.5140,3.8350,-5.8803,-57.935,-3.945,-0.242,-32.839,0.1133,-0.0020,0.9561,
24.385,ENC,151.7039,131.2849,141.4944,3.9202,-5.8803,-58.496,-3.945,-0.242,-32.839,0.1133,-0.0020,0.9561,
24.389,IMU,151.7039,131.2849,141.4944,3.9202,-5.8803,-58.496,-3.917,-0.226,-33.141,0.0103,-0.0054,0.9961,
24.405,ENC,151.7755,131.1843,141.4799,3.5793,-5.0280,-58.989,-3.917,-0.226,-33.141,0.0103,-0.0054,0.9961,
24.409,IMU,151.7755,131.1843,141.4799,3.5793,-5.0280,-58.989,-3.891,-0.218,-33.409,0.0195,-0.0044,1.0249,
24.427,ENC,151.8539,131.0633,141.4586,3.9202,-6.0507,-59.561,-3.891,-0.218,-33.409,0.0195,-0.0044,1.0249,
24.431,IMU,151.8539,131.0633,141.4586,3.9202,-6.0507,-59.561,-3.857,-0.269,-33.705,0.0103,-0.0127,0.9819,
24.445,ENC,151.9340,130.9525,141.4433,4.0054,-5.5394,-60.107,-3.857,-0.269,-33.705,0.0103,-0.0127,0.9819,
24.450,IMU,151.9340,130.9525,141.4433,4.0054,-5.5394,-60.107,-3.850,-0.361,-34.034,0.0728,-0.0347,0.9648,
24.465,ENC,152.0073,130.8417,141.4245,3.6645,-5.5394,-60.635,-3.850,-0.361,-34.034,0.0728,-0.0347,0.9648,
24.470,IMU,152.0073,130.8417,141.4245,3.6645,-5.5394,-60.635,-3.840,-0.450,-34.355,0.0415,-0.0322,1.0308,
24.485,ENC,152.0857,130.7224,141.4041,3.9202,-5.9655,-61.201,-3.840,-0.450,-34.355,0.0415,-0.0322,1.0308,
24.490,IMU,152.0857,130.7224,141.4041,3.9202,-5.9655,-61.201,-3.798,-0.440,-34.642,0.0649,0.0322,1.0229,
24.505,ENC,152.1624,130.6014,141.3819,3.8350,-6.0507,-61.768,-3.798,-0.440,-34.642,0.0649,0.0322,1.0229,
24.510,IMU,152.1624,130.6014,141.3819,3.8350,-6.0507,-61.768,-3.870,-0.470,-34.865,0.1187,0.0234,1.0142,
24.528,ENC,152.2374,130.4855,141.3614,3.7497,-5.7950,-62.314,-3.870,-0.470,-34.865,0.1187,0.0234,1.0142,
24.531,IMU,152.2374,130.4855,141.3614,3.7497,-5.7950,-62.314,-3.893,-0.477,-35.180,0.0708,0.0098,0.9595,
24.545,ENC,152.3124,130.3628,141.3376,3.7497,-6.1359,-62.881,-3.893,-0.477,-35.180,0.0708,0.0098,0.9595,
24.550,IMU,152.3124,130.3628,141.3376,3.7497,-6.1359,-62.881,-3.911,-0.570,-35.485,0.0610,-0.0586,0.9702,
24.567,ENC,152.3874,130.2435,141.3154,3.7497,-5.9655,-63.438,-3.911,-0.570,-35.485,0.0610,-0.0586,0.9702,
24.574,IMU,152.3874,130.2435,141.3154,3.7497,-5.9655,-63.438,-3.999,-0.571,-35.778,0.1040,0.0034,0.9556,
24.587,ENC,152.4624,130.1293,141.2958,3.7497,-5.7098,-63.979,-3.999,-0.571,-35.778,0.1040,0.0034,0.9556,
24.591,IMU,152.4624,130.1293,141.2958,3.7497,-5.7098,-63.979,-3.980,-0.624,-36.076,0.0547,-0.0459,0.9663,
24.606,ENC,152.5390,130.0049,141.2720,3.8350,-6.2211,-64.556,-3.980,-0.624,-36.076,0.0547,-0.0459,0.9663,
24.610,IMU,152.5390,130.0049,141.2720,3.8350,-6.2211,-64.556,-4.075,-0.656,-36.360,0.1177,0.0107,1.0264,
24.625,ENC,152.6175,129.8924,141.2549,3.9202,-5.6246,-65.103,-4.075,-0.656,-36.360,0.1177,0.0107,1.0264,
24.631,IMU,152.6175,129.8924,141.2549,3.9202,-5.6246,-65.103,-4.102,-0.613,-36.676,0.0410,0.0283,1.0068,
24.645,ENC,152.6942,129.7663,141.2302,3.8350,-6.3064,-65.684,-4.102,-0.613,-36.676,0.0410,0.0283,1.0068,
24.650,IMU,152.6942,129.7663,141.2302,3.8350,-6.3064,-65.684,-4.119,-0.654,-36.994,0.0532,-0.0020,0.9419,
24.665,ENC,152.7709,129.6435,141.2072,3.8350,-6.1359,-66.255,-4.119,-0.654,-36.994,0.0532,-0.0020,0.9419,
24.670,IMU,152.7709,129.6435,141.2072,3.8350,-6.1359,-66.255,-4.048,-0.608,-37.299,0.0273,0.0342,0.9800,
24.685,ENC,152.8476,129.5276,141.1876,3.8350,-5.7950,-66.807,-4.048,-0.608,-37.299,0.0273,0.0342,0.9800,
24.690,IMU,152.8476,129.5276,141.1876,3.8350,-5.7950,-66.807,-4.098,-0.619,-37.606,0.1196,-0.0054,0.9785,
24.705,ENC,152.9225,129.4015,141.1620,3.7497,-6.3064,-67.383,-4.098,-0.619,-37.606,0.1196,-0.0054,0.9785,
24.710,IMU,152.9225,129.4015,141.1620,3.7497,-6.3064,-67.383,-4.072,-0.615,-37.936,0.0396,0.0293,0.9263,
24.725,ENC,152.9975,129.2822,141.1399,3.7497,-5.9655,-67.939,-4.072,-0.615,-37.936,0.0396,0.0293,0.9263,
24.733,IMU,152.9975,129.2822,141.1399,3.7497,-5.9655,-67.939,-4.038,-0.672,-38.307,0.0615,-0.0366,0.9395,
24.746,ENC,153.0742,129.1663,141.1203,3.8350,-5.7950,-68.491,-4.038,-0.672,-38.307,0.0615,-0.0366,0.9395,
24.750,IMU,153.0742,129.1663,141.1203,3.8350,-5.7950,-68.491,-4.049,-0.672,-38.607,0.0933,-0.0093,0.9258,
24.765,ENC,153.1561,129.0589,141.1075,4.0906,-5.3689,-69.033,-4.049,-0.672,-38.607,0.0933,-0.0093,0.9258,
24.770,IMU,153.1561,129.0589,141.1075,4.0906,-5.3689,-69.033,-4.042,-0.716,-38.936,0.0879,-0.0264,1.0439,
24.787,ENC,153.2396,128.9396,141.0896,4.1758,-5.9655,-69.614,-4.042,-0.716,-38.936,0.0879,-0.0264,1.0439,
24.791,IMU,153.2396,128.9396,141.0896,4.1758,-5.9655,-69.614,-4.079,-0.756,-39.255,0.0791,-0.0137,1.0508,
24.805,ENC,153.3231,128.8237,141.0734,4.1758,-5.7950,-70.186,-4.079,-0.756,-39.255,0.0791,-0.0137,1.0508,
24.810,IMU,153.3231,128.8237,141.0734,4.1758,-5.7950,-70.186,-4.216,-0.765,-39.543,0.2061,0.0171,0.8613,
24.825,ENC,153.4134,128.6959,141.0546,4.5167,-6.3916,-70.811,-4.216,-0.765,-39.543,0.2061,0.0171,0.8613,
24.829,IMU,153.4134,128.6959,141.0546,4.5167,-6.3916,-70.811,-4.295,-0.832,-39.881,0.1436,-0.0137,0.9248,
24.845,ENC,153.5020,128.5851,141.0436,4.4315,-5.5394,-71.382,-4.295,-0.832,-39.881,0.1436,-0.0137,0.9248,
24.850,IMU,153.5020,128.5851,141.0436,4.4315,-5.5394,-71.382,-4.243,-0.875,-40.203,0.0649,-0.0283,1.0444,
24.865,ENC,153.5941,128.4709,141.0325,4.6019,-5.7098,-71.973,-4.243,-0.875,-40.203,0.0649,-0.0283,1.0444,
24.870,IMU,153.5941,128.4709,141.0325,4.6019,-5.7098,-71.973,-4.185,-0.858,-40.570,-0.0444,0.0186,1.0229,
24.886,ENC,153.6810,128.3499,141.0154,4.3463,-6.0507,-72.568,-4.185,-0.858,-40.570,-0.0444,0.0186,1.0229,
24.890,IMU,153.6810,128.3499,141.0154,4.3463,-6.0507,-72.568,-4.179,-0.911,-40.898,0.0728,-0.0176,1.0059,
24.905,ENC,153.7577,128.2340,140.9958,3.8350,-5.7950,-73.120,-4.179,-0.911,-40.898,0.0728,-0.0176,1.0059,
24.910,IMU,153.7577,128.2340,140.9958,3.8350,-5.7950,-73.120,-4.185,-0.877,-41.227,0.0298,0.0156,1.0854,
24.925,ENC,153.8378,128.1061,140.9720,4.0054,-6.3916,-73.716,-4.185,-0.877,-41.227,0.0298,0.0156,1.0854,
24.930,IMU,153.8378,128.1061,140.9720,4.0054,-6.3916,-73.716,-4.171,-0.960,-41.642,0.0425,-0.0454,0.9380,
24.945,ENC,153.9179,127.9919,140.9549,4.0054,-5.7098,-74.272,-4.171,-0.960,-41.642,0.0425,-0.0454,0.9380,
24.950,IMU,153.9179,127.9919,140.9549,4.0054,-5.7098,-74.272,-4.173,-0.916,-41.904,0.0586,-0.0093,0.9434,
24.965,ENC,153.9946,127.8778,140.9362,3.8350,-5.7098,-74.819,-4.173,-0.916,-41.904,0.0586,-0.0093,0.9434,
24.971,IMU,153.9946,127.8778,140.9362,3.8350,-5.7098,-74.819,-4.165,-0.843,-42.174,0.0610,0.0396,0.9517,
24.988,ENC,154.0781,127.7533,140.9157,4.1758,-6.2211,-75.415,-4.165,-0.843,-42.174,0.0610,0.0396,0.9517,
24.992,IMU,154.0781,127.7533,140.9157,4.1758,-6.2211,-75.415,-4.217,-0.850,-42.529,0.0449,0.0073,1.0483,
25.005,ENC,154.1583,127.6374,140.8978,4.0054,-5.7950,-75.977,-4.217,-0.850,-42.529,0.0449,0.0073,1.0483,
25.010,IMU,154.1583,127.6374,140.8978,4.0054,-5.7950,-75.977,-4.111,-0.897,-42.822,-0.0073,-0.0508,1.0176,
25.025,ENC,154.2350,127.5283,140.8816,3.8350,-5.4542,-76.509,-4.111,-0.897,-42.822,-0.0073,-0.0508,1.0176,
25.030,IMU,154.2350,127.5283,140.8816,3.8350,-5.4542,-76.509,-4.096,-0.982,-43.089,0.0752,-0.0518,1.0073,
25.045,ENC,154.3134,127.4039,140.8586,3.9202,-6.2211,-77.090,-4.096,-0.982,-43.089,0.0752,-0.0518,1.0073,
25.050,IMU,154.3134,127.4039,140.8586,3.9202,-6.2211,-77.090,-4.053,-1.038,-43.441,0.0151,-0.0444,0.9717,
25.066,ENC,154.3866,127.2965,140.8416,3.6645,-5.3689,-77.607,-4.053,-1.038,-43.441,0.0151,-0.0444,0.9717,
25.070,IMU,154.3866,127.2965,140.8416,3.6645,-5.3689,-77.607,-4.006,-1.041,-43.721,0.0254,-0.0317,1.0347,
25.085,ENC,154.4616,127.1670,140.8143,3.7497,-6.4768,-78.193,-4.006,-1.041,-43.721,0.0254,-0.0317,1.0347,
25.091,IMU,154.4616,127.1670,140.8143,3.7497,-6.4768,-78.193,-3.965,-1.048,-43.975,0.0166,-0.0112,1.0542,
25.106,ENC,154.5383,127.0545,140.7964,3.8350,-5.6246,-78.735,-3.965,-1.048,-43.975,0.0166,-0.0112,1.0542,
25.110,IMU,154.5383,127.0545,140.7964,3.8350,-5.6246,-78.735,-3.980,-1.055,-44.278,0.0781,-0.0400,0.9668,
25.125,ENC,154.6099,126.9335,140.7717,3.5793,-6.0507,-79.287,-3.980,-1.055,-44.278,0.0781,-0.0400,0.9668,
25.130,IMU,154.6099,126.9335,140.7717,3.5793,-6.0507,-79.287,-4.032,-1.119,-44.568,0.0942,-0.0195,0.9526,
25.145,ENC,154.6849,126.8108,140.7479,3.7497,-6.1359,-79.854,-4.032,-1.119,-44.568,0.0942,-0.0195,0.9526,
25.150,IMU,154.6849,126.8108,140.7479,3.7497,-6.1359,-79.854,-4.120,-1.100,-44.862,0.1230,-0.0049,0.9478,
25.165,ENC,154.7582,126.6932,140.7257,3.6645,-5.8803,-80.400,-4.120,-1.100,-44.862,0.1230,-0.0049,0.9478,
25.170,IMU,154.7582,126.6932,140.7257,3.6645,-5.8803,-80.400,-4.106,-1.192,-45.178,0.0527,-0.0845,0.9810,
25.185,ENC,154.8434,126.5688,140.7061,4.2611,-6.2211,-81.001,-4.106,-1.192,-45.178,0.0527,-0.0845,0.9810,
25.189,IMU,154.8434,126.5688,140.7061,4.2611,-6.2211,-81.001,-4.055,-1.146,-45.547,0.0273,0.0259,0.9478,
25.205,ENC,154.9304,126.4392,140.6848,4.3463,-6.4768,-81.621,-4.055,-1.146,-45.547,0.0273,0.0259,0.9478,
25.210,IMU,154.9304,126.4392,140.6848,4.3463,-6.4768,-81.621,-4.074,-1.224,-45.883,0.0527,-0.0835,0.9570,
25.225,ENC,155.0173,126.3182,140.6677,4.3463,-6.0507,-82.217,-4.074,-1.224,-45.883,0.0527,-0.0835,0.9570,
25.230,IMU,155.0173,126.3182,140.6677,4.3463,-6.0507,-82.217,-4.108,-1.306,-46.150,0.0522,-0.0757,1.0835,
25.245,ENC,155.1025,126.1887,140.6456,4.2611,-6.4768,-82.832,-4.108,-1.306,-46.150,0.0522,-0.0757,1.0835,
25.250,IMU,155.1025,126.1887,140.6456,4.2611,-6.4768,-82.832,-4.072,-1.312,-46.490,0.0347,-0.0332,0.9893,
25.265,ENC,155.1894,126.0608,140.6251,4.3463,-6.3916,-83.447,-4.072,-1.312,-46.490,0.0347,-0.0332,0.9893,
25.269,IMU,155.1894,126.0608,140.6251,4.3463,-6.3916,-83.447,-4.066,-1.292,-46.810,0.0454,-0.0400,1.0498,
25.285,ENC,155.2781,125.9381,140.6081,4.4315,-6.1359,-84.053,-4.066,-1.292,-46.810,0.0454,-0.0400,1.0498,
25.290,IMU,155.2781,125.9381,140.6081,4.4315,-6.1359,-84.053,-4.115,-1.262,-47.088,0.1021,0.0366,0.9717,
25.305,ENC,155.3650,125.8137,140.5893,4.3463,-6.2211,-84.658,-4.115,-1.262,-47.088,0.1021,0.0366,0.9717,
25.310,IMU,155.3650,125.8137,140.5893,4.3463,-6.2211,-84.658,-4.044,-1.352,-47.411,0.0522,-0.0747,1.0010,
25.326,ENC,155.4485,125.6893,140.5689,4.1758,-6.2211,-85.254,-4.044,-1.352,-47.411,0.0522,-0.0747,1.0010,
25.330,IMU,155.4485,125.6893,140.5689,4.1758,-6.2211,-85.254,-4.052,-1.298,-47.710,0.0493,0.0264,0.9995,
25.351,IMU,155.4485,125.6893,140.5689,4.1758,-6.2211,-85.254,-4.035,-1.334,-48.018,0.0371,-0.0537,0.9663,
25.353,ENC,155.5269,125.5819,140.5544,3.9202,-5.3689,-85.786,-4.035,-1.334,-48.018,0.0371,-0.0537,0.9663,
25.370,ENC,155.6036,125.4217,140.5126,3.8350,-8.0108,-86.465,-4.035,-1.334,-48.018,0.0371,-0.0537,0.9663,
25.374,IMU,155.6036,125.4217,140.5126,3.8350,-8.0108,-86.465,-4.070,-1.329,-48.352,0.0654,-0.0029,0.9653,
25.385,ENC,155.6752,125.2973,140.4862,3.5793,-6.2211,-87.026,-4.070,-1.329,-48.352,0.0654,-0.0029,0.9653,
25.390,IMU,155.6752,125.2973,140.4862,3.5793,-6.2211,-87.026,-4.070,-1.338,-48.684,0.0298,0.0337,1.0264,
25.405,ENC,155.7485,125.1609,140.4547,3.6645,-6.8177,-87.627,-4.070,-1.338,-48.684,0.0298,0.0337,1.0264,
25.410,IMU,155.7485,125.1609,140.4547,3.6645,-6.8177,-87.627,-4.132,-1.374,-48.948,0.1045,-0.0459,1.0034,
25.425,ENC,155.8235,125.0382,140.4308,3.7497,-6.1359,-88.193,-4.132,-1.374,-48.948,0.1045,-0.0459,1.0034,
25.430,IMU,155.8235,125.0382,140.4308,3.7497,-6.1359,-88.193,-4.115,-1.371,-49.288,0.0454,-0.0264,1.1079,
25.445,ENC,155.8934,124.9291,140.4112,3.4941,-5.4542,-88.706,-4.115,-1.371,-49.288,0.0454,-0.0264,1.1079,
25.451,IMU,155.8934,124.9291,140.4112,3.4941,-5.4542,-88.706,-4.152,-1.395,-49.590,0.1001,-0.0415,1.0186,
25.467,ENC,155.9649,124.8098,140.3874,3.5793,-5.9655,-89.253,-4.152,-1.395,-49.590,0.1001,-0.0415,1.0186,
25.470,IMU,155.9649,124.8098,140.3874,3.5793,-5.9655,-89.253,-4.193,-1.303,-49.910,0.0947,0.0444,0.9214,
25.485,ENC,156.0382,124.6939,140.3661,3.6645,-5.7950,-89.795,-4.193,-1.303,-49.910,0.0947,0.0444,0.9214,
25.490,IMU,156.0382,124.6939,140.3661,3.6645,-5.7950,-89.795,-4.170,-1.295,-50.196,0.0762,0.0303,1.0381,
25.505,ENC,156.1064,124.5575,140.3320,3.4088,-6.8177,-90.381,-4.170,-1.295,-50.196,0.0762,0.0303,1.0381,
25.510,IMU,156.1064,124.5575,140.3320,3.4088,-6.8177,-90.381,-4.188,-1.282,-50.482,0.0845,0.0205,0.9941,
25.525,ENC,156.1729,124.4416,140.3073,3.3236,-5.7950,-90.903,-4.188,-1.282,-50.482,0.0845,0.0205,0.9941,
25.530,IMU,156.1729,124.4416,140.3073,3.3236,-5.7950,-90.903,-4.234,-1.249,-50.768,0.1177,-0.0073,1.0098,
25.545,ENC,156.2342,124.3155,140.2749,3.0680,-6.3064,-91.440,-4.234,-1.249,-50.768,0.1177,-0.0073,1.0098,
25.554,IMU,156.2342,124.3155,140.2749,3.0680,-6.3064,-91.440,-4.228,-1.148,-51.067,0.0762,0.0723,0.9780,
25.565,ENC,156.2973,124.2098,140.2536,3.1532,-5.2837,-91.924,-4.228,-1.148,-51.067,0.0762,0.0723,0.9780,
25.570,IMU,156.2973,124.2098,140.2536,3.1532,-5.2837,-91.924,-4.203,-1.056,-51.390,0.0625,0.0801,0.9399,
25.585,ENC,156.3587,124.0922,140.2254,3.0680,-5.8803,-92.437,-4.203,-1.056,-51.390,0.0625,0.0801,0.9399,
25.590,IMU,156.3587,124.0922,140.2254,3.0680,-5.8803,-92.437,-4.135,-1.051,-51.653,-0.0020,-0.0371,0.9756,
25.605,ENC,156.4217,123.9678,140.1948,3.1532,-6.2211,-92.974,-4.135,-1.051,-51.653,-0.0020,-0.0371,0.9756,
25.610,IMU,156.4217,123.9678,140.1948,3.1532,-6.2211,-92.974,-4.151,-1.100,-51.934,0.0850,-0.0171,0.9219,
25.625,ENC,156.4865,123.8485,140.1675,3.2384,-5.9655,-93.501,-4.151,-1.100,-51.934,0.0850,-0.0171,0.9219,
25.633,IMU,156.4865,123.8485,140.1675,3.2384,-5.9655,-93.501,-4.150,-1.095,-52.188,0.0601,-0.0156,1.0137,
25.645,ENC,156.5547,123.7207,140.1377,3.4088,-6.3916,-94.062,-4.150,-1.095,-52.188,0.0601,-0.0156,1.0137,
25.650,IMU,156.5547,123.7207,140.1377,3.4088,-6.3916,-94.062,-4.135,-1.084,-52.511,0.0444,0.0088,0.9751,
25.665,ENC,156.6246,123.5996,140.1121,3.4941,-6.0507,-94.609,-4.135,-1.084,-52.511,0.0444,0.0088,0.9751,
25.670,IMU,156.6246,123.5996,140.1121,3.4941,-6.0507,-94.609,-4.142,-1.117,-52.791,0.0449,-0.0137,0.9443,
25.685,ENC,156.6961,123.4650,140.0806,3.5793,-6.7325,-95.200,-4.142,-1.117,-52.791,0.0449,-0.0137,0.9443,
25.690,IMU,156.6961,123.4650,140.0806,3.5793,-6.7325,-95.200,-4.275,-1.049,-53.083,0.1641,0.0254,0.9707,
25.705,ENC,156.7660,123.3372,140.0516,3.4941,-6.3916,-95.767,-4.275,-1.049,-53.083,0.1641,0.0254,0.9707,
25.711,IMU,156.7660,123.3372,140.0516,3.4941,-6.3916,-95.767,-4.275,-1.101,-53.390,0.0435,-0.0537,0.9043,
25.725,ENC,156.8359,123.2196,140.0277,3.4941,-5.8803,-96.304,-4.275,-1.101,-53.390,0.0435,-0.0537,0.9043,
25.730,IMU,156.8359,123.2196,140.0277,3.4941,-5.8803,-96.304,-4.296,-1.029,-53.650,0.1230,0.0225,1.0640,
25.745,ENC,156.9041,123.0866,139.9953,3.4088,-6.6473,-96.880,-4.296,-1.029,-53.650,0.1230,0.0225,1.0640,
25.750,IMU,156.9041,123.0866,139.9953,3.4088,-6.6473,-96.880,-4.295,-1.077,-53.968,0.0718,-0.0225,1.0054,
25.772,ENC,156.9774,122.9588,139.9681,3.6645,-6.3916,-97.456,-4.295,-1.077,-53.968,0.0718,-0.0225,1.0054,
25.782,IMU,156.9774,122.9588,139.9681,3.6645,-6.3916,-97.456,-4.353,-1.127,-54.296,0.1060,-0.0498,0.9507,
25.785,ENC,157.0507,122.8327,139.9417,3.6645,-6.3064,-98.027,-4.353,-1.127,-54.296,0.1060,-0.0498,0.9507,
25.790,IMU,157.0507,122.8327,139.9417,3.6645,-6.3064,-98.027,-4.327,-1.097,-54.640,0.0708,-0.0166,0.9907,
25.805,ENC,157.1257,122.6980,139.9118,3.7497,-6.7325,-98.628,-4.327,-1.097,-54.640,0.0708,-0.0166,0.9907,
25.811,IMU,157.1257,122.6980,139.9118,3.7497,-6.7325,-98.628,-4.340,-1.122,-54.946,0.0728,-0.0439,0.9512,
25.825,ENC,157.1989,122.5736,139.8863,3.6645,-6.2211,-99.194,-4.340,-1.122,-54.946,0.0728,-0.0439,0.9512,
25.830,IMU,157.1989,122.5736,139.8863,3.6645,-6.2211,-99.194,-4.478,-1.016,-55.174,0.1548,0.0615,0.8877,
25.845,ENC,157.2722,122.4321,139.8522,3.6645,-7.0734,-99.810,-4.478,-1.016,-55.174,0.1548,0.0615,0.8877,
25.852,IMU,157.2722,122.4321,139.8522,3.6645,-7.0734,-99.810,-4.433,-1.019,-55.468,0.0034,-0.0156,1.0674,
25.865,ENC,157.3472,122.3043,139.8258,3.7497,-6.3916,-100.391,-4.433,-1.019,-55.468,0.0034,-0.0156,1.0674,
25.871,IMU,157.3472,122.3043,139.8258,3.7497,-6.3916,-100.391,-4.499,-1.048,-55.780,0.1050,-0.0225,0.9976,
25.885,ENC,157.4239,122.1645,139.7942,3.8350,-6.9881,-101.011,-4.499,-1.048,-55.780,0.1050,-0.0225,0.9976,
25.890,IMU,157.4239,122.1645,139.7942,3.8350,-6.9881,-101.011,-4.481,-1.075,-56.090,0.0645,-0.0186,0.9858,
25.907,ENC,157.5057,122.0231,139.7644,4.0906,-7.0734,-101.650,-4.481,-1.075,-56.090,0.0645,-0.0186,0.9858,
25.911,IMU,157.5057,122.0231,139.7644,4.0906,-7.0734,-101.650,-4.443,-1.149,-56.424,0.0791,-0.0181,1.0098,
25.925,ENC,157.5995,121.8969,139.7482,4.6872,-6.3064,-102.280,-4.443,-1.149,-56.424,0.0791,-0.0181,1.0098,
25.930,IMU,157.5995,121.8969,139.7482,4.6872,-6.3064,-102.280,-4.485,-0.997,-56.734,0.1226,0.1030,0.9429,
25.945,ENC,157.6983,121.7708,139.7346,4.9428,-6.3064,-102.925,-4.485,-0.997,-56.734,0.1226,0.1030,0.9429,
25.950,IMU,157.6983,121.7708,139.7346,4.9428,-6.3064,-102.925,-4.464,-1.022,-56.981,0.0410,-0.0239,0.9292,
25.965,ENC,157.7887,121.6532,139.7209,4.5167,-5.8803,-103.521,-4.464,-1.022,-56.981,0.0410,-0.0239,0.9292,
25.970,IMU,157.7887,121.6532,139.7209,4.5167,-5.8803,-103.521,-4.368,-1.041,-57.278,0.0146,-0.0342,1.0356,
25.985,ENC,157.8620,121.5475,139.7047,3.6645,-5.2837,-104.033,-4.368,-1.041,-57.278,0.0146,-0.0342,1.0356,
25.990,IMU,157.8620,121.5475,139.7047,3.6645,-5.2837,-104.033,-4.385,-0.968,-57.543,0.0732,0.0337,0.9180,
26.005,ENC,157.9387,121.4453,139.6920,3.8350,-5.1133,-104.546,-4.385,-0.968,-57.543,0.0732,0.0337,0.9180,
26.013,IMU,157.9387,121.4453,139.6920,3.8350,-5.1133,-104.546,-4.281,-0.970,-57.836,-0.0503,-0.0010,0.9922,
26.025,ENC,158.0085,121.3396,139.6741,3.4941,-5.2837,-105.049,-4.281,-0.970,-57.836,-0.0503,-0.0010,0.9922,
26.030,IMU,158.0085,121.3396,139.6741,3.4941,-5.2837,-105.049,-4.237,-1.001,-58.114,0.0488,-0.0068,1.0869,
26.045,ENC,158.0767,121.2407,139.6587,3.4088,-4.9428,-105.527,-4.237,-1.001,-58.114,0.0488,-0.0068,1.0869,
26.050,IMU,158.0767,121.2407,139.6587,3.4088,-4.9428,-105.527,-4.231,-1.034,-58.352,0.0728,-0.0093,1.0435,
26.065,ENC,158.1381,121.1402,139.6391,3.0680,-5.0280,-105.991,-4.231,-1.034,-58.352,0.0728,-0.0093,1.0435,
26.070,IMU,158.1381,121.1402,139.6391,3.0680,-5.0280,-105.991,-4.249,-1.092,-58.638,0.0542,-0.0298,1.0986,
26.085,ENC,158.2131,121.0413,139.6272,3.7497,-4.9428,-106.489,-4.249,-1.092,-58.638,0.0542,-0.0298,1.0986,
26.090,IMU,158.2131,121.0413,139.6272,3.7497,-4.9428,-106.489,-4.274,-1.154,-58.917,0.0381,-0.0391,1.0967,
26.105,ENC,158.2864,120.9510,139.6187,3.6645,-4.5167,-106.958,-4.274,-1.154,-58.917,0.0381,-0.0391,1.0967,
26.123,IMU,158.2864,120.9510,139.6187,3.6645,-4.5167,-106.958,-4.292,-1.198,-59.179,0.0947,-0.0352,0.9731,
26.127,ENC,158.3614,120.8606,139.6110,3.7497,-4.5167,-107.432,-4.292,-1.198,-59.179,0.0947,-0.0352,0.9731,
26.131,IMU,158.3614,120.8606,139.6110,3.7497,-4.5167,-107.432,-4.304,-1.185,-59.411,0.0825,-0.0146,0.9810,
26.145,ENC,158.4364,120.7703,139.6033,3.7497,-4.5167,-107.905,-4.304,-1.185,-59.411,0.0825,-0.0146,0.9810,
26.150,IMU,158.4364,120.7703,139.6033,3.7497,-4.5167,-107.905,-4.271,-1.260,-59.616,0.0610,-0.0264,0.9697,
26.166,ENC,158.5062,120.6919,139.5991,3.4941,-3.9202,-108.330,-4.271,-1.260,-59.616,0.0610,-0.0264,0.9697,
26.170,IMU,158.5062,120.6919,139.5991,3.4941,-3.9202,-108.330,-4.188,-1.251,-59.769,0.0068,-0.0088,1.0156,
26.185,ENC,158.5659,120.6254,139.5957,2.9827,-3.3236,-108.691,-4.188,-1.251,-59.769,0.0068,-0.0088,1.0156,
26.189,IMU,158.5659,120.6254,139.5957,2.9827,-3.3236,-108.691,-4.138,-1.214,-59.912,0.0054,0.0029,1.0166,
26.205,ENC,158.6068,120.5692,139.5880,2.0453,-2.8123,-108.970,-4.138,-1.214,-59.912,0.0054,0.0029,1.0166,
26.209,IMU,158.6068,120.5692,139.5880,2.0453,-2.8123,-108.970,-4.121,-1.194,-60.072,0.0581,0.0176,0.9858,
26.225,ENC,158.6426,120.5198,139.5812,1.7896,-2.4714,-109.214,-4.121,-1.194,-60.072,0.0581,0.0176,0.9858,
26.230,IMU,158.6426,120.5198,139.5812,1.7896,-2.4714,-109.214,-4.077,-1.219,-60.180,0.0161,-0.0083,1.0093,
26.245,ENC,158.6699,120.4806,139.5752,1.3635,-1.9601,-109.404,-4.077,-1.219,-60.180,0.0161,-0.0083,1.0093,
26.251,IMU,158.6699,120.4806,139.5752,1.3635,-1.9601,-109.404,-4.082,-1.276,-60.277,0.0591,-0.0322,0.9995,
26.268,ENC,158.6954,120.4533,139.5744,1.2783,-1.3635,-109.556,-4.082,-1.276,-60.277,0.0591,-0.0322,0.9995,
26.271,IMU,158.6954,120.4533,139.5744,1.2783,-1.3635,-109.556,-3.987,-1.240,-60.368,0.0200,-0.0078,1.0806,
26.285,ENC,158.7074,120.4141,139.5607,0.5965,-1.9601,-109.702,-3.987,-1.240,-60.368,0.0200,-0.0078,1.0806,
26.289,IMU,158.7074,120.4141,139.5607,0.5965,-1.9601,-109.702,-3.931,-1.234,-60.327,0.0376,0.0020,0.9541,
26.305,ENC,158.7193,120.3902,139.5548,0.5965,-1.1931,-109.805,-3.931,-1.234,-60.327,0.0376,0.0020,0.9541,
26.309,IMU,158.7193,120.3902,139.5548,0.5965,-1.1931,-109.805,-3.997,-1.199,-60.330,0.1226,0.0303,0.9033,
26.325,ENC,158.7414,120.3647,139.5530,1.1079,-1.2783,-109.941,-3.997,-1.199,-60.330,0.1226,0.0303,0.9033,
26.329,IMU,158.7414,120.3647,139.5530,1.1079,-1.2783,-109.941,-3.967,-1.157,-60.398,0.0420,0.0137,0.9858,
26.347,ENC,158.7483,120.3408,139.5445,0.3409,-1.1931,-110.029,-3.967,-1.157,-60.398,0.0420,0.0137,0.9858,
26.350,IMU,158.7483,120.3408,139.5445,0.3409,-1.1931,-110.029,-3.952,-1.175,-60.449,0.0654,-0.0103,0.9375,
26.365,ENC,158.7534,120.3186,139.5360,0.2557,-1.1079,-110.107,-3.952,-1.175,-60.449,0.0654,-0.0103,0.9375,
26.371,IMU,158.7534,120.3186,139.5360,0.2557,-1.1079,-110.107,-3.917,-1.151,-60.519,0.0479,0.0176,1.0054,
26.385,ENC,158.7517,120.2914,139.5215,-0.0852,-1.3635,-110.181,-3.917,-1.151,-60.519,0.0479,0.0176,1.0054,
26.390,IMU,158.7517,120.2914,139.5215,-0.0852,-1.3635,-110.181,-3.955,-1.191,-60.520,0.0718,-0.0259,0.9697,
26.405,ENC,158.7551,120.2828,139.5190,0.1704,-0.4261,-110.215,-3.955,-1.191,-60.520,0.0718,-0.0259,0.9697,
26.410,IMU,158.7551,120.2828,139.5190,0.1704,-0.4261,-110.215,-3.962,-1.362,-60.520,0.0645,-0.0967,0.9683,
26.425,ENC,158.7892,120.2845,139.5369,1.7044,0.0852,-110.308,-3.962,-1.362,-60.520,0.0645,-0.0967,0.9683,
26.430,IMU,158.7892,120.2845,139.5369,1.7044,0.0852,-110.308,-3.967,-1.489,-60.562,0.0796,-0.0811,1.0371,
26.445,ENC,158.8522,120.2914,139.5718,3.1532,0.3409,-110.469,-3.967,-1.489,-60.562,0.0796,-0.0811,1.0371,
26.451,IMU,158.8522,120.2914,139.5718,3.1532,0.3409,-110.469,-4.012,-1.708,-60.644,0.0762,-0.1592,0.9297,
26.465,ENC,158.9392,120.3118,139.6255,4.3463,1.0227,-110.659,-4.012,-1.708,-60.644,0.0762,-0.1592,0.9297,
26.470,IMU,158.9392,120.3118,139.6255,4.3463,1.0227,-110.659,-4.079,-1.821,-60.768,0.1694,-0.1201,0.9863,
26.485,ENC,159.0448,120.3323,139.6886,5.2837,1.0227,-110.903,-4.079,-1.821,-60.768,0.1694,-0.1201,0.9863,
26.490,IMU,159.0448,120.3323,139.6886,5.2837,1.0227,-110.903,-4.125,-1.941,-60.917,0.1108,-0.1030,1.0117,
26.505,ENC,159.1710,120.3544,139.7627,6.3064,1.1079,-111.201,-4.125,-1.941,-60.917,0.1108,-0.1030,1.0117,
26.510,IMU,159.1710,120.3544,139.7627,6.3064,1.1079,-111.201,-4.072,-1.956,-61.209,-0.0078,-0.0635,1.0571,
26.525,ENC,159.3107,120.3868,139.8488,6.9881,1.6192,-111.509,-4.072,-1.956,-61.209,-0.0078,-0.0635,1.0571,
26.533,IMU,159.3107,120.3868,139.8488,6.9881,1.6192,-111.509,-4.152,-2.048,-61.371,0.1196,-0.0854,0.9941,
26.545,ENC,159.4522,120.4107,139.9314,7.0734,1.1931,-111.846,-4.152,-2.048,-61.371,0.1196,-0.0854,0.9941,
26.550,IMU,159.4522,120.4107,139.9314,7.0734,1.1931,-111.846,-4.163,-2.093,-61.610,0.0278,-0.0884,1.1426,
26.566,ENC,159.6039,120.4499,140.0269,7.5847,1.9601,-112.168,-4.163,-2.093,-61.610,0.0278,-0.0884,1.1426,
26.570,IMU,159.6039,120.4499,140.0269,7.5847,1.9601,-112.168,-4.376,-2.198,-61.813,0.2798,-0.0962,0.9365,
26.585,ENC,159.7556,120.4959,140.1257,7.5847,2.3010,-112.471,-4.376,-2.198,-61.813,0.2798,-0.0962,0.9365,
26.590,IMU,159.7556,120.4959,140.1257,7.5847,2.3010,-112.471,-4.407,-2.117,-62.043,0.1211,0.0488,0.9937,
26.605,ENC,159.9107,120.5487,140.2297,7.7551,2.6419,-112.764,-4.407,-2.117,-62.043,0.1211,0.0488,0.9937,
26.610,IMU,159.9107,120.5487,140.2297,7.7551,2.6419,-112.764,-4.351,-2.250,-62.191,0.0054,-0.1567,1.1250,
26.625,ENC,160.0692,120.6203,140.3448,7.9256,3.5793,-113.013,-4.351,-2.250,-62.191,0.0054,-0.1567,1.1250,
26.630,IMU,160.0692,120.6203,140.3448,7.9256,3.5793,-113.013,-4.419,-2.222,-62.365,0.0962,-0.0200,0.9209,
26.645,ENC,160.2175,120.6987,140.4581,7.4142,3.9202,-113.213,-4.419,-2.222,-62.365,0.0962,-0.0200,0.9209,
26.649,IMU,160.2175,120.6987,140.4581,7.4142,3.9202,-113.213,-4.335,-2.103,-62.411,0.0371,0.0273,0.9004,
26.665,ENC,160.3351,120.7993,140.5672,5.8803,5.0280,-113.262,-4.335,-2.103,-62.411,0.0371,0.0273,0.9004,
26.669,IMU,160.3351,120.7993,140.5672,5.8803,5.0280,-113.262,-4.175,-2.032,-62.385,-0.0024,0.0298,0.9375,
26.685,ENC,160.4544,120.9322,140.6933,5.9655,6.6473,-113.223,-4.175,-2.032,-62.385,-0.0024,0.0298,0.9375,
26.691,IMU,160.4544,120.9322,140.6933,5.9655,6.6473,-113.223,-4.088,-1.877,-62.249,-0.0298,0.0684,1.0220,
26.706,ENC,160.5481,121.0737,140.8109,4.6872,7.0734,-113.086,-4.088,-1.877,-62.249,-0.0298,0.0684,1.0220,
26.710,IMU,160.5481,121.0737,140.8109,4.6872,7.0734,-113.086,-4.120,-1.836,-62.093,0.0562,-0.0088,1.0469,
26.728,ENC,160.6385,121.2203,140.9294,4.5167,7.3290,-112.925,-4.120,-1.836,-62.093,0.0562,-0.0088,1.0469,
26.732,IMU,160.6385,121.2203,140.9294,4.5167,7.3290,-112.925,-4.125,-1.837,-61.920,0.0903,-0.0049,0.9814,
26.745,ENC,160.7305,121.3737,141.0521,4.6019,7.6699,-112.749,-4.125,-1.837,-61.920,0.0903,-0.0049,0.9814,
26.750,IMU,160.7305,121.3737,141.0521,4.6019,7.6699,-112.749,-4.172,-1.867,-61.717,0.0918,-0.0708,1.0737,
26.765,ENC,160.8277,121.5168,141.1723,4.8576,7.1586,-112.617,-4.172,-1.867,-61.717,0.0918,-0.0708,1.0737,
26.770,IMU,160.8277,121.5168,141.1723,4.8576,7.1586,-112.617,-4.303,-1.904,-61.589,0.1138,-0.0366,0.9956,
26.787,ENC,160.9384,121.6668,141.3026,5.5394,7.4995,-112.505,-4.303,-1.904,-61.589,0.1138,-0.0366,0.9956,
26.790,IMU,160.9384,121.6668,141.3026,5.5394,7.4995,-112.505,-4.226,-1.854,-61.509,0.0000,0.0073,1.0352,
26.805,ENC,161.0578,121.8032,141.4305,5.9655,6.8177,-112.456,-4.226,-1.854,-61.509,0.0000,0.0073,1.0352,
26.809,IMU,161.0578,121.8032,141.4305,5.9655,6.8177,-112.456,-4.163,-1.830,-61.462,0.0264,-0.0054,0.9980,
26.826,ENC,161.1737,121.9412,141.5575,5.7950,6.9029,-112.393,-4.163,-1.830,-61.462,0.0264,-0.0054,0.9980,
26.832,IMU,161.1737,121.9412,141.5575,5.7950,6.9029,-112.393,-4.118,-1.753,-61.479,0.0239,0.0771,0.8853,
26.845,ENC,161.2896,122.0827,141.6861,5.7950,7.0734,-112.319,-4.118,-1.753,-61.479,0.0239,0.0771,0.8853,
26.850,IMU,161.2896,122.0827,141.6861,5.7950,7.0734,-112.319,-4.062,-1.853,-61.355,0.0298,-0.0605,1.0181,
26.865,ENC,161.4072,122.2566,141.8319,5.8803,8.6926,-112.158,-4.062,-1.853,-61.355,0.0298,-0.0605,1.0181,
26.870,IMU,161.4072,122.2566,141.8319,5.8803,8.6926,-112.158,-4.134,-2.000,-61.289,0.1558,-0.1284,1.0034,
26.885,ENC,161.5197,122.4338,141.9767,5.6246,8.8630,-111.973,-4.134,-2.000,-61.289,0.1558,-0.1284,1.0034,
26.894,IMU,161.5197,122.4338,141.9767,5.6246,8.8630,-111.973,-4.169,-2.071,-61.139,0.1328,-0.0825,1.0469,
26.905,ENC,161.6441,122.6213,142.1327,6.2211,9.3743,-111.792,-4.169,-2.071,-61.139,0.1328,-0.0825,1.0469,
26.910,IMU,161.6441,122.6213,142.1327,6.2211,9.3743,-111.792,-4.237,-2.120,-61.007,0.2217,-0.1040,1.0435,
26.925,ENC,161.7685,122.7969,142.2827,6.2211,8.7778,-111.646,-4.237,-2.120,-61.007,0.2217,-0.1040,1.0435,
26.930,IMU,161.7685,122.7969,142.2827,6.2211,8.7778,-111.646,-4.018,-1.995,-60.856,-0.0991,0.0625,1.0845,
26.945,ENC,161.8742,122.9775,142.4259,5.2837,9.0334,-111.431,-4.018,-1.995,-60.856,-0.0991,0.0625,1.0845,
26.954,IMU,161.8742,122.9775,142.4259,5.2837,9.0334,-111.431,-4.055,-1.899,-60.602,0.0830,0.0249,0.8970,
26.965,ENC,161.9935,123.1480,142.5707,5.9655,8.5221,-111.284,-4.055,-1.899,-60.602,0.0830,0.0249,0.8970,
26.970,IMU,161.9935,123.1480,142.5707,5.9655,8.5221,-111.284,-4.045,-1.926,-60.485,0.1035,0.0156,1.0718,
26.985,ENC,162.1332,123.3099,142.7216,6.9881,8.0960,-111.221,-4.045,-1.926,-60.485,0.1035,0.0156,1.0718,
26.989,IMU,162.1332,123.3099,142.7216,6.9881,8.0960,-111.221,-4.168,-1.959,-60.467,0.1841,-0.0122,0.9443,
27.006,ENC,162.2849,123.4616,142.8733,7.5847,7.5847,-111.221,-4.168,-1.959,-60.467,0.1841,-0.0122,0.9443,
27.012,IMU,162.2849,123.4616,142.8733,7.5847,7.5847,-111.221,-4.018,-2.011,-60.454,-0.0640,-0.0767,1.1299,
27.025,ENC,162.4417,123.6150,143.0284,7.8403,7.6699,-111.230,-4.018,-2.011,-60.454,-0.0640,-0.0767,1.1299,
27.033,IMU,162.4417,123.6150,143.0284,7.8403,7.6699,-111.230,-4.026,-2.023,-60.450,0.1016,-0.0371,0.9692,
27.045,ENC,162.6020,123.7752,143.1886,8.0108,8.0108,-111.230,-4.026,-2.023,-60.450,0.1016,-0.0371,0.9692,
27.049,IMU,162.6020,123.7752,143.1886,8.0108,8.0108,-111.230,-3.964,-2.018,-60.475,0.0488,-0.0181,0.8467,
27.065,ENC,162.7520,123.9354,143.3437,7.4995,8.0108,-111.201,-3.964,-2.018,-60.475,0.0488,-0.0181,0.8467,
27.070,IMU,162.7520,123.9354,143.3437,7.4995,8.0108,-111.201,-4.027,-1.822,-60.396,0.1118,0.0918,0.8794,
27.087,ENC,162.9054,124.0990,143.5022,7.6699,8.1812,-111.172,-4.027,-1.822,-60.396,0.1118,0.0918,0.8794,
27.090,IMU,162.9054,124.0990,143.5022,7.6699,8.1812,-111.172,-4.146,-1.974,-60.316,0.1572,-0.1177,0.7251,
27.105,ENC,163.0315,124.2848,143.6582,6.3064,9.2891,-111.001,-4.146,-1.974,-60.316,0.1572,-0.1177,0.7251,
27.110,IMU,163.0315,124.2848,143.6582,6.3064,9.2891,-111.001,-4.133,-2.045,-60.246,0.1382,-0.0669,0.9189,
27.125,ENC,163.1440,124.4587,143.8013,5.6246,8.6926,-110.825,-4.133,-2.045,-60.246,0.1382,-0.0669,0.9189,
27.130,IMU,163.1440,124.4587,143.8013,5.6246,8.6926,-110.825,-4.227,-2.106,-60.122,0.1836,-0.0566,0.9419,
27.145,ENC,163.2701,124.6428,143.9564,6.3064,9.2039,-110.659,-4.227,-2.106,-60.122,0.1836,-0.0566,0.9419,
27.150,IMU,163.2701,124.6428,143.9564,6.3064,9.2039,-110.659,-4.281,-2.178,-60.020,0.0591,-0.1313,1.0459,
27.165,ENC,163.3962,124.8251,144.1107,6.3064,9.1187,-110.498,-4.281,-2.178,-60.020,0.0591,-0.1313,1.0459,
27.171,IMU,163.3962,124.8251,144.1107,6.3064,9.1187,-110.498,-4.369,-2.067,-59.939,0.1714,0.0308,0.8501,
27.185,ENC,163.5189,124.9905,144.2547,6.1359,8.2665,-110.376,-4.369,-2.067,-59.939,0.1714,0.0308,0.8501,
27.191,IMU,163.5189,124.9905,144.2547,6.1359,8.2665,-110.376,-4.438,-2.082,-59.856,0.1968,-0.0146,0.9287,
27.205,ENC,163.6485,125.1796,144.4141,6.4768,9.4595,-110.205,-4.438,-2.082,-59.856,0.1968,-0.0146,0.9287,
27.210,IMU,163.6485,125.1796,144.4141,6.4768,9.4595,-110.205,-4.275,-2.104,-59.749,-0.0957,-0.0547,1.1602,
27.226,ENC,163.7763,125.3586,144.5675,6.3916,8.9482,-110.059,-4.275,-2.104,-59.749,-0.0957,-0.0547,1.1602,
27.230,IMU,163.7763,125.3586,144.5675,6.3916,8.9482,-110.059,-4.115,-2.154,-59.716,-0.0967,-0.0913,1.0610,
27.245,ENC,163.9093,125.5478,144.7285,6.6473,9.4595,-109.897,-4.115,-2.154,-59.716,-0.0967,-0.0913,1.0610,
27.249,IMU,163.9093,125.5478,144.7285,6.6473,9.4595,-109.897,-3.918,-2.107,-59.600,-0.1118,0.0337,1.0820,
27.265,ENC,164.0422,125.7336,144.8879,6.6473,9.2891,-109.746,-3.918,-2.107,-59.600,-0.1118,0.0337,1.0820,
27.269,IMU,164.0422,125.7336,144.8879,6.6473,9.2891,-109.746,-3.939,-2.027,-59.477,0.0493,0.0220,1.0425,
27.285,ENC,164.1820,125.9330,145.0575,6.9881,9.9709,-109.575,-3.939,-2.027,-59.477,0.0493,0.0220,1.0425,
27.294,IMU,164.1820,125.9330,145.0575,6.9881,9.9709,-109.575,-3.839,-1.966,-59.366,0.0098,-0.0039,0.9917,
27.305,ENC,164.3081,126.1358,145.2220,6.3064,10.1413,-109.355,-3.839,-1.966,-59.366,0.0098,-0.0039,0.9917,
27.309,IMU,164.3081,126.1358,145.2220,6.3064,10.1413,-109.355,-3.708,-1.904,-59.242,-0.1255,0.0166,1.0850,
27.325,ENC,164.4240,126.3318,145.3779,5.7950,9.8004,-109.126,-3.708,-1.904,-59.242,-0.1255,0.0166,1.0850,
27.330,IMU,164.4240,126.3318,145.3779,5.7950,9.8004,-109.126,-3.663,-1.840,-59.044,0.0132,-0.0396,1.0625,
27.345,ENC,164.5484,126.5244,145.5364,6.2211,9.6300,-108.931,-3.663,-1.840,-59.044,0.0132,-0.0396,1.0625,
27.349,IMU,164.5484,126.5244,145.5364,6.2211,9.6300,-108.931,-3.691,-1.764,-58.893,0.0923,0.0576,1.0864,
27.365,ENC,164.6643,126.7256,145.6949,5.7950,10.0561,-108.687,-3.691,-1.764,-58.893,0.0923,0.0576,1.0864,
27.370,IMU,164.6643,126.7256,145.6949,5.7950,10.0561,-108.687,-3.719,-1.936,-58.732,0.0884,-0.1533,0.8276,
27.385,ENC,164.7819,126.9199,145.8509,5.8803,9.7152,-108.467,-3.719,-1.936,-58.732,0.0884,-0.1533,0.8276,
27.389,IMU,164.7819,126.9199,145.8509,5.8803,9.7152,-108.467,-3.805,-1.869,-58.559,0.1460,-0.0044,1.0146,
27.406,ENC,164.8995,127.1039,146.0017,5.8803,9.2039,-108.276,-3.805,-1.869,-58.559,0.1460,-0.0044,1.0146,
27.410,IMU,164.8995,127.1039,146.0017,5.8803,9.2039,-108.276,-3.722,-1.784,-58.469,-0.0811,0.0171,1.1348,
27.425,ENC,165.0137,127.2846,146.1492,5.7098,9.0334,-108.086,-3.722,-1.784,-58.469,-0.0811,0.0171,1.1348,
27.430,IMU,165.0137,127.2846,146.1492,5.7098,9.0334,-108.086,-3.709,-1.774,-58.311,0.0332,-0.0435,0.9658,
27.445,ENC,165.1381,127.4738,146.3060,6.2211,9.4595,-107.900,-3.709,-1.774,-58.311,0.0332,-0.0435,0.9658,
27.449,IMU,165.1381,127.4738,146.3060,6.2211,9.4595,-107.900,-3.702,-1.770,-58.165,0.0718,-0.0254,0.8877,
27.465,ENC,165.2609,127.6545,146.4577,6.1359,9.0334,-107.734,-3.702,-1.770,-58.165,0.0718,-0.0254,0.8877,
27.470,IMU,165.2609,127.6545,146.4577,6.1359,9.0334,-107.734,-3.615,-1.720,-57.957,-0.0688,-0.0083,1.1357,
27.485,ENC,165.3802,127.8334,146.6068,5.9655,8.9482,-107.563,-3.615,-1.720,-57.957,-0.0688,-0.0083,1.1357,
27.489,IMU,165.3802,127.8334,146.6068,5.9655,8.9482,-107.563,-3.496,-1.641,-57.833,-0.0864,0.0410,1.0454,
27.505,ENC,165.5080,128.0260,146.7670,6.3916,9.6300,-107.378,-3.496,-1.641,-57.833,-0.0864,0.0410,1.0454,
27.510,IMU,165.5080,128.0260,146.7670,6.3916,9.6300,-107.378,-3.444,-1.812,-57.720,0.0078,-0.1646,0.9722,
27.525,ENC,165.6341,128.2050,146.9196,6.3064,8.9482,-107.227,-3.444,-1.812,-57.720,0.0078,-0.1646,0.9722,
27.530,IMU,165.6341,128.2050,146.9196,6.3064,8.9482,-107.227,-3.440,-1.906,-57.620,0.0327,-0.1021,0.9302,
27.548,ENC,165.7517,128.3823,147.0670,5.8803,8.8630,-107.056,-3.440,-1.906,-57.620,0.0327,-0.1021,0.9302,
27.551,IMU,165.7517,128.3823,147.0670,5.8803,8.8630,-107.056,-3.546,-1.769,-57.537,0.1514,0.0708,0.8984,
27.565,ENC,165.8813,128.5783,147.2298,6.4768,9.8004,-106.865,-3.546,-1.769,-57.537,0.1514,0.0708,0.8984,
27.570,IMU,165.8813,128.5783,147.2298,6.4768,9.8004,-106.865,-3.609,-1.595,-57.412,0.1694,0.1333,0.9697,
27.585,ENC,165.9955,128.7504,147.3729,5.7098,8.6073,-106.699,-3.609,-1.595,-57.412,0.1694,0.1333,0.9697,
27.589,IMU,165.9955,128.7504,147.3729,5.7098,8.6073,-106.699,-3.732,-1.405,-57.332,0.1836,0.1074,0.9038,
27.606,ENC,166.1063,128.9345,147.5204,5.5394,9.2039,-106.489,-3.732,-1.405,-57.332,0.1836,0.1074,0.9038,
27.610,IMU,166.1063,128.9345,147.5204,5.5394,9.2039,-106.489,-3.751,-1.477,-57.213,0.0586,-0.1162,1.1025,
27.625,ENC,166.2222,129.1083,147.6653,5.7950,8.6926,-106.323,-3.751,-1.477,-57.213,0.0586,-0.1162,1.1025,
27.630,IMU,166.2222,129.1083,147.6653,5.7950,8.6926,-106.323,-3.758,-1.454,-57.099,0.0342,-0.0176,1.0317,
27.645,ENC,166.3329,129.2873,147.8101,5.5394,8.9482,-106.128,-3.758,-1.454,-57.099,0.0342,-0.0176,1.0317,
27.649,IMU,166.3329,129.2873,147.8101,5.5394,8.9482,-106.128,-3.775,-1.573,-56.991,0.0576,-0.0903,0.8262,
27.665,ENC,166.4420,129.4731,147.9576,5.4542,9.2891,-105.908,-3.775,-1.573,-56.991,0.0576,-0.0903,0.8262,
27.670,IMU,166.4420,129.4731,147.9576,5.4542,9.2891,-105.908,-3.730,-1.575,-56.882,-0.0029,0.0039,1.0537,
27.685,ENC,166.5528,129.6486,148.1007,5.5394,8.7778,-105.723,-3.730,-1.575,-56.882,-0.0029,0.0039,1.0537,
27.689,IMU,166.5528,129.6486,148.1007,5.5394,8.7778,-105.723,-3.578,-1.469,-56.799,-0.0132,0.0356,0.9141,
27.706,ENC,166.6636,129.8191,148.2413,5.5394,8.5221,-105.552,-3.578,-1.469,-56.799,-0.0132,0.0356,0.9141,
27.710,IMU,166.6636,129.8191,148.2413,5.5394,8.5221,-105.552,-3.606,-1.481,-56.742,0.0083,-0.0669,1.0352,
27.725,ENC,166.7914,129.9810,148.3862,6.3916,8.0960,-105.454,-3.606,-1.481,-56.742,0.0083,-0.0669,1.0352,
27.729,IMU,166.7914,129.9810,148.3862,6.3916,8.0960,-105.454,-3.553,-1.215,-56.673,0.0811,0.1704,0.9492,
27.745,ENC,166.9159,130.1463,148.5311,6.2211,8.2665,-105.337,-3.553,-1.215,-56.673,0.0811,0.1704,0.9492,
27.750,IMU,166.9159,130.1463,148.5311,6.2211,8.2665,-105.337,-3.574,-1.203,-56.596,0.0376,-0.0327,0.9443,
27.765,ENC,167.0403,130.3117,148.6760,6.2211,8.2665,-105.220,-3.574,-1.203,-56.596,0.0376,-0.0327,0.9443,
27.769,IMU,167.0403,130.3117,148.6760,6.2211,8.2665,-105.220,-3.729,-1.090,-56.495,0.1997,0.1001,1.0366,
27.785,ENC,167.1800,130.4906,148.8353,6.9881,8.9482,-105.107,-3.729,-1.090,-56.495,0.1997,0.1001,1.0366,
27.790,IMU,167.1800,130.4906,148.8353,6.9881,8.9482,-105.107,-3.654,-1.135,-56.459,-0.0977,-0.0693,1.1392,
27.805,ENC,167.3062,130.6474,148.9768,6.3064,7.8403,-105.020,-3.654,-1.135,-56.459,-0.0977,-0.0693,1.1392,
27.809,IMU,167.3062,130.6474,148.9768,6.3064,7.8403,-105.020,-3.859,-0.885,-56.388,0.2622,0.1338,0.8052,
27.825,ENC,167.4238,130.8162,149.1200,5.8803,8.4369,-104.873,-3.859,-0.885,-56.388,0.2622,0.1338,0.8052,
27.829,IMU,167.4238,130.8162,149.1200,5.8803,8.4369,-104.873,-3.904,-0.877,-56.338,0.1167,-0.0049,1.0586,
27.845,ENC,167.5482,130.9781,149.2631,6.2211,8.0960,-104.766,-3.904,-0.877,-56.338,0.1167,-0.0049,1.0586,
27.849,IMU,167.5482,130.9781,149.2631,6.2211,8.0960,-104.766,-3.988,-0.854,-56.312,0.1265,-0.0020,0.9546,
27.865,ENC,167.6931,131.1485,149.4208,7.2438,8.5221,-104.692,-3.988,-0.854,-56.312,0.1265,-0.0020,0.9546,
27.869,IMU,167.6931,131.1485,149.4208,7.2438,8.5221,-104.692,-3.960,-0.935,-56.305,-0.0010,-0.0952,1.0249,
27.886,ENC,167.8277,131.3122,149.5699,6.7325,8.1812,-104.609,-3.960,-0.935,-56.305,-0.0010,-0.0952,1.0249,
27.892,IMU,167.8277,131.3122,149.5699,6.7325,8.1812,-104.609,-3.802,-0.990,-56.191,-0.0684,-0.0498,1.0049,
27.906,ENC,167.9624,131.4877,149.7250,6.7325,8.7778,-104.492,-3.802,-0.990,-56.191,-0.0684,-0.0498,1.0049,
27.910,IMU,167.9624,131.4877,149.7250,6.7325,8.7778,-104.492,-3.929,-0.824,-56.126,0.1685,0.0981,0.8564,
27.925,ENC,168.0919,131.6513,149.8716,6.4768,8.1812,-104.395,-3.929,-0.824,-56.126,0.1685,0.0981,0.8564,
27.929,IMU,168.0919,131.6513,149.8716,6.4768,8.1812,-104.395,-3.956,-0.805,-56.093,0.0342,-0.0220,1.1182,
27.945,ENC,168.2334,131.8116,150.0225,7.0734,8.0108,-104.341,-3.956,-0.805,-56.093,0.0342,-0.0220,1.1182,
27.949,IMU,168.2334,131.8116,150.0225,7.0734,8.0108,-104.341,-3.811,-0.850,-56.094,0.0098,0.0010,0.9414,
27.965,ENC,168.3800,131.9718,150.1759,7.3290,8.0108,-104.302,-3.811,-0.850,-56.094,0.0098,0.0010,0.9414,
27.970,IMU,168.3800,131.9718,150.1759,7.3290,8.0108,-104.302,-3.836,-0.764,-56.126,0.1055,0.0854,0.9717,
27.985,ENC,168.5504,132.1184,150.3344,8.5221,7.3290,-104.370,-3.836,-0.764,-56.126,0.1055,0.0854,0.9717,
27.989,IMU,168.5504,132.1184,150.3344,8.5221,7.3290,-104.370,-3.900,-0.759,-56.156,0.1353,0.0186,0.8799,
28.010,IMU,168.5504,132.1184,150.3344,8.5221,7.3290,-104.370,-3.932,-0.772,-56.288,0.1143,0.0029,0.9736,
28.025,ENC,168.8964,132.4047,150.6505,8.6499,7.1586,-104.541,-3.932,-0.772,-56.288,0.1143,0.0029,0.9736,
28.031,IMU,168.8964,132.4047,150.6505,8.6499,7.1586,-104.541,-3.932,-0.825,-56.364,0.0620,-0.0449,1.0454,
28.045,ENC,169.0839,132.5530,150.8184,9.3743,7.4142,-104.653,-3.932,-0.825,-56.364,0.0620,-0.0449,1.0454,
28.049,IMU,169.0839,132.5530,150.8184,9.3743,7.4142,-104.653,-3.940,-0.833,-56.412,0.0815,-0.0127,1.0063,
28.065,ENC,169.2663,132.7217,150.9940,9.1187,8.4369,-104.692,-3.940,-0.833,-56.412,0.0815,-0.0127,1.0063,
28.070,IMU,169.2663,132.7217,150.9940,9.1187,8.4369,-104.692,-3.841,-0.914,-56.415,-0.0405,-0.0874,1.0356,
28.085,ENC,169.4333,132.8853,151.1593,8.3517,8.1812,-104.702,-3.841,-0.914,-56.415,-0.0405,-0.0874,1.0356,
28.090,IMU,169.4333,132.8853,151.1593,8.3517,8.1812,-104.702,-3.854,-0.951,-56.386,0.0591,-0.0742,1.0176,
28.105,ENC,169.5935,133.0575,151.3255,8.0108,8.6073,-104.668,-3.854,-0.951,-56.386,0.0591,-0.0742,1.0176,
28.112,IMU,169.5935,133.0575,151.3255,8.0108,8.6073,-104.668,-3.836,-0.821,-56.361,0.0693,0.0771,0.9238,
28.125,ENC,169.7469,133.2279,151.4874,7.6699,8.5221,-104.619,-3.836,-0.821,-56.361,0.0693,0.0771,0.9238,
28.129,IMU,169.7469,133.2279,151.4874,7.6699,8.5221,-104.619,-3.824,-0.781,-56.349,0.0171,0.0015,1.0010,
28.145,ENC,169.8935,133.3899,151.6417,7.3290,8.0960,-104.575,-3.824,-0.781,-56.349,0.0171,0.0015,1.0010,
28.149,IMU,169.8935,133.3899,151.6417,7.3290,8.0960,-104.575,-3.847,-0.838,-56.396,0.1260,-0.0425,0.8872,
28.165,ENC,170.0435,133.5484,151.7959,7.4995,7.9256,-104.551,-3.847,-0.838,-56.396,0.1260,-0.0425,0.8872,
28.169,IMU,170.0435,133.5484,151.7959,7.4995,7.9256,-104.551,-3.860,-0.724,-56.451,0.0254,0.0508,0.9897,
28.185,ENC,170.1866,133.6949,151.9408,7.1586,7.3290,-104.541,-3.860,-0.724,-56.451,0.0254,0.0508,0.9897,
28.190,IMU,170.1866,133.6949,151.9408,7.1586,7.3290,-104.541,-3.932,-0.633,-56.507,0.0913,0.0610,1.0190,
28.205,ENC,170.3315,133.8313,152.0814,7.2438,6.8177,-104.565,-3.932,-0.633,-56.507,0.0913,0.0610,1.0190,
28.209,IMU,170.3315,133.8313,152.0814,7.2438,6.8177,-104.565,-3.922,-0.491,-56.572,0.0527,0.1069,0.9292,
28.225,ENC,170.4815,133.9660,152.2237,7.4995,6.7325,-104.609,-3.922,-0.491,-56.572,0.0527,0.1069,0.9292,
28.229,IMU,170.4815,133.9660,152.2237,7.4995,6.7325,-104.609,-3.851,-0.478,-56.668,0.0425,-0.0044,0.9746,
28.245,ENC,170.6145,134.0887,152.3516,6.6473,6.1359,-104.639,-3.851,-0.478,-56.668,0.0425,-0.0044,0.9746,
28.249,IMU,170.6145,134.0887,152.3516,6.6473,6.1359,-104.639,-3.780,-0.467,-56.724,0.0767,0.0020,0.9736,
28.265,ENC,170.7491,134.2182,152.4837,6.7325,6.4768,-104.653,-3.780,-0.467,-56.724,0.0767,0.0020,0.9736,
28.269,IMU,170.7491,134.2182,152.4837,6.7325,6.4768,-104.653,-3.857,-0.446,-56.695,0.0859,0.0117,1.0791,
28.285,ENC,170.8974,134.3443,152.6209,7.4142,6.3064,-104.717,-3.857,-0.446,-56.695,0.0859,0.0117,1.0791,
28.290,IMU,170.8974,134.3443,152.6209,7.4142,6.3064,-104.717,-3.886,-0.409,-56.787,0.1313,0.0063,0.9771,
28.305,ENC,171.0406,134.4671,152.7538,7.1586,6.1359,-104.775,-3.886,-0.409,-56.787,0.1313,0.0063,0.9771,
28.309,IMU,171.0406,134.4671,152.7538,7.1586,6.1359,-104.775,-3.775,-0.455,-56.827,-0.0024,-0.0557,0.9819,
28.325,ENC,171.1906,134.5966,152.8936,7.4995,6.4768,-104.834,-3.775,-0.455,-56.827,-0.0024,-0.0557,0.9819,
28.330,IMU,171.1906,134.5966,152.8936,7.4995,6.4768,-104.834,-3.674,-0.480,-56.828,-0.0889,-0.0488,1.0420,
28.345,ENC,171.3235,134.7364,153.0299,6.6473,6.9881,-104.814,-3.674,-0.480,-56.828,-0.0889,-0.0488,1.0420,
28.350,IMU,171.3235,134.7364,153.0299,6.6473,6.9881,-104.814,-3.516,-0.511,-56.762,-0.0625,-0.0039,1.0044,
28.365,ENC,171.4616,134.8829,153.1722,6.9029,7.3290,-104.790,-3.516,-0.511,-56.762,-0.0625,-0.0039,1.0044,
28.369,IMU,171.4616,134.8829,153.1722,6.9029,7.3290,-104.790,-3.558,-0.579,-56.741,0.0913,-0.0791,0.9199,
28.385,ENC,171.6098,135.0193,153.3146,7.4142,6.8177,-104.824,-3.558,-0.579,-56.741,0.0913,-0.0791,0.9199,
28.391,IMU,171.6098,135.0193,153.3146,7.4142,6.8177,-104.824,-3.565,-0.677,-56.758,0.0308,-0.0796,0.9868,
28.405,ENC,171.7752,135.1778,153.4765,8.2665,7.9256,-104.844,-3.565,-0.677,-56.758,0.0308,-0.0796,0.9868,
28.409,IMU,171.7752,135.1778,153.4765,8.2665,7.9256,-104.844,-3.621,-0.701,-56.813,0.1152,-0.0454,0.9951,
28.425,ENC,171.9558,135.3141,153.6350,9.0334,6.8177,-104.971,-3.621,-0.701,-56.813,0.1152,-0.0454,0.9951,
28.429,IMU,171.9558,135.3141,153.6350,9.0334,6.8177,-104.971,-3.632,-0.629,-56.894,0.0977,-0.0049,1.0234,
28.445,ENC,172.1604,135.4420,153.8012,10.2265,6.3916,-105.190,-3.632,-0.629,-56.894,0.0977,-0.0049,1.0234,
28.453,IMU,172.1604,135.4420,153.8012,10.2265,6.3916,-105.190,-3.762,-0.541,-57.058,0.1177,0.0938,0.9458,
28.465,ENC,172.3683,135.5715,153.9699,10.3970,6.4768,-105.415,-3.762,-0.541,-57.058,0.1177,0.0938,0.9458,
28.471,IMU,172.3683,135.5715,153.9699,10.3970,6.4768,-105.415,-3.784,-0.532,-57.153,0.0962,0.0161,0.9766,
28.485,ENC,172.5626,135.6976,154.1301,9.7152,6.3064,-105.610,-3.784,-0.532,-57.153,0.0962,0.0161,0.9766,
28.490,IMU,172.5626,135.6976,154.1301,9.7152,6.3064,-105.610,-3.761,-0.756,-57.250,0.0269,-0.1816,0.9292,
28.505,ENC,172.7518,135.8527,154.3023,9.4595,7.7551,-105.708,-3.761,-0.756,-57.250,0.0269,-0.1816,0.9292,
28.511,IMU,172.7518,135.8527,154.3023,9.4595,7.7551,-105.708,-3.750,-0.846,-57.376,0.0386,-0.0654,1.0000,
28.526,ENC,172.9325,136.0027,154.4676,9.0334,7.4995,-105.796,-3.750,-0.846,-57.376,0.0386,-0.0654,1.0000,
28.531,IMU,172.9325,136.0027,154.4676,9.0334,7.4995,-105.796,-3.872,-0.778,-57.478,0.1675,0.0435,0.9414,
28.545,ENC,173.1217,136.1612,154.6415,9.4595,7.9256,-105.884,-3.872,-0.778,-57.478,0.1675,0.0435,0.9414,
28.550,IMU,173.1217,136.1612,154.6415,9.4595,7.9256,-105.884,-3.937,-0.737,-57.514,0.0776,0.0161,0.9688,
28.566,ENC,173.3091,136.3164,154.8127,9.3743,7.7551,-105.977,-3.937,-0.737,-57.514,0.0776,0.0161,0.9688,
28.570,IMU,173.3091,136.3164,154.8127,9.3743,7.7551,-105.977,-3.900,-0.723,-57.587,0.0723,0.0264,1.0674,
28.585,ENC,173.4915,136.4834,154.9875,9.1187,8.3517,-106.021,-3.900,-0.723,-57.587,0.0723,0.0264,1.0674,
28.589,IMU,173.4915,136.4834,154.9875,9.1187,8.3517,-106.021,-3.855,-0.777,-57.627,0.0234,-0.0537,1.0308,
28.605,ENC,173.6688,136.6521,155.1605,8.8630,8.4369,-106.045,-3.855,-0.777,-57.627,0.0234,-0.0537,1.0308,
28.610,IMU,173.6688,136.6521,155.1605,8.8630,8.4369,-106.045,-4.012,-0.825,-57.699,0.2046,-0.1021,0.9043,
28.625,ENC,173.8631,136.8209,155.3420,9.7152,8.4369,-106.118,-4.012,-0.825,-57.699,0.2046,-0.1021,0.9043,
28.629,IMU,173.8631,136.8209,155.3420,9.7152,8.4369,-106.118,-4.063,-0.738,-57.802,0.1162,0.0469,1.0698,
28.645,ENC,174.0710,136.9743,155.5226,10.3970,7.6699,-106.274,-4.063,-0.738,-57.802,0.1162,0.0469,1.0698,
28.650,IMU,174.0710,136.9743,155.5226,10.3970,7.6699,-106.274,-4.109,-0.729,-57.935,0.0591,-0.0229,1.0825,
28.665,ENC,174.2790,137.1396,155.7093,10.3970,8.2665,-106.396,-4.109,-0.729,-57.935,0.0591,-0.0229,1.0825,
28.671,IMU,174.2790,137.1396,155.7093,10.3970,8.2665,-106.396,-4.347,-0.712,-58.067,0.2871,-0.0132,0.9380,
28.685,ENC,174.4954,137.2947,155.8951,10.8231,7.7551,-106.572,-4.347,-0.712,-58.067,0.2871,-0.0132,0.9380,
28.689,IMU,174.4954,137.2947,155.8951,10.8231,7.7551,-106.572,-4.314,-0.687,-58.150,0.0361,-0.0156,1.1504,
28.705,ENC,174.7000,137.4600,156.0800,10.2265,8.2665,-106.685,-4.314,-0.687,-58.150,0.0361,-0.0156,1.1504,
28.710,IMU,174.7000,137.4600,156.0800,10.2265,8.2665,-106.685,-4.417,-0.643,-58.191,0.1870,0.0161,0.8970,
28.725,ENC,174.9164,137.6185,156.2675,10.8231,7.9256,-106.851,-4.417,-0.643,-58.191,0.1870,0.0161,0.8970,
28.729,IMU,174.9164,137.6185,156.2675,10.8231,7.9256,-106.851,-4.350,-0.611,-58.272,0.0283,0.0249,1.0005,
28.745,ENC,175.1192,137.7787,156.4490,10.1413,8.0108,-106.973,-4.350,-0.611,-58.272,0.0283,0.0249,1.0005,
28.749,IMU,175.1192,137.7787,156.4490,10.1413,8.0108,-106.973,-4.240,-0.563,-58.347,0.0200,0.0366,1.0483,
28.766,ENC,175.3238,137.9338,156.6288,10.2265,7.7551,-107.114,-4.240,-0.563,-58.347,0.0200,0.0366,1.0483,
28.770,IMU,175.3238,137.9338,156.6288,10.2265,7.7551,-107.114,-4.364,-0.494,-58.381,0.1675,0.0205,1.0078,
28.785,ENC,175.5198,138.0838,156.8018,9.8004,7.4995,-107.246,-4.364,-0.494,-58.381,0.1675,0.0205,1.0078,
28.791,IMU,175.5198,138.0838,156.8018,9.8004,7.4995,-107.246,-4.369,-0.557,-58.445,0.0552,-0.0229,0.9263,
28.805,ENC,175.7192,138.2389,156.9791,9.9709,7.7551,-107.373,-4.369,-0.557,-58.445,0.0552,-0.0229,0.9263,
28.810,IMU,175.7192,138.2389,156.9791,9.9709,7.7551,-107.373,-4.445,-0.561,-58.457,0.1191,-0.0630,0.9507,
28.828,ENC,175.9271,138.3957,157.1614,10.3970,7.8403,-107.520,-4.445,-0.561,-58.457,0.1191,-0.0630,0.9507,
28.831,IMU,175.9271,138.3957,157.1614,10.3970,7.8403,-107.520,-4.472,-0.614,-58.547,0.1113,-0.0361,0.9150,
28.845,ENC,176.1334,138.5338,157.3336,10.3118,6.9029,-107.715,-4.472,-0.614,-58.547,0.1113,-0.0361,0.9150,
28.850,IMU,176.1334,138.5338,157.3336,10.3118,6.9029,-107.715,-4.599,-0.632,-58.636,0.0986,-0.0322,1.0547,
28.865,ENC,176.3430,138.6736,157.5083,10.4822,6.9881,-107.915,-4.599,-0.632,-58.636,0.0986,-0.0322,1.0547,
28.870,IMU,176.3430,138.6736,157.5083,10.4822,6.9881,-107.915,-4.638,-0.609,-58.721,0.1104,0.0264,0.8867,
28.885,ENC,176.5458,138.8184,157.6821,10.1413,7.2438,-108.081,-4.638,-0.609,-58.721,0.1104,0.0264,0.8867,
28.889,IMU,176.5458,138.8184,157.6821,10.1413,7.2438,-108.081,-4.621,-0.622,-58.829,0.0630,-0.0317,0.9424,
28.907,ENC,176.7316,138.9480,157.8398,9.2891,6.4768,-108.242,-4.621,-0.622,-58.829,0.0630,-0.0317,0.9424,
28.911,IMU,176.7316,138.9480,157.8398,9.2891,6.4768,-108.242,-4.533,-0.582,-58.985,-0.0435,0.0425,1.1304,
28.935,IMU,176.7316,138.9480,157.8398,9.2891,6.4768,-108.242,-4.587,-0.571,-59.096,0.0889,0.0337,0.9966,
28.948,ENC,177.0913,139.2053,158.1483,8.9908,6.4342,-108.535,-4.587,-0.571,-59.096,0.0889,0.0337,0.9966,
28.951,IMU,177.0913,139.2053,158.1483,8.9908,6.4342,-108.535,-4.545,-0.596,-59.152,0.0200,0.0195,0.9780,
28.981,ENC,177.2566,139.3230,158.2898,8.2665,5.8803,-108.672,-4.545,-0.596,-59.152,0.0200,0.0195,0.9780,
28.985,ENC,177.4304,139.4542,158.4423,8.6926,6.5620,-108.794,-4.545,-0.596,-59.152,0.0200,0.0195,0.9780,
28.995,IMU,177.4304,139.4542,158.4423,8.6926,6.5620,-108.794,-4.442,-0.514,-59.216,0.0181,0.1108,0.9082,
28.998,IMU,177.4304,139.4542,158.4423,8.6926,6.5620,-108.794,-4.237,-0.391,-59.310,-0.0806,0.1265,0.9619,
29.005,ENC,177.5924,139.5752,158.5838,8.0960,6.0507,-108.911,-4.237,-0.391,-59.310,-0.0806,0.1265,0.9619,
29.010,IMU,177.5924,139.5752,158.5838,8.0960,6.0507,-108.911,-4.144,-0.451,-59.395,-0.0332,-0.0107,1.0801,
29.025,ENC,177.7560,139.6860,158.7210,8.1812,5.5394,-109.063,-4.144,-0.451,-59.395,-0.0332,-0.0107,1.0801,
29.030,IMU,177.7560,139.6860,158.7210,8.1812,5.5394,-109.063,-4.457,-0.438,-59.453,0.2622,0.0391,0.9648,
29.049,ENC,177.9213,139.7661,158.8437,8.2665,4.0054,-109.307,-4.457,-0.438,-59.453,0.2622,0.0391,0.9648,
29.065,ENC,178.0935,139.8292,158.9613,8.6073,3.1532,-109.619,-4.457,-0.438,-59.453,0.2622,0.0391,0.9648,
29.070,IMU,178.0935,139.8292,158.9613,8.6073,3.1532,-109.619,-4.727,-0.460,-59.660,0.2065,-0.0698,0.9253,
29.074,IMU,178.0935,139.8292,158.9613,8.6073,3.1532,-109.619,-4.524,-0.352,-59.895,-0.1104,0.1313,1.0557,
29.085,ENC,178.2673,139.8905,159.0789,8.6926,3.0680,-109.941,-4.524,-0.352,-59.895,-0.1104,0.1313,1.0557,
29.089,IMU,178.2673,139.8905,159.0789,8.6926,3.0680,-109.941,-4.463,-0.116,-60.004,0.0444,0.2686,0.8535,
29.105,ENC,178.4446,139.9400,159.1923,8.8630,2.4714,-110.308,-4.463,-0.116,-60.004,0.0444,0.2686,0.8535,
29.114,IMU,178.4446,139.9400,159.1923,8.8630,2.4714,-110.308,-4.511,0.072,-60.100,0.0825,0.1665,0.9121,
29.125,ENC,178.6116,139.9485,159.2800,8.3517,0.4261,-110.762,-4.511,0.072,-60.100,0.0825,0.1665,0.9121,
29.129,IMU,178.6116,139.9485,159.2800,8.3517,0.4261,-110.762,-4.585,0.105,-60.327,0.1733,-0.1030,1.1450,
29.145,ENC,178.8042,139.9178,159.3610,9.6300,-1.5340,-111.401,-4.585,0.105,-60.327,0.1733,-0.1030,1.1450,
29.150,IMU,178.8042,139.9178,159.3610,9.6300,-1.5340,-111.401,-4.689,-0.143,-60.702,0.2148,-0.2661,0.6431,
29.168,ENC,178.9729,139.9093,159.4411,8.4369,-0.4261,-111.909,-4.689,-0.143,-60.702,0.2148,-0.2661,0.6431,
29.172,IMU,178.9729,139.9093,159.4411,8.4369,-0.4261,-111.909,-4.738,-0.442,-61.046,0.2319,-0.1377,1.5889,
29.185,ENC,179.1502,139.9519,159.5510,8.8630,2.1305,-112.295,-4.738,-0.442,-61.046,0.2319,-0.1377,1.5889,
29.190,IMU,179.1502,139.9519,159.5510,8.8630,2.1305,-112.295,-4.339,-0.556,-61.328,-0.1689,-0.1353,0.8667,
29.207,ENC,179.3479,140.0013,159.6746,9.8857,2.4714,-112.720,-4.339,-0.556,-61.328,-0.1689,-0.1353,0.8667,
29.211,IMU,179.3479,140.0013,159.6746,9.8857,2.4714,-112.720,-4.329,-0.449,-61.548,0.0566,0.0625,0.7969,
29.225,ENC,179.5422,140.0388,159.7905,9.7152,1.8749,-113.169,-4.329,-0.449,-61.548,0.0566,0.0625,0.7969,
29.229,IMU,179.5422,140.0388,159.7905,9.7152,1.8749,-113.169,-4.278,-0.252,-61.756,0.0845,0.2192,1.0874,
29.245,ENC,179.7127,140.0797,159.8962,8.5221,2.0453,-113.540,-4.278,-0.252,-61.756,0.0845,0.2192,1.0874,
29.250,IMU,179.7127,140.0797,159.8962,8.5221,2.0453,-113.540,-4.201,-0.337,-62.006,0.0234,-0.0381,0.9761,
29.265,ENC,179.8558,140.1223,159.9891,7.1586,2.1305,-113.828,-4.201,-0.337,-62.006,0.0234,-0.0381,0.9761,
29.270,IMU,179.8558,140.1223,159.9891,7.1586,2.1305,-113.828,-4.120,-0.350,-62.188,-0.0103,-0.0410,0.9868,
29.285,ENC,179.9615,140.1632,160.0624,5.2837,2.0453,-114.014,-4.120,-0.350,-62.188,-0.0103,-0.0410,0.9868,
29.290,IMU,179.9615,140.1632,160.0624,5.2837,2.0453,-114.014,-4.185,-0.317,-62.324,0.1099,-0.0273,1.1104,
29.305,ENC,180.0484,140.2058,160.1271,4.3463,2.1305,-114.141,-4.185,-0.317,-62.324,0.1099,-0.0273,1.1104,
29.312,IMU,180.0484,140.2058,160.1271,4.3463,2.1305,-114.141,-4.258,-0.217,-62.403,0.1309,0.0664,0.9170,
29.325,ENC,180.1268,140.2570,160.1919,3.9202,2.5566,-114.219,-4.258,-0.217,-62.403,0.1309,0.0664,0.9170,
29.330,IMU,180.1268,140.2570,160.1919,3.9202,2.5566,-114.219,-4.270,-0.172,-62.438,0.0679,0.0806,0.9829,
29.345,ENC,180.1882,140.3013,160.2447,3.0680,2.2158,-114.268,-4.270,-0.172,-62.438,0.0679,0.0806,0.9829,
29.352,IMU,180.1882,140.3013,160.2447,3.0680,2.2158,-114.268,-4.229,-0.220,-62.473,0.0337,0.0142,1.0254,
29.365,ENC,180.2410,140.3388,160.2899,2.6419,1.8749,-114.312,-4.229,-0.220,-62.473,0.0337,0.0142,1.0254,
29.370,IMU,180.2410,140.3388,160.2899,2.6419,1.8749,-114.312,-4.244,-0.169,-62.547,0.1270,0.0039,1.0200,
29.394,IMU,180.2410,140.3388,160.2899,2.6419,1.8749,-114.312,-4.312,-0.078,-62.694,0.1465,0.0444,0.9194,
29.409,IMU,180.2410,140.3388,160.2899,2.6419,1.8749,-114.312,-4.300,-0.067,-62.832,0.0693,0.0269,1.0601,
29.415,ENC,180.2939,140.3456,160.3197,2.6419,0.3409,-114.443,-4.300,-0.067,-62.832,0.0693,0.0269,1.0601,
29.417,ENC,180.3535,140.3388,160.3462,2.9827,-0.3409,-114.634,-4.300,-0.067,-62.832,0.0693,0.0269,1.0601,
29.425,ENC,180.4149,140.3200,160.3675,3.0680,-0.9374,-114.863,-4.300,-0.067,-62.832,0.0693,0.0269,1.0601,
29.430,IMU,180.4149,140.3200,160.3675,3.0680,-0.9374,-114.863,-4.310,-0.064,-62.973,0.0503,0.0415,0.9897,
29.450,IMU,180.4149,140.3200,160.3675,3.0680,-0.9374,-114.863,-4.413,0.059,-63.159,0.1660,0.0444,1.0249,
29.452,ENC,180.4745,140.2911,160.3828,2.9827,-1.4488,-115.117,-4.413,0.059,-63.159,0.1660,0.0444,1.0249,
29.465,ENC,180.5325,140.2331,160.3828,2.8975,-2.8975,-115.449,-4.413,0.059,-63.159,0.1660,0.0444,1.0249,
29.470,IMU,180.5325,140.2331,160.3828,2.8975,-2.8975,-115.449,-4.409,0.131,-63.384,0.1084,0.0747,1.0210,
29.485,ENC,180.6024,140.1649,160.3837,3.4941,-3.4088,-115.845,-4.409,0.131,-63.384,0.1084,0.0747,1.0210,
29.490,IMU,180.6024,140.1649,160.3837,3.4941,-3.4088,-115.845,-4.419,0.098,-63.617,0.1138,-0.0068,0.9814,
29.505,ENC,180.6569,140.0882,160.3726,2.7271,-3.8350,-116.221,-4.419,0.098,-63.617,0.1138,-0.0068,0.9814,
29.510,IMU,180.6569,140.0882,160.3726,2.7271,-3.8350,-116.221,-4.461,0.075,-63.846,0.0840,-0.0415,1.0356,
29.525,ENC,180.7285,140.0064,160.3675,3.5793,-4.0906,-116.660,-4.461,0.075,-63.846,0.0840,-0.0415,1.0356,
29.530,IMU,180.7285,140.0064,160.3675,3.5793,-4.0906,-116.660,-4.510,0.096,-64.113,0.1035,0.0122,0.9551,
29.545,ENC,180.7984,139.9144,160.3564,3.4941,-4.6019,-117.124,-4.510,0.096,-64.113,0.1035,0.0122,0.9551,
29.550,IMU,180.7984,139.9144,160.3564,3.4941,-4.6019,-117.124,-4.536,0.116,-64.385,0.0674,0.0205,0.9731,
29.565,ENC,180.8802,139.8189,160.3496,4.0906,-4.7724,-117.632,-4.536,0.116,-64.385,0.0674,0.0205,0.9731,
29.572,IMU,180.8802,139.8189,160.3496,4.0906,-4.7724,-117.632,-4.498,0.045,-64.633,0.0566,-0.0142,1.0049,
29.586,ENC,180.9586,139.7303,160.3445,3.9202,-4.4315,-118.110,-4.498,0.045,-64.633,0.0566,-0.0142,1.0049,
29.591,IMU,180.9586,139.7303,160.3445,3.9202,-4.4315,-118.110,-4.479,-0.010,-64.918,0.0776,-0.0293,1.0728,
29.605,ENC,181.0421,139.6366,160.3393,4.1758,-4.6872,-118.618,-4.479,-0.010,-64.918,0.0776,-0.0293,1.0728,
29.611,IMU,181.0421,139.6366,160.3393,4.1758,-4.6872,-118.618,-4.419,-0.072,-65.199,0.0610,-0.0356,0.9824,
29.631,IMU,181.0421,139.6366,160.3393,4.1758,-4.6872,-118.618,-4.498,-0.049,-65.486,0.1050,-0.0034,0.9985,
29.648,ENC,181.2228,139.4337,160.3283,4.5167,-5.0707,-119.717,-4.498,-0.049,-65.486,0.1050,-0.0034,0.9985,
29.651,IMU,181.2228,139.4337,160.3283,4.5167,-5.0707,-119.717,-4.504,-0.040,-65.781,0.0977,0.0029,0.9980,
29.665,ENC,181.3165,139.3349,160.3257,4.6872,-4.9428,-120.269,-4.504,-0.040,-65.781,0.0977,0.0029,0.9980,
29.670,IMU,181.3165,139.3349,160.3257,4.6872,-4.9428,-120.269,-4.502,-0.058,-66.073,0.0586,-0.0342,0.9941,
29.686,ENC,181.4052,139.2258,160.3155,4.4315,-5.4542,-120.835,-4.502,-0.058,-66.073,0.0586,-0.0342,0.9941,
29.690,IMU,181.4052,139.2258,160.3155,4.4315,-5.4542,-120.835,-4.468,-0.074,-66.450,0.0640,-0.0342,0.9780,
29.706,ENC,181.4921,139.1321,160.3121,4.3463,-4.6872,-121.353,-4.468,-0.074,-66.450,0.0640,-0.0342,0.9780,
29.710,IMU,181.4921,139.1321,160.3121,4.3463,-4.6872,-121.353,-4.440,-0.100,-66.716,0.0752,-0.0181,0.9111,
29.726,ENC,181.5807,139.0417,160.3112,4.4315,-4.5167,-121.865,-4.440,-0.100,-66.716,0.0752,-0.0181,0.9111,
29.730,IMU,181.5807,139.0417,160.3112,4.4315,-4.5167,-121.865,-4.365,-0.156,-67.066,0.0322,-0.0293,1.0005,
29.751,IMU,181.5807,139.0417,160.3112,4.4315,-4.5167,-121.865,-4.371,-0.140,-67.396,0.0869,0.0225,1.0513,
29.771,IMU,181.5807,139.0417,160.3112,4.4315,-4.5167,-121.865,-4.380,-0.164,-67.713,0.0845,-0.0215,1.0537,
29.785,ENC,181.8347,138.7486,160.2916,4.2327,-4.8860,-123.433,-4.380,-0.164,-67.713,0.0845,-0.0215,1.0537,
29.790,IMU,181.8347,138.7486,160.2916,4.2327,-4.8860,-123.433,-4.410,-0.211,-67.993,0.0732,-0.0488,1.0049,
29.809,IMU,181.8347,138.7486,160.2916,4.2327,-4.8860,-123.433,-4.414,-0.168,-68.214,0.0835,0.0005,0.9614,
29.825,ENC,182.0000,138.5491,160.2746,4.1332,-4.9854,-124.478,-4.414,-0.168,-68.214,0.0835,0.0005,0.9614,
29.829,IMU,182.0000,138.5491,160.2746,4.1332,-4.9854,-124.478,-4.361,-0.182,-68.538,0.0625,-0.0259,0.9590,
29.845,ENC,182.0852,138.4588,160.2720,4.2611,-4.5167,-124.980,-4.361,-0.182,-68.538,0.0625,-0.0259,0.9590,
29.855,IMU,182.0852,138.4588,160.2720,4.2611,-4.5167,-124.980,-4.342,-0.218,-68.877,0.0640,-0.0244,0.9297,
29.865,ENC,182.1670,138.3736,160.2703,4.0906,-4.2611,-125.459,-4.342,-0.218,-68.877,0.0640,-0.0244,0.9297,
29.871,IMU,182.1670,138.3736,160.2703,4.0906,-4.2611,-125.459,-4.380,-0.242,-69.172,0.1270,0.0122,0.9575,
29.885,ENC,182.2506,138.2713,160.2609,4.1758,-5.1133,-125.991,-4.380,-0.242,-69.172,0.1270,0.0122,0.9575,
29.890,IMU,182.2506,138.2713,160.2609,4.1758,-5.1133,-125.991,-4.366,-0.251,-69.497,0.0479,-0.0103,1.0356,
29.905,ENC,182.3221,138.1793,160.2507,3.5793,-4.6019,-126.460,-4.366,-0.251,-69.497,0.0479,-0.0103,1.0356,
29.912,IMU,182.3221,138.1793,160.2507,3.5793,-4.6019,-126.460,-4.365,-0.252,-69.797,0.0698,0.0366,1.0176,
29.925,ENC,182.3988,138.0838,160.2413,3.8350,-4.7724,-126.953,-4.365,-0.252,-69.797,0.0698,0.0366,1.0176,
29.930,IMU,182.3988,138.0838,160.2413,3.8350,-4.7724,-126.953,-4.310,-0.350,-70.100,0.0366,-0.0576,1.0103,
29.945,ENC,182.4755,137.9918,160.2337,3.8350,-4.6019,-127.437,-4.310,-0.350,-70.100,0.0366,-0.0576,1.0103,
29.952,IMU,182.4755,137.9918,160.2337,3.8350,-4.6019,-127.437,-4.289,-0.318,-70.367,0.0649,0.0137,0.9663,
29.965,ENC,182.5591,137.8998,160.2294,4.1758,-4.6019,-127.939,-4.289,-0.318,-70.367,0.0649,0.0137,0.9663,
29.970,IMU,182.5591,137.8998,160.2294,4.1758,-4.6019,-127.939,-4.306,-0.334,-70.610,0.0767,0.0010,1.0127,
29.986,ENC,182.6340,137.8060,160.2200,3.7497,-4.6872,-128.423,-4.306,-0.334,-70.610,0.0767,0.0010,1.0127,
29.990,IMU,182.6340,137.8060,160.2200,3.7497,-4.6872,-128.423,-4.339,-0.329,-70.873,0.1035,0.0273,0.9648,
30.005,ENC,182.7142,137.7140,160.2141,4.0054,-4.6019,-128.916,-4.339,-0.329,-70.873,0.1035,0.0273,0.9648,
30.009,IMU,182.7142,137.7140,160.2141,4.0054,-4.6019,-128.916,-4.311,-0.440,-71.122,0.0449,-0.0630,1.0371,
30.025,ENC,182.7943,137.6117,160.2030,4.0054,-5.1133,-129.438,-4.311,-0.440,-71.122,0.0449,-0.0630,1.0371,
30.036,IMU,182.7943,137.6117,160.2030,4.0054,-5.1133,-129.438,-4.238,-0.440,-71.426,-0.0181,0.0264,0.9985,
30.045,ENC,182.8727,137.5129,160.1928,3.9202,-4.9428,-129.946,-4.238,-0.440,-71.426,-0.0181,0.0264,0.9985,
30.050,IMU,182.8727,137.5129,160.1928,3.9202,-4.9428,-129.946,-4.189,-0.480,-71.676,0.0288,-0.0444,1.0361,
30.065,ENC,182.9477,137.4174,160.1825,3.7497,-4.7724,-130.435,-4.189,-0.480,-71.676,0.0288,-0.0444,1.0361,
30.069,IMU,182.9477,137.4174,160.1825,3.7497,-4.7724,-130.435,-4.174,-0.527,-71.954,0.0586,-0.0034,0.9771,
30.085,ENC,183.0210,137.3117,160.1663,3.6645,-5.2837,-130.947,-4.174,-0.527,-71.954,0.0586,-0.0034,0.9771,
30.090,IMU,183.0210,137.3117,160.1663,3.6645,-5.2837,-130.947,-4.183,-0.575,-72.217,0.0688,0.0015,0.9678,
30.112,IMU,183.0210,137.3117,160.1663,3.6645,-5.2837,-130.947,-4.075,-0.701,-72.491,0.0005,-0.0776,1.0366,
30.125,ENC,183.1692,137.1174,160.1433,3.7071,-4.8576,-131.929,-4.075,-0.701,-72.491,0.0005,-0.0776,1.0366,
30.129,IMU,183.1692,137.1174,160.1433,3.7071,-4.8576,-131.929,-4.103,-0.732,-72.756,0.0830,-0.0391,0.9756,
30.145,ENC,183.2425,137.0118,160.1271,3.6645,-5.2837,-132.441,-4.103,-0.732,-72.756,0.0830,-0.0391,0.9756,
30.150,IMU,183.2425,137.0118,160.1271,3.6645,-5.2837,-132.441,-4.051,-0.715,-73.046,0.0254,0.0151,0.9780,
30.167,ENC,183.3175,136.9112,160.1144,3.7497,-5.0280,-132.944,-4.051,-0.715,-73.046,0.0254,0.0151,0.9780,
30.171,IMU,183.3175,136.9112,160.1144,3.7497,-5.0280,-132.944,-4.058,-0.714,-73.305,0.0483,-0.0049,1.0010,
30.185,ENC,183.3891,136.8123,160.1007,3.5793,-4.9428,-133.433,-4.058,-0.714,-73.305,0.0483,-0.0049,1.0010,
30.190,IMU,183.3891,136.8123,160.1007,3.5793,-4.9428,-133.433,-4.101,-0.754,-73.580,0.0942,-0.0278,0.9590,
30.205,ENC,183.4641,136.7084,160.0862,3.7497,-5.1985,-133.945,-4.101,-0.754,-73.580,0.0942,-0.0278,0.9590,
30.211,IMU,183.4641,136.7084,160.0862,3.7497,-5.1985,-133.945,-4.112,-0.783,-73.843,0.0571,-0.0083,0.9678,
30.225,ENC,183.5340,136.6095,160.0717,3.4941,-4.9428,-134.429,-4.112,-0.783,-73.843,0.0571,-0.0083,0.9678,
30.229,IMU,183.5340,136.6095,160.0717,3.4941,-4.9428,-134.429,-4.055,-0.710,-74.151,0.0547,0.0259,1.0220,
30.245,ENC,183.6005,136.5158,160.0581,3.3236,-4.6872,-134.888,-4.055,-0.710,-74.151,0.0547,0.0259,1.0220,
30.250,IMU,183.6005,136.5158,160.0581,3.3236,-4.6872,-134.888,-4.045,-0.694,-74.422,0.0522,-0.0171,0.9453,
30.265,ENC,183.6737,136.4118,160.0428,3.6645,-5.1985,-135.396,-4.045,-0.694,-74.422,0.0522,-0.0171,0.9453,
30.269,IMU,183.6737,136.4118,160.0428,3.6645,-5.1985,-135.396,-4.006,-0.602,-74.720,0.0610,0.0669,0.9805,
30.286,ENC,183.7453,136.3146,160.0300,3.5793,-4.8576,-135.879,-4.006,-0.602,-74.720,0.0610,0.0669,0.9805,
30.291,IMU,183.7453,136.3146,160.0300,3.5793,-4.8576,-135.879,-4.035,-0.606,-74.948,0.0903,-0.0068,0.9648,
30.306,ENC,183.8152,136.2209,160.0181,3.4941,-4.6872,-136.348,-4.035,-0.606,-74.948,0.0903,-0.0068,0.9648,
30.310,IMU,183.8152,136.2209,160.0181,3.4941,-4.6872,-136.348,-4.058,-0.635,-75.247,0.0708,-0.0186,0.9634,
30.325,ENC,183.8885,136.1118,160.0002,3.6645,-5.4542,-136.870,-4.058,-0.635,-75.247,0.0708,-0.0186,0.9634,
30.329,IMU,183.8885,136.1118,160.0002,3.6645,-5.4542,-136.870,-4.088,-0.586,-75.520,0.1279,0.0317,0.9814,
30.345,ENC,183.9584,136.0061,159.9823,3.4941,-5.2837,-137.373,-4.088,-0.586,-75.520,0.1279,0.0317,0.9814,
30.350,IMU,183.9584,136.0061,159.9823,3.4941,-5.2837,-137.373,-4.139,-0.480,-75.806,0.1323,0.0649,0.9639,
30.372,IMU,183.9584,136.0061,159.9823,3.4941,-5.2837,-137.373,-4.199,-0.419,-76.087,0.1045,0.0322,1.0439,
30.385,ENC,184.0862,135.7795,159.9328,3.1958,-5.6672,-138.389,-4.199,-0.419,-76.087,0.1045,0.0322,1.0439,
30.393,IMU,184.0862,135.7795,159.9328,3.1958,-5.6672,-138.389,-4.242,-0.462,-76.392,0.1245,0.0034,1.0156,
30.406,ENC,184.1578,135.6772,159.9175,3.5793,-5.1133,-138.887,-4.242,-0.462,-76.392,0.1245,0.0034,1.0156,
30.410,IMU,184.1578,135.6772,159.9175,3.5793,-5.1133,-138.887,-4.213,-0.519,-76.651,0.0371,-0.0679,0.9844,
30.425,ENC,184.2277,135.5766,159.9022,3.4941,-5.0280,-139.375,-4.213,-0.519,-76.651,0.0371,-0.0679,0.9844,
30.430,IMU,184.2277,135.5766,159.9022,3.4941,-5.0280,-139.375,-4.248,-0.545,-76.944,0.0938,-0.0215,1.0415,
30.445,ENC,184.3027,135.4675,159.8851,3.7497,-5.4542,-139.902,-4.248,-0.545,-76.944,0.0938,-0.0215,1.0415,
30.453,IMU,184.3027,135.4675,159.8851,3.7497,-5.4542,-139.902,-4.160,-0.578,-77.245,0.0400,-0.0591,1.0420,
30.466,ENC,184.3811,135.3551,159.8681,3.9202,-5.6246,-140.449,-4.160,-0.578,-77.245,0.0400,-0.0591,1.0420,
30.470,IMU,184.3811,135.3551,159.8681,3.9202,-5.6246,-140.449,-4.195,-0.521,-77.535,0.1299,-0.0054,0.9683,
30.485,ENC,184.4612,135.2562,159.8587,4.0054,-4.9428,-140.962,-4.195,-0.521,-77.535,0.1299,-0.0054,0.9683,
30.490,IMU,184.4612,135.2562,159.8587,4.0054,-4.9428,-140.962,-4.197,-0.529,-77.807,0.0327,-0.0132,1.0088,
30.505,ENC,184.5379,135.1522,159.8451,3.8350,-5.1985,-141.479,-4.197,-0.529,-77.807,0.0327,-0.0132,1.0088,
30.511,IMU,184.5379,135.1522,159.8451,3.8350,-5.1985,-141.479,-4.213,-0.632,-78.146,0.0684,-0.0352,0.9692,
30.525,ENC,184.6163,135.0551,159.8357,3.9202,-4.8576,-141.982,-4.213,-0.632,-78.146,0.0684,-0.0352,0.9692,
30.530,IMU,184.6163,135.0551,159.8357,3.9202,-4.8576,-141.982,-4.103,-0.765,-78.393,-0.0410,-0.0684,1.0688,
30.545,ENC,184.7032,134.9630,159.8331,4.3463,-4.6019,-142.495,-4.103,-0.765,-78.393,-0.0410,-0.0684,1.0688,
30.550,IMU,184.7032,134.9630,159.8331,4.3463,-4.6019,-142.495,-4.029,-0.780,-78.685,-0.0156,-0.0044,1.0215,
30.568,ENC,184.7799,134.8693,159.8246,3.8350,-4.6872,-142.983,-4.029,-0.780,-78.685,-0.0156,-0.0044,1.0215,
30.572,IMU,184.7799,134.8693,159.8246,3.8350,-4.6872,-142.983,-4.070,-0.802,-78.956,0.1069,-0.0044,1.0356,
30.585,ENC,184.8532,134.7790,159.8161,3.6645,-4.5167,-143.452,-4.070,-0.802,-78.956,0.1069,-0.0044,1.0356,
30.590,IMU,184.8532,134.7790,159.8161,3.6645,-4.5167,-143.452,-4.045,-0.756,-79.222,0.0493,0.0098,1.0449,
30.605,ENC,184.9470,134.6869,159.8169,4.6872,-4.6019,-143.984,-4.045,-0.756,-79.222,0.0493,0.0098,1.0449,
30.609,IMU,184.9470,134.6869,159.8169,4.6872,-4.6019,-143.984,-4.008,-0.703,-79.487,0.0317,0.0410,0.9956,
30.625,ENC,185.0219,134.5949,159.8084,3.7497,-4.6019,-144.463,-4.008,-0.703,-79.487,0.0317,0.0410,0.9956,
30.629,IMU,185.0219,134.5949,159.8084,3.7497,-4.6019,-144.463,-3.966,-0.675,-79.786,0.0342,-0.0020,1.0068,
30.645,ENC,185.0969,134.5028,159.7999,3.7497,-4.6019,-144.941,-3.966,-0.675,-79.786,0.0342,-0.0020,1.0068,
30.650,IMU,185.0969,134.5028,159.7999,3.7497,-4.6019,-144.941,-4.000,-0.674,-80.088,0.0942,0.0122,0.9375,
30.665,ENC,185.1770,134.4091,159.7931,4.0054,-4.6872,-145.439,-4.000,-0.674,-80.088,0.0942,0.0122,0.9375,
30.672,IMU,185.1770,134.4091,159.7931,4.0054,-4.6872,-145.439,-3.982,-0.801,-80.349,0.0220,-0.0718,1.0317,
30.685,ENC,185.2503,134.3307,159.7905,3.6645,-3.9202,-145.874,-3.982,-0.801,-80.349,0.0220,-0.0718,1.0317,
30.690,IMU,185.2503,134.3307,159.7905,3.6645,-3.9202,-145.874,-3.947,-0.792,-80.511,0.0327,-0.0039,0.9917,
30.705,ENC,185.3066,134.2489,159.7777,2.8123,-4.0906,-146.270,-3.947,-0.792,-80.511,0.0327,-0.0039,0.9917,
30.709,IMU,185.3066,134.2489,159.7777,2.8123,-4.0906,-146.270,-3.866,-0.754,-80.745,0.0264,0.0024,1.0063,
30.725,ENC,185.3594,134.1688,159.7641,2.6419,-4.0054,-146.650,-3.866,-0.754,-80.745,0.0264,0.0024,1.0063,
30.730,IMU,185.3594,134.1688,159.7641,2.6419,-4.0054,-146.650,-3.798,-0.741,-80.825,-0.0269,0.0151,1.0103,
30.745,ENC,185.3952,134.1211,159.7581,1.7896,-2.3862,-146.890,-3.798,-0.741,-80.825,-0.0269,0.0151,1.0103,
30.749,IMU,185.3952,134.1211,159.7581,1.7896,-2.3862,-146.890,-3.690,-0.740,-80.894,0.0059,-0.0078,1.0430,
30.765,ENC,185.4157,134.0836,159.7496,1.0227,-1.8749,-147.056,-3.690,-0.740,-80.894,0.0059,-0.0078,1.0430,
30.769,IMU,185.4157,134.0836,159.7496,1.0227,-1.8749,-147.056,-3.647,-0.763,-80.917,0.0220,-0.0156,1.0298,
30.788,ENC,185.4344,134.0529,159.7436,0.9374,-1.5340,-147.197,-3.647,-0.763,-80.917,0.0220,-0.0156,1.0298,
30.792,IMU,185.4344,134.0529,159.7436,0.9374,-1.5340,-147.197,-3.574,-0.756,-80.974,0.0186,0.0176,0.9443,
30.805,ENC,185.4429,134.0495,159.7462,0.4261,-0.1704,-147.231,-3.574,-0.756,-80.974,0.0186,0.0176,0.9443,
30.809,IMU,185.4429,134.0495,159.7462,0.4261,-0.1704,-147.231,-3.640,-0.629,-80.945,0.0674,0.0547,1.0220,
30.825,ENC,185.4429,134.0307,159.7368,0.0000,-0.9374,-147.285,-3.640,-0.629,-80.945,0.0674,0.0547,1.0220,
30.829,IMU,185.4429,134.0307,159.7368,0.0000,-0.9374,-147.285,-3.729,-0.676,-80.925,0.1323,-0.0015,0.9453,
30.845,ENC,185.4412,134.0205,159.7309,-0.0852,-0.5113,-147.310,-3.729,-0.676,-80.925,0.1323,-0.0015,0.9453,
30.850,IMU,185.4412,134.0205,159.7309,-0.0852,-0.5113,-147.310,-3.736,-0.653,-80.919,0.0439,-0.0049,1.0171,
30.865,ENC,185.4412,134.0137,159.7275,0.0000,-0.3409,-147.329,-3.736,-0.653,-80.919,0.0439,-0.0049,1.0171,
30.872,IMU,185.4412,134.0137,159.7275,0.0000,-0.3409,-147.329,-3.717,-0.730,-80.942,0.0342,-0.0410,0.9775,
30.885,ENC,185.4412,134.0137,159.7275,0.0000,0.0000,-147.329,-3.717,-0.730,-80.942,0.0342,-0.0410,0.9775,
30.891,IMU,185.4412,134.0137,159.7275,0.0000,0.0000,-147.329,-3.727,-0.708,-80.882,0.0732,-0.0142,1.0195,
30.905,ENC,185.4412,134.0154,159.7283,0.0000,0.0852,-147.324,-3.727,-0.708,-80.882,0.0732,-0.0142,1.0195,
30.909,IMU,185.4412,134.0154,159.7283,0.0000,0.0852,-147.324,-3.751,-0.696,-80.888,0.0879,-0.0039,0.9834,
30.925,ENC,185.4412,134.0154,159.7283,0.0000,0.0000,-147.324,-3.751,-0.696,-80.888,0.0879,-0.0039,0.9834,
30.929,IMU,185.4412,134.0154,159.7283,0.0000,0.0000,-147.324,-3.783,-0.657,-80.924,0.0674,0.0015,0.9780,
30.945,ENC,185.4429,134.0171,159.7300,0.0852,0.0852,-147.324,-3.783,-0.657,-80.924,0.0674,0.0015,0.9780,
30.950,IMU,185.4429,134.0171,159.7300,0.0852,0.0852,-147.324,-3.755,-0.778,-80.915,0.0708,-0.0796,1.0054,
30.970,IMU,185.4429,134.0171,159.7300,0.0852,0.0852,-147.324,-3.699,-0.978,-80.996,0.0352,-0.1060,1.0293,
30.972,ENC,185.4600,134.0222,159.7411,0.8522,0.2557,-147.358,-3.699,-0.978,-80.996,0.0352,-0.1060,1.0293,
30.985,ENC,185.5077,134.0375,159.7726,2.3862,0.7670,-147.451,-3.699,-0.978,-80.996,0.0352,-0.1060,1.0293,
30.990,IMU,185.5077,134.0375,159.7726,2.3862,0.7670,-147.451,-3.724,-1.200,-81.125,0.0747,-0.1602,0.9785,
31.005,ENC,185.5674,134.0631,159.8152,2.9827,1.2783,-147.549,-3.724,-1.200,-81.125,0.0747,-0.1602,0.9785,
31.009,IMU,185.5674,134.0631,159.8152,2.9827,1.2783,-147.549,-3.711,-1.387,-81.235,0.0093,-0.1665,0.9819,
31.025,ENC,185.6543,134.1040,159.8791,4.3463,2.0453,-147.681,-3.711,-1.387,-81.235,0.0093,-0.1665,0.9819,
31.029,IMU,185.6543,134.1040,159.8791,4.3463,2.0453,-147.681,-3.652,-1.493,-81.382,0.0020,-0.1396,0.9912,
31.051,ENC,185.7702,134.1551,159.9627,5.7950,2.5566,-147.866,-3.652,-1.493,-81.382,0.0020,-0.1396,0.9912,
31.067,ENC,185.9031,134.2080,160.0556,6.6473,2.6419,-148.096,-3.652,-1.493,-81.382,0.0020,-0.1396,0.9912,
31.071,IMU,185.9031,134.2080,160.0556,6.6473,2.6419,-148.096,-3.736,-1.560,-81.772,0.1162,-0.1323,1.0083,
31.085,ENC,186.0531,134.2676,160.1604,7.4995,2.9827,-148.354,-3.736,-1.560,-81.772,0.1162,-0.1323,1.0083,
31.090,IMU,186.0531,134.2676,160.1604,7.4995,2.9827,-148.354,-3.649,-1.645,-81.986,-0.0117,-0.0620,0.9922,
31.108,ENC,186.2167,134.3290,160.2729,8.1812,3.0680,-148.647,-3.649,-1.645,-81.986,-0.0117,-0.0620,0.9922,
31.115,IMU,186.2167,134.3290,160.2729,8.1812,3.0680,-148.647,-3.637,-1.655,-82.149,0.0293,-0.0259,0.9204,
31.125,ENC,186.3923,134.4040,160.3981,8.7778,3.7497,-148.936,-3.637,-1.655,-82.149,0.0293,-0.0259,0.9204,
31.129,IMU,186.3923,134.4040,160.3981,8.7778,3.7497,-148.936,-3.550,-1.730,-82.377,-0.0127,-0.0786,1.0293,
31.145,ENC,186.5593,134.4960,160.5277,8.3517,4.6019,-149.150,-3.550,-1.730,-82.377,-0.0127,-0.0786,1.0293,
31.150,IMU,186.5593,134.4960,160.5277,8.3517,4.6019,-149.150,-3.731,-1.797,-82.518,0.1968,-0.0938,1.0283,
31.165,ENC,186.7196,134.6119,160.6657,8.0108,5.7950,-149.277,-3.731,-1.797,-82.518,0.1968,-0.0938,1.0283,
31.170,IMU,186.7196,134.6119,160.6657,8.0108,5.7950,-149.277,-3.803,-1.837,-82.597,0.1650,-0.0684,0.9287,
31.185,ENC,186.8729,134.7364,160.8046,7.6699,6.2211,-149.360,-3.803,-1.837,-82.597,0.1650,-0.0684,0.9287,
31.189,IMU,186.8729,134.7364,160.8046,7.6699,6.2211,-149.360,-3.858,-1.722,-82.575,0.0586,0.0044,1.0942,
31.205,ENC,187.0144,134.8915,160.9529,7.0734,7.7551,-149.321,-3.858,-1.722,-82.575,0.0586,0.0044,1.0942,
31.209,IMU,187.0144,134.8915,160.9529,7.0734,7.7551,-149.321,-3.807,-1.693,-82.525,0.0078,-0.0103,0.9438,
31.225,ENC,187.1525,135.0431,161.0978,6.9029,7.5847,-149.282,-3.807,-1.693,-82.525,0.0078,-0.0103,0.9438,
31.230,IMU,187.1525,135.0431,161.0978,6.9029,7.5847,-149.282,-3.759,-1.794,-82.447,-0.0083,-0.1011,1.0552,
31.245,ENC,187.2803,135.2119,161.2461,6.3916,8.4369,-149.165,-3.759,-1.794,-82.447,-0.0083,-0.1011,1.0552,
31.250,IMU,187.2803,135.2119,161.2461,6.3916,8.4369,-149.165,-3.804,-1.818,-82.362,0.0796,-0.0117,1.0474,
31.266,ENC,187.4252,135.3755,161.4003,7.2438,8.1812,-149.111,-3.804,-1.818,-82.362,0.0796,-0.0117,1.0474,
31.270,IMU,187.4252,135.3755,161.4003,7.2438,8.1812,-149.111,-3.777,-1.870,-82.243,0.0532,-0.0737,0.8730,
31.285,ENC,187.5701,135.5374,161.5537,7.2438,8.0960,-149.062,-3.777,-1.870,-82.243,0.0532,-0.0737,0.8730,
31.289,IMU,187.5701,135.5374,161.5537,7.2438,8.0960,-149.062,-3.677,-1.925,-82.190,-0.0200,-0.0371,0.9209,
31.305,ENC,187.7286,135.6908,161.7097,7.9256,7.6699,-149.077,-3.677,-1.925,-82.190,-0.0200,-0.0371,0.9209,
31.309,IMU,187.7286,135.6908,161.7097,7.9256,7.6699,-149.077,-3.857,-1.889,-82.146,0.2104,-0.0161,0.9370,
31.325,ENC,187.8939,135.8749,161.8844,8.2665,9.2039,-149.023,-3.857,-1.889,-82.146,0.2104,-0.0161,0.9370,
31.330,IMU,187.8939,135.8749,161.8844,8.2665,9.2039,-149.023,-3.914,-1.862,-82.135,0.1226,-0.0024,0.9189,
31.345,ENC,188.0303,136.0419,162.0361,6.8177,8.3517,-148.936,-3.914,-1.862,-82.135,0.1226,-0.0024,0.9189,
31.349,IMU,188.0303,136.0419,162.0361,6.8177,8.3517,-148.936,-3.982,-1.874,-82.154,0.1162,-0.0679,0.9551,
31.365,ENC,188.1785,136.2107,162.1946,7.4142,8.4369,-148.877,-3.982,-1.874,-82.154,0.1162,-0.0679,0.9551,
31.369,IMU,188.1785,136.2107,162.1946,7.4142,8.4369,-148.877,-3.834,-1.883,-82.146,-0.0420,-0.0503,0.9941,
31.389,IMU,188.1785,136.2107,162.1946,7.4142,8.4369,-148.877,-3.909,-1.748,-82.044,0.0952,0.0396,0.9644,
31.405,ENC,188.4802,136.5550,162.5176,7.5421,8.6073,-148.755,-3.909,-1.748,-82.044,0.0952,0.0396,0.9644,
31.409,IMU,188.4802,136.5550,162.5176,7.5421,8.6073,-148.755,-3.876,-1.683,-81.976,0.0317,0.0503,0.9336,
31.425,ENC,188.6098,136.7373,162.6735,6.4768,9.1187,-148.604,-3.876,-1.683,-81.976,0.0317,0.0503,0.9336,
31.429,IMU,188.6098,136.7373,162.6735,6.4768,9.1187,-148.604,-3.934,-1.606,-81.854,0.0488,0.0107,0.9946,
31.445,ENC,188.7359,136.9146,162.8252,6.3064,8.8630,-148.457,-3.934,-1.606,-81.854,0.0488,0.0107,0.9946,
31.449,IMU,188.7359,136.9146,162.8252,6.3064,8.8630,-148.457,-3.942,-1.588,-81.748,0.0571,-0.0352,1.0713,
31.466,ENC,188.8535,137.0902,162.9718,5.8803,8.7778,-148.291,-3.942,-1.588,-81.748,0.0571,-0.0352,1.0713,
31.470,IMU,188.8535,137.0902,162.9718,5.8803,8.7778,-148.291,-3.970,-1.483,-81.607,0.0942,0.0483,1.0273,
31.493,IMU,188.8535,137.0902,162.9718,5.8803,8.7778,-148.291,-3.906,-1.445,-81.509,-0.0010,-0.0234,0.9878,
31.505,ENC,189.1109,137.4055,163.2582,6.4342,7.8830,-148.125,-3.906,-1.445,-81.509,-0.0010,-0.0234,0.9878,
31.509,IMU,189.1109,137.4055,163.2582,6.4342,7.8830,-148.125,-3.913,-1.332,-81.451,0.0830,0.0396,0.9292,
31.525,ENC,189.2608,137.5572,163.4090,7.4995,7.5847,-148.120,-3.913,-1.332,-81.451,0.0830,0.0396,0.9292,
31.529,IMU,189.2608,137.5572,163.4090,7.4995,7.5847,-148.120,-3.914,-1.231,-81.411,0.0488,0.0620,0.9365,
31.546,ENC,189.4074,137.6935,163.5505,7.3290,6.8177,-148.149,-3.914,-1.231,-81.411,0.0488,0.0620,0.9365,
31.549,IMU,189.4074,137.6935,163.5505,7.3290,6.8177,-148.149,-4.038,-1.187,-81.385,0.1675,0.0083,0.9458,
31.565,ENC,189.5540,137.8316,163.6928,7.3290,6.9029,-148.174,-4.038,-1.187,-81.385,0.1675,0.0083,0.9458,
31.569,IMU,189.5540,137.8316,163.6928,7.3290,6.9029,-148.174,-3.996,-1.152,-81.403,0.0410,0.0190,1.0552,
31.585,ENC,189.7091,137.9679,163.8385,7.7551,6.8177,-148.228,-3.996,-1.152,-81.403,0.0410,0.0190,1.0552,
31.590,IMU,189.7091,137.9679,163.8385,7.7551,6.8177,-148.228,-4.046,-1.172,-81.355,0.0977,0.0068,1.0278,
31.605,ENC,189.8506,138.1094,163.9800,7.0734,7.0734,-148.228,-4.046,-1.172,-81.355,0.0977,0.0068,1.0278,
31.609,IMU,189.8506,138.1094,163.9800,7.0734,7.0734,-148.228,-4.073,-1.091,-81.286,0.0288,-0.0063,1.0132,
31.625,ENC,189.9869,138.2526,164.1198,6.8177,7.1586,-148.208,-4.073,-1.091,-81.286,0.0288,-0.0063,1.0132,
31.630,IMU,189.9869,138.2526,164.1198,6.8177,7.1586,-148.208,-4.036,-1.149,-81.193,0.0518,-0.0391,1.0200,
31.646,ENC,190.1233,138.4077,164.2655,6.8177,7.7551,-148.154,-4.036,-1.149,-81.193,0.0518,-0.0391,1.0200,
31.654,IMU,190.1233,138.4077,164.2655,6.8177,7.7551,-148.154,-4.087,-1.186,-81.100,0.1147,-0.0308,0.9956,
31.665,ENC,190.2511,138.5611,164.4061,6.3916,7.6699,-148.081,-4.087,-1.186,-81.100,0.1147,-0.0308,0.9956,
31.669,IMU,190.2511,138.5611,164.4061,6.3916,7.6699,-148.081,-4.148,-1.163,-81.078,0.1836,0.0200,0.8711,
31.685,ENC,190.3960,138.7196,164.5578,7.2438,7.9256,-148.042,-4.148,-1.163,-81.078,0.1836,0.0200,0.8711,
31.690,IMU,190.3960,138.7196,164.5578,7.2438,7.9256,-148.042,-4.118,-1.233,-81.011,0.0317,-0.1050,1.0679,
31.704,ENC,190.5272,138.8576,164.6924,6.5620,6.9029,-148.022,-4.118,-1.233,-81.011,0.0317,-0.1050,1.0679,
31.710,IMU,190.5272,138.8576,164.6924,6.5620,6.9029,-148.022,-4.143,-1.273,-80.983,0.0962,-0.0684,0.9985,
31.725,ENC,190.6551,139.0162,164.8356,6.3916,7.9256,-147.935,-4.143,-1.273,-80.983,0.0962,-0.0684,0.9985,
31.729,IMU,190.6551,139.0162,164.8356,6.3916,7.9256,-147.935,-4.114,-1.261,-80.909,0.0215,0.0278,1.0894,
31.745,ENC,190.8051,139.1713,164.9882,7.4995,7.7551,-147.920,-4.114,-1.261,-80.909,0.0215,0.0278,1.0894,
31.749,IMU,190.8051,139.1713,164.9882,7.4995,7.7551,-147.920,-4.274,-1.252,-80.884,0.2134,-0.0049,0.9814,
31.766,ENC,190.9192,139.3298,165.1245,5.7098,7.9256,-147.793,-4.274,-1.252,-80.884,0.2134,-0.0049,0.9814,
31.771,IMU,190.9192,139.3298,165.1245,5.7098,7.9256,-147.793,-4.294,-1.347,-80.907,0.0771,-0.1182,1.0112,
31.785,ENC,191.0471,139.4798,165.2634,6.3916,7.4995,-147.729,-4.294,-1.347,-80.907,0.0771,-0.1182,1.0112,
31.789,IMU,191.0471,139.4798,165.2634,6.3916,7.4995,-147.729,-4.235,-1.313,-80.909,0.0220,0.0093,1.0073,
31.806,ENC,191.1766,139.6502,165.4134,6.4768,8.5221,-147.612,-4.235,-1.313,-80.909,0.0220,0.0093,1.0073,
31.809,IMU,191.1766,139.6502,165.4134,6.4768,8.5221,-147.612,-4.160,-1.272,-80.862,0.0088,-0.0049,0.9932,
31.830,IMU,191.1766,139.6502,165.4134,6.4768,8.5221,-147.612,-4.221,-1.391,-80.786,0.0923,-0.1260,1.0239,
31.832,ENC,191.3062,139.8172,165.5617,6.4768,8.3517,-147.505,-4.221,-1.391,-80.786,0.0923,-0.1260,1.0239,
31.846,ENC,191.4425,140.0064,165.7245,6.8177,9.4595,-147.354,-4.221,-1.391,-80.786,0.0923,-0.1260,1.0239,
31.850,IMU,191.4425,140.0064,165.7245,6.8177,9.4595,-147.354,-4.245,-1.381,-80.692,0.0688,-0.0732,1.1606,
31.865,ENC,191.5772,140.1905,165.8838,6.7325,9.2039,-147.212,-4.245,-1.381,-80.692,0.0688,-0.0732,1.1606,
31.869,IMU,191.5772,140.1905,165.8838,6.7325,9.2039,-147.212,-4.380,-1.427,-80.616,0.1987,-0.0869,0.8677,
31.885,ENC,191.7135,140.3695,166.0415,6.8177,8.9482,-147.090,-4.380,-1.427,-80.616,0.1987,-0.0869,0.8677,
31.890,IMU,191.7135,140.3695,166.0415,6.8177,8.9482,-147.090,-4.419,-1.516,-80.536,0.1431,-0.0615,0.9058,
31.905,ENC,191.8567,140.5535,166.2051,7.1586,9.2039,-146.973,-4.419,-1.516,-80.536,0.1431,-0.0615,0.9058,
31.912,IMU,191.8567,140.5535,166.2051,7.1586,9.2039,-146.973,-4.426,-1.523,-80.440,0.0542,-0.0356,1.0459,
31.925,ENC,191.9999,140.7291,166.3645,7.1586,8.7778,-146.880,-4.426,-1.523,-80.440,0.0542,-0.0356,1.0459,
31.929,IMU,191.9999,140.7291,166.3645,7.1586,8.7778,-146.880,-4.433,-1.612,-80.375,0.0532,-0.1104,0.9985,
31.945,ENC,192.1533,140.9064,166.5298,7.6699,8.8630,-146.812,-4.433,-1.612,-80.375,0.0532,-0.1104,0.9985,
31.949,IMU,192.1533,140.9064,166.5298,7.6699,8.8630,-146.812,-4.439,-1.581,-80.309,0.0576,-0.0088,0.9922,
31.965,ENC,192.3118,141.0836,166.6977,7.9256,8.8630,-146.758,-4.439,-1.581,-80.309,0.0576,-0.0088,0.9922,
31.969,IMU,192.3118,141.0836,166.6977,7.9256,8.8630,-146.758,-4.323,-1.601,-80.266,-0.0610,-0.0054,1.0972,
31.986,ENC,192.4720,141.2541,166.8630,8.0108,8.5221,-146.729,-4.323,-1.601,-80.266,-0.0610,-0.0054,1.0972,
31.989,IMU,192.4720,141.2541,166.8630,8.0108,8.5221,-146.729,-4.229,-1.538,-80.236,-0.0527,0.0342,1.0591,
32.005,ENC,192.6424,141.4262,167.0343,8.5221,8.6073,-146.724,-4.229,-1.538,-80.236,-0.0527,0.0342,1.0591,
32.011,IMU,192.6424,141.4262,167.0343,8.5221,8.6073,-146.724,-4.119,-1.634,-80.193,0.0562,-0.0615,0.9980,
32.025,ENC,192.8214,141.6052,167.2133,8.9482,8.9482,-146.724,-4.119,-1.634,-80.193,0.0562,-0.0615,0.9980,
32.029,IMU,192.8214,141.6052,167.2133,8.9482,8.9482,-146.724,-4.115,-1.555,-80.135,0.0791,0.0498,0.9561,
32.045,ENC,192.9867,141.7671,167.3769,8.2665,8.0960,-146.733,-4.115,-1.555,-80.135,0.0791,0.0498,0.9561,
32.050,IMU,192.9867,141.7671,167.3769,8.2665,8.0960,-146.733,-4.190,-1.621,-80.165,0.0659,-0.0796,1.1099,
32.065,ENC,193.1708,141.9341,167.5525,9.2039,8.3517,-146.782,-4.190,-1.621,-80.165,0.0659,-0.0796,1.1099,
32.069,IMU,193.1708,141.9341,167.5525,9.2039,8.3517,-146.782,-4.027,-1.590,-80.127,-0.0977,0.0088,1.0444,
32.085,ENC,193.3481,142.0960,167.7221,8.8630,8.0960,-146.826,-4.027,-1.590,-80.127,-0.0977,0.0088,1.0444,
32.093,IMU,193.3481,142.0960,167.7221,8.8630,8.0960,-146.826,-4.028,-1.767,-80.103,0.1357,-0.1851,0.9570,
32.105,ENC,193.5321,142.2682,167.9002,9.2039,8.6073,-146.860,-4.028,-1.767,-80.103,0.1357,-0.1851,0.9570,
32.110,IMU,193.5321,142.2682,167.9002,9.2039,8.6073,-146.860,-4.131,-1.617,-80.058,0.1670,0.0762,0.8604,
32.125,ENC,193.7094,142.4489,168.0791,8.8630,9.0334,-146.851,-4.131,-1.617,-80.058,0.1670,0.0762,0.8604,
32.129,IMU,193.7094,142.4489,168.0791,8.8630,9.0334,-146.851,-4.165,-1.545,-80.025,0.0806,0.0312,0.8896,
32.145,ENC,193.8781,142.6398,168.2589,8.4369,9.5448,-146.787,-4.165,-1.545,-80.025,0.0806,0.0312,0.8896,
32.150,IMU,193.8781,142.6398,168.2589,8.4369,9.5448,-146.787,-4.045,-1.391,-80.083,0.0376,0.1138,0.9546,
32.166,ENC,194.0469,142.8238,168.4354,8.4369,9.2039,-146.743,-4.045,-1.391,-80.083,0.0376,0.1138,0.9546,
32.171,IMU,194.0469,142.8238,168.4354,8.4369,9.2039,-146.743,-4.113,-1.501,-80.095,0.1089,-0.0791,0.8823,
32.185,ENC,194.2122,142.9977,168.6049,8.2665,8.6926,-146.719,-4.113,-1.501,-80.095,0.1089,-0.0791,0.8823,
32.190,IMU,194.2122,142.9977,168.6049,8.2665,8.6926,-146.719,-4.123,-1.548,-80.066,0.0859,-0.0781,1.0723,
32.207,ENC,194.3656,143.1715,168.7686,7.6699,8.6926,-146.660,-4.123,-1.548,-80.066,0.0859,-0.0781,1.0723,
32.211,IMU,194.3656,143.1715,168.7686,7.6699,8.6926,-146.660,-4.038,-1.538,-80.040,-0.0732,0.0356,1.0571,
32.225,ENC,194.5241,143.3539,168.9390,7.9256,9.1187,-146.592,-4.038,-1.538,-80.040,-0.0732,0.0356,1.0571,
32.229,IMU,194.5241,143.3539,168.9390,7.9256,9.1187,-146.592,-4.131,-1.353,-80.036,0.1655,0.1304,0.9419,
32.245,ENC,194.6775,143.5329,169.1052,7.6699,8.9482,-146.519,-4.131,-1.353,-80.036,0.1655,0.1304,0.9419,
32.250,IMU,194.6775,143.5329,169.1052,7.6699,8.9482,-146.519,-4.174,-1.269,-80.046,0.0781,0.0098,0.8726,
32.265,ENC,194.8292,143.7016,169.2654,7.5847,8.4369,-146.470,-4.174,-1.269,-80.046,0.0781,0.0098,0.8726,
32.269,IMU,194.8292,143.7016,169.2654,7.5847,8.4369,-146.470,-4.164,-1.324,-80.052,0.0078,-0.0181,1.0068,
32.285,ENC,195.0030,143.8721,169.4376,8.6926,8.5221,-146.479,-4.164,-1.324,-80.052,0.0078,-0.0181,1.0068,
32.290,IMU,195.0030,143.8721,169.4376,8.6926,8.5221,-146.479,-4.094,-1.352,-80.089,0.0815,-0.0215,0.9395,
32.305,ENC,195.1616,144.0442,169.6029,7.9256,8.6073,-146.440,-4.094,-1.352,-80.089,0.0815,-0.0215,0.9395,
32.311,IMU,195.1616,144.0442,169.6029,7.9256,8.6073,-146.440,-4.072,-1.407,-80.099,0.0161,-0.0977,1.0571,
32.325,ENC,195.3303,144.2129,169.7716,8.4369,8.4369,-146.440,-4.072,-1.407,-80.099,0.0161,-0.0977,1.0571,
32.329,IMU,195.3303,144.2129,169.7716,8.4369,8.4369,-146.440,-3.970,-1.299,-80.101,-0.0386,0.0581,1.0137,
32.345,ENC,195.4922,144.3834,169.9378,8.0960,8.5221,-146.416,-3.970,-1.299,-80.101,-0.0386,0.0581,1.0137,
32.350,IMU,195.4922,144.3834,169.9378,8.0960,8.5221,-146.416,-3.991,-1.377,-80.138,0.0835,-0.0518,0.9248,
32.365,ENC,195.6422,144.5402,170.0912,7.4995,7.8403,-146.396,-3.991,-1.377,-80.138,0.0835,-0.0518,0.9248,
32.371,IMU,195.6422,144.5402,170.0912,7.4995,7.8403,-146.396,-3.860,-1.242,-80.163,0.0093,0.0996,0.9292,
32.385,ENC,195.8041,144.6936,170.2489,8.0960,7.6699,-146.421,-3.860,-1.242,-80.163,0.0093,0.0996,0.9292,
32.389,IMU,195.8041,144.6936,170.2489,8.0960,7.6699,-146.421,-3.917,-1.275,-80.156,0.0581,-0.0156,1.1670,
32.406,ENC,195.9592,144.8436,170.4014,7.7551,7.4995,-146.436,-3.917,-1.275,-80.156,0.0581,-0.0156,1.1670,
32.410,IMU,195.9592,144.8436,170.4014,7.7551,7.4995,-146.436,-3.978,-1.447,-80.199,0.1001,-0.1084,0.9111,
32.425,ENC,196.1143,144.9868,170.5505,7.7551,7.1586,-146.470,-3.978,-1.447,-80.199,0.1001,-0.1084,0.9111,
32.433,IMU,196.1143,144.9868,170.5505,7.7551,7.1586,-146.470,-3.950,-1.432,-80.226,-0.0044,0.0103,1.0488,
32.446,ENC,196.2643,145.1265,170.6954,7.4995,6.9881,-146.499,-3.950,-1.432,-80.226,-0.0044,0.0103,1.0488,
32.452,IMU,196.2643,145.1265,170.6954,7.4995,6.9881,-146.499,-3.985,-1.401,-80.236,0.1118,0.0044,0.8228,
32.465,ENC,196.4092,145.2646,170.8369,7.2438,6.9029,-146.519,-3.985,-1.401,-80.236,0.1118,0.0044,0.8228,
32.470,IMU,196.4092,145.2646,170.8369,7.2438,6.9029,-146.519,-4.104,-1.455,-80.221,0.1606,-0.0430,1.0029,
32.485,ENC,196.5490,145.3924,170.9707,6.9881,6.3916,-146.553,-4.104,-1.455,-80.221,0.1606,-0.0430,1.0029,
32.490,IMU,196.5490,145.3924,170.9707,6.9881,6.3916,-146.553,-4.226,-1.475,-80.233,0.1182,-0.0259,0.9648,
32.507,ENC,196.6938,145.5100,171.1019,7.2438,5.8803,-146.631,-4.226,-1.475,-80.233,0.1182,-0.0259,0.9648,
32.516,IMU,196.6938,145.5100,171.1019,7.2438,5.8803,-146.631,-4.288,-1.457,-80.260,0.1313,-0.0010,1.0830,
32.525,ENC,196.8285,145.6276,171.2280,6.7325,5.8803,-146.680,-4.288,-1.457,-80.260,0.1313,-0.0010,1.0830,
32.530,IMU,196.8285,145.6276,171.2280,6.7325,5.8803,-146.680,-4.301,-1.434,-80.288,0.1021,0.0068,0.9307,
32.545,ENC,196.9444,145.7452,171.3448,5.7950,5.8803,-146.675,-4.301,-1.434,-80.288,0.1021,0.0068,0.9307,
32.549,IMU,196.9444,145.7452,171.3448,5.7950,5.8803,-146.675,-4.240,-1.421,-80.278,0.0386,0.0449,0.9424,
32.565,ENC,197.0807,145.8867,171.4837,6.8177,7.0734,-146.660,-4.240,-1.421,-80.278,0.0386,0.0449,0.9424,
32.570,IMU,197.0807,145.8867,171.4837,6.8177,7.0734,-146.660,-4.145,-1.386,-80.242,0.0195,0.0186,1.0444,
32.585,ENC,197.2290,145.9941,171.6115,7.4142,5.3689,-146.777,-4.145,-1.386,-80.242,0.0195,0.0186,1.0444,
32.589,IMU,197.2290,145.9941,171.6115,7.4142,5.3689,-146.777,-4.104,-1.351,-80.259,0.0688,0.0132,0.9580,
32.605,ENC,197.3279,146.0963,171.7121,4.9428,5.1133,-146.768,-4.104,-1.351,-80.259,0.0688,0.0132,0.9580,
32.610,IMU,197.3279,146.0963,171.7121,4.9428,5.1133,-146.768,-4.055,-1.361,-80.251,0.0220,-0.0239,1.0845,
32.625,ENC,197.4421,146.2020,171.8220,5.7098,5.2837,-146.792,-4.055,-1.361,-80.251,0.0220,-0.0239,1.0845,
32.629,IMU,197.4421,146.2020,171.8220,5.7098,5.2837,-146.792,-4.090,-1.281,-80.259,0.0854,0.0449,1.0000,
32.645,ENC,197.5426,146.2923,171.9175,5.0280,4.5167,-146.821,-4.090,-1.281,-80.259,0.0854,0.0449,1.0000,
32.649,IMU,197.5426,146.2923,171.9175,5.0280,4.5167,-146.821,-4.023,-1.282,-80.293,0.0557,0.0332,0.9258,
32.667,ENC,197.6364,146.3912,172.0138,4.6872,4.9428,-146.807,-4.023,-1.282,-80.293,0.0557,0.0332,0.9258,
32.670,IMU,197.6364,146.3912,172.0138,4.6872,4.9428,-146.807,-3.979,-1.216,-80.318,0.0522,0.0322,0.9858,
32.687,ENC,197.7352,146.4781,172.1067,4.9428,4.3463,-146.841,-3.979,-1.216,-80.318,0.0522,0.0322,0.9858,
32.690,IMU,197.7352,146.4781,172.1067,4.9428,4.3463,-146.841,-3.992,-1.183,-80.367,0.1187,0.0122,1.0273,
32.705,ENC,197.8392,146.5548,172.1970,5.1985,3.8350,-146.919,-3.992,-1.183,-80.367,0.1187,0.0122,1.0273,
32.709,IMU,197.8392,146.5548,172.1970,5.1985,3.8350,-146.919,-3.912,-1.060,-80.488,0.0435,0.0869,0.9673,
32.725,ENC,197.9329,146.6213,172.2771,4.6872,3.3236,-146.997,-3.912,-1.060,-80.488,0.0435,0.0869,0.9673,
32.729,IMU,197.9329,146.6213,172.2771,4.6872,3.3236,-146.997,-3.829,-1.126,-80.565,0.0264,-0.0630,0.9136,
32.750,IMU,197.9329,146.6213,172.2771,4.6872,3.3236,-146.997,-3.869,-1.132,-80.695,0.1279,-0.0322,1.0508,
32.770,IMU,197.9329,146.6213,172.2771,4.6872,3.3236,-146.997,-3.853,-1.160,-80.752,0.0479,-0.0142,1.0029,
32.772,ENC,198.1068,146.7730,172.4399,4.3463,3.7923,-147.061,-3.853,-1.160,-80.752,0.0479,-0.0142,1.0029,
32.786,ENC,198.1903,146.8548,172.5226,4.1758,4.0906,-147.065,-3.853,-1.160,-80.752,0.0479,-0.0142,1.0029,
32.789,IMU,198.1903,146.8548,172.5226,4.1758,4.0906,-147.065,-3.808,-1.265,-80.829,0.0190,-0.0591,1.0210,
32.805,ENC,198.2875,146.9451,172.6163,4.8576,4.5167,-147.085,-3.808,-1.265,-80.829,0.0190,-0.0591,1.0210,
32.810,IMU,198.2875,146.9451,172.6163,4.8576,4.5167,-147.085,-3.852,-1.331,-80.860,0.0649,-0.0557,1.0186,
32.838,ENC,198.3829,147.0372,172.7100,4.7724,4.6019,-147.095,-3.852,-1.331,-80.860,0.0649,-0.0557,1.0186,
32.845,IMU,198.3829,147.0372,172.7100,4.7724,4.6019,-147.095,-3.840,-1.406,-80.934,0.0962,-0.0742,0.9531,
32.849,IMU,198.3829,147.0372,172.7100,4.7724,4.6019,-147.095,-3.875,-1.406,-80.948,0.1069,0.0015,0.9355,
32.866,ENC,198.5670,147.2349,172.9009,4.6019,4.9428,-147.056,-3.875,-1.406,-80.948,0.1069,0.0015,0.9355,
32.874,IMU,198.5670,147.2349,172.9009,4.6019,4.9428,-147.056,-3.902,-1.277,-80.975,0.1211,0.0630,0.9800,
32.885,ENC,198.6693,147.3286,172.9989,5.1133,4.6872,-147.080,-3.902,-1.277,-80.975,0.1211,0.0630,0.9800,
32.889,IMU,198.6693,147.3286,172.9989,5.1133,4.6872,-147.080,-4.017,-1.308,-80.994,0.1372,-0.0508,0.9854,
32.905,ENC,198.7647,147.4275,173.0961,4.7724,4.9428,-147.070,-4.017,-1.308,-80.994,0.1372,-0.0508,0.9854,
32.910,IMU,198.7647,147.4275,173.0961,4.7724,4.9428,-147.070,-3.951,-1.331,-81.070,0.0508,-0.0151,1.0225,
32.926,ENC,198.8908,147.5229,173.2069,6.3064,4.7724,-147.158,-3.951,-1.331,-81.070,0.0508,-0.0151,1.0225,
32.930,IMU,198.8908,147.5229,173.2069,6.3064,4.7724,-147.158,-4.056,-1.420,-81.123,0.1211,-0.0884,0.9697,
32.947,ENC,199.0306,147.6047,173.3177,6.9881,4.0906,-147.324,-4.056,-1.420,-81.123,0.1211,-0.0884,0.9697,
32.952,IMU,199.0306,147.6047,173.3177,6.9881,4.0906,-147.324,-4.001,-1.503,-81.256,0.0332,-0.0835,1.0508,
32.965,ENC,199.1635,147.6917,173.4276,6.6473,4.3463,-147.456,-4.001,-1.503,-81.256,0.0332,-0.0835,1.0508,
32.971,IMU,199.1635,147.6917,173.4276,6.6473,4.3463,-147.456,-3.987,-1.562,-81.367,0.1006,-0.0996,1.0347,
32.985,ENC,199.2999,147.7922,173.5461,6.8177,5.0280,-147.559,-3.987,-1.562,-81.367,0.1006,-0.0996,1.0347,
32.990,IMU,199.2999,147.7922,173.5461,6.8177,5.0280,-147.559,-4.033,-1.718,-81.451,0.1001,-0.1499,0.9790,
33.005,ENC,199.4311,147.9064,173.6688,6.5620,5.7098,-147.607,-4.033,-1.718,-81.451,0.1001,-0.1499,0.9790,
33.010,IMU,199.4311,147.9064,173.6688,6.5620,5.7098,-147.607,-4.054,-1.561,-81.462,0.1318,0.0918,1.0293,
33.026,ENC,199.5709,148.0240,173.7975,6.9881,5.8803,-147.671,-4.054,-1.561,-81.462,0.1318,0.0918,1.0293,
33.033,IMU,199.5709,148.0240,173.7975,6.9881,5.8803,-147.671,-4.157,-1.410,-81.524,0.1230,0.0796,0.8799,
33.045,ENC,199.7124,148.1212,173.9168,7.0734,4.8576,-147.798,-4.157,-1.410,-81.524,0.1230,0.0796,0.8799,
33.050,IMU,199.7124,148.1212,173.9168,7.0734,4.8576,-147.798,-4.136,-1.505,-81.644,0.0488,-0.0659,0.9839,
33.065,ENC,199.8589,148.2337,174.0463,7.3290,5.6246,-147.896,-4.136,-1.505,-81.644,0.0488,-0.0659,0.9839,
33.071,IMU,199.8589,148.2337,174.0463,7.3290,5.6246,-147.896,-4.102,-1.615,-81.689,0.0278,-0.1304,1.1328,
33.087,ENC,199.9987,148.3564,174.1776,6.9881,6.1359,-147.944,-4.102,-1.615,-81.689,0.0278,-0.1304,1.1328,
33.090,IMU,199.9987,148.3564,174.1776,6.9881,6.1359,-147.944,-4.040,-1.657,-81.703,0.0327,-0.0537,0.9761,
33.105,ENC,200.1487,148.4808,174.3148,7.4995,6.2211,-148.018,-4.040,-1.657,-81.703,0.0327,-0.0537,0.9761,
33.110,IMU,200.1487,148.4808,174.3148,7.4995,6.2211,-148.018,-3.927,-1.614,-81.736,-0.0635,0.0215,1.0659,
33.125,ENC,200.3072,148.6138,174.4605,7.9256,6.6473,-148.091,-3.927,-1.614,-81.736,-0.0635,0.0215,1.0659,
33.130,IMU,200.3072,148.6138,174.4605,7.9256,6.6473,-148.091,-4.007,-1.539,-81.775,0.1157,0.0488,0.9180,
33.145,ENC,200.4674,148.7518,174.6096,8.0108,6.9029,-148.154,-4.007,-1.539,-81.775,0.1157,0.0488,0.9180,
33.150,IMU,200.4674,148.7518,174.6096,8.0108,6.9029,-148.154,-4.027,-1.593,-81.769,0.0669,-0.0264,1.0132,
33.165,ENC,200.6242,148.8779,174.7511,7.8403,6.3064,-148.242,-4.027,-1.593,-81.769,0.0669,-0.0264,1.0132,
33.170,IMU,200.6242,148.8779,174.7511,7.8403,6.3064,-148.242,-3.933,-1.712,-81.843,-0.0425,-0.0918,1.0044,
33.185,ENC,200.7947,149.0041,174.8994,8.5221,6.3064,-148.369,-3.933,-1.712,-81.843,-0.0425,-0.0918,1.0044,
33.190,IMU,200.7947,149.0041,174.8994,8.5221,6.3064,-148.369,-4.111,-1.739,-81.910,0.1392,-0.0894,1.0049,
33.205,ENC,200.9634,149.1285,175.0460,8.4369,6.2211,-148.496,-4.111,-1.739,-81.910,0.1392,-0.0894,1.0049,
33.211,IMU,200.9634,149.1285,175.0460,8.4369,6.2211,-148.496,-4.256,-1.758,-82.038,0.2090,-0.0649,1.1592,
33.225,ENC,201.1270,149.2614,175.1942,8.1812,6.6473,-148.584,-4.256,-1.758,-82.038,0.2090,-0.0649,1.1592,
33.232,IMU,201.1270,149.2614,175.1942,8.1812,6.6473,-148.584,-4.195,-1.863,-82.092,0.0337,-0.0913,0.9937,
33.245,ENC,201.2821,149.4097,175.3459,7.7551,7.4142,-148.604,-4.195,-1.863,-82.092,0.0337,-0.0913,0.9937,
33.250,IMU,201.2821,149.4097,175.3459,7.7551,7.4142,-148.604,-4.161,-1.921,-82.113,0.0347,-0.0513,0.8765,
33.265,ENC,201.4355,149.5580,175.4968,7.6699,7.4142,-148.618,-4.161,-1.921,-82.113,0.0347,-0.0513,0.8765,
33.269,IMU,201.4355,149.5580,175.4968,7.6699,7.4142,-148.618,-4.374,-1.853,-82.118,0.2173,0.0259,0.8364,
33.290,IMU,201.4355,149.5580,175.4968,7.6699,7.4142,-148.618,-4.335,-1.959,-82.144,-0.0576,-0.1167,1.1460,
33.305,ENC,201.7457,149.8682,175.8070,7.7551,7.7551,-148.618,-4.335,-1.959,-82.144,-0.0576,-0.1167,1.1460,
33.310,IMU,201.7457,149.8682,175.8070,7.7551,7.7551,-148.618,-4.440,-1.938,-82.191,0.1455,-0.0171,0.9561,
33.325,ENC,201.8957,150.0029,175.9493,7.4995,6.7325,-148.662,-4.440,-1.938,-82.191,0.1455,-0.0171,0.9561,
33.329,IMU,201.8957,150.0029,175.9493,7.4995,6.7325,-148.662,-4.468,-1.906,-82.257,0.1006,-0.0166,0.9927,
33.345,ENC,202.0628,150.1597,176.1112,8.3517,7.8403,-148.691,-4.468,-1.906,-82.257,0.1006,-0.0166,0.9927,
33.349,IMU,202.0628,150.1597,176.1112,8.3517,7.8403,-148.691,-4.461,-2.026,-82.261,0.0049,-0.1831,1.0029,
33.365,ENC,202.2332,150.3199,176.2766,8.5221,8.0108,-148.721,-4.461,-2.026,-82.261,0.0049,-0.1831,1.0029,
33.371,IMU,202.2332,150.3199,176.2766,8.5221,8.0108,-148.721,-4.365,-2.134,-82.289,-0.0269,-0.1475,1.0718,
33.385,ENC,202.4037,150.4784,176.4410,8.5221,7.9256,-148.755,-4.365,-2.134,-82.289,-0.0269,-0.1475,1.0718,
33.390,IMU,202.4037,150.4784,176.4410,8.5221,7.9256,-148.755,-4.305,-2.192,-82.331,0.0513,-0.0566,0.9424,
33.405,ENC,202.5809,150.6403,176.6106,8.8630,8.0960,-148.799,-4.305,-2.192,-82.331,0.0513,-0.0566,0.9424,
33.409,IMU,202.5809,150.6403,176.6106,8.8630,8.0960,-148.799,-4.410,-2.025,-82.393,0.1943,0.1167,0.9556,
33.425,ENC,202.7599,150.8108,176.7853,8.9482,8.5221,-148.823,-4.410,-2.025,-82.393,0.1943,0.1167,0.9556,
33.430,IMU,202.7599,150.8108,176.7853,8.9482,8.5221,-148.823,-4.400,-1.887,-82.423,0.0498,0.0947,1.0264,
33.450,IMU,202.7599,150.8108,176.7853,8.9482,8.5221,-148.823,-4.341,-1.941,-82.509,-0.0581,-0.0728,1.0840,
33.465,ENC,203.1229,151.1363,177.1296,9.0761,8.1386,-148.931,-4.341,-1.941,-82.509,-0.0581,-0.0728,1.0840,
33.471,IMU,203.1229,151.1363,177.1296,9.0761,8.1386,-148.931,-4.382,-1.949,-82.521,0.1089,-0.0269,0.9702,
33.485,ENC,203.3121,151.3033,177.3077,9.4595,8.3517,-148.994,-4.382,-1.949,-82.521,0.1089,-0.0269,0.9702,
33.490,IMU,203.3121,151.3033,177.3077,9.4595,8.3517,-148.994,-4.335,-2.007,-82.526,-0.0332,-0.0718,1.1631,
33.505,ENC,203.4894,151.4653,177.4773,8.8630,8.0960,-149.038,-4.335,-2.007,-82.526,-0.0332,-0.0718,1.1631,
33.509,IMU,203.4894,151.4653,177.4773,8.8630,8.0960,-149.038,-4.303,-1.987,-82.554,-0.0562,-0.0234,1.0942,
33.525,ENC,203.6786,151.6255,177.6520,9.4595,8.0108,-149.121,-4.303,-1.987,-82.554,-0.0562,-0.0234,1.0942,
33.530,IMU,203.6786,151.6255,177.6520,9.4595,8.0108,-149.121,-4.099,-1.985,-82.658,-0.1396,0.0093,1.0811,
33.545,ENC,203.8660,151.7840,177.8250,9.3743,7.9256,-149.204,-4.099,-1.985,-82.658,-0.1396,0.0093,1.0811,
33.550,IMU,203.8660,151.7840,177.8250,9.3743,7.9256,-149.204,-3.970,-2.001,-82.700,-0.1025,-0.0200,1.0352,
33.565,ENC,204.0655,151.9425,178.0040,9.9709,7.9256,-149.321,-3.970,-2.001,-82.700,-0.1025,-0.0200,1.0352,
33.570,IMU,204.0655,151.9425,178.0040,9.9709,7.9256,-149.321,-4.119,-2.089,-82.751,0.2217,-0.0742,0.9131,
33.585,ENC,204.2581,152.0925,178.1753,9.6300,7.4995,-149.443,-4.119,-2.089,-82.751,0.2217,-0.0742,0.9131,
33.590,IMU,204.2581,152.0925,178.1753,9.6300,7.4995,-149.443,-4.228,-2.128,-82.766,0.1724,-0.0747,1.1436,
33.605,ENC,204.4387,152.2493,178.3440,9.0334,7.8403,-149.512,-4.228,-2.128,-82.766,0.1724,-0.0747,1.1436,
33.609,IMU,204.4387,152.2493,178.3440,9.0334,7.8403,-149.512,-4.342,-2.207,-82.764,0.1763,-0.1162,0.9702,
33.625,ENC,204.6228,152.4112,178.5170,9.2039,8.0960,-149.575,-4.342,-2.207,-82.764,0.1763,-0.1162,0.9702,
33.629,IMU,204.6228,152.4112,178.5170,9.2039,8.0960,-149.575,-4.355,-2.212,-82.824,0.0210,-0.0566,1.1260,
33.645,ENC,204.7933,152.5800,178.6866,8.5221,8.4369,-149.580,-4.355,-2.212,-82.824,0.0210,-0.0566,1.1260,
33.650,IMU,204.7933,152.5800,178.6866,8.5221,8.4369,-149.580,-4.500,-2.193,-82.844,0.1602,-0.0503,0.9448,
33.665,ENC,204.9586,152.7453,178.8519,8.2665,8.2665,-149.580,-4.500,-2.193,-82.844,0.1602,-0.0503,0.9448,
33.669,IMU,204.9586,152.7453,178.8519,8.2665,8.2665,-149.580,-4.643,-2.113,-82.860,0.1636,0.0010,0.9810,
33.685,ENC,205.1137,152.9157,179.0147,7.7551,8.5221,-149.536,-4.643,-2.113,-82.860,0.1636,0.0010,0.9810,
33.693,IMU,205.1137,152.9157,179.0147,7.7551,8.5221,-149.536,-4.791,-2.083,-82.919,0.2354,0.0186,0.8999,
33.707,ENC,205.2841,153.0759,179.1800,8.5221,8.0108,-149.565,-4.791,-2.083,-82.919,0.2354,0.0186,0.8999,
33.711,IMU,205.2841,153.0759,179.1800,8.5221,8.0108,-149.565,-4.810,-2.081,-82.983,0.1191,-0.0674,0.8535,
33.743,ENC,205.4546,153.2464,179.3505,8.5221,8.5221,-149.565,-4.810,-2.081,-82.983,0.1191,-0.0674,0.8535,
33.749,IMU,205.4546,153.2464,179.3505,8.5221,8.5221,-149.565,-4.932,-1.902,-83.034,0.1611,0.1216,0.9346,
33.753,ENC,205.6250,153.4134,179.5192,8.5221,8.3517,-149.575,-4.932,-1.902,-83.034,0.1611,0.1216,0.9346,
33.757,IMU,205.6250,153.4134,179.5192,8.5221,8.3517,-149.575,-4.979,-2.035,-83.069,0.1841,-0.1021,0.9287,
33.765,ENC,205.7989,153.5736,179.6862,8.6926,8.0108,-149.614,-4.979,-2.035,-83.069,0.1841,-0.1021,0.9287,
33.769,IMU,205.7989,153.5736,179.6862,8.6926,8.0108,-149.614,-5.042,-2.074,-83.148,0.1782,-0.0742,0.9097,
33.785,ENC,205.9693,153.7475,179.8584,8.5221,8.6926,-149.604,-5.042,-2.074,-83.148,0.1782,-0.0742,0.9097,
33.792,IMU,205.9693,153.7475,179.8584,8.5221,8.6926,-149.604,-5.008,-2.118,-83.200,0.0620,-0.0669,1.1230,
33.806,ENC,206.1517,153.9196,180.0357,9.1187,8.6073,-149.634,-5.008,-2.118,-83.200,0.0620,-0.0669,1.1230,
33.810,IMU,206.1517,153.9196,180.0357,9.1187,8.6073,-149.634,-5.053,-2.155,-83.297,0.1465,-0.0342,1.0527,
33.825,ENC,206.3426,154.0901,180.2163,9.5448,8.5221,-149.692,-5.053,-2.155,-83.297,0.1465,-0.0342,1.0527,
33.833,IMU,206.3426,154.0901,180.2163,9.5448,8.5221,-149.692,-5.018,-2.119,-83.363,0.0547,-0.0117,1.0728,
33.846,ENC,206.5113,154.2605,180.3859,8.4369,8.5221,-149.688,-5.018,-2.119,-83.363,0.0547,-0.0117,1.0728,
33.849,IMU,206.5113,154.2605,180.3859,8.4369,8.5221,-149.688,-4.957,-2.129,-83.418,0.0552,-0.0454,0.9302,
33.865,ENC,206.7022,154.4310,180.5666,9.5448,8.5221,-149.746,-4.957,-2.129,-83.418,0.0552,-0.0454,0.9302,
33.870,IMU,206.7022,154.4310,180.5666,9.5448,8.5221,-149.746,-4.974,-2.291,-83.435,0.0747,-0.1602,1.0430,
33.885,ENC,206.8778,154.5963,180.7370,8.7778,8.2665,-149.775,-4.974,-2.291,-83.435,0.0747,-0.1602,1.0430,
33.890,IMU,206.8778,154.5963,180.7370,8.7778,8.2665,-149.775,-4.837,-2.339,-83.496,-0.0161,-0.1152,1.1226,
33.905,ENC,207.0721,154.7616,180.9168,9.7152,8.2665,-149.858,-4.837,-2.339,-83.496,-0.0161,-0.1152,1.1226,
33.909,IMU,207.0721,154.7616,180.9168,9.7152,8.2665,-149.858,-4.904,-2.313,-83.480,0.1606,-0.0454,0.9619,
33.925,ENC,207.2578,154.9235,181.0907,9.2891,8.0960,-149.927,-4.904,-2.313,-83.480,0.1606,-0.0454,0.9619,
33.930,IMU,207.2578,154.9235,181.0907,9.2891,8.0960,-149.927,-5.041,-2.291,-83.473,0.2061,-0.0693,1.0835,
33.948,ENC,207.4487,155.0906,181.2697,9.5448,8.3517,-149.995,-5.041,-2.291,-83.473,0.2061,-0.0693,1.0835,
33.951,IMU,207.4487,155.0906,181.2697,9.5448,8.3517,-149.995,-5.063,-2.276,-83.518,0.1406,-0.0464,0.9751,
33.965,ENC,207.6413,155.2559,181.4486,9.6300,8.2665,-150.073,-5.063,-2.276,-83.518,0.1406,-0.0464,0.9751,
33.969,IMU,207.6413,155.2559,181.4486,9.6300,8.2665,-150.073,-5.115,-2.170,-83.520,0.0771,0.0288,0.9995,
33.986,ENC,207.8254,155.4161,181.6208,9.2039,8.0108,-150.142,-5.115,-2.170,-83.520,0.0771,0.0288,0.9995,
33.989,IMU,207.8254,155.4161,181.6208,9.2039,8.0108,-150.142,-5.305,-2.091,-83.593,0.2104,0.0166,0.8813,
34.005,ENC,208.0061,155.5831,181.7946,9.0334,8.3517,-150.181,-5.305,-2.091,-83.593,0.2104,0.0166,0.8813,
34.025,ENC,208.1885,155.7468,181.9676,9.1187,8.1812,-150.234,-5.305,-2.091,-83.593,0.2104,0.0166,0.8813,
34.036,IMU,208.1885,155.7468,181.9676,9.1187,8.1812,-150.234,-5.189,-2.060,-83.662,-0.0435,-0.0410,1.1924,
34.045,ENC,208.3606,155.9155,182.1381,8.6073,8.4369,-150.244,-5.189,-2.060,-83.662,-0.0435,-0.0410,1.1924,
34.051,IMU,208.3606,155.9155,182.1381,8.6073,8.4369,-150.244,-5.326,-2.055,-83.724,0.1875,-0.0200,1.0298,
34.065,ENC,208.5345,156.0757,182.3051,8.6926,8.0108,-150.283,-5.326,-2.055,-83.724,0.1875,-0.0200,1.0298,
34.070,IMU,208.5345,156.0757,182.3051,8.6926,8.0108,-150.283,-5.254,-2.005,-83.803,0.0415,0.0288,0.9224,
34.085,ENC,208.7100,156.2411,182.4755,8.7778,8.2665,-150.312,-5.254,-2.005,-83.803,0.0415,0.0288,0.9224,
34.089,IMU,208.7100,156.2411,182.4755,8.7778,8.2665,-150.312,-5.286,-2.031,-83.803,0.1206,-0.0571,0.8892,
34.105,ENC,208.8856,156.4166,182.6511,8.7778,8.7778,-150.312,-5.286,-2.031,-83.803,0.1206,-0.0571,0.8892,
34.112,IMU,208.8856,156.4166,182.6511,8.7778,8.7778,-150.312,-5.187,-2.086,-83.845,-0.0347,-0.0522,0.9331,
34.126,ENC,209.0679,156.5871,182.8275,9.1187,8.5221,-150.347,-5.187,-2.086,-83.845,-0.0347,-0.0522,0.9331,
34.129,IMU,209.0679,156.5871,182.8275,9.1187,8.5221,-150.347,-5.183,-1.920,-83.833,0.0913,0.0474,0.9961,
34.153,ENC,209.2452,156.7694,183.0073,8.8630,9.1187,-150.332,-5.183,-1.920,-83.833,0.0913,0.0474,0.9961,
34.157,IMU,209.2452,156.7694,183.0073,8.8630,9.1187,-150.332,-5.078,-2.050,-83.825,-0.0576,-0.1567,1.1548,
34.170,IMU,209.2452,156.7694,183.0073,8.8630,9.1187,-150.332,-5.033,-1.993,-83.798,0.0425,0.0269,0.9722,
34.185,ENC,209.6202,157.1205,183.3704,9.3743,8.7778,-150.400,-5.033,-1.993,-83.798,0.0425,0.0269,0.9722,
34.191,IMU,209.6202,157.1205,183.3704,9.3743,8.7778,-150.400,-4.936,-1.994,-83.833,-0.0317,-0.0181,1.0068,
34.205,ENC,209.7991,157.2927,183.5459,8.9482,8.6073,-150.420,-4.936,-1.994,-83.833,-0.0317,-0.0181,1.0068,
34.210,IMU,209.7991,157.2927,183.5459,8.9482,8.6073,-150.420,-4.983,-1.897,-83.845,0.1318,0.0508,0.9209,
34.225,ENC,209.9883,157.4785,183.7334,9.4595,9.2891,-150.430,-4.983,-1.897,-83.845,0.1318,0.0508,0.9209,
34.229,IMU,209.9883,157.4785,183.7334,9.4595,9.2891,-150.430,-4.898,-1.885,-83.830,0.0596,-0.0220,0.9897,
34.245,ENC,210.1724,157.6506,183.9115,9.2039,8.6073,-150.464,-4.898,-1.885,-83.830,0.0596,-0.0220,0.9897,
34.249,IMU,210.1724,157.6506,183.9115,9.2039,8.6073,-150.464,-4.768,-1.781,-83.856,-0.0127,0.0625,1.0684,
34.265,ENC,210.3616,157.8194,184.0905,9.4595,8.4369,-150.522,-4.768,-1.781,-83.856,-0.0127,0.0625,1.0684,
34.270,IMU,210.3616,157.8194,184.0905,9.4595,8.4369,-150.522,-4.814,-1.718,-83.993,0.1528,0.0142,0.9014,
34.285,ENC,210.5678,157.9762,184.2720,10.3118,7.8403,-150.664,-4.814,-1.718,-83.993,0.1528,0.0142,0.9014,
34.289,IMU,210.5678,157.9762,184.2720,10.3118,7.8403,-150.664,-4.773,-1.570,-84.015,0.0264,0.1055,0.9521,
34.306,ENC,210.7656,158.1432,184.4544,9.8857,8.3517,-150.752,-4.773,-1.570,-84.015,0.0264,0.1055,0.9521,
34.309,IMU,210.7656,158.1432,184.4544,9.8857,8.3517,-150.752,-4.632,-1.516,-84.089,-0.0410,0.0264,1.0557,
34.325,ENC,210.9701,158.2949,184.6325,10.2265,7.5847,-150.903,-4.632,-1.516,-84.089,-0.0410,0.0264,1.0557,
34.329,IMU,210.9701,158.2949,184.6325,10.2265,7.5847,-150.903,-4.733,-1.462,-84.105,0.1343,0.0161,1.0078,
34.345,ENC,211.1729,158.4790,184.8259,10.1413,9.2039,-150.957,-4.733,-1.462,-84.105,0.1343,0.0161,1.0078,
34.350,IMU,211.1729,158.4790,184.8259,10.1413,9.2039,-150.957,-4.686,-1.503,-84.179,0.0723,-0.0449,0.8940,
34.365,ENC,211.3655,158.6426,185.0040,9.6300,8.1812,-151.040,-4.686,-1.503,-84.179,0.0723,-0.0449,0.8940,
34.373,IMU,211.3655,158.6426,185.0040,9.6300,8.1812,-151.040,-4.653,-1.396,-84.207,-0.0415,0.0674,1.1924,
34.387,ENC,211.5513,158.8045,185.1779,9.2891,8.0960,-151.108,-4.653,-1.396,-84.207,-0.0415,0.0674,1.1924,
34.408,ENC,211.7251,158.9528,185.3390,8.6926,7.4142,-151.182,-4.653,-1.396,-84.207,-0.0415,0.0674,1.1924,
34.412,IMU,211.7251,158.9528,185.3390,8.6926,7.4142,-151.182,-4.619,-1.272,-84.389,-0.0142,-0.0293,0.8770,
34.425,ENC,211.9075,159.1181,185.5128,9.1187,8.2665,-151.230,-4.619,-1.272,-84.389,-0.0142,-0.0293,0.8770,
34.429,IMU,211.9075,159.1181,185.5128,9.1187,8.2665,-151.230,-4.397,-1.137,-84.397,-0.1240,0.0801,1.0786,
34.445,ENC,212.0677,159.2869,185.6773,8.0108,8.4369,-151.206,-4.397,-1.137,-84.397,-0.1240,0.0801,1.0786,
34.450,IMU,212.0677,159.2869,185.6773,8.0108,8.4369,-151.206,-4.530,-1.193,-84.432,0.1997,-0.0850,1.1006,
34.465,ENC,212.2279,159.4539,185.8409,8.0108,8.3517,-151.187,-4.530,-1.193,-84.432,0.1997,-0.0850,1.1006,
34.470,IMU,212.2279,159.4539,185.8409,8.0108,8.3517,-151.187,-4.753,-1.204,-84.452,0.2900,-0.0459,0.9404,
34.485,ENC,212.4001,159.6363,186.0182,8.6073,9.1187,-151.157,-4.753,-1.204,-84.452,0.2900,-0.0459,0.9404,
34.489,IMU,212.4001,159.6363,186.0182,8.6073,9.1187,-151.157,-4.831,-1.109,-84.460,0.2075,0.0459,0.9536,
34.505,ENC,212.5671,159.7982,186.1827,8.3517,8.0960,-151.172,-4.831,-1.109,-84.460,0.2075,0.0459,0.9536,
34.510,IMU,212.5671,159.7982,186.1827,8.3517,8.0960,-151.172,-4.811,-1.175,-84.463,0.1021,-0.0430,0.8936,
34.525,ENC,212.7495,159.9737,186.3616,9.1187,8.7778,-151.191,-4.811,-1.175,-84.463,0.1021,-0.0430,0.8936,
34.529,IMU,212.7495,159.9737,186.3616,9.1187,8.7778,-151.191,-4.659,-1.197,-84.466,-0.0200,-0.0083,0.9409,
34.545,ENC,212.9302,160.1612,186.5457,9.0334,9.3743,-151.172,-4.659,-1.197,-84.466,-0.0200,-0.0083,0.9409,
34.550,IMU,212.9302,160.1612,186.5457,9.0334,9.3743,-151.172,-4.676,-1.193,-84.448,0.0635,0.0088,0.9956,
34.564,ENC,213.1125,160.3283,186.7204,9.1187,8.3517,-151.216,-4.676,-1.193,-84.448,0.0635,0.0088,0.9956,
34.569,IMU,213.1125,160.3283,186.7204,9.1187,8.3517,-151.216,-4.742,-1.322,-84.505,0.1685,-0.1621,1.0083,
34.585,ENC,213.3120,160.4970,186.9045,9.9709,8.4369,-151.304,-4.742,-1.322,-84.505,0.1685,-0.1621,1.0083,
34.590,IMU,213.3120,160.4970,186.9045,9.9709,8.4369,-151.304,-4.805,-1.452,-84.526,0.1177,-0.1196,1.0996,
34.605,ENC,213.5029,160.6794,187.0911,9.5448,9.1187,-151.328,-4.805,-1.452,-84.526,0.1177,-0.1196,1.0996,
34.610,IMU,213.5029,160.6794,187.0911,9.5448,9.1187,-151.328,-4.912,-1.250,-84.569,0.2192,0.1782,0.9897,
34.625,ENC,213.6955,160.8532,187.2743,9.6300,8.6926,-151.382,-4.912,-1.250,-84.569,0.2192,0.1782,0.9897,
34.630,IMU,213.6955,160.8532,187.2743,9.6300,8.6926,-151.382,-4.805,-1.299,-84.611,0.0396,-0.0532,0.9688,
34.655,IMU,213.6955,160.8532,187.2743,9.6300,8.6926,-151.382,-4.728,-1.396,-84.618,-0.1069,-0.1382,1.2622,
34.672,IMU,213.6955,160.8532,187.2743,9.6300,8.6926,-151.382,-4.774,-1.313,-84.663,0.1064,0.1025,0.9995,
34.685,ENC,214.2750,161.3765,187.8257,9.6584,8.7210,-151.543,-4.774,-1.313,-84.663,0.1064,0.1025,0.9995,
34.690,IMU,214.2750,161.3765,187.8257,9.6584,8.7210,-151.543,-4.786,-1.435,-84.736,0.0679,-0.1338,1.0762,
34.705,ENC,214.4829,161.5486,188.0158,10.3970,8.6073,-151.646,-4.786,-1.435,-84.736,0.0679,-0.1338,1.0762,
34.709,IMU,214.4829,161.5486,188.0158,10.3970,8.6073,-151.646,-4.803,-1.319,-84.788,0.1011,0.0723,0.9561,
34.725,ENC,214.6806,161.7208,188.2007,9.8857,8.6073,-151.719,-4.803,-1.319,-84.788,0.1011,0.0723,0.9561,
34.729,IMU,214.6806,161.7208,188.2007,9.8857,8.6073,-151.719,-4.731,-1.337,-84.850,0.0122,-0.0210,1.0220,
34.745,ENC,214.8715,161.8827,188.3771,9.5448,8.0960,-151.802,-4.731,-1.337,-84.850,0.0122,-0.0210,1.0220,
34.750,IMU,214.8715,161.8827,188.3771,9.5448,8.0960,-151.802,-4.605,-1.446,-84.903,-0.0688,-0.1025,1.0225,
34.767,ENC,215.0624,162.0446,188.5535,9.5448,8.0960,-151.885,-4.605,-1.446,-84.903,-0.0688,-0.1025,1.0225,
34.771,IMU,215.0624,162.0446,188.5535,9.5448,8.0960,-151.885,-4.439,-1.422,-84.911,-0.0293,0.0151,1.0776,
34.785,ENC,215.2397,162.2048,188.7222,8.8630,8.0108,-151.934,-4.439,-1.422,-84.911,-0.0293,0.0151,1.0776,
34.789,IMU,215.2397,162.2048,188.7222,8.8630,8.0108,-151.934,-4.580,-1.405,-84.952,0.1719,0.0049,0.9424,
34.807,ENC,215.4271,162.3650,188.8961,9.3743,8.0108,-152.012,-4.580,-1.405,-84.952,0.1719,0.0049,0.9424,
34.810,IMU,215.4271,162.3650,188.8961,9.3743,8.0108,-152.012,-4.513,-1.455,-84.998,-0.0439,-0.0195,1.2100,
34.825,ENC,215.6146,162.5355,189.0751,9.3743,8.5221,-152.061,-4.513,-1.455,-84.998,-0.0439,-0.0195,1.2100,
34.830,IMU,215.6146,162.5355,189.0751,9.3743,8.5221,-152.061,-4.439,-1.456,-85.034,0.0205,-0.0200,1.0171,
34.845,ENC,215.8021,162.6923,189.2472,9.3743,7.8403,-152.148,-4.439,-1.456,-85.034,0.0205,-0.0200,1.0171,
34.849,IMU,215.8021,162.6923,189.2472,9.3743,7.8403,-152.148,-4.348,-1.434,-85.060,0.0195,0.0059,0.9507,
34.865,ENC,215.9879,162.8713,189.4296,9.2891,8.9482,-152.168,-4.348,-1.434,-85.060,0.0195,0.0059,0.9507,
34.872,IMU,215.9879,162.8713,189.4296,9.2891,8.9482,-152.168,-4.227,-1.380,-85.168,0.0068,0.0293,1.0571,
34.886,ENC,216.1771,163.0264,189.6017,9.4595,7.7551,-152.266,-4.227,-1.380,-85.168,0.0068,0.0293,1.0571,
34.892,IMU,216.1771,163.0264,189.6017,9.4595,7.7551,-152.266,-4.243,-1.390,-85.225,0.1167,-0.0278,0.9229,
34.906,ENC,216.3748,163.1883,189.7815,9.8857,8.0960,-152.368,-4.243,-1.390,-85.225,0.1167,-0.0278,0.9229,
34.910,IMU,216.3748,163.1883,189.7815,9.8857,8.0960,-152.368,-4.272,-1.245,-85.300,0.0649,0.1006,1.0425,
34.925,ENC,216.5725,163.3621,189.9673,9.8857,8.6926,-152.437,-4.272,-1.245,-85.300,0.0649,0.1006,1.0425,
34.930,IMU,216.5725,163.3621,189.9673,9.8857,8.6926,-152.437,-4.350,-1.319,-85.319,0.1372,-0.0703,0.8545,
34.945,ENC,216.7702,163.5224,190.1463,9.8857,8.0108,-152.544,-4.350,-1.319,-85.319,0.1372,-0.0703,0.8545,
34.949,IMU,216.7702,163.5224,190.1463,9.8857,8.0108,-152.544,-4.411,-1.318,-85.416,0.1421,0.0020,1.0571,
34.965,ENC,216.9611,163.6860,190.3236,9.5448,8.1812,-152.622,-4.411,-1.318,-85.416,0.1421,0.0020,1.0571,
34.970,IMU,216.9611,163.6860,190.3236,9.5448,8.1812,-152.622,-4.371,-1.418,-85.446,0.0898,-0.0918,0.9932,
34.991,IMU,216.9611,163.6860,190.3236,9.5448,8.1812,-152.622,-4.456,-1.534,-85.547,0.1260,-0.1240,1.1694,
35.005,ENC,217.3514,164.0303,190.6909,9.7578,8.6073,-152.754,-4.456,-1.534,-85.547,0.1260,-0.1240,1.1694,
35.009,IMU,217.3514,164.0303,190.6909,9.7578,8.6073,-152.754,-4.369,-1.530,-85.588,0.0054,0.0044,1.0625,
35.025,ENC,217.5475,164.2041,190.8758,9.8004,8.6926,-152.817,-4.369,-1.530,-85.588,0.0054,0.0044,1.0625,
35.029,IMU,217.5475,164.2041,190.8758,9.8004,8.6926,-152.817,-4.373,-1.530,-85.593,0.0244,-0.0371,1.0039,
35.045,ENC,217.7469,164.3763,191.0616,9.9709,8.6073,-152.896,-4.373,-1.530,-85.593,0.0244,-0.0371,1.0039,
35.050,IMU,217.7469,164.3763,191.0616,9.9709,8.6073,-152.896,-4.452,-1.393,-85.684,0.1284,0.0806,0.9399,
35.067,ENC,217.9429,164.5450,191.2439,9.8004,8.4369,-152.974,-4.452,-1.393,-85.684,0.1284,0.0806,0.9399,
35.071,IMU,217.9429,164.5450,191.2439,9.8004,8.4369,-152.974,-4.410,-1.316,-85.733,0.0879,0.0532,1.0176,
35.085,ENC,218.1491,164.7189,191.4340,10.3118,8.6926,-153.066,-4.410,-1.316,-85.733,0.0879,0.0532,1.0176,
35.090,IMU,218.1491,164.7189,191.4340,10.3118,8.6926,-153.066,-4.487,-1.269,-85.758,0.0664,-0.0532,0.9761,
35.106,ENC,218.3468,164.8808,191.6138,9.8857,8.0960,-153.169,-4.487,-1.269,-85.758,0.0664,-0.0532,0.9761,
35.109,IMU,218.3468,164.8808,191.6138,9.8857,8.0960,-153.169,-4.478,-1.226,-85.795,0.0718,0.0127,1.1206,
35.125,ENC,218.5275,165.0529,191.7902,9.0334,8.6073,-153.193,-4.478,-1.226,-85.795,0.0718,0.0127,1.1206,
35.132,IMU,218.5275,165.0529,191.7902,9.0334,8.6073,-153.193,-4.526,-1.269,-85.840,0.0776,-0.0757,0.8657,
35.145,ENC,218.7116,165.2234,191.9675,9.2039,8.5221,-153.232,-4.526,-1.269,-85.840,0.0776,-0.0757,0.8657,
35.149,IMU,218.7116,165.2234,191.9675,9.2039,8.5221,-153.232,-4.509,-1.308,-85.890,0.0186,-0.0044,1.0781,
35.165,ENC,218.8922,165.3989,192.1456,9.0334,8.7778,-153.247,-4.509,-1.308,-85.890,0.0186,-0.0044,1.0781,
35.170,IMU,218.8922,165.3989,192.1456,9.0334,8.7778,-153.247,-4.612,-1.191,-85.895,0.1577,0.0522,1.0776,
35.185,ENC,219.0508,165.5608,192.3058,7.9256,8.0960,-153.237,-4.612,-1.191,-85.895,0.1577,0.0522,1.0776,
35.189,IMU,219.0508,165.5608,192.3058,7.9256,8.0960,-153.237,-4.663,-1.123,-85.936,0.1333,-0.0083,1.0176,
35.205,ENC,219.2212,165.7296,192.4754,8.5221,8.4369,-153.242,-4.663,-1.123,-85.936,0.1333,-0.0083,1.0176,
35.209,IMU,219.2212,165.7296,192.4754,8.5221,8.4369,-153.242,-4.672,-1.106,-86.003,0.1069,0.0054,0.9814,
35.224,ENC,219.3967,165.8898,192.6433,8.7778,8.0108,-153.286,-4.672,-1.106,-86.003,0.1069,0.0054,0.9814,
35.230,IMU,219.3967,165.8898,192.6433,8.7778,8.0108,-153.286,-4.659,-1.065,-86.020,0.0039,-0.0137,1.0742,
35.245,ENC,219.5825,166.0432,192.8129,9.2891,7.6699,-153.379,-4.659,-1.065,-86.020,0.0039,-0.0137,1.0742,
35.250,IMU,219.5825,166.0432,192.8129,9.2891,7.6699,-153.379,-4.576,-1.168,-86.057,0.0391,-0.0762,1.0034,
35.265,ENC,219.7700,166.2068,192.9884,9.3743,8.1812,-153.447,-4.576,-1.168,-86.057,0.0391,-0.0762,1.0034,
35.270,IMU,219.7700,166.2068,192.9884,9.3743,8.1812,-153.447,-4.598,-1.315,-86.101,0.0342,-0.1484,1.1484,
35.285,ENC,219.9575,166.3653,193.1614,9.3743,7.9256,-153.530,-4.598,-1.315,-86.101,0.0342,-0.1484,1.1484,
35.292,IMU,219.9575,166.3653,193.1614,9.3743,7.9256,-153.530,-4.583,-1.465,-86.164,0.0459,-0.0972,1.0679,
35.305,ENC,220.1569,166.5324,193.3446,9.9709,8.3517,-153.623,-4.583,-1.465,-86.164,0.0459,-0.0972,1.0679,
35.309,IMU,220.1569,166.5324,193.3446,9.9709,8.3517,-153.623,-4.552,-1.473,-86.250,0.0537,-0.0327,0.9922,
35.325,ENC,220.3461,166.6994,193.5228,9.4595,8.3517,-153.687,-4.552,-1.473,-86.250,0.0537,-0.0327,0.9922,
35.331,IMU,220.3461,166.6994,193.5228,9.4595,8.3517,-153.687,-4.623,-1.400,-86.310,0.1860,0.0234,0.9258,
35.345,ENC,220.5472,166.8494,193.6983,10.0561,7.4995,-153.833,-4.623,-1.400,-86.310,0.1860,0.0234,0.9258,
35.350,IMU,220.5472,166.8494,193.6983,10.0561,7.4995,-153.833,-4.663,-1.486,-86.306,0.0942,-0.0278,1.0273,
35.367,ENC,220.7620,167.0198,193.8909,10.7379,8.5221,-153.960,-4.663,-1.486,-86.306,0.0942,-0.0278,1.0273,
35.381,IMU,220.7620,167.0198,193.8909,10.7379,8.5221,-153.960,-4.669,-1.518,-86.361,0.1274,-0.0693,0.8276,
35.385,ENC,220.9682,167.1988,194.0835,10.3118,8.9482,-154.038,-4.669,-1.518,-86.361,0.1274,-0.0693,0.8276,
35.394,IMU,220.9682,167.1988,194.0835,10.3118,8.9482,-154.038,-4.677,-1.626,-86.372,0.1177,-0.1157,1.0352,
35.405,ENC,221.1676,167.3624,194.2650,9.9709,8.1812,-154.141,-4.677,-1.626,-86.372,0.1177,-0.1157,1.0352,
35.411,IMU,221.1676,167.3624,194.2650,9.9709,8.1812,-154.141,-4.820,-1.532,-86.409,0.1270,0.0620,1.0703,
35.425,ENC,221.3824,167.5295,194.4559,10.7379,8.3517,-154.277,-4.820,-1.532,-86.409,0.1270,0.0620,1.0703,
35.429,IMU,221.3824,167.5295,194.4559,10.7379,8.3517,-154.277,-4.952,-1.553,-86.460,0.1646,-0.0347,1.0845,
35.446,ENC,221.6023,167.7084,194.6553,10.9935,8.9482,-154.395,-4.952,-1.553,-86.460,0.1646,-0.0347,1.0845,
35.452,IMU,221.6023,167.7084,194.6553,10.9935,8.9482,-154.395,-4.930,-1.538,-86.512,0.0435,-0.0469,0.9893,
35.465,ENC,221.8000,167.8857,194.8428,9.8857,8.8630,-154.453,-4.930,-1.538,-86.512,0.0435,-0.0469,0.9893,
35.470,IMU,221.8000,167.8857,194.8428,9.8857,8.8630,-154.453,-4.922,-1.507,-86.570,0.0747,-0.0298,1.1118,
35.485,ENC,222.0028,168.0510,195.0269,10.1413,8.2665,-154.561,-4.922,-1.507,-86.570,0.0747,-0.0298,1.1118,
35.489,IMU,222.0028,168.0510,195.0269,10.1413,8.2665,-154.561,-4.920,-1.594,-86.592,0.0962,-0.1353,0.9321,
35.505,ENC,222.1920,168.2146,195.2033,9.4595,8.1812,-154.634,-4.920,-1.594,-86.592,0.0962,-0.1353,0.9321,
35.510,IMU,222.1920,168.2146,195.2033,9.4595,8.1812,-154.634,-4.830,-1.661,-86.630,0.0469,-0.0869,0.9468,
35.525,ENC,222.3795,168.3748,195.3772,9.3743,8.0108,-154.712,-4.830,-1.661,-86.630,0.0469,-0.0869,0.9468,
35.529,IMU,222.3795,168.3748,195.3772,9.3743,8.0108,-154.712,-4.723,-1.620,-86.693,0.0225,-0.0396,1.0684,
35.545,ENC,222.5721,168.5163,195.5442,9.6300,7.0734,-154.858,-4.723,-1.620,-86.693,0.0225,-0.0396,1.0684,
35.549,IMU,222.5721,168.5163,195.5442,9.6300,7.0734,-154.858,-4.860,-1.458,-86.815,0.1963,0.0449,0.9277,
35.568,ENC,222.7698,168.6612,195.7155,9.8857,7.2438,-155.010,-4.860,-1.458,-86.815,0.1963,0.0449,0.9277,
35.571,IMU,222.7698,168.6612,195.7155,9.8857,7.2438,-155.010,-4.700,-1.450,-87.016,-0.0557,-0.0093,1.0337,
35.590,IMU,222.7698,168.6612,195.7155,9.8857,7.2438,-155.010,-4.724,-1.319,-87.117,0.0918,0.0864,0.9512,
35.605,ENC,223.1669,168.9083,196.0376,9.9283,6.1785,-155.439,-4.724,-1.319,-87.117,0.0918,0.0864,0.9512,
35.610,IMU,223.1669,168.9083,196.0376,9.9283,6.1785,-155.439,-4.824,-1.288,-87.250,0.1182,0.0630,1.0205,
35.626,ENC,223.3800,169.0310,196.2055,10.6526,6.1359,-155.698,-4.824,-1.288,-87.250,0.1182,0.0630,1.0205,
35.634,IMU,223.3800,169.0310,196.2055,10.6526,6.1359,-155.698,-4.925,-1.392,-87.357,0.1338,-0.1172,1.0571,
35.645,ENC,223.5794,169.1469,196.3632,9.9709,5.7950,-155.938,-4.925,-1.392,-87.357,0.1338,-0.1172,1.0571,
35.650,IMU,223.5794,169.1469,196.3632,9.9709,5.7950,-155.938,-5.094,-1.286,-87.522,0.2476,0.0864,0.9429,
35.665,ENC,223.7737,169.2680,196.5208,9.7152,6.0507,-156.147,-5.094,-1.286,-87.522,0.2476,0.0864,0.9429,
35.670,IMU,223.7737,169.2680,196.5208,9.7152,6.0507,-156.147,-5.033,-1.188,-87.663,0.0068,0.0791,1.1392,
35.690,IMU,223.7737,169.2680,196.5208,9.7152,6.0507,-156.147,-4.970,-1.095,-87.712,-0.0352,0.0889,0.9990,
35.692,ENC,223.9834,169.3941,196.6887,10.4822,6.3064,-156.387,-4.970,-1.095,-87.712,-0.0352,0.0889,0.9990,
35.705,ENC,224.1794,169.5151,196.8472,9.8004,6.0507,-156.602,-4.970,-1.095,-87.712,-0.0352,0.0889,0.9990,
35.709,IMU,224.1794,169.5151,196.8472,9.8004,6.0507,-156.602,-5.143,-0.984,-87.851,0.2285,0.0938,0.9893,
35.725,ENC,224.3822,169.6395,197.0109,10.1413,6.2211,-156.826,-5.143,-0.984,-87.851,0.2285,0.0938,0.9893,
35.730,IMU,224.3822,169.6395,197.0109,10.1413,6.2211,-156.826,-5.149,-0.987,-87.982,0.0757,-0.0127,1.0449,
35.745,ENC,224.5748,169.7691,197.1719,9.6300,6.4768,-157.007,-5.149,-0.987,-87.982,0.0757,-0.0127,1.0449,
35.749,IMU,224.5748,169.7691,197.1719,9.6300,6.4768,-157.007,-5.059,-0.992,-88.154,-0.0107,-0.0156,0.9771,
35.765,ENC,224.7776,169.8833,197.3304,10.1413,5.7098,-157.261,-5.059,-0.992,-88.154,-0.0107,-0.0156,0.9771,
35.769,IMU,224.7776,169.8833,197.3304,10.1413,5.7098,-157.261,-4.990,-0.984,-88.325,0.0034,-0.0127,1.0791,
35.785,ENC,224.9890,169.9787,197.4838,10.5674,4.7724,-157.593,-4.990,-0.984,-88.325,0.0034,-0.0127,1.0791,
35.792,IMU,224.9890,169.9787,197.4838,10.5674,4.7724,-157.593,-5.049,-1.014,-88.537,0.0830,-0.0464,1.0239,
35.805,ENC,225.1884,170.0656,197.6270,9.9709,4.3463,-157.915,-5.049,-1.014,-88.537,0.0830,-0.0464,1.0239,
35.810,IMU,225.1884,170.0656,197.6270,9.9709,4.3463,-157.915,-4.994,-0.945,-88.739,0.0146,0.0693,0.9736,
35.825,ENC,225.3844,170.1543,197.7693,9.8004,4.4315,-158.223,-4.994,-0.945,-88.739,0.0146,0.0693,0.9736,
35.830,IMU,225.3844,170.1543,197.7693,9.8004,4.4315,-158.223,-4.978,-0.957,-88.867,0.0430,0.0117,1.0728,
35.846,ENC,225.5480,170.2497,197.8989,8.1812,4.7724,-158.418,-4.978,-0.957,-88.867,0.0430,0.0117,1.0728,
35.851,IMU,225.5480,170.2497,197.8989,8.1812,4.7724,-158.418,-4.858,-0.914,-88.971,-0.0190,0.0498,0.9429,
35.865,ENC,225.7065,170.3435,198.0250,7.9256,4.6872,-158.604,-4.858,-0.914,-88.971,-0.0190,0.0498,0.9429,
35.870,IMU,225.7065,170.3435,198.0250,7.9256,4.6872,-158.604,-4.845,-0.952,-89.093,0.0439,-0.0381,1.0640,
35.885,ENC,225.8582,170.4525,198.1554,7.5847,5.4542,-158.726,-4.845,-0.952,-89.093,0.0439,-0.0381,1.0640,
35.889,IMU,225.8582,170.4525,198.1554,7.5847,5.4542,-158.726,-4.952,-0.843,-89.151,0.1562,0.0811,1.0693,
35.905,ENC,225.9860,170.5633,198.2747,6.3916,5.5394,-158.774,-4.952,-0.843,-89.151,0.1562,0.0811,1.0693,
35.909,IMU,225.9860,170.5633,198.2747,6.3916,5.5394,-158.774,-4.963,-0.880,-89.221,0.1035,-0.0649,0.9478,
35.925,ENC,226.1071,170.6724,198.3897,6.0507,5.4542,-158.809,-4.963,-0.880,-89.221,0.1035,-0.0649,0.9478,
35.930,IMU,226.1071,170.6724,198.3897,6.0507,5.4542,-158.809,-4.941,-0.818,-89.336,0.0825,0.0757,1.0601,
35.945,ENC,226.2383,170.7764,198.5073,6.5620,5.1985,-158.887,-4.941,-0.818,-89.336,0.0825,0.0757,1.0601,
35.950,IMU,226.2383,170.7764,198.5073,6.5620,5.1985,-158.887,-4.779,-0.845,-89.485,-0.0786,-0.0571,1.1787,
35.965,ENC,226.3610,170.8701,198.6156,6.1359,4.6872,-158.970,-4.779,-0.845,-89.485,-0.0786,-0.0571,1.1787,
35.969,IMU,226.3610,170.8701,198.6156,6.1359,4.6872,-158.970,-4.782,-0.764,-89.561,0.0811,0.0581,1.0464,
35.985,ENC,226.4906,170.9485,198.7195,6.4768,3.9202,-159.116,-4.782,-0.764,-89.561,0.0811,0.0581,1.0464,
35.990,IMU,226.4906,170.9485,198.7195,6.4768,3.9202,-159.116,-4.725,-0.689,-89.688,0.0410,0.0469,0.9224,
36.005,ENC,226.6116,171.0235,198.8175,6.0507,3.7497,-159.248,-4.725,-0.689,-89.688,0.0410,0.0469,0.9224,
36.010,IMU,226.6116,171.0235,198.8175,6.0507,3.7497,-159.248,-4.656,-0.691,-89.789,0.0459,0.0308,0.9268,
36.024,ENC,226.7070,171.0900,198.8985,4.7724,3.3236,-159.331,-4.656,-0.691,-89.789,0.0459,0.0308,0.9268,
36.030,IMU,226.7070,171.0900,198.8985,4.7724,3.3236,-159.331,-4.640,-0.606,-89.765,0.0820,0.0649,0.9517,
36.048,ENC,226.7939,171.1616,198.9778,4.3463,3.5793,-159.375,-4.640,-0.606,-89.765,0.0820,0.0649,0.9517,
36.051,IMU,226.7939,171.1616,198.9778,4.3463,3.5793,-159.375,-4.626,-0.535,-89.760,0.0503,0.0391,0.9858,
36.065,ENC,226.8741,171.2332,199.0536,4.0054,3.5793,-159.399,-4.626,-0.535,-89.760,0.0503,0.0391,0.9858,
36.070,IMU,226.8741,171.2332,199.0536,4.0054,3.5793,-159.399,-4.623,-0.484,-89.747,0.0586,0.0366,1.0190,
36.088,ENC,226.9525,171.3065,199.1295,3.9202,3.6645,-159.414,-4.623,-0.484,-89.747,0.0586,0.0366,1.0190,
36.092,IMU,226.9525,171.3065,199.1295,3.9202,3.6645,-159.414,-4.576,-0.432,-89.738,0.0659,0.0386,0.9639,
36.105,ENC,227.0292,171.3729,199.2010,3.8350,3.3236,-159.443,-4.576,-0.432,-89.738,0.0659,0.0386,0.9639,
36.110,IMU,227.0292,171.3729,199.2010,3.8350,3.3236,-159.443,-4.623,-0.354,-89.709,0.1021,0.0244,1.0220,
36.139,IMU,227.0292,171.3729,199.2010,3.8350,3.3236,-159.443,-4.658,-0.275,-89.829,0.0938,0.0591,0.9990,
36.147,ENC,227.1553,171.4053,199.2803,3.1532,0.8096,-159.712,-4.658,-0.275,-89.829,0.0938,0.0591,0.9990,
36.152,IMU,227.1553,171.4053,199.2803,3.1532,0.8096,-159.712,-4.579,-0.153,-89.838,0.0186,0.1016,0.9844,
36.165,ENC,227.2064,171.3866,199.2965,2.5566,-0.9374,-159.912,-4.579,-0.153,-89.838,0.0186,0.1016,0.9844,
36.170,IMU,227.2064,171.3866,199.2965,2.5566,-0.9374,-159.912,-4.537,-0.054,-89.944,0.0610,0.0830,0.9663,
36.186,ENC,227.2473,171.3627,199.3050,2.0453,-1.1931,-160.098,-4.537,-0.054,-89.944,0.0610,0.0830,0.9663,
36.192,IMU,227.2473,171.3627,199.3050,2.0453,-1.1931,-160.098,-4.549,0.079,-90.029,0.0786,0.1021,0.9907,
36.205,ENC,227.2797,171.3269,199.3033,1.6192,-1.7896,-160.293,-4.549,0.079,-90.029,0.0786,0.1021,0.9907,
36.213,IMU,227.2797,171.3269,199.3033,1.6192,-1.7896,-160.293,-4.496,0.114,-90.096,0.0537,0.0684,0.9238,
36.225,ENC,227.3036,171.2826,199.2931,1.1931,-2.2158,-160.488,-4.496,0.114,-90.096,0.0537,0.0684,0.9238,
36.230,IMU,227.3036,171.2826,199.2931,1.1931,-2.2158,-160.488,-4.447,0.181,-90.163,0.0708,0.0430,1.0630,
36.245,ENC,227.3206,171.2298,199.2752,0.8522,-2.6419,-160.688,-4.447,0.181,-90.163,0.0708,0.0430,1.0630,
36.252,IMU,227.3206,171.2298,199.2752,0.8522,-2.6419,-160.688,-4.488,0.116,-90.285,0.1211,-0.0029,1.0386,
36.264,ENC,227.3308,171.1888,199.2598,0.5113,-2.0453,-160.835,-4.488,0.116,-90.285,0.1211,-0.0029,1.0386,
36.270,IMU,227.3308,171.1888,199.2598,0.5113,-2.0453,-160.835,-4.493,0.052,-90.369,0.1099,-0.0410,0.9502,
36.285,ENC,227.3360,171.1479,199.2419,0.2557,-2.0453,-160.967,-4.493,0.052,-90.369,0.1099,-0.0410,0.9502,
36.290,IMU,227.3360,171.1479,199.2419,0.2557,-2.0453,-160.967,-4.513,-0.024,-90.429,0.1348,-0.0137,0.9966,
36.305,ENC,227.3377,171.1070,199.2223,0.0852,-2.0453,-161.089,-4.513,-0.024,-90.429,0.1348,-0.0137,0.9966,
36.309,IMU,227.3377,171.1070,199.2223,0.0852,-2.0453,-161.089,-4.469,0.065,-90.485,0.0615,0.0605,0.9546,
36.325,ENC,227.3377,171.0661,199.2019,0.0000,-2.0453,-161.206,-4.469,0.065,-90.485,0.0615,0.0605,0.9546,
36.329,IMU,227.3377,171.0661,199.2019,0.0000,-2.0453,-161.206,-4.434,0.103,-90.577,0.0122,0.0688,1.0015,
36.345,ENC,227.3394,171.0150,199.1772,0.0852,-2.5566,-161.357,-4.434,0.103,-90.577,0.0122,0.0688,1.0015,
36.357,IMU,227.3394,171.0150,199.1772,0.0852,-2.5566,-161.357,-4.375,0.073,-90.642,0.0566,-0.0186,1.0181,
36.365,ENC,227.3428,170.9741,199.1584,0.1704,-2.0453,-161.484,-4.375,0.073,-90.642,0.0566,-0.0186,1.0181,
36.369,IMU,227.3428,170.9741,199.1584,0.1704,-2.0453,-161.484,-4.357,0.039,-90.721,0.0630,-0.0005,0.9531,
36.385,ENC,227.3445,170.9417,199.1431,0.0852,-1.6192,-161.582,-4.357,0.039,-90.721,0.0630,-0.0005,0.9531,
36.390,IMU,227.3445,170.9417,199.1431,0.0852,-1.6192,-161.582,-4.344,-0.011,-90.903,0.0449,-0.0269,1.0205,
36.406,ENC,227.3462,170.9059,199.1260,0.0852,-1.7896,-161.689,-4.344,-0.011,-90.903,0.0449,-0.0269,1.0205,
36.410,IMU,227.3462,170.9059,199.1260,0.0852,-1.7896,-161.689,-4.399,-0.023,-91.022,0.1060,-0.0239,0.9517,
36.425,ENC,227.3462,170.8633,199.1047,0.0000,-2.1305,-161.812,-4.399,-0.023,-91.022,0.1060,-0.0239,0.9517,
36.429,IMU,227.3462,170.8633,199.1047,0.0000,-2.1305,-161.812,-4.429,0.034,-91.159,0.0708,0.0396,1.0283,
36.445,ENC,227.3462,170.8241,199.0851,0.0000,-1.9601,-161.924,-4.429,0.034,-91.159,0.0708,0.0396,1.0283,
36.449,IMU,227.3462,170.8241,199.0851,0.0000,-1.9601,-161.924,-4.443,-0.028,-91.259,0.1025,-0.0366,1.0342,
36.465,ENC,227.3462,170.7832,199.0647,0.0000,-2.0453,-162.041,-4.443,-0.028,-91.259,0.1025,-0.0366,1.0342,
36.470,IMU,227.3462,170.7832,199.0647,0.0000,-2.0453,-162.041,-4.452,-0.042,-91.283,0.0757,-0.0093,1.0205,
36.485,ENC,227.3462,170.7406,199.0434,0.0000,-2.1305,-162.163,-4.452,-0.042,-91.283,0.0757,-0.0093,1.0205,
36.489,IMU,227.3462,170.7406,199.0434,0.0000,-2.1305,-162.163,-4.445,-0.086,-91.422,0.0659,-0.0405,0.9966,
36.508,ENC,227.3462,170.6997,199.0229,0.0000,-2.0453,-162.280,-4.445,-0.086,-91.422,0.0659,-0.0405,0.9966,
36.511,IMU,227.3462,170.6997,199.0229,0.0000,-2.0453,-162.280,-4.459,-0.083,-91.536,0.0820,-0.0171,0.9731,
36.525,ENC,227.3462,170.6571,199.0016,0.0000,-2.1305,-162.402,-4.459,-0.083,-91.536,0.0820,-0.0171,0.9731,
36.529,IMU,227.3462,170.6571,199.0016,0.0000,-2.1305,-162.402,-4.460,-0.112,-91.667,0.0737,-0.0034,0.9834,
36.545,ENC,227.3462,170.6179,198.9820,0.0000,-1.9601,-162.515,-4.460,-0.112,-91.667,0.0737,-0.0034,0.9834,
36.549,IMU,227.3462,170.6179,198.9820,0.0000,-1.9601,-162.515,-4.502,-0.144,-91.749,0.1226,-0.0220,1.0449,
36.565,ENC,227.3462,170.5804,198.9633,0.0000,-1.8749,-162.622,-4.502,-0.144,-91.749,0.1226,-0.0220,1.0449,
36.570,IMU,227.3462,170.5804,198.9633,0.0000,-1.8749,-162.622,-4.505,-0.148,-91.862,0.0630,-0.0146,0.8999,
36.585,ENC,227.3462,170.5446,198.9454,0.0000,-1.7896,-162.725,-4.505,-0.148,-91.862,0.0630,-0.0146,0.8999,
36.589,IMU,227.3462,170.5446,198.9454,0.0000,-1.7896,-162.725,-4.463,-0.133,-91.962,0.0527,0.0024,1.0103,
36.625,ENC,227.3462,170.4730,198.9096,0.0000,-1.7896,-162.930,-4.463,-0.133,-91.962,0.0527,0.0024,1.0103,
36.630,IMU,227.3462,170.4730,198.9096,0.0000,-1.7896,-162.930,-4.559,-0.058,-92.090,0.0845,0.0156,0.9653,
36.645,ENC,227.3462,170.4355,198.8908,0.0000,-1.8749,-163.037,-4.559,-0.058,-92.090,0.0845,0.0156,0.9653,
36.649,IMU,227.3462,170.4355,198.8908,0.0000,-1.8749,-163.037,-4.547,-0.125,-92.175,0.0859,-0.0386,1.0146,
36.665,ENC,227.3462,170.3980,198.8721,0.0000,-1.8749,-163.145,-4.547,-0.125,-92.175,0.0859,-0.0386,1.0146,
36.670,IMU,227.3462,170.3980,198.8721,0.0000,-1.8749,-163.145,-4.532,-0.158,-92.285,0.1045,-0.0161,0.9966,
36.685,ENC,227.3462,170.3571,198.8516,0.0000,-2.0453,-163.262,-4.532,-0.158,-92.285,0.1045,-0.0161,0.9966,
36.690,IMU,227.3462,170.3571,198.8516,0.0000,-2.0453,-163.262,-4.514,-0.113,-92.380,0.0542,0.0342,0.9771,
36.705,ENC,227.3462,170.3230,198.8346,0.0000,-1.7044,-163.359,-4.514,-0.113,-92.380,0.0542,0.0342,0.9771,
36.709,IMU,227.3462,170.3230,198.8346,0.0000,-1.7044,-163.359,-4.516,-0.177,-92.462,0.0830,-0.0649,1.0273,
36.725,ENC,227.3462,170.2855,198.8158,0.0000,-1.8749,-163.467,-4.516,-0.177,-92.462,0.0830,-0.0649,1.0273,
36.730,IMU,227.3462,170.2855,198.8158,0.0000,-1.8749,-163.467,-4.489,-0.277,-92.566,0.0610,-0.0605,0.9585,
36.745,ENC,227.3462,170.2463,198.7962,0.0000,-1.9601,-163.579,-4.489,-0.277,-92.566,0.0610,-0.0605,0.9585,
36.749,IMU,227.3462,170.2463,198.7962,0.0000,-1.9601,-163.579,-4.480,-0.279,-92.686,0.0415,-0.0195,0.9614,
36.765,ENC,227.3462,170.2156,198.7809,0.0000,-1.5340,-163.667,-4.480,-0.279,-92.686,0.0415,-0.0195,0.9614,
36.769,IMU,227.3462,170.2156,198.7809,0.0000,-1.5340,-163.667,-4.415,-0.275,-92.778,0.0327,-0.0083,1.0742,
36.785,ENC,227.3462,170.1832,198.7647,0.0000,-1.6192,-163.760,-4.415,-0.275,-92.778,0.0327,-0.0083,1.0742,
36.790,IMU,227.3462,170.1832,198.7647,0.0000,-1.6192,-163.760,-4.434,-0.312,-92.873,0.0776,-0.0308,0.9731,
36.805,ENC,227.3462,170.1509,198.7485,0.0000,-1.6192,-163.853,-4.434,-0.312,-92.873,0.0776,-0.0308,0.9731,
36.809,IMU,227.3462,170.1509,198.7485,0.0000,-1.6192,-163.853,-4.325,-0.310,-93.003,0.0142,0.0146,1.0132,
36.825,ENC,227.3462,170.1185,198.7323,0.0000,-1.6192,-163.945,-4.325,-0.310,-93.003,0.0142,0.0146,1.0132,
36.831,IMU,227.3462,170.1185,198.7323,0.0000,-1.6192,-163.945,-4.347,-0.289,-93.104,0.0703,0.0083,0.9487,
36.845,ENC,227.3462,170.0861,198.7161,0.0000,-1.6192,-164.038,-4.347,-0.289,-93.104,0.0703,0.0083,0.9487,
36.849,IMU,227.3462,170.0861,198.7161,0.0000,-1.6192,-164.038,-4.343,-0.336,-93.197,0.0796,-0.0396,0.9634,
36.864,ENC,227.3462,170.0537,198.6999,0.0000,-1.6192,-164.131,-4.343,-0.336,-93.197,0.0796,-0.0396,0.9634,
36.872,IMU,227.3462,170.0537,198.6999,0.0000,-1.6192,-164.131,-4.347,-0.371,-93.325,0.0825,-0.0288,1.0332,
36.885,ENC,227.3462,170.0230,198.6846,0.0000,-1.5340,-164.219,-4.347,-0.371,-93.325,0.0825,-0.0288,1.0332,
36.889,IMU,227.3462,170.0230,198.6846,0.0000,-1.5340,-164.219,-4.338,-0.382,-93.378,0.0693,-0.0132,1.0171,
36.905,ENC,227.3462,169.9940,198.6701,0.0000,-1.4488,-164.302,-4.338,-0.382,-93.378,0.0693,-0.0132,1.0171,
36.909,IMU,227.3462,169.9940,198.6701,0.0000,-1.4488,-164.302,-4.359,-0.382,-93.473,0.1021,-0.0439,1.0049,
36.924,ENC,227.3462,169.9617,198.6539,0.0000,-1.6192,-164.395,-4.359,-0.382,-93.473,0.1021,-0.0439,1.0049,
36.929,IMU,227.3462,169.9617,198.6539,0.0000,-1.6192,-164.395,-4.305,-0.436,-93.545,0.0435,-0.0215,0.9746,
36.945,ENC,227.3462,169.9378,198.6420,0.0000,-1.1931,-164.463,-4.305,-0.436,-93.545,0.0435,-0.0215,0.9746,
36.951,IMU,227.3462,169.9378,198.6420,0.0000,-1.1931,-164.463,-4.336,-0.469,-93.584,0.0630,-0.0254,0.9990,
36.965,ENC,227.3479,169.9088,198.6284,0.0852,-1.4488,-164.551,-4.336,-0.469,-93.584,0.0630,-0.0254,0.9990,
36.970,IMU,227.3479,169.9088,198.6284,0.0852,-1.4488,-164.551,-4.395,-0.459,-93.631,0.1133,-0.0044,0.9321,
36.985,ENC,227.3462,169.8764,198.6113,-0.0852,-1.6192,-164.639,-4.395,-0.459,-93.631,0.1133,-0.0044,0.9321,
36.989,IMU,227.3462,169.8764,198.6113,-0.0852,-1.6192,-164.639,-4.317,-0.437,-93.735,0.0459,0.0386,1.0444,
37.005,ENC,227.3479,169.8458,198.5968,0.0852,-1.5340,-164.731,-4.317,-0.437,-93.735,0.0459,0.0386,1.0444,
37.010,IMU,227.3479,169.8458,198.5968,0.0852,-1.5340,-164.731,-4.271,-0.433,-93.776,0.0430,-0.0132,0.9897,
37.024,ENC,227.3479,169.8134,198.5806,0.0000,-1.6192,-164.824,-4.271,-0.433,-93.776,0.0430,-0.0132,0.9897,
37.029,IMU,227.3479,169.8134,198.5806,0.0000,-1.6192,-164.824,-4.279,-0.445,-93.876,0.0854,0.0122,0.9736,
37.046,ENC,227.3496,169.7861,198.5678,0.0852,-1.3635,-164.907,-4.279,-0.445,-93.876,0.0854,0.0122,0.9736,
37.050,IMU,227.3496,169.7861,198.5678,0.0852,-1.3635,-164.907,-4.328,-0.446,-93.997,0.1006,-0.0449,1.0015,
37.065,ENC,227.3496,169.7588,198.5542,0.0000,-1.3635,-164.985,-4.328,-0.446,-93.997,0.1006,-0.0449,1.0015,
37.072,IMU,227.3496,169.7588,198.5542,0.0000,-1.3635,-164.985,-4.214,-0.460,-94.151,0.0054,-0.0186,1.0029,
37.085,ENC,227.3496,169.7282,198.5389,0.0000,-1.5340,-165.073,-4.214,-0.460,-94.151,0.0054,-0.0186,1.0029,
37.089,IMU,227.3496,169.7282,198.5389,0.0000,-1.5340,-165.073,-4.191,-0.428,-94.198,0.0752,0.0200,0.9580,
37.105,ENC,227.3496,169.6941,198.5218,0.0000,-1.7044,-165.171,-4.191,-0.428,-94.198,0.0752,0.0200,0.9580,
37.110,IMU,227.3496,169.6941,198.5218,0.0000,-1.7044,-165.171,-4.159,-0.446,-94.298,0.0742,-0.0005,1.0112,
37.125,ENC,227.3513,169.6634,198.5073,0.0852,-1.5340,-165.264,-4.159,-0.446,-94.298,0.0742,-0.0005,1.0112,
37.140,IMU,227.3513,169.6634,198.5073,0.0852,-1.5340,-165.264,-4.125,-0.513,-94.433,0.0273,-0.0503,0.9727,
37.145,ENC,227.3513,169.6327,198.4920,0.0000,-1.5340,-165.352,-4.125,-0.513,-94.433,0.0273,-0.0503,0.9727,
37.151,IMU,227.3513,169.6327,198.4920,0.0000,-1.5340,-165.352,-4.193,-0.481,-94.562,0.1299,0.0161,0.9819,
37.165,ENC,227.3513,169.6037,198.4775,0.0000,-1.4488,-165.435,-4.193,-0.481,-94.562,0.1299,0.0161,0.9819,
37.170,IMU,227.3513,169.6037,198.4775,0.0000,-1.4488,-165.435,-4.218,-0.452,-94.635,0.0840,-0.0024,1.0020,
37.189,ENC,227.3530,169.5765,198.4647,0.0852,-1.3635,-165.518,-4.218,-0.452,-94.635,0.0840,-0.0024,1.0020,
37.192,IMU,227.3530,169.5765,198.4647,0.0852,-1.3635,-165.518,-4.197,-0.422,-94.718,0.0361,0.0039,0.9487,
37.206,ENC,227.3530,169.5492,198.4511,0.0000,-1.3635,-165.596,-4.197,-0.422,-94.718,0.0361,0.0039,0.9487,
37.209,IMU,227.3530,169.5492,198.4511,0.0000,-1.3635,-165.596,-4.202,-0.349,-94.818,0.1274,0.0444,1.0015,
37.225,ENC,227.3530,169.5185,198.4358,0.0000,-1.5340,-165.684,-4.202,-0.349,-94.818,0.1274,0.0444,1.0015,
37.231,IMU,227.3530,169.5185,198.4358,0.0000,-1.5340,-165.684,-4.223,-0.385,-94.927,0.0835,-0.0542,0.9482,
37.245,ENC,227.3530,169.4878,198.4204,0.0000,-1.5340,-165.771,-4.223,-0.385,-94.927,0.0835,-0.0542,0.9482,
37.249,IMU,227.3530,169.4878,198.4204,0.0000,-1.5340,-165.771,-4.231,-0.391,-94.980,0.0513,0.0005,0.9712,
37.267,ENC,227.3547,169.4606,198.4076,0.0852,-1.3635,-165.854,-4.231,-0.391,-94.980,0.0513,0.0005,0.9712,
37.271,IMU,227.3547,169.4606,198.4076,0.0852,-1.3635,-165.854,-4.277,-0.374,-95.035,0.1001,-0.0220,1.0063,
37.285,ENC,227.3547,169.4299,198.3923,0.0000,-1.5340,-165.942,-4.277,-0.374,-95.035,0.1001,-0.0220,1.0063,
37.289,IMU,227.3547,169.4299,198.3923,0.0000,-1.5340,-165.942,-4.314,-0.356,-95.105,0.1055,0.0068,1.0049,
37.309,IMU,227.3547,169.4299,198.3923,0.0000,-1.5340,-165.942,-4.303,-0.372,-95.164,0.0640,-0.0264,0.9702,
37.327,ENC,227.3564,169.3770,198.3667,0.0426,-1.3209,-166.099,-4.303,-0.372,-95.164,0.0640,-0.0264,0.9702,
37.330,IMU,227.3564,169.3770,198.3667,0.0426,-1.3209,-166.099,-4.288,-0.368,-95.241,0.0630,0.0225,1.0122,
37.344,ENC,227.3564,169.3532,198.3548,0.0000,-1.1931,-166.167,-4.288,-0.368,-95.241,0.0630,0.0225,1.0122,
37.351,IMU,227.3564,169.3532,198.3548,0.0000,-1.1931,-166.167,-4.289,-0.278,-95.358,0.1152,0.0063,0.8755,
37.365,ENC,227.3564,169.3225,198.3395,0.0000,-1.5340,-166.255,-4.289,-0.278,-95.358,0.1152,0.0063,0.8755,
37.370,IMU,227.3564,169.3225,198.3395,0.0000,-1.5340,-166.255,-4.306,-0.276,-95.438,0.0718,0.0166,1.0249,
37.385,ENC,227.3564,169.2901,198.3233,0.0000,-1.6192,-166.348,-4.306,-0.276,-95.438,0.0718,0.0166,1.0249,
37.390,IMU,227.3564,169.2901,198.3233,0.0000,-1.6192,-166.348,-4.318,-0.303,-95.468,0.0742,-0.0083,0.9189,
37.405,ENC,227.3581,169.2646,198.3113,0.0852,-1.2783,-166.426,-4.318,-0.303,-95.468,0.0742,-0.0083,0.9189,
37.409,IMU,227.3581,169.2646,198.3113,0.0852,-1.2783,-166.426,-4.297,-0.325,-95.533,0.0571,-0.0117,0.9800,
37.425,ENC,227.3581,169.2322,198.2951,0.0000,-1.6192,-166.519,-4.297,-0.325,-95.533,0.0571,-0.0117,0.9800,
37.430,IMU,227.3581,169.2322,198.2951,0.0000,-1.6192,-166.519,-4.300,-0.409,-95.593,0.0859,-0.0796,1.0615,
37.444,ENC,227.3581,169.2066,198.2824,0.0000,-1.2783,-166.592,-4.300,-0.409,-95.593,0.0859,-0.0796,1.0615,
37.449,IMU,227.3581,169.2066,198.2824,0.0000,-1.2783,-166.592,-4.249,-0.470,-95.688,0.0376,-0.0674,0.9556,
37.465,ENC,227.3598,169.1827,198.2713,0.0852,-1.1931,-166.665,-4.249,-0.470,-95.688,0.0376,-0.0674,0.9556,
37.469,IMU,227.3598,169.1827,198.2713,0.0852,-1.1931,-166.665,-4.190,-0.492,-95.739,0.0239,0.0010,1.0571,
37.485,ENC,227.3598,169.1589,198.2593,0.0000,-1.1931,-166.733,-4.190,-0.492,-95.739,0.0239,0.0010,1.0571,
37.490,IMU,227.3598,169.1589,198.2593,0.0000,-1.1931,-166.733,-4.267,-0.435,-95.842,0.1230,0.0288,0.8984,
37.505,ENC,227.3598,169.1231,198.2415,0.0000,-1.7896,-166.836,-4.267,-0.435,-95.842,0.1230,0.0288,0.8984,
37.509,IMU,227.3598,169.1231,198.2415,0.0000,-1.7896,-166.836,-4.213,-0.453,-95.917,0.0420,0.0288,1.0654,
37.525,ENC,227.3598,169.0907,198.2253,0.0000,-1.6192,-166.929,-4.213,-0.453,-95.917,0.0420,0.0288,1.0654,
37.533,IMU,227.3598,169.0907,198.2253,0.0000,-1.6192,-166.929,-4.157,-0.515,-96.006,0.0034,-0.0581,0.9521,
37.544,ENC,227.3598,169.0617,198.2108,0.0000,-1.4488,-167.012,-4.157,-0.515,-96.006,0.0034,-0.0581,0.9521,
37.549,IMU,227.3598,169.0617,198.2108,0.0000,-1.4488,-167.012,-4.184,-0.532,-96.084,0.0967,-0.0293,0.9004,
37.565,ENC,227.3615,169.0276,198.1946,0.0852,-1.7044,-167.114,-4.184,-0.532,-96.084,0.0967,-0.0293,0.9004,
37.569,IMU,227.3615,169.0276,198.1946,0.0852,-1.7044,-167.114,-4.291,-0.547,-96.167,0.1372,-0.0107,1.0483,
37.585,ENC,227.3615,168.9953,198.1784,0.0000,-1.6192,-167.207,-4.291,-0.547,-96.167,0.1372,-0.0107,1.0483,
37.589,IMU,227.3615,168.9953,198.1784,0.0000,-1.6192,-167.207,-4.254,-0.582,-96.265,0.0552,-0.0317,0.8931,
37.605,ENC,227.3615,168.9680,198.1648,0.0000,-1.3635,-167.285,-4.254,-0.582,-96.265,0.0552,-0.0317,0.8931,
37.611,IMU,227.3615,168.9680,198.1648,0.0000,-1.3635,-167.285,-4.262,-0.600,-96.356,0.0879,-0.0068,1.0303,
37.625,ENC,227.3615,168.9339,198.1477,0.0000,-1.7044,-167.383,-4.262,-0.600,-96.356,0.0879,-0.0068,1.0303,
37.630,IMU,227.3615,168.9339,198.1477,0.0000,-1.7044,-167.383,-4.384,-0.677,-96.425,0.1030,-0.0425,1.0073,
37.646,ENC,227.3615,168.8998,198.1307,0.0000,-1.7044,-167.480,-4.384,-0.677,-96.425,0.1030,-0.0425,1.0073,
37.658,IMU,227.3615,168.8998,198.1307,0.0000,-1.7044,-167.480,-4.352,-0.679,-96.542,0.0615,-0.0215,0.9385,
37.665,ENC,227.3632,168.8708,198.1170,0.0852,-1.4488,-167.568,-4.352,-0.679,-96.542,0.0615,-0.0215,0.9385,
37.670,IMU,227.3632,168.8708,198.1170,0.0852,-1.4488,-167.568,-4.362,-0.650,-96.627,0.0723,-0.0278,1.0283,
37.685,ENC,227.3632,168.8333,198.0983,0.0000,-1.8749,-167.676,-4.362,-0.650,-96.627,0.0723,-0.0278,1.0283,
37.690,IMU,227.3632,168.8333,198.0983,0.0000,-1.8749,-167.676,-4.456,-0.668,-96.691,0.1665,0.0229,1.0195,
37.705,ENC,227.3632,168.7992,198.0812,0.0000,-1.7044,-167.773,-4.456,-0.668,-96.691,0.1665,0.0229,1.0195,
37.709,IMU,227.3632,168.7992,198.0812,0.0000,-1.7044,-167.773,-4.412,-0.663,-96.771,0.0557,-0.0195,0.9692,
37.725,ENC,227.3632,168.7720,198.0676,0.0000,-1.3635,-167.852,-4.412,-0.663,-96.771,0.0557,-0.0195,0.9692,
37.729,IMU,227.3632,168.7720,198.0676,0.0000,-1.3635,-167.852,-4.371,-0.586,-96.860,0.0825,0.0356,1.1133,
37.745,ENC,227.3632,168.7345,198.0489,0.0000,-1.8749,-167.959,-4.371,-0.586,-96.860,0.0825,0.0356,1.1133,
37.754,IMU,227.3632,168.7345,198.0489,0.0000,-1.8749,-167.959,-4.445,-0.650,-96.930,0.1152,-0.0488,0.9355,
37.765,ENC,227.3649,168.7021,198.0335,0.0852,-1.6192,-168.057,-4.445,-0.650,-96.930,0.1152,-0.0488,0.9355,
37.769,IMU,227.3649,168.7021,198.0335,0.0852,-1.6192,-168.057,-4.411,-0.646,-97.074,0.0928,-0.0278,1.0288,
37.785,ENC,227.3649,168.6663,198.0156,0.0000,-1.7896,-168.159,-4.411,-0.646,-97.074,0.0928,-0.0278,1.0288,
37.790,IMU,227.3649,168.6663,198.0156,0.0000,-1.7896,-168.159,-4.435,-0.658,-97.155,0.0928,-0.0200,1.0112,
37.805,ENC,227.3649,168.6305,197.9977,0.0000,-1.7896,-168.262,-4.435,-0.658,-97.155,0.0928,-0.0200,1.0112,
37.810,IMU,227.3649,168.6305,197.9977,0.0000,-1.7896,-168.262,-4.474,-0.669,-97.241,0.0786,-0.0439,1.0405,
37.825,ENC,227.3666,168.5964,197.9815,0.0852,-1.7044,-168.364,-4.474,-0.669,-97.241,0.0786,-0.0439,1.0405,
37.829,IMU,227.3666,168.5964,197.9815,0.0852,-1.7044,-168.364,-4.493,-0.630,-97.314,0.0913,0.0122,0.8511,
37.845,ENC,227.3649,168.5691,197.9670,-0.0852,-1.3635,-168.437,-4.493,-0.630,-97.314,0.0913,0.0122,0.8511,
37.852,IMU,227.3649,168.5691,197.9670,-0.0852,-1.3635,-168.437,-4.561,-0.650,-97.389,0.1030,0.0063,1.0596,
37.865,ENC,227.3666,168.5317,197.9491,0.0852,-1.8749,-168.550,-4.561,-0.650,-97.389,0.1030,0.0063,1.0596,
37.870,IMU,227.3666,168.5317,197.9491,0.0852,-1.8749,-168.550,-4.542,-0.722,-97.456,0.0688,-0.0171,0.8384,
37.885,ENC,227.3666,168.4976,197.9321,0.0000,-1.7044,-168.647,-4.542,-0.722,-97.456,0.0688,-0.0171,0.8384,
37.891,IMU,227.3666,168.4976,197.9321,0.0000,-1.7044,-168.647,-4.558,-0.718,-97.560,0.1108,-0.0005,0.9507,
37.905,ENC,227.3666,168.4669,197.9168,0.0000,-1.5340,-168.735,-4.558,-0.718,-97.560,0.1108,-0.0005,0.9507,
37.914,IMU,227.3666,168.4669,197.9168,0.0000,-1.5340,-168.735,-4.569,-0.693,-97.651,0.0601,-0.0005,1.0171,
37.925,ENC,227.3683,168.4311,197.8997,0.0852,-1.7896,-168.843,-4.569,-0.693,-97.651,0.0601,-0.0005,1.0171,
37.929,IMU,227.3683,168.4311,197.8997,0.0852,-1.7896,-168.843,-4.549,-0.673,-97.726,0.0234,-0.0020,0.9878,
37.945,ENC,227.3683,168.3936,197.8810,0.0000,-1.8749,-168.950,-4.549,-0.673,-97.726,0.0234,-0.0020,0.9878,
37.951,IMU,227.3683,168.3936,197.8810,0.0000,-1.8749,-168.950,-4.562,-0.647,-97.766,0.0684,-0.0225,1.0039,
37.964,ENC,227.3683,168.3629,197.8656,0.0000,-1.5340,-169.038,-4.562,-0.647,-97.766,0.0684,-0.0225,1.0039,
37.970,IMU,227.3683,168.3629,197.8656,0.0000,-1.5340,-169.038,-4.585,-0.717,-97.874,0.0864,-0.0840,0.9775,
37.985,ENC,227.3683,168.3288,197.8486,0.0000,-1.7044,-169.136,-4.585,-0.717,-97.874,0.0864,-0.0840,0.9775,
37.990,IMU,227.3683,168.3288,197.8486,0.0000,-1.7044,-169.136,-4.636,-0.692,-97.929,0.1064,0.0132,1.0308,
38.005,ENC,227.3683,168.2981,197.8332,0.0000,-1.5340,-169.224,-4.636,-0.692,-97.929,0.1064,0.0132,1.0308,
38.009,IMU,227.3683,168.2981,197.8332,0.0000,-1.5340,-169.224,-4.637,-0.697,-98.003,0.0898,-0.0181,0.9927,
38.025,ENC,227.3700,168.2641,197.8170,0.0852,-1.7044,-169.326,-4.637,-0.697,-98.003,0.0898,-0.0181,0.9927,
38.029,IMU,227.3700,168.2641,197.8170,0.0852,-1.7044,-169.326,-4.570,-0.729,-98.086,0.0444,-0.0430,1.0195,
38.045,ENC,227.3700,168.2300,197.8000,0.0000,-1.7044,-169.424,-4.570,-0.729,-98.086,0.0444,-0.0430,1.0195,
38.049,IMU,227.3700,168.2300,197.8000,0.0000,-1.7044,-169.424,-4.587,-0.710,-98.155,0.1172,0.0303,0.9053,
38.065,ENC,227.3700,168.1925,197.7813,0.0000,-1.8749,-169.531,-4.587,-0.710,-98.155,0.1172,0.0303,0.9053,
38.069,IMU,227.3700,168.1925,197.7813,0.0000,-1.8749,-169.531,-4.520,-0.792,-98.255,0.0352,-0.0435,1.1030,
38.085,ENC,227.3700,168.1601,197.7651,0.0000,-1.6192,-169.624,-4.520,-0.792,-98.255,0.0352,-0.0435,1.1030,
38.090,IMU,227.3700,168.1601,197.7651,0.0000,-1.6192,-169.624,-4.499,-0.810,-98.312,-0.0371,-0.0654,1.0464,
38.105,ENC,227.3717,168.1260,197.7489,0.0852,-1.7044,-169.727,-4.499,-0.810,-98.312,-0.0371,-0.0654,1.0464,
38.110,IMU,227.3717,168.1260,197.7489,0.0852,-1.7044,-169.727,-4.527,-0.832,-98.354,0.0537,-0.0176,0.9233,
38.125,ENC,227.3717,168.0919,197.7318,0.0000,-1.7044,-169.824,-4.527,-0.832,-98.354,0.0537,-0.0176,0.9233,
38.130,IMU,227.3717,168.0919,197.7318,0.0000,-1.7044,-169.824,-4.602,-0.771,-98.445,0.1431,0.0176,1.1025,
38.146,ENC,227.3717,168.0561,197.7139,0.0000,-1.7896,-169.927,-4.602,-0.771,-98.445,0.1431,0.0176,1.1025,
38.151,IMU,227.3717,168.0561,197.7139,0.0000,-1.7896,-169.927,-4.581,-0.788,-98.563,-0.0190,-0.0186,1.0874,
38.166,ENC,227.3735,168.0220,197.6977,0.0852,-1.7044,-170.029,-4.581,-0.788,-98.563,-0.0190,-0.0186,1.0874,
38.170,IMU,227.3735,168.0220,197.6977,0.0852,-1.7044,-170.029,-4.576,-0.798,-98.645,0.0498,-0.0410,0.9634,
38.185,ENC,227.3735,167.9896,197.6815,0.0000,-1.6192,-170.122,-4.576,-0.798,-98.645,0.0498,-0.0410,0.9634,
38.189,IMU,227.3735,167.9896,197.6815,0.0000,-1.6192,-170.122,-4.641,-0.832,-98.739,0.1479,-0.0435,0.9224,
38.205,ENC,227.3735,167.9556,197.6645,0.0000,-1.7044,-170.220,-4.641,-0.832,-98.739,0.1479,-0.0435,0.9224,
38.210,IMU,227.3735,167.9556,197.6645,0.0000,-1.7044,-170.220,-4.612,-0.995,-98.805,0.0903,-0.0952,0.9688,
38.225,ENC,227.3752,167.9334,197.6543,0.0852,-1.1079,-170.288,-4.612,-0.995,-98.805,0.0903,-0.0952,0.9688,
38.229,IMU,227.3752,167.9334,197.6543,0.0852,-1.1079,-170.288,-4.516,-1.003,-98.908,0.0039,-0.0547,0.8701,
38.245,ENC,227.3735,167.8891,197.6313,-0.0852,-2.2158,-170.410,-4.516,-1.003,-98.908,0.0039,-0.0547,0.8701,
38.250,IMU,227.3735,167.8891,197.6313,-0.0852,-2.2158,-170.410,-4.524,-0.978,-98.973,0.0791,0.0522,1.0161,
38.265,ENC,227.3752,167.8635,197.6193,0.0852,-1.2783,-170.488,-4.524,-0.978,-98.973,0.0791,0.0522,1.0161,
38.270,IMU,227.3752,167.8635,197.6193,0.0852,-1.2783,-170.488,-4.682,-0.914,-99.052,0.1895,0.0054,0.9199,
38.285,ENC,227.3752,167.8499,197.6125,0.0000,-0.6818,-170.527,-4.682,-0.914,-99.052,0.1895,0.0054,0.9199,
38.289,IMU,227.3752,167.8499,197.6125,0.0000,-0.6818,-170.527,-4.589,-1.046,-99.077,0.0020,-0.0498,1.1040,
38.305,ENC,227.3769,167.8362,197.6066,0.0852,-0.6818,-170.571,-4.589,-1.046,-99.077,0.0020,-0.0498,1.1040,
38.310,IMU,227.3769,167.8362,197.6066,0.0852,-0.6818,-170.571,-4.719,-0.954,-99.086,0.1509,0.0068,0.9653,
38.325,ENC,227.3769,167.7970,197.5870,0.0000,-1.9601,-170.684,-4.719,-0.954,-99.086,0.1509,0.0068,0.9653,
38.330,IMU,227.3769,167.7970,197.5870,0.0000,-1.9601,-170.684,-4.755,-0.968,-99.189,0.0830,0.0332,1.0386,
38.345,ENC,227.3769,167.7630,197.5699,0.0000,-1.7044,-170.781,-4.755,-0.968,-99.189,0.0830,0.0332,1.0386,
38.352,IMU,227.3769,167.7630,197.5699,0.0000,-1.7044,-170.781,-4.696,-0.986,-99.325,0.0522,-0.0127,0.9717,
38.365,ENC,227.3769,167.7391,197.5580,0.0000,-1.1931,-170.850,-4.696,-0.986,-99.325,0.0522,-0.0127,0.9717,
38.370,IMU,227.3769,167.7391,197.5580,0.0000,-1.1931,-170.850,-4.806,-1.034,-99.353,0.1060,-0.0596,0.9854,
38.387,ENC,227.3769,167.7101,197.5435,0.0000,-1.4488,-170.933,-4.806,-1.034,-99.353,0.1060,-0.0596,0.9854,
38.390,IMU,227.3769,167.7101,197.5435,0.0000,-1.4488,-170.933,-4.798,-1.028,-99.479,0.1348,-0.0239,0.9971,
38.405,ENC,227.3769,167.6914,197.5341,0.0000,-0.9374,-170.986,-4.798,-1.028,-99.479,0.1348,-0.0239,0.9971,
38.410,IMU,227.3769,167.6914,197.5341,0.0000,-0.9374,-170.986,-4.823,-1.081,-99.557,0.0923,-0.0303,1.0635,
38.424,ENC,227.3769,167.6675,197.5222,0.0000,-1.1931,-171.055,-4.823,-1.081,-99.557,0.0923,-0.0303,1.0635,
38.431,IMU,227.3769,167.6675,197.5222,0.0000,-1.1931,-171.055,-4.774,-1.115,-99.664,0.0386,-0.0264,0.9888,
38.445,ENC,227.3769,167.6488,197.5128,0.0000,-0.9374,-171.108,-4.774,-1.115,-99.664,0.0386,-0.0264,0.9888,
38.449,IMU,227.3769,167.6488,197.5128,0.0000,-0.9374,-171.108,-4.723,-1.112,-99.705,0.0498,-0.0293,0.9668,
38.465,ENC,227.3769,167.6385,197.5077,0.0000,-0.5113,-171.138,-4.723,-1.112,-99.705,0.0498,-0.0293,0.9668,
38.471,IMU,227.3769,167.6385,197.5077,0.0000,-0.5113,-171.138,-4.723,-1.170,-99.709,0.0986,-0.0615,1.1104,
38.485,ENC,227.3769,167.6334,197.5051,0.0000,-0.2557,-171.152,-4.723,-1.170,-99.709,0.0986,-0.0615,1.1104,
38.489,IMU,227.3769,167.6334,197.5051,0.0000,-0.2557,-171.152,-4.666,-1.133,-99.675,0.0542,0.0127,0.9712,
38.505,ENC,227.3786,167.6283,197.5034,0.0852,-0.2557,-171.172,-4.666,-1.133,-99.675,0.0542,0.0127,0.9712,
38.510,IMU,227.3786,167.6283,197.5034,0.0852,-0.2557,-171.172,-4.711,-1.072,-99.632,0.1182,0.0024,0.9551,
38.525,ENC,227.3769,167.6044,197.4907,-0.0852,-1.1931,-171.235,-4.711,-1.072,-99.632,0.1182,0.0024,0.9551,
38.530,IMU,227.3769,167.6044,197.4907,-0.0852,-1.1931,-171.235,-4.591,-1.007,-99.674,-0.0063,0.0508,0.8784,
38.549,IMU,227.3769,167.6044,197.4907,-0.0852,-1.1931,-171.235,-4.575,-0.969,-99.699,0.0601,0.0205,1.1094,
38.565,ENC,227.3786,167.5618,197.4702,0.0426,-1.0653,-171.362,-4.575,-0.969,-99.699,0.0601,0.0205,1.1094,
38.570,IMU,227.3786,167.5618,197.4702,0.0426,-1.0653,-171.362,-4.608,-1.135,-99.738,0.0918,-0.0996,0.7983,
38.586,ENC,227.3803,167.5482,197.4642,0.0852,-0.6818,-171.406,-4.608,-1.135,-99.738,0.0918,-0.0996,0.7983,
38.589,IMU,227.3803,167.5482,197.4642,0.0852,-0.6818,-171.406,-4.694,-1.119,-99.757,0.1040,0.0039,1.0283,
38.606,ENC,227.3803,167.5431,197.4617,0.0000,-0.2557,-171.421,-4.694,-1.119,-99.757,0.1040,0.0039,1.0283,
38.613,IMU,227.3803,167.5431,197.4617,0.0000,-0.2557,-171.421,-4.776,-1.178,-99.777,0.1709,-0.0542,1.0215,
38.626,ENC,227.3803,167.5414,197.4608,0.0000,-0.0852,-171.426,-4.776,-1.178,-99.777,0.1709,-0.0542,1.0215,
38.629,IMU,227.3803,167.5414,197.4608,0.0000,-0.0852,-171.426,-4.743,-1.147,-99.748,0.0044,-0.0054,0.9326,
38.645,ENC,227.3803,167.5414,197.4608,0.0000,0.0000,-171.426,-4.743,-1.147,-99.748,0.0044,-0.0054,0.9326,
38.649,IMU,227.3803,167.5414,197.4608,0.0000,0.0000,-171.426,-4.770,-1.089,-99.733,0.0435,-0.0122,1.0508,
38.664,ENC,227.3803,167.5414,197.4608,0.0000,0.0000,-171.426,-4.770,-1.089,-99.733,0.0435,-0.0122,1.0508,
38.670,IMU,227.3803,167.5414,197.4608,0.0000,0.0000,-171.426,-4.803,-1.041,-99.739,0.1108,0.0078,0.9731,
38.685,ENC,227.3803,167.5414,197.4608,0.0000,0.0000,-171.426,-4.803,-1.041,-99.739,0.1108,0.0078,0.9731,
38.690,IMU,227.3803,167.5414,197.4608,0.0000,0.0000,-171.426,-4.779,-1.087,-99.771,0.0566,-0.0283,1.0166,
38.710,IMU,227.3803,167.5414,197.4608,0.0000,0.0000,-171.426,-4.737,-1.099,-99.780,0.0659,-0.0132,1.0171,
38.712,ENC,227.3803,167.5414,197.4608,0.0000,0.0000,-171.426,-4.737,-1.099,-99.780,0.0659,-0.0132,1.0171,
38.725,ENC,227.3803,167.5414,197.4608,0.0000,0.0000,-171.426,-4.737,-1.099,-99.780,0.0659,-0.0132,1.0171,
38.729,IMU,227.3803,167.5414,197.4608,0.0000,0.0000,-171.426,-4.710,-1.044,-99.813,0.0996,0.0156,0.9844,
38.745,ENC,227.3803,167.5414,197.4608,0.0000,0.0000,-171.426,-4.710,-1.044,-99.813,0.0996,0.0156,0.9844,
38.749,IMU,227.3803,167.5414,197.4608,0.0000,0.0000,-171.426,-4.694,-1.014,-99.803,0.0552,-0.0117,1.0122,
38.765,ENC,227.3803,167.5414,197.4608,0.0000,0.0000,-171.426,-4.694,-1.014,-99.803,0.0552,-0.0117,1.0122,
38.772,IMU,227.3803,167.5414,197.4608,0.0000,0.0000,-171.426,-4.666,-0.995,-99.782,0.0591,-0.0029,0.9863,
38.785,ENC,227.3803,167.5414,197.4608,0.0000,0.0000,-171.426,-4.666,-0.995,-99.782,0.0591,-0.0029,0.9863,
38.790,IMU,227.3803,167.5414,197.4608,0.0000,0.0000,-171.426,-4.661,-0.994,-99.791,0.0781,-0.0029,0.9995,
38.807,ENC,227.3803,167.5414,197.4608,0.0000,0.0000,-171.426,-4.661,-0.994,-99.791,0.0781,-0.0029,0.9995,
38.810,IMU,227.3803,167.5414,197.4608,0.0000,0.0000,-171.426,-4.610,-0.982,-99.787,0.0483,-0.0156,1.0073,
38.825,ENC,227.3803,167.5414,197.4608,0.0000,0.0000,-171.426,-4.610,-0.982,-99.787,0.0483,-0.0156,1.0073,
38.829,IMU,227.3803,167.5414,197.4608,0.0000,0.0000,-171.426,-4.635,-0.955,-99.747,0.0693,-0.0039,0.9780,
38.845,ENC,227.3803,167.5414,197.4608,0.0000,0.0000,-171.426,-4.635,-0.955,-99.747,0.0693,-0.0039,0.9780,
38.849,IMU,227.3803,167.5414,197.4608,0.0000,0.0000,-171.426,-4.595,-0.966,-99.747,0.0762,-0.0215,0.9873,
38.869,ENC,227.3803,167.5414,197.4608,0.0000,0.0000,-171.426,-4.595,-0.966,-99.747,0.0762,-0.0215,0.9873,
38.875,IMU,227.3803,167.5414,197.4608,0.0000,0.0000,-171.426,-4.614,-0.940,-99.780,0.0679,-0.0063,0.9951,
38.885,ENC,227.3803,167.5397,197.4600,0.0000,-0.0852,-171.431,-4.614,-0.940,-99.780,0.0679,-0.0063,0.9951,
38.889,IMU,227.3803,167.5397,197.4600,0.0000,-0.0852,-171.431,-4.613,-0.956,-99.823,0.0732,-0.0142,0.9951,
38.905,ENC,227.3803,167.5414,197.4608,0.0000,0.0852,-171.426,-4.613,-0.956,-99.823,0.0732,-0.0142,0.9951,
38.909,IMU,227.3803,167.5414,197.4608,0.0000,0.0852,-171.426,-4.606,-0.914,-99.805,0.0718,-0.0039,0.9902,
38.925,ENC,227.3803,167.5414,197.4608,0.0000,0.0000,-171.426,-4.606,-0.914,-99.805,0.0718,-0.0039,0.9902,
38.930,IMU,227.3803,167.5414,197.4608,0.0000,0.0000,-171.426,-4.603,-0.898,-99.787,0.0571,-0.0205,0.9956,
38.946,ENC,227.3803,167.5397,197.4600,0.0000,-0.0852,-171.431,-4.603,-0.898,-99.787,0.0571,-0.0205,0.9956,
38.953,IMU,227.3803,167.5397,197.4600,0.0000,-0.0852,-171.431,-4.556,-0.889,-99.808,0.0645,-0.0010,0.9927,
38.965,ENC,227.3803,167.5414,197.4608,0.0000,0.0852,-171.426,-4.556,-0.889,-99.808,0.0645,-0.0010,0.9927,
38.970,IMU,227.3803,167.5414,197.4608,0.0000,0.0852,-171.426,-4.540,-0.896,-99.784,0.0767,-0.0166,0.9829,
38.986,ENC,227.3803,167.5414,197.4608,0.0000,0.0000,-171.426,-4.540,-0.896,-99.784,0.0767,-0.0166,0.9829,
38.989,IMU,227.3803,167.5414,197.4608,0.0000,0.0000,-171.426,-4.509,-0.938,-99.803,0.0645,-0.0176,0.9946,
39.006,ENC,227.3803,167.5397,197.4600,0.0000,-0.0852,-171.431,-4.509,-0.938,-99.803,0.0645,-0.0176,0.9946,
39.010,IMU,227.3803,167.5397,197.4600,0.0000,-0.0852,-171.431,-4.509,-0.931,-99.803,0.0781,-0.0117,0.9937,
39.025,ENC,227.3803,167.5414,197.4608,0.0000,0.0852,-171.426,-4.509,-0.931,-99.803,0.0781,-0.0117,0.9937,
39.030,IMU,227.3803,167.5414,197.4608,0.0000,0.0852,-171.426,-4.517,-0.909,-99.784,0.0723,-0.0161,0.9976,
39.048,ENC,227.3803,167.5414,197.4608,0.0000,0.0000,-171.426,-4.517,-0.909,-99.784,0.0723,-0.0161,0.9976,
39.051,IMU,227.3803,167.5414,197.4608,0.0000,0.0000,-171.426,-4.508,-0.912,-99.784,0.0874,-0.0166,0.9893,
39.068,ENC,227.3803,167.5414,197.4608,0.0000,0.0000,-171.426,-4.508,-0.912,-99.784,0.0874,-0.0166,0.9893,
39.071,IMU,227.3803,167.5414,197.4608,0.0000,0.0000,-171.426,-4.504,-0.907,-99.745,0.0703,-0.0205,0.9883,
39.086,ENC,227.3803,167.5414,197.4608,0.0000,0.0000,-171.426,-4.504,-0.907,-99.745,0.0703,-0.0205,0.9883,
39.090,IMU,227.3803,167.5414,197.4608,0.0000,0.0000,-171.426,-4.556,-0.998,-99.693,0.0962,-0.0791,0.9800,
39.105,ENC,227.3922,167.5567,197.4745,0.5965,0.7670,-171.416,-4.556,-0.998,-99.693,0.0962,-0.0791,0.9800,
39.110,IMU,227.3922,167.5567,197.4745,0.5965,0.7670,-171.416,-4.531,-1.059,-99.654,0.0244,-0.0454,1.0894,
39.128,ENC,227.4246,167.5857,197.5051,1.6192,1.4488,-171.426,-4.531,-1.059,-99.654,0.0244,-0.0454,1.0894,
39.132,IMU,227.4246,167.5857,197.5051,1.6192,1.4488,-171.426,-4.512,-1.252,-99.714,0.0923,-0.1470,0.9238,
39.145,ENC,227.4996,167.6317,197.5656,3.7497,2.3010,-171.509,-4.512,-1.252,-99.714,0.0923,-0.1470,0.9238,
39.150,IMU,227.4996,167.6317,197.5656,3.7497,2.3010,-171.509,-4.575,-1.289,-99.775,0.0693,-0.0898,1.0728,
39.165,ENC,227.5643,167.6828,197.6236,3.2384,2.5566,-171.548,-4.575,-1.289,-99.775,0.0693,-0.0898,1.0728,
39.174,IMU,227.5643,167.6828,197.6236,3.2384,2.5566,-171.548,-4.601,-1.514,-99.846,0.0952,-0.1729,1.0889,
39.185,ENC,227.6547,167.7408,197.6977,4.5167,2.8975,-171.641,-4.601,-1.514,-99.846,0.0952,-0.1729,1.0889,
39.189,IMU,227.6547,167.7408,197.6977,4.5167,2.8975,-171.641,-4.550,-1.534,-99.959,0.0659,-0.0913,0.9531,
39.205,ENC,227.7450,167.8073,197.7761,4.5167,3.3236,-171.709,-4.550,-1.534,-99.959,0.0659,-0.0913,0.9531,
39.210,IMU,227.7450,167.8073,197.7761,4.5167,3.3236,-171.709,-4.458,-1.582,-100.097,0.0400,-0.0566,1.0894,
39.226,ENC,227.8490,167.8823,197.8656,5.1985,3.7497,-171.792,-4.458,-1.582,-100.097,0.0400,-0.0566,1.0894,
39.230,IMU,227.8490,167.8823,197.8656,5.1985,3.7497,-171.792,-4.408,-1.600,-100.202,-0.0005,-0.0625,0.9595,
39.245,ENC,227.9683,167.9709,197.9696,5.9655,4.4315,-171.880,-4.408,-1.600,-100.202,-0.0005,-0.0625,0.9595,
39.250,IMU,227.9683,167.9709,197.9696,5.9655,4.4315,-171.880,-4.436,-1.700,-100.270,0.0610,-0.0981,1.0410,
39.268,ENC,228.1081,168.0698,198.0889,6.9881,4.9428,-171.997,-4.436,-1.700,-100.270,0.0610,-0.0981,1.0410,
39.272,IMU,228.1081,168.0698,198.0889,6.9881,4.9428,-171.997,-4.478,-1.844,-100.329,0.0845,-0.1099,1.0063,
39.285,ENC,228.2563,168.1839,198.2201,7.4142,5.7098,-172.095,-4.478,-1.844,-100.329,0.0845,-0.1099,1.0063,
39.297,IMU,228.2563,168.1839,198.2201,7.4142,5.7098,-172.095,-4.499,-1.974,-100.492,0.1152,-0.1860,1.0000,
39.311,IMU,228.2563,168.1839,198.2201,7.4142,5.7098,-172.095,-4.589,-2.025,-100.549,0.1289,-0.1050,1.0059,
39.313,ENC,228.4285,168.3067,198.3676,8.6073,6.1359,-172.236,-4.589,-2.025,-100.549,0.1289,-0.1050,1.0059,
39.329,IMU,228.4285,168.3067,198.3676,8.6073,6.1359,-172.236,-4.613,-2.154,-100.689,0.0679,-0.1846,0.9863,
39.333,ENC,228.6109,168.4379,198.5244,9.1187,6.5620,-172.383,-4.613,-2.154,-100.689,0.0679,-0.1846,0.9863,
39.345,ENC,228.7881,168.5777,198.6829,8.8630,6.9881,-172.490,-4.613,-2.154,-100.689,0.0679,-0.1846,0.9863,
39.350,IMU,228.7881,168.5777,198.6829,8.8630,6.9881,-172.490,-4.617,-2.197,-100.770,-0.0215,-0.1206,1.1060,
39.365,ENC,228.9722,168.7277,198.8499,9.2039,7.4995,-172.588,-4.617,-2.197,-100.770,-0.0215,-0.1206,1.1060,
39.370,IMU,228.9722,168.7277,198.8499,9.2039,7.4995,-172.588,-4.681,-2.260,-100.894,0.1475,-0.1128,1.0161,
39.384,ENC,229.1529,168.8657,199.0093,9.0334,6.9029,-172.710,-4.681,-2.260,-100.894,0.1475,-0.1128,1.0161,
39.389,IMU,229.1529,168.8657,199.0093,9.0334,6.9029,-172.710,-4.717,-2.144,-100.974,0.0332,0.0425,1.0884,
39.405,ENC,229.3523,169.0225,199.1874,9.9709,7.8403,-172.832,-4.717,-2.144,-100.974,0.0332,0.0425,1.0884,
39.409,IMU,229.3523,169.0225,199.1874,9.9709,7.8403,-172.832,-4.516,-2.097,-101.047,-0.0469,0.0054,0.8784,
39.425,ENC,229.5534,169.1674,199.3604,10.0561,7.2438,-172.993,-4.516,-2.097,-101.047,-0.0469,0.0054,0.8784,
39.431,IMU,229.5534,169.1674,199.3604,10.0561,7.2438,-172.993,-4.553,-2.198,-101.162,0.0898,-0.0972,0.7817,
39.445,ENC,229.7409,169.3157,199.5283,9.3743,7.4142,-173.105,-4.553,-2.198,-101.162,0.0898,-0.0972,0.7817,
39.450,IMU,229.7409,169.3157,199.5283,9.3743,7.4142,-173.105,-4.494,-2.244,-101.283,-0.0200,-0.0664,0.9824,
39.465,ENC,229.9437,169.4691,199.7064,10.1413,7.6699,-173.247,-4.494,-2.244,-101.283,-0.0200,-0.0664,0.9824,
39.470,IMU,229.9437,169.4691,199.7064,10.1413,7.6699,-173.247,-4.415,-2.110,-101.408,-0.0312,0.0630,1.0923,
39.485,ENC,230.1431,169.6225,199.8828,9.9709,7.6699,-173.379,-4.415,-2.110,-101.408,-0.0312,0.0630,1.0923,
39.490,IMU,230.1431,169.6225,199.8828,9.9709,7.6699,-173.379,-4.346,-2.219,-101.492,-0.0181,-0.1040,0.9810,
39.505,ENC,230.3340,169.7895,200.0618,9.5448,8.3517,-173.447,-4.346,-2.219,-101.492,-0.0181,-0.1040,0.9810,
39.510,IMU,230.3340,169.7895,200.0618,9.5448,8.3517,-173.447,-4.373,-2.274,-101.628,0.1333,-0.1094,0.9712,
39.525,ENC,230.5335,169.9548,200.2441,9.9709,8.2665,-173.545,-4.373,-2.274,-101.628,0.1333,-0.1094,0.9712,
39.531,IMU,230.5335,169.9548,200.2441,9.9709,8.2665,-173.545,-4.427,-2.326,-101.765,0.1147,-0.1265,1.0498,
39.544,ENC,230.7192,170.1151,200.4171,9.2891,8.0108,-173.618,-4.427,-2.326,-101.765,0.1147,-0.1265,1.0498,
39.550,IMU,230.7192,170.1151,200.4171,9.2891,8.0108,-173.618,-4.455,-2.341,-101.817,0.0669,-0.0303,1.1060,
39.565,ENC,230.9187,170.2923,200.6055,9.9709,8.8630,-173.682,-4.455,-2.341,-101.817,0.0669,-0.0303,1.1060,
39.569,IMU,230.9187,170.2923,200.6055,9.9709,8.8630,-173.682,-4.366,-2.310,-101.882,0.0410,-0.0039,1.0679,
39.585,ENC,231.1147,170.4645,200.7896,9.8004,8.6073,-173.750,-4.366,-2.310,-101.882,0.0410,-0.0039,1.0679,
39.593,IMU,231.1147,170.4645,200.7896,9.8004,8.6073,-173.750,-4.283,-2.326,-101.867,-0.0381,-0.0674,1.0332,
39.607,ENC,231.3141,170.6366,200.9753,9.9709,8.6073,-173.828,-4.283,-2.326,-101.867,-0.0381,-0.0674,1.0332,
39.611,IMU,231.3141,170.6366,200.9753,9.9709,8.6073,-173.828,-4.388,-2.341,-101.883,0.1997,-0.0073,0.9600,
39.625,ENC,231.5067,170.8105,201.1586,9.6300,8.6926,-173.882,-4.388,-2.341,-101.883,0.1997,-0.0073,0.9600,
39.632,IMU,231.5067,170.8105,201.1586,9.6300,8.6926,-173.882,-4.350,-2.219,-101.916,0.0171,0.0625,1.0752,
39.649,ENC,231.7095,170.9758,201.3426,10.1413,8.2665,-173.989,-4.350,-2.219,-101.916,0.0171,0.0625,1.0752,
39.652,IMU,231.7095,170.9758,201.3426,10.1413,8.2665,-173.989,-4.535,-2.106,-101.964,0.2202,0.0469,0.9902,
39.665,ENC,231.9106,171.1445,201.5276,10.0561,8.4369,-174.082,-4.535,-2.106,-101.964,0.2202,0.0469,0.9902,
39.671,IMU,231.9106,171.1445,201.5276,10.0561,8.4369,-174.082,-4.591,-2.035,-102.028,0.1484,-0.0132,0.9731,
39.685,ENC,232.1117,171.3150,201.7134,10.0561,8.5221,-174.170,-4.591,-2.035,-102.028,0.1484,-0.0132,0.9731,
39.690,IMU,232.1117,171.3150,201.7134,10.0561,8.5221,-174.170,-4.499,-2.156,-102.098,0.0068,-0.1353,1.0459,
39.705,ENC,232.3146,171.4922,201.9034,10.1413,8.8630,-174.243,-4.499,-2.156,-102.098,0.0068,-0.1353,1.0459,
39.710,IMU,232.3146,171.4922,201.9034,10.1413,8.8630,-174.243,-4.417,-1.962,-102.110,-0.0415,0.1611,1.0884,
39.725,ENC,232.4867,171.6610,202.0738,8.6073,8.4369,-174.253,-4.417,-1.962,-102.110,-0.0415,0.1611,1.0884,
39.729,IMU,232.4867,171.6610,202.0738,8.6073,8.4369,-174.253,-4.560,-1.791,-102.112,0.1797,0.1060,1.0010,
39.750,IMU,232.4867,171.6610,202.0738,8.6073,8.4369,-174.253,-4.560,-1.867,-102.183,0.0571,-0.0679,1.0522,
39.765,ENC,232.8617,172.0053,202.4335,9.3743,8.6073,-174.341,-4.560,-1.867,-102.183,0.0571,-0.0679,1.0522,
39.770,IMU,232.8617,172.0053,202.4335,9.3743,8.6073,-174.341,-4.595,-1.618,-102.219,0.0786,0.1509,0.9438,
39.785,ENC,233.0083,172.1757,202.5920,7.3290,8.5221,-174.272,-4.595,-1.618,-102.219,0.0786,0.1509,0.9438,
39.789,IMU,233.0083,172.1757,202.5920,7.3290,8.5221,-174.272,-4.656,-1.529,-102.203,0.1104,0.0347,0.9839,
39.805,ENC,233.1906,172.3513,202.7710,9.1187,8.7778,-174.292,-4.656,-1.529,-102.203,0.1104,0.0347,0.9839,
39.809,IMU,233.1906,172.3513,202.7710,9.1187,8.7778,-174.292,-4.672,-1.497,-102.292,0.1021,-0.0552,0.8853,
39.825,ENC,233.3543,172.5149,202.9346,8.1812,8.1812,-174.292,-4.672,-1.497,-102.292,0.1021,-0.0552,0.8853,
39.831,IMU,233.3543,172.5149,202.9346,8.1812,8.1812,-174.292,-4.694,-1.422,-102.293,0.1040,0.0386,1.0283,
39.845,ENC,233.5383,172.6802,203.1093,9.2039,8.2665,-174.346,-4.694,-1.422,-102.293,0.1040,0.0386,1.0283,
39.849,IMU,233.5383,172.6802,203.1093,9.2039,8.2665,-174.346,-4.842,-1.356,-102.346,0.1958,-0.0063,1.0615,
39.865,ENC,233.7378,172.8438,203.2908,9.9709,8.1812,-174.448,-4.842,-1.356,-102.346,0.1958,-0.0063,1.0615,
39.869,IMU,233.7378,172.8438,203.2908,9.9709,8.1812,-174.448,-4.792,-1.399,-102.355,0.0488,-0.0635,0.9429,
39.887,ENC,233.9150,172.9955,203.4553,8.8630,7.5847,-174.521,-4.792,-1.399,-102.355,0.0488,-0.0635,0.9429,
39.890,IMU,233.9150,172.9955,203.4553,8.8630,7.5847,-174.521,-4.697,-1.516,-102.369,-0.0254,-0.1147,1.1577,
39.906,ENC,234.1042,173.1558,203.6300,9.4595,8.0108,-174.604,-4.697,-1.516,-102.369,-0.0254,-0.1147,1.1577,
39.911,IMU,234.1042,173.1558,203.6300,9.4595,8.0108,-174.604,-4.671,-1.587,-102.428,0.0479,-0.0796,1.0742,
39.924,ENC,234.3139,173.3126,203.8132,10.4822,7.8403,-174.756,-4.671,-1.587,-102.428,0.0479,-0.0796,1.0742,
39.929,IMU,234.3139,173.3126,203.8132,10.4822,7.8403,-174.756,-4.479,-1.497,-102.496,-0.0571,0.0884,1.0527,
39.945,ENC,234.5286,173.4625,203.9956,10.7379,7.4995,-174.941,-4.479,-1.497,-102.496,-0.0571,0.0884,1.0527,
39.949,IMU,234.5286,173.4625,203.9956,10.7379,7.4995,-174.941,-4.408,-1.584,-102.542,0.0625,-0.0962,1.0010,
39.965,ENC,234.7366,173.6381,204.1873,10.3970,8.7778,-175.034,-4.408,-1.584,-102.542,0.0625,-0.0962,1.0010,
39.970,IMU,234.7366,173.6381,204.1873,10.3970,8.7778,-175.034,-4.349,-1.566,-102.627,0.0630,0.0234,1.0278,
39.986,ENC,234.9530,173.7779,204.3654,10.8231,6.9881,-175.254,-4.349,-1.566,-102.627,0.0630,0.0234,1.0278,
39.991,IMU,234.9530,173.7779,204.3654,10.8231,6.9881,-175.254,-4.204,-1.459,-102.712,-0.0449,0.0522,0.9517,
40.005,ENC,235.1593,173.9398,204.5495,10.3118,8.0960,-175.381,-4.204,-1.459,-102.712,-0.0449,0.0522,0.9517,
40.010,IMU,235.1593,173.9398,204.5495,10.3118,8.0960,-175.381,-4.191,-1.353,-102.750,0.1099,0.0820,0.9219,
40.025,ENC,235.3842,174.0813,204.7327,11.2492,7.0734,-175.620,-4.191,-1.353,-102.750,0.1099,0.0820,0.9219,
40.033,IMU,235.3842,174.0813,204.7327,11.2492,7.0734,-175.620,-4.276,-1.366,-102.796,0.1689,-0.0586,0.8398,
40.045,ENC,235.5956,174.2176,204.9066,10.5674,6.8177,-175.835,-4.276,-1.366,-102.796,0.1689,-0.0586,0.8398,
40.050,IMU,235.5956,174.2176,204.9066,10.5674,6.8177,-175.835,-4.347,-1.483,-102.866,0.1655,-0.1021,0.9165,
40.065,ENC,235.8035,174.3642,205.0839,10.3970,7.3290,-176.011,-4.347,-1.483,-102.866,0.1655,-0.1021,0.9165,
40.070,IMU,235.8035,174.3642,205.0839,10.3970,7.3290,-176.011,-4.415,-1.567,-102.988,0.1421,-0.0635,0.9458,
40.085,ENC,236.0149,174.5125,205.2637,10.5674,7.4142,-176.191,-4.415,-1.567,-102.988,0.1421,-0.0635,0.9458,
40.095,IMU,236.0149,174.5125,205.2637,10.5674,7.4142,-176.191,-4.349,-1.690,-103.016,0.0469,-0.0908,0.8501,
40.105,ENC,236.2143,174.6625,205.4384,9.9709,7.4995,-176.333,-4.349,-1.690,-103.016,0.0469,-0.0908,0.8501,
40.110,IMU,236.2143,174.6625,205.4384,9.9709,7.4995,-176.333,-4.351,-1.616,-103.113,0.1055,0.0518,0.8091,
40.125,ENC,236.4086,174.8193,205.6139,9.7152,7.8403,-176.440,-4.351,-1.616,-103.113,0.1055,0.0518,0.8091,
40.138,IMU,236.4086,174.8193,205.6139,9.7152,7.8403,-176.440,-4.261,-1.665,-103.203,0.0283,-0.0283,1.0103,
40.146,ENC,236.6029,174.9710,205.7869,9.7152,7.5847,-176.563,-4.261,-1.665,-103.203,0.0283,-0.0283,1.0103,
40.149,IMU,236.6029,174.9710,205.7869,9.7152,7.5847,-176.563,-4.097,-1.643,-103.335,-0.0674,-0.0244,1.0664,
40.175,ENC,236.7853,175.1090,205.9471,9.1187,6.9029,-176.689,-4.097,-1.643,-103.335,-0.0674,-0.0244,1.0664,
40.185,ENC,236.9898,175.2573,206.1236,10.2265,7.4142,-176.851,-4.097,-1.643,-103.335,-0.0674,-0.0244,1.0664,
40.192,IMU,236.9898,175.2573,206.1236,10.2265,7.4142,-176.851,-4.224,-1.639,-103.483,0.2305,-0.0171,0.9824,
40.205,ENC,237.1892,175.4073,206.2983,9.9709,7.4995,-176.992,-4.224,-1.639,-103.483,0.2305,-0.0171,0.9824,
40.210,IMU,237.1892,175.4073,206.2983,9.9709,7.4995,-176.992,-4.181,-1.625,-103.498,0.0454,-0.0322,1.0142,
40.224,ENC,237.3784,175.5590,206.4687,9.4595,7.5847,-177.100,-4.181,-1.625,-103.498,0.0454,-0.0322,1.0142,
40.229,IMU,237.3784,175.5590,206.4687,9.4595,7.5847,-177.100,-4.093,-1.593,-103.506,-0.0830,0.0557,1.1455,
40.246,ENC,237.5693,175.7107,206.6400,9.5448,7.5847,-177.212,-4.093,-1.593,-103.506,-0.0830,0.0557,1.1455,
40.254,IMU,237.5693,175.7107,206.6400,9.5448,7.5847,-177.212,-4.173,-1.492,-103.551,0.1216,0.0786,1.0908,
40.265,ENC,237.7619,175.8675,206.8147,9.6300,7.8403,-177.314,-4.173,-1.492,-103.551,0.1216,0.0786,1.0908,
40.269,IMU,237.7619,175.8675,206.8147,9.6300,7.8403,-177.314,-4.100,-1.559,-103.659,0.0508,-0.0933,0.8789,
40.285,ENC,237.9545,176.0073,206.9809,9.6300,6.9881,-177.466,-4.100,-1.559,-103.659,0.0508,-0.0933,0.8789,
40.289,IMU,237.9545,176.0073,206.9809,9.6300,6.9881,-177.466,-4.212,-1.373,-103.695,0.1025,0.0957,0.9302,
40.305,ENC,238.1471,176.1624,207.1547,9.6300,7.7551,-177.573,-4.212,-1.373,-103.695,0.1025,0.0957,0.9302,
40.310,IMU,238.1471,176.1624,207.1547,9.6300,7.7551,-177.573,-4.327,-1.184,-103.727,0.1357,0.1206,0.9004,
40.324,ENC,238.3397,176.3055,207.3226,9.6300,7.1586,-177.715,-4.327,-1.184,-103.727,0.1357,0.1206,0.9004,
40.332,IMU,238.3397,176.3055,207.3226,9.6300,7.1586,-177.715,-4.365,-1.182,-103.800,0.0957,-0.0322,0.9453,
40.345,ENC,238.5323,176.4538,207.4931,9.6300,7.4142,-177.842,-4.365,-1.182,-103.800,0.0957,-0.0322,0.9453,
40.350,IMU,238.5323,176.4538,207.4931,9.6300,7.4142,-177.842,-4.265,-1.151,-103.865,0.0371,0.0356,0.9482,
40.365,ENC,238.7266,176.5936,207.6601,9.7152,6.9881,-177.998,-4.265,-1.151,-103.865,0.0371,0.0356,0.9482,
40.369,IMU,238.7266,176.5936,207.6601,9.7152,6.9881,-177.998,-4.212,-1.209,-103.946,0.0361,-0.0918,1.0317,
40.385,ENC,238.9363,176.7316,207.8339,10.4822,6.9029,-178.203,-4.212,-1.209,-103.946,0.0361,-0.0918,1.0317,
40.389,IMU,238.9363,176.7316,207.8339,10.4822,6.9029,-178.203,-4.361,-1.133,-103.975,0.1978,0.0410,0.7427,
40.405,ENC,239.1357,176.8663,208.0010,9.9709,6.7325,-178.389,-4.361,-1.133,-103.975,0.1978,0.0410,0.7427,
40.410,IMU,239.1357,176.8663,208.0010,9.9709,6.7325,-178.389,-4.159,-1.106,-104.019,-0.1611,0.0259,1.1226,
40.425,ENC,239.3266,177.0043,208.1655,9.5448,6.9029,-178.540,-4.159,-1.106,-104.019,-0.1611,0.0259,1.1226,
40.430,IMU,239.3266,177.0043,208.1655,9.5448,6.9029,-178.540,-4.125,-1.167,-104.085,0.0869,-0.0747,0.8896,
40.444,ENC,239.4987,177.1441,208.3214,8.6073,6.9881,-178.633,-4.125,-1.167,-104.085,0.0869,-0.0747,0.8896,
40.451,IMU,239.4987,177.1441,208.3214,8.6073,6.9881,-178.633,-4.213,-1.178,-104.142,0.1523,0.0244,1.0005,
40.465,ENC,239.6760,177.3060,208.4910,8.8630,8.0960,-178.677,-4.213,-1.178,-104.142,0.1523,0.0244,1.0005,
40.469,IMU,239.6760,177.3060,208.4910,8.8630,8.0960,-178.677,-4.273,-1.074,-104.168,0.1523,0.0742,0.9297,
40.485,ENC,239.8515,177.4560,208.6538,8.7778,7.4995,-178.750,-4.273,-1.074,-104.168,0.1523,0.0742,0.9297,
40.489,IMU,239.8515,177.4560,208.6538,8.7778,7.4995,-178.750,-4.324,-1.078,-104.198,0.1353,0.0054,0.9663,
40.505,ENC,239.9998,177.6043,208.8021,7.4142,7.4142,-178.750,-4.324,-1.078,-104.198,0.1353,0.0054,0.9663,
40.509,IMU,239.9998,177.6043,208.8021,7.4142,7.4142,-178.750,-4.398,-0.868,-104.211,0.1138,0.2114,1.0347,
40.526,ENC,240.1617,177.7389,208.9503,8.0960,6.7325,-178.828,-4.398,-0.868,-104.211,0.1138,0.2114,1.0347,
40.530,IMU,240.1617,177.7389,208.9503,8.0960,6.7325,-178.828,-4.359,-0.932,-104.311,0.0649,-0.0566,0.8706,
40.545,ENC,240.3322,177.8872,209.1097,8.5221,7.4142,-178.892,-4.359,-0.932,-104.311,0.0649,-0.0566,0.8706,
40.549,IMU,240.3322,177.8872,209.1097,8.5221,7.4142,-178.892,-4.158,-0.858,-104.371,-0.0552,0.0557,0.9277,
40.565,ENC,240.4975,178.0355,209.2665,8.2665,7.4142,-178.940,-4.158,-0.858,-104.371,-0.0552,0.0557,0.9277,
40.569,IMU,240.4975,178.0355,209.2665,8.2665,7.4142,-178.940,-3.996,-0.894,-104.448,-0.0850,0.0278,1.1055,
40.585,ENC,240.6714,178.1719,209.4216,8.6926,6.8177,-179.048,-3.996,-0.894,-104.448,-0.0850,0.0278,1.1055,
40.589,IMU,240.6714,178.1719,209.4216,8.6926,6.8177,-179.048,-4.011,-0.932,-104.514,0.0332,-0.0537,1.0415,
40.605,ENC,240.8520,178.2980,209.5750,9.0334,6.3064,-179.204,-4.011,-0.932,-104.514,0.0332,-0.0537,1.0415,
40.610,IMU,240.8520,178.2980,209.5750,9.0334,6.3064,-179.204,-4.056,-0.902,-104.679,0.1260,0.0366,0.9136,
40.625,ENC,241.0276,178.4173,209.7224,8.7778,5.9655,-179.365,-4.056,-0.902,-104.679,0.1260,0.0366,0.9136,
40.630,IMU,241.0276,178.4173,209.7224,8.7778,5.9655,-179.365,-4.036,-0.897,-104.806,0.0942,-0.0332,0.9590,
40.645,ENC,241.1980,178.5332,209.8656,8.5221,5.7950,-179.521,-4.036,-0.897,-104.806,0.0942,-0.0332,0.9590,
40.650,IMU,241.1980,178.5332,209.8656,8.5221,5.7950,-179.521,-4.020,-0.976,-104.886,0.0171,-0.0312,1.0757,
40.665,ENC,241.3736,178.6423,210.0079,8.7778,5.4542,-179.712,-4.020,-0.976,-104.886,0.0171,-0.0312,1.0757,
40.669,IMU,241.3736,178.6423,210.0079,8.7778,5.4542,-179.712,-4.075,-0.861,-104.992,0.1016,0.0825,1.0566,
40.685,ENC,241.5525,178.7531,210.1528,8.9482,5.5394,-179.907,-4.075,-0.861,-104.992,0.1016,0.0825,1.0566,
40.689,IMU,241.5525,178.7531,210.1528,8.9482,5.5394,-179.907,-4.059,-0.837,-105.092,0.0825,0.0469,1.1089,
40.710,IMU,241.5525,178.7531,210.1528,8.9482,5.5394,-179.907,-3.896,-0.881,-105.226,-0.0889,0.0112,0.9492,
40.725,ENC,241.9037,178.9781,210.4409,8.7778,5.6246,-180.269,-3.896,-0.881,-105.226,-0.0889,0.0112,0.9492,
40.729,IMU,241.9037,178.9781,210.4409,8.7778,5.6246,-180.269,-3.819,-0.955,-105.297,0.0103,-0.0684,0.9512,
40.745,ENC,242.0707,179.0906,210.5806,8.3517,5.6246,-180.425,-3.819,-0.955,-105.297,0.0103,-0.0684,0.9512,
40.749,IMU,242.0707,179.0906,210.5806,8.3517,5.6246,-180.425,-3.954,-0.958,-105.352,0.1812,-0.0229,0.9434,
40.765,ENC,242.2599,179.2013,210.7306,9.4595,5.5394,-180.649,-3.954,-0.958,-105.352,0.1812,-0.0229,0.9434,
40.770,IMU,242.2599,179.2013,210.7306,9.4595,5.5394,-180.649,-3.835,-1.056,-105.415,-0.0889,-0.0469,1.1592,
40.786,ENC,242.4457,179.3036,210.8746,9.2891,5.1133,-180.889,-3.835,-1.056,-105.415,-0.0889,-0.0469,1.1592,
40.790,IMU,242.4457,179.3036,210.8746,9.2891,5.1133,-180.889,-3.900,-0.959,-105.531,0.1162,0.0747,0.9971,
40.805,ENC,242.6229,179.3854,211.0042,8.8630,4.0906,-181.162,-3.900,-0.959,-105.531,0.1162,0.0747,0.9971,
40.811,IMU,242.6229,179.3854,211.0042,8.8630,4.0906,-181.162,-3.753,-1.047,-105.663,-0.0879,-0.0630,1.1572,
40.825,ENC,242.8019,179.4485,211.1252,8.9482,3.1532,-181.494,-3.753,-1.047,-105.663,-0.0879,-0.0630,1.1572,
40.830,IMU,242.8019,179.4485,211.1252,8.9482,3.1532,-181.494,-3.708,-1.110,-105.823,0.0449,-0.0464,0.9414,
40.844,ENC,242.9723,179.5030,211.2377,8.5221,2.7271,-181.826,-3.708,-1.110,-105.823,0.0449,-0.0464,0.9414,
40.855,IMU,242.9723,179.5030,211.2377,8.5221,2.7271,-181.826,-3.847,-1.147,-105.987,0.1733,0.0093,1.0835,
40.865,ENC,243.1428,179.5559,211.3493,8.5221,2.6419,-182.163,-3.847,-1.147,-105.987,0.1733,0.0093,1.0835,
40.870,IMU,243.1428,179.5559,211.3493,8.5221,2.6419,-182.163,-3.910,-1.293,-106.122,0.1016,-0.1396,1.0947,
40.885,ENC,243.3098,179.6053,211.4575,8.3517,2.4714,-182.500,-3.910,-1.293,-106.122,0.1016,-0.1396,1.0947,
40.889,IMU,243.3098,179.6053,211.4575,8.3517,2.4714,-182.500,-3.662,-1.341,-106.281,-0.0562,-0.0488,0.7583,
40.905,ENC,243.4717,179.6513,211.5615,8.0960,2.3010,-182.832,-3.662,-1.341,-106.281,-0.0562,-0.0488,0.7583,
40.912,IMU,243.4717,179.6513,211.5615,8.0960,2.3010,-182.832,-3.915,-1.321,-106.416,0.2583,0.0151,0.7993,
40.925,ENC,243.6354,179.6956,211.6655,8.1812,2.2158,-183.174,-3.915,-1.321,-106.416,0.2583,0.0151,0.7993,
40.931,IMU,243.6354,179.6956,211.6655,8.1812,2.2158,-183.174,-4.025,-1.471,-106.516,0.0879,-0.1265,1.1108,
40.945,ENC,243.7922,179.7382,211.7652,7.8403,2.1305,-183.501,-4.025,-1.471,-106.516,0.0879,-0.1265,1.1108,
40.968,ENC,243.9575,179.7740,211.8658,8.2665,1.7896,-183.872,-4.025,-1.471,-106.516,0.0879,-0.1265,1.1108,
40.971,IMU,243.9575,179.7740,211.8658,8.2665,1.7896,-183.872,-4.263,-1.467,-106.865,0.2490,0.0234,1.0039,
40.985,ENC,244.1245,179.8183,211.9714,8.3517,2.2158,-184.224,-4.263,-1.467,-106.865,0.2490,0.0234,1.0039,
40.990,IMU,244.1245,179.8183,211.9714,8.3517,2.2158,-184.224,-4.264,-1.491,-107.022,0.0483,-0.0435,1.0757,
41.005,ENC,244.2933,179.8558,212.0745,8.4369,1.8749,-184.600,-4.264,-1.491,-107.022,0.0483,-0.0435,1.0757,
41.010,IMU,244.2933,179.8558,212.0745,8.4369,1.8749,-184.600,-4.236,-1.288,-107.217,0.0786,0.1416,0.9478,
41.025,ENC,244.4620,179.8848,212.1734,8.4369,1.4488,-185.000,-4.236,-1.288,-107.217,0.0786,0.1416,0.9478,
41.029,IMU,244.4620,179.8848,212.1734,8.4369,1.4488,-185.000,-4.149,-1.326,-107.364,0.0166,-0.0566,1.0571,
41.046,ENC,244.6273,179.9053,212.2663,8.2665,1.0227,-185.415,-4.149,-1.326,-107.364,0.0166,-0.0566,1.0571,
41.049,IMU,244.6273,179.9053,212.2663,8.2665,1.0227,-185.415,-3.998,-1.253,-107.522,0.0327,0.0825,0.9399,
41.065,ENC,244.7944,179.9087,212.3515,8.3517,0.1704,-185.884,-3.998,-1.253,-107.522,0.0327,0.0825,0.9399,
41.069,IMU,244.7944,179.9087,212.3515,8.3517,0.1704,-185.884,-4.111,-1.221,-107.658,0.1133,0.0142,1.0806,
41.085,ENC,244.9665,179.9445,212.4555,8.6073,1.7896,-186.274,-4.111,-1.221,-107.658,0.1133,0.0142,1.0806,
41.089,IMU,244.9665,179.9445,212.4555,8.6073,1.7896,-186.274,-4.034,-1.131,-107.872,0.0454,0.0269,0.9341,
41.104,ENC,245.1284,179.9564,212.5424,8.0960,0.5965,-186.704,-4.034,-1.131,-107.872,0.0454,0.0269,0.9341,
41.109,IMU,245.1284,179.9564,212.5424,8.0960,0.5965,-186.704,-4.011,-1.153,-107.987,0.0420,0.0020,1.0649,
41.125,ENC,245.2955,179.9905,212.6430,8.3517,1.7044,-187.085,-4.011,-1.153,-107.987,0.0420,0.0020,1.0649,
41.129,IMU,245.2955,179.9905,212.6430,8.3517,1.7044,-187.085,-4.056,-0.996,-108.130,0.1577,0.0757,0.9888,
41.145,ENC,245.4591,180.0007,212.7299,8.1812,0.5113,-187.524,-4.056,-0.996,-108.130,0.1577,0.0757,0.9888,
41.150,IMU,245.4591,180.0007,212.7299,8.1812,0.5113,-187.524,-4.094,-1.066,-108.296,0.0718,-0.0459,1.1260,
41.166,ENC,245.6261,180.0058,212.8160,8.3517,0.2557,-187.988,-4.094,-1.066,-108.296,0.0718,-0.0459,1.1260,
41.170,IMU,245.6261,180.0058,212.8160,8.3517,0.2557,-187.988,-4.198,-1.099,-108.479,0.1094,-0.0498,1.0327,
41.185,ENC,245.8000,180.0109,212.9055,8.6926,0.2557,-188.472,-4.198,-1.099,-108.479,0.1094,-0.0498,1.0327,
41.190,IMU,245.8000,180.0109,212.9055,8.6926,0.2557,-188.472,-4.094,-1.148,-108.644,0.0332,-0.0273,0.9766,
41.210,IMU,245.8000,180.0109,212.9055,8.6926,0.2557,-188.472,-4.104,-1.100,-108.815,0.0747,0.0088,1.0635,
41.227,ENC,246.1391,180.0501,213.0946,8.4795,0.9800,-189.331,-4.104,-1.100,-108.815,0.0747,0.0088,1.0635,
41.231,IMU,246.1391,180.0501,213.0946,8.4795,0.9800,-189.331,-4.116,-1.206,-108.967,0.0728,-0.1099,1.0928,
41.245,ENC,246.3045,180.0536,213.1790,8.2665,0.1704,-189.795,-4.116,-1.206,-108.967,0.0728,-0.1099,1.0928,
41.251,IMU,246.3045,180.0536,213.1790,8.2665,0.1704,-189.795,-4.145,-1.145,-109.127,0.1406,0.0137,0.8291,
41.265,ENC,246.4545,180.0757,213.2651,7.4995,1.1079,-190.161,-4.145,-1.145,-109.127,0.1406,0.0137,0.8291,
41.271,IMU,246.4545,180.0757,213.2651,7.4995,1.1079,-190.161,-4.063,-1.211,-109.255,-0.0049,-0.0757,1.0117,
41.285,ENC,246.5993,180.0945,213.3469,7.2438,0.9374,-190.522,-4.063,-1.211,-109.255,-0.0049,-0.0757,1.0117,
41.291,IMU,246.5993,180.0945,213.3469,7.2438,0.9374,-190.522,-4.082,-1.159,-109.364,0.0498,0.0396,0.9365,
41.305,ENC,246.7340,180.0979,213.4159,6.7325,0.1704,-190.898,-4.082,-1.159,-109.364,0.0498,0.0396,0.9365,
41.309,IMU,246.7340,180.0979,213.4159,6.7325,0.1704,-190.898,-4.026,-1.054,-109.433,0.0186,0.0591,0.9341,
41.329,IMU,246.7340,180.0979,213.4159,6.7325,0.1704,-190.898,-4.044,-0.920,-109.426,0.0522,0.1074,0.9644,
41.345,ENC,246.9453,180.0996,213.5225,5.2837,0.0426,-191.499,-4.044,-0.920,-109.426,0.0522,0.1074,0.9644,
41.349,IMU,246.9453,180.0996,213.5225,5.2837,0.0426,-191.499,-3.989,-0.941,-109.471,0.0586,-0.0039,1.0308,
41.365,ENC,247.0340,180.0996,213.5668,4.4315,0.0000,-191.753,-3.989,-0.941,-109.471,0.0586,-0.0039,1.0308,
41.373,IMU,247.0340,180.0996,213.5668,4.4315,0.0000,-191.753,-4.016,-0.889,-109.463,0.0664,0.0317,1.0503,
41.385,ENC,247.1158,180.0945,213.6051,4.0906,-0.2557,-192.002,-4.016,-0.889,-109.463,0.0664,0.0317,1.0503,
41.389,IMU,247.1158,180.0945,213.6051,4.0906,-0.2557,-192.002,-3.982,-0.826,-109.505,0.0483,0.0381,1.0269,
41.405,ENC,247.2027,180.0757,213.6392,4.3463,-0.9374,-192.305,-3.982,-0.826,-109.505,0.0483,0.0381,1.0269,
41.409,IMU,247.2027,180.0757,213.6392,4.3463,-0.9374,-192.305,-4.041,-0.762,-109.562,0.0854,0.0420,1.0151,
41.425,ENC,247.2913,180.0382,213.6648,4.4315,-1.8749,-192.666,-4.041,-0.762,-109.562,0.0854,0.0420,1.0151,
41.430,IMU,247.2913,180.0382,213.6648,4.4315,-1.8749,-192.666,-4.055,-0.676,-109.725,0.0898,0.0723,1.0083,
41.444,ENC,247.3714,179.9717,213.6716,4.0054,-3.3236,-193.086,-4.055,-0.676,-109.725,0.0898,0.0723,1.0083,
41.450,IMU,247.3714,179.9717,213.6716,4.0054,-3.3236,-193.086,-4.072,-0.639,-109.912,0.0747,0.0610,0.9893,
41.465,ENC,247.4498,179.8729,213.6614,3.9202,-4.9428,-193.594,-4.072,-0.639,-109.912,0.0747,0.0610,0.9893,
41.478,IMU,247.4498,179.8729,213.6614,3.9202,-4.9428,-193.594,-4.221,-0.509,-110.051,0.1958,0.0869,0.9727,
41.485,ENC,247.5197,179.7604,213.6401,3.4941,-5.6246,-194.116,-4.221,-0.509,-110.051,0.1958,0.0869,0.9727,
41.490,IMU,247.5197,179.7604,213.6401,3.4941,-5.6246,-194.116,-4.118,-0.448,-110.211,0.0195,0.0654,1.0103,
41.505,ENC,247.5811,179.6547,213.6179,3.0680,-5.2837,-194.595,-4.118,-0.448,-110.211,0.0195,0.0654,1.0103,
41.510,IMU,247.5811,179.6547,213.6179,3.0680,-5.2837,-194.595,-4.162,-0.518,-110.410,0.1157,-0.0020,0.9800,
41.525,ENC,247.6356,179.5388,213.5872,2.7271,-5.7950,-195.083,-4.162,-0.518,-110.410,0.1157,-0.0020,0.9800,
41.529,IMU,247.6356,179.5388,213.5872,2.7271,-5.7950,-195.083,-4.146,-0.547,-110.572,0.0415,0.0132,0.9780,
41.545,ENC,247.6851,179.4297,213.5574,2.4714,-5.4542,-195.537,-4.146,-0.547,-110.572,0.0415,0.0132,0.9780,
41.552,IMU,247.6851,179.4297,213.5574,2.4714,-5.4542,-195.537,-4.080,-0.483,-110.684,0.0337,0.0234,0.9824,
41.565,ENC,247.7362,179.3121,213.5242,2.5566,-5.8803,-196.021,-4.080,-0.483,-110.684,0.0337,0.0234,0.9824,
41.570,IMU,247.7362,179.3121,213.5242,2.5566,-5.8803,-196.021,-4.162,-0.494,-110.858,0.1509,0.0068,0.9263,
41.585,ENC,247.7873,179.1877,213.4875,2.5566,-6.2211,-196.523,-4.162,-0.494,-110.858,0.1509,0.0068,0.9263,
41.589,IMU,247.7873,179.1877,213.4875,2.5566,-6.2211,-196.523,-4.151,-0.446,-111.046,0.0781,0.0332,1.0771,
41.604,ENC,247.8368,179.0701,213.4534,2.4714,-5.8803,-197.002,-4.151,-0.446,-111.046,0.0781,0.0332,1.0771,
41.610,IMU,247.8368,179.0701,213.4534,2.4714,-5.8803,-197.002,-4.205,-0.467,-111.227,0.0977,0.0059,0.9141,
41.628,ENC,247.8862,178.9474,213.4168,2.4714,-6.1359,-197.495,-4.205,-0.467,-111.227,0.0977,0.0059,0.9141,
41.631,IMU,247.8862,178.9474,213.4168,2.4714,-6.1359,-197.495,-4.251,-0.417,-111.382,0.0723,0.0493,1.0239,
41.645,ENC,247.9339,178.8247,213.3793,2.3862,-6.1359,-197.983,-4.251,-0.417,-111.382,0.0723,0.0493,1.0239,
41.649,IMU,247.9339,178.8247,213.3793,2.3862,-6.1359,-197.983,-4.233,-0.509,-111.608,0.0493,-0.0771,1.0103,
41.665,ENC,247.9782,178.7122,213.3452,2.2158,-5.6246,-198.433,-4.233,-0.509,-111.608,0.0493,-0.0771,1.0103,
41.671,IMU,247.9782,178.7122,213.3452,2.2158,-5.6246,-198.433,-4.229,-0.492,-111.780,0.0103,0.0220,1.0630,
41.685,ENC,248.0225,178.5877,213.3051,2.2158,-6.2211,-198.916,-4.229,-0.492,-111.780,0.0103,0.0220,1.0630,
41.691,IMU,248.0225,178.5877,213.3051,2.2158,-6.2211,-198.916,-4.263,-0.507,-111.888,0.1060,0.0161,0.8862,
41.705,ENC,248.0669,178.4804,213.2736,2.2158,-5.3689,-199.351,-4.263,-0.507,-111.888,0.1060,0.0161,0.8862,
41.710,IMU,248.0669,178.4804,213.2736,2.2158,-5.3689,-199.351,-4.271,-0.512,-112.118,0.0679,-0.0078,1.0342,
41.725,ENC,248.1078,178.3542,213.2310,2.0453,-6.3064,-199.829,-4.271,-0.512,-112.118,0.0679,-0.0078,1.0342,
41.731,IMU,248.1078,178.3542,213.2310,2.0453,-6.3064,-199.829,-4.228,-0.547,-112.305,0.0845,-0.0103,0.9849,
41.745,ENC,248.1521,178.2332,213.1926,2.2158,-6.0507,-200.303,-4.228,-0.547,-112.305,0.0845,-0.0103,0.9849,
41.750,IMU,248.1521,178.2332,213.1926,2.2158,-6.0507,-200.303,-4.197,-0.594,-112.503,0.0283,-0.0356,1.0781,
41.764,ENC,248.1930,178.1139,213.1534,2.0453,-5.9655,-200.762,-4.197,-0.594,-112.503,0.0283,-0.0356,1.0781,
41.769,IMU,248.1930,178.1139,213.1534,2.0453,-5.9655,-200.762,-4.140,-0.586,-112.668,0.0371,-0.0107,0.9448,
41.790,IMU,248.1930,178.1139,213.1534,2.0453,-5.9655,-200.762,-4.156,-0.567,-112.868,0.0693,0.0371,0.9590,
41.805,ENC,248.2748,177.8548,213.0648,2.0453,-6.4768,-201.738,-4.156,-0.567,-112.868,0.0693,0.0371,0.9590,
41.810,IMU,248.2748,177.8548,213.0648,2.0453,-6.4768,-201.738,-4.119,-0.504,-113.085,0.0303,-0.0063,1.0410,
41.825,ENC,248.3157,177.7355,213.0256,2.0453,-5.9655,-202.197,-4.119,-0.504,-113.085,0.0303,-0.0063,1.0410,
41.829,IMU,248.3157,177.7355,213.0256,2.0453,-5.9655,-202.197,-4.026,-0.568,-113.315,0.0293,-0.0244,0.9648,
41.845,ENC,248.3566,177.6247,212.9907,2.0453,-5.5394,-202.632,-4.026,-0.568,-113.315,0.0293,-0.0244,0.9648,
41.865,ENC,248.3941,177.5037,212.9489,1.8749,-6.0507,-203.086,-4.026,-0.568,-113.315,0.0293,-0.0244,0.9648,
41.870,IMU,248.3941,177.5037,212.9489,1.8749,-6.0507,-203.086,-4.061,-0.525,-113.645,0.1040,0.0850,1.0034,
41.888,ENC,248.4350,177.3878,212.9114,2.0453,-5.7950,-203.535,-4.061,-0.525,-113.645,0.1040,0.0850,1.0034,
41.905,ENC,248.4759,177.2651,212.8705,2.0453,-6.1359,-204.004,-4.061,-0.525,-113.645,0.1040,0.0850,1.0034,
41.909,IMU,248.4759,177.2651,212.8705,2.0453,-6.1359,-204.004,-4.019,-0.604,-114.026,0.0645,-0.0669,0.9102,
41.925,ENC,248.5134,177.1492,212.8313,1.8749,-5.7950,-204.443,-4.019,-0.604,-114.026,0.0645,-0.0669,0.9102,
41.930,IMU,248.5134,177.1492,212.8313,1.8749,-5.7950,-204.443,-4.002,-0.613,-114.189,0.0439,-0.0298,1.0381,
41.945,ENC,248.5509,177.0350,212.7930,1.8749,-5.7098,-204.878,-4.002,-0.613,-114.189,0.0439,-0.0298,1.0381,
41.949,IMU,248.5509,177.0350,212.7930,1.8749,-5.7098,-204.878,-3.986,-0.570,-114.390,0.1377,0.0000,0.9492,
41.965,ENC,248.5901,176.9157,212.7529,1.9601,-5.9655,-205.332,-3.986,-0.570,-114.390,0.1377,0.0000,0.9492,
41.972,IMU,248.5901,176.9157,212.7529,1.9601,-5.9655,-205.332,-4.004,-0.563,-114.560,0.0820,0.0029,0.9585,
41.984,ENC,248.6310,176.8117,212.7214,2.0453,-5.1985,-205.747,-4.004,-0.563,-114.560,0.0820,0.0029,0.9585,
41.991,IMU,248.6310,176.8117,212.7214,2.0453,-5.1985,-205.747,-3.921,-0.562,-114.691,-0.0225,-0.0239,1.0479,
42.006,ENC,248.6702,176.7027,212.6864,1.9601,-5.4542,-206.172,-3.921,-0.562,-114.691,-0.0225,-0.0239,1.0479,
42.009,IMU,248.6702,176.7027,212.6864,1.9601,-5.4542,-206.172,-3.908,-0.561,-114.875,0.0405,-0.0146,1.0430,
42.026,ENC,248.7094,176.5868,212.6481,1.9601,-5.7950,-206.616,-3.908,-0.561,-114.875,0.0405,-0.0146,1.0430,
42.030,IMU,248.7094,176.5868,212.6481,1.9601,-5.7950,-206.616,-3.984,-0.569,-115.055,0.0757,-0.0396,0.9849,
42.044,ENC,248.7503,176.4794,212.6149,2.0453,-5.3689,-207.041,-3.984,-0.569,-115.055,0.0757,-0.0396,0.9849,
42.049,IMU,248.7503,176.4794,212.6149,2.0453,-5.3689,-207.041,-3.987,-0.522,-115.206,0.0913,0.0303,0.9351,
42.065,ENC,248.7912,176.3635,212.5774,2.0453,-5.7950,-207.490,-3.987,-0.522,-115.206,0.0913,0.0303,0.9351,
42.069,IMU,248.7912,176.3635,212.5774,2.0453,-5.7950,-207.490,-3.985,-0.482,-115.357,0.0439,0.0293,1.0249,
42.085,ENC,248.8355,176.2459,212.5407,2.2158,-5.8803,-207.954,-3.985,-0.482,-115.357,0.0439,0.0293,1.0249,
42.090,IMU,248.8355,176.2459,212.5407,2.2158,-5.8803,-207.954,-3.968,-0.551,-115.564,0.0327,-0.0361,1.0708,
42.105,ENC,248.8799,176.1317,212.5058,2.2158,-5.7098,-208.408,-3.968,-0.551,-115.564,0.0327,-0.0361,1.0708,
42.111,IMU,248.8799,176.1317,212.5058,2.2158,-5.7098,-208.408,-4.021,-0.633,-115.770,0.1006,-0.0757,0.9829,
42.125,ENC,248.9242,176.0107,212.4674,2.2158,-6.0507,-208.882,-4.021,-0.633,-115.770,0.1006,-0.0757,0.9829,
42.129,IMU,248.9242,176.0107,212.4674,2.2158,-6.0507,-208.882,-4.029,-0.628,-115.958,0.0820,-0.0059,0.9951,
42.165,ENC,249.0077,175.7737,212.3907,2.0879,-5.9229,-209.800,-4.029,-0.628,-115.958,0.0820,-0.0059,0.9951,
42.169,IMU,249.0077,175.7737,212.3907,2.0879,-5.9229,-209.800,-3.942,-0.611,-116.353,0.0444,0.0078,0.9810,
42.185,ENC,249.0503,175.6493,212.3498,2.1305,-6.2211,-210.278,-3.942,-0.611,-116.353,0.0444,0.0078,0.9810,
42.190,IMU,249.0503,175.6493,212.3498,2.1305,-6.2211,-210.278,-3.901,-0.664,-116.478,0.0264,-0.0972,1.0327,
42.205,ENC,249.0912,175.5266,212.3089,2.0453,-6.1359,-210.747,-3.901,-0.664,-116.478,0.0264,-0.0972,1.0327,
42.209,IMU,249.0912,175.5266,212.3089,2.0453,-6.1359,-210.747,-3.974,-0.638,-116.688,0.1201,0.0088,0.9873,
42.226,ENC,249.1287,175.3988,212.2637,1.8749,-6.3916,-211.221,-3.974,-0.638,-116.688,0.1201,0.0088,0.9873,
42.230,IMU,249.1287,175.3988,212.2637,1.8749,-6.3916,-211.221,-3.982,-0.588,-116.827,0.0386,-0.0015,0.9961,
42.246,ENC,249.1696,175.2726,212.2211,2.0453,-6.3064,-211.699,-3.982,-0.588,-116.827,0.0386,-0.0015,0.9961,
42.264,ENC,249.2054,175.1482,212.1768,1.7896,-6.2211,-212.158,-3.982,-0.588,-116.827,0.0386,-0.0015,0.9961,
42.269,IMU,249.2054,175.1482,212.1768,1.7896,-6.2211,-212.158,-4.008,-0.687,-117.129,0.0659,-0.0195,0.9551,
42.285,ENC,249.2378,175.0272,212.1325,1.6192,-6.0507,-212.598,-4.008,-0.687,-117.129,0.0659,-0.0195,0.9551,
42.290,IMU,249.2378,175.0272,212.1325,1.6192,-6.0507,-212.598,-4.088,-0.707,-117.322,0.0850,-0.0269,1.0645,
42.311,ENC,249.2702,174.8977,212.0839,1.6192,-6.4768,-213.062,-4.088,-0.707,-117.322,0.0850,-0.0269,1.0645,
42.326,ENC,249.3043,174.7801,212.0422,1.7044,-5.8803,-213.496,-4.088,-0.707,-117.322,0.0850,-0.0269,1.0645,
42.330,IMU,249.3043,174.7801,212.0422,1.7044,-5.8803,-213.496,-4.018,-0.662,-117.596,0.0132,0.0479,1.0405,
42.345,ENC,249.3366,174.6539,211.9953,1.6192,-6.3064,-213.950,-4.018,-0.662,-117.596,0.0132,0.0479,1.0405,
42.349,IMU,249.3366,174.6539,211.9953,1.6192,-6.3064,-213.950,-4.031,-0.707,-117.736,0.0508,0.0024,0.9780,
42.365,ENC,249.3673,174.5312,211.9493,1.5340,-6.1359,-214.390,-4.031,-0.707,-117.736,0.0508,0.0024,0.9780,
42.369,IMU,249.3673,174.5312,211.9493,1.5340,-6.1359,-214.390,-4.098,-0.620,-117.886,0.0938,0.0186,0.9961,
42.392,IMU,249.3673,174.5312,211.9493,1.5340,-6.1359,-214.390,-4.135,-0.465,-118.082,0.1431,0.1045,0.9194,
42.394,ENC,249.3980,174.4324,211.9152,1.5340,-4.9428,-214.761,-4.135,-0.465,-118.082,0.1431,0.1045,0.9194,
42.405,ENC,249.4270,174.2670,211.8470,1.4488,-8.2665,-215.317,-4.135,-0.465,-118.082,0.1431,0.1045,0.9194,
42.410,IMU,249.4270,174.2670,211.8470,1.4488,-8.2665,-215.317,-4.040,-0.576,-118.216,0.0293,-0.0913,0.9907,
42.425,ENC,249.4543,174.1477,211.8010,1.3635,-5.9655,-215.737,-4.040,-0.576,-118.216,0.0293,-0.0913,0.9907,
42.429,IMU,249.4543,174.1477,211.8010,1.3635,-5.9655,-215.737,-4.105,-0.573,-118.373,0.0845,0.0054,1.0527,
42.447,ENC,249.4764,174.0131,211.7447,1.1079,-6.7325,-216.187,-4.105,-0.573,-118.373,0.0845,0.0054,1.0527,
42.451,IMU,249.4764,174.0131,211.7447,1.1079,-6.7325,-216.187,-4.165,-0.632,-118.494,0.1201,-0.0493,0.9756,
42.465,ENC,249.5037,173.8921,211.6979,1.3635,-6.0507,-216.611,-4.165,-0.632,-118.494,0.1201,-0.0493,0.9756,
42.470,IMU,249.5037,173.8921,211.6979,1.3635,-6.0507,-216.611,-4.198,-0.601,-118.648,0.1118,0.0322,0.9282,
42.485,ENC,249.5292,173.7659,211.6476,1.2783,-6.3064,-217.046,-4.198,-0.601,-118.648,0.1118,0.0322,0.9282,
42.493,IMU,249.5292,173.7659,211.6476,1.2783,-6.3064,-217.046,-4.127,-0.617,-118.754,0.0132,-0.0371,0.9653,
42.505,ENC,249.5599,173.6432,211.6016,1.5340,-6.1359,-217.485,-4.127,-0.617,-118.754,0.0132,-0.0371,0.9653,
42.510,IMU,249.5599,173.6432,211.6016,1.5340,-6.1359,-217.485,-4.111,-0.610,-118.939,0.0352,0.0190,1.0176,
42.526,ENC,249.5923,173.5154,211.5538,1.6192,-6.3916,-217.944,-4.111,-0.610,-118.939,0.0352,0.0190,1.0176,
42.544,ENC,249.6247,173.4012,211.5129,1.6192,-5.7098,-218.364,-4.111,-0.610,-118.939,0.0352,0.0190,1.0176,
42.551,IMU,249.6247,173.4012,211.5129,1.6192,-5.7098,-218.364,-4.138,-0.607,-119.270,0.0825,-0.0215,0.9961,
42.574,IMU,249.6247,173.4012,211.5129,1.6192,-5.7098,-218.364,-4.270,-0.612,-119.389,0.1274,0.0073,1.0488,
42.584,ENC,249.6997,173.1847,211.4422,1.8749,-5.4115,-219.199,-4.270,-0.612,-119.389,0.1274,0.0073,1.0488,
42.595,IMU,249.6997,173.1847,211.4422,1.8749,-5.4115,-219.199,-4.362,-0.559,-119.572,0.1772,0.0391,0.9902,
42.605,ENC,249.7372,173.0671,211.4022,1.8749,-5.8803,-219.644,-4.362,-0.559,-119.572,0.1772,0.0391,0.9902,
42.609,IMU,249.7372,173.0671,211.4022,1.8749,-5.8803,-219.644,-4.469,-0.524,-119.755,0.1567,0.0308,0.9668,
42.625,ENC,249.7781,172.9478,211.3630,2.0453,-5.9655,-220.103,-4.469,-0.524,-119.755,0.1567,0.0308,0.9668,
42.630,IMU,249.7781,172.9478,211.3630,2.0453,-5.9655,-220.103,-4.519,-0.550,-119.948,0.0854,-0.0059,1.0356,
42.645,ENC,249.8173,172.8285,211.3229,1.9601,-5.9655,-220.557,-4.519,-0.550,-119.948,0.0854,-0.0059,1.0356,
42.653,IMU,249.8173,172.8285,211.3229,1.9601,-5.9655,-220.557,-4.491,-0.640,-120.123,0.0610,-0.0742,1.0547,
42.665,ENC,249.8616,172.7143,211.2880,2.2158,-5.7098,-221.011,-4.491,-0.640,-120.123,0.0610,-0.0742,1.0547,
42.669,IMU,249.8616,172.7143,211.2880,2.2158,-5.7098,-221.011,-4.461,-0.657,-120.324,0.0850,-0.0205,1.0449,
42.685,ENC,249.9093,172.5967,211.2530,2.3862,-5.8803,-221.484,-4.461,-0.657,-120.324,0.0850,-0.0205,1.0449,
42.689,IMU,249.9093,172.5967,211.2530,2.3862,-5.8803,-221.484,-4.505,-0.599,-120.475,0.1055,0.0190,0.9233,
42.705,ENC,249.9519,172.4927,211.2223,2.1305,-5.1985,-221.904,-4.505,-0.599,-120.475,0.1055,0.0190,0.9233,
42.709,IMU,249.9519,172.4927,211.2223,2.1305,-5.1985,-221.904,-4.539,-0.591,-120.650,0.1030,0.0063,0.9980,
42.725,ENC,249.9946,172.3717,211.1831,2.1305,-6.0507,-222.373,-4.539,-0.591,-120.650,0.1030,0.0063,0.9980,
42.731,IMU,249.9946,172.3717,211.1831,2.1305,-6.0507,-222.373,-4.525,-0.645,-120.808,0.0767,-0.0708,1.0703,
42.745,ENC,250.0372,172.2439,211.1405,2.1305,-6.3916,-222.861,-4.525,-0.645,-120.808,0.0767,-0.0708,1.0703,
42.750,IMU,250.0372,172.2439,211.1405,2.1305,-6.3916,-222.861,-4.513,-0.615,-120.980,0.1147,0.0469,0.9292,
42.765,ENC,250.0832,172.1092,211.0962,2.3010,-6.7325,-223.379,-4.513,-0.615,-120.980,0.1147,0.0469,0.9292,
42.769,IMU,250.0832,172.1092,211.0962,2.3010,-6.7325,-223.379,-4.424,-0.581,-121.139,0.0161,0.0444,0.9131,
42.785,ENC,250.1258,171.9712,211.0485,2.1305,-6.9029,-223.896,-4.424,-0.581,-121.139,0.0161,0.0444,0.9131,
42.790,IMU,250.1258,171.9712,211.0485,2.1305,-6.9029,-223.896,-4.335,-0.593,-121.344,-0.0210,-0.0132,0.9600,
42.805,ENC,250.1718,171.8399,211.0059,2.3010,-6.5620,-224.404,-4.335,-0.593,-121.344,-0.0210,-0.0132,0.9600,
42.809,IMU,250.1718,171.8399,211.0059,2.3010,-6.5620,-224.404,-4.370,-0.557,-121.483,0.0845,0.0454,1.0239,
42.825,ENC,250.2178,171.7053,210.9616,2.3010,-6.7325,-224.922,-4.370,-0.557,-121.483,0.0845,0.0454,1.0239,
42.829,IMU,250.2178,171.7053,210.9616,2.3010,-6.7325,-224.922,-4.320,-0.616,-121.721,0.0488,-0.0376,0.9736,
42.844,ENC,250.2621,171.5775,210.9198,2.2158,-6.3916,-225.415,-4.320,-0.616,-121.721,0.0488,-0.0376,0.9736,
42.849,IMU,250.2621,171.5775,210.9198,2.2158,-6.3916,-225.415,-4.247,-0.673,-121.946,0.0142,-0.0654,1.0854,
42.865,ENC,250.3048,171.4462,210.8755,2.1305,-6.5620,-225.913,-4.247,-0.673,-121.946,0.0142,-0.0654,1.0854,
42.870,IMU,250.3048,171.4462,210.8755,2.1305,-6.5620,-225.913,-4.244,-0.717,-122.176,0.0381,-0.0791,1.0264,
42.885,ENC,250.3457,171.3099,210.8278,2.0453,-6.8177,-226.421,-4.244,-0.717,-122.176,0.0381,-0.0791,1.0264,
42.890,IMU,250.3457,171.3099,210.8278,2.0453,-6.8177,-226.421,-4.313,-0.766,-122.356,0.1289,-0.0391,0.9575,
42.913,IMU,250.3457,171.3099,210.8278,2.0453,-6.8177,-226.421,-4.255,-0.815,-122.525,0.0845,-0.0518,1.0073,
42.915,ENC,250.3832,171.1854,210.7843,1.8749,-6.2211,-226.885,-4.255,-0.815,-122.525,0.0845,-0.0518,1.0073,
42.924,ENC,250.4241,171.0525,210.7383,2.0453,-6.6473,-227.383,-4.255,-0.815,-122.525,0.0845,-0.0518,1.0073,
42.930,IMU,250.4241,171.0525,210.7383,2.0453,-6.6473,-227.383,-4.219,-0.914,-122.679,0.0576,-0.0947,0.9971,
42.945,ENC,250.4667,170.9195,210.6931,2.1305,-6.6473,-227.886,-4.219,-0.914,-122.679,0.0576,-0.0947,0.9971,
42.949,IMU,250.4667,170.9195,210.6931,2.1305,-6.6473,-227.886,-4.143,-0.897,-122.953,0.0142,0.0010,0.9858,
42.964,ENC,250.5110,170.8002,210.6556,2.2158,-5.9655,-228.354,-4.143,-0.897,-122.953,0.0142,0.0010,0.9858,
42.970,IMU,250.5110,170.8002,210.6556,2.2158,-5.9655,-228.354,-4.130,-0.815,-123.182,0.0410,0.0630,0.9404,
42.985,ENC,250.5553,170.6826,210.6190,2.2158,-5.8803,-228.818,-4.130,-0.815,-123.182,0.0410,0.0630,0.9404,
42.990,IMU,250.5553,170.6826,210.6190,2.2158,-5.8803,-228.818,-4.251,-0.817,-123.329,0.1343,-0.0532,0.8936,
43.005,ENC,250.5979,170.5497,210.5738,2.1305,-6.6473,-229.321,-4.251,-0.817,-123.329,0.1343,-0.0532,0.8936,
43.012,IMU,250.5979,170.5497,210.5738,2.1305,-6.6473,-229.321,-4.278,-0.877,-123.494,0.0566,-0.0479,1.0615,
43.024,ENC,250.6422,170.4389,210.5406,2.2158,-5.5394,-229.766,-4.278,-0.877,-123.494,0.0566,-0.0479,1.0615,
43.029,IMU,250.6422,170.4389,210.5406,2.2158,-5.5394,-229.766,-4.254,-0.904,-123.696,0.0479,-0.0400,0.9922,
43.045,ENC,250.6883,170.3145,210.5014,2.3010,-6.2211,-230.254,-4.254,-0.904,-123.696,0.0479,-0.0400,0.9922,
43.052,IMU,250.6883,170.3145,210.5014,2.3010,-6.2211,-230.254,-4.244,-0.844,-123.904,0.0688,0.0166,1.0786,
43.065,ENC,250.7360,170.2003,210.4681,2.3862,-5.7098,-230.718,-4.244,-0.844,-123.904,0.0688,0.0166,1.0786,
43.070,IMU,250.7360,170.2003,210.4681,2.3862,-5.7098,-230.718,-4.315,-0.779,-124.116,0.1245,0.0439,1.0376,
43.091,IMU,250.7360,170.2003,210.4681,2.3862,-5.7098,-230.718,-4.268,-0.815,-124.374,0.0435,-0.0122,1.0713,
43.111,IMU,250.7360,170.2003,210.4681,2.3862,-5.7098,-230.718,-4.270,-0.836,-124.563,0.0522,-0.0200,1.0142,
43.125,ENC,250.8894,169.8611,210.3752,2.5566,-5.6530,-232.129,-4.270,-0.836,-124.563,0.0522,-0.0200,1.0142,
43.130,IMU,250.8894,169.8611,210.3752,2.5566,-5.6530,-232.129,-4.357,-0.783,-124.787,0.1084,0.0391,0.9614,
43.145,ENC,250.9405,169.7418,210.3412,2.5566,-5.9655,-232.617,-4.357,-0.783,-124.787,0.1084,0.0391,0.9614,
43.149,IMU,250.9405,169.7418,210.3412,2.5566,-5.9655,-232.617,-4.362,-0.824,-125.004,0.0947,-0.0312,1.0269,
43.165,ENC,250.9933,169.6225,210.3079,2.6419,-5.9655,-233.110,-4.362,-0.824,-125.004,0.0947,-0.0312,1.0269,
43.170,IMU,250.9933,169.6225,210.3079,2.6419,-5.9655,-233.110,-4.384,-0.796,-125.202,0.0088,0.0312,1.0962,
43.185,ENC,251.0428,169.5100,210.2764,2.4714,-5.6246,-233.574,-4.384,-0.796,-125.202,0.0088,0.0312,1.0962,
43.189,IMU,251.0428,169.5100,210.2764,2.4714,-5.6246,-233.574,-4.348,-0.869,-125.384,0.0234,-0.0371,1.0737,
43.208,ENC,251.0939,169.3924,210.2431,2.5566,-5.8803,-234.058,-4.348,-0.869,-125.384,0.0234,-0.0371,1.0737,
43.212,IMU,251.0939,169.3924,210.2431,2.5566,-5.8803,-234.058,-4.356,-0.843,-125.651,0.0312,0.0410,0.9146,
43.224,ENC,251.1467,169.2765,210.2116,2.6419,-5.7950,-234.541,-4.356,-0.843,-125.651,0.0312,0.0410,0.9146,
43.230,IMU,251.1467,169.2765,210.2116,2.6419,-5.7950,-234.541,-4.335,-0.733,-125.869,0.0386,0.0713,0.9917,
43.244,ENC,251.1945,169.1572,210.1758,2.3862,-5.9655,-235.020,-4.335,-0.733,-125.869,0.0386,0.0713,0.9917,
43.249,IMU,251.1945,169.1572,210.1758,2.3862,-5.9655,-235.020,-4.406,-0.739,-126.056,0.1206,0.0039,0.9888,
43.266,ENC,251.2456,169.0430,210.1443,2.5566,-5.7098,-235.493,-4.406,-0.739,-126.056,0.1206,0.0039,0.9888,
43.270,IMU,251.2456,169.0430,210.1443,2.5566,-5.7098,-235.493,-4.283,-0.733,-126.254,-0.0244,0.0112,1.0288,
43.284,ENC,251.2916,168.9237,210.1076,2.3010,-5.9655,-235.967,-4.283,-0.733,-126.254,-0.0244,0.0112,1.0288,
43.289,IMU,251.2916,168.9237,210.1076,2.3010,-5.9655,-235.967,-4.264,-0.750,-126.431,0.0283,-0.0308,1.0693,
43.305,ENC,251.3410,168.7992,210.0701,2.4714,-6.2211,-236.465,-4.264,-0.750,-126.431,0.0283,-0.0308,1.0693,
43.315,IMU,251.3410,168.7992,210.0701,2.4714,-6.2211,-236.465,-4.295,-0.680,-126.635,0.0962,0.0620,1.0132,
43.326,ENC,251.3871,168.6680,210.0275,2.3010,-6.5620,-236.973,-4.295,-0.680,-126.635,0.0962,0.0620,1.0132,
43.330,IMU,251.3871,168.6680,210.0275,2.3010,-6.5620,-236.973,-4.369,-0.735,-126.816,0.1470,-0.0229,0.9365,
43.344,ENC,251.4314,168.5470,209.9892,2.2158,-6.0507,-237.446,-4.369,-0.735,-126.816,0.1470,-0.0229,0.9365,
43.350,IMU,251.4314,168.5470,209.9892,2.2158,-6.0507,-237.446,-4.391,-0.873,-127.005,0.0718,-0.0894,1.0054,
43.365,ENC,251.4723,168.4106,209.9415,2.0453,-6.8177,-237.954,-4.391,-0.873,-127.005,0.0718,-0.0894,1.0054,
43.370,IMU,251.4723,168.4106,209.9415,2.0453,-6.8177,-237.954,-4.376,-0.967,-127.204,0.0806,-0.0776,1.0713,
43.385,ENC,251.5166,168.2828,209.8997,2.2158,-6.3916,-238.447,-4.376,-0.967,-127.204,0.0806,-0.0776,1.0713,
43.391,IMU,251.5166,168.2828,209.8997,2.2158,-6.3916,-238.447,-4.342,-0.999,-127.416,0.0640,-0.0444,1.0615,
43.405,ENC,251.5609,168.1499,209.8554,2.2158,-6.6473,-238.955,-4.342,-0.999,-127.416,0.0640,-0.0444,1.0615,
43.414,IMU,251.5609,168.1499,209.8554,2.2158,-6.6473,-238.955,-4.321,-1.012,-127.635,0.0811,-0.0063,0.9775,
43.425,ENC,251.6103,168.0220,209.8162,2.4714,-6.3916,-239.463,-4.321,-1.012,-127.635,0.0811,-0.0063,0.9775,
43.429,IMU,251.6103,168.0220,209.8162,2.4714,-6.3916,-239.463,-4.244,-1.045,-127.865,0.0566,-0.0225,1.0557,
43.445,ENC,251.6615,167.8993,209.7804,2.5566,-6.1359,-239.961,-4.244,-1.045,-127.865,0.0566,-0.0225,1.0557,
43.450,IMU,251.6615,167.8993,209.7804,2.5566,-6.1359,-239.961,-4.268,-1.107,-128.107,0.1357,-0.0479,1.0098,
43.465,ENC,251.7126,167.7681,209.7403,2.5566,-6.5620,-240.483,-4.268,-1.107,-128.107,0.1357,-0.0479,1.0098,
43.474,IMU,251.7126,167.7681,209.7403,2.5566,-6.5620,-240.483,-4.300,-1.215,-128.276,0.0854,-0.1255,1.0679,
43.485,ENC,251.7672,167.6454,209.7063,2.7271,-6.1359,-240.991,-4.300,-1.215,-128.276,0.0854,-0.1255,1.0679,
43.489,IMU,251.7672,167.6454,209.7063,2.7271,-6.1359,-240.991,-4.327,-1.164,-128.434,0.1177,0.0137,1.0044,
43.505,ENC,251.8149,167.5312,209.6730,2.3862,-5.7098,-241.455,-4.327,-1.164,-128.434,0.1177,0.0137,1.0044,
43.524,IMU,251.8149,167.5312,209.6730,2.3862,-5.7098,-241.455,-4.302,-1.220,-128.646,0.0288,-0.0571,1.0078,
43.526,ENC,251.8660,167.4715,209.6688,2.5566,-2.9827,-241.772,-4.302,-1.220,-128.646,0.0288,-0.0571,1.0078,
43.529,IMU,251.8660,167.4715,209.6688,2.5566,-2.9827,-241.772,-4.319,-1.220,-128.872,0.0820,-0.0049,0.9961,
43.545,ENC,251.9188,167.3590,209.6389,2.6419,-5.6246,-242.246,-4.319,-1.220,-128.872,0.0820,-0.0049,0.9961,
43.550,IMU,251.9188,167.3590,209.6389,2.6419,-5.6246,-242.246,-4.332,-1.243,-129.045,0.0771,-0.0210,0.9751,
43.564,ENC,251.9734,167.1835,209.5784,2.7271,-8.7778,-242.905,-4.332,-1.243,-129.045,0.0771,-0.0210,0.9751,
43.569,IMU,251.9734,167.1835,209.5784,2.7271,-8.7778,-242.905,-4.378,-1.292,-129.277,0.1123,-0.0503,0.9839,
43.586,ENC,252.0245,167.0471,209.5358,2.5566,-6.8177,-243.442,-4.378,-1.292,-129.277,0.1123,-0.0503,0.9839,
43.605,ENC,252.0791,166.9329,209.5060,2.7271,-5.7098,-243.926,-4.378,-1.292,-129.277,0.1123,-0.0503,0.9839,
43.610,IMU,252.0791,166.9329,209.5060,2.7271,-5.7098,-243.926,-4.242,-1.332,-129.587,0.0220,-0.0454,1.0078,
43.625,ENC,252.1319,166.8221,209.4770,2.6419,-5.5394,-244.395,-4.242,-1.332,-129.587,0.0220,-0.0454,1.0078,
43.629,IMU,252.1319,166.8221,209.4770,2.6419,-5.5394,-244.395,-4.160,-1.295,-129.766,0.0244,-0.0073,1.0757,
43.645,ENC,252.1813,166.7164,209.4489,2.4714,-5.2837,-244.839,-4.160,-1.295,-129.766,0.0244,-0.0073,1.0757,
43.650,IMU,252.1813,166.7164,209.4489,2.4714,-5.2837,-244.839,-4.218,-1.256,-129.929,0.1045,0.0039,0.8857,
43.665,ENC,252.2325,166.5988,209.4156,2.5566,-5.8803,-245.322,-4.218,-1.256,-129.929,0.1045,0.0039,0.8857,
43.670,IMU,252.2325,166.5988,209.4156,2.5566,-5.8803,-245.322,-4.230,-1.307,-130.103,0.0938,-0.0142,0.9443,
43.685,ENC,252.2887,166.4812,209.3850,2.8123,-5.8803,-245.820,-4.230,-1.307,-130.103,0.0938,-0.0142,0.9443,
43.690,IMU,252.2887,166.4812,209.3850,2.8123,-5.8803,-245.820,-4.202,-1.273,-130.342,0.0435,0.0420,1.0771,
43.705,ENC,252.3432,166.3721,209.3577,2.7271,-5.4542,-246.289,-4.202,-1.273,-130.342,0.0435,0.0420,1.0771,
43.710,IMU,252.3432,166.3721,209.3577,2.7271,-5.4542,-246.289,-4.179,-1.265,-130.560,0.0103,0.0078,1.0562,
43.726,ENC,252.4012,166.2648,209.3330,2.8975,-5.3689,-246.763,-4.179,-1.265,-130.560,0.0103,0.0078,1.0562,
43.730,IMU,252.4012,166.2648,209.3330,2.8975,-5.3689,-246.763,-4.232,-1.247,-130.762,0.0713,-0.0269,1.0015,
43.744,ENC,252.4591,166.1625,209.3108,2.8975,-5.1133,-247.222,-4.232,-1.247,-130.762,0.0713,-0.0269,1.0015,
43.749,IMU,252.4591,166.1625,209.3108,2.8975,-5.1133,-247.222,-4.169,-1.237,-130.992,0.0322,-0.0166,0.9819,
43.766,ENC,252.5222,166.0585,209.2904,3.1532,-5.1985,-247.700,-4.169,-1.237,-130.992,0.0322,-0.0166,0.9819,
43.771,IMU,252.5222,166.0585,209.2904,3.1532,-5.1985,-247.700,-4.218,-1.194,-131.219,0.1006,0.0029,0.9736,
43.786,ENC,252.5836,165.9495,209.2665,3.0680,-5.4542,-248.188,-4.218,-1.194,-131.219,0.1006,0.0029,0.9736,
43.790,IMU,252.5836,165.9495,209.2665,3.0680,-5.4542,-248.188,-4.259,-1.153,-131.419,0.0869,0.0161,0.9551,
43.818,ENC,252.6466,165.8301,209.2384,3.1532,-5.9655,-248.711,-4.259,-1.153,-131.419,0.0869,0.0161,0.9551,
43.823,IMU,252.6466,165.8301,209.2384,3.1532,-5.9655,-248.711,-4.243,-1.110,-131.627,0.0791,0.0356,0.9331,
43.825,ENC,252.7148,165.7142,209.2145,3.4088,-5.7950,-249.238,-4.243,-1.110,-131.627,0.0791,0.0356,0.9331,
43.831,IMU,252.7148,165.7142,209.2145,3.4088,-5.7950,-249.238,-4.253,-1.164,-131.869,0.0728,-0.0327,1.0200,
43.851,IMU,252.7148,165.7142,209.2145,3.4088,-5.7950,-249.238,-4.260,-1.158,-132.102,0.0635,0.0029,1.0396,
43.865,ENC,252.8290,165.5046,209.1668,2.8549,-5.2411,-250.166,-4.260,-1.158,-132.102,0.0635,0.0029,1.0396,
43.871,IMU,252.8290,165.5046,209.1668,2.8549,-5.2411,-250.166,-4.223,-1.078,-132.255,0.0420,0.0210,0.9805,
43.885,ENC,252.8716,165.4177,209.1446,2.1305,-4.3463,-250.537,-4.223,-1.078,-132.255,0.0420,0.0210,0.9805,
43.890,IMU,252.8716,165.4177,209.1446,2.1305,-4.3463,-250.537,-4.210,-1.122,-132.352,0.0396,-0.0244,1.0093,
43.905,ENC,252.9040,165.3410,209.1225,1.6192,-3.8350,-250.850,-4.210,-1.122,-132.352,0.0396,-0.0244,1.0093,
43.909,IMU,252.9040,165.3410,209.1225,1.6192,-3.8350,-250.850,-4.110,-1.146,-132.490,0.0498,-0.0063,0.9985,
43.925,ENC,252.9313,165.2643,209.0978,1.3635,-3.8350,-251.147,-4.110,-1.146,-132.490,0.0498,-0.0063,0.9985,
43.932,IMU,252.9313,165.2643,209.0978,1.3635,-3.8350,-251.147,-4.156,-1.029,-132.529,0.0386,0.0205,0.9673,
43.946,ENC,252.9534,165.1995,209.0765,1.1079,-3.2384,-251.396,-4.156,-1.029,-132.529,0.0386,0.0205,0.9673,
43.950,IMU,252.9534,165.1995,209.0765,1.1079,-3.2384,-251.396,-4.192,-1.084,-132.621,0.0698,-0.0425,0.9512,
43.989,ENC,252.9773,165.1245,209.0509,1.1931,-3.7497,-251.680,-4.192,-1.084,-132.621,0.0698,-0.0425,0.9512,
43.994,ENC,252.9909,165.0529,209.0219,0.6818,-3.5793,-251.924,-4.192,-1.084,-132.621,0.0698,-0.0425,0.9512,
43.997,IMU,252.9909,165.0529,209.0219,0.6818,-3.5793,-251.924,-4.118,-1.088,-132.631,0.0015,-0.0156,1.0737,
44.000,IMU,252.9909,165.0529,209.0219,0.6818,-3.5793,-251.924,-4.063,-1.090,-132.707,0.0659,-0.0293,0.9253,
44.007,ENC,253.0046,164.9745,208.9895,0.6818,-3.9202,-252.188,-4.063,-1.090,-132.707,0.0659,-0.0293,0.9253,
44.012,IMU,253.0046,164.9745,208.9895,0.6818,-3.9202,-252.188,-4.051,-1.065,-132.681,0.0547,-0.0205,1.0151,
44.025,ENC,253.0216,164.9080,208.9648,0.8522,-3.3236,-252.427,-4.051,-1.065,-132.681,0.0547,-0.0205,1.0151,
44.031,IMU,253.0216,164.9080,208.9648,0.8522,-3.3236,-252.427,-4.085,-1.114,-132.765,0.0879,-0.0210,0.9453,
44.045,ENC,253.0404,164.8382,208.9393,0.9374,-3.4941,-252.681,-4.085,-1.114,-132.765,0.0879,-0.0210,0.9453,
44.049,IMU,253.0404,164.8382,208.9393,0.9374,-3.4941,-252.681,-4.015,-1.121,-132.829,0.0420,-0.0161,1.0249,
44.065,ENC,253.0574,164.7717,208.9145,0.8522,-3.3236,-252.920,-4.015,-1.121,-132.829,0.0420,-0.0161,1.0249,
44.069,IMU,253.0574,164.7717,208.9145,0.8522,-3.3236,-252.920,-3.964,-1.121,-132.857,0.0171,-0.0107,0.9995,
44.085,ENC,253.0779,164.7257,208.9018,1.0227,-2.3010,-253.110,-3.964,-1.121,-132.857,0.0171,-0.0107,0.9995,
44.093,IMU,253.0779,164.7257,208.9018,1.0227,-2.3010,-253.110,-3.969,-1.034,-132.883,0.0859,0.0425,1.0381,
44.105,ENC,253.0830,164.6711,208.8771,0.2557,-2.7271,-253.281,-3.969,-1.034,-132.883,0.0859,0.0425,1.0381,
44.109,IMU,253.0830,164.6711,208.8771,0.2557,-2.7271,-253.281,-3.901,-1.024,-132.854,0.0444,-0.0034,0.9414,
44.128,ENC,253.0847,164.6302,208.8574,0.0852,-2.0453,-253.403,-3.901,-1.024,-132.854,0.0444,-0.0034,0.9414,
44.131,IMU,253.0847,164.6302,208.8574,0.0852,-2.0453,-253.403,-3.894,-0.987,-132.838,0.0371,0.0225,1.0000,
44.145,ENC,253.0830,164.5893,208.8361,-0.0852,-2.0453,-253.516,-3.894,-0.987,-132.838,0.0371,0.0225,1.0000,
44.151,IMU,253.0830,164.5893,208.8361,-0.0852,-2.0453,-253.516,-3.931,-0.992,-132.881,0.0830,-0.0186,0.9434,
44.165,ENC,253.0830,164.5518,208.8174,0.0000,-1.8749,-253.623,-3.931,-0.992,-132.881,0.0830,-0.0186,0.9434,
44.169,IMU,253.0830,164.5518,208.8174,0.0000,-1.8749,-253.623,-3.964,-0.924,-132.954,0.0845,0.0054,1.0044,
44.190,IMU,253.0830,164.5518,208.8174,0.0000,-1.8749,-253.623,-3.959,-0.967,-132.960,0.0557,-0.0317,1.0347,
44.205,ENC,253.0830,164.4802,208.7816,0.0000,-1.7896,-253.828,-3.959,-0.967,-132.960,0.0557,-0.0317,1.0347,
44.209,IMU,253.0830,164.4802,208.7816,0.0000,-1.7896,-253.828,-3.939,-0.935,-132.936,0.0850,-0.0171,0.9946,
44.226,ENC,253.0830,164.4444,208.7637,0.0000,-1.7896,-253.931,-3.939,-0.935,-132.936,0.0850,-0.0171,0.9946,
44.234,IMU,253.0830,164.4444,208.7637,0.0000,-1.7896,-253.931,-3.944,-0.964,-132.903,0.0693,-0.0171,0.9414,
44.244,ENC,253.0830,164.4189,208.7509,0.0000,-1.2783,-254.004,-3.944,-0.964,-132.903,0.0693,-0.0171,0.9414,
44.251,IMU,253.0830,164.4189,208.7509,0.0000,-1.2783,-254.004,-3.978,-0.920,-132.846,0.0732,0.0117,1.0283,
44.265,ENC,253.0847,164.3712,208.7279,0.0852,-2.3862,-254.146,-3.978,-0.920,-132.846,0.0732,0.0117,1.0283,
44.269,IMU,253.0847,164.3712,208.7279,0.0852,-2.3862,-254.146,-3.976,-0.934,-132.842,0.0801,0.0093,1.0039,
44.286,ENC,253.0847,164.3371,208.7109,0.0000,-1.7044,-254.243,-3.976,-0.934,-132.842,0.0801,0.0093,1.0039,
44.296,IMU,253.0847,164.3371,208.7109,0.0000,-1.7044,-254.243,-3.997,-0.969,-132.823,0.0840,-0.0474,0.9185,
44.305,ENC,253.0864,164.3251,208.7058,0.0852,-0.5965,-254.282,-3.997,-0.969,-132.823,0.0840,-0.0474,0.9185,
44.309,IMU,253.0864,164.3251,208.7058,0.0852,-0.5965,-254.282,-3.974,-1.002,-132.876,0.0474,-0.0347,1.0200,
44.325,ENC,253.0966,164.3268,208.7117,0.5113,0.0852,-254.307,-3.974,-1.002,-132.876,0.0474,-0.0347,1.0200,
44.329,IMU,253.0966,164.3268,208.7117,0.5113,0.0852,-254.307,-3.912,-1.124,-132.910,0.0698,-0.1362,0.9375,
44.344,ENC,253.1273,164.3320,208.7296,1.5340,0.2557,-254.380,-3.912,-1.124,-132.910,0.0698,-0.1362,0.9375,
44.350,IMU,253.1273,164.3320,208.7296,1.5340,0.2557,-254.380,-4.003,-1.288,-132.970,0.0933,-0.0957,0.9355,
44.365,ENC,253.1852,164.3490,208.7671,2.8975,0.8522,-254.497,-4.003,-1.288,-132.970,0.0933,-0.0957,0.9355,
44.370,IMU,253.1852,164.3490,208.7671,2.8975,0.8522,-254.497,-4.091,-1.459,-133.029,0.1372,-0.1772,0.9766,
44.385,ENC,253.2602,164.3967,208.8285,3.7497,2.3862,-254.575,-4.091,-1.459,-133.029,0.1372,-0.1772,0.9766,
44.389,IMU,253.2602,164.3967,208.8285,3.7497,2.3862,-254.575,-4.060,-1.577,-133.096,0.0518,-0.1084,1.1104,
44.405,ENC,253.3523,164.4496,208.9009,4.6019,2.6419,-254.687,-4.060,-1.577,-133.096,0.0518,-0.1084,1.1104,
44.414,IMU,253.3523,164.4496,208.9009,4.6019,2.6419,-254.687,-4.034,-1.612,-133.185,0.0693,-0.0645,0.9111,
44.428,ENC,253.4545,164.4905,208.9725,5.1133,2.0453,-254.863,-4.034,-1.612,-133.185,0.0693,-0.0645,0.9111,
44.444,ENC,253.5653,164.5246,209.0449,5.5394,1.7044,-255.083,-4.034,-1.612,-133.185,0.0693,-0.0645,0.9111,
44.449,IMU,253.5653,164.5246,209.0449,5.5394,1.7044,-255.083,-3.890,-1.679,-133.477,-0.0093,-0.0649,0.9253,
44.465,ENC,253.6914,164.5723,209.1319,6.3064,2.3862,-255.308,-3.890,-1.679,-133.477,-0.0093,-0.0649,0.9253,
44.469,IMU,253.6914,164.5723,209.1319,6.3064,2.3862,-255.308,-3.922,-1.643,-133.645,0.0874,0.0166,0.9053,
44.485,ENC,253.8193,164.6302,209.2248,6.3916,2.8975,-255.508,-3.922,-1.643,-133.645,0.0874,0.0166,0.9053,
44.490,IMU,253.8193,164.6302,209.2248,6.3916,2.8975,-255.508,-3.907,-1.792,-133.748,0.0337,-0.1416,1.1060,
44.505,ENC,253.9352,164.7086,209.3219,5.7950,3.9202,-255.615,-3.907,-1.792,-133.748,0.0337,-0.1416,1.1060,
44.511,IMU,253.9352,164.7086,209.3219,5.7950,3.9202,-255.615,-3.859,-1.840,-133.800,0.0601,-0.0562,0.9414,
44.526,ENC,254.0511,164.8041,209.4276,5.7950,4.7724,-255.674,-3.859,-1.840,-133.800,0.0601,-0.0562,0.9414,
44.551,ENC,254.1653,164.9200,209.5426,5.7098,5.7950,-255.669,-3.859,-1.840,-133.800,0.0601,-0.0562,0.9414,
44.554,IMU,254.1653,164.9200,209.5426,5.7098,5.7950,-255.669,-3.858,-1.821,-133.717,0.0415,-0.0542,1.0039,
44.566,ENC,254.2812,165.0632,209.6722,5.7950,7.1586,-255.591,-3.858,-1.821,-133.717,0.0415,-0.0542,1.0039,
44.570,IMU,254.2812,165.0632,209.6722,5.7950,7.1586,-255.591,-3.886,-1.854,-133.613,0.1377,-0.0669,0.9458,
44.585,ENC,254.4005,165.2165,209.8085,5.9655,7.6699,-255.493,-3.886,-1.854,-133.613,0.1377,-0.0669,0.9458,
44.590,IMU,254.4005,165.2165,209.8085,5.9655,7.6699,-255.493,-3.756,-1.939,-133.522,-0.0303,-0.0635,1.0469,
44.605,ENC,254.5317,165.3819,209.9568,6.5620,8.2665,-255.396,-3.756,-1.939,-133.522,-0.0303,-0.0635,1.0469,
44.610,IMU,254.5317,165.3819,209.9568,6.5620,8.2665,-255.396,-3.795,-2.072,-133.426,0.1167,-0.1426,0.9038,
44.625,ENC,254.6647,165.5438,210.1042,6.6473,8.0960,-255.312,-3.795,-2.072,-133.426,0.1167,-0.1426,0.9038,
44.629,IMU,254.6647,165.5438,210.1042,6.6473,8.0960,-255.312,-3.853,-2.176,-133.334,0.1104,-0.1094,0.9995,
44.645,ENC,254.8095,165.7091,210.2593,7.2438,8.2665,-255.254,-3.853,-2.176,-133.334,0.1104,-0.1094,0.9995,
44.650,IMU,254.8095,165.7091,210.2593,7.2438,8.2665,-255.254,-3.800,-2.164,-133.265,0.0415,-0.0127,0.9297,
44.665,ENC,254.9664,165.8642,210.4153,7.8403,7.7551,-255.259,-3.800,-2.164,-133.265,0.0415,-0.0127,0.9297,
44.669,IMU,254.9664,165.8642,210.4153,7.8403,7.7551,-255.259,-3.797,-2.232,-133.212,0.0454,-0.0815,1.0132,
44.687,ENC,255.1215,166.0210,210.5712,7.7551,7.8403,-255.254,-3.797,-2.232,-133.212,0.0454,-0.0815,1.0132,
44.693,IMU,255.1215,166.0210,210.5712,7.7551,7.8403,-255.254,-3.792,-2.214,-133.221,0.0991,-0.0195,1.0625,
44.705,ENC,255.2817,166.1864,210.7340,8.0108,8.2665,-255.239,-3.792,-2.214,-133.221,0.0991,-0.0195,1.0625,
44.710,IMU,255.2817,166.1864,210.7340,8.0108,8.2665,-255.239,-3.753,-2.170,-133.167,0.0625,-0.0122,0.9507,
44.725,ENC,255.4436,166.3415,210.8925,8.0960,7.7551,-255.259,-3.753,-2.170,-133.167,0.0625,-0.0122,0.9507,
44.729,IMU,255.4436,166.3415,210.8925,8.0960,7.7551,-255.259,-3.772,-2.108,-133.084,0.1006,-0.0151,0.9707,
44.745,ENC,255.6004,166.4966,211.0485,7.8403,7.7551,-255.264,-3.772,-2.108,-133.084,0.1006,-0.0151,0.9707,
44.750,IMU,255.6004,166.4966,211.0485,7.8403,7.7551,-255.264,-3.742,-1.958,-133.020,0.0410,0.0840,0.9272,
44.766,ENC,255.7504,166.6772,211.2138,7.4995,9.0334,-255.176,-3.742,-1.958,-133.020,0.0410,0.0840,0.9272,
44.772,IMU,255.7504,166.6772,211.2138,7.4995,9.0334,-255.176,-3.734,-1.995,-132.911,0.0640,-0.0454,0.9819,
44.785,ENC,255.9038,166.8528,211.3783,7.6699,8.7778,-255.112,-3.734,-1.995,-132.911,0.0640,-0.0454,0.9819,
44.790,IMU,255.9038,166.8528,211.3783,7.6699,8.7778,-255.112,-3.847,-1.995,-132.822,0.1572,0.0171,1.0752,
44.806,ENC,256.0572,167.0284,211.5428,7.6699,8.7778,-255.049,-3.847,-1.995,-132.822,0.1572,0.0171,1.0752,
44.809,IMU,256.0572,167.0284,211.5428,7.6699,8.7778,-255.049,-3.762,-1.934,-132.706,0.0146,0.0415,1.0269,
44.825,ENC,256.2191,167.1971,211.7081,8.0960,8.4369,-255.029,-3.762,-1.934,-132.706,0.0146,0.0415,1.0269,
44.830,IMU,256.2191,167.1971,211.7081,8.0960,8.4369,-255.029,-3.715,-1.964,-132.611,0.0259,-0.0327,1.0757,
44.848,ENC,256.3742,167.3675,211.8709,7.7551,8.5221,-254.985,-3.715,-1.964,-132.611,0.0259,-0.0327,1.0757,
44.851,IMU,256.3742,167.3675,211.8709,7.7551,8.5221,-254.985,-3.719,-1.864,-132.533,0.0796,0.0308,0.9717,
44.864,ENC,256.5293,167.5295,212.0294,7.7551,8.0960,-254.966,-3.719,-1.864,-132.533,0.0796,0.0308,0.9717,
44.869,IMU,256.5293,167.5295,212.0294,7.7551,8.0960,-254.966,-3.689,-1.815,-132.456,0.0615,0.0127,0.9126,
44.885,ENC,256.6844,167.6999,212.1922,7.7551,8.5221,-254.922,-3.689,-1.815,-132.456,0.0615,0.0127,0.9126,
44.889,IMU,256.6844,167.6999,212.1922,7.7551,8.5221,-254.922,-3.696,-1.759,-132.400,0.0688,0.0112,0.9956,
44.905,ENC,256.8293,167.8618,212.3456,7.2438,8.0960,-254.873,-3.696,-1.759,-132.400,0.0688,0.0112,0.9956,
44.910,IMU,256.8293,167.8618,212.3456,7.2438,8.0960,-254.873,-3.804,-1.711,-132.387,0.1924,-0.0151,0.9917,
44.925,ENC,256.9776,168.0237,212.5007,7.4142,8.0960,-254.834,-3.804,-1.711,-132.387,0.1924,-0.0151,0.9917,
44.929,IMU,256.9776,168.0237,212.5007,7.4142,8.0960,-254.834,-3.760,-1.656,-132.384,0.0195,0.0127,1.0889,
44.945,ENC,257.1122,168.1771,212.6447,6.7325,7.6699,-254.780,-3.760,-1.656,-132.384,0.0195,0.0127,1.0889,
44.951,IMU,257.1122,168.1771,212.6447,6.7325,7.6699,-254.780,-3.756,-1.580,-132.340,0.0952,0.0190,1.0405,
44.965,ENC,257.2554,168.3271,212.7913,7.1586,7.4995,-254.761,-3.756,-1.580,-132.340,0.0952,0.0190,1.0405,
44.969,IMU,257.2554,168.3271,212.7913,7.1586,7.4995,-254.761,-3.728,-1.532,-132.298,0.0405,0.0640,1.0049,
44.985,ENC,257.3849,168.4737,212.9293,6.4768,7.3290,-254.712,-3.728,-1.532,-132.298,0.0405,0.0640,1.0049,
44.992,IMU,257.3849,168.4737,212.9293,6.4768,7.3290,-254.712,-3.760,-1.472,-132.266,0.0791,0.0015,1.0469,
45.007,ENC,257.5162,168.6203,213.0682,6.5620,7.3290,-254.668,-3.760,-1.472,-132.266,0.0791,0.0015,1.0469,
45.010,IMU,257.5162,168.6203,213.0682,6.5620,7.3290,-254.668,-3.680,-1.382,-132.295,0.0171,-0.0107,0.9780,
45.025,ENC,257.6474,168.7600,213.2037,6.5620,6.9881,-254.644,-3.680,-1.382,-132.295,0.0171,-0.0107,0.9780,
45.030,IMU,257.6474,168.7600,213.2037,6.5620,6.9881,-254.644,-3.632,-1.409,-132.256,0.0542,-0.0586,0.9814,
45.045,ENC,257.7787,168.8981,213.3384,6.5620,6.9029,-254.624,-3.632,-1.409,-132.256,0.0542,-0.0586,0.9814,
45.053,IMU,257.7787,168.8981,213.3384,6.5620,6.9029,-254.624,-3.534,-1.451,-132.232,-0.0220,-0.0391,0.9863,
45.066,ENC,257.9167,169.0379,213.4773,6.9029,6.9881,-254.619,-3.534,-1.451,-132.232,-0.0220,-0.0391,0.9863,
45.075,IMU,257.9167,169.0379,213.4773,6.9029,6.9881,-254.619,-3.532,-1.392,-132.170,0.0518,0.0425,0.9116,
45.085,ENC,258.0394,169.1844,213.6119,6.1359,7.3290,-254.551,-3.532,-1.392,-132.170,0.0518,0.0425,0.9116,
45.090,IMU,258.0394,169.1844,213.6119,6.1359,7.3290,-254.551,-3.428,-1.449,-132.167,-0.0327,-0.0879,1.0122,
45.105,ENC,258.1826,169.3276,213.7551,7.1586,7.1586,-254.551,-3.428,-1.449,-132.167,-0.0327,-0.0879,1.0122,
45.111,IMU,258.1826,169.3276,213.7551,7.1586,7.1586,-254.551,-3.539,-1.327,-132.116,0.1372,0.0933,0.9678,
45.125,ENC,258.3155,169.4759,213.8957,6.6473,7.4142,-254.507,-3.539,-1.327,-132.116,0.1372,0.0933,0.9678,
45.130,IMU,258.3155,169.4759,213.8957,6.6473,7.4142,-254.507,-3.483,-1.208,-132.053,0.0171,0.0723,1.0005,
45.145,ENC,258.4570,169.6208,214.0389,7.0734,7.2438,-254.497,-3.483,-1.208,-132.053,0.0171,0.0723,1.0005,
45.155,IMU,258.4570,169.6208,214.0389,7.0734,7.2438,-254.497,-3.389,-1.218,-132.011,-0.0312,-0.0122,1.0786,
45.165,ENC,258.5951,169.7708,214.1829,6.9029,7.4995,-254.463,-3.389,-1.218,-132.011,-0.0312,-0.0122,1.0786,
45.169,IMU,258.5951,169.7708,214.1829,6.9029,7.4995,-254.463,-3.403,-1.110,-131.942,0.0640,0.0913,1.0132,
45.185,ENC,258.7331,169.9173,214.3252,6.9029,7.3290,-254.438,-3.403,-1.110,-131.942,0.0640,0.0913,1.0132,
45.189,IMU,258.7331,169.9173,214.3252,6.9029,7.3290,-254.438,-3.392,-1.089,-131.897,0.0615,-0.0488,0.9478,
45.205,ENC,258.8797,170.0639,214.4718,7.3290,7.3290,-254.438,-3.392,-1.089,-131.897,0.0615,-0.0488,0.9478,
45.209,IMU,258.8797,170.0639,214.4718,7.3290,7.3290,-254.438,-3.365,-1.010,-131.846,0.0703,0.0059,0.9009,
45.226,ENC,259.0178,170.2190,214.6184,6.9029,7.7551,-254.390,-3.365,-1.010,-131.846,0.0703,0.0059,0.9009,
45.229,IMU,259.0178,170.2190,214.6184,6.9029,7.7551,-254.390,-3.378,-0.985,-131.806,0.0508,-0.0156,1.0010,
45.245,ENC,259.1609,170.3656,214.7633,7.1586,7.3290,-254.380,-3.378,-0.985,-131.806,0.0508,-0.0156,1.0010,
45.249,IMU,259.1609,170.3656,214.7633,7.1586,7.3290,-254.380,-3.462,-1.019,-131.776,0.1250,-0.0366,0.9941,
45.265,ENC,259.3041,170.5156,214.9099,7.1586,7.4995,-254.360,-3.462,-1.019,-131.776,0.1250,-0.0366,0.9941,
45.269,IMU,259.3041,170.5156,214.9099,7.1586,7.4995,-254.360,-3.643,-0.941,-131.767,0.2119,0.0386,0.9360,
45.285,ENC,259.4456,170.6673,215.0564,7.0734,7.5847,-254.331,-3.643,-0.941,-131.767,0.2119,0.0386,0.9360,
45.289,IMU,259.4456,170.6673,215.0564,7.0734,7.5847,-254.331,-3.618,-0.969,-131.778,0.0767,-0.0356,0.9463,
45.306,ENC,259.5956,170.8173,215.2064,7.4995,7.4995,-254.331,-3.618,-0.969,-131.778,0.0767,-0.0356,0.9463,
45.309,IMU,259.5956,170.8173,215.2064,7.4995,7.4995,-254.331,-3.722,-1.010,-131.758,0.1572,-0.0215,0.9536,
45.325,ENC,259.7473,170.9622,215.3547,7.5847,7.2438,-254.351,-3.722,-1.010,-131.758,0.1572,-0.0215,0.9536,
45.330,IMU,259.7473,170.9622,215.3547,7.5847,7.2438,-254.351,-3.725,-1.059,-131.727,0.0244,-0.0879,1.0610,
45.345,ENC,259.8921,171.1070,215.4996,7.2438,7.2438,-254.351,-3.725,-1.059,-131.727,0.0244,-0.0879,1.0610,
45.350,IMU,259.8921,171.1070,215.4996,7.2438,7.2438,-254.351,-3.808,-1.079,-131.695,0.1475,-0.0151,0.9097,
45.365,ENC,260.0387,171.2638,215.6513,7.3290,7.8403,-254.321,-3.808,-1.079,-131.695,0.1475,-0.0151,0.9097,
45.369,IMU,260.0387,171.2638,215.6513,7.3290,7.8403,-254.321,-3.867,-1.030,-131.642,0.1548,0.0029,0.9272,
45.386,ENC,260.1785,171.4172,215.7979,6.9881,7.6699,-254.282,-3.867,-1.030,-131.642,0.1548,0.0029,0.9272,
45.392,IMU,260.1785,171.4172,215.7979,6.9881,7.6699,-254.282,-3.821,-1.095,-131.663,0.0605,-0.0723,1.0503,
45.407,ENC,260.3199,171.5604,215.9402,7.0734,7.1586,-254.277,-3.821,-1.095,-131.663,0.0605,-0.0723,1.0503,
45.410,IMU,260.3199,171.5604,215.9402,7.0734,7.1586,-254.277,-3.755,-1.077,-131.639,0.0420,-0.0239,0.8931,
45.426,ENC,260.4768,171.7070,216.0919,7.8403,7.3290,-254.307,-3.755,-1.077,-131.639,0.0420,-0.0239,0.8931,
45.430,IMU,260.4768,171.7070,216.0919,7.8403,7.3290,-254.307,-3.619,-1.210,-131.729,-0.0591,-0.1143,1.0679,
45.445,ENC,260.6302,171.8450,216.2376,7.6699,6.9029,-254.351,-3.619,-1.210,-131.729,-0.0591,-0.1143,1.0679,
45.449,IMU,260.6302,171.8450,216.2376,7.6699,6.9029,-254.351,-3.566,-1.243,-131.752,0.0483,-0.0664,0.9077,
45.465,ENC,260.7853,171.9933,216.3893,7.7551,7.4142,-254.370,-3.566,-1.243,-131.752,0.0483,-0.0664,0.9077,
45.472,IMU,260.7853,171.9933,216.3893,7.7551,7.4142,-254.370,-3.547,-1.151,-131.749,0.0400,0.0767,1.1807,
45.485,ENC,260.9199,172.1536,216.5367,6.7325,8.0108,-254.297,-3.547,-1.151,-131.749,0.0400,0.0767,1.1807,
45.489,IMU,260.9199,172.1536,216.5367,6.7325,8.0108,-254.297,-3.607,-1.069,-131.735,0.1162,0.0601,0.9365,
45.505,ENC,261.0648,172.2797,216.6722,7.2438,6.3064,-254.351,-3.607,-1.069,-131.735,0.1162,0.0601,0.9365,
45.510,IMU,261.0648,172.2797,216.6722,7.2438,6.3064,-254.351,-3.646,-1.080,-131.788,0.0635,0.0083,0.9155,
45.524,ENC,261.2182,172.4109,216.8145,7.6699,6.5620,-254.414,-3.646,-1.080,-131.788,0.0635,0.0083,0.9155,
45.533,IMU,261.2182,172.4109,216.8145,7.6699,6.5620,-254.414,-3.496,-1.118,-131.876,-0.0801,0.0195,1.0996,
45.545,ENC,261.3767,172.5439,216.9603,7.9256,6.6473,-254.487,-3.496,-1.118,-131.876,-0.0801,0.0195,1.0996,
45.549,IMU,261.3767,172.5439,216.9603,7.9256,6.6473,-254.487,-3.422,-1.039,-131.928,0.0312,0.0220,0.9619,
45.566,ENC,261.5250,172.6870,217.1060,7.4142,7.1586,-254.502,-3.422,-1.039,-131.928,0.0312,0.0220,0.9619,
45.571,IMU,261.5250,172.6870,217.1060,7.4142,7.1586,-254.502,-3.226,-1.093,-131.952,-0.0942,-0.0347,1.0137,
45.585,ENC,261.6852,172.8370,217.2611,8.0108,7.4995,-254.531,-3.226,-1.093,-131.952,-0.0942,-0.0347,1.0137,
45.589,IMU,261.6852,172.8370,217.2611,8.0108,7.4995,-254.531,-3.242,-1.213,-131.899,-0.0015,-0.1309,1.0273,
45.605,ENC,261.8488,172.9887,217.4188,8.1812,7.5847,-254.565,-3.242,-1.213,-131.899,-0.0015,-0.1309,1.0273,
45.612,IMU,261.8488,172.9887,217.4188,8.1812,7.5847,-254.565,-3.412,-1.192,-131.858,0.1592,-0.0303,0.8872,
45.624,ENC,262.0227,173.1472,217.5849,8.6926,7.9256,-254.609,-3.412,-1.192,-131.858,0.1592,-0.0303,0.8872,
45.632,IMU,262.0227,173.1472,217.5849,8.6926,7.9256,-254.609,-3.471,-1.345,-131.964,0.0874,-0.1436,1.0615,
45.645,ENC,262.2136,173.3126,217.7631,9.5448,8.2665,-254.683,-3.471,-1.345,-131.964,0.0874,-0.1436,1.0615,
45.650,IMU,262.2136,173.3126,217.7631,9.5448,8.2665,-254.683,-3.476,-1.480,-131.999,0.0654,-0.1895,1.0820,
45.668,ENC,262.4113,173.4523,217.9318,9.8857,6.9881,-254.849,-3.476,-1.480,-131.999,0.0654,-0.1895,1.0820,
45.673,IMU,262.4113,173.4523,217.9318,9.8857,6.9881,-254.849,-3.533,-1.476,-132.107,0.1187,-0.0508,1.0449,
45.685,ENC,262.6226,173.5887,218.1056,10.5674,6.8177,-255.063,-3.533,-1.476,-132.107,0.1187,-0.0508,1.0449,
45.689,IMU,262.6226,173.5887,218.1056,10.5674,6.8177,-255.063,-3.677,-1.324,-132.257,0.2036,0.0850,0.8882,
45.705,ENC,262.8459,173.7284,218.2872,11.1640,6.9881,-255.303,-3.677,-1.324,-132.257,0.2036,0.0850,0.8882,
45.709,IMU,262.8459,173.7284,218.2872,11.1640,6.9881,-255.303,-3.746,-1.295,-132.403,0.0352,0.0122,1.0645,
45.725,ENC,263.0760,173.8682,218.4721,11.5049,6.9881,-255.562,-3.746,-1.295,-132.403,0.0352,0.0122,1.0645,
45.729,IMU,263.0760,173.8682,218.4721,11.5049,6.9881,-255.562,-3.767,-1.365,-132.560,0.0498,-0.1304,1.1514,
45.752,IMU,263.0760,173.8682,218.4721,11.5049,6.9881,-255.562,-3.716,-1.433,-132.733,0.0283,-0.0898,1.0293,
45.754,ENC,263.2959,173.9875,218.6417,10.9935,5.9655,-255.850,-3.716,-1.433,-132.733,0.0283,-0.0898,1.0293,
45.765,ENC,263.5106,174.1205,218.8155,10.7379,6.6473,-256.084,-3.716,-1.433,-132.733,0.0283,-0.0898,1.0293,
45.770,IMU,263.5106,174.1205,218.8155,10.7379,6.6473,-256.084,-3.632,-1.422,-132.829,-0.0161,-0.0684,0.9849,
45.785,ENC,263.7118,174.2466,218.9792,10.0561,6.3064,-256.299,-3.632,-1.422,-132.829,-0.0161,-0.0684,0.9849,
45.790,IMU,263.7118,174.2466,218.9792,10.0561,6.3064,-256.299,-3.427,-1.499,-132.946,-0.1685,-0.0884,1.0220,
45.805,ENC,263.9078,174.3642,219.1360,9.8004,5.8803,-256.523,-3.427,-1.499,-132.946,-0.1685,-0.0884,1.0220,
45.811,IMU,263.9078,174.3642,219.1360,9.8004,5.8803,-256.523,-3.495,-1.524,-133.046,0.0859,-0.0283,1.0967,
45.827,ENC,264.0970,174.4954,219.2962,9.4595,6.5620,-256.689,-3.495,-1.524,-133.046,0.0859,-0.0283,1.0967,
45.830,IMU,264.0970,174.4954,219.2962,9.4595,6.5620,-256.689,-3.666,-1.492,-133.054,0.2026,-0.0415,0.9634,
45.844,ENC,264.2776,174.6045,219.4411,9.0334,5.4542,-256.895,-3.666,-1.492,-133.054,0.2026,-0.0415,0.9634,
45.849,IMU,264.2776,174.6045,219.4411,9.0334,5.4542,-256.895,-3.639,-1.423,-133.130,0.0459,-0.0420,1.1279,
45.865,ENC,264.4498,174.6846,219.5672,8.6073,4.0054,-257.158,-3.639,-1.423,-133.130,0.0459,-0.0420,1.1279,
45.872,IMU,264.4498,174.6846,219.5672,8.6073,4.0054,-257.158,-3.559,-1.415,-133.285,0.0039,0.0073,0.9976,
45.885,ENC,264.6338,174.7460,219.6899,9.2039,3.0680,-257.510,-3.559,-1.415,-133.285,0.0039,0.0073,0.9976,
45.889,IMU,264.6338,174.7460,219.6899,9.2039,3.0680,-257.510,-3.629,-1.433,-133.455,0.1323,-0.0430,1.0215,
45.904,ENC,264.8213,174.7954,219.8084,9.3743,2.4714,-257.905,-3.629,-1.433,-133.455,0.1323,-0.0430,1.0215,
45.911,IMU,264.8213,174.7954,219.8084,9.3743,2.4714,-257.905,-3.493,-1.475,-133.608,-0.0122,-0.0566,0.9639,
45.925,ENC,265.0139,174.8431,219.9285,9.6300,2.3862,-258.320,-3.493,-1.475,-133.608,-0.0122,-0.0566,0.9639,
45.930,IMU,265.0139,174.8431,219.9285,9.6300,2.3862,-258.320,-3.372,-1.361,-133.791,-0.0054,0.0674,1.0869,
45.945,ENC,265.1997,174.8857,220.0427,9.2891,2.1305,-258.730,-3.372,-1.361,-133.791,-0.0054,0.0674,1.0869,
45.953,IMU,265.1997,174.8857,220.0427,9.2891,2.1305,-258.730,-3.453,-1.307,-133.927,0.1426,0.0430,0.9414,
45.966,ENC,265.3838,174.9266,220.1552,9.2039,2.0453,-259.141,-3.453,-1.307,-133.927,0.1426,0.0430,0.9414,
45.974,IMU,265.3838,174.9266,220.1552,9.2039,2.0453,-259.141,-3.521,-1.342,-134.118,0.1572,0.0215,0.9360,
45.985,ENC,265.5730,174.9658,220.2694,9.4595,1.9601,-259.570,-3.521,-1.342,-134.118,0.1572,0.0215,0.9360,
45.991,IMU,265.5730,174.9658,220.2694,9.4595,1.9601,-259.570,-3.460,-1.316,-134.275,0.0176,0.0142,0.9932,
46.005,ENC,265.7622,175.0068,220.3845,9.4595,2.0453,-259.995,-3.460,-1.316,-134.275,0.0176,0.0142,0.9932,
46.009,IMU,265.7622,175.0068,220.3845,9.4595,2.0453,-259.995,-3.299,-1.298,-134.439,-0.0664,0.0039,0.9570,
46.025,ENC,265.9514,175.0528,220.5021,9.4595,2.3010,-260.405,-3.299,-1.298,-134.439,-0.0664,0.0039,0.9570,
46.032,IMU,265.9514,175.0528,220.5021,9.4595,2.3010,-260.405,-3.180,-1.317,-134.634,-0.1069,0.0005,1.0522,
46.045,ENC,266.1303,175.0852,220.6077,8.9482,1.6192,-260.825,-3.180,-1.317,-134.634,-0.1069,0.0005,1.0522,
46.049,IMU,266.1303,175.0852,220.6077,8.9482,1.6192,-260.825,-3.116,-1.165,-134.867,0.0166,0.0830,0.8384,
46.065,ENC,266.3042,175.1210,220.7126,8.6926,1.7896,-261.221,-3.116,-1.165,-134.867,0.0166,0.0830,0.8384,
46.071,IMU,266.3042,175.1210,220.7126,8.6926,1.7896,-261.221,-3.313,-1.105,-135.019,0.1792,0.0474,0.9995,
46.085,ENC,266.4576,175.1533,220.8055,7.6699,1.6192,-261.567,-3.313,-1.105,-135.019,0.1792,0.0474,0.9995,
46.089,IMU,266.4576,175.1533,220.8055,7.6699,1.6192,-261.567,-3.278,-0.978,-135.111,0.0713,0.0630,1.0781,
46.107,ENC,266.6007,175.1857,220.8932,7.1586,1.6192,-261.885,-3.278,-0.978,-135.111,0.0713,0.0630,1.0781,
46.118,IMU,266.6007,175.1857,220.8932,7.1586,1.6192,-261.885,-3.331,-0.842,-135.123,0.0625,0.0952,0.8770,
46.124,ENC,266.7235,175.2266,220.9750,6.1359,2.0453,-262.119,-3.331,-0.842,-135.123,0.0625,0.0952,0.8770,
46.129,IMU,266.7235,175.2266,220.9750,6.1359,2.0453,-262.119,-3.295,-0.773,-135.196,0.0317,0.0508,0.9717,
46.145,ENC,266.8343,175.2590,221.0466,5.5394,1.6192,-262.344,-3.295,-0.773,-135.196,0.0317,0.0508,0.9717,
46.149,IMU,266.8343,175.2590,221.0466,5.5394,1.6192,-262.344,-3.325,-0.733,-135.214,0.0405,0.0200,1.0879,
46.165,ENC,266.9399,175.2846,221.1123,5.2837,1.2783,-262.573,-3.325,-0.733,-135.214,0.0405,0.0200,1.0879,
46.169,IMU,266.9399,175.2846,221.1123,5.2837,1.2783,-262.573,-3.448,-0.645,-135.296,0.1318,0.0571,0.9326,
46.184,ENC,267.0371,175.2948,221.1659,4.8576,0.5113,-262.822,-3.448,-0.645,-135.296,0.1318,0.0571,0.9326,
46.189,IMU,267.0371,175.2948,221.1659,4.8576,0.5113,-262.822,-3.498,-0.537,-135.438,0.1421,0.1021,0.9351,
46.205,ENC,267.1359,175.2897,221.2128,4.9428,-0.2557,-263.120,-3.498,-0.537,-135.438,0.1421,0.1021,0.9351,
46.210,IMU,267.1359,175.2897,221.2128,4.9428,-0.2557,-263.120,-3.635,-0.476,-135.622,0.1274,0.0679,1.0181,
46.225,ENC,267.2314,175.2675,221.2495,4.7724,-1.1079,-263.457,-3.635,-0.476,-135.622,0.1274,0.0679,1.0181,
46.229,IMU,267.2314,175.2675,221.2495,4.7724,-1.1079,-263.457,-3.668,-0.401,-135.847,0.1099,0.0552,0.9844,
46.248,ENC,267.3234,175.2130,221.2682,4.6019,-2.7271,-263.877,-3.668,-0.401,-135.847,0.1099,0.0552,0.9844,
46.251,IMU,267.3234,175.2130,221.2682,4.6019,-2.7271,-263.877,-3.690,-0.366,-136.100,0.0669,0.0190,1.0444,
46.265,ENC,267.4121,175.1278,221.2699,4.4315,-4.2611,-264.375,-3.690,-0.366,-136.100,0.0669,0.0190,1.0444,
46.270,IMU,267.4121,175.1278,221.2699,4.4315,-4.2611,-264.375,-3.725,-0.380,-136.336,0.0688,0.0146,0.9590,
46.286,ENC,267.4956,175.0374,221.2665,4.1758,-4.5167,-264.873,-3.725,-0.380,-136.336,0.0688,0.0146,0.9590,
46.290,IMU,267.4956,175.0374,221.2665,4.1758,-4.5167,-264.873,-3.717,-0.387,-136.559,0.0356,0.0273,1.0757,
46.305,ENC,267.5740,174.9301,221.2520,3.9202,-5.3689,-265.405,-3.717,-0.387,-136.559,0.0356,0.0273,1.0757,
46.309,IMU,267.5740,174.9301,221.2520,3.9202,-5.3689,-265.405,-3.644,-0.522,-136.866,0.0010,-0.0283,1.0190,
46.326,ENC,267.6541,174.8227,221.2384,4.0054,-5.3689,-265.942,-3.644,-0.522,-136.866,0.0010,-0.0283,1.0190,
46.330,IMU,267.6541,174.8227,221.2384,4.0054,-5.3689,-265.942,-3.701,-0.475,-137.153,0.0659,0.0083,1.0679,
46.345,ENC,267.7308,174.7238,221.2273,3.8350,-4.9428,-266.445,-3.701,-0.475,-137.153,0.0659,0.0083,1.0679,
46.349,IMU,267.7308,174.7238,221.2273,3.8350,-4.9428,-266.445,-3.737,-0.401,-137.400,0.0396,0.0132,1.0571,
46.365,ENC,267.8041,174.6164,221.2103,3.6645,-5.3689,-266.963,-3.737,-0.401,-137.400,0.0396,0.0132,1.0571,
46.369,IMU,267.8041,174.6164,221.2103,3.6645,-5.3689,-266.963,-3.725,-0.441,-137.669,0.0625,0.0117,1.0586,
46.386,ENC,267.8705,174.5108,221.1907,3.3236,-5.2837,-267.456,-3.725,-0.441,-137.669,0.0625,0.0117,1.0586,
46.396,IMU,267.8705,174.5108,221.1907,3.3236,-5.2837,-267.456,-3.797,-0.413,-137.901,0.1074,0.0298,0.9463,
46.405,ENC,267.9353,174.4596,221.1975,3.2384,-2.5566,-267.788,-3.797,-0.413,-137.901,0.1074,0.0298,0.9463,
46.409,IMU,267.9353,174.4596,221.1975,3.2384,-2.5566,-267.788,-3.812,-0.392,-138.192,0.0474,0.0254,1.1011,
46.425,ENC,268.0069,174.3778,221.1924,3.5793,-4.0906,-268.228,-3.812,-0.392,-138.192,0.0474,0.0254,1.1011,
46.431,IMU,268.0069,174.3778,221.1924,3.5793,-4.0906,-268.228,-3.819,-0.394,-138.495,0.1079,0.0181,0.9409,
