time_s,source,dist_l_in,dist_r_in,dist_avg_in,speed_l_in_s,speed_r_in_s,enc_heading_deg,pitch_deg,roll_deg,yaw_deg,acc_x_g,acc_y_g,acc_z_g,note
0.022,IMU,0.0000,0.0000,0.0000,0.0000,0.0000,0.000,-3.874,-0.412,0.032,0.0728,-0.0181,1.0015,
0.022,ENC,0.0000,0.0000,0.0000,0.0000,0.0000,0.000,-3.874,-0.412,0.032,0.0728,-0.0181,1.0015,
0.025,IMU,0.0000,0.0000,0.0000,0.0000,0.0000,0.000,-3.854,-0.374,-0.041,0.0522,0.0044,0.9839,
0.027,ENC,0.0000,0.0000,0.0000,0.0000,0.0000,0.000,-3.854,-0.374,-0.041,0.0522,0.0044,0.9839,
0.028,IMU,0.0000,0.0000,0.0000,0.0000,0.0000,0.000,-3.831,-0.345,-0.062,0.0557,0.0000,0.9756,
0.041,ENC,0.0000,0.0000,0.0000,0.0000,0.0000,0.000,-3.831,-0.345,-0.062,0.0557,0.0000,0.9756,
0.052,IMU,0.0000,0.0000,0.0000,0.0000,0.0000,0.000,-3.868,-0.365,-0.079,0.0688,-0.0083,0.9966,
0.070,ENC,0.0000,0.0000,0.0000,0.0000,0.0000,0.000,-3.868,-0.365,-0.079,0.0688,-0.0083,0.9966,
0.083,ENC,0.0000,0.0000,0.0000,0.0000,0.0000,0.000,-3.868,-0.365,-0.079,0.0688,-0.0083,0.9966,
0.100,IMU,0.0000,0.0000,0.0000,0.0000,0.0000,0.000,-3.863,-0.351,-0.087,0.0713,-0.0088,0.9863,
0.102,ENC,0.0000,0.0000,0.0000,0.0000,0.0000,0.000,-3.863,-0.351,-0.087,0.0713,-0.0088,0.9863,
0.108,IMU,0.0000,0.0000,0.0000,0.0000,0.0000,0.000,-3.850,-0.376,-0.185,0.0581,-0.0205,0.9946,
0.122,ENC,0.0000,0.0000,0.0000,0.0000,0.0000,0.000,-3.850,-0.376,-0.185,0.0581,-0.0205,0.9946,
0.127,IMU,0.0000,0.0000,0.0000,0.0000,0.0000,0.000,-3.859,-0.398,-0.195,0.0742,-0.0098,1.0034,
0.141,ENC,0.0000,0.0000,0.0000,0.0000,0.0000,0.000,-3.859,-0.398,-0.195,0.0742,-0.0098,1.0034,
0.148,IMU,0.0000,0.0000,0.0000,0.0000,0.0000,0.000,-3.851,-0.447,-0.215,0.0645,-0.0112,0.9912,
0.162,ENC,0.0000,0.0000,0.0000,0.0000,0.0000,0.000,-3.851,-0.447,-0.215,0.0645,-0.0112,0.9912,
0.169,IMU,0.0000,0.0000,0.0000,0.0000,0.0000,0.000,-3.871,-0.427,-0.205,0.0693,0.0063,0.9941,
0.182,ENC,0.0000,0.0000,0.0000,0.0000,0.0000,0.000,-3.871,-0.427,-0.205,0.0693,0.0063,0.9941,
0.187,IMU,0.0000,0.0000,0.0000,0.0000,0.0000,0.000,-3.874,-0.391,-0.169,0.0586,-0.0093,0.9976,
0.201,ENC,0.0000,0.0000,0.0000,0.0000,0.0000,0.000,-3.874,-0.391,-0.169,0.0586,-0.0093,0.9976,
0.212,IMU,0.0000,0.0000,0.0000,0.0000,0.0000,0.000,-3.866,-0.400,-0.167,0.0615,-0.0098,0.9922,
0.222,ENC,0.0000,0.0000,0.0000,0.0000,0.0000,0.000,-3.866,-0.400,-0.167,0.0615,-0.0098,0.9922,
0.228,IMU,0.0000,0.0000,0.0000,0.0000,0.0000,0.000,-3.888,-0.417,-0.124,0.0635,-0.0112,1.0010,
0.246,ENC,0.0000,0.0000,0.0000,0.0000,0.0000,0.000,-3.888,-0.417,-0.124,0.0635,-0.0112,1.0010,
0.248,IMU,0.0000,0.0000,0.0000,0.0000,0.0000,0.000,-3.872,-0.389,-0.092,0.0581,0.0049,0.9917,
0.263,ENC,0.0000,0.0000,0.0000,0.0000,0.0000,0.000,-3.872,-0.389,-0.092,0.0581,0.0049,0.9917,
0.267,IMU,0.0000,0.0000,0.0000,0.0000,0.0000,0.000,-3.860,-0.366,-0.054,0.0742,-0.0093,0.9966,
0.283,ENC,0.0000,0.0000,0.0000,0.0000,0.0000,0.000,-3.860,-0.366,-0.054,0.0742,-0.0093,0.9966,
0.287,IMU,0.0000,0.0000,0.0000,0.0000,0.0000,0.000,-3.845,-0.379,-0.065,0.0752,-0.0044,0.9966,
0.302,ENC,0.0000,0.0000,0.0000,0.0000,0.0000,0.000,-3.845,-0.379,-0.065,0.0752,-0.0044,0.9966,
0.308,IMU,0.0000,0.0000,0.0000,0.0000,0.0000,0.000,-3.801,-0.352,-0.135,0.0586,0.0015,0.9961,
0.324,ENC,0.0000,0.0000,0.0000,0.0000,0.0000,0.000,-3.801,-0.352,-0.135,0.0586,0.0015,0.9961,
0.331,IMU,0.0000,0.0000,0.0000,0.0000,0.0000,0.000,-3.817,-0.376,-0.124,0.0713,-0.0044,0.9966,
0.342,ENC,0.0000,0.0000,0.0000,0.0000,0.0000,0.000,-3.817,-0.376,-0.124,0.0713,-0.0044,0.9966,
0.347,IMU,0.0000,0.0000,0.0000,0.0000,0.0000,0.000,-3.813,-0.331,-0.098,0.0591,-0.0039,1.0078,
0.362,ENC,0.0000,0.0000,0.0000,0.0000,0.0000,0.000,-3.813,-0.331,-0.098,0.0591,-0.0039,1.0078,
0.367,IMU,0.0000,0.0000,0.0000,0.0000,0.0000,0.000,-3.854,-0.328,-0.063,0.0703,-0.0107,0.9917,
0.398,IMU,0.0000,0.0000,0.0000,0.0000,0.0000,0.000,-3.806,-0.311,-0.065,0.0493,-0.0029,0.9976,
0.402,ENC,0.0000,0.0000,0.0000,0.0000,0.0000,0.000,-3.806,-0.311,-0.065,0.0493,-0.0029,0.9976,
0.407,IMU,0.0000,0.0000,0.0000,0.0000,0.0000,0.000,-3.767,-0.343,-0.091,0.0654,0.0015,0.9995,
0.423,ENC,0.0000,0.0000,0.0000,0.0000,0.0000,0.000,-3.767,-0.343,-0.091,0.0654,0.0015,0.9995,
0.427,IMU,0.0000,0.0000,0.0000,0.0000,0.0000,0.000,-3.766,-0.365,-0.117,0.0684,-0.0068,0.9946,
0.442,ENC,0.0000,0.0000,0.0000,0.0000,0.0000,0.000,-3.766,-0.365,-0.117,0.0684,-0.0068,0.9946,
0.453,IMU,0.0000,0.0000,0.0000,0.0000,0.0000,0.000,-3.777,-0.384,-0.131,0.0674,0.0024,1.0005,
0.462,ENC,0.0000,0.0000,0.0000,0.0000,0.0000,0.000,-3.777,-0.384,-0.131,0.0674,0.0024,1.0005,
0.468,IMU,0.0000,0.0000,0.0000,0.0000,0.0000,0.000,-3.749,-0.439,-0.135,0.0703,0.0000,0.9980,
0.481,ENC,0.0000,0.0000,0.0000,0.0000,0.0000,0.000,-3.749,-0.439,-0.135,0.0703,0.0000,0.9980,
0.487,IMU,0.0000,0.0000,0.0000,0.0000,0.0000,0.000,-3.767,-0.450,-0.175,0.0640,-0.0166,1.0088,
0.501,ENC,0.0000,0.0000,0.0000,0.0000,0.0000,0.000,-3.767,-0.450,-0.175,0.0640,-0.0166,1.0088,
0.507,IMU,0.0000,0.0000,0.0000,0.0000,0.0000,0.000,-3.738,-0.470,-0.241,0.0728,-0.0107,1.0034,
0.521,ENC,0.0000,0.0000,0.0000,0.0000,0.0000,0.000,-3.738,-0.470,-0.241,0.0728,-0.0107,1.0034,
0.527,IMU,0.0000,0.0000,0.0000,0.0000,0.0000,0.000,-3.722,-0.444,-0.224,0.0664,-0.0044,1.0010,
0.541,ENC,0.0000,0.0000,0.0000,0.0000,0.0000,0.000,-3.722,-0.444,-0.224,0.0664,-0.0044,1.0010,
0.547,IMU,0.0000,0.0000,0.0000,0.0000,0.0000,0.000,-3.697,-0.449,-0.210,0.0552,-0.0088,1.0083,
0.562,ENC,0.0000,0.0000,0.0000,0.0000,0.0000,0.000,-3.697,-0.449,-0.210,0.0552,-0.0088,1.0083,
0.567,IMU,0.0000,0.0000,0.0000,0.0000,0.0000,0.000,-3.681,-0.452,-0.245,0.0596,-0.0142,0.9971,
0.582,ENC,0.0000,0.0000,0.0000,0.0000,0.0000,0.000,-3.681,-0.452,-0.245,0.0596,-0.0142,0.9971,
0.587,IMU,0.0000,0.0000,0.0000,0.0000,0.0000,0.000,-3.705,-0.446,-0.268,0.0571,-0.0049,0.9790,
0.602,ENC,0.0000,0.0000,0.0000,0.0000,0.0000,0.000,-3.705,-0.446,-0.268,0.0571,-0.0049,0.9790,
0.608,IMU,0.0000,0.0000,0.0000,0.0000,0.0000,0.000,-3.693,-0.437,-0.310,0.0601,-0.0078,0.9932,
0.622,ENC,0.0000,0.0000,0.0000,0.0000,0.0000,0.000,-3.693,-0.437,-0.310,0.0601,-0.0078,0.9932,
0.627,IMU,0.0000,0.0000,0.0000,0.0000,0.0000,0.000,-3.727,-0.425,-0.308,0.0781,-0.0093,0.9951,
0.641,ENC,0.0000,0.0000,0.0000,0.0000,0.0000,0.000,-3.727,-0.425,-0.308,0.0781,-0.0093,0.9951,
0.647,IMU,0.0000,0.0000,0.0000,0.0000,0.0000,0.000,-3.704,-0.459,-0.289,0.0586,-0.0039,0.9907,
0.661,ENC,0.0000,0.0000,0.0000,0.0000,0.0000,0.000,-3.704,-0.459,-0.289,0.0586,-0.0039,0.9907,
0.667,IMU,0.0000,0.0000,0.0000,0.0000,0.0000,0.000,-3.740,-0.488,-0.252,0.0674,-0.0005,1.0020,
0.700,ENC,0.0000,0.0000,0.0000,0.0000,0.0000,0.000,-3.740,-0.488,-0.252,0.0674,-0.0005,1.0020,
0.703,IMU,0.0000,0.0000,0.0000,0.0000,0.0000,0.000,-3.752,-0.461,-0.278,0.0688,-0.0044,0.9937,
0.703,ENC,0.0000,0.0000,0.0000,0.0000,0.0000,0.000,-3.752,-0.461,-0.278,0.0688,-0.0044,0.9937,
0.707,IMU,0.0000,0.0000,0.0000,0.0000,0.0000,0.000,-3.733,-0.438,-0.253,0.0688,-0.0044,0.9961,
0.722,ENC,0.0000,0.0000,0.0000,0.0000,0.0000,0.000,-3.733,-0.438,-0.253,0.0688,-0.0044,0.9961,
0.727,IMU,0.0000,0.0000,0.0000,0.0000,0.0000,0.000,-3.764,-0.385,-0.212,0.0757,-0.0024,0.9858,
0.741,ENC,0.0000,0.0000,0.0000,0.0000,0.0000,0.000,-3.764,-0.385,-0.212,0.0757,-0.0024,0.9858,
0.748,IMU,0.0000,0.0000,0.0000,0.0000,0.0000,0.000,-3.749,-0.420,-0.215,0.0620,-0.0254,0.9941,
0.762,ENC,0.0000,0.0000,0.0000,0.0000,0.0000,0.000,-3.749,-0.420,-0.215,0.0620,-0.0254,0.9941,
0.767,IMU,0.0000,0.0000,0.0000,0.0000,0.0000,0.000,-3.774,-0.379,-0.225,0.0737,-0.0039,0.9858,
0.790,ENC,0.0000,0.0000,0.0000,0.0000,0.0000,0.000,-3.774,-0.379,-0.225,0.0737,-0.0039,0.9858,
0.792,IMU,0.0000,0.0000,0.0000,0.0000,0.0000,0.000,-3.797,-0.370,-0.280,0.0693,-0.0059,0.9917,
0.802,ENC,0.0000,0.0000,0.0000,0.0000,0.0000,0.000,-3.797,-0.370,-0.280,0.0693,-0.0059,0.9917,
0.808,IMU,0.0000,0.0000,0.0000,0.0000,0.0000,0.000,-3.788,-0.312,-0.243,0.0508,-0.0049,0.9937,
0.832,IMU,0.0000,0.0000,0.0000,0.0000,0.0000,0.000,-3.786,-0.320,-0.245,0.0679,-0.0068,0.9834,
0.832,ENC,0.0000,0.0000,0.0000,0.0000,0.0000,0.000,-3.786,-0.320,-0.245,0.0679,-0.0068,0.9834,
0.843,ENC,0.0000,0.0000,0.0000,0.0000,0.0000,0.000,-3.786,-0.320,-0.245,0.0679,-0.0068,0.9834,
0.855,IMU,0.0000,0.0000,0.0000,0.0000,0.0000,0.000,-3.812,-0.335,-0.202,0.0669,-0.0098,0.9902,
0.862,ENC,0.0000,0.0000,0.0000,0.0000,0.0000,0.000,-3.812,-0.335,-0.202,0.0669,-0.0098,0.9902,
0.868,IMU,0.0000,0.0000,0.0000,0.0000,0.0000,0.000,-3.846,-0.331,-0.202,0.0713,0.0015,0.9961,
0.885,ENC,0.0000,0.0000,0.0000,0.0000,0.0000,0.000,-3.846,-0.331,-0.202,0.0713,0.0015,0.9961,
0.903,ENC,0.0000,0.0000,0.0000,0.0000,0.0000,0.000,-3.846,-0.331,-0.202,0.0713,0.0015,0.9961,
0.907,IMU,0.0000,0.0000,0.0000,0.0000,0.0000,0.000,-3.885,-0.345,-0.225,0.0718,-0.0034,0.9971,
0.921,ENC,0.0000,0.0000,0.0000,0.0000,0.0000,0.000,-3.885,-0.345,-0.225,0.0718,-0.0034,0.9971,
0.928,IMU,0.0000,0.0000,0.0000,0.0000,0.0000,0.000,-3.881,-0.343,-0.230,0.0615,-0.0024,0.9990,
0.948,IMU,0.0000,0.0000,0.0000,0.0000,0.0000,0.000,-3.903,-0.293,-0.218,0.0649,-0.0088,1.0039,
0.948,ENC,0.0000,0.0000,0.0000,0.0000,0.0000,0.000,-3.903,-0.293,-0.218,0.0649,-0.0088,1.0039,
0.962,ENC,0.0000,0.0000,0.0000,0.0000,0.0000,0.000,-3.903,-0.293,-0.218,0.0649,-0.0088,1.0039,
0.968,IMU,0.0000,0.0000,0.0000,0.0000,0.0000,0.000,-3.891,-0.306,-0.258,0.0493,-0.0078,0.9854,
0.982,ENC,0.0000,0.0000,0.0000,0.0000,0.0000,0.000,-3.891,-0.306,-0.258,0.0493,-0.0078,0.9854,
0.988,IMU,0.0000,0.0000,0.0000,0.0000,0.0000,0.000,-3.897,-0.317,-0.261,0.0659,-0.0098,0.9995,
1.001,ENC,0.0000,0.0000,0.0000,0.0000,0.0000,0.000,-3.897,-0.317,-0.261,0.0659,-0.0098,0.9995,
1.010,IMU,0.0000,0.0000,0.0000,0.0000,0.0000,0.000,-3.857,-0.324,-0.310,0.0591,0.0005,0.9810,
1.022,ENC,0.0000,0.0000,0.0000,0.0000,0.0000,0.000,-3.857,-0.324,-0.310,0.0591,0.0005,0.9810,
1.027,IMU,0.0000,0.0000,0.0000,0.0000,0.0000,0.000,-3.832,-0.320,-0.315,0.0635,0.0010,0.9912,
1.042,ENC,0.0000,0.0000,0.0000,0.0000,0.0000,0.000,-3.832,-0.320,-0.315,0.0635,0.0010,0.9912,
1.047,IMU,0.0000,0.0000,0.0000,0.0000,0.0000,0.000,-3.789,-0.310,-0.328,0.0645,0.0005,0.9985,
1.061,ENC,0.0000,0.0000,0.0000,0.0000,0.0000,0.000,-3.789,-0.310,-0.328,0.0645,0.0005,0.9985,
1.067,IMU,0.0000,0.0000,0.0000,0.0000,0.0000,0.000,-3.746,-0.324,-0.317,0.0596,-0.0195,0.9824,
1.084,ENC,0.0000,0.0000,0.0000,0.0000,0.0000,0.000,-3.746,-0.324,-0.317,0.0596,-0.0195,0.9824,
1.102,ENC,0.0000,0.0000,0.0000,0.0000,0.0000,0.000,-3.746,-0.324,-0.317,0.0596,-0.0195,0.9824,
1.110,IMU,0.0000,0.0000,0.0000,0.0000,0.0000,0.000,-3.833,-0.349,-0.299,0.0742,-0.0171,0.9961,
1.121,ENC,0.0000,0.0000,0.0000,0.0000,0.0000,0.000,-3.833,-0.349,-0.299,0.0742,-0.0171,0.9961,
1.127,IMU,0.0000,0.0000,0.0000,0.0000,0.0000,0.000,-3.821,-0.337,-0.345,0.0566,0.0020,0.9980,
1.141,ENC,0.0000,0.0000,0.0000,0.0000,0.0000,0.000,-3.821,-0.337,-0.345,0.0566,0.0020,0.9980,
1.147,IMU,0.0000,0.0000,0.0000,0.0000,0.0000,0.000,-3.801,-0.335,-0.357,0.0596,-0.0049,0.9922,
1.162,ENC,0.0000,0.0000,0.0000,0.0000,0.0000,0.000,-3.801,-0.335,-0.357,0.0596,-0.0049,0.9922,
1.167,IMU,0.0000,0.0000,0.0000,0.0000,0.0000,0.000,-3.792,-0.323,-0.403,0.0684,-0.0059,0.9961,
1.181,ENC,0.0000,0.0000,0.0000,0.0000,0.0000,0.000,-3.792,-0.323,-0.403,0.0684,-0.0059,0.9961,
1.188,IMU,0.0000,0.0000,0.0000,0.0000,0.0000,0.000,-3.751,-0.340,-0.406,0.0596,-0.0098,0.9932,
1.202,ENC,0.0000,0.0000,0.0000,0.0000,0.0000,0.000,-3.751,-0.340,-0.406,0.0596,-0.0098,0.9932,
1.207,IMU,0.0000,0.0000,0.0000,0.0000,0.0000,0.000,-3.737,-0.351,-0.400,0.0620,-0.0093,0.9985,
1.221,ENC,0.0000,0.0000,0.0000,0.0000,0.0000,0.000,-3.737,-0.351,-0.400,0.0620,-0.0093,0.9985,
1.227,IMU,0.0000,0.0000,0.0000,0.0000,0.0000,0.000,-3.701,-0.364,-0.416,0.0503,-0.0005,0.9980,
1.242,ENC,0.0000,0.0000,0.0000,0.0000,0.0000,0.000,-3.701,-0.364,-0.416,0.0503,-0.0005,0.9980,
1.247,IMU,0.0000,0.0000,0.0000,0.0000,0.0000,0.000,-3.708,-0.336,-0.398,0.0547,-0.0132,1.0054,
1.261,ENC,0.0000,0.0000,0.0000,0.0000,0.0000,0.000,-3.708,-0.336,-0.398,0.0547,-0.0132,1.0054,
1.267,IMU,0.0000,0.0000,0.0000,0.0000,0.0000,0.000,-3.735,-0.285,-0.381,0.0610,0.0073,1.0024,
1.282,ENC,0.0000,0.0000,0.0000,0.0000,0.0000,0.000,-3.735,-0.285,-0.381,0.0610,0.0073,1.0024,
1.287,IMU,0.0000,0.0000,0.0000,0.0000,0.0000,0.000,-3.745,-0.273,-0.401,0.0674,0.0049,0.9961,
1.302,ENC,0.0000,0.0000,0.0000,0.0000,0.0000,0.000,-3.745,-0.273,-0.401,0.0674,0.0049,0.9961,
1.308,IMU,0.0000,0.0000,0.0000,0.0000,0.0000,0.000,-3.745,-0.253,-0.369,0.0591,-0.0083,0.9951,
1.321,ENC,0.0000,0.0000,0.0000,0.0000,0.0000,0.000,-3.745,-0.253,-0.369,0.0591,-0.0083,0.9951,
1.327,IMU,0.0000,0.0000,0.0000,0.0000,0.0000,0.000,-3.765,-0.222,-0.329,0.0713,-0.0020,1.0000,
1.342,ENC,0.0000,0.0000,0.0000,0.0000,0.0000,0.000,-3.765,-0.222,-0.329,0.0713,-0.0020,1.0000,
1.347,IMU,0.0000,0.0000,0.0000,0.0000,0.0000,0.000,-3.758,-0.207,-0.331,0.0605,-0.0020,1.0063,
1.362,ENC,0.0000,0.0000,0.0000,0.0000,0.0000,0.000,-3.758,-0.207,-0.331,0.0605,-0.0020,1.0063,
1.367,IMU,0.0000,0.0000,0.0000,0.0000,0.0000,0.000,-3.752,-0.196,-0.301,0.0625,-0.0103,0.9971,
1.382,ENC,0.0000,0.0000,0.0000,0.0000,0.0000,0.000,-3.752,-0.196,-0.301,0.0625,-0.0103,0.9971,
1.387,IMU,0.0000,0.0000,0.0000,0.0000,0.0000,0.000,-3.784,-0.172,-0.308,0.0615,-0.0078,0.9932,
1.401,ENC,0.0000,0.0000,0.0000,0.0000,0.0000,0.000,-3.784,-0.172,-0.308,0.0615,-0.0078,0.9932,
1.407,IMU,0.0000,0.0000,0.0000,0.0000,0.0000,0.000,-3.773,-0.172,-0.303,0.0576,-0.0098,0.9922,
1.422,ENC,0.0000,0.0000,0.0000,0.0000,0.0000,0.000,-3.773,-0.172,-0.303,0.0576,-0.0098,0.9922,
1.428,IMU,0.0000,0.0000,0.0000,0.0000,0.0000,0.000,-3.835,-0.172,-0.319,0.0659,-0.0122,1.0020,
1.442,ENC,0.0000,0.0000,0.0000,0.0000,0.0000,0.000,-3.835,-0.172,-0.319,0.0659,-0.0122,1.0020,
1.448,IMU,0.0000,0.0000,0.0000,0.0000,0.0000,0.000,-3.822,-0.202,-0.394,0.0737,-0.0093,0.9937,
1.462,ENC,0.0000,0.0000,0.0000,0.0000,0.0000,0.000,-3.822,-0.202,-0.394,0.0737,-0.0093,0.9937,
1.467,IMU,0.0000,0.0000,0.0000,0.0000,0.0000,0.000,-3.798,-0.228,-0.387,0.0684,-0.0156,1.0044,
1.482,ENC,0.0000,0.0000,0.0000,0.0000,0.0000,0.000,-3.798,-0.228,-0.387,0.0684,-0.0156,1.0044,
1.487,IMU,0.0000,0.0000,0.0000,0.0000,0.0000,0.000,-3.784,-0.232,-0.409,0.0640,-0.0049,0.9985,
1.502,ENC,0.0000,0.0000,0.0000,0.0000,0.0000,0.000,-3.784,-0.232,-0.409,0.0640,-0.0049,0.9985,
1.508,IMU,0.0000,0.0000,0.0000,0.0000,0.0000,0.000,-3.797,-0.248,-0.409,0.0586,-0.0059,0.9976,
1.522,ENC,0.0000,0.0000,0.0000,0.0000,0.0000,0.000,-3.797,-0.248,-0.409,0.0586,-0.0059,0.9976,
1.527,IMU,0.0000,0.0000,0.0000,0.0000,0.0000,0.000,-3.780,-0.226,-0.449,0.0586,-0.0142,0.9971,
1.542,ENC,0.0000,0.0000,0.0000,0.0000,0.0000,0.000,-3.780,-0.226,-0.449,0.0586,-0.0142,0.9971,
1.549,IMU,0.0000,0.0000,0.0000,0.0000,0.0000,0.000,-3.762,-0.250,-0.451,0.0674,-0.0171,1.0024,
1.561,ENC,0.0000,0.0000,0.0000,0.0000,0.0000,0.000,-3.762,-0.250,-0.451,0.0674,-0.0171,1.0024,
1.567,IMU,0.0000,0.0000,0.0000,0.0000,0.0000,0.000,-3.740,-0.276,-0.502,0.0518,-0.0039,0.9873,
1.581,ENC,0.0000,0.0000,0.0000,0.0000,0.0000,0.000,-3.740,-0.276,-0.502,0.0518,-0.0039,0.9873,
1.587,IMU,0.0000,0.0000,0.0000,0.0000,0.0000,0.000,-3.753,-0.275,-0.529,0.0771,-0.0063,0.9946,
1.602,ENC,0.0000,0.0000,0.0000,0.0000,0.0000,0.000,-3.753,-0.275,-0.529,0.0771,-0.0063,0.9946,
1.607,IMU,0.0000,0.0000,0.0000,0.0000,0.0000,0.000,-3.735,-0.287,-0.567,0.0635,-0.0005,1.0015,
1.621,ENC,0.0000,0.0000,0.0000,0.0000,0.0000,0.000,-3.735,-0.287,-0.567,0.0635,-0.0005,1.0015,
1.627,IMU,0.0000,0.0000,0.0000,0.0000,0.0000,0.000,-3.768,-0.302,-0.594,0.0591,-0.0005,1.0049,
1.642,ENC,0.0000,0.0000,0.0000,0.0000,0.0000,0.000,-3.768,-0.302,-0.594,0.0591,-0.0005,1.0049,
1.647,IMU,0.0000,0.0000,0.0000,0.0000,0.0000,0.000,-3.772,-0.297,-0.578,0.0527,-0.0020,0.9990,
1.661,ENC,0.0000,0.0000,0.0000,0.0000,0.0000,0.000,-3.772,-0.297,-0.578,0.0527,-0.0020,0.9990,
1.668,IMU,0.0000,0.0000,0.0000,0.0000,0.0000,0.000,-3.784,-0.267,-0.569,0.0718,-0.0039,0.9819,
1.681,ENC,0.0000,0.0000,0.0000,0.0000,0.0000,0.000,-3.784,-0.267,-0.569,0.0718,-0.0039,0.9819,
1.687,IMU,0.0000,0.0000,0.0000,0.0000,0.0000,0.000,-3.826,-0.280,-0.522,0.0654,-0.0044,0.9897,
1.703,ENC,0.0000,0.0000,0.0000,0.0000,0.0000,0.000,-3.826,-0.280,-0.522,0.0654,-0.0044,0.9897,
1.708,IMU,0.0000,0.0000,0.0000,0.0000,0.0000,0.000,-3.863,-0.307,-0.531,0.0591,-0.0093,0.9775,
1.723,ENC,0.0000,0.0000,0.0000,0.0000,0.0000,0.000,-3.863,-0.307,-0.531,0.0591,-0.0093,0.9775,
1.727,IMU,0.0000,0.0000,0.0000,0.0000,0.0000,0.000,-3.911,-0.297,-0.548,0.0674,-0.0117,0.9868,
1.742,ENC,0.0000,0.0000,0.0000,0.0000,0.0000,0.000,-3.911,-0.297,-0.548,0.0674,-0.0117,0.9868,
1.747,IMU,0.0000,0.0000,0.0000,0.0000,0.0000,0.000,-3.917,-0.283,-0.512,0.0610,0.0005,0.9883,
1.761,ENC,0.0000,0.0000,0.0000,0.0000,0.0000,0.000,-3.917,-0.283,-0.512,0.0610,0.0005,0.9883,
1.767,IMU,0.0000,0.0000,0.0000,0.0000,0.0000,0.000,-3.911,-0.296,-0.536,0.0586,-0.0190,1.0020,
1.782,ENC,0.0000,0.0000,0.0000,0.0000,0.0000,0.000,-3.911,-0.296,-0.536,0.0586,-0.0190,1.0020,
1.787,IMU,0.0000,0.0000,0.0000,0.0000,0.0000,0.000,-3.900,-0.297,-0.572,0.0645,-0.0044,1.0010,
1.805,ENC,0.0000,0.0000,0.0000,0.0000,0.0000,0.000,-3.900,-0.297,-0.572,0.0645,-0.0044,1.0010,
1.821,ENC,0.0000,0.0000,0.0000,0.0000,0.0000,0.000,-3.900,-0.297,-0.572,0.0645,-0.0044,1.0010,
1.828,IMU,0.0000,0.0000,0.0000,0.0000,0.0000,0.000,-3.991,-0.223,-0.551,0.0640,-0.0024,0.9985,
1.842,ENC,0.0000,0.0000,0.0000,0.0000,0.0000,0.000,-3.991,-0.223,-0.551,0.0640,-0.0024,0.9985,
1.848,IMU,0.0000,0.0000,0.0000,0.0000,0.0000,0.000,-3.950,-0.242,-0.567,0.0679,-0.0098,1.0029,
1.861,ENC,0.0000,0.0000,0.0000,0.0000,0.0000,0.000,-3.950,-0.242,-0.567,0.0679,-0.0098,1.0029,
1.867,IMU,0.0000,0.0000,0.0000,0.0000,0.0000,0.000,-3.921,-0.215,-0.576,0.0562,0.0005,1.0005,
1.881,ENC,0.0000,0.0000,0.0000,0.0000,0.0000,0.000,-3.921,-0.215,-0.576,0.0562,0.0005,1.0005,
1.889,IMU,0.0000,0.0000,0.0000,0.0000,0.0000,0.000,-3.863,-0.256,-0.592,0.0630,-0.0122,0.9971,
1.902,ENC,0.0000,0.0000,0.0000,0.0000,0.0000,0.000,-3.863,-0.256,-0.592,0.0630,-0.0122,0.9971,
1.909,IMU,0.0000,0.0000,0.0000,0.0000,0.0000,0.000,-3.859,-0.209,-0.624,0.0732,-0.0093,1.0010,
1.922,ENC,0.0000,0.0000,0.0000,0.0000,0.0000,0.000,-3.859,-0.209,-0.624,0.0732,-0.0093,1.0010,
1.931,IMU,0.0000,0.0000,0.0000,0.0000,0.0000,0.000,-3.845,-0.221,-0.652,0.0630,-0.0117,0.9961,
1.941,ENC,0.0000,0.0000,0.0000,0.0000,0.0000,0.000,-3.845,-0.221,-0.652,0.0630,-0.0117,0.9961,
1.947,IMU,0.0000,0.0000,0.0000,0.0000,0.0000,0.000,-3.863,-0.196,-0.672,0.0703,-0.0161,0.9951,
1.961,ENC,0.0000,0.0000,0.0000,0.0000,0.0000,0.000,-3.863,-0.196,-0.672,0.0703,-0.0161,0.9951,
1.967,IMU,0.0000,0.0000,0.0000,0.0000,0.0000,0.000,-3.843,-0.203,-0.672,0.0581,-0.0029,0.9917,
1.982,ENC,0.0000,0.0000,0.0000,0.0000,0.0000,0.000,-3.843,-0.203,-0.672,0.0581,-0.0029,0.9917,
1.988,IMU,0.0000,0.0000,0.0000,0.0000,0.0000,0.000,-3.857,-0.149,-0.641,0.0581,0.0000,0.9932,
2.002,ENC,0.0000,0.0000,0.0000,0.0000,0.0000,0.000,-3.857,-0.149,-0.641,0.0581,0.0000,0.9932,
2.007,IMU,0.0000,0.0000,0.0000,0.0000,0.0000,0.000,-3.822,-0.137,-0.645,0.0522,-0.0112,0.9966,
2.022,ENC,0.0000,0.0000,0.0000,0.0000,0.0000,0.000,-3.822,-0.137,-0.645,0.0522,-0.0112,0.9966,
2.027,IMU,0.0000,0.0000,0.0000,0.0000,0.0000,0.000,-3.817,-0.145,-0.672,0.0586,-0.0093,1.0073,
2.041,ENC,0.0000,0.0000,0.0000,0.0000,0.0000,0.000,-3.817,-0.145,-0.672,0.0586,-0.0093,1.0073,
2.048,IMU,0.0000,0.0000,0.0000,0.0000,0.0000,0.000,-3.827,-0.152,-0.705,0.0688,-0.0103,0.9863,
2.061,ENC,0.0000,0.0000,0.0000,0.0000,0.0000,0.000,-3.827,-0.152,-0.705,0.0688,-0.0103,0.9863,
2.068,IMU,0.0000,0.0000,0.0000,0.0000,0.0000,0.000,-3.872,-0.150,-0.697,0.0586,0.0044,0.9897,
2.081,ENC,0.0000,0.0000,0.0000,0.0000,0.0000,0.000,-3.872,-0.150,-0.697,0.0586,0.0044,0.9897,
2.087,IMU,0.0000,0.0000,0.0000,0.0000,0.0000,0.000,-3.889,-0.147,-0.691,0.0620,-0.0093,0.9844,
2.102,ENC,0.0000,0.0000,0.0000,0.0000,0.0000,0.000,-3.889,-0.147,-0.691,0.0620,-0.0093,0.9844,
2.107,IMU,0.0000,0.0000,0.0000,0.0000,0.0000,0.000,-3.906,-0.165,-0.760,0.0684,-0.0054,0.9893,
2.121,ENC,0.0000,0.0000,0.0000,0.0000,0.0000,0.000,-3.906,-0.165,-0.760,0.0684,-0.0054,0.9893,
2.127,IMU,0.0000,0.0000,0.0000,0.0000,0.0000,0.000,-3.889,-0.138,-0.707,0.0679,-0.0181,0.9844,
2.142,ENC,0.0000,0.0000,0.0000,0.0000,0.0000,0.000,-3.889,-0.138,-0.707,0.0679,-0.0181,0.9844,
2.148,IMU,0.0000,0.0000,0.0000,0.0000,0.0000,0.000,-3.877,-0.136,-0.669,0.0625,-0.0044,0.9883,
2.162,ENC,0.0000,0.0000,0.0000,0.0000,0.0000,0.000,-3.877,-0.136,-0.669,0.0625,-0.0044,0.9883,
2.168,IMU,0.0000,0.0000,0.0000,0.0000,0.0000,0.000,-3.913,-0.102,-0.664,0.0762,-0.0020,0.9956,
2.182,ENC,0.0000,0.0000,0.0000,0.0000,0.0000,0.000,-3.913,-0.102,-0.664,0.0762,-0.0020,0.9956,
2.188,IMU,0.0000,0.0000,0.0000,0.0000,0.0000,0.000,-3.897,-0.136,-0.692,0.0552,-0.0161,1.0059,
2.202,ENC,0.0000,0.0000,0.0000,0.0000,0.0000,0.000,-3.897,-0.136,-0.692,0.0552,-0.0161,1.0059,
2.207,IMU,0.0000,0.0000,0.0000,0.0000,0.0000,0.000,-3.894,-0.170,-0.643,0.0605,-0.0210,0.9946,
2.221,ENC,0.0000,0.0000,0.0000,0.0000,0.0000,0.000,-3.894,-0.170,-0.643,0.0605,-0.0210,0.9946,
2.227,IMU,0.0000,0.0000,0.0000,0.0000,0.0000,0.000,-3.945,-0.165,-0.650,0.0679,-0.0117,0.9888,
2.242,ENC,0.0000,0.0000,0.0000,0.0000,0.0000,0.000,-3.945,-0.165,-0.650,0.0679,-0.0117,0.9888,
2.247,IMU,0.0000,0.0000,0.0000,0.0000,0.0000,0.000,-3.966,-0.163,-0.669,0.0767,-0.0103,0.9971,
2.261,ENC,0.0000,0.0000,0.0000,0.0000,0.0000,0.000,-3.966,-0.163,-0.669,0.0767,-0.0103,0.9971,
2.267,IMU,0.0000,0.0000,0.0000,0.0000,0.0000,0.000,-3.916,-0.176,-0.671,0.0630,0.0010,0.9868,
2.281,ENC,0.0000,0.0000,0.0000,0.0000,0.0000,0.000,-3.916,-0.176,-0.671,0.0630,0.0010,0.9868,
2.287,IMU,0.0000,0.0000,0.0000,0.0000,0.0000,0.000,-3.921,-0.204,-0.650,0.0610,-0.0034,0.9971,
2.302,ENC,0.0000,0.0000,0.0000,0.0000,0.0000,0.000,-3.921,-0.204,-0.650,0.0610,-0.0034,0.9971,
2.308,IMU,0.0000,0.0000,0.0000,0.0000,0.0000,0.000,-3.951,-0.148,-0.619,0.0752,0.0078,0.9932,
2.322,ENC,0.0000,0.0000,0.0000,0.0000,0.0000,0.000,-3.951,-0.148,-0.619,0.0752,0.0078,0.9932,
2.327,IMU,0.0000,0.0000,0.0000,0.0000,0.0000,0.000,-4.000,-0.149,-0.620,0.0669,-0.0063,0.9941,
2.341,ENC,0.0000,0.0000,0.0000,0.0000,0.0000,0.000,-4.000,-0.149,-0.620,0.0669,-0.0063,0.9941,
2.347,IMU,0.0000,0.0000,0.0000,0.0000,0.0000,0.000,-3.994,-0.160,-0.618,0.0581,-0.0151,1.0034,
2.361,ENC,0.0000,0.0000,0.0000,0.0000,0.0000,0.000,-3.994,-0.160,-0.618,0.0581,-0.0151,1.0034,
2.368,IMU,0.0000,0.0000,0.0000,0.0000,0.0000,0.000,-3.937,-0.189,-0.639,0.0625,-0.0054,0.9976,
2.382,ENC,0.0000,0.0000,0.0000,0.0000,0.0000,0.000,-3.937,-0.189,-0.639,0.0625,-0.0054,0.9976,
2.387,IMU,0.0000,0.0000,0.0000,0.0000,0.0000,0.000,-3.970,-0.263,-0.633,0.0806,-0.0107,0.9907,
2.402,ENC,0.0000,0.0000,0.0000,0.0000,0.0000,0.000,-3.970,-0.263,-0.633,0.0806,-0.0107,0.9907,
2.408,IMU,0.0000,0.0000,0.0000,0.0000,0.0000,0.000,-3.964,-0.260,-0.653,0.0576,-0.0132,0.9829,
2.422,ENC,0.0000,0.0000,0.0000,0.0000,0.0000,0.000,-3.964,-0.260,-0.653,0.0576,-0.0132,0.9829,
2.427,IMU,0.0000,0.0000,0.0000,0.0000,0.0000,0.000,-3.955,-0.221,-0.655,0.0610,-0.0049,1.0029,
2.442,ENC,0.0000,0.0000,0.0000,0.0000,0.0000,0.000,-3.955,-0.221,-0.655,0.0610,-0.0049,1.0029,
2.447,IMU,0.0000,0.0000,0.0000,0.0000,0.0000,0.000,-3.948,-0.228,-0.681,0.0581,0.0103,0.9858,
2.462,ENC,0.0000,0.0000,0.0000,0.0000,0.0000,0.000,-3.948,-0.228,-0.681,0.0581,0.0103,0.9858,
2.468,IMU,0.0000,0.0000,0.0000,0.0000,0.0000,0.000,-3.966,-0.236,-0.662,0.0498,-0.0137,0.9883,
2.481,ENC,0.0000,0.0000,0.0000,0.0000,0.0000,0.000,-3.966,-0.236,-0.662,0.0498,-0.0137,0.9883,
2.487,IMU,0.0000,0.0000,0.0000,0.0000,0.0000,0.000,-3.964,-0.254,-0.641,0.0664,0.0005,0.9956,
2.518,IMU,0.0000,0.0000,0.0000,0.0000,0.0000,0.000,-3.946,-0.218,-0.642,0.0562,-0.0112,0.9990,
2.522,ENC,0.0000,0.0000,0.0000,0.0000,0.0000,0.000,-3.946,-0.218,-0.642,0.0562,-0.0112,0.9990,
2.527,IMU,0.0000,0.0000,0.0000,0.0000,0.0000,0.000,-3.918,-0.267,-0.627,0.0679,-0.0039,0.9980,
2.545,ENC,0.0000,0.0000,0.0000,0.0000,0.0000,0.000,-3.918,-0.267,-0.627,0.0679,-0.0039,0.9980,
2.547,IMU,0.0000,0.0000,0.0000,0.0000,0.0000,0.000,-3.930,-0.252,-0.631,0.0581,-0.0098,0.9976,
2.562,ENC,0.0000,0.0000,0.0000,0.0000,0.0000,0.000,-3.930,-0.252,-0.631,0.0581,-0.0098,0.9976,
2.568,IMU,0.0000,0.0000,0.0000,0.0000,0.0000,0.000,-3.938,-0.252,-0.601,0.0620,-0.0103,0.9883,
2.582,ENC,0.0000,0.0000,0.0000,0.0000,0.0000,0.000,-3.938,-0.252,-0.601,0.0620,-0.0103,0.9883,
2.587,IMU,0.0000,0.0000,0.0000,0.0000,0.0000,0.000,-3.915,-0.280,-0.553,0.0571,-0.0098,0.9990,
2.602,ENC,0.0000,0.0000,0.0000,0.0000,0.0000,0.000,-3.915,-0.280,-0.553,0.0571,-0.0098,0.9990,
2.608,IMU,0.0000,0.0000,0.0000,0.0000,0.0000,0.000,-3.901,-0.274,-0.583,0.0527,-0.0107,1.0015,
2.626,ENC,0.0000,0.0000,0.0000,0.0000,0.0000,0.000,-3.901,-0.274,-0.583,0.0527,-0.0107,1.0015,
2.627,IMU,0.0000,0.0000,0.0000,0.0000,0.0000,0.000,-3.881,-0.257,-0.540,0.0723,-0.0059,0.9990,
2.642,ENC,0.0000,0.0000,0.0000,0.0000,0.0000,0.000,-3.881,-0.257,-0.540,0.0723,-0.0059,0.9990,
2.648,IMU,0.0000,0.0000,0.0000,0.0000,0.0000,0.000,-3.964,-0.263,-0.536,0.0674,-0.0127,1.0059,
2.661,ENC,0.0000,0.0000,0.0000,0.0000,0.0000,0.000,-3.964,-0.263,-0.536,0.0674,-0.0127,1.0059,
2.668,IMU,0.0000,0.0000,0.0000,0.0000,0.0000,0.000,-3.977,-0.299,-0.556,0.0654,-0.0068,1.0024,
2.681,ENC,0.0000,0.0000,0.0000,0.0000,0.0000,0.000,-3.977,-0.299,-0.556,0.0654,-0.0068,1.0024,
2.702,ENC,0.0000,0.0000,0.0000,0.0000,0.0000,0.000,-3.977,-0.299,-0.556,0.0654,-0.0068,1.0024,
2.707,IMU,0.0000,0.0000,0.0000,0.0000,0.0000,0.000,-3.979,-0.296,-0.556,0.0527,-0.0098,1.0024,
2.722,ENC,0.0000,0.0000,0.0000,0.0000,0.0000,0.000,-3.979,-0.296,-0.556,0.0527,-0.0098,1.0024,
2.730,IMU,0.0000,0.0000,0.0000,0.0000,0.0000,0.000,-3.937,-0.296,-0.611,0.0654,-0.0015,0.9902,
2.741,ENC,0.0000,0.0000,0.0000,0.0000,0.0000,0.000,-3.937,-0.296,-0.611,0.0654,-0.0015,0.9902,
2.750,IMU,0.0000,0.0000,0.0000,0.0000,0.0000,0.000,-3.923,-0.305,-0.608,0.0581,-0.0122,0.9902,
2.762,ENC,0.0000,0.0000,0.0000,0.0000,0.0000,0.000,-3.923,-0.305,-0.608,0.0581,-0.0122,0.9902,
2.767,IMU,0.0000,0.0000,0.0000,0.0000,0.0000,0.000,-3.888,-0.261,-0.610,0.0635,0.0112,0.9883,
2.782,ENC,0.0000,0.0000,0.0000,0.0000,0.0000,0.000,-3.888,-0.261,-0.610,0.0635,0.0112,0.9883,
2.788,IMU,0.0000,0.0000,0.0000,0.0000,0.0000,0.000,-3.886,-0.291,-0.645,0.0605,-0.0098,0.9819,
2.801,ENC,0.0000,0.0000,0.0000,0.0000,0.0000,0.000,-3.886,-0.291,-0.645,0.0605,-0.0098,0.9819,
2.807,IMU,0.0000,0.0000,0.0000,0.0000,0.0000,0.000,-3.829,-0.268,-0.643,0.0610,0.0005,0.9966,
2.822,ENC,0.0000,0.0000,0.0000,0.0000,0.0000,0.000,-3.829,-0.268,-0.643,0.0610,0.0005,0.9966,
2.827,IMU,0.0000,0.0000,0.0000,0.0000,0.0000,0.000,-3.853,-0.274,-0.624,0.0645,-0.0132,0.9927,
2.842,ENC,0.0000,0.0000,0.0000,0.0000,0.0000,0.000,-3.853,-0.274,-0.624,0.0645,-0.0132,0.9927,
2.847,IMU,0.0000,0.0000,0.0000,0.0000,0.0000,0.000,-3.834,-0.284,-0.645,0.0654,-0.0190,0.9956,
2.863,ENC,0.0000,0.0000,0.0000,0.0000,0.0000,0.000,-3.834,-0.284,-0.645,0.0654,-0.0190,0.9956,
2.867,IMU,0.0000,0.0000,0.0000,0.0000,0.0000,0.000,-3.830,-0.299,-0.711,0.0664,-0.0088,0.9946,
2.882,ENC,0.0000,0.0000,0.0000,0.0000,0.0000,0.000,-3.830,-0.299,-0.711,0.0664,-0.0088,0.9946,
2.888,IMU,0.0000,0.0000,0.0000,0.0000,0.0000,0.000,-3.841,-0.293,-0.721,0.0669,0.0029,0.9878,
2.902,ENC,0.0000,0.0000,0.0000,0.0000,0.0000,0.000,-3.841,-0.293,-0.721,0.0669,0.0029,0.9878,
2.908,IMU,0.0000,0.0000,0.0000,0.0000,0.0000,0.000,-3.866,-0.315,-0.704,0.0698,0.0107,0.9976,
2.922,ENC,0.0000,0.0000,0.0000,0.0000,0.0000,0.000,-3.866,-0.315,-0.704,0.0698,0.0107,0.9976,
2.927,IMU,0.0000,0.0000,0.0000,0.0000,0.0000,0.000,-3.857,-0.344,-0.702,0.0649,-0.0078,0.9868,
2.944,ENC,0.0000,0.0000,0.0000,0.0000,0.0000,0.000,-3.857,-0.344,-0.702,0.0649,-0.0078,0.9868,
2.952,IMU,0.0000,0.0000,0.0000,0.0000,0.0000,0.000,-3.878,-0.314,-0.711,0.0605,-0.0024,1.0049,
2.962,ENC,0.0000,0.0000,0.0000,0.0000,0.0000,0.000,-3.878,-0.314,-0.711,0.0605,-0.0024,1.0049,
2.971,IMU,0.0000,0.0000,0.0000,0.0000,0.0000,0.000,-3.883,-0.337,-0.742,0.0679,-0.0049,0.9927,
2.986,ENC,0.0000,0.0000,0.0000,0.0000,0.0000,0.000,-3.883,-0.337,-0.742,0.0679,-0.0049,0.9927,
2.987,IMU,0.0000,0.0000,0.0000,0.0000,0.0000,0.000,-3.847,-0.324,-0.725,0.0625,-0.0068,1.0010,
3.001,ENC,0.0000,0.0000,0.0000,0.0000,0.0000,0.000,-3.847,-0.324,-0.725,0.0625,-0.0068,1.0010,
3.007,IMU,0.0000,0.0000,0.0000,0.0000,0.0000,0.000,-3.825,-0.337,-0.760,0.0576,-0.0146,1.0020,
3.021,ENC,0.0000,0.0000,0.0000,0.0000,0.0000,0.000,-3.825,-0.337,-0.760,0.0576,-0.0146,1.0020,
3.027,IMU,0.0000,0.0000,0.0000,0.0000,0.0000,0.000,-3.831,-0.323,-0.776,0.0649,-0.0049,1.0005,
3.041,ENC,0.0000,0.0000,0.0000,0.0000,0.0000,0.000,-3.831,-0.323,-0.776,0.0649,-0.0049,1.0005,
3.048,IMU,0.0000,0.0000,0.0000,0.0000,0.0000,0.000,-3.802,-0.323,-0.821,0.0601,0.0068,0.9971,
3.061,ENC,0.0000,0.0000,0.0000,0.0000,0.0000,0.000,-3.802,-0.323,-0.821,0.0601,0.0068,0.9971,
3.067,IMU,0.0000,0.0000,0.0000,0.0000,0.0000,0.000,-3.787,-0.341,-0.823,0.0605,-0.0063,0.9956,
3.081,ENC,0.0000,0.0000,0.0000,0.0000,0.0000,0.000,-3.787,-0.341,-0.823,0.0605,-0.0063,0.9956,
3.087,IMU,0.0000,0.0000,0.0000,0.0000,0.0000,0.000,-3.786,-0.346,-0.779,0.0669,-0.0093,0.9863,
3.102,ENC,0.0000,0.0000,0.0000,0.0000,0.0000,0.000,-3.786,-0.346,-0.779,0.0669,-0.0093,0.9863,
3.107,IMU,0.0000,0.0000,0.0000,0.0000,0.0000,0.000,-3.755,-0.395,-0.809,0.0591,-0.0103,0.9976,
3.121,ENC,0.0000,0.0000,0.0000,0.0000,0.0000,0.000,-3.755,-0.395,-0.809,0.0591,-0.0103,0.9976,
3.127,IMU,0.0000,0.0000,0.0000,0.0000,0.0000,0.000,-3.783,-0.408,-0.758,0.0625,-0.0049,0.9829,
3.142,ENC,0.0000,0.0000,0.0000,0.0000,0.0000,0.000,-3.783,-0.408,-0.758,0.0625,-0.0049,0.9829,
3.165,ENC,0.0000,0.0000,0.0000,0.0000,0.0000,0.000,-3.783,-0.408,-0.758,0.0625,-0.0049,0.9829,
3.167,IMU,0.0000,0.0000,0.0000,0.0000,0.0000,0.000,-3.790,-0.446,-0.740,0.0742,-0.0156,0.9971,
3.171,IMU,0.0000,0.0000,0.0000,0.0000,0.0000,0.000,-3.763,-0.474,-0.774,0.0625,-0.0098,1.0093,
3.182,ENC,0.0000,0.0000,0.0000,0.0000,0.0000,0.000,-3.763,-0.474,-0.774,0.0625,-0.0098,1.0093,
3.189,IMU,0.0000,0.0000,0.0000,0.0000,0.0000,0.000,-3.794,-0.470,-0.741,0.0703,-0.0068,1.0107,
3.203,ENC,0.0000,0.0000,0.0000,0.0000,0.0000,0.000,-3.794,-0.470,-0.741,0.0703,-0.0068,1.0107,
3.214,IMU,0.0000,0.0000,0.0000,0.0000,0.0000,0.000,-3.767,-0.500,-0.773,0.0571,-0.0117,0.9917,
3.222,ENC,0.0000,0.0000,0.0000,0.0000,0.0000,0.000,-3.767,-0.500,-0.773,0.0571,-0.0117,0.9917,
3.229,IMU,0.0000,0.0000,0.0000,0.0000,0.0000,0.000,-3.766,-0.524,-0.789,0.0688,-0.0103,0.9858,
3.246,ENC,0.0000,0.0000,0.0000,0.0000,0.0000,0.000,-3.766,-0.524,-0.789,0.0688,-0.0103,0.9858,
3.248,IMU,0.0000,0.0000,0.0000,0.0000,0.0000,0.000,-3.784,-0.556,-0.764,0.0669,0.0034,1.0020,
3.261,ENC,0.0000,0.0000,0.0000,0.0000,0.0000,0.000,-3.784,-0.556,-0.764,0.0669,0.0034,1.0020,
3.268,IMU,0.0000,0.0000,0.0000,0.0000,0.0000,0.000,-3.759,-0.563,-0.767,0.0713,0.0029,0.9888,
3.282,ENC,0.0000,0.0000,0.0000,0.0000,0.0000,0.000,-3.759,-0.563,-0.767,0.0713,0.0029,0.9888,
3.287,IMU,0.0000,0.0000,0.0000,0.0000,0.0000,0.000,-3.731,-0.513,-0.798,0.0601,-0.0034,1.0015,
3.302,ENC,0.0000,0.0000,0.0000,0.0000,0.0000,0.000,-3.731,-0.513,-0.798,0.0601,-0.0034,1.0015,
3.311,IMU,0.0000,0.0000,0.0000,0.0000,0.0000,0.000,-3.777,-0.456,-0.779,0.0601,-0.0093,1.0020,
3.326,ENC,0.0000,0.0000,0.0000,0.0000,0.0000,0.000,-3.777,-0.456,-0.779,0.0601,-0.0093,1.0020,
3.328,IMU,0.0000,0.0000,0.0000,0.0000,0.0000,0.000,-3.751,-0.497,-0.783,0.0703,-0.0034,0.9971,
3.355,IMU,0.0000,0.0000,0.0000,0.0000,0.0000,0.000,-3.751,-0.507,-0.798,0.0659,-0.0166,0.9985,
3.370,ENC,0.0000,0.0000,0.0000,0.0000,0.0000,0.000,-3.751,-0.507,-0.798,0.0659,-0.0166,0.9985,
3.381,ENC,0.0000,0.0000,0.0000,0.0000,0.0000,0.000,-3.751,-0.507,-0.798,0.0659,-0.0166,0.9985,
3.388,IMU,0.0000,0.0000,0.0000,0.0000,0.0000,0.000,-3.771,-0.430,-0.762,0.0669,-0.0161,0.9941,
3.411,IMU,0.0000,0.0000,0.0000,0.0000,0.0000,0.000,-3.839,-0.446,-0.790,0.0669,-0.0186,0.9961,
3.411,ENC,0.0000,0.0000,0.0000,0.0000,0.0000,0.000,-3.839,-0.446,-0.790,0.0669,-0.0186,0.9961,
3.422,ENC,0.0000,0.0000,0.0000,0.0000,0.0000,0.000,-3.839,-0.446,-0.790,0.0669,-0.0186,0.9961,
3.427,IMU,0.0000,0.0000,0.0000,0.0000,0.0000,0.000,-3.867,-0.423,-0.751,0.0625,-0.0005,0.9922,
3.444,ENC,0.0000,0.0000,0.0000,0.0000,0.0000,0.000,-3.867,-0.423,-0.751,0.0625,-0.0005,0.9922,
3.449,IMU,0.0000,0.0000,0.0000,0.0000,0.0000,0.000,-3.827,-0.470,-0.775,0.0674,-0.0195,1.0005,
3.466,ENC,0.0000,0.0000,0.0000,0.0000,0.0000,0.000,-3.827,-0.470,-0.775,0.0674,-0.0195,1.0005,
3.468,IMU,0.0000,0.0000,0.0000,0.0000,0.0000,0.000,-3.813,-0.463,-0.802,0.0605,-0.0005,0.9868,
3.482,ENC,0.0000,0.0000,0.0000,0.0000,0.0000,0.000,-3.813,-0.463,-0.802,0.0605,-0.0005,0.9868,
3.488,IMU,0.0000,0.0000,0.0000,0.0000,0.0000,0.000,-3.812,-0.503,-0.798,0.0654,-0.0054,1.0054,
3.502,ENC,0.0000,0.0000,0.0000,0.0000,0.0000,0.000,-3.812,-0.503,-0.798,0.0654,-0.0054,1.0054,
3.507,IMU,0.0000,0.0000,0.0000,0.0000,0.0000,0.000,-3.812,-0.534,-0.807,0.0801,-0.0122,0.9961,
3.522,ENC,0.0000,0.0000,0.0000,0.0000,0.0000,0.000,-3.812,-0.534,-0.807,0.0801,-0.0122,0.9961,
3.527,IMU,0.0000,0.0000,0.0000,0.0000,0.0000,0.000,-3.771,-0.546,-0.803,0.0498,-0.0215,0.9980,
3.542,ENC,0.0000,0.0000,0.0000,0.0000,0.0000,0.000,-3.771,-0.546,-0.803,0.0498,-0.0215,0.9980,
3.548,IMU,0.0000,0.0000,0.0000,0.0000,0.0000,0.000,-3.800,-0.544,-0.785,0.0620,-0.0024,0.9976,
3.562,ENC,0.0000,0.0000,0.0000,0.0000,0.0000,0.000,-3.800,-0.544,-0.785,0.0620,-0.0024,0.9976,
3.567,IMU,0.0000,0.0000,0.0000,0.0000,0.0000,0.000,-3.779,-0.508,-0.777,0.0664,-0.0098,0.9990,
3.582,ENC,0.0000,0.0000,0.0000,0.0000,0.0000,0.000,-3.779,-0.508,-0.777,0.0664,-0.0098,0.9990,
3.587,IMU,0.0000,0.0000,0.0000,0.0000,0.0000,0.000,-3.757,-0.521,-0.784,0.0649,-0.0034,0.9946,
3.602,ENC,0.0000,0.0000,0.0000,0.0000,0.0000,0.000,-3.757,-0.521,-0.784,0.0649,-0.0034,0.9946,
3.607,IMU,0.0000,0.0000,0.0000,0.0000,0.0000,0.000,-3.781,-0.544,-0.755,0.0630,-0.0088,1.0015,
3.622,ENC,0.0000,0.0000,0.0000,0.0000,0.0000,0.000,-3.781,-0.544,-0.755,0.0630,-0.0088,1.0015,
3.627,IMU,0.0000,0.0000,0.0000,0.0000,0.0000,0.000,-3.781,-0.587,-0.744,0.0669,-0.0054,0.9990,
3.642,ENC,0.0000,0.0000,0.0000,0.0000,0.0000,0.000,-3.781,-0.587,-0.744,0.0669,-0.0054,0.9990,
3.650,IMU,0.0000,0.0000,0.0000,0.0000,0.0000,0.000,-3.752,-0.599,-0.729,0.0669,0.0000,0.9868,
3.662,ENC,0.0000,0.0000,0.0000,0.0000,0.0000,0.000,-3.752,-0.599,-0.729,0.0669,0.0000,0.9868,
3.668,IMU,0.0000,0.0000,0.0000,0.0000,0.0000,0.000,-3.651,-0.661,-0.762,0.0469,-0.0186,0.9941,
3.682,ENC,0.0000,0.0000,0.0000,0.0000,0.0000,0.000,-3.651,-0.661,-0.762,0.0469,-0.0186,0.9941,
3.702,ENC,0.0000,0.0000,0.0000,0.0000,0.0000,0.000,-3.651,-0.661,-0.762,0.0469,-0.0186,0.9941,
3.707,IMU,0.0000,0.0000,0.0000,0.0000,0.0000,0.000,-3.545,-0.642,-0.803,0.0659,-0.0073,0.9980,
3.721,ENC,0.0000,0.0000,0.0000,0.0000,0.0000,0.000,-3.545,-0.642,-0.803,0.0659,-0.0073,0.9980,
3.728,IMU,0.0000,0.0000,0.0000,0.0000,0.0000,0.000,-3.550,-0.626,-0.779,0.0576,-0.0098,0.9971,
3.742,ENC,0.0000,0.0000,0.0000,0.0000,0.0000,0.000,-3.550,-0.626,-0.779,0.0576,-0.0098,0.9971,
3.749,IMU,0.0000,0.0000,0.0000,0.0000,0.0000,0.000,-3.566,-0.676,-0.822,0.0522,-0.0146,0.9937,
3.762,ENC,0.0000,0.0000,0.0000,0.0000,0.0000,0.000,-3.566,-0.676,-0.822,0.0522,-0.0146,0.9937,
3.767,IMU,0.0000,0.0000,0.0000,0.0000,0.0000,0.000,-3.557,-0.681,-0.867,0.0635,-0.0029,0.9897,
3.782,ENC,0.0000,0.0000,0.0000,0.0000,0.0000,0.000,-3.557,-0.681,-0.867,0.0635,-0.0029,0.9897,
3.787,IMU,0.0000,0.0000,0.0000,0.0000,0.0000,0.000,-3.576,-0.695,-0.822,0.0674,-0.0112,0.9932,
3.802,ENC,0.0000,0.0000,0.0000,0.0000,0.0000,0.000,-3.576,-0.695,-0.822,0.0674,-0.0112,0.9932,
3.809,IMU,0.0000,0.0000,0.0000,0.0000,0.0000,0.000,-3.557,-0.680,-0.877,0.0581,-0.0156,0.9922,
3.822,ENC,0.0000,0.0000,0.0000,0.0000,0.0000,0.000,-3.557,-0.680,-0.877,0.0581,-0.0156,0.9922,
3.828,IMU,0.0000,0.0000,0.0000,0.0000,0.0000,0.000,-3.560,-0.675,-0.882,0.0654,0.0005,0.9834,
3.842,ENC,0.0000,0.0000,0.0000,0.0000,0.0000,0.000,-3.560,-0.675,-0.882,0.0654,0.0005,0.9834,
3.848,IMU,0.0000,0.0000,0.0000,0.0000,0.0000,0.000,-3.602,-0.667,-0.891,0.0776,0.0034,0.9927,
3.861,ENC,0.0000,0.0000,0.0000,0.0000,0.0000,0.000,-3.602,-0.667,-0.891,0.0776,0.0034,0.9927,
3.868,IMU,0.0000,0.0000,0.0000,0.0000,0.0000,0.000,-3.584,-0.663,-0.888,0.0640,-0.0093,0.9922,
3.882,ENC,0.0000,0.0000,0.0000,0.0000,0.0000,0.000,-3.584,-0.663,-0.888,0.0640,-0.0093,0.9922,
3.887,IMU,0.0000,0.0000,0.0000,0.0000,0.0000,0.000,-3.543,-0.637,-0.898,0.0454,-0.0068,0.9990,
3.901,ENC,0.0000,0.0000,0.0000,0.0000,0.0000,0.000,-3.543,-0.637,-0.898,0.0454,-0.0068,0.9990,
3.907,IMU,0.0000,0.0000,0.0000,0.0000,0.0000,0.000,-3.545,-0.636,-0.866,0.0718,-0.0049,0.9980,
3.922,ENC,0.0000,0.0000,0.0000,0.0000,0.0000,0.000,-3.545,-0.636,-0.866,0.0718,-0.0049,0.9980,
3.927,IMU,0.0000,0.0000,0.0000,0.0000,0.0000,0.000,-3.571,-0.666,-0.825,0.0684,-0.0039,0.9863,
3.941,ENC,0.0000,0.0000,0.0000,0.0000,0.0000,0.000,-3.571,-0.666,-0.825,0.0684,-0.0039,0.9863,
3.947,IMU,0.0000,0.0000,0.0000,0.0000,0.0000,0.000,-3.572,-0.686,-0.812,0.0581,-0.0088,1.0024,
3.962,ENC,0.0000,0.0000,0.0000,0.0000,0.0000,0.000,-3.572,-0.686,-0.812,0.0581,-0.0088,1.0024,
3.968,IMU,0.0000,0.0000,0.0000,0.0000,0.0000,0.000,-3.566,-0.674,-0.817,0.0625,-0.0098,0.9961,
3.982,ENC,0.0000,0.0000,0.0000,0.0000,0.0000,0.000,-3.566,-0.674,-0.817,0.0625,-0.0098,0.9961,
3.988,IMU,0.0000,0.0000,0.0000,0.0000,0.0000,0.000,-3.562,-0.672,-0.851,0.0693,-0.0088,1.0039,
4.002,ENC,0.0000,0.0000,0.0000,0.0000,0.0000,0.000,-3.562,-0.672,-0.851,0.0693,-0.0088,1.0039,
4.007,IMU,0.0000,0.0000,0.0000,0.0000,0.0000,0.000,-3.533,-0.694,-0.874,0.0576,0.0015,0.9941,
4.022,ENC,0.0000,0.0000,0.0000,0.0000,0.0000,0.000,-3.533,-0.694,-0.874,0.0576,0.0015,0.9941,
4.028,IMU,0.0000,0.0000,0.0000,0.0000,0.0000,0.000,-3.501,-0.689,-0.856,0.0581,-0.0049,0.9868,
4.042,ENC,0.0000,0.0000,0.0000,0.0000,0.0000,0.000,-3.501,-0.689,-0.856,0.0581,-0.0049,0.9868,
4.048,IMU,0.0000,0.0000,0.0000,0.0000,0.0000,0.000,-3.543,-0.692,-0.839,0.0674,-0.0117,0.9966,
4.062,ENC,0.0000,0.0000,0.0000,0.0000,0.0000,0.000,-3.543,-0.692,-0.839,0.0674,-0.0117,0.9966,
4.067,IMU,0.0000,0.0000,0.0000,0.0000,0.0000,0.000,-3.577,-0.611,-0.827,0.0708,0.0000,0.9937,
4.082,ENC,0.0000,0.0000,0.0000,0.0000,0.0000,0.000,-3.577,-0.611,-0.827,0.0708,0.0000,0.9937,
4.087,IMU,0.0000,0.0000,0.0000,0.0000,0.0000,0.000,-3.593,-0.620,-0.810,0.0713,-0.0112,0.9990,
4.102,ENC,0.0000,0.0000,0.0000,0.0000,0.0000,0.000,-3.593,-0.620,-0.810,0.0713,-0.0112,0.9990,
4.107,IMU,0.0000,0.0000,0.0000,0.0000,0.0000,0.000,-3.588,-0.598,-0.761,0.0557,-0.0044,0.9985,
4.121,ENC,0.0000,0.0000,0.0000,0.0000,0.0000,0.000,-3.588,-0.598,-0.761,0.0557,-0.0044,0.9985,
4.141,ENC,0.0000,0.0000,0.0000,0.0000,0.0000,0.000,-3.588,-0.598,-0.761,0.0557,-0.0044,0.9985,
4.148,IMU,0.0000,0.0000,0.0000,0.0000,0.0000,0.000,-3.589,-0.544,-0.823,0.0625,0.0005,0.9868,
4.162,ENC,0.0000,0.0000,0.0000,0.0000,0.0000,0.000,-3.589,-0.544,-0.823,0.0625,0.0005,0.9868,
4.167,IMU,0.0000,0.0000,0.0000,0.0000,0.0000,0.000,-3.645,-0.494,-0.848,0.0684,-0.0029,0.9849,
4.182,ENC,0.0000,0.0000,0.0000,0.0000,0.0000,0.000,-3.645,-0.494,-0.848,0.0684,-0.0029,0.9849,
4.188,IMU,0.0000,0.0000,0.0000,0.0000,0.0000,0.000,-3.632,-0.507,-0.917,0.0615,-0.0137,1.0034,
4.202,ENC,0.0000,0.0000,0.0000,0.0000,0.0000,0.000,-3.632,-0.507,-0.917,0.0615,-0.0137,1.0034,
4.208,IMU,0.0000,0.0000,0.0000,0.0000,0.0000,0.000,-3.663,-0.565,-0.917,0.0635,-0.0166,0.9976,
4.221,ENC,0.0000,0.0000,0.0000,0.0000,0.0000,0.000,-3.663,-0.565,-0.917,0.0635,-0.0166,0.9976,
4.235,IMU,0.0000,0.0000,0.0000,0.0000,0.0000,0.000,-3.685,-0.564,-0.874,0.0698,-0.0225,1.0015,
4.242,ENC,0.0000,0.0000,0.0000,0.0000,0.0000,0.000,-3.685,-0.564,-0.874,0.0698,-0.0225,1.0015,
4.248,IMU,0.0000,0.0000,0.0000,0.0000,0.0000,0.000,-3.694,-0.562,-0.893,0.0771,-0.0010,0.9883,
4.263,ENC,0.0000,0.0000,0.0000,0.0000,0.0000,0.000,-3.694,-0.562,-0.893,0.0771,-0.0010,0.9883,
4.268,IMU,0.0000,0.0000,0.0000,0.0000,0.0000,0.000,-3.653,-0.627,-0.865,0.0630,-0.0151,0.9873,
4.286,ENC,0.0000,0.0000,0.0000,0.0000,0.0000,0.000,-3.653,-0.627,-0.865,0.0630,-0.0151,0.9873,
4.288,IMU,0.0000,0.0000,0.0000,0.0000,0.0000,0.000,-3.651,-0.629,-0.841,0.0649,-0.0132,0.9951,
4.302,ENC,0.0000,0.0000,0.0000,0.0000,0.0000,0.000,-3.651,-0.629,-0.841,0.0649,-0.0132,0.9951,
4.307,IMU,0.0000,0.0000,0.0000,0.0000,0.0000,0.000,-3.667,-0.615,-0.846,0.0669,-0.0005,0.9976,
4.321,ENC,0.0000,0.0000,0.0000,0.0000,0.0000,0.000,-3.667,-0.615,-0.846,0.0669,-0.0005,0.9976,
4.327,IMU,0.0000,0.0000,0.0000,0.0000,0.0000,0.000,-3.651,-0.669,-0.872,0.0654,-0.0103,0.9941,
4.342,ENC,0.0000,0.0000,0.0000,0.0000,0.0000,0.000,-3.651,-0.669,-0.872,0.0654,-0.0103,0.9941,
4.347,IMU,0.0000,0.0000,0.0000,0.0000,0.0000,0.000,-3.668,-0.683,-0.914,0.0649,0.0029,0.9961,
4.362,ENC,0.0000,0.0000,0.0000,0.0000,0.0000,0.000,-3.668,-0.683,-0.914,0.0649,0.0029,0.9961,
4.368,IMU,0.0000,0.0000,0.0000,0.0000,0.0000,0.000,-3.637,-0.677,-0.957,0.0698,-0.0005,0.9995,
4.386,ENC,0.0000,0.0000,0.0000,0.0000,0.0000,0.000,-3.637,-0.677,-0.957,0.0698,-0.0005,0.9995,
4.388,IMU,0.0000,0.0000,0.0000,0.0000,0.0000,0.000,-3.591,-0.646,-0.956,0.0601,-0.0142,1.0010,
4.402,ENC,0.0000,0.0000,0.0000,0.0000,0.0000,0.000,-3.591,-0.646,-0.956,0.0601,-0.0142,1.0010,
4.408,IMU,0.0000,0.0000,0.0000,0.0000,0.0000,0.000,-3.613,-0.599,-0.955,0.0713,-0.0068,0.9980,
4.422,ENC,0.0000,0.0000,0.0000,0.0000,0.0000,0.000,-3.613,-0.599,-0.955,0.0713,-0.0068,0.9980,
4.428,IMU,0.0000,0.0000,0.0000,0.0000,0.0000,0.000,-3.581,-0.579,-0.974,0.0625,0.0063,0.9990,
4.444,ENC,0.0000,0.0000,0.0000,0.0000,0.0000,0.000,-3.581,-0.579,-0.974,0.0625,0.0063,0.9990,
4.448,IMU,0.0000,0.0000,0.0000,0.0000,0.0000,0.000,-3.575,-0.584,-0.944,0.0752,-0.0073,0.9961,
4.462,ENC,0.0000,0.0000,0.0000,0.0000,0.0000,0.000,-3.575,-0.584,-0.944,0.0752,-0.0073,0.9961,
4.469,IMU,0.0000,0.0000,0.0000,0.0000,0.0000,0.000,-3.556,-0.597,-0.929,0.0566,-0.0078,0.9912,
4.482,ENC,0.0000,0.0000,0.0000,0.0000,0.0000,0.000,-3.556,-0.597,-0.929,0.0566,-0.0078,0.9912,
4.491,IMU,0.0000,0.0000,0.0000,0.0000,0.0000,0.000,-3.606,-0.540,-0.927,0.0708,-0.0034,1.0005,
4.502,ENC,0.0000,0.0000,0.0000,0.0000,0.0000,0.000,-3.606,-0.540,-0.927,0.0708,-0.0034,1.0005,
4.508,IMU,0.0000,0.0000,0.0000,0.0000,0.0000,0.000,-3.610,-0.557,-0.945,0.0684,-0.0068,0.9888,
4.522,ENC,0.0000,0.0000,0.0000,0.0000,0.0000,0.000,-3.610,-0.557,-0.945,0.0684,-0.0068,0.9888,
4.527,IMU,0.0000,0.0000,0.0000,0.0000,0.0000,0.000,-3.589,-0.577,-0.967,0.0552,-0.0112,1.0000,
4.541,ENC,0.0000,0.0000,0.0000,0.0000,0.0000,0.000,-3.589,-0.577,-0.967,0.0552,-0.0112,1.0000,
4.548,IMU,0.0000,0.0000,0.0000,0.0000,0.0000,0.000,-3.554,-0.578,-0.990,0.0537,-0.0073,0.9854,
4.562,ENC,0.0000,0.0000,0.0000,0.0000,0.0000,0.000,-3.554,-0.578,-0.990,0.0537,-0.0073,0.9854,
4.567,IMU,0.0000,0.0000,0.0000,0.0000,0.0000,0.000,-3.560,-0.591,-1.018,0.0635,-0.0103,1.0034,
4.582,ENC,0.0000,0.0000,0.0000,0.0000,0.0000,0.000,-3.560,-0.591,-1.018,0.0635,-0.0103,1.0034,
4.587,IMU,0.0000,0.0000,0.0000,0.0000,0.0000,0.000,-3.539,-0.615,-1.029,0.0674,-0.0010,0.9927,
4.602,ENC,0.0000,0.0000,0.0000,0.0000,0.0000,0.000,-3.539,-0.615,-1.029,0.0674,-0.0010,0.9927,
4.608,IMU,0.0000,0.0000,0.0000,0.0000,0.0000,0.000,-3.542,-0.616,-1.012,0.0703,-0.0181,1.0010,
4.622,ENC,0.0000,0.0000,0.0000,0.0000,0.0000,0.000,-3.542,-0.616,-1.012,0.0703,-0.0181,1.0010,
4.627,IMU,0.0000,0.0000,0.0000,0.0000,0.0000,0.000,-3.549,-0.614,-0.981,0.0635,-0.0117,0.9951,
4.642,ENC,0.0000,0.0000,0.0000,0.0000,0.0000,0.000,-3.549,-0.614,-0.981,0.0635,-0.0117,0.9951,
4.648,IMU,0.0000,0.0000,0.0000,0.0000,0.0000,0.000,-3.588,-0.620,-1.015,0.0620,0.0000,0.9858,
4.662,ENC,0.0000,0.0000,0.0000,0.0000,0.0000,0.000,-3.588,-0.620,-1.015,0.0620,0.0000,0.9858,
4.668,IMU,0.0000,0.0000,0.0000,0.0000,0.0000,0.000,-3.590,-0.574,-0.992,0.0620,-0.0073,0.9795,
4.682,ENC,0.0000,0.0000,0.0000,0.0000,0.0000,0.000,-3.590,-0.574,-0.992,0.0620,-0.0073,0.9795,
4.688,IMU,0.0000,0.0000,0.0000,0.0000,0.0000,0.000,-3.613,-0.561,-0.987,0.0630,-0.0117,0.9883,
4.701,ENC,0.0000,0.0000,0.0000,0.0000,0.0000,0.000,-3.613,-0.561,-0.987,0.0630,-0.0117,0.9883,
4.708,IMU,0.0000,0.0000,0.0000,0.0000,0.0000,0.000,-3.562,-0.607,-1.038,0.0659,-0.0122,0.9937,
4.721,ENC,0.0000,0.0000,0.0000,0.0000,0.0000,0.000,-3.562,-0.607,-1.038,0.0659,-0.0122,0.9937,
4.728,IMU,0.0000,0.0000,0.0000,0.0000,0.0000,0.000,-3.557,-0.628,-1.027,0.0654,-0.0093,0.9941,
4.742,ENC,0.0000,0.0000,0.0000,0.0000,0.0000,0.000,-3.557,-0.628,-1.027,0.0654,-0.0093,0.9941,
4.748,IMU,0.0000,0.0000,0.0000,0.0000,0.0000,0.000,-3.525,-0.607,-1.018,0.0581,-0.0093,0.9897,
4.762,ENC,0.0000,0.0000,0.0000,0.0000,0.0000,0.000,-3.525,-0.607,-1.018,0.0581,-0.0093,0.9897,
4.769,IMU,0.0000,0.0000,0.0000,0.0000,0.0000,0.000,-3.493,-0.585,-1.068,0.0591,-0.0029,0.9917,
4.782,ENC,0.0000,0.0000,0.0000,0.0000,0.0000,0.000,-3.493,-0.585,-1.068,0.0591,-0.0029,0.9917,
4.787,IMU,0.0000,0.0000,0.0000,0.0000,0.0000,0.000,-3.561,-0.591,-1.044,0.0732,-0.0073,0.9868,
4.802,ENC,0.0000,0.0000,0.0000,0.0000,0.0000,0.000,-3.561,-0.591,-1.044,0.0732,-0.0073,0.9868,
4.807,IMU,0.0000,0.0000,0.0000,0.0000,0.0000,0.000,-3.577,-0.597,-1.053,0.0703,-0.0146,0.9990,
4.822,ENC,0.0000,0.0000,0.0000,0.0000,0.0000,0.000,-3.577,-0.597,-1.053,0.0703,-0.0146,0.9990,
4.827,IMU,0.0000,0.0000,0.0000,0.0000,0.0000,0.000,-3.568,-0.593,-1.063,0.0674,-0.0137,0.9893,
4.842,ENC,0.0000,0.0000,0.0000,0.0000,0.0000,0.000,-3.568,-0.593,-1.063,0.0674,-0.0137,0.9893,
4.847,IMU,0.0000,0.0000,0.0000,0.0000,0.0000,0.000,-3.574,-0.593,-1.007,0.0640,-0.0186,0.9956,
4.861,ENC,0.0000,0.0000,0.0000,0.0000,0.0000,0.000,-3.574,-0.593,-1.007,0.0640,-0.0186,0.9956,
4.868,IMU,0.0000,0.0000,0.0000,0.0000,0.0000,0.000,-3.536,-0.600,-1.027,0.0566,-0.0137,1.0010,
4.882,ENC,0.0000,0.0000,0.0000,0.0000,0.0000,0.000,-3.536,-0.600,-1.027,0.0566,-0.0137,1.0010,
4.888,IMU,0.0000,0.0000,0.0000,0.0000,0.0000,0.000,-3.558,-0.573,-1.008,0.0596,0.0068,1.0010,
4.902,ENC,0.0000,0.0000,0.0000,0.0000,0.0000,0.000,-3.558,-0.573,-1.008,0.0596,0.0068,1.0010,
4.907,IMU,0.0000,0.0000,0.0000,0.0000,0.0000,0.000,-3.530,-0.560,-0.997,0.0615,-0.0186,0.9985,
4.922,ENC,0.0000,0.0000,0.0000,0.0000,0.0000,0.000,-3.530,-0.560,-0.997,0.0615,-0.0186,0.9985,
4.927,IMU,0.0000,0.0000,0.0000,0.0000,0.0000,0.000,-3.492,-0.564,-1.032,0.0591,-0.0098,0.9941,
4.942,ENC,0.0000,0.0000,0.0000,0.0000,0.0000,0.000,-3.492,-0.564,-1.032,0.0591,-0.0098,0.9941,
4.948,IMU,0.0000,0.0000,0.0000,0.0000,0.0000,0.000,-3.507,-0.567,-1.079,0.0488,-0.0039,1.0015,
4.961,ENC,0.0000,0.0000,0.0000,0.0000,0.0000,0.000,-3.507,-0.567,-1.079,0.0488,-0.0039,1.0015,
4.967,IMU,0.0000,0.0000,0.0000,0.0000,0.0000,0.000,-3.536,-0.554,-1.013,0.0635,-0.0020,0.9976,
4.982,ENC,0.0000,0.0000,0.0000,0.0000,0.0000,0.000,-3.536,-0.554,-1.013,0.0635,-0.0020,0.9976,
4.988,IMU,0.0000,0.0000,0.0000,0.0000,0.0000,0.000,-3.513,-0.529,-1.054,0.0742,0.0063,0.9956,
5.002,ENC,0.0000,0.0000,0.0000,0.0000,0.0000,0.000,-3.513,-0.529,-1.054,0.0742,0.0063,0.9956,
5.007,IMU,0.0000,0.0000,0.0000,0.0000,0.0000,0.000,-3.473,-0.562,-1.068,0.0693,-0.0049,0.9912,
5.022,ENC,0.0000,0.0000,0.0000,0.0000,0.0000,0.000,-3.473,-0.562,-1.068,0.0693,-0.0049,0.9912,
5.027,IMU,0.0000,0.0000,0.0000,0.0000,0.0000,0.000,-3.436,-0.543,-1.046,0.0474,-0.0088,0.9951,
5.042,ENC,0.0000,0.0000,0.0000,0.0000,0.0000,0.000,-3.436,-0.543,-1.046,0.0474,-0.0088,0.9951,
5.047,IMU,0.0000,0.0000,0.0000,0.0000,0.0000,0.000,-3.432,-0.588,-1.063,0.0649,-0.0190,0.9946,
5.061,ENC,0.0000,0.0000,0.0000,0.0000,0.0000,0.000,-3.432,-0.588,-1.063,0.0649,-0.0190,0.9946,
5.067,IMU,0.0000,0.0000,0.0000,0.0000,0.0000,0.000,-3.393,-0.564,-1.088,0.0713,0.0015,0.9917,
5.082,ENC,0.0000,0.0000,0.0000,0.0000,0.0000,0.000,-3.393,-0.564,-1.088,0.0713,0.0015,0.9917,
5.088,IMU,0.0000,0.0000,0.0000,0.0000,0.0000,0.000,-3.450,-0.590,-1.090,0.0693,-0.0181,0.9971,
5.103,ENC,0.0000,0.0000,0.0000,0.0000,0.0000,0.000,-3.450,-0.590,-1.090,0.0693,-0.0181,0.9971,
5.108,IMU,0.0000,0.0000,0.0000,0.0000,0.0000,0.000,-3.444,-0.595,-1.086,0.0679,-0.0083,0.9912,
5.122,ENC,0.0000,0.0000,0.0000,0.0000,0.0000,0.000,-3.444,-0.595,-1.086,0.0679,-0.0083,0.9912,
5.128,IMU,0.0000,0.0000,0.0000,0.0000,0.0000,0.000,-3.424,-0.608,-1.082,0.0635,-0.0073,1.0020,
5.141,ENC,0.0000,0.0000,0.0000,0.0000,0.0000,0.000,-3.424,-0.608,-1.082,0.0635,-0.0073,1.0020,
5.147,IMU,0.0000,0.0000,0.0000,0.0000,0.0000,0.000,-3.431,-0.628,-1.062,0.0581,-0.0005,1.0122,
5.162,ENC,0.0000,0.0000,0.0000,0.0000,0.0000,0.000,-3.431,-0.628,-1.062,0.0581,-0.0005,1.0122,
5.168,IMU,0.0000,0.0000,0.0000,0.0000,0.0000,0.000,-3.485,-0.633,-1.029,0.0718,-0.0088,0.9917,
5.184,ENC,0.0000,0.0000,0.0000,0.0000,0.0000,0.000,-3.485,-0.633,-1.029,0.0718,-0.0088,0.9917,
5.188,IMU,0.0000,0.0000,0.0000,0.0000,0.0000,0.000,-3.470,-0.674,-1.031,0.0562,-0.0171,0.9873,
5.202,ENC,0.0000,0.0000,0.0000,0.0000,0.0000,0.000,-3.470,-0.674,-1.031,0.0562,-0.0171,0.9873,
5.208,IMU,0.0000,0.0000,0.0000,0.0000,0.0000,0.000,-3.435,-0.707,-1.103,0.0508,-0.0098,0.9902,
5.222,ENC,0.0000,0.0000,0.0000,0.0000,0.0000,0.000,-3.435,-0.707,-1.103,0.0508,-0.0098,0.9902,
5.227,IMU,0.0000,0.0000,0.0000,0.0000,0.0000,0.000,-3.428,-0.718,-1.118,0.0630,0.0034,1.0039,
5.242,ENC,0.0000,0.0000,0.0000,0.0000,0.0000,0.000,-3.428,-0.718,-1.118,0.0630,0.0034,1.0039,
5.248,IMU,0.0000,0.0000,0.0000,0.0000,0.0000,0.000,-3.425,-0.717,-1.114,0.0542,-0.0044,0.9990,
5.262,ENC,0.0000,0.0000,0.0000,0.0000,0.0000,0.000,-3.425,-0.717,-1.114,0.0542,-0.0044,0.9990,
5.268,IMU,0.0000,0.0000,0.0000,0.0000,0.0000,0.000,-3.432,-0.639,-1.093,0.0601,0.0034,0.9980,
5.282,ENC,0.0000,0.0000,0.0000,0.0000,0.0000,0.000,-3.432,-0.639,-1.093,0.0601,0.0034,0.9980,
5.289,IMU,0.0000,0.0000,0.0000,0.0000,0.0000,0.000,-3.438,-0.668,-1.087,0.0625,0.0181,0.9961,
5.302,ENC,0.0000,0.0000,0.0000,0.0000,0.0000,0.000,-3.438,-0.668,-1.087,0.0625,0.0181,0.9961,
5.310,IMU,0.0000,0.0000,0.0000,0.0000,0.0000,0.000,-3.471,-0.690,-1.105,0.0679,-0.0117,0.9956,
5.322,ENC,0.0000,0.0000,0.0000,0.0000,0.0000,0.000,-3.471,-0.690,-1.105,0.0679,-0.0117,0.9956,
5.328,IMU,0.0000,0.0000,0.0000,0.0000,0.0000,0.000,-3.470,-0.705,-1.129,0.0610,-0.0059,0.9917,
5.342,ENC,0.0000,0.0000,0.0000,0.0000,0.0000,0.000,-3.470,-0.705,-1.129,0.0610,-0.0059,0.9917,
5.347,IMU,0.0000,0.0000,0.0000,0.0000,0.0000,0.000,-3.454,-0.704,-1.122,0.0576,0.0000,0.9907,
5.362,ENC,0.0000,0.0000,0.0000,0.0000,0.0000,0.000,-3.454,-0.704,-1.122,0.0576,0.0000,0.9907,
5.369,IMU,0.0000,0.0000,0.0000,0.0000,0.0000,0.000,-3.493,-0.676,-1.088,0.0708,0.0054,1.0039,
5.382,ENC,0.0000,0.0000,0.0000,0.0000,0.0000,0.000,-3.493,-0.676,-1.088,0.0708,0.0054,1.0039,
5.387,IMU,0.0000,0.0000,0.0000,0.0000,0.0000,0.000,-3.505,-0.655,-1.078,0.0718,-0.0039,1.0020,
5.418,IMU,0.0000,0.0000,0.0000,0.0000,0.0000,0.000,-3.525,-0.637,-1.067,0.0645,-0.0166,1.0034,
5.430,IMU,0.0000,0.0000,0.0000,0.0000,0.0000,0.000,-3.535,-0.630,-1.074,0.0591,-0.0234,1.0015,
5.430,ENC,0.0000,0.0000,0.0000,0.0000,0.0000,0.000,-3.535,-0.630,-1.074,0.0591,-0.0234,1.0015,
5.430,ENC,0.0000,0.0000,0.0000,0.0000,0.0000,0.000,-3.535,-0.630,-1.074,0.0591,-0.0234,1.0015,
5.441,ENC,0.0000,0.0000,0.0000,0.0000,0.0000,0.000,-3.535,-0.630,-1.074,0.0591,-0.0234,1.0015,
5.447,IMU,0.0000,0.0000,0.0000,0.0000,0.0000,0.000,-3.531,-0.627,-1.045,0.0654,-0.0088,0.9878,
5.462,ENC,0.0000,0.0000,0.0000,0.0000,0.0000,0.000,-3.531,-0.627,-1.045,0.0654,-0.0088,0.9878,
5.468,IMU,0.0000,0.0000,0.0000,0.0000,0.0000,0.000,-3.534,-0.654,-1.024,0.0630,-0.0034,0.9883,
5.482,ENC,0.0000,0.0000,0.0000,0.0000,0.0000,0.000,-3.534,-0.654,-1.024,0.0630,-0.0034,0.9883,
5.488,IMU,0.0000,0.0000,0.0000,0.0000,0.0000,0.000,-3.542,-0.663,-1.035,0.0664,-0.0059,0.9985,
5.502,ENC,0.0000,0.0000,0.0000,0.0000,0.0000,0.000,-3.542,-0.663,-1.035,0.0664,-0.0059,0.9985,
5.507,IMU,0.0000,0.0000,0.0000,0.0000,0.0000,0.000,-3.523,-0.652,-0.990,0.0562,-0.0073,0.9907,
5.523,ENC,0.0000,0.0000,0.0000,0.0000,0.0000,0.000,-3.523,-0.652,-0.990,0.0562,-0.0073,0.9907,
5.551,IMU,0.0000,0.0000,0.0000,0.0000,0.0000,0.000,-3.489,-0.647,-0.990,0.0781,0.0020,1.0020,
5.552,IMU,0.0000,0.0000,0.0000,0.0000,0.0000,0.000,-3.502,-0.636,-0.981,0.0625,0.0010,0.9966,
5.562,ENC,0.0000,0.0000,0.0000,0.0000,0.0000,0.000,-3.502,-0.636,-0.981,0.0625,0.0010,0.9966,
5.567,IMU,0.0000,0.0000,0.0000,0.0000,0.0000,0.000,-3.512,-0.636,-0.972,0.0625,-0.0107,0.9966,
5.581,ENC,0.0000,0.0000,0.0000,0.0000,0.0000,0.000,-3.512,-0.636,-0.972,0.0625,-0.0107,0.9966,
5.587,IMU,0.0000,0.0000,0.0000,0.0000,0.0000,0.000,-3.474,-0.663,-0.964,0.0605,-0.0073,0.9893,
5.601,ENC,0.0000,0.0000,0.0000,0.0000,0.0000,0.000,-3.474,-0.663,-0.964,0.0605,-0.0073,0.9893,
5.607,IMU,0.0000,0.0000,0.0000,0.0000,0.0000,0.000,-3.472,-0.582,-0.948,0.0591,-0.0112,0.9937,
5.622,ENC,0.0000,0.0000,0.0000,0.0000,0.0000,0.000,-3.472,-0.582,-0.948,0.0591,-0.0112,0.9937,
5.628,IMU,0.0000,0.0000,0.0000,0.0000,0.0000,0.000,-3.489,-0.581,-0.950,0.0586,-0.0034,0.9932,
5.642,ENC,0.0000,0.0000,0.0000,0.0000,0.0000,0.000,-3.489,-0.581,-0.950,0.0586,-0.0034,0.9932,
5.647,IMU,0.0000,0.0000,0.0000,0.0000,0.0000,0.000,-3.490,-0.566,-0.964,0.0562,-0.0151,0.9990,
5.662,ENC,0.0000,0.0000,0.0000,0.0000,0.0000,0.000,-3.490,-0.566,-0.964,0.0562,-0.0151,0.9990,
5.668,IMU,0.0000,0.0000,0.0000,0.0000,0.0000,0.000,-3.555,-0.569,-0.938,0.0532,-0.0068,0.9902,
5.682,ENC,0.0000,0.0000,0.0000,0.0000,0.0000,0.000,-3.555,-0.569,-0.938,0.0532,-0.0068,0.9902,
5.687,IMU,0.0000,0.0000,0.0000,0.0000,0.0000,0.000,-3.559,-0.578,-1.003,0.0615,-0.0112,1.0034,
5.702,ENC,0.0000,0.0000,0.0000,0.0000,0.0000,0.000,-3.559,-0.578,-1.003,0.0615,-0.0112,1.0034,
5.708,IMU,0.0000,0.0000,0.0000,0.0000,0.0000,0.000,-3.584,-0.580,-0.972,0.0605,-0.0015,0.9907,
5.722,ENC,0.0000,0.0000,0.0000,0.0000,0.0000,0.000,-3.584,-0.580,-0.972,0.0605,-0.0015,0.9907,
5.727,IMU,0.0000,0.0000,0.0000,0.0000,0.0000,0.000,-3.584,-0.538,-0.927,0.0605,-0.0029,0.9985,
5.742,ENC,0.0000,0.0000,0.0000,0.0000,0.0000,0.000,-3.584,-0.538,-0.927,0.0605,-0.0029,0.9985,
5.747,IMU,0.0000,0.0000,0.0000,0.0000,0.0000,0.000,-3.561,-0.535,-0.968,0.0576,-0.0078,0.9922,
5.762,ENC,0.0000,0.0000,0.0000,0.0000,0.0000,0.000,-3.561,-0.535,-0.968,0.0576,-0.0078,0.9922,
5.768,IMU,0.0000,0.0000,0.0000,0.0000,0.0000,0.000,-3.593,-0.557,-0.974,0.0698,-0.0117,0.9805,
5.782,ENC,0.0000,0.0000,0.0000,0.0000,0.0000,0.000,-3.593,-0.557,-0.974,0.0698,-0.0117,0.9805,
5.787,IMU,0.0000,0.0000,0.0000,0.0000,0.0000,0.000,-3.589,-0.570,-0.974,0.0508,-0.0103,0.9961,
5.802,ENC,0.0000,0.0000,0.0000,0.0000,0.0000,0.000,-3.589,-0.570,-0.974,0.0508,-0.0103,0.9961,
5.808,IMU,0.0000,0.0000,0.0000,0.0000,0.0000,0.000,-3.570,-0.557,-0.997,0.0537,-0.0122,0.9917,
5.822,ENC,0.0000,0.0000,0.0000,0.0000,0.0000,0.000,-3.570,-0.557,-0.997,0.0537,-0.0122,0.9917,
5.827,IMU,0.0000,0.0000,0.0000,0.0000,0.0000,0.000,-3.582,-0.556,-0.972,0.0747,-0.0098,0.9946,
5.842,ENC,0.0000,0.0000,0.0000,0.0000,0.0000,0.000,-3.582,-0.556,-0.972,0.0747,-0.0098,0.9946,
5.847,IMU,0.0000,0.0000,0.0000,0.0000,0.0000,0.000,-3.635,-0.531,-0.960,0.0693,-0.0083,0.9902,
5.862,ENC,0.0000,0.0000,0.0000,0.0000,0.0000,0.000,-3.635,-0.531,-0.960,0.0693,-0.0083,0.9902,
5.867,IMU,0.0000,0.0000,0.0000,0.0000,0.0000,0.000,-3.615,-0.535,-0.975,0.0552,-0.0034,1.0039,
5.882,ENC,0.0000,0.0000,0.0000,0.0000,0.0000,0.000,-3.615,-0.535,-0.975,0.0552,-0.0034,1.0039,
5.888,IMU,0.0000,0.0000,0.0000,0.0000,0.0000,0.000,-3.602,-0.532,-0.975,0.0439,0.0015,0.9937,
5.902,ENC,0.0000,0.0000,0.0000,0.0000,0.0000,0.000,-3.602,-0.532,-0.975,0.0439,0.0015,0.9937,
5.908,IMU,0.0000,0.0000,0.0000,0.0000,0.0000,0.000,-3.600,-0.504,-0.953,0.0625,-0.0122,0.9985,
5.922,ENC,0.0000,0.0000,0.0000,0.0000,0.0000,0.000,-3.600,-0.504,-0.953,0.0625,-0.0122,0.9985,
5.928,IMU,0.0000,0.0000,0.0000,0.0000,0.0000,0.000,-3.598,-0.531,-0.943,0.0713,-0.0161,0.9927,
5.942,ENC,0.0000,0.0000,0.0000,0.0000,0.0000,0.000,-3.598,-0.531,-0.943,0.0713,-0.0161,0.9927,
5.948,IMU,0.0000,0.0000,0.0000,0.0000,0.0000,0.000,-3.634,-0.527,-0.931,0.0713,-0.0132,0.9937,
5.962,ENC,0.0000,0.0000,0.0000,0.0000,0.0000,0.000,-3.634,-0.527,-0.931,0.0713,-0.0132,0.9937,
5.967,IMU,0.0000,0.0000,0.0000,0.0000,0.0000,0.000,-3.616,-0.526,-0.942,0.0659,-0.0044,1.0024,
5.981,ENC,0.0000,0.0000,0.0000,0.0000,0.0000,0.000,-3.616,-0.526,-0.942,0.0659,-0.0044,1.0024,
5.988,IMU,0.0000,0.0000,0.0000,0.0000,0.0000,0.000,-3.658,-0.564,-0.975,0.0635,-0.0132,1.0054,
6.003,ENC,0.0000,0.0000,0.0000,0.0000,0.0000,0.000,-3.658,-0.564,-0.975,0.0635,-0.0132,1.0054,
6.007,IMU,0.0000,0.0000,0.0000,0.0000,0.0000,0.000,-3.649,-0.570,-1.032,0.0747,-0.0039,0.9854,
6.026,ENC,0.0000,0.0000,0.0000,0.0000,0.0000,0.000,-3.649,-0.570,-1.032,0.0747,-0.0039,0.9854,
6.028,IMU,0.0000,0.0000,0.0000,0.0000,0.0000,0.000,-3.605,-0.552,-1.052,0.0459,-0.0068,0.9868,
6.042,ENC,0.0000,0.0000,0.0000,0.0000,0.0000,0.000,-3.605,-0.552,-1.052,0.0459,-0.0068,0.9868,
6.048,IMU,0.0000,0.0000,0.0000,0.0000,0.0000,0.000,-3.642,-0.531,-1.060,0.0664,-0.0088,0.9897,
6.062,ENC,0.0000,0.0000,0.0000,0.0000,0.0000,0.000,-3.642,-0.531,-1.060,0.0664,-0.0088,0.9897,
6.067,IMU,0.0000,0.0000,0.0000,0.0000,0.0000,0.000,-3.641,-0.540,-0.986,0.0630,-0.0171,1.0020,
6.081,ENC,0.0000,0.0000,0.0000,0.0000,0.0000,0.000,-3.641,-0.540,-0.986,0.0630,-0.0171,1.0020,
6.087,IMU,0.0000,0.0000,0.0000,0.0000,0.0000,0.000,-3.632,-0.531,-1.017,0.0718,-0.0059,0.9888,
6.102,ENC,0.0000,0.0000,0.0000,0.0000,0.0000,0.000,-3.632,-0.531,-1.017,0.0718,-0.0059,0.9888,
6.108,IMU,0.0000,0.0000,0.0000,0.0000,0.0000,0.000,-3.639,-0.528,-0.971,0.0649,-0.0112,0.9976,
6.122,ENC,0.0000,0.0000,0.0000,0.0000,0.0000,0.000,-3.639,-0.528,-0.971,0.0649,-0.0112,0.9976,
6.130,IMU,0.0000,0.0000,0.0000,0.0000,0.0000,0.000,-3.609,-0.517,-0.934,0.0610,-0.0117,0.9868,
6.142,ENC,0.0000,0.0000,0.0000,0.0000,0.0000,0.000,-3.609,-0.517,-0.934,0.0610,-0.0117,0.9868,
6.148,IMU,0.0000,0.0000,0.0000,0.0000,0.0000,0.000,-3.599,-0.512,-0.944,0.0718,-0.0073,1.0142,
6.161,ENC,0.0000,0.0000,0.0000,0.0000,0.0000,0.000,-3.599,-0.512,-0.944,0.0718,-0.0073,1.0142,
6.167,IMU,0.0000,0.0000,0.0000,0.0000,0.0000,0.000,-3.551,-0.527,-0.951,0.0601,-0.0137,0.9922,
6.182,ENC,0.0000,0.0000,0.0000,0.0000,0.0000,0.000,-3.551,-0.527,-0.951,0.0601,-0.0137,0.9922,
6.187,IMU,0.0000,0.0000,0.0000,0.0000,0.0000,0.000,-3.526,-0.525,-0.957,0.0625,-0.0015,0.9951,
6.202,ENC,0.0000,0.0000,0.0000,0.0000,0.0000,0.000,-3.526,-0.525,-0.957,0.0625,-0.0015,0.9951,
6.211,IMU,0.0000,0.0000,0.0000,0.0000,0.0000,0.000,-3.527,-0.540,-0.958,0.0635,-0.0024,0.9971,
6.222,ENC,0.0000,0.0000,0.0000,0.0000,0.0000,0.000,-3.527,-0.540,-0.958,0.0635,-0.0024,0.9971,
6.230,IMU,0.0000,0.0000,0.0000,0.0000,0.0000,0.000,-3.575,-0.530,-0.962,0.0645,-0.0039,0.9932,
6.242,ENC,0.0000,0.0000,0.0000,0.0000,0.0000,0.000,-3.575,-0.530,-0.962,0.0645,-0.0039,0.9932,
6.248,IMU,0.0000,0.0000,0.0000,0.0000,0.0000,0.000,-3.611,-0.545,-0.935,0.0674,-0.0112,1.0015,
6.261,ENC,0.0000,0.0000,0.0000,0.0000,0.0000,0.000,-3.611,-0.545,-0.935,0.0674,-0.0112,1.0015,
6.268,IMU,0.0000,0.0000,0.0000,0.0000,0.0000,0.000,-3.618,-0.568,-0.928,0.0718,-0.0293,0.9824,
6.282,ENC,0.0000,0.0000,0.0000,0.0000,0.0000,0.000,-3.618,-0.568,-0.928,0.0718,-0.0293,0.9824,
6.288,IMU,0.0000,0.0000,0.0000,0.0000,0.0000,0.000,-3.615,-0.607,-0.969,0.0635,-0.0073,0.9971,
6.302,ENC,0.0000,0.0000,0.0000,0.0000,0.0000,0.000,-3.615,-0.607,-0.969,0.0635,-0.0073,0.9971,
6.308,IMU,0.0000,0.0000,0.0000,0.0000,0.0000,0.000,-3.665,-0.617,-0.940,0.0771,-0.0093,1.0005,
6.322,ENC,0.0000,0.0000,0.0000,0.0000,0.0000,0.000,-3.665,-0.617,-0.940,0.0771,-0.0093,1.0005,
6.328,IMU,0.0000,0.0000,0.0000,0.0000,0.0000,0.000,-3.634,-0.607,-0.947,0.0532,-0.0059,0.9966,
6.341,ENC,0.0000,0.0000,0.0000,0.0000,0.0000,0.000,-3.634,-0.607,-0.947,0.0532,-0.0059,0.9966,
6.347,IMU,0.0000,0.0000,0.0000,0.0000,0.0000,0.000,-3.624,-0.570,-0.966,0.0581,0.0000,1.0063,
6.361,ENC,0.0000,0.0000,0.0000,0.0000,0.0000,0.000,-3.624,-0.570,-0.966,0.0581,0.0000,1.0063,
6.367,IMU,0.0000,0.0000,0.0000,0.0000,0.0000,0.000,-3.625,-0.588,-0.958,0.0566,-0.0063,0.9858,
6.381,ENC,0.0000,0.0000,0.0000,0.0000,0.0000,0.000,-3.625,-0.588,-0.958,0.0566,-0.0063,0.9858,
6.388,IMU,0.0000,0.0000,0.0000,0.0000,0.0000,0.000,-3.645,-0.612,-0.961,0.0688,-0.0093,1.0000,
6.401,ENC,0.0000,0.0000,0.0000,0.0000,0.0000,0.000,-3.645,-0.612,-0.961,0.0688,-0.0093,1.0000,
6.408,IMU,0.0000,0.0000,0.0000,0.0000,0.0000,0.000,-3.607,-0.605,-0.948,0.0596,0.0054,0.9990,
6.424,ENC,0.0000,0.0000,0.0000,0.0000,0.0000,0.000,-3.607,-0.605,-0.948,0.0596,0.0054,0.9990,
6.428,IMU,0.0000,0.0000,0.0000,0.0000,0.0000,0.000,-3.614,-0.608,-0.963,0.0605,-0.0142,1.0029,
6.441,ENC,0.0000,0.0000,0.0000,0.0000,0.0000,0.000,-3.614,-0.608,-0.963,0.0605,-0.0142,1.0029,
6.447,IMU,0.0000,0.0000,0.0000,0.0000,0.0000,0.000,-3.601,-0.598,-0.962,0.0693,-0.0088,0.9917,
6.462,ENC,0.0000,0.0000,0.0000,0.0000,0.0000,0.000,-3.601,-0.598,-0.962,0.0693,-0.0088,0.9917,
6.468,IMU,0.0000,0.0000,0.0000,0.0000,0.0000,0.000,-3.633,-0.640,-0.983,0.0635,-0.0068,0.9941,
6.482,ENC,0.0000,0.0000,0.0000,0.0000,0.0000,0.000,-3.633,-0.640,-0.983,0.0635,-0.0068,0.9941,
6.487,IMU,0.0000,0.0000,0.0000,0.0000,0.0000,0.000,-3.640,-0.633,-0.949,0.0664,0.0024,0.9897,
6.501,ENC,0.0000,0.0000,0.0000,0.0000,0.0000,0.000,-3.640,-0.633,-0.949,0.0664,0.0024,0.9897,
6.508,IMU,0.0000,0.0000,0.0000,0.0000,0.0000,0.000,-3.614,-0.676,-0.963,0.0581,-0.0020,1.0107,
6.521,ENC,0.0000,0.0000,0.0000,0.0000,0.0000,0.000,-3.614,-0.676,-0.963,0.0581,-0.0020,1.0107,
6.528,IMU,0.0000,0.0000,0.0000,0.0000,0.0000,0.000,-3.651,-0.715,-0.946,0.0591,0.0029,0.9951,
6.542,ENC,0.0000,0.0000,0.0000,0.0000,0.0000,0.000,-3.651,-0.715,-0.946,0.0591,0.0029,0.9951,
6.547,IMU,0.0000,0.0000,0.0000,0.0000,0.0000,0.000,-3.616,-0.751,-0.942,0.0640,-0.0103,1.0029,
6.562,ENC,0.0000,0.0000,0.0000,0.0000,0.0000,0.000,-3.616,-0.751,-0.942,0.0640,-0.0103,1.0029,
6.568,IMU,0.0000,0.0000,0.0000,0.0000,0.0000,0.000,-3.632,-0.753,-0.978,0.0684,-0.0093,0.9941,
6.582,ENC,0.0000,0.0000,0.0000,0.0000,0.0000,0.000,-3.632,-0.753,-0.978,0.0684,-0.0093,0.9941,
6.588,IMU,0.0000,0.0000,0.0000,0.0000,0.0000,0.000,-3.619,-0.731,-0.985,0.0659,0.0132,0.9966,
6.602,ENC,0.0000,0.0000,0.0000,0.0000,0.0000,0.000,-3.619,-0.731,-0.985,0.0659,0.0132,0.9966,
6.622,ENC,0.0000,0.0000,0.0000,0.0000,0.0000,0.000,-3.619,-0.731,-0.985,0.0659,0.0132,0.9966,
6.628,IMU,0.0000,0.0000,0.0000,0.0000,0.0000,0.000,-3.669,-0.650,-1.020,0.0562,-0.0122,0.9966,
6.642,ENC,0.0000,0.0000,0.0000,0.0000,0.0000,0.000,-3.669,-0.650,-1.020,0.0562,-0.0122,0.9966,
6.647,IMU,0.0000,0.0000,0.0000,0.0000,0.0000,0.000,-3.654,-0.676,-1.053,0.0537,0.0000,0.9961,
6.661,ENC,0.0000,0.0000,0.0000,0.0000,0.0000,0.000,-3.654,-0.676,-1.053,0.0537,0.0000,0.9961,
6.668,IMU,0.0000,0.0000,0.0000,0.0000,0.0000,0.000,-3.632,-0.695,-0.998,0.0605,-0.0176,0.9937,
6.682,ENC,0.0000,0.0000,0.0000,0.0000,0.0000,0.000,-3.632,-0.695,-0.998,0.0605,-0.0176,0.9937,
6.687,IMU,0.0000,0.0000,0.0000,0.0000,0.0000,0.000,-3.657,-0.698,-0.959,0.0566,-0.0059,0.9844,
6.702,ENC,0.0000,0.0000,0.0000,0.0000,0.0000,0.000,-3.657,-0.698,-0.959,0.0566,-0.0059,0.9844,
6.708,IMU,0.0000,0.0000,0.0000,0.0000,0.0000,0.000,-3.693,-0.721,-1.008,0.0752,-0.0181,0.9854,
6.722,ENC,0.0000,0.0000,0.0000,0.0000,0.0000,0.000,-3.693,-0.721,-1.008,0.0752,-0.0181,0.9854,
6.728,IMU,0.0000,0.0000,0.0000,0.0000,0.0000,0.000,-3.725,-0.691,-1.025,0.0645,-0.0034,0.9951,
6.743,ENC,0.0000,0.0000,0.0000,0.0000,0.0000,0.000,-3.725,-0.691,-1.025,0.0645,-0.0034,0.9951,
6.749,IMU,0.0000,0.0000,0.0000,0.0000,0.0000,0.000,-3.738,-0.693,-1.007,0.0615,-0.0068,1.0024,
6.762,ENC,0.0000,0.0000,0.0000,0.0000,0.0000,0.000,-3.738,-0.693,-1.007,0.0615,-0.0068,1.0024,
6.767,IMU,0.0000,0.0000,0.0000,0.0000,0.0000,0.000,-3.707,-0.691,-0.991,0.0601,-0.0073,0.9951,
6.782,ENC,0.0000,0.0000,0.0000,0.0000,0.0000,0.000,-3.707,-0.691,-0.991,0.0601,-0.0073,0.9951,
6.787,IMU,0.0000,0.0000,0.0000,0.0000,0.0000,0.000,-3.689,-0.680,-0.978,0.0518,-0.0122,0.9976,
6.803,ENC,0.0000,0.0000,0.0000,0.0000,0.0000,0.000,-3.689,-0.680,-0.978,0.0518,-0.0122,0.9976,
6.807,IMU,0.0000,0.0000,0.0000,0.0000,0.0000,0.000,-3.704,-0.677,-0.948,0.0625,-0.0015,0.9932,
6.829,ENC,0.0000,0.0000,0.0000,0.0000,0.0000,0.000,-3.704,-0.677,-0.948,0.0625,-0.0015,0.9932,
6.831,IMU,0.0000,0.0000,0.0000,0.0000,0.0000,0.000,-3.685,-0.670,-0.944,0.0576,-0.0103,0.9985,
6.843,ENC,0.0000,0.0000,0.0000,0.0000,0.0000,0.000,-3.685,-0.670,-0.944,0.0576,-0.0103,0.9985,
6.848,IMU,0.0000,0.0000,0.0000,0.0000,0.0000,0.000,-3.631,-0.640,-0.894,0.0576,-0.0034,0.9961,
6.862,ENC,0.0000,0.0000,0.0000,0.0000,0.0000,0.000,-3.631,-0.640,-0.894,0.0576,-0.0034,0.9961,
6.867,IMU,0.0000,0.0000,0.0000,0.0000,0.0000,0.000,-3.627,-0.664,-0.904,0.0688,-0.0059,0.9941,
6.882,ENC,0.0000,0.0000,0.0000,0.0000,0.0000,0.000,-3.627,-0.664,-0.904,0.0688,-0.0059,0.9941,
6.888,IMU,0.0000,0.0000,0.0000,0.0000,0.0000,0.000,-3.608,-0.682,-0.963,0.0645,-0.0112,0.9902,
6.902,ENC,0.0000,0.0000,0.0000,0.0000,0.0000,0.000,-3.608,-0.682,-0.963,0.0645,-0.0112,0.9902,
6.907,IMU,0.0000,0.0000,0.0000,0.0000,0.0000,0.000,-3.597,-0.694,-0.988,0.0693,-0.0117,1.0073,
6.926,ENC,0.0000,0.0000,0.0000,0.0000,0.0000,0.000,-3.597,-0.694,-0.988,0.0693,-0.0117,1.0073,
6.928,IMU,0.0000,0.0000,0.0000,0.0000,0.0000,0.000,-3.598,-0.660,-0.984,0.0547,-0.0093,0.9810,
6.941,ENC,0.0000,0.0000,0.0000,0.0000,0.0000,0.000,-3.598,-0.660,-0.984,0.0547,-0.0093,0.9810,
6.948,IMU,0.0000,0.0000,0.0000,0.0000,0.0000,0.000,-3.595,-0.649,-0.962,0.0693,-0.0083,1.0015,
6.963,ENC,0.0000,0.0000,0.0000,0.0000,0.0000,0.000,-3.595,-0.649,-0.962,0.0693,-0.0083,1.0015,
6.968,IMU,0.0000,0.0000,0.0000,0.0000,0.0000,0.000,-3.578,-0.687,-0.926,0.0581,-0.0161,0.9951,
6.982,ENC,0.0000,0.0000,0.0000,0.0000,0.0000,0.000,-3.578,-0.687,-0.926,0.0581,-0.0161,0.9951,
6.987,IMU,0.0000,0.0000,0.0000,0.0000,0.0000,0.000,-3.582,-0.687,-0.868,0.0576,-0.0078,0.9858,
7.001,ENC,0.0000,0.0000,0.0000,0.0000,0.0000,0.000,-3.582,-0.687,-0.868,0.0576,-0.0078,0.9858,
7.007,IMU,0.0000,0.0000,0.0000,0.0000,0.0000,0.000,-3.609,-0.672,-0.936,0.0776,-0.0063,0.9927,
7.022,ENC,0.0000,0.0000,0.0000,0.0000,0.0000,0.000,-3.609,-0.672,-0.936,0.0776,-0.0063,0.9927,
7.029,IMU,0.0000,0.0000,0.0000,0.0000,0.0000,0.000,-3.599,-0.672,-0.980,0.0605,-0.0122,0.9922,
7.041,ENC,0.0000,0.0000,0.0000,0.0000,0.0000,0.000,-3.599,-0.672,-0.980,0.0605,-0.0122,0.9922,
7.062,ENC,0.0000,0.0000,0.0000,0.0000,0.0000,0.000,-3.599,-0.672,-0.980,0.0605,-0.0122,0.9922,
7.068,IMU,0.0000,0.0000,0.0000,0.0000,0.0000,0.000,-3.647,-0.705,-0.956,0.0713,-0.0166,0.9990,
7.083,ENC,0.0000,0.0000,0.0000,0.0000,0.0000,0.000,-3.647,-0.705,-0.956,0.0713,-0.0166,0.9990,
7.087,IMU,0.0000,0.0000,0.0000,0.0000,0.0000,0.000,-3.634,-0.688,-0.939,0.0659,0.0029,0.9932,
7.101,ENC,0.0000,0.0000,0.0000,0.0000,0.0000,0.000,-3.634,-0.688,-0.939,0.0659,0.0029,0.9932,
7.107,IMU,0.0000,0.0000,0.0000,0.0000,0.0000,0.000,-3.645,-0.687,-0.941,0.0571,-0.0103,1.0181,
7.122,ENC,0.0000,0.0000,0.0000,0.0000,0.0000,0.000,-3.645,-0.687,-0.941,0.0571,-0.0103,1.0181,
7.129,IMU,0.0000,0.0000,0.0000,0.0000,0.0000,0.000,-3.664,-0.708,-0.952,0.0532,-0.0088,0.9990,
7.142,ENC,0.0000,0.0000,0.0000,0.0000,0.0000,0.000,-3.664,-0.708,-0.952,0.0532,-0.0088,0.9990,
7.148,IMU,0.0000,0.0000,0.0000,0.0000,0.0000,0.000,-3.632,-0.726,-0.975,0.0420,-0.0078,1.0054,
7.162,ENC,0.0000,0.0000,0.0000,0.0000,0.0000,0.000,-3.632,-0.726,-0.975,0.0420,-0.0078,1.0054,
7.168,IMU,0.0000,0.0000,0.0000,0.0000,0.0000,0.000,-3.647,-0.751,-1.033,0.0674,-0.0137,0.9951,
7.181,ENC,0.0000,0.0000,0.0000,0.0000,0.0000,0.000,-3.647,-0.751,-1.033,0.0674,-0.0137,0.9951,
7.187,IMU,0.0000,0.0000,0.0000,0.0000,0.0000,0.000,-3.698,-0.758,-1.063,0.0625,-0.0098,0.9849,
7.202,ENC,0.0000,0.0000,0.0000,0.0000,0.0000,0.000,-3.698,-0.758,-1.063,0.0625,-0.0098,0.9849,
7.208,IMU,0.0000,0.0000,0.0000,0.0000,0.0000,0.000,-3.738,-0.764,-1.080,0.0566,0.0010,0.9907,
7.221,ENC,0.0000,0.0000,0.0000,0.0000,0.0000,0.000,-3.738,-0.764,-1.080,0.0566,0.0010,0.9907,
7.228,IMU,0.0000,0.0000,0.0000,0.0000,0.0000,0.000,-3.750,-0.779,-1.075,0.0615,-0.0181,0.9917,
7.241,ENC,0.0000,0.0000,0.0000,0.0000,0.0000,0.000,-3.750,-0.779,-1.075,0.0615,-0.0181,0.9917,
7.248,IMU,0.0000,0.0000,0.0000,0.0000,0.0000,0.000,-3.768,-0.784,-1.084,0.0674,-0.0117,0.9902,
7.262,ENC,0.0000,0.0000,0.0000,0.0000,0.0000,0.000,-3.768,-0.784,-1.084,0.0674,-0.0117,0.9902,
7.267,IMU,0.0000,0.0000,0.0000,0.0000,0.0000,0.000,-3.736,-0.764,-1.077,0.0581,-0.0063,0.9834,
7.282,ENC,0.0000,0.0000,0.0000,0.0000,0.0000,0.000,-3.736,-0.764,-1.077,0.0581,-0.0063,0.9834,
7.287,IMU,0.0000,0.0000,0.0000,0.0000,0.0000,0.000,-3.733,-0.802,-1.039,0.0610,-0.0249,0.9927,
7.302,ENC,0.0000,0.0000,0.0000,0.0000,0.0000,0.000,-3.733,-0.802,-1.039,0.0610,-0.0249,0.9927,
7.308,IMU,0.0000,0.0000,0.0000,0.0000,0.0000,0.000,-3.766,-0.778,-1.024,0.0728,-0.0005,0.9897,
7.321,ENC,0.0000,0.0000,0.0000,0.0000,0.0000,0.000,-3.766,-0.778,-1.024,0.0728,-0.0005,0.9897,
7.329,IMU,0.0000,0.0000,0.0000,0.0000,0.0000,0.000,-3.799,-0.757,-0.996,0.0493,-0.0127,0.9966,
7.342,ENC,0.0000,0.0000,0.0000,0.0000,0.0000,0.000,-3.799,-0.757,-0.996,0.0493,-0.0127,0.9966,
7.347,IMU,0.0000,0.0000,0.0000,0.0000,0.0000,0.000,-3.788,-0.706,-0.941,0.0688,-0.0122,0.9946,
7.362,ENC,0.0000,0.0000,0.0000,0.0000,0.0000,0.000,-3.788,-0.706,-0.941,0.0688,-0.0122,0.9946,
7.369,IMU,0.0000,0.0000,0.0000,0.0000,0.0000,0.000,-3.787,-0.700,-0.975,0.0693,-0.0010,0.9941,
7.381,ENC,0.0000,0.0000,0.0000,0.0000,0.0000,0.000,-3.787,-0.700,-0.975,0.0693,-0.0010,0.9941,
7.388,IMU,0.0000,0.0000,0.0000,0.0000,0.0000,0.000,-3.792,-0.645,-0.974,0.0532,-0.0088,1.0034,
7.402,ENC,0.0000,0.0000,0.0000,0.0000,0.0000,0.000,-3.792,-0.645,-0.974,0.0532,-0.0088,1.0034,
7.407,IMU,0.0000,0.0000,0.0000,0.0000,0.0000,0.000,-3.775,-0.643,-0.973,0.0581,-0.0054,0.9941,
7.422,ENC,0.0000,0.0000,0.0000,0.0000,0.0000,0.000,-3.775,-0.643,-0.973,0.0581,-0.0054,0.9941,
7.427,IMU,0.0000,0.0000,0.0000,0.0000,0.0000,0.000,-3.790,-0.603,-0.983,0.0635,0.0098,1.0044,
7.442,ENC,0.0000,0.0000,0.0000,0.0000,0.0000,0.000,-3.790,-0.603,-0.983,0.0635,0.0098,1.0044,
7.447,IMU,0.0000,0.0000,0.0000,0.0000,0.0000,0.000,-3.804,-0.609,-0.946,0.0571,-0.0093,1.0005,
7.461,ENC,0.0000,0.0000,0.0000,0.0000,0.0000,0.000,-3.804,-0.609,-0.946,0.0571,-0.0093,1.0005,
7.468,IMU,0.0000,0.0000,0.0000,0.0000,0.0000,0.000,-3.831,-0.592,-0.928,0.0625,-0.0127,1.0063,
7.482,ENC,0.0000,0.0000,0.0000,0.0000,0.0000,0.000,-3.831,-0.592,-0.928,0.0625,-0.0127,1.0063,
7.489,IMU,0.0000,0.0000,0.0000,0.0000,0.0000,0.000,-3.848,-0.611,-0.970,0.0625,-0.0024,0.9941,
7.502,ENC,0.0000,0.0000,0.0000,0.0000,0.0000,0.000,-3.848,-0.611,-0.970,0.0625,-0.0024,0.9941,
7.507,IMU,0.0000,0.0000,0.0000,0.0000,0.0000,0.000,-3.869,-0.553,-0.959,0.0688,-0.0054,0.9946,
7.522,ENC,0.0000,0.0000,0.0000,0.0000,0.0000,0.000,-3.869,-0.553,-0.959,0.0688,-0.0054,0.9946,
7.528,IMU,0.0000,0.0000,0.0000,0.0000,0.0000,0.000,-3.864,-0.536,-0.993,0.0508,-0.0117,1.0024,
7.541,ENC,0.0000,0.0000,0.0000,0.0000,0.0000,0.000,-3.864,-0.536,-0.993,0.0508,-0.0117,1.0024,
7.547,IMU,0.0000,0.0000,0.0000,0.0000,0.0000,0.000,-3.880,-0.512,-0.980,0.0659,-0.0039,1.0078,
7.562,ENC,0.0000,0.0000,0.0000,0.0000,0.0000,0.000,-3.880,-0.512,-0.980,0.0659,-0.0039,1.0078,
7.568,IMU,0.0000,0.0000,0.0000,0.0000,0.0000,0.000,-3.915,-0.527,-1.031,0.0596,-0.0039,1.0010,
7.581,ENC,0.0000,0.0000,0.0000,0.0000,0.0000,0.000,-3.915,-0.527,-1.031,0.0596,-0.0039,1.0010,
7.588,IMU,0.0000,0.0000,0.0000,0.0000,0.0000,0.000,-3.901,-0.525,-0.984,0.0615,-0.0088,0.9873,
7.602,ENC,0.0000,0.0000,0.0000,0.0000,0.0000,0.000,-3.901,-0.525,-0.984,0.0615,-0.0088,0.9873,
7.607,IMU,0.0000,0.0000,0.0000,0.0000,0.0000,0.000,-3.896,-0.507,-0.945,0.0679,-0.0146,0.9971,
7.621,ENC,0.0000,0.0000,0.0000,0.0000,0.0000,0.000,-3.896,-0.507,-0.945,0.0679,-0.0146,0.9971,
7.627,IMU,0.0000,0.0000,0.0000,0.0000,0.0000,0.000,-3.893,-0.502,-0.931,0.0591,-0.0083,0.9927,
7.642,ENC,0.0000,0.0000,0.0000,0.0000,0.0000,0.000,-3.893,-0.502,-0.931,0.0591,-0.0083,0.9927,
7.647,IMU,0.0000,0.0000,0.0000,0.0000,0.0000,0.000,-3.885,-0.448,-0.929,0.0596,-0.0039,1.0024,
7.665,ENC,0.0000,0.0000,0.0000,0.0000,0.0000,0.000,-3.885,-0.448,-0.929,0.0596,-0.0039,1.0024,
7.667,IMU,0.0000,0.0000,0.0000,0.0000,0.0000,0.000,-3.879,-0.456,-0.983,0.0625,-0.0015,1.0039,
7.681,ENC,0.0000,0.0000,0.0000,0.0000,0.0000,0.000,-3.879,-0.456,-0.983,0.0625,-0.0015,1.0039,
7.705,ENC,0.0000,0.0000,0.0000,0.0000,0.0000,0.000,-3.879,-0.456,-0.983,0.0625,-0.0015,1.0039,
7.724,IMU,0.0000,0.0000,0.0000,0.0000,0.0000,0.000,-3.956,-0.426,-0.949,0.0645,-0.0132,0.9941,
7.724,ENC,0.0000,0.0000,0.0000,0.0000,0.0000,0.000,-3.956,-0.426,-0.949,0.0645,-0.0132,0.9941,
7.728,IMU,0.0000,0.0000,0.0000,0.0000,0.0000,0.000,-4.013,-0.441,-0.965,0.0645,-0.0049,0.9858,
7.746,ENC,0.0000,0.0000,0.0000,0.0000,0.0000,0.000,-4.013,-0.441,-0.965,0.0645,-0.0049,0.9858,
7.748,IMU,0.0000,0.0000,0.0000,0.0000,0.0000,0.000,-3.978,-0.451,-0.986,0.0659,0.0073,0.9854,
7.766,ENC,0.0000,0.0000,0.0000,0.0000,0.0000,0.000,-3.978,-0.451,-0.986,0.0659,0.0073,0.9854,
7.768,IMU,0.0000,0.0000,0.0000,0.0000,0.0000,0.000,-4.007,-0.453,-0.949,0.0767,-0.0063,1.0078,
7.782,ENC,0.0000,0.0000,0.0000,0.0000,0.0000,0.000,-4.007,-0.453,-0.949,0.0767,-0.0063,1.0078,
7.787,IMU,0.0000,0.0000,0.0000,0.0000,0.0000,0.000,-3.964,-0.463,-0.912,0.0415,-0.0161,1.0044,
7.802,ENC,0.0000,0.0000,0.0000,0.0000,0.0000,0.000,-3.964,-0.463,-0.912,0.0415,-0.0161,1.0044,
7.808,IMU,0.0000,0.0000,0.0000,0.0000,0.0000,0.000,-3.997,-0.428,-0.935,0.0688,0.0015,1.0044,
7.822,ENC,0.0000,0.0000,0.0000,0.0000,0.0000,0.000,-3.997,-0.428,-0.935,0.0688,0.0015,1.0044,
7.827,IMU,0.0000,0.0000,0.0000,0.0000,0.0000,0.000,-4.010,-0.411,-0.895,0.0527,-0.0093,0.9980,
7.842,ENC,0.0000,0.0000,0.0000,0.0000,0.0000,0.000,-4.010,-0.411,-0.895,0.0527,-0.0093,0.9980,
7.849,IMU,0.0000,0.0000,0.0000,0.0000,0.0000,0.000,-3.976,-0.398,-0.910,0.0615,-0.0093,1.0039,
7.862,ENC,0.0000,0.0000,0.0000,0.0000,0.0000,0.000,-3.976,-0.398,-0.910,0.0615,-0.0093,1.0039,
7.871,IMU,0.0000,0.0000,0.0000,0.0000,0.0000,0.000,-3.938,-0.381,-0.932,0.0659,-0.0117,0.9932,
7.882,ENC,0.0000,0.0000,0.0000,0.0000,0.0000,0.000,-3.938,-0.381,-0.932,0.0659,-0.0117,0.9932,
7.888,IMU,0.0000,0.0000,0.0000,0.0000,0.0000,0.000,-3.905,-0.384,-0.929,0.0688,0.0015,0.9946,
7.907,IMU,0.0000,0.0000,0.0000,0.0000,0.0000,0.000,-3.892,-0.382,-0.949,0.0625,-0.0098,0.9956,
7.922,ENC,0.0000,0.0000,0.0000,0.0000,0.0000,0.000,-3.892,-0.382,-0.949,0.0625,-0.0098,0.9956,
7.928,IMU,0.0000,0.0000,0.0000,0.0000,0.0000,0.000,-3.898,-0.353,-0.929,0.0513,-0.0049,0.9946,
7.942,ENC,0.0000,0.0000,0.0000,0.0000,0.0000,0.000,-3.898,-0.353,-0.929,0.0513,-0.0049,0.9946,
7.947,IMU,0.0000,0.0000,0.0000,0.0000,0.0000,0.000,-3.904,-0.348,-0.941,0.0669,-0.0107,0.9888,
7.961,ENC,0.0000,0.0000,0.0000,0.0000,0.0000,0.000,-3.904,-0.348,-0.941,0.0669,-0.0107,0.9888,
7.974,IMU,0.0000,0.0000,0.0000,0.0000,0.0000,0.000,-3.919,-0.318,-0.948,0.0669,-0.0112,0.9966,
7.982,ENC,0.0000,0.0000,0.0000,0.0000,0.0000,0.000,-3.919,-0.318,-0.948,0.0669,-0.0112,0.9966,
7.987,IMU,0.0000,0.0000,0.0000,0.0000,0.0000,0.000,-3.881,-0.328,-0.964,0.0571,-0.0151,0.9995,
8.014,ENC,0.0000,0.0000,0.0000,0.0000,0.0000,0.000,-3.881,-0.328,-0.964,0.0571,-0.0151,0.9995,
8.016,IMU,0.0000,0.0000,0.0000,0.0000,0.0000,0.000,-3.858,-0.328,-0.949,0.0557,0.0059,1.0024,
8.022,ENC,0.0000,0.0000,0.0000,0.0000,0.0000,0.000,-3.858,-0.328,-0.949,0.0557,0.0059,1.0024,
8.030,IMU,0.0000,0.0000,0.0000,0.0000,0.0000,0.000,-3.837,-0.327,-0.929,0.0649,-0.0024,1.0029,
8.042,ENC,0.0000,0.0000,0.0000,0.0000,0.0000,0.000,-3.837,-0.327,-0.929,0.0649,-0.0024,1.0029,
8.049,IMU,0.0000,0.0000,0.0000,0.0000,0.0000,0.000,-3.810,-0.361,-0.905,0.0571,-0.0181,0.9927,
8.062,ENC,0.0000,0.0000,0.0000,0.0000,0.0000,0.000,-3.810,-0.361,-0.905,0.0571,-0.0181,0.9927,
8.068,IMU,0.0000,0.0000,0.0000,0.0000,0.0000,0.000,-3.810,-0.391,-0.910,0.0610,-0.0127,0.9980,
8.081,ENC,0.0000,0.0000,0.0000,0.0000,0.0000,0.000,-3.810,-0.391,-0.910,0.0610,-0.0127,0.9980,
8.092,IMU,0.0000,0.0000,0.0000,0.0000,0.0000,0.000,-3.763,-0.426,-0.901,0.0703,-0.0093,1.0112,
8.102,ENC,0.0000,0.0000,0.0000,0.0000,0.0000,0.000,-3.763,-0.426,-0.901,0.0703,-0.0093,1.0112,
8.108,IMU,0.0000,0.0000,0.0000,0.0000,0.0000,0.000,-3.798,-0.415,-0.911,0.0601,-0.0103,0.9956,
8.122,ENC,0.0000,0.0000,0.0000,0.0000,0.0000,0.000,-3.798,-0.415,-0.911,0.0601,-0.0103,0.9956,
8.127,IMU,0.0000,0.0000,0.0000,0.0000,0.0000,0.000,-3.806,-0.408,-0.889,0.0713,-0.0127,0.9932,
8.142,ENC,0.0000,0.0000,0.0000,0.0000,0.0000,0.000,-3.806,-0.408,-0.889,0.0713,-0.0127,0.9932,
8.148,IMU,0.0000,0.0000,0.0000,0.0000,0.0000,0.000,-3.814,-0.414,-0.887,0.0713,-0.0059,0.9966,
8.162,ENC,0.0000,0.0000,0.0000,0.0000,0.0000,0.000,-3.814,-0.414,-0.887,0.0713,-0.0059,0.9966,
8.181,ENC,0.0000,0.0000,0.0000,0.0000,0.0000,0.000,-3.814,-0.414,-0.887,0.0713,-0.0059,0.9966,
8.190,IMU,0.0000,0.0000,0.0000,0.0000,0.0000,0.000,-3.855,-0.424,-0.883,0.0615,-0.0176,0.9927,
8.191,IMU,0.0000,0.0000,0.0000,0.0000,0.0000,0.000,-3.849,-0.373,-0.870,0.0625,-0.0059,0.9819,
8.201,ENC,0.0000,0.0000,0.0000,0.0000,0.0000,0.000,-3.849,-0.373,-0.870,0.0625,-0.0059,0.9819,
8.219,IMU,0.0000,0.0000,0.0000,0.0000,0.0000,0.000,-3.822,-0.377,-0.888,0.0586,-0.0132,0.9893,
8.221,ENC,0.0000,0.0000,0.0000,0.0000,0.0000,0.000,-3.822,-0.377,-0.888,0.0586,-0.0132,0.9893,
8.227,IMU,0.0000,0.0000,0.0000,0.0000,0.0000,0.000,-3.839,-0.370,-0.895,0.0693,0.0029,1.0049,
8.241,ENC,0.0000,0.0000,0.0000,0.0000,0.0000,0.000,-3.839,-0.370,-0.895,0.0693,0.0029,1.0049,
8.247,IMU,0.0000,0.0000,0.0000,0.0000,0.0000,0.000,-3.832,-0.359,-0.856,0.0688,-0.0034,0.9985,
8.264,ENC,0.0000,0.0000,0.0000,0.0000,0.0000,0.000,-3.832,-0.359,-0.856,0.0688,-0.0034,0.9985,
8.279,IMU,0.0000,0.0000,0.0000,0.0000,0.0000,0.000,-3.810,-0.378,-0.874,0.0649,-0.0068,0.9956,
8.288,ENC,0.0000,0.0000,0.0000,0.0000,0.0000,0.000,-3.810,-0.378,-0.874,0.0649,-0.0068,0.9956,
8.301,ENC,0.0000,0.0000,0.0000,0.0000,0.0000,0.000,-3.810,-0.378,-0.874,0.0649,-0.0068,0.9956,
8.310,IMU,0.0000,0.0000,0.0000,0.0000,0.0000,0.000,-3.818,-0.354,-0.833,0.0596,-0.0083,1.0044,
8.311,IMU,0.0000,0.0000,0.0000,0.0000,0.0000,0.000,-3.796,-0.335,-0.846,0.0801,0.0015,0.9897,
8.323,ENC,0.0000,0.0000,0.0000,0.0000,0.0000,0.000,-3.796,-0.335,-0.846,0.0801,0.0015,0.9897,
8.328,IMU,0.0000,0.0000,0.0000,0.0000,0.0000,0.000,-3.839,-0.322,-0.828,0.0732,-0.0044,0.9844,
8.342,ENC,0.0000,0.0000,0.0000,0.0000,0.0000,0.000,-3.839,-0.322,-0.828,0.0732,-0.0044,0.9844,
8.349,IMU,0.0000,0.0000,0.0000,0.0000,0.0000,0.000,-3.871,-0.328,-0.785,0.0698,-0.0098,0.9966,
8.368,IMU,0.0000,0.0000,0.0000,0.0000,0.0000,0.000,-3.936,-0.306,-0.772,0.0771,0.0015,0.9985,
8.382,ENC,0.0000,0.0000,0.0000,0.0000,0.0000,0.000,-3.936,-0.306,-0.772,0.0771,0.0015,0.9985,
8.382,ENC,0.0000,0.0000,0.0000,0.0000,0.0000,0.000,-3.936,-0.306,-0.772,0.0771,0.0015,0.9985,
8.389,IMU,0.0000,0.0000,0.0000,0.0000,0.0000,0.000,-3.885,-0.309,-0.805,0.0562,-0.0073,0.9956,
8.401,ENC,0.0000,0.0000,0.0000,0.0000,0.0000,0.000,-3.885,-0.309,-0.805,0.0562,-0.0073,0.9956,
8.407,IMU,0.0000,0.0000,0.0000,0.0000,0.0000,0.000,-3.897,-0.278,-0.842,0.0625,-0.0034,0.9849,
8.421,ENC,0.0000,0.0000,0.0000,0.0000,0.0000,0.000,-3.897,-0.278,-0.842,0.0625,-0.0034,0.9849,
8.429,IMU,0.0000,0.0000,0.0000,0.0000,0.0000,0.000,-3.860,-0.297,-0.860,0.0532,-0.0029,0.9951,
8.443,ENC,0.0000,0.0000,0.0000,0.0000,0.0000,0.000,-3.860,-0.297,-0.860,0.0532,-0.0029,0.9951,
8.447,IMU,0.0000,0.0000,0.0000,0.0000,0.0000,0.000,-3.841,-0.269,-0.818,0.0767,-0.0068,1.0049,
8.462,ENC,0.0000,0.0000,0.0000,0.0000,0.0000,0.000,-3.841,-0.269,-0.818,0.0767,-0.0068,1.0049,
8.467,IMU,0.0000,0.0000,0.0000,0.0000,0.0000,0.000,-3.834,-0.236,-0.798,0.0684,-0.0059,1.0132,
8.481,ENC,0.0000,0.0000,0.0000,0.0000,0.0000,0.000,-3.834,-0.236,-0.798,0.0684,-0.0059,1.0132,
8.492,IMU,0.0000,0.0000,0.0000,0.0000,0.0000,0.000,-3.801,-0.231,-0.768,0.0522,-0.0068,1.0024,
8.501,ENC,0.0000,0.0000,0.0000,0.0000,0.0000,0.000,-3.801,-0.231,-0.768,0.0522,-0.0068,1.0024,
8.507,IMU,0.0000,0.0000,0.0000,0.0000,0.0000,0.000,-3.792,-0.221,-0.801,0.0498,-0.0034,0.9990,
8.521,ENC,0.0000,0.0000,0.0000,0.0000,0.0000,0.000,-3.792,-0.221,-0.801,0.0498,-0.0034,0.9990,
8.528,IMU,0.0000,0.0000,0.0000,0.0000,0.0000,0.000,-3.789,-0.221,-0.772,0.0737,0.0005,0.9839,
8.546,ENC,0.0000,0.0000,0.0000,0.0000,0.0000,0.000,-3.789,-0.221,-0.772,0.0737,0.0005,0.9839,
8.548,IMU,0.0000,0.0000,0.0000,0.0000,0.0000,0.000,-3.774,-0.173,-0.736,0.0620,0.0010,0.9951,
8.566,ENC,0.0000,0.0000,0.0000,0.0000,0.0000,0.000,-3.774,-0.173,-0.736,0.0620,0.0010,0.9951,
8.568,IMU,0.0000,0.0000,0.0000,0.0000,0.0000,0.000,-3.759,-0.196,-0.716,0.0664,-0.0098,0.9937,
8.583,ENC,0.0000,0.0000,0.0000,0.0000,0.0000,0.000,-3.759,-0.196,-0.716,0.0664,-0.0098,0.9937,
8.595,IMU,0.0000,0.0000,0.0000,0.0000,0.0000,0.000,-3.773,-0.159,-0.696,0.0649,0.0039,1.0010,
8.610,ENC,0.0000,0.0000,0.0000,0.0000,0.0000,0.000,-3.773,-0.159,-0.696,0.0649,0.0039,1.0010,
8.622,ENC,0.0000,0.0000,0.0000,0.0000,0.0000,0.000,-3.773,-0.159,-0.696,0.0649,0.0039,1.0010,
8.627,IMU,0.0000,0.0000,0.0000,0.0000,0.0000,0.000,-3.762,-0.093,-0.668,0.0620,0.0024,1.0034,
8.641,ENC,0.0000,0.0000,0.0000,0.0000,0.0000,0.000,-3.762,-0.093,-0.668,0.0620,0.0024,1.0034,
8.647,IMU,0.0000,0.0000,0.0000,0.0000,0.0000,0.000,-3.779,-0.092,-0.664,0.0732,0.0000,1.0034,
8.662,ENC,0.0000,0.0000,0.0000,0.0000,0.0000,0.000,-3.779,-0.092,-0.664,0.0732,0.0000,1.0034,
8.671,IMU,0.0000,0.0000,0.0000,0.0000,0.0000,0.000,-3.789,-0.049,-0.613,0.0527,-0.0156,1.0015,
8.681,ENC,0.0000,0.0000,0.0000,0.0000,0.0000,0.000,-3.789,-0.049,-0.613,0.0527,-0.0156,1.0015,
8.688,IMU,0.0000,0.0000,0.0000,0.0000,0.0000,0.000,-3.797,-0.039,-0.633,0.0620,0.0063,0.9937,
8.702,ENC,0.0000,0.0000,0.0000,0.0000,0.0000,0.000,-3.797,-0.039,-0.633,0.0620,0.0063,0.9937,
8.707,IMU,0.0000,0.0000,0.0000,0.0000,0.0000,0.000,-3.829,-0.034,-0.657,0.0586,-0.0117,0.9927,
8.721,ENC,0.0000,0.0000,0.0000,0.0000,0.0000,0.000,-3.829,-0.034,-0.657,0.0586,-0.0117,0.9927,
8.727,IMU,0.0000,0.0000,0.0000,0.0000,0.0000,0.000,-3.805,-0.031,-0.596,0.0649,-0.0103,0.9883,
8.741,ENC,0.0000,0.0000,0.0000,0.0000,0.0000,0.000,-3.805,-0.031,-0.596,0.0649,-0.0103,0.9883,
8.747,IMU,0.0000,0.0000,0.0000,0.0000,0.0000,0.000,-3.780,-0.046,-0.593,0.0625,-0.0117,0.9912,
8.761,ENC,0.0000,0.0000,0.0000,0.0000,0.0000,0.000,-3.780,-0.046,-0.593,0.0625,-0.0117,0.9912,
8.770,IMU,0.0000,0.0000,0.0000,0.0000,0.0000,0.000,-3.746,-0.009,-0.573,0.0645,0.0049,0.9854,
8.781,ENC,0.0000,0.0000,0.0000,0.0000,0.0000,0.000,-3.746,-0.009,-0.573,0.0645,0.0049,0.9854,
8.788,IMU,0.0000,0.0000,0.0000,0.0000,0.0000,0.000,-3.749,-0.004,-0.551,0.0649,-0.0068,0.9961,
8.802,ENC,0.0000,0.0000,0.0000,0.0000,0.0000,0.000,-3.749,-0.004,-0.551,0.0649,-0.0068,0.9961,
8.809,IMU,0.0000,0.0000,0.0000,0.0000,0.0000,0.000,-3.719,-0.045,-0.605,0.0610,-0.0005,0.9976,
8.823,ENC,0.0000,0.0000,0.0000,0.0000,0.0000,0.000,-3.719,-0.045,-0.605,0.0610,-0.0005,0.9976,
8.827,IMU,0.0000,0.0000,0.0000,0.0000,0.0000,0.000,-3.742,-0.046,-0.626,0.0669,-0.0103,0.9883,
8.842,ENC,0.0000,0.0000,0.0000,0.0000,0.0000,0.000,-3.742,-0.046,-0.626,0.0669,-0.0103,0.9883,
8.850,IMU,0.0000,0.0000,0.0000,0.0000,0.0000,0.000,-3.750,-0.094,-0.631,0.0703,-0.0112,1.0029,
8.861,ENC,0.0000,0.0000,0.0000,0.0000,0.0000,0.000,-3.750,-0.094,-0.631,0.0703,-0.0112,1.0029,
8.868,IMU,0.0000,0.0000,0.0000,0.0000,0.0000,0.000,-3.781,-0.110,-0.641,0.0601,0.0029,0.9902,
8.882,ENC,0.0000,0.0000,0.0000,0.0000,0.0000,0.000,-3.781,-0.110,-0.641,0.0601,0.0029,0.9902,
8.895,IMU,0.0000,0.0000,0.0000,0.0000,0.0000,0.000,-3.782,-0.093,-0.618,0.0684,0.0078,0.9961,
8.902,ENC,0.0000,0.0000,0.0000,0.0000,0.0000,0.000,-3.782,-0.093,-0.618,0.0684,0.0078,0.9961,
8.907,IMU,0.0000,0.0000,0.0000,0.0000,0.0000,0.000,-3.787,-0.062,-0.659,0.0537,-0.0044,0.9990,
8.922,ENC,0.0000,0.0000,0.0000,0.0000,0.0000,0.000,-3.787,-0.062,-0.659,0.0537,-0.0044,0.9990,
8.929,IMU,0.0000,0.0000,0.0000,0.0000,0.0000,0.000,-3.788,-0.104,-0.680,0.0757,-0.0034,0.9927,
8.941,ENC,0.0000,0.0000,0.0000,0.0000,0.0000,0.000,-3.788,-0.104,-0.680,0.0757,-0.0034,0.9927,
8.947,IMU,0.0000,0.0000,0.0000,0.0000,0.0000,0.000,-3.789,-0.142,-0.678,0.0610,-0.0098,0.9849,
8.961,ENC,0.0000,0.0000,0.0000,0.0000,0.0000,0.000,-3.789,-0.142,-0.678,0.0610,-0.0098,0.9849,
8.967,IMU,0.0000,0.0000,0.0000,0.0000,0.0000,0.000,-3.786,-0.132,-0.670,0.0532,-0.0078,0.9961,
8.982,ENC,0.0000,0.0000,0.0000,0.0000,0.0000,0.000,-3.786,-0.132,-0.670,0.0532,-0.0078,0.9961,
8.988,IMU,0.0000,0.0000,0.0000,0.0000,0.0000,0.000,-3.820,-0.203,-0.715,0.0732,-0.0122,0.9946,
9.001,ENC,0.0000,0.0000,0.0000,0.0000,0.0000,0.000,-3.820,-0.203,-0.715,0.0732,-0.0122,0.9946,
9.007,IMU,0.0000,0.0000,0.0000,0.0000,0.0000,0.000,-3.779,-0.221,-0.684,0.0562,-0.0068,0.9937,
9.022,ENC,0.0000,0.0000,0.0000,0.0000,0.0000,0.000,-3.779,-0.221,-0.684,0.0562,-0.0068,0.9937,
9.027,IMU,0.0000,0.0000,0.0000,0.0000,0.0000,0.000,-3.746,-0.231,-0.670,0.0610,-0.0063,0.9937,
9.041,ENC,0.0000,0.0000,0.0000,0.0000,0.0000,0.000,-3.746,-0.231,-0.670,0.0610,-0.0063,0.9937,
9.047,IMU,0.0000,0.0000,0.0000,0.0000,0.0000,0.000,-3.769,-0.255,-0.674,0.0581,-0.0190,1.0044,
9.061,ENC,0.0000,0.0000,0.0000,0.0000,0.0000,0.000,-3.769,-0.255,-0.674,0.0581,-0.0190,1.0044,
9.067,IMU,0.0000,0.0000,0.0000,0.0000,0.0000,0.000,-3.769,-0.291,-0.646,0.0728,-0.0049,0.9912,
9.081,ENC,0.0000,0.0000,0.0000,0.0000,0.0000,0.000,-3.769,-0.291,-0.646,0.0728,-0.0049,0.9912,
9.088,IMU,0.0000,0.0000,0.0000,0.0000,0.0000,0.000,-3.795,-0.276,-0.675,0.0659,0.0059,0.9897,
9.101,ENC,0.0000,0.0000,0.0000,0.0000,0.0000,0.000,-3.795,-0.276,-0.675,0.0659,0.0059,0.9897,
9.107,IMU,0.0000,0.0000,0.0000,0.0000,0.0000,0.000,-3.792,-0.315,-0.651,0.0571,-0.0112,0.9868,
9.121,ENC,0.0000,0.0000,0.0000,0.0000,0.0000,0.000,-3.792,-0.315,-0.651,0.0571,-0.0112,0.9868,
9.128,IMU,0.0000,0.0000,0.0000,0.0000,0.0000,0.000,-3.785,-0.313,-0.609,0.0596,-0.0098,0.9990,
9.141,ENC,0.0000,0.0000,0.0000,0.0000,0.0000,0.000,-3.785,-0.313,-0.609,0.0596,-0.0098,0.9990,
9.147,IMU,0.0000,0.0000,0.0000,0.0000,0.0000,0.000,-3.726,-0.308,-0.619,0.0581,-0.0059,0.9971,
9.162,ENC,0.0000,0.0000,0.0000,0.0000,0.0000,0.000,-3.726,-0.308,-0.619,0.0581,-0.0059,0.9971,
9.167,IMU,0.0000,0.0000,0.0000,0.0000,0.0000,0.000,-3.712,-0.302,-0.604,0.0591,0.0015,1.0000,
9.181,ENC,0.0000,0.0000,0.0000,0.0000,0.0000,0.000,-3.712,-0.302,-0.604,0.0591,0.0015,1.0000,
9.187,IMU,0.0000,0.0000,0.0000,0.0000,0.0000,0.000,-3.674,-0.313,-0.627,0.0562,-0.0059,1.0024,
9.202,ENC,0.0000,0.0000,0.0000,0.0000,0.0000,0.000,-3.674,-0.313,-0.627,0.0562,-0.0059,1.0024,
9.208,IMU,0.0000,0.0000,0.0000,0.0000,0.0000,0.000,-3.687,-0.275,-0.630,0.0562,-0.0020,1.0073,
9.221,ENC,0.0000,0.0000,0.0000,0.0000,0.0000,0.000,-3.687,-0.275,-0.630,0.0562,-0.0020,1.0073,
9.231,IMU,0.0000,0.0000,0.0000,0.0000,0.0000,0.000,-3.670,-0.280,-0.623,0.0625,-0.0020,0.9927,
9.243,ENC,0.0000,0.0000,0.0000,0.0000,0.0000,0.000,-3.670,-0.280,-0.623,0.0625,-0.0020,0.9927,
9.264,ENC,0.0000,0.0000,0.0000,0.0000,0.0000,0.000,-3.670,-0.280,-0.623,0.0625,-0.0020,0.9927,
9.271,IMU,0.0000,0.0000,0.0000,0.0000,0.0000,0.000,-3.698,-0.246,-0.542,0.0737,-0.0024,0.9907,
9.281,ENC,0.0000,0.0000,0.0000,0.0000,0.0000,0.000,-3.698,-0.246,-0.542,0.0737,-0.0024,0.9907,
9.288,IMU,0.0000,0.0000,0.0000,0.0000,0.0000,0.000,-3.769,-0.262,-0.523,0.0708,-0.0229,0.9814,
9.302,ENC,0.0000,0.0000,0.0000,0.0000,0.0000,0.000,-3.769,-0.262,-0.523,0.0708,-0.0229,0.9814,
9.307,IMU,0.0000,0.0000,0.0000,0.0000,0.0000,0.000,-3.768,-0.245,-0.457,0.0713,-0.0073,0.9946,
9.321,ENC,0.0000,0.0000,0.0000,0.0000,0.0000,0.000,-3.768,-0.245,-0.457,0.0713,-0.0073,0.9946,
9.328,IMU,0.0000,0.0000,0.0000,0.0000,0.0000,0.000,-3.733,-0.202,-0.488,0.0640,-0.0039,1.0005,
9.347,IMU,0.0000,0.0000,0.0000,0.0000,0.0000,0.000,-3.775,-0.201,-0.485,0.0747,-0.0122,0.9868,
9.361,ENC,0.0000,0.0000,0.0000,0.0000,0.0000,0.000,-3.775,-0.201,-0.485,0.0747,-0.0122,0.9868,
9.367,IMU,0.0000,0.0000,0.0000,0.0000,0.0000,0.000,-3.781,-0.215,-0.510,0.0601,-0.0151,0.9814,
9.382,ENC,0.0000,0.0000,0.0000,0.0000,0.0000,0.000,-3.781,-0.215,-0.510,0.0601,-0.0151,0.9814,
9.387,IMU,0.0000,0.0000,0.0000,0.0000,0.0000,0.000,-3.786,-0.219,-0.495,0.0610,-0.0166,1.0020,
9.406,ENC,0.0000,0.0000,0.0000,0.0000,0.0000,0.000,-3.786,-0.219,-0.495,0.0610,-0.0166,1.0020,
9.408,IMU,0.0000,0.0000,0.0000,0.0000,0.0000,0.000,-3.800,-0.213,-0.469,0.0762,-0.0049,1.0093,
9.422,ENC,0.0000,0.0000,0.0000,0.0000,0.0000,0.000,-3.800,-0.213,-0.469,0.0762,-0.0049,1.0093,
9.428,IMU,0.0000,0.0000,0.0000,0.0000,0.0000,0.000,-3.819,-0.180,-0.493,0.0576,-0.0063,0.9976,
9.442,ENC,0.0000,0.0000,0.0000,0.0000,0.0000,0.000,-3.819,-0.180,-0.493,0.0576,-0.0063,0.9976,
9.448,IMU,0.0000,0.0000,0.0000,0.0000,0.0000,0.000,-3.777,-0.205,-0.511,0.0562,-0.0122,0.9893,
9.462,ENC,0.0000,0.0000,0.0000,0.0000,0.0000,0.000,-3.777,-0.205,-0.511,0.0562,-0.0122,0.9893,
9.467,IMU,0.0000,0.0000,0.0000,0.0000,0.0000,0.000,-3.760,-0.178,-0.474,0.0698,-0.0117,0.9902,
9.487,ENC,0.0000,0.0000,0.0000,0.0000,0.0000,0.000,-3.760,-0.178,-0.474,0.0698,-0.0117,0.9902,
9.489,IMU,0.0000,0.0000,0.0000,0.0000,0.0000,0.000,-3.762,-0.165,-0.440,0.0659,-0.0015,0.9893,
9.502,ENC,0.0000,0.0000,0.0000,0.0000,0.0000,0.000,-3.762,-0.165,-0.440,0.0659,-0.0015,0.9893,
9.508,IMU,0.0000,0.0000,0.0000,0.0000,0.0000,0.000,-3.780,-0.185,-0.426,0.0728,0.0010,0.9854,
9.522,ENC,0.0000,0.0000,0.0000,0.0000,0.0000,0.000,-3.780,-0.185,-0.426,0.0728,0.0010,0.9854,
9.527,IMU,0.0000,0.0000,0.0000,0.0000,0.0000,0.000,-3.785,-0.169,-0.414,0.0508,-0.0010,0.9873,
9.541,ENC,0.0000,0.0000,0.0000,0.0000,0.0000,0.000,-3.785,-0.169,-0.414,0.0508,-0.0010,0.9873,
9.547,IMU,0.0000,0.0000,0.0000,0.0000,0.0000,0.000,-3.790,-0.175,-0.396,0.0708,0.0024,0.9956,
9.562,ENC,0.0000,0.0000,0.0000,0.0000,0.0000,0.000,-3.790,-0.175,-0.396,0.0708,0.0024,0.9956,
9.567,IMU,0.0000,0.0000,0.0000,0.0000,0.0000,0.000,-3.764,-0.189,-0.411,0.0620,-0.0054,0.9961,
9.582,ENC,0.0000,0.0000,0.0000,0.0000,0.0000,0.000,-3.764,-0.189,-0.411,0.0620,-0.0054,0.9961,
9.589,IMU,0.0000,0.0000,0.0000,0.0000,0.0000,0.000,-3.777,-0.154,-0.377,0.0674,-0.0088,1.0073,
9.603,ENC,0.0000,0.0000,0.0000,0.0000,0.0000,0.000,-3.777,-0.154,-0.377,0.0674,-0.0088,1.0073,
9.610,IMU,0.0000,0.0000,0.0000,0.0000,0.0000,0.000,-3.792,-0.165,-0.382,0.0664,-0.0112,1.0005,
9.622,ENC,0.0000,0.0000,0.0000,0.0000,0.0000,0.000,-3.792,-0.165,-0.382,0.0664,-0.0112,1.0005,
9.627,IMU,0.0000,0.0000,0.0000,0.0000,0.0000,0.000,-3.806,-0.198,-0.343,0.0674,-0.0103,0.9985,
9.641,ENC,0.0000,0.0000,0.0000,0.0000,0.0000,0.000,-3.806,-0.198,-0.343,0.0674,-0.0103,0.9985,
9.649,IMU,0.0000,0.0000,0.0000,0.0000,0.0000,0.000,-3.809,-0.210,-0.394,0.0669,-0.0083,0.9878,
9.662,ENC,0.0000,0.0000,0.0000,0.0000,0.0000,0.000,-3.809,-0.210,-0.394,0.0669,-0.0083,0.9878,
9.667,IMU,0.0000,0.0000,0.0000,0.0000,0.0000,0.000,-3.759,-0.223,-0.355,0.0542,-0.0078,0.9956,
9.682,ENC,0.0000,0.0000,0.0000,0.0000,0.0000,0.000,-3.759,-0.223,-0.355,0.0542,-0.0078,0.9956,
9.692,IMU,0.0000,0.0000,0.0000,0.0000,0.0000,0.000,-3.753,-0.246,-0.369,0.0605,-0.0068,0.9917,
9.702,ENC,0.0000,0.0000,0.0000,0.0000,0.0000,0.000,-3.753,-0.246,-0.369,0.0605,-0.0068,0.9917,
9.708,IMU,0.0000,0.0000,0.0000,0.0000,0.0000,0.000,-3.733,-0.299,-0.425,0.0610,-0.0103,0.9966,
9.722,ENC,0.0000,0.0000,0.0000,0.0000,0.0000,0.000,-3.733,-0.299,-0.425,0.0610,-0.0103,0.9966,
9.728,IMU,0.0000,0.0000,0.0000,0.0000,0.0000,0.000,-3.742,-0.311,-0.489,0.0640,-0.0098,0.9951,
9.743,ENC,0.0000,0.0000,0.0000,0.0000,0.0000,0.000,-3.742,-0.311,-0.489,0.0640,-0.0098,0.9951,
9.747,IMU,0.0000,0.0000,0.0000,0.0000,0.0000,0.000,-3.705,-0.285,-0.448,0.0605,0.0020,0.9976,
9.761,ENC,0.0000,0.0000,0.0000,0.0000,0.0000,0.000,-3.705,-0.285,-0.448,0.0605,0.0020,0.9976,
9.769,IMU,0.0000,0.0000,0.0000,0.0000,0.0000,0.000,-3.694,-0.292,-0.454,0.0547,-0.0117,1.0020,
9.782,ENC,0.0000,0.0000,0.0000,0.0000,0.0000,0.000,-3.694,-0.292,-0.454,0.0547,-0.0117,1.0020,
9.787,IMU,0.0000,0.0000,0.0000,0.0000,0.0000,0.000,-3.667,-0.282,-0.459,0.0605,-0.0015,0.9854,
9.802,ENC,0.0000,0.0000,0.0000,0.0000,0.0000,0.000,-3.667,-0.282,-0.459,0.0605,-0.0015,0.9854,
9.822,ENC,0.0000,0.0000,0.0000,0.0000,0.0000,0.000,-3.667,-0.282,-0.459,0.0605,-0.0015,0.9854,
9.828,IMU,0.0000,0.0000,0.0000,0.0000,0.0000,0.000,-3.663,-0.383,-0.565,0.0664,-0.0112,0.9966,
9.841,ENC,0.0000,0.0000,0.0000,0.0000,0.0000,0.000,-3.663,-0.383,-0.565,0.0664,-0.0112,0.9966,
9.847,IMU,0.0000,0.0000,0.0000,0.0000,0.0000,0.000,-3.638,-0.383,-0.544,0.0664,0.0146,0.9917,
9.861,ENC,0.0000,0.0000,0.0000,0.0000,0.0000,0.000,-3.638,-0.383,-0.544,0.0664,0.0146,0.9917,
9.867,IMU,0.0000,0.0000,0.0000,0.0000,0.0000,0.000,-3.683,-0.395,-0.506,0.0630,-0.0098,1.0054,
9.881,ENC,0.0000,0.0000,0.0000,0.0000,0.0000,0.000,-3.683,-0.395,-0.506,0.0630,-0.0098,1.0054,
9.888,IMU,0.0000,0.0000,0.0000,0.0000,0.0000,0.000,-3.669,-0.410,-0.524,0.0605,-0.0210,1.0044,
9.901,ENC,0.0000,0.0000,0.0000,0.0000,0.0000,0.000,-3.669,-0.410,-0.524,0.0605,-0.0210,1.0044,
9.907,IMU,0.0000,0.0000,0.0000,0.0000,0.0000,0.000,-3.661,-0.390,-0.544,0.0552,-0.0063,0.9897,
9.922,ENC,0.0000,0.0000,0.0000,0.0000,0.0000,0.000,-3.661,-0.390,-0.544,0.0552,-0.0063,0.9897,
9.941,ENC,0.0000,0.0000,0.0000,0.0000,0.0000,0.000,-3.661,-0.390,-0.544,0.0552,-0.0063,0.9897,
9.947,IMU,0.0000,0.0000,0.0000,0.0000,0.0000,0.000,-3.644,-0.472,-0.532,0.0566,-0.0181,0.9878,
9.961,ENC,0.0000,0.0000,0.0000,0.0000,0.0000,0.000,-3.644,-0.472,-0.532,0.0566,-0.0181,0.9878,
9.967,IMU,0.0000,0.0000,0.0000,0.0000,0.0000,0.000,-3.592,-0.417,-0.511,0.0620,0.0049,0.9819,
9.982,ENC,0.0000,0.0000,0.0000,0.0000,0.0000,0.000,-3.592,-0.417,-0.511,0.0620,0.0049,0.9819,
9.987,IMU,0.0000,0.0000,0.0000,0.0000,0.0000,0.000,-3.584,-0.454,-0.531,0.0610,-0.0088,0.9961,
10.001,ENC,0.0000,0.0000,0.0000,0.0000,0.0000,0.000,-3.584,-0.454,-0.531,0.0610,-0.0088,0.9961,
10.009,IMU,0.0000,0.0000,0.0000,0.0000,0.0000,0.000,-3.617,-0.413,-0.455,0.0649,-0.0098,0.9868,
10.023,ENC,0.0000,0.0000,0.0000,0.0000,0.0000,0.000,-3.617,-0.413,-0.455,0.0649,-0.0098,0.9868,
10.027,IMU,0.0000,0.0000,0.0000,0.0000,0.0000,0.000,-3.629,-0.364,-0.392,0.0630,-0.0083,0.9883,
10.041,ENC,0.0000,0.0000,0.0000,0.0000,0.0000,0.000,-3.629,-0.364,-0.392,0.0630,-0.0083,0.9883,
10.049,IMU,0.0000,0.0000,0.0000,0.0000,0.0000,0.000,-3.635,-0.392,-0.411,0.0620,-0.0186,1.0078,
10.062,ENC,0.0000,0.0000,0.0000,0.0000,0.0000,0.000,-3.635,-0.392,-0.411,0.0620,-0.0186,1.0078,
10.069,IMU,0.0000,0.0000,0.0000,0.0000,0.0000,0.000,-3.598,-0.325,-0.402,0.0698,-0.0181,0.9863,
10.081,ENC,0.0000,0.0000,0.0000,0.0000,0.0000,0.000,-3.598,-0.325,-0.402,0.0698,-0.0181,0.9863,
10.089,IMU,0.0000,0.0000,0.0000,0.0000,0.0000,0.000,-3.600,-0.340,-0.429,0.0591,-0.0151,0.9941,
10.102,ENC,0.0000,0.0000,0.0000,0.0000,0.0000,0.000,-3.600,-0.340,-0.429,0.0591,-0.0151,0.9941,
10.107,IMU,0.0000,0.0000,0.0000,0.0000,0.0000,0.000,-3.607,-0.331,-0.411,0.0698,-0.0044,0.9922,
10.121,ENC,0.0000,0.0000,0.0000,0.0000,0.0000,0.000,-3.607,-0.331,-0.411,0.0698,-0.0044,0.9922,
10.127,IMU,0.0000,0.0000,0.0000,0.0000,0.0000,0.000,-3.636,-0.295,-0.427,0.0688,0.0015,0.9922,
10.142,ENC,0.0000,0.0000,0.0000,0.0000,0.0000,0.000,-3.636,-0.295,-0.427,0.0688,0.0015,0.9922,
10.148,IMU,0.0000,0.0000,0.0000,0.0000,0.0000,0.000,-3.668,-0.253,-0.413,0.0679,-0.0024,0.9951,
10.161,ENC,0.0000,0.0000,0.0000,0.0000,0.0000,0.000,-3.668,-0.253,-0.413,0.0679,-0.0024,0.9951,
10.167,IMU,0.0000,0.0000,0.0000,0.0000,0.0000,0.000,-3.676,-0.221,-0.420,0.0605,-0.0073,0.9956,
10.182,ENC,0.0000,0.0000,0.0000,0.0000,0.0000,0.000,-3.676,-0.221,-0.420,0.0605,-0.0073,0.9956,
10.187,IMU,0.0000,0.0000,0.0000,0.0000,0.0000,0.000,-3.655,-0.202,-0.396,0.0688,-0.0039,0.9985,
10.202,ENC,0.0000,0.0000,0.0000,0.0000,0.0000,0.000,-3.655,-0.202,-0.396,0.0688,-0.0039,0.9985,
10.208,IMU,0.0000,0.0000,0.0000,0.0000,0.0000,0.000,-3.670,-0.205,-0.404,0.0640,-0.0010,0.9927,
10.222,ENC,0.0000,0.0000,0.0000,0.0000,0.0000,0.000,-3.670,-0.205,-0.404,0.0640,-0.0010,0.9927,
10.227,IMU,0.0000,0.0000,0.0000,0.0000,0.0000,0.000,-3.574,-0.208,-0.401,0.0547,-0.0039,1.0015,
10.242,ENC,0.0000,0.0000,0.0000,0.0000,0.0000,0.000,-3.574,-0.208,-0.401,0.0547,-0.0039,1.0015,
10.247,IMU,0.0000,0.0000,0.0000,0.0000,0.0000,0.000,-3.602,-0.172,-0.395,0.0591,-0.0039,1.0049,
10.261,ENC,0.0000,0.0000,0.0000,0.0000,0.0000,0.000,-3.602,-0.172,-0.395,0.0591,-0.0039,1.0049,
10.268,IMU,0.0000,0.0000,0.0000,0.0000,0.0000,0.000,-3.564,-0.140,-0.394,0.0610,-0.0054,0.9863,
10.272,PHOTO,0.0000,0.0000,0.0000,0.0000,0.0000,0.000,-3.564,-0.140,-0.394,0.0610,-0.0054,0.9863,photo_001.jpg
10.281,ENC,0.0000,0.0000,0.0000,0.0000,0.0000,0.000,-3.564,-0.140,-0.394,0.0610,-0.0054,0.9863,
10.292,IMU,0.0000,0.0000,0.0000,0.0000,0.0000,0.000,-3.525,-0.118,-0.365,0.0625,-0.0112,0.9893,
10.303,ENC,0.0000,0.0000,0.0000,0.0000,0.0000,0.000,-3.525,-0.118,-0.365,0.0625,-0.0112,0.9893,
10.310,IMU,0.0000,0.0000,0.0000,0.0000,0.0000,0.000,-3.547,-0.187,-0.375,0.0645,-0.0200,1.0000,
10.325,ENC,0.0000,0.0000,0.0000,0.0000,0.0000,0.000,-3.547,-0.187,-0.375,0.0645,-0.0200,1.0000,
10.342,ENC,0.0000,0.0000,0.0000,0.0000,0.0000,0.000,-3.547,-0.187,-0.375,0.0645,-0.0200,1.0000,
10.351,IMU,0.0000,0.0000,0.0000,0.0000,0.0000,0.000,-3.551,-0.172,-0.379,0.0659,-0.0054,1.0029,
10.353,IMU,0.0000,0.0000,0.0000,0.0000,0.0000,0.000,-3.550,-0.191,-0.449,0.0669,-0.0132,0.9971,
10.362,ENC,0.0000,0.0000,0.0000,0.0000,0.0000,0.000,-3.550,-0.191,-0.449,0.0669,-0.0132,0.9971,
10.369,IMU,0.0000,0.0000,0.0000,0.0000,0.0000,0.000,-3.544,-0.189,-0.459,0.0547,-0.0142,0.9971,
10.382,ENC,0.0000,0.0000,0.0000,0.0000,0.0000,0.000,-3.544,-0.189,-0.459,0.0547,-0.0142,0.9971,
10.389,IMU,0.0000,0.0000,0.0000,0.0000,0.0000,0.000,-3.578,-0.172,-0.453,0.0654,-0.0073,0.9990,
10.403,ENC,0.0000,0.0000,0.0000,0.0000,0.0000,0.000,-3.578,-0.172,-0.453,0.0654,-0.0073,0.9990,
10.409,IMU,0.0000,0.0000,0.0000,0.0000,0.0000,0.000,-3.593,-0.190,-0.487,0.0723,0.0000,0.9917,
10.422,ENC,0.0000,0.0000,0.0000,0.0000,0.0000,0.000,-3.593,-0.190,-0.487,0.0723,0.0000,0.9917,
10.431,IMU,0.0000,0.0000,0.0000,0.0000,0.0000,0.000,-3.618,-0.154,-0.511,0.0659,0.0078,0.9937,
10.441,ENC,0.0000,0.0000,0.0000,0.0000,0.0000,0.000,-3.618,-0.154,-0.511,0.0659,0.0078,0.9937,
10.447,IMU,0.0000,0.0000,0.0000,0.0000,0.0000,0.000,-3.598,-0.142,-0.511,0.0605,-0.0068,0.9995,
10.461,ENC,0.0000,0.0000,0.0000,0.0000,0.0000,0.000,-3.598,-0.142,-0.511,0.0605,-0.0068,0.9995,
10.467,IMU,0.0000,0.0000,0.0000,0.0000,0.0000,0.000,-3.596,-0.177,-0.501,0.0566,-0.0054,1.0049,
10.481,ENC,0.0000,0.0000,0.0000,0.0000,0.0000,0.000,-3.596,-0.177,-0.501,0.0566,-0.0054,1.0049,
10.488,IMU,0.0000,0.0000,0.0000,0.0000,0.0000,0.000,-3.596,-0.147,-0.476,0.0679,-0.0059,0.9990,
10.508,IMU,0.0000,0.0000,0.0000,0.0000,0.0000,0.000,-3.622,-0.101,-0.443,0.0659,0.0078,0.9907,
10.510,ENC,0.0000,0.0000,0.0000,0.0000,0.0000,0.000,-3.622,-0.101,-0.443,0.0659,0.0078,0.9907,
10.522,ENC,0.0000,0.0000,0.0000,0.0000,0.0000,0.000,-3.622,-0.101,-0.443,0.0659,0.0078,0.9907,
10.527,IMU,0.0000,0.0000,0.0000,0.0000,0.0000,0.000,-3.606,-0.141,-0.434,0.0508,-0.0039,1.0010,
10.542,ENC,0.0000,0.0000,0.0000,0.0000,0.0000,0.000,-3.606,-0.141,-0.434,0.0508,-0.0039,1.0010,
10.547,IMU,0.0000,0.0000,0.0000,0.0000,0.0000,0.000,-3.607,-0.159,-0.456,0.0679,-0.0103,0.9917,
10.562,ENC,0.0000,0.0000,0.0000,0.0000,0.0000,0.000,-3.607,-0.159,-0.456,0.0679,-0.0103,0.9917,
10.568,IMU,0.0000,0.0000,0.0000,0.0000,0.0000,0.000,-3.617,-0.143,-0.481,0.0557,0.0039,0.9956,
10.582,ENC,0.0000,0.0000,0.0000,0.0000,0.0000,0.000,-3.617,-0.143,-0.481,0.0557,0.0039,0.9956,
10.589,IMU,0.0000,0.0000,0.0000,0.0000,0.0000,0.000,-3.623,-0.124,-0.509,0.0625,0.0000,1.0010,
10.602,ENC,0.0000,0.0000,0.0000,0.0000,0.0000,0.000,-3.623,-0.124,-0.509,0.0625,0.0000,1.0010,
10.608,IMU,0.0000,0.0000,0.0000,0.0000,0.0000,0.000,-3.593,-0.122,-0.548,0.0547,-0.0146,0.9868,
10.621,ENC,0.0000,0.0000,0.0000,0.0000,0.0000,0.000,-3.593,-0.122,-0.548,0.0547,-0.0146,0.9868,
10.627,IMU,0.0000,0.0000,0.0000,0.0000,0.0000,0.000,-3.594,-0.126,-0.573,0.0723,-0.0029,0.9912,
10.642,ENC,0.0000,0.0000,0.0000,0.0000,0.0000,0.000,-3.594,-0.126,-0.573,0.0723,-0.0029,0.9912,
10.649,IMU,0.0000,0.0000,0.0000,0.0000,0.0000,0.000,-3.579,-0.141,-0.586,0.0776,-0.0078,0.9805,
10.662,ENC,0.0000,0.0000,0.0000,0.0000,0.0000,0.000,-3.579,-0.141,-0.586,0.0776,-0.0078,0.9805,
10.668,IMU,0.0000,0.0000,0.0000,0.0000,0.0000,0.000,-3.589,-0.144,-0.611,0.0752,0.0083,0.9941,
10.681,ENC,0.0000,0.0000,0.0000,0.0000,0.0000,0.000,-3.589,-0.144,-0.611,0.0752,0.0083,0.9941,
10.687,IMU,0.0000,0.0000,0.0000,0.0000,0.0000,0.000,-3.613,-0.106,-0.605,0.0645,-0.0010,1.0044,
10.703,ENC,0.0000,0.0000,0.0000,0.0000,0.0000,0.000,-3.613,-0.106,-0.605,0.0645,-0.0010,1.0044,
10.707,IMU,0.0000,0.0000,0.0000,0.0000,0.0000,0.000,-3.595,-0.130,-0.603,0.0771,-0.0054,0.9976,
10.721,ENC,0.0000,0.0000,0.0000,0.0000,0.0000,0.000,-3.595,-0.130,-0.603,0.0771,-0.0054,0.9976,
10.727,IMU,0.0000,0.0000,0.0000,0.0000,0.0000,0.000,-3.620,-0.148,-0.592,0.0591,-0.0098,0.9995,
10.742,ENC,0.0000,0.0000,0.0000,0.0000,0.0000,0.000,-3.620,-0.148,-0.592,0.0591,-0.0098,0.9995,
10.747,IMU,0.0000,0.0000,0.0000,0.0000,0.0000,0.000,-3.627,-0.113,-0.589,0.0708,-0.0015,0.9956,
10.762,ENC,0.0000,0.0000,0.0000,0.0000,0.0000,0.000,-3.627,-0.113,-0.589,0.0708,-0.0015,0.9956,
10.768,IMU,0.0000,0.0000,0.0000,0.0000,0.0000,0.000,-3.614,-0.140,-0.548,0.0615,0.0103,0.9883,
10.781,ENC,0.0000,0.0000,0.0000,0.0000,0.0000,0.000,-3.614,-0.140,-0.548,0.0615,0.0103,0.9883,
10.788,IMU,0.0000,0.0000,0.0000,0.0000,0.0000,0.000,-3.623,-0.171,-0.550,0.0576,-0.0156,0.9976,
10.802,ENC,0.0000,0.0000,0.0000,0.0000,0.0000,0.000,-3.623,-0.171,-0.550,0.0576,-0.0156,0.9976,
10.808,IMU,0.0000,0.0000,0.0000,0.0000,0.0000,0.000,-3.643,-0.150,-0.579,0.0679,-0.0020,1.0103,
10.822,ENC,0.0000,0.0000,0.0000,0.0000,0.0000,0.000,-3.643,-0.150,-0.579,0.0679,-0.0020,1.0103,
10.827,IMU,0.0000,0.0000,0.0000,0.0000,0.0000,0.000,-3.662,-0.161,-0.582,0.0674,-0.0132,0.9946,
10.841,ENC,0.0000,0.0000,0.0000,0.0000,0.0000,0.000,-3.662,-0.161,-0.582,0.0674,-0.0132,0.9946,
10.848,IMU,0.0000,0.0000,0.0000,0.0000,0.0000,0.000,-3.662,-0.108,-0.598,0.0649,-0.0015,0.9927,
10.861,ENC,0.0000,0.0000,0.0000,0.0000,0.0000,0.000,-3.662,-0.108,-0.598,0.0649,-0.0015,0.9927,
10.867,IMU,0.0000,0.0000,0.0000,0.0000,0.0000,0.000,-3.649,-0.115,-0.592,0.0693,-0.0068,0.9956,
10.882,ENC,0.0000,0.0000,0.0000,0.0000,0.0000,0.000,-3.649,-0.115,-0.592,0.0693,-0.0068,0.9956,
10.888,IMU,0.0000,0.0000,0.0000,0.0000,0.0000,0.000,-3.641,-0.121,-0.647,0.0576,-0.0146,0.9937,
10.902,ENC,0.0000,0.0000,0.0000,0.0000,0.0000,0.000,-3.641,-0.121,-0.647,0.0576,-0.0146,0.9937,
10.907,IMU,0.0000,0.0000,0.0000,0.0000,0.0000,0.000,-3.622,-0.110,-0.633,0.0698,-0.0083,0.9863,
10.922,ENC,0.0000,0.0000,0.0000,0.0000,0.0000,0.000,-3.622,-0.110,-0.633,0.0698,-0.0083,0.9863,
10.929,IMU,0.0000,0.0000,0.0000,0.0000,0.0000,0.000,-3.642,-0.085,-0.656,0.0776,-0.0063,1.0005,
10.942,ENC,0.0000,0.0000,0.0000,0.0000,0.0000,0.000,-3.642,-0.085,-0.656,0.0776,-0.0063,1.0005,
10.947,IMU,0.0000,0.0000,0.0000,0.0000,0.0000,0.000,-3.621,-0.089,-0.664,0.0625,-0.0103,1.0029,
10.961,ENC,0.0000,0.0000,0.0000,0.0000,0.0000,0.000,-3.621,-0.089,-0.664,0.0625,-0.0103,1.0029,
10.967,IMU,0.0000,0.0000,0.0000,0.0000,0.0000,0.000,-3.628,-0.078,-0.677,0.0630,-0.0059,0.9946,
10.981,ENC,0.0000,0.0000,0.0000,0.0000,0.0000,0.000,-3.628,-0.078,-0.677,0.0630,-0.0059,0.9946,
10.987,IMU,0.0000,0.0000,0.0000,0.0000,0.0000,0.000,-3.647,-0.049,-0.666,0.0625,-0.0024,1.0005,
11.001,ENC,0.0000,0.0000,0.0000,0.0000,0.0000,0.000,-3.647,-0.049,-0.666,0.0625,-0.0024,1.0005,
11.008,IMU,0.0000,0.0000,0.0000,0.0000,0.0000,0.000,-3.659,-0.078,-0.667,0.0654,-0.0137,0.9912,
11.021,ENC,0.0000,0.0000,0.0000,0.0000,0.0000,0.000,-3.659,-0.078,-0.667,0.0654,-0.0137,0.9912,
11.027,IMU,0.0000,0.0000,0.0000,0.0000,0.0000,0.000,-3.704,-0.057,-0.680,0.0679,-0.0044,0.9966,
11.043,ENC,0.0000,0.0000,0.0000,0.0000,0.0000,0.000,-3.704,-0.057,-0.680,0.0679,-0.0044,0.9966,
11.048,IMU,0.0000,0.0000,0.0000,0.0000,0.0000,0.000,-3.682,-0.055,-0.702,0.0688,-0.0103,0.9937,
11.062,ENC,0.0000,0.0000,0.0000,0.0000,0.0000,0.000,-3.682,-0.055,-0.702,0.0688,-0.0103,0.9937,
11.067,IMU,0.0000,0.0000,0.0000,0.0000,0.0000,0.000,-3.671,-0.073,-0.651,0.0605,-0.0068,1.0073,
11.092,IMU,0.0000,0.0000,0.0000,0.0000,0.0000,0.000,-3.662,-0.074,-0.665,0.0635,-0.0078,0.9849,
11.106,ENC,0.0000,0.0000,0.0000,0.0000,0.0000,0.000,-3.662,-0.074,-0.665,0.0635,-0.0078,0.9849,
11.108,IMU,0.0000,0.0000,0.0000,0.0000,0.0000,0.000,-3.630,-0.077,-0.683,0.0698,-0.0039,0.9980,
11.132,IMU,0.0000,0.0000,0.0000,0.0000,0.0000,0.000,-3.630,-0.080,-0.680,0.0601,-0.0015,0.9819,
11.142,ENC,0.0000,0.0000,0.0000,0.0000,0.0000,0.000,-3.630,-0.080,-0.680,0.0601,-0.0015,0.9819,
11.147,IMU,0.0000,0.0000,0.0000,0.0000,0.0000,0.000,-3.607,-0.058,-0.691,0.0454,0.0039,0.9976,
11.162,ENC,0.0000,0.0000,0.0000,0.0000,0.0000,0.000,-3.607,-0.058,-0.691,0.0454,0.0039,0.9976,
11.168,IMU,0.0000,0.0000,0.0000,0.0000,0.0000,0.000,-3.570,-0.097,-0.704,0.0645,-0.0039,0.9956,
11.182,ENC,0.0000,0.0000,0.0000,0.0000,0.0000,0.000,-3.570,-0.097,-0.704,0.0645,-0.0039,0.9956,
11.187,IMU,0.0000,0.0000,0.0000,0.0000,0.0000,0.000,-3.536,-0.138,-0.680,0.0576,0.0034,1.0122,
11.203,ENC,0.0000,0.0000,0.0000,0.0000,0.0000,0.000,-3.536,-0.138,-0.680,0.0576,0.0034,1.0122,
11.210,IMU,0.0000,0.0000,0.0000,0.0000,0.0000,0.000,-3.539,-0.155,-0.681,0.0571,-0.0142,1.0020,
11.221,ENC,0.0000,0.0000,0.0000,0.0000,0.0000,0.000,-3.539,-0.155,-0.681,0.0571,-0.0142,1.0020,
11.228,IMU,0.0000,0.0000,0.0000,0.0000,0.0000,0.000,-3.527,-0.146,-0.693,0.0605,-0.0029,0.9893,
11.242,ENC,0.0000,0.0000,0.0000,0.0000,0.0000,0.000,-3.527,-0.146,-0.693,0.0605,-0.0029,0.9893,
11.250,IMU,0.0000,0.0000,0.0000,0.0000,0.0000,0.000,-3.554,-0.134,-0.715,0.0610,-0.0034,0.9961,
11.264,ENC,0.0000,0.0000,0.0000,0.0000,0.0000,0.000,-3.554,-0.134,-0.715,0.0610,-0.0034,0.9961,
11.267,IMU,0.0000,0.0000,0.0000,0.0000,0.0000,0.000,-3.557,-0.136,-0.690,0.0596,-0.0068,0.9985,
11.281,ENC,0.0000,0.0000,0.0000,0.0000,0.0000,0.000,-3.557,-0.136,-0.690,0.0596,-0.0068,0.9985,
11.289,IMU,0.0000,0.0000,0.0000,0.0000,0.0000,0.000,-3.551,-0.137,-0.696,0.0537,-0.0093,0.9878,
11.303,ENC,0.0000,0.0000,0.0000,0.0000,0.0000,0.000,-3.551,-0.137,-0.696,0.0537,-0.0093,0.9878,
11.308,IMU,0.0000,0.0000,0.0000,0.0000,0.0000,0.000,-3.547,-0.147,-0.653,0.0649,-0.0078,0.9956,
11.322,ENC,0.0000,0.0000,0.0000,0.0000,0.0000,0.000,-3.547,-0.147,-0.653,0.0649,-0.0078,0.9956,
11.331,IMU,0.0000,0.0000,0.0000,0.0000,0.0000,0.000,-3.556,-0.137,-0.671,0.0630,-0.0024,0.9971,
11.343,ENC,0.0000,0.0000,0.0000,0.0000,0.0000,0.000,-3.556,-0.137,-0.671,0.0630,-0.0024,0.9971,
11.350,IMU,0.0000,0.0000,0.0000,0.0000,0.0000,0.000,-3.536,-0.182,-0.690,0.0566,-0.0093,1.0034,
11.361,ENC,0.0000,0.0000,0.0000,0.0000,0.0000,0.000,-3.536,-0.182,-0.690,0.0566,-0.0093,1.0034,
11.367,IMU,0.0000,0.0000,0.0000,0.0000,0.0000,0.000,-3.567,-0.197,-0.710,0.0718,-0.0054,0.9868,
11.382,ENC,0.0000,0.0000,0.0000,0.0000,0.0000,0.000,-3.567,-0.197,-0.710,0.0718,-0.0054,0.9868,
11.388,IMU,0.0000,0.0000,0.0000,0.0000,0.0000,0.000,-3.560,-0.195,-0.749,0.0527,-0.0063,1.0010,
11.402,ENC,0.0000,0.0000,0.0000,0.0000,0.0000,0.000,-3.560,-0.195,-0.749,0.0527,-0.0063,1.0010,
11.407,IMU,0.0000,0.0000,0.0000,0.0000,0.0000,0.000,-3.528,-0.211,-0.767,0.0630,-0.0020,0.9810,
11.422,ENC,0.0000,0.0000,0.0000,0.0000,0.0000,0.000,-3.528,-0.211,-0.767,0.0630,-0.0020,0.9810,
11.427,IMU,0.0000,0.0000,0.0000,0.0000,0.0000,0.000,-3.517,-0.193,-0.762,0.0645,-0.0083,0.9946,
11.441,ENC,0.0000,0.0000,0.0000,0.0000,0.0000,0.000,-3.517,-0.193,-0.762,0.0645,-0.0083,0.9946,
11.448,IMU,0.0000,0.0000,0.0000,0.0000,0.0000,0.000,-3.527,-0.194,-0.785,0.0503,0.0010,0.9937,
11.462,ENC,0.0000,0.0000,0.0000,0.0000,0.0000,0.000,-3.527,-0.194,-0.785,0.0503,0.0010,0.9937,
11.467,IMU,0.0000,0.0000,0.0000,0.0000,0.0000,0.000,-3.538,-0.188,-0.773,0.0625,-0.0122,0.9917,
11.481,ENC,0.0000,0.0000,0.0000,0.0000,0.0000,0.000,-3.538,-0.188,-0.773,0.0625,-0.0122,0.9917,
11.488,IMU,0.0000,0.0000,0.0000,0.0000,0.0000,0.000,-3.505,-0.205,-0.779,0.0601,-0.0005,0.9902,
11.502,ENC,0.0000,0.0000,0.0000,0.0000,0.0000,0.000,-3.505,-0.205,-0.779,0.0601,-0.0005,0.9902,
11.507,IMU,0.0000,0.0000,0.0000,0.0000,0.0000,0.000,-3.500,-0.223,-0.820,0.0571,-0.0044,1.0044,
11.521,ENC,0.0000,0.0000,0.0000,0.0000,0.0000,0.000,-3.500,-0.223,-0.820,0.0571,-0.0044,1.0044,
11.527,IMU,0.0000,0.0000,0.0000,0.0000,0.0000,0.000,-3.473,-0.199,-0.840,0.0654,-0.0010,0.9961,
11.541,ENC,0.0000,0.0000,0.0000,0.0000,0.0000,0.000,-3.473,-0.199,-0.840,0.0654,-0.0010,0.9961,
11.548,IMU,0.0000,0.0000,0.0000,0.0000,0.0000,0.000,-3.473,-0.207,-0.804,0.0498,-0.0132,0.9971,
11.562,ENC,0.0000,0.0000,0.0000,0.0000,0.0000,0.000,-3.473,-0.207,-0.804,0.0498,-0.0132,0.9971,
11.568,IMU,0.0000,0.0000,0.0000,0.0000,0.0000,0.000,-3.513,-0.186,-0.824,0.0542,-0.0015,0.9883,
11.582,ENC,0.0000,0.0000,0.0000,0.0000,0.0000,0.000,-3.513,-0.186,-0.824,0.0542,-0.0015,0.9883,
11.588,IMU,0.0000,0.0000,0.0000,0.0000,0.0000,0.000,-3.541,-0.183,-0.805,0.0654,-0.0059,0.9849,
11.602,ENC,0.0000,0.0000,0.0000,0.0000,0.0000,0.000,-3.541,-0.183,-0.805,0.0654,-0.0059,0.9849,
11.608,IMU,0.0000,0.0000,0.0000,0.0000,0.0000,0.000,-3.550,-0.214,-0.778,0.0615,-0.0073,0.9829,
11.621,ENC,0.0000,0.0000,0.0000,0.0000,0.0000,0.000,-3.550,-0.214,-0.778,0.0615,-0.0073,0.9829,
11.627,IMU,0.0000,0.0000,0.0000,0.0000,0.0000,0.000,-3.512,-0.193,-0.764,0.0625,-0.0073,1.0059,
11.641,ENC,0.0000,0.0000,0.0000,0.0000,0.0000,0.000,-3.512,-0.193,-0.764,0.0625,-0.0073,1.0059,
11.648,IMU,0.0000,0.0000,0.0000,0.0000,0.0000,0.000,-3.522,-0.162,-0.781,0.0537,0.0024,0.9961,
11.661,ENC,0.0000,0.0000,0.0000,0.0000,0.0000,0.000,-3.522,-0.162,-0.781,0.0537,0.0024,0.9961,
11.667,IMU,0.0000,0.0000,0.0000,0.0000,0.0000,0.000,-3.581,-0.159,-0.772,0.0596,-0.0171,0.9805,
11.681,ENC,0.0000,0.0000,0.0000,0.0000,0.0000,0.000,-3.581,-0.159,-0.772,0.0596,-0.0171,0.9805,
11.703,ENC,0.0000,0.0000,0.0000,0.0000,0.0000,0.000,-3.581,-0.159,-0.772,0.0596,-0.0171,0.9805,
11.708,IMU,0.0000,0.0000,0.0000,0.0000,0.0000,0.000,-3.654,-0.126,-0.797,0.0591,-0.0088,1.0010,
11.722,ENC,0.0000,0.0000,0.0000,0.0000,0.0000,0.000,-3.654,-0.126,-0.797,0.0591,-0.0088,1.0010,
11.728,IMU,0.0000,0.0000,0.0000,0.0000,0.0000,0.000,-3.693,-0.169,-0.747,0.0679,-0.0137,0.9956,
11.742,ENC,0.0000,0.0000,0.0000,0.0000,0.0000,0.000,-3.693,-0.169,-0.747,0.0679,-0.0137,0.9956,
11.748,IMU,0.0000,0.0000,0.0000,0.0000,0.0000,0.000,-3.647,-0.149,-0.721,0.0596,-0.0005,0.9888,
11.761,ENC,0.0000,0.0000,0.0000,0.0000,0.0000,0.000,-3.647,-0.149,-0.721,0.0596,-0.0005,0.9888,
11.768,IMU,0.0000,0.0000,0.0000,0.0000,0.0000,0.000,-3.652,-0.178,-0.729,0.0674,-0.0200,0.9893,
11.781,ENC,0.0000,0.0000,0.0000,0.0000,0.0000,0.000,-3.652,-0.178,-0.729,0.0674,-0.0200,0.9893,
11.787,IMU,0.0000,0.0000,0.0000,0.0000,0.0000,0.000,-3.629,-0.164,-0.735,0.0605,-0.0098,1.0054,
11.802,ENC,0.0000,0.0000,0.0000,0.0000,0.0000,0.000,-3.629,-0.164,-0.735,0.0605,-0.0098,1.0054,
11.807,IMU,0.0000,0.0000,0.0000,0.0000,0.0000,0.000,-3.648,-0.201,-0.681,0.0840,-0.0210,0.9951,
11.822,ENC,0.0000,0.0000,0.0000,0.0000,0.0000,0.000,-3.648,-0.201,-0.681,0.0840,-0.0210,0.9951,
11.827,IMU,0.0000,0.0000,0.0000,0.0000,0.0000,0.000,-3.639,-0.201,-0.686,0.0645,-0.0063,0.9985,
11.841,ENC,0.0000,0.0000,0.0000,0.0000,0.0000,0.000,-3.639,-0.201,-0.686,0.0645,-0.0063,0.9985,
11.848,IMU,0.0000,0.0000,0.0000,0.0000,0.0000,0.000,-3.596,-0.201,-0.720,0.0620,0.0005,0.9844,
11.862,ENC,0.0000,0.0000,0.0000,0.0000,0.0000,0.000,-3.596,-0.201,-0.720,0.0620,0.0005,0.9844,
11.868,IMU,0.0000,0.0000,0.0000,0.0000,0.0000,0.000,-3.538,-0.203,-0.740,0.0674,-0.0098,0.9990,
11.882,ENC,0.0000,0.0000,0.0000,0.0000,0.0000,0.000,-3.538,-0.203,-0.740,0.0674,-0.0098,0.9990,
11.887,IMU,0.0000,0.0000,0.0000,0.0000,0.0000,0.000,-3.523,-0.218,-0.764,0.0620,-0.0176,0.9966,
11.902,ENC,0.0000,0.0000,0.0000,0.0000,0.0000,0.000,-3.523,-0.218,-0.764,0.0620,-0.0176,0.9966,
11.907,IMU,0.0000,0.0000,0.0000,0.0000,0.0000,0.000,-3.512,-0.225,-0.775,0.0552,-0.0020,0.9907,
11.922,ENC,0.0000,0.0000,0.0000,0.0000,0.0000,0.000,-3.512,-0.225,-0.775,0.0552,-0.0020,0.9907,
11.928,IMU,0.0000,0.0000,0.0000,0.0000,0.0000,0.000,-3.493,-0.233,-0.785,0.0649,-0.0093,1.0010,
11.943,ENC,0.0000,0.0000,0.0000,0.0000,0.0000,0.000,-3.493,-0.233,-0.785,0.0649,-0.0093,1.0010,
11.947,IMU,0.0000,0.0000,0.0000,0.0000,0.0000,0.000,-3.505,-0.240,-0.805,0.0566,-0.0063,0.9917,
11.962,ENC,0.0000,0.0000,0.0000,0.0000,0.0000,0.000,-3.505,-0.240,-0.805,0.0566,-0.0063,0.9917,
11.968,IMU,0.0000,0.0000,0.0000,0.0000,0.0000,0.000,-3.531,-0.243,-0.818,0.0645,0.0000,0.9849,
11.982,ENC,0.0000,0.0000,0.0000,0.0000,0.0000,0.000,-3.531,-0.243,-0.818,0.0645,0.0000,0.9849,
11.987,IMU,0.0000,0.0000,0.0000,0.0000,0.0000,0.000,-3.533,-0.219,-0.774,0.0586,-0.0024,0.9922,
12.001,ENC,0.0000,0.0000,0.0000,0.0000,0.0000,0.000,-3.533,-0.219,-0.774,0.0586,-0.0024,0.9922,
12.009,IMU,0.0000,0.0000,0.0000,0.0000,0.0000,0.000,-3.518,-0.236,-0.790,0.0557,0.0020,1.0024,
12.021,ENC,0.0000,0.0000,0.0000,0.0000,0.0000,0.000,-3.518,-0.236,-0.790,0.0557,0.0020,1.0024,
12.027,IMU,0.0000,0.0000,0.0000,0.0000,0.0000,0.000,-3.563,-0.211,-0.764,0.0625,-0.0142,0.9927,
12.041,ENC,0.0000,0.0000,0.0000,0.0000,0.0000,0.000,-3.563,-0.211,-0.764,0.0625,-0.0142,0.9927,
12.048,IMU,0.0000,0.0000,0.0000,0.0000,0.0000,0.000,-3.602,-0.212,-0.762,0.0635,-0.0166,0.9985,
12.062,ENC,0.0000,0.0000,0.0000,0.0000,0.0000,0.000,-3.602,-0.212,-0.762,0.0635,-0.0166,0.9985,
12.068,IMU,0.0000,0.0000,0.0000,0.0000,0.0000,0.000,-3.613,-0.261,-0.787,0.0552,-0.0093,0.9883,
12.081,ENC,0.0000,0.0000,0.0000,0.0000,0.0000,0.000,-3.613,-0.261,-0.787,0.0552,-0.0093,0.9883,
12.087,IMU,0.0000,0.0000,0.0000,0.0000,0.0000,0.000,-3.586,-0.241,-0.792,0.0654,-0.0020,1.0063,
12.102,ENC,0.0000,0.0000,0.0000,0.0000,0.0000,0.000,-3.586,-0.241,-0.792,0.0654,-0.0020,1.0063,
12.108,IMU,0.0000,0.0000,0.0000,0.0000,0.0000,0.000,-3.574,-0.278,-0.825,0.0664,-0.0176,1.0073,
12.121,ENC,0.0000,0.0000,0.0000,0.0000,0.0000,0.000,-3.574,-0.278,-0.825,0.0664,-0.0176,1.0073,
12.127,IMU,0.0000,0.0000,0.0000,0.0000,0.0000,0.000,-3.614,-0.286,-0.802,0.0586,-0.0132,0.9932,
12.142,ENC,0.0000,0.0000,0.0000,0.0000,0.0000,0.000,-3.614,-0.286,-0.802,0.0586,-0.0132,0.9932,
12.150,IMU,0.0000,0.0000,0.0000,0.0000,0.0000,0.000,-3.554,-0.279,-0.776,0.0649,-0.0020,1.0073,
12.161,ENC,0.0000,0.0000,0.0000,0.0000,0.0000,0.000,-3.554,-0.279,-0.776,0.0649,-0.0020,1.0073,
12.170,IMU,0.0000,0.0000,0.0000,0.0000,0.0000,0.000,-3.598,-0.281,-0.759,0.0688,-0.0034,0.9941,
12.181,ENC,0.0000,0.0000,0.0000,0.0000,0.0000,0.000,-3.598,-0.281,-0.759,0.0688,-0.0034,0.9941,
12.187,IMU,0.0000,0.0000,0.0000,0.0000,0.0000,0.000,-3.564,-0.295,-0.750,0.0547,-0.0127,0.9937,
12.202,ENC,0.0000,0.0000,0.0000,0.0000,0.0000,0.000,-3.564,-0.295,-0.750,0.0547,-0.0127,0.9937,
12.208,IMU,0.0000,0.0000,0.0000,0.0000,0.0000,0.000,-3.585,-0.261,-0.748,0.0645,-0.0107,0.9854,
12.222,ENC,0.0000,0.0000,0.0000,0.0000,0.0000,0.000,-3.585,-0.261,-0.748,0.0645,-0.0107,0.9854,
12.228,IMU,0.0000,0.0000,0.0000,0.0000,0.0000,0.000,-3.597,-0.212,-0.726,0.0693,-0.0034,1.0000,
12.242,ENC,0.0000,0.0000,0.0000,0.0000,0.0000,0.000,-3.597,-0.212,-0.726,0.0693,-0.0034,1.0000,
12.248,IMU,0.0000,0.0000,0.0000,0.0000,0.0000,0.000,-3.615,-0.172,-0.709,0.0596,-0.0020,0.9976,
12.262,ENC,0.0000,0.0000,0.0000,0.0000,0.0000,0.000,-3.615,-0.172,-0.709,0.0596,-0.0020,0.9976,
12.268,IMU,0.0000,0.0000,0.0000,0.0000,0.0000,0.000,-3.599,-0.206,-0.713,0.0649,-0.0029,0.9941,
12.286,ENC,0.0000,0.0000,0.0000,0.0000,0.0000,0.000,-3.599,-0.206,-0.713,0.0649,-0.0029,0.9941,
12.287,IMU,0.0000,0.0000,0.0000,0.0000,0.0000,0.000,-3.551,-0.240,-0.705,0.0596,0.0000,1.0034,
12.306,ENC,0.0000,0.0000,0.0000,0.0000,0.0000,0.000,-3.551,-0.240,-0.705,0.0596,0.0000,1.0034,
12.308,IMU,0.0000,0.0000,0.0000,0.0000,0.0000,0.000,-3.508,-0.254,-0.677,0.0693,-0.0127,0.9956,
12.326,ENC,0.0000,0.0000,0.0000,0.0000,0.0000,0.000,-3.508,-0.254,-0.677,0.0693,-0.0127,0.9956,
12.328,IMU,0.0000,0.0000,0.0000,0.0000,0.0000,0.000,-3.544,-0.267,-0.694,0.0532,-0.0083,0.9971,
12.341,ENC,0.0000,0.0000,0.0000,0.0000,0.0000,0.000,-3.544,-0.267,-0.694,0.0532,-0.0083,0.9971,
12.348,IMU,0.0000,0.0000,0.0000,0.0000,0.0000,0.000,-3.527,-0.247,-0.660,0.0615,-0.0054,0.9995,
12.362,ENC,0.0000,0.0000,0.0000,0.0000,0.0000,0.000,-3.527,-0.247,-0.660,0.0615,-0.0054,0.9995,
12.368,IMU,0.0000,0.0000,0.0000,0.0000,0.0000,0.000,-3.482,-0.228,-0.722,0.0703,-0.0117,0.9893,
12.382,ENC,0.0000,0.0000,0.0000,0.0000,0.0000,0.000,-3.482,-0.228,-0.722,0.0703,-0.0117,0.9893,
12.388,IMU,0.0000,0.0000,0.0000,0.0000,0.0000,0.000,-3.503,-0.223,-0.716,0.0601,-0.0117,0.9883,
12.413,ENC,0.0000,0.0000,0.0000,0.0000,0.0000,0.000,-3.503,-0.223,-0.716,0.0601,-0.0117,0.9883,
12.415,IMU,0.0000,0.0000,0.0000,0.0000,0.0000,0.000,-3.513,-0.240,-0.678,0.0576,-0.0142,0.9922,
12.424,ENC,0.0000,0.0000,0.0000,0.0000,0.0000,0.000,-3.513,-0.240,-0.678,0.0576,-0.0142,0.9922,
12.441,IMU,0.0000,0.0000,0.0000,0.0000,0.0000,0.000,-3.504,-0.277,-0.673,0.0596,-0.0146,0.9941,
12.446,ENC,0.0000,0.0000,0.0000,0.0000,0.0000,0.000,-3.504,-0.277,-0.673,0.0596,-0.0146,0.9941,
12.448,IMU,0.0000,0.0000,0.0000,0.0000,0.0000,0.000,-3.463,-0.255,-0.703,0.0562,-0.0049,1.0010,
12.463,ENC,0.0000,0.0000,0.0000,0.0000,0.0000,0.000,-3.463,-0.255,-0.703,0.0562,-0.0049,1.0010,
12.469,IMU,0.0000,0.0000,0.0000,0.0000,0.0000,0.000,-3.473,-0.266,-0.720,0.0659,-0.0117,0.9971,
12.491,IMU,0.0000,0.0000,0.0000,0.0000,0.0000,0.000,-3.458,-0.274,-0.686,0.0552,-0.0127,0.9927,
12.509,ENC,0.0000,0.0000,0.0000,0.0000,0.0000,0.000,-3.458,-0.274,-0.686,0.0552,-0.0127,0.9927,
12.532,ENC,0.0000,0.0000,0.0000,0.0000,0.0000,0.000,-3.458,-0.274,-0.686,0.0552,-0.0127,0.9927,
12.535,IMU,0.0000,0.0000,0.0000,0.0000,0.0000,0.000,-3.469,-0.283,-0.640,0.0742,-0.0098,0.9912,
12.560,IMU,0.0000,0.0000,0.0000,0.0000,0.0000,0.000,-3.464,-0.287,-0.568,0.0654,-0.0068,0.9912,
12.560,ENC,0.0000,0.0000,0.0000,0.0000,0.0000,0.000,-3.464,-0.287,-0.568,0.0654,-0.0068,0.9912,
12.583,IMU,0.0000,0.0000,0.0000,0.0000,0.0000,0.000,-3.477,-0.292,-0.602,0.0581,-0.0044,0.9941,
12.594,ENC,0.0000,0.0000,0.0000,0.0000,0.0000,0.000,-3.477,-0.292,-0.602,0.0581,-0.0044,0.9941,
12.596,IMU,0.0000,0.0000,0.0000,0.0000,0.0000,0.000,-3.485,-0.326,-0.639,0.0605,-0.0073,0.9961,
12.644,ENC,0.0000,0.0000,0.0000,0.0000,0.0000,0.000,-3.485,-0.326,-0.639,0.0605,-0.0073,0.9961,
12.647,ENC,0.0000,0.0000,0.0000,0.0000,0.0000,0.000,-3.485,-0.326,-0.639,0.0605,-0.0073,0.9961,
12.647,ENC,0.0000,0.0000,0.0000,0.0000,0.0000,0.000,-3.485,-0.326,-0.639,0.0605,-0.0073,0.9961,
12.650,IMU,0.0000,0.0000,0.0000,0.0000,0.0000,0.000,-3.495,-0.412,-0.698,0.0596,-0.0122,1.0039,
12.676,ENC,0.0000,0.0000,0.0000,0.0000,0.0000,0.000,-3.495,-0.412,-0.698,0.0596,-0.0122,1.0039,
12.697,ENC,0.0000,0.0000,0.0000,0.0000,0.0000,0.000,-3.495,-0.412,-0.698,0.0596,-0.0122,1.0039,
12.699,IMU,0.0000,0.0000,0.0000,0.0000,0.0000,0.000,-3.390,-0.428,-0.807,0.0454,-0.0088,0.9893,
12.718,IMU,0.0000,0.0000,0.0000,0.0000,0.0000,0.000,-3.350,-0.442,-0.780,0.0693,-0.0146,0.9966,
12.718,ENC,0.0000,0.0000,0.0000,0.0000,0.0000,0.000,-3.350,-0.442,-0.780,0.0693,-0.0146,0.9966,
12.795,IMU,0.0000,0.0000,0.0000,0.0000,0.0000,0.000,-3.404,-0.461,-0.761,0.0776,-0.0039,0.9932,
12.796,IMU,0.0000,0.0000,0.0000,0.0000,0.0000,0.000,-3.382,-0.471,-0.784,0.0498,-0.0015,1.0000,
12.803,IMU,0.0000,0.0000,0.0000,0.0000,0.0000,0.000,-3.405,-0.519,-0.776,0.0747,-0.0195,1.0029,
12.806,IMU,0.0000,0.0000,0.0000,0.0000,0.0000,0.000,-3.393,-0.527,-0.768,0.0562,-0.0132,0.9985,
12.806,ENC,0.0000,0.0000,0.0000,0.0000,0.0000,0.000,-3.393,-0.527,-0.768,0.0562,-0.0132,0.9985,
12.808,ENC,0.0000,0.0000,0.0000,0.0000,0.0000,0.000,-3.393,-0.527,-0.768,0.0562,-0.0132,0.9985,
12.808,ENC,0.0000,0.0000,0.0000,0.0000,0.0000,0.000,-3.393,-0.527,-0.768,0.0562,-0.0132,0.9985,
12.838,ENC,0.0000,0.0000,0.0000,0.0000,0.0000,0.000,-3.393,-0.527,-0.768,0.0562,-0.0132,0.9985,
12.841,IMU,0.0000,0.0000,0.0000,0.0000,0.0000,0.000,-3.437,-0.552,-0.806,0.0703,-0.0107,0.9980,
12.844,IMU,0.0000,0.0000,0.0000,0.0000,0.0000,0.000,-3.469,-0.574,-0.784,0.0645,-0.0220,0.9976,
12.861,ENC,0.0000,0.0000,0.0000,0.0000,0.0000,0.000,-3.469,-0.574,-0.784,0.0645,-0.0220,0.9976,
12.883,ENC,0.0000,0.0000,0.0000,0.0000,0.0000,0.000,-3.469,-0.574,-0.784,0.0645,-0.0220,0.9976,
12.883,ENC,0.0000,0.0000,0.0000,0.0000,0.0000,0.000,-3.469,-0.574,-0.784,0.0645,-0.0220,0.9976,
12.886,IMU,0.0000,0.0000,0.0000,0.0000,0.0000,0.000,-3.406,-0.599,-0.824,0.0527,-0.0068,0.9888,
12.929,IMU,0.0000,0.0000,0.0000,0.0000,0.0000,0.000,-3.412,-0.622,-0.789,0.0610,0.0010,1.0063,
12.931,IMU,0.0000,0.0000,0.0000,0.0000,0.0000,0.000,-3.432,-0.587,-0.773,0.0625,-0.0044,1.0039,
12.931,ENC,0.0000,0.0000,0.0000,0.0000,0.0000,0.000,-3.432,-0.587,-0.773,0.0625,-0.0044,1.0039,
12.934,IMU,0.0000,0.0000,0.0000,0.0000,0.0000,0.000,-3.421,-0.611,-0.785,0.0659,-0.0210,0.9941,
12.944,ENC,0.0000,0.0000,0.0000,0.0000,0.0000,0.000,-3.421,-0.611,-0.785,0.0659,-0.0210,0.9941,
12.957,IMU,0.0000,0.0000,0.0000,0.0000,0.0000,0.000,-3.426,-0.572,-0.794,0.0654,-0.0112,0.9995,
12.963,ENC,0.0000,0.0000,0.0000,0.0000,0.0000,0.000,-3.426,-0.572,-0.794,0.0654,-0.0112,0.9995,
12.969,IMU,0.0000,0.0000,0.0000,0.0000,0.0000,0.000,-3.395,-0.598,-0.804,0.0679,-0.0112,0.9922,
12.981,ENC,0.0000,0.0000,0.0000,0.0000,0.0000,0.000,-3.395,-0.598,-0.804,0.0679,-0.0112,0.9922,
12.987,IMU,0.0000,0.0000,0.0000,0.0000,0.0000,0.000,-3.421,-0.614,-0.779,0.0605,-0.0127,1.0029,
13.001,ENC,0.0000,0.0000,0.0000,0.0000,0.0000,0.000,-3.421,-0.614,-0.779,0.0605,-0.0127,1.0029,
13.008,IMU,0.0000,0.0000,0.0000,0.0000,0.0000,0.000,-3.420,-0.603,-0.790,0.0625,-0.0132,0.9932,
13.021,ENC,0.0000,0.0000,0.0000,0.0000,0.0000,0.000,-3.420,-0.603,-0.790,0.0625,-0.0132,0.9932,
13.027,IMU,0.0000,0.0000,0.0000,0.0000,0.0000,0.000,-3.426,-0.613,-0.761,0.0513,-0.0020,0.9980,
13.043,ENC,0.0000,0.0000,0.0000,0.0000,0.0000,0.000,-3.426,-0.613,-0.761,0.0513,-0.0020,0.9980,
13.048,IMU,0.0000,0.0000,0.0000,0.0000,0.0000,0.000,-3.426,-0.605,-0.784,0.0610,-0.0015,0.9976,
13.062,ENC,0.0000,0.0000,0.0000,0.0000,0.0000,0.000,-3.426,-0.605,-0.784,0.0610,-0.0015,0.9976,
13.067,IMU,0.0000,0.0000,0.0000,0.0000,0.0000,0.000,-3.422,-0.594,-0.792,0.0640,-0.0063,0.9897,
13.081,ENC,0.0000,0.0000,0.0000,0.0000,0.0000,0.000,-3.422,-0.594,-0.792,0.0640,-0.0063,0.9897,
13.087,IMU,0.0000,0.0000,0.0000,0.0000,0.0000,0.000,-3.446,-0.602,-0.781,0.0503,-0.0088,0.9907,
13.102,ENC,0.0000,0.0000,0.0000,0.0000,0.0000,0.000,-3.446,-0.602,-0.781,0.0503,-0.0088,0.9907,
13.107,IMU,0.0000,0.0000,0.0000,0.0000,0.0000,0.000,-3.450,-0.589,-0.756,0.0625,-0.0107,1.0000,
13.121,ENC,0.0000,0.0000,0.0000,0.0000,0.0000,0.000,-3.450,-0.589,-0.756,0.0625,-0.0107,1.0000,
13.128,IMU,0.0000,0.0000,0.0000,0.0000,0.0000,0.000,-3.473,-0.602,-0.757,0.0713,-0.0024,0.9927,
13.142,ENC,0.0000,0.0000,0.0000,0.0000,0.0000,0.000,-3.473,-0.602,-0.757,0.0713,-0.0024,0.9927,
13.148,IMU,0.0000,0.0000,0.0000,0.0000,0.0000,0.000,-3.456,-0.585,-0.825,0.0791,-0.0068,0.9946,
13.162,ENC,0.0000,0.0000,0.0000,0.0000,0.0000,0.000,-3.456,-0.585,-0.825,0.0791,-0.0068,0.9946,
13.167,IMU,0.0000,0.0000,0.0000,0.0000,0.0000,0.000,-3.472,-0.554,-0.811,0.0566,-0.0103,0.9927,
13.181,ENC,0.0000,0.0000,0.0000,0.0000,0.0000,0.000,-3.472,-0.554,-0.811,0.0566,-0.0103,0.9927,
13.188,IMU,0.0000,0.0000,0.0000,0.0000,0.0000,0.000,-3.437,-0.567,-0.862,0.0679,-0.0151,1.0054,
13.202,ENC,0.0000,0.0000,0.0000,0.0000,0.0000,0.000,-3.437,-0.567,-0.862,0.0679,-0.0151,1.0054,
13.208,IMU,0.0000,0.0000,0.0000,0.0000,0.0000,0.000,-3.433,-0.587,-0.893,0.0664,-0.0063,1.0029,
13.222,ENC,0.0000,0.0000,0.0000,0.0000,0.0000,0.000,-3.433,-0.587,-0.893,0.0664,-0.0063,1.0029,
13.227,IMU,0.0000,0.0000,0.0000,0.0000,0.0000,0.000,-3.410,-0.554,-0.887,0.0645,-0.0122,0.9922,
13.243,ENC,0.0000,0.0000,0.0000,0.0000,0.0000,0.000,-3.410,-0.554,-0.887,0.0645,-0.0122,0.9922,
13.248,IMU,0.0000,0.0000,0.0000,0.0000,0.0000,0.000,-3.416,-0.496,-0.932,0.0762,-0.0068,0.9927,
13.261,ENC,0.0000,0.0000,0.0000,0.0000,0.0000,0.000,-3.416,-0.496,-0.932,0.0762,-0.0068,0.9927,
13.268,IMU,0.0000,0.0000,0.0000,0.0000,0.0000,0.000,-3.425,-0.561,-0.906,0.0645,0.0010,0.9946,
13.283,ENC,0.0000,0.0000,0.0000,0.0000,0.0000,0.000,-3.425,-0.561,-0.906,0.0645,0.0010,0.9946,
13.288,IMU,0.0000,0.0000,0.0000,0.0000,0.0000,0.000,-3.435,-0.585,-0.934,0.0547,-0.0127,0.9897,
13.301,ENC,0.0000,0.0000,0.0000,0.0000,0.0000,0.000,-3.435,-0.585,-0.934,0.0547,-0.0127,0.9897,
13.307,IMU,0.0000,0.0000,0.0000,0.0000,0.0000,0.000,-3.453,-0.585,-0.929,0.0581,-0.0151,1.0142,
13.322,ENC,0.0000,0.0000,0.0000,0.0000,0.0000,0.000,-3.453,-0.585,-0.929,0.0581,-0.0151,1.0142,
13.327,IMU,0.0000,0.0000,0.0000,0.0000,0.0000,0.000,-3.408,-0.579,-0.910,0.0669,-0.0078,1.0005,
13.341,ENC,0.0000,0.0000,0.0000,0.0000,0.0000,0.000,-3.408,-0.579,-0.910,0.0669,-0.0078,1.0005,
13.347,IMU,0.0000,0.0000,0.0000,0.0000,0.0000,0.000,-3.442,-0.568,-0.932,0.0615,-0.0059,1.0010,
13.362,ENC,0.0000,0.0000,0.0000,0.0000,0.0000,0.000,-3.442,-0.568,-0.932,0.0615,-0.0059,1.0010,
13.369,IMU,0.0000,0.0000,0.0000,0.0000,0.0000,0.000,-3.461,-0.566,-0.911,0.0601,-0.0107,0.9976,
13.382,ENC,0.0000,0.0000,0.0000,0.0000,0.0000,0.000,-3.461,-0.566,-0.911,0.0601,-0.0107,0.9976,
13.387,IMU,0.0000,0.0000,0.0000,0.0000,0.0000,0.000,-3.454,-0.577,-0.936,0.0625,-0.0020,0.9844,
13.402,ENC,0.0000,0.0000,0.0000,0.0000,0.0000,0.000,-3.454,-0.577,-0.936,0.0625,-0.0020,0.9844,
13.408,IMU,0.0000,0.0000,0.0000,0.0000,0.0000,0.000,-3.440,-0.591,-0.958,0.0537,-0.0034,0.9897,
13.422,ENC,0.0000,0.0000,0.0000,0.0000,0.0000,0.000,-3.440,-0.591,-0.958,0.0537,-0.0034,0.9897,
13.428,IMU,0.0000,0.0000,0.0000,0.0000,0.0000,0.000,-3.451,-0.559,-0.908,0.0742,-0.0034,1.0083,
13.442,ENC,0.0000,0.0000,0.0000,0.0000,0.0000,0.000,-3.451,-0.559,-0.908,0.0742,-0.0034,1.0083,
13.448,IMU,0.0000,0.0000,0.0000,0.0000,0.0000,0.000,-3.447,-0.573,-0.924,0.0664,-0.0132,0.9878,
13.463,ENC,0.0000,0.0000,0.0000,0.0000,0.0000,0.000,-3.447,-0.573,-0.924,0.0664,-0.0132,0.9878,
13.468,IMU,0.0000,0.0000,0.0000,0.0000,0.0000,0.000,-3.464,-0.520,-0.891,0.0571,0.0103,1.0024,
13.482,ENC,0.0000,0.0000,0.0000,0.0000,0.0000,0.000,-3.464,-0.520,-0.891,0.0571,0.0103,1.0024,
13.488,IMU,0.0000,0.0000,0.0000,0.0000,0.0000,0.000,-3.534,-0.551,-0.897,0.0649,-0.0029,0.9961,
13.502,ENC,0.0000,0.0000,0.0000,0.0000,0.0000,0.000,-3.534,-0.551,-0.897,0.0649,-0.0029,0.9961,
13.508,IMU,0.0000,0.0000,0.0000,0.0000,0.0000,0.000,-3.579,-0.527,-0.849,0.0679,-0.0068,0.9873,
13.521,ENC,0.0000,0.0000,0.0000,0.0000,0.0000,0.000,-3.579,-0.527,-0.849,0.0679,-0.0068,0.9873,
13.527,IMU,0.0000,0.0000,0.0000,0.0000,0.0000,0.000,-3.601,-0.552,-0.883,0.0649,-0.0010,0.9956,
13.542,ENC,0.0000,0.0000,0.0000,0.0000,0.0000,0.000,-3.601,-0.552,-0.883,0.0649,-0.0010,0.9956,
13.547,IMU,0.0000,0.0000,0.0000,0.0000,0.0000,0.000,-3.584,-0.543,-0.845,0.0737,-0.0059,1.0015,
13.561,ENC,0.0000,0.0000,0.0000,0.0000,0.0000,0.000,-3.584,-0.543,-0.845,0.0737,-0.0059,1.0015,
13.568,IMU,0.0000,0.0000,0.0000,0.0000,0.0000,0.000,-3.596,-0.559,-0.836,0.0581,-0.0049,0.9888,
13.582,ENC,0.0000,0.0000,0.0000,0.0000,0.0000,0.000,-3.596,-0.559,-0.836,0.0581,-0.0049,0.9888,
13.587,IMU,0.0000,0.0000,0.0000,0.0000,0.0000,0.000,-3.608,-0.542,-0.893,0.0771,-0.0103,0.9839,
13.602,ENC,0.0000,0.0000,0.0000,0.0000,0.0000,0.000,-3.608,-0.542,-0.893,0.0771,-0.0103,0.9839,
13.609,IMU,0.0000,0.0000,0.0000,0.0000,0.0000,0.000,-3.643,-0.527,-0.915,0.0732,-0.0015,0.9932,
13.622,ENC,0.0000,0.0000,0.0000,0.0000,0.0000,0.000,-3.643,-0.527,-0.915,0.0732,-0.0015,0.9932,
13.627,IMU,0.0000,0.0000,0.0000,0.0000,0.0000,0.000,-3.631,-0.520,-0.941,0.0645,-0.0054,0.9951,
13.642,ENC,0.0000,0.0000,0.0000,0.0000,0.0000,0.000,-3.631,-0.520,-0.941,0.0645,-0.0054,0.9951,
13.648,IMU,0.0000,0.0000,0.0000,0.0000,0.0000,0.000,-3.649,-0.494,-0.957,0.0557,0.0015,0.9917,
13.661,ENC,0.0000,0.0000,0.0000,0.0000,0.0000,0.000,-3.649,-0.494,-0.957,0.0557,0.0015,0.9917,
13.667,IMU,0.0000,0.0000,0.0000,0.0000,0.0000,0.000,-3.685,-0.529,-0.958,0.0693,-0.0166,0.9819,
13.683,ENC,0.0000,0.0000,0.0000,0.0000,0.0000,0.000,-3.685,-0.529,-0.958,0.0693,-0.0166,0.9819,
13.702,ENC,0.0000,0.0000,0.0000,0.0000,0.0000,0.000,-3.685,-0.529,-0.958,0.0693,-0.0166,0.9819,
13.707,IMU,0.0000,0.0000,0.0000,0.0000,0.0000,0.000,-3.620,-0.559,-0.982,0.0664,-0.0195,0.9985,
13.722,ENC,0.0000,0.0000,0.0000,0.0000,0.0000,0.000,-3.620,-0.559,-0.982,0.0664,-0.0195,0.9985,
13.728,IMU,0.0000,0.0000,0.0000,0.0000,0.0000,0.000,-3.640,-0.526,-1.012,0.0625,0.0054,0.9961,
13.742,ENC,0.0000,0.0000,0.0000,0.0000,0.0000,0.000,-3.640,-0.526,-1.012,0.0625,0.0054,0.9961,
13.748,IMU,0.0000,0.0000,0.0000,0.0000,0.0000,0.000,-3.658,-0.545,-0.995,0.0728,-0.0088,0.9937,
13.761,ENC,0.0000,0.0000,0.0000,0.0000,0.0000,0.000,-3.658,-0.545,-0.995,0.0728,-0.0088,0.9937,
13.767,IMU,0.0000,0.0000,0.0000,0.0000,0.0000,0.000,-3.639,-0.546,-0.969,0.0586,0.0005,0.9956,
13.782,ENC,0.0000,0.0000,0.0000,0.0000,0.0000,0.000,-3.639,-0.546,-0.969,0.0586,0.0005,0.9956,
13.788,IMU,0.0000,0.0000,0.0000,0.0000,0.0000,0.000,-3.681,-0.501,-0.953,0.0684,-0.0083,1.0024,
13.801,ENC,0.0000,0.0000,0.0000,0.0000,0.0000,0.000,-3.681,-0.501,-0.953,0.0684,-0.0083,1.0024,
13.809,IMU,0.0000,0.0000,0.0000,0.0000,0.0000,0.000,-3.676,-0.494,-0.905,0.0503,-0.0132,0.9805,
13.822,ENC,0.0000,0.0000,0.0000,0.0000,0.0000,0.000,-3.676,-0.494,-0.905,0.0503,-0.0132,0.9805,
13.830,IMU,0.0000,0.0000,0.0000,0.0000,0.0000,0.000,-3.678,-0.480,-0.856,0.0620,0.0020,0.9868,
13.841,ENC,0.0000,0.0000,0.0000,0.0000,0.0000,0.000,-3.678,-0.480,-0.856,0.0620,0.0020,0.9868,
13.848,IMU,0.0000,0.0000,0.0000,0.0000,0.0000,0.000,-3.689,-0.533,-0.839,0.0654,-0.0029,1.0010,
13.861,ENC,0.0000,0.0000,0.0000,0.0000,0.0000,0.000,-3.689,-0.533,-0.839,0.0654,-0.0029,1.0010,
13.867,IMU,0.0000,0.0000,0.0000,0.0000,0.0000,0.000,-3.666,-0.501,-0.870,0.0664,-0.0107,0.9951,
13.883,ENC,0.0000,0.0000,0.0000,0.0000,0.0000,0.000,-3.666,-0.501,-0.870,0.0664,-0.0107,0.9951,
13.891,IMU,0.0000,0.0000,0.0000,0.0000,0.0000,0.000,-3.698,-0.508,-0.869,0.0659,-0.0068,1.0029,
13.901,ENC,0.0000,0.0000,0.0000,0.0000,0.0000,0.000,-3.698,-0.508,-0.869,0.0659,-0.0068,1.0029,
13.907,IMU,0.0000,0.0000,0.0000,0.0000,0.0000,0.000,-3.738,-0.512,-0.869,0.0654,-0.0044,0.9829,
13.923,ENC,0.0000,0.0000,0.0000,0.0000,0.0000,0.000,-3.738,-0.512,-0.869,0.0654,-0.0044,0.9829,
13.928,IMU,0.0000,0.0000,0.0000,0.0000,0.0000,0.000,-3.736,-0.532,-0.927,0.0703,-0.0146,0.9956,
13.941,ENC,0.0000,0.0000,0.0000,0.0000,0.0000,0.000,-3.736,-0.532,-0.927,0.0703,-0.0146,0.9956,
13.948,IMU,0.0000,0.0000,0.0000,0.0000,0.0000,0.000,-3.761,-0.527,-0.911,0.0649,-0.0078,0.9761,
13.962,ENC,0.0000,0.0000,0.0000,0.0000,0.0000,0.000,-3.761,-0.527,-0.911,0.0649,-0.0078,0.9761,
13.968,IMU,0.0000,0.0000,0.0000,0.0000,0.0000,0.000,-3.743,-0.516,-0.859,0.0693,-0.0044,1.0039,
13.981,ENC,0.0000,0.0000,0.0000,0.0000,0.0000,0.000,-3.743,-0.516,-0.859,0.0693,-0.0044,1.0039,
13.987,IMU,0.0000,0.0000,0.0000,0.0000,0.0000,0.000,-3.703,-0.462,-0.881,0.0581,0.0107,0.9941,
14.002,ENC,0.0000,0.0000,0.0000,0.0000,0.0000,0.000,-3.703,-0.462,-0.881,0.0581,0.0107,0.9941,
14.007,IMU,0.0000,0.0000,0.0000,0.0000,0.0000,0.000,-3.725,-0.443,-0.892,0.0654,-0.0078,0.9893,
14.021,ENC,0.0000,0.0000,0.0000,0.0000,0.0000,0.000,-3.725,-0.443,-0.892,0.0654,-0.0078,0.9893,
14.027,IMU,0.0000,0.0000,0.0000,0.0000,0.0000,0.000,-3.735,-0.429,-0.886,0.0605,-0.0112,0.9946,
14.041,ENC,0.0000,0.0000,0.0000,0.0000,0.0000,0.000,-3.735,-0.429,-0.886,0.0605,-0.0112,0.9946,
14.048,IMU,0.0000,0.0000,0.0000,0.0000,0.0000,0.000,-3.718,-0.392,-0.896,0.0537,-0.0112,0.9971,
14.062,ENC,0.0000,0.0000,0.0000,0.0000,0.0000,0.000,-3.718,-0.392,-0.896,0.0537,-0.0112,0.9971,
14.067,IMU,0.0000,0.0000,0.0000,0.0000,0.0000,0.000,-3.715,-0.359,-0.931,0.0674,-0.0146,0.9971,
14.082,ENC,0.0000,0.0000,0.0000,0.0000,0.0000,0.000,-3.715,-0.359,-0.931,0.0674,-0.0146,0.9971,
14.088,IMU,0.0000,0.0000,0.0000,0.0000,0.0000,0.000,-3.702,-0.355,-0.902,0.0625,-0.0068,1.0098,
14.102,ENC,0.0000,0.0000,0.0000,0.0000,0.0000,0.000,-3.702,-0.355,-0.902,0.0625,-0.0068,1.0098,
14.107,IMU,0.0000,0.0000,0.0000,0.0000,0.0000,0.000,-3.672,-0.345,-0.940,0.0625,-0.0020,0.9888,
14.121,ENC,0.0000,0.0000,0.0000,0.0000,0.0000,0.000,-3.672,-0.345,-0.940,0.0625,-0.0020,0.9888,
14.142,ENC,0.0000,0.0000,0.0000,0.0000,0.0000,0.000,-3.672,-0.345,-0.940,0.0625,-0.0020,0.9888,
14.147,IMU,0.0000,0.0000,0.0000,0.0000,0.0000,0.000,-3.663,-0.353,-0.925,0.0591,-0.0156,0.9951,
14.161,ENC,0.0000,0.0000,0.0000,0.0000,0.0000,0.000,-3.663,-0.353,-0.925,0.0591,-0.0156,0.9951,
14.167,IMU,0.0000,0.0000,0.0000,0.0000,0.0000,0.000,-3.648,-0.299,-0.951,0.0610,-0.0034,0.9980,
14.181,ENC,0.0000,0.0000,0.0000,0.0000,0.0000,0.000,-3.648,-0.299,-0.951,0.0610,-0.0034,0.9980,
14.187,IMU,0.0000,0.0000,0.0000,0.0000,0.0000,0.000,-3.696,-0.278,-0.995,0.0576,-0.0034,0.9956,
14.202,ENC,0.0000,0.0000,0.0000,0.0000,0.0000,0.000,-3.696,-0.278,-0.995,0.0576,-0.0034,0.9956,
14.208,IMU,0.0000,0.0000,0.0000,0.0000,0.0000,0.000,-3.707,-0.276,-0.915,0.0703,-0.0029,0.9990,
14.222,ENC,0.0000,0.0000,0.0000,0.0000,0.0000,0.000,-3.707,-0.276,-0.915,0.0703,-0.0029,0.9990,
14.228,IMU,0.0000,0.0000,0.0000,0.0000,0.0000,0.000,-3.731,-0.309,-0.893,0.0684,-0.0049,0.9976,
14.241,ENC,0.0000,0.0000,0.0000,0.0000,0.0000,0.000,-3.731,-0.309,-0.893,0.0684,-0.0049,0.9976,
14.247,IMU,0.0000,0.0000,0.0000,0.0000,0.0000,0.000,-3.735,-0.300,-0.901,0.0679,-0.0029,0.9893,
14.261,ENC,0.0000,0.0000,0.0000,0.0000,0.0000,0.000,-3.735,-0.300,-0.901,0.0679,-0.0029,0.9893,
14.267,IMU,0.0000,0.0000,0.0000,0.0000,0.0000,0.000,-3.709,-0.275,-0.954,0.0664,-0.0068,1.0020,
14.282,ENC,0.0000,0.0000,0.0000,0.0000,0.0000,0.000,-3.709,-0.275,-0.954,0.0664,-0.0068,1.0020,
14.288,IMU,0.0000,0.0000,0.0000,0.0000,0.0000,0.000,-3.717,-0.307,-0.935,0.0757,-0.0044,1.0000,
14.302,ENC,0.0000,0.0000,0.0000,0.0000,0.0000,0.000,-3.717,-0.307,-0.935,0.0757,-0.0044,1.0000,
14.307,IMU,0.0000,0.0000,0.0000,0.0000,0.0000,0.000,-3.660,-0.311,-0.924,0.0664,-0.0059,0.9985,
14.322,ENC,0.0000,0.0000,0.0000,0.0000,0.0000,0.000,-3.660,-0.311,-0.924,0.0664,-0.0059,0.9985,
14.328,IMU,0.0000,0.0000,0.0000,0.0000,0.0000,0.000,-3.622,-0.311,-0.885,0.0503,-0.0107,0.9858,
14.341,ENC,0.0000,0.0000,0.0000,0.0000,0.0000,0.000,-3.622,-0.311,-0.885,0.0503,-0.0107,0.9858,
14.348,IMU,0.0000,0.0000,0.0000,0.0000,0.0000,0.000,-3.593,-0.348,-0.906,0.0669,-0.0093,0.9941,
14.362,ENC,0.0000,0.0000,0.0000,0.0000,0.0000,0.000,-3.593,-0.348,-0.906,0.0669,-0.0093,0.9941,
14.367,IMU,0.0000,0.0000,0.0000,0.0000,0.0000,0.000,-3.584,-0.363,-0.898,0.0635,-0.0127,1.0005,
14.382,ENC,0.0000,0.0000,0.0000,0.0000,0.0000,0.000,-3.584,-0.363,-0.898,0.0635,-0.0127,1.0005,
14.387,IMU,0.0000,0.0000,0.0000,0.0000,0.0000,0.000,-3.562,-0.390,-0.891,0.0596,-0.0200,0.9917,
14.402,ENC,0.0000,0.0000,0.0000,0.0000,0.0000,0.000,-3.562,-0.390,-0.891,0.0596,-0.0200,0.9917,
14.408,IMU,0.0000,0.0000,0.0000,0.0000,0.0000,0.000,-3.514,-0.350,-0.867,0.0728,0.0132,1.0059,
14.422,ENC,0.0000,0.0000,0.0000,0.0000,0.0000,0.000,-3.514,-0.350,-0.867,0.0728,0.0132,1.0059,
14.428,IMU,0.0000,0.0000,0.0000,0.0000,0.0000,0.000,-3.534,-0.321,-0.869,0.0752,-0.0063,0.9888,
14.442,ENC,0.0000,0.0000,0.0000,0.0000,0.0000,0.000,-3.534,-0.321,-0.869,0.0752,-0.0063,0.9888,
14.451,IMU,0.0000,0.0000,0.0000,0.0000,0.0000,0.000,-3.526,-0.307,-0.799,0.0557,-0.0049,1.0005,
14.462,ENC,0.0000,0.0000,0.0000,0.0000,0.0000,0.000,-3.526,-0.307,-0.799,0.0557,-0.0049,1.0005,
14.467,IMU,0.0000,0.0000,0.0000,0.0000,0.0000,0.000,-3.534,-0.304,-0.880,0.0654,-0.0034,1.0034,
14.481,ENC,0.0000,0.0000,0.0000,0.0000,0.0000,0.000,-3.534,-0.304,-0.880,0.0654,-0.0034,1.0034,
14.503,ENC,0.0000,0.0000,0.0000,0.0000,0.0000,0.000,-3.534,-0.304,-0.880,0.0654,-0.0034,1.0034,
14.507,IMU,0.0000,0.0000,0.0000,0.0000,0.0000,0.000,-3.524,-0.216,-0.940,0.0571,-0.0093,0.9751,
14.522,ENC,0.0000,0.0000,0.0000,0.0000,0.0000,0.000,-3.524,-0.216,-0.940,0.0571,-0.0093,0.9751,
14.527,IMU,0.0000,0.0000,0.0000,0.0000,0.0000,0.000,-3.500,-0.215,-0.930,0.0645,-0.0146,1.0000,
14.543,ENC,0.0000,0.0000,0.0000,0.0000,0.0000,0.000,-3.500,-0.215,-0.930,0.0645,-0.0146,1.0000,
14.548,IMU,0.0000,0.0000,0.0000,0.0000,0.0000,0.000,-3.477,-0.201,-0.987,0.0562,-0.0088,0.9980,
14.562,ENC,0.0000,0.0000,0.0000,0.0000,0.0000,0.000,-3.477,-0.201,-0.987,0.0562,-0.0088,0.9980,
14.568,IMU,0.0000,0.0000,0.0000,0.0000,0.0000,0.000,-3.472,-0.210,-0.975,0.0713,-0.0088,0.9932,
14.581,ENC,0.0000,0.0000,0.0000,0.0000,0.0000,0.000,-3.472,-0.210,-0.975,0.0713,-0.0088,0.9932,
14.587,IMU,0.0000,0.0000,0.0000,0.0000,0.0000,0.000,-3.457,-0.213,-0.966,0.0527,-0.0024,0.9956,
14.602,ENC,0.0000,0.0000,0.0000,0.0000,0.0000,0.000,-3.457,-0.213,-0.966,0.0527,-0.0024,0.9956,
14.621,ENC,0.0000,0.0000,0.0000,0.0000,0.0000,0.000,-3.457,-0.213,-0.966,0.0527,-0.0024,0.9956,
14.627,IMU,0.0000,0.0000,0.0000,0.0000,0.0000,0.000,-3.423,-0.162,-0.977,0.0620,-0.0132,0.9907,
14.642,ENC,0.0000,0.0000,0.0000,0.0000,0.0000,0.000,-3.423,-0.162,-0.977,0.0620,-0.0132,0.9907,
14.662,ENC,0.0000,0.0000,0.0000,0.0000,0.0000,0.000,-3.423,-0.162,-0.977,0.0620,-0.0132,0.9907,
14.668,IMU,0.0000,0.0000,0.0000,0.0000,0.0000,0.000,-3.331,-0.059,-0.983,0.0586,-0.0083,0.9961,
14.686,ENC,0.0000,0.0000,0.0000,0.0000,0.0000,0.000,-3.331,-0.059,-0.983,0.0586,-0.0083,0.9961,
14.688,IMU,0.0000,0.0000,0.0000,0.0000,0.0000,0.000,-3.336,-0.076,-0.973,0.0645,-0.0088,0.9834,
14.702,ENC,0.0000,0.0000,0.0000,0.0000,0.0000,0.000,-3.336,-0.076,-0.973,0.0645,-0.0088,0.9834,
14.711,IMU,0.0000,0.0000,0.0000,0.0000,0.0000,0.000,-3.324,-0.124,-0.951,0.0601,-0.0054,1.0015,
14.722,ENC,0.0000,0.0000,0.0000,0.0000,0.0000,0.000,-3.324,-0.124,-0.951,0.0601,-0.0054,1.0015,
14.732,IMU,0.0000,0.0000,0.0000,0.0000,0.0000,0.000,-3.324,-0.156,-0.970,0.0620,-0.0254,0.9995,
14.742,ENC,0.0000,0.0000,0.0000,0.0000,0.0000,0.000,-3.324,-0.156,-0.970,0.0620,-0.0254,0.9995,
14.748,IMU,0.0000,0.0000,0.0000,0.0000,0.0000,0.000,-3.314,-0.130,-0.993,0.0742,-0.0093,0.9990,
14.762,ENC,0.0000,0.0000,0.0000,0.0000,0.0000,0.000,-3.314,-0.130,-0.993,0.0742,-0.0093,0.9990,
14.768,IMU,0.0000,0.0000,0.0000,0.0000,0.0000,0.000,-3.330,-0.130,-0.956,0.0601,0.0015,0.9946,
14.782,ENC,0.0000,0.0000,0.0000,0.0000,0.0000,0.000,-3.330,-0.130,-0.956,0.0601,0.0015,0.9946,
14.788,IMU,0.0000,0.0000,0.0000,0.0000,0.0000,0.000,-3.251,-0.152,-0.998,0.0576,0.0000,0.9839,
14.802,ENC,0.0000,0.0000,0.0000,0.0000,0.0000,0.000,-3.251,-0.152,-0.998,0.0576,0.0000,0.9839,
14.807,IMU,0.0000,0.0000,0.0000,0.0000,0.0000,0.000,-3.280,-0.152,-1.047,0.0645,-0.0029,1.0054,
14.823,ENC,0.0000,0.0000,0.0000,0.0000,0.0000,0.000,-3.280,-0.152,-1.047,0.0645,-0.0029,1.0054,
14.828,IMU,0.0000,0.0000,0.0000,0.0000,0.0000,0.000,-3.278,-0.212,-1.042,0.0645,-0.0166,0.9971,
14.842,ENC,0.0000,0.0000,0.0000,0.0000,0.0000,0.000,-3.278,-0.212,-1.042,0.0645,-0.0166,0.9971,
14.847,IMU,0.0000,0.0000,0.0000,0.0000,0.0000,0.000,-3.323,-0.215,-1.019,0.0708,-0.0132,0.9907,
14.863,ENC,0.0000,0.0000,0.0000,0.0000,0.0000,0.000,-3.323,-0.215,-1.019,0.0708,-0.0132,0.9907,
14.869,IMU,0.0000,0.0000,0.0000,0.0000,0.0000,0.000,-3.299,-0.262,-1.040,0.0684,-0.0127,0.9941,
14.881,ENC,0.0000,0.0000,0.0000,0.0000,0.0000,0.000,-3.299,-0.262,-1.040,0.0684,-0.0127,0.9941,
14.888,IMU,0.0000,0.0000,0.0000,0.0000,0.0000,0.000,-3.336,-0.205,-1.022,0.0615,0.0044,0.9897,
14.902,ENC,0.0000,0.0000,0.0000,0.0000,0.0000,0.000,-3.336,-0.205,-1.022,0.0615,0.0044,0.9897,
14.907,IMU,0.0000,0.0000,0.0000,0.0000,0.0000,0.000,-3.355,-0.205,-1.025,0.0767,-0.0068,1.0078,
14.922,ENC,0.0000,0.0000,0.0000,0.0000,0.0000,0.000,-3.355,-0.205,-1.025,0.0767,-0.0068,1.0078,
14.928,IMU,0.0000,0.0000,0.0000,0.0000,0.0000,0.000,-3.373,-0.200,-1.003,0.0718,-0.0142,1.0039,
14.942,ENC,0.0000,0.0000,0.0000,0.0000,0.0000,0.000,-3.373,-0.200,-1.003,0.0718,-0.0142,1.0039,
14.947,IMU,0.0000,0.0000,0.0000,0.0000,0.0000,0.000,-3.365,-0.208,-0.980,0.0625,-0.0088,1.0034,
14.962,ENC,0.0000,0.0000,0.0000,0.0000,0.0000,0.000,-3.365,-0.208,-0.980,0.0625,-0.0088,1.0034,
14.969,IMU,0.0000,0.0000,0.0000,0.0000,0.0000,0.000,-3.406,-0.173,-1.002,0.0615,0.0078,0.9946,
14.982,ENC,0.0000,0.0000,0.0000,0.0000,0.0000,0.000,-3.406,-0.173,-1.002,0.0615,0.0078,0.9946,
14.988,IMU,0.0000,0.0000,0.0000,0.0000,0.0000,0.000,-3.431,-0.186,-1.026,0.0664,-0.0161,0.9868,
15.003,ENC,0.0000,0.0000,0.0000,0.0000,0.0000,0.000,-3.431,-0.186,-1.026,0.0664,-0.0161,0.9868,
15.008,IMU,0.0000,0.0000,0.0000,0.0000,0.0000,0.000,-3.456,-0.191,-1.042,0.0649,-0.0137,0.9795,
15.022,ENC,0.0000,0.0000,0.0000,0.0000,0.0000,0.000,-3.456,-0.191,-1.042,0.0649,-0.0137,0.9795,
15.027,IMU,0.0000,0.0000,0.0000,0.0000,0.0000,0.000,-3.457,-0.213,-0.996,0.0503,-0.0059,0.9932,
15.042,ENC,0.0000,0.0000,0.0000,0.0000,0.0000,0.000,-3.457,-0.213,-0.996,0.0503,-0.0059,0.9932,
15.049,IMU,0.0000,0.0000,0.0000,0.0000,0.0000,0.000,-3.425,-0.224,-1.038,0.0493,-0.0122,0.9932,
15.061,ENC,0.0000,0.0000,0.0000,0.0000,0.0000,0.000,-3.425,-0.224,-1.038,0.0493,-0.0122,0.9932,
15.069,IMU,0.0000,0.0000,0.0000,0.0000,0.0000,0.000,-3.372,-0.286,-1.036,0.0562,-0.0181,0.9844,
15.081,ENC,0.0000,0.0000,0.0000,0.0000,0.0000,0.000,-3.372,-0.286,-1.036,0.0562,-0.0181,0.9844,
15.089,IMU,0.0000,0.0000,0.0000,0.0000,0.0000,0.000,-3.401,-0.267,-1.011,0.0732,-0.0068,0.9917,
15.103,ENC,0.0000,0.0000,0.0000,0.0000,0.0000,0.000,-3.401,-0.267,-1.011,0.0732,-0.0068,0.9917,
15.108,IMU,0.0000,0.0000,0.0000,0.0000,0.0000,0.000,-3.356,-0.281,-0.951,0.0576,-0.0093,0.9937,
15.122,ENC,0.0000,0.0000,0.0000,0.0000,0.0000,0.000,-3.356,-0.281,-0.951,0.0576,-0.0093,0.9937,
15.128,IMU,0.0000,0.0000,0.0000,0.0000,0.0000,0.000,-3.301,-0.268,-0.989,0.0601,0.0020,0.9976,
15.143,ENC,0.0000,0.0000,0.0000,0.0000,0.0000,0.000,-3.301,-0.268,-0.989,0.0601,0.0020,0.9976,
15.148,IMU,0.0000,0.0000,0.0000,0.0000,0.0000,0.000,-3.292,-0.251,-0.986,0.0679,-0.0049,0.9990,
15.162,ENC,0.0000,0.0000,0.0000,0.0000,0.0000,0.000,-3.292,-0.251,-0.986,0.0679,-0.0049,0.9990,
15.167,IMU,0.0000,0.0000,0.0000,0.0000,0.0000,0.000,-3.289,-0.276,-0.952,0.0562,-0.0093,0.9922,
15.182,ENC,0.0000,0.0000,0.0000,0.0000,0.0000,0.000,-3.289,-0.276,-0.952,0.0562,-0.0093,0.9922,
15.188,IMU,0.0000,0.0000,0.0000,0.0000,0.0000,0.000,-3.300,-0.319,-0.974,0.0610,0.0024,0.9951,
15.202,ENC,0.0000,0.0000,0.0000,0.0000,0.0000,0.000,-3.300,-0.319,-0.974,0.0610,0.0024,0.9951,
15.207,IMU,0.0000,0.0000,0.0000,0.0000,0.0000,0.000,-3.329,-0.320,-0.976,0.0649,-0.0078,1.0039,
15.223,ENC,0.0000,0.0000,0.0000,0.0000,0.0000,0.000,-3.329,-0.320,-0.976,0.0649,-0.0078,1.0039,
15.228,IMU,0.0000,0.0000,0.0000,0.0000,0.0000,0.000,-3.371,-0.348,-1.024,0.0732,0.0039,1.0024,
15.242,ENC,0.0000,0.0000,0.0000,0.0000,0.0000,0.000,-3.371,-0.348,-1.024,0.0732,0.0039,1.0024,
15.249,IMU,0.0000,0.0000,0.0000,0.0000,0.0000,0.000,-3.381,-0.378,-1.062,0.0659,-0.0083,0.9810,
15.262,ENC,0.0000,0.0000,0.0000,0.0000,0.0000,0.000,-3.381,-0.378,-1.062,0.0659,-0.0083,0.9810,
15.268,IMU,0.0000,0.0000,0.0000,0.0000,0.0000,0.000,-3.415,-0.347,-1.050,0.0625,-0.0088,0.9980,
15.284,ENC,0.0000,0.0000,0.0000,0.0000,0.0000,0.000,-3.415,-0.347,-1.050,0.0625,-0.0088,0.9980,
15.288,IMU,0.0000,0.0000,0.0000,0.0000,0.0000,0.000,-3.454,-0.376,-1.031,0.0669,-0.0146,0.9912,
15.302,ENC,0.0000,0.0000,0.0000,0.0000,0.0000,0.000,-3.454,-0.376,-1.031,0.0669,-0.0146,0.9912,
15.308,IMU,0.0000,0.0000,0.0000,0.0000,0.0000,0.000,-3.470,-0.397,-1.011,0.0635,-0.0088,0.9951,
15.322,ENC,0.0000,0.0000,0.0000,0.0000,0.0000,0.000,-3.470,-0.397,-1.011,0.0635,-0.0088,0.9951,
15.328,IMU,0.0000,0.0000,0.0000,0.0000,0.0000,0.000,-3.508,-0.389,-1.036,0.0527,0.0073,1.0010,
15.342,ENC,0.0000,0.0000,0.0000,0.0000,0.0000,0.000,-3.508,-0.389,-1.036,0.0527,0.0073,1.0010,
15.348,IMU,0.0000,0.0000,0.0000,0.0000,0.0000,0.000,-3.487,-0.366,-1.027,0.0552,-0.0137,0.9976,
15.363,ENC,0.0000,0.0000,0.0000,0.0000,0.0000,0.000,-3.487,-0.366,-1.027,0.0552,-0.0137,0.9976,
15.368,IMU,0.0000,0.0000,0.0000,0.0000,0.0000,0.000,-3.482,-0.320,-0.998,0.0654,-0.0093,0.9971,
15.382,ENC,0.0000,0.0000,0.0000,0.0000,0.0000,0.000,-3.482,-0.320,-0.998,0.0654,-0.0093,0.9971,
15.389,IMU,0.0000,0.0000,0.0000,0.0000,0.0000,0.000,-3.463,-0.364,-1.039,0.0645,-0.0176,1.0049,
15.402,ENC,0.0000,0.0000,0.0000,0.0000,0.0000,0.000,-3.463,-0.364,-1.039,0.0645,-0.0176,1.0049,
15.408,IMU,0.0000,0.0000,0.0000,0.0000,0.0000,0.000,-3.489,-0.332,-1.049,0.0742,-0.0039,1.0029,
15.426,ENC,0.0000,0.0000,0.0000,0.0000,0.0000,0.000,-3.489,-0.332,-1.049,0.0742,-0.0039,1.0029,
15.428,IMU,0.0000,0.0000,0.0000,0.0000,0.0000,0.000,-3.481,-0.357,-1.061,0.0557,-0.0166,0.9922,
15.442,ENC,0.0000,0.0000,0.0000,0.0000,0.0000,0.000,-3.481,-0.357,-1.061,0.0557,-0.0166,0.9922,
15.448,IMU,0.0000,0.0000,0.0000,0.0000,0.0000,0.000,-3.537,-0.372,-1.034,0.0679,-0.0083,1.0000,
15.463,ENC,0.0000,0.0000,0.0000,0.0000,0.0000,0.000,-3.537,-0.372,-1.034,0.0679,-0.0083,1.0000,
15.475,IMU,0.0000,0.0000,0.0000,0.0000,0.0000,0.000,-3.538,-0.364,-1.037,0.0557,0.0000,0.9966,
15.482,ENC,0.0000,0.0000,0.0000,0.0000,0.0000,0.000,-3.538,-0.364,-1.037,0.0557,0.0000,0.9966,
15.503,ENC,0.0000,0.0000,0.0000,0.0000,0.0000,0.000,-3.538,-0.364,-1.037,0.0557,0.0000,0.9966,
15.509,IMU,0.0000,0.0000,0.0000,0.0000,0.0000,0.000,-3.570,-0.290,-1.112,0.0630,-0.0132,1.0015,
15.522,ENC,0.0000,0.0000,0.0000,0.0000,0.0000,0.000,-3.570,-0.290,-1.112,0.0630,-0.0132,1.0015,
15.530,IMU,0.0000,0.0000,0.0000,0.0000,0.0000,0.000,-3.579,-0.321,-1.103,0.0679,0.0132,1.0063,
15.542,ENC,0.0000,0.0000,0.0000,0.0000,0.0000,0.000,-3.579,-0.321,-1.103,0.0679,0.0132,1.0063,
15.551,IMU,0.0000,0.0000,0.0000,0.0000,0.0000,0.000,-3.587,-0.270,-1.124,0.0615,-0.0005,1.0098,
15.562,ENC,0.0000,0.0000,0.0000,0.0000,0.0000,0.000,-3.587,-0.270,-1.124,0.0615,-0.0005,1.0098,
15.567,IMU,0.0000,0.0000,0.0000,0.0000,0.0000,0.000,-3.570,-0.287,-1.135,0.0591,-0.0112,0.9971,
15.582,ENC,0.0000,0.0000,0.0000,0.0000,0.0000,0.000,-3.570,-0.287,-1.135,0.0591,-0.0112,0.9971,
15.587,IMU,0.0000,0.0000,0.0000,0.0000,0.0000,0.000,-3.554,-0.271,-1.164,0.0596,-0.0073,0.9917,
15.602,ENC,0.0000,0.0000,0.0000,0.0000,0.0000,0.000,-3.554,-0.271,-1.164,0.0596,-0.0073,0.9917,
15.608,IMU,0.0000,0.0000,0.0000,0.0000,0.0000,0.000,-3.564,-0.279,-1.138,0.0693,0.0029,0.9873,
15.623,ENC,0.0000,0.0000,0.0000,0.0000,0.0000,0.000,-3.564,-0.279,-1.138,0.0693,0.0029,0.9873,
15.627,IMU,0.0000,0.0000,0.0000,0.0000,0.0000,0.000,-3.564,-0.212,-1.137,0.0659,-0.0015,0.9893,
15.642,ENC,0.0000,0.0000,0.0000,0.0000,0.0000,0.000,-3.564,-0.212,-1.137,0.0659,-0.0015,0.9893,
15.648,IMU,0.0000,0.0000,0.0000,0.0000,0.0000,0.000,-3.573,-0.230,-1.187,0.0586,-0.0034,0.9897,
15.662,ENC,0.0000,0.0000,0.0000,0.0000,0.0000,0.000,-3.573,-0.230,-1.187,0.0586,-0.0034,0.9897,
15.668,IMU,0.0000,0.0000,0.0000,0.0000,0.0000,0.000,-3.587,-0.253,-1.162,0.0732,-0.0054,1.0098,
15.683,ENC,0.0000,0.0000,0.0000,0.0000,0.0000,0.000,-3.587,-0.253,-1.162,0.0732,-0.0054,1.0098,
15.688,IMU,0.0000,0.0000,0.0000,0.0000,0.0000,0.000,-3.590,-0.241,-1.132,0.0615,-0.0034,0.9839,
15.702,ENC,0.0000,0.0000,0.0000,0.0000,0.0000,0.000,-3.590,-0.241,-1.132,0.0615,-0.0034,0.9839,
15.708,IMU,0.0000,0.0000,0.0000,0.0000,0.0000,0.000,-3.611,-0.253,-1.115,0.0610,-0.0083,0.9951,
15.723,ENC,0.0000,0.0000,0.0000,0.0000,0.0000,0.000,-3.611,-0.253,-1.115,0.0610,-0.0083,0.9951,
15.727,IMU,0.0000,0.0000,0.0000,0.0000,0.0000,0.000,-3.657,-0.255,-1.060,0.0581,-0.0073,0.9883,
15.743,ENC,0.0000,0.0000,0.0000,0.0000,0.0000,0.000,-3.657,-0.255,-1.060,0.0581,-0.0073,0.9883,
15.748,IMU,0.0000,0.0000,0.0000,0.0000,0.0000,0.000,-3.646,-0.237,-1.066,0.0664,-0.0063,1.0015,
15.762,ENC,0.0000,0.0000,0.0000,0.0000,0.0000,0.000,-3.646,-0.237,-1.066,0.0664,-0.0063,1.0015,
15.769,IMU,0.0000,0.0000,0.0000,0.0000,0.0000,0.000,-3.653,-0.242,-1.085,0.0601,-0.0107,0.9961,
15.782,ENC,0.0000,0.0000,0.0000,0.0000,0.0000,0.000,-3.653,-0.242,-1.085,0.0601,-0.0107,0.9961,
15.787,IMU,0.0000,0.0000,0.0000,0.0000,0.0000,0.000,-3.693,-0.188,-1.100,0.0674,0.0020,0.9956,
15.802,ENC,0.0000,0.0000,0.0000,0.0000,0.0000,0.000,-3.693,-0.188,-1.100,0.0674,0.0020,0.9956,
15.808,IMU,0.0000,0.0000,0.0000,0.0000,0.0000,0.000,-3.687,-0.199,-1.093,0.0659,-0.0166,0.9854,
15.822,ENC,0.0000,0.0000,0.0000,0.0000,0.0000,0.000,-3.687,-0.199,-1.093,0.0659,-0.0166,0.9854,
15.827,IMU,0.0000,0.0000,0.0000,0.0000,0.0000,0.000,-3.659,-0.191,-1.067,0.0537,-0.0161,0.9980,
15.841,ENC,0.0000,0.0000,0.0000,0.0000,0.0000,0.000,-3.659,-0.191,-1.067,0.0537,-0.0161,0.9980,
15.848,IMU,0.0000,0.0000,0.0000,0.0000,0.0000,0.000,-3.659,-0.195,-1.129,0.0659,-0.0220,0.9971,
15.862,ENC,0.0000,0.0000,0.0000,0.0000,0.0000,0.000,-3.659,-0.195,-1.129,0.0659,-0.0220,0.9971,
15.869,IMU,0.0000,0.0000,0.0000,0.0000,0.0000,0.000,-3.671,-0.185,-1.138,0.0591,-0.0093,0.9912,
15.882,ENC,0.0000,0.0000,0.0000,0.0000,0.0000,0.000,-3.671,-0.185,-1.138,0.0591,-0.0093,0.9912,
15.887,IMU,0.0000,0.0000,0.0000,0.0000,0.0000,0.000,-3.659,-0.167,-1.106,0.0635,-0.0078,0.9902,
15.902,ENC,0.0000,0.0000,0.0000,0.0000,0.0000,0.000,-3.659,-0.167,-1.106,0.0635,-0.0078,0.9902,
15.907,IMU,0.0000,0.0000,0.0000,0.0000,0.0000,0.000,-3.647,-0.160,-1.053,0.0659,-0.0024,0.9985,
15.922,ENC,0.0000,0.0000,0.0000,0.0000,0.0000,0.000,-3.647,-0.160,-1.053,0.0659,-0.0024,0.9985,
15.928,IMU,0.0000,0.0000,0.0000,0.0000,0.0000,0.000,-3.614,-0.154,-1.019,0.0493,-0.0054,0.9932,
15.942,ENC,0.0000,0.0000,0.0000,0.0000,0.0000,0.000,-3.614,-0.154,-1.019,0.0493,-0.0054,0.9932,
15.948,IMU,0.0000,0.0000,0.0000,0.0000,0.0000,0.000,-3.574,-0.192,-1.067,0.0552,-0.0015,0.9932,
15.962,ENC,0.0000,0.0000,0.0000,0.0000,0.0000,0.000,-3.574,-0.192,-1.067,0.0552,-0.0015,0.9932,
15.968,IMU,0.0000,0.0000,0.0000,0.0000,0.0000,0.000,-3.601,-0.208,-1.075,0.0615,-0.0161,0.9927,
15.981,ENC,0.0000,0.0000,0.0000,0.0000,0.0000,0.000,-3.601,-0.208,-1.075,0.0615,-0.0161,0.9927,
15.987,IMU,0.0000,0.0000,0.0000,0.0000,0.0000,0.000,-3.599,-0.188,-1.039,0.0586,-0.0029,0.9932,
16.001,ENC,0.0000,0.0000,0.0000,0.0000,0.0000,0.000,-3.599,-0.188,-1.039,0.0586,-0.0029,0.9932,
16.008,IMU,0.0000,0.0000,0.0000,0.0000,0.0000,0.000,-3.570,-0.191,-0.992,0.0649,-0.0117,0.9951,
16.023,ENC,0.0000,0.0000,0.0000,0.0000,0.0000,0.000,-3.570,-0.191,-0.992,0.0649,-0.0117,0.9951,
16.028,IMU,0.0000,0.0000,0.0000,0.0000,0.0000,0.000,-3.596,-0.181,-0.947,0.0542,-0.0059,0.9922,
16.042,ENC,0.0000,0.0000,0.0000,0.0000,0.0000,0.000,-3.596,-0.181,-0.947,0.0542,-0.0059,0.9922,
16.048,IMU,0.0000,0.0000,0.0000,0.0000,0.0000,0.000,-3.536,-0.191,-0.925,0.0654,-0.0024,1.0044,
16.062,ENC,0.0000,0.0000,0.0000,0.0000,0.0000,0.000,-3.536,-0.191,-0.925,0.0654,-0.0024,1.0044,
16.067,IMU,0.0000,0.0000,0.0000,0.0000,0.0000,0.000,-3.528,-0.155,-0.905,0.0586,-0.0088,0.9902,
16.086,ENC,0.0000,0.0000,0.0000,0.0000,0.0000,0.000,-3.528,-0.155,-0.905,0.0586,-0.0088,0.9902,
16.088,IMU,0.0000,0.0000,0.0000,0.0000,0.0000,0.000,-3.548,-0.163,-0.862,0.0625,-0.0088,1.0005,
16.102,ENC,0.0000,0.0000,0.0000,0.0000,0.0000,0.000,-3.548,-0.163,-0.862,0.0625,-0.0088,1.0005,
16.108,IMU,0.0000,0.0000,0.0000,0.0000,0.0000,0.000,-3.607,-0.110,-0.867,0.0762,0.0063,0.9961,
16.122,ENC,0.0000,0.0000,0.0000,0.0000,0.0000,0.000,-3.607,-0.110,-0.867,0.0762,0.0063,0.9961,
16.128,IMU,0.0000,0.0000,0.0000,0.0000,0.0000,0.000,-3.647,-0.147,-0.831,0.0664,-0.0103,0.9985,
16.142,ENC,0.0000,0.0000,0.0000,0.0000,0.0000,0.000,-3.647,-0.147,-0.831,0.0664,-0.0103,0.9985,
16.148,IMU,0.0000,0.0000,0.0000,0.0000,0.0000,0.000,-3.604,-0.107,-0.856,0.0615,-0.0034,0.9985,
16.162,ENC,0.0000,0.0000,0.0000,0.0000,0.0000,0.000,-3.604,-0.107,-0.856,0.0615,-0.0034,0.9985,
16.168,IMU,0.0000,0.0000,0.0000,0.0000,0.0000,0.000,-3.584,-0.115,-0.845,0.0610,-0.0107,0.9971,
16.182,ENC,0.0000,0.0000,0.0000,0.0000,0.0000,0.000,-3.584,-0.115,-0.845,0.0610,-0.0107,0.9971,
16.189,IMU,0.0000,0.0000,0.0000,0.0000,0.0000,0.000,-3.575,-0.127,-0.883,0.0591,-0.0068,0.9902,
16.202,ENC,0.0000,0.0000,0.0000,0.0000,0.0000,0.000,-3.575,-0.127,-0.883,0.0591,-0.0068,0.9902,
16.207,IMU,0.0000,0.0000,0.0000,0.0000,0.0000,0.000,-3.571,-0.142,-0.881,0.0615,-0.0049,0.9912,
16.222,ENC,0.0000,0.0000,0.0000,0.0000,0.0000,0.000,-3.571,-0.142,-0.881,0.0615,-0.0049,0.9912,
16.227,IMU,0.0000,0.0000,0.0000,0.0000,0.0000,0.000,-3.604,-0.110,-0.884,0.0669,0.0029,0.9937,
16.245,ENC,0.0000,0.0000,0.0000,0.0000,0.0000,0.000,-3.604,-0.110,-0.884,0.0669,0.0029,0.9937,
16.248,IMU,0.0000,0.0000,0.0000,0.0000,0.0000,0.000,-3.590,-0.063,-0.908,0.0674,-0.0024,0.9902,
16.262,ENC,0.0000,0.0000,0.0000,0.0000,0.0000,0.000,-3.590,-0.063,-0.908,0.0674,-0.0024,0.9902,
16.267,IMU,0.0000,0.0000,0.0000,0.0000,0.0000,0.000,-3.595,-0.074,-0.911,0.0610,-0.0068,0.9932,
16.282,ENC,0.0000,0.0000,0.0000,0.0000,0.0000,0.000,-3.595,-0.074,-0.911,0.0610,-0.0068,0.9932,
16.289,IMU,0.0000,0.0000,0.0000,0.0000,0.0000,0.000,-3.614,-0.125,-0.956,0.0757,-0.0166,0.9980,
16.303,ENC,0.0000,0.0000,0.0000,0.0000,0.0000,0.000,-3.614,-0.125,-0.956,0.0757,-0.0166,0.9980,
16.307,IMU,0.0000,0.0000,0.0000,0.0000,0.0000,0.000,-3.657,-0.082,-0.924,0.0547,-0.0161,0.9849,
16.322,ENC,0.0000,0.0000,0.0000,0.0000,0.0000,0.000,-3.657,-0.082,-0.924,0.0547,-0.0161,0.9849,
16.329,IMU,0.0000,0.0000,0.0000,0.0000,0.0000,0.000,-3.627,-0.118,-0.912,0.0654,-0.0107,0.9912,
16.342,ENC,0.0000,0.0000,0.0000,0.0000,0.0000,0.000,-3.627,-0.118,-0.912,0.0654,-0.0107,0.9912,
16.348,IMU,0.0000,0.0000,0.0000,0.0000,0.0000,0.000,-3.577,-0.131,-0.902,0.0684,-0.0059,0.9932,
16.362,ENC,0.0000,0.0000,0.0000,0.0000,0.0000,0.000,-3.577,-0.131,-0.902,0.0684,-0.0059,0.9932,
16.367,IMU,0.0000,0.0000,0.0000,0.0000,0.0000,0.000,-3.593,-0.139,-0.853,0.0771,-0.0088,0.9995,
16.382,ENC,0.0000,0.0000,0.0000,0.0000,0.0000,0.000,-3.593,-0.139,-0.853,0.0771,-0.0088,0.9995,
16.388,IMU,0.0000,0.0000,0.0000,0.0000,0.0000,0.000,-3.619,-0.158,-0.820,0.0640,-0.0107,0.9966,
16.402,ENC,0.0000,0.0000,0.0000,0.0000,0.0000,0.000,-3.619,-0.158,-0.820,0.0640,-0.0107,0.9966,
16.407,IMU,0.0000,0.0000,0.0000,0.0000,0.0000,0.000,-3.618,-0.105,-0.824,0.0659,-0.0059,0.9912,
16.425,ENC,0.0000,0.0000,0.0000,0.0000,0.0000,0.000,-3.618,-0.105,-0.824,0.0659,-0.0059,0.9912,
16.429,IMU,0.0000,0.0000,0.0000,0.0000,0.0000,0.000,-3.599,-0.110,-0.850,0.0659,-0.0054,1.0005,
16.442,ENC,0.0000,0.0000,0.0000,0.0000,0.0000,0.000,-3.599,-0.110,-0.850,0.0659,-0.0054,1.0005,
16.452,IMU,0.0000,0.0000,0.0000,0.0000,0.0000,0.000,-3.617,-0.134,-0.859,0.0547,-0.0020,0.9917,
16.462,ENC,0.0000,0.0000,0.0000,0.0000,0.0000,0.000,-3.617,-0.134,-0.859,0.0547,-0.0020,0.9917,
16.467,IMU,0.0000,0.0000,0.0000,0.0000,0.0000,0.000,-3.646,-0.124,-0.843,0.0693,-0.0049,0.9956,
16.482,ENC,0.0000,0.0000,0.0000,0.0000,0.0000,0.000,-3.646,-0.124,-0.843,0.0693,-0.0049,0.9956,
16.488,IMU,0.0000,0.0000,0.0000,0.0000,0.0000,0.000,-3.625,-0.105,-0.845,0.0620,-0.0122,0.9897,
16.503,ENC,0.0000,0.0000,0.0000,0.0000,0.0000,0.000,-3.625,-0.105,-0.845,0.0620,-0.0122,0.9897,
16.507,IMU,0.0000,0.0000,0.0000,0.0000,0.0000,0.000,-3.638,-0.082,-0.815,0.0679,0.0029,0.9961,
16.522,ENC,0.0000,0.0000,0.0000,0.0000,0.0000,0.000,-3.638,-0.082,-0.815,0.0679,0.0029,0.9961,
16.528,IMU,0.0000,0.0000,0.0000,0.0000,0.0000,0.000,-3.595,-0.094,-0.804,0.0649,-0.0039,0.9980,
16.542,ENC,0.0000,0.0000,0.0000,0.0000,0.0000,0.000,-3.595,-0.094,-0.804,0.0649,-0.0039,0.9980,
16.548,IMU,0.0000,0.0000,0.0000,0.0000,0.0000,0.000,-3.609,-0.082,-0.809,0.0610,-0.0161,0.9893,
16.562,ENC,0.0000,0.0000,0.0000,0.0000,0.0000,0.000,-3.609,-0.082,-0.809,0.0610,-0.0161,0.9893,
16.568,IMU,0.0000,0.0000,0.0000,0.0000,0.0000,0.000,-3.627,-0.081,-0.822,0.0581,-0.0146,0.9956,
16.582,ENC,0.0000,0.0000,0.0000,0.0000,0.0000,0.000,-3.627,-0.081,-0.822,0.0581,-0.0146,0.9956,
16.588,IMU,0.0000,0.0000,0.0000,0.0000,0.0000,0.000,-3.619,-0.072,-0.810,0.0830,-0.0073,0.9941,
16.601,ENC,0.0000,0.0000,0.0000,0.0000,0.0000,0.000,-3.619,-0.072,-0.810,0.0830,-0.0073,0.9941,
16.608,IMU,0.0000,0.0000,0.0000,0.0000,0.0000,0.000,-3.620,-0.108,-0.842,0.0630,-0.0166,1.0083,
16.622,ENC,-0.0017,0.0000,-0.0009,-0.0852,0.0000,0.005,-3.620,-0.108,-0.842,0.0630,-0.0166,1.0083,
16.628,IMU,-0.0017,0.0000,-0.0009,-0.0852,0.0000,0.005,-3.633,-0.118,-0.806,0.0649,0.0176,0.9946,
16.642,ENC,-0.0051,-0.0017,-0.0034,-0.1704,-0.0852,0.010,-3.633,-0.118,-0.806,0.0649,0.0176,0.9946,
16.648,IMU,-0.0051,-0.0017,-0.0034,-0.1704,-0.0852,0.010,-3.585,-0.155,-0.808,0.0547,-0.0342,1.0386,
16.662,ENC,-0.0290,-0.0205,-0.0247,-1.1931,-0.9374,0.024,-3.585,-0.155,-0.808,0.0547,-0.0342,1.0386,
16.668,IMU,-0.0290,-0.0205,-0.0247,-1.1931,-0.9374,0.024,-3.620,0.252,-0.834,0.1401,0.2720,0.9473,
16.682,ENC,-0.0750,-0.0920,-0.0835,-2.3010,-3.5793,-0.049,-3.620,0.252,-0.834,0.1401,0.2720,0.9473,
16.688,IMU,-0.0750,-0.0920,-0.0835,-2.3010,-3.5793,-0.049,-3.718,0.614,-0.878,0.0996,0.2725,0.8765,
16.703,ENC,-0.1466,-0.2267,-0.1866,-3.5793,-6.7325,-0.229,-3.718,0.614,-0.878,0.0996,0.2725,0.8765,
16.707,IMU,-0.1466,-0.2267,-0.1866,-3.5793,-6.7325,-0.229,-3.662,0.847,-0.852,0.0439,0.2676,1.1304,
16.723,ENC,-0.2591,-0.3665,-0.3128,-5.6246,-6.9881,-0.308,-3.662,0.847,-0.852,0.0439,0.2676,1.1304,
16.728,IMU,-0.2591,-0.3665,-0.3128,-5.6246,-6.9881,-0.308,-3.655,0.997,-0.923,0.0635,0.1333,0.8813,
16.742,ENC,-0.3699,-0.5505,-0.4602,-5.5394,-9.2039,-0.518,-3.655,0.997,-0.923,0.0635,0.1333,0.8813,
16.748,IMU,-0.3699,-0.5505,-0.4602,-5.5394,-9.2039,-0.518,-3.698,1.088,-1.024,0.0698,0.1426,1.1172,
16.762,ENC,-0.5352,-0.7551,-0.6451,-8.2665,-10.2265,-0.630,-3.698,1.088,-1.024,0.0698,0.1426,1.1172,
16.768,IMU,-0.5352,-0.7551,-0.6451,-8.2665,-10.2265,-0.630,-3.758,1.273,-1.066,0.0767,0.1562,1.0059,
16.782,ENC,-0.7022,-0.9817,-0.8420,-8.3517,-11.3344,-0.801,-3.758,1.273,-1.066,0.0767,0.1562,1.0059,
16.788,IMU,-0.7022,-0.9817,-0.8420,-8.3517,-11.3344,-0.801,-3.735,1.396,-1.079,0.0322,0.1572,1.0186,
16.802,ENC,-0.8778,-1.2221,-1.0499,-8.7778,-12.0162,-0.986,-3.735,1.396,-1.079,0.0322,0.1572,1.0186,
16.808,IMU,-0.8778,-1.2221,-1.0499,-8.7778,-12.0162,-0.986,-3.839,1.529,-1.117,0.1245,0.1333,1.0459,
16.828,IMU,-0.8778,-1.2221,-1.0499,-8.7778,-12.0162,-0.986,-3.817,1.611,-1.195,-0.0186,0.1147,1.0293,
16.843,ENC,-1.3738,-1.8374,-1.6056,-12.3997,-15.3824,-1.328,-3.817,1.611,-1.195,-0.0186,0.1147,1.0293,
16.849,IMU,-1.3738,-1.8374,-1.6056,-12.3997,-15.3824,-1.328,-3.867,1.776,-1.205,0.1006,0.1606,0.9614,
16.862,ENC,-1.6618,-2.1322,-1.8970,-14.4024,-14.7433,-1.348,-3.867,1.776,-1.205,0.1006,0.1606,0.9614,
16.867,IMU,-1.6618,-2.1322,-1.8970,-14.4024,-14.7433,-1.348,-4.030,1.832,-1.239,0.1924,0.0068,0.7983,
16.885,ENC,-1.9771,-2.4237,-2.2004,-15.7659,-14.5728,-1.279,-4.030,1.832,-1.239,0.1924,0.0068,0.7983,
16.889,IMU,-1.9771,-2.4237,-2.2004,-15.7659,-14.5728,-1.279,-4.023,1.790,-1.297,0.0854,0.0493,0.8511,
16.903,ENC,-2.3129,-2.7254,-2.5191,-16.7886,-15.0841,-1.182,-4.023,1.790,-1.297,0.0854,0.0493,0.8511,
16.909,IMU,-2.3129,-2.7254,-2.5191,-16.7886,-15.0841,-1.182,-3.950,1.760,-1.378,0.0093,0.0630,1.1196,
16.923,ENC,-2.6453,-3.0373,-2.8413,-16.6181,-15.5955,-1.123,-3.950,1.760,-1.378,0.0093,0.0630,1.1196,
16.928,IMU,-2.6453,-3.0373,-2.8413,-16.6181,-15.5955,-1.123,-4.063,1.780,-1.414,0.1562,0.0020,0.8408,
16.943,ENC,-2.9861,-3.3628,-3.1745,-17.0442,-16.2772,-1.079,-4.063,1.780,-1.414,0.1562,0.0020,0.8408,
16.947,IMU,-2.9861,-3.3628,-3.1745,-17.0442,-16.2772,-1.079,-3.958,1.864,-1.486,0.0430,0.0918,0.9961,
16.962,ENC,-3.2964,-3.6918,-3.4941,-15.5103,-16.4477,-1.133,-3.958,1.864,-1.486,0.0430,0.0918,0.9961,
16.968,IMU,-3.2964,-3.6918,-3.4941,-15.5103,-16.4477,-1.133,-3.898,1.966,-1.515,0.0146,0.1011,1.0054,
16.983,ENC,-3.6032,-4.0412,-3.8222,-15.3398,-17.4703,-1.255,-3.898,1.966,-1.515,0.0146,0.1011,1.0054,
16.988,IMU,-3.6032,-4.0412,-3.8222,-15.3398,-17.4703,-1.255,-3.834,1.973,-1.577,-0.0469,0.0552,0.9600,
17.003,ENC,-3.9134,-4.3974,-4.1554,-15.5103,-17.8112,-1.387,-3.834,1.973,-1.577,-0.0469,0.0552,0.9600,
17.009,IMU,-3.9134,-4.3974,-4.1554,-15.5103,-17.8112,-1.387,-3.909,1.910,-1.646,0.1147,-0.0195,0.9722,
17.023,ENC,-4.2099,-4.7570,-4.4835,-14.8285,-17.9817,-1.567,-3.909,1.910,-1.646,0.1147,-0.0195,0.9722,
17.027,IMU,-4.2099,-4.7570,-4.4835,-14.8285,-17.9817,-1.567,-3.877,1.848,-1.693,0.0591,-0.0107,0.9844,
17.043,ENC,-4.5167,-5.1082,-4.8124,-15.3398,-17.5556,-1.694,-3.877,1.848,-1.693,0.0591,-0.0107,0.9844,
17.049,IMU,-4.5167,-5.1082,-4.8124,-15.3398,-17.5556,-1.694,-3.779,1.892,-1.772,0.0649,0.0947,0.9893,
17.064,ENC,-4.8286,-5.4388,-5.1337,-15.5955,-16.5329,-1.748,-3.779,1.892,-1.772,0.0649,0.0947,0.9893,
17.067,IMU,-4.8286,-5.4388,-5.1337,-15.5955,-16.5329,-1.748,-3.701,1.868,-1.840,-0.0078,-0.0254,1.0303,
17.082,ENC,-5.1610,-5.7780,-5.4695,-16.6181,-16.9590,-1.768,-3.701,1.868,-1.840,-0.0078,-0.0254,1.0303,
17.088,IMU,-5.1610,-5.7780,-5.4695,-16.6181,-16.9590,-1.768,-3.531,1.747,-1.929,-0.0991,-0.1050,1.0869,
17.103,ENC,-5.5206,-6.1121,-5.8163,-17.9817,-16.7033,-1.694,-3.531,1.747,-1.929,-0.0991,-0.1050,1.0869,
17.108,IMU,-5.5206,-6.1121,-5.8163,-17.9817,-16.7033,-1.694,-3.578,1.775,-1.982,0.1201,0.0454,1.0332,
17.122,ENC,-5.8820,-6.4410,-6.1615,-18.0669,-16.4477,-1.602,-3.578,1.775,-1.982,0.1201,0.0454,1.0332,
17.127,IMU,-5.8820,-6.4410,-6.1615,-18.0669,-16.4477,-1.602,-3.492,1.745,-2.048,0.0581,-0.0220,0.8491,
17.143,ENC,-6.2399,-6.7853,-6.5126,-17.8964,-17.2147,-1.562,-3.492,1.745,-2.048,0.0581,-0.0220,0.8491,
17.148,IMU,-6.2399,-6.7853,-6.5126,-17.8964,-17.2147,-1.562,-3.561,1.731,-2.117,0.1201,0.0210,0.9512,
17.162,ENC,-6.5723,-7.1177,-6.8450,-16.6181,-16.6181,-1.562,-3.561,1.731,-2.117,0.1201,0.0210,0.9512,
17.168,IMU,-6.5723,-7.1177,-6.8450,-16.6181,-16.6181,-1.562,-3.595,1.575,-2.169,0.1182,-0.1167,1.0435,
17.185,ENC,-6.8978,-7.4790,-7.1884,-16.2772,-18.0669,-1.665,-3.595,1.575,-2.169,0.1182,-0.1167,1.0435,
17.187,IMU,-6.8978,-7.4790,-7.1884,-16.2772,-18.0669,-1.665,-3.609,1.604,-2.126,0.0508,0.0420,0.9238,
17.203,ENC,-7.1637,-7.8403,-7.5020,-13.2945,-18.0669,-1.938,-3.609,1.604,-2.126,0.0508,0.0420,0.9238,
17.208,IMU,-7.1637,-7.8403,-7.5020,-13.2945,-18.0669,-1.938,-3.756,1.607,-2.178,0.1299,0.0415,0.9399,
17.229,IMU,-7.1637,-7.8403,-7.5020,-13.2945,-18.0669,-1.938,-3.780,1.643,-2.196,0.0811,0.0312,1.0073,
17.229,ENC,-7.4313,-8.1642,-7.7977,-13.3797,-16.1920,-2.100,-3.780,1.643,-2.196,0.0811,0.0312,1.0073,
17.243,ENC,-7.7279,-8.5426,-8.1352,-14.8285,-18.9191,-2.334,-3.780,1.643,-2.196,0.0811,0.0312,1.0073,
17.249,IMU,-7.7279,-8.5426,-8.1352,-14.8285,-18.9191,-2.334,-3.786,1.568,-2.227,0.0513,-0.0337,0.9297,
17.262,ENC,-8.0210,-8.8749,-8.4480,-14.6580,-16.6181,-2.446,-3.786,1.568,-2.227,0.0513,-0.0337,0.9297,
17.267,IMU,-8.0210,-8.8749,-8.4480,-14.6580,-16.6181,-2.446,-3.817,1.524,-2.281,0.0845,-0.0190,1.0210,
17.287,ENC,-8.3568,-9.2209,-8.7889,-16.7886,-17.2999,-2.476,-3.817,1.524,-2.281,0.0845,-0.0190,1.0210,
17.289,IMU,-8.3568,-9.2209,-8.7889,-16.7886,-17.2999,-2.476,-3.776,1.675,-2.270,0.1045,0.1147,0.9199,
17.303,ENC,-8.7096,-9.5533,-9.1314,-17.6408,-16.6181,-2.417,-3.776,1.675,-2.270,0.1045,0.1147,0.9199,
17.308,IMU,-8.7096,-9.5533,-9.1314,-17.6408,-16.6181,-2.417,-3.679,1.625,-2.271,-0.0029,-0.0425,0.9131,
17.322,ENC,-9.0573,-9.8737,-9.4655,-17.3851,-16.0216,-2.339,-3.679,1.625,-2.271,-0.0029,-0.0425,0.9131,
17.329,IMU,-9.0573,-9.8737,-9.4655,-17.3851,-16.0216,-2.339,-3.664,1.513,-2.308,-0.0098,-0.0361,1.0498,
17.347,ENC,-9.4289,-10.2146,-9.8217,-18.5782,-17.0442,-2.251,-3.664,1.513,-2.308,-0.0098,-0.0361,1.0498,
17.349,IMU,-9.4289,-10.2146,-9.8217,-18.5782,-17.0442,-2.251,-3.570,1.558,-2.324,-0.0425,0.0278,1.1377,
17.363,ENC,-9.7885,-10.5538,-10.1711,-17.9817,-16.9590,-2.192,-3.570,1.558,-2.324,-0.0425,0.0278,1.1377,
17.367,IMU,-9.7885,-10.5538,-10.1711,-17.9817,-16.9590,-2.192,-3.614,1.429,-2.393,0.0986,-0.0171,1.0327,
17.382,ENC,-10.1192,-10.8913,-10.5052,-16.5329,-16.8738,-2.212,-3.614,1.429,-2.393,0.0986,-0.0171,1.0327,
17.388,IMU,-10.1192,-10.8913,-10.5052,-16.5329,-16.8738,-2.212,-3.643,1.546,-2.454,0.0244,0.1260,1.1377,
17.403,ENC,-10.4345,-11.2424,-10.8384,-15.7659,-17.5556,-2.314,-3.643,1.546,-2.454,0.0244,0.1260,1.1377,
17.410,IMU,-10.4345,-11.2424,-10.8384,-15.7659,-17.5556,-2.314,-3.700,1.531,-2.536,0.1641,0.0352,0.9077,
17.423,ENC,-10.7293,-11.5884,-11.1589,-14.7433,-17.2999,-2.461,-3.700,1.531,-2.536,0.1641,0.0352,0.9077,
17.428,IMU,-10.7293,-11.5884,-11.1589,-14.7433,-17.2999,-2.461,-3.714,1.608,-2.600,0.0747,0.0488,0.9878,
17.443,ENC,-11.0413,-11.9565,-11.4989,-15.5955,-18.4078,-2.622,-3.714,1.608,-2.600,0.0747,0.0488,0.9878,
17.448,IMU,-11.0413,-11.9565,-11.4989,-15.5955,-18.4078,-2.622,-3.697,1.470,-2.639,0.0176,-0.0762,1.0264,
17.462,ENC,-11.3310,-12.2974,-11.8142,-14.4876,-17.0442,-2.769,-3.697,1.470,-2.639,0.0176,-0.0762,1.0264,
17.468,IMU,-11.3310,-12.2974,-11.8142,-14.4876,-17.0442,-2.769,-3.619,1.366,-2.737,-0.0181,-0.0400,1.1304,
17.482,ENC,-11.6514,-12.6451,-12.1483,-16.0216,-17.3851,-2.847,-3.619,1.366,-2.737,-0.0181,-0.0400,1.1304,
17.490,IMU,-11.6514,-12.6451,-12.1483,-16.0216,-17.3851,-2.847,-3.598,1.261,-2.820,0.0137,-0.0479,0.9707,
17.503,ENC,-11.9821,-12.9792,-12.4806,-16.5329,-16.7033,-2.856,-3.598,1.261,-2.820,0.0137,-0.0479,0.9707,
17.511,IMU,-11.9821,-12.9792,-12.4806,-16.5329,-16.7033,-2.856,-3.531,1.238,-2.856,-0.0059,0.0674,1.0576,
17.523,ENC,-12.3264,-13.3098,-12.8181,-17.2147,-16.5329,-2.817,-3.531,1.238,-2.856,-0.0059,0.0674,1.0576,
17.528,IMU,-12.3264,-13.3098,-12.8181,-17.2147,-16.5329,-2.817,-3.596,1.168,-2.919,0.1270,-0.0317,0.9946,
17.543,ENC,-12.6928,-13.6473,-13.1701,-18.3225,-16.8738,-2.734,-3.596,1.168,-2.919,0.1270,-0.0317,0.9946,
17.548,IMU,-12.6928,-13.6473,-13.1701,-18.3225,-16.8738,-2.734,-3.620,1.242,-2.950,0.1074,0.0796,1.0552,
17.562,ENC,-13.0474,-13.9848,-13.5161,-17.7260,-16.8738,-2.686,-3.620,1.242,-2.950,0.1074,0.0796,1.0552,
17.568,IMU,-13.0474,-13.9848,-13.5161,-17.7260,-16.8738,-2.686,-3.681,1.044,-2.975,0.1123,-0.0874,0.9316,
17.582,ENC,-13.3985,-14.3376,-13.8680,-17.5556,-17.6408,-2.690,-3.681,1.044,-2.975,0.1123,-0.0874,0.9316,
17.588,IMU,-13.3985,-14.3376,-13.8680,-17.5556,-17.6408,-2.690,-3.777,0.931,-3.071,0.1172,-0.0464,0.8921,
17.603,ENC,-13.7428,-14.7024,-14.2226,-17.2147,-18.2373,-2.749,-3.777,0.931,-3.071,0.1172,-0.0464,0.8921,
17.607,IMU,-13.7428,-14.7024,-14.2226,-17.2147,-18.2373,-2.749,-3.819,0.946,-3.050,0.0947,0.0220,1.0488,
17.622,ENC,-14.0359,-15.0313,-14.5336,-14.6580,-16.4477,-2.852,-3.819,0.946,-3.050,0.0947,0.0220,1.0488,
17.628,IMU,-14.0359,-15.0313,-14.5336,-14.6580,-16.4477,-2.852,-3.889,0.867,-3.075,0.0811,-0.0020,0.9897,
17.643,ENC,-14.3495,-15.3858,-14.8677,-15.6807,-17.7260,-2.969,-3.889,0.867,-3.075,0.0811,-0.0020,0.9897,
17.648,IMU,-14.3495,-15.3858,-14.8677,-15.6807,-17.7260,-2.969,-3.774,0.790,-3.062,-0.0146,-0.0195,0.8740,
17.663,ENC,-14.6410,-15.7540,-15.1975,-14.5728,-18.4078,-3.188,-3.774,0.790,-3.062,-0.0146,-0.0195,0.8740,
17.668,IMU,-14.6410,-15.7540,-15.1975,-14.5728,-18.4078,-3.188,-3.954,0.724,-3.052,0.1714,-0.0229,0.9556,
17.685,ENC,-14.9222,-16.1051,-15.5137,-14.0615,-17.5556,-3.389,-3.954,0.724,-3.052,0.1714,-0.0229,0.9556,
17.702,ENC,-15.2205,-16.4221,-15.8213,-14.9137,-15.8511,-3.442,-3.954,0.724,-3.052,0.1714,-0.0229,0.9556,
17.707,IMU,-15.2205,-16.4221,-15.8213,-14.9137,-15.8511,-3.442,-3.859,0.721,-3.061,0.0137,0.0913,0.9688,
17.728,IMU,-15.2205,-16.4221,-15.8213,-14.9137,-15.8511,-3.442,-3.913,0.764,-3.127,0.1001,0.0083,1.1113,
17.743,ENC,-15.9125,-17.0971,-16.5048,-17.2999,-16.8738,-3.394,-3.913,0.764,-3.127,0.1001,0.0083,1.1113,
17.748,IMU,-15.9125,-17.0971,-16.5048,-17.2999,-16.8738,-3.394,-3.939,0.702,-3.135,0.0620,-0.0444,0.9287,
17.762,ENC,-16.2721,-17.4397,-16.8559,-17.9817,-17.1295,-3.345,-3.939,0.702,-3.135,0.0620,-0.0444,0.9287,
17.768,IMU,-16.2721,-17.4397,-16.8559,-17.9817,-17.1295,-3.345,-3.981,0.754,-3.174,0.1157,0.0425,1.0566,
17.782,ENC,-16.6352,-17.7976,-17.2164,-18.1521,-17.8964,-3.330,-3.981,0.754,-3.174,0.1157,0.0425,1.0566,
17.804,ENC,-16.9846,-18.1504,-17.5675,-17.4703,-17.6408,-3.340,-3.981,0.754,-3.174,0.1157,0.0425,1.0566,
17.806,IMU,-16.9846,-18.1504,-17.5675,-17.4703,-17.6408,-3.340,-3.787,0.817,-3.207,-0.0664,0.0464,0.9766,
17.810,IMU,-16.9846,-18.1504,-17.5675,-17.4703,-17.6408,-3.340,-3.695,0.832,-3.233,0.0078,0.0322,1.0171,
17.822,ENC,-17.3084,-18.4845,-17.8964,-16.1920,-16.7033,-3.369,-3.695,0.832,-3.233,0.0078,0.0322,1.0171,
17.829,IMU,-17.3084,-18.4845,-17.8964,-16.1920,-16.7033,-3.369,-3.639,0.783,-3.234,0.0239,-0.0444,1.0010,
17.843,ENC,-17.6254,-18.8526,-18.2390,-15.8511,-18.4078,-3.516,-3.639,0.783,-3.234,0.0239,-0.0444,1.0010,
17.848,IMU,-17.6254,-18.8526,-18.2390,-15.8511,-18.4078,-3.516,-3.720,0.670,-3.198,0.0723,-0.0786,0.9170,
17.862,ENC,-17.9305,-19.1816,-18.5561,-15.2546,-16.4477,-3.584,-3.720,0.670,-3.198,0.0723,-0.0786,0.9170,
17.868,IMU,-17.9305,-19.1816,-18.5561,-15.2546,-16.4477,-3.584,-3.744,0.576,-3.243,0.0474,-0.0576,1.0630,
17.883,ENC,-18.2322,-19.5071,-18.8697,-15.0841,-16.2772,-3.652,-3.744,0.576,-3.243,0.0474,-0.0576,1.0630,
17.888,IMU,-18.2322,-19.5071,-18.8697,-15.0841,-16.2772,-3.652,-3.798,0.567,-3.239,0.0381,-0.0225,1.0073,
17.903,ENC,-18.5356,-19.8310,-19.1833,-15.1694,-16.1920,-3.711,-3.798,0.567,-3.239,0.0381,-0.0225,1.0073,
17.908,IMU,-18.5356,-19.8310,-19.1833,-15.1694,-16.1920,-3.711,-3.746,0.493,-3.289,0.0293,-0.0361,0.9766,
17.923,ENC,-18.8475,-20.1344,-19.4909,-15.5955,-15.1694,-3.687,-3.746,0.493,-3.289,0.0293,-0.0361,0.9766,
17.928,IMU,-18.8475,-20.1344,-19.4909,-15.5955,-15.1694,-3.687,-3.829,0.447,-3.214,0.1084,-0.0640,1.0547,
17.943,ENC,-19.1782,-20.4292,-19.8037,-16.5329,-14.7433,-3.584,-3.829,0.447,-3.214,0.1084,-0.0640,1.0547,
17.948,IMU,-19.1782,-20.4292,-19.8037,-16.5329,-14.7433,-3.584,-3.813,0.392,-3.138,0.1016,-0.0371,0.9468,
17.962,ENC,-19.5071,-20.7139,-20.1105,-16.4477,-14.2319,-3.457,-3.813,0.392,-3.138,0.1016,-0.0371,0.9468,
17.967,IMU,-19.5071,-20.7139,-20.1105,-16.4477,-14.2319,-3.457,-3.739,0.456,-3.126,0.0161,0.0054,1.0601,
17.986,ENC,-19.8395,-21.0070,-20.4232,-16.6181,-14.6580,-3.345,-3.739,0.456,-3.126,0.0161,0.0054,1.0601,
17.989,IMU,-19.8395,-21.0070,-20.4232,-16.6181,-14.6580,-3.345,-3.818,0.439,-3.122,0.1157,-0.0557,0.9497,
18.003,ENC,-20.1633,-21.3087,-20.7360,-16.1920,-15.0841,-3.281,-3.818,0.439,-3.122,0.1157,-0.0557,0.9497,
18.009,IMU,-20.1633,-21.3087,-20.7360,-16.1920,-15.0841,-3.281,-3.780,0.327,-3.086,0.0508,-0.1230,1.0396,
18.023,ENC,-20.4667,-21.5933,-21.0300,-15.1694,-14.2319,-3.228,-3.780,0.327,-3.086,0.0508,-0.1230,1.0396,
18.027,IMU,-20.4667,-21.5933,-21.0300,-15.1694,-14.2319,-3.228,-3.830,0.189,-2.992,0.0991,-0.1157,0.9233,
18.043,ENC,-20.7616,-21.8609,-21.3113,-14.7433,-13.3797,-3.149,-3.830,0.189,-2.992,0.0991,-0.1157,0.9233,
18.049,IMU,-20.7616,-21.8609,-21.3113,-14.7433,-13.3797,-3.149,-3.827,0.003,-2.861,0.0850,-0.0884,0.8706,
18.066,ENC,-21.0189,-22.0740,-21.5465,-12.8684,-10.6526,-3.022,-3.827,0.003,-2.861,0.0850,-0.0884,0.8706,
18.069,IMU,-21.0189,-22.0740,-21.5465,-12.8684,-10.6526,-3.022,-3.825,-0.116,-2.714,0.0615,-0.1279,0.9761,
18.083,ENC,-21.2797,-22.2529,-21.7663,-13.0388,-8.9482,-2.788,-3.825,-0.116,-2.714,0.0615,-0.1279,0.9761,
18.091,IMU,-21.2797,-22.2529,-21.7663,-13.0388,-8.9482,-2.788,-3.753,-0.282,-2.484,0.0015,-0.1582,1.0522,
18.103,ENC,-21.5286,-22.4302,-21.9794,-12.4423,-8.8630,-2.583,-3.753,-0.282,-2.484,0.0015,-0.1582,1.0522,
18.108,IMU,-21.5286,-22.4302,-21.9794,-12.4423,-8.8630,-2.583,-3.761,-0.422,-2.146,0.0557,-0.1333,0.8784,
18.123,ENC,-21.7621,-22.5410,-22.1515,-11.6753,-5.5394,-2.231,-3.761,-0.422,-2.146,0.0557,-0.1333,0.8784,
18.137,IMU,-21.7621,-22.5410,-22.1515,-11.6753,-5.5394,-2.231,-3.820,-0.584,-1.724,0.0503,-0.1333,1.1064,
18.143,ENC,-22.0382,-22.6347,-22.3365,-13.8058,-4.6872,-1.709,-3.820,-0.584,-1.724,0.0503,-0.1333,1.1064,
18.148,IMU,-22.0382,-22.6347,-22.3365,-13.8058,-4.6872,-1.709,-3.749,-0.652,-1.243,-0.0415,-0.1021,1.0410,
18.163,ENC,-22.3177,-22.7046,-22.5112,-13.9763,-3.4941,-1.108,-3.749,-0.652,-1.243,-0.0415,-0.1021,1.0410,
18.168,IMU,-22.3177,-22.7046,-22.5112,-13.9763,-3.4941,-1.108,-3.694,-0.706,-0.861,0.0400,-0.0898,0.9355,
18.183,ENC,-22.5972,-22.7711,-22.6842,-13.9763,-3.3236,-0.498,-3.694,-0.706,-0.861,0.0400,-0.0898,0.9355,
18.190,IMU,-22.5972,-22.7711,-22.6842,-13.9763,-3.3236,-0.498,-3.572,-0.674,-0.444,0.0107,-0.0327,1.0029,
18.203,ENC,-22.9074,-22.8359,-22.8717,-15.5103,-3.2384,0.205,-3.572,-0.674,-0.444,0.0107,-0.0327,1.0029,
18.208,IMU,-22.9074,-22.8359,-22.8717,-15.5103,-3.2384,0.205,-3.569,-0.742,-0.000,0.0693,-0.1196,1.0708,
18.223,ENC,-23.2194,-22.8989,-23.0591,-15.5955,-3.1532,0.918,-3.569,-0.742,-0.000,0.0693,-0.1196,1.0708,
18.229,IMU,-23.2194,-22.8989,-23.0591,-15.5955,-3.1532,0.918,-3.506,-0.803,0.397,0.0581,-0.0625,0.9775,
18.244,ENC,-23.5176,-22.9484,-23.2330,-14.9137,-2.4714,1.631,-3.506,-0.803,0.397,0.0581,-0.0625,0.9775,
18.248,IMU,-23.5176,-22.9484,-23.2330,-14.9137,-2.4714,1.631,-3.437,-0.680,0.793,-0.0103,0.0078,1.0527,
18.262,ENC,-23.8210,-22.9944,-23.4077,-15.1694,-2.3010,2.368,-3.437,-0.680,0.793,-0.0103,0.0078,1.0527,
18.268,IMU,-23.8210,-22.9944,-23.4077,-15.1694,-2.3010,2.368,-3.385,-0.685,1.156,-0.0186,-0.0352,1.0200,
18.283,ENC,-24.1040,-23.0370,-23.5705,-14.1467,-2.1305,3.057,-3.385,-0.685,1.156,-0.0186,-0.0352,1.0200,
18.288,IMU,-24.1040,-23.0370,-23.5705,-14.1467,-2.1305,3.057,-3.479,-0.624,1.565,0.0698,-0.0200,1.0234,
18.305,ENC,-24.3562,-23.0694,-23.7128,-12.6127,-1.6192,3.687,-3.479,-0.624,1.565,0.0698,-0.0200,1.0234,
18.309,IMU,-24.3562,-23.0694,-23.7128,-12.6127,-1.6192,3.687,-3.453,-0.681,1.929,0.0464,-0.0674,0.9878,
18.322,ENC,-24.6187,-23.1018,-23.8602,-13.1241,-1.6192,4.346,-3.453,-0.681,1.929,0.0464,-0.0674,0.9878,
18.328,IMU,-24.6187,-23.1018,-23.8602,-13.1241,-1.6192,4.346,-3.503,-0.690,2.346,0.0303,-0.0381,1.0698,
18.343,ENC,-24.8761,-23.1290,-24.0025,-12.8684,-1.3635,5.005,-3.503,-0.690,2.346,0.0303,-0.0381,1.0698,
18.349,IMU,-24.8761,-23.1290,-24.0025,-12.8684,-1.3635,5.005,-3.538,-0.736,2.728,0.0356,-0.0435,1.0474,
18.362,ENC,-25.1266,-23.1546,-24.1406,-12.5275,-1.2783,5.649,-3.538,-0.736,2.728,0.0356,-0.0435,1.0474,
18.367,IMU,-25.1266,-23.1546,-24.1406,-12.5275,-1.2783,5.649,-3.488,-0.714,3.129,0.0308,-0.0586,1.0928,
18.388,IMU,-25.1266,-23.1546,-24.1406,-12.5275,-1.2783,5.649,-3.561,-0.707,3.490,0.0801,-0.0273,0.9614,
18.407,IMU,-25.1266,-23.1546,-24.1406,-12.5275,-1.2783,5.649,-3.519,-0.708,3.860,0.0112,-0.0571,1.0342,
18.415,ENC,-25.3959,-23.1836,-24.2897,-13.4649,-1.4488,6.338,-3.519,-0.708,3.860,0.0112,-0.0571,1.0342,
18.417,ENC,-25.6652,-23.1989,-24.4321,-13.4649,-0.7670,7.065,-3.519,-0.708,3.860,0.0112,-0.0571,1.0342,
18.422,ENC,-25.9396,-23.2245,-24.5820,-13.7206,-1.2783,7.778,-3.519,-0.708,3.860,0.0112,-0.0571,1.0342,
18.427,IMU,-25.9396,-23.2245,-24.5820,-13.7206,-1.2783,7.778,-3.528,-0.702,4.238,0.0220,-0.0464,0.9941,
18.442,ENC,-26.2243,-23.2432,-24.7337,-14.2319,-0.9374,8.540,-3.528,-0.702,4.238,0.0220,-0.0464,0.9941,
18.448,IMU,-26.2243,-23.2432,-24.7337,-14.2319,-0.9374,8.540,-3.518,-0.592,4.630,0.0303,0.0479,0.9614,
18.463,ENC,-26.4953,-23.2637,-24.8795,-13.5502,-1.0227,9.258,-3.518,-0.592,4.630,0.0303,0.0479,0.9614,
18.468,IMU,-26.4953,-23.2637,-24.8795,-13.5502,-1.0227,9.258,-3.472,-0.521,4.984,0.0532,0.0234,0.9512,
18.482,ENC,-26.7816,-23.2858,-25.0337,-14.3172,-1.1079,10.015,-3.472,-0.521,4.984,0.0532,0.0234,0.9512,
18.492,IMU,-26.7816,-23.2858,-25.0337,-14.3172,-1.1079,10.015,-3.393,-0.514,5.371,0.0327,-0.0229,1.0249,
18.504,ENC,-27.0765,-23.2978,-25.1871,-14.7433,-0.5965,10.825,-3.393,-0.514,5.371,0.0327,-0.0229,1.0249,
18.512,IMU,-27.0765,-23.2978,-25.1871,-14.7433,-0.5965,10.825,-3.405,-0.467,5.767,0.0693,0.0166,1.0117,
18.527,IMU,-27.0765,-23.2978,-25.1871,-14.7433,-0.5965,10.825,-3.436,-0.412,6.220,0.0801,0.0356,1.0747,
18.533,ENC,-27.3730,-23.3182,-25.3456,-14.8285,-1.0227,11.616,-3.436,-0.412,6.220,0.0801,0.0356,1.0747,
18.543,ENC,-27.6662,-23.3301,-25.4982,-14.6580,-0.5965,12.422,-3.436,-0.412,6.220,0.0801,0.0356,1.0747,
18.548,IMU,-27.6662,-23.3301,-25.4982,-14.6580,-0.5965,12.422,-3.427,-0.542,6.667,0.0742,-0.1064,1.0464,
18.563,ENC,-27.9167,-23.3318,-25.6243,-12.5275,-0.0852,13.135,-3.427,-0.542,6.667,0.0742,-0.1064,1.0464,
18.568,IMU,-27.9167,-23.3318,-25.6243,-12.5275,-0.0852,13.135,-3.422,-0.489,7.089,0.0430,-0.0078,0.9668,
18.582,ENC,-28.1554,-23.3336,-25.7445,-11.9310,-0.0852,13.813,-3.422,-0.489,7.089,0.0430,-0.0078,0.9668,
18.588,IMU,-28.1554,-23.3336,-25.7445,-11.9310,-0.0852,13.813,-3.385,-0.410,7.501,0.0156,-0.0093,1.0010,
18.603,ENC,-28.3872,-23.3336,-25.8604,-11.5901,0.0000,14.478,-3.385,-0.410,7.501,0.0156,-0.0093,1.0010,
18.608,IMU,-28.3872,-23.3336,-25.8604,-11.5901,0.0000,14.478,-3.369,-0.383,7.926,0.0234,-0.0366,0.9888,
18.622,ENC,-28.6224,-23.3336,-25.9780,-11.7605,0.0000,15.151,-3.369,-0.383,7.926,0.0234,-0.0366,0.9888,
18.628,IMU,-28.6224,-23.3336,-25.9780,-11.7605,0.0000,15.151,-3.367,-0.344,8.339,0.0225,0.0171,1.0107,
18.644,ENC,-28.8849,-23.3336,-26.1092,-13.1241,0.0000,15.903,-3.367,-0.344,8.339,0.0225,0.0171,1.0107,
18.652,IMU,-28.8849,-23.3336,-26.1092,-13.1241,0.0000,15.903,-3.386,-0.272,8.785,0.0967,0.0044,0.9180,
18.670,IMU,-28.8849,-23.3336,-26.1092,-13.1241,0.0000,15.903,-3.502,-0.263,9.220,0.1318,-0.0088,1.0112,
18.670,ENC,-29.1388,-23.3336,-26.2362,-12.6980,0.0000,16.631,-3.502,-0.263,9.220,0.1318,-0.0088,1.0112,
18.686,ENC,-29.4132,-23.3336,-26.3734,-13.7206,0.0000,17.417,-3.502,-0.263,9.220,0.1318,-0.0088,1.0112,
18.689,IMU,-29.4132,-23.3336,-26.3734,-13.7206,0.0000,17.417,-3.405,-0.252,9.671,0.0200,-0.0039,1.0957,
18.703,ENC,-29.7098,-23.3336,-26.5217,-14.8285,0.0000,18.267,-3.405,-0.252,9.671,0.0200,-0.0039,1.0957,
18.708,IMU,-29.7098,-23.3336,-26.5217,-14.8285,0.0000,18.267,-3.428,-0.315,10.130,0.0576,-0.0703,0.9731,
18.724,ENC,-30.0081,-23.3336,-26.6708,-14.9137,0.0000,19.121,-3.428,-0.315,10.130,0.0576,-0.0703,0.9731,
18.728,IMU,-30.0081,-23.3336,-26.6708,-14.9137,0.0000,19.121,-3.347,-0.216,10.567,0.0449,0.0449,0.9111,
18.743,ENC,-30.3046,-23.3336,-26.8191,-14.8285,0.0000,19.971,-3.347,-0.216,10.567,0.0449,0.0449,0.9111,
18.747,IMU,-30.3046,-23.3336,-26.8191,-14.8285,0.0000,19.971,-3.353,-0.185,11.007,0.0234,0.0039,1.0830,
18.763,ENC,-30.6217,-23.3336,-26.9776,-15.8511,0.0000,20.879,-3.353,-0.185,11.007,0.0234,0.0039,1.0830,
18.768,IMU,-30.6217,-23.3336,-26.9776,-15.8511,0.0000,20.879,-3.251,-0.171,11.484,0.0254,-0.0034,0.9185,
18.782,ENC,-30.9165,-23.3336,-27.1250,-14.7433,0.0000,21.724,-3.251,-0.171,11.484,0.0254,-0.0034,0.9185,
18.827,ENC,-31.1807,-23.3336,-27.2571,-13.2093,0.0000,22.480,-3.251,-0.171,11.484,0.0254,-0.0034,0.9185,
18.830,ENC,-31.4585,-23.3353,-27.3969,-13.8910,-0.0852,23.271,-3.251,-0.171,11.484,0.0254,-0.0034,0.9185,
18.832,IMU,-31.4585,-23.3353,-27.3969,-13.8910,-0.0852,23.271,-3.331,-0.209,12.399,0.0444,-0.0518,1.1079,
18.835,IMU,-31.4585,-23.3353,-27.3969,-13.8910,-0.0852,23.271,-3.269,-0.289,12.862,0.0210,-0.1118,1.0195,
18.843,ENC,-31.7057,-23.3353,-27.5205,-12.3571,0.0000,23.979,-3.269,-0.289,12.862,0.0210,-0.1118,1.0195,
18.848,IMU,-31.7057,-23.3353,-27.5205,-12.3571,0.0000,23.979,-3.442,-0.224,13.354,0.1489,0.0273,0.9341,
18.863,ENC,-31.9682,-23.3353,-27.6517,-13.1241,0.0000,24.731,-3.442,-0.224,13.354,0.1489,0.0273,0.9341,
18.867,IMU,-31.9682,-23.3353,-27.6517,-13.1241,0.0000,24.731,-3.447,-0.283,13.782,0.0708,-0.0522,0.9785,
18.883,ENC,-32.2153,-23.3353,-27.7753,-12.3571,0.0000,25.439,-3.447,-0.283,13.782,0.0708,-0.0522,0.9785,
18.888,IMU,-32.2153,-23.3353,-27.7753,-12.3571,0.0000,25.439,-3.403,-0.127,14.271,0.0220,0.0620,0.9707,
18.902,ENC,-32.4829,-23.3353,-27.9091,-13.3797,0.0000,26.206,-3.403,-0.127,14.271,0.0220,0.0620,0.9707,
18.908,IMU,-32.4829,-23.3353,-27.9091,-13.3797,0.0000,26.206,-3.318,-0.116,14.708,-0.0073,0.0132,0.9790,
18.923,ENC,-32.7573,-23.3353,-28.0463,-13.7206,0.0000,26.992,-3.318,-0.116,14.708,-0.0073,0.0132,0.9790,
18.928,IMU,-32.7573,-23.3353,-28.0463,-13.7206,0.0000,26.992,-3.354,-0.112,15.151,0.0278,-0.0166,0.9624,
18.945,ENC,-33.0334,-23.3353,-28.1843,-13.8058,0.0000,27.783,-3.354,-0.112,15.151,0.0278,-0.0166,0.9624,
18.948,IMU,-33.0334,-23.3353,-28.1843,-13.8058,0.0000,27.783,-3.302,-0.059,15.578,0.0630,-0.0093,0.9468,
18.963,ENC,-33.3402,-23.3353,-28.3377,-15.3398,0.0000,28.662,-3.302,-0.059,15.578,0.0630,-0.0093,0.9468,
18.968,IMU,-33.3402,-23.3353,-28.3377,-15.3398,0.0000,28.662,-3.333,-0.074,16.037,0.0938,-0.0200,0.9961,
18.982,ENC,-33.6334,-23.3353,-28.4843,-14.6580,0.0000,29.502,-3.333,-0.074,16.037,0.0938,-0.0200,0.9961,
18.989,IMU,-33.6334,-23.3353,-28.4843,-14.6580,0.0000,29.502,-3.378,-0.089,16.520,0.0952,-0.0024,1.0249,
19.003,ENC,-33.9300,-23.3353,-28.6326,-14.8285,0.0000,30.352,-3.378,-0.089,16.520,0.0952,-0.0024,1.0249,
19.023,ENC,-34.2385,-23.3353,-28.7869,-15.4250,0.0000,31.235,-3.378,-0.089,16.520,0.0952,-0.0024,1.0249,
19.030,IMU,-34.2385,-23.3353,-28.7869,-15.4250,0.0000,31.235,-3.308,-0.083,17.419,0.0469,-0.0015,1.0474,
19.042,ENC,-34.5231,-23.3353,-28.9292,-14.2319,0.0000,32.051,-3.308,-0.083,17.419,0.0469,-0.0015,1.0474,
19.047,IMU,-34.5231,-23.3353,-28.9292,-14.2319,0.0000,32.051,-3.344,-0.057,17.894,0.1304,0.0054,0.9868,
19.063,ENC,-34.7907,-23.3353,-29.0630,-13.3797,0.0000,32.817,-3.344,-0.057,17.894,0.1304,0.0054,0.9868,
19.067,IMU,-34.7907,-23.3353,-29.0630,-13.3797,0.0000,32.817,-3.350,-0.018,18.381,0.0640,-0.0142,1.0796,
19.082,ENC,-35.0429,-23.3353,-29.1891,-12.6127,0.0000,33.540,-3.350,-0.018,18.381,0.0640,-0.0142,1.0796,
19.088,IMU,-35.0429,-23.3353,-29.1891,-12.6127,0.0000,33.540,-3.363,-0.035,18.835,0.0967,-0.0312,0.9507,
19.103,ENC,-35.3020,-23.3353,-29.3186,-12.9536,0.0000,34.282,-3.363,-0.035,18.835,0.0967,-0.0312,0.9507,
19.107,IMU,-35.3020,-23.3353,-29.3186,-12.9536,0.0000,34.282,-3.416,-0.012,19.278,0.0957,0.0068,1.0054,
19.123,ENC,-35.5338,-23.3370,-29.4354,-11.5901,-0.0852,34.941,-3.416,-0.012,19.278,0.0957,0.0068,1.0054,
19.128,IMU,-35.5338,-23.3370,-29.4354,-11.5901,-0.0852,34.941,-3.491,-0.040,19.727,0.0942,-0.0640,1.0059,
19.142,ENC,-35.7724,-23.3370,-29.5547,-11.9310,0.0000,35.625,-3.491,-0.040,19.727,0.0942,-0.0640,1.0059,
19.148,IMU,-35.7724,-23.3370,-29.5547,-11.9310,0.0000,35.625,-3.532,-0.095,20.185,0.0698,-0.0693,1.0063,
19.163,ENC,-36.0196,-23.3370,-29.6783,-12.3571,0.0000,36.333,-3.532,-0.095,20.185,0.0698,-0.0693,1.0063,
19.168,IMU,-36.0196,-23.3370,-29.6783,-12.3571,0.0000,36.333,-3.578,-0.158,20.609,0.0767,-0.0332,1.0459,
19.182,ENC,-36.2599,-23.3387,-29.7993,-12.0162,-0.0852,37.017,-3.578,-0.158,20.609,0.0767,-0.0332,1.0459,
19.187,IMU,-36.2599,-23.3387,-29.7993,-12.0162,-0.0852,37.017,-3.567,-0.058,20.996,0.0566,0.0024,0.9482,
19.203,ENC,-36.5428,-23.3387,-29.9407,-14.1467,0.0000,37.827,-3.567,-0.058,20.996,0.0566,0.0024,0.9482,
19.208,IMU,-36.5428,-23.3387,-29.9407,-14.1467,0.0000,37.827,-3.491,-0.021,21.399,-0.0352,-0.0059,0.9463,
19.223,ENC,-36.8343,-23.3370,-30.0856,-14.5728,0.0852,38.667,-3.491,-0.021,21.399,-0.0352,-0.0059,0.9463,
19.228,IMU,-36.8343,-23.3370,-30.0856,-14.5728,0.0852,38.667,-3.611,-0.009,21.899,0.1450,-0.0151,0.9468,
19.243,ENC,-37.1206,-23.3370,-30.2288,-14.3172,0.0000,39.487,-3.611,-0.009,21.899,0.1450,-0.0151,0.9468,
19.248,IMU,-37.1206,-23.3370,-30.2288,-14.3172,0.0000,39.487,-3.593,-0.025,22.341,0.0439,-0.0181,1.0098,
19.263,ENC,-37.4138,-23.3387,-30.3762,-14.6580,-0.0852,40.322,-3.593,-0.025,22.341,0.0439,-0.0181,1.0098,
19.268,IMU,-37.4138,-23.3387,-30.3762,-14.6580,-0.0852,40.322,-3.555,0.043,22.821,0.0269,0.0317,0.9028,
19.284,ENC,-37.6950,-23.3370,-30.5160,-14.0615,0.0852,41.133,-3.555,0.043,22.821,0.0269,0.0317,0.9028,
19.288,IMU,-37.6950,-23.3370,-30.5160,-14.0615,0.0852,41.133,-3.533,0.047,23.266,0.0400,-0.0254,0.9551,
19.304,ENC,-37.9745,-23.3370,-30.6558,-13.9763,0.0000,41.934,-3.533,0.047,23.266,0.0400,-0.0254,0.9551,
19.308,IMU,-37.9745,-23.3370,-30.6558,-13.9763,0.0000,41.934,-3.578,0.037,23.731,0.0957,-0.0371,1.0654,
19.323,ENC,-38.2336,-23.3370,-30.7853,-12.9536,0.0000,42.676,-3.578,0.037,23.731,0.0957,-0.0371,1.0654,
19.327,IMU,-38.2336,-23.3370,-30.7853,-12.9536,0.0000,42.676,-3.583,0.107,24.249,0.0830,0.0068,1.0444,
19.343,ENC,-38.4876,-23.3370,-30.9123,-12.6980,0.0000,43.403,-3.583,0.107,24.249,0.0830,0.0068,1.0444,
19.347,IMU,-38.4876,-23.3370,-30.9123,-12.6980,0.0000,43.403,-3.583,0.091,24.686,0.0430,-0.0327,0.9580,
19.365,ENC,-38.7467,-23.3370,-31.0418,-12.9536,0.0000,44.146,-3.583,0.091,24.686,0.0430,-0.0327,0.9580,
19.368,IMU,-38.7467,-23.3370,-31.0418,-12.9536,0.0000,44.146,-3.630,0.111,25.098,0.0698,-0.0059,0.9336,
19.391,IMU,-38.7467,-23.3370,-31.0418,-12.9536,0.0000,44.146,-3.655,0.132,25.562,0.0620,0.0200,0.9834,
19.394,ENC,-38.9938,-23.3370,-31.1654,-12.3571,0.0000,44.854,-3.655,0.132,25.562,0.0620,0.0200,0.9834,
19.402,ENC,-39.2495,-23.3370,-31.2932,-12.7832,0.0000,45.586,-3.655,0.132,25.562,0.0620,0.0200,0.9834,
19.408,IMU,-39.2495,-23.3370,-31.2932,-12.7832,0.0000,45.586,-3.649,0.121,25.955,0.0527,-0.0381,1.0762,
19.426,ENC,-39.4915,-23.3370,-31.4142,-12.1014,0.0000,46.279,-3.649,0.121,25.955,0.0527,-0.0381,1.0762,
19.431,IMU,-39.4915,-23.3370,-31.4142,-12.1014,0.0000,46.279,-3.646,0.051,26.369,0.0825,-0.0781,1.0073,
19.442,ENC,-39.7489,-23.3370,-31.5429,-12.8684,0.0000,47.017,-3.646,0.051,26.369,0.0825,-0.0781,1.0073,
19.448,IMU,-39.7489,-23.3370,-31.5429,-12.8684,0.0000,47.017,-3.712,0.036,26.766,0.1035,-0.0537,1.0044,
19.463,ENC,-40.0284,-23.3370,-31.6827,-13.9763,0.0000,47.817,-3.712,0.036,26.766,0.1035,-0.0537,1.0044,
19.468,IMU,-40.0284,-23.3370,-31.6827,-13.9763,0.0000,47.817,-3.736,-0.009,27.183,0.0669,-0.0425,1.0474,
19.483,ENC,-40.3181,-23.3370,-31.8275,-14.4876,0.0000,48.647,-3.736,-0.009,27.183,0.0669,-0.0425,1.0474,
19.489,IMU,-40.3181,-23.3370,-31.8275,-14.4876,0.0000,48.647,-3.725,0.064,27.671,0.0361,0.0054,0.9624,
19.502,ENC,-40.6079,-23.3370,-31.9724,-14.4876,0.0000,49.478,-3.725,0.064,27.671,0.0361,0.0054,0.9624,
19.508,IMU,-40.6079,-23.3370,-31.9724,-14.4876,0.0000,49.478,-3.794,0.007,28.112,0.0825,-0.0947,1.0073,
19.524,ENC,-40.8976,-23.3370,-32.1173,-14.4876,0.0000,50.308,-3.794,0.007,28.112,0.0825,-0.0947,1.0073,
19.529,IMU,-40.8976,-23.3370,-32.1173,-14.4876,0.0000,50.308,-3.849,0.045,28.571,0.1226,-0.0200,0.9741,
19.543,ENC,-41.1993,-23.3370,-32.2681,-15.0841,0.0000,51.172,-3.849,0.045,28.571,0.1226,-0.0200,0.9741,
19.548,IMU,-41.1993,-23.3370,-32.2681,-15.0841,0.0000,51.172,-3.799,-0.040,29.032,0.0444,-0.0967,0.9546,
19.562,ENC,-41.4703,-23.3370,-32.4036,-13.5502,0.0000,51.948,-3.799,-0.040,29.032,0.0444,-0.0967,0.9546,
19.570,IMU,-41.4703,-23.3370,-32.4036,-13.5502,0.0000,51.948,-3.824,-0.177,29.465,0.0889,-0.1045,1.0591,
19.583,ENC,-41.7311,-23.3370,-32.5340,-13.0388,0.0000,52.695,-3.824,-0.177,29.465,0.0889,-0.1045,1.0591,
19.588,IMU,-41.7311,-23.3370,-32.5340,-13.0388,0.0000,52.695,-3.873,-0.232,29.943,0.0977,-0.0640,1.0273,
19.603,ENC,-41.9748,-23.3370,-32.6559,-12.1866,0.0000,53.394,-3.873,-0.232,29.943,0.0977,-0.0640,1.0273,
19.608,IMU,-41.9748,-23.3370,-32.6559,-12.1866,0.0000,53.394,-3.847,-0.188,30.438,-0.0205,-0.0376,1.1172,
19.624,ENC,-42.2271,-23.3370,-32.7820,-12.6127,0.0000,54.116,-3.847,-0.188,30.438,-0.0205,-0.0376,1.1172,
19.627,IMU,-42.2271,-23.3370,-32.7820,-12.6127,0.0000,54.116,-3.848,-0.239,30.890,0.0723,-0.0518,0.9771,
19.643,ENC,-42.4691,-23.3370,-32.9030,-12.1014,0.0000,54.810,-3.848,-0.239,30.890,0.0723,-0.0518,0.9771,
19.648,IMU,-42.4691,-23.3370,-32.9030,-12.1014,0.0000,54.810,-3.854,-0.239,31.370,0.0854,-0.0117,1.0269,
19.662,ENC,-42.6992,-23.3370,-33.0181,-11.5049,0.0000,55.469,-3.854,-0.239,31.370,0.0854,-0.0117,1.0269,
19.668,IMU,-42.6992,-23.3370,-33.0181,-11.5049,0.0000,55.469,-3.859,-0.254,31.798,0.0645,-0.0630,1.0684,
19.682,ENC,-42.9361,-23.3387,-33.1374,-11.8457,-0.0852,56.143,-3.859,-0.254,31.798,0.0645,-0.0630,1.0684,
19.688,IMU,-42.9361,-23.3387,-33.1374,-11.8457,-0.0852,56.143,-3.824,-0.281,32.274,0.0371,-0.0723,1.0020,
19.703,ENC,-43.1952,-23.3370,-33.2661,-12.9536,0.0852,56.890,-3.824,-0.281,32.274,0.0371,-0.0723,1.0020,
19.707,IMU,-43.1952,-23.3370,-33.2661,-12.9536,0.0852,56.890,-3.714,-0.299,32.758,0.0117,0.0034,0.9937,
19.729,IMU,-43.1952,-23.3370,-33.2661,-12.9536,0.0852,56.890,-3.705,-0.263,33.165,0.1016,-0.0151,0.9014,
19.743,ENC,-43.7474,-23.3387,-33.5430,-13.8058,-0.0426,58.467,-3.705,-0.263,33.165,0.1016,-0.0151,0.9014,
19.748,IMU,-43.7474,-23.3387,-33.5430,-13.8058,-0.0426,58.467,-3.631,-0.254,33.615,-0.0034,-0.0508,1.0049,
19.764,ENC,-44.0474,-23.3387,-33.6930,-14.9989,0.0000,59.326,-3.631,-0.254,33.615,-0.0034,-0.0508,1.0049,
19.768,IMU,-44.0474,-23.3387,-33.6930,-14.9989,0.0000,59.326,-3.739,-0.263,34.069,0.1279,-0.0210,0.9263,
19.782,ENC,-44.3320,-23.3387,-33.8354,-14.2319,0.0000,60.142,-3.739,-0.263,34.069,0.1279,-0.0210,0.9263,
19.787,IMU,-44.3320,-23.3387,-33.8354,-14.2319,0.0000,60.142,-3.798,-0.235,34.579,0.1108,0.0259,0.8706,
19.803,ENC,-44.6269,-23.3370,-33.9819,-14.7433,0.0852,60.991,-3.798,-0.235,34.579,0.1108,0.0259,0.8706,
19.808,IMU,-44.6269,-23.3370,-33.9819,-14.7433,0.0852,60.991,-3.786,-0.245,35.004,0.0566,-0.0337,1.0010,
19.823,ENC,-44.9115,-23.3370,-34.1243,-14.2319,0.0000,61.807,-3.786,-0.245,35.004,0.0566,-0.0337,1.0010,
19.830,IMU,-44.9115,-23.3370,-34.1243,-14.2319,0.0000,61.807,-3.883,-0.252,35.455,0.1338,-0.0132,1.0015,
19.843,ENC,-45.1706,-23.3387,-34.2546,-12.9536,-0.0852,62.544,-3.883,-0.252,35.455,0.1338,-0.0132,1.0015,
19.865,ENC,-45.4348,-23.3370,-34.3859,-13.2093,0.0852,63.306,-3.883,-0.252,35.455,0.1338,-0.0132,1.0015,
19.868,IMU,-45.4348,-23.3370,-34.3859,-13.2093,0.0852,63.306,-4.024,-0.269,36.375,0.0205,-0.0488,1.1123,
19.882,ENC,-45.6802,-23.3370,-34.5086,-12.2718,0.0000,64.009,-4.024,-0.269,36.375,0.0205,-0.0488,1.1123,
19.888,IMU,-45.6802,-23.3370,-34.5086,-12.2718,0.0000,64.009,-4.033,-0.306,36.863,0.0796,-0.0518,1.1821,
19.903,ENC,-45.9291,-23.3387,-34.6339,-12.4423,-0.0852,64.717,-4.033,-0.306,36.863,0.0796,-0.0518,1.1821,
19.908,IMU,-45.9291,-23.3387,-34.6339,-12.4423,-0.0852,64.717,-3.999,-0.314,37.320,0.0742,-0.0444,1.0840,
19.923,ENC,-46.1711,-23.3370,-34.7540,-12.1014,0.0852,65.415,-3.999,-0.314,37.320,0.0742,-0.0444,1.0840,
19.927,IMU,-46.1711,-23.3370,-34.7540,-12.1014,0.0852,65.415,-3.932,-0.224,37.786,0.0347,0.0200,0.9443,
19.943,ENC,-46.4234,-23.3370,-34.8802,-12.6127,0.0000,66.138,-3.932,-0.224,37.786,0.0347,0.0200,0.9443,
19.963,ENC,-46.6790,-23.3370,-35.0080,-12.7832,0.0000,66.870,-3.932,-0.224,37.786,0.0347,0.0200,0.9443,
19.968,IMU,-46.6790,-23.3370,-35.0080,-12.7832,0.0000,66.870,-3.968,-0.254,38.587,0.1187,-0.0522,1.0518,
19.982,ENC,-46.9517,-23.3387,-35.1452,-13.6354,-0.0852,67.646,-3.968,-0.254,38.587,0.1187,-0.0522,1.0518,
19.988,IMU,-46.9517,-23.3387,-35.1452,-13.6354,-0.0852,67.646,-3.827,-0.205,39.002,-0.0073,0.0352,1.0171,
20.003,ENC,-47.2381,-23.3387,-35.2884,-14.3172,0.0000,68.467,-3.827,-0.205,39.002,-0.0073,0.0352,1.0171,
20.012,IMU,-47.2381,-23.3387,-35.2884,-14.3172,0.0000,68.467,-3.825,-0.214,39.425,0.1191,-0.0112,0.9287,
20.023,ENC,-47.5330,-23.3387,-35.4358,-14.7433,0.0000,69.312,-3.825,-0.214,39.425,0.1191,-0.0112,0.9287,
20.027,IMU,-47.5330,-23.3387,-35.4358,-14.7433,0.0000,69.312,-3.782,-0.187,39.871,0.0239,0.0010,0.9268,
20.042,ENC,-47.8193,-23.3387,-35.5790,-14.3172,0.0000,70.132,-3.782,-0.187,39.871,0.0239,0.0010,0.9268,
20.048,IMU,-47.8193,-23.3387,-35.5790,-14.3172,0.0000,70.132,-3.666,-0.140,40.322,-0.0107,0.0269,0.9932,
20.063,ENC,-48.1193,-23.3387,-35.7290,-14.9989,0.0000,70.991,-3.666,-0.140,40.322,-0.0107,0.0269,0.9932,
20.070,IMU,-48.1193,-23.3387,-35.7290,-14.9989,0.0000,70.991,-3.616,-0.150,40.755,-0.0103,-0.0430,0.9849,
20.082,ENC,-48.3971,-23.3387,-35.8679,-13.8910,0.0000,71.787,-3.616,-0.150,40.755,-0.0103,-0.0430,0.9849,
20.089,IMU,-48.3971,-23.3387,-35.8679,-13.8910,0.0000,71.787,-3.587,-0.093,41.222,0.0259,0.0225,0.9917,
20.102,ENC,-48.6817,-23.3387,-36.0102,-14.2319,0.0000,72.603,-3.587,-0.093,41.222,0.0259,0.0225,0.9917,
20.107,IMU,-48.6817,-23.3387,-36.0102,-14.2319,0.0000,72.603,-3.491,-0.004,41.696,0.0034,0.0200,0.9116,
20.123,ENC,-48.9357,-23.3387,-36.1372,-12.6980,0.0000,73.330,-3.491,-0.004,41.696,0.0034,0.0200,0.9116,
20.128,IMU,-48.9357,-23.3387,-36.1372,-12.6980,0.0000,73.330,-3.479,0.025,42.118,0.0532,-0.0132,0.8755,
20.142,ENC,-49.1828,-23.3387,-36.2607,-12.3571,0.0000,74.038,-3.479,0.025,42.118,0.0532,-0.0132,0.8755,
20.147,IMU,-49.1828,-23.3387,-36.2607,-12.3571,0.0000,74.038,-3.539,0.067,42.573,0.1387,0.0020,0.9331,
20.163,ENC,-49.4232,-23.3387,-36.3809,-12.0162,0.0000,74.727,-3.539,0.067,42.573,0.1387,0.0020,0.9331,
20.182,ENC,-49.6584,-23.3387,-36.4985,-11.7605,0.0000,75.400,-3.539,0.067,42.573,0.1387,0.0020,0.9331,
20.187,IMU,-49.6584,-23.3387,-36.4985,-11.7605,0.0000,75.400,-3.528,0.064,43.570,0.0396,-0.0083,1.0620,
20.202,ENC,-49.8953,-23.3387,-36.6170,-11.8457,0.0000,76.079,-3.528,0.064,43.570,0.0396,-0.0083,1.0620,
20.208,IMU,-49.8953,-23.3387,-36.6170,-11.8457,0.0000,76.079,-3.643,0.068,44.004,0.1396,-0.0181,0.9438,
20.223,ENC,-50.1544,-23.3387,-36.7465,-12.9536,0.0000,76.821,-3.643,0.068,44.004,0.1396,-0.0181,0.9438,
20.228,IMU,-50.1544,-23.3387,-36.7465,-12.9536,0.0000,76.821,-3.690,0.038,44.450,0.0732,-0.0508,1.0898,
20.242,ENC,-50.4134,-23.3387,-36.8760,-12.9536,0.0000,77.563,-3.690,0.038,44.450,0.0732,-0.0508,1.0898,
20.249,IMU,-50.4134,-23.3387,-36.8760,-12.9536,0.0000,77.563,-3.621,-0.015,44.936,0.0352,-0.0811,1.0156,
20.263,ENC,-50.7032,-23.3387,-37.0209,-14.4876,0.0000,78.394,-3.621,-0.015,44.936,0.0352,-0.0811,1.0156,
20.270,IMU,-50.7032,-23.3387,-37.0209,-14.4876,0.0000,78.394,-3.599,0.000,45.389,0.0210,-0.0078,0.9819,
20.293,ENC,-50.9895,-23.3387,-37.1641,-14.3172,0.0000,79.214,-3.599,0.000,45.389,0.0210,-0.0078,0.9819,
20.303,ENC,-51.2912,-23.3387,-37.3149,-15.0841,0.0000,80.078,-3.599,0.000,45.389,0.0210,-0.0078,0.9819,
20.307,IMU,-51.2912,-23.3387,-37.3149,-15.0841,0.0000,80.078,-3.584,0.145,46.330,0.0518,0.0288,0.9644,
20.323,ENC,-51.5878,-23.3387,-37.4632,-14.8285,0.0000,80.928,-3.584,0.145,46.330,0.0518,0.0288,0.9644,
20.328,IMU,-51.5878,-23.3387,-37.4632,-14.8285,0.0000,80.928,-3.570,0.153,46.804,0.0767,0.0068,1.0386,
20.343,ENC,-51.8707,-23.3387,-37.6047,-14.1467,0.0000,81.738,-3.570,0.153,46.804,0.0767,0.0068,1.0386,
20.349,IMU,-51.8707,-23.3387,-37.6047,-14.1467,0.0000,81.738,-3.615,0.097,47.240,0.1221,-0.0034,0.9658,
20.375,IMU,-51.8707,-23.3387,-37.6047,-14.1467,0.0000,81.738,-3.485,0.169,47.656,0.0186,0.0317,0.9941,
20.383,ENC,-52.4178,-23.3387,-37.8782,-13.6780,0.0000,83.306,-3.485,0.169,47.656,0.0186,0.0317,0.9941,
20.391,IMU,-52.4178,-23.3387,-37.8782,-13.6780,0.0000,83.306,-3.509,0.227,48.129,0.0752,0.0229,0.9985,
20.403,ENC,-52.6820,-23.3387,-38.0103,-13.2093,0.0000,84.062,-3.509,0.227,48.129,0.0752,0.0229,0.9985,
20.428,ENC,-52.9394,-23.3387,-38.1390,-12.8684,0.0000,84.800,-3.509,0.227,48.129,0.0752,0.0229,0.9985,
20.431,IMU,-52.9394,-23.3387,-38.1390,-12.8684,0.0000,84.800,-3.529,0.322,49.009,0.0444,-0.0293,0.9644,
20.443,ENC,-53.2019,-23.3404,-38.2711,-13.1241,-0.0852,85.547,-3.529,0.322,49.009,0.0444,-0.0293,0.9644,
20.448,IMU,-53.2019,-23.3404,-38.2711,-13.1241,-0.0852,85.547,-3.556,0.342,49.457,0.1104,-0.0386,0.9517,
20.468,ENC,-53.4660,-23.3387,-38.4024,-13.2093,0.0852,86.309,-3.556,0.342,49.457,0.1104,-0.0386,0.9517,
20.471,IMU,-53.4660,-23.3387,-38.4024,-13.2093,0.0852,86.309,-3.478,0.408,49.922,0.0166,0.0396,0.9038,
20.486,ENC,-53.7422,-23.3387,-38.5404,-13.8058,0.0000,87.100,-3.478,0.408,49.922,0.0166,0.0396,0.9038,
20.488,IMU,-53.7422,-23.3387,-38.5404,-13.8058,0.0000,87.100,-3.363,0.388,50.329,0.0254,-0.0229,0.8862,
20.503,ENC,-54.0456,-23.3387,-38.6921,-15.1694,0.0000,87.969,-3.363,0.388,50.329,0.0254,-0.0229,0.8862,
20.510,IMU,-54.0456,-23.3387,-38.6921,-15.1694,0.0000,87.969,-3.414,0.381,50.756,0.0903,-0.0176,1.0264,
20.523,ENC,-54.3455,-23.3404,-38.8430,-14.9989,-0.0852,88.823,-3.414,0.381,50.756,0.0903,-0.0176,1.0264,
20.528,IMU,-54.3455,-23.3404,-38.8430,-14.9989,-0.0852,88.823,-3.327,0.353,51.210,0.0640,-0.0581,1.0322,
20.546,ENC,-54.6489,-23.3404,-38.9946,-15.1694,0.0000,89.692,-3.327,0.353,51.210,0.0640,-0.0581,1.0322,
20.550,IMU,-54.6489,-23.3404,-38.9946,-15.1694,0.0000,89.692,-3.350,0.344,51.654,0.1011,-0.0386,1.0146,
20.566,ENC,-54.9336,-23.3404,-39.1370,-14.2319,0.0000,90.508,-3.350,0.344,51.654,0.1011,-0.0386,1.0146,
20.568,IMU,-54.9336,-23.3404,-39.1370,-14.2319,0.0000,90.508,-3.241,0.295,52.121,0.0220,-0.0547,1.0718,
20.583,ENC,-55.2131,-23.3404,-39.2767,-13.9763,0.0000,91.309,-3.241,0.295,52.121,0.0220,-0.0547,1.0718,
20.588,IMU,-55.2131,-23.3404,-39.2767,-13.9763,0.0000,91.309,-3.293,0.209,52.547,0.1108,-0.0850,0.9238,
20.603,ENC,-55.4722,-23.3404,-39.4063,-12.9536,0.0000,92.051,-3.293,0.209,52.547,0.1108,-0.0850,0.9238,
20.608,IMU,-55.4722,-23.3404,-39.4063,-12.9536,0.0000,92.051,-3.336,0.231,53.009,0.0342,0.0034,1.0059,
20.623,ENC,-55.7380,-23.3404,-39.5392,-13.2945,0.0000,92.812,-3.336,0.231,53.009,0.0342,0.0034,1.0059,
20.628,IMU,-55.7380,-23.3404,-39.5392,-13.2945,0.0000,92.812,-3.350,0.264,53.458,0.0693,0.0020,0.9766,
20.643,ENC,-56.0090,-23.3404,-39.6747,-13.5502,0.0000,93.589,-3.350,0.264,53.458,0.0693,0.0020,0.9766,
20.650,IMU,-56.0090,-23.3404,-39.6747,-13.5502,0.0000,93.589,-3.311,0.313,53.924,0.0010,0.0225,0.9600,
20.662,ENC,-56.2426,-23.3404,-39.7915,-11.6753,0.0000,94.258,-3.311,0.313,53.924,0.0010,0.0225,0.9600,
20.669,IMU,-56.2426,-23.3404,-39.7915,-11.6753,0.0000,94.258,-3.367,0.355,54.380,0.0913,0.0156,1.0283,
20.682,ENC,-56.4982,-23.3404,-39.9193,-12.7832,0.0000,94.990,-3.367,0.355,54.380,0.0913,0.0156,1.0283,
20.688,IMU,-56.4982,-23.3404,-39.9193,-12.7832,0.0000,94.990,-3.314,0.304,54.796,-0.0049,-0.0361,1.0479,
20.703,ENC,-56.7658,-23.3387,-40.0522,-13.3797,0.0852,95.762,-3.314,0.304,54.796,-0.0049,-0.0361,1.0479,
20.708,IMU,-56.7658,-23.3387,-40.0522,-13.3797,0.0852,95.762,-3.205,0.307,55.269,-0.0161,0.0103,1.0278,
20.723,ENC,-57.0300,-23.3387,-40.1843,-13.2093,0.0000,96.519,-3.205,0.307,55.269,-0.0161,0.0103,1.0278,
20.728,IMU,-57.0300,-23.3387,-40.1843,-13.2093,0.0000,96.519,-3.179,0.356,55.758,0.0200,0.0083,1.0195,
20.743,ENC,-57.2959,-23.3387,-40.3173,-13.2945,0.0000,97.280,-3.179,0.356,55.758,0.0200,0.0083,1.0195,
20.747,IMU,-57.2959,-23.3387,-40.3173,-13.2945,0.0000,97.280,-3.226,0.386,56.159,0.1396,0.0190,1.0039,
20.762,ENC,-57.5703,-23.3387,-40.4545,-13.7206,0.0000,98.066,-3.226,0.386,56.159,0.1396,0.0190,1.0039,
20.768,IMU,-57.5703,-23.3387,-40.4545,-13.7206,0.0000,98.066,-3.170,0.339,56.621,0.0239,-0.0459,1.0366,
20.784,ENC,-57.8771,-23.3404,-40.6087,-15.3398,-0.0852,98.940,-3.170,0.339,56.621,0.0239,-0.0459,1.0366,
20.788,IMU,-57.8771,-23.3404,-40.6087,-15.3398,-0.0852,98.940,-3.214,0.274,57.095,0.0879,-0.0771,1.0342,
20.803,ENC,-58.1907,-23.3404,-40.7655,-15.6807,0.0000,99.839,-3.214,0.274,57.095,0.0879,-0.0771,1.0342,
20.807,IMU,-58.1907,-23.3404,-40.7655,-15.6807,0.0000,99.839,-3.218,0.183,57.556,0.0596,-0.0742,0.9590,
20.822,ENC,-58.4958,-23.3387,-40.9172,-15.2546,0.0852,100.718,-3.218,0.183,57.556,0.0596,-0.0742,0.9590,
20.827,IMU,-58.4958,-23.3387,-40.9172,-15.2546,0.0852,100.718,-3.108,0.217,58.082,0.0142,0.0151,0.8892,
20.843,ENC,-58.8009,-23.3387,-41.0698,-15.2546,0.0000,101.592,-3.108,0.217,58.082,0.0142,0.0151,0.8892,
20.848,IMU,-58.8009,-23.3387,-41.0698,-15.2546,0.0000,101.592,-3.016,0.139,58.504,-0.0054,-0.0596,1.0146,
20.863,ENC,-59.0634,-23.3404,-41.2019,-13.1241,-0.0852,102.339,-3.016,0.139,58.504,-0.0054,-0.0596,1.0146,
20.867,IMU,-59.0634,-23.3404,-41.2019,-13.1241,-0.0852,102.339,-2.968,0.159,58.965,-0.0098,-0.0420,0.9995,
20.883,ENC,-59.3293,-23.3387,-41.3340,-13.2945,0.0852,103.105,-2.968,0.159,58.965,-0.0098,-0.0420,0.9995,
20.895,IMU,-59.3293,-23.3387,-41.3340,-13.2945,0.0852,103.105,-3.012,0.160,59.463,0.0801,-0.0063,1.0171,
20.903,ENC,-59.6122,-23.3404,-41.4763,-14.1467,-0.0852,103.911,-3.012,0.160,59.463,0.0801,-0.0063,1.0171,
20.907,IMU,-59.6122,-23.3404,-41.4763,-14.1467,-0.0852,103.911,-3.123,0.072,59.881,0.1016,-0.1099,1.1182,
20.922,ENC,-59.8764,-23.3404,-41.6084,-13.2093,0.0000,104.668,-3.123,0.072,59.881,0.1016,-0.1099,1.1182,
20.928,IMU,-59.8764,-23.3404,-41.6084,-13.2093,0.0000,104.668,-3.173,0.231,60.353,0.0850,0.0796,0.8799,
20.943,ENC,-60.1457,-23.3404,-41.7430,-13.4649,0.0000,105.439,-3.173,0.231,60.353,0.0850,0.0796,0.8799,
20.948,IMU,-60.1457,-23.3404,-41.7430,-13.4649,0.0000,105.439,-3.148,0.165,60.798,0.0464,-0.0898,1.0259,
20.962,ENC,-60.4099,-23.3404,-41.8751,-13.2093,0.0000,106.196,-3.148,0.165,60.798,0.0464,-0.0898,1.0259,
20.968,IMU,-60.4099,-23.3404,-41.8751,-13.2093,0.0000,106.196,-3.201,0.197,61.233,0.0957,0.0083,0.9653,
20.983,ENC,-60.6928,-23.3404,-42.0166,-14.1467,0.0000,107.007,-3.201,0.197,61.233,0.0957,0.0083,0.9653,
20.988,IMU,-60.6928,-23.3404,-42.0166,-14.1467,0.0000,107.007,-3.279,0.246,61.657,0.0400,0.0059,0.9424,
21.003,ENC,-60.9774,-23.3387,-42.1581,-14.2319,0.0852,107.827,-3.279,0.246,61.657,0.0400,0.0059,0.9424,
21.008,IMU,-60.9774,-23.3387,-42.1581,-14.2319,0.0852,107.827,-3.269,0.266,62.095,0.0532,-0.0122,0.9512,
21.022,ENC,-61.2553,-23.3404,-42.2978,-13.8910,-0.0852,108.618,-3.269,0.266,62.095,0.0532,-0.0122,0.9512,
21.027,IMU,-61.2553,-23.3404,-42.2978,-13.8910,-0.0852,108.618,-3.183,0.410,62.614,0.0283,0.0703,0.9097,
21.044,ENC,-61.5621,-23.3387,-42.4504,-15.3398,0.0852,109.502,-3.183,0.410,62.614,0.0283,0.0703,0.9097,
21.048,IMU,-61.5621,-23.3387,-42.4504,-15.3398,0.0852,109.502,-3.147,0.380,63.106,0.0605,-0.0337,1.0107,
21.063,ENC,-61.8859,-23.3404,-42.6131,-16.1920,-0.0852,110.425,-3.147,0.380,63.106,0.0605,-0.0337,1.0107,
21.067,IMU,-61.8859,-23.3404,-42.6131,-16.1920,-0.0852,110.425,-3.084,0.446,63.570,0.0229,0.0400,1.0498,
21.083,ENC,-62.1910,-23.3404,-42.7657,-15.2546,0.0000,111.299,-3.084,0.446,63.570,0.0229,0.0400,1.0498,
21.088,IMU,-62.1910,-23.3404,-42.7657,-15.2546,0.0000,111.299,-3.030,0.432,64.054,0.0215,-0.0312,1.0483,
21.103,ENC,-62.4535,-23.3404,-42.8969,-13.1241,0.0000,112.051,-3.030,0.432,64.054,0.0215,-0.0312,1.0483,
21.110,IMU,-62.4535,-23.3404,-42.8969,-13.1241,0.0000,112.051,-3.086,0.426,64.540,0.0659,-0.0659,1.0518,
21.122,ENC,-62.7142,-23.3387,-43.0265,-13.0388,0.0852,112.803,-3.086,0.426,64.540,0.0659,-0.0659,1.0518,
21.128,IMU,-62.7142,-23.3387,-43.0265,-13.0388,0.0852,112.803,-2.997,0.577,64.899,-0.0078,0.0566,0.9653,
21.143,ENC,-62.9460,-23.3387,-43.1424,-11.5901,0.0000,113.467,-2.997,0.577,64.899,-0.0078,0.0566,0.9653,
21.149,IMU,-62.9460,-23.3387,-43.1424,-11.5901,0.0000,113.467,-3.031,0.475,65.361,0.1128,-0.0732,0.9297,
21.163,ENC,-63.1966,-23.3404,-43.2685,-12.5275,-0.0852,114.180,-3.031,0.475,65.361,0.1128,-0.0732,0.9297,
21.168,IMU,-63.1966,-23.3404,-43.2685,-12.5275,-0.0852,114.180,-3.040,0.402,65.770,0.0337,-0.0591,1.2729,
21.183,ENC,-63.4437,-23.3404,-43.3921,-12.3571,0.0000,114.888,-3.040,0.402,65.770,0.0337,-0.0591,1.2729,
21.188,IMU,-63.4437,-23.3404,-43.3921,-12.3571,0.0000,114.888,-2.983,0.337,66.206,0.0063,-0.0776,0.9204,
21.203,ENC,-63.6636,-23.3404,-43.5020,-10.9935,0.0000,115.518,-2.983,0.337,66.206,0.0063,-0.0776,0.9204,
21.208,IMU,-63.6636,-23.3404,-43.5020,-10.9935,0.0000,115.518,-2.954,0.323,66.626,0.0229,-0.0239,1.0586,
21.223,ENC,-63.8886,-23.3404,-43.6145,-11.2492,0.0000,116.162,-2.954,0.323,66.626,0.0229,-0.0239,1.0586,
21.227,IMU,-63.8886,-23.3404,-43.6145,-11.2492,0.0000,116.162,-2.921,0.309,67.063,0.0425,-0.0347,0.9414,
21.243,ENC,-64.1443,-23.3404,-43.7423,-12.7832,0.0000,116.895,-2.921,0.309,67.063,0.0425,-0.0347,0.9414,
21.248,IMU,-64.1443,-23.3404,-43.7423,-12.7832,0.0000,116.895,-2.800,0.315,67.514,-0.0508,-0.0234,1.0327,
21.262,ENC,-64.4067,-23.3404,-43.8736,-13.1241,0.0000,117.646,-2.800,0.315,67.514,-0.0508,-0.0234,1.0327,
21.267,IMU,-64.4067,-23.3404,-43.8736,-13.1241,0.0000,117.646,-2.824,0.209,68.016,0.0479,-0.0835,1.0786,
21.283,ENC,-64.6880,-23.3404,-44.0142,-14.0615,0.0000,118.452,-2.824,0.209,68.016,0.0479,-0.0835,1.0786,
21.288,IMU,-64.6880,-23.3404,-44.0142,-14.0615,0.0000,118.452,-2.922,0.236,68.464,0.1411,-0.0122,1.1079,
21.303,ENC,-64.9692,-23.3404,-44.1548,-14.0615,0.0000,119.258,-2.922,0.236,68.464,0.1411,-0.0122,1.1079,
21.307,IMU,-64.9692,-23.3404,-44.1548,-14.0615,0.0000,119.258,-2.836,0.288,68.965,0.0020,0.0044,0.9746,
21.322,ENC,-65.2590,-23.3404,-44.2997,-14.4876,0.0000,120.088,-2.836,0.288,68.965,0.0020,0.0044,0.9746,
21.328,IMU,-65.2590,-23.3404,-44.2997,-14.4876,0.0000,120.088,-2.868,0.279,69.377,0.0977,-0.0347,0.9590,
21.343,ENC,-65.5419,-23.3404,-44.4411,-14.1467,0.0000,120.898,-2.868,0.279,69.377,0.0977,-0.0347,0.9590,
21.348,IMU,-65.5419,-23.3404,-44.4411,-14.1467,0.0000,120.898,-2.886,0.341,69.837,0.0679,-0.0386,0.9580,
21.365,ENC,-65.8061,-23.3404,-44.5732,-13.2093,0.0000,121.655,-2.886,0.341,69.837,0.0679,-0.0386,0.9580,
21.383,ENC,-66.0805,-23.3404,-44.7104,-13.7206,0.0000,122.441,-2.886,0.341,69.837,0.0679,-0.0386,0.9580,
21.388,IMU,-66.0805,-23.3404,-44.7104,-13.7206,0.0000,122.441,-2.948,0.439,70.645,0.0498,-0.0010,0.9385,
21.403,ENC,-66.3361,-23.3404,-44.8383,-12.7832,0.0000,123.174,-2.948,0.439,70.645,0.0498,-0.0010,0.9385,
21.408,IMU,-66.3361,-23.3404,-44.8383,-12.7832,0.0000,123.174,-2.896,0.501,71.137,-0.0117,0.0127,1.0396,
21.423,ENC,-66.5679,-23.3404,-44.9542,-11.5901,0.0000,123.838,-2.896,0.501,71.137,-0.0117,0.0127,1.0396,
21.427,IMU,-66.5679,-23.3404,-44.9542,-11.5901,0.0000,123.838,-2.851,0.456,71.574,0.0161,-0.0405,0.9575,
21.443,ENC,-66.8151,-23.3404,-45.0777,-12.3571,0.0000,124.546,-2.851,0.456,71.574,0.0161,-0.0405,0.9575,
21.448,IMU,-66.8151,-23.3404,-45.0777,-12.3571,0.0000,124.546,-2.814,0.488,72.013,-0.0146,0.0254,0.9771,
21.462,ENC,-67.0333,-23.3421,-45.1877,-10.9083,-0.0852,125.166,-2.814,0.488,72.013,-0.0146,0.0254,0.9771,
21.468,IMU,-67.0333,-23.3421,-45.1877,-10.9083,-0.0852,125.166,-2.852,0.350,72.391,0.1118,-0.0928,0.9575,
21.483,ENC,-67.2497,-23.3421,-45.2959,-10.8231,0.0000,125.786,-2.852,0.350,72.391,0.1118,-0.0928,0.9575,
21.490,IMU,-67.2497,-23.3421,-45.2959,-10.8231,0.0000,125.786,-2.900,0.309,72.756,0.0767,-0.0547,1.0283,
21.503,ENC,-67.4457,-23.3455,-45.3956,-9.8004,-0.1704,126.338,-2.900,0.309,72.756,0.0767,-0.0547,1.0283,
21.508,IMU,-67.4457,-23.3455,-45.3956,-9.8004,-0.1704,126.338,-3.009,0.223,73.060,0.1211,-0.0986,0.9370,
21.523,ENC,-67.6196,-23.3455,-45.4825,-8.6926,0.0000,126.836,-3.009,0.223,73.060,0.1211,-0.0986,0.9370,
21.528,IMU,-67.6196,-23.3455,-45.4825,-8.6926,0.0000,126.836,-3.065,0.186,73.289,0.1099,-0.0645,0.9629,
21.543,ENC,-67.7798,-23.3489,-45.5643,-8.0108,-0.1704,127.285,-3.065,0.186,73.289,0.1099,-0.0645,0.9629,
21.549,IMU,-67.7798,-23.3489,-45.5643,-8.0108,-0.1704,127.285,-3.119,0.107,73.520,0.0933,-0.0684,0.9893,
21.562,ENC,-67.9059,-23.3506,-45.6283,-6.3064,-0.0852,127.642,-3.119,0.107,73.520,0.0933,-0.0684,0.9893,
21.583,ENC,-68.0116,-23.3591,-45.6854,-5.2837,-0.4261,127.920,-3.119,0.107,73.520,0.0933,-0.0684,0.9893,
21.587,IMU,-68.0116,-23.3591,-45.6854,-5.2837,-0.4261,127.920,-3.198,0.084,73.672,0.1348,-0.1006,0.9961,
21.602,ENC,-68.0832,-23.3915,-45.7373,-3.5793,-1.6192,128.032,-3.198,0.084,73.672,0.1348,-0.1006,0.9961,
21.609,IMU,-68.0832,-23.3915,-45.7373,-3.5793,-1.6192,128.032,-3.374,-0.082,73.659,0.1694,-0.1265,0.9575,
21.623,ENC,-68.1207,-23.4239,-45.7723,-1.8749,-1.6192,128.047,-3.374,-0.082,73.659,0.1694,-0.1265,0.9575,
21.629,IMU,-68.1207,-23.4239,-45.7723,-1.8749,-1.6192,128.047,-3.506,-0.198,73.594,0.1597,-0.1108,0.9839,
21.643,ENC,-68.1224,-23.4546,-45.7885,-0.0852,-1.5340,127.964,-3.506,-0.198,73.594,0.1597,-0.1108,0.9839,
21.648,IMU,-68.1224,-23.4546,-45.7885,-0.0852,-1.5340,127.964,-3.518,-0.327,73.517,0.0566,-0.1040,1.0063,
21.662,ENC,-68.1173,-23.4852,-45.8013,0.2557,-1.5340,127.861,-3.518,-0.327,73.517,0.0566,-0.1040,1.0063,
21.669,IMU,-68.1173,-23.4852,-45.8013,0.2557,-1.5340,127.861,-3.362,-0.373,73.453,-0.0347,-0.0894,0.9775,
21.683,ENC,-68.1087,-23.4972,-45.8030,0.4261,-0.5965,127.803,-3.362,-0.373,73.453,-0.0347,-0.0894,0.9775,
21.688,IMU,-68.1087,-23.4972,-45.8030,0.4261,-0.5965,127.803,-3.309,-0.388,73.467,0.0107,-0.0361,1.0063,
21.703,ENC,-68.1053,-23.4972,-45.8013,0.1704,0.0000,127.793,-3.309,-0.388,73.467,0.0107,-0.0361,1.0063,
21.713,IMU,-68.1053,-23.4972,-45.8013,0.1704,0.0000,127.793,-3.319,-0.425,73.483,0.0767,-0.0352,0.9810,
21.722,ENC,-68.1053,-23.4904,-45.7978,0.0000,0.3409,127.812,-3.319,-0.425,73.483,0.0767,-0.0352,0.9810,
21.728,IMU,-68.1053,-23.4904,-45.7978,0.0000,0.3409,127.812,-3.388,-0.445,73.513,0.1196,-0.0210,0.9824,
21.743,ENC,-68.1002,-23.4767,-45.7885,0.2557,0.6818,127.837,-3.388,-0.445,73.513,0.1196,-0.0210,0.9824,
21.752,IMU,-68.1002,-23.4767,-45.7885,0.2557,0.6818,127.837,-3.322,-0.584,73.541,0.0269,-0.0879,1.0029,
21.762,ENC,-68.0951,-23.4392,-45.7672,0.2557,1.8749,127.930,-3.322,-0.584,73.541,0.0269,-0.0879,1.0029,
21.768,IMU,-68.0951,-23.4392,-45.7672,0.2557,1.8749,127.930,-3.293,-0.609,73.672,0.0298,-0.0664,1.0298,
21.783,ENC,-68.0900,-23.3728,-45.7314,0.2557,3.3236,128.105,-3.293,-0.609,73.672,0.0298,-0.0664,1.0298,
21.787,IMU,-68.0900,-23.3728,-45.7314,0.2557,3.3236,128.105,-3.318,-0.649,73.806,0.0630,-0.0459,0.9106,
21.803,ENC,-68.0815,-23.2858,-45.6837,0.4261,4.3463,128.330,-3.318,-0.649,73.806,0.0630,-0.0459,0.9106,
21.811,IMU,-68.0815,-23.2858,-45.6837,0.4261,4.3463,128.330,-3.381,-0.812,73.937,0.0605,-0.1255,0.9922,
21.822,ENC,-68.0730,-23.1802,-45.6266,0.4261,5.2837,128.608,-3.381,-0.812,73.937,0.0605,-0.1255,0.9922,
21.827,IMU,-68.0730,-23.1802,-45.6266,0.4261,5.2837,128.608,-3.295,-0.866,74.158,-0.0029,-0.1060,0.9473,
21.843,ENC,-68.0610,-23.0370,-45.5490,0.5965,7.1586,128.984,-3.295,-0.866,74.158,-0.0029,-0.1060,0.9473,
21.848,IMU,-68.0610,-23.0370,-45.5490,0.5965,7.1586,128.984,-3.391,-0.918,74.463,0.1016,-0.0615,0.9639,
21.863,ENC,-68.0201,-22.8768,-45.4484,2.0453,8.0108,129.326,-3.391,-0.918,74.463,0.1016,-0.0615,0.9639,
21.868,IMU,-68.0201,-22.8768,-45.4484,2.0453,8.0108,129.326,-3.422,-1.205,74.739,0.1201,-0.2300,0.9702,
21.884,ENC,-67.9724,-22.6995,-45.3359,2.3862,8.8630,129.697,-3.422,-1.205,74.739,0.1201,-0.2300,0.9702,
21.888,IMU,-67.9724,-22.6995,-45.3359,2.3862,8.8630,129.697,-3.380,-1.395,75.000,0.0283,-0.1689,1.0088,
21.903,ENC,-67.9025,-22.5154,-45.2090,3.4941,9.2039,130.024,-3.380,-1.395,75.000,0.0283,-0.1689,1.0088,
21.909,IMU,-67.9025,-22.5154,-45.2090,3.4941,9.2039,130.024,-3.430,-1.466,75.236,0.1230,-0.0664,1.0415,
21.923,ENC,-67.8394,-22.3092,-45.0743,3.1532,10.3118,130.435,-3.430,-1.466,75.236,0.1230,-0.0664,1.0415,
21.928,IMU,-67.8394,-22.3092,-45.0743,3.1532,10.3118,130.435,-3.453,-1.363,75.526,0.0747,-0.0361,0.9351,
21.942,ENC,-67.7747,-22.0910,-44.9329,3.2384,10.9083,130.874,-3.453,-1.363,75.526,0.0747,-0.0361,0.9351,
21.947,IMU,-67.7747,-22.0910,-44.9329,3.2384,10.9083,130.874,-3.309,-1.270,75.919,-0.0312,-0.0391,0.9985,
21.963,ENC,-67.7150,-21.8388,-44.7769,2.9827,12.6127,131.426,-3.309,-1.270,75.919,-0.0312,-0.0391,0.9985,
21.968,IMU,-67.7150,-21.8388,-44.7769,2.9827,12.6127,131.426,-3.353,-1.290,76.299,0.0396,-0.0708,1.0791,
21.983,ENC,-67.6554,-21.6019,-44.6286,2.9827,11.8457,131.934,-3.353,-1.290,76.299,0.0396,-0.0708,1.0791,
21.988,IMU,-67.6554,-21.6019,-44.6286,2.9827,11.8457,131.934,-3.380,-1.338,76.673,0.0879,-0.0327,1.0493,
22.003,ENC,-67.5957,-21.3377,-44.4667,2.9827,13.2093,132.520,-3.380,-1.338,76.673,0.0879,-0.0327,1.0493,
22.008,IMU,-67.5957,-21.3377,-44.4667,2.9827,13.2093,132.520,-3.374,-1.365,77.038,0.0684,-0.0674,1.0303,
22.026,ENC,-67.5395,-21.0803,-44.3099,2.8123,12.8684,133.096,-3.374,-1.365,77.038,0.0684,-0.0674,1.0303,
22.029,IMU,-67.5395,-21.0803,-44.3099,2.8123,12.8684,133.096,-3.462,-1.291,77.453,0.1235,0.0371,1.0435,
22.048,IMU,-67.5395,-21.0803,-44.3099,2.8123,12.8684,133.096,-3.468,-1.328,77.830,0.0391,-0.0571,1.0845,
22.063,ENC,-67.4287,-20.5860,-44.0074,2.7697,12.3571,134.194,-3.468,-1.328,77.830,0.0391,-0.0571,1.0845,
22.069,IMU,-67.4287,-20.5860,-44.0074,2.7697,12.3571,134.194,-3.404,-1.275,78.214,-0.0093,-0.0215,1.0449,
22.083,ENC,-67.3775,-20.3304,-43.8540,2.5566,12.7832,134.780,-3.404,-1.275,78.214,-0.0093,-0.0215,1.0449,
22.088,IMU,-67.3775,-20.3304,-43.8540,2.5566,12.7832,134.780,-3.543,-1.116,78.610,0.1294,0.1162,0.9961,
22.103,ENC,-67.3366,-20.0798,-43.7082,2.0453,12.5275,135.381,-3.543,-1.116,78.610,0.1294,0.1162,0.9961,
22.107,IMU,-67.3366,-20.0798,-43.7082,2.0453,12.5275,135.381,-3.591,-1.073,78.983,0.1035,0.0083,0.9595,
22.123,ENC,-67.2957,-19.8412,-43.5685,2.0453,11.9310,135.947,-3.591,-1.073,78.983,0.1035,0.0083,0.9595,
22.128,IMU,-67.2957,-19.8412,-43.5685,2.0453,11.9310,135.947,-3.612,-1.063,79.382,0.1196,-0.0327,0.9341,
22.142,ENC,-67.2582,-19.5838,-43.4210,1.8749,12.8684,136.577,-3.612,-1.063,79.382,0.1196,-0.0327,0.9341,
22.147,IMU,-67.2582,-19.5838,-43.4210,1.8749,12.8684,136.577,-3.622,-0.989,79.819,0.0513,0.0054,1.0190,
22.163,ENC,-67.2190,-19.3060,-43.2625,1.9601,13.8910,137.261,-3.622,-0.989,79.819,0.0513,0.0054,1.0190,
22.168,IMU,-67.2190,-19.3060,-43.2625,1.9601,13.8910,137.261,-3.590,-0.949,80.251,0.0142,-0.0039,1.0508,
22.184,ENC,-67.1764,-19.0503,-43.1134,2.1305,12.7832,137.871,-3.590,-0.949,80.251,0.0142,-0.0039,1.0508,
22.188,IMU,-67.1764,-19.0503,-43.1134,2.1305,12.7832,137.871,-3.490,-0.840,80.683,-0.0874,0.0610,1.1050,
22.202,ENC,-67.1338,-18.8032,-42.9685,2.1305,12.3571,138.457,-3.490,-0.840,80.683,-0.0874,0.0610,1.1050,
22.208,IMU,-67.1338,-18.8032,-42.9685,2.1305,12.3571,138.457,-3.541,-0.841,81.132,0.0830,-0.0171,1.0308,
22.223,ENC,-67.1014,-18.5390,-42.8202,1.6192,13.2093,139.121,-3.541,-0.841,81.132,0.0830,-0.0171,1.0308,
22.228,IMU,-67.1014,-18.5390,-42.8202,1.6192,13.2093,139.121,-3.576,-0.819,81.541,0.0767,-0.0737,1.1045,
22.243,ENC,-67.0708,-18.2646,-42.6677,1.5340,13.7206,139.819,-3.576,-0.819,81.541,0.0767,-0.0737,1.1045,
22.248,IMU,-67.0708,-18.2646,-42.6677,1.5340,13.7206,139.819,-3.581,-0.693,81.992,0.0347,0.0796,1.0078,
22.262,ENC,-67.0367,-18.0089,-42.5228,1.7044,12.7832,140.454,-3.581,-0.693,81.992,0.0347,0.0796,1.0078,
22.268,IMU,-67.0367,-18.0089,-42.5228,1.7044,12.7832,140.454,-3.568,-0.760,82.373,0.1196,-0.0923,0.9580,
22.283,ENC,-67.0043,-17.7413,-42.3728,1.6192,13.3797,141.128,-3.568,-0.760,82.373,0.1196,-0.0923,0.9580,
22.288,IMU,-67.0043,-17.7413,-42.3728,1.6192,13.3797,141.128,-3.581,-0.653,82.748,0.0366,0.0259,1.1357,
22.302,ENC,-66.9787,-17.4823,-42.2305,1.2783,12.9536,141.797,-3.581,-0.653,82.748,0.0366,0.0259,1.1357,
22.309,IMU,-66.9787,-17.4823,-42.2305,1.2783,12.9536,141.797,-3.626,-0.849,83.133,0.1655,-0.1787,0.8853,
22.323,ENC,-66.9480,-17.2334,-42.0907,1.5340,12.4423,142.422,-3.626,-0.849,83.133,0.1655,-0.1787,0.8853,
22.328,IMU,-66.9480,-17.2334,-42.0907,1.5340,12.4423,142.422,-3.461,-0.881,83.526,-0.0498,-0.0742,0.9785,
22.343,ENC,-66.9139,-16.9743,-41.9441,1.7044,12.9536,143.066,-3.461,-0.881,83.526,-0.0498,-0.0742,0.9785,
22.348,IMU,-66.9139,-16.9743,-41.9441,1.7044,12.9536,143.066,-3.590,-1.060,83.891,0.1914,-0.1733,0.8901,
22.363,ENC,-66.8662,-16.7374,-41.8018,2.3862,11.8457,143.608,-3.590,-1.060,83.891,0.1914,-0.1733,0.8901,
22.368,IMU,-66.8662,-16.7374,-41.8018,2.3862,11.8457,143.608,-3.646,-1.068,84.301,0.1123,-0.0337,1.0488,
22.383,ENC,-66.8100,-16.4869,-41.6484,2.8123,12.5275,144.165,-3.646,-1.068,84.301,0.1123,-0.0337,1.0488,
22.390,IMU,-66.8100,-16.4869,-41.6484,2.8123,12.5275,144.165,-3.707,-1.105,84.588,0.1187,-0.0264,0.9570,
22.403,ENC,-66.7435,-16.2363,-41.4899,3.3236,12.5275,144.692,-3.707,-1.105,84.588,0.1187,-0.0264,0.9570,
22.411,IMU,-66.7435,-16.2363,-41.4899,3.3236,12.5275,144.692,-3.669,-1.238,84.897,0.0679,-0.1099,1.0015,
22.423,ENC,-66.6634,-15.9721,-41.3178,4.0054,13.2093,145.220,-3.669,-1.238,84.897,0.0679,-0.1099,1.0015,
22.429,IMU,-66.6634,-15.9721,-41.3178,4.0054,13.2093,145.220,-3.683,-1.200,85.158,0.0454,-0.0630,1.1924,
22.443,ENC,-66.5509,-15.7267,-41.1388,5.6246,12.2718,145.601,-3.683,-1.200,85.158,0.0454,-0.0630,1.1924,
22.448,IMU,-66.5509,-15.7267,-41.1388,5.6246,12.2718,145.601,-3.682,-1.214,85.380,0.0488,-0.0073,1.0698,
22.462,ENC,-66.4282,-15.4796,-40.9539,6.1359,12.3571,145.957,-3.682,-1.214,85.380,0.0488,-0.0073,1.0698,
22.467,IMU,-66.4282,-15.4796,-40.9539,6.1359,12.3571,145.957,-3.623,-1.238,85.580,0.0098,-0.0913,1.0474,
22.483,ENC,-66.2765,-15.2256,-40.7511,7.5847,12.6980,146.250,-3.623,-1.238,85.580,0.0098,-0.0913,1.0474,
22.488,IMU,-66.2765,-15.2256,-40.7511,7.5847,12.6980,146.250,-3.582,-1.258,85.713,0.0547,-0.0586,1.0508,
22.503,ENC,-66.0924,-14.9699,-40.5312,9.2039,12.7832,146.455,-3.582,-1.258,85.713,0.0547,-0.0586,1.0508,
22.507,IMU,-66.0924,-14.9699,-40.5312,9.2039,12.7832,146.455,-3.691,-1.281,85.789,0.1304,-0.0420,0.9385,
22.523,ENC,-65.8947,-14.7194,-40.3070,9.8857,12.5275,146.606,-3.691,-1.281,85.789,0.1304,-0.0420,0.9385,
22.528,IMU,-65.8947,-14.7194,-40.3070,9.8857,12.5275,146.606,-3.791,-1.336,85.821,0.1499,-0.0732,0.9492,
22.542,ENC,-65.6407,-14.4586,-40.0497,12.6980,13.0388,146.626,-3.791,-1.336,85.821,0.1499,-0.0732,0.9492,
22.548,IMU,-65.6407,-14.4586,-40.0497,12.6980,13.0388,146.626,-3.830,-1.444,85.779,0.0645,-0.1929,1.0908,
22.563,ENC,-65.3646,-14.1995,-39.7821,13.8058,12.9536,146.577,-3.830,-1.444,85.779,0.0645,-0.1929,1.0908,
22.568,IMU,-65.3646,-14.1995,-39.7821,13.8058,12.9536,146.577,-3.875,-1.537,85.767,0.0703,-0.0918,1.0547,
22.583,ENC,-65.0885,-13.9439,-39.5162,13.8058,12.7832,146.519,-3.875,-1.537,85.767,0.0703,-0.0918,1.0547,
22.588,IMU,-65.0885,-13.9439,-39.5162,13.8058,12.7832,146.519,-3.879,-1.552,85.705,0.0220,-0.0635,1.0806,
22.612,IMU,-65.0885,-13.9439,-39.5162,13.8058,12.7832,146.519,-3.943,-1.842,85.643,0.1699,-0.1851,0.8701,
22.612,ENC,-64.7630,-13.6865,-39.2247,16.2772,12.8684,146.323,-3.943,-1.842,85.643,0.1699,-0.1851,0.8701,
22.623,ENC,-64.4391,-13.4070,-38.9231,16.1920,13.9763,146.196,-3.943,-1.842,85.643,0.1699,-0.1851,0.8701,
22.628,IMU,-64.4391,-13.4070,-38.9231,16.1920,13.9763,146.196,-3.871,-1.900,85.550,0.0088,-0.0894,1.0947,
22.642,ENC,-64.1340,-13.1377,-38.6359,15.2546,13.4649,146.094,-3.871,-1.900,85.550,0.0088,-0.0894,1.0947,
22.648,IMU,-64.1340,-13.1377,-38.6359,15.2546,13.4649,146.094,-3.769,-1.889,85.444,-0.0244,-0.0610,1.0815,
22.663,ENC,-63.8306,-12.8548,-38.3427,15.1694,14.1467,146.035,-3.769,-1.889,85.444,-0.0244,-0.0610,1.0815,
22.667,IMU,-63.8306,-12.8548,-38.3427,15.1694,14.1467,146.035,-3.685,-1.993,85.366,0.0278,-0.1177,0.9448,
22.683,ENC,-63.5494,-12.5616,-38.0555,14.0615,14.6580,146.069,-3.685,-1.993,85.366,0.0278,-0.1177,0.9448,
22.688,IMU,-63.5494,-12.5616,-38.0555,14.0615,14.6580,146.069,-3.518,-1.965,85.340,-0.0825,0.0137,1.0811,
22.703,ENC,-63.2426,-12.2395,-37.7410,15.3398,16.1068,146.113,-3.518,-1.965,85.340,-0.0825,0.0137,1.0811,
22.708,IMU,-63.2426,-12.2395,-37.7410,15.3398,16.1068,146.113,-3.448,-1.925,85.323,-0.0054,0.0195,0.9775,
22.723,ENC,-62.9273,-11.9037,-37.4155,15.7659,16.7886,146.172,-3.448,-1.925,85.323,-0.0054,0.0195,0.9775,
22.728,IMU,-62.9273,-11.9037,-37.4155,15.7659,16.7886,146.172,-3.456,-1.983,85.276,0.1064,-0.0283,0.8872,
22.743,ENC,-62.6222,-11.5850,-37.1036,15.2546,15.9364,146.211,-3.456,-1.983,85.276,0.1064,-0.0283,0.8872,
22.748,IMU,-62.6222,-11.5850,-37.1036,15.2546,15.9364,146.211,-3.471,-2.044,85.234,0.0645,-0.0781,1.0991,
22.764,ENC,-62.3052,-11.2407,-36.7729,15.8511,17.2147,146.289,-3.471,-2.044,85.234,0.0645,-0.0781,1.0991,
22.768,IMU,-62.3052,-11.2407,-36.7729,15.8511,17.2147,146.289,-3.462,-1.968,85.266,0.0776,-0.0317,0.8711,
22.782,ENC,-61.9421,-10.9066,-36.4244,18.1521,16.7033,146.206,-3.462,-1.968,85.266,0.0776,-0.0317,0.8711,
22.787,IMU,-61.9421,-10.9066,-36.4244,18.1521,16.7033,146.206,-3.426,-1.899,85.289,0.0459,0.0444,0.9258,
22.803,ENC,-61.5825,-10.5691,-36.0758,17.9817,16.8738,146.143,-3.426,-1.899,85.289,0.0459,0.0444,0.9258,
22.808,IMU,-61.5825,-10.5691,-36.0758,17.9817,16.8738,146.143,-3.476,-1.796,85.364,0.1094,0.0723,1.0796,
22.826,ENC,-61.2212,-10.2231,-35.7222,18.0669,17.2999,146.099,-3.476,-1.796,85.364,0.1094,0.0723,1.0796,
22.828,IMU,-61.2212,-10.2231,-35.7222,18.0669,17.2999,146.099,-3.573,-1.798,85.364,0.1396,-0.0596,0.9126,
22.842,ENC,-60.8769,-9.8942,-35.3855,17.2147,16.4477,146.055,-3.573,-1.798,85.364,0.1396,-0.0596,0.9126,
22.850,IMU,-60.8769,-9.8942,-35.3855,17.2147,16.4477,146.055,-3.500,-1.822,85.369,-0.0034,-0.0005,0.9971,
22.863,ENC,-60.5496,-9.5703,-35.0600,16.3625,16.1920,146.045,-3.500,-1.822,85.369,-0.0034,-0.0005,0.9971,
22.868,IMU,-60.5496,-9.5703,-35.0600,16.3625,16.1920,146.045,-3.569,-1.725,85.419,0.1230,0.0420,0.9653,
22.882,ENC,-60.2428,-9.2363,-34.7396,15.3398,16.7033,146.123,-3.569,-1.725,85.419,0.1230,0.0420,0.9653,
22.887,IMU,-60.2428,-9.2363,-34.7396,15.3398,16.7033,146.123,-3.505,-1.761,85.445,0.0034,-0.0586,0.8975,
22.903,ENC,-59.9309,-8.9056,-34.4183,15.5955,16.5329,146.177,-3.505,-1.761,85.445,0.0034,-0.0586,0.8975,
22.909,IMU,-59.9309,-8.9056,-34.4183,15.5955,16.5329,146.177,-3.480,-1.839,85.443,0.0688,-0.0220,0.9346,
22.923,ENC,-59.6020,-8.5681,-34.0851,16.4477,16.8738,146.201,-3.480,-1.839,85.443,0.0688,-0.0220,0.9346,
22.928,IMU,-59.6020,-8.5681,-34.0851,16.4477,16.8738,146.201,-3.569,-1.883,85.438,0.1694,-0.0439,0.8765,
22.943,ENC,-59.2696,-8.2375,-33.7535,16.6181,16.5329,146.196,-3.569,-1.883,85.438,0.1694,-0.0439,0.8765,
22.948,IMU,-59.2696,-8.2375,-33.7535,16.6181,16.5329,146.196,-3.483,-1.966,85.451,0.0093,-0.0840,1.0571,
22.962,ENC,-58.9441,-7.8983,-33.4212,16.2772,16.9590,146.235,-3.483,-1.966,85.451,0.0093,-0.0840,1.0571,
22.968,IMU,-58.9441,-7.8983,-33.4212,16.2772,16.9590,146.235,-3.556,-1.960,85.451,0.1167,-0.0620,0.9932,
22.982,ENC,-58.5912,-7.5540,-33.0726,17.6408,17.2147,146.211,-3.556,-1.960,85.451,0.1167,-0.0620,0.9932,
22.989,IMU,-58.5912,-7.5540,-33.0726,17.6408,17.2147,146.211,-3.433,-1.932,85.503,-0.0049,0.0005,0.9512,
23.003,ENC,-58.2640,-7.2250,-32.7445,16.3625,16.4477,146.216,-3.433,-1.932,85.503,-0.0049,0.0005,0.9512,
23.008,IMU,-58.2640,-7.2250,-32.7445,16.3625,16.4477,146.216,-3.462,-1.880,85.542,0.0654,0.0244,0.8970,
23.023,ENC,-57.9095,-6.8825,-32.3960,17.7260,17.1295,146.182,-3.462,-1.880,85.542,0.0654,0.0244,0.8970,
23.027,IMU,-57.9095,-6.8825,-32.3960,17.7260,17.1295,146.182,-3.521,-1.852,85.558,0.0674,-0.0322,1.1157,
23.042,ENC,-57.5635,-6.5433,-32.0534,17.2999,16.9590,146.162,-3.521,-1.852,85.558,0.0674,-0.0322,1.1157,
23.047,IMU,-57.5635,-6.5433,-32.0534,17.2999,16.9590,146.162,-3.445,-1.795,85.583,0.0342,0.0195,0.9756,
23.063,ENC,-57.2430,-6.2211,-31.7321,16.0216,16.1068,146.167,-3.445,-1.795,85.583,0.0342,0.0195,0.9756,
23.068,IMU,-57.2430,-6.2211,-31.7321,16.0216,16.1068,146.167,-3.429,-1.911,85.597,0.0684,-0.0757,1.0005,
23.082,ENC,-56.9311,-5.8854,-31.4083,15.5955,16.7886,146.235,-3.429,-1.911,85.597,0.0684,-0.0757,1.0005,
23.087,IMU,-56.9311,-5.8854,-31.4083,15.5955,16.7886,146.235,-3.470,-1.867,85.597,0.0918,0.0010,1.0220,
23.106,ENC,-56.6499,-5.5581,-31.1040,14.0615,16.3625,146.367,-3.470,-1.867,85.597,0.0918,0.0010,1.0220,
23.108,IMU,-56.6499,-5.5581,-31.1040,14.0615,16.3625,146.367,-3.391,-1.800,85.647,0.0610,0.0293,0.9966,
23.123,ENC,-56.3619,-5.2462,-30.8040,14.4024,15.5955,146.436,-3.391,-1.800,85.647,0.0610,0.0293,0.9966,
23.128,IMU,-56.3619,-5.2462,-30.8040,14.4024,15.5955,146.436,-3.299,-1.661,85.654,-0.0039,0.1074,0.9863,
23.144,ENC,-56.0670,-4.9190,-30.4930,14.7433,16.3625,146.528,-3.299,-1.661,85.654,-0.0039,0.1074,0.9863,
23.148,IMU,-56.0670,-4.9190,-30.4930,14.7433,16.3625,146.528,-3.343,-1.529,85.678,0.0825,0.0483,1.0073,
23.162,ENC,-55.7653,-4.6054,-30.1853,15.0841,15.6807,146.562,-3.343,-1.529,85.678,0.0825,0.0483,1.0073,
23.168,IMU,-55.7653,-4.6054,-30.1853,15.0841,15.6807,146.562,-3.341,-1.422,85.653,0.0620,0.0771,1.0630,
23.184,ENC,-55.4756,-4.3020,-29.8888,14.4876,15.1694,146.602,-3.341,-1.422,85.653,0.0620,0.0771,1.0630,
23.188,IMU,-55.4756,-4.3020,-29.8888,14.4876,15.1694,146.602,-3.316,-1.362,85.754,0.0498,0.0078,1.0249,
23.203,ENC,-55.1705,-3.9764,-29.5734,15.2546,16.2772,146.660,-3.316,-1.362,85.754,0.0498,0.0078,1.0249,
23.210,IMU,-55.1705,-3.9764,-29.5734,15.2546,16.2772,146.660,-3.255,-1.357,85.750,0.0122,0.0156,1.0615,
23.223,ENC,-54.8534,-3.6628,-29.2581,15.8511,15.6807,146.650,-3.255,-1.357,85.750,0.0122,0.0156,1.0615,
23.227,IMU,-54.8534,-3.6628,-29.2581,15.8511,15.6807,146.650,-3.291,-1.310,85.839,0.1030,0.0420,1.0576,
23.243,ENC,-54.5415,-3.3441,-28.9428,15.5955,15.9364,146.670,-3.291,-1.310,85.839,0.1030,0.0420,1.0576,
23.248,IMU,-54.5415,-3.3441,-28.9428,15.5955,15.9364,146.670,-3.314,-1.278,85.955,0.0591,0.0024,0.9819,
23.263,ENC,-54.2347,-3.0271,-28.6309,15.3398,15.8511,146.699,-3.314,-1.278,85.955,0.0591,0.0024,0.9819,
23.267,IMU,-54.2347,-3.0271,-28.6309,15.3398,15.8511,146.699,-3.302,-1.156,86.038,-0.0205,0.0513,1.0825,
23.282,ENC,-53.9535,-2.7305,-28.3420,14.0615,14.8285,146.743,-3.302,-1.156,86.038,-0.0205,0.0513,1.0825,
23.288,IMU,-53.9535,-2.7305,-28.3420,14.0615,14.8285,146.743,-3.296,-1.123,86.201,0.0298,-0.0591,1.1562,
23.303,ENC,-53.6961,-2.4424,-28.0693,12.8684,14.4024,146.831,-3.296,-1.123,86.201,0.0298,-0.0591,1.1562,
23.308,IMU,-53.6961,-2.4424,-28.0693,12.8684,14.4024,146.831,-3.274,-1.002,86.318,0.0376,0.0361,0.9580,
23.322,ENC,-53.4695,-2.1425,-27.8060,11.3344,14.9989,147.041,-3.274,-1.002,86.318,0.0376,0.0361,0.9580,
23.328,IMU,-53.4695,-2.1425,-27.8060,11.3344,14.9989,147.041,-3.284,-1.005,86.517,0.0552,-0.0352,0.9722,
23.343,ENC,-53.2428,-1.8391,-27.5409,11.3344,15.1694,147.261,-3.284,-1.005,86.517,0.0552,-0.0352,0.9722,
23.349,IMU,-53.2428,-1.8391,-27.5409,11.3344,15.1694,147.261,-3.331,-1.002,86.629,0.1211,-0.0356,0.8989,
23.363,ENC,-53.0024,-1.5101,-27.2563,12.0162,16.4477,147.515,-3.331,-1.002,86.629,0.1211,-0.0356,0.8989,
23.368,IMU,-53.0024,-1.5101,-27.2563,12.0162,16.4477,147.515,-3.331,-0.933,86.693,0.1235,-0.0181,1.0327,
23.382,ENC,-52.7621,-1.2255,-26.9938,12.0162,14.2319,147.642,-3.331,-0.933,86.693,0.1235,-0.0181,1.0327,
23.388,IMU,-52.7621,-1.2255,-26.9938,12.0162,14.2319,147.642,-3.420,-0.841,86.794,0.1387,0.0161,1.0435,
23.403,ENC,-52.5252,-0.9255,-26.7254,11.8457,14.9989,147.822,-3.420,-0.841,86.794,0.1387,0.0161,1.0435,
23.408,IMU,-52.5252,-0.9255,-26.7254,11.8457,14.9989,147.822,-3.351,-0.810,86.905,0.0000,-0.0371,0.9062,
23.423,ENC,-52.2832,-0.6204,-26.4518,12.1014,15.2546,148.003,-3.351,-0.810,86.905,0.0000,-0.0371,0.9062,
23.428,IMU,-52.2832,-0.6204,-26.4518,12.1014,15.2546,148.003,-3.379,-0.736,86.991,0.0669,0.0093,1.0371,
23.443,ENC,-52.0377,-0.3255,-26.1816,12.2718,14.7433,148.145,-3.379,-0.736,86.991,0.0669,0.0093,1.0371,
23.448,IMU,-52.0377,-0.3255,-26.1816,12.2718,14.7433,148.145,-3.392,-0.648,87.118,0.0322,-0.0259,1.0806,
23.463,ENC,-51.8179,-0.0324,-25.9251,10.9935,14.6580,148.354,-3.392,-0.648,87.118,0.0322,-0.0259,1.0806,
23.468,IMU,-51.8179,-0.0324,-25.9251,10.9935,14.6580,148.354,-3.399,-0.415,87.285,-0.0181,0.0894,0.9639,
23.483,ENC,-51.6389,0.2437,-25.6976,8.9482,13.8058,148.633,-3.399,-0.415,87.285,-0.0181,0.0894,0.9639,
23.488,IMU,-51.6389,0.2437,-25.6976,8.9482,13.8058,148.633,-3.324,-0.246,87.590,-0.0127,0.0864,0.9302,
23.502,ENC,-51.5026,0.5352,-25.4837,6.8177,14.5728,149.077,-3.324,-0.246,87.590,-0.0127,0.0864,0.9302,
23.508,IMU,-51.5026,0.5352,-25.4837,6.8177,14.5728,149.077,-3.317,-0.068,87.904,0.0171,0.0884,1.0493,
23.523,ENC,-51.4207,0.8096,-25.3056,4.0906,13.7206,149.629,-3.317,-0.068,87.904,0.0171,0.0884,1.0493,
23.528,IMU,-51.4207,0.8096,-25.3056,4.0906,13.7206,149.629,-3.289,0.070,88.360,0.0259,0.0308,0.9897,
23.542,ENC,-51.3713,1.0738,-25.1488,2.4714,13.2093,150.244,-3.289,0.070,88.360,0.0259,0.0308,0.9897,
23.548,IMU,-51.3713,1.0738,-25.1488,2.4714,13.2093,150.244,-3.312,0.142,88.739,0.0796,0.0884,0.9189,
23.563,ENC,-51.3372,1.3550,-24.9911,1.7044,14.0615,150.952,-3.312,0.142,88.739,0.0796,0.0884,0.9189,
23.568,IMU,-51.3372,1.3550,-24.9911,1.7044,14.0615,150.952,-3.393,0.237,89.190,0.1006,0.0483,0.9082,
23.583,ENC,-51.3082,1.6175,-24.8454,1.4488,13.1241,151.621,-3.393,0.237,89.190,0.1006,0.0483,0.9082,
23.587,IMU,-51.3082,1.6175,-24.8454,1.4488,13.1241,151.621,-3.451,0.192,89.625,0.1196,-0.0356,1.0630,
23.602,ENC,-51.2895,1.9004,-24.6945,0.9374,14.1467,152.378,-3.451,0.192,89.625,0.1196,-0.0356,1.0630,
23.608,IMU,-51.2895,1.9004,-24.6945,0.9374,14.1467,152.378,-3.523,0.127,90.059,0.1387,-0.0483,0.9697,
23.623,ENC,-51.2588,2.1697,-24.5445,1.5340,13.4649,153.062,-3.523,0.127,90.059,0.1387,-0.0483,0.9697,
23.627,IMU,-51.2588,2.1697,-24.5445,1.5340,13.4649,153.062,-3.527,0.242,90.478,0.0908,0.0225,0.8965,
23.642,ENC,-51.2503,2.4305,-24.4099,0.4261,13.0388,153.784,-3.527,0.242,90.478,0.0908,0.0225,0.8965,
23.648,IMU,-51.2503,2.4305,-24.4099,0.4261,13.0388,153.784,-3.487,0.302,90.917,-0.0322,0.0430,1.0195,
23.663,ENC,-51.2213,2.6947,-24.2633,1.4488,13.2093,154.458,-3.487,0.302,90.917,-0.0322,0.0430,1.0195,
23.668,IMU,-51.2213,2.6947,-24.2633,1.4488,13.2093,154.458,-3.549,0.316,91.376,0.1055,-0.0298,1.0015,
23.683,ENC,-51.2077,2.9538,-24.1270,0.6818,12.9536,155.161,-3.549,0.316,91.376,0.1055,-0.0298,1.0015,
23.688,IMU,-51.2077,2.9538,-24.1270,0.6818,12.9536,155.161,-3.517,0.378,91.759,0.0483,-0.0093,0.9600,
23.703,ENC,-51.2077,3.2180,-23.9949,0.0000,13.2093,155.918,-3.517,0.378,91.759,0.0483,-0.0093,0.9600,
23.708,IMU,-51.2077,3.2180,-23.9949,0.0000,13.2093,155.918,-3.483,0.392,92.200,0.0811,-0.0220,0.9985,
23.723,ENC,-51.2077,3.4838,-23.8619,0.0000,13.2945,156.680,-3.483,0.392,92.200,0.0811,-0.0220,0.9985,
23.728,IMU,-51.2077,3.4838,-23.8619,0.0000,13.2945,156.680,-3.485,0.426,92.622,0.0825,0.0171,0.9712,
23.743,ENC,-51.2077,3.7446,-23.7315,0.0000,13.0388,157.427,-3.485,0.426,92.622,0.0825,0.0171,0.9712,
23.748,IMU,-51.2077,3.7446,-23.7315,0.0000,13.0388,157.427,-3.438,0.430,93.091,-0.0249,-0.0171,1.1069,
23.762,ENC,-51.2077,4.0037,-23.6020,0.0000,12.9536,158.169,-3.438,0.430,93.091,-0.0249,-0.0171,1.1069,
23.768,IMU,-51.2077,4.0037,-23.6020,0.0000,12.9536,158.169,-3.407,0.298,93.534,0.0845,-0.1113,0.9390,
23.783,ENC,-51.2077,4.2525,-23.4776,0.0000,12.4423,158.882,-3.407,0.298,93.534,0.0845,-0.1113,0.9390,
23.787,IMU,-51.2077,4.2525,-23.4776,0.0000,12.4423,158.882,-3.451,0.367,94.003,0.1094,0.0132,0.9092,
23.803,ENC,-51.2060,4.4877,-23.3591,0.0852,11.7605,159.551,-3.451,0.367,94.003,0.1094,0.0132,0.9092,
23.808,IMU,-51.2060,4.4877,-23.3591,0.0852,11.7605,159.551,-3.519,0.236,94.376,0.1680,-0.1108,0.9087,
23.823,ENC,-51.1975,4.7230,-23.2373,0.4261,11.7605,160.200,-3.519,0.236,94.376,0.1680,-0.1108,0.9087,
23.828,IMU,-51.1975,4.7230,-23.2373,0.4261,11.7605,160.200,-3.709,0.169,94.777,0.1772,-0.1074,0.9229,
23.843,ENC,-51.1480,4.9513,-23.0983,2.4714,11.4196,160.713,-3.709,0.169,94.777,0.1772,-0.1074,0.9229,
23.848,IMU,-51.1480,4.9513,-23.0983,2.4714,11.4196,160.713,-3.852,0.179,95.073,0.1738,-0.0508,1.0474,
23.862,ENC,-51.0424,5.1763,-22.9330,5.2837,11.2492,161.055,-3.852,0.179,95.073,0.1738,-0.0508,1.0474,
23.867,IMU,-51.0424,5.1763,-22.9330,5.2837,11.2492,161.055,-4.028,0.284,95.217,0.2378,0.0391,0.8799,
23.883,ENC,-50.9060,5.3672,-22.7694,6.8177,9.5448,161.211,-4.028,0.284,95.217,0.2378,0.0391,0.8799,
23.888,IMU,-50.9060,5.3672,-22.7694,6.8177,9.5448,161.211,-4.019,0.327,95.294,0.0820,-0.0039,1.0234,
23.902,ENC,-50.7492,5.5377,-22.6058,7.8403,8.5221,161.250,-4.019,0.327,95.294,0.0820,-0.0039,1.0234,
23.908,IMU,-50.7492,5.5377,-22.6058,7.8403,8.5221,161.250,-4.037,0.411,95.307,0.1382,0.0347,1.0005,
23.925,ENC,-50.5788,5.6996,-22.4396,8.5221,8.0960,161.226,-4.037,0.411,95.307,0.1382,0.0347,1.0005,
23.928,IMU,-50.5788,5.6996,-22.4396,8.5221,8.0960,161.226,-4.025,0.494,95.284,0.0562,0.0439,1.0537,
23.942,ENC,-50.4219,5.8376,-22.2921,7.8403,6.9029,161.172,-4.025,0.494,95.284,0.0562,0.0439,1.0537,
23.947,IMU,-50.4219,5.8376,-22.2921,7.8403,6.9029,161.172,-4.003,0.603,95.155,0.0435,0.0742,0.9614,
23.962,ENC,-50.2720,5.9774,-22.1473,7.4995,6.9881,161.143,-4.003,0.603,95.155,0.0435,0.0742,0.9614,
23.968,IMU,-50.2720,5.9774,-22.1473,7.4995,6.9881,161.143,-4.057,0.627,95.057,0.1089,0.0239,1.0093,
23.983,ENC,-50.1134,6.1104,-22.0015,7.9256,6.6473,161.069,-4.057,0.627,95.057,0.1089,0.0239,1.0093,
23.988,IMU,-50.1134,6.1104,-22.0015,7.9256,6.6473,161.069,-4.048,0.640,94.946,0.0625,0.0161,0.9541,
24.002,ENC,-49.9754,6.2365,-21.8695,6.9029,6.3064,161.035,-4.048,0.640,94.946,0.0625,0.0161,0.9541,
24.008,IMU,-49.9754,6.2365,-21.8695,6.9029,6.3064,161.035,-4.015,0.706,94.880,0.0562,0.0420,0.9863,
24.022,ENC,-49.8527,6.3643,-21.7442,6.1359,6.3916,161.050,-4.015,0.706,94.880,0.0562,0.0420,0.9863,
24.028,IMU,-49.8527,6.3643,-21.7442,6.1359,6.3916,161.050,-4.011,0.669,94.866,0.0376,0.0312,1.0347,
24.043,ENC,-49.7317,6.5007,-21.6155,6.0507,6.8177,161.094,-4.011,0.669,94.866,0.0376,0.0312,1.0347,
24.048,IMU,-49.7317,6.5007,-21.6155,6.0507,6.8177,161.094,-4.015,0.700,94.892,0.0767,0.0332,0.9888,
24.062,ENC,-49.6243,6.6234,-21.5004,5.3689,6.1359,161.138,-4.015,0.700,94.892,0.0767,0.0332,0.9888,
24.068,IMU,-49.6243,6.6234,-21.5004,5.3689,6.1359,161.138,-3.979,0.751,94.892,0.0757,0.0127,0.9858,
24.083,ENC,-49.5186,6.7512,-21.3837,5.2837,6.3916,161.201,-3.979,0.751,94.892,0.0757,0.0127,0.9858,
24.088,IMU,-49.5186,6.7512,-21.3837,5.2837,6.3916,161.201,-4.017,0.712,94.942,0.0693,-0.0010,1.0547,
24.102,ENC,-49.4180,6.8773,-21.2703,5.0280,6.3064,161.274,-4.017,0.712,94.942,0.0693,-0.0010,1.0547,
24.107,IMU,-49.4180,6.8773,-21.2703,5.0280,6.3064,161.274,-3.942,0.783,94.965,0.0327,0.0742,1.0757,
24.122,ENC,-49.3277,6.9864,-21.1706,4.5167,5.4542,161.328,-3.942,0.783,94.965,0.0327,0.0742,1.0757,
24.131,IMU,-49.3277,6.9864,-21.1706,4.5167,5.4542,161.328,-3.919,0.885,94.975,0.0293,0.0771,1.0630,
24.142,ENC,-49.2493,7.0699,-21.0897,3.9202,4.1758,161.343,-3.919,0.885,94.975,0.0293,0.0771,1.0630,
24.150,IMU,-49.2493,7.0699,-21.0897,3.9202,4.1758,161.343,-3.903,1.074,94.938,0.0474,0.1392,0.9893,
24.166,ENC,-49.1828,7.1484,-21.0172,3.3236,3.9202,161.377,-3.903,1.074,94.938,0.0474,0.1392,0.9893,
24.169,IMU,-49.1828,7.1484,-21.0172,3.3236,3.9202,161.377,-3.924,1.151,94.981,0.0439,0.1177,0.9395,
24.183,ENC,-49.1249,7.2182,-20.9533,2.8975,3.4941,161.411,-3.924,1.151,94.981,0.0439,0.1177,0.9395,
24.187,IMU,-49.1249,7.2182,-20.9533,2.8975,3.4941,161.411,-3.902,1.126,95.005,0.0586,0.0669,1.0059,
24.202,ENC,-49.0737,7.2711,-20.9013,2.5566,2.6419,161.416,-3.902,1.126,95.005,0.0586,0.0669,1.0059,
24.208,IMU,-49.0737,7.2711,-20.9013,2.5566,2.6419,161.416,-3.910,1.197,95.001,0.0894,0.0649,1.0303,
24.223,ENC,-49.0414,7.3069,-20.8673,1.6192,1.7896,161.426,-3.910,1.197,95.001,0.0894,0.0649,1.0303,
24.228,IMU,-49.0414,7.3069,-20.8673,1.6192,1.7896,161.426,-3.890,1.188,94.951,0.0708,0.0566,0.9839,
24.242,ENC,-49.0107,7.3341,-20.8383,1.5340,1.3635,161.416,-3.890,1.188,94.951,0.0708,0.0566,0.9839,
24.248,IMU,-49.0107,7.3341,-20.8383,1.5340,1.3635,161.416,-3.934,1.237,94.959,0.0811,0.0610,1.0083,
24.263,ENC,-48.9919,7.3580,-20.8170,0.9374,1.1931,161.431,-3.934,1.237,94.959,0.0811,0.0610,1.0083,
24.267,IMU,-48.9919,7.3580,-20.8170,0.9374,1.1931,161.431,-3.941,1.298,94.958,0.0806,0.0542,0.9692,
24.282,ENC,-48.9749,7.3716,-20.8016,0.8522,0.6818,161.421,-3.941,1.298,94.958,0.0806,0.0542,0.9692,
24.288,IMU,-48.9749,7.3716,-20.8016,0.8522,0.6818,161.421,-3.999,1.378,94.956,0.0889,0.0771,0.9937,
24.303,ENC,-48.9698,7.3733,-20.7982,0.2557,0.0852,161.411,-3.999,1.378,94.956,0.0889,0.0771,0.9937,
24.308,IMU,-48.9698,7.3733,-20.7982,0.2557,0.0852,161.411,-4.002,1.366,94.944,0.0664,0.0503,0.9902,
24.323,ENC,-48.9715,7.3733,-20.7991,-0.0852,0.0000,161.416,-4.002,1.366,94.944,0.0664,0.0503,0.9902,
24.328,IMU,-48.9715,7.3733,-20.7991,-0.0852,0.0000,161.416,-3.941,1.354,94.913,0.0352,0.0234,0.9834,
24.342,ENC,-48.9749,7.3716,-20.8016,-0.1704,-0.0852,161.421,-3.941,1.354,94.913,0.0352,0.0234,0.9834,
24.347,IMU,-48.9749,7.3716,-20.8016,-0.1704,-0.0852,161.421,-3.936,1.326,94.940,0.0552,-0.0098,1.0093,
24.363,ENC,-48.9800,7.3682,-20.8059,-0.2557,-0.1704,161.426,-3.936,1.326,94.940,0.0552,-0.0098,1.0093,
24.368,IMU,-48.9800,7.3682,-20.8059,-0.2557,-0.1704,161.426,-3.909,1.248,94.950,0.0742,-0.0215,0.9941,
24.382,ENC,-48.9868,7.3631,-20.8119,-0.3409,-0.2557,161.431,-3.909,1.248,94.950,0.0742,-0.0215,0.9941,
24.387,IMU,-48.9868,7.3631,-20.8119,-0.3409,-0.2557,161.431,-3.887,1.238,94.977,0.0615,-0.0107,0.9814,
24.402,ENC,-48.9919,7.3580,-20.8170,-0.2557,-0.2557,161.431,-3.887,1.238,94.977,0.0615,-0.0107,0.9814,
24.409,IMU,-48.9919,7.3580,-20.8170,-0.2557,-0.2557,161.431,-3.857,1.166,94.911,0.0625,-0.0156,0.9966,
24.423,ENC,-48.9936,7.3546,-20.8195,-0.0852,-0.1704,161.426,-3.857,1.166,94.911,0.0625,-0.0156,0.9966,
24.428,IMU,-48.9936,7.3546,-20.8195,-0.0852,-0.1704,161.426,-3.856,1.138,94.900,0.0615,-0.0195,1.0000,
24.454,IMU,-48.9936,7.3546,-20.8195,-0.0852,-0.1704,161.426,-3.870,1.117,94.911,0.0732,-0.0186,0.9941,
24.462,ENC,-48.9953,7.3495,-20.8229,-0.0426,-0.1278,161.416,-3.870,1.117,94.911,0.0732,-0.0186,0.9941,
24.468,IMU,-48.9953,7.3495,-20.8229,-0.0426,-0.1278,161.416,-3.906,1.095,94.935,0.0688,-0.0015,0.9922,
24.487,ENC,-48.9936,7.3495,-20.8221,0.0852,0.0000,161.411,-3.906,1.095,94.935,0.0688,-0.0015,0.9922,
24.502,ENC,-48.9936,7.3495,-20.8221,0.0000,0.0000,161.411,-3.906,1.095,94.935,0.0688,-0.0015,0.9922,
24.508,IMU,-48.9936,7.3495,-20.8221,0.0000,0.0000,161.411,-3.861,1.026,94.873,0.0620,-0.0034,0.9917,
24.523,ENC,-48.9936,7.3512,-20.8212,0.0000,0.0852,161.416,-3.861,1.026,94.873,0.0620,-0.0034,0.9917,
24.528,IMU,-48.9936,7.3512,-20.8212,0.0000,0.0852,161.416,-3.880,0.990,94.853,0.0508,-0.0059,0.9922,
24.543,ENC,-48.9936,7.3495,-20.8221,0.0000,-0.0852,161.411,-3.880,0.990,94.853,0.0508,-0.0059,0.9922,
24.548,IMU,-48.9936,7.3495,-20.8221,0.0000,-0.0852,161.411,-3.871,0.942,94.868,0.0625,-0.0010,0.9932,
24.563,ENC,-48.9936,7.3495,-20.8221,0.0000,0.0000,161.411,-3.871,0.942,94.868,0.0625,-0.0010,0.9932,
24.568,IMU,-48.9936,7.3495,-20.8221,0.0000,0.0000,161.411,-3.864,0.922,94.915,0.0498,-0.0068,0.9922,
24.583,ENC,-48.9936,7.3512,-20.8212,0.0000,0.0852,161.416,-3.864,0.922,94.915,0.0498,-0.0068,0.9922,
24.587,IMU,-48.9936,7.3512,-20.8212,0.0000,0.0852,161.416,-3.828,0.894,94.956,0.0723,0.0039,0.9990,
24.608,IMU,-48.9936,7.3512,-20.8212,0.0000,0.0852,161.416,-3.856,0.864,94.959,0.0630,-0.0122,1.0000,
24.622,ENC,-48.9936,7.3495,-20.8221,0.0000,-0.0426,161.411,-3.856,0.864,94.959,0.0630,-0.0122,1.0000,
24.628,IMU,-48.9936,7.3495,-20.8221,0.0000,-0.0426,161.411,-3.830,0.849,94.962,0.0669,0.0093,0.9971,
24.645,ENC,-48.9936,7.3495,-20.8221,0.0000,0.0000,161.411,-3.830,0.849,94.962,0.0669,0.0093,0.9971,
24.648,IMU,-48.9936,7.3495,-20.8221,0.0000,0.0000,161.411,-3.819,0.842,94.943,0.0562,-0.0200,0.9946,
24.662,ENC,-48.9936,7.3495,-20.8221,0.0000,0.0000,161.411,-3.819,0.842,94.943,0.0562,-0.0200,0.9946,
24.667,IMU,-48.9936,7.3495,-20.8221,0.0000,0.0000,161.411,-3.858,0.844,94.983,0.0693,0.0156,0.9902,
24.682,ENC,-48.9953,7.3495,-20.8229,-0.0852,0.0000,161.416,-3.858,0.844,94.983,0.0693,0.0156,0.9902,
24.688,IMU,-48.9953,7.3495,-20.8229,-0.0852,0.0000,161.416,-3.859,0.834,94.947,0.0645,0.0015,0.9966,
24.703,ENC,-48.9936,7.3495,-20.8221,0.0852,0.0000,161.411,-3.859,0.834,94.947,0.0645,0.0015,0.9966,
24.708,IMU,-48.9936,7.3495,-20.8221,0.0852,0.0000,161.411,-3.878,0.779,94.939,0.0581,0.0049,0.9961,
24.723,ENC,-48.9936,7.3495,-20.8221,0.0000,0.0000,161.411,-3.878,0.779,94.939,0.0581,0.0049,0.9961,
24.727,IMU,-48.9936,7.3495,-20.8221,0.0000,0.0000,161.411,-3.861,0.783,94.938,0.0610,0.0024,0.9907,
24.744,ENC,-48.9936,7.3495,-20.8221,0.0000,0.0000,161.411,-3.861,0.783,94.938,0.0610,0.0024,0.9907,
24.749,IMU,-48.9936,7.3495,-20.8221,0.0000,0.0000,161.411,-3.871,0.741,94.957,0.0630,-0.0015,0.9937,
24.763,ENC,-48.9936,7.3495,-20.8221,0.0000,0.0000,161.411,-3.871,0.741,94.957,0.0630,-0.0015,0.9937,
24.771,IMU,-48.9936,7.3495,-20.8221,0.0000,0.0000,161.411,-3.872,0.763,94.924,0.0645,0.0044,0.9985,
24.783,ENC,-48.9868,7.3495,-20.8187,0.3409,0.0000,161.392,-3.872,0.763,94.924,0.0645,0.0044,0.9985,
24.788,IMU,-48.9868,7.3495,-20.8187,0.3409,0.0000,161.392,-3.826,0.694,94.928,0.1021,-0.0293,0.9751,
24.802,ENC,-48.9800,7.3512,-20.8144,0.3409,0.0852,161.377,-3.826,0.694,94.928,0.1021,-0.0293,0.9751,
24.808,IMU,-48.9800,7.3512,-20.8144,0.3409,0.0852,161.377,-3.880,0.572,94.891,0.1108,-0.0728,0.9463,
24.823,ENC,-48.9408,7.3529,-20.7940,1.9601,0.0852,161.270,-3.880,0.572,94.891,0.1108,-0.0728,0.9463,
24.828,IMU,-48.9408,7.3529,-20.7940,1.9601,0.0852,161.270,-3.902,0.471,94.780,0.0938,-0.0688,1.0581,
24.843,ENC,-48.9101,7.3546,-20.7778,1.5340,0.0852,161.187,-3.902,0.471,94.780,0.0938,-0.0688,1.0581,
24.848,IMU,-48.9101,7.3546,-20.7778,1.5340,0.0852,161.187,-3.767,0.471,94.615,-0.0010,-0.0415,0.9795,
24.862,ENC,-48.8760,7.3597,-20.7582,1.7044,0.2557,161.104,-3.767,0.471,94.615,-0.0010,-0.0415,0.9795,
24.867,IMU,-48.8760,7.3597,-20.7582,1.7044,0.2557,161.104,-3.749,0.446,94.549,0.0430,-0.0195,0.9668,
24.883,ENC,-48.8283,7.3716,-20.7283,2.3862,0.5965,161.001,-3.749,0.446,94.549,0.0430,-0.0195,0.9668,
24.888,IMU,-48.8283,7.3716,-20.7283,2.3862,0.5965,161.001,-3.750,0.392,94.506,0.1006,0.0122,1.0278,
24.903,ENC,-48.7789,7.3784,-20.7002,2.4714,0.3409,160.879,-3.750,0.392,94.506,0.1006,0.0122,1.0278,
24.908,IMU,-48.7789,7.3784,-20.7002,2.4714,0.3409,160.879,-3.744,0.408,94.416,0.0996,0.0122,0.9858,
24.922,ENC,-48.7260,7.3836,-20.6712,2.6419,0.2557,160.742,-3.744,0.408,94.416,0.0996,0.0122,0.9858,
24.928,IMU,-48.7260,7.3836,-20.6712,2.6419,0.2557,160.742,-3.761,0.499,94.303,0.0967,0.0396,0.9746,
24.943,ENC,-48.6715,7.3853,-20.6431,2.7271,0.0852,160.591,-3.761,0.499,94.303,0.0967,0.0396,0.9746,
24.950,IMU,-48.6715,7.3853,-20.6431,2.7271,0.0852,160.591,-3.734,0.489,94.176,0.0581,0.0249,1.0249,
24.962,ENC,-48.6136,7.3870,-20.6133,2.8975,0.0852,160.430,-3.734,0.489,94.176,0.0581,0.0249,1.0249,
24.968,IMU,-48.6136,7.3870,-20.6133,2.8975,0.0852,160.430,-3.680,0.449,94.038,0.0220,-0.0283,1.0464,
24.983,ENC,-48.5522,7.3870,-20.5826,3.0680,0.0000,160.254,-3.680,0.449,94.038,0.0220,-0.0283,1.0464,
24.988,IMU,-48.5522,7.3870,-20.5826,3.0680,0.0000,160.254,-3.635,0.409,93.915,0.0137,-0.0122,0.9990,
25.003,ENC,-48.4960,7.3870,-20.5545,2.8123,0.0000,160.093,-3.635,0.409,93.915,0.0137,-0.0122,0.9990,
25.008,IMU,-48.4960,7.3870,-20.5545,2.8123,0.0000,160.093,-3.695,0.361,93.794,0.0508,-0.0420,1.0156,
25.022,ENC,-48.4397,7.3887,-20.5255,2.8123,0.0852,159.937,-3.695,0.361,93.794,0.0508,-0.0420,1.0156,
25.028,IMU,-48.4397,7.3887,-20.5255,2.8123,0.0852,159.937,-3.718,0.369,93.667,0.0698,-0.0239,0.9692,
25.043,ENC,-48.3800,7.3904,-20.4948,2.9827,0.0852,159.771,-3.718,0.369,93.667,0.0698,-0.0239,0.9692,
25.048,IMU,-48.3800,7.3904,-20.4948,2.9827,0.0852,159.771,-3.834,0.313,93.547,0.1060,-0.0308,1.0000,
25.063,ENC,-48.3085,7.3904,-20.4590,3.5793,0.0000,159.565,-3.834,0.313,93.547,0.1060,-0.0308,1.0000,
25.068,IMU,-48.3085,7.3904,-20.4590,3.5793,0.0000,159.565,-3.870,0.286,93.401,0.0923,-0.0200,0.9902,
25.083,ENC,-48.2352,7.3904,-20.4224,3.6645,0.0000,159.355,-3.870,0.286,93.401,0.0923,-0.0200,0.9902,
25.088,IMU,-48.2352,7.3904,-20.4224,3.6645,0.0000,159.355,-3.911,0.287,93.278,0.0718,-0.0073,0.9927,
25.103,ENC,-48.1619,7.3904,-20.3858,3.6645,0.0000,159.146,-3.911,0.287,93.278,0.0718,-0.0073,0.9927,
25.108,IMU,-48.1619,7.3904,-20.3858,3.6645,0.0000,159.146,-3.949,0.241,93.118,0.0874,-0.0117,1.0000,
25.122,ENC,-48.0784,7.3904,-20.3440,4.1758,0.0000,158.906,-3.949,0.241,93.118,0.0874,-0.0117,1.0000,
25.129,IMU,-48.0784,7.3904,-20.3440,4.1758,0.0000,158.906,-3.986,0.149,92.909,0.0830,-0.0303,0.9766,
25.143,ENC,-47.9710,7.3904,-20.2903,5.3689,0.0000,158.599,-3.986,0.149,92.909,0.0830,-0.0303,0.9766,
25.148,IMU,-47.9710,7.3904,-20.2903,5.3689,0.0000,158.599,-3.952,0.048,92.729,0.0229,-0.0620,1.0771,
25.162,ENC,-47.8449,7.3921,-20.2264,6.3064,0.0852,158.242,-3.952,0.048,92.729,0.0229,-0.0620,1.0771,
25.168,IMU,-47.8449,7.3921,-20.2264,6.3064,0.0852,158.242,-3.970,-0.020,92.564,0.0708,-0.0293,0.9790,
25.182,ENC,-47.7017,7.4194,-20.1412,7.1586,1.3635,157.910,-3.970,-0.020,92.564,0.0708,-0.0293,0.9790,
25.189,IMU,-47.7017,7.4194,-20.1412,7.1586,1.3635,157.910,-3.948,-0.106,92.337,0.0747,-0.0581,0.9380,
25.203,ENC,-47.5347,7.4773,-20.0287,8.3517,2.8975,157.598,-3.948,-0.106,92.337,0.0747,-0.0581,0.9380,
25.209,IMU,-47.5347,7.4773,-20.0287,8.3517,2.8975,157.598,-3.913,-0.227,92.188,0.0957,-0.1245,0.9268,
25.223,ENC,-47.3574,7.5557,-19.9008,8.8630,3.9202,157.314,-3.913,-0.227,92.188,0.0957,-0.1245,0.9268,
25.228,IMU,-47.3574,7.5557,-19.9008,8.8630,3.9202,157.314,-3.843,-0.392,92.068,0.0039,-0.1724,1.0483,
25.242,ENC,-47.1665,7.6563,-19.7551,9.5448,5.0280,157.056,-3.843,-0.392,92.068,0.0039,-0.1724,1.0483,
25.248,IMU,-47.1665,7.6563,-19.7551,9.5448,5.0280,157.056,-3.744,-0.562,91.869,-0.0049,-0.1465,1.0869,
25.263,ENC,-46.9654,7.7756,-19.5949,10.0561,5.9655,156.821,-3.744,-0.562,91.869,-0.0049,-0.1465,1.0869,
25.268,IMU,-46.9654,7.7756,-19.5949,10.0561,5.9655,156.821,-3.783,-0.640,91.710,0.0439,-0.1528,1.0952,
25.282,ENC,-46.7643,7.9000,-19.4321,10.0561,6.2211,156.602,-3.783,-0.640,91.710,0.0439,-0.1528,1.0952,
25.288,IMU,-46.7643,7.9000,-19.4321,10.0561,6.2211,156.602,-3.677,-0.629,91.509,-0.0317,-0.0405,1.0479,
25.303,ENC,-46.5512,8.0585,-19.2463,10.6526,7.9256,156.445,-3.677,-0.629,91.509,-0.0317,-0.0405,1.0479,
25.308,IMU,-46.5512,8.0585,-19.2463,10.6526,7.9256,156.445,-3.734,-0.607,91.400,0.0806,-0.0161,0.9902,
25.323,ENC,-46.3296,8.2204,-19.0546,11.0788,8.0960,156.274,-3.734,-0.607,91.400,0.0806,-0.0161,0.9902,
25.328,IMU,-46.3296,8.2204,-19.0546,11.0788,8.0960,156.274,-3.659,-0.708,91.269,0.0137,-0.1470,0.9482,
25.343,ENC,-46.1081,8.3943,-18.8569,11.0788,8.6926,156.138,-3.659,-0.708,91.269,0.0137,-0.1470,0.9482,
25.348,IMU,-46.1081,8.3943,-18.8569,11.0788,8.6926,156.138,-3.669,-0.765,91.105,0.0640,-0.0928,1.0410,
25.364,ENC,-45.8745,8.5818,-18.6464,11.6753,9.3743,156.006,-3.669,-0.765,91.105,0.0640,-0.0928,1.0410,
25.368,IMU,-45.8745,8.5818,-18.6464,11.6753,9.3743,156.006,-3.666,-0.667,90.889,0.0488,0.0244,1.0015,
25.384,ENC,-45.6291,8.7641,-18.4325,12.2718,9.1187,155.825,-3.666,-0.667,90.889,0.0488,0.0244,1.0015,
25.387,IMU,-45.6291,8.7641,-18.4325,12.2718,9.1187,155.825,-3.727,-0.609,90.745,0.1450,0.0039,0.8623,
25.403,ENC,-45.3615,8.9516,-18.2049,13.3797,9.3743,155.596,-3.727,-0.609,90.745,0.1450,0.0039,0.8623,
25.408,IMU,-45.3615,8.9516,-18.2049,13.3797,9.3743,155.596,-3.664,-0.597,90.636,0.0391,-0.0640,0.9082,
25.423,ENC,-45.0956,9.1630,-17.9663,13.2945,10.5674,155.439,-3.664,-0.597,90.636,0.0391,-0.0640,0.9082,
25.427,IMU,-45.0956,9.1630,-17.9663,13.2945,10.5674,155.439,-3.721,-0.622,90.560,0.1221,-0.0942,0.9736,
25.442,ENC,-44.8246,9.3675,-17.7286,13.5502,10.2265,155.249,-3.721,-0.622,90.560,0.1221,-0.0942,0.9736,
25.448,IMU,-44.8246,9.3675,-17.7286,13.5502,10.2265,155.249,-3.693,-0.571,90.445,0.0532,0.0479,1.1470,
25.463,ENC,-44.5468,9.5942,-17.4763,13.8910,11.3344,155.103,-3.693,-0.571,90.445,0.0532,0.0479,1.1470,
25.468,IMU,-44.5468,9.5942,-17.4763,13.8910,11.3344,155.103,-3.691,-0.568,90.376,0.0234,-0.0312,1.1113,
25.488,IMU,-44.5468,9.5942,-17.4763,13.8910,11.3344,155.103,-3.673,-0.439,90.326,0.0781,0.0352,0.9517,
25.503,ENC,-43.9878,10.0680,-16.9599,13.9763,11.8457,154.858,-3.673,-0.439,90.326,0.0781,0.0352,0.9517,
25.508,IMU,-43.9878,10.0680,-16.9599,13.9763,11.8457,154.858,-3.670,-0.453,90.290,0.0312,-0.0430,1.0181,
25.523,ENC,-43.6980,10.3288,-16.6846,14.4876,13.0388,154.775,-3.670,-0.453,90.290,0.0312,-0.0430,1.0181,
25.528,IMU,-43.6980,10.3288,-16.6846,14.4876,13.0388,154.775,-3.662,-0.458,90.250,0.0298,-0.0337,0.9966,
25.543,ENC,-43.4219,10.5845,-16.4187,13.8058,12.7832,154.717,-3.662,-0.458,90.250,0.0298,-0.0337,0.9966,
25.548,IMU,-43.4219,10.5845,-16.4187,13.8058,12.7832,154.717,-3.712,-0.325,90.245,0.0879,0.0684,0.8892,
25.563,ENC,-43.1611,10.8538,-16.1537,13.0388,13.4649,154.741,-3.712,-0.325,90.245,0.0879,0.0684,0.8892,
25.568,IMU,-43.1611,10.8538,-16.1537,13.0388,13.4649,154.741,-3.600,-0.247,90.295,-0.0732,0.0869,0.9980,
25.583,ENC,-42.9174,11.1265,-15.8954,12.1866,13.6354,154.824,-3.600,-0.247,90.295,-0.0732,0.0869,0.9980,
25.587,IMU,-42.9174,11.1265,-15.8954,12.1866,13.6354,154.824,-3.736,-0.224,90.375,0.1914,-0.0210,0.9546,
25.602,ENC,-42.7111,11.3855,-15.6628,10.3118,12.9536,154.976,-3.736,-0.224,90.375,0.1914,-0.0210,0.9546,
25.608,IMU,-42.7111,11.3855,-15.6628,10.3118,12.9536,154.976,-3.770,-0.111,90.452,0.0557,0.0430,1.0454,
25.623,ENC,-42.4964,11.6548,-15.4208,10.7379,13.4649,155.132,-3.770,-0.111,90.452,0.0557,0.0430,1.0454,
25.628,IMU,-42.4964,11.6548,-15.4208,10.7379,13.4649,155.132,-3.839,0.067,90.613,0.0522,0.0732,1.0278,
25.642,ENC,-42.2919,11.9293,-15.1813,10.2265,13.7206,155.332,-3.839,0.067,90.613,0.0522,0.0732,1.0278,
25.648,IMU,-42.2919,11.9293,-15.1813,10.2265,13.7206,155.332,-3.785,0.128,90.808,0.0259,0.0117,0.9058,
25.666,ENC,-42.0822,12.2292,-14.9265,10.4822,14.9989,155.591,-3.785,0.128,90.808,0.0259,0.0117,0.9058,
25.669,IMU,-42.0822,12.2292,-14.9265,10.4822,14.9989,155.591,-3.737,0.242,90.969,0.0635,0.0396,0.9629,
25.683,ENC,-41.8709,12.4968,-14.6870,10.5674,13.3797,155.752,-3.737,0.242,90.969,0.0635,0.0396,0.9629,
25.689,IMU,-41.8709,12.4968,-14.6870,10.5674,13.3797,155.752,-3.790,0.252,91.013,0.0762,-0.0181,0.9448,
25.703,ENC,-41.6510,12.7542,-14.4484,10.9935,12.8684,155.859,-3.790,0.252,91.013,0.0762,-0.0181,0.9448,
25.707,IMU,-41.6510,12.7542,-14.4484,10.9935,12.8684,155.859,-3.816,0.245,91.027,0.0576,0.0278,0.9990,
25.723,ENC,-41.4328,13.0150,-14.2089,10.9083,13.0388,155.981,-3.816,0.245,91.027,0.0576,0.0278,0.9990,
25.728,IMU,-41.4328,13.0150,-14.2089,10.9083,13.0388,155.981,-3.808,0.421,91.061,0.0562,0.0977,1.0342,
25.742,ENC,-41.2061,13.2621,-13.9720,11.3344,12.3571,156.040,-3.808,0.421,91.061,0.0562,0.0977,1.0342,
25.747,IMU,-41.2061,13.2621,-13.9720,11.3344,12.3571,156.040,-3.945,0.408,91.070,0.1333,-0.0073,1.0088,
25.762,ENC,-40.9590,13.5058,-13.7266,12.3571,12.1866,156.030,-3.945,0.408,91.070,0.1333,-0.0073,1.0088,
25.783,ENC,-40.7153,13.7411,-13.4871,12.1866,11.7605,156.006,-3.945,0.408,91.070,0.1333,-0.0073,1.0088,
25.788,IMU,-40.7153,13.7411,-13.4871,12.1866,11.7605,156.006,-3.786,0.624,91.077,0.0356,0.0952,0.9463,
25.802,ENC,-40.5090,13.9626,-13.2732,10.3118,11.0788,156.050,-3.786,0.624,91.077,0.0356,0.0952,0.9463,
25.808,IMU,-40.5090,13.9626,-13.2732,10.3118,11.0788,156.050,-3.757,0.631,91.088,0.0181,0.0391,1.0518,
25.823,ENC,-40.2772,14.1825,-13.0474,11.5901,10.9935,156.016,-3.757,0.631,91.088,0.0181,0.0391,1.0518,
25.828,IMU,-40.2772,14.1825,-13.0474,11.5901,10.9935,156.016,-3.806,0.649,91.133,0.0625,-0.0029,1.0298,
25.843,ENC,-40.0301,14.3990,-12.8156,12.3571,10.8231,155.928,-3.806,0.649,91.133,0.0625,-0.0029,1.0298,
25.848,IMU,-40.0301,14.3990,-12.8156,12.3571,10.8231,155.928,-3.842,0.630,91.172,0.0796,0.0444,1.0488,
25.862,ENC,-39.8119,14.6001,-12.6059,10.9083,10.0561,155.879,-3.842,0.630,91.172,0.0796,0.0444,1.0488,
25.867,IMU,-39.8119,14.6001,-12.6059,10.9083,10.0561,155.879,-3.874,0.715,91.169,0.0903,0.0649,0.9492,
25.883,ENC,-39.6006,14.8012,-12.3997,10.5674,10.0561,155.850,-3.874,0.715,91.169,0.0903,0.0649,0.9492,
25.888,IMU,-39.6006,14.8012,-12.3997,10.5674,10.0561,155.850,-3.926,0.704,91.183,0.0659,0.0161,1.0474,
25.903,ENC,-39.4250,14.9972,-12.2139,8.7778,9.8004,155.908,-3.926,0.704,91.183,0.0659,0.0161,1.0474,
25.907,IMU,-39.4250,14.9972,-12.2139,8.7778,9.8004,155.908,-3.867,0.686,91.201,0.0107,-0.0254,1.0083,
25.922,ENC,-39.2358,15.2035,-12.0162,9.4595,10.3118,155.957,-3.867,0.686,91.201,0.0107,-0.0254,1.0083,
25.927,IMU,-39.2358,15.2035,-12.0162,9.4595,10.3118,155.957,-3.778,0.717,91.212,0.0073,0.0264,0.9458,
25.943,ENC,-39.0483,15.4148,-11.8168,9.3743,10.5674,156.025,-3.778,0.717,91.212,0.0073,0.0264,0.9458,
25.948,IMU,-39.0483,15.4148,-11.8168,9.3743,10.5674,156.025,-3.704,0.779,91.280,-0.0083,0.0474,1.0674,
25.962,ENC,-38.8660,15.6074,-11.6293,9.1187,9.6300,156.055,-3.704,0.779,91.280,-0.0083,0.0474,1.0674,
25.968,IMU,-38.8660,15.6074,-11.6293,9.1187,9.6300,156.055,-3.756,0.744,91.335,0.0908,-0.0425,0.9131,
25.983,ENC,-38.6768,15.8409,-11.4179,9.4595,11.6753,156.182,-3.756,0.744,91.335,0.0908,-0.0425,0.9131,
25.988,IMU,-38.6768,15.8409,-11.4179,9.4595,11.6753,156.182,-3.795,0.729,91.376,0.0850,-0.0098,1.0220,
26.003,ENC,-38.4825,16.0540,-11.2143,9.7152,10.6526,156.235,-3.795,0.729,91.376,0.0850,-0.0098,1.0220,
26.008,IMU,-38.4825,16.0540,-11.2143,9.7152,10.6526,156.235,-3.878,0.764,91.397,0.1343,-0.0107,1.0127,
26.023,ENC,-38.2848,16.2721,-11.0063,9.8857,10.9083,156.294,-3.878,0.764,91.397,0.1343,-0.0107,1.0127,
26.027,IMU,-38.2848,16.2721,-11.0063,9.8857,10.9083,156.294,-3.860,0.799,91.455,0.0552,0.0225,0.9785,
26.043,ENC,-38.0768,16.4903,-10.7933,10.3970,10.9083,156.323,-3.860,0.799,91.455,0.0552,0.0225,0.9785,
26.048,IMU,-38.0768,16.4903,-10.7933,10.3970,10.9083,156.323,-3.829,0.861,91.440,-0.0015,0.0596,1.0859,
26.062,ENC,-37.8757,16.6999,-10.5879,10.0561,10.4822,156.348,-3.829,0.861,91.440,-0.0015,0.0596,1.0859,
26.069,IMU,-37.8757,16.6999,-10.5879,10.0561,10.4822,156.348,-3.867,0.856,91.484,0.0747,0.0176,0.9517,
26.083,ENC,-37.6558,16.9096,-10.3731,10.9935,10.4822,156.318,-3.867,0.856,91.484,0.0747,0.0176,0.9517,
26.088,IMU,-37.6558,16.9096,-10.3731,10.9935,10.4822,156.318,-3.958,0.875,91.561,0.1240,-0.0181,0.9717,
26.103,ENC,-37.4496,17.1209,-10.1643,10.3118,10.5674,156.333,-3.958,0.875,91.561,0.1240,-0.0181,0.9717,
26.107,IMU,-37.4496,17.1209,-10.1643,10.3118,10.5674,156.333,-4.004,0.896,91.575,0.1328,0.0547,0.9263,
26.123,ENC,-37.2433,17.3238,-9.9598,10.3118,10.1413,156.323,-4.004,0.896,91.575,0.1328,0.0547,0.9263,
26.128,IMU,-37.2433,17.3238,-9.9598,10.3118,10.1413,156.323,-4.046,0.874,91.564,0.0815,-0.0273,0.9941,
26.142,ENC,-37.0269,17.5300,-9.7484,10.8231,10.3118,156.294,-4.046,0.874,91.564,0.0815,-0.0273,0.9941,
26.148,IMU,-37.0269,17.5300,-9.7484,10.8231,10.3118,156.294,-3.974,0.927,91.602,0.0620,0.0708,1.0098,
26.162,ENC,-36.8207,17.7277,-9.5465,10.3118,9.8857,156.270,-3.974,0.927,91.602,0.0620,0.0708,1.0098,
26.168,IMU,-36.8207,17.7277,-9.5465,10.3118,9.8857,156.270,-3.901,1.020,91.648,-0.0112,0.0718,1.0132,
26.182,ENC,-36.6229,17.9135,-9.3547,9.8857,9.2891,156.235,-3.901,1.020,91.648,-0.0112,0.0718,1.0132,
26.187,IMU,-36.6229,17.9135,-9.3547,9.8857,9.2891,156.235,-3.810,1.141,91.628,0.0186,0.1265,1.0610,
26.203,ENC,-36.4320,18.0976,-9.1672,9.5448,9.2039,156.216,-3.810,1.141,91.628,0.0186,0.1265,1.0610,
26.208,IMU,-36.4320,18.0976,-9.1672,9.5448,9.2039,156.216,-3.854,1.359,91.668,0.0635,0.1802,0.9824,
26.222,ENC,-36.2940,18.2476,-9.0232,6.9029,7.4995,156.250,-3.854,1.359,91.668,0.0635,0.1802,0.9824,
26.229,IMU,-36.2940,18.2476,-9.0232,6.9029,7.4995,156.250,-3.838,1.630,91.704,0.0630,0.2280,0.9873,
26.242,ENC,-36.1644,18.3941,-8.8852,6.4768,7.3290,156.299,-3.838,1.630,91.704,0.0630,0.2280,0.9873,
26.248,IMU,-36.1644,18.3941,-8.8852,6.4768,7.3290,156.299,-3.816,1.881,91.740,0.0498,0.2397,0.9780,
26.263,ENC,-36.0809,18.4964,-8.7923,4.1758,5.1133,156.353,-3.816,1.881,91.740,0.0498,0.2397,0.9780,
26.267,IMU,-36.0809,18.4964,-8.7923,4.1758,5.1133,156.353,-3.843,2.162,91.753,0.0981,0.2261,0.9897,
26.282,ENC,-36.0179,18.5595,-8.7292,3.1532,3.1532,156.353,-3.843,2.162,91.753,0.0981,0.2261,0.9897,
26.303,ENC,-35.9718,18.5970,-8.6874,2.3010,1.8749,156.328,-3.843,2.162,91.753,0.0981,0.2261,0.9897,
26.308,IMU,-35.9718,18.5970,-8.6874,2.3010,1.8749,156.328,-3.904,2.129,91.703,0.0811,0.1138,1.0000,
26.323,ENC,-35.9429,18.6225,-8.6602,1.4488,1.2783,156.318,-3.904,2.129,91.703,0.0811,0.1138,1.0000,
26.328,IMU,-35.9429,18.6225,-8.6602,1.4488,1.2783,156.318,-3.918,2.153,91.722,0.0791,0.0688,1.0068,
26.342,ENC,-35.9224,18.6413,-8.6406,1.0227,0.9374,156.313,-3.918,2.153,91.722,0.0791,0.0688,1.0068,
26.348,IMU,-35.9224,18.6413,-8.6406,1.0227,0.9374,156.313,-3.887,2.181,91.700,0.0684,0.0586,1.0068,
26.363,ENC,-35.9071,18.6413,-8.6329,0.7670,0.0000,156.270,-3.887,2.181,91.700,0.0684,0.0586,1.0068,
26.368,IMU,-35.9071,18.6413,-8.6329,0.7670,0.0000,156.270,-3.842,2.187,91.623,0.0464,0.0503,0.9873,
26.382,ENC,-35.9037,18.6396,-8.6321,0.1704,-0.0852,156.255,-3.842,2.187,91.623,0.0464,0.0503,0.9873,
26.388,IMU,-35.9037,18.6396,-8.6321,0.1704,-0.0852,156.255,-3.853,2.154,91.644,0.0391,0.0347,1.0000,
26.403,ENC,-35.9020,18.6379,-8.6321,0.0852,-0.0852,156.245,-3.853,2.154,91.644,0.0391,0.0347,1.0000,
26.408,IMU,-35.9020,18.6379,-8.6321,0.0852,-0.0852,156.245,-3.867,2.098,91.642,0.0693,0.0176,0.9897,
26.423,ENC,-35.9003,18.6362,-8.6321,0.0852,-0.0852,156.235,-3.867,2.098,91.642,0.0693,0.0176,0.9897,
26.428,IMU,-35.9003,18.6362,-8.6321,0.0852,-0.0852,156.235,-3.890,2.063,91.656,0.0913,0.0220,1.0024,
26.443,ENC,-35.8969,18.6328,-8.6321,0.1704,-0.1704,156.216,-3.890,2.063,91.656,0.0913,0.0220,1.0024,
26.448,IMU,-35.8969,18.6328,-8.6321,0.1704,-0.1704,156.216,-3.933,1.995,91.698,0.0708,-0.0078,0.9814,
26.463,ENC,-35.8969,18.6225,-8.6372,0.0000,-0.5113,156.187,-3.933,1.995,91.698,0.0708,-0.0078,0.9814,
26.468,IMU,-35.8969,18.6225,-8.6372,0.0000,-0.5113,156.187,-3.972,1.959,91.737,0.0444,0.0029,1.0234,
26.485,ENC,-35.8969,18.6225,-8.6372,0.0000,0.0000,156.187,-3.972,1.959,91.737,0.0444,0.0029,1.0234,
26.488,IMU,-35.8969,18.6225,-8.6372,0.0000,0.0000,156.187,-3.942,1.933,91.732,0.0542,-0.0146,0.9902,
26.505,ENC,-35.8969,18.6208,-8.6380,0.0000,-0.0852,156.182,-3.942,1.933,91.732,0.0542,-0.0146,0.9902,
26.508,IMU,-35.8969,18.6208,-8.6380,0.0000,-0.0852,156.182,-3.922,1.873,91.741,0.0674,-0.0010,1.0000,
26.523,ENC,-35.8969,18.6225,-8.6372,0.0000,0.0852,156.187,-3.922,1.873,91.741,0.0674,-0.0010,1.0000,
26.528,IMU,-35.8969,18.6225,-8.6372,0.0000,0.0852,156.187,-3.907,1.860,91.690,0.0781,0.0049,1.0039,
26.542,ENC,-35.8952,18.6225,-8.6363,0.0852,0.0000,156.182,-3.907,1.860,91.690,0.0781,0.0049,1.0039,
26.547,IMU,-35.8952,18.6225,-8.6363,0.0852,0.0000,156.182,-3.905,1.812,91.713,0.0659,0.0029,0.9937,
26.563,ENC,-35.8952,18.6225,-8.6363,0.0000,0.0000,156.182,-3.905,1.812,91.713,0.0659,0.0029,0.9937,
26.567,IMU,-35.8952,18.6225,-8.6363,0.0000,0.0000,156.182,-3.889,1.783,91.720,0.0586,0.0122,0.9873,
26.583,ENC,-35.8952,18.6242,-8.6355,0.0000,0.0852,156.187,-3.889,1.783,91.720,0.0586,0.0122,0.9873,
26.589,IMU,-35.8952,18.6242,-8.6355,0.0000,0.0852,156.187,-3.926,1.724,91.764,0.0605,0.0234,0.9966,
26.603,ENC,-35.8952,18.6259,-8.6346,0.0000,0.0852,156.191,-3.926,1.724,91.764,0.0605,0.0234,0.9966,
26.610,IMU,-35.8952,18.6259,-8.6346,0.0000,0.0852,156.191,-3.913,1.724,91.766,0.0796,0.0166,0.9922,
26.624,ENC,-35.8952,18.6259,-8.6346,0.0000,0.0000,156.191,-3.913,1.724,91.766,0.0796,0.0166,0.9922,
26.629,IMU,-35.8952,18.6259,-8.6346,0.0000,0.0000,156.191,-3.901,1.700,91.776,0.0742,0.0107,1.0054,
26.643,ENC,-35.8952,18.6259,-8.6346,0.0000,0.0000,156.191,-3.901,1.700,91.776,0.0742,0.0107,1.0054,
26.648,IMU,-35.8952,18.6259,-8.6346,0.0000,0.0000,156.191,-3.881,1.651,91.748,0.0679,0.0049,1.0029,
26.663,ENC,-35.8952,18.6242,-8.6355,0.0000,-0.0852,156.187,-3.881,1.651,91.748,0.0679,0.0049,1.0029,
26.668,IMU,-35.8952,18.6242,-8.6355,0.0000,-0.0852,156.187,-3.899,1.645,91.753,0.0586,0.0142,0.9937,
26.683,ENC,-35.8952,18.6225,-8.6363,0.0000,-0.0852,156.182,-3.899,1.645,91.753,0.0586,0.0142,0.9937,
26.691,IMU,-35.8952,18.6225,-8.6363,0.0000,-0.0852,156.182,-3.880,1.651,91.756,0.0693,0.0137,0.9883,
26.712,ENC,-35.8952,18.6225,-8.6363,0.0000,0.0000,156.182,-3.880,1.651,91.756,0.0693,0.0137,0.9883,
26.714,IMU,-35.8952,18.6225,-8.6363,0.0000,0.0000,156.182,-3.833,1.650,91.727,0.0698,0.0083,0.9932,
26.723,ENC,-35.8952,18.6225,-8.6363,0.0000,0.0000,156.182,-3.833,1.650,91.727,0.0698,0.0083,0.9932,
26.727,IMU,-35.8952,18.6225,-8.6363,0.0000,0.0000,156.182,-3.806,1.626,91.730,0.0566,-0.0024,1.0083,
26.743,ENC,-35.8952,18.6242,-8.6355,0.0000,0.0852,156.187,-3.806,1.626,91.730,0.0566,-0.0024,1.0083,
26.747,IMU,-35.8952,18.6242,-8.6355,0.0000,0.0852,156.187,-3.840,1.616,91.781,0.0601,0.0176,0.9912,
26.763,ENC,-35.8952,18.6242,-8.6355,0.0000,0.0000,156.187,-3.840,1.616,91.781,0.0601,0.0176,0.9912,
26.768,IMU,-35.8952,18.6242,-8.6355,0.0000,0.0000,156.187,-3.884,1.572,91.756,0.0713,0.0093,0.9854,
26.783,ENC,-35.8952,18.6242,-8.6355,0.0000,0.0000,156.187,-3.884,1.572,91.756,0.0713,0.0093,0.9854,
26.788,IMU,-35.8952,18.6242,-8.6355,0.0000,0.0000,156.187,-3.834,1.557,91.787,0.0669,0.0229,0.9800,
26.802,ENC,-35.8952,18.6242,-8.6355,0.0000,0.0000,156.187,-3.834,1.557,91.787,0.0669,0.0229,0.9800,
26.808,IMU,-35.8952,18.6242,-8.6355,0.0000,0.0000,156.187,-3.889,1.537,91.822,0.0723,0.0083,0.9971,
26.823,ENC,-35.8952,18.6242,-8.6355,0.0000,0.0000,156.187,-3.889,1.537,91.822,0.0723,0.0083,0.9971,
26.828,IMU,-35.8952,18.6242,-8.6355,0.0000,0.0000,156.187,-3.923,1.485,91.821,0.0669,-0.0029,0.9990,
26.842,ENC,-35.8952,18.6242,-8.6355,0.0000,0.0000,156.187,-3.923,1.485,91.821,0.0669,-0.0029,0.9990,
26.848,IMU,-35.8952,18.6242,-8.6355,0.0000,0.0000,156.187,-3.941,1.443,91.790,0.0664,0.0146,0.9937,
26.863,ENC,-35.8952,18.6242,-8.6355,0.0000,0.0000,156.187,-3.941,1.443,91.790,0.0664,0.0146,0.9937,
26.867,IMU,-35.8952,18.6242,-8.6355,0.0000,0.0000,156.187,-3.847,1.413,91.784,0.0698,0.0073,0.9932,
26.883,ENC,-35.8952,18.6242,-8.6355,0.0000,0.0000,156.187,-3.847,1.413,91.784,0.0698,0.0073,0.9932,
26.888,IMU,-35.8952,18.6242,-8.6355,0.0000,0.0000,156.187,-3.819,1.411,91.735,0.0659,0.0151,0.9932,
26.903,ENC,-35.8952,18.6242,-8.6355,0.0000,0.0000,156.187,-3.819,1.411,91.735,0.0659,0.0151,0.9932,
26.907,IMU,-35.8952,18.6242,-8.6355,0.0000,0.0000,156.187,-3.804,1.366,91.748,0.0562,0.0132,0.9917,
26.922,ENC,-35.8952,18.6242,-8.6355,0.0000,0.0000,156.187,-3.804,1.366,91.748,0.0562,0.0132,0.9917,
26.928,IMU,-35.8952,18.6242,-8.6355,0.0000,0.0000,156.187,-3.803,1.338,91.697,0.0640,0.0068,0.9888,
26.943,ENC,-35.8952,18.6242,-8.6355,0.0000,0.0000,156.187,-3.803,1.338,91.697,0.0640,0.0068,0.9888,
26.948,IMU,-35.8952,18.6242,-8.6355,0.0000,0.0000,156.187,-3.816,1.370,91.710,0.0645,0.0234,0.9873,
26.963,ENC,-35.8952,18.6242,-8.6355,0.0000,0.0000,156.187,-3.816,1.370,91.710,0.0645,0.0234,0.9873,
26.968,IMU,-35.8952,18.6242,-8.6355,0.0000,0.0000,156.187,-3.797,1.348,91.699,0.0713,0.0142,0.9873,
26.983,ENC,-35.8952,18.6242,-8.6355,0.0000,0.0000,156.187,-3.797,1.348,91.699,0.0713,0.0142,0.9873,
26.988,IMU,-35.8952,18.6242,-8.6355,0.0000,0.0000,156.187,-3.843,1.359,91.672,0.0830,0.0127,1.0054,
27.003,ENC,-35.8952,18.6242,-8.6355,0.0000,0.0000,156.187,-3.843,1.359,91.672,0.0830,0.0127,1.0054,
27.008,IMU,-35.8952,18.6242,-8.6355,0.0000,0.0000,156.187,-3.856,1.365,91.663,0.0527,0.0078,1.0029,
27.024,ENC,-35.8952,18.6242,-8.6355,0.0000,0.0000,156.187,-3.856,1.365,91.663,0.0527,0.0078,1.0029,
27.027,IMU,-35.8952,18.6242,-8.6355,0.0000,0.0000,156.187,-3.833,1.327,91.660,0.0537,0.0117,1.0044,
27.043,ENC,-35.8952,18.6242,-8.6355,0.0000,0.0000,156.187,-3.833,1.327,91.660,0.0537,0.0117,1.0044,
27.048,IMU,-35.8952,18.6242,-8.6355,0.0000,0.0000,156.187,-3.824,1.292,91.652,0.0708,0.0088,0.9883,
27.063,ENC,-35.8952,18.6242,-8.6355,0.0000,0.0000,156.187,-3.824,1.292,91.652,0.0708,0.0088,0.9883,
27.068,IMU,-35.8952,18.6242,-8.6355,0.0000,0.0000,156.187,-3.769,1.261,91.675,0.0610,0.0122,0.9976,
27.082,ENC,-35.8952,18.6242,-8.6355,0.0000,0.0000,156.187,-3.769,1.261,91.675,0.0610,0.0122,0.9976,
27.088,IMU,-35.8952,18.6242,-8.6355,0.0000,0.0000,156.187,-3.745,1.220,91.675,0.0620,0.0117,0.9849,
27.106,ENC,-35.8952,18.6242,-8.6355,0.0000,0.0000,156.187,-3.745,1.220,91.675,0.0620,0.0117,0.9849,
27.109,IMU,-35.8952,18.6242,-8.6355,0.0000,0.0000,156.187,-3.709,1.219,91.664,0.0571,0.0156,0.9912,
27.123,ENC,-35.8952,18.6242,-8.6355,0.0000,0.0000,156.187,-3.709,1.219,91.664,0.0571,0.0156,0.9912,
27.127,IMU,-35.8952,18.6242,-8.6355,0.0000,0.0000,156.187,-3.725,1.147,91.653,0.0688,0.0010,0.9966,
27.145,ENC,-35.8952,18.6242,-8.6355,0.0000,0.0000,156.187,-3.725,1.147,91.653,0.0688,0.0010,0.9966,
27.148,IMU,-35.8952,18.6242,-8.6355,0.0000,0.0000,156.187,-3.743,1.128,91.692,0.0708,0.0093,0.9995,
27.168,IMU,-35.8952,18.6242,-8.6355,0.0000,0.0000,156.187,-3.749,1.091,91.685,0.0708,0.0059,0.9902,
27.183,ENC,-35.8952,18.6242,-8.6355,0.0000,0.0000,156.187,-3.749,1.091,91.685,0.0708,0.0059,0.9902,
27.187,IMU,-35.8952,18.6242,-8.6355,0.0000,0.0000,156.187,-3.796,1.059,91.678,0.0693,0.0122,1.0093,
27.202,ENC,-35.8952,18.6242,-8.6355,0.0000,0.0000,156.187,-3.796,1.059,91.678,0.0693,0.0122,1.0093,
27.208,IMU,-35.8952,18.6242,-8.6355,0.0000,0.0000,156.187,-3.783,1.085,91.684,0.0688,0.0127,0.9956,
27.223,ENC,-35.8952,18.6242,-8.6355,0.0000,0.0000,156.187,-3.783,1.085,91.684,0.0688,0.0127,0.9956,
27.228,IMU,-35.8952,18.6242,-8.6355,0.0000,0.0000,156.187,-3.795,1.064,91.692,0.0728,0.0117,0.9888,
27.245,ENC,-35.8952,18.6242,-8.6355,0.0000,0.0000,156.187,-3.795,1.064,91.692,0.0728,0.0117,0.9888,
27.248,IMU,-35.8952,18.6242,-8.6355,0.0000,0.0000,156.187,-3.771,1.043,91.674,0.0576,0.0156,0.9893,
27.262,ENC,-35.8952,18.6242,-8.6355,0.0000,0.0000,156.187,-3.771,1.043,91.674,0.0576,0.0156,0.9893,
27.270,IMU,-35.8952,18.6242,-8.6355,0.0000,0.0000,156.187,-3.748,1.025,91.696,0.0605,0.0127,1.0044,
27.283,ENC,-35.8952,18.6242,-8.6355,0.0000,0.0000,156.187,-3.748,1.025,91.696,0.0605,0.0127,1.0044,
27.288,IMU,-35.8952,18.6242,-8.6355,0.0000,0.0000,156.187,-3.751,1.014,91.674,0.0654,0.0117,0.9927,
27.304,ENC,-35.8952,18.6242,-8.6355,0.0000,0.0000,156.187,-3.751,1.014,91.674,0.0654,0.0117,0.9927,
27.308,IMU,-35.8952,18.6242,-8.6355,0.0000,0.0000,156.187,-3.768,1.025,91.681,0.0688,0.0132,0.9990,
27.323,ENC,-35.8952,18.6242,-8.6355,0.0000,0.0000,156.187,-3.768,1.025,91.681,0.0688,0.0132,0.9990,
27.328,IMU,-35.8952,18.6242,-8.6355,0.0000,0.0000,156.187,-3.772,1.030,91.724,0.0742,0.0117,0.9907,
27.342,ENC,-35.8952,18.6242,-8.6355,0.0000,0.0000,156.187,-3.772,1.030,91.724,0.0742,0.0117,0.9907,
27.347,IMU,-35.8952,18.6242,-8.6355,0.0000,0.0000,156.187,-3.757,0.974,91.747,0.0708,-0.0005,1.0015,
27.367,IMU,-35.8952,18.6242,-8.6355,0.0000,0.0000,156.187,-3.761,0.968,91.754,0.0615,0.0176,1.0024,
27.372,ENC,-35.8952,18.6242,-8.6355,0.0000,0.0000,156.187,-3.761,0.968,91.754,0.0615,0.0176,1.0024,
27.383,ENC,-35.8952,18.6242,-8.6355,0.0000,0.0000,156.187,-3.761,0.968,91.754,0.0615,0.0176,1.0024,
27.387,IMU,-35.8952,18.6242,-8.6355,0.0000,0.0000,156.187,-3.791,0.984,91.732,0.0747,0.0078,0.9839,
27.402,ENC,-35.8952,18.6242,-8.6355,0.0000,0.0000,156.187,-3.791,0.984,91.732,0.0747,0.0078,0.9839,
27.408,IMU,-35.8952,18.6242,-8.6355,0.0000,0.0000,156.187,-3.803,1.019,91.736,0.0801,0.0215,0.9932,
27.423,ENC,-35.8952,18.6242,-8.6355,0.0000,0.0000,156.187,-3.803,1.019,91.736,0.0801,0.0215,0.9932,
27.427,IMU,-35.8952,18.6242,-8.6355,0.0000,0.0000,156.187,-3.791,1.046,91.743,0.0645,0.0181,0.9912,
27.443,ENC,-35.8952,18.6242,-8.6355,0.0000,0.0000,156.187,-3.791,1.046,91.743,0.0645,0.0181,0.9912,
27.448,IMU,-35.8952,18.6242,-8.6355,0.0000,0.0000,156.187,-3.814,1.061,91.757,0.0693,0.0117,0.9961,
27.462,ENC,-35.8952,18.6242,-8.6355,0.0000,0.0000,156.187,-3.814,1.061,91.757,0.0693,0.0117,0.9961,
27.467,IMU,-35.8952,18.6242,-8.6355,0.0000,0.0000,156.187,-3.784,1.065,91.769,0.0649,0.0303,0.9951,
27.483,ENC,-35.8952,18.6242,-8.6355,0.0000,0.0000,156.187,-3.784,1.065,91.769,0.0649,0.0303,0.9951,
27.488,IMU,-35.8952,18.6242,-8.6355,0.0000,0.0000,156.187,-3.800,1.068,91.791,0.0664,0.0063,1.0005,
27.503,ENC,-35.8952,18.6242,-8.6355,0.0000,0.0000,156.187,-3.800,1.068,91.791,0.0664,0.0063,1.0005,
27.510,IMU,-35.8952,18.6242,-8.6355,0.0000,0.0000,156.187,-3.817,1.070,91.769,0.0684,0.0151,1.0039,
27.523,ENC,-35.8952,18.6242,-8.6355,0.0000,0.0000,156.187,-3.817,1.070,91.769,0.0684,0.0151,1.0039,
27.528,IMU,-35.8952,18.6242,-8.6355,0.0000,0.0000,156.187,-3.775,1.073,91.758,0.0581,0.0229,0.9800,
27.543,ENC,-35.8952,18.6242,-8.6355,0.0000,0.0000,156.187,-3.775,1.073,91.758,0.0581,0.0229,0.9800,
27.548,IMU,-35.8952,18.6242,-8.6355,0.0000,0.0000,156.187,-3.754,1.109,91.752,0.0552,0.0200,0.9902,
27.562,ENC,-35.8952,18.6242,-8.6355,0.0000,0.0000,156.187,-3.754,1.109,91.752,0.0552,0.0200,0.9902,
27.568,IMU,-35.8952,18.6242,-8.6355,0.0000,0.0000,156.187,-3.764,1.093,91.738,0.0732,0.0166,1.0029,
27.583,ENC,-35.8952,18.6242,-8.6355,0.0000,0.0000,156.187,-3.764,1.093,91.738,0.0732,0.0166,1.0029,
27.588,IMU,-35.8952,18.6242,-8.6355,0.0000,0.0000,156.187,-3.806,1.068,91.727,0.0742,0.0034,0.9907,
27.603,ENC,-35.8952,18.6242,-8.6355,0.0000,0.0000,156.187,-3.806,1.068,91.727,0.0742,0.0034,0.9907,
27.608,IMU,-35.8952,18.6242,-8.6355,0.0000,0.0000,156.187,-3.816,1.073,91.741,0.0654,0.0161,0.9961,
27.623,ENC,-35.8952,18.6242,-8.6355,0.0000,0.0000,156.187,-3.816,1.073,91.741,0.0654,0.0161,0.9961,
27.627,IMU,-35.8952,18.6242,-8.6355,0.0000,0.0000,156.187,-3.833,1.077,91.750,0.0791,0.0073,0.9873,
27.642,ENC,-35.8952,18.6242,-8.6355,0.0000,0.0000,156.187,-3.833,1.077,91.750,0.0791,0.0073,0.9873,
27.647,IMU,-35.8952,18.6242,-8.6355,0.0000,0.0000,156.187,-3.780,1.118,91.746,0.0713,0.0117,0.9883,
27.663,ENC,-35.8952,18.6242,-8.6355,0.0000,0.0000,156.187,-3.780,1.118,91.746,0.0713,0.0117,0.9883,
27.667,IMU,-35.8952,18.6242,-8.6355,0.0000,0.0000,156.187,-3.781,1.135,91.775,0.0645,0.0161,0.9849,
27.683,ENC,-35.8952,18.6242,-8.6355,0.0000,0.0000,156.187,-3.781,1.135,91.775,0.0645,0.0161,0.9849,
27.688,IMU,-35.8952,18.6242,-8.6355,0.0000,0.0000,156.187,-3.820,1.127,91.760,0.0762,0.0210,0.9829,
27.703,ENC,-35.8952,18.6242,-8.6355,0.0000,0.0000,156.187,-3.820,1.127,91.760,0.0762,0.0210,0.9829,
27.708,IMU,-35.8952,18.6242,-8.6355,0.0000,0.0000,156.187,-3.820,1.126,91.791,0.0459,0.0122,1.0005,
27.723,ENC,-35.8952,18.6242,-8.6355,0.0000,0.0000,156.187,-3.820,1.126,91.791,0.0459,0.0122,1.0005,
27.728,IMU,-35.8952,18.6242,-8.6355,0.0000,0.0000,156.187,-3.804,1.105,91.784,0.0620,0.0156,0.9907,
27.743,ENC,-35.8952,18.6242,-8.6355,0.0000,0.0000,156.187,-3.804,1.105,91.784,0.0620,0.0156,0.9907,
27.748,IMU,-35.8952,18.6242,-8.6355,0.0000,0.0000,156.187,-3.796,1.106,91.832,0.0708,0.0132,0.9946,
27.763,ENC,-35.8952,18.6242,-8.6355,0.0000,0.0000,156.187,-3.796,1.106,91.832,0.0708,0.0132,0.9946,
27.768,IMU,-35.8952,18.6242,-8.6355,0.0000,0.0000,156.187,-3.845,1.111,91.875,0.0742,-0.0015,0.9941,
27.784,ENC,-35.8952,18.6242,-8.6355,0.0000,0.0000,156.187,-3.845,1.111,91.875,0.0742,-0.0015,0.9941,
27.788,IMU,-35.8952,18.6242,-8.6355,0.0000,0.0000,156.187,-3.862,1.062,91.859,0.0635,0.0103,0.9956,
27.802,ENC,-35.8952,18.6242,-8.6355,0.0000,0.0000,156.187,-3.862,1.062,91.859,0.0635,0.0103,0.9956,
27.808,IMU,-35.8952,18.6242,-8.6355,0.0000,0.0000,156.187,-3.890,1.050,91.854,0.0703,0.0132,1.0000,
27.824,ENC,-35.8952,18.6242,-8.6355,0.0000,0.0000,156.187,-3.890,1.050,91.854,0.0703,0.0132,1.0000,
27.828,IMU,-35.8952,18.6242,-8.6355,0.0000,0.0000,156.187,-3.860,1.027,91.835,0.0640,0.0122,0.9927,
27.843,ENC,-35.8952,18.6242,-8.6355,0.0000,0.0000,156.187,-3.860,1.027,91.835,0.0640,0.0122,0.9927,
27.847,IMU,-35.8952,18.6242,-8.6355,0.0000,0.0000,156.187,-3.867,1.030,91.835,0.0654,0.0146,0.9883,
27.862,ENC,-35.8952,18.6242,-8.6355,0.0000,0.0000,156.187,-3.867,1.030,91.835,0.0654,0.0146,0.9883,
27.868,IMU,-35.8952,18.6242,-8.6355,0.0000,0.0000,156.187,-3.887,1.035,91.819,0.0723,0.0137,1.0024,
27.883,ENC,-35.8952,18.6242,-8.6355,0.0000,0.0000,156.187,-3.887,1.035,91.819,0.0723,0.0137,1.0024,
27.887,IMU,-35.8952,18.6242,-8.6355,0.0000,0.0000,156.187,-3.858,1.050,91.818,0.0684,0.0181,0.9912,
27.902,ENC,-35.8952,18.6242,-8.6355,0.0000,0.0000,156.187,-3.858,1.050,91.818,0.0684,0.0181,0.9912,
27.939,IMU,-35.8952,18.6242,-8.6355,0.0000,0.0000,156.187,-3.843,1.034,91.864,0.0649,0.0146,1.0044,
27.942,IMU,-35.8952,18.6242,-8.6355,0.0000,0.0000,156.187,-3.878,1.007,91.860,0.0684,0.0020,0.9956,
27.942,ENC,-35.8952,18.6242,-8.6355,0.0000,0.0000,156.187,-3.878,1.007,91.860,0.0684,0.0020,0.9956,
27.947,IMU,-35.8952,18.6242,-8.6355,0.0000,0.0000,156.187,-3.812,0.998,91.828,0.0620,0.0098,0.9937,
27.962,ENC,-35.8952,18.6242,-8.6355,0.0000,0.0000,156.187,-3.812,0.998,91.828,0.0620,0.0098,0.9937,
27.967,IMU,-35.8952,18.6242,-8.6355,0.0000,0.0000,156.187,-3.848,1.031,91.842,0.0562,0.0127,0.9932,
27.990,IMU,-35.8952,18.6242,-8.6355,0.0000,0.0000,156.187,-3.817,0.995,91.825,0.0601,0.0171,0.9897,
27.990,ENC,-35.8952,18.6242,-8.6355,0.0000,0.0000,156.187,-3.817,0.995,91.825,0.0601,0.0171,0.9897,
28.004,ENC,-35.8952,18.6242,-8.6355,0.0000,0.0000,156.187,-3.817,0.995,91.825,0.0601,0.0171,0.9897,
28.007,IMU,-35.8952,18.6242,-8.6355,0.0000,0.0000,156.187,-3.804,0.998,91.780,0.0571,0.0098,0.9946,
28.023,ENC,-35.8952,18.6242,-8.6355,0.0000,0.0000,156.187,-3.804,0.998,91.780,0.0571,0.0098,0.9946,
28.028,IMU,-35.8952,18.6242,-8.6355,0.0000,0.0000,156.187,-3.792,0.979,91.765,0.0713,0.0068,1.0044,
28.043,ENC,-35.8952,18.6242,-8.6355,0.0000,0.0000,156.187,-3.792,0.979,91.765,0.0713,0.0068,1.0044,
28.048,IMU,-35.8952,18.6242,-8.6355,0.0000,0.0000,156.187,-3.804,0.936,91.801,0.0684,0.0044,0.9854,
28.063,ENC,-35.8952,18.6242,-8.6355,0.0000,0.0000,156.187,-3.804,0.936,91.801,0.0684,0.0044,0.9854,
28.070,IMU,-35.8952,18.6242,-8.6355,0.0000,0.0000,156.187,-3.832,0.923,91.791,0.0679,0.0063,0.9897,
28.082,ENC,-35.8952,18.6242,-8.6355,0.0000,0.0000,156.187,-3.832,0.923,91.791,0.0679,0.0063,0.9897,
28.088,IMU,-35.8952,18.6242,-8.6355,0.0000,0.0000,156.187,-3.823,0.900,91.741,0.0547,0.0132,0.9971,
28.103,ENC,-35.8952,18.6242,-8.6355,0.0000,0.0000,156.187,-3.823,0.900,91.741,0.0547,0.0132,0.9971,
28.135,ENC,-35.8952,18.6242,-8.6355,0.0000,0.0000,156.187,-3.823,0.900,91.741,0.0547,0.0132,0.9971,
28.138,IMU,-35.8952,18.6242,-8.6355,0.0000,0.0000,156.187,-3.807,0.872,91.760,0.0591,-0.0005,0.9995,
28.141,IMU,-35.8952,18.6242,-8.6355,0.0000,0.0000,156.187,-3.804,0.857,91.776,0.0649,0.0098,1.0010,
28.145,ENC,-35.8952,18.6242,-8.6355,0.0000,0.0000,156.187,-3.804,0.857,91.776,0.0649,0.0098,1.0010,
28.148,IMU,-35.8952,18.6242,-8.6355,0.0000,0.0000,156.187,-3.813,0.867,91.835,0.0645,0.0039,0.9937,
28.163,ENC,-35.8952,18.6242,-8.6355,0.0000,0.0000,156.187,-3.813,0.867,91.835,0.0645,0.0039,0.9937,
28.168,IMU,-35.8952,18.6242,-8.6355,0.0000,0.0000,156.187,-3.772,0.871,91.832,0.0581,0.0142,1.0020,
28.182,ENC,-35.8952,18.6242,-8.6355,0.0000,0.0000,156.187,-3.772,0.871,91.832,0.0581,0.0142,1.0020,
28.188,IMU,-35.8952,18.6242,-8.6355,0.0000,0.0000,156.187,-3.750,0.838,91.855,0.0674,0.0122,0.9956,
28.202,ENC,-35.8952,18.6242,-8.6355,0.0000,0.0000,156.187,-3.750,0.838,91.855,0.0674,0.0122,0.9956,
28.208,IMU,-35.8952,18.6242,-8.6355,0.0000,0.0000,156.187,-3.755,0.827,91.822,0.0576,0.0098,0.9966,
28.226,ENC,-35.8952,18.6242,-8.6355,0.0000,0.0000,156.187,-3.755,0.827,91.822,0.0576,0.0098,0.9966,
28.228,IMU,-35.8952,18.6242,-8.6355,0.0000,0.0000,156.187,-3.726,0.865,91.807,0.0552,0.0156,1.0020,
28.242,ENC,-35.8952,18.6242,-8.6355,0.0000,0.0000,156.187,-3.726,0.865,91.807,0.0552,0.0156,1.0020,
28.248,IMU,-35.8952,18.6242,-8.6355,0.0000,0.0000,156.187,-3.737,0.856,91.736,0.0703,0.0166,0.9927,
28.263,ENC,-35.8952,18.6242,-8.6355,0.0000,0.0000,156.187,-3.737,0.856,91.736,0.0703,0.0166,0.9927,
28.268,IMU,-35.8952,18.6242,-8.6355,0.0000,0.0000,156.187,-3.773,0.826,91.710,0.0601,0.0088,0.9863,
28.282,ENC,-35.8952,18.6242,-8.6355,0.0000,0.0000,156.187,-3.773,0.826,91.710,0.0601,0.0088,0.9863,
28.288,IMU,-35.8952,18.6242,-8.6355,0.0000,0.0000,156.187,-3.793,0.843,91.716,0.0591,0.0205,0.9971,
28.302,ENC,-35.8952,18.6242,-8.6355,0.0000,0.0000,156.187,-3.793,0.843,91.716,0.0591,0.0205,0.9971,
28.308,IMU,-35.8952,18.6242,-8.6355,0.0000,0.0000,156.187,-3.773,0.787,91.714,0.0757,0.0103,1.0000,
28.325,ENC,-35.8952,18.6242,-8.6355,0.0000,0.0000,156.187,-3.773,0.787,91.714,0.0757,0.0103,1.0000,
28.329,IMU,-35.8952,18.6242,-8.6355,0.0000,0.0000,156.187,-3.831,0.809,91.731,0.0688,0.0107,0.9863,
28.342,ENC,-35.8952,18.6242,-8.6355,0.0000,0.0000,156.187,-3.831,0.809,91.731,0.0688,0.0107,0.9863,
28.348,IMU,-35.8952,18.6242,-8.6355,0.0000,0.0000,156.187,-3.824,0.794,91.719,0.0747,0.0117,0.9971,
28.362,ENC,-35.8952,18.6242,-8.6355,0.0000,0.0000,156.187,-3.824,0.794,91.719,0.0747,0.0117,0.9971,
28.368,IMU,-35.8952,18.6242,-8.6355,0.0000,0.0000,156.187,-3.838,0.758,91.742,0.0591,-0.0024,0.9912,
28.383,ENC,-35.8952,18.6242,-8.6355,0.0000,0.0000,156.187,-3.838,0.758,91.742,0.0591,-0.0024,0.9912,
28.387,IMU,-35.8952,18.6242,-8.6355,0.0000,0.0000,156.187,-3.842,0.743,91.730,0.0693,0.0093,0.9956,
28.403,ENC,-35.8952,18.6242,-8.6355,0.0000,0.0000,156.187,-3.842,0.743,91.730,0.0693,0.0093,0.9956,
28.407,IMU,-35.8952,18.6242,-8.6355,0.0000,0.0000,156.187,-3.816,0.728,91.753,0.0679,0.0122,1.0044,
28.422,ENC,-35.8952,18.6242,-8.6355,0.0000,0.0000,156.187,-3.816,0.728,91.753,0.0679,0.0122,1.0044,
28.428,IMU,-35.8952,18.6242,-8.6355,0.0000,0.0000,156.187,-3.816,0.735,91.712,0.0635,0.0205,1.0000,
28.443,ENC,-35.8952,18.6242,-8.6355,0.0000,0.0000,156.187,-3.816,0.735,91.712,0.0635,0.0205,1.0000,
28.448,IMU,-35.8952,18.6242,-8.6355,0.0000,0.0000,156.187,-3.828,0.734,91.685,0.0635,0.0117,0.9912,
28.463,ENC,-35.8952,18.6242,-8.6355,0.0000,0.0000,156.187,-3.828,0.734,91.685,0.0635,0.0117,0.9912,
28.483,ENC,-35.8952,18.6242,-8.6355,0.0000,0.0000,156.187,-3.828,0.734,91.685,0.0635,0.0117,0.9912,
28.488,IMU,-35.8952,18.6242,-8.6355,0.0000,0.0000,156.187,-3.821,0.732,91.755,0.0547,0.0117,0.9956,
28.504,ENC,-35.8952,18.6242,-8.6355,0.0000,0.0000,156.187,-3.821,0.732,91.755,0.0547,0.0117,0.9956,
28.507,IMU,-35.8952,18.6242,-8.6355,0.0000,0.0000,156.187,-3.826,0.738,91.766,0.0605,0.0103,0.9961,
28.523,ENC,-35.8952,18.6242,-8.6355,0.0000,0.0000,156.187,-3.826,0.738,91.766,0.0605,0.0103,0.9961,
28.527,IMU,-35.8952,18.6242,-8.6355,0.0000,0.0000,156.187,-3.796,0.772,91.816,0.0698,0.0103,1.0029,
28.542,ENC,-35.8952,18.6242,-8.6355,0.0000,0.0000,156.187,-3.796,0.772,91.816,0.0698,0.0103,1.0029,
28.547,IMU,-35.8952,18.6242,-8.6355,0.0000,0.0000,156.187,-3.793,0.755,91.802,0.0620,0.0171,0.9912,
28.564,ENC,-35.8952,18.6242,-8.6355,0.0000,0.0000,156.187,-3.793,0.755,91.802,0.0620,0.0171,0.9912,
28.568,IMU,-35.8952,18.6242,-8.6355,0.0000,0.0000,156.187,-3.793,0.758,91.797,0.0703,0.0039,0.9985,
28.594,ENC,-35.8952,18.6242,-8.6355,0.0000,0.0000,156.187,-3.793,0.758,91.797,0.0703,0.0039,0.9985,
28.605,ENC,-35.8952,18.6242,-8.6355,0.0000,0.0000,156.187,-3.793,0.758,91.797,0.0703,0.0039,0.9985,
28.608,IMU,-35.8952,18.6242,-8.6355,0.0000,0.0000,156.187,-3.872,0.748,91.838,0.0747,0.0122,0.9946,
28.623,ENC,-35.8952,18.6242,-8.6355,0.0000,0.0000,156.187,-3.872,0.748,91.838,0.0747,0.0122,0.9946,
28.628,IMU,-35.8952,18.6242,-8.6355,0.0000,0.0000,156.187,-3.875,0.782,91.809,0.0737,0.0015,0.9995,
28.642,ENC,-35.8952,18.6242,-8.6355,0.0000,0.0000,156.187,-3.875,0.782,91.809,0.0737,0.0015,0.9995,
28.648,IMU,-35.8952,18.6242,-8.6355,0.0000,0.0000,156.187,-3.870,0.759,91.825,0.0645,0.0059,0.9932,
28.662,ENC,-35.8952,18.6242,-8.6355,0.0000,0.0000,156.187,-3.870,0.759,91.825,0.0645,0.0059,0.9932,
28.667,IMU,-35.8952,18.6242,-8.6355,0.0000,0.0000,156.187,-3.845,0.768,91.835,0.0679,0.0181,0.9990,
28.684,ENC,-35.8952,18.6242,-8.6355,0.0000,0.0000,156.187,-3.845,0.768,91.835,0.0679,0.0181,0.9990,
28.688,IMU,-35.8952,18.6242,-8.6355,0.0000,0.0000,156.187,-3.835,0.767,91.856,0.0659,-0.0034,1.0015,
28.702,ENC,-35.8952,18.6242,-8.6355,0.0000,0.0000,156.187,-3.835,0.767,91.856,0.0659,-0.0034,1.0015,
28.707,IMU,-35.8952,18.6242,-8.6355,0.0000,0.0000,156.187,-3.841,0.758,91.853,0.0586,0.0093,0.9888,
28.729,IMU,-35.8952,18.6242,-8.6355,0.0000,0.0000,156.187,-3.797,0.759,91.858,0.0640,0.0107,1.0010,
28.747,ENC,-35.8952,18.6242,-8.6355,0.0000,0.0000,156.187,-3.797,0.759,91.858,0.0640,0.0107,1.0010,
28.750,IMU,-35.8952,18.6242,-8.6355,0.0000,0.0000,156.187,-3.819,0.745,91.882,0.0591,0.0142,1.0083,
28.763,ENC,-35.8952,18.6242,-8.6355,0.0000,0.0000,156.187,-3.819,0.745,91.882,0.0591,0.0142,1.0083,
28.767,IMU,-35.8952,18.6242,-8.6355,0.0000,0.0000,156.187,-3.841,0.736,91.887,0.0669,0.0005,0.9941,
28.783,ENC,-35.8952,18.6242,-8.6355,0.0000,0.0000,156.187,-3.841,0.736,91.887,0.0669,0.0005,0.9941,
28.787,IMU,-35.8952,18.6242,-8.6355,0.0000,0.0000,156.187,-3.859,0.746,91.882,0.0693,0.0054,0.9956,
28.802,ENC,-35.8952,18.6242,-8.6355,0.0000,0.0000,156.187,-3.859,0.746,91.882,0.0693,0.0054,0.9956,
28.808,IMU,-35.8952,18.6242,-8.6355,0.0000,0.0000,156.187,-3.925,0.771,91.913,0.0732,0.0107,0.9893,
28.823,ENC,-35.8952,18.6242,-8.6355,0.0000,0.0000,156.187,-3.925,0.771,91.913,0.0732,0.0107,0.9893,
28.827,IMU,-35.8952,18.6242,-8.6355,0.0000,0.0000,156.187,-3.909,0.747,91.902,0.0625,0.0156,0.9795,
28.842,ENC,-35.8952,18.6242,-8.6355,0.0000,0.0000,156.187,-3.909,0.747,91.902,0.0625,0.0156,0.9795,
28.847,IMU,-35.8952,18.6242,-8.6355,0.0000,0.0000,156.187,-3.873,0.733,91.891,0.0635,0.0156,0.9990,
28.865,ENC,-35.8952,18.6242,-8.6355,0.0000,0.0000,156.187,-3.873,0.733,91.891,0.0635,0.0156,0.9990,
28.870,IMU,-35.8952,18.6242,-8.6355,0.0000,0.0000,156.187,-3.910,0.761,91.886,0.0815,0.0117,0.9917,
28.887,IMU,-35.8952,18.6242,-8.6355,0.0000,0.0000,156.187,-3.932,0.800,91.893,0.0771,0.0190,1.0010,
28.895,ENC,-35.8952,18.6242,-8.6355,0.0000,0.0000,156.187,-3.932,0.800,91.893,0.0771,0.0190,1.0010,
28.902,ENC,-35.8952,18.6242,-8.6355,0.0000,0.0000,156.187,-3.932,0.800,91.893,0.0771,0.0190,1.0010,
28.907,IMU,-35.8952,18.6242,-8.6355,0.0000,0.0000,156.187,-3.893,0.771,91.888,0.0669,0.0044,0.9937,
28.922,ENC,-35.8952,18.6242,-8.6355,0.0000,0.0000,156.187,-3.893,0.771,91.888,0.0669,0.0044,0.9937,
28.928,IMU,-35.8952,18.6242,-8.6355,0.0000,0.0000,156.187,-3.839,0.769,91.875,0.0576,0.0088,0.9937,
28.942,ENC,-35.8952,18.6242,-8.6355,0.0000,0.0000,156.187,-3.839,0.769,91.875,0.0576,0.0088,0.9937,
28.948,IMU,-35.8952,18.6242,-8.6355,0.0000,0.0000,156.187,-3.863,0.783,91.864,0.0615,0.0112,0.9995,
28.963,ENC,-35.8952,18.6242,-8.6355,0.0000,0.0000,156.187,-3.863,0.783,91.864,0.0615,0.0112,0.9995,
28.967,IMU,-35.8952,18.6242,-8.6355,0.0000,0.0000,156.187,-3.864,0.806,91.796,0.0698,0.0161,1.0000,
28.982,ENC,-35.8952,18.6242,-8.6355,0.0000,0.0000,156.187,-3.864,0.806,91.796,0.0698,0.0161,1.0000,
28.987,IMU,-35.8952,18.6242,-8.6355,0.0000,0.0000,156.187,-3.847,0.808,91.785,0.0625,0.0078,0.9917,
29.002,ENC,-35.8952,18.6242,-8.6355,0.0000,0.0000,156.187,-3.847,0.808,91.785,0.0625,0.0078,0.9917,
29.012,IMU,-35.8952,18.6242,-8.6355,0.0000,0.0000,156.187,-3.828,0.808,91.806,0.0498,0.0181,0.9966,
29.023,ENC,-35.8952,18.6242,-8.6355,0.0000,0.0000,156.187,-3.828,0.808,91.806,0.0498,0.0181,0.9966,
29.028,IMU,-35.8952,18.6242,-8.6355,0.0000,0.0000,156.187,-3.822,0.814,91.841,0.0601,0.0059,0.9990,
29.045,ENC,-35.8952,18.6242,-8.6355,0.0000,0.0000,156.187,-3.822,0.814,91.841,0.0601,0.0059,0.9990,
29.048,IMU,-35.8952,18.6242,-8.6355,0.0000,0.0000,156.187,-3.833,0.834,91.807,0.0698,0.0073,0.9873,
29.066,ENC,-35.8952,18.6242,-8.6355,0.0000,0.0000,156.187,-3.833,0.834,91.807,0.0698,0.0073,0.9873,
29.069,IMU,-35.8952,18.6242,-8.6355,0.0000,0.0000,156.187,-3.820,0.848,91.791,0.0591,0.0161,1.0034,
29.082,ENC,-35.8952,18.6242,-8.6355,0.0000,0.0000,156.187,-3.820,0.848,91.791,0.0591,0.0161,1.0034,
29.087,IMU,-35.8952,18.6242,-8.6355,0.0000,0.0000,156.187,-3.808,0.830,91.808,0.0566,0.0083,0.9946,
29.102,ENC,-35.8952,18.6242,-8.6355,0.0000,0.0000,156.187,-3.808,0.830,91.808,0.0566,0.0083,0.9946,
29.108,IMU,-35.8952,18.6242,-8.6355,0.0000,0.0000,156.187,-3.781,0.804,91.795,0.0615,0.0127,0.9863,
29.122,ENC,-35.8952,18.6242,-8.6355,0.0000,0.0000,156.187,-3.781,0.804,91.795,0.0615,0.0127,0.9863,
29.128,IMU,-35.8952,18.6242,-8.6355,0.0000,0.0000,156.187,-3.804,0.840,91.793,0.0840,0.0093,0.9922,
29.142,ENC,-35.8952,18.6242,-8.6355,0.0000,0.0000,156.187,-3.804,0.840,91.793,0.0840,0.0093,0.9922,
29.148,IMU,-35.8952,18.6242,-8.6355,0.0000,0.0000,156.187,-3.861,0.826,91.805,0.0674,0.0122,1.0000,
29.163,ENC,-35.8952,18.6242,-8.6355,0.0000,0.0000,156.187,-3.861,0.826,91.805,0.0674,0.0122,1.0000,
29.167,IMU,-35.8952,18.6242,-8.6355,0.0000,0.0000,156.187,-3.865,0.837,91.813,0.0708,0.0078,0.9927,
29.183,ENC,-35.8952,18.6242,-8.6355,0.0000,0.0000,156.187,-3.865,0.837,91.813,0.0708,0.0078,0.9927,
29.187,IMU,-35.8952,18.6242,-8.6355,0.0000,0.0000,156.187,-3.799,0.781,91.842,0.0620,0.0015,0.9956,
29.203,ENC,-35.8952,18.6242,-8.6355,0.0000,0.0000,156.187,-3.799,0.781,91.842,0.0620,0.0015,0.9956,
29.208,IMU,-35.8952,18.6242,-8.6355,0.0000,0.0000,156.187,-3.805,0.795,91.784,0.0669,0.0088,0.9971,
29.223,ENC,-35.8952,18.6242,-8.6355,0.0000,0.0000,156.187,-3.805,0.795,91.784,0.0669,0.0088,0.9971,
29.229,IMU,-35.8952,18.6242,-8.6355,0.0000,0.0000,156.187,-3.836,0.818,91.785,0.0542,0.0117,0.9917,
29.242,ENC,-35.8952,18.6242,-8.6355,0.0000,0.0000,156.187,-3.836,0.818,91.785,0.0542,0.0117,0.9917,
29.251,IMU,-35.8952,18.6242,-8.6355,0.0000,0.0000,156.187,-3.852,0.780,91.759,0.0562,0.0098,0.9917,
29.262,ENC,-35.8952,18.6242,-8.6355,0.0000,0.0000,156.187,-3.852,0.780,91.759,0.0562,0.0098,0.9917,
29.271,IMU,-35.8952,18.6242,-8.6355,0.0000,0.0000,156.187,-3.892,0.784,91.820,0.0635,0.0186,0.9946,
29.282,ENC,-35.8952,18.6242,-8.6355,0.0000,0.0000,156.187,-3.892,0.784,91.820,0.0635,0.0186,0.9946,
29.288,IMU,-35.8952,18.6242,-8.6355,0.0000,0.0000,156.187,-3.930,0.730,91.814,0.0854,0.0112,0.9985,
29.303,ENC,-35.8952,18.6242,-8.6355,0.0000,0.0000,156.187,-3.930,0.730,91.814,0.0854,0.0112,0.9985,
29.308,IMU,-35.8952,18.6242,-8.6355,0.0000,0.0000,156.187,-3.926,0.730,91.826,0.0693,0.0215,0.9917,
29.323,ENC,-35.8952,18.6242,-8.6355,0.0000,0.0000,156.187,-3.926,0.730,91.826,0.0693,0.0215,0.9917,
29.328,IMU,-35.8952,18.6242,-8.6355,0.0000,0.0000,156.187,-3.909,0.770,91.856,0.0669,0.0142,0.9922,
29.342,ENC,-35.8952,18.6242,-8.6355,0.0000,0.0000,156.187,-3.909,0.770,91.856,0.0669,0.0142,0.9922,
29.347,IMU,-35.8952,18.6242,-8.6355,0.0000,0.0000,156.187,-3.889,0.747,91.864,0.0503,0.0166,0.9902,
29.363,ENC,-35.8952,18.6242,-8.6355,0.0000,0.0000,156.187,-3.889,0.747,91.864,0.0503,0.0166,0.9902,
29.368,IMU,-35.8952,18.6242,-8.6355,0.0000,0.0000,156.187,-3.903,0.756,91.857,0.0728,0.0093,0.9932,
29.382,ENC,-35.8952,18.6242,-8.6355,0.0000,0.0000,156.187,-3.903,0.756,91.857,0.0728,0.0093,0.9932,
29.388,IMU,-35.8952,18.6242,-8.6355,0.0000,0.0000,156.187,-3.933,0.748,91.856,0.0645,0.0142,0.9990,
29.403,ENC,-35.8952,18.6242,-8.6355,0.0000,0.0000,156.187,-3.933,0.748,91.856,0.0645,0.0142,0.9990,
29.408,IMU,-35.8952,18.6242,-8.6355,0.0000,0.0000,156.187,-3.902,0.772,91.798,0.0591,0.0024,0.9893,
29.422,ENC,-35.8952,18.6242,-8.6355,0.0000,0.0000,156.187,-3.902,0.772,91.798,0.0591,0.0024,0.9893,
29.428,IMU,-35.8952,18.6242,-8.6355,0.0000,0.0000,156.187,-3.913,0.778,91.851,0.0703,0.0186,0.9937,
29.443,ENC,-35.8952,18.6242,-8.6355,0.0000,0.0000,156.187,-3.913,0.778,91.851,0.0703,0.0186,0.9937,
29.447,IMU,-35.8952,18.6242,-8.6355,0.0000,0.0000,156.187,-3.896,0.775,91.823,0.0620,0.0088,0.9976,
29.463,ENC,-35.8952,18.6242,-8.6355,0.0000,0.0000,156.187,-3.896,0.775,91.823,0.0620,0.0088,0.9976,
29.468,IMU,-35.8952,18.6242,-8.6355,0.0000,0.0000,156.187,-3.916,0.829,91.864,0.0674,0.0142,0.9937,
29.483,ENC,-35.8952,18.6242,-8.6355,0.0000,0.0000,156.187,-3.916,0.829,91.864,0.0674,0.0142,0.9937,
29.488,IMU,-35.8952,18.6242,-8.6355,0.0000,0.0000,156.187,-3.909,0.760,91.862,0.0679,-0.0039,0.9951,
29.504,ENC,-35.8952,18.6242,-8.6355,0.0000,0.0000,156.187,-3.909,0.760,91.862,0.0679,-0.0039,0.9951,
29.507,IMU,-35.8952,18.6242,-8.6355,0.0000,0.0000,156.187,-3.896,0.725,91.797,0.0605,0.0093,0.9971,
29.523,ENC,-35.8952,18.6242,-8.6355,0.0000,0.0000,156.187,-3.896,0.725,91.797,0.0605,0.0093,0.9971,
29.527,IMU,-35.8952,18.6242,-8.6355,0.0000,0.0000,156.187,-3.896,0.732,91.773,0.0669,0.0176,0.9985,
29.543,ENC,-35.8952,18.6242,-8.6355,0.0000,0.0000,156.187,-3.896,0.732,91.773,0.0669,0.0176,0.9985,
29.547,IMU,-35.8952,18.6242,-8.6355,0.0000,0.0000,156.187,-3.896,0.742,91.764,0.0596,0.0049,1.0005,
29.562,ENC,-35.8952,18.6242,-8.6355,0.0000,0.0000,156.187,-3.896,0.742,91.764,0.0596,0.0049,1.0005,
29.568,IMU,-35.8952,18.6242,-8.6355,0.0000,0.0000,156.187,-3.906,0.774,91.798,0.0562,0.0166,0.9956,
29.582,ENC,-35.8952,18.6242,-8.6355,0.0000,0.0000,156.187,-3.906,0.774,91.798,0.0562,0.0166,0.9956,
29.588,IMU,-35.8952,18.6242,-8.6355,0.0000,0.0000,156.187,-3.908,0.791,91.797,0.0659,0.0063,0.9922,
29.603,ENC,-35.8952,18.6242,-8.6355,0.0000,0.0000,156.187,-3.908,0.791,91.797,0.0659,0.0063,0.9922,
29.607,IMU,-35.8952,18.6242,-8.6355,0.0000,0.0000,156.187,-3.921,0.743,91.813,0.0605,0.0029,0.9897,
29.623,ENC,-35.8952,18.6242,-8.6355,0.0000,0.0000,156.187,-3.921,0.743,91.813,0.0605,0.0029,0.9897,
29.627,IMU,-35.8952,18.6242,-8.6355,0.0000,0.0000,156.187,-3.915,0.711,91.784,0.0645,0.0044,1.0005,
29.643,ENC,-35.8952,18.6242,-8.6355,0.0000,0.0000,156.187,-3.915,0.711,91.784,0.0645,0.0044,1.0005,
29.648,IMU,-35.8952,18.6242,-8.6355,0.0000,0.0000,156.187,-3.890,0.695,91.762,0.0474,0.0137,0.9976,
29.662,ENC,-35.8952,18.6242,-8.6355,0.0000,0.0000,156.187,-3.890,0.695,91.762,0.0474,0.0137,0.9976,
29.669,IMU,-35.8952,18.6242,-8.6355,0.0000,0.0000,156.187,-3.890,0.718,91.829,0.0576,0.0127,0.9971,
29.682,ENC,-35.8952,18.6242,-8.6355,0.0000,0.0000,156.187,-3.890,0.718,91.829,0.0576,0.0127,0.9971,
29.688,IMU,-35.8952,18.6242,-8.6355,0.0000,0.0000,156.187,-3.879,0.704,91.808,0.0684,0.0137,0.9873,
29.702,ENC,-35.8952,18.6242,-8.6355,0.0000,0.0000,156.187,-3.879,0.704,91.808,0.0684,0.0137,0.9873,
29.708,IMU,-35.8952,18.6242,-8.6355,0.0000,0.0000,156.187,-3.896,0.638,91.804,0.0601,0.0142,0.9888,
29.723,ENC,-35.8952,18.6242,-8.6355,0.0000,0.0000,156.187,-3.896,0.638,91.804,0.0601,0.0142,0.9888,
29.727,IMU,-35.8952,18.6242,-8.6355,0.0000,0.0000,156.187,-3.924,0.655,91.742,0.0552,0.0020,0.9927,
29.746,ENC,-35.8952,18.6242,-8.6355,0.0000,0.0000,156.187,-3.924,0.655,91.742,0.0552,0.0020,0.9927,
29.749,IMU,-35.8952,18.6242,-8.6355,0.0000,0.0000,156.187,-3.952,0.685,91.726,0.0649,0.0083,1.0078,
29.763,ENC,-35.8952,18.6242,-8.6355,0.0000,0.0000,156.187,-3.952,0.685,91.726,0.0649,0.0083,1.0078,
29.768,IMU,-35.8952,18.6242,-8.6355,0.0000,0.0000,156.187,-3.934,0.636,91.731,0.0698,0.0151,0.9971,
29.783,ENC,-35.8952,18.6242,-8.6355,0.0000,0.0000,156.187,-3.934,0.636,91.731,0.0698,0.0151,0.9971,
29.788,IMU,-35.8952,18.6242,-8.6355,0.0000,0.0000,156.187,-3.910,0.607,91.742,0.0537,0.0073,0.9824,
29.802,ENC,-35.8952,18.6242,-8.6355,0.0000,0.0000,156.187,-3.910,0.607,91.742,0.0537,0.0073,0.9824,
29.808,IMU,-35.8952,18.6242,-8.6355,0.0000,0.0000,156.187,-3.880,0.611,91.695,0.0513,0.0186,0.9858,
29.823,ENC,-35.8952,18.6242,-8.6355,0.0000,0.0000,156.187,-3.880,0.611,91.695,0.0513,0.0186,0.9858,
29.827,IMU,-35.8952,18.6242,-8.6355,0.0000,0.0000,156.187,-3.861,0.607,91.685,0.0581,0.0107,0.9883,
29.843,ENC,-35.8952,18.6242,-8.6355,0.0000,0.0000,156.187,-3.861,0.607,91.685,0.0581,0.0107,0.9883,
29.847,IMU,-35.8952,18.6242,-8.6355,0.0000,0.0000,156.187,-3.858,0.586,91.698,0.0645,-0.0010,0.9800,
29.864,ENC,-35.8952,18.6242,-8.6355,0.0000,0.0000,156.187,-3.858,0.586,91.698,0.0645,-0.0010,0.9800,
29.867,IMU,-35.8952,18.6242,-8.6355,0.0000,0.0000,156.187,-3.851,0.588,91.730,0.0630,0.0107,0.9966,
29.886,ENC,-35.8952,18.6242,-8.6355,0.0000,0.0000,156.187,-3.851,0.588,91.730,0.0630,0.0107,0.9966,
29.889,IMU,-35.8952,18.6242,-8.6355,0.0000,0.0000,156.187,-3.908,0.561,91.766,0.0718,-0.0010,0.9873,
29.903,ENC,-35.8952,18.6242,-8.6355,0.0000,0.0000,156.187,-3.908,0.561,91.766,0.0718,-0.0010,0.9873,
29.907,IMU,-35.8952,18.6242,-8.6355,0.0000,0.0000,156.187,-3.908,0.567,91.773,0.0571,0.0049,0.9980,
29.923,ENC,-35.8952,18.6242,-8.6355,0.0000,0.0000,156.187,-3.908,0.567,91.773,0.0571,0.0049,0.9980,
29.928,IMU,-35.8952,18.6242,-8.6355,0.0000,0.0000,156.187,-3.930,0.562,91.739,0.0601,0.0078,0.9951,
29.942,ENC,-35.8952,18.6242,-8.6355,0.0000,0.0000,156.187,-3.930,0.562,91.739,0.0601,0.0078,0.9951,
29.948,IMU,-35.8952,18.6242,-8.6355,0.0000,0.0000,156.187,-3.919,0.532,91.731,0.0586,-0.0029,1.0088,
29.963,ENC,-35.8952,18.6242,-8.6355,0.0000,0.0000,156.187,-3.919,0.532,91.731,0.0586,-0.0029,1.0088,
29.982,ENC,-35.8952,18.6242,-8.6355,0.0000,0.0000,156.187,-3.919,0.532,91.731,0.0586,-0.0029,1.0088,
29.988,IMU,-35.8952,18.6242,-8.6355,0.0000,0.0000,156.187,-3.929,0.506,91.754,0.0723,0.0176,0.9971,
30.003,ENC,-35.8952,18.6242,-8.6355,0.0000,0.0000,156.187,-3.929,0.506,91.754,0.0723,0.0176,0.9971,
30.007,IMU,-35.8952,18.6242,-8.6355,0.0000,0.0000,156.187,-3.885,0.518,91.759,0.0562,0.0278,1.0054,
30.024,ENC,-35.8952,18.6242,-8.6355,0.0000,0.0000,156.187,-3.885,0.518,91.759,0.0562,0.0278,1.0054,
30.028,IMU,-35.8952,18.6242,-8.6355,0.0000,0.0000,156.187,-3.852,0.520,91.752,0.0649,0.0146,1.0015,
30.043,ENC,-35.8952,18.6242,-8.6355,0.0000,0.0000,156.187,-3.852,0.520,91.752,0.0649,0.0146,1.0015,
30.048,IMU,-35.8952,18.6242,-8.6355,0.0000,0.0000,156.187,-3.861,0.507,91.750,0.0752,0.0093,1.0103,
30.062,ENC,-35.8952,18.6242,-8.6355,0.0000,0.0000,156.187,-3.861,0.507,91.750,0.0752,0.0093,1.0103,
30.070,IMU,-35.8952,18.6242,-8.6355,0.0000,0.0000,156.187,-3.839,0.509,91.744,0.0630,0.0093,0.9912,
30.082,ENC,-35.8952,18.6242,-8.6355,0.0000,0.0000,156.187,-3.839,0.509,91.744,0.0630,0.0093,0.9912,
30.088,IMU,-35.8952,18.6242,-8.6355,0.0000,0.0000,156.187,-3.841,0.508,91.706,0.0674,0.0142,1.0029,
30.103,ENC,-35.8952,18.6242,-8.6355,0.0000,0.0000,156.187,-3.841,0.508,91.706,0.0674,0.0142,1.0029,
30.107,IMU,-35.8952,18.6242,-8.6355,0.0000,0.0000,156.187,-3.821,0.488,91.720,0.0483,-0.0015,0.9873,
30.123,ENC,-35.8952,18.6242,-8.6355,0.0000,0.0000,156.187,-3.821,0.488,91.720,0.0483,-0.0015,0.9873,
30.128,IMU,-35.8952,18.6242,-8.6355,0.0000,0.0000,156.187,-3.860,0.490,91.717,0.0723,0.0122,0.9893,
30.142,ENC,-35.8952,18.6242,-8.6355,0.0000,0.0000,156.187,-3.860,0.490,91.717,0.0723,0.0122,0.9893,
30.148,IMU,-35.8952,18.6242,-8.6355,0.0000,0.0000,156.187,-3.848,0.515,91.714,0.0713,0.0103,0.9990,
30.163,ENC,-35.8952,18.6242,-8.6355,0.0000,0.0000,156.187,-3.848,0.515,91.714,0.0713,0.0103,0.9990,
30.168,IMU,-35.8952,18.6242,-8.6355,0.0000,0.0000,156.187,-3.829,0.551,91.740,0.0620,0.0205,1.0000,
30.183,ENC,-35.8952,18.6242,-8.6355,0.0000,0.0000,156.187,-3.829,0.551,91.740,0.0620,0.0205,1.0000,
30.187,IMU,-35.8952,18.6242,-8.6355,0.0000,0.0000,156.187,-3.816,0.543,91.759,0.0610,0.0146,0.9902,
30.202,ENC,-35.8952,18.6242,-8.6355,0.0000,0.0000,156.187,-3.816,0.543,91.759,0.0610,0.0146,0.9902,
30.208,IMU,-35.8952,18.6242,-8.6355,0.0000,0.0000,156.187,-3.834,0.538,91.766,0.0542,0.0122,1.0044,
30.223,ENC,-35.8952,18.6242,-8.6355,0.0000,0.0000,156.187,-3.834,0.538,91.766,0.0542,0.0122,1.0044,
30.228,IMU,-35.8952,18.6242,-8.6355,0.0000,0.0000,156.187,-3.894,0.505,91.764,0.0674,0.0161,1.0024,
30.243,ENC,-35.8952,18.6242,-8.6355,0.0000,0.0000,156.187,-3.894,0.505,91.764,0.0674,0.0161,1.0024,
30.248,IMU,-35.8952,18.6242,-8.6355,0.0000,0.0000,156.187,-3.843,0.533,91.709,0.0547,0.0166,0.9966,
30.263,ENC,-35.8952,18.6242,-8.6355,0.0000,0.0000,156.187,-3.843,0.533,91.709,0.0547,0.0166,0.9966,
30.268,IMU,-35.8952,18.6242,-8.6355,0.0000,0.0000,156.187,-3.866,0.520,91.742,0.0708,0.0054,0.9941,
30.283,ENC,-35.8952,18.6242,-8.6355,0.0000,0.0000,156.187,-3.866,0.520,91.742,0.0708,0.0054,0.9941,
30.288,IMU,-35.8952,18.6242,-8.6355,0.0000,0.0000,156.187,-3.861,0.549,91.737,0.0645,0.0103,0.9980,
30.303,ENC,-35.8952,18.6242,-8.6355,0.0000,0.0000,156.187,-3.861,0.549,91.737,0.0645,0.0103,0.9980,
30.308,IMU,-35.8952,18.6242,-8.6355,0.0000,0.0000,156.187,-3.811,0.505,91.702,0.0688,0.0127,0.9917,
30.323,ENC,-35.8952,18.6242,-8.6355,0.0000,0.0000,156.187,-3.811,0.505,91.702,0.0688,0.0127,0.9917,
30.328,IMU,-35.8952,18.6242,-8.6355,0.0000,0.0000,156.187,-3.860,0.513,91.695,0.0737,0.0112,0.9868,
30.342,ENC,-35.8952,18.6242,-8.6355,0.0000,0.0000,156.187,-3.860,0.513,91.695,0.0737,0.0112,0.9868,
30.348,IMU,-35.8952,18.6242,-8.6355,0.0000,0.0000,156.187,-3.876,0.556,91.711,0.0649,0.0142,1.0093,
30.362,ENC,-35.8952,18.6242,-8.6355,0.0000,0.0000,156.187,-3.876,0.556,91.711,0.0649,0.0142,1.0093,
30.368,IMU,-35.8952,18.6242,-8.6355,0.0000,0.0000,156.187,-3.848,0.492,91.705,0.0571,-0.0020,0.9951,
30.383,ENC,-35.8952,18.6242,-8.6355,0.0000,0.0000,156.187,-3.848,0.492,91.705,0.0571,-0.0020,0.9951,
30.388,IMU,-35.8952,18.6242,-8.6355,0.0000,0.0000,156.187,-3.851,0.512,91.707,0.0601,0.0068,0.9878,
30.402,ENC,-35.8952,18.6242,-8.6355,0.0000,0.0000,156.187,-3.851,0.512,91.707,0.0601,0.0068,0.9878,
30.408,IMU,-35.8952,18.6242,-8.6355,0.0000,0.0000,156.187,-3.868,0.543,91.725,0.0615,0.0220,1.0054,
30.422,ENC,-35.8952,18.6242,-8.6355,0.0000,0.0000,156.187,-3.868,0.543,91.725,0.0615,0.0220,1.0054,
30.428,IMU,-35.8952,18.6242,-8.6355,0.0000,0.0000,156.187,-3.894,0.520,91.702,0.0630,0.0176,0.9873,
30.442,ENC,-35.8952,18.6242,-8.6355,0.0000,0.0000,156.187,-3.894,0.520,91.702,0.0630,0.0176,0.9873,
30.447,IMU,-35.8952,18.6242,-8.6355,0.0000,0.0000,156.187,-3.916,0.544,91.707,0.0547,0.0161,0.9995,
30.463,ENC,-35.8952,18.6242,-8.6355,0.0000,0.0000,156.187,-3.916,0.544,91.707,0.0547,0.0161,0.9995,
30.467,IMU,-35.8952,18.6242,-8.6355,0.0000,0.0000,156.187,-3.900,0.602,91.711,0.0688,0.0146,0.9834,
30.482,ENC,-35.8952,18.6242,-8.6355,0.0000,0.0000,156.187,-3.900,0.602,91.711,0.0688,0.0146,0.9834,
30.487,IMU,-35.8952,18.6242,-8.6355,0.0000,0.0000,156.187,-3.906,0.612,91.763,0.0737,0.0137,0.9907,
30.503,ENC,-35.8952,18.6242,-8.6355,0.0000,0.0000,156.187,-3.906,0.612,91.763,0.0737,0.0137,0.9907,
30.507,IMU,-35.8952,18.6242,-8.6355,0.0000,0.0000,156.187,-3.899,0.629,91.764,0.0649,0.0181,0.9980,
30.522,ENC,-35.8952,18.6242,-8.6355,0.0000,0.0000,156.187,-3.899,0.629,91.764,0.0649,0.0181,0.9980,
30.528,IMU,-35.8952,18.6242,-8.6355,0.0000,0.0000,156.187,-3.899,0.614,91.755,0.0723,0.0029,0.9878,
30.543,ENC,-35.8952,18.6242,-8.6355,0.0000,0.0000,156.187,-3.899,0.614,91.755,0.0723,0.0029,0.9878,
30.547,IMU,-35.8952,18.6242,-8.6355,0.0000,0.0000,156.187,-3.882,0.632,91.785,0.0610,0.0078,0.9878,
30.563,ENC,-35.8952,18.6242,-8.6355,0.0000,0.0000,156.187,-3.882,0.632,91.785,0.0610,0.0078,0.9878,
30.567,IMU,-35.8952,18.6242,-8.6355,0.0000,0.0000,156.187,-3.914,0.644,91.863,0.0493,0.0098,1.0059,
30.583,ENC,-35.8952,18.6242,-8.6355,0.0000,0.0000,156.187,-3.914,0.644,91.863,0.0493,0.0098,1.0059,
30.588,IMU,-35.8952,18.6242,-8.6355,0.0000,0.0000,156.187,-3.996,0.630,91.897,0.0869,0.0176,1.0005,
30.603,ENC,-35.8952,18.6242,-8.6355,0.0000,0.0000,156.187,-3.996,0.630,91.897,0.0869,0.0176,1.0005,
30.608,IMU,-35.8952,18.6242,-8.6355,0.0000,0.0000,156.187,-3.957,0.674,91.918,0.0693,0.0161,0.9951,
30.623,ENC,-35.8952,18.6242,-8.6355,0.0000,0.0000,156.187,-3.957,0.674,91.918,0.0693,0.0161,0.9951,
30.630,IMU,-35.8952,18.6242,-8.6355,0.0000,0.0000,156.187,-3.932,0.703,91.918,0.0625,0.0171,0.9946,
30.642,ENC,-35.8952,18.6242,-8.6355,0.0000,0.0000,156.187,-3.932,0.703,91.918,0.0625,0.0171,0.9946,
30.648,IMU,-35.8952,18.6242,-8.6355,0.0000,0.0000,156.187,-3.872,0.701,91.912,0.0654,0.0151,0.9951,
30.662,ENC,-35.8952,18.6242,-8.6355,0.0000,0.0000,156.187,-3.872,0.701,91.912,0.0654,0.0151,0.9951,
30.667,IMU,-35.8952,18.6242,-8.6355,0.0000,0.0000,156.187,-3.843,0.712,91.914,0.0620,0.0078,0.9868,
30.684,ENC,-35.8952,18.6242,-8.6355,0.0000,0.0000,156.187,-3.843,0.712,91.914,0.0620,0.0078,0.9868,
30.688,IMU,-35.8952,18.6242,-8.6355,0.0000,0.0000,156.187,-3.842,0.723,91.898,0.0610,0.0200,1.0024,
30.705,ENC,-35.8952,18.6242,-8.6355,0.0000,0.0000,156.187,-3.842,0.723,91.898,0.0610,0.0200,1.0024,
30.707,IMU,-35.8952,18.6242,-8.6355,0.0000,0.0000,156.187,-3.862,0.728,91.921,0.0522,0.0161,1.0024,
30.722,ENC,-35.8952,18.6242,-8.6355,0.0000,0.0000,156.187,-3.862,0.728,91.921,0.0522,0.0161,1.0024,
30.727,IMU,-35.8952,18.6242,-8.6355,0.0000,0.0000,156.187,-3.821,0.727,91.927,0.0601,0.0024,0.9883,
30.742,ENC,-35.8952,18.6242,-8.6355,0.0000,0.0000,156.187,-3.821,0.727,91.927,0.0601,0.0024,0.9883,
30.747,IMU,-35.8952,18.6242,-8.6355,0.0000,0.0000,156.187,-3.825,0.746,91.911,0.0640,0.0200,1.0010,
30.762,ENC,-35.8952,18.6242,-8.6355,0.0000,0.0000,156.187,-3.825,0.746,91.911,0.0640,0.0200,1.0010,
30.768,IMU,-35.8952,18.6242,-8.6355,0.0000,0.0000,156.187,-3.862,0.715,91.895,0.0669,0.0132,0.9946,
30.786,ENC,-35.8952,18.6242,-8.6355,0.0000,0.0000,156.187,-3.862,0.715,91.895,0.0669,0.0132,0.9946,
30.788,IMU,-35.8952,18.6242,-8.6355,0.0000,0.0000,156.187,-3.845,0.698,91.893,0.0513,0.0200,0.9956,
30.802,ENC,-35.8952,18.6242,-8.6355,0.0000,0.0000,156.187,-3.845,0.698,91.893,0.0513,0.0200,0.9956,
30.808,IMU,-35.8952,18.6242,-8.6355,0.0000,0.0000,156.187,-3.847,0.680,91.885,0.0571,0.0137,0.9849,
30.823,ENC,-35.8952,18.6242,-8.6355,0.0000,0.0000,156.187,-3.847,0.680,91.885,0.0571,0.0137,0.9849,
30.828,IMU,-35.8952,18.6242,-8.6355,0.0000,0.0000,156.187,-3.807,0.665,91.859,0.0581,0.0137,1.0000,
30.843,ENC,-35.8952,18.6242,-8.6355,0.0000,0.0000,156.187,-3.807,0.665,91.859,0.0581,0.0137,1.0000,
30.848,IMU,-35.8952,18.6242,-8.6355,0.0000,0.0000,156.187,-3.808,0.692,91.878,0.0635,0.0151,0.9888,
30.863,ENC,-35.8952,18.6242,-8.6355,0.0000,0.0000,156.187,-3.808,0.692,91.878,0.0635,0.0151,0.9888,
30.870,IMU,-35.8952,18.6242,-8.6355,0.0000,0.0000,156.187,-3.792,0.734,91.947,0.0703,0.0117,1.0088,
30.883,ENC,-35.8952,18.6242,-8.6355,0.0000,0.0000,156.187,-3.792,0.734,91.947,0.0703,0.0117,1.0088,
30.889,IMU,-35.8952,18.6242,-8.6355,0.0000,0.0000,156.187,-3.797,0.728,92.014,0.0635,0.0005,1.0015,
30.903,ENC,-35.8952,18.6242,-8.6355,0.0000,0.0000,156.187,-3.797,0.728,92.014,0.0635,0.0005,1.0015,
30.908,IMU,-35.8952,18.6242,-8.6355,0.0000,0.0000,156.187,-3.754,0.742,92.042,0.0469,0.0107,0.9946,
30.923,ENC,-35.8952,18.6242,-8.6355,0.0000,0.0000,156.187,-3.754,0.742,92.042,0.0469,0.0107,0.9946,
30.928,IMU,-35.8952,18.6242,-8.6355,0.0000,0.0000,156.187,-3.799,0.720,92.033,0.0620,0.0078,0.9985,
30.943,ENC,-35.8952,18.6242,-8.6355,0.0000,0.0000,156.187,-3.799,0.720,92.033,0.0620,0.0078,0.9985,
30.947,IMU,-35.8952,18.6242,-8.6355,0.0000,0.0000,156.187,-3.780,0.689,92.035,0.0518,0.0151,1.0024,
30.963,ENC,-35.8952,18.6242,-8.6355,0.0000,0.0000,156.187,-3.780,0.689,92.035,0.0518,0.0151,1.0024,
30.968,IMU,-35.8952,18.6242,-8.6355,0.0000,0.0000,156.187,-3.743,0.678,92.004,0.0659,0.0117,0.9956,
30.979,PHOTO,-35.8952,18.6242,-8.6355,0.0000,0.0000,156.187,-3.743,0.678,92.004,0.0659,0.0117,0.9956,photo_002.jpg
30.983,ENC,-35.8952,18.6242,-8.6355,0.0000,0.0000,156.187,-3.743,0.678,92.004,0.0659,0.0117,0.9956,
30.987,IMU,-35.8952,18.6242,-8.6355,0.0000,0.0000,156.187,-3.735,0.715,92.019,0.0596,0.0166,1.0000,
31.003,ENC,-35.8952,18.6242,-8.6355,0.0000,0.0000,156.187,-3.735,0.715,92.019,0.0596,0.0166,1.0000,
31.008,IMU,-35.8952,18.6242,-8.6355,0.0000,0.0000,156.187,-3.767,0.676,92.001,0.0742,0.0078,0.9937,
31.022,ENC,-35.8952,18.6242,-8.6355,0.0000,0.0000,156.187,-3.767,0.676,92.001,0.0742,0.0078,0.9937,
31.028,IMU,-35.8952,18.6242,-8.6355,0.0000,0.0000,156.187,-3.783,0.701,92.004,0.0625,0.0200,1.0020,
31.043,ENC,-35.8952,18.6242,-8.6355,0.0000,0.0000,156.187,-3.783,0.701,92.004,0.0625,0.0200,1.0020,
31.048,IMU,-35.8952,18.6242,-8.6355,0.0000,0.0000,156.187,-3.758,0.724,91.985,0.0664,0.0210,1.0059,
31.063,ENC,-35.8952,18.6242,-8.6355,0.0000,0.0000,156.187,-3.758,0.724,91.985,0.0664,0.0210,1.0059,
31.067,IMU,-35.8952,18.6242,-8.6355,0.0000,0.0000,156.187,-3.753,0.732,91.941,0.0713,0.0107,0.9868,
31.083,ENC,-35.8952,18.6242,-8.6355,0.0000,0.0000,156.187,-3.753,0.732,91.941,0.0713,0.0107,0.9868,
31.087,IMU,-35.8952,18.6242,-8.6355,0.0000,0.0000,156.187,-3.800,0.774,91.940,0.0723,0.0054,0.9937,
31.103,ENC,-35.8952,18.6242,-8.6355,0.0000,0.0000,156.187,-3.800,0.774,91.940,0.0723,0.0054,0.9937,
31.107,IMU,-35.8952,18.6242,-8.6355,0.0000,0.0000,156.187,-3.768,0.787,91.939,0.0503,0.0103,0.9971,
31.123,ENC,-35.8952,18.6242,-8.6355,0.0000,0.0000,156.187,-3.768,0.787,91.939,0.0503,0.0103,0.9971,
31.127,IMU,-35.8952,18.6242,-8.6355,0.0000,0.0000,156.187,-3.758,0.784,91.931,0.0547,0.0181,1.0020,
31.143,ENC,-35.8952,18.6242,-8.6355,0.0000,0.0000,156.187,-3.758,0.784,91.931,0.0547,0.0181,1.0020,
31.147,IMU,-35.8952,18.6242,-8.6355,0.0000,0.0000,156.187,-3.724,0.798,92.004,0.0635,0.0190,1.0000,
31.163,ENC,-35.8952,18.6242,-8.6355,0.0000,0.0000,156.187,-3.724,0.798,92.004,0.0635,0.0190,1.0000,
31.167,IMU,-35.8952,18.6242,-8.6355,0.0000,0.0000,156.187,-3.712,0.792,92.020,0.0640,0.0059,0.9980,
31.182,ENC,-35.8952,18.6242,-8.6355,0.0000,0.0000,156.187,-3.712,0.792,92.020,0.0640,0.0059,0.9980,
31.187,IMU,-35.8952,18.6242,-8.6355,0.0000,0.0000,156.187,-3.752,0.811,91.990,0.0742,0.0117,0.9990,
31.202,ENC,-35.8952,18.6242,-8.6355,0.0000,0.0000,156.187,-3.752,0.811,91.990,0.0742,0.0117,0.9990,
31.208,IMU,-35.8952,18.6242,-8.6355,0.0000,0.0000,156.187,-3.690,0.773,91.987,0.0732,0.0107,1.0020,
31.223,ENC,-35.8952,18.6242,-8.6355,0.0000,0.0000,156.187,-3.690,0.773,91.987,0.0732,0.0107,1.0020,
31.228,IMU,-35.8952,18.6242,-8.6355,0.0000,0.0000,156.187,-3.707,0.779,91.967,0.0708,0.0049,0.9912,
31.242,ENC,-35.8952,18.6242,-8.6355,0.0000,0.0000,156.187,-3.707,0.779,91.967,0.0708,0.0049,0.9912,
31.247,IMU,-35.8952,18.6242,-8.6355,0.0000,0.0000,156.187,-3.702,0.768,91.982,0.0537,0.0151,0.9868,
31.264,ENC,-35.8952,18.6242,-8.6355,0.0000,0.0000,156.187,-3.702,0.768,91.982,0.0537,0.0151,0.9868,
31.269,IMU,-35.8952,18.6242,-8.6355,0.0000,0.0000,156.187,-3.718,0.748,91.951,0.0664,0.0269,0.9858,
31.283,ENC,-35.8952,18.6242,-8.6355,0.0000,0.0000,156.187,-3.718,0.748,91.951,0.0664,0.0269,0.9858,
31.287,IMU,-35.8952,18.6242,-8.6355,0.0000,0.0000,156.187,-3.733,0.772,91.953,0.0752,0.0171,0.9951,
31.302,ENC,-35.8952,18.6242,-8.6355,0.0000,0.0000,156.187,-3.733,0.772,91.953,0.0752,0.0171,0.9951,
31.307,IMU,-35.8952,18.6242,-8.6355,0.0000,0.0000,156.187,-3.732,0.753,91.960,0.0703,0.0229,0.9946,
31.322,ENC,-35.8952,18.6242,-8.6355,0.0000,0.0000,156.187,-3.732,0.753,91.960,0.0703,0.0229,0.9946,
31.328,IMU,-35.8952,18.6242,-8.6355,0.0000,0.0000,156.187,-3.735,0.760,91.956,0.0649,0.0200,0.9873,
31.343,ENC,-35.8952,18.6242,-8.6355,0.0000,0.0000,156.187,-3.735,0.760,91.956,0.0649,0.0200,0.9873,
31.348,IMU,-35.8952,18.6242,-8.6355,0.0000,0.0000,156.187,-3.742,0.751,91.955,0.0547,0.0088,0.9883,
31.362,ENC,-35.8952,18.6242,-8.6355,0.0000,0.0000,156.187,-3.742,0.751,91.955,0.0547,0.0088,0.9883,
31.367,IMU,-35.8952,18.6242,-8.6355,0.0000,0.0000,156.187,-3.765,0.758,91.997,0.0713,0.0054,1.0122,
31.382,ENC,-35.8952,18.6242,-8.6355,0.0000,0.0000,156.187,-3.765,0.758,91.997,0.0713,0.0054,1.0122,
31.388,IMU,-35.8952,18.6242,-8.6355,0.0000,0.0000,156.187,-3.753,0.733,91.986,0.0664,0.0020,0.9932,
31.403,ENC,-35.8952,18.6242,-8.6355,0.0000,0.0000,156.187,-3.753,0.733,91.986,0.0664,0.0020,0.9932,
31.408,IMU,-35.8952,18.6242,-8.6355,0.0000,0.0000,156.187,-3.780,0.701,91.978,0.0645,0.0122,0.9937,
31.423,ENC,-35.8952,18.6242,-8.6355,0.0000,0.0000,156.187,-3.780,0.701,91.978,0.0645,0.0122,0.9937,
31.427,IMU,-35.8952,18.6242,-8.6355,0.0000,0.0000,156.187,-3.748,0.719,92.002,0.0654,0.0210,0.9971,
31.442,ENC,-35.8952,18.6242,-8.6355,0.0000,0.0000,156.187,-3.748,0.719,92.002,0.0654,0.0210,0.9971,
31.448,IMU,-35.8952,18.6242,-8.6355,0.0000,0.0000,156.187,-3.739,0.723,92.016,0.0708,0.0078,0.9863,
31.462,ENC,-35.8952,18.6242,-8.6355,0.0000,0.0000,156.187,-3.739,0.723,92.016,0.0708,0.0078,0.9863,
31.467,IMU,-35.8952,18.6242,-8.6355,0.0000,0.0000,156.187,-3.733,0.740,92.037,0.0557,0.0142,1.0078,
31.482,ENC,-35.8952,18.6242,-8.6355,0.0000,0.0000,156.187,-3.733,0.740,92.037,0.0557,0.0142,1.0078,
31.488,IMU,-35.8952,18.6242,-8.6355,0.0000,0.0000,156.187,-3.745,0.762,92.016,0.0713,0.0103,0.9805,
31.503,ENC,-35.8952,18.6242,-8.6355,0.0000,0.0000,156.187,-3.745,0.762,92.016,0.0713,0.0103,0.9805,
31.507,IMU,-35.8952,18.6242,-8.6355,0.0000,0.0000,156.187,-3.727,0.785,92.042,0.0576,0.0132,0.9946,
31.523,ENC,-35.8952,18.6242,-8.6355,0.0000,0.0000,156.187,-3.727,0.785,92.042,0.0576,0.0132,0.9946,
31.527,IMU,-35.8952,18.6242,-8.6355,0.0000,0.0000,156.187,-3.732,0.749,92.039,0.0688,0.0093,0.9932,
31.543,ENC,-35.8952,18.6242,-8.6355,0.0000,0.0000,156.187,-3.732,0.749,92.039,0.0688,0.0093,0.9932,
31.547,IMU,-35.8952,18.6242,-8.6355,0.0000,0.0000,156.187,-3.745,0.759,92.066,0.0698,0.0015,1.0049,
31.562,ENC,-35.8952,18.6242,-8.6355,0.0000,0.0000,156.187,-3.745,0.759,92.066,0.0698,0.0015,1.0049,
31.568,IMU,-35.8952,18.6242,-8.6355,0.0000,0.0000,156.187,-3.714,0.737,92.033,0.0684,0.0073,1.0049,
31.584,ENC,-35.8952,18.6242,-8.6355,0.0000,0.0000,156.187,-3.714,0.737,92.033,0.0684,0.0073,1.0049,
31.587,IMU,-35.8952,18.6242,-8.6355,0.0000,0.0000,156.187,-3.710,0.712,92.005,0.0698,0.0010,0.9839,
31.605,ENC,-35.8952,18.6242,-8.6355,0.0000,0.0000,156.187,-3.710,0.712,92.005,0.0698,0.0010,0.9839,
31.608,IMU,-35.8952,18.6242,-8.6355,0.0000,0.0000,156.187,-3.753,0.783,92.014,0.0752,0.0166,1.0000,
31.626,ENC,-35.8952,18.6242,-8.6355,0.0000,0.0000,156.187,-3.753,0.783,92.014,0.0752,0.0166,1.0000,
31.629,IMU,-35.8952,18.6242,-8.6355,0.0000,0.0000,156.187,-3.703,0.776,92.025,0.0645,0.0259,0.9971,
31.643,ENC,-35.8952,18.6242,-8.6355,0.0000,0.0000,156.187,-3.703,0.776,92.025,0.0645,0.0259,0.9971,
31.647,IMU,-35.8952,18.6242,-8.6355,0.0000,0.0000,156.187,-3.701,0.798,92.005,0.0664,0.0098,0.9912,
31.663,ENC,-35.8952,18.6242,-8.6355,0.0000,0.0000,156.187,-3.701,0.798,92.005,0.0664,0.0098,0.9912,
31.668,IMU,-35.8952,18.6242,-8.6355,0.0000,0.0000,156.187,-3.726,0.818,91.945,0.0659,0.0039,0.9888,
31.682,ENC,-35.8952,18.6242,-8.6355,0.0000,0.0000,156.187,-3.726,0.818,91.945,0.0659,0.0039,0.9888,
31.688,IMU,-35.8952,18.6242,-8.6355,0.0000,0.0000,156.187,-3.759,0.821,91.944,0.0688,0.0117,1.0059,
31.703,ENC,-35.8952,18.6242,-8.6355,0.0000,0.0000,156.187,-3.759,0.821,91.944,0.0688,0.0117,1.0059,
31.708,IMU,-35.8952,18.6242,-8.6355,0.0000,0.0000,156.187,-3.758,0.849,91.967,0.0669,0.0117,0.9927,
31.723,ENC,-35.8952,18.6242,-8.6355,0.0000,0.0000,156.187,-3.758,0.849,91.967,0.0669,0.0117,0.9927,
31.743,ENC,-35.8952,18.6242,-8.6355,0.0000,0.0000,156.187,-3.758,0.849,91.967,0.0669,0.0117,0.9927,
31.748,IMU,-35.8952,18.6242,-8.6355,0.0000,0.0000,156.187,-3.809,0.862,91.977,0.0620,0.0176,0.9941,
31.763,ENC,-35.8952,18.6242,-8.6355,0.0000,0.0000,156.187,-3.809,0.862,91.977,0.0620,0.0176,0.9941,
31.767,IMU,-35.8952,18.6242,-8.6355,0.0000,0.0000,156.187,-3.767,0.903,91.962,0.0620,0.0156,1.0024,
31.782,ENC,-35.8952,18.6242,-8.6355,0.0000,0.0000,156.187,-3.767,0.903,91.962,0.0620,0.0156,1.0024,
31.787,IMU,-35.8952,18.6242,-8.6355,0.0000,0.0000,156.187,-3.671,0.879,91.958,0.0469,0.0176,0.9902,
31.803,ENC,-35.8952,18.6242,-8.6355,0.0000,0.0000,156.187,-3.671,0.879,91.958,0.0469,0.0176,0.9902,
31.811,IMU,-35.8952,18.6242,-8.6355,0.0000,0.0000,156.187,-3.662,0.846,91.948,0.0581,0.0127,0.9937,
31.824,ENC,-35.8952,18.6242,-8.6355,0.0000,0.0000,156.187,-3.662,0.846,91.948,0.0581,0.0127,0.9937,
31.828,IMU,-35.8952,18.6242,-8.6355,0.0000,0.0000,156.187,-3.656,0.836,91.951,0.0645,0.0073,1.0054,
31.842,ENC,-35.8952,18.6242,-8.6355,0.0000,0.0000,156.187,-3.656,0.836,91.951,0.0645,0.0073,1.0054,
31.847,IMU,-35.8952,18.6242,-8.6355,0.0000,0.0000,156.187,-3.642,0.823,91.970,0.0615,0.0156,0.9902,
31.863,ENC,-35.8952,18.6242,-8.6355,0.0000,0.0000,156.187,-3.642,0.823,91.970,0.0615,0.0156,0.9902,
31.867,IMU,-35.8952,18.6242,-8.6355,0.0000,0.0000,156.187,-3.666,0.825,91.975,0.0679,0.0127,0.9907,
31.883,ENC,-35.8952,18.6242,-8.6355,0.0000,0.0000,156.187,-3.666,0.825,91.975,0.0679,0.0127,0.9907,
31.888,IMU,-35.8952,18.6242,-8.6355,0.0000,0.0000,156.187,-3.712,0.812,92.012,0.0581,0.0068,1.0024,
31.902,ENC,-35.8952,18.6242,-8.6355,0.0000,0.0000,156.187,-3.712,0.812,92.012,0.0581,0.0068,1.0024,
31.908,IMU,-35.8952,18.6242,-8.6355,0.0000,0.0000,156.187,-3.735,0.855,91.982,0.0649,0.0122,0.9883,
31.922,ENC,-35.8952,18.6242,-8.6355,0.0000,0.0000,156.187,-3.735,0.855,91.982,0.0649,0.0122,0.9883,
31.928,IMU,-35.8952,18.6242,-8.6355,0.0000,0.0000,156.187,-3.770,0.870,91.998,0.0723,0.0098,0.9917,
31.943,ENC,-35.8952,18.6242,-8.6355,0.0000,0.0000,156.187,-3.770,0.870,91.998,0.0723,0.0098,0.9917,
31.948,IMU,-35.8952,18.6242,-8.6355,0.0000,0.0000,156.187,-3.776,0.838,91.992,0.0601,0.0190,1.0020,
31.962,ENC,-35.8952,18.6242,-8.6355,0.0000,0.0000,156.187,-3.776,0.838,91.992,0.0601,0.0190,1.0020,
31.967,IMU,-35.8952,18.6242,-8.6355,0.0000,0.0000,156.187,-3.795,0.811,91.996,0.0708,0.0024,0.9961,
31.983,ENC,-35.8952,18.6242,-8.6355,0.0000,0.0000,156.187,-3.795,0.811,91.996,0.0708,0.0024,0.9961,
31.987,IMU,-35.8952,18.6242,-8.6355,0.0000,0.0000,156.187,-3.842,0.821,91.971,0.0732,0.0181,0.9800,
32.003,ENC,-35.8952,18.6242,-8.6355,0.0000,0.0000,156.187,-3.842,0.821,91.971,0.0732,0.0181,0.9800,
32.008,IMU,-35.8952,18.6242,-8.6355,0.0000,0.0000,156.187,-3.847,0.774,91.973,0.0630,0.0151,0.9995,
32.022,ENC,-35.8952,18.6242,-8.6355,0.0000,0.0000,156.187,-3.847,0.774,91.973,0.0630,0.0151,0.9995,
32.027,IMU,-35.8952,18.6242,-8.6355,0.0000,0.0000,156.187,-3.853,0.728,91.977,0.0596,0.0122,0.9893,
32.043,ENC,-35.8952,18.6242,-8.6355,0.0000,0.0000,156.187,-3.853,0.728,91.977,0.0596,0.0122,0.9893,
32.048,IMU,-35.8952,18.6242,-8.6355,0.0000,0.0000,156.187,-3.854,0.705,91.912,0.0566,0.0181,0.9912,
32.063,ENC,-35.8952,18.6242,-8.6355,0.0000,0.0000,156.187,-3.854,0.705,91.912,0.0566,0.0181,0.9912,
32.074,IMU,-35.8952,18.6242,-8.6355,0.0000,0.0000,156.187,-3.857,0.745,91.902,0.0776,0.0186,0.9902,
32.082,ENC,-35.8952,18.6242,-8.6355,0.0000,0.0000,156.187,-3.857,0.745,91.902,0.0776,0.0186,0.9902,
32.087,IMU,-35.8952,18.6242,-8.6355,0.0000,0.0000,156.187,-3.863,0.749,91.912,0.0649,0.0117,1.0107,
32.102,ENC,-35.8952,18.6242,-8.6355,0.0000,0.0000,156.187,-3.863,0.749,91.912,0.0649,0.0117,1.0107,
32.107,IMU,-35.8952,18.6242,-8.6355,0.0000,0.0000,156.187,-3.844,0.734,91.899,0.0605,0.0146,0.9790,
32.123,ENC,-35.8952,18.6242,-8.6355,0.0000,0.0000,156.187,-3.844,0.734,91.899,0.0605,0.0146,0.9790,
32.128,IMU,-35.8952,18.6242,-8.6355,0.0000,0.0000,156.187,-3.877,0.697,91.846,0.0557,0.0122,0.9810,
32.142,ENC,-35.8952,18.6242,-8.6355,0.0000,0.0000,156.187,-3.877,0.697,91.846,0.0557,0.0122,0.9810,
32.147,IMU,-35.8952,18.6242,-8.6355,0.0000,0.0000,156.187,-3.861,0.697,91.815,0.0693,0.0083,1.0024,
32.162,ENC,-35.8952,18.6242,-8.6355,0.0000,0.0000,156.187,-3.861,0.697,91.815,0.0693,0.0083,1.0024,
32.167,IMU,-35.8952,18.6242,-8.6355,0.0000,0.0000,156.187,-3.851,0.726,91.822,0.0713,-0.0020,0.9878,
32.182,ENC,-35.8952,18.6242,-8.6355,0.0000,0.0000,156.187,-3.851,0.726,91.822,0.0713,-0.0020,0.9878,
32.187,IMU,-35.8952,18.6242,-8.6355,0.0000,0.0000,156.187,-3.853,0.754,91.864,0.0581,0.0093,0.9912,
32.202,ENC,-35.8952,18.6242,-8.6355,0.0000,0.0000,156.187,-3.853,0.754,91.864,0.0581,0.0093,0.9912,
32.209,IMU,-35.8952,18.6242,-8.6355,0.0000,0.0000,156.187,-3.813,0.706,91.843,0.0562,0.0088,1.0005,
32.223,ENC,-35.8952,18.6242,-8.6355,0.0000,0.0000,156.187,-3.813,0.706,91.843,0.0562,0.0088,1.0005,
32.228,IMU,-35.8952,18.6242,-8.6355,0.0000,0.0000,156.187,-3.834,0.698,91.802,0.0591,0.0059,0.9956,
32.242,ENC,-35.8952,18.6242,-8.6355,0.0000,0.0000,156.187,-3.834,0.698,91.802,0.0591,0.0059,0.9956,
32.247,IMU,-35.8952,18.6242,-8.6355,0.0000,0.0000,156.187,-3.827,0.693,91.739,0.0654,0.0117,0.9771,
32.262,ENC,-35.8952,18.6242,-8.6355,0.0000,0.0000,156.187,-3.827,0.693,91.739,0.0654,0.0117,0.9771,
32.268,IMU,-35.8952,18.6242,-8.6355,0.0000,0.0000,156.187,-3.839,0.686,91.722,0.0571,0.0161,0.9971,
32.283,ENC,-35.8952,18.6242,-8.6355,0.0000,0.0000,156.187,-3.839,0.686,91.722,0.0571,0.0161,0.9971,
32.288,IMU,-35.8952,18.6242,-8.6355,0.0000,0.0000,156.187,-3.861,0.692,91.692,0.0630,0.0063,1.0000,
32.302,ENC,-35.8952,18.6242,-8.6355,0.0000,0.0000,156.187,-3.861,0.692,91.692,0.0630,0.0063,1.0000,
32.307,IMU,-35.8952,18.6242,-8.6355,0.0000,0.0000,156.187,-3.873,0.715,91.684,0.0708,0.0225,0.9917,
32.322,ENC,-35.8952,18.6242,-8.6355,0.0000,0.0000,156.187,-3.873,0.715,91.684,0.0708,0.0225,0.9917,
32.327,IMU,-35.8952,18.6242,-8.6355,0.0000,0.0000,156.187,-3.868,0.750,91.660,0.0728,0.0107,1.0010,
32.343,ENC,-35.8952,18.6242,-8.6355,0.0000,0.0000,156.187,-3.868,0.750,91.660,0.0728,0.0107,1.0010,
32.347,IMU,-35.8952,18.6242,-8.6355,0.0000,0.0000,156.187,-3.831,0.746,91.675,0.0537,0.0073,1.0029,
32.362,ENC,-35.8952,18.6242,-8.6355,0.0000,0.0000,156.187,-3.831,0.746,91.675,0.0537,0.0073,1.0029,
32.368,IMU,-35.8952,18.6242,-8.6355,0.0000,0.0000,156.187,-3.795,0.678,91.647,0.0605,0.0068,0.9917,
32.382,ENC,-35.8952,18.6242,-8.6355,0.0000,0.0000,156.187,-3.795,0.678,91.647,0.0605,0.0068,0.9917,
32.388,IMU,-35.8952,18.6242,-8.6355,0.0000,0.0000,156.187,-3.828,0.735,91.677,0.0669,0.0137,0.9829,
32.403,ENC,-35.8952,18.6242,-8.6355,0.0000,0.0000,156.187,-3.828,0.735,91.677,0.0669,0.0137,0.9829,
32.408,IMU,-35.8952,18.6242,-8.6355,0.0000,0.0000,156.187,-3.861,0.741,91.666,0.0767,0.0073,0.9902,
32.424,ENC,-35.8952,18.6242,-8.6355,0.0000,0.0000,156.187,-3.861,0.741,91.666,0.0767,0.0073,0.9902,
32.427,IMU,-35.8952,18.6242,-8.6355,0.0000,0.0000,156.187,-3.845,0.748,91.650,0.0571,0.0127,0.9878,
32.446,ENC,-35.8952,18.6242,-8.6355,0.0000,0.0000,156.187,-3.845,0.748,91.650,0.0571,0.0127,0.9878,
32.448,IMU,-35.8952,18.6242,-8.6355,0.0000,0.0000,156.187,-3.832,0.816,91.640,0.0581,0.0166,0.9922,
32.463,ENC,-35.8952,18.6242,-8.6355,0.0000,0.0000,156.187,-3.832,0.816,91.640,0.0581,0.0166,0.9922,
32.468,IMU,-35.8952,18.6242,-8.6355,0.0000,0.0000,156.187,-3.841,0.802,91.598,0.0576,0.0039,0.9922,
32.483,ENC,-35.8952,18.6242,-8.6355,0.0000,0.0000,156.187,-3.841,0.802,91.598,0.0576,0.0039,0.9922,
32.487,IMU,-35.8952,18.6242,-8.6355,0.0000,0.0000,156.187,-3.853,0.809,91.608,0.0581,0.0215,0.9883,
32.502,ENC,-35.8952,18.6242,-8.6355,0.0000,0.0000,156.187,-3.853,0.809,91.608,0.0581,0.0215,0.9883,
32.507,IMU,-35.8952,18.6242,-8.6355,0.0000,0.0000,156.187,-3.853,0.830,91.609,0.0669,0.0117,0.9946,
32.523,ENC,-35.8952,18.6242,-8.6355,0.0000,0.0000,156.187,-3.853,0.830,91.609,0.0669,0.0117,0.9946,
32.543,ENC,-35.8952,18.6242,-8.6355,0.0000,0.0000,156.187,-3.853,0.830,91.609,0.0669,0.0117,0.9946,
32.562,ENC,-35.8952,18.6242,-8.6355,0.0000,0.0000,156.187,-3.853,0.830,91.609,0.0669,0.0117,0.9946,
32.567,IMU,-35.8952,18.6242,-8.6355,0.0000,0.0000,156.187,-3.770,0.732,91.592,0.0474,0.0088,0.9946,
32.582,ENC,-35.8952,18.6242,-8.6355,0.0000,0.0000,156.187,-3.770,0.732,91.592,0.0474,0.0088,0.9946,
32.587,IMU,-35.8952,18.6242,-8.6355,0.0000,0.0000,156.187,-3.695,0.738,91.597,0.0527,0.0112,0.9937,
32.602,ENC,-35.8952,18.6242,-8.6355,0.0000,0.0000,156.187,-3.695,0.738,91.597,0.0527,0.0112,0.9937,
32.608,IMU,-35.8952,18.6242,-8.6355,0.0000,0.0000,156.187,-3.691,0.724,91.605,0.0679,0.0078,0.9985,
32.622,ENC,-35.8952,18.6242,-8.6355,0.0000,0.0000,156.187,-3.691,0.724,91.605,0.0679,0.0078,0.9985,
32.630,IMU,-35.8952,18.6242,-8.6355,0.0000,0.0000,156.187,-3.699,0.728,91.635,0.0610,0.0083,0.9956,
32.642,ENC,-35.8952,18.6242,-8.6355,0.0000,0.0000,156.187,-3.699,0.728,91.635,0.0610,0.0083,0.9956,
32.663,ENC,-35.8952,18.6242,-8.6355,0.0000,0.0000,156.187,-3.699,0.728,91.635,0.0610,0.0083,0.9956,
32.668,IMU,-35.8952,18.6242,-8.6355,0.0000,0.0000,156.187,-3.785,0.753,91.567,0.0752,0.0166,1.0073,
32.682,ENC,-35.8952,18.6242,-8.6355,0.0000,0.0000,156.187,-3.785,0.753,91.567,0.0752,0.0166,1.0073,
32.687,IMU,-35.8952,18.6242,-8.6355,0.0000,0.0000,156.187,-3.771,0.739,91.579,0.0469,0.0117,0.9917,
32.703,ENC,-35.8952,18.6242,-8.6355,0.0000,0.0000,156.187,-3.771,0.739,91.579,0.0469,0.0117,0.9917,
32.708,IMU,-35.8952,18.6242,-8.6355,0.0000,0.0000,156.187,-3.819,0.741,91.634,0.0757,0.0088,1.0015,
32.723,ENC,-35.8952,18.6242,-8.6355,0.0000,0.0000,156.187,-3.819,0.741,91.634,0.0757,0.0088,1.0015,
32.727,IMU,-35.8952,18.6242,-8.6355,0.0000,0.0000,156.187,-3.853,0.748,91.584,0.0732,0.0107,0.9990,
32.742,ENC,-35.8952,18.6242,-8.6355,0.0000,0.0000,156.187,-3.853,0.748,91.584,0.0732,0.0107,0.9990,
32.749,IMU,-35.8952,18.6242,-8.6355,0.0000,0.0000,156.187,-3.885,0.764,91.607,0.0762,0.0103,0.9985,
32.763,ENC,-35.8952,18.6242,-8.6355,0.0000,0.0000,156.187,-3.885,0.764,91.607,0.0762,0.0103,0.9985,
32.767,IMU,-35.8952,18.6242,-8.6355,0.0000,0.0000,156.187,-3.888,0.760,91.614,0.0635,0.0034,0.9922,
32.783,ENC,-35.8952,18.6242,-8.6355,0.0000,0.0000,156.187,-3.888,0.760,91.614,0.0635,0.0034,0.9922,
32.787,IMU,-35.8952,18.6242,-8.6355,0.0000,0.0000,156.187,-3.864,0.717,91.573,0.0537,0.0015,0.9824,
32.803,ENC,-35.8952,18.6242,-8.6355,0.0000,0.0000,156.187,-3.864,0.717,91.573,0.0537,0.0015,0.9824,
32.807,IMU,-35.8952,18.6242,-8.6355,0.0000,0.0000,156.187,-3.818,0.705,91.551,0.0640,0.0039,0.9868,
32.823,ENC,-35.8952,18.6242,-8.6355,0.0000,0.0000,156.187,-3.818,0.705,91.551,0.0640,0.0039,0.9868,
32.828,IMU,-35.8952,18.6242,-8.6355,0.0000,0.0000,156.187,-3.814,0.702,91.542,0.0571,0.0161,0.9912,
32.844,ENC,-35.8952,18.6242,-8.6355,0.0000,0.0000,156.187,-3.814,0.702,91.542,0.0571,0.0161,0.9912,
32.848,IMU,-35.8952,18.6242,-8.6355,0.0000,0.0000,156.187,-3.799,0.680,91.471,0.0718,0.0132,0.9961,
32.862,ENC,-35.8952,18.6242,-8.6355,0.0000,0.0000,156.187,-3.799,0.680,91.471,0.0718,0.0132,0.9961,
32.868,IMU,-35.8952,18.6242,-8.6355,0.0000,0.0000,156.187,-3.834,0.654,91.456,0.0669,0.0107,0.9971,
32.883,ENC,-35.8952,18.6242,-8.6355,0.0000,0.0000,156.187,-3.834,0.654,91.456,0.0669,0.0107,0.9971,
32.888,IMU,-35.8952,18.6242,-8.6355,0.0000,0.0000,156.187,-3.810,0.632,91.442,0.0620,-0.0029,0.9897,
32.903,ENC,-35.8952,18.6242,-8.6355,0.0000,0.0000,156.187,-3.810,0.632,91.442,0.0620,-0.0029,0.9897,
32.907,IMU,-35.8952,18.6242,-8.6355,0.0000,0.0000,156.187,-3.810,0.645,91.417,0.0640,0.0151,0.9971,
32.922,ENC,-35.8952,18.6242,-8.6355,0.0000,0.0000,156.187,-3.810,0.645,91.417,0.0640,0.0151,0.9971,
32.928,IMU,-35.8952,18.6242,-8.6355,0.0000,0.0000,156.187,-3.808,0.642,91.405,0.0684,0.0161,1.0024,
32.943,ENC,-35.8952,18.6242,-8.6355,0.0000,0.0000,156.187,-3.808,0.642,91.405,0.0684,0.0161,1.0024,
32.947,IMU,-35.8952,18.6242,-8.6355,0.0000,0.0000,156.187,-3.797,0.633,91.401,0.0566,0.0132,0.9883,
32.962,ENC,-35.8952,18.6242,-8.6355,0.0000,0.0000,156.187,-3.797,0.633,91.401,0.0566,0.0132,0.9883,
32.968,IMU,-35.8952,18.6242,-8.6355,0.0000,0.0000,156.187,-3.786,0.673,91.442,0.0718,0.0020,0.9961,
32.983,ENC,-35.8952,18.6242,-8.6355,0.0000,0.0000,156.187,-3.786,0.673,91.442,0.0718,0.0020,0.9961,
32.987,IMU,-35.8952,18.6242,-8.6355,0.0000,0.0000,156.187,-3.800,0.672,91.446,0.0571,0.0122,0.9912,
33.003,ENC,-35.8952,18.6242,-8.6355,0.0000,0.0000,156.187,-3.800,0.672,91.446,0.0571,0.0122,0.9912,
33.008,IMU,-35.8952,18.6242,-8.6355,0.0000,0.0000,156.187,-3.801,0.638,91.457,0.0635,0.0034,0.9961,
33.023,ENC,-35.8952,18.6242,-8.6355,0.0000,0.0000,156.187,-3.801,0.638,91.457,0.0635,0.0034,0.9961,
33.030,IMU,-35.8952,18.6242,-8.6355,0.0000,0.0000,156.187,-3.776,0.651,91.450,0.0566,0.0078,0.9897,
33.042,ENC,-35.8952,18.6242,-8.6355,0.0000,0.0000,156.187,-3.776,0.651,91.450,0.0566,0.0078,0.9897,
33.054,IMU,-35.8952,18.6242,-8.6355,0.0000,0.0000,156.187,-3.757,0.632,91.430,0.0757,0.0146,0.9956,
33.066,ENC,-35.8952,18.6242,-8.6355,0.0000,0.0000,156.187,-3.757,0.632,91.430,0.0757,0.0146,0.9956,
33.084,ENC,-35.8952,18.6242,-8.6355,0.0000,0.0000,156.187,-3.757,0.632,91.430,0.0757,0.0146,0.9956,
33.091,IMU,-35.8952,18.6242,-8.6355,0.0000,0.0000,156.187,-3.794,0.660,91.519,0.0625,0.0146,0.9932,
33.103,ENC,-35.8952,18.6242,-8.6355,0.0000,0.0000,156.187,-3.794,0.660,91.519,0.0625,0.0146,0.9932,
33.108,IMU,-35.8952,18.6242,-8.6355,0.0000,0.0000,156.187,-3.839,0.641,91.530,0.0630,0.0156,0.9868,
33.126,ENC,-35.8952,18.6242,-8.6355,0.0000,0.0000,156.187,-3.839,0.641,91.530,0.0630,0.0156,0.9868,
33.145,ENC,-35.8952,18.6242,-8.6355,0.0000,0.0000,156.187,-3.839,0.641,91.530,0.0630,0.0156,0.9868,
33.148,IMU,-35.8952,18.6242,-8.6355,0.0000,0.0000,156.187,-3.791,0.641,91.498,0.0566,0.0029,1.0005,
33.162,ENC,-35.8952,18.6242,-8.6355,0.0000,0.0000,156.187,-3.791,0.641,91.498,0.0566,0.0029,1.0005,
33.168,IMU,-35.8952,18.6242,-8.6355,0.0000,0.0000,156.187,-3.762,0.703,91.502,0.0591,0.0166,1.0015,
33.182,ENC,-35.8952,18.6242,-8.6355,0.0000,0.0000,156.187,-3.762,0.703,91.502,0.0591,0.0166,1.0015,
33.189,IMU,-35.8952,18.6242,-8.6355,0.0000,0.0000,156.187,-3.789,0.680,91.513,0.0688,0.0190,0.9800,
33.203,ENC,-35.8952,18.6242,-8.6355,0.0000,0.0000,156.187,-3.789,0.680,91.513,0.0688,0.0190,0.9800,
33.208,IMU,-35.8952,18.6242,-8.6355,0.0000,0.0000,156.187,-3.760,0.663,91.483,0.0576,0.0166,0.9922,
33.223,ENC,-35.8952,18.6242,-8.6355,0.0000,0.0000,156.187,-3.760,0.663,91.483,0.0576,0.0166,0.9922,
33.228,IMU,-35.8952,18.6242,-8.6355,0.0000,0.0000,156.187,-3.742,0.628,91.498,0.0630,0.0020,0.9893,
33.243,ENC,-35.8952,18.6242,-8.6355,0.0000,0.0000,156.187,-3.742,0.628,91.498,0.0630,0.0020,0.9893,
33.269,IMU,-35.8952,18.6242,-8.6355,0.0000,0.0000,156.187,-3.715,0.671,91.566,0.0586,0.0137,1.0000,
33.269,ENC,-35.8952,18.6242,-8.6355,0.0000,0.0000,156.187,-3.715,0.671,91.566,0.0586,0.0137,1.0000,
33.288,IMU,-35.8952,18.6242,-8.6355,0.0000,0.0000,156.187,-3.752,0.700,91.545,0.0723,0.0142,0.9966,
33.296,ENC,-35.8952,18.6242,-8.6355,0.0000,0.0000,156.187,-3.752,0.700,91.545,0.0723,0.0142,0.9966,
33.302,ENC,-35.8952,18.6242,-8.6355,0.0000,0.0000,156.187,-3.752,0.700,91.545,0.0723,0.0142,0.9966,
33.307,IMU,-35.8952,18.6242,-8.6355,0.0000,0.0000,156.187,-3.735,0.735,91.534,0.0684,0.0195,0.9956,
33.322,ENC,-35.8952,18.6242,-8.6355,0.0000,0.0000,156.187,-3.735,0.735,91.534,0.0684,0.0195,0.9956,
33.328,IMU,-35.8952,18.6242,-8.6355,0.0000,0.0000,156.187,-3.763,0.700,91.527,0.0596,0.0151,0.9893,
33.346,ENC,-35.8952,18.6242,-8.6355,0.0000,0.0000,156.187,-3.763,0.700,91.527,0.0596,0.0151,0.9893,
33.348,IMU,-35.8952,18.6242,-8.6355,0.0000,0.0000,156.187,-3.756,0.717,91.482,0.0776,0.0127,0.9902,
33.362,ENC,-35.8952,18.6242,-8.6355,0.0000,0.0000,156.187,-3.756,0.717,91.482,0.0776,0.0127,0.9902,
33.367,IMU,-35.8952,18.6242,-8.6355,0.0000,0.0000,156.187,-3.785,0.738,91.490,0.0684,0.0107,0.9932,
33.382,ENC,-35.8952,18.6242,-8.6355,0.0000,0.0000,156.187,-3.785,0.738,91.490,0.0684,0.0107,0.9932,
33.388,IMU,-35.8952,18.6242,-8.6355,0.0000,0.0000,156.187,-3.750,0.715,91.426,0.0640,0.0220,0.9956,
33.403,ENC,-35.8952,18.6242,-8.6355,0.0000,0.0000,156.187,-3.750,0.715,91.426,0.0640,0.0220,0.9956,
33.408,IMU,-35.8952,18.6242,-8.6355,0.0000,0.0000,156.187,-3.751,0.714,91.396,0.0703,0.0137,0.9878,
33.422,ENC,-35.8952,18.6242,-8.6355,0.0000,0.0000,156.187,-3.751,0.714,91.396,0.0703,0.0137,0.9878,
33.427,IMU,-35.8952,18.6242,-8.6355,0.0000,0.0000,156.187,-3.764,0.643,91.414,0.0718,0.0151,0.9917,
33.442,ENC,-35.8952,18.6242,-8.6355,0.0000,0.0000,156.187,-3.764,0.643,91.414,0.0718,0.0151,0.9917,
33.463,ENC,-35.8952,18.6242,-8.6355,0.0000,0.0000,156.187,-3.764,0.643,91.414,0.0718,0.0151,0.9917,
33.467,IMU,-35.8952,18.6242,-8.6355,0.0000,0.0000,156.187,-3.721,0.705,91.389,0.0566,0.0312,1.0015,
33.482,ENC,-35.8952,18.6242,-8.6355,0.0000,0.0000,156.187,-3.721,0.705,91.389,0.0566,0.0312,1.0015,
33.488,IMU,-35.8952,18.6242,-8.6355,0.0000,0.0000,156.187,-3.665,0.686,91.397,0.0620,0.0073,0.9966,
33.502,ENC,-35.8952,18.6242,-8.6355,0.0000,0.0000,156.187,-3.665,0.686,91.397,0.0620,0.0073,0.9966,
33.507,IMU,-35.8952,18.6242,-8.6355,0.0000,0.0000,156.187,-3.643,0.699,91.396,0.0630,0.0039,1.0073,
33.523,ENC,-35.8952,18.6242,-8.6355,0.0000,0.0000,156.187,-3.643,0.699,91.396,0.0630,0.0039,1.0073,
33.528,IMU,-35.8952,18.6242,-8.6355,0.0000,0.0000,156.187,-3.661,0.697,91.394,0.0737,0.0161,1.0020,
33.543,ENC,-35.8952,18.6242,-8.6355,0.0000,0.0000,156.187,-3.661,0.697,91.394,0.0737,0.0161,1.0020,
33.557,IMU,-35.8952,18.6242,-8.6355,0.0000,0.0000,156.187,-3.678,0.684,91.378,0.0640,-0.0020,1.0020,
33.572,IMU,-35.8952,18.6242,-8.6355,0.0000,0.0000,156.187,-3.713,0.692,91.390,0.0649,0.0146,1.0015,
33.594,IMU,-35.8952,18.6242,-8.6355,0.0000,0.0000,156.187,-3.735,0.704,91.380,0.0679,0.0181,0.9912,
33.594,ENC,-35.8952,18.6242,-8.6355,0.0000,0.0000,156.187,-3.735,0.704,91.380,0.0679,0.0181,0.9912,
33.604,ENC,-35.8952,18.6242,-8.6355,0.0000,0.0000,156.187,-3.735,0.704,91.380,0.0679,0.0181,0.9912,
33.625,ENC,-35.8952,18.6242,-8.6355,0.0000,0.0000,156.187,-3.735,0.704,91.380,0.0679,0.0181,0.9912,
33.640,IMU,-35.8952,18.6242,-8.6355,0.0000,0.0000,156.187,-3.713,0.735,91.363,0.0581,0.0098,0.9785,
33.646,IMU,-35.8952,18.6242,-8.6355,0.0000,0.0000,156.187,-3.708,0.746,91.390,0.0649,0.0117,0.9897,
33.654,IMU,-35.8952,18.6242,-8.6355,0.0000,0.0000,156.187,-3.719,0.750,91.382,0.0635,0.0190,0.9956,
33.675,IMU,-35.8952,18.6242,-8.6355,0.0000,0.0000,156.187,-3.704,0.744,91.386,0.0669,0.0103,0.9917,
33.675,ENC,-35.8952,18.6242,-8.6355,0.0000,0.0000,156.187,-3.704,0.744,91.386,0.0669,0.0103,0.9917,
33.679,ENC,-35.8952,18.6242,-8.6355,0.0000,0.0000,156.187,-3.704,0.744,91.386,0.0669,0.0103,0.9917,
33.688,IMU,-35.8952,18.6242,-8.6355,0.0000,0.0000,156.187,-3.754,0.728,91.377,0.0674,0.0107,0.9897,
33.706,ENC,-35.8952,18.6242,-8.6355,0.0000,0.0000,156.187,-3.754,0.728,91.377,0.0674,0.0107,0.9897,
33.708,IMU,-35.8952,18.6242,-8.6355,0.0000,0.0000,156.187,-3.756,0.748,91.364,0.0679,0.0078,1.0059,
33.735,IMU,-35.8952,18.6242,-8.6355,0.0000,0.0000,156.187,-3.737,0.725,91.375,0.0679,0.0088,0.9980,
33.735,ENC,-35.8952,18.6242,-8.6355,0.0000,0.0000,156.187,-3.737,0.725,91.375,0.0679,0.0088,0.9980,
33.746,ENC,-35.8952,18.6242,-8.6355,0.0000,0.0000,156.187,-3.737,0.725,91.375,0.0679,0.0088,0.9980,
33.749,IMU,-35.8952,18.6242,-8.6355,0.0000,0.0000,156.187,-3.745,0.711,91.382,0.0708,0.0103,1.0010,
33.772,ENC,-35.8952,18.6242,-8.6355,0.0000,0.0000,156.187,-3.745,0.711,91.382,0.0708,0.0103,1.0010,
33.792,IMU,-35.8952,18.6242,-8.6355,0.0000,0.0000,156.187,-3.835,0.745,91.422,0.0596,0.0190,0.9946,
33.803,ENC,-35.8952,18.6242,-8.6355,0.0000,0.0000,156.187,-3.835,0.745,91.422,0.0596,0.0190,0.9946,
33.806,ENC,-35.8952,18.6242,-8.6355,0.0000,0.0000,156.187,-3.835,0.745,91.422,0.0596,0.0190,0.9946,
33.808,IMU,-35.8952,18.6242,-8.6355,0.0000,0.0000,156.187,-3.854,0.776,91.470,0.0776,0.0112,1.0044,
33.838,IMU,-35.8952,18.6242,-8.6355,0.0000,0.0000,156.187,-3.870,0.780,91.486,0.0664,0.0142,0.9976,
33.838,ENC,-35.8952,18.6242,-8.6355,0.0000,0.0000,156.187,-3.870,0.780,91.486,0.0664,0.0142,0.9976,
33.846,ENC,-35.8952,18.6242,-8.6355,0.0000,0.0000,156.187,-3.870,0.780,91.486,0.0664,0.0142,0.9976,
33.859,IMU,-35.8952,18.6242,-8.6355,0.0000,0.0000,156.187,-3.827,0.789,91.427,0.0586,0.0254,0.9907,
33.869,ENC,-35.8952,18.6242,-8.6355,0.0000,0.0000,156.187,-3.827,0.789,91.427,0.0586,0.0254,0.9907,
33.890,IMU,-35.8952,18.6242,-8.6355,0.0000,0.0000,156.187,-3.821,0.796,91.456,0.0547,0.0146,0.9922,
33.891,IMU,-35.8952,18.6242,-8.6355,0.0000,0.0000,156.187,-3.814,0.777,91.451,0.0708,0.0210,0.9941,
33.907,ENC,-35.8952,18.6242,-8.6355,0.0000,0.0000,156.187,-3.814,0.777,91.451,0.0708,0.0210,0.9941,
33.937,IMU,-35.8952,18.6242,-8.6355,0.0000,0.0000,156.187,-3.839,0.727,91.479,0.0703,0.0122,1.0015,
33.942,ENC,-35.8952,18.6242,-8.6355,0.0000,0.0000,156.187,-3.839,0.727,91.479,0.0703,0.0122,1.0015,
33.961,IMU,-35.8952,18.6242,-8.6355,0.0000,0.0000,156.187,-3.872,0.730,91.463,0.0737,0.0151,0.9990,
33.973,IMU,-35.8952,18.6242,-8.6355,0.0000,0.0000,156.187,-3.844,0.723,91.473,0.0630,0.0059,1.0073,
33.984,ENC,-35.8952,18.6242,-8.6355,0.0000,0.0000,156.187,-3.844,0.723,91.473,0.0630,0.0059,1.0073,
33.987,ENC,-35.8952,18.6242,-8.6355,0.0000,0.0000,156.187,-3.844,0.723,91.473,0.0630,0.0059,1.0073,
33.990,ENC,-35.8952,18.6242,-8.6355,0.0000,0.0000,156.187,-3.844,0.723,91.473,0.0630,0.0059,1.0073,
33.991,IMU,-35.8952,18.6242,-8.6355,0.0000,0.0000,156.187,-3.873,0.711,91.486,0.0601,0.0122,1.0010,
34.015,IMU,-35.8952,18.6242,-8.6355,0.0000,0.0000,156.187,-3.846,0.698,91.503,0.0654,0.0059,0.9956,
34.031,ENC,-35.8952,18.6242,-8.6355,0.0000,0.0000,156.187,-3.846,0.698,91.503,0.0654,0.0059,0.9956,
34.063,ENC,-35.8952,18.6242,-8.6355,0.0000,0.0000,156.187,-3.846,0.698,91.503,0.0654,0.0059,0.9956,
34.082,IMU,-35.8952,18.6242,-8.6355,0.0000,0.0000,156.187,-3.951,0.599,91.317,0.0757,0.0015,1.0024,
34.087,ENC,-35.8952,18.6242,-8.6355,0.0000,0.0000,156.187,-3.951,0.599,91.317,0.0757,0.0015,1.0024,
34.090,IMU,-35.8952,18.6242,-8.6355,0.0000,0.0000,156.187,-3.976,0.659,91.323,0.0591,0.0176,0.9990,
34.098,ENC,-35.8952,18.6242,-8.6355,0.0000,0.0000,156.187,-3.976,0.659,91.323,0.0591,0.0176,0.9990,
34.099,ENC,-35.8952,18.6242,-8.6355,0.0000,0.0000,156.187,-3.976,0.659,91.323,0.0591,0.0176,0.9990,
34.104,ENC,-35.8952,18.6242,-8.6355,0.0000,0.0000,156.187,-3.976,0.659,91.323,0.0591,0.0176,0.9990,
34.146,ENC,-35.8952,18.6242,-8.6355,0.0000,0.0000,156.187,-3.976,0.659,91.323,0.0591,0.0176,0.9990,
34.149,IMU,-35.8952,18.6242,-8.6355,0.0000,0.0000,156.187,-3.986,0.655,91.337,0.0645,0.0146,0.9893,
34.155,IMU,-35.8952,18.6242,-8.6355,0.0000,0.0000,156.187,-4.030,0.648,91.358,0.0693,0.0186,0.9912,
34.161,IMU,-35.8952,18.6242,-8.6355,0.0000,0.0000,156.187,-4.015,0.649,91.389,0.0649,0.0215,1.0044,
34.161,ENC,-35.8952,18.6242,-8.6355,0.0000,0.0000,156.187,-4.015,0.649,91.389,0.0649,0.0215,1.0044,
34.169,IMU,-35.8952,18.6242,-8.6355,0.0000,0.0000,156.187,-4.000,0.667,91.395,0.0679,0.0200,0.9932,
34.169,ENC,-35.8952,18.6242,-8.6355,0.0000,0.0000,156.187,-4.000,0.667,91.395,0.0679,0.0200,0.9932,
34.185,ENC,-35.8952,18.6242,-8.6355,0.0000,0.0000,156.187,-4.000,0.667,91.395,0.0679,0.0200,0.9932,
34.188,IMU,-35.8952,18.6242,-8.6355,0.0000,0.0000,156.187,-3.970,0.645,91.388,0.0703,0.0146,1.0005,
34.254,IMU,-35.8952,18.6242,-8.6355,0.0000,0.0000,156.187,-3.994,0.668,91.460,0.0786,0.0127,1.0063,
34.267,ENC,-35.8952,18.6242,-8.6355,0.0000,0.0000,156.187,-3.994,0.668,91.460,0.0786,0.0127,1.0063,
34.289,IMU,-35.8952,18.6242,-8.6355,0.0000,0.0000,156.187,-4.154,0.585,91.445,0.0713,0.0137,0.9980,
34.289,ENC,-35.8952,18.6242,-8.6355,0.0000,0.0000,156.187,-4.154,0.585,91.445,0.0713,0.0137,0.9980,
34.295,IMU,-35.8952,18.6242,-8.6355,0.0000,0.0000,156.187,-4.153,0.613,91.463,0.0688,0.0161,1.0005,
34.295,ENC,-35.8952,18.6242,-8.6355,0.0000,0.0000,156.187,-4.153,0.613,91.463,0.0688,0.0161,1.0005,
34.296,ENC,-35.8952,18.6242,-8.6355,0.0000,0.0000,156.187,-4.153,0.613,91.463,0.0688,0.0161,1.0005,
34.324,ENC,-35.8952,18.6242,-8.6355,0.0000,0.0000,156.187,-4.153,0.613,91.463,0.0688,0.0161,1.0005,
34.326,IMU,-35.8952,18.6242,-8.6355,0.0000,0.0000,156.187,-4.140,0.564,91.439,0.0669,-0.0005,1.0010,
34.344,IMU,-35.8952,18.6242,-8.6355,0.0000,0.0000,156.187,-4.124,0.556,91.431,0.0664,0.0156,0.9868,
34.344,ENC,-35.8952,18.6242,-8.6355,0.0000,0.0000,156.187,-4.124,0.556,91.431,0.0664,0.0156,0.9868,
34.346,ENC,-35.8952,18.6242,-8.6355,0.0000,0.0000,156.187,-4.124,0.556,91.431,0.0664,0.0156,0.9868,
34.347,ENC,-35.8952,18.6242,-8.6355,0.0000,0.0000,156.187,-4.124,0.556,91.431,0.0664,0.0156,0.9868,
34.364,ENC,-35.8952,18.6242,-8.6355,0.0000,0.0000,156.187,-4.124,0.556,91.431,0.0664,0.0156,0.9868,
34.370,IMU,-35.8952,18.6242,-8.6355,0.0000,0.0000,156.187,-4.112,0.527,91.471,0.0669,0.0059,1.0073,
34.389,IMU,-35.8952,18.6242,-8.6355,0.0000,0.0000,156.187,-4.114,0.581,91.456,0.0703,0.0137,1.0005,
34.394,ENC,-35.8952,18.6242,-8.6355,0.0000,0.0000,156.187,-4.114,0.581,91.456,0.0703,0.0137,1.0005,
34.427,ENC,-35.8952,18.6242,-8.6355,0.0000,0.0000,156.187,-4.114,0.581,91.456,0.0703,0.0137,1.0005,
34.430,IMU,-35.8952,18.6242,-8.6355,0.0000,0.0000,156.187,-4.089,0.564,91.384,0.0625,0.0107,0.9985,
34.458,IMU,-35.8952,18.6242,-8.6355,0.0000,0.0000,156.187,-4.108,0.581,91.393,0.0620,0.0029,0.9946,
34.458,ENC,-35.8952,18.6242,-8.6355,0.0000,0.0000,156.187,-4.108,0.581,91.393,0.0620,0.0029,0.9946,
34.492,IMU,-35.8952,18.6242,-8.6355,0.0000,0.0000,156.187,-4.082,0.550,91.391,0.0669,0.0088,1.0083,
34.495,IMU,-35.8952,18.6242,-8.6355,0.0000,0.0000,156.187,-4.080,0.580,91.386,0.0605,0.0112,0.9961,
34.495,ENC,-35.8952,18.6242,-8.6355,0.0000,0.0000,156.187,-4.080,0.580,91.386,0.0605,0.0112,0.9961,
34.512,IMU,-35.8952,18.6242,-8.6355,0.0000,0.0000,156.187,-4.049,0.626,91.385,0.0645,0.0220,1.0029,
34.512,ENC,-35.8952,18.6242,-8.6355,0.0000,0.0000,156.187,-4.049,0.626,91.385,0.0645,0.0220,1.0029,
34.527,ENC,-35.8952,18.6242,-8.6355,0.0000,0.0000,156.187,-4.049,0.626,91.385,0.0645,0.0220,1.0029,
34.550,IMU,-35.8952,18.6242,-8.6355,0.0000,0.0000,156.187,-4.093,0.602,91.379,0.0801,0.0083,0.9907,
34.550,ENC,-35.8952,18.6242,-8.6355,0.0000,0.0000,156.187,-4.093,0.602,91.379,0.0801,0.0083,0.9907,
34.553,IMU,-35.8952,18.6242,-8.6355,0.0000,0.0000,156.187,-4.104,0.614,91.328,0.0654,0.0034,0.9868,
34.562,ENC,-35.8952,18.6242,-8.6355,0.0000,0.0000,156.187,-4.104,0.614,91.328,0.0654,0.0034,0.9868,
34.568,IMU,-35.8952,18.6242,-8.6355,0.0000,0.0000,156.187,-4.077,0.600,91.292,0.0645,0.0132,0.9937,
34.583,ENC,-35.8952,18.6242,-8.6355,0.0000,0.0000,156.187,-4.077,0.600,91.292,0.0645,0.0132,0.9937,
34.587,IMU,-35.8952,18.6242,-8.6355,0.0000,0.0000,156.187,-4.102,0.626,91.284,0.0513,0.0195,1.0005,
34.604,ENC,-35.8952,18.6242,-8.6355,0.0000,0.0000,156.187,-4.102,0.626,91.284,0.0513,0.0195,1.0005,
34.608,IMU,-35.8952,18.6242,-8.6355,0.0000,0.0000,156.187,-4.048,0.673,91.283,0.0557,0.0098,0.9927,
34.628,IMU,-35.8952,18.6242,-8.6355,0.0000,0.0000,156.187,-4.021,0.675,91.256,0.0576,0.0161,0.9927,
34.642,ENC,-35.8952,18.6242,-8.6355,0.0000,0.0000,156.187,-4.021,0.675,91.256,0.0576,0.0161,0.9927,
34.643,ENC,-35.8952,18.6242,-8.6355,0.0000,0.0000,156.187,-4.021,0.675,91.256,0.0576,0.0161,0.9927,
34.648,IMU,-35.8952,18.6242,-8.6355,0.0000,0.0000,156.187,-3.996,0.621,91.217,0.0620,0.0015,0.9995,
34.663,ENC,-35.8952,18.6242,-8.6355,0.0000,0.0000,156.187,-3.996,0.621,91.217,0.0620,0.0015,0.9995,
34.669,IMU,-35.8952,18.6242,-8.6355,0.0000,0.0000,156.187,-3.983,0.651,91.189,0.0674,0.0161,0.9839,
34.684,ENC,-35.8952,18.6242,-8.6355,0.0000,0.0000,156.187,-3.983,0.651,91.189,0.0674,0.0161,0.9839,
34.687,IMU,-35.8952,18.6242,-8.6355,0.0000,0.0000,156.187,-3.989,0.664,91.158,0.0649,0.0137,0.9917,
34.703,ENC,-35.8952,18.6242,-8.6355,0.0000,0.0000,156.187,-3.989,0.664,91.158,0.0649,0.0137,0.9917,
34.708,IMU,-35.8952,18.6242,-8.6355,0.0000,0.0000,156.187,-3.950,0.686,91.078,0.0645,0.0161,1.0034,
34.723,ENC,-35.8952,18.6242,-8.6355,0.0000,0.0000,156.187,-3.950,0.686,91.078,0.0645,0.0161,1.0034,
34.728,IMU,-35.8952,18.6242,-8.6355,0.0000,0.0000,156.187,-3.950,0.692,91.094,0.0688,0.0107,0.9956,
34.742,ENC,-35.8952,18.6242,-8.6355,0.0000,0.0000,156.187,-3.950,0.692,91.094,0.0688,0.0107,0.9956,
34.747,IMU,-35.8952,18.6242,-8.6355,0.0000,0.0000,156.187,-3.991,0.686,91.106,0.0635,0.0068,0.9946,
34.763,ENC,-35.8952,18.6242,-8.6355,0.0000,0.0000,156.187,-3.991,0.686,91.106,0.0635,0.0068,0.9946,
34.767,IMU,-35.8952,18.6242,-8.6355,0.0000,0.0000,156.187,-3.982,0.688,91.088,0.0601,0.0068,0.9883,
34.783,ENC,-35.8952,18.6242,-8.6355,0.0000,0.0000,156.187,-3.982,0.688,91.088,0.0601,0.0068,0.9883,
34.788,IMU,-35.8952,18.6242,-8.6355,0.0000,0.0000,156.187,-4.010,0.712,91.087,0.0723,0.0093,0.9941,
34.802,ENC,-35.8952,18.6242,-8.6355,0.0000,0.0000,156.187,-4.010,0.712,91.087,0.0723,0.0093,0.9941,
34.808,IMU,-35.8952,18.6242,-8.6355,0.0000,0.0000,156.187,-4.033,0.706,91.104,0.0527,0.0068,0.9922,
34.822,ENC,-35.8952,18.6242,-8.6355,0.0000,0.0000,156.187,-4.033,0.706,91.104,0.0527,0.0068,0.9922,
34.827,IMU,-35.8952,18.6242,-8.6355,0.0000,0.0000,156.187,-3.999,0.723,91.110,0.0571,0.0176,0.9849,
34.843,ENC,-35.8952,18.6242,-8.6355,0.0000,0.0000,156.187,-3.999,0.723,91.110,0.0571,0.0176,0.9849,
34.847,IMU,-35.8952,18.6242,-8.6355,0.0000,0.0000,156.187,-3.982,0.746,91.083,0.0610,0.0103,1.0015,
34.862,ENC,-35.8952,18.6242,-8.6355,0.0000,0.0000,156.187,-3.982,0.746,91.083,0.0610,0.0103,1.0015,
34.869,IMU,-35.8952,18.6242,-8.6355,0.0000,0.0000,156.187,-3.977,0.746,91.110,0.0708,0.0049,0.9878,
34.882,ENC,-35.8952,18.6242,-8.6355,0.0000,0.0000,156.187,-3.977,0.746,91.110,0.0708,0.0049,0.9878,
34.888,IMU,-35.8952,18.6242,-8.6355,0.0000,0.0000,156.187,-3.952,0.723,91.094,0.0698,0.0137,1.0015,
34.903,ENC,-35.8952,18.6242,-8.6355,0.0000,0.0000,156.187,-3.952,0.723,91.094,0.0698,0.0137,1.0015,
34.908,IMU,-35.8952,18.6242,-8.6355,0.0000,0.0000,156.187,-3.974,0.736,91.096,0.0630,0.0107,1.0073,
34.922,ENC,-35.8952,18.6242,-8.6355,0.0000,0.0000,156.187,-3.974,0.736,91.096,0.0630,0.0107,1.0073,
34.927,IMU,-35.8952,18.6242,-8.6355,0.0000,0.0000,156.187,-3.940,0.705,91.070,0.0596,0.0093,0.9941,
34.947,ENC,-35.8952,18.6242,-8.6355,0.0000,0.0000,156.187,-3.940,0.705,91.070,0.0596,0.0093,0.9941,
34.950,IMU,-35.8952,18.6242,-8.6355,0.0000,0.0000,156.187,-3.982,0.723,91.077,0.0708,0.0073,1.0020,
34.963,ENC,-35.8952,18.6242,-8.6355,0.0000,0.0000,156.187,-3.982,0.723,91.077,0.0708,0.0073,1.0020,
34.968,IMU,-35.8952,18.6242,-8.6355,0.0000,0.0000,156.187,-3.939,0.687,91.079,0.0649,0.0137,0.9966,
34.984,ENC,-35.8952,18.6242,-8.6355,0.0000,0.0000,156.187,-3.939,0.687,91.079,0.0649,0.0137,0.9966,
34.987,IMU,-35.8952,18.6242,-8.6355,0.0000,0.0000,156.187,-3.906,0.701,91.065,0.0591,0.0015,1.0024,
35.003,ENC,-35.8952,18.6242,-8.6355,0.0000,0.0000,156.187,-3.906,0.701,91.065,0.0591,0.0015,1.0024,
35.023,ENC,-35.8952,18.6242,-8.6355,0.0000,0.0000,156.187,-3.906,0.701,91.065,0.0591,0.0015,1.0024,
35.027,IMU,-35.8952,18.6242,-8.6355,0.0000,0.0000,156.187,-3.873,0.776,91.063,0.0557,0.0186,1.0083,
35.042,ENC,-35.8952,18.6242,-8.6355,0.0000,0.0000,156.187,-3.873,0.776,91.063,0.0557,0.0186,1.0083,
35.063,ENC,-35.8952,18.6242,-8.6355,0.0000,0.0000,156.187,-3.873,0.776,91.063,0.0557,0.0186,1.0083,
35.069,IMU,-35.8952,18.6242,-8.6355,0.0000,0.0000,156.187,-3.896,0.763,90.899,0.0664,0.0137,1.0000,
35.083,ENC,-35.8952,18.6242,-8.6355,0.0000,0.0000,156.187,-3.896,0.763,90.899,0.0664,0.0137,1.0000,
35.088,IMU,-35.8952,18.6242,-8.6355,0.0000,0.0000,156.187,-3.882,0.793,90.936,0.0547,0.0190,0.9985,
35.106,ENC,-35.8952,18.6242,-8.6355,0.0000,0.0000,156.187,-3.882,0.793,90.936,0.0547,0.0190,0.9985,
35.109,IMU,-35.8952,18.6242,-8.6355,0.0000,0.0000,156.187,-3.862,0.814,90.960,0.0703,0.0098,1.0073,
35.122,ENC,-35.8952,18.6242,-8.6355,0.0000,0.0000,156.187,-3.862,0.814,90.960,0.0703,0.0098,1.0073,
35.128,IMU,-35.8952,18.6242,-8.6355,0.0000,0.0000,156.187,-3.846,0.786,90.944,0.0591,0.0137,0.9951,
35.143,ENC,-35.8952,18.6242,-8.6355,0.0000,0.0000,156.187,-3.846,0.786,90.944,0.0591,0.0137,0.9951,
35.147,IMU,-35.8952,18.6242,-8.6355,0.0000,0.0000,156.187,-3.844,0.787,90.929,0.0703,0.0063,1.0049,
35.162,ENC,-35.8952,18.6242,-8.6355,0.0000,0.0000,156.187,-3.844,0.787,90.929,0.0703,0.0063,1.0049,
35.167,IMU,-35.8952,18.6242,-8.6355,0.0000,0.0000,156.187,-3.816,0.786,90.963,0.0742,0.0166,0.9980,
35.182,ENC,-35.8952,18.6242,-8.6355,0.0000,0.0000,156.187,-3.816,0.786,90.963,0.0742,0.0166,0.9980,
35.190,IMU,-35.8952,18.6242,-8.6355,0.0000,0.0000,156.187,-3.812,0.796,90.948,0.0601,0.0200,0.9961,
35.203,ENC,-35.8952,18.6242,-8.6355,0.0000,0.0000,156.187,-3.812,0.796,90.948,0.0601,0.0200,0.9961,
35.222,ENC,-35.8952,18.6242,-8.6355,0.0000,0.0000,156.187,-3.812,0.796,90.948,0.0601,0.0200,0.9961,
35.227,IMU,-35.8952,18.6242,-8.6355,0.0000,0.0000,156.187,-3.805,0.806,90.817,0.0596,0.0146,0.9971,
35.242,ENC,-35.8952,18.6242,-8.6355,0.0000,0.0000,156.187,-3.805,0.806,90.817,0.0596,0.0146,0.9971,
35.247,IMU,-35.8952,18.6242,-8.6355,0.0000,0.0000,156.187,-3.812,0.793,90.789,0.0708,0.0029,0.9990,
35.263,ENC,-35.8952,18.6242,-8.6355,0.0000,0.0000,156.187,-3.812,0.793,90.789,0.0708,0.0029,0.9990,
35.267,IMU,-35.8952,18.6242,-8.6355,0.0000,0.0000,156.187,-3.806,0.812,90.806,0.0610,0.0073,0.9956,
35.282,ENC,-35.8952,18.6242,-8.6355,0.0000,0.0000,156.187,-3.806,0.812,90.806,0.0610,0.0073,0.9956,
35.287,IMU,-35.8952,18.6242,-8.6355,0.0000,0.0000,156.187,-3.858,0.812,90.832,0.0752,0.0063,0.9966,
35.303,ENC,-35.8952,18.6242,-8.6355,0.0000,0.0000,156.187,-3.858,0.812,90.832,0.0752,0.0063,0.9966,
35.308,IMU,-35.8952,18.6242,-8.6355,0.0000,0.0000,156.187,-3.809,0.765,90.849,0.0601,0.0059,0.9854,
35.323,ENC,-35.8952,18.6242,-8.6355,0.0000,0.0000,156.187,-3.809,0.765,90.849,0.0601,0.0059,0.9854,
35.328,IMU,-35.8952,18.6242,-8.6355,0.0000,0.0000,156.187,-3.804,0.721,90.835,0.0635,0.0063,0.9985,
35.342,ENC,-35.8952,18.6242,-8.6355,0.0000,0.0000,156.187,-3.804,0.721,90.835,0.0635,0.0063,0.9985,
35.348,IMU,-35.8952,18.6242,-8.6355,0.0000,0.0000,156.187,-3.789,0.709,90.801,0.0566,0.0088,0.9810,
35.365,ENC,-35.8952,18.6242,-8.6355,0.0000,0.0000,156.187,-3.789,0.709,90.801,0.0566,0.0088,0.9810,
35.368,IMU,-35.8952,18.6242,-8.6355,0.0000,0.0000,156.187,-3.763,0.729,90.795,0.0688,0.0176,0.9951,
35.382,ENC,-35.8952,18.6242,-8.6355,0.0000,0.0000,156.187,-3.763,0.729,90.795,0.0688,0.0176,0.9951,
35.388,IMU,-35.8952,18.6242,-8.6355,0.0000,0.0000,156.187,-3.726,0.713,90.805,0.0679,0.0107,0.9951,
35.403,ENC,-35.8952,18.6242,-8.6355,0.0000,0.0000,156.187,-3.726,0.713,90.805,0.0679,0.0107,0.9951,
35.408,IMU,-35.8952,18.6242,-8.6355,0.0000,0.0000,156.187,-3.729,0.776,90.802,0.0645,0.0229,0.9917,
35.423,ENC,-35.8952,18.6242,-8.6355,0.0000,0.0000,156.187,-3.729,0.776,90.802,0.0645,0.0229,0.9917,
35.428,IMU,-35.8952,18.6242,-8.6355,0.0000,0.0000,156.187,-3.710,0.789,90.796,0.0664,0.0093,0.9927,
35.442,ENC,-35.8952,18.6242,-8.6355,0.0000,0.0000,156.187,-3.710,0.789,90.796,0.0664,0.0093,0.9927,
35.449,IMU,-35.8952,18.6242,-8.6355,0.0000,0.0000,156.187,-3.701,0.764,90.765,0.0620,0.0122,1.0068,
35.467,IMU,-35.8952,18.6242,-8.6355,0.0000,0.0000,156.187,-3.712,0.764,90.729,0.0522,0.0171,0.9849,
35.470,ENC,-35.8952,18.6242,-8.6355,0.0000,0.0000,156.187,-3.712,0.764,90.729,0.0522,0.0171,0.9849,
35.483,ENC,-35.8952,18.6242,-8.6355,0.0000,0.0000,156.187,-3.712,0.764,90.729,0.0522,0.0171,0.9849,
35.487,IMU,-35.8952,18.6242,-8.6355,0.0000,0.0000,156.187,-3.705,0.802,90.783,0.0737,0.0034,0.9922,
35.502,ENC,-35.8952,18.6242,-8.6355,0.0000,0.0000,156.187,-3.705,0.802,90.783,0.0737,0.0034,0.9922,
35.508,IMU,-35.8952,18.6242,-8.6355,0.0000,0.0000,156.187,-3.740,0.831,90.796,0.0693,0.0010,0.9888,
35.522,ENC,-35.8952,18.6242,-8.6355,0.0000,0.0000,156.187,-3.740,0.831,90.796,0.0693,0.0010,0.9888,
35.527,IMU,-35.8952,18.6242,-8.6355,0.0000,0.0000,156.187,-3.764,0.837,90.799,0.0664,0.0127,0.9917,
35.543,ENC,-35.8952,18.6242,-8.6355,0.0000,0.0000,156.187,-3.764,0.837,90.799,0.0664,0.0127,0.9917,
35.548,IMU,-35.8952,18.6242,-8.6355,0.0000,0.0000,156.187,-3.751,0.892,90.823,0.0659,0.0225,0.9946,
35.565,ENC,-35.8952,18.6242,-8.6355,0.0000,0.0000,156.187,-3.751,0.892,90.823,0.0659,0.0225,0.9946,
35.568,IMU,-35.8952,18.6242,-8.6355,0.0000,0.0000,156.187,-3.784,0.888,90.864,0.0522,0.0088,0.9946,
35.582,ENC,-35.8952,18.6242,-8.6355,0.0000,0.0000,156.187,-3.784,0.888,90.864,0.0522,0.0088,0.9946,
35.587,IMU,-35.8952,18.6242,-8.6355,0.0000,0.0000,156.187,-3.781,0.882,90.879,0.0605,0.0151,0.9917,
35.603,ENC,-35.8952,18.6242,-8.6355,0.0000,0.0000,156.187,-3.781,0.882,90.879,0.0605,0.0151,0.9917,
35.608,IMU,-35.8952,18.6242,-8.6355,0.0000,0.0000,156.187,-3.768,0.870,90.884,0.0571,-0.0010,1.0029,
35.623,ENC,-35.8952,18.6242,-8.6355,0.0000,0.0000,156.187,-3.768,0.870,90.884,0.0571,-0.0010,1.0029,
35.627,IMU,-35.8952,18.6242,-8.6355,0.0000,0.0000,156.187,-3.775,0.856,90.922,0.0635,0.0093,1.0049,
35.643,ENC,-35.8952,18.6242,-8.6355,0.0000,0.0000,156.187,-3.775,0.856,90.922,0.0635,0.0093,1.0049,
35.648,IMU,-35.8952,18.6242,-8.6355,0.0000,0.0000,156.187,-3.801,0.823,90.883,0.0659,0.0151,0.9995,
35.668,ENC,-35.8952,18.6242,-8.6355,0.0000,0.0000,156.187,-3.801,0.823,90.883,0.0659,0.0151,0.9995,
35.670,IMU,-35.8952,18.6242,-8.6355,0.0000,0.0000,156.187,-3.845,0.775,90.904,0.0669,0.0005,1.0000,
35.683,ENC,-35.8952,18.6242,-8.6355,0.0000,0.0000,156.187,-3.845,0.775,90.904,0.0669,0.0005,1.0000,
35.689,IMU,-35.8952,18.6242,-8.6355,0.0000,0.0000,156.187,-3.806,0.749,90.897,0.0728,0.0137,0.9868,
35.702,ENC,-35.8952,18.6242,-8.6355,0.0000,0.0000,156.187,-3.806,0.749,90.897,0.0728,0.0137,0.9868,
35.707,IMU,-35.8952,18.6242,-8.6355,0.0000,0.0000,156.187,-3.793,0.772,90.911,0.0586,0.0137,0.9888,
35.722,ENC,-35.8952,18.6242,-8.6355,0.0000,0.0000,156.187,-3.793,0.772,90.911,0.0586,0.0137,0.9888,
35.727,IMU,-35.8952,18.6242,-8.6355,0.0000,0.0000,156.187,-3.817,0.857,90.945,0.0605,0.0293,0.9897,
35.743,ENC,-35.8952,18.6242,-8.6355,0.0000,0.0000,156.187,-3.817,0.857,90.945,0.0605,0.0293,0.9897,
35.749,IMU,-35.8952,18.6242,-8.6355,0.0000,0.0000,156.187,-3.783,0.864,90.900,0.0620,0.0171,1.0049,
35.762,ENC,-35.8952,18.6242,-8.6355,0.0000,0.0000,156.187,-3.783,0.864,90.900,0.0620,0.0171,1.0049,
35.768,IMU,-35.8952,18.6242,-8.6355,0.0000,0.0000,156.187,-3.818,0.862,90.929,0.0620,0.0103,1.0029,
35.783,ENC,-35.8952,18.6242,-8.6355,0.0000,0.0000,156.187,-3.818,0.862,90.929,0.0620,0.0103,1.0029,
35.787,IMU,-35.8952,18.6242,-8.6355,0.0000,0.0000,156.187,-3.865,0.902,90.945,0.0669,0.0239,0.9868,
35.803,ENC,-35.8952,18.6242,-8.6355,0.0000,0.0000,156.187,-3.865,0.902,90.945,0.0669,0.0239,0.9868,
35.807,IMU,-35.8952,18.6242,-8.6355,0.0000,0.0000,156.187,-3.843,0.904,90.913,0.0591,0.0171,0.9922,
35.824,ENC,-35.8952,18.6242,-8.6355,0.0000,0.0000,156.187,-3.843,0.904,90.913,0.0591,0.0171,0.9922,
35.829,IMU,-35.8952,18.6242,-8.6355,0.0000,0.0000,156.187,-3.853,0.942,90.876,0.0591,0.0103,0.9985,
35.843,ENC,-35.8952,18.6242,-8.6355,0.0000,0.0000,156.187,-3.853,0.942,90.876,0.0591,0.0103,0.9985,
35.847,IMU,-35.8952,18.6242,-8.6355,0.0000,0.0000,156.187,-3.895,0.951,90.880,0.0654,0.0039,0.9956,
35.863,ENC,-35.8952,18.6242,-8.6355,0.0000,0.0000,156.187,-3.895,0.951,90.880,0.0654,0.0039,0.9956,
35.867,IMU,-35.8952,18.6242,-8.6355,0.0000,0.0000,156.187,-3.907,0.930,90.881,0.0698,0.0063,0.9917,
35.882,ENC,-35.8952,18.6242,-8.6355,0.0000,0.0000,156.187,-3.907,0.930,90.881,0.0698,0.0063,0.9917,
35.888,IMU,-35.8952,18.6242,-8.6355,0.0000,0.0000,156.187,-3.887,0.933,90.878,0.0586,0.0176,0.9937,
35.906,ENC,-35.8952,18.6242,-8.6355,0.0000,0.0000,156.187,-3.887,0.933,90.878,0.0586,0.0176,0.9937,
35.909,IMU,-35.8952,18.6242,-8.6355,0.0000,0.0000,156.187,-3.875,0.933,90.833,0.0728,0.0127,0.9980,
35.926,ENC,-35.8952,18.6242,-8.6355,0.0000,0.0000,156.187,-3.875,0.933,90.833,0.0728,0.0127,0.9980,
35.929,IMU,-35.8952,18.6242,-8.6355,0.0000,0.0000,156.187,-3.850,0.899,90.785,0.0649,0.0078,0.9941,
35.942,ENC,-35.8952,18.6242,-8.6355,0.0000,0.0000,156.187,-3.850,0.899,90.785,0.0649,0.0078,0.9941,
35.948,IMU,-35.8952,18.6242,-8.6355,0.0000,0.0000,156.187,-3.842,0.848,90.791,0.0562,0.0117,0.9976,
35.963,ENC,-35.8952,18.6242,-8.6355,0.0000,0.0000,156.187,-3.842,0.848,90.791,0.0562,0.0117,0.9976,
35.968,IMU,-35.8952,18.6242,-8.6355,0.0000,0.0000,156.187,-3.799,0.883,90.792,0.0698,0.0137,0.9951,
35.982,ENC,-35.8952,18.6242,-8.6355,0.0000,0.0000,156.187,-3.799,0.883,90.792,0.0698,0.0137,0.9951,
35.989,IMU,-35.8952,18.6242,-8.6355,0.0000,0.0000,156.187,-3.762,0.912,90.814,0.0654,0.0117,0.9902,
36.002,ENC,-35.8952,18.6242,-8.6355,0.0000,0.0000,156.187,-3.762,0.912,90.814,0.0654,0.0117,0.9902,
36.009,IMU,-35.8952,18.6242,-8.6355,0.0000,0.0000,156.187,-3.732,0.916,90.762,0.0698,0.0225,0.9995,
36.022,ENC,-35.8952,18.6242,-8.6355,0.0000,0.0000,156.187,-3.732,0.916,90.762,0.0698,0.0225,0.9995,
36.042,ENC,-35.8952,18.6242,-8.6355,0.0000,0.0000,156.187,-3.732,0.916,90.762,0.0698,0.0225,0.9995,
36.048,IMU,-35.8952,18.6242,-8.6355,0.0000,0.0000,156.187,-3.803,0.954,90.730,0.0640,0.0181,1.0039,
36.063,ENC,-35.8952,18.6242,-8.6355,0.0000,0.0000,156.187,-3.803,0.954,90.730,0.0640,0.0181,1.0039,
36.067,IMU,-35.8952,18.6242,-8.6355,0.0000,0.0000,156.187,-3.758,0.922,90.714,0.0596,0.0093,1.0005,
36.083,ENC,-35.8952,18.6242,-8.6355,0.0000,0.0000,156.187,-3.758,0.922,90.714,0.0596,0.0093,1.0005,
36.088,IMU,-35.8952,18.6242,-8.6355,0.0000,0.0000,156.187,-3.780,0.889,90.712,0.0625,0.0117,1.0063,
36.102,ENC,-35.8952,18.6242,-8.6355,0.0000,0.0000,156.187,-3.780,0.889,90.712,0.0625,0.0117,1.0063,
36.108,IMU,-35.8952,18.6242,-8.6355,0.0000,0.0000,156.187,-3.810,0.867,90.695,0.0615,0.0215,0.9990,
36.122,ENC,-35.8952,18.6242,-8.6355,0.0000,0.0000,156.187,-3.810,0.867,90.695,0.0615,0.0215,0.9990,
36.127,IMU,-35.8952,18.6242,-8.6355,0.0000,0.0000,156.187,-3.823,0.814,90.715,0.0493,-0.0044,0.9941,
36.143,ENC,-35.8952,18.6242,-8.6355,0.0000,0.0000,156.187,-3.823,0.814,90.715,0.0493,-0.0044,0.9941,
36.147,IMU,-35.8952,18.6242,-8.6355,0.0000,0.0000,156.187,-3.838,0.835,90.713,0.0688,0.0112,1.0098,
36.162,ENC,-35.8952,18.6242,-8.6355,0.0000,0.0000,156.187,-3.838,0.835,90.713,0.0688,0.0112,1.0098,
36.167,IMU,-35.8952,18.6242,-8.6355,0.0000,0.0000,156.187,-3.826,0.861,90.713,0.0649,0.0215,0.9922,
36.182,ENC,-35.8952,18.6242,-8.6355,0.0000,0.0000,156.187,-3.826,0.861,90.713,0.0649,0.0215,0.9922,
36.188,IMU,-35.8952,18.6242,-8.6355,0.0000,0.0000,156.187,-3.839,0.886,90.686,0.0542,0.0205,0.9839,
36.203,ENC,-35.8952,18.6242,-8.6355,0.0000,0.0000,156.187,-3.839,0.886,90.686,0.0542,0.0205,0.9839,
36.208,IMU,-35.8952,18.6242,-8.6355,0.0000,0.0000,156.187,-3.790,0.859,90.660,0.0586,-0.0024,0.9878,
36.223,ENC,-35.8952,18.6242,-8.6355,0.0000,0.0000,156.187,-3.790,0.859,90.660,0.0586,-0.0024,0.9878,
36.228,IMU,-35.8952,18.6242,-8.6355,0.0000,0.0000,156.187,-3.742,0.843,90.649,0.0640,0.0034,0.9761,
36.243,ENC,-35.8952,18.6242,-8.6355,0.0000,0.0000,156.187,-3.742,0.843,90.649,0.0640,0.0034,0.9761,
36.247,IMU,-35.8952,18.6242,-8.6355,0.0000,0.0000,156.187,-3.765,0.910,90.638,0.0591,0.0127,0.9844,
36.263,ENC,-35.8952,18.6242,-8.6355,0.0000,0.0000,156.187,-3.765,0.910,90.638,0.0591,0.0127,0.9844,
36.267,IMU,-35.8952,18.6242,-8.6355,0.0000,0.0000,156.187,-3.748,0.912,90.653,0.0659,0.0068,1.0029,
36.282,ENC,-35.8952,18.6242,-8.6355,0.0000,0.0000,156.187,-3.748,0.912,90.653,0.0659,0.0068,1.0029,
36.287,IMU,-35.8952,18.6242,-8.6355,0.0000,0.0000,156.187,-3.702,0.924,90.675,0.0605,0.0205,1.0010,
36.303,ENC,-35.8952,18.6242,-8.6355,0.0000,0.0000,156.187,-3.702,0.924,90.675,0.0605,0.0205,1.0010,
36.307,IMU,-35.8952,18.6242,-8.6355,0.0000,0.0000,156.187,-3.694,0.924,90.655,0.0547,0.0205,1.0029,
36.322,ENC,-35.8952,18.6242,-8.6355,0.0000,0.0000,156.187,-3.694,0.924,90.655,0.0547,0.0205,1.0029,
36.328,IMU,-35.8952,18.6242,-8.6355,0.0000,0.0000,156.187,-3.719,0.899,90.668,0.0625,0.0083,0.9971,
36.342,ENC,-35.8952,18.6242,-8.6355,0.0000,0.0000,156.187,-3.719,0.899,90.668,0.0625,0.0083,0.9971,
36.347,IMU,-35.8952,18.6242,-8.6355,0.0000,0.0000,156.187,-3.683,0.903,90.662,0.0483,0.0107,0.9897,
36.362,ENC,-35.8952,18.6242,-8.6355,0.0000,0.0000,156.187,-3.683,0.903,90.662,0.0483,0.0107,0.9897,
36.367,IMU,-35.8952,18.6242,-8.6355,0.0000,0.0000,156.187,-3.642,0.900,90.655,0.0532,0.0181,0.9849,
36.384,ENC,-35.8952,18.6242,-8.6355,0.0000,0.0000,156.187,-3.642,0.900,90.655,0.0532,0.0181,0.9849,
36.388,IMU,-35.8952,18.6242,-8.6355,0.0000,0.0000,156.187,-3.677,0.884,90.627,0.0688,0.0132,1.0000,
36.402,ENC,-35.8952,18.6242,-8.6355,0.0000,0.0000,156.187,-3.677,0.884,90.627,0.0688,0.0132,1.0000,
36.408,IMU,-35.8952,18.6242,-8.6355,0.0000,0.0000,156.187,-3.690,0.825,90.594,0.0698,0.0083,0.9922,
36.422,ENC,-35.8952,18.6242,-8.6355,0.0000,0.0000,156.187,-3.690,0.825,90.594,0.0698,0.0083,0.9922,
36.428,IMU,-35.8952,18.6242,-8.6355,0.0000,0.0000,156.187,-3.700,0.806,90.564,0.0537,0.0098,0.9897,
36.443,ENC,-35.8952,18.6242,-8.6355,0.0000,0.0000,156.187,-3.700,0.806,90.564,0.0537,0.0098,0.9897,
36.447,IMU,-35.8952,18.6242,-8.6355,0.0000,0.0000,156.187,-3.722,0.813,90.591,0.0806,0.0049,1.0015,
36.464,ENC,-35.8952,18.6242,-8.6355,0.0000,0.0000,156.187,-3.722,0.813,90.591,0.0806,0.0049,1.0015,
36.474,IMU,-35.8952,18.6242,-8.6355,0.0000,0.0000,156.187,-3.712,0.806,90.595,0.0591,0.0215,0.9951,
36.482,ENC,-35.8952,18.6242,-8.6355,0.0000,0.0000,156.187,-3.712,0.806,90.595,0.0591,0.0215,0.9951,
36.487,IMU,-35.8952,18.6242,-8.6355,0.0000,0.0000,156.187,-3.702,0.800,90.601,0.0728,0.0088,0.9893,
36.503,ENC,-35.8952,18.6242,-8.6355,0.0000,0.0000,156.187,-3.702,0.800,90.601,0.0728,0.0088,0.9893,
36.507,IMU,-35.8952,18.6242,-8.6355,0.0000,0.0000,156.187,-3.729,0.805,90.587,0.0698,0.0029,0.9922,
36.523,ENC,-35.8952,18.6242,-8.6355,0.0000,0.0000,156.187,-3.729,0.805,90.587,0.0698,0.0029,0.9922,
36.527,IMU,-35.8952,18.6242,-8.6355,0.0000,0.0000,156.187,-3.697,0.806,90.638,0.0659,0.0049,1.0073,
36.543,ENC,-35.8952,18.6242,-8.6355,0.0000,0.0000,156.187,-3.697,0.806,90.638,0.0659,0.0049,1.0073,
36.551,IMU,-35.8952,18.6242,-8.6355,0.0000,0.0000,156.187,-3.665,0.781,90.634,0.0503,0.0288,0.9907,
36.564,ENC,-35.8952,18.6242,-8.6355,0.0000,0.0000,156.187,-3.665,0.781,90.634,0.0503,0.0288,0.9907,
36.569,IMU,-35.8952,18.6242,-8.6355,0.0000,0.0000,156.187,-3.657,0.760,90.664,0.0532,0.0093,0.9917,
36.583,ENC,-35.8952,18.6242,-8.6355,0.0000,0.0000,156.187,-3.657,0.760,90.664,0.0532,0.0093,0.9917,
36.588,IMU,-35.8952,18.6242,-8.6355,0.0000,0.0000,156.187,-3.612,0.746,90.612,0.0498,0.0078,0.9990,
36.603,ENC,-35.8952,18.6242,-8.6355,0.0000,0.0000,156.187,-3.612,0.746,90.612,0.0498,0.0078,0.9990,
36.608,IMU,-35.8952,18.6242,-8.6355,0.0000,0.0000,156.187,-3.590,0.778,90.605,0.0664,0.0010,1.0015,
36.623,ENC,-35.8952,18.6242,-8.6355,0.0000,0.0000,156.187,-3.590,0.778,90.605,0.0664,0.0010,1.0015,
36.627,IMU,-35.8952,18.6242,-8.6355,0.0000,0.0000,156.187,-3.555,0.786,90.577,0.0640,0.0117,0.9897,
36.645,ENC,-35.8952,18.6242,-8.6355,0.0000,0.0000,156.187,-3.555,0.786,90.577,0.0640,0.0117,0.9897,
36.648,IMU,-35.8952,18.6242,-8.6355,0.0000,0.0000,156.187,-3.553,0.805,90.550,0.0669,0.0137,0.9971,
36.663,ENC,-35.8952,18.6242,-8.6355,0.0000,0.0000,156.187,-3.553,0.805,90.550,0.0669,0.0137,0.9971,
36.668,IMU,-35.8952,18.6242,-8.6355,0.0000,0.0000,156.187,-3.577,0.792,90.530,0.0713,0.0137,0.9941,
36.683,ENC,-35.8952,18.6242,-8.6355,0.0000,0.0000,156.187,-3.577,0.792,90.530,0.0713,0.0137,0.9941,
36.688,IMU,-35.8952,18.6242,-8.6355,0.0000,0.0000,156.187,-3.587,0.817,90.503,0.0654,0.0220,0.9976,
36.704,ENC,-35.8952,18.6242,-8.6355,0.0000,0.0000,156.187,-3.587,0.817,90.503,0.0654,0.0220,0.9976,
36.708,IMU,-35.8952,18.6242,-8.6355,0.0000,0.0000,156.187,-3.587,0.804,90.465,0.0679,0.0112,0.9985,
36.726,ENC,-35.8952,18.6242,-8.6355,0.0000,0.0000,156.187,-3.587,0.804,90.465,0.0679,0.0112,0.9985,
36.729,IMU,-35.8952,18.6242,-8.6355,0.0000,0.0000,156.187,-3.597,0.831,90.460,0.0615,0.0225,0.9980,
36.746,ENC,-35.8952,18.6242,-8.6355,0.0000,0.0000,156.187,-3.597,0.831,90.460,0.0615,0.0225,0.9980,
36.749,IMU,-35.8952,18.6242,-8.6355,0.0000,0.0000,156.187,-3.610,0.847,90.445,0.0732,0.0103,0.9883,
36.762,ENC,-35.8952,18.6242,-8.6355,0.0000,0.0000,156.187,-3.610,0.847,90.445,0.0732,0.0103,0.9883,
36.768,IMU,-35.8952,18.6242,-8.6355,0.0000,0.0000,156.187,-3.594,0.807,90.428,0.0615,0.0142,0.9976,
36.782,ENC,-35.8952,18.6242,-8.6355,0.0000,0.0000,156.187,-3.594,0.807,90.428,0.0615,0.0142,0.9976,
36.787,IMU,-35.8952,18.6242,-8.6355,0.0000,0.0000,156.187,-3.568,0.803,90.421,0.0645,0.0205,0.9912,
36.803,ENC,-35.8952,18.6242,-8.6355,0.0000,0.0000,156.187,-3.568,0.803,90.421,0.0645,0.0205,0.9912,
36.807,IMU,-35.8952,18.6242,-8.6355,0.0000,0.0000,156.187,-3.571,0.821,90.380,0.0586,0.0083,0.9937,
36.823,ENC,-35.8952,18.6242,-8.6355,0.0000,0.0000,156.187,-3.571,0.821,90.380,0.0586,0.0083,0.9937,
36.828,IMU,-35.8952,18.6242,-8.6355,0.0000,0.0000,156.187,-3.562,0.774,90.377,0.0645,0.0049,1.0034,
36.842,ENC,-35.8952,18.6242,-8.6355,0.0000,0.0000,156.187,-3.562,0.774,90.377,0.0645,0.0049,1.0034,
36.850,IMU,-35.8952,18.6242,-8.6355,0.0000,0.0000,156.187,-3.583,0.784,90.423,0.0708,0.0146,1.0000,
36.864,ENC,-35.8952,18.6242,-8.6355,0.0000,0.0000,156.187,-3.583,0.784,90.423,0.0708,0.0146,1.0000,
36.869,IMU,-35.8952,18.6242,-8.6355,0.0000,0.0000,156.187,-3.578,0.750,90.394,0.0684,0.0103,1.0029,
36.883,ENC,-35.8952,18.6242,-8.6355,0.0000,0.0000,156.187,-3.578,0.750,90.394,0.0684,0.0103,1.0029,
36.888,IMU,-35.8952,18.6242,-8.6355,0.0000,0.0000,156.187,-3.565,0.765,90.325,0.0615,0.0112,0.9966,
36.902,ENC,-35.8952,18.6242,-8.6355,0.0000,0.0000,156.187,-3.565,0.765,90.325,0.0615,0.0112,0.9966,
36.907,IMU,-35.8952,18.6242,-8.6355,0.0000,0.0000,156.187,-3.510,0.740,90.293,0.0610,0.0044,1.0005,
36.922,ENC,-35.8952,18.6242,-8.6355,0.0000,0.0000,156.187,-3.510,0.740,90.293,0.0610,0.0044,1.0005,
36.931,IMU,-35.8952,18.6242,-8.6355,0.0000,0.0000,156.187,-3.499,0.789,90.286,0.0566,0.0264,0.9985,
36.942,ENC,-35.8952,18.6242,-8.6355,0.0000,0.0000,156.187,-3.499,0.789,90.286,0.0566,0.0264,0.9985,
36.947,IMU,-35.8952,18.6242,-8.6355,0.0000,0.0000,156.187,-3.480,0.831,90.305,0.0630,0.0215,0.9819,
36.962,ENC,-35.8952,18.6242,-8.6355,0.0000,0.0000,156.187,-3.480,0.831,90.305,0.0630,0.0215,0.9819,
36.967,IMU,-35.8952,18.6242,-8.6355,0.0000,0.0000,156.187,-3.461,0.831,90.318,0.0669,0.0073,0.9971,
36.983,ENC,-35.8952,18.6242,-8.6355,0.0000,0.0000,156.187,-3.461,0.831,90.318,0.0669,0.0073,0.9971,
36.991,IMU,-35.8952,18.6242,-8.6355,0.0000,0.0000,156.187,-3.496,0.882,90.371,0.0713,0.0161,1.0015,
37.002,ENC,-35.8952,18.6225,-8.6363,0.0000,-0.0852,156.182,-3.496,0.882,90.371,0.0713,0.0161,1.0015,
37.008,IMU,-35.8952,18.6225,-8.6363,0.0000,-0.0852,156.182,-3.487,0.885,90.399,0.0645,0.0161,0.9995,
37.023,ENC,-35.8952,18.6208,-8.6372,0.0000,-0.0852,156.177,-3.487,0.885,90.399,0.0645,0.0161,0.9995,
37.027,IMU,-35.8952,18.6208,-8.6372,0.0000,-0.0852,156.177,-3.488,0.934,90.408,0.0649,0.0176,1.0020,
37.043,ENC,-35.8952,18.6208,-8.6372,0.0000,0.0000,156.177,-3.488,0.934,90.408,0.0649,0.0176,1.0020,
37.049,IMU,-35.8952,18.6208,-8.6372,0.0000,0.0000,156.177,-3.478,0.884,90.424,0.0698,-0.0073,0.9907,
37.063,ENC,-35.8952,18.6191,-8.6380,0.0000,-0.0852,156.172,-3.478,0.884,90.424,0.0698,-0.0073,0.9907,
37.067,IMU,-35.8952,18.6191,-8.6380,0.0000,-0.0852,156.172,-3.478,0.877,90.393,0.0659,0.0127,1.0010,
37.083,ENC,-35.8952,18.6191,-8.6380,0.0000,0.0000,156.172,-3.478,0.877,90.393,0.0659,0.0127,1.0010,
37.087,IMU,-35.8952,18.6191,-8.6380,0.0000,0.0000,156.172,-3.461,0.858,90.333,0.0635,-0.0015,0.9810,
37.102,ENC,-35.8952,18.6191,-8.6380,0.0000,0.0000,156.172,-3.461,0.858,90.333,0.0635,-0.0015,0.9810,
37.107,IMU,-35.8952,18.6191,-8.6380,0.0000,0.0000,156.172,-3.486,0.834,90.327,0.0684,0.0083,1.0039,
37.122,ENC,-35.8952,18.6157,-8.6397,0.0000,-0.1704,156.162,-3.486,0.834,90.327,0.0684,0.0083,1.0039,
37.128,IMU,-35.8952,18.6157,-8.6397,0.0000,-0.1704,156.162,-3.511,0.864,90.301,0.0649,0.0332,0.9722,
37.143,ENC,-35.8952,18.6089,-8.6431,0.0000,-0.3409,156.143,-3.511,0.864,90.301,0.0649,0.0332,0.9722,
37.148,IMU,-35.8952,18.6089,-8.6431,0.0000,-0.3409,156.143,-3.532,0.870,90.313,0.0620,0.0322,1.0127,
37.162,ENC,-35.8952,18.6021,-8.6465,0.0000,-0.3409,156.123,-3.532,0.870,90.313,0.0620,0.0322,1.0127,
37.167,IMU,-35.8952,18.6021,-8.6465,0.0000,-0.3409,156.123,-3.592,0.920,90.355,0.0610,0.0190,0.9849,
37.183,ENC,-35.9020,18.5918,-8.6551,-0.3409,-0.5113,156.113,-3.592,0.920,90.355,0.0610,0.0190,0.9849,
37.188,IMU,-35.9020,18.5918,-8.6551,-0.3409,-0.5113,156.113,-3.636,0.993,90.357,0.0898,0.0488,1.0293,
37.202,ENC,-35.9105,18.5663,-8.6721,-0.4261,-1.2783,156.064,-3.636,0.993,90.357,0.0898,0.0488,1.0293,
37.208,IMU,-35.9105,18.5663,-8.6721,-0.4261,-1.2783,156.064,-3.653,1.135,90.289,0.0884,0.0952,0.9424,
37.222,ENC,-35.9258,18.5322,-8.6968,-0.7670,-1.7044,156.011,-3.653,1.135,90.289,0.0884,0.0952,0.9424,
37.227,IMU,-35.9258,18.5322,-8.6968,-0.7670,-1.7044,156.011,-3.561,1.265,90.213,0.0234,0.1362,1.0459,
37.243,ENC,-35.9667,18.4896,-8.7386,-2.0453,-2.1305,156.006,-3.561,1.265,90.213,0.0234,0.1362,1.0459,
37.248,IMU,-35.9667,18.4896,-8.7386,-2.0453,-2.1305,156.006,-3.585,1.468,90.278,0.0781,0.1689,0.9932,
37.265,ENC,-36.0383,18.4197,-8.8093,-3.5793,-3.4941,156.011,-3.585,1.468,90.278,0.0781,0.1689,0.9932,
37.268,IMU,-36.0383,18.4197,-8.8093,-3.5793,-3.4941,156.011,-3.676,1.541,90.310,0.1304,0.1523,0.9854,
37.284,ENC,-36.1355,18.3345,-8.9005,-4.8576,-4.2611,156.045,-3.676,1.541,90.310,0.1304,0.1523,0.9854,
37.289,IMU,-36.1355,18.3345,-8.9005,-4.8576,-4.2611,156.045,-3.678,1.659,90.282,0.0972,0.0996,1.0107,
37.303,ENC,-36.2309,18.2220,-9.0045,-4.7724,-5.6246,155.996,-3.678,1.659,90.282,0.0972,0.0996,1.0107,
37.310,IMU,-36.2309,18.2220,-9.0045,-4.7724,-5.6246,155.996,-3.681,1.723,90.234,0.0513,0.0713,0.9897,
37.322,ENC,-36.3468,18.1095,-9.1187,-5.7950,-5.6246,156.006,-3.681,1.723,90.234,0.0513,0.0713,0.9897,
37.329,IMU,-36.3468,18.1095,-9.1187,-5.7950,-5.6246,156.006,-3.666,1.872,90.198,0.0249,0.1387,1.0244,
37.343,ENC,-36.4883,17.9731,-9.2576,-7.0734,-6.8177,156.021,-3.666,1.872,90.198,0.0249,0.1387,1.0244,
37.348,IMU,-36.4883,17.9731,-9.2576,-7.0734,-6.8177,156.021,-3.769,1.976,90.160,0.1455,0.0938,0.9072,
37.362,ENC,-36.6434,17.8266,-9.4084,-7.7551,-7.3290,156.045,-3.769,1.976,90.160,0.1455,0.0938,0.9072,
37.368,IMU,-36.6434,17.8266,-9.4084,-7.7551,-7.3290,156.045,-3.898,2.123,90.116,0.1357,0.1401,1.0156,
37.384,ENC,-36.8155,17.6595,-9.5780,-8.6073,-8.3517,156.060,-3.898,2.123,90.116,0.1357,0.1401,1.0156,
37.389,IMU,-36.8155,17.6595,-9.5780,-8.6073,-8.3517,156.060,-3.912,2.162,90.048,0.0503,0.0562,1.0161,
37.403,ENC,-37.0030,17.4874,-9.7578,-9.3743,-8.6073,156.104,-3.912,2.162,90.048,0.0503,0.0562,1.0161,
37.408,IMU,-37.0030,17.4874,-9.7578,-9.3743,-8.6073,156.104,-3.917,2.206,89.997,0.1216,0.0923,0.9253,
37.423,ENC,-37.1922,17.3016,-9.9453,-9.4595,-9.2891,156.113,-3.917,2.206,89.997,0.1216,0.0923,0.9253,
37.431,IMU,-37.1922,17.3016,-9.9453,-9.4595,-9.2891,156.113,-3.911,2.223,89.958,0.0659,0.0991,0.9761,
37.443,ENC,-37.4002,17.1158,-10.1422,-10.3970,-9.2891,156.177,-3.911,2.223,89.958,0.0659,0.0991,0.9761,
37.447,IMU,-37.4002,17.1158,-10.1422,-10.3970,-9.2891,156.177,-3.832,2.225,89.914,0.0239,0.0293,0.9688,
37.462,ENC,-37.6166,16.9130,-10.3518,-10.8231,-10.1413,156.216,-3.832,2.225,89.914,0.0239,0.0293,0.9688,
37.472,IMU,-37.6166,16.9130,-10.3518,-10.8231,-10.1413,156.216,-3.790,2.239,89.921,0.0835,0.0854,0.9253,
37.482,ENC,-37.8109,16.7136,-10.5487,-9.7152,-9.9709,156.201,-3.790,2.239,89.921,0.0835,0.0854,0.9253,
37.491,IMU,-37.8109,16.7136,-10.5487,-9.7152,-9.9709,156.201,-3.709,2.133,89.905,-0.0283,-0.0259,1.0801,
37.503,ENC,-38.0103,16.5107,-10.7498,-9.9709,-10.1413,156.191,-3.709,2.133,89.905,-0.0283,-0.0259,1.0801,
37.508,IMU,-38.0103,16.5107,-10.7498,-9.9709,-10.1413,156.191,-3.831,2.171,89.919,0.1348,0.0586,0.9561,
37.522,ENC,-38.1910,16.3096,-10.9407,-9.0334,-10.0561,156.133,-3.831,2.171,89.919,0.1348,0.0586,0.9561,
37.529,IMU,-38.1910,16.3096,-10.9407,-9.0334,-10.0561,156.133,-3.861,2.125,89.916,0.1191,0.0220,0.8540,
37.544,ENC,-38.3853,16.0880,-11.1486,-9.7152,-11.0788,156.055,-3.861,2.125,89.916,0.1191,0.0220,0.8540,
37.548,IMU,-38.3853,16.0880,-11.1486,-9.7152,-11.0788,156.055,-3.919,2.063,89.893,0.0908,-0.0249,1.0122,
37.565,ENC,-38.5643,15.8886,-11.3378,-8.9482,-9.9709,155.996,-3.919,2.063,89.893,0.0908,-0.0249,1.0122,
37.568,IMU,-38.5643,15.8886,-11.3378,-8.9482,-9.9709,155.996,-3.874,1.998,89.857,0.0020,-0.0190,1.0679,
37.582,ENC,-38.7637,15.6824,-11.5406,-9.9709,-10.3118,155.977,-3.874,1.998,89.857,0.0020,-0.0190,1.0679,
37.588,IMU,-38.7637,15.6824,-11.5406,-9.9709,-10.3118,155.977,-3.941,2.104,89.891,0.1094,0.1206,0.8740,
37.603,ENC,-38.9461,15.4881,-11.7290,-9.1187,-9.7152,155.942,-3.941,2.104,89.891,0.1094,0.1206,0.8740,
37.608,IMU,-38.9461,15.4881,-11.7290,-9.1187,-9.7152,155.942,-3.866,2.046,89.833,0.0259,-0.0039,0.9448,
37.622,ENC,-39.1267,15.2887,-11.9190,-9.0334,-9.9709,155.889,-3.866,2.046,89.833,0.0259,-0.0039,0.9448,
37.627,IMU,-39.1267,15.2887,-11.9190,-9.0334,-9.9709,155.889,-3.844,1.993,89.822,0.0273,-0.0137,1.0181,
37.642,ENC,-39.3210,15.0756,-12.1227,-9.7152,-10.6526,155.835,-3.844,1.993,89.822,0.0273,-0.0137,1.0181,
37.648,IMU,-39.3210,15.0756,-12.1227,-9.7152,-10.6526,155.835,-3.864,2.053,89.804,0.0835,0.0518,0.9663,
37.662,ENC,-39.4983,14.8796,-12.3093,-8.8630,-9.8004,155.781,-3.864,2.053,89.804,0.0835,0.0518,0.9663,
37.682,ENC,-39.7079,14.6751,-12.5164,-10.4822,-10.2265,155.796,-3.864,2.053,89.804,0.0835,0.0518,0.9663,
37.688,IMU,-39.7079,14.6751,-12.5164,-10.4822,-10.2265,155.796,-3.947,2.083,89.772,0.0869,-0.0361,0.9766,
37.703,ENC,-39.9142,14.4518,-12.7312,-10.3118,-11.1640,155.747,-3.947,2.083,89.772,0.0869,-0.0361,0.9766,
37.708,IMU,-39.9142,14.4518,-12.7312,-10.3118,-11.1640,155.747,-3.988,2.101,89.699,0.1167,0.0361,0.9131,
37.722,ENC,-40.1306,14.2456,-12.9425,-10.8231,-10.3118,155.776,-3.988,2.101,89.699,0.1167,0.0361,0.9131,
37.727,IMU,-40.1306,14.2456,-12.9425,-10.8231,-10.3118,155.776,-4.012,2.048,89.700,0.1216,0.0244,0.9604,
37.743,ENC,-40.3556,14.0223,-13.1667,-11.2492,-11.1640,155.781,-4.012,2.048,89.700,0.1216,0.0244,0.9604,
37.750,IMU,-40.3556,14.0223,-13.1667,-11.2492,-11.1640,155.781,-3.971,2.086,89.711,0.0493,0.0688,0.9756,
37.762,ENC,-40.5789,13.8058,-13.3865,-11.1640,-10.8231,155.801,-3.971,2.086,89.711,0.0493,0.0688,0.9756,
37.767,IMU,-40.5789,13.8058,-13.3865,-11.1640,-10.8231,155.801,-3.936,2.034,89.706,0.0464,0.0337,1.1040,
37.783,ENC,-40.8124,13.5740,-13.6192,-11.6753,-11.5901,155.806,-3.936,2.034,89.706,0.0464,0.0337,1.1040,
37.788,IMU,-40.8124,13.5740,-13.6192,-11.6753,-11.5901,155.806,-3.890,2.030,89.644,0.1143,0.0542,0.8525,
37.803,ENC,-41.0476,13.3371,-13.8553,-11.7605,-11.8457,155.801,-3.890,2.030,89.644,0.1143,0.0542,0.8525,
37.808,IMU,-41.0476,13.3371,-13.8553,-11.7605,-11.8457,155.801,-3.829,1.968,89.604,0.0483,-0.0234,0.9277,
37.822,ENC,-41.2811,13.1036,-14.0888,-11.6753,-11.6753,155.801,-3.829,1.968,89.604,0.0483,-0.0234,0.9277,
37.829,IMU,-41.2811,13.1036,-14.0888,-11.6753,-11.6753,155.801,-3.806,1.891,89.615,0.0200,-0.0020,1.0303,
37.843,ENC,-41.5249,12.8650,-14.3299,-12.1866,-11.9310,155.815,-3.806,1.891,89.615,0.0200,-0.0020,1.0303,
37.849,IMU,-41.5249,12.8650,-14.3299,-12.1866,-11.9310,155.815,-3.858,1.845,89.600,0.1206,0.0815,1.0776,
37.862,ENC,-41.7345,12.6366,-14.5490,-10.4822,-11.4196,155.762,-3.858,1.845,89.600,0.1206,0.0815,1.0776,
37.867,IMU,-41.7345,12.6366,-14.5490,-10.4822,-11.4196,155.762,-3.812,1.826,89.538,0.0420,0.0244,1.1157,
37.883,ENC,-41.9510,12.3724,-14.7893,-10.8231,-13.2093,155.625,-3.812,1.826,89.538,0.0420,0.0244,1.1157,
37.890,IMU,-41.9510,12.3724,-14.7893,-10.8231,-13.2093,155.625,-3.762,1.728,89.512,-0.0229,0.0249,1.0664,
37.903,ENC,-42.1725,12.1236,-15.0245,-11.0788,-12.4423,155.547,-3.762,1.728,89.512,-0.0229,0.0249,1.0664,
37.912,IMU,-42.1725,12.1236,-15.0245,-11.0788,-12.4423,155.547,-3.683,1.706,89.533,-0.0259,0.0791,1.0977,
37.925,ENC,-42.3788,11.8798,-15.2495,-10.3118,-12.1866,155.439,-3.683,1.706,89.533,-0.0259,0.0791,1.0977,
37.928,IMU,-42.3788,11.8798,-15.2495,-10.3118,-12.1866,155.439,-3.573,1.723,89.438,0.0298,0.0635,0.9932,
37.942,ENC,-42.5901,11.6276,-15.4813,-10.5674,-12.6127,155.322,-3.573,1.723,89.438,0.0298,0.0635,0.9932,
37.948,IMU,-42.5901,11.6276,-15.4813,-10.5674,-12.6127,155.322,-3.547,1.625,89.390,0.0698,-0.0112,0.9004,
37.962,ENC,-42.7912,11.3702,-15.7105,-10.0561,-12.8684,155.161,-3.547,1.625,89.390,0.0698,-0.0112,0.9004,
37.968,IMU,-42.7912,11.3702,-15.7105,-10.0561,-12.8684,155.161,-3.548,1.624,89.340,0.0264,0.0776,0.9697,
37.982,ENC,-43.0350,11.1026,-15.9662,-12.1866,-13.3797,155.093,-3.548,1.624,89.340,0.0264,0.0776,0.9697,
37.989,IMU,-43.0350,11.1026,-15.9662,-12.1866,-13.3797,155.093,-3.563,1.505,89.302,0.0942,-0.0400,1.0435,
38.003,ENC,-43.2923,10.8163,-16.2380,-12.8684,-14.3172,155.010,-3.563,1.505,89.302,0.0942,-0.0400,1.0435,
38.008,IMU,-43.2923,10.8163,-16.2380,-12.8684,-14.3172,155.010,-3.617,1.505,89.305,0.0762,0.0024,1.0229,
38.022,ENC,-43.5787,10.5231,-16.5278,-14.3172,-14.6580,154.990,-3.617,1.505,89.305,0.0762,0.0024,1.0229,
38.027,IMU,-43.5787,10.5231,-16.5278,-14.3172,-14.6580,154.990,-3.620,1.534,89.348,0.0537,0.0522,0.9736,
38.043,ENC,-43.8923,10.2044,-16.8440,-15.6807,-15.9364,154.976,-3.620,1.534,89.348,0.0537,0.0522,0.9736,
38.048,IMU,-43.8923,10.2044,-16.8440,-15.6807,-15.9364,154.976,-3.576,1.583,89.282,0.0430,0.0347,0.8574,
38.063,ENC,-44.2178,9.8754,-17.1712,-16.2772,-16.4477,154.966,-3.576,1.583,89.282,0.0430,0.0347,0.8574,
38.068,IMU,-44.2178,9.8754,-17.1712,-16.2772,-16.4477,154.966,-3.522,1.471,89.245,-0.0010,-0.0264,1.0425,
38.082,ENC,-44.5383,9.5362,-17.5010,-16.0216,-16.9590,154.912,-3.522,1.471,89.245,-0.0010,-0.0264,1.0425,
38.088,IMU,-44.5383,9.5362,-17.5010,-16.0216,-16.9590,154.912,-3.610,1.214,89.197,0.0981,-0.0947,0.9976,
38.103,ENC,-44.8604,9.1954,-17.8325,-16.1068,-17.0442,154.858,-3.610,1.214,89.197,0.0981,-0.0947,0.9976,
38.109,IMU,-44.8604,9.1954,-17.8325,-16.1068,-17.0442,154.858,-3.601,1.246,89.142,0.0718,0.0303,1.1895,
38.123,ENC,-45.1757,8.8528,-18.1615,-15.7659,-17.1295,154.780,-3.601,1.246,89.142,0.0718,0.0303,1.1895,
38.127,IMU,-45.1757,8.8528,-18.1615,-15.7659,-17.1295,154.780,-3.690,1.197,89.072,0.0923,-0.0215,0.9346,
38.142,ENC,-45.4689,8.5289,-18.4700,-14.6580,-16.1920,154.692,-3.690,1.197,89.072,0.0923,-0.0215,0.9346,
38.148,IMU,-45.4689,8.5289,-18.4700,-14.6580,-16.1920,154.692,-3.719,0.997,89.063,0.0386,-0.0078,0.8228,
38.185,ENC,-45.7706,8.1983,-18.7862,-15.0841,-16.5329,154.609,-3.719,0.997,89.063,0.0386,-0.0078,0.8228,
38.188,IMU,-45.7706,8.1983,-18.7862,-15.0841,-16.5329,154.609,-3.689,0.954,89.029,0.0625,0.0254,1.1899,
38.191,ENC,-46.0637,7.8813,-19.0912,-14.6580,-15.8511,154.541,-3.689,0.954,89.029,0.0625,0.0254,1.1899,
38.193,IMU,-46.0637,7.8813,-19.0912,-14.6580,-15.8511,154.541,-3.667,0.987,88.952,0.0146,0.0913,1.0317,
38.203,ENC,-46.3620,7.5540,-19.4040,-14.9137,-16.3625,154.458,-3.667,0.987,88.952,0.0146,0.0913,1.0317,
38.209,IMU,-46.3620,7.5540,-19.4040,-14.9137,-16.3625,154.458,-3.724,0.863,88.922,0.1357,-0.0117,0.9834,
38.223,ENC,-46.6739,7.2302,-19.7219,-15.5955,-16.1920,154.424,-3.724,0.863,88.922,0.1357,-0.0117,0.9834,
38.228,IMU,-46.6739,7.2302,-19.7219,-15.5955,-16.1920,154.424,-3.811,0.765,88.851,0.0957,-0.0449,0.9175,
38.242,ENC,-47.0012,6.9080,-20.0466,-16.3625,-16.1068,154.438,-3.811,0.765,88.851,0.0957,-0.0449,0.9175,
38.248,IMU,-47.0012,6.9080,-20.0466,-16.3625,-16.1068,154.438,-3.837,0.761,88.821,0.0781,0.0283,1.1016,
38.263,ENC,-47.3472,6.5603,-20.3934,-17.2999,-17.3851,154.434,-3.837,0.761,88.821,0.0781,0.0283,1.1016,
38.269,IMU,-47.3472,6.5603,-20.3934,-17.2999,-17.3851,154.434,-3.858,0.745,88.776,0.0703,0.0483,1.0249,
38.283,ENC,-47.6915,6.2058,-20.7428,-17.2147,-17.7260,154.404,-3.858,0.745,88.776,0.0703,0.0483,1.0249,
38.288,IMU,-47.6915,6.2058,-20.7428,-17.2147,-17.7260,154.404,-3.886,0.701,88.678,0.1079,0.0298,0.9717,
38.303,ENC,-48.0238,5.8922,-21.0658,-16.6181,-15.6807,154.458,-3.886,0.701,88.678,0.1079,0.0298,0.9717,
38.308,IMU,-48.0238,5.8922,-21.0658,-16.6181,-15.6807,154.458,-3.837,0.648,88.617,-0.0005,0.0391,1.0933,
38.323,ENC,-48.3579,5.5581,-21.3999,-16.7033,-16.7033,154.458,-3.837,0.648,88.617,-0.0005,0.0391,1.0933,
38.328,IMU,-48.3579,5.5581,-21.3999,-16.7033,-16.7033,154.458,-3.841,0.698,88.616,-0.0146,0.0659,1.0454,
38.342,ENC,-48.6766,5.2002,-21.7382,-15.9364,-17.8964,154.346,-3.841,0.698,88.616,-0.0146,0.0659,1.0454,
38.365,ENC,-48.9647,4.8781,-22.0433,-14.4024,-16.1068,154.248,-3.841,0.698,88.616,-0.0146,0.0659,1.0454,
38.368,IMU,-48.9647,4.8781,-22.0433,-14.4024,-16.1068,154.248,-3.811,0.637,88.592,0.0376,0.0391,1.1260,
38.383,ENC,-49.2493,4.5627,-22.3433,-14.2319,-15.7659,154.160,-3.811,0.637,88.592,0.0376,0.0391,1.1260,
38.388,IMU,-49.2493,4.5627,-22.3433,-14.2319,-15.7659,154.160,-3.933,0.595,88.546,0.1553,-0.0439,1.0142,
38.403,ENC,-49.5237,4.2611,-22.6313,-13.7206,-15.0841,154.082,-3.933,0.595,88.546,0.1553,-0.0439,1.0142,
38.408,IMU,-49.5237,4.2611,-22.6313,-13.7206,-15.0841,154.082,-3.903,0.540,88.474,-0.0186,0.0166,1.0493,
38.423,ENC,-49.7640,3.9491,-22.9074,-12.0162,-15.5955,153.877,-3.903,0.540,88.474,-0.0186,0.0166,1.0493,
38.429,IMU,-49.7640,3.9491,-22.9074,-12.0162,-15.5955,153.877,-4.010,0.500,88.437,0.1421,0.0112,1.1084,
38.442,ENC,-50.0487,3.6304,-23.2091,-14.2319,-15.9364,153.779,-4.010,0.500,88.437,0.1421,0.0112,1.1084,
38.448,IMU,-50.0487,3.6304,-23.2091,-14.2319,-15.9364,153.779,-3.881,0.501,88.384,-0.0762,0.0557,1.1060,
38.466,ENC,-50.3555,3.3015,-23.5270,-15.3398,-16.4477,153.716,-3.881,0.501,88.384,-0.0762,0.0557,1.1060,
38.469,IMU,-50.3555,3.3015,-23.5270,-15.3398,-16.4477,153.716,-3.887,0.349,88.283,0.0767,-0.0562,0.8857,
38.486,ENC,-50.6572,2.9827,-23.8372,-15.0841,-15.9364,153.667,-3.887,0.349,88.283,0.0767,-0.0562,0.8857,
38.489,IMU,-50.6572,2.9827,-23.8372,-15.0841,-15.9364,153.667,-3.907,0.295,88.211,0.0923,0.0234,1.0317,
38.503,ENC,-50.9861,2.6538,-24.1662,-16.4477,-16.4477,153.667,-3.907,0.295,88.211,0.0923,0.0234,1.0317,
38.508,IMU,-50.9861,2.6538,-24.1662,-16.4477,-16.4477,153.667,-3.873,0.156,88.165,0.0176,-0.0718,1.0381,
38.523,ENC,-51.3202,2.3112,-24.5045,-16.7033,-17.1295,153.643,-3.873,0.156,88.165,0.0176,-0.0718,1.0381,
38.528,IMU,-51.3202,2.3112,-24.5045,-16.7033,-17.1295,153.643,-3.879,0.157,88.136,0.0503,0.0312,0.9854,
38.543,ENC,-51.6389,1.9959,-24.8215,-15.9364,-15.7659,153.652,-3.879,0.157,88.136,0.0503,0.0312,0.9854,
38.549,IMU,-51.6389,1.9959,-24.8215,-15.9364,-15.7659,153.652,-3.935,0.037,88.094,0.1274,-0.0410,0.8989,
38.563,ENC,-51.9457,1.6993,-25.1232,-15.3398,-14.8285,153.682,-3.935,0.037,88.094,0.1274,-0.0410,0.8989,
38.571,IMU,-51.9457,1.6993,-25.1232,-15.3398,-14.8285,153.682,-3.958,-0.073,88.038,0.1064,-0.0181,0.9902,
38.582,ENC,-52.2372,1.4164,-25.4104,-14.5728,-14.1467,153.706,-3.958,-0.073,88.038,0.1064,-0.0181,0.9902,
38.591,IMU,-52.2372,1.4164,-25.4104,-14.5728,-14.1467,153.706,-3.939,-0.092,88.026,0.0923,-0.0171,1.1191,
38.603,ENC,-52.5320,1.1266,-25.7027,-14.7433,-14.4876,153.721,-3.939,-0.092,88.026,0.0923,-0.0171,1.1191,
38.608,IMU,-52.5320,1.1266,-25.7027,-14.7433,-14.4876,153.721,-3.873,-0.256,88.033,0.0449,-0.0752,0.8848,
38.623,ENC,-52.8184,0.8522,-25.9831,-14.3172,-13.7206,153.755,-3.873,-0.256,88.033,0.0449,-0.0752,0.8848,
38.627,IMU,-52.8184,0.8522,-25.9831,-14.3172,-13.7206,153.755,-3.791,-0.363,88.040,0.0332,-0.0444,1.0444,
38.653,ENC,-53.1030,0.5676,-26.2677,-14.2319,-14.2319,153.755,-3.791,-0.363,88.040,0.0332,-0.0444,1.0444,
38.656,IMU,-53.1030,0.5676,-26.2677,-14.2319,-14.2319,153.755,-3.744,-0.326,87.991,0.0454,0.0415,1.0610,
38.662,ENC,-53.3774,0.2761,-26.5507,-13.7206,-14.5728,153.706,-3.744,-0.326,87.991,0.0454,0.0415,1.0610,
38.668,IMU,-53.3774,0.2761,-26.5507,-13.7206,-14.5728,153.706,-3.614,-0.476,87.971,-0.0225,-0.0562,1.0776,
38.683,ENC,-53.6535,0.0034,-26.8251,-13.8058,-13.6354,153.716,-3.614,-0.476,87.971,-0.0225,-0.0562,1.0776,
38.689,IMU,-53.6535,0.0034,-26.8251,-13.8058,-13.6354,153.716,-3.586,-0.690,88.061,0.0791,-0.1333,1.1147,
38.703,ENC,-53.9535,-0.2659,-27.1097,-14.9989,-13.4649,153.804,-3.586,-0.690,88.061,0.0791,-0.1333,1.1147,
38.708,IMU,-53.9535,-0.2659,-27.1097,-14.9989,-13.4649,153.804,-3.682,-0.832,88.210,0.1475,-0.1284,0.8799,
38.723,ENC,-54.2688,-0.5181,-27.3935,-15.7659,-12.6127,153.984,-3.682,-0.832,88.210,0.1475,-0.1284,0.8799,
38.728,IMU,-54.2688,-0.5181,-27.3935,-15.7659,-12.6127,153.984,-3.693,-1.007,88.359,0.0732,-0.1143,0.9878,
38.743,ENC,-54.5824,-0.7380,-27.6602,-15.6807,-10.9935,154.253,-3.693,-1.007,88.359,0.0732,-0.1143,0.9878,
38.748,IMU,-54.5824,-0.7380,-27.6602,-15.6807,-10.9935,154.253,-3.786,-1.170,88.551,0.0762,-0.1289,1.0859,
38.762,ENC,-54.8944,-0.9204,-27.9074,-15.5955,-9.1187,154.624,-3.786,-1.170,88.551,0.0762,-0.1289,1.0859,
38.769,IMU,-54.8944,-0.9204,-27.9074,-15.5955,-9.1187,154.624,-3.686,-1.401,88.874,0.0332,-0.1528,0.8691,
38.782,ENC,-55.2131,-1.0636,-28.1383,-15.9364,-7.1586,155.127,-3.686,-1.401,88.874,0.0332,-0.1528,0.8691,
38.788,IMU,-55.2131,-1.0636,-28.1383,-15.9364,-7.1586,155.127,-3.642,-1.510,89.254,0.0532,-0.1338,0.9321,
38.803,ENC,-55.4943,-1.1198,-28.3071,-14.0615,-2.8123,155.771,-3.642,-1.510,89.254,0.0532,-0.1338,0.9321,
38.808,IMU,-55.4943,-1.1198,-28.3071,-14.0615,-2.8123,155.771,-3.626,-1.584,89.683,0.0522,-0.0845,1.0864,
38.822,ENC,-55.7738,-1.1266,-28.4502,-13.9763,-0.3409,156.553,-3.626,-1.584,89.683,0.0522,-0.0845,1.0864,
38.829,IMU,-55.7738,-1.1266,-28.4502,-13.9763,-0.3409,156.553,-3.577,-1.678,90.054,0.0186,-0.0933,0.9614,
38.843,ENC,-56.0414,-1.1266,-28.5840,-13.3797,0.0000,157.319,-3.577,-1.678,90.054,0.0186,-0.0933,0.9614,
38.848,IMU,-56.0414,-1.1266,-28.5840,-13.3797,0.0000,157.319,-3.591,-1.728,90.433,0.0073,-0.1226,0.9536,
38.863,ENC,-56.2801,-1.1266,-28.7033,-11.9310,0.0000,158.003,-3.591,-1.728,90.433,0.0073,-0.1226,0.9536,
38.868,IMU,-56.2801,-1.1266,-28.7033,-11.9310,0.0000,158.003,-3.498,-1.738,90.847,-0.0186,-0.0444,1.0215,
38.883,ENC,-56.5613,-1.1709,-28.8661,-14.0615,-2.2158,158.682,-3.498,-1.738,90.847,-0.0186,-0.0444,1.0215,
38.888,IMU,-56.5613,-1.1709,-28.8661,-14.0615,-2.2158,158.682,-3.443,-1.703,91.225,-0.0312,-0.0684,1.0361,
38.902,ENC,-56.8323,-1.2170,-29.0246,-13.5502,-2.3010,159.326,-3.443,-1.703,91.225,-0.0312,-0.0684,1.0361,
38.907,IMU,-56.8323,-1.2170,-29.0246,-13.5502,-2.3010,159.326,-3.458,-1.634,91.636,0.0566,-0.0205,0.9775,
38.922,ENC,-57.1323,-1.2868,-29.2096,-14.9989,-3.4941,159.985,-3.458,-1.634,91.636,0.0566,-0.0205,0.9775,
38.928,IMU,-57.1323,-1.2868,-29.2096,-14.9989,-3.4941,159.985,-3.514,-1.651,92.000,0.0688,-0.0703,0.9766,
38.942,ENC,-57.4118,-1.3346,-29.3732,-13.9763,-2.3862,160.649,-3.514,-1.651,92.000,0.0688,-0.0703,0.9766,
38.948,IMU,-57.4118,-1.3346,-29.3732,-13.9763,-2.3862,160.649,-3.523,-1.644,92.343,0.0234,-0.0659,1.0298,
38.962,ENC,-57.7254,-1.3823,-29.5538,-15.6807,-2.3862,161.411,-3.523,-1.644,92.343,0.0234,-0.0659,1.0298,
38.967,IMU,-57.7254,-1.3823,-29.5538,-15.6807,-2.3862,161.411,-3.499,-1.583,92.674,0.0391,-0.0029,0.9751,
38.983,ENC,-58.0492,-1.4249,-29.7371,-16.1920,-2.1305,162.217,-3.499,-1.583,92.674,0.0391,-0.0029,0.9751,
38.989,IMU,-58.0492,-1.4249,-29.7371,-16.1920,-2.1305,162.217,-3.342,-1.619,93.072,-0.0576,-0.0771,1.0200,
39.002,ENC,-58.3816,-1.4607,-29.9211,-16.6181,-1.7896,163.066,-3.342,-1.619,93.072,-0.0576,-0.0771,1.0200,
39.007,IMU,-58.3816,-1.4607,-29.9211,-16.6181,-1.7896,163.066,-3.318,-1.612,93.483,0.0615,-0.0298,0.9546,
39.023,ENC,-58.7071,-1.4965,-30.1018,-16.2772,-1.7896,163.896,-3.318,-1.612,93.483,0.0615,-0.0298,0.9546,
39.029,IMU,-58.7071,-1.4965,-30.1018,-16.2772,-1.7896,163.896,-3.320,-1.587,93.896,0.0400,-0.0439,0.9922,
39.042,ENC,-59.0020,-1.5323,-30.2671,-14.7433,-1.7896,164.639,-3.320,-1.587,93.896,0.0400,-0.0439,0.9922,
39.049,IMU,-59.0020,-1.5323,-30.2671,-14.7433,-1.7896,164.639,-3.340,-1.481,94.329,0.0923,0.0723,0.9912,
39.062,ENC,-59.2918,-1.5715,-30.4316,-14.4876,-1.9601,165.356,-3.340,-1.481,94.329,0.0923,0.0723,0.9912,
39.067,IMU,-59.2918,-1.5715,-30.4316,-14.4876,-1.9601,165.356,-3.329,-1.431,94.675,0.0342,0.0098,0.9624,
39.083,ENC,-59.5917,-1.6090,-30.6004,-14.9989,-1.8749,166.108,-3.329,-1.431,94.675,0.0342,0.0098,0.9624,
39.089,IMU,-59.5917,-1.6090,-30.6004,-14.9989,-1.8749,166.108,-3.372,-1.333,95.026,0.0991,-0.0063,0.9409,
39.102,ENC,-59.8764,-1.6448,-30.7606,-14.2319,-1.7896,166.821,-3.372,-1.333,95.026,0.0991,-0.0063,0.9409,
39.107,IMU,-59.8764,-1.6448,-30.7606,-14.2319,-1.7896,166.821,-3.427,-1.381,95.380,0.1162,-0.0854,1.0078,
39.123,ENC,-60.1661,-1.6789,-30.9225,-14.4876,-1.7044,167.554,-3.427,-1.381,95.380,0.1162,-0.0854,1.0078,
39.129,IMU,-60.1661,-1.6789,-30.9225,-14.4876,-1.7044,167.554,-3.468,-1.314,95.825,0.0869,-0.0044,0.9424,
39.142,ENC,-60.4457,-1.7129,-31.0793,-13.9763,-1.7044,168.257,-3.468,-1.314,95.825,0.0869,-0.0044,0.9424,
39.149,IMU,-60.4457,-1.7129,-31.0793,-13.9763,-1.7044,168.257,-3.434,-1.287,96.164,0.0142,-0.0049,0.9570,
39.163,ENC,-60.7439,-1.7504,-31.2472,-14.9137,-1.8749,169.004,-3.434,-1.287,96.164,0.0142,-0.0049,0.9570,
39.168,IMU,-60.7439,-1.7504,-31.2472,-14.9137,-1.8749,169.004,-3.424,-1.242,96.564,0.0747,-0.0093,0.9287,
39.183,ENC,-61.0797,-1.7828,-31.4313,-16.7886,-1.6192,169.873,-3.424,-1.242,96.564,0.0747,-0.0093,0.9287,
39.188,IMU,-61.0797,-1.7828,-31.4313,-16.7886,-1.6192,169.873,-3.400,-1.257,96.926,0.0605,-0.0176,1.0103,
39.204,ENC,-61.4035,-1.8186,-31.6111,-16.1920,-1.7896,170.698,-3.400,-1.257,96.926,0.0605,-0.0176,1.0103,
39.208,IMU,-61.4035,-1.8186,-31.6111,-16.1920,-1.7896,170.698,-3.370,-1.288,97.287,0.0781,-0.0464,1.0166,
39.223,ENC,-61.7478,-1.8595,-31.8037,-17.2147,-2.0453,171.567,-3.370,-1.288,97.287,0.0781,-0.0464,1.0166,
39.228,IMU,-61.7478,-1.8595,-31.8037,-17.2147,-2.0453,171.567,-3.402,-1.368,97.659,0.1035,-0.0806,1.0327,
39.243,ENC,-62.0870,-1.8987,-31.9929,-16.9590,-1.9601,172.427,-3.402,-1.368,97.659,0.1035,-0.0806,1.0327,
39.248,IMU,-62.0870,-1.8987,-31.9929,-16.9590,-1.9601,172.427,-3.311,-1.317,98.039,-0.0527,-0.0269,1.0562,
39.263,ENC,-62.4075,-1.9379,-32.1727,-16.0216,-1.9601,173.232,-3.311,-1.317,98.039,-0.0527,-0.0269,1.0562,
39.267,IMU,-62.4075,-1.9379,-32.1727,-16.0216,-1.9601,173.232,-3.351,-1.315,98.487,0.0889,-0.0366,0.9180,
39.285,ENC,-62.7006,-1.9754,-32.3380,-14.6580,-1.8749,173.965,-3.351,-1.315,98.487,0.0889,-0.0366,0.9180,
39.288,IMU,-62.7006,-1.9754,-32.3380,-14.6580,-1.8749,173.965,-3.244,-1.202,98.835,0.0103,-0.0122,0.9692,
39.304,ENC,-62.9699,-2.0146,-32.4923,-13.4649,-1.9601,174.624,-3.244,-1.202,98.835,0.0103,-0.0122,0.9692,
39.308,IMU,-62.9699,-2.0146,-32.4923,-13.4649,-1.9601,174.624,-3.137,-1.200,99.164,0.0049,-0.0742,1.0293,
39.323,ENC,-63.2528,-2.0555,-32.6542,-14.1467,-2.0453,175.317,-3.137,-1.200,99.164,0.0049,-0.0742,1.0293,
39.327,IMU,-63.2528,-2.0555,-32.6542,-14.1467,-2.0453,175.317,-3.072,-1.179,99.497,-0.0518,0.0000,1.0635,
39.343,ENC,-63.5119,-2.0964,-32.8042,-12.9536,-2.0453,175.942,-3.072,-1.179,99.497,-0.0518,0.0000,1.0635,
39.347,IMU,-63.5119,-2.0964,-32.8042,-12.9536,-2.0453,175.942,-3.120,-1.138,99.940,0.1021,-0.0029,0.8940,
39.363,ENC,-63.7761,-2.1356,-32.9559,-13.2093,-1.9601,176.587,-3.120,-1.138,99.940,0.1021,-0.0029,0.8940,
39.368,IMU,-63.7761,-2.1356,-32.9559,-13.2093,-1.9601,176.587,-3.077,-1.092,100.322,0.0449,0.0044,0.9531,
39.383,ENC,-64.0607,-2.1731,-33.1169,-14.2319,-1.8749,177.295,-3.077,-1.092,100.322,0.0449,0.0044,0.9531,
39.391,IMU,-64.0607,-2.1731,-33.1169,-14.2319,-1.8749,177.295,-3.041,-1.027,100.715,0.0615,-0.0117,0.9277,
39.402,ENC,-64.3454,-2.2072,-33.2763,-14.2319,-1.7044,178.013,-3.041,-1.027,100.715,0.0615,-0.0117,0.9277,
39.410,IMU,-64.3454,-2.2072,-33.2763,-14.2319,-1.7044,178.013,-2.994,-0.972,101.107,0.0415,-0.0063,1.0322,
39.423,ENC,-64.6658,-2.2362,-33.4510,-16.0216,-1.4488,178.848,-2.994,-0.972,101.107,0.0415,-0.0063,1.0322,
39.429,IMU,-64.6658,-2.2362,-33.4510,-16.0216,-1.4488,178.848,-2.928,-0.973,101.480,0.0098,-0.0449,0.9668,
39.442,ENC,-64.9828,-2.2618,-33.6223,-15.8511,-1.2783,179.683,-2.928,-0.973,101.480,0.0098,-0.0449,0.9668,
39.447,IMU,-64.9828,-2.2618,-33.6223,-15.8511,-1.2783,179.683,-2.847,-0.963,101.855,0.0039,-0.0137,0.9980,
39.462,ENC,-65.3186,-2.2942,-33.8064,-16.7886,-1.6192,180.552,-2.847,-0.963,101.855,0.0039,-0.0137,0.9980,
39.467,IMU,-65.3186,-2.2942,-33.8064,-16.7886,-1.6192,180.552,-2.778,-0.890,102.240,0.0591,0.0366,0.8916,
39.482,ENC,-65.6288,-2.3248,-33.9768,-15.5103,-1.5340,181.353,-2.778,-0.890,102.240,0.0591,0.0366,0.8916,
39.491,IMU,-65.6288,-2.3248,-33.9768,-15.5103,-1.5340,181.353,-2.736,-0.881,102.620,0.0200,-0.0308,1.0273,
39.502,ENC,-65.9305,-2.3555,-34.1430,-15.0841,-1.5340,182.129,-2.736,-0.881,102.620,0.0200,-0.0308,1.0273,
39.507,IMU,-65.9305,-2.3555,-34.1430,-15.0841,-1.5340,182.129,-2.711,-0.798,103.035,0.0244,0.0107,0.9727,
39.523,ENC,-66.2305,-2.3828,-34.3066,-14.9989,-1.3635,182.910,-2.711,-0.798,103.035,0.0244,0.0107,0.9727,
39.528,IMU,-66.2305,-2.3828,-34.3066,-14.9989,-1.3635,182.910,-2.806,-0.822,103.436,0.1211,-0.0635,1.0503,
39.543,ENC,-66.4998,-2.4186,-34.4592,-13.4649,-1.7896,183.579,-2.806,-0.822,103.436,0.1211,-0.0635,1.0503,
39.548,IMU,-66.4998,-2.4186,-34.4592,-13.4649,-1.7896,183.579,-2.716,-0.757,103.808,-0.0317,-0.0024,0.9258,
39.563,ENC,-66.7793,-2.4424,-34.6109,-13.9763,-1.1931,184.312,-2.716,-0.757,103.808,-0.0317,-0.0024,0.9258,
39.568,IMU,-66.7793,-2.4424,-34.6109,-13.9763,-1.1931,184.312,-2.680,-0.744,104.198,0.0708,-0.0420,1.0049,
39.582,ENC,-67.0503,-2.4731,-34.7617,-13.5502,-1.5340,185.000,-2.680,-0.744,104.198,0.0708,-0.0420,1.0049,
39.588,IMU,-67.0503,-2.4731,-34.7617,-13.5502,-1.5340,185.000,-2.617,-0.766,104.635,0.0146,-0.0371,1.0747,
39.603,ENC,-67.3315,-2.5021,-34.9168,-14.0615,-1.4488,185.723,-2.617,-0.766,104.635,0.0146,-0.0371,1.0747,
39.608,IMU,-67.3315,-2.5021,-34.9168,-14.0615,-1.4488,185.723,-2.683,-0.688,105.112,0.1006,0.0371,0.8823,
39.623,ENC,-67.6145,-2.5294,-35.0719,-14.1467,-1.3635,186.455,-2.683,-0.688,105.112,0.1006,0.0371,0.8823,
39.628,IMU,-67.6145,-2.5294,-35.0719,-14.1467,-1.3635,186.455,-2.778,-0.718,105.516,0.1147,-0.0596,1.0259,
39.643,ENC,-67.9247,-2.5635,-35.2441,-15.5103,-1.7044,187.246,-2.778,-0.718,105.516,0.1147,-0.0596,1.0259,
39.648,IMU,-67.9247,-2.5635,-35.2441,-15.5103,-1.7044,187.246,-2.660,-0.592,105.902,-0.0288,0.0654,1.0034,
39.664,ENC,-68.2229,-2.5924,-35.4077,-14.9137,-1.4488,188.018,-2.660,-0.592,105.902,-0.0288,0.0654,1.0034,
39.672,IMU,-68.2229,-2.5924,-35.4077,-14.9137,-1.4488,188.018,-2.671,-0.591,106.354,0.0278,-0.0742,1.0903,
39.683,ENC,-68.5366,-2.6214,-35.5790,-15.6807,-1.4488,188.833,-2.671,-0.591,106.354,0.0278,-0.0742,1.0903,
39.688,IMU,-68.5366,-2.6214,-35.5790,-15.6807,-1.4488,188.833,-2.726,-0.505,106.818,0.0693,0.0029,1.0728,
39.704,ENC,-68.8451,-2.6538,-35.7494,-15.4250,-1.6192,189.624,-2.726,-0.505,106.818,0.0693,0.0029,1.0728,
39.708,IMU,-68.8451,-2.6538,-35.7494,-15.4250,-1.6192,189.624,-2.688,-0.479,107.193,0.0176,0.0312,0.9663,
39.722,ENC,-69.1501,-2.6862,-35.9182,-15.2546,-1.6192,190.405,-2.688,-0.479,107.193,0.0176,0.0312,0.9663,
39.727,IMU,-69.1501,-2.6862,-35.9182,-15.2546,-1.6192,190.405,-2.661,-0.490,107.559,0.0190,-0.0264,0.9717,
39.743,ENC,-69.4314,-2.7169,-36.0741,-14.0615,-1.5340,191.123,-2.661,-0.490,107.559,0.0190,-0.0264,0.9717,
39.749,IMU,-69.4314,-2.7169,-36.0741,-14.0615,-1.5340,191.123,-2.709,-0.477,107.986,0.0444,-0.0498,1.0723,
39.762,ENC,-69.6768,-2.7561,-36.2164,-12.2718,-1.9601,191.714,-2.709,-0.477,107.986,0.0444,-0.0498,1.0723,
39.768,IMU,-69.6768,-2.7561,-36.2164,-12.2718,-1.9601,191.714,-2.634,-0.412,108.410,0.0420,0.0874,0.8149,
39.782,ENC,-69.9103,-2.7867,-36.3485,-11.6753,-1.5340,192.295,-2.634,-0.412,108.410,0.0420,0.0874,0.8149,
39.788,IMU,-69.9103,-2.7867,-36.3485,-11.6753,-1.5340,192.295,-2.699,-0.398,108.821,0.0957,-0.0435,0.9399,
39.803,ENC,-70.1438,-2.8225,-36.4832,-11.6753,-1.7896,192.861,-2.699,-0.398,108.821,0.0957,-0.0435,0.9399,
39.809,IMU,-70.1438,-2.8225,-36.4832,-11.6753,-1.7896,192.861,-2.739,-0.442,109.259,0.0566,-0.0566,0.9590,
39.823,ENC,-70.3671,-2.8651,-36.6161,-11.1640,-2.1305,193.379,-2.739,-0.442,109.259,0.0566,-0.0566,0.9590,
39.827,IMU,-70.3671,-2.8651,-36.6161,-11.1640,-2.1305,193.379,-2.735,-0.383,109.675,0.0322,0.0200,1.0205,
39.843,ENC,-70.6091,-2.8958,-36.7525,-12.1014,-1.5340,193.984,-2.735,-0.383,109.675,0.0322,0.0200,1.0205,
39.847,IMU,-70.6091,-2.8958,-36.7525,-12.1014,-1.5340,193.984,-2.809,-0.324,110.013,0.1118,0.0137,0.8779,
39.862,ENC,-70.8597,-2.9282,-36.8939,-12.5275,-1.6192,194.609,-2.809,-0.324,110.013,0.1118,0.0137,0.8779,
39.868,IMU,-70.8597,-2.9282,-36.8939,-12.5275,-1.6192,194.609,-2.874,-0.283,110.398,0.0630,-0.0444,0.9712,
39.882,ENC,-71.1273,-2.9657,-37.0465,-13.3797,-1.8749,195.269,-2.874,-0.283,110.398,0.0630,-0.0444,0.9712,
39.888,IMU,-71.1273,-2.9657,-37.0465,-13.3797,-1.8749,195.269,-3.000,-0.172,110.835,0.1421,0.0342,0.9375,
39.903,ENC,-71.4136,-3.0083,-37.2110,-14.3172,-2.1305,195.967,-3.000,-0.172,110.835,0.1421,0.0342,0.9375,
39.907,IMU,-71.4136,-3.0083,-37.2110,-14.3172,-2.1305,195.967,-3.095,-0.125,111.186,0.1143,0.0059,0.8623,
39.922,ENC,-71.7000,-3.0492,-37.3746,-14.3172,-2.0453,196.670,-3.095,-0.125,111.186,0.1143,0.0059,0.8623,
39.929,IMU,-71.7000,-3.0492,-37.3746,-14.3172,-2.0453,196.670,-3.251,-0.129,111.581,0.1553,-0.0127,0.9175,
39.943,ENC,-72.0034,-3.0884,-37.5459,-15.1694,-1.9601,197.427,-3.251,-0.129,111.581,0.1553,-0.0127,0.9175,
39.948,IMU,-72.0034,-3.0884,-37.5459,-15.1694,-1.9601,197.427,-3.180,-0.077,111.984,-0.0210,-0.0117,1.0229,
39.962,ENC,-72.3050,-3.1225,-37.7138,-15.0841,-1.7044,198.193,-3.180,-0.077,111.984,-0.0210,-0.0117,1.0229,
39.967,IMU,-72.3050,-3.1225,-37.7138,-15.0841,-1.7044,198.193,-3.223,-0.062,112.343,0.0010,0.0093,1.0396,
39.983,ENC,-72.6135,-3.1651,-37.8893,-15.4250,-2.1305,198.955,-3.223,-0.062,112.343,0.0010,0.0093,1.0396,
39.988,IMU,-72.6135,-3.1651,-37.8893,-15.4250,-2.1305,198.955,-3.168,-0.063,112.766,0.0049,0.0073,0.9932,
40.003,ENC,-72.8828,-3.2026,-38.0427,-13.4649,-1.8749,199.619,-3.168,-0.063,112.766,0.0049,0.0073,0.9932,
40.023,ENC,-73.1368,-3.2418,-38.1893,-12.6980,-1.9601,200.234,-3.168,-0.063,112.766,0.0049,0.0073,0.9932,
40.028,IMU,-73.1368,-3.2418,-38.1893,-12.6980,-1.9601,200.234,-3.207,-0.119,113.575,0.1577,-0.0186,0.8262,
40.043,ENC,-73.3908,-3.2844,-38.3376,-12.6980,-2.1305,200.840,-3.207,-0.119,113.575,0.1577,-0.0186,0.8262,
40.048,IMU,-73.3908,-3.2844,-38.3376,-12.6980,-2.1305,200.840,-3.164,-0.204,113.982,0.0693,-0.0962,1.0864,
40.063,ENC,-73.6345,-3.3253,-38.4799,-12.1866,-2.0453,201.421,-3.164,-0.204,113.982,0.0693,-0.0962,1.0864,
40.067,IMU,-73.6345,-3.3253,-38.4799,-12.1866,-2.0453,201.421,-3.132,-0.119,114.362,0.0322,0.0654,0.9360,
40.083,ENC,-73.8987,-3.3696,-38.6342,-13.2093,-2.2158,202.051,-3.132,-0.119,114.362,0.0322,0.0654,0.9360,
40.088,IMU,-73.8987,-3.3696,-38.6342,-13.2093,-2.2158,202.051,-2.996,-0.138,114.801,-0.0176,-0.0342,0.9868,
40.104,ENC,-74.1424,-3.4106,-38.7765,-12.1866,-2.0453,202.632,-2.996,-0.138,114.801,-0.0176,-0.0342,0.9868,
40.108,IMU,-74.1424,-3.4106,-38.7765,-12.1866,-2.0453,202.632,-2.992,-0.096,115.247,0.0322,-0.0151,1.0918,
40.125,ENC,-74.3981,-3.4549,-38.9265,-12.7832,-2.2158,203.237,-2.992,-0.096,115.247,0.0322,-0.0151,1.0918,
40.128,IMU,-74.3981,-3.4549,-38.9265,-12.7832,-2.2158,203.237,-2.967,-0.151,115.603,0.0322,-0.0322,0.9443,
40.143,ENC,-74.6708,-3.4975,-39.0841,-13.6354,-2.1305,203.896,-2.967,-0.151,115.603,0.0322,-0.0322,0.9443,
40.148,IMU,-74.6708,-3.4975,-39.0841,-13.6354,-2.1305,203.896,-2.958,-0.209,115.993,0.0513,-0.0859,0.9326,
40.163,ENC,-74.9418,-3.5418,-39.2418,-13.5502,-2.2158,204.546,-2.958,-0.209,115.993,0.0513,-0.0859,0.9326,
40.169,IMU,-74.9418,-3.5418,-39.2418,-13.5502,-2.2158,204.546,-2.885,-0.029,116.274,0.0083,0.0698,0.8716,
40.183,ENC,-75.2213,-3.5844,-39.4029,-13.9763,-2.1305,205.225,-2.885,-0.029,116.274,0.0083,0.0698,0.8716,
40.188,IMU,-75.2213,-3.5844,-39.4029,-13.9763,-2.1305,205.225,-2.843,-0.023,116.664,-0.0132,-0.0859,1.0645,
40.202,ENC,-75.5076,-3.6338,-39.5707,-14.3172,-2.4714,205.903,-2.843,-0.023,116.664,-0.0132,-0.0859,1.0645,
40.209,IMU,-75.5076,-3.6338,-39.5707,-14.3172,-2.4714,205.903,-2.804,-0.112,117.036,-0.0034,-0.0825,1.1167,
40.223,ENC,-75.8008,-3.6816,-39.7412,-14.6580,-2.3862,206.606,-2.804,-0.112,117.036,-0.0034,-0.0825,1.1167,
40.229,IMU,-75.8008,-3.6816,-39.7412,-14.6580,-2.3862,206.606,-2.841,-0.116,117.442,0.0225,-0.0098,1.1440,
40.242,ENC,-76.0786,-3.7259,-39.9022,-13.8910,-2.2158,207.275,-2.841,-0.116,117.442,0.0225,-0.0098,1.1440,
40.249,IMU,-76.0786,-3.7259,-39.9022,-13.8910,-2.2158,207.275,-2.812,-0.088,117.822,0.0249,0.0415,0.9697,
40.264,ENC,-76.3479,-3.7702,-40.0591,-13.4649,-2.2158,207.920,-2.812,-0.088,117.822,0.0249,0.0415,0.9697,
40.268,IMU,-76.3479,-3.7702,-40.0591,-13.4649,-2.2158,207.920,-2.958,-0.056,118.212,0.1406,-0.0259,0.8198,
40.283,ENC,-76.6155,-3.8145,-40.2150,-13.3797,-2.2158,208.560,-2.958,-0.056,118.212,0.1406,-0.0259,0.8198,
40.288,IMU,-76.6155,-3.8145,-40.2150,-13.3797,-2.2158,208.560,-2.943,-0.063,118.589,0.0586,-0.0674,1.0322,
40.302,ENC,-76.8541,-3.8588,-40.3565,-11.9310,-2.2158,209.116,-2.943,-0.063,118.589,0.0586,-0.0674,1.0322,
40.310,IMU,-76.8541,-3.8588,-40.3565,-11.9310,-2.2158,209.116,-2.890,-0.009,119.002,0.0073,-0.0020,0.9395,
40.323,ENC,-77.0962,-3.9048,-40.5005,-12.1014,-2.3010,209.678,-2.890,-0.009,119.002,0.0073,-0.0020,0.9395,
40.328,IMU,-77.0962,-3.9048,-40.5005,-12.1014,-2.3010,209.678,-2.878,0.108,119.390,0.0571,0.0503,0.9653,
40.342,ENC,-77.3263,-3.9474,-40.6369,-11.5049,-2.1305,210.215,-2.878,0.108,119.390,0.0571,0.0503,0.9653,
40.348,IMU,-77.3263,-3.9474,-40.6369,-11.5049,-2.1305,210.215,-2.850,0.115,119.788,-0.0103,-0.0186,1.1206,
40.363,ENC,-77.5581,-3.9901,-40.7741,-11.5901,-2.1305,210.757,-2.850,0.115,119.788,-0.0103,-0.0186,1.1206,
40.368,IMU,-77.5581,-3.9901,-40.7741,-11.5901,-2.1305,210.757,-2.887,0.100,120.188,0.0938,-0.0356,1.0630,
40.383,ENC,-77.7796,-4.0310,-40.9053,-11.0788,-2.0453,211.274,-2.887,0.100,120.188,0.0938,-0.0356,1.0630,
40.388,IMU,-77.7796,-4.0310,-40.9053,-11.0788,-2.0453,211.274,-2.922,0.108,120.552,0.0283,-0.0142,1.1089,
40.402,ENC,-78.0217,-4.0736,-41.0476,-12.1014,-2.1305,211.846,-2.922,0.108,120.552,0.0283,-0.0142,1.1089,
40.408,IMU,-78.0217,-4.0736,-41.0476,-12.1014,-2.1305,211.846,-2.863,0.114,120.959,0.0464,-0.0234,0.8979,
40.423,ENC,-78.2790,-4.1145,-41.1968,-12.8684,-2.0453,212.466,-2.863,0.114,120.959,0.0464,-0.0234,0.8979,
40.428,IMU,-78.2790,-4.1145,-41.1968,-12.8684,-2.0453,212.466,-2.802,0.031,121.347,-0.0518,-0.0913,1.0166,
40.442,ENC,-78.5483,-4.1520,-41.3502,-13.4649,-1.8749,213.130,-2.802,0.031,121.347,-0.0518,-0.0913,1.0166,
40.448,IMU,-78.5483,-4.1520,-41.3502,-13.4649,-1.8749,213.130,-2.833,-0.022,121.707,0.0991,-0.0859,0.9771,
40.463,ENC,-78.8347,-4.1929,-41.5138,-14.3172,-2.0453,213.833,-2.833,-0.022,121.707,0.0991,-0.0859,0.9771,
40.468,IMU,-78.8347,-4.1929,-41.5138,-14.3172,-2.0453,213.833,-2.805,-0.001,122.066,0.0449,0.0059,1.0859,
40.483,ENC,-79.1313,-4.2355,-41.6834,-14.8285,-2.1305,214.561,-2.805,-0.001,122.066,0.0449,0.0059,1.0859,
40.488,IMU,-79.1313,-4.2355,-41.6834,-14.8285,-2.1305,214.561,-2.757,0.048,122.492,0.0103,-0.0220,1.1006,
40.502,ENC,-79.4159,-4.2764,-41.8461,-14.2319,-2.0453,215.259,-2.757,0.048,122.492,0.0103,-0.0220,1.1006,
40.508,IMU,-79.4159,-4.2764,-41.8461,-14.2319,-2.0453,215.259,-2.765,0.077,122.871,0.0298,0.0381,0.9663,
40.523,ENC,-79.6886,-4.3156,-42.0021,-13.6354,-1.9601,215.928,-2.765,0.077,122.871,0.0298,0.0381,0.9663,
40.528,IMU,-79.6886,-4.3156,-42.0021,-13.6354,-1.9601,215.928,-2.916,0.206,123.288,0.1606,0.0498,0.8784,
40.542,ENC,-79.9528,-4.3514,-42.1521,-13.2093,-1.7896,216.582,-2.916,0.206,123.288,0.1606,0.0498,0.8784,
40.547,IMU,-79.9528,-4.3514,-42.1521,-13.2093,-1.7896,216.582,-2.887,0.277,123.725,0.0576,0.0015,0.9565,
40.562,ENC,-80.2050,-4.3940,-42.2995,-12.6127,-2.1305,217.183,-2.887,0.277,123.725,0.0576,0.0015,0.9565,
40.567,IMU,-80.2050,-4.3940,-42.2995,-12.6127,-2.1305,217.183,-2.840,0.271,124.134,0.0029,-0.0405,0.9434,
40.583,ENC,-80.4471,-4.4281,-42.4376,-12.1014,-1.7044,217.778,-2.840,0.271,124.134,0.0029,-0.0405,0.9434,
40.588,IMU,-80.4471,-4.4281,-42.4376,-12.1014,-1.7044,217.778,-2.826,0.282,124.550,0.0210,-0.0225,1.0825,
40.602,ENC,-80.7010,-4.4639,-42.5825,-12.6980,-1.7896,218.403,-2.826,0.282,124.550,0.0210,-0.0225,1.0825,
40.607,IMU,-80.7010,-4.4639,-42.5825,-12.6980,-1.7896,218.403,-2.812,0.332,124.969,0.0308,0.0400,1.1050,
40.623,ENC,-80.9465,-4.4980,-42.7222,-12.2718,-1.7044,219.009,-2.812,0.332,124.969,0.0308,0.0400,1.1050,
40.627,IMU,-80.9465,-4.4980,-42.7222,-12.2718,-1.7044,219.009,-2.866,0.400,125.416,0.0850,0.0264,1.0103,
40.642,ENC,-81.1817,-4.5338,-42.8577,-11.7605,-1.7896,219.580,-2.866,0.400,125.416,0.0850,0.0264,1.0103,
40.648,IMU,-81.1817,-4.5338,-42.8577,-11.7605,-1.7896,219.580,-2.832,0.378,125.780,0.0444,-0.0166,1.0771,
40.663,ENC,-81.4305,-4.5679,-42.9992,-12.4423,-1.7044,220.195,-2.832,0.378,125.780,0.0444,-0.0166,1.0771,
40.667,IMU,-81.4305,-4.5679,-42.9992,-12.4423,-1.7044,220.195,-2.785,0.384,126.149,0.0288,0.0127,1.0356,
40.682,ENC,-81.6828,-4.6019,-43.1424,-12.6127,-1.7044,220.820,-2.785,0.384,126.149,0.0288,0.0127,1.0356,
40.688,IMU,-81.6828,-4.6019,-43.1424,-12.6127,-1.7044,220.820,-2.721,0.385,126.545,0.0054,-0.0010,0.9868,
40.702,ENC,-81.9640,-4.6377,-43.3009,-14.0615,-1.7896,221.523,-2.721,0.385,126.545,0.0054,-0.0010,0.9868,
40.708,IMU,-81.9640,-4.6377,-43.3009,-14.0615,-1.7896,221.523,-2.633,0.437,126.957,-0.0254,0.0293,0.9292,
40.723,ENC,-82.2486,-4.6565,-43.4526,-14.2319,-0.9374,222.285,-2.633,0.437,126.957,-0.0254,0.0293,0.9292,
40.727,IMU,-82.2486,-4.6565,-43.4526,-14.2319,-0.9374,222.285,-2.709,0.386,127.390,0.1323,-0.0400,0.9424,
40.742,ENC,-82.5265,-4.6957,-43.6111,-13.8910,-1.9601,222.969,-2.709,0.386,127.390,0.1323,-0.0400,0.9424,
40.748,IMU,-82.5265,-4.6957,-43.6111,-13.8910,-1.9601,222.969,-2.758,0.410,127.829,0.0771,-0.0078,1.1196,
40.763,ENC,-82.8179,-4.7366,-43.7773,-14.5728,-2.0453,223.687,-2.758,0.410,127.829,0.0771,-0.0078,1.1196,
40.769,IMU,-82.8179,-4.7366,-43.7773,-14.5728,-2.0453,223.687,-2.745,0.373,128.243,0.0840,-0.0439,0.9229,
40.782,ENC,-83.0957,-4.7724,-43.9341,-13.8910,-1.7896,224.380,-2.745,0.373,128.243,0.0840,-0.0439,0.9229,
40.789,IMU,-83.0957,-4.7724,-43.9341,-13.8910,-1.7896,224.380,-2.753,0.306,128.586,0.0728,-0.0405,1.0767,
40.803,ENC,-83.3736,-4.8014,-44.0875,-13.8910,-1.4488,225.093,-2.753,0.306,128.586,0.0728,-0.0405,1.0767,
40.808,IMU,-83.3736,-4.8014,-44.0875,-13.8910,-1.4488,225.093,-2.723,0.321,129.053,0.0586,-0.0298,0.9424,
40.823,ENC,-83.6377,-4.7911,-44.2144,-13.2093,0.5113,225.879,-2.723,0.321,129.053,0.0586,-0.0298,0.9424,
40.856,ENC,-83.8593,-4.7758,-44.3176,-11.0788,0.7670,226.558,-2.723,0.321,129.053,0.0586,-0.0298,0.9424,
40.858,IMU,-83.8593,-4.7758,-44.3176,-11.0788,0.7670,226.558,-2.819,0.183,129.984,0.1348,-0.1313,1.0054,
40.863,ENC,-84.0724,-4.7502,-44.4113,-10.6526,1.2783,227.241,-2.819,0.183,129.984,0.1348,-0.1313,1.0054,
40.868,IMU,-84.0724,-4.7502,-44.4113,-10.6526,1.2783,227.241,-2.816,0.178,130.468,0.0542,-0.0435,0.9116,
40.882,ENC,-84.2922,-4.7042,-44.4982,-10.9935,2.3010,228.003,-2.816,0.178,130.468,0.0542,-0.0435,0.9116,
40.888,IMU,-84.2922,-4.7042,-44.4982,-10.9935,2.3010,228.003,-2.685,0.044,130.920,-0.0732,-0.0581,1.0244,
40.903,ENC,-84.5360,-4.6309,-44.5834,-12.1866,3.6645,228.911,-2.685,0.044,130.920,-0.0732,-0.0581,1.0244,
40.908,IMU,-84.5360,-4.6309,-44.5834,-12.1866,3.6645,228.911,-2.611,-0.075,131.428,-0.0283,-0.1367,1.0405,
40.923,ENC,-84.7235,-4.5372,-44.6303,-9.3743,4.6872,229.717,-2.611,-0.075,131.428,-0.0283,-0.1367,1.0405,
40.928,IMU,-84.7235,-4.5372,-44.6303,-9.3743,4.6872,229.717,-2.626,-0.179,132.073,0.0498,-0.1299,0.9878,
40.945,ENC,-84.9331,-4.4179,-44.6755,-10.4822,5.9655,230.659,-2.626,-0.179,132.073,0.0498,-0.1299,0.9878,
40.949,IMU,-84.9331,-4.4179,-44.6755,-10.4822,5.9655,230.659,-2.641,-0.383,132.606,0.0498,-0.1431,1.0596,
40.963,ENC,-85.1240,-4.2662,-44.6951,-9.5448,7.5847,231.641,-2.641,-0.383,132.606,0.0498,-0.1431,1.0596,
40.968,IMU,-85.1240,-4.2662,-44.6951,-9.5448,7.5847,231.641,-2.673,-0.601,133.201,0.0518,-0.1992,1.0518,
40.983,ENC,-85.2859,-4.1145,-44.7002,-8.0960,7.5847,232.539,-2.673,-0.601,133.201,0.0518,-0.1992,1.0518,
40.987,IMU,-85.2859,-4.1145,-44.7002,-8.0960,7.5847,232.539,-2.612,-0.903,133.810,0.0078,-0.2969,0.9883,
41.002,ENC,-85.4291,-3.9287,-44.6789,-7.1586,9.2891,233.481,-2.612,-0.903,133.810,0.0078,-0.2969,0.9883,
41.008,IMU,-85.4291,-3.9287,-44.6789,-7.1586,9.2891,233.481,-2.639,-1.072,134.408,0.0781,-0.2017,0.9854,
41.026,ENC,-85.5501,-3.7344,-44.6422,-6.0507,9.7152,234.385,-2.639,-1.072,134.408,0.0781,-0.2017,0.9854,
41.029,IMU,-85.5501,-3.7344,-44.6422,-6.0507,9.7152,234.385,-2.663,-1.173,134.983,0.0342,-0.1909,1.1299,
41.042,ENC,-85.6473,-3.5367,-44.5920,-4.8576,9.8857,235.229,-2.663,-1.173,134.983,0.0342,-0.1909,1.1299,
41.048,IMU,-85.6473,-3.5367,-44.5920,-4.8576,9.8857,235.229,-2.529,-1.293,135.500,-0.0356,-0.1533,1.0459,
41.063,ENC,-85.7137,-3.3339,-44.5238,-3.3236,10.1413,236.001,-2.529,-1.293,135.500,-0.0356,-0.1533,1.0459,
41.068,IMU,-85.7137,-3.3339,-44.5238,-3.3236,10.1413,236.001,-2.671,-1.390,135.943,0.1343,-0.1494,0.9370,
41.083,ENC,-85.7444,-3.1276,-44.4360,-1.5340,10.3118,236.680,-2.671,-1.390,135.943,0.1343,-0.1494,0.9370,
41.088,IMU,-85.7444,-3.1276,-44.4360,-1.5340,10.3118,236.680,-2.636,-1.499,136.345,0.0723,-0.1616,1.0542,
41.103,ENC,-85.7427,-2.9197,-44.3312,0.0852,10.3970,237.271,-2.636,-1.499,136.345,0.0723,-0.1616,1.0542,
41.108,IMU,-85.7427,-2.9197,-44.3312,0.0852,10.3970,237.271,-2.675,-1.627,136.765,0.0742,-0.1514,1.0854,
41.123,ENC,-85.7137,-2.7117,-44.2127,1.4488,10.3970,237.783,-2.675,-1.627,136.765,0.0742,-0.1514,1.0854,
41.129,IMU,-85.7137,-2.7117,-44.2127,1.4488,10.3970,237.783,-2.615,-1.713,137.125,-0.0059,-0.1675,1.1558,
41.142,ENC,-85.6916,-2.5072,-44.0994,1.1079,10.2265,238.306,-2.615,-1.713,137.125,-0.0059,-0.1675,1.1558,
41.151,IMU,-85.6916,-2.5072,-44.0994,1.1079,10.2265,238.306,-2.616,-1.624,137.527,0.0488,-0.0210,1.0176,
41.163,ENC,-85.6592,-2.2856,-43.9724,1.6192,11.0788,238.848,-2.616,-1.624,137.527,0.0488,-0.0210,1.0176,
41.168,IMU,-85.6592,-2.2856,-43.9724,1.6192,11.0788,238.848,-2.549,-1.649,137.929,-0.0205,-0.0640,1.0479,
41.183,ENC,-85.6234,-2.0538,-43.8386,1.7896,11.5901,239.409,-2.549,-1.649,137.929,-0.0205,-0.0640,1.0479,
41.188,IMU,-85.6234,-2.0538,-43.8386,1.7896,11.5901,239.409,-2.511,-1.643,138.432,0.0303,-0.0352,0.9751,
41.202,ENC,-85.5910,-1.8254,-43.7082,1.6192,11.4196,239.971,-2.511,-1.643,138.432,0.0303,-0.0352,0.9751,
41.208,IMU,-85.5910,-1.8254,-43.7082,1.6192,11.4196,239.971,-2.480,-1.644,138.871,0.0171,-0.0425,0.9287,
41.223,ENC,-85.5518,-1.5766,-43.5642,1.9601,12.4423,240.571,-2.480,-1.644,138.871,0.0171,-0.0425,0.9287,
41.227,IMU,-85.5518,-1.5766,-43.5642,1.9601,12.4423,240.571,-2.528,-1.597,139.269,0.1216,0.0000,0.9565,
41.242,ENC,-85.5160,-1.3209,-43.4185,1.7896,12.7832,241.201,-2.528,-1.597,139.269,0.1216,0.0000,0.9565,
41.248,IMU,-85.5160,-1.3209,-43.4185,1.7896,12.7832,241.201,-2.532,-1.575,139.690,0.1157,-0.0576,0.9746,
41.263,ENC,-85.4785,-1.0653,-43.2719,1.8749,12.7832,241.826,-2.532,-1.575,139.690,0.1157,-0.0576,0.9746,
41.269,IMU,-85.4785,-1.0653,-43.2719,1.8749,12.7832,241.826,-2.643,-1.590,140.086,0.0928,-0.0601,1.0210,
41.283,ENC,-85.4393,-0.8164,-43.1279,1.9601,12.4423,242.427,-2.643,-1.590,140.086,0.0928,-0.0601,1.0210,
41.289,IMU,-85.4393,-0.8164,-43.1279,1.9601,12.4423,242.427,-2.604,-1.580,140.435,0.0161,-0.0464,0.9116,
41.303,ENC,-85.3967,-0.5914,-42.9941,2.1305,11.2492,242.949,-2.604,-1.580,140.435,0.0161,-0.0464,0.9116,
41.314,IMU,-85.3967,-0.5914,-42.9941,2.1305,11.2492,242.949,-2.599,-1.556,140.768,0.0244,-0.0439,1.0278,
41.323,ENC,-85.3541,-0.3699,-42.8620,2.1305,11.0788,243.462,-2.599,-1.556,140.768,0.0244,-0.0439,1.0278,
41.328,IMU,-85.3541,-0.3699,-42.8620,2.1305,11.0788,243.462,-2.574,-1.445,141.038,0.0513,0.0376,1.0068,
41.343,ENC,-85.3098,-0.1824,-42.7461,2.2158,9.3743,243.872,-2.574,-1.445,141.038,0.0513,0.0376,1.0068,
41.349,IMU,-85.3098,-0.1824,-42.7461,2.2158,9.3743,243.872,-2.488,-1.324,141.295,-0.0112,0.0703,1.0381,
41.362,ENC,-85.2501,-0.0034,-42.6268,2.9827,8.9482,244.214,-2.488,-1.324,141.295,-0.0112,0.0703,1.0381,
41.368,IMU,-85.2501,-0.0034,-42.6268,2.9827,8.9482,244.214,-2.500,-1.244,141.468,0.0752,0.0674,1.0425,
41.383,ENC,-85.1802,0.1500,-42.5151,3.4941,7.6699,244.453,-2.500,-1.244,141.468,0.0752,0.0674,1.0425,
41.388,IMU,-85.1802,0.1500,-42.5151,3.4941,7.6699,244.453,-2.669,-1.139,141.505,0.1543,0.0527,1.0391,
41.403,ENC,-85.0950,0.2727,-42.4112,4.2611,6.1359,244.561,-2.669,-1.139,141.505,0.1543,0.0527,1.0391,
41.408,IMU,-85.0950,0.2727,-42.4112,4.2611,6.1359,244.561,-2.802,-1.081,141.515,0.1704,0.0410,1.0337,
41.423,ENC,-84.9911,0.3750,-42.3080,5.1985,5.1133,244.556,-2.802,-1.081,141.515,0.1704,0.0410,1.0337,
41.428,IMU,-84.9911,0.3750,-42.3080,5.1985,5.1133,244.556,-2.872,-1.061,141.446,0.1240,0.0190,1.0122,
41.442,ENC,-84.8717,0.4704,-42.2007,5.9655,4.7724,244.487,-2.872,-1.061,141.446,0.1240,0.0190,1.0122,
41.448,IMU,-84.8717,0.4704,-42.2007,5.9655,4.7724,244.487,-2.813,-1.015,141.404,0.0220,0.0020,1.0801,
41.464,ENC,-84.7576,0.5710,-42.0933,5.7098,5.0280,244.448,-2.813,-1.015,141.404,0.0220,0.0020,1.0801,
41.468,IMU,-84.7576,0.5710,-42.0933,5.7098,5.0280,244.448,-2.748,-1.014,141.340,-0.0288,-0.0269,0.9995,
41.483,ENC,-84.6621,0.6664,-41.9978,4.7724,4.7724,244.448,-2.748,-1.014,141.340,-0.0288,-0.0269,0.9995,
41.488,IMU,-84.6621,0.6664,-41.9978,4.7724,4.7724,244.448,-2.728,-1.001,141.303,-0.0107,0.0005,1.0400,
41.502,ENC,-84.5615,0.7636,-41.8990,5.0280,4.8576,244.438,-2.728,-1.001,141.303,-0.0107,0.0005,1.0400,
41.508,IMU,-84.5615,0.7636,-41.8990,5.0280,4.8576,244.438,-2.699,-0.988,141.305,0.0317,0.0093,0.9917,
41.523,ENC,-84.4525,0.8658,-41.7933,5.4542,5.1133,244.419,-2.699,-0.988,141.305,0.0317,0.0093,0.9917,
41.528,IMU,-84.4525,0.8658,-41.7933,5.4542,5.1133,244.419,-2.659,-1.025,141.295,0.0176,-0.0303,1.0190,
41.543,ENC,-84.3468,0.9681,-41.6893,5.2837,5.1133,244.409,-2.659,-1.025,141.295,0.0176,-0.0303,1.0190,
41.548,IMU,-84.3468,0.9681,-41.6893,5.2837,5.1133,244.409,-2.728,-1.111,141.311,0.0898,-0.0552,0.9834,
41.562,ENC,-84.2565,1.0670,-41.5947,4.5167,4.9428,244.434,-2.728,-1.111,141.311,0.0898,-0.0552,0.9834,
41.568,IMU,-84.2565,1.0670,-41.5947,4.5167,4.9428,244.434,-2.765,-1.167,141.321,0.0615,-0.0249,0.9238,
41.583,ENC,-84.1525,1.1761,-41.4882,5.1985,5.4542,244.448,-2.765,-1.167,141.321,0.0615,-0.0249,0.9238,
41.588,IMU,-84.1525,1.1761,-41.4882,5.1985,5.4542,244.448,-2.793,-1.162,141.334,0.0513,-0.0430,0.9805,
41.603,ENC,-84.0604,1.2783,-41.3911,4.6019,5.1133,244.478,-2.793,-1.162,141.334,0.0513,-0.0430,0.9805,
41.608,IMU,-84.0604,1.2783,-41.3911,4.6019,5.1133,244.478,-2.860,-1.233,141.311,0.0767,-0.0439,1.0557,
41.623,ENC,-83.9582,1.3840,-41.2871,5.1133,5.2837,244.487,-2.860,-1.233,141.311,0.0767,-0.0439,1.0557,
41.629,IMU,-83.9582,1.3840,-41.2871,5.1133,5.2837,244.487,-2.858,-1.207,141.320,0.0884,-0.0190,0.9556,
41.643,ENC,-83.8525,1.4948,-41.1789,5.2837,5.5394,244.502,-2.858,-1.207,141.320,0.0884,-0.0190,0.9556,
41.648,IMU,-83.8525,1.4948,-41.1789,5.2837,5.5394,244.502,-2.866,-1.227,141.347,0.0610,-0.0483,0.9927,
41.663,ENC,-83.7451,1.6022,-41.0715,5.3689,5.3689,244.502,-2.866,-1.227,141.347,0.0610,-0.0483,0.9927,
41.668,IMU,-83.7451,1.6022,-41.0715,5.3689,5.3689,244.502,-2.875,-1.215,141.326,0.0723,-0.0239,1.0132,
41.683,ENC,-83.6377,1.7198,-40.9590,5.3689,5.8803,244.531,-2.875,-1.215,141.326,0.0723,-0.0239,1.0132,
41.688,IMU,-83.6377,1.7198,-40.9590,5.3689,5.8803,244.531,-2.867,-1.277,141.366,0.0571,-0.0557,0.9741,
41.703,ENC,-83.5201,1.8510,-40.8346,5.8803,6.5620,244.570,-2.867,-1.277,141.366,0.0571,-0.0557,0.9741,
41.708,IMU,-83.5201,1.8510,-40.8346,5.8803,6.5620,244.570,-2.865,-1.173,141.393,0.0034,0.0127,1.0435,
41.723,ENC,-83.3957,1.9822,-40.7067,6.2211,6.5620,244.590,-2.865,-1.173,141.393,0.0034,0.0127,1.0435,
41.728,IMU,-83.3957,1.9822,-40.7067,6.2211,6.5620,244.590,-2.905,-1.224,141.375,0.0278,-0.0410,1.0615,
41.743,ENC,-83.2662,2.1373,-40.5644,6.4768,7.7551,244.663,-2.905,-1.224,141.375,0.0278,-0.0410,1.0615,
41.749,IMU,-83.2662,2.1373,-40.5644,6.4768,7.7551,244.663,-3.014,-1.306,141.438,0.1147,-0.0630,0.9385,
41.764,ENC,-83.1145,2.2788,-40.4178,7.5847,7.0734,244.634,-3.014,-1.306,141.438,0.1147,-0.0630,0.9385,
41.768,IMU,-83.1145,2.2788,-40.4178,7.5847,7.0734,244.634,-2.985,-1.400,141.508,0.0571,-0.0767,1.0439,
41.783,ENC,-82.9509,2.4373,-40.2568,8.1812,7.9256,244.619,-2.985,-1.400,141.508,0.0571,-0.0767,1.0439,
41.788,IMU,-82.9509,2.4373,-40.2568,8.1812,7.9256,244.619,-2.909,-1.514,141.544,0.0039,-0.1406,1.0190,
41.803,ENC,-82.7924,2.5992,-40.0966,7.9256,8.0960,244.629,-2.909,-1.514,141.544,0.0039,-0.1406,1.0190,
41.809,IMU,-82.7924,2.5992,-40.0966,7.9256,8.0960,244.629,-3.023,-1.553,141.599,0.1133,-0.0435,0.9111,
41.823,ENC,-82.6015,2.7867,-39.9074,9.5448,9.3743,244.619,-3.023,-1.553,141.599,0.1133,-0.0435,0.9111,
41.828,IMU,-82.6015,2.7867,-39.9074,9.5448,9.3743,244.619,-3.032,-1.624,141.579,0.0845,-0.1138,0.9761,
41.845,ENC,-82.4020,2.9691,-39.7165,9.9709,9.1187,244.570,-3.032,-1.624,141.579,0.0845,-0.1138,0.9761,
41.848,IMU,-82.4020,2.9691,-39.7165,9.9709,9.1187,244.570,-3.046,-1.802,141.577,0.0620,-0.1528,0.9341,
41.863,ENC,-82.1856,3.1770,-39.5043,10.8231,10.3970,244.546,-3.046,-1.802,141.577,0.0620,-0.1528,0.9341,
41.868,IMU,-82.1856,3.1770,-39.5043,10.8231,10.3970,244.546,-3.078,-1.793,141.659,0.0684,-0.0381,1.0127,
41.882,ENC,-81.9640,3.3901,-39.2870,11.0788,10.6526,244.521,-3.078,-1.793,141.659,0.0684,-0.0381,1.0127,
41.888,IMU,-81.9640,3.3901,-39.2870,11.0788,10.6526,244.521,-3.127,-1.869,141.688,0.0508,-0.1108,0.9971,
41.902,ENC,-81.7322,3.6253,-39.0534,11.5901,11.7605,244.531,-3.127,-1.869,141.688,0.0508,-0.1108,0.9971,
41.908,IMU,-81.7322,3.6253,-39.0534,11.5901,11.7605,244.531,-3.109,-1.948,141.715,0.0840,-0.0469,0.9136,
41.923,ENC,-81.4936,3.8673,-38.8131,11.9310,12.1014,244.541,-3.109,-1.948,141.715,0.0840,-0.0469,0.9136,
41.928,IMU,-81.4936,3.8673,-38.8131,11.9310,12.1014,244.541,-3.087,-2.021,141.709,-0.0088,-0.1167,1.0239,
41.942,ENC,-81.2516,4.1230,-38.5643,12.1014,12.7832,244.580,-3.087,-2.021,141.709,-0.0088,-0.1167,1.0239,
41.949,IMU,-81.2516,4.1230,-38.5643,12.1014,12.7832,244.580,-3.062,-2.031,141.740,0.0752,-0.0791,1.2104,
41.963,ENC,-81.0044,4.3753,-38.3146,12.3571,12.6127,244.595,-3.062,-2.031,141.740,0.0752,-0.0791,1.2104,
41.967,IMU,-81.0044,4.3753,-38.3146,12.3571,12.6127,244.595,-3.035,-1.995,141.791,0.0405,-0.0073,1.0518,
41.983,ENC,-80.7624,4.6446,-38.0589,12.1014,13.4649,244.673,-3.035,-1.995,141.791,0.0405,-0.0073,1.0518,
41.989,IMU,-80.7624,4.6446,-38.0589,12.1014,13.4649,244.673,-3.036,-2.065,141.902,0.0112,-0.0884,1.0752,
42.003,ENC,-80.5033,4.9394,-37.7819,12.9536,14.7433,244.775,-3.036,-2.065,141.902,0.0112,-0.0884,1.0752,
42.008,IMU,-80.5033,4.9394,-37.7819,12.9536,14.7433,244.775,-3.062,-1.817,142.017,0.0874,0.1396,0.9780,
42.023,ENC,-80.2425,5.2598,-37.4913,13.0388,16.0216,244.946,-3.062,-1.817,142.017,0.0874,0.1396,0.9780,
42.028,IMU,-80.2425,5.2598,-37.4913,13.0388,16.0216,244.946,-3.144,-1.709,142.191,0.1382,0.0933,0.9399,
42.042,ENC,-79.9715,5.5462,-37.2127,13.5502,14.3172,244.990,-3.144,-1.709,142.191,0.1382,0.0933,0.9399,
42.052,IMU,-79.9715,5.5462,-37.2127,13.5502,14.3172,244.990,-3.166,-1.611,142.275,0.0942,0.0557,0.9170,
42.062,ENC,-79.6869,5.8445,-36.9212,14.2319,14.9137,245.029,-3.166,-1.611,142.275,0.0942,0.0557,0.9170,
42.071,IMU,-79.6869,5.8445,-36.9212,14.2319,14.9137,245.029,-3.210,-1.477,142.362,0.0981,0.1177,1.0737,
42.090,IMU,-79.6869,5.8445,-36.9212,14.2319,14.9137,245.029,-3.095,-1.281,142.453,-0.0293,0.0581,0.9937,
42.090,ENC,-79.4329,6.1581,-36.6374,12.6980,15.6807,245.200,-3.095,-1.281,142.453,-0.0293,0.0581,0.9937,
42.102,ENC,-79.1824,6.4700,-36.3562,12.5275,15.5955,245.376,-3.095,-1.281,142.453,-0.0293,0.0581,0.9937,
42.108,IMU,-79.1824,6.4700,-36.3562,12.5275,15.5955,245.376,-3.085,-1.234,142.555,0.0664,0.0518,0.8037,
42.123,ENC,-78.9182,6.7785,-36.0699,13.2093,15.4250,245.503,-3.085,-1.234,142.555,0.0664,0.0518,0.8037,
42.128,IMU,-78.9182,6.7785,-36.0699,13.2093,15.4250,245.503,-3.118,-1.223,142.699,0.0674,0.0322,1.0693,
42.142,ENC,-78.6574,7.0546,-35.8014,13.0388,13.8058,245.547,-3.118,-1.223,142.699,0.0674,0.0322,1.0693,
42.148,IMU,-78.6574,7.0546,-35.8014,13.0388,13.8058,245.547,-3.286,-1.194,142.762,0.2285,-0.0181,0.8945,
42.163,ENC,-78.4239,7.3307,-35.5466,11.6753,13.8058,245.669,-3.286,-1.194,142.762,0.2285,-0.0181,0.8945,
42.168,IMU,-78.4239,7.3307,-35.5466,11.6753,13.8058,245.669,-3.322,-1.117,142.876,0.0239,0.0464,0.9854,
42.183,ENC,-78.2228,7.6051,-35.3088,10.0561,13.7206,245.879,-3.322,-1.117,142.876,0.0239,0.0464,0.9854,
42.188,IMU,-78.2228,7.6051,-35.3088,10.0561,13.7206,245.879,-3.203,-0.975,143.082,-0.0991,0.0742,1.1377,
42.202,ENC,-78.0694,7.8693,-35.1000,7.6699,13.2093,246.196,-3.203,-0.975,143.082,-0.0991,0.0742,1.1377,
42.209,IMU,-78.0694,7.8693,-35.1000,7.6699,13.2093,246.196,-3.139,-0.862,143.393,-0.0156,0.0815,1.0396,
42.223,ENC,-77.9569,8.1352,-34.9108,5.6246,13.2945,246.636,-3.139,-0.862,143.393,-0.0156,0.0815,1.0396,
42.229,IMU,-77.9569,8.1352,-34.9108,5.6246,13.2945,246.636,-2.958,-0.720,143.787,-0.0615,0.0996,0.9424,
42.243,ENC,-77.8802,8.4045,-34.7378,3.8350,13.4649,247.187,-2.958,-0.720,143.787,-0.0615,0.0996,0.9424,
42.248,IMU,-77.8802,8.4045,-34.7378,3.8350,13.4649,247.187,-2.990,-0.577,144.115,0.1118,0.0947,0.8135,
42.262,ENC,-77.8291,8.6670,-34.5810,2.5566,13.1241,247.793,-2.990,-0.577,144.115,0.1118,0.0947,0.8135,
42.268,IMU,-77.8291,8.6670,-34.5810,2.5566,13.1241,247.793,-2.924,-0.382,144.533,-0.0215,0.1543,1.0635,
42.283,ENC,-77.7899,8.9499,-34.4200,1.9601,14.1467,248.491,-2.924,-0.382,144.533,-0.0215,0.1543,1.0635,
42.288,IMU,-77.7899,8.9499,-34.4200,1.9601,14.1467,248.491,-2.945,-0.335,144.918,0.0581,0.0513,0.8491,
42.302,ENC,-77.7609,9.2158,-34.2725,1.4488,13.2945,249.170,-2.945,-0.335,144.918,0.0581,0.0513,0.8491,
42.308,IMU,-77.7609,9.2158,-34.2725,1.4488,13.2945,249.170,-2.899,-0.138,145.338,-0.0312,0.1367,1.1030,
42.323,ENC,-77.7302,9.5090,-34.1106,1.5340,14.6580,249.922,-2.899,-0.138,145.338,-0.0312,0.1367,1.1030,
42.328,IMU,-77.7302,9.5090,-34.1106,1.5340,14.6580,249.922,-2.795,-0.082,145.767,-0.0278,0.0215,1.0361,
42.343,ENC,-77.7029,9.7834,-33.9598,1.3635,13.7206,250.630,-2.795,-0.082,145.767,-0.0278,0.0215,1.0361,
42.348,IMU,-77.7029,9.7834,-33.9598,1.3635,13.7206,250.630,-2.792,-0.083,146.220,0.0312,0.0254,1.0156,
42.362,ENC,-77.6791,10.0476,-33.8158,1.1931,13.2093,251.318,-2.792,-0.083,146.220,0.0312,0.0254,1.0156,
42.368,IMU,-77.6791,10.0476,-33.8158,1.1931,13.2093,251.318,-2.868,-0.013,146.650,0.0938,0.0469,0.9878,
42.383,ENC,-77.6518,10.3203,-33.6658,1.3635,13.6354,252.021,-2.868,-0.013,146.650,0.0938,0.0469,0.9878,
42.388,IMU,-77.6518,10.3203,-33.6658,1.3635,13.6354,252.021,-2.785,-0.007,147.060,0.0610,-0.0137,0.9653,
42.403,ENC,-77.6314,10.5742,-33.5286,1.0227,12.6980,252.690,-2.785,-0.007,147.060,0.0610,-0.0137,0.9653,
42.409,IMU,-77.6314,10.5742,-33.5286,1.0227,12.6980,252.690,-2.739,-0.032,147.416,0.0181,-0.0479,1.0913,
42.423,ENC,-77.6058,10.8299,-33.3879,1.2783,12.7832,253.350,-2.739,-0.032,147.416,0.0181,-0.0479,1.0913,
42.429,IMU,-77.6058,10.8299,-33.3879,1.2783,12.7832,253.350,-2.627,-0.016,147.805,-0.0674,0.0332,1.1362,
42.443,ENC,-77.5802,11.0907,-33.2448,1.2783,13.0388,254.023,-2.627,-0.016,147.805,-0.0674,0.0332,1.1362,
42.448,IMU,-77.5802,11.0907,-33.2448,1.2783,13.0388,254.023,-2.618,-0.046,148.233,0.0015,-0.0723,0.9438,
42.462,ENC,-77.5513,11.3276,-33.1118,1.4488,11.8457,254.619,-2.618,-0.046,148.233,0.0015,-0.0723,0.9438,
42.467,IMU,-77.5513,11.3276,-33.1118,1.4488,11.8457,254.619,-2.617,-0.059,148.611,0.0576,0.0020,1.1377,
42.483,ENC,-77.5223,11.5628,-32.9797,1.4488,11.7605,255.210,-2.617,-0.059,148.611,0.0576,0.0020,1.1377,
42.489,IMU,-77.5223,11.5628,-32.9797,1.4488,11.7605,255.210,-2.605,-0.026,148.995,-0.0190,0.0107,1.0835,
42.503,ENC,-77.4984,11.8168,-32.8408,1.1931,12.6980,255.869,-2.605,-0.026,148.995,-0.0190,0.0107,1.0835,
42.508,IMU,-77.4984,11.8168,-32.8408,1.1931,12.6980,255.869,-2.721,-0.022,149.409,0.0986,-0.0220,1.0015,
42.522,ENC,-77.4677,12.0758,-32.6959,1.5340,12.9536,256.523,-2.721,-0.022,149.409,0.0986,-0.0220,1.0015,
42.529,IMU,-77.4677,12.0758,-32.6959,1.5340,12.9536,256.523,-2.617,-0.015,149.807,-0.0845,0.0200,1.1064,
42.543,ENC,-77.4336,12.3349,-32.5494,1.7044,12.9536,257.168,-2.617,-0.015,149.807,-0.0845,0.0200,1.1064,
42.549,IMU,-77.4336,12.3349,-32.5494,1.7044,12.9536,257.168,-2.818,-0.118,150.259,0.2285,-0.0801,0.9028,
42.563,ENC,-77.3876,12.5821,-32.4028,2.3010,12.3571,257.744,-2.818,-0.118,150.259,0.2285,-0.0801,0.9028,
42.568,IMU,-77.3876,12.5821,-32.4028,2.3010,12.3571,257.744,-2.872,-0.089,150.651,0.0767,0.0161,0.9058,
42.584,ENC,-77.3382,12.8428,-32.2477,2.4714,13.0388,258.350,-2.872,-0.089,150.651,0.0767,0.0161,0.9058,
42.589,IMU,-77.3382,12.8428,-32.2477,2.4714,13.0388,258.350,-2.940,-0.152,151.015,0.1348,-0.0493,0.9067,
42.603,ENC,-77.2700,13.1138,-32.0781,3.4088,13.5502,258.931,-2.940,-0.152,151.015,0.1348,-0.0493,0.9067,
42.609,IMU,-77.2700,13.1138,-32.0781,3.4088,13.5502,258.931,-2.982,-0.140,151.272,0.0801,0.0195,0.9756,
42.623,ENC,-77.1865,13.3695,-31.9085,4.1758,12.7832,259.424,-2.982,-0.140,151.272,0.0801,0.0195,0.9756,
42.628,IMU,-77.1865,13.3695,-31.9085,4.1758,12.7832,259.424,-2.949,-0.153,151.513,0.0635,-0.0347,0.9819,
42.643,ENC,-77.0894,13.6235,-31.7329,4.8576,12.6980,259.873,-2.949,-0.153,151.513,0.0635,-0.0347,0.9819,
42.648,IMU,-77.0894,13.6235,-31.7329,4.8576,12.6980,259.873,-2.959,-0.217,151.771,0.0557,-0.0698,0.9414,
42.664,ENC,-76.9752,13.8740,-31.5506,5.7098,12.5275,260.264,-2.959,-0.217,151.771,0.0557,-0.0698,0.9414,
42.668,IMU,-76.9752,13.8740,-31.5506,5.7098,12.5275,260.264,-3.118,-0.279,152.007,0.1909,-0.0503,0.9707,
42.685,ENC,-76.8593,14.1075,-31.3759,5.7950,11.6753,260.601,-3.118,-0.279,152.007,0.1909,-0.0503,0.9707,
42.688,IMU,-76.8593,14.1075,-31.3759,5.7950,11.6753,260.601,-3.081,-0.333,152.213,-0.0151,-0.0405,0.9351,
42.703,ENC,-76.7127,14.3461,-31.1833,7.3290,11.9310,260.864,-3.081,-0.333,152.213,-0.0151,-0.0405,0.9351,
42.708,IMU,-76.7127,14.3461,-31.1833,7.3290,11.9310,260.864,-3.055,-0.466,152.376,0.0435,-0.1025,0.9995,
42.723,ENC,-76.5627,14.5865,-30.9881,7.4995,12.0162,261.123,-3.055,-0.466,152.376,0.0435,-0.1025,0.9995,
42.728,IMU,-76.5627,14.5865,-30.9881,7.4995,12.0162,261.123,-3.073,-0.479,152.525,0.0649,-0.0234,1.0020,
42.745,ENC,-76.3888,14.8234,-30.7827,8.6926,11.8457,261.304,-3.073,-0.479,152.525,0.0649,-0.0234,1.0020,
42.748,IMU,-76.3888,14.8234,-30.7827,8.6926,11.8457,261.304,-3.176,-0.623,152.667,0.1558,-0.1270,0.9507,
42.763,ENC,-76.2099,15.0449,-30.5825,8.9482,11.0788,261.426,-3.176,-0.623,152.667,0.1558,-0.1270,0.9507,
42.768,IMU,-76.2099,15.0449,-30.5825,8.9482,11.0788,261.426,-3.082,-0.697,152.762,-0.0864,-0.0459,1.0664,
42.783,ENC,-76.0019,15.3006,-30.3507,10.3970,12.7832,261.562,-3.082,-0.697,152.762,-0.0864,-0.0459,1.0664,
42.787,IMU,-76.0019,15.3006,-30.3507,10.3970,12.7832,261.562,-3.048,-0.670,152.822,0.0605,0.0063,0.9546,
42.803,ENC,-75.7855,15.5512,-30.1172,10.8231,12.5275,261.660,-3.048,-0.670,152.822,0.0605,0.0063,0.9546,
42.809,IMU,-75.7855,15.5512,-30.1172,10.8231,12.5275,261.660,-3.061,-0.748,152.883,0.0547,-0.0513,1.0967,
42.823,ENC,-75.5622,15.7949,-29.8837,11.1640,12.1866,261.719,-3.061,-0.748,152.883,0.0547,-0.0513,1.0967,
42.828,IMU,-75.5622,15.7949,-29.8837,11.1640,12.1866,261.719,-3.023,-0.888,152.964,0.0439,-0.0830,0.9551,
42.842,ENC,-75.3338,16.0471,-29.6433,11.4196,12.6127,261.787,-3.023,-0.888,152.964,0.0439,-0.0830,0.9551,
42.848,IMU,-75.3338,16.0471,-29.6433,11.4196,12.6127,261.787,-3.092,-0.799,153.038,0.1030,0.0400,0.9404,
42.863,ENC,-75.0986,16.3028,-29.3979,11.7605,12.7832,261.846,-3.092,-0.799,153.038,0.1030,0.0400,0.9404,
42.871,IMU,-75.0986,16.3028,-29.3979,11.7605,12.7832,261.846,-3.135,-0.806,153.104,0.0732,-0.0107,1.0962,
42.883,ENC,-74.8617,16.5653,-29.1482,11.8457,13.1241,261.919,-3.135,-0.806,153.104,0.0732,-0.0107,1.0962,
42.891,IMU,-74.8617,16.5653,-29.1482,11.8457,13.1241,261.919,-3.103,-0.813,153.166,0.0239,-0.0249,1.0356,
42.903,ENC,-74.6265,16.8244,-28.9011,11.7605,12.9536,261.987,-3.103,-0.813,153.166,0.0239,-0.0249,1.0356,
42.908,IMU,-74.6265,16.8244,-28.9011,11.7605,12.9536,261.987,-2.989,-0.820,153.167,-0.0552,-0.0107,1.0610,
42.922,ENC,-74.3981,17.0903,-28.6539,11.4196,13.2945,262.095,-2.989,-0.820,153.167,-0.0552,-0.0107,1.0610,
42.928,IMU,-74.3981,17.0903,-28.6539,11.4196,13.2945,262.095,-3.005,-0.731,153.205,0.0493,0.0493,0.9800,
42.942,ENC,-74.1799,17.3459,-28.4170,10.9083,12.7832,262.202,-3.005,-0.731,153.205,0.0493,0.0493,0.9800,
42.948,IMU,-74.1799,17.3459,-28.4170,10.9083,12.7832,262.202,-2.991,-0.775,153.268,-0.0786,-0.0786,1.1797,
42.963,ENC,-73.9498,17.6050,-28.1724,11.5049,12.9536,262.285,-2.991,-0.775,153.268,-0.0786,-0.0786,1.1797,
42.968,IMU,-73.9498,17.6050,-28.1724,11.5049,12.9536,262.285,-2.977,-0.663,153.290,0.0376,0.0278,0.8735,
42.983,ENC,-73.7095,17.8709,-27.9193,12.0162,13.2945,262.358,-2.977,-0.663,153.290,0.0376,0.0278,0.8735,
42.988,IMU,-73.7095,17.8709,-27.9193,12.0162,13.2945,262.358,-2.928,-0.616,153.341,0.0151,0.0454,0.9824,
43.003,ENC,-73.4726,18.1231,-27.6747,11.8457,12.6127,262.402,-2.928,-0.616,153.341,0.0151,0.0454,0.9824,
43.008,IMU,-73.4726,18.1231,-27.6747,11.8457,12.6127,262.402,-2.969,-0.612,153.361,0.0449,-0.0425,1.0513,
43.023,ENC,-73.2339,18.3805,-27.4267,11.9310,12.8684,262.456,-2.969,-0.612,153.361,0.0449,-0.0425,1.0513,
43.028,IMU,-73.2339,18.3805,-27.4267,11.9310,12.8684,262.456,-3.088,-0.625,153.441,0.1216,-0.0186,0.9434,
43.043,ENC,-72.9919,18.6413,-27.1753,12.1014,13.0388,262.510,-3.088,-0.625,153.441,0.1216,-0.0186,0.9434,
43.048,IMU,-72.9919,18.6413,-27.1753,12.1014,13.0388,262.510,-3.173,-0.695,153.497,0.1514,-0.1045,0.9014,
43.063,ENC,-72.7448,18.9089,-26.9180,12.3571,13.3797,262.568,-3.173,-0.695,153.497,0.1514,-0.1045,0.9014,
43.069,IMU,-72.7448,18.9089,-26.9180,12.3571,13.3797,262.568,-3.126,-0.674,153.606,-0.1113,0.0107,1.1475,
43.083,ENC,-72.4823,19.1782,-26.6521,13.1241,13.4649,262.588,-3.126,-0.674,153.606,-0.1113,0.0107,1.1475,
43.088,IMU,-72.4823,19.1782,-26.6521,13.1241,13.4649,262.588,-3.234,-0.633,153.643,0.1255,-0.0332,0.9746,
43.103,ENC,-72.2335,19.4338,-26.3998,12.4423,12.7832,262.607,-3.234,-0.633,153.643,0.1255,-0.0332,0.9746,
43.109,IMU,-72.2335,19.4338,-26.3998,12.4423,12.7832,262.607,-3.321,-0.692,153.722,0.0220,-0.0396,1.1094,
43.123,ENC,-71.9812,19.7065,-26.1373,12.6127,13.6354,262.666,-3.321,-0.692,153.722,0.0220,-0.0396,1.1094,
43.128,IMU,-71.9812,19.7065,-26.1373,12.6127,13.6354,262.666,-3.346,-0.634,153.774,-0.0024,-0.0269,1.1938,
43.143,ENC,-71.7085,19.9929,-25.8578,13.6354,14.3172,262.705,-3.346,-0.634,153.774,-0.0024,-0.0269,1.1938,
43.148,IMU,-71.7085,19.9929,-25.8578,13.6354,14.3172,262.705,-3.373,-0.617,153.811,0.0581,-0.0215,1.1260,
43.162,ENC,-71.4460,20.2707,-25.5877,13.1241,13.8910,262.749,-3.373,-0.617,153.811,0.0581,-0.0215,1.1260,
43.168,IMU,-71.4460,20.2707,-25.5877,13.1241,13.8910,262.749,-3.383,-0.676,153.879,0.0488,-0.0327,1.0420,
43.183,ENC,-71.1818,20.5536,-25.3141,13.2093,14.1467,262.803,-3.383,-0.676,153.879,0.0488,-0.0327,1.0420,
43.188,IMU,-71.1818,20.5536,-25.3141,13.2093,14.1467,262.803,-3.453,-0.671,153.913,0.1523,-0.0122,0.7637,
43.203,ENC,-70.9415,20.8366,-25.0525,12.0162,14.1467,262.925,-3.453,-0.671,153.913,0.1523,-0.0122,0.7637,
43.208,IMU,-70.9415,20.8366,-25.0525,12.0162,14.1467,262.925,-3.428,-0.703,154.008,0.0239,-0.0503,1.0215,
43.223,ENC,-70.7199,21.1076,-24.8062,11.0788,13.5502,263.066,-3.428,-0.703,154.008,0.0239,-0.0503,1.0215,
43.229,IMU,-70.7199,21.1076,-24.8062,11.0788,13.5502,263.066,-3.437,-0.778,154.045,0.0923,-0.0410,0.8276,
43.243,ENC,-70.5120,21.3752,-24.5684,10.3970,13.3797,263.237,-3.437,-0.778,154.045,0.0923,-0.0410,0.8276,
43.248,IMU,-70.5120,21.3752,-24.5684,10.3970,13.3797,263.237,-3.427,-0.763,154.129,0.0220,-0.0132,1.0483,
43.263,ENC,-70.3057,21.6513,-24.3272,10.3118,13.8058,263.438,-3.427,-0.763,154.129,0.0220,-0.0132,1.0483,
43.300,IMU,-70.3057,21.6513,-24.3272,10.3118,13.8058,263.438,-3.425,-0.718,154.245,-0.0176,0.0415,1.1558,
43.303,IMU,-70.3057,21.6513,-24.3272,10.3118,13.8058,263.438,-3.272,-0.792,154.253,-0.0864,-0.0801,1.0796,
43.306,ENC,-70.0842,21.9104,-24.0869,11.0788,12.9536,263.545,-3.272,-0.792,154.253,-0.0864,-0.0801,1.0796,
43.306,ENC,-69.8592,22.1694,-23.8449,11.2492,12.9536,263.643,-3.272,-0.792,154.253,-0.0864,-0.0801,1.0796,
43.309,IMU,-69.8592,22.1694,-23.8449,11.2492,12.9536,263.643,-3.398,-0.780,154.308,0.1382,0.0127,1.0488,
43.323,ENC,-69.6308,22.4541,-23.5884,11.4196,14.2319,263.804,-3.398,-0.780,154.308,0.1382,0.0127,1.0488,
43.328,IMU,-69.6308,22.4541,-23.5884,11.4196,14.2319,263.804,-3.387,-0.837,154.421,-0.0698,-0.0503,1.1309,
43.342,ENC,-69.3973,22.7217,-23.3378,11.6753,13.3797,263.901,-3.387,-0.837,154.421,-0.0698,-0.0503,1.1309,
43.348,IMU,-69.3973,22.7217,-23.3378,11.6753,13.3797,263.901,-3.329,-0.824,154.502,0.0361,0.0024,0.8950,
43.363,ENC,-69.1178,23.0029,-23.0574,13.9763,14.0615,263.906,-3.329,-0.824,154.502,0.0361,0.0024,0.8950,
43.368,IMU,-69.1178,23.0029,-23.0574,13.9763,14.0615,263.906,-3.345,-0.781,154.604,0.0288,0.0166,1.1431,
43.383,ENC,-68.8536,23.2756,-22.7890,13.2093,13.6354,263.931,-3.345,-0.781,154.604,0.0288,0.0166,1.1431,
43.387,IMU,-68.8536,23.2756,-22.7890,13.2093,13.6354,263.931,-3.442,-0.725,154.653,0.1450,0.0181,0.7280,
43.403,ENC,-68.5877,23.5483,-22.5197,13.2945,13.6354,263.950,-3.442,-0.725,154.653,0.1450,0.0181,0.7280,
43.408,IMU,-68.5877,23.5483,-22.5197,13.2945,13.6354,263.950,-3.443,-0.691,154.652,0.1040,0.0156,0.8354,
43.423,ENC,-68.3099,23.8278,-22.2410,13.8910,13.9763,263.955,-3.443,-0.691,154.652,0.1040,0.0156,0.8354,
43.429,IMU,-68.3099,23.8278,-22.2410,13.8910,13.9763,263.955,-3.576,-0.725,154.661,0.2246,-0.0752,0.9961,
43.443,ENC,-68.0542,24.0971,-21.9785,12.7832,13.4649,263.994,-3.576,-0.725,154.661,0.2246,-0.0752,0.9961,
43.447,IMU,-68.0542,24.0971,-21.9785,12.7832,13.4649,263.994,-3.593,-0.764,154.662,0.0430,-0.0684,1.0059,
43.463,ENC,-67.8037,24.3681,-21.7178,12.5275,13.5502,264.053,-3.593,-0.764,154.662,0.0430,-0.0684,1.0059,
43.467,IMU,-67.8037,24.3681,-21.7178,12.5275,13.5502,264.053,-3.622,-0.705,154.732,0.0991,0.0234,0.9224,
43.483,ENC,-67.5514,24.6443,-21.4536,12.6127,13.8058,264.121,-3.622,-0.705,154.732,0.0991,0.0234,0.9224,
43.489,IMU,-67.5514,24.6443,-21.4536,12.6127,13.8058,264.121,-3.562,-0.853,154.756,0.0195,-0.0854,1.0122,
43.503,ENC,-67.3230,24.9067,-21.2081,11.4196,13.1241,264.219,-3.562,-0.853,154.756,0.0195,-0.0854,1.0122,
43.508,IMU,-67.3230,24.9067,-21.2081,11.4196,13.1241,264.219,-3.628,-1.031,154.814,0.0474,-0.1382,0.9980,
43.523,ENC,-67.0844,25.1692,-20.9576,11.9310,13.1241,264.287,-3.628,-1.031,154.814,0.0474,-0.1382,0.9980,
43.528,IMU,-67.0844,25.1692,-20.9576,11.9310,13.1241,264.287,-3.858,-0.974,154.886,0.2754,0.0225,0.8721,
43.543,ENC,-66.8492,25.4300,-20.7096,11.7605,13.0388,264.360,-3.858,-0.974,154.886,0.2754,0.0225,0.8721,
43.548,IMU,-66.8492,25.4300,-20.7096,11.7605,13.0388,264.360,-3.913,-1.009,154.931,0.0625,-0.0498,1.0347,
43.563,ENC,-66.6123,25.6925,-20.4599,11.8457,13.1241,264.434,-3.913,-1.009,154.931,0.0625,-0.0498,1.0347,
43.568,IMU,-66.6123,25.6925,-20.4599,11.8457,13.1241,264.434,-3.973,-1.070,155.015,0.0137,-0.0854,1.1357,
43.586,ENC,-66.3685,25.9720,-20.1983,12.1866,13.9763,264.536,-3.973,-1.070,155.015,0.0137,-0.0854,1.1357,
43.589,IMU,-66.3685,25.9720,-20.1983,12.1866,13.9763,264.536,-3.831,-1.076,155.077,-0.0386,-0.0625,1.1743,
43.603,ENC,-66.1265,26.2498,-19.9383,12.1014,13.8910,264.639,-3.831,-1.076,155.077,-0.0386,-0.0625,1.1743,
43.609,IMU,-66.1265,26.2498,-19.9383,12.1014,13.8910,264.639,-3.845,-1.222,155.162,0.0889,-0.1509,0.8999,
43.623,ENC,-65.8674,26.5004,-19.6835,12.9536,12.5275,264.614,-3.845,-1.222,155.162,0.0889,-0.1509,0.8999,
43.627,IMU,-65.8674,26.5004,-19.6835,12.9536,12.5275,264.614,-3.862,-1.072,155.247,0.0454,0.0469,0.9932,
43.643,ENC,-65.6254,26.7782,-19.4236,12.1014,13.8910,264.717,-3.862,-1.072,155.247,0.0454,0.0469,0.9932,
43.648,IMU,-65.6254,26.7782,-19.4236,12.1014,13.8910,264.717,-3.785,-1.009,155.270,-0.0112,-0.0054,0.8784,
43.670,IMU,-65.6254,26.7782,-19.4236,12.1014,13.8910,264.717,-3.707,-0.916,155.375,0.0278,0.0337,0.9795,
43.670,ENC,-65.3595,27.0645,-19.1475,13.2945,14.3172,264.775,-3.707,-0.916,155.375,0.0278,0.0337,0.9795,
43.683,ENC,-65.1124,27.3475,-18.8825,12.3571,14.1467,264.878,-3.707,-0.916,155.375,0.0278,0.0337,0.9795,
43.690,IMU,-65.1124,27.3475,-18.8825,12.3571,14.1467,264.878,-3.788,-0.891,155.429,0.1426,-0.0229,0.9482,
43.703,ENC,-64.8601,27.6270,-18.6166,12.6127,13.9763,264.956,-3.788,-0.891,155.429,0.1426,-0.0229,0.9482,
43.708,IMU,-64.8601,27.6270,-18.6166,12.6127,13.9763,264.956,-3.804,-0.813,155.460,0.1118,0.0264,0.9199,
43.723,ENC,-64.6215,27.9048,-18.3583,11.9310,13.8910,265.068,-3.804,-0.813,155.460,0.1118,0.0264,0.9199,
43.728,IMU,-64.6215,27.9048,-18.3583,11.9310,13.8910,265.068,-3.894,-0.805,155.563,0.0923,-0.0239,0.8896,
43.743,ENC,-64.3812,28.1656,-18.1078,12.0162,13.0388,265.127,-3.894,-0.805,155.563,0.0923,-0.0239,0.8896,
43.749,IMU,-64.3812,28.1656,-18.1078,12.0162,13.0388,265.127,-3.852,-0.726,155.638,0.0073,0.0210,0.9482,
43.763,ENC,-64.1715,28.4349,-17.8683,10.4822,13.4649,265.298,-3.852,-0.726,155.638,0.0073,0.0210,0.9482,
43.768,IMU,-64.1715,28.4349,-17.8683,10.4822,13.4649,265.298,-3.771,-0.662,155.711,-0.0190,0.0645,1.1479,
43.783,ENC,-63.9670,28.6906,-17.6382,10.2265,12.7832,265.444,-3.771,-0.662,155.711,-0.0190,0.0645,1.1479,
43.787,IMU,-63.9670,28.6906,-17.6382,10.2265,12.7832,265.444,-3.686,-0.692,155.782,0.0771,-0.0381,0.9888,
43.803,ENC,-63.7829,28.9411,-17.4209,9.2039,12.5275,265.635,-3.686,-0.692,155.782,0.0771,-0.0381,0.9888,
43.808,IMU,-63.7829,28.9411,-17.4209,9.2039,12.5275,265.635,-3.690,-0.786,155.839,0.0874,-0.0649,0.9790,
43.823,ENC,-63.5818,29.2019,-17.1900,10.0561,13.0388,265.806,-3.690,-0.786,155.839,0.0874,-0.0649,0.9790,
43.828,IMU,-63.5818,29.2019,-17.1900,10.0561,13.0388,265.806,-3.809,-0.657,155.979,0.1030,0.0962,1.0762,
43.843,ENC,-63.3977,29.4627,-16.9675,9.2039,13.0388,266.025,-3.809,-0.657,155.979,0.1030,0.0962,1.0762,
43.848,IMU,-63.3977,29.4627,-16.9675,9.2039,13.0388,266.025,-3.879,-0.604,156.077,0.0542,-0.0151,1.0132,
43.863,ENC,-63.1966,29.7422,-16.7272,10.0561,13.9763,266.250,-3.879,-0.604,156.077,0.0542,-0.0151,1.0132,
43.868,IMU,-63.1966,29.7422,-16.7272,10.0561,13.9763,266.250,-3.864,-0.623,156.175,0.0361,-0.0747,1.0034,
43.884,ENC,-63.0006,30.0081,-16.4963,9.8004,13.2945,266.450,-3.864,-0.623,156.175,0.0361,-0.0747,1.0034,
43.888,IMU,-63.0006,30.0081,-16.4963,9.8004,13.2945,266.450,-4.010,-0.760,156.225,0.2593,-0.0991,0.8018,
43.902,ENC,-62.7961,30.2484,-16.2738,10.2265,12.0162,266.553,-4.010,-0.760,156.225,0.2593,-0.0991,0.8018,
43.907,IMU,-62.7961,30.2484,-16.2738,10.2265,12.0162,266.553,-3.994,-0.661,156.298,0.0815,0.0195,0.9243,
43.923,ENC,-62.6052,30.5262,-16.0395,9.5448,13.8910,266.802,-3.994,-0.661,156.298,0.0815,0.0195,0.9243,
43.931,IMU,-62.6052,30.5262,-16.0395,9.5448,13.8910,266.802,-3.950,-0.629,156.338,-0.0234,-0.0098,1.0781,
43.945,ENC,-62.3853,30.7870,-15.7991,10.9935,13.0388,266.919,-3.950,-0.629,156.338,-0.0234,-0.0098,1.0781,
43.949,IMU,-62.3853,30.7870,-15.7991,10.9935,13.0388,266.919,-3.928,-0.588,156.398,0.0059,-0.0234,1.0874,
43.962,ENC,-62.1705,31.0478,-15.5614,10.7379,13.0388,267.051,-3.928,-0.588,156.398,0.0059,-0.0234,1.0874,
43.968,IMU,-62.1705,31.0478,-15.5614,10.7379,13.0388,267.051,-3.875,-0.531,156.571,-0.0142,0.0127,0.8384,
43.983,ENC,-61.9626,31.3103,-15.3262,10.3970,13.1241,267.207,-3.875,-0.531,156.571,-0.0142,0.0127,0.8384,
43.988,IMU,-61.9626,31.3103,-15.3262,10.3970,13.1241,267.207,-3.986,-0.493,156.649,0.1265,0.0342,0.9717,
44.002,ENC,-61.8723,31.5625,-15.1549,4.5167,12.6127,267.671,-3.986,-0.493,156.649,0.1265,0.0342,0.9717,
44.012,IMU,-61.8723,31.5625,-15.1549,4.5167,12.6127,267.671,-3.973,-0.421,156.708,0.0728,0.0591,0.8633,
44.030,ENC,-62.1484,31.8267,-15.1608,-13.8058,13.2093,269.219,-3.973,-0.421,156.708,0.0728,0.0591,0.8633,
44.033,IMU,-62.1484,31.8267,-15.1608,-13.8058,13.2093,269.219,-4.181,-0.298,156.799,0.1675,0.0645,0.9463,
44.043,ENC,-62.3171,32.0824,-15.1174,-8.4369,12.7832,270.435,-4.181,-0.298,156.799,0.1675,0.0645,0.9463,
44.051,IMU,-62.3171,32.0824,-15.1174,-8.4369,12.7832,270.435,-4.145,-0.253,156.942,0.0000,0.0293,1.0200,
44.063,ENC,-62.6103,32.3210,-15.1447,-14.6580,11.9310,271.958,-4.145,-0.253,156.942,0.0000,0.0293,1.0200,
44.069,IMU,-62.6103,32.3210,-15.1447,-14.6580,11.9310,271.958,-4.127,-0.506,157.059,0.0786,-0.2241,1.0527,
44.083,ENC,-62.8711,32.5835,-15.1438,-13.0388,13.1241,273.457,-4.127,-0.506,157.059,0.0786,-0.2241,1.0527,
44.088,IMU,-62.8711,32.5835,-15.1438,-13.0388,13.1241,273.457,-4.172,-0.496,157.113,0.0967,-0.0200,1.0352,
44.103,ENC,-63.0245,32.8374,-15.0935,-7.6699,12.6980,274.624,-4.172,-0.496,157.113,0.0967,-0.0200,1.0352,
44.108,IMU,-63.0245,32.8374,-15.0935,-7.6699,12.6980,274.624,-4.225,-0.414,157.229,0.1357,0.0361,0.9780,
44.123,ENC,-63.0227,33.1067,-14.9580,0.0852,13.4649,275.391,-4.225,-0.414,157.229,0.1357,0.0361,0.9780,
44.128,IMU,-63.0227,33.1067,-14.9580,0.0852,13.4649,275.391,-4.301,-0.377,157.321,0.1689,-0.0244,0.7988,
44.143,ENC,-62.8301,33.3573,-14.7364,9.6300,12.5275,275.557,-4.301,-0.377,157.321,0.1689,-0.0244,0.7988,
44.148,IMU,-62.8301,33.3573,-14.7364,9.6300,12.5275,275.557,-4.178,-0.358,157.452,-0.0234,0.0303,1.1743,
44.162,ENC,-62.6444,33.6112,-14.5166,9.2891,12.6980,275.752,-4.178,-0.358,157.452,-0.0234,0.0303,1.1743,
44.168,IMU,-62.6444,33.6112,-14.5166,9.2891,12.6980,275.752,-4.311,-0.251,157.551,0.1738,0.0083,0.8530,
44.183,ENC,-62.4620,33.8754,-14.2933,9.1187,13.2093,275.986,-4.311,-0.251,157.551,0.1738,0.0083,0.8530,
44.188,IMU,-62.4620,33.8754,-14.2933,9.1187,13.2093,275.986,-4.343,-0.223,157.689,0.1714,0.0024,0.7969,
44.203,ENC,-62.2677,34.1600,-14.0538,9.7152,14.2319,276.245,-4.343,-0.223,157.689,0.1714,0.0024,0.7969,
44.210,IMU,-62.2677,34.1600,-14.0538,9.7152,14.2319,276.245,-4.298,-0.175,157.853,-0.0063,0.0537,1.2314,
44.223,ENC,-62.0870,34.4276,-13.8297,9.0334,13.3797,276.494,-4.298,-0.175,157.853,-0.0063,0.0537,1.2314,
44.228,IMU,-62.0870,34.4276,-13.8297,9.0334,13.3797,276.494,-4.306,-0.094,158.032,0.0439,0.0391,0.9575,
44.247,ENC,-61.8910,34.6986,-13.5962,9.8004,13.5502,276.709,-4.306,-0.094,158.032,0.0439,0.0391,0.9575,
44.249,IMU,-61.8910,34.6986,-13.5962,9.8004,13.5502,276.709,-4.317,-0.094,158.155,0.0942,-0.0054,0.9219,
44.263,ENC,-61.6899,34.9594,-13.3652,10.0561,13.0388,276.880,-4.317,-0.094,158.155,0.0942,-0.0054,0.9219,
44.269,IMU,-61.6899,34.9594,-13.3652,10.0561,13.0388,276.880,-4.321,-0.062,158.332,0.0449,-0.0190,1.0776,
44.283,ENC,-61.4905,35.2202,-13.1351,9.9709,13.0388,277.056,-4.321,-0.062,158.332,0.0449,-0.0190,1.0776,
44.288,IMU,-61.4905,35.2202,-13.1351,9.9709,13.0388,277.056,-4.246,-0.032,158.494,-0.0151,0.0361,1.0239,
44.303,ENC,-61.2928,35.4759,-12.9084,9.8857,12.7832,277.222,-4.246,-0.032,158.494,-0.0151,0.0361,1.0239,
44.308,IMU,-61.2928,35.4759,-12.9084,9.8857,12.7832,277.222,-4.195,0.090,158.696,0.0518,0.0698,1.0986,
44.324,ENC,-61.1104,35.7196,-12.6954,9.1187,12.1866,277.397,-4.195,0.090,158.696,0.0518,0.0698,1.0986,
44.328,IMU,-61.1104,35.7196,-12.6954,9.1187,12.1866,277.397,-4.223,0.259,158.930,0.1289,0.1377,0.8804,
44.343,ENC,-60.9502,35.9753,-12.4875,8.0108,12.7832,277.671,-4.223,0.259,158.930,0.1289,0.1377,0.8804,
44.349,IMU,-60.9502,35.9753,-12.4875,8.0108,12.7832,277.671,-4.224,0.382,159.173,0.1631,0.0898,0.8428,
44.363,ENC,-60.8019,36.2326,-12.2846,7.4142,12.8684,277.983,-4.224,0.382,159.173,0.1631,0.0898,0.8428,
44.369,IMU,-60.8019,36.2326,-12.2846,7.4142,12.8684,277.983,-4.192,0.346,159.474,0.0396,-0.0801,0.9912,
44.383,ENC,-60.6945,36.4866,-12.1040,5.3689,12.6980,278.403,-4.192,0.346,159.474,0.0396,-0.0801,0.9912,
44.387,IMU,-60.6945,36.4866,-12.1040,5.3689,12.6980,278.403,-4.073,0.390,159.798,0.0347,0.0127,0.9331,
44.405,ENC,-60.6246,36.7576,-11.9335,3.4941,13.5502,278.979,-4.073,0.390,159.798,0.0347,0.0127,0.9331,
44.408,IMU,-60.6246,36.7576,-11.9335,3.4941,13.5502,278.979,-3.886,0.488,160.194,-0.0420,0.0957,0.9585,
44.426,ENC,-60.5735,37.0371,-11.7682,2.5566,13.9763,279.634,-3.886,0.488,160.194,-0.0420,0.0957,0.9585,
44.429,IMU,-60.5735,37.0371,-11.7682,2.5566,13.9763,279.634,-3.860,0.595,160.634,0.0308,0.0947,0.9385,
44.443,ENC,-60.5343,37.3047,-11.6148,1.9601,13.3797,280.288,-3.860,0.595,160.634,0.0308,0.0947,0.9385,
44.448,IMU,-60.5343,37.3047,-11.6148,1.9601,13.3797,280.288,-3.754,0.760,161.068,-0.0142,0.1079,1.0220,
44.463,ENC,-60.4968,37.5808,-11.4580,1.8749,13.8058,280.972,-3.754,0.760,161.068,-0.0142,0.1079,1.0220,
44.468,IMU,-60.4968,37.5808,-11.4580,1.8749,13.8058,280.972,-3.706,0.709,161.502,0.0518,-0.0059,0.9526,
44.483,ENC,-60.4610,37.8501,-11.3054,1.7896,13.4649,281.641,-3.706,0.709,161.502,0.0518,-0.0059,0.9526,
44.488,IMU,-60.4610,37.8501,-11.3054,1.7896,13.4649,281.641,-3.610,0.809,161.956,-0.1353,0.0967,1.1592,
44.503,ENC,-60.4269,38.1177,-11.1546,1.7044,13.3797,282.310,-3.610,0.809,161.956,-0.1353,0.0967,1.1592,
44.511,IMU,-60.4269,38.1177,-11.1546,1.7044,13.3797,282.310,-3.668,0.845,162.419,0.0654,0.0508,1.0264,
44.523,ENC,-60.3945,38.3819,-11.0063,1.6192,13.2093,282.974,-3.668,0.845,162.419,0.0654,0.0508,1.0264,
44.530,IMU,-60.3945,38.3819,-11.0063,1.6192,13.2093,282.974,-3.671,0.704,162.846,0.0889,-0.0830,0.9395,
44.543,ENC,-60.3587,38.6410,-10.8589,1.7896,12.9536,283.613,-3.671,0.704,162.846,0.0889,-0.0830,0.9395,
44.547,IMU,-60.3587,38.6410,-10.8589,1.7896,12.9536,283.613,-3.669,0.712,163.273,0.0713,-0.0054,0.9961,
44.564,ENC,-60.3281,38.8983,-10.7149,1.5340,12.8684,284.263,-3.669,0.712,163.273,0.0713,-0.0054,0.9961,
44.568,IMU,-60.3281,38.8983,-10.7149,1.5340,12.8684,284.263,-3.603,0.691,163.723,0.0044,-0.0215,1.0151,
44.583,ENC,-60.2940,39.1506,-10.5717,1.7044,12.6127,284.888,-3.603,0.691,163.723,0.0044,-0.0215,1.0151,
44.588,IMU,-60.2940,39.1506,-10.5717,1.7044,12.6127,284.888,-3.725,0.678,164.110,0.2061,-0.0229,0.8882,
44.603,ENC,-60.2565,39.3960,-10.4302,1.8749,12.2718,285.483,-3.725,0.678,164.110,0.2061,-0.0229,0.8882,
44.612,IMU,-60.2565,39.3960,-10.4302,1.8749,12.2718,285.483,-3.744,0.591,164.534,0.0562,-0.0381,1.0649,
44.623,ENC,-60.2087,39.6517,-10.2785,2.3862,12.7832,286.079,-3.744,0.591,164.534,0.0562,-0.0381,1.0649,
44.629,IMU,-60.2087,39.6517,-10.2785,2.3862,12.7832,286.079,-3.692,0.615,164.958,-0.0073,0.0210,1.0786,
44.642,ENC,-60.1525,39.9091,-10.1217,2.8123,12.8684,286.655,-3.692,0.615,164.958,-0.0073,0.0210,1.0786,
44.648,IMU,-60.1525,39.9091,-10.1217,2.8123,12.8684,286.655,-3.766,0.683,165.391,0.0630,0.0767,1.1211,
44.663,ENC,-60.0945,40.1715,-9.9615,2.8975,13.1241,287.241,-3.766,0.683,165.391,0.0630,0.0767,1.1211,
44.668,IMU,-60.0945,40.1715,-9.9615,2.8975,13.1241,287.241,-3.798,0.659,165.810,0.0547,-0.0454,0.9531,
44.683,ENC,-60.0281,40.4306,-9.7987,3.3236,12.9536,287.793,-3.798,0.659,165.810,0.0547,-0.0454,0.9531,
44.688,IMU,-60.0281,40.4306,-9.7987,3.3236,12.9536,287.793,-3.834,0.750,166.188,0.0366,0.0874,1.0645,
44.702,ENC,-59.9718,40.6931,-9.6394,2.8123,13.1241,288.384,-3.834,0.750,166.188,0.0366,0.0874,1.0645,
44.708,IMU,-59.9718,40.6931,-9.6394,2.8123,13.1241,288.384,-3.828,0.794,166.634,0.0806,0.0371,1.0688,
44.723,ENC,-59.9190,40.9726,-9.4732,2.6419,13.9763,289.033,-3.828,0.794,166.634,0.0806,0.0371,1.0688,
44.728,IMU,-59.9190,40.9726,-9.4732,2.6419,13.9763,289.033,-3.823,0.813,167.024,0.0288,0.0142,1.1030,
44.743,ENC,-59.8610,41.2573,-9.3019,2.8975,14.2319,289.683,-3.823,0.813,167.024,0.0288,0.0142,1.1030,
44.748,IMU,-59.8610,41.2573,-9.3019,2.8975,14.2319,289.683,-3.758,0.797,167.386,-0.0649,-0.0469,1.1191,
44.763,ENC,-59.8099,41.5351,-9.1374,2.5566,13.8910,290.332,-3.758,0.797,167.386,-0.0649,-0.0469,1.1191,
44.768,IMU,-59.8099,41.5351,-9.1374,2.5566,13.8910,290.332,-3.746,0.722,167.851,0.0210,-0.0708,1.0117,
44.783,ENC,-59.7520,41.8078,-8.9721,2.8975,13.6354,290.947,-3.746,0.722,167.851,0.0210,-0.0708,1.0117,
44.789,IMU,-59.7520,41.8078,-8.9721,2.8975,13.6354,290.947,-3.687,0.699,168.262,0.0654,-0.0195,0.8467,
44.802,ENC,-59.6974,42.0754,-8.8110,2.7271,13.3797,291.558,-3.687,0.699,168.262,0.0654,-0.0195,0.8467,
44.808,IMU,-59.6974,42.0754,-8.8110,2.7271,13.3797,291.558,-3.690,0.748,168.640,0.0840,0.0327,0.9341,
44.823,ENC,-59.6497,42.3447,-8.6525,2.3862,13.4649,292.192,-3.690,0.748,168.640,0.0840,0.0327,0.9341,
44.829,IMU,-59.6497,42.3447,-8.6525,2.3862,13.4649,292.192,-3.578,0.726,169.033,-0.0605,0.0122,1.0356,
44.843,ENC,-59.5986,42.6021,-8.4983,2.5566,12.8684,292.783,-3.578,0.726,169.033,-0.0605,0.0122,1.0356,
44.848,IMU,-59.5986,42.6021,-8.4983,2.5566,12.8684,292.783,-3.662,0.597,169.487,0.0317,-0.0869,0.9678,
44.863,ENC,-59.5338,42.8628,-8.3355,3.2384,13.0388,293.345,-3.662,0.597,169.487,0.0317,-0.0869,0.9678,
44.868,IMU,-59.5338,42.8628,-8.3355,3.2384,13.0388,293.345,-3.778,0.498,169.890,0.1665,-0.0815,0.8984,
44.883,ENC,-59.4656,43.1236,-8.1710,3.4088,13.0388,293.896,-3.778,0.498,169.890,0.1665,-0.0815,0.8984,
44.888,IMU,-59.4656,43.1236,-8.1710,3.4088,13.0388,293.896,-3.839,0.362,170.240,0.1084,-0.0952,0.8662,
44.903,ENC,-59.3906,43.3878,-8.0014,3.7497,13.2093,294.438,-3.839,0.362,170.240,0.1084,-0.0952,0.8662,
44.908,IMU,-59.3906,43.3878,-8.0014,3.7497,13.2093,294.438,-3.886,0.231,170.538,0.1255,-0.1533,1.0083,
44.922,ENC,-59.2952,43.6230,-7.8361,4.7724,11.7605,294.839,-3.886,0.231,170.538,0.1255,-0.1533,1.0083,
44.927,IMU,-59.2952,43.6230,-7.8361,4.7724,11.7605,294.839,-3.929,0.147,170.811,0.1230,-0.0537,1.0151,
44.942,ENC,-59.1793,43.8753,-7.6520,5.7950,12.6127,295.229,-3.929,0.147,170.811,0.1230,-0.0537,1.0151,
44.949,IMU,-59.1793,43.8753,-7.6520,5.7950,12.6127,295.229,-3.950,0.127,171.002,0.0645,-0.0298,1.0317,
44.963,ENC,-59.0429,44.1207,-7.4611,6.8177,12.2718,295.542,-3.950,0.127,171.002,0.0645,-0.0298,1.0317,
44.968,IMU,-59.0429,44.1207,-7.4611,6.8177,12.2718,295.542,-4.033,0.019,171.114,0.0786,-0.0820,1.0581,
44.983,ENC,-58.8929,44.3508,-7.2711,7.4995,11.5049,295.771,-4.033,0.019,171.114,0.0786,-0.0820,1.0581,
44.988,IMU,-58.8929,44.3508,-7.2711,7.4995,11.5049,295.771,-4.066,-0.013,171.253,0.0771,-0.0386,0.9536,
45.003,ENC,-58.7293,44.5928,-7.0682,8.1812,12.1014,295.996,-4.066,-0.013,171.253,0.0771,-0.0386,0.9536,
45.008,IMU,-58.7293,44.5928,-7.0682,8.1812,12.1014,295.996,-4.253,-0.058,171.378,0.1855,-0.0859,0.8701,
45.023,ENC,-58.5640,44.8314,-6.8663,8.2665,11.9310,296.206,-4.253,-0.058,171.378,0.1855,-0.0859,0.8701,
45.028,IMU,-58.5640,44.8314,-6.8663,8.2665,11.9310,296.206,-4.311,-0.026,171.450,0.0806,0.0186,1.0332,
45.043,ENC,-58.3833,45.0649,-6.6592,9.0334,11.6753,296.357,-4.311,-0.026,171.450,0.0806,0.0186,1.0332,
45.048,IMU,-58.3833,45.0649,-6.6592,9.0334,11.6753,296.357,-4.492,0.091,171.535,0.2251,0.0615,0.8765,
45.063,ENC,-58.1890,45.2848,-6.4521,9.7152,10.9935,296.431,-4.492,0.091,171.535,0.2251,0.0615,0.8765,
45.068,IMU,-58.1890,45.2848,-6.4521,9.7152,10.9935,296.431,-4.496,0.036,171.548,0.0615,-0.0288,1.0386,
45.083,ENC,-57.9845,45.4979,-6.2433,10.2265,10.6526,296.455,-4.496,0.036,171.548,0.0615,-0.0288,1.0386,
45.088,IMU,-57.9845,45.4979,-6.2433,10.2265,10.6526,296.455,-4.545,0.005,171.589,0.1216,0.0024,1.0996,
45.103,ENC,-57.7629,45.7075,-6.0277,11.0788,10.4822,296.421,-4.545,0.005,171.589,0.1216,0.0024,1.0996,
45.108,IMU,-57.7629,45.7075,-6.0277,11.0788,10.4822,296.421,-4.660,0.008,171.600,0.2056,-0.0278,0.9297,
45.123,ENC,-57.5396,45.8984,-5.8206,11.1640,9.5448,296.328,-4.660,0.008,171.600,0.2056,-0.0278,0.9297,
45.128,IMU,-57.5396,45.8984,-5.8206,11.1640,9.5448,296.328,-4.668,0.027,171.538,0.0986,0.0127,0.9868,
45.143,ENC,-57.3215,46.0637,-5.6289,10.9083,8.2665,296.177,-4.668,0.027,171.538,0.0986,0.0127,0.9868,
45.148,IMU,-57.3215,46.0637,-5.6289,10.9083,8.2665,296.177,-4.636,-0.001,171.468,0.0854,-0.0283,1.0269,
45.163,ENC,-57.1220,46.2308,-5.4456,9.9709,8.3517,296.084,-4.636,-0.001,171.468,0.0854,-0.0283,1.0269,
45.169,IMU,-57.1220,46.2308,-5.4456,9.9709,8.3517,296.084,-4.629,-0.124,171.374,0.0278,-0.0864,1.0625,
45.184,ENC,-56.9311,46.3995,-5.2658,9.5448,8.4369,296.021,-4.629,-0.124,171.374,0.0278,-0.0864,1.0625,
45.188,IMU,-56.9311,46.3995,-5.2658,9.5448,8.4369,296.021,-4.496,-0.126,171.313,-0.0259,-0.0146,1.1362,
45.204,ENC,-56.7692,46.5682,-5.1005,8.0960,8.4369,296.040,-4.496,-0.126,171.313,-0.0259,-0.0146,1.1362,
45.208,IMU,-56.7692,46.5682,-5.1005,8.0960,8.4369,296.040,-4.596,-0.136,171.324,0.1255,-0.0161,0.9746,
45.224,ENC,-56.6039,46.7438,-4.9300,8.2665,8.7778,296.069,-4.596,-0.136,171.324,0.1255,-0.0161,0.9746,
45.228,IMU,-56.6039,46.7438,-4.9300,8.2665,8.7778,296.069,-4.562,-0.089,171.338,0.0483,0.0244,1.0142,
45.244,ENC,-56.4369,46.9296,-4.7536,8.3517,9.2891,296.123,-4.562,-0.089,171.338,0.0483,0.0244,1.0142,
45.248,IMU,-56.4369,46.9296,-4.7536,8.3517,9.2891,296.123,-4.543,-0.083,171.353,0.0469,-0.0034,0.9971,
45.263,ENC,-56.2783,47.0966,-4.5909,7.9256,8.3517,296.147,-4.543,-0.083,171.353,0.0469,-0.0034,0.9971,
45.268,IMU,-56.2783,47.0966,-4.5909,7.9256,8.3517,296.147,-4.473,-0.090,171.407,0.0547,-0.0127,0.9287,
45.283,ENC,-56.1198,47.2841,-4.4179,7.9256,9.3743,296.230,-4.473,-0.090,171.407,0.0547,-0.0127,0.9287,
45.289,IMU,-56.1198,47.2841,-4.4179,7.9256,9.3743,296.230,-4.485,-0.040,171.431,0.1094,0.0396,0.8643,
45.303,ENC,-55.9613,47.4528,-4.2542,7.9256,8.4369,296.260,-4.485,-0.040,171.431,0.1094,0.0396,0.8643,
45.308,IMU,-55.9613,47.4528,-4.2542,7.9256,8.4369,296.260,-4.442,-0.140,171.440,0.0522,-0.0845,0.9551,
45.323,ENC,-55.8130,47.6233,-4.0949,7.4142,8.5221,296.323,-4.442,-0.140,171.440,0.0522,-0.0845,0.9551,
45.328,IMU,-55.8130,47.6233,-4.0949,7.4142,8.5221,296.323,-4.492,-0.076,171.479,0.0811,0.0371,1.0005,
45.343,ENC,-55.6460,47.7971,-3.9244,8.3517,8.6926,296.343,-4.492,-0.076,171.479,0.0811,0.0371,1.0005,
45.349,IMU,-55.6460,47.7971,-3.9244,8.3517,8.6926,296.343,-4.418,-0.092,171.467,0.0117,0.0088,1.0410,
45.363,ENC,-55.4670,47.9659,-3.7506,8.9482,8.4369,296.313,-4.418,-0.092,171.467,0.0117,0.0088,1.0410,
45.368,IMU,-55.4670,47.9659,-3.7506,8.9482,8.4369,296.313,-4.471,0.013,171.489,0.0830,0.0654,0.9604,
45.383,ENC,-55.3136,48.1346,-3.5895,7.6699,8.4369,296.357,-4.471,0.013,171.489,0.0830,0.0654,0.9604,
45.388,IMU,-55.3136,48.1346,-3.5895,7.6699,8.4369,296.357,-4.449,0.060,171.424,0.0171,0.0244,1.0464,
45.403,ENC,-55.1517,48.2897,-3.4310,8.0960,7.7551,296.338,-4.449,0.060,171.424,0.0171,0.0244,1.0464,
45.408,IMU,-55.1517,48.2897,-3.4310,8.0960,7.7551,296.338,-4.426,0.082,171.444,0.0571,0.0400,0.9678,
45.423,ENC,-55.0086,48.4380,-3.2853,7.1586,7.4142,296.353,-4.426,0.082,171.444,0.0571,0.0400,0.9678,
45.430,IMU,-55.0086,48.4380,-3.2853,7.1586,7.4142,296.353,-4.464,0.124,171.420,0.0928,0.0420,0.9741,
45.443,ENC,-54.8705,48.5795,-3.1455,6.9029,7.0734,296.362,-4.464,0.124,171.420,0.0928,0.0420,0.9741,
45.448,IMU,-54.8705,48.5795,-3.1455,6.9029,7.0734,296.362,-4.492,0.180,171.422,0.0913,0.0430,1.0386,
45.463,ENC,-54.7307,48.7124,-3.0092,6.9881,6.6473,296.343,-4.492,0.180,171.422,0.0913,0.0430,1.0386,
45.468,IMU,-54.7307,48.7124,-3.0092,6.9881,6.6473,296.343,-4.429,0.301,171.397,0.0361,0.0708,0.9541,
45.483,ENC,-54.6097,48.8283,-2.8907,6.0507,5.7950,296.328,-4.429,0.301,171.397,0.0361,0.0708,0.9541,
45.488,IMU,-54.6097,48.8283,-2.8907,6.0507,5.7950,296.328,-4.375,0.438,171.390,0.0659,0.1016,0.9800,
45.503,ENC,-54.5160,48.9425,-2.7867,4.6872,5.7098,296.387,-4.375,0.438,171.390,0.0659,0.1016,0.9800,
45.508,IMU,-54.5160,48.9425,-2.7867,4.6872,5.7098,296.387,-4.445,0.757,171.458,0.1011,0.1802,0.9165,
45.523,ENC,-54.4410,49.0209,-2.7100,3.7497,3.9202,296.396,-4.445,0.757,171.458,0.1011,0.1802,0.9165,
45.528,IMU,-54.4410,49.0209,-2.7100,3.7497,3.9202,296.396,-4.393,0.964,171.411,0.0977,0.1919,0.9180,
45.543,ENC,-54.3813,49.0635,-2.6589,2.9827,2.1305,296.348,-4.393,0.964,171.411,0.0977,0.1919,0.9180,
45.549,IMU,-54.3813,49.0635,-2.6589,2.9827,2.1305,296.348,-4.408,1.050,171.361,0.0527,0.1455,1.0220,
45.563,ENC,-54.3387,49.0891,-2.6248,2.1305,1.2783,296.299,-4.408,1.050,171.361,0.0527,0.1455,1.0220,
45.569,IMU,-54.3387,49.0891,-2.6248,2.1305,1.2783,296.299,-4.301,1.041,171.339,0.0171,0.0264,1.0083,
45.583,ENC,-54.3166,49.1027,-2.6069,1.1079,0.6818,296.274,-4.301,1.041,171.339,0.0171,0.0264,1.0083,
45.588,IMU,-54.3166,49.1027,-2.6069,1.1079,0.6818,296.274,-4.269,1.088,171.308,0.0542,0.0190,0.9990,
45.603,ENC,-54.3046,49.1061,-2.5992,0.5965,0.1704,296.250,-4.269,1.088,171.308,0.0542,0.0190,0.9990,
45.608,IMU,-54.3046,49.1061,-2.5992,0.5965,0.1704,296.250,-4.249,1.127,171.278,0.0781,0.0386,1.0151,
45.623,ENC,-54.3046,49.1061,-2.5992,0.0000,0.0000,296.250,-4.249,1.127,171.278,0.0781,0.0386,1.0151,
45.628,IMU,-54.3046,49.1061,-2.5992,0.0000,0.0000,296.250,-4.228,1.152,171.351,0.0625,0.0249,0.9731,
45.643,ENC,-54.3063,49.1044,-2.6009,-0.0852,-0.0852,296.250,-4.228,1.152,171.351,0.0625,0.0249,0.9731,
45.648,IMU,-54.3063,49.1044,-2.6009,-0.0852,-0.0852,296.250,-4.184,1.124,171.410,0.0601,0.0024,1.0093,
45.663,ENC,-54.3131,49.1027,-2.6052,-0.3409,-0.0852,296.265,-4.184,1.124,171.410,0.0601,0.0024,1.0093,
45.668,IMU,-54.3131,49.1027,-2.6052,-0.3409,-0.0852,296.265,-4.167,1.082,171.434,0.0586,-0.0078,1.0068,
45.682,ENC,-54.3234,49.0942,-2.6146,-0.5113,-0.4261,296.270,-4.167,1.082,171.434,0.0586,-0.0078,1.0068,
45.688,IMU,-54.3234,49.0942,-2.6146,-0.5113,-0.4261,296.270,-4.159,1.041,171.437,0.0654,-0.0264,0.9829,
45.703,ENC,-54.3319,49.0840,-2.6240,-0.4261,-0.5113,296.265,-4.159,1.041,171.437,0.0654,-0.0264,0.9829,
45.708,IMU,-54.3319,49.0840,-2.6240,-0.4261,-0.5113,296.265,-4.121,0.986,171.388,0.0596,-0.0093,1.0063,
45.723,ENC,-54.3404,49.0720,-2.6342,-0.4261,-0.5965,296.255,-4.121,0.986,171.388,0.0596,-0.0093,1.0063,
45.730,IMU,-54.3404,49.0720,-2.6342,-0.4261,-0.5965,296.255,-4.064,0.948,171.412,0.0654,-0.0103,0.9863,
45.743,ENC,-54.3489,49.0601,-2.6444,-0.4261,-0.5965,296.245,-4.064,0.948,171.412,0.0654,-0.0103,0.9863,
45.747,IMU,-54.3489,49.0601,-2.6444,-0.4261,-0.5965,296.245,-3.990,0.919,171.473,0.0493,-0.0166,0.9878,
45.763,ENC,-54.3558,49.0516,-2.6521,-0.3409,-0.4261,296.240,-3.990,0.919,171.473,0.0493,-0.0166,0.9878,
45.768,IMU,-54.3558,49.0516,-2.6521,-0.3409,-0.4261,296.240,-3.984,0.928,171.439,0.0669,-0.0093,1.0059,
45.782,ENC,-54.3643,49.0448,-2.6598,-0.4261,-0.3409,296.245,-3.984,0.928,171.439,0.0669,-0.0093,1.0059,
45.788,IMU,-54.3643,49.0448,-2.6598,-0.4261,-0.3409,296.245,-3.964,0.831,171.428,0.0645,-0.0225,0.9907,
45.803,ENC,-54.3728,49.0380,-2.6674,-0.4261,-0.3409,296.250,-3.964,0.831,171.428,0.0645,-0.0225,0.9907,
45.808,IMU,-54.3728,49.0380,-2.6674,-0.4261,-0.3409,296.250,-3.991,0.813,171.451,0.0601,-0.0146,0.9971,
45.823,ENC,-54.3779,49.0345,-2.6717,-0.2557,-0.1704,296.255,-3.991,0.813,171.451,0.0601,-0.0146,0.9971,
45.828,IMU,-54.3779,49.0345,-2.6717,-0.2557,-0.1704,296.255,-4.009,0.778,171.468,0.0464,-0.0234,0.9995,
45.843,ENC,-54.3830,49.0311,-2.6759,-0.2557,-0.1704,296.260,-4.009,0.778,171.468,0.0464,-0.0234,0.9995,
45.848,IMU,-54.3830,49.0311,-2.6759,-0.2557,-0.1704,296.260,-3.970,0.728,171.476,0.0518,-0.0269,0.9897,
45.863,ENC,-54.3847,49.0294,-2.6776,-0.0852,-0.0852,296.260,-3.970,0.728,171.476,0.0518,-0.0269,0.9897,
45.868,IMU,-54.3847,49.0294,-2.6776,-0.0852,-0.0852,296.260,-3.981,0.668,171.485,0.0708,-0.0210,0.9941,
45.883,ENC,-54.3864,49.0294,-2.6785,-0.0852,0.0000,296.265,-3.981,0.668,171.485,0.0708,-0.0210,0.9941,
45.888,IMU,-54.3864,49.0294,-2.6785,-0.0852,0.0000,296.265,-3.992,0.641,171.486,0.0640,-0.0112,0.9927,
45.903,ENC,-54.3864,49.0277,-2.6794,0.0000,-0.0852,296.260,-3.992,0.641,171.486,0.0640,-0.0112,0.9927,
45.908,IMU,-54.3864,49.0277,-2.6794,0.0000,-0.0852,296.260,-4.003,0.617,171.466,0.0625,-0.0107,0.9980,
45.923,ENC,-54.3864,49.0294,-2.6785,0.0000,0.0852,296.265,-4.003,0.617,171.466,0.0625,-0.0107,0.9980,
45.928,IMU,-54.3864,49.0294,-2.6785,0.0000,0.0852,296.265,-4.033,0.604,171.427,0.0669,-0.0122,0.9922,
45.942,ENC,-54.3847,49.0294,-2.6776,0.0852,0.0000,296.260,-4.033,0.604,171.427,0.0669,-0.0122,0.9922,
45.947,IMU,-54.3847,49.0294,-2.6776,0.0852,0.0000,296.260,-4.083,0.582,171.478,0.0615,-0.0049,0.9893,
45.963,ENC,-54.3847,49.0294,-2.6776,0.0000,0.0000,296.260,-4.083,0.582,171.478,0.0615,-0.0049,0.9893,
45.968,IMU,-54.3847,49.0294,-2.6776,0.0000,0.0000,296.260,-4.055,0.581,171.508,0.0493,0.0005,0.9980,
45.983,ENC,-54.3847,49.0294,-2.6776,0.0000,0.0000,296.260,-4.055,0.581,171.508,0.0493,0.0005,0.9980,
45.988,IMU,-54.3847,49.0294,-2.6776,0.0000,0.0000,296.260,-4.009,0.549,171.467,0.0581,-0.0059,1.0039,
46.003,ENC,-54.3847,49.0294,-2.6776,0.0000,0.0000,296.260,-4.009,0.549,171.467,0.0581,-0.0059,1.0039,
46.009,IMU,-54.3847,49.0294,-2.6776,0.0000,0.0000,296.260,-3.973,0.504,171.438,0.0557,-0.0054,1.0117,
46.023,ENC,-54.3847,49.0294,-2.6776,0.0000,0.0000,296.260,-3.973,0.504,171.438,0.0557,-0.0054,1.0117,
46.028,IMU,-54.3847,49.0294,-2.6776,0.0000,0.0000,296.260,-3.968,0.482,171.381,0.0776,-0.0005,0.9946,
46.043,ENC,-54.3847,49.0294,-2.6776,0.0000,0.0000,296.260,-3.968,0.482,171.381,0.0776,-0.0005,0.9946,
46.060,IMU,-54.3847,49.0294,-2.6776,0.0000,0.0000,296.260,-3.981,0.493,171.362,0.0713,-0.0078,0.9819,
46.063,ENC,-54.3864,49.0294,-2.6785,-0.0852,0.0000,296.265,-3.981,0.493,171.362,0.0713,-0.0078,0.9819,
46.068,IMU,-54.3864,49.0294,-2.6785,-0.0852,0.0000,296.265,-3.987,0.476,171.343,0.0684,-0.0068,0.9951,
46.083,ENC,-54.3864,49.0294,-2.6785,0.0000,0.0000,296.265,-3.987,0.476,171.343,0.0684,-0.0068,0.9951,
46.088,IMU,-54.3864,49.0294,-2.6785,0.0000,0.0000,296.265,-4.012,0.460,171.368,0.0679,-0.0054,1.0098,
46.103,ENC,-54.3847,49.0294,-2.6776,0.0852,0.0000,296.260,-4.012,0.460,171.368,0.0679,-0.0054,1.0098,
46.108,IMU,-54.3847,49.0294,-2.6776,0.0852,0.0000,296.260,-3.982,0.442,171.369,0.0532,0.0010,0.9951,
46.123,ENC,-54.3864,49.0294,-2.6785,-0.0852,0.0000,296.265,-3.982,0.442,171.369,0.0532,0.0010,0.9951,
46.129,IMU,-54.3864,49.0294,-2.6785,-0.0852,0.0000,296.265,-4.002,0.426,171.313,0.0522,-0.0010,0.9932,
46.146,ENC,-54.3847,49.0294,-2.6776,0.0852,0.0000,296.260,-4.002,0.426,171.313,0.0522,-0.0010,0.9932,
46.149,IMU,-54.3847,49.0294,-2.6776,0.0852,0.0000,296.260,-3.973,0.380,171.334,0.0723,-0.0161,0.9971,
46.166,ENC,-54.3847,49.0294,-2.6776,0.0000,0.0000,296.260,-3.973,0.380,171.334,0.0723,-0.0161,0.9971,
46.169,IMU,-54.3847,49.0294,-2.6776,0.0000,0.0000,296.260,-3.896,0.351,171.286,0.0601,-0.0166,0.9873,
46.183,ENC,-54.3864,49.0294,-2.6785,-0.0852,0.0000,296.265,-3.896,0.351,171.286,0.0601,-0.0166,0.9873,
46.189,IMU,-54.3864,49.0294,-2.6785,-0.0852,0.0000,296.265,-3.904,0.333,171.314,0.0703,-0.0068,0.9980,
46.203,ENC,-54.3864,49.0294,-2.6785,0.0000,0.0000,296.265,-3.904,0.333,171.314,0.0703,-0.0068,0.9980,
46.208,IMU,-54.3864,49.0294,-2.6785,0.0000,0.0000,296.265,-3.897,0.342,171.341,0.0654,-0.0059,0.9995,
46.224,ENC,-54.3864,49.0294,-2.6785,0.0000,0.0000,296.265,-3.897,0.342,171.341,0.0654,-0.0059,0.9995,
46.228,IMU,-54.3864,49.0294,-2.6785,0.0000,0.0000,296.265,-3.916,0.346,171.345,0.0586,-0.0093,0.9995,
46.243,ENC,-54.3847,49.0294,-2.6776,0.0852,0.0000,296.260,-3.916,0.346,171.345,0.0586,-0.0093,0.9995,
46.249,IMU,-54.3847,49.0294,-2.6776,0.0852,0.0000,296.260,-3.901,0.312,171.363,0.0605,-0.0088,0.9858,
46.263,ENC,-54.3847,49.0294,-2.6776,0.0000,0.0000,296.260,-3.901,0.312,171.363,0.0605,-0.0088,0.9858,
46.271,IMU,-54.3847,49.0294,-2.6776,0.0000,0.0000,296.260,-3.897,0.318,171.351,0.0566,-0.0063,0.9824,
46.283,ENC,-54.3847,49.0294,-2.6776,0.0000,0.0000,296.260,-3.897,0.318,171.351,0.0566,-0.0063,0.9824,
46.288,IMU,-54.3847,49.0294,-2.6776,0.0000,0.0000,296.260,-3.907,0.249,171.359,0.0615,-0.0269,0.9937,
46.303,ENC,-54.3847,49.0294,-2.6776,0.0000,0.0000,296.260,-3.907,0.249,171.359,0.0615,-0.0269,0.9937,
46.308,IMU,-54.3847,49.0294,-2.6776,0.0000,0.0000,296.260,-3.881,0.214,171.346,0.0645,-0.0156,0.9917,
46.323,ENC,-54.3847,49.0294,-2.6776,0.0000,0.0000,296.260,-3.881,0.214,171.346,0.0645,-0.0156,0.9917,
46.328,IMU,-54.3847,49.0294,-2.6776,0.0000,0.0000,296.260,-3.855,0.207,171.325,0.0571,-0.0127,0.9990,
46.343,ENC,-54.3864,49.0277,-2.6794,-0.0852,-0.0852,296.260,-3.855,0.207,171.325,0.0571,-0.0127,0.9990,
46.349,IMU,-54.3864,49.0277,-2.6794,-0.0852,-0.0852,296.260,-3.886,0.191,171.277,0.0620,-0.0078,1.0000,
46.363,ENC,-54.3847,49.0294,-2.6776,0.0852,0.0852,296.260,-3.886,0.191,171.277,0.0620,-0.0078,1.0000,
46.369,IMU,-54.3847,49.0294,-2.6776,0.0852,0.0852,296.260,-3.941,0.180,171.300,0.0703,-0.0156,0.9985,
46.382,ENC,-54.3847,49.0294,-2.6776,0.0000,0.0000,296.260,-3.941,0.180,171.300,0.0703,-0.0156,0.9985,
46.388,IMU,-54.3847,49.0294,-2.6776,0.0000,0.0000,296.260,-3.938,0.161,171.325,0.0620,-0.0127,1.0039,
46.403,ENC,-54.3847,49.0294,-2.6776,0.0000,0.0000,296.260,-3.938,0.161,171.325,0.0620,-0.0127,1.0039,
46.408,IMU,-54.3847,49.0294,-2.6776,0.0000,0.0000,296.260,-3.913,0.158,171.331,0.0591,-0.0049,1.0000,
46.423,ENC,-54.3847,49.0294,-2.6776,0.0000,0.0000,296.260,-3.913,0.158,171.331,0.0591,-0.0049,1.0000,
46.428,IMU,-54.3847,49.0294,-2.6776,0.0000,0.0000,296.260,-3.944,0.146,171.334,0.0679,-0.0117,1.0020,
46.443,ENC,-54.3864,49.0294,-2.6785,-0.0852,0.0000,296.265,-3.944,0.146,171.334,0.0679,-0.0117,1.0020,
46.463,ENC,-54.3864,49.0294,-2.6785,0.0000,0.0000,296.265,-3.944,0.146,171.334,0.0679,-0.0117,1.0020,
46.468,IMU,-54.3864,49.0294,-2.6785,0.0000,0.0000,296.265,-4.011,0.167,171.414,0.0610,-0.0044,1.0098,
46.483,ENC,-54.3847,49.0294,-2.6776,0.0852,0.0000,296.260,-4.011,0.167,171.414,0.0610,-0.0044,1.0098,
46.489,IMU,-54.3847,49.0294,-2.6776,0.0852,0.0000,296.260,-4.042,0.131,171.406,0.0615,-0.0005,1.0005,
46.503,ENC,-54.3847,49.0294,-2.6776,0.0000,0.0000,296.260,-4.042,0.131,171.406,0.0615,-0.0005,1.0005,
46.509,IMU,-54.3847,49.0294,-2.6776,0.0000,0.0000,296.260,-4.009,0.103,171.433,0.0703,-0.0132,0.9946,
46.523,ENC,-54.3847,49.0294,-2.6776,0.0000,0.0000,296.260,-4.009,0.103,171.433,0.0703,-0.0132,0.9946,
46.528,IMU,-54.3847,49.0294,-2.6776,0.0000,0.0000,296.260,-4.031,0.118,171.422,0.0688,-0.0078,1.0034,
46.543,ENC,-54.3847,49.0294,-2.6776,0.0000,0.0000,296.260,-4.031,0.118,171.422,0.0688,-0.0078,1.0034,
46.548,IMU,-54.3847,49.0294,-2.6776,0.0000,0.0000,296.260,-3.961,0.137,171.416,0.0596,-0.0156,0.9956,
46.563,ENC,-54.3847,49.0294,-2.6776,0.0000,0.0000,296.260,-3.961,0.137,171.416,0.0596,-0.0156,0.9956,
46.568,IMU,-54.3847,49.0294,-2.6776,0.0000,0.0000,296.260,-3.939,0.091,171.413,0.0508,-0.0078,1.0005,
46.583,ENC,-54.3847,49.0294,-2.6776,0.0000,0.0000,296.260,-3.939,0.091,171.413,0.0508,-0.0078,1.0005,
46.588,IMU,-54.3847,49.0294,-2.6776,0.0000,0.0000,296.260,-3.945,0.073,171.392,0.0688,-0.0171,0.9946,
46.603,ENC,-54.3847,49.0294,-2.6776,0.0000,0.0000,296.260,-3.945,0.073,171.392,0.0688,-0.0171,0.9946,
46.608,IMU,-54.3847,49.0294,-2.6776,0.0000,0.0000,296.260,-3.959,0.048,171.418,0.0571,-0.0024,0.9941,
46.623,ENC,-54.3847,49.0294,-2.6776,0.0000,0.0000,296.260,-3.959,0.048,171.418,0.0571,-0.0024,0.9941,
46.628,IMU,-54.3847,49.0294,-2.6776,0.0000,0.0000,296.260,-3.945,0.006,171.422,0.0654,-0.0068,0.9863,
46.643,ENC,-54.3847,49.0294,-2.6776,0.0000,0.0000,296.260,-3.945,0.006,171.422,0.0654,-0.0068,0.9863,
46.648,IMU,-54.3847,49.0294,-2.6776,0.0000,0.0000,296.260,-3.925,0.020,171.415,0.0698,-0.0029,1.0024,
46.663,ENC,-54.3864,49.0294,-2.6785,-0.0852,0.0000,296.265,-3.925,0.020,171.415,0.0698,-0.0029,1.0024,
46.668,IMU,-54.3864,49.0294,-2.6785,-0.0852,0.0000,296.265,-3.904,0.027,171.405,0.0566,-0.0146,1.0098,
46.683,ENC,-54.3847,49.0294,-2.6776,0.0852,0.0000,296.260,-3.904,0.027,171.405,0.0566,-0.0146,1.0098,
46.688,IMU,-54.3847,49.0294,-2.6776,0.0852,0.0000,296.260,-3.880,-0.032,171.406,0.0552,-0.0093,0.9976,
46.704,ENC,-54.3847,49.0294,-2.6776,0.0000,0.0000,296.260,-3.880,-0.032,171.406,0.0552,-0.0093,0.9976,
46.709,IMU,-54.3847,49.0294,-2.6776,0.0000,0.0000,296.260,-3.910,-0.042,171.444,0.0625,-0.0146,0.9966,
46.723,ENC,-54.3847,49.0294,-2.6776,0.0000,0.0000,296.260,-3.910,-0.042,171.444,0.0625,-0.0146,0.9966,
46.728,IMU,-54.3847,49.0294,-2.6776,0.0000,0.0000,296.260,-3.884,-0.057,171.419,0.0522,-0.0103,0.9897,
46.743,ENC,-54.3847,49.0294,-2.6776,0.0000,0.0000,296.260,-3.884,-0.057,171.419,0.0522,-0.0103,0.9897,
46.748,IMU,-54.3847,49.0294,-2.6776,0.0000,0.0000,296.260,-3.846,-0.095,171.385,0.0562,-0.0190,0.9990,
46.763,ENC,-54.3847,49.0294,-2.6776,0.0000,0.0000,296.260,-3.846,-0.095,171.385,0.0562,-0.0190,0.9990,
46.768,IMU,-54.3847,49.0294,-2.6776,0.0000,0.0000,296.260,-3.871,-0.097,171.408,0.0596,-0.0068,0.9873,
46.782,ENC,-54.3864,49.0294,-2.6785,-0.0852,0.0000,296.265,-3.871,-0.097,171.408,0.0596,-0.0068,0.9873,
46.787,IMU,-54.3864,49.0294,-2.6785,-0.0852,0.0000,296.265,-3.867,-0.109,171.448,0.0605,-0.0229,0.9927,
46.803,ENC,-54.3847,49.0294,-2.6776,0.0852,0.0000,296.260,-3.867,-0.109,171.448,0.0605,-0.0229,0.9927,
46.808,IMU,-54.3847,49.0294,-2.6776,0.0852,0.0000,296.260,-3.798,-0.153,171.429,0.0566,-0.0210,0.9917,
46.823,ENC,-54.3847,49.0294,-2.6776,0.0000,0.0000,296.260,-3.798,-0.153,171.429,0.0566,-0.0210,0.9917,
46.828,IMU,-54.3847,49.0294,-2.6776,0.0000,0.0000,296.260,-3.778,-0.169,171.445,0.0664,-0.0098,1.0098,
46.843,ENC,-54.3847,49.0277,-2.6785,0.0000,-0.0852,296.255,-3.778,-0.169,171.445,0.0664,-0.0098,1.0098,
46.850,IMU,-54.3847,49.0277,-2.6785,0.0000,-0.0852,296.255,-3.740,-0.137,171.401,0.0537,-0.0098,0.9961,
46.864,ENC,-54.3847,49.0294,-2.6776,0.0000,0.0852,296.260,-3.740,-0.137,171.401,0.0537,-0.0098,0.9961,
46.868,IMU,-54.3847,49.0294,-2.6776,0.0000,0.0852,296.260,-3.715,-0.131,171.402,0.0581,-0.0166,1.0029,
46.884,ENC,-54.3847,49.0294,-2.6776,0.0000,0.0000,296.260,-3.715,-0.131,171.402,0.0581,-0.0166,1.0029,
46.888,IMU,-54.3847,49.0294,-2.6776,0.0000,0.0000,296.260,-3.716,-0.135,171.391,0.0654,-0.0005,1.0054,
46.903,ENC,-54.3864,49.0294,-2.6785,-0.0852,0.0000,296.265,-3.716,-0.135,171.391,0.0654,-0.0005,1.0054,
46.907,IMU,-54.3864,49.0294,-2.6785,-0.0852,0.0000,296.265,-3.738,-0.137,171.356,0.0581,-0.0151,0.9951,
46.922,ENC,-54.3847,49.0294,-2.6776,0.0852,0.0000,296.260,-3.738,-0.137,171.356,0.0581,-0.0151,0.9951,
46.928,IMU,-54.3847,49.0294,-2.6776,0.0852,0.0000,296.260,-3.675,-0.154,171.384,0.0547,-0.0122,0.9912,
46.943,ENC,-54.3847,49.0294,-2.6776,0.0000,0.0000,296.260,-3.675,-0.154,171.384,0.0547,-0.0122,0.9912,
46.947,IMU,-54.3847,49.0294,-2.6776,0.0000,0.0000,296.260,-3.678,-0.134,171.384,0.0610,-0.0078,0.9854,
46.965,ENC,-54.3864,49.0294,-2.6785,-0.0852,0.0000,296.265,-3.678,-0.134,171.384,0.0610,-0.0078,0.9854,
46.968,IMU,-54.3864,49.0294,-2.6785,-0.0852,0.0000,296.265,-3.617,-0.138,171.393,0.0547,-0.0137,1.0024,
46.983,ENC,-54.3847,49.0294,-2.6776,0.0852,0.0000,296.260,-3.617,-0.138,171.393,0.0547,-0.0137,1.0024,
46.988,IMU,-54.3847,49.0294,-2.6776,0.0852,0.0000,296.260,-3.600,-0.134,171.447,0.0713,-0.0161,1.0005,
47.003,ENC,-54.3864,49.0294,-2.6785,-0.0852,0.0000,296.265,-3.600,-0.134,171.447,0.0713,-0.0161,1.0005,
47.008,IMU,-54.3864,49.0294,-2.6785,-0.0852,0.0000,296.265,-3.612,-0.158,171.468,0.0557,-0.0186,0.9961,
47.023,ENC,-54.3864,49.0294,-2.6785,0.0000,0.0000,296.265,-3.612,-0.158,171.468,0.0557,-0.0186,0.9961,
47.028,IMU,-54.3864,49.0294,-2.6785,0.0000,0.0000,296.265,-3.630,-0.115,171.530,0.0488,-0.0083,0.9966,
47.042,ENC,-54.3847,49.0277,-2.6785,0.0852,-0.0852,296.255,-3.630,-0.115,171.530,0.0488,-0.0083,0.9966,
47.049,IMU,-54.3847,49.0277,-2.6785,0.0852,-0.0852,296.255,-3.656,-0.132,171.553,0.0630,-0.0088,1.0015,
47.063,ENC,-54.3847,49.0294,-2.6776,0.0000,0.0852,296.260,-3.656,-0.132,171.553,0.0630,-0.0088,1.0015,
47.069,IMU,-54.3847,49.0294,-2.6776,0.0000,0.0852,296.260,-3.687,-0.112,171.573,0.0654,-0.0078,0.9995,
47.082,ENC,-54.3847,49.0294,-2.6776,0.0000,0.0000,296.260,-3.687,-0.112,171.573,0.0654,-0.0078,0.9995,
47.092,IMU,-54.3847,49.0294,-2.6776,0.0000,0.0000,296.260,-3.617,-0.156,171.616,0.0454,-0.0239,0.9966,
47.103,ENC,-54.3847,49.0294,-2.6776,0.0000,0.0000,296.260,-3.617,-0.156,171.616,0.0454,-0.0239,0.9966,
47.108,IMU,-54.3847,49.0294,-2.6776,0.0000,0.0000,296.260,-3.609,-0.187,171.640,0.0640,-0.0044,0.9976,
47.123,ENC,-54.3847,49.0294,-2.6776,0.0000,0.0000,296.260,-3.609,-0.187,171.640,0.0640,-0.0044,0.9976,
47.127,IMU,-54.3847,49.0294,-2.6776,0.0000,0.0000,296.260,-3.616,-0.193,171.652,0.0571,-0.0015,1.0015,
47.143,ENC,-54.3847,49.0277,-2.6785,0.0000,-0.0852,296.255,-3.616,-0.193,171.652,0.0571,-0.0015,1.0015,
47.148,IMU,-54.3847,49.0277,-2.6785,0.0000,-0.0852,296.255,-3.608,-0.247,171.643,0.0591,-0.0317,0.9980,
47.163,ENC,-54.3847,49.0294,-2.6776,0.0000,0.0852,296.260,-3.608,-0.247,171.643,0.0591,-0.0317,0.9980,
47.172,IMU,-54.3847,49.0294,-2.6776,0.0000,0.0852,296.260,-3.636,-0.224,171.714,0.0679,-0.0054,0.9868,
47.183,ENC,-54.3847,49.0294,-2.6776,0.0000,0.0000,296.260,-3.636,-0.224,171.714,0.0679,-0.0054,0.9868,
47.188,IMU,-54.3847,49.0294,-2.6776,0.0000,0.0000,296.260,-3.640,-0.247,171.724,0.0596,-0.0156,1.0010,
47.203,ENC,-54.3847,49.0277,-2.6785,0.0000,-0.0852,296.255,-3.640,-0.247,171.724,0.0596,-0.0156,1.0010,
47.208,IMU,-54.3847,49.0277,-2.6785,0.0000,-0.0852,296.255,-3.657,-0.296,171.737,0.0640,-0.0156,0.9971,
47.223,ENC,-54.3847,49.0277,-2.6785,0.0000,0.0000,296.255,-3.657,-0.296,171.737,0.0640,-0.0156,0.9971,
47.228,IMU,-54.3847,49.0277,-2.6785,0.0000,0.0000,296.255,-3.626,-0.290,171.763,0.0488,-0.0117,0.9854,
47.242,ENC,-54.3847,49.0277,-2.6785,0.0000,0.0000,296.255,-3.626,-0.290,171.763,0.0488,-0.0117,0.9854,
47.248,IMU,-54.3847,49.0277,-2.6785,0.0000,0.0000,296.255,-3.591,-0.324,171.727,0.0615,-0.0063,1.0000,
47.263,ENC,-54.3847,49.0294,-2.6776,0.0000,0.0852,296.260,-3.591,-0.324,171.727,0.0615,-0.0063,1.0000,
47.268,IMU,-54.3847,49.0294,-2.6776,0.0000,0.0852,296.260,-3.682,-0.317,171.735,0.0796,-0.0146,1.0078,
47.283,ENC,-54.3847,49.0277,-2.6785,0.0000,-0.0852,296.255,-3.682,-0.317,171.735,0.0796,-0.0146,1.0078,
47.287,IMU,-54.3847,49.0277,-2.6785,0.0000,-0.0852,296.255,-3.678,-0.296,171.776,0.0581,-0.0059,0.9966,
47.303,ENC,-54.3847,49.0277,-2.6785,0.0000,0.0000,296.255,-3.678,-0.296,171.776,0.0581,-0.0059,0.9966,
47.308,IMU,-54.3847,49.0277,-2.6785,0.0000,0.0000,296.255,-3.723,-0.281,171.797,0.0649,-0.0020,1.0073,
47.323,ENC,-54.3864,49.0294,-2.6785,-0.0852,0.0852,296.265,-3.723,-0.281,171.797,0.0649,-0.0020,1.0073,
47.328,IMU,-54.3864,49.0294,-2.6785,-0.0852,0.0852,296.265,-3.735,-0.265,171.791,0.0630,-0.0171,0.9922,
47.343,ENC,-54.3847,49.0294,-2.6776,0.0852,0.0000,296.260,-3.735,-0.265,171.791,0.0630,-0.0171,0.9922,
47.348,IMU,-54.3847,49.0294,-2.6776,0.0852,0.0000,296.260,-3.756,-0.257,171.760,0.0742,-0.0127,1.0024,
47.363,ENC,-54.3847,49.0294,-2.6776,0.0000,0.0000,296.260,-3.756,-0.257,171.760,0.0742,-0.0127,1.0024,
47.368,IMU,-54.3847,49.0294,-2.6776,0.0000,0.0000,296.260,-3.791,-0.261,171.708,0.0552,-0.0122,1.0015,
47.383,ENC,-54.3847,49.0294,-2.6776,0.0000,0.0000,296.260,-3.791,-0.261,171.708,0.0552,-0.0122,1.0015,
47.388,IMU,-54.3847,49.0294,-2.6776,0.0000,0.0000,296.260,-3.792,-0.303,171.705,0.0708,-0.0093,0.9966,
47.403,ENC,-54.3847,49.0294,-2.6776,0.0000,0.0000,296.260,-3.792,-0.303,171.705,0.0708,-0.0093,0.9966,
47.408,IMU,-54.3847,49.0294,-2.6776,0.0000,0.0000,296.260,-3.820,-0.321,171.678,0.0698,-0.0088,0.9956,
47.424,ENC,-54.3847,49.0277,-2.6785,0.0000,-0.0852,296.255,-3.820,-0.321,171.678,0.0698,-0.0088,0.9956,
47.428,IMU,-54.3847,49.0277,-2.6785,0.0000,-0.0852,296.255,-3.794,-0.342,171.665,0.0688,-0.0161,0.9956,
47.442,ENC,-54.3864,49.0294,-2.6785,-0.0852,0.0852,296.265,-3.794,-0.342,171.665,0.0688,-0.0161,0.9956,
47.448,IMU,-54.3864,49.0294,-2.6785,-0.0852,0.0852,296.265,-3.792,-0.364,171.644,0.0674,-0.0249,0.9937,
47.463,ENC,-54.3847,49.0277,-2.6785,0.0852,-0.0852,296.255,-3.792,-0.364,171.644,0.0674,-0.0249,0.9937,
47.468,IMU,-54.3847,49.0277,-2.6785,0.0852,-0.0852,296.255,-3.759,-0.380,171.609,0.0708,-0.0186,1.0024,
47.483,ENC,-54.3864,49.0277,-2.6794,-0.0852,0.0000,296.260,-3.759,-0.380,171.609,0.0708,-0.0186,1.0024,
47.488,IMU,-54.3864,49.0277,-2.6794,-0.0852,0.0000,296.260,-3.771,-0.350,171.635,0.0742,-0.0073,0.9961,
47.503,ENC,-54.3847,49.0294,-2.6776,0.0852,0.0852,296.260,-3.771,-0.350,171.635,0.0742,-0.0073,0.9961,
47.509,IMU,-54.3847,49.0294,-2.6776,0.0852,0.0852,296.260,-3.762,-0.353,171.630,0.0757,-0.0063,0.9995,
47.523,ENC,-54.3847,49.0294,-2.6776,0.0000,0.0000,296.260,-3.762,-0.353,171.630,0.0757,-0.0063,0.9995,
47.528,IMU,-54.3847,49.0294,-2.6776,0.0000,0.0000,296.260,-3.790,-0.333,171.611,0.0723,-0.0103,0.9956,
47.543,ENC,-54.3847,49.0277,-2.6785,0.0000,-0.0852,296.255,-3.790,-0.333,171.611,0.0723,-0.0103,0.9956,
47.548,IMU,-54.3847,49.0277,-2.6785,0.0000,-0.0852,296.255,-3.779,-0.329,171.656,0.0581,-0.0176,1.0005,
47.563,ENC,-54.3847,49.0294,-2.6776,0.0000,0.0852,296.260,-3.779,-0.329,171.656,0.0581,-0.0176,1.0005,
47.568,IMU,-54.3847,49.0294,-2.6776,0.0000,0.0852,296.260,-3.755,-0.301,171.661,0.0576,-0.0103,1.0054,
47.583,ENC,-54.3847,49.0294,-2.6776,0.0000,0.0000,296.260,-3.755,-0.301,171.661,0.0576,-0.0103,1.0054,
47.588,IMU,-54.3847,49.0294,-2.6776,0.0000,0.0000,296.260,-3.750,-0.303,171.686,0.0435,-0.0190,1.0000,
47.607,IMU,-54.3847,49.0294,-2.6776,0.0000,0.0000,296.260,-3.722,-0.311,171.681,0.0513,-0.0132,0.9971,
47.623,ENC,-54.3847,49.0294,-2.6776,0.0000,0.0000,296.260,-3.722,-0.311,171.681,0.0513,-0.0132,0.9971,
47.628,IMU,-54.3847,49.0294,-2.6776,0.0000,0.0000,296.260,-3.685,-0.337,171.643,0.0664,-0.0190,0.9951,
47.643,ENC,-54.3847,49.0294,-2.6776,0.0000,0.0000,296.260,-3.685,-0.337,171.643,0.0664,-0.0190,0.9951,
47.648,IMU,-54.3847,49.0294,-2.6776,0.0000,0.0000,296.260,-3.715,-0.333,171.671,0.0703,-0.0146,0.9995,
47.663,ENC,-54.3847,49.0294,-2.6776,0.0000,0.0000,296.260,-3.715,-0.333,171.671,0.0703,-0.0146,0.9995,
47.668,IMU,-54.3847,49.0294,-2.6776,0.0000,0.0000,296.260,-3.695,-0.335,171.709,0.0698,-0.0103,0.9990,
47.683,ENC,-54.3847,49.0294,-2.6776,0.0000,0.0000,296.260,-3.695,-0.335,171.709,0.0698,-0.0103,0.9990,
47.688,IMU,-54.3847,49.0294,-2.6776,0.0000,0.0000,296.260,-3.722,-0.351,171.715,0.0591,-0.0068,0.9868,
47.703,ENC,-54.3847,49.0294,-2.6776,0.0000,0.0000,296.260,-3.722,-0.351,171.715,0.0591,-0.0068,0.9868,
47.708,IMU,-54.3847,49.0294,-2.6776,0.0000,0.0000,296.260,-3.657,-0.345,171.704,0.0508,-0.0073,0.9971,
47.723,ENC,-54.3847,49.0277,-2.6785,0.0000,-0.0852,296.255,-3.657,-0.345,171.704,0.0508,-0.0073,0.9971,
47.728,IMU,-54.3847,49.0277,-2.6785,0.0000,-0.0852,296.255,-3.626,-0.346,171.732,0.0625,-0.0112,1.0044,
47.742,ENC,-54.3847,49.0277,-2.6785,0.0000,0.0000,296.255,-3.626,-0.346,171.732,0.0625,-0.0112,1.0044,
47.748,IMU,-54.3847,49.0277,-2.6785,0.0000,0.0000,296.255,-3.601,-0.343,171.755,0.0659,-0.0122,0.9883,
47.763,ENC,-54.3847,49.0277,-2.6785,0.0000,0.0000,296.255,-3.601,-0.343,171.755,0.0659,-0.0122,0.9883,
47.769,IMU,-54.3847,49.0277,-2.6785,0.0000,0.0000,296.255,-3.573,-0.358,171.758,0.0645,-0.0151,0.9795,
47.784,ENC,-54.3847,49.0277,-2.6785,0.0000,0.0000,296.255,-3.573,-0.358,171.758,0.0645,-0.0151,0.9795,
47.787,IMU,-54.3847,49.0277,-2.6785,0.0000,0.0000,296.255,-3.594,-0.367,171.705,0.0562,-0.0098,0.9966,
47.803,ENC,-54.3847,49.0277,-2.6785,0.0000,0.0000,296.255,-3.594,-0.367,171.705,0.0562,-0.0098,0.9966,
47.808,IMU,-54.3847,49.0277,-2.6785,0.0000,0.0000,296.255,-3.590,-0.328,171.717,0.0601,-0.0146,0.9990,
47.823,ENC,-54.3847,49.0277,-2.6785,0.0000,0.0000,296.255,-3.590,-0.328,171.717,0.0601,-0.0146,0.9990,
47.828,IMU,-54.3847,49.0277,-2.6785,0.0000,0.0000,296.255,-3.600,-0.349,171.711,0.0635,-0.0161,0.9946,
47.842,ENC,-54.3847,49.0277,-2.6785,0.0000,0.0000,296.255,-3.600,-0.349,171.711,0.0635,-0.0161,0.9946,
47.849,IMU,-54.3847,49.0277,-2.6785,0.0000,0.0000,296.255,-3.634,-0.366,171.677,0.0796,-0.0161,0.9985,
47.863,ENC,-54.3847,49.0294,-2.6776,0.0000,0.0852,296.260,-3.634,-0.366,171.677,0.0796,-0.0161,0.9985,
47.868,IMU,-54.3847,49.0294,-2.6776,0.0000,0.0852,296.260,-3.630,-0.407,171.644,0.0674,-0.0190,1.0112,
47.883,ENC,-54.3847,49.0277,-2.6785,0.0000,-0.0852,296.255,-3.630,-0.407,171.644,0.0674,-0.0190,1.0112,
47.888,IMU,-54.3847,49.0277,-2.6785,0.0000,-0.0852,296.255,-3.649,-0.433,171.649,0.0513,-0.0107,1.0093,
47.903,ENC,-54.3847,49.0294,-2.6776,0.0000,0.0852,296.260,-3.649,-0.433,171.649,0.0513,-0.0107,1.0093,
47.909,IMU,-54.3847,49.0294,-2.6776,0.0000,0.0852,296.260,-3.687,-0.386,171.681,0.0503,-0.0098,0.9990,
47.938,ENC,-54.3847,49.0294,-2.6776,0.0000,0.0000,296.260,-3.687,-0.386,171.681,0.0503,-0.0098,0.9990,
47.945,IMU,-54.3847,49.0294,-2.6776,0.0000,0.0000,296.260,-3.730,-0.402,171.651,0.0747,-0.0127,1.0039,
47.945,ENC,-54.3847,49.0277,-2.6785,0.0000,-0.0852,296.255,-3.730,-0.402,171.651,0.0747,-0.0127,1.0039,
47.949,IMU,-54.3847,49.0277,-2.6785,0.0000,-0.0852,296.255,-3.738,-0.428,171.620,0.0571,-0.0107,0.9941,
47.963,ENC,-54.3864,49.0294,-2.6785,-0.0852,0.0852,296.265,-3.738,-0.428,171.620,0.0571,-0.0107,0.9941,
47.968,IMU,-54.3864,49.0294,-2.6785,-0.0852,0.0852,296.265,-3.742,-0.422,171.642,0.0601,-0.0151,1.0068,
47.983,ENC,-54.3847,49.0277,-2.6785,0.0852,-0.0852,296.255,-3.742,-0.422,171.642,0.0601,-0.0151,1.0068,
47.990,IMU,-54.3847,49.0277,-2.6785,0.0852,-0.0852,296.255,-3.770,-0.432,171.600,0.0708,-0.0151,0.9961,
48.003,ENC,-54.3847,49.0294,-2.6776,0.0000,0.0852,296.260,-3.770,-0.432,171.600,0.0708,-0.0151,0.9961,
48.015,IMU,-54.3847,49.0294,-2.6776,0.0000,0.0852,296.260,-3.773,-0.418,171.574,0.0503,-0.0122,0.9897,
48.022,ENC,-54.3847,49.0277,-2.6785,0.0000,-0.0852,296.255,-3.773,-0.418,171.574,0.0503,-0.0122,0.9897,
48.028,IMU,-54.3847,49.0277,-2.6785,0.0000,-0.0852,296.255,-3.741,-0.419,171.564,0.0776,-0.0088,0.9849,
48.047,IMU,-54.3847,49.0277,-2.6785,0.0000,-0.0852,296.255,-3.705,-0.466,171.596,0.0493,-0.0127,1.0000,
48.063,ENC,-54.3847,49.0277,-2.6785,0.0000,0.0000,296.255,-3.705,-0.466,171.596,0.0493,-0.0127,1.0000,
48.068,IMU,-54.3847,49.0277,-2.6785,0.0000,0.0000,296.255,-3.721,-0.455,171.588,0.0566,-0.0029,0.9912,
48.083,ENC,-54.3847,49.0277,-2.6785,0.0000,0.0000,296.255,-3.721,-0.455,171.588,0.0566,-0.0029,0.9912,
48.093,IMU,-54.3847,49.0277,-2.6785,0.0000,0.0000,296.255,-3.738,-0.458,171.558,0.0576,-0.0205,1.0020,
48.103,ENC,-54.3847,49.0277,-2.6785,0.0000,0.0000,296.255,-3.738,-0.458,171.558,0.0576,-0.0205,1.0020,
48.108,IMU,-54.3847,49.0277,-2.6785,0.0000,0.0000,296.255,-3.757,-0.429,171.566,0.0654,-0.0103,1.0029,
48.122,ENC,-54.3847,49.0277,-2.6785,0.0000,0.0000,296.255,-3.757,-0.429,171.566,0.0654,-0.0103,1.0029,
48.128,IMU,-54.3847,49.0277,-2.6785,0.0000,0.0000,296.255,-3.729,-0.448,171.576,0.0684,-0.0112,1.0127,
48.143,ENC,-54.3847,49.0277,-2.6785,0.0000,0.0000,296.255,-3.729,-0.448,171.576,0.0684,-0.0112,1.0127,
48.147,IMU,-54.3847,49.0277,-2.6785,0.0000,0.0000,296.255,-3.692,-0.445,171.562,0.0659,-0.0107,0.9985,
48.163,ENC,-54.3847,49.0277,-2.6785,0.0000,0.0000,296.255,-3.692,-0.445,171.562,0.0659,-0.0107,0.9985,
48.168,IMU,-54.3847,49.0277,-2.6785,0.0000,0.0000,296.255,-3.732,-0.465,171.536,0.0693,-0.0088,1.0044,
48.182,ENC,-54.3847,49.0277,-2.6785,0.0000,0.0000,296.255,-3.732,-0.465,171.536,0.0693,-0.0088,1.0044,
48.188,IMU,-54.3847,49.0277,-2.6785,0.0000,0.0000,296.255,-3.752,-0.486,171.543,0.0664,-0.0142,0.9932,
48.203,ENC,-54.3847,49.0277,-2.6785,0.0000,0.0000,296.255,-3.752,-0.486,171.543,0.0664,-0.0142,0.9932,
48.209,IMU,-54.3847,49.0277,-2.6785,0.0000,0.0000,296.255,-3.796,-0.480,171.577,0.0620,-0.0176,0.9868,
48.223,ENC,-54.3847,49.0277,-2.6785,0.0000,0.0000,296.255,-3.796,-0.480,171.577,0.0620,-0.0176,0.9868,
48.228,IMU,-54.3847,49.0277,-2.6785,0.0000,0.0000,296.255,-3.810,-0.515,171.560,0.0679,-0.0073,0.9976,
48.243,ENC,-54.3847,49.0277,-2.6785,0.0000,0.0000,296.255,-3.810,-0.515,171.560,0.0679,-0.0073,0.9976,
48.248,IMU,-54.3847,49.0277,-2.6785,0.0000,0.0000,296.255,-3.777,-0.538,171.582,0.0581,-0.0083,0.9907,
48.263,ENC,-54.3847,49.0277,-2.6785,0.0000,0.0000,296.255,-3.777,-0.538,171.582,0.0581,-0.0083,0.9907,
48.268,IMU,-54.3847,49.0277,-2.6785,0.0000,0.0000,296.255,-3.821,-0.543,171.534,0.0693,-0.0029,0.9932,
48.288,ENC,-54.3847,49.0277,-2.6785,0.0000,0.0000,296.255,-3.821,-0.543,171.534,0.0693,-0.0029,0.9932,
48.308,IMU,-54.3847,49.0277,-2.6785,0.0000,0.0000,296.255,-3.807,-0.533,171.519,0.0620,-0.0107,1.0005,
48.310,IMU,-54.3847,49.0277,-2.6785,0.0000,0.0000,296.255,-3.840,-0.518,171.516,0.0645,-0.0117,1.0000,
48.322,ENC,-54.3847,49.0277,-2.6785,0.0000,0.0000,296.255,-3.840,-0.518,171.516,0.0645,-0.0117,1.0000,
48.328,IMU,-54.3847,49.0277,-2.6785,0.0000,0.0000,296.255,-3.798,-0.513,171.491,0.0508,-0.0127,1.0059,
48.343,ENC,-54.3847,49.0294,-2.6776,0.0000,0.0852,296.260,-3.798,-0.513,171.491,0.0508,-0.0127,1.0059,
48.348,IMU,-54.3847,49.0294,-2.6776,0.0000,0.0852,296.260,-3.793,-0.521,171.480,0.0659,-0.0137,0.9995,
48.363,ENC,-54.3847,49.0277,-2.6785,0.0000,-0.0852,296.255,-3.793,-0.521,171.480,0.0659,-0.0137,0.9995,
48.367,IMU,-54.3847,49.0277,-2.6785,0.0000,-0.0852,296.255,-3.789,-0.531,171.475,0.0649,-0.0176,0.9966,
48.383,ENC,-54.3847,49.0277,-2.6785,0.0000,0.0000,296.255,-3.789,-0.531,171.475,0.0649,-0.0176,0.9966,
48.388,IMU,-54.3847,49.0277,-2.6785,0.0000,0.0000,296.255,-3.774,-0.516,171.495,0.0591,-0.0103,0.9980,
48.428,IMU,-54.3847,49.0277,-2.6785,0.0000,0.0000,296.255,-3.758,-0.510,171.473,0.0640,-0.0156,0.9937,
48.428,ENC,-54.3847,49.0277,-2.6785,0.0000,0.0000,296.255,-3.758,-0.510,171.473,0.0640,-0.0156,0.9937,
48.431,IMU,-54.3847,49.0277,-2.6785,0.0000,0.0000,296.255,-3.733,-0.498,171.492,0.0679,-0.0195,0.9985,
48.442,ENC,-54.3847,49.0277,-2.6785,0.0000,0.0000,296.255,-3.733,-0.498,171.492,0.0679,-0.0195,0.9985,
48.463,ENC,-54.3847,49.0277,-2.6785,0.0000,0.0000,296.255,-3.733,-0.498,171.492,0.0679,-0.0195,0.9985,
48.467,IMU,-54.3847,49.0277,-2.6785,0.0000,0.0000,296.255,-3.748,-0.498,171.508,0.0586,-0.0200,0.9907,
48.483,ENC,-54.3847,49.0277,-2.6785,0.0000,0.0000,296.255,-3.748,-0.498,171.508,0.0586,-0.0200,0.9907,
48.487,IMU,-54.3847,49.0277,-2.6785,0.0000,0.0000,296.255,-3.731,-0.507,171.520,0.0645,-0.0176,1.0000,
48.503,ENC,-54.3847,49.0277,-2.6785,0.0000,0.0000,296.255,-3.731,-0.507,171.520,0.0645,-0.0176,1.0000,
48.508,IMU,-54.3847,49.0277,-2.6785,0.0000,0.0000,296.255,-3.785,-0.492,171.529,0.0527,-0.0146,0.9932,
48.523,ENC,-54.3847,49.0294,-2.6776,0.0000,0.0852,296.260,-3.785,-0.492,171.529,0.0527,-0.0146,0.9932,
48.527,IMU,-54.3847,49.0294,-2.6776,0.0000,0.0852,296.260,-3.777,-0.478,171.607,0.0698,0.0005,1.0000,
48.542,ENC,-54.3847,49.0277,-2.6785,0.0000,-0.0852,296.255,-3.777,-0.478,171.607,0.0698,0.0005,1.0000,
48.548,IMU,-54.3847,49.0277,-2.6785,0.0000,-0.0852,296.255,-3.766,-0.501,171.548,0.0669,-0.0142,0.9990,
48.566,ENC,-54.3847,49.0277,-2.6785,0.0000,0.0000,296.255,-3.766,-0.501,171.548,0.0669,-0.0142,0.9990,
48.584,IMU,-54.3847,49.0277,-2.6785,0.0000,0.0000,296.255,-3.715,-0.478,171.569,0.0630,-0.0093,0.9844,
48.588,ENC,-54.3847,49.0277,-2.6785,0.0000,0.0000,296.255,-3.715,-0.478,171.569,0.0630,-0.0093,0.9844,
48.591,IMU,-54.3847,49.0277,-2.6785,0.0000,0.0000,296.255,-3.690,-0.480,171.546,0.0698,-0.0166,1.0015,
48.609,IMU,-54.3847,49.0277,-2.6785,0.0000,0.0000,296.255,-3.700,-0.439,171.564,0.0591,0.0034,1.0029,
48.623,ENC,-54.3847,49.0294,-2.6776,0.0000,0.0426,296.260,-3.700,-0.439,171.564,0.0591,0.0034,1.0029,
48.628,IMU,-54.3847,49.0294,-2.6776,0.0000,0.0426,296.260,-3.693,-0.417,171.556,0.0674,-0.0142,1.0078,
48.643,ENC,-54.3847,49.0277,-2.6785,0.0000,-0.0852,296.255,-3.693,-0.417,171.556,0.0674,-0.0142,1.0078,
48.648,IMU,-54.3847,49.0277,-2.6785,0.0000,-0.0852,296.255,-3.679,-0.410,171.585,0.0537,-0.0171,1.0044,
48.663,ENC,-54.3847,49.0277,-2.6785,0.0000,0.0000,296.255,-3.679,-0.410,171.585,0.0537,-0.0171,1.0044,
48.668,IMU,-54.3847,49.0277,-2.6785,0.0000,0.0000,296.255,-3.700,-0.399,171.580,0.0640,-0.0083,0.9873,
48.683,ENC,-54.3847,49.0277,-2.6785,0.0000,0.0000,296.255,-3.700,-0.399,171.580,0.0640,-0.0083,0.9873,
48.690,IMU,-54.3847,49.0277,-2.6785,0.0000,0.0000,296.255,-3.705,-0.383,171.554,0.0454,-0.0132,0.9824,
48.708,IMU,-54.3847,49.0277,-2.6785,0.0000,0.0000,296.255,-3.716,-0.410,171.572,0.0723,-0.0117,0.9980,
48.722,ENC,-54.3847,49.0277,-2.6785,0.0000,0.0000,296.255,-3.716,-0.410,171.572,0.0723,-0.0117,0.9980,
48.732,IMU,-54.3847,49.0277,-2.6785,0.0000,0.0000,296.255,-3.703,-0.384,171.602,0.0693,-0.0234,1.0132,
48.743,ENC,-54.3847,49.0294,-2.6776,0.0000,0.0852,296.260,-3.703,-0.384,171.602,0.0693,-0.0234,1.0132,
48.748,IMU,-54.3847,49.0294,-2.6776,0.0000,0.0852,296.260,-3.723,-0.364,171.597,0.0625,-0.0117,0.9902,
48.763,ENC,-54.3847,49.0277,-2.6785,0.0000,-0.0852,296.255,-3.723,-0.364,171.597,0.0625,-0.0117,0.9902,
48.768,IMU,-54.3847,49.0277,-2.6785,0.0000,-0.0852,296.255,-3.726,-0.376,171.565,0.0596,-0.0234,0.9868,
48.823,ENC,-54.3847,49.0277,-2.6785,0.0000,0.0000,296.255,-3.726,-0.376,171.565,0.0596,-0.0234,0.9868,
48.831,IMU,-54.3847,49.0277,-2.6785,0.0000,0.0000,296.255,-3.857,-0.451,171.608,0.0693,-0.0142,1.0044,
48.843,ENC,-54.3847,49.0277,-2.6785,0.0000,0.0000,296.255,-3.857,-0.451,171.608,0.0693,-0.0142,1.0044,
48.848,IMU,-54.3847,49.0277,-2.6785,0.0000,0.0000,296.255,-3.864,-0.435,171.589,0.0693,-0.0171,1.0015,
48.863,ENC,-54.3847,49.0294,-2.6776,0.0000,0.0852,296.260,-3.864,-0.435,171.589,0.0693,-0.0171,1.0015,
48.868,IMU,-54.3847,49.0294,-2.6776,0.0000,0.0852,296.260,-3.849,-0.438,171.555,0.0542,-0.0161,1.0034,
48.882,ENC,-54.3847,49.0277,-2.6785,0.0000,-0.0852,296.255,-3.849,-0.438,171.555,0.0542,-0.0161,1.0034,
48.888,IMU,-54.3847,49.0277,-2.6785,0.0000,-0.0852,296.255,-3.772,-0.429,171.445,0.0674,-0.0142,0.9937,
48.903,ENC,-54.3864,49.0294,-2.6785,-0.0852,0.0852,296.265,-3.772,-0.429,171.445,0.0674,-0.0142,0.9937,
48.909,IMU,-54.3864,49.0294,-2.6785,-0.0852,0.0852,296.265,-3.753,-0.444,171.468,0.0630,-0.0229,0.9775,
48.924,ENC,-54.3847,49.0277,-2.6785,0.0852,-0.0852,296.255,-3.753,-0.444,171.468,0.0630,-0.0229,0.9775,
48.928,IMU,-54.3847,49.0277,-2.6785,0.0852,-0.0852,296.255,-3.730,-0.412,171.501,0.0630,-0.0034,0.9863,
48.942,ENC,-54.3847,49.0277,-2.6785,0.0000,0.0000,296.255,-3.730,-0.412,171.501,0.0630,-0.0034,0.9863,
48.948,IMU,-54.3847,49.0277,-2.6785,0.0000,0.0000,296.255,-3.695,-0.433,171.482,0.0654,-0.0244,0.9971,
48.963,ENC,-54.3847,49.0277,-2.6785,0.0000,0.0000,296.255,-3.695,-0.433,171.482,0.0654,-0.0244,0.9971,
48.968,IMU,-54.3847,49.0277,-2.6785,0.0000,0.0000,296.255,-3.682,-0.419,171.504,0.0674,-0.0166,1.0044,
48.983,ENC,-54.3847,49.0277,-2.6785,0.0000,0.0000,296.255,-3.682,-0.419,171.504,0.0674,-0.0166,1.0044,
48.988,IMU,-54.3847,49.0277,-2.6785,0.0000,0.0000,296.255,-3.647,-0.464,171.475,0.0601,-0.0151,0.9917,
49.003,ENC,-54.3847,49.0277,-2.6785,0.0000,0.0000,296.255,-3.647,-0.464,171.475,0.0601,-0.0151,0.9917,
49.008,IMU,-54.3847,49.0277,-2.6785,0.0000,0.0000,296.255,-3.631,-0.431,171.479,0.0537,-0.0137,1.0029,
49.023,ENC,-54.3847,49.0277,-2.6785,0.0000,0.0000,296.255,-3.631,-0.431,171.479,0.0537,-0.0137,1.0029,
49.027,IMU,-54.3847,49.0277,-2.6785,0.0000,0.0000,296.255,-3.636,-0.468,171.465,0.0615,-0.0176,0.9932,
49.043,ENC,-54.3847,49.0277,-2.6785,0.0000,0.0000,296.255,-3.636,-0.468,171.465,0.0615,-0.0176,0.9932,
49.048,IMU,-54.3847,49.0277,-2.6785,0.0000,0.0000,296.255,-3.642,-0.514,171.444,0.0659,-0.0146,0.9946,
49.063,ENC,-54.3847,49.0277,-2.6785,0.0000,0.0000,296.255,-3.642,-0.514,171.444,0.0659,-0.0146,0.9946,
49.068,IMU,-54.3847,49.0277,-2.6785,0.0000,0.0000,296.255,-3.637,-0.522,171.457,0.0645,-0.0073,0.9932,
49.082,ENC,-54.3847,49.0277,-2.6785,0.0000,0.0000,296.255,-3.637,-0.522,171.457,0.0645,-0.0073,0.9932,
49.089,IMU,-54.3847,49.0277,-2.6785,0.0000,0.0000,296.255,-3.641,-0.505,171.483,0.0625,-0.0063,0.9873,
49.103,ENC,-54.3847,49.0277,-2.6785,0.0000,0.0000,296.255,-3.641,-0.505,171.483,0.0625,-0.0063,0.9873,
49.108,IMU,-54.3847,49.0277,-2.6785,0.0000,0.0000,296.255,-3.662,-0.510,171.473,0.0732,-0.0127,0.9937,
49.123,ENC,-54.3847,49.0277,-2.6785,0.0000,0.0000,296.255,-3.662,-0.510,171.473,0.0732,-0.0127,0.9937,
49.128,IMU,-54.3847,49.0277,-2.6785,0.0000,0.0000,296.255,-3.625,-0.523,171.474,0.0537,-0.0146,1.0117,
49.142,ENC,-54.3847,49.0277,-2.6785,0.0000,0.0000,296.255,-3.625,-0.523,171.474,0.0537,-0.0146,1.0117,
49.148,IMU,-54.3847,49.0277,-2.6785,0.0000,0.0000,296.255,-3.655,-0.506,171.509,0.0601,-0.0083,1.0112,
49.163,ENC,-54.3847,49.0277,-2.6785,0.0000,0.0000,296.255,-3.655,-0.506,171.509,0.0601,-0.0083,1.0112,
49.168,IMU,-54.3847,49.0277,-2.6785,0.0000,0.0000,296.255,-3.634,-0.526,171.540,0.0640,-0.0151,0.9961,
49.183,ENC,-54.3847,49.0277,-2.6785,0.0000,0.0000,296.255,-3.634,-0.526,171.540,0.0640,-0.0151,0.9961,
49.188,IMU,-54.3847,49.0277,-2.6785,0.0000,0.0000,296.255,-3.612,-0.529,171.576,0.0586,-0.0049,1.0020,
49.203,ENC,-54.3847,49.0277,-2.6785,0.0000,0.0000,296.255,-3.612,-0.529,171.576,0.0586,-0.0049,1.0020,
49.208,IMU,-54.3847,49.0277,-2.6785,0.0000,0.0000,296.255,-3.679,-0.544,171.566,0.0586,-0.0112,0.9854,
49.223,ENC,-54.3847,49.0277,-2.6785,0.0000,0.0000,296.255,-3.679,-0.544,171.566,0.0586,-0.0112,0.9854,
49.228,IMU,-54.3847,49.0277,-2.6785,0.0000,0.0000,296.255,-3.672,-0.528,171.637,0.0625,-0.0039,0.9907,
49.243,ENC,-54.3847,49.0277,-2.6785,0.0000,0.0000,296.255,-3.672,-0.528,171.637,0.0625,-0.0039,0.9907,
49.248,IMU,-54.3847,49.0277,-2.6785,0.0000,0.0000,296.255,-3.649,-0.500,171.597,0.0552,-0.0142,0.9883,
49.262,ENC,-54.3847,49.0277,-2.6785,0.0000,0.0000,296.255,-3.649,-0.500,171.597,0.0552,-0.0142,0.9883,
49.268,IMU,-54.3847,49.0277,-2.6785,0.0000,0.0000,296.255,-3.609,-0.569,171.601,0.0645,-0.0254,0.9854,
49.283,ENC,-54.3847,49.0277,-2.6785,0.0000,0.0000,296.255,-3.609,-0.569,171.601,0.0645,-0.0254,0.9854,
49.288,IMU,-54.3847,49.0277,-2.6785,0.0000,0.0000,296.255,-3.612,-0.605,171.587,0.0630,-0.0098,0.9937,
49.303,ENC,-54.3847,49.0277,-2.6785,0.0000,0.0000,296.255,-3.612,-0.605,171.587,0.0630,-0.0098,0.9937,
49.308,IMU,-54.3847,49.0277,-2.6785,0.0000,0.0000,296.255,-3.598,-0.652,171.580,0.0508,-0.0029,0.9990,
49.323,ENC,-54.3847,49.0277,-2.6785,0.0000,0.0000,296.255,-3.598,-0.652,171.580,0.0508,-0.0029,0.9990,
49.328,IMU,-54.3847,49.0277,-2.6785,0.0000,0.0000,296.255,-3.570,-0.643,171.593,0.0708,-0.0049,0.9932,
49.343,ENC,-54.3847,49.0277,-2.6785,0.0000,0.0000,296.255,-3.570,-0.643,171.593,0.0708,-0.0049,0.9932,
49.348,IMU,-54.3847,49.0277,-2.6785,0.0000,0.0000,296.255,-3.529,-0.677,171.606,0.0674,-0.0215,0.9941,
49.363,ENC,-54.3847,49.0277,-2.6785,0.0000,0.0000,296.255,-3.529,-0.677,171.606,0.0674,-0.0215,0.9941,
49.368,IMU,-54.3847,49.0277,-2.6785,0.0000,0.0000,296.255,-3.532,-0.645,171.622,0.0664,-0.0029,0.9961,
49.382,ENC,-54.3847,49.0277,-2.6785,0.0000,0.0000,296.255,-3.532,-0.645,171.622,0.0664,-0.0029,0.9961,
49.388,IMU,-54.3847,49.0277,-2.6785,0.0000,0.0000,296.255,-3.518,-0.664,171.596,0.0532,-0.0068,0.9897,
49.403,ENC,-54.3847,49.0277,-2.6785,0.0000,0.0000,296.255,-3.518,-0.664,171.596,0.0532,-0.0068,0.9897,
49.408,IMU,-54.3847,49.0277,-2.6785,0.0000,0.0000,296.255,-3.504,-0.683,171.582,0.0620,-0.0063,1.0029,
49.423,ENC,-54.3847,49.0277,-2.6785,0.0000,0.0000,296.255,-3.504,-0.683,171.582,0.0620,-0.0063,1.0029,
49.428,IMU,-54.3847,49.0277,-2.6785,0.0000,0.0000,296.255,-3.533,-0.652,171.645,0.0625,-0.0083,0.9966,
49.443,ENC,-54.3847,49.0294,-2.6776,0.0000,0.0852,296.260,-3.533,-0.652,171.645,0.0625,-0.0083,0.9966,
49.448,IMU,-54.3847,49.0294,-2.6776,0.0000,0.0852,296.260,-3.571,-0.653,171.610,0.0547,0.0068,0.9966,
49.463,ENC,-54.3847,49.0277,-2.6785,0.0000,-0.0852,296.255,-3.571,-0.653,171.610,0.0547,0.0068,0.9966,
49.468,IMU,-54.3847,49.0277,-2.6785,0.0000,-0.0852,296.255,-3.582,-0.674,171.579,0.0649,-0.0176,0.9966,
49.483,ENC,-54.3847,49.0294,-2.6776,0.0000,0.0852,296.260,-3.582,-0.674,171.579,0.0649,-0.0176,0.9966,
49.487,IMU,-54.3847,49.0294,-2.6776,0.0000,0.0852,296.260,-3.596,-0.640,171.603,0.0645,-0.0039,0.9902,
49.503,ENC,-54.3847,49.0277,-2.6785,0.0000,-0.0852,296.255,-3.596,-0.640,171.603,0.0645,-0.0039,0.9902,
49.508,IMU,-54.3847,49.0277,-2.6785,0.0000,-0.0852,296.255,-3.611,-0.624,171.598,0.0542,-0.0063,0.9937,
49.525,ENC,-54.3847,49.0277,-2.6785,0.0000,0.0000,296.255,-3.611,-0.624,171.598,0.0542,-0.0063,0.9937,
49.528,IMU,-54.3847,49.0277,-2.6785,0.0000,0.0000,296.255,-3.600,-0.604,171.611,0.0469,-0.0063,0.9897,
49.542,ENC,-54.3847,49.0277,-2.6785,0.0000,0.0000,296.255,-3.600,-0.604,171.611,0.0469,-0.0063,0.9897,
49.548,IMU,-54.3847,49.0277,-2.6785,0.0000,0.0000,296.255,-3.552,-0.651,171.550,0.0605,-0.0107,0.9854,
49.562,ENC,-54.3847,49.0277,-2.6785,0.0000,0.0000,296.255,-3.552,-0.651,171.550,0.0605,-0.0107,0.9854,
49.568,IMU,-54.3847,49.0277,-2.6785,0.0000,0.0000,296.255,-3.570,-0.674,171.564,0.0669,-0.0239,0.9932,
49.583,ENC,-54.3847,49.0277,-2.6785,0.0000,0.0000,296.255,-3.570,-0.674,171.564,0.0669,-0.0239,0.9932,
49.587,IMU,-54.3847,49.0277,-2.6785,0.0000,0.0000,296.255,-3.563,-0.670,171.558,0.0513,-0.0176,0.9927,
49.603,ENC,-54.3847,49.0277,-2.6785,0.0000,0.0000,296.255,-3.563,-0.670,171.558,0.0513,-0.0176,0.9927,
49.608,IMU,-54.3847,49.0277,-2.6785,0.0000,0.0000,296.255,-3.596,-0.686,171.557,0.0620,-0.0049,0.9922,
49.623,ENC,-54.3847,49.0294,-2.6776,0.0000,0.0852,296.260,-3.596,-0.686,171.557,0.0620,-0.0049,0.9922,
49.629,IMU,-54.3847,49.0294,-2.6776,0.0000,0.0852,296.260,-3.648,-0.676,171.579,0.0723,-0.0107,0.9985,
49.650,IMU,-54.3847,49.0294,-2.6776,0.0000,0.0852,296.260,-3.646,-0.675,171.618,0.0591,-0.0044,0.9961,
49.663,ENC,-54.3847,49.0277,-2.6785,0.0000,-0.0426,296.255,-3.646,-0.675,171.618,0.0591,-0.0044,0.9961,
49.668,IMU,-54.3847,49.0277,-2.6785,0.0000,-0.0426,296.255,-3.627,-0.682,171.595,0.0684,-0.0181,0.9907,
49.683,ENC,-54.3847,49.0277,-2.6785,0.0000,0.0000,296.255,-3.627,-0.682,171.595,0.0684,-0.0181,0.9907,
49.688,IMU,-54.3847,49.0277,-2.6785,0.0000,0.0000,296.255,-3.617,-0.674,171.582,0.0669,-0.0234,0.9937,
49.703,ENC,-54.3847,49.0277,-2.6785,0.0000,0.0000,296.255,-3.617,-0.674,171.582,0.0669,-0.0234,0.9937,
49.708,IMU,-54.3847,49.0277,-2.6785,0.0000,0.0000,296.255,-3.655,-0.699,171.598,0.0742,-0.0049,0.9883,
49.723,ENC,-54.3847,49.0277,-2.6785,0.0000,0.0000,296.255,-3.655,-0.699,171.598,0.0742,-0.0049,0.9883,
49.733,IMU,-54.3847,49.0277,-2.6785,0.0000,0.0000,296.255,-3.637,-0.693,171.610,0.0630,-0.0034,1.0020,
49.743,ENC,-54.3847,49.0277,-2.6785,0.0000,0.0000,296.255,-3.637,-0.693,171.610,0.0630,-0.0034,1.0020,
49.747,IMU,-54.3847,49.0277,-2.6785,0.0000,0.0000,296.255,-3.624,-0.670,171.603,0.0596,-0.0156,1.0029,
49.762,ENC,-54.3847,49.0277,-2.6785,0.0000,0.0000,296.255,-3.624,-0.670,171.603,0.0596,-0.0156,1.0029,
49.769,IMU,-54.3847,49.0277,-2.6785,0.0000,0.0000,296.255,-3.607,-0.687,171.562,0.0586,-0.0132,0.9873,
49.783,ENC,-54.3847,49.0277,-2.6785,0.0000,0.0000,296.255,-3.607,-0.687,171.562,0.0586,-0.0132,0.9873,
49.788,IMU,-54.3847,49.0277,-2.6785,0.0000,0.0000,296.255,-3.663,-0.729,171.573,0.0708,-0.0015,0.9873,
49.803,ENC,-54.3847,49.0277,-2.6785,0.0000,0.0000,296.255,-3.663,-0.729,171.573,0.0708,-0.0015,0.9873,
49.808,IMU,-54.3847,49.0277,-2.6785,0.0000,0.0000,296.255,-3.676,-0.733,171.550,0.0576,-0.0059,0.9932,
49.823,ENC,-54.3847,49.0277,-2.6785,0.0000,0.0000,296.255,-3.676,-0.733,171.550,0.0576,-0.0059,0.9932,
49.828,IMU,-54.3847,49.0277,-2.6785,0.0000,0.0000,296.255,-3.707,-0.726,171.547,0.0630,-0.0068,0.9883,
49.843,ENC,-54.3847,49.0277,-2.6785,0.0000,0.0000,296.255,-3.707,-0.726,171.547,0.0630,-0.0068,0.9883,
49.848,IMU,-54.3847,49.0277,-2.6785,0.0000,0.0000,296.255,-3.746,-0.717,171.547,0.0630,-0.0063,0.9819,
49.863,ENC,-54.3847,49.0294,-2.6776,0.0000,0.0852,296.260,-3.746,-0.717,171.547,0.0630,-0.0063,0.9819,
49.868,IMU,-54.3847,49.0294,-2.6776,0.0000,0.0852,296.260,-3.741,-0.732,171.541,0.0557,-0.0225,0.9956,
49.882,ENC,-54.3847,49.0277,-2.6785,0.0000,-0.0852,296.255,-3.741,-0.732,171.541,0.0557,-0.0225,0.9956,
49.888,IMU,-54.3847,49.0277,-2.6785,0.0000,-0.0852,296.255,-3.783,-0.740,171.566,0.0640,-0.0137,0.9956,
49.903,ENC,-54.3847,49.0277,-2.6785,0.0000,0.0000,296.255,-3.783,-0.740,171.566,0.0640,-0.0137,0.9956,
49.908,IMU,-54.3847,49.0277,-2.6785,0.0000,0.0000,296.255,-3.815,-0.766,171.553,0.0615,-0.0088,0.9922,
49.923,ENC,-54.3847,49.0277,-2.6785,0.0000,0.0000,296.255,-3.815,-0.766,171.553,0.0615,-0.0088,0.9922,
49.928,IMU,-54.3847,49.0277,-2.6785,0.0000,0.0000,296.255,-3.813,-0.788,171.524,0.0684,-0.0142,0.9946,
49.943,ENC,-54.3847,49.0277,-2.6785,0.0000,0.0000,296.255,-3.813,-0.788,171.524,0.0684,-0.0142,0.9946,
49.948,IMU,-54.3847,49.0277,-2.6785,0.0000,0.0000,296.255,-3.814,-0.745,171.520,0.0527,-0.0010,0.9888,
49.953,PHOTO,-54.3847,49.0277,-2.6785,0.0000,0.0000,296.255,-3.814,-0.745,171.520,0.0527,-0.0010,0.9888,photo_003.jpg
49.964,ENC,-54.3847,49.0277,-2.6785,0.0000,0.0000,296.255,-3.814,-0.745,171.520,0.0527,-0.0010,0.9888,
49.968,IMU,-54.3847,49.0277,-2.6785,0.0000,0.0000,296.255,-3.789,-0.776,171.557,0.0620,-0.0117,0.9829,
49.982,ENC,-54.3847,49.0277,-2.6785,0.0000,0.0000,296.255,-3.789,-0.776,171.557,0.0620,-0.0117,0.9829,
49.988,IMU,-54.3847,49.0277,-2.6785,0.0000,0.0000,296.255,-3.776,-0.782,171.541,0.0542,-0.0171,1.0068,
50.002,ENC,-54.3847,49.0277,-2.6785,0.0000,0.0000,296.255,-3.776,-0.782,171.541,0.0542,-0.0171,1.0068,
50.008,IMU,-54.3847,49.0277,-2.6785,0.0000,0.0000,296.255,-3.799,-0.805,171.555,0.0635,-0.0029,0.9995,
50.023,ENC,-54.3864,49.0277,-2.6794,-0.0852,0.0000,296.260,-3.799,-0.805,171.555,0.0635,-0.0029,0.9995,
50.028,IMU,-54.3864,49.0277,-2.6794,-0.0852,0.0000,296.260,-3.814,-0.786,171.536,0.0713,0.0088,1.0015,
50.043,ENC,-54.3847,49.0277,-2.6785,0.0852,0.0000,296.255,-3.814,-0.786,171.536,0.0713,0.0088,1.0015,
50.048,IMU,-54.3847,49.0277,-2.6785,0.0852,0.0000,296.255,-3.798,-0.754,171.520,0.0596,-0.0044,0.9922,
50.062,ENC,-54.3847,49.0277,-2.6785,0.0000,0.0000,296.255,-3.798,-0.754,171.520,0.0596,-0.0044,0.9922,
50.069,IMU,-54.3847,49.0277,-2.6785,0.0000,0.0000,296.255,-3.798,-0.755,171.585,0.0571,-0.0151,1.0103,
50.083,ENC,-54.3847,49.0277,-2.6785,0.0000,0.0000,296.255,-3.798,-0.755,171.585,0.0571,-0.0151,1.0103,
50.088,IMU,-54.3847,49.0277,-2.6785,0.0000,0.0000,296.255,-3.793,-0.717,171.580,0.0562,-0.0112,0.9912,
50.103,ENC,-54.3847,49.0277,-2.6785,0.0000,0.0000,296.255,-3.793,-0.717,171.580,0.0562,-0.0112,0.9912,
50.108,IMU,-54.3847,49.0277,-2.6785,0.0000,0.0000,296.255,-3.816,-0.731,171.575,0.0591,-0.0054,1.0020,
50.123,ENC,-54.3847,49.0277,-2.6785,0.0000,0.0000,296.255,-3.816,-0.731,171.575,0.0591,-0.0054,1.0020,
50.128,IMU,-54.3847,49.0277,-2.6785,0.0000,0.0000,296.255,-3.824,-0.693,171.583,0.0669,-0.0122,1.0015,
50.142,ENC,-54.3847,49.0277,-2.6785,0.0000,0.0000,296.255,-3.824,-0.693,171.583,0.0669,-0.0122,1.0015,
50.148,IMU,-54.3847,49.0277,-2.6785,0.0000,0.0000,296.255,-3.811,-0.715,171.580,0.0776,-0.0161,1.0029,
50.163,ENC,-54.3847,49.0277,-2.6785,0.0000,0.0000,296.255,-3.811,-0.715,171.580,0.0776,-0.0161,1.0029,
50.168,IMU,-54.3847,49.0277,-2.6785,0.0000,0.0000,296.255,-3.836,-0.709,171.565,0.0532,-0.0059,0.9927,
50.182,ENC,-54.3847,49.0277,-2.6785,0.0000,0.0000,296.255,-3.836,-0.709,171.565,0.0532,-0.0059,0.9927,
50.187,IMU,-54.3847,49.0277,-2.6785,0.0000,0.0000,296.255,-3.836,-0.720,171.513,0.0640,-0.0034,1.0005,
50.208,IMU,-54.3847,49.0277,-2.6785,0.0000,0.0000,296.255,-3.864,-0.692,171.536,0.0615,-0.0020,0.9937,
50.223,ENC,-54.3847,49.0277,-2.6785,0.0000,0.0000,296.255,-3.864,-0.692,171.536,0.0615,-0.0020,0.9937,
50.229,IMU,-54.3847,49.0277,-2.6785,0.0000,0.0000,296.255,-3.774,-0.743,171.542,0.0596,-0.0112,0.9922,
50.243,ENC,-54.3847,49.0277,-2.6785,0.0000,0.0000,296.255,-3.774,-0.743,171.542,0.0596,-0.0112,0.9922,
50.248,IMU,-54.3847,49.0277,-2.6785,0.0000,0.0000,296.255,-3.743,-0.750,171.538,0.0649,0.0015,0.9985,
50.263,ENC,-54.3847,49.0277,-2.6785,0.0000,0.0000,296.255,-3.743,-0.750,171.538,0.0649,0.0015,0.9985,
50.267,IMU,-54.3847,49.0277,-2.6785,0.0000,0.0000,296.255,-3.735,-0.739,171.552,0.0723,-0.0010,0.9971,
50.283,ENC,-54.3847,49.0277,-2.6785,0.0000,0.0000,296.255,-3.735,-0.739,171.552,0.0723,-0.0010,0.9971,
50.288,IMU,-54.3847,49.0277,-2.6785,0.0000,0.0000,296.255,-3.735,-0.733,171.522,0.0620,-0.0146,0.9961,
50.303,ENC,-54.3847,49.0277,-2.6785,0.0000,0.0000,296.255,-3.735,-0.733,171.522,0.0620,-0.0146,0.9961,
50.307,IMU,-54.3847,49.0277,-2.6785,0.0000,0.0000,296.255,-3.753,-0.749,171.521,0.0693,-0.0098,0.9951,
50.322,ENC,-54.3847,49.0277,-2.6785,0.0000,0.0000,296.255,-3.753,-0.749,171.521,0.0693,-0.0098,0.9951,
50.327,IMU,-54.3847,49.0277,-2.6785,0.0000,0.0000,296.255,-3.725,-0.750,171.527,0.0527,-0.0205,0.9966,
50.345,ENC,-54.3847,49.0277,-2.6785,0.0000,0.0000,296.255,-3.725,-0.750,171.527,0.0527,-0.0205,0.9966,
50.348,IMU,-54.3847,49.0277,-2.6785,0.0000,0.0000,296.255,-3.718,-0.718,171.542,0.0474,-0.0083,0.9927,
50.362,ENC,-54.3847,49.0277,-2.6785,0.0000,0.0000,296.255,-3.718,-0.718,171.542,0.0474,-0.0083,0.9927,
50.368,IMU,-54.3847,49.0277,-2.6785,0.0000,0.0000,296.255,-3.732,-0.720,171.549,0.0786,-0.0098,0.9995,
50.382,ENC,-54.3847,49.0277,-2.6785,0.0000,0.0000,296.255,-3.732,-0.720,171.549,0.0786,-0.0098,0.9995,
50.388,IMU,-54.3847,49.0277,-2.6785,0.0000,0.0000,296.255,-3.732,-0.708,171.564,0.0615,-0.0181,1.0010,
50.403,ENC,-54.3847,49.0277,-2.6785,0.0000,0.0000,296.255,-3.732,-0.708,171.564,0.0615,-0.0181,1.0010,
50.407,IMU,-54.3847,49.0277,-2.6785,0.0000,0.0000,296.255,-3.719,-0.730,171.553,0.0693,-0.0176,0.9922,
50.423,ENC,-54.3847,49.0277,-2.6785,0.0000,0.0000,296.255,-3.719,-0.730,171.553,0.0693,-0.0176,0.9922,
50.428,IMU,-54.3847,49.0277,-2.6785,0.0000,0.0000,296.255,-3.725,-0.750,171.549,0.0640,-0.0073,0.9883,
50.443,ENC,-54.3847,49.0277,-2.6785,0.0000,0.0000,296.255,-3.725,-0.750,171.549,0.0640,-0.0073,0.9883,
50.449,IMU,-54.3847,49.0277,-2.6785,0.0000,0.0000,296.255,-3.719,-0.730,171.537,0.0488,-0.0068,1.0068,
50.463,ENC,-54.3847,49.0277,-2.6785,0.0000,0.0000,296.255,-3.719,-0.730,171.537,0.0488,-0.0068,1.0068,
50.467,IMU,-54.3847,49.0277,-2.6785,0.0000,0.0000,296.255,-3.728,-0.669,171.556,0.0493,-0.0024,1.0063,
50.484,ENC,-54.3847,49.0277,-2.6785,0.0000,0.0000,296.255,-3.728,-0.669,171.556,0.0493,-0.0024,1.0063,
50.488,IMU,-54.3847,49.0277,-2.6785,0.0000,0.0000,296.255,-3.720,-0.697,171.559,0.0542,-0.0210,0.9951,
50.503,ENC,-54.3847,49.0277,-2.6785,0.0000,0.0000,296.255,-3.720,-0.697,171.559,0.0542,-0.0210,0.9951,
50.508,IMU,-54.3847,49.0277,-2.6785,0.0000,0.0000,296.255,-3.658,-0.696,171.545,0.0469,-0.0073,0.9941,
50.523,ENC,-54.3847,49.0277,-2.6785,0.0000,0.0000,296.255,-3.658,-0.696,171.545,0.0469,-0.0073,0.9941,
50.528,IMU,-54.3847,49.0277,-2.6785,0.0000,0.0000,296.255,-3.631,-0.740,171.539,0.0566,-0.0249,0.9951,
50.543,ENC,-54.3847,49.0277,-2.6785,0.0000,0.0000,296.255,-3.631,-0.740,171.539,0.0566,-0.0249,0.9951,
50.550,IMU,-54.3847,49.0277,-2.6785,0.0000,0.0000,296.255,-3.635,-0.728,171.546,0.0688,-0.0151,0.9907,
50.563,ENC,-54.3847,49.0277,-2.6785,0.0000,0.0000,296.255,-3.635,-0.728,171.546,0.0688,-0.0151,0.9907,
50.567,IMU,-54.3847,49.0277,-2.6785,0.0000,0.0000,296.255,-3.619,-0.763,171.555,0.0601,-0.0034,0.9937,
50.583,ENC,-54.3847,49.0277,-2.6785,0.0000,0.0000,296.255,-3.619,-0.763,171.555,0.0601,-0.0034,0.9937,
50.588,IMU,-54.3847,49.0277,-2.6785,0.0000,0.0000,296.255,-3.637,-0.774,171.552,0.0591,-0.0127,0.9878,
50.603,ENC,-54.3847,49.0277,-2.6785,0.0000,0.0000,296.255,-3.637,-0.774,171.552,0.0591,-0.0127,0.9878,
50.608,IMU,-54.3847,49.0277,-2.6785,0.0000,0.0000,296.255,-3.639,-0.716,171.555,0.0649,-0.0073,0.9849,
50.623,ENC,-54.3847,49.0277,-2.6785,0.0000,0.0000,296.255,-3.639,-0.716,171.555,0.0649,-0.0073,0.9849,
50.627,IMU,-54.3847,49.0277,-2.6785,0.0000,0.0000,296.255,-3.641,-0.723,171.555,0.0674,-0.0034,0.9995,
50.643,ENC,-54.3847,49.0294,-2.6776,0.0000,0.0852,296.260,-3.641,-0.723,171.555,0.0674,-0.0034,0.9995,
50.648,IMU,-54.3847,49.0294,-2.6776,0.0000,0.0852,296.260,-3.620,-0.694,171.557,0.0591,-0.0103,0.9932,
50.663,ENC,-54.3847,49.0277,-2.6785,0.0000,-0.0852,296.255,-3.620,-0.694,171.557,0.0591,-0.0103,0.9932,
50.668,IMU,-54.3847,49.0277,-2.6785,0.0000,-0.0852,296.255,-3.597,-0.701,171.542,0.0513,-0.0117,0.9819,
50.683,ENC,-54.3847,49.0277,-2.6785,0.0000,0.0000,296.255,-3.597,-0.701,171.542,0.0513,-0.0117,0.9819,
50.688,IMU,-54.3847,49.0277,-2.6785,0.0000,0.0000,296.255,-3.659,-0.693,171.526,0.0640,-0.0146,0.9941,
50.706,ENC,-54.3847,49.0277,-2.6785,0.0000,0.0000,296.255,-3.659,-0.693,171.526,0.0640,-0.0146,0.9941,
50.710,IMU,-54.3847,49.0277,-2.6785,0.0000,0.0000,296.255,-3.639,-0.696,171.545,0.0708,-0.0073,0.9922,
50.723,ENC,-54.3847,49.0277,-2.6785,0.0000,0.0000,296.255,-3.639,-0.696,171.545,0.0708,-0.0073,0.9922,
50.727,IMU,-54.3847,49.0277,-2.6785,0.0000,0.0000,296.255,-3.668,-0.672,171.549,0.0630,-0.0068,0.9946,
50.743,ENC,-54.3847,49.0277,-2.6785,0.0000,0.0000,296.255,-3.668,-0.672,171.549,0.0630,-0.0068,0.9946,
50.748,IMU,-54.3847,49.0277,-2.6785,0.0000,0.0000,296.255,-3.629,-0.707,171.525,0.0425,-0.0103,0.9878,
50.762,ENC,-54.3847,49.0277,-2.6785,0.0000,0.0000,296.255,-3.629,-0.707,171.525,0.0425,-0.0103,0.9878,
50.768,IMU,-54.3847,49.0277,-2.6785,0.0000,0.0000,296.255,-3.599,-0.699,171.498,0.0527,-0.0083,1.0020,
50.783,ENC,-54.3847,49.0277,-2.6785,0.0000,0.0000,296.255,-3.599,-0.699,171.498,0.0527,-0.0083,1.0020,
50.788,IMU,-54.3847,49.0277,-2.6785,0.0000,0.0000,296.255,-3.560,-0.701,171.483,0.0562,-0.0117,0.9956,
50.803,ENC,-54.3847,49.0277,-2.6785,0.0000,0.0000,296.255,-3.560,-0.701,171.483,0.0562,-0.0117,0.9956,
50.808,IMU,-54.3847,49.0277,-2.6785,0.0000,0.0000,296.255,-3.554,-0.688,171.506,0.0679,-0.0107,0.9844,
50.823,ENC,-54.3864,49.0277,-2.6794,-0.0852,0.0000,296.260,-3.554,-0.688,171.506,0.0679,-0.0107,0.9844,
50.827,IMU,-54.3864,49.0277,-2.6794,-0.0852,0.0000,296.260,-3.594,-0.660,171.507,0.0679,-0.0034,0.9971,
50.843,ENC,-54.3847,49.0277,-2.6785,0.0852,0.0000,296.255,-3.594,-0.660,171.507,0.0679,-0.0034,0.9971,
50.851,IMU,-54.3847,49.0277,-2.6785,0.0852,0.0000,296.255,-3.575,-0.675,171.477,0.0645,-0.0117,1.0088,
50.863,ENC,-54.3847,49.0277,-2.6785,0.0000,0.0000,296.255,-3.575,-0.675,171.477,0.0645,-0.0117,1.0088,
50.868,IMU,-54.3847,49.0277,-2.6785,0.0000,0.0000,296.255,-3.543,-0.640,171.452,0.0640,-0.0078,0.9912,
50.883,ENC,-54.3847,49.0277,-2.6785,0.0000,0.0000,296.255,-3.543,-0.640,171.452,0.0640,-0.0078,0.9912,
50.888,IMU,-54.3847,49.0277,-2.6785,0.0000,0.0000,296.255,-3.552,-0.641,171.401,0.0542,-0.0200,1.0024,
50.902,ENC,-54.3847,49.0277,-2.6785,0.0000,0.0000,296.255,-3.552,-0.641,171.401,0.0542,-0.0200,1.0024,
50.909,IMU,-54.3847,49.0277,-2.6785,0.0000,0.0000,296.255,-3.563,-0.651,171.449,0.0635,-0.0093,0.9922,
50.923,ENC,-54.3847,49.0277,-2.6785,0.0000,0.0000,296.255,-3.563,-0.651,171.449,0.0635,-0.0093,0.9922,
50.928,IMU,-54.3847,49.0277,-2.6785,0.0000,0.0000,296.255,-3.562,-0.683,171.391,0.0513,-0.0117,0.9976,
50.943,ENC,-54.3847,49.0277,-2.6785,0.0000,0.0000,296.255,-3.562,-0.683,171.391,0.0513,-0.0117,0.9976,
50.948,IMU,-54.3847,49.0277,-2.6785,0.0000,0.0000,296.255,-3.563,-0.706,171.412,0.0649,-0.0146,1.0020,
50.962,ENC,-54.3847,49.0277,-2.6785,0.0000,0.0000,296.255,-3.563,-0.706,171.412,0.0649,-0.0146,1.0020,
50.968,IMU,-54.3847,49.0277,-2.6785,0.0000,0.0000,296.255,-3.579,-0.689,171.436,0.0571,-0.0117,0.9917,
50.983,ENC,-54.3847,49.0277,-2.6785,0.0000,0.0000,296.255,-3.579,-0.689,171.436,0.0571,-0.0117,0.9917,
50.989,IMU,-54.3847,49.0277,-2.6785,0.0000,0.0000,296.255,-3.611,-0.699,171.416,0.0601,-0.0117,0.9966,
51.003,ENC,-54.3847,49.0277,-2.6785,0.0000,0.0000,296.255,-3.611,-0.699,171.416,0.0601,-0.0117,0.9966,
51.008,IMU,-54.3847,49.0277,-2.6785,0.0000,0.0000,296.255,-3.639,-0.661,171.466,0.0659,0.0010,0.9980,
51.023,ENC,-54.3847,49.0277,-2.6785,0.0000,0.0000,296.255,-3.639,-0.661,171.466,0.0659,0.0010,0.9980,
51.028,IMU,-54.3847,49.0277,-2.6785,0.0000,0.0000,296.255,-3.648,-0.703,171.464,0.0620,-0.0220,0.9834,
51.043,ENC,-54.3847,49.0277,-2.6785,0.0000,0.0000,296.255,-3.648,-0.703,171.464,0.0620,-0.0220,0.9834,
51.048,IMU,-54.3847,49.0277,-2.6785,0.0000,0.0000,296.255,-3.649,-0.675,171.404,0.0620,-0.0049,0.9980,
51.063,ENC,-54.3847,49.0277,-2.6785,0.0000,0.0000,296.255,-3.649,-0.675,171.404,0.0620,-0.0049,0.9980,
51.068,IMU,-54.3847,49.0277,-2.6785,0.0000,0.0000,296.255,-3.634,-0.649,171.401,0.0532,-0.0107,0.9971,
51.082,ENC,-54.3847,49.0277,-2.6785,0.0000,0.0000,296.255,-3.634,-0.649,171.401,0.0532,-0.0107,0.9971,
51.088,IMU,-54.3847,49.0277,-2.6785,0.0000,0.0000,296.255,-3.600,-0.667,171.401,0.0542,-0.0176,1.0034,
51.103,ENC,-54.3847,49.0277,-2.6785,0.0000,0.0000,296.255,-3.600,-0.667,171.401,0.0542,-0.0176,1.0034,
51.108,IMU,-54.3847,49.0277,-2.6785,0.0000,0.0000,296.255,-3.592,-0.661,171.377,0.0654,-0.0063,1.0000,
51.123,ENC,-54.3847,49.0277,-2.6785,0.0000,0.0000,296.255,-3.592,-0.661,171.377,0.0654,-0.0063,1.0000,
51.128,IMU,-54.3847,49.0277,-2.6785,0.0000,0.0000,296.255,-3.545,-0.678,171.417,0.0640,-0.0063,0.9878,
51.143,ENC,-54.3847,49.0277,-2.6785,0.0000,0.0000,296.255,-3.545,-0.678,171.417,0.0640,-0.0063,0.9878,
51.148,IMU,-54.3847,49.0277,-2.6785,0.0000,0.0000,296.255,-3.516,-0.687,171.397,0.0503,-0.0117,1.0010,
51.164,ENC,-54.3847,49.0277,-2.6785,0.0000,0.0000,296.255,-3.516,-0.687,171.397,0.0503,-0.0117,1.0010,
51.168,IMU,-54.3847,49.0277,-2.6785,0.0000,0.0000,296.255,-3.505,-0.742,171.385,0.0659,-0.0156,0.9912,
51.183,ENC,-54.3847,49.0277,-2.6785,0.0000,0.0000,296.255,-3.505,-0.742,171.385,0.0659,-0.0156,0.9912,
51.188,IMU,-54.3847,49.0277,-2.6785,0.0000,0.0000,296.255,-3.484,-0.788,171.339,0.0591,-0.0161,0.9922,
51.203,ENC,-54.3847,49.0277,-2.6785,0.0000,0.0000,296.255,-3.484,-0.788,171.339,0.0591,-0.0161,0.9922,
51.208,IMU,-54.3847,49.0277,-2.6785,0.0000,0.0000,296.255,-3.489,-0.752,171.330,0.0557,-0.0098,0.9971,
51.223,ENC,-54.3847,49.0277,-2.6785,0.0000,0.0000,296.255,-3.489,-0.752,171.330,0.0557,-0.0098,0.9971,
51.229,IMU,-54.3847,49.0277,-2.6785,0.0000,0.0000,296.255,-3.501,-0.726,171.294,0.0562,-0.0088,0.9956,
51.243,ENC,-54.3847,49.0277,-2.6785,0.0000,0.0000,296.255,-3.501,-0.726,171.294,0.0562,-0.0088,0.9956,
51.248,IMU,-54.3847,49.0277,-2.6785,0.0000,0.0000,296.255,-3.501,-0.707,171.249,0.0591,-0.0088,0.9976,
51.266,ENC,-54.3847,49.0277,-2.6785,0.0000,0.0000,296.255,-3.501,-0.707,171.249,0.0591,-0.0088,0.9976,
51.269,IMU,-54.3847,49.0277,-2.6785,0.0000,0.0000,296.255,-3.510,-0.728,171.230,0.0542,-0.0239,1.0078,
51.283,ENC,-54.3847,49.0277,-2.6785,0.0000,0.0000,296.255,-3.510,-0.728,171.230,0.0542,-0.0239,1.0078,
51.290,IMU,-54.3847,49.0277,-2.6785,0.0000,0.0000,296.255,-3.498,-0.712,171.244,0.0635,-0.0132,0.9990,
51.303,ENC,-54.3847,49.0277,-2.6785,0.0000,0.0000,296.255,-3.498,-0.712,171.244,0.0635,-0.0132,0.9990,
51.308,IMU,-54.3847,49.0277,-2.6785,0.0000,0.0000,296.255,-3.503,-0.687,171.215,0.0610,-0.0161,0.9966,
51.323,ENC,-54.3847,49.0277,-2.6785,0.0000,0.0000,296.255,-3.503,-0.687,171.215,0.0610,-0.0161,0.9966,
51.328,IMU,-54.3847,49.0277,-2.6785,0.0000,0.0000,296.255,-3.497,-0.695,171.183,0.0640,-0.0088,0.9946,
51.343,ENC,-54.3847,49.0277,-2.6785,0.0000,0.0000,296.255,-3.497,-0.695,171.183,0.0640,-0.0088,0.9946,
51.347,IMU,-54.3847,49.0277,-2.6785,0.0000,0.0000,296.255,-3.491,-0.684,171.172,0.0586,-0.0054,0.9956,
51.363,ENC,-54.3847,49.0277,-2.6785,0.0000,0.0000,296.255,-3.491,-0.684,171.172,0.0586,-0.0054,0.9956,
51.369,IMU,-54.3847,49.0277,-2.6785,0.0000,0.0000,296.255,-3.505,-0.689,171.203,0.0767,-0.0103,0.9985,
51.382,ENC,-54.3847,49.0277,-2.6785,0.0000,0.0000,296.255,-3.505,-0.689,171.203,0.0767,-0.0103,0.9985,
51.391,IMU,-54.3847,49.0277,-2.6785,0.0000,0.0000,296.255,-3.511,-0.732,171.252,0.0620,-0.0127,0.9985,
51.403,ENC,-54.3847,49.0277,-2.6785,0.0000,0.0000,296.255,-3.511,-0.732,171.252,0.0620,-0.0127,0.9985,
51.408,IMU,-54.3847,49.0277,-2.6785,0.0000,0.0000,296.255,-3.544,-0.759,171.261,0.0601,-0.0195,0.9927,
51.423,ENC,-54.3847,49.0277,-2.6785,0.0000,0.0000,296.255,-3.544,-0.759,171.261,0.0601,-0.0195,0.9927,
51.428,IMU,-54.3847,49.0277,-2.6785,0.0000,0.0000,296.255,-3.556,-0.767,171.255,0.0635,-0.0117,0.9995,
51.443,ENC,-54.3847,49.0277,-2.6785,0.0000,0.0000,296.255,-3.556,-0.767,171.255,0.0635,-0.0117,0.9995,
51.448,IMU,-54.3847,49.0277,-2.6785,0.0000,0.0000,296.255,-3.544,-0.769,171.254,0.0576,-0.0210,0.9995,
51.463,ENC,-54.3847,49.0277,-2.6785,0.0000,0.0000,296.255,-3.544,-0.769,171.254,0.0576,-0.0210,0.9995,
51.468,IMU,-54.3847,49.0277,-2.6785,0.0000,0.0000,296.255,-3.574,-0.798,171.275,0.0645,-0.0122,0.9980,
51.483,ENC,-54.3847,49.0277,-2.6785,0.0000,0.0000,296.255,-3.574,-0.798,171.275,0.0645,-0.0122,0.9980,
51.489,IMU,-54.3847,49.0277,-2.6785,0.0000,0.0000,296.255,-3.594,-0.798,171.272,0.0693,-0.0063,0.9966,
51.502,ENC,-54.3847,49.0277,-2.6785,0.0000,0.0000,296.255,-3.594,-0.798,171.272,0.0693,-0.0063,0.9966,
51.507,IMU,-54.3847,49.0277,-2.6785,0.0000,0.0000,296.255,-3.572,-0.807,171.265,0.0591,-0.0078,0.9946,
51.523,ENC,-54.3847,49.0277,-2.6785,0.0000,0.0000,296.255,-3.572,-0.807,171.265,0.0591,-0.0078,0.9946,
51.528,IMU,-54.3847,49.0277,-2.6785,0.0000,0.0000,296.255,-3.534,-0.831,171.215,0.0620,-0.0034,0.9814,
51.545,ENC,-54.3847,49.0277,-2.6785,0.0000,0.0000,296.255,-3.534,-0.831,171.215,0.0620,-0.0034,0.9814,
51.550,IMU,-54.3847,49.0277,-2.6785,0.0000,0.0000,296.255,-3.522,-0.825,171.201,0.0635,-0.0054,0.9980,
51.562,ENC,-54.3847,49.0277,-2.6785,0.0000,0.0000,296.255,-3.522,-0.825,171.201,0.0635,-0.0054,0.9980,
51.568,IMU,-54.3847,49.0277,-2.6785,0.0000,0.0000,296.255,-3.550,-0.819,171.193,0.0620,-0.0103,1.0000,
51.583,ENC,-54.3847,49.0277,-2.6785,0.0000,0.0000,296.255,-3.550,-0.819,171.193,0.0620,-0.0103,1.0000,
51.588,IMU,-54.3847,49.0277,-2.6785,0.0000,0.0000,296.255,-3.597,-0.831,171.189,0.0537,-0.0259,0.9966,
51.604,ENC,-54.3847,49.0277,-2.6785,0.0000,0.0000,296.255,-3.597,-0.831,171.189,0.0537,-0.0259,0.9966,
51.608,IMU,-54.3847,49.0277,-2.6785,0.0000,0.0000,296.255,-3.564,-0.811,171.143,0.0601,-0.0156,0.9849,
51.623,ENC,-54.3847,49.0277,-2.6785,0.0000,0.0000,296.255,-3.564,-0.811,171.143,0.0601,-0.0156,0.9849,
51.627,IMU,-54.3847,49.0277,-2.6785,0.0000,0.0000,296.255,-3.497,-0.774,171.147,0.0552,-0.0127,0.9946,
51.643,ENC,-54.3847,49.0277,-2.6785,0.0000,0.0000,296.255,-3.497,-0.774,171.147,0.0552,-0.0127,0.9946,
51.648,IMU,-54.3847,49.0277,-2.6785,0.0000,0.0000,296.255,-3.494,-0.730,171.193,0.0503,-0.0049,0.9883,
51.663,ENC,-54.3847,49.0277,-2.6785,0.0000,0.0000,296.255,-3.494,-0.730,171.193,0.0503,-0.0049,0.9883,
51.667,IMU,-54.3847,49.0277,-2.6785,0.0000,0.0000,296.255,-3.543,-0.725,171.195,0.0752,-0.0117,0.9966,
51.683,ENC,-54.3847,49.0277,-2.6785,0.0000,0.0000,296.255,-3.543,-0.725,171.195,0.0752,-0.0117,0.9966,
51.688,IMU,-54.3847,49.0277,-2.6785,0.0000,0.0000,296.255,-3.506,-0.773,171.221,0.0557,-0.0059,0.9951,
51.703,ENC,-54.3847,49.0277,-2.6785,0.0000,0.0000,296.255,-3.506,-0.773,171.221,0.0557,-0.0059,0.9951,
51.707,IMU,-54.3847,49.0277,-2.6785,0.0000,0.0000,296.255,-3.489,-0.742,171.232,0.0552,0.0029,0.9956,
51.724,ENC,-54.3847,49.0277,-2.6785,0.0000,0.0000,296.255,-3.489,-0.742,171.232,0.0552,0.0029,0.9956,
51.727,IMU,-54.3847,49.0277,-2.6785,0.0000,0.0000,296.255,-3.491,-0.745,171.300,0.0649,-0.0161,1.0005,
51.742,ENC,-54.3847,49.0277,-2.6785,0.0000,0.0000,296.255,-3.491,-0.745,171.300,0.0649,-0.0161,1.0005,
51.748,IMU,-54.3847,49.0277,-2.6785,0.0000,0.0000,296.255,-3.468,-0.740,171.249,0.0625,-0.0093,0.9956,
51.763,ENC,-54.3847,49.0277,-2.6785,0.0000,0.0000,296.255,-3.468,-0.740,171.249,0.0625,-0.0093,0.9956,
51.768,IMU,-54.3847,49.0277,-2.6785,0.0000,0.0000,296.255,-3.463,-0.707,171.241,0.0527,-0.0039,0.9971,
51.782,ENC,-54.3847,49.0277,-2.6785,0.0000,0.0000,296.255,-3.463,-0.707,171.241,0.0527,-0.0039,0.9971,
51.788,IMU,-54.3847,49.0277,-2.6785,0.0000,0.0000,296.255,-3.454,-0.713,171.217,0.0508,-0.0078,0.9907,
51.803,ENC,-54.3847,49.0277,-2.6785,0.0000,0.0000,296.255,-3.454,-0.713,171.217,0.0508,-0.0078,0.9907,
51.823,ENC,-54.3847,49.0277,-2.6785,0.0000,0.0000,296.255,-3.454,-0.713,171.217,0.0508,-0.0078,0.9907,
51.827,IMU,-54.3847,49.0277,-2.6785,0.0000,0.0000,296.255,-3.451,-0.686,171.219,0.0635,-0.0112,0.9961,
51.843,ENC,-54.3847,49.0277,-2.6785,0.0000,0.0000,296.255,-3.451,-0.686,171.219,0.0635,-0.0112,0.9961,
51.848,IMU,-54.3847,49.0277,-2.6785,0.0000,0.0000,296.255,-3.452,-0.638,171.200,0.0703,0.0000,1.0015,
51.863,ENC,-54.3847,49.0277,-2.6785,0.0000,0.0000,296.255,-3.452,-0.638,171.200,0.0703,0.0000,1.0015,
51.868,IMU,-54.3847,49.0277,-2.6785,0.0000,0.0000,296.255,-3.486,-0.645,171.161,0.0586,-0.0117,0.9941,
51.884,ENC,-54.3847,49.0277,-2.6785,0.0000,0.0000,296.255,-3.486,-0.645,171.161,0.0586,-0.0117,0.9941,
51.888,IMU,-54.3847,49.0277,-2.6785,0.0000,0.0000,296.255,-3.469,-0.625,171.152,0.0635,-0.0020,0.9922,
51.902,ENC,-54.3847,49.0277,-2.6785,0.0000,0.0000,296.255,-3.469,-0.625,171.152,0.0635,-0.0020,0.9922,
51.910,IMU,-54.3847,49.0277,-2.6785,0.0000,0.0000,296.255,-3.478,-0.656,171.144,0.0630,-0.0127,0.9971,
51.923,ENC,-54.3847,49.0277,-2.6785,0.0000,0.0000,296.255,-3.478,-0.656,171.144,0.0630,-0.0127,0.9971,
51.931,IMU,-54.3847,49.0277,-2.6785,0.0000,0.0000,296.255,-3.447,-0.643,171.211,0.0571,-0.0200,0.9844,
51.943,ENC,-54.3847,49.0277,-2.6785,0.0000,0.0000,296.255,-3.447,-0.643,171.211,0.0571,-0.0200,0.9844,
51.948,IMU,-54.3847,49.0277,-2.6785,0.0000,0.0000,296.255,-3.450,-0.622,171.188,0.0493,-0.0049,0.9873,
51.963,ENC,-54.3847,49.0277,-2.6785,0.0000,0.0000,296.255,-3.450,-0.622,171.188,0.0493,-0.0049,0.9873,
51.967,IMU,-54.3847,49.0277,-2.6785,0.0000,0.0000,296.255,-3.472,-0.629,171.190,0.0718,-0.0117,0.9917,
51.983,ENC,-54.3847,49.0277,-2.6785,0.0000,0.0000,296.255,-3.472,-0.629,171.190,0.0718,-0.0117,0.9917,
51.988,IMU,-54.3847,49.0277,-2.6785,0.0000,0.0000,296.255,-3.439,-0.639,171.178,0.0669,-0.0176,0.9976,
52.004,ENC,-54.3847,49.0277,-2.6785,0.0000,0.0000,296.255,-3.439,-0.639,171.178,0.0669,-0.0176,0.9976,
52.007,IMU,-54.3847,49.0277,-2.6785,0.0000,0.0000,296.255,-3.412,-0.660,171.220,0.0576,-0.0151,1.0020,
52.024,ENC,-54.3847,49.0277,-2.6785,0.0000,0.0000,296.255,-3.412,-0.660,171.220,0.0576,-0.0151,1.0020,
52.027,IMU,-54.3847,49.0277,-2.6785,0.0000,0.0000,296.255,-3.423,-0.632,171.245,0.0571,-0.0024,0.9995,
52.044,ENC,-54.3847,49.0277,-2.6785,0.0000,0.0000,296.255,-3.423,-0.632,171.245,0.0571,-0.0024,0.9995,
52.048,IMU,-54.3847,49.0277,-2.6785,0.0000,0.0000,296.255,-3.430,-0.631,171.187,0.0684,-0.0059,0.9961,
52.085,ENC,-54.3847,49.0277,-2.6785,0.0000,0.0000,296.255,-3.430,-0.631,171.187,0.0684,-0.0059,0.9961,
52.088,IMU,-54.3847,49.0277,-2.6785,0.0000,0.0000,296.255,-3.455,-0.638,171.205,0.0674,-0.0171,1.0005,
52.094,IMU,-54.3847,49.0277,-2.6785,0.0000,0.0000,296.255,-3.444,-0.636,171.170,0.0693,-0.0073,1.0024,
52.094,ENC,-54.3847,49.0277,-2.6785,0.0000,0.0000,296.255,-3.444,-0.636,171.170,0.0693,-0.0073,1.0024,
52.103,ENC,-54.3847,49.0277,-2.6785,0.0000,0.0000,296.255,-3.444,-0.636,171.170,0.0693,-0.0073,1.0024,
52.108,IMU,-54.3847,49.0277,-2.6785,0.0000,0.0000,296.255,-3.406,-0.601,171.183,0.0679,-0.0166,0.9946,
52.123,ENC,-54.3847,49.0277,-2.6785,0.0000,0.0000,296.255,-3.406,-0.601,171.183,0.0679,-0.0166,0.9946,
52.128,IMU,-54.3847,49.0277,-2.6785,0.0000,0.0000,296.255,-3.394,-0.617,171.230,0.0620,-0.0073,0.9985,
52.143,ENC,-54.3847,49.0277,-2.6785,0.0000,0.0000,296.255,-3.394,-0.617,171.230,0.0620,-0.0073,0.9985,
52.149,IMU,-54.3847,49.0277,-2.6785,0.0000,0.0000,296.255,-3.392,-0.655,171.190,0.0581,-0.0234,0.9917,
52.162,ENC,-54.3847,49.0277,-2.6785,0.0000,0.0000,296.255,-3.392,-0.655,171.190,0.0581,-0.0234,0.9917,
52.168,IMU,-54.3847,49.0277,-2.6785,0.0000,0.0000,296.255,-3.414,-0.617,171.166,0.0708,-0.0127,0.9897,
52.183,ENC,-54.3847,49.0277,-2.6785,0.0000,0.0000,296.255,-3.414,-0.617,171.166,0.0708,-0.0127,0.9897,
52.189,IMU,-54.3847,49.0277,-2.6785,0.0000,0.0000,296.255,-3.413,-0.611,171.157,0.0537,-0.0088,0.9907,
52.203,ENC,-54.3847,49.0277,-2.6785,0.0000,0.0000,296.255,-3.413,-0.611,171.157,0.0537,-0.0088,0.9907,
52.208,IMU,-54.3847,49.0277,-2.6785,0.0000,0.0000,296.255,-3.438,-0.616,171.135,0.0635,-0.0156,1.0049,
52.225,ENC,-54.3847,49.0277,-2.6785,0.0000,0.0000,296.255,-3.438,-0.616,171.135,0.0635,-0.0156,1.0049,
52.230,IMU,-54.3847,49.0277,-2.6785,0.0000,0.0000,296.255,-3.459,-0.579,171.141,0.0601,-0.0122,0.9897,
52.258,IMU,-54.3847,49.0277,-2.6785,0.0000,0.0000,296.255,-3.473,-0.669,171.144,0.0669,-0.0181,0.9980,
52.258,ENC,-54.3847,49.0277,-2.6785,0.0000,0.0000,296.255,-3.473,-0.669,171.144,0.0669,-0.0181,0.9980,
52.290,ENC,-54.3847,49.0277,-2.6785,0.0000,0.0000,296.255,-3.473,-0.669,171.144,0.0669,-0.0181,0.9980,
52.293,IMU,-54.3847,49.0277,-2.6785,0.0000,0.0000,296.255,-3.497,-0.667,171.163,0.0586,-0.0156,0.9883,
52.296,IMU,-54.3847,49.0277,-2.6785,0.0000,0.0000,296.255,-3.468,-0.653,171.200,0.0645,-0.0039,0.9917,
52.314,IMU,-54.3847,49.0277,-2.6785,0.0000,0.0000,296.255,-3.436,-0.666,171.198,0.0654,-0.0166,0.9951,
52.314,ENC,-54.3847,49.0277,-2.6785,0.0000,0.0000,296.255,-3.436,-0.666,171.198,0.0654,-0.0166,0.9951,
52.330,IMU,-54.3847,49.0277,-2.6785,0.0000,0.0000,296.255,-3.420,-0.646,171.164,0.0610,-0.0063,0.9868,
52.357,IMU,-54.3847,49.0277,-2.6785,0.0000,0.0000,296.255,-3.445,-0.618,171.191,0.0547,-0.0161,0.9990,
52.357,ENC,-54.3847,49.0277,-2.6785,0.0000,0.0000,296.255,-3.445,-0.618,171.191,0.0547,-0.0161,0.9990,
52.394,IMU,-54.3847,49.0277,-2.6785,0.0000,0.0000,296.255,-3.468,-0.700,171.218,0.0645,-0.0161,0.9917,
52.413,IMU,-54.3847,49.0277,-2.6785,0.0000,0.0000,296.255,-3.488,-0.709,171.171,0.0713,-0.0107,0.9922,
52.413,ENC,-54.3847,49.0277,-2.6785,0.0000,0.0000,296.255,-3.488,-0.709,171.171,0.0713,-0.0107,0.9922,
52.441,ENC,-54.3847,49.0277,-2.6785,0.0000,0.0000,296.255,-3.488,-0.709,171.171,0.0713,-0.0107,0.9922,
52.444,IMU,-54.3847,49.0277,-2.6785,0.0000,0.0000,296.255,-3.519,-0.678,171.140,0.0552,-0.0161,0.9946,
52.460,ENC,-54.3847,49.0277,-2.6785,0.0000,0.0000,296.255,-3.519,-0.678,171.140,0.0552,-0.0161,0.9946,
52.490,ENC,-54.3847,49.0277,-2.6785,0.0000,0.0000,296.255,-3.519,-0.678,171.140,0.0552,-0.0161,0.9946,
52.493,IMU,-54.3847,49.0277,-2.6785,0.0000,0.0000,296.255,-3.524,-0.631,171.068,0.0547,-0.0103,1.0029,
52.495,ENC,-54.3847,49.0277,-2.6785,0.0000,0.0000,296.255,-3.524,-0.631,171.068,0.0547,-0.0103,1.0029,
52.568,IMU,-54.3847,49.0277,-2.6785,0.0000,0.0000,296.255,-3.607,-0.555,171.040,0.0620,0.0015,0.9927,
52.614,ENC,-54.3847,49.0277,-2.6785,0.0000,0.0000,296.255,-3.607,-0.555,171.040,0.0620,0.0015,0.9927,
52.617,ENC,-54.3864,49.0277,-2.6794,-0.0852,0.0000,296.260,-3.607,-0.555,171.040,0.0620,0.0015,0.9927,
52.620,ENC,-54.3847,49.0277,-2.6785,0.0852,0.0000,296.255,-3.607,-0.555,171.040,0.0620,0.0015,0.9927,
52.620,ENC,-54.3847,49.0277,-2.6785,0.0000,0.0000,296.255,-3.607,-0.555,171.040,0.0620,0.0015,0.9927,
52.623,IMU,-54.3847,49.0277,-2.6785,0.0000,0.0000,296.255,-3.548,-0.471,171.073,0.0635,-0.0078,0.9990,
52.652,ENC,-54.3847,49.0277,-2.6785,0.0000,0.0000,296.255,-3.548,-0.471,171.073,0.0635,-0.0078,0.9990,
52.682,IMU,-54.3847,49.0277,-2.6785,0.0000,0.0000,296.255,-3.530,-0.479,171.025,0.0459,-0.0205,0.9932,
52.697,IMU,-54.3847,49.0277,-2.6785,0.0000,0.0000,296.255,-3.596,-0.487,171.017,0.0576,-0.0073,1.0015,
52.720,IMU,-54.3847,49.0277,-2.6785,0.0000,0.0000,296.255,-3.570,-0.456,170.978,0.0513,-0.0063,0.9946,
52.720,ENC,-54.3847,49.0277,-2.6785,0.0000,0.0000,296.255,-3.570,-0.456,170.978,0.0513,-0.0063,0.9946,
52.723,ENC,-54.3847,49.0277,-2.6785,0.0000,0.0000,296.255,-3.570,-0.456,170.978,0.0513,-0.0063,0.9946,
52.724,ENC,-54.3847,49.0277,-2.6785,0.0000,0.0000,296.255,-3.570,-0.456,170.978,0.0513,-0.0063,0.9946,
52.838,IMU,-54.3847,49.0277,-2.6785,0.0000,0.0000,296.255,-3.566,-0.491,170.948,0.0557,-0.0161,0.9961,
52.838,ENC,-54.3847,49.0277,-2.6785,0.0000,0.0000,296.255,-3.566,-0.491,170.948,0.0557,-0.0161,0.9961,
52.941,IMU,-54.3847,49.0277,-2.6785,0.0000,0.0000,296.255,-3.544,-0.617,170.881,0.0469,-0.0073,0.9980,
52.941,ENC,-54.3847,49.0277,-2.6785,0.0000,0.0000,296.255,-3.544,-0.617,170.881,0.0469,-0.0073,0.9980,
52.944,IMU,-54.3847,49.0277,-2.6785,0.0000,0.0000,296.255,-3.524,-0.601,170.903,0.0542,-0.0083,0.9971,
52.949,IMU,-54.3847,49.0277,-2.6785,0.0000,0.0000,296.255,-3.535,-0.603,170.883,0.0698,-0.0059,1.0010,
52.952,IMU,-54.3847,49.0277,-2.6785,0.0000,0.0000,296.255,-3.537,-0.586,170.881,0.0640,-0.0068,0.9922,
52.955,ENC,-54.3847,49.0277,-2.6785,0.0000,0.0000,296.255,-3.537,-0.586,170.881,0.0640,-0.0068,0.9922,
52.957,IMU,-54.3847,49.0277,-2.6785,0.0000,0.0000,296.255,-3.575,-0.575,170.896,0.0703,-0.0146,0.9941,
52.957,ENC,-54.3847,49.0277,-2.6785,0.0000,0.0000,296.255,-3.575,-0.575,170.896,0.0703,-0.0146,0.9941,
52.963,IMU,-54.3847,49.0277,-2.6785,0.0000,0.0000,296.255,-3.576,-0.555,170.878,0.0791,-0.0156,0.9976,
52.963,ENC,-54.3847,49.0277,-2.6785,0.0000,0.0000,296.255,-3.576,-0.555,170.878,0.0791,-0.0156,0.9976,
52.966,IMU,-54.3847,49.0277,-2.6785,0.0000,0.0000,296.255,-3.565,-0.561,170.878,0.0601,-0.0103,1.0005,
52.968,ENC,-54.3847,49.0277,-2.6785,0.0000,0.0000,296.255,-3.565,-0.561,170.878,0.0601,-0.0103,1.0005,
52.971,IMU,-54.3847,49.0277,-2.6785,0.0000,0.0000,296.255,-3.536,-0.577,170.823,0.0586,-0.0234,0.9937,
52.974,ENC,-54.3847,49.0277,-2.6785,0.0000,0.0000,296.255,-3.536,-0.577,170.823,0.0586,-0.0234,0.9937,
52.976,IMU,-54.3847,49.0277,-2.6785,0.0000,0.0000,296.255,-3.449,-0.414,171.181,0.0596,-0.0078,0.9888,
52.982,ENC,-54.3847,49.0277,-2.6785,0.0000,0.0000,296.255,-3.449,-0.414,171.181,0.0596,-0.0078,0.9888,
52.988,IMU,-54.3847,49.0277,-2.6785,0.0000,0.0000,296.255,-3.486,-0.434,171.196,0.0547,-0.0151,1.0039,
53.008,IMU,-54.3847,49.0277,-2.6785,0.0000,0.0000,296.255,-3.494,-0.434,171.224,0.0615,-0.0127,0.9990,
53.023,ENC,-54.3847,49.0277,-2.6785,0.0000,0.0000,296.255,-3.494,-0.434,171.224,0.0615,-0.0127,0.9990,
53.028,IMU,-54.3847,49.0277,-2.6785,0.0000,0.0000,296.255,-3.493,-0.443,171.225,0.0659,-0.0186,0.9961,
53.043,ENC,-54.3847,49.0277,-2.6785,0.0000,0.0000,296.255,-3.493,-0.443,171.225,0.0659,-0.0186,0.9961,
53.047,IMU,-54.3847,49.0277,-2.6785,0.0000,0.0000,296.255,-3.493,-0.434,171.189,0.0630,-0.0181,0.9917,
53.062,ENC,-54.3847,49.0277,-2.6785,0.0000,0.0000,296.255,-3.493,-0.434,171.189,0.0630,-0.0181,0.9917,
53.068,IMU,-54.3847,49.0277,-2.6785,0.0000,0.0000,296.255,-3.501,-0.426,171.180,0.0601,-0.0122,1.0024,
53.116,IMU,-54.3847,49.0277,-2.6785,0.0000,0.0000,296.255,-3.487,-0.392,171.186,0.0703,-0.0015,0.9878,
53.119,IMU,-54.3847,49.0277,-2.6785,0.0000,0.0000,296.255,-3.510,-0.443,171.154,0.0620,-0.0088,0.9946,
53.121,ENC,-54.3847,49.0277,-2.6785,0.0000,0.0000,296.255,-3.510,-0.443,171.154,0.0620,-0.0088,0.9946,
53.121,ENC,-54.3847,49.0277,-2.6785,0.0000,0.0000,296.255,-3.510,-0.443,171.154,0.0620,-0.0088,0.9946,
53.124,ENC,-54.3847,49.0277,-2.6785,0.0000,0.0000,296.255,-3.510,-0.443,171.154,0.0620,-0.0088,0.9946,
53.128,IMU,-54.3847,49.0277,-2.6785,0.0000,0.0000,296.255,-3.525,-0.486,171.135,0.0630,-0.0176,0.9937,
53.143,ENC,-54.3847,49.0277,-2.6785,0.0000,0.0000,296.255,-3.525,-0.486,171.135,0.0630,-0.0176,0.9937,
53.148,IMU,-54.3847,49.0277,-2.6785,0.0000,0.0000,296.255,-3.495,-0.527,171.061,0.0601,-0.0210,0.9873,
53.163,ENC,-54.3847,49.0277,-2.6785,0.0000,0.0000,296.255,-3.495,-0.527,171.061,0.0601,-0.0210,0.9873,
53.168,IMU,-54.3847,49.0277,-2.6785,0.0000,0.0000,296.255,-3.499,-0.524,171.066,0.0605,-0.0083,1.0039,
53.182,ENC,-54.3847,49.0277,-2.6785,0.0000,0.0000,296.255,-3.499,-0.524,171.066,0.0605,-0.0083,1.0039,
53.191,IMU,-54.3847,49.0277,-2.6785,0.0000,0.0000,296.255,-3.558,-0.490,171.067,0.0679,-0.0034,0.9937,
53.203,ENC,-54.3847,49.0277,-2.6785,0.0000,0.0000,296.255,-3.558,-0.490,171.067,0.0679,-0.0034,0.9937,
53.208,IMU,-54.3847,49.0277,-2.6785,0.0000,0.0000,296.255,-3.512,-0.510,171.035,0.0601,-0.0063,1.0063,
53.223,ENC,-54.3847,49.0277,-2.6785,0.0000,0.0000,296.255,-3.512,-0.510,171.035,0.0601,-0.0063,1.0063,
53.228,IMU,-54.3847,49.0277,-2.6785,0.0000,0.0000,296.255,-3.513,-0.530,171.030,0.0547,-0.0151,1.0024,
53.266,ENC,-54.3847,49.0277,-2.6785,0.0000,0.0000,296.255,-3.513,-0.530,171.030,0.0547,-0.0151,1.0024,
53.269,IMU,-54.3847,49.0277,-2.6785,0.0000,0.0000,296.255,-3.468,-0.550,170.977,0.0566,-0.0161,0.9834,
53.272,ENC,-54.3847,49.0277,-2.6785,0.0000,0.0000,296.255,-3.468,-0.550,170.977,0.0566,-0.0161,0.9834,
53.274,IMU,-54.3847,49.0277,-2.6785,0.0000,0.0000,296.255,-3.490,-0.524,171.003,0.0518,-0.0049,0.9917,
53.283,ENC,-54.3847,49.0277,-2.6785,0.0000,0.0000,296.255,-3.490,-0.524,171.003,0.0518,-0.0049,0.9917,
53.288,IMU,-54.3847,49.0277,-2.6785,0.0000,0.0000,296.255,-3.479,-0.554,170.984,0.0591,-0.0190,0.9961,
53.303,ENC,-54.3847,49.0277,-2.6785,0.0000,0.0000,296.255,-3.479,-0.554,170.984,0.0591,-0.0190,0.9961,
53.308,IMU,-54.3847,49.0277,-2.6785,0.0000,0.0000,296.255,-3.473,-0.553,171.028,0.0596,-0.0088,0.9990,
53.325,ENC,-54.3847,49.0277,-2.6785,0.0000,0.0000,296.255,-3.473,-0.553,171.028,0.0596,-0.0088,0.9990,
53.328,IMU,-54.3847,49.0277,-2.6785,0.0000,0.0000,296.255,-3.465,-0.544,171.004,0.0571,-0.0068,0.9927,
53.343,ENC,-54.3847,49.0277,-2.6785,0.0000,0.0000,296.255,-3.465,-0.544,171.004,0.0571,-0.0068,0.9927,
53.348,IMU,-54.3847,49.0277,-2.6785,0.0000,0.0000,296.255,-3.502,-0.521,171.012,0.0640,-0.0166,0.9941,
53.363,ENC,-54.3847,49.0277,-2.6785,0.0000,0.0000,296.255,-3.502,-0.521,171.012,0.0640,-0.0166,0.9941,
53.368,IMU,-54.3847,49.0277,-2.6785,0.0000,0.0000,296.255,-3.537,-0.522,171.001,0.0737,-0.0195,0.9917,
53.383,ENC,-54.3847,49.0277,-2.6785,0.0000,0.0000,296.255,-3.537,-0.522,171.001,0.0737,-0.0195,0.9917,
53.388,IMU,-54.3847,49.0277,-2.6785,0.0000,0.0000,296.255,-3.565,-0.519,171.017,0.0552,-0.0112,0.9858,
53.403,ENC,-54.3847,49.0277,-2.6785,0.0000,0.0000,296.255,-3.565,-0.519,171.017,0.0552,-0.0112,0.9858,
53.408,IMU,-54.3847,49.0277,-2.6785,0.0000,0.0000,296.255,-3.581,-0.529,171.028,0.0596,-0.0117,1.0010,
53.423,ENC,-54.3847,49.0277,-2.6785,0.0000,0.0000,296.255,-3.581,-0.529,171.028,0.0596,-0.0117,1.0010,
53.427,IMU,-54.3847,49.0277,-2.6785,0.0000,0.0000,296.255,-3.567,-0.533,170.986,0.0610,-0.0151,1.0000,
53.442,ENC,-54.3847,49.0277,-2.6785,0.0000,0.0000,296.255,-3.567,-0.533,170.986,0.0610,-0.0151,1.0000,
53.448,IMU,-54.3847,49.0277,-2.6785,0.0000,0.0000,296.255,-3.542,-0.575,170.970,0.0659,-0.0161,0.9868,
53.463,ENC,-54.3847,49.0277,-2.6785,0.0000,0.0000,296.255,-3.542,-0.575,170.970,0.0659,-0.0161,0.9868,
53.468,IMU,-54.3847,49.0277,-2.6785,0.0000,0.0000,296.255,-3.530,-0.592,170.965,0.0542,-0.0146,0.9937,
53.484,ENC,-54.3847,49.0277,-2.6785,0.0000,0.0000,296.255,-3.530,-0.592,170.965,0.0542,-0.0146,0.9937,
53.487,IMU,-54.3847,49.0277,-2.6785,0.0000,0.0000,296.255,-3.525,-0.607,170.965,0.0649,-0.0103,0.9966,
53.503,ENC,-54.3847,49.0277,-2.6785,0.0000,0.0000,296.255,-3.525,-0.607,170.965,0.0649,-0.0103,0.9966,
53.508,IMU,-54.3847,49.0277,-2.6785,0.0000,0.0000,296.255,-3.515,-0.578,170.986,0.0645,-0.0195,1.0059,
53.523,ENC,-54.3847,49.0277,-2.6785,0.0000,0.0000,296.255,-3.515,-0.578,170.986,0.0645,-0.0195,1.0059,
53.528,IMU,-54.3847,49.0277,-2.6785,0.0000,0.0000,296.255,-3.474,-0.575,170.968,0.0664,-0.0093,0.9966,
53.543,ENC,-54.3847,49.0277,-2.6785,0.0000,0.0000,296.255,-3.474,-0.575,170.968,0.0664,-0.0093,0.9966,
53.548,IMU,-54.3847,49.0277,-2.6785,0.0000,0.0000,296.255,-3.425,-0.598,170.986,0.0537,-0.0166,0.9912,
53.563,ENC,-54.3847,49.0277,-2.6785,0.0000,0.0000,296.255,-3.425,-0.598,170.986,0.0537,-0.0166,0.9912,
53.568,IMU,-54.3847,49.0277,-2.6785,0.0000,0.0000,296.255,-3.434,-0.587,171.019,0.0732,-0.0181,0.9976,
53.583,ENC,-54.3847,49.0277,-2.6785,0.0000,0.0000,296.255,-3.434,-0.587,171.019,0.0732,-0.0181,0.9976,
53.588,IMU,-54.3847,49.0277,-2.6785,0.0000,0.0000,296.255,-3.454,-0.590,171.031,0.0537,-0.0098,0.9946,
53.602,ENC,-54.3847,49.0277,-2.6785,0.0000,0.0000,296.255,-3.454,-0.590,171.031,0.0537,-0.0098,0.9946,
53.608,IMU,-54.3847,49.0277,-2.6785,0.0000,0.0000,296.255,-3.428,-0.571,171.064,0.0586,-0.0088,0.9927,
53.622,ENC,-54.3847,49.0277,-2.6785,0.0000,0.0000,296.255,-3.428,-0.571,171.064,0.0586,-0.0088,0.9927,
53.628,IMU,-54.3847,49.0277,-2.6785,0.0000,0.0000,296.255,-3.428,-0.607,170.970,0.0640,-0.0225,1.0078,
53.648,ENC,-54.3847,49.0277,-2.6785,0.0000,0.0000,296.255,-3.428,-0.607,170.970,0.0640,-0.0225,1.0078,
53.664,ENC,-54.3847,49.0277,-2.6785,0.0000,0.0000,296.255,-3.428,-0.607,170.970,0.0640,-0.0225,1.0078,
53.668,IMU,-54.3847,49.0277,-2.6785,0.0000,0.0000,296.255,-3.437,-0.631,171.107,0.0547,-0.0161,0.9902,
53.683,ENC,-54.3847,49.0277,-2.6785,0.0000,0.0000,296.255,-3.437,-0.631,171.107,0.0547,-0.0161,0.9902,
53.688,IMU,-54.3847,49.0277,-2.6785,0.0000,0.0000,296.255,-3.425,-0.629,171.123,0.0684,-0.0098,0.9824,
53.703,ENC,-54.3847,49.0277,-2.6785,0.0000,0.0000,296.255,-3.425,-0.629,171.123,0.0684,-0.0098,0.9824,
53.708,IMU,-54.3847,49.0277,-2.6785,0.0000,0.0000,296.255,-3.411,-0.611,171.208,0.0635,-0.0034,0.9917,
53.724,ENC,-54.3847,49.0277,-2.6785,0.0000,0.0000,296.255,-3.411,-0.611,171.208,0.0635,-0.0034,0.9917,
53.728,IMU,-54.3847,49.0277,-2.6785,0.0000,0.0000,296.255,-3.405,-0.634,171.191,0.0571,-0.0010,0.9897,
53.744,ENC,-54.3847,49.0277,-2.6785,0.0000,0.0000,296.255,-3.405,-0.634,171.191,0.0571,-0.0010,0.9897,
53.748,IMU,-54.3847,49.0277,-2.6785,0.0000,0.0000,296.255,-3.385,-0.653,171.173,0.0571,-0.0151,1.0010,
53.763,ENC,-54.3847,49.0277,-2.6785,0.0000,0.0000,296.255,-3.385,-0.653,171.173,0.0571,-0.0151,1.0010,
53.768,IMU,-54.3847,49.0277,-2.6785,0.0000,0.0000,296.255,-3.382,-0.618,171.155,0.0635,-0.0151,0.9883,
53.784,ENC,-54.3847,49.0277,-2.6785,0.0000,0.0000,296.255,-3.382,-0.618,171.155,0.0635,-0.0151,0.9883,
53.788,IMU,-54.3847,49.0277,-2.6785,0.0000,0.0000,296.255,-3.429,-0.612,171.122,0.0640,-0.0088,1.0039,
53.803,ENC,-54.3847,49.0277,-2.6785,0.0000,0.0000,296.255,-3.429,-0.612,171.122,0.0640,-0.0088,1.0039,
53.816,IMU,-54.3847,49.0277,-2.6785,0.0000,0.0000,296.255,-3.424,-0.633,171.123,0.0527,-0.0166,0.9829,
53.833,IMU,-54.3847,49.0277,-2.6785,0.0000,0.0000,296.255,-3.401,-0.614,171.176,0.0625,-0.0166,1.0088,
53.833,ENC,-54.3847,49.0277,-2.6785,0.0000,0.0000,296.255,-3.401,-0.614,171.176,0.0625,-0.0166,1.0088,
53.843,ENC,-54.3847,49.0277,-2.6785,0.0000,0.0000,296.255,-3.401,-0.614,171.176,0.0625,-0.0166,1.0088,
53.849,IMU,-54.3847,49.0277,-2.6785,0.0000,0.0000,296.255,-3.401,-0.653,171.142,0.0586,-0.0186,1.0024,
53.863,ENC,-54.3847,49.0277,-2.6785,0.0000,0.0000,296.255,-3.401,-0.653,171.142,0.0586,-0.0186,1.0024,
53.868,IMU,-54.3847,49.0277,-2.6785,0.0000,0.0000,296.255,-3.405,-0.619,171.088,0.0562,-0.0068,0.9961,
53.884,ENC,-54.3847,49.0277,-2.6785,0.0000,0.0000,296.255,-3.405,-0.619,171.088,0.0562,-0.0068,0.9961,
53.888,IMU,-54.3847,49.0277,-2.6785,0.0000,0.0000,296.255,-3.402,-0.637,171.074,0.0703,-0.0195,0.9980,
53.903,ENC,-54.3847,49.0277,-2.6785,0.0000,0.0000,296.255,-3.402,-0.637,171.074,0.0703,-0.0195,0.9980,
53.908,IMU,-54.3847,49.0277,-2.6785,0.0000,0.0000,296.255,-3.403,-0.671,171.019,0.0586,-0.0117,1.0015,
53.924,ENC,-54.3847,49.0277,-2.6785,0.0000,0.0000,296.255,-3.403,-0.671,171.019,0.0586,-0.0117,1.0015,
53.931,IMU,-54.3847,49.0277,-2.6785,0.0000,0.0000,296.255,-3.411,-0.699,170.970,0.0513,-0.0137,0.9917,
53.943,ENC,-54.3847,49.0277,-2.6785,0.0000,0.0000,296.255,-3.411,-0.699,170.970,0.0513,-0.0137,0.9917,
53.949,IMU,-54.3847,49.0277,-2.6785,0.0000,0.0000,296.255,-3.421,-0.710,170.969,0.0547,-0.0166,0.9888,
53.963,ENC,-54.3847,49.0277,-2.6785,0.0000,0.0000,296.255,-3.421,-0.710,170.969,0.0547,-0.0166,0.9888,
53.968,IMU,-54.3847,49.0277,-2.6785,0.0000,0.0000,296.255,-3.440,-0.680,170.979,0.0547,-0.0059,1.0049,
53.983,ENC,-54.3847,49.0277,-2.6785,0.0000,0.0000,296.255,-3.440,-0.680,170.979,0.0547,-0.0059,1.0049,
53.988,IMU,-54.3847,49.0277,-2.6785,0.0000,0.0000,296.255,-3.421,-0.702,170.976,0.0537,-0.0112,0.9868,
54.003,ENC,-54.3847,49.0277,-2.6785,0.0000,0.0000,296.255,-3.421,-0.702,170.976,0.0537,-0.0112,0.9868,
54.008,IMU,-54.3847,49.0277,-2.6785,0.0000,0.0000,296.255,-3.465,-0.733,170.977,0.0542,-0.0181,0.9995,
54.023,ENC,-54.3847,49.0277,-2.6785,0.0000,0.0000,296.255,-3.465,-0.733,170.977,0.0542,-0.0181,0.9995,
54.028,IMU,-54.3847,49.0277,-2.6785,0.0000,0.0000,296.255,-3.477,-0.736,170.935,0.0581,-0.0088,0.9863,
54.071,ENC,-54.3847,49.0277,-2.6785,0.0000,0.0000,296.255,-3.477,-0.736,170.935,0.0581,-0.0088,0.9863,
54.074,IMU,-54.3847,49.0277,-2.6785,0.0000,0.0000,296.255,-3.447,-0.717,170.929,0.0479,-0.0063,1.0107,
54.077,IMU,-54.3847,49.0277,-2.6785,0.0000,0.0000,296.255,-3.455,-0.705,170.916,0.0620,-0.0132,1.0015,
54.079,ENC,-54.3847,49.0277,-2.6785,0.0000,0.0000,296.255,-3.455,-0.705,170.916,0.0620,-0.0132,1.0015,
54.083,ENC,-54.3847,49.0277,-2.6785,0.0000,0.0000,296.255,-3.455,-0.705,170.916,0.0620,-0.0132,1.0015,
54.088,IMU,-54.3847,49.0277,-2.6785,0.0000,0.0000,296.255,-3.434,-0.735,170.905,0.0557,-0.0137,1.0020,
54.103,ENC,-54.3847,49.0277,-2.6785,0.0000,0.0000,296.255,-3.434,-0.735,170.905,0.0557,-0.0137,1.0020,
54.108,IMU,-54.3847,49.0277,-2.6785,0.0000,0.0000,296.255,-3.464,-0.736,170.922,0.0503,-0.0054,1.0068,
54.123,ENC,-54.3847,49.0277,-2.6785,0.0000,0.0000,296.255,-3.464,-0.736,170.922,0.0503,-0.0054,1.0068,
54.128,IMU,-54.3847,49.0277,-2.6785,0.0000,0.0000,296.255,-3.494,-0.689,170.914,0.0596,-0.0015,0.9897,
54.143,ENC,-54.3847,49.0277,-2.6785,0.0000,0.0000,296.255,-3.494,-0.689,170.914,0.0596,-0.0015,0.9897,
54.148,IMU,-54.3847,49.0277,-2.6785,0.0000,0.0000,296.255,-3.472,-0.689,170.937,0.0591,-0.0220,0.9941,
54.163,ENC,-54.3847,49.0277,-2.6785,0.0000,0.0000,296.255,-3.472,-0.689,170.937,0.0591,-0.0220,0.9941,
54.168,IMU,-54.3847,49.0277,-2.6785,0.0000,0.0000,296.255,-3.498,-0.710,170.915,0.0654,-0.0049,0.9946,
54.182,ENC,-54.3847,49.0277,-2.6785,0.0000,0.0000,296.255,-3.498,-0.710,170.915,0.0654,-0.0049,0.9946,
54.188,IMU,-54.3847,49.0277,-2.6785,0.0000,0.0000,296.255,-3.489,-0.713,170.884,0.0640,-0.0195,0.9790,
54.203,ENC,-54.3847,49.0277,-2.6785,0.0000,0.0000,296.255,-3.489,-0.713,170.884,0.0640,-0.0195,0.9790,
54.208,IMU,-54.3847,49.0277,-2.6785,0.0000,0.0000,296.255,-3.476,-0.711,170.872,0.0645,-0.0229,0.9937,
54.223,ENC,-54.3847,49.0277,-2.6785,0.0000,0.0000,296.255,-3.476,-0.711,170.872,0.0645,-0.0229,0.9937,
54.228,IMU,-54.3847,49.0277,-2.6785,0.0000,0.0000,296.255,-3.472,-0.706,170.866,0.0591,-0.0029,1.0010,
54.243,ENC,-54.3847,49.0277,-2.6785,0.0000,0.0000,296.255,-3.472,-0.706,170.866,0.0591,-0.0029,1.0010,
54.248,IMU,-54.3847,49.0277,-2.6785,0.0000,0.0000,296.255,-3.463,-0.741,170.854,0.0571,-0.0171,1.0000,
54.263,ENC,-54.3847,49.0277,-2.6785,0.0000,0.0000,296.255,-3.463,-0.741,170.854,0.0571,-0.0171,1.0000,
54.268,IMU,-54.3847,49.0277,-2.6785,0.0000,0.0000,296.255,-3.416,-0.721,170.823,0.0557,-0.0093,1.0068,
54.283,ENC,-54.3847,49.0277,-2.6785,0.0000,0.0000,296.255,-3.416,-0.721,170.823,0.0557,-0.0093,1.0068,
54.288,IMU,-54.3847,49.0277,-2.6785,0.0000,0.0000,296.255,-3.383,-0.775,170.798,0.0552,-0.0225,1.0005,
54.303,ENC,-54.3847,49.0277,-2.6785,0.0000,0.0000,296.255,-3.383,-0.775,170.798,0.0552,-0.0225,1.0005,
54.308,IMU,-54.3847,49.0277,-2.6785,0.0000,0.0000,296.255,-3.433,-0.706,170.835,0.0688,-0.0078,0.9883,
54.323,ENC,-54.3847,49.0277,-2.6785,0.0000,0.0000,296.255,-3.433,-0.706,170.835,0.0688,-0.0078,0.9883,
54.328,IMU,-54.3847,49.0277,-2.6785,0.0000,0.0000,296.255,-3.414,-0.699,170.777,0.0654,-0.0083,1.0073,
54.343,ENC,-54.3847,49.0277,-2.6785,0.0000,0.0000,296.255,-3.414,-0.699,170.777,0.0654,-0.0083,1.0073,
54.348,IMU,-54.3847,49.0277,-2.6785,0.0000,0.0000,296.255,-3.453,-0.712,170.820,0.0557,-0.0151,0.9907,
54.362,ENC,-54.3847,49.0277,-2.6785,0.0000,0.0000,296.255,-3.453,-0.712,170.820,0.0557,-0.0151,0.9907,
54.368,IMU,-54.3847,49.0277,-2.6785,0.0000,0.0000,296.255,-3.492,-0.673,170.785,0.0605,-0.0098,0.9941,
54.384,ENC,-54.3847,49.0277,-2.6785,0.0000,0.0000,296.255,-3.492,-0.673,170.785,0.0605,-0.0098,0.9941,
54.388,IMU,-54.3847,49.0277,-2.6785,0.0000,0.0000,296.255,-3.452,-0.679,170.792,0.0718,-0.0010,0.9980,
54.403,ENC,-54.3847,49.0277,-2.6785,0.0000,0.0000,296.255,-3.452,-0.679,170.792,0.0718,-0.0010,0.9980,
54.408,IMU,-54.3847,49.0277,-2.6785,0.0000,0.0000,296.255,-3.482,-0.662,170.781,0.0630,-0.0083,0.9873,
54.424,ENC,-54.3847,49.0277,-2.6785,0.0000,0.0000,296.255,-3.482,-0.662,170.781,0.0630,-0.0083,0.9873,
54.428,IMU,-54.3847,49.0277,-2.6785,0.0000,0.0000,296.255,-3.470,-0.692,170.792,0.0552,-0.0127,0.9883,
54.451,IMU,-54.3847,49.0277,-2.6785,0.0000,0.0000,296.255,-3.513,-0.646,170.749,0.0669,-0.0117,0.9805,
54.451,ENC,-54.3847,49.0277,-2.6785,0.0000,0.0000,296.255,-3.513,-0.646,170.749,0.0669,-0.0117,0.9805,
54.463,ENC,-54.3847,49.0277,-2.6785,0.0000,0.0000,296.255,-3.513,-0.646,170.749,0.0669,-0.0117,0.9805,
54.468,IMU,-54.3847,49.0277,-2.6785,0.0000,0.0000,296.255,-3.533,-0.614,170.772,0.0479,-0.0044,0.9956,
54.483,ENC,-54.3847,49.0277,-2.6785,0.0000,0.0000,296.255,-3.533,-0.614,170.772,0.0479,-0.0044,0.9956,
54.488,IMU,-54.3847,49.0277,-2.6785,0.0000,0.0000,296.255,-3.497,-0.639,170.780,0.0723,-0.0195,0.9937,
54.503,ENC,-54.3847,49.0277,-2.6785,0.0000,0.0000,296.255,-3.497,-0.639,170.780,0.0723,-0.0195,0.9937,
54.508,IMU,-54.3847,49.0277,-2.6785,0.0000,0.0000,296.255,-3.471,-0.614,170.842,0.0532,-0.0122,0.9849,
54.524,ENC,-54.3847,49.0277,-2.6785,0.0000,0.0000,296.255,-3.471,-0.614,170.842,0.0532,-0.0122,0.9849,
54.528,IMU,-54.3847,49.0277,-2.6785,0.0000,0.0000,296.255,-3.508,-0.601,170.822,0.0747,-0.0151,0.9990,
54.543,ENC,-54.3847,49.0277,-2.6785,0.0000,0.0000,296.255,-3.508,-0.601,170.822,0.0747,-0.0151,0.9990,
54.548,IMU,-54.3847,49.0277,-2.6785,0.0000,0.0000,296.255,-3.489,-0.596,170.858,0.0522,-0.0112,0.9878,
54.563,ENC,-54.3847,49.0277,-2.6785,0.0000,0.0000,296.255,-3.489,-0.596,170.858,0.0522,-0.0112,0.9878,
54.568,IMU,-54.3847,49.0277,-2.6785,0.0000,0.0000,296.255,-3.484,-0.592,170.844,0.0620,-0.0122,0.9902,
54.583,ENC,-54.3847,49.0277,-2.6785,0.0000,0.0000,296.255,-3.484,-0.592,170.844,0.0620,-0.0122,0.9902,
54.588,IMU,-54.3847,49.0277,-2.6785,0.0000,0.0000,296.255,-3.452,-0.598,170.813,0.0596,-0.0137,0.9966,
54.603,ENC,-54.3847,49.0277,-2.6785,0.0000,0.0000,296.255,-3.452,-0.598,170.813,0.0596,-0.0137,0.9966,
54.608,IMU,-54.3847,49.0277,-2.6785,0.0000,0.0000,296.255,-3.480,-0.597,170.809,0.0620,-0.0098,0.9985,
54.623,ENC,-54.3847,49.0277,-2.6785,0.0000,0.0000,296.255,-3.480,-0.597,170.809,0.0620,-0.0098,0.9985,
54.627,IMU,-54.3847,49.0277,-2.6785,0.0000,0.0000,296.255,-3.479,-0.606,170.797,0.0596,-0.0083,0.9834,
54.651,IMU,-54.3847,49.0277,-2.6785,0.0000,0.0000,296.255,-3.453,-0.608,170.801,0.0498,-0.0254,0.9951,
54.665,ENC,-54.3847,49.0277,-2.6785,0.0000,0.0000,296.255,-3.453,-0.608,170.801,0.0498,-0.0254,0.9951,
54.668,IMU,-54.3847,49.0277,-2.6785,0.0000,0.0000,296.255,-3.415,-0.581,170.745,0.0620,-0.0103,0.9917,
54.683,ENC,-54.3847,49.0277,-2.6785,0.0000,0.0000,296.255,-3.415,-0.581,170.745,0.0620,-0.0103,0.9917,
54.688,IMU,-54.3847,49.0277,-2.6785,0.0000,0.0000,296.255,-3.450,-0.599,170.790,0.0762,-0.0146,0.9927,
54.703,ENC,-54.3847,49.0277,-2.6785,0.0000,0.0000,296.255,-3.450,-0.599,170.790,0.0762,-0.0146,0.9927,
54.708,IMU,-54.3847,49.0277,-2.6785,0.0000,0.0000,296.255,-3.494,-0.614,170.788,0.0615,-0.0132,0.9878,
54.723,ENC,-54.3847,49.0277,-2.6785,0.0000,0.0000,296.255,-3.494,-0.614,170.788,0.0615,-0.0132,0.9878,
54.728,IMU,-54.3847,49.0277,-2.6785,0.0000,0.0000,296.255,-3.484,-0.622,170.845,0.0586,-0.0044,0.9937,
54.743,ENC,-54.3847,49.0277,-2.6785,0.0000,0.0000,296.255,-3.484,-0.622,170.845,0.0586,-0.0044,0.9937,
54.749,IMU,-54.3847,49.0277,-2.6785,0.0000,0.0000,296.255,-3.489,-0.627,170.851,0.0620,-0.0220,1.0000,
54.764,ENC,-54.3847,49.0277,-2.6785,0.0000,0.0000,296.255,-3.489,-0.627,170.851,0.0620,-0.0220,1.0000,
54.769,IMU,-54.3847,49.0277,-2.6785,0.0000,0.0000,296.255,-3.485,-0.610,170.849,0.0596,-0.0132,0.9990,
54.783,ENC,-54.3847,49.0277,-2.6785,0.0000,0.0000,296.255,-3.485,-0.610,170.849,0.0596,-0.0132,0.9990,
54.788,IMU,-54.3847,49.0277,-2.6785,0.0000,0.0000,296.255,-3.458,-0.618,170.866,0.0498,-0.0107,1.0010,
54.803,ENC,-54.3847,49.0277,-2.6785,0.0000,0.0000,296.255,-3.458,-0.618,170.866,0.0498,-0.0107,1.0010,
54.808,IMU,-54.3847,49.0277,-2.6785,0.0000,0.0000,296.255,-3.510,-0.647,170.874,0.0625,-0.0171,1.0034,
54.824,ENC,-54.3847,49.0277,-2.6785,0.0000,0.0000,296.255,-3.510,-0.647,170.874,0.0625,-0.0171,1.0034,
54.828,IMU,-54.3847,49.0277,-2.6785,0.0000,0.0000,296.255,-3.506,-0.621,170.856,0.0601,-0.0078,0.9897,
54.843,ENC,-54.3847,49.0277,-2.6785,0.0000,0.0000,296.255,-3.506,-0.621,170.856,0.0601,-0.0078,0.9897,
54.852,IMU,-54.3847,49.0277,-2.6785,0.0000,0.0000,296.255,-3.523,-0.633,170.842,0.0571,-0.0176,1.0024,
54.864,ENC,-54.3847,49.0277,-2.6785,0.0000,0.0000,296.255,-3.523,-0.633,170.842,0.0571,-0.0176,1.0024,
54.868,IMU,-54.3847,49.0277,-2.6785,0.0000,0.0000,296.255,-3.530,-0.614,170.798,0.0625,-0.0093,0.9966,
54.883,ENC,-54.3847,49.0277,-2.6785,0.0000,0.0000,296.255,-3.530,-0.614,170.798,0.0625,-0.0093,0.9966,
54.888,IMU,-54.3847,49.0277,-2.6785,0.0000,0.0000,296.255,-3.546,-0.646,170.748,0.0610,-0.0200,1.0029,
54.904,ENC,-54.3847,49.0277,-2.6785,0.0000,0.0000,296.255,-3.546,-0.646,170.748,0.0610,-0.0200,1.0029,
54.908,IMU,-54.3847,49.0277,-2.6785,0.0000,0.0000,296.255,-3.527,-0.612,170.748,0.0591,-0.0132,0.9912,
54.923,ENC,-54.3847,49.0277,-2.6785,0.0000,0.0000,296.255,-3.527,-0.612,170.748,0.0591,-0.0132,0.9912,
54.928,IMU,-54.3847,49.0277,-2.6785,0.0000,0.0000,296.255,-3.537,-0.599,170.735,0.0620,-0.0093,0.9888,
54.942,ENC,-54.3847,49.0277,-2.6785,0.0000,0.0000,296.255,-3.537,-0.599,170.735,0.0620,-0.0093,0.9888,
54.948,IMU,-54.3847,49.0277,-2.6785,0.0000,0.0000,296.255,-3.539,-0.549,170.764,0.0615,-0.0010,0.9976,
54.963,ENC,-54.3847,49.0277,-2.6785,0.0000,0.0000,296.255,-3.539,-0.549,170.764,0.0615,-0.0010,0.9976,
54.967,IMU,-54.3847,49.0277,-2.6785,0.0000,0.0000,296.255,-3.536,-0.507,170.774,0.0596,-0.0137,0.9883,
54.983,ENC,-54.3847,49.0277,-2.6785,0.0000,0.0000,296.255,-3.536,-0.507,170.774,0.0596,-0.0137,0.9883,
54.988,IMU,-54.3847,49.0277,-2.6785,0.0000,0.0000,296.255,-3.549,-0.519,170.826,0.0693,-0.0181,0.9863,
55.004,ENC,-54.3847,49.0277,-2.6785,0.0000,0.0000,296.255,-3.549,-0.519,170.826,0.0693,-0.0181,0.9863,
55.008,IMU,-54.3847,49.0277,-2.6785,0.0000,0.0000,296.255,-3.590,-0.501,170.862,0.0742,-0.0103,0.9976,
55.023,ENC,-54.3847,49.0277,-2.6785,0.0000,0.0000,296.255,-3.590,-0.501,170.862,0.0742,-0.0103,0.9976,
55.028,IMU,-54.3847,49.0277,-2.6785,0.0000,0.0000,296.255,-3.594,-0.538,170.896,0.0596,-0.0107,0.9946,
55.044,ENC,-54.3847,49.0277,-2.6785,0.0000,0.0000,296.255,-3.594,-0.538,170.896,0.0596,-0.0107,0.9946,
55.047,IMU,-54.3847,49.0277,-2.6785,0.0000,0.0000,296.255,-3.574,-0.518,170.899,0.0591,-0.0024,0.9932,
55.063,ENC,-54.3847,49.0277,-2.6785,0.0000,0.0000,296.255,-3.574,-0.518,170.899,0.0591,-0.0024,0.9932,
55.068,IMU,-54.3847,49.0277,-2.6785,0.0000,0.0000,296.255,-3.565,-0.526,170.941,0.0625,-0.0171,1.0034,
55.083,ENC,-54.3847,49.0277,-2.6785,0.0000,0.0000,296.255,-3.565,-0.526,170.941,0.0625,-0.0171,1.0034,
55.088,IMU,-54.3847,49.0277,-2.6785,0.0000,0.0000,296.255,-3.588,-0.527,170.889,0.0576,-0.0063,1.0005,
55.103,ENC,-54.3847,49.0277,-2.6785,0.0000,0.0000,296.255,-3.588,-0.527,170.889,0.0576,-0.0063,1.0005,
55.108,IMU,-54.3847,49.0277,-2.6785,0.0000,0.0000,296.255,-3.649,-0.478,170.885,0.0747,-0.0083,1.0044,
55.123,ENC,-54.3847,49.0277,-2.6785,0.0000,0.0000,296.255,-3.649,-0.478,170.885,0.0747,-0.0083,1.0044,
55.128,IMU,-54.3847,49.0277,-2.6785,0.0000,0.0000,296.255,-3.622,-0.447,170.879,0.0503,-0.0044,0.9922,
55.143,ENC,-54.3847,49.0277,-2.6785,0.0000,0.0000,296.255,-3.622,-0.447,170.879,0.0503,-0.0044,0.9922,
55.148,IMU,-54.3847,49.0277,-2.6785,0.0000,0.0000,296.255,-3.632,-0.469,170.906,0.0723,-0.0088,0.9897,
55.163,ENC,-54.3847,49.0277,-2.6785,0.0000,0.0000,296.255,-3.632,-0.469,170.906,0.0723,-0.0088,0.9897,
55.168,IMU,-54.3847,49.0277,-2.6785,0.0000,0.0000,296.255,-3.659,-0.485,170.918,0.0532,-0.0117,0.9961,
55.183,ENC,-54.3847,49.0277,-2.6785,0.0000,0.0000,296.255,-3.659,-0.485,170.918,0.0532,-0.0117,0.9961,
55.188,IMU,-54.3847,49.0277,-2.6785,0.0000,0.0000,296.255,-3.677,-0.508,170.908,0.0615,-0.0132,0.9995,
55.204,ENC,-54.3847,49.0277,-2.6785,0.0000,0.0000,296.255,-3.677,-0.508,170.908,0.0615,-0.0132,0.9995,
55.208,IMU,-54.3847,49.0277,-2.6785,0.0000,0.0000,296.255,-3.701,-0.510,170.912,0.0610,-0.0073,0.9976,
55.223,ENC,-54.3847,49.0277,-2.6785,0.0000,0.0000,296.255,-3.701,-0.510,170.912,0.0610,-0.0073,0.9976,
55.228,IMU,-54.3847,49.0277,-2.6785,0.0000,0.0000,296.255,-3.698,-0.524,170.935,0.0640,-0.0098,0.9941,
55.243,ENC,-54.3847,49.0277,-2.6785,0.0000,0.0000,296.255,-3.698,-0.524,170.935,0.0640,-0.0098,0.9941,
55.248,IMU,-54.3847,49.0277,-2.6785,0.0000,0.0000,296.255,-3.695,-0.485,170.956,0.0615,-0.0005,0.9844,
55.263,ENC,-54.3847,49.0277,-2.6785,0.0000,0.0000,296.255,-3.695,-0.485,170.956,0.0615,-0.0005,0.9844,
55.268,IMU,-54.3847,49.0277,-2.6785,0.0000,0.0000,296.255,-3.655,-0.468,170.875,0.0469,-0.0024,0.9922,
55.283,ENC,-54.3847,49.0277,-2.6785,0.0000,0.0000,296.255,-3.655,-0.468,170.875,0.0469,-0.0024,0.9922,
55.288,IMU,-54.3847,49.0277,-2.6785,0.0000,0.0000,296.255,-3.701,-0.463,170.851,0.0669,-0.0083,0.9941,
55.304,ENC,-54.3847,49.0277,-2.6785,0.0000,0.0000,296.255,-3.701,-0.463,170.851,0.0669,-0.0083,0.9941,
55.308,IMU,-54.3847,49.0277,-2.6785,0.0000,0.0000,296.255,-3.699,-0.413,170.831,0.0649,-0.0215,1.0000,
55.328,IMU,-54.3847,49.0277,-2.6785,0.0000,0.0000,296.255,-3.680,-0.421,170.844,0.0601,-0.0151,0.9956,
55.358,IMU,-54.3847,49.0277,-2.6785,0.0000,0.0000,296.255,-3.677,-0.392,170.827,0.0610,-0.0073,0.9941,
55.363,ENC,-54.3847,49.0277,-2.6785,0.0000,0.0000,296.255,-3.677,-0.392,170.827,0.0610,-0.0073,0.9941,
55.368,IMU,-54.3847,49.0277,-2.6785,0.0000,0.0000,296.255,-3.645,-0.373,170.868,0.0620,-0.0083,0.9912,
55.383,ENC,-54.3847,49.0277,-2.6785,0.0000,0.0000,296.255,-3.645,-0.373,170.868,0.0620,-0.0083,0.9912,
55.389,IMU,-54.3847,49.0277,-2.6785,0.0000,0.0000,296.255,-3.671,-0.356,170.811,0.0586,-0.0049,1.0088,
55.419,IMU,-54.3847,49.0277,-2.6785,0.0000,0.0000,296.255,-3.635,-0.354,170.794,0.0532,-0.0117,0.9966,
55.423,ENC,-54.3847,49.0277,-2.6785,0.0000,0.0000,296.255,-3.635,-0.354,170.794,0.0532,-0.0117,0.9966,
55.428,IMU,-54.3847,49.0277,-2.6785,0.0000,0.0000,296.255,-3.647,-0.349,170.789,0.0654,-0.0068,0.9868,
55.455,ENC,-54.3847,49.0277,-2.6785,0.0000,0.0000,296.255,-3.647,-0.349,170.789,0.0654,-0.0068,0.9868,
55.460,IMU,-54.3847,49.0277,-2.6785,0.0000,0.0000,296.255,-3.627,-0.369,170.812,0.0645,-0.0156,0.9980,
55.465,ENC,-54.3847,49.0277,-2.6785,0.0000,0.0000,296.255,-3.627,-0.369,170.812,0.0645,-0.0156,0.9980,
55.468,IMU,-54.3847,49.0277,-2.6785,0.0000,0.0000,296.255,-3.626,-0.373,170.859,0.0527,-0.0117,0.9971,
55.483,ENC,-54.3847,49.0277,-2.6785,0.0000,0.0000,296.255,-3.626,-0.373,170.859,0.0527,-0.0117,0.9971,
55.491,IMU,-54.3847,49.0277,-2.6785,0.0000,0.0000,296.255,-3.626,-0.380,170.858,0.0522,-0.0112,1.0020,
55.503,ENC,-54.3847,49.0277,-2.6785,0.0000,0.0000,296.255,-3.626,-0.380,170.858,0.0522,-0.0112,1.0020,
55.508,IMU,-54.3847,49.0277,-2.6785,0.0000,0.0000,296.255,-3.583,-0.388,170.805,0.0640,-0.0112,0.9951,
55.523,ENC,-54.3847,49.0277,-2.6785,0.0000,0.0000,296.255,-3.583,-0.388,170.805,0.0640,-0.0112,0.9951,
55.528,IMU,-54.3847,49.0277,-2.6785,0.0000,0.0000,296.255,-3.584,-0.384,170.823,0.0684,-0.0005,1.0000,
55.543,ENC,-54.3864,49.0277,-2.6794,-0.0852,0.0000,296.260,-3.584,-0.384,170.823,0.0684,-0.0005,1.0000,
55.549,IMU,-54.3864,49.0277,-2.6794,-0.0852,0.0000,296.260,-3.570,-0.387,170.786,0.0645,-0.0176,1.0039,
55.569,IMU,-54.3864,49.0277,-2.6794,-0.0852,0.0000,296.260,-3.597,-0.422,170.803,0.0776,-0.0078,0.9810,
55.583,ENC,-54.3847,49.0277,-2.6785,0.0426,0.0000,296.255,-3.597,-0.422,170.803,0.0776,-0.0078,0.9810,
55.589,IMU,-54.3847,49.0277,-2.6785,0.0426,0.0000,296.255,-3.622,-0.454,170.793,0.0654,-0.0112,0.9653,
55.603,ENC,-54.3847,49.0277,-2.6785,0.0000,0.0000,296.255,-3.622,-0.454,170.793,0.0654,-0.0112,0.9653,
55.609,IMU,-54.3847,49.0277,-2.6785,0.0000,0.0000,296.255,-3.643,-0.435,170.791,0.0610,-0.0161,0.9961,
55.623,ENC,-54.3847,49.0277,-2.6785,0.0000,0.0000,296.255,-3.643,-0.435,170.791,0.0610,-0.0161,0.9961,
55.628,IMU,-54.3847,49.0277,-2.6785,0.0000,0.0000,296.255,-3.618,-0.441,170.806,0.0625,-0.0098,0.9976,
55.642,ENC,-54.3847,49.0277,-2.6785,0.0000,0.0000,296.255,-3.618,-0.441,170.806,0.0625,-0.0098,0.9976,
55.650,IMU,-54.3847,49.0277,-2.6785,0.0000,0.0000,296.255,-3.648,-0.411,170.859,0.0688,-0.0049,0.9932,
55.663,ENC,-54.3847,49.0260,-2.6794,0.0000,-0.0852,296.250,-3.648,-0.411,170.859,0.0688,-0.0049,0.9932,
55.671,IMU,-54.3847,49.0260,-2.6794,0.0000,-0.0852,296.250,-3.680,-0.457,170.871,0.0698,-0.0283,0.9922,
55.683,ENC,-54.3864,49.0056,-2.6904,-0.0852,-1.0227,296.196,-3.680,-0.457,170.871,0.0698,-0.0283,0.9922,
55.691,IMU,-54.3864,49.0056,-2.6904,-0.0852,-1.0227,296.196,-3.790,-0.311,170.836,0.1265,0.0835,0.9775,
55.702,ENC,-54.3881,48.9749,-2.7066,-0.0852,-1.5340,296.113,-3.790,-0.311,170.836,0.1265,0.0835,0.9775,
55.708,IMU,-54.3881,48.9749,-2.7066,-0.0852,-1.5340,296.113,-3.714,-0.270,170.725,0.0308,0.0669,0.9541,
55.723,ENC,-54.3950,48.9357,-2.7296,-0.3409,-1.9601,296.021,-3.714,-0.270,170.725,0.0308,0.0669,0.9541,
55.728,IMU,-54.3950,48.9357,-2.7296,-0.3409,-1.9601,296.021,-3.598,-0.280,170.664,-0.0117,0.0132,1.0137,
55.742,ENC,-54.4222,48.8982,-2.7620,-1.3635,-1.8749,295.991,-3.598,-0.280,170.664,-0.0117,0.0132,1.0137,
55.748,IMU,-54.4222,48.8982,-2.7620,-1.3635,-1.8749,295.991,-3.611,-0.251,170.640,0.0454,0.0142,0.9917,
55.763,ENC,-54.4682,48.8590,-2.8046,-2.3010,-1.9601,296.011,-3.611,-0.251,170.640,0.0454,0.0142,0.9917,
55.768,IMU,-54.4682,48.8590,-2.8046,-2.3010,-1.9601,296.011,-3.679,-0.182,170.645,0.1030,0.0273,0.9922,
55.783,ENC,-54.5211,48.8130,-2.8541,-2.6419,-2.3010,296.030,-3.679,-0.182,170.645,0.1030,0.0273,0.9922,
55.788,IMU,-54.5211,48.8130,-2.8541,-2.6419,-2.3010,296.030,-3.695,-0.103,170.659,0.0918,0.0557,0.9639,
55.803,ENC,-54.5824,48.7652,-2.9086,-3.0680,-2.3862,296.069,-3.695,-0.103,170.659,0.0918,0.0557,0.9639,
55.808,IMU,-54.5824,48.7652,-2.9086,-3.0680,-2.3862,296.069,-3.643,-0.048,170.684,0.0151,0.0430,1.0010,
55.823,ENC,-54.6523,48.7124,-2.9700,-3.4941,-2.6419,296.118,-3.643,-0.048,170.684,0.0151,0.0430,1.0010,
55.828,IMU,-54.6523,48.7124,-2.9700,-3.4941,-2.6419,296.118,-3.619,-0.008,170.720,0.0635,0.0103,0.9946,
55.843,ENC,-54.7324,48.6459,-3.0432,-4.0054,-3.3236,296.157,-3.619,-0.008,170.720,0.0635,0.0103,0.9946,
55.848,IMU,-54.7324,48.6459,-3.0432,-4.0054,-3.3236,296.157,-3.675,-0.017,170.725,0.0894,-0.0293,0.9580,
55.863,ENC,-54.8125,48.5744,-3.1191,-4.0054,-3.5793,296.182,-3.675,-0.017,170.725,0.0894,-0.0293,0.9580,
55.868,IMU,-54.8125,48.5744,-3.1191,-4.0054,-3.5793,296.182,-3.688,-0.066,170.713,0.0762,-0.0181,0.9854,
55.883,ENC,-54.8961,48.5011,-3.1975,-4.1758,-3.6645,296.211,-3.688,-0.066,170.713,0.0762,-0.0181,0.9854,
55.888,IMU,-54.8961,48.5011,-3.1975,-4.1758,-3.6645,296.211,-3.724,-0.017,170.653,0.0747,0.0137,0.9985,
55.902,ENC,-54.9728,48.4210,-3.2759,-3.8350,-4.0054,296.201,-3.724,-0.017,170.653,0.0747,0.0137,0.9985,
55.908,IMU,-54.9728,48.4210,-3.2759,-3.8350,-4.0054,296.201,-3.657,-0.098,170.676,0.0308,-0.0015,1.0342,
55.923,ENC,-55.0529,48.3374,-3.3577,-4.0054,-4.1758,296.191,-3.657,-0.098,170.676,0.0308,-0.0015,1.0342,
55.928,IMU,-55.0529,48.3374,-3.3577,-4.0054,-4.1758,296.191,-3.658,-0.103,170.685,0.0576,0.0342,1.0249,
55.943,ENC,-55.1364,48.2505,-3.4429,-4.1758,-4.3463,296.182,-3.658,-0.103,170.685,0.0576,0.0342,1.0249,
55.949,IMU,-55.1364,48.2505,-3.4429,-4.1758,-4.3463,296.182,-3.626,-0.117,170.643,0.0361,-0.0073,1.0371,
55.963,ENC,-55.2335,48.1687,-3.5324,-4.8576,-4.0906,296.226,-3.626,-0.117,170.643,0.0361,-0.0073,1.0371,
55.967,IMU,-55.2335,48.1687,-3.5324,-4.8576,-4.0906,296.226,-3.623,-0.111,170.644,0.0752,0.0005,0.9668,
55.983,ENC,-55.3256,48.0784,-3.6236,-4.6019,-4.5167,296.230,-3.623,-0.111,170.644,0.0752,0.0005,0.9668,
55.988,IMU,-55.3256,48.0784,-3.6236,-4.6019,-4.5167,296.230,-3.586,-0.134,170.609,0.0684,-0.0059,0.9609,
56.003,ENC,-55.4125,47.9983,-3.7071,-4.3463,-4.0054,296.250,-3.586,-0.134,170.609,0.0684,-0.0059,0.9609,
56.008,IMU,-55.4125,47.9983,-3.7071,-4.3463,-4.0054,296.250,-3.616,-0.087,170.607,0.0781,0.0200,1.0103,
56.023,ENC,-55.4977,47.9113,-3.7932,-4.2611,-4.3463,296.245,-3.616,-0.087,170.607,0.0781,0.0200,1.0103,
56.028,IMU,-55.4977,47.9113,-3.7932,-4.2611,-4.3463,296.245,-3.609,-0.054,170.586,0.0308,0.0166,1.0122,
56.058,IMU,-55.4977,47.9113,-3.7932,-4.2611,-4.3463,296.245,-3.573,-0.006,170.578,0.0527,0.0298,1.0303,
56.058,ENC,-55.5898,47.8244,-3.8827,-4.6019,-4.3463,296.260,-3.573,-0.006,170.578,0.0527,0.0298,1.0303,
56.063,ENC,-55.6784,47.7477,-3.9653,-4.4315,-3.8350,296.294,-3.573,-0.006,170.578,0.0527,0.0298,1.0303,
56.068,IMU,-55.6784,47.7477,-3.9653,-4.4315,-3.8350,296.294,-3.514,0.046,170.557,0.0552,0.0415,0.9824,
56.083,ENC,-55.7619,47.7068,-4.0276,-4.1758,-2.0453,296.416,-3.514,0.046,170.557,0.0552,0.0415,0.9824,
56.088,IMU,-55.7619,47.7068,-4.0276,-4.1758,-2.0453,296.416,-3.554,0.102,170.497,0.0801,0.0488,1.0093,
56.103,ENC,-55.8659,47.6028,-4.1315,-5.1985,-5.1985,296.416,-3.554,0.102,170.497,0.0801,0.0488,1.0093,
56.108,IMU,-55.8659,47.6028,-4.1315,-5.1985,-5.1985,296.416,-3.568,0.158,170.452,0.1040,0.0596,0.9795,
56.123,ENC,-55.9835,47.3608,-4.3113,-5.8803,-12.1014,296.060,-3.568,0.158,170.452,0.1040,0.0596,0.9795,
56.128,IMU,-55.9835,47.3608,-4.3113,-5.8803,-12.1014,296.060,-3.547,0.321,170.420,0.0073,0.1030,1.0142,
56.143,ENC,-56.1096,47.1784,-4.4656,-6.3064,-9.1187,295.898,-3.547,0.321,170.420,0.0073,0.1030,1.0142,
56.148,IMU,-56.1096,47.1784,-4.4656,-6.3064,-9.1187,295.898,-3.421,0.445,170.379,-0.0117,0.1069,0.9258,
56.164,ENC,-56.2426,47.0080,-4.6173,-6.6473,-8.5221,295.791,-3.421,0.445,170.379,-0.0117,0.1069,0.9258,
56.168,IMU,-56.2426,47.0080,-4.6173,-6.6473,-8.5221,295.791,-3.533,0.598,170.424,0.1460,0.1187,0.8784,
56.183,ENC,-56.3823,46.8461,-4.7681,-6.9881,-8.0960,295.728,-3.533,0.598,170.424,0.1460,0.1187,0.8784,
56.187,IMU,-56.3823,46.8461,-4.7681,-6.9881,-8.0960,295.728,-3.464,0.697,170.416,0.0088,0.0874,1.0430,
56.203,ENC,-56.5476,46.6467,-4.9505,-8.2665,-9.9709,295.630,-3.464,0.697,170.416,0.0088,0.0874,1.0430,
56.208,IMU,-56.5476,46.6467,-4.9505,-8.2665,-9.9709,295.630,-3.459,0.759,170.408,0.0771,0.0894,1.0469,
56.223,ENC,-56.7471,46.4541,-5.1465,-9.9709,-9.6300,295.649,-3.459,0.759,170.408,0.0771,0.0894,1.0469,
56.228,IMU,-56.7471,46.4541,-5.1465,-9.9709,-9.6300,295.649,-3.434,0.869,170.438,0.0435,0.1143,1.0664,
56.242,ENC,-56.9431,46.2666,-5.3383,-9.8004,-9.3743,295.674,-3.434,0.869,170.438,0.0435,0.1143,1.0664,
56.248,IMU,-56.9431,46.2666,-5.3383,-9.8004,-9.3743,295.674,-3.421,0.841,170.387,0.0249,0.0503,1.0840,
56.263,ENC,-57.1510,46.0484,-5.5513,-10.3970,-10.9083,295.645,-3.421,0.841,170.387,0.0249,0.0503,1.0840,
56.268,IMU,-57.1510,46.0484,-5.5513,-10.3970,-10.9083,295.645,-3.425,0.824,170.308,0.0298,0.0200,1.1118,
56.283,ENC,-57.3572,45.8200,-5.7686,-10.3118,-11.4196,295.581,-3.425,0.824,170.308,0.0298,0.0200,1.1118,
56.288,IMU,-57.3572,45.8200,-5.7686,-10.3118,-11.4196,295.581,-3.444,0.828,170.279,0.0977,0.0142,0.8687,
56.303,ENC,-57.5788,45.5967,-5.9910,-11.0788,-11.1640,295.576,-3.444,0.828,170.279,0.0977,0.0142,0.8687,
56.308,IMU,-57.5788,45.5967,-5.9910,-11.0788,-11.1640,295.576,-3.545,0.822,170.260,0.1279,0.0161,0.9780,
56.324,ENC,-57.8243,45.3615,-6.2314,-12.2718,-11.7605,295.605,-3.545,0.822,170.260,0.1279,0.0161,0.9780,
56.328,IMU,-57.8243,45.3615,-6.2314,-12.2718,-11.7605,295.605,-3.539,0.755,170.209,-0.0288,-0.0576,1.1675,
56.343,ENC,-58.0833,45.1229,-6.4802,-12.9536,-11.9310,295.664,-3.539,0.755,170.209,-0.0288,-0.0576,1.1675,
56.348,IMU,-58.0833,45.1229,-6.4802,-12.9536,-11.9310,295.664,-3.528,0.699,170.172,-0.0049,-0.0513,1.0332,
56.363,ENC,-58.3577,44.8741,-6.7418,-13.7206,-12.4423,295.737,-3.528,0.699,170.172,-0.0049,-0.0513,1.0332,
56.368,IMU,-58.3577,44.8741,-6.7418,-13.7206,-12.4423,295.737,-3.496,0.716,170.167,0.0400,0.0400,0.9404,
56.387,ENC,-58.6168,44.6286,-6.9941,-12.9536,-12.2718,295.776,-3.496,0.716,170.167,0.0400,0.0400,0.9404,
56.390,IMU,-58.6168,44.6286,-6.9941,-12.9536,-12.2718,295.776,-3.421,0.709,170.118,0.0083,0.0254,1.0493,
56.403,ENC,-58.8486,44.3951,-7.2268,-11.5901,-11.6753,295.771,-3.421,0.709,170.118,0.0083,0.0254,1.0493,
56.424,ENC,-59.0736,44.1360,-7.4688,-11.2492,-12.9536,295.674,-3.421,0.709,170.118,0.0083,0.0254,1.0493,
56.428,IMU,-59.0736,44.1360,-7.4688,-11.2492,-12.9536,295.674,-3.365,0.690,170.031,-0.0605,-0.0645,1.1152,
56.442,ENC,-59.3020,43.8770,-7.7125,-11.4196,-12.9536,295.586,-3.365,0.690,170.031,-0.0605,-0.0645,1.1152,
56.448,IMU,-59.3020,43.8770,-7.7125,-11.4196,-12.9536,295.586,-3.415,0.663,170.006,0.0762,0.0029,0.9736,
56.463,ENC,-59.5423,43.6349,-7.9537,-12.0162,-12.1014,295.581,-3.415,0.663,170.006,0.0762,0.0029,0.9736,
56.468,IMU,-59.5423,43.6349,-7.9537,-12.0162,-12.1014,295.581,-3.389,0.615,169.969,-0.0005,-0.0332,1.0542,
56.483,ENC,-59.7758,43.3929,-8.1915,-11.6753,-12.1014,295.557,-3.389,0.615,169.969,-0.0005,-0.0332,1.0542,
56.503,ENC,-59.9974,43.1492,-8.4241,-11.0788,-12.1866,295.493,-3.389,0.615,169.969,-0.0005,-0.0332,1.0542,
56.508,IMU,-59.9974,43.1492,-8.4241,-11.0788,-12.1866,295.493,-3.397,0.690,169.852,0.0654,0.0259,1.0210,
56.523,ENC,-60.2258,42.9020,-8.6619,-11.4196,-12.3571,295.439,-3.397,0.690,169.852,0.0654,0.0259,1.0210,
56.528,IMU,-60.2258,42.9020,-8.6619,-11.4196,-12.3571,295.439,-3.403,0.715,169.844,0.0347,0.0400,1.0210,
56.542,ENC,-60.4474,42.6668,-8.8903,-11.0788,-11.7605,295.400,-3.403,0.715,169.844,0.0347,0.0400,1.0210,
56.548,IMU,-60.4474,42.6668,-8.8903,-11.0788,-11.7605,295.400,-3.308,0.727,169.754,0.0220,0.0654,1.0493,
56.563,ENC,-60.6877,42.4180,-9.1349,-12.0162,-12.4423,295.376,-3.308,0.727,169.754,0.0220,0.0654,1.0493,
56.568,IMU,-60.6877,42.4180,-9.1349,-12.0162,-12.4423,295.376,-3.232,0.689,169.707,0.0664,-0.0181,1.0039,
56.583,ENC,-60.9519,42.1470,-9.4025,-13.2093,-13.5502,295.356,-3.232,0.689,169.707,0.0664,-0.0181,1.0039,
56.588,IMU,-60.9519,42.1470,-9.4025,-13.2093,-13.5502,295.356,-3.380,0.783,169.724,0.1353,0.0576,0.7832,
56.602,ENC,-61.2263,41.8862,-9.6700,-13.7206,-13.0388,295.396,-3.380,0.783,169.724,0.1353,0.0576,0.7832,
56.608,IMU,-61.2263,41.8862,-9.6700,-13.7206,-13.0388,295.396,-3.496,0.740,169.733,0.1274,-0.0020,0.9683,
56.624,ENC,-61.5160,41.6084,-9.9538,-14.4876,-13.8910,295.430,-3.496,0.740,169.733,0.1274,-0.0020,0.9683,
56.628,IMU,-61.5160,41.6084,-9.9538,-14.4876,-13.8910,295.430,-3.398,0.694,169.706,0.0186,-0.0410,1.0742,
56.648,IMU,-61.5160,41.6084,-9.9538,-14.4876,-13.8910,295.430,-3.394,0.722,169.694,-0.0034,0.0073,1.0820,
56.657,ENC,-61.8245,41.3152,-10.2547,-15.4250,-14.6580,295.474,-3.394,0.722,169.694,-0.0034,0.0073,1.0820,
56.662,ENC,-62.1143,41.0272,-10.5436,-14.4876,-14.4024,295.479,-3.394,0.722,169.694,-0.0034,0.0073,1.0820,
56.668,IMU,-62.1143,41.0272,-10.5436,-14.4876,-14.4024,295.479,-3.395,0.772,169.630,0.1006,0.0518,0.9316,
56.683,ENC,-62.3751,40.7493,-10.8129,-13.0388,-13.8910,295.430,-3.395,0.772,169.630,0.1006,0.0518,0.9316,
56.688,IMU,-62.3751,40.7493,-10.8129,-13.0388,-13.8910,295.430,-3.373,0.706,169.555,0.0215,-0.0508,1.1118,
56.704,ENC,-62.6205,40.4460,-11.0873,-12.2718,-15.1694,295.264,-3.373,0.706,169.555,0.0215,-0.0508,1.1118,
56.708,IMU,-62.6205,40.4460,-11.0873,-12.2718,-15.1694,295.264,-3.373,0.798,169.478,0.0459,0.0874,0.9707,
56.723,ENC,-62.9068,40.1221,-11.3924,-14.3172,-16.1920,295.156,-3.373,0.798,169.478,0.0459,0.0874,0.9707,
56.728,IMU,-62.9068,40.1221,-11.3924,-14.3172,-16.1920,295.156,-3.341,0.856,169.433,0.0391,0.0430,0.9814,
56.744,ENC,-63.1608,39.8273,-11.6668,-12.6980,-14.7433,295.039,-3.341,0.856,169.433,0.0391,0.0430,0.9814,
56.748,IMU,-63.1608,39.8273,-11.6668,-12.6980,-14.7433,295.039,-3.300,0.950,169.367,0.0508,0.0649,0.9453,
56.763,ENC,-63.4165,39.5307,-11.9429,-12.7832,-14.8285,294.922,-3.300,0.950,169.367,0.0508,0.0649,0.9453,
56.769,IMU,-63.4165,39.5307,-11.9429,-12.7832,-14.8285,294.922,-3.324,0.954,169.318,0.1152,0.0029,1.0181,
56.783,ENC,-63.6721,39.2222,-12.2250,-12.7832,-15.4250,294.771,-3.324,0.954,169.318,0.1152,0.0029,1.0181,
56.788,IMU,-63.6721,39.2222,-12.2250,-12.7832,-15.4250,294.771,-3.357,0.967,169.272,0.0303,0.0459,1.1226,
56.803,ENC,-63.9363,38.9052,-12.5156,-13.2093,-15.8511,294.619,-3.357,0.967,169.272,0.0303,0.0459,1.1226,
56.808,IMU,-63.9363,38.9052,-12.5156,-13.2093,-15.8511,294.619,-3.411,1.051,169.173,0.1479,0.0747,0.9380,
56.822,ENC,-64.2295,38.5830,-12.8232,-14.6580,-16.1068,294.536,-3.411,1.051,169.173,0.1479,0.0747,0.9380,
56.828,IMU,-64.2295,38.5830,-12.8232,-14.6580,-16.1068,294.536,-3.391,1.136,169.165,-0.0688,0.0811,1.1309,
56.843,ENC,-64.5601,38.2421,-13.1590,-16.5329,-17.0442,294.507,-3.391,1.136,169.165,-0.0688,0.0811,1.1309,
56.848,IMU,-64.5601,38.2421,-13.1590,-16.5329,-17.0442,294.507,-3.452,1.189,169.154,0.0420,0.0864,1.0645,
56.862,ENC,-64.8993,37.9047,-13.4973,-16.9590,-16.8738,294.512,-3.452,1.189,169.154,0.0420,0.0864,1.0645,
56.868,IMU,-64.8993,37.9047,-13.4973,-16.9590,-16.8738,294.512,-3.502,1.170,169.069,0.0698,-0.0039,1.0029,
56.882,ENC,-65.2572,37.5484,-13.8544,-17.8964,-17.8112,294.517,-3.502,1.170,169.069,0.0698,-0.0039,1.0029,
56.888,IMU,-65.2572,37.5484,-13.8544,-17.8964,-17.8112,294.517,-3.615,1.144,169.033,0.1460,-0.0200,0.9146,
56.904,ENC,-65.6049,37.1803,-14.2123,-17.3851,-18.4078,294.458,-3.615,1.144,169.033,0.1460,-0.0200,0.9146,
56.908,IMU,-65.6049,37.1803,-14.2123,-17.3851,-18.4078,294.458,-3.610,1.132,169.020,0.0171,0.0254,1.0386,
56.923,ENC,-65.9390,36.8377,-14.5507,-16.7033,-17.1295,294.434,-3.610,1.132,169.020,0.0171,0.0254,1.0386,
56.928,IMU,-65.9390,36.8377,-14.5507,-16.7033,-17.1295,294.434,-3.566,1.083,169.011,0.0376,-0.0532,1.0698,
56.943,ENC,-66.2663,36.4900,-14.8881,-16.3625,-17.3851,294.375,-3.566,1.083,169.011,0.0376,-0.0532,1.0698,
56.948,IMU,-66.2663,36.4900,-14.8881,-16.3625,-17.3851,294.375,-3.538,1.142,168.954,0.0688,0.0352,1.0435,
56.962,ENC,-66.5662,36.1576,-15.2043,-14.9989,-16.6181,294.282,-3.538,1.142,168.954,0.0688,0.0352,1.0435,
56.968,IMU,-66.5662,36.1576,-15.2043,-14.9989,-16.6181,294.282,-3.409,1.073,168.931,-0.0391,-0.0190,1.1714,
56.983,ENC,-66.8696,35.8219,-15.5239,-15.1694,-16.7886,294.189,-3.409,1.073,168.931,-0.0391,-0.0190,1.1714,
56.988,IMU,-66.8696,35.8219,-15.5239,-15.1694,-16.7886,294.189,-3.492,1.053,168.847,0.0654,-0.0117,0.9253,
57.003,ENC,-67.1611,35.4878,-15.8366,-14.5728,-16.7033,294.067,-3.492,1.053,168.847,0.0654,-0.0117,0.9253,
57.008,IMU,-67.1611,35.4878,-15.8366,-14.5728,-16.7033,294.067,-3.557,0.908,168.805,0.1328,-0.0791,1.0850,
57.023,ENC,-67.4611,35.1588,-16.1511,-14.9989,-16.4477,293.984,-3.557,0.908,168.805,0.1328,-0.0791,1.0850,
57.028,IMU,-67.4611,35.1588,-16.1511,-14.9989,-16.4477,293.984,-3.696,0.889,168.778,0.1948,0.0034,0.9175,
57.044,ENC,-67.7474,34.8145,-16.4664,-14.3172,-17.2147,293.818,-3.696,0.889,168.778,0.1948,0.0034,0.9175,
57.048,IMU,-67.7474,34.8145,-16.4664,-14.3172,-17.2147,293.818,-3.745,0.652,168.599,0.1572,-0.1196,1.0044,
57.062,ENC,-68.0355,34.4651,-16.7852,-14.4024,-17.4703,293.643,-3.745,0.652,168.599,0.1572,-0.1196,1.0044,
57.067,IMU,-68.0355,34.4651,-16.7852,-14.4024,-17.4703,293.643,-3.703,0.719,168.453,0.0366,-0.0112,1.0332,
57.083,ENC,-68.3423,34.0987,-17.1218,-15.3398,-18.3225,293.472,-3.703,0.719,168.453,0.0366,-0.0112,1.0332,
57.088,IMU,-68.3423,34.0987,-17.1218,-15.3398,-18.3225,293.472,-3.608,0.571,168.307,-0.0107,-0.1284,0.9282,
57.103,ENC,-68.6576,33.7885,-17.4345,-15.7659,-15.5103,293.486,-3.608,0.571,168.307,-0.0107,-0.1284,0.9282,
57.108,IMU,-68.6576,33.7885,-17.4345,-15.7659,-15.5103,293.486,-3.585,0.571,168.284,0.0776,0.0410,0.9692,
57.123,ENC,-68.9593,33.4732,-17.7430,-15.0841,-15.7659,293.447,-3.585,0.571,168.284,0.0776,0.0410,0.9692,
57.128,IMU,-68.9593,33.4732,-17.7430,-15.0841,-15.7659,293.447,-3.629,0.607,168.225,0.0771,0.0488,0.8838,
57.144,ENC,-69.2643,33.1238,-18.0703,-15.2546,-17.4703,293.320,-3.629,0.607,168.225,0.0771,0.0488,0.8838,
57.148,IMU,-69.2643,33.1238,-18.0703,-15.2546,-17.4703,293.320,-3.694,0.537,168.236,0.0933,-0.0425,0.9526,
57.162,ENC,-69.5592,32.8238,-18.3677,-14.7433,-14.9989,293.306,-3.694,0.537,168.236,0.0933,-0.0425,0.9526,
57.168,IMU,-69.5592,32.8238,-18.3677,-14.7433,-14.9989,293.306,-3.753,0.458,168.159,0.1177,-0.0654,0.9834,
57.183,ENC,-69.8251,32.5238,-18.6506,-13.2945,-14.9989,293.208,-3.753,0.458,168.159,0.1177,-0.0654,0.9834,
57.188,IMU,-69.8251,32.5238,-18.6506,-13.2945,-14.9989,293.208,-3.759,0.564,168.048,0.0889,0.0708,0.9268,
57.205,ENC,-70.0876,32.2375,-18.9251,-13.1241,-14.3172,293.140,-3.759,0.564,168.048,0.0889,0.0708,0.9268,
57.209,IMU,-70.0876,32.2375,-18.9251,-13.1241,-14.3172,293.140,-3.755,0.487,167.957,0.1172,-0.1006,1.0845,
57.225,ENC,-70.3194,31.9409,-19.1892,-11.5901,-14.8285,292.954,-3.755,0.487,167.957,0.1172,-0.1006,1.0845,
57.228,IMU,-70.3194,31.9409,-19.1892,-11.5901,-14.8285,292.954,-3.751,0.427,167.784,0.1089,-0.0371,0.9663,
57.248,IMU,-70.3194,31.9409,-19.1892,-11.5901,-14.8285,292.954,-3.708,0.361,167.495,0.1147,-0.0332,0.9771,
57.263,ENC,-70.6824,31.3256,-19.6784,-9.0761,-15.3824,292.231,-3.708,0.361,167.495,0.1147,-0.0332,0.9771,
57.270,IMU,-70.6824,31.3256,-19.6784,-9.0761,-15.3824,292.231,-3.699,0.174,167.180,0.0449,-0.0801,1.0039,
57.284,ENC,-70.8154,31.0222,-19.8966,-6.6473,-15.1694,291.743,-3.699,0.174,167.180,0.0449,-0.0801,1.0039,
57.288,IMU,-70.8154,31.0222,-19.8966,-6.6473,-15.1694,291.743,-3.698,-0.008,166.794,0.0459,-0.1113,0.9824,
57.303,ENC,-70.9330,30.7103,-20.1113,-5.8803,-15.5955,291.187,-3.698,-0.008,166.794,0.0459,-0.1113,0.9824,
57.309,IMU,-70.9330,30.7103,-20.1113,-5.8803,-15.5955,291.187,-3.571,-0.131,166.362,-0.0913,-0.0679,1.1460,
57.322,ENC,-71.0301,30.4154,-20.3073,-4.8576,-14.7433,290.620,-3.571,-0.131,166.362,-0.0913,-0.0679,1.1460,
57.328,IMU,-71.0301,30.4154,-20.3073,-4.8576,-14.7433,290.620,-3.660,-0.249,165.948,0.0615,-0.1001,0.9434,
57.344,ENC,-71.1119,30.1018,-20.5051,-4.0906,-15.6807,289.956,-3.660,-0.249,165.948,0.0615,-0.1001,0.9434,
57.349,IMU,-71.1119,30.1018,-20.5051,-4.0906,-15.6807,289.956,-3.664,-0.300,165.485,0.0723,-0.0649,1.0029,
57.362,ENC,-71.1955,29.8001,-20.6977,-4.1758,-15.0841,289.331,-3.664,-0.300,165.485,0.0723,-0.0649,1.0029,
57.369,IMU,-71.1955,29.8001,-20.6977,-4.1758,-15.0841,289.331,-3.663,-0.290,165.035,0.0278,0.0298,1.0400,
57.383,ENC,-71.2722,29.5172,-20.8775,-3.8350,-14.1467,288.740,-3.663,-0.290,165.035,0.0278,0.0298,1.0400,
57.388,IMU,-71.2722,29.5172,-20.8775,-3.8350,-14.1467,288.740,-3.623,-0.478,164.541,0.0371,-0.1860,0.9390,
57.403,ENC,-71.3489,29.2377,-21.0556,-3.8350,-13.9763,288.159,-3.623,-0.478,164.541,0.0371,-0.1860,0.9390,
57.411,IMU,-71.3489,29.2377,-21.0556,-3.8350,-13.9763,288.159,-3.662,-0.668,164.073,0.1147,-0.1211,0.8154,
57.422,ENC,-71.4136,28.9769,-21.2184,-3.2384,-13.0388,287.598,-3.662,-0.668,164.073,0.1147,-0.1211,0.8154,
57.428,IMU,-71.4136,28.9769,-21.2184,-3.2384,-13.0388,287.598,-3.635,-0.664,163.616,0.0854,-0.0117,1.0078,
57.443,ENC,-71.4801,28.7195,-21.3803,-3.3236,-12.8684,287.051,-3.635,-0.664,163.616,0.0854,-0.0117,1.0078,
57.448,IMU,-71.4801,28.7195,-21.3803,-3.3236,-12.8684,287.051,-3.690,-0.596,163.134,0.0962,0.0605,1.0044,
57.462,ENC,-71.5363,28.4588,-21.5388,-2.8123,-13.0388,286.465,-3.690,-0.596,163.134,0.0962,0.0605,1.0044,
57.468,IMU,-71.5363,28.4588,-21.5388,-2.8123,-13.0388,286.465,-3.698,-0.477,162.665,0.0605,0.1284,1.0908,
57.483,ENC,-71.5994,28.1775,-21.7109,-3.1532,-14.0615,285.840,-3.698,-0.477,162.665,0.0605,0.1284,1.0908,
57.488,IMU,-71.5994,28.1775,-21.7109,-3.1532,-14.0615,285.840,-3.896,-0.508,162.248,0.1709,0.0107,0.8682,
57.503,ENC,-71.6574,27.8980,-21.8797,-2.8975,-13.9763,285.205,-3.896,-0.508,162.248,0.1709,0.0107,0.8682,
57.509,IMU,-71.6574,27.8980,-21.8797,-2.8975,-13.9763,285.205,-3.949,-0.581,161.838,0.0879,-0.0933,1.0234,
57.522,ENC,-71.7119,27.6151,-22.0484,-2.7271,-14.1467,284.551,-3.949,-0.581,161.838,0.0879,-0.0933,1.0234,
57.528,IMU,-71.7119,27.6151,-22.0484,-2.7271,-14.1467,284.551,-3.908,-0.496,161.412,0.0615,0.0840,1.0005,
57.544,ENC,-71.7698,27.3219,-22.2240,-2.8975,-14.6580,283.877,-3.908,-0.496,161.412,0.0615,0.0840,1.0005,
57.548,IMU,-71.7698,27.3219,-22.2240,-2.8975,-14.6580,283.877,-3.915,-0.492,161.001,0.0459,-0.0161,1.0259,
57.563,ENC,-71.8227,27.0475,-22.3876,-2.6419,-13.7206,283.242,-3.915,-0.492,161.001,0.0459,-0.0161,1.0259,
57.568,IMU,-71.8227,27.0475,-22.3876,-2.6419,-13.7206,283.242,-3.811,-0.494,160.546,-0.0122,0.0107,1.0342,
57.583,ENC,-71.8687,26.7833,-22.5427,-2.3010,-13.2093,282.617,-3.811,-0.494,160.546,-0.0122,0.0107,1.0342,
57.588,IMU,-71.8687,26.7833,-22.5427,-2.3010,-13.2093,282.617,-3.904,-0.458,160.077,0.1758,0.0244,0.9585,
57.603,ENC,-71.9164,26.5038,-22.7063,-2.3862,-13.9763,281.953,-3.904,-0.458,160.077,0.1758,0.0244,0.9585,
57.609,IMU,-71.9164,26.5038,-22.7063,-2.3862,-13.9763,281.953,-3.906,-0.431,159.594,0.0757,0.0615,0.9424,
57.622,ENC,-71.9607,26.1919,-22.8844,-2.2158,-15.5955,281.187,-3.906,-0.431,159.594,0.0757,0.0615,0.9424,
57.628,IMU,-71.9607,26.1919,-22.8844,-2.2158,-15.5955,281.187,-3.891,-0.450,159.141,0.0879,0.0229,0.9434,
57.649,IMU,-71.9607,26.1919,-22.8844,-2.2158,-15.5955,281.187,-4.023,-0.423,158.673,0.1831,0.0142,0.8105,
57.664,ENC,-72.0511,25.6499,-23.2006,-2.2584,-13.5502,279.893,-4.023,-0.423,158.673,0.1831,0.0142,0.8105,
57.668,IMU,-72.0511,25.6499,-23.2006,-2.2584,-13.5502,279.893,-3.971,-0.384,158.252,0.0371,0.0112,1.0859,
57.683,ENC,-72.0954,25.3976,-23.3489,-2.2158,-12.6127,279.297,-3.971,-0.384,158.252,0.0371,0.0112,1.0859,
57.688,IMU,-72.0954,25.3976,-23.3489,-2.2158,-12.6127,279.297,-3.938,-0.435,157.824,0.0239,-0.0420,1.0498,
57.704,ENC,-72.1431,25.1385,-23.5023,-2.3862,-12.9536,278.691,-3.938,-0.435,157.824,0.0239,-0.0420,1.0498,
57.709,IMU,-72.1431,25.1385,-23.5023,-2.3862,-12.9536,278.691,-3.964,-0.459,157.386,0.1187,0.0200,0.9443,
57.724,ENC,-72.1891,24.8692,-23.6599,-2.3010,-13.4649,278.052,-3.964,-0.459,157.386,0.1187,0.0200,0.9443,
57.728,IMU,-72.1891,24.8692,-23.6599,-2.3010,-13.4649,278.052,-3.922,-0.433,156.963,0.0049,0.0806,1.0215,
57.743,ENC,-72.2317,24.5982,-23.8168,-2.1305,-13.5502,277.397,-3.922,-0.433,156.963,0.0049,0.0806,1.0215,
57.748,IMU,-72.2317,24.5982,-23.8168,-2.1305,-13.5502,277.397,-3.903,-0.429,156.475,0.0537,0.0366,0.9761,
57.765,ENC,-72.2795,24.3272,-23.9761,-2.3862,-13.5502,276.758,-3.903,-0.429,156.475,0.0537,0.0366,0.9761,
57.769,IMU,-72.2795,24.3272,-23.9761,-2.3862,-13.5502,276.758,-3.838,-0.267,156.031,-0.0142,0.1406,1.0884,
57.783,ENC,-72.3221,24.0596,-24.1312,-2.1305,-13.3797,276.113,-3.838,-0.267,156.031,-0.0142,0.1406,1.0884,
57.788,IMU,-72.3221,24.0596,-24.1312,-2.1305,-13.3797,276.113,-3.761,-0.262,155.629,-0.0020,-0.0215,1.0312,
57.803,ENC,-72.3681,23.7750,-24.2966,-2.3010,-14.2319,275.430,-3.761,-0.262,155.629,-0.0020,-0.0215,1.0312,
57.808,IMU,-72.3681,23.7750,-24.2966,-2.3010,-14.2319,275.430,-3.821,-0.283,155.157,0.1318,0.0166,0.9443,
57.828,IMU,-72.3681,23.7750,-24.2966,-2.3010,-14.2319,275.430,-3.794,-0.276,154.750,-0.0166,0.0229,1.1245,
57.842,ENC,-72.4124,23.4818,-24.4653,-2.2158,-14.6580,274.717,-3.794,-0.276,154.750,-0.0166,0.0229,1.1245,
57.853,IMU,-72.4124,23.4818,-24.4653,-2.2158,-14.6580,274.717,-3.777,-0.295,154.327,0.0200,0.0122,1.0239,
57.864,ENC,-72.5062,22.9143,-24.7959,-2.3436,-14.1893,273.359,-3.777,-0.295,154.327,0.0200,0.0122,1.0239,
57.883,ENC,-72.5488,22.6467,-24.9510,-2.1305,-13.3797,272.715,-3.777,-0.295,154.327,0.0200,0.0122,1.0239,
57.886,IMU,-72.5488,22.6467,-24.9510,-2.1305,-13.3797,272.715,-3.794,-0.264,153.859,0.0498,0.0264,0.9707,
57.890,IMU,-72.5488,22.6467,-24.9510,-2.1305,-13.3797,272.715,-3.686,-0.374,153.447,-0.0312,-0.0562,1.0674,
57.903,ENC,-72.5914,22.3893,-25.1010,-2.1305,-12.8684,272.100,-3.686,-0.374,153.447,-0.0312,-0.0562,1.0674,
57.908,IMU,-72.5914,22.3893,-25.1010,-2.1305,-12.8684,272.100,-3.664,-0.415,152.964,0.0581,-0.0273,1.0493,
57.923,ENC,-72.6374,22.1132,-25.2621,-2.3010,-13.8058,271.440,-3.664,-0.415,152.964,0.0581,-0.0273,1.0493,
57.929,IMU,-72.6374,22.1132,-25.2621,-2.3010,-13.8058,271.440,-3.714,-0.486,152.437,0.1074,-0.0244,0.9771,
57.952,ENC,-72.6783,21.8609,-25.4087,-2.0453,-12.6127,270.835,-3.714,-0.486,152.437,0.1074,-0.0244,0.9771,
57.963,ENC,-72.7209,21.5848,-25.5681,-2.1305,-13.8058,270.166,-3.714,-0.486,152.437,0.1074,-0.0244,0.9771,
57.974,IMU,-72.7209,21.5848,-25.5681,-2.1305,-13.8058,270.166,-3.792,-0.705,151.986,0.2090,-0.1436,0.8281,
57.976,IMU,-72.7209,21.5848,-25.5681,-2.1305,-13.8058,270.166,-3.791,-0.673,151.554,0.0811,0.0649,1.0166,
57.984,ENC,-72.7601,21.3172,-25.7214,-1.9601,-13.3797,269.512,-3.791,-0.673,151.554,0.0811,0.0649,1.0166,
57.988,IMU,-72.7601,21.3172,-25.7214,-1.9601,-13.3797,269.512,-3.785,-0.643,151.104,0.0493,0.0444,0.9849,
58.002,ENC,-72.7874,21.0479,-25.8697,-1.3635,-13.4649,268.818,-3.785,-0.643,151.104,0.0493,0.0444,0.9849,
58.008,IMU,-72.7874,21.0479,-25.8697,-1.3635,-13.4649,268.818,-3.778,-0.542,150.615,0.0479,0.1035,1.0771,
58.024,ENC,-72.8181,20.7650,-26.0265,-1.5340,-14.1467,268.096,-3.778,-0.542,150.615,0.0479,0.1035,1.0771,
58.029,IMU,-72.8181,20.7650,-26.0265,-1.5340,-14.1467,268.096,-3.844,-0.647,150.217,0.1392,-0.0459,0.9209,
58.046,ENC,-72.8487,20.4735,-26.1876,-1.5340,-14.5728,267.349,-3.844,-0.647,150.217,0.1392,-0.0459,0.9209,
58.049,IMU,-72.8487,20.4735,-26.1876,-1.5340,-14.5728,267.349,-3.785,-0.605,149.740,-0.0337,0.0195,1.1494,
58.062,ENC,-72.8777,20.1906,-26.3436,-1.4488,-14.1467,266.621,-3.785,-0.605,149.740,-0.0337,0.0195,1.1494,
58.069,IMU,-72.8777,20.1906,-26.3436,-1.4488,-14.1467,266.621,-3.727,-0.676,149.313,-0.0361,-0.0796,1.1616,
58.084,ENC,-72.9118,19.9043,-26.5038,-1.7044,-14.3172,265.898,-3.727,-0.676,149.313,-0.0361,-0.0796,1.1616,
58.088,IMU,-72.9118,19.9043,-26.5038,-1.7044,-14.3172,265.898,-3.755,-0.725,148.858,0.0625,-0.0059,0.9194,
58.104,ENC,-72.9425,19.6367,-26.6529,-1.5340,-13.3797,265.220,-3.755,-0.725,148.858,0.0625,-0.0059,0.9194,
58.108,IMU,-72.9425,19.6367,-26.6529,-1.5340,-13.3797,265.220,-3.684,-0.710,148.346,0.0000,0.0371,1.0845,
58.133,ENC,-72.9732,19.3247,-26.8242,-1.5340,-15.5955,264.414,-3.684,-0.710,148.346,0.0000,0.0371,1.0845,
58.143,IMU,-72.9732,19.3247,-26.8242,-1.5340,-15.5955,264.414,-3.775,-0.709,147.886,0.1934,0.0430,0.8511,
58.147,ENC,-73.0124,19.0572,-26.9776,-1.9601,-13.3797,263.760,-3.775,-0.709,147.886,0.1934,0.0430,0.8511,
58.150,IMU,-73.0124,19.0572,-26.9776,-1.9601,-13.3797,263.760,-3.843,-0.822,147.373,0.1064,-0.0596,0.8281,
58.163,ENC,-73.0431,18.7708,-27.1361,-1.5340,-14.3172,263.027,-3.843,-0.822,147.373,0.1064,-0.0596,0.8281,
58.168,IMU,-73.0431,18.7708,-27.1361,-1.5340,-14.3172,263.027,-3.845,-0.920,146.933,-0.0190,-0.0474,1.0503,
58.183,ENC,-73.0771,18.4947,-27.2912,-1.7044,-13.8058,262.334,-3.845,-0.920,146.933,-0.0190,-0.0474,1.0503,
58.188,IMU,-73.0771,18.4947,-27.2912,-1.7044,-13.8058,262.334,-3.853,-0.902,146.501,0.0767,0.0674,1.0737,
58.203,ENC,-73.1129,18.2339,-27.4395,-1.7896,-13.0388,261.689,-3.853,-0.902,146.501,0.0767,0.0674,1.0737,
58.208,IMU,-73.1129,18.2339,-27.4395,-1.7896,-13.0388,261.689,-3.844,-0.941,146.059,0.0049,-0.0054,1.0537,
58.224,ENC,-73.1470,17.9561,-27.5955,-1.7044,-13.8910,260.991,-3.844,-0.941,146.059,0.0049,-0.0054,1.0537,
58.231,IMU,-73.1470,17.9561,-27.5955,-1.7044,-13.8910,260.991,-3.747,-0.956,145.569,-0.0562,-0.0239,1.0674,
58.243,ENC,-73.1828,17.6715,-27.7557,-1.7896,-14.2319,260.278,-3.747,-0.956,145.569,-0.0562,-0.0239,1.0674,
58.250,IMU,-73.1828,17.6715,-27.7557,-1.7896,-14.2319,260.278,-3.774,-0.946,145.117,0.1328,0.0542,0.9189,
58.263,ENC,-73.2203,17.3970,-27.9116,-1.8749,-13.7206,259.600,-3.774,-0.946,145.117,0.1328,0.0542,0.9189,
58.268,IMU,-73.2203,17.3970,-27.9116,-1.8749,-13.7206,259.600,-3.742,-0.997,144.644,0.0718,0.0024,1.0195,
58.283,ENC,-73.2578,17.1073,-28.0753,-1.8749,-14.4876,258.877,-3.742,-0.997,144.644,0.0718,0.0024,1.0195,
58.288,IMU,-73.2578,17.1073,-28.0753,-1.8749,-14.4876,258.877,-3.836,-1.222,144.218,0.1646,-0.1387,0.9009,
58.303,ENC,-73.2936,16.8175,-28.2380,-1.7896,-14.4876,258.149,-3.836,-1.222,144.218,0.1646,-0.1387,0.9009,
58.308,IMU,-73.2936,16.8175,-28.2380,-1.7896,-14.4876,258.149,-3.783,-1.382,143.752,-0.0029,-0.0913,0.9824,
58.323,ENC,-73.3311,16.5227,-28.4042,-1.8749,-14.7433,257.412,-3.783,-1.382,143.752,-0.0029,-0.0913,0.9824,
58.328,IMU,-73.3311,16.5227,-28.4042,-1.8749,-14.7433,257.412,-3.870,-1.482,143.290,0.1885,-0.0596,0.9116,
58.343,ENC,-73.3703,16.2159,-28.5772,-1.9601,-15.3398,256.646,-3.870,-1.482,143.290,0.1885,-0.0596,0.9116,
58.349,IMU,-73.3703,16.2159,-28.5772,-1.9601,-15.3398,256.646,-3.845,-1.619,142.822,0.0000,-0.1187,1.1309,
58.363,ENC,-73.4078,15.9193,-28.7442,-1.8749,-14.8285,255.903,-3.845,-1.619,142.822,0.0000,-0.1187,1.1309,
58.368,IMU,-73.4078,15.9193,-28.7442,-1.8749,-14.8285,255.903,-4.096,-1.645,142.361,0.2212,0.0039,0.7100,
58.383,ENC,-73.4487,15.6364,-28.9062,-2.0453,-14.1467,255.210,-4.096,-1.645,142.361,0.2212,0.0039,0.7100,
58.388,IMU,-73.4487,15.6364,-28.9062,-2.0453,-14.1467,255.210,-4.142,-1.665,141.824,0.0762,0.0220,0.9043,
58.405,ENC,-73.4913,15.3347,-29.0783,-2.1305,-15.0841,254.468,-4.142,-1.665,141.824,0.0762,0.0220,0.9043,
58.408,IMU,-73.4913,15.3347,-29.0783,-2.1305,-15.0841,254.468,-4.223,-1.693,141.389,0.1187,-0.0322,0.8384,
58.423,ENC,-73.5305,15.0603,-29.2351,-1.9601,-13.7206,253.794,-4.223,-1.693,141.389,0.1187,-0.0322,0.8384,
58.428,IMU,-73.5305,15.0603,-29.2351,-1.9601,-13.7206,253.794,-4.097,-1.753,140.928,-0.0293,-0.0493,1.0972,
58.445,ENC,-73.5748,14.7825,-29.3962,-2.2158,-13.8910,253.125,-4.097,-1.753,140.928,-0.0293,-0.0493,1.0972,
58.449,IMU,-73.5748,14.7825,-29.3962,-2.2158,-13.8910,253.125,-4.086,-1.738,140.426,0.0693,-0.0078,0.8989,
58.482,IMU,-73.5748,14.7825,-29.3962,-2.2158,-13.8910,253.125,-4.192,-1.755,139.963,0.1807,-0.0254,0.9258,
58.490,IMU,-73.5748,14.7825,-29.3962,-2.2158,-13.8910,253.125,-4.116,-1.877,139.521,0.1313,-0.0762,0.9556,
58.490,ENC,-73.6174,14.4893,-29.5641,-2.1305,-14.6580,252.407,-4.116,-1.877,139.521,0.1313,-0.0762,0.9556,
58.492,ENC,-73.6618,14.2030,-29.7294,-2.2158,-14.3172,251.714,-4.116,-1.877,139.521,0.1313,-0.0762,0.9556,
58.503,ENC,-73.7078,13.9132,-29.8973,-2.3010,-14.4876,251.016,-4.116,-1.877,139.521,0.1313,-0.0762,0.9556,
58.508,IMU,-73.7078,13.9132,-29.8973,-2.3010,-14.4876,251.016,-4.153,-1.896,139.079,0.0854,0.0151,0.9497,
58.523,ENC,-73.7504,13.6166,-30.0669,-2.1305,-14.8285,250.288,-4.153,-1.896,139.079,0.0854,0.0151,0.9497,
58.532,IMU,-73.7504,13.6166,-30.0669,-2.1305,-14.8285,250.288,-4.089,-1.882,138.555,0.0225,0.0488,0.9761,
58.543,ENC,-73.7998,13.3064,-30.2467,-2.4714,-15.5103,249.541,-4.089,-1.882,138.555,0.0225,0.0488,0.9761,
58.548,IMU,-73.7998,13.3064,-30.2467,-2.4714,-15.5103,249.541,-4.020,-1.940,138.079,0.0205,-0.0771,0.9756,
58.568,ENC,-73.8509,13.0030,-30.4240,-2.5566,-15.1694,248.818,-4.020,-1.940,138.079,0.0205,-0.0771,0.9756,
58.571,IMU,-73.8509,13.0030,-30.4240,-2.5566,-15.1694,248.818,-4.050,-1.931,137.592,0.0508,-0.0464,0.9902,
58.583,ENC,-73.9038,12.7201,-30.5918,-2.6419,-14.1467,248.159,-4.050,-1.931,137.592,0.0508,-0.0464,0.9902,
58.588,IMU,-73.9038,12.7201,-30.5918,-2.6419,-14.1467,248.159,-4.028,-1.924,137.135,0.1055,-0.0098,1.0190,
58.603,ENC,-73.9668,12.3895,-30.7887,-3.1532,-16.5329,247.393,-4.028,-1.924,137.135,0.1055,-0.0098,1.0190,
58.609,IMU,-73.9668,12.3895,-30.7887,-3.1532,-16.5329,247.393,-3.943,-1.862,136.666,-0.0020,0.0820,1.1177,
58.622,ENC,-74.0231,12.0929,-30.9651,-2.8123,-14.8285,246.704,-3.943,-1.862,136.666,-0.0020,0.0820,1.1177,
58.631,IMU,-74.0231,12.0929,-30.9651,-2.8123,-14.8285,246.704,-3.959,-2.007,136.209,0.1152,-0.0884,0.8516,
58.651,IMU,-74.0231,12.0929,-30.9651,-2.8123,-14.8285,246.704,-4.075,-1.891,135.801,0.1211,0.0298,0.9004,
58.672,IMU,-74.0231,12.0929,-30.9651,-2.8123,-14.8285,246.704,-4.085,-1.916,135.394,0.0757,-0.0537,0.9771,
58.672,ENC,-74.1543,11.5185,-31.3179,-3.2810,-14.3598,245.435,-4.085,-1.916,135.394,0.0757,-0.0537,0.9771,
58.683,ENC,-74.2259,11.2424,-31.4918,-3.5793,-13.8058,244.849,-4.085,-1.916,135.394,0.0757,-0.0537,0.9771,
58.688,IMU,-74.2259,11.2424,-31.4918,-3.5793,-13.8058,244.849,-4.126,-1.890,135.054,0.1299,-0.0161,0.9478,
58.703,ENC,-74.2992,10.9577,-31.6707,-3.6645,-14.2319,244.243,-4.126,-1.890,135.054,0.1299,-0.0161,0.9478,
58.708,IMU,-74.2992,10.9577,-31.6707,-3.6645,-14.2319,244.243,-4.067,-1.816,134.673,-0.0674,0.0972,1.1240,
58.727,ENC,-74.3674,10.6765,-31.8454,-3.4088,-14.0615,243.633,-4.067,-1.816,134.673,-0.0674,0.0972,1.1240,
58.743,ENC,-74.4407,10.3782,-32.0312,-3.6645,-14.9137,242.988,-4.067,-1.816,134.673,-0.0674,0.0972,1.1240,
58.748,IMU,-74.4407,10.3782,-32.0312,-3.6645,-14.9137,242.988,-4.135,-1.788,133.947,0.0723,0.0630,1.0322,
58.763,ENC,-74.5123,10.0748,-32.2187,-3.5793,-15.1694,242.324,-4.135,-1.788,133.947,0.0723,0.0630,1.0322,
58.768,IMU,-74.5123,10.0748,-32.2187,-3.5793,-15.1694,242.324,-4.078,-1.777,133.606,0.0132,0.0181,1.0591,
58.783,ENC,-74.5839,9.7868,-32.3985,-3.5793,-14.4024,241.704,-4.078,-1.777,133.606,0.0132,0.0181,1.0591,
58.788,IMU,-74.5839,9.7868,-32.3985,-3.5793,-14.4024,241.704,-4.139,-1.805,133.257,0.1216,-0.0508,0.8823,
58.803,ENC,-74.6623,9.4681,-32.5971,-3.9202,-15.9364,241.016,-4.139,-1.805,133.257,0.1216,-0.0508,0.8823,
58.808,IMU,-74.6623,9.4681,-32.5971,-3.9202,-15.9364,241.016,-4.172,-1.868,132.884,0.0840,-0.0361,0.9971,
58.823,ENC,-74.7441,9.1613,-32.7914,-4.0906,-15.3398,240.371,-4.172,-1.868,132.884,0.0840,-0.0361,0.9971,
58.829,IMU,-74.7441,9.1613,-32.7914,-4.0906,-15.3398,240.371,-4.077,-1.959,132.440,0.0264,-0.0918,1.0625,
58.844,ENC,-74.8276,8.8681,-32.9797,-4.1758,-14.6580,239.771,-4.077,-1.959,132.440,0.0264,-0.0918,1.0625,
58.848,IMU,-74.8276,8.8681,-32.9797,-4.1758,-14.6580,239.771,-4.074,-2.039,132.032,0.1221,-0.0640,1.0420,
58.866,ENC,-74.9111,8.5715,-33.1698,-4.1758,-14.8285,239.160,-4.074,-2.039,132.032,0.1221,-0.0640,1.0420,
58.869,IMU,-74.9111,8.5715,-33.1698,-4.1758,-14.8285,239.160,-3.979,-2.165,131.576,0.0542,-0.1309,1.0127,
58.882,ENC,-74.9912,8.2903,-33.3504,-4.0054,-14.0615,238.584,-3.979,-2.165,131.576,0.0542,-0.1309,1.0127,
58.888,IMU,-74.9912,8.2903,-33.3504,-4.0054,-14.0615,238.584,-3.959,-2.110,131.129,0.0649,0.0161,0.9917,
58.903,ENC,-75.0764,8.0074,-33.5345,-4.2611,-14.1467,238.018,-3.959,-2.110,131.129,0.0649,0.0161,0.9917,
58.908,IMU,-75.0764,8.0074,-33.5345,-4.2611,-14.1467,238.018,-3.895,-1.988,130.752,0.0327,0.0713,1.0137,
58.923,ENC,-75.1668,7.7227,-33.7220,-4.5167,-14.2319,237.461,-3.895,-1.988,130.752,0.0327,0.0713,1.0137,
58.929,IMU,-75.1668,7.7227,-33.7220,-4.5167,-14.2319,237.461,-3.809,-2.120,130.348,0.0679,-0.0923,0.9434,
58.947,ENC,-75.2469,7.4432,-33.9018,-4.0054,-13.9763,236.890,-3.809,-2.120,130.348,0.0679,-0.0923,0.9434,
58.950,IMU,-75.2469,7.4432,-33.9018,-4.0054,-13.9763,236.890,-3.673,-2.146,129.872,-0.0513,-0.0342,1.0615,
58.963,ENC,-75.3338,7.1603,-34.0868,-4.3463,-14.1467,236.328,-3.673,-2.146,129.872,-0.0513,-0.0342,1.0615,
58.970,IMU,-75.3338,7.1603,-34.0868,-4.3463,-14.1467,236.328,-3.712,-2.184,129.419,0.0845,-0.0757,0.9150,
58.982,ENC,-75.4190,6.8671,-34.2759,-4.2611,-14.6580,235.732,-3.712,-2.184,129.419,0.0845,-0.0757,0.9150,
58.988,IMU,-75.4190,6.8671,-34.2759,-4.2611,-14.6580,235.732,-3.731,-2.211,128.929,0.0820,-0.0107,1.0391,
59.002,ENC,-75.5042,6.5654,-34.4694,-4.2611,-15.0841,235.112,-3.731,-2.211,128.929,0.0820,-0.0107,1.0391,
59.008,IMU,-75.5042,6.5654,-34.4694,-4.2611,-15.0841,235.112,-3.771,-2.214,128.489,0.1733,-0.0093,0.9448,
59.023,ENC,-75.5895,6.2672,-34.6611,-4.2611,-14.9137,234.502,-3.771,-2.214,128.489,0.1733,-0.0093,0.9448,
59.028,IMU,-75.5895,6.2672,-34.6611,-4.2611,-14.9137,234.502,-3.669,-2.195,128.091,-0.0332,-0.0132,1.1104,
59.043,ENC,-75.6764,5.9706,-34.8529,-4.3463,-14.8285,233.901,-3.669,-2.195,128.091,-0.0332,-0.0132,1.1104,
59.050,IMU,-75.6764,5.9706,-34.8529,-4.3463,-14.8285,233.901,-3.732,-2.128,127.628,0.1255,0.0474,0.8413,
59.064,ENC,-75.7650,5.6962,-35.0344,-4.4315,-13.7206,233.369,-3.732,-2.128,127.628,0.1255,0.0474,0.8413,
59.070,IMU,-75.7650,5.6962,-35.0344,-4.4315,-13.7206,233.369,-3.779,-1.986,127.192,-0.0010,0.1162,1.1152,
59.082,ENC,-75.8502,5.3723,-35.2389,-4.2611,-16.1920,232.686,-3.779,-1.986,127.192,-0.0010,0.1162,1.1152,
59.088,IMU,-75.8502,5.3723,-35.2389,-4.2611,-16.1920,232.686,-3.800,-1.985,126.733,0.1147,-0.0078,1.0806,
59.103,ENC,-75.9338,5.0741,-35.4298,-4.1758,-14.9137,232.070,-3.800,-1.985,126.733,0.1147,-0.0078,1.0806,
59.108,IMU,-75.9338,5.0741,-35.4298,-4.1758,-14.9137,232.070,-3.824,-1.929,126.336,0.0767,0.0137,1.0474,
59.123,ENC,-76.0070,4.7826,-35.6122,-3.6645,-14.5728,231.445,-3.824,-1.929,126.336,0.0767,0.0137,1.0474,
59.128,IMU,-76.0070,4.7826,-35.6122,-3.6645,-14.5728,231.445,-3.933,-2.059,125.841,0.1436,-0.1167,0.8428,
59.143,ENC,-76.0837,4.5201,-35.7818,-3.8350,-13.1241,230.913,-3.933,-2.059,125.841,0.1436,-0.1167,0.8428,
59.148,IMU,-76.0837,4.5201,-35.7818,-3.8350,-13.1241,230.913,-3.955,-2.080,125.407,0.1094,-0.0439,0.8618,
59.165,ENC,-76.1604,4.2304,-35.9650,-3.8350,-14.4876,230.303,-3.955,-2.080,125.407,0.1094,-0.0439,0.8618,
59.172,IMU,-76.1604,4.2304,-35.9650,-3.8350,-14.4876,230.303,-3.952,-2.146,124.969,0.0508,-0.0728,1.1162,
59.183,ENC,-76.2337,3.9594,-36.1372,-3.6645,-13.5502,229.736,-3.952,-2.146,124.969,0.0508,-0.0728,1.1162,
59.188,IMU,-76.2337,3.9594,-36.1372,-3.6645,-13.5502,229.736,-3.971,-2.165,124.485,0.0806,-0.0322,0.9541,
59.203,ENC,-76.3087,3.6696,-36.3196,-3.7497,-14.4876,229.121,-3.971,-2.165,124.485,0.0806,-0.0322,0.9541,
59.208,IMU,-76.3087,3.6696,-36.3196,-3.7497,-14.4876,229.121,-4.063,-2.239,124.040,0.1226,-0.0337,0.9556,
59.224,ENC,-76.3837,3.3696,-36.5070,-3.7497,-14.9989,228.477,-4.063,-2.239,124.040,0.1226,-0.0337,0.9556,
59.229,IMU,-76.3837,3.3696,-36.5070,-3.7497,-14.9989,228.477,-3.973,-2.330,123.606,0.0210,-0.1060,0.9937,
59.243,ENC,-76.4587,3.0731,-36.6928,-3.7497,-14.8285,227.842,-3.973,-2.330,123.606,0.0210,-0.1060,0.9937,
59.248,IMU,-76.4587,3.0731,-36.6928,-3.7497,-14.8285,227.842,-3.982,-2.145,123.194,0.0273,0.1128,1.0728,
59.263,ENC,-76.5337,2.7748,-36.8795,-3.7497,-14.9137,227.202,-3.982,-2.145,123.194,0.0273,0.1128,1.0728,
59.268,IMU,-76.5337,2.7748,-36.8795,-3.7497,-14.9137,227.202,-3.984,-2.094,122.765,0.0684,0.0298,1.0532,
59.283,ENC,-76.6036,2.4612,-37.0712,-3.4941,-15.6807,226.504,-3.984,-2.094,122.765,0.0684,0.0298,1.0532,
59.288,IMU,-76.6036,2.4612,-37.0712,-3.4941,-15.6807,226.504,-4.010,-2.164,122.356,0.0449,-0.1152,1.0742,
59.303,ENC,-76.6718,2.1646,-37.2536,-3.4088,-14.8285,225.850,-4.010,-2.164,122.356,0.0449,-0.1152,1.0742,
59.308,IMU,-76.6718,2.1646,-37.2536,-3.4088,-14.8285,225.850,-3.981,-2.147,121.896,0.0146,0.0288,1.1104,
59.324,ENC,-76.7434,1.8715,-37.4359,-3.5793,-14.6580,225.215,-3.981,-2.147,121.896,0.0146,0.0288,1.1104,
59.328,IMU,-76.7434,1.8715,-37.4359,-3.5793,-14.6580,225.215,-3.849,-2.153,121.501,-0.0664,-0.0347,1.1523,
59.344,ENC,-76.8115,1.5885,-37.6115,-3.4088,-14.1467,224.600,-3.849,-2.153,121.501,-0.0664,-0.0347,1.1523,
59.348,IMU,-76.8115,1.5885,-37.6115,-3.4088,-14.1467,224.600,-3.776,-2.162,121.040,-0.1372,-0.0400,1.2607,
59.363,ENC,-76.8814,1.3022,-37.7896,-3.4941,-14.3172,223.979,-3.776,-2.162,121.040,-0.1372,-0.0400,1.2607,
59.370,IMU,-76.8814,1.3022,-37.7896,-3.4941,-14.3172,223.979,-3.823,-2.097,120.574,0.0879,0.0410,0.9536,
59.383,ENC,-76.9513,1.0312,-37.9601,-3.4941,-13.5502,223.403,-3.823,-2.097,120.574,0.0879,0.0410,0.9536,
59.389,IMU,-76.9513,1.0312,-37.9601,-3.4941,-13.5502,223.403,-3.739,-2.130,120.159,0.0352,-0.0562,1.0405,
59.403,ENC,-77.0263,0.7499,-38.1382,-3.7497,-14.0615,222.812,-3.739,-2.130,120.159,0.0352,-0.0562,1.0405,
59.408,IMU,-77.0263,0.7499,-38.1382,-3.7497,-14.0615,222.812,-3.704,-2.239,119.758,-0.0186,-0.1011,0.9590,
59.423,ENC,-77.0928,0.4704,-38.3112,-3.3236,-13.9763,222.202,-3.704,-2.239,119.758,-0.0186,-0.1011,0.9590,
59.429,IMU,-77.0928,0.4704,-38.3112,-3.3236,-13.9763,222.202,-3.795,-2.149,119.356,0.1885,0.0449,0.8096,
59.443,ENC,-77.1558,0.1926,-38.4816,-3.1532,-13.8910,221.587,-3.795,-2.149,119.356,0.1885,0.0449,0.8096,
59.448,IMU,-77.1558,0.1926,-38.4816,-3.1532,-13.8910,221.587,-3.955,-2.337,118.917,0.1948,-0.1572,0.8926,
59.463,ENC,-77.2155,-0.1023,-38.6589,-2.9827,-14.7433,220.913,-3.955,-2.337,118.917,0.1948,-0.1572,0.8926,
59.468,IMU,-77.2155,-0.1023,-38.6589,-2.9827,-14.7433,220.913,-4.053,-2.310,118.488,0.1323,0.0098,0.9756,
59.483,ENC,-77.2751,-0.3988,-38.8370,-2.9827,-14.8285,220.234,-4.053,-2.310,118.488,0.1323,0.0098,0.9756,
59.488,IMU,-77.2751,-0.3988,-38.8370,-2.9827,-14.8285,220.234,-3.975,-2.329,118.038,-0.0337,-0.0225,1.0298,
59.503,ENC,-77.3399,-0.7056,-39.0228,-3.2384,-15.3398,219.541,-3.975,-2.329,118.038,-0.0337,-0.0225,1.0298,
59.509,IMU,-77.3399,-0.7056,-39.0228,-3.2384,-15.3398,219.541,-3.958,-2.306,117.613,-0.0146,-0.0459,1.1328,
59.523,ENC,-77.3944,-0.9971,-39.1958,-2.7271,-14.5728,218.862,-3.958,-2.306,117.613,-0.0146,-0.0459,1.1328,
59.528,IMU,-77.3944,-0.9971,-39.1958,-2.7271,-14.5728,218.862,-3.989,-2.320,117.199,0.1045,-0.0400,0.9253,
59.543,ENC,-77.4575,-1.2681,-39.3628,-3.1532,-13.5502,218.267,-3.989,-2.320,117.199,0.1045,-0.0400,0.9253,
59.548,IMU,-77.4575,-1.2681,-39.3628,-3.1532,-13.5502,218.267,-4.002,-2.360,116.791,0.1069,-0.0835,0.9424,
59.563,ENC,-77.5240,-1.6107,-39.5673,-3.3236,-17.1295,217.476,-4.002,-2.360,116.791,0.1069,-0.0835,0.9424,
59.569,IMU,-77.5240,-1.6107,-39.5673,-3.3236,-17.1295,217.476,-4.065,-2.414,116.328,0.1382,-0.1001,1.0425,
59.583,ENC,-77.5836,-1.8970,-39.7403,-2.9827,-14.3172,216.826,-4.065,-2.414,116.328,0.1382,-0.1001,1.0425,
59.588,IMU,-77.5836,-1.8970,-39.7403,-2.9827,-14.3172,216.826,-4.046,-2.443,115.897,0.0366,-0.0430,0.9722,
59.604,ENC,-77.6416,-2.1783,-39.9099,-2.8975,-14.0615,216.187,-4.046,-2.443,115.897,0.0366,-0.0430,0.9722,
59.608,IMU,-77.6416,-2.1783,-39.9099,-2.8975,-14.0615,216.187,-3.913,-2.446,115.497,-0.0679,-0.0308,1.0010,
59.623,ENC,-77.6978,-2.4544,-40.0761,-2.8123,-13.8058,215.557,-3.913,-2.446,115.497,-0.0679,-0.0308,1.0010,
59.628,IMU,-77.6978,-2.4544,-40.0761,-2.8123,-13.8058,215.557,-3.849,-2.361,115.071,0.0195,0.0273,0.9629,
59.643,ENC,-77.7660,-2.7407,-40.2534,-3.4088,-14.3172,214.932,-3.849,-2.361,115.071,0.0195,0.0273,0.9629,
59.648,IMU,-77.7660,-2.7407,-40.2534,-3.4088,-14.3172,214.932,-3.756,-2.393,114.628,0.0220,-0.0752,0.9956,
59.663,ENC,-77.8325,-3.0185,-40.4255,-3.3236,-13.8910,214.326,-3.756,-2.393,114.628,0.0220,-0.0752,0.9956,
59.668,IMU,-77.8325,-3.0185,-40.4255,-3.3236,-13.8910,214.326,-3.784,-2.289,114.254,0.0186,0.0513,1.0249,
59.683,ENC,-77.8972,-3.3083,-40.6028,-3.2384,-14.4876,213.682,-3.784,-2.289,114.254,0.0186,0.0513,1.0249,
59.689,IMU,-77.8972,-3.3083,-40.6028,-3.2384,-14.4876,213.682,-3.758,-2.147,113.821,-0.0137,0.0698,1.0225,
59.703,ENC,-77.9620,-3.6049,-40.7834,-3.2384,-14.8285,213.018,-3.758,-2.147,113.821,-0.0137,0.0698,1.0225,
59.708,IMU,-77.9620,-3.6049,-40.7834,-3.2384,-14.8285,213.018,-3.794,-2.122,113.320,0.0781,-0.0068,0.9707,
59.726,ENC,-78.0285,-3.8997,-40.9641,-3.3236,-14.7433,212.363,-3.794,-2.122,113.320,0.0781,-0.0068,0.9707,
59.729,IMU,-78.0285,-3.8997,-40.9641,-3.3236,-14.7433,212.363,-3.760,-2.094,112.939,0.0049,-0.0371,0.9468,
59.743,ENC,-78.0967,-4.1997,-41.1482,-3.4088,-14.9989,211.699,-3.760,-2.094,112.939,0.0049,-0.0371,0.9468,
59.749,IMU,-78.0967,-4.1997,-41.1482,-3.4088,-14.9989,211.699,-3.783,-2.140,112.505,0.0869,-0.0615,0.9917,
59.766,ENC,-78.1700,-4.5099,-41.3399,-3.6645,-15.5103,211.021,-3.783,-2.140,112.505,0.0869,-0.0615,0.9917,
59.768,IMU,-78.1700,-4.5099,-41.3399,-3.6645,-15.5103,211.021,-3.785,-2.079,112.010,0.1011,0.0171,0.9580,
59.783,ENC,-78.2415,-4.8099,-41.5257,-3.5793,-14.9989,210.366,-3.785,-2.079,112.010,0.1011,0.0171,0.9580,
59.788,IMU,-78.2415,-4.8099,-41.5257,-3.5793,-14.9989,210.366,-3.669,-2.121,111.590,-0.0757,-0.0557,1.0513,
59.803,ENC,-78.3148,-5.1082,-41.7115,-3.6645,-14.9137,209.722,-3.669,-2.121,111.590,-0.0757,-0.0557,1.0513,
59.809,IMU,-78.3148,-5.1082,-41.7115,-3.6645,-14.9137,209.722,-3.688,-2.106,111.205,0.0508,0.0288,1.0029,
59.823,ENC,-78.3915,-5.3962,-41.8939,-3.8350,-14.4024,209.116,-3.688,-2.106,111.205,0.0508,0.0288,1.0029,
59.828,IMU,-78.3915,-5.3962,-41.8939,-3.8350,-14.4024,209.116,-3.688,-2.155,110.833,0.0479,-0.0503,1.0059,
59.843,ENC,-78.4699,-5.6877,-42.0788,-3.9202,-14.5728,208.506,-3.688,-2.155,110.833,0.0479,-0.0503,1.0059,
59.849,IMU,-78.4699,-5.6877,-42.0788,-3.9202,-14.5728,208.506,-3.685,-2.294,110.379,0.0811,-0.1602,0.9414,
59.863,ENC,-78.5500,-5.9621,-42.2561,-4.0054,-13.7206,207.949,-3.685,-2.294,110.379,0.0811,-0.1602,0.9414,
59.869,IMU,-78.5500,-5.9621,-42.2561,-4.0054,-13.7206,207.949,-3.727,-2.324,109.943,0.0762,-0.0347,0.9600,
59.883,ENC,-78.6336,-6.2433,-42.4384,-4.1758,-14.0615,207.383,-3.727,-2.324,109.943,0.0762,-0.0347,0.9600,
59.890,IMU,-78.6336,-6.2433,-42.4384,-4.1758,-14.0615,207.383,-3.707,-2.282,109.463,0.0854,0.0132,0.9448,
59.903,ENC,-78.7120,-6.5262,-42.6191,-3.9202,-14.1467,206.797,-3.707,-2.282,109.463,0.0854,0.0132,0.9448,
59.908,IMU,-78.7120,-6.5262,-42.6191,-3.9202,-14.1467,206.797,-3.754,-2.152,109.018,0.1519,0.0527,0.8848,
59.923,ENC,-78.7904,-6.7989,-42.7947,-3.9202,-13.6354,206.240,-3.754,-2.152,109.018,0.1519,0.0527,0.8848,
59.928,IMU,-78.7904,-6.7989,-42.7947,-3.9202,-13.6354,206.240,-3.743,-2.155,108.568,0.0483,-0.0151,0.9741,
59.943,ENC,-78.8756,-7.0887,-42.9821,-4.2611,-14.4876,205.654,-3.743,-2.155,108.568,0.0483,-0.0151,0.9741,
59.949,IMU,-78.8756,-7.0887,-42.9821,-4.2611,-14.4876,205.654,-3.795,-2.084,108.081,0.1040,0.0396,0.9805,
59.962,ENC,-78.9608,-7.3733,-43.1671,-4.2611,-14.2319,205.083,-3.795,-2.084,108.081,0.1040,0.0396,0.9805,
59.971,IMU,-78.9608,-7.3733,-43.1671,-4.2611,-14.2319,205.083,-3.692,-2.107,107.582,-0.0449,-0.0146,1.0791,
59.983,ENC,-79.0494,-7.6648,-43.3571,-4.4315,-14.5728,204.502,-3.692,-2.107,107.582,-0.0449,-0.0146,1.0791,
59.991,IMU,-79.0494,-7.6648,-43.3571,-4.4315,-14.5728,204.502,-3.718,-2.158,107.182,0.0571,-0.0806,1.0098,
60.007,ENC,-79.1381,-7.9580,-43.5480,-4.4315,-14.6580,203.916,-3.718,-2.158,107.182,0.0571,-0.0806,1.0098,
60.010,IMU,-79.1381,-7.9580,-43.5480,-4.4315,-14.6580,203.916,-3.722,-2.079,106.738,0.0840,0.0503,0.9648,
60.023,ENC,-79.2233,-8.2204,-43.7219,-4.2611,-13.1241,203.408,-3.722,-2.079,106.738,0.0840,0.0503,0.9648,
60.028,IMU,-79.2233,-8.2204,-43.7219,-4.2611,-13.1241,203.408,-3.700,-2.007,106.342,0.0278,0.0732,1.1113,
60.043,ENC,-79.3119,-8.5477,-43.9298,-4.4315,-16.3625,202.725,-3.700,-2.007,106.342,0.0278,0.0732,1.1113,
60.049,IMU,-79.3119,-8.5477,-43.9298,-4.4315,-16.3625,202.725,-3.660,-2.178,105.864,0.0991,-0.1230,0.9844,
60.063,ENC,-79.3954,-8.8102,-44.1028,-4.1758,-13.1241,202.212,-3.660,-2.178,105.864,0.0991,-0.1230,0.9844,
60.068,IMU,-79.3954,-8.8102,-44.1028,-4.1758,-13.1241,202.212,-3.685,-2.201,105.341,0.1079,-0.0435,0.9736,
60.083,ENC,-79.4790,-9.1084,-44.2937,-4.1758,-14.9137,201.597,-3.685,-2.201,105.341,0.1079,-0.0435,0.9736,
60.088,IMU,-79.4790,-9.1084,-44.2937,-4.1758,-14.9137,201.597,-3.771,-2.268,104.917,0.0874,-0.0835,0.9507,
60.103,ENC,-79.5608,-9.3863,-44.4735,-4.0906,-13.8910,201.035,-3.771,-2.268,104.917,0.0874,-0.0835,0.9507,
60.111,IMU,-79.5608,-9.3863,-44.4735,-4.0906,-13.8910,201.035,-3.786,-2.179,104.503,0.0356,0.0093,1.0356,
60.123,ENC,-79.6426,-9.6573,-44.6499,-4.0906,-13.5502,200.493,-3.786,-2.179,104.503,0.0356,0.0093,1.0356,
60.128,IMU,-79.6426,-9.6573,-44.6499,-4.0906,-13.5502,200.493,-3.924,-2.043,104.125,0.1582,0.0557,0.9238,
60.143,ENC,-79.7159,-9.9521,-44.8340,-3.6645,-14.7433,199.858,-3.924,-2.043,104.125,0.1582,0.0557,0.9238,
60.149,IMU,-79.7159,-9.9521,-44.8340,-3.6645,-14.7433,199.858,-3.880,-2.010,103.722,0.0566,0.0361,1.0635,
60.162,ENC,-79.7892,-10.2334,-45.0113,-3.6645,-14.0615,199.263,-3.880,-2.010,103.722,0.0566,0.0361,1.0635,
60.168,IMU,-79.7892,-10.2334,-45.0113,-3.6645,-14.0615,199.263,-3.965,-1.983,103.317,0.1562,0.0034,0.9072,
60.183,ENC,-79.8659,-10.5367,-45.2013,-3.8350,-15.1694,198.613,-3.965,-1.983,103.317,0.1562,0.0034,0.9072,
60.189,IMU,-79.8659,-10.5367,-45.2013,-3.8350,-15.1694,198.613,-4.159,-1.859,102.903,0.2036,0.0444,0.8228,
60.205,ENC,-79.9443,-10.8401,-45.3922,-3.9202,-15.1694,197.969,-4.159,-1.859,102.903,0.2036,0.0444,0.8228,
60.208,IMU,-79.9443,-10.8401,-45.3922,-3.9202,-15.1694,197.969,-4.306,-1.908,102.442,0.1738,-0.0449,0.8262,
60.223,ENC,-80.0158,-11.1367,-45.5763,-3.5793,-14.8285,197.324,-4.306,-1.908,102.442,0.1738,-0.0449,0.8262,
60.228,IMU,-80.0158,-11.1367,-45.5763,-3.5793,-14.8285,197.324,-4.297,-1.880,102.016,0.0454,-0.0239,1.0396,
60.243,ENC,-80.0908,-11.4554,-45.7731,-3.7497,-15.9364,196.626,-4.297,-1.880,102.016,0.0454,-0.0239,1.0396,
60.249,IMU,-80.0908,-11.4554,-45.7731,-3.7497,-15.9364,196.626,-4.235,-1.897,101.672,0.0083,-0.0117,1.0254,
60.264,ENC,-80.1675,-11.7639,-45.9657,-3.8350,-15.4250,195.962,-4.235,-1.897,101.672,0.0083,-0.0117,1.0254,
60.269,IMU,-80.1675,-11.7639,-45.9657,-3.8350,-15.4250,195.962,-4.198,-1.952,101.198,0.0347,-0.0176,1.0137,
60.283,ENC,-80.2494,-12.0622,-46.1558,-4.0906,-14.9137,195.342,-4.198,-1.952,101.198,0.0347,-0.0176,1.0137,
60.291,IMU,-80.2494,-12.0622,-46.1558,-4.0906,-14.9137,195.342,-4.239,-1.858,100.781,0.1079,0.0503,0.9106,
60.303,ENC,-80.3278,-12.3673,-46.3475,-3.9202,-15.2546,194.692,-4.239,-1.858,100.781,0.1079,0.0503,0.9106,
60.308,IMU,-80.3278,-12.3673,-46.3475,-3.9202,-15.2546,194.692,-4.238,-1.826,100.384,0.0527,0.0518,1.0005,
60.323,ENC,-80.4010,-12.6485,-46.5248,-3.6645,-14.0615,194.097,-4.238,-1.826,100.384,0.0527,0.0518,1.0005,
60.328,IMU,-80.4010,-12.6485,-46.5248,-3.6645,-14.0615,194.097,-4.180,-1.868,99.942,0.1123,-0.0576,0.9292,
60.343,ENC,-80.4777,-12.9280,-46.7029,-3.8350,-13.9763,193.516,-4.180,-1.868,99.942,0.1123,-0.0576,0.9292,
60.349,IMU,-80.4777,-12.9280,-46.7029,-3.8350,-13.9763,193.516,-4.337,-1.820,99.517,0.1562,0.0293,0.9053,
60.363,ENC,-80.5527,-13.2076,-46.8802,-3.7497,-13.9763,192.930,-4.337,-1.820,99.517,0.1562,0.0293,0.9053,
60.368,IMU,-80.5527,-13.2076,-46.8802,-3.7497,-13.9763,192.930,-4.353,-1.897,99.055,0.1299,-0.0610,0.9663,
60.383,ENC,-80.6294,-13.4990,-47.0642,-3.8350,-14.5728,192.314,-4.353,-1.897,99.055,0.1299,-0.0610,0.9663,
60.388,IMU,-80.6294,-13.4990,-47.0642,-3.8350,-14.5728,192.314,-4.462,-1.870,98.662,0.1289,0.0029,0.8872,
60.403,ENC,-80.7027,-13.7803,-47.2415,-3.6645,-14.0615,191.719,-4.462,-1.870,98.662,0.1289,0.0029,0.8872,
60.409,IMU,-80.7027,-13.7803,-47.2415,-3.6645,-14.0615,191.719,-4.353,-1.972,98.224,-0.0708,-0.0566,1.0322,
60.423,ENC,-80.7760,-14.0785,-47.4273,-3.6645,-14.9137,191.074,-4.353,-1.972,98.224,-0.0708,-0.0566,1.0322,
60.428,IMU,-80.7760,-14.0785,-47.4273,-3.6645,-14.9137,191.074,-4.291,-2.135,97.761,0.0303,-0.1489,0.9893,
60.455,IMU,-80.7760,-14.0785,-47.4273,-3.6645,-14.9137,191.074,-4.209,-2.123,97.371,-0.0420,-0.0024,1.1807,
60.463,ENC,-80.9311,-14.6887,-47.8099,-3.8776,-15.2546,189.771,-4.209,-2.123,97.371,-0.0420,-0.0024,1.1807,
60.468,IMU,-80.9311,-14.6887,-47.8099,-3.8776,-15.2546,189.771,-4.245,-2.131,96.958,0.0977,-0.0122,0.9351,
60.484,ENC,-81.0027,-14.9904,-47.9966,-3.5793,-15.0841,189.111,-4.245,-2.131,96.958,0.0977,-0.0122,0.9351,
60.488,IMU,-81.0027,-14.9904,-47.9966,-3.5793,-15.0841,189.111,-4.147,-2.093,96.518,0.0010,0.0078,1.0664,
60.503,ENC,-81.0726,-15.2648,-48.1687,-3.4941,-13.7206,188.525,-4.147,-2.093,96.518,0.0010,0.0078,1.0664,
60.509,IMU,-81.0726,-15.2648,-48.1687,-3.4941,-13.7206,188.525,-4.117,-2.103,96.090,0.0737,-0.0332,0.9346,
60.523,ENC,-81.1544,-15.5904,-48.3724,-4.0906,-16.2772,187.827,-4.117,-2.103,96.090,0.0737,-0.0332,0.9346,
60.528,IMU,-81.1544,-15.5904,-48.3724,-4.0906,-16.2772,187.827,-3.965,-2.174,95.664,-0.0186,-0.0581,1.1265,
60.543,ENC,-81.2294,-15.8562,-48.5428,-3.7497,-13.2945,187.280,-3.965,-2.174,95.664,-0.0186,-0.0581,1.1265,
60.548,IMU,-81.2294,-15.8562,-48.5428,-3.7497,-13.2945,187.280,-3.987,-2.258,95.256,0.0664,-0.0503,0.8950,
60.563,ENC,-81.3061,-16.1051,-48.7056,-3.8350,-12.4423,186.787,-3.987,-2.258,95.256,0.0664,-0.0503,0.8950,
60.568,IMU,-81.3061,-16.1051,-48.7056,-3.8350,-12.4423,186.787,-3.798,-2.312,94.903,-0.0659,-0.0918,1.0972,
60.585,ENC,-81.3913,-16.3199,-48.8556,-4.2611,-10.7379,186.416,-3.798,-2.312,94.903,-0.0659,-0.0918,1.0972,
60.588,IMU,-81.3913,-16.3199,-48.8556,-4.2611,-10.7379,186.416,-3.732,-2.389,94.652,0.0205,-0.0771,0.9634,
60.604,ENC,-81.4834,-16.5039,-48.9936,-4.6019,-9.2039,186.152,-3.732,-2.389,94.652,0.0205,-0.0771,0.9634,
60.608,IMU,-81.4834,-16.5039,-48.9936,-4.6019,-9.2039,186.152,-3.577,-2.416,94.428,-0.0171,-0.0435,1.0298,
60.624,ENC,-81.5771,-16.6897,-49.1334,-4.6872,-9.2891,185.889,-3.577,-2.416,94.428,-0.0171,-0.0435,1.0298,
60.628,IMU,-81.5771,-16.6897,-49.1334,-4.6872,-9.2891,185.889,-3.518,-2.500,94.251,0.0288,-0.1006,0.9771,
60.643,ENC,-81.6725,-16.8295,-49.2510,-4.7724,-6.9881,185.762,-3.518,-2.500,94.251,0.0288,-0.1006,0.9771,
60.648,IMU,-81.6725,-16.8295,-49.2510,-4.7724,-6.9881,185.762,-3.489,-2.536,94.083,0.0200,-0.0898,0.9395,
60.663,ENC,-81.7697,-16.9522,-49.3609,-4.8576,-6.1359,185.688,-3.489,-2.536,94.083,0.0200,-0.0898,0.9395,
60.668,IMU,-81.7697,-16.9522,-49.3609,-4.8576,-6.1359,185.688,-3.455,-2.637,94.064,0.0615,-0.1221,1.0156,
60.683,ENC,-81.8600,-17.0476,-49.4538,-4.5167,-4.7724,185.674,-3.455,-2.637,94.064,0.0615,-0.1221,1.0156,
60.688,IMU,-81.8600,-17.0476,-49.4538,-4.5167,-4.7724,185.674,-3.537,-2.640,94.102,0.1128,-0.0430,1.0059,
60.703,ENC,-81.9435,-17.1226,-49.5331,-4.1758,-3.7497,185.698,-3.537,-2.640,94.102,0.1128,-0.0430,1.0059,
60.709,IMU,-81.9435,-17.1226,-49.5331,-4.1758,-3.7497,185.698,-3.566,-2.738,94.091,0.1040,-0.1035,0.9844,
60.723,ENC,-82.0151,-17.1772,-49.5962,-3.5793,-2.7271,185.747,-3.566,-2.738,94.091,0.1040,-0.1035,0.9844,
60.728,IMU,-82.0151,-17.1772,-49.5962,-3.5793,-2.7271,185.747,-3.459,-2.786,94.154,0.0142,-0.1382,1.0181,
60.744,ENC,-82.0731,-17.2096,-49.6413,-2.8975,-1.6192,185.820,-3.459,-2.786,94.154,0.0142,-0.1382,1.0181,
60.748,IMU,-82.0731,-17.2096,-49.6413,-2.8975,-1.6192,185.820,-3.412,-2.821,94.216,0.0112,-0.1025,0.9844,
60.764,ENC,-82.1208,-17.2249,-49.6729,-2.3862,-0.7670,185.913,-3.412,-2.821,94.216,0.0112,-0.1025,0.9844,
60.768,IMU,-82.1208,-17.2249,-49.6729,-2.3862,-0.7670,185.913,-3.462,-2.879,94.306,0.0566,-0.1094,0.9785,
60.783,ENC,-82.1549,-17.2215,-49.6882,-1.7044,0.1704,186.021,-3.462,-2.879,94.306,0.0566,-0.1094,0.9785,
60.791,IMU,-82.1549,-17.2215,-49.6882,-1.7044,0.1704,186.021,-3.463,-2.867,94.438,0.0747,-0.0713,0.9893,
60.804,ENC,-82.1788,-17.2096,-49.6942,-1.1931,0.5965,186.123,-3.463,-2.867,94.438,0.0747,-0.0713,0.9893,
60.808,IMU,-82.1788,-17.2096,-49.6942,-1.1931,0.5965,186.123,-3.542,-2.884,94.543,0.1055,-0.0737,0.9907,
60.823,ENC,-82.1873,-17.2010,-49.6942,-0.4261,0.4261,186.172,-3.542,-2.884,94.543,0.1055,-0.0737,0.9907,
60.829,IMU,-82.1873,-17.2010,-49.6942,-0.4261,0.4261,186.172,-3.575,-2.874,94.639,0.0718,-0.0532,0.9980,
60.845,ENC,-82.1907,-17.1925,-49.6916,-0.1704,0.4261,186.206,-3.575,-2.874,94.639,0.0718,-0.0532,0.9980,
60.848,IMU,-82.1907,-17.1925,-49.6916,-0.1704,0.4261,186.206,-3.499,-2.787,94.702,-0.0015,-0.0039,1.0059,
60.864,ENC,-82.1958,-17.1857,-49.6908,-0.2557,0.3409,186.240,-3.499,-2.787,94.702,-0.0015,-0.0039,1.0059,
60.868,IMU,-82.1958,-17.1857,-49.6908,-0.2557,0.3409,186.240,-3.413,-2.703,94.713,0.0195,0.0215,0.9683,
60.883,ENC,-82.1958,-17.1823,-49.6890,0.0000,0.1704,186.250,-3.413,-2.703,94.713,0.0195,0.0215,0.9683,
60.888,IMU,-82.1958,-17.1823,-49.6890,0.0000,0.1704,186.250,-3.441,-2.629,94.700,0.0835,0.0327,1.0083,
60.903,ENC,-82.1975,-17.1857,-49.6916,-0.0852,-0.1704,186.245,-3.441,-2.629,94.700,0.0835,0.0327,1.0083,
60.908,IMU,-82.1975,-17.1857,-49.6916,-0.0852,-0.1704,186.245,-3.504,-2.629,94.717,0.1060,-0.0083,0.9844,
60.923,ENC,-82.2009,-17.1874,-49.6942,-0.1704,-0.0852,186.250,-3.504,-2.629,94.717,0.1060,-0.0083,0.9844,
60.930,IMU,-82.2009,-17.1874,-49.6942,-0.1704,-0.0852,186.250,-3.527,-2.632,94.733,0.0718,-0.0264,1.0107,
60.943,ENC,-82.2026,-17.1874,-49.6950,-0.0852,0.0000,186.255,-3.527,-2.632,94.733,0.0718,-0.0264,1.0107,
60.948,IMU,-82.2026,-17.1874,-49.6950,-0.0852,0.0000,186.255,-3.506,-2.619,94.719,0.0264,-0.0312,0.9897,
60.965,ENC,-82.2043,-17.1891,-49.6967,-0.0852,-0.0852,186.255,-3.506,-2.619,94.719,0.0264,-0.0312,0.9897,
60.968,IMU,-82.2043,-17.1891,-49.6967,-0.0852,-0.0852,186.255,-3.504,-2.674,94.726,0.0396,-0.0410,1.0020,
60.983,ENC,-82.2043,-17.1874,-49.6959,0.0000,0.0852,186.260,-3.504,-2.674,94.726,0.0396,-0.0410,1.0020,
60.988,IMU,-82.2043,-17.1874,-49.6959,0.0000,0.0852,186.260,-3.529,-2.649,94.729,0.0664,-0.0205,0.9951,
61.004,ENC,-82.2043,-17.1874,-49.6959,0.0000,0.0000,186.260,-3.529,-2.649,94.729,0.0664,-0.0205,0.9951,
61.008,IMU,-82.2043,-17.1874,-49.6959,0.0000,0.0000,186.260,-3.509,-2.561,94.715,0.0664,-0.0010,0.9927,
61.023,ENC,-82.2043,-17.1857,-49.6950,0.0000,0.0852,186.265,-3.509,-2.561,94.715,0.0664,-0.0010,0.9927,
61.028,IMU,-82.2043,-17.1857,-49.6950,0.0000,0.0852,186.265,-3.500,-2.507,94.687,0.0537,0.0078,1.0088,
61.043,ENC,-82.2043,-17.1874,-49.6959,0.0000,-0.0852,186.260,-3.500,-2.507,94.687,0.0537,0.0078,1.0088,
61.049,IMU,-82.2043,-17.1874,-49.6959,0.0000,-0.0852,186.260,-3.524,-2.447,94.659,0.0591,0.0181,1.0059,
61.063,ENC,-82.2060,-17.2010,-49.7035,-0.0852,-0.6818,186.226,-3.524,-2.447,94.659,0.0591,0.0181,1.0059,
61.068,IMU,-82.2060,-17.2010,-49.7035,-0.0852,-0.6818,186.226,-3.563,-2.290,94.598,0.0977,0.0483,0.9990,
61.083,ENC,-82.2163,-17.2266,-49.7214,-0.5113,-1.2783,186.182,-3.563,-2.290,94.598,0.0977,0.0483,0.9990,
61.088,IMU,-82.2163,-17.2266,-49.7214,-0.5113,-1.2783,186.182,-3.564,-2.148,94.542,0.0688,0.0967,1.0601,
61.103,ENC,-82.2418,-17.2726,-49.7572,-1.2783,-2.3010,186.123,-3.564,-2.148,94.542,0.0688,0.0967,1.0601,
61.109,IMU,-82.2418,-17.2726,-49.7572,-1.2783,-2.3010,186.123,-3.524,-1.982,94.533,0.0239,0.1055,1.0190,
61.124,ENC,-82.2844,-17.3493,-49.8169,-2.1305,-3.8350,186.025,-3.524,-1.982,94.533,0.0239,0.1055,1.0190,
61.128,IMU,-82.2844,-17.3493,-49.8169,-2.1305,-3.8350,186.025,-3.538,-1.799,94.537,0.0522,0.1201,0.9346,
61.144,ENC,-82.3731,-17.4567,-49.9149,-4.4315,-5.3689,185.972,-3.538,-1.799,94.537,0.0522,0.1201,0.9346,
61.148,IMU,-82.3731,-17.4567,-49.9149,-4.4315,-5.3689,185.972,-3.584,-1.504,94.491,0.0942,0.1772,0.9336,
61.164,ENC,-82.4753,-17.5999,-50.0376,-5.1133,-7.1586,185.854,-3.584,-1.504,94.491,0.0942,0.1772,0.9336,
61.168,IMU,-82.4753,-17.5999,-50.0376,-5.1133,-7.1586,185.854,-3.660,-1.269,94.441,0.1221,0.2280,0.9375,
61.183,ENC,-82.5895,-17.7652,-50.1774,-5.7098,-8.2665,185.708,-3.660,-1.269,94.441,0.1221,0.2280,0.9375,
61.188,IMU,-82.5895,-17.7652,-50.1774,-5.7098,-8.2665,185.708,-3.670,-1.157,94.351,0.0698,0.0952,1.0469,
61.203,ENC,-82.7361,-17.9714,-50.3538,-7.3290,-10.3118,185.537,-3.670,-1.157,94.351,0.0698,0.0952,1.0469,
61.208,IMU,-82.7361,-17.9714,-50.3538,-7.3290,-10.3118,185.537,-3.691,-1.005,94.245,0.0718,0.0957,0.9614,
61.223,ENC,-82.8963,-18.1964,-50.5464,-8.0108,-11.2492,185.352,-3.691,-1.005,94.245,0.0718,0.0957,0.9614,
61.227,IMU,-82.8963,-18.1964,-50.5464,-8.0108,-11.2492,185.352,-3.800,-0.863,94.118,0.1626,0.1162,1.0063,
61.243,ENC,-83.0565,-18.4589,-50.7577,-8.0108,-13.1241,185.059,-3.800,-0.863,94.118,0.1626,0.1162,1.0063,
61.248,IMU,-83.0565,-18.4589,-50.7577,-8.0108,-13.1241,185.059,-3.781,-0.950,93.991,0.0308,0.0059,0.9951,
61.262,ENC,-83.1963,-18.7469,-50.9716,-6.9881,-14.4024,184.634,-3.781,-0.950,93.991,0.0308,0.0059,0.9951,
61.268,IMU,-83.1963,-18.7469,-50.9716,-6.9881,-14.4024,184.634,-3.690,-0.814,93.696,0.0093,0.1284,1.1948,
61.283,ENC,-83.3463,-19.0418,-51.1941,-7.4995,-14.7433,184.219,-3.690,-0.814,93.696,0.0093,0.1284,1.1948,
61.288,IMU,-83.3463,-19.0418,-51.1941,-7.4995,-14.7433,184.219,-3.643,-0.795,93.498,0.0122,0.0068,0.9575,
61.304,ENC,-83.5082,-19.3060,-51.4071,-8.0960,-13.2093,183.926,-3.643,-0.795,93.498,0.0122,0.0068,0.9575,
61.309,IMU,-83.5082,-19.3060,-51.4071,-8.0960,-13.2093,183.926,-3.703,-0.852,93.371,0.0591,-0.0029,1.0859,
61.323,ENC,-83.6548,-19.5412,-51.5980,-7.3290,-11.7605,183.672,-3.703,-0.852,93.371,0.0591,-0.0029,1.0859,
61.328,IMU,-83.6548,-19.5412,-51.5980,-7.3290,-11.7605,183.672,-3.577,-1.026,93.191,-0.0371,-0.1152,1.1016,
61.343,ENC,-83.7963,-19.7611,-51.7787,-7.0734,-10.9935,183.447,-3.577,-1.026,93.191,-0.0371,-0.1152,1.1016,
61.353,IMU,-83.7963,-19.7611,-51.7787,-7.0734,-10.9935,183.447,-3.614,-1.223,93.028,0.1123,-0.1069,0.8867,
61.363,ENC,-83.9105,-19.9486,-51.9295,-5.7098,-9.3743,183.237,-3.614,-1.223,93.028,0.1123,-0.1069,0.8867,
61.368,IMU,-83.9105,-19.9486,-51.9295,-5.7098,-9.3743,183.237,-3.641,-1.386,92.807,0.0635,-0.1294,1.0449,
61.383,ENC,-84.0332,-20.1241,-52.0786,-6.1359,-8.7778,183.086,-3.641,-1.386,92.807,0.0635,-0.1294,1.0449,
61.388,IMU,-84.0332,-20.1241,-52.0786,-6.1359,-8.7778,183.086,-3.614,-1.522,92.626,0.0366,-0.1616,1.0166,
61.404,ENC,-84.1303,-20.2758,-52.2031,-4.8576,-7.5847,182.930,-3.614,-1.522,92.626,0.0366,-0.1616,1.0166,
61.409,IMU,-84.1303,-20.2758,-52.2031,-4.8576,-7.5847,182.930,-3.520,-1.656,92.444,-0.0112,-0.1333,1.0034,
61.423,ENC,-84.2121,-20.3985,-52.3053,-4.0906,-6.1359,182.812,-3.520,-1.656,92.444,-0.0112,-0.1333,1.0034,
61.428,IMU,-84.2121,-20.3985,-52.3053,-4.0906,-6.1359,182.812,-3.509,-1.756,92.374,0.0439,-0.1309,0.9341,
61.443,ENC,-84.2854,-20.5025,-52.3940,-3.6645,-5.1985,182.725,-3.509,-1.756,92.374,0.0439,-0.1309,0.9341,
61.449,IMU,-84.2854,-20.5025,-52.3940,-3.6645,-5.1985,182.725,-3.537,-1.846,92.378,0.0752,-0.1162,0.9883,
61.463,ENC,-84.3451,-20.5792,-52.4621,-2.9827,-3.8350,182.676,-3.537,-1.846,92.378,0.0752,-0.1162,0.9883,
61.469,IMU,-84.3451,-20.5792,-52.4621,-2.9827,-3.8350,182.676,-3.552,-2.038,92.327,0.0874,-0.1484,0.9888,
61.483,ENC,-84.3860,-20.6269,-52.5065,-2.0453,-2.3862,182.656,-3.552,-2.038,92.327,0.0874,-0.1484,0.9888,
61.488,IMU,-84.3860,-20.6269,-52.5065,-2.0453,-2.3862,182.656,-3.514,-2.171,92.370,0.0596,-0.1509,1.0039,
61.507,ENC,-84.4286,-20.6593,-52.5440,-2.1305,-1.6192,182.686,-3.514,-2.171,92.370,0.0596,-0.1509,1.0039,
61.510,IMU,-84.4286,-20.6593,-52.5440,-2.1305,-1.6192,182.686,-3.473,-2.295,92.449,0.0239,-0.1348,0.9937,
61.523,ENC,-84.4627,-20.6661,-52.5644,-1.7044,-0.3409,182.764,-3.473,-2.295,92.449,0.0239,-0.1348,0.9937,
61.528,IMU,-84.4627,-20.6661,-52.5644,-1.7044,-0.3409,182.764,-3.516,-2.299,92.573,0.0708,-0.0811,0.9961,
61.543,ENC,-84.4934,-20.6610,-52.5772,-1.5340,0.2557,182.866,-3.516,-2.299,92.573,0.0708,-0.0811,0.9961,
61.548,IMU,-84.4934,-20.6610,-52.5772,-1.5340,0.2557,182.866,-3.525,-2.280,92.669,0.0889,-0.0396,0.9941,
61.562,ENC,-84.5155,-20.6525,-52.5840,-1.1079,0.4261,182.954,-3.525,-2.280,92.669,0.0889,-0.0396,0.9941,
61.569,IMU,-84.5155,-20.6525,-52.5840,-1.1079,0.4261,182.954,-3.578,-2.299,92.790,0.0659,-0.0762,0.9668,
61.583,ENC,-84.5275,-20.6406,-52.5840,-0.5965,0.5965,183.022,-3.578,-2.299,92.790,0.0659,-0.0762,0.9668,
61.587,IMU,-84.5275,-20.6406,-52.5840,-0.5965,0.5965,183.022,-3.592,-2.195,92.844,0.0781,0.0059,1.0317,
61.603,ENC,-84.5411,-20.6389,-52.5900,-0.6818,0.0852,183.066,-3.592,-2.195,92.844,0.0781,0.0059,1.0317,
61.609,IMU,-84.5411,-20.6389,-52.5900,-0.6818,0.0852,183.066,-3.548,-2.105,92.881,0.0264,0.0161,0.9707,
61.622,ENC,-84.5445,-20.6389,-52.5917,-0.1704,0.0000,183.076,-3.548,-2.105,92.881,0.0264,0.0161,0.9707,
61.634,IMU,-84.5445,-20.6389,-52.5917,-0.1704,0.0000,183.076,-3.525,-2.112,92.892,0.0288,-0.0117,0.9951,
61.643,ENC,-84.5445,-20.6406,-52.5925,0.0000,-0.0852,183.071,-3.525,-2.112,92.892,0.0288,-0.0117,0.9951,
61.648,IMU,-84.5445,-20.6406,-52.5925,0.0000,-0.0852,183.071,-3.504,-2.090,92.835,0.0791,-0.0234,0.9893,
61.663,ENC,-84.5445,-20.6406,-52.5925,0.0000,0.0000,183.071,-3.504,-2.090,92.835,0.0791,-0.0234,0.9893,
61.668,IMU,-84.5445,-20.6406,-52.5925,0.0000,0.0000,183.071,-3.527,-2.062,92.825,0.0928,-0.0430,0.9883,
61.684,ENC,-84.5445,-20.6406,-52.5925,0.0000,0.0000,183.071,-3.527,-2.062,92.825,0.0928,-0.0430,0.9883,
61.688,IMU,-84.5445,-20.6406,-52.5925,0.0000,0.0000,183.071,-3.502,-2.023,92.760,0.0654,-0.0181,1.0054,
61.703,ENC,-84.5445,-20.6406,-52.5925,0.0000,0.0000,183.071,-3.502,-2.023,92.760,0.0654,-0.0181,1.0054,
61.708,IMU,-84.5445,-20.6406,-52.5925,0.0000,0.0000,183.071,-3.510,-2.004,92.718,0.0254,-0.0200,0.9917,
61.724,ENC,-84.5445,-20.6406,-52.5925,0.0000,0.0000,183.071,-3.510,-2.004,92.718,0.0254,-0.0200,0.9917,
61.727,IMU,-84.5445,-20.6406,-52.5925,0.0000,0.0000,183.071,-3.477,-1.959,92.703,0.0332,-0.0020,1.0020,
61.744,ENC,-84.5445,-20.6406,-52.5925,0.0000,0.0000,183.071,-3.477,-1.959,92.703,0.0332,-0.0020,1.0020,
61.749,IMU,-84.5445,-20.6406,-52.5925,0.0000,0.0000,183.071,-3.486,-1.952,92.712,0.0781,0.0054,0.9810,
61.763,ENC,-84.5445,-20.6389,-52.5917,0.0000,0.0852,183.076,-3.486,-1.952,92.712,0.0781,0.0054,0.9810,
61.769,IMU,-84.5445,-20.6389,-52.5917,0.0000,0.0852,183.076,-3.495,-1.875,92.731,0.0640,-0.0024,0.9932,
61.783,ENC,-84.5445,-20.6406,-52.5925,0.0000,-0.0852,183.071,-3.495,-1.875,92.731,0.0640,-0.0024,0.9932,
61.787,IMU,-84.5445,-20.6406,-52.5925,0.0000,-0.0852,183.071,-3.479,-1.836,92.740,0.0439,-0.0283,0.9956,
61.803,ENC,-84.5445,-20.6406,-52.5925,0.0000,0.0000,183.071,-3.479,-1.836,92.740,0.0439,-0.0283,0.9956,
61.808,IMU,-84.5445,-20.6406,-52.5925,0.0000,0.0000,183.071,-3.437,-1.820,92.739,0.0474,-0.0156,1.0156,
61.823,ENC,-84.5445,-20.6389,-52.5917,0.0000,0.0852,183.076,-3.437,-1.820,92.739,0.0474,-0.0156,1.0156,
61.828,IMU,-84.5445,-20.6389,-52.5917,0.0000,0.0852,183.076,-3.480,-1.814,92.717,0.0566,-0.0225,0.9990,
61.843,ENC,-84.5445,-20.6389,-52.5917,0.0000,0.0000,183.076,-3.480,-1.814,92.717,0.0566,-0.0225,0.9990,
61.848,IMU,-84.5445,-20.6389,-52.5917,0.0000,0.0000,183.076,-3.440,-1.811,92.753,0.0674,-0.0073,1.0054,
61.863,ENC,-84.5445,-20.6389,-52.5917,0.0000,0.0000,183.076,-3.440,-1.811,92.753,0.0674,-0.0073,1.0054,
61.868,IMU,-84.5445,-20.6389,-52.5917,0.0000,0.0000,183.076,-3.421,-1.828,92.743,0.0493,-0.0205,0.9824,
61.883,ENC,-84.5445,-20.6389,-52.5917,0.0000,0.0000,183.076,-3.421,-1.828,92.743,0.0493,-0.0205,0.9824,
61.888,IMU,-84.5445,-20.6389,-52.5917,0.0000,0.0000,183.076,-3.396,-1.840,92.768,0.0562,-0.0215,1.0015,
61.903,ENC,-84.5445,-20.6389,-52.5917,0.0000,0.0000,183.076,-3.396,-1.840,92.768,0.0562,-0.0215,1.0015,
61.908,IMU,-84.5445,-20.6389,-52.5917,0.0000,0.0000,183.076,-3.397,-1.845,92.773,0.0635,-0.0288,0.9990,
61.923,ENC,-84.5445,-20.6389,-52.5917,0.0000,0.0000,183.076,-3.397,-1.845,92.773,0.0635,-0.0288,0.9990,
61.928,IMU,-84.5445,-20.6389,-52.5917,0.0000,0.0000,183.076,-3.371,-1.822,92.777,0.0522,-0.0132,0.9937,
61.943,ENC,-84.5445,-20.6406,-52.5925,0.0000,-0.0852,183.071,-3.371,-1.822,92.777,0.0522,-0.0132,0.9937,
61.948,IMU,-84.5445,-20.6406,-52.5925,0.0000,-0.0852,183.071,-3.339,-1.773,92.739,0.0571,-0.0029,0.9907,
61.965,ENC,-84.5445,-20.6389,-52.5917,0.0000,0.0852,183.076,-3.339,-1.773,92.739,0.0571,-0.0029,0.9907,
61.968,IMU,-84.5445,-20.6389,-52.5917,0.0000,0.0852,183.076,-3.379,-1.731,92.748,0.0591,-0.0161,1.0044,
61.984,ENC,-84.5445,-20.6389,-52.5917,0.0000,0.0000,183.076,-3.379,-1.731,92.748,0.0591,-0.0161,1.0044,
61.988,IMU,-84.5445,-20.6389,-52.5917,0.0000,0.0000,183.076,-3.361,-1.778,92.754,0.0620,-0.0322,0.9961,
62.003,ENC,-84.5445,-20.6389,-52.5917,0.0000,0.0000,183.076,-3.361,-1.778,92.754,0.0620,-0.0322,0.9961,
62.009,IMU,-84.5445,-20.6389,-52.5917,0.0000,0.0000,183.076,-3.376,-1.691,92.745,0.0552,-0.0034,1.0049,
62.023,ENC,-84.5445,-20.6389,-52.5917,0.0000,0.0000,183.076,-3.376,-1.691,92.745,0.0552,-0.0034,1.0049,
62.028,IMU,-84.5445,-20.6389,-52.5917,0.0000,0.0000,183.076,-3.339,-1.635,92.777,0.0488,-0.0161,1.0103,
62.050,IMU,-84.5445,-20.6389,-52.5917,0.0000,0.0000,183.076,-3.369,-1.588,92.785,0.0610,-0.0195,0.9995,
62.067,ENC,-84.5445,-20.6406,-52.5925,0.0000,-0.0426,183.071,-3.369,-1.588,92.785,0.0610,-0.0195,0.9995,
62.070,IMU,-84.5445,-20.6406,-52.5925,0.0000,-0.0426,183.071,-3.385,-1.607,92.747,0.0693,-0.0229,0.9888,
62.083,ENC,-84.5445,-20.6406,-52.5925,0.0000,0.0000,183.071,-3.385,-1.607,92.747,0.0693,-0.0229,0.9888,
62.089,IMU,-84.5445,-20.6406,-52.5925,0.0000,0.0000,183.071,-3.400,-1.572,92.768,0.0557,-0.0063,0.9907,
62.103,ENC,-84.5445,-20.6389,-52.5917,0.0000,0.0852,183.076,-3.400,-1.572,92.768,0.0557,-0.0063,0.9907,
62.108,IMU,-84.5445,-20.6389,-52.5917,0.0000,0.0852,183.076,-3.375,-1.550,92.774,0.0518,-0.0127,1.0049,
62.124,ENC,-84.5445,-20.6406,-52.5925,0.0000,-0.0852,183.071,-3.375,-1.550,92.774,0.0518,-0.0127,1.0049,
62.129,IMU,-84.5445,-20.6406,-52.5925,0.0000,-0.0852,183.071,-3.342,-1.527,92.762,0.0547,-0.0107,1.0054,
62.143,ENC,-84.5445,-20.6389,-52.5917,0.0000,0.0852,183.076,-3.342,-1.527,92.762,0.0547,-0.0107,1.0054,
62.148,IMU,-84.5445,-20.6389,-52.5917,0.0000,0.0852,183.076,-3.298,-1.480,92.792,0.0508,-0.0171,0.9927,
62.163,ENC,-84.5445,-20.6389,-52.5917,0.0000,0.0000,183.076,-3.298,-1.480,92.792,0.0508,-0.0171,0.9927,
62.169,IMU,-84.5445,-20.6389,-52.5917,0.0000,0.0000,183.076,-3.330,-1.451,92.776,0.0610,-0.0156,0.9907,
62.184,ENC,-84.5445,-20.6389,-52.5917,0.0000,0.0000,183.076,-3.330,-1.451,92.776,0.0610,-0.0156,0.9907,
62.189,IMU,-84.5445,-20.6389,-52.5917,0.0000,0.0000,183.076,-3.320,-1.442,92.732,0.0659,-0.0068,1.0024,
62.203,ENC,-84.5445,-20.6389,-52.5917,0.0000,0.0000,183.076,-3.320,-1.442,92.732,0.0659,-0.0068,1.0024,
62.208,IMU,-84.5445,-20.6389,-52.5917,0.0000,0.0000,183.076,-3.283,-1.412,92.720,0.0479,-0.0122,0.9849,
62.224,ENC,-84.5445,-20.6389,-52.5917,0.0000,0.0000,183.076,-3.283,-1.412,92.720,0.0479,-0.0122,0.9849,
62.228,IMU,-84.5445,-20.6389,-52.5917,0.0000,0.0000,183.076,-3.253,-1.408,92.683,0.0518,-0.0249,0.9951,
62.243,ENC,-84.5445,-20.6389,-52.5917,0.0000,0.0000,183.076,-3.253,-1.408,92.683,0.0518,-0.0249,0.9951,
62.249,IMU,-84.5445,-20.6389,-52.5917,0.0000,0.0000,183.076,-3.265,-1.416,92.641,0.0415,-0.0181,0.9946,
62.263,ENC,-84.5445,-20.6389,-52.5917,0.0000,0.0000,183.076,-3.265,-1.416,92.641,0.0415,-0.0181,0.9946,
62.268,IMU,-84.5445,-20.6389,-52.5917,0.0000,0.0000,183.076,-3.250,-1.441,92.608,0.0718,-0.0088,0.9922,
62.284,ENC,-84.5445,-20.6389,-52.5917,0.0000,0.0000,183.076,-3.250,-1.441,92.608,0.0718,-0.0088,0.9922,
62.288,IMU,-84.5445,-20.6389,-52.5917,0.0000,0.0000,183.076,-3.247,-1.422,92.598,0.0542,0.0005,1.0020,
62.303,ENC,-84.5445,-20.6389,-52.5917,0.0000,0.0000,183.076,-3.247,-1.422,92.598,0.0542,0.0005,1.0020,
62.308,IMU,-84.5445,-20.6389,-52.5917,0.0000,0.0000,183.076,-3.193,-1.428,92.562,0.0547,0.0010,0.9946,
62.326,ENC,-84.5445,-20.6389,-52.5917,0.0000,0.0000,183.076,-3.193,-1.428,92.562,0.0547,0.0010,0.9946,
62.329,IMU,-84.5445,-20.6389,-52.5917,0.0000,0.0000,183.076,-3.212,-1.379,92.571,0.0557,-0.0234,0.9854,
62.343,ENC,-84.5445,-20.6389,-52.5917,0.0000,0.0000,183.076,-3.212,-1.379,92.571,0.0557,-0.0234,0.9854,
62.348,IMU,-84.5445,-20.6389,-52.5917,0.0000,0.0000,183.076,-3.230,-1.329,92.538,0.0566,-0.0112,1.0039,
62.363,ENC,-84.5445,-20.6389,-52.5917,0.0000,0.0000,183.076,-3.230,-1.329,92.538,0.0566,-0.0112,1.0039,
62.368,IMU,-84.5445,-20.6389,-52.5917,0.0000,0.0000,183.076,-3.213,-1.315,92.532,0.0684,-0.0239,0.9868,
62.383,ENC,-84.5445,-20.6406,-52.5925,0.0000,-0.0852,183.071,-3.213,-1.315,92.532,0.0684,-0.0239,0.9868,
62.388,IMU,-84.5445,-20.6406,-52.5925,0.0000,-0.0852,183.071,-3.219,-1.323,92.515,0.0552,-0.0210,0.9790,
62.403,ENC,-84.5445,-20.6389,-52.5917,0.0000,0.0852,183.076,-3.219,-1.323,92.515,0.0552,-0.0210,0.9790,
62.408,IMU,-84.5445,-20.6389,-52.5917,0.0000,0.0852,183.076,-3.226,-1.313,92.543,0.0513,-0.0068,1.0054,
62.423,ENC,-84.5445,-20.6389,-52.5917,0.0000,0.0000,183.076,-3.226,-1.313,92.543,0.0513,-0.0068,1.0054,
62.429,IMU,-84.5445,-20.6389,-52.5917,0.0000,0.0000,183.076,-3.204,-1.339,92.539,0.0586,-0.0210,0.9956,
62.444,ENC,-84.5445,-20.6389,-52.5917,0.0000,0.0000,183.076,-3.204,-1.339,92.539,0.0586,-0.0210,0.9956,
62.449,IMU,-84.5445,-20.6389,-52.5917,0.0000,0.0000,183.076,-3.192,-1.283,92.506,0.0513,-0.0127,1.0015,
62.466,ENC,-84.5445,-20.6389,-52.5917,0.0000,0.0000,183.076,-3.192,-1.283,92.506,0.0513,-0.0127,1.0015,
62.469,IMU,-84.5445,-20.6389,-52.5917,0.0000,0.0000,183.076,-3.199,-1.305,92.490,0.0645,-0.0137,0.9883,
62.483,ENC,-84.5445,-20.6389,-52.5917,0.0000,0.0000,183.076,-3.199,-1.305,92.490,0.0645,-0.0137,0.9883,
62.488,IMU,-84.5445,-20.6389,-52.5917,0.0000,0.0000,183.076,-3.222,-1.273,92.491,0.0527,-0.0112,0.9927,
62.503,ENC,-84.5445,-20.6389,-52.5917,0.0000,0.0000,183.076,-3.222,-1.273,92.491,0.0527,-0.0112,0.9927,
62.509,IMU,-84.5445,-20.6389,-52.5917,0.0000,0.0000,183.076,-3.230,-1.258,92.455,0.0518,-0.0093,0.9932,
62.523,ENC,-84.5445,-20.6406,-52.5925,0.0000,-0.0852,183.071,-3.230,-1.258,92.455,0.0518,-0.0093,0.9932,
62.531,IMU,-84.5445,-20.6406,-52.5925,0.0000,-0.0852,183.071,-3.216,-1.244,92.438,0.0562,-0.0029,1.0059,
62.544,ENC,-84.5445,-20.6389,-52.5917,0.0000,0.0852,183.076,-3.216,-1.244,92.438,0.0562,-0.0029,1.0059,
62.548,IMU,-84.5445,-20.6389,-52.5917,0.0000,0.0852,183.076,-3.200,-1.253,92.462,0.0601,-0.0088,1.0068,
62.563,ENC,-84.5445,-20.6406,-52.5925,0.0000,-0.0852,183.071,-3.200,-1.253,92.462,0.0601,-0.0088,1.0068,
62.568,IMU,-84.5445,-20.6406,-52.5925,0.0000,-0.0852,183.071,-3.205,-1.258,92.414,0.0542,-0.0054,0.9907,
62.583,ENC,-84.5445,-20.6389,-52.5917,0.0000,0.0852,183.076,-3.205,-1.258,92.414,0.0542,-0.0054,0.9907,
62.590,IMU,-84.5445,-20.6389,-52.5917,0.0000,0.0852,183.076,-3.208,-1.273,92.408,0.0732,-0.0156,1.0146,
62.604,ENC,-84.5445,-20.6389,-52.5917,0.0000,0.0000,183.076,-3.208,-1.273,92.408,0.0732,-0.0156,1.0146,
62.609,IMU,-84.5445,-20.6389,-52.5917,0.0000,0.0000,183.076,-3.220,-1.276,92.384,0.0674,-0.0186,0.9951,
62.623,ENC,-84.5445,-20.6389,-52.5917,0.0000,0.0000,183.076,-3.220,-1.276,92.384,0.0674,-0.0186,0.9951,
62.628,IMU,-84.5445,-20.6389,-52.5917,0.0000,0.0000,183.076,-3.239,-1.297,92.399,0.0566,-0.0176,0.9946,
62.643,ENC,-84.5445,-20.6389,-52.5917,0.0000,0.0000,183.076,-3.239,-1.297,92.399,0.0566,-0.0176,0.9946,
62.648,IMU,-84.5445,-20.6389,-52.5917,0.0000,0.0000,183.076,-3.225,-1.308,92.391,0.0522,-0.0229,0.9917,
62.664,ENC,-84.5445,-20.6389,-52.5917,0.0000,0.0000,183.076,-3.225,-1.308,92.391,0.0522,-0.0229,0.9917,
62.668,IMU,-84.5445,-20.6389,-52.5917,0.0000,0.0000,183.076,-3.197,-1.317,92.418,0.0483,-0.0225,0.9927,
62.683,ENC,-84.5445,-20.6406,-52.5925,0.0000,-0.0852,183.071,-3.197,-1.317,92.418,0.0483,-0.0225,0.9927,
62.688,IMU,-84.5445,-20.6406,-52.5925,0.0000,-0.0852,183.071,-3.206,-1.285,92.444,0.0498,-0.0122,1.0005,
62.703,ENC,-84.5445,-20.6389,-52.5917,0.0000,0.0852,183.076,-3.206,-1.285,92.444,0.0498,-0.0122,1.0005,
62.708,IMU,-84.5445,-20.6389,-52.5917,0.0000,0.0852,183.076,-3.214,-1.316,92.478,0.0537,-0.0171,0.9961,
62.723,ENC,-84.5445,-20.6389,-52.5917,0.0000,0.0000,183.076,-3.214,-1.316,92.478,0.0537,-0.0171,0.9961,
62.728,IMU,-84.5445,-20.6389,-52.5917,0.0000,0.0000,183.076,-3.260,-1.316,92.491,0.0596,-0.0249,0.9868,
62.743,ENC,-84.5445,-20.6389,-52.5917,0.0000,0.0000,183.076,-3.260,-1.316,92.491,0.0596,-0.0249,0.9868,
62.748,IMU,-84.5445,-20.6389,-52.5917,0.0000,0.0000,183.076,-3.283,-1.325,92.506,0.0552,-0.0132,1.0054,
62.763,ENC,-84.5445,-20.6389,-52.5917,0.0000,0.0000,183.076,-3.283,-1.325,92.506,0.0552,-0.0132,1.0054,
62.768,IMU,-84.5445,-20.6389,-52.5917,0.0000,0.0000,183.076,-3.261,-1.340,92.469,0.0542,-0.0200,1.0000,
62.782,ENC,-84.5445,-20.6389,-52.5917,0.0000,0.0000,183.076,-3.261,-1.340,92.469,0.0542,-0.0200,1.0000,
62.787,IMU,-84.5445,-20.6389,-52.5917,0.0000,0.0000,183.076,-3.263,-1.337,92.472,0.0591,-0.0278,0.9912,
62.803,ENC,-84.5445,-20.6389,-52.5917,0.0000,0.0000,183.076,-3.263,-1.337,92.472,0.0591,-0.0278,0.9912,
62.808,IMU,-84.5445,-20.6389,-52.5917,0.0000,0.0000,183.076,-3.227,-1.295,92.428,0.0576,-0.0098,1.0005,
62.823,ENC,-84.5445,-20.6406,-52.5925,0.0000,-0.0852,183.071,-3.227,-1.295,92.428,0.0576,-0.0098,1.0005,
62.829,IMU,-84.5445,-20.6406,-52.5925,0.0000,-0.0852,183.071,-3.240,-1.285,92.428,0.0562,-0.0225,0.9873,
62.842,ENC,-84.5445,-20.6389,-52.5917,0.0000,0.0852,183.076,-3.240,-1.285,92.428,0.0562,-0.0225,0.9873,
62.848,IMU,-84.5445,-20.6389,-52.5917,0.0000,0.0852,183.076,-3.270,-1.239,92.419,0.0601,-0.0117,0.9971,
62.863,ENC,-84.5445,-20.6389,-52.5917,0.0000,0.0000,183.076,-3.270,-1.239,92.419,0.0601,-0.0117,0.9971,
62.868,IMU,-84.5445,-20.6389,-52.5917,0.0000,0.0000,183.076,-3.284,-1.235,92.434,0.0693,-0.0151,0.9883,
62.883,ENC,-84.5445,-20.6389,-52.5917,0.0000,0.0000,183.076,-3.284,-1.235,92.434,0.0693,-0.0151,0.9883,
62.889,IMU,-84.5445,-20.6389,-52.5917,0.0000,0.0000,183.076,-3.305,-1.247,92.428,0.0483,-0.0083,1.0010,
62.903,ENC,-84.5445,-20.6389,-52.5917,0.0000,0.0000,183.076,-3.305,-1.247,92.428,0.0483,-0.0083,1.0010,
62.908,IMU,-84.5445,-20.6389,-52.5917,0.0000,0.0000,183.076,-3.269,-1.257,92.412,0.0571,-0.0264,1.0044,
62.923,ENC,-84.5445,-20.6389,-52.5917,0.0000,0.0000,183.076,-3.269,-1.257,92.412,0.0571,-0.0264,1.0044,
62.929,IMU,-84.5445,-20.6389,-52.5917,0.0000,0.0000,183.076,-3.324,-1.186,92.445,0.0610,-0.0054,0.9902,
62.944,ENC,-84.5445,-20.6389,-52.5917,0.0000,0.0000,183.076,-3.324,-1.186,92.445,0.0610,-0.0054,0.9902,
62.952,IMU,-84.5445,-20.6389,-52.5917,0.0000,0.0000,183.076,-3.271,-1.172,92.440,0.0566,-0.0220,0.9932,
62.964,ENC,-84.5445,-20.6389,-52.5917,0.0000,0.0000,183.076,-3.271,-1.172,92.440,0.0566,-0.0220,0.9932,
62.971,IMU,-84.5445,-20.6389,-52.5917,0.0000,0.0000,183.076,-3.273,-1.181,92.405,0.0596,-0.0225,1.0005,
62.986,ENC,-84.5445,-20.6389,-52.5917,0.0000,0.0000,183.076,-3.273,-1.181,92.405,0.0596,-0.0225,1.0005,
62.997,IMU,-84.5445,-20.6389,-52.5917,0.0000,0.0000,183.076,-3.278,-1.197,92.389,0.0635,-0.0063,1.0024,
63.003,ENC,-84.5445,-20.6389,-52.5917,0.0000,0.0000,183.076,-3.278,-1.197,92.389,0.0635,-0.0063,1.0024,
63.008,IMU,-84.5445,-20.6389,-52.5917,0.0000,0.0000,183.076,-3.298,-1.240,92.396,0.0454,-0.0127,0.9907,
63.023,ENC,-84.5445,-20.6406,-52.5925,0.0000,-0.0852,183.071,-3.298,-1.240,92.396,0.0454,-0.0127,0.9907,
63.028,IMU,-84.5445,-20.6406,-52.5925,0.0000,-0.0852,183.071,-3.326,-1.241,92.418,0.0674,-0.0166,1.0010,
63.043,ENC,-84.5445,-20.6389,-52.5917,0.0000,0.0852,183.076,-3.326,-1.241,92.418,0.0674,-0.0166,1.0010,
63.048,IMU,-84.5445,-20.6389,-52.5917,0.0000,0.0852,183.076,-3.315,-1.222,92.450,0.0513,-0.0156,0.9985,
63.063,ENC,-84.5445,-20.6389,-52.5917,0.0000,0.0000,183.076,-3.315,-1.222,92.450,0.0513,-0.0156,0.9985,
63.067,IMU,-84.5445,-20.6389,-52.5917,0.0000,0.0000,183.076,-3.312,-1.229,92.449,0.0566,-0.0195,0.9990,
63.083,ENC,-84.5445,-20.6389,-52.5917,0.0000,0.0000,183.076,-3.312,-1.229,92.449,0.0566,-0.0195,0.9990,
63.088,IMU,-84.5445,-20.6389,-52.5917,0.0000,0.0000,183.076,-3.300,-1.225,92.425,0.0698,-0.0181,0.9917,
63.103,ENC,-84.5445,-20.6389,-52.5917,0.0000,0.0000,183.076,-3.300,-1.225,92.425,0.0698,-0.0181,0.9917,
63.108,IMU,-84.5445,-20.6389,-52.5917,0.0000,0.0000,183.076,-3.299,-1.201,92.396,0.0654,-0.0146,0.9971,
63.123,ENC,-84.5445,-20.6389,-52.5917,0.0000,0.0000,183.076,-3.299,-1.201,92.396,0.0654,-0.0146,0.9971,
63.128,IMU,-84.5445,-20.6389,-52.5917,0.0000,0.0000,183.076,-3.322,-1.191,92.373,0.0537,-0.0127,0.9956,
63.144,ENC,-84.5445,-20.6406,-52.5925,0.0000,-0.0852,183.071,-3.322,-1.191,92.373,0.0537,-0.0127,0.9956,
63.151,IMU,-84.5445,-20.6406,-52.5925,0.0000,-0.0852,183.071,-3.322,-1.146,92.327,0.0659,-0.0195,1.0010,
63.165,ENC,-84.5445,-20.6389,-52.5917,0.0000,0.0852,183.076,-3.322,-1.146,92.327,0.0659,-0.0195,1.0010,
63.183,ENC,-84.5445,-20.6389,-52.5917,0.0000,0.0000,183.076,-3.322,-1.146,92.327,0.0659,-0.0195,1.0010,
63.190,IMU,-84.5445,-20.6389,-52.5917,0.0000,0.0000,183.076,-3.336,-1.040,92.380,0.0635,-0.0142,1.0010,
63.204,ENC,-84.5445,-20.6389,-52.5917,0.0000,0.0000,183.076,-3.336,-1.040,92.380,0.0635,-0.0142,1.0010,
63.209,IMU,-84.5445,-20.6389,-52.5917,0.0000,0.0000,183.076,-3.318,-1.059,92.333,0.0518,-0.0264,0.9985,
63.223,ENC,-84.5445,-20.6389,-52.5917,0.0000,0.0000,183.076,-3.318,-1.059,92.333,0.0518,-0.0264,0.9985,
63.227,IMU,-84.5445,-20.6389,-52.5917,0.0000,0.0000,183.076,-3.309,-1.056,92.348,0.0532,-0.0288,0.9902,
63.243,ENC,-84.5462,-20.6389,-52.5925,-0.0852,0.0000,183.081,-3.309,-1.056,92.348,0.0532,-0.0288,0.9902,
63.249,IMU,-84.5462,-20.6389,-52.5925,-0.0852,0.0000,183.081,-3.288,-1.097,92.315,0.0620,-0.0103,0.9912,
63.262,ENC,-84.5445,-20.6389,-52.5917,0.0852,0.0000,183.076,-3.288,-1.097,92.315,0.0620,-0.0103,0.9912,
63.270,IMU,-84.5445,-20.6389,-52.5917,0.0852,0.0000,183.076,-3.266,-1.150,92.337,0.0483,-0.0244,1.0010,
63.283,ENC,-84.5462,-20.6389,-52.5925,-0.0852,0.0000,183.081,-3.266,-1.150,92.337,0.0483,-0.0244,1.0010,
63.288,IMU,-84.5462,-20.6389,-52.5925,-0.0852,0.0000,183.081,-3.278,-1.148,92.355,0.0469,-0.0063,0.9873,
63.303,ENC,-84.5445,-20.6389,-52.5917,0.0852,0.0000,183.076,-3.278,-1.148,92.355,0.0469,-0.0063,0.9873,
63.308,IMU,-84.5445,-20.6389,-52.5917,0.0852,0.0000,183.076,-3.263,-1.130,92.296,0.0488,-0.0171,0.9897,
63.323,ENC,-84.5445,-20.6389,-52.5917,0.0000,0.0000,183.076,-3.263,-1.130,92.296,0.0488,-0.0171,0.9897,
63.328,IMU,-84.5445,-20.6389,-52.5917,0.0000,0.0000,183.076,-3.229,-1.137,92.271,0.0503,-0.0083,0.9897,
63.343,ENC,-84.5445,-20.6389,-52.5917,0.0000,0.0000,183.076,-3.229,-1.137,92.271,0.0503,-0.0083,0.9897,
63.350,IMU,-84.5445,-20.6389,-52.5917,0.0000,0.0000,183.076,-3.229,-1.101,92.291,0.0537,-0.0024,0.9868,
63.363,ENC,-84.5445,-20.6389,-52.5917,0.0000,0.0000,183.076,-3.229,-1.101,92.291,0.0537,-0.0024,0.9868,
63.373,IMU,-84.5445,-20.6389,-52.5917,0.0000,0.0000,183.076,-3.253,-1.071,92.327,0.0493,-0.0176,0.9854,
63.383,ENC,-84.5445,-20.6389,-52.5917,0.0000,0.0000,183.076,-3.253,-1.071,92.327,0.0493,-0.0176,0.9854,
63.388,IMU,-84.5445,-20.6389,-52.5917,0.0000,0.0000,183.076,-3.289,-1.048,92.307,0.0664,-0.0210,1.0029,
63.403,ENC,-84.5445,-20.6389,-52.5917,0.0000,0.0000,183.076,-3.289,-1.048,92.307,0.0664,-0.0210,1.0029,
63.409,IMU,-84.5445,-20.6389,-52.5917,0.0000,0.0000,183.076,-3.289,-1.033,92.298,0.0488,-0.0210,0.9883,
63.423,ENC,-84.5445,-20.6389,-52.5917,0.0000,0.0000,183.076,-3.289,-1.033,92.298,0.0488,-0.0210,0.9883,
63.428,IMU,-84.5445,-20.6389,-52.5917,0.0000,0.0000,183.076,-3.289,-0.972,92.325,0.0483,-0.0156,0.9858,
63.443,ENC,-84.5445,-20.6389,-52.5917,0.0000,0.0000,183.076,-3.289,-0.972,92.325,0.0483,-0.0156,0.9858,
63.449,IMU,-84.5445,-20.6389,-52.5917,0.0000,0.0000,183.076,-3.306,-0.985,92.345,0.0610,-0.0161,1.0073,
63.463,ENC,-84.5445,-20.6389,-52.5917,0.0000,0.0000,183.076,-3.306,-0.985,92.345,0.0610,-0.0161,1.0073,
63.468,IMU,-84.5445,-20.6389,-52.5917,0.0000,0.0000,183.076,-3.308,-0.987,92.335,0.0581,-0.0220,0.9941,
63.483,ENC,-84.5445,-20.6389,-52.5917,0.0000,0.0000,183.076,-3.308,-0.987,92.335,0.0581,-0.0220,0.9941,
63.488,IMU,-84.5445,-20.6389,-52.5917,0.0000,0.0000,183.076,-3.282,-0.986,92.300,0.0581,-0.0127,0.9985,
63.503,ENC,-84.5445,-20.6406,-52.5925,0.0000,-0.0852,183.071,-3.282,-0.986,92.300,0.0581,-0.0127,0.9985,
63.508,IMU,-84.5445,-20.6406,-52.5925,0.0000,-0.0852,183.071,-3.276,-0.989,92.311,0.0557,-0.0117,0.9707,
63.522,ENC,-84.5445,-20.6389,-52.5917,0.0000,0.0852,183.076,-3.276,-0.989,92.311,0.0557,-0.0117,0.9707,
63.528,IMU,-84.5445,-20.6389,-52.5917,0.0000,0.0852,183.076,-3.233,-1.029,92.269,0.0498,-0.0190,0.9844,
63.543,ENC,-84.5445,-20.6406,-52.5925,0.0000,-0.0852,183.071,-3.233,-1.029,92.269,0.0498,-0.0190,0.9844,
63.547,IMU,-84.5445,-20.6406,-52.5925,0.0000,-0.0852,183.071,-3.210,-1.026,92.279,0.0474,-0.0142,0.9976,
63.563,ENC,-84.5445,-20.6389,-52.5917,0.0000,0.0852,183.076,-3.210,-1.026,92.279,0.0474,-0.0142,0.9976,
63.568,IMU,-84.5445,-20.6389,-52.5917,0.0000,0.0852,183.076,-3.185,-1.013,92.293,0.0557,-0.0176,1.0039,
63.583,ENC,-84.5445,-20.6406,-52.5925,0.0000,-0.0852,183.071,-3.185,-1.013,92.293,0.0557,-0.0176,1.0039,
63.588,IMU,-84.5445,-20.6406,-52.5925,0.0000,-0.0852,183.071,-3.242,-1.008,92.336,0.0601,-0.0137,0.9956,
63.603,ENC,-84.5462,-20.6389,-52.5925,-0.0852,0.0852,183.081,-3.242,-1.008,92.336,0.0601,-0.0137,0.9956,
63.609,IMU,-84.5462,-20.6389,-52.5925,-0.0852,0.0852,183.081,-3.207,-1.006,92.319,0.0684,-0.0103,0.9976,
63.623,ENC,-84.5445,-20.6389,-52.5917,0.0852,0.0000,183.076,-3.207,-1.006,92.319,0.0684,-0.0103,0.9976,
63.628,IMU,-84.5445,-20.6389,-52.5917,0.0852,0.0000,183.076,-3.148,-0.977,92.230,0.0562,-0.0117,0.9873,
63.643,ENC,-84.5445,-20.6389,-52.5917,0.0000,0.0000,183.076,-3.148,-0.977,92.230,0.0562,-0.0117,0.9873,
63.648,IMU,-84.5445,-20.6389,-52.5917,0.0000,0.0000,183.076,-3.141,-1.005,92.234,0.0537,-0.0176,0.9956,
63.663,ENC,-84.5445,-20.6389,-52.5917,0.0000,0.0000,183.076,-3.141,-1.005,92.234,0.0537,-0.0176,0.9956,
63.669,IMU,-84.5445,-20.6389,-52.5917,0.0000,0.0000,183.076,-3.175,-1.000,92.232,0.0674,-0.0132,0.9883,
63.683,ENC,-84.5445,-20.6406,-52.5925,0.0000,-0.0852,183.071,-3.175,-1.000,92.232,0.0674,-0.0132,0.9883,
63.688,IMU,-84.5445,-20.6406,-52.5925,0.0000,-0.0852,183.071,-3.144,-0.990,92.266,0.0527,-0.0103,0.9932,
63.703,ENC,-84.5445,-20.6389,-52.5917,0.0000,0.0852,183.076,-3.144,-0.990,92.266,0.0527,-0.0103,0.9932,
63.708,IMU,-84.5445,-20.6389,-52.5917,0.0000,0.0852,183.076,-3.118,-0.965,92.254,0.0518,-0.0117,1.0059,
63.723,ENC,-84.5462,-20.6389,-52.5925,-0.0852,0.0000,183.081,-3.118,-0.965,92.254,0.0518,-0.0117,1.0059,
63.728,IMU,-84.5462,-20.6389,-52.5925,-0.0852,0.0000,183.081,-3.104,-0.954,92.241,0.0601,-0.0229,0.9951,
63.743,ENC,-84.5445,-20.6389,-52.5917,0.0852,0.0000,183.076,-3.104,-0.954,92.241,0.0601,-0.0229,0.9951,
63.747,IMU,-84.5445,-20.6389,-52.5917,0.0852,0.0000,183.076,-3.074,-0.963,92.250,0.0571,-0.0220,0.9995,
63.763,ENC,-84.5462,-20.6406,-52.5934,-0.0852,-0.0852,183.076,-3.074,-0.963,92.250,0.0571,-0.0220,0.9995,
63.769,IMU,-84.5462,-20.6406,-52.5934,-0.0852,-0.0852,183.076,-3.117,-0.914,92.278,0.0645,-0.0146,0.9917,
63.783,ENC,-84.5445,-20.6406,-52.5925,0.0852,0.0000,183.071,-3.117,-0.914,92.278,0.0645,-0.0146,0.9917,
63.788,IMU,-84.5445,-20.6406,-52.5925,0.0852,0.0000,183.071,-3.104,-0.931,92.255,0.0620,-0.0107,0.9956,
63.803,ENC,-84.5445,-20.6389,-52.5917,0.0000,0.0852,183.076,-3.104,-0.931,92.255,0.0620,-0.0107,0.9956,
63.808,IMU,-84.5445,-20.6389,-52.5917,0.0000,0.0852,183.076,-3.135,-0.922,92.301,0.0654,-0.0029,0.9971,
63.823,ENC,-84.5445,-20.6389,-52.5917,0.0000,0.0000,183.076,-3.135,-0.922,92.301,0.0654,-0.0029,0.9971,
63.828,IMU,-84.5445,-20.6389,-52.5917,0.0000,0.0000,183.076,-3.151,-0.898,92.289,0.0386,0.0024,0.9888,
63.843,ENC,-84.5445,-20.6389,-52.5917,0.0000,0.0000,183.076,-3.151,-0.898,92.289,0.0386,0.0024,0.9888,
63.848,IMU,-84.5445,-20.6389,-52.5917,0.0000,0.0000,183.076,-3.130,-0.912,92.245,0.0474,-0.0171,0.9873,
63.863,ENC,-84.5445,-20.6406,-52.5925,0.0000,-0.0852,183.071,-3.130,-0.912,92.245,0.0474,-0.0171,0.9873,
63.868,IMU,-84.5445,-20.6406,-52.5925,0.0000,-0.0852,183.071,-3.071,-0.943,92.235,0.0576,-0.0132,1.0034,
63.883,ENC,-84.5445,-20.6406,-52.5925,0.0000,0.0000,183.071,-3.071,-0.943,92.235,0.0576,-0.0132,1.0034,
63.887,IMU,-84.5445,-20.6406,-52.5925,0.0000,0.0000,183.071,-3.025,-0.943,92.292,0.0547,-0.0112,0.9995,
63.903,ENC,-84.5462,-20.6406,-52.5934,-0.0852,0.0000,183.076,-3.025,-0.943,92.292,0.0547,-0.0112,0.9995,
63.910,IMU,-84.5462,-20.6406,-52.5934,-0.0852,0.0000,183.076,-3.021,-0.912,92.274,0.0503,-0.0156,0.9863,
63.923,ENC,-84.5445,-20.6389,-52.5917,0.0852,0.0852,183.076,-3.021,-0.912,92.274,0.0503,-0.0156,0.9863,
63.928,IMU,-84.5445,-20.6389,-52.5917,0.0852,0.0852,183.076,-2.989,-0.891,92.260,0.0522,-0.0181,0.9893,
63.943,ENC,-84.5445,-20.6389,-52.5917,0.0000,0.0000,183.076,-2.989,-0.891,92.260,0.0522,-0.0181,0.9893,
63.949,IMU,-84.5445,-20.6389,-52.5917,0.0000,0.0000,183.076,-3.025,-0.898,92.264,0.0581,-0.0166,0.9941,
63.963,ENC,-84.5445,-20.6406,-52.5925,0.0000,-0.0852,183.071,-3.025,-0.898,92.264,0.0581,-0.0166,0.9941,
63.969,IMU,-84.5445,-20.6406,-52.5925,0.0000,-0.0852,183.071,-2.984,-0.933,92.252,0.0522,-0.0205,0.9976,
63.983,ENC,-84.5462,-20.6389,-52.5925,-0.0852,0.0852,183.081,-2.984,-0.933,92.252,0.0522,-0.0205,0.9976,
63.988,IMU,-84.5462,-20.6389,-52.5925,-0.0852,0.0852,183.081,-2.990,-0.890,92.253,0.0508,-0.0044,0.9922,
64.003,ENC,-84.5445,-20.6389,-52.5917,0.0852,0.0000,183.076,-2.990,-0.890,92.253,0.0508,-0.0044,0.9922,
64.008,IMU,-84.5445,-20.6389,-52.5917,0.0852,0.0000,183.076,-2.982,-0.887,92.248,0.0566,-0.0083,0.9927,
64.023,ENC,-84.5445,-20.6389,-52.5917,0.0000,0.0000,183.076,-2.982,-0.887,92.248,0.0566,-0.0083,0.9927,
64.031,IMU,-84.5445,-20.6389,-52.5917,0.0000,0.0000,183.076,-2.953,-0.862,92.262,0.0430,-0.0229,0.9927,
64.043,ENC,-84.5462,-20.6406,-52.5934,-0.0852,-0.0852,183.076,-2.953,-0.862,92.262,0.0430,-0.0229,0.9927,
64.047,IMU,-84.5462,-20.6406,-52.5934,-0.0852,-0.0852,183.076,-2.962,-0.863,92.300,0.0659,-0.0171,0.9922,
64.066,ENC,-84.5445,-20.6389,-52.5917,0.0852,0.0852,183.076,-2.962,-0.863,92.300,0.0659,-0.0171,0.9922,
64.069,IMU,-84.5445,-20.6389,-52.5917,0.0852,0.0852,183.076,-3.023,-0.895,92.297,0.0557,-0.0186,0.9937,
64.083,ENC,-84.5445,-20.6389,-52.5917,0.0000,0.0000,183.076,-3.023,-0.895,92.297,0.0557,-0.0186,0.9937,
64.088,IMU,-84.5445,-20.6389,-52.5917,0.0000,0.0000,183.076,-3.022,-0.873,92.278,0.0645,-0.0073,0.9888,
64.103,ENC,-84.5445,-20.6389,-52.5917,0.0000,0.0000,183.076,-3.022,-0.873,92.278,0.0645,-0.0073,0.9888,
64.108,IMU,-84.5445,-20.6389,-52.5917,0.0000,0.0000,183.076,-3.025,-0.877,92.248,0.0669,-0.0098,1.0073,
64.123,ENC,-84.5445,-20.6389,-52.5917,0.0000,0.0000,183.076,-3.025,-0.877,92.248,0.0669,-0.0098,1.0073,
64.128,IMU,-84.5445,-20.6389,-52.5917,0.0000,0.0000,183.076,-3.038,-0.877,92.220,0.0557,-0.0044,0.9941,
64.144,ENC,-84.5462,-20.6389,-52.5925,-0.0852,0.0000,183.081,-3.038,-0.877,92.220,0.0557,-0.0044,0.9941,
64.148,IMU,-84.5462,-20.6389,-52.5925,-0.0852,0.0000,183.081,-3.056,-0.860,92.186,0.0474,-0.0112,0.9946,
64.163,ENC,-84.5462,-20.6389,-52.5925,0.0000,0.0000,183.081,-3.056,-0.860,92.186,0.0474,-0.0112,0.9946,
64.170,IMU,-84.5462,-20.6389,-52.5925,0.0000,0.0000,183.081,-3.061,-0.890,92.203,0.0669,-0.0132,0.9985,
64.183,ENC,-84.5462,-20.6406,-52.5934,0.0000,-0.0852,183.076,-3.061,-0.890,92.203,0.0669,-0.0132,0.9985,
64.189,IMU,-84.5462,-20.6406,-52.5934,0.0000,-0.0852,183.076,-3.064,-0.899,92.221,0.0508,-0.0151,1.0083,
64.203,ENC,-84.5445,-20.6389,-52.5917,0.0852,0.0852,183.076,-3.064,-0.899,92.221,0.0508,-0.0151,1.0083,
64.209,IMU,-84.5445,-20.6389,-52.5917,0.0852,0.0852,183.076,-3.118,-0.913,92.227,0.0625,-0.0176,0.9907,
64.229,IMU,-84.5445,-20.6389,-52.5917,0.0852,0.0852,183.076,-3.084,-0.913,92.243,0.0454,-0.0142,0.9976,
64.238,ENC,-84.5445,-20.6389,-52.5917,0.0000,0.0000,183.076,-3.084,-0.913,92.243,0.0454,-0.0142,0.9976,
64.243,ENC,-84.5445,-20.6389,-52.5917,0.0000,0.0000,183.076,-3.084,-0.913,92.243,0.0454,-0.0142,0.9976,
64.251,IMU,-84.5445,-20.6389,-52.5917,0.0000,0.0000,183.076,-3.117,-0.897,92.258,0.0532,-0.0142,1.0098,
64.264,ENC,-84.5462,-20.6389,-52.5925,-0.0852,0.0000,183.081,-3.117,-0.897,92.258,0.0532,-0.0142,1.0098,
64.268,IMU,-84.5462,-20.6389,-52.5925,-0.0852,0.0000,183.081,-3.119,-0.912,92.265,0.0498,-0.0244,0.9941,
64.283,ENC,-84.5445,-20.6389,-52.5917,0.0852,0.0000,183.076,-3.119,-0.912,92.265,0.0498,-0.0244,0.9941,
64.288,IMU,-84.5445,-20.6389,-52.5917,0.0852,0.0000,183.076,-3.124,-0.921,92.266,0.0605,-0.0259,1.0005,
64.303,ENC,-84.5445,-20.6389,-52.5917,0.0000,0.0000,183.076,-3.124,-0.921,92.266,0.0605,-0.0259,1.0005,
64.309,IMU,-84.5445,-20.6389,-52.5917,0.0000,0.0000,183.076,-3.152,-0.928,92.271,0.0493,-0.0376,0.9976,
64.323,ENC,-84.5462,-20.6389,-52.5925,-0.0852,0.0000,183.081,-3.152,-0.928,92.271,0.0493,-0.0376,0.9976,
64.328,IMU,-84.5462,-20.6389,-52.5925,-0.0852,0.0000,183.081,-3.177,-0.945,92.278,0.0620,-0.0186,0.9858,
64.343,ENC,-84.5445,-20.6389,-52.5917,0.0852,0.0000,183.076,-3.177,-0.945,92.278,0.0620,-0.0186,0.9858,
64.348,IMU,-84.5445,-20.6389,-52.5917,0.0852,0.0000,183.076,-3.122,-0.943,92.231,0.0400,-0.0068,1.0093,
64.364,ENC,-84.5445,-20.6389,-52.5917,0.0000,0.0000,183.076,-3.122,-0.943,92.231,0.0400,-0.0068,1.0093,
64.368,IMU,-84.5445,-20.6389,-52.5917,0.0000,0.0000,183.076,-3.107,-0.929,92.276,0.0605,-0.0215,0.9990,
64.383,ENC,-84.5445,-20.6389,-52.5917,0.0000,0.0000,183.076,-3.107,-0.929,92.276,0.0605,-0.0215,0.9990,
64.388,IMU,-84.5445,-20.6389,-52.5917,0.0000,0.0000,183.076,-3.088,-0.918,92.278,0.0498,-0.0225,0.9932,
64.403,ENC,-84.5445,-20.6406,-52.5925,0.0000,-0.0852,183.071,-3.088,-0.918,92.278,0.0498,-0.0225,0.9932,
64.408,IMU,-84.5445,-20.6406,-52.5925,0.0000,-0.0852,183.071,-3.098,-0.937,92.243,0.0547,-0.0200,1.0010,
64.423,ENC,-84.5445,-20.6389,-52.5917,0.0000,0.0852,183.076,-3.098,-0.937,92.243,0.0547,-0.0200,1.0010,
64.430,IMU,-84.5445,-20.6389,-52.5917,0.0000,0.0852,183.076,-3.098,-0.879,92.253,0.0527,-0.0029,0.9912,
64.443,ENC,-84.5445,-20.6389,-52.5917,0.0000,0.0000,183.076,-3.098,-0.879,92.253,0.0527,-0.0029,0.9912,
64.449,IMU,-84.5445,-20.6389,-52.5917,0.0000,0.0000,183.076,-3.122,-0.860,92.249,0.0591,-0.0176,0.9956,
64.463,ENC,-84.5462,-20.6389,-52.5925,-0.0852,0.0000,183.081,-3.122,-0.860,92.249,0.0591,-0.0176,0.9956,
64.468,IMU,-84.5462,-20.6389,-52.5925,-0.0852,0.0000,183.081,-3.162,-0.838,92.255,0.0620,-0.0098,1.0024,
64.483,ENC,-84.5445,-20.6389,-52.5917,0.0852,0.0000,183.076,-3.162,-0.838,92.255,0.0620,-0.0098,1.0024,
64.487,IMU,-84.5445,-20.6389,-52.5917,0.0852,0.0000,183.076,-3.159,-0.839,92.199,0.0605,-0.0229,0.9985,
64.503,ENC,-84.5462,-20.6389,-52.5925,-0.0852,0.0000,183.081,-3.159,-0.839,92.199,0.0605,-0.0229,0.9985,
64.508,IMU,-84.5462,-20.6389,-52.5925,-0.0852,0.0000,183.081,-3.160,-0.810,92.216,0.0562,-0.0181,0.9814,
64.523,ENC,-84.5445,-20.6389,-52.5917,0.0852,0.0000,183.076,-3.160,-0.810,92.216,0.0562,-0.0181,0.9814,
64.528,IMU,-84.5445,-20.6389,-52.5917,0.0852,0.0000,183.076,-3.136,-0.787,92.230,0.0454,-0.0068,0.9961,
64.543,ENC,-84.5445,-20.6406,-52.5925,0.0000,-0.0852,183.071,-3.136,-0.787,92.230,0.0454,-0.0068,0.9961,
64.548,IMU,-84.5445,-20.6406,-52.5925,0.0000,-0.0852,183.071,-3.170,-0.769,92.261,0.0513,-0.0029,1.0034,
64.563,ENC,-84.5445,-20.6389,-52.5917,0.0000,0.0852,183.076,-3.170,-0.769,92.261,0.0513,-0.0029,1.0034,
64.569,IMU,-84.5445,-20.6389,-52.5917,0.0000,0.0852,183.076,-3.150,-0.787,92.234,0.0581,-0.0137,0.9922,
64.583,ENC,-84.5445,-20.6389,-52.5917,0.0000,0.0000,183.076,-3.150,-0.787,92.234,0.0581,-0.0137,0.9922,
64.588,IMU,-84.5445,-20.6389,-52.5917,0.0000,0.0000,183.076,-3.170,-0.777,92.258,0.0610,-0.0107,1.0005,
64.603,ENC,-84.5445,-20.6406,-52.5925,0.0000,-0.0852,183.071,-3.170,-0.777,92.258,0.0610,-0.0107,1.0005,
64.608,IMU,-84.5445,-20.6406,-52.5925,0.0000,-0.0852,183.071,-3.173,-0.760,92.260,0.0581,-0.0190,0.9990,
64.623,ENC,-84.5462,-20.6389,-52.5925,-0.0852,0.0852,183.081,-3.173,-0.760,92.260,0.0581,-0.0190,0.9990,
64.630,IMU,-84.5462,-20.6389,-52.5925,-0.0852,0.0852,183.081,-3.222,-0.749,92.273,0.0503,-0.0210,1.0015,
64.643,ENC,-84.5445,-20.6389,-52.5917,0.0852,0.0000,183.076,-3.222,-0.749,92.273,0.0503,-0.0210,1.0015,
64.648,IMU,-84.5445,-20.6389,-52.5917,0.0852,0.0000,183.076,-3.244,-0.770,92.309,0.0645,-0.0161,1.0034,
64.663,ENC,-84.5445,-20.6389,-52.5917,0.0000,0.0000,183.076,-3.244,-0.770,92.309,0.0645,-0.0161,1.0034,
64.668,IMU,-84.5445,-20.6389,-52.5917,0.0000,0.0000,183.076,-3.229,-0.765,92.316,0.0654,-0.0200,1.0073,
64.683,ENC,-84.5445,-20.6389,-52.5917,0.0000,0.0000,183.076,-3.229,-0.765,92.316,0.0654,-0.0200,1.0073,
64.688,IMU,-84.5445,-20.6389,-52.5917,0.0000,0.0000,183.076,-3.274,-0.747,92.358,0.0474,-0.0107,1.0059,
64.703,ENC,-84.5445,-20.6389,-52.5917,0.0000,0.0000,183.076,-3.274,-0.747,92.358,0.0474,-0.0107,1.0059,
64.708,IMU,-84.5445,-20.6389,-52.5917,0.0000,0.0000,183.076,-3.313,-0.718,92.396,0.0625,-0.0054,1.0020,
64.723,ENC,-84.5445,-20.6406,-52.5925,0.0000,-0.0852,183.071,-3.313,-0.718,92.396,0.0625,-0.0054,1.0020,
64.728,IMU,-84.5445,-20.6406,-52.5925,0.0000,-0.0852,183.071,-3.319,-0.708,92.378,0.0518,-0.0103,0.9941,
64.743,ENC,-84.5462,-20.6389,-52.5925,-0.0852,0.0852,183.081,-3.319,-0.708,92.378,0.0518,-0.0103,0.9941,
64.748,IMU,-84.5462,-20.6389,-52.5925,-0.0852,0.0852,183.081,-3.336,-0.673,92.369,0.0469,-0.0142,0.9971,
64.763,ENC,-84.5462,-20.6389,-52.5925,0.0000,0.0000,183.081,-3.336,-0.673,92.369,0.0469,-0.0142,0.9971,
64.768,IMU,-84.5462,-20.6389,-52.5925,0.0000,0.0000,183.081,-3.322,-0.630,92.342,0.0566,-0.0205,0.9995,
64.783,ENC,-84.5445,-20.6389,-52.5917,0.0852,0.0000,183.076,-3.322,-0.630,92.342,0.0566,-0.0205,0.9995,
64.789,IMU,-84.5445,-20.6389,-52.5917,0.0852,0.0000,183.076,-3.344,-0.644,92.334,0.0522,-0.0073,1.0049,
64.803,ENC,-84.5462,-20.6389,-52.5925,-0.0852,0.0000,183.081,-3.344,-0.644,92.334,0.0522,-0.0073,1.0049,
64.808,IMU,-84.5462,-20.6389,-52.5925,-0.0852,0.0000,183.081,-3.342,-0.637,92.371,0.0698,-0.0063,0.9966,
64.823,ENC,-84.5462,-20.6389,-52.5925,0.0000,0.0000,183.081,-3.342,-0.637,92.371,0.0698,-0.0063,0.9966,
64.829,IMU,-84.5462,-20.6389,-52.5925,0.0000,0.0000,183.081,-3.323,-0.659,92.367,0.0610,-0.0195,1.0029,
64.843,ENC,-84.5445,-20.6389,-52.5917,0.0852,0.0000,183.076,-3.323,-0.659,92.367,0.0610,-0.0195,1.0029,
64.848,IMU,-84.5445,-20.6389,-52.5917,0.0852,0.0000,183.076,-3.334,-0.646,92.341,0.0552,-0.0151,0.9883,
64.863,ENC,-84.5445,-20.6389,-52.5917,0.0000,0.0000,183.076,-3.334,-0.646,92.341,0.0552,-0.0151,0.9883,
64.868,IMU,-84.5445,-20.6389,-52.5917,0.0000,0.0000,183.076,-3.332,-0.646,92.321,0.0547,-0.0054,1.0010,
64.886,ENC,-84.5445,-20.6389,-52.5917,0.0000,0.0000,183.076,-3.332,-0.646,92.321,0.0547,-0.0054,1.0010,
64.888,IMU,-84.5445,-20.6389,-52.5917,0.0000,0.0000,183.076,-3.314,-0.654,92.305,0.0586,-0.0161,0.9912,
64.904,ENC,-84.5445,-20.6389,-52.5917,0.0000,0.0000,183.076,-3.314,-0.654,92.305,0.0586,-0.0161,0.9912,
64.908,IMU,-84.5445,-20.6389,-52.5917,0.0000,0.0000,183.076,-3.355,-0.660,92.357,0.0557,-0.0288,1.0029,
64.924,ENC,-84.5445,-20.6389,-52.5917,0.0000,0.0000,183.076,-3.355,-0.660,92.357,0.0557,-0.0288,1.0029,
64.929,IMU,-84.5445,-20.6389,-52.5917,0.0000,0.0000,183.076,-3.349,-0.657,92.309,0.0640,-0.0127,0.9907,
64.943,ENC,-84.5445,-20.6389,-52.5917,0.0000,0.0000,183.076,-3.349,-0.657,92.309,0.0640,-0.0127,0.9907,
64.948,IMU,-84.5445,-20.6389,-52.5917,0.0000,0.0000,183.076,-3.315,-0.663,92.251,0.0615,-0.0195,0.9902,
64.963,ENC,-84.5462,-20.6389,-52.5925,-0.0852,0.0000,183.081,-3.315,-0.663,92.251,0.0615,-0.0195,0.9902,
64.968,IMU,-84.5462,-20.6389,-52.5925,-0.0852,0.0000,183.081,-3.350,-0.702,92.272,0.0684,-0.0288,0.9971,
64.987,ENC,-84.5445,-20.6389,-52.5917,0.0852,0.0000,183.076,-3.350,-0.702,92.272,0.0684,-0.0288,0.9971,
64.990,IMU,-84.5445,-20.6389,-52.5917,0.0852,0.0000,183.076,-3.322,-0.691,92.255,0.0542,-0.0078,0.9976,
65.003,ENC,-84.5445,-20.6389,-52.5917,0.0000,0.0000,183.076,-3.322,-0.691,92.255,0.0542,-0.0078,0.9976,
65.011,IMU,-84.5445,-20.6389,-52.5917,0.0000,0.0000,183.076,-3.321,-0.705,92.236,0.0391,-0.0249,1.0024,
65.023,ENC,-84.5445,-20.6389,-52.5917,0.0000,0.0000,183.076,-3.321,-0.705,92.236,0.0391,-0.0249,1.0024,
65.028,IMU,-84.5445,-20.6389,-52.5917,0.0000,0.0000,183.076,-3.332,-0.727,92.192,0.0601,-0.0103,0.9897,
65.043,ENC,-84.5462,-20.6389,-52.5925,-0.0852,0.0000,183.081,-3.332,-0.727,92.192,0.0601,-0.0103,0.9897,
65.048,IMU,-84.5462,-20.6389,-52.5925,-0.0852,0.0000,183.081,-3.328,-0.745,92.161,0.0630,-0.0229,0.9922,
65.063,ENC,-84.5445,-20.6389,-52.5917,0.0852,0.0000,183.076,-3.328,-0.745,92.161,0.0630,-0.0229,0.9922,
65.068,IMU,-84.5445,-20.6389,-52.5917,0.0852,0.0000,183.076,-3.329,-0.718,92.146,0.0444,-0.0151,1.0034,
65.083,ENC,-84.5445,-20.6389,-52.5917,0.0000,0.0000,183.076,-3.329,-0.718,92.146,0.0444,-0.0151,1.0034,
65.088,IMU,-84.5445,-20.6389,-52.5917,0.0000,0.0000,183.076,-3.369,-0.653,92.175,0.0625,-0.0151,0.9912,
65.103,ENC,-84.5445,-20.6389,-52.5917,0.0000,0.0000,183.076,-3.369,-0.653,92.175,0.0625,-0.0151,0.9912,
65.108,IMU,-84.5445,-20.6389,-52.5917,0.0000,0.0000,183.076,-3.390,-0.676,92.159,0.0562,-0.0107,0.9971,
65.123,ENC,-84.5445,-20.6389,-52.5917,0.0000,0.0000,183.076,-3.390,-0.676,92.159,0.0562,-0.0107,0.9971,
65.127,IMU,-84.5445,-20.6389,-52.5917,0.0000,0.0000,183.076,-3.384,-0.677,92.146,0.0552,-0.0259,0.9956,
65.143,ENC,-84.5462,-20.6389,-52.5925,-0.0852,0.0000,183.081,-3.384,-0.677,92.146,0.0552,-0.0259,0.9956,
65.149,IMU,-84.5462,-20.6389,-52.5925,-0.0852,0.0000,183.081,-3.344,-0.652,92.116,0.0566,-0.0078,0.9995,
65.163,ENC,-84.5445,-20.6389,-52.5917,0.0852,0.0000,183.076,-3.344,-0.652,92.116,0.0566,-0.0078,0.9995,
65.168,IMU,-84.5445,-20.6389,-52.5917,0.0852,0.0000,183.076,-3.360,-0.652,92.138,0.0576,-0.0117,0.9907,
65.183,ENC,-84.5445,-20.6389,-52.5917,0.0000,0.0000,183.076,-3.360,-0.652,92.138,0.0576,-0.0117,0.9907,
65.188,IMU,-84.5445,-20.6389,-52.5917,0.0000,0.0000,183.076,-3.346,-0.632,92.121,0.0576,-0.0117,0.9946,
65.204,ENC,-84.5462,-20.6389,-52.5925,-0.0852,0.0000,183.081,-3.346,-0.632,92.121,0.0576,-0.0117,0.9946,
65.208,IMU,-84.5462,-20.6389,-52.5925,-0.0852,0.0000,183.081,-3.332,-0.625,92.142,0.0527,-0.0098,1.0000,
65.223,ENC,-84.5462,-20.6389,-52.5925,0.0000,0.0000,183.081,-3.332,-0.625,92.142,0.0527,-0.0098,1.0000,
65.232,IMU,-84.5462,-20.6389,-52.5925,0.0000,0.0000,183.081,-3.367,-0.651,92.128,0.0601,-0.0142,0.9951,
65.243,ENC,-84.5462,-20.6389,-52.5925,0.0000,0.0000,183.081,-3.367,-0.651,92.128,0.0601,-0.0142,0.9951,
65.248,IMU,-84.5462,-20.6389,-52.5925,0.0000,0.0000,183.081,-3.335,-0.656,92.149,0.0591,-0.0117,0.9966,
65.263,ENC,-84.5445,-20.6389,-52.5917,0.0852,0.0000,183.076,-3.335,-0.656,92.149,0.0591,-0.0117,0.9966,
65.269,IMU,-84.5445,-20.6389,-52.5917,0.0852,0.0000,183.076,-3.341,-0.635,92.109,0.0698,-0.0146,0.9995,
65.283,ENC,-84.5445,-20.6389,-52.5917,0.0000,0.0000,183.076,-3.341,-0.635,92.109,0.0698,-0.0146,0.9995,
65.288,IMU,-84.5445,-20.6389,-52.5917,0.0000,0.0000,183.076,-3.316,-0.664,92.125,0.0635,-0.0234,0.9985,
65.303,ENC,-84.5445,-20.6389,-52.5917,0.0000,0.0000,183.076,-3.316,-0.664,92.125,0.0635,-0.0234,0.9985,
65.308,IMU,-84.5445,-20.6389,-52.5917,0.0000,0.0000,183.076,-3.325,-0.631,92.104,0.0483,-0.0117,0.9927,
65.323,ENC,-84.5445,-20.6389,-52.5917,0.0000,0.0000,183.076,-3.325,-0.631,92.104,0.0483,-0.0117,0.9927,
65.328,IMU,-84.5445,-20.6389,-52.5917,0.0000,0.0000,183.076,-3.256,-0.634,92.122,0.0620,-0.0078,0.9932,
65.343,ENC,-84.5462,-20.6389,-52.5925,-0.0852,0.0000,183.081,-3.256,-0.634,92.122,0.0620,-0.0078,0.9932,
65.347,IMU,-84.5462,-20.6389,-52.5925,-0.0852,0.0000,183.081,-3.243,-0.656,92.134,0.0459,0.0063,0.9927,
65.363,ENC,-84.5462,-20.6389,-52.5925,0.0000,0.0000,183.081,-3.243,-0.656,92.134,0.0459,0.0063,0.9927,
65.368,IMU,-84.5462,-20.6389,-52.5925,0.0000,0.0000,183.081,-3.247,-0.728,92.127,0.0630,-0.0264,0.9980,
65.383,ENC,-84.5462,-20.6389,-52.5925,0.0000,0.0000,183.081,-3.247,-0.728,92.127,0.0630,-0.0264,0.9980,
65.388,IMU,-84.5462,-20.6389,-52.5925,0.0000,0.0000,183.081,-3.263,-0.737,92.098,0.0469,-0.0088,0.9912,
65.403,ENC,-84.5445,-20.6406,-52.5925,0.0852,-0.0852,183.071,-3.263,-0.737,92.098,0.0469,-0.0088,0.9912,
65.408,IMU,-84.5445,-20.6406,-52.5925,0.0852,-0.0852,183.071,-3.282,-0.730,92.080,0.0703,-0.0176,0.9956,
65.423,ENC,-84.5445,-20.6389,-52.5917,0.0000,0.0852,183.076,-3.282,-0.730,92.080,0.0703,-0.0176,0.9956,
65.428,IMU,-84.5445,-20.6389,-52.5917,0.0000,0.0852,183.076,-3.292,-0.723,92.093,0.0562,-0.0098,0.9976,
65.443,ENC,-84.5445,-20.6389,-52.5917,0.0000,0.0000,183.076,-3.292,-0.723,92.093,0.0562,-0.0098,0.9976,
65.449,IMU,-84.5445,-20.6389,-52.5917,0.0000,0.0000,183.076,-3.289,-0.721,92.064,0.0498,-0.0220,0.9893,
65.463,ENC,-84.5445,-20.6389,-52.5917,0.0000,0.0000,183.076,-3.289,-0.721,92.064,0.0498,-0.0220,0.9893,
65.468,IMU,-84.5445,-20.6389,-52.5917,0.0000,0.0000,183.076,-3.300,-0.706,92.131,0.0522,-0.0088,1.0000,
65.483,ENC,-84.5462,-20.6389,-52.5925,-0.0852,0.0000,183.081,-3.300,-0.706,92.131,0.0522,-0.0088,1.0000,
65.488,IMU,-84.5462,-20.6389,-52.5925,-0.0852,0.0000,183.081,-3.247,-0.702,92.085,0.0542,-0.0151,1.0127,
65.503,ENC,-84.5462,-20.6389,-52.5925,0.0000,0.0000,183.081,-3.247,-0.702,92.085,0.0542,-0.0151,1.0127,
65.508,IMU,-84.5462,-20.6389,-52.5925,0.0000,0.0000,183.081,-3.254,-0.694,92.054,0.0586,-0.0024,0.9956,
65.523,ENC,-84.5445,-20.6389,-52.5917,0.0852,0.0000,183.076,-3.254,-0.694,92.054,0.0586,-0.0024,0.9956,
65.528,IMU,-84.5445,-20.6389,-52.5917,0.0852,0.0000,183.076,-3.264,-0.680,92.109,0.0684,-0.0107,1.0010,
65.543,ENC,-84.5445,-20.6389,-52.5917,0.0000,0.0000,183.076,-3.264,-0.680,92.109,0.0684,-0.0107,1.0010,
65.549,IMU,-84.5445,-20.6389,-52.5917,0.0000,0.0000,183.076,-3.269,-0.626,92.092,0.0532,-0.0078,1.0000,
65.563,ENC,-84.5462,-20.6389,-52.5925,-0.0852,0.0000,183.081,-3.269,-0.626,92.092,0.0532,-0.0078,1.0000,
65.568,IMU,-84.5462,-20.6389,-52.5925,-0.0852,0.0000,183.081,-3.215,-0.634,92.131,0.0610,-0.0259,0.9927,
65.583,ENC,-84.5445,-20.6389,-52.5917,0.0852,0.0000,183.076,-3.215,-0.634,92.131,0.0610,-0.0259,0.9927,
65.588,IMU,-84.5445,-20.6389,-52.5917,0.0852,0.0000,183.076,-3.193,-0.588,92.141,0.0625,-0.0220,1.0063,
65.603,ENC,-84.5462,-20.6389,-52.5925,-0.0852,0.0000,183.081,-3.193,-0.588,92.141,0.0625,-0.0220,1.0063,
65.608,IMU,-84.5462,-20.6389,-52.5925,-0.0852,0.0000,183.081,-3.205,-0.574,92.130,0.0645,-0.0103,0.9976,
65.623,ENC,-84.5445,-20.6389,-52.5917,0.0852,0.0000,183.076,-3.205,-0.574,92.130,0.0645,-0.0103,0.9976,
65.628,IMU,-84.5445,-20.6389,-52.5917,0.0852,0.0000,183.076,-3.230,-0.563,92.130,0.0640,-0.0068,0.9868,
65.643,ENC,-84.5462,-20.6389,-52.5925,-0.0852,0.0000,183.081,-3.230,-0.563,92.130,0.0640,-0.0068,0.9868,
65.648,IMU,-84.5462,-20.6389,-52.5925,-0.0852,0.0000,183.081,-3.248,-0.533,92.145,0.0532,-0.0083,1.0078,
65.663,ENC,-84.5462,-20.6389,-52.5925,0.0000,0.0000,183.081,-3.248,-0.533,92.145,0.0532,-0.0083,1.0078,
65.668,IMU,-84.5462,-20.6389,-52.5925,0.0000,0.0000,183.081,-3.279,-0.545,92.165,0.0605,-0.0083,0.9985,
65.683,ENC,-84.5462,-20.6389,-52.5925,0.0000,0.0000,183.081,-3.279,-0.545,92.165,0.0605,-0.0083,0.9985,
65.690,IMU,-84.5462,-20.6389,-52.5925,0.0000,0.0000,183.081,-3.286,-0.516,92.159,0.0532,-0.0103,0.9985,
65.704,ENC,-84.5445,-20.6389,-52.5917,0.0852,0.0000,183.076,-3.286,-0.516,92.159,0.0532,-0.0103,0.9985,
65.708,IMU,-84.5445,-20.6389,-52.5917,0.0852,0.0000,183.076,-3.240,-0.581,92.145,0.0581,-0.0146,0.9966,
65.726,ENC,-84.5445,-20.6406,-52.5925,0.0000,-0.0852,183.071,-3.240,-0.581,92.145,0.0581,-0.0146,0.9966,
65.729,IMU,-84.5445,-20.6406,-52.5925,0.0000,-0.0852,183.071,-3.255,-0.554,92.155,0.0557,-0.0186,0.9893,
65.743,ENC,-84.5462,-20.6389,-52.5925,-0.0852,0.0852,183.081,-3.255,-0.554,92.155,0.0557,-0.0186,0.9893,
65.748,IMU,-84.5462,-20.6389,-52.5925,-0.0852,0.0852,183.081,-3.245,-0.560,92.157,0.0537,-0.0229,1.0000,
65.763,ENC,-84.5445,-20.6389,-52.5917,0.0852,0.0000,183.076,-3.245,-0.560,92.157,0.0537,-0.0229,1.0000,
65.768,IMU,-84.5445,-20.6389,-52.5917,0.0852,0.0000,183.076,-3.257,-0.594,92.169,0.0664,-0.0254,0.9976,
65.783,ENC,-84.5445,-20.6406,-52.5925,0.0000,-0.0852,183.071,-3.257,-0.594,92.169,0.0664,-0.0254,0.9976,
65.789,IMU,-84.5445,-20.6406,-52.5925,0.0000,-0.0852,183.071,-3.246,-0.586,92.155,0.0630,-0.0156,1.0020,
65.803,ENC,-84.5462,-20.6389,-52.5925,-0.0852,0.0852,183.081,-3.246,-0.586,92.155,0.0630,-0.0156,1.0020,
65.823,ENC,-84.5462,-20.6389,-52.5925,0.0000,0.0000,183.081,-3.246,-0.586,92.155,0.0630,-0.0156,1.0020,
65.828,IMU,-84.5462,-20.6389,-52.5925,0.0000,0.0000,183.081,-3.163,-0.554,92.141,0.0591,-0.0249,1.0054,
65.844,ENC,-84.5462,-20.6389,-52.5925,0.0000,0.0000,183.081,-3.163,-0.554,92.141,0.0591,-0.0249,1.0054,
65.848,IMU,-84.5462,-20.6389,-52.5925,0.0000,0.0000,183.081,-3.143,-0.544,92.134,0.0498,-0.0161,0.9878,
65.863,ENC,-84.5462,-20.6389,-52.5925,0.0000,0.0000,183.081,-3.143,-0.544,92.134,0.0498,-0.0161,0.9878,
65.868,IMU,-84.5462,-20.6389,-52.5925,0.0000,0.0000,183.081,-3.117,-0.564,92.151,0.0547,-0.0176,0.9927,
65.883,ENC,-84.5462,-20.6406,-52.5934,0.0000,-0.0852,183.076,-3.117,-0.564,92.151,0.0547,-0.0176,0.9927,
65.888,IMU,-84.5462,-20.6406,-52.5934,0.0000,-0.0852,183.076,-3.120,-0.554,92.154,0.0552,-0.0283,1.0044,
65.903,ENC,-84.5445,-20.6389,-52.5917,0.0852,0.0852,183.076,-3.120,-0.554,92.154,0.0552,-0.0283,1.0044,
65.911,IMU,-84.5445,-20.6389,-52.5917,0.0852,0.0852,183.076,-3.138,-0.541,92.213,0.0347,-0.0229,0.9966,
65.923,ENC,-84.5462,-20.6389,-52.5925,-0.0852,0.0000,183.081,-3.138,-0.541,92.213,0.0347,-0.0229,0.9966,
65.928,IMU,-84.5462,-20.6389,-52.5925,-0.0852,0.0000,183.081,-3.134,-0.477,92.188,0.0542,-0.0142,0.9951,
65.933,PHOTO,-84.5462,-20.6389,-52.5925,-0.0852,0.0000,183.081,-3.134,-0.477,92.188,0.0542,-0.0142,0.9951,photo_004.jpg
65.943,ENC,-84.5445,-20.6389,-52.5917,0.0852,0.0000,183.076,-3.134,-0.477,92.188,0.0542,-0.0142,0.9951,
65.948,IMU,-84.5445,-20.6389,-52.5917,0.0852,0.0000,183.076,-3.159,-0.490,92.206,0.0581,-0.0156,0.9985,
65.963,ENC,-84.5462,-20.6389,-52.5925,-0.0852,0.0000,183.081,-3.159,-0.490,92.206,0.0581,-0.0156,0.9985,
65.967,IMU,-84.5462,-20.6389,-52.5925,-0.0852,0.0000,183.081,-3.166,-0.463,92.213,0.0542,-0.0244,0.9927,
65.983,ENC,-84.5445,-20.6389,-52.5917,0.0852,0.0000,183.076,-3.166,-0.463,92.213,0.0542,-0.0244,0.9927,
65.988,IMU,-84.5445,-20.6389,-52.5917,0.0852,0.0000,183.076,-3.176,-0.482,92.187,0.0493,-0.0244,0.9990,
66.003,ENC,-84.5445,-20.6389,-52.5917,0.0000,0.0000,183.076,-3.176,-0.482,92.187,0.0493,-0.0244,0.9990,
66.008,IMU,-84.5445,-20.6389,-52.5917,0.0000,0.0000,183.076,-3.158,-0.499,92.173,0.0498,-0.0117,0.9956,
66.023,ENC,-84.5445,-20.6389,-52.5917,0.0000,0.0000,183.076,-3.158,-0.499,92.173,0.0498,-0.0117,0.9956,
66.028,IMU,-84.5445,-20.6389,-52.5917,0.0000,0.0000,183.076,-3.115,-0.490,92.177,0.0615,-0.0112,1.0059,
66.043,ENC,-84.5445,-20.6406,-52.5925,0.0000,-0.0852,183.071,-3.115,-0.490,92.177,0.0615,-0.0112,1.0059,
66.048,IMU,-84.5445,-20.6406,-52.5925,0.0000,-0.0852,183.071,-3.092,-0.486,92.204,0.0581,-0.0200,0.9922,
66.063,ENC,-84.5445,-20.6406,-52.5925,0.0000,0.0000,183.071,-3.092,-0.486,92.204,0.0581,-0.0200,0.9922,
66.068,IMU,-84.5445,-20.6406,-52.5925,0.0000,0.0000,183.071,-3.108,-0.497,92.178,0.0522,-0.0073,0.9946,
66.083,ENC,-84.5445,-20.6389,-52.5917,0.0000,0.0852,183.076,-3.108,-0.497,92.178,0.0522,-0.0073,0.9946,
66.089,IMU,-84.5445,-20.6389,-52.5917,0.0000,0.0852,183.076,-3.072,-0.536,92.156,0.0488,-0.0176,1.0010,
66.103,ENC,-84.5462,-20.6406,-52.5934,-0.0852,-0.0852,183.076,-3.072,-0.536,92.156,0.0488,-0.0176,1.0010,
66.108,IMU,-84.5462,-20.6406,-52.5934,-0.0852,-0.0852,183.076,-3.089,-0.558,92.152,0.0498,-0.0220,0.9990,
66.123,ENC,-84.5462,-20.6389,-52.5925,0.0000,0.0852,183.081,-3.089,-0.558,92.152,0.0498,-0.0220,0.9990,
66.128,IMU,-84.5462,-20.6389,-52.5925,0.0000,0.0852,183.081,-3.066,-0.610,92.110,0.0645,-0.0205,0.9937,
66.143,ENC,-84.5462,-20.6389,-52.5925,0.0000,0.0000,183.081,-3.066,-0.610,92.110,0.0645,-0.0205,0.9937,
66.148,IMU,-84.5462,-20.6389,-52.5925,0.0000,0.0000,183.081,-3.045,-0.584,92.069,0.0508,-0.0044,0.9854,
66.163,ENC,-84.5462,-20.6389,-52.5925,0.0000,0.0000,183.081,-3.045,-0.584,92.069,0.0508,-0.0044,0.9854,
66.168,IMU,-84.5462,-20.6389,-52.5925,0.0000,0.0000,183.081,-3.040,-0.578,92.055,0.0552,-0.0195,0.9980,
66.183,ENC,-84.5445,-20.6389,-52.5917,0.0852,0.0000,183.076,-3.040,-0.578,92.055,0.0552,-0.0195,0.9980,
66.188,IMU,-84.5445,-20.6389,-52.5917,0.0852,0.0000,183.076,-3.036,-0.549,92.022,0.0659,-0.0122,1.0044,
66.203,ENC,-84.5462,-20.6389,-52.5925,-0.0852,0.0000,183.081,-3.036,-0.549,92.022,0.0659,-0.0122,1.0044,
66.208,IMU,-84.5462,-20.6389,-52.5925,-0.0852,0.0000,183.081,-3.100,-0.576,92.015,0.0693,-0.0137,1.0044,
66.223,ENC,-84.5445,-20.6389,-52.5917,0.0852,0.0000,183.076,-3.100,-0.576,92.015,0.0693,-0.0137,1.0044,
66.228,IMU,-84.5445,-20.6389,-52.5917,0.0852,0.0000,183.076,-3.106,-0.622,91.973,0.0664,-0.0356,0.9912,
66.243,ENC,-84.5462,-20.6389,-52.5925,-0.0852,0.0000,183.081,-3.106,-0.622,91.973,0.0664,-0.0356,0.9912,
66.248,IMU,-84.5462,-20.6389,-52.5925,-0.0852,0.0000,183.081,-3.109,-0.643,91.933,0.0635,-0.0151,0.9937,
66.263,ENC,-84.5462,-20.6389,-52.5925,0.0000,0.0000,183.081,-3.109,-0.643,91.933,0.0635,-0.0151,0.9937,
66.268,IMU,-84.5462,-20.6389,-52.5925,0.0000,0.0000,183.081,-3.147,-0.651,91.908,0.0693,-0.0195,1.0063,
66.283,ENC,-84.5462,-20.6389,-52.5925,0.0000,0.0000,183.081,-3.147,-0.651,91.908,0.0693,-0.0195,1.0063,
66.288,IMU,-84.5462,-20.6389,-52.5925,0.0000,0.0000,183.081,-3.122,-0.687,91.890,0.0605,-0.0156,1.0039,
66.303,ENC,-84.5445,-20.6406,-52.5925,0.0852,-0.0852,183.071,-3.122,-0.687,91.890,0.0605,-0.0156,1.0039,
66.308,IMU,-84.5445,-20.6406,-52.5925,0.0852,-0.0852,183.071,-3.138,-0.680,91.932,0.0586,-0.0264,0.9966,
66.323,ENC,-84.5462,-20.6389,-52.5925,-0.0852,0.0852,183.081,-3.138,-0.680,91.932,0.0586,-0.0264,0.9966,
66.328,IMU,-84.5462,-20.6389,-52.5925,-0.0852,0.0852,183.081,-3.157,-0.668,91.932,0.0698,-0.0107,1.0078,
66.343,ENC,-84.5445,-20.6389,-52.5917,0.0852,0.0000,183.076,-3.157,-0.668,91.932,0.0698,-0.0107,1.0078,
66.348,IMU,-84.5445,-20.6389,-52.5917,0.0852,0.0000,183.076,-3.181,-0.647,91.946,0.0552,-0.0239,0.9961,
66.363,ENC,-84.5445,-20.6389,-52.5917,0.0000,0.0000,183.076,-3.181,-0.647,91.946,0.0552,-0.0239,0.9961,
66.371,IMU,-84.5445,-20.6389,-52.5917,0.0000,0.0000,183.076,-3.243,-0.672,91.930,0.0591,-0.0186,1.0039,
66.383,ENC,-84.5462,-20.6389,-52.5925,-0.0852,0.0000,183.081,-3.243,-0.672,91.930,0.0591,-0.0186,1.0039,
66.387,IMU,-84.5462,-20.6389,-52.5925,-0.0852,0.0000,183.081,-3.228,-0.670,91.934,0.0532,-0.0083,0.9937,
66.403,ENC,-84.5462,-20.6389,-52.5925,0.0000,0.0000,183.081,-3.228,-0.670,91.934,0.0532,-0.0083,0.9937,
66.408,IMU,-84.5462,-20.6389,-52.5925,0.0000,0.0000,183.081,-3.270,-0.679,91.893,0.0503,-0.0073,0.9990,
66.423,ENC,-84.5462,-20.6389,-52.5925,0.0000,0.0000,183.081,-3.270,-0.679,91.893,0.0503,-0.0073,0.9990,
66.428,IMU,-84.5462,-20.6389,-52.5925,0.0000,0.0000,183.081,-3.237,-0.680,91.863,0.0474,-0.0225,0.9966,
66.443,ENC,-84.5445,-20.6389,-52.5917,0.0852,0.0000,183.076,-3.237,-0.680,91.863,0.0474,-0.0225,0.9966,
66.448,IMU,-84.5445,-20.6389,-52.5917,0.0852,0.0000,183.076,-3.258,-0.721,91.911,0.0601,-0.0146,1.0127,
66.463,ENC,-84.5445,-20.6389,-52.5917,0.0000,0.0000,183.076,-3.258,-0.721,91.911,0.0601,-0.0146,1.0127,
66.470,IMU,-84.5445,-20.6389,-52.5917,0.0000,0.0000,183.076,-3.299,-0.746,91.936,0.0581,-0.0190,1.0000,
66.483,ENC,-84.5462,-20.6389,-52.5925,-0.0852,0.0000,183.081,-3.299,-0.746,91.936,0.0581,-0.0190,1.0000,
66.488,IMU,-84.5462,-20.6389,-52.5925,-0.0852,0.0000,183.081,-3.334,-0.728,91.959,0.0557,-0.0234,1.0049,
66.503,ENC,-84.5445,-20.6389,-52.5917,0.0852,0.0000,183.076,-3.334,-0.728,91.959,0.0557,-0.0234,1.0049,
66.508,IMU,-84.5445,-20.6389,-52.5917,0.0852,0.0000,183.076,-3.333,-0.743,91.998,0.0532,-0.0200,0.9966,
66.524,ENC,-84.5445,-20.6389,-52.5917,0.0000,0.0000,183.076,-3.333,-0.743,91.998,0.0532,-0.0200,0.9966,
66.528,IMU,-84.5445,-20.6389,-52.5917,0.0000,0.0000,183.076,-3.348,-0.723,91.966,0.0557,-0.0210,1.0059,
66.543,ENC,-84.5445,-20.6389,-52.5917,0.0000,0.0000,183.076,-3.348,-0.723,91.966,0.0557,-0.0210,1.0059,
66.549,IMU,-84.5445,-20.6389,-52.5917,0.0000,0.0000,183.076,-3.303,-0.706,92.005,0.0527,-0.0044,0.9897,
66.563,ENC,-84.5445,-20.6389,-52.5917,0.0000,0.0000,183.076,-3.303,-0.706,92.005,0.0527,-0.0044,0.9897,
66.568,IMU,-84.5445,-20.6389,-52.5917,0.0000,0.0000,183.076,-3.267,-0.681,91.985,0.0474,-0.0093,1.0039,
66.583,ENC,-84.5462,-20.6389,-52.5925,-0.0852,0.0000,183.081,-3.267,-0.681,91.985,0.0474,-0.0093,1.0039,
66.590,IMU,-84.5462,-20.6389,-52.5925,-0.0852,0.0000,183.081,-3.264,-0.685,92.005,0.0620,-0.0200,1.0073,
66.603,ENC,-84.5445,-20.6406,-52.5925,0.0852,-0.0852,183.071,-3.264,-0.685,92.005,0.0620,-0.0200,1.0073,
66.608,IMU,-84.5445,-20.6406,-52.5925,0.0852,-0.0852,183.071,-3.237,-0.645,91.998,0.0464,-0.0117,0.9990,
66.626,ENC,-84.5462,-20.6406,-52.5934,-0.0852,0.0000,183.076,-3.237,-0.645,91.998,0.0464,-0.0117,0.9990,
66.629,IMU,-84.5462,-20.6406,-52.5934,-0.0852,0.0000,183.076,-3.241,-0.670,91.979,0.0566,-0.0146,0.9927,
66.643,ENC,-84.5462,-20.6389,-52.5925,0.0000,0.0852,183.081,-3.241,-0.670,91.979,0.0566,-0.0146,0.9927,
66.649,IMU,-84.5462,-20.6389,-52.5925,0.0000,0.0852,183.081,-3.240,-0.715,91.987,0.0601,-0.0171,0.9907,
66.663,ENC,-84.5445,-20.6389,-52.5917,0.0852,0.0000,183.076,-3.240,-0.715,91.987,0.0601,-0.0171,0.9907,
66.671,IMU,-84.5445,-20.6389,-52.5917,0.0852,0.0000,183.076,-3.220,-0.728,92.007,0.0615,-0.0283,0.9819,
66.683,ENC,-84.5445,-20.6406,-52.5925,0.0000,-0.0852,183.071,-3.220,-0.728,92.007,0.0615,-0.0283,0.9819,
66.688,IMU,-84.5445,-20.6406,-52.5925,0.0000,-0.0852,183.071,-3.232,-0.754,92.038,0.0547,-0.0181,0.9917,
66.703,ENC,-84.5462,-20.6389,-52.5925,-0.0852,0.0852,183.081,-3.232,-0.754,92.038,0.0547,-0.0181,0.9917,
66.708,IMU,-84.5462,-20.6389,-52.5925,-0.0852,0.0852,183.081,-3.232,-0.758,92.064,0.0498,-0.0190,0.9956,
66.723,ENC,-84.5445,-20.6389,-52.5917,0.0852,0.0000,183.076,-3.232,-0.758,92.064,0.0498,-0.0190,0.9956,
66.730,IMU,-84.5445,-20.6389,-52.5917,0.0852,0.0000,183.076,-3.259,-0.754,92.084,0.0620,-0.0122,0.9990,
66.743,ENC,-84.5462,-20.6406,-52.5934,-0.0852,-0.0852,183.076,-3.259,-0.754,92.084,0.0620,-0.0122,0.9990,
66.749,IMU,-84.5462,-20.6406,-52.5934,-0.0852,-0.0852,183.076,-3.229,-0.789,92.025,0.0508,-0.0283,1.0063,
66.763,ENC,-84.5462,-20.6389,-52.5925,0.0000,0.0852,183.081,-3.229,-0.789,92.025,0.0508,-0.0283,1.0063,
66.768,IMU,-84.5462,-20.6389,-52.5925,0.0000,0.0852,183.081,-3.231,-0.780,92.027,0.0654,-0.0161,0.9985,
66.783,ENC,-84.5445,-20.6389,-52.5917,0.0852,0.0000,183.076,-3.231,-0.780,92.027,0.0654,-0.0161,0.9985,
66.788,IMU,-84.5445,-20.6389,-52.5917,0.0852,0.0000,183.076,-3.249,-0.773,92.036,0.0503,-0.0195,0.9941,
66.803,ENC,-84.5445,-20.6389,-52.5917,0.0000,0.0000,183.076,-3.249,-0.773,92.036,0.0503,-0.0195,0.9941,
66.809,IMU,-84.5445,-20.6389,-52.5917,0.0000,0.0000,183.076,-3.273,-0.772,92.042,0.0581,-0.0029,0.9922,
66.823,ENC,-84.5445,-20.6389,-52.5917,0.0000,0.0000,183.076,-3.273,-0.772,92.042,0.0581,-0.0029,0.9922,
66.841,IMU,-84.5445,-20.6389,-52.5917,0.0000,0.0000,183.076,-3.266,-0.774,92.028,0.0518,-0.0093,1.0044,
66.843,ENC,-84.5462,-20.6406,-52.5934,-0.0852,-0.0852,183.076,-3.266,-0.774,92.028,0.0518,-0.0093,1.0044,
66.848,IMU,-84.5462,-20.6406,-52.5934,-0.0852,-0.0852,183.076,-3.260,-0.774,92.047,0.0454,-0.0312,0.9956,
66.863,ENC,-84.5462,-20.6389,-52.5925,0.0000,0.0852,183.081,-3.260,-0.774,92.047,0.0454,-0.0312,0.9956,
66.868,IMU,-84.5462,-20.6389,-52.5925,0.0000,0.0852,183.081,-3.279,-0.775,92.043,0.0469,-0.0171,1.0029,
66.883,ENC,-84.5462,-20.6389,-52.5925,0.0000,0.0000,183.081,-3.279,-0.775,92.043,0.0469,-0.0171,1.0029,
66.889,IMU,-84.5462,-20.6389,-52.5925,0.0000,0.0000,183.081,-3.266,-0.784,91.986,0.0454,-0.0137,0.9858,
66.903,ENC,-84.5462,-20.6389,-52.5925,0.0000,0.0000,183.081,-3.266,-0.784,91.986,0.0454,-0.0137,0.9858,
66.908,IMU,-84.5462,-20.6389,-52.5925,0.0000,0.0000,183.081,-3.263,-0.833,91.967,0.0527,-0.0225,0.9868,
66.923,ENC,-84.5462,-20.6406,-52.5934,0.0000,-0.0852,183.076,-3.263,-0.833,91.967,0.0527,-0.0225,0.9868,
66.928,IMU,-84.5462,-20.6406,-52.5934,0.0000,-0.0852,183.076,-3.251,-0.842,91.999,0.0625,-0.0205,0.9966,
66.943,ENC,-84.5462,-20.6389,-52.5925,0.0000,0.0852,183.081,-3.251,-0.842,91.999,0.0625,-0.0205,0.9966,
66.949,IMU,-84.5462,-20.6389,-52.5925,0.0000,0.0852,183.081,-3.226,-0.888,91.940,0.0537,-0.0093,1.0151,
66.963,ENC,-84.5462,-20.6389,-52.5925,0.0000,0.0000,183.081,-3.226,-0.888,91.940,0.0537,-0.0093,1.0151,
66.968,IMU,-84.5462,-20.6389,-52.5925,0.0000,0.0000,183.081,-3.209,-0.915,91.963,0.0591,-0.0127,1.0073,
66.983,ENC,-84.5445,-20.6389,-52.5917,0.0852,0.0000,183.076,-3.209,-0.915,91.963,0.0591,-0.0127,1.0073,
66.989,IMU,-84.5445,-20.6389,-52.5917,0.0852,0.0000,183.076,-3.241,-0.934,91.954,0.0610,-0.0142,0.9927,
67.003,ENC,-84.5462,-20.6389,-52.5925,-0.0852,0.0000,183.081,-3.241,-0.934,91.954,0.0610,-0.0142,0.9927,
67.007,IMU,-84.5462,-20.6389,-52.5925,-0.0852,0.0000,183.081,-3.241,-0.917,91.992,0.0571,-0.0151,0.9941,
67.023,ENC,-84.5462,-20.6406,-52.5934,0.0000,-0.0852,183.076,-3.241,-0.917,91.992,0.0571,-0.0151,0.9941,
67.028,IMU,-84.5462,-20.6406,-52.5934,0.0000,-0.0852,183.076,-3.223,-0.918,92.004,0.0620,-0.0151,1.0005,
67.043,ENC,-84.5445,-20.6389,-52.5917,0.0852,0.0852,183.076,-3.223,-0.918,92.004,0.0620,-0.0151,1.0005,
67.049,IMU,-84.5445,-20.6389,-52.5917,0.0852,0.0852,183.076,-3.188,-0.885,91.967,0.0527,-0.0103,0.9883,
67.063,ENC,-84.5462,-20.6389,-52.5925,-0.0852,0.0000,183.081,-3.188,-0.885,91.967,0.0527,-0.0103,0.9883,
67.068,IMU,-84.5462,-20.6389,-52.5925,-0.0852,0.0000,183.081,-3.190,-0.942,91.983,0.0576,-0.0200,0.9883,
67.083,ENC,-84.5445,-20.6406,-52.5925,0.0852,-0.0852,183.071,-3.190,-0.942,91.983,0.0576,-0.0200,0.9883,
67.089,IMU,-84.5445,-20.6406,-52.5925,0.0852,-0.0852,183.071,-3.220,-0.935,91.995,0.0645,-0.0073,0.9961,
67.103,ENC,-84.5462,-20.6389,-52.5925,-0.0852,0.0852,183.081,-3.220,-0.935,91.995,0.0645,-0.0073,0.9961,
67.108,IMU,-84.5462,-20.6389,-52.5925,-0.0852,0.0852,183.081,-3.240,-0.918,91.981,0.0610,-0.0186,0.9971,
67.123,ENC,-84.5445,-20.6389,-52.5917,0.0852,0.0000,183.076,-3.240,-0.918,91.981,0.0610,-0.0186,0.9971,
67.128,IMU,-84.5445,-20.6389,-52.5917,0.0852,0.0000,183.076,-3.274,-0.920,91.915,0.0645,-0.0176,0.9917,
67.143,ENC,-84.5462,-20.6406,-52.5934,-0.0852,-0.0852,183.076,-3.274,-0.920,91.915,0.0645,-0.0176,0.9917,
67.148,IMU,-84.5462,-20.6406,-52.5934,-0.0852,-0.0852,183.076,-3.245,-0.931,91.900,0.0566,-0.0244,0.9893,
67.163,ENC,-84.5462,-20.6389,-52.5925,0.0000,0.0852,183.081,-3.245,-0.931,91.900,0.0566,-0.0244,0.9893,
67.168,IMU,-84.5462,-20.6389,-52.5925,0.0000,0.0852,183.081,-3.223,-0.947,91.838,0.0625,-0.0142,0.9907,
67.183,ENC,-84.5462,-20.6389,-52.5925,0.0000,0.0000,183.081,-3.223,-0.947,91.838,0.0625,-0.0142,0.9907,
67.190,IMU,-84.5462,-20.6389,-52.5925,0.0000,0.0000,183.081,-3.229,-0.947,91.855,0.0586,-0.0137,0.9912,
67.203,ENC,-84.5445,-20.6389,-52.5917,0.0852,0.0000,183.076,-3.229,-0.947,91.855,0.0586,-0.0137,0.9912,
67.208,IMU,-84.5445,-20.6389,-52.5917,0.0852,0.0000,183.076,-3.218,-0.940,91.869,0.0576,-0.0142,0.9902,
67.224,ENC,-84.5462,-20.6406,-52.5934,-0.0852,-0.0852,183.076,-3.218,-0.940,91.869,0.0576,-0.0142,0.9902,
67.230,IMU,-84.5462,-20.6406,-52.5934,-0.0852,-0.0852,183.076,-3.224,-0.896,91.879,0.0635,-0.0010,0.9932,
67.243,ENC,-84.5462,-20.6389,-52.5925,0.0000,0.0852,183.081,-3.224,-0.896,91.879,0.0635,-0.0010,0.9932,
67.248,IMU,-84.5462,-20.6389,-52.5925,0.0000,0.0852,183.081,-3.131,-0.877,91.881,0.0464,-0.0063,0.9922,
67.263,ENC,-84.5462,-20.6389,-52.5925,0.0000,0.0000,183.081,-3.131,-0.877,91.881,0.0464,-0.0063,0.9922,
67.268,IMU,-84.5462,-20.6389,-52.5925,0.0000,0.0000,183.081,-3.162,-0.875,91.901,0.0542,-0.0132,1.0039,
67.283,ENC,-84.5462,-20.6389,-52.5925,0.0000,0.0000,183.081,-3.162,-0.875,91.901,0.0542,-0.0132,1.0039,
67.289,IMU,-84.5462,-20.6389,-52.5925,0.0000,0.0000,183.081,-3.224,-0.877,91.934,0.0596,-0.0132,0.9976,
67.303,ENC,-84.5462,-20.6389,-52.5925,0.0000,0.0000,183.081,-3.224,-0.877,91.934,0.0596,-0.0132,0.9976,
67.308,IMU,-84.5462,-20.6389,-52.5925,0.0000,0.0000,183.081,-3.229,-0.880,91.927,0.0576,-0.0132,1.0020,
67.323,ENC,-84.5445,-20.6389,-52.5917,0.0852,0.0000,183.076,-3.229,-0.880,91.927,0.0576,-0.0132,1.0020,
67.328,IMU,-84.5445,-20.6389,-52.5917,0.0852,0.0000,183.076,-3.266,-0.906,91.954,0.0571,-0.0259,0.9990,
67.345,ENC,-84.5462,-20.6389,-52.5925,-0.0852,0.0000,183.081,-3.266,-0.906,91.954,0.0571,-0.0259,0.9990,
67.348,IMU,-84.5462,-20.6389,-52.5925,-0.0852,0.0000,183.081,-3.291,-0.923,91.988,0.0562,-0.0059,0.9951,
67.363,ENC,-84.5462,-20.6389,-52.5925,0.0000,0.0000,183.081,-3.291,-0.923,91.988,0.0562,-0.0059,0.9951,
67.372,IMU,-84.5462,-20.6389,-52.5925,0.0000,0.0000,183.081,-3.296,-0.942,91.969,0.0527,-0.0264,0.9985,
67.383,ENC,-84.5462,-20.6389,-52.5925,0.0000,0.0000,183.081,-3.296,-0.942,91.969,0.0527,-0.0264,0.9985,
67.388,IMU,-84.5462,-20.6389,-52.5925,0.0000,0.0000,183.081,-3.269,-0.930,91.924,0.0542,-0.0176,1.0005,
67.403,ENC,-84.5445,-20.6406,-52.5925,0.0852,-0.0852,183.071,-3.269,-0.930,91.924,0.0542,-0.0176,1.0005,
67.408,IMU,-84.5445,-20.6406,-52.5925,0.0852,-0.0852,183.071,-3.296,-0.897,91.949,0.0610,-0.0176,0.9922,
67.423,ENC,-84.5445,-20.6389,-52.5917,0.0000,0.0852,183.076,-3.296,-0.897,91.949,0.0610,-0.0176,0.9922,
67.430,IMU,-84.5445,-20.6389,-52.5917,0.0000,0.0852,183.076,-3.287,-0.905,91.979,0.0557,-0.0063,0.9917,
67.446,ENC,-84.5445,-20.6389,-52.5917,0.0000,0.0000,183.076,-3.287,-0.905,91.979,0.0557,-0.0063,0.9917,
67.449,IMU,-84.5445,-20.6389,-52.5917,0.0000,0.0000,183.076,-3.326,-0.917,92.040,0.0581,-0.0195,1.0000,
67.463,ENC,-84.5462,-20.6389,-52.5925,-0.0852,0.0000,183.081,-3.326,-0.917,92.040,0.0581,-0.0195,1.0000,
67.468,IMU,-84.5462,-20.6389,-52.5925,-0.0852,0.0000,183.081,-3.335,-0.948,92.025,0.0620,-0.0215,1.0029,
67.483,ENC,-84.5462,-20.6406,-52.5934,0.0000,-0.0852,183.076,-3.335,-0.948,92.025,0.0620,-0.0215,1.0029,
67.499,IMU,-84.5462,-20.6406,-52.5934,0.0000,-0.0852,183.076,-3.316,-0.893,92.041,0.0508,-0.0054,0.9951,
67.503,ENC,-84.5462,-20.6389,-52.5925,0.0000,0.0852,183.081,-3.316,-0.893,92.041,0.0508,-0.0054,0.9951,
67.508,IMU,-84.5462,-20.6389,-52.5925,0.0000,0.0852,183.081,-3.330,-0.869,92.007,0.0542,-0.0171,0.9912,
67.527,ENC,-84.5462,-20.6406,-52.5934,0.0000,-0.0852,183.076,-3.330,-0.869,92.007,0.0542,-0.0171,0.9912,
67.529,IMU,-84.5462,-20.6406,-52.5934,0.0000,-0.0852,183.076,-3.351,-0.853,92.000,0.0605,-0.0195,1.0024,
67.543,ENC,-84.5462,-20.6389,-52.5925,0.0000,0.0852,183.081,-3.351,-0.853,92.000,0.0605,-0.0195,1.0024,
67.549,IMU,-84.5462,-20.6389,-52.5925,0.0000,0.0852,183.081,-3.361,-0.819,92.000,0.0566,-0.0117,0.9893,
67.563,ENC,-84.5462,-20.6389,-52.5925,0.0000,0.0000,183.081,-3.361,-0.819,92.000,0.0566,-0.0117,0.9893,
67.569,IMU,-84.5462,-20.6389,-52.5925,0.0000,0.0000,183.081,-3.392,-0.810,91.979,0.0581,-0.0142,0.9883,
67.583,ENC,-84.5462,-20.6389,-52.5925,0.0000,0.0000,183.081,-3.392,-0.810,91.979,0.0581,-0.0142,0.9883,
67.587,IMU,-84.5462,-20.6389,-52.5925,0.0000,0.0000,183.081,-3.355,-0.812,91.991,0.0459,-0.0166,0.9849,
67.603,ENC,-84.5445,-20.6389,-52.5917,0.0852,0.0000,183.076,-3.355,-0.812,91.991,0.0459,-0.0166,0.9849,
67.608,IMU,-84.5445,-20.6389,-52.5917,0.0852,0.0000,183.076,-3.308,-0.805,92.021,0.0562,-0.0059,0.9932,
67.623,ENC,-84.5445,-20.6389,-52.5917,0.0000,0.0000,183.076,-3.308,-0.805,92.021,0.0562,-0.0059,0.9932,
67.628,IMU,-84.5445,-20.6389,-52.5917,0.0000,0.0000,183.076,-3.310,-0.855,92.055,0.0605,-0.0215,0.9893,
67.643,ENC,-84.5462,-20.6389,-52.5925,-0.0852,0.0000,183.081,-3.310,-0.855,92.055,0.0605,-0.0215,0.9893,
67.651,IMU,-84.5462,-20.6389,-52.5925,-0.0852,0.0000,183.081,-3.303,-0.854,92.037,0.0518,-0.0186,1.0005,
67.663,ENC,-84.5462,-20.6406,-52.5934,0.0000,-0.0852,183.076,-3.303,-0.854,92.037,0.0518,-0.0186,1.0005,
67.671,IMU,-84.5462,-20.6406,-52.5934,0.0000,-0.0852,183.076,-3.321,-0.851,91.996,0.0547,-0.0098,0.9946,
67.683,ENC,-84.5462,-20.6389,-52.5925,0.0000,0.0852,183.081,-3.321,-0.851,91.996,0.0547,-0.0098,0.9946,
67.688,IMU,-84.5462,-20.6389,-52.5925,0.0000,0.0852,183.081,-3.343,-0.865,91.989,0.0483,-0.0166,1.0020,
67.703,ENC,-84.5462,-20.6389,-52.5925,0.0000,0.0000,183.081,-3.343,-0.865,91.989,0.0483,-0.0166,1.0020,
67.708,IMU,-84.5462,-20.6389,-52.5925,0.0000,0.0000,183.081,-3.336,-0.869,91.983,0.0542,-0.0117,0.9937,
67.723,ENC,-84.5462,-20.6389,-52.5925,0.0000,0.0000,183.081,-3.336,-0.869,91.983,0.0542,-0.0117,0.9937,
67.728,IMU,-84.5462,-20.6389,-52.5925,0.0000,0.0000,183.081,-3.327,-0.895,91.972,0.0596,-0.0195,0.9858,
67.743,ENC,-84.5445,-20.6389,-52.5917,0.0852,0.0000,183.076,-3.327,-0.895,91.972,0.0596,-0.0195,0.9858,
67.748,IMU,-84.5445,-20.6389,-52.5917,0.0852,0.0000,183.076,-3.303,-0.959,91.965,0.0552,-0.0269,0.9941,
67.763,ENC,-84.5462,-20.6389,-52.5925,-0.0852,0.0000,183.081,-3.303,-0.959,91.965,0.0552,-0.0269,0.9941,
67.768,IMU,-84.5462,-20.6389,-52.5925,-0.0852,0.0000,183.081,-3.295,-0.973,91.995,0.0576,-0.0103,1.0010,
67.783,ENC,-84.5445,-20.6389,-52.5917,0.0852,0.0000,183.076,-3.295,-0.973,91.995,0.0576,-0.0103,1.0010,
67.788,IMU,-84.5445,-20.6389,-52.5917,0.0852,0.0000,183.076,-3.308,-0.923,91.998,0.0615,-0.0127,1.0146,
67.803,ENC,-84.5462,-20.6406,-52.5934,-0.0852,-0.0852,183.076,-3.308,-0.923,91.998,0.0615,-0.0127,1.0146,
67.809,IMU,-84.5462,-20.6406,-52.5934,-0.0852,-0.0852,183.076,-3.283,-0.910,91.948,0.0649,-0.0117,1.0112,
67.823,ENC,-84.5462,-20.6389,-52.5925,0.0000,0.0852,183.081,-3.283,-0.910,91.948,0.0649,-0.0117,1.0112,
67.828,IMU,-84.5462,-20.6389,-52.5925,0.0000,0.0852,183.081,-3.307,-0.923,91.944,0.0566,-0.0200,0.9937,
67.843,ENC,-84.5445,-20.6389,-52.5917,0.0852,0.0000,183.076,-3.307,-0.923,91.944,0.0566,-0.0200,0.9937,
67.848,IMU,-84.5445,-20.6389,-52.5917,0.0852,0.0000,183.076,-3.295,-0.872,91.968,0.0601,-0.0049,0.9932,
67.863,ENC,-84.5445,-20.6389,-52.5917,0.0000,0.0000,183.076,-3.295,-0.872,91.968,0.0601,-0.0049,0.9932,
67.868,IMU,-84.5445,-20.6389,-52.5917,0.0000,0.0000,183.076,-3.289,-0.828,91.963,0.0483,-0.0190,1.0039,
67.883,ENC,-84.5462,-20.6389,-52.5925,-0.0852,0.0000,183.081,-3.289,-0.828,91.963,0.0483,-0.0190,1.0039,
67.888,IMU,-84.5462,-20.6389,-52.5925,-0.0852,0.0000,183.081,-3.284,-0.819,92.012,0.0566,-0.0088,0.9961,
67.903,ENC,-84.5462,-20.6389,-52.5925,0.0000,0.0000,183.081,-3.284,-0.819,92.012,0.0566,-0.0088,0.9961,
67.910,IMU,-84.5462,-20.6389,-52.5925,0.0000,0.0000,183.081,-3.293,-0.851,91.978,0.0522,-0.0146,1.0063,
67.923,ENC,-84.5462,-20.6389,-52.5925,0.0000,0.0000,183.081,-3.293,-0.851,91.978,0.0522,-0.0146,1.0063,
67.928,IMU,-84.5462,-20.6389,-52.5925,0.0000,0.0000,183.081,-3.325,-0.883,92.056,0.0508,-0.0298,0.9937,
67.943,ENC,-84.5462,-20.6389,-52.5925,0.0000,0.0000,183.081,-3.325,-0.883,92.056,0.0508,-0.0298,0.9937,
67.948,IMU,-84.5462,-20.6389,-52.5925,0.0000,0.0000,183.081,-3.364,-0.860,92.060,0.0542,-0.0176,0.9902,
67.963,ENC,-84.5462,-20.6389,-52.5925,0.0000,0.0000,183.081,-3.364,-0.860,92.060,0.0542,-0.0176,0.9902,
67.967,IMU,-84.5462,-20.6389,-52.5925,0.0000,0.0000,183.081,-3.352,-0.862,92.056,0.0518,-0.0156,0.9771,
67.983,ENC,-84.5462,-20.6389,-52.5925,0.0000,0.0000,183.081,-3.352,-0.862,92.056,0.0518,-0.0156,0.9771,
67.988,IMU,-84.5462,-20.6389,-52.5925,0.0000,0.0000,183.081,-3.375,-0.835,92.059,0.0591,-0.0093,0.9956,
68.004,ENC,-84.5462,-20.6389,-52.5925,0.0000,0.0000,183.081,-3.375,-0.835,92.059,0.0591,-0.0093,0.9956,
68.010,IMU,-84.5462,-20.6389,-52.5925,0.0000,0.0000,183.081,-3.358,-0.851,92.028,0.0469,-0.0049,0.9971,
68.023,ENC,-84.5462,-20.6389,-52.5925,0.0000,0.0000,183.081,-3.358,-0.851,92.028,0.0469,-0.0049,0.9971,
68.028,IMU,-84.5462,-20.6389,-52.5925,0.0000,0.0000,183.081,-3.384,-0.835,92.047,0.0615,-0.0073,0.9941,
68.043,ENC,-84.5462,-20.6389,-52.5925,0.0000,0.0000,183.081,-3.384,-0.835,92.047,0.0615,-0.0073,0.9941,
68.049,IMU,-84.5462,-20.6389,-52.5925,0.0000,0.0000,183.081,-3.360,-0.797,92.019,0.0518,-0.0215,0.9932,
68.063,ENC,-84.5462,-20.6406,-52.5934,0.0000,-0.0852,183.076,-3.360,-0.797,92.019,0.0518,-0.0215,0.9932,
68.068,IMU,-84.5462,-20.6406,-52.5934,0.0000,-0.0852,183.076,-3.357,-0.802,92.039,0.0547,-0.0200,0.9971,
68.083,ENC,-84.5462,-20.6389,-52.5925,0.0000,0.0852,183.081,-3.357,-0.802,92.039,0.0547,-0.0200,0.9971,
68.088,IMU,-84.5462,-20.6389,-52.5925,0.0000,0.0852,183.081,-3.375,-0.823,92.048,0.0552,-0.0259,0.9839,
68.103,ENC,-84.5462,-20.6389,-52.5925,0.0000,0.0000,183.081,-3.375,-0.823,92.048,0.0552,-0.0259,0.9839,
68.108,IMU,-84.5462,-20.6389,-52.5925,0.0000,0.0000,183.081,-3.348,-0.815,91.959,0.0503,-0.0137,0.9980,
68.124,ENC,-84.5462,-20.6389,-52.5925,0.0000,0.0000,183.081,-3.348,-0.815,91.959,0.0503,-0.0137,0.9980,
68.128,IMU,-84.5462,-20.6389,-52.5925,0.0000,0.0000,183.081,-3.348,-0.803,91.985,0.0674,-0.0117,0.9858,
68.143,ENC,-84.5462,-20.6389,-52.5925,0.0000,0.0000,183.081,-3.348,-0.803,91.985,0.0674,-0.0117,0.9858,
68.148,IMU,-84.5462,-20.6389,-52.5925,0.0000,0.0000,183.081,-3.303,-0.794,91.987,0.0488,-0.0132,0.9941,
68.163,ENC,-84.5462,-20.6389,-52.5925,0.0000,0.0000,183.081,-3.303,-0.794,91.987,0.0488,-0.0132,0.9941,
68.183,ENC,-84.5462,-20.6389,-52.5925,0.0000,0.0000,183.081,-3.303,-0.794,91.987,0.0488,-0.0132,0.9941,
68.186,IMU,-84.5462,-20.6389,-52.5925,0.0000,0.0000,183.081,-3.324,-0.797,92.001,0.0542,-0.0220,0.9980,
68.189,IMU,-84.5462,-20.6389,-52.5925,0.0000,0.0000,183.081,-3.331,-0.809,91.971,0.0527,-0.0044,0.9956,
68.203,ENC,-84.5445,-20.6389,-52.5917,0.0852,0.0000,183.076,-3.331,-0.809,91.971,0.0527,-0.0044,0.9956,
68.208,IMU,-84.5445,-20.6389,-52.5917,0.0852,0.0000,183.076,-3.347,-0.840,91.951,0.0591,-0.0210,0.9946,
68.223,ENC,-84.5445,-20.6389,-52.5917,0.0000,0.0000,183.076,-3.347,-0.840,91.951,0.0591,-0.0210,0.9946,
68.228,IMU,-84.5445,-20.6389,-52.5917,0.0000,0.0000,183.076,-3.360,-0.850,91.918,0.0527,-0.0137,0.9878,
68.243,ENC,-84.5462,-20.6389,-52.5925,-0.0852,0.0000,183.081,-3.360,-0.850,91.918,0.0527,-0.0137,0.9878,
68.248,IMU,-84.5462,-20.6389,-52.5925,-0.0852,0.0000,183.081,-3.338,-0.819,91.910,0.0635,-0.0166,0.9893,
68.264,ENC,-84.5445,-20.6406,-52.5925,0.0852,-0.0852,183.071,-3.338,-0.819,91.910,0.0635,-0.0166,0.9893,
68.268,IMU,-84.5445,-20.6406,-52.5925,0.0852,-0.0852,183.071,-3.331,-0.828,91.960,0.0522,-0.0249,0.9951,
68.283,ENC,-84.5462,-20.6389,-52.5925,-0.0852,0.0852,183.081,-3.331,-0.828,91.960,0.0522,-0.0249,0.9951,
68.290,IMU,-84.5462,-20.6389,-52.5925,-0.0852,0.0852,183.081,-3.339,-0.833,91.953,0.0635,-0.0225,0.9863,
68.303,ENC,-84.5462,-20.6389,-52.5925,0.0000,0.0000,183.081,-3.339,-0.833,91.953,0.0635,-0.0225,0.9863,
68.308,IMU,-84.5462,-20.6389,-52.5925,0.0000,0.0000,183.081,-3.362,-0.820,91.918,0.0581,-0.0146,0.9976,
68.323,ENC,-84.5462,-20.6389,-52.5925,0.0000,0.0000,183.081,-3.362,-0.820,91.918,0.0581,-0.0146,0.9976,
68.328,IMU,-84.5462,-20.6389,-52.5925,0.0000,0.0000,183.081,-3.396,-0.828,91.926,0.0576,-0.0259,0.9946,
68.343,ENC,-84.5445,-20.6389,-52.5917,0.0852,0.0000,183.076,-3.396,-0.828,91.926,0.0576,-0.0259,0.9946,
68.363,ENC,-84.5462,-20.6389,-52.5925,-0.0852,0.0000,183.081,-3.396,-0.828,91.926,0.0576,-0.0259,0.9946,
68.372,IMU,-84.5462,-20.6389,-52.5925,-0.0852,0.0000,183.081,-3.415,-0.841,91.931,0.0562,-0.0107,1.0015,
68.374,IMU,-84.5462,-20.6389,-52.5925,-0.0852,0.0000,183.081,-3.398,-0.817,91.957,0.0669,-0.0156,0.9961,
68.383,ENC,-84.5445,-20.6389,-52.5917,0.0852,0.0000,183.076,-3.398,-0.817,91.957,0.0669,-0.0156,0.9961,
68.388,IMU,-84.5445,-20.6389,-52.5917,0.0852,0.0000,183.076,-3.416,-0.789,91.963,0.0586,-0.0063,0.9946,
68.405,ENC,-84.5445,-20.6389,-52.5917,0.0000,0.0000,183.076,-3.416,-0.789,91.963,0.0586,-0.0063,0.9946,
68.408,IMU,-84.5445,-20.6389,-52.5917,0.0000,0.0000,183.076,-3.451,-0.741,91.963,0.0503,-0.0161,0.9946,
68.423,ENC,-84.5462,-20.6389,-52.5925,-0.0852,0.0000,183.081,-3.451,-0.741,91.963,0.0503,-0.0161,0.9946,
68.428,IMU,-84.5462,-20.6389,-52.5925,-0.0852,0.0000,183.081,-3.459,-0.755,91.989,0.0454,-0.0176,0.9946,
68.443,ENC,-84.5462,-20.6389,-52.5925,0.0000,0.0000,183.081,-3.459,-0.755,91.989,0.0454,-0.0176,0.9946,
68.448,IMU,-84.5462,-20.6389,-52.5925,0.0000,0.0000,183.081,-3.425,-0.743,92.006,0.0410,-0.0151,0.9863,
68.463,ENC,-84.5462,-20.6406,-52.5934,0.0000,-0.0852,183.076,-3.425,-0.743,92.006,0.0410,-0.0151,0.9863,
68.470,IMU,-84.5462,-20.6406,-52.5934,0.0000,-0.0852,183.076,-3.422,-0.750,92.020,0.0571,-0.0181,0.9966,
68.483,ENC,-84.5462,-20.6389,-52.5925,0.0000,0.0852,183.081,-3.422,-0.750,92.020,0.0571,-0.0181,0.9966,
68.488,IMU,-84.5462,-20.6389,-52.5925,0.0000,0.0852,183.081,-3.445,-0.753,91.995,0.0557,-0.0215,0.9976,
68.503,ENC,-84.5462,-20.6389,-52.5925,0.0000,0.0000,183.081,-3.445,-0.753,91.995,0.0557,-0.0215,0.9976,
68.507,IMU,-84.5462,-20.6389,-52.5925,0.0000,0.0000,183.081,-3.449,-0.730,92.016,0.0562,-0.0205,0.9985,
68.523,ENC,-84.5462,-20.6389,-52.5925,0.0000,0.0000,183.081,-3.449,-0.730,92.016,0.0562,-0.0205,0.9985,
68.528,IMU,-84.5462,-20.6389,-52.5925,0.0000,0.0000,183.081,-3.402,-0.732,92.011,0.0586,0.0000,0.9995,
68.543,ENC,-84.5462,-20.6389,-52.5925,0.0000,0.0000,183.081,-3.402,-0.732,92.011,0.0586,0.0000,0.9995,
68.548,IMU,-84.5462,-20.6389,-52.5925,0.0000,0.0000,183.081,-3.429,-0.747,92.036,0.0688,-0.0078,0.9980,
68.572,IMU,-84.5462,-20.6389,-52.5925,0.0000,0.0000,183.081,-3.450,-0.756,92.028,0.0498,-0.0176,0.9976,
68.583,ENC,-84.5445,-20.6389,-52.5917,0.0426,0.0000,183.076,-3.450,-0.756,92.028,0.0498,-0.0176,0.9976,
68.592,IMU,-84.5445,-20.6389,-52.5917,0.0426,0.0000,183.076,-3.454,-0.732,92.055,0.0601,-0.0205,0.9990,
68.603,ENC,-84.5462,-20.6389,-52.5925,-0.0852,0.0000,183.081,-3.454,-0.732,92.055,0.0601,-0.0205,0.9990,
68.607,IMU,-84.5462,-20.6389,-52.5925,-0.0852,0.0000,183.081,-3.471,-0.744,92.058,0.0552,-0.0132,1.0024,
68.623,ENC,-84.5462,-20.6389,-52.5925,0.0000,0.0000,183.081,-3.471,-0.744,92.058,0.0552,-0.0132,1.0024,
68.628,IMU,-84.5462,-20.6389,-52.5925,0.0000,0.0000,183.081,-3.431,-0.791,92.047,0.0615,-0.0195,0.9951,
68.643,ENC,-84.5462,-20.6389,-52.5925,0.0000,0.0000,183.081,-3.431,-0.791,92.047,0.0615,-0.0195,0.9951,
68.648,IMU,-84.5462,-20.6389,-52.5925,0.0000,0.0000,183.081,-3.406,-0.826,92.046,0.0635,-0.0073,0.9927,
68.664,ENC,-84.5445,-20.6389,-52.5917,0.0852,0.0000,183.076,-3.406,-0.826,92.046,0.0635,-0.0073,0.9927,
68.668,IMU,-84.5445,-20.6389,-52.5917,0.0852,0.0000,183.076,-3.403,-0.856,92.066,0.0620,-0.0181,0.9961,
68.683,ENC,-84.5445,-20.6389,-52.5917,0.0000,0.0000,183.076,-3.403,-0.856,92.066,0.0620,-0.0181,0.9961,
68.688,IMU,-84.5445,-20.6389,-52.5917,0.0000,0.0000,183.076,-3.388,-0.828,92.006,0.0493,-0.0181,0.9927,
68.703,ENC,-84.5445,-20.6406,-52.5925,0.0000,-0.0852,183.071,-3.388,-0.828,92.006,0.0493,-0.0181,0.9927,
68.708,IMU,-84.5445,-20.6406,-52.5925,0.0000,-0.0852,183.071,-3.383,-0.815,92.008,0.0615,-0.0117,0.9927,
68.723,ENC,-84.5462,-20.6389,-52.5925,-0.0852,0.0852,183.081,-3.383,-0.815,92.008,0.0615,-0.0117,0.9927,
68.729,IMU,-84.5462,-20.6389,-52.5925,-0.0852,0.0852,183.081,-3.448,-0.821,92.079,0.0737,-0.0049,1.0063,
68.743,ENC,-84.5445,-20.6389,-52.5917,0.0852,0.0000,183.076,-3.448,-0.821,92.079,0.0737,-0.0049,1.0063,
68.748,IMU,-84.5445,-20.6389,-52.5917,0.0852,0.0000,183.076,-3.415,-0.808,92.067,0.0459,-0.0210,1.0078,
68.763,ENC,-84.5445,-20.6389,-52.5917,0.0000,0.0000,183.076,-3.415,-0.808,92.067,0.0459,-0.0210,1.0078,
68.768,IMU,-84.5445,-20.6389,-52.5917,0.0000,0.0000,183.076,-3.389,-0.833,92.087,0.0518,-0.0083,0.9966,
68.783,ENC,-84.5445,-20.6389,-52.5917,0.0000,0.0000,183.076,-3.389,-0.833,92.087,0.0518,-0.0083,0.9966,
68.788,IMU,-84.5445,-20.6389,-52.5917,0.0000,0.0000,183.076,-3.382,-0.886,92.118,0.0464,-0.0244,0.9966,
68.803,ENC,-84.5462,-20.6389,-52.5925,-0.0852,0.0000,183.081,-3.382,-0.886,92.118,0.0464,-0.0244,0.9966,
68.808,IMU,-84.5462,-20.6389,-52.5925,-0.0852,0.0000,183.081,-3.406,-0.878,92.127,0.0591,-0.0278,0.9980,
68.823,ENC,-84.5445,-20.6389,-52.5917,0.0852,0.0000,183.076,-3.406,-0.878,92.127,0.0591,-0.0278,0.9980,
68.829,IMU,-84.5445,-20.6389,-52.5917,0.0852,0.0000,183.076,-3.337,-0.857,92.139,0.0522,-0.0142,1.0044,
68.843,ENC,-84.5462,-20.6389,-52.5925,-0.0852,0.0000,183.081,-3.337,-0.857,92.139,0.0522,-0.0142,1.0044,
68.848,IMU,-84.5462,-20.6389,-52.5925,-0.0852,0.0000,183.081,-3.339,-0.836,92.078,0.0518,-0.0117,0.9951,
68.863,ENC,-84.5462,-20.6389,-52.5925,0.0000,0.0000,183.081,-3.339,-0.836,92.078,0.0518,-0.0117,0.9951,
68.872,IMU,-84.5462,-20.6389,-52.5925,0.0000,0.0000,183.081,-3.319,-0.794,92.025,0.0513,0.0020,1.0000,
68.883,ENC,-84.5462,-20.6389,-52.5925,0.0000,0.0000,183.081,-3.319,-0.794,92.025,0.0513,0.0020,1.0000,
68.889,IMU,-84.5462,-20.6389,-52.5925,0.0000,0.0000,183.081,-3.259,-0.842,91.960,0.0542,-0.0093,0.9985,
68.903,ENC,-84.5462,-20.6389,-52.5925,0.0000,0.0000,183.081,-3.259,-0.842,91.960,0.0542,-0.0093,0.9985,
68.908,IMU,-84.5462,-20.6389,-52.5925,0.0000,0.0000,183.081,-3.237,-0.837,91.997,0.0522,-0.0244,0.9995,
68.922,ENC,-84.5462,-20.6389,-52.5925,0.0000,0.0000,183.081,-3.237,-0.837,91.997,0.0522,-0.0244,0.9995,
68.928,IMU,-84.5462,-20.6389,-52.5925,0.0000,0.0000,183.081,-3.208,-0.898,91.980,0.0483,-0.0186,0.9956,
68.943,ENC,-84.5462,-20.6389,-52.5925,0.0000,0.0000,183.081,-3.208,-0.898,91.980,0.0483,-0.0186,0.9956,
68.948,IMU,-84.5462,-20.6389,-52.5925,0.0000,0.0000,183.081,-3.222,-0.885,91.982,0.0688,-0.0220,0.9912,
68.963,ENC,-84.5462,-20.6389,-52.5925,0.0000,0.0000,183.081,-3.222,-0.885,91.982,0.0688,-0.0220,0.9912,
68.968,IMU,-84.5462,-20.6389,-52.5925,0.0000,0.0000,183.081,-3.226,-0.841,91.990,0.0605,-0.0103,0.9990,
68.983,ENC,-84.5462,-20.6389,-52.5925,0.0000,0.0000,183.081,-3.226,-0.841,91.990,0.0605,-0.0103,0.9990,
68.988,IMU,-84.5462,-20.6389,-52.5925,0.0000,0.0000,183.081,-3.252,-0.831,91.987,0.0571,-0.0127,0.9956,
69.003,ENC,-84.5462,-20.6389,-52.5925,0.0000,0.0000,183.081,-3.252,-0.831,91.987,0.0571,-0.0127,0.9956,
69.008,IMU,-84.5462,-20.6389,-52.5925,0.0000,0.0000,183.081,-3.217,-0.834,92.052,0.0620,-0.0132,0.9937,
69.023,ENC,-84.5462,-20.6389,-52.5925,0.0000,0.0000,183.081,-3.217,-0.834,92.052,0.0620,-0.0132,0.9937,
69.030,IMU,-84.5462,-20.6389,-52.5925,0.0000,0.0000,183.081,-3.239,-0.822,92.073,0.0581,-0.0142,0.9829,
69.043,ENC,-84.5462,-20.6389,-52.5925,0.0000,0.0000,183.081,-3.239,-0.822,92.073,0.0581,-0.0142,0.9829,
69.048,IMU,-84.5462,-20.6389,-52.5925,0.0000,0.0000,183.081,-3.214,-0.787,92.069,0.0513,-0.0054,0.9912,
69.063,ENC,-84.5462,-20.6389,-52.5925,0.0000,0.0000,183.081,-3.214,-0.787,92.069,0.0513,-0.0054,0.9912,
69.068,IMU,-84.5462,-20.6389,-52.5925,0.0000,0.0000,183.081,-3.213,-0.806,92.051,0.0605,-0.0195,1.0049,
69.084,ENC,-84.5462,-20.6389,-52.5925,0.0000,0.0000,183.081,-3.213,-0.806,92.051,0.0605,-0.0195,1.0049,
69.087,IMU,-84.5462,-20.6389,-52.5925,0.0000,0.0000,183.081,-3.182,-0.810,92.058,0.0615,-0.0166,0.9966,
69.103,ENC,-84.5445,-20.6389,-52.5917,0.0852,0.0000,183.076,-3.182,-0.810,92.058,0.0615,-0.0166,0.9966,
69.108,IMU,-84.5445,-20.6389,-52.5917,0.0852,0.0000,183.076,-3.236,-0.819,92.080,0.0654,-0.0151,0.9873,
69.123,ENC,-84.5462,-20.6389,-52.5925,-0.0852,0.0000,183.081,-3.236,-0.819,92.080,0.0654,-0.0151,0.9873,
69.129,IMU,-84.5462,-20.6389,-52.5925,-0.0852,0.0000,183.081,-3.273,-0.807,92.040,0.0566,-0.0186,0.9980,
69.143,ENC,-84.5462,-20.6389,-52.5925,0.0000,0.0000,183.081,-3.273,-0.807,92.040,0.0566,-0.0186,0.9980,
69.148,IMU,-84.5462,-20.6389,-52.5925,0.0000,0.0000,183.081,-3.333,-0.829,92.029,0.0635,-0.0156,0.9971,
69.197,ENC,-84.5445,-20.6389,-52.5917,0.0852,0.0000,183.076,-3.333,-0.829,92.029,0.0635,-0.0156,0.9971,
69.200,IMU,-84.5445,-20.6389,-52.5917,0.0852,0.0000,183.076,-3.305,-0.825,92.090,0.0620,-0.0132,0.9922,
69.203,ENC,-84.5445,-20.6389,-52.5917,0.0000,0.0000,183.076,-3.305,-0.825,92.090,0.0620,-0.0132,0.9922,
69.204,ENC,-84.5462,-20.6406,-52.5934,-0.0852,-0.0852,183.076,-3.305,-0.825,92.090,0.0620,-0.0132,0.9922,
69.208,IMU,-84.5462,-20.6406,-52.5934,-0.0852,-0.0852,183.076,-3.292,-0.845,92.105,0.0503,-0.0186,0.9980,
69.228,ENC,-84.5462,-20.6389,-52.5925,0.0000,0.0852,183.081,-3.292,-0.845,92.105,0.0503,-0.0186,0.9980,
69.230,IMU,-84.5462,-20.6389,-52.5925,0.0000,0.0852,183.081,-3.300,-0.787,92.132,0.0547,-0.0107,0.9966,
69.243,ENC,-84.5445,-20.6389,-52.5917,0.0852,0.0000,183.076,-3.300,-0.787,92.132,0.0547,-0.0107,0.9966,
69.248,IMU,-84.5445,-20.6389,-52.5917,0.0852,0.0000,183.076,-3.331,-0.852,92.147,0.0542,-0.0220,1.0024,
69.268,ENC,-84.5462,-20.6389,-52.5925,-0.0852,0.0000,183.081,-3.331,-0.852,92.147,0.0542,-0.0220,1.0024,
69.278,IMU,-84.5462,-20.6389,-52.5925,-0.0852,0.0000,183.081,-3.337,-0.859,92.090,0.0571,-0.0137,0.9888,
69.290,IMU,-84.5462,-20.6389,-52.5925,-0.0852,0.0000,183.081,-3.332,-0.843,92.063,0.0562,-0.0229,0.9912,
69.307,ENC,-84.5462,-20.6389,-52.5925,0.0000,0.0000,183.081,-3.332,-0.843,92.063,0.0562,-0.0229,0.9912,
69.309,ENC,-84.5462,-20.6389,-52.5925,0.0000,0.0000,183.081,-3.332,-0.843,92.063,0.0562,-0.0229,0.9912,
69.311,IMU,-84.5462,-20.6389,-52.5925,0.0000,0.0000,183.081,-3.315,-0.865,92.026,0.0542,-0.0024,0.9849,
69.339,IMU,-84.5462,-20.6389,-52.5925,0.0000,0.0000,183.081,-3.359,-0.878,92.051,0.0659,-0.0215,0.9932,
69.339,ENC,-84.5445,-20.6389,-52.5917,0.0852,0.0000,183.076,-3.359,-0.878,92.051,0.0659,-0.0215,0.9932,
69.354,ENC,-84.5445,-20.6406,-52.5925,0.0000,-0.0852,183.071,-3.359,-0.878,92.051,0.0659,-0.0215,0.9932,
69.372,IMU,-84.5445,-20.6406,-52.5925,0.0000,-0.0852,183.071,-3.353,-0.899,92.026,0.0503,-0.0059,0.9946,
69.372,ENC,-84.5445,-20.6406,-52.5925,0.0000,0.0000,183.071,-3.353,-0.899,92.026,0.0503,-0.0059,0.9946,
69.375,IMU,-84.5445,-20.6406,-52.5925,0.0000,0.0000,183.071,-3.312,-0.856,92.008,0.0503,-0.0161,1.0024,
69.392,ENC,-84.5445,-20.6406,-52.5925,0.0000,0.0000,183.071,-3.312,-0.856,92.008,0.0503,-0.0161,1.0024,
69.403,ENC,-84.5462,-20.6389,-52.5925,-0.0852,0.0852,183.081,-3.312,-0.856,92.008,0.0503,-0.0161,1.0024,
69.423,IMU,-84.5462,-20.6389,-52.5925,-0.0852,0.0852,183.081,-3.342,-0.866,91.965,0.0645,-0.0137,0.9927,
69.459,IMU,-84.5462,-20.6389,-52.5925,-0.0852,0.0852,183.081,-3.369,-0.885,91.962,0.0610,-0.0161,0.9966,
69.459,ENC,-84.5445,-20.6389,-52.5917,0.0426,0.0000,183.076,-3.369,-0.885,91.962,0.0610,-0.0161,0.9966,
69.473,ENC,-84.5445,-20.6389,-52.5917,0.0000,0.0000,183.076,-3.369,-0.885,91.962,0.0610,-0.0161,0.9966,
69.494,ENC,-84.5445,-20.6389,-52.5917,0.0000,0.0000,183.076,-3.369,-0.885,91.962,0.0610,-0.0161,0.9966,
69.503,IMU,-84.5445,-20.6389,-52.5917,0.0000,0.0000,183.076,-3.406,-0.868,91.942,0.0576,-0.0083,0.9922,
69.505,IMU,-84.5445,-20.6389,-52.5917,0.0000,0.0000,183.076,-3.444,-0.899,91.923,0.0649,-0.0132,1.0024,
69.521,ENC,-84.5462,-20.6389,-52.5925,-0.0852,0.0000,183.081,-3.444,-0.899,91.923,0.0649,-0.0132,1.0024,
69.523,IMU,-84.5462,-20.6389,-52.5925,-0.0852,0.0000,183.081,-3.399,-0.883,91.923,0.0459,-0.0186,0.9893,
69.561,IMU,-84.5462,-20.6389,-52.5925,-0.0852,0.0000,183.081,-3.377,-0.817,92.034,0.0415,-0.0083,1.0000,
69.564,IMU,-84.5462,-20.6389,-52.5925,-0.0852,0.0000,183.081,-3.388,-0.785,92.090,0.0586,-0.0249,0.9897,
69.564,ENC,-84.5462,-20.6389,-52.5925,0.0000,0.0000,183.081,-3.388,-0.785,92.090,0.0586,-0.0249,0.9897,
69.568,IMU,-84.5462,-20.6389,-52.5925,0.0000,0.0000,183.081,-3.398,-0.780,92.077,0.0566,-0.0063,1.0059,
69.583,ENC,-84.5462,-20.6389,-52.5925,0.0000,0.0000,183.081,-3.398,-0.780,92.077,0.0566,-0.0063,1.0059,
69.588,IMU,-84.5462,-20.6389,-52.5925,0.0000,0.0000,183.081,-3.407,-0.777,92.051,0.0474,-0.0239,0.9985,
69.603,ENC,-84.5462,-20.6389,-52.5925,0.0000,0.0000,183.081,-3.407,-0.777,92.051,0.0474,-0.0239,0.9985,
69.608,IMU,-84.5462,-20.6389,-52.5925,0.0000,0.0000,183.081,-3.396,-0.774,92.058,0.0664,-0.0146,1.0024,
69.652,ENC,-84.5445,-20.6389,-52.5917,0.0852,0.0000,183.076,-3.396,-0.774,92.058,0.0664,-0.0146,1.0024,
69.655,IMU,-84.5445,-20.6389,-52.5917,0.0852,0.0000,183.076,-3.433,-0.757,92.078,0.0557,-0.0146,0.9873,
69.657,ENC,-84.5462,-20.6389,-52.5925,-0.0852,0.0000,183.081,-3.433,-0.757,92.078,0.0557,-0.0146,0.9873,
69.674,IMU,-84.5462,-20.6389,-52.5925,-0.0852,0.0000,183.081,-3.377,-0.770,92.094,0.0503,-0.0146,0.9966,
69.676,IMU,-84.5462,-20.6389,-52.5925,-0.0852,0.0000,183.081,-3.342,-0.775,92.061,0.0488,-0.0117,1.0117,
69.716,IMU,-84.5462,-20.6389,-52.5925,-0.0852,0.0000,183.081,-3.319,-0.791,92.056,0.0464,-0.0181,1.0078,
69.722,ENC,-84.5462,-20.6389,-52.5925,0.0000,0.0000,183.081,-3.319,-0.791,92.056,0.0464,-0.0181,1.0078,
69.772,ENC,-84.5445,-20.6389,-52.5917,0.0852,0.0000,183.076,-3.319,-0.791,92.056,0.0464,-0.0181,1.0078,
69.775,ENC,-84.5445,-20.6389,-52.5917,0.0000,0.0000,183.076,-3.319,-0.791,92.056,0.0464,-0.0181,1.0078,
69.778,IMU,-84.5445,-20.6389,-52.5917,0.0000,0.0000,183.076,-3.320,-0.778,92.017,0.0410,-0.0171,1.0005,
69.781,ENC,-84.5445,-20.6389,-52.5917,0.0000,0.0000,183.076,-3.320,-0.778,92.017,0.0410,-0.0171,1.0005,
69.782,IMU,-84.5445,-20.6389,-52.5917,0.0000,0.0000,183.076,-3.337,-0.787,92.025,0.0596,-0.0107,0.9990,
69.804,IMU,-84.5445,-20.6389,-52.5917,0.0000,0.0000,183.076,-3.356,-0.768,91.996,0.0596,-0.0078,0.9844,
69.804,ENC,-84.5462,-20.6389,-52.5925,-0.0852,0.0000,183.081,-3.356,-0.768,91.996,0.0596,-0.0078,0.9844,
69.818,ENC,-84.5462,-20.6389,-52.5925,0.0000,0.0000,183.081,-3.356,-0.768,91.996,0.0596,-0.0078,0.9844,
69.837,ENC,-84.5462,-20.6389,-52.5925,0.0000,0.0000,183.081,-3.356,-0.768,91.996,0.0596,-0.0078,0.9844,
69.839,IMU,-84.5462,-20.6389,-52.5925,0.0000,0.0000,183.081,-3.373,-0.757,92.006,0.0654,-0.0166,0.9883,
69.845,IMU,-84.5462,-20.6389,-52.5925,0.0000,0.0000,183.081,-3.308,-0.782,91.939,0.0674,-0.0249,0.9883,
69.846,IMU,-84.5462,-20.6389,-52.5925,0.0000,0.0000,183.081,-3.299,-0.774,91.945,0.0474,-0.0215,0.9980,
69.858,IMU,-84.5462,-20.6389,-52.5925,0.0000,0.0000,183.081,-3.313,-0.762,91.938,0.0479,-0.0259,0.9902,
69.875,IMU,-84.5462,-20.6389,-52.5925,0.0000,0.0000,183.081,-3.304,-0.757,91.958,0.0605,-0.0059,0.9990,
69.920,ENC,-84.5462,-20.6389,-52.5925,0.0000,0.0000,183.081,-3.304,-0.757,91.958,0.0605,-0.0059,0.9990,
69.923,IMU,-84.5462,-20.6389,-52.5925,0.0000,0.0000,183.081,-3.282,-0.750,91.988,0.0566,-0.0190,1.0078,
69.925,ENC,-84.5462,-20.6389,-52.5925,0.0000,0.0000,183.081,-3.282,-0.750,91.988,0.0566,-0.0190,1.0078,
69.928,ENC,-84.5462,-20.6389,-52.5925,0.0000,0.0000,183.081,-3.282,-0.750,91.988,0.0566,-0.0190,1.0078,
69.929,ENC,-84.5462,-20.6389,-52.5925,0.0000,0.0000,183.081,-3.282,-0.750,91.988,0.0566,-0.0190,1.0078,
69.957,IMU,-84.5462,-20.6389,-52.5925,0.0000,0.0000,183.081,-3.262,-0.697,92.058,0.0601,-0.0156,0.9956,
69.958,IMU,-84.5462,-20.6389,-52.5925,0.0000,0.0000,183.081,-3.278,-0.707,92.055,0.0591,-0.0103,0.9961,
69.995,IMU,-84.5462,-20.6389,-52.5925,0.0000,0.0000,183.081,-3.256,-0.686,92.055,0.0547,-0.0146,0.9966,
69.995,ENC,-84.5462,-20.6389,-52.5925,0.0000,0.0000,183.081,-3.256,-0.686,92.055,0.0547,-0.0146,0.9966,
70.002,IMU,-84.5462,-20.6389,-52.5925,0.0000,0.0000,183.081,-3.288,-0.666,92.048,0.0581,-0.0171,0.9937,
70.003,ENC,-84.5445,-20.6389,-52.5917,0.0852,0.0000,183.076,-3.288,-0.666,92.048,0.0581,-0.0171,0.9937,
70.040,IMU,-84.5445,-20.6389,-52.5917,0.0852,0.0000,183.076,-3.258,-0.660,92.085,0.0562,-0.0146,0.9961,
70.040,ENC,-84.5462,-20.6389,-52.5925,-0.0426,0.0000,183.081,-3.258,-0.660,92.085,0.0562,-0.0146,0.9961,
70.043,ENC,-84.5462,-20.6389,-52.5925,0.0000,0.0000,183.081,-3.258,-0.660,92.085,0.0562,-0.0146,0.9961,
70.049,IMU,-84.5462,-20.6389,-52.5925,0.0000,0.0000,183.081,-3.263,-0.630,92.034,0.0483,-0.0098,0.9829,
70.063,ENC,-84.5445,-20.6389,-52.5917,0.0852,0.0000,183.076,-3.263,-0.630,92.034,0.0483,-0.0098,0.9829,
70.068,IMU,-84.5445,-20.6389,-52.5917,0.0852,0.0000,183.076,-3.296,-0.621,92.084,0.0576,-0.0117,0.9917,
70.083,ENC,-84.5462,-20.6389,-52.5925,-0.0852,0.0000,183.081,-3.296,-0.621,92.084,0.0576,-0.0117,0.9917,
70.089,IMU,-84.5462,-20.6389,-52.5925,-0.0852,0.0000,183.081,-3.317,-0.626,92.058,0.0459,-0.0161,1.0015,
70.103,ENC,-84.5462,-20.6389,-52.5925,0.0000,0.0000,183.081,-3.317,-0.626,92.058,0.0459,-0.0161,1.0015,
70.109,IMU,-84.5462,-20.6389,-52.5925,0.0000,0.0000,183.081,-3.352,-0.619,92.023,0.0596,-0.0200,0.9937,
70.123,ENC,-84.5462,-20.6389,-52.5925,0.0000,0.0000,183.081,-3.352,-0.619,92.023,0.0596,-0.0200,0.9937,
70.130,IMU,-84.5462,-20.6389,-52.5925,0.0000,0.0000,183.081,-3.309,-0.632,91.958,0.0562,-0.0117,0.9849,
70.143,ENC,-84.5462,-20.6389,-52.5925,0.0000,0.0000,183.081,-3.309,-0.632,91.958,0.0562,-0.0117,0.9849,
70.148,IMU,-84.5462,-20.6389,-52.5925,0.0000,0.0000,183.081,-3.330,-0.635,91.943,0.0610,-0.0308,0.9907,
70.163,ENC,-84.5462,-20.6389,-52.5925,0.0000,0.0000,183.081,-3.330,-0.635,91.943,0.0610,-0.0308,0.9907,
70.168,IMU,-84.5462,-20.6389,-52.5925,0.0000,0.0000,183.081,-3.342,-0.640,91.899,0.0674,-0.0146,0.9893,
70.183,ENC,-84.5445,-20.6389,-52.5917,0.0852,0.0000,183.076,-3.342,-0.640,91.899,0.0674,-0.0146,0.9893,
70.188,IMU,-84.5445,-20.6389,-52.5917,0.0852,0.0000,183.076,-3.307,-0.643,91.937,0.0522,-0.0098,0.9966,
70.203,ENC,-84.5445,-20.6389,-52.5917,0.0000,0.0000,183.076,-3.307,-0.643,91.937,0.0522,-0.0098,0.9966,
70.207,IMU,-84.5445,-20.6389,-52.5917,0.0000,0.0000,183.076,-3.325,-0.613,91.952,0.0664,-0.0215,0.9932,
70.223,ENC,-84.5462,-20.6389,-52.5925,-0.0852,0.0000,183.081,-3.325,-0.613,91.952,0.0664,-0.0215,0.9932,
70.231,IMU,-84.5462,-20.6389,-52.5925,-0.0852,0.0000,183.081,-3.339,-0.626,91.897,0.0542,-0.0190,0.9946,
70.243,ENC,-84.5462,-20.6389,-52.5925,0.0000,0.0000,183.081,-3.339,-0.626,91.897,0.0542,-0.0190,0.9946,
70.248,IMU,-84.5462,-20.6389,-52.5925,0.0000,0.0000,183.081,-3.299,-0.669,91.924,0.0444,-0.0215,0.9863,
70.263,ENC,-84.5445,-20.6389,-52.5917,0.0852,0.0000,183.076,-3.299,-0.669,91.924,0.0444,-0.0215,0.9863,
70.268,IMU,-84.5445,-20.6389,-52.5917,0.0852,0.0000,183.076,-3.319,-0.638,91.898,0.0654,-0.0054,0.9966,
70.283,ENC,-84.5462,-20.6406,-52.5934,-0.0852,-0.0852,183.076,-3.319,-0.638,91.898,0.0654,-0.0054,0.9966,
70.290,IMU,-84.5462,-20.6406,-52.5934,-0.0852,-0.0852,183.076,-3.316,-0.630,91.910,0.0527,-0.0166,0.9785,
70.303,ENC,-84.5462,-20.6389,-52.5925,0.0000,0.0852,183.081,-3.316,-0.630,91.910,0.0527,-0.0166,0.9785,
70.308,IMU,-84.5462,-20.6389,-52.5925,0.0000,0.0852,183.081,-3.318,-0.655,91.898,0.0654,-0.0273,0.9858,
70.323,ENC,-84.5445,-20.6389,-52.5917,0.0852,0.0000,183.076,-3.318,-0.655,91.898,0.0654,-0.0273,0.9858,
70.328,IMU,-84.5445,-20.6389,-52.5917,0.0852,0.0000,183.076,-3.324,-0.662,91.858,0.0542,-0.0176,1.0068,
70.344,ENC,-84.5462,-20.6389,-52.5925,-0.0852,0.0000,183.081,-3.324,-0.662,91.858,0.0542,-0.0176,1.0068,
70.348,IMU,-84.5462,-20.6389,-52.5925,-0.0852,0.0000,183.081,-3.303,-0.642,91.874,0.0635,-0.0146,0.9863,
70.363,ENC,-84.5445,-20.6389,-52.5917,0.0852,0.0000,183.076,-3.303,-0.642,91.874,0.0635,-0.0146,0.9863,
70.368,IMU,-84.5445,-20.6389,-52.5917,0.0852,0.0000,183.076,-3.350,-0.667,91.848,0.0688,-0.0288,0.9985,
70.383,ENC,-84.5462,-20.6389,-52.5925,-0.0852,0.0000,183.081,-3.350,-0.667,91.848,0.0688,-0.0288,0.9985,
70.388,IMU,-84.5462,-20.6389,-52.5925,-0.0852,0.0000,183.081,-3.333,-0.660,91.820,0.0620,-0.0107,0.9849,
70.403,ENC,-84.5462,-20.6389,-52.5925,0.0000,0.0000,183.081,-3.333,-0.660,91.820,0.0620,-0.0107,0.9849,
70.408,IMU,-84.5462,-20.6389,-52.5925,0.0000,0.0000,183.081,-3.302,-0.672,91.845,0.0464,-0.0161,0.9961,
70.423,ENC,-84.5462,-20.6389,-52.5925,0.0000,0.0000,183.081,-3.302,-0.672,91.845,0.0464,-0.0161,0.9961,
70.428,IMU,-84.5462,-20.6389,-52.5925,0.0000,0.0000,183.081,-3.323,-0.662,91.829,0.0625,-0.0098,1.0024,
70.443,ENC,-84.5462,-20.6389,-52.5925,0.0000,0.0000,183.081,-3.323,-0.662,91.829,0.0625,-0.0098,1.0024,
70.450,IMU,-84.5462,-20.6389,-52.5925,0.0000,0.0000,183.081,-3.297,-0.686,91.799,0.0537,-0.0215,1.0010,
70.463,ENC,-84.5462,-20.6389,-52.5925,0.0000,0.0000,183.081,-3.297,-0.686,91.799,0.0537,-0.0215,1.0010,
70.467,IMU,-84.5462,-20.6389,-52.5925,0.0000,0.0000,183.081,-3.291,-0.665,91.836,0.0591,-0.0024,1.0049,
70.483,ENC,-84.5445,-20.6389,-52.5917,0.0852,0.0000,183.076,-3.291,-0.665,91.836,0.0591,-0.0024,1.0049,
70.488,IMU,-84.5445,-20.6389,-52.5917,0.0852,0.0000,183.076,-3.296,-0.682,91.846,0.0469,-0.0083,0.9976,
70.503,ENC,-84.5462,-20.6389,-52.5925,-0.0852,0.0000,183.081,-3.296,-0.682,91.846,0.0469,-0.0083,0.9976,
70.508,IMU,-84.5462,-20.6389,-52.5925,-0.0852,0.0000,183.081,-3.304,-0.665,91.823,0.0596,-0.0112,0.9922,
70.523,ENC,-84.5462,-20.6389,-52.5925,0.0000,0.0000,183.081,-3.304,-0.665,91.823,0.0596,-0.0112,0.9922,
70.528,IMU,-84.5462,-20.6389,-52.5925,0.0000,0.0000,183.081,-3.295,-0.631,91.748,0.0566,-0.0117,0.9922,
70.543,ENC,-84.5445,-20.6389,-52.5917,0.0852,0.0000,183.076,-3.295,-0.631,91.748,0.0566,-0.0117,0.9922,
70.548,IMU,-84.5445,-20.6389,-52.5917,0.0852,0.0000,183.076,-3.319,-0.603,91.726,0.0391,-0.0122,0.9941,
70.563,ENC,-84.5445,-20.6389,-52.5917,0.0000,0.0000,183.076,-3.319,-0.603,91.726,0.0391,-0.0122,0.9941,
70.568,IMU,-84.5445,-20.6389,-52.5917,0.0000,0.0000,183.076,-3.332,-0.606,91.754,0.0625,-0.0088,0.9951,
70.583,ENC,-84.5462,-20.6389,-52.5925,-0.0852,0.0000,183.081,-3.332,-0.606,91.754,0.0625,-0.0088,0.9951,
70.588,IMU,-84.5462,-20.6389,-52.5925,-0.0852,0.0000,183.081,-3.364,-0.612,91.770,0.0596,-0.0254,0.9976,
70.603,ENC,-84.5445,-20.6389,-52.5917,0.0852,0.0000,183.076,-3.364,-0.612,91.770,0.0596,-0.0254,0.9976,
70.608,IMU,-84.5445,-20.6389,-52.5917,0.0852,0.0000,183.076,-3.406,-0.640,91.775,0.0674,-0.0273,0.9912,
70.623,ENC,-84.5462,-20.6389,-52.5925,-0.0852,0.0000,183.081,-3.406,-0.640,91.775,0.0674,-0.0273,0.9912,
70.628,IMU,-84.5462,-20.6389,-52.5925,-0.0852,0.0000,183.081,-3.455,-0.652,91.735,0.0615,-0.0200,0.9995,
70.643,ENC,-84.5445,-20.6389,-52.5917,0.0852,0.0000,183.076,-3.455,-0.652,91.735,0.0615,-0.0200,0.9995,
70.648,IMU,-84.5445,-20.6389,-52.5917,0.0852,0.0000,183.076,-3.423,-0.674,91.749,0.0483,-0.0186,0.9873,
70.663,ENC,-84.5462,-20.6406,-52.5934,-0.0852,-0.0852,183.076,-3.423,-0.674,91.749,0.0483,-0.0186,0.9873,
70.668,IMU,-84.5462,-20.6406,-52.5934,-0.0852,-0.0852,183.076,-3.428,-0.652,91.776,0.0503,-0.0029,0.9971,
70.683,ENC,-84.5462,-20.6389,-52.5925,0.0000,0.0852,183.081,-3.428,-0.652,91.776,0.0503,-0.0029,0.9971,
70.688,IMU,-84.5462,-20.6389,-52.5925,0.0000,0.0852,183.081,-3.456,-0.659,91.800,0.0605,-0.0146,1.0010,
70.703,ENC,-84.5462,-20.6389,-52.5925,0.0000,0.0000,183.081,-3.456,-0.659,91.800,0.0605,-0.0146,1.0010,
70.708,IMU,-84.5462,-20.6389,-52.5925,0.0000,0.0000,183.081,-3.452,-0.695,91.791,0.0498,-0.0137,0.9814,
70.723,ENC,-84.5462,-20.6389,-52.5925,0.0000,0.0000,183.081,-3.452,-0.695,91.791,0.0498,-0.0137,0.9814,
70.728,IMU,-84.5462,-20.6389,-52.5925,0.0000,0.0000,183.081,-3.430,-0.687,91.796,0.0508,-0.0171,0.9937,
70.743,ENC,-84.5462,-20.6389,-52.5925,0.0000,0.0000,183.081,-3.430,-0.687,91.796,0.0508,-0.0171,0.9937,
70.748,IMU,-84.5462,-20.6389,-52.5925,0.0000,0.0000,183.081,-3.435,-0.687,91.800,0.0620,-0.0195,0.9990,
70.763,ENC,-84.5445,-20.6389,-52.5917,0.0852,0.0000,183.076,-3.435,-0.687,91.800,0.0620,-0.0195,0.9990,
70.768,IMU,-84.5445,-20.6389,-52.5917,0.0852,0.0000,183.076,-3.461,-0.658,91.842,0.0698,-0.0073,0.9985,
70.783,ENC,-84.5462,-20.6389,-52.5925,-0.0852,0.0000,183.081,-3.461,-0.658,91.842,0.0698,-0.0073,0.9985,
70.787,IMU,-84.5462,-20.6389,-52.5925,-0.0852,0.0000,183.081,-3.449,-0.647,91.856,0.0518,-0.0127,1.0020,
70.803,ENC,-84.5445,-20.6389,-52.5917,0.0852,0.0000,183.076,-3.449,-0.647,91.856,0.0518,-0.0127,1.0020,
70.809,IMU,-84.5445,-20.6389,-52.5917,0.0852,0.0000,183.076,-3.459,-0.691,91.864,0.0483,-0.0220,0.9946,
70.826,ENC,-84.5445,-20.6389,-52.5917,0.0000,0.0000,183.076,-3.459,-0.691,91.864,0.0483,-0.0220,0.9946,
70.829,IMU,-84.5445,-20.6389,-52.5917,0.0000,0.0000,183.076,-3.498,-0.629,91.851,0.0527,0.0010,0.9971,
70.843,ENC,-84.5445,-20.6389,-52.5917,0.0000,0.0000,183.076,-3.498,-0.629,91.851,0.0527,0.0010,0.9971,
70.848,IMU,-84.5445,-20.6389,-52.5917,0.0000,0.0000,183.076,-3.535,-0.648,91.858,0.0547,-0.0181,0.9893,
70.863,ENC,-84.5462,-20.6389,-52.5925,-0.0852,0.0000,183.081,-3.535,-0.648,91.858,0.0547,-0.0181,0.9893,
70.868,IMU,-84.5462,-20.6389,-52.5925,-0.0852,0.0000,183.081,-3.475,-0.675,91.849,0.0601,-0.0269,0.9990,
70.883,ENC,-84.5462,-20.6389,-52.5925,0.0000,0.0000,183.081,-3.475,-0.675,91.849,0.0601,-0.0269,0.9990,
70.888,IMU,-84.5462,-20.6389,-52.5925,0.0000,0.0000,183.081,-3.465,-0.662,91.824,0.0498,-0.0171,0.9966,
70.903,ENC,-84.5462,-20.6389,-52.5925,0.0000,0.0000,183.081,-3.465,-0.662,91.824,0.0498,-0.0171,0.9966,
70.907,IMU,-84.5462,-20.6389,-52.5925,0.0000,0.0000,183.081,-3.443,-0.664,91.819,0.0547,-0.0161,0.9858,
70.923,ENC,-84.5462,-20.6389,-52.5925,0.0000,0.0000,183.081,-3.443,-0.664,91.819,0.0547,-0.0161,0.9858,
70.929,IMU,-84.5462,-20.6389,-52.5925,0.0000,0.0000,183.081,-3.472,-0.675,91.855,0.0620,-0.0127,1.0049,
70.943,ENC,-84.5445,-20.6389,-52.5917,0.0852,0.0000,183.076,-3.472,-0.675,91.855,0.0620,-0.0127,1.0049,
70.949,IMU,-84.5445,-20.6389,-52.5917,0.0852,0.0000,183.076,-3.435,-0.705,91.848,0.0649,-0.0166,1.0039,
70.963,ENC,-84.5462,-20.6389,-52.5925,-0.0852,0.0000,183.081,-3.435,-0.705,91.848,0.0649,-0.0166,1.0039,
70.968,IMU,-84.5462,-20.6389,-52.5925,-0.0852,0.0000,183.081,-3.422,-0.724,91.780,0.0479,-0.0200,1.0024,
70.983,ENC,-84.5462,-20.6389,-52.5925,0.0000,0.0000,183.081,-3.422,-0.724,91.780,0.0479,-0.0200,1.0024,
70.988,IMU,-84.5462,-20.6389,-52.5925,0.0000,0.0000,183.081,-3.423,-0.725,91.792,0.0469,-0.0215,0.9990,
71.004,ENC,-84.5445,-20.6389,-52.5917,0.0852,0.0000,183.076,-3.423,-0.725,91.792,0.0469,-0.0215,0.9990,
71.008,IMU,-84.5445,-20.6389,-52.5917,0.0852,0.0000,183.076,-3.454,-0.727,91.791,0.0522,-0.0093,1.0000,
71.023,ENC,-84.5462,-20.6406,-52.5934,-0.0852,-0.0852,183.076,-3.454,-0.727,91.791,0.0522,-0.0093,1.0000,
71.031,IMU,-84.5462,-20.6406,-52.5934,-0.0852,-0.0852,183.076,-3.485,-0.705,91.780,0.0493,-0.0107,0.9995,
71.043,ENC,-84.5462,-20.6389,-52.5925,0.0000,0.0852,183.081,-3.485,-0.705,91.780,0.0493,-0.0107,0.9995,
71.050,IMU,-84.5462,-20.6389,-52.5925,0.0000,0.0852,183.081,-3.532,-0.706,91.808,0.0640,-0.0068,0.9976,
71.063,ENC,-84.5462,-20.6389,-52.5925,0.0000,0.0000,183.081,-3.532,-0.706,91.808,0.0640,-0.0068,0.9976,
71.068,IMU,-84.5462,-20.6389,-52.5925,0.0000,0.0000,183.081,-3.551,-0.719,91.818,0.0483,-0.0137,0.9956,
71.083,ENC,-84.5462,-20.6389,-52.5925,0.0000,0.0000,183.081,-3.551,-0.719,91.818,0.0483,-0.0137,0.9956,
71.088,IMU,-84.5462,-20.6389,-52.5925,0.0000,0.0000,183.081,-3.514,-0.718,91.829,0.0605,-0.0205,1.0015,
71.103,ENC,-84.5462,-20.6406,-52.5934,0.0000,-0.0852,183.076,-3.514,-0.718,91.829,0.0605,-0.0205,1.0015,
71.108,IMU,-84.5462,-20.6406,-52.5934,0.0000,-0.0852,183.076,-3.489,-0.741,91.848,0.0557,-0.0200,0.9995,
71.123,ENC,-84.5445,-20.6389,-52.5917,0.0852,0.0852,183.076,-3.489,-0.741,91.848,0.0557,-0.0200,0.9995,
71.128,IMU,-84.5445,-20.6389,-52.5917,0.0852,0.0852,183.076,-3.485,-0.736,91.803,0.0664,-0.0156,1.0029,
71.144,ENC,-84.5445,-20.6389,-52.5917,0.0000,0.0000,183.076,-3.485,-0.736,91.803,0.0664,-0.0156,1.0029,
71.151,IMU,-84.5445,-20.6389,-52.5917,0.0000,0.0000,183.076,-3.453,-0.749,91.812,0.0479,-0.0181,0.9976,
71.163,ENC,-84.5462,-20.6389,-52.5925,-0.0852,0.0000,183.081,-3.453,-0.749,91.812,0.0479,-0.0181,0.9976,
71.168,IMU,-84.5462,-20.6389,-52.5925,-0.0852,0.0000,183.081,-3.465,-0.790,91.823,0.0679,-0.0278,0.9927,
71.183,ENC,-84.5462,-20.6389,-52.5925,0.0000,0.0000,183.081,-3.465,-0.790,91.823,0.0679,-0.0278,0.9927,
71.189,IMU,-84.5462,-20.6389,-52.5925,0.0000,0.0000,183.081,-3.449,-0.812,91.813,0.0493,-0.0181,0.9995,
71.203,ENC,-84.5445,-20.6389,-52.5917,0.0852,0.0000,183.076,-3.449,-0.812,91.813,0.0493,-0.0181,0.9995,
71.207,IMU,-84.5445,-20.6389,-52.5917,0.0852,0.0000,183.076,-3.436,-0.801,91.823,0.0591,-0.0117,0.9946,
71.223,ENC,-84.5462,-20.6389,-52.5925,-0.0852,0.0000,183.081,-3.436,-0.801,91.823,0.0591,-0.0117,0.9946,
71.228,IMU,-84.5462,-20.6389,-52.5925,-0.0852,0.0000,183.081,-3.435,-0.818,91.818,0.0522,-0.0151,0.9941,
71.243,ENC,-84.5445,-20.6389,-52.5917,0.0852,0.0000,183.076,-3.435,-0.818,91.818,0.0522,-0.0151,0.9941,
71.247,IMU,-84.5445,-20.6389,-52.5917,0.0852,0.0000,183.076,-3.445,-0.785,91.826,0.0566,-0.0171,0.9912,
71.263,ENC,-84.5462,-20.6389,-52.5925,-0.0852,0.0000,183.081,-3.445,-0.785,91.826,0.0566,-0.0171,0.9912,
71.268,IMU,-84.5462,-20.6389,-52.5925,-0.0852,0.0000,183.081,-3.424,-0.783,91.794,0.0547,-0.0054,1.0044,
71.283,ENC,-84.5445,-20.6389,-52.5917,0.0852,0.0000,183.076,-3.424,-0.783,91.794,0.0547,-0.0054,1.0044,
71.288,IMU,-84.5445,-20.6389,-52.5917,0.0852,0.0000,183.076,-3.401,-0.804,91.782,0.0527,-0.0205,0.9990,
71.303,ENC,-84.5462,-20.6389,-52.5925,-0.0852,0.0000,183.081,-3.401,-0.804,91.782,0.0527,-0.0205,0.9990,
71.308,IMU,-84.5462,-20.6389,-52.5925,-0.0852,0.0000,183.081,-3.422,-0.794,91.800,0.0615,-0.0200,0.9976,
71.323,ENC,-84.5462,-20.6389,-52.5925,0.0000,0.0000,183.081,-3.422,-0.794,91.800,0.0615,-0.0200,0.9976,
71.328,IMU,-84.5462,-20.6389,-52.5925,0.0000,0.0000,183.081,-3.384,-0.828,91.745,0.0591,-0.0234,0.9951,
71.343,ENC,-84.5462,-20.6389,-52.5925,0.0000,0.0000,183.081,-3.384,-0.828,91.745,0.0591,-0.0234,0.9951,
71.348,IMU,-84.5462,-20.6389,-52.5925,0.0000,0.0000,183.081,-3.333,-0.869,91.752,0.0571,-0.0166,0.9932,
71.363,ENC,-84.5462,-20.6406,-52.5934,0.0000,-0.0852,183.076,-3.333,-0.869,91.752,0.0571,-0.0166,0.9932,
71.368,IMU,-84.5462,-20.6406,-52.5934,0.0000,-0.0852,183.076,-3.314,-0.880,91.762,0.0522,-0.0264,0.9961,
71.383,ENC,-84.5462,-20.6389,-52.5925,0.0000,0.0852,183.081,-3.314,-0.880,91.762,0.0522,-0.0264,0.9961,
71.388,IMU,-84.5462,-20.6389,-52.5925,0.0000,0.0852,183.081,-3.251,-0.889,91.735,0.0625,-0.0225,0.9932,
71.403,ENC,-84.5445,-20.6389,-52.5917,0.0852,0.0000,183.076,-3.251,-0.889,91.735,0.0625,-0.0225,0.9932,
71.408,IMU,-84.5445,-20.6389,-52.5917,0.0852,0.0000,183.076,-3.244,-0.907,91.719,0.0503,-0.0264,0.9937,
71.423,ENC,-84.5445,-20.6389,-52.5917,0.0000,0.0000,183.076,-3.244,-0.907,91.719,0.0503,-0.0264,0.9937,
71.428,IMU,-84.5445,-20.6389,-52.5917,0.0000,0.0000,183.076,-3.234,-0.928,91.729,0.0610,-0.0200,1.0068,
71.443,ENC,-84.5462,-20.6389,-52.5925,-0.0852,0.0000,183.081,-3.234,-0.928,91.729,0.0610,-0.0200,1.0068,
71.448,IMU,-84.5462,-20.6389,-52.5925,-0.0852,0.0000,183.081,-3.233,-0.950,91.665,0.0576,-0.0142,1.0024,
71.463,ENC,-84.5462,-20.6389,-52.5925,0.0000,0.0000,183.081,-3.233,-0.950,91.665,0.0576,-0.0142,1.0024,
71.468,IMU,-84.5462,-20.6389,-52.5925,0.0000,0.0000,183.081,-3.224,-0.956,91.672,0.0449,-0.0205,0.9966,
71.483,ENC,-84.5462,-20.6406,-52.5934,0.0000,-0.0852,183.076,-3.224,-0.956,91.672,0.0449,-0.0205,0.9966,
71.490,IMU,-84.5462,-20.6406,-52.5934,0.0000,-0.0852,183.076,-3.243,-0.971,91.718,0.0488,-0.0273,0.9917,
71.503,ENC,-84.5462,-20.6389,-52.5925,0.0000,0.0852,183.081,-3.243,-0.971,91.718,0.0488,-0.0273,0.9917,
71.508,IMU,-84.5462,-20.6389,-52.5925,0.0000,0.0852,183.081,-3.254,-0.979,91.692,0.0630,-0.0083,1.0000,
71.523,ENC,-84.5462,-20.6389,-52.5925,0.0000,0.0000,183.081,-3.254,-0.979,91.692,0.0630,-0.0083,1.0000,
71.528,IMU,-84.5462,-20.6389,-52.5925,0.0000,0.0000,183.081,-3.239,-0.966,91.647,0.0513,-0.0088,0.9941,
71.543,ENC,-84.5445,-20.6406,-52.5925,0.0852,-0.0852,183.071,-3.239,-0.966,91.647,0.0513,-0.0088,0.9941,
71.548,IMU,-84.5445,-20.6406,-52.5925,0.0852,-0.0852,183.071,-3.204,-0.994,91.654,0.0596,-0.0195,0.9985,
71.563,ENC,-84.5445,-20.6389,-52.5917,0.0000,0.0852,183.076,-3.204,-0.994,91.654,0.0596,-0.0195,0.9985,
71.568,IMU,-84.5445,-20.6389,-52.5917,0.0000,0.0852,183.076,-3.235,-0.964,91.656,0.0493,-0.0127,1.0059,
71.583,ENC,-84.5445,-20.6389,-52.5917,0.0000,0.0000,183.076,-3.235,-0.964,91.656,0.0493,-0.0127,1.0059,
71.590,IMU,-84.5445,-20.6389,-52.5917,0.0000,0.0000,183.076,-3.225,-0.997,91.590,0.0557,-0.0039,1.0049,
71.603,ENC,-84.5462,-20.6389,-52.5925,-0.0852,0.0000,183.081,-3.225,-0.997,91.590,0.0557,-0.0039,1.0049,
71.609,IMU,-84.5462,-20.6389,-52.5925,-0.0852,0.0000,183.081,-3.266,-1.054,91.586,0.0562,-0.0205,0.9961,
71.623,ENC,-84.5462,-20.6389,-52.5925,0.0000,0.0000,183.081,-3.266,-1.054,91.586,0.0562,-0.0205,0.9961,
71.630,IMU,-84.5462,-20.6389,-52.5925,0.0000,0.0000,183.081,-3.253,-1.074,91.571,0.0449,-0.0195,0.9980,
71.644,ENC,-84.5462,-20.6389,-52.5925,0.0000,0.0000,183.081,-3.253,-1.074,91.571,0.0449,-0.0195,0.9980,
71.648,IMU,-84.5462,-20.6389,-52.5925,0.0000,0.0000,183.081,-3.261,-1.080,91.548,0.0635,-0.0122,0.9961,
71.663,ENC,-84.5462,-20.6389,-52.5925,0.0000,0.0000,183.081,-3.261,-1.080,91.548,0.0635,-0.0122,0.9961,
71.668,IMU,-84.5462,-20.6389,-52.5925,0.0000,0.0000,183.081,-3.260,-1.101,91.561,0.0571,-0.0093,0.9927,
71.683,ENC,-84.5462,-20.6389,-52.5925,0.0000,0.0000,183.081,-3.260,-1.101,91.561,0.0571,-0.0093,0.9927,
71.688,IMU,-84.5462,-20.6389,-52.5925,0.0000,0.0000,183.081,-3.249,-1.114,91.565,0.0537,-0.0308,0.9878,
71.703,ENC,-84.5462,-20.6406,-52.5934,0.0000,-0.0852,183.076,-3.249,-1.114,91.565,0.0537,-0.0308,0.9878,
71.708,IMU,-84.5462,-20.6406,-52.5934,0.0000,-0.0852,183.076,-3.280,-1.109,91.595,0.0542,-0.0093,0.9849,
71.723,ENC,-84.5462,-20.6389,-52.5925,0.0000,0.0852,183.081,-3.280,-1.109,91.595,0.0542,-0.0093,0.9849,
71.728,IMU,-84.5462,-20.6389,-52.5925,0.0000,0.0852,183.081,-3.288,-1.122,91.604,0.0596,-0.0176,1.0093,
71.743,ENC,-84.5462,-20.6389,-52.5925,0.0000,0.0000,183.081,-3.288,-1.122,91.604,0.0596,-0.0176,1.0093,
71.749,IMU,-84.5462,-20.6389,-52.5925,0.0000,0.0000,183.081,-3.276,-1.152,91.585,0.0518,-0.0195,0.9995,
71.764,ENC,-84.5462,-20.6389,-52.5925,0.0000,0.0000,183.081,-3.276,-1.152,91.585,0.0518,-0.0195,0.9995,
71.768,IMU,-84.5462,-20.6389,-52.5925,0.0000,0.0000,183.081,-3.255,-1.177,91.576,0.0610,-0.0146,0.9780,
71.783,ENC,-84.5445,-20.6389,-52.5917,0.0852,0.0000,183.076,-3.255,-1.177,91.576,0.0610,-0.0146,0.9780,
71.788,IMU,-84.5445,-20.6389,-52.5917,0.0852,0.0000,183.076,-3.285,-1.144,91.600,0.0508,-0.0156,0.9966,
71.803,ENC,-84.5462,-20.6389,-52.5925,-0.0852,0.0000,183.081,-3.285,-1.144,91.600,0.0508,-0.0156,0.9966,
71.809,IMU,-84.5462,-20.6389,-52.5925,-0.0852,0.0000,183.081,-3.313,-1.165,91.603,0.0542,-0.0293,0.9995,
71.823,ENC,-84.5462,-20.6389,-52.5925,0.0000,0.0000,183.081,-3.313,-1.165,91.603,0.0542,-0.0293,0.9995,
71.828,IMU,-84.5462,-20.6389,-52.5925,0.0000,0.0000,183.081,-3.320,-1.135,91.612,0.0601,-0.0151,0.9873,
71.843,ENC,-84.5445,-20.6389,-52.5917,0.0852,0.0000,183.076,-3.320,-1.135,91.612,0.0601,-0.0151,0.9873,
71.850,IMU,-84.5445,-20.6389,-52.5917,0.0852,0.0000,183.076,-3.370,-1.143,91.624,0.0557,-0.0171,0.9971,
71.863,ENC,-84.5462,-20.6406,-52.5934,-0.0852,-0.0852,183.076,-3.370,-1.143,91.624,0.0557,-0.0171,0.9971,
71.868,IMU,-84.5462,-20.6406,-52.5934,-0.0852,-0.0852,183.076,-3.396,-1.170,91.601,0.0479,-0.0151,0.9976,
71.883,ENC,-84.5462,-20.6389,-52.5925,0.0000,0.0852,183.081,-3.396,-1.170,91.601,0.0479,-0.0151,0.9976,
71.888,IMU,-84.5462,-20.6389,-52.5925,0.0000,0.0852,183.081,-3.387,-1.205,91.578,0.0474,-0.0073,1.0005,
71.903,ENC,-84.5462,-20.6389,-52.5925,0.0000,0.0000,183.081,-3.387,-1.205,91.578,0.0474,-0.0073,1.0005,
71.908,IMU,-84.5462,-20.6389,-52.5925,0.0000,0.0000,183.081,-3.370,-1.184,91.583,0.0522,-0.0073,1.0015,
71.923,ENC,-84.5462,-20.6389,-52.5925,0.0000,0.0000,183.081,-3.370,-1.184,91.583,0.0522,-0.0073,1.0015,
71.928,IMU,-84.5462,-20.6389,-52.5925,0.0000,0.0000,183.081,-3.373,-1.133,91.569,0.0542,-0.0093,1.0020,
71.943,ENC,-84.5462,-20.6406,-52.5934,0.0000,-0.0852,183.076,-3.373,-1.133,91.569,0.0542,-0.0093,1.0020,
71.948,IMU,-84.5462,-20.6406,-52.5934,0.0000,-0.0852,183.076,-3.411,-1.153,91.574,0.0630,-0.0142,0.9990,
71.963,ENC,-84.5462,-20.6406,-52.5934,0.0000,0.0000,183.076,-3.411,-1.153,91.574,0.0630,-0.0142,0.9990,
71.967,IMU,-84.5462,-20.6406,-52.5934,0.0000,0.0000,183.076,-3.416,-1.146,91.594,0.0659,-0.0171,1.0000,
71.984,ENC,-84.5462,-20.6389,-52.5925,0.0000,0.0852,183.081,-3.416,-1.146,91.594,0.0659,-0.0171,1.0000,
71.988,IMU,-84.5462,-20.6389,-52.5925,0.0000,0.0852,183.081,-3.414,-1.155,91.564,0.0630,-0.0088,1.0083,
72.003,ENC,-84.5445,-20.6389,-52.5917,0.0852,0.0000,183.076,-3.414,-1.155,91.564,0.0630,-0.0088,1.0083,
72.008,IMU,-84.5445,-20.6389,-52.5917,0.0852,0.0000,183.076,-3.390,-1.176,91.577,0.0518,-0.0156,0.9971,
72.029,IMU,-84.5445,-20.6389,-52.5917,0.0852,0.0000,183.076,-3.384,-1.172,91.559,0.0498,-0.0161,1.0083,
72.039,ENC,-84.5445,-20.6389,-52.5917,0.0000,0.0000,183.076,-3.384,-1.172,91.559,0.0498,-0.0161,1.0083,
72.043,ENC,-84.5462,-20.6389,-52.5925,-0.0852,0.0000,183.081,-3.384,-1.172,91.559,0.0498,-0.0161,1.0083,
72.048,IMU,-84.5462,-20.6389,-52.5925,-0.0852,0.0000,183.081,-3.418,-1.147,91.548,0.0581,-0.0186,0.9976,
72.063,ENC,-84.5445,-20.6389,-52.5917,0.0852,0.0000,183.076,-3.418,-1.147,91.548,0.0581,-0.0186,0.9976,
72.068,IMU,-84.5445,-20.6389,-52.5917,0.0852,0.0000,183.076,-3.407,-1.117,91.569,0.0610,-0.0054,0.9932,
72.083,ENC,-84.5462,-20.6389,-52.5925,-0.0852,0.0000,183.081,-3.407,-1.117,91.569,0.0610,-0.0054,0.9932,
72.088,IMU,-84.5462,-20.6389,-52.5925,-0.0852,0.0000,183.081,-3.443,-1.156,91.593,0.0698,-0.0195,0.9956,
72.103,ENC,-84.5462,-20.6389,-52.5925,0.0000,0.0000,183.081,-3.443,-1.156,91.593,0.0698,-0.0195,0.9956,
72.108,IMU,-84.5462,-20.6389,-52.5925,0.0000,0.0000,183.081,-3.444,-1.163,91.584,0.0664,-0.0107,0.9824,
72.124,ENC,-84.5462,-20.6389,-52.5925,0.0000,0.0000,183.081,-3.444,-1.163,91.584,0.0664,-0.0107,0.9824,
72.128,IMU,-84.5462,-20.6389,-52.5925,0.0000,0.0000,183.081,-3.474,-1.152,91.613,0.0552,-0.0210,0.9912,
72.143,ENC,-84.5462,-20.6389,-52.5925,0.0000,0.0000,183.081,-3.474,-1.152,91.613,0.0552,-0.0210,0.9912,
72.148,IMU,-84.5462,-20.6389,-52.5925,0.0000,0.0000,183.081,-3.511,-1.161,91.652,0.0591,-0.0142,0.9971,
72.163,ENC,-84.5462,-20.6389,-52.5925,0.0000,0.0000,183.081,-3.511,-1.161,91.652,0.0591,-0.0142,0.9971,
72.168,IMU,-84.5462,-20.6389,-52.5925,0.0000,0.0000,183.081,-3.524,-1.145,91.678,0.0488,-0.0200,0.9966,
72.183,ENC,-84.5462,-20.6389,-52.5925,0.0000,0.0000,183.081,-3.524,-1.145,91.678,0.0488,-0.0200,0.9966,
72.188,IMU,-84.5462,-20.6389,-52.5925,0.0000,0.0000,183.081,-3.523,-1.143,91.694,0.0566,-0.0063,0.9844,
72.203,ENC,-84.5462,-20.6389,-52.5925,0.0000,0.0000,183.081,-3.523,-1.143,91.694,0.0566,-0.0063,0.9844,
72.208,IMU,-84.5462,-20.6389,-52.5925,0.0000,0.0000,183.081,-3.515,-1.184,91.724,0.0625,-0.0225,0.9946,
72.223,ENC,-84.5462,-20.6389,-52.5925,0.0000,0.0000,183.081,-3.515,-1.184,91.724,0.0625,-0.0225,0.9946,
72.228,IMU,-84.5462,-20.6389,-52.5925,0.0000,0.0000,183.081,-3.512,-1.194,91.740,0.0620,-0.0259,0.9980,
72.243,ENC,-84.5462,-20.6389,-52.5925,0.0000,0.0000,183.081,-3.512,-1.194,91.740,0.0620,-0.0259,0.9980,
72.247,IMU,-84.5462,-20.6389,-52.5925,0.0000,0.0000,183.081,-3.536,-1.173,91.752,0.0586,-0.0088,0.9883,
72.263,ENC,-84.5462,-20.6389,-52.5925,0.0000,0.0000,183.081,-3.536,-1.173,91.752,0.0586,-0.0088,0.9883,
72.268,IMU,-84.5462,-20.6389,-52.5925,0.0000,0.0000,183.081,-3.500,-1.166,91.736,0.0679,-0.0156,0.9927,
72.283,ENC,-84.5462,-20.6389,-52.5925,0.0000,0.0000,183.081,-3.500,-1.166,91.736,0.0679,-0.0156,0.9927,
72.288,IMU,-84.5462,-20.6389,-52.5925,0.0000,0.0000,183.081,-3.470,-1.147,91.728,0.0498,-0.0137,0.9873,
72.303,ENC,-84.5462,-20.6389,-52.5925,0.0000,0.0000,183.081,-3.470,-1.147,91.728,0.0498,-0.0137,0.9873,
72.309,IMU,-84.5462,-20.6389,-52.5925,0.0000,0.0000,183.081,-3.506,-1.147,91.750,0.0610,-0.0107,1.0073,
72.323,ENC,-84.5462,-20.6389,-52.5925,0.0000,0.0000,183.081,-3.506,-1.147,91.750,0.0610,-0.0107,1.0073,
72.328,IMU,-84.5462,-20.6389,-52.5925,0.0000,0.0000,183.081,-3.484,-1.116,91.742,0.0591,-0.0220,1.0039,
72.343,ENC,-84.5462,-20.6389,-52.5925,0.0000,0.0000,183.081,-3.484,-1.116,91.742,0.0591,-0.0220,1.0039,
72.348,IMU,-84.5462,-20.6389,-52.5925,0.0000,0.0000,183.081,-3.484,-1.138,91.785,0.0474,-0.0166,0.9858,
72.364,ENC,-84.5462,-20.6389,-52.5925,0.0000,0.0000,183.081,-3.484,-1.138,91.785,0.0474,-0.0166,0.9858,
72.368,IMU,-84.5462,-20.6389,-52.5925,0.0000,0.0000,183.081,-3.496,-1.090,91.844,0.0571,-0.0146,0.9897,
72.383,ENC,-84.5445,-20.6389,-52.5917,0.0852,0.0000,183.076,-3.496,-1.090,91.844,0.0571,-0.0146,0.9897,
72.388,IMU,-84.5445,-20.6389,-52.5917,0.0852,0.0000,183.076,-3.493,-1.085,91.894,0.0581,-0.0083,0.9888,
72.403,ENC,-84.5462,-20.6389,-52.5925,-0.0852,0.0000,183.081,-3.493,-1.085,91.894,0.0581,-0.0083,0.9888,
72.409,IMU,-84.5462,-20.6389,-52.5925,-0.0852,0.0000,183.081,-3.484,-1.083,91.886,0.0542,-0.0020,0.9985,
72.423,ENC,-84.5445,-20.6389,-52.5917,0.0852,0.0000,183.076,-3.484,-1.083,91.886,0.0542,-0.0020,0.9985,
72.428,IMU,-84.5445,-20.6389,-52.5917,0.0852,0.0000,183.076,-3.490,-1.077,91.907,0.0435,-0.0103,0.9937,
72.443,ENC,-84.5462,-20.6406,-52.5934,-0.0852,-0.0852,183.076,-3.490,-1.077,91.907,0.0435,-0.0103,0.9937,
72.448,IMU,-84.5462,-20.6406,-52.5934,-0.0852,-0.0852,183.076,-3.546,-1.028,91.877,0.0815,-0.0078,0.9873,
72.463,ENC,-84.5462,-20.6457,-52.5959,0.0000,-0.2557,183.062,-3.546,-1.028,91.877,0.0815,-0.0078,0.9873,
72.468,IMU,-84.5462,-20.6457,-52.5959,0.0000,-0.2557,183.062,-3.536,-1.001,91.866,0.0654,0.0093,0.9800,
72.483,ENC,-84.5462,-20.6525,-52.5993,0.0000,-0.3409,183.042,-3.536,-1.001,91.866,0.0654,0.0093,0.9800,
72.489,IMU,-84.5462,-20.6525,-52.5993,0.0000,-0.3409,183.042,-3.491,-1.069,91.884,0.0122,-0.0386,1.0142,
72.503,ENC,-84.5479,-20.6576,-52.6028,-0.0852,-0.2557,183.032,-3.491,-1.069,91.884,0.0122,-0.0386,1.0142,
72.508,IMU,-84.5479,-20.6576,-52.6028,-0.0852,-0.2557,183.032,-3.506,-1.049,91.887,0.0649,-0.0449,0.9912,
72.523,ENC,-84.5496,-20.6678,-52.6087,-0.0852,-0.5113,183.008,-3.506,-1.049,91.887,0.0649,-0.0449,0.9912,
72.528,IMU,-84.5496,-20.6678,-52.6087,-0.0852,-0.5113,183.008,-3.543,-0.986,91.893,0.0806,0.0000,0.9980,
72.543,ENC,-84.5496,-20.6764,-52.6130,0.0000,-0.4261,182.983,-3.543,-0.986,91.893,0.0806,0.0000,0.9980,
72.548,IMU,-84.5496,-20.6764,-52.6130,0.0000,-0.4261,182.983,-3.585,-0.985,91.917,0.0298,-0.0112,1.0044,
72.567,ENC,-84.5496,-20.6815,-52.6155,0.0000,-0.2557,182.969,-3.585,-0.985,91.917,0.0298,-0.0112,1.0044,
72.569,IMU,-84.5496,-20.6815,-52.6155,0.0000,-0.2557,182.969,-3.563,-0.944,91.882,0.0596,-0.0024,0.9868,
72.583,ENC,-84.5496,-20.6849,-52.6172,0.0000,-0.1704,182.959,-3.563,-0.944,91.882,0.0596,-0.0024,0.9868,
72.588,IMU,-84.5496,-20.6849,-52.6172,0.0000,-0.1704,182.959,-3.580,-0.967,91.836,0.0771,-0.0039,0.9854,
72.603,ENC,-84.5513,-20.6900,-52.6207,-0.0852,-0.2557,182.949,-3.580,-0.967,91.836,0.0771,-0.0039,0.9854,
72.608,IMU,-84.5513,-20.6900,-52.6207,-0.0852,-0.2557,182.949,-3.558,-0.971,91.798,0.0391,-0.0171,1.0127,
72.623,ENC,-84.5513,-20.6934,-52.6224,0.0000,-0.1704,182.939,-3.558,-0.971,91.798,0.0391,-0.0171,1.0127,
72.628,IMU,-84.5513,-20.6934,-52.6224,0.0000,-0.1704,182.939,-3.508,-1.006,91.772,0.0381,-0.0532,0.9922,
72.643,ENC,-84.5513,-20.6934,-52.6224,0.0000,0.0000,182.939,-3.508,-1.006,91.772,0.0381,-0.0532,0.9922,
72.649,IMU,-84.5513,-20.6934,-52.6224,0.0000,0.0000,182.939,-3.535,-1.021,91.784,0.0747,-0.0322,1.0078,
72.663,ENC,-84.5513,-20.6934,-52.6224,0.0000,0.0000,182.939,-3.535,-1.021,91.784,0.0747,-0.0322,1.0078,
72.669,IMU,-84.5513,-20.6934,-52.6224,0.0000,0.0000,182.939,-3.556,-0.991,91.777,0.0757,-0.0029,0.9951,
72.683,ENC,-84.5513,-20.6934,-52.6224,0.0000,0.0000,182.939,-3.556,-0.991,91.777,0.0757,-0.0029,0.9951,
72.690,IMU,-84.5513,-20.6934,-52.6224,0.0000,0.0000,182.939,-3.527,-1.000,91.748,0.0464,-0.0010,0.9849,
72.703,ENC,-84.5513,-20.6934,-52.6224,0.0000,0.0000,182.939,-3.527,-1.000,91.748,0.0464,-0.0010,0.9849,
72.708,IMU,-84.5513,-20.6934,-52.6224,0.0000,0.0000,182.939,-3.488,-1.007,91.718,0.0522,-0.0059,0.9849,
72.723,ENC,-84.5513,-20.6951,-52.6232,0.0000,-0.0852,182.935,-3.488,-1.007,91.718,0.0522,-0.0059,0.9849,
72.728,IMU,-84.5513,-20.6951,-52.6232,0.0000,-0.0852,182.935,-3.488,-1.001,91.711,0.0728,-0.0039,1.0024,
72.743,ENC,-84.5496,-20.7053,-52.6275,0.0852,-0.5113,182.900,-3.488,-1.001,91.711,0.0728,-0.0039,1.0024,
72.748,IMU,-84.5496,-20.7053,-52.6275,0.0852,-0.5113,182.900,-3.463,-0.943,91.680,0.0806,-0.0010,1.0112,
72.763,ENC,-84.5479,-20.7479,-52.6479,0.0852,-2.1305,182.773,-3.463,-0.943,91.680,0.0806,-0.0010,1.0112,
72.775,IMU,-84.5479,-20.7479,-52.6479,0.0852,-2.1305,182.773,-3.533,-0.948,91.579,0.0610,0.0151,0.9492,
72.783,ENC,-84.5479,-20.7957,-52.6718,0.0000,-2.3862,182.637,-3.533,-0.948,91.579,0.0610,0.0151,0.9492,
72.788,IMU,-84.5479,-20.7957,-52.6718,0.0000,-2.3862,182.637,-3.493,-0.873,91.484,0.0542,0.0317,0.9624,
72.803,ENC,-84.5479,-20.8587,-52.7033,0.0000,-3.1532,182.456,-3.493,-0.873,91.484,0.0542,0.0317,0.9624,
72.808,IMU,-84.5479,-20.8587,-52.7033,0.0000,-3.1532,182.456,-3.524,-0.843,91.349,0.0605,0.0225,0.9785,
72.826,ENC,-84.5496,-20.9269,-52.7383,-0.0852,-3.4088,182.266,-3.524,-0.843,91.349,0.0605,0.0225,0.9785,
72.832,IMU,-84.5496,-20.9269,-52.7383,-0.0852,-3.4088,182.266,-3.498,-0.868,91.265,0.0356,-0.0078,0.9961,
72.850,IMU,-84.5496,-20.9269,-52.7383,-0.0852,-3.4088,182.266,-3.489,-0.817,91.164,0.0576,0.0034,0.9214,
72.850,ENC,-84.5445,-20.9951,-52.7698,0.2557,-3.4088,182.056,-3.489,-0.817,91.164,0.0576,0.0034,0.9214,
72.863,ENC,-84.5343,-21.0633,-52.7988,0.5113,-3.4088,181.831,-3.489,-0.817,91.164,0.0576,0.0034,0.9214,
72.868,IMU,-84.5343,-21.0633,-52.7988,0.5113,-3.4088,181.831,-3.394,-0.832,90.989,0.0352,-0.0332,0.9746,
72.883,ENC,-84.5292,-21.1314,-52.8303,0.2557,-3.4088,181.621,-3.394,-0.832,90.989,0.0352,-0.0332,0.9746,
72.888,IMU,-84.5292,-21.1314,-52.8303,0.2557,-3.4088,181.621,-3.384,-0.771,90.907,0.0479,0.0210,1.0024,
72.903,ENC,-84.5258,-21.1996,-52.8627,0.1704,-3.4088,181.416,-3.384,-0.771,90.907,0.0479,0.0210,1.0024,
72.908,IMU,-84.5258,-21.1996,-52.8627,0.1704,-3.4088,181.416,-3.406,-0.732,90.747,0.0786,0.0146,0.9727,
72.923,ENC,-84.5258,-21.2695,-52.8976,0.0000,-3.4941,181.216,-3.406,-0.732,90.747,0.0786,0.0146,0.9727,
72.928,IMU,-84.5258,-21.2695,-52.8976,0.0000,-3.4941,181.216,-3.369,-0.738,90.660,0.0498,-0.0146,1.0117,
72.944,ENC,-84.5258,-21.3445,-52.9351,0.0000,-3.7497,181.001,-3.369,-0.738,90.660,0.0498,-0.0146,1.0117,
72.948,IMU,-84.5258,-21.3445,-52.9351,0.0000,-3.7497,181.001,-3.484,-0.707,90.582,0.1167,0.0132,0.9980,
72.963,ENC,-84.5258,-21.4229,-52.9743,0.0000,-3.9202,180.776,-3.484,-0.707,90.582,0.1167,0.0132,0.9980,
72.968,IMU,-84.5258,-21.4229,-52.9743,0.0000,-3.9202,180.776,-3.440,-0.714,90.434,0.0410,-0.0112,1.0425,
72.983,ENC,-84.5258,-21.5013,-53.0135,0.0000,-3.9202,180.552,-3.440,-0.714,90.434,0.0410,-0.0112,1.0425,
72.988,IMU,-84.5258,-21.5013,-53.0135,0.0000,-3.9202,180.552,-3.465,-0.694,90.345,0.0615,-0.0073,1.0137,
73.003,ENC,-84.5258,-21.5848,-53.0553,0.0000,-4.1758,180.312,-3.465,-0.694,90.345,0.0615,-0.0073,1.0137,
73.009,IMU,-84.5258,-21.5848,-53.0553,0.0000,-4.1758,180.312,-3.458,-0.669,90.234,0.0640,0.0015,0.9858,
73.023,ENC,-84.5258,-21.6683,-53.0970,0.0000,-4.1758,180.073,-3.458,-0.669,90.234,0.0640,0.0015,0.9858,
73.028,IMU,-84.5258,-21.6683,-53.0970,0.0000,-4.1758,180.073,-3.467,-0.650,90.156,0.0835,0.0132,0.9849,
73.043,ENC,-84.5275,-21.7553,-53.1414,-0.0852,-4.3463,179.829,-3.467,-0.650,90.156,0.0835,0.0132,0.9849,
73.048,IMU,-84.5275,-21.7553,-53.1414,-0.0852,-4.3463,179.829,-3.393,-0.678,90.055,0.0532,-0.0195,0.9858,
73.063,ENC,-84.5275,-21.8354,-53.1814,0.0000,-4.0054,179.600,-3.393,-0.678,90.055,0.0532,-0.0195,0.9858,
73.068,IMU,-84.5275,-21.8354,-53.1814,0.0000,-4.0054,179.600,-3.431,-0.692,89.947,0.0586,-0.0078,0.9863,
73.083,ENC,-84.5258,-21.9172,-53.2215,0.0852,-4.0906,179.360,-3.431,-0.692,89.947,0.0586,-0.0078,0.9863,
73.088,IMU,-84.5258,-21.9172,-53.2215,0.0852,-4.0906,179.360,-3.390,-0.672,89.859,0.0698,0.0005,0.9941,
73.103,ENC,-84.5258,-22.0007,-53.2632,0.0000,-4.1758,179.121,-3.390,-0.672,89.859,0.0698,0.0005,0.9941,
73.108,IMU,-84.5258,-22.0007,-53.2632,0.0000,-4.1758,179.121,-3.362,-0.711,89.780,0.0283,-0.0190,1.0000,
73.123,ENC,-84.5258,-22.0791,-53.3024,0.0000,-3.9202,178.896,-3.362,-0.711,89.780,0.0283,-0.0190,1.0000,
73.128,IMU,-84.5258,-22.0791,-53.3024,0.0000,-3.9202,178.896,-3.331,-0.742,89.630,0.0464,-0.0312,0.9849,
73.143,ENC,-84.5275,-22.1592,-53.3433,-0.0852,-4.0054,178.672,-3.331,-0.742,89.630,0.0464,-0.0312,0.9849,
73.149,IMU,-84.5275,-22.1592,-53.3433,-0.0852,-4.0054,178.672,-3.346,-0.773,89.527,0.0503,-0.0039,1.0005,
73.163,ENC,-84.5275,-22.2376,-53.3825,0.0000,-3.9202,178.447,-3.346,-0.773,89.527,0.0503,-0.0039,1.0005,
73.168,IMU,-84.5275,-22.2376,-53.3825,0.0000,-3.9202,178.447,-3.275,-0.798,89.372,0.0459,-0.0190,0.9678,
73.183,ENC,-84.5275,-22.3177,-53.4226,0.0000,-4.0054,178.218,-3.275,-0.798,89.372,0.0459,-0.0190,0.9678,
73.188,IMU,-84.5275,-22.3177,-53.4226,0.0000,-4.0054,178.218,-3.279,-0.782,89.306,0.0552,-0.0264,0.9692,
73.203,ENC,-84.5275,-22.3978,-53.4626,0.0000,-4.0054,177.988,-3.279,-0.782,89.306,0.0552,-0.0264,0.9692,
73.208,IMU,-84.5275,-22.3978,-53.4626,0.0000,-4.0054,177.988,-3.288,-0.832,89.157,0.0620,-0.0225,0.9517,
73.225,ENC,-84.5258,-22.4728,-53.4993,0.0852,-3.7497,177.769,-3.288,-0.832,89.157,0.0620,-0.0225,0.9517,
73.227,IMU,-84.5258,-22.4728,-53.4993,0.0852,-3.7497,177.769,-3.278,-0.828,89.042,0.0542,0.0015,0.9731,
73.243,ENC,-84.5172,-22.5359,-53.5266,0.4261,-3.1532,177.563,-3.278,-0.828,89.042,0.0542,0.0015,0.9731,
73.248,IMU,-84.5172,-22.5359,-53.5266,0.4261,-3.1532,177.563,-3.332,-0.979,88.965,0.0786,-0.0894,0.9458,
73.263,ENC,-84.4814,-22.5734,-53.5274,1.7896,-1.8749,177.354,-3.332,-0.979,88.965,0.0786,-0.0894,0.9458,
73.268,IMU,-84.4814,-22.5734,-53.5274,1.7896,-1.8749,177.354,-3.350,-1.192,88.837,0.0542,-0.1328,1.0679,
73.283,ENC,-84.4422,-22.6041,-53.5231,1.9601,-1.5340,177.153,-3.350,-1.192,88.837,0.0542,-0.1328,1.0679,
73.288,IMU,-84.4422,-22.6041,-53.5231,1.9601,-1.5340,177.153,-3.263,-1.325,88.597,-0.0317,-0.1724,1.0479,
73.303,ENC,-84.3962,-22.6194,-53.5078,2.3010,-0.7670,176.978,-3.263,-1.325,88.597,-0.0317,-0.1724,1.0479,
73.308,IMU,-84.3962,-22.6194,-53.5078,2.3010,-0.7670,176.978,-3.215,-1.393,88.477,-0.0083,-0.1274,0.9844,
73.323,ENC,-84.3383,-22.6245,-53.4814,2.8975,-0.2557,176.797,-3.215,-1.393,88.477,-0.0083,-0.1274,0.9844,
73.328,IMU,-84.3383,-22.6245,-53.4814,2.8975,-0.2557,176.797,-3.283,-1.507,88.319,0.0991,-0.1069,0.9453,
73.343,ENC,-84.2565,-22.6160,-53.4362,4.0906,0.4261,176.587,-3.283,-1.507,88.319,0.0991,-0.1069,0.9453,
73.349,IMU,-84.2565,-22.6160,-53.4362,4.0906,0.4261,176.587,-3.310,-1.635,88.138,0.0752,-0.1265,1.0298,
73.363,ENC,-84.1576,-22.6075,-53.3825,4.9428,0.4261,176.328,-3.310,-1.635,88.138,0.0752,-0.1265,1.0298,
73.368,IMU,-84.1576,-22.6075,-53.3825,4.9428,0.4261,176.328,-3.347,-1.691,87.878,0.0742,-0.0659,1.0386,
73.384,ENC,-84.0264,-22.6041,-53.3152,6.5620,0.1704,175.962,-3.347,-1.691,87.878,0.0742,-0.0659,1.0386,
73.389,IMU,-84.0264,-22.6041,-53.3152,6.5620,0.1704,175.962,-3.362,-1.812,87.609,0.1006,-0.0854,0.8965,
73.403,ENC,-83.8644,-22.5802,-53.2223,8.0960,1.1931,175.566,-3.362,-1.812,87.609,0.1006,-0.0854,0.8965,
73.409,IMU,-83.8644,-22.5802,-53.2223,8.0960,1.1931,175.566,-3.310,-1.928,87.276,0.0420,-0.1206,1.0293,
73.423,ENC,-83.6821,-22.5512,-53.1166,9.1187,1.4488,175.127,-3.310,-1.928,87.276,0.0420,-0.1206,1.0293,
73.428,IMU,-83.6821,-22.5512,-53.1166,9.1187,1.4488,175.127,-3.374,-1.945,86.929,0.0830,-0.0576,0.9839,
73.443,ENC,-83.4861,-22.5120,-52.9990,9.8004,1.9601,174.678,-3.374,-1.945,86.929,0.0830,-0.0576,0.9839,
73.448,IMU,-83.4861,-22.5120,-52.9990,9.8004,1.9601,174.678,-3.316,-2.024,86.578,-0.0269,-0.0532,1.0415,
73.463,ENC,-83.2832,-22.4745,-52.8789,10.1413,1.8749,174.204,-3.316,-2.024,86.578,-0.0269,-0.0532,1.0415,
73.468,IMU,-83.2832,-22.4745,-52.8789,10.1413,1.8749,174.204,-3.283,-2.023,86.242,0.0200,-0.0361,1.1270,
73.483,ENC,-83.0565,-22.4370,-52.7468,11.3344,1.8749,173.662,-3.283,-2.023,86.242,0.0200,-0.0361,1.1270,
73.489,IMU,-83.0565,-22.4370,-52.7468,11.3344,1.8749,173.662,-3.361,-2.126,85.890,0.1138,-0.0894,0.8960,
73.503,ENC,-82.7821,-22.4012,-52.5917,13.7206,1.7896,172.979,-3.361,-2.126,85.890,0.1138,-0.0894,0.8960,
73.511,IMU,-82.7821,-22.4012,-52.5917,13.7206,1.7896,172.979,-3.435,-2.228,85.520,0.1157,-0.1206,0.9575,
73.524,ENC,-82.4941,-22.3654,-52.4298,14.4024,1.7896,172.256,-3.435,-2.228,85.520,0.1157,-0.1206,0.9575,
73.528,IMU,-82.4941,-22.3654,-52.4298,14.4024,1.7896,172.256,-3.453,-2.289,85.081,0.0835,-0.0864,1.1357,
73.543,ENC,-82.2299,-22.3262,-52.2781,13.2093,1.9601,171.611,-3.453,-2.289,85.081,0.0835,-0.0864,1.1357,
73.550,IMU,-82.2299,-22.3262,-52.2781,13.2093,1.9601,171.611,-3.487,-2.367,84.662,0.0688,-0.1260,0.9663,
73.563,ENC,-81.9708,-22.2836,-52.1272,12.9536,2.1305,170.991,-3.487,-2.367,84.662,0.0688,-0.1260,0.9663,
73.569,IMU,-81.9708,-22.2836,-52.1272,12.9536,2.1305,170.991,-3.435,-2.437,84.281,0.0288,-0.0791,0.9570,
73.583,ENC,-81.7237,-22.2427,-51.9832,12.3571,2.0453,170.400,-3.435,-2.437,84.281,0.0288,-0.0791,0.9570,
73.592,IMU,-81.7237,-22.2427,-51.9832,12.3571,2.0453,170.400,-3.591,-2.413,83.963,0.1167,-0.0098,0.9429,
73.603,ENC,-81.4851,-22.2035,-51.8443,11.9310,1.9601,169.829,-3.591,-2.413,83.963,0.1167,-0.0098,0.9429,
73.608,IMU,-81.4851,-22.2035,-51.8443,11.9310,1.9601,169.829,-3.559,-2.436,83.545,0.0264,-0.0571,0.9902,
73.628,IMU,-81.4851,-22.2035,-51.8443,11.9310,1.9601,169.829,-3.550,-2.440,83.136,0.0449,-0.0117,0.8682,
73.633,ENC,-81.2584,-22.1643,-51.7113,11.3344,1.9601,169.292,-3.550,-2.440,83.136,0.0449,-0.0117,0.8682,
73.643,ENC,-81.0368,-22.1302,-51.5835,11.0788,1.7044,168.755,-3.550,-2.440,83.136,0.0449,-0.0117,0.8682,
73.648,IMU,-81.0368,-22.1302,-51.5835,11.0788,1.7044,168.755,-3.495,-2.364,82.791,-0.0396,0.0288,0.9805,
73.663,ENC,-80.8169,-22.0927,-51.4548,10.9935,1.8749,168.232,-3.495,-2.364,82.791,-0.0396,0.0288,0.9805,
73.668,IMU,-80.8169,-22.0927,-51.4548,10.9935,1.8749,168.232,-3.725,-2.353,82.500,0.2124,-0.0361,0.8213,
73.683,ENC,-80.5902,-22.0586,-51.3244,11.3344,1.7044,167.681,-3.725,-2.353,82.500,0.2124,-0.0361,0.8213,
73.688,IMU,-80.5902,-22.0586,-51.3244,11.3344,1.7044,167.681,-3.737,-2.306,82.203,0.0815,-0.0049,0.9946,
73.703,ENC,-80.3738,-22.0211,-51.1975,10.8231,1.8749,167.168,-3.737,-2.306,82.203,0.0815,-0.0049,0.9946,
73.708,IMU,-80.3738,-22.0211,-51.1975,10.8231,1.8749,167.168,-3.730,-2.323,81.887,-0.0537,-0.0332,1.0200,
73.723,ENC,-80.1505,-21.9802,-51.0654,11.1640,2.0453,166.646,-3.730,-2.323,81.887,-0.0537,-0.0332,1.0200,
73.730,IMU,-80.1505,-21.9802,-51.0654,11.1640,2.0453,166.646,-3.760,-2.285,81.618,0.0684,0.0146,0.8911,
73.743,ENC,-79.9323,-21.9427,-50.9375,10.9083,1.8749,166.128,-3.760,-2.285,81.618,0.0684,0.0146,0.8911,
73.748,IMU,-79.9323,-21.9427,-50.9375,10.9083,1.8749,166.128,-3.700,-2.263,81.292,0.0391,0.0269,1.0303,
73.763,ENC,-79.7108,-21.9001,-50.8054,11.0788,2.1305,165.615,-3.700,-2.263,81.292,0.0391,0.0269,1.0303,
73.768,IMU,-79.7108,-21.9001,-50.8054,11.0788,2.1305,165.615,-3.631,-2.256,80.963,-0.0234,-0.0400,1.1611,
73.783,ENC,-79.4892,-21.8575,-50.6734,11.0788,2.1305,165.103,-3.631,-2.256,80.963,-0.0234,-0.0400,1.1611,
73.789,IMU,-79.4892,-21.8575,-50.6734,11.0788,2.1305,165.103,-3.635,-2.394,80.671,0.0815,-0.0874,0.9458,
73.803,ENC,-79.2591,-21.8115,-50.5353,11.5049,2.3010,164.575,-3.635,-2.394,80.671,0.0815,-0.0874,0.9458,
73.824,ENC,-79.0051,-21.7893,-50.3972,12.6980,1.1079,163.911,-3.635,-2.394,80.671,0.0815,-0.0874,0.9458,
73.831,IMU,-79.0051,-21.7893,-50.3972,12.6980,1.1079,163.911,-3.722,-2.325,79.799,0.1758,0.0532,0.8652,
73.843,ENC,-78.7358,-21.8013,-50.2686,13.4649,-0.5965,163.105,-3.722,-2.325,79.799,0.1758,0.0532,0.8652,
73.850,IMU,-78.7358,-21.8013,-50.2686,13.4649,-0.5965,163.105,-3.741,-2.154,79.318,0.1064,0.1094,0.9287,
73.863,ENC,-78.4682,-21.8285,-50.1484,13.3797,-1.3635,162.261,-3.741,-2.154,79.318,0.1064,0.1094,0.9287,
73.868,IMU,-78.4682,-21.8285,-50.1484,13.3797,-1.3635,162.261,-3.799,-2.087,78.715,0.1079,0.0649,0.8755,
73.899,ENC,-78.2006,-21.8695,-50.0350,13.3797,-2.0453,161.377,-3.799,-2.087,78.715,0.1079,0.0649,0.8755,
73.902,IMU,-78.2006,-21.8695,-50.0350,13.3797,-2.0453,161.377,-3.804,-2.092,78.152,0.0737,0.0059,1.1284,
73.904,ENC,-77.9416,-21.9376,-49.9396,12.9536,-3.4088,160.439,-3.804,-2.092,78.152,0.0737,0.0059,1.1284,
73.908,IMU,-77.9416,-21.9376,-49.9396,12.9536,-3.4088,160.439,-3.856,-2.104,77.487,0.1060,0.0342,1.0845,
73.924,ENC,-77.7098,-22.0160,-49.8629,11.5901,-3.9202,159.551,-3.856,-2.104,77.487,0.1060,0.0342,1.0845,
73.932,IMU,-77.7098,-22.0160,-49.8629,11.5901,-3.9202,159.551,-3.935,-2.198,76.860,0.1357,-0.0547,0.9644,
73.943,ENC,-77.4660,-22.1030,-49.7845,12.1866,-4.3463,158.604,-3.935,-2.198,76.860,0.1357,-0.0547,0.9644,
73.948,IMU,-77.4660,-22.1030,-49.7845,12.1866,-4.3463,158.604,-3.950,-2.256,76.219,0.1152,-0.0352,0.9482,
73.963,ENC,-77.2206,-22.1882,-49.7044,12.2718,-4.2611,157.656,-3.950,-2.256,76.219,0.1152,-0.0352,0.9482,
73.968,IMU,-77.2206,-22.1882,-49.7044,12.2718,-4.2611,157.656,-3.987,-2.255,75.530,0.0830,-0.0303,1.1509,
73.983,ENC,-76.9752,-22.2887,-49.6319,12.2718,-5.0280,156.665,-3.987,-2.255,75.530,0.0830,-0.0303,1.1509,
73.988,IMU,-76.9752,-22.2887,-49.6319,12.2718,-5.0280,156.665,-3.972,-2.279,74.848,0.0850,-0.0186,1.0298,
74.004,ENC,-76.7178,-22.4029,-49.5604,12.8684,-5.7098,155.601,-3.972,-2.279,74.848,0.0850,-0.0186,1.0298,
74.009,IMU,-76.7178,-22.4029,-49.5604,12.8684,-5.7098,155.601,-3.914,-2.334,74.133,0.0713,-0.0356,0.9214,
74.024,ENC,-76.4724,-22.5120,-49.4922,12.2718,-5.4542,154.585,-3.914,-2.334,74.133,0.0713,-0.0356,0.9214,
74.028,IMU,-76.4724,-22.5120,-49.4922,12.2718,-5.4542,154.585,-3.847,-2.362,73.382,0.0322,-0.0469,1.0439,
74.043,ENC,-76.2099,-22.6313,-49.4206,13.1241,-5.9655,153.491,-3.847,-2.362,73.382,0.0322,-0.0469,1.0439,
74.049,IMU,-76.2099,-22.6313,-49.4206,13.1241,-5.9655,153.491,-3.993,-2.267,72.696,0.1255,0.0845,0.9702,
74.063,ENC,-75.9338,-22.7472,-49.3405,13.8058,-5.7950,152.368,-3.993,-2.267,72.696,0.1255,0.0845,0.9702,
74.068,IMU,-75.9338,-22.7472,-49.3405,13.8058,-5.7950,152.368,-4.017,-2.184,71.974,0.0659,0.0522,1.0146,
74.083,ENC,-75.6253,-22.8665,-49.2459,15.4250,-5.9655,151.143,-4.017,-2.184,71.974,0.0659,0.0522,1.0146,
74.088,IMU,-75.6253,-22.8665,-49.2459,15.4250,-5.9655,151.143,-4.051,-2.302,71.221,0.1177,-0.0791,0.8872,
74.109,IMU,-75.6253,-22.8665,-49.2459,15.4250,-5.9655,151.143,-4.142,-2.337,70.473,0.1035,-0.0342,0.9805,
74.123,ENC,-75.0781,-23.0966,-49.0874,13.6780,-5.7524,148.916,-4.142,-2.337,70.473,0.1035,-0.0342,0.9805,
74.129,IMU,-75.0781,-23.0966,-49.0874,13.6780,-5.7524,148.916,-4.089,-2.366,69.755,-0.0474,-0.0454,1.1626,
74.143,ENC,-74.8037,-23.2159,-49.0098,13.7206,-5.9655,147.788,-4.089,-2.366,69.755,-0.0474,-0.0454,1.1626,
74.149,IMU,-74.8037,-23.2159,-49.0098,13.7206,-5.9655,147.788,-4.198,-2.443,69.092,0.1230,-0.0439,0.8838,
74.163,ENC,-74.5549,-23.3267,-48.9408,12.4423,-5.5394,146.758,-4.198,-2.443,69.092,0.1230,-0.0439,0.8838,
74.169,IMU,-74.5549,-23.3267,-48.9408,12.4423,-5.5394,146.758,-4.161,-2.368,68.357,0.0137,0.0474,1.0347,
74.183,ENC,-74.3128,-23.4443,-48.8786,12.1014,-5.8803,145.728,-4.161,-2.368,68.357,0.0137,0.0474,1.0347,
74.189,IMU,-74.3128,-23.4443,-48.8786,12.1014,-5.8803,145.728,-4.095,-2.532,67.652,-0.0493,-0.1069,1.1523,
74.204,ENC,-74.0640,-23.5602,-48.8121,12.4423,-5.7950,144.683,-4.095,-2.532,67.652,-0.0493,-0.1069,1.1523,
74.209,IMU,-74.0640,-23.5602,-48.8121,12.4423,-5.7950,144.683,-4.043,-2.462,66.893,-0.0059,0.0708,1.0752,
74.224,ENC,-73.8220,-23.6744,-48.7482,12.1014,-5.7098,143.662,-4.043,-2.462,66.893,-0.0059,0.0708,1.0752,
74.229,IMU,-73.8220,-23.6744,-48.7482,12.1014,-5.7098,143.662,-3.964,-2.504,66.197,0.0137,-0.0303,0.9346,
74.243,ENC,-73.5646,-23.7784,-48.6715,12.8684,-5.1985,142.627,-3.964,-2.504,66.197,0.0137,-0.0303,0.9346,
74.249,IMU,-73.5646,-23.7784,-48.6715,12.8684,-5.1985,142.627,-3.832,-2.637,65.516,-0.0063,-0.1201,0.9238,
74.263,ENC,-73.2970,-23.8653,-48.5812,13.3797,-4.3463,141.611,-3.832,-2.637,65.516,-0.0063,-0.1201,0.9238,
74.268,IMU,-73.2970,-23.8653,-48.5812,13.3797,-4.3463,141.611,-3.824,-2.806,64.803,0.0854,-0.1250,1.0713,
74.283,ENC,-73.0431,-23.9454,-48.4942,12.6980,-4.0054,140.654,-3.824,-2.806,64.803,0.0854,-0.1250,1.0713,
74.288,IMU,-73.0431,-23.9454,-48.4942,12.6980,-4.0054,140.654,-3.825,-2.772,64.138,0.0181,-0.0049,1.0312,
74.307,ENC,-72.7772,-24.0204,-48.3988,13.2945,-3.7497,139.678,-3.825,-2.772,64.138,0.0181,-0.0049,1.0312,
74.309,IMU,-72.7772,-24.0204,-48.3988,13.2945,-3.7497,139.678,-3.758,-2.821,63.515,0.0200,-0.0796,0.9834,
74.326,ENC,-72.5232,-24.0920,-48.3076,12.6980,-3.5793,138.745,-3.758,-2.821,63.515,0.0200,-0.0796,0.9834,
74.329,IMU,-72.5232,-24.0920,-48.3076,12.6980,-3.5793,138.745,-3.714,-2.773,62.901,-0.0342,-0.0156,1.1606,
74.343,ENC,-72.2471,-24.1653,-48.2062,13.8058,-3.6645,137.744,-3.714,-2.773,62.901,-0.0342,-0.0156,1.1606,
74.349,IMU,-72.2471,-24.1653,-48.2062,13.8058,-3.6645,137.744,-3.669,-2.792,62.268,-0.0269,0.0200,1.0928,
74.363,ENC,-71.9727,-24.2318,-48.1022,13.7206,-3.3236,136.768,-3.669,-2.792,62.268,-0.0269,0.0200,1.0928,
74.368,IMU,-71.9727,-24.2318,-48.1022,13.7206,-3.3236,136.768,-3.677,-2.851,61.601,0.1128,-0.0889,1.0444,
74.383,ENC,-71.7034,-24.2744,-47.9889,13.4649,-2.1305,135.874,-3.677,-2.851,61.601,0.1128,-0.0889,1.0444,
74.389,IMU,-71.7034,-24.2744,-47.9889,13.4649,-2.1305,135.874,-3.600,-2.852,61.018,-0.0273,0.0371,0.9966,
74.403,ENC,-71.4256,-24.3017,-47.8636,13.8910,-1.3635,135.000,-3.600,-2.852,61.018,-0.0273,0.0371,0.9966,
74.411,IMU,-71.4256,-24.3017,-47.8636,13.8910,-1.3635,135.000,-3.470,-2.877,60.519,-0.0068,-0.0439,0.8867,
74.423,ENC,-71.1733,-24.3187,-47.7460,12.6127,-0.8522,134.229,-3.470,-2.877,60.519,-0.0068,-0.0439,0.8867,
74.431,IMU,-71.1733,-24.3187,-47.7460,12.6127,-0.8522,134.229,-3.464,-2.941,59.982,-0.0073,-0.0703,1.0029,
74.448,ENC,-70.9347,-24.3340,-47.6344,11.9310,-0.7670,133.501,-3.464,-2.941,59.982,-0.0073,-0.0703,1.0029,
74.454,IMU,-70.9347,-24.3340,-47.6344,11.9310,-0.7670,133.501,-3.408,-2.990,59.415,0.0454,-0.0552,1.0098,
74.464,ENC,-70.7097,-24.3392,-47.5244,11.2492,-0.2557,132.842,-3.408,-2.990,59.415,0.0454,-0.0552,1.0098,
74.468,IMU,-70.7097,-24.3392,-47.5244,11.2492,-0.2557,132.842,-3.339,-3.005,58.859,-0.0405,-0.0679,1.0190,
74.483,ENC,-70.4762,-24.3392,-47.4077,11.6753,0.0000,132.173,-3.339,-3.005,58.859,-0.0405,-0.0679,1.0190,
74.489,IMU,-70.4762,-24.3392,-47.4077,11.6753,0.0000,132.173,-3.451,-2.999,58.354,0.0815,-0.0591,0.9834,
74.503,ENC,-70.2205,-24.3392,-47.2798,12.7832,0.0000,131.440,-3.451,-2.999,58.354,0.0815,-0.0591,0.9834,
74.508,IMU,-70.2205,-24.3392,-47.2798,12.7832,0.0000,131.440,-3.484,-2.970,57.840,0.0684,-0.0391,0.9756,
74.523,ENC,-69.9683,-24.3358,-47.1520,12.6127,0.1704,130.728,-3.484,-2.970,57.840,0.0684,-0.0391,0.9756,
74.529,IMU,-69.9683,-24.3358,-47.1520,12.6127,0.1704,130.728,-3.493,-3.015,57.362,0.0269,-0.0581,1.1309,
74.543,ENC,-69.7143,-24.3187,-47.0165,12.6980,0.8522,130.049,-3.493,-3.015,57.362,0.0269,-0.0581,1.1309,
74.548,IMU,-69.7143,-24.3187,-47.0165,12.6980,0.8522,130.049,-3.449,-2.990,56.835,-0.0107,0.0220,1.0967,
74.563,ENC,-69.4535,-24.3051,-46.8793,13.0388,0.6818,129.341,-3.449,-2.990,56.835,-0.0107,0.0220,1.0967,
74.569,IMU,-69.4535,-24.3051,-46.8793,13.0388,0.6818,129.341,-3.358,-2.982,56.401,-0.0649,-0.0332,1.1221,
74.583,ENC,-69.1876,-24.2727,-46.7302,13.2945,1.6192,128.672,-3.358,-2.982,56.401,-0.0649,-0.0332,1.1221,
74.588,IMU,-69.1876,-24.2727,-46.7302,13.2945,1.6192,128.672,-3.297,-2.965,55.937,0.0195,0.0303,0.9775,
74.603,ENC,-68.9013,-24.2335,-46.5674,14.3172,1.9601,127.964,-3.297,-2.965,55.937,0.0195,0.0303,0.9775,
74.609,IMU,-68.9013,-24.2335,-46.5674,14.3172,1.9601,127.964,-3.310,-2.991,55.509,0.0356,-0.0410,0.9878,
74.623,ENC,-68.6201,-24.1875,-46.4038,14.0615,2.3010,127.290,-3.310,-2.991,55.509,0.0356,-0.0410,0.9878,
74.628,IMU,-68.6201,-24.1875,-46.4038,14.0615,2.3010,127.290,-3.229,-2.954,55.109,-0.0132,-0.0054,0.9897,
74.643,ENC,-68.3423,-24.1432,-46.2427,13.8910,2.2158,126.621,-3.229,-2.954,55.109,-0.0132,-0.0054,0.9897,
74.648,IMU,-68.3423,-24.1432,-46.2427,13.8910,2.2158,126.621,-3.220,-2.881,54.707,0.0112,0.0381,0.9531,
74.663,ENC,-68.0627,-24.0988,-46.0808,13.9763,2.2158,125.947,-3.220,-2.881,54.707,0.0112,0.0381,0.9531,
74.669,IMU,-68.0627,-24.0988,-46.0808,13.9763,2.2158,125.947,-3.426,-2.936,54.309,0.2290,-0.0762,0.8901,
74.683,ENC,-67.7866,-24.0511,-45.9189,13.8058,2.3862,125.293,-3.426,-2.936,54.309,0.2290,-0.0762,0.8901,
74.688,IMU,-67.7866,-24.0511,-45.9189,13.8058,2.3862,125.293,-3.443,-2.882,53.932,-0.0239,-0.0312,1.2461,
74.703,ENC,-67.5361,-24.0085,-45.7723,12.5275,2.1305,124.697,-3.443,-2.882,53.932,-0.0239,-0.0312,1.2461,
74.708,IMU,-67.5361,-24.0085,-45.7723,12.5275,2.1305,124.697,-3.429,-2.864,53.430,0.0205,-0.0273,1.0483,
74.723,ENC,-67.2838,-23.9676,-45.6257,12.6127,2.0453,124.092,-3.429,-2.864,53.430,0.0205,-0.0273,1.0483,
74.729,IMU,-67.2838,-23.9676,-45.6257,12.6127,2.0453,124.092,-3.406,-2.831,52.994,-0.0146,-0.0239,1.0190,
74.743,ENC,-67.0316,-23.9301,-45.4808,12.6127,1.8749,123.477,-3.406,-2.831,52.994,-0.0146,-0.0239,1.0190,
74.750,IMU,-67.0316,-23.9301,-45.4808,12.6127,1.8749,123.477,-3.452,-2.893,52.564,0.0825,-0.1528,1.0371,
74.763,ENC,-66.7640,-23.8892,-45.3266,13.3797,2.0453,122.827,-3.452,-2.893,52.564,0.0825,-0.1528,1.0371,
74.771,IMU,-66.7640,-23.8892,-45.3266,13.3797,2.0453,122.827,-3.507,-2.933,52.179,0.0542,-0.0459,1.0518,
74.784,ENC,-66.5032,-23.8517,-45.1774,13.0388,1.8749,122.188,-3.507,-2.933,52.179,0.0542,-0.0459,1.0518,
74.789,IMU,-66.5032,-23.8517,-45.1774,13.0388,1.8749,122.188,-3.669,-2.925,51.759,0.1797,-0.0376,0.8999,
74.803,ENC,-66.2356,-23.8159,-45.0257,13.3797,1.7896,121.523,-3.669,-2.925,51.759,0.1797,-0.0376,0.8999,
74.809,IMU,-66.2356,-23.8159,-45.0257,13.3797,1.7896,121.523,-3.553,-2.928,51.246,-0.0464,-0.0093,1.0146,
74.823,ENC,-65.9663,-23.7835,-44.8749,13.4649,1.6192,120.845,-3.553,-2.928,51.246,-0.0464,-0.0093,1.0146,
74.828,IMU,-65.9663,-23.7835,-44.8749,13.4649,1.6192,120.845,-3.559,-2.891,50.806,0.0347,0.0239,1.1001,
74.843,ENC,-65.7021,-23.7528,-44.7275,13.2093,1.5340,120.176,-3.559,-2.891,50.806,0.0347,0.0239,1.1001,
74.848,IMU,-65.7021,-23.7528,-44.7275,13.2093,1.5340,120.176,-3.647,-2.779,50.393,0.1353,0.0396,0.9443,
74.863,ENC,-65.4141,-23.7188,-44.5664,14.4024,1.7044,119.448,-3.647,-2.779,50.393,0.1353,0.0396,0.9443,
74.870,IMU,-65.4141,-23.7188,-44.5664,14.4024,1.7044,119.448,-3.643,-2.726,49.964,0.0752,0.0083,1.0264,
74.883,ENC,-65.1294,-23.6898,-44.4096,14.2319,1.4488,118.716,-3.643,-2.726,49.964,0.0752,0.0083,1.0264,
74.888,IMU,-65.1294,-23.6898,-44.4096,14.2319,1.4488,118.716,-3.566,-2.668,49.534,0.0200,-0.0244,1.0317,
74.903,ENC,-64.8652,-23.6642,-44.2647,13.2093,1.2783,118.032,-3.566,-2.668,49.534,0.0200,-0.0244,1.0317,
74.908,IMU,-64.8652,-23.6642,-44.2647,13.2093,1.2783,118.032,-3.623,-2.599,49.123,0.0801,0.0103,1.0596,
74.923,ENC,-64.5755,-23.6335,-44.1045,14.4876,1.5340,117.290,-3.623,-2.599,49.123,0.0801,0.0103,1.0596,
74.928,IMU,-64.5755,-23.6335,-44.1045,14.4876,1.5340,117.290,-3.567,-2.626,48.686,-0.0010,-0.0225,1.0405,
74.944,ENC,-64.3079,-23.6131,-43.9605,13.3797,1.0227,116.582,-3.567,-2.626,48.686,-0.0010,-0.0225,1.0405,
74.948,IMU,-64.3079,-23.6131,-43.9605,13.3797,1.0227,116.582,-3.495,-2.550,48.263,0.0410,0.0273,0.9131,
74.963,ENC,-64.0607,-23.5841,-43.8224,12.3571,1.4488,115.957,-3.495,-2.550,48.263,0.0410,0.0273,0.9131,
74.972,IMU,-64.0607,-23.5841,-43.8224,12.3571,1.4488,115.957,-3.474,-2.505,47.858,0.0312,-0.0015,0.9717,
74.984,ENC,-63.8136,-23.5551,-43.6844,12.3571,1.4488,115.332,-3.474,-2.505,47.858,0.0312,-0.0015,0.9717,
74.989,IMU,-63.8136,-23.5551,-43.6844,12.3571,1.4488,115.332,-3.573,-2.589,47.483,0.1216,-0.0723,1.0337,
75.003,ENC,-63.5767,-23.5296,-43.5531,11.8457,1.2783,114.727,-3.573,-2.589,47.483,0.1216,-0.0723,1.0337,
75.008,IMU,-63.5767,-23.5296,-43.5531,11.8457,1.2783,114.727,-3.661,-2.601,47.078,0.1387,-0.0317,0.9839,
75.023,ENC,-63.3330,-23.4989,-43.4159,12.1866,1.5340,114.116,-3.661,-2.601,47.078,0.1387,-0.0317,0.9839,
75.028,IMU,-63.3330,-23.4989,-43.4159,12.1866,1.5340,114.116,-3.563,-2.546,46.624,0.0239,0.0078,0.9316,
75.048,IMU,-63.3330,-23.4989,-43.4159,12.1866,1.5340,114.116,-3.496,-2.514,46.240,0.0220,0.0483,0.9907,
75.063,ENC,-62.8404,-23.4409,-43.1407,12.3145,1.4488,112.871,-3.496,-2.514,46.240,0.0220,0.0483,0.9907,
75.068,IMU,-62.8404,-23.4409,-43.1407,12.3145,1.4488,112.871,-3.554,-2.497,45.888,0.1074,-0.0059,1.0830,
75.083,ENC,-62.5915,-23.4120,-43.0017,12.4423,1.4488,112.241,-3.554,-2.497,45.888,0.1074,-0.0059,1.0830,
75.090,IMU,-62.5915,-23.4120,-43.0017,12.4423,1.4488,112.241,-3.562,-2.448,45.488,0.0781,0.0269,1.0684,
75.108,IMU,-62.5915,-23.4120,-43.0017,12.4423,1.4488,112.241,-3.588,-2.395,45.067,0.0508,0.0181,0.8960,
75.126,ENC,-62.0291,-23.3506,-42.6898,14.0615,1.5340,110.806,-3.588,-2.395,45.067,0.0508,0.0181,0.8960,
75.129,IMU,-62.0291,-23.3506,-42.6898,14.0615,1.5340,110.806,-3.555,-2.281,44.659,-0.0010,0.0420,1.1147,
75.146,ENC,-61.7512,-23.3250,-42.5381,13.8910,1.2783,110.083,-3.555,-2.281,44.659,-0.0010,0.0420,1.1147,
75.149,IMU,-61.7512,-23.3250,-42.5381,13.8910,1.2783,110.083,-3.536,-2.273,44.243,0.0620,-0.0469,1.0312,
75.163,ENC,-61.4700,-23.2892,-42.3796,14.0615,1.7896,109.380,-3.536,-2.273,44.243,0.0620,-0.0469,1.0312,
75.169,IMU,-61.4700,-23.2892,-42.3796,14.0615,1.7896,109.380,-3.580,-2.335,43.770,0.1270,-0.0796,0.9902,
75.183,ENC,-61.2007,-23.2551,-42.2279,13.4649,1.7044,108.706,-3.580,-2.335,43.770,0.1270,-0.0796,0.9902,
75.189,IMU,-61.2007,-23.2551,-42.2279,13.4649,1.7044,108.706,-3.617,-2.346,43.362,0.0503,-0.0161,1.0269,
75.209,IMU,-61.2007,-23.2551,-42.2279,13.4649,1.7044,108.706,-3.636,-2.388,42.951,0.0977,-0.0420,1.0303,
75.223,ENC,-60.6758,-23.1938,-41.9348,13.1241,1.5340,107.378,-3.636,-2.388,42.951,0.0977,-0.0420,1.0303,
75.228,IMU,-60.6758,-23.1938,-41.9348,13.1241,1.5340,107.378,-3.626,-2.439,42.562,0.0586,-0.0688,1.0259,
75.243,ENC,-60.4303,-23.1682,-41.7993,12.2718,1.2783,106.748,-3.626,-2.439,42.562,0.0586,-0.0688,1.0259,
75.250,IMU,-60.4303,-23.1682,-41.7993,12.2718,1.2783,106.748,-3.557,-2.502,42.160,0.0557,-0.0273,0.9512,
75.268,IMU,-60.4303,-23.1682,-41.7993,12.2718,1.2783,106.748,-3.641,-2.468,41.748,0.1807,0.0176,0.9302,
75.283,ENC,-59.9412,-23.1137,-41.5274,12.2292,1.3635,105.503,-3.641,-2.468,41.748,0.1807,0.0176,0.9302,
75.288,IMU,-59.9412,-23.1137,-41.5274,12.2292,1.3635,105.503,-3.548,-2.528,41.351,0.0288,-0.1177,1.0640,
75.311,IMU,-59.9412,-23.1137,-41.5274,12.2292,1.3635,105.503,-3.608,-2.676,40.961,0.1050,-0.1011,0.9629,
75.323,ENC,-59.4230,-23.0489,-41.2360,12.9536,1.6192,104.204,-3.608,-2.676,40.961,0.1050,-0.1011,0.9629,
75.332,IMU,-59.4230,-23.0489,-41.2360,12.9536,1.6192,104.204,-3.557,-2.674,40.535,0.0659,0.0093,0.9458,
75.343,ENC,-59.1435,-23.0285,-41.0860,13.9763,1.0227,103.462,-3.557,-2.674,40.535,0.0659,0.0093,0.9458,
75.351,IMU,-59.1435,-23.0285,-41.0860,13.9763,1.0227,103.462,-3.592,-2.696,40.124,0.0786,-0.0054,1.0259,
75.363,ENC,-58.8708,-23.0029,-40.9368,13.6354,1.2783,102.754,-3.592,-2.696,40.124,0.0786,-0.0054,1.0259,
75.369,IMU,-58.8708,-23.0029,-40.9368,13.6354,1.2783,102.754,-3.617,-2.702,39.725,0.0381,-0.0479,1.0435,
75.384,ENC,-58.5895,-22.9722,-40.7809,14.0615,1.5340,102.036,-3.617,-2.702,39.725,0.0381,-0.0479,1.0435,
75.388,IMU,-58.5895,-22.9722,-40.7809,14.0615,1.5340,102.036,-3.586,-2.678,39.282,0.0161,-0.0273,1.0103,
75.403,ENC,-58.3168,-22.9415,-40.6292,13.6354,1.5340,101.343,-3.586,-2.678,39.282,0.0161,-0.0273,1.0103,
75.408,IMU,-58.3168,-22.9415,-40.6292,13.6354,1.5340,101.343,-3.667,-2.585,38.900,0.0640,0.0288,0.9116,
75.423,ENC,-58.0254,-22.9040,-40.4647,14.5728,1.8749,100.615,-3.667,-2.585,38.900,0.0640,0.0288,0.9116,
75.428,IMU,-58.0254,-22.9040,-40.4647,14.5728,1.8749,100.615,-3.690,-2.527,38.515,0.0664,0.0312,1.0210,
75.444,ENC,-57.7390,-22.8751,-40.3070,14.3172,1.4488,99.878,-3.690,-2.527,38.515,0.0664,0.0312,1.0210,
75.448,IMU,-57.7390,-22.8751,-40.3070,14.3172,1.4488,99.878,-3.717,-2.660,38.124,0.0767,-0.0820,1.0640,
75.463,ENC,-57.4561,-22.8427,-40.1494,14.1467,1.6192,99.160,-3.717,-2.660,38.124,0.0767,-0.0820,1.0640,
75.470,IMU,-57.4561,-22.8427,-40.1494,14.1467,1.6192,99.160,-3.726,-2.811,37.678,0.0522,-0.1167,1.0688,
75.483,ENC,-57.1766,-22.8052,-39.9909,13.9763,1.8749,98.467,-3.726,-2.811,37.678,0.0522,-0.1167,1.0688,
75.489,IMU,-57.1766,-22.8052,-39.9909,13.9763,1.8749,98.467,-3.905,-2.805,37.238,0.1763,-0.0322,0.9717,
75.503,ENC,-56.9260,-22.7745,-39.8503,12.5275,1.5340,97.837,-3.905,-2.805,37.238,0.1763,-0.0322,0.9717,
75.508,IMU,-56.9260,-22.7745,-39.8503,12.5275,1.5340,97.837,-3.900,-2.947,36.769,0.1343,-0.1030,0.9834,
75.523,ENC,-56.6840,-22.7421,-39.7131,12.1014,1.6192,97.236,-3.900,-2.947,36.769,0.1343,-0.1030,0.9834,
75.529,IMU,-56.6840,-22.7421,-39.7131,12.1014,1.6192,97.236,-3.959,-2.978,36.239,0.1499,-0.0649,0.9648,
75.544,ENC,-56.4283,-22.7148,-39.5716,12.7832,1.3635,96.582,-3.959,-2.978,36.239,0.1499,-0.0649,0.9648,
75.549,IMU,-56.4283,-22.7148,-39.5716,12.7832,1.3635,96.582,-3.878,-3.036,35.747,0.0117,-0.0703,1.0942,
75.563,ENC,-56.1812,-22.6876,-39.4344,12.3571,1.3635,95.952,-3.878,-3.036,35.747,0.0117,-0.0703,1.0942,
75.568,IMU,-56.1812,-22.6876,-39.4344,12.3571,1.3635,95.952,-3.907,-2.975,35.282,0.0791,-0.0103,0.9839,
75.583,ENC,-55.9017,-22.6603,-39.2810,13.9763,1.3635,95.229,-3.907,-2.975,35.282,0.0791,-0.0103,0.9839,
75.588,IMU,-55.9017,-22.6603,-39.2810,13.9763,1.3635,95.229,-3.884,-2.930,34.840,0.0781,-0.0034,1.0610,
75.603,ENC,-55.6256,-22.6433,-39.1344,13.8058,0.8522,94.487,-3.884,-2.930,34.840,0.0781,-0.0034,1.0610,
75.608,IMU,-55.6256,-22.6433,-39.1344,13.8058,0.8522,94.487,-3.831,-2.868,34.401,0.0659,0.0332,0.9668,
75.623,ENC,-55.3597,-22.6126,-38.9861,13.2945,1.5340,93.813,-3.831,-2.868,34.401,0.0659,0.0332,0.9668,
75.629,IMU,-55.3597,-22.6126,-38.9861,13.2945,1.5340,93.813,-3.918,-2.901,33.943,0.1084,-0.0508,0.9482,
75.643,ENC,-55.0750,-22.5921,-38.8336,14.2319,1.0227,93.057,-3.918,-2.901,33.943,0.1084,-0.0508,0.9482,
75.648,IMU,-55.0750,-22.5921,-38.8336,14.2319,1.0227,93.057,-3.864,-2.904,33.502,-0.0063,-0.0088,1.0903,
75.663,ENC,-54.7904,-22.5683,-38.6793,14.2319,1.1931,92.310,-3.864,-2.904,33.502,-0.0063,-0.0088,1.0903,
75.668,IMU,-54.7904,-22.5683,-38.6793,14.2319,1.1931,92.310,-3.854,-2.867,33.048,0.0898,-0.0298,0.9883,
75.683,ENC,-54.4972,-22.5580,-38.5276,14.6580,0.5113,91.499,-3.854,-2.867,33.048,0.0898,-0.0298,0.9883,
75.689,IMU,-54.4972,-22.5580,-38.5276,14.6580,0.5113,91.499,-3.786,-2.872,32.607,0.0098,-0.0195,1.0234,
75.703,ENC,-54.2058,-22.5308,-38.3683,14.5728,1.3635,90.742,-3.786,-2.872,32.607,0.0098,-0.0195,1.0234,
75.708,IMU,-54.2058,-22.5308,-38.3683,14.5728,1.3635,90.742,-3.713,-2.873,32.164,-0.0015,-0.0420,1.0156,
75.723,ENC,-53.9297,-22.5035,-38.2166,13.8058,1.3635,90.029,-3.713,-2.873,32.164,-0.0015,-0.0420,1.0156,
75.729,IMU,-53.9297,-22.5035,-38.2166,13.8058,1.3635,90.029,-3.774,-2.860,31.764,0.1201,-0.0068,0.8545,
75.743,ENC,-53.6689,-22.4728,-38.0708,13.0388,1.5340,89.370,-3.774,-2.860,31.764,0.1201,-0.0068,0.8545,
75.748,IMU,-53.6689,-22.4728,-38.0708,13.0388,1.5340,89.370,-3.638,-2.837,31.389,-0.0073,-0.0186,1.0005,
75.763,ENC,-53.4234,-22.4507,-37.9370,12.2718,1.1079,88.730,-3.638,-2.837,31.389,-0.0073,-0.0186,1.0005,
75.769,IMU,-53.4234,-22.4507,-37.9370,12.2718,1.1079,88.730,-3.582,-2.787,31.006,-0.0420,-0.0024,1.0269,
75.783,ENC,-53.1729,-22.4268,-37.7998,12.5275,1.1931,88.081,-3.582,-2.787,31.006,-0.0420,-0.0024,1.0269,
75.789,IMU,-53.1729,-22.4268,-37.7998,12.5275,1.1931,88.081,-3.689,-2.639,30.653,0.0747,0.0620,1.0146,
75.819,IMU,-53.1729,-22.4268,-37.7998,12.5275,1.1931,88.081,-3.742,-2.620,30.236,0.0630,0.0234,1.1289,
75.823,ENC,-52.6718,-22.3774,-37.5246,12.5275,1.2357,86.787,-3.742,-2.620,30.236,0.0630,0.0234,1.1289,
75.828,IMU,-52.6718,-22.3774,-37.5246,12.5275,1.2357,86.787,-3.758,-2.512,29.815,0.0771,0.0352,1.0210,
75.843,ENC,-52.4127,-22.3484,-37.3806,12.9536,1.4488,86.128,-3.758,-2.512,29.815,0.0771,0.0352,1.0210,
75.849,IMU,-52.4127,-22.3484,-37.3806,12.9536,1.4488,86.128,-3.785,-2.543,29.337,0.0337,-0.0054,1.0474,
75.864,ENC,-52.1485,-22.3109,-37.2297,13.2093,1.8749,85.479,-3.785,-2.543,29.337,0.0337,-0.0054,1.0474,
75.868,IMU,-52.1485,-22.3109,-37.2297,13.2093,1.8749,85.479,-3.771,-2.519,28.911,0.0322,-0.0024,1.0352,
75.883,ENC,-51.8673,-22.2819,-37.0746,14.0615,1.4488,84.756,-3.771,-2.519,28.911,0.0322,-0.0024,1.0352,
75.888,IMU,-51.8673,-22.2819,-37.0746,14.0615,1.4488,84.756,-3.657,-2.533,28.499,-0.0259,0.0015,1.0376,
75.903,ENC,-51.5912,-22.2547,-36.9229,13.8058,1.3635,84.043,-3.657,-2.533,28.499,-0.0259,0.0015,1.0376,
75.908,IMU,-51.5912,-22.2547,-36.9229,13.8058,1.3635,84.043,-3.714,-2.557,28.126,0.0889,-0.0723,0.9736,
75.923,ENC,-51.3031,-22.2342,-36.7687,14.4024,1.0227,83.276,-3.714,-2.557,28.126,0.0889,-0.0723,0.9736,
75.928,IMU,-51.3031,-22.2342,-36.7687,14.4024,1.0227,83.276,-3.703,-2.536,27.715,0.0288,-0.0171,1.0425,
75.945,ENC,-51.0321,-22.2086,-36.6204,13.5502,1.2783,82.573,-3.703,-2.536,27.715,0.0288,-0.0171,1.0425,
75.948,IMU,-51.0321,-22.2086,-36.6204,13.5502,1.2783,82.573,-3.694,-2.528,27.361,0.0420,-0.0435,1.0195,
75.967,ENC,-50.7441,-22.1865,-36.4653,14.4024,1.1079,81.812,-3.694,-2.528,27.361,0.0420,-0.0435,1.0195,
75.970,IMU,-50.7441,-22.1865,-36.4653,14.4024,1.1079,81.812,-3.856,-2.510,26.964,0.1997,-0.0283,1.0137,
75.983,ENC,-50.4850,-22.1609,-36.3230,12.9536,1.2783,81.143,-3.856,-2.510,26.964,0.1997,-0.0283,1.0137,
75.988,IMU,-50.4850,-22.1609,-36.3230,12.9536,1.2783,81.143,-3.864,-2.440,26.553,0.1270,0.0034,1.0625,
76.003,ENC,-50.2174,-22.1456,-36.1815,13.3797,0.7670,80.420,-3.864,-2.440,26.553,0.1270,0.0034,1.0625,
76.008,IMU,-50.2174,-22.1456,-36.1815,13.3797,0.7670,80.420,-3.730,-2.357,26.140,-0.0576,0.0327,1.0146,
76.033,IMU,-50.2174,-22.1456,-36.1815,13.3797,0.7670,80.420,-3.740,-2.401,25.677,0.0527,-0.0381,0.9282,
76.043,ENC,-49.7368,-22.1115,-35.9241,12.0162,0.8522,79.141,-3.740,-2.401,25.677,0.0527,-0.0381,0.9282,
76.063,ENC,-49.4862,-22.1013,-35.7937,12.5275,0.5113,78.452,-3.740,-2.401,25.677,0.0527,-0.0381,0.9282,
76.068,IMU,-49.4862,-22.1013,-35.7937,12.5275,0.5113,78.452,-3.814,-2.310,24.856,0.0317,0.0464,1.0146,
76.084,ENC,-49.2374,-22.0723,-35.6548,12.4423,1.4488,77.822,-3.814,-2.310,24.856,0.0317,0.0464,1.0146,
76.088,IMU,-49.2374,-22.0723,-35.6548,12.4423,1.4488,77.822,-3.855,-2.361,24.412,0.1133,-0.0991,1.0439,
76.103,ENC,-48.9834,-22.0586,-35.5210,12.6980,0.6818,77.134,-3.855,-2.361,24.412,0.1133,-0.0991,1.0439,
76.109,IMU,-48.9834,-22.0586,-35.5210,12.6980,0.6818,77.134,-3.950,-2.430,23.995,0.0850,-0.0571,1.0767,
76.128,ENC,-48.7226,-22.0297,-35.3762,13.0388,1.4488,76.470,-3.950,-2.430,23.995,0.0850,-0.0571,1.0767,
76.131,IMU,-48.7226,-22.0297,-35.3762,13.0388,1.4488,76.470,-4.000,-2.380,23.607,0.1182,-0.0117,0.8794,
76.143,ENC,-48.4550,-22.0075,-35.2313,13.3797,1.1079,75.767,-4.000,-2.380,23.607,0.1182,-0.0117,0.8794,
76.152,IMU,-48.4550,-22.0075,-35.2313,13.3797,1.1079,75.767,-4.084,-2.373,23.231,0.1128,-0.0430,1.0132,
76.163,ENC,-48.1840,-21.9905,-35.0873,13.5502,0.8522,75.039,-4.084,-2.373,23.231,0.1128,-0.0430,1.0132,
76.168,IMU,-48.1840,-21.9905,-35.0873,13.5502,0.8522,75.039,-3.975,-2.379,22.732,0.0493,-0.0063,1.0986,
76.183,ENC,-47.8909,-21.9632,-34.9270,14.6580,1.3635,74.277,-3.975,-2.379,22.732,0.0493,-0.0063,1.0986,
76.188,IMU,-47.8909,-21.9632,-34.9270,14.6580,1.3635,74.277,-4.111,-2.351,22.265,0.1558,-0.0264,1.0483,
76.204,ENC,-47.5960,-21.9530,-34.7745,14.7433,0.5113,73.462,-4.111,-2.351,22.265,0.1558,-0.0264,1.0483,
76.211,IMU,-47.5960,-21.9530,-34.7745,14.7433,0.5113,73.462,-4.155,-2.404,21.853,0.0747,-0.0527,0.9673,
76.223,ENC,-47.2994,-21.9359,-34.6177,14.8285,0.8522,72.661,-4.155,-2.404,21.853,0.0747,-0.0527,0.9673,
76.228,IMU,-47.2994,-21.9359,-34.6177,14.8285,0.8522,72.661,-4.170,-2.451,21.457,0.0684,-0.0542,0.8892,
76.243,ENC,-47.0148,-21.9087,-34.4617,14.2319,1.3635,71.924,-4.170,-2.451,21.457,0.0684,-0.0542,0.8892,
76.248,IMU,-47.0148,-21.9087,-34.4617,14.2319,1.3635,71.924,-4.146,-2.364,21.005,0.0210,0.0381,0.9312,
76.263,ENC,-46.7489,-21.8967,-34.3228,13.2945,0.5965,71.196,-4.146,-2.364,21.005,0.0210,0.0381,0.9312,
76.268,IMU,-46.7489,-21.8967,-34.3228,13.2945,0.5965,71.196,-4.062,-2.294,20.576,0.0103,0.0796,0.8848,
76.283,ENC,-46.4864,-21.8712,-34.1788,13.1241,1.2783,70.518,-4.062,-2.294,20.576,0.0103,0.0796,0.8848,
76.290,IMU,-46.4864,-21.8712,-34.1788,13.1241,1.2783,70.518,-4.105,-2.326,20.158,0.0596,-0.0259,1.0605,
76.303,ENC,-46.2274,-21.8541,-34.0407,12.9536,0.8522,69.824,-4.105,-2.326,20.158,0.0596,-0.0259,1.0605,
76.309,IMU,-46.2274,-21.8541,-34.0407,12.9536,0.8522,69.824,-4.109,-2.361,19.760,0.0840,-0.0830,1.1035,
76.323,ENC,-45.9751,-21.8524,-33.9138,12.6127,0.0852,69.106,-4.109,-2.361,19.760,0.0840,-0.0830,1.1035,
76.328,IMU,-45.9751,-21.8524,-33.9138,12.6127,0.0852,69.106,-4.098,-2.308,19.343,0.0225,0.0278,1.0542,
76.343,ENC,-45.7075,-21.8524,-33.7800,13.3797,0.0000,68.340,-4.098,-2.308,19.343,0.0225,0.0278,1.0542,
76.348,IMU,-45.7075,-21.8524,-33.7800,13.3797,0.0000,68.340,-4.065,-2.309,18.913,0.0093,-0.0293,1.0908,
76.363,ENC,-45.4416,-21.8524,-33.6470,13.2945,0.0000,67.578,-4.065,-2.309,18.913,0.0093,-0.0293,1.0908,
76.368,IMU,-45.4416,-21.8524,-33.6470,13.2945,0.0000,67.578,-4.152,-2.325,18.468,0.1499,0.0093,0.9443,
76.383,ENC,-45.1672,-21.8524,-33.5098,13.7206,0.0000,66.792,-4.152,-2.325,18.468,0.1499,0.0093,0.9443,
76.390,IMU,-45.1672,-21.8524,-33.5098,13.7206,0.0000,66.792,-4.219,-2.369,17.989,0.1187,-0.0439,1.0396,
76.403,ENC,-44.8928,-21.8524,-33.3726,13.7206,0.0000,66.006,-4.219,-2.369,17.989,0.1187,-0.0439,1.0396,
76.409,IMU,-44.8928,-21.8524,-33.3726,13.7206,0.0000,66.006,-4.337,-2.385,17.595,0.0796,-0.0278,0.9629,
76.423,ENC,-44.6235,-21.8524,-33.2380,13.4649,0.0000,65.234,-4.337,-2.385,17.595,0.0796,-0.0278,0.9629,
76.428,IMU,-44.6235,-21.8524,-33.2380,13.4649,0.0000,65.234,-4.351,-2.385,17.147,0.0562,-0.0176,1.0576,
76.443,ENC,-44.3440,-21.8524,-33.0982,13.9763,0.0000,64.434,-4.351,-2.385,17.147,0.0562,-0.0176,1.0576,
76.448,IMU,-44.3440,-21.8524,-33.0982,13.9763,0.0000,64.434,-4.360,-2.334,16.699,0.0205,-0.0186,0.9062,
76.463,ENC,-44.0696,-21.8524,-32.9610,13.7206,0.0000,63.647,-4.360,-2.334,16.699,0.0205,-0.0186,0.9062,
76.469,IMU,-44.0696,-21.8524,-32.9610,13.7206,0.0000,63.647,-4.327,-2.369,16.281,0.0669,-0.0562,1.1030,
76.483,ENC,-43.7866,-21.8524,-32.8195,14.1467,0.0000,62.837,-4.327,-2.369,16.281,0.0669,-0.0562,1.1030,
76.489,IMU,-43.7866,-21.8524,-32.8195,14.1467,0.0000,62.837,-4.362,-2.385,15.858,0.0977,-0.0454,1.0483,
76.503,ENC,-43.5139,-21.8524,-32.6832,13.6354,0.0000,62.056,-4.362,-2.385,15.858,0.0977,-0.0454,1.0483,
76.509,IMU,-43.5139,-21.8524,-32.6832,13.6354,0.0000,62.056,-4.306,-2.518,15.433,0.0840,-0.1157,0.8989,
76.523,ENC,-43.2617,-21.8524,-32.5570,12.6127,0.0000,61.333,-4.306,-2.518,15.433,0.0840,-0.1157,0.8989,
76.528,IMU,-43.2617,-21.8524,-32.5570,12.6127,0.0000,61.333,-4.425,-2.545,15.000,0.1245,-0.0488,0.9243,
76.544,ENC,-43.0094,-21.8524,-32.4309,12.6127,0.0000,60.610,-4.425,-2.545,15.000,0.1245,-0.0488,0.9243,
76.548,IMU,-43.0094,-21.8524,-32.4309,12.6127,0.0000,60.610,-4.325,-2.592,14.576,0.0127,-0.0371,1.0444,
76.563,ENC,-42.7827,-21.8524,-32.3176,11.3344,0.0000,59.961,-4.325,-2.592,14.576,0.0127,-0.0371,1.0444,
76.569,IMU,-42.7827,-21.8524,-32.3176,11.3344,0.0000,59.961,-4.258,-2.529,14.161,-0.0083,0.0264,1.0010,
76.583,ENC,-42.5526,-21.8524,-32.2025,11.5049,0.0000,59.302,-4.258,-2.529,14.161,-0.0083,0.0264,1.0010,
76.588,IMU,-42.5526,-21.8524,-32.2025,11.5049,0.0000,59.302,-4.256,-2.509,13.808,0.0894,-0.0117,1.0884,
76.604,ENC,-42.3123,-21.8524,-32.0824,12.0162,0.0000,58.613,-4.256,-2.509,13.808,0.0894,-0.0117,1.0884,
76.609,IMU,-42.3123,-21.8524,-32.0824,12.0162,0.0000,58.613,-4.174,-2.459,13.388,0.0063,0.0000,1.0518,
76.624,ENC,-42.0532,-21.8524,-31.9528,12.9536,0.0000,57.871,-4.174,-2.459,13.388,0.0063,0.0000,1.0518,
76.628,IMU,-42.0532,-21.8524,-31.9528,12.9536,0.0000,57.871,-4.258,-2.464,13.016,0.1289,-0.0215,1.1401,
76.643,ENC,-41.8010,-21.8524,-31.8267,12.6127,0.0000,57.148,-4.258,-2.464,13.016,0.1289,-0.0215,1.1401,
76.648,IMU,-41.8010,-21.8524,-31.8267,12.6127,0.0000,57.148,-4.236,-2.363,12.603,0.0879,0.0820,1.0454,
76.663,ENC,-41.5334,-21.8524,-31.6929,13.3797,0.0000,56.382,-4.236,-2.363,12.603,0.0879,0.0820,1.0454,
76.668,IMU,-41.5334,-21.8524,-31.6929,13.3797,0.0000,56.382,-4.345,-2.353,12.268,0.1309,0.0068,1.1328,
76.683,ENC,-41.2504,-21.8524,-31.5514,14.1467,0.0000,55.571,-4.345,-2.353,12.268,0.1309,0.0068,1.1328,
76.688,IMU,-41.2504,-21.8524,-31.5514,14.1467,0.0000,55.571,-4.371,-2.406,11.858,0.0801,-0.0405,1.1069,
76.703,ENC,-40.9709,-21.8524,-31.4117,13.9763,0.0000,54.771,-4.371,-2.406,11.858,0.0801,-0.0405,1.1069,
76.708,IMU,-40.9709,-21.8524,-31.4117,13.9763,0.0000,54.771,-4.250,-2.325,11.461,0.0010,0.0283,0.9580,
76.723,ENC,-40.6914,-21.8524,-31.2719,13.9763,0.0000,53.970,-4.250,-2.325,11.461,0.0010,0.0283,0.9580,
76.729,IMU,-40.6914,-21.8524,-31.2719,13.9763,0.0000,53.970,-4.199,-2.251,11.069,0.0166,0.0479,1.0815,
76.743,ENC,-40.4102,-21.8524,-31.1313,14.0615,0.0000,53.164,-4.199,-2.251,11.069,0.0166,0.0479,1.0815,
76.748,IMU,-40.4102,-21.8524,-31.1313,14.0615,0.0000,53.164,-4.176,-2.253,10.623,0.0635,-0.0229,0.9590,
76.764,ENC,-40.1289,-21.8524,-30.9907,14.0615,0.0000,52.358,-4.176,-2.253,10.623,0.0635,-0.0229,0.9590,
76.769,IMU,-40.1289,-21.8524,-30.9907,14.0615,0.0000,52.358,-4.231,-2.333,10.208,0.1040,-0.0757,1.0308,
76.783,ENC,-39.8596,-21.8524,-30.8560,13.4649,0.0000,51.587,-4.231,-2.333,10.208,0.1040,-0.0757,1.0308,
76.788,IMU,-39.8596,-21.8524,-30.8560,13.4649,0.0000,51.587,-4.188,-2.353,9.811,0.0166,-0.0498,1.0269,
76.803,ENC,-39.5989,-21.8524,-30.7256,13.0388,0.0000,50.840,-4.188,-2.353,9.811,0.0166,-0.0498,1.0269,
76.808,IMU,-39.5989,-21.8524,-30.7256,13.0388,0.0000,50.840,-4.236,-2.298,9.328,0.1221,0.0366,0.9116,
76.823,ENC,-39.3415,-21.8524,-30.5970,12.8684,0.0000,50.103,-4.236,-2.298,9.328,0.1221,0.0366,0.9116,
76.828,IMU,-39.3415,-21.8524,-30.5970,12.8684,0.0000,50.103,-4.224,-2.242,8.905,0.0396,0.0156,1.0259,
76.851,ENC,-39.0858,-21.8524,-30.4691,12.7832,0.0000,49.370,-4.224,-2.242,8.905,0.0396,0.0156,1.0259,
76.870,ENC,-38.8251,-21.8524,-30.3387,13.0388,0.0000,48.623,-4.224,-2.242,8.905,0.0396,0.0156,1.0259,
76.873,IMU,-38.8251,-21.8524,-30.3387,13.0388,0.0000,48.623,-4.169,-2.262,8.003,0.0615,0.0347,1.0259,
76.884,ENC,-38.5506,-21.8524,-30.2015,13.7206,0.0000,47.837,-4.169,-2.262,8.003,0.0615,0.0347,1.0259,
76.903,ENC,-38.2848,-21.8524,-30.0686,13.2945,0.0000,47.075,-4.169,-2.262,8.003,0.0615,0.0347,1.0259,
76.908,IMU,-38.2848,-21.8524,-30.0686,13.2945,0.0000,47.075,-4.239,-2.278,7.153,0.1479,0.0176,0.8604,
76.923,ENC,-38.0206,-21.8524,-29.9365,13.2093,0.0000,46.318,-4.239,-2.278,7.153,0.1479,0.0176,0.8604,
76.928,IMU,-38.0206,-21.8524,-29.9365,13.2093,0.0000,46.318,-4.361,-2.230,6.749,0.1738,0.0117,1.0063,
76.944,ENC,-37.7393,-21.8524,-29.7959,14.0615,0.0000,45.513,-4.361,-2.230,6.749,0.1738,0.0117,1.0063,
76.949,IMU,-37.7393,-21.8524,-29.7959,14.0615,0.0000,45.513,-4.356,-2.297,6.318,0.0674,-0.0864,0.9785,
76.963,ENC,-37.4752,-21.8524,-29.6638,13.2093,0.0000,44.756,-4.356,-2.297,6.318,0.0674,-0.0864,0.9785,
76.971,IMU,-37.4752,-21.8524,-29.6638,13.2093,0.0000,44.756,-4.284,-2.242,5.889,0.0854,-0.0322,0.9819,
76.983,ENC,-37.2041,-21.8524,-29.5283,13.5502,0.0000,43.979,-4.284,-2.242,5.889,0.0854,-0.0322,0.9819,
76.991,IMU,-37.2041,-21.8524,-29.5283,13.5502,0.0000,43.979,-4.216,-2.152,5.473,0.0205,0.0493,0.9150,
77.003,ENC,-36.9280,-21.8524,-29.3902,13.8058,0.0000,43.188,-4.216,-2.152,5.473,0.0205,0.0493,0.9150,
77.008,IMU,-36.9280,-21.8524,-29.3902,13.8058,0.0000,43.188,-4.170,-2.018,5.085,0.0347,0.0557,0.9829,
77.024,ENC,-36.6553,-21.8524,-29.2539,13.6354,0.0000,42.407,-4.170,-2.018,5.085,0.0347,0.0557,0.9829,
77.029,IMU,-36.6553,-21.8524,-29.2539,13.6354,0.0000,42.407,-4.246,-1.974,4.658,0.1001,-0.0044,0.8281,
77.044,ENC,-36.3928,-21.8524,-29.1226,13.1241,0.0000,41.655,-4.246,-1.974,4.658,0.1001,-0.0044,0.8281,
77.049,IMU,-36.3928,-21.8524,-29.1226,13.1241,0.0000,41.655,-4.244,-2.018,4.294,-0.0078,-0.0776,1.0283,
77.063,ENC,-36.1474,-21.8524,-28.9999,12.2718,0.0000,40.952,-4.244,-2.018,4.294,-0.0078,-0.0776,1.0283,
77.073,IMU,-36.1474,-21.8524,-28.9999,12.2718,0.0000,40.952,-4.249,-2.059,3.874,0.1016,-0.0239,0.9517,
77.083,ENC,-35.9071,-21.8524,-28.8797,12.0162,0.0000,40.264,-4.249,-2.059,3.874,0.1016,-0.0239,0.9517,
77.089,IMU,-35.9071,-21.8524,-28.8797,12.0162,0.0000,40.264,-4.275,-2.144,3.459,0.0371,-0.0859,1.0215,
77.103,ENC,-35.6804,-21.8524,-28.7664,11.3344,0.0000,39.614,-4.275,-2.144,3.459,0.0371,-0.0859,1.0215,
77.110,IMU,-35.6804,-21.8524,-28.7664,11.3344,0.0000,39.614,-4.281,-2.076,3.014,0.0312,0.0542,1.0947,
77.123,ENC,-35.4333,-21.8524,-28.6428,12.3571,0.0000,38.906,-4.281,-2.076,3.014,0.0312,0.0542,1.0947,
77.128,IMU,-35.4333,-21.8524,-28.6428,12.3571,0.0000,38.906,-4.207,-2.176,2.603,0.0581,-0.1318,1.0352,
77.143,ENC,-35.1963,-21.8524,-28.5244,11.8457,0.0000,38.228,-4.207,-2.176,2.603,0.0581,-0.1318,1.0352,
77.148,IMU,-35.1963,-21.8524,-28.5244,11.8457,0.0000,38.228,-4.240,-2.083,2.311,-0.0039,0.0269,1.1279,
77.163,ENC,-34.9424,-21.8524,-28.3974,12.6980,0.0000,37.500,-4.240,-2.083,2.311,-0.0039,0.0269,1.1279,
77.170,IMU,-34.9424,-21.8524,-28.3974,12.6980,0.0000,37.500,-4.185,-2.138,1.930,0.0708,-0.0264,0.8247,
77.183,ENC,-34.7089,-21.8524,-28.2806,11.6753,0.0000,36.831,-4.185,-2.138,1.930,0.0708,-0.0264,0.8247,
77.188,IMU,-34.7089,-21.8524,-28.2806,11.6753,0.0000,36.831,-4.159,-2.153,1.552,0.0332,-0.0566,1.0005,
77.203,ENC,-34.4651,-21.8524,-28.1588,12.1866,0.0000,36.133,-4.159,-2.153,1.552,0.0332,-0.0566,1.0005,
77.210,IMU,-34.4651,-21.8524,-28.1588,12.1866,0.0000,36.133,-4.290,-2.202,1.147,0.1675,-0.0220,0.9604,
77.223,ENC,-34.1975,-21.8524,-28.0250,13.3797,0.0000,35.366,-4.290,-2.202,1.147,0.1675,-0.0220,0.9604,
77.228,IMU,-34.1975,-21.8524,-28.0250,13.3797,0.0000,35.366,-4.400,-2.103,0.795,0.1436,0.0156,0.9492,
77.243,ENC,-33.9402,-21.8524,-27.8963,12.8684,0.0000,34.629,-4.400,-2.103,0.795,0.1436,0.0156,0.9492,
77.248,IMU,-33.9402,-21.8524,-27.8963,12.8684,0.0000,34.629,-4.345,-2.094,0.401,0.0571,-0.0303,0.9131,
77.263,ENC,-33.6811,-21.8524,-27.7668,12.9536,0.0000,33.887,-4.345,-2.094,0.401,0.0571,-0.0303,0.9131,
77.269,IMU,-33.6811,-21.8524,-27.7668,12.9536,0.0000,33.887,-4.510,-2.055,0.116,0.1768,-0.0122,1.0630,
77.283,ENC,-33.4340,-21.8524,-27.6432,12.3571,0.0000,33.179,-4.510,-2.055,0.116,0.1768,-0.0122,1.0630,
77.288,IMU,-33.4340,-21.8524,-27.6432,12.3571,0.0000,33.179,-4.349,-1.995,-0.105,-0.0557,0.0698,1.0400,
77.303,ENC,-33.2141,-21.8524,-27.5333,10.9935,0.0000,32.549,-4.349,-1.995,-0.105,-0.0557,0.0698,1.0400,
77.308,IMU,-33.2141,-21.8524,-27.5333,10.9935,0.0000,32.549,-4.315,-1.942,-0.341,0.0391,0.0054,1.0210,
77.323,ENC,-33.0147,-21.8524,-27.4335,9.9709,0.0000,31.978,-4.315,-1.942,-0.341,0.0391,0.0054,1.0210,
77.328,IMU,-33.0147,-21.8524,-27.4335,9.9709,0.0000,31.978,-4.299,-1.780,-0.497,0.0654,0.1045,0.9561,
77.343,ENC,-32.8596,-21.8524,-27.3560,7.7551,0.0000,31.533,-4.299,-1.780,-0.497,0.0654,0.1045,0.9561,
77.348,IMU,-32.8596,-21.8524,-27.3560,7.7551,0.0000,31.533,-4.170,-1.666,-0.620,0.0063,0.0942,1.0244,
77.363,ENC,-32.7215,-21.8524,-27.2870,6.9029,0.0000,31.138,-4.170,-1.666,-0.620,0.0063,0.0942,1.0244,
77.368,IMU,-32.7215,-21.8524,-27.2870,6.9029,0.0000,31.138,-4.029,-1.621,-0.754,-0.0220,0.0513,0.9863,
77.383,ENC,-32.6090,-21.8524,-27.2307,5.6246,0.0000,30.815,-4.029,-1.621,-0.754,-0.0220,0.0513,0.9863,
77.389,IMU,-32.6090,-21.8524,-27.2307,5.6246,0.0000,30.815,-3.907,-1.643,-0.765,-0.0176,-0.0195,0.9966,
77.403,ENC,-32.5136,-21.8490,-27.1813,4.7724,0.1704,30.552,-3.907,-1.643,-0.765,-0.0176,-0.0195,0.9966,
77.408,IMU,-32.5136,-21.8490,-27.1813,4.7724,0.1704,30.552,-3.826,-1.675,-0.747,0.0239,-0.0054,1.0249,
77.423,ENC,-32.4198,-21.8081,-27.1140,4.6872,2.0453,30.400,-3.826,-1.675,-0.747,0.0239,-0.0054,1.0249,
77.428,IMU,-32.4198,-21.8081,-27.1140,4.6872,2.0453,30.400,-3.809,-1.672,-0.745,0.0503,-0.0015,0.9922,
77.443,ENC,-32.3329,-21.7212,-27.0270,4.3463,4.3463,30.400,-3.809,-1.672,-0.745,0.0503,-0.0015,0.9922,
77.448,IMU,-32.3329,-21.7212,-27.0270,4.3463,4.3463,30.400,-3.846,-1.728,-0.781,0.0796,-0.0254,0.8984,
77.463,ENC,-32.2221,-21.6019,-26.9120,5.5394,5.9655,30.425,-3.846,-1.728,-0.781,0.0796,-0.0254,0.8984,
77.468,IMU,-32.2221,-21.6019,-26.9120,5.5394,5.9655,30.425,-3.818,-1.814,-0.785,0.0386,-0.0684,1.1250,
77.484,ENC,-32.1079,-21.4774,-26.7927,5.7098,6.2211,30.454,-3.818,-1.814,-0.785,0.0386,-0.0684,1.1250,
77.488,IMU,-32.1079,-21.4774,-26.7927,5.7098,6.2211,30.454,-3.781,-1.964,-0.838,0.0366,-0.1123,1.0254,
77.503,ENC,-31.9818,-21.3360,-26.6589,6.3064,7.0734,30.498,-3.781,-1.964,-0.838,0.0366,-0.1123,1.0254,
77.508,IMU,-31.9818,-21.3360,-26.6589,6.3064,7.0734,30.498,-3.785,-1.945,-0.834,0.0293,-0.0205,0.9971,
77.523,ENC,-31.8352,-21.1809,-26.5080,7.3290,7.7551,30.522,-3.785,-1.945,-0.834,0.0293,-0.0205,0.9971,
77.528,IMU,-31.8352,-21.1809,-26.5080,7.3290,7.7551,30.522,-3.750,-1.855,-0.805,0.0454,-0.0132,1.0742,
77.543,ENC,-31.6869,-21.0155,-26.3512,7.4142,8.2665,30.571,-3.750,-1.855,-0.805,0.0454,-0.0132,1.0742,
77.548,IMU,-31.6869,-21.0155,-26.3512,7.4142,8.2665,30.571,-3.792,-1.951,-0.744,0.0498,-0.1079,1.0103,
77.563,ENC,-31.5080,-20.8110,-26.1595,8.9482,10.2265,30.645,-3.792,-1.951,-0.744,0.0498,-0.1079,1.0103,
77.568,IMU,-31.5080,-20.8110,-26.1595,8.9482,10.2265,30.645,-3.800,-2.057,-0.606,0.0869,-0.1191,0.9448,
77.583,ENC,-31.3341,-20.5911,-25.9626,8.6926,10.9935,30.776,-3.800,-2.057,-0.606,0.0869,-0.1191,0.9448,
77.588,IMU,-31.3341,-20.5911,-25.9626,8.6926,10.9935,30.776,-3.829,-1.966,-0.476,0.0903,-0.0186,0.9595,
77.603,ENC,-31.1466,-20.3781,-25.7624,9.3743,10.6526,30.850,-3.829,-1.966,-0.476,0.0903,-0.0186,0.9595,
77.608,IMU,-31.1466,-20.3781,-25.7624,9.3743,10.6526,30.850,-3.866,-2.086,-0.369,0.1348,-0.1553,0.9297,
77.624,ENC,-30.9336,-20.1531,-25.5433,10.6526,11.2492,30.884,-3.866,-2.086,-0.369,0.1348,-0.1553,0.9297,
77.629,IMU,-30.9336,-20.1531,-25.5433,10.6526,11.2492,30.884,-3.740,-2.019,-0.277,-0.0181,-0.0034,1.0386,
77.643,ENC,-30.7342,-19.9332,-25.3337,9.9709,10.9935,30.942,-3.740,-2.019,-0.277,-0.0181,-0.0034,1.0386,
77.649,IMU,-30.7342,-19.9332,-25.3337,9.9709,10.9935,30.942,-3.864,-1.999,-0.242,0.1172,-0.0732,1.0200,
77.663,ENC,-30.5075,-19.6912,-25.0993,11.3344,12.1014,30.986,-3.864,-1.999,-0.242,0.1172,-0.0732,1.0200,
77.668,IMU,-30.5075,-19.6912,-25.0993,11.3344,12.1014,30.986,-3.980,-2.039,-0.161,0.1177,-0.0327,0.9766,
77.687,ENC,-30.2791,-19.4509,-24.8650,11.4196,12.0162,31.021,-3.980,-2.039,-0.161,0.1177,-0.0327,0.9766,
77.689,IMU,-30.2791,-19.4509,-24.8650,11.4196,12.0162,31.021,-3.975,-2.042,-0.091,0.0801,-0.0762,0.9897,
77.703,ENC,-30.0524,-19.2140,-24.6332,11.3344,11.8457,31.050,-3.975,-2.042,-0.091,0.0801,-0.0762,0.9897,
77.708,IMU,-30.0524,-19.2140,-24.6332,11.3344,11.8457,31.050,-3.939,-2.007,-0.007,0.0503,-0.0454,1.0903,
77.723,ENC,-29.8035,-18.9685,-24.3860,12.4423,12.2718,31.040,-3.939,-2.007,-0.007,0.0503,-0.0454,1.0903,
77.728,IMU,-29.8035,-18.9685,-24.3860,12.4423,12.2718,31.040,-3.951,-1.913,0.015,0.0645,0.0264,0.9800,
77.743,ENC,-29.5751,-18.7231,-24.1491,11.4196,12.2718,31.089,-3.951,-1.913,0.015,0.0645,0.0264,0.9800,
77.748,IMU,-29.5751,-18.7231,-24.1491,11.4196,12.2718,31.089,-3.917,-1.908,0.055,0.0259,-0.0293,0.9370,
77.763,ENC,-29.3331,-18.4759,-23.9045,12.1014,12.3571,31.104,-3.917,-1.908,0.055,0.0259,-0.0293,0.9370,
77.768,IMU,-29.3331,-18.4759,-23.9045,12.1014,12.3571,31.104,-3.856,-1.837,0.125,0.0381,0.0225,0.9243,
77.783,ENC,-29.1201,-18.2356,-23.6778,10.6526,12.0162,31.182,-3.856,-1.837,0.125,0.0381,0.0225,0.9243,
77.790,IMU,-29.1201,-18.2356,-23.6778,10.6526,12.0162,31.182,-3.823,-1.768,0.142,0.0415,0.0352,1.0024,
77.809,ENC,-28.9053,-17.9834,-23.4443,10.7379,12.6127,31.289,-3.823,-1.768,0.142,0.0415,0.0352,1.0024,
77.814,IMU,-28.9053,-17.9834,-23.4443,10.7379,12.6127,31.289,-3.821,-1.793,0.162,0.0308,-0.0347,1.1143,
77.823,ENC,-28.6991,-17.7413,-23.2202,10.3118,12.1014,31.392,-3.821,-1.793,0.162,0.0308,-0.0347,1.1143,
77.828,IMU,-28.6991,-17.7413,-23.2202,10.3118,12.1014,31.392,-3.818,-1.766,0.192,0.0542,0.0098,0.9150,
77.843,ENC,-28.4894,-17.5027,-22.9961,10.4822,11.9310,31.475,-3.818,-1.766,0.192,0.0542,0.0098,0.9150,
77.848,IMU,-28.4894,-17.5027,-22.9961,10.4822,11.9310,31.475,-3.865,-1.643,0.240,0.1045,0.0854,0.9614,
77.863,ENC,-28.2662,-17.2590,-22.7626,11.1640,12.1866,31.533,-3.865,-1.643,0.240,0.1045,0.0854,0.9614,
77.871,IMU,-28.2662,-17.2590,-22.7626,11.1640,12.1866,31.533,-3.844,-1.660,0.279,0.0850,-0.0566,0.9097,
77.883,ENC,-28.0395,-17.0187,-22.5291,11.3344,12.0162,31.572,-3.844,-1.660,0.279,0.0850,-0.0566,0.9097,
77.888,IMU,-28.0395,-17.0187,-22.5291,11.3344,12.0162,31.572,-3.810,-1.561,0.311,0.0361,0.0410,0.9600,
77.903,ENC,-27.8298,-16.7852,-22.3075,10.4822,11.6753,31.641,-3.810,-1.561,0.311,0.0361,0.0410,0.9600,
77.908,IMU,-27.8298,-16.7852,-22.3075,10.4822,11.6753,31.641,-3.840,-1.499,0.330,0.0693,0.0264,0.9370,
77.923,ENC,-27.5929,-16.5517,-22.0723,11.8457,11.6753,31.631,-3.840,-1.499,0.330,0.0693,0.0264,0.9370,
77.929,IMU,-27.5929,-16.5517,-22.0723,11.8457,11.6753,31.631,-3.827,-1.486,0.315,0.0923,-0.0093,1.0415,
77.943,ENC,-27.3730,-16.3318,-21.8524,10.9935,10.9935,31.631,-3.827,-1.486,0.315,0.0923,-0.0093,1.0415,
77.948,IMU,-27.3730,-16.3318,-21.8524,10.9935,10.9935,31.631,-3.848,-1.477,0.306,0.1113,0.0088,1.0117,
77.963,ENC,-27.1242,-16.1102,-21.6172,12.4423,11.0788,31.553,-3.848,-1.477,0.306,0.1113,0.0088,1.0117,
77.968,IMU,-27.1242,-16.1102,-21.6172,12.4423,11.0788,31.553,-3.863,-1.438,0.367,0.0669,-0.0010,1.0093,
77.983,ENC,-26.8941,-15.8989,-21.3965,11.5049,10.5674,31.499,-3.863,-1.438,0.367,0.0669,-0.0010,1.0093,
77.989,IMU,-26.8941,-15.8989,-21.3965,11.5049,10.5674,31.499,-3.875,-1.298,0.325,0.1523,0.1123,0.9146,
78.003,ENC,-26.6657,-15.6943,-21.1800,11.4196,10.2265,31.431,-3.875,-1.298,0.325,0.1523,0.1123,0.9146,
78.008,IMU,-26.6657,-15.6943,-21.1800,11.4196,10.2265,31.431,-3.818,-1.196,0.319,-0.0098,0.0811,1.0239,
78.023,ENC,-26.4612,-15.4932,-20.9772,10.2265,10.0561,31.421,-3.818,-1.196,0.319,-0.0098,0.0811,1.0239,
78.028,IMU,-26.4612,-15.4932,-20.9772,10.2265,10.0561,31.421,-3.787,-1.077,0.395,0.0488,0.0864,0.9570,
78.043,ENC,-26.2822,-15.2904,-20.7863,8.9482,10.1413,31.489,-3.787,-1.077,0.395,0.0488,0.0864,0.9570,
78.048,IMU,-26.2822,-15.2904,-20.7863,8.9482,10.1413,31.489,-3.776,-0.980,0.443,0.0713,0.0874,0.9629,
78.066,ENC,-26.1015,-15.1148,-20.6082,9.0334,8.7778,31.475,-3.776,-0.980,0.443,0.0713,0.0874,0.9629,
78.068,IMU,-26.1015,-15.1148,-20.6082,9.0334,8.7778,31.475,-3.798,-0.960,0.476,0.0747,0.0522,0.9722,
78.083,ENC,-25.9413,-14.9495,-20.4454,8.0108,8.2665,31.489,-3.798,-0.960,0.476,0.0747,0.0522,0.9722,
78.088,IMU,-25.9413,-14.9495,-20.4454,8.0108,8.2665,31.489,-3.797,-0.850,0.461,0.0615,0.0728,0.9878,
78.103,ENC,-25.7913,-14.7978,-20.2946,7.4995,7.5847,31.494,-3.797,-0.850,0.461,0.0615,0.0728,0.9878,
78.108,IMU,-25.7913,-14.7978,-20.2946,7.4995,7.5847,31.494,-3.811,-0.696,0.440,0.0664,0.1172,0.9937,
78.123,ENC,-25.6533,-14.6717,-20.1625,6.9029,6.3064,31.460,-3.811,-0.696,0.440,0.0664,0.1172,0.9937,
78.128,IMU,-25.6533,-14.6717,-20.1625,6.9029,6.3064,31.460,-3.851,-0.395,0.359,0.1128,0.1782,0.9663,
78.143,ENC,-25.5288,-14.6052,-20.0670,6.2211,3.3236,31.294,-3.851,-0.395,0.359,0.1128,0.1782,0.9663,
78.148,IMU,-25.5288,-14.6052,-20.0670,6.2211,3.3236,31.294,-3.860,-0.206,0.195,0.0679,0.1450,0.9219,
78.163,ENC,-25.4215,-14.5524,-19.9869,5.3689,2.6419,31.138,-3.860,-0.206,0.195,0.0679,0.1450,0.9219,
78.168,IMU,-25.4215,-14.5524,-19.9869,5.3689,2.6419,31.138,-3.744,-0.110,0.059,0.0229,0.1255,1.0654,
78.183,ENC,-25.3192,-14.5098,-19.9145,5.1133,2.1305,30.967,-3.744,-0.110,0.059,0.0229,0.1255,1.0654,
78.188,IMU,-25.3192,-14.5098,-19.9145,5.1133,2.1305,30.967,-3.836,-0.178,-0.028,0.0938,-0.0229,0.8896,
78.204,ENC,-25.2221,-14.4620,-19.8420,4.8576,2.3862,30.825,-3.836,-0.178,-0.028,0.0938,-0.0229,0.8896,
78.210,IMU,-25.2221,-14.4620,-19.8420,4.8576,2.3862,30.825,-3.912,-0.306,-0.182,0.1035,-0.0625,0.9629,
78.224,ENC,-25.1079,-14.4245,-19.7662,5.7098,1.8749,30.605,-3.912,-0.306,-0.182,0.1035,-0.0625,0.9629,
78.252,ENC,-24.9885,-14.3887,-19.6886,5.9655,1.7896,30.366,-3.912,-0.306,-0.182,0.1035,-0.0625,0.9629,
78.255,IMU,-24.9885,-14.3887,-19.6886,5.9655,1.7896,30.366,-3.932,-0.345,-0.351,0.1177,-0.0566,0.9976,
78.259,IMU,-24.9885,-14.3887,-19.6886,5.9655,1.7896,30.366,-3.932,-0.545,-0.597,0.0635,-0.1030,1.0439,
78.264,ENC,-24.8454,-14.3547,-19.6000,7.1586,1.7044,30.054,-3.932,-0.545,-0.597,0.0635,-0.1030,1.0439,
78.269,IMU,-24.8454,-14.3547,-19.6000,7.1586,1.7044,30.054,-3.978,-0.577,-0.830,0.0874,-0.1089,0.8965,
78.309,IMU,-24.8454,-14.3547,-19.6000,7.1586,1.7044,30.054,-4.071,-0.520,-1.051,0.1147,0.0488,1.0239,
78.309,ENC,-24.6920,-14.3120,-19.5020,7.6699,2.1305,29.736,-4.071,-0.520,-1.051,0.1147,0.0488,1.0239,
78.315,IMU,-24.6920,-14.3120,-19.5020,7.6699,2.1305,29.736,-4.234,-0.652,-1.386,0.1665,-0.0898,0.9868,
78.315,ENC,-24.5096,-14.2950,-19.4023,9.1187,0.8522,29.263,-4.234,-0.652,-1.386,0.1665,-0.0898,0.9868,
78.323,ENC,-24.3085,-14.2899,-19.2992,10.0561,0.2557,28.701,-4.234,-0.652,-1.386,0.1665,-0.0898,0.9868,
78.328,IMU,-24.3085,-14.2899,-19.2992,10.0561,0.2557,28.701,-4.371,-0.688,-1.781,0.1348,-0.0156,1.0752,
78.343,ENC,-24.0767,-14.3086,-19.1927,11.5901,-0.9374,27.983,-4.371,-0.688,-1.781,0.1348,-0.0156,1.0752,
78.348,IMU,-24.0767,-14.3086,-19.1927,11.5901,-0.9374,27.983,-4.366,-0.773,-2.273,0.1421,-0.0576,0.9663,
78.363,ENC,-23.8227,-14.3564,-19.0895,12.6980,-2.3862,27.119,-4.366,-0.773,-2.273,0.1421,-0.0576,0.9663,
78.368,IMU,-23.8227,-14.3564,-19.0895,12.6980,-2.3862,27.119,-4.494,-0.746,-2.785,0.1938,0.0073,0.8457,
78.384,ENC,-23.5534,-14.4314,-18.9924,13.4649,-3.7497,26.133,-4.494,-0.746,-2.785,0.1938,0.0073,0.8457,
78.388,IMU,-23.5534,-14.4314,-18.9924,13.4649,-3.7497,26.133,-4.518,-0.851,-3.351,0.1235,-0.0322,1.0063,
78.430,IMU,-23.5534,-14.4314,-18.9924,13.4649,-3.7497,26.133,-4.575,-0.849,-3.918,0.1641,-0.0005,1.0142,
78.431,IMU,-23.5534,-14.4314,-18.9924,13.4649,-3.7497,26.133,-4.583,-0.778,-4.549,0.0391,0.0425,0.9883,
78.443,ENC,-22.7200,-14.6870,-18.7035,13.8910,-4.2611,23.013,-4.583,-0.778,-4.549,0.0391,0.0425,0.9883,
78.449,IMU,-22.7200,-14.6870,-18.7035,13.8910,-4.2611,23.013,-4.595,-0.815,-5.131,0.0630,-0.0332,1.0078,
78.463,ENC,-22.4558,-14.7791,-18.6174,13.2093,-4.6019,21.992,-4.595,-0.815,-5.131,0.0630,-0.0332,1.0078,
78.469,IMU,-22.4558,-14.7791,-18.6174,13.2093,-4.6019,21.992,-4.600,-0.892,-5.700,0.0488,-0.0449,1.0596,
78.483,ENC,-22.2052,-14.8728,-18.5390,12.5275,-4.6872,21.006,-4.600,-0.892,-5.700,0.0488,-0.0449,1.0596,
78.490,IMU,-22.2052,-14.8728,-18.5390,12.5275,-4.6872,21.006,-4.803,-0.928,-6.306,0.2114,-0.0264,0.9629,
78.506,ENC,-21.9632,-14.9631,-18.4632,12.1014,-4.5167,20.054,-4.803,-0.928,-6.306,0.2114,-0.0264,0.9629,
78.508,IMU,-21.9632,-14.9631,-18.4632,12.1014,-4.5167,20.054,-4.766,-0.970,-6.916,0.0757,-0.0264,1.0249,
78.524,ENC,-21.7365,-15.0518,-18.3941,11.3344,-4.4315,19.150,-4.766,-0.970,-6.916,0.0757,-0.0264,1.0249,
78.528,IMU,-21.7365,-15.0518,-18.3941,11.3344,-4.4315,19.150,-4.807,-0.964,-7.519,0.0859,-0.0024,0.8457,
78.547,ENC,-21.4894,-15.0910,-18.2902,12.3571,-1.9601,18.330,-4.807,-0.964,-7.519,0.0859,-0.0024,0.8457,
78.550,IMU,-21.4894,-15.0910,-18.2902,12.3571,-1.9601,18.330,-4.681,-0.972,-8.163,-0.0215,0.0200,0.9072,
78.563,ENC,-21.2525,-15.1268,-18.1896,11.8457,-1.7896,17.549,-4.681,-0.972,-8.163,-0.0215,0.0200,0.9072,
78.568,IMU,-21.2525,-15.1268,-18.1896,11.8457,-1.7896,17.549,-4.694,-0.973,-8.752,0.1079,-0.0171,0.9941,
78.583,ENC,-21.0138,-15.2086,-18.1112,11.9310,-4.0906,16.631,-4.694,-0.973,-8.752,0.1079,-0.0171,0.9941,
78.588,IMU,-21.0138,-15.2086,-18.1112,11.9310,-4.0906,16.631,-4.605,-0.969,-9.236,0.0220,0.0078,0.9971,
78.603,ENC,-20.7940,-15.3211,-18.0575,10.9935,-5.6246,15.679,-4.605,-0.969,-9.236,0.0220,0.0078,0.9971,
78.610,IMU,-20.7940,-15.3211,-18.0575,10.9935,-5.6246,15.679,-4.541,-1.065,-9.684,0.0400,-0.1021,1.0244,
78.623,ENC,-20.5928,-15.3228,-17.9578,10.0561,-0.0852,15.098,-4.541,-1.065,-9.684,0.0400,-0.1021,1.0244,
78.628,IMU,-20.5928,-15.3228,-17.9578,10.0561,-0.0852,15.098,-4.506,-1.058,-10.063,0.0635,0.0049,0.9858,
78.643,ENC,-20.3934,-15.3006,-17.8470,9.9709,1.1079,14.590,-4.506,-1.058,-10.063,0.0635,0.0049,0.9858,
78.648,IMU,-20.3934,-15.3006,-17.8470,9.9709,1.1079,14.590,-4.499,-0.912,-10.347,0.0532,0.0693,1.0229,
78.679,IMU,-20.3934,-15.3006,-17.8470,9.9709,1.1079,14.590,-4.370,-0.900,-10.537,-0.0146,0.0415,1.0576,
78.679,ENC,-20.2230,-15.2853,-17.7541,8.5221,0.7670,14.146,-4.370,-0.900,-10.537,-0.0146,0.0415,1.0576,
78.683,ENC,-20.0832,-15.2767,-17.6800,6.9881,0.4261,13.770,-4.370,-0.900,-10.537,-0.0146,0.0415,1.0576,
78.689,IMU,-20.0832,-15.2767,-17.6800,6.9881,0.4261,13.770,-4.242,-0.767,-10.693,-0.0107,0.0654,0.9692,
78.703,ENC,-19.9724,-15.2767,-17.6246,5.5394,0.0000,13.452,-4.242,-0.767,-10.693,-0.0107,0.0654,0.9692,
78.711,IMU,-19.9724,-15.2767,-17.6246,5.5394,0.0000,13.452,-4.148,-0.714,-10.747,-0.0010,0.0615,0.9575,
78.724,ENC,-19.8770,-15.2733,-17.5752,4.7724,0.1704,13.188,-4.148,-0.714,-10.747,-0.0010,0.0615,0.9575,
78.729,IMU,-19.8770,-15.2733,-17.5752,4.7724,0.1704,13.188,-4.080,-0.629,-10.822,0.0176,0.0635,1.0156,
78.743,ENC,-19.7952,-15.2716,-17.5334,4.0906,0.0852,12.959,-4.080,-0.629,-10.822,0.0176,0.0635,1.0156,
78.749,IMU,-19.7952,-15.2716,-17.5334,4.0906,0.0852,12.959,-3.998,-0.583,-10.882,0.0054,0.0332,1.0298,
78.763,ENC,-19.7287,-15.2648,-17.4968,3.3236,0.3409,12.788,-3.998,-0.583,-10.882,0.0054,0.0332,1.0298,
78.768,IMU,-19.7287,-15.2648,-17.4968,3.3236,0.3409,12.788,-3.997,-0.588,-10.978,0.0405,0.0176,0.9722,
78.783,ENC,-19.6690,-15.2290,-17.4490,2.9827,1.7896,12.720,-3.997,-0.588,-10.978,0.0405,0.0176,0.9722,
78.792,IMU,-19.6690,-15.2290,-17.4490,2.9827,1.7896,12.720,-3.968,-0.643,-10.981,0.0249,-0.0298,0.9824,
78.803,ENC,-19.6196,-15.1847,-17.4022,2.4714,2.2158,12.705,-3.968,-0.643,-10.981,0.0249,-0.0298,0.9824,
78.809,IMU,-19.6196,-15.1847,-17.4022,2.4714,2.2158,12.705,-3.942,-0.706,-10.961,0.0654,-0.0518,0.9517,
78.824,ENC,-19.5702,-15.1199,-17.3451,2.4714,3.2384,12.749,-3.942,-0.706,-10.961,0.0654,-0.0518,0.9517,
78.828,IMU,-19.5702,-15.1199,-17.3451,2.4714,3.2384,12.749,-3.959,-0.817,-10.925,0.0791,-0.0898,0.9980,
78.843,ENC,-19.5173,-15.0381,-17.2777,2.6419,4.0906,12.832,-3.959,-0.817,-10.925,0.0791,-0.0898,0.9980,
78.850,IMU,-19.5173,-15.0381,-17.2777,2.6419,4.0906,12.832,-3.987,-0.888,-10.800,0.0620,-0.0986,0.9287,
78.863,ENC,-19.4560,-14.9529,-17.2044,3.0680,4.2611,12.900,-3.987,-0.888,-10.800,0.0620,-0.0986,0.9287,
78.869,IMU,-19.4560,-14.9529,-17.2044,3.0680,4.2611,12.900,-3.957,-0.956,-10.711,0.0405,-0.0571,1.0337,
78.883,ENC,-19.3946,-14.8609,-17.1277,3.0680,4.6019,12.988,-3.957,-0.956,-10.711,0.0405,-0.0571,1.0337,
78.890,IMU,-19.3946,-14.8609,-17.1277,3.0680,4.6019,12.988,-3.915,-1.002,-10.629,0.0767,-0.0625,0.9590,
78.903,ENC,-19.3247,-14.7603,-17.0425,3.4941,5.0280,13.076,-3.915,-1.002,-10.629,0.0767,-0.0625,0.9590,
78.908,IMU,-19.3247,-14.7603,-17.0425,3.4941,5.0280,13.076,-3.961,-0.974,-10.503,0.0776,-0.0283,1.0044,
78.923,ENC,-19.2532,-14.6495,-16.9513,3.5793,5.5394,13.188,-3.961,-0.974,-10.503,0.0776,-0.0283,1.0044,
78.928,IMU,-19.2532,-14.6495,-16.9513,3.5793,5.5394,13.188,-3.880,-0.974,-10.376,0.0688,-0.0410,1.0117,
78.943,ENC,-19.1799,-14.5438,-16.8619,3.6645,5.2837,13.281,-3.880,-0.974,-10.376,0.0688,-0.0410,1.0117,
78.952,IMU,-19.1799,-14.5438,-16.8619,3.6645,5.2837,13.281,-3.836,-0.965,-10.275,0.0283,-0.0166,0.9736,
78.965,ENC,-19.1032,-14.4279,-16.7656,3.8350,5.7950,13.394,-3.836,-0.965,-10.275,0.0283,-0.0166,0.9736,
78.968,IMU,-19.1032,-14.4279,-16.7656,3.8350,5.7950,13.394,-3.781,-0.986,-10.202,0.0605,-0.0166,1.0396,
78.983,ENC,-19.0214,-14.3172,-16.6693,4.0906,5.5394,13.477,-3.781,-0.986,-10.202,0.0605,-0.0166,1.0396,
78.989,IMU,-19.0214,-14.3172,-16.6693,4.0906,5.5394,13.477,-3.779,-0.964,-10.187,0.0400,-0.0225,0.9858,
79.003,ENC,-18.9344,-14.2081,-16.5713,4.3463,5.4542,13.540,-3.779,-0.964,-10.187,0.0400,-0.0225,0.9858,
79.009,IMU,-18.9344,-14.2081,-16.5713,4.3463,5.4542,13.540,-3.765,-1.002,-10.105,0.0684,-0.0244,1.0386,
79.023,ENC,-18.8373,-14.1007,-16.4690,4.8576,5.3689,13.569,-3.765,-1.002,-10.105,0.0684,-0.0244,1.0386,
79.029,IMU,-18.8373,-14.1007,-16.4690,4.8576,5.3689,13.569,-3.799,-0.991,-10.079,0.1040,-0.0249,0.9951,
79.043,ENC,-18.7418,-14.0018,-16.3718,4.7724,4.9428,13.579,-3.799,-0.991,-10.079,0.1040,-0.0249,0.9951,
79.048,IMU,-18.7418,-14.0018,-16.3718,4.7724,4.9428,13.579,-3.833,-0.989,-10.042,0.1001,0.0044,0.9873,
79.063,ENC,-18.6413,-13.8996,-16.2704,5.0280,5.1133,13.584,-3.833,-0.989,-10.042,0.1001,0.0044,0.9873,
79.068,IMU,-18.6413,-13.8996,-16.2704,5.0280,5.1133,13.584,-3.830,-0.924,-9.991,0.0825,0.0366,0.9458,
79.083,ENC,-18.5424,-13.7939,-16.1682,4.9428,5.2837,13.604,-3.830,-0.924,-9.991,0.0825,0.0366,0.9458,
79.088,IMU,-18.5424,-13.7939,-16.1682,4.9428,5.2837,13.604,-3.847,-0.836,-9.989,0.0615,0.0029,1.0273,
79.103,ENC,-18.4487,-13.6950,-16.0719,4.6872,4.9428,13.618,-3.847,-0.836,-9.989,0.0615,0.0029,1.0273,
79.108,IMU,-18.4487,-13.6950,-16.0719,4.6872,4.9428,13.618,-3.834,-0.811,-9.925,0.0220,0.0103,0.9966,
79.123,ENC,-18.3600,-13.5996,-15.9798,4.4315,4.7724,13.638,-3.834,-0.811,-9.925,0.0220,0.0103,0.9966,
79.128,IMU,-18.3600,-13.5996,-15.9798,4.4315,4.7724,13.638,-3.808,-0.765,-9.927,0.0581,0.0293,1.0117,
79.143,ENC,-18.2765,-13.4990,-15.8878,4.1758,5.0280,13.687,-3.808,-0.765,-9.927,0.0581,0.0293,1.0117,
79.148,IMU,-18.2765,-13.4990,-15.8878,4.1758,5.0280,13.687,-3.770,-0.723,-9.841,0.0635,0.0254,0.9844,
79.163,ENC,-18.1981,-13.4019,-15.8000,3.9202,4.8576,13.740,-3.770,-0.723,-9.841,0.0635,0.0254,0.9844,
79.168,IMU,-18.1981,-13.4019,-15.8000,3.9202,4.8576,13.740,-3.723,-0.667,-9.790,0.0410,0.0195,1.0098,
79.184,ENC,-18.1248,-13.3167,-15.7207,3.6645,4.2611,13.774,-3.723,-0.667,-9.790,0.0410,0.0195,1.0098,
79.188,IMU,-18.1248,-13.3167,-15.7207,3.6645,4.2611,13.774,-3.720,-0.635,-9.794,0.0879,0.0195,0.9941,
79.203,ENC,-18.0550,-13.2451,-15.6500,3.4941,3.5793,13.779,-3.720,-0.635,-9.794,0.0879,0.0195,0.9941,
79.208,IMU,-18.0550,-13.2451,-15.6500,3.4941,3.5793,13.779,-3.726,-0.658,-9.788,0.0474,-0.0254,1.0312,
79.223,ENC,-17.9766,-13.1769,-15.5767,3.9202,3.4088,13.750,-3.726,-0.658,-9.788,0.0474,-0.0254,1.0312,
79.228,IMU,-17.9766,-13.1769,-15.5767,3.9202,3.4088,13.750,-3.720,-0.671,-9.834,0.0630,0.0020,0.9614,
79.243,ENC,-17.9033,-13.1070,-15.5051,3.6645,3.4941,13.740,-3.720,-0.671,-9.834,0.0630,0.0020,0.9614,
79.248,IMU,-17.9033,-13.1070,-15.5051,3.6645,3.4941,13.740,-3.670,-0.639,-9.859,0.0273,0.0083,1.0264,
79.263,ENC,-17.8385,-13.0371,-15.4378,3.2384,3.4941,13.755,-3.670,-0.639,-9.859,0.0273,0.0083,1.0264,
79.268,IMU,-17.8385,-13.0371,-15.4378,3.2384,3.4941,13.755,-3.637,-0.632,-9.816,0.0200,-0.0063,1.0034,
79.284,ENC,-17.7754,-12.9673,-15.3713,3.1532,3.4941,13.774,-3.637,-0.632,-9.816,0.0200,-0.0063,1.0034,
79.288,IMU,-17.7754,-12.9673,-15.3713,3.1532,3.4941,13.774,-3.619,-0.569,-9.848,0.0684,0.0234,0.9902,
79.303,ENC,-17.7175,-12.9076,-15.3125,2.8975,2.9827,13.779,-3.619,-0.569,-9.848,0.0684,0.0234,0.9902,
79.308,IMU,-17.7175,-12.9076,-15.3125,2.8975,2.9827,13.779,-3.607,-0.488,-9.805,0.0796,0.0342,0.9800,
79.324,ENC,-17.6561,-12.8462,-15.2512,3.0680,3.0680,13.779,-3.607,-0.488,-9.805,0.0796,0.0342,0.9800,
79.328,IMU,-17.6561,-12.8462,-15.2512,3.0680,3.0680,13.779,-3.589,-0.460,-9.815,0.0752,0.0293,0.9878,
79.346,ENC,-17.5999,-12.7900,-15.1949,2.8123,2.8123,13.779,-3.589,-0.460,-9.815,0.0752,0.0293,0.9878,
79.348,IMU,-17.5999,-12.7900,-15.1949,2.8123,2.8123,13.779,-3.596,-0.388,-9.814,0.0815,0.0464,0.9893,
79.363,ENC,-17.5487,-12.7423,-15.1455,2.5566,2.3862,13.770,-3.596,-0.388,-9.814,0.0815,0.0464,0.9893,
79.369,IMU,-17.5487,-12.7423,-15.1455,2.5566,2.3862,13.770,-3.591,-0.385,-9.843,0.0479,0.0220,0.9941,
79.390,IMU,-17.5487,-12.7423,-15.1455,2.5566,2.3862,13.770,-3.507,-0.367,-9.845,0.0288,-0.0029,1.0054,
79.390,ENC,-17.4976,-12.6911,-15.0944,2.5566,2.5566,13.770,-3.507,-0.367,-9.845,0.0288,-0.0029,1.0054,
79.404,ENC,-17.4550,-12.6417,-15.0484,2.1305,2.4714,13.789,-3.507,-0.367,-9.845,0.0288,-0.0029,1.0054,
79.408,IMU,-17.4550,-12.6417,-15.0484,2.1305,2.4714,13.789,-3.452,-0.377,-9.842,0.0591,0.0132,1.0137,
79.427,ENC,-17.4124,-12.5957,-15.0040,2.1305,2.3010,13.799,-3.452,-0.377,-9.842,0.0591,0.0132,1.0137,
79.430,IMU,-17.4124,-12.5957,-15.0040,2.1305,2.3010,13.799,-3.477,-0.328,-9.863,0.0547,0.0112,1.0024,
79.447,ENC,-17.3749,-12.5497,-14.9623,1.8749,2.3010,13.823,-3.477,-0.328,-9.863,0.0547,0.0112,1.0024,
79.450,IMU,-17.3749,-12.5497,-14.9623,1.8749,2.3010,13.823,-3.569,-0.288,-9.873,0.0605,0.0332,1.0151,
79.464,ENC,-17.3408,-12.5071,-14.9239,1.7044,2.1305,13.848,-3.569,-0.288,-9.873,0.0605,0.0332,1.0151,
79.468,IMU,-17.3408,-12.5071,-14.9239,1.7044,2.1305,13.848,-3.568,-0.263,-9.887,0.0488,0.0220,0.9961,
79.483,ENC,-17.3084,-12.4730,-14.8907,1.6192,1.7044,13.853,-3.568,-0.263,-9.887,0.0488,0.0220,0.9961,
79.488,IMU,-17.3084,-12.4730,-14.8907,1.6192,1.7044,13.853,-3.574,-0.191,-9.880,0.0752,0.0283,0.9771,
79.503,ENC,-17.2794,-12.4423,-14.8609,1.4488,1.5340,13.857,-3.574,-0.191,-9.880,0.0752,0.0283,0.9771,
79.508,IMU,-17.2794,-12.4423,-14.8609,1.4488,1.5340,13.857,-3.588,-0.181,-9.907,0.0425,0.0249,1.0029,
79.523,ENC,-17.2624,-12.4321,-14.8472,0.8522,0.5113,13.838,-3.588,-0.181,-9.907,0.0425,0.0249,1.0029,
79.530,IMU,-17.2624,-12.4321,-14.8472,0.8522,0.5113,13.838,-3.545,-0.103,-9.818,0.0508,0.0366,1.0020,
79.544,ENC,-17.2454,-12.4116,-14.8285,0.8522,1.0227,13.848,-3.545,-0.103,-9.818,0.0508,0.0366,1.0020,
79.548,IMU,-17.2454,-12.4116,-14.8285,0.8522,1.0227,13.848,-3.576,-0.099,-9.857,0.0610,0.0112,1.0029,
79.563,ENC,-17.2368,-12.3997,-14.8183,0.4261,0.5965,13.857,-3.576,-0.099,-9.857,0.0610,0.0112,1.0029,
79.568,IMU,-17.2368,-12.3997,-14.8183,0.4261,0.5965,13.857,-3.600,0.018,-9.885,0.0806,0.0552,0.9971,
79.583,ENC,-17.2317,-12.3946,-14.8131,0.2557,0.2557,13.857,-3.600,0.018,-9.885,0.0806,0.0552,0.9971,
79.588,IMU,-17.2317,-12.3946,-14.8131,0.2557,0.2557,13.857,-3.619,0.033,-9.941,0.0708,0.0391,0.9932,
79.603,ENC,-17.2300,-12.3963,-14.8131,0.0852,-0.0852,13.848,-3.619,0.033,-9.941,0.0708,0.0391,0.9932,
79.608,IMU,-17.2300,-12.3963,-14.8131,0.0852,-0.0852,13.848,-3.613,0.095,-9.946,0.0625,0.0425,1.0054,
79.623,ENC,-17.2351,-12.4014,-14.8183,-0.2557,-0.2557,13.848,-3.613,0.095,-9.946,0.0625,0.0425,1.0054,
79.629,IMU,-17.2351,-12.4014,-14.8183,-0.2557,-0.2557,13.848,-3.565,0.070,-9.980,0.0449,0.0059,0.9917,
79.643,ENC,-17.2402,-12.4099,-14.8251,-0.2557,-0.4261,13.838,-3.565,0.070,-9.980,0.0449,0.0059,0.9917,
79.648,IMU,-17.2402,-12.4099,-14.8251,-0.2557,-0.4261,13.838,-3.583,0.014,-10.029,0.0610,-0.0298,1.0112,
79.666,ENC,-17.2471,-12.4150,-14.8310,-0.3409,-0.2557,13.843,-3.583,0.014,-10.029,0.0610,-0.0298,1.0112,
79.669,IMU,-17.2471,-12.4150,-14.8310,-0.3409,-0.2557,13.843,-3.572,-0.032,-10.034,0.0698,-0.0244,1.0015,
79.683,ENC,-17.2522,-12.4167,-14.8344,-0.2557,-0.0852,13.853,-3.572,-0.032,-10.034,0.0698,-0.0244,1.0015,
79.688,IMU,-17.2522,-12.4167,-14.8344,-0.2557,-0.0852,13.853,-3.548,-0.076,-10.006,0.0679,-0.0356,0.9878,
79.703,ENC,-17.2539,-12.4167,-14.8353,-0.0852,0.0000,13.857,-3.548,-0.076,-10.006,0.0679,-0.0356,0.9878,
79.708,IMU,-17.2539,-12.4167,-14.8353,-0.0852,0.0000,13.857,-3.519,-0.114,-9.995,0.0596,-0.0386,0.9995,
79.723,ENC,-17.2522,-12.4150,-14.8336,0.0852,0.0852,13.857,-3.519,-0.114,-9.995,0.0596,-0.0386,0.9995,
79.728,IMU,-17.2522,-12.4150,-14.8336,0.0852,0.0852,13.857,-3.552,-0.120,-9.932,0.0566,-0.0107,0.9956,
79.743,ENC,-17.2471,-12.4133,-14.8302,0.2557,0.0852,13.848,-3.552,-0.120,-9.932,0.0566,-0.0107,0.9956,
79.748,IMU,-17.2471,-12.4133,-14.8302,0.2557,0.0852,13.848,-3.626,-0.085,-9.956,0.0693,-0.0063,0.9932,
79.763,ENC,-17.2402,-12.4116,-14.8259,0.3409,0.0852,13.833,-3.626,-0.085,-9.956,0.0693,-0.0063,0.9932,
79.771,IMU,-17.2402,-12.4116,-14.8259,0.3409,0.0852,13.833,-3.648,-0.083,-9.894,0.0576,-0.0005,0.9873,
79.783,ENC,-17.2385,-12.4099,-14.8242,0.0852,0.0852,13.833,-3.648,-0.083,-9.894,0.0576,-0.0005,0.9873,
79.789,IMU,-17.2385,-12.4099,-14.8242,0.0852,0.0852,13.833,-3.654,-0.064,-9.915,0.0522,-0.0059,1.0020,
79.804,ENC,-17.2368,-12.4082,-14.8225,0.0852,0.0852,13.833,-3.654,-0.064,-9.915,0.0522,-0.0059,1.0020,
79.808,IMU,-17.2368,-12.4082,-14.8225,0.0852,0.0852,13.833,-3.618,-0.040,-9.969,0.0620,0.0151,0.9795,
79.823,ENC,-17.2385,-12.4082,-14.8234,-0.0852,0.0000,13.838,-3.618,-0.040,-9.969,0.0620,0.0151,0.9795,
79.828,IMU,-17.2385,-12.4082,-14.8234,-0.0852,0.0000,13.838,-3.676,-0.096,-9.954,0.0654,-0.0103,0.9878,
79.843,ENC,-17.2402,-12.4082,-14.8242,-0.0852,0.0000,13.843,-3.676,-0.096,-9.954,0.0654,-0.0103,0.9878,
79.848,IMU,-17.2402,-12.4082,-14.8242,-0.0852,0.0000,13.843,-3.665,-0.103,-9.967,0.0693,-0.0186,1.0005,
79.864,ENC,-17.2402,-12.4099,-14.8251,0.0000,-0.0852,13.838,-3.665,-0.103,-9.967,0.0693,-0.0186,1.0005,
79.868,IMU,-17.2402,-12.4099,-14.8251,0.0000,-0.0852,13.838,-3.681,-0.116,-9.951,0.0674,-0.0200,0.9907,
79.883,ENC,-17.2402,-12.4099,-14.8251,0.0000,0.0000,13.838,-3.681,-0.116,-9.951,0.0674,-0.0200,0.9907,
79.888,IMU,-17.2402,-12.4099,-14.8251,0.0000,0.0000,13.838,-3.643,-0.135,-9.948,0.0645,-0.0229,1.0083,
79.903,ENC,-17.2402,-12.4082,-14.8242,0.0000,0.0852,13.843,-3.643,-0.135,-9.948,0.0645,-0.0229,1.0083,
79.908,IMU,-17.2402,-12.4082,-14.8242,0.0000,0.0852,13.843,-3.590,-0.175,-9.954,0.0425,-0.0088,0.9971,
79.924,ENC,-17.2385,-12.4082,-14.8234,0.0852,0.0000,13.838,-3.590,-0.175,-9.954,0.0425,-0.0088,0.9971,
79.928,IMU,-17.2385,-12.4082,-14.8234,0.0852,0.0000,13.838,-3.576,-0.214,-9.958,0.0498,0.0054,0.9941,
79.943,ENC,-17.2385,-12.4082,-14.8234,0.0000,0.0000,13.838,-3.576,-0.214,-9.958,0.0498,0.0054,0.9941,
79.949,IMU,-17.2385,-12.4082,-14.8234,0.0000,0.0000,13.838,-3.609,-0.170,-9.941,0.0757,0.0088,0.9927,
79.963,ENC,-17.2385,-12.4082,-14.8234,0.0000,0.0000,13.838,-3.609,-0.170,-9.941,0.0757,0.0088,0.9927,
79.968,IMU,-17.2385,-12.4082,-14.8234,0.0000,0.0000,13.838,-3.601,-0.201,-9.962,0.0649,-0.0122,0.9937,
79.983,ENC,-17.2385,-12.4099,-14.8242,0.0000,-0.0852,13.833,-3.601,-0.201,-9.962,0.0649,-0.0122,0.9937,
79.988,IMU,-17.2385,-12.4099,-14.8242,0.0000,-0.0852,13.833,-3.517,-0.241,-9.922,0.0508,-0.0215,1.0044,
80.003,ENC,-17.2402,-12.4099,-14.8251,-0.0852,0.0000,13.838,-3.517,-0.241,-9.922,0.0508,-0.0215,1.0044,
80.008,IMU,-17.2402,-12.4099,-14.8251,-0.0852,0.0000,13.838,-3.519,-0.213,-9.912,0.0820,-0.0034,0.9951,
80.028,IMU,-17.2402,-12.4099,-14.8251,-0.0852,0.0000,13.838,-3.533,-0.221,-9.937,0.0410,-0.0156,0.9849,
80.042,ENC,-17.2402,-12.4099,-14.8251,0.0000,0.0000,13.838,-3.533,-0.221,-9.937,0.0410,-0.0156,0.9849,
80.043,ENC,-17.2385,-12.4082,-14.8234,0.0852,0.0852,13.838,-3.533,-0.221,-9.937,0.0410,-0.0156,0.9849,
80.048,IMU,-17.2385,-12.4082,-14.8234,0.0852,0.0852,13.838,-3.534,-0.221,-9.898,0.0649,-0.0015,1.0034,
80.063,ENC,-17.2385,-12.4082,-14.8234,0.0000,0.0000,13.838,-3.534,-0.221,-9.898,0.0649,-0.0015,1.0034,
80.068,IMU,-17.2385,-12.4082,-14.8234,0.0000,0.0000,13.838,-3.527,-0.241,-9.881,0.0547,-0.0239,0.9937,
80.087,ENC,-17.2385,-12.4048,-14.8217,0.0000,0.1704,13.848,-3.527,-0.241,-9.881,0.0547,-0.0239,0.9937,
80.090,IMU,-17.2385,-12.4048,-14.8217,0.0000,0.1704,13.848,-3.515,-0.268,-9.849,0.0356,-0.0283,0.9990,
80.104,ENC,-17.2385,-12.3946,-14.8165,0.0000,0.5113,13.877,-3.515,-0.268,-9.849,0.0356,-0.0283,0.9990,
80.108,IMU,-17.2385,-12.3946,-14.8165,0.0000,0.5113,13.877,-3.508,-0.370,-9.811,0.0249,-0.0610,0.9819,
80.123,ENC,-17.2402,-12.3690,-14.8046,-0.0852,1.2783,13.955,-3.508,-0.370,-9.811,0.0249,-0.0610,0.9819,
80.128,IMU,-17.2402,-12.3690,-14.8046,-0.0852,1.2783,13.955,-3.495,-0.414,-9.747,0.0435,-0.0322,0.9526,
80.144,ENC,-17.2471,-12.3383,-14.7927,-0.3409,1.5340,14.063,-3.495,-0.414,-9.747,0.0435,-0.0322,0.9526,
80.148,IMU,-17.2471,-12.3383,-14.7927,-0.3409,1.5340,14.063,-3.434,-0.597,-9.587,0.0107,-0.1108,1.0015,
80.163,ENC,-17.2624,-12.2497,-14.7560,-0.7670,4.4315,14.360,-3.434,-0.597,-9.587,0.0107,-0.1108,1.0015,
80.168,IMU,-17.2624,-12.2497,-14.7560,-0.7670,4.4315,14.360,-3.406,-0.545,-9.215,0.0371,-0.0269,1.0449,
80.183,ENC,-17.2982,-12.1594,-14.7288,-1.7896,4.5167,14.722,-3.406,-0.545,-9.215,0.0371,-0.0269,1.0449,
80.188,IMU,-17.2982,-12.1594,-14.7288,-1.7896,4.5167,14.722,-3.347,-0.602,-8.853,-0.0249,-0.0674,1.1094,
80.203,ENC,-17.3476,-12.0349,-14.6913,-2.4714,6.2211,15.220,-3.347,-0.602,-8.853,-0.0249,-0.0674,1.1094,
80.208,IMU,-17.3476,-12.0349,-14.6913,-2.4714,6.2211,15.220,-3.242,-0.587,-8.518,0.0146,0.0015,1.0259,
80.223,ENC,-17.4073,-11.9139,-14.6606,-2.9827,6.0507,15.737,-3.242,-0.587,-8.518,0.0146,0.0015,1.0259,
80.228,IMU,-17.4073,-11.9139,-14.6606,-2.9827,6.0507,15.737,-3.252,-0.538,-8.113,0.0601,-0.0391,0.9512,
80.246,ENC,-17.4601,-11.7895,-14.6248,-2.6419,6.2211,16.245,-3.252,-0.538,-8.113,0.0601,-0.0391,0.9512,
80.249,IMU,-17.4601,-11.7895,-14.6248,-2.6419,6.2211,16.245,-3.170,-0.541,-7.791,0.0386,-0.0146,0.9854,
80.263,ENC,-17.5095,-11.6583,-14.5839,-2.4714,6.5620,16.763,-3.170,-0.541,-7.791,0.0386,-0.0146,0.9854,
80.268,IMU,-17.5095,-11.6583,-14.5839,-2.4714,6.5620,16.763,-3.146,-0.443,-7.428,0.0322,0.0298,1.0181,
80.283,ENC,-17.5573,-11.5304,-14.5438,-2.3862,6.3916,17.266,-3.146,-0.443,-7.428,0.0322,0.0298,1.0181,
80.288,IMU,-17.5573,-11.5304,-14.5438,-2.3862,6.3916,17.266,-3.121,-0.416,-7.069,0.0483,-0.0142,1.0815,
80.303,ENC,-17.6016,-11.4026,-14.5021,-2.2158,6.3916,17.759,-3.121,-0.416,-7.069,0.0483,-0.0142,1.0815,
80.308,IMU,-17.6016,-11.4026,-14.5021,-2.2158,6.3916,17.759,-3.136,-0.469,-6.785,0.0610,-0.0698,1.0054,
80.324,ENC,-17.6391,-11.2662,-14.4527,-1.8749,6.8177,18.257,-3.136,-0.469,-6.785,0.0610,-0.0698,1.0054,
80.328,IMU,-17.6391,-11.2662,-14.4527,-1.8749,6.8177,18.257,-3.195,-0.436,-6.440,0.0479,0.0029,1.0728,
80.343,ENC,-17.6749,-11.1316,-14.4032,-1.7896,6.7325,18.745,-3.195,-0.436,-6.440,0.0479,0.0029,1.0728,
80.349,IMU,-17.6749,-11.1316,-14.4032,-1.7896,6.7325,18.745,-3.202,-0.416,-6.112,0.0483,-0.0234,0.9575,
80.363,ENC,-17.6953,-11.0072,-14.3512,-1.0227,6.2211,19.160,-3.202,-0.416,-6.112,0.0483,-0.0234,0.9575,
80.368,IMU,-17.6953,-11.0072,-14.3512,-1.0227,6.2211,19.160,-3.235,-0.375,-5.803,0.0967,-0.0210,1.0273,
80.383,ENC,-17.7004,-10.8913,-14.2958,-0.2557,5.7950,19.507,-3.235,-0.375,-5.803,0.0967,-0.0210,1.0273,
80.388,IMU,-17.7004,-10.8913,-14.2958,-0.2557,5.7950,19.507,-3.228,-0.352,-5.646,0.1030,-0.0220,1.0317,
80.403,ENC,-17.7004,-10.7975,-14.2490,0.0000,4.6872,19.775,-3.228,-0.352,-5.646,0.1030,-0.0220,1.0317,
80.409,IMU,-17.7004,-10.7975,-14.2490,0.0000,4.6872,19.775,-3.214,-0.281,-5.495,0.0791,0.0474,0.9932,
80.428,IMU,-17.7004,-10.7975,-14.2490,0.0000,4.6872,19.775,-3.244,-0.192,-5.479,0.0654,0.0454,0.9893,
80.444,ENC,-17.6800,-10.6748,-14.1774,0.5113,3.0680,20.068,-3.244,-0.192,-5.479,0.0654,0.0454,0.9893,
80.451,IMU,-17.6800,-10.6748,-14.1774,0.5113,3.0680,20.068,-3.333,-0.074,-5.456,0.1118,0.0933,0.9858,
80.463,ENC,-17.6459,-10.6475,-14.1467,1.7044,1.3635,20.049,-3.333,-0.074,-5.456,0.1118,0.0933,0.9858,
80.468,IMU,-17.6459,-10.6475,-14.1467,1.7044,1.3635,20.049,-3.429,0.061,-5.549,0.1055,0.0991,0.9712,
80.486,ENC,-17.6169,-10.6373,-14.1271,1.4488,0.5113,19.995,-3.429,0.061,-5.549,0.1055,0.0991,0.9712,
80.489,IMU,-17.6169,-10.6373,-14.1271,1.4488,0.5113,19.995,-3.428,0.080,-5.667,0.0625,0.0513,0.9751,
80.503,ENC,-17.5879,-10.6356,-14.1118,1.4488,0.0852,19.917,-3.428,0.080,-5.667,0.0625,0.0513,0.9751,
80.508,IMU,-17.5879,-10.6356,-14.1118,1.4488,0.0852,19.917,-3.392,0.166,-5.764,0.0210,0.0391,1.0439,
80.524,ENC,-17.5658,-10.6390,-14.1024,1.1079,-0.1704,19.844,-3.392,0.166,-5.764,0.0210,0.0391,1.0439,
80.528,IMU,-17.5658,-10.6390,-14.1024,1.1079,-0.1704,19.844,-3.396,0.087,-5.845,0.0527,-0.0151,0.9736,
80.543,ENC,-17.5539,-10.6407,-14.0973,0.5965,-0.0852,19.805,-3.396,0.087,-5.845,0.0527,-0.0151,0.9736,
80.549,IMU,-17.5539,-10.6407,-14.0973,0.5965,-0.0852,19.805,-3.335,0.105,-5.872,0.0337,-0.0171,1.0420,
80.563,ENC,-17.5539,-10.6407,-14.0973,0.0000,0.0000,19.805,-3.335,0.105,-5.872,0.0337,-0.0171,1.0420,
80.568,IMU,-17.5539,-10.6407,-14.0973,0.0000,0.0000,19.805,-3.331,0.088,-5.840,0.0522,-0.0059,0.9746,
80.584,ENC,-17.5539,-10.6356,-14.0947,0.0000,0.2557,19.819,-3.331,0.088,-5.840,0.0522,-0.0059,0.9746,
80.588,IMU,-17.5539,-10.6356,-14.0947,0.0000,0.2557,19.819,-3.362,0.123,-5.868,0.0942,0.0244,1.0156,
80.603,ENC,-17.5539,-10.6356,-14.0947,0.0000,0.0000,19.819,-3.362,0.123,-5.868,0.0942,0.0244,1.0156,
80.608,IMU,-17.5539,-10.6356,-14.0947,0.0000,0.0000,19.819,-3.381,0.128,-5.881,0.0586,0.0117,0.9810,
80.623,ENC,-17.5539,-10.6390,-14.0964,0.0000,-0.1704,19.810,-3.381,0.128,-5.881,0.0586,0.0117,0.9810,
80.628,IMU,-17.5539,-10.6390,-14.0964,0.0000,-0.1704,19.810,-3.349,0.093,-5.917,0.0400,-0.0054,1.0020,
80.643,ENC,-17.5539,-10.6407,-14.0973,0.0000,-0.0852,19.805,-3.349,0.093,-5.917,0.0400,-0.0054,1.0020,
80.648,IMU,-17.5539,-10.6407,-14.0973,0.0000,-0.0852,19.805,-3.377,0.049,-5.882,0.0586,-0.0317,0.9937,
80.664,ENC,-17.5539,-10.6407,-14.0973,0.0000,0.0000,19.805,-3.377,0.049,-5.882,0.0586,-0.0317,0.9937,
80.669,IMU,-17.5539,-10.6407,-14.0973,0.0000,0.0000,19.805,-3.414,0.005,-5.899,0.0811,-0.0098,0.9971,
80.684,ENC,-17.5539,-10.6390,-14.0964,0.0000,0.0852,19.810,-3.414,0.005,-5.899,0.0811,-0.0098,0.9971,
80.688,IMU,-17.5539,-10.6390,-14.0964,0.0000,0.0852,19.810,-3.428,-0.018,-5.839,0.0684,-0.0083,0.9897,
80.703,ENC,-17.5539,-10.6390,-14.0964,0.0000,0.0000,19.810,-3.428,-0.018,-5.839,0.0684,-0.0083,0.9897,
80.708,IMU,-17.5539,-10.6390,-14.0964,0.0000,0.0000,19.810,-3.426,-0.004,-5.806,0.0508,0.0020,1.0000,
80.724,ENC,-17.5539,-10.6373,-14.0956,0.0000,0.0852,19.814,-3.426,-0.004,-5.806,0.0508,0.0020,1.0000,
80.728,IMU,-17.5539,-10.6373,-14.0956,0.0000,0.0852,19.814,-3.379,-0.016,-5.798,0.0620,0.0059,0.9902,
80.743,ENC,-17.5539,-10.6390,-14.0964,0.0000,-0.0852,19.810,-3.379,-0.016,-5.798,0.0620,0.0059,0.9902,
80.748,IMU,-17.5539,-10.6390,-14.0964,0.0000,-0.0852,19.810,-3.404,-0.024,-5.828,0.0776,-0.0103,0.9849,
80.764,ENC,-17.5539,-10.6390,-14.0964,0.0000,0.0000,19.810,-3.404,-0.024,-5.828,0.0776,-0.0103,0.9849,
80.768,IMU,-17.5539,-10.6390,-14.0964,0.0000,0.0000,19.810,-3.437,-0.034,-5.825,0.0591,-0.0156,1.0083,
80.783,ENC,-17.5539,-10.6390,-14.0964,0.0000,0.0000,19.810,-3.437,-0.034,-5.825,0.0591,-0.0156,1.0083,
80.787,IMU,-17.5539,-10.6390,-14.0964,0.0000,0.0000,19.810,-3.414,-0.063,-5.836,0.0581,0.0020,0.9888,
80.804,ENC,-17.5539,-10.6390,-14.0964,0.0000,0.0000,19.810,-3.414,-0.063,-5.836,0.0581,0.0020,0.9888,
80.808,IMU,-17.5539,-10.6390,-14.0964,0.0000,0.0000,19.810,-3.450,-0.074,-5.816,0.0586,-0.0127,0.9819,
80.823,ENC,-17.5539,-10.6390,-14.0964,0.0000,0.0000,19.810,-3.450,-0.074,-5.816,0.0586,-0.0127,0.9819,
80.828,IMU,-17.5539,-10.6390,-14.0964,0.0000,0.0000,19.810,-3.470,-0.075,-5.790,0.0630,-0.0044,0.9971,
80.843,ENC,-17.5539,-10.6390,-14.0964,0.0000,0.0000,19.810,-3.470,-0.075,-5.790,0.0630,-0.0044,0.9971,
80.848,IMU,-17.5539,-10.6390,-14.0964,0.0000,0.0000,19.810,-3.471,-0.083,-5.828,0.0630,-0.0015,0.9995,
80.863,ENC,-17.5539,-10.6390,-14.0964,0.0000,0.0000,19.810,-3.471,-0.083,-5.828,0.0630,-0.0015,0.9995,
80.868,IMU,-17.5539,-10.6390,-14.0964,0.0000,0.0000,19.810,-3.499,-0.079,-5.812,0.0664,-0.0073,0.9902,
80.883,ENC,-17.5539,-10.6390,-14.0964,0.0000,0.0000,19.810,-3.499,-0.079,-5.812,0.0664,-0.0073,0.9902,
80.888,IMU,-17.5539,-10.6390,-14.0964,0.0000,0.0000,19.810,-3.481,-0.081,-5.822,0.0693,-0.0098,1.0039,
80.904,ENC,-17.5539,-10.6390,-14.0964,0.0000,0.0000,19.810,-3.481,-0.081,-5.822,0.0693,-0.0098,1.0039,
80.908,IMU,-17.5539,-10.6390,-14.0964,0.0000,0.0000,19.810,-3.486,-0.119,-5.794,0.0522,-0.0176,0.9937,
80.923,ENC,-17.5539,-10.6390,-14.0964,0.0000,0.0000,19.810,-3.486,-0.119,-5.794,0.0522,-0.0176,0.9937,
80.928,IMU,-17.5539,-10.6390,-14.0964,0.0000,0.0000,19.810,-3.453,-0.135,-5.772,0.0469,0.0024,0.9966,
80.943,ENC,-17.5539,-10.6390,-14.0964,0.0000,0.0000,19.810,-3.453,-0.135,-5.772,0.0469,0.0024,0.9966,
80.948,IMU,-17.5539,-10.6390,-14.0964,0.0000,0.0000,19.810,-3.452,-0.099,-5.702,0.0537,0.0166,1.0000,
80.963,ENC,-17.5539,-10.6390,-14.0964,0.0000,0.0000,19.810,-3.452,-0.099,-5.702,0.0537,0.0166,1.0000,
80.968,IMU,-17.5539,-10.6390,-14.0964,0.0000,0.0000,19.810,-3.487,-0.044,-5.652,0.0571,-0.0039,0.9941,
80.984,ENC,-17.5539,-10.6390,-14.0964,0.0000,0.0000,19.810,-3.487,-0.044,-5.652,0.0571,-0.0039,0.9941,
80.989,IMU,-17.5539,-10.6390,-14.0964,0.0000,0.0000,19.810,-3.492,-0.062,-5.670,0.0591,-0.0088,0.9893,
81.003,ENC,-17.5539,-10.6390,-14.0964,0.0000,0.0000,19.810,-3.492,-0.062,-5.670,0.0591,-0.0088,0.9893,
81.008,IMU,-17.5539,-10.6390,-14.0964,0.0000,0.0000,19.810,-3.500,-0.037,-5.683,0.0645,-0.0146,1.0010,
81.023,ENC,-17.5539,-10.6390,-14.0964,0.0000,0.0000,19.810,-3.500,-0.037,-5.683,0.0645,-0.0146,1.0010,
81.029,IMU,-17.5539,-10.6390,-14.0964,0.0000,0.0000,19.810,-3.512,-0.075,-5.700,0.0679,-0.0015,0.9990,
81.044,ENC,-17.5539,-10.6390,-14.0964,0.0000,0.0000,19.810,-3.512,-0.075,-5.700,0.0679,-0.0015,0.9990,
81.049,IMU,-17.5539,-10.6390,-14.0964,0.0000,0.0000,19.810,-3.541,-0.042,-5.742,0.0576,0.0005,1.0029,
81.065,ENC,-17.5539,-10.6390,-14.0964,0.0000,0.0000,19.810,-3.541,-0.042,-5.742,0.0576,0.0005,1.0029,
81.068,IMU,-17.5539,-10.6390,-14.0964,0.0000,0.0000,19.810,-3.519,-0.100,-5.782,0.0591,-0.0088,0.9893,
81.083,ENC,-17.5539,-10.6390,-14.0964,0.0000,0.0000,19.810,-3.519,-0.100,-5.782,0.0591,-0.0088,0.9893,
81.088,IMU,-17.5539,-10.6390,-14.0964,0.0000,0.0000,19.810,-3.481,-0.083,-5.774,0.0645,0.0034,1.0010,
81.103,ENC,-17.5539,-10.6390,-14.0964,0.0000,0.0000,19.810,-3.481,-0.083,-5.774,0.0645,0.0034,1.0010,
81.108,IMU,-17.5539,-10.6390,-14.0964,0.0000,0.0000,19.810,-3.456,-0.161,-5.751,0.0625,-0.0132,0.9951,
81.123,ENC,-17.5539,-10.6390,-14.0964,0.0000,0.0000,19.810,-3.456,-0.161,-5.751,0.0625,-0.0132,0.9951,
81.128,IMU,-17.5539,-10.6390,-14.0964,0.0000,0.0000,19.810,-3.463,-0.179,-5.755,0.0576,-0.0093,0.9990,
81.143,ENC,-17.5539,-10.6390,-14.0964,0.0000,0.0000,19.810,-3.463,-0.179,-5.755,0.0576,-0.0093,0.9990,
81.148,IMU,-17.5539,-10.6390,-14.0964,0.0000,0.0000,19.810,-3.466,-0.217,-5.778,0.0742,-0.0020,0.9849,
81.163,ENC,-17.5539,-10.6390,-14.0964,0.0000,0.0000,19.810,-3.466,-0.217,-5.778,0.0742,-0.0020,0.9849,
81.168,IMU,-17.5539,-10.6390,-14.0964,0.0000,0.0000,19.810,-3.481,-0.217,-5.797,0.0640,-0.0054,1.0049,
81.183,ENC,-17.5539,-10.6390,-14.0964,0.0000,0.0000,19.810,-3.481,-0.217,-5.797,0.0640,-0.0054,1.0049,
81.188,IMU,-17.5539,-10.6390,-14.0964,0.0000,0.0000,19.810,-3.488,-0.182,-5.731,0.0684,-0.0137,0.9863,
81.204,ENC,-17.5539,-10.6390,-14.0964,0.0000,0.0000,19.810,-3.488,-0.182,-5.731,0.0684,-0.0137,0.9863,
81.208,IMU,-17.5539,-10.6390,-14.0964,0.0000,0.0000,19.810,-3.474,-0.174,-5.741,0.0640,-0.0054,0.9990,
81.223,ENC,-17.5539,-10.6390,-14.0964,0.0000,0.0000,19.810,-3.474,-0.174,-5.741,0.0640,-0.0054,0.9990,
81.229,IMU,-17.5539,-10.6390,-14.0964,0.0000,0.0000,19.810,-3.459,-0.179,-5.744,0.0591,-0.0039,0.9971,
81.243,ENC,-17.5539,-10.6390,-14.0964,0.0000,0.0000,19.810,-3.459,-0.179,-5.744,0.0591,-0.0039,0.9971,
81.248,IMU,-17.5539,-10.6390,-14.0964,0.0000,0.0000,19.810,-3.469,-0.182,-5.718,0.0537,0.0049,0.9927,
81.263,ENC,-17.5539,-10.6390,-14.0964,0.0000,0.0000,19.810,-3.469,-0.182,-5.718,0.0537,0.0049,0.9927,
81.270,IMU,-17.5539,-10.6390,-14.0964,0.0000,0.0000,19.810,-3.435,-0.165,-5.729,0.0684,-0.0029,0.9980,
81.283,ENC,-17.5539,-10.6390,-14.0964,0.0000,0.0000,19.810,-3.435,-0.165,-5.729,0.0684,-0.0029,0.9980,
81.288,IMU,-17.5539,-10.6390,-14.0964,0.0000,0.0000,19.810,-3.503,-0.169,-5.699,0.0664,-0.0171,0.9946,
81.304,ENC,-17.5539,-10.6390,-14.0964,0.0000,0.0000,19.810,-3.503,-0.169,-5.699,0.0664,-0.0171,0.9946,
81.308,IMU,-17.5539,-10.6390,-14.0964,0.0000,0.0000,19.810,-3.523,-0.168,-5.695,0.0610,0.0054,0.9873,
81.323,ENC,-17.5539,-10.6390,-14.0964,0.0000,0.0000,19.810,-3.523,-0.168,-5.695,0.0610,0.0054,0.9873,
81.329,IMU,-17.5539,-10.6390,-14.0964,0.0000,0.0000,19.810,-3.536,-0.198,-5.680,0.0537,-0.0073,0.9956,
81.343,ENC,-17.5539,-10.6390,-14.0964,0.0000,0.0000,19.810,-3.536,-0.198,-5.680,0.0537,-0.0073,0.9956,
81.348,IMU,-17.5539,-10.6390,-14.0964,0.0000,0.0000,19.810,-3.520,-0.225,-5.660,0.0610,-0.0161,0.9917,
81.363,ENC,-17.5539,-10.6390,-14.0964,0.0000,0.0000,19.810,-3.520,-0.225,-5.660,0.0610,-0.0161,0.9917,
81.368,IMU,-17.5539,-10.6390,-14.0964,0.0000,0.0000,19.810,-3.526,-0.241,-5.637,0.0684,0.0015,0.9927,
81.383,ENC,-17.5539,-10.6390,-14.0964,0.0000,0.0000,19.810,-3.526,-0.241,-5.637,0.0684,0.0015,0.9927,
81.388,IMU,-17.5539,-10.6390,-14.0964,0.0000,0.0000,19.810,-3.559,-0.236,-5.600,0.0708,-0.0034,0.9937,
81.403,ENC,-17.5539,-10.6390,-14.0964,0.0000,0.0000,19.810,-3.559,-0.236,-5.600,0.0708,-0.0034,0.9937,
81.410,IMU,-17.5539,-10.6390,-14.0964,0.0000,0.0000,19.810,-3.549,-0.249,-5.638,0.0610,-0.0127,0.9980,
81.424,ENC,-17.5539,-10.6390,-14.0964,0.0000,0.0000,19.810,-3.549,-0.249,-5.638,0.0610,-0.0127,0.9980,
81.428,IMU,-17.5539,-10.6390,-14.0964,0.0000,0.0000,19.810,-3.556,-0.226,-5.619,0.0566,-0.0088,1.0024,
81.443,ENC,-17.5539,-10.6390,-14.0964,0.0000,0.0000,19.810,-3.556,-0.226,-5.619,0.0566,-0.0088,1.0024,
81.448,IMU,-17.5539,-10.6390,-14.0964,0.0000,0.0000,19.810,-3.595,-0.231,-5.598,0.0605,-0.0010,0.9985,
81.463,ENC,-17.5539,-10.6390,-14.0964,0.0000,0.0000,19.810,-3.595,-0.231,-5.598,0.0605,-0.0010,0.9985,
81.468,IMU,-17.5539,-10.6390,-14.0964,0.0000,0.0000,19.810,-3.642,-0.258,-5.624,0.0625,-0.0015,1.0034,
81.483,ENC,-17.5539,-10.6390,-14.0964,0.0000,0.0000,19.810,-3.642,-0.258,-5.624,0.0625,-0.0015,1.0034,
81.488,IMU,-17.5539,-10.6390,-14.0964,0.0000,0.0000,19.810,-3.613,-0.327,-5.658,0.0571,0.0005,0.9932,
81.503,ENC,-17.5539,-10.6390,-14.0964,0.0000,0.0000,19.810,-3.613,-0.327,-5.658,0.0571,0.0005,0.9932,
81.509,IMU,-17.5539,-10.6390,-14.0964,0.0000,0.0000,19.810,-3.595,-0.365,-5.658,0.0498,0.0015,0.9897,
81.523,ENC,-17.5539,-10.6390,-14.0964,0.0000,0.0000,19.810,-3.595,-0.365,-5.658,0.0498,0.0015,0.9897,
81.528,IMU,-17.5539,-10.6390,-14.0964,0.0000,0.0000,19.810,-3.645,-0.334,-5.598,0.0684,0.0000,0.9897,
81.543,ENC,-17.5539,-10.6390,-14.0964,0.0000,0.0000,19.810,-3.645,-0.334,-5.598,0.0684,0.0000,0.9897,
81.549,IMU,-17.5539,-10.6390,-14.0964,0.0000,0.0000,19.810,-3.662,-0.287,-5.593,0.0645,-0.0015,0.9976,
81.563,ENC,-17.5539,-10.6390,-14.0964,0.0000,0.0000,19.810,-3.662,-0.287,-5.593,0.0645,-0.0015,0.9976,
81.568,IMU,-17.5539,-10.6390,-14.0964,0.0000,0.0000,19.810,-3.639,-0.373,-5.580,0.0537,-0.0142,0.9932,
81.584,ENC,-17.5539,-10.6390,-14.0964,0.0000,0.0000,19.810,-3.639,-0.373,-5.580,0.0537,-0.0142,0.9932,
81.588,IMU,-17.5539,-10.6390,-14.0964,0.0000,0.0000,19.810,-3.695,-0.390,-5.590,0.0757,0.0000,1.0010,
81.604,ENC,-17.5539,-10.6390,-14.0964,0.0000,0.0000,19.810,-3.695,-0.390,-5.590,0.0757,0.0000,1.0010,
81.608,IMU,-17.5539,-10.6390,-14.0964,0.0000,0.0000,19.810,-3.687,-0.386,-5.587,0.0620,-0.0122,0.9951,
81.627,ENC,-17.5539,-10.6390,-14.0964,0.0000,0.0000,19.810,-3.687,-0.386,-5.587,0.0620,-0.0122,0.9951,
81.630,IMU,-17.5539,-10.6390,-14.0964,0.0000,0.0000,19.810,-3.710,-0.351,-5.630,0.0532,-0.0029,0.9902,
81.643,ENC,-17.5539,-10.6390,-14.0964,0.0000,0.0000,19.810,-3.710,-0.351,-5.630,0.0532,-0.0029,0.9902,
81.649,IMU,-17.5539,-10.6390,-14.0964,0.0000,0.0000,19.810,-3.694,-0.377,-5.638,0.0625,-0.0063,1.0000,
81.663,ENC,-17.5539,-10.6390,-14.0964,0.0000,0.0000,19.810,-3.694,-0.377,-5.638,0.0625,-0.0063,1.0000,
81.668,IMU,-17.5539,-10.6390,-14.0964,0.0000,0.0000,19.810,-3.731,-0.352,-5.599,0.0566,0.0020,0.9937,
81.683,ENC,-17.5539,-10.6390,-14.0964,0.0000,0.0000,19.810,-3.731,-0.352,-5.599,0.0566,0.0020,0.9937,
81.688,IMU,-17.5539,-10.6390,-14.0964,0.0000,0.0000,19.810,-3.684,-0.342,-5.609,0.0576,-0.0107,0.9956,
81.704,ENC,-17.5539,-10.6390,-14.0964,0.0000,0.0000,19.810,-3.684,-0.342,-5.609,0.0576,-0.0107,0.9956,
81.708,IMU,-17.5539,-10.6390,-14.0964,0.0000,0.0000,19.810,-3.670,-0.342,-5.611,0.0586,-0.0020,1.0020,
81.723,ENC,-17.5539,-10.6390,-14.0964,0.0000,0.0000,19.810,-3.670,-0.342,-5.611,0.0586,-0.0020,1.0020,
81.727,IMU,-17.5539,-10.6390,-14.0964,0.0000,0.0000,19.810,-3.660,-0.304,-5.601,0.0659,-0.0132,0.9917,
81.743,ENC,-17.5539,-10.6390,-14.0964,0.0000,0.0000,19.810,-3.660,-0.304,-5.601,0.0659,-0.0132,0.9917,
81.748,IMU,-17.5539,-10.6390,-14.0964,0.0000,0.0000,19.810,-3.669,-0.324,-5.634,0.0625,-0.0039,0.9932,
81.763,ENC,-17.5539,-10.6390,-14.0964,0.0000,0.0000,19.810,-3.669,-0.324,-5.634,0.0625,-0.0039,0.9932,
81.768,IMU,-17.5539,-10.6390,-14.0964,0.0000,0.0000,19.810,-3.678,-0.343,-5.675,0.0654,0.0005,0.9927,
81.784,ENC,-17.5539,-10.6390,-14.0964,0.0000,0.0000,19.810,-3.678,-0.343,-5.675,0.0654,0.0005,0.9927,
81.789,IMU,-17.5539,-10.6390,-14.0964,0.0000,0.0000,19.810,-3.736,-0.318,-5.645,0.0508,0.0015,0.9976,
81.803,ENC,-17.5539,-10.6390,-14.0964,0.0000,0.0000,19.810,-3.736,-0.318,-5.645,0.0508,0.0015,0.9976,
81.808,IMU,-17.5539,-10.6390,-14.0964,0.0000,0.0000,19.810,-3.703,-0.332,-5.636,0.0464,0.0078,1.0112,
81.824,ENC,-17.5539,-10.6390,-14.0964,0.0000,0.0000,19.810,-3.703,-0.332,-5.636,0.0464,0.0078,1.0112,
81.828,IMU,-17.5539,-10.6390,-14.0964,0.0000,0.0000,19.810,-3.683,-0.337,-5.628,0.0630,-0.0049,0.9956,
81.843,ENC,-17.5539,-10.6390,-14.0964,0.0000,0.0000,19.810,-3.683,-0.337,-5.628,0.0630,-0.0049,0.9956,
81.848,IMU,-17.5539,-10.6390,-14.0964,0.0000,0.0000,19.810,-3.722,-0.344,-5.641,0.0625,-0.0010,0.9941,
81.863,ENC,-17.5539,-10.6390,-14.0964,0.0000,0.0000,19.810,-3.722,-0.344,-5.641,0.0625,-0.0010,0.9941,
81.870,IMU,-17.5539,-10.6390,-14.0964,0.0000,0.0000,19.810,-3.733,-0.334,-5.644,0.0601,0.0039,1.0000,
81.884,ENC,-17.5539,-10.6390,-14.0964,0.0000,0.0000,19.810,-3.733,-0.334,-5.644,0.0601,0.0039,1.0000,
81.889,IMU,-17.5539,-10.6390,-14.0964,0.0000,0.0000,19.810,-3.779,-0.325,-5.662,0.0503,-0.0078,0.9907,
81.905,ENC,-17.5539,-10.6390,-14.0964,0.0000,0.0000,19.810,-3.779,-0.325,-5.662,0.0503,-0.0078,0.9907,
81.909,IMU,-17.5539,-10.6390,-14.0964,0.0000,0.0000,19.810,-3.770,-0.272,-5.691,0.0396,-0.0068,0.9951,
81.924,ENC,-17.5539,-10.6390,-14.0964,0.0000,0.0000,19.810,-3.770,-0.272,-5.691,0.0396,-0.0068,0.9951,
81.931,IMU,-17.5539,-10.6390,-14.0964,0.0000,0.0000,19.810,-3.742,-0.298,-5.675,0.0610,-0.0034,0.9878,
81.944,ENC,-17.5539,-10.6390,-14.0964,0.0000,0.0000,19.810,-3.742,-0.298,-5.675,0.0610,-0.0034,0.9878,
81.948,IMU,-17.5539,-10.6390,-14.0964,0.0000,0.0000,19.810,-3.740,-0.291,-5.696,0.0605,-0.0010,0.9971,
81.963,ENC,-17.5539,-10.6390,-14.0964,0.0000,0.0000,19.810,-3.740,-0.291,-5.696,0.0605,-0.0010,0.9971,
81.968,IMU,-17.5539,-10.6390,-14.0964,0.0000,0.0000,19.810,-3.706,-0.308,-5.680,0.0552,-0.0205,0.9990,
81.987,ENC,-17.5539,-10.6390,-14.0964,0.0000,0.0000,19.810,-3.706,-0.308,-5.680,0.0552,-0.0205,0.9990,
81.990,IMU,-17.5539,-10.6390,-14.0964,0.0000,0.0000,19.810,-3.710,-0.288,-5.662,0.0596,-0.0059,1.0000,
82.003,ENC,-17.5539,-10.6390,-14.0964,0.0000,0.0000,19.810,-3.710,-0.288,-5.662,0.0596,-0.0059,1.0000,
82.009,IMU,-17.5539,-10.6390,-14.0964,0.0000,0.0000,19.810,-3.685,-0.304,-5.657,0.0610,-0.0161,0.9971,
82.023,ENC,-17.5539,-10.6390,-14.0964,0.0000,0.0000,19.810,-3.685,-0.304,-5.657,0.0610,-0.0161,0.9971,
82.029,IMU,-17.5539,-10.6390,-14.0964,0.0000,0.0000,19.810,-3.676,-0.354,-5.675,0.0586,-0.0078,0.9937,
82.043,ENC,-17.5539,-10.6390,-14.0964,0.0000,0.0000,19.810,-3.676,-0.354,-5.675,0.0586,-0.0078,0.9937,
82.048,IMU,-17.5539,-10.6390,-14.0964,0.0000,0.0000,19.810,-3.649,-0.370,-5.720,0.0645,-0.0103,0.9902,
82.062,ENC,-17.5539,-10.6390,-14.0964,0.0000,0.0000,19.810,-3.649,-0.370,-5.720,0.0645,-0.0103,0.9902,
82.068,IMU,-17.5539,-10.6390,-14.0964,0.0000,0.0000,19.810,-3.621,-0.381,-5.736,0.0596,0.0034,0.9863,
82.083,ENC,-17.5539,-10.6390,-14.0964,0.0000,0.0000,19.810,-3.621,-0.381,-5.736,0.0596,0.0034,0.9863,
82.090,IMU,-17.5539,-10.6390,-14.0964,0.0000,0.0000,19.810,-3.611,-0.385,-5.723,0.0488,0.0088,0.9971,
82.103,ENC,-17.5539,-10.6390,-14.0964,0.0000,0.0000,19.810,-3.611,-0.385,-5.723,0.0488,0.0088,0.9971,
82.109,IMU,-17.5539,-10.6390,-14.0964,0.0000,0.0000,19.810,-3.591,-0.357,-5.715,0.0615,0.0015,0.9951,
82.124,ENC,-17.5539,-10.6390,-14.0964,0.0000,0.0000,19.810,-3.591,-0.357,-5.715,0.0615,0.0015,0.9951,
82.129,IMU,-17.5539,-10.6390,-14.0964,0.0000,0.0000,19.810,-3.568,-0.313,-5.691,0.0508,-0.0010,0.9863,
82.144,ENC,-17.5539,-10.6390,-14.0964,0.0000,0.0000,19.810,-3.568,-0.313,-5.691,0.0508,-0.0010,0.9863,
82.148,IMU,-17.5539,-10.6390,-14.0964,0.0000,0.0000,19.810,-3.563,-0.329,-5.668,0.0581,-0.0200,0.9912,
82.163,ENC,-17.5539,-10.6390,-14.0964,0.0000,0.0000,19.810,-3.563,-0.329,-5.668,0.0581,-0.0200,0.9912,
82.168,IMU,-17.5539,-10.6390,-14.0964,0.0000,0.0000,19.810,-3.555,-0.326,-5.699,0.0542,-0.0093,0.9854,
82.183,ENC,-17.5539,-10.6390,-14.0964,0.0000,0.0000,19.810,-3.555,-0.326,-5.699,0.0542,-0.0093,0.9854,
82.188,IMU,-17.5539,-10.6390,-14.0964,0.0000,0.0000,19.810,-3.609,-0.306,-5.687,0.0625,0.0005,0.9995,
82.203,ENC,-17.5539,-10.6390,-14.0964,0.0000,0.0000,19.810,-3.609,-0.306,-5.687,0.0625,0.0005,0.9995,
82.210,IMU,-17.5539,-10.6390,-14.0964,0.0000,0.0000,19.810,-3.587,-0.321,-5.697,0.0664,-0.0137,0.9888,
82.224,ENC,-17.5539,-10.6390,-14.0964,0.0000,0.0000,19.810,-3.587,-0.321,-5.697,0.0664,-0.0137,0.9888,
82.228,IMU,-17.5539,-10.6390,-14.0964,0.0000,0.0000,19.810,-3.592,-0.286,-5.694,0.0615,-0.0054,0.9839,
82.244,ENC,-17.5539,-10.6390,-14.0964,0.0000,0.0000,19.810,-3.592,-0.286,-5.694,0.0615,-0.0054,0.9839,
82.248,IMU,-17.5539,-10.6390,-14.0964,0.0000,0.0000,19.810,-3.592,-0.318,-5.702,0.0552,-0.0088,0.9893,
82.263,ENC,-17.5539,-10.6390,-14.0964,0.0000,0.0000,19.810,-3.592,-0.318,-5.702,0.0552,-0.0088,0.9893,
82.268,IMU,-17.5539,-10.6390,-14.0964,0.0000,0.0000,19.810,-3.610,-0.320,-5.704,0.0571,0.0161,0.9980,
82.283,ENC,-17.5539,-10.6390,-14.0964,0.0000,0.0000,19.810,-3.610,-0.320,-5.704,0.0571,0.0161,0.9980,
82.288,IMU,-17.5539,-10.6390,-14.0964,0.0000,0.0000,19.810,-3.617,-0.344,-5.695,0.0703,0.0049,0.9922,
82.303,ENC,-17.5539,-10.6390,-14.0964,0.0000,0.0000,19.810,-3.617,-0.344,-5.695,0.0703,0.0049,0.9922,
82.308,IMU,-17.5539,-10.6390,-14.0964,0.0000,0.0000,19.810,-3.606,-0.346,-5.692,0.0605,-0.0020,0.9839,
82.323,ENC,-17.5539,-10.6390,-14.0964,0.0000,0.0000,19.810,-3.606,-0.346,-5.692,0.0605,-0.0020,0.9839,
82.332,IMU,-17.5539,-10.6390,-14.0964,0.0000,0.0000,19.810,-3.617,-0.295,-5.677,0.0591,-0.0127,0.9995,
82.343,ENC,-17.5539,-10.6390,-14.0964,0.0000,0.0000,19.810,-3.617,-0.295,-5.677,0.0591,-0.0127,0.9995,
82.348,IMU,-17.5539,-10.6390,-14.0964,0.0000,0.0000,19.810,-3.606,-0.238,-5.682,0.0645,-0.0093,0.9917,
82.363,ENC,-17.5539,-10.6390,-14.0964,0.0000,0.0000,19.810,-3.606,-0.238,-5.682,0.0645,-0.0093,0.9917,
82.368,IMU,-17.5539,-10.6390,-14.0964,0.0000,0.0000,19.810,-3.591,-0.240,-5.692,0.0576,-0.0098,1.0034,
82.383,ENC,-17.5539,-10.6390,-14.0964,0.0000,0.0000,19.810,-3.591,-0.240,-5.692,0.0576,-0.0098,1.0034,
82.388,IMU,-17.5539,-10.6390,-14.0964,0.0000,0.0000,19.810,-3.646,-0.275,-5.674,0.0718,-0.0098,0.9980,
82.403,ENC,-17.5539,-10.6390,-14.0964,0.0000,0.0000,19.810,-3.646,-0.275,-5.674,0.0718,-0.0098,0.9980,
82.408,IMU,-17.5539,-10.6390,-14.0964,0.0000,0.0000,19.810,-3.668,-0.266,-5.728,0.0571,-0.0049,1.0010,
82.423,ENC,-17.5539,-10.6390,-14.0964,0.0000,0.0000,19.810,-3.668,-0.266,-5.728,0.0571,-0.0049,1.0010,
82.428,IMU,-17.5539,-10.6390,-14.0964,0.0000,0.0000,19.810,-3.650,-0.284,-5.723,0.0562,-0.0059,0.9932,
82.444,ENC,-17.5539,-10.6390,-14.0964,0.0000,0.0000,19.810,-3.650,-0.284,-5.723,0.0562,-0.0059,0.9932,
82.448,IMU,-17.5539,-10.6390,-14.0964,0.0000,0.0000,19.810,-3.627,-0.272,-5.755,0.0684,-0.0059,0.9946,
82.464,ENC,-17.5539,-10.6390,-14.0964,0.0000,0.0000,19.810,-3.627,-0.272,-5.755,0.0684,-0.0059,0.9946,
82.468,IMU,-17.5539,-10.6390,-14.0964,0.0000,0.0000,19.810,-3.611,-0.287,-5.776,0.0547,0.0015,0.9912,
82.484,ENC,-17.5539,-10.6390,-14.0964,0.0000,0.0000,19.810,-3.611,-0.287,-5.776,0.0547,0.0015,0.9912,
82.488,IMU,-17.5539,-10.6390,-14.0964,0.0000,0.0000,19.810,-3.637,-0.264,-5.737,0.0542,-0.0151,0.9995,
82.503,ENC,-17.5539,-10.6390,-14.0964,0.0000,0.0000,19.810,-3.637,-0.264,-5.737,0.0542,-0.0151,0.9995,
82.508,IMU,-17.5539,-10.6390,-14.0964,0.0000,0.0000,19.810,-3.610,-0.299,-5.772,0.0576,-0.0142,1.0039,
82.523,ENC,-17.5539,-10.6390,-14.0964,0.0000,0.0000,19.810,-3.610,-0.299,-5.772,0.0576,-0.0142,1.0039,
82.528,IMU,-17.5539,-10.6390,-14.0964,0.0000,0.0000,19.810,-3.628,-0.283,-5.818,0.0552,-0.0015,0.9956,
82.543,ENC,-17.5539,-10.6390,-14.0964,0.0000,0.0000,19.810,-3.628,-0.283,-5.818,0.0552,-0.0015,0.9956,
82.548,IMU,-17.5539,-10.6390,-14.0964,0.0000,0.0000,19.810,-3.659,-0.258,-5.836,0.0542,-0.0024,1.0000,
82.563,ENC,-17.5539,-10.6390,-14.0964,0.0000,0.0000,19.810,-3.659,-0.258,-5.836,0.0542,-0.0024,1.0000,
82.568,IMU,-17.5539,-10.6390,-14.0964,0.0000,0.0000,19.810,-3.649,-0.266,-5.824,0.0591,-0.0107,1.0000,
82.584,ENC,-17.5539,-10.6390,-14.0964,0.0000,0.0000,19.810,-3.649,-0.266,-5.824,0.0591,-0.0107,1.0000,
82.587,IMU,-17.5539,-10.6390,-14.0964,0.0000,0.0000,19.810,-3.644,-0.227,-5.824,0.0562,-0.0020,0.9961,
82.603,ENC,-17.5539,-10.6390,-14.0964,0.0000,0.0000,19.810,-3.644,-0.227,-5.824,0.0562,-0.0020,0.9961,
82.608,IMU,-17.5539,-10.6390,-14.0964,0.0000,0.0000,19.810,-3.634,-0.255,-5.868,0.0625,-0.0093,0.9951,
82.623,ENC,-17.5539,-10.6390,-14.0964,0.0000,0.0000,19.810,-3.634,-0.255,-5.868,0.0625,-0.0093,0.9951,
82.627,IMU,-17.5539,-10.6390,-14.0964,0.0000,0.0000,19.810,-3.620,-0.245,-5.892,0.0547,0.0034,0.9990,
82.644,ENC,-17.5539,-10.6390,-14.0964,0.0000,0.0000,19.810,-3.620,-0.245,-5.892,0.0547,0.0034,0.9990,
82.648,IMU,-17.5539,-10.6390,-14.0964,0.0000,0.0000,19.810,-3.645,-0.282,-5.889,0.0747,-0.0151,0.9932,
82.662,ENC,-17.5539,-10.6390,-14.0964,0.0000,0.0000,19.810,-3.645,-0.282,-5.889,0.0747,-0.0151,0.9932,
82.668,IMU,-17.5539,-10.6390,-14.0964,0.0000,0.0000,19.810,-3.670,-0.260,-5.886,0.0547,0.0044,1.0029,
82.683,ENC,-17.5539,-10.6390,-14.0964,0.0000,0.0000,19.810,-3.670,-0.260,-5.886,0.0547,0.0044,1.0029,
82.688,IMU,-17.5539,-10.6390,-14.0964,0.0000,0.0000,19.810,-3.689,-0.248,-5.889,0.0620,0.0024,0.9932,
82.704,ENC,-17.5539,-10.6390,-14.0964,0.0000,0.0000,19.810,-3.689,-0.248,-5.889,0.0620,0.0024,0.9932,
82.708,IMU,-17.5539,-10.6390,-14.0964,0.0000,0.0000,19.810,-3.680,-0.231,-5.933,0.0615,-0.0039,0.9990,
82.723,ENC,-17.5539,-10.6390,-14.0964,0.0000,0.0000,19.810,-3.680,-0.231,-5.933,0.0615,-0.0039,0.9990,
82.728,IMU,-17.5539,-10.6390,-14.0964,0.0000,0.0000,19.810,-3.717,-0.204,-5.908,0.0659,-0.0073,0.9985,
82.743,ENC,-17.5539,-10.6390,-14.0964,0.0000,0.0000,19.810,-3.717,-0.204,-5.908,0.0659,-0.0073,0.9985,
82.748,IMU,-17.5539,-10.6390,-14.0964,0.0000,0.0000,19.810,-3.728,-0.226,-5.861,0.0605,-0.0103,1.0044,
82.764,ENC,-17.5539,-10.6390,-14.0964,0.0000,0.0000,19.810,-3.728,-0.226,-5.861,0.0605,-0.0103,1.0044,
82.768,IMU,-17.5539,-10.6390,-14.0964,0.0000,0.0000,19.810,-3.691,-0.194,-5.892,0.0581,-0.0044,0.9966,
82.783,ENC,-17.5539,-10.6390,-14.0964,0.0000,0.0000,19.810,-3.691,-0.194,-5.892,0.0581,-0.0044,0.9966,
82.788,IMU,-17.5539,-10.6390,-14.0964,0.0000,0.0000,19.810,-3.654,-0.171,-5.902,0.0596,-0.0024,0.9980,
82.813,IMU,-17.5539,-10.6390,-14.0964,0.0000,0.0000,19.810,-3.641,-0.174,-5.906,0.0640,-0.0068,0.9956,
82.824,ENC,-17.5539,-10.6390,-14.0964,0.0000,0.0000,19.810,-3.641,-0.174,-5.906,0.0640,-0.0068,0.9956,
82.829,IMU,-17.5539,-10.6390,-14.0964,0.0000,0.0000,19.810,-3.649,-0.203,-5.885,0.0635,-0.0088,0.9971,
82.843,ENC,-17.5539,-10.6390,-14.0964,0.0000,0.0000,19.810,-3.649,-0.203,-5.885,0.0635,-0.0088,0.9971,
82.847,IMU,-17.5539,-10.6390,-14.0964,0.0000,0.0000,19.810,-3.636,-0.205,-5.847,0.0566,-0.0142,0.9976,
82.863,ENC,-17.5539,-10.6390,-14.0964,0.0000,0.0000,19.810,-3.636,-0.205,-5.847,0.0566,-0.0142,0.9976,
82.869,IMU,-17.5539,-10.6390,-14.0964,0.0000,0.0000,19.810,-3.643,-0.232,-5.855,0.0586,0.0029,0.9927,
82.883,ENC,-17.5539,-10.6390,-14.0964,0.0000,0.0000,19.810,-3.643,-0.232,-5.855,0.0586,0.0029,0.9927,
82.888,IMU,-17.5539,-10.6390,-14.0964,0.0000,0.0000,19.810,-3.651,-0.205,-5.849,0.0698,-0.0029,0.9971,
82.903,ENC,-17.5539,-10.6390,-14.0964,0.0000,0.0000,19.810,-3.651,-0.205,-5.849,0.0698,-0.0029,0.9971,
82.909,IMU,-17.5539,-10.6390,-14.0964,0.0000,0.0000,19.810,-3.663,-0.195,-5.833,0.0601,0.0132,0.9951,
82.924,ENC,-17.5539,-10.6390,-14.0964,0.0000,0.0000,19.810,-3.663,-0.195,-5.833,0.0601,0.0132,0.9951,
82.929,IMU,-17.5539,-10.6390,-14.0964,0.0000,0.0000,19.810,-3.701,-0.220,-5.793,0.0630,0.0024,0.9976,
82.945,ENC,-17.5539,-10.6390,-14.0964,0.0000,0.0000,19.810,-3.701,-0.220,-5.793,0.0630,0.0024,0.9976,
82.948,IMU,-17.5539,-10.6390,-14.0964,0.0000,0.0000,19.810,-3.701,-0.222,-5.791,0.0605,-0.0054,0.9922,
82.963,ENC,-17.5539,-10.6390,-14.0964,0.0000,0.0000,19.810,-3.701,-0.222,-5.791,0.0605,-0.0054,0.9922,
82.968,IMU,-17.5539,-10.6390,-14.0964,0.0000,0.0000,19.810,-3.708,-0.260,-5.825,0.0742,-0.0117,1.0020,
82.984,ENC,-17.5539,-10.6390,-14.0964,0.0000,0.0000,19.810,-3.708,-0.260,-5.825,0.0742,-0.0117,1.0020,
82.988,IMU,-17.5539,-10.6390,-14.0964,0.0000,0.0000,19.810,-3.735,-0.250,-5.824,0.0518,-0.0068,1.0063,
83.003,ENC,-17.5539,-10.6390,-14.0964,0.0000,0.0000,19.810,-3.735,-0.250,-5.824,0.0518,-0.0068,1.0063,
83.011,IMU,-17.5539,-10.6390,-14.0964,0.0000,0.0000,19.810,-3.721,-0.265,-5.866,0.0493,-0.0098,0.9824,
83.024,ENC,-17.5539,-10.6390,-14.0964,0.0000,0.0000,19.810,-3.721,-0.265,-5.866,0.0493,-0.0098,0.9824,
83.036,IMU,-17.5539,-10.6390,-14.0964,0.0000,0.0000,19.810,-3.743,-0.253,-5.864,0.0679,-0.0161,0.9927,
83.048,ENC,-17.5539,-10.6390,-14.0964,0.0000,0.0000,19.810,-3.743,-0.253,-5.864,0.0679,-0.0161,0.9927,
83.051,IMU,-17.5539,-10.6390,-14.0964,0.0000,0.0000,19.810,-3.707,-0.233,-5.874,0.0640,0.0020,0.9873,
83.064,ENC,-17.5539,-10.6390,-14.0964,0.0000,0.0000,19.810,-3.707,-0.233,-5.874,0.0640,0.0020,0.9873,
83.068,IMU,-17.5539,-10.6390,-14.0964,0.0000,0.0000,19.810,-3.756,-0.234,-5.855,0.0586,-0.0015,1.0034,
83.083,ENC,-17.5539,-10.6390,-14.0964,0.0000,0.0000,19.810,-3.756,-0.234,-5.855,0.0586,-0.0015,1.0034,
83.089,IMU,-17.5539,-10.6390,-14.0964,0.0000,0.0000,19.810,-3.749,-0.238,-5.855,0.0532,0.0054,0.9893,
83.103,ENC,-17.5539,-10.6390,-14.0964,0.0000,0.0000,19.810,-3.749,-0.238,-5.855,0.0532,0.0054,0.9893,
83.108,IMU,-17.5539,-10.6390,-14.0964,0.0000,0.0000,19.810,-3.700,-0.260,-5.849,0.0591,-0.0049,0.9956,
83.123,ENC,-17.5539,-10.6390,-14.0964,0.0000,0.0000,19.810,-3.700,-0.260,-5.849,0.0591,-0.0049,0.9956,
83.127,IMU,-17.5539,-10.6390,-14.0964,0.0000,0.0000,19.810,-3.673,-0.265,-5.826,0.0586,0.0098,0.9897,
83.143,ENC,-17.5539,-10.6390,-14.0964,0.0000,0.0000,19.810,-3.673,-0.265,-5.826,0.0586,0.0098,0.9897,
83.152,IMU,-17.5539,-10.6390,-14.0964,0.0000,0.0000,19.810,-3.731,-0.260,-5.846,0.0605,-0.0171,0.9941,
83.163,ENC,-17.5539,-10.6390,-14.0964,0.0000,0.0000,19.810,-3.731,-0.260,-5.846,0.0605,-0.0171,0.9941,
83.170,IMU,-17.5539,-10.6390,-14.0964,0.0000,0.0000,19.810,-3.706,-0.264,-5.883,0.0615,0.0000,0.9839,
83.183,ENC,-17.5539,-10.6390,-14.0964,0.0000,0.0000,19.810,-3.706,-0.264,-5.883,0.0615,0.0000,0.9839,
83.187,IMU,-17.5539,-10.6390,-14.0964,0.0000,0.0000,19.810,-3.703,-0.247,-5.873,0.0591,0.0034,0.9971,
83.205,ENC,-17.5539,-10.6390,-14.0964,0.0000,0.0000,19.810,-3.703,-0.247,-5.873,0.0591,0.0034,0.9971,
83.208,IMU,-17.5539,-10.6390,-14.0964,0.0000,0.0000,19.810,-3.704,-0.214,-5.842,0.0566,-0.0024,0.9883,
83.223,ENC,-17.5539,-10.6390,-14.0964,0.0000,0.0000,19.810,-3.704,-0.214,-5.842,0.0566,-0.0024,0.9883,
83.228,IMU,-17.5539,-10.6390,-14.0964,0.0000,0.0000,19.810,-3.662,-0.233,-5.826,0.0566,-0.0034,0.9956,
83.243,ENC,-17.5539,-10.6390,-14.0964,0.0000,0.0000,19.810,-3.662,-0.233,-5.826,0.0566,-0.0034,0.9956,
83.254,IMU,-17.5539,-10.6390,-14.0964,0.0000,0.0000,19.810,-3.664,-0.194,-5.819,0.0601,-0.0044,1.0034,
83.263,ENC,-17.5539,-10.6390,-14.0964,0.0000,0.0000,19.810,-3.664,-0.194,-5.819,0.0601,-0.0044,1.0034,
83.268,IMU,-17.5539,-10.6390,-14.0964,0.0000,0.0000,19.810,-3.656,-0.160,-5.867,0.0571,0.0054,0.9995,
83.283,ENC,-17.5539,-10.6390,-14.0964,0.0000,0.0000,19.810,-3.656,-0.160,-5.867,0.0571,0.0054,0.9995,
83.288,IMU,-17.5539,-10.6390,-14.0964,0.0000,0.0000,19.810,-3.670,-0.148,-5.864,0.0645,-0.0005,1.0122,
83.304,ENC,-17.5539,-10.6390,-14.0964,0.0000,0.0000,19.810,-3.670,-0.148,-5.864,0.0645,-0.0005,1.0122,
83.308,IMU,-17.5539,-10.6390,-14.0964,0.0000,0.0000,19.810,-3.678,-0.107,-5.875,0.0571,-0.0063,0.9971,
83.323,ENC,-17.5539,-10.6390,-14.0964,0.0000,0.0000,19.810,-3.678,-0.107,-5.875,0.0571,-0.0063,0.9971,
83.328,IMU,-17.5539,-10.6390,-14.0964,0.0000,0.0000,19.810,-3.668,-0.135,-5.863,0.0654,-0.0029,0.9961,
83.343,ENC,-17.5539,-10.6390,-14.0964,0.0000,0.0000,19.810,-3.668,-0.135,-5.863,0.0654,-0.0029,0.9961,
83.348,IMU,-17.5539,-10.6390,-14.0964,0.0000,0.0000,19.810,-3.710,-0.131,-5.858,0.0610,-0.0044,0.9961,
83.364,ENC,-17.5539,-10.6390,-14.0964,0.0000,0.0000,19.810,-3.710,-0.131,-5.858,0.0610,-0.0044,0.9961,
83.368,IMU,-17.5539,-10.6390,-14.0964,0.0000,0.0000,19.810,-3.722,-0.080,-5.869,0.0552,-0.0024,0.9873,
83.383,ENC,-17.5539,-10.6390,-14.0964,0.0000,0.0000,19.810,-3.722,-0.080,-5.869,0.0552,-0.0024,0.9873,
83.388,IMU,-17.5539,-10.6390,-14.0964,0.0000,0.0000,19.810,-3.713,-0.078,-5.888,0.0596,-0.0024,0.9956,
83.403,ENC,-17.5539,-10.6390,-14.0964,0.0000,0.0000,19.810,-3.713,-0.078,-5.888,0.0596,-0.0024,0.9956,
83.408,IMU,-17.5539,-10.6390,-14.0964,0.0000,0.0000,19.810,-3.710,-0.111,-5.913,0.0605,-0.0029,0.9878,
83.423,ENC,-17.5539,-10.6390,-14.0964,0.0000,0.0000,19.810,-3.710,-0.111,-5.913,0.0605,-0.0029,0.9878,
83.428,IMU,-17.5539,-10.6390,-14.0964,0.0000,0.0000,19.810,-3.713,-0.110,-5.963,0.0669,0.0073,0.9980,
83.443,ENC,-17.5539,-10.6390,-14.0964,0.0000,0.0000,19.810,-3.713,-0.110,-5.963,0.0669,0.0073,0.9980,
83.448,IMU,-17.5539,-10.6390,-14.0964,0.0000,0.0000,19.810,-3.781,-0.113,-5.944,0.0649,-0.0078,0.9897,
83.463,ENC,-17.5539,-10.6390,-14.0964,0.0000,0.0000,19.810,-3.781,-0.113,-5.944,0.0649,-0.0078,0.9897,
83.469,IMU,-17.5539,-10.6390,-14.0964,0.0000,0.0000,19.810,-3.800,-0.112,-5.964,0.0645,-0.0190,0.9946,
83.484,ENC,-17.5539,-10.6390,-14.0964,0.0000,0.0000,19.810,-3.800,-0.112,-5.964,0.0645,-0.0190,0.9946,
83.488,IMU,-17.5539,-10.6390,-14.0964,0.0000,0.0000,19.810,-3.796,-0.105,-5.958,0.0669,-0.0142,0.9863,
83.503,ENC,-17.5539,-10.6390,-14.0964,0.0000,0.0000,19.810,-3.796,-0.105,-5.958,0.0669,-0.0142,0.9863,
83.509,IMU,-17.5539,-10.6390,-14.0964,0.0000,0.0000,19.810,-3.742,-0.086,-5.965,0.0532,0.0020,1.0073,
83.523,ENC,-17.5539,-10.6390,-14.0964,0.0000,0.0000,19.810,-3.742,-0.086,-5.965,0.0532,0.0020,1.0073,
83.528,IMU,-17.5539,-10.6390,-14.0964,0.0000,0.0000,19.810,-3.743,-0.042,-5.973,0.0605,-0.0034,0.9897,
83.543,ENC,-17.5539,-10.6390,-14.0964,0.0000,0.0000,19.810,-3.743,-0.042,-5.973,0.0605,-0.0034,0.9897,
83.548,IMU,-17.5539,-10.6390,-14.0964,0.0000,0.0000,19.810,-3.754,-0.086,-5.947,0.0649,0.0010,0.9966,
83.563,ENC,-17.5539,-10.6390,-14.0964,0.0000,0.0000,19.810,-3.754,-0.086,-5.947,0.0649,0.0010,0.9966,
83.569,IMU,-17.5539,-10.6390,-14.0964,0.0000,0.0000,19.810,-3.721,-0.091,-5.983,0.0645,-0.0054,1.0015,
83.583,ENC,-17.5539,-10.6390,-14.0964,0.0000,0.0000,19.810,-3.721,-0.091,-5.983,0.0645,-0.0054,1.0015,
83.588,IMU,-17.5539,-10.6390,-14.0964,0.0000,0.0000,19.810,-3.707,-0.104,-5.975,0.0615,-0.0112,0.9932,
83.603,ENC,-17.5539,-10.6390,-14.0964,0.0000,0.0000,19.810,-3.707,-0.104,-5.975,0.0615,-0.0112,0.9932,
83.608,IMU,-17.5539,-10.6390,-14.0964,0.0000,0.0000,19.810,-3.622,-0.126,-6.010,0.0562,-0.0034,0.9883,
83.625,ENC,-17.5539,-10.6390,-14.0964,0.0000,0.0000,19.810,-3.622,-0.126,-6.010,0.0562,-0.0034,0.9883,
83.628,IMU,-17.5539,-10.6390,-14.0964,0.0000,0.0000,19.810,-3.592,-0.161,-6.029,0.0576,-0.0103,0.9883,
83.644,ENC,-17.5539,-10.6390,-14.0964,0.0000,0.0000,19.810,-3.592,-0.161,-6.029,0.0576,-0.0103,0.9883,
83.648,IMU,-17.5539,-10.6390,-14.0964,0.0000,0.0000,19.810,-3.570,-0.163,-6.061,0.0645,-0.0034,0.9829,
83.664,ENC,-17.5539,-10.6390,-14.0964,0.0000,0.0000,19.810,-3.570,-0.163,-6.061,0.0645,-0.0034,0.9829,
83.668,IMU,-17.5539,-10.6390,-14.0964,0.0000,0.0000,19.810,-3.549,-0.164,-5.984,0.0566,-0.0063,0.9912,
83.683,ENC,-17.5539,-10.6390,-14.0964,0.0000,0.0000,19.810,-3.549,-0.164,-5.984,0.0566,-0.0063,0.9912,
83.688,IMU,-17.5539,-10.6390,-14.0964,0.0000,0.0000,19.810,-3.539,-0.138,-6.002,0.0586,-0.0049,0.9966,
83.703,ENC,-17.5539,-10.6390,-14.0964,0.0000,0.0000,19.810,-3.539,-0.138,-6.002,0.0586,-0.0049,0.9966,
83.708,IMU,-17.5539,-10.6390,-14.0964,0.0000,0.0000,19.810,-3.518,-0.136,-6.036,0.0503,0.0020,1.0010,
83.723,ENC,-17.5539,-10.6390,-14.0964,0.0000,0.0000,19.810,-3.518,-0.136,-6.036,0.0503,0.0020,1.0010,
83.743,ENC,-17.5539,-10.6390,-14.0964,0.0000,0.0000,19.810,-3.518,-0.136,-6.036,0.0503,0.0020,1.0010,
83.750,IMU,-17.5539,-10.6390,-14.0964,0.0000,0.0000,19.810,-3.535,-0.164,-6.013,0.0601,0.0088,1.0044,
83.765,ENC,-17.5539,-10.6390,-14.0964,0.0000,0.0000,19.810,-3.535,-0.164,-6.013,0.0601,0.0088,1.0044,
83.768,IMU,-17.5539,-10.6390,-14.0964,0.0000,0.0000,19.810,-3.555,-0.127,-6.036,0.0586,-0.0015,1.0044,
83.784,ENC,-17.5539,-10.6390,-14.0964,0.0000,0.0000,19.810,-3.555,-0.127,-6.036,0.0586,-0.0015,1.0044,
83.788,IMU,-17.5539,-10.6390,-14.0964,0.0000,0.0000,19.810,-3.550,-0.092,-6.063,0.0576,-0.0093,0.9902,
83.803,ENC,-17.5539,-10.6390,-14.0964,0.0000,0.0000,19.810,-3.550,-0.092,-6.063,0.0576,-0.0093,0.9902,
83.808,IMU,-17.5539,-10.6390,-14.0964,0.0000,0.0000,19.810,-3.546,-0.127,-6.032,0.0542,0.0005,0.9980,
83.823,ENC,-17.5539,-10.6390,-14.0964,0.0000,0.0000,19.810,-3.546,-0.127,-6.032,0.0542,0.0005,0.9980,
83.831,IMU,-17.5539,-10.6390,-14.0964,0.0000,0.0000,19.810,-3.582,-0.148,-6.035,0.0566,0.0029,0.9932,
83.843,ENC,-17.5539,-10.6390,-14.0964,0.0000,0.0000,19.810,-3.582,-0.148,-6.035,0.0566,0.0029,0.9932,
83.848,IMU,-17.5539,-10.6390,-14.0964,0.0000,0.0000,19.810,-3.565,-0.144,-6.092,0.0596,0.0049,0.9985,
83.863,ENC,-17.5539,-10.6390,-14.0964,0.0000,0.0000,19.810,-3.565,-0.144,-6.092,0.0596,0.0049,0.9985,
83.869,IMU,-17.5539,-10.6390,-14.0964,0.0000,0.0000,19.810,-3.535,-0.133,-6.021,0.0767,-0.0020,1.0000,
83.883,ENC,-17.5539,-10.6390,-14.0964,0.0000,0.0000,19.810,-3.535,-0.133,-6.021,0.0767,-0.0020,1.0000,
83.889,IMU,-17.5539,-10.6390,-14.0964,0.0000,0.0000,19.810,-3.549,-0.110,-6.030,0.0596,-0.0020,0.9844,
83.903,ENC,-17.5539,-10.6390,-14.0964,0.0000,0.0000,19.810,-3.549,-0.110,-6.030,0.0596,-0.0020,0.9844,
83.908,IMU,-17.5539,-10.6390,-14.0964,0.0000,0.0000,19.810,-3.530,-0.121,-6.041,0.0630,0.0010,0.9985,
83.924,ENC,-17.5539,-10.6390,-14.0964,0.0000,0.0000,19.810,-3.530,-0.121,-6.041,0.0630,0.0010,0.9985,
83.928,IMU,-17.5539,-10.6390,-14.0964,0.0000,0.0000,19.810,-3.508,-0.158,-5.994,0.0552,-0.0088,0.9902,
83.943,ENC,-17.5539,-10.6390,-14.0964,0.0000,0.0000,19.810,-3.508,-0.158,-5.994,0.0552,-0.0088,0.9902,
83.949,IMU,-17.5539,-10.6390,-14.0964,0.0000,0.0000,19.810,-3.507,-0.176,-5.984,0.0815,-0.0020,0.9966,
83.963,ENC,-17.5539,-10.6390,-14.0964,0.0000,0.0000,19.810,-3.507,-0.176,-5.984,0.0815,-0.0020,0.9966,
83.969,IMU,-17.5539,-10.6390,-14.0964,0.0000,0.0000,19.810,-3.501,-0.218,-5.960,0.0703,-0.0166,0.9922,
83.983,ENC,-17.5539,-10.6390,-14.0964,0.0000,0.0000,19.810,-3.501,-0.218,-5.960,0.0703,-0.0166,0.9922,
83.989,IMU,-17.5539,-10.6390,-14.0964,0.0000,0.0000,19.810,-3.503,-0.228,-5.990,0.0625,0.0015,0.9985,
84.003,ENC,-17.5539,-10.6390,-14.0964,0.0000,0.0000,19.810,-3.503,-0.228,-5.990,0.0625,0.0015,0.9985,
84.008,IMU,-17.5539,-10.6390,-14.0964,0.0000,0.0000,19.810,-3.540,-0.191,-5.990,0.0693,0.0024,0.9897,
84.023,ENC,-17.5539,-10.6390,-14.0964,0.0000,0.0000,19.810,-3.540,-0.191,-5.990,0.0693,0.0024,0.9897,
84.028,IMU,-17.5539,-10.6390,-14.0964,0.0000,0.0000,19.810,-3.530,-0.155,-6.048,0.0518,-0.0029,0.9946,
84.044,ENC,-17.5539,-10.6390,-14.0964,0.0000,0.0000,19.810,-3.530,-0.155,-6.048,0.0518,-0.0029,0.9946,
84.048,IMU,-17.5539,-10.6390,-14.0964,0.0000,0.0000,19.810,-3.536,-0.153,-6.050,0.0703,0.0103,0.9873,
84.064,ENC,-17.5539,-10.6390,-14.0964,0.0000,0.0000,19.810,-3.536,-0.153,-6.050,0.0703,0.0103,0.9873,
84.069,IMU,-17.5539,-10.6390,-14.0964,0.0000,0.0000,19.810,-3.556,-0.178,-6.054,0.0664,-0.0039,0.9941,
84.083,ENC,-17.5539,-10.6390,-14.0964,0.0000,0.0000,19.810,-3.556,-0.178,-6.054,0.0664,-0.0039,0.9941,
84.088,IMU,-17.5539,-10.6390,-14.0964,0.0000,0.0000,19.810,-3.529,-0.141,-6.038,0.0591,-0.0020,0.9941,
84.103,ENC,-17.5539,-10.6390,-14.0964,0.0000,0.0000,19.810,-3.529,-0.141,-6.038,0.0591,-0.0020,0.9941,
84.108,IMU,-17.5539,-10.6390,-14.0964,0.0000,0.0000,19.810,-3.487,-0.133,-6.071,0.0596,-0.0063,1.0005,
84.123,ENC,-17.5539,-10.6390,-14.0964,0.0000,0.0000,19.810,-3.487,-0.133,-6.071,0.0596,-0.0063,1.0005,
84.128,IMU,-17.5539,-10.6390,-14.0964,0.0000,0.0000,19.810,-3.503,-0.151,-6.114,0.0645,-0.0151,1.0000,
84.143,ENC,-17.5539,-10.6390,-14.0964,0.0000,0.0000,19.810,-3.503,-0.151,-6.114,0.0645,-0.0151,1.0000,
84.147,IMU,-17.5539,-10.6390,-14.0964,0.0000,0.0000,19.810,-3.490,-0.115,-6.146,0.0586,0.0024,0.9956,
84.163,ENC,-17.5539,-10.6390,-14.0964,0.0000,0.0000,19.810,-3.490,-0.115,-6.146,0.0586,0.0024,0.9956,
84.168,IMU,-17.5539,-10.6390,-14.0964,0.0000,0.0000,19.810,-3.480,-0.164,-6.141,0.0474,-0.0049,0.9951,
84.183,ENC,-17.5539,-10.6390,-14.0964,0.0000,0.0000,19.810,-3.480,-0.164,-6.141,0.0474,-0.0049,0.9951,
84.188,IMU,-17.5539,-10.6390,-14.0964,0.0000,0.0000,19.810,-3.468,-0.159,-6.143,0.0625,-0.0127,0.9937,
84.203,ENC,-17.5539,-10.6390,-14.0964,0.0000,0.0000,19.810,-3.468,-0.159,-6.143,0.0625,-0.0127,0.9937,
84.209,IMU,-17.5539,-10.6390,-14.0964,0.0000,0.0000,19.810,-3.494,-0.190,-6.184,0.0649,-0.0117,0.9951,
84.223,ENC,-17.5539,-10.6390,-14.0964,0.0000,0.0000,19.810,-3.494,-0.190,-6.184,0.0649,-0.0117,0.9951,
84.228,IMU,-17.5539,-10.6390,-14.0964,0.0000,0.0000,19.810,-3.486,-0.145,-6.180,0.0444,0.0000,0.9902,
84.243,ENC,-17.5539,-10.6390,-14.0964,0.0000,0.0000,19.810,-3.486,-0.145,-6.180,0.0444,0.0000,0.9902,
84.248,IMU,-17.5539,-10.6390,-14.0964,0.0000,0.0000,19.810,-3.503,-0.127,-6.198,0.0601,0.0005,0.9902,
84.263,ENC,-17.5539,-10.6390,-14.0964,0.0000,0.0000,19.810,-3.503,-0.127,-6.198,0.0601,0.0005,0.9902,
84.268,IMU,-17.5539,-10.6390,-14.0964,0.0000,0.0000,19.810,-3.494,-0.149,-6.200,0.0522,-0.0063,0.9917,
84.284,ENC,-17.5539,-10.6390,-14.0964,0.0000,0.0000,19.810,-3.494,-0.149,-6.200,0.0522,-0.0063,0.9917,
84.288,IMU,-17.5539,-10.6390,-14.0964,0.0000,0.0000,19.810,-3.498,-0.126,-6.195,0.0586,0.0010,0.9995,
84.304,ENC,-17.5539,-10.6390,-14.0964,0.0000,0.0000,19.810,-3.498,-0.126,-6.195,0.0586,0.0010,0.9995,
84.310,IMU,-17.5539,-10.6390,-14.0964,0.0000,0.0000,19.810,-3.467,-0.093,-6.212,0.0620,0.0039,0.9829,
84.324,ENC,-17.5539,-10.6390,-14.0964,0.0000,0.0000,19.810,-3.467,-0.093,-6.212,0.0620,0.0039,0.9829,
84.328,IMU,-17.5539,-10.6390,-14.0964,0.0000,0.0000,19.810,-3.457,-0.093,-6.236,0.0693,-0.0044,1.0029,
84.344,ENC,-17.5539,-10.6390,-14.0964,0.0000,0.0000,19.810,-3.457,-0.093,-6.236,0.0693,-0.0044,1.0029,
84.349,IMU,-17.5539,-10.6390,-14.0964,0.0000,0.0000,19.810,-3.470,-0.073,-6.194,0.0684,-0.0107,0.9839,
84.363,ENC,-17.5539,-10.6390,-14.0964,0.0000,0.0000,19.810,-3.470,-0.073,-6.194,0.0684,-0.0107,0.9839,
84.368,IMU,-17.5539,-10.6390,-14.0964,0.0000,0.0000,19.810,-3.428,-0.069,-6.184,0.0615,-0.0063,0.9927,
84.383,ENC,-17.5539,-10.6390,-14.0964,0.0000,0.0000,19.810,-3.428,-0.069,-6.184,0.0615,-0.0063,0.9927,
84.388,IMU,-17.5539,-10.6390,-14.0964,0.0000,0.0000,19.810,-3.440,-0.117,-6.193,0.0591,-0.0078,0.9927,
84.404,ENC,-17.5539,-10.6390,-14.0964,0.0000,0.0000,19.810,-3.440,-0.117,-6.193,0.0591,-0.0078,0.9927,
84.408,IMU,-17.5539,-10.6390,-14.0964,0.0000,0.0000,19.810,-3.471,-0.121,-6.231,0.0664,-0.0024,0.9941,
84.423,ENC,-17.5539,-10.6390,-14.0964,0.0000,0.0000,19.810,-3.471,-0.121,-6.231,0.0664,-0.0024,0.9941,
84.429,IMU,-17.5539,-10.6390,-14.0964,0.0000,0.0000,19.810,-3.465,-0.169,-6.249,0.0674,-0.0039,1.0068,
84.444,ENC,-17.5539,-10.6390,-14.0964,0.0000,0.0000,19.810,-3.465,-0.169,-6.249,0.0674,-0.0039,1.0068,
84.448,IMU,-17.5539,-10.6390,-14.0964,0.0000,0.0000,19.810,-3.480,-0.135,-6.212,0.0605,-0.0020,0.9980,
84.463,ENC,-17.5539,-10.6390,-14.0964,0.0000,0.0000,19.810,-3.480,-0.135,-6.212,0.0605,-0.0020,0.9980,
84.469,IMU,-17.5539,-10.6390,-14.0964,0.0000,0.0000,19.810,-3.446,-0.136,-6.236,0.0566,-0.0039,0.9985,
84.483,ENC,-17.5539,-10.6390,-14.0964,0.0000,0.0000,19.810,-3.446,-0.136,-6.236,0.0566,-0.0039,0.9985,
84.488,IMU,-17.5539,-10.6390,-14.0964,0.0000,0.0000,19.810,-3.437,-0.120,-6.257,0.0776,-0.0029,0.9985,
84.503,ENC,-17.5539,-10.6390,-14.0964,0.0000,0.0000,19.810,-3.437,-0.120,-6.257,0.0776,-0.0029,0.9985,
84.508,IMU,-17.5539,-10.6390,-14.0964,0.0000,0.0000,19.810,-3.462,-0.119,-6.217,0.0718,-0.0024,0.9976,
84.523,ENC,-17.5539,-10.6390,-14.0964,0.0000,0.0000,19.810,-3.462,-0.119,-6.217,0.0718,-0.0024,0.9976,
84.529,IMU,-17.5539,-10.6390,-14.0964,0.0000,0.0000,19.810,-3.472,-0.104,-6.223,0.0479,-0.0073,0.9888,
84.547,ENC,-17.5539,-10.6390,-14.0964,0.0000,0.0000,19.810,-3.472,-0.104,-6.223,0.0479,-0.0073,0.9888,
84.549,IMU,-17.5539,-10.6390,-14.0964,0.0000,0.0000,19.810,-3.503,-0.100,-6.228,0.0654,0.0000,0.9922,
84.564,ENC,-17.5539,-10.6390,-14.0964,0.0000,0.0000,19.810,-3.503,-0.100,-6.228,0.0654,0.0000,0.9922,
84.569,IMU,-17.5539,-10.6390,-14.0964,0.0000,0.0000,19.810,-3.549,-0.136,-6.198,0.0625,0.0010,0.9844,
84.583,ENC,-17.5539,-10.6390,-14.0964,0.0000,0.0000,19.810,-3.549,-0.136,-6.198,0.0625,0.0010,0.9844,
84.588,IMU,-17.5539,-10.6390,-14.0964,0.0000,0.0000,19.810,-3.563,-0.136,-6.185,0.0581,-0.0068,0.9819,
84.603,ENC,-17.5539,-10.6390,-14.0964,0.0000,0.0000,19.810,-3.563,-0.136,-6.185,0.0581,-0.0068,0.9819,
84.608,IMU,-17.5539,-10.6390,-14.0964,0.0000,0.0000,19.810,-3.570,-0.097,-6.161,0.0552,-0.0103,0.9951,
84.623,ENC,-17.5539,-10.6390,-14.0964,0.0000,0.0000,19.810,-3.570,-0.097,-6.161,0.0552,-0.0103,0.9951,
84.628,IMU,-17.5539,-10.6390,-14.0964,0.0000,0.0000,19.810,-3.600,-0.070,-6.144,0.0654,-0.0029,1.0107,
84.643,ENC,-17.5539,-10.6390,-14.0964,0.0000,0.0000,19.810,-3.600,-0.070,-6.144,0.0654,-0.0029,1.0107,
84.650,IMU,-17.5539,-10.6390,-14.0964,0.0000,0.0000,19.810,-3.555,-0.044,-6.133,0.0547,0.0117,0.9917,
84.663,ENC,-17.5539,-10.6390,-14.0964,0.0000,0.0000,19.810,-3.555,-0.044,-6.133,0.0547,0.0117,0.9917,
84.669,IMU,-17.5539,-10.6390,-14.0964,0.0000,0.0000,19.810,-3.538,-0.085,-6.142,0.0654,-0.0063,0.9897,
84.687,ENC,-17.5539,-10.6390,-14.0964,0.0000,0.0000,19.810,-3.538,-0.085,-6.142,0.0654,-0.0063,0.9897,
84.690,IMU,-17.5539,-10.6390,-14.0964,0.0000,0.0000,19.810,-3.580,-0.070,-6.116,0.0757,-0.0044,0.9985,
84.703,ENC,-17.5539,-10.6390,-14.0964,0.0000,0.0000,19.810,-3.580,-0.070,-6.116,0.0757,-0.0044,0.9985,
84.709,IMU,-17.5539,-10.6390,-14.0964,0.0000,0.0000,19.810,-3.594,-0.080,-6.134,0.0508,-0.0073,0.9990,
84.723,ENC,-17.5539,-10.6390,-14.0964,0.0000,0.0000,19.810,-3.594,-0.080,-6.134,0.0508,-0.0073,0.9990,
84.728,IMU,-17.5539,-10.6390,-14.0964,0.0000,0.0000,19.810,-3.580,-0.079,-6.121,0.0615,-0.0059,1.0049,
84.744,ENC,-17.5539,-10.6390,-14.0964,0.0000,0.0000,19.810,-3.580,-0.079,-6.121,0.0615,-0.0059,1.0049,
84.748,IMU,-17.5539,-10.6390,-14.0964,0.0000,0.0000,19.810,-3.624,-0.058,-6.202,0.0615,-0.0024,0.9907,
84.762,PHOTO,-17.5539,-10.6390,-14.0964,0.0000,0.0000,19.810,-3.624,-0.058,-6.202,0.0615,-0.0024,0.9907,photo_005.jpg
84.763,ENC,-17.5539,-10.6390,-14.0964,0.0000,0.0000,19.810,-3.624,-0.058,-6.202,0.0615,-0.0024,0.9907,
84.769,IMU,-17.5539,-10.6390,-14.0964,0.0000,0.0000,19.810,-3.577,-0.096,-6.263,0.0566,-0.0103,0.9893,
84.784,ENC,-17.5539,-10.6390,-14.0964,0.0000,0.0000,19.810,-3.577,-0.096,-6.263,0.0566,-0.0103,0.9893,
84.790,IMU,-17.5539,-10.6390,-14.0964,0.0000,0.0000,19.810,-3.612,-0.105,-6.235,0.0703,-0.0020,0.9951,
84.804,ENC,-17.5539,-10.6390,-14.0964,0.0000,0.0000,19.810,-3.612,-0.105,-6.235,0.0703,-0.0020,0.9951,
84.808,IMU,-17.5539,-10.6390,-14.0964,0.0000,0.0000,19.810,-3.664,-0.121,-6.209,0.0610,-0.0142,0.9878,
84.824,ENC,-17.5539,-10.6390,-14.0964,0.0000,0.0000,19.810,-3.664,-0.121,-6.209,0.0610,-0.0142,0.9878,
84.828,IMU,-17.5539,-10.6390,-14.0964,0.0000,0.0000,19.810,-3.659,-0.145,-6.205,0.0708,-0.0156,0.9941,
84.843,ENC,-17.5539,-10.6390,-14.0964,0.0000,0.0000,19.810,-3.659,-0.145,-6.205,0.0708,-0.0156,0.9941,
84.848,IMU,-17.5539,-10.6390,-14.0964,0.0000,0.0000,19.810,-3.607,-0.130,-6.218,0.0552,0.0000,0.9966,
84.863,ENC,-17.5539,-10.6390,-14.0964,0.0000,0.0000,19.810,-3.607,-0.130,-6.218,0.0552,0.0000,0.9966,
84.868,IMU,-17.5539,-10.6390,-14.0964,0.0000,0.0000,19.810,-3.637,-0.134,-6.275,0.0601,-0.0195,1.0020,
84.883,ENC,-17.5539,-10.6390,-14.0964,0.0000,0.0000,19.810,-3.637,-0.134,-6.275,0.0601,-0.0195,1.0020,
84.892,IMU,-17.5539,-10.6390,-14.0964,0.0000,0.0000,19.810,-3.609,-0.121,-6.243,0.0620,-0.0083,0.9922,
84.903,ENC,-17.5539,-10.6390,-14.0964,0.0000,0.0000,19.810,-3.609,-0.121,-6.243,0.0620,-0.0083,0.9922,
84.908,IMU,-17.5539,-10.6390,-14.0964,0.0000,0.0000,19.810,-3.606,-0.114,-6.287,0.0620,-0.0015,0.9961,
84.923,ENC,-17.5539,-10.6390,-14.0964,0.0000,0.0000,19.810,-3.606,-0.114,-6.287,0.0620,-0.0015,0.9961,
84.928,IMU,-17.5539,-10.6390,-14.0964,0.0000,0.0000,19.810,-3.590,-0.134,-6.296,0.0635,-0.0020,0.9893,
84.944,ENC,-17.5539,-10.6390,-14.0964,0.0000,0.0000,19.810,-3.590,-0.134,-6.296,0.0635,-0.0020,0.9893,
84.949,IMU,-17.5539,-10.6390,-14.0964,0.0000,0.0000,19.810,-3.613,-0.107,-6.315,0.0664,-0.0015,0.9888,
84.963,ENC,-17.5539,-10.6390,-14.0964,0.0000,0.0000,19.810,-3.613,-0.107,-6.315,0.0664,-0.0015,0.9888,
84.969,IMU,-17.5539,-10.6390,-14.0964,0.0000,0.0000,19.810,-3.608,-0.058,-6.295,0.0688,-0.0103,1.0034,
84.983,ENC,-17.5539,-10.6390,-14.0964,0.0000,0.0000,19.810,-3.608,-0.058,-6.295,0.0688,-0.0103,1.0034,
84.989,IMU,-17.5539,-10.6390,-14.0964,0.0000,0.0000,19.810,-3.601,-0.043,-6.304,0.0571,-0.0034,0.9907,
85.003,ENC,-17.5539,-10.6390,-14.0964,0.0000,0.0000,19.810,-3.601,-0.043,-6.304,0.0571,-0.0034,0.9907,
85.008,IMU,-17.5539,-10.6390,-14.0964,0.0000,0.0000,19.810,-3.580,-0.065,-6.258,0.0688,0.0083,1.0039,
85.023,ENC,-17.5539,-10.6390,-14.0964,0.0000,0.0000,19.810,-3.580,-0.065,-6.258,0.0688,0.0083,1.0039,
85.028,IMU,-17.5539,-10.6390,-14.0964,0.0000,0.0000,19.810,-3.571,-0.100,-6.282,0.0537,-0.0044,0.9795,
85.044,ENC,-17.5539,-10.6390,-14.0964,0.0000,0.0000,19.810,-3.571,-0.100,-6.282,0.0537,-0.0044,0.9795,
85.048,IMU,-17.5539,-10.6390,-14.0964,0.0000,0.0000,19.810,-3.605,-0.122,-6.278,0.0576,-0.0088,0.9951,
85.064,ENC,-17.5539,-10.6390,-14.0964,0.0000,0.0000,19.810,-3.605,-0.122,-6.278,0.0576,-0.0088,0.9951,
85.068,IMU,-17.5539,-10.6390,-14.0964,0.0000,0.0000,19.810,-3.591,-0.116,-6.318,0.0483,-0.0190,0.9893,
85.083,ENC,-17.5539,-10.6390,-14.0964,0.0000,0.0000,19.810,-3.591,-0.116,-6.318,0.0483,-0.0190,0.9893,
85.088,IMU,-17.5539,-10.6390,-14.0964,0.0000,0.0000,19.810,-3.576,-0.118,-6.331,0.0659,-0.0088,0.9849,
85.103,ENC,-17.5539,-10.6390,-14.0964,0.0000,0.0000,19.810,-3.576,-0.118,-6.331,0.0659,-0.0088,0.9849,
85.108,IMU,-17.5539,-10.6390,-14.0964,0.0000,0.0000,19.810,-3.561,-0.100,-6.351,0.0571,-0.0107,0.9941,
85.123,ENC,-17.5539,-10.6390,-14.0964,0.0000,0.0000,19.810,-3.561,-0.100,-6.351,0.0571,-0.0107,0.9941,
85.128,IMU,-17.5539,-10.6390,-14.0964,0.0000,0.0000,19.810,-3.528,-0.097,-6.377,0.0537,-0.0054,0.9907,
85.143,ENC,-17.5539,-10.6390,-14.0964,0.0000,0.0000,19.810,-3.528,-0.097,-6.377,0.0537,-0.0054,0.9907,
85.148,IMU,-17.5539,-10.6390,-14.0964,0.0000,0.0000,19.810,-3.505,-0.093,-6.373,0.0537,-0.0098,0.9941,
85.163,ENC,-17.5539,-10.6390,-14.0964,0.0000,0.0000,19.810,-3.505,-0.093,-6.373,0.0537,-0.0098,0.9941,
85.169,IMU,-17.5539,-10.6390,-14.0964,0.0000,0.0000,19.810,-3.513,-0.101,-6.377,0.0669,-0.0146,0.9971,
85.182,ENC,-17.5539,-10.6390,-14.0964,0.0000,0.0000,19.810,-3.513,-0.101,-6.377,0.0669,-0.0146,0.9971,
85.188,IMU,-17.5539,-10.6390,-14.0964,0.0000,0.0000,19.810,-3.510,-0.162,-6.432,0.0664,-0.0078,0.9897,
85.203,ENC,-17.5539,-10.6390,-14.0964,0.0000,0.0000,19.810,-3.510,-0.162,-6.432,0.0664,-0.0078,0.9897,
85.208,IMU,-17.5539,-10.6390,-14.0964,0.0000,0.0000,19.810,-3.471,-0.202,-6.479,0.0518,-0.0093,0.9995,
85.223,ENC,-17.5539,-10.6390,-14.0964,0.0000,0.0000,19.810,-3.471,-0.202,-6.479,0.0518,-0.0093,0.9995,
85.229,IMU,-17.5539,-10.6390,-14.0964,0.0000,0.0000,19.810,-3.482,-0.142,-6.452,0.0654,-0.0137,0.9824,
85.243,ENC,-17.5539,-10.6390,-14.0964,0.0000,0.0000,19.810,-3.482,-0.142,-6.452,0.0654,-0.0137,0.9824,
85.248,IMU,-17.5539,-10.6390,-14.0964,0.0000,0.0000,19.810,-3.494,-0.138,-6.437,0.0620,-0.0088,0.9927,
85.264,ENC,-17.5539,-10.6390,-14.0964,0.0000,0.0000,19.810,-3.494,-0.138,-6.437,0.0620,-0.0088,0.9927,
85.268,IMU,-17.5539,-10.6390,-14.0964,0.0000,0.0000,19.810,-3.539,-0.153,-6.427,0.0669,-0.0146,0.9966,
85.284,ENC,-17.5539,-10.6390,-14.0964,0.0000,0.0000,19.810,-3.539,-0.153,-6.427,0.0669,-0.0146,0.9966,
85.288,IMU,-17.5539,-10.6390,-14.0964,0.0000,0.0000,19.810,-3.529,-0.169,-6.435,0.0396,-0.0083,0.9893,
85.303,ENC,-17.5539,-10.6390,-14.0964,0.0000,0.0000,19.810,-3.529,-0.169,-6.435,0.0396,-0.0083,0.9893,
85.308,IMU,-17.5539,-10.6390,-14.0964,0.0000,0.0000,19.810,-3.505,-0.188,-6.454,0.0635,0.0024,1.0010,
85.323,ENC,-17.5539,-10.6390,-14.0964,0.0000,0.0000,19.810,-3.505,-0.188,-6.454,0.0635,0.0024,1.0010,
85.328,IMU,-17.5539,-10.6390,-14.0964,0.0000,0.0000,19.810,-3.481,-0.174,-6.500,0.0532,0.0020,1.0049,
85.343,ENC,-17.5539,-10.6390,-14.0964,0.0000,0.0000,19.810,-3.481,-0.174,-6.500,0.0532,0.0020,1.0049,
85.348,IMU,-17.5539,-10.6390,-14.0964,0.0000,0.0000,19.810,-3.522,-0.176,-6.520,0.0566,0.0029,0.9961,
85.368,IMU,-17.5539,-10.6390,-14.0964,0.0000,0.0000,19.810,-3.500,-0.197,-6.518,0.0620,-0.0112,0.9932,
85.383,ENC,-17.5539,-10.6390,-14.0964,0.0000,0.0000,19.810,-3.500,-0.197,-6.518,0.0620,-0.0112,0.9932,
85.389,IMU,-17.5539,-10.6390,-14.0964,0.0000,0.0000,19.810,-3.488,-0.181,-6.492,0.0586,-0.0010,1.0078,
85.403,ENC,-17.5539,-10.6390,-14.0964,0.0000,0.0000,19.810,-3.488,-0.181,-6.492,0.0586,-0.0010,1.0078,
85.409,IMU,-17.5539,-10.6390,-14.0964,0.0000,0.0000,19.810,-3.522,-0.181,-6.502,0.0625,0.0029,0.9980,
85.423,ENC,-17.5539,-10.6390,-14.0964,0.0000,0.0000,19.810,-3.522,-0.181,-6.502,0.0625,0.0029,0.9980,
85.428,IMU,-17.5539,-10.6390,-14.0964,0.0000,0.0000,19.810,-3.566,-0.190,-6.503,0.0791,0.0054,0.9976,
85.443,ENC,-17.5539,-10.6390,-14.0964,0.0000,0.0000,19.810,-3.566,-0.190,-6.503,0.0791,0.0054,0.9976,
85.448,IMU,-17.5539,-10.6390,-14.0964,0.0000,0.0000,19.810,-3.575,-0.177,-6.531,0.0718,-0.0039,0.9976,
85.463,ENC,-17.5539,-10.6390,-14.0964,0.0000,0.0000,19.810,-3.575,-0.177,-6.531,0.0718,-0.0039,0.9976,
85.469,IMU,-17.5539,-10.6390,-14.0964,0.0000,0.0000,19.810,-3.592,-0.144,-6.555,0.0713,-0.0039,1.0020,
85.483,ENC,-17.5539,-10.6390,-14.0964,0.0000,0.0000,19.810,-3.592,-0.144,-6.555,0.0713,-0.0039,1.0020,
85.489,IMU,-17.5539,-10.6390,-14.0964,0.0000,0.0000,19.810,-3.570,-0.132,-6.549,0.0591,0.0020,0.9917,
85.506,ENC,-17.5539,-10.6390,-14.0964,0.0000,0.0000,19.810,-3.570,-0.132,-6.549,0.0591,0.0020,0.9917,
85.508,IMU,-17.5539,-10.6390,-14.0964,0.0000,0.0000,19.810,-3.584,-0.125,-6.560,0.0566,0.0015,0.9966,
85.524,ENC,-17.5539,-10.6390,-14.0964,0.0000,0.0000,19.810,-3.584,-0.125,-6.560,0.0566,0.0015,0.9966,
85.528,IMU,-17.5539,-10.6390,-14.0964,0.0000,0.0000,19.810,-3.554,-0.112,-6.532,0.0498,-0.0015,0.9858,
85.543,ENC,-17.5539,-10.6390,-14.0964,0.0000,0.0000,19.810,-3.554,-0.112,-6.532,0.0498,-0.0015,0.9858,
85.549,IMU,-17.5539,-10.6390,-14.0964,0.0000,0.0000,19.810,-3.538,-0.173,-6.518,0.0610,-0.0024,0.9990,
85.563,ENC,-17.5539,-10.6390,-14.0964,0.0000,0.0000,19.810,-3.538,-0.173,-6.518,0.0610,-0.0024,0.9990,
85.571,IMU,-17.5539,-10.6390,-14.0964,0.0000,0.0000,19.810,-3.525,-0.196,-6.564,0.0630,-0.0098,0.9956,
85.583,ENC,-17.5539,-10.6390,-14.0964,0.0000,0.0000,19.810,-3.525,-0.196,-6.564,0.0630,-0.0098,0.9956,
85.588,IMU,-17.5539,-10.6390,-14.0964,0.0000,0.0000,19.810,-3.508,-0.176,-6.540,0.0625,-0.0078,1.0024,
85.603,ENC,-17.5539,-10.6390,-14.0964,0.0000,0.0000,19.810,-3.508,-0.176,-6.540,0.0625,-0.0078,1.0024,
85.608,IMU,-17.5539,-10.6390,-14.0964,0.0000,0.0000,19.810,-3.505,-0.204,-6.520,0.0654,-0.0034,0.9971,
85.629,IMU,-17.5539,-10.6390,-14.0964,0.0000,0.0000,19.810,-3.512,-0.251,-6.527,0.0547,-0.0112,0.9902,
85.634,ENC,-17.5539,-10.6390,-14.0964,0.0000,0.0000,19.810,-3.512,-0.251,-6.527,0.0547,-0.0112,0.9902,
85.643,ENC,-17.5539,-10.6390,-14.0964,0.0000,0.0000,19.810,-3.512,-0.251,-6.527,0.0547,-0.0112,0.9902,
85.648,IMU,-17.5539,-10.6390,-14.0964,0.0000,0.0000,19.810,-3.502,-0.247,-6.525,0.0693,-0.0024,0.9893,
85.663,ENC,-17.5539,-10.6390,-14.0964,0.0000,0.0000,19.810,-3.502,-0.247,-6.525,0.0693,-0.0024,0.9893,
85.668,IMU,-17.5539,-10.6390,-14.0964,0.0000,0.0000,19.810,-3.437,-0.230,-6.516,0.0508,0.0049,0.9971,
85.683,ENC,-17.5539,-10.6390,-14.0964,0.0000,0.0000,19.810,-3.437,-0.230,-6.516,0.0508,0.0049,0.9971,
85.688,IMU,-17.5539,-10.6390,-14.0964,0.0000,0.0000,19.810,-3.433,-0.185,-6.532,0.0635,-0.0024,0.9937,
85.703,ENC,-17.5539,-10.6390,-14.0964,0.0000,0.0000,19.810,-3.433,-0.185,-6.532,0.0635,-0.0024,0.9937,
85.711,IMU,-17.5539,-10.6390,-14.0964,0.0000,0.0000,19.810,-3.474,-0.231,-6.511,0.0615,-0.0098,0.9912,
85.723,ENC,-17.5539,-10.6390,-14.0964,0.0000,0.0000,19.810,-3.474,-0.231,-6.511,0.0615,-0.0098,0.9912,
85.728,IMU,-17.5539,-10.6390,-14.0964,0.0000,0.0000,19.810,-3.438,-0.237,-6.498,0.0557,-0.0093,0.9873,
85.743,ENC,-17.5539,-10.6390,-14.0964,0.0000,0.0000,19.810,-3.438,-0.237,-6.498,0.0557,-0.0093,0.9873,
85.748,IMU,-17.5539,-10.6390,-14.0964,0.0000,0.0000,19.810,-3.461,-0.230,-6.468,0.0605,-0.0088,0.9980,
85.763,ENC,-17.5539,-10.6390,-14.0964,0.0000,0.0000,19.810,-3.461,-0.230,-6.468,0.0605,-0.0088,0.9980,
85.767,IMU,-17.5539,-10.6390,-14.0964,0.0000,0.0000,19.810,-3.481,-0.212,-6.449,0.0806,0.0112,0.9946,
85.783,ENC,-17.5539,-10.6390,-14.0964,0.0000,0.0000,19.810,-3.481,-0.212,-6.449,0.0806,0.0112,0.9946,
85.788,IMU,-17.5539,-10.6390,-14.0964,0.0000,0.0000,19.810,-3.509,-0.225,-6.499,0.0596,-0.0059,0.9990,
85.803,ENC,-17.5539,-10.6390,-14.0964,0.0000,0.0000,19.810,-3.509,-0.225,-6.499,0.0596,-0.0059,0.9990,
85.808,IMU,-17.5539,-10.6390,-14.0964,0.0000,0.0000,19.810,-3.468,-0.215,-6.523,0.0508,-0.0088,0.9897,
85.823,ENC,-17.5539,-10.6390,-14.0964,0.0000,0.0000,19.810,-3.468,-0.215,-6.523,0.0508,-0.0088,0.9897,
85.829,IMU,-17.5539,-10.6390,-14.0964,0.0000,0.0000,19.810,-3.446,-0.225,-6.532,0.0635,-0.0024,0.9912,
85.844,ENC,-17.5539,-10.6390,-14.0964,0.0000,0.0000,19.810,-3.446,-0.225,-6.532,0.0635,-0.0024,0.9912,
85.849,IMU,-17.5539,-10.6390,-14.0964,0.0000,0.0000,19.810,-3.436,-0.262,-6.546,0.0483,-0.0161,0.9858,
85.863,ENC,-17.5539,-10.6390,-14.0964,0.0000,0.0000,19.810,-3.436,-0.262,-6.546,0.0483,-0.0161,0.9858,
85.868,IMU,-17.5539,-10.6390,-14.0964,0.0000,0.0000,19.810,-3.398,-0.257,-6.600,0.0547,-0.0107,0.9951,
85.883,ENC,-17.5539,-10.6390,-14.0964,0.0000,0.0000,19.810,-3.398,-0.257,-6.600,0.0547,-0.0107,0.9951,
85.888,IMU,-17.5539,-10.6390,-14.0964,0.0000,0.0000,19.810,-3.421,-0.258,-6.546,0.0576,-0.0044,1.0000,
85.903,ENC,-17.5539,-10.6390,-14.0964,0.0000,0.0000,19.810,-3.421,-0.258,-6.546,0.0576,-0.0044,1.0000,
85.908,IMU,-17.5539,-10.6390,-14.0964,0.0000,0.0000,19.810,-3.398,-0.284,-6.535,0.0547,-0.0063,0.9854,
85.923,ENC,-17.5539,-10.6390,-14.0964,0.0000,0.0000,19.810,-3.398,-0.284,-6.535,0.0547,-0.0063,0.9854,
85.927,IMU,-17.5539,-10.6390,-14.0964,0.0000,0.0000,19.810,-3.398,-0.288,-6.519,0.0659,0.0034,0.9980,
85.943,ENC,-17.5539,-10.6390,-14.0964,0.0000,0.0000,19.810,-3.398,-0.288,-6.519,0.0659,0.0034,0.9980,
85.948,IMU,-17.5539,-10.6390,-14.0964,0.0000,0.0000,19.810,-3.441,-0.286,-6.478,0.0640,-0.0098,0.9897,
85.963,ENC,-17.5539,-10.6390,-14.0964,0.0000,0.0000,19.810,-3.441,-0.286,-6.478,0.0640,-0.0098,0.9897,
85.968,IMU,-17.5539,-10.6390,-14.0964,0.0000,0.0000,19.810,-3.451,-0.311,-6.486,0.0557,-0.0093,0.9893,
85.983,ENC,-17.5539,-10.6390,-14.0964,0.0000,0.0000,19.810,-3.451,-0.311,-6.486,0.0557,-0.0093,0.9893,
85.988,IMU,-17.5539,-10.6390,-14.0964,0.0000,0.0000,19.810,-3.479,-0.316,-6.504,0.0610,-0.0049,1.0000,
86.003,ENC,-17.5539,-10.6390,-14.0964,0.0000,0.0000,19.810,-3.479,-0.316,-6.504,0.0610,-0.0049,1.0000,
86.011,IMU,-17.5539,-10.6390,-14.0964,0.0000,0.0000,19.810,-3.491,-0.376,-6.502,0.0518,-0.0083,1.0024,
86.023,ENC,-17.5539,-10.6390,-14.0964,0.0000,0.0000,19.810,-3.491,-0.376,-6.502,0.0518,-0.0083,1.0024,
86.029,IMU,-17.5539,-10.6390,-14.0964,0.0000,0.0000,19.810,-3.506,-0.375,-6.508,0.0581,-0.0015,1.0015,
86.043,ENC,-17.5539,-10.6390,-14.0964,0.0000,0.0000,19.810,-3.506,-0.375,-6.508,0.0581,-0.0015,1.0015,
86.048,IMU,-17.5539,-10.6390,-14.0964,0.0000,0.0000,19.810,-3.522,-0.355,-6.522,0.0513,-0.0117,0.9868,
86.064,ENC,-17.5539,-10.6390,-14.0964,0.0000,0.0000,19.810,-3.522,-0.355,-6.522,0.0513,-0.0117,0.9868,
86.069,IMU,-17.5539,-10.6390,-14.0964,0.0000,0.0000,19.810,-3.500,-0.313,-6.523,0.0635,-0.0103,0.9883,
86.083,ENC,-17.5539,-10.6390,-14.0964,0.0000,0.0000,19.810,-3.500,-0.313,-6.523,0.0635,-0.0103,0.9883,
86.088,IMU,-17.5539,-10.6390,-14.0964,0.0000,0.0000,19.810,-3.530,-0.298,-6.488,0.0708,-0.0107,1.0034,
86.103,ENC,-17.5539,-10.6390,-14.0964,0.0000,0.0000,19.810,-3.530,-0.298,-6.488,0.0708,-0.0107,1.0034,
86.108,IMU,-17.5539,-10.6390,-14.0964,0.0000,0.0000,19.810,-3.537,-0.277,-6.489,0.0679,0.0068,0.9814,
86.123,ENC,-17.5539,-10.6390,-14.0964,0.0000,0.0000,19.810,-3.537,-0.277,-6.489,0.0679,0.0068,0.9814,
86.128,IMU,-17.5539,-10.6390,-14.0964,0.0000,0.0000,19.810,-3.572,-0.280,-6.463,0.0532,0.0020,0.9907,
86.143,ENC,-17.5539,-10.6390,-14.0964,0.0000,0.0000,19.810,-3.572,-0.280,-6.463,0.0532,0.0020,0.9907,
86.148,IMU,-17.5539,-10.6390,-14.0964,0.0000,0.0000,19.810,-3.527,-0.248,-6.497,0.0615,-0.0034,0.9941,
86.163,ENC,-17.5539,-10.6390,-14.0964,0.0000,0.0000,19.810,-3.527,-0.248,-6.497,0.0615,-0.0034,0.9941,
86.168,IMU,-17.5539,-10.6390,-14.0964,0.0000,0.0000,19.810,-3.500,-0.281,-6.521,0.0713,-0.0039,0.9995,
86.185,ENC,-17.5539,-10.6390,-14.0964,0.0000,0.0000,19.810,-3.500,-0.281,-6.521,0.0713,-0.0039,0.9995,
86.188,IMU,-17.5539,-10.6390,-14.0964,0.0000,0.0000,19.810,-3.527,-0.303,-6.554,0.0557,-0.0010,1.0034,
86.203,ENC,-17.5539,-10.6390,-14.0964,0.0000,0.0000,19.810,-3.527,-0.303,-6.554,0.0557,-0.0010,1.0034,
86.208,IMU,-17.5539,-10.6390,-14.0964,0.0000,0.0000,19.810,-3.513,-0.330,-6.545,0.0635,-0.0063,0.9995,
86.223,ENC,-17.5539,-10.6390,-14.0964,0.0000,0.0000,19.810,-3.513,-0.330,-6.545,0.0635,-0.0063,0.9995,
86.228,IMU,-17.5539,-10.6390,-14.0964,0.0000,0.0000,19.810,-3.544,-0.312,-6.553,0.0576,-0.0220,1.0020,
86.243,ENC,-17.5539,-10.6390,-14.0964,0.0000,0.0000,19.810,-3.544,-0.312,-6.553,0.0576,-0.0220,1.0020,
86.249,IMU,-17.5539,-10.6390,-14.0964,0.0000,0.0000,19.810,-3.508,-0.349,-6.580,0.0630,-0.0093,1.0034,
86.263,ENC,-17.5539,-10.6390,-14.0964,0.0000,0.0000,19.810,-3.508,-0.349,-6.580,0.0630,-0.0093,1.0034,
86.268,IMU,-17.5539,-10.6390,-14.0964,0.0000,0.0000,19.810,-3.487,-0.363,-6.595,0.0576,-0.0073,0.9980,
86.283,ENC,-17.5539,-10.6390,-14.0964,0.0000,0.0000,19.810,-3.487,-0.363,-6.595,0.0576,-0.0073,0.9980,
86.288,IMU,-17.5539,-10.6390,-14.0964,0.0000,0.0000,19.810,-3.484,-0.330,-6.619,0.0620,-0.0088,1.0005,
86.303,ENC,-17.5539,-10.6390,-14.0964,0.0000,0.0000,19.810,-3.484,-0.330,-6.619,0.0620,-0.0088,1.0005,
86.309,IMU,-17.5539,-10.6390,-14.0964,0.0000,0.0000,19.810,-3.435,-0.348,-6.619,0.0703,-0.0073,0.9854,
86.324,ENC,-17.5539,-10.6390,-14.0964,0.0000,0.0000,19.810,-3.435,-0.348,-6.619,0.0703,-0.0073,0.9854,
86.328,IMU,-17.5539,-10.6390,-14.0964,0.0000,0.0000,19.810,-3.460,-0.351,-6.554,0.0669,-0.0044,0.9917,
86.343,ENC,-17.5539,-10.6390,-14.0964,0.0000,0.0000,19.810,-3.460,-0.351,-6.554,0.0669,-0.0044,0.9917,
86.349,IMU,-17.5539,-10.6390,-14.0964,0.0000,0.0000,19.810,-3.465,-0.359,-6.611,0.0669,-0.0063,0.9990,
86.363,ENC,-17.5539,-10.6390,-14.0964,0.0000,0.0000,19.810,-3.465,-0.359,-6.611,0.0669,-0.0063,0.9990,
86.368,IMU,-17.5539,-10.6390,-14.0964,0.0000,0.0000,19.810,-3.438,-0.408,-6.647,0.0645,-0.0103,0.9971,
86.383,ENC,-17.5539,-10.6390,-14.0964,0.0000,0.0000,19.810,-3.438,-0.408,-6.647,0.0645,-0.0103,0.9971,
86.391,IMU,-17.5539,-10.6390,-14.0964,0.0000,0.0000,19.810,-3.463,-0.417,-6.624,0.0503,0.0024,0.9961,
86.403,ENC,-17.5539,-10.6390,-14.0964,0.0000,0.0000,19.810,-3.463,-0.417,-6.624,0.0503,0.0024,0.9961,
86.410,IMU,-17.5539,-10.6390,-14.0964,0.0000,0.0000,19.810,-3.445,-0.414,-6.637,0.0630,-0.0103,1.0063,
86.424,ENC,-17.5539,-10.6390,-14.0964,0.0000,0.0000,19.810,-3.445,-0.414,-6.637,0.0630,-0.0103,1.0063,
86.428,IMU,-17.5539,-10.6390,-14.0964,0.0000,0.0000,19.810,-3.459,-0.413,-6.688,0.0669,-0.0034,0.9897,
86.443,ENC,-17.5539,-10.6390,-14.0964,0.0000,0.0000,19.810,-3.459,-0.413,-6.688,0.0669,-0.0034,0.9897,
86.449,IMU,-17.5539,-10.6390,-14.0964,0.0000,0.0000,19.810,-3.472,-0.427,-6.693,0.0625,-0.0112,0.9912,
86.463,ENC,-17.5539,-10.6390,-14.0964,0.0000,0.0000,19.810,-3.472,-0.427,-6.693,0.0625,-0.0112,0.9912,
86.469,IMU,-17.5539,-10.6390,-14.0964,0.0000,0.0000,19.810,-3.511,-0.395,-6.687,0.0669,-0.0093,1.0029,
86.483,ENC,-17.5539,-10.6390,-14.0964,0.0000,0.0000,19.810,-3.511,-0.395,-6.687,0.0669,-0.0093,1.0029,
86.489,IMU,-17.5539,-10.6390,-14.0964,0.0000,0.0000,19.810,-3.559,-0.363,-6.717,0.0679,-0.0103,1.0000,
86.504,ENC,-17.5539,-10.6390,-14.0964,0.0000,0.0000,19.810,-3.559,-0.363,-6.717,0.0679,-0.0103,1.0000,
86.508,IMU,-17.5539,-10.6390,-14.0964,0.0000,0.0000,19.810,-3.541,-0.415,-6.732,0.0601,-0.0098,0.9956,
86.524,ENC,-17.5539,-10.6390,-14.0964,0.0000,0.0000,19.810,-3.541,-0.415,-6.732,0.0601,-0.0098,0.9956,
86.530,IMU,-17.5539,-10.6390,-14.0964,0.0000,0.0000,19.810,-3.557,-0.444,-6.723,0.0649,-0.0171,0.9902,
86.543,ENC,-17.5539,-10.6390,-14.0964,0.0000,0.0000,19.810,-3.557,-0.444,-6.723,0.0649,-0.0171,0.9902,
86.548,IMU,-17.5539,-10.6390,-14.0964,0.0000,0.0000,19.810,-3.527,-0.452,-6.763,0.0498,-0.0049,0.9990,
86.564,ENC,-17.5539,-10.6390,-14.0964,0.0000,0.0000,19.810,-3.527,-0.452,-6.763,0.0498,-0.0049,0.9990,
86.568,IMU,-17.5539,-10.6390,-14.0964,0.0000,0.0000,19.810,-3.540,-0.400,-6.730,0.0591,-0.0029,0.9902,
86.583,ENC,-17.5539,-10.6390,-14.0964,0.0000,0.0000,19.810,-3.540,-0.400,-6.730,0.0591,-0.0029,0.9902,
86.587,IMU,-17.5539,-10.6390,-14.0964,0.0000,0.0000,19.810,-3.533,-0.360,-6.727,0.0654,0.0176,1.0010,
86.603,ENC,-17.5539,-10.6390,-14.0964,0.0000,0.0000,19.810,-3.533,-0.360,-6.727,0.0654,0.0176,1.0010,
86.609,IMU,-17.5539,-10.6390,-14.0964,0.0000,0.0000,19.810,-3.521,-0.384,-6.746,0.0605,-0.0068,0.9961,
86.623,ENC,-17.5539,-10.6390,-14.0964,0.0000,0.0000,19.810,-3.521,-0.384,-6.746,0.0605,-0.0068,0.9961,
86.632,IMU,-17.5539,-10.6390,-14.0964,0.0000,0.0000,19.810,-3.506,-0.372,-6.786,0.0586,-0.0005,0.9961,
86.643,ENC,-17.5539,-10.6390,-14.0964,0.0000,0.0000,19.810,-3.506,-0.372,-6.786,0.0586,-0.0005,0.9961,
86.648,IMU,-17.5539,-10.6390,-14.0964,0.0000,0.0000,19.810,-3.515,-0.405,-6.767,0.0659,-0.0034,0.9912,
86.663,ENC,-17.5539,-10.6390,-14.0964,0.0000,0.0000,19.810,-3.515,-0.405,-6.767,0.0659,-0.0034,0.9912,
86.668,IMU,-17.5539,-10.6390,-14.0964,0.0000,0.0000,19.810,-3.484,-0.400,-6.773,0.0664,-0.0161,0.9971,
86.684,ENC,-17.5539,-10.6390,-14.0964,0.0000,0.0000,19.810,-3.484,-0.400,-6.773,0.0664,-0.0161,0.9971,
86.688,IMU,-17.5539,-10.6390,-14.0964,0.0000,0.0000,19.810,-3.498,-0.400,-6.754,0.0620,-0.0156,0.9854,
86.703,ENC,-17.5539,-10.6390,-14.0964,0.0000,0.0000,19.810,-3.498,-0.400,-6.754,0.0620,-0.0156,0.9854,
86.708,IMU,-17.5539,-10.6390,-14.0964,0.0000,0.0000,19.810,-3.508,-0.427,-6.763,0.0596,0.0024,0.9839,
86.724,ENC,-17.5539,-10.6390,-14.0964,0.0000,0.0000,19.810,-3.508,-0.427,-6.763,0.0596,0.0024,0.9839,
86.729,IMU,-17.5539,-10.6390,-14.0964,0.0000,0.0000,19.810,-3.501,-0.436,-6.726,0.0674,-0.0063,0.9912,
86.743,ENC,-17.5539,-10.6390,-14.0964,0.0000,0.0000,19.810,-3.501,-0.436,-6.726,0.0674,-0.0063,0.9912,
86.748,IMU,-17.5539,-10.6390,-14.0964,0.0000,0.0000,19.810,-3.485,-0.419,-6.694,0.0591,0.0015,0.9941,
86.763,ENC,-17.5539,-10.6390,-14.0964,0.0000,0.0000,19.810,-3.485,-0.419,-6.694,0.0591,0.0015,0.9941,
86.768,IMU,-17.5539,-10.6390,-14.0964,0.0000,0.0000,19.810,-3.457,-0.383,-6.702,0.0576,0.0020,1.0029,
86.783,ENC,-17.5539,-10.6390,-14.0964,0.0000,0.0000,19.810,-3.457,-0.383,-6.702,0.0576,0.0020,1.0029,
86.788,IMU,-17.5539,-10.6390,-14.0964,0.0000,0.0000,19.810,-3.468,-0.369,-6.725,0.0522,0.0088,0.9980,
86.803,ENC,-17.5539,-10.6390,-14.0964,0.0000,0.0000,19.810,-3.468,-0.369,-6.725,0.0522,0.0088,0.9980,
86.809,IMU,-17.5539,-10.6390,-14.0964,0.0000,0.0000,19.810,-3.480,-0.382,-6.703,0.0498,-0.0107,0.9922,
86.823,ENC,-17.5539,-10.6390,-14.0964,0.0000,0.0000,19.810,-3.480,-0.382,-6.703,0.0498,-0.0107,0.9922,
86.828,IMU,-17.5539,-10.6390,-14.0964,0.0000,0.0000,19.810,-3.464,-0.349,-6.718,0.0635,0.0010,0.9927,
86.843,ENC,-17.5539,-10.6390,-14.0964,0.0000,0.0000,19.810,-3.464,-0.349,-6.718,0.0635,0.0010,0.9927,
86.849,IMU,-17.5539,-10.6390,-14.0964,0.0000,0.0000,19.810,-3.446,-0.303,-6.726,0.0581,0.0049,0.9917,
86.863,ENC,-17.5539,-10.6390,-14.0964,0.0000,0.0000,19.810,-3.446,-0.303,-6.726,0.0581,0.0049,0.9917,
86.868,IMU,-17.5539,-10.6390,-14.0964,0.0000,0.0000,19.810,-3.440,-0.332,-6.750,0.0605,-0.0029,0.9927,
86.883,ENC,-17.5539,-10.6390,-14.0964,0.0000,0.0000,19.810,-3.440,-0.332,-6.750,0.0605,-0.0029,0.9927,
86.889,IMU,-17.5539,-10.6390,-14.0964,0.0000,0.0000,19.810,-3.399,-0.342,-6.802,0.0635,0.0005,0.9941,
86.903,ENC,-17.5539,-10.6390,-14.0964,0.0000,0.0000,19.810,-3.399,-0.342,-6.802,0.0635,0.0005,0.9941,
86.908,IMU,-17.5539,-10.6390,-14.0964,0.0000,0.0000,19.810,-3.427,-0.318,-6.826,0.0640,0.0029,0.9946,
86.923,ENC,-17.5539,-10.6390,-14.0964,0.0000,0.0000,19.810,-3.427,-0.318,-6.826,0.0640,0.0029,0.9946,
86.928,IMU,-17.5539,-10.6390,-14.0964,0.0000,0.0000,19.810,-3.399,-0.312,-6.831,0.0615,-0.0210,0.9961,
86.943,ENC,-17.5539,-10.6390,-14.0964,0.0000,0.0000,19.810,-3.399,-0.312,-6.831,0.0615,-0.0210,0.9961,
86.951,IMU,-17.5539,-10.6390,-14.0964,0.0000,0.0000,19.810,-3.345,-0.302,-6.853,0.0576,-0.0088,0.9927,
86.963,ENC,-17.5539,-10.6390,-14.0964,0.0000,0.0000,19.810,-3.345,-0.302,-6.853,0.0576,-0.0088,0.9927,
86.969,IMU,-17.5539,-10.6390,-14.0964,0.0000,0.0000,19.810,-3.369,-0.292,-6.836,0.0684,-0.0059,0.9932,
86.983,ENC,-17.5539,-10.6390,-14.0964,0.0000,0.0000,19.810,-3.369,-0.292,-6.836,0.0684,-0.0059,0.9932,
86.988,IMU,-17.5539,-10.6390,-14.0964,0.0000,0.0000,19.810,-3.384,-0.236,-6.826,0.0645,-0.0059,0.9844,
87.005,ENC,-17.5539,-10.6390,-14.0964,0.0000,0.0000,19.810,-3.384,-0.236,-6.826,0.0645,-0.0059,0.9844,
87.008,IMU,-17.5539,-10.6390,-14.0964,0.0000,0.0000,19.810,-3.349,-0.267,-6.879,0.0630,-0.0024,1.0039,
87.023,ENC,-17.5539,-10.6390,-14.0964,0.0000,0.0000,19.810,-3.349,-0.267,-6.879,0.0630,-0.0024,1.0039,
87.028,IMU,-17.5539,-10.6390,-14.0964,0.0000,0.0000,19.810,-3.358,-0.272,-6.869,0.0591,0.0039,0.9873,
87.043,ENC,-17.5539,-10.6390,-14.0964,0.0000,0.0000,19.810,-3.358,-0.272,-6.869,0.0591,0.0039,0.9873,
87.049,IMU,-17.5539,-10.6390,-14.0964,0.0000,0.0000,19.810,-3.362,-0.273,-6.874,0.0703,-0.0103,1.0000,
87.063,ENC,-17.5539,-10.6390,-14.0964,0.0000,0.0000,19.810,-3.362,-0.273,-6.874,0.0703,-0.0103,1.0000,
87.069,IMU,-17.5539,-10.6390,-14.0964,0.0000,0.0000,19.810,-3.377,-0.223,-6.865,0.0435,0.0005,1.0044,
87.084,ENC,-17.5539,-10.6390,-14.0964,0.0000,0.0000,19.810,-3.377,-0.223,-6.865,0.0435,0.0005,1.0044,
87.089,IMU,-17.5539,-10.6390,-14.0964,0.0000,0.0000,19.810,-3.324,-0.253,-6.852,0.0527,0.0068,0.9878,
87.103,ENC,-17.5539,-10.6390,-14.0964,0.0000,0.0000,19.810,-3.324,-0.253,-6.852,0.0527,0.0068,0.9878,
87.108,IMU,-17.5539,-10.6390,-14.0964,0.0000,0.0000,19.810,-3.344,-0.265,-6.864,0.0532,-0.0068,0.9966,
87.123,ENC,-17.5539,-10.6390,-14.0964,0.0000,0.0000,19.810,-3.344,-0.265,-6.864,0.0532,-0.0068,0.9966,
87.128,IMU,-17.5539,-10.6390,-14.0964,0.0000,0.0000,19.810,-3.414,-0.255,-6.853,0.0669,-0.0034,0.9844,
87.143,ENC,-17.5539,-10.6390,-14.0964,0.0000,0.0000,19.810,-3.414,-0.255,-6.853,0.0669,-0.0034,0.9844,
87.149,IMU,-17.5539,-10.6390,-14.0964,0.0000,0.0000,19.810,-3.392,-0.282,-6.868,0.0674,-0.0049,0.9785,
87.165,ENC,-17.5539,-10.6390,-14.0964,0.0000,0.0000,19.810,-3.392,-0.282,-6.868,0.0674,-0.0049,0.9785,
87.168,IMU,-17.5539,-10.6390,-14.0964,0.0000,0.0000,19.810,-3.389,-0.277,-6.823,0.0503,-0.0010,0.9937,
87.184,ENC,-17.5539,-10.6390,-14.0964,0.0000,0.0000,19.810,-3.389,-0.277,-6.823,0.0503,-0.0010,0.9937,
87.188,IMU,-17.5539,-10.6390,-14.0964,0.0000,0.0000,19.810,-3.377,-0.238,-6.838,0.0679,-0.0059,1.0015,
87.205,ENC,-17.5539,-10.6390,-14.0964,0.0000,0.0000,19.810,-3.377,-0.238,-6.838,0.0679,-0.0059,1.0015,
87.210,IMU,-17.5539,-10.6390,-14.0964,0.0000,0.0000,19.810,-3.406,-0.236,-6.863,0.0664,-0.0078,0.9878,
87.223,ENC,-17.5539,-10.6390,-14.0964,0.0000,0.0000,19.810,-3.406,-0.236,-6.863,0.0664,-0.0078,0.9878,
87.230,IMU,-17.5539,-10.6390,-14.0964,0.0000,0.0000,19.810,-3.430,-0.223,-6.877,0.0571,-0.0020,0.9883,
87.244,ENC,-17.5539,-10.6390,-14.0964,0.0000,0.0000,19.810,-3.430,-0.223,-6.877,0.0571,-0.0020,0.9883,
87.251,IMU,-17.5539,-10.6390,-14.0964,0.0000,0.0000,19.810,-3.478,-0.207,-6.892,0.0728,-0.0078,0.9971,
87.263,ENC,-17.5539,-10.6390,-14.0964,0.0000,0.0000,19.810,-3.478,-0.207,-6.892,0.0728,-0.0078,0.9971,
87.268,IMU,-17.5539,-10.6390,-14.0964,0.0000,0.0000,19.810,-3.492,-0.199,-6.914,0.0640,-0.0186,1.0029,
87.283,ENC,-17.5539,-10.6390,-14.0964,0.0000,0.0000,19.810,-3.492,-0.199,-6.914,0.0640,-0.0186,1.0029,
87.288,IMU,-17.5539,-10.6390,-14.0964,0.0000,0.0000,19.810,-3.460,-0.226,-6.934,0.0581,-0.0073,0.9844,
87.303,ENC,-17.5539,-10.6390,-14.0964,0.0000,0.0000,19.810,-3.460,-0.226,-6.934,0.0581,-0.0073,0.9844,
87.308,IMU,-17.5539,-10.6390,-14.0964,0.0000,0.0000,19.810,-3.448,-0.214,-6.938,0.0649,0.0073,1.0063,
87.323,ENC,-17.5539,-10.6390,-14.0964,0.0000,0.0000,19.810,-3.448,-0.214,-6.938,0.0649,0.0073,1.0063,
87.329,IMU,-17.5539,-10.6390,-14.0964,0.0000,0.0000,19.810,-3.418,-0.231,-6.932,0.0571,-0.0010,0.9980,
87.343,ENC,-17.5539,-10.6390,-14.0964,0.0000,0.0000,19.810,-3.418,-0.231,-6.932,0.0571,-0.0010,0.9980,
87.349,IMU,-17.5539,-10.6390,-14.0964,0.0000,0.0000,19.810,-3.414,-0.271,-6.905,0.0518,-0.0137,1.0044,
87.363,ENC,-17.5539,-10.6390,-14.0964,0.0000,0.0000,19.810,-3.414,-0.271,-6.905,0.0518,-0.0137,1.0044,
87.368,IMU,-17.5539,-10.6390,-14.0964,0.0000,0.0000,19.810,-3.376,-0.303,-6.891,0.0459,-0.0122,0.9985,
87.383,ENC,-17.5539,-10.6390,-14.0964,0.0000,0.0000,19.810,-3.376,-0.303,-6.891,0.0459,-0.0122,0.9985,
87.389,IMU,-17.5539,-10.6390,-14.0964,0.0000,0.0000,19.810,-3.382,-0.331,-6.956,0.0596,-0.0161,1.0000,
87.404,ENC,-17.5539,-10.6390,-14.0964,0.0000,0.0000,19.810,-3.382,-0.331,-6.956,0.0596,-0.0161,1.0000,
87.408,IMU,-17.5539,-10.6390,-14.0964,0.0000,0.0000,19.810,-3.373,-0.325,-6.924,0.0630,-0.0068,0.9785,
87.423,ENC,-17.5539,-10.6390,-14.0964,0.0000,0.0000,19.810,-3.373,-0.325,-6.924,0.0630,-0.0068,0.9785,
87.428,IMU,-17.5539,-10.6390,-14.0964,0.0000,0.0000,19.810,-3.397,-0.355,-6.926,0.0698,-0.0029,0.9917,
87.443,ENC,-17.5539,-10.6390,-14.0964,0.0000,0.0000,19.810,-3.397,-0.355,-6.926,0.0698,-0.0029,0.9917,
87.452,IMU,-17.5539,-10.6390,-14.0964,0.0000,0.0000,19.810,-3.425,-0.340,-6.894,0.0645,0.0024,0.9922,
87.463,ENC,-17.5539,-10.6390,-14.0964,0.0000,0.0000,19.810,-3.425,-0.340,-6.894,0.0645,0.0024,0.9922,
87.468,IMU,-17.5539,-10.6390,-14.0964,0.0000,0.0000,19.810,-3.428,-0.331,-6.859,0.0562,-0.0132,1.0112,
87.483,ENC,-17.5539,-10.6390,-14.0964,0.0000,0.0000,19.810,-3.428,-0.331,-6.859,0.0562,-0.0132,1.0112,
87.488,IMU,-17.5539,-10.6390,-14.0964,0.0000,0.0000,19.810,-3.459,-0.344,-6.860,0.0610,-0.0034,0.9883,
87.503,ENC,-17.5539,-10.6390,-14.0964,0.0000,0.0000,19.810,-3.459,-0.344,-6.860,0.0610,-0.0034,0.9883,
87.508,IMU,-17.5539,-10.6390,-14.0964,0.0000,0.0000,19.810,-3.437,-0.320,-6.879,0.0596,-0.0137,0.9883,
87.523,ENC,-17.5539,-10.6390,-14.0964,0.0000,0.0000,19.810,-3.437,-0.320,-6.879,0.0596,-0.0137,0.9883,
87.528,IMU,-17.5539,-10.6390,-14.0964,0.0000,0.0000,19.810,-3.415,-0.367,-6.871,0.0586,-0.0059,0.9966,
87.543,ENC,-17.5539,-10.6390,-14.0964,0.0000,0.0000,19.810,-3.415,-0.367,-6.871,0.0586,-0.0059,0.9966,
87.548,IMU,-17.5539,-10.6390,-14.0964,0.0000,0.0000,19.810,-3.436,-0.373,-6.847,0.0552,-0.0098,0.9878,
87.563,ENC,-17.5539,-10.6390,-14.0964,0.0000,0.0000,19.810,-3.436,-0.373,-6.847,0.0552,-0.0098,0.9878,
87.568,IMU,-17.5539,-10.6390,-14.0964,0.0000,0.0000,19.810,-3.438,-0.396,-6.827,0.0522,-0.0142,0.9897,
87.583,ENC,-17.5539,-10.6390,-14.0964,0.0000,0.0000,19.810,-3.438,-0.396,-6.827,0.0522,-0.0142,0.9897,
87.588,IMU,-17.5539,-10.6390,-14.0964,0.0000,0.0000,19.810,-3.433,-0.362,-6.810,0.0547,-0.0098,0.9839,
87.603,ENC,-17.5539,-10.6390,-14.0964,0.0000,0.0000,19.810,-3.433,-0.362,-6.810,0.0547,-0.0098,0.9839,
87.608,IMU,-17.5539,-10.6390,-14.0964,0.0000,0.0000,19.810,-3.435,-0.366,-6.831,0.0664,-0.0068,1.0112,
87.623,ENC,-17.5539,-10.6390,-14.0964,0.0000,0.0000,19.810,-3.435,-0.366,-6.831,0.0664,-0.0068,1.0112,
87.628,IMU,-17.5539,-10.6390,-14.0964,0.0000,0.0000,19.810,-3.443,-0.323,-6.820,0.0630,-0.0107,0.9937,
87.643,ENC,-17.5539,-10.6390,-14.0964,0.0000,0.0000,19.810,-3.443,-0.323,-6.820,0.0630,-0.0107,0.9937,
87.649,IMU,-17.5539,-10.6390,-14.0964,0.0000,0.0000,19.810,-3.421,-0.325,-6.869,0.0640,-0.0098,0.9878,
87.663,ENC,-17.5539,-10.6390,-14.0964,0.0000,0.0000,19.810,-3.421,-0.325,-6.869,0.0640,-0.0098,0.9878,
87.668,IMU,-17.5539,-10.6390,-14.0964,0.0000,0.0000,19.810,-3.408,-0.317,-6.854,0.0615,0.0005,0.9990,
87.683,ENC,-17.5539,-10.6390,-14.0964,0.0000,0.0000,19.810,-3.408,-0.317,-6.854,0.0615,0.0005,0.9990,
87.687,IMU,-17.5539,-10.6390,-14.0964,0.0000,0.0000,19.810,-3.426,-0.303,-6.837,0.0664,-0.0005,1.0015,
87.703,ENC,-17.5539,-10.6390,-14.0964,0.0000,0.0000,19.810,-3.426,-0.303,-6.837,0.0664,-0.0005,1.0015,
87.708,IMU,-17.5539,-10.6390,-14.0964,0.0000,0.0000,19.810,-3.409,-0.326,-6.802,0.0684,-0.0068,1.0088,
87.724,ENC,-17.5539,-10.6390,-14.0964,0.0000,0.0000,19.810,-3.409,-0.326,-6.802,0.0684,-0.0068,1.0088,
87.728,IMU,-17.5539,-10.6390,-14.0964,0.0000,0.0000,19.810,-3.418,-0.303,-6.788,0.0640,0.0049,1.0034,
87.743,ENC,-17.5539,-10.6390,-14.0964,0.0000,0.0000,19.810,-3.418,-0.303,-6.788,0.0640,0.0049,1.0034,
87.748,IMU,-17.5539,-10.6390,-14.0964,0.0000,0.0000,19.810,-3.422,-0.262,-6.773,0.0620,-0.0024,0.9907,
87.763,ENC,-17.5539,-10.6390,-14.0964,0.0000,0.0000,19.810,-3.422,-0.262,-6.773,0.0620,-0.0024,0.9907,
87.769,IMU,-17.5539,-10.6390,-14.0964,0.0000,0.0000,19.810,-3.413,-0.249,-6.779,0.0483,0.0015,1.0063,
87.783,ENC,-17.5539,-10.6390,-14.0964,0.0000,0.0000,19.810,-3.413,-0.249,-6.779,0.0483,0.0015,1.0063,
87.788,IMU,-17.5539,-10.6390,-14.0964,0.0000,0.0000,19.810,-3.409,-0.204,-6.804,0.0430,0.0044,0.9937,
87.803,ENC,-17.5539,-10.6390,-14.0964,0.0000,0.0000,19.810,-3.409,-0.204,-6.804,0.0430,0.0044,0.9937,
87.808,IMU,-17.5539,-10.6390,-14.0964,0.0000,0.0000,19.810,-3.355,-0.218,-6.808,0.0630,-0.0059,0.9927,
87.823,ENC,-17.5539,-10.6390,-14.0964,0.0000,0.0000,19.810,-3.355,-0.218,-6.808,0.0630,-0.0059,0.9927,
87.828,IMU,-17.5539,-10.6390,-14.0964,0.0000,0.0000,19.810,-3.389,-0.208,-6.803,0.0625,-0.0063,0.9922,
87.843,ENC,-17.5539,-10.6390,-14.0964,0.0000,0.0000,19.810,-3.389,-0.208,-6.803,0.0625,-0.0063,0.9922,
87.848,IMU,-17.5539,-10.6390,-14.0964,0.0000,0.0000,19.810,-3.365,-0.225,-6.789,0.0713,-0.0098,0.9985,
87.863,ENC,-17.5539,-10.6390,-14.0964,0.0000,0.0000,19.810,-3.365,-0.225,-6.789,0.0713,-0.0098,0.9985,
87.868,IMU,-17.5539,-10.6390,-14.0964,0.0000,0.0000,19.810,-3.413,-0.216,-6.780,0.0757,0.0015,0.9922,
87.883,ENC,-17.5539,-10.6390,-14.0964,0.0000,0.0000,19.810,-3.413,-0.216,-6.780,0.0757,0.0015,0.9922,
87.888,IMU,-17.5539,-10.6390,-14.0964,0.0000,0.0000,19.810,-3.382,-0.245,-6.761,0.0581,-0.0059,0.9951,
87.903,ENC,-17.5539,-10.6390,-14.0964,0.0000,0.0000,19.810,-3.382,-0.245,-6.761,0.0581,-0.0059,0.9951,
87.908,IMU,-17.5539,-10.6390,-14.0964,0.0000,0.0000,19.810,-3.360,-0.274,-6.813,0.0664,-0.0010,0.9907,
87.928,IMU,-17.5539,-10.6390,-14.0964,0.0000,0.0000,19.810,-3.357,-0.286,-6.836,0.0664,-0.0039,0.9868,
87.943,ENC,-17.5539,-10.6390,-14.0964,0.0000,0.0000,19.810,-3.357,-0.286,-6.836,0.0664,-0.0039,0.9868,
87.948,IMU,-17.5539,-10.6390,-14.0964,0.0000,0.0000,19.810,-3.291,-0.319,-6.778,0.0566,-0.0098,0.9956,
87.963,ENC,-17.5539,-10.6390,-14.0964,0.0000,0.0000,19.810,-3.291,-0.319,-6.778,0.0566,-0.0098,0.9956,
87.971,IMU,-17.5539,-10.6390,-14.0964,0.0000,0.0000,19.810,-3.294,-0.313,-6.779,0.0630,-0.0083,1.0005,
87.983,ENC,-17.5539,-10.6390,-14.0964,0.0000,0.0000,19.810,-3.294,-0.313,-6.779,0.0630,-0.0083,1.0005,
87.989,IMU,-17.5539,-10.6390,-14.0964,0.0000,0.0000,19.810,-3.314,-0.314,-6.823,0.0693,0.0059,1.0093,
88.009,IMU,-17.5539,-10.6390,-14.0964,0.0000,0.0000,19.810,-3.309,-0.353,-6.795,0.0601,-0.0059,0.9839,
88.023,ENC,-17.5539,-10.6390,-14.0964,0.0000,0.0000,19.810,-3.309,-0.353,-6.795,0.0601,-0.0059,0.9839,
88.029,IMU,-17.5539,-10.6390,-14.0964,0.0000,0.0000,19.810,-3.376,-0.337,-6.769,0.0674,-0.0029,1.0078,
88.045,ENC,-17.5539,-10.6390,-14.0964,0.0000,0.0000,19.810,-3.376,-0.337,-6.769,0.0674,-0.0029,1.0078,
88.050,IMU,-17.5539,-10.6390,-14.0964,0.0000,0.0000,19.810,-3.325,-0.353,-6.773,0.0425,-0.0112,0.9922,
88.065,ENC,-17.5539,-10.6390,-14.0964,0.0000,0.0000,19.810,-3.325,-0.353,-6.773,0.0425,-0.0112,0.9922,
88.072,IMU,-17.5539,-10.6390,-14.0964,0.0000,0.0000,19.810,-3.367,-0.359,-6.712,0.0703,0.0015,0.9951,
88.083,ENC,-17.5539,-10.6390,-14.0964,0.0000,0.0000,19.810,-3.367,-0.359,-6.712,0.0703,0.0015,0.9951,
88.088,IMU,-17.5539,-10.6390,-14.0964,0.0000,0.0000,19.810,-3.381,-0.358,-6.713,0.0605,-0.0098,1.0015,
88.105,ENC,-17.5539,-10.6390,-14.0964,0.0000,0.0000,19.810,-3.381,-0.358,-6.713,0.0605,-0.0098,1.0015,
88.108,IMU,-17.5539,-10.6390,-14.0964,0.0000,0.0000,19.810,-3.386,-0.365,-6.709,0.0684,-0.0078,0.9883,
88.130,IMU,-17.5539,-10.6390,-14.0964,0.0000,0.0000,19.810,-3.364,-0.351,-6.717,0.0654,-0.0024,0.9907,
88.130,ENC,-17.5539,-10.6390,-14.0964,0.0000,0.0000,19.810,-3.364,-0.351,-6.717,0.0654,-0.0024,0.9907,
88.143,ENC,-17.5539,-10.6390,-14.0964,0.0000,0.0000,19.810,-3.364,-0.351,-6.717,0.0654,-0.0024,0.9907,
88.148,IMU,-17.5539,-10.6390,-14.0964,0.0000,0.0000,19.810,-3.331,-0.302,-6.717,0.0591,-0.0020,0.9951,
88.165,ENC,-17.5539,-10.6390,-14.0964,0.0000,0.0000,19.810,-3.331,-0.302,-6.717,0.0591,-0.0020,0.9951,
88.183,ENC,-17.5539,-10.6390,-14.0964,0.0000,0.0000,19.810,-3.331,-0.302,-6.717,0.0591,-0.0020,0.9951,
88.196,IMU,-17.5539,-10.6390,-14.0964,0.0000,0.0000,19.810,-3.368,-0.327,-6.786,0.0713,-0.0181,0.9995,
88.203,ENC,-17.5539,-10.6390,-14.0964,0.0000,0.0000,19.810,-3.368,-0.327,-6.786,0.0713,-0.0181,0.9995,
88.208,IMU,-17.5539,-10.6390,-14.0964,0.0000,0.0000,19.810,-3.346,-0.373,-6.817,0.0566,-0.0132,0.9951,
88.223,ENC,-17.5539,-10.6390,-14.0964,0.0000,0.0000,19.810,-3.346,-0.373,-6.817,0.0566,-0.0132,0.9951,
88.259,IMU,-17.5539,-10.6390,-14.0964,0.0000,0.0000,19.810,-3.362,-0.388,-6.835,0.0693,-0.0176,0.9893,
88.260,IMU,-17.5539,-10.6390,-14.0964,0.0000,0.0000,19.810,-3.382,-0.362,-6.837,0.0601,-0.0088,0.9897,
88.264,ENC,-17.5539,-10.6390,-14.0964,0.0000,0.0000,19.810,-3.382,-0.362,-6.837,0.0601,-0.0088,0.9897,
88.271,IMU,-17.5539,-10.6390,-14.0964,0.0000,0.0000,19.810,-3.385,-0.367,-6.867,0.0581,-0.0156,0.9956,
88.284,ENC,-17.5539,-10.6390,-14.0964,0.0000,0.0000,19.810,-3.385,-0.367,-6.867,0.0581,-0.0156,0.9956,
88.288,IMU,-17.5539,-10.6390,-14.0964,0.0000,0.0000,19.810,-3.340,-0.344,-6.891,0.0527,0.0029,0.9937,
88.303,ENC,-17.5539,-10.6390,-14.0964,0.0000,0.0000,19.810,-3.340,-0.344,-6.891,0.0527,0.0029,0.9937,
88.308,IMU,-17.5539,-10.6390,-14.0964,0.0000,0.0000,19.810,-3.346,-0.315,-6.896,0.0630,-0.0078,0.9922,
88.324,ENC,-17.5539,-10.6390,-14.0964,0.0000,0.0000,19.810,-3.346,-0.315,-6.896,0.0630,-0.0078,0.9922,
88.328,IMU,-17.5539,-10.6390,-14.0964,0.0000,0.0000,19.810,-3.359,-0.292,-6.903,0.0635,-0.0049,0.9971,
88.343,ENC,-17.5539,-10.6390,-14.0964,0.0000,0.0000,19.810,-3.359,-0.292,-6.903,0.0635,-0.0049,0.9971,
88.348,IMU,-17.5539,-10.6390,-14.0964,0.0000,0.0000,19.810,-3.347,-0.280,-6.885,0.0547,-0.0015,0.9907,
88.371,IMU,-17.5539,-10.6390,-14.0964,0.0000,0.0000,19.810,-3.356,-0.275,-6.894,0.0684,-0.0063,0.9976,
88.371,ENC,-17.5539,-10.6390,-14.0964,0.0000,0.0000,19.810,-3.356,-0.275,-6.894,0.0684,-0.0063,0.9976,
88.384,ENC,-17.5539,-10.6390,-14.0964,0.0000,0.0000,19.810,-3.356,-0.275,-6.894,0.0684,-0.0063,0.9976,
88.389,IMU,-17.5539,-10.6390,-14.0964,0.0000,0.0000,19.810,-3.382,-0.261,-6.902,0.0645,0.0020,1.0015,
88.409,ENC,-17.5539,-10.6390,-14.0964,0.0000,0.0000,19.810,-3.382,-0.261,-6.902,0.0645,0.0020,1.0015,
88.424,ENC,-17.5539,-10.6390,-14.0964,0.0000,0.0000,19.810,-3.382,-0.261,-6.902,0.0645,0.0020,1.0015,
88.428,IMU,-17.5539,-10.6390,-14.0964,0.0000,0.0000,19.810,-3.425,-0.226,-6.942,0.0635,-0.0020,0.9790,
88.443,ENC,-17.5539,-10.6390,-14.0964,0.0000,0.0000,19.810,-3.425,-0.226,-6.942,0.0635,-0.0020,0.9790,
88.448,IMU,-17.5539,-10.6390,-14.0964,0.0000,0.0000,19.810,-3.461,-0.218,-6.939,0.0679,-0.0063,0.9966,
88.464,ENC,-17.5539,-10.6390,-14.0964,0.0000,0.0000,19.810,-3.461,-0.218,-6.939,0.0679,-0.0063,0.9966,
88.468,IMU,-17.5539,-10.6390,-14.0964,0.0000,0.0000,19.810,-3.491,-0.210,-6.991,0.0586,-0.0010,0.9902,
88.483,ENC,-17.5539,-10.6390,-14.0964,0.0000,0.0000,19.810,-3.491,-0.210,-6.991,0.0586,-0.0010,0.9902,
88.489,IMU,-17.5539,-10.6390,-14.0964,0.0000,0.0000,19.810,-3.491,-0.185,-7.043,0.0532,0.0034,1.0073,
88.503,ENC,-17.5539,-10.6390,-14.0964,0.0000,0.0000,19.810,-3.491,-0.185,-7.043,0.0532,0.0034,1.0073,
88.509,IMU,-17.5539,-10.6390,-14.0964,0.0000,0.0000,19.810,-3.599,-0.197,-7.069,0.0737,0.0029,0.9927,
88.523,ENC,-17.5539,-10.6390,-14.0964,0.0000,0.0000,19.810,-3.599,-0.197,-7.069,0.0737,0.0029,0.9927,
88.528,IMU,-17.5539,-10.6390,-14.0964,0.0000,0.0000,19.810,-3.605,-0.191,-7.087,0.0640,-0.0005,0.9868,
88.544,ENC,-17.5539,-10.6390,-14.0964,0.0000,0.0000,19.810,-3.605,-0.191,-7.087,0.0640,-0.0005,0.9868,
88.549,IMU,-17.5539,-10.6390,-14.0964,0.0000,0.0000,19.810,-3.577,-0.210,-7.115,0.0571,-0.0020,0.9976,
88.599,IMU,-17.5539,-10.6390,-14.0964,0.0000,0.0000,19.810,-3.521,-0.205,-7.180,0.0522,-0.0059,0.9951,
88.599,ENC,-17.5539,-10.6390,-14.0964,0.0000,0.0000,19.810,-3.521,-0.205,-7.180,0.0522,-0.0059,0.9951,
88.608,IMU,-17.5539,-10.6390,-14.0964,0.0000,0.0000,19.810,-3.517,-0.217,-7.200,0.0698,-0.0103,0.9985,
88.623,ENC,-17.5539,-10.6390,-14.0964,0.0000,0.0000,19.810,-3.517,-0.217,-7.200,0.0698,-0.0103,0.9985,
88.628,IMU,-17.5539,-10.6390,-14.0964,0.0000,0.0000,19.810,-3.482,-0.232,-7.205,0.0703,-0.0068,0.9941,
88.643,ENC,-17.5539,-10.6390,-14.0964,0.0000,0.0000,19.810,-3.482,-0.232,-7.205,0.0703,-0.0068,0.9941,
88.648,IMU,-17.5539,-10.6390,-14.0964,0.0000,0.0000,19.810,-3.477,-0.271,-7.226,0.0654,-0.0020,0.9751,
88.663,ENC,-17.5539,-10.6390,-14.0964,0.0000,0.0000,19.810,-3.477,-0.271,-7.226,0.0654,-0.0020,0.9751,
88.668,IMU,-17.5539,-10.6390,-14.0964,0.0000,0.0000,19.810,-3.472,-0.316,-7.213,0.0586,-0.0024,0.9961,
88.683,ENC,-17.5539,-10.6390,-14.0964,0.0000,0.0000,19.810,-3.472,-0.316,-7.213,0.0586,-0.0024,0.9961,
88.688,IMU,-17.5539,-10.6390,-14.0964,0.0000,0.0000,19.810,-3.468,-0.306,-7.208,0.0503,-0.0112,0.9932,
88.703,ENC,-17.5539,-10.6390,-14.0964,0.0000,0.0000,19.810,-3.468,-0.306,-7.208,0.0503,-0.0112,0.9932,
88.709,IMU,-17.5539,-10.6390,-14.0964,0.0000,0.0000,19.810,-3.477,-0.332,-7.229,0.0698,0.0029,0.9878,
88.723,ENC,-17.5539,-10.6390,-14.0964,0.0000,0.0000,19.810,-3.477,-0.332,-7.229,0.0698,0.0029,0.9878,
88.728,IMU,-17.5539,-10.6390,-14.0964,0.0000,0.0000,19.810,-3.466,-0.326,-7.246,0.0640,0.0083,0.9888,
88.745,ENC,-17.5539,-10.6390,-14.0964,0.0000,0.0000,19.810,-3.466,-0.326,-7.246,0.0640,0.0083,0.9888,
88.749,IMU,-17.5539,-10.6390,-14.0964,0.0000,0.0000,19.810,-3.478,-0.337,-7.261,0.0654,-0.0112,0.9990,
88.763,ENC,-17.5539,-10.6390,-14.0964,0.0000,0.0000,19.810,-3.478,-0.337,-7.261,0.0654,-0.0112,0.9990,
88.768,IMU,-17.5539,-10.6390,-14.0964,0.0000,0.0000,19.810,-3.491,-0.339,-7.250,0.0566,-0.0103,0.9907,
88.786,ENC,-17.5539,-10.6390,-14.0964,0.0000,0.0000,19.810,-3.491,-0.339,-7.250,0.0566,-0.0103,0.9907,
88.789,IMU,-17.5539,-10.6390,-14.0964,0.0000,0.0000,19.810,-3.456,-0.368,-7.211,0.0532,-0.0151,0.9917,
88.804,ENC,-17.5539,-10.6390,-14.0964,0.0000,0.0000,19.810,-3.456,-0.368,-7.211,0.0532,-0.0151,0.9917,
88.808,IMU,-17.5539,-10.6390,-14.0964,0.0000,0.0000,19.810,-3.453,-0.385,-7.158,0.0537,-0.0049,0.9888,
88.824,ENC,-17.5539,-10.6390,-14.0964,0.0000,0.0000,19.810,-3.453,-0.385,-7.158,0.0537,-0.0049,0.9888,
88.828,IMU,-17.5539,-10.6390,-14.0964,0.0000,0.0000,19.810,-3.476,-0.385,-7.138,0.0645,-0.0044,0.9966,
88.843,ENC,-17.5539,-10.6390,-14.0964,0.0000,0.0000,19.810,-3.476,-0.385,-7.138,0.0645,-0.0044,0.9966,
88.848,IMU,-17.5539,-10.6390,-14.0964,0.0000,0.0000,19.810,-3.427,-0.406,-7.152,0.0684,-0.0132,0.9941,
88.864,ENC,-17.5539,-10.6390,-14.0964,0.0000,0.0000,19.810,-3.427,-0.406,-7.152,0.0684,-0.0132,0.9941,
88.870,IMU,-17.5539,-10.6390,-14.0964,0.0000,0.0000,19.810,-3.456,-0.389,-7.136,0.0605,0.0005,0.9980,
88.884,ENC,-17.5539,-10.6390,-14.0964,0.0000,0.0000,19.810,-3.456,-0.389,-7.136,0.0605,0.0005,0.9980,
88.888,IMU,-17.5539,-10.6390,-14.0964,0.0000,0.0000,19.810,-3.429,-0.430,-7.151,0.0610,-0.0093,0.9951,
88.903,ENC,-17.5539,-10.6390,-14.0964,0.0000,0.0000,19.810,-3.429,-0.430,-7.151,0.0610,-0.0093,0.9951,
88.909,IMU,-17.5539,-10.6390,-14.0964,0.0000,0.0000,19.810,-3.392,-0.427,-7.119,0.0537,0.0010,0.9966,
88.923,ENC,-17.5539,-10.6390,-14.0964,0.0000,0.0000,19.810,-3.392,-0.427,-7.119,0.0537,0.0010,0.9966,
88.929,IMU,-17.5539,-10.6390,-14.0964,0.0000,0.0000,19.810,-3.367,-0.378,-7.086,0.0513,-0.0063,0.9922,
88.943,ENC,-17.5539,-10.6390,-14.0964,0.0000,0.0000,19.810,-3.367,-0.378,-7.086,0.0513,-0.0063,0.9922,
88.951,IMU,-17.5539,-10.6390,-14.0964,0.0000,0.0000,19.810,-3.370,-0.384,-7.105,0.0552,-0.0049,0.9873,
88.963,ENC,-17.5539,-10.6390,-14.0964,0.0000,0.0000,19.810,-3.370,-0.384,-7.105,0.0552,-0.0049,0.9873,
88.970,IMU,-17.5539,-10.6390,-14.0964,0.0000,0.0000,19.810,-3.368,-0.391,-7.146,0.0513,0.0049,1.0005,
88.983,ENC,-17.5539,-10.6390,-14.0964,0.0000,0.0000,19.810,-3.368,-0.391,-7.146,0.0513,0.0049,1.0005,
88.988,IMU,-17.5539,-10.6390,-14.0964,0.0000,0.0000,19.810,-3.429,-0.372,-7.118,0.0620,-0.0088,1.0005,
89.003,ENC,-17.5539,-10.6390,-14.0964,0.0000,0.0000,19.810,-3.429,-0.372,-7.118,0.0620,-0.0088,1.0005,
89.009,IMU,-17.5539,-10.6390,-14.0964,0.0000,0.0000,19.810,-3.431,-0.374,-7.085,0.0728,-0.0059,0.9917,
89.023,ENC,-17.5539,-10.6390,-14.0964,0.0000,0.0000,19.810,-3.431,-0.374,-7.085,0.0728,-0.0059,0.9917,
89.028,IMU,-17.5539,-10.6390,-14.0964,0.0000,0.0000,19.810,-3.382,-0.354,-7.094,0.0518,0.0005,0.9922,
89.043,ENC,-17.5539,-10.6390,-14.0964,0.0000,0.0000,19.810,-3.382,-0.354,-7.094,0.0518,0.0005,0.9922,
89.048,IMU,-17.5539,-10.6390,-14.0964,0.0000,0.0000,19.810,-3.368,-0.398,-7.102,0.0615,0.0010,0.9922,
89.063,ENC,-17.5539,-10.6390,-14.0964,0.0000,0.0000,19.810,-3.368,-0.398,-7.102,0.0615,0.0010,0.9922,
89.068,IMU,-17.5539,-10.6390,-14.0964,0.0000,0.0000,19.810,-3.329,-0.400,-7.098,0.0557,-0.0107,1.0010,
89.083,ENC,-17.5539,-10.6390,-14.0964,0.0000,0.0000,19.810,-3.329,-0.400,-7.098,0.0557,-0.0107,1.0010,
89.091,IMU,-17.5539,-10.6390,-14.0964,0.0000,0.0000,19.810,-3.374,-0.423,-7.098,0.0649,-0.0112,1.0010,
89.103,ENC,-17.5539,-10.6390,-14.0964,0.0000,0.0000,19.810,-3.374,-0.423,-7.098,0.0649,-0.0112,1.0010,
89.108,IMU,-17.5539,-10.6390,-14.0964,0.0000,0.0000,19.810,-3.362,-0.423,-7.091,0.0630,-0.0156,0.9829,
89.123,ENC,-17.5539,-10.6390,-14.0964,0.0000,0.0000,19.810,-3.362,-0.423,-7.091,0.0630,-0.0156,0.9829,
89.128,IMU,-17.5539,-10.6390,-14.0964,0.0000,0.0000,19.810,-3.399,-0.436,-7.083,0.0566,-0.0142,0.9819,
89.143,ENC,-17.5539,-10.6390,-14.0964,0.0000,0.0000,19.810,-3.399,-0.436,-7.083,0.0566,-0.0142,0.9819,
89.148,IMU,-17.5539,-10.6390,-14.0964,0.0000,0.0000,19.810,-3.436,-0.414,-7.084,0.0654,-0.0112,0.9932,
89.164,ENC,-17.5539,-10.6390,-14.0964,0.0000,0.0000,19.810,-3.436,-0.414,-7.084,0.0654,-0.0112,0.9932,
89.171,IMU,-17.5539,-10.6390,-14.0964,0.0000,0.0000,19.810,-3.453,-0.400,-7.107,0.0527,0.0015,1.0024,
89.183,ENC,-17.5539,-10.6390,-14.0964,0.0000,0.0000,19.810,-3.453,-0.400,-7.107,0.0527,0.0015,1.0024,
89.193,IMU,-17.5539,-10.6390,-14.0964,0.0000,0.0000,19.810,-3.452,-0.419,-7.071,0.0674,-0.0098,0.9912,
89.212,IMU,-17.5539,-10.6390,-14.0964,0.0000,0.0000,19.810,-3.448,-0.390,-7.114,0.0635,-0.0029,1.0000,
89.223,ENC,-17.5539,-10.6390,-14.0964,0.0000,0.0000,19.810,-3.448,-0.390,-7.114,0.0635,-0.0029,1.0000,
89.228,IMU,-17.5539,-10.6390,-14.0964,0.0000,0.0000,19.810,-3.442,-0.384,-7.047,0.0527,-0.0166,0.9980,
89.243,ENC,-17.5539,-10.6390,-14.0964,0.0000,0.0000,19.810,-3.442,-0.384,-7.047,0.0527,-0.0166,0.9980,
89.248,IMU,-17.5539,-10.6390,-14.0964,0.0000,0.0000,19.810,-3.436,-0.364,-7.014,0.0601,-0.0024,0.9951,
89.264,ENC,-17.5539,-10.6390,-14.0964,0.0000,0.0000,19.810,-3.436,-0.364,-7.014,0.0601,-0.0024,0.9951,
89.268,IMU,-17.5539,-10.6390,-14.0964,0.0000,0.0000,19.810,-3.458,-0.359,-7.004,0.0635,0.0005,0.9854,
89.284,ENC,-17.5539,-10.6390,-14.0964,0.0000,0.0000,19.810,-3.458,-0.359,-7.004,0.0635,0.0005,0.9854,
89.288,IMU,-17.5539,-10.6390,-14.0964,0.0000,0.0000,19.810,-3.428,-0.372,-7.005,0.0728,-0.0054,1.0020,
89.303,ENC,-17.5539,-10.6390,-14.0964,0.0000,0.0000,19.810,-3.428,-0.372,-7.005,0.0728,-0.0054,1.0020,
89.309,IMU,-17.5539,-10.6390,-14.0964,0.0000,0.0000,19.810,-3.430,-0.384,-7.042,0.0571,-0.0103,0.9854,
89.323,ENC,-17.5539,-10.6390,-14.0964,0.0000,0.0000,19.810,-3.430,-0.384,-7.042,0.0571,-0.0103,0.9854,
89.328,IMU,-17.5539,-10.6390,-14.0964,0.0000,0.0000,19.810,-3.430,-0.391,-7.082,0.0601,-0.0059,0.9863,
89.343,ENC,-17.5539,-10.6390,-14.0964,0.0000,0.0000,19.810,-3.430,-0.391,-7.082,0.0601,-0.0059,0.9863,
89.348,IMU,-17.5539,-10.6390,-14.0964,0.0000,0.0000,19.810,-3.457,-0.368,-7.072,0.0537,0.0054,0.9995,
89.363,ENC,-17.5539,-10.6390,-14.0964,0.0000,0.0000,19.810,-3.457,-0.368,-7.072,0.0537,0.0054,0.9995,
89.368,IMU,-17.5539,-10.6390,-14.0964,0.0000,0.0000,19.810,-3.419,-0.347,-7.085,0.0581,-0.0049,1.0010,
89.384,ENC,-17.5539,-10.6390,-14.0964,0.0000,0.0000,19.810,-3.419,-0.347,-7.085,0.0581,-0.0049,1.0010,
89.388,IMU,-17.5539,-10.6390,-14.0964,0.0000,0.0000,19.810,-3.410,-0.350,-7.090,0.0596,0.0044,1.0005,
89.404,ENC,-17.5539,-10.6390,-14.0964,0.0000,0.0000,19.810,-3.410,-0.350,-7.090,0.0596,0.0044,1.0005,
89.409,IMU,-17.5539,-10.6390,-14.0964,0.0000,0.0000,19.810,-3.411,-0.328,-7.070,0.0664,-0.0039,0.9941,
89.424,ENC,-17.5539,-10.6390,-14.0964,0.0000,0.0000,19.810,-3.411,-0.328,-7.070,0.0664,-0.0039,0.9941,
89.428,IMU,-17.5539,-10.6390,-14.0964,0.0000,0.0000,19.810,-3.424,-0.339,-7.102,0.0728,-0.0073,0.9971,
89.443,ENC,-17.5539,-10.6390,-14.0964,0.0000,0.0000,19.810,-3.424,-0.339,-7.102,0.0728,-0.0073,0.9971,
89.448,IMU,-17.5539,-10.6390,-14.0964,0.0000,0.0000,19.810,-3.435,-0.398,-7.148,0.0767,-0.0117,0.9956,
89.464,ENC,-17.5539,-10.6390,-14.0964,0.0000,0.0000,19.810,-3.435,-0.398,-7.148,0.0767,-0.0117,0.9956,
89.468,IMU,-17.5539,-10.6390,-14.0964,0.0000,0.0000,19.810,-3.414,-0.386,-7.128,0.0508,-0.0093,0.9980,
89.483,ENC,-17.5539,-10.6390,-14.0964,0.0000,0.0000,19.810,-3.414,-0.386,-7.128,0.0508,-0.0093,0.9980,
89.489,IMU,-17.5539,-10.6390,-14.0964,0.0000,0.0000,19.810,-3.414,-0.390,-7.168,0.0664,-0.0020,0.9951,
89.503,ENC,-17.5539,-10.6390,-14.0964,0.0000,0.0000,19.810,-3.414,-0.390,-7.168,0.0664,-0.0020,0.9951,
89.509,IMU,-17.5539,-10.6390,-14.0964,0.0000,0.0000,19.810,-3.439,-0.408,-7.148,0.0615,0.0015,0.9937,
89.523,ENC,-17.5539,-10.6390,-14.0964,0.0000,0.0000,19.810,-3.439,-0.408,-7.148,0.0615,0.0015,0.9937,
89.528,IMU,-17.5539,-10.6390,-14.0964,0.0000,0.0000,19.810,-3.438,-0.406,-7.094,0.0532,-0.0005,0.9932,
89.544,ENC,-17.5539,-10.6390,-14.0964,0.0000,0.0000,19.810,-3.438,-0.406,-7.094,0.0532,-0.0005,0.9932,
89.548,IMU,-17.5539,-10.6390,-14.0964,0.0000,0.0000,19.810,-3.447,-0.406,-7.065,0.0576,-0.0078,1.0044,
89.565,ENC,-17.5539,-10.6390,-14.0964,0.0000,0.0000,19.810,-3.447,-0.406,-7.065,0.0576,-0.0078,1.0044,
89.568,IMU,-17.5539,-10.6390,-14.0964,0.0000,0.0000,19.810,-3.463,-0.372,-7.069,0.0718,-0.0039,1.0059,
89.583,ENC,-17.5539,-10.6390,-14.0964,0.0000,0.0000,19.810,-3.463,-0.372,-7.069,0.0718,-0.0039,1.0059,
89.588,IMU,-17.5539,-10.6390,-14.0964,0.0000,0.0000,19.810,-3.492,-0.376,-7.107,0.0615,0.0068,0.9849,
89.618,IMU,-17.5539,-10.6390,-14.0964,0.0000,0.0000,19.810,-3.497,-0.401,-7.111,0.0596,-0.0181,0.9937,
89.629,ENC,-17.5539,-10.6390,-14.0964,0.0000,0.0000,19.810,-3.497,-0.401,-7.111,0.0596,-0.0181,0.9937,
89.631,IMU,-17.5539,-10.6390,-14.0964,0.0000,0.0000,19.810,-3.459,-0.416,-7.090,0.0483,-0.0127,0.9966,
89.633,ENC,-17.5539,-10.6390,-14.0964,0.0000,0.0000,19.810,-3.459,-0.416,-7.090,0.0483,-0.0127,0.9966,
89.643,ENC,-17.5539,-10.6390,-14.0964,0.0000,0.0000,19.810,-3.459,-0.416,-7.090,0.0483,-0.0127,0.9966,
89.648,IMU,-17.5539,-10.6390,-14.0964,0.0000,0.0000,19.810,-3.470,-0.419,-7.082,0.0591,-0.0068,0.9927,
89.663,ENC,-17.5539,-10.6390,-14.0964,0.0000,0.0000,19.810,-3.470,-0.419,-7.082,0.0591,-0.0068,0.9927,
89.670,IMU,-17.5539,-10.6390,-14.0964,0.0000,0.0000,19.810,-3.443,-0.389,-7.069,0.0513,0.0132,0.9946,
89.684,ENC,-17.5539,-10.6390,-14.0964,0.0000,0.0000,19.810,-3.443,-0.389,-7.069,0.0513,0.0132,0.9946,
89.688,IMU,-17.5539,-10.6390,-14.0964,0.0000,0.0000,19.810,-3.414,-0.343,-7.021,0.0562,-0.0034,1.0039,
89.703,ENC,-17.5539,-10.6390,-14.0964,0.0000,0.0000,19.810,-3.414,-0.343,-7.021,0.0562,-0.0034,1.0039,
89.711,IMU,-17.5539,-10.6390,-14.0964,0.0000,0.0000,19.810,-3.432,-0.328,-7.026,0.0693,-0.0088,0.9995,
89.723,ENC,-17.5539,-10.6390,-14.0964,0.0000,0.0000,19.810,-3.432,-0.328,-7.026,0.0693,-0.0088,0.9995,
89.728,IMU,-17.5539,-10.6390,-14.0964,0.0000,0.0000,19.810,-3.452,-0.321,-7.024,0.0596,-0.0054,0.9946,
89.743,ENC,-17.5539,-10.6390,-14.0964,0.0000,0.0000,19.810,-3.452,-0.321,-7.024,0.0596,-0.0054,0.9946,
89.748,IMU,-17.5539,-10.6390,-14.0964,0.0000,0.0000,19.810,-3.517,-0.325,-6.978,0.0698,-0.0005,0.9990,
89.763,ENC,-17.5539,-10.6390,-14.0964,0.0000,0.0000,19.810,-3.517,-0.325,-6.978,0.0698,-0.0005,0.9990,
89.770,IMU,-17.5539,-10.6390,-14.0964,0.0000,0.0000,19.810,-3.502,-0.345,-6.976,0.0532,-0.0034,0.9951,
89.783,ENC,-17.5539,-10.6390,-14.0964,0.0000,0.0000,19.810,-3.502,-0.345,-6.976,0.0532,-0.0034,0.9951,
89.791,IMU,-17.5539,-10.6390,-14.0964,0.0000,0.0000,19.810,-3.521,-0.348,-6.954,0.0635,-0.0088,1.0073,
89.803,ENC,-17.5539,-10.6390,-14.0964,0.0000,0.0000,19.810,-3.521,-0.348,-6.954,0.0635,-0.0088,1.0073,
89.809,IMU,-17.5539,-10.6390,-14.0964,0.0000,0.0000,19.810,-3.532,-0.357,-7.000,0.0659,-0.0010,0.9980,
89.823,ENC,-17.5539,-10.6390,-14.0964,0.0000,0.0000,19.810,-3.532,-0.357,-7.000,0.0659,-0.0010,0.9980,
89.828,IMU,-17.5539,-10.6390,-14.0964,0.0000,0.0000,19.810,-3.539,-0.408,-6.979,0.0522,0.0020,1.0000,
89.844,ENC,-17.5539,-10.6390,-14.0964,0.0000,0.0000,19.810,-3.539,-0.408,-6.979,0.0522,0.0020,1.0000,
89.848,IMU,-17.5539,-10.6390,-14.0964,0.0000,0.0000,19.810,-3.569,-0.394,-6.928,0.0654,0.0015,0.9995,
89.863,ENC,-17.5539,-10.6390,-14.0964,0.0000,0.0000,19.810,-3.569,-0.394,-6.928,0.0654,0.0015,0.9995,
89.868,IMU,-17.5539,-10.6390,-14.0964,0.0000,0.0000,19.810,-3.538,-0.432,-6.958,0.0625,-0.0073,0.9844,
89.883,ENC,-17.5539,-10.6390,-14.0964,0.0000,0.0000,19.810,-3.538,-0.432,-6.958,0.0625,-0.0073,0.9844,
89.888,IMU,-17.5539,-10.6390,-14.0964,0.0000,0.0000,19.810,-3.540,-0.451,-6.953,0.0664,-0.0005,0.9985,
89.903,ENC,-17.5539,-10.6390,-14.0964,0.0000,0.0000,19.810,-3.540,-0.451,-6.953,0.0664,-0.0005,0.9985,
89.909,IMU,-17.5539,-10.6390,-14.0964,0.0000,0.0000,19.810,-3.579,-0.459,-6.970,0.0723,0.0005,0.9976,
89.925,ENC,-17.5539,-10.6390,-14.0964,0.0000,0.0000,19.810,-3.579,-0.459,-6.970,0.0723,0.0005,0.9976,
89.935,IMU,-17.5539,-10.6390,-14.0964,0.0000,0.0000,19.810,-3.622,-0.412,-6.913,0.0605,0.0034,0.9927,
89.950,ENC,-17.5539,-10.6390,-14.0964,0.0000,0.0000,19.810,-3.622,-0.412,-6.913,0.0605,0.0034,0.9927,
89.952,IMU,-17.5539,-10.6390,-14.0964,0.0000,0.0000,19.810,-3.611,-0.345,-6.956,0.0566,0.0020,0.9937,
89.966,ENC,-17.5539,-10.6390,-14.0964,0.0000,0.0000,19.810,-3.611,-0.345,-6.956,0.0566,0.0020,0.9937,
89.983,IMU,-17.5539,-10.6390,-14.0964,0.0000,0.0000,19.810,-3.573,-0.373,-6.989,0.0596,-0.0146,1.0020,
89.986,ENC,-17.5539,-10.6390,-14.0964,0.0000,0.0000,19.810,-3.573,-0.373,-6.989,0.0596,-0.0146,1.0020,
90.005,ENC,-17.5539,-10.6390,-14.0964,0.0000,0.0000,19.810,-3.573,-0.373,-6.989,0.0596,-0.0146,1.0020,
90.008,IMU,-17.5539,-10.6390,-14.0964,0.0000,0.0000,19.810,-3.571,-0.398,-6.996,0.0542,-0.0034,1.0029,
90.020,IMU,-17.5539,-10.6390,-14.0964,0.0000,0.0000,19.810,-3.597,-0.435,-7.016,0.0610,-0.0200,0.9922,
90.033,IMU,-17.5539,-10.6390,-14.0964,0.0000,0.0000,19.810,-3.590,-0.439,-6.999,0.0645,-0.0083,0.9917,
90.033,ENC,-17.5539,-10.6390,-14.0964,0.0000,0.0000,19.810,-3.590,-0.439,-6.999,0.0645,-0.0083,0.9917,
90.056,IMU,-17.5539,-10.6390,-14.0964,0.0000,0.0000,19.810,-3.602,-0.461,-7.016,0.0732,-0.0020,0.9937,
90.066,ENC,-17.5539,-10.6390,-14.0964,0.0000,0.0000,19.810,-3.602,-0.461,-7.016,0.0732,-0.0020,0.9937,
90.093,ENC,-17.5539,-10.6390,-14.0964,0.0000,0.0000,19.810,-3.602,-0.461,-7.016,0.0732,-0.0020,0.9937,
90.096,IMU,-17.5539,-10.6390,-14.0964,0.0000,0.0000,19.810,-3.587,-0.457,-7.043,0.0703,-0.0103,0.9937,
90.105,ENC,-17.5539,-10.6390,-14.0964,0.0000,0.0000,19.810,-3.587,-0.457,-7.043,0.0703,-0.0103,0.9937,
90.108,IMU,-17.5539,-10.6390,-14.0964,0.0000,0.0000,19.810,-3.596,-0.440,-7.004,0.0532,-0.0190,0.9819,
90.111,IMU,-17.5539,-10.6390,-14.0964,0.0000,0.0000,19.810,-3.585,-0.393,-6.984,0.0586,0.0015,0.9878,
90.127,ENC,-17.5539,-10.6390,-14.0964,0.0000,0.0000,19.810,-3.585,-0.393,-6.984,0.0586,0.0015,0.9878,
90.130,IMU,-17.5539,-10.6390,-14.0964,0.0000,0.0000,19.810,-3.596,-0.391,-7.022,0.0698,-0.0068,1.0015,
90.152,ENC,-17.5539,-10.6390,-14.0964,0.0000,0.0000,19.810,-3.596,-0.391,-7.022,0.0698,-0.0068,1.0015,
90.179,IMU,-17.5539,-10.6390,-14.0964,0.0000,0.0000,19.810,-3.599,-0.378,-6.981,0.0830,-0.0020,0.9980,
90.199,IMU,-17.5539,-10.6390,-14.0964,0.0000,0.0000,19.810,-3.583,-0.425,-6.987,0.0645,-0.0127,0.9917,
90.199,ENC,-17.5539,-10.6390,-14.0964,0.0000,0.0000,19.810,-3.583,-0.425,-6.987,0.0645,-0.0127,0.9917,
90.201,ENC,-17.5539,-10.6390,-14.0964,0.0000,0.0000,19.810,-3.583,-0.425,-6.987,0.0645,-0.0127,0.9917,
90.232,IMU,-17.5539,-10.6390,-14.0964,0.0000,0.0000,19.810,-3.502,-0.394,-7.023,0.0713,-0.0024,0.9888,
90.232,ENC,-17.5539,-10.6390,-14.0964,0.0000,0.0000,19.810,-3.502,-0.394,-7.023,0.0713,-0.0024,0.9888,
90.247,ENC,-17.5539,-10.6390,-14.0964,0.0000,0.0000,19.810,-3.502,-0.394,-7.023,0.0713,-0.0024,0.9888,
90.272,ENC,-17.5539,-10.6390,-14.0964,0.0000,0.0000,19.810,-3.502,-0.394,-7.023,0.0713,-0.0024,0.9888,
90.275,IMU,-17.5539,-10.6390,-14.0964,0.0000,0.0000,19.810,-3.562,-0.365,-6.973,0.0688,-0.0020,0.9883,
90.292,ENC,-17.5539,-10.6390,-14.0964,0.0000,0.0000,19.810,-3.562,-0.365,-6.973,0.0688,-0.0020,0.9883,
90.322,IMU,-17.5539,-10.6390,-14.0964,0.0000,0.0000,19.810,-3.578,-0.343,-6.975,0.0669,-0.0029,1.0068,
90.364,IMU,-17.5539,-10.6390,-14.0964,0.0000,0.0000,19.810,-3.575,-0.318,-6.976,0.0571,0.0010,0.9966,
90.364,ENC,-17.5539,-10.6390,-14.0964,0.0000,0.0000,19.810,-3.575,-0.318,-6.976,0.0571,0.0010,0.9966,
90.370,IMU,-17.5539,-10.6390,-14.0964,0.0000,0.0000,19.810,-3.614,-0.295,-6.972,0.0688,-0.0010,0.9922,
90.370,ENC,-17.5539,-10.6390,-14.0964,0.0000,0.0000,19.810,-3.614,-0.295,-6.972,0.0688,-0.0010,0.9922,
90.373,IMU,-17.5539,-10.6390,-14.0964,0.0000,0.0000,19.810,-3.643,-0.284,-6.991,0.0620,-0.0117,0.9937,
90.375,ENC,-17.5539,-10.6390,-14.0964,0.0000,0.0000,19.810,-3.643,-0.284,-6.991,0.0620,-0.0117,0.9937,
90.410,IMU,-17.5539,-10.6390,-14.0964,0.0000,0.0000,19.810,-3.606,-0.261,-7.090,0.0659,0.0034,0.9917,
90.411,IMU,-17.5539,-10.6390,-14.0964,0.0000,0.0000,19.810,-3.590,-0.245,-7.075,0.0605,-0.0049,0.9897,
90.447,ENC,-17.5539,-10.6390,-14.0964,0.0000,0.0000,19.810,-3.590,-0.245,-7.075,0.0605,-0.0049,0.9897,
90.448,ENC,-17.5539,-10.6390,-14.0964,0.0000,0.0000,19.810,-3.590,-0.245,-7.075,0.0605,-0.0049,0.9897,
90.473,IMU,-17.5539,-10.6390,-14.0964,0.0000,0.0000,19.810,-3.596,-0.297,-7.073,0.0620,-0.0117,1.0000,
90.474,ENC,-17.5539,-10.6390,-14.0964,0.0000,0.0000,19.810,-3.596,-0.297,-7.073,0.0620,-0.0117,1.0000,
90.499,IMU,-17.5539,-10.6390,-14.0964,0.0000,0.0000,19.810,-3.594,-0.301,-7.118,0.0635,0.0034,1.0059,
90.510,IMU,-17.5539,-10.6390,-14.0964,0.0000,0.0000,19.810,-3.615,-0.249,-7.113,0.0518,0.0000,0.9990,
90.521,ENC,-17.5539,-10.6390,-14.0964,0.0000,0.0000,19.810,-3.615,-0.249,-7.113,0.0518,0.0000,0.9990,
90.523,ENC,-17.5539,-10.6390,-14.0964,0.0000,0.0000,19.810,-3.615,-0.249,-7.113,0.0518,0.0000,0.9990,
90.606,ENC,-17.5539,-10.6390,-14.0964,0.0000,0.0000,19.810,-3.615,-0.249,-7.113,0.0518,0.0000,0.9990,
90.608,ENC,-17.5539,-10.6390,-14.0964,0.0000,0.0000,19.810,-3.615,-0.249,-7.113,0.0518,0.0000,0.9990,
90.611,ENC,-17.5539,-10.6390,-14.0964,0.0000,0.0000,19.810,-3.615,-0.249,-7.113,0.0518,0.0000,0.9990,
90.611,ENC,-17.5539,-10.6390,-14.0964,0.0000,0.0000,19.810,-3.615,-0.249,-7.113,0.0518,0.0000,0.9990,
90.622,IMU,-17.5539,-10.6390,-14.0964,0.0000,0.0000,19.810,-3.618,-0.203,-7.157,0.0693,0.0010,0.9956,
90.638,ENC,-17.5539,-10.6390,-14.0964,0.0000,0.0000,19.810,-3.618,-0.203,-7.157,0.0693,0.0010,0.9956,
90.651,IMU,-17.5539,-10.6390,-14.0964,0.0000,0.0000,19.810,-3.675,-0.255,-7.204,0.0610,-0.0137,0.9995,
90.663,ENC,-17.5539,-10.6390,-14.0964,0.0000,0.0000,19.810,-3.675,-0.255,-7.204,0.0610,-0.0137,0.9995,
90.668,IMU,-17.5539,-10.6390,-14.0964,0.0000,0.0000,19.810,-3.651,-0.220,-7.097,0.0635,-0.0103,0.9956,
90.707,ENC,-17.5539,-10.6390,-14.0964,0.0000,0.0000,19.810,-3.651,-0.220,-7.097,0.0635,-0.0103,0.9956,
90.709,ENC,-17.5539,-10.6390,-14.0964,0.0000,0.0000,19.810,-3.651,-0.220,-7.097,0.0635,-0.0103,0.9956,
90.716,IMU,-17.5539,-10.6390,-14.0964,0.0000,0.0000,19.810,-3.644,-0.170,-7.117,0.0630,-0.0122,0.9907,
90.727,ENC,-17.5539,-10.6390,-14.0964,0.0000,0.0000,19.810,-3.644,-0.170,-7.117,0.0630,-0.0122,0.9907,
90.744,ENC,-17.5539,-10.6390,-14.0964,0.0000,0.0000,19.810,-3.644,-0.170,-7.117,0.0630,-0.0122,0.9907,
90.753,IMU,-17.5539,-10.6390,-14.0964,0.0000,0.0000,19.810,-3.694,-0.161,-7.032,0.0640,-0.0093,0.9839,
90.777,IMU,-17.5539,-10.6390,-14.0964,0.0000,0.0000,19.810,-3.712,-0.189,-7.032,0.0688,-0.0107,0.9932,
90.777,ENC,-17.5539,-10.6390,-14.0964,0.0000,0.0000,19.810,-3.712,-0.189,-7.032,0.0688,-0.0107,0.9932,
90.794,IMU,-17.5539,-10.6390,-14.0964,0.0000,0.0000,19.810,-3.652,-0.183,-6.995,0.0479,-0.0117,1.0000,
90.812,ENC,-17.5539,-10.6390,-14.0964,0.0000,0.0000,19.810,-3.652,-0.183,-6.995,0.0479,-0.0117,1.0000,
90.871,ENC,-17.5539,-10.6390,-14.0964,0.0000,0.0000,19.810,-3.652,-0.183,-6.995,0.0479,-0.0117,1.0000,
90.873,IMU,-17.5539,-10.6390,-14.0964,0.0000,0.0000,19.810,-3.644,-0.104,-7.053,0.0586,-0.0117,0.9956,
90.876,ENC,-17.5539,-10.6390,-14.0964,0.0000,0.0000,19.810,-3.644,-0.104,-7.053,0.0586,-0.0117,0.9956,
90.879,IMU,-17.5539,-10.6390,-14.0964,0.0000,0.0000,19.810,-3.640,-0.145,-7.067,0.0513,-0.0039,0.9927,
90.881,ENC,-17.5539,-10.6390,-14.0964,0.0000,0.0000,19.810,-3.640,-0.145,-7.067,0.0513,-0.0039,0.9927,
90.896,ENC,-17.5539,-10.6390,-14.0964,0.0000,0.0000,19.810,-3.640,-0.145,-7.067,0.0513,-0.0039,0.9927,
90.913,ENC,-17.5539,-10.6390,-14.0964,0.0000,0.0000,19.810,-3.640,-0.145,-7.067,0.0513,-0.0039,0.9927,
90.966,ENC,-17.5539,-10.6390,-14.0964,0.0000,0.0000,19.810,-3.640,-0.145,-7.067,0.0513,-0.0039,0.9927,
91.030,IMU,-17.5539,-10.6390,-14.0964,0.0000,0.0000,19.810,-3.553,-0.126,-7.097,0.0620,-0.0044,1.0000,
91.030,ENC,-17.5539,-10.6390,-14.0964,0.0000,0.0000,19.810,-3.553,-0.126,-7.097,0.0620,-0.0044,1.0000,
91.035,IMU,-17.5539,-10.6390,-14.0964,0.0000,0.0000,19.810,-3.563,-0.171,-7.160,0.0728,-0.0137,1.0010,
91.035,ENC,-17.5539,-10.6390,-14.0964,0.0000,0.0000,19.810,-3.563,-0.171,-7.160,0.0728,-0.0137,1.0010,
91.051,IMU,-17.5539,-10.6390,-14.0964,0.0000,0.0000,19.810,-3.605,-0.091,-7.039,0.0586,-0.0015,0.9995,
91.118,ENC,-17.5539,-10.6390,-14.0964,0.0000,0.0000,19.810,-3.605,-0.091,-7.039,0.0586,-0.0015,0.9995,
91.119,ENC,-17.5539,-10.6390,-14.0964,0.0000,0.0000,19.810,-3.605,-0.091,-7.039,0.0586,-0.0015,0.9995,
91.137,IMU,-17.5539,-10.6390,-14.0964,0.0000,0.0000,19.810,-3.600,-0.102,-7.076,0.0518,-0.0083,0.9922,
91.153,ENC,-17.5539,-10.6390,-14.0964,0.0000,0.0000,19.810,-3.600,-0.102,-7.076,0.0518,-0.0083,0.9922,
91.186,ENC,-17.5539,-10.6390,-14.0964,0.0000,0.0000,19.810,-3.600,-0.102,-7.076,0.0518,-0.0083,0.9922,
91.194,ENC,-17.5539,-10.6390,-14.0964,0.0000,0.0000,19.810,-3.600,-0.102,-7.076,0.0518,-0.0083,0.9922,
91.197,ENC,-17.5539,-10.6390,-14.0964,0.0000,0.0000,19.810,-3.600,-0.102,-7.076,0.0518,-0.0083,0.9922,
91.200,IMU,-17.5539,-10.6390,-14.0964,0.0000,0.0000,19.810,-3.637,0.009,-6.661,0.0518,-0.0063,0.9912,
91.203,ENC,-17.5539,-10.6390,-14.0964,0.0000,0.0000,19.810,-3.637,0.009,-6.661,0.0518,-0.0063,0.9912,
91.205,IMU,-17.5539,-10.6390,-14.0964,0.0000,0.0000,19.810,-3.664,0.050,-6.656,0.0664,0.0068,0.9941,
91.208,ENC,-17.5539,-10.6390,-14.0964,0.0000,0.0000,19.810,-3.664,0.050,-6.656,0.0664,0.0068,0.9941,
91.211,IMU,-17.5539,-10.6390,-14.0964,0.0000,0.0000,19.810,-3.687,0.029,-6.673,0.0659,0.0024,0.9883,
91.214,IMU,-17.5539,-10.6390,-14.0964,0.0000,0.0000,19.810,-3.636,0.031,-6.670,0.0566,-0.0039,0.9985,
91.216,ENC,-17.5539,-10.6390,-14.0964,0.0000,0.0000,19.810,-3.636,0.031,-6.670,0.0566,-0.0039,0.9985,
91.218,IMU,-17.5539,-10.6390,-14.0964,0.0000,0.0000,19.810,-3.680,0.070,-6.643,0.0649,0.0029,0.9990,
91.223,ENC,-17.5539,-10.6390,-14.0964,0.0000,0.0000,19.810,-3.680,0.070,-6.643,0.0649,0.0029,0.9990,
91.228,IMU,-17.5539,-10.6390,-14.0964,0.0000,0.0000,19.810,-3.588,0.077,-6.661,0.0513,-0.0068,0.9971,
91.244,ENC,-17.5539,-10.6390,-14.0964,0.0000,0.0000,19.810,-3.588,0.077,-6.661,0.0513,-0.0068,0.9971,
91.248,IMU,-17.5539,-10.6390,-14.0964,0.0000,0.0000,19.810,-3.548,0.072,-6.680,0.0601,0.0063,0.9976,
91.263,ENC,-17.5539,-10.6390,-14.0964,0.0000,0.0000,19.810,-3.548,0.072,-6.680,0.0601,0.0063,0.9976,
91.268,IMU,-17.5539,-10.6390,-14.0964,0.0000,0.0000,19.810,-3.584,0.066,-6.626,0.0654,0.0000,0.9927,
91.283,ENC,-17.5539,-10.6390,-14.0964,0.0000,0.0000,19.810,-3.584,0.066,-6.626,0.0654,0.0000,0.9927,
91.288,IMU,-17.5539,-10.6390,-14.0964,0.0000,0.0000,19.810,-3.595,0.093,-6.583,0.0645,0.0005,0.9897,
91.306,ENC,-17.5539,-10.6390,-14.0964,0.0000,0.0000,19.810,-3.595,0.093,-6.583,0.0645,0.0005,0.9897,
91.308,IMU,-17.5539,-10.6390,-14.0964,0.0000,0.0000,19.810,-3.590,0.135,-6.575,0.0581,0.0000,0.9985,
91.323,ENC,-17.5539,-10.6390,-14.0964,0.0000,0.0000,19.810,-3.590,0.135,-6.575,0.0581,0.0000,0.9985,
91.328,IMU,-17.5539,-10.6390,-14.0964,0.0000,0.0000,19.810,-3.616,0.142,-6.485,0.0610,0.0044,1.0039,
91.343,ENC,-17.5539,-10.6390,-14.0964,0.0000,0.0000,19.810,-3.616,0.142,-6.485,0.0610,0.0044,1.0039,
91.349,IMU,-17.5539,-10.6390,-14.0964,0.0000,0.0000,19.810,-3.625,0.140,-6.527,0.0625,0.0054,1.0059,
91.364,ENC,-17.5539,-10.6390,-14.0964,0.0000,0.0000,19.810,-3.625,0.140,-6.527,0.0625,0.0054,1.0059,
91.368,IMU,-17.5539,-10.6390,-14.0964,0.0000,0.0000,19.810,-3.622,0.186,-6.494,0.0654,-0.0015,1.0044,
91.383,ENC,-17.5539,-10.6390,-14.0964,0.0000,0.0000,19.810,-3.622,0.186,-6.494,0.0654,-0.0015,1.0044,
91.388,IMU,-17.5539,-10.6390,-14.0964,0.0000,0.0000,19.810,-3.641,0.138,-6.536,0.0547,-0.0010,1.0029,
91.403,ENC,-17.5539,-10.6390,-14.0964,0.0000,0.0000,19.810,-3.641,0.138,-6.536,0.0547,-0.0010,1.0029,
91.408,IMU,-17.5539,-10.6390,-14.0964,0.0000,0.0000,19.810,-3.666,0.093,-6.528,0.0649,0.0020,0.9932,
91.423,ENC,-17.5539,-10.6390,-14.0964,0.0000,0.0000,19.810,-3.666,0.093,-6.528,0.0649,0.0020,0.9932,
91.428,IMU,-17.5539,-10.6390,-14.0964,0.0000,0.0000,19.810,-3.715,0.059,-6.484,0.0718,-0.0005,0.9922,
91.443,ENC,-17.5539,-10.6390,-14.0964,0.0000,0.0000,19.810,-3.715,0.059,-6.484,0.0718,-0.0005,0.9922,
91.448,IMU,-17.5539,-10.6390,-14.0964,0.0000,0.0000,19.810,-3.717,0.016,-6.490,0.0620,0.0005,1.0020,
91.463,ENC,-17.5539,-10.6390,-14.0964,0.0000,0.0000,19.810,-3.717,0.016,-6.490,0.0620,0.0005,1.0020,
91.468,IMU,-17.5539,-10.6390,-14.0964,0.0000,0.0000,19.810,-3.734,0.017,-6.482,0.0732,-0.0059,0.9849,
91.483,ENC,-17.5539,-10.6390,-14.0964,0.0000,0.0000,19.810,-3.734,0.017,-6.482,0.0732,-0.0059,0.9849,
91.488,IMU,-17.5539,-10.6390,-14.0964,0.0000,0.0000,19.810,-3.682,0.023,-6.423,0.0532,-0.0039,1.0024,
91.528,ENC,-17.5539,-10.6390,-14.0964,0.0000,0.0000,19.810,-3.682,0.023,-6.423,0.0532,-0.0039,1.0024,
91.531,ENC,-17.5539,-10.6390,-14.0964,0.0000,0.0000,19.810,-3.682,0.023,-6.423,0.0532,-0.0039,1.0024,
91.534,IMU,-17.5539,-10.6390,-14.0964,0.0000,0.0000,19.810,-3.692,-0.002,-6.425,0.0625,0.0044,1.0020,
91.537,IMU,-17.5539,-10.6390,-14.0964,0.0000,0.0000,19.810,-3.751,0.051,-6.445,0.0576,-0.0044,0.9868,
91.554,IMU,-17.5539,-10.6390,-14.0964,0.0000,0.0000,19.810,-3.722,0.052,-6.471,0.0576,-0.0078,0.9902,
91.554,ENC,-17.5539,-10.6390,-14.0964,0.0000,0.0000,19.810,-3.722,0.052,-6.471,0.0576,-0.0078,0.9902,
91.563,ENC,-17.5539,-10.6390,-14.0964,0.0000,0.0000,19.810,-3.722,0.052,-6.471,0.0576,-0.0078,0.9902,
91.568,IMU,-17.5539,-10.6390,-14.0964,0.0000,0.0000,19.810,-3.728,0.099,-6.494,0.0674,0.0059,0.9849,
91.583,ENC,-17.5539,-10.6390,-14.0964,0.0000,0.0000,19.810,-3.728,0.099,-6.494,0.0674,0.0059,0.9849,
91.589,IMU,-17.5539,-10.6390,-14.0964,0.0000,0.0000,19.810,-3.726,0.074,-6.530,0.0596,-0.0107,0.9932,
91.603,ENC,-17.5539,-10.6390,-14.0964,0.0000,0.0000,19.810,-3.726,0.074,-6.530,0.0596,-0.0107,0.9932,
91.608,IMU,-17.5539,-10.6390,-14.0964,0.0000,0.0000,19.810,-3.744,0.055,-6.518,0.0664,-0.0010,0.9883,
91.623,ENC,-17.5539,-10.6390,-14.0964,0.0000,0.0000,19.810,-3.744,0.055,-6.518,0.0664,-0.0010,0.9883,
91.628,IMU,-17.5539,-10.6390,-14.0964,0.0000,0.0000,19.810,-3.738,-0.007,-6.527,0.0698,-0.0015,0.9985,
91.643,ENC,-17.5539,-10.6390,-14.0964,0.0000,0.0000,19.810,-3.738,-0.007,-6.527,0.0698,-0.0015,0.9985,
91.649,IMU,-17.5539,-10.6390,-14.0964,0.0000,0.0000,19.810,-3.755,0.000,-6.489,0.0620,-0.0132,0.9932,
91.663,ENC,-17.5539,-10.6390,-14.0964,0.0000,0.0000,19.810,-3.755,0.000,-6.489,0.0620,-0.0132,0.9932,
91.668,IMU,-17.5539,-10.6390,-14.0964,0.0000,0.0000,19.810,-3.707,-0.009,-6.513,0.0586,-0.0059,0.9956,
91.683,ENC,-17.5539,-10.6390,-14.0964,0.0000,0.0000,19.810,-3.707,-0.009,-6.513,0.0586,-0.0059,0.9956,
91.688,IMU,-17.5539,-10.6390,-14.0964,0.0000,0.0000,19.810,-3.716,-0.016,-6.540,0.0679,-0.0063,0.9990,
91.703,ENC,-17.5539,-10.6390,-14.0964,0.0000,0.0000,19.810,-3.716,-0.016,-6.540,0.0679,-0.0063,0.9990,
91.708,IMU,-17.5539,-10.6390,-14.0964,0.0000,0.0000,19.810,-3.692,-0.015,-6.604,0.0728,-0.0015,0.9932,
91.723,ENC,-17.5539,-10.6390,-14.0964,0.0000,0.0000,19.810,-3.692,-0.015,-6.604,0.0728,-0.0015,0.9932,
91.729,IMU,-17.5539,-10.6390,-14.0964,0.0000,0.0000,19.810,-3.683,-0.044,-6.578,0.0674,-0.0073,1.0005,
91.743,ENC,-17.5539,-10.6390,-14.0964,0.0000,0.0000,19.810,-3.683,-0.044,-6.578,0.0674,-0.0073,1.0005,
91.748,IMU,-17.5539,-10.6390,-14.0964,0.0000,0.0000,19.810,-3.667,-0.031,-6.546,0.0649,-0.0015,0.9839,
91.763,ENC,-17.5539,-10.6390,-14.0964,0.0000,0.0000,19.810,-3.667,-0.031,-6.546,0.0649,-0.0015,0.9839,
91.768,IMU,-17.5539,-10.6390,-14.0964,0.0000,0.0000,19.810,-3.656,-0.058,-6.482,0.0571,-0.0078,0.9819,
91.783,ENC,-17.5539,-10.6390,-14.0964,0.0000,0.0000,19.810,-3.656,-0.058,-6.482,0.0571,-0.0078,0.9819,
91.788,IMU,-17.5539,-10.6390,-14.0964,0.0000,0.0000,19.810,-3.599,-0.051,-6.502,0.0630,-0.0044,0.9995,
91.803,ENC,-17.5539,-10.6390,-14.0964,0.0000,0.0000,19.810,-3.599,-0.051,-6.502,0.0630,-0.0044,0.9995,
91.808,IMU,-17.5539,-10.6390,-14.0964,0.0000,0.0000,19.810,-3.637,-0.056,-6.458,0.0630,-0.0039,0.9946,
91.823,ENC,-17.5539,-10.6390,-14.0964,0.0000,0.0000,19.810,-3.637,-0.056,-6.458,0.0630,-0.0039,0.9946,
91.829,IMU,-17.5539,-10.6390,-14.0964,0.0000,0.0000,19.810,-3.604,-0.079,-6.484,0.0503,0.0063,0.9897,
91.843,ENC,-17.5539,-10.6390,-14.0964,0.0000,0.0000,19.810,-3.604,-0.079,-6.484,0.0503,0.0063,0.9897,
91.848,IMU,-17.5539,-10.6390,-14.0964,0.0000,0.0000,19.810,-3.590,-0.100,-6.421,0.0542,-0.0103,0.9858,
91.863,ENC,-17.5539,-10.6390,-14.0964,0.0000,0.0000,19.810,-3.590,-0.100,-6.421,0.0542,-0.0103,0.9858,
91.868,IMU,-17.5539,-10.6390,-14.0964,0.0000,0.0000,19.810,-3.582,-0.144,-6.482,0.0645,-0.0103,0.9966,
91.883,ENC,-17.5539,-10.6390,-14.0964,0.0000,0.0000,19.810,-3.582,-0.144,-6.482,0.0645,-0.0103,0.9966,
91.888,IMU,-17.5539,-10.6390,-14.0964,0.0000,0.0000,19.810,-3.571,-0.191,-6.482,0.0542,-0.0234,0.9951,
91.903,ENC,-17.5539,-10.6390,-14.0964,0.0000,0.0000,19.810,-3.571,-0.191,-6.482,0.0542,-0.0234,0.9951,
91.908,IMU,-17.5539,-10.6390,-14.0964,0.0000,0.0000,19.810,-3.536,-0.149,-6.478,0.0562,-0.0063,0.9932,
91.923,ENC,-17.5539,-10.6390,-14.0964,0.0000,0.0000,19.810,-3.536,-0.149,-6.478,0.0562,-0.0063,0.9932,
91.928,IMU,-17.5539,-10.6390,-14.0964,0.0000,0.0000,19.810,-3.554,-0.157,-6.482,0.0576,-0.0161,0.9761,
91.943,ENC,-17.5539,-10.6390,-14.0964,0.0000,0.0000,19.810,-3.554,-0.157,-6.482,0.0576,-0.0161,0.9761,
91.948,IMU,-17.5539,-10.6390,-14.0964,0.0000,0.0000,19.810,-3.574,-0.159,-6.455,0.0610,-0.0015,0.9995,
91.963,ENC,-17.5539,-10.6390,-14.0964,0.0000,0.0000,19.810,-3.574,-0.159,-6.455,0.0610,-0.0015,0.9995,
91.968,IMU,-17.5539,-10.6390,-14.0964,0.0000,0.0000,19.810,-3.573,-0.147,-6.420,0.0669,-0.0088,0.9878,
91.983,ENC,-17.5539,-10.6390,-14.0964,0.0000,0.0000,19.810,-3.573,-0.147,-6.420,0.0669,-0.0088,0.9878,
91.988,IMU,-17.5539,-10.6390,-14.0964,0.0000,0.0000,19.810,-3.604,-0.104,-6.411,0.0664,-0.0044,0.9951,
92.003,ENC,-17.5539,-10.6390,-14.0964,0.0000,0.0000,19.810,-3.604,-0.104,-6.411,0.0664,-0.0044,0.9951,
92.008,IMU,-17.5539,-10.6390,-14.0964,0.0000,0.0000,19.810,-3.613,-0.151,-6.473,0.0581,-0.0117,0.9868,
92.023,ENC,-17.5539,-10.6390,-14.0964,0.0000,0.0000,19.810,-3.613,-0.151,-6.473,0.0581,-0.0117,0.9868,
92.028,IMU,-17.5539,-10.6390,-14.0964,0.0000,0.0000,19.810,-3.641,-0.179,-6.456,0.0654,-0.0156,0.9985,
92.043,ENC,-17.5539,-10.6390,-14.0964,0.0000,0.0000,19.810,-3.641,-0.179,-6.456,0.0654,-0.0156,0.9985,
92.048,IMU,-17.5539,-10.6390,-14.0964,0.0000,0.0000,19.810,-3.648,-0.185,-6.448,0.0601,-0.0029,0.9863,
92.063,ENC,-17.5539,-10.6390,-14.0964,0.0000,0.0000,19.810,-3.648,-0.185,-6.448,0.0601,-0.0029,0.9863,
92.068,IMU,-17.5539,-10.6390,-14.0964,0.0000,0.0000,19.810,-3.613,-0.207,-6.427,0.0649,-0.0132,1.0034,
92.083,ENC,-17.5539,-10.6390,-14.0964,0.0000,0.0000,19.810,-3.613,-0.207,-6.427,0.0649,-0.0132,1.0034,
92.088,IMU,-17.5539,-10.6390,-14.0964,0.0000,0.0000,19.810,-3.627,-0.177,-6.407,0.0664,-0.0132,0.9956,
92.103,ENC,-17.5539,-10.6390,-14.0964,0.0000,0.0000,19.810,-3.627,-0.177,-6.407,0.0664,-0.0132,0.9956,
92.108,IMU,-17.5539,-10.6390,-14.0964,0.0000,0.0000,19.810,-3.634,-0.187,-6.406,0.0693,-0.0083,0.9946,
92.124,ENC,-17.5539,-10.6390,-14.0964,0.0000,0.0000,19.810,-3.634,-0.187,-6.406,0.0693,-0.0083,0.9946,
92.129,IMU,-17.5539,-10.6390,-14.0964,0.0000,0.0000,19.810,-3.625,-0.164,-6.376,0.0571,-0.0078,0.9961,
92.143,ENC,-17.5539,-10.6390,-14.0964,0.0000,0.0000,19.810,-3.625,-0.164,-6.376,0.0571,-0.0078,0.9961,
92.148,IMU,-17.5539,-10.6390,-14.0964,0.0000,0.0000,19.810,-3.629,-0.169,-6.365,0.0664,-0.0044,0.9932,
92.163,ENC,-17.5539,-10.6390,-14.0964,0.0000,0.0000,19.810,-3.629,-0.169,-6.365,0.0664,-0.0044,0.9932,
92.168,IMU,-17.5539,-10.6390,-14.0964,0.0000,0.0000,19.810,-3.605,-0.146,-6.364,0.0596,-0.0010,0.9980,
92.183,ENC,-17.5539,-10.6390,-14.0964,0.0000,0.0000,19.810,-3.605,-0.146,-6.364,0.0596,-0.0010,0.9980,
92.188,IMU,-17.5539,-10.6390,-14.0964,0.0000,0.0000,19.810,-3.541,-0.127,-6.396,0.0425,-0.0186,0.9907,
92.204,ENC,-17.5539,-10.6390,-14.0964,0.0000,0.0000,19.810,-3.541,-0.127,-6.396,0.0425,-0.0186,0.9907,
92.208,IMU,-17.5539,-10.6390,-14.0964,0.0000,0.0000,19.810,-3.510,-0.134,-6.401,0.0483,-0.0146,0.9966,
92.223,ENC,-17.5539,-10.6390,-14.0964,0.0000,0.0000,19.810,-3.510,-0.134,-6.401,0.0483,-0.0146,0.9966,
92.228,IMU,-17.5539,-10.6390,-14.0964,0.0000,0.0000,19.810,-3.481,-0.176,-6.400,0.0645,-0.0190,0.9985,
92.243,ENC,-17.5539,-10.6390,-14.0964,0.0000,0.0000,19.810,-3.481,-0.176,-6.400,0.0645,-0.0190,0.9985,
92.249,IMU,-17.5539,-10.6390,-14.0964,0.0000,0.0000,19.810,-3.447,-0.208,-6.391,0.0532,-0.0132,0.9805,
92.264,ENC,-17.5539,-10.6390,-14.0964,0.0000,0.0000,19.810,-3.447,-0.208,-6.391,0.0532,-0.0132,0.9805,
92.268,IMU,-17.5539,-10.6390,-14.0964,0.0000,0.0000,19.810,-3.458,-0.228,-6.433,0.0664,0.0005,0.9922,
92.283,ENC,-17.5539,-10.6390,-14.0964,0.0000,0.0000,19.810,-3.458,-0.228,-6.433,0.0664,0.0005,0.9922,
92.288,IMU,-17.5539,-10.6390,-14.0964,0.0000,0.0000,19.810,-3.489,-0.177,-6.384,0.0703,-0.0029,1.0088,
92.303,ENC,-17.5539,-10.6390,-14.0964,0.0000,0.0000,19.810,-3.489,-0.177,-6.384,0.0703,-0.0029,1.0088,
92.308,IMU,-17.5539,-10.6390,-14.0964,0.0000,0.0000,19.810,-3.482,-0.200,-6.368,0.0513,-0.0107,1.0005,
92.323,ENC,-17.5539,-10.6373,-14.0956,0.0000,0.0852,19.814,-3.482,-0.200,-6.368,0.0513,-0.0107,1.0005,
92.331,IMU,-17.5539,-10.6373,-14.0956,0.0000,0.0852,19.814,-3.454,-0.178,-6.361,0.0557,0.0005,0.9878,
92.343,ENC,-17.5539,-10.6390,-14.0964,0.0000,-0.0852,19.810,-3.454,-0.178,-6.361,0.0557,0.0005,0.9878,
92.351,IMU,-17.5539,-10.6390,-14.0964,0.0000,-0.0852,19.810,-3.426,-0.142,-6.400,0.0562,-0.0068,1.0063,
92.363,ENC,-17.5539,-10.6390,-14.0964,0.0000,0.0000,19.810,-3.426,-0.142,-6.400,0.0562,-0.0068,1.0063,
92.368,IMU,-17.5539,-10.6390,-14.0964,0.0000,0.0000,19.810,-3.384,-0.177,-6.433,0.0571,-0.0151,0.9956,
92.383,ENC,-17.5539,-10.6390,-14.0964,0.0000,0.0000,19.810,-3.384,-0.177,-6.433,0.0571,-0.0151,0.9956,
92.388,IMU,-17.5539,-10.6390,-14.0964,0.0000,0.0000,19.810,-3.389,-0.187,-6.515,0.0615,0.0005,0.9937,
92.403,ENC,-17.5539,-10.6390,-14.0964,0.0000,0.0000,19.810,-3.389,-0.187,-6.515,0.0615,0.0005,0.9937,
92.408,IMU,-17.5539,-10.6390,-14.0964,0.0000,0.0000,19.810,-3.348,-0.174,-6.520,0.0601,-0.0015,0.9878,
92.423,ENC,-17.5539,-10.6390,-14.0964,0.0000,0.0000,19.810,-3.348,-0.174,-6.520,0.0601,-0.0015,0.9878,
92.428,IMU,-17.5539,-10.6390,-14.0964,0.0000,0.0000,19.810,-3.355,-0.182,-6.507,0.0645,-0.0078,0.9854,
92.443,ENC,-17.5539,-10.6390,-14.0964,0.0000,0.0000,19.810,-3.355,-0.182,-6.507,0.0645,-0.0078,0.9854,
92.448,IMU,-17.5539,-10.6390,-14.0964,0.0000,0.0000,19.810,-3.386,-0.181,-6.480,0.0620,-0.0034,0.9800,
92.463,ENC,-17.5539,-10.6390,-14.0964,0.0000,0.0000,19.810,-3.386,-0.181,-6.480,0.0620,-0.0034,0.9800,
92.470,IMU,-17.5539,-10.6390,-14.0964,0.0000,0.0000,19.810,-3.409,-0.205,-6.476,0.0576,-0.0112,1.0005,
92.483,ENC,-17.5539,-10.6390,-14.0964,0.0000,0.0000,19.810,-3.409,-0.205,-6.476,0.0576,-0.0112,1.0005,
92.488,IMU,-17.5539,-10.6390,-14.0964,0.0000,0.0000,19.810,-3.397,-0.174,-6.508,0.0547,0.0098,0.9912,
92.503,ENC,-17.5539,-10.6390,-14.0964,0.0000,0.0000,19.810,-3.397,-0.174,-6.508,0.0547,0.0098,0.9912,
92.508,IMU,-17.5539,-10.6390,-14.0964,0.0000,0.0000,19.810,-3.342,-0.195,-6.553,0.0605,-0.0083,0.9878,
92.523,ENC,-17.5539,-10.6390,-14.0964,0.0000,0.0000,19.810,-3.342,-0.195,-6.553,0.0605,-0.0083,0.9878,
92.528,IMU,-17.5539,-10.6390,-14.0964,0.0000,0.0000,19.810,-3.436,-0.161,-6.536,0.0640,0.0005,0.9966,
92.543,ENC,-17.5539,-10.6390,-14.0964,0.0000,0.0000,19.810,-3.436,-0.161,-6.536,0.0640,0.0005,0.9966,
92.549,IMU,-17.5539,-10.6390,-14.0964,0.0000,0.0000,19.810,-3.452,-0.151,-6.544,0.0688,-0.0132,0.9956,
92.563,ENC,-17.5539,-10.6390,-14.0964,0.0000,0.0000,19.810,-3.452,-0.151,-6.544,0.0688,-0.0132,0.9956,
92.573,IMU,-17.5539,-10.6390,-14.0964,0.0000,0.0000,19.810,-3.446,-0.175,-6.556,0.0664,-0.0122,0.9966,
92.583,ENC,-17.5539,-10.6390,-14.0964,0.0000,0.0000,19.810,-3.446,-0.175,-6.556,0.0664,-0.0122,0.9966,
92.588,IMU,-17.5539,-10.6390,-14.0964,0.0000,0.0000,19.810,-3.431,-0.133,-6.562,0.0547,0.0020,0.9844,
92.603,ENC,-17.5539,-10.6390,-14.0964,0.0000,0.0000,19.810,-3.431,-0.133,-6.562,0.0547,0.0020,0.9844,
92.608,IMU,-17.5539,-10.6390,-14.0964,0.0000,0.0000,19.810,-3.448,-0.138,-6.554,0.0713,-0.0024,0.9927,
92.623,ENC,-17.5539,-10.6390,-14.0964,0.0000,0.0000,19.810,-3.448,-0.138,-6.554,0.0713,-0.0024,0.9927,
92.628,IMU,-17.5539,-10.6390,-14.0964,0.0000,0.0000,19.810,-3.447,-0.140,-6.526,0.0522,-0.0083,0.9824,
92.643,ENC,-17.5539,-10.6390,-14.0964,0.0000,0.0000,19.810,-3.447,-0.140,-6.526,0.0522,-0.0083,0.9824,
92.650,IMU,-17.5539,-10.6390,-14.0964,0.0000,0.0000,19.810,-3.438,-0.179,-6.602,0.0557,-0.0063,0.9917,
92.663,ENC,-17.5539,-10.6390,-14.0964,0.0000,0.0000,19.810,-3.438,-0.179,-6.602,0.0557,-0.0063,0.9917,
92.669,IMU,-17.5539,-10.6390,-14.0964,0.0000,0.0000,19.810,-3.414,-0.198,-6.656,0.0610,-0.0024,1.0054,
92.685,ENC,-17.5539,-10.6390,-14.0964,0.0000,0.0000,19.810,-3.414,-0.198,-6.656,0.0610,-0.0024,1.0054,
92.692,IMU,-17.5539,-10.6390,-14.0964,0.0000,0.0000,19.810,-3.449,-0.260,-6.633,0.0586,-0.0098,0.9961,
92.703,ENC,-17.5539,-10.6390,-14.0964,0.0000,0.0000,19.810,-3.449,-0.260,-6.633,0.0586,-0.0098,0.9961,
92.708,IMU,-17.5539,-10.6390,-14.0964,0.0000,0.0000,19.810,-3.479,-0.240,-6.644,0.0581,-0.0112,0.9897,
92.723,ENC,-17.5539,-10.6390,-14.0964,0.0000,0.0000,19.810,-3.479,-0.240,-6.644,0.0581,-0.0112,0.9897,
92.728,IMU,-17.5539,-10.6390,-14.0964,0.0000,0.0000,19.810,-3.509,-0.239,-6.633,0.0591,-0.0063,1.0024,
92.743,ENC,-17.5539,-10.6390,-14.0964,0.0000,0.0000,19.810,-3.509,-0.239,-6.633,0.0591,-0.0063,1.0024,
92.748,IMU,-17.5539,-10.6390,-14.0964,0.0000,0.0000,19.810,-3.571,-0.243,-6.622,0.0659,-0.0059,0.9985,
92.763,ENC,-17.5539,-10.6390,-14.0964,0.0000,0.0000,19.810,-3.571,-0.243,-6.622,0.0659,-0.0059,0.9985,
92.768,IMU,-17.5539,-10.6390,-14.0964,0.0000,0.0000,19.810,-3.537,-0.210,-6.615,0.0659,-0.0024,0.9878,
92.783,ENC,-17.5539,-10.6390,-14.0964,0.0000,0.0000,19.810,-3.537,-0.210,-6.615,0.0659,-0.0024,0.9878,
92.788,IMU,-17.5539,-10.6390,-14.0964,0.0000,0.0000,19.810,-3.549,-0.166,-6.611,0.0488,0.0000,0.9888,
92.810,IMU,-17.5539,-10.6390,-14.0964,0.0000,0.0000,19.810,-3.564,-0.170,-6.626,0.0703,-0.0088,0.9990,
92.830,IMU,-17.5539,-10.6390,-14.0964,0.0000,0.0000,19.810,-3.545,-0.160,-6.671,0.0557,-0.0005,0.9883,
92.830,ENC,-17.5539,-10.6390,-14.0964,0.0000,0.0000,19.810,-3.545,-0.160,-6.671,0.0557,-0.0005,0.9883,
92.832,ENC,-17.5539,-10.6390,-14.0964,0.0000,0.0000,19.810,-3.545,-0.160,-6.671,0.0557,-0.0005,0.9883,
92.844,ENC,-17.5539,-10.6390,-14.0964,0.0000,0.0000,19.810,-3.545,-0.160,-6.671,0.0557,-0.0005,0.9883,
92.848,IMU,-17.5539,-10.6390,-14.0964,0.0000,0.0000,19.810,-3.553,-0.132,-6.654,0.0620,-0.0010,0.9922,
92.863,ENC,-17.5539,-10.6390,-14.0964,0.0000,0.0000,19.810,-3.553,-0.132,-6.654,0.0620,-0.0010,0.9922,
92.868,IMU,-17.5539,-10.6390,-14.0964,0.0000,0.0000,19.810,-3.556,-0.113,-6.673,0.0571,0.0068,0.9902,
92.883,ENC,-17.5539,-10.6390,-14.0964,0.0000,0.0000,19.810,-3.556,-0.113,-6.673,0.0571,0.0068,0.9902,
92.889,IMU,-17.5539,-10.6390,-14.0964,0.0000,0.0000,19.810,-3.562,-0.088,-6.612,0.0698,-0.0024,1.0010,
92.903,ENC,-17.5539,-10.6390,-14.0964,0.0000,0.0000,19.810,-3.562,-0.088,-6.612,0.0698,-0.0024,1.0010,
92.908,IMU,-17.5539,-10.6390,-14.0964,0.0000,0.0000,19.810,-3.608,-0.074,-6.647,0.0601,0.0083,0.9980,
92.923,ENC,-17.5539,-10.6390,-14.0964,0.0000,0.0000,19.810,-3.608,-0.074,-6.647,0.0601,0.0083,0.9980,
92.928,IMU,-17.5539,-10.6390,-14.0964,0.0000,0.0000,19.810,-3.576,-0.061,-6.693,0.0547,-0.0029,0.9951,
92.943,ENC,-17.5539,-10.6390,-14.0964,0.0000,0.0000,19.810,-3.576,-0.061,-6.693,0.0547,-0.0029,0.9951,
92.948,IMU,-17.5539,-10.6390,-14.0964,0.0000,0.0000,19.810,-3.580,-0.085,-6.709,0.0679,0.0039,0.9927,
92.963,ENC,-17.5539,-10.6390,-14.0964,0.0000,0.0000,19.810,-3.580,-0.085,-6.709,0.0679,0.0039,0.9927,
92.968,IMU,-17.5539,-10.6390,-14.0964,0.0000,0.0000,19.810,-3.597,-0.103,-6.727,0.0542,-0.0068,0.9907,
92.983,ENC,-17.5539,-10.6390,-14.0964,0.0000,0.0000,19.810,-3.597,-0.103,-6.727,0.0542,-0.0068,0.9907,
92.988,IMU,-17.5539,-10.6390,-14.0964,0.0000,0.0000,19.810,-3.604,-0.046,-6.705,0.0605,-0.0068,1.0020,
93.003,ENC,-17.5539,-10.6390,-14.0964,0.0000,0.0000,19.810,-3.604,-0.046,-6.705,0.0605,-0.0068,1.0020,
93.008,IMU,-17.5539,-10.6390,-14.0964,0.0000,0.0000,19.810,-3.617,-0.045,-6.715,0.0649,-0.0059,0.9951,
93.023,ENC,-17.5539,-10.6390,-14.0964,0.0000,0.0000,19.810,-3.617,-0.045,-6.715,0.0649,-0.0059,0.9951,
93.028,IMU,-17.5539,-10.6390,-14.0964,0.0000,0.0000,19.810,-3.642,-0.056,-6.719,0.0645,-0.0005,1.0015,
93.047,ENC,-17.5539,-10.6390,-14.0964,0.0000,0.0000,19.810,-3.642,-0.056,-6.719,0.0645,-0.0005,1.0015,
93.050,IMU,-17.5539,-10.6390,-14.0964,0.0000,0.0000,19.810,-3.616,-0.082,-6.739,0.0522,-0.0078,0.9902,
93.065,ENC,-17.5539,-10.6390,-14.0964,0.0000,0.0000,19.810,-3.616,-0.082,-6.739,0.0522,-0.0078,0.9902,
93.085,ENC,-17.5539,-10.6390,-14.0964,0.0000,0.0000,19.810,-3.616,-0.082,-6.739,0.0522,-0.0078,0.9902,
93.093,IMU,-17.5539,-10.6390,-14.0964,0.0000,0.0000,19.810,-3.541,-0.122,-6.773,0.0532,-0.0161,0.9917,
93.106,ENC,-17.5539,-10.6390,-14.0964,0.0000,0.0000,19.810,-3.541,-0.122,-6.773,0.0532,-0.0161,0.9917,
93.109,IMU,-17.5539,-10.6390,-14.0964,0.0000,0.0000,19.810,-3.561,-0.153,-6.720,0.0645,-0.0093,1.0078,
93.123,ENC,-17.5539,-10.6373,-14.0956,0.0000,0.0852,19.814,-3.561,-0.153,-6.720,0.0645,-0.0093,1.0078,
93.133,IMU,-17.5539,-10.6373,-14.0956,0.0000,0.0852,19.814,-3.544,-0.132,-6.733,0.0645,-0.0005,0.9937,
93.143,ENC,-17.5539,-10.6390,-14.0964,0.0000,-0.0852,19.810,-3.544,-0.132,-6.733,0.0645,-0.0005,0.9937,
93.149,IMU,-17.5539,-10.6390,-14.0964,0.0000,-0.0852,19.810,-3.547,-0.152,-6.724,0.0581,-0.0073,0.9976,
93.163,ENC,-17.5539,-10.6390,-14.0964,0.0000,0.0000,19.810,-3.547,-0.152,-6.724,0.0581,-0.0073,0.9976,
93.170,IMU,-17.5539,-10.6390,-14.0964,0.0000,0.0000,19.810,-3.549,-0.134,-6.671,0.0547,0.0068,1.0024,
93.183,ENC,-17.5539,-10.6390,-14.0964,0.0000,0.0000,19.810,-3.549,-0.134,-6.671,0.0547,0.0068,1.0024,
93.189,IMU,-17.5539,-10.6390,-14.0964,0.0000,0.0000,19.810,-3.560,-0.135,-6.654,0.0483,-0.0010,0.9990,
93.203,ENC,-17.5539,-10.6390,-14.0964,0.0000,0.0000,19.810,-3.560,-0.135,-6.654,0.0483,-0.0010,0.9990,
93.208,IMU,-17.5539,-10.6390,-14.0964,0.0000,0.0000,19.810,-3.539,-0.204,-6.658,0.0610,-0.0117,0.9902,
93.223,ENC,-17.5539,-10.6390,-14.0964,0.0000,0.0000,19.810,-3.539,-0.204,-6.658,0.0610,-0.0117,0.9902,
93.228,IMU,-17.5539,-10.6390,-14.0964,0.0000,0.0000,19.810,-3.568,-0.198,-6.663,0.0571,-0.0103,0.9917,
93.243,ENC,-17.5539,-10.6390,-14.0964,0.0000,0.0000,19.810,-3.568,-0.198,-6.663,0.0571,-0.0103,0.9917,
93.248,IMU,-17.5539,-10.6390,-14.0964,0.0000,0.0000,19.810,-3.615,-0.247,-6.701,0.0601,-0.0073,0.9907,
93.265,ENC,-17.5539,-10.6390,-14.0964,0.0000,0.0000,19.810,-3.615,-0.247,-6.701,0.0601,-0.0073,0.9907,
93.283,ENC,-17.5539,-10.6390,-14.0964,0.0000,0.0000,19.810,-3.615,-0.247,-6.701,0.0601,-0.0073,0.9907,
93.296,IMU,-17.5539,-10.6390,-14.0964,0.0000,0.0000,19.810,-3.646,-0.297,-6.773,0.0566,0.0029,0.9902,
93.306,ENC,-17.5539,-10.6390,-14.0964,0.0000,0.0000,19.810,-3.646,-0.297,-6.773,0.0566,0.0029,0.9902,
93.308,IMU,-17.5539,-10.6390,-14.0964,0.0000,0.0000,19.810,-3.646,-0.266,-6.752,0.0596,-0.0039,0.9897,
93.323,ENC,-17.5539,-10.6390,-14.0964,0.0000,0.0000,19.810,-3.646,-0.266,-6.752,0.0596,-0.0039,0.9897,
93.328,IMU,-17.5539,-10.6390,-14.0964,0.0000,0.0000,19.810,-3.601,-0.298,-6.807,0.0542,-0.0039,0.9956,
93.343,ENC,-17.5539,-10.6390,-14.0964,0.0000,0.0000,19.810,-3.601,-0.298,-6.807,0.0542,-0.0039,0.9956,
93.348,IMU,-17.5539,-10.6390,-14.0964,0.0000,0.0000,19.810,-3.580,-0.269,-6.816,0.0596,-0.0078,0.9878,
93.363,ENC,-17.5539,-10.6390,-14.0964,0.0000,0.0000,19.810,-3.580,-0.269,-6.816,0.0596,-0.0078,0.9878,
93.368,IMU,-17.5539,-10.6390,-14.0964,0.0000,0.0000,19.810,-3.574,-0.259,-6.824,0.0522,-0.0107,1.0039,
93.383,ENC,-17.5539,-10.6390,-14.0964,0.0000,0.0000,19.810,-3.574,-0.259,-6.824,0.0522,-0.0107,1.0039,
93.392,IMU,-17.5539,-10.6390,-14.0964,0.0000,0.0000,19.810,-3.569,-0.246,-6.830,0.0596,-0.0039,0.9966,
93.403,ENC,-17.5539,-10.6390,-14.0964,0.0000,0.0000,19.810,-3.569,-0.246,-6.830,0.0596,-0.0039,0.9966,
93.408,IMU,-17.5539,-10.6390,-14.0964,0.0000,0.0000,19.810,-3.515,-0.254,-6.835,0.0532,-0.0083,0.9897,
93.423,ENC,-17.5539,-10.6390,-14.0964,0.0000,0.0000,19.810,-3.515,-0.254,-6.835,0.0532,-0.0083,0.9897,
93.428,IMU,-17.5539,-10.6390,-14.0964,0.0000,0.0000,19.810,-3.510,-0.180,-6.794,0.0537,-0.0054,0.9863,
93.443,ENC,-17.5539,-10.6390,-14.0964,0.0000,0.0000,19.810,-3.510,-0.180,-6.794,0.0537,-0.0054,0.9863,
93.451,IMU,-17.5539,-10.6390,-14.0964,0.0000,0.0000,19.810,-3.538,-0.204,-6.722,0.0659,-0.0044,0.9907,
93.463,ENC,-17.5539,-10.6390,-14.0964,0.0000,0.0000,19.810,-3.538,-0.204,-6.722,0.0659,-0.0044,0.9907,
93.468,IMU,-17.5539,-10.6390,-14.0964,0.0000,0.0000,19.810,-3.616,-0.193,-6.707,0.0674,-0.0020,0.9995,
93.483,ENC,-17.5539,-10.6390,-14.0964,0.0000,0.0000,19.810,-3.616,-0.193,-6.707,0.0674,-0.0020,0.9995,
93.488,IMU,-17.5539,-10.6390,-14.0964,0.0000,0.0000,19.810,-3.596,-0.215,-6.692,0.0679,-0.0161,1.0000,
93.503,ENC,-17.5539,-10.6390,-14.0964,0.0000,0.0000,19.810,-3.596,-0.215,-6.692,0.0679,-0.0161,1.0000,
93.508,IMU,-17.5539,-10.6390,-14.0964,0.0000,0.0000,19.810,-3.642,-0.209,-6.647,0.0557,0.0054,0.9985,
93.523,ENC,-17.5539,-10.6390,-14.0964,0.0000,0.0000,19.810,-3.642,-0.209,-6.647,0.0557,0.0054,0.9985,
93.543,ENC,-17.5539,-10.6390,-14.0964,0.0000,0.0000,19.810,-3.642,-0.209,-6.647,0.0557,0.0054,0.9985,
93.548,IMU,-17.5539,-10.6390,-14.0964,0.0000,0.0000,19.810,-3.606,-0.159,-6.720,0.0586,-0.0024,1.0029,
93.563,ENC,-17.5539,-10.6390,-14.0964,0.0000,0.0000,19.810,-3.606,-0.159,-6.720,0.0586,-0.0024,1.0029,
93.569,IMU,-17.5539,-10.6390,-14.0964,0.0000,0.0000,19.810,-3.635,-0.212,-6.767,0.0483,-0.0063,0.9990,
93.583,ENC,-17.5539,-10.6390,-14.0964,0.0000,0.0000,19.810,-3.635,-0.212,-6.767,0.0483,-0.0063,0.9990,
93.588,IMU,-17.5539,-10.6390,-14.0964,0.0000,0.0000,19.810,-3.621,-0.271,-6.790,0.0610,-0.0049,1.0029,
93.604,ENC,-17.5539,-10.6390,-14.0964,0.0000,0.0000,19.810,-3.621,-0.271,-6.790,0.0610,-0.0049,1.0029,
93.608,IMU,-17.5539,-10.6390,-14.0964,0.0000,0.0000,19.810,-3.625,-0.282,-6.792,0.0566,-0.0083,0.9937,
93.623,ENC,-17.5539,-10.6390,-14.0964,0.0000,0.0000,19.810,-3.625,-0.282,-6.792,0.0566,-0.0083,0.9937,
93.628,IMU,-17.5539,-10.6390,-14.0964,0.0000,0.0000,19.810,-3.638,-0.281,-6.782,0.0503,-0.0029,0.9932,
93.643,ENC,-17.5539,-10.6390,-14.0964,0.0000,0.0000,19.810,-3.638,-0.281,-6.782,0.0503,-0.0029,0.9932,
93.648,IMU,-17.5539,-10.6390,-14.0964,0.0000,0.0000,19.810,-3.673,-0.319,-6.744,0.0620,-0.0186,1.0005,
93.663,ENC,-17.5539,-10.6390,-14.0964,0.0000,0.0000,19.810,-3.673,-0.319,-6.744,0.0620,-0.0186,1.0005,
93.668,IMU,-17.5539,-10.6390,-14.0964,0.0000,0.0000,19.810,-3.670,-0.283,-6.742,0.0703,0.0098,1.0024,
93.683,ENC,-17.5539,-10.6390,-14.0964,0.0000,0.0000,19.810,-3.670,-0.283,-6.742,0.0703,0.0098,1.0024,
93.688,IMU,-17.5539,-10.6390,-14.0964,0.0000,0.0000,19.810,-3.657,-0.358,-6.745,0.0566,-0.0103,0.9888,
93.703,ENC,-17.5539,-10.6390,-14.0964,0.0000,0.0000,19.810,-3.657,-0.358,-6.745,0.0566,-0.0103,0.9888,
93.708,IMU,-17.5539,-10.6390,-14.0964,0.0000,0.0000,19.810,-3.646,-0.332,-6.716,0.0664,0.0049,0.9971,
93.725,ENC,-17.5539,-10.6390,-14.0964,0.0000,0.0000,19.810,-3.646,-0.332,-6.716,0.0664,0.0049,0.9971,
93.729,IMU,-17.5539,-10.6390,-14.0964,0.0000,0.0000,19.810,-3.641,-0.387,-6.757,0.0576,-0.0146,0.9912,
93.743,ENC,-17.5539,-10.6390,-14.0964,0.0000,0.0000,19.810,-3.641,-0.387,-6.757,0.0576,-0.0146,0.9912,
93.748,IMU,-17.5539,-10.6390,-14.0964,0.0000,0.0000,19.810,-3.613,-0.366,-6.734,0.0693,0.0005,1.0000,
93.763,ENC,-17.5539,-10.6390,-14.0964,0.0000,0.0000,19.810,-3.613,-0.366,-6.734,0.0693,0.0005,1.0000,
93.769,IMU,-17.5539,-10.6390,-14.0964,0.0000,0.0000,19.810,-3.620,-0.394,-6.775,0.0586,0.0015,0.9956,
93.783,ENC,-17.5539,-10.6390,-14.0964,0.0000,0.0000,19.810,-3.620,-0.394,-6.775,0.0586,0.0015,0.9956,
93.788,IMU,-17.5539,-10.6390,-14.0964,0.0000,0.0000,19.810,-3.608,-0.353,-6.751,0.0562,0.0049,1.0000,
93.803,ENC,-17.5539,-10.6390,-14.0964,0.0000,0.0000,19.810,-3.608,-0.353,-6.751,0.0562,0.0049,1.0000,
93.808,IMU,-17.5539,-10.6390,-14.0964,0.0000,0.0000,19.810,-3.568,-0.323,-6.766,0.0537,-0.0039,0.9985,
93.823,ENC,-17.5539,-10.6390,-14.0964,0.0000,0.0000,19.810,-3.568,-0.323,-6.766,0.0537,-0.0039,0.9985,
93.828,IMU,-17.5539,-10.6390,-14.0964,0.0000,0.0000,19.810,-3.611,-0.340,-6.770,0.0513,-0.0010,0.9912,
93.843,ENC,-17.5539,-10.6390,-14.0964,0.0000,0.0000,19.810,-3.611,-0.340,-6.770,0.0513,-0.0010,0.9912,
93.848,IMU,-17.5539,-10.6390,-14.0964,0.0000,0.0000,19.810,-3.587,-0.343,-6.716,0.0605,-0.0117,1.0044,
93.865,ENC,-17.5539,-10.6390,-14.0964,0.0000,0.0000,19.810,-3.587,-0.343,-6.716,0.0605,-0.0117,1.0044,
93.869,IMU,-17.5539,-10.6390,-14.0964,0.0000,0.0000,19.810,-3.598,-0.331,-6.721,0.0581,-0.0049,0.9956,
93.883,ENC,-17.5539,-10.6390,-14.0964,0.0000,0.0000,19.810,-3.598,-0.331,-6.721,0.0581,-0.0049,0.9956,
93.888,IMU,-17.5539,-10.6390,-14.0964,0.0000,0.0000,19.810,-3.583,-0.325,-6.736,0.0596,-0.0205,0.9912,
93.903,ENC,-17.5539,-10.6390,-14.0964,0.0000,0.0000,19.810,-3.583,-0.325,-6.736,0.0596,-0.0205,0.9912,
93.908,IMU,-17.5539,-10.6390,-14.0964,0.0000,0.0000,19.810,-3.615,-0.276,-6.695,0.0718,-0.0020,0.9976,
93.923,ENC,-17.5539,-10.6390,-14.0964,0.0000,0.0000,19.810,-3.615,-0.276,-6.695,0.0718,-0.0020,0.9976,
93.928,IMU,-17.5539,-10.6390,-14.0964,0.0000,0.0000,19.810,-3.585,-0.258,-6.668,0.0625,-0.0122,0.9878,
93.944,ENC,-17.5539,-10.6390,-14.0964,0.0000,0.0000,19.810,-3.585,-0.258,-6.668,0.0625,-0.0122,0.9878,
93.949,IMU,-17.5539,-10.6390,-14.0964,0.0000,0.0000,19.810,-3.591,-0.276,-6.715,0.0645,-0.0103,1.0049,
93.963,ENC,-17.5539,-10.6390,-14.0964,0.0000,0.0000,19.810,-3.591,-0.276,-6.715,0.0645,-0.0103,1.0049,
93.968,IMU,-17.5539,-10.6390,-14.0964,0.0000,0.0000,19.810,-3.623,-0.249,-6.711,0.0610,-0.0024,0.9839,
93.983,ENC,-17.5539,-10.6390,-14.0964,0.0000,0.0000,19.810,-3.623,-0.249,-6.711,0.0610,-0.0024,0.9839,
93.990,IMU,-17.5539,-10.6390,-14.0964,0.0000,0.0000,19.810,-3.585,-0.257,-6.727,0.0464,-0.0020,0.9888,
94.003,ENC,-17.5539,-10.6390,-14.0964,0.0000,0.0000,19.810,-3.585,-0.257,-6.727,0.0464,-0.0020,0.9888,
94.008,IMU,-17.5539,-10.6390,-14.0964,0.0000,0.0000,19.810,-3.605,-0.236,-6.722,0.0659,0.0034,0.9927,
94.048,ENC,-17.5539,-10.6390,-14.0964,0.0000,0.0000,19.810,-3.605,-0.236,-6.722,0.0659,0.0034,0.9927,
94.050,ENC,-17.5539,-10.6390,-14.0964,0.0000,0.0000,19.810,-3.605,-0.236,-6.722,0.0659,0.0034,0.9927,
94.063,ENC,-17.5539,-10.6390,-14.0964,0.0000,0.0000,19.810,-3.605,-0.236,-6.722,0.0659,0.0034,0.9927,
94.071,IMU,-17.5539,-10.6390,-14.0964,0.0000,0.0000,19.810,-3.536,-0.274,-6.829,0.0640,-0.0039,1.0000,
94.083,ENC,-17.5539,-10.6390,-14.0964,0.0000,0.0000,19.810,-3.536,-0.274,-6.829,0.0640,-0.0039,1.0000,
94.088,IMU,-17.5539,-10.6390,-14.0964,0.0000,0.0000,19.810,-3.556,-0.301,-6.846,0.0625,-0.0112,0.9971,
94.103,ENC,-17.5539,-10.6390,-14.0964,0.0000,0.0000,19.810,-3.556,-0.301,-6.846,0.0625,-0.0112,0.9971,
94.108,IMU,-17.5539,-10.6390,-14.0964,0.0000,0.0000,19.810,-3.533,-0.304,-6.898,0.0591,-0.0020,1.0010,
94.123,ENC,-17.5539,-10.6390,-14.0964,0.0000,0.0000,19.810,-3.533,-0.304,-6.898,0.0591,-0.0020,1.0010,
94.128,IMU,-17.5539,-10.6390,-14.0964,0.0000,0.0000,19.810,-3.501,-0.344,-6.861,0.0562,-0.0156,0.9844,
94.143,ENC,-17.5539,-10.6390,-14.0964,0.0000,0.0000,19.810,-3.501,-0.344,-6.861,0.0562,-0.0156,0.9844,
94.148,IMU,-17.5539,-10.6390,-14.0964,0.0000,0.0000,19.810,-3.524,-0.325,-6.915,0.0601,0.0015,0.9985,
94.163,ENC,-17.5539,-10.6390,-14.0964,0.0000,0.0000,19.810,-3.524,-0.325,-6.915,0.0601,0.0015,0.9985,
94.168,IMU,-17.5539,-10.6390,-14.0964,0.0000,0.0000,19.810,-3.464,-0.326,-6.964,0.0459,-0.0078,0.9912,
94.183,ENC,-17.5539,-10.6390,-14.0964,0.0000,0.0000,19.810,-3.464,-0.326,-6.964,0.0459,-0.0078,0.9912,
94.188,IMU,-17.5539,-10.6390,-14.0964,0.0000,0.0000,19.810,-3.438,-0.352,-6.987,0.0679,-0.0132,0.9990,
94.203,ENC,-17.5539,-10.6390,-14.0964,0.0000,0.0000,19.810,-3.438,-0.352,-6.987,0.0679,-0.0132,0.9990,
94.209,IMU,-17.5539,-10.6390,-14.0964,0.0000,0.0000,19.810,-3.445,-0.306,-7.024,0.0557,-0.0093,0.9927,
94.223,ENC,-17.5539,-10.6390,-14.0964,0.0000,0.0000,19.810,-3.445,-0.306,-7.024,0.0557,-0.0093,0.9927,
94.228,IMU,-17.5539,-10.6390,-14.0964,0.0000,0.0000,19.810,-3.440,-0.376,-7.053,0.0581,-0.0151,0.9956,
94.243,ENC,-17.5539,-10.6390,-14.0964,0.0000,0.0000,19.810,-3.440,-0.376,-7.053,0.0581,-0.0151,0.9956,
94.256,IMU,-17.5539,-10.6390,-14.0964,0.0000,0.0000,19.810,-3.391,-0.389,-7.054,0.0581,-0.0166,1.0015,
94.263,ENC,-17.5539,-10.6373,-14.0956,0.0000,0.0852,19.814,-3.391,-0.389,-7.054,0.0581,-0.0166,1.0015,
94.268,IMU,-17.5539,-10.6373,-14.0956,0.0000,0.0852,19.814,-3.437,-0.347,-7.030,0.0635,0.0034,1.0049,
94.283,ENC,-17.5539,-10.6390,-14.0964,0.0000,-0.0852,19.810,-3.437,-0.347,-7.030,0.0635,0.0034,1.0049,
94.289,IMU,-17.5539,-10.6390,-14.0964,0.0000,-0.0852,19.810,-3.473,-0.403,-7.079,0.0698,-0.0063,1.0010,
94.303,ENC,-17.5539,-10.6390,-14.0964,0.0000,0.0000,19.810,-3.473,-0.403,-7.079,0.0698,-0.0063,1.0010,
94.308,IMU,-17.5539,-10.6390,-14.0964,0.0000,0.0000,19.810,-3.442,-0.435,-7.108,0.0479,-0.0078,0.9956,
94.323,ENC,-17.5539,-10.6390,-14.0964,0.0000,0.0000,19.810,-3.442,-0.435,-7.108,0.0479,-0.0078,0.9956,
94.328,IMU,-17.5539,-10.6390,-14.0964,0.0000,0.0000,19.810,-3.457,-0.412,-7.075,0.0698,0.0049,0.9956,
94.343,ENC,-17.5539,-10.6390,-14.0964,0.0000,0.0000,19.810,-3.457,-0.412,-7.075,0.0698,0.0049,0.9956,
94.348,IMU,-17.5539,-10.6390,-14.0964,0.0000,0.0000,19.810,-3.416,-0.421,-7.132,0.0518,0.0000,0.9990,
94.363,ENC,-17.5539,-10.6390,-14.0964,0.0000,0.0000,19.810,-3.416,-0.421,-7.132,0.0518,0.0000,0.9990,
94.371,IMU,-17.5539,-10.6390,-14.0964,0.0000,0.0000,19.810,-3.407,-0.430,-7.109,0.0557,-0.0073,0.9971,
94.383,ENC,-17.5539,-10.6390,-14.0964,0.0000,0.0000,19.810,-3.407,-0.430,-7.109,0.0557,-0.0073,0.9971,
94.388,IMU,-17.5539,-10.6390,-14.0964,0.0000,0.0000,19.810,-3.390,-0.444,-7.139,0.0615,0.0112,1.0068,
94.403,ENC,-17.5539,-10.6390,-14.0964,0.0000,0.0000,19.810,-3.390,-0.444,-7.139,0.0615,0.0112,1.0068,
94.408,IMU,-17.5539,-10.6390,-14.0964,0.0000,0.0000,19.810,-3.421,-0.453,-7.119,0.0688,-0.0068,0.9932,
94.423,ENC,-17.5539,-10.6390,-14.0964,0.0000,0.0000,19.810,-3.421,-0.453,-7.119,0.0688,-0.0068,0.9932,
94.429,IMU,-17.5539,-10.6390,-14.0964,0.0000,0.0000,19.810,-3.419,-0.493,-7.130,0.0679,-0.0127,1.0015,
94.443,ENC,-17.5539,-10.6390,-14.0964,0.0000,0.0000,19.810,-3.419,-0.493,-7.130,0.0679,-0.0127,1.0015,
94.448,IMU,-17.5539,-10.6390,-14.0964,0.0000,0.0000,19.810,-3.401,-0.495,-7.079,0.0610,-0.0181,0.9941,
94.468,IMU,-17.5539,-10.6390,-14.0964,0.0000,0.0000,19.810,-3.385,-0.464,-7.035,0.0576,-0.0068,1.0020,
94.473,ENC,-17.5539,-10.6390,-14.0964,0.0000,0.0000,19.810,-3.385,-0.464,-7.035,0.0576,-0.0068,1.0020,
94.483,ENC,-17.5539,-10.6390,-14.0964,0.0000,0.0000,19.810,-3.385,-0.464,-7.035,0.0576,-0.0068,1.0020,
94.489,IMU,-17.5539,-10.6390,-14.0964,0.0000,0.0000,19.810,-3.400,-0.464,-7.055,0.0576,0.0054,1.0015,
94.503,ENC,-17.5539,-10.6390,-14.0964,0.0000,0.0000,19.810,-3.400,-0.464,-7.055,0.0576,0.0054,1.0015,
94.508,IMU,-17.5539,-10.6390,-14.0964,0.0000,0.0000,19.810,-3.407,-0.458,-7.072,0.0649,-0.0146,0.9995,
94.523,ENC,-17.5539,-10.6390,-14.0964,0.0000,0.0000,19.810,-3.407,-0.458,-7.072,0.0649,-0.0146,0.9995,
94.529,IMU,-17.5539,-10.6390,-14.0964,0.0000,0.0000,19.810,-3.397,-0.432,-7.056,0.0669,0.0088,0.9854,
94.543,ENC,-17.5539,-10.6390,-14.0964,0.0000,0.0000,19.810,-3.397,-0.432,-7.056,0.0669,0.0088,0.9854,
94.549,IMU,-17.5539,-10.6390,-14.0964,0.0000,0.0000,19.810,-3.389,-0.415,-7.063,0.0713,0.0005,0.9980,
94.563,ENC,-17.5539,-10.6390,-14.0964,0.0000,0.0000,19.810,-3.389,-0.415,-7.063,0.0713,0.0005,0.9980,
94.568,IMU,-17.5539,-10.6390,-14.0964,0.0000,0.0000,19.810,-3.421,-0.392,-7.059,0.0557,-0.0024,0.9883,
94.583,ENC,-17.5539,-10.6390,-14.0964,0.0000,0.0000,19.810,-3.421,-0.392,-7.059,0.0557,-0.0024,0.9883,
94.588,IMU,-17.5539,-10.6390,-14.0964,0.0000,0.0000,19.810,-3.405,-0.377,-7.014,0.0625,-0.0024,1.0024,
94.603,ENC,-17.5539,-10.6390,-14.0964,0.0000,0.0000,19.810,-3.405,-0.377,-7.014,0.0625,-0.0024,1.0024,
94.609,IMU,-17.5539,-10.6390,-14.0964,0.0000,0.0000,19.810,-3.364,-0.340,-7.033,0.0615,0.0024,0.9863,
94.623,ENC,-17.5539,-10.6390,-14.0964,0.0000,0.0000,19.810,-3.364,-0.340,-7.033,0.0615,0.0024,0.9863,
94.628,IMU,-17.5539,-10.6390,-14.0964,0.0000,0.0000,19.810,-3.359,-0.338,-7.035,0.0479,-0.0088,1.0005,
94.643,ENC,-17.5539,-10.6390,-14.0964,0.0000,0.0000,19.810,-3.359,-0.338,-7.035,0.0479,-0.0088,1.0005,
94.648,IMU,-17.5539,-10.6390,-14.0964,0.0000,0.0000,19.810,-3.374,-0.329,-7.028,0.0698,-0.0093,1.0039,
94.663,ENC,-17.5539,-10.6373,-14.0956,0.0000,0.0852,19.814,-3.374,-0.329,-7.028,0.0698,-0.0093,1.0039,
94.669,IMU,-17.5539,-10.6373,-14.0956,0.0000,0.0852,19.814,-3.381,-0.341,-7.018,0.0654,-0.0044,0.9941,
94.684,ENC,-17.5539,-10.6390,-14.0964,0.0000,-0.0852,19.810,-3.381,-0.341,-7.018,0.0654,-0.0044,0.9941,
94.689,IMU,-17.5539,-10.6390,-14.0964,0.0000,-0.0852,19.810,-3.389,-0.321,-7.045,0.0483,0.0024,0.9878,
94.703,ENC,-17.5539,-10.6390,-14.0964,0.0000,0.0000,19.810,-3.389,-0.321,-7.045,0.0483,0.0024,0.9878,
94.708,IMU,-17.5539,-10.6390,-14.0964,0.0000,0.0000,19.810,-3.439,-0.333,-7.035,0.0684,-0.0122,1.0020,
94.723,ENC,-17.5539,-10.6390,-14.0964,0.0000,0.0000,19.810,-3.439,-0.333,-7.035,0.0684,-0.0122,1.0020,
94.728,IMU,-17.5539,-10.6390,-14.0964,0.0000,0.0000,19.810,-3.402,-0.338,-7.026,0.0532,-0.0073,0.9961,
94.743,ENC,-17.5539,-10.6390,-14.0964,0.0000,0.0000,19.810,-3.402,-0.338,-7.026,0.0532,-0.0073,0.9961,
94.749,IMU,-17.5539,-10.6390,-14.0964,0.0000,0.0000,19.810,-3.422,-0.359,-7.028,0.0493,-0.0107,0.9854,
94.763,ENC,-17.5539,-10.6390,-14.0964,0.0000,0.0000,19.810,-3.422,-0.359,-7.028,0.0493,-0.0107,0.9854,
94.768,IMU,-17.5539,-10.6390,-14.0964,0.0000,0.0000,19.810,-3.421,-0.371,-7.039,0.0659,-0.0142,1.0117,
94.787,ENC,-17.5539,-10.6390,-14.0964,0.0000,0.0000,19.810,-3.421,-0.371,-7.039,0.0659,-0.0142,1.0117,
94.790,IMU,-17.5539,-10.6390,-14.0964,0.0000,0.0000,19.810,-3.428,-0.423,-7.040,0.0620,-0.0132,0.9971,
94.803,ENC,-17.5539,-10.6390,-14.0964,0.0000,0.0000,19.810,-3.428,-0.423,-7.040,0.0620,-0.0132,0.9971,
94.809,IMU,-17.5539,-10.6390,-14.0964,0.0000,0.0000,19.810,-3.405,-0.428,-7.062,0.0581,-0.0029,0.9980,
94.823,ENC,-17.5539,-10.6390,-14.0964,0.0000,0.0000,19.810,-3.405,-0.428,-7.062,0.0581,-0.0029,0.9980,
94.828,IMU,-17.5539,-10.6390,-14.0964,0.0000,0.0000,19.810,-3.445,-0.401,-7.111,0.0693,-0.0039,1.0054,
94.843,ENC,-17.5539,-10.6390,-14.0964,0.0000,0.0000,19.810,-3.445,-0.401,-7.111,0.0693,-0.0039,1.0054,
94.848,IMU,-17.5539,-10.6390,-14.0964,0.0000,0.0000,19.810,-3.427,-0.400,-7.113,0.0620,-0.0029,0.9883,
94.863,ENC,-17.5539,-10.6390,-14.0964,0.0000,0.0000,19.810,-3.427,-0.400,-7.113,0.0620,-0.0029,0.9883,
94.868,IMU,-17.5539,-10.6390,-14.0964,0.0000,0.0000,19.810,-3.440,-0.397,-7.107,0.0479,-0.0103,0.9937,
94.883,ENC,-17.5539,-10.6390,-14.0964,0.0000,0.0000,19.810,-3.440,-0.397,-7.107,0.0479,-0.0103,0.9937,
94.890,IMU,-17.5539,-10.6390,-14.0964,0.0000,0.0000,19.810,-3.455,-0.387,-7.154,0.0640,-0.0063,0.9878,
94.904,ENC,-17.5539,-10.6390,-14.0964,0.0000,0.0000,19.810,-3.455,-0.387,-7.154,0.0640,-0.0063,0.9878,
94.912,IMU,-17.5539,-10.6390,-14.0964,0.0000,0.0000,19.810,-3.470,-0.354,-7.172,0.0640,-0.0034,1.0015,
94.923,ENC,-17.5539,-10.6390,-14.0964,0.0000,0.0000,19.810,-3.470,-0.354,-7.172,0.0640,-0.0034,1.0015,
94.928,IMU,-17.5539,-10.6390,-14.0964,0.0000,0.0000,19.810,-3.456,-0.410,-7.196,0.0635,-0.0034,0.9985,
94.943,ENC,-17.5539,-10.6390,-14.0964,0.0000,0.0000,19.810,-3.456,-0.410,-7.196,0.0635,-0.0034,0.9985,
94.948,IMU,-17.5539,-10.6390,-14.0964,0.0000,0.0000,19.810,-3.428,-0.395,-7.167,0.0620,-0.0049,0.9907,
94.972,ENC,-17.5539,-10.6390,-14.0964,0.0000,0.0000,19.810,-3.428,-0.395,-7.167,0.0620,-0.0049,0.9907,
94.983,ENC,-17.5539,-10.6390,-14.0964,0.0000,0.0000,19.810,-3.428,-0.395,-7.167,0.0620,-0.0049,0.9907,
94.988,IMU,-17.5539,-10.6390,-14.0964,0.0000,0.0000,19.810,-3.413,-0.481,-7.215,0.0649,-0.0073,0.9937,
95.003,ENC,-17.5539,-10.6390,-14.0964,0.0000,0.0000,19.810,-3.413,-0.481,-7.215,0.0649,-0.0073,0.9937,
95.008,IMU,-17.5539,-10.6390,-14.0964,0.0000,0.0000,19.810,-3.424,-0.448,-7.196,0.0571,-0.0103,0.9844,
95.024,ENC,-17.5539,-10.6390,-14.0964,0.0000,0.0000,19.810,-3.424,-0.448,-7.196,0.0571,-0.0103,0.9844,
95.043,ENC,-17.5539,-10.6390,-14.0964,0.0000,0.0000,19.810,-3.424,-0.448,-7.196,0.0571,-0.0103,0.9844,
95.048,IMU,-17.5539,-10.6390,-14.0964,0.0000,0.0000,19.810,-3.379,-0.446,-7.193,0.0586,-0.0049,1.0044,
95.063,ENC,-17.5539,-10.6390,-14.0964,0.0000,0.0000,19.810,-3.379,-0.446,-7.193,0.0586,-0.0049,1.0044,
95.068,IMU,-17.5539,-10.6390,-14.0964,0.0000,0.0000,19.810,-3.367,-0.431,-7.200,0.0713,-0.0029,0.9922,
95.083,ENC,-17.5539,-10.6390,-14.0964,0.0000,0.0000,19.810,-3.367,-0.431,-7.200,0.0713,-0.0029,0.9922,
95.088,IMU,-17.5539,-10.6390,-14.0964,0.0000,0.0000,19.810,-3.412,-0.434,-7.204,0.0703,-0.0034,0.9946,
95.103,ENC,-17.5539,-10.6390,-14.0964,0.0000,0.0000,19.810,-3.412,-0.434,-7.204,0.0703,-0.0034,0.9946,
95.108,IMU,-17.5539,-10.6390,-14.0964,0.0000,0.0000,19.810,-3.452,-0.403,-7.211,0.0596,-0.0063,0.9956,
95.123,ENC,-17.5539,-10.6390,-14.0964,0.0000,0.0000,19.810,-3.452,-0.403,-7.211,0.0596,-0.0063,0.9956,
95.133,IMU,-17.5539,-10.6390,-14.0964,0.0000,0.0000,19.810,-3.445,-0.397,-7.225,0.0542,-0.0073,0.9922,
95.143,ENC,-17.5539,-10.6390,-14.0964,0.0000,0.0000,19.810,-3.445,-0.397,-7.225,0.0542,-0.0073,0.9922,
95.148,IMU,-17.5539,-10.6390,-14.0964,0.0000,0.0000,19.810,-3.494,-0.377,-7.217,0.0654,0.0044,0.9995,
95.163,ENC,-17.5539,-10.6390,-14.0964,0.0000,0.0000,19.810,-3.494,-0.377,-7.217,0.0654,0.0044,0.9995,
95.168,IMU,-17.5539,-10.6390,-14.0964,0.0000,0.0000,19.810,-3.460,-0.415,-7.261,0.0586,-0.0112,1.0015,
95.183,ENC,-17.5539,-10.6390,-14.0964,0.0000,0.0000,19.810,-3.460,-0.415,-7.261,0.0586,-0.0112,1.0015,
95.188,IMU,-17.5539,-10.6390,-14.0964,0.0000,0.0000,19.810,-3.423,-0.409,-7.243,0.0508,-0.0063,0.9961,
95.219,IMU,-17.5539,-10.6390,-14.0964,0.0000,0.0000,19.810,-3.462,-0.374,-7.211,0.0674,-0.0024,0.9976,
95.223,ENC,-17.5539,-10.6390,-14.0964,0.0000,0.0000,19.810,-3.462,-0.374,-7.211,0.0674,-0.0024,0.9976,
95.228,IMU,-17.5539,-10.6390,-14.0964,0.0000,0.0000,19.810,-3.440,-0.366,-7.251,0.0508,-0.0039,1.0044,
95.243,ENC,-17.5539,-10.6390,-14.0964,0.0000,0.0000,19.810,-3.440,-0.366,-7.251,0.0508,-0.0039,1.0044,
95.248,IMU,-17.5539,-10.6390,-14.0964,0.0000,0.0000,19.810,-3.434,-0.383,-7.238,0.0635,-0.0205,0.9834,
95.263,ENC,-17.5539,-10.6390,-14.0964,0.0000,0.0000,19.810,-3.434,-0.383,-7.238,0.0635,-0.0205,0.9834,
95.268,IMU,-17.5539,-10.6390,-14.0964,0.0000,0.0000,19.810,-3.438,-0.374,-7.195,0.0625,-0.0083,1.0078,
95.283,ENC,-17.5539,-10.6390,-14.0964,0.0000,0.0000,19.810,-3.438,-0.374,-7.195,0.0625,-0.0083,1.0078,
95.288,IMU,-17.5539,-10.6390,-14.0964,0.0000,0.0000,19.810,-3.385,-0.425,-7.190,0.0537,-0.0146,0.9971,
95.303,ENC,-17.5539,-10.6390,-14.0964,0.0000,0.0000,19.810,-3.385,-0.425,-7.190,0.0537,-0.0146,0.9971,
95.309,IMU,-17.5539,-10.6390,-14.0964,0.0000,0.0000,19.810,-3.448,-0.402,-7.141,0.0596,-0.0181,0.9966,
95.323,ENC,-17.5539,-10.6390,-14.0964,0.0000,0.0000,19.810,-3.448,-0.402,-7.141,0.0596,-0.0181,0.9966,
95.328,IMU,-17.5539,-10.6390,-14.0964,0.0000,0.0000,19.810,-3.460,-0.360,-7.179,0.0669,0.0005,1.0029,
95.343,ENC,-17.5539,-10.6390,-14.0964,0.0000,0.0000,19.810,-3.460,-0.360,-7.179,0.0669,0.0005,1.0029,
95.348,IMU,-17.5539,-10.6390,-14.0964,0.0000,0.0000,19.810,-3.471,-0.330,-7.217,0.0586,-0.0015,0.9985,
95.363,ENC,-17.5539,-10.6390,-14.0964,0.0000,0.0000,19.810,-3.471,-0.330,-7.217,0.0586,-0.0015,0.9985,
95.368,IMU,-17.5539,-10.6390,-14.0964,0.0000,0.0000,19.810,-3.450,-0.366,-7.226,0.0620,-0.0254,0.9976,
95.383,ENC,-17.5539,-10.6390,-14.0964,0.0000,0.0000,19.810,-3.450,-0.366,-7.226,0.0620,-0.0254,0.9976,
95.388,IMU,-17.5539,-10.6390,-14.0964,0.0000,0.0000,19.810,-3.451,-0.339,-7.213,0.0649,-0.0063,1.0024,
95.403,ENC,-17.5539,-10.6390,-14.0964,0.0000,0.0000,19.810,-3.451,-0.339,-7.213,0.0649,-0.0063,1.0024,
95.408,IMU,-17.5539,-10.6390,-14.0964,0.0000,0.0000,19.810,-3.513,-0.352,-7.226,0.0698,-0.0093,1.0020,
95.423,ENC,-17.5539,-10.6390,-14.0964,0.0000,0.0000,19.810,-3.513,-0.352,-7.226,0.0698,-0.0093,1.0020,
95.428,IMU,-17.5539,-10.6390,-14.0964,0.0000,0.0000,19.810,-3.534,-0.361,-7.211,0.0557,-0.0034,1.0015,
95.443,ENC,-17.5539,-10.6390,-14.0964,0.0000,0.0000,19.810,-3.534,-0.361,-7.211,0.0557,-0.0034,1.0015,
95.448,IMU,-17.5539,-10.6390,-14.0964,0.0000,0.0000,19.810,-3.519,-0.343,-7.182,0.0576,0.0010,0.9907,
95.463,ENC,-17.5539,-10.6390,-14.0964,0.0000,0.0000,19.810,-3.519,-0.343,-7.182,0.0576,0.0010,0.9907,
95.468,IMU,-17.5539,-10.6390,-14.0964,0.0000,0.0000,19.810,-3.521,-0.312,-7.193,0.0684,-0.0093,0.9893,
95.514,ENC,-17.5539,-10.6390,-14.0964,0.0000,0.0000,19.810,-3.521,-0.312,-7.193,0.0684,-0.0093,0.9893,
95.517,IMU,-17.5539,-10.6390,-14.0964,0.0000,0.0000,19.810,-3.464,-0.311,-7.147,0.0659,-0.0103,0.9966,
95.525,ENC,-17.5539,-10.6390,-14.0964,0.0000,0.0000,19.810,-3.464,-0.311,-7.147,0.0659,-0.0103,0.9966,
95.529,IMU,-17.5539,-10.6390,-14.0964,0.0000,0.0000,19.810,-3.433,-0.264,-7.123,0.0557,-0.0088,0.9976,
95.543,ENC,-17.5539,-10.6373,-14.0956,0.0000,0.0852,19.814,-3.433,-0.264,-7.123,0.0557,-0.0088,0.9976,
95.548,IMU,-17.5539,-10.6373,-14.0956,0.0000,0.0852,19.814,-3.455,-0.247,-7.090,0.0684,0.0039,0.9980,
95.563,ENC,-17.5539,-10.6390,-14.0964,0.0000,-0.0852,19.810,-3.455,-0.247,-7.090,0.0684,0.0039,0.9980,
95.568,IMU,-17.5539,-10.6390,-14.0964,0.0000,-0.0852,19.810,-3.433,-0.263,-7.105,0.0566,0.0000,0.9844,
95.583,ENC,-17.5539,-10.6390,-14.0964,0.0000,0.0000,19.810,-3.433,-0.263,-7.105,0.0566,0.0000,0.9844,
95.588,IMU,-17.5539,-10.6390,-14.0964,0.0000,0.0000,19.810,-3.414,-0.251,-7.128,0.0630,-0.0015,1.0000,
95.607,ENC,-17.5539,-10.6390,-14.0964,0.0000,0.0000,19.810,-3.414,-0.251,-7.128,0.0630,-0.0015,1.0000,
95.609,IMU,-17.5539,-10.6390,-14.0964,0.0000,0.0000,19.810,-3.439,-0.211,-7.127,0.0552,-0.0024,0.9897,
95.623,ENC,-17.5539,-10.6390,-14.0964,0.0000,0.0000,19.810,-3.439,-0.211,-7.127,0.0552,-0.0024,0.9897,
95.628,IMU,-17.5539,-10.6390,-14.0964,0.0000,0.0000,19.810,-3.475,-0.226,-7.133,0.0601,-0.0107,0.9937,
95.643,ENC,-17.5539,-10.6390,-14.0964,0.0000,0.0000,19.810,-3.475,-0.226,-7.133,0.0601,-0.0107,0.9937,
95.648,IMU,-17.5539,-10.6390,-14.0964,0.0000,0.0000,19.810,-3.466,-0.181,-7.122,0.0625,-0.0054,1.0029,
95.663,ENC,-17.5539,-10.6390,-14.0964,0.0000,0.0000,19.810,-3.466,-0.181,-7.122,0.0625,-0.0054,1.0029,
95.673,IMU,-17.5539,-10.6390,-14.0964,0.0000,0.0000,19.810,-3.454,-0.231,-7.169,0.0693,-0.0078,0.9917,
95.683,ENC,-17.5539,-10.6390,-14.0964,0.0000,0.0000,19.810,-3.454,-0.231,-7.169,0.0693,-0.0078,0.9917,
95.691,IMU,-17.5539,-10.6390,-14.0964,0.0000,0.0000,19.810,-3.469,-0.225,-7.164,0.0659,-0.0078,0.9966,
95.703,ENC,-17.5539,-10.6390,-14.0964,0.0000,0.0000,19.810,-3.469,-0.225,-7.164,0.0659,-0.0078,0.9966,
95.709,IMU,-17.5539,-10.6390,-14.0964,0.0000,0.0000,19.810,-3.475,-0.252,-7.175,0.0503,-0.0054,0.9932,
95.723,ENC,-17.5539,-10.6390,-14.0964,0.0000,0.0000,19.810,-3.475,-0.252,-7.175,0.0503,-0.0054,0.9932,
95.728,IMU,-17.5539,-10.6390,-14.0964,0.0000,0.0000,19.810,-3.499,-0.271,-7.133,0.0586,-0.0059,0.9946,
95.743,ENC,-17.5539,-10.6390,-14.0964,0.0000,0.0000,19.810,-3.499,-0.271,-7.133,0.0586,-0.0059,0.9946,
95.748,IMU,-17.5539,-10.6390,-14.0964,0.0000,0.0000,19.810,-3.454,-0.291,-7.136,0.0591,-0.0063,0.9956,
95.768,IMU,-17.5539,-10.6390,-14.0964,0.0000,0.0000,19.810,-3.493,-0.259,-7.112,0.0645,0.0127,0.9956,
95.783,ENC,-17.5539,-10.6390,-14.0964,0.0000,0.0000,19.810,-3.493,-0.259,-7.112,0.0645,0.0127,0.9956,
95.788,IMU,-17.5539,-10.6390,-14.0964,0.0000,0.0000,19.810,-3.492,-0.290,-7.101,0.0659,-0.0117,1.0000,
95.804,ENC,-17.5539,-10.6390,-14.0964,0.0000,0.0000,19.810,-3.492,-0.290,-7.101,0.0659,-0.0117,1.0000,
95.812,IMU,-17.5539,-10.6390,-14.0964,0.0000,0.0000,19.810,-3.496,-0.290,-7.155,0.0552,-0.0103,1.0005,
95.823,ENC,-17.5539,-10.6390,-14.0964,0.0000,0.0000,19.810,-3.496,-0.290,-7.155,0.0552,-0.0103,1.0005,
95.828,IMU,-17.5539,-10.6390,-14.0964,0.0000,0.0000,19.810,-3.537,-0.330,-7.166,0.0640,-0.0132,0.9907,
95.843,ENC,-17.5539,-10.6390,-14.0964,0.0000,0.0000,19.810,-3.537,-0.330,-7.166,0.0640,-0.0132,0.9907,
95.849,IMU,-17.5539,-10.6390,-14.0964,0.0000,0.0000,19.810,-3.484,-0.316,-7.216,0.0625,0.0054,1.0010,
95.863,ENC,-17.5539,-10.6390,-14.0964,0.0000,0.0000,19.810,-3.484,-0.316,-7.216,0.0625,0.0054,1.0010,
95.868,IMU,-17.5539,-10.6390,-14.0964,0.0000,0.0000,19.810,-3.490,-0.327,-7.235,0.0645,0.0015,0.9985,
95.883,ENC,-17.5539,-10.6390,-14.0964,0.0000,0.0000,19.810,-3.490,-0.327,-7.235,0.0645,0.0015,0.9985,
95.888,IMU,-17.5539,-10.6390,-14.0964,0.0000,0.0000,19.810,-3.486,-0.317,-7.274,0.0625,-0.0103,1.0000,
95.903,ENC,-17.5539,-10.6390,-14.0964,0.0000,0.0000,19.810,-3.486,-0.317,-7.274,0.0625,-0.0103,1.0000,
95.908,IMU,-17.5539,-10.6390,-14.0964,0.0000,0.0000,19.810,-3.477,-0.338,-7.301,0.0557,-0.0073,1.0000,
95.924,ENC,-17.5539,-10.6390,-14.0964,0.0000,0.0000,19.810,-3.477,-0.338,-7.301,0.0557,-0.0073,1.0000,
95.928,IMU,-17.5539,-10.6390,-14.0964,0.0000,0.0000,19.810,-3.517,-0.323,-7.304,0.0542,0.0044,0.9868,
95.943,ENC,-17.5539,-10.6390,-14.0964,0.0000,0.0000,19.810,-3.517,-0.323,-7.304,0.0542,0.0044,0.9868,
95.952,IMU,-17.5539,-10.6390,-14.0964,0.0000,0.0000,19.810,-3.534,-0.282,-7.289,0.0693,0.0044,0.9971,
95.963,ENC,-17.5539,-10.6373,-14.0956,0.0000,0.0852,19.814,-3.534,-0.282,-7.289,0.0693,0.0044,0.9971,
95.968,IMU,-17.5539,-10.6373,-14.0956,0.0000,0.0852,19.814,-3.552,-0.249,-7.256,0.0547,-0.0024,0.9966,
95.983,ENC,-17.5539,-10.6390,-14.0964,0.0000,-0.0852,19.810,-3.552,-0.249,-7.256,0.0547,-0.0024,0.9966,
95.988,IMU,-17.5539,-10.6390,-14.0964,0.0000,-0.0852,19.810,-3.557,-0.242,-7.293,0.0591,-0.0098,0.9995,
96.003,ENC,-17.5539,-10.6390,-14.0964,0.0000,0.0000,19.810,-3.557,-0.242,-7.293,0.0591,-0.0098,0.9995,
96.008,IMU,-17.5539,-10.6390,-14.0964,0.0000,0.0000,19.810,-3.569,-0.243,-7.307,0.0674,0.0146,0.9971,
96.023,ENC,-17.5539,-10.6390,-14.0964,0.0000,0.0000,19.810,-3.569,-0.243,-7.307,0.0674,0.0146,0.9971,
96.028,IMU,-17.5539,-10.6390,-14.0964,0.0000,0.0000,19.810,-3.591,-0.218,-7.300,0.0659,-0.0098,0.9756,
96.045,ENC,-17.5539,-10.6390,-14.0964,0.0000,0.0000,19.810,-3.591,-0.218,-7.300,0.0659,-0.0098,0.9756,
96.048,IMU,-17.5539,-10.6390,-14.0964,0.0000,0.0000,19.810,-3.590,-0.202,-7.293,0.0576,-0.0088,0.9951,
96.064,ENC,-17.5539,-10.6390,-14.0964,0.0000,0.0000,19.810,-3.590,-0.202,-7.293,0.0576,-0.0088,0.9951,
96.068,IMU,-17.5539,-10.6390,-14.0964,0.0000,0.0000,19.810,-3.615,-0.181,-7.321,0.0635,-0.0049,0.9932,
96.084,ENC,-17.5539,-10.6390,-14.0964,0.0000,0.0000,19.810,-3.615,-0.181,-7.321,0.0635,-0.0049,0.9932,
96.089,IMU,-17.5539,-10.6390,-14.0964,0.0000,0.0000,19.810,-3.567,-0.207,-7.333,0.0649,-0.0078,1.0059,
96.103,ENC,-17.5539,-10.6390,-14.0964,0.0000,0.0000,19.810,-3.567,-0.207,-7.333,0.0649,-0.0078,1.0059,
96.108,IMU,-17.5539,-10.6390,-14.0964,0.0000,0.0000,19.810,-3.553,-0.231,-7.358,0.0571,-0.0054,0.9956,
96.123,ENC,-17.5539,-10.6390,-14.0964,0.0000,0.0000,19.810,-3.553,-0.231,-7.358,0.0571,-0.0054,0.9956,
96.128,IMU,-17.5539,-10.6390,-14.0964,0.0000,0.0000,19.810,-3.582,-0.228,-7.388,0.0571,-0.0063,0.9912,
96.143,ENC,-17.5539,-10.6390,-14.0964,0.0000,0.0000,19.810,-3.582,-0.228,-7.388,0.0571,-0.0063,0.9912,
96.148,IMU,-17.5539,-10.6390,-14.0964,0.0000,0.0000,19.810,-3.595,-0.238,-7.369,0.0532,0.0005,0.9893,
96.164,ENC,-17.5539,-10.6390,-14.0964,0.0000,0.0000,19.810,-3.595,-0.238,-7.369,0.0532,0.0005,0.9893,
96.168,IMU,-17.5539,-10.6390,-14.0964,0.0000,0.0000,19.810,-3.623,-0.238,-7.349,0.0601,-0.0020,0.9873,
96.183,ENC,-17.5539,-10.6390,-14.0964,0.0000,0.0000,19.810,-3.623,-0.238,-7.349,0.0601,-0.0020,0.9873,
96.188,IMU,-17.5539,-10.6390,-14.0964,0.0000,0.0000,19.810,-3.566,-0.254,-7.413,0.0439,0.0000,0.9907,
96.203,ENC,-17.5539,-10.6390,-14.0964,0.0000,0.0000,19.810,-3.566,-0.254,-7.413,0.0439,0.0000,0.9907,
96.208,IMU,-17.5539,-10.6390,-14.0964,0.0000,0.0000,19.810,-3.527,-0.271,-7.385,0.0430,-0.0029,0.9985,
96.223,ENC,-17.5539,-10.6390,-14.0964,0.0000,0.0000,19.810,-3.527,-0.271,-7.385,0.0430,-0.0029,0.9985,
96.228,IMU,-17.5539,-10.6390,-14.0964,0.0000,0.0000,19.810,-3.516,-0.286,-7.379,0.0557,0.0024,0.9932,
96.243,ENC,-17.5539,-10.6390,-14.0964,0.0000,0.0000,19.810,-3.516,-0.286,-7.379,0.0557,0.0024,0.9932,
96.248,IMU,-17.5539,-10.6390,-14.0964,0.0000,0.0000,19.810,-3.519,-0.300,-7.345,0.0625,-0.0005,0.9849,
96.263,ENC,-17.5539,-10.6390,-14.0964,0.0000,0.0000,19.810,-3.519,-0.300,-7.345,0.0625,-0.0005,0.9849,
96.268,IMU,-17.5539,-10.6390,-14.0964,0.0000,0.0000,19.810,-3.535,-0.334,-7.362,0.0625,-0.0044,1.0049,
96.283,ENC,-17.5539,-10.6390,-14.0964,0.0000,0.0000,19.810,-3.535,-0.334,-7.362,0.0625,-0.0044,1.0049,
96.288,IMU,-17.5539,-10.6390,-14.0964,0.0000,0.0000,19.810,-3.544,-0.329,-7.402,0.0522,-0.0098,0.9888,
96.303,ENC,-17.5539,-10.6390,-14.0964,0.0000,0.0000,19.810,-3.544,-0.329,-7.402,0.0522,-0.0098,0.9888,
96.309,IMU,-17.5539,-10.6390,-14.0964,0.0000,0.0000,19.810,-3.577,-0.274,-7.418,0.0659,0.0073,0.9971,
96.323,ENC,-17.5539,-10.6390,-14.0964,0.0000,0.0000,19.810,-3.577,-0.274,-7.418,0.0659,0.0073,0.9971,
96.328,IMU,-17.5539,-10.6390,-14.0964,0.0000,0.0000,19.810,-3.579,-0.252,-7.437,0.0640,-0.0068,1.0010,
96.343,ENC,-17.5539,-10.6390,-14.0964,0.0000,0.0000,19.810,-3.579,-0.252,-7.437,0.0640,-0.0068,1.0010,
96.349,IMU,-17.5539,-10.6390,-14.0964,0.0000,0.0000,19.810,-3.609,-0.294,-7.451,0.0601,-0.0078,0.9849,
96.363,ENC,-17.5539,-10.6390,-14.0964,0.0000,0.0000,19.810,-3.609,-0.294,-7.451,0.0601,-0.0078,0.9849,
96.369,IMU,-17.5539,-10.6390,-14.0964,0.0000,0.0000,19.810,-3.647,-0.309,-7.501,0.0581,-0.0024,1.0029,
96.383,ENC,-17.5539,-10.6390,-14.0964,0.0000,0.0000,19.810,-3.647,-0.309,-7.501,0.0581,-0.0024,1.0029,
96.388,IMU,-17.5539,-10.6390,-14.0964,0.0000,0.0000,19.810,-3.623,-0.305,-7.495,0.0625,0.0078,0.9912,
96.404,ENC,-17.5539,-10.6390,-14.0964,0.0000,0.0000,19.810,-3.623,-0.305,-7.495,0.0625,0.0078,0.9912,
96.408,IMU,-17.5539,-10.6390,-14.0964,0.0000,0.0000,19.810,-3.651,-0.292,-7.513,0.0664,0.0020,0.9961,
96.425,ENC,-17.5539,-10.6390,-14.0964,0.0000,0.0000,19.810,-3.651,-0.292,-7.513,0.0664,0.0020,0.9961,
96.428,IMU,-17.5539,-10.6390,-14.0964,0.0000,0.0000,19.810,-3.628,-0.289,-7.522,0.0674,-0.0063,0.9897,
96.443,ENC,-17.5539,-10.6390,-14.0964,0.0000,0.0000,19.810,-3.628,-0.289,-7.522,0.0674,-0.0063,0.9897,
96.456,IMU,-17.5539,-10.6390,-14.0964,0.0000,0.0000,19.810,-3.661,-0.308,-7.519,0.0674,-0.0098,0.9893,
96.467,ENC,-17.5539,-10.6390,-14.0964,0.0000,0.0000,19.810,-3.661,-0.308,-7.519,0.0674,-0.0098,0.9893,
96.469,IMU,-17.5539,-10.6390,-14.0964,0.0000,0.0000,19.810,-3.619,-0.302,-7.499,0.0566,-0.0039,1.0015,
96.483,ENC,-17.5539,-10.6373,-14.0956,0.0000,0.0852,19.814,-3.619,-0.302,-7.499,0.0566,-0.0039,1.0015,
96.488,IMU,-17.5539,-10.6373,-14.0956,0.0000,0.0852,19.814,-3.611,-0.298,-7.525,0.0625,0.0010,0.9951,
96.503,ENC,-17.5539,-10.6390,-14.0964,0.0000,-0.0852,19.810,-3.611,-0.298,-7.525,0.0625,0.0010,0.9951,
96.508,IMU,-17.5539,-10.6390,-14.0964,0.0000,-0.0852,19.810,-3.607,-0.264,-7.508,0.0498,0.0059,0.9976,
96.523,ENC,-17.5539,-10.6390,-14.0964,0.0000,0.0000,19.810,-3.607,-0.264,-7.508,0.0498,0.0059,0.9976,
96.529,IMU,-17.5539,-10.6390,-14.0964,0.0000,0.0000,19.810,-3.587,-0.294,-7.472,0.0635,-0.0103,1.0029,
96.543,ENC,-17.5539,-10.6390,-14.0964,0.0000,0.0000,19.810,-3.587,-0.294,-7.472,0.0635,-0.0103,1.0029,
96.549,IMU,-17.5539,-10.6390,-14.0964,0.0000,0.0000,19.810,-3.574,-0.318,-7.442,0.0688,-0.0200,0.9888,
96.563,ENC,-17.5539,-10.6390,-14.0964,0.0000,0.0000,19.810,-3.574,-0.318,-7.442,0.0688,-0.0200,0.9888,
96.570,IMU,-17.5539,-10.6390,-14.0964,0.0000,0.0000,19.810,-3.639,-0.351,-7.503,0.0591,-0.0151,0.9883,
96.584,ENC,-17.5539,-10.6390,-14.0964,0.0000,0.0000,19.810,-3.639,-0.351,-7.503,0.0591,-0.0151,0.9883,
96.588,IMU,-17.5539,-10.6390,-14.0964,0.0000,0.0000,19.810,-3.607,-0.359,-7.511,0.0581,-0.0073,0.9932,
96.603,ENC,-17.5539,-10.6390,-14.0964,0.0000,0.0000,19.810,-3.607,-0.359,-7.511,0.0581,-0.0073,0.9932,
96.609,IMU,-17.5539,-10.6390,-14.0964,0.0000,0.0000,19.810,-3.611,-0.348,-7.496,0.0581,-0.0073,0.9839,
96.623,ENC,-17.5539,-10.6390,-14.0964,0.0000,0.0000,19.810,-3.611,-0.348,-7.496,0.0581,-0.0073,0.9839,
96.631,IMU,-17.5539,-10.6390,-14.0964,0.0000,0.0000,19.810,-3.597,-0.313,-7.498,0.0542,0.0103,1.0020,
96.643,ENC,-17.5539,-10.6390,-14.0964,0.0000,0.0000,19.810,-3.597,-0.313,-7.498,0.0542,0.0103,1.0020,
96.649,IMU,-17.5539,-10.6390,-14.0964,0.0000,0.0000,19.810,-3.623,-0.292,-7.506,0.0630,-0.0142,1.0010,
96.663,ENC,-17.5539,-10.6390,-14.0964,0.0000,0.0000,19.810,-3.623,-0.292,-7.506,0.0630,-0.0142,1.0010,
96.668,IMU,-17.5539,-10.6390,-14.0964,0.0000,0.0000,19.810,-3.644,-0.296,-7.512,0.0762,-0.0132,0.9902,
96.683,ENC,-17.5539,-10.6390,-14.0964,0.0000,0.0000,19.810,-3.644,-0.296,-7.512,0.0762,-0.0132,0.9902,
96.688,IMU,-17.5539,-10.6390,-14.0964,0.0000,0.0000,19.810,-3.645,-0.313,-7.514,0.0542,-0.0107,0.9888,
96.703,ENC,-17.5539,-10.6390,-14.0964,0.0000,0.0000,19.810,-3.645,-0.313,-7.514,0.0542,-0.0107,0.9888,
96.708,IMU,-17.5539,-10.6390,-14.0964,0.0000,0.0000,19.810,-3.612,-0.308,-7.541,0.0557,-0.0005,0.9922,
96.723,ENC,-17.5539,-10.6390,-14.0964,0.0000,0.0000,19.810,-3.612,-0.308,-7.541,0.0557,-0.0005,0.9922,
96.728,IMU,-17.5539,-10.6390,-14.0964,0.0000,0.0000,19.810,-3.627,-0.273,-7.527,0.0537,-0.0024,0.9917,
96.743,ENC,-17.5539,-10.6390,-14.0964,0.0000,0.0000,19.810,-3.627,-0.273,-7.527,0.0537,-0.0024,0.9917,
96.748,IMU,-17.5539,-10.6390,-14.0964,0.0000,0.0000,19.810,-3.618,-0.270,-7.526,0.0610,-0.0049,1.0059,
96.763,ENC,-17.5539,-10.6390,-14.0964,0.0000,0.0000,19.810,-3.618,-0.270,-7.526,0.0610,-0.0049,1.0059,
96.768,IMU,-17.5539,-10.6390,-14.0964,0.0000,0.0000,19.810,-3.675,-0.252,-7.482,0.0742,-0.0151,0.9946,
96.783,ENC,-17.5539,-10.6390,-14.0964,0.0000,0.0000,19.810,-3.675,-0.252,-7.482,0.0742,-0.0151,0.9946,
96.788,IMU,-17.5539,-10.6390,-14.0964,0.0000,0.0000,19.810,-3.690,-0.240,-7.488,0.0483,-0.0039,0.9995,
96.803,ENC,-17.5539,-10.6390,-14.0964,0.0000,0.0000,19.810,-3.690,-0.240,-7.488,0.0483,-0.0039,0.9995,
96.809,IMU,-17.5539,-10.6390,-14.0964,0.0000,0.0000,19.810,-3.645,-0.242,-7.525,0.0547,-0.0078,0.9961,
96.823,ENC,-17.5539,-10.6373,-14.0956,0.0000,0.0852,19.814,-3.645,-0.242,-7.525,0.0547,-0.0078,0.9961,
96.828,IMU,-17.5539,-10.6373,-14.0956,0.0000,0.0852,19.814,-3.636,-0.252,-7.542,0.0708,-0.0161,1.0029,
96.843,ENC,-17.5539,-10.6390,-14.0964,0.0000,-0.0852,19.810,-3.636,-0.252,-7.542,0.0708,-0.0161,1.0029,
96.848,IMU,-17.5539,-10.6390,-14.0964,0.0000,-0.0852,19.810,-3.606,-0.240,-7.527,0.0620,-0.0034,0.9956,
96.863,ENC,-17.5539,-10.6390,-14.0964,0.0000,0.0000,19.810,-3.606,-0.240,-7.527,0.0620,-0.0034,0.9956,
96.869,IMU,-17.5539,-10.6390,-14.0964,0.0000,0.0000,19.810,-3.683,-0.245,-7.540,0.0713,-0.0044,0.9868,
96.883,ENC,-17.5539,-10.6390,-14.0964,0.0000,0.0000,19.810,-3.683,-0.245,-7.540,0.0713,-0.0044,0.9868,
96.888,IMU,-17.5539,-10.6390,-14.0964,0.0000,0.0000,19.810,-3.686,-0.244,-7.587,0.0649,-0.0044,0.9946,
96.903,ENC,-17.5539,-10.6390,-14.0964,0.0000,0.0000,19.810,-3.686,-0.244,-7.587,0.0649,-0.0044,0.9946,
96.908,IMU,-17.5539,-10.6390,-14.0964,0.0000,0.0000,19.810,-3.724,-0.240,-7.553,0.0762,0.0015,0.9946,
96.923,ENC,-17.5539,-10.6390,-14.0964,0.0000,0.0000,19.810,-3.724,-0.240,-7.553,0.0762,0.0015,0.9946,
96.928,IMU,-17.5539,-10.6390,-14.0964,0.0000,0.0000,19.810,-3.705,-0.246,-7.566,0.0571,-0.0005,1.0068,
96.943,ENC,-17.5539,-10.6390,-14.0964,0.0000,0.0000,19.810,-3.705,-0.246,-7.566,0.0571,-0.0005,1.0068,
96.948,IMU,-17.5539,-10.6390,-14.0964,0.0000,0.0000,19.810,-3.668,-0.235,-7.594,0.0615,-0.0146,1.0005,
96.964,ENC,-17.5539,-10.6390,-14.0964,0.0000,0.0000,19.810,-3.668,-0.235,-7.594,0.0615,-0.0146,1.0005,
96.969,IMU,-17.5539,-10.6390,-14.0964,0.0000,0.0000,19.810,-3.732,-0.271,-7.577,0.0635,-0.0039,1.0122,
96.983,ENC,-17.5539,-10.6390,-14.0964,0.0000,0.0000,19.810,-3.732,-0.271,-7.577,0.0635,-0.0039,1.0122,
96.988,IMU,-17.5539,-10.6390,-14.0964,0.0000,0.0000,19.810,-3.748,-0.281,-7.611,0.0601,0.0020,0.9927,
97.003,ENC,-17.5539,-10.6390,-14.0964,0.0000,0.0000,19.810,-3.748,-0.281,-7.611,0.0601,0.0020,0.9927,
97.008,IMU,-17.5539,-10.6390,-14.0964,0.0000,0.0000,19.810,-3.780,-0.279,-7.605,0.0747,-0.0020,0.9956,
