time_s,source,dist_l_in,dist_r_in,dist_avg_in,speed_l_in_s,speed_r_in_s,enc_heading_deg,pitch_deg,roll_deg,yaw_deg,acc_x_g,acc_y_g,acc_z_g,note
0.014,ENC,297.9025,0.0000,148.9512,0.0000,0.0000,-853.428,-4.744,-0.457,-471.921,0.0000,0.0000,0.0000,
0.017,IMU,297.9025,0.0000,148.9512,0.0000,0.0000,-853.428,-4.629,-0.515,-471.962,0.0854,-0.0078,1.0015,
0.029,ENC,297.9008,0.0000,148.9504,-0.0852,0.0000,-853.423,-4.629,-0.515,-471.962,0.0854,-0.0078,1.0015,
0.037,IMU,297.9008,0.0000,148.9504,-0.0852,0.0000,-853.423,-4.608,-0.507,-471.996,0.0864,0.0015,0.9961,
0.055,ENC,297.9025,0.0000,148.9512,0.0852,0.0000,-853.428,-4.608,-0.507,-471.996,0.0864,0.0015,0.9961,
0.059,IMU,297.9025,0.0000,148.9512,0.0852,0.0000,-853.428,-4.624,-0.525,-472.011,0.0757,-0.0039,1.0146,
0.069,ENC,297.9025,0.0000,148.9512,0.0000,0.0000,-853.428,-4.624,-0.525,-472.011,0.0757,-0.0039,1.0146,
0.076,IMU,297.9025,0.0000,148.9512,0.0000,0.0000,-853.428,-4.598,-0.531,-471.992,0.0771,-0.0137,1.0122,
0.089,ENC,297.9025,0.0000,148.9512,0.0000,0.0000,-853.428,-4.598,-0.531,-471.992,0.0771,-0.0137,1.0122,
0.097,IMU,297.9025,0.0000,148.9512,0.0000,0.0000,-853.428,-4.600,-0.475,-471.999,0.0742,0.0083,1.0005,
0.110,ENC,297.9008,0.0000,148.9504,-0.0852,0.0000,-853.423,-4.600,-0.475,-471.999,0.0742,0.0083,1.0005,
0.117,IMU,297.9008,0.0000,148.9504,-0.0852,0.0000,-853.423,-4.588,-0.475,-471.989,0.0762,-0.0098,1.0029,
0.129,ENC,297.9008,0.0000,148.9504,0.0000,0.0000,-853.423,-4.588,-0.475,-471.989,0.0762,-0.0098,1.0029,
0.140,IMU,297.9008,0.0000,148.9504,0.0000,0.0000,-853.423,-4.535,-0.493,-471.993,0.0732,-0.0044,1.0073,
0.149,ENC,297.9008,0.0000,148.9504,0.0000,0.0000,-853.423,-4.535,-0.493,-471.993,0.0732,-0.0044,1.0073,
0.159,IMU,297.9008,0.0000,148.9504,0.0000,0.0000,-853.423,-4.536,-0.497,-472.004,0.0854,-0.0137,1.0039,
0.170,ENC,297.9025,0.0000,148.9512,0.0852,0.0000,-853.428,-4.536,-0.497,-472.004,0.0854,-0.0137,1.0039,
0.177,IMU,297.9025,0.0000,148.9512,0.0852,0.0000,-853.428,-4.516,-0.429,-472.006,0.0835,-0.0039,0.9985,
0.189,ENC,297.9025,0.0000,148.9512,0.0000,0.0000,-853.428,-4.516,-0.429,-472.006,0.0835,-0.0039,0.9985,
0.197,IMU,297.9025,0.0000,148.9512,0.0000,0.0000,-853.428,-4.550,-0.412,-471.998,0.0830,0.0024,1.0132,
0.209,ENC,297.9025,0.0000,148.9512,0.0000,0.0000,-853.428,-4.550,-0.412,-471.998,0.0830,0.0024,1.0132,
0.219,IMU,297.9025,0.0000,148.9512,0.0000,0.0000,-853.428,-4.530,-0.404,-471.989,0.0771,0.0005,1.0112,
0.229,ENC,297.9025,0.0000,148.9512,0.0000,0.0000,-853.428,-4.530,-0.404,-471.989,0.0771,0.0005,1.0112,
0.237,IMU,297.9025,0.0000,148.9512,0.0000,0.0000,-853.428,-4.581,-0.397,-471.977,0.0942,-0.0034,0.9951,
0.249,ENC,297.9025,0.0000,148.9512,0.0000,0.0000,-853.428,-4.581,-0.397,-471.977,0.0942,-0.0034,0.9951,
0.269,ENC,297.9025,0.0000,148.9512,0.0000,0.0000,-853.428,-4.581,-0.397,-471.977,0.0942,-0.0034,0.9951,
0.277,IMU,297.9025,0.0000,148.9512,0.0000,0.0000,-853.428,-4.527,-0.382,-471.945,0.0757,-0.0068,0.9985,
0.290,ENC,297.9008,0.0000,148.9504,-0.0852,0.0000,-853.423,-4.527,-0.382,-471.945,0.0757,-0.0068,0.9985,
0.310,ENC,297.9025,0.0000,148.9512,0.0852,0.0000,-853.428,-4.527,-0.382,-471.945,0.0757,-0.0068,0.9985,
0.329,ENC,297.9025,0.0000,148.9512,0.0000,0.0000,-853.428,-4.527,-0.382,-471.945,0.0757,-0.0068,0.9985,
0.337,IMU,297.9025,0.0000,148.9512,0.0000,0.0000,-853.428,-4.582,-0.394,-472.072,0.0825,-0.0034,1.0186,
0.350,ENC,297.9025,0.0000,148.9512,0.0000,0.0000,-853.428,-4.582,-0.394,-472.072,0.0825,-0.0034,1.0186,
0.356,IMU,297.9025,0.0000,148.9512,0.0000,0.0000,-853.428,-4.601,-0.423,-472.073,0.0659,0.0010,1.0059,
0.374,ENC,297.9025,0.0000,148.9512,0.0000,0.0000,-853.428,-4.601,-0.423,-472.073,0.0659,0.0010,1.0059,
0.390,ENC,297.9025,0.1960,149.0492,0.0000,9.8004,-852.866,-4.601,-0.423,-472.073,0.0659,0.0010,1.0059,
0.409,ENC,297.9025,0.0000,148.9512,0.0000,-9.8004,-853.428,-4.601,-0.423,-472.073,0.0659,0.0010,1.0059,
0.417,IMU,297.9025,0.0000,148.9512,0.0000,-9.8004,-853.428,-4.675,-0.328,-472.194,0.0645,-0.0005,1.0093,
0.449,ENC,297.9025,0.0000,148.9512,0.0000,0.0000,-853.428,-4.675,-0.328,-472.194,0.0645,-0.0005,1.0093,
0.458,IMU,297.9025,0.0000,148.9512,0.0000,0.0000,-853.428,-4.579,-0.440,-472.216,0.0024,-0.0781,1.0010,
0.469,ENC,297.8974,0.0000,148.9487,-0.2557,0.0000,-853.413,-4.579,-0.440,-472.216,0.0024,-0.0781,1.0010,
0.491,ENC,297.8667,0.0000,148.9333,-1.5340,0.0000,-853.325,-4.579,-0.440,-472.216,0.0024,-0.0781,1.0010,
0.497,IMU,297.8667,0.0000,148.9333,-1.5340,0.0000,-853.325,-4.595,-0.407,-471.554,0.0830,-0.0405,0.9536,
0.510,ENC,297.7968,0.0000,148.8984,-3.4941,0.0000,-853.125,-4.595,-0.407,-471.554,0.0830,-0.0405,0.9536,
0.517,IMU,297.7968,0.0000,148.8984,-3.4941,0.0000,-853.125,-4.519,-0.437,-471.280,0.0132,-0.0396,1.1011,
0.529,ENC,297.7406,0.0000,148.8703,-2.8123,0.0000,-852.964,-4.519,-0.437,-471.280,0.0132,-0.0396,1.1011,
0.536,IMU,297.7406,0.0000,148.8703,-2.8123,0.0000,-852.964,-4.527,-0.393,-470.986,0.0889,0.0229,0.9639,
0.550,ENC,297.6690,0.0000,148.8345,-3.5793,0.0000,-852.759,-4.527,-0.393,-470.986,0.0889,0.0229,0.9639,
0.573,ENC,297.5957,0.0000,148.7978,-3.6645,0.0000,-852.549,-4.527,-0.393,-470.986,0.0889,0.0229,0.9639,
0.589,ENC,297.5173,0.0000,148.7586,-3.9202,0.0000,-852.324,-4.527,-0.393,-470.986,0.0889,0.0229,0.9639,
0.597,IMU,297.5173,0.0000,148.7586,-3.9202,0.0000,-852.324,-4.420,-0.332,-470.237,0.0391,0.0049,1.0566,
0.610,ENC,297.4406,0.0000,148.7203,-3.8350,0.0000,-852.104,-4.420,-0.332,-470.237,0.0391,0.0049,1.0566,
0.617,IMU,297.4406,0.0000,148.7203,-3.8350,0.0000,-852.104,-4.365,-0.279,-470.016,0.0542,0.0303,1.0020,
0.630,ENC,297.3622,0.0000,148.6811,-3.9202,0.0000,-851.880,-4.365,-0.279,-470.016,0.0542,0.0303,1.0020,
0.637,IMU,297.3622,0.0000,148.6811,-3.9202,0.0000,-851.880,-4.319,-0.319,-469.707,0.0225,-0.0537,0.9971,
0.649,ENC,297.2821,0.0000,148.6410,-4.0054,0.0000,-851.650,-4.319,-0.319,-469.707,0.0225,-0.0537,0.9971,
0.657,IMU,297.2821,0.0000,148.6410,-4.0054,0.0000,-851.650,-4.303,-0.228,-469.457,0.1016,0.0542,0.9868,
0.669,ENC,297.1986,0.0000,148.5993,-4.1758,0.0000,-851.411,-4.303,-0.228,-469.457,0.1016,0.0542,0.9868,
0.676,IMU,297.1986,0.0000,148.5993,-4.1758,0.0000,-851.411,-4.257,-0.215,-469.196,0.0469,0.0049,0.9995,
0.690,ENC,297.1201,-0.2182,148.4510,-3.9202,-10.9083,-851.812,-4.257,-0.215,-469.196,0.0469,0.0049,0.9995,
0.697,IMU,297.1201,-0.2182,148.4510,-3.9202,-10.9083,-851.812,-4.247,-0.229,-468.971,0.0488,-0.0352,1.0249,
0.709,ENC,297.0298,0.0000,148.5149,-4.5167,10.9083,-850.928,-4.247,-0.229,-468.971,0.0488,-0.0352,1.0249,
0.717,IMU,297.0298,0.0000,148.5149,-4.5167,10.9083,-850.928,-4.219,-0.271,-468.761,0.0679,-0.0439,1.0122,
0.729,ENC,296.9463,0.0000,148.4731,-4.1758,0.0000,-850.688,-4.219,-0.271,-468.761,0.0679,-0.0439,1.0122,
0.749,ENC,296.8713,0.0000,148.4357,-3.7497,0.0000,-850.474,-4.219,-0.271,-468.761,0.0679,-0.0439,1.0122,
0.758,IMU,296.8713,0.0000,148.4357,-3.7497,0.0000,-850.474,-4.228,-0.163,-468.328,0.0747,0.0552,0.9839,
0.771,ENC,296.7997,0.0000,148.3999,-3.5793,0.0000,-850.269,-4.228,-0.163,-468.328,0.0747,0.0552,0.9839,
0.777,IMU,296.7997,0.0000,148.3999,-3.5793,0.0000,-850.269,-4.121,-0.121,-468.053,0.0420,0.0015,0.9800,
0.790,ENC,296.7213,0.0000,148.3607,-3.9202,0.0000,-850.044,-4.121,-0.121,-468.053,0.0420,0.0015,0.9800,
0.797,IMU,296.7213,0.0000,148.3607,-3.9202,0.0000,-850.044,-4.086,-0.046,-467.819,0.0732,0.0439,1.0308,
0.811,ENC,296.6361,0.0000,148.3180,-4.2611,0.0000,-849.800,-4.086,-0.046,-467.819,0.0732,0.0439,1.0308,
0.818,IMU,296.6361,0.0000,148.3180,-4.2611,0.0000,-849.800,-4.080,-0.049,-467.617,0.0874,-0.0264,1.0059,
0.831,ENC,296.5679,0.0000,148.2840,-3.4088,0.0000,-849.604,-4.080,-0.049,-467.617,0.0874,-0.0264,1.0059,
0.837,IMU,296.5679,0.0000,148.2840,-3.4088,0.0000,-849.604,-4.178,-0.022,-467.368,0.1108,-0.0098,1.0166,
0.849,ENC,296.5014,0.0000,148.2507,-3.3236,0.0000,-849.414,-4.178,-0.022,-467.368,0.1108,-0.0098,1.0166,
0.857,IMU,296.5014,0.0000,148.2507,-3.3236,0.0000,-849.414,-4.131,-0.023,-467.105,0.0591,-0.0371,1.0352,
0.870,ENC,296.4213,0.0000,148.2107,-4.0054,0.0000,-849.185,-4.131,-0.023,-467.105,0.0591,-0.0371,1.0352,
0.877,IMU,296.4213,0.0000,148.2107,-4.0054,0.0000,-849.185,-4.107,0.073,-466.840,0.0903,0.0415,0.9653,
0.890,ENC,296.3344,0.0000,148.1672,-4.3463,0.0000,-848.936,-4.107,0.073,-466.840,0.0903,0.0415,0.9653,
0.899,IMU,296.3344,0.0000,148.1672,-4.3463,0.0000,-848.936,-4.071,0.063,-466.608,0.0527,-0.0503,0.9966,
0.909,ENC,296.2526,0.0000,148.1263,-4.0906,0.0000,-848.701,-4.071,0.063,-466.608,0.0527,-0.0503,0.9966,
0.929,ENC,296.1674,0.0000,148.0837,-4.2611,0.0000,-848.457,-4.071,0.063,-466.608,0.0527,-0.0503,0.9966,
0.949,ENC,296.0736,0.0000,148.0368,-4.6872,0.0000,-848.188,-4.071,0.063,-466.608,0.0527,-0.0503,0.9966,
0.969,ENC,295.9816,0.0000,147.9908,-4.6019,0.0000,-847.925,-4.071,0.063,-466.608,0.0527,-0.0503,0.9966,
0.977,IMU,295.9816,0.0000,147.9908,-4.6019,0.0000,-847.925,-4.198,0.018,-465.553,0.0962,-0.0347,0.9863,
0.989,ENC,295.8861,-0.2182,147.8340,-4.7724,-10.9083,-848.276,-4.198,0.018,-465.553,0.0962,-0.0347,0.9863,
0.997,IMU,295.8861,-0.2182,147.8340,-4.7724,-10.9083,-848.276,-4.229,0.054,-465.272,0.0674,-0.0093,1.0747,
1.009,ENC,295.7941,0.0000,147.8971,-4.6019,10.9083,-847.388,-4.229,0.054,-465.272,0.0674,-0.0093,1.0747,
1.031,ENC,295.7038,0.0000,147.8519,-4.5167,0.0000,-847.129,-4.229,0.054,-465.272,0.0674,-0.0093,1.0747,
1.038,IMU,295.7038,0.0000,147.8519,-4.5167,0.0000,-847.129,-4.360,0.133,-464.762,0.1040,0.0181,1.0020,
1.049,ENC,295.6186,0.0000,147.8093,-4.2611,0.0000,-846.885,-4.360,0.133,-464.762,0.1040,0.0181,1.0020,
1.069,ENC,295.5367,0.0000,147.7684,-4.0906,0.0000,-846.650,-4.360,0.133,-464.762,0.1040,0.0181,1.0020,
1.079,IMU,295.5367,0.0000,147.7684,-4.0906,0.0000,-846.650,-4.341,0.240,-464.498,0.0884,0.0034,1.0322,
1.090,ENC,295.4532,0.0000,147.7266,-4.1758,0.0000,-846.411,-4.341,0.240,-464.498,0.0884,0.0034,1.0322,
1.097,IMU,295.4532,0.0000,147.7266,-4.1758,0.0000,-846.411,-4.335,0.296,-464.308,0.0664,0.0142,0.9995,
1.109,ENC,295.3765,0.0000,147.6883,-3.8350,0.0000,-846.191,-4.335,0.296,-464.308,0.0664,0.0142,0.9995,
1.117,IMU,295.3765,0.0000,147.6883,-3.8350,0.0000,-846.191,-4.286,0.289,-464.083,0.0552,-0.0005,0.9966,
1.130,ENC,295.2981,0.0000,147.6491,-3.9202,0.0000,-845.967,-4.286,0.289,-464.083,0.0552,-0.0005,0.9966,
1.137,IMU,295.2981,0.0000,147.6491,-3.9202,0.0000,-845.967,-4.220,0.295,-463.875,0.0034,0.0234,1.0342,
1.149,ENC,295.2180,0.0000,147.6090,-4.0054,0.0000,-845.737,-4.220,0.295,-463.875,0.0034,0.0234,1.0342,
1.157,IMU,295.2180,0.0000,147.6090,-4.0054,0.0000,-845.737,-4.207,0.293,-463.662,0.0586,0.0078,0.9673,
1.171,ENC,295.1294,0.0000,147.5647,-4.4315,0.0000,-845.483,-4.207,0.293,-463.662,0.0586,0.0078,0.9673,
1.177,IMU,295.1294,0.0000,147.5647,-4.4315,0.0000,-845.483,-4.255,0.294,-463.439,0.1079,-0.0063,1.0347,
1.191,ENC,295.0544,0.0000,147.5272,-3.7497,0.0000,-845.269,-4.255,0.294,-463.439,0.1079,-0.0063,1.0347,
1.197,IMU,295.0544,0.0000,147.5272,-3.7497,0.0000,-845.269,-4.332,0.305,-463.224,0.1479,-0.0112,1.0049,
1.209,ENC,294.9879,0.0000,147.4940,-3.3236,0.0000,-845.078,-4.332,0.305,-463.224,0.1479,-0.0112,1.0049,
1.217,IMU,294.9879,0.0000,147.4940,-3.3236,0.0000,-845.078,-4.301,0.324,-463.086,0.0796,-0.0083,0.9614,
1.229,ENC,294.9249,0.0000,147.4624,-3.1532,0.0000,-844.897,-4.301,0.324,-463.086,0.0796,-0.0083,0.9614,
1.237,IMU,294.9249,0.0000,147.4624,-3.1532,0.0000,-844.897,-4.283,0.279,-462.952,0.1069,-0.0308,1.0264,
1.249,ENC,294.8618,0.0000,147.4309,-3.1532,0.0000,-844.717,-4.283,0.279,-462.952,0.1069,-0.0308,1.0264,
1.257,IMU,294.8618,0.0000,147.4309,-3.1532,0.0000,-844.717,-4.304,0.259,-462.780,0.0947,-0.0112,1.0015,
1.278,IMU,294.8618,0.0000,147.4309,-3.1532,0.0000,-844.717,-4.286,0.225,-462.649,0.0957,-0.0103,1.0054,
1.292,ENC,294.7595,0.0000,147.3798,-2.5566,0.0000,-844.424,-4.286,0.225,-462.649,0.0957,-0.0103,1.0054,
1.299,IMU,294.7595,0.0000,147.3798,-2.5566,0.0000,-844.424,-4.282,0.275,-462.515,0.1016,0.0288,1.0015,
1.312,ENC,294.7118,0.0000,147.3559,-2.3862,0.0000,-844.287,-4.282,0.275,-462.515,0.1016,0.0288,1.0015,
1.317,IMU,294.7118,0.0000,147.3559,-2.3862,0.0000,-844.287,-4.248,0.377,-462.364,0.0522,0.0410,1.0098,
1.329,ENC,294.6590,0.0000,147.3295,-2.6419,0.0000,-844.136,-4.248,0.377,-462.364,0.0522,0.0410,1.0098,
1.338,IMU,294.6590,0.0000,147.3295,-2.6419,0.0000,-844.136,-4.249,0.382,-462.230,0.0688,-0.0024,0.9937,
1.354,ENC,294.6112,0.0000,147.3056,-2.3862,0.0000,-843.999,-4.249,0.382,-462.230,0.0688,-0.0024,0.9937,
1.358,IMU,294.6112,0.0000,147.3056,-2.3862,0.0000,-843.999,-4.279,0.347,-462.107,0.0913,-0.0068,1.0151,
1.373,ENC,294.5737,0.0000,147.2869,-1.8749,0.0000,-843.892,-4.279,0.347,-462.107,0.0913,-0.0068,1.0151,
1.377,IMU,294.5737,0.0000,147.2869,-1.8749,0.0000,-843.892,-4.329,0.381,-461.948,0.1304,0.0210,1.0229,
1.390,ENC,294.5328,0.0000,147.2664,-2.0453,0.0000,-843.774,-4.329,0.381,-461.948,0.1304,0.0210,1.0229,
1.398,IMU,294.5328,0.0000,147.2664,-2.0453,0.0000,-843.774,-4.400,0.384,-461.807,0.1021,-0.0093,1.0410,
1.410,ENC,294.4953,0.0000,147.2477,-1.8749,0.0000,-843.667,-4.400,0.384,-461.807,0.1021,-0.0093,1.0410,
1.417,IMU,294.4953,0.0000,147.2477,-1.8749,0.0000,-843.667,-4.474,0.385,-461.718,0.1060,-0.0176,0.9570,
1.429,ENC,294.4664,0.0000,147.2332,-1.4488,0.0000,-843.584,-4.474,0.385,-461.718,0.1060,-0.0176,0.9570,
1.440,IMU,294.4664,0.0000,147.2332,-1.4488,0.0000,-843.584,-4.510,0.382,-461.630,0.0718,-0.0352,1.0078,
1.449,ENC,294.4374,0.0000,147.2187,-1.4488,0.0000,-843.501,-4.510,0.382,-461.630,0.0718,-0.0352,1.0078,
1.470,ENC,294.4118,0.0000,147.2059,-1.2783,0.0000,-843.428,-4.510,0.382,-461.630,0.0718,-0.0352,1.0078,
1.477,IMU,294.4118,0.0000,147.2059,-1.2783,0.0000,-843.428,-4.410,0.457,-461.459,0.0942,0.0430,0.9663,
1.493,ENC,294.3863,0.0000,147.1931,-1.2783,0.0000,-843.354,-4.410,0.457,-461.459,0.0942,0.0430,0.9663,
1.509,ENC,294.3590,0.0000,147.1795,-1.3635,0.0000,-843.276,-4.410,0.457,-461.459,0.0942,0.0430,0.9663,
1.516,IMU,294.3590,0.0000,147.1795,-1.3635,0.0000,-843.276,-4.388,0.435,-461.229,0.0718,0.0068,1.0142,
1.529,ENC,294.3368,0.0000,147.1684,-1.1079,0.0000,-843.213,-4.388,0.435,-461.229,0.0718,0.0068,1.0142,
1.537,IMU,294.3368,0.0000,147.1684,-1.1079,0.0000,-843.213,-4.374,0.433,-461.131,0.0850,0.0176,1.0225,
1.550,ENC,294.3061,0.0000,147.1531,-1.5340,0.0000,-843.125,-4.374,0.433,-461.131,0.0850,0.0176,1.0225,
1.557,IMU,294.3061,0.0000,147.1531,-1.5340,0.0000,-843.125,-4.397,0.414,-461.028,0.0679,-0.0278,0.9907,
1.569,ENC,294.2857,0.0000,147.1428,-1.0227,0.0000,-843.066,-4.397,0.414,-461.028,0.0679,-0.0278,0.9907,
1.577,IMU,294.2857,0.0000,147.1428,-1.0227,0.0000,-843.066,-4.382,0.415,-460.944,0.0830,0.0264,1.0503,
1.589,ENC,294.2533,0.0000,147.1267,-1.6192,0.0000,-842.974,-4.382,0.415,-460.944,0.0830,0.0264,1.0503,
1.597,IMU,294.2533,0.0000,147.1267,-1.6192,0.0000,-842.974,-4.470,0.482,-460.887,0.1045,0.0068,0.9907,
1.610,ENC,294.2397,0.0000,147.1198,-0.6818,0.0000,-842.935,-4.470,0.482,-460.887,0.1045,0.0068,0.9907,
1.617,IMU,294.2397,0.0000,147.1198,-0.6818,0.0000,-842.935,-4.526,0.494,-460.833,0.1235,0.0098,1.0293,
1.629,ENC,294.2329,0.0000,147.1164,-0.3409,0.0000,-842.915,-4.526,0.494,-460.833,0.1235,0.0098,1.0293,
1.636,IMU,294.2329,0.0000,147.1164,-0.3409,0.0000,-842.915,-4.494,0.540,-460.802,0.0786,0.0400,1.0000,
1.654,ENC,294.2022,0.0000,147.1011,-1.5340,0.0000,-842.827,-4.494,0.540,-460.802,0.0786,0.0400,1.0000,
1.669,ENC,294.1868,0.0000,147.0934,-0.7670,0.0000,-842.783,-4.494,0.540,-460.802,0.0786,0.0400,1.0000,
1.676,IMU,294.1868,0.0000,147.0934,-0.7670,0.0000,-842.783,-4.513,0.505,-460.642,0.0801,-0.0024,0.9980,
1.689,ENC,294.1902,0.0000,147.0951,0.1704,0.0000,-842.793,-4.513,0.505,-460.642,0.0801,-0.0024,0.9980,
1.697,IMU,294.1902,0.0000,147.0951,0.1704,0.0000,-842.793,-4.579,0.555,-460.645,0.1387,0.0215,1.0244,
1.709,ENC,294.1868,0.0000,147.0934,-0.1704,0.0000,-842.783,-4.579,0.555,-460.645,0.1387,0.0215,1.0244,
1.717,IMU,294.1868,0.0000,147.0934,-0.1704,0.0000,-842.783,-4.547,0.537,-460.665,0.0557,-0.0156,0.9688,
1.729,ENC,294.1885,0.0000,147.0943,0.0852,0.0000,-842.788,-4.547,0.537,-460.665,0.0557,-0.0156,0.9688,
1.749,ENC,294.1885,0.0000,147.0943,0.0000,0.0000,-842.788,-4.547,0.537,-460.665,0.0557,-0.0156,0.9688,
1.770,ENC,294.1834,0.0000,147.0917,-0.2557,0.0000,-842.773,-4.547,0.537,-460.665,0.0557,-0.0156,0.9688,
1.777,IMU,294.1834,0.0000,147.0917,-0.2557,0.0000,-842.773,-4.430,0.408,-460.560,0.0522,-0.0093,1.0244,
1.793,ENC,294.1681,0.0000,147.0840,-0.7670,0.0000,-842.729,-4.430,0.408,-460.560,0.0522,-0.0093,1.0244,
1.797,IMU,294.1681,0.0000,147.0840,-0.7670,0.0000,-842.729,-4.357,0.355,-460.522,0.0273,-0.0122,0.9902,
1.810,ENC,294.1596,0.0000,147.0798,-0.4261,0.0000,-842.705,-4.357,0.355,-460.522,0.0273,-0.0122,0.9902,
1.817,IMU,294.1596,0.0000,147.0798,-0.4261,0.0000,-842.705,-4.374,0.258,-460.434,0.1021,-0.0669,0.9331,
1.831,ENC,294.1664,0.0000,147.0832,0.3409,0.0000,-842.725,-4.374,0.258,-460.434,0.1021,-0.0669,0.9331,
1.837,IMU,294.1664,0.0000,147.0832,0.3409,0.0000,-842.725,-4.418,0.116,-460.353,0.0938,-0.0840,1.0322,
1.849,ENC,294.1783,0.0000,147.0892,0.5965,0.0000,-842.759,-4.418,0.116,-460.353,0.0938,-0.0840,1.0322,
1.858,IMU,294.1783,0.0000,147.0892,0.5965,0.0000,-842.759,-4.413,-0.061,-460.273,0.0923,-0.1045,1.0054,
1.870,ENC,294.1885,0.0000,147.0943,0.5113,0.0000,-842.788,-4.413,-0.061,-460.273,0.0923,-0.1045,1.0054,
1.889,ENC,294.2124,0.0000,147.1062,1.1931,0.0000,-842.856,-4.413,-0.061,-460.273,0.0923,-0.1045,1.0054,
1.897,IMU,294.2124,0.0000,147.1062,1.1931,0.0000,-842.856,-4.325,-0.279,-460.069,-0.0054,-0.0757,1.0322,
1.910,ENC,294.2414,0.1636,147.2025,1.4488,8.1812,-842.471,-4.325,-0.279,-460.069,-0.0054,-0.0757,1.0322,
1.917,IMU,294.2414,0.1636,147.2025,1.4488,8.1812,-842.471,-4.250,-0.406,-459.898,0.0103,-0.1064,1.0762,
1.930,ENC,294.2652,0.0000,147.1326,1.1931,-8.1812,-843.008,-4.250,-0.406,-459.898,0.0103,-0.1064,1.0762,
1.937,IMU,294.2652,0.0000,147.1326,1.1931,-8.1812,-843.008,-4.292,-0.469,-459.670,0.1279,-0.0830,0.9844,
1.950,ENC,294.2908,0.0000,147.1454,1.2783,0.0000,-843.081,-4.292,-0.469,-459.670,0.1279,-0.0830,0.9844,
1.960,IMU,294.2908,0.0000,147.1454,1.2783,0.0000,-843.081,-4.343,-0.556,-459.399,0.0635,-0.1304,1.0801,
1.971,ENC,294.3249,0.0000,147.1624,1.7044,0.0000,-843.179,-4.343,-0.556,-459.399,0.0635,-0.1304,1.0801,
1.978,IMU,294.3249,0.0000,147.1624,1.7044,0.0000,-843.179,-4.281,-0.745,-459.183,0.0269,-0.1958,1.0054,
1.989,ENC,294.3709,0.0000,147.1855,2.3010,0.0000,-843.311,-4.281,-0.745,-459.183,0.0269,-0.1958,1.0054,
1.997,IMU,294.3709,0.0000,147.1855,2.3010,0.0000,-843.311,-4.238,-0.928,-458.978,0.0259,-0.2012,0.9917,
2.009,ENC,294.4220,0.0000,147.2110,2.5566,0.0000,-843.457,-4.238,-0.928,-458.978,0.0259,-0.2012,0.9917,
2.017,IMU,294.4220,0.0000,147.2110,2.5566,0.0000,-843.457,-4.230,-0.872,-458.780,0.1040,0.0947,0.9995,
2.030,ENC,294.4885,0.0000,147.2443,3.3236,0.0000,-843.647,-4.230,-0.872,-458.780,0.1040,0.0947,0.9995,
2.037,IMU,294.4885,0.0000,147.2443,3.3236,0.0000,-843.647,-4.283,-0.934,-458.615,0.0854,-0.0957,1.0537,
2.052,ENC,294.5652,0.0000,147.2826,3.8350,0.0000,-843.867,-4.283,-0.934,-458.615,0.0854,-0.0957,1.0537,
2.057,IMU,294.5652,0.0000,147.2826,3.8350,0.0000,-843.867,-4.227,-1.043,-458.461,0.0420,-0.1421,1.0835,
2.069,ENC,294.6521,0.0000,147.3261,4.3463,0.0000,-844.116,-4.227,-1.043,-458.461,0.0420,-0.1421,1.0835,
2.078,IMU,294.6521,0.0000,147.3261,4.3463,0.0000,-844.116,-4.361,-1.221,-458.329,0.1470,-0.1646,0.9629,
2.089,ENC,294.7595,0.0000,147.3798,5.3689,0.0000,-844.424,-4.361,-1.221,-458.329,0.1470,-0.1646,0.9629,
2.097,IMU,294.7595,0.0000,147.3798,5.3689,0.0000,-844.424,-4.405,-1.368,-458.298,0.0649,-0.1816,1.0186,
2.110,ENC,294.8874,0.0000,147.4437,6.3916,0.0000,-844.790,-4.405,-1.368,-458.298,0.0649,-0.1816,1.0186,
2.117,IMU,294.8874,0.0000,147.4437,6.3916,0.0000,-844.790,-4.438,-1.422,-458.305,0.1279,-0.0747,0.9990,
2.130,ENC,295.0476,0.0000,147.5238,8.0108,0.0000,-845.249,-4.438,-1.422,-458.305,0.1279,-0.0747,0.9990,
2.137,IMU,295.0476,0.0000,147.5238,8.0108,0.0000,-845.249,-4.458,-1.404,-458.274,0.1328,0.0288,0.9834,
2.149,ENC,295.2197,0.0000,147.6099,8.6073,0.0000,-845.742,-4.458,-1.404,-458.274,0.1328,0.0288,0.9834,
2.157,IMU,295.2197,0.0000,147.6099,8.6073,0.0000,-845.742,-4.462,-1.391,-458.319,0.0527,0.0269,0.9517,
2.172,ENC,295.3987,0.0000,147.6993,8.9482,0.0000,-846.255,-4.462,-1.391,-458.319,0.0527,0.0269,0.9517,
2.177,IMU,295.3987,0.0000,147.6993,8.9482,0.0000,-846.255,-4.456,-1.480,-458.314,0.0068,-0.1045,1.1284,
2.189,ENC,295.5776,0.0000,147.7888,8.9482,0.0000,-846.768,-4.456,-1.480,-458.314,0.0068,-0.1045,1.1284,
2.196,IMU,295.5776,0.0000,147.7888,8.9482,0.0000,-846.768,-4.405,-1.402,-458.279,0.0449,0.0645,1.0610,
2.210,ENC,295.7430,0.0000,147.8715,8.2665,0.0000,-847.241,-4.405,-1.402,-458.279,0.0449,0.0645,1.0610,
2.217,IMU,295.7430,0.0000,147.8715,8.2665,0.0000,-847.241,-4.443,-1.454,-458.252,0.0850,-0.1157,0.9897,
2.229,ENC,295.9185,0.0000,147.9593,8.7778,0.0000,-847.744,-4.443,-1.454,-458.252,0.0850,-0.1157,0.9897,
2.237,IMU,295.9185,0.0000,147.9593,8.7778,0.0000,-847.744,-4.476,-1.443,-458.230,0.1411,0.0366,1.0596,
2.249,ENC,296.0839,0.0000,148.0419,8.2665,0.0000,-848.218,-4.476,-1.443,-458.230,0.1411,0.0366,1.0596,
2.257,IMU,296.0839,0.0000,148.0419,8.2665,0.0000,-848.218,-4.457,-1.323,-458.274,0.0928,0.0386,0.9302,
2.269,ENC,296.2492,0.0000,148.1246,8.2665,0.0000,-848.691,-4.457,-1.323,-458.274,0.0928,0.0386,0.9302,
2.277,IMU,296.2492,0.0000,148.1246,8.2665,0.0000,-848.691,-4.443,-1.216,-458.299,0.0591,0.0898,1.1260,
2.289,ENC,296.4145,0.0000,148.2073,8.2665,0.0000,-849.165,-4.443,-1.216,-458.299,0.0591,0.0898,1.1260,
2.297,IMU,296.4145,0.0000,148.2073,8.2665,0.0000,-849.165,-4.469,-1.159,-458.325,0.0815,0.0615,1.0669,
2.309,ENC,296.5815,0.0000,148.2908,8.3517,0.0000,-849.644,-4.469,-1.159,-458.325,0.0815,0.0615,1.0669,
2.319,IMU,296.5815,0.0000,148.2908,8.3517,0.0000,-849.644,-4.548,-1.095,-458.377,0.1230,0.0181,0.9116,
2.329,ENC,296.7435,0.0000,148.3717,8.0960,0.0000,-850.107,-4.548,-1.095,-458.377,0.1230,0.0181,0.9116,
2.337,IMU,296.7435,0.0000,148.3717,8.0960,0.0000,-850.107,-4.517,-1.134,-458.421,0.0405,-0.0088,0.9883,
2.349,ENC,296.9003,0.0000,148.4501,7.8403,0.0000,-850.557,-4.517,-1.134,-458.421,0.0405,-0.0088,0.9883,
2.358,IMU,296.9003,0.0000,148.4501,7.8403,0.0000,-850.557,-4.517,-1.109,-458.452,0.0293,-0.0176,1.0845,
2.370,ENC,297.0639,0.0000,148.5320,8.1812,0.0000,-851.025,-4.517,-1.109,-458.452,0.0293,-0.0176,1.0845,
2.377,IMU,297.0639,0.0000,148.5320,8.1812,0.0000,-851.025,-4.551,-1.123,-458.455,0.0806,-0.0098,1.0698,
2.389,ENC,297.2292,0.0000,148.6146,8.2665,0.0000,-851.499,-4.551,-1.123,-458.455,0.0806,-0.0098,1.0698,
2.397,IMU,297.2292,0.0000,148.6146,8.2665,0.0000,-851.499,-4.568,-1.085,-458.411,0.1133,-0.0117,1.0112,
2.409,ENC,297.3912,0.0000,148.6956,8.0960,0.0000,-851.963,-4.568,-1.085,-458.411,0.1133,-0.0117,1.0112,
2.417,IMU,297.3912,0.0000,148.6956,8.0960,0.0000,-851.963,-4.524,-1.090,-458.376,0.0723,-0.0063,1.0415,
2.429,ENC,297.5531,0.0000,148.7765,8.0960,0.0000,-852.427,-4.524,-1.090,-458.376,0.0723,-0.0063,1.0415,
2.437,IMU,297.5531,0.0000,148.7765,8.0960,0.0000,-852.427,-4.510,-1.084,-458.366,0.1045,0.0166,0.9766,
2.449,ENC,297.7099,0.0000,148.8549,7.8403,0.0000,-852.876,-4.510,-1.084,-458.366,0.1045,0.0166,0.9766,
2.456,IMU,297.7099,0.0000,148.8549,7.8403,0.0000,-852.876,-4.625,-1.063,-458.322,0.1519,0.0117,1.0767,
2.470,ENC,297.8718,0.0000,148.9359,8.0960,0.0000,-853.340,-4.625,-1.063,-458.322,0.1519,0.0117,1.0767,
2.482,IMU,297.8718,0.0000,148.9359,8.0960,0.0000,-853.340,-4.679,-1.104,-458.272,0.1860,-0.0581,0.9912,
2.490,ENC,298.0303,0.0000,149.0152,7.9256,0.0000,-853.794,-4.679,-1.104,-458.272,0.1860,-0.0581,0.9912,
2.497,IMU,298.0303,0.0000,149.0152,7.9256,0.0000,-853.794,-4.608,-1.038,-458.277,0.0215,0.0020,0.9834,
2.510,ENC,298.2008,0.0000,149.1004,8.5221,0.0000,-854.282,-4.608,-1.038,-458.277,0.0215,0.0020,0.9834,
2.517,IMU,298.2008,0.0000,149.1004,8.5221,0.0000,-854.282,-4.637,-1.032,-458.330,0.0464,-0.0049,1.0366,
2.529,ENC,298.3644,0.0000,149.1822,8.1812,0.0000,-854.751,-4.637,-1.032,-458.330,0.0464,-0.0049,1.0366,
2.537,IMU,298.3644,0.0000,149.1822,8.1812,0.0000,-854.751,-4.581,-0.991,-458.348,0.0142,0.0127,1.0518,
2.553,ENC,298.5212,0.0000,149.2606,7.8403,0.0000,-855.200,-4.581,-0.991,-458.348,0.0142,0.0127,1.0518,
2.569,ENC,298.6695,0.0000,149.3347,7.4142,0.0000,-855.625,-4.581,-0.991,-458.348,0.0142,0.0127,1.0518,
2.577,IMU,298.6695,0.0000,149.3347,7.4142,0.0000,-855.625,-4.485,-0.901,-458.485,0.0132,0.0693,1.0410,
2.590,ENC,298.8195,0.0000,149.4097,7.4995,0.0000,-856.055,-4.485,-0.901,-458.485,0.0132,0.0693,1.0410,
2.597,IMU,298.8195,0.0000,149.4097,7.4995,0.0000,-856.055,-4.399,-0.981,-458.460,-0.0200,-0.0269,1.0127,
2.610,ENC,298.9643,0.0000,149.4822,7.2438,0.0000,-856.470,-4.399,-0.981,-458.460,-0.0200,-0.0269,1.0127,
2.618,IMU,298.9643,0.0000,149.4822,7.2438,0.0000,-856.470,-4.343,-0.996,-458.480,0.0181,-0.0254,1.0752,
2.629,ENC,299.0939,0.0000,149.5469,6.4768,0.0000,-856.841,-4.343,-0.996,-458.480,0.0181,-0.0254,1.0752,
2.637,IMU,299.0939,0.0000,149.5469,6.4768,0.0000,-856.841,-4.432,-1.046,-458.464,0.1729,-0.0366,0.8828,
2.649,ENC,299.2541,0.0000,149.6270,8.0108,0.0000,-857.300,-4.432,-1.046,-458.464,0.1729,-0.0366,0.8828,
2.658,IMU,299.2541,0.0000,149.6270,8.0108,0.0000,-857.300,-4.405,-1.177,-458.505,0.0815,-0.0874,0.9785,
2.669,ENC,299.4177,0.0000,149.7089,8.1812,0.0000,-857.769,-4.405,-1.177,-458.505,0.0815,-0.0874,0.9785,
2.678,IMU,299.4177,0.0000,149.7089,8.1812,0.0000,-857.769,-4.405,-1.223,-458.507,0.0435,-0.0664,0.9863,
2.691,ENC,299.5728,0.0000,149.7864,7.7551,0.0000,-858.213,-4.405,-1.223,-458.507,0.0435,-0.0664,0.9863,
2.697,IMU,299.5728,0.0000,149.7864,7.7551,0.0000,-858.213,-4.390,-1.223,-458.571,0.0747,-0.0342,1.0161,
2.709,ENC,299.7177,0.0000,149.8588,7.2438,0.0000,-858.628,-4.390,-1.223,-458.571,0.0747,-0.0342,1.0161,
2.724,IMU,299.7177,0.0000,149.8588,7.2438,0.0000,-858.628,-4.397,-1.189,-458.632,0.0649,-0.0474,0.9888,
2.729,ENC,299.8523,0.0000,149.9262,6.7325,0.0000,-859.014,-4.397,-1.189,-458.632,0.0649,-0.0474,0.9888,
2.737,IMU,299.8523,0.0000,149.9262,6.7325,0.0000,-859.014,-4.359,-1.287,-458.623,0.0356,-0.0571,0.9302,
2.750,ENC,299.9870,0.0000,149.9935,6.7325,0.0000,-859.399,-4.359,-1.287,-458.623,0.0356,-0.0571,0.9302,
2.756,IMU,299.9870,0.0000,149.9935,6.7325,0.0000,-859.399,-4.417,-1.336,-458.625,0.1206,-0.0718,0.9209,
2.769,ENC,300.1029,0.0000,150.0514,5.7950,0.0000,-859.731,-4.417,-1.336,-458.625,0.1206,-0.0718,0.9209,
2.779,IMU,300.1029,0.0000,150.0514,5.7950,0.0000,-859.731,-4.369,-1.259,-458.575,0.0405,0.0669,0.9951,
2.790,ENC,300.2222,0.0000,150.1111,5.9655,0.0000,-860.073,-4.369,-1.259,-458.575,0.0405,0.0669,0.9951,
2.797,IMU,300.2222,0.0000,150.1111,5.9655,0.0000,-860.073,-4.519,-1.156,-458.510,0.1479,0.0605,1.0205,
2.809,ENC,300.3483,0.0000,150.1742,6.3064,0.0000,-860.435,-4.519,-1.156,-458.510,0.1479,0.0605,1.0205,
2.819,IMU,300.3483,0.0000,150.1742,6.3064,0.0000,-860.435,-4.517,-1.065,-458.487,0.0493,0.0737,1.0625,
2.830,ENC,300.4796,0.0000,150.2398,6.5620,0.0000,-860.811,-4.517,-1.065,-458.487,0.0493,0.0737,1.0625,
2.837,IMU,300.4796,0.0000,150.2398,6.5620,0.0000,-860.811,-4.518,-1.014,-458.494,0.0879,0.0005,0.9351,
2.849,ENC,300.6091,0.0000,150.3046,6.4768,0.0000,-861.182,-4.518,-1.014,-458.494,0.0879,0.0005,0.9351,
2.858,IMU,300.6091,0.0000,150.3046,6.4768,0.0000,-861.182,-4.600,-0.985,-458.525,0.1357,0.0342,0.9849,
2.872,ENC,300.7523,0.0000,150.3761,7.1586,0.0000,-861.592,-4.600,-0.985,-458.525,0.1357,0.0342,0.9849,
2.877,IMU,300.7523,0.0000,150.3761,7.1586,0.0000,-861.592,-4.602,-1.051,-458.564,0.0806,-0.0752,1.0635,
2.890,ENC,300.9040,0.0000,150.4520,7.5847,0.0000,-862.026,-4.602,-1.051,-458.564,0.0806,-0.0752,1.0635,
2.899,IMU,300.9040,0.0000,150.4520,7.5847,0.0000,-862.026,-4.640,-1.147,-458.665,0.1270,-0.0986,1.0942,
2.909,ENC,301.0863,0.0000,150.5432,9.1187,0.0000,-862.549,-4.640,-1.147,-458.665,0.1270,-0.0986,1.0942,
2.917,IMU,301.0863,0.0000,150.5432,9.1187,0.0000,-862.549,-4.614,-1.041,-458.721,0.0352,0.0430,1.0830,
2.929,ENC,301.2551,0.0000,150.6275,8.4369,0.0000,-863.032,-4.614,-1.041,-458.721,0.0352,0.0430,1.0830,
2.937,IMU,301.2551,0.0000,150.6275,8.4369,0.0000,-863.032,-4.686,-1.124,-458.825,0.1323,-0.0601,0.9517,
2.950,ENC,301.4340,0.0000,150.7170,8.9482,0.0000,-863.545,-4.686,-1.124,-458.825,0.1323,-0.0601,0.9517,
2.956,IMU,301.4340,0.0000,150.7170,8.9482,0.0000,-863.545,-4.679,-1.084,-458.888,0.0732,0.0161,1.0391,
2.969,ENC,301.6113,0.0000,150.8057,8.8630,0.0000,-864.053,-4.679,-1.084,-458.888,0.0732,0.0161,1.0391,
2.977,IMU,301.6113,0.0000,150.8057,8.8630,0.0000,-864.053,-4.674,-1.073,-458.966,0.0977,0.0103,0.8784,
2.989,ENC,301.7954,0.0000,150.8977,9.2039,0.0000,-864.580,-4.674,-1.073,-458.966,0.0977,0.0103,0.8784,
2.997,IMU,301.7954,0.0000,150.8977,9.2039,0.0000,-864.580,-4.706,-1.096,-458.968,0.1016,-0.0171,0.8672,
3.013,ENC,301.9778,0.0000,150.9889,9.1187,0.0000,-865.103,-4.706,-1.096,-458.968,0.1016,-0.0171,0.8672,
3.017,IMU,301.9778,0.0000,150.9889,9.1187,0.0000,-865.103,-4.757,-1.309,-458.991,0.1450,-0.1548,0.8911,
3.030,ENC,302.1635,0.0000,151.0818,9.2891,0.0000,-865.635,-4.757,-1.309,-458.991,0.1450,-0.1548,0.8911,
3.038,IMU,302.1635,0.0000,151.0818,9.2891,0.0000,-865.635,-4.685,-1.429,-459.009,0.0415,-0.0923,1.0166,
3.051,ENC,302.3612,0.0000,151.1806,9.8857,0.0000,-866.201,-4.685,-1.429,-459.009,0.0415,-0.0923,1.0166,
3.058,IMU,302.3612,0.0000,151.1806,9.8857,0.0000,-866.201,-4.675,-1.447,-459.029,0.0933,-0.0718,0.9561,
3.069,ENC,302.5624,0.0000,151.2812,10.0561,0.0000,-866.777,-4.675,-1.447,-459.029,0.0933,-0.0718,0.9561,
3.077,IMU,302.5624,0.0000,151.2812,10.0561,0.0000,-866.777,-4.752,-1.395,-458.993,0.1362,0.0366,0.9795,
3.089,ENC,302.7669,0.0000,151.3835,10.2265,0.0000,-867.363,-4.752,-1.395,-458.993,0.1362,0.0366,0.9795,
3.097,IMU,302.7669,0.0000,151.3835,10.2265,0.0000,-867.363,-4.708,-1.336,-459.016,0.0908,0.0640,1.0811,
3.109,ENC,302.9646,0.0000,151.4823,9.8857,0.0000,-867.930,-4.708,-1.336,-459.016,0.0908,0.0640,1.0811,
3.117,IMU,302.9646,0.0000,151.4823,9.8857,0.0000,-867.930,-4.602,-1.339,-459.058,-0.0405,0.0229,1.0308,
3.130,ENC,303.1623,0.0000,151.5812,9.8857,0.0000,-868.496,-4.602,-1.339,-459.058,-0.0405,0.0229,1.0308,
3.137,IMU,303.1623,0.0000,151.5812,9.8857,0.0000,-868.496,-4.681,-1.397,-459.038,0.1240,-0.0278,0.8530,
3.149,ENC,303.3413,0.0000,151.6706,8.9482,0.0000,-869.009,-4.681,-1.397,-459.038,0.1240,-0.0278,0.8530,
3.158,IMU,303.3413,0.0000,151.6706,8.9482,0.0000,-869.009,-4.656,-1.429,-459.043,0.0410,-0.0244,1.0352,
3.169,ENC,303.5254,0.0000,151.7627,9.2039,0.0000,-869.536,-4.656,-1.429,-459.043,0.0410,-0.0244,1.0352,
3.177,IMU,303.5254,0.0000,151.7627,9.2039,0.0000,-869.536,-4.657,-1.253,-459.059,0.0205,0.1143,1.0576,
3.190,ENC,303.7077,0.0000,151.8539,9.1187,0.0000,-870.059,-4.657,-1.253,-459.059,0.0205,0.1143,1.0576,
3.213,ENC,303.8884,0.0000,151.9442,9.0334,0.0000,-870.576,-4.657,-1.253,-459.059,0.0205,0.1143,1.0576,
3.218,IMU,303.8884,0.0000,151.9442,9.0334,0.0000,-870.576,-4.595,-1.347,-458.923,0.0864,-0.0791,1.0215,
3.230,ENC,304.0708,0.0000,152.0354,9.1187,0.0000,-871.099,-4.595,-1.347,-458.923,0.0864,-0.0791,1.0215,
3.237,IMU,304.0708,0.0000,152.0354,9.1187,0.0000,-871.099,-4.642,-1.265,-458.927,0.1064,0.0015,1.0571,
3.249,ENC,304.2634,0.0000,152.1317,9.6300,0.0000,-871.650,-4.642,-1.265,-458.927,0.1064,0.0015,1.0571,
3.257,IMU,304.2634,0.0000,152.1317,9.6300,0.0000,-871.650,-4.521,-1.228,-458.941,-0.0337,0.0122,1.0962,
3.271,ENC,304.4679,0.0000,152.2340,10.2265,0.0000,-872.236,-4.521,-1.228,-458.941,-0.0337,0.0122,1.0962,
3.276,IMU,304.4679,0.0000,152.2340,10.2265,0.0000,-872.236,-4.567,-1.169,-458.969,0.1201,0.0317,1.0474,
3.289,ENC,304.6588,0.0000,152.3294,9.5448,0.0000,-872.783,-4.567,-1.169,-458.969,0.1201,0.0317,1.0474,
3.297,IMU,304.6588,0.0000,152.3294,9.5448,0.0000,-872.783,-4.496,-1.191,-458.951,-0.0269,-0.0850,1.1514,
3.309,ENC,304.8599,0.0000,152.4300,10.0561,0.0000,-873.359,-4.496,-1.191,-458.951,-0.0269,-0.0850,1.1514,
3.329,ENC,305.0594,0.0000,152.5297,9.9709,0.0000,-873.931,-4.496,-1.191,-458.951,-0.0269,-0.0850,1.1514,
3.338,IMU,305.0594,0.0000,152.5297,9.9709,0.0000,-873.931,-4.510,-1.097,-459.091,0.1240,-0.0083,0.9512,
3.350,ENC,305.2741,0.0000,152.6371,10.7379,0.0000,-874.546,-4.510,-1.097,-459.091,0.1240,-0.0083,0.9512,
3.358,IMU,305.2741,0.0000,152.6371,10.7379,0.0000,-874.546,-4.501,-1.093,-459.136,0.0806,0.0024,0.9229,
3.369,ENC,305.4838,0.0000,152.7419,10.4822,0.0000,-875.146,-4.501,-1.093,-459.136,0.0806,0.0024,0.9229,
3.377,IMU,305.4838,0.0000,152.7419,10.4822,0.0000,-875.146,-4.368,-1.167,-459.170,-0.0625,-0.0859,1.0327,
3.391,ENC,305.6866,0.0000,152.8433,10.1413,0.0000,-875.728,-4.368,-1.167,-459.170,-0.0625,-0.0859,1.0327,
3.397,IMU,305.6866,0.0000,152.8433,10.1413,0.0000,-875.728,-4.321,-1.142,-459.190,0.0845,0.0078,0.9512,
3.409,ENC,305.8945,0.0000,152.9473,10.3970,0.0000,-876.323,-4.321,-1.142,-459.190,0.0845,0.0078,0.9512,
3.417,IMU,305.8945,0.0000,152.9473,10.3970,0.0000,-876.323,-4.353,-1.171,-459.186,0.1157,-0.0254,0.9805,
3.430,ENC,306.1093,0.0000,153.0546,10.7379,0.0000,-876.938,-4.353,-1.171,-459.186,0.1157,-0.0254,0.9805,
3.437,IMU,306.1093,0.0000,153.0546,10.7379,0.0000,-876.938,-4.265,-1.078,-459.214,0.0142,0.0464,1.0400,
3.450,ENC,306.3189,0.0000,153.1595,10.4822,0.0000,-877.539,-4.265,-1.078,-459.214,0.0142,0.0464,1.0400,
3.458,IMU,306.3189,0.0000,153.1595,10.4822,0.0000,-877.539,-4.415,-1.174,-459.247,0.1558,-0.0737,0.9165,
3.469,ENC,306.5166,0.0000,153.2583,9.8857,0.0000,-878.105,-4.415,-1.174,-459.247,0.1558,-0.0737,0.9165,
3.477,IMU,306.5166,0.0000,153.2583,9.8857,0.0000,-878.105,-4.441,-1.272,-459.255,0.0913,-0.0942,0.9482,
3.494,ENC,306.7024,0.0000,153.3512,9.2891,0.0000,-878.638,-4.441,-1.272,-459.255,0.0913,-0.0942,0.9482,
3.497,IMU,306.7024,0.0000,153.3512,9.2891,0.0000,-878.638,-4.515,-1.268,-459.246,0.1587,0.0054,1.0093,
3.509,ENC,306.8899,0.0000,153.4450,9.3743,0.0000,-879.175,-4.515,-1.268,-459.246,0.1587,0.0054,1.0093,
3.517,IMU,306.8899,0.0000,153.4450,9.3743,0.0000,-879.175,-4.482,-1.338,-459.279,0.0005,-0.1021,1.0874,
3.529,ENC,307.0706,0.0000,153.5353,9.0334,0.0000,-879.692,-4.482,-1.338,-459.279,0.0005,-0.1021,1.0874,
3.538,IMU,307.0706,0.0000,153.5353,9.0334,0.0000,-879.692,-4.342,-1.394,-459.270,-0.0869,-0.1006,1.0542,
3.550,ENC,307.2410,0.0000,153.6205,8.5221,0.0000,-880.181,-4.342,-1.394,-459.270,-0.0869,-0.1006,1.0542,
3.557,IMU,307.2410,0.0000,153.6205,8.5221,0.0000,-880.181,-4.415,-1.365,-459.227,0.1016,-0.0225,1.0952,
3.571,ENC,307.4251,0.0000,153.7125,9.2039,0.0000,-880.708,-4.415,-1.365,-459.227,0.1016,-0.0225,1.0952,
3.578,IMU,307.4251,0.0000,153.7125,9.2039,0.0000,-880.708,-4.416,-1.330,-459.228,0.1025,0.0410,0.9673,
3.590,ENC,307.6092,0.0000,153.8046,9.2039,0.0000,-881.235,-4.416,-1.330,-459.228,0.1025,0.0410,0.9673,
3.609,ENC,307.7967,0.0000,153.8983,9.3743,0.0000,-881.772,-4.416,-1.330,-459.228,0.1025,0.0410,0.9673,
3.629,ENC,307.9824,0.0000,153.9912,9.2891,0.0000,-882.305,-4.416,-1.330,-459.228,0.1025,0.0410,0.9673,
3.639,IMU,307.9824,0.0000,153.9912,9.2891,0.0000,-882.305,-4.484,-1.343,-459.327,0.0317,-0.0474,0.9829,
3.649,ENC,308.1784,0.0000,154.0892,9.8004,0.0000,-882.866,-4.484,-1.343,-459.327,0.0317,-0.0474,0.9829,
3.657,IMU,308.1784,0.0000,154.0892,9.8004,0.0000,-882.866,-4.646,-1.428,-459.311,0.1719,-0.1069,0.8940,
3.672,ENC,308.3574,0.0000,154.1787,8.9482,0.0000,-883.379,-4.646,-1.428,-459.311,0.1719,-0.1069,0.8940,
3.677,IMU,308.3574,0.0000,154.1787,8.9482,0.0000,-883.379,-4.669,-1.544,-459.269,0.1274,-0.1030,0.8955,
3.689,ENC,308.5398,0.0000,154.2699,9.1187,0.0000,-883.901,-4.669,-1.544,-459.269,0.1274,-0.1030,0.8955,
3.726,ENC,308.7290,0.0000,154.3645,9.4595,0.0000,-884.443,-4.669,-1.544,-459.269,0.1274,-0.1030,0.8955,
3.730,ENC,308.9233,0.0000,154.4616,9.7152,0.0000,-885.000,-4.669,-1.544,-459.269,0.1274,-0.1030,0.8955,
3.736,IMU,308.9233,0.0000,154.4616,9.7152,0.0000,-885.000,-4.638,-1.502,-459.207,0.0522,0.0508,0.9756,
3.750,ENC,309.1261,0.0000,154.5631,10.1413,0.0000,-885.581,-4.638,-1.502,-459.207,0.0522,0.0508,0.9756,
3.757,IMU,309.1261,0.0000,154.5631,10.1413,0.0000,-885.581,-4.736,-1.428,-459.217,0.1348,0.0142,0.9478,
3.769,ENC,309.3323,0.0000,154.6662,10.3118,0.0000,-886.172,-4.736,-1.428,-459.217,0.1348,0.0142,0.9478,
3.777,IMU,309.3323,0.0000,154.6662,10.3118,0.0000,-886.172,-4.743,-1.478,-459.186,0.0713,-0.0713,0.9258,
3.789,ENC,309.5369,0.0000,154.7684,10.2265,0.0000,-886.758,-4.743,-1.478,-459.186,0.0713,-0.0713,0.9258,
3.797,IMU,309.5369,0.0000,154.7684,10.2265,0.0000,-886.758,-4.806,-1.582,-459.212,0.1318,-0.1406,0.9478,
3.809,ENC,309.7363,0.0000,154.8681,9.9709,0.0000,-887.329,-4.806,-1.582,-459.212,0.1318,-0.1406,0.9478,
3.818,IMU,309.7363,0.0000,154.8681,9.9709,0.0000,-887.329,-4.751,-1.639,-459.216,0.0020,-0.0747,0.9829,
3.829,ENC,309.9408,0.0000,154.9704,10.2265,0.0000,-887.915,-4.751,-1.639,-459.216,0.0020,-0.0747,0.9829,
3.837,IMU,309.9408,0.0000,154.9704,10.2265,0.0000,-887.915,-4.884,-1.573,-459.206,0.2212,0.0312,1.0669,
3.849,ENC,310.1232,0.0000,155.0616,9.1187,0.0000,-888.438,-4.884,-1.573,-459.206,0.2212,0.0312,1.0669,
3.857,IMU,310.1232,0.0000,155.0616,9.1187,0.0000,-888.438,-4.900,-1.628,-459.190,0.0708,-0.0669,0.9077,
3.869,ENC,310.2919,0.0000,155.1460,8.4369,0.0000,-888.921,-4.900,-1.628,-459.190,0.0708,-0.0669,0.9077,
3.878,IMU,310.2919,0.0000,155.1460,8.4369,0.0000,-888.921,-4.884,-1.566,-459.227,0.1152,0.0044,0.8789,
3.891,ENC,310.4760,0.0000,155.2380,9.2039,0.0000,-889.448,-4.884,-1.566,-459.227,0.1152,0.0044,0.8789,
3.896,IMU,310.4760,0.0000,155.2380,9.2039,0.0000,-889.448,-4.955,-1.451,-459.218,0.1323,0.0669,0.8853,
3.910,ENC,310.6464,0.0000,155.3232,8.5221,0.0000,-889.937,-4.955,-1.451,-459.218,0.1323,0.0669,0.8853,
3.917,IMU,310.6464,0.0000,155.3232,8.5221,0.0000,-889.937,-4.881,-1.412,-459.169,0.0244,0.0146,1.0562,
3.930,ENC,310.8101,0.0000,155.4050,8.1812,0.0000,-890.405,-4.881,-1.412,-459.169,0.0244,0.0146,1.0562,
3.937,IMU,310.8101,0.0000,155.4050,8.1812,0.0000,-890.405,-4.887,-1.476,-459.123,0.0781,-0.0811,0.9961,
3.949,ENC,310.9464,0.0000,155.4732,6.8177,0.0000,-890.796,-4.887,-1.476,-459.123,0.0781,-0.0811,0.9961,
3.956,IMU,310.9464,0.0000,155.4732,6.8177,0.0000,-890.796,-4.886,-1.406,-459.056,0.0869,0.0161,0.9390,
3.969,ENC,311.0794,0.0000,155.5397,6.6473,0.0000,-891.177,-4.886,-1.406,-459.056,0.0869,0.0161,0.9390,
3.977,IMU,311.0794,0.0000,155.5397,6.6473,0.0000,-891.177,-4.922,-1.358,-459.051,0.1089,-0.0107,1.0195,
3.989,ENC,311.2430,0.0000,155.6215,8.1812,0.0000,-891.646,-4.922,-1.358,-459.051,0.1089,-0.0107,1.0195,
3.997,IMU,311.2430,0.0000,155.6215,8.1812,0.0000,-891.646,-5.031,-1.231,-459.063,0.1631,0.0454,0.9844,
4.009,ENC,311.4117,0.0000,155.7059,8.4369,0.0000,-892.129,-5.031,-1.231,-459.063,0.1631,0.0454,0.9844,
4.017,IMU,311.4117,0.0000,155.7059,8.4369,0.0000,-892.129,-5.123,-1.331,-459.064,0.1436,-0.1221,0.9980,
4.029,ENC,311.5702,0.0000,155.7851,7.9256,0.0000,-892.583,-5.123,-1.331,-459.064,0.1436,-0.1221,0.9980,
4.037,IMU,311.5702,0.0000,155.7851,7.9256,0.0000,-892.583,-5.089,-1.305,-459.024,0.1108,-0.0083,0.9854,
4.050,ENC,311.7322,0.0000,155.8661,8.0960,0.0000,-893.047,-5.089,-1.305,-459.024,0.1108,-0.0083,0.9854,
4.057,IMU,311.7322,0.0000,155.8661,8.0960,0.0000,-893.047,-5.067,-1.291,-459.055,0.0596,-0.0542,0.9570,
4.073,ENC,311.8719,0.0000,155.9360,6.9881,0.0000,-893.447,-5.067,-1.291,-459.055,0.0596,-0.0542,0.9570,
4.077,IMU,311.8719,0.0000,155.9360,6.9881,0.0000,-893.447,-5.063,-1.207,-459.010,0.0845,0.0317,1.0322,
4.089,ENC,312.0236,0.0000,156.0118,7.5847,0.0000,-893.882,-5.063,-1.207,-459.010,0.0845,0.0317,1.0322,
4.097,IMU,312.0236,0.0000,156.0118,7.5847,0.0000,-893.882,-5.121,-1.088,-458.941,0.1196,0.0596,0.9414,
4.110,ENC,312.1634,0.0000,156.0817,6.9881,0.0000,-894.282,-5.121,-1.088,-458.941,0.1196,0.0596,0.9414,
4.117,IMU,312.1634,0.0000,156.0817,6.9881,0.0000,-894.282,-5.158,-1.077,-458.891,0.1040,-0.0029,0.9561,
4.129,ENC,312.3031,0.0000,156.1516,6.9881,0.0000,-894.683,-5.158,-1.077,-458.891,0.1040,-0.0029,0.9561,
4.137,IMU,312.3031,0.0000,156.1516,6.9881,0.0000,-894.683,-5.160,-1.046,-458.862,0.0845,-0.0298,1.0337,
4.149,ENC,312.4378,0.0000,156.2189,6.7325,0.0000,-895.068,-5.160,-1.046,-458.862,0.0845,-0.0298,1.0337,
4.157,IMU,312.4378,0.0000,156.2189,6.7325,0.0000,-895.068,-5.127,-0.948,-458.817,0.0161,-0.0127,1.0303,
4.169,ENC,312.5742,0.0000,156.2871,6.8177,0.0000,-895.459,-5.127,-0.948,-458.817,0.0161,-0.0127,1.0303,
4.177,IMU,312.5742,0.0000,156.2871,6.8177,0.0000,-895.459,-5.137,-0.916,-458.873,0.1030,0.0269,1.0244,
4.189,ENC,312.7105,0.0000,156.3553,6.8177,0.0000,-895.850,-5.137,-0.916,-458.873,0.1030,0.0269,1.0244,
4.204,IMU,312.7105,0.0000,156.3553,6.8177,0.0000,-895.850,-5.133,-0.741,-458.847,0.0474,0.1030,1.0947,
4.215,ENC,312.8486,0.0000,156.4243,6.9029,0.0000,-896.245,-5.133,-0.741,-458.847,0.0474,0.1030,1.0947,
4.218,IMU,312.8486,0.0000,156.4243,6.9029,0.0000,-896.245,-5.147,-0.833,-458.791,0.0518,-0.1118,1.0557,
4.230,ENC,312.9900,0.0000,156.4950,7.0734,0.0000,-896.650,-5.147,-0.833,-458.791,0.0518,-0.1118,1.0557,
4.237,IMU,312.9900,0.0000,156.4950,7.0734,0.0000,-896.650,-5.185,-0.865,-458.734,0.0688,-0.0439,1.0771,
4.251,ENC,313.1298,0.0000,156.5649,6.9881,0.0000,-897.051,-5.185,-0.865,-458.734,0.0688,-0.0439,1.0771,
4.257,IMU,313.1298,0.0000,156.5649,6.9881,0.0000,-897.051,-5.193,-0.857,-458.714,0.0859,0.0054,0.9038,
4.269,ENC,313.2696,0.0000,156.6348,6.9881,0.0000,-897.451,-5.193,-0.857,-458.714,0.0859,0.0054,0.9038,
4.277,IMU,313.2696,0.0000,156.6348,6.9881,0.0000,-897.451,-5.219,-0.738,-458.705,0.0732,0.0762,1.0273,
4.289,ENC,313.4144,0.0000,156.7072,7.2438,0.0000,-897.866,-5.219,-0.738,-458.705,0.0732,0.0762,1.0273,
4.297,IMU,313.4144,0.0000,156.7072,7.2438,0.0000,-897.866,-5.230,-0.684,-458.671,0.1392,0.0234,1.0273,
4.310,ENC,313.5354,0.0000,156.7677,6.0507,0.0000,-898.213,-5.230,-0.684,-458.671,0.1392,0.0234,1.0273,
4.317,IMU,313.5354,0.0000,156.7677,6.0507,0.0000,-898.213,-5.217,-0.516,-458.663,0.0645,0.0630,1.0127,
4.331,ENC,313.6684,0.0000,156.8342,6.6473,0.0000,-898.594,-5.217,-0.516,-458.663,0.0645,0.0630,1.0127,
4.339,IMU,313.6684,0.0000,156.8342,6.6473,0.0000,-898.594,-5.277,-0.376,-458.623,0.0713,0.0874,1.0151,
4.350,ENC,313.7894,0.0000,156.8947,6.0507,0.0000,-898.940,-5.277,-0.376,-458.623,0.0713,0.0874,1.0151,
4.357,IMU,313.7894,0.0000,156.8947,6.0507,0.0000,-898.940,-5.316,-0.294,-458.607,0.1455,0.0410,0.9990,
4.370,ENC,313.9189,0.0000,156.9595,6.4768,0.0000,-899.312,-5.316,-0.294,-458.607,0.1455,0.0410,0.9990,
4.377,IMU,313.9189,0.0000,156.9595,6.4768,0.0000,-899.312,-5.273,-0.317,-458.549,0.0605,0.0459,1.0601,
4.390,ENC,314.0314,0.0000,157.0157,5.6246,0.0000,-899.634,-5.273,-0.317,-458.549,0.0605,0.0459,1.0601,
4.396,IMU,314.0314,0.0000,157.0157,5.6246,0.0000,-899.634,-5.291,-0.312,-458.476,0.1235,0.0444,1.0757,
4.410,ENC,314.1439,0.0000,157.0720,5.6246,0.0000,-899.956,-5.291,-0.312,-458.476,0.1235,0.0444,1.0757,
4.417,IMU,314.1439,0.0000,157.0720,5.6246,0.0000,-899.956,-5.225,-0.316,-458.395,0.0366,-0.0132,0.9717,
4.429,ENC,314.2615,0.0000,157.1308,5.8803,0.0000,-900.293,-5.225,-0.316,-458.395,0.0366,-0.0132,0.9717,
4.436,IMU,314.2615,0.0000,157.1308,5.8803,0.0000,-900.293,-5.194,-0.279,-458.334,0.0195,-0.0024,1.0059,
4.450,ENC,314.3740,0.0000,157.1870,5.6246,0.0000,-900.615,-5.194,-0.279,-458.334,0.0195,-0.0024,1.0059,
4.458,IMU,314.3740,0.0000,157.1870,5.6246,0.0000,-900.615,-5.206,-0.195,-458.267,0.1362,0.0483,1.0459,
4.469,ENC,314.4899,0.0000,157.2450,5.7950,0.0000,-900.947,-5.206,-0.195,-458.267,0.1362,0.0483,1.0459,
4.477,IMU,314.4899,0.0000,157.2450,5.7950,0.0000,-900.947,-5.148,-0.294,-458.221,0.0615,-0.0317,1.0063,
4.491,ENC,314.6229,0.0000,157.3114,6.6473,0.0000,-901.328,-5.148,-0.294,-458.221,0.0615,-0.0317,1.0063,
4.496,IMU,314.6229,0.0000,157.3114,6.6473,0.0000,-901.328,-5.106,-0.459,-458.182,0.0889,-0.1626,1.0024,
4.509,ENC,314.7643,0.1960,157.4802,7.0734,9.8004,-901.172,-5.106,-0.459,-458.182,0.0889,-0.1626,1.0024,
4.520,IMU,314.7643,0.1960,157.4802,7.0734,9.8004,-901.172,-5.084,-0.519,-458.141,0.0464,-0.0493,1.0405,
4.530,ENC,314.9194,0.0000,157.4597,7.7551,-9.8004,-902.178,-5.084,-0.519,-458.141,0.0464,-0.0493,1.0405,
4.539,IMU,314.9194,0.0000,157.4597,7.7551,-9.8004,-902.178,-5.158,-0.453,-458.135,0.1494,0.0186,0.9546,
4.549,ENC,315.0694,0.0000,157.5347,7.4995,0.0000,-902.607,-5.158,-0.453,-458.135,0.1494,0.0186,0.9546,
4.560,IMU,315.0694,0.0000,157.5347,7.4995,0.0000,-902.607,-5.123,-0.343,-458.101,0.0625,0.0454,0.9653,
4.569,ENC,315.2194,0.0000,157.6097,7.4995,0.0000,-903.037,-5.123,-0.343,-458.101,0.0625,0.0454,0.9653,
4.577,IMU,315.2194,0.0000,157.6097,7.4995,0.0000,-903.037,-5.041,-0.338,-457.999,-0.0542,-0.0366,1.1357,
4.589,ENC,315.3524,0.0000,157.6762,6.6473,0.0000,-903.418,-5.041,-0.338,-457.999,-0.0542,-0.0366,1.1357,
4.598,IMU,315.3524,0.0000,157.6762,6.6473,0.0000,-903.418,-5.020,-0.255,-457.812,-0.0869,0.0664,1.2822,
4.609,ENC,315.4461,0.0000,157.7231,4.6872,0.0000,-903.687,-5.020,-0.255,-457.812,-0.0869,0.0664,1.2822,
4.617,IMU,315.4461,0.0000,157.7231,4.6872,0.0000,-903.687,-4.970,-0.140,-457.546,0.0747,0.0518,0.9746,
4.630,ENC,315.5058,0.0000,157.7529,2.9827,0.0000,-903.857,-4.970,-0.140,-457.546,0.0747,0.0518,0.9746,
4.638,IMU,315.5058,0.0000,157.7529,2.9827,0.0000,-903.857,-4.778,-0.052,-457.306,0.0283,0.0342,0.9526,
4.655,ENC,315.5501,0.0000,157.7750,2.2158,0.0000,-903.984,-4.778,-0.052,-457.306,0.0283,0.0342,0.9526,
4.659,IMU,315.5501,0.0000,157.7750,2.2158,0.0000,-903.984,-4.853,0.213,-456.981,0.1470,0.1406,0.8647,
4.669,ENC,315.5910,0.0000,157.7955,2.0453,0.0000,-904.102,-4.853,0.213,-456.981,0.1470,0.1406,0.8647,
4.677,IMU,315.5910,0.0000,157.7955,2.0453,0.0000,-904.102,-4.948,0.162,-456.741,0.0571,-0.1001,0.9844,
4.690,ENC,315.6251,0.0000,157.8125,1.7044,0.0000,-904.199,-4.948,0.162,-456.741,0.0571,-0.1001,0.9844,
4.697,IMU,315.6251,0.0000,157.8125,1.7044,0.0000,-904.199,-4.960,0.254,-456.471,0.0356,0.0278,1.0850,
4.710,ENC,315.6557,0.0000,157.8279,1.5340,0.0000,-904.287,-4.960,0.254,-456.471,0.0356,0.0278,1.0850,
4.717,IMU,315.6557,0.0000,157.8279,1.5340,0.0000,-904.287,-5.128,0.232,-456.240,0.1855,-0.0674,0.8154,
4.729,ENC,315.6796,0.0000,157.8398,1.1931,0.0000,-904.355,-5.128,0.232,-456.240,0.1855,-0.0674,0.8154,
4.737,IMU,315.6796,0.0000,157.8398,1.1931,0.0000,-904.355,-5.165,0.337,-456.016,0.0635,0.1001,1.1646,
4.749,ENC,315.6967,0.0000,157.8483,0.8522,0.0000,-904.404,-5.165,0.337,-456.016,0.0635,0.1001,1.1646,
4.757,IMU,315.6967,0.0000,157.8483,0.8522,0.0000,-904.404,-5.226,0.526,-455.841,0.1289,0.1138,0.9648,
4.769,ENC,315.6984,0.0000,157.8492,0.0852,0.0000,-904.409,-5.226,0.526,-455.841,0.1289,0.1138,0.9648,
4.777,IMU,315.6984,0.0000,157.8492,0.0852,0.0000,-904.409,-5.207,0.497,-455.653,0.0435,0.0454,0.9863,
4.789,ENC,315.6984,0.0000,157.8492,0.0000,0.0000,-904.409,-5.207,0.497,-455.653,0.0435,0.0454,0.9863,
4.797,IMU,315.6984,0.0000,157.8492,0.0000,0.0000,-904.409,-5.193,0.565,-455.526,0.0728,0.0654,1.0220,
4.810,ENC,315.7001,0.0000,157.8500,0.0852,0.0000,-904.414,-5.193,0.565,-455.526,0.0728,0.0654,1.0220,
4.817,IMU,315.7001,0.0000,157.8500,0.0852,0.0000,-904.414,-5.259,0.649,-455.504,0.1455,0.0547,1.0386,
4.829,ENC,315.7018,0.0000,157.8509,0.0852,0.0000,-904.419,-5.259,0.649,-455.504,0.1455,0.0547,1.0386,
4.837,IMU,315.7018,0.0000,157.8509,0.0852,0.0000,-904.419,-5.223,0.657,-455.433,0.0962,0.0796,1.0415,
4.850,ENC,315.7001,0.0000,157.8500,-0.0852,0.0000,-904.414,-5.223,0.657,-455.433,0.0962,0.0796,1.0415,
4.857,IMU,315.7001,0.0000,157.8500,-0.0852,0.0000,-904.414,-5.362,0.731,-455.340,0.1719,0.0522,0.9199,
4.872,ENC,315.6967,0.0000,157.8483,-0.1704,0.0000,-904.404,-5.362,0.731,-455.340,0.1719,0.0522,0.9199,
4.877,IMU,315.6967,0.0000,157.8483,-0.1704,0.0000,-904.404,-5.369,0.708,-455.271,0.0811,-0.0020,1.0234,
4.889,ENC,315.6847,0.0000,157.8424,-0.5965,0.0000,-904.370,-5.369,0.708,-455.271,0.0811,-0.0020,1.0234,
4.897,IMU,315.6847,0.0000,157.8424,-0.5965,0.0000,-904.370,-5.291,0.788,-455.214,0.0449,0.0615,1.0166,
4.910,ENC,315.6711,0.1824,157.9267,-0.6818,9.1187,-903.809,-5.291,0.788,-455.214,0.0449,0.0615,1.0166,
4.917,IMU,315.6711,0.1824,157.9267,-0.6818,9.1187,-903.809,-5.240,0.876,-455.028,0.0190,0.0923,0.9448,
4.930,ENC,315.6353,0.0000,157.8176,-1.7896,-9.1187,-904.229,-5.240,0.876,-455.028,0.0190,0.0923,0.9448,
4.937,IMU,315.6353,0.0000,157.8176,-1.7896,-9.1187,-904.229,-5.137,0.933,-454.824,0.0142,0.0732,0.9829,
4.949,ENC,315.5586,0.0000,157.7793,-3.8350,0.0000,-904.009,-5.137,0.933,-454.824,0.0142,0.0732,0.9829,
4.957,IMU,315.5586,0.0000,157.7793,-3.8350,0.0000,-904.009,-5.184,1.006,-454.530,0.0947,0.0781,0.9780,
4.972,ENC,315.4717,0.0000,157.7358,-4.3463,0.0000,-903.760,-5.184,1.006,-454.530,0.0947,0.0781,0.9780,
4.989,ENC,315.3711,0.0000,157.6856,-5.0280,0.0000,-903.472,-5.184,1.006,-454.530,0.0947,0.0781,0.9780,
4.999,IMU,315.3711,0.0000,157.6856,-5.0280,0.0000,-903.472,-5.220,0.982,-454.052,0.0918,0.0259,0.9976,
5.010,ENC,315.2552,0.0000,157.6276,-5.7950,0.0000,-903.140,-5.220,0.982,-454.052,0.0918,0.0259,0.9976,
5.017,IMU,315.2552,0.0000,157.6276,-5.7950,0.0000,-903.140,-5.237,0.990,-453.780,0.1113,-0.0200,1.0996,
5.030,ENC,315.1478,0.0000,157.5739,-5.3689,0.0000,-902.832,-5.237,0.990,-453.780,0.1113,-0.0200,1.0996,
5.037,IMU,315.1478,0.0000,157.5739,-5.3689,0.0000,-902.832,-5.202,0.999,-453.498,0.0737,0.0371,0.9673,
5.051,ENC,315.0285,0.0000,157.5143,-5.9655,0.0000,-902.490,-5.202,0.999,-453.498,0.0737,0.0371,0.9673,
5.058,IMU,315.0285,0.0000,157.5143,-5.9655,0.0000,-902.490,-5.174,0.887,-453.274,0.0532,-0.0791,1.0210,
5.070,ENC,314.9211,0.0000,157.4606,-5.3689,0.0000,-902.183,-5.174,0.887,-453.274,0.0532,-0.0791,1.0210,
5.077,IMU,314.9211,0.0000,157.4606,-5.3689,0.0000,-902.183,-5.194,0.836,-453.018,0.1050,-0.0371,1.0127,
5.089,ENC,314.8189,0.0000,157.4094,-5.1133,0.0000,-901.890,-5.194,0.836,-453.018,0.1050,-0.0371,1.0127,
5.097,IMU,314.8189,0.0000,157.4094,-5.1133,0.0000,-901.890,-5.149,0.766,-452.759,0.0488,0.0098,1.0586,
5.109,ENC,314.7200,0.0000,157.3600,-4.9428,0.0000,-901.606,-5.149,0.766,-452.759,0.0488,0.0098,1.0586,
5.117,IMU,314.7200,0.0000,157.3600,-4.9428,0.0000,-901.606,-5.218,0.706,-452.583,0.1416,-0.0073,0.9561,
5.135,ENC,314.6263,0.0000,157.3131,-4.6872,0.0000,-901.338,-5.218,0.706,-452.583,0.1416,-0.0073,0.9561,
5.138,IMU,314.6263,0.0000,157.3131,-4.6872,0.0000,-901.338,-5.233,0.629,-452.406,0.1470,-0.0713,0.9888,
5.149,ENC,314.5445,0.0000,157.2722,-4.0906,0.0000,-901.104,-5.233,0.629,-452.406,0.1470,-0.0713,0.9888,
5.157,IMU,314.5445,0.0000,157.2722,-4.0906,0.0000,-901.104,-5.202,0.633,-452.172,0.0796,-0.0083,1.0332,
5.170,ENC,314.4678,0.0000,157.2339,-3.8350,0.0000,-900.884,-5.202,0.633,-452.172,0.0796,-0.0083,1.0332,
5.177,IMU,314.4678,0.0000,157.2339,-3.8350,0.0000,-900.884,-5.136,0.694,-451.977,0.0303,0.0322,1.0371,
5.189,ENC,314.3774,0.0000,157.1887,-4.5167,0.0000,-900.625,-5.136,0.694,-451.977,0.0303,0.0322,1.0371,
5.197,IMU,314.3774,0.0000,157.1887,-4.5167,0.0000,-900.625,-5.068,0.625,-451.725,0.0273,-0.0742,0.9648,
5.210,ENC,314.3024,0.0000,157.1512,-3.7497,0.0000,-900.410,-5.068,0.625,-451.725,0.0273,-0.0742,0.9648,
5.217,IMU,314.3024,0.0000,157.1512,-3.7497,0.0000,-900.410,-5.052,0.582,-451.495,0.0693,-0.0303,1.0283,
5.229,ENC,314.2104,0.0000,157.1052,-4.6019,0.0000,-900.146,-5.052,0.582,-451.495,0.0693,-0.0303,1.0283,
5.239,IMU,314.2104,0.0000,157.1052,-4.6019,0.0000,-900.146,-4.999,0.536,-451.260,0.0566,-0.0728,0.9766,
5.250,ENC,314.1320,0.0000,157.0660,-3.9202,0.0000,-899.922,-4.999,0.536,-451.260,0.0566,-0.0728,0.9766,
5.257,IMU,314.1320,0.0000,157.0660,-3.9202,0.0000,-899.922,-5.010,0.498,-451.046,0.0713,-0.0547,0.9980,
5.269,ENC,314.0348,0.0000,157.0174,-4.8576,0.0000,-899.644,-5.010,0.498,-451.046,0.0713,-0.0547,0.9980,
5.277,IMU,314.0348,0.0000,157.0174,-4.8576,0.0000,-899.644,-4.980,0.442,-450.778,0.0552,-0.0557,0.9956,
5.292,ENC,313.9292,0.0000,156.9646,-5.2837,0.0000,-899.341,-4.980,0.442,-450.778,0.0552,-0.0557,0.9956,
5.296,IMU,313.9292,0.0000,156.9646,-5.2837,0.0000,-899.341,-4.889,0.485,-450.540,-0.0020,-0.0010,1.0161,
5.310,ENC,313.8252,0.0000,156.9126,-5.1985,0.0000,-899.043,-4.889,0.485,-450.540,-0.0020,-0.0010,1.0161,
5.317,IMU,313.8252,0.0000,156.9126,-5.1985,0.0000,-899.043,-4.885,0.481,-450.251,0.0630,-0.0088,0.9600,
5.330,ENC,313.7315,0.0000,156.8657,-4.6872,0.0000,-898.774,-4.885,0.481,-450.251,0.0630,-0.0088,0.9600,
5.339,IMU,313.7315,0.0000,156.8657,-4.6872,0.0000,-898.774,-4.870,0.435,-449.982,0.0601,-0.0786,0.9863,
5.353,ENC,313.6309,0.0000,156.8154,-5.0280,0.0000,-898.486,-4.870,0.435,-449.982,0.0601,-0.0786,0.9863,
5.357,IMU,313.6309,0.0000,156.8154,-5.0280,0.0000,-898.486,-4.911,0.210,-449.699,0.1123,-0.1450,0.9443,
5.369,ENC,313.5286,0.0000,156.7643,-5.1133,0.0000,-898.193,-4.911,0.210,-449.699,0.1123,-0.1450,0.9443,
5.380,IMU,313.5286,0.0000,156.7643,-5.1133,0.0000,-898.193,-4.896,0.155,-449.496,0.1123,-0.0571,0.9927,
5.389,ENC,313.4144,0.0000,156.7072,-5.7098,0.0000,-897.866,-4.896,0.155,-449.496,0.1123,-0.0571,0.9927,
5.409,ENC,313.3002,0.0000,156.6501,-5.7098,0.0000,-897.539,-4.896,0.155,-449.496,0.1123,-0.0571,0.9927,
5.419,IMU,313.3002,0.0000,156.6501,-5.7098,0.0000,-897.539,-4.826,0.122,-449.176,0.0732,-0.0420,1.0117,
5.429,ENC,313.1946,0.0000,156.5973,-5.2837,0.0000,-897.236,-4.826,0.122,-449.176,0.0732,-0.0420,1.0117,
5.438,IMU,313.1946,0.0000,156.5973,-5.2837,0.0000,-897.236,-4.830,0.071,-449.029,0.0811,-0.0781,0.9658,
5.449,ENC,313.0991,0.0000,156.5496,-4.7724,0.0000,-896.963,-4.830,0.071,-449.029,0.0811,-0.0781,0.9658,
5.457,IMU,313.0991,0.0000,156.5496,-4.7724,0.0000,-896.963,-4.776,0.131,-448.802,0.0801,0.0293,1.0171,
5.470,ENC,313.0020,0.0000,156.5010,-4.8576,0.0000,-896.685,-4.776,0.131,-448.802,0.0801,0.0293,1.0171,
5.478,IMU,313.0020,0.0000,156.5010,-4.8576,0.0000,-896.685,-4.844,0.060,-448.614,0.1172,-0.0659,0.9619,
5.489,ENC,312.9014,0.0000,156.4507,-5.0280,0.0000,-896.396,-4.844,0.060,-448.614,0.1172,-0.0659,0.9619,
5.499,IMU,312.9014,0.0000,156.4507,-5.0280,0.0000,-896.396,-4.813,0.105,-448.358,0.0708,0.0464,0.9868,
5.510,ENC,312.7974,0.0000,156.3987,-5.1985,0.0000,-896.099,-4.813,0.105,-448.358,0.0708,0.0464,0.9868,
5.518,IMU,312.7974,0.0000,156.3987,-5.1985,0.0000,-896.099,-4.838,0.054,-448.149,0.0786,-0.0557,0.9663,
5.530,ENC,312.6849,0.0000,156.3425,-5.6246,0.0000,-895.776,-4.838,0.054,-448.149,0.0786,-0.0557,0.9663,
5.549,ENC,312.5759,-0.2045,156.1857,-5.4542,-10.2265,-896.050,-4.838,0.054,-448.149,0.0786,-0.0557,0.9663,
5.557,IMU,312.5759,-0.2045,156.1857,-5.4542,-10.2265,-896.050,-4.905,0.132,-447.800,0.1216,-0.0176,1.0259,
5.570,ENC,312.4634,0.0000,156.2317,-5.6246,10.2265,-895.142,-4.905,0.132,-447.800,0.1216,-0.0176,1.0259,
5.577,IMU,312.4634,0.0000,156.2317,-5.6246,10.2265,-895.142,-4.918,0.113,-447.604,0.0947,0.0000,1.0107,
5.590,ENC,312.3526,0.0000,156.1763,-5.5394,0.0000,-894.824,-4.918,0.113,-447.604,0.0947,0.0000,1.0107,
5.610,ENC,312.2486,0.0000,156.1243,-5.1985,0.0000,-894.526,-4.918,0.113,-447.604,0.0947,0.0000,1.0107,
5.617,IMU,312.2486,0.0000,156.1243,-5.1985,0.0000,-894.526,-4.954,0.100,-447.135,0.1108,-0.0132,1.0000,
5.629,ENC,312.1463,0.0000,156.0732,-5.1133,0.0000,-894.233,-4.954,0.100,-447.135,0.1108,-0.0132,1.0000,
5.637,IMU,312.1463,0.0000,156.0732,-5.1133,0.0000,-894.233,-4.991,0.057,-446.940,0.1123,-0.0254,0.9736,
5.649,ENC,312.0492,0.0000,156.0246,-4.8576,0.0000,-893.955,-4.991,0.057,-446.940,0.1123,-0.0254,0.9736,
5.657,IMU,312.0492,0.0000,156.0246,-4.8576,0.0000,-893.955,-4.947,-0.017,-446.783,-0.0083,-0.0278,1.0029,
5.669,ENC,311.9537,0.0000,155.9769,-4.7724,0.0000,-893.682,-4.947,-0.017,-446.783,-0.0083,-0.0278,1.0029,
5.677,IMU,311.9537,0.0000,155.9769,-4.7724,0.0000,-893.682,-4.977,-0.008,-446.600,0.1035,0.0146,1.0205,
5.690,ENC,311.8685,0.0000,155.9343,-4.2611,0.0000,-893.438,-4.977,-0.008,-446.600,0.1035,0.0146,1.0205,
5.696,IMU,311.8685,0.0000,155.9343,-4.2611,0.0000,-893.438,-4.902,-0.075,-446.406,0.0352,-0.0435,1.0322,
5.709,ENC,311.7816,0.0000,155.8908,-4.3463,0.0000,-893.188,-4.902,-0.075,-446.406,0.0352,-0.0435,1.0322,
5.717,IMU,311.7816,0.0000,155.8908,-4.3463,0.0000,-893.188,-4.962,-0.144,-446.219,0.1323,-0.0825,1.0000,
5.730,ENC,311.6844,0.0000,155.8422,-4.8576,0.0000,-892.910,-4.962,-0.144,-446.219,0.1323,-0.0825,1.0000,
5.737,IMU,311.6844,0.0000,155.8422,-4.8576,0.0000,-892.910,-4.941,-0.095,-445.997,0.0737,0.0283,1.0073,
5.751,ENC,311.5839,0.0000,155.7919,-5.0280,0.0000,-892.622,-4.941,-0.095,-445.997,0.0737,0.0283,1.0073,
5.757,IMU,311.5839,0.0000,155.7919,-5.0280,0.0000,-892.622,-4.873,-0.150,-445.827,0.0381,-0.0332,1.0044,
5.769,ENC,311.4935,0.0000,155.7468,-4.5167,0.0000,-892.363,-4.873,-0.150,-445.827,0.0381,-0.0332,1.0044,
5.777,IMU,311.4935,0.0000,155.7468,-4.5167,0.0000,-892.363,-4.882,-0.051,-445.618,0.0786,0.0220,1.0312,
5.789,ENC,311.4015,0.0000,155.7008,-4.6019,0.0000,-892.100,-4.882,-0.051,-445.618,0.0786,0.0220,1.0312,
5.797,IMU,311.4015,0.0000,155.7008,-4.6019,0.0000,-892.100,-4.934,-0.047,-445.457,0.1191,-0.0405,1.0078,
5.809,ENC,311.3095,0.0000,155.6547,-4.6019,0.0000,-891.836,-4.934,-0.047,-445.457,0.1191,-0.0405,1.0078,
5.817,IMU,311.3095,0.0000,155.6547,-4.6019,0.0000,-891.836,-4.928,-0.039,-445.299,0.0601,-0.0024,1.0103,
5.830,ENC,311.2157,0.0000,155.6079,-4.6872,0.0000,-891.567,-4.928,-0.039,-445.299,0.0601,-0.0024,1.0103,
5.838,IMU,311.2157,0.0000,155.6079,-4.6872,0.0000,-891.567,-4.944,-0.111,-445.199,0.0737,-0.0503,0.9854,
5.849,ENC,311.1271,0.0000,155.5635,-4.4315,0.0000,-891.313,-4.944,-0.111,-445.199,0.0737,-0.0503,0.9854,
5.857,IMU,311.1271,0.0000,155.5635,-4.4315,0.0000,-891.313,-4.935,-0.137,-445.048,0.1035,-0.0137,0.9653,
5.877,IMU,311.1271,0.0000,155.5635,-4.4315,0.0000,-891.313,-4.906,-0.140,-444.877,0.0811,0.0024,1.0166,
5.891,ENC,310.9430,0.0000,155.4715,-4.6019,0.0000,-890.786,-4.906,-0.140,-444.877,0.0811,0.0024,1.0166,
5.897,IMU,310.9430,0.0000,155.4715,-4.6019,0.0000,-890.786,-4.919,-0.164,-444.670,0.0869,-0.0454,1.0142,
5.909,ENC,310.8476,0.0000,155.4238,-4.7724,0.0000,-890.513,-4.919,-0.164,-444.670,0.0869,-0.0454,1.0142,
5.919,IMU,310.8476,0.0000,155.4238,-4.7724,0.0000,-890.513,-4.899,-0.111,-444.455,0.1011,0.0322,1.0068,
5.929,ENC,310.7555,0.0000,155.3778,-4.6019,0.0000,-890.249,-4.899,-0.111,-444.455,0.1011,0.0322,1.0068,
5.937,IMU,310.7555,0.0000,155.3778,-4.6019,0.0000,-890.249,-4.910,-0.209,-444.257,0.1064,-0.0791,0.9883,
5.951,ENC,310.6516,0.0000,155.3258,-5.1985,0.0000,-889.951,-4.910,-0.209,-444.257,0.1064,-0.0791,0.9883,
5.970,ENC,310.5510,0.0000,155.2755,-5.0280,0.0000,-889.663,-4.910,-0.209,-444.257,0.1064,-0.0791,0.9883,
5.977,IMU,310.5510,0.0000,155.2755,-5.0280,0.0000,-889.663,-4.863,-0.284,-443.864,0.1016,-0.0303,1.0024,
5.992,ENC,310.4538,0.0000,155.2269,-4.8576,0.0000,-889.385,-4.863,-0.284,-443.864,0.1016,-0.0303,1.0024,
5.997,IMU,310.4538,0.0000,155.2269,-4.8576,0.0000,-889.385,-4.787,-0.370,-443.672,0.0142,-0.0425,1.0278,
6.009,ENC,310.3499,0.0000,155.1749,-5.1985,0.0000,-889.087,-4.787,-0.370,-443.672,0.0142,-0.0425,1.0278,
6.017,IMU,310.3499,0.0000,155.1749,-5.1985,0.0000,-889.087,-4.715,-0.420,-443.473,0.0508,-0.0322,1.0322,
6.030,ENC,310.2561,-0.2182,155.0190,-4.6872,-10.9083,-889.443,-4.715,-0.420,-443.473,0.0508,-0.0322,1.0322,
6.037,IMU,310.2561,-0.2182,155.0190,-4.6872,-10.9083,-889.443,-4.644,-0.495,-443.278,0.0210,-0.0547,1.0537,
6.050,ENC,310.1522,0.0000,155.0761,-5.1985,10.9083,-888.521,-4.644,-0.495,-443.278,0.0210,-0.0547,1.0537,
6.060,IMU,310.1522,0.0000,155.0761,-5.1985,10.9083,-888.521,-4.618,-0.472,-443.018,0.0640,-0.0181,1.0049,
6.070,ENC,310.0431,0.0000,155.0215,-5.4542,0.0000,-888.208,-4.618,-0.472,-443.018,0.0640,-0.0181,1.0049,
6.077,IMU,310.0431,0.0000,155.0215,-5.4542,0.0000,-888.208,-4.627,-0.549,-442.776,0.0928,-0.0894,0.9424,
6.089,ENC,309.9323,0.0000,154.9661,-5.5394,0.0000,-887.891,-4.627,-0.549,-442.776,0.0928,-0.0894,0.9424,
6.097,IMU,309.9323,0.0000,154.9661,-5.5394,0.0000,-887.891,-4.673,-0.467,-442.613,0.1162,0.0376,0.9766,
6.118,IMU,309.9323,0.0000,154.9661,-5.5394,0.0000,-887.891,-4.708,-0.489,-442.409,0.1323,-0.0063,1.0029,
6.130,ENC,309.6988,0.0000,154.8494,-5.8376,0.0000,-887.222,-4.708,-0.489,-442.409,0.1323,-0.0063,1.0029,
6.137,IMU,309.6988,0.0000,154.8494,-5.8376,0.0000,-887.222,-4.729,-0.461,-442.231,0.0879,-0.0054,0.9663,
6.149,ENC,309.5812,0.0000,154.7906,-5.8803,0.0000,-886.885,-4.729,-0.461,-442.231,0.0879,-0.0054,0.9663,
6.159,IMU,309.5812,0.0000,154.7906,-5.8803,0.0000,-886.885,-4.832,-0.489,-442.001,0.1284,-0.0308,0.9678,
6.169,ENC,309.4619,0.1960,154.8289,-5.9655,9.8004,-885.981,-4.832,-0.489,-442.001,0.1284,-0.0308,0.9678,
6.176,IMU,309.4619,0.1960,154.8289,-5.9655,9.8004,-885.981,-4.850,-0.442,-441.809,0.0869,0.0322,0.9639,
6.190,ENC,309.3426,0.0000,154.6713,-5.9655,-9.8004,-886.201,-4.850,-0.442,-441.809,0.0869,0.0322,0.9639,
6.197,IMU,309.3426,0.0000,154.6713,-5.9655,-9.8004,-886.201,-4.859,-0.396,-441.654,0.0879,0.0151,0.9824,
6.210,ENC,309.2198,0.0000,154.6099,-6.1359,0.0000,-885.850,-4.859,-0.396,-441.654,0.0879,0.0151,0.9824,
6.229,ENC,309.0971,0.0000,154.5486,-6.1359,0.0000,-885.498,-4.859,-0.396,-441.654,0.0879,0.0151,0.9824,
6.236,IMU,309.0971,0.0000,154.5486,-6.1359,0.0000,-885.498,-4.814,-0.316,-441.087,0.0952,0.0034,1.0039,
6.249,ENC,308.9659,0.0000,154.4829,-6.5620,0.0000,-885.122,-4.814,-0.316,-441.087,0.0952,0.0034,1.0039,
6.257,IMU,308.9659,0.0000,154.4829,-6.5620,0.0000,-885.122,-4.734,-0.398,-440.881,0.0400,-0.0596,1.0283,
6.269,ENC,308.8449,0.0000,154.4224,-6.0507,0.0000,-884.775,-4.734,-0.398,-440.881,0.0400,-0.0596,1.0283,
6.277,IMU,308.8449,0.0000,154.4224,-6.0507,0.0000,-884.775,-4.788,-0.533,-440.750,0.1050,-0.1440,0.9951,
6.289,ENC,308.7068,0.0000,154.3534,-6.9029,0.0000,-884.380,-4.788,-0.533,-440.750,0.1050,-0.1440,0.9951,
6.296,IMU,308.7068,0.0000,154.3534,-6.9029,0.0000,-884.380,-4.754,-0.533,-440.619,0.0640,-0.0171,1.0190,
6.310,ENC,308.5994,0.0000,154.2997,-5.3689,0.0000,-884.072,-4.754,-0.533,-440.619,0.0640,-0.0171,1.0190,
6.317,IMU,308.5994,0.0000,154.2997,-5.3689,0.0000,-884.072,-4.724,-0.559,-440.404,0.0317,-0.0454,1.0205,
6.329,ENC,308.4989,0.0000,154.2494,-5.0280,0.0000,-883.784,-4.724,-0.559,-440.404,0.0317,-0.0454,1.0205,
6.337,IMU,308.4989,0.0000,154.2494,-5.0280,0.0000,-883.784,-4.693,-0.525,-440.241,0.0723,0.0049,1.0342,
6.350,ENC,308.3864,0.0000,154.1932,-5.6246,0.0000,-883.462,-4.693,-0.525,-440.241,0.0723,0.0049,1.0342,
6.357,IMU,308.3864,0.0000,154.1932,-5.6246,0.0000,-883.462,-4.723,-0.542,-440.091,0.1060,-0.0376,0.9766,
6.369,ENC,308.2739,0.0000,154.1369,-5.6246,0.0000,-883.140,-4.723,-0.542,-440.091,0.1060,-0.0376,0.9766,
6.377,IMU,308.2739,0.0000,154.1369,-5.6246,0.0000,-883.140,-4.761,-0.582,-439.950,0.1084,-0.0283,1.0020,
6.389,ENC,308.1512,0.0000,154.0756,-6.1359,0.0000,-882.788,-4.761,-0.582,-439.950,0.1084,-0.0283,1.0020,
6.396,IMU,308.1512,0.0000,154.0756,-6.1359,0.0000,-882.788,-4.696,-0.601,-439.839,0.0732,-0.0430,0.9941,
6.409,ENC,308.0233,0.0000,154.0117,-6.3916,0.0000,-882.422,-4.696,-0.601,-439.839,0.0732,-0.0430,0.9941,
6.417,IMU,308.0233,0.0000,154.0117,-6.3916,0.0000,-882.422,-4.732,-0.632,-439.639,0.1045,-0.0425,0.9917,
6.429,ENC,307.8955,0.0000,153.9478,-6.3916,0.0000,-882.056,-4.732,-0.632,-439.639,0.1045,-0.0425,0.9917,
6.437,IMU,307.8955,0.0000,153.9478,-6.3916,0.0000,-882.056,-4.681,-0.676,-439.531,0.0474,-0.0610,0.9771,
6.451,ENC,307.7830,0.0000,153.8915,-5.6246,0.0000,-881.733,-4.681,-0.676,-439.531,0.0474,-0.0610,0.9771,
6.456,IMU,307.7830,0.0000,153.8915,-5.6246,0.0000,-881.733,-4.609,-0.653,-439.386,0.0513,-0.0283,0.9722,
6.470,ENC,307.6808,0.0000,153.8404,-5.1133,0.0000,-881.440,-4.609,-0.653,-439.386,0.0513,-0.0283,0.9722,
6.477,IMU,307.6808,0.0000,153.8404,-5.1133,0.0000,-881.440,-4.591,-0.617,-439.256,0.0312,0.0093,1.0195,
6.489,ENC,307.5683,0.0000,153.7841,-5.6246,0.0000,-881.118,-4.591,-0.617,-439.256,0.0312,0.0093,1.0195,
6.497,IMU,307.5683,0.0000,153.7841,-5.6246,0.0000,-881.118,-4.561,-0.609,-439.095,0.0562,-0.0044,0.9922,
6.512,ENC,307.4660,0.2045,153.8353,-5.1133,10.2265,-880.239,-4.561,-0.609,-439.095,0.0562,-0.0044,0.9922,
6.521,IMU,307.4660,0.2045,153.8353,-5.1133,10.2265,-880.239,-4.504,-0.584,-438.991,0.0229,0.0049,1.0024,
6.530,ENC,307.3603,0.0000,153.6802,-5.2837,-10.2265,-880.522,-4.504,-0.584,-438.991,0.0229,0.0049,1.0024,
6.537,IMU,307.3603,0.0000,153.6802,-5.2837,-10.2265,-880.522,-4.456,-0.578,-438.827,0.0708,0.0234,0.9800,
6.554,ENC,307.2666,0.0000,153.6333,-4.6872,0.0000,-880.254,-4.456,-0.578,-438.827,0.0708,0.0234,0.9800,
6.560,IMU,307.2666,0.0000,153.6333,-4.6872,0.0000,-880.254,-4.472,-0.562,-438.619,0.1069,-0.0161,1.0020,
6.573,ENC,307.1677,0.0000,153.5839,-4.9428,0.0000,-879.971,-4.472,-0.562,-438.619,0.1069,-0.0161,1.0020,
6.577,IMU,307.1677,0.0000,153.5839,-4.9428,0.0000,-879.971,-4.537,-0.647,-438.472,0.1201,-0.0645,0.9590,
6.589,ENC,307.0603,0.0000,153.5302,-5.3689,0.0000,-879.663,-4.537,-0.647,-438.472,0.1201,-0.0645,0.9590,
6.597,IMU,307.0603,0.0000,153.5302,-5.3689,0.0000,-879.663,-4.592,-0.721,-438.305,0.1309,-0.0830,0.9883,
6.609,ENC,306.9496,0.0000,153.4748,-5.5394,0.0000,-879.346,-4.592,-0.721,-438.305,0.1309,-0.0830,0.9883,
6.616,IMU,306.9496,0.0000,153.4748,-5.5394,0.0000,-879.346,-4.520,-0.741,-438.171,0.0151,-0.0547,1.0703,
6.629,ENC,306.8473,0.0000,153.4236,-5.1133,0.0000,-879.053,-4.520,-0.741,-438.171,0.0151,-0.0547,1.0703,
6.637,IMU,306.8473,0.0000,153.4236,-5.1133,0.0000,-879.053,-4.542,-0.700,-437.996,0.1240,-0.0088,0.9902,
6.649,ENC,306.7263,0.0000,153.3631,-6.0507,0.0000,-878.706,-4.542,-0.700,-437.996,0.1240,-0.0088,0.9902,
6.657,IMU,306.7263,0.0000,153.3631,-6.0507,0.0000,-878.706,-4.490,-0.729,-437.864,0.0200,-0.0469,1.0303,
6.669,ENC,306.6070,0.0000,153.3035,-5.9655,0.0000,-878.364,-4.490,-0.729,-437.864,0.0200,-0.0469,1.0303,
6.677,IMU,306.6070,0.0000,153.3035,-5.9655,0.0000,-878.364,-4.485,-0.853,-437.751,0.0874,-0.0752,0.9653,
6.689,ENC,306.4894,0.0000,153.2447,-5.8803,0.0000,-878.027,-4.485,-0.853,-437.751,0.0874,-0.0752,0.9653,
6.697,IMU,306.4894,0.0000,153.2447,-5.8803,0.0000,-878.027,-4.443,-0.837,-437.589,0.0308,-0.0078,0.9644,
6.712,ENC,306.3564,0.0000,153.1782,-6.6473,0.0000,-877.646,-4.443,-0.837,-437.589,0.0308,-0.0078,0.9644,
6.717,IMU,306.3564,0.0000,153.1782,-6.6473,0.0000,-877.646,-4.388,-0.877,-437.434,0.0439,-0.0610,0.9897,
6.729,ENC,306.2371,0.0000,153.1186,-5.9655,0.0000,-877.305,-4.388,-0.877,-437.434,0.0439,-0.0610,0.9897,
6.737,IMU,306.2371,0.0000,153.1186,-5.9655,0.0000,-877.305,-4.382,-0.965,-437.289,0.0918,-0.0635,0.9966,
6.749,ENC,306.1076,0.0000,153.0538,-6.4768,0.0000,-876.934,-4.382,-0.965,-437.289,0.0918,-0.0635,0.9966,
6.757,IMU,306.1076,0.0000,153.0538,-6.4768,0.0000,-876.934,-4.503,-1.099,-437.119,0.1450,-0.1074,0.9663,
6.770,ENC,305.9780,0.0000,152.9890,-6.4768,0.0000,-876.562,-4.503,-1.099,-437.119,0.1450,-0.1074,0.9663,
6.777,IMU,305.9780,0.0000,152.9890,-6.4768,0.0000,-876.562,-4.441,-1.086,-436.924,0.0386,-0.0283,0.9849,
6.790,ENC,305.8400,0.0000,152.9200,-6.9029,0.0000,-876.167,-4.441,-1.086,-436.924,0.0386,-0.0283,0.9849,
6.812,ENC,305.7104,0.0000,152.8552,-6.4768,0.0000,-875.796,-4.441,-1.086,-436.924,0.0386,-0.0283,0.9849,
6.817,IMU,305.7104,0.0000,152.8552,-6.4768,0.0000,-875.796,-4.442,-1.171,-436.574,0.1089,-0.0435,0.9590,
6.830,ENC,305.5707,0.0000,152.7853,-6.9881,0.0000,-875.396,-4.442,-1.171,-436.574,0.1089,-0.0435,0.9590,
6.836,IMU,305.5707,0.0000,152.7853,-6.9881,0.0000,-875.396,-4.471,-1.182,-436.411,0.1035,-0.0225,0.9976,
6.850,ENC,305.4377,0.0000,152.7189,-6.6473,0.0000,-875.015,-4.471,-1.182,-436.411,0.1035,-0.0225,0.9976,
6.857,IMU,305.4377,0.0000,152.7189,-6.6473,0.0000,-875.015,-4.503,-1.209,-436.236,0.1348,-0.0386,1.0415,
6.869,ENC,305.3133,0.0000,152.6567,-6.2211,0.0000,-874.658,-4.503,-1.209,-436.236,0.1348,-0.0386,1.0415,
6.877,IMU,305.3133,0.0000,152.6567,-6.2211,0.0000,-874.658,-4.509,-1.171,-436.096,0.0469,-0.0068,1.0063,
6.890,ENC,305.1770,0.0000,152.5885,-6.8177,0.0000,-874.268,-4.509,-1.171,-436.096,0.0469,-0.0068,1.0063,
6.897,IMU,305.1770,0.0000,152.5885,-6.8177,0.0000,-874.268,-4.523,-1.202,-435.957,0.0718,-0.0532,0.9551,
6.909,ENC,305.0611,0.0000,152.5305,-5.7950,0.0000,-873.936,-4.523,-1.202,-435.957,0.0718,-0.0532,0.9551,
6.917,IMU,305.0611,0.0000,152.5305,-5.7950,0.0000,-873.936,-4.492,-1.115,-435.790,0.0503,0.0137,0.9976,
6.929,ENC,304.9400,0.0000,152.4700,-6.0507,0.0000,-873.589,-4.492,-1.115,-435.790,0.0503,0.0137,0.9976,
6.938,IMU,304.9400,0.0000,152.4700,-6.0507,0.0000,-873.589,-4.478,-1.161,-435.629,0.0815,-0.0298,1.0078,
6.949,ENC,304.8275,0.0000,152.4138,-5.6246,0.0000,-873.267,-4.478,-1.161,-435.629,0.0815,-0.0298,1.0078,
6.957,IMU,304.8275,0.0000,152.4138,-5.6246,0.0000,-873.267,-4.504,-1.196,-435.456,0.1025,-0.0488,0.9985,
6.969,ENC,304.7134,0.0000,152.3567,-5.7098,0.0000,-872.939,-4.504,-1.196,-435.456,0.1025,-0.0488,0.9985,
6.978,IMU,304.7134,0.0000,152.3567,-5.7098,0.0000,-872.939,-4.486,-1.197,-435.272,0.0488,-0.0615,1.0044,
6.989,ENC,304.6009,0.0000,152.3004,-5.6246,0.0000,-872.617,-4.486,-1.197,-435.272,0.0488,-0.0615,1.0044,
7.010,ENC,304.4867,0.0000,152.2433,-5.7098,0.0000,-872.290,-4.486,-1.197,-435.272,0.0488,-0.0615,1.0044,
7.018,IMU,304.4867,0.0000,152.2433,-5.7098,0.0000,-872.290,-4.440,-1.195,-434.966,0.1021,-0.0347,0.9951,
7.029,ENC,304.3742,0.0000,152.1871,-5.6246,0.0000,-871.968,-4.440,-1.195,-434.966,0.1021,-0.0347,0.9951,
7.037,IMU,304.3742,0.0000,152.1871,-5.6246,0.0000,-871.968,-4.469,-1.194,-434.788,0.0947,-0.0347,0.9170,
7.050,ENC,304.2617,0.0000,152.1308,-5.6246,0.0000,-871.646,-4.469,-1.194,-434.788,0.0947,-0.0347,0.9170,
7.057,IMU,304.2617,0.0000,152.1308,-5.6246,0.0000,-871.646,-4.453,-1.168,-434.651,0.0396,0.0073,0.9985,
7.069,ENC,304.1509,0.0000,152.0754,-5.5394,0.0000,-871.328,-4.453,-1.168,-434.651,0.0396,0.0073,0.9985,
7.079,IMU,304.1509,0.0000,152.0754,-5.5394,0.0000,-871.328,-4.458,-1.194,-434.504,0.0381,-0.0391,0.9502,
7.089,ENC,304.0418,0.0000,152.0209,-5.4542,0.0000,-871.016,-4.458,-1.194,-434.504,0.0381,-0.0391,0.9502,
7.098,IMU,304.0418,0.0000,152.0209,-5.4542,0.0000,-871.016,-4.434,-1.241,-434.327,0.0376,-0.0288,1.0264,
7.111,ENC,303.9293,0.0000,151.9647,-5.6246,0.0000,-870.693,-4.434,-1.241,-434.327,0.0376,-0.0288,1.0264,
7.123,IMU,303.9293,0.0000,151.9647,-5.6246,0.0000,-870.693,-4.403,-1.214,-434.155,0.0312,0.0044,0.9727,
7.138,IMU,303.9293,0.0000,151.9647,-5.6246,0.0000,-870.693,-4.449,-1.205,-434.019,0.1216,-0.0112,1.0098,
7.140,ENC,303.8288,0.0000,151.9144,-5.0280,0.0000,-870.405,-4.449,-1.205,-434.019,0.1216,-0.0112,1.0098,
7.153,ENC,303.7248,0.0000,151.8624,-5.1985,0.0000,-870.107,-4.449,-1.205,-434.019,0.1216,-0.0112,1.0098,
7.157,IMU,303.7248,0.0000,151.8624,-5.1985,0.0000,-870.107,-4.466,-1.180,-433.876,0.1060,0.0249,1.0122,
7.169,ENC,303.6174,0.0000,151.8087,-5.3689,0.0000,-869.800,-4.466,-1.180,-433.876,0.1060,0.0249,1.0122,
7.177,IMU,303.6174,0.0000,151.8087,-5.3689,0.0000,-869.800,-4.482,-1.239,-433.722,0.1216,-0.0601,0.9155,
7.191,ENC,303.5100,0.0000,151.7550,-5.3689,0.0000,-869.492,-4.482,-1.239,-433.722,0.1216,-0.0601,0.9155,
7.197,IMU,303.5100,0.0000,151.7550,-5.3689,0.0000,-869.492,-4.498,-1.325,-433.527,0.0879,-0.1001,1.0088,
7.209,ENC,303.3992,0.0000,151.6996,-5.5394,0.0000,-869.175,-4.498,-1.325,-433.527,0.0879,-0.1001,1.0088,
7.217,IMU,303.3992,0.0000,151.6996,-5.5394,0.0000,-869.175,-4.534,-1.288,-433.387,0.0684,-0.0283,1.0356,
7.229,ENC,303.2816,0.0000,151.6408,-5.8803,0.0000,-868.838,-4.534,-1.288,-433.387,0.0684,-0.0283,1.0356,
7.237,IMU,303.2816,0.0000,151.6408,-5.8803,0.0000,-868.838,-4.543,-1.295,-433.227,0.0518,-0.0029,1.0078,
7.249,ENC,303.1623,0.0000,151.5812,-5.9655,0.0000,-868.496,-4.543,-1.295,-433.227,0.0518,-0.0029,1.0078,
7.257,IMU,303.1623,0.0000,151.5812,-5.9655,0.0000,-868.496,-4.564,-1.218,-433.097,0.0972,0.0112,0.9775,
7.270,ENC,303.0379,0.0000,151.5190,-6.2211,0.0000,-868.140,-4.564,-1.218,-433.097,0.0972,0.0112,0.9775,
7.277,IMU,303.0379,0.0000,151.5190,-6.2211,0.0000,-868.140,-4.597,-1.244,-432.889,0.0815,-0.0449,0.9736,
7.289,ENC,302.9118,0.0000,151.4559,-6.3064,0.0000,-867.778,-4.597,-1.244,-432.889,0.0815,-0.0449,0.9736,
7.297,IMU,302.9118,0.0000,151.4559,-6.3064,0.0000,-867.778,-4.596,-1.224,-432.754,0.0469,0.0210,0.9976,
7.309,ENC,302.7822,0.0000,151.3911,-6.4768,0.0000,-867.407,-4.596,-1.224,-432.754,0.0469,0.0210,0.9976,
7.317,IMU,302.7822,0.0000,151.3911,-6.4768,0.0000,-867.407,-4.554,-1.231,-432.559,0.0439,-0.0244,0.9961,
7.330,ENC,302.6527,0.0000,151.3264,-6.4768,0.0000,-867.036,-4.554,-1.231,-432.559,0.0439,-0.0244,0.9961,
7.341,IMU,302.6527,0.0000,151.3264,-6.4768,0.0000,-867.036,-4.565,-1.156,-432.365,0.0938,0.0015,1.0693,
7.349,ENC,302.5283,0.0000,151.2641,-6.2211,0.0000,-866.680,-4.565,-1.156,-432.365,0.0938,0.0015,1.0693,
7.357,IMU,302.5283,0.0000,151.2641,-6.2211,0.0000,-866.680,-4.595,-1.150,-432.196,0.0854,-0.0410,1.0386,
7.371,ENC,302.3936,0.0000,151.1968,-6.7325,0.0000,-866.294,-4.595,-1.150,-432.196,0.0854,-0.0410,1.0386,
7.389,ENC,302.2709,0.0000,151.1355,-6.1359,0.0000,-865.942,-4.595,-1.150,-432.196,0.0854,-0.0410,1.0386,
7.398,IMU,302.2709,0.0000,151.1355,-6.1359,0.0000,-865.942,-4.539,-1.037,-431.853,0.0688,-0.0083,0.9258,
7.410,ENC,302.1414,0.0000,151.0707,-6.4768,0.0000,-865.571,-4.539,-1.037,-431.853,0.0688,-0.0083,0.9258,
7.417,IMU,302.1414,0.0000,151.0707,-6.4768,0.0000,-865.571,-4.566,-1.011,-431.647,0.0898,0.0054,0.9604,
7.431,ENC,302.0135,0.0000,151.0068,-6.3916,0.0000,-865.205,-4.566,-1.011,-431.647,0.0898,0.0054,0.9604,
7.437,IMU,302.0135,0.0000,151.0068,-6.3916,0.0000,-865.205,-4.589,-1.035,-431.551,0.1074,-0.0239,1.0200,
7.450,ENC,301.8874,0.0000,150.9437,-6.3064,0.0000,-864.844,-4.589,-1.035,-431.551,0.1074,-0.0239,1.0200,
7.457,IMU,301.8874,0.0000,150.9437,-6.3064,0.0000,-864.844,-4.618,-1.026,-431.374,0.1191,-0.0435,0.9302,
7.469,ENC,301.7630,0.0000,150.8815,-6.2211,0.0000,-864.487,-4.618,-1.026,-431.374,0.1191,-0.0435,0.9302,
7.478,IMU,301.7630,0.0000,150.8815,-6.2211,0.0000,-864.487,-4.522,-1.102,-431.216,-0.0205,-0.0820,1.0894,
7.489,ENC,301.6488,0.0000,150.8244,-5.7098,0.0000,-864.160,-4.522,-1.102,-431.216,-0.0205,-0.0820,1.0894,
7.497,IMU,301.6488,0.0000,150.8244,-5.7098,0.0000,-864.160,-4.475,-1.145,-431.046,0.0601,-0.0601,1.0322,
7.509,ENC,301.5329,0.0000,150.7664,-5.7950,0.0000,-863.828,-4.475,-1.145,-431.046,0.0601,-0.0601,1.0322,
7.517,IMU,301.5329,0.0000,150.7664,-5.7950,0.0000,-863.828,-4.424,-1.193,-430.901,0.0278,-0.0596,1.0220,
7.529,ENC,301.4085,0.0000,150.7042,-6.2211,0.0000,-863.472,-4.424,-1.193,-430.901,0.0278,-0.0596,1.0220,
7.537,IMU,301.4085,0.0000,150.7042,-6.2211,0.0000,-863.472,-4.374,-1.154,-430.732,0.0430,0.0098,1.0073,
7.550,ENC,301.2823,0.0000,150.6412,-6.3064,0.0000,-863.110,-4.374,-1.154,-430.732,0.0430,0.0098,1.0073,
7.559,IMU,301.2823,0.0000,150.6412,-6.3064,0.0000,-863.110,-4.364,-1.151,-430.590,0.0757,-0.0137,1.0332,
7.570,ENC,301.1579,0.0000,150.5790,-6.2211,0.0000,-862.754,-4.364,-1.151,-430.590,0.0757,-0.0137,1.0332,
7.577,IMU,301.1579,0.0000,150.5790,-6.2211,0.0000,-862.754,-4.361,-1.068,-430.401,0.0449,0.0200,0.9941,
7.590,ENC,301.0267,0.0000,150.5133,-6.5620,0.0000,-862.378,-4.361,-1.068,-430.401,0.0449,0.0200,0.9941,
7.597,IMU,301.0267,0.0000,150.5133,-6.5620,0.0000,-862.378,-4.359,-1.016,-430.259,0.0645,-0.0103,0.9985,
7.609,ENC,300.9057,0.0000,150.4528,-6.0507,0.0000,-862.031,-4.359,-1.016,-430.259,0.0645,-0.0103,0.9985,
7.620,IMU,300.9057,0.0000,150.4528,-6.0507,0.0000,-862.031,-4.352,-0.983,-430.096,0.0762,-0.0322,1.0146,
7.630,ENC,300.7932,0.0000,150.3966,-5.6246,0.0000,-861.709,-4.352,-0.983,-430.096,0.0762,-0.0322,1.0146,
7.642,IMU,300.7932,0.0000,150.3966,-5.6246,0.0000,-861.709,-4.429,-0.899,-429.923,0.1035,0.0205,1.0225,
7.651,ENC,300.6858,0.0000,150.3429,-5.3689,0.0000,-861.401,-4.429,-0.899,-429.923,0.1035,0.0205,1.0225,
7.656,IMU,300.6858,0.0000,150.3429,-5.3689,0.0000,-861.401,-4.379,-0.873,-429.811,0.0366,0.0137,1.0420,
7.669,ENC,300.5852,0.0000,150.2926,-5.0280,0.0000,-861.113,-4.379,-0.873,-429.811,0.0366,0.0137,1.0420,
7.694,ENC,300.4881,0.0000,150.2440,-4.8576,0.0000,-860.835,-4.379,-0.873,-429.811,0.0366,0.0137,1.0420,
7.697,IMU,300.4881,0.0000,150.2440,-4.8576,0.0000,-860.835,-4.296,-0.914,-429.472,0.0825,-0.0454,0.9351,
7.709,ENC,300.3858,0.0000,150.1929,-5.1133,0.0000,-860.542,-4.296,-0.914,-429.472,0.0825,-0.0454,0.9351,
7.717,IMU,300.3858,0.0000,150.1929,-5.1133,0.0000,-860.542,-4.294,-0.897,-429.359,0.0947,-0.0054,1.0015,
7.729,ENC,300.2887,0.0000,150.1443,-4.8576,0.0000,-860.264,-4.294,-0.897,-429.359,0.0947,-0.0054,1.0015,
7.737,IMU,300.2887,0.0000,150.1443,-4.8576,0.0000,-860.264,-4.301,-0.835,-429.193,0.0825,0.0161,0.9771,
7.749,ENC,300.1966,0.0000,150.0983,-4.6019,0.0000,-860.000,-4.301,-0.835,-429.193,0.0825,0.0161,0.9771,
7.756,IMU,300.1966,0.0000,150.0983,-4.6019,0.0000,-860.000,-4.242,-0.856,-429.100,0.0249,-0.0327,1.0088,
7.770,ENC,300.0944,0.0000,150.0472,-5.1133,0.0000,-859.707,-4.242,-0.856,-429.100,0.0249,-0.0327,1.0088,
7.777,IMU,300.0944,0.0000,150.0472,-5.1133,0.0000,-859.707,-4.227,-0.885,-428.961,0.0474,-0.0654,0.9648,
7.789,ENC,299.9938,0.0000,149.9969,-5.0280,0.0000,-859.419,-4.227,-0.885,-428.961,0.0474,-0.0654,0.9648,
7.797,IMU,299.9938,0.0000,149.9969,-5.0280,0.0000,-859.419,-4.247,-0.916,-428.843,0.0869,-0.0332,0.9604,
7.810,ENC,299.8796,0.0000,149.9398,-5.7098,0.0000,-859.092,-4.247,-0.916,-428.843,0.0869,-0.0332,0.9604,
7.817,IMU,299.8796,0.0000,149.9398,-5.7098,0.0000,-859.092,-4.175,-0.889,-428.733,0.0337,-0.0151,0.9824,
7.830,ENC,299.7825,0.0000,149.8912,-4.8576,0.0000,-858.813,-4.175,-0.889,-428.733,0.0337,-0.0151,0.9824,
7.849,ENC,299.6802,0.0000,149.8401,-5.1133,0.0000,-858.521,-4.175,-0.889,-428.733,0.0337,-0.0151,0.9824,
7.858,IMU,299.6802,0.0000,149.8401,-5.1133,0.0000,-858.521,-4.176,-0.978,-428.569,0.0718,-0.0107,1.0068,
7.869,ENC,299.5779,0.0000,149.7890,-5.1133,0.0000,-858.228,-4.176,-0.978,-428.569,0.0718,-0.0107,1.0068,
7.877,IMU,299.5779,0.0000,149.7890,-5.1133,0.0000,-858.228,-4.208,-1.014,-428.457,0.0903,-0.0728,0.9697,
7.892,ENC,299.4723,0.0000,149.7361,-5.2837,0.0000,-857.925,-4.208,-1.014,-428.457,0.0903,-0.0728,0.9697,
7.900,IMU,299.4723,0.0000,149.7361,-5.2837,0.0000,-857.925,-4.207,-1.005,-428.390,0.0781,0.0034,0.9663,
7.909,ENC,299.3581,0.0000,149.6790,-5.7098,0.0000,-857.598,-4.207,-1.005,-428.390,0.0781,0.0034,0.9663,
7.916,IMU,299.3581,0.0000,149.6790,-5.7098,0.0000,-857.598,-4.241,-0.987,-428.277,0.1157,-0.0166,0.9443,
7.929,ENC,299.2422,0.0000,149.6211,-5.7950,0.0000,-857.266,-4.241,-0.987,-428.277,0.1157,-0.0166,0.9443,
7.939,IMU,299.2422,0.0000,149.6211,-5.7950,0.0000,-857.266,-4.272,-0.999,-428.254,0.0996,-0.0112,1.0132,
7.949,ENC,299.1416,0.0000,149.5708,-5.0280,0.0000,-856.978,-4.272,-0.999,-428.254,0.0996,-0.0112,1.0132,
7.957,IMU,299.1416,0.0000,149.5708,-5.0280,0.0000,-856.978,-4.308,-1.033,-428.161,0.0859,-0.0146,0.9951,
7.969,ENC,299.0359,0.0000,149.5180,-5.2837,0.0000,-856.675,-4.308,-1.033,-428.161,0.0859,-0.0146,0.9951,
7.977,IMU,299.0359,0.0000,149.5180,-5.2837,0.0000,-856.675,-4.307,-1.026,-428.027,0.0830,-0.0293,0.9966,
7.990,ENC,298.9302,0.0000,149.4651,-5.2837,0.0000,-856.372,-4.307,-1.026,-428.027,0.0830,-0.0293,0.9966,
7.998,IMU,298.9302,0.0000,149.4651,-5.2837,0.0000,-856.372,-4.296,-1.064,-427.919,0.0527,-0.0269,0.9985,
8.009,ENC,298.8229,0.0000,149.4114,-5.3689,0.0000,-856.064,-4.296,-1.064,-427.919,0.0527,-0.0269,0.9985,
8.031,ENC,298.7121,0.0000,149.3560,-5.5394,0.0000,-855.747,-4.296,-1.064,-427.919,0.0527,-0.0269,0.9985,
8.038,IMU,298.7121,0.0000,149.3560,-5.5394,0.0000,-855.747,-4.221,-1.040,-427.771,0.0762,-0.0098,1.0684,
8.049,ENC,298.6030,0.0000,149.3015,-5.4542,0.0000,-855.435,-4.221,-1.040,-427.771,0.0762,-0.0098,1.0684,
8.057,IMU,298.6030,0.0000,149.3015,-5.4542,0.0000,-855.435,-4.245,-1.099,-427.711,0.0854,-0.0649,0.9810,
8.069,ENC,298.4973,0.0000,149.2487,-5.2837,0.0000,-855.132,-4.245,-1.099,-427.711,0.0854,-0.0649,0.9810,
8.077,IMU,298.4973,0.0000,149.2487,-5.2837,0.0000,-855.132,-4.289,-1.012,-427.639,0.0996,0.0249,1.0190,
8.089,ENC,298.3899,0.0000,149.1950,-5.3689,0.0000,-854.824,-4.289,-1.012,-427.639,0.0996,0.0249,1.0190,
8.098,IMU,298.3899,0.0000,149.1950,-5.3689,0.0000,-854.824,-4.241,-1.086,-427.596,0.0005,-0.0674,1.0122,
8.110,ENC,298.2894,0.0000,149.1447,-5.0280,0.0000,-854.536,-4.241,-1.086,-427.596,0.0005,-0.0674,1.0122,
8.117,IMU,298.2894,0.0000,149.1447,-5.0280,0.0000,-854.536,-4.280,-1.006,-427.552,0.1201,0.0347,1.0444,
8.129,ENC,298.2008,0.0000,149.1004,-4.4315,0.0000,-854.282,-4.280,-1.006,-427.552,0.1201,0.0347,1.0444,
8.137,IMU,298.2008,0.0000,149.1004,-4.4315,0.0000,-854.282,-4.327,-0.917,-427.518,0.0947,0.0112,1.0029,
8.149,ENC,298.1189,0.0000,149.0595,-4.0906,0.0000,-854.048,-4.327,-0.917,-427.518,0.0947,0.0112,1.0029,
8.157,IMU,298.1189,0.0000,149.0595,-4.0906,0.0000,-854.048,-4.357,-0.918,-427.503,0.0864,-0.0132,0.9951,
8.172,ENC,298.0337,0.0000,149.0169,-4.2611,0.0000,-853.804,-4.357,-0.918,-427.503,0.0864,-0.0132,0.9951,
8.177,IMU,298.0337,0.0000,149.0169,-4.2611,0.0000,-853.804,-4.343,-0.914,-427.531,0.0630,-0.0049,0.9961,
8.190,ENC,297.9587,0.0000,148.9794,-3.7497,0.0000,-853.589,-4.343,-0.914,-427.531,0.0630,-0.0049,0.9961,
8.197,IMU,297.9587,0.0000,148.9794,-3.7497,0.0000,-853.589,-4.360,-0.888,-427.511,0.0732,-0.0234,0.9722,
8.210,ENC,297.8871,0.0000,148.9436,-3.5793,0.0000,-853.384,-4.360,-0.888,-427.511,0.0732,-0.0234,0.9722,
8.228,IMU,297.8871,0.0000,148.9436,-3.5793,0.0000,-853.384,-4.417,-0.917,-427.473,0.0947,-0.0532,0.9995,
8.232,ENC,297.8121,0.0000,148.9061,-3.7497,0.0000,-853.169,-4.417,-0.917,-427.473,0.0947,-0.0532,0.9995,
8.239,IMU,297.8121,0.0000,148.9061,-3.7497,0.0000,-853.169,-4.410,-0.958,-427.448,0.0737,-0.0435,1.0059,
8.250,ENC,297.7354,0.0000,148.8677,-3.8350,0.0000,-852.949,-4.410,-0.958,-427.448,0.0737,-0.0435,1.0059,
8.257,IMU,297.7354,0.0000,148.8677,-3.8350,0.0000,-852.949,-4.404,-0.942,-427.467,0.0664,-0.0386,0.9819,
8.270,ENC,297.6587,0.0000,148.8294,-3.8350,0.0000,-852.729,-4.404,-0.942,-427.467,0.0664,-0.0386,0.9819,
8.277,IMU,297.6587,0.0000,148.8294,-3.8350,0.0000,-852.729,-4.394,-0.905,-427.471,0.0605,-0.0308,1.0449,
8.289,ENC,297.6042,0.0000,148.8021,-2.7271,0.0000,-852.573,-4.394,-0.905,-427.471,0.0605,-0.0308,1.0449,
8.311,ENC,297.5445,0.0000,148.7723,-2.9827,0.0000,-852.402,-4.394,-0.905,-427.471,0.0605,-0.0308,1.0449,
8.320,IMU,297.5445,0.0000,148.7723,-2.9827,0.0000,-852.402,-4.435,-0.873,-427.506,0.0542,-0.0244,0.9609,
8.333,ENC,297.4900,0.0000,148.7450,-2.7271,0.0000,-852.246,-4.435,-0.873,-427.506,0.0542,-0.0244,0.9609,
8.340,IMU,297.4900,0.0000,148.7450,-2.7271,0.0000,-852.246,-4.459,-0.833,-427.491,0.0674,-0.0156,1.0059,
8.350,ENC,297.4372,0.0000,148.7186,-2.6419,0.0000,-852.095,-4.459,-0.833,-427.491,0.0674,-0.0156,1.0059,
8.357,IMU,297.4372,0.0000,148.7186,-2.6419,0.0000,-852.095,-4.391,-0.891,-427.514,0.0742,-0.0347,0.9990,
8.370,ENC,297.3877,0.0000,148.6939,-2.4714,0.0000,-851.953,-4.391,-0.891,-427.514,0.0742,-0.0347,0.9990,
8.377,IMU,297.3877,0.0000,148.6939,-2.4714,0.0000,-851.953,-4.408,-0.890,-427.523,0.0850,-0.0225,0.9810,
8.389,ENC,297.3417,0.0000,148.6709,-2.3010,0.0000,-851.821,-4.408,-0.890,-427.523,0.0850,-0.0225,0.9810,
8.397,IMU,297.3417,0.0000,148.6709,-2.3010,0.0000,-851.821,-4.381,-0.941,-427.475,0.0742,-0.0269,1.0229,
8.410,ENC,297.2889,0.0000,148.6444,-2.6419,0.0000,-851.670,-4.381,-0.941,-427.475,0.0742,-0.0269,1.0229,
8.417,IMU,297.2889,0.0000,148.6444,-2.6419,0.0000,-851.670,-4.384,-0.980,-427.436,0.0767,-0.0288,0.9966,
8.432,ENC,297.2378,0.0000,148.6189,-2.5566,0.0000,-851.523,-4.384,-0.980,-427.436,0.0767,-0.0288,0.9966,
8.437,IMU,297.2378,0.0000,148.6189,-2.5566,0.0000,-851.523,-4.333,-0.986,-427.437,0.0557,-0.0503,0.9800,
8.464,IMU,297.2378,0.0000,148.6189,-2.5566,0.0000,-851.523,-4.316,-1.027,-427.407,0.0703,-0.0459,1.0264,
8.468,ENC,297.1866,0.0000,148.5933,-2.5566,0.0000,-851.377,-4.316,-1.027,-427.407,0.0703,-0.0459,1.0264,
8.472,ENC,297.1338,0.0000,148.5669,-2.6419,0.0000,-851.226,-4.316,-1.027,-427.407,0.0703,-0.0459,1.0264,
8.477,IMU,297.1338,0.0000,148.5669,-2.6419,0.0000,-851.226,-4.290,-1.025,-427.373,0.0654,-0.0220,0.9897,
8.516,ENC,297.0230,0.0000,148.5115,-2.7697,0.0000,-850.908,-4.290,-1.025,-427.373,0.0654,-0.0220,0.9897,
8.519,IMU,297.0230,0.0000,148.5115,-2.7697,0.0000,-850.908,-4.229,-1.043,-427.387,0.0645,-0.0225,1.0259,
8.531,ENC,296.9702,0.0000,148.4851,-2.6419,0.0000,-850.757,-4.229,-1.043,-427.387,0.0645,-0.0225,1.0259,
8.538,IMU,296.9702,0.0000,148.4851,-2.6419,0.0000,-850.757,-4.198,-1.074,-427.419,0.0757,-0.0386,0.9780,
8.553,ENC,296.9207,0.0000,148.4604,-2.4714,0.0000,-850.615,-4.198,-1.074,-427.419,0.0757,-0.0386,0.9780,
8.557,IMU,296.9207,0.0000,148.4604,-2.4714,0.0000,-850.615,-4.185,-1.079,-427.469,0.0718,-0.0327,1.0151,
8.569,ENC,296.8747,0.0000,148.4374,-2.3010,0.0000,-850.483,-4.185,-1.079,-427.469,0.0718,-0.0327,1.0151,
8.577,IMU,296.8747,0.0000,148.4374,-2.3010,0.0000,-850.483,-4.172,-1.127,-427.467,0.0591,-0.0381,0.9878,
8.590,ENC,296.8219,0.0000,148.4109,-2.6419,0.0000,-850.332,-4.172,-1.127,-427.467,0.0591,-0.0381,0.9878,
8.597,IMU,296.8219,0.0000,148.4109,-2.6419,0.0000,-850.332,-4.104,-1.155,-427.438,0.0601,-0.0303,1.0049,
8.609,ENC,296.7724,0.0000,148.3862,-2.4714,0.0000,-850.190,-4.104,-1.155,-427.438,0.0601,-0.0303,1.0049,
8.617,IMU,296.7724,0.0000,148.3862,-2.4714,0.0000,-850.190,-4.106,-1.161,-427.475,0.0752,-0.0361,0.9951,
8.629,ENC,296.7162,0.0000,148.3581,-2.8123,0.0000,-850.029,-4.106,-1.161,-427.475,0.0752,-0.0361,0.9951,
8.638,IMU,296.7162,0.0000,148.3581,-2.8123,0.0000,-850.029,-4.084,-1.160,-427.498,0.0718,-0.0298,1.0107,
8.656,ENC,296.6668,0.0000,148.3334,-2.4714,0.0000,-849.888,-4.084,-1.160,-427.498,0.0718,-0.0298,1.0107,
8.669,ENC,296.6156,0.0000,148.3078,-2.5566,0.0000,-849.741,-4.084,-1.160,-427.498,0.0718,-0.0298,1.0107,
8.677,IMU,296.6156,0.0000,148.3078,-2.5566,0.0000,-849.741,-4.072,-1.244,-427.567,0.0610,-0.0195,0.9917,
8.691,ENC,296.5696,0.0000,148.2848,-2.3010,0.0000,-849.609,-4.072,-1.244,-427.567,0.0610,-0.0195,0.9917,
8.711,ENC,296.5185,0.0000,148.2592,-2.5566,0.0000,-849.463,-4.072,-1.244,-427.567,0.0610,-0.0195,0.9917,
8.729,ENC,296.4691,0.0000,148.2345,-2.4714,0.0000,-849.321,-4.072,-1.244,-427.567,0.0610,-0.0195,0.9917,
8.737,IMU,296.4691,0.0000,148.2345,-2.4714,0.0000,-849.321,-4.095,-1.391,-427.562,0.0586,-0.0244,0.9990,
8.751,ENC,296.4145,0.0000,148.2073,-2.7271,0.0000,-849.165,-4.095,-1.391,-427.562,0.0586,-0.0244,0.9990,
8.761,IMU,296.4145,0.0000,148.2073,-2.7271,0.0000,-849.165,-4.057,-1.382,-427.564,0.0571,-0.0171,0.9849,
8.769,ENC,296.3634,0.0000,148.1817,-2.5566,0.0000,-849.019,-4.057,-1.382,-427.564,0.0571,-0.0171,0.9849,
8.776,IMU,296.3634,0.0000,148.1817,-2.5566,0.0000,-849.019,-4.028,-1.392,-427.566,0.0562,0.0000,1.0063,
8.789,ENC,296.3105,0.0000,148.1553,-2.6419,0.0000,-848.867,-4.028,-1.392,-427.566,0.0562,0.0000,1.0063,
8.797,IMU,296.3105,0.0000,148.1553,-2.6419,0.0000,-848.867,-4.016,-1.442,-427.553,0.0503,-0.0439,0.9941,
8.809,ENC,296.2594,0.0000,148.1297,-2.5566,0.0000,-848.721,-4.016,-1.442,-427.553,0.0503,-0.0439,0.9941,
8.816,IMU,296.2594,0.0000,148.1297,-2.5566,0.0000,-848.721,-3.977,-1.441,-427.566,0.0557,-0.0298,1.0073,
8.829,ENC,296.1998,0.0000,148.0999,-2.9827,0.0000,-848.550,-3.977,-1.441,-427.566,0.0557,-0.0298,1.0073,
8.837,IMU,296.1998,0.0000,148.0999,-2.9827,0.0000,-848.550,-3.936,-1.437,-427.541,0.0410,-0.0312,1.0156,
8.849,ENC,296.1435,0.0000,148.0718,-2.8123,0.0000,-848.389,-3.936,-1.437,-427.541,0.0410,-0.0312,1.0156,
8.857,IMU,296.1435,0.0000,148.0718,-2.8123,0.0000,-848.389,-3.933,-1.431,-427.525,0.0723,-0.0386,1.0049,
8.869,ENC,296.0873,0.0000,148.0436,-2.8123,0.0000,-848.228,-3.933,-1.431,-427.525,0.0723,-0.0386,1.0049,
8.877,IMU,296.0873,0.0000,148.0436,-2.8123,0.0000,-848.228,-3.959,-1.424,-427.548,0.0732,-0.0205,0.9624,
8.890,ENC,296.0361,0.0000,148.0181,-2.5566,0.0000,-848.081,-3.959,-1.424,-427.548,0.0732,-0.0205,0.9624,
8.904,IMU,296.0361,0.0000,148.0181,-2.5566,0.0000,-848.081,-3.977,-1.463,-427.555,0.0747,-0.0396,1.0093,
8.910,ENC,295.9935,0.0000,147.9968,-2.1305,0.0000,-847.959,-3.977,-1.463,-427.555,0.0747,-0.0396,1.0093,
8.917,IMU,295.9935,0.0000,147.9968,-2.1305,0.0000,-847.959,-3.993,-1.474,-427.547,0.0762,-0.0181,0.9956,
8.930,ENC,295.9543,0.0000,147.9772,-1.9601,0.0000,-847.847,-3.993,-1.474,-427.547,0.0762,-0.0181,0.9956,
8.936,IMU,295.9543,0.0000,147.9772,-1.9601,0.0000,-847.847,-3.970,-1.488,-427.534,0.0483,-0.0571,0.9619,
8.950,ENC,295.9134,0.0000,147.9567,-2.0453,0.0000,-847.729,-3.970,-1.488,-427.534,0.0483,-0.0571,0.9619,
8.956,IMU,295.9134,0.0000,147.9567,-2.0453,0.0000,-847.729,-3.957,-1.469,-427.530,0.0723,-0.0195,1.0298,
8.970,ENC,295.8708,0.0000,147.9354,-2.1305,0.0000,-847.607,-3.957,-1.469,-427.530,0.0723,-0.0195,1.0298,
8.977,IMU,295.8708,0.0000,147.9354,-2.1305,0.0000,-847.607,-3.996,-1.480,-427.526,0.0723,-0.0308,0.9863,
8.989,ENC,295.8282,0.0000,147.9141,-2.1305,0.0000,-847.485,-3.996,-1.480,-427.526,0.0723,-0.0308,0.9863,
8.997,IMU,295.8282,0.0000,147.9141,-2.1305,0.0000,-847.485,-3.988,-1.458,-427.540,0.0669,-0.0112,0.9800,
9.009,ENC,295.7941,0.0000,147.8971,-1.7044,0.0000,-847.388,-3.988,-1.458,-427.540,0.0669,-0.0112,0.9800,
9.016,IMU,295.7941,0.0000,147.8971,-1.7044,0.0000,-847.388,-3.937,-1.453,-427.551,0.0474,-0.0254,0.9756,
9.029,ENC,295.7549,0.0000,147.8775,-1.9601,0.0000,-847.275,-3.937,-1.453,-427.551,0.0474,-0.0254,0.9756,
9.037,IMU,295.7549,0.0000,147.8775,-1.9601,0.0000,-847.275,-3.935,-1.525,-427.588,0.0542,-0.0444,1.0068,
9.050,ENC,295.7208,0.0000,147.8604,-1.7044,0.0000,-847.178,-3.935,-1.525,-427.588,0.0542,-0.0444,1.0068,
9.057,IMU,295.7208,0.0000,147.8604,-1.7044,0.0000,-847.178,-3.901,-1.568,-427.592,0.0532,-0.0381,1.0034,
9.069,ENC,295.6935,0.0000,147.8468,-1.3635,0.0000,-847.100,-3.901,-1.568,-427.592,0.0532,-0.0381,1.0034,
9.077,IMU,295.6935,0.0000,147.8468,-1.3635,0.0000,-847.100,-3.917,-1.601,-427.603,0.0669,-0.0215,0.9604,
9.091,ENC,295.6663,0.0000,147.8331,-1.3635,0.0000,-847.021,-3.917,-1.601,-427.603,0.0669,-0.0215,0.9604,
9.109,ENC,295.6356,0.0000,147.8178,-1.5340,0.0000,-846.934,-3.917,-1.601,-427.603,0.0669,-0.0215,0.9604,
9.120,IMU,295.6356,0.0000,147.8178,-1.5340,0.0000,-846.934,-3.906,-1.660,-427.557,0.0430,-0.0361,0.9844,
9.129,ENC,295.6100,-0.1960,147.7070,-1.2783,-9.8004,-847.422,-3.906,-1.660,-427.557,0.0430,-0.0361,0.9844,
9.137,IMU,295.6100,-0.1960,147.7070,-1.2783,-9.8004,-847.422,-3.940,-1.638,-427.507,0.0908,-0.0264,0.9824,
9.149,ENC,295.5708,0.0000,147.7854,-1.9601,9.8004,-846.748,-3.940,-1.638,-427.507,0.0908,-0.0264,0.9824,
9.156,IMU,295.5708,0.0000,147.7854,-1.9601,9.8004,-846.748,-3.903,-1.644,-427.486,0.0576,-0.0190,1.0215,
9.169,ENC,295.5470,0.0000,147.7735,-1.1931,0.0000,-846.680,-3.903,-1.644,-427.486,0.0576,-0.0190,1.0215,
9.177,IMU,295.5470,0.0000,147.7735,-1.1931,0.0000,-846.680,-3.849,-1.644,-427.462,0.0664,-0.0205,0.9453,
9.189,ENC,295.5129,0.0000,147.7564,-1.7044,0.0000,-846.582,-3.849,-1.644,-427.462,0.0664,-0.0205,0.9453,
9.197,IMU,295.5129,0.0000,147.7564,-1.7044,0.0000,-846.582,-3.834,-1.643,-427.455,0.0752,-0.0269,1.0288,
9.209,ENC,295.4839,0.0000,147.7420,-1.4488,0.0000,-846.499,-3.834,-1.643,-427.455,0.0752,-0.0269,1.0288,
9.217,IMU,295.4839,0.0000,147.7420,-1.4488,0.0000,-846.499,-3.817,-1.694,-427.453,0.0483,-0.0420,0.9819,
9.230,ENC,295.4600,0.0000,147.7300,-1.1931,0.0000,-846.431,-3.817,-1.694,-427.453,0.0483,-0.0420,0.9819,
9.237,IMU,295.4600,0.0000,147.7300,-1.1931,0.0000,-846.431,-3.836,-1.643,-427.504,0.0879,-0.0376,0.9961,
9.249,ENC,295.4225,0.0000,147.7113,-1.8749,0.0000,-846.323,-3.836,-1.643,-427.504,0.0879,-0.0376,0.9961,
9.257,IMU,295.4225,0.0000,147.7113,-1.8749,0.0000,-846.323,-3.803,-1.679,-427.482,0.0610,-0.0288,1.0234,
9.271,ENC,295.4038,0.0000,147.7019,-0.9374,0.0000,-846.270,-3.803,-1.679,-427.482,0.0610,-0.0288,1.0234,
9.278,IMU,295.4038,0.0000,147.7019,-0.9374,0.0000,-846.270,-3.814,-1.656,-427.483,0.0698,-0.0205,0.9609,
9.289,ENC,295.3663,0.0000,147.6831,-1.8749,0.0000,-846.162,-3.814,-1.656,-427.483,0.0698,-0.0205,0.9609,
9.297,IMU,295.3663,0.0000,147.6831,-1.8749,0.0000,-846.162,-3.825,-1.653,-427.462,0.0703,-0.0259,1.0322,
9.309,ENC,295.3527,0.0000,147.6763,-0.6818,0.0000,-846.123,-3.825,-1.653,-427.462,0.0703,-0.0259,1.0322,
9.317,IMU,295.3527,0.0000,147.6763,-0.6818,0.0000,-846.123,-3.857,-1.618,-427.475,0.0757,-0.0234,0.9810,
9.330,ENC,295.3152,0.0000,147.6576,-1.8749,0.0000,-846.016,-3.857,-1.618,-427.475,0.0757,-0.0234,0.9810,
9.337,IMU,295.3152,0.0000,147.6576,-1.8749,0.0000,-846.016,-3.866,-1.609,-427.462,0.0703,-0.0298,1.0039,
9.354,ENC,295.2947,0.0000,147.6474,-1.0227,0.0000,-845.957,-3.866,-1.609,-427.462,0.0703,-0.0298,1.0039,
9.357,IMU,295.2947,0.0000,147.6474,-1.0227,0.0000,-845.957,-3.869,-1.623,-427.445,0.0625,-0.0396,0.9932,
9.372,ENC,295.2589,0.0000,147.6295,-1.7896,0.0000,-845.854,-3.869,-1.623,-427.445,0.0625,-0.0396,0.9932,
9.377,IMU,295.2589,0.0000,147.6295,-1.7896,0.0000,-845.854,-3.837,-1.631,-427.451,0.0776,-0.0220,1.0010,
9.389,ENC,295.2402,0.0000,147.6201,-0.9374,0.0000,-845.801,-3.837,-1.631,-427.451,0.0776,-0.0220,1.0010,
9.397,IMU,295.2402,0.0000,147.6201,-0.9374,0.0000,-845.801,-3.829,-1.624,-427.462,0.0767,-0.0225,1.0063,
9.411,ENC,295.2078,0.0000,147.6039,-1.6192,0.0000,-845.708,-3.829,-1.624,-427.462,0.0767,-0.0225,1.0063,
9.417,IMU,295.2078,0.0000,147.6039,-1.6192,0.0000,-845.708,-3.825,-1.617,-427.479,0.0630,-0.0176,1.0137,
9.429,ENC,295.1976,-0.2182,147.4897,-0.5113,-10.9083,-846.304,-3.825,-1.617,-427.479,0.0630,-0.0176,1.0137,
9.436,IMU,295.1976,-0.2182,147.4897,-0.5113,-10.9083,-846.304,-3.819,-1.606,-427.465,0.0664,-0.0264,1.0103,
9.449,ENC,295.1601,0.0000,147.5800,-1.8749,10.9083,-845.571,-3.819,-1.606,-427.465,0.0664,-0.0264,1.0103,
9.457,IMU,295.1601,0.0000,147.5800,-1.8749,10.9083,-845.571,-3.786,-1.612,-427.479,0.0576,-0.0229,0.9927,
9.469,ENC,295.1430,0.0000,147.5715,-0.8522,0.0000,-845.522,-3.786,-1.612,-427.479,0.0576,-0.0229,0.9927,
9.477,IMU,295.1430,0.0000,147.5715,-0.8522,0.0000,-845.522,-3.821,-1.591,-427.460,0.0825,-0.0220,0.9995,
9.489,ENC,295.1106,0.0000,147.5553,-1.6192,0.0000,-845.430,-3.821,-1.591,-427.460,0.0825,-0.0220,0.9995,
9.497,IMU,295.1106,0.0000,147.5553,-1.6192,0.0000,-845.430,-3.814,-1.612,-427.430,0.0571,-0.0420,0.9878,
9.509,ENC,295.0902,0.0000,147.5451,-1.0227,0.0000,-845.371,-3.814,-1.612,-427.430,0.0571,-0.0420,0.9878,
9.516,IMU,295.0902,0.0000,147.5451,-1.0227,0.0000,-845.371,-3.830,-1.587,-427.422,0.0615,-0.0244,1.0205,
9.530,ENC,295.0612,0.0000,147.5306,-1.4488,0.0000,-845.288,-3.830,-1.587,-427.422,0.0615,-0.0244,1.0205,
9.551,ENC,295.0425,0.0000,147.5212,-0.9374,0.0000,-845.234,-3.830,-1.587,-427.422,0.0615,-0.0244,1.0205,
9.571,ENC,295.0356,0.0000,147.5178,-0.3409,0.0000,-845.215,-3.830,-1.587,-427.422,0.0615,-0.0244,1.0205,
9.584,IMU,295.0356,0.0000,147.5178,-0.3409,0.0000,-845.215,-3.912,-1.544,-427.394,0.0747,-0.0249,1.0034,
9.590,ENC,295.0084,0.0000,147.5042,-1.3635,0.0000,-845.137,-3.912,-1.544,-427.394,0.0747,-0.0249,1.0034,
9.597,IMU,295.0084,0.0000,147.5042,-1.3635,0.0000,-845.137,-3.915,-1.500,-427.373,0.0708,-0.0298,0.9995,
9.609,ENC,294.9862,0.0000,147.4931,-1.1079,0.0000,-845.073,-3.915,-1.500,-427.373,0.0708,-0.0298,0.9995,
9.617,IMU,294.9862,0.0000,147.4931,-1.1079,0.0000,-845.073,-3.990,-1.474,-427.349,0.0771,-0.0400,0.9644,
9.630,ENC,294.9658,0.0000,147.4829,-1.0227,0.0000,-845.015,-3.990,-1.474,-427.349,0.0771,-0.0400,0.9644,
9.640,IMU,294.9658,0.0000,147.4829,-1.0227,0.0000,-845.015,-3.998,-1.503,-427.347,0.0732,-0.0288,0.9844,
9.650,ENC,294.9368,0.0000,147.4684,-1.4488,0.0000,-844.932,-3.998,-1.503,-427.347,0.0732,-0.0288,0.9844,
9.657,IMU,294.9368,0.0000,147.4684,-1.4488,0.0000,-844.932,-3.975,-1.524,-427.358,0.0781,-0.0190,1.0146,
9.670,ENC,294.9283,0.0000,147.4641,-0.4261,0.0000,-844.907,-3.975,-1.524,-427.358,0.0781,-0.0190,1.0146,
9.677,IMU,294.9283,0.0000,147.4641,-0.4261,0.0000,-844.907,-4.009,-1.487,-427.347,0.0591,-0.0444,0.9937,
9.695,ENC,294.8993,0.0000,147.4496,-1.4488,0.0000,-844.824,-4.009,-1.487,-427.347,0.0591,-0.0444,0.9937,
9.709,ENC,294.8856,0.0000,147.4428,-0.6818,0.0000,-844.785,-4.009,-1.487,-427.347,0.0591,-0.0444,0.9937,
9.729,ENC,294.8839,0.0000,147.4420,-0.0852,0.0000,-844.780,-4.009,-1.487,-427.347,0.0591,-0.0444,0.9937,
9.737,IMU,294.8839,0.0000,147.4420,-0.0852,0.0000,-844.780,-3.928,-1.507,-427.391,0.0747,-0.0347,0.9971,
9.750,ENC,294.8839,0.0000,147.4420,0.0000,0.0000,-844.780,-3.928,-1.507,-427.391,0.0747,-0.0347,0.9971,
9.757,IMU,294.8839,0.0000,147.4420,0.0000,0.0000,-844.780,-3.961,-1.474,-427.432,0.0620,-0.0278,0.9902,
9.769,ENC,294.8839,0.0000,147.4420,0.0000,0.0000,-844.780,-3.961,-1.474,-427.432,0.0620,-0.0278,0.9902,
9.777,IMU,294.8839,0.0000,147.4420,0.0000,0.0000,-844.780,-4.016,-1.470,-427.398,0.0762,-0.0234,0.9834,
9.789,ENC,294.8839,0.0000,147.4420,0.0000,0.0000,-844.780,-4.016,-1.470,-427.398,0.0762,-0.0234,0.9834,
9.797,IMU,294.8839,0.0000,147.4420,0.0000,0.0000,-844.780,-3.963,-1.476,-427.378,0.0605,-0.0186,1.0107,
9.810,ENC,294.8839,0.0000,147.4420,0.0000,0.0000,-844.780,-3.963,-1.476,-427.378,0.0605,-0.0186,1.0107,
9.816,IMU,294.8839,0.0000,147.4420,0.0000,0.0000,-844.780,-3.963,-1.495,-427.438,0.0723,-0.0312,0.9971,
9.829,ENC,294.8839,0.0000,147.4420,0.0000,0.0000,-844.780,-3.963,-1.495,-427.438,0.0723,-0.0312,0.9971,
9.837,IMU,294.8839,0.0000,147.4420,0.0000,0.0000,-844.780,-3.985,-1.442,-427.423,0.0708,-0.0132,0.9956,
9.849,ENC,294.8839,0.0000,147.4420,0.0000,0.0000,-844.780,-3.985,-1.442,-427.423,0.0708,-0.0132,0.9956,
9.857,IMU,294.8839,0.0000,147.4420,0.0000,0.0000,-844.780,-3.986,-1.414,-427.435,0.0601,-0.0391,1.0044,
9.870,ENC,294.8839,0.0000,147.4420,0.0000,0.0000,-844.780,-3.986,-1.414,-427.435,0.0601,-0.0391,1.0044,
9.876,IMU,294.8839,0.0000,147.4420,0.0000,0.0000,-844.780,-3.998,-1.405,-427.398,0.0562,-0.0220,0.9937,
9.890,ENC,294.8839,0.0000,147.4420,0.0000,0.0000,-844.780,-3.998,-1.405,-427.398,0.0562,-0.0220,0.9937,
9.897,IMU,294.8839,0.0000,147.4420,0.0000,0.0000,-844.780,-4.034,-1.427,-427.385,0.0649,-0.0244,1.0054,
9.909,ENC,294.8839,0.0000,147.4420,0.0000,0.0000,-844.780,-4.034,-1.427,-427.385,0.0649,-0.0244,1.0054,
9.917,IMU,294.8839,0.0000,147.4420,0.0000,0.0000,-844.780,-4.000,-1.438,-427.398,0.0747,-0.0308,0.9868,
9.930,ENC,294.8839,0.0000,147.4420,0.0000,0.0000,-844.780,-4.000,-1.438,-427.398,0.0747,-0.0308,0.9868,
9.936,IMU,294.8839,0.0000,147.4420,0.0000,0.0000,-844.780,-3.972,-1.452,-427.408,0.0566,-0.0396,0.9927,
9.949,ENC,294.8839,0.0000,147.4420,0.0000,0.0000,-844.780,-3.972,-1.452,-427.408,0.0566,-0.0396,0.9927,
9.957,IMU,294.8839,0.0000,147.4420,0.0000,0.0000,-844.780,-3.968,-1.436,-427.366,0.0708,-0.0342,0.9941,
9.969,ENC,294.8839,0.0000,147.4420,0.0000,0.0000,-844.780,-3.968,-1.436,-427.366,0.0708,-0.0342,0.9941,
9.979,IMU,294.8839,0.0000,147.4420,0.0000,0.0000,-844.780,-3.970,-1.402,-427.421,0.0786,-0.0322,1.0010,
9.994,ENC,294.8839,0.0000,147.4420,0.0000,0.0000,-844.780,-3.970,-1.402,-427.421,0.0786,-0.0322,1.0010,
9.997,IMU,294.8839,0.0000,147.4420,0.0000,0.0000,-844.780,-3.957,-1.378,-427.427,0.0732,-0.0195,0.9888,
10.009,ENC,294.8839,0.0000,147.4420,0.0000,0.0000,-844.780,-3.957,-1.378,-427.427,0.0732,-0.0195,0.9888,
10.017,IMU,294.8839,0.0000,147.4420,0.0000,0.0000,-844.780,-3.957,-1.370,-427.412,0.0684,-0.0269,0.9878,
10.029,ENC,294.8839,0.0000,147.4420,0.0000,0.0000,-844.780,-3.957,-1.370,-427.412,0.0684,-0.0269,0.9878,
10.037,IMU,294.8839,0.0000,147.4420,0.0000,0.0000,-844.780,-3.934,-1.401,-427.442,0.0601,-0.0312,1.0034,
10.049,ENC,294.8839,0.0000,147.4420,0.0000,0.0000,-844.780,-3.934,-1.401,-427.442,0.0601,-0.0312,1.0034,
10.056,IMU,294.8839,0.0000,147.4420,0.0000,0.0000,-844.780,-3.900,-1.391,-427.438,0.0620,-0.0386,1.0010,
10.070,ENC,294.8839,0.0000,147.4420,0.0000,0.0000,-844.780,-3.900,-1.391,-427.438,0.0620,-0.0386,1.0010,
10.077,IMU,294.8839,0.0000,147.4420,0.0000,0.0000,-844.780,-3.925,-1.414,-427.426,0.0684,-0.0195,1.0000,
10.089,ENC,294.8839,0.0000,147.4420,0.0000,0.0000,-844.780,-3.925,-1.414,-427.426,0.0684,-0.0195,1.0000,
10.096,IMU,294.8839,0.0000,147.4420,0.0000,0.0000,-844.780,-3.917,-1.431,-427.417,0.0708,-0.0215,0.9941,
10.109,ENC,294.8839,0.0000,147.4420,0.0000,0.0000,-844.780,-3.917,-1.431,-427.417,0.0708,-0.0215,0.9941,
10.117,IMU,294.8839,0.0000,147.4420,0.0000,0.0000,-844.780,-3.912,-1.416,-427.410,0.0703,-0.0161,1.0098,
10.129,ENC,294.8839,0.0000,147.4420,0.0000,0.0000,-844.780,-3.912,-1.416,-427.410,0.0703,-0.0161,1.0098,
10.137,IMU,294.8839,0.0000,147.4420,0.0000,0.0000,-844.780,-3.920,-1.397,-427.429,0.0737,-0.0269,0.9927,
10.150,ENC,294.8839,0.0000,147.4420,0.0000,0.0000,-844.780,-3.920,-1.397,-427.429,0.0737,-0.0269,0.9927,
10.157,IMU,294.8839,0.0000,147.4420,0.0000,0.0000,-844.780,-3.930,-1.412,-427.458,0.0698,-0.0293,0.9844,
10.179,IMU,294.8839,0.0000,147.4420,0.0000,0.0000,-844.780,-3.907,-1.424,-427.430,0.0723,-0.0303,0.9951,
10.190,ENC,294.8839,0.0000,147.4420,0.0000,0.0000,-844.780,-3.907,-1.424,-427.430,0.0723,-0.0303,0.9951,
10.197,IMU,294.8839,0.0000,147.4420,0.0000,0.0000,-844.780,-3.869,-1.412,-427.444,0.0674,-0.0386,0.9883,
10.210,ENC,294.8839,0.0000,147.4420,0.0000,0.0000,-844.780,-3.869,-1.412,-427.444,0.0674,-0.0386,0.9883,
10.217,IMU,294.8839,0.0000,147.4420,0.0000,0.0000,-844.780,-3.872,-1.399,-427.442,0.0664,-0.0303,0.9966,
10.229,ENC,294.8839,0.0000,147.4420,0.0000,0.0000,-844.780,-3.872,-1.399,-427.442,0.0664,-0.0303,0.9966,
10.259,IMU,294.8839,0.0000,147.4420,0.0000,0.0000,-844.780,-3.897,-1.341,-427.461,0.0596,-0.0273,0.9971,
10.270,ENC,294.8839,0.1960,147.5400,0.0000,4.9002,-844.219,-3.897,-1.341,-427.461,0.0596,-0.0273,0.9971,
10.277,IMU,294.8839,0.1960,147.5400,0.0000,4.9002,-844.219,-3.898,-1.325,-427.462,0.0674,-0.0293,0.9922,
10.289,ENC,294.8839,0.0000,147.4420,0.0000,-9.8004,-844.780,-3.898,-1.325,-427.462,0.0674,-0.0293,0.9922,
10.297,IMU,294.8839,0.0000,147.4420,0.0000,-9.8004,-844.780,-3.889,-1.316,-427.477,0.0645,-0.0264,0.9897,
10.309,ENC,294.8839,0.0000,147.4420,0.0000,0.0000,-844.780,-3.889,-1.316,-427.477,0.0645,-0.0264,0.9897,
10.317,IMU,294.8839,0.0000,147.4420,0.0000,0.0000,-844.780,-3.909,-1.362,-427.459,0.0718,-0.0298,1.0103,
10.330,ENC,294.8839,0.0000,147.4420,0.0000,0.0000,-844.780,-3.909,-1.362,-427.459,0.0718,-0.0298,1.0103,
10.349,ENC,294.8839,0.0000,147.4420,0.0000,0.0000,-844.780,-3.909,-1.362,-427.459,0.0718,-0.0298,1.0103,
10.357,IMU,294.8839,0.0000,147.4420,0.0000,0.0000,-844.780,-3.925,-1.443,-427.515,0.0840,-0.0361,1.0039,
10.369,ENC,294.8839,0.0000,147.4420,0.0000,0.0000,-844.780,-3.925,-1.443,-427.515,0.0840,-0.0361,1.0039,
10.377,IMU,294.8839,0.0000,147.4420,0.0000,0.0000,-844.780,-3.931,-1.426,-427.509,0.0630,-0.0273,0.9937,
10.398,IMU,294.8839,0.0000,147.4420,0.0000,0.0000,-844.780,-3.942,-1.418,-427.526,0.0688,-0.0171,1.0034,
10.410,ENC,294.8839,0.0000,147.4420,0.0000,0.0000,-844.780,-3.942,-1.418,-427.526,0.0688,-0.0171,1.0034,
10.420,IMU,294.8839,0.0000,147.4420,0.0000,0.0000,-844.780,-3.946,-1.413,-427.478,0.0767,-0.0337,0.9941,
10.430,ENC,294.8839,0.0000,147.4420,0.0000,0.0000,-844.780,-3.946,-1.413,-427.478,0.0767,-0.0337,0.9941,
10.450,ENC,294.8839,0.0000,147.4420,0.0000,0.0000,-844.780,-3.946,-1.413,-427.478,0.0767,-0.0337,0.9941,
10.459,IMU,294.8839,0.0000,147.4420,0.0000,0.0000,-844.780,-3.959,-1.450,-427.527,0.0679,-0.0244,0.9927,
10.469,ENC,294.8839,0.0000,147.4420,0.0000,0.0000,-844.780,-3.959,-1.450,-427.527,0.0679,-0.0244,0.9927,
10.481,IMU,294.8839,0.0000,147.4420,0.0000,0.0000,-844.780,-3.977,-1.427,-427.528,0.0723,-0.0332,0.9956,
10.489,ENC,294.8839,0.0000,147.4420,0.0000,0.0000,-844.780,-3.977,-1.427,-427.528,0.0723,-0.0332,0.9956,
10.499,IMU,294.8839,0.0000,147.4420,0.0000,0.0000,-844.780,-3.993,-1.435,-427.538,0.0664,-0.0239,0.9985,
10.509,ENC,294.8839,0.0000,147.4420,0.0000,0.0000,-844.780,-3.993,-1.435,-427.538,0.0664,-0.0239,0.9985,
10.517,IMU,294.8839,0.0000,147.4420,0.0000,0.0000,-844.780,-3.996,-1.431,-427.533,0.0610,-0.0166,0.9912,
10.531,ENC,294.8839,0.0000,147.4420,0.0000,0.0000,-844.780,-3.996,-1.431,-427.533,0.0610,-0.0166,0.9912,
10.537,IMU,294.8839,0.0000,147.4420,0.0000,0.0000,-844.780,-4.024,-1.424,-427.510,0.0723,-0.0342,0.9932,
10.554,ENC,294.8839,0.0000,147.4420,0.0000,0.0000,-844.780,-4.024,-1.424,-427.510,0.0723,-0.0342,0.9932,
10.557,IMU,294.8839,0.0000,147.4420,0.0000,0.0000,-844.780,-4.015,-1.439,-427.480,0.0684,-0.0259,1.0024,
10.569,ENC,294.8839,0.0000,147.4420,0.0000,0.0000,-844.780,-4.015,-1.439,-427.480,0.0684,-0.0259,1.0024,
10.589,ENC,294.8839,0.0000,147.4420,0.0000,0.0000,-844.780,-4.015,-1.439,-427.480,0.0684,-0.0259,1.0024,
10.597,IMU,294.8839,0.0000,147.4420,0.0000,0.0000,-844.780,-4.069,-1.439,-427.687,0.0718,-0.0376,0.9844,
10.609,ENC,294.8839,0.0000,147.4420,0.0000,0.0000,-844.780,-4.069,-1.439,-427.687,0.0718,-0.0376,0.9844,
10.617,IMU,294.8839,0.0000,147.4420,0.0000,0.0000,-844.780,-4.043,-1.464,-427.707,0.0664,-0.0303,1.0044,
10.634,ENC,294.8839,0.0000,147.4420,0.0000,0.0000,-844.780,-4.043,-1.464,-427.707,0.0664,-0.0303,1.0044,
10.640,IMU,294.8839,0.0000,147.4420,0.0000,0.0000,-844.780,-4.055,-1.507,-427.744,0.0552,-0.0337,1.0054,
10.650,ENC,294.8839,0.0000,147.4420,0.0000,0.0000,-844.780,-4.055,-1.507,-427.744,0.0552,-0.0337,1.0054,
10.657,IMU,294.8839,0.0000,147.4420,0.0000,0.0000,-844.780,-4.058,-1.510,-427.703,0.0601,-0.0317,0.9966,
10.671,ENC,294.8839,0.0000,147.4420,0.0000,0.0000,-844.780,-4.058,-1.510,-427.703,0.0601,-0.0317,0.9966,
10.677,IMU,294.8839,0.0000,147.4420,0.0000,0.0000,-844.780,-4.109,-1.497,-427.672,0.0659,-0.0347,0.9912,
10.689,ENC,294.8839,0.0000,147.4420,0.0000,0.0000,-844.780,-4.109,-1.497,-427.672,0.0659,-0.0347,0.9912,
10.697,IMU,294.8839,0.0000,147.4420,0.0000,0.0000,-844.780,-4.101,-1.517,-427.678,0.0625,-0.0293,0.9966,
10.709,ENC,294.8839,0.0000,147.4420,0.0000,0.0000,-844.780,-4.101,-1.517,-427.678,0.0625,-0.0293,0.9966,
10.729,IMU,294.8839,0.0000,147.4420,0.0000,0.0000,-844.780,-4.105,-1.531,-427.688,0.0669,-0.0269,1.0010,
10.732,ENC,294.8839,0.0000,147.4420,0.0000,0.0000,-844.780,-4.105,-1.531,-427.688,0.0669,-0.0269,1.0010,
10.736,IMU,294.8839,0.0000,147.4420,0.0000,0.0000,-844.780,-4.101,-1.554,-427.674,0.0591,-0.0327,0.9927,
10.749,ENC,294.8839,0.0000,147.4420,0.0000,0.0000,-844.780,-4.101,-1.554,-427.674,0.0591,-0.0327,0.9927,
10.756,IMU,294.8839,0.0000,147.4420,0.0000,0.0000,-844.780,-4.125,-1.561,-427.664,0.0684,-0.0396,0.9888,
10.769,ENC,294.8839,0.0000,147.4420,0.0000,0.0000,-844.780,-4.125,-1.561,-427.664,0.0684,-0.0396,0.9888,
10.777,IMU,294.8839,0.0000,147.4420,0.0000,0.0000,-844.780,-4.087,-1.555,-427.695,0.0684,-0.0249,0.9976,
10.791,ENC,294.8839,0.0000,147.4420,0.0000,0.0000,-844.780,-4.087,-1.555,-427.695,0.0684,-0.0249,0.9976,
10.799,IMU,294.8839,0.0000,147.4420,0.0000,0.0000,-844.780,-4.119,-1.587,-427.718,0.0664,-0.0186,1.0044,
10.810,ENC,294.8839,0.0000,147.4420,0.0000,0.0000,-844.780,-4.119,-1.587,-427.718,0.0664,-0.0186,1.0044,
10.817,IMU,294.8839,0.0000,147.4420,0.0000,0.0000,-844.780,-4.140,-1.602,-427.763,0.0771,-0.0312,0.9951,
10.829,ENC,294.8839,0.0000,147.4420,0.0000,0.0000,-844.780,-4.140,-1.602,-427.763,0.0771,-0.0312,0.9951,
10.836,IMU,294.8839,0.0000,147.4420,0.0000,0.0000,-844.780,-4.174,-1.605,-427.762,0.0640,-0.0229,1.0005,
10.849,ENC,294.8839,0.0000,147.4420,0.0000,0.0000,-844.780,-4.174,-1.605,-427.762,0.0640,-0.0229,1.0005,
10.869,ENC,294.8839,0.0000,147.4420,0.0000,0.0000,-844.780,-4.174,-1.605,-427.762,0.0640,-0.0229,1.0005,
10.877,IMU,294.8839,0.0000,147.4420,0.0000,0.0000,-844.780,-4.162,-1.566,-427.755,0.0708,-0.0205,0.9995,
10.889,ENC,294.8839,0.0000,147.4420,0.0000,0.0000,-844.780,-4.162,-1.566,-427.755,0.0708,-0.0205,0.9995,
10.897,IMU,294.8839,0.0000,147.4420,0.0000,0.0000,-844.780,-4.163,-1.561,-427.798,0.0649,-0.0366,0.9937,
10.910,ENC,294.8839,0.0000,147.4420,0.0000,0.0000,-844.780,-4.163,-1.561,-427.798,0.0649,-0.0366,0.9937,
10.932,ENC,294.8839,0.0000,147.4420,0.0000,0.0000,-844.780,-4.163,-1.561,-427.798,0.0649,-0.0366,0.9937,
10.939,IMU,294.8839,0.0000,147.4420,0.0000,0.0000,-844.780,-4.163,-1.585,-427.844,0.0684,-0.0298,1.0010,
10.949,ENC,294.8839,0.0000,147.4420,0.0000,0.0000,-844.780,-4.163,-1.585,-427.844,0.0684,-0.0298,1.0010,
10.957,IMU,294.8839,0.0000,147.4420,0.0000,0.0000,-844.780,-4.143,-1.620,-427.874,0.0684,-0.0293,1.0015,
10.969,ENC,294.8839,0.0000,147.4420,0.0000,0.0000,-844.780,-4.143,-1.620,-427.874,0.0684,-0.0293,1.0015,
10.977,IMU,294.8839,0.0000,147.4420,0.0000,0.0000,-844.780,-4.117,-1.654,-427.841,0.0762,-0.0312,1.0015,
10.998,ENC,294.8839,0.1960,147.5400,0.0000,9.8004,-844.219,-4.117,-1.654,-427.841,0.0762,-0.0312,1.0015,
11.001,IMU,294.8839,0.1960,147.5400,0.0000,9.8004,-844.219,-4.125,-1.654,-427.865,0.0596,-0.0303,1.0015,
11.010,ENC,294.8839,0.0000,147.4420,0.0000,-9.8004,-844.780,-4.125,-1.654,-427.865,0.0596,-0.0303,1.0015,
11.017,IMU,294.8839,0.0000,147.4420,0.0000,-9.8004,-844.780,-4.173,-1.650,-427.858,0.0674,-0.0259,1.0049,
11.029,ENC,294.8839,0.0000,147.4420,0.0000,0.0000,-844.780,-4.173,-1.650,-427.858,0.0674,-0.0259,1.0049,
11.037,IMU,294.8839,0.0000,147.4420,0.0000,0.0000,-844.780,-4.165,-1.624,-427.804,0.0728,-0.0288,0.9985,
11.052,ENC,294.8839,0.0000,147.4420,0.0000,0.0000,-844.780,-4.165,-1.624,-427.804,0.0728,-0.0288,0.9985,
11.071,ENC,294.8839,0.0000,147.4420,0.0000,0.0000,-844.780,-4.165,-1.624,-427.804,0.0728,-0.0288,0.9985,
11.077,IMU,294.8839,0.0000,147.4420,0.0000,0.0000,-844.780,-4.139,-1.727,-427.891,0.0732,-0.0332,0.9932,
11.089,ENC,294.8839,0.0000,147.4420,0.0000,0.0000,-844.780,-4.139,-1.727,-427.891,0.0732,-0.0332,0.9932,
11.097,IMU,294.8839,0.0000,147.4420,0.0000,0.0000,-844.780,-4.134,-1.726,-427.888,0.0708,-0.0415,1.0024,
11.112,ENC,294.8839,0.0000,147.4420,0.0000,0.0000,-844.780,-4.134,-1.726,-427.888,0.0708,-0.0415,1.0024,
11.120,IMU,294.8839,0.0000,147.4420,0.0000,0.0000,-844.780,-4.171,-1.699,-427.936,0.0718,-0.0215,1.0034,
11.130,ENC,294.8839,0.0000,147.4420,0.0000,0.0000,-844.780,-4.171,-1.699,-427.936,0.0718,-0.0215,1.0034,
11.137,IMU,294.8839,0.0000,147.4420,0.0000,0.0000,-844.780,-4.167,-1.692,-427.884,0.0620,-0.0127,0.9912,
11.149,ENC,294.8839,0.0000,147.4420,0.0000,0.0000,-844.780,-4.167,-1.692,-427.884,0.0620,-0.0127,0.9912,
11.157,IMU,294.8839,0.0000,147.4420,0.0000,0.0000,-844.780,-4.158,-1.737,-427.889,0.0698,-0.0352,0.9932,
11.170,ENC,294.8839,0.0000,147.4420,0.0000,0.0000,-844.780,-4.158,-1.737,-427.889,0.0698,-0.0352,0.9932,
11.176,IMU,294.8839,0.0000,147.4420,0.0000,0.0000,-844.780,-4.149,-1.726,-427.887,0.0596,-0.0205,1.0005,
11.189,ENC,294.8839,0.0000,147.4420,0.0000,0.0000,-844.780,-4.149,-1.726,-427.887,0.0596,-0.0205,1.0005,
11.197,IMU,294.8839,0.0000,147.4420,0.0000,0.0000,-844.780,-4.146,-1.750,-427.895,0.0776,-0.0312,0.9990,
11.209,ENC,294.8839,0.0000,147.4420,0.0000,0.0000,-844.780,-4.146,-1.750,-427.895,0.0776,-0.0312,0.9990,
11.216,IMU,294.8839,0.0000,147.4420,0.0000,0.0000,-844.780,-4.137,-1.748,-427.880,0.0654,-0.0269,0.9805,
11.229,ENC,294.8839,0.0000,147.4420,0.0000,0.0000,-844.780,-4.137,-1.748,-427.880,0.0654,-0.0269,0.9805,
11.256,ENC,294.8839,0.0000,147.4420,0.0000,0.0000,-844.780,-4.137,-1.748,-427.880,0.0654,-0.0269,0.9805,
11.270,ENC,294.8839,0.0000,147.4420,0.0000,0.0000,-844.780,-4.137,-1.748,-427.880,0.0654,-0.0269,0.9805,
11.278,IMU,294.8839,0.0000,147.4420,0.0000,0.0000,-844.780,-4.183,-1.707,-427.859,0.0732,-0.0195,1.0068,
11.289,ENC,294.8839,0.0000,147.4420,0.0000,0.0000,-844.780,-4.183,-1.707,-427.859,0.0732,-0.0195,1.0068,
11.297,IMU,294.8839,0.0000,147.4420,0.0000,0.0000,-844.780,-4.150,-1.711,-427.833,0.0605,-0.0327,0.9937,
11.309,ENC,294.8839,0.0000,147.4420,0.0000,0.0000,-844.780,-4.150,-1.711,-427.833,0.0605,-0.0327,0.9937,
11.319,IMU,294.8839,0.0000,147.4420,0.0000,0.0000,-844.780,-4.177,-1.723,-427.868,0.0688,-0.0347,0.9932,
11.329,ENC,294.8839,0.0000,147.4420,0.0000,0.0000,-844.780,-4.177,-1.723,-427.868,0.0688,-0.0347,0.9932,
11.336,IMU,294.8839,0.0000,147.4420,0.0000,0.0000,-844.780,-4.156,-1.718,-427.871,0.0601,-0.0200,0.9985,
11.349,ENC,294.8839,0.0000,147.4420,0.0000,0.0000,-844.780,-4.156,-1.718,-427.871,0.0601,-0.0200,0.9985,
11.358,IMU,294.8839,0.0000,147.4420,0.0000,0.0000,-844.780,-4.197,-1.727,-427.897,0.0732,-0.0332,0.9800,
11.372,ENC,294.8839,0.0000,147.4420,0.0000,0.0000,-844.780,-4.197,-1.727,-427.897,0.0732,-0.0332,0.9800,
11.389,ENC,294.8839,0.0000,147.4420,0.0000,0.0000,-844.780,-4.197,-1.727,-427.897,0.0732,-0.0332,0.9800,
11.397,IMU,294.8839,0.0000,147.4420,0.0000,0.0000,-844.780,-4.187,-1.708,-427.984,0.0610,-0.0176,0.9927,
11.414,ENC,294.8839,0.0000,147.4420,0.0000,0.0000,-844.780,-4.187,-1.708,-427.984,0.0610,-0.0176,0.9927,
11.419,IMU,294.8839,0.0000,147.4420,0.0000,0.0000,-844.780,-4.164,-1.719,-427.976,0.0757,-0.0410,0.9917,
11.431,ENC,294.8839,0.0000,147.4420,0.0000,0.0000,-844.780,-4.164,-1.719,-427.976,0.0757,-0.0410,0.9917,
11.437,IMU,294.8839,0.0000,147.4420,0.0000,0.0000,-844.780,-4.206,-1.750,-428.005,0.0732,-0.0308,0.9985,
11.449,ENC,294.8839,0.0000,147.4420,0.0000,0.0000,-844.780,-4.206,-1.750,-428.005,0.0732,-0.0308,0.9985,
11.457,IMU,294.8839,0.0000,147.4420,0.0000,0.0000,-844.780,-4.202,-1.754,-428.073,0.0708,-0.0361,0.9941,
11.469,ENC,294.8839,0.0000,147.4420,0.0000,0.0000,-844.780,-4.202,-1.754,-428.073,0.0708,-0.0361,0.9941,
11.476,IMU,294.8839,0.0000,147.4420,0.0000,0.0000,-844.780,-4.198,-1.726,-428.062,0.0698,-0.0166,0.9917,
11.493,ENC,294.8839,0.0000,147.4420,0.0000,0.0000,-844.780,-4.198,-1.726,-428.062,0.0698,-0.0166,0.9917,
11.497,IMU,294.8839,0.0000,147.4420,0.0000,0.0000,-844.780,-4.202,-1.686,-428.066,0.0605,-0.0244,0.9922,
11.509,ENC,294.8839,0.0000,147.4420,0.0000,0.0000,-844.780,-4.202,-1.686,-428.066,0.0605,-0.0244,0.9922,
11.518,IMU,294.8839,0.0000,147.4420,0.0000,0.0000,-844.780,-4.246,-1.625,-428.087,0.0654,-0.0342,0.9883,
11.529,ENC,294.8839,0.0000,147.4420,0.0000,0.0000,-844.780,-4.246,-1.625,-428.087,0.0654,-0.0342,0.9883,
11.537,IMU,294.8839,0.0000,147.4420,0.0000,0.0000,-844.780,-4.278,-1.619,-428.059,0.0674,-0.0176,0.9917,
11.549,ENC,294.8839,0.0000,147.4420,0.0000,0.0000,-844.780,-4.278,-1.619,-428.059,0.0674,-0.0176,0.9917,
11.558,IMU,294.8839,0.0000,147.4420,0.0000,0.0000,-844.780,-4.273,-1.575,-428.071,0.0654,-0.0244,0.9937,
11.569,ENC,294.8839,0.0000,147.4420,0.0000,0.0000,-844.780,-4.273,-1.575,-428.071,0.0654,-0.0244,0.9937,
11.577,IMU,294.8839,0.0000,147.4420,0.0000,0.0000,-844.780,-4.278,-1.519,-428.047,0.0649,-0.0210,0.9990,
11.590,ENC,294.8839,0.0000,147.4420,0.0000,0.0000,-844.780,-4.278,-1.519,-428.047,0.0649,-0.0210,0.9990,
11.597,IMU,294.8839,0.0000,147.4420,0.0000,0.0000,-844.780,-4.346,-1.529,-428.050,0.0747,-0.0327,1.0020,
11.609,ENC,294.8839,0.0000,147.4420,0.0000,0.0000,-844.780,-4.346,-1.529,-428.050,0.0747,-0.0327,1.0020,
11.627,IMU,294.8839,0.0000,147.4420,0.0000,0.0000,-844.780,-4.378,-1.510,-428.016,0.0786,-0.0195,1.0088,
11.629,ENC,294.8839,0.0000,147.4420,0.0000,0.0000,-844.780,-4.378,-1.510,-428.016,0.0786,-0.0195,1.0088,
11.637,IMU,294.8839,0.0000,147.4420,0.0000,0.0000,-844.780,-4.330,-1.487,-428.028,0.0664,-0.0278,1.0049,
11.649,ENC,294.8839,0.0000,147.4420,0.0000,0.0000,-844.780,-4.330,-1.487,-428.028,0.0664,-0.0278,1.0049,
11.657,IMU,294.8839,0.0000,147.4420,0.0000,0.0000,-844.780,-4.364,-1.532,-428.052,0.0625,-0.0332,0.9951,
11.670,ENC,294.8839,0.0000,147.4420,0.0000,0.0000,-844.780,-4.364,-1.532,-428.052,0.0625,-0.0332,0.9951,
11.677,IMU,294.8839,0.0000,147.4420,0.0000,0.0000,-844.780,-4.351,-1.507,-428.059,0.0659,-0.0308,1.0054,
11.693,ENC,294.8839,0.0000,147.4420,0.0000,0.0000,-844.780,-4.351,-1.507,-428.059,0.0659,-0.0308,1.0054,
11.702,IMU,294.8839,0.0000,147.4420,0.0000,0.0000,-844.780,-4.354,-1.496,-428.076,0.0791,-0.0239,0.9902,
11.710,ENC,294.8839,0.0000,147.4420,0.0000,0.0000,-844.780,-4.354,-1.496,-428.076,0.0791,-0.0239,0.9902,
11.716,IMU,294.8839,0.0000,147.4420,0.0000,0.0000,-844.780,-4.375,-1.471,-428.102,0.0830,-0.0273,0.9995,
11.730,ENC,294.8839,0.0000,147.4420,0.0000,0.0000,-844.780,-4.375,-1.471,-428.102,0.0830,-0.0273,0.9995,
11.737,IMU,294.8839,0.0000,147.4420,0.0000,0.0000,-844.780,-4.331,-1.487,-428.155,0.0723,-0.0264,1.0005,
11.755,ENC,294.8839,0.0000,147.4420,0.0000,0.0000,-844.780,-4.331,-1.487,-428.155,0.0723,-0.0264,1.0005,
11.758,IMU,294.8839,0.0000,147.4420,0.0000,0.0000,-844.780,-4.320,-1.451,-428.173,0.0669,-0.0259,0.9995,
11.769,ENC,294.8839,0.0000,147.4420,0.0000,0.0000,-844.780,-4.320,-1.451,-428.173,0.0669,-0.0259,0.9995,
11.776,IMU,294.8839,0.0000,147.4420,0.0000,0.0000,-844.780,-4.273,-1.437,-428.213,0.0557,-0.0234,0.9868,
11.789,ENC,294.8839,0.0000,147.4420,0.0000,0.0000,-844.780,-4.273,-1.437,-428.213,0.0557,-0.0234,0.9868,
11.797,IMU,294.8839,0.0000,147.4420,0.0000,0.0000,-844.780,-4.239,-1.449,-428.218,0.0762,-0.0361,0.9912,
11.809,ENC,294.8839,0.0000,147.4420,0.0000,0.0000,-844.780,-4.239,-1.449,-428.218,0.0762,-0.0361,0.9912,
11.817,IMU,294.8839,0.0000,147.4420,0.0000,0.0000,-844.780,-4.229,-1.454,-428.228,0.0757,-0.0234,1.0039,
11.831,ENC,294.8839,0.0000,147.4420,0.0000,0.0000,-844.780,-4.229,-1.454,-428.228,0.0757,-0.0234,1.0039,
11.839,IMU,294.8839,0.0000,147.4420,0.0000,0.0000,-844.780,-4.224,-1.452,-428.223,0.0630,-0.0293,0.9995,
11.850,ENC,294.8839,0.0000,147.4420,0.0000,0.0000,-844.780,-4.224,-1.452,-428.223,0.0630,-0.0293,0.9995,
11.858,IMU,294.8839,0.0000,147.4420,0.0000,0.0000,-844.780,-4.188,-1.473,-428.253,0.0640,-0.0278,0.9907,
11.869,ENC,294.8839,0.0000,147.4420,0.0000,0.0000,-844.780,-4.188,-1.473,-428.253,0.0640,-0.0278,0.9907,
11.877,IMU,294.8839,0.0000,147.4420,0.0000,0.0000,-844.780,-4.242,-1.477,-428.233,0.0654,-0.0332,0.9995,
11.890,ENC,294.8839,0.0000,147.4420,0.0000,0.0000,-844.780,-4.242,-1.477,-428.233,0.0654,-0.0332,0.9995,
11.897,IMU,294.8839,0.0000,147.4420,0.0000,0.0000,-844.780,-4.232,-1.475,-428.249,0.0791,-0.0352,1.0010,
11.911,ENC,294.8839,0.0000,147.4420,0.0000,0.0000,-844.780,-4.232,-1.475,-428.249,0.0791,-0.0352,1.0010,
11.920,IMU,294.8839,0.0000,147.4420,0.0000,0.0000,-844.780,-4.211,-1.441,-428.272,0.0674,-0.0288,0.9961,
11.931,ENC,294.8839,0.0000,147.4420,0.0000,0.0000,-844.780,-4.211,-1.441,-428.272,0.0674,-0.0288,0.9961,
11.937,IMU,294.8839,0.0000,147.4420,0.0000,0.0000,-844.780,-4.241,-1.443,-428.252,0.0742,-0.0137,0.9971,
11.950,ENC,294.8839,0.0000,147.4420,0.0000,0.0000,-844.780,-4.241,-1.443,-428.252,0.0742,-0.0137,0.9971,
11.957,IMU,294.8839,0.0000,147.4420,0.0000,0.0000,-844.780,-4.262,-1.439,-428.249,0.0640,-0.0322,0.9980,
11.969,ENC,294.8839,0.0000,147.4420,0.0000,0.0000,-844.780,-4.262,-1.439,-428.249,0.0640,-0.0322,0.9980,
11.983,IMU,294.8839,0.0000,147.4420,0.0000,0.0000,-844.780,-4.279,-1.437,-428.247,0.0605,-0.0327,1.0029,
11.991,ENC,294.8839,0.0000,147.4420,0.0000,0.0000,-844.780,-4.279,-1.437,-428.247,0.0605,-0.0327,1.0029,
11.997,IMU,294.8839,0.0000,147.4420,0.0000,0.0000,-844.780,-4.238,-1.467,-428.286,0.0674,-0.0371,1.0000,
12.009,ENC,294.8839,0.0000,147.4420,0.0000,0.0000,-844.780,-4.238,-1.467,-428.286,0.0674,-0.0371,1.0000,
12.018,IMU,294.8839,0.0000,147.4420,0.0000,0.0000,-844.780,-4.249,-1.504,-428.288,0.0776,-0.0205,0.9976,
12.030,ENC,294.8839,0.0000,147.4420,0.0000,0.0000,-844.780,-4.249,-1.504,-428.288,0.0776,-0.0205,0.9976,
12.044,IMU,294.8839,0.0000,147.4420,0.0000,0.0000,-844.780,-4.205,-1.482,-428.304,0.0762,-0.0200,0.9795,
12.050,ENC,294.8839,0.0000,147.4420,0.0000,0.0000,-844.780,-4.205,-1.482,-428.304,0.0762,-0.0200,0.9795,
12.057,IMU,294.8839,0.0000,147.4420,0.0000,0.0000,-844.780,-4.228,-1.464,-428.295,0.0693,-0.0249,0.9971,
12.069,ENC,294.8839,0.0000,147.4420,0.0000,0.0000,-844.780,-4.228,-1.464,-428.295,0.0693,-0.0249,0.9971,
12.076,IMU,294.8839,0.0000,147.4420,0.0000,0.0000,-844.780,-4.288,-1.480,-428.307,0.0771,-0.0386,1.0020,
12.089,ENC,294.8839,0.0000,147.4420,0.0000,0.0000,-844.780,-4.288,-1.480,-428.307,0.0771,-0.0386,1.0020,
12.097,IMU,294.8839,0.0000,147.4420,0.0000,0.0000,-844.780,-4.300,-1.469,-428.315,0.0649,-0.0298,0.9873,
12.129,ENC,294.8839,0.0000,147.4420,0.0000,0.0000,-844.780,-4.300,-1.469,-428.315,0.0649,-0.0298,0.9873,
12.149,ENC,294.8839,0.0000,147.4420,0.0000,0.0000,-844.780,-4.300,-1.469,-428.315,0.0649,-0.0298,0.9873,
12.157,IMU,294.8839,0.0000,147.4420,0.0000,0.0000,-844.780,-4.411,-1.405,-428.302,0.0728,-0.0283,0.9956,
12.169,ENC,294.8839,0.0000,147.4420,0.0000,0.0000,-844.780,-4.411,-1.405,-428.302,0.0728,-0.0283,0.9956,
12.201,IMU,294.8839,0.0000,147.4420,0.0000,0.0000,-844.780,-4.408,-1.419,-428.308,0.0762,-0.0352,0.9912,
12.203,ENC,294.8839,0.0000,147.4420,0.0000,0.0000,-844.780,-4.408,-1.419,-428.308,0.0762,-0.0352,0.9912,
12.206,IMU,294.8839,0.0000,147.4420,0.0000,0.0000,-844.780,-4.421,-1.413,-428.307,0.0728,-0.0288,1.0015,
12.209,ENC,294.8839,0.0000,147.4420,0.0000,0.0000,-844.780,-4.421,-1.413,-428.307,0.0728,-0.0288,1.0015,
12.218,IMU,294.8839,0.0000,147.4420,0.0000,0.0000,-844.780,-4.408,-1.441,-428.309,0.0718,-0.0337,0.9932,
12.229,ENC,294.8839,0.0000,147.4420,0.0000,0.0000,-844.780,-4.408,-1.441,-428.309,0.0718,-0.0337,0.9932,
12.239,IMU,294.8839,0.0000,147.4420,0.0000,0.0000,-844.780,-4.408,-1.467,-428.286,0.0640,-0.0322,0.9888,
12.248,ENC,294.8839,0.0000,147.4420,0.0000,0.0000,-844.780,-4.408,-1.467,-428.286,0.0640,-0.0322,0.9888,
12.257,IMU,294.8839,0.0000,147.4420,0.0000,0.0000,-844.780,-4.376,-1.482,-428.288,0.0649,-0.0298,0.9873,
12.274,ENC,294.8839,0.0000,147.4420,0.0000,0.0000,-844.780,-4.376,-1.482,-428.288,0.0649,-0.0298,0.9873,
12.282,IMU,294.8839,0.0000,147.4420,0.0000,0.0000,-844.780,-4.349,-1.441,-428.234,0.0698,-0.0259,1.0034,
12.289,ENC,294.8839,0.0000,147.4420,0.0000,0.0000,-844.780,-4.349,-1.441,-428.234,0.0698,-0.0259,1.0034,
12.297,IMU,294.8839,0.0000,147.4420,0.0000,0.0000,-844.780,-4.362,-1.474,-428.279,0.0562,-0.0273,1.0010,
12.309,ENC,294.8839,0.0000,147.4420,0.0000,0.0000,-844.780,-4.362,-1.474,-428.279,0.0562,-0.0273,1.0010,
12.317,IMU,294.8839,0.0000,147.4420,0.0000,0.0000,-844.780,-4.370,-1.429,-428.275,0.0757,-0.0317,0.9966,
12.330,ENC,294.8839,0.0000,147.4420,0.0000,0.0000,-844.780,-4.370,-1.429,-428.275,0.0757,-0.0317,0.9966,
12.337,IMU,294.8839,0.0000,147.4420,0.0000,0.0000,-844.780,-4.401,-1.447,-428.289,0.0737,-0.0220,0.9878,
12.352,ENC,294.8839,0.0000,147.4420,0.0000,0.0000,-844.780,-4.401,-1.447,-428.289,0.0737,-0.0220,0.9878,
12.359,IMU,294.8839,0.0000,147.4420,0.0000,0.0000,-844.780,-4.425,-1.466,-428.276,0.0669,-0.0288,0.9985,
12.369,ENC,294.8839,0.0000,147.4420,0.0000,0.0000,-844.780,-4.425,-1.466,-428.276,0.0669,-0.0288,0.9985,
12.377,IMU,294.8839,0.0000,147.4420,0.0000,0.0000,-844.780,-4.433,-1.500,-428.279,0.0674,-0.0312,0.9951,
12.391,ENC,294.8839,0.0000,147.4420,0.0000,0.0000,-844.780,-4.433,-1.500,-428.279,0.0674,-0.0312,0.9951,
12.397,IMU,294.8839,0.0000,147.4420,0.0000,0.0000,-844.780,-4.358,-1.479,-428.264,0.0703,-0.0225,1.0015,
12.409,ENC,294.8839,0.0000,147.4420,0.0000,0.0000,-844.780,-4.358,-1.479,-428.264,0.0703,-0.0225,1.0015,
12.417,IMU,294.8839,0.0000,147.4420,0.0000,0.0000,-844.780,-4.362,-1.469,-428.260,0.0635,-0.0190,0.9990,
12.430,ENC,294.8839,0.0000,147.4420,0.0000,0.0000,-844.780,-4.362,-1.469,-428.260,0.0635,-0.0190,0.9990,
12.437,IMU,294.8839,0.0000,147.4420,0.0000,0.0000,-844.780,-4.372,-1.491,-428.271,0.0771,-0.0376,0.9951,
12.449,ENC,294.8839,0.0000,147.4420,0.0000,0.0000,-844.780,-4.372,-1.491,-428.271,0.0771,-0.0376,0.9951,
12.457,IMU,294.8839,0.0000,147.4420,0.0000,0.0000,-844.780,-4.359,-1.461,-428.261,0.0747,-0.0249,0.9961,
12.469,ENC,294.8839,0.0000,147.4420,0.0000,0.0000,-844.780,-4.359,-1.461,-428.261,0.0747,-0.0249,0.9961,
12.477,IMU,294.8839,0.0000,147.4420,0.0000,0.0000,-844.780,-4.378,-1.468,-428.277,0.0713,-0.0254,0.9907,
12.522,IMU,294.8839,0.0000,147.4420,0.0000,0.0000,-844.780,-4.431,-1.496,-428.299,0.0620,-0.0264,0.9990,
12.529,ENC,294.8839,0.0000,147.4420,0.0000,0.0000,-844.780,-4.431,-1.496,-428.299,0.0620,-0.0264,0.9990,
12.537,IMU,294.8839,0.0000,147.4420,0.0000,0.0000,-844.780,-4.437,-1.501,-428.301,0.0610,-0.0264,0.9976,
12.549,ENC,294.8839,0.0000,147.4420,0.0000,0.0000,-844.780,-4.437,-1.501,-428.301,0.0610,-0.0264,0.9976,
12.557,IMU,294.8839,0.0000,147.4420,0.0000,0.0000,-844.780,-4.380,-1.491,-428.314,0.0635,-0.0283,0.9932,
12.569,ENC,294.8839,0.0000,147.4420,0.0000,0.0000,-844.780,-4.380,-1.491,-428.314,0.0635,-0.0283,0.9932,
12.584,IMU,294.8839,0.0000,147.4420,0.0000,0.0000,-844.780,-4.370,-1.501,-428.353,0.0679,-0.0205,0.9941,
12.591,ENC,294.8839,0.0000,147.4420,0.0000,0.0000,-844.780,-4.370,-1.501,-428.353,0.0679,-0.0205,0.9941,
12.597,IMU,294.8839,0.0000,147.4420,0.0000,0.0000,-844.780,-4.370,-1.524,-428.341,0.0635,-0.0220,0.9834,
12.610,ENC,294.8839,0.0000,147.4420,0.0000,0.0000,-844.780,-4.370,-1.524,-428.341,0.0635,-0.0220,0.9834,
12.617,IMU,294.8839,0.0000,147.4420,0.0000,0.0000,-844.780,-4.339,-1.531,-428.309,0.0698,-0.0146,0.9971,
12.630,ENC,294.8839,0.0000,147.4420,0.0000,0.0000,-844.780,-4.339,-1.531,-428.309,0.0698,-0.0146,0.9971,
12.637,IMU,294.8839,0.0000,147.4420,0.0000,0.0000,-844.780,-4.327,-1.507,-428.300,0.0679,-0.0288,0.9941,
12.649,ENC,294.8839,0.0000,147.4420,0.0000,0.0000,-844.780,-4.327,-1.507,-428.300,0.0679,-0.0288,0.9941,
12.657,IMU,294.8839,0.0000,147.4420,0.0000,0.0000,-844.780,-4.347,-1.471,-428.303,0.0791,-0.0215,0.9966,
12.674,ENC,294.8839,0.0000,147.4420,0.0000,0.0000,-844.780,-4.347,-1.471,-428.303,0.0791,-0.0215,0.9966,
12.677,IMU,294.8839,0.0000,147.4420,0.0000,0.0000,-844.780,-4.281,-1.484,-428.272,0.0723,-0.0312,1.0063,
12.689,ENC,294.8839,0.0000,147.4420,0.0000,0.0000,-844.780,-4.281,-1.484,-428.272,0.0723,-0.0312,1.0063,
12.697,IMU,294.8839,0.0000,147.4420,0.0000,0.0000,-844.780,-4.281,-1.512,-428.283,0.0723,-0.0278,0.9912,
12.710,ENC,294.8839,0.0000,147.4420,0.0000,0.0000,-844.780,-4.281,-1.512,-428.283,0.0723,-0.0278,0.9912,
12.716,IMU,294.8839,0.0000,147.4420,0.0000,0.0000,-844.780,-4.323,-1.439,-428.265,0.0762,-0.0298,1.0029,
12.731,ENC,294.8839,0.0000,147.4420,0.0000,0.0000,-844.780,-4.323,-1.439,-428.265,0.0762,-0.0298,1.0029,
12.744,IMU,294.8839,0.0000,147.4420,0.0000,0.0000,-844.780,-4.309,-1.438,-428.230,0.0718,-0.0410,0.9912,
12.753,ENC,294.8839,0.0000,147.4420,0.0000,0.0000,-844.780,-4.309,-1.438,-428.230,0.0718,-0.0410,0.9912,
12.758,IMU,294.8839,0.0000,147.4420,0.0000,0.0000,-844.780,-4.334,-1.420,-428.260,0.0693,-0.0200,0.9980,
12.769,ENC,294.8839,0.0000,147.4420,0.0000,0.0000,-844.780,-4.334,-1.420,-428.260,0.0693,-0.0200,0.9980,
12.777,IMU,294.8839,0.0000,147.4420,0.0000,0.0000,-844.780,-4.278,-1.462,-428.236,0.0649,-0.0415,0.9985,
12.789,ENC,294.8839,0.0000,147.4420,0.0000,0.0000,-844.780,-4.278,-1.462,-428.236,0.0649,-0.0415,0.9985,
12.797,IMU,294.8839,0.0000,147.4420,0.0000,0.0000,-844.780,-4.302,-1.451,-428.261,0.0752,-0.0361,0.9863,
12.812,ENC,294.8839,0.0000,147.4420,0.0000,0.0000,-844.780,-4.302,-1.451,-428.261,0.0752,-0.0361,0.9863,
12.817,IMU,294.8839,0.0000,147.4420,0.0000,0.0000,-844.780,-4.312,-1.451,-428.286,0.0684,-0.0229,1.0024,
12.832,ENC,294.8839,0.0000,147.4420,0.0000,0.0000,-844.780,-4.312,-1.451,-428.286,0.0684,-0.0229,1.0024,
12.837,IMU,294.8839,0.0000,147.4420,0.0000,0.0000,-844.780,-4.269,-1.471,-428.272,0.0723,-0.0171,1.0049,
12.849,ENC,294.8839,0.0000,147.4420,0.0000,0.0000,-844.780,-4.269,-1.471,-428.272,0.0723,-0.0171,1.0049,
12.858,IMU,294.8839,0.0000,147.4420,0.0000,0.0000,-844.780,-4.275,-1.510,-428.280,0.0728,-0.0381,1.0034,
12.870,ENC,294.8839,0.0000,147.4420,0.0000,0.0000,-844.780,-4.275,-1.510,-428.280,0.0728,-0.0381,1.0034,
12.878,IMU,294.8839,0.0000,147.4420,0.0000,0.0000,-844.780,-4.283,-1.552,-428.305,0.0698,-0.0376,1.0063,
12.889,ENC,294.8839,0.0000,147.4420,0.0000,0.0000,-844.780,-4.283,-1.552,-428.305,0.0698,-0.0376,1.0063,
12.897,IMU,294.8839,0.0000,147.4420,0.0000,0.0000,-844.780,-4.283,-1.553,-428.317,0.0757,-0.0278,0.9995,
12.909,ENC,294.8839,0.0000,147.4420,0.0000,0.0000,-844.780,-4.283,-1.553,-428.317,0.0757,-0.0278,0.9995,
12.916,IMU,294.8839,0.0000,147.4420,0.0000,0.0000,-844.780,-4.256,-1.573,-428.346,0.0630,-0.0366,0.9951,
12.929,ENC,294.8839,0.0000,147.4420,0.0000,0.0000,-844.780,-4.256,-1.573,-428.346,0.0630,-0.0366,0.9951,
12.937,IMU,294.8839,0.0000,147.4420,0.0000,0.0000,-844.780,-4.214,-1.612,-428.360,0.0659,-0.0332,0.9932,
12.961,ENC,294.8839,0.0000,147.4420,0.0000,0.0000,-844.780,-4.214,-1.612,-428.360,0.0659,-0.0332,0.9932,
12.969,ENC,294.8839,0.0000,147.4420,0.0000,0.0000,-844.780,-4.214,-1.612,-428.360,0.0659,-0.0332,0.9932,
12.976,IMU,294.8839,0.0000,147.4420,0.0000,0.0000,-844.780,-4.224,-1.606,-428.271,0.0625,-0.0244,0.9966,
12.989,ENC,294.8839,0.0000,147.4420,0.0000,0.0000,-844.780,-4.224,-1.606,-428.271,0.0625,-0.0244,0.9966,
12.998,IMU,294.8839,0.0000,147.4420,0.0000,0.0000,-844.780,-4.229,-1.634,-428.210,0.0708,-0.0264,1.0010,
13.010,ENC,294.8839,0.0000,147.4420,0.0000,0.0000,-844.780,-4.229,-1.634,-428.210,0.0708,-0.0264,1.0010,
13.025,IMU,294.8839,0.0000,147.4420,0.0000,0.0000,-844.780,-4.261,-1.623,-428.202,0.0713,-0.0200,0.9937,
13.029,ENC,294.8839,0.0000,147.4420,0.0000,0.0000,-844.780,-4.261,-1.623,-428.202,0.0713,-0.0200,0.9937,
13.037,IMU,294.8839,0.0000,147.4420,0.0000,0.0000,-844.780,-4.271,-1.591,-428.223,0.0566,-0.0298,0.9990,
13.049,ENC,294.8839,0.0000,147.4420,0.0000,0.0000,-844.780,-4.271,-1.591,-428.223,0.0566,-0.0298,0.9990,
13.060,IMU,294.8839,0.0000,147.4420,0.0000,0.0000,-844.780,-4.249,-1.591,-428.260,0.0552,-0.0342,0.9883,
13.069,ENC,294.8839,0.0000,147.4420,0.0000,0.0000,-844.780,-4.249,-1.591,-428.260,0.0552,-0.0342,0.9883,
13.077,IMU,294.8839,0.0000,147.4420,0.0000,0.0000,-844.780,-4.254,-1.614,-428.221,0.0713,-0.0244,0.9946,
13.089,ENC,294.8839,0.0000,147.4420,0.0000,0.0000,-844.780,-4.254,-1.614,-428.221,0.0713,-0.0244,0.9946,
13.102,IMU,294.8839,0.0000,147.4420,0.0000,0.0000,-844.780,-4.289,-1.615,-428.249,0.0635,-0.0259,0.9966,
13.109,ENC,294.8839,0.0000,147.4420,0.0000,0.0000,-844.780,-4.289,-1.615,-428.249,0.0635,-0.0259,0.9966,
13.129,ENC,294.8839,0.0000,147.4420,0.0000,0.0000,-844.780,-4.289,-1.615,-428.249,0.0635,-0.0259,0.9966,
13.138,IMU,294.8839,0.0000,147.4420,0.0000,0.0000,-844.780,-4.264,-1.661,-428.277,0.0581,-0.0229,1.0029,
13.149,ENC,294.8839,0.0000,147.4420,0.0000,0.0000,-844.780,-4.264,-1.661,-428.277,0.0581,-0.0229,1.0029,
13.157,IMU,294.8839,0.0000,147.4420,0.0000,0.0000,-844.780,-4.341,-1.675,-428.310,0.0669,-0.0269,0.9951,
13.169,ENC,294.8839,0.0000,147.4420,0.0000,0.0000,-844.780,-4.341,-1.675,-428.310,0.0669,-0.0269,0.9951,
13.189,ENC,294.8839,0.0000,147.4420,0.0000,0.0000,-844.780,-4.341,-1.675,-428.310,0.0669,-0.0269,0.9951,
13.197,IMU,294.8839,0.0000,147.4420,0.0000,0.0000,-844.780,-4.416,-1.773,-428.205,0.0674,-0.0264,1.0063,
13.210,ENC,294.8839,0.0000,147.4420,0.0000,0.0000,-844.780,-4.416,-1.773,-428.205,0.0674,-0.0264,1.0063,
13.217,IMU,294.8839,0.0000,147.4420,0.0000,0.0000,-844.780,-4.401,-1.743,-428.260,0.0723,-0.0396,0.9980,
13.230,ENC,294.8839,0.0000,147.4420,0.0000,0.0000,-844.780,-4.401,-1.743,-428.260,0.0723,-0.0396,0.9980,
13.237,IMU,294.8839,0.0000,147.4420,0.0000,0.0000,-844.780,-4.378,-1.715,-428.230,0.0659,-0.0264,1.0068,
13.249,ENC,294.8839,0.0000,147.4420,0.0000,0.0000,-844.780,-4.378,-1.715,-428.230,0.0659,-0.0264,1.0068,
13.257,IMU,294.8839,0.0000,147.4420,0.0000,0.0000,-844.780,-4.369,-1.750,-428.203,0.0757,-0.0371,1.0015,
13.269,ENC,294.8839,0.0000,147.4420,0.0000,0.0000,-844.780,-4.369,-1.750,-428.203,0.0757,-0.0371,1.0015,
13.277,IMU,294.8839,0.0000,147.4420,0.0000,0.0000,-844.780,-4.331,-1.746,-428.207,0.0708,-0.0234,1.0034,
13.290,ENC,294.8839,0.0000,147.4420,0.0000,0.0000,-844.780,-4.331,-1.746,-428.207,0.0708,-0.0234,1.0034,
13.297,IMU,294.8839,0.0000,147.4420,0.0000,0.0000,-844.780,-4.287,-1.760,-428.204,0.0601,-0.0249,0.9995,
13.310,ENC,294.8839,0.0000,147.4420,0.0000,0.0000,-844.780,-4.287,-1.760,-428.204,0.0601,-0.0249,0.9995,
13.318,IMU,294.8839,0.0000,147.4420,0.0000,0.0000,-844.780,-4.317,-1.839,-428.184,0.0767,-0.0386,0.9829,
13.329,ENC,294.8839,0.0000,147.4420,0.0000,0.0000,-844.780,-4.317,-1.839,-428.184,0.0767,-0.0386,0.9829,
13.336,IMU,294.8839,0.0000,147.4420,0.0000,0.0000,-844.780,-4.337,-1.823,-428.143,0.0640,-0.0176,0.9766,
13.349,ENC,294.8839,0.0000,147.4420,0.0000,0.0000,-844.780,-4.337,-1.823,-428.143,0.0640,-0.0176,0.9766,
13.357,IMU,294.8839,0.0000,147.4420,0.0000,0.0000,-844.780,-4.303,-1.821,-428.138,0.0518,-0.0386,0.9961,
13.369,ENC,294.8839,0.0000,147.4420,0.0000,0.0000,-844.780,-4.303,-1.821,-428.138,0.0518,-0.0386,0.9961,
13.377,IMU,294.8839,0.0000,147.4420,0.0000,0.0000,-844.780,-4.315,-1.792,-428.157,0.0737,-0.0293,1.0083,
13.389,ENC,294.8839,0.0000,147.4420,0.0000,0.0000,-844.780,-4.315,-1.792,-428.157,0.0737,-0.0293,1.0083,
13.397,IMU,294.8839,0.0000,147.4420,0.0000,0.0000,-844.780,-4.302,-1.813,-428.136,0.0732,-0.0156,1.0093,
13.413,ENC,294.8839,0.0000,147.4420,0.0000,0.0000,-844.780,-4.302,-1.813,-428.136,0.0732,-0.0156,1.0093,
13.417,IMU,294.8839,0.0000,147.4420,0.0000,0.0000,-844.780,-4.299,-1.829,-428.165,0.0537,-0.0293,0.9946,
13.431,ENC,294.8839,0.0000,147.4420,0.0000,0.0000,-844.780,-4.299,-1.829,-428.165,0.0537,-0.0293,0.9946,
13.437,IMU,294.8839,0.0000,147.4420,0.0000,0.0000,-844.780,-4.322,-1.812,-428.173,0.0630,-0.0127,0.9893,
13.449,ENC,294.8839,0.0000,147.4420,0.0000,0.0000,-844.780,-4.322,-1.812,-428.173,0.0630,-0.0127,0.9893,
13.457,IMU,294.8839,0.0000,147.4420,0.0000,0.0000,-844.780,-4.295,-1.814,-428.156,0.0684,-0.0249,1.0020,
13.469,ENC,294.8839,0.0000,147.4420,0.0000,0.0000,-844.780,-4.295,-1.814,-428.156,0.0684,-0.0249,1.0020,
13.476,IMU,294.8839,0.0000,147.4420,0.0000,0.0000,-844.780,-4.257,-1.812,-428.116,0.0698,-0.0239,0.9829,
13.491,ENC,294.8839,0.0000,147.4420,0.0000,0.0000,-844.780,-4.257,-1.812,-428.116,0.0698,-0.0239,0.9829,
13.497,IMU,294.8839,0.0000,147.4420,0.0000,0.0000,-844.780,-4.298,-1.781,-428.148,0.0664,-0.0205,1.0000,
13.509,ENC,294.8839,0.0000,147.4420,0.0000,0.0000,-844.780,-4.298,-1.781,-428.148,0.0664,-0.0205,1.0000,
13.517,IMU,294.8839,0.0000,147.4420,0.0000,0.0000,-844.780,-4.294,-1.765,-428.147,0.0669,-0.0142,1.0044,
13.529,ENC,294.8839,0.0000,147.4420,0.0000,0.0000,-844.780,-4.294,-1.765,-428.147,0.0669,-0.0142,1.0044,
13.537,IMU,294.8839,0.0000,147.4420,0.0000,0.0000,-844.780,-4.266,-1.725,-428.092,0.0615,-0.0186,0.9922,
13.549,ENC,294.8839,0.0000,147.4420,0.0000,0.0000,-844.780,-4.266,-1.725,-428.092,0.0615,-0.0186,0.9922,
13.557,IMU,294.8839,0.0000,147.4420,0.0000,0.0000,-844.780,-4.239,-1.739,-428.091,0.0703,-0.0254,1.0010,
13.570,ENC,294.8839,0.0000,147.4420,0.0000,0.0000,-844.780,-4.239,-1.739,-428.091,0.0703,-0.0254,1.0010,
13.583,IMU,294.8839,0.0000,147.4420,0.0000,0.0000,-844.780,-4.236,-1.767,-428.118,0.0762,-0.0259,0.9971,
13.592,ENC,294.8839,0.0000,147.4420,0.0000,0.0000,-844.780,-4.236,-1.767,-428.118,0.0762,-0.0259,0.9971,
13.597,IMU,294.8839,0.0000,147.4420,0.0000,0.0000,-844.780,-4.235,-1.773,-428.135,0.0610,-0.0215,1.0034,
13.609,ENC,294.8839,0.0000,147.4420,0.0000,0.0000,-844.780,-4.235,-1.773,-428.135,0.0610,-0.0215,1.0034,
13.617,IMU,294.8839,0.0000,147.4420,0.0000,0.0000,-844.780,-4.230,-1.710,-428.128,0.0522,-0.0181,0.9951,
13.631,ENC,294.8839,0.0000,147.4420,0.0000,0.0000,-844.780,-4.230,-1.710,-428.128,0.0522,-0.0181,0.9951,
13.637,IMU,294.8839,0.0000,147.4420,0.0000,0.0000,-844.780,-4.235,-1.723,-428.128,0.0684,-0.0215,1.0059,
13.649,ENC,294.8839,0.0000,147.4420,0.0000,0.0000,-844.780,-4.235,-1.723,-428.128,0.0684,-0.0215,1.0059,
13.656,IMU,294.8839,0.0000,147.4420,0.0000,0.0000,-844.780,-4.253,-1.736,-428.106,0.0771,-0.0220,0.9990,
13.679,ENC,294.8839,0.0000,147.4420,0.0000,0.0000,-844.780,-4.253,-1.736,-428.106,0.0771,-0.0220,0.9990,
13.682,IMU,294.8839,0.0000,147.4420,0.0000,0.0000,-844.780,-4.263,-1.742,-428.137,0.0771,-0.0356,0.9951,
13.689,ENC,294.8839,0.0000,147.4420,0.0000,0.0000,-844.780,-4.263,-1.742,-428.137,0.0771,-0.0356,0.9951,
13.698,IMU,294.8839,0.0000,147.4420,0.0000,0.0000,-844.780,-4.232,-1.771,-428.146,0.0713,-0.0205,0.9995,
13.709,ENC,294.8839,0.0000,147.4420,0.0000,0.0000,-844.780,-4.232,-1.771,-428.146,0.0713,-0.0205,0.9995,
13.716,IMU,294.8839,0.0000,147.4420,0.0000,0.0000,-844.780,-4.235,-1.771,-428.145,0.0674,-0.0288,0.9961,
13.739,ENC,294.8839,0.0000,147.4420,0.0000,0.0000,-844.780,-4.235,-1.771,-428.145,0.0674,-0.0288,0.9961,
13.750,ENC,294.8839,0.0000,147.4420,0.0000,0.0000,-844.780,-4.235,-1.771,-428.145,0.0674,-0.0288,0.9961,
13.756,IMU,294.8839,0.0000,147.4420,0.0000,0.0000,-844.780,-4.247,-1.802,-428.105,0.0728,-0.0356,0.9731,
13.769,ENC,294.8839,0.0000,147.4420,0.0000,0.0000,-844.780,-4.247,-1.802,-428.105,0.0728,-0.0356,0.9731,
13.777,IMU,294.8839,0.0000,147.4420,0.0000,0.0000,-844.780,-4.240,-1.795,-428.054,0.0630,-0.0376,0.9951,
13.789,ENC,294.8839,0.0000,147.4420,0.0000,0.0000,-844.780,-4.240,-1.795,-428.054,0.0630,-0.0376,0.9951,
13.797,IMU,294.8839,0.0000,147.4420,0.0000,0.0000,-844.780,-4.246,-1.772,-428.062,0.0786,-0.0239,0.9868,
13.810,ENC,294.8839,0.0000,147.4420,0.0000,0.0000,-844.780,-4.246,-1.772,-428.062,0.0786,-0.0239,0.9868,
13.829,ENC,294.8839,0.0000,147.4420,0.0000,0.0000,-844.780,-4.246,-1.772,-428.062,0.0786,-0.0239,0.9868,
13.838,IMU,294.8839,0.0000,147.4420,0.0000,0.0000,-844.780,-4.298,-1.693,-428.058,0.0723,-0.0283,0.9966,
13.849,ENC,294.8839,0.0000,147.4420,0.0000,0.0000,-844.780,-4.298,-1.693,-428.058,0.0723,-0.0283,0.9966,
13.857,IMU,294.8839,0.0000,147.4420,0.0000,0.0000,-844.780,-4.296,-1.682,-428.059,0.0625,-0.0273,1.0010,
13.869,ENC,294.8839,0.0000,147.4420,0.0000,0.0000,-844.780,-4.296,-1.682,-428.059,0.0625,-0.0273,1.0010,
13.879,IMU,294.8839,0.0000,147.4420,0.0000,0.0000,-844.780,-4.286,-1.684,-428.046,0.0615,-0.0415,0.9888,
13.889,ENC,294.8839,0.0000,147.4420,0.0000,0.0000,-844.780,-4.286,-1.684,-428.046,0.0615,-0.0415,0.9888,
13.901,IMU,294.8839,0.0000,147.4420,0.0000,0.0000,-844.780,-4.255,-1.717,-428.065,0.0649,-0.0312,1.0044,
13.909,ENC,294.8839,0.0000,147.4420,0.0000,0.0000,-844.780,-4.255,-1.717,-428.065,0.0649,-0.0312,1.0044,
13.917,IMU,294.8839,0.0000,147.4420,0.0000,0.0000,-844.780,-4.273,-1.732,-428.029,0.0581,-0.0298,0.9937,
13.932,ENC,294.8839,0.0000,147.4420,0.0000,0.0000,-844.780,-4.273,-1.732,-428.029,0.0581,-0.0298,0.9937,
13.949,ENC,294.8839,0.0000,147.4420,0.0000,0.0000,-844.780,-4.273,-1.732,-428.029,0.0581,-0.0298,0.9937,
13.957,IMU,294.8839,0.0000,147.4420,0.0000,0.0000,-844.780,-4.309,-1.691,-428.039,0.0693,-0.0156,0.9980,
13.970,ENC,294.8839,0.0000,147.4420,0.0000,0.0000,-844.780,-4.309,-1.691,-428.039,0.0693,-0.0156,0.9980,
13.977,IMU,294.8839,0.0000,147.4420,0.0000,0.0000,-844.780,-4.332,-1.689,-428.054,0.0845,-0.0181,0.9995,
13.994,ENC,294.8839,0.0000,147.4420,0.0000,0.0000,-844.780,-4.332,-1.689,-428.054,0.0845,-0.0181,0.9995,
13.999,IMU,294.8839,0.0000,147.4420,0.0000,0.0000,-844.780,-4.385,-1.688,-428.049,0.0757,-0.0259,0.9907,
14.009,ENC,294.8839,0.0000,147.4420,0.0000,0.0000,-844.780,-4.385,-1.688,-428.049,0.0757,-0.0259,0.9907,
14.017,IMU,294.8839,0.0000,147.4420,0.0000,0.0000,-844.780,-4.330,-1.685,-428.000,0.0479,-0.0293,1.0024,
14.029,ENC,294.8839,0.0000,147.4420,0.0000,0.0000,-844.780,-4.330,-1.685,-428.000,0.0479,-0.0293,1.0024,
14.037,IMU,294.8839,0.0000,147.4420,0.0000,0.0000,-844.780,-4.334,-1.666,-427.983,0.0698,-0.0342,0.9888,
14.052,ENC,294.8839,0.0000,147.4420,0.0000,0.0000,-844.780,-4.334,-1.666,-427.983,0.0698,-0.0342,0.9888,
14.057,IMU,294.8839,0.0000,147.4420,0.0000,0.0000,-844.780,-4.313,-1.658,-427.990,0.0737,-0.0225,0.9951,
14.071,ENC,294.8839,0.0000,147.4420,0.0000,0.0000,-844.780,-4.313,-1.658,-427.990,0.0737,-0.0225,0.9951,
14.077,IMU,294.8839,0.0000,147.4420,0.0000,0.0000,-844.780,-4.272,-1.681,-428.039,0.0640,-0.0234,0.9917,
14.091,ENC,294.8839,0.0000,147.4420,0.0000,0.0000,-844.780,-4.272,-1.681,-428.039,0.0640,-0.0234,0.9917,
14.098,IMU,294.8839,0.0000,147.4420,0.0000,0.0000,-844.780,-4.289,-1.717,-428.069,0.0674,-0.0400,0.9907,
14.109,ENC,294.8839,0.0000,147.4420,0.0000,0.0000,-844.780,-4.289,-1.717,-428.069,0.0674,-0.0400,0.9907,
14.117,IMU,294.8839,0.0000,147.4420,0.0000,0.0000,-844.780,-4.314,-1.755,-428.089,0.0688,-0.0386,0.9956,
14.129,ENC,294.8839,0.0000,147.4420,0.0000,0.0000,-844.780,-4.314,-1.755,-428.089,0.0688,-0.0386,0.9956,
14.140,IMU,294.8839,0.0000,147.4420,0.0000,0.0000,-844.780,-4.316,-1.731,-428.061,0.0762,-0.0293,0.9995,
14.149,ENC,294.8839,0.0000,147.4420,0.0000,0.0000,-844.780,-4.316,-1.731,-428.061,0.0762,-0.0293,0.9995,
14.157,IMU,294.8839,0.0000,147.4420,0.0000,0.0000,-844.780,-4.335,-1.734,-428.070,0.0718,-0.0146,0.9878,
14.169,ENC,294.8839,0.0000,147.4420,0.0000,0.0000,-844.780,-4.335,-1.734,-428.070,0.0718,-0.0146,0.9878,
14.177,IMU,294.8839,0.0000,147.4420,0.0000,0.0000,-844.780,-4.296,-1.753,-428.062,0.0762,-0.0312,1.0039,
14.189,ENC,294.8839,0.0000,147.4420,0.0000,0.0000,-844.780,-4.296,-1.753,-428.062,0.0762,-0.0312,1.0039,
14.196,IMU,294.8839,0.0000,147.4420,0.0000,0.0000,-844.780,-4.259,-1.781,-428.062,0.0620,-0.0415,1.0049,
14.209,ENC,294.8839,0.0000,147.4420,0.0000,0.0000,-844.780,-4.259,-1.781,-428.062,0.0620,-0.0415,1.0049,
14.224,IMU,294.8839,0.0000,147.4420,0.0000,0.0000,-844.780,-4.279,-1.801,-428.113,0.0718,-0.0327,0.9893,
14.229,ENC,294.8839,0.0000,147.4420,0.0000,0.0000,-844.780,-4.279,-1.801,-428.113,0.0718,-0.0327,0.9893,
14.251,ENC,294.8839,0.0000,147.4420,0.0000,0.0000,-844.780,-4.279,-1.801,-428.113,0.0718,-0.0327,0.9893,
14.255,IMU,294.8839,0.0000,147.4420,0.0000,0.0000,-844.780,-4.254,-1.809,-428.105,0.0698,-0.0327,0.9951,
14.258,IMU,294.8839,0.0000,147.4420,0.0000,0.0000,-844.780,-4.280,-1.790,-428.038,0.0630,-0.0332,1.0088,
14.269,ENC,294.8839,0.0000,147.4420,0.0000,0.0000,-844.780,-4.280,-1.790,-428.038,0.0630,-0.0332,1.0088,
14.277,IMU,294.8839,0.0000,147.4420,0.0000,0.0000,-844.780,-4.241,-1.785,-428.045,0.0630,-0.0186,0.9990,
14.289,ENC,294.8839,0.0000,147.4420,0.0000,0.0000,-844.780,-4.241,-1.785,-428.045,0.0630,-0.0186,0.9990,
14.297,IMU,294.8839,0.0000,147.4420,0.0000,0.0000,-844.780,-4.271,-1.732,-428.034,0.0889,-0.0137,0.9941,
14.309,ENC,294.8839,0.0000,147.4420,0.0000,0.0000,-844.780,-4.271,-1.732,-428.034,0.0889,-0.0137,0.9941,
14.330,ENC,294.8839,0.0000,147.4420,0.0000,0.0000,-844.780,-4.271,-1.732,-428.034,0.0889,-0.0137,0.9941,
14.337,IMU,294.8839,0.0000,147.4420,0.0000,0.0000,-844.780,-4.311,-1.743,-427.904,0.0610,-0.0308,0.9897,
14.348,ENC,294.8839,0.0000,147.4420,0.0000,0.0000,-844.780,-4.311,-1.743,-427.904,0.0610,-0.0308,0.9897,
14.358,IMU,294.8839,0.0000,147.4420,0.0000,0.0000,-844.780,-4.279,-1.776,-427.904,0.0557,-0.0259,0.9922,
14.369,ENC,294.8839,0.0000,147.4420,0.0000,0.0000,-844.780,-4.279,-1.776,-427.904,0.0557,-0.0259,0.9922,
14.377,IMU,294.8839,0.0000,147.4420,0.0000,0.0000,-844.780,-4.275,-1.813,-427.926,0.0645,-0.0283,0.9922,
14.389,ENC,294.8822,0.0000,147.4411,-0.0852,0.0000,-844.775,-4.275,-1.813,-427.926,0.0645,-0.0283,0.9922,
14.398,IMU,294.8822,0.0000,147.4411,-0.0852,0.0000,-844.775,-4.279,-1.802,-427.942,0.0679,-0.0273,0.9976,
14.409,ENC,294.8839,0.0000,147.4420,0.0852,0.0000,-844.780,-4.279,-1.802,-427.942,0.0679,-0.0273,0.9976,
14.416,IMU,294.8839,0.0000,147.4420,0.0852,0.0000,-844.780,-4.247,-1.848,-427.925,0.0601,-0.0410,0.9946,
14.434,ENC,294.8839,-0.2182,147.3329,0.0000,-10.9083,-845.405,-4.247,-1.848,-427.925,0.0601,-0.0410,0.9946,
14.437,IMU,294.8839,-0.2182,147.3329,0.0000,-10.9083,-845.405,-4.232,-1.853,-427.955,0.0825,-0.0283,0.9897,
14.450,ENC,294.8839,0.0000,147.4420,0.0000,10.9083,-844.780,-4.232,-1.853,-427.955,0.0825,-0.0283,0.9897,
14.460,IMU,294.8839,0.0000,147.4420,0.0000,10.9083,-844.780,-4.274,-1.842,-427.939,0.0747,-0.0220,0.9902,
14.469,ENC,294.8839,0.0000,147.4420,0.0000,0.0000,-844.780,-4.274,-1.842,-427.939,0.0747,-0.0220,0.9902,
14.477,IMU,294.8839,0.0000,147.4420,0.0000,0.0000,-844.780,-4.247,-1.826,-427.947,0.0718,-0.0352,0.9922,
14.489,ENC,294.8839,0.0000,147.4420,0.0000,0.0000,-844.780,-4.247,-1.826,-427.947,0.0718,-0.0352,0.9922,
14.497,IMU,294.8839,0.0000,147.4420,0.0000,0.0000,-844.780,-4.240,-1.812,-427.952,0.0591,-0.0288,0.9912,
14.509,ENC,294.8839,0.0000,147.4420,0.0000,0.0000,-844.780,-4.240,-1.812,-427.952,0.0591,-0.0288,0.9912,
14.516,IMU,294.8839,0.0000,147.4420,0.0000,0.0000,-844.780,-4.261,-1.804,-427.945,0.0718,-0.0308,0.9990,
14.532,ENC,294.8839,0.0000,147.4420,0.0000,0.0000,-844.780,-4.261,-1.804,-427.945,0.0718,-0.0308,0.9990,
14.540,IMU,294.8839,0.0000,147.4420,0.0000,0.0000,-844.780,-4.242,-1.781,-427.957,0.0703,-0.0225,1.0063,
14.550,ENC,294.8839,0.0000,147.4420,0.0000,0.0000,-844.780,-4.242,-1.781,-427.957,0.0703,-0.0225,1.0063,
14.557,IMU,294.8839,0.0000,147.4420,0.0000,0.0000,-844.780,-4.224,-1.777,-427.966,0.0679,-0.0225,0.9980,
14.568,ENC,294.8839,0.0000,147.4420,0.0000,0.0000,-844.780,-4.224,-1.777,-427.966,0.0679,-0.0225,0.9980,
14.577,IMU,294.8839,0.0000,147.4420,0.0000,0.0000,-844.780,-4.203,-1.811,-427.994,0.0576,-0.0273,0.9941,
14.594,ENC,294.8839,0.0000,147.4420,0.0000,0.0000,-844.780,-4.203,-1.811,-427.994,0.0576,-0.0273,0.9941,
14.597,IMU,294.8839,0.0000,147.4420,0.0000,0.0000,-844.780,-4.219,-1.799,-427.951,0.0708,-0.0200,1.0049,
14.609,ENC,294.8839,0.0000,147.4420,0.0000,0.0000,-844.780,-4.219,-1.799,-427.951,0.0708,-0.0200,1.0049,
14.629,ENC,294.8839,0.0000,147.4420,0.0000,0.0000,-844.780,-4.219,-1.799,-427.951,0.0708,-0.0200,1.0049,
14.637,IMU,294.8839,0.0000,147.4420,0.0000,0.0000,-844.780,-4.180,-1.820,-427.956,0.0684,-0.0371,0.9937,
14.649,ENC,294.8839,0.0000,147.4420,0.0000,0.0000,-844.780,-4.180,-1.820,-427.956,0.0684,-0.0371,0.9937,
14.669,ENC,294.8822,0.0000,147.4411,-0.0852,0.0000,-844.775,-4.180,-1.820,-427.956,0.0684,-0.0371,0.9937,
14.677,IMU,294.8822,0.0000,147.4411,-0.0852,0.0000,-844.775,-4.150,-1.844,-427.988,0.0591,-0.0278,0.9883,
14.712,ENC,294.8839,0.0000,147.4420,0.0426,0.0000,-844.780,-4.150,-1.844,-427.988,0.0591,-0.0278,0.9883,
14.717,IMU,294.8839,0.0000,147.4420,0.0426,0.0000,-844.780,-4.103,-1.879,-427.983,0.0601,-0.0190,0.9927,
14.729,ENC,294.8839,0.0000,147.4420,0.0000,0.0000,-844.780,-4.103,-1.879,-427.983,0.0601,-0.0190,0.9927,
14.737,IMU,294.8839,0.0000,147.4420,0.0000,0.0000,-844.780,-4.095,-1.865,-427.904,0.0625,-0.0215,0.9868,
14.749,ENC,294.8839,0.0000,147.4420,0.0000,0.0000,-844.780,-4.095,-1.865,-427.904,0.0625,-0.0215,0.9868,
14.772,ENC,294.8839,0.0000,147.4420,0.0000,0.0000,-844.780,-4.095,-1.865,-427.904,0.0625,-0.0215,0.9868,
14.776,IMU,294.8839,0.0000,147.4420,0.0000,0.0000,-844.780,-4.085,-1.849,-427.777,0.0654,-0.0259,0.9902,
14.789,ENC,294.8839,0.0000,147.4420,0.0000,0.0000,-844.780,-4.085,-1.849,-427.777,0.0654,-0.0259,0.9902,
14.800,IMU,294.8839,0.0000,147.4420,0.0000,0.0000,-844.780,-4.125,-1.858,-427.780,0.0684,-0.0259,0.9883,
14.810,ENC,294.8822,0.0000,147.4411,-0.0852,0.0000,-844.775,-4.125,-1.858,-427.780,0.0684,-0.0259,0.9883,
14.820,IMU,294.8822,0.0000,147.4411,-0.0852,0.0000,-844.775,-4.113,-1.851,-427.729,0.0786,-0.0273,1.0039,
14.830,ENC,294.8839,0.0000,147.4420,0.0852,0.0000,-844.780,-4.113,-1.851,-427.729,0.0786,-0.0273,1.0039,
14.849,ENC,294.8839,0.0000,147.4420,0.0000,0.0000,-844.780,-4.113,-1.851,-427.729,0.0786,-0.0273,1.0039,
14.857,IMU,294.8839,0.0000,147.4420,0.0000,0.0000,-844.780,-4.173,-1.828,-427.668,0.0679,-0.0415,0.9971,
14.869,ENC,294.8839,0.0000,147.4420,0.0000,0.0000,-844.780,-4.173,-1.828,-427.668,0.0679,-0.0415,0.9971,
14.877,IMU,294.8839,0.0000,147.4420,0.0000,0.0000,-844.780,-4.243,-1.807,-427.651,0.0801,-0.0127,0.9976,
14.889,ENC,294.8822,0.0000,147.4411,-0.0852,0.0000,-844.775,-4.243,-1.807,-427.651,0.0801,-0.0127,0.9976,
14.896,IMU,294.8822,0.0000,147.4411,-0.0852,0.0000,-844.775,-4.234,-1.788,-427.659,0.0664,-0.0317,0.9927,
14.909,ENC,294.8822,0.0000,147.4411,0.0000,0.0000,-844.775,-4.234,-1.788,-427.659,0.0664,-0.0317,0.9927,
14.917,IMU,294.8822,0.0000,147.4411,0.0000,0.0000,-844.775,-4.229,-1.804,-427.681,0.0654,-0.0293,0.9976,
14.934,ENC,294.8839,0.0000,147.4420,0.0852,0.0000,-844.780,-4.229,-1.804,-427.681,0.0654,-0.0293,0.9976,
14.939,IMU,294.8839,0.0000,147.4420,0.0852,0.0000,-844.780,-4.256,-1.802,-427.701,0.0654,-0.0361,0.9980,
14.949,ENC,294.8839,0.0000,147.4420,0.0000,0.0000,-844.780,-4.256,-1.802,-427.701,0.0654,-0.0361,0.9980,
14.956,IMU,294.8839,0.0000,147.4420,0.0000,0.0000,-844.780,-4.226,-1.834,-427.710,0.0591,-0.0273,1.0088,
14.970,ENC,294.8839,0.0000,147.4420,0.0000,0.0000,-844.780,-4.226,-1.834,-427.710,0.0591,-0.0273,1.0088,
14.977,IMU,294.8839,0.0000,147.4420,0.0000,0.0000,-844.780,-4.222,-1.813,-427.723,0.0684,-0.0220,0.9985,
14.989,ENC,294.8839,0.0000,147.4420,0.0000,0.0000,-844.780,-4.222,-1.813,-427.723,0.0684,-0.0220,0.9985,
14.996,IMU,294.8839,0.0000,147.4420,0.0000,0.0000,-844.780,-4.256,-1.810,-427.692,0.0645,-0.0332,0.9995,
15.010,ENC,294.8839,0.0000,147.4420,0.0000,0.0000,-844.780,-4.256,-1.810,-427.692,0.0645,-0.0332,0.9995,
15.019,IMU,294.8839,0.0000,147.4420,0.0000,0.0000,-844.780,-4.266,-1.794,-427.692,0.0664,-0.0156,1.0068,
15.029,ENC,294.8839,0.0000,147.4420,0.0000,0.0000,-844.780,-4.266,-1.794,-427.692,0.0664,-0.0156,1.0068,
15.049,ENC,294.8839,0.0000,147.4420,0.0000,0.0000,-844.780,-4.266,-1.794,-427.692,0.0664,-0.0156,1.0068,
15.057,IMU,294.8839,0.0000,147.4420,0.0000,0.0000,-844.780,-4.261,-1.793,-427.645,0.0581,-0.0220,0.9946,
15.068,ENC,294.8839,0.0000,147.4420,0.0000,0.0000,-844.780,-4.261,-1.793,-427.645,0.0581,-0.0220,0.9946,
15.077,IMU,294.8839,0.0000,147.4420,0.0000,0.0000,-844.780,-4.256,-1.758,-427.653,0.0762,-0.0146,1.0010,
15.093,ENC,294.8839,0.0000,147.4420,0.0000,0.0000,-844.780,-4.256,-1.758,-427.653,0.0762,-0.0146,1.0010,
15.102,IMU,294.8839,0.0000,147.4420,0.0000,0.0000,-844.780,-4.252,-1.737,-427.636,0.0698,-0.0249,0.9912,
15.109,ENC,294.8822,0.0000,147.4411,-0.0852,0.0000,-844.775,-4.252,-1.737,-427.636,0.0698,-0.0249,0.9912,
15.122,IMU,294.8822,0.0000,147.4411,-0.0852,0.0000,-844.775,-4.268,-1.722,-427.670,0.0786,-0.0146,0.9961,
15.135,ENC,294.8839,0.0000,147.4420,0.0852,0.0000,-844.780,-4.268,-1.722,-427.670,0.0786,-0.0146,0.9961,
15.138,IMU,294.8839,0.0000,147.4420,0.0852,0.0000,-844.780,-4.227,-1.734,-427.631,0.0703,-0.0269,1.0015,
15.151,ENC,294.8839,0.2045,147.5442,0.0000,10.2265,-844.194,-4.227,-1.734,-427.631,0.0703,-0.0269,1.0015,
15.157,IMU,294.8839,0.2045,147.5442,0.0000,10.2265,-844.194,-4.255,-1.745,-427.580,0.0732,-0.0239,0.9927,
15.180,ENC,294.8839,0.0000,147.4420,0.0000,-10.2265,-844.780,-4.255,-1.745,-427.580,0.0732,-0.0239,0.9927,
15.184,IMU,294.8839,0.0000,147.4420,0.0000,-10.2265,-844.780,-4.271,-1.758,-427.586,0.0718,-0.0225,1.0015,
15.190,ENC,294.8839,0.0000,147.4420,0.0000,0.0000,-844.780,-4.271,-1.758,-427.586,0.0718,-0.0225,1.0015,
15.198,IMU,294.8839,0.0000,147.4420,0.0000,0.0000,-844.780,-4.275,-1.727,-427.598,0.0693,-0.0322,0.9995,
15.209,ENC,294.8839,0.0000,147.4420,0.0000,0.0000,-844.780,-4.275,-1.727,-427.598,0.0693,-0.0322,0.9995,
15.218,IMU,294.8839,0.0000,147.4420,0.0000,0.0000,-844.780,-4.247,-1.729,-427.656,0.0688,-0.0215,0.9897,
15.231,ENC,294.8839,0.0000,147.4420,0.0000,0.0000,-844.780,-4.247,-1.729,-427.656,0.0688,-0.0215,0.9897,
15.237,IMU,294.8839,0.0000,147.4420,0.0000,0.0000,-844.780,-4.247,-1.741,-427.670,0.0625,-0.0249,1.0059,
15.251,ENC,294.8839,0.0000,147.4420,0.0000,0.0000,-844.780,-4.247,-1.741,-427.670,0.0625,-0.0249,1.0059,
15.257,IMU,294.8839,0.0000,147.4420,0.0000,0.0000,-844.780,-4.240,-1.785,-427.688,0.0708,-0.0273,0.9917,
15.271,ENC,294.8839,0.0000,147.4420,0.0000,0.0000,-844.780,-4.240,-1.785,-427.688,0.0708,-0.0273,0.9917,
15.277,IMU,294.8839,0.0000,147.4420,0.0000,0.0000,-844.780,-4.237,-1.812,-427.651,0.0566,-0.0283,1.0059,
15.290,ENC,294.8839,0.0000,147.4420,0.0000,0.0000,-844.780,-4.237,-1.812,-427.651,0.0566,-0.0283,1.0059,
15.311,ENC,294.8839,0.0000,147.4420,0.0000,0.0000,-844.780,-4.237,-1.812,-427.651,0.0566,-0.0283,1.0059,
15.319,IMU,294.8839,0.0000,147.4420,0.0000,0.0000,-844.780,-4.205,-1.770,-427.640,0.0664,-0.0186,1.0015,
15.332,ENC,294.8839,0.0000,147.4420,0.0000,0.0000,-844.780,-4.205,-1.770,-427.640,0.0664,-0.0186,1.0015,
15.337,IMU,294.8839,0.0000,147.4420,0.0000,0.0000,-844.780,-4.211,-1.780,-427.634,0.0640,-0.0308,0.9854,
15.348,ENC,294.8839,0.0000,147.4420,0.0000,0.0000,-844.780,-4.211,-1.780,-427.634,0.0640,-0.0308,0.9854,
15.377,IMU,294.8839,0.0000,147.4420,0.0000,0.0000,-844.780,-4.201,-1.851,-427.748,0.0767,-0.0264,1.0034,
15.390,ENC,294.8839,0.0000,147.4420,0.0000,0.0000,-844.780,-4.201,-1.851,-427.748,0.0767,-0.0264,1.0034,
15.396,IMU,294.8839,0.0000,147.4420,0.0000,0.0000,-844.780,-4.191,-1.849,-427.717,0.0679,-0.0298,1.0063,
15.409,ENC,294.8839,0.0000,147.4420,0.0000,0.0000,-844.780,-4.191,-1.849,-427.717,0.0679,-0.0298,1.0063,
15.418,IMU,294.8839,0.0000,147.4420,0.0000,0.0000,-844.780,-4.166,-1.869,-427.739,0.0659,-0.0430,1.0000,
15.430,ENC,294.8839,0.0000,147.4420,0.0000,0.0000,-844.780,-4.166,-1.869,-427.739,0.0659,-0.0430,1.0000,
15.437,IMU,294.8839,0.0000,147.4420,0.0000,0.0000,-844.780,-4.114,-1.852,-427.739,0.0664,-0.0273,0.9922,
15.450,ENC,294.8839,0.0000,147.4420,0.0000,0.0000,-844.780,-4.114,-1.852,-427.739,0.0664,-0.0273,0.9922,
15.457,IMU,294.8839,0.0000,147.4420,0.0000,0.0000,-844.780,-4.114,-1.867,-427.788,0.0728,-0.0259,0.9990,
15.469,ENC,294.8822,0.0000,147.4411,-0.0852,0.0000,-844.775,-4.114,-1.867,-427.788,0.0728,-0.0259,0.9990,
15.481,IMU,294.8822,0.0000,147.4411,-0.0852,0.0000,-844.775,-4.113,-1.893,-427.829,0.0713,-0.0190,0.9971,
15.489,ENC,294.8839,0.0000,147.4420,0.0852,0.0000,-844.780,-4.113,-1.893,-427.829,0.0713,-0.0190,0.9971,
15.497,IMU,294.8839,0.0000,147.4420,0.0852,0.0000,-844.780,-4.100,-1.890,-427.787,0.0698,-0.0239,1.0078,
15.509,ENC,294.8839,0.0000,147.4420,0.0000,0.0000,-844.780,-4.100,-1.890,-427.787,0.0698,-0.0239,1.0078,
15.517,IMU,294.8839,0.0000,147.4420,0.0000,0.0000,-844.780,-4.069,-1.878,-427.804,0.0659,-0.0273,0.9990,
15.532,ENC,294.8839,0.0000,147.4420,0.0000,0.0000,-844.780,-4.069,-1.878,-427.804,0.0659,-0.0273,0.9990,
15.537,IMU,294.8839,0.0000,147.4420,0.0000,0.0000,-844.780,-4.087,-1.847,-427.810,0.0630,-0.0254,0.9927,
15.549,ENC,294.8839,0.0000,147.4420,0.0000,0.0000,-844.780,-4.087,-1.847,-427.810,0.0630,-0.0254,0.9927,
15.557,IMU,294.8839,0.0000,147.4420,0.0000,0.0000,-844.780,-4.048,-1.855,-427.794,0.0703,-0.0361,0.9937,
15.569,ENC,294.8839,0.0000,147.4420,0.0000,0.0000,-844.780,-4.048,-1.855,-427.794,0.0703,-0.0361,0.9937,
15.579,IMU,294.8839,0.0000,147.4420,0.0000,0.0000,-844.780,-4.069,-1.863,-427.808,0.0625,-0.0278,0.9941,
15.590,ENC,294.8839,0.0000,147.4420,0.0000,0.0000,-844.780,-4.069,-1.863,-427.808,0.0625,-0.0278,0.9941,
15.597,IMU,294.8839,0.0000,147.4420,0.0000,0.0000,-844.780,-4.080,-1.876,-427.856,0.0713,-0.0327,0.9902,
15.609,ENC,294.8839,0.0000,147.4420,0.0000,0.0000,-844.780,-4.080,-1.876,-427.856,0.0713,-0.0327,0.9902,
15.620,IMU,294.8839,0.0000,147.4420,0.0000,0.0000,-844.780,-4.057,-1.889,-427.837,0.0703,-0.0317,1.0005,
15.629,ENC,294.8839,0.0000,147.4420,0.0000,0.0000,-844.780,-4.057,-1.889,-427.837,0.0703,-0.0317,1.0005,
15.637,IMU,294.8839,0.0000,147.4420,0.0000,0.0000,-844.780,-4.086,-1.855,-427.869,0.0703,-0.0342,1.0005,
15.649,ENC,294.8839,0.0000,147.4420,0.0000,0.0000,-844.780,-4.086,-1.855,-427.869,0.0703,-0.0342,1.0005,
15.657,IMU,294.8839,0.0000,147.4420,0.0000,0.0000,-844.780,-4.096,-1.827,-427.885,0.0708,-0.0259,0.9995,
15.669,ENC,294.8839,0.0000,147.4420,0.0000,0.0000,-844.780,-4.096,-1.827,-427.885,0.0708,-0.0259,0.9995,
15.676,IMU,294.8839,0.0000,147.4420,0.0000,0.0000,-844.780,-4.040,-1.830,-427.901,0.0615,-0.0317,0.9956,
15.692,ENC,294.8839,0.0000,147.4420,0.0000,0.0000,-844.780,-4.040,-1.830,-427.901,0.0615,-0.0317,0.9956,
15.701,IMU,294.8839,0.0000,147.4420,0.0000,0.0000,-844.780,-4.024,-1.791,-427.869,0.0664,-0.0264,1.0103,
15.710,ENC,294.8839,0.0000,147.4420,0.0000,0.0000,-844.780,-4.024,-1.791,-427.869,0.0664,-0.0264,1.0103,
15.717,IMU,294.8839,0.0000,147.4420,0.0000,0.0000,-844.780,-4.006,-1.779,-427.849,0.0615,-0.0225,0.9951,
15.728,ENC,294.8839,0.0000,147.4420,0.0000,0.0000,-844.780,-4.006,-1.779,-427.849,0.0615,-0.0225,0.9951,
15.736,IMU,294.8839,0.0000,147.4420,0.0000,0.0000,-844.780,-3.973,-1.763,-427.823,0.0693,-0.0312,1.0088,
15.749,ENC,294.8839,0.0000,147.4420,0.0000,0.0000,-844.780,-3.973,-1.763,-427.823,0.0693,-0.0312,1.0088,
15.757,IMU,294.8839,0.0000,147.4420,0.0000,0.0000,-844.780,-3.999,-1.771,-427.819,0.0669,-0.0298,1.0000,
15.772,ENC,294.8839,0.0000,147.4420,0.0000,0.0000,-844.780,-3.999,-1.771,-427.819,0.0669,-0.0298,1.0000,
15.776,IMU,294.8839,0.0000,147.4420,0.0000,0.0000,-844.780,-4.059,-1.777,-427.826,0.0737,-0.0322,0.9961,
15.789,ENC,294.8839,0.0000,147.4420,0.0000,0.0000,-844.780,-4.059,-1.777,-427.826,0.0737,-0.0322,0.9961,
15.797,IMU,294.8839,0.0000,147.4420,0.0000,0.0000,-844.780,-4.062,-1.782,-427.797,0.0732,-0.0259,0.9937,
15.811,ENC,294.8839,0.0000,147.4420,0.0000,0.0000,-844.780,-4.062,-1.782,-427.797,0.0732,-0.0259,0.9937,
15.818,IMU,294.8839,0.0000,147.4420,0.0000,0.0000,-844.780,-4.049,-1.827,-427.847,0.0845,-0.0342,1.0000,
15.828,ENC,294.8839,0.0000,147.4420,0.0000,0.0000,-844.780,-4.049,-1.827,-427.847,0.0845,-0.0342,1.0000,
15.837,IMU,294.8839,0.0000,147.4420,0.0000,0.0000,-844.780,-4.030,-1.840,-427.856,0.0674,-0.0317,1.0000,
15.849,ENC,294.8822,0.0000,147.4411,-0.0852,0.0000,-844.775,-4.030,-1.840,-427.856,0.0674,-0.0317,1.0000,
15.857,IMU,294.8822,0.0000,147.4411,-0.0852,0.0000,-844.775,-4.019,-1.824,-427.878,0.0635,-0.0225,0.9980,
15.870,ENC,294.8839,0.0000,147.4420,0.0852,0.0000,-844.780,-4.019,-1.824,-427.878,0.0635,-0.0225,0.9980,
15.881,IMU,294.8839,0.0000,147.4420,0.0852,0.0000,-844.780,-4.025,-1.828,-427.892,0.0732,-0.0298,1.0068,
15.891,ENC,294.8839,0.0000,147.4420,0.0000,0.0000,-844.780,-4.025,-1.828,-427.892,0.0732,-0.0298,1.0068,
15.899,IMU,294.8839,0.0000,147.4420,0.0000,0.0000,-844.780,-4.020,-1.835,-427.916,0.0640,-0.0303,1.0098,
15.910,ENC,294.8839,0.0000,147.4420,0.0000,0.0000,-844.780,-4.020,-1.835,-427.916,0.0640,-0.0303,1.0098,
15.918,IMU,294.8839,0.0000,147.4420,0.0000,0.0000,-844.780,-4.039,-1.876,-427.929,0.0781,-0.0303,0.9941,
15.929,ENC,294.8839,0.0000,147.4420,0.0000,0.0000,-844.780,-4.039,-1.876,-427.929,0.0781,-0.0303,0.9941,
15.936,IMU,294.8839,0.0000,147.4420,0.0000,0.0000,-844.780,-4.051,-1.861,-427.928,0.0684,-0.0278,1.0039,
15.949,ENC,294.8839,0.0000,147.4420,0.0000,0.0000,-844.780,-4.051,-1.861,-427.928,0.0684,-0.0278,1.0039,
15.957,IMU,294.8839,0.0000,147.4420,0.0000,0.0000,-844.780,-4.061,-1.896,-427.972,0.0679,-0.0317,1.0024,
15.968,ENC,294.8822,0.0000,147.4411,-0.0852,0.0000,-844.775,-4.061,-1.896,-427.972,0.0679,-0.0317,1.0024,
15.976,IMU,294.8822,0.0000,147.4411,-0.0852,0.0000,-844.775,-4.075,-1.925,-427.963,0.0791,-0.0273,0.9922,
15.989,ENC,294.8839,0.0000,147.4420,0.0852,0.0000,-844.780,-4.075,-1.925,-427.963,0.0791,-0.0273,0.9922,
15.996,IMU,294.8839,0.0000,147.4420,0.0852,0.0000,-844.780,-4.060,-1.925,-427.932,0.0688,-0.0303,0.9995,
16.009,ENC,294.8839,0.0000,147.4420,0.0000,0.0000,-844.780,-4.060,-1.925,-427.932,0.0688,-0.0303,0.9995,
16.032,ENC,294.8839,0.0000,147.4420,0.0000,0.0000,-844.780,-4.060,-1.925,-427.932,0.0688,-0.0303,0.9995,
16.036,IMU,294.8839,0.0000,147.4420,0.0000,0.0000,-844.780,-4.065,-1.943,-427.911,0.0640,-0.0381,0.9966,
16.050,ENC,294.8839,0.0000,147.4420,0.0000,0.0000,-844.780,-4.065,-1.943,-427.911,0.0640,-0.0381,0.9966,
16.057,IMU,294.8839,0.0000,147.4420,0.0000,0.0000,-844.780,-4.046,-1.927,-427.891,0.0732,-0.0127,0.9858,
16.069,ENC,294.8822,0.0000,147.4411,-0.0852,0.0000,-844.775,-4.046,-1.927,-427.891,0.0732,-0.0127,0.9858,
16.077,IMU,294.8822,0.0000,147.4411,-0.0852,0.0000,-844.775,-4.035,-1.955,-427.902,0.0664,-0.0317,0.9912,
16.092,ENC,294.8839,0.0000,147.4420,0.0852,0.0000,-844.780,-4.035,-1.955,-427.902,0.0664,-0.0317,0.9912,
16.097,IMU,294.8839,0.0000,147.4420,0.0852,0.0000,-844.780,-4.052,-1.927,-427.891,0.0679,-0.0151,0.9873,
16.109,ENC,294.8839,0.0000,147.4420,0.0000,0.0000,-844.780,-4.052,-1.927,-427.891,0.0679,-0.0151,0.9873,
16.117,IMU,294.8839,0.0000,147.4420,0.0000,0.0000,-844.780,-4.063,-1.889,-427.902,0.0703,-0.0322,1.0015,
16.130,ENC,294.8839,0.0000,147.4420,0.0000,0.0000,-844.780,-4.063,-1.889,-427.902,0.0703,-0.0322,1.0015,
16.143,IMU,294.8839,0.0000,147.4420,0.0000,0.0000,-844.780,-4.076,-1.855,-427.933,0.0669,-0.0225,1.0029,
16.153,ENC,294.8839,0.0000,147.4420,0.0000,0.0000,-844.780,-4.076,-1.855,-427.933,0.0669,-0.0225,1.0029,
16.169,ENC,294.8839,0.0000,147.4420,0.0000,0.0000,-844.780,-4.076,-1.855,-427.933,0.0669,-0.0225,1.0029,
16.178,IMU,294.8839,0.0000,147.4420,0.0000,0.0000,-844.780,-3.984,-1.872,-428.017,0.0796,-0.0195,0.9980,
16.191,ENC,294.8839,0.0000,147.4420,0.0000,0.0000,-844.780,-3.984,-1.872,-428.017,0.0796,-0.0195,0.9980,
16.197,IMU,294.8839,0.0000,147.4420,0.0000,0.0000,-844.780,-4.004,-1.839,-428.022,0.0669,-0.0269,0.9912,
16.209,ENC,294.8839,0.0000,147.4420,0.0000,0.0000,-844.780,-4.004,-1.839,-428.022,0.0669,-0.0269,0.9912,
16.217,IMU,294.8839,0.0000,147.4420,0.0000,0.0000,-844.780,-4.035,-1.838,-428.007,0.0654,-0.0317,0.9932,
16.232,ENC,294.8839,0.0000,147.4420,0.0000,0.0000,-844.780,-4.035,-1.838,-428.007,0.0654,-0.0317,0.9932,
16.239,IMU,294.8839,0.0000,147.4420,0.0000,0.0000,-844.780,-4.080,-1.784,-428.002,0.0708,-0.0127,0.9971,
16.252,ENC,294.8839,0.0000,147.4420,0.0000,0.0000,-844.780,-4.080,-1.784,-428.002,0.0708,-0.0127,0.9971,
16.258,IMU,294.8839,0.0000,147.4420,0.0000,0.0000,-844.780,-4.082,-1.746,-428.053,0.0742,-0.0239,1.0093,
16.268,ENC,294.8839,0.0000,147.4420,0.0000,0.0000,-844.780,-4.082,-1.746,-428.053,0.0742,-0.0239,1.0093,
16.278,IMU,294.8839,0.0000,147.4420,0.0000,0.0000,-844.780,-4.090,-1.742,-428.044,0.0659,-0.0278,1.0005,
16.290,ENC,294.8839,0.0000,147.4420,0.0000,0.0000,-844.780,-4.090,-1.742,-428.044,0.0659,-0.0278,1.0005,
16.297,IMU,294.8839,0.0000,147.4420,0.0000,0.0000,-844.780,-4.103,-1.748,-428.073,0.0952,-0.0337,0.9785,
16.309,ENC,294.8908,0.0000,147.4454,0.3409,0.0000,-844.800,-4.103,-1.748,-428.073,0.0952,-0.0337,0.9785,
